batter_id,batter_name,team_id,team_name,batSide,primaryPosition,season,plateAppearances,atBats,hits,doubles,triples,homeRuns,baseOnBalls,intentionalWalks,strikeOuts,hitByPitch,sacFlies,sacBunts,totalBases,rbi,groundIntoDoublePlay,avg,obp,slg,ops,babip,atBatsPerHomeRun,numberOfPitches,groundOuts,airOuts,plateAppearances_prev,atBats_prev,hits_prev,doubles_prev,triples_prev,homeRuns_prev,baseOnBalls_prev,intentionalWalks_prev,strikeOuts_prev,hitByPitch_prev,sacFlies_prev,sacBunts_prev,totalBases_prev,rbi_prev,groundIntoDoublePlay_prev,avg_prev,obp_prev,slg_prev,ops_prev,babip_prev,atBatsPerHomeRun_prev,numberOfPitches_prev,groundOuts_prev,airOuts_prev,season_prev
669699,Braden Shewmake,158,Milwaukee Brewers,,SS,2026,85.0,80.0,20.0,4.0,0.0,3.0,2.0,0.0,15.0,0.0,1.0,2.0,33.0,9.0,2.0,.250,.265,.413,.678,.270,26.67,282.0,25.0,23.0,,,,,,,,,,,,,,,,,,,,,,,,,2025
663556,Shane McClanahan,139,Tampa Bay Rays,,P,2026,,,,,,,,,,,,,,,,,,,,,,,,,,,,,,,,,,,,,,,,,,,,,,,,,2025
663554,Casey Mize,116,Detroit Tigers,,P,2026,,,,,,,,,,,,,,,,,,,,,,,,,,,,,,,,,,,,,,,,,,,,,,,,,2025
624641,Edmundo Sosa,143,Philadelphia Phillies,,2B,2026,162.0,147.0,32.0,5.0,1.0,5.0,5.0,0.0,33.0,4.0,3.0,1.0,54.0,25.0,3.0,.218,.258,.367,.625,.241,29.40,594.0,45.0,41.0,261.0,243.0,67.0,12.0,1.0,11.0,10.0,0.0,56.0,2.0,2.0,3.0,114.0,39.0,7.0,.276,.307,.469,.776,.315,22.09,942.0,67.0,58.0,2025
808963,Roki Sasaki,119,Los Angeles Dodgers,,P,2026,,,,,,,,,,,,,,,,,,,,,,,,,,,,,,,,,,,,,,,,,,,,,,,,,2025
663558,Jovani Morán,111,Boston Red Sox,,P,2026,,,,,,,,,,,,,,,,,,,,,,,,,,,,,,,,,,,,,,,,,,,,,,,,,2025
675848,Juan Mejia,115,Colorado Rockies,,P,2026,,,,,,,,,,,,,,,,,,,,,,,,,0.0,0.0,0.0,0.0,0.0,0.0,0.0,0.0,0.0,0.0,0.0,0.0,0.0,0.0,0.0,.000,.000,.000,.000,.---,-.--,0.0,0.0,0.0,2025
808967,Yoshinobu Yamamoto,119,Los Angeles Dodgers,,P,2026,,,,,,,,,,,,,,,,,,,,,,,,,,,,,,,,,,,,,,,,,,,,,,,,,2025
808970,Woo-Suk Go,142,Minnesota Twins,,P,2026,,,,,,,,,,,,,,,,,,,,,,,,,,,,,,,,,,,,,,,,,,,,,,,,,2025
702474,Mike Paredes,142,Minnesota Twins,,P,2026,,,,,,,,,,,,,,,,,,,,,,,,,,,,,,,,,,,,,,,,,,,,,,,,,2025
595978,Austin Hedges,114,Cleveland Guardians,,C,2026,145.0,128.0,37.0,7.0,0.0,3.0,11.0,0.0,25.0,1.0,1.0,4.0,53.0,14.0,3.0,.289,.348,.414,.762,.337,42.67,552.0,41.0,30.0,180.0,155.0,25.0,3.0,0.0,5.0,18.0,0.0,43.0,1.0,2.0,4.0,43.0,10.0,2.0,.161,.250,.277,.527,.183,31.00,696.0,35.0,58.0,2025
669707,Jared Triolo,134,Pittsburgh Pirates,,SS,2026,215.0,193.0,45.0,11.0,0.0,1.0,16.0,0.0,48.0,3.0,0.0,1.0,59.0,16.0,6.0,.233,.302,.306,.608,.306,193.00,814.0,62.0,39.0,376.0,331.0,75.0,18.0,2.0,7.0,39.0,1.0,76.0,2.0,1.0,3.0,118.0,24.0,4.0,.227,.311,.356,.667,.273,47.29,1454.0,81.0,103.0,2025
663567,Peter Lambert,117,Houston Astros,,P,2026,,,,,,,,,,,,,,,,,,,,,,,,,,,,,,,,,,,,,,,,,,,,,,,,,2025
622608,Antonio Senzatela,115,Colorado Rockies,,P,2026,0.0,0.0,0.0,0.0,0.0,0.0,0.0,0.0,0.0,0.0,0.0,0.0,0.0,0.0,0.0,.000,.000,.000,.000,.---,-.--,0.0,0.0,0.0,,,,,,,,,,,,,,,,,,,,,,,,,2025
669711,Greg Weissert,111,Boston Red Sox,,P,2026,,,,,,,,,,,,,,,,,,,,,,,,,,,,,,,,,,,,,,,,,,,,,,,,,2025
808982,Jung Hoo Lee,137,San Francisco Giants,,RF,2026,356.0,335.0,103.0,21.0,3.0,5.0,14.0,0.0,34.0,4.0,3.0,0.0,145.0,33.0,5.0,.307,.340,.433,.773,.328,67.00,1307.0,103.0,98.0,617.0,560.0,149.0,31.0,12.0,8.0,47.0,0.0,71.0,6.0,4.0,0.0,228.0,55.0,2.0,.266,.327,.407,.734,.291,70.00,2351.0,182.0,162.0,2025
665622,Luis Medina,133,Athletics,,P,2026,,,,,,,,,,,,,,,,,,,,,,,,,,,,,,,,,,,,,,,,,,,,,,,,,2025
669724,Brenan Hanifee,116,Detroit Tigers,,P,2026,,,,,,,,,,,,,,,,,,,,,,,,,,,,,,,,,,,,,,,,,,,,,,,,,2025
694297,Brandon Pfaadt,109,Arizona Diamondbacks,,P,2026,,,,,,,,,,,,,,,,,,,,,,,,,,,,,,,,,,,,,,,,,,,,,,,,,2025
663586,Austin Riley,144,Atlanta Braves,,3B,2026,390.0,348.0,73.0,13.0,1.0,10.0,32.0,0.0,113.0,8.0,2.0,0.0,118.0,43.0,7.0,.210,.290,.339,.629,.278,34.80,1583.0,64.0,100.0,447.0,416.0,108.0,20.0,1.0,16.0,27.0,1.0,128.0,3.0,1.0,0.0,178.0,54.0,9.0,.260,.309,.428,.737,.337,26.00,1791.0,69.0,112.0,2025
593958,Eduardo Rodriguez,109,Arizona Diamondbacks,,P,2026,,,,,,,,,,,,,,,,,,,,,,,,,,,,,,,,,,,,,,,,,,,,,,,,,2025
669743,Alex Call,119,Los Angeles Dodgers,,LF,2026,134.0,112.0,28.0,5.0,0.0,1.0,17.0,0.0,21.0,3.0,2.0,0.0,36.0,16.0,2.0,.250,.358,.321,.679,.293,112.00,591.0,31.0,34.0,322.0,270.0,72.0,13.0,2.0,5.0,36.0,0.0,55.0,6.0,4.0,6.0,104.0,31.0,6.0,.267,.361,.385,.746,.313,54.00,1314.0,80.0,73.0,2025
596019,Francisco Lindor,121,New York Mets,,SS,2026,175.0,157.0,33.0,3.0,3.0,5.0,16.0,0.0,27.0,2.0,0.0,0.0,57.0,12.0,2.0,.210,.291,.363,.654,.224,31.40,744.0,45.0,52.0,732.0,644.0,172.0,35.0,0.0,31.0,65.0,2.0,131.0,16.0,7.0,0.0,300.0,86.0,9.0,.267,.346,.466,.812,.288,20.77,2940.0,149.0,199.0,2025
677944,Slade Cecconi,114,Cleveland Guardians,,P,2026,,,,,,,,,,,,,,,,,,,,,,,,,,,,,,,,,,,,,,,,,,,,,,,,,2025
571448,Nolan Arenado,109,Arizona Diamondbacks,,3B,2026,351.0,312.0,75.0,17.0,0.0,12.0,30.0,2.0,76.0,6.0,3.0,0.0,128.0,40.0,7.0,.240,.316,.410,.726,.278,26.00,1410.0,71.0,93.0,436.0,401.0,95.0,18.0,1.0,12.0,28.0,4.0,49.0,3.0,4.0,0.0,151.0,52.0,10.0,.237,.289,.377,.666,.241,33.42,1586.0,101.0,160.0,2025
665660,Elvis Alvarado,133,Athletics,,P,2026,,,,,,,,,,,,,,,,,,,,,,,,,0.0,0.0,0.0,0.0,0.0,0.0,0.0,0.0,0.0,0.0,0.0,0.0,0.0,0.0,0.0,.000,.000,.000,.000,.---,-.--,0.0,0.0,0.0,2025
677952,Braxton Ashcraft,134,Pittsburgh Pirates,,P,2026,,,,,,,,,,,,,,,,,,,,,,,,,,,,,,,,,,,,,,,,,,,,,,,,,2025
694335,Matt Svanson,138,St. Louis Cardinals,,P,2026,,,,,,,,,,,,,,,,,,,,,,,,,,,,,,,,,,,,,,,,,,,,,,,,,2025
663616,Trevor Larnach,142,Minnesota Twins,,LF,2026,295.0,256.0,74.0,18.0,1.0,7.0,35.0,1.0,51.0,3.0,0.0,1.0,115.0,33.0,7.0,.289,.381,.449,.830,.338,36.57,1171.0,52.0,80.0,567.0,503.0,126.0,24.0,1.0,17.0,53.0,2.0,122.0,4.0,6.0,0.0,203.0,60.0,19.0,.250,.323,.404,.727,.295,29.59,2191.0,124.0,137.0,2025
677951,Bobby Witt Jr.,118,Kansas City Royals,,SS,2026,408.0,364.0,103.0,22.0,1.0,13.0,40.0,4.0,71.0,1.0,3.0,0.0,166.0,39.0,6.0,.283,.353,.456,.809,.318,28.00,1500.0,70.0,123.0,687.0,623.0,184.0,47.0,6.0,23.0,49.0,8.0,125.0,8.0,7.0,0.0,312.0,88.0,7.0,.295,.351,.501,.852,.334,27.09,2511.0,124.0,197.0,2025
608324,Alex Bregman,112,Chicago Cubs,,3B,2026,435.0,373.0,89.0,15.0,1.0,9.0,50.0,2.0,68.0,7.0,5.0,0.0,133.0,41.0,10.0,.239,.336,.357,.693,.266,41.44,1725.0,88.0,133.0,495.0,433.0,118.0,28.0,0.0,18.0,51.0,3.0,70.0,9.0,2.0,0.0,200.0,62.0,12.0,.273,.360,.462,.822,.288,24.06,1947.0,101.0,146.0,2025
677956,Rece Hinds,146,Miami Marlins,,RF,2026,38.0,35.0,4.0,3.0,0.0,0.0,1.0,0.0,19.0,1.0,1.0,0.0,7.0,5.0,0.0,.114,.158,.200,.358,.235,-.--,155.0,6.0,7.0,44.0,43.0,5.0,1.0,0.0,2.0,1.0,0.0,21.0,0.0,0.0,0.0,12.0,3.0,1.0,.116,.136,.279,.415,.150,21.50,171.0,13.0,4.0,2025
677958,Kumar Rocker,140,Texas Rangers,,P,2026,,,,,,,,,,,,,,,,,,,,,,,,,,,,,,,,,,,,,,,,,,,,,,,,,2025
682052,Jacob Lopez,133,Athletics,,P,2026,,,,,,,,,,,,,,,,,,,,,,,,,,,,,,,,,,,,,,,,,,,,,,,,,2025
677960,Ryan Weathers,147,New York Yankees,,P,2026,,,,,,,,,,,,,,,,,,,,,,,,,,,,,,,,,,,,,,,,,,,,,,,,,2025
677961,Cole Wilcox,136,Seattle Mariners,,P,2026,,,,,,,,,,,,,,,,,,,,,,,,,,,,,,,,,,,,,,,,,,,,,,,,,2025
677976,Randy Dobnak,118,Kansas City Royals,,P,2026,,,,,,,,,,,,,,,,,,,,,,,,,,,,,,,,,,,,,,,,,,,,,,,,,2025
694360,Beck Way,118,Kansas City Royals,,P,2026,,,,,,,,,,,,,,,,,,,,,,,,,,,,,,,,,,,,,,,,,,,,,,,,,2025
694361,Will Klein,119,Los Angeles Dodgers,,P,2026,,,,,,,,,,,,,,,,,,,,,,,,,,,,,,,,,,,,,,,,,,,,,,,,,2025
608348,Carson Kelly,112,Chicago Cubs,,C,2026,255.0,224.0,60.0,10.0,0.0,6.0,28.0,0.0,43.0,3.0,0.0,0.0,88.0,32.0,5.0,.268,.357,.393,.750,.309,37.33,1000.0,60.0,61.0,421.0,369.0,92.0,13.0,1.0,17.0,45.0,0.0,80.0,3.0,4.0,0.0,158.0,50.0,11.0,.249,.333,.428,.761,.272,21.71,1667.0,88.0,113.0,2025
663647,Ke'Bryan Hayes,113,Cincinnati Reds,,3B,2026,139.0,130.0,18.0,2.0,1.0,2.0,8.0,0.0,22.0,1.0,0.0,0.0,28.0,5.0,5.0,.138,.194,.215,.409,.151,65.00,457.0,37.0,53.0,570.0,527.0,124.0,16.0,3.0,5.0,36.0,1.0,111.0,5.0,1.0,1.0,161.0,49.0,12.0,.235,.290,.306,.596,.289,105.40,2154.0,154.0,140.0,2025
663656,Kyle Tucker,119,Los Angeles Dodgers,,RF,2026,385.0,332.0,81.0,18.0,2.0,7.0,48.0,0.0,76.0,2.0,3.0,0.0,124.0,47.0,2.0,.244,.340,.373,.713,.294,47.43,1518.0,77.0,101.0,597.0,500.0,133.0,25.0,4.0,22.0,87.0,7.0,88.0,4.0,3.0,1.0,232.0,73.0,8.0,.266,.377,.464,.841,.282,22.73,2306.0,114.0,169.0,2025
702566,Owen Murphy,144,Atlanta Braves,,P,2026,0.0,0.0,0.0,0.0,0.0,0.0,0.0,0.0,0.0,0.0,0.0,0.0,0.0,0.0,0.0,.000,.000,.000,.000,.---,-.--,0.0,0.0,0.0,,,,,,,,,,,,,,,,,,,,,,,,,2025
694378,Jacob Gonzalez,134,Pittsburgh Pirates,,1B,2026,98.0,87.0,21.0,4.0,0.0,2.0,8.0,0.0,22.0,2.0,0.0,1.0,31.0,17.0,0.0,.241,.320,.356,.676,.302,43.50,398.0,19.0,26.0,,,,,,,,,,,,,,,,,,,,,,,,,2025
694374,Tim Tawa,109,Arizona Diamondbacks,,LF,2026,103.0,88.0,20.0,6.0,0.0,4.0,10.0,0.0,22.0,0.0,1.0,4.0,38.0,16.0,2.0,.227,.303,.432,.735,.254,22.00,422.0,33.0,18.0,225.0,199.0,40.0,8.0,0.0,7.0,20.0,0.0,64.0,1.0,3.0,2.0,69.0,18.0,6.0,.201,.274,.347,.621,.252,28.43,876.0,54.0,46.0,2025
594027,Tyron Guerrero,111,Boston Red Sox,,P,2026,,,,,,,,,,,,,,,,,,,,,,,,,,,,,,,,,,,,,,,,,,,,,,,,,2025
657514,Brennan Bernardino,115,Colorado Rockies,,P,2026,,,,,,,,,,,,,,,,,,,,,,,,,0.0,0.0,0.0,0.0,0.0,0.0,0.0,0.0,0.0,0.0,0.0,0.0,0.0,0.0,0.0,.000,.000,.000,.000,.---,-.--,0.0,0.0,0.0,2025
667755,José Soriano,108,Los Angeles Angels,,P,2026,,,,,,,,,,,,,,,,,,,,,,,,,,,,,,,,,,,,,,,,,,,,,,,,,2025
694384,Nolan Schanuel,108,Los Angeles Angels,,1B,2026,324.0,289.0,79.0,17.0,0.0,6.0,28.0,0.0,49.0,5.0,2.0,0.0,114.0,35.0,10.0,.273,.346,.394,.740,.309,48.17,1241.0,92.0,71.0,564.0,488.0,129.0,23.0,1.0,12.0,59.0,4.0,71.0,10.0,4.0,3.0,190.0,53.0,10.0,.264,.353,.389,.742,.286,40.67,2150.0,139.0,156.0,2025
675961,Alika Williams,133,Athletics,,SS,2026,89.0,85.0,22.0,7.0,0.0,2.0,3.0,0.0,27.0,0.0,0.0,1.0,35.0,8.0,2.0,.259,.284,.412,.696,.357,42.50,352.0,20.0,17.0,,,,,,,,,,,,,,,,,,,,,,,,,2025
608372,Tomoyuki Sugano,115,Colorado Rockies,,P,2026,,,,,,,,,,,,,,,,,,,,,,,,,,,,,,,,,,,,,,,,,,,,,,,,,2025
571510,Matthew Boyd,112,Chicago Cubs,,P,2026,,,,,,,,,,,,,,,,,,,,,,,,,,,,,,,,,,,,,,,,,,,,,,,,,2025
608379,Michael Wacha,118,Kansas City Royals,,P,2026,,,,,,,,,,,,,,,,,,,,,,,,,,,,,,,,,,,,,,,,,,,,,,,,,2025
663687,Hogan Harris,133,Athletics,,P,2026,,,,,,,,,,,,,,,,,,,,,,,,,,,,,,,,,,,,,,,,,,,,,,,,,2025
678011,Anthony Seigler,111,Boston Red Sox,,2B,2026,94.0,82.0,22.0,7.0,0.0,2.0,9.0,0.0,15.0,1.0,1.0,1.0,35.0,7.0,1.0,.268,.344,.427,.771,.303,41.00,342.0,23.0,24.0,73.0,62.0,12.0,1.0,0.0,0.0,8.0,0.0,16.0,1.0,1.0,1.0,13.0,5.0,2.0,.194,.292,.210,.502,.255,-.--,276.0,19.0,17.0,2025
678022,Jack Perkins,133,Athletics,,P,2026,0.0,0.0,0.0,0.0,0.0,0.0,0.0,0.0,0.0,0.0,0.0,0.0,0.0,0.0,0.0,.000,.000,.000,.000,.---,-.--,0.0,0.0,0.0,,,,,,,,,,,,,,,,,,,,,,,,,2025
647304,Josh Naylor,136,Seattle Mariners,,1B,2026,392.0,356.0,90.0,12.0,0.0,8.0,30.0,2.0,49.0,4.0,1.0,0.0,126.0,36.0,14.0,.253,.317,.354,.671,.273,44.50,1281.0,108.0,110.0,604.0,543.0,160.0,29.0,1.0,20.0,48.0,4.0,83.0,4.0,5.0,0.0,251.0,92.0,17.0,.295,.353,.462,.815,.315,27.15,2013.0,158.0,147.0,2025
686217,Sal Frelick,158,Milwaukee Brewers,,RF,2026,313.0,276.0,65.0,14.0,0.0,4.0,25.0,1.0,31.0,2.0,3.0,1.0,91.0,34.0,4.0,.236,.301,.330,.631,.250,69.00,1195.0,101.0,83.0,594.0,528.0,152.0,20.0,3.0,12.0,47.0,0.0,80.0,7.0,5.0,3.0,214.0,63.0,4.0,.288,.351,.405,.756,.317,44.00,2311.0,153.0,151.0,2025
686218,Emmet Sheehan,119,Los Angeles Dodgers,,P,2026,,,,,,,,,,,,,,,,,,,,,,,,,,,,,,,,,,,,,,,,,,,,,,,,,2025
665742,Juan Soto,121,New York Mets,,LF,2026,338.0,277.0,81.0,8.0,2.0,21.0,58.0,9.0,43.0,0.0,2.0,0.0,156.0,51.0,3.0,.292,.412,.563,.975,.279,13.19,1343.0,72.0,83.0,715.0,577.0,152.0,20.0,1.0,43.0,127.0,13.0,137.0,3.0,6.0,1.0,303.0,105.0,17.0,.263,.396,.525,.921,.270,13.42,2968.0,156.0,139.0,2025
645261,Sandy Alcantara,146,Miami Marlins,,P,2026,,,,,,,,,,,,,,,,,,,,,,,,,,,,,,,,,,,,,,,,,,,,,,,,,2025
663698,Joey Bart,144,Atlanta Braves,,C,2026,97.0,89.0,19.0,2.0,0.0,4.0,3.0,0.0,27.0,4.0,1.0,0.0,33.0,12.0,0.0,.213,.268,.371,.639,.254,22.25,374.0,20.0,24.0,332.0,285.0,71.0,12.0,1.0,4.0,40.0,0.0,93.0,7.0,0.0,0.0,97.0,30.0,14.0,.249,.355,.340,.695,.356,71.25,1345.0,72.0,49.0,2025
596117,Garrett Stubbs,143,Philadelphia Phillies,,C,2026,32.0,28.0,5.0,0.0,0.0,0.0,1.0,0.0,6.0,2.0,1.0,0.0,5.0,2.0,0.0,.179,.250,.179,.429,.217,-.--,114.0,10.0,8.0,1.0,1.0,0.0,0.0,0.0,0.0,0.0,0.0,0.0,0.0,0.0,0.0,0.0,0.0,0.0,.000,.000,.000,.000,.000,-.--,4.0,1.0,0.0,2025
665750,Leody Taveras,110,Baltimore Orioles,,CF,2026,291.0,254.0,60.0,10.0,5.0,4.0,28.0,0.0,72.0,1.0,1.0,7.0,92.0,34.0,5.0,.236,.313,.362,.675,.313,63.50,1157.0,58.0,72.0,180.0,171.0,35.0,6.0,1.0,3.0,5.0,0.0,50.0,0.0,1.0,3.0,52.0,17.0,0.0,.205,.226,.304,.530,.269,57.00,693.0,33.0,57.0,2025
643217,Andrew Benintendi,145,Chicago White Sox,,DH,2026,290.0,262.0,64.0,14.0,2.0,10.0,24.0,1.0,70.0,0.0,3.0,1.0,112.0,46.0,4.0,.244,.304,.427,.731,.292,26.20,1101.0,61.0,71.0,470.0,420.0,101.0,16.0,2.0,20.0,40.0,2.0,82.0,3.0,6.0,0.0,181.0,63.0,5.0,.240,.307,.431,.738,.250,21.00,1721.0,88.0,155.0,2025
702616,Jackson Holliday,110,Baltimore Orioles,,2B,2026,144.0,121.0,26.0,3.0,1.0,5.0,21.0,0.0,38.0,0.0,2.0,0.0,46.0,15.0,1.0,.215,.326,.380,.706,.263,24.20,572.0,27.0,32.0,649.0,586.0,142.0,21.0,3.0,17.0,56.0,1.0,140.0,6.0,1.0,0.0,220.0,55.0,4.0,.242,.314,.375,.689,.291,34.47,2450.0,167.0,138.0,2025
657571,Caleb Ferguson,113,Cincinnati Reds,,P,2026,,,,,,,,,,,,,,,,,,,,,,,,,,,,,,,,,,,,,,,,,,,,,,,,,2025
596133,Luke Weaver,121,New York Mets,,P,2026,0.0,0.0,0.0,0.0,0.0,0.0,0.0,0.0,0.0,0.0,0.0,0.0,0.0,0.0,0.0,.000,.000,.000,.000,.---,-.--,0.0,0.0,0.0,,,,,,,,,,,,,,,,,,,,,,,,,2025
645277,Ozzie Albies,144,Atlanta Braves,,2B,2026,415.0,371.0,100.0,21.0,0.0,14.0,29.0,1.0,56.0,5.0,10.0,0.0,163.0,52.0,3.0,.270,.323,.439,.762,.277,26.50,1485.0,92.0,133.0,667.0,603.0,145.0,23.0,2.0,16.0,55.0,2.0,94.0,4.0,5.0,0.0,220.0,74.0,9.0,.240,.306,.365,.671,.259,37.69,2402.0,146.0,223.0,2025
542888,Shawn Armstrong,114,Cleveland Guardians,,P,2026,,,,,,,,,,,,,,,,,,,,,,,,,0.0,0.0,0.0,0.0,0.0,0.0,0.0,0.0,0.0,0.0,0.0,0.0,0.0,0.0,0.0,.000,.000,.000,.000,.---,-.--,0.0,0.0,0.0,2025
688297,Chris Roycroft,139,Tampa Bay Rays,,P,2026,,,,,,,,,,,,,,,,,,,,,,,,,,,,,,,,,,,,,,,,,,,,,,,,,2025
673962,Josh Jung,140,Texas Rangers,,3B,2026,380.0,340.0,100.0,23.0,1.0,9.0,32.0,0.0,70.0,6.0,2.0,0.0,152.0,34.0,14.0,.294,.363,.447,.810,.346,37.78,1408.0,85.0,87.0,511.0,482.0,121.0,23.0,1.0,14.0,27.0,0.0,129.0,2.0,0.0,0.0,188.0,61.0,10.0,.251,.294,.390,.684,.316,34.43,1931.0,108.0,124.0,2025
622761,Jorge Mateo,144,Atlanta Braves,,SS,2026,135.0,127.0,31.0,6.0,0.0,4.0,8.0,0.0,41.0,0.0,0.0,0.0,49.0,11.0,2.0,.244,.289,.386,.675,.329,31.75,524.0,23.0,32.0,83.0,79.0,14.0,4.0,0.0,1.0,4.0,0.0,30.0,0.0,0.0,0.0,21.0,3.0,1.0,.177,.217,.266,.483,.271,79.00,336.0,17.0,18.0,2025
663728,Cal Raleigh,136,Seattle Mariners,,C,2026,284.0,245.0,41.0,7.0,0.0,9.0,36.0,0.0,91.0,0.0,3.0,0.0,75.0,29.0,4.0,.167,.271,.306,.577,.216,27.22,1251.0,35.0,81.0,705.0,596.0,147.0,24.0,0.0,60.0,97.0,17.0,188.0,9.0,3.0,0.0,351.0,125.0,6.0,.247,.359,.589,.948,.248,9.93,2833.0,79.0,185.0,2025
596142,Gary Sánchez,158,Milwaukee Brewers,,C,2026,178.0,141.0,31.0,5.0,1.0,8.0,34.0,0.0,31.0,2.0,1.0,0.0,62.0,25.0,6.0,.220,.376,.440,.816,.223,17.62,752.0,35.0,45.0,101.0,91.0,21.0,2.0,0.0,5.0,4.0,0.0,27.0,5.0,1.0,0.0,38.0,24.0,2.0,.231,.297,.418,.715,.267,18.20,415.0,21.0,23.0,2025
671922,Cade Smith,114,Cleveland Guardians,,P,2026,0.0,0.0,0.0,0.0,0.0,0.0,0.0,0.0,0.0,0.0,0.0,0.0,0.0,0.0,0.0,.000,.000,.000,.000,.---,-.--,0.0,0.0,0.0,,,,,,,,,,,,,,,,,,,,,,,,,2025
596146,Max Kepler,109,Arizona Diamondbacks,,LF,2026,42.0,39.0,8.0,2.0,0.0,1.0,1.0,0.0,11.0,0.0,2.0,0.0,13.0,8.0,0.0,.205,.214,.333,.547,.241,39.00,147.0,5.0,17.0,474.0,417.0,90.0,19.0,0.0,18.0,48.0,3.0,93.0,4.0,4.0,1.0,163.0,52.0,10.0,.216,.300,.391,.691,.232,23.17,1826.0,95.0,144.0,2025
571578,Patrick Corbin,141,Toronto Blue Jays,,P,2026,,,,,,,,,,,,,,,,,,,,,,,,,,,,,,,,,,,,,,,,,,,,,,,,,2025
645302,Victor Robles,136,Seattle Mariners,,RF,2026,109.0,100.0,21.0,3.0,0.0,0.0,5.0,0.0,19.0,2.0,1.0,1.0,24.0,5.0,4.0,.210,.259,.240,.499,.256,-.--,388.0,26.0,36.0,114.0,106.0,26.0,4.0,1.0,1.0,3.0,0.0,26.0,3.0,2.0,0.0,35.0,9.0,3.0,.245,.281,.330,.611,.309,106.00,375.0,29.0,27.0,2025
645305,Ali Sánchez,147,New York Yankees,,C,2026,35.0,32.0,8.0,2.0,0.0,0.0,1.0,0.0,9.0,1.0,1.0,0.0,10.0,4.0,1.0,.250,.286,.313,.599,.333,-.--,125.0,8.0,8.0,23.0,23.0,5.0,2.0,0.0,0.0,0.0,0.0,6.0,0.0,0.0,0.0,7.0,0.0,1.0,.217,.217,.304,.521,.294,-.--,80.0,6.0,6.0,2025
663738,Daniel Lynch IV,118,Kansas City Royals,,P,2026,,,,,,,,,,,,,,,,,,,,,,,,,0.0,0.0,0.0,0.0,0.0,0.0,0.0,0.0,0.0,0.0,0.0,0.0,0.0,0.0,0.0,.000,.000,.000,.000,.---,-.--,0.0,0.0,0.0,2025
671936,Adam Macko,141,Toronto Blue Jays,,P,2026,,,,,,,,,,,,,,,,,,,,,,,,,,,,,,,,,,,,,,,,,,,,,,,,,2025
663743,Nick Fortes,139,Tampa Bay Rays,,C,2026,226.0,209.0,53.0,11.0,0.0,2.0,6.0,0.0,28.0,8.0,1.0,2.0,70.0,19.0,6.0,.254,.299,.335,.634,.283,104.50,769.0,72.0,59.0,242.0,218.0,50.0,9.0,1.0,5.0,14.0,0.0,47.0,7.0,1.0,2.0,76.0,21.0,7.0,.229,.296,.349,.645,.269,43.60,915.0,59.0,65.0,2025
682177,Daniel Schneemann,114,Cleveland Guardians,,CF,2026,261.0,239.0,50.0,11.0,0.0,6.0,22.0,0.0,76.0,0.0,0.0,0.0,79.0,28.0,5.0,.209,.276,.331,.607,.280,39.83,1034.0,57.0,56.0,422.0,379.0,78.0,18.0,1.0,12.0,38.0,1.0,117.0,3.0,1.0,1.0,134.0,41.0,4.0,.206,.283,.354,.637,.263,31.58,1668.0,96.0,90.0,2025
803011,Sam Antonacci,145,Chicago White Sox,,LF,2026,309.0,266.0,77.0,12.0,2.0,7.0,22.0,0.0,46.0,18.0,1.0,2.0,114.0,29.0,1.0,.289,.381,.429,.810,.327,38.00,1212.0,88.0,58.0,,,,,,,,,,,,,,,,,,,,,,,,,2025
696519,Samy Natera Jr.,108,Los Angeles Angels,,P,2026,,,,,,,,,,,,,,,,,,,,,,,,,,,,,,,,,,,,,,,,,,,,,,,,,2025
694477,Chad Patrick,158,Milwaukee Brewers,,P,2026,0.0,0.0,0.0,0.0,0.0,0.0,0.0,0.0,0.0,0.0,0.0,0.0,0.0,0.0,0.0,.000,.000,.000,.000,.---,-.--,0.0,0.0,0.0,,,,,,,,,,,,,,,,,,,,,,,,,2025
665804,Miguel Amaya,112,Chicago Cubs,,C,2026,158.0,131.0,30.0,7.0,0.0,3.0,18.0,0.0,36.0,7.0,0.0,1.0,46.0,13.0,5.0,.229,.353,.351,.704,.293,43.67,676.0,27.0,39.0,103.0,96.0,27.0,9.0,0.0,4.0,4.0,0.0,22.0,1.0,1.0,1.0,48.0,25.0,0.0,.281,.314,.500,.814,.324,24.00,385.0,22.0,27.0,2025
657612,Tim Hill,147,New York Yankees,,P,2026,,,,,,,,,,,,,,,,,,,,,,,,,,,,,,,,,,,,,,,,,,,,,,,,,2025
663757,Trent Grisham,147,New York Yankees,,CF,2026,307.0,261.0,61.0,14.0,2.0,10.0,43.0,0.0,51.0,0.0,3.0,0.0,109.0,40.0,4.0,.234,.339,.418,.757,.251,26.10,1233.0,66.0,86.0,581.0,494.0,116.0,9.0,1.0,34.0,82.0,0.0,137.0,4.0,1.0,0.0,229.0,74.0,7.0,.235,.348,.464,.812,.253,14.53,2393.0,107.0,135.0,2025
676051,Codi Heuer,114,Cleveland Guardians,,P,2026,,,,,,,,,,,,,,,,,,,,,,,,,,,,,,,,,,,,,,,,,,,,,,,,,2025
663767,Chase Shugart,143,Philadelphia Phillies,,P,2026,0.0,0.0,0.0,0.0,0.0,0.0,0.0,0.0,0.0,0.0,0.0,0.0,0.0,0.0,0.0,.000,.000,.000,.000,.---,-.--,0.0,0.0,0.0,,,,,,,,,,,,,,,,,,,,,,,,,2025
643289,Mauricio Dubón,144,Atlanta Braves,,LF,2026,377.0,348.0,93.0,19.0,2.0,10.0,25.0,0.0,53.0,2.0,0.0,1.0,146.0,52.0,4.0,.267,.320,.420,.740,.291,34.80,1398.0,100.0,103.0,398.0,369.0,89.0,21.0,0.0,7.0,24.0,0.0,42.0,1.0,1.0,3.0,131.0,33.0,12.0,.241,.289,.355,.644,.255,52.71,1346.0,110.0,132.0,2025
663776,Patrick Sandoval,111,Boston Red Sox,,P,2026,,,,,,,,,,,,,,,,,,,,,,,,,,,,,,,,,,,,,,,,,,,,,,,,,2025
694497,Evan Carter,140,Texas Rangers,,CF,2026,267.0,224.0,42.0,7.0,2.0,7.0,33.0,0.0,65.0,4.0,1.0,5.0,74.0,22.0,0.0,.188,.302,.330,.632,.229,32.00,1112.0,50.0,73.0,220.0,194.0,48.0,9.0,2.0,5.0,19.0,1.0,41.0,7.0,0.0,0.0,76.0,25.0,2.0,.247,.336,.392,.728,.291,38.80,822.0,49.0,56.0,2025
669923,George Kirby,136,Seattle Mariners,,P,2026,,,,,,,,,,,,,,,,,,,,,,,,,,,,,,,,,,,,,,,,,,,,,,,,,2025
671976,Tristan Peters,145,Chicago White Sox,,CF,2026,280.0,253.0,76.0,20.0,3.0,6.0,18.0,0.0,49.0,3.0,2.0,4.0,120.0,37.0,0.0,.300,.351,.474,.825,.350,42.17,1011.0,63.0,71.0,12.0,12.0,0.0,0.0,0.0,0.0,0.0,0.0,7.0,0.0,0.0,0.0,0.0,0.0,0.0,.000,.000,.000,.000,.000,-.--,46.0,1.0,4.0,2025
676083,Janson Junk,146,Miami Marlins,,P,2026,,,,,,,,,,,,,,,,,,,,,,,,,,,,,,,,,,,,,,,,,,,,,,,,,2025
700669,Gordon Graceffo,138,St. Louis Cardinals,,P,2026,,,,,,,,,,,,,,,,,,,,,,,,,,,,,,,,,,,,,,,,,,,,,,,,,2025
823550,Sung-Mun Song,135,San Diego Padres,,2B,2026,99.0,85.0,18.0,3.0,0.0,1.0,13.0,0.0,16.0,0.0,0.0,1.0,24.0,13.0,1.0,.212,.316,.282,.598,.250,85.00,407.0,21.0,31.0,,,,,,,,,,,,,,,,,,,,,,,,,2025
606466,Ketel Marte,109,Arizona Diamondbacks,,2B,2026,410.0,376.0,96.0,19.0,3.0,17.0,29.0,1.0,60.0,2.0,3.0,0.0,172.0,54.0,4.0,.255,.310,.457,.767,.262,22.12,1495.0,110.0,113.0,556.0,480.0,136.0,28.0,0.0,28.0,64.0,6.0,83.0,9.0,3.0,0.0,248.0,72.0,12.0,.283,.376,.517,.893,.290,17.14,2095.0,129.0,135.0,2025
805123,AJ Blubaugh,117,Houston Astros,,P,2026,,,,,,,,,,,,,,,,,,,,,,,,,,,,,,,,,,,,,,,,,,,,,,,,,2025
676105,Jeff Criswell,115,Colorado Rockies,,P,2026,,,,,,,,,,,,,,,,,,,,,,,,,,,,,,,,,,,,,,,,,,,,,,,,,2025
682243,Bryce Miller,136,Seattle Mariners,,P,2026,,,,,,,,,,,,,,,,,,,,,,,,,,,,,,,,,,,,,,,,,,,,,,,,,2025
665862,Jazz Chisholm Jr.,147,New York Yankees,,2B,2026,364.0,323.0,72.0,12.0,2.0,13.0,37.0,1.0,107.0,1.0,3.0,0.0,127.0,37.0,4.0,.223,.302,.393,.695,.286,24.85,1487.0,68.0,79.0,531.0,462.0,112.0,15.0,1.0,31.0,58.0,1.0,148.0,6.0,4.0,1.0,222.0,80.0,3.0,.242,.332,.481,.813,.282,14.90,2138.0,90.0,117.0,2025
571657,Kyle Farmer,144,Atlanta Braves,,DH,2026,16.0,15.0,4.0,1.0,0.0,0.0,0.0,0.0,4.0,0.0,1.0,0.0,5.0,3.0,0.0,.267,.250,.333,.583,.333,-.--,52.0,5.0,3.0,300.0,277.0,63.0,14.0,0.0,8.0,17.0,0.0,66.0,4.0,2.0,0.0,101.0,31.0,9.0,.227,.280,.365,.645,.268,34.62,1101.0,73.0,77.0,2025
682254,Mason Montgomery,134,Pittsburgh Pirates,,P,2026,,,,,,,,,,,,,,,,,,,,,,,,,,,,,,,,,,,,,,,,,,,,,,,,,2025
665871,Javier Assad,112,Chicago Cubs,,P,2026,,,,,,,,,,,,,,,,,,,,,,,,,,,,,,,,,,,,,,,,,,,,,,,,,2025
676106,Emerson Hancock,136,Seattle Mariners,,P,2026,,,,,,,,,,,,,,,,,,,,,,,,,0.0,0.0,0.0,0.0,0.0,0.0,0.0,0.0,0.0,0.0,0.0,0.0,0.0,0.0,0.0,.000,.000,.000,.000,.---,-.--,0.0,0.0,0.0,2025
665877,José Fermín,138,St. Louis Cardinals,,LF,2026,177.0,162.0,43.0,9.0,0.0,4.0,12.0,0.0,25.0,0.0,1.0,1.0,64.0,20.0,6.0,.265,.314,.395,.709,.291,40.50,727.0,41.0,55.0,70.0,60.0,17.0,5.0,0.0,1.0,8.0,0.0,10.0,1.0,0.0,1.0,25.0,9.0,0.0,.283,.377,.417,.794,.327,60.00,271.0,16.0,18.0,2025
641302,Tyler Alexander,140,Texas Rangers,,P,2026,,,,,,,,,,,,,,,,,,,,,,,,,1.0,1.0,0.0,0.0,0.0,0.0,0.0,0.0,0.0,0.0,0.0,0.0,0.0,0.0,0.0,.000,.000,.000,.000,.000,-.--,3.0,1.0,0.0,2025
663837,Matt Vierling,116,Detroit Tigers,,CF,2026,266.0,242.0,51.0,12.0,2.0,5.0,19.0,0.0,43.0,0.0,4.0,1.0,82.0,30.0,4.0,.211,.264,.339,.603,.232,48.40,1011.0,63.0,90.0,100.0,88.0,21.0,3.0,0.0,1.0,7.0,0.0,24.0,3.0,2.0,0.0,27.0,11.0,1.0,.239,.310,.307,.617,.308,88.00,436.0,16.0,29.0,2025
592155,Cam Booser,139,Tampa Bay Rays,,P,2026,,,,,,,,,,,,,,,,,,,,,,,,,,,,,,,,,,,,,,,,,,,,,,,,,2025
700712,Walbert Ureña,108,Los Angeles Angels,,P,2026,,,,,,,,,,,,,,,,,,,,,,,,,,,,,,,,,,,,,,,,,,,,,,,,,2025
643377,Griffin Jax,139,Tampa Bay Rays,,P,2026,,,,,,,,,,,,,,,,,,,,,,,,,0.0,0.0,0.0,0.0,0.0,0.0,0.0,0.0,0.0,0.0,0.0,0.0,0.0,0.0,0.0,.000,.000,.000,.000,.---,-.--,0.0,0.0,0.0,2025
663855,Jordan Hicks,145,Chicago White Sox,,P,2026,,,,,,,,,,,,,,,,,,,,,,,,,,,,,,,,,,,,,,,,,,,,,,,,,2025
663853,Romy Gonzalez,111,Boston Red Sox,,DH,2026,47.0,42.0,9.0,1.0,1.0,1.0,4.0,0.0,16.0,1.0,0.0,0.0,15.0,5.0,1.0,.214,.298,.357,.655,.320,42.00,200.0,14.0,3.0,341.0,315.0,96.0,23.0,3.0,9.0,18.0,1.0,81.0,3.0,5.0,0.0,152.0,53.0,8.0,.305,.343,.483,.826,.378,35.00,1238.0,84.0,59.0,2025
641329,Bryan Baker,139,Tampa Bay Rays,,P,2026,,,,,,,,,,,,,,,,,,,,,,,,,0.0,0.0,0.0,0.0,0.0,0.0,0.0,0.0,0.0,0.0,0.0,0.0,0.0,0.0,0.0,.000,.000,.000,.000,.---,-.--,0.0,0.0,0.0,2025
543037,Gerrit Cole,147,New York Yankees,,P,2026,,,,,,,,,,,,,,,,,,,,,,,,,,,,,,,,,,,,,,,,,,,,,,,,,2025
608566,Germán Márquez,135,San Diego Padres,,P,2026,,,,,,,,,,,,,,,,,,,,,,,,,,,,,,,,,,,,,,,,,,,,,,,,,2025
641343,Jake Bauers,158,Milwaukee Brewers,,1B,2026,351.0,298.0,79.0,15.0,1.0,18.0,49.0,3.0,92.0,3.0,1.0,0.0,150.0,59.0,3.0,.265,.373,.503,.876,.323,16.56,1444.0,65.0,63.0,218.0,183.0,43.0,9.0,0.0,7.0,32.0,1.0,59.0,2.0,1.0,0.0,73.0,28.0,1.0,.235,.353,.399,.752,.305,26.14,895.0,35.0,47.0,2025
665923,Esteury Ruiz,146,Miami Marlins,,RF,2026,118.0,96.0,23.0,8.0,1.0,4.0,15.0,0.0,33.0,5.0,1.0,0.0,45.0,9.0,0.0,.240,.368,.469,.837,.317,24.00,479.0,10.0,31.0,23.0,21.0,4.0,0.0,0.0,1.0,2.0,0.0,8.0,0.0,0.0,0.0,7.0,2.0,0.0,.190,.261,.333,.594,.250,21.00,88.0,5.0,4.0,2025
663878,Nate Pearson,117,Houston Astros,,P,2026,,,,,,,,,,,,,,,,,,,,,,,,,,,,,,,,,,,,,,,,,,,,,,,,,2025
665926,Andrés Giménez,141,Toronto Blue Jays,,SS,2026,313.0,289.0,67.0,15.0,1.0,7.0,11.0,0.0,60.0,8.0,3.0,2.0,105.0,38.0,6.0,.232,.277,.363,.640,.267,41.29,1164.0,92.0,75.0,369.0,329.0,69.0,11.0,1.0,7.0,25.0,0.0,66.0,11.0,3.0,1.0,103.0,35.0,8.0,.210,.285,.313,.598,.239,47.00,1452.0,97.0,101.0,2025
678218,Brandon Valenzuela,141,Toronto Blue Jays,,C,2026,188.0,166.0,40.0,6.0,0.0,8.0,20.0,0.0,49.0,0.0,1.0,1.0,70.0,21.0,1.0,.241,.321,.422,.743,.291,20.75,762.0,36.0,43.0,,,,,,,,,,,,,,,,,,,,,,,,,2025
641355,Cody Bellinger,147,New York Yankees,,LF,2026,407.0,351.0,89.0,19.0,3.0,11.0,51.0,0.0,62.0,0.0,5.0,0.0,147.0,51.0,2.0,.254,.344,.419,.763,.276,31.91,1519.0,82.0,123.0,656.0,588.0,160.0,25.0,5.0,29.0,57.0,1.0,90.0,2.0,9.0,0.0,282.0,98.0,8.0,.272,.334,.480,.814,.274,20.28,2594.0,122.0,225.0,2025
663886,Tyler Stephenson,113,Cincinnati Reds,,C,2026,261.0,231.0,55.0,10.0,0.0,6.0,28.0,0.0,66.0,0.0,2.0,0.0,83.0,24.0,4.0,.238,.318,.359,.677,.304,38.50,1027.0,43.0,69.0,342.0,299.0,69.0,18.0,0.0,13.0,37.0,1.0,116.0,2.0,4.0,0.0,126.0,50.0,4.0,.231,.316,.421,.737,.322,23.00,1389.0,57.0,61.0,2025
670032,Nicky Lopez,140,Texas Rangers,,2B,2026,129.0,119.0,37.0,3.0,0.0,1.0,4.0,0.0,18.0,2.0,0.0,4.0,43.0,13.0,3.0,.311,.344,.361,.705,.360,119.00,465.0,46.0,22.0,28.0,24.0,1.0,0.0,0.0,0.0,4.0,0.0,4.0,0.0,0.0,0.0,1.0,1.0,1.0,.042,.179,.042,.221,.050,-.--,106.0,13.0,6.0,2025
657746,Joe Ryan,142,Minnesota Twins,,P,2026,,,,,,,,,,,,,,,,,,,,,,,,,,,,,,,,,,,,,,,,,,,,,,,,,2025
643410,Mark Leiter Jr.,133,Athletics,,P,2026,,,,,,,,,,,,,,,,,,,,,,,,,,,,,,,,,,,,,,,,,,,,,,,,,2025
670036,Matt Festa,114,Cleveland Guardians,,P,2026,,,,,,,,,,,,,,,,,,,,,,,,,0.0,0.0,0.0,0.0,0.0,0.0,0.0,0.0,0.0,0.0,0.0,0.0,0.0,0.0,0.0,.000,.000,.000,.000,.---,-.--,0.0,0.0,0.0,2025
657757,Gavin Sheets,135,San Diego Padres,,1B,2026,326.0,284.0,62.0,15.0,0.0,14.0,38.0,0.0,71.0,4.0,0.0,0.0,119.0,40.0,10.0,.218,.319,.419,.738,.241,20.29,1386.0,81.0,70.0,545.0,492.0,124.0,28.0,1.0,19.0,44.0,1.0,107.0,5.0,4.0,0.0,211.0,71.0,9.0,.252,.317,.429,.746,.284,25.90,2279.0,111.0,154.0,2025
670042,Luke Raley,136,Seattle Mariners,,RF,2026,262.0,239.0,55.0,9.0,1.0,14.0,13.0,1.0,84.0,7.0,1.0,2.0,108.0,36.0,1.0,.230,.288,.452,.740,.289,17.07,1003.0,45.0,58.0,219.0,183.0,37.0,8.0,0.0,4.0,19.0,0.0,64.0,13.0,1.0,3.0,57.0,19.0,2.0,.202,.319,.311,.630,.284,45.75,831.0,53.0,33.0,2025
663903,Brady Singer,113,Cincinnati Reds,,P,2026,,,,,,,,,,,,,,,,,,,,,,,,,,,,,,,,,,,,,,,,,,,,,,,,,2025
545121,Ildemaro Vargas,109,Arizona Diamondbacks,,1B,2026,304.0,283.0,73.0,13.0,3.0,7.0,16.0,2.0,29.0,2.0,1.0,1.0,113.0,47.0,3.0,.258,.301,.399,.700,.266,40.43,1062.0,95.0,88.0,121.0,115.0,31.0,2.0,1.0,3.0,2.0,0.0,15.0,2.0,1.0,1.0,44.0,19.0,3.0,.270,.292,.383,.675,.286,38.33,429.0,46.0,25.0,2025
665953,Andrés Chaparro,120,Washington Nationals,,1B,2026,71.0,59.0,13.0,3.0,0.0,3.0,11.0,0.0,18.0,1.0,0.0,0.0,25.0,15.0,2.0,.220,.352,.424,.776,.263,19.67,287.0,16.0,12.0,73.0,66.0,12.0,2.0,0.0,1.0,5.0,0.0,22.0,1.0,1.0,0.0,17.0,5.0,0.0,.182,.247,.258,.505,.250,66.00,282.0,15.0,18.0,2025
678246,Miguel Vargas,145,Chicago White Sox,,3B,2026,414.0,347.0,85.0,20.0,1.0,21.0,56.0,2.0,69.0,6.0,4.0,0.0,170.0,59.0,5.0,.245,.356,.490,.846,.245,16.52,1623.0,69.0,128.0,569.0,504.0,118.0,32.0,2.0,16.0,56.0,0.0,100.0,6.0,3.0,0.0,202.0,60.0,9.0,.234,.316,.401,.717,.261,31.50,2323.0,91.0,198.0,2025
670059,Colin Holderman,114,Cleveland Guardians,,P,2026,,,,,,,,,,,,,,,,,,,,,,,,,,,,,,,,,,,,,,,,,,,,,,,,,2025
547179,Michael Lorenzen,115,Colorado Rockies,,P,2026,,,,,,,,,,,,,,,,,,,,,,,,,,,,,,,,,,,,,,,,,,,,,,,,,2025
670062,Julian Garcia,113,Cincinnati Reds,,P,2026,,,,,,,,,,,,,,,,,,,,,,,,,,,,,,,,,,,,,,,,,,,,,,,,,2025
547180,Bryce Harper,143,Philadelphia Phillies,,1B,2026,412.0,345.0,90.0,18.0,2.0,20.0,61.0,2.0,83.0,0.0,6.0,0.0,172.0,57.0,9.0,.261,.367,.499,.866,.282,17.25,1609.0,93.0,85.0,580.0,501.0,131.0,32.0,0.0,27.0,70.0,6.0,121.0,6.0,3.0,0.0,244.0,75.0,5.0,.261,.357,.487,.844,.292,18.56,2172.0,127.0,125.0,2025
801139,Payton Tolle,111,Boston Red Sox,,P,2026,,,,,,,,,,,,,,,,,,,,,,,,,,,,,,,,,,,,,,,,,,,,,,,,,2025
665966,Carlos Narváez,111,Boston Red Sox,,C,2026,178.0,158.0,32.0,6.0,0.0,3.0,12.0,0.0,55.0,3.0,2.0,3.0,47.0,9.0,6.0,.203,.269,.297,.566,.284,52.67,723.0,33.0,43.0,446.0,403.0,97.0,27.0,0.0,15.0,38.0,0.0,111.0,1.0,2.0,2.0,169.0,50.0,12.0,.241,.306,.419,.725,.294,26.87,1829.0,98.0,101.0,2025
643446,Jeff McNeil,133,Athletics,,2B,2026,294.0,265.0,60.0,11.0,0.0,3.0,21.0,1.0,36.0,4.0,3.0,1.0,80.0,26.0,9.0,.226,.290,.302,.592,.249,88.33,1081.0,79.0,94.0,462.0,399.0,97.0,21.0,5.0,12.0,49.0,4.0,55.0,8.0,4.0,2.0,164.0,54.0,5.0,.243,.335,.411,.746,.253,33.25,1718.0,109.0,144.0,2025
686469,Vinnie Pasquantino,118,Kansas City Royals,,1B,2026,304.0,265.0,59.0,10.0,2.0,6.0,34.0,2.0,54.0,1.0,4.0,0.0,91.0,32.0,3.0,.223,.309,.343,.652,.254,44.17,1233.0,56.0,100.0,682.0,621.0,164.0,33.0,1.0,32.0,49.0,5.0,107.0,7.0,5.0,0.0,295.0,113.0,14.0,.264,.323,.475,.798,.271,19.41,2572.0,153.0,202.0,2025
663947,Tyler Holton,116,Detroit Tigers,,P,2026,,,,,,,,,,,,,,,,,,,,,,,,,,,,,,,,,,,,,,,,,,,,,,,,,2025
686475,Tyler Tolbert,118,Kansas City Royals,,2B,2026,60.0,54.0,20.0,1.0,0.0,2.0,4.0,0.0,11.0,0.0,1.0,1.0,27.0,5.0,2.0,.370,.407,.500,.907,.429,27.00,211.0,14.0,11.0,57.0,50.0,14.0,2.0,0.0,1.0,1.0,0.0,11.0,3.0,2.0,1.0,19.0,6.0,1.0,.280,.321,.380,.701,.325,50.00,189.0,10.0,18.0,2025
694671,Wyatt Langford,140,Texas Rangers,,LF,2026,194.0,181.0,49.0,8.0,2.0,9.0,12.0,0.0,42.0,1.0,0.0,0.0,88.0,22.0,3.0,.271,.320,.486,.806,.308,20.11,732.0,36.0,54.0,573.0,489.0,118.0,25.0,1.0,22.0,74.0,3.0,151.0,5.0,5.0,0.0,211.0,62.0,9.0,.241,.344,.431,.775,.299,22.23,2335.0,87.0,138.0,2025
543135,Nathan Eovaldi,140,Texas Rangers,,P,2026,,,,,,,,,,,,,,,,,,,,,,,,,,,,,,,,,,,,,,,,,,,,,,,,,2025
663969,Tyler Phillips,146,Miami Marlins,,P,2026,,,,,,,,,,,,,,,,,,,,,,,,,,,,,,,,,,,,,,,,,,,,,,,,,2025
663968,Jake Mangum,134,Pittsburgh Pirates,,CF,2026,253.0,229.0,71.0,10.0,1.0,2.0,14.0,1.0,42.0,6.0,1.0,3.0,89.0,19.0,5.0,.310,.364,.389,.753,.371,114.50,937.0,80.0,40.0,428.0,405.0,120.0,18.0,1.0,3.0,19.0,0.0,64.0,2.0,1.0,1.0,149.0,40.0,4.0,.296,.330,.368,.698,.345,135.00,1442.0,138.0,85.0,2025
666018,Jonathan Aranda,139,Tampa Bay Rays,,1B,2026,414.0,347.0,101.0,17.0,0.0,14.0,52.0,3.0,91.0,8.0,7.0,0.0,160.0,64.0,9.0,.291,.389,.461,.850,.349,24.79,1621.0,73.0,89.0,422.0,370.0,117.0,22.0,0.0,14.0,41.0,3.0,107.0,8.0,3.0,0.0,181.0,59.0,9.0,.316,.393,.489,.882,.409,26.43,1717.0,64.0,85.0,2025
666023,Freddy Fermin,135,San Diego Padres,,C,2026,162.0,138.0,21.0,7.0,0.0,3.0,17.0,0.0,32.0,2.0,2.0,3.0,37.0,11.0,2.0,.152,.252,.268,.520,.171,46.00,652.0,43.0,47.0,347.0,319.0,80.0,13.0,0.0,5.0,19.0,1.0,65.0,2.0,0.0,7.0,108.0,26.0,5.0,.251,.297,.339,.636,.301,63.80,1372.0,88.0,93.0,2025
700842,Eduardo Rivera,111,Boston Red Sox,,P,2026,,,,,,,,,,,,,,,,,,,,,,,,,,,,,,,,,,,,,,,,,,,,,,,,,2025
676263,Jack Dreyer,119,Los Angeles Dodgers,,P,2026,0.0,0.0,0.0,0.0,0.0,0.0,0.0,0.0,0.0,0.0,0.0,0.0,0.0,0.0,0.0,.000,.000,.000,.000,.---,-.--,0.0,0.0,0.0,,,,,,,,,,,,,,,,,,,,,,,,,2025
805299,Brandyn Garcia,109,Arizona Diamondbacks,,P,2026,,,,,,,,,,,,,,,,,,,,,,,,,0.0,0.0,0.0,0.0,0.0,0.0,0.0,0.0,0.0,0.0,0.0,0.0,0.0,0.0,0.0,.000,.000,.000,.000,.---,-.--,0.0,0.0,0.0,2025
805300,Jakob Marsee,146,Miami Marlins,,CF,2026,393.0,329.0,64.0,11.0,3.0,5.0,50.0,0.0,86.0,9.0,1.0,4.0,96.0,25.0,2.0,.195,.316,.292,.608,.247,65.80,1550.0,75.0,109.0,234.0,209.0,61.0,18.0,3.0,5.0,22.0,0.0,48.0,2.0,1.0,0.0,100.0,33.0,2.0,.292,.363,.478,.841,.357,41.80,881.0,52.0,49.0,2025
663993,Nathaniel Lowe,113,Cincinnati Reds,,DH,2026,224.0,198.0,49.0,13.0,0.0,10.0,26.0,1.0,60.0,0.0,0.0,0.0,92.0,26.0,1.0,.247,.335,.465,.800,.305,19.80,974.0,45.0,44.0,609.0,540.0,123.0,23.0,3.0,18.0,62.0,2.0,159.0,2.0,5.0,0.0,206.0,84.0,6.0,.228,.307,.381,.688,.285,30.00,2607.0,130.0,133.0,2025
643511,Tyler Rogers,141,Toronto Blue Jays,,P,2026,,,,,,,,,,,,,,,,,,,,,,,,,0.0,0.0,0.0,0.0,0.0,0.0,0.0,0.0,0.0,0.0,0.0,0.0,0.0,0.0,0.0,.000,.000,.000,.000,.---,-.--,0.0,0.0,0.0,2025
575929,Willson Contreras,111,Boston Red Sox,,1B,2026,368.0,316.0,90.0,16.0,2.0,21.0,35.0,1.0,93.0,14.0,3.0,0.0,173.0,62.0,7.0,.285,.378,.547,.925,.337,15.05,1439.0,63.0,73.0,563.0,490.0,126.0,31.0,1.0,20.0,44.0,1.0,142.0,23.0,4.0,1.0,219.0,80.0,15.0,.257,.344,.447,.791,.319,24.50,2160.0,112.0,115.0,2025
676282,Joey Cantillo,114,Cleveland Guardians,,P,2026,,,,,,,,,,,,,,,,,,,,,,,,,,,,,,,,,,,,,,,,,,,,,,,,,2025
518585,Fernando Cruz,147,New York Yankees,,P,2026,0.0,0.0,0.0,0.0,0.0,0.0,0.0,0.0,0.0,0.0,0.0,0.0,0.0,0.0,0.0,.000,.000,.000,.000,.---,-.--,0.0,0.0,0.0,,,,,,,,,,,,,,,,,,,,,,,,,2025
686527,Dominic Canzone,136,Seattle Mariners,,DH,2026,258.0,230.0,60.0,13.0,1.0,15.0,23.0,0.0,53.0,3.0,2.0,0.0,120.0,40.0,3.0,.261,.333,.522,.855,.274,15.33,971.0,65.0,54.0,269.0,243.0,73.0,11.0,0.0,11.0,20.0,0.0,59.0,3.0,2.0,0.0,117.0,32.0,6.0,.300,.358,.481,.839,.354,22.09,1028.0,55.0,59.0,2025
592332,Kevin Gausman,141,Toronto Blue Jays,,P,2026,,,,,,,,,,,,,,,,,,,,,,,,,,,,,,,,,,,,,,,,,,,,,,,,,2025
670156,Miles Mastrobuoni,136,Seattle Mariners,,3B,2026,30.0,26.0,5.0,0.0,0.0,0.0,2.0,0.0,10.0,0.0,1.0,1.0,5.0,1.0,0.0,.192,.241,.192,.433,.294,-.--,107.0,6.0,7.0,175.0,152.0,38.0,4.0,0.0,1.0,17.0,0.0,29.0,0.0,1.0,5.0,45.0,12.0,2.0,.250,.324,.296,.620,.301,152.00,669.0,55.0,36.0,2025
805326,Tyler Schweitzer,145,Chicago White Sox,,P,2026,,,,,,,,,,,,,,,,,,,,,,,,,,,,,,,,,,,,,,,,,,,,,,,,,2025
641487,J.P. Crawford,136,Seattle Mariners,,SS,2026,339.0,287.0,62.0,10.0,0.0,10.0,46.0,0.0,70.0,5.0,1.0,0.0,102.0,28.0,4.0,.216,.333,.355,.688,.250,28.70,1438.0,83.0,73.0,654.0,570.0,151.0,24.0,0.0,12.0,74.0,1.0,122.0,3.0,1.0,6.0,211.0,58.0,11.0,.265,.352,.370,.722,.318,47.50,2731.0,155.0,149.0,2025
694738,Landen Roupp,137,San Francisco Giants,,P,2026,,,,,,,,,,,,,,,,,,,,,,,,,,,,,,,,,,,,,,,,,,,,,,,,,2025
608718,Brent Suter,108,Los Angeles Angels,,P,2026,,,,,,,,,,,,,,,,,,,,,,,,,,,,,,,,,,,,,,,,,,,,,,,,,2025
664023,Ian Happ,112,Chicago Cubs,,LF,2026,401.0,344.0,76.0,17.0,2.0,17.0,51.0,3.0,126.0,5.0,1.0,0.0,148.0,42.0,8.0,.221,.329,.430,.759,.292,20.24,1669.0,64.0,79.0,663.0,569.0,138.0,32.0,0.0,23.0,87.0,2.0,151.0,2.0,5.0,0.0,239.0,79.0,8.0,.243,.342,.420,.762,.288,24.74,2717.0,120.0,165.0,2025
670167,John Schreiber,118,Kansas City Royals,,P,2026,,,,,,,,,,,,,,,,,,,,,,,,,0.0,0.0,0.0,0.0,0.0,0.0,0.0,0.0,0.0,0.0,0.0,0.0,0.0,0.0,0.0,.000,.000,.000,.000,.---,-.--,0.0,0.0,0.0,2025
686555,Isaac Collins,118,Kansas City Royals,,LF,2026,320.0,272.0,65.0,16.0,1.0,5.0,38.0,0.0,73.0,6.0,2.0,2.0,98.0,29.0,4.0,.239,.343,.360,.703,.306,54.40,1247.0,58.0,80.0,441.0,372.0,98.0,22.0,3.0,9.0,57.0,0.0,93.0,6.0,3.0,3.0,153.0,54.0,8.0,.263,.368,.411,.779,.326,41.33,1792.0,91.0,96.0,2025
621020,Dansby Swanson,112,Chicago Cubs,,SS,2026,359.0,316.0,66.0,11.0,2.0,16.0,37.0,0.0,85.0,1.0,4.0,1.0,129.0,58.0,4.0,.209,.291,.408,.699,.228,19.75,1417.0,79.0,91.0,645.0,590.0,144.0,24.0,3.0,24.0,47.0,1.0,168.0,2.0,5.0,1.0,246.0,77.0,9.0,.244,.300,.417,.717,.298,24.58,2521.0,137.0,147.0,2025
686560,Gavin Collyer,140,Texas Rangers,,P,2026,,,,,,,,,,,,,,,,,,,,,,,,,,,,,,,,,,,,,,,,,,,,,,,,,2025
664034,Ty France,135,San Diego Padres,,1B,2026,233.0,209.0,56.0,9.0,2.0,12.0,12.0,1.0,55.0,8.0,3.0,0.0,105.0,34.0,6.0,.268,.328,.502,.830,.303,17.42,935.0,52.0,49.0,490.0,444.0,114.0,25.0,0.0,7.0,22.0,1.0,83.0,21.0,3.0,0.0,160.0,52.0,11.0,.257,.320,.360,.680,.300,63.43,1873.0,137.0,113.0,2025
805347,Jim Jarvis,144,Atlanta Braves,,SS,2026,37.0,35.0,11.0,3.0,0.0,1.0,1.0,0.0,8.0,0.0,0.0,1.0,17.0,4.0,0.0,.314,.333,.486,.819,.385,35.00,156.0,10.0,7.0,,,,,,,,,,,,,,,,,,,,,,,,,2025
664040,Brandon Lowe,134,Pittsburgh Pirates,,2B,2026,402.0,357.0,88.0,21.0,1.0,21.0,37.0,0.0,107.0,2.0,6.0,0.0,174.0,64.0,3.0,.246,.316,.487,.803,.285,17.00,1611.0,70.0,98.0,553.0,507.0,130.0,19.0,0.0,31.0,38.0,1.0,149.0,2.0,6.0,0.0,242.0,83.0,6.0,.256,.307,.477,.784,.297,16.36,2146.0,107.0,127.0,2025
686580,Justin Slaten,111,Boston Red Sox,,P,2026,,,,,,,,,,,,,,,,,,,,,,,,,,,,,,,,,,,,,,,,,,,,,,,,,2025
805367,Chase Meidroth,145,Chicago White Sox,,2B,2026,396.0,350.0,95.0,17.0,0.0,7.0,37.0,0.0,94.0,2.0,2.0,4.0,133.0,32.0,4.0,.271,.343,.380,.723,.351,50.00,1656.0,98.0,69.0,505.0,450.0,114.0,15.0,0.0,5.0,45.0,0.0,72.0,6.0,1.0,3.0,144.0,23.0,14.0,.253,.329,.320,.649,.291,90.00,2057.0,149.0,119.0,2025
678394,Brayan Bello,111,Boston Red Sox,,P,2026,,,,,,,,,,,,,,,,,,,,,,,,,,,,,,,,,,,,,,,,,,,,,,,,,2025
678391,Jorbit Vivas,120,Washington Nationals,,3B,2026,210.0,182.0,43.0,8.0,0.0,3.0,19.0,0.0,27.0,4.0,2.0,2.0,60.0,16.0,3.0,.236,.319,.330,.649,.260,60.67,724.0,60.0,56.0,66.0,56.0,9.0,2.0,0.0,1.0,5.0,0.0,13.0,3.0,0.0,0.0,14.0,5.0,0.0,.161,.266,.250,.516,.190,56.00,246.0,17.0,17.0,2025
621053,Tyler Ferguson,112,Chicago Cubs,,P,2026,,,,,,,,,,,,,,,,,,,,,,,,,0.0,0.0,0.0,0.0,0.0,0.0,0.0,0.0,0.0,0.0,0.0,0.0,0.0,0.0,0.0,.000,.000,.000,.000,.---,-.--,0.0,0.0,0.0,2025
688642,Zach Agnos,115,Colorado Rockies,,P,2026,,,,,,,,,,,,,,,,,,,,,,,,,0.0,0.0,0.0,0.0,0.0,0.0,0.0,0.0,0.0,0.0,0.0,0.0,0.0,0.0,0.0,.000,.000,.000,.000,.---,-.--,0.0,0.0,0.0,2025
676356,Jonny DeLuca,139,Tampa Bay Rays,,RF,2026,184.0,173.0,44.0,13.0,0.0,5.0,9.0,0.0,38.0,0.0,0.0,2.0,72.0,27.0,6.0,.254,.291,.416,.707,.300,34.60,686.0,40.0,53.0,59.0,57.0,19.0,1.0,3.0,0.0,2.0,0.0,13.0,0.0,0.0,0.0,26.0,4.0,0.0,.333,.356,.456,.812,.432,-.--,224.0,10.0,15.0,2025
700932,Kyle Manzardo,114,Cleveland Guardians,,1B,2026,310.0,270.0,58.0,7.0,1.0,10.0,33.0,0.0,96.0,5.0,2.0,0.0,97.0,30.0,4.0,.215,.310,.359,.669,.289,27.00,1284.0,50.0,68.0,531.0,470.0,110.0,19.0,2.0,27.0,48.0,2.0,135.0,8.0,5.0,0.0,214.0,70.0,7.0,.234,.313,.455,.768,.265,17.41,2018.0,82.0,148.0,2025
571912,Luke Maile,118,Kansas City Royals,,C,2026,7.0,6.0,1.0,0.0,0.0,1.0,1.0,0.0,2.0,0.0,0.0,0.0,4.0,3.0,0.0,.167,.286,.667,.953,.000,6.00,25.0,1.0,2.0,54.0,45.0,11.0,2.0,0.0,1.0,7.0,0.0,16.0,0.0,0.0,2.0,16.0,6.0,1.0,.244,.346,.356,.702,.357,45.00,214.0,11.0,9.0,2025
543243,Sonny Gray,111,Boston Red Sox,,P,2026,,,,,,,,,,,,,,,,,,,,,,,,,,,,,,,,,,,,,,,,,,,,,,,,,2025
664076,Garrett Cleavinger,139,Tampa Bay Rays,,P,2026,,,,,,,,,,,,,,,,,,,,,,,,,,,,,,,,,,,,,,,,,,,,,,,,,2025
666126,Carlos Cortes,133,Athletics,,RF,2026,234.0,208.0,58.0,11.0,1.0,6.0,22.0,0.0,31.0,3.0,1.0,0.0,89.0,23.0,8.0,.279,.355,.428,.783,.302,34.67,967.0,63.0,57.0,99.0,94.0,29.0,8.0,1.0,4.0,3.0,0.0,20.0,0.0,2.0,0.0,51.0,14.0,3.0,.309,.323,.543,.866,.347,23.50,375.0,24.0,23.0,2025
676369,Nelson Velázquez,138,St. Louis Cardinals,,LF,2026,65.0,57.0,14.0,3.0,0.0,4.0,6.0,0.0,16.0,1.0,1.0,0.0,29.0,12.0,0.0,.246,.323,.509,.832,.263,14.25,252.0,12.0,16.0,,,,,,,,,,,,,,,,,,,,,,,,,2025
621074,Michael Rucker,136,Seattle Mariners,,P,2026,,,,,,,,,,,,,,,,,,,,,,,,,,,,,,,,,,,,,,,,,,,,,,,,,2025
686611,Dylan Crews,120,Washington Nationals,,RF,2026,195.0,180.0,38.0,6.0,0.0,6.0,11.0,0.0,44.0,4.0,0.0,0.0,62.0,19.0,3.0,.211,.272,.344,.616,.246,30.00,695.0,43.0,55.0,322.0,293.0,61.0,8.0,2.0,10.0,24.0,0.0,76.0,5.0,0.0,0.0,103.0,27.0,4.0,.208,.280,.352,.632,.246,29.30,1150.0,80.0,76.0,2025
672275,Patrick Bailey,114,Cleveland Guardians,,C,2026,194.0,178.0,33.0,5.0,1.0,3.0,13.0,0.0,50.0,0.0,1.0,2.0,49.0,15.0,6.0,.185,.240,.275,.515,.238,59.33,807.0,51.0,47.0,452.0,409.0,91.0,18.0,3.0,6.0,30.0,0.0,133.0,3.0,6.0,4.0,133.0,55.0,7.0,.222,.277,.325,.602,.308,68.17,1724.0,82.0,113.0,2025
680474,Max Schuemann,147,New York Yankees,,SS,2026,68.0,54.0,13.0,5.0,0.0,2.0,11.0,0.0,17.0,3.0,0.0,0.0,24.0,6.0,0.0,.241,.397,.444,.841,.314,27.00,280.0,9.0,15.0,213.0,183.0,36.0,4.0,2.0,2.0,22.0,0.0,35.0,4.0,1.0,3.0,50.0,13.0,6.0,.197,.295,.273,.568,.231,91.50,838.0,56.0,60.0,2025
686613,Hunter Brown,117,Houston Astros,,P,2026,,,,,,,,,,,,,,,,,,,,,,,,,,,,,,,,,,,,,,,,,,,,,,,,,2025
672282,Reid Detmers,108,Los Angeles Angels,,P,2026,,,,,,,,,,,,,,,,,,,,,,,,,,,,,,,,,,,,,,,,,,,,,,,,,2025
666139,Josh Lowe,108,Los Angeles Angels,,LF,2026,188.0,176.0,36.0,4.0,0.0,8.0,9.0,0.0,51.0,1.0,1.0,1.0,64.0,22.0,0.0,.205,.246,.364,.610,.237,22.00,771.0,36.0,55.0,435.0,396.0,87.0,21.0,2.0,11.0,33.0,1.0,109.0,3.0,2.0,1.0,145.0,40.0,7.0,.220,.283,.366,.649,.273,36.00,1842.0,105.0,98.0,2025
694819,Jacob Misiorowski,158,Milwaukee Brewers,,P,2026,,,,,,,,,,,,,,,,,,,,,,,,,,,,,,,,,,,,,,,,,,,,,,,,,2025
518692,Freddie Freeman,119,Los Angeles Dodgers,,1B,2026,412.0,359.0,103.0,23.0,1.0,15.0,47.0,1.0,68.0,3.0,3.0,0.0,173.0,49.0,14.0,.287,.371,.482,.853,.315,23.93,1697.0,94.0,97.0,627.0,556.0,164.0,39.0,2.0,24.0,60.0,7.0,128.0,6.0,5.0,0.0,279.0,90.0,13.0,.295,.367,.502,.869,.342,23.17,2382.0,128.0,141.0,2025
670245,Ryan Watson,111,Boston Red Sox,,P,2026,,,,,,,,,,,,,,,,,,,,,,,,,,,,,,,,,,,,,,,,,,,,,,,,,2025
676391,Ernie Clement,141,Toronto Blue Jays,,2B,2026,379.0,362.0,108.0,23.0,1.0,8.0,13.0,0.0,37.0,1.0,3.0,0.0,157.0,32.0,6.0,.298,.322,.434,.756,.313,45.25,1165.0,90.0,130.0,588.0,545.0,151.0,35.0,2.0,9.0,27.0,1.0,61.0,4.0,5.0,7.0,217.0,50.0,13.0,.277,.313,.398,.711,.296,60.56,1871.0,129.0,216.0,2025
621097,Jacob Waguespack,116,Detroit Tigers,,P,2026,0.0,0.0,0.0,0.0,0.0,0.0,0.0,0.0,0.0,0.0,0.0,0.0,0.0,0.0,0.0,.000,.000,.000,.000,.---,-.--,0.0,0.0,0.0,,,,,,,,,,,,,,,,,,,,,,,,,2025
623149,Paul Sewald,109,Arizona Diamondbacks,,P,2026,,,,,,,,,,,,,,,,,,,,,,,,,,,,,,,,,,,,,,,,,,,,,,,,,2025
805427,Drew Sommers,116,Detroit Tigers,,P,2026,,,,,,,,,,,,,,,,,,,,,,,,,,,,,,,,,,,,,,,,,,,,,,,,,2025
666160,Mickey Moniak,115,Colorado Rockies,,LF,2026,230.0,212.0,58.0,11.0,3.0,15.0,13.0,0.0,58.0,3.0,2.0,0.0,120.0,38.0,3.0,.274,.322,.566,.888,.305,14.13,801.0,35.0,63.0,461.0,434.0,117.0,20.0,8.0,24.0,22.0,1.0,110.0,2.0,3.0,0.0,225.0,68.0,4.0,.270,.306,.518,.824,.307,18.08,1598.0,81.0,129.0,2025
621111,Walker Buehler,135,San Diego Padres,,P,2026,,,,,,,,,,,,,,,,,,,,,,,,,,,,,,,,,,,,,,,,,,,,,,,,,2025
621112,Paul Blackburn,147,New York Yankees,,P,2026,0.0,0.0,0.0,0.0,0.0,0.0,0.0,0.0,0.0,0.0,0.0,0.0,0.0,0.0,0.0,.000,.000,.000,.000,.---,-.--,0.0,0.0,0.0,,,,,,,,,,,,,,,,,,,,,,,,,2025
666171,Ryan Zeferjahn,108,Los Angeles Angels,,P,2026,,,,,,,,,,,,,,,,,,,,,,,,,,,,,,,,,,,,,,,,,,,,,,,,,2025
545341,Randal Grichuk,145,Chicago White Sox,,DH,2026,147.0,139.0,34.0,10.0,0.0,9.0,6.0,1.0,33.0,1.0,1.0,0.0,71.0,23.0,2.0,.245,.279,.511,.790,.255,15.44,537.0,33.0,40.0,293.0,272.0,62.0,18.0,1.0,9.0,17.0,1.0,61.0,1.0,3.0,0.0,109.0,27.0,6.0,.228,.273,.401,.674,.259,30.22,1077.0,68.0,84.0,2025
664126,Pete Fairbanks,146,Miami Marlins,,P,2026,0.0,0.0,0.0,0.0,0.0,0.0,0.0,0.0,0.0,0.0,0.0,0.0,0.0,0.0,0.0,.000,.000,.000,.000,.---,-.--,0.0,0.0,0.0,,,,,,,,,,,,,,,,,,,,,,,,,2025
641598,Mitch Garver,136,Seattle Mariners,,C,2026,130.0,109.0,20.0,2.0,0.0,4.0,20.0,0.0,41.0,1.0,0.0,0.0,34.0,14.0,1.0,.183,.315,.312,.627,.250,27.25,548.0,19.0,29.0,290.0,254.0,53.0,5.0,1.0,9.0,30.0,1.0,80.0,3.0,3.0,0.0,87.0,30.0,6.0,.209,.297,.343,.640,.262,28.22,1166.0,47.0,77.0,2025
621121,Lance McCullers Jr.,158,Milwaukee Brewers,,P,2026,,,,,,,,,,,,,,,,,,,,,,,,,,,,,,,,,,,,,,,,,,,,,,,,,2025
666176,Jo Adell,108,Los Angeles Angels,,RF,2026,403.0,376.0,91.0,15.0,1.0,13.0,12.0,0.0,89.0,13.0,2.0,0.0,147.0,53.0,12.0,.242,.288,.391,.679,.283,28.92,1534.0,89.0,109.0,573.0,526.0,124.0,18.0,1.0,37.0,33.0,0.0,151.0,10.0,1.0,0.0,255.0,98.0,10.0,.236,.293,.485,.778,.257,14.22,2220.0,111.0,141.0,2025
668227,Randy Arozarena,136,Seattle Mariners,,LF,2026,383.0,329.0,93.0,21.0,1.0,11.0,37.0,0.0,83.0,14.0,3.0,0.0,149.0,45.0,9.0,.283,.376,.453,.829,.345,29.91,1530.0,90.0,66.0,709.0,613.0,146.0,32.0,1.0,27.0,64.0,2.0,191.0,27.0,5.0,0.0,261.0,76.0,9.0,.238,.334,.426,.760,.298,22.70,2873.0,125.0,156.0,2025
571970,Max Muncy,119,Los Angeles Dodgers,,3B,2026,340.0,296.0,77.0,14.0,1.0,18.0,41.0,2.0,79.0,3.0,0.0,0.0,147.0,42.0,4.0,.260,.356,.497,.853,.296,16.44,1345.0,64.0,76.0,388.0,313.0,76.0,10.0,2.0,19.0,64.0,2.0,83.0,6.0,5.0,0.0,147.0,67.0,4.0,.243,.376,.470,.846,.264,16.47,1650.0,61.0,98.0,2025
623168,Tyler Heineman,108,Los Angeles Angels,,C,2026,107.0,97.0,17.0,2.0,0.0,1.0,3.0,0.0,22.0,3.0,0.0,4.0,22.0,6.0,4.0,.175,.223,.227,.450,.216,97.00,392.0,37.0,25.0,174.0,149.0,43.0,8.0,1.0,3.0,12.0,0.0,31.0,6.0,2.0,5.0,62.0,20.0,1.0,.289,.361,.416,.777,.342,49.67,627.0,30.0,52.0,2025
666182,Bo Bichette,121,New York Mets,,SS,2026,417.0,384.0,97.0,14.0,1.0,10.0,25.0,0.0,74.0,2.0,6.0,0.0,143.0,51.0,13.0,.253,.297,.372,.669,.284,38.40,1527.0,114.0,105.0,628.0,582.0,181.0,44.0,1.0,18.0,40.0,2.0,91.0,3.0,3.0,0.0,281.0,94.0,17.0,.311,.357,.483,.840,.342,32.33,2308.0,171.0,142.0,2025
670280,David Bednar,147,New York Yankees,,P,2026,0.0,0.0,0.0,0.0,0.0,0.0,0.0,0.0,0.0,0.0,0.0,0.0,0.0,0.0,0.0,.000,.000,.000,.000,.---,-.--,0.0,0.0,0.0,,,,,,,,,,,,,,,,,,,,,,,,,2025
543309,Kyle Higashioka,140,Texas Rangers,,C,2026,177.0,159.0,35.0,3.0,0.0,7.0,17.0,0.0,46.0,1.0,0.0,0.0,59.0,17.0,5.0,.220,.299,.371,.670,.264,22.71,724.0,33.0,45.0,327.0,303.0,73.0,14.0,1.0,11.0,20.0,0.0,72.0,2.0,2.0,0.0,122.0,47.0,5.0,.241,.291,.403,.694,.279,27.54,1279.0,68.0,92.0,2025
664141,JT Brubaker,137,San Francisco Giants,,P,2026,,,,,,,,,,,,,,,,,,,,,,,,,,,,,,,,,,,,,,,,,,,,,,,,,2025
672335,Cionel Pérez,121,New York Mets,,P,2026,,,,,,,,,,,,,,,,,,,,,,,,,0.0,0.0,0.0,0.0,0.0,0.0,0.0,0.0,0.0,0.0,0.0,0.0,0.0,0.0,0.0,.000,.000,.000,.000,.---,-.--,0.0,0.0,0.0,2025
676439,Hunter Feduccia,139,Tampa Bay Rays,,C,2026,140.0,123.0,28.0,4.0,1.0,2.0,13.0,0.0,41.0,1.0,1.0,2.0,40.0,11.0,1.0,.228,.304,.325,.629,.321,61.50,581.0,19.0,38.0,105.0,88.0,13.0,5.0,0.0,0.0,15.0,0.0,29.0,0.0,2.0,0.0,18.0,8.0,0.0,.148,.267,.205,.472,.213,-.--,477.0,21.0,27.0,2025
545361,Mike Trout,108,Los Angeles Angels,,CF,2026,358.0,287.0,68.0,14.0,0.0,18.0,67.0,8.0,89.0,4.0,0.0,0.0,136.0,39.0,5.0,.237,.388,.474,.862,.278,15.94,1508.0,53.0,77.0,556.0,456.0,106.0,14.0,1.0,26.0,87.0,10.0,178.0,6.0,6.0,0.0,200.0,64.0,7.0,.232,.359,.439,.798,.310,17.54,2482.0,66.0,112.0,2025
666200,Jesús Luzardo,143,Philadelphia Phillies,,P,2026,,,,,,,,,,,,,,,,,,,,,,,,,,,,,,,,,,,,,,,,,,,,,,,,,2025
676440,Tanner Bibee,114,Cleveland Guardians,,P,2026,,,,,,,,,,,,,,,,,,,,,,,,,,,,,,,,,,,,,,,,,,,,,,,,,2025
678489,Jorge Barrosa,109,Arizona Diamondbacks,,CF,2026,129.0,113.0,21.0,10.0,1.0,2.0,10.0,0.0,36.0,1.0,0.0,5.0,39.0,10.0,1.0,.186,.258,.345,.603,.253,56.50,551.0,31.0,30.0,77.0,71.0,10.0,3.0,0.0,1.0,2.0,0.0,22.0,1.0,3.0,0.0,16.0,7.0,1.0,.141,.169,.225,.394,.176,71.00,327.0,18.0,24.0,2025
686681,Michael Massey,118,Kansas City Royals,,2B,2026,251.0,232.0,62.0,16.0,0.0,7.0,14.0,0.0,42.0,0.0,3.0,2.0,99.0,33.0,4.0,.267,.305,.427,.732,.296,33.14,927.0,53.0,80.0,277.0,262.0,64.0,9.0,0.0,3.0,9.0,0.0,43.0,1.0,4.0,1.0,82.0,20.0,3.0,.244,.268,.313,.581,.277,87.33,1013.0,48.0,112.0,2025
672356,Gabriel Arias,114,Cleveland Guardians,,SS,2026,97.0,92.0,22.0,2.0,0.0,5.0,5.0,1.0,40.0,0.0,0.0,0.0,39.0,10.0,0.0,.239,.278,.424,.702,.362,18.40,378.0,20.0,10.0,471.0,432.0,95.0,25.0,2.0,11.0,27.0,1.0,162.0,7.0,4.0,1.0,157.0,54.0,8.0,.220,.274,.363,.637,.319,39.27,1792.0,101.0,79.0,2025
666211,Taylor Trammell,117,Houston Astros,,CF,2026,125.0,114.0,26.0,5.0,1.0,3.0,9.0,0.0,42.0,1.0,0.0,1.0,42.0,11.0,0.0,.228,.290,.368,.658,.333,38.00,482.0,20.0,27.0,135.0,117.0,23.0,7.0,0.0,3.0,17.0,0.0,41.0,0.0,1.0,0.0,39.0,12.0,0.0,.197,.296,.333,.629,.270,39.00,552.0,26.0,28.0,2025
623211,Huascar Brazobán,121,New York Mets,,P,2026,,,,,,,,,,,,,,,,,,,,,,,,,,,,,,,,,,,,,,,,,,,,,,,,,2025
682608,Peyton Gray,140,Texas Rangers,,P,2026,,,,,,,,,,,,,,,,,,,,,,,,,,,,,,,,,,,,,,,,,,,,,,,,,2025
680570,Grayson Rodriguez,108,Los Angeles Angels,,P,2026,,,,,,,,,,,,,,,,,,,,,,,,,,,,,,,,,,,,,,,,,,,,,,,,,2025
670329,Rico Garcia,110,Baltimore Orioles,,P,2026,0.0,0.0,0.0,0.0,0.0,0.0,0.0,0.0,0.0,0.0,0.0,0.0,0.0,0.0,0.0,.000,.000,.000,.000,.---,-.--,0.0,0.0,0.0,,,,,,,,,,,,,,,,,,,,,,,,,2025
662139,Daulton Varsho,141,Toronto Blue Jays,,CF,2026,312.0,283.0,67.0,16.0,2.0,7.0,26.0,2.0,62.0,2.0,1.0,0.0,108.0,24.0,1.0,.237,.304,.382,.686,.279,40.43,1177.0,63.0,92.0,271.0,248.0,59.0,13.0,2.0,20.0,17.0,1.0,77.0,1.0,5.0,0.0,136.0,55.0,1.0,.238,.284,.548,.832,.250,12.40,986.0,41.0,76.0,2025
676475,Alec Burleson,138,St. Louis Cardinals,,1B,2026,403.0,363.0,99.0,23.0,1.0,15.0,33.0,2.0,61.0,4.0,3.0,0.0,169.0,67.0,9.0,.273,.337,.466,.803,.290,24.20,1464.0,105.0,101.0,546.0,497.0,144.0,26.0,2.0,18.0,39.0,1.0,79.0,3.0,4.0,1.0,228.0,69.0,14.0,.290,.343,.459,.802,.312,27.61,1933.0,119.0,160.0,2025
676477,Garrett Whitlock,111,Boston Red Sox,,P,2026,0.0,0.0,0.0,0.0,0.0,0.0,0.0,0.0,0.0,0.0,0.0,0.0,0.0,0.0,0.0,.000,.000,.000,.000,.---,-.--,0.0,0.0,0.0,0.0,0.0,0.0,0.0,0.0,0.0,0.0,0.0,0.0,0.0,0.0,0.0,0.0,0.0,0.0,.000,.000,.000,.000,.---,-.--,0.0,0.0,0.0,2025
682622,Noelvi Marte,113,Cincinnati Reds,,RF,2026,137.0,128.0,25.0,5.0,0.0,6.0,9.0,0.0,35.0,0.0,0.0,0.0,48.0,13.0,3.0,.195,.248,.375,.623,.218,21.33,530.0,41.0,27.0,360.0,339.0,89.0,17.0,2.0,14.0,16.0,0.0,85.0,3.0,2.0,0.0,152.0,51.0,7.0,.263,.300,.448,.748,.310,24.21,1267.0,87.0,80.0,2025
672386,Alejandro Kirk,141,Toronto Blue Jays,,C,2026,103.0,91.0,19.0,4.0,0.0,2.0,11.0,1.0,14.0,0.0,1.0,0.0,29.0,9.0,1.0,.209,.291,.319,.610,.224,45.50,399.0,30.0,29.0,506.0,451.0,127.0,18.0,0.0,15.0,48.0,2.0,59.0,1.0,6.0,0.0,190.0,76.0,16.0,.282,.348,.421,.769,.292,30.07,1977.0,132.0,139.0,2025
682626,Francisco Alvarez,121,New York Mets,,C,2026,236.0,212.0,55.0,7.0,0.0,11.0,18.0,0.0,61.0,3.0,1.0,0.0,95.0,24.0,14.0,.259,.325,.448,.773,.312,19.27,966.0,54.0,43.0,277.0,246.0,63.0,12.0,1.0,11.0,27.0,0.0,73.0,4.0,0.0,0.0,110.0,32.0,6.0,.256,.339,.447,.786,.321,22.36,1123.0,61.0,49.0,2025
699013,Esmerlyn Valdez,134,Pittsburgh Pirates,,RF,2026,105.0,94.0,29.0,6.0,1.0,10.0,10.0,0.0,38.0,0.0,1.0,0.0,67.0,27.0,4.0,.309,.371,.713,1.084,.404,9.40,445.0,11.0,17.0,,,,,,,,,,,,,,,,,,,,,,,,,2025
592518,Manny Machado,135,San Diego Padres,,3B,2026,395.0,344.0,69.0,16.0,0.0,19.0,45.0,3.0,87.0,0.0,5.0,1.0,142.0,55.0,7.0,.201,.289,.413,.702,.206,18.10,1577.0,94.0,100.0,678.0,615.0,169.0,33.0,0.0,27.0,55.0,4.0,131.0,3.0,5.0,0.0,283.0,95.0,16.0,.275,.335,.460,.795,.307,22.78,2647.0,144.0,176.0,2025
664199,Taylor Clarke,109,Arizona Diamondbacks,,P,2026,,,,,,,,,,,,,,,,,,,,,,,,,0.0,0.0,0.0,0.0,0.0,0.0,0.0,0.0,0.0,0.0,0.0,0.0,0.0,0.0,0.0,.000,.000,.000,.000,.---,-.--,0.0,0.0,0.0,2025
682634,Kevin Alcántara,112,Chicago Cubs,,DH,2026,18.0,17.0,4.0,0.0,0.0,0.0,1.0,0.0,6.0,0.0,0.0,0.0,4.0,3.0,1.0,.235,.278,.235,.513,.364,-.--,76.0,3.0,4.0,12.0,11.0,4.0,0.0,0.0,0.0,1.0,0.0,4.0,0.0,0.0,0.0,4.0,1.0,0.0,.364,.417,.364,.781,.571,-.--,46.0,2.0,1.0,2025
664208,Phil Maton,112,Chicago Cubs,,P,2026,,,,,,,,,,,,,,,,,,,,,,,,,0.0,0.0,0.0,0.0,0.0,0.0,0.0,0.0,0.0,0.0,0.0,0.0,0.0,0.0,0.0,.000,.000,.000,.000,.---,-.--,0.0,0.0,0.0,2025
641680,Jonah Heim,133,Athletics,,C,2026,180.0,164.0,38.0,9.0,0.0,9.0,13.0,0.0,35.0,1.0,2.0,0.0,74.0,29.0,3.0,.232,.289,.451,.740,.238,18.22,642.0,50.0,43.0,433.0,395.0,84.0,14.0,0.0,11.0,32.0,0.0,88.0,1.0,4.0,1.0,131.0,43.0,10.0,.213,.271,.332,.603,.243,35.91,1704.0,106.0,122.0,2025
674444,Steven Cruz,118,Kansas City Royals,,P,2026,,,,,,,,,,,,,,,,,,,,,,,,,0.0,0.0,0.0,0.0,0.0,0.0,0.0,0.0,0.0,0.0,0.0,0.0,0.0,0.0,0.0,.000,.000,.000,.000,.---,-.--,0.0,0.0,0.0,2025
594580,Sam Moll,113,Cincinnati Reds,,P,2026,,,,,,,,,,,,,,,,,,,,,,,,,,,,,,,,,,,,,,,,,,,,,,,,,2025
686751,Seth Johnson,143,Philadelphia Phillies,,P,2026,,,,,,,,,,,,,,,,,,,,,,,,,,,,,,,,,,,,,,,,,,,,,,,,,2025
678554,Curtis Mead,120,Washington Nationals,,3B,2026,302.0,265.0,68.0,16.0,1.0,17.0,33.0,0.0,56.0,4.0,0.0,0.0,137.0,47.0,6.0,.257,.348,.517,.865,.266,15.59,1285.0,58.0,83.0,264.0,240.0,56.0,10.0,1.0,3.0,15.0,0.0,63.0,8.0,1.0,0.0,77.0,19.0,9.0,.233,.299,.321,.620,.303,80.00,1019.0,47.0,75.0,2025
686753,Drey Jameson,109,Arizona Diamondbacks,,P,2026,,,,,,,,,,,,,,,,,,,,,,,,,0.0,0.0,0.0,0.0,0.0,0.0,0.0,0.0,0.0,0.0,0.0,0.0,0.0,0.0,0.0,.000,.000,.000,.000,.---,-.--,0.0,0.0,0.0,2025
666277,George Soriano,138,St. Louis Cardinals,,P,2026,0.0,0.0,0.0,0.0,0.0,0.0,0.0,0.0,0.0,0.0,0.0,0.0,0.0,0.0,0.0,.000,.000,.000,.000,.---,-.--,0.0,0.0,0.0,,,,,,,,,,,,,,,,,,,,,,,,,2025
516782,Starling Marte,118,Kansas City Royals,,RF,2026,125.0,112.0,30.0,4.0,0.0,1.0,8.0,0.0,34.0,3.0,2.0,0.0,37.0,9.0,2.0,.268,.328,.330,.658,.367,112.00,472.0,26.0,24.0,329.0,293.0,79.0,14.0,0.0,9.0,22.0,0.0,68.0,9.0,4.0,1.0,120.0,34.0,7.0,.270,.335,.410,.745,.318,32.56,1255.0,83.0,68.0,2025
682668,Luisangel Acuña,145,Chicago White Sox,,SS,2026,161.0,149.0,36.0,3.0,0.0,1.0,7.0,0.0,29.0,1.0,2.0,2.0,42.0,10.0,4.0,.242,.277,.282,.559,.289,149.00,554.0,54.0,34.0,193.0,175.0,41.0,7.0,0.0,0.0,13.0,0.0,37.0,2.0,1.0,2.0,48.0,8.0,6.0,.234,.293,.274,.567,.295,-.--,687.0,58.0,42.0,2025
678577,Junior Perez,145,Chicago White Sox,,CF,2026,33.0,32.0,5.0,0.0,0.0,2.0,1.0,0.0,14.0,0.0,0.0,0.0,11.0,4.0,0.0,.156,.182,.344,.526,.188,16.00,129.0,3.0,10.0,,,,,,,,,,,,,,,,,,,,,,,,,2025
621237,José Alvarado,143,Philadelphia Phillies,,P,2026,,,,,,,,,,,,,,,,,,,,,,,,,,,,,,,,,,,,,,,,,,,,,,,,,2025
676534,Calvin Faucher,146,Miami Marlins,,P,2026,,,,,,,,,,,,,,,,,,,,,,,,,,,,,,,,,,,,,,,,,,,,,,,,,2025
694973,Paul Skenes,134,Pittsburgh Pirates,,P,2026,,,,,,,,,,,,,,,,,,,,,,,,,,,,,,,,,,,,,,,,,,,,,,,,,2025
686780,Pedro Pagés,138,St. Louis Cardinals,,C,2026,160.0,146.0,31.0,6.0,0.0,4.0,6.0,0.0,41.0,2.0,2.0,4.0,49.0,11.0,5.0,.212,.250,.336,.586,.262,36.50,653.0,39.0,41.0,389.0,361.0,83.0,15.0,0.0,11.0,19.0,1.0,107.0,3.0,3.0,3.0,131.0,45.0,9.0,.230,.272,.363,.635,.293,32.82,1486.0,87.0,90.0,2025
686790,Trevor McDonald,137,San Francisco Giants,,P,2026,,,,,,,,,,,,,,,,,,,,,,,,,,,,,,,,,,,,,,,,,,,,,,,,,2025
672456,Keider Montero,116,Detroit Tigers,,P,2026,,,,,,,,,,,,,,,,,,,,,,,,,,,,,,,,,,,,,,,,,,,,,,,,,2025
676551,Brewer Hicklen,144,Atlanta Braves,,CF,2026,9.0,8.0,3.0,2.0,0.0,0.0,1.0,0.0,2.0,0.0,0.0,0.0,5.0,1.0,0.0,.375,.444,.625,1.069,.500,-.--,30.0,2.0,1.0,4.0,3.0,2.0,0.0,0.0,0.0,1.0,0.0,1.0,0.0,0.0,0.0,2.0,0.0,0.0,.667,.750,.667,1.417,1.000,-.--,18.0,0.0,0.0,2025
686797,Brooks Lee,142,Minnesota Twins,,SS,2026,377.0,345.0,86.0,15.0,2.0,14.0,28.0,0.0,60.0,2.0,1.0,1.0,147.0,51.0,5.0,.249,.309,.426,.735,.265,24.64,1407.0,87.0,114.0,527.0,487.0,115.0,15.0,1.0,16.0,31.0,0.0,92.0,4.0,5.0,0.0,180.0,64.0,11.0,.236,.285,.370,.655,.258,30.44,2009.0,138.0,147.0,2025
678606,José A. Ferrer,136,Seattle Mariners,,P,2026,,,,,,,,,,,,,,,,,,,,,,,,,0.0,0.0,0.0,0.0,0.0,0.0,0.0,0.0,0.0,0.0,0.0,0.0,0.0,0.0,0.0,.000,.000,.000,.000,.---,-.--,0.0,0.0,0.0,2025
641743,Anthony Kay,145,Chicago White Sox,,P,2026,,,,,,,,,,,,,,,,,,,,,,,,,,,,,,,,,,,,,,,,,,,,,,,,,2025
680664,Eduardo Valencia,116,Detroit Tigers,,C,2026,13.0,12.0,5.0,0.0,0.0,2.0,0.0,0.0,4.0,1.0,0.0,0.0,11.0,3.0,0.0,.417,.462,.917,1.379,.500,6.00,51.0,2.0,1.0,,,,,,,,,,,,,,,,,,,,,,,,,2025
641755,Tyler Kinley,144,Atlanta Braves,,P,2026,0.0,0.0,0.0,0.0,0.0,0.0,0.0,0.0,0.0,0.0,0.0,0.0,0.0,0.0,0.0,.000,.000,.000,.000,.---,-.--,0.0,0.0,0.0,,,,,,,,,,,,,,,,,,,,,,,,,2025
676572,Eric Wagaman,121,New York Mets,,1B,2026,39.0,34.0,6.0,0.0,0.0,2.0,4.0,0.0,9.0,1.0,0.0,0.0,12.0,4.0,1.0,.176,.282,.353,.635,.174,17.00,168.0,12.0,7.0,514.0,476.0,119.0,28.0,3.0,9.0,32.0,0.0,100.0,1.0,5.0,0.0,180.0,53.0,11.0,.250,.296,.378,.674,.296,52.89,1955.0,132.0,130.0,2025
518876,Merrill Kelly,109,Arizona Diamondbacks,,P,2026,,,,,,,,,,,,,,,,,,,,,,,,,,,,,,,,,,,,,,,,,,,,,,,,,2025
676571,PJ Poulin,120,Washington Nationals,,P,2026,,,,,,,,,,,,,,,,,,,,,,,,,0.0,0.0,0.0,0.0,0.0,0.0,0.0,0.0,0.0,0.0,0.0,0.0,0.0,0.0,0.0,.000,.000,.000,.000,.---,-.--,0.0,0.0,0.0,2025
668390,Cole Winn,140,Texas Rangers,,P,2026,,,,,,,,,,,,,,,,,,,,,,,,,,,,,,,,,,,,,,,,,,,,,,,,,2025
682729,Jonatan Clase,141,Toronto Blue Jays,,LF,2026,20.0,18.0,6.0,0.0,0.0,2.0,2.0,0.0,6.0,0.0,0.0,0.0,12.0,6.0,0.0,.333,.400,.667,1.067,.400,9.00,92.0,4.0,2.0,112.0,100.0,21.0,3.0,0.0,2.0,10.0,0.0,28.0,1.0,0.0,1.0,30.0,9.0,1.0,.210,.288,.300,.588,.271,50.00,439.0,24.0,28.0,2025
701162,Ben Malgeri,116,Detroit Tigers,,CF,2026,30.0,25.0,7.0,2.0,0.0,0.0,4.0,0.0,7.0,0.0,1.0,0.0,9.0,4.0,0.0,.280,.367,.360,.727,.368,-.--,111.0,6.0,6.0,,,,,,,,,,,,,,,,,,,,,,,,,2025
518886,Craig Kimbrel,139,Tampa Bay Rays,,P,2026,,,,,,,,,,,,,,,,,,,,,,,,,,,,,,,,,,,,,,,,,,,,,,,,,2025
664299,Cristian Javier,117,Houston Astros,,P,2026,,,,,,,,,,,,,,,,,,,,,,,,,,,,,,,,,,,,,,,,,,,,,,,,,2025
662253,Andrés Muñoz,136,Seattle Mariners,,P,2026,,,,,,,,,,,,,,,,,,,,,,,,,,,,,,,,,,,,,,,,,,,,,,,,,2025
690924,Braxton Fulford,115,Colorado Rockies,,DH,2026,66.0,57.0,11.0,4.0,0.0,1.0,6.0,0.0,27.0,1.0,2.0,0.0,18.0,7.0,0.0,.193,.273,.316,.589,.323,57.00,265.0,7.0,14.0,120.0,108.0,23.0,5.0,2.0,1.0,7.0,0.0,36.0,2.0,3.0,0.0,35.0,16.0,1.0,.213,.267,.324,.591,.297,108.00,455.0,20.0,32.0,2025
649966,Luis Urías,141,Toronto Blue Jays,,2B,2026,31.0,28.0,8.0,1.0,0.0,2.0,3.0,0.0,3.0,0.0,0.0,0.0,15.0,3.0,0.0,.286,.355,.536,.891,.261,14.00,117.0,7.0,10.0,330.0,287.0,66.0,7.0,0.0,8.0,31.0,0.0,45.0,6.0,3.0,0.0,97.0,25.0,9.0,.230,.315,.338,.653,.245,35.88,1302.0,81.0,98.0,2025
690925,Clayton Beeter,120,Washington Nationals,,P,2026,0.0,0.0,0.0,0.0,0.0,0.0,0.0,0.0,0.0,0.0,0.0,0.0,0.0,0.0,0.0,.000,.000,.000,.000,.---,-.--,0.0,0.0,0.0,,,,,,,,,,,,,,,,,,,,,,,,,2025
641778,Eric Lauer,119,Los Angeles Dodgers,,P,2026,,,,,,,,,,,,,,,,,,,,,,,,,,,,,,,,,,,,,,,,,,,,,,,,,2025
592626,Joc Pederson,140,Texas Rangers,,DH,2026,294.0,251.0,59.0,8.0,2.0,15.0,36.0,1.0,66.0,3.0,3.0,0.0,116.0,34.0,8.0,.235,.334,.462,.796,.254,16.73,1194.0,62.0,67.0,306.0,265.0,48.0,10.0,1.0,9.0,34.0,0.0,65.0,5.0,1.0,0.0,87.0,26.0,5.0,.181,.285,.328,.613,.203,29.44,1237.0,68.0,85.0,2025
680694,Kyle Bradish,110,Baltimore Orioles,,P,2026,0.0,0.0,0.0,0.0,0.0,0.0,0.0,0.0,0.0,0.0,0.0,0.0,0.0,0.0,0.0,.000,.000,.000,.000,.---,-.--,0.0,0.0,0.0,,,,,,,,,,,,,,,,,,,,,,,,,2025
623352,Josh Hader,117,Houston Astros,,P,2026,,,,,,,,,,,,,,,,,,,,,,,,,0.0,0.0,0.0,0.0,0.0,0.0,0.0,0.0,0.0,0.0,0.0,0.0,0.0,0.0,0.0,.000,.000,.000,.000,.---,-.--,0.0,0.0,0.0,2025
676604,Tyler Zuber,146,Miami Marlins,,P,2026,,,,,,,,,,,,,,,,,,,,,,,,,,,,,,,,,,,,,,,,,,,,,,,,,2025
680700,Richie Palacios,139,Tampa Bay Rays,,2B,2026,228.0,198.0,47.0,7.0,2.0,3.0,26.0,0.0,40.0,3.0,1.0,0.0,67.0,27.0,4.0,.237,.333,.338,.671,.282,66.00,886.0,52.0,60.0,48.0,42.0,14.0,2.0,0.0,1.0,5.0,0.0,9.0,0.0,1.0,0.0,19.0,3.0,3.0,.333,.396,.452,.848,.394,42.00,190.0,11.0,9.0,2025
699134,Bradgley Rodriguez,135,San Diego Padres,,P,2026,,,,,,,,,,,,,,,,,,,,,,,,,,,,,,,,,,,,,,,,,,,,,,,,,2025
815873,Sean Keys,141,Toronto Blue Jays,,DH,2026,33.0,32.0,6.0,1.0,0.0,1.0,1.0,0.0,12.0,0.0,0.0,0.0,10.0,5.0,0.0,.188,.212,.313,.525,.263,32.00,151.0,4.0,10.0,,,,,,,,,,,,,,,,,,,,,,,,,2025
672515,Gabriel Moreno,109,Arizona Diamondbacks,,C,2026,279.0,240.0,73.0,15.0,0.0,6.0,32.0,0.0,44.0,3.0,4.0,0.0,106.0,32.0,6.0,.304,.387,.442,.829,.345,40.00,1218.0,65.0,62.0,309.0,277.0,79.0,12.0,1.0,9.0,29.0,3.0,53.0,1.0,2.0,0.0,120.0,40.0,6.0,.285,.353,.433,.786,.323,30.78,1314.0,60.0,87.0,2025
641793,Zack Littell,120,Washington Nationals,,P,2026,,,,,,,,,,,,,,,,,,,,,,,,,,,,,,,,,,,,,,,,,,,,,,,,,2025
676609,José Caballero,147,New York Yankees,,SS,2026,302.0,276.0,68.0,10.0,0.0,10.0,16.0,0.0,69.0,5.0,3.0,2.0,108.0,35.0,8.0,.246,.297,.391,.688,.290,27.60,1215.0,76.0,68.0,370.0,314.0,74.0,18.0,1.0,5.0,47.0,0.0,98.0,3.0,2.0,4.0,109.0,36.0,1.0,.236,.339,.347,.686,.324,62.80,1501.0,61.0,87.0,2025
678662,Ezequiel Tovar,115,Colorado Rockies,,SS,2026,344.0,318.0,63.0,17.0,0.0,8.0,18.0,0.0,87.0,2.0,6.0,0.0,104.0,32.0,5.0,.198,.241,.327,.568,.240,39.75,1243.0,78.0,96.0,390.0,360.0,91.0,18.0,4.0,9.0,21.0,0.0,98.0,1.0,2.0,6.0,144.0,33.0,2.0,.253,.294,.400,.694,.322,40.00,1469.0,76.0,103.0,2025
606996,Kyle Hart,135,San Diego Padres,,P,2026,,,,,,,,,,,,,,,,,,,,,,,,,,,,,,,,,,,,,,,,,,,,,,,,,2025
676617,Riley O'Brien,138,St. Louis Cardinals,,P,2026,,,,,,,,,,,,,,,,,,,,,,,,,,,,,,,,,,,,,,,,,,,,,,,,,2025
543510,James McCann,109,Arizona Diamondbacks,,C,2026,69.0,66.0,15.0,3.0,0.0,2.0,1.0,0.0,18.0,0.0,0.0,2.0,24.0,10.0,4.0,.227,.239,.364,.603,.283,33.00,260.0,23.0,12.0,137.0,123.0,32.0,6.0,0.0,5.0,8.0,0.0,33.0,4.0,1.0,1.0,53.0,17.0,3.0,.260,.324,.431,.755,.314,24.60,507.0,34.0,26.0,2025
592663,J.T. Realmuto,143,Philadelphia Phillies,,C,2026,260.0,231.0,48.0,11.0,0.0,7.0,19.0,0.0,53.0,8.0,2.0,0.0,80.0,33.0,3.0,.208,.288,.346,.634,.237,33.00,986.0,66.0,66.0,550.0,502.0,129.0,26.0,1.0,12.0,35.0,1.0,129.0,9.0,3.0,0.0,193.0,52.0,13.0,.257,.315,.384,.699,.321,41.83,2196.0,124.0,123.0,2025
680732,Sean Burke,145,Chicago White Sox,,P,2026,,,,,,,,,,,,,,,,,,,,,,,,,,,,,,,,,,,,,,,,,,,,,,,,,2025
641816,Tyler Mahle,137,San Francisco Giants,,P,2026,,,,,,,,,,,,,,,,,,,,,,,,,,,,,,,,,,,,,,,,,,,,,,,,,2025
592662,Robbie Ray,137,San Francisco Giants,,P,2026,,,,,,,,,,,,,,,,,,,,,,,,,,,,,,,,,,,,,,,,,,,,,,,,,2025
666397,Edouard Julien,115,Colorado Rockies,,2B,2026,247.0,212.0,47.0,7.0,1.0,3.0,34.0,0.0,64.0,1.0,0.0,0.0,65.0,20.0,6.0,.222,.332,.307,.639,.303,70.67,1023.0,55.0,46.0,208.0,182.0,40.0,10.0,0.0,3.0,22.0,0.0,61.0,2.0,1.0,1.0,59.0,12.0,3.0,.220,.309,.324,.633,.311,60.67,876.0,50.0,33.0,2025
621345,A.J. Minter,121,New York Mets,,P,2026,,,,,,,,,,,,,,,,,,,,,,,,,,,,,,,,,,,,,,,,,,,,,,,,,2025
690978,Dax Fulton,146,Miami Marlins,,P,2026,,,,,,,,,,,,,,,,,,,,,,,,,,,,,,,,,,,,,,,,,,,,,,,,,2025
807712,Luke Keaschall,142,Minnesota Twins,,2B,2026,359.0,309.0,81.0,14.0,1.0,4.0,35.0,1.0,54.0,10.0,5.0,0.0,109.0,28.0,4.0,.262,.351,.353,.704,.301,77.25,1338.0,66.0,113.0,207.0,182.0,55.0,14.0,0.0,4.0,19.0,0.0,29.0,5.0,1.0,0.0,81.0,28.0,4.0,.302,.382,.445,.827,.340,45.50,774.0,49.0,50.0,2025
680736,Justin Wrobleski,119,Los Angeles Dodgers,,P,2026,,,,,,,,,,,,,,,,,,,,,,,,,,,,,,,,,,,,,,,,,,,,,,,,,2025
680742,Jonathan Bowlan,143,Philadelphia Phillies,,P,2026,,,,,,,,,,,,,,,,,,,,,,,,,,,,,,,,,,,,,,,,,,,,,,,,,2025
695076,Rhett Lowder,113,Cincinnati Reds,,P,2026,,,,,,,,,,,,,,,,,,,,,,,,,,,,,,,,,,,,,,,,,,,,,,,,,2025
690976,Alex Freeland,119,Los Angeles Dodgers,,2B,2026,220.0,192.0,45.0,7.0,0.0,3.0,22.0,0.0,66.0,1.0,2.0,3.0,61.0,19.0,5.0,.234,.313,.318,.631,.336,64.00,894.0,48.0,38.0,97.0,84.0,16.0,2.0,1.0,2.0,11.0,0.0,35.0,1.0,0.0,1.0,26.0,6.0,3.0,.190,.292,.310,.602,.298,42.00,429.0,13.0,21.0,2025
690984,Petey Halpin,114,Cleveland Guardians,,CF,2026,65.0,61.0,11.0,1.0,1.0,0.0,2.0,0.0,20.0,0.0,0.0,2.0,14.0,1.0,0.0,.180,.206,.230,.436,.268,-.--,233.0,11.0,21.0,8.0,6.0,2.0,0.0,0.0,0.0,2.0,0.0,2.0,0.0,0.0,0.0,2.0,0.0,0.0,.333,.500,.333,.833,.500,-.--,33.0,1.0,1.0,2025
641835,Tim Mayza,143,Philadelphia Phillies,,P,2026,,,,,,,,,,,,,,,,,,,,,,,,,,,,,,,,,,,,,,,,,,,,,,,,,2025
805673,Zebby Matthews,142,Minnesota Twins,,P,2026,,,,,,,,,,,,,,,,,,,,,,,,,,,,,,,,,,,,,,,,,,,,,,,,,2025
660271,Shohei Ohtani,119,Los Angeles Dodgers,,TWP,2026,410.0,339.0,98.0,16.0,2.0,22.0,60.0,10.0,93.0,5.0,4.0,0.0,184.0,58.0,5.0,.289,.400,.543,.943,.333,15.41,1574.0,70.0,82.0,727.0,611.0,172.0,25.0,9.0,55.0,109.0,20.0,187.0,3.0,2.0,0.0,380.0,102.0,9.0,.282,.392,.622,1.014,.315,11.11,2865.0,120.0,134.0,2025
690993,Colt Keith,116,Detroit Tigers,,3B,2026,273.0,254.0,62.0,9.0,2.0,8.0,15.0,0.0,54.0,3.0,1.0,0.0,99.0,22.0,5.0,.244,.293,.390,.683,.280,31.75,999.0,58.0,81.0,468.0,414.0,106.0,22.0,2.0,13.0,48.0,1.0,102.0,2.0,4.0,0.0,171.0,45.0,7.0,.256,.333,.413,.746,.307,31.85,1826.0,87.0,123.0,2025
690997,Nolan McLean,121,New York Mets,,P,2026,,,,,,,,,,,,,,,,,,,,,,,,,,,,,,,,,,,,,,,,,,,,,,,,,2025
680755,Braydon Fisher,141,Toronto Blue Jays,,P,2026,,,,,,,,,,,,,,,,,,,,,,,,,,,,,,,,,,,,,,,,,,,,,,,,,2025
680757,Steven Kwan,114,Cleveland Guardians,,CF,2026,354.0,298.0,67.0,10.0,2.0,1.0,46.0,1.0,36.0,3.0,2.0,4.0,84.0,16.0,7.0,.225,.332,.282,.614,.251,298.00,1384.0,89.0,112.0,693.0,625.0,170.0,29.0,1.0,11.0,55.0,2.0,60.0,3.0,7.0,3.0,234.0,56.0,3.0,.272,.330,.374,.704,.283,56.82,2786.0,167.0,238.0,2025
676661,Max Lazar,143,Philadelphia Phillies,,P,2026,,,,,,,,,,,,,,,,,,,,,,,,,,,,,,,,,,,,,,,,,,,,,,,,,2025
676664,JP Sears,135,San Diego Padres,,P,2026,,,,,,,,,,,,,,,,,,,,,,,,,,,,,,,,,,,,,,,,,,,,,,,,,2025
680767,Victor Vodnik,115,Colorado Rockies,,P,2026,0.0,0.0,0.0,0.0,0.0,0.0,0.0,0.0,0.0,0.0,0.0,0.0,0.0,0.0,0.0,.000,.000,.000,.000,.---,-.--,0.0,0.0,0.0,0.0,0.0,0.0,0.0,0.0,0.0,0.0,0.0,0.0,0.0,0.0,0.0,0.0,0.0,0.0,.000,.000,.000,.000,.---,-.--,0.0,0.0,0.0,2025
641857,Ryan McMahon,147,New York Yankees,,3B,2026,228.0,209.0,45.0,8.0,0.0,9.0,18.0,0.0,72.0,0.0,0.0,1.0,80.0,26.0,5.0,.215,.278,.383,.661,.281,23.22,943.0,45.0,48.0,586.0,509.0,109.0,23.0,1.0,20.0,70.0,1.0,189.0,4.0,3.0,0.0,194.0,53.0,7.0,.214,.312,.381,.693,.294,25.45,2500.0,106.0,108.0,2025
691011,Drew Romo,145,Chicago White Sox,,C,2026,120.0,105.0,14.0,4.0,0.0,5.0,12.0,0.0,31.0,1.0,1.0,1.0,33.0,11.0,4.0,.133,.227,.314,.541,.129,21.00,433.0,30.0,32.0,3.0,3.0,0.0,0.0,0.0,0.0,0.0,0.0,3.0,0.0,0.0,0.0,0.0,0.0,0.0,.000,.000,.000,.000,.---,-.--,12.0,0.0,0.0,2025
621381,Matt Strahm,118,Kansas City Royals,,P,2026,,,,,,,,,,,,,,,,,,,,,,,,,,,,,,,,,,,,,,,,,,,,,,,,,2025
514888,Jose Altuve,117,Houston Astros,,2B,2026,321.0,289.0,67.0,13.0,1.0,11.0,29.0,1.0,71.0,1.0,1.0,1.0,115.0,27.0,13.0,.232,.303,.398,.701,.269,26.27,1171.0,89.0,64.0,654.0,588.0,156.0,24.0,1.0,26.0,55.0,5.0,109.0,4.0,6.0,1.0,260.0,77.0,20.0,.265,.329,.442,.771,.283,22.62,2314.0,149.0,181.0,2025
607043,Brandon Nimmo,140,Texas Rangers,,RF,2026,387.0,349.0,92.0,22.0,4.0,9.0,30.0,1.0,81.0,6.0,2.0,0.0,149.0,34.0,8.0,.264,.331,.427,.758,.318,38.78,1472.0,82.0,96.0,652.0,587.0,154.0,27.0,0.0,25.0,50.0,1.0,141.0,7.0,7.0,1.0,256.0,92.0,8.0,.262,.324,.436,.760,.301,23.48,2602.0,149.0,151.0,2025
572233,Christian Walker,117,Houston Astros,,1B,2026,405.0,363.0,85.0,19.0,1.0,20.0,33.0,2.0,93.0,8.0,1.0,0.0,166.0,58.0,11.0,.234,.311,.457,.768,.259,18.15,1559.0,87.0,99.0,640.0,585.0,139.0,24.0,1.0,27.0,40.0,1.0,177.0,11.0,4.0,0.0,246.0,88.0,10.0,.238,.297,.421,.718,.291,21.67,2513.0,111.0,162.0,2025
691019,Kyle Teel,145,Chicago White Sox,,C,2026,66.0,59.0,12.0,2.0,0.0,2.0,6.0,0.0,25.0,1.0,0.0,0.0,20.0,14.0,1.0,.203,.288,.339,.627,.313,29.50,278.0,9.0,13.0,297.0,253.0,69.0,11.0,0.0,8.0,37.0,0.0,77.0,5.0,1.0,1.0,104.0,35.0,1.0,.273,.375,.411,.786,.361,31.62,1225.0,49.0,60.0,2025
680779,Henry Davis,134,Pittsburgh Pirates,,C,2026,188.0,163.0,27.0,5.0,0.0,8.0,18.0,0.0,38.0,5.0,1.0,1.0,56.0,27.0,4.0,.166,.267,.344,.611,.161,20.38,689.0,42.0,58.0,283.0,252.0,42.0,7.0,0.0,7.0,18.0,0.0,76.0,5.0,3.0,3.0,70.0,22.0,2.0,.167,.234,.278,.512,.203,36.00,1069.0,48.0,92.0,2025
680777,Ryan Jeffers,142,Minnesota Twins,,C,2026,161.0,134.0,39.0,9.0,1.0,8.0,24.0,0.0,25.0,1.0,1.0,0.0,74.0,31.0,2.0,.291,.400,.552,.952,.304,16.75,688.0,28.0,44.0,464.0,406.0,108.0,26.0,0.0,9.0,50.0,1.0,91.0,7.0,1.0,0.0,161.0,47.0,9.0,.266,.356,.397,.753,.322,45.11,1879.0,91.0,117.0,2025
682829,Elly De La Cruz,113,Cincinnati Reds,,SS,2026,345.0,308.0,87.0,15.0,3.0,16.0,33.0,0.0,97.0,2.0,2.0,0.0,156.0,45.0,5.0,.282,.354,.506,.860,.360,19.25,1388.0,70.0,56.0,699.0,629.0,166.0,31.0,7.0,22.0,67.0,10.0,181.0,2.0,1.0,0.0,277.0,86.0,14.0,.264,.336,.440,.776,.337,28.59,2678.0,166.0,117.0,2025
670541,Yordan Alvarez,117,Houston Astros,,DH,2026,425.0,352.0,113.0,18.0,0.0,31.0,65.0,15.0,72.0,5.0,3.0,0.0,224.0,71.0,2.0,.321,.431,.636,1.067,.325,11.36,1669.0,57.0,113.0,199.0,165.0,45.0,8.0,0.0,6.0,28.0,5.0,33.0,0.0,6.0,0.0,71.0,27.0,1.0,.273,.367,.430,.797,.295,27.50,803.0,34.0,59.0,2025
680776,Jarren Duran,111,Boston Red Sox,,LF,2026,384.0,347.0,67.0,10.0,2.0,13.0,27.0,0.0,115.0,4.0,5.0,1.0,120.0,48.0,2.0,.193,.256,.346,.602,.241,26.69,1438.0,88.0,83.0,696.0,620.0,159.0,41.0,13.0,16.0,60.0,1.0,169.0,12.0,3.0,1.0,274.0,84.0,6.0,.256,.332,.442,.774,.326,38.75,2624.0,137.0,159.0,2025
691023,Jordan Walker,138,St. Louis Cardinals,,RF,2026,400.0,361.0,106.0,19.0,0.0,22.0,33.0,1.0,99.0,3.0,3.0,0.0,191.0,74.0,8.0,.294,.355,.529,.884,.346,16.41,1437.0,82.0,77.0,396.0,363.0,78.0,13.0,1.0,6.0,29.0,1.0,126.0,3.0,1.0,0.0,111.0,41.0,9.0,.215,.278,.306,.584,.310,60.50,1541.0,75.0,85.0,2025
676680,Tom Cosgrove,120,Washington Nationals,,P,2026,,,,,,,,,,,,,,,,,,,,,,,,,,,,,,,,,,,,,,,,,,,,,,,,,2025
691026,Masyn Winn,138,St. Louis Cardinals,,SS,2026,361.0,319.0,78.0,12.0,2.0,4.0,30.0,0.0,70.0,6.0,6.0,0.0,106.0,41.0,7.0,.245,.316,.332,.648,.295,79.75,1420.0,82.0,95.0,537.0,491.0,124.0,27.0,0.0,9.0,34.0,0.0,102.0,8.0,2.0,2.0,178.0,51.0,11.0,.253,.310,.363,.673,.301,54.56,2256.0,107.0,162.0,2025
682842,Abner Uribe,158,Milwaukee Brewers,,P,2026,,,,,,,,,,,,,,,,,,,,,,,,,,,,,,,,,,,,,,,,,,,,,,,,,2025
607067,Colin Rea,112,Chicago Cubs,,P,2026,,,,,,,,,,,,,,,,,,,,,,,,,1.0,1.0,0.0,0.0,0.0,0.0,0.0,0.0,1.0,0.0,0.0,0.0,0.0,0.0,0.0,.000,.000,.000,.000,.---,-.--,5.0,0.0,0.0,2025
445276,Kenley Jansen,116,Detroit Tigers,,P,2026,0.0,0.0,0.0,0.0,0.0,0.0,0.0,0.0,0.0,0.0,0.0,0.0,0.0,0.0,0.0,.000,.000,.000,.000,.---,-.--,0.0,0.0,0.0,0.0,0.0,0.0,0.0,0.0,0.0,0.0,0.0,0.0,0.0,0.0,0.0,0.0,0.0,0.0,.000,.000,.000,.000,.---,-.--,0.0,0.0,0.0,2025
623454,Drew Anderson,116,Detroit Tigers,,P,2026,,,,,,,,,,,,,,,,,,,,,,,,,,,,,,,,,,,,,,,,,,,,,,,,,2025
672613,Eliezer Alfonzo,119,Los Angeles Dodgers,,C,2026,9.0,9.0,0.0,0.0,0.0,0.0,0.0,0.0,0.0,0.0,0.0,0.0,0.0,0.0,0.0,.000,.000,.000,.000,.000,-.--,30.0,3.0,6.0,,,,,,,,,,,,,,,,,,,,,,,,,2025
686948,Drake Baldwin,144,Atlanta Braves,,C,2026,324.0,283.0,74.0,6.0,0.0,16.0,33.0,1.0,71.0,7.0,1.0,0.0,128.0,51.0,8.0,.261,.352,.452,.804,.294,17.69,1248.0,75.0,64.0,446.0,405.0,111.0,18.0,2.0,19.0,38.0,0.0,68.0,3.0,0.0,0.0,190.0,80.0,9.0,.274,.341,.469,.810,.289,21.32,1750.0,131.0,95.0,2025
623465,Evan Phillips,119,Los Angeles Dodgers,,P,2026,,,,,,,,,,,,,,,,,,,,,,,,,,,,,,,,,,,,,,,,,,,,,,,,,2025
656234,Jake Bird,147,New York Yankees,,P,2026,,,,,,,,,,,,,,,,,,,,,,,,,0.0,0.0,0.0,0.0,0.0,0.0,0.0,0.0,0.0,0.0,0.0,0.0,0.0,0.0,0.0,.000,.000,.000,.000,.---,-.--,0.0,0.0,0.0,2025
656240,Scott Blewett,138,St. Louis Cardinals,,P,2026,,,,,,,,,,,,,,,,,,,,,,,,,,,,,,,,,,,,,,,,,,,,,,,,,2025
594798,Jacob deGrom,140,Texas Rangers,,P,2026,,,,,,,,,,,,,,,,,,,,,,,,,,,,,,,,,,,,,,,,,,,,,,,,,2025
623474,Jimmy Herget,115,Colorado Rockies,,P,2026,0.0,0.0,0.0,0.0,0.0,0.0,0.0,0.0,0.0,0.0,0.0,0.0,0.0,0.0,0.0,.000,.000,.000,.000,.---,-.--,0.0,0.0,0.0,,,,,,,,,,,,,,,,,,,,,,,,,2025
676724,Jared Young,121,New York Mets,,1B,2026,161.0,143.0,35.0,7.0,0.0,6.0,13.0,0.0,34.0,4.0,1.0,0.0,60.0,18.0,3.0,.245,.323,.420,.743,.279,23.83,637.0,38.0,37.0,47.0,43.0,8.0,1.0,0.0,4.0,2.0,0.0,16.0,1.0,1.0,0.0,21.0,6.0,1.0,.186,.234,.488,.722,.167,10.75,192.0,6.0,14.0,2025
807799,Masataka Yoshida,111,Boston Red Sox,,DH,2026,209.0,186.0,50.0,11.0,1.0,4.0,19.0,0.0,24.0,3.0,1.0,0.0,75.0,17.0,1.0,.269,.344,.403,.747,.289,46.50,761.0,61.0,52.0,205.0,188.0,50.0,11.0,0.0,4.0,10.0,0.0,24.0,3.0,4.0,0.0,73.0,26.0,3.0,.266,.307,.388,.695,.280,47.00,715.0,73.0,45.0,2025
701305,Zach Dezenzo,117,Houston Astros,,LF,2026,63.0,57.0,13.0,4.0,0.0,1.0,6.0,0.0,24.0,0.0,0.0,0.0,20.0,3.0,1.0,.228,.302,.351,.653,.375,57.00,259.0,12.0,8.0,109.0,98.0,24.0,6.0,0.0,2.0,11.0,0.0,37.0,0.0,0.0,0.0,36.0,10.0,2.0,.245,.321,.367,.688,.373,49.00,480.0,15.0,22.0,2025
689017,Landon Knack,119,Los Angeles Dodgers,,P,2026,,,,,,,,,,,,,,,,,,,,,,,,,,,,,,,,,,,,,,,,,,,,,,,,,2025
686973,Louis Varland,141,Toronto Blue Jays,,P,2026,,,,,,,,,,,,,,,,,,,,,,,,,,,,,,,,,,,,,,,,,,,,,,,,,2025
672640,Otto Lopez,146,Miami Marlins,,SS,2026,414.0,384.0,129.0,27.0,6.0,9.0,20.0,0.0,58.0,4.0,6.0,0.0,195.0,45.0,8.0,.336,.370,.508,.878,.372,42.67,1503.0,109.0,94.0,594.0,544.0,134.0,21.0,0.0,15.0,44.0,2.0,82.0,3.0,3.0,0.0,200.0,77.0,9.0,.246,.305,.368,.673,.264,36.27,2129.0,174.0,157.0,2025
621438,Tyrone Taylor,121,New York Mets,,CF,2026,130.0,121.0,26.0,6.0,0.0,6.0,5.0,0.0,24.0,0.0,0.0,4.0,50.0,17.0,0.0,.215,.246,.413,.659,.220,20.17,476.0,30.0,45.0,341.0,310.0,69.0,18.0,3.0,2.0,16.0,1.0,76.0,9.0,2.0,3.0,99.0,27.0,4.0,.223,.279,.319,.598,.286,155.00,1246.0,63.0,107.0,2025
592773,Ryne Stanek,138,St. Louis Cardinals,,P,2026,,,,,,,,,,,,,,,,,,,,,,,,,0.0,0.0,0.0,0.0,0.0,0.0,0.0,0.0,0.0,0.0,0.0,0.0,0.0,0.0,0.0,.000,.000,.000,.000,.---,-.--,0.0,0.0,0.0,2025
676742,Cam Sanders,110,Baltimore Orioles,,P,2026,,,,,,,,,,,,,,,,,,,,,,,,,,,,,,,,,,,,,,,,,,,,,,,,,2025
592779,Brock Stewart,119,Los Angeles Dodgers,,P,2026,,,,,,,,,,,,,,,,,,,,,,,,,,,,,,,,,,,,,,,,,,,,,,,,,2025
641927,Bailey Ober,142,Minnesota Twins,,P,2026,,,,,,,,,,,,,,,,,,,,,,,,,,,,,,,,,,,,,,,,,,,,,,,,,2025
641933,Tyler O'Neill,110,Baltimore Orioles,,RF,2026,175.0,154.0,30.0,6.0,0.0,6.0,19.0,0.0,50.0,2.0,0.0,0.0,54.0,12.0,2.0,.195,.291,.351,.642,.245,25.67,698.0,25.0,49.0,209.0,181.0,36.0,6.0,1.0,9.0,22.0,1.0,51.0,3.0,3.0,0.0,71.0,26.0,2.0,.199,.292,.392,.684,.218,20.11,821.0,35.0,62.0,2025
553869,Elias Díaz,140,Texas Rangers,,C,2026,96.0,93.0,25.0,6.0,0.0,4.0,2.0,0.0,17.0,0.0,1.0,0.0,43.0,16.0,0.0,.269,.281,.462,.743,.288,23.25,342.0,23.0,29.0,283.0,255.0,52.0,7.0,0.0,9.0,21.0,0.0,74.0,2.0,0.0,5.0,86.0,29.0,11.0,.204,.270,.337,.607,.250,28.33,1055.0,51.0,83.0,2025
656271,Brock Burke,113,Cincinnati Reds,,P,2026,,,,,,,,,,,,,,,,,,,,,,,,,,,,,,,,,,,,,,,,,,,,,,,,,2025
502671,Paul Goldschmidt,147,New York Yankees,,1B,2026,266.0,243.0,62.0,9.0,1.0,15.0,19.0,1.0,63.0,3.0,1.0,0.0,118.0,42.0,4.0,.255,.316,.486,.802,.283,16.20,1070.0,64.0,55.0,534.0,489.0,134.0,31.0,1.0,10.0,36.0,5.0,100.0,4.0,2.0,0.0,197.0,45.0,8.0,.274,.328,.403,.731,.325,48.90,2092.0,113.0,144.0,2025
686993,Justin Sterner,133,Athletics,,P,2026,,,,,,,,,,,,,,,,,,,,,,,,,,,,,,,,,,,,,,,,,,,,,,,,,2025
676755,Isaac Mattson,134,Pittsburgh Pirates,,P,2026,,,,,,,,,,,,,,,,,,,,,,,,,,,,,,,,,,,,,,,,,,,,,,,,,2025
641941,Emilio Pagán,113,Cincinnati Reds,,P,2026,,,,,,,,,,,,,,,,,,,,,,,,,,,,,,,,,,,,,,,,,,,,,,,,,2025
805779,Jacob Wilson,133,Athletics,,SS,2026,240.0,227.0,64.0,10.0,1.0,4.0,11.0,0.0,28.0,0.0,1.0,1.0,88.0,26.0,5.0,.282,.314,.388,.702,.306,56.75,834.0,77.0,60.0,523.0,486.0,151.0,26.0,0.0,13.0,27.0,1.0,39.0,7.0,1.0,2.0,216.0,63.0,16.0,.311,.355,.444,.799,.317,37.38,1735.0,179.0,120.0,2025
676760,Ron Marinaccio,135,San Diego Padres,,P,2026,,,,,,,,,,,,,,,,,,,,,,,,,,,,,,,,,,,,,,,,,,,,,,,,,2025
670623,Isaac Paredes,117,Houston Astros,,3B,2026,389.0,334.0,85.0,18.0,0.0,12.0,38.0,0.0,62.0,13.0,4.0,0.0,139.0,50.0,10.0,.254,.350,.416,.766,.277,27.83,1706.0,56.0,135.0,438.0,378.0,96.0,15.0,1.0,20.0,50.0,0.0,76.0,8.0,2.0,0.0,173.0,53.0,10.0,.254,.352,.458,.810,.268,18.90,1943.0,73.0,135.0,2025
656288,Griffin Canning,135,San Diego Padres,,P,2026,,,,,,,,,,,,,,,,,,,,,,,,,,,,,,,,,,,,,,,,,,,,,,,,,2025
676775,Keaton Winn,137,San Francisco Giants,,P,2026,0.0,0.0,0.0,0.0,0.0,0.0,0.0,0.0,0.0,0.0,0.0,0.0,0.0,0.0,0.0,.000,.000,.000,.000,.---,-.--,0.0,0.0,0.0,,,,,,,,,,,,,,,,,,,,,,,,,2025
656302,Dylan Cease,141,Toronto Blue Jays,,P,2026,,,,,,,,,,,,,,,,,,,,,,,,,,,,,,,,,,,,,,,,,,,,,,,,,2025
701358,Cam Smith,117,Houston Astros,,RF,2026,365.0,325.0,70.0,13.0,1.0,12.0,31.0,0.0,87.0,4.0,4.0,0.0,121.0,34.0,9.0,.215,.288,.372,.660,.252,27.08,1489.0,91.0,81.0,493.0,441.0,104.0,21.0,3.0,9.0,43.0,0.0,137.0,7.0,2.0,0.0,158.0,51.0,11.0,.236,.312,.358,.670,.320,49.00,2024.0,104.0,98.0,2025
684974,Craig Yoho,158,Milwaukee Brewers,,P,2026,,,,,,,,,,,,,,,,,,,,,,,,,,,,,,,,,,,,,,,,,,,,,,,,,2025
682928,CJ Abrams,120,Washington Nationals,,SS,2026,400.0,350.0,97.0,18.0,2.0,20.0,34.0,2.0,85.0,10.0,6.0,0.0,179.0,68.0,5.0,.277,.353,.511,.864,.307,17.50,1512.0,65.0,109.0,635.0,580.0,149.0,35.0,5.0,19.0,37.0,1.0,125.0,14.0,3.0,1.0,251.0,60.0,5.0,.257,.315,.433,.748,.296,30.53,2320.0,141.0,169.0,2025
805808,Kevin McGonigle,116,Detroit Tigers,,SS,2026,417.0,354.0,99.0,18.0,3.0,8.0,60.0,0.0,58.0,3.0,0.0,0.0,147.0,34.0,2.0,.280,.388,.415,.803,.316,44.25,1692.0,63.0,134.0,,,,,,,,,,,,,,,,,,,,,,,,,2025
805811,Bryce Eldridge,137,San Francisco Giants,,DH,2026,222.0,193.0,52.0,13.0,0.0,9.0,28.0,1.0,55.0,0.0,1.0,0.0,92.0,22.0,0.0,.269,.360,.477,.837,.331,21.44,918.0,40.0,47.0,37.0,28.0,3.0,2.0,0.0,0.0,7.0,0.0,13.0,1.0,1.0,0.0,5.0,4.0,0.0,.107,.297,.179,.476,.188,-.--,160.0,6.0,7.0,2025
811965,Joshua Kuroda-Grauer,133,Athletics,,SS,2026,50.0,49.0,21.0,6.0,0.0,0.0,0.0,0.0,6.0,1.0,0.0,0.0,27.0,1.0,3.0,.429,.440,.551,.991,.488,-.--,183.0,16.0,6.0,,,,,,,,,,,,,,,,,,,,,,,,,2025
672695,Geraldo Perdomo,109,Arizona Diamondbacks,,SS,2026,395.0,325.0,78.0,13.0,3.0,6.0,57.0,0.0,48.0,4.0,5.0,4.0,115.0,34.0,7.0,.240,.355,.354,.709,.261,54.17,1667.0,104.0,104.0,720.0,597.0,173.0,33.0,5.0,20.0,94.0,1.0,83.0,10.0,11.0,8.0,276.0,100.0,11.0,.290,.389,.462,.851,.303,29.85,3007.0,167.0,193.0,2025
621493,Taylor Ward,110,Baltimore Orioles,,LF,2026,443.0,360.0,92.0,19.0,0.0,7.0,76.0,1.0,92.0,4.0,3.0,0.0,132.0,27.0,7.0,.256,.388,.367,.755,.322,51.43,1861.0,81.0,98.0,663.0,579.0,132.0,31.0,2.0,36.0,75.0,1.0,175.0,3.0,6.0,0.0,275.0,103.0,13.0,.228,.317,.475,.792,.257,16.08,2788.0,112.0,166.0,2025
695239,Robby Ahlstrom,140,Texas Rangers,,P,2026,,,,,,,,,,,,,,,,,,,,,,,,,,,,,,,,,,,,,,,,,,,,,,,,,2025
680916,Franco Aleman,114,Cleveland Guardians,,P,2026,,,,,,,,,,,,,,,,,,,,,,,,,,,,,,,,,,,,,,,,,,,,,,,,,2025
701398,Sal Stewart,113,Cincinnati Reds,,1B,2026,419.0,366.0,94.0,23.0,0.0,19.0,46.0,3.0,88.0,2.0,5.0,0.0,174.0,67.0,9.0,.257,.339,.475,.814,.284,19.26,1650.0,98.0,91.0,58.0,55.0,14.0,1.0,0.0,5.0,3.0,0.0,15.0,0.0,0.0,0.0,30.0,8.0,1.0,.255,.293,.545,.838,.257,11.00,217.0,10.0,16.0,2025
672724,Oswald Peraza,108,Los Angeles Angels,,2B,2026,278.0,260.0,62.0,11.0,2.0,7.0,10.0,0.0,82.0,6.0,1.0,1.0,98.0,23.0,6.0,.238,.282,.377,.659,.320,37.14,1018.0,68.0,50.0,265.0,244.0,40.0,6.0,0.0,5.0,17.0,0.0,80.0,2.0,1.0,0.0,61.0,20.0,6.0,.164,.223,.250,.473,.219,48.80,1005.0,70.0,55.0,2025
695243,Mason Miller,135,San Diego Padres,,P,2026,,,,,,,,,,,,,,,,,,,,,,,,,,,,,,,,,,,,,,,,,,,,,,,,,2025
605137,Josh Bell,142,Minnesota Twins,,DH,2026,379.0,347.0,86.0,21.0,1.0,13.0,28.0,0.0,83.0,2.0,2.0,0.0,148.0,60.0,6.0,.248,.306,.427,.733,.289,26.69,1486.0,85.0,95.0,533.0,468.0,111.0,16.0,1.0,22.0,57.0,1.0,88.0,5.0,3.0,0.0,195.0,63.0,15.0,.237,.325,.417,.742,.247,21.27,2102.0,137.0,135.0,2025
687064,Brandon Young,110,Baltimore Orioles,,P,2026,,,,,,,,,,,,,,,,,,,,,,,,,,,,,,,,,,,,,,,,,,,,,,,,,2025
605141,Mookie Betts,119,Los Angeles Dodgers,,SS,2026,263.0,241.0,56.0,10.0,0.0,11.0,20.0,1.0,29.0,1.0,1.0,0.0,99.0,31.0,10.0,.232,.293,.411,.704,.223,21.91,978.0,52.0,105.0,663.0,589.0,152.0,23.0,2.0,20.0,61.0,2.0,68.0,3.0,10.0,0.0,239.0,82.0,15.0,.258,.326,.406,.732,.258,29.45,2460.0,136.0,243.0,2025
607200,Erick Fedde,145,Chicago White Sox,,P,2026,,,,,,,,,,,,,,,,,,,,,,,,,,,,,,,,,,,,,,,,,,,,,,,,,2025
695257,Billy Cook,134,Pittsburgh Pirates,,RF,2026,35.0,35.0,6.0,1.0,0.0,0.0,0.0,0.0,14.0,0.0,0.0,0.0,7.0,0.0,0.0,.171,.171,.200,.371,.286,-.--,109.0,4.0,11.0,6.0,6.0,2.0,0.0,0.0,0.0,0.0,0.0,1.0,0.0,0.0,0.0,2.0,0.0,0.0,.333,.333,.333,.666,.400,-.--,20.0,2.0,1.0,2025
687075,Brandon Sproat,158,Milwaukee Brewers,,P,2026,,,,,,,,,,,,,,,,,,,,,,,,,,,,,,,,,,,,,,,,,,,,,,,,,2025
678882,Ceddanne Rafaela,111,Boston Red Sox,,CF,2026,377.0,351.0,98.0,24.0,3.0,8.0,18.0,0.0,75.0,6.0,0.0,2.0,152.0,40.0,8.0,.279,.325,.433,.758,.336,43.88,1407.0,92.0,88.0,587.0,546.0,136.0,34.0,4.0,16.0,28.0,0.0,117.0,8.0,2.0,3.0,226.0,63.0,9.0,.249,.295,.414,.709,.289,34.12,2128.0,139.0,159.0,2025
519141,Drew Pomeranz,112,Chicago Cubs,,P,2026,,,,,,,,,,,,,,,,,,,,,,,,,,,,,,,,,,,,,,,,,,,,,,,,,2025
607208,Trea Turner,143,Philadelphia Phillies,,SS,2026,419.0,390.0,92.0,16.0,0.0,11.0,25.0,0.0,93.0,2.0,2.0,0.0,141.0,34.0,4.0,.236,.284,.362,.646,.281,35.46,1573.0,99.0,108.0,639.0,589.0,179.0,31.0,7.0,15.0,43.0,1.0,107.0,5.0,2.0,0.0,269.0,69.0,11.0,.304,.355,.457,.812,.350,39.27,2407.0,159.0,146.0,2025
682985,Riley Greene,116,Detroit Tigers,,LF,2026,404.0,347.0,100.0,20.0,1.0,13.0,52.0,2.0,109.0,2.0,3.0,0.0,161.0,45.0,9.0,.288,.381,.464,.845,.382,26.69,1685.0,57.0,84.0,655.0,600.0,155.0,31.0,1.0,36.0,46.0,1.0,201.0,4.0,5.0,0.0,296.0,111.0,14.0,.258,.313,.493,.806,.323,16.67,2706.0,118.0,131.0,2025
691176,Jasson Domínguez,147,New York Yankees,,RF,2026,144.0,136.0,32.0,9.0,0.0,5.0,6.0,0.0,29.0,1.0,0.0,0.0,56.0,11.0,1.0,.235,.273,.412,.685,.265,27.20,529.0,39.0,36.0,429.0,381.0,98.0,18.0,1.0,10.0,41.0,1.0,115.0,3.0,4.0,0.0,148.0,47.0,5.0,.257,.331,.388,.719,.338,38.10,1692.0,80.0,92.0,2025
682988,Tyler Locklear,109,Arizona Diamondbacks,,1B,2026,,,,,,,,,,,,,,,,,,,,,,,,,116.0,103.0,18.0,0.0,0.0,3.0,10.0,0.0,43.0,3.0,0.0,0.0,27.0,6.0,3.0,.175,.267,.262,.529,.263,34.33,477.0,25.0,17.0,2025
625643,Reynaldo López,144,Atlanta Braves,,P,2026,0.0,0.0,0.0,0.0,0.0,0.0,0.0,0.0,0.0,0.0,0.0,0.0,0.0,0.0,0.0,.000,.000,.000,.000,.---,-.--,0.0,0.0,0.0,,,,,,,,,,,,,,,,,,,,,,,,,2025
682989,Victor Mederos,144,Atlanta Braves,,P,2026,1.0,1.0,1.0,0.0,0.0,0.0,0.0,0.0,0.0,0.0,0.0,0.0,1.0,2.0,0.0,1.000,1.000,1.000,2.000,1.000,-.--,3.0,0.0,0.0,,,,,,,,,,,,,,,,,,,,,,,,,2025
605170,Victor Caratini,142,Minnesota Twins,,C,2026,264.0,221.0,53.0,8.0,0.0,7.0,26.0,1.0,50.0,9.0,8.0,0.0,82.0,35.0,4.0,.240,.333,.371,.704,.267,31.57,1002.0,63.0,63.0,386.0,344.0,89.0,14.0,0.0,12.0,23.0,0.0,65.0,13.0,6.0,0.0,139.0,46.0,8.0,.259,.324,.404,.728,.282,28.67,1417.0,93.0,103.0,2025
682997,Tyler Callihan,134,Pittsburgh Pirates,,LF,2026,89.0,78.0,19.0,3.0,2.0,3.0,9.0,0.0,27.0,1.0,1.0,0.0,35.0,15.0,0.0,.244,.326,.449,.775,.327,26.00,355.0,8.0,25.0,6.0,6.0,1.0,0.0,0.0,0.0,0.0,0.0,1.0,0.0,0.0,0.0,1.0,1.0,0.0,.167,.167,.167,.334,.200,-.--,22.0,3.0,1.0,2025
682998,Corbin Carroll,109,Arizona Diamondbacks,,RF,2026,402.0,349.0,88.0,19.0,10.0,14.0,47.0,2.0,91.0,4.0,2.0,0.0,169.0,47.0,4.0,.252,.346,.484,.830,.301,24.93,1570.0,81.0,91.0,642.0,564.0,146.0,32.0,17.0,31.0,67.0,4.0,153.0,7.0,4.0,0.0,305.0,84.0,6.0,.259,.343,.541,.884,.299,18.19,2497.0,111.0,158.0,2025
592885,Christian Yelich,158,Milwaukee Brewers,,DH,2026,281.0,247.0,60.0,14.0,1.0,6.0,29.0,3.0,81.0,3.0,1.0,1.0,94.0,31.0,2.0,.243,.329,.381,.710,.335,41.17,1193.0,68.0,40.0,644.0,573.0,151.0,21.0,0.0,29.0,64.0,6.0,167.0,6.0,1.0,0.0,259.0,103.0,6.0,.264,.343,.452,.795,.323,19.76,2601.0,174.0,82.0,2025
683000,Riley Cornelio,120,Washington Nationals,,P,2026,,,,,,,,,,,,,,,,,,,,,,,,,,,,,,,,,,,,,,,,,,,,,,,,,2025
687093,Vaughn Grissom,108,Los Angeles Angels,,2B,2026,214.0,187.0,47.0,11.0,0.0,5.0,18.0,0.0,30.0,4.0,4.0,0.0,73.0,36.0,7.0,.251,.324,.390,.714,.269,37.40,829.0,49.0,65.0,,,,,,,,,,,,,,,,,,,,,,,,,2025
678906,Kai-Wei Teng,117,Houston Astros,,P,2026,,,,,,,,,,,,,,,,,,,,,,,,,,,,,,,,,,,,,,,,,,,,,,,,,2025
689147,Orion Kerkering,143,Philadelphia Phillies,,P,2026,0.0,0.0,0.0,0.0,0.0,0.0,0.0,0.0,0.0,0.0,0.0,0.0,0.0,0.0,0.0,.000,.000,.000,.000,.---,-.--,0.0,0.0,0.0,,,,,,,,,,,,,,,,,,,,,,,,,2025
683002,Gunnar Henderson,110,Baltimore Orioles,,SS,2026,443.0,401.0,89.0,16.0,2.0,17.0,34.0,1.0,100.0,6.0,2.0,0.0,160.0,43.0,6.0,.222,.291,.399,.690,.252,23.59,1733.0,102.0,112.0,651.0,577.0,158.0,34.0,5.0,17.0,62.0,6.0,137.0,7.0,5.0,0.0,253.0,68.0,7.0,.274,.349,.438,.787,.329,33.94,2506.0,161.0,126.0,2025
683003,Jared Jones,134,Pittsburgh Pirates,,P,2026,,,,,,,,,,,,,,,,,,,,,,,,,,,,,,,,,,,,,,,,,,,,,,,,,2025
621566,Matt Olson,144,Atlanta Braves,,1B,2026,421.0,374.0,101.0,24.0,0.0,26.0,42.0,3.0,100.0,2.0,3.0,0.0,203.0,59.0,3.0,.270,.344,.543,.887,.299,14.38,1822.0,76.0,100.0,724.0,624.0,170.0,41.0,2.0,29.0,91.0,2.0,176.0,4.0,5.0,0.0,302.0,95.0,14.0,.272,.366,.484,.850,.333,21.52,3166.0,133.0,150.0,2025
699393,Pedro Ramírez,112,Chicago Cubs,,2B,2026,63.0,57.0,14.0,3.0,1.0,1.0,4.0,0.0,10.0,0.0,1.0,1.0,22.0,7.0,3.0,.246,.290,.386,.676,.277,57.00,213.0,19.0,16.0,,,,,,,,,,,,,,,,,,,,,,,,,2025
609280,Miguel Andujar,135,San Diego Padres,,DH,2026,244.0,231.0,62.0,20.0,2.0,5.0,10.0,2.0,38.0,3.0,0.0,0.0,101.0,22.0,10.0,.268,.307,.437,.744,.303,46.20,895.0,77.0,54.0,341.0,321.0,102.0,17.0,1.0,10.0,17.0,1.0,49.0,1.0,2.0,0.0,151.0,44.0,8.0,.318,.352,.470,.822,.348,32.10,1214.0,87.0,85.0,2025
668670,Jake Rogers,116,Detroit Tigers,,C,2026,101.0,86.0,15.0,2.0,1.0,3.0,11.0,0.0,30.0,1.0,2.0,1.0,28.0,9.0,0.0,.174,.270,.326,.596,.218,28.67,402.0,12.0,32.0,142.0,123.0,23.0,5.0,2.0,3.0,15.0,0.0,39.0,1.0,2.0,1.0,41.0,19.0,3.0,.187,.277,.333,.610,.241,41.00,570.0,34.0,30.0,2025
668674,Lucas Erceg,118,Kansas City Royals,,P,2026,0.0,0.0,0.0,0.0,0.0,0.0,0.0,0.0,0.0,0.0,0.0,0.0,0.0,0.0,0.0,.000,.000,.000,.000,.---,-.--,0.0,0.0,0.0,0.0,0.0,0.0,0.0,0.0,0.0,0.0,0.0,0.0,0.0,0.0,0.0,0.0,0.0,0.0,.000,.000,.000,.000,.---,-.--,0.0,0.0,0.0,2025
683011,Anthony Volpe,147,New York Yankees,,SS,2026,158.0,138.0,34.0,6.0,1.0,1.0,20.0,0.0,36.0,0.0,0.0,0.0,45.0,13.0,0.0,.246,.342,.326,.668,.327,138.00,639.0,33.0,35.0,596.0,539.0,114.0,32.0,4.0,19.0,43.0,0.0,150.0,4.0,7.0,3.0,211.0,72.0,10.0,.212,.272,.391,.663,.252,28.37,2397.0,135.0,150.0,2025
500743,Miguel Rojas,119,Los Angeles Dodgers,,SS,2026,157.0,138.0,40.0,9.0,0.0,3.0,10.0,0.0,16.0,2.0,5.0,2.0,58.0,17.0,6.0,.290,.335,.420,.755,.298,46.00,554.0,46.0,43.0,317.0,290.0,76.0,18.0,0.0,7.0,24.0,1.0,46.0,0.0,0.0,3.0,115.0,27.0,7.0,.262,.318,.397,.715,.291,41.43,1166.0,83.0,88.0,2025
553993,Eugenio Suárez,113,Cincinnati Reds,,DH,2026,271.0,244.0,52.0,11.0,0.0,12.0,24.0,0.0,97.0,2.0,1.0,0.0,99.0,36.0,2.0,.213,.288,.406,.694,.294,20.33,1106.0,42.0,54.0,657.0,588.0,134.0,28.0,0.0,49.0,46.0,2.0,196.0,16.0,7.0,0.0,309.0,118.0,11.0,.228,.298,.526,.824,.243,12.00,2606.0,100.0,165.0,2025
672782,Yoendrys Gómez,142,Minnesota Twins,,P,2026,,,,,,,,,,,,,,,,,,,,,,,,,,,,,,,,,,,,,,,,,,,,,,,,,2025
674841,Andrew Alvarez,120,Washington Nationals,,P,2026,,,,,,,,,,,,,,,,,,,,,,,,,,,,,,,,,,,,,,,,,,,,,,,,,2025
676879,Aaron Ashby,158,Milwaukee Brewers,,P,2026,,,,,,,,,,,,,,,,,,,,,,,,,,,,,,,,,,,,,,,,,,,,,,,,,2025
543760,Marcus Semien,121,New York Mets,,2B,2026,318.0,290.0,62.0,8.0,1.0,9.0,23.0,0.0,68.0,1.0,3.0,1.0,99.0,29.0,10.0,.214,.271,.341,.612,.245,32.22,1177.0,60.0,104.0,534.0,470.0,108.0,16.0,1.0,15.0,50.0,0.0,93.0,5.0,9.0,0.0,171.0,62.0,8.0,.230,.305,.364,.669,.251,31.33,2075.0,101.0,177.0,2025
607259,Nick Martinez,139,Tampa Bay Rays,,P,2026,,,,,,,,,,,,,,,,,,,,,,,,,,,,,,,,,,,,,,,,,,,,,,,,,2025
642086,Dominic Smith,144,Atlanta Braves,,DH,2026,238.0,212.0,56.0,6.0,1.0,6.0,18.0,1.0,33.0,2.0,5.0,1.0,82.0,35.0,6.0,.264,.321,.387,.708,.281,35.33,904.0,61.0,68.0,225.0,204.0,58.0,12.0,0.0,5.0,15.0,0.0,42.0,2.0,4.0,0.0,85.0,33.0,5.0,.284,.333,.417,.750,.329,40.80,848.0,46.0,62.0,2025
668709,JJ Bleday,113,Cincinnati Reds,,LF,2026,288.0,243.0,59.0,11.0,1.0,16.0,40.0,1.0,57.0,2.0,2.0,0.0,120.0,43.0,5.0,.243,.352,.494,.846,.250,15.19,1148.0,43.0,86.0,344.0,307.0,65.0,17.0,0.0,14.0,36.0,2.0,91.0,0.0,1.0,0.0,124.0,39.0,6.0,.212,.294,.404,.698,.251,21.93,1328.0,61.0,91.0,2025
666661,Juan Morillo,109,Arizona Diamondbacks,,P,2026,,,,,,,,,,,,,,,,,,,,,,,,,0.0,0.0,0.0,0.0,0.0,0.0,0.0,0.0,0.0,0.0,0.0,0.0,0.0,0.0,0.0,.000,.000,.000,.000,.---,-.--,0.0,0.0,0.0,2025
668715,Spencer Steer,113,Cincinnati Reds,,1B,2026,362.0,320.0,80.0,13.0,0.0,16.0,34.0,0.0,81.0,5.0,2.0,0.0,141.0,40.0,9.0,.250,.330,.441,.771,.284,20.00,1441.0,77.0,84.0,568.0,509.0,121.0,21.0,2.0,21.0,51.0,0.0,129.0,5.0,2.0,1.0,209.0,75.0,12.0,.238,.312,.411,.723,.277,24.24,2316.0,99.0,163.0,2025
656427,Jack Flaherty,116,Detroit Tigers,,P,2026,,,,,,,,,,,,,,,,,,,,,,,,,,,,,,,,,,,,,,,,,,,,,,,,,2025
670764,Taylor Walls,139,Tampa Bay Rays,,SS,2026,273.0,231.0,50.0,12.0,2.0,0.0,31.0,0.0,68.0,2.0,3.0,6.0,66.0,21.0,2.0,.216,.311,.286,.597,.301,-.--,1107.0,53.0,69.0,317.0,282.0,62.0,14.0,1.0,4.0,26.0,0.0,70.0,0.0,6.0,3.0,90.0,38.0,1.0,.220,.280,.319,.599,.271,70.50,1278.0,70.0,89.0,2025
670770,TJ Friedl,113,Cincinnati Reds,,CF,2026,218.0,191.0,34.0,6.0,1.0,3.0,17.0,0.0,52.0,4.0,1.0,5.0,51.0,11.0,2.0,.178,.258,.267,.525,.226,63.67,806.0,52.0,59.0,685.0,579.0,151.0,22.0,2.0,14.0,81.0,0.0,115.0,16.0,5.0,4.0,219.0,53.0,7.0,.261,.364,.378,.742,.301,41.36,2645.0,141.0,181.0,2025
668723,Ryan Vilade,139,Tampa Bay Rays,,RF,2026,164.0,145.0,37.0,6.0,1.0,7.0,14.0,0.0,32.0,1.0,3.0,1.0,66.0,31.0,3.0,.255,.319,.455,.774,.275,20.71,657.0,31.0,49.0,15.0,13.0,1.0,0.0,0.0,0.0,2.0,0.0,5.0,0.0,0.0,0.0,1.0,0.0,1.0,.077,.200,.077,.277,.125,-.--,60.0,6.0,1.0,2025
642100,Gabe Speier,136,Seattle Mariners,,P,2026,0.0,0.0,0.0,0.0,0.0,0.0,0.0,0.0,0.0,0.0,0.0,0.0,0.0,0.0,0.0,.000,.000,.000,.000,.---,-.--,0.0,0.0,0.0,,,,,,,,,,,,,,,,,,,,,,,,,2025
676917,Cade Cavalli,120,Washington Nationals,,P,2026,,,,,,,,,,,,,,,,,,,,,,,,,0.0,0.0,0.0,0.0,0.0,0.0,0.0,0.0,0.0,0.0,0.0,0.0,0.0,0.0,0.0,.000,.000,.000,.000,.---,-.--,0.0,0.0,0.0,2025
693304,Nick Gonzales,134,Pittsburgh Pirates,,3B,2026,373.0,338.0,104.0,14.0,1.0,4.0,28.0,0.0,66.0,6.0,1.0,0.0,132.0,43.0,10.0,.308,.370,.391,.761,.372,84.50,1410.0,101.0,68.0,408.0,381.0,99.0,18.0,3.0,5.0,21.0,0.0,73.0,2.0,4.0,0.0,138.0,30.0,12.0,.260,.299,.362,.661,.306,76.20,1405.0,104.0,109.0,2025
693307,Dillon Dingler,116,Detroit Tigers,,C,2026,365.0,328.0,86.0,19.0,2.0,19.0,23.0,0.0,78.0,9.0,3.0,0.0,166.0,60.0,10.0,.262,.325,.506,.831,.286,17.26,1400.0,70.0,97.0,469.0,435.0,121.0,21.0,2.0,13.0,23.0,2.0,110.0,9.0,1.0,0.0,185.0,57.0,5.0,.278,.327,.425,.752,.345,33.46,1793.0,91.0,114.0,2025
685126,Brandon Eisert,134,Pittsburgh Pirates,,P,2026,0.0,0.0,0.0,0.0,0.0,0.0,0.0,0.0,0.0,0.0,0.0,0.0,0.0,0.0,0.0,.000,.000,.000,.000,.---,-.--,0.0,0.0,0.0,,,,,,,,,,,,,,,,,,,,,,,,,2025
642121,Cole Sulser,139,Tampa Bay Rays,,P,2026,,,,,,,,,,,,,,,,,,,,,,,,,,,,,,,,,,,,,,,,,,,,,,,,,2025
543807,George Springer,141,Toronto Blue Jays,,DH,2026,297.0,261.0,57.0,11.0,1.0,10.0,29.0,0.0,59.0,3.0,1.0,0.0,100.0,24.0,6.0,.218,.303,.383,.686,.244,26.10,1204.0,72.0,74.0,586.0,498.0,154.0,27.0,1.0,32.0,69.0,3.0,111.0,8.0,4.0,0.0,279.0,84.0,14.0,.309,.399,.560,.959,.340,15.56,2307.0,105.0,132.0,2025
519242,Chris Sale,144,Atlanta Braves,,P,2026,,,,,,,,,,,,,,,,,,,,,,,,,,,,,,,,,,,,,,,,,,,,,,,,,2025
689225,Beau Brieske,116,Detroit Tigers,,P,2026,,,,,,,,,,,,,,,,,,,,,,,,,,,,,,,,,,,,,,,,,,,,,,,,,2025
681035,Christian Scott,121,New York Mets,,P,2026,,,,,,,,,,,,,,,,,,,,,,,,,,,,,,,,,,,,,,,,,,,,,,,,,2025
683083,Nasim Nuñez,120,Washington Nationals,,2B,2026,312.0,271.0,67.0,4.0,3.0,1.0,33.0,0.0,73.0,1.0,1.0,6.0,80.0,28.0,4.0,.247,.330,.295,.625,.333,271.00,1268.0,75.0,63.0,92.0,82.0,19.0,2.0,0.0,4.0,8.0,0.0,20.0,0.0,1.0,1.0,33.0,13.0,1.0,.232,.297,.402,.699,.254,20.50,417.0,26.0,19.0,2025
685133,Wade Meckler,108,Los Angeles Angels,,LF,2026,141.0,127.0,39.0,8.0,0.0,2.0,14.0,0.0,31.0,0.0,0.0,0.0,53.0,17.0,1.0,.307,.376,.417,.793,.394,63.50,486.0,29.0,28.0,,,,,,,,,,,,,,,,,,,,,,,,,2025
656464,Kevin Ginkel,109,Arizona Diamondbacks,,P,2026,,,,,,,,,,,,,,,,,,,,,,,,,,,,,,,,,,,,,,,,,,,,,,,,,2025
650333,Luis Arraez,137,San Francisco Giants,,2B,2026,407.0,366.0,120.0,21.0,7.0,4.0,24.0,4.0,16.0,3.0,8.0,6.0,167.0,35.0,6.0,.328,.367,.456,.823,.328,91.50,1497.0,107.0,137.0,675.0,620.0,181.0,30.0,4.0,8.0,34.0,0.0,21.0,2.0,7.0,12.0,243.0,61.0,12.0,.292,.327,.392,.719,.289,77.50,2467.0,215.0,222.0,2025
701519,Travis Adams,142,Minnesota Twins,,P,2026,,,,,,,,,,,,,,,,,,,,,,,,,,,,,,,,,,,,,,,,,,,,,,,,,2025
646240,Rafael Devers,137,San Francisco Giants,,1B,2026,412.0,370.0,91.0,25.0,1.0,19.0,38.0,3.0,114.0,1.0,3.0,0.0,175.0,52.0,8.0,.246,.316,.473,.789,.300,19.47,1667.0,76.0,92.0,729.0,607.0,153.0,33.0,0.0,35.0,112.0,10.0,192.0,6.0,4.0,0.0,291.0,109.0,16.0,.252,.372,.479,.851,.307,17.34,3060.0,139.0,127.0,2025
656484,Tristan Gray,142,Minnesota Twins,,SS,2026,182.0,168.0,39.0,5.0,0.0,4.0,9.0,0.0,57.0,1.0,3.0,1.0,56.0,29.0,2.0,.232,.271,.333,.604,.318,42.00,703.0,29.0,47.0,86.0,78.0,18.0,5.0,0.0,3.0,6.0,0.0,19.0,0.0,1.0,1.0,32.0,9.0,0.0,.231,.282,.410,.692,.263,26.00,315.0,16.0,27.0,2025
701538,Jackson Merrill,135,San Diego Padres,,CF,2026,397.0,365.0,79.0,15.0,1.0,10.0,28.0,2.0,99.0,1.0,0.0,3.0,126.0,38.0,6.0,.216,.274,.345,.619,.270,36.50,1586.0,87.0,103.0,483.0,440.0,116.0,25.0,6.0,16.0,33.0,1.0,108.0,4.0,5.0,1.0,201.0,67.0,4.0,.264,.317,.457,.774,.312,27.50,1703.0,88.0,134.0,2025
689254,Mason Fluharty,141,Toronto Blue Jays,,P,2026,,,,,,,,,,,,,,,,,,,,,,,,,,,,,,,,,,,,,,,,,,,,,,,,,2025
701542,Will Warren,147,New York Yankees,,P,2026,,,,,,,,,,,,,,,,,,,,,,,,,,,,,,,,,,,,,,,,,,,,,,,,,2025
656492,Foster Griffin,120,Washington Nationals,,P,2026,,,,,,,,,,,,,,,,,,,,,,,,,,,,,,,,,,,,,,,,,,,,,,,,,2025
605288,Adrian Houser,137,San Francisco Giants,,P,2026,,,,,,,,,,,,,,,,,,,,,,,,,,,,,,,,,,,,,,,,,,,,,,,,,2025
676974,Max Meyer,146,Miami Marlins,,P,2026,,,,,,,,,,,,,,,,,,,,,,,,,,,,,,,,,,,,,,,,,,,,,,,,,2025
805999,A.J. Ewing,121,New York Mets,,CF,2026,227.0,201.0,55.0,10.0,1.0,7.0,22.0,0.0,59.0,1.0,1.0,2.0,88.0,25.0,1.0,.274,.347,.438,.785,.353,28.71,925.0,42.0,48.0,,,,,,,,,,,,,,,,,,,,,,,,,2025
687223,Carson Palmquist,120,Washington Nationals,,P,2026,,,,,,,,,,,,,,,,,,,,,,,,,,,,,,,,,,,,,,,,,,,,,,,,,2025
689266,Dylan Dodd,144,Atlanta Braves,,P,2026,,,,,,,,,,,,,,,,,,,,,,,,,,,,,,,,,,,,,,,,,,,,,,,,,2025
687221,Dalton Rushing,119,Los Angeles Dodgers,,C,2026,208.0,184.0,46.0,10.0,0.0,10.0,19.0,0.0,55.0,4.0,1.0,0.0,86.0,30.0,2.0,.250,.332,.467,.799,.300,18.40,776.0,35.0,49.0,155.0,142.0,29.0,5.0,0.0,4.0,10.0,0.0,58.0,1.0,2.0,0.0,46.0,24.0,1.0,.204,.258,.324,.582,.305,35.50,600.0,22.0,35.0,2025
703607,Henry Bolte,133,Athletics,,CF,2026,206.0,180.0,47.0,7.0,0.0,3.0,15.0,0.0,57.0,8.0,2.0,0.0,63.0,17.0,3.0,.261,.341,.350,.691,.361,60.00,733.0,54.0,24.0,,,,,,,,,,,,,,,,,,,,,,,,,2025
666745,Jhony Brito,135,San Diego Padres,,P,2026,,,,,,,,,,,,,,,,,,,,,,,,,,,,,,,,,,,,,,,,,,,,,,,,,2025
681082,Bryson Stott,143,Philadelphia Phillies,,2B,2026,356.0,324.0,80.0,17.0,4.0,7.0,26.0,0.0,63.0,2.0,2.0,2.0,126.0,42.0,8.0,.247,.305,.389,.694,.285,46.29,1447.0,82.0,103.0,560.0,499.0,128.0,22.0,3.0,13.0,54.0,1.0,91.0,1.0,4.0,2.0,195.0,66.0,4.0,.257,.328,.391,.719,.288,38.38,2466.0,116.0,170.0,2025
660604,Alan Rangel,143,Philadelphia Phillies,,P,2026,,,,,,,,,,,,,,,,,,,,,,,,,,,,,,,,,,,,,,,,,,,,,,,,,2025
664702,Myles Straw,141,Toronto Blue Jays,,RF,2026,168.0,150.0,34.0,6.0,0.0,3.0,13.0,0.0,22.0,0.0,3.0,2.0,49.0,16.0,2.0,.227,.283,.327,.610,.242,50.00,643.0,46.0,53.0,299.0,267.0,70.0,14.0,1.0,4.0,19.0,0.0,50.0,1.0,1.0,11.0,98.0,32.0,5.0,.262,.313,.367,.680,.308,66.75,1104.0,68.0,91.0,2025
668804,Bryan Reynolds,134,Pittsburgh Pirates,,LF,2026,422.0,350.0,99.0,22.0,2.0,14.0,62.0,2.0,94.0,8.0,2.0,0.0,167.0,59.0,4.0,.283,.400,.477,.877,.348,25.00,1687.0,89.0,70.0,654.0,587.0,144.0,38.0,3.0,16.0,57.0,1.0,173.0,7.0,3.0,0.0,236.0,73.0,15.0,.245,.318,.402,.720,.319,36.69,2631.0,155.0,118.0,2025
547973,Aroldis Chapman,111,Boston Red Sox,,P,2026,0.0,0.0,0.0,0.0,0.0,0.0,0.0,0.0,0.0,0.0,0.0,0.0,0.0,0.0,0.0,.000,.000,.000,.000,.---,-.--,0.0,0.0,0.0,0.0,0.0,0.0,0.0,0.0,0.0,0.0,0.0,0.0,0.0,0.0,0.0,0.0,0.0,0.0,.000,.000,.000,.000,.---,-.--,0.0,0.0,0.0,2025
543877,Christian Vázquez,117,Houston Astros,,C,2026,194.0,175.0,38.0,6.0,0.0,5.0,14.0,1.0,33.0,0.0,1.0,4.0,59.0,22.0,2.0,.217,.274,.337,.611,.239,35.00,747.0,51.0,58.0,214.0,190.0,36.0,7.0,0.0,3.0,18.0,0.0,35.0,4.0,2.0,0.0,52.0,14.0,3.0,.189,.271,.274,.545,.214,63.33,833.0,48.0,73.0,2025
687239,Ben Peoples,140,Texas Rangers,,P,2026,,,,,,,,,,,,,,,,,,,,,,,,,,,,,,,,,,,,,,,,,,,,,,,,,2025
689296,Anthony Nunez,110,Baltimore Orioles,,P,2026,,,,,,,,,,,,,,,,,,,,,,,,,,,,,,,,,,,,,,,,,,,,,,,,,2025
656529,Sam Hentges,137,San Francisco Giants,,P,2026,0.0,0.0,0.0,0.0,0.0,0.0,0.0,0.0,0.0,0.0,0.0,0.0,0.0,0.0,0.0,.000,.000,.000,.000,.---,-.--,0.0,0.0,0.0,,,,,,,,,,,,,,,,,,,,,,,,,2025
683146,Brett Baty,121,New York Mets,,3B,2026,332.0,294.0,66.0,13.0,1.0,5.0,30.0,0.0,89.0,3.0,4.0,0.0,96.0,32.0,3.0,.224,.299,.327,.626,.299,58.80,1322.0,69.0,74.0,432.0,393.0,100.0,13.0,2.0,18.0,33.0,0.0,108.0,2.0,3.0,0.0,171.0,50.0,6.0,.254,.313,.435,.748,.304,21.83,1753.0,117.0,71.0,2025
668820,Max Kranick,120,Washington Nationals,,P,2026,,,,,,,,,,,,,,,,,,,,,,,,,,,,,,,,,,,,,,,,,,,,,,,,,2025
642207,Devin Williams,121,New York Mets,,P,2026,0.0,0.0,0.0,0.0,0.0,0.0,0.0,0.0,0.0,0.0,0.0,0.0,0.0,0.0,0.0,.000,.000,.000,.000,.---,-.--,0.0,0.0,0.0,,,,,,,,,,,,,,,,,,,,,,,,,2025
642201,Eli White,144,Atlanta Braves,,RF,2026,125.0,115.0,26.0,5.0,1.0,4.0,8.0,0.0,27.0,1.0,1.0,0.0,45.0,15.0,1.0,.226,.280,.391,.671,.259,28.75,493.0,41.0,22.0,271.0,256.0,60.0,8.0,3.0,10.0,11.0,1.0,70.0,2.0,1.0,1.0,104.0,35.0,2.0,.234,.270,.406,.676,.282,25.60,1001.0,61.0,67.0,2025
656537,Derek Hill,143,Philadelphia Phillies,,RF,2026,145.0,132.0,34.0,3.0,0.0,7.0,9.0,0.0,52.0,1.0,0.0,3.0,58.0,16.0,1.0,.258,.310,.439,.749,.370,18.86,583.0,27.0,22.0,149.0,134.0,29.0,6.0,0.0,3.0,9.0,0.0,48.0,3.0,0.0,3.0,44.0,11.0,3.0,.216,.281,.328,.609,.313,44.67,579.0,32.0,28.0,2025
687263,Zach Neto,108,Los Angeles Angels,,SS,2026,427.0,375.0,89.0,20.0,2.0,19.0,44.0,1.0,135.0,7.0,1.0,0.0,170.0,45.0,2.0,.237,.328,.453,.781,.315,19.74,1693.0,56.0,96.0,554.0,502.0,129.0,29.0,1.0,26.0,33.0,6.0,149.0,14.0,3.0,2.0,238.0,62.0,5.0,.257,.319,.474,.793,.312,19.31,2171.0,96.0,133.0,2025
656550,Grant Holmes,144,Atlanta Braves,,P,2026,,,,,,,,,,,,,,,,,,,,,,,,,,,,,,,,,,,,,,,,,,,,,,,,,2025
642215,Weston Wilson,136,Seattle Mariners,,3B,2026,64.0,57.0,12.0,1.0,0.0,2.0,6.0,0.0,18.0,1.0,0.0,0.0,19.0,6.0,0.0,.211,.297,.333,.630,.270,28.50,265.0,11.0,16.0,125.0,111.0,22.0,4.0,0.0,5.0,12.0,0.0,34.0,1.0,0.0,1.0,41.0,17.0,1.0,.198,.282,.369,.651,.236,22.20,536.0,30.0,26.0,2025
656546,Jeff Hoffman,141,Toronto Blue Jays,,P,2026,,,,,,,,,,,,,,,,,,,,,,,,,0.0,0.0,0.0,0.0,0.0,0.0,0.0,0.0,0.0,0.0,0.0,0.0,0.0,0.0,0.0,.000,.000,.000,.000,.---,-.--,0.0,0.0,0.0,2025
656555,Rhys Hoskins,114,Cleveland Guardians,,1B,2026,263.0,214.0,38.0,13.0,0.0,9.0,42.0,0.0,83.0,3.0,4.0,0.0,78.0,31.0,3.0,.178,.316,.364,.680,.230,23.78,1119.0,31.0,66.0,328.0,279.0,66.0,12.0,1.0,12.0,38.0,2.0,91.0,5.0,6.0,0.0,116.0,43.0,6.0,.237,.332,.416,.748,.297,23.25,1429.0,41.0,87.0,2025
687282,Gabriel Rincones Jr.,143,Philadelphia Phillies,,RF,2026,74.0,70.0,12.0,3.0,0.0,2.0,2.0,0.0,21.0,1.0,1.0,0.0,21.0,6.0,2.0,.171,.203,.300,.503,.208,35.00,289.0,19.0,19.0,,,,,,,,,,,,,,,,,,,,,,,,,2025
806068,Colt Emerson,136,Seattle Mariners,,SS,2026,163.0,147.0,29.0,5.0,1.0,7.0,13.0,0.0,56.0,2.0,1.0,0.0,57.0,20.0,2.0,.197,.270,.388,.658,.259,21.00,676.0,34.0,29.0,,,,,,,,,,,,,,,,,,,,,,,,,2025
828599,Lucas Spence,117,Houston Astros,,OF,2026,4.0,3.0,1.0,0.0,0.0,0.0,1.0,0.0,0.0,0.0,0.0,0.0,1.0,0.0,0.0,.333,.500,.333,.833,.333,-.--,18.0,1.0,1.0,,,,,,,,,,,,,,,,,,,,,,,,,2025
642232,Ryan Yarbrough,147,New York Yankees,,P,2026,,,,,,,,,,,,,,,,,,,,,,,,,,,,,,,,,,,,,,,,,,,,,,,,,2025
693433,Bryan Woo,136,Seattle Mariners,,P,2026,,,,,,,,,,,,,,,,,,,,,,,,,,,,,,,,,,,,,,,,,,,,,,,,,2025
666808,Camilo Doval,147,New York Yankees,,P,2026,,,,,,,,,,,,,,,,,,,,,,,,,,,,,,,,,,,,,,,,,,,,,,,,,2025
664761,Alec Bohm,143,Philadelphia Phillies,,3B,2026,378.0,343.0,73.0,14.0,0.0,11.0,25.0,0.0,57.0,6.0,4.0,0.0,120.0,47.0,12.0,.213,.275,.350,.625,.222,31.18,1388.0,118.0,99.0,504.0,464.0,133.0,18.0,3.0,11.0,29.0,0.0,82.0,5.0,6.0,0.0,190.0,59.0,16.0,.287,.331,.409,.740,.324,42.18,1801.0,140.0,115.0,2025
672960,Kazuma Okamoto,141,Toronto Blue Jays,,3B,2026,387.0,342.0,81.0,12.0,0.0,22.0,37.0,0.0,118.0,6.0,2.0,0.0,159.0,62.0,5.0,.237,.320,.465,.785,.289,15.54,1633.0,62.0,83.0,,,,,,,,,,,,,,,,,,,,,,,,,2025
656577,Alex Jackson,142,Minnesota Twins,,C,2026,56.0,54.0,16.0,3.0,0.0,1.0,0.0,0.0,16.0,2.0,0.0,0.0,22.0,4.0,0.0,.296,.321,.407,.728,.405,54.00,204.0,13.0,9.0,100.0,91.0,20.0,8.0,0.0,5.0,5.0,0.0,37.0,4.0,0.0,0.0,43.0,8.0,2.0,.220,.290,.473,.763,.306,18.20,399.0,16.0,18.0,2025
664770,Nathan Lukes,141,Toronto Blue Jays,,RF,2026,219.0,198.0,57.0,8.0,0.0,5.0,12.0,0.0,32.0,5.0,1.0,3.0,80.0,18.0,7.0,.288,.343,.404,.747,.321,39.60,875.0,65.0,48.0,438.0,388.0,99.0,19.0,2.0,12.0,38.0,2.0,60.0,2.0,3.0,7.0,158.0,65.0,12.0,.255,.323,.407,.730,.273,32.33,1662.0,125.0,114.0,2025
695490,Edwin Arroyo,113,Cincinnati Reds,,2B,2026,112.0,104.0,24.0,3.0,1.0,0.0,3.0,0.0,24.0,3.0,1.0,1.0,29.0,4.0,0.0,.231,.270,.279,.549,.296,-.--,392.0,28.0,30.0,,,,,,,,,,,,,,,,,,,,,,,,,2025
691016,Tyler Soderstrom,133,Athletics,,LF,2026,350.0,302.0,73.0,21.0,2.0,15.0,45.0,4.0,63.0,2.0,1.0,0.0,143.0,44.0,7.0,.242,.343,.474,.817,.258,20.13,1313.0,90.0,77.0,624.0,561.0,155.0,34.0,1.0,25.0,55.0,2.0,141.0,6.0,2.0,0.0,266.0,93.0,18.0,.276,.346,.474,.820,.327,22.44,2227.0,153.0,114.0,2025
668873,Caleb Kilian,137,San Francisco Giants,,P,2026,,,,,,,,,,,,,,,,,,,,,,,,,,,,,,,,,,,,,,,,,,,,,,,,,2025
664774,LaMonte Wade Jr.,117,Houston Astros,,LF,2026,38.0,33.0,8.0,2.0,0.0,2.0,5.0,0.0,11.0,0.0,0.0,0.0,16.0,8.0,0.0,.242,.342,.485,.827,.300,16.50,169.0,5.0,9.0,242.0,209.0,35.0,8.0,2.0,2.0,27.0,1.0,58.0,3.0,1.0,2.0,53.0,18.0,2.0,.167,.271,.254,.525,.220,104.50,1039.0,38.0,81.0,2025
691406,Junior Caminero,139,Tampa Bay Rays,,3B,2026,419.0,363.0,102.0,14.0,0.0,29.0,53.0,7.0,79.0,1.0,2.0,0.0,203.0,60.0,17.0,.281,.372,.559,.931,.284,12.52,1629.0,112.0,72.0,653.0,602.0,159.0,28.0,0.0,45.0,41.0,1.0,125.0,3.0,7.0,0.0,322.0,110.0,31.0,.264,.311,.535,.846,.260,13.38,2494.0,169.0,156.0,2025
687312,Gabriel Hughes,115,Colorado Rockies,,P,2026,,,,,,,,,,,,,,,,,,,,,,,,,,,,,,,,,,,,,,,,,,,,,,,,,2025
695505,Chase Burns,113,Cincinnati Reds,,P,2026,,,,,,,,,,,,,,,,,,,,,,,,,,,,,,,,,,,,,,,,,,,,,,,,,2025
668881,Hunter Greene,113,Cincinnati Reds,,P,2026,,,,,,,,,,,,,,,,,,,,,,,,,,,,,,,,,,,,,,,,,,,,,,,,,2025
695506,Jac Caglianone,118,Kansas City Royals,,RF,2026,353.0,323.0,84.0,15.0,2.0,15.0,25.0,0.0,102.0,4.0,1.0,0.0,148.0,35.0,4.0,.260,.320,.458,.778,.333,21.53,1320.0,77.0,61.0,232.0,210.0,33.0,6.0,1.0,7.0,18.0,0.0,52.0,4.0,0.0,0.0,62.0,18.0,4.0,.157,.237,.295,.532,.172,30.00,858.0,67.0,58.0,2025
695508,Cam Cauley,140,Texas Rangers,,SS,2026,26.0,24.0,6.0,1.0,1.0,0.0,2.0,0.0,4.0,0.0,0.0,0.0,9.0,0.0,1.0,.250,.308,.375,.683,.300,-.--,81.0,7.0,7.0,,,,,,,,,,,,,,,,,,,,,,,,,2025
668885,Austin Martin,142,Minnesota Twins,,RF,2026,274.0,230.0,57.0,12.0,0.0,2.0,37.0,0.0,50.0,5.0,2.0,0.0,75.0,20.0,4.0,.248,.361,.326,.687,.306,115.00,1096.0,62.0,63.0,181.0,156.0,44.0,8.0,1.0,1.0,22.0,0.0,31.0,1.0,0.0,2.0,57.0,7.0,6.0,.282,.374,.365,.739,.347,156.00,749.0,50.0,33.0,2025
660688,Keibert Ruiz,120,Washington Nationals,,C,2026,212.0,200.0,55.0,17.0,0.0,7.0,7.0,0.0,27.0,2.0,3.0,0.0,93.0,35.0,5.0,.275,.302,.465,.767,.284,28.57,705.0,55.0,66.0,267.0,255.0,63.0,12.0,0.0,2.0,8.0,0.0,26.0,3.0,1.0,0.0,81.0,25.0,4.0,.247,.277,.318,.595,.268,127.50,888.0,93.0,74.0,2025
605400,Aaron Nola,143,Philadelphia Phillies,,P,2026,,,,,,,,,,,,,,,,,,,,,,,,,,,,,,,,,,,,,,,,,,,,,,,,,2025
701656,Logan Henderson,158,Milwaukee Brewers,,P,2026,,,,,,,,,,,,,,,,,,,,,,,,,,,,,,,,,,,,,,,,,,,,,,,,,2025
656605,Mitch Keller,134,Pittsburgh Pirates,,P,2026,,,,,,,,,,,,,,,,,,,,,,,,,,,,,,,,,,,,,,,,,,,,,,,,,2025
814305,Yunior Tur,133,Athletics,,P,2026,,,,,,,,,,,,,,,,,,,,,,,,,,,,,,,,,,,,,,,,,,,,,,,,,2025
687330,Kevin Kelly,139,Tampa Bay Rays,,P,2026,,,,,,,,,,,,,,,,,,,,,,,,,0.0,0.0,0.0,0.0,0.0,0.0,0.0,0.0,0.0,0.0,0.0,0.0,0.0,0.0,0.0,.000,.000,.000,.000,.---,-.--,0.0,0.0,0.0,2025
670950,Trevor Richards,145,Chicago White Sox,,P,2026,0.0,0.0,0.0,0.0,0.0,0.0,0.0,0.0,0.0,0.0,0.0,0.0,0.0,0.0,0.0,.000,.000,.000,.000,.---,-.--,0.0,0.0,0.0,0.0,0.0,0.0,0.0,0.0,0.0,0.0,0.0,0.0,0.0,0.0,0.0,0.0,0.0,0.0,.000,.000,.000,.000,.---,-.--,0.0,0.0,0.0,2025
668904,Royce Lewis,142,Minnesota Twins,,3B,2026,260.0,232.0,50.0,11.0,0.0,10.0,24.0,0.0,70.0,2.0,2.0,0.0,91.0,29.0,2.0,.216,.292,.392,.684,.260,23.20,1039.0,43.0,71.0,403.0,376.0,89.0,18.0,0.0,13.0,25.0,0.0,80.0,0.0,2.0,0.0,146.0,52.0,7.0,.237,.283,.388,.671,.267,28.92,1517.0,76.0,133.0,2025
701675,Nathan Church,138,St. Louis Cardinals,,LF,2026,258.0,241.0,56.0,9.0,1.0,8.0,13.0,0.0,54.0,2.0,2.0,0.0,91.0,28.0,4.0,.232,.275,.378,.653,.265,30.12,998.0,69.0,64.0,65.0,56.0,10.0,1.0,0.0,1.0,3.0,0.0,18.0,3.0,1.0,2.0,14.0,8.0,0.0,.179,.254,.250,.504,.237,56.00,257.0,20.0,11.0,2025
699625,Jimmy Crooks,138,St. Louis Cardinals,,C,2026,74.0,64.0,11.0,2.0,0.0,2.0,7.0,0.0,24.0,3.0,0.0,0.0,19.0,8.0,1.0,.172,.284,.297,.581,.237,32.00,288.0,14.0,15.0,46.0,45.0,6.0,0.0,1.0,1.0,0.0,0.0,17.0,1.0,0.0,0.0,11.0,1.0,1.0,.133,.152,.244,.396,.185,45.00,199.0,8.0,14.0,2025
695534,Chase Petty,113,Cincinnati Reds,,P,2026,,,,,,,,,,,,,,,,,,,,,,,,,,,,,,,,,,,,,,,,,,,,,,,,,2025
668909,Gavin Williams,114,Cleveland Guardians,,P,2026,,,,,,,,,,,,,,,,,,,,,,,,,,,,,,,,,,,,,,,,,,,,,,,,,2025
703725,Luis Gastelum,138,St. Louis Cardinals,,P,2026,,,,,,,,,,,,,,,,,,,,,,,,,,,,,,,,,,,,,,,,,,,,,,,,,2025
681198,TJ Rumfield,115,Colorado Rockies,,1B,2026,388.0,339.0,100.0,20.0,2.0,12.0,40.0,0.0,54.0,7.0,2.0,0.0,160.0,47.0,2.0,.295,.379,.472,.851,.320,28.25,1440.0,90.0,97.0,,,,,,,,,,,,,,,,,,,,,,,,,2025
701678,Hao-Yu Lee,116,Detroit Tigers,,2B,2026,161.0,153.0,39.0,7.0,1.0,4.0,7.0,0.0,43.0,0.0,0.0,1.0,60.0,17.0,1.0,.255,.288,.392,.680,.330,38.25,566.0,27.0,45.0,,,,,,,,,,,,,,,,,,,,,,,,,2025
685299,Tanner Gordon,115,Colorado Rockies,,P,2026,,,,,,,,,,,,,,,,,,,,,,,,,,,,,,,,,,,,,,,,,,,,,,,,,2025
670970,Adrian Morejon,135,San Diego Padres,,P,2026,,,,,,,,,,,,,,,,,,,,,,,,,,,,,,,,,,,,,,,,,,,,,,,,,2025
650489,Willi Castro,115,Colorado Rockies,,2B,2026,324.0,292.0,77.0,13.0,0.0,8.0,27.0,0.0,90.0,4.0,1.0,0.0,114.0,38.0,3.0,.264,.333,.390,.723,.354,36.50,1299.0,51.0,75.0,454.0,402.0,91.0,17.0,3.0,11.0,40.0,1.0,111.0,11.0,0.0,1.0,147.0,33.0,12.0,.226,.313,.366,.679,.286,36.54,1735.0,93.0,108.0,2025
656638,Alex Lange,118,Kansas City Royals,,P,2026,0.0,0.0,0.0,0.0,0.0,0.0,0.0,0.0,0.0,0.0,0.0,0.0,0.0,0.0,0.0,.000,.000,.000,.000,.---,-.--,0.0,0.0,0.0,,,,,,,,,,,,,,,,,,,,,,,,,2025
650490,Yandy Díaz,139,Tampa Bay Rays,,DH,2026,402.0,353.0,111.0,17.0,1.0,13.0,37.0,4.0,55.0,9.0,3.0,0.0,169.0,55.0,10.0,.314,.391,.479,.870,.340,27.15,1488.0,107.0,83.0,651.0,583.0,175.0,29.0,1.0,25.0,57.0,4.0,92.0,6.0,5.0,0.0,281.0,83.0,12.0,.300,.366,.482,.848,.318,23.32,2525.0,193.0,128.0,2025
656641,Jacob Latz,140,Texas Rangers,,P,2026,0.0,0.0,0.0,0.0,0.0,0.0,0.0,0.0,0.0,0.0,0.0,0.0,0.0,0.0,0.0,.000,.000,.000,.000,.---,-.--,0.0,0.0,0.0,,,,,,,,,,,,,,,,,,,,,,,,,2025
691458,Blaze Jordan,138,St. Louis Cardinals,,3B,2026,83.0,76.0,18.0,4.0,1.0,1.0,3.0,0.0,12.0,0.0,4.0,0.0,27.0,14.0,2.0,.237,.253,.355,.608,.254,76.00,295.0,27.0,23.0,,,,,,,,,,,,,,,,,,,,,,,,,2025
668930,Brice Turang,158,Milwaukee Brewers,,2B,2026,421.0,361.0,95.0,23.0,3.0,14.0,55.0,3.0,104.0,0.0,2.0,3.0,166.0,60.0,7.0,.263,.359,.460,.819,.331,25.79,1776.0,94.0,73.0,659.0,584.0,168.0,28.0,2.0,18.0,66.0,1.0,150.0,2.0,5.0,2.0,254.0,81.0,3.0,.288,.359,.435,.794,.356,32.44,2772.0,132.0,141.0,2025
681217,Chase Silseth,108,Los Angeles Angels,,P,2026,,,,,,,,,,,,,,,,,,,,,,,,,,,,,,,,,,,,,,,,,,,,,,,,,2025
689414,Liam Hicks,146,Miami Marlins,,C,2026,346.0,301.0,87.0,9.0,1.0,13.0,33.0,1.0,31.0,5.0,6.0,1.0,137.0,58.0,4.0,.289,.362,.455,.817,.281,23.15,1239.0,91.0,99.0,390.0,332.0,82.0,13.0,1.0,6.0,43.0,0.0,56.0,9.0,3.0,3.0,115.0,45.0,5.0,.247,.346,.346,.692,.278,55.33,1537.0,101.0,99.0,2025
605447,Jordan Romano,115,Colorado Rockies,,P,2026,,,,,,,,,,,,,,,,,,,,,,,,,,,,,,,,,,,,,,,,,,,,,,,,,2025
670990,Yohan Ramírez,134,Pittsburgh Pirates,,P,2026,,,,,,,,,,,,,,,,,,,,,,,,,,,,,,,,,,,,,,,,,,,,,,,,,2025
668939,Adley Rutschman,110,Baltimore Orioles,,C,2026,279.0,243.0,62.0,19.0,1.0,8.0,29.0,0.0,39.0,2.0,5.0,0.0,107.0,47.0,6.0,.255,.333,.440,.773,.269,30.38,1133.0,65.0,82.0,365.0,322.0,71.0,16.0,2.0,9.0,40.0,0.0,57.0,1.0,2.0,0.0,118.0,29.0,8.0,.220,.307,.366,.673,.240,35.78,1491.0,93.0,103.0,2025
668942,Josh Rojas,118,Kansas City Royals,,3B,2026,36.0,35.0,7.0,2.0,0.0,1.0,1.0,0.0,9.0,0.0,0.0,0.0,12.0,5.0,0.0,.200,.222,.343,.565,.240,35.00,126.0,9.0,10.0,211.0,189.0,34.0,9.0,0.0,2.0,19.0,0.0,48.0,0.0,2.0,1.0,49.0,11.0,6.0,.180,.252,.259,.511,.227,94.50,797.0,51.0,59.0,2025
664849,Danny Young,144,Atlanta Braves,,P,2026,,,,,,,,,,,,,,,,,,,,,,,,,,,,,,,,,,,,,,,,,,,,,,,,,2025
615698,Cal Quantrill,140,Texas Rangers,,P,2026,,,,,,,,,,,,,,,,,,,,,,,,,,,,,,,,,,,,,,,,,,,,,,,,,2025
687377,Orlando Ribalta,120,Washington Nationals,,P,2026,0.0,0.0,0.0,0.0,0.0,0.0,0.0,0.0,0.0,0.0,0.0,0.0,0.0,0.0,0.0,.000,.000,.000,.000,.---,-.--,0.0,0.0,0.0,,,,,,,,,,,,,,,,,,,,,,,,,2025
668952,Ryan Kreidler,142,Minnesota Twins,,CF,2026,144.0,131.0,34.0,4.0,2.0,5.0,12.0,0.0,28.0,1.0,0.0,0.0,57.0,24.0,5.0,.260,.326,.435,.761,.296,26.20,542.0,37.0,32.0,44.0,38.0,4.0,0.0,0.0,0.0,4.0,0.0,19.0,0.0,0.0,2.0,4.0,0.0,0.0,.105,.190,.105,.295,.211,-.--,179.0,9.0,8.0,2025
660761,José Suarez,133,Athletics,,P,2026,,,,,,,,,,,,,,,,,,,,,,,,,,,,,,,,,,,,,,,,,,,,,,,,,2025
687396,Brent Headrick,147,New York Yankees,,P,2026,,,,,,,,,,,,,,,,,,,,,,,,,,,,,,,,,,,,,,,,,,,,,,,,,2025
695578,James Wood,120,Washington Nationals,,RF,2026,460.0,374.0,104.0,23.0,1.0,28.0,80.0,8.0,133.0,4.0,2.0,0.0,213.0,66.0,3.0,.278,.409,.570,.979,.353,13.36,1942.0,71.0,68.0,689.0,598.0,153.0,38.0,0.0,31.0,85.0,8.0,221.0,3.0,3.0,0.0,284.0,94.0,12.0,.256,.350,.475,.825,.350,19.29,2887.0,143.0,84.0,2025
687401,Joey Ortiz,158,Milwaukee Brewers,,SS,2026,245.0,217.0,50.0,8.0,0.0,4.0,21.0,0.0,42.0,0.0,3.0,4.0,70.0,23.0,6.0,.230,.295,.323,.618,.264,54.25,939.0,68.0,64.0,506.0,470.0,108.0,18.0,1.0,7.0,27.0,0.0,74.0,3.0,0.0,6.0,149.0,45.0,10.0,.230,.276,.317,.593,.260,67.14,1873.0,132.0,162.0,2025
668970,Gavin Hollowell,112,Chicago Cubs,,P,2026,,,,,,,,,,,,,,,,,,,,,,,,,,,,,,,,,,,,,,,,,,,,,,,,,2025
806188,Cade Gibson,146,Miami Marlins,,P,2026,0.0,0.0,0.0,0.0,0.0,0.0,0.0,0.0,0.0,0.0,0.0,0.0,0.0,0.0,0.0,.000,.000,.000,.000,.---,-.--,0.0,0.0,0.0,,,,,,,,,,,,,,,,,,,,,,,,,2025
664875,Justin Lawrence,120,Washington Nationals,,P,2026,,,,,,,,,,,,,,,,,,,,,,,,,,,,,,,,,,,,,,,,,,,,,,,,,2025
642350,Jose Siri,108,Los Angeles Angels,,CF,2026,97.0,87.0,23.0,3.0,0.0,5.0,6.0,0.0,27.0,1.0,1.0,2.0,41.0,18.0,3.0,.264,.316,.471,.787,.321,17.40,371.0,19.0,21.0,36.0,32.0,2.0,2.0,0.0,0.0,4.0,0.0,17.0,0.0,0.0,0.0,4.0,1.0,0.0,.063,.167,.125,.292,.133,-.--,162.0,3.0,10.0,2025
800048,Parker Messick,114,Cleveland Guardians,,P,2026,,,,,,,,,,,,,,,,,,,,,,,,,,,,,,,,,,,,,,,,,,,,,,,,,2025
800050,Chase DeLauter,114,Cleveland Guardians,,RF,2026,333.0,299.0,83.0,16.0,1.0,11.0,32.0,0.0,45.0,0.0,2.0,0.0,134.0,46.0,7.0,.278,.345,.448,.793,.294,27.18,1261.0,74.0,99.0,,,,,,,,,,,,,,,,,,,,,,,,,2025
607536,Kyle Freeland,115,Colorado Rockies,,P,2026,0.0,0.0,0.0,0.0,0.0,0.0,0.0,0.0,0.0,0.0,0.0,0.0,0.0,0.0,0.0,.000,.000,.000,.000,.---,-.--,0.0,0.0,0.0,,,,,,,,,,,,,,,,,,,,,,,,,2025
695600,Carter Jensen,118,Kansas City Royals,,C,2026,352.0,314.0,76.0,20.0,0.0,13.0,32.0,1.0,101.0,1.0,5.0,0.0,135.0,51.0,3.0,.242,.310,.430,.740,.307,24.15,1431.0,46.0,96.0,69.0,60.0,18.0,6.0,0.0,3.0,9.0,0.0,12.0,0.0,0.0,0.0,33.0,13.0,1.0,.300,.391,.550,.941,.333,20.00,293.0,17.0,13.0,2025
605488,Jeffrey Springs,133,Athletics,,P,2026,,,,,,,,,,,,,,,,,,,,,,,,,,,,,,,,,,,,,,,,,,,,,,,,,2025
806198,Cooper Pratt,158,Milwaukee Brewers,,SS,2026,92.0,77.0,19.0,3.0,1.0,0.0,12.0,0.0,15.0,1.0,2.0,0.0,24.0,7.0,4.0,.247,.348,.312,.660,.297,-.--,345.0,26.0,19.0,,,,,,,,,,,,,,,,,,,,,,,,,2025
668984,Casey Legumina,139,Tampa Bay Rays,,P,2026,,,,,,,,,,,,,,,,,,,,,,,,,0.0,0.0,0.0,0.0,0.0,0.0,0.0,0.0,0.0,0.0,0.0,0.0,0.0,0.0,0.0,.000,.000,.000,.000,.---,-.--,0.0,0.0,0.0,2025
695611,Gage Jump,133,Athletics,,P,2026,,,,,,,,,,,,,,,,,,,,,,,,,,,,,,,,,,,,,,,,,,,,,,,,,2025
650556,Bryan Abreu,117,Houston Astros,,P,2026,,,,,,,,,,,,,,,,,,,,,,,,,0.0,0.0,0.0,0.0,0.0,0.0,0.0,0.0,0.0,0.0,0.0,0.0,0.0,0.0,0.0,.000,.000,.000,.000,.---,-.--,0.0,0.0,0.0,2025
656716,Zach McKinstry,116,Detroit Tigers,,2B,2026,251.0,221.0,43.0,6.0,2.0,4.0,25.0,1.0,45.0,0.0,2.0,3.0,65.0,19.0,4.0,.195,.274,.294,.568,.224,55.25,966.0,65.0,73.0,511.0,452.0,117.0,23.0,11.0,12.0,46.0,1.0,111.0,7.0,5.0,1.0,198.0,49.0,6.0,.259,.333,.438,.771,.314,37.67,2035.0,116.0,114.0,2025
681293,Spencer Arrighetti,117,Houston Astros,,P,2026,,,,,,,,,,,,,,,,,,,,,,,,,,,,,,,,,,,,,,,,,,,,,,,,,2025
669003,Garrett Mitchell,158,Milwaukee Brewers,,CF,2026,315.0,274.0,76.0,20.0,3.0,8.0,37.0,1.0,104.0,2.0,1.0,1.0,126.0,45.0,2.0,.277,.366,.460,.826,.417,34.25,1267.0,59.0,37.0,78.0,68.0,14.0,4.0,1.0,0.0,7.0,0.0,25.0,1.0,1.0,1.0,20.0,3.0,0.0,.206,.286,.294,.580,.318,-.--,303.0,17.0,14.0,2025
671056,Iván Herrera,138,St. Louis Cardinals,,DH,2026,428.0,350.0,86.0,14.0,1.0,11.0,51.0,4.0,69.0,24.0,3.0,0.0,135.0,41.0,13.0,.246,.376,.386,.762,.275,31.82,1674.0,110.0,88.0,452.0,388.0,110.0,13.0,0.0,19.0,43.0,1.0,84.0,15.0,4.0,0.0,180.0,66.0,20.0,.284,.373,.464,.837,.315,20.42,1809.0,115.0,83.0,2025
681297,Colton Cowser,110,Baltimore Orioles,,CF,2026,235.0,205.0,44.0,3.0,0.0,8.0,26.0,0.0,71.0,1.0,2.0,1.0,71.0,27.0,1.0,.215,.303,.346,.649,.281,25.62,986.0,41.0,52.0,360.0,327.0,64.0,14.0,0.0,16.0,27.0,1.0,128.0,6.0,0.0,0.0,126.0,40.0,5.0,.196,.269,.385,.654,.262,20.44,1486.0,71.0,64.0,2025
630105,Jake Cronenworth,135,San Diego Padres,,2B,2026,166.0,147.0,28.0,3.0,0.0,3.0,15.0,0.0,37.0,3.0,0.0,1.0,40.0,12.0,2.0,.190,.279,.272,.551,.234,49.00,676.0,46.0,37.0,515.0,419.0,103.0,20.0,1.0,11.0,69.0,1.0,107.0,15.0,7.0,4.0,158.0,59.0,4.0,.246,.367,.377,.744,.299,38.09,2184.0,101.0,119.0,2025
669016,Brandon Marsh,143,Philadelphia Phillies,,LF,2026,367.0,343.0,102.0,15.0,2.0,15.0,19.0,2.0,97.0,2.0,3.0,0.0,166.0,46.0,2.0,.297,.335,.484,.819,.372,22.87,1359.0,64.0,83.0,425.0,379.0,106.0,25.0,2.0,11.0,38.0,1.0,110.0,0.0,4.0,3.0,168.0,43.0,2.0,.280,.342,.443,.785,.363,34.46,1657.0,82.0,88.0,2025
683352,Mitch Bratt,109,Arizona Diamondbacks,,P,2026,,,,,,,,,,,,,,,,,,,,,,,,,,,,,,,,,,,,,,,,,,,,,,,,,2025
669020,Ryan Rolison,112,Chicago Cubs,,P,2026,0.0,0.0,0.0,0.0,0.0,0.0,0.0,0.0,0.0,0.0,0.0,0.0,0.0,0.0,0.0,.000,.000,.000,.000,.---,-.--,0.0,0.0,0.0,,,,,,,,,,,,,,,,,,,,,,,,,2025
802139,JJ Wetherholt,138,St. Louis Cardinals,,2B,2026,412.0,355.0,93.0,10.0,0.0,14.0,41.0,2.0,64.0,14.0,2.0,0.0,145.0,37.0,1.0,.262,.359,.408,.767,.283,25.36,1610.0,92.0,108.0,,,,,,,,,,,,,,,,,,,,,,,,,2025
642397,Gregory Soto,134,Pittsburgh Pirates,,P,2026,,,,,,,,,,,,,,,,,,,,,,,,,,,,,,,,,,,,,,,,,,,,,,,,,2025
666974,Yennier Cano,110,Baltimore Orioles,,P,2026,,,,,,,,,,,,,,,,,,,,,,,,,0.0,0.0,0.0,0.0,0.0,0.0,0.0,0.0,0.0,0.0,0.0,0.0,0.0,0.0,0.0,.000,.000,.000,.000,.---,-.--,0.0,0.0,0.0,2025
656730,Trevor Megill,158,Milwaukee Brewers,,P,2026,0.0,0.0,0.0,0.0,0.0,0.0,0.0,0.0,0.0,0.0,0.0,0.0,0.0,0.0,0.0,.000,.000,.000,.000,.---,-.--,0.0,0.0,0.0,,,,,,,,,,,,,,,,,,,,,,,,,2025
669022,MacKenzie Gore,140,Texas Rangers,,P,2026,,,,,,,,,,,,,,,,,,,,,,,,,,,,,,,,,,,,,,,,,,,,,,,,,2025
666971,Lourdes Gurriel Jr.,109,Arizona Diamondbacks,,LF,2026,189.0,174.0,36.0,8.0,0.0,2.0,10.0,0.0,34.0,2.0,3.0,0.0,50.0,21.0,1.0,.207,.254,.287,.541,.241,87.00,681.0,47.0,60.0,546.0,500.0,124.0,24.0,2.0,19.0,31.0,0.0,76.0,6.0,9.0,0.0,209.0,80.0,11.0,.248,.295,.418,.713,.254,26.32,1994.0,121.0,188.0,2025
660825,Eduard Bazardo,136,Seattle Mariners,,P,2026,,,,,,,,,,,,,,,,,,,,,,,,,,,,,,,,,,,,,,,,,,,,,,,,,2025
814439,Ryan Waldschmidt,109,Arizona Diamondbacks,,CF,2026,128.0,116.0,29.0,9.0,1.0,0.0,9.0,0.0,43.0,1.0,1.0,0.0,40.0,9.0,0.0,.250,.307,.345,.652,.392,-.--,502.0,18.0,27.0,,,,,,,,,,,,,,,,,,,,,,,,,2025
671083,Buddy Kennedy,136,Seattle Mariners,,1B,2026,16.0,14.0,1.0,1.0,0.0,0.0,2.0,0.0,5.0,0.0,0.0,0.0,2.0,0.0,0.0,.071,.188,.143,.331,.111,-.--,78.0,3.0,5.0,32.0,29.0,2.0,1.0,0.0,0.0,2.0,0.0,8.0,1.0,0.0,0.0,3.0,1.0,0.0,.069,.156,.103,.259,.095,-.--,127.0,7.0,12.0,2025
695657,Colson Montgomery,145,Chicago White Sox,,SS,2026,386.0,345.0,77.0,17.0,0.0,23.0,32.0,3.0,122.0,9.0,0.0,0.0,163.0,56.0,4.0,.223,.306,.472,.778,.270,15.00,1433.0,53.0,93.0,284.0,255.0,61.0,9.0,1.0,21.0,25.0,1.0,83.0,2.0,1.0,0.0,135.0,55.0,3.0,.239,.311,.529,.840,.263,12.14,1082.0,50.0,62.0,2025
660853,Enyel De Los Santos,117,Houston Astros,,P,2026,,,,,,,,,,,,,,,,,,,,,,,,,0.0,0.0,0.0,0.0,0.0,0.0,0.0,0.0,0.0,0.0,0.0,0.0,0.0,0.0,0.0,.000,.000,.000,.000,.---,-.--,0.0,0.0,0.0,2025
687473,Ryan Gusto,146,Miami Marlins,,P,2026,,,,,,,,,,,,,,,,,,,,,,,,,,,,,,,,,,,,,,,,,,,,,,,,,2025
695670,Harry Ford,120,Washington Nationals,,C,2026,6.0,5.0,2.0,0.0,0.0,1.0,1.0,0.0,2.0,0.0,0.0,0.0,5.0,3.0,0.0,.400,.500,1.000,1.500,.500,5.00,25.0,0.0,1.0,8.0,6.0,1.0,0.0,0.0,0.0,0.0,0.0,3.0,1.0,1.0,0.0,1.0,1.0,0.0,.167,.250,.167,.417,.250,-.--,29.0,1.0,2.0,2025
671096,Andrew Abbott,113,Cincinnati Reds,,P,2026,,,,,,,,,,,,,,,,,,,,,,,,,,,,,,,,,,,,,,,,,,,,,,,,,2025
691587,Eury Pérez,146,Miami Marlins,,P,2026,,,,,,,,,,,,,,,,,,,,,,,,,,,,,,,,,,,,,,,,,,,,,,,,,2025
664954,Brett Sullivan,115,Colorado Rockies,,C,2026,133.0,122.0,27.0,8.0,0.0,4.0,7.0,0.0,23.0,1.0,2.0,1.0,47.0,15.0,3.0,.221,.265,.385,.650,.237,30.50,485.0,29.0,46.0,9.0,6.0,1.0,0.0,0.0,0.0,1.0,0.0,3.0,1.0,1.0,0.0,1.0,2.0,0.0,.167,.333,.167,.500,.250,-.--,36.0,0.0,3.0,2025
669060,Bryse Wilson,158,Milwaukee Brewers,,P,2026,,,,,,,,,,,,,,,,,,,,,,,,,0.0,0.0,0.0,0.0,0.0,0.0,0.0,0.0,0.0,0.0,0.0,0.0,0.0,0.0,0.0,.000,.000,.000,.000,.---,-.--,0.0,0.0,0.0,2025
669062,Erik Miller,137,San Francisco Giants,,P,2026,,,,,,,,,,,,,,,,,,,,,,,,,,,,,,,,,,,,,,,,,,,,,,,,,2025
656775,Cedric Mullins,139,Tampa Bay Rays,,CF,2026,323.0,283.0,57.0,4.0,1.0,11.0,27.0,0.0,67.0,5.0,2.0,4.0,96.0,30.0,3.0,.201,.281,.339,.620,.222,25.73,1261.0,42.0,123.0,498.0,435.0,94.0,23.0,1.0,17.0,50.0,0.0,120.0,4.0,6.0,3.0,170.0,59.0,2.0,.216,.299,.391,.690,.253,25.59,2112.0,79.0,151.0,2025
650633,Michael King,135,San Diego Padres,,P,2026,,,,,,,,,,,,,,,,,,,,,,,,,,,,,,,,,,,,,,,,,,,,,,,,,2025
607625,Seth Lugo,118,Kansas City Royals,,P,2026,,,,,,,,,,,,,,,,,,,,,,,,,,,,,,,,,,,,,,,,,,,,,,,,,2025
691594,Javier Sanoja,146,Miami Marlins,,3B,2026,247.0,231.0,63.0,17.0,2.0,3.0,14.0,0.0,21.0,0.0,1.0,1.0,93.0,34.0,3.0,.273,.313,.403,.716,.288,77.00,817.0,71.0,78.0,342.0,313.0,76.0,22.0,4.0,6.0,19.0,0.0,41.0,2.0,4.0,4.0,124.0,38.0,2.0,.243,.287,.396,.683,.259,52.17,1218.0,97.0,107.0,2025
669065,Kyle Stowers,146,Miami Marlins,,LF,2026,309.0,272.0,64.0,16.0,3.0,12.0,28.0,2.0,99.0,6.0,2.0,1.0,122.0,42.0,8.0,.235,.318,.449,.767,.319,22.67,1168.0,49.0,63.0,457.0,399.0,115.0,21.0,3.0,25.0,48.0,3.0,125.0,5.0,4.0,1.0,217.0,73.0,6.0,.288,.368,.544,.912,.356,15.96,1712.0,79.0,85.0,2025
689546,Nick Davila,136,Seattle Mariners,,P,2026,,,,,,,,,,,,,,,,,,,,,,,,,,,,,,,,,,,,,,,,,,,,,,,,,2025
693645,Cam Schlittler,147,New York Yankees,,P,2026,,,,,,,,,,,,,,,,,,,,,,,,,,,,,,,,,,,,,,,,,,,,,,,,,2025
595345,Steven Okert,117,Houston Astros,,P,2026,,,,,,,,,,,,,,,,,,,,,,,,,,,,,,,,,,,,,,,,,,,,,,,,,2025
683409,Angel Chivilli,147,New York Yankees,,P,2026,,,,,,,,,,,,,,,,,,,,,,,,,0.0,0.0,0.0,0.0,0.0,0.0,0.0,0.0,0.0,0.0,0.0,0.0,0.0,0.0,0.0,.000,.000,.000,.000,.---,-.--,0.0,0.0,0.0,2025
544150,Albert Suárez,110,Baltimore Orioles,,P,2026,,,,,,,,,,,,,,,,,,,,,,,,,,,,,,,,,,,,,,,,,,,,,,,,,2025
681351,Logan O'Hoppe,108,Los Angeles Angels,,C,2026,236.0,215.0,45.0,8.0,0.0,4.0,16.0,0.0,59.0,3.0,1.0,1.0,65.0,23.0,6.0,.209,.272,.302,.574,.268,53.75,848.0,39.0,74.0,451.0,423.0,90.0,8.0,1.0,19.0,24.0,0.0,139.0,2.0,1.0,1.0,157.0,43.0,12.0,.213,.258,.371,.629,.267,22.26,1758.0,89.0,107.0,2025
664983,Jake McCarthy,115,Colorado Rockies,,CF,2026,311.0,282.0,85.0,18.0,6.0,10.0,18.0,0.0,54.0,4.0,3.0,4.0,145.0,53.0,4.0,.301,.349,.514,.863,.339,28.20,1050.0,75.0,75.0,222.0,206.0,42.0,7.0,5.0,4.0,10.0,0.0,40.0,2.0,1.0,3.0,71.0,20.0,2.0,.204,.247,.345,.592,.233,51.50,846.0,83.0,45.0,2025
656794,Sean Newcomb,145,Chicago White Sox,,P,2026,,,,,,,,,,,,,,,,,,,,,,,,,,,,,,,,,,,,,,,,,,,,,,,,,2025
687515,Colby Thomas,133,Athletics,,RF,2026,104.0,99.0,20.0,3.0,0.0,4.0,4.0,0.0,31.0,0.0,0.0,1.0,35.0,11.0,2.0,.202,.233,.354,.587,.250,24.75,394.0,15.0,34.0,132.0,120.0,27.0,5.0,0.0,6.0,7.0,0.0,49.0,1.0,3.0,1.0,50.0,19.0,3.0,.225,.267,.417,.684,.309,20.00,481.0,21.0,27.0,2025
701852,Drew Cavanaugh,137,San Francisco Giants,,C,2026,42.0,34.0,9.0,0.0,0.0,0.0,7.0,0.0,9.0,0.0,0.0,1.0,9.0,2.0,0.0,.265,.390,.265,.655,.360,-.--,164.0,7.0,10.0,,,,,,,,,,,,,,,,,,,,,,,,,2025
664991,Grant Wolfram,110,Baltimore Orioles,,P,2026,,,,,,,,,,,,,,,,,,,,,,,,,,,,,,,,,,,,,,,,,,,,,,,,,2025
695720,Tommy White,133,Athletics,,3B,2026,4.0,4.0,1.0,1.0,0.0,0.0,0.0,0.0,0.0,0.0,0.0,0.0,2.0,0.0,0.0,.250,.250,.500,.750,.250,-.--,17.0,2.0,1.0,,,,,,,,,,,,,,,,,,,,,,,,,2025
701807,Carson Benge,121,New York Mets,,RF,2026,390.0,357.0,94.0,12.0,2.0,11.0,29.0,0.0,83.0,4.0,0.0,0.0,143.0,37.0,4.0,.263,.326,.401,.727,.316,32.46,1591.0,92.0,88.0,,,,,,,,,,,,,,,,,,,,,,,,,2025
687529,Grant McCray,137,San Francisco Giants,,CF,2026,1.0,1.0,0.0,0.0,0.0,0.0,0.0,0.0,0.0,0.0,0.0,0.0,0.0,0.0,0.0,.000,.000,.000,.000,.000,-.--,4.0,1.0,0.0,26.0,22.0,2.0,0.0,1.0,0.0,2.0,0.0,11.0,0.0,1.0,1.0,4.0,2.0,1.0,.091,.160,.182,.342,.167,-.--,97.0,7.0,4.0,2025
656811,Ryan O'Hearn,134,Pittsburgh Pirates,,RF,2026,339.0,306.0,88.0,13.0,0.0,16.0,26.0,1.0,74.0,5.0,2.0,0.0,149.0,63.0,13.0,.288,.351,.487,.838,.330,19.12,1324.0,73.0,73.0,544.0,474.0,133.0,21.0,1.0,17.0,58.0,4.0,109.0,8.0,4.0,0.0,207.0,63.0,11.0,.281,.366,.437,.803,.330,27.88,2173.0,117.0,119.0,2025
804267,Zach Thornton,121,New York Mets,,P,2026,,,,,,,,,,,,,,,,,,,,,,,,,,,,,,,,,,,,,,,,,,,,,,,,,2025
695731,Braden Montgomery,145,Chicago White Sox,,RF,2026,121.0,109.0,25.0,8.0,1.0,3.0,10.0,0.0,24.0,1.0,1.0,0.0,44.0,16.0,4.0,.229,.298,.404,.702,.265,36.33,430.0,37.0,24.0,,,,,,,,,,,,,,,,,,,,,,,,,2025
693686,Spencer Miles,141,Toronto Blue Jays,,P,2026,,,,,,,,,,,,,,,,,,,,,,,,,,,,,,,,,,,,,,,,,,,,,,,,,2025
695734,Daylen Lile,120,Washington Nationals,,LF,2026,409.0,376.0,93.0,21.0,3.0,11.0,24.0,1.0,73.0,5.0,4.0,0.0,153.0,48.0,6.0,.247,.298,.407,.705,.277,34.18,1435.0,86.0,128.0,351.0,321.0,96.0,15.0,11.0,9.0,21.0,0.0,56.0,4.0,3.0,1.0,160.0,41.0,5.0,.299,.347,.498,.845,.336,35.67,1306.0,73.0,100.0,2025
554430,Zack Wheeler,143,Philadelphia Phillies,,P,2026,,,,,,,,,,,,,,,,,,,,,,,,,,,,,,,,,,,,,,,,,,,,,,,,,2025
687551,Drew Gilbert,137,San Francisco Giants,,CF,2026,221.0,194.0,45.0,10.0,2.0,4.0,19.0,2.0,37.0,5.0,1.0,2.0,71.0,20.0,5.0,.232,.315,.366,.681,.266,48.50,830.0,61.0,54.0,109.0,100.0,19.0,5.0,1.0,3.0,7.0,0.0,20.0,1.0,1.0,0.0,35.0,13.0,2.0,.190,.248,.350,.598,.205,33.33,416.0,34.0,28.0,2025
640448,Kyle Finnegan,116,Detroit Tigers,,P,2026,,,,,,,,,,,,,,,,,,,,,,,,,,,,,,,,,,,,,,,,,,,,,,,,,2025
640455,Sean Manaea,121,New York Mets,,P,2026,,,,,,,,,,,,,,,,,,,,,,,,,,,,,,,,,,,,,,,,,,,,,,,,,2025
669127,Shea Langeliers,133,Athletics,,C,2026,390.0,354.0,91.0,16.0,0.0,22.0,30.0,2.0,88.0,5.0,1.0,0.0,173.0,47.0,4.0,.257,.323,.489,.812,.282,16.09,1440.0,65.0,111.0,523.0,481.0,133.0,32.0,0.0,31.0,36.0,1.0,103.0,1.0,5.0,0.0,258.0,72.0,10.0,.277,.325,.536,.861,.290,15.52,1924.0,107.0,143.0,2025
687562,Jake Bennett,111,Boston Red Sox,,P,2026,,,,,,,,,,,,,,,,,,,,,,,,,,,,,,,,,,,,,,,,,,,,,,,,,2025
640459,Brian Navarreto,146,Miami Marlins,,C,2026,14.0,11.0,2.0,1.0,0.0,0.0,1.0,0.0,4.0,0.0,0.0,2.0,3.0,0.0,0.0,.182,.250,.273,.523,.286,-.--,45.0,4.0,3.0,15.0,14.0,4.0,2.0,0.0,1.0,0.0,0.0,3.0,0.0,1.0,0.0,9.0,5.0,0.0,.286,.267,.643,.910,.273,14.00,42.0,5.0,3.0,2025
669134,Luis Campusano,135,San Diego Padres,,C,2026,84.0,72.0,21.0,7.0,0.0,4.0,11.0,0.0,20.0,1.0,0.0,0.0,40.0,11.0,0.0,.292,.393,.556,.949,.354,18.00,347.0,15.0,16.0,27.0,21.0,0.0,0.0,0.0,0.0,6.0,0.0,11.0,0.0,0.0,0.0,0.0,0.0,2.0,.000,.222,.000,.222,.000,-.--,126.0,9.0,1.0,2025
656848,Michael Petersen,146,Miami Marlins,,P,2026,,,,,,,,,,,,,,,,,,,,,,,,,,,,,,,,,,,,,,,,,,,,,,,,,2025
656849,David Peterson,112,Chicago Cubs,,P,2026,,,,,,,,,,,,,,,,,,,,,,,,,,,,,,,,,,,,,,,,,,,,,,,,,2025
693713,Emiliano Teodo,140,Texas Rangers,,P,2026,,,,,,,,,,,,,,,,,,,,,,,,,,,,,,,,,,,,,,,,,,,,,,,,,2025
665019,Kody Clemens,142,Minnesota Twins,,1B,2026,336.0,305.0,73.0,18.0,3.0,16.0,22.0,1.0,77.0,5.0,2.0,2.0,145.0,46.0,6.0,.239,.299,.475,.774,.266,19.06,1314.0,69.0,90.0,386.0,348.0,74.0,12.0,4.0,19.0,29.0,1.0,93.0,5.0,2.0,2.0,151.0,52.0,4.0,.213,.281,.434,.715,.231,18.32,1529.0,73.0,112.0,2025
673237,Yainer Diaz,117,Houston Astros,,C,2026,174.0,165.0,41.0,9.0,0.0,6.0,6.0,0.0,27.0,1.0,2.0,0.0,68.0,23.0,5.0,.248,.276,.412,.688,.261,27.50,563.0,65.0,34.0,567.0,542.0,139.0,25.0,1.0,20.0,20.0,2.0,95.0,2.0,3.0,0.0,226.0,70.0,13.0,.256,.284,.417,.701,.277,27.10,1871.0,162.0,149.0,2025
665052,Griffin Conine,146,Miami Marlins,,LF,2026,93.0,81.0,22.0,4.0,0.0,6.0,10.0,0.0,27.0,2.0,0.0,0.0,44.0,13.0,1.0,.272,.366,.543,.909,.333,13.50,354.0,24.0,8.0,86.0,79.0,20.0,7.0,0.0,2.0,7.0,0.0,25.0,0.0,0.0,0.0,33.0,8.0,0.0,.253,.314,.418,.732,.346,39.50,338.0,21.0,13.0,2025
521692,Salvador Perez,118,Kansas City Royals,,C,2026,379.0,352.0,74.0,14.0,0.0,11.0,14.0,2.0,77.0,8.0,5.0,0.0,121.0,37.0,12.0,.210,.253,.344,.597,.234,32.00,1389.0,87.0,119.0,641.0,597.0,141.0,35.0,0.0,30.0,28.0,5.0,125.0,12.0,1.0,0.0,266.0,100.0,14.0,.236,.284,.446,.730,.251,19.90,2267.0,145.0,187.0,2025
642528,Jonathan Loáisiga,109,Arizona Diamondbacks,,P,2026,0.0,0.0,0.0,0.0,0.0,0.0,0.0,0.0,0.0,0.0,0.0,0.0,0.0,0.0,0.0,.000,.000,.000,.000,.---,-.--,0.0,0.0,0.0,,,,,,,,,,,,,,,,,,,,,,,,,2025
669160,Dustin May,138,St. Louis Cardinals,,P,2026,,,,,,,,,,,,,,,,,,,,,,,,,,,,,,,,,,,,,,,,,,,,,,,,,2025
671218,Heliot Ramos,137,San Francisco Giants,,LF,2026,240.0,227.0,63.0,13.0,3.0,8.0,12.0,1.0,62.0,0.0,1.0,0.0,106.0,28.0,2.0,.278,.313,.467,.780,.348,28.38,949.0,58.0,45.0,695.0,620.0,159.0,24.0,1.0,21.0,52.0,2.0,158.0,17.0,6.0,0.0,248.0,69.0,16.0,.256,.328,.400,.728,.309,29.52,2653.0,147.0,162.0,2025
656876,Drew Rasmussen,139,Tampa Bay Rays,,P,2026,,,,,,,,,,,,,,,,,,,,,,,,,,,,,,,,,,,,,,,,,,,,,,,,,2025
642547,Freddy Peralta,121,New York Mets,,P,2026,,,,,,,,,,,,,,,,,,,,,,,,,,,,,,,,,,,,,,,,,,,,,,,,,2025
691718,Pete Crow-Armstrong,112,Chicago Cubs,,CF,2026,422.0,361.0,104.0,15.0,4.0,21.0,48.0,2.0,109.0,10.0,2.0,1.0,190.0,53.0,2.0,.288,.385,.526,.911,.356,17.19,1637.0,58.0,93.0,647.0,591.0,146.0,37.0,4.0,31.0,29.0,1.0,155.0,9.0,12.0,6.0,284.0,95.0,1.0,.247,.287,.481,.768,.276,19.06,2312.0,116.0,192.0,2025
681481,Kerry Carpenter,116,Detroit Tigers,,RF,2026,233.0,205.0,45.0,5.0,2.0,13.0,18.0,0.0,72.0,5.0,3.0,0.0,93.0,36.0,2.0,.220,.294,.454,.748,.260,15.77,921.0,33.0,58.0,464.0,433.0,109.0,18.0,5.0,26.0,18.0,0.0,106.0,7.0,2.0,0.0,215.0,62.0,3.0,.252,.291,.497,.788,.274,16.65,1736.0,84.0,136.0,2025
622088,Tejay Antone,113,Cincinnati Reds,,P,2026,,,,,,,,,,,,,,,,,,,,,,,,,,,,,,,,,,,,,,,,,,,,,,,,,2025
691720,Kyle Karros,115,Colorado Rockies,,3B,2026,327.0,282.0,73.0,18.0,2.0,9.0,40.0,2.0,69.0,3.0,2.0,0.0,122.0,34.0,2.0,.259,.355,.433,.788,.311,31.33,1344.0,71.0,71.0,156.0,137.0,31.0,4.0,0.0,1.0,15.0,0.0,41.0,2.0,2.0,0.0,38.0,9.0,5.0,.226,.308,.277,.585,.309,137.00,635.0,33.0,34.0,2025
691723,Coby Mayo,110,Baltimore Orioles,,3B,2026,250.0,227.0,44.0,9.0,0.0,12.0,19.0,0.0,82.0,3.0,1.0,0.0,89.0,34.0,3.0,.194,.264,.392,.656,.239,18.92,1012.0,42.0,60.0,294.0,263.0,57.0,12.0,0.0,11.0,27.0,0.0,84.0,4.0,0.0,0.0,102.0,28.0,2.0,.217,.299,.388,.687,.274,23.91,1132.0,49.0,73.0,2025
669199,Lake Bachar,146,Miami Marlins,,P,2026,,,,,,,,,,,,,,,,,,,,,,,,,,,,,,,,,,,,,,,,,,,,,,,,,2025
593428,Xander Bogaerts,135,San Diego Padres,,SS,2026,368.0,321.0,72.0,7.0,0.0,9.0,41.0,1.0,69.0,3.0,3.0,0.0,106.0,38.0,4.0,.224,.315,.330,.645,.256,35.67,1438.0,104.0,79.0,552.0,491.0,129.0,30.0,0.0,11.0,48.0,3.0,94.0,4.0,8.0,1.0,192.0,53.0,12.0,.263,.328,.391,.719,.299,44.64,2100.0,126.0,151.0,2025
687637,Dylan Beavers,110,Baltimore Orioles,,RF,2026,151.0,132.0,30.0,9.0,0.0,2.0,16.0,0.0,38.0,1.0,1.0,1.0,45.0,13.0,1.0,.227,.313,.341,.654,.301,66.00,637.0,28.0,38.0,137.0,110.0,25.0,5.0,1.0,4.0,26.0,0.0,36.0,0.0,0.0,1.0,44.0,14.0,0.0,.227,.375,.400,.775,.300,27.50,615.0,14.0,36.0,2025
572955,Pierce Johnson,113,Cincinnati Reds,,P,2026,,,,,,,,,,,,,,,,,,,,,,,,,,,,,,,,,,,,,,,,,,,,,,,,,2025
669212,Eli Morgan,118,Kansas City Royals,,P,2026,,,,,,,,,,,,,,,,,,,,,,,,,,,,,,,,,,,,,,,,,,,,,,,,,2025
548384,Brooks Raley,121,New York Mets,,P,2026,,,,,,,,,,,,,,,,,,,,,,,,,,,,,,,,,,,,,,,,,,,,,,,,,2025
691740,Daniel Susac,137,San Francisco Giants,,C,2026,115.0,103.0,27.0,5.0,1.0,0.0,6.0,0.0,27.0,2.0,2.0,2.0,34.0,14.0,3.0,.262,.310,.330,.640,.346,-.--,422.0,24.0,29.0,,,,,,,,,,,,,,,,,,,,,,,,,2025
669224,Austin Wells,147,New York Yankees,,C,2026,222.0,196.0,30.0,2.0,0.0,6.0,24.0,2.0,62.0,0.0,1.0,1.0,50.0,13.0,6.0,.153,.244,.255,.499,.186,32.67,892.0,40.0,66.0,448.0,401.0,88.0,22.0,1.0,21.0,30.0,0.0,118.0,5.0,11.0,0.0,175.0,71.0,10.0,.219,.275,.436,.711,.245,19.10,1794.0,75.0,131.0,2025
656941,Kyle Schwarber,143,Philadelphia Phillies,,DH,2026,418.0,354.0,90.0,10.0,1.0,32.0,59.0,3.0,145.0,4.0,1.0,0.0,198.0,59.0,1.0,.254,.366,.559,.925,.326,11.06,1785.0,45.0,75.0,724.0,604.0,145.0,23.0,2.0,56.0,108.0,6.0,197.0,11.0,1.0,0.0,340.0,132.0,4.0,.240,.365,.563,.928,.253,10.79,3059.0,114.0,149.0,2025
681517,Kyle Leahy,138,St. Louis Cardinals,,P,2026,,,,,,,,,,,,,,,,,,,,,,,,,,,,,,,,,,,,,,,,,,,,,,,,,2025
671277,Luis García Jr.,120,Washington Nationals,,1B,2026,319.0,303.0,86.0,16.0,3.0,20.0,15.0,0.0,48.0,0.0,1.0,0.0,168.0,68.0,6.0,.284,.317,.554,.871,.280,15.15,1145.0,90.0,80.0,526.0,488.0,123.0,28.0,1.0,16.0,27.0,1.0,84.0,2.0,9.0,0.0,201.0,66.0,7.0,.252,.289,.412,.701,.270,30.50,1838.0,158.0,132.0,2025
656945,Tanner Scott,119,Los Angeles Dodgers,,P,2026,,,,,,,,,,,,,,,,,,,,,,,,,0.0,0.0,0.0,0.0,0.0,0.0,0.0,0.0,0.0,0.0,0.0,0.0,0.0,0.0,0.0,.000,.000,.000,.000,.---,-.--,0.0,0.0,0.0,2025
669236,Jeremiah Jackson,110,Baltimore Orioles,,2B,2026,214.0,206.0,52.0,10.0,0.0,7.0,5.0,0.0,43.0,1.0,2.0,0.0,83.0,35.0,10.0,.252,.271,.403,.674,.285,29.43,725.0,65.0,48.0,183.0,170.0,47.0,10.0,2.0,5.0,11.0,0.0,50.0,2.0,0.0,0.0,76.0,21.0,6.0,.276,.328,.447,.775,.365,34.00,706.0,39.0,34.0,2025
800311,Didier Fuentes,144,Atlanta Braves,,P,2026,0.0,0.0,0.0,0.0,0.0,0.0,0.0,0.0,0.0,0.0,0.0,0.0,0.0,0.0,0.0,.000,.000,.000,.000,.---,-.--,0.0,0.0,0.0,,,,,,,,,,,,,,,,,,,,,,,,,2025
671289,Tyler Freeman,115,Colorado Rockies,,RF,2026,255.0,223.0,58.0,6.0,1.0,3.0,11.0,0.0,31.0,15.0,0.0,6.0,75.0,23.0,14.0,.260,.337,.336,.673,.291,74.33,899.0,79.0,61.0,428.0,377.0,106.0,20.0,2.0,2.0,34.0,0.0,51.0,11.0,4.0,2.0,136.0,31.0,10.0,.281,.354,.361,.715,.317,188.50,1646.0,133.0,93.0,2025
691769,Philip Abner,109,Arizona Diamondbacks,,P,2026,,,,,,,,,,,,,,,,,,,,,,,,,,,,,,,,,,,,,,,,,,,,,,,,,2025
669242,Tommy Edman,119,Los Angeles Dodgers,,LF,2026,81.0,70.0,24.0,5.0,1.0,1.0,8.0,0.0,16.0,1.0,0.0,2.0,34.0,11.0,2.0,.343,.418,.486,.904,.434,70.00,306.0,21.0,11.0,377.0,346.0,78.0,13.0,1.0,13.0,19.0,0.0,61.0,6.0,5.0,1.0,132.0,49.0,4.0,.225,.274,.382,.656,.235,26.62,1338.0,110.0,103.0,2025
665152,Dean Kremer,110,Baltimore Orioles,,P,2026,,,,,,,,,,,,,,,,,,,,,,,,,,,,,,,,,,,,,,,,,,,,,,,,,2025
693821,Bryce Elder,144,Atlanta Braves,,P,2026,,,,,,,,,,,,,,,,,,,,,,,,,,,,,,,,,,,,,,,,,,,,,,,,,2025
800325,Luis Lara,158,Milwaukee Brewers,,CF,2026,21.0,17.0,5.0,1.0,0.0,0.0,4.0,0.0,3.0,0.0,0.0,0.0,6.0,2.0,0.0,.294,.429,.353,.782,.357,-.--,99.0,5.0,4.0,,,,,,,,,,,,,,,,,,,,,,,,,2025
665161,Jeremy Peña,117,Houston Astros,,SS,2026,221.0,198.0,58.0,9.0,0.0,6.0,17.0,0.0,35.0,4.0,2.0,0.0,85.0,22.0,2.0,.293,.357,.429,.786,.327,33.00,816.0,51.0,56.0,543.0,493.0,150.0,30.0,2.0,17.0,35.0,2.0,93.0,12.0,2.0,1.0,235.0,62.0,9.0,.304,.363,.477,.840,.345,29.00,1779.0,137.0,116.0,2025
691788,Joe Mack,146,Miami Marlins,,C,2026,176.0,159.0,38.0,6.0,0.0,7.0,12.0,0.0,42.0,2.0,0.0,3.0,65.0,23.0,6.0,.239,.301,.409,.710,.282,22.71,689.0,46.0,36.0,,,,,,,,,,,,,,,,,,,,,,,,,2025
681546,James Outman,116,Detroit Tigers,,CF,2026,136.0,125.0,19.0,4.0,2.0,3.0,10.0,0.0,58.0,1.0,0.0,0.0,36.0,13.0,0.0,.152,.221,.288,.509,.250,41.67,558.0,21.0,27.0,148.0,134.0,18.0,5.0,1.0,6.0,12.0,0.0,63.0,2.0,0.0,0.0,43.0,11.0,0.0,.134,.216,.321,.537,.185,22.33,605.0,24.0,29.0,2025
669276,Dylan Lee,144,Atlanta Braves,,P,2026,,,,,,,,,,,,,,,,,,,,,,,,,,,,,,,,,,,,,,,,,,,,,,,,,2025
691799,Grant Taylor,145,Chicago White Sox,,P,2026,,,,,,,,,,,,,,,,,,,,,,,,,,,,,,,,,,,,,,,,,,,,,,,,,2025
542303,Marcell Ozuna,134,Pittsburgh Pirates,,DH,2026,250.0,224.0,46.0,5.0,0.0,8.0,24.0,1.0,77.0,2.0,0.0,0.0,75.0,28.0,4.0,.205,.288,.335,.623,.273,28.00,1104.0,37.0,64.0,592.0,487.0,113.0,19.0,0.0,21.0,94.0,2.0,144.0,3.0,7.0,0.0,195.0,68.0,11.0,.232,.355,.400,.755,.280,23.19,2635.0,115.0,122.0,2025
693855,Ian Seymour,139,Tampa Bay Rays,,P,2026,,,,,,,,,,,,,,,,,,,,,,,,,,,,,,,,,,,,,,,,,,,,,,,,,2025
683618,Edgardo Henriquez,119,Los Angeles Dodgers,,P,2026,0.0,0.0,0.0,0.0,0.0,0.0,0.0,0.0,0.0,0.0,0.0,0.0,0.0,0.0,0.0,.000,.000,.000,.000,.---,-.--,0.0,0.0,0.0,,,,,,,,,,,,,,,,,,,,,,,,,2025
702056,Trey Yesavage,141,Toronto Blue Jays,,P,2026,,,,,,,,,,,,,,,,,,,,,,,,,,,,,,,,,,,,,,,,,,,,,,,,,2025
837227,Tatsuya Imai,117,Houston Astros,,P,2026,,,,,,,,,,,,,,,,,,,,,,,,,,,,,,,,,,,,,,,,,,,,,,,,,2025
679529,Spencer Torkelson,116,Detroit Tigers,,1B,2026,375.0,326.0,67.0,18.0,0.0,16.0,41.0,0.0,123.0,5.0,2.0,0.0,133.0,43.0,9.0,.206,.302,.408,.710,.270,20.38,1611.0,51.0,87.0,649.0,563.0,135.0,27.0,1.0,31.0,72.0,6.0,169.0,9.0,5.0,0.0,257.0,78.0,12.0,.240,.333,.456,.789,.283,18.16,2634.0,88.0,176.0,2025
802415,Chandler Simpson,139,Tampa Bay Rays,,LF,2026,358.0,333.0,92.0,8.0,6.0,0.0,18.0,0.0,33.0,0.0,2.0,5.0,112.0,17.0,3.0,.276,.312,.336,.648,.305,-.--,1185.0,135.0,80.0,441.0,414.0,122.0,15.0,3.0,0.0,20.0,0.0,43.0,0.0,2.0,3.0,143.0,26.0,10.0,.295,.326,.345,.671,.327,-.--,1517.0,176.0,78.0,2025
650859,Luis Rengifo,135,San Diego Padres,,3B,2026,211.0,187.0,38.0,9.0,0.0,0.0,19.0,1.0,25.0,1.0,2.0,2.0,47.0,19.0,2.0,.203,.278,.251,.529,.232,-.--,800.0,76.0,52.0,541.0,501.0,119.0,16.0,3.0,9.0,33.0,0.0,104.0,3.0,3.0,1.0,168.0,43.0,7.0,.238,.287,.335,.622,.281,55.67,2008.0,156.0,126.0,2025
702070,Noah Cameron,118,Kansas City Royals,,P,2026,,,,,,,,,,,,,,,,,,,,,,,,,,,,,,,,,,,,,,,,,,,,,,,,,2025
671345,Jason Foley,137,San Francisco Giants,,P,2026,,,,,,,,,,,,,,,,,,,,,,,,,,,,,,,,,,,,,,,,,,,,,,,,,2025
669310,CJ Van Eyk,141,Toronto Blue Jays,,P,2026,,,,,,,,,,,,,,,,,,,,,,,,,,,,,,,,,,,,,,,,,,,,,,,,,2025
669302,Logan Gilbert,136,Seattle Mariners,,P,2026,,,,,,,,,,,,,,,,,,,,,,,,,,,,,,,,,,,,,,,,,,,,,,,,,2025
820862,José Fermin,108,Los Angeles Angels,,P,2026,,,,,,,,,,,,,,,,,,,,,,,,,,,,,,,,,,,,,,,,,,,,,,,,,2025
687749,Jase Bowen,135,San Diego Padres,,RF,2026,44.0,42.0,5.0,1.0,0.0,0.0,2.0,0.0,17.0,0.0,0.0,0.0,6.0,1.0,0.0,.119,.159,.143,.302,.200,-.--,151.0,8.0,12.0,,,,,,,,,,,,,,,,,,,,,,,,,2025
642701,Dennis Santana,134,Pittsburgh Pirates,,P,2026,,,,,,,,,,,,,,,,,,,,,,,,,,,,,,,,,,,,,,,,,,,,,,,,,2025
657041,Lane Thomas,118,Kansas City Royals,,CF,2026,274.0,235.0,56.0,15.0,0.0,8.0,35.0,0.0,61.0,2.0,2.0,0.0,95.0,32.0,4.0,.238,.339,.404,.743,.286,29.38,1119.0,48.0,72.0,142.0,125.0,20.0,2.0,0.0,4.0,14.0,0.0,44.0,1.0,2.0,0.0,34.0,11.0,4.0,.160,.246,.272,.518,.203,31.25,556.0,22.0,41.0,2025
669330,Tyler Wells,110,Baltimore Orioles,,P,2026,,,,,,,,,,,,,,,,,,,,,,,,,,,,,,,,,,,,,,,,,,,,,,,,,2025
657044,Ryan Thompson,109,Arizona Diamondbacks,,P,2026,,,,,,,,,,,,,,,,,,,,,,,,,0.0,0.0,0.0,0.0,0.0,0.0,0.0,0.0,0.0,0.0,0.0,0.0,0.0,0.0,0.0,.000,.000,.000,.000,.---,-.--,0.0,0.0,0.0,2025
642708,Amed Rosario,147,New York Yankees,,3B,2026,166.0,152.0,36.0,4.0,1.0,9.0,11.0,0.0,40.0,0.0,3.0,0.0,69.0,27.0,1.0,.237,.283,.454,.737,.255,16.89,603.0,39.0,40.0,191.0,181.0,50.0,11.0,0.0,6.0,7.0,0.0,31.0,2.0,1.0,0.0,79.0,23.0,6.0,.276,.309,.436,.745,.303,30.17,646.0,53.0,48.0,2025
681624,Andy Pages,119,Los Angeles Dodgers,,CF,2026,415.0,371.0,100.0,21.0,1.0,17.0,34.0,1.0,82.0,5.0,5.0,0.0,174.0,66.0,9.0,.270,.335,.469,.804,.300,21.82,1648.0,79.0,115.0,624.0,581.0,158.0,27.0,1.0,27.0,29.0,0.0,135.0,8.0,6.0,0.0,268.0,86.0,9.0,.272,.313,.461,.774,.308,21.52,2365.0,117.0,177.0,2025
642715,Willy Adames,137,San Francisco Giants,,SS,2026,389.0,362.0,83.0,21.0,1.0,16.0,25.0,0.0,109.0,1.0,1.0,0.0,154.0,41.0,3.0,.229,.280,.425,.705,.282,22.62,1517.0,67.0,104.0,686.0,591.0,133.0,22.0,2.0,30.0,80.0,2.0,179.0,5.0,9.0,0.0,249.0,87.0,9.0,.225,.318,.421,.739,.263,19.70,2797.0,105.0,183.0,2025
650911,Cristopher Sánchez,143,Philadelphia Phillies,,P,2026,,,,,,,,,,,,,,,,,,,,,,,,,,,,,,,,,,,,,,,,,,,,,,,,,2025
667297,Tommy Nance,142,Minnesota Twins,,P,2026,,,,,,,,,,,,,,,,,,,,,,,,,,,,,,,,,,,,,,,,,,,,,,,,,2025
683679,Jesus Rodriguez,137,San Francisco Giants,,C,2026,46.0,42.0,10.0,1.0,0.0,2.0,3.0,0.0,5.0,1.0,0.0,0.0,17.0,8.0,2.0,.238,.304,.405,.709,.229,21.00,151.0,19.0,8.0,,,,,,,,,,,,,,,,,,,,,,,,,2025
669358,Shane Baz,110,Baltimore Orioles,,P,2026,,,,,,,,,,,,,,,,,,,,,,,,,,,,,,,,,,,,,,,,,,,,,,,,,2025
669364,Xavier Edwards,146,Miami Marlins,,2B,2026,413.0,357.0,108.0,13.0,6.0,6.0,50.0,4.0,49.0,0.0,5.0,1.0,151.0,37.0,11.0,.303,.383,.423,.806,.332,59.50,1604.0,101.0,105.0,619.0,561.0,159.0,20.0,5.0,3.0,49.0,2.0,88.0,3.0,3.0,3.0,198.0,43.0,6.0,.283,.343,.353,.696,.330,187.00,2250.0,164.0,156.0,2025
675512,Troy Melton,116,Detroit Tigers,,P,2026,,,,,,,,,,,,,,,,,,,,,,,,,,,,,,,,,,,,,,,,,,,,,,,,,2025
622268,Donovan Walton,133,Athletics,,3B,2026,101.0,94.0,29.0,8.0,0.0,3.0,6.0,0.0,19.0,0.0,0.0,1.0,46.0,12.0,2.0,.309,.350,.489,.839,.361,31.33,382.0,21.0,26.0,9.0,8.0,1.0,0.0,0.0,0.0,0.0,0.0,1.0,0.0,0.0,1.0,1.0,1.0,0.0,.125,.125,.125,.250,.143,-.--,27.0,6.0,1.0,2025
669372,J.T. Ginn,133,Athletics,,P,2026,0.0,0.0,0.0,0.0,0.0,0.0,0.0,0.0,0.0,0.0,0.0,0.0,0.0,0.0,0.0,.000,.000,.000,.000,.---,-.--,0.0,0.0,0.0,,,,,,,,,,,,,,,,,,,,,,,,,2025
669373,Tarik Skubal,116,Detroit Tigers,,P,2026,,,,,,,,,,,,,,,,,,,,,,,,,,,,,,,,,,,,,,,,,,,,,,,,,2025
552640,Andrew Kittredge,110,Baltimore Orioles,,P,2026,,,,,,,,,,,,,,,,,,,,,,,,,0.0,0.0,0.0,0.0,0.0,0.0,0.0,0.0,0.0,0.0,0.0,0.0,0.0,0.0,0.0,.000,.000,.000,.000,.---,-.--,0.0,0.0,0.0,2025
573124,Taylor Rogers,142,Minnesota Twins,,P,2026,,,,,,,,,,,,,,,,,,,,,,,,,,,,,,,,,,,,,,,,,,,,,,,,,2025
691907,Tsung-Che Cheng,111,Boston Red Sox,,SS,2026,38.0,33.0,10.0,1.0,0.0,0.0,4.0,0.0,11.0,0.0,1.0,0.0,11.0,5.0,1.0,.303,.368,.333,.701,.435,-.--,136.0,7.0,6.0,7.0,7.0,0.0,0.0,0.0,0.0,0.0,0.0,3.0,0.0,0.0,0.0,0.0,0.0,0.0,.000,.000,.000,.000,.000,-.--,24.0,2.0,2.0,2025
657097,Jacob Webb,112,Chicago Cubs,,P,2026,,,,,,,,,,,,,,,,,,,,,,,,,,,,,,,,,,,,,,,,,,,,,,,,,2025
669387,Carmen Mlodzinski,134,Pittsburgh Pirates,,P,2026,,,,,,,,,,,,,,,,,,,,,,,,,,,,,,,,,,,,,,,,,,,,,,,,,2025
669394,Jake Burger,140,Texas Rangers,,1B,2026,376.0,342.0,81.0,14.0,0.0,16.0,29.0,0.0,100.0,3.0,2.0,0.0,143.0,58.0,5.0,.237,.301,.418,.719,.285,21.38,1394.0,82.0,81.0,376.0,356.0,84.0,15.0,1.0,16.0,12.0,0.0,93.0,5.0,3.0,0.0,149.0,53.0,3.0,.236,.269,.419,.688,.272,22.25,1324.0,73.0,109.0,2025
677587,Brayan Rocchio,114,Cleveland Guardians,,SS,2026,359.0,319.0,88.0,14.0,2.0,8.0,27.0,0.0,49.0,7.0,3.0,3.0,130.0,44.0,4.0,.276,.343,.408,.751,.302,39.88,1382.0,83.0,105.0,383.0,344.0,80.0,18.0,2.0,5.0,22.0,0.0,77.0,8.0,5.0,4.0,117.0,44.0,4.0,.233,.290,.340,.630,.281,68.80,1411.0,100.0,96.0,2025
675540,Xzavion Curry,121,New York Mets,,P,2026,,,,,,,,,,,,,,,,,,,,,,,,,,,,,,,,,,,,,,,,,,,,,,,,,2025
669397,Nick Allen,117,Houston Astros,,SS,2026,97.0,87.0,21.0,3.0,0.0,1.0,6.0,0.0,22.0,1.0,2.0,1.0,27.0,9.0,2.0,.241,.292,.310,.602,.303,87.00,362.0,20.0,27.0,416.0,371.0,82.0,11.0,0.0,0.0,31.0,0.0,99.0,3.0,3.0,8.0,93.0,22.0,8.0,.221,.284,.251,.535,.298,-.--,1582.0,100.0,101.0,2025
683734,Andrew Vaughn,158,Milwaukee Brewers,,1B,2026,172.0,149.0,46.0,14.0,2.0,2.0,20.0,1.0,19.0,2.0,1.0,0.0,70.0,24.0,3.0,.309,.395,.470,.865,.341,74.50,653.0,41.0,44.0,447.0,406.0,103.0,22.0,0.0,14.0,31.0,0.0,80.0,3.0,6.0,1.0,167.0,65.0,12.0,.254,.307,.411,.718,.280,29.00,1722.0,110.0,120.0,2025
677588,José Tena,120,Washington Nationals,,DH,2026,187.0,171.0,42.0,10.0,2.0,5.0,14.0,0.0,56.0,2.0,0.0,0.0,71.0,20.0,6.0,.246,.310,.415,.725,.336,34.20,750.0,44.0,29.0,169.0,152.0,37.0,13.0,2.0,0.0,15.0,0.0,37.0,1.0,1.0,0.0,54.0,16.0,4.0,.243,.314,.355,.669,.319,-.--,678.0,54.0,25.0,2025
696030,Alejandro Osuna,140,Texas Rangers,,LF,2026,191.0,165.0,42.0,4.0,0.0,1.0,17.0,0.0,26.0,8.0,0.0,1.0,49.0,18.0,3.0,.255,.353,.297,.650,.297,165.00,685.0,53.0,45.0,176.0,151.0,32.0,4.0,0.0,2.0,21.0,1.0,34.0,2.0,2.0,0.0,42.0,15.0,1.0,.212,.313,.278,.591,.256,75.50,739.0,45.0,42.0,2025
683737,Michael Busch,112,Chicago Cubs,,1B,2026,428.0,351.0,84.0,17.0,2.0,11.0,63.0,1.0,95.0,10.0,4.0,0.0,138.0,50.0,5.0,.239,.367,.393,.760,.293,31.91,1707.0,80.0,96.0,592.0,524.0,137.0,25.0,5.0,34.0,56.0,2.0,139.0,10.0,2.0,0.0,274.0,90.0,2.0,.261,.343,.523,.866,.292,15.41,2324.0,111.0,139.0,2025
683748,Victor Mesa Jr.,139,Tampa Bay Rays,,RF,2026,104.0,89.0,19.0,2.0,0.0,5.0,13.0,0.0,24.0,0.0,1.0,1.0,36.0,12.0,1.0,.213,.311,.404,.715,.230,17.80,395.0,19.0,29.0,38.0,32.0,6.0,2.0,0.0,1.0,5.0,0.0,5.0,0.0,0.0,1.0,11.0,6.0,0.0,.188,.297,.344,.641,.192,32.00,141.0,8.0,14.0,2025
702176,Alan Roden,142,Minnesota Twins,,LF,2026,18.0,16.0,3.0,0.0,0.0,0.0,2.0,0.0,4.0,0.0,0.0,0.0,3.0,3.0,0.0,.188,.278,.188,.466,.250,-.--,75.0,5.0,4.0,153.0,136.0,26.0,6.0,1.0,2.0,8.0,0.0,37.0,6.0,3.0,0.0,40.0,9.0,0.0,.191,.261,.294,.555,.240,68.00,551.0,49.0,27.0,2025
673513,Yuki Matsui,135,San Diego Padres,,P,2026,,,,,,,,,,,,,,,,,,,,,,,,,,,,,,,,,,,,,,,,,,,,,,,,,2025
628452,Raisel Iglesias,144,Atlanta Braves,,P,2026,0.0,0.0,0.0,0.0,0.0,0.0,0.0,0.0,0.0,0.0,0.0,0.0,0.0,0.0,0.0,.000,.000,.000,.000,.---,-.--,0.0,0.0,0.0,,,,,,,,,,,,,,,,,,,,,,,,,2025
702193,Andrew Morris,142,Minnesota Twins,,P,2026,,,,,,,,,,,,,,,,,,,,,,,,,,,,,,,,,,,,,,,,,,,,,,,,,2025
657136,Connor Wong,111,Boston Red Sox,,C,2026,137.0,113.0,32.0,8.0,0.0,1.0,15.0,0.0,28.0,4.0,1.0,4.0,43.0,15.0,1.0,.283,.383,.381,.764,.365,113.00,515.0,32.0,26.0,188.0,168.0,32.0,8.0,0.0,0.0,16.0,0.0,42.0,1.0,2.0,1.0,40.0,7.0,7.0,.190,.262,.238,.500,.250,-.--,745.0,53.0,44.0,2025
681715,Heriberto Hernández,146,Miami Marlins,,LF,2026,232.0,207.0,49.0,9.0,1.0,13.0,23.0,1.0,54.0,1.0,1.0,0.0,99.0,36.0,1.0,.237,.315,.478,.793,.255,15.92,872.0,45.0,60.0,294.0,256.0,68.0,12.0,1.0,10.0,31.0,0.0,77.0,3.0,4.0,0.0,112.0,45.0,6.0,.266,.347,.438,.785,.335,25.60,1138.0,52.0,63.0,2025
687859,Troy Johnston,115,Colorado Rockies,,RF,2026,318.0,279.0,84.0,24.0,0.0,3.0,29.0,0.0,54.0,5.0,4.0,1.0,117.0,40.0,2.0,.301,.372,.419,.791,.358,93.00,1136.0,70.0,76.0,121.0,112.0,31.0,2.0,1.0,4.0,8.0,0.0,26.0,1.0,0.0,0.0,47.0,13.0,1.0,.277,.331,.420,.751,.329,28.00,450.0,24.0,31.0,2025
669432,Trevor Rogers,110,Baltimore Orioles,,P,2026,,,,,,,,,,,,,,,,,,,,,,,,,2.0,2.0,0.0,0.0,0.0,0.0,0.0,0.0,2.0,0.0,0.0,0.0,0.0,0.0,0.0,.000,.000,.000,.000,.---,-.--,6.0,0.0,0.0,2025
683766,Christian Koss,137,San Francisco Giants,,2B,2026,20.0,19.0,2.0,1.0,0.0,0.0,0.0,0.0,2.0,1.0,0.0,0.0,3.0,0.0,0.0,.105,.150,.158,.308,.118,-.--,57.0,6.0,9.0,191.0,174.0,46.0,9.0,0.0,3.0,9.0,0.0,45.0,3.0,2.0,3.0,64.0,23.0,4.0,.264,.309,.368,.677,.336,58.00,644.0,52.0,36.0,2025
683769,Hunter Gaddis,114,Cleveland Guardians,,P,2026,,,,,,,,,,,,,,,,,,,,,,,,,,,,,,,,,,,,,,,,,,,,,,,,,2025
669438,Mason Englert,139,Tampa Bay Rays,,P,2026,,,,,,,,,,,,,,,,,,,,,,,,,0.0,0.0,0.0,0.0,0.0,0.0,0.0,0.0,0.0,0.0,0.0,0.0,0.0,0.0,0.0,.000,.000,.000,.000,.---,-.--,0.0,0.0,0.0,2025
696070,Kendry Rojas,142,Minnesota Twins,,P,2026,,,,,,,,,,,,,,,,,,,,,,,,,,,,,,,,,,,,,,,,,,,,,,,,,2025
673540,Kodai Senga,121,New York Mets,,P,2026,,,,,,,,,,,,,,,,,,,,,,,,,,,,,,,,,,,,,,,,,,,,,,,,,2025
702222,Justin Crawford,143,Philadelphia Phillies,,CF,2026,290.0,269.0,70.0,12.0,3.0,2.0,17.0,0.0,59.0,2.0,0.0,2.0,94.0,21.0,1.0,.260,.309,.349,.658,.327,134.50,1095.0,85.0,57.0,,,,,,,,,,,,,,,,,,,,,,,,,2025
673548,Seiya Suzuki,112,Chicago Cubs,,RF,2026,347.0,305.0,82.0,15.0,0.0,15.0,36.0,3.0,89.0,3.0,3.0,0.0,142.0,48.0,8.0,.269,.349,.466,.815,.328,20.33,1480.0,58.0,79.0,651.0,571.0,140.0,31.0,3.0,32.0,71.0,1.0,164.0,1.0,8.0,0.0,273.0,103.0,13.0,.245,.326,.478,.804,.282,17.84,2727.0,98.0,177.0,2025
669456,Shane Bieber,141,Toronto Blue Jays,,P,2026,,,,,,,,,,,,,,,,,,,,,,,,,,,,,,,,,,,,,,,,,,,,,,,,,2025
677649,Ezequiel Duran,140,Texas Rangers,,SS,2026,328.0,299.0,80.0,15.0,2.0,10.0,24.0,0.0,76.0,1.0,3.0,1.0,129.0,50.0,3.0,.268,.321,.431,.752,.324,29.90,1280.0,78.0,69.0,219.0,205.0,46.0,14.0,0.0,0.0,8.0,0.0,55.0,4.0,1.0,1.0,60.0,14.0,3.0,.224,.266,.293,.559,.305,-.--,807.0,42.0,64.0,2025
669461,Matthew Liberatore,138,St. Louis Cardinals,,P,2026,,,,,,,,,,,,,,,,,,,,,,,,,,,,,,,,,,,,,,,,,,,,,,,,,2025
573204,Caleb Thielbar,112,Chicago Cubs,,P,2026,0.0,0.0,0.0,0.0,0.0,0.0,0.0,0.0,0.0,0.0,0.0,0.0,0.0,0.0,0.0,.000,.000,.000,.000,.---,-.--,0.0,0.0,0.0,,,,,,,,,,,,,,,,,,,,,,,,,2025
669467,Andre Pallante,138,St. Louis Cardinals,,P,2026,,,,,,,,,,,,,,,,,,,,,,,,,0.0,0.0,0.0,0.0,0.0,0.0,0.0,0.0,0.0,0.0,0.0,0.0,0.0,0.0,0.0,.000,.000,.000,.000,.---,-.--,0.0,0.0,0.0,2025
624413,Pete Alonso,110,Baltimore Orioles,,1B,2026,423.0,364.0,91.0,17.0,0.0,21.0,51.0,2.0,106.0,4.0,4.0,0.0,171.0,66.0,10.0,.250,.345,.470,.815,.290,17.33,1755.0,85.0,86.0,709.0,624.0,170.0,41.0,1.0,38.0,61.0,5.0,162.0,15.0,9.0,0.0,327.0,126.0,23.0,.272,.347,.524,.871,.305,16.42,2807.0,135.0,166.0,2025
663330,Jahmai Jones,111,Boston Red Sox,,OF,2026,106.0,96.0,13.0,2.0,0.0,2.0,10.0,0.0,35.0,0.0,0.0,0.0,21.0,7.0,3.0,.135,.217,.219,.436,.186,48.00,391.0,21.0,27.0,150.0,129.0,37.0,11.0,1.0,7.0,18.0,1.0,32.0,3.0,0.0,0.0,71.0,23.0,3.0,.287,.387,.550,.937,.333,18.43,595.0,21.0,39.0,2025
696100,Hunter Goodman,115,Colorado Rockies,,C,2026,380.0,342.0,86.0,15.0,0.0,27.0,32.0,3.0,124.0,4.0,2.0,0.0,182.0,51.0,5.0,.251,.321,.532,.853,.306,12.67,1409.0,53.0,81.0,579.0,540.0,150.0,28.0,5.0,31.0,33.0,0.0,152.0,4.0,2.0,0.0,281.0,91.0,16.0,.278,.323,.520,.843,.331,17.42,2149.0,100.0,140.0,2025
687911,Bryan King,117,Houston Astros,,P,2026,,,,,,,,,,,,,,,,,,,,,,,,,,,,,,,,,,,,,,,,,,,,,,,,,2025
669477,Casey Schmitt,137,San Francisco Giants,,LF,2026,375.0,355.0,100.0,17.0,1.0,19.0,9.0,0.0,72.0,7.0,4.0,0.0,176.0,50.0,6.0,.282,.309,.496,.805,.302,18.68,1333.0,61.0,126.0,348.0,312.0,74.0,15.0,0.0,12.0,27.0,1.0,83.0,5.0,3.0,1.0,125.0,40.0,6.0,.237,.305,.401,.706,.282,26.00,1330.0,58.0,101.0,2025
624424,Michael Conforto,112,Chicago Cubs,,DH,2026,164.0,144.0,35.0,10.0,0.0,8.0,19.0,1.0,48.0,0.0,1.0,0.0,69.0,22.0,3.0,.243,.329,.479,.808,.303,18.00,660.0,27.0,35.0,486.0,418.0,83.0,20.0,0.0,12.0,56.0,0.0,121.0,9.0,3.0,0.0,139.0,36.0,12.0,.199,.305,.333,.638,.247,34.83,2049.0,103.0,114.0,2025
624431,Jose Trevino,113,Cincinnati Reds,,C,2026,70.0,67.0,16.0,3.0,0.0,1.0,1.0,0.0,11.0,0.0,0.0,2.0,22.0,8.0,1.0,.239,.250,.328,.578,.273,67.00,221.0,25.0,17.0,302.0,282.0,67.0,20.0,0.0,4.0,15.0,0.0,39.0,0.0,4.0,1.0,99.0,22.0,9.0,.238,.272,.351,.623,.259,70.50,1063.0,95.0,86.0,2025
702273,Noah Schultz,145,Chicago White Sox,,P,2026,,,,,,,,,,,,,,,,,,,,,,,,,,,,,,,,,,,,,,,,,,,,,,,,,2025
804668,Rafael Flores Jr.,134,Pittsburgh Pirates,,C,2026,12.0,10.0,4.0,1.0,0.0,1.0,2.0,0.0,1.0,0.0,0.0,0.0,8.0,2.0,0.0,.400,.500,.800,1.300,.375,10.00,42.0,4.0,1.0,17.0,15.0,3.0,2.0,0.0,0.0,2.0,0.0,7.0,0.0,0.0,0.0,5.0,0.0,0.0,.200,.294,.333,.627,.375,-.--,74.0,4.0,1.0,2025
663362,Matt Waldron,135,San Diego Padres,,P,2026,,,,,,,,,,,,,,,,,,,,,,,,,,,,,,,,,,,,,,,,,,,,,,,,,2025
702275,JR Ritchie,144,Atlanta Braves,,P,2026,0.0,0.0,0.0,0.0,0.0,0.0,0.0,0.0,0.0,0.0,0.0,0.0,0.0,0.0,0.0,.000,.000,.000,.000,.---,-.--,0.0,0.0,0.0,,,,,,,,,,,,,,,,,,,,,,,,,2025
687941,Alec Gamboa,111,Boston Red Sox,,P,2026,,,,,,,,,,,,,,,,,,,,,,,,,,,,,,,,,,,,,,,,,,,,,,,,,2025
696135,Kahlil Watson,114,Cleveland Guardians,,RF,2026,80.0,77.0,17.0,4.0,0.0,1.0,3.0,0.0,28.0,0.0,0.0,0.0,24.0,10.0,2.0,.221,.250,.312,.562,.333,77.00,293.0,16.0,16.0,,,,,,,,,,,,,,,,,,,,,,,,,2025
675660,Shane Drohan,158,Milwaukee Brewers,,P,2026,,,,,,,,,,,,,,,,,,,,,,,,,,,,,,,,,,,,,,,,,,,,,,,,,2025
663372,Ryan Feltner,115,Colorado Rockies,,P,2026,,,,,,,,,,,,,,,,,,,,,,,,,,,,,,,,,,,,,,,,,,,,,,,,,2025
702284,Cole Young,136,Seattle Mariners,,2B,2026,387.0,351.0,88.0,14.0,1.0,11.0,25.0,0.0,70.0,7.0,3.0,1.0,137.0,43.0,4.0,.251,.311,.390,.701,.282,31.91,1486.0,86.0,111.0,257.0,223.0,47.0,7.0,1.0,4.0,28.0,1.0,47.0,2.0,2.0,2.0,68.0,24.0,4.0,.211,.302,.305,.607,.247,55.75,1034.0,52.0,81.0,2025
681807,David Fry,114,Cleveland Guardians,,RF,2026,149.0,128.0,26.0,4.0,0.0,6.0,21.0,1.0,46.0,0.0,0.0,0.0,48.0,13.0,4.0,.203,.315,.375,.690,.263,21.33,672.0,27.0,29.0,157.0,146.0,25.0,4.0,0.0,8.0,9.0,0.0,58.0,2.0,0.0,0.0,53.0,23.0,3.0,.171,.229,.363,.592,.213,18.25,623.0,26.0,37.0,2025
687952,Christian Encarnacion-Strand,110,Baltimore Orioles,,1B,2026,,,,,,,,,,,,,,,,,,,,,,,,,137.0,130.0,27.0,4.0,0.0,6.0,3.0,0.0,32.0,2.0,2.0,0.0,49.0,19.0,1.0,.208,.234,.377,.611,.223,21.67,469.0,32.0,41.0,2025
667472,Dane Myers,113,Cincinnati Reds,,CF,2026,138.0,118.0,30.0,6.0,0.0,3.0,17.0,0.0,36.0,2.0,1.0,0.0,45.0,14.0,4.0,.254,.355,.381,.736,.338,39.33,568.0,18.0,35.0,333.0,307.0,72.0,10.0,0.0,6.0,23.0,0.0,77.0,2.0,1.0,0.0,100.0,31.0,12.0,.235,.291,.326,.617,.293,51.17,1241.0,78.0,81.0,2025
700241,Michael McGreevy,138,St. Louis Cardinals,,P,2026,,,,,,,,,,,,,,,,,,,,,,,,,,,,,,,,,,,,,,,,,,,,,,,,,2025
696147,Sam Bachman,108,Los Angeles Angels,,P,2026,,,,,,,,,,,,,,,,,,,,,,,,,,,,,,,,,,,,,,,,,,,,,,,,,2025
696149,Bubba Chandler,134,Pittsburgh Pirates,,P,2026,,,,,,,,,,,,,,,,,,,,,,,,,,,,,,,,,,,,,,,,,,,,,,,,,2025
700250,Ben Rice,147,New York Yankees,,1B,2026,394.0,341.0,96.0,16.0,3.0,29.0,48.0,4.0,91.0,3.0,2.0,0.0,205.0,68.0,8.0,.282,.373,.601,.974,.300,11.76,1551.0,82.0,74.0,530.0,467.0,119.0,28.0,4.0,26.0,50.0,0.0,100.0,9.0,2.0,0.0,233.0,65.0,18.0,.255,.337,.499,.836,.271,17.96,2047.0,115.0,135.0,2025
702332,Caleb Durbin,111,Boston Red Sox,,3B,2026,326.0,293.0,70.0,18.0,1.0,9.0,22.0,0.0,44.0,6.0,2.0,3.0,117.0,40.0,6.0,.239,.303,.399,.702,.252,32.56,1188.0,100.0,84.0,506.0,445.0,114.0,25.0,0.0,11.0,30.0,0.0,50.0,24.0,4.0,3.0,172.0,53.0,10.0,.256,.334,.387,.721,.265,40.46,1838.0,134.0,154.0,2025
657277,Logan Webb,137,San Francisco Giants,,P,2026,,,,,,,,,,,,,,,,,,,,,,,,,,,,,,,,,,,,,,,,,,,,,,,,,2025
663423,Trent Thornton,112,Chicago Cubs,,P,2026,,,,,,,,,,,,,,,,,,,,,,,,,0.0,0.0,0.0,0.0,0.0,0.0,0.0,0.0,0.0,0.0,0.0,0.0,0.0,0.0,0.0,.000,.000,.000,.000,.---,-.--,0.0,0.0,0.0,2025
663436,Davis Martin,145,Chicago White Sox,,P,2026,,,,,,,,,,,,,,,,,,,,,,,,,,,,,,,,,,,,,,,,,,,,,,,,,2025
681870,Erik Sabrowski,114,Cleveland Guardians,,P,2026,,,,,,,,,,,,,,,,,,,,,,,,,,,,,,,,,,,,,,,,,,,,,,,,,2025
661388,William Contreras,158,Milwaukee Brewers,,C,2026,389.0,346.0,97.0,13.0,0.0,9.0,35.0,4.0,52.0,3.0,5.0,0.0,137.0,53.0,10.0,.280,.347,.396,.743,.303,38.44,1335.0,95.0,107.0,659.0,566.0,147.0,28.0,0.0,17.0,84.0,4.0,120.0,3.0,6.0,0.0,226.0,76.0,14.0,.260,.355,.399,.754,.299,33.29,2556.0,172.0,133.0,2025
665487,Fernando Tatis Jr.,135,San Diego Padres,,RF,2026,421.0,377.0,106.0,19.0,1.0,5.0,34.0,2.0,87.0,4.0,5.0,1.0,142.0,36.0,9.0,.281,.343,.377,.720,.348,75.40,1509.0,104.0,86.0,691.0,594.0,159.0,27.0,2.0,25.0,89.0,7.0,129.0,6.0,2.0,0.0,265.0,71.0,6.0,.268,.368,.446,.814,.303,23.76,2636.0,160.0,148.0,2025
679822,Justin Foscue,140,Texas Rangers,,2B,2026,122.0,109.0,31.0,7.0,0.0,7.0,10.0,0.0,29.0,2.0,1.0,0.0,59.0,19.0,2.0,.284,.352,.541,.893,.324,15.57,465.0,19.0,31.0,9.0,9.0,1.0,1.0,0.0,0.0,0.0,0.0,3.0,0.0,0.0,0.0,2.0,2.0,0.0,.111,.111,.222,.333,.167,-.--,42.0,1.0,4.0,2025
665489,Vladimir Guerrero Jr.,141,Toronto Blue Jays,,1B,2026,391.0,340.0,89.0,14.0,0.0,6.0,42.0,5.0,51.0,4.0,5.0,0.0,121.0,41.0,13.0,.262,.345,.356,.701,.288,56.67,1395.0,109.0,96.0,680.0,589.0,172.0,34.0,0.0,23.0,81.0,8.0,94.0,6.0,4.0,0.0,275.0,84.0,17.0,.292,.381,.467,.848,.313,25.61,2502.0,179.0,148.0,2025
661395,Jhoan Duran,143,Philadelphia Phillies,,P,2026,0.0,0.0,0.0,0.0,0.0,0.0,0.0,0.0,0.0,0.0,0.0,0.0,0.0,0.0,0.0,.000,.000,.000,.000,.---,-.--,0.0,0.0,0.0,0.0,0.0,0.0,0.0,0.0,0.0,0.0,0.0,0.0,0.0,0.0,0.0,0.0,0.0,0.0,.000,.000,.000,.000,.---,-.--,0.0,0.0,0.0,2025
622491,Luis Castillo,136,Seattle Mariners,,P,2026,,,,,,,,,,,,,,,,,,,,,,,,,,,,,,,,,,,,,,,,,,,,,,,,,2025
620443,Luis Torrens,121,New York Mets,,C,2026,178.0,162.0,35.0,10.0,0.0,2.0,10.0,0.0,38.0,4.0,0.0,2.0,51.0,18.0,1.0,.216,.278,.315,.593,.270,81.00,698.0,56.0,35.0,283.0,261.0,59.0,14.0,1.0,5.0,19.0,0.0,56.0,2.0,0.0,1.0,90.0,29.0,7.0,.226,.284,.345,.629,.270,52.20,1069.0,89.0,58.0,2025
681892,Kody Funderburk,142,Minnesota Twins,,P,2026,,,,,,,,,,,,,,,,,,,,,,,,,0.0,0.0,0.0,0.0,0.0,0.0,0.0,0.0,0.0,0.0,0.0,0.0,0.0,0.0,0.0,.000,.000,.000,.000,.---,-.--,0.0,0.0,0.0,2025
663457,Lars Nootbaar,138,St. Louis Cardinals,,LF,2026,125.0,108.0,28.0,6.0,1.0,3.0,16.0,1.0,28.0,0.0,1.0,0.0,45.0,12.0,3.0,.259,.352,.417,.769,.321,36.00,492.0,31.0,22.0,583.0,509.0,119.0,24.0,1.0,13.0,64.0,3.0,119.0,6.0,3.0,1.0,184.0,48.0,4.0,.234,.325,.361,.686,.279,39.15,2359.0,109.0,166.0,2025
679845,Nick Loftin,118,Kansas City Royals,,3B,2026,210.0,180.0,44.0,15.0,1.0,4.0,21.0,0.0,27.0,5.0,3.0,1.0,73.0,29.0,5.0,.244,.335,.406,.741,.263,45.00,763.0,52.0,61.0,188.0,168.0,35.0,9.0,2.0,4.0,14.0,0.0,27.0,3.0,2.0,1.0,60.0,20.0,7.0,.208,.278,.357,.635,.223,42.00,676.0,48.0,61.0,2025
677800,Wilyer Abreu,111,Boston Red Sox,,RF,2026,409.0,361.0,95.0,20.0,3.0,13.0,40.0,2.0,84.0,1.0,5.0,1.0,160.0,46.0,7.0,.263,.334,.443,.777,.305,27.77,1614.0,65.0,123.0,417.0,373.0,92.0,17.0,0.0,22.0,40.0,5.0,101.0,0.0,3.0,1.0,175.0,69.0,8.0,.247,.317,.469,.786,.277,16.96,1600.0,63.0,121.0,2025
694192,Jackson Chourio,158,Milwaukee Brewers,,LF,2026,288.0,266.0,74.0,17.0,0.0,13.0,20.0,1.0,72.0,1.0,1.0,0.0,130.0,37.0,3.0,.278,.330,.489,.819,.335,20.46,1126.0,56.0,65.0,589.0,549.0,148.0,35.0,4.0,21.0,30.0,1.0,121.0,3.0,6.0,1.0,254.0,78.0,13.0,.270,.308,.463,.771,.308,26.14,2108.0,129.0,158.0,2025
683953,Travis Bazzana,114,Cleveland Guardians,,2B,2026,282.0,244.0,58.0,14.0,1.0,7.0,32.0,1.0,61.0,3.0,3.0,0.0,95.0,28.0,1.0,.238,.330,.389,.719,.285,34.86,1138.0,58.0,70.0,,,,,,,,,,,,,,,,,,,,,,,,,2025
681909,Justin Dean,112,Chicago Cubs,,CF,2026,6.0,5.0,2.0,0.0,1.0,0.0,1.0,0.0,2.0,0.0,0.0,0.0,4.0,3.0,0.0,.400,.500,.800,1.300,.667,-.--,22.0,1.0,0.0,2.0,2.0,0.0,0.0,0.0,0.0,0.0,0.0,1.0,0.0,0.0,0.0,0.0,0.0,0.0,.000,.000,.000,.000,.000,-.--,11.0,1.0,0.0,2025
669620,Brady Basso,133,Athletics,,P,2026,,,,,,,,,,,,,,,,,,,,,,,,,,,,,,,,,,,,,,,,,,,,,,,,,2025
810938,Ben Williamson,139,Tampa Bay Rays,,2B,2026,226.0,205.0,51.0,9.0,1.0,2.0,19.0,0.0,43.0,1.0,0.0,1.0,68.0,23.0,6.0,.249,.316,.332,.648,.306,102.50,882.0,63.0,49.0,295.0,277.0,70.0,13.0,0.0,1.0,15.0,0.0,64.0,1.0,0.0,2.0,86.0,21.0,5.0,.253,.294,.310,.604,.325,277.00,1216.0,90.0,55.0,2025
681911,Alex Vesia,119,Los Angeles Dodgers,,P,2026,0.0,0.0,0.0,0.0,0.0,0.0,0.0,0.0,0.0,0.0,0.0,0.0,0.0,0.0,0.0,.000,.000,.000,.000,.---,-.--,0.0,0.0,0.0,,,,,,,,,,,,,,,,,,,,,,,,,2025
681916,Dylan Smith,137,San Francisco Giants,,P,2026,0.0,0.0,0.0,0.0,0.0,0.0,0.0,0.0,0.0,0.0,0.0,0.0,0.0,0.0,0.0,.000,.000,.000,.000,.---,-.--,0.0,0.0,0.0,,,,,,,,,,,,,,,,,,,,,,,,,2025
694203,Denzer Guzman,108,Los Angeles Angels,,3B,2026,119.0,111.0,28.0,4.0,0.0,4.0,7.0,0.0,32.0,0.0,0.0,0.0,44.0,14.0,1.0,.252,.297,.396,.693,.320,27.75,440.0,23.0,28.0,43.0,42.0,8.0,1.0,0.0,2.0,1.0,0.0,22.0,0.0,0.0,0.0,15.0,3.0,0.0,.190,.209,.357,.566,.333,21.00,176.0,4.0,8.0,2025
663494,Bryan Torres,138,St. Louis Cardinals,,LF,2026,73.0,67.0,13.0,0.0,2.0,4.0,5.0,0.0,16.0,0.0,0.0,1.0,29.0,8.0,0.0,.194,.250,.433,.683,.191,16.75,295.0,19.0,20.0,,,,,,,,,,,,,,,,,,,,,,,,,2025
694212,Samuel Basallo,110,Baltimore Orioles,,C,2026,305.0,278.0,68.0,9.0,1.0,16.0,25.0,2.0,79.0,0.0,2.0,0.0,127.0,46.0,5.0,.245,.305,.457,.762,.281,17.38,1124.0,73.0,60.0,118.0,109.0,18.0,6.0,0.0,4.0,6.0,0.0,30.0,3.0,0.0,0.0,36.0,15.0,4.0,.165,.229,.330,.559,.187,27.25,443.0,36.0,25.0,2025
624585,Jorge Soler,108,Los Angeles Angels,,DH,2026,314.0,273.0,57.0,13.0,1.0,11.0,32.0,0.0,98.0,5.0,4.0,0.0,105.0,42.0,8.0,.209,.299,.385,.684,.274,24.82,1265.0,58.0,64.0,315.0,279.0,60.0,12.0,0.0,12.0,28.0,0.0,94.0,4.0,3.0,0.0,108.0,34.0,5.0,.215,.293,.387,.680,.273,23.25,1290.0,61.0,67.0,2025
679883,Luinder Avila,118,Kansas City Royals,,P,2026,,,,,,,,,,,,,,,,,,,,,,,,,0.0,0.0,0.0,0.0,0.0,0.0,0.0,0.0,0.0,0.0,0.0,0.0,0.0,0.0,0.0,.000,.000,.000,.000,.---,-.--,0.0,0.0,0.0,2025
696270,Ryan Johnson,108,Los Angeles Angels,,P,2026,,,,,,,,,,,,,,,,,,,,,,,,,,,,,,,,,,,,,,,,,,,,,,,,,2025
593871,Jorge Polanco,121,New York Mets,,DH,2026,83.0,77.0,13.0,4.0,0.0,1.0,6.0,0.0,15.0,0.0,0.0,0.0,20.0,3.0,1.0,.169,.229,.260,.489,.197,77.00,306.0,20.0,29.0,524.0,471.0,125.0,30.0,0.0,26.0,42.0,1.0,82.0,3.0,5.0,3.0,233.0,78.0,7.0,.265,.326,.495,.821,.269,18.12,2023.0,114.0,158.0,2025
655316,Andruw Monasterio,111,Boston Red Sox,,SS,2026,169.0,157.0,36.0,12.0,1.0,5.0,11.0,0.0,38.0,0.0,0.0,1.0,65.0,16.0,2.0,.229,.280,.414,.694,.272,31.40,729.0,32.0,52.0,135.0,126.0,34.0,9.0,0.0,4.0,7.0,0.0,32.0,2.0,0.0,0.0,55.0,16.0,1.0,.270,.319,.437,.756,.333,31.50,558.0,19.0,41.0,2025
665561,Rafael Marchán,143,Philadelphia Phillies,,C,2026,89.0,85.0,9.0,0.0,0.0,2.0,2.0,0.0,14.0,2.0,0.0,0.0,15.0,6.0,2.0,.106,.146,.176,.322,.101,42.50,354.0,20.0,42.0,118.0,105.0,22.0,4.0,0.0,2.0,10.0,0.0,17.0,1.0,1.0,1.0,32.0,13.0,1.0,.210,.282,.305,.587,.230,52.50,459.0,41.0,27.0,2025
622554,Seranthony Domínguez,145,Chicago White Sox,,P,2026,,,,,,,,,,,,,,,,,,,,,,,,,0.0,0.0,0.0,0.0,0.0,0.0,0.0,0.0,0.0,0.0,0.0,0.0,0.0,0.0,0.0,.000,.000,.000,.000,.---,-.--,0.0,0.0,0.0,2025
696285,Jacob Young,120,Washington Nationals,,CF,2026,294.0,272.0,61.0,12.0,2.0,8.0,17.0,0.0,54.0,4.0,0.0,1.0,101.0,32.0,5.0,.224,.280,.371,.651,.252,34.00,1107.0,74.0,84.0,364.0,324.0,75.0,10.0,1.0,2.0,27.0,0.0,65.0,3.0,1.0,9.0,93.0,31.0,7.0,.231,.296,.287,.583,.283,162.00,1367.0,115.0,79.0,2025
489446,Kirby Yates,108,Los Angeles Angels,,P,2026,,,,,,,,,,,,,,,,,,,,,,,,,,,,,,,,,,,,,,,,,,,,,,,,,2025
684007,Shota Imanaga,112,Chicago Cubs,,P,2026,,,,,,,,,,,,,,,,,,,,,,,,,,,,,,,,,,,,,,,,,,,,,,,,,2025
694249,Cole Carrigg,115,Colorado Rockies,,CF,2026,120.0,100.0,28.0,6.0,3.0,4.0,13.0,1.0,26.0,2.0,4.0,1.0,52.0,22.0,1.0,.280,.361,.520,.881,.324,25.00,455.0,19.0,32.0,,,,,,,,,,,,,,,,,,,,,,,,,2025
677865,Justin Bruihl,138,St. Louis Cardinals,,P,2026,,,,,,,,,,,,,,,,,,,,,,,,,,,,,,,,,,,,,,,,,,,,,,,,,2025
688107,Robert Gasser,158,Milwaukee Brewers,,P,2026,,,,,,,,,,,,,,,,,,,,,,,,,,,,,,,,,,,,,,,,,,,,,,,,,2025
815083,Mitch Farris,108,Los Angeles Angels,,P,2026,,,,,,,,,,,,,,,,,,,,,,,,,,,,,,,,,,,,,,,,,,,,,,,,,2025
606192,Teoscar Hernández,119,Los Angeles Dodgers,,LF,2026,254.0,225.0,55.0,8.0,0.0,8.0,24.0,1.0,71.0,2.0,3.0,0.0,87.0,36.0,7.0,.244,.319,.387,.706,.315,28.12,1035.0,43.0,59.0,546.0,511.0,126.0,29.0,1.0,25.0,26.0,0.0,134.0,3.0,5.0,0.0,232.0,89.0,13.0,.247,.284,.454,.738,.283,20.44,2139.0,136.0,120.0,2025
677870,Leo Jiménez,146,Miami Marlins,,3B,2026,125.0,109.0,23.0,4.0,0.0,2.0,10.0,0.0,25.0,5.0,1.0,0.0,33.0,8.0,4.0,.211,.304,.303,.607,.253,54.50,516.0,37.0,25.0,32.0,29.0,2.0,0.0,0.0,1.0,2.0,0.0,8.0,0.0,0.0,1.0,5.0,1.0,1.0,.069,.129,.172,.301,.050,29.00,143.0,10.0,10.0,2025
669684,Chris Murphy,145,Chicago White Sox,,P,2026,,,,,,,,,,,,,,,,,,,,,,,,,,,,,,,,,,,,,,,,,,,,,,,,,2025
663538,Nico Hoerner,112,Chicago Cubs,,2B,2026,424.0,378.0,89.0,23.0,0.0,4.0,36.0,0.0,33.0,5.0,5.0,0.0,124.0,38.0,7.0,.235,.307,.328,.635,.246,94.50,1515.0,116.0,145.0,649.0,599.0,178.0,29.0,4.0,7.0,39.0,1.0,49.0,7.0,4.0,0.0,236.0,61.0,4.0,.297,.345,.394,.739,.313,85.57,2305.0,179.0,197.0,2025
671732,Lawrence Butler,133,Athletics,,RF,2026,278.0,244.0,48.0,9.0,0.0,5.0,33.0,1.0,75.0,1.0,0.0,0.0,72.0,22.0,3.0,.197,.295,.295,.590,.262,48.80,1158.0,76.0,45.0,630.0,569.0,133.0,30.0,2.0,21.0,59.0,0.0,179.0,0.0,0.0,2.0,230.0,63.0,7.0,.234,.306,.404,.710,.304,27.10,2517.0,137.0,122.0,2025
663542,Bryan Hudson,145,Chicago White Sox,,P,2026,,,,,,,,,,,,,,,,,,,,,,,,,,,,,,,,,,,,,,,,,,,,,,,,,2025
671737,Taj Bradley,142,Minnesota Twins,,P,2026,,,,,,,,,,,,,,,,,,,,,,,,,,,,,,,,,,,,,,,,,,,,,,,,,2025
671739,Michael Harris II,144,Atlanta Braves,,CF,2026,359.0,340.0,101.0,18.0,0.0,16.0,15.0,0.0,73.0,2.0,2.0,0.0,167.0,56.0,3.0,.297,.329,.491,.820,.336,21.25,1298.0,86.0,82.0,641.0,611.0,152.0,26.0,6.0,20.0,16.0,1.0,128.0,3.0,7.0,4.0,250.0,86.0,7.0,.249,.268,.409,.677,.281,30.55,2177.0,193.0,149.0,2025
681982,Grant Anderson,158,Milwaukee Brewers,,P,2026,,,,,,,,,,,,,,,,,,,,,,,,,,,,,,,,,,,,,,,,,,,,,,,,,2025
808959,Munetaka Murakami,145,Chicago White Sox,,1B,2026,264.0,215.0,50.0,5.0,0.0,20.0,47.0,4.0,88.0,1.0,1.0,0.0,115.0,42.0,2.0,.233,.371,.535,.906,.278,10.75,1159.0,40.0,38.0,,,,,,,,,,,,,,,,,,,,,,,,,2025
