batter_id,batter_name,team_id,team_name,batSide,primaryPosition,season,plateAppearances,atBats,hits,doubles,triples,homeRuns,baseOnBalls,intentionalWalks,strikeOuts,hitByPitch,sacFlies,sacBunts,totalBases,rbi,groundIntoDoublePlay,avg,obp,slg,ops,babip,atBatsPerHomeRun,numberOfPitches,groundOuts,airOuts,plateAppearances_prev,atBats_prev,hits_prev,doubles_prev,triples_prev,homeRuns_prev,baseOnBalls_prev,intentionalWalks_prev,strikeOuts_prev,hitByPitch_prev,sacFlies_prev,sacBunts_prev,totalBases_prev,rbi_prev,groundIntoDoublePlay_prev,avg_prev,obp_prev,slg_prev,ops_prev,babip_prev,atBatsPerHomeRun_prev,numberOfPitches_prev,groundOuts_prev,airOuts_prev,season_prev
663554,Casey Mize,116,Detroit Tigers,,P,2026,,,,,,,,,,,,,,,,,,,,,,,,,,,,,,,,,,,,,,,,,,,,,,,,,2025
669699,Braden Shewmake,117,Houston Astros,,SS,2026,83.0,78.0,20.0,4.0,0.0,3.0,2.0,0.0,13.0,0.0,1.0,2.0,33.0,9.0,2.0,.256,.272,.423,.695,.270,26.00,273.0,25.0,23.0,,,,,,,,,,,,,,,,,,,,,,,,,2025
663556,Shane McClanahan,139,Tampa Bay Rays,,P,2026,,,,,,,,,,,,,,,,,,,,,,,,,,,,,,,,,,,,,,,,,,,,,,,,,2025
669701,Josh Smith,140,Texas Rangers,,2B,2026,134.0,118.0,27.0,3.0,1.0,1.0,14.0,1.0,24.0,1.0,1.0,0.0,35.0,8.0,2.0,.229,.313,.297,.610,.277,118.00,512.0,26.0,42.0,563.0,495.0,124.0,23.0,2.0,10.0,55.0,2.0,100.0,8.0,1.0,3.0,181.0,35.0,3.0,.251,.335,.366,.701,.295,49.50,2287.0,139.0,136.0,2025
808963,Roki Sasaki,119,Los Angeles Dodgers,,P,2026,,,,,,,,,,,,,,,,,,,,,,,,,,,,,,,,,,,,,,,,,,,,,,,,,2025
808967,Yoshinobu Yamamoto,119,Los Angeles Dodgers,,P,2026,,,,,,,,,,,,,,,,,,,,,,,,,,,,,,,,,,,,,,,,,,,,,,,,,2025
663558,Jovani Morán,111,Boston Red Sox,,P,2026,,,,,,,,,,,,,,,,,,,,,,,,,,,,,,,,,,,,,,,,,,,,,,,,,2025
675848,Juan Mejia,115,Colorado Rockies,,P,2026,,,,,,,,,,,,,,,,,,,,,,,,,0.0,0.0,0.0,0.0,0.0,0.0,0.0,0.0,0.0,0.0,0.0,0.0,0.0,0.0,0.0,.000,.000,.000,.000,.---,-.--,0.0,0.0,0.0,2025
702474,Mike Paredes,142,Minnesota Twins,,P,2026,,,,,,,,,,,,,,,,,,,,,,,,,,,,,,,,,,,,,,,,,,,,,,,,,2025
808970,Woo-Suk Go,142,Minnesota Twins,,P,2026,,,,,,,,,,,,,,,,,,,,,,,,,,,,,,,,,,,,,,,,,,,,,,,,,2025
669707,Jared Triolo,134,Pittsburgh Pirates,,SS,2026,196.0,175.0,42.0,10.0,0.0,1.0,16.0,0.0,46.0,3.0,0.0,1.0,55.0,14.0,5.0,.240,.314,.314,.628,.320,175.00,759.0,53.0,35.0,376.0,331.0,75.0,18.0,2.0,7.0,39.0,1.0,76.0,2.0,1.0,3.0,118.0,24.0,4.0,.227,.311,.356,.667,.273,47.29,1454.0,81.0,103.0,2025
595978,Austin Hedges,114,Cleveland Guardians,,C,2026,138.0,121.0,34.0,7.0,0.0,3.0,11.0,0.0,23.0,1.0,1.0,4.0,50.0,14.0,3.0,.281,.343,.413,.756,.323,40.33,526.0,40.0,29.0,180.0,155.0,25.0,3.0,0.0,5.0,18.0,0.0,43.0,1.0,2.0,4.0,43.0,10.0,2.0,.161,.250,.277,.527,.183,31.00,696.0,35.0,58.0,2025
669711,Greg Weissert,111,Boston Red Sox,,P,2026,,,,,,,,,,,,,,,,,,,,,,,,,,,,,,,,,,,,,,,,,,,,,,,,,2025
808982,Jung Hoo Lee,137,San Francisco Giants,,RF,2026,335.0,315.0,98.0,20.0,3.0,5.0,14.0,0.0,32.0,3.0,3.0,0.0,139.0,33.0,5.0,.311,.343,.441,.784,.331,63.00,1229.0,94.0,94.0,617.0,560.0,149.0,31.0,12.0,8.0,47.0,0.0,71.0,6.0,4.0,0.0,228.0,55.0,2.0,.266,.327,.407,.734,.291,70.00,2351.0,182.0,162.0,2025
663567,Peter Lambert,117,Houston Astros,,P,2026,,,,,,,,,,,,,,,,,,,,,,,,,,,,,,,,,,,,,,,,,,,,,,,,,2025
622608,Antonio Senzatela,115,Colorado Rockies,,P,2026,0.0,0.0,0.0,0.0,0.0,0.0,0.0,0.0,0.0,0.0,0.0,0.0,0.0,0.0,0.0,.000,.000,.000,.000,.---,-.--,0.0,0.0,0.0,,,,,,,,,,,,,,,,,,,,,,,,,2025
593958,Eduardo Rodriguez,109,Arizona Diamondbacks,,P,2026,,,,,,,,,,,,,,,,,,,,,,,,,,,,,,,,,,,,,,,,,,,,,,,,,2025
694297,Brandon Pfaadt,109,Arizona Diamondbacks,,P,2026,,,,,,,,,,,,,,,,,,,,,,,,,,,,,,,,,,,,,,,,,,,,,,,,,2025
665622,Luis Medina,133,Athletics,,P,2026,,,,,,,,,,,,,,,,,,,,,,,,,,,,,,,,,,,,,,,,,,,,,,,,,2025
663586,Austin Riley,144,Atlanta Braves,,3B,2026,365.0,326.0,69.0,13.0,1.0,9.0,30.0,0.0,106.0,7.0,2.0,0.0,111.0,41.0,6.0,.212,.290,.340,.630,.282,36.22,1477.0,61.0,92.0,447.0,416.0,108.0,20.0,1.0,16.0,27.0,1.0,128.0,3.0,1.0,0.0,178.0,54.0,9.0,.260,.309,.428,.737,.337,26.00,1791.0,69.0,112.0,2025
596019,Francisco Lindor,121,New York Mets,,SS,2026,155.0,138.0,29.0,2.0,3.0,4.0,15.0,0.0,26.0,2.0,0.0,0.0,49.0,10.0,2.0,.210,.297,.355,.652,.231,34.50,656.0,41.0,42.0,732.0,644.0,172.0,35.0,0.0,31.0,65.0,2.0,131.0,16.0,7.0,0.0,300.0,86.0,9.0,.267,.346,.466,.812,.288,20.77,2940.0,149.0,199.0,2025
593974,Wandy Peralta,135,San Diego Padres,,P,2026,,,,,,,,,,,,,,,,,,,,,,,,,,,,,,,,,,,,,,,,,,,,,,,,,2025
677942,Blaze Alexander,110,Baltimore Orioles,,3B,2026,230.0,207.0,64.0,12.0,2.0,3.0,15.0,1.0,52.0,3.0,1.0,2.0,89.0,28.0,5.0,.309,.363,.430,.793,.399,69.00,874.0,55.0,39.0,266.0,230.0,53.0,12.0,1.0,7.0,22.0,0.0,86.0,10.0,1.0,3.0,88.0,28.0,5.0,.230,.323,.383,.706,.333,32.86,1042.0,54.0,41.0,2025
669743,Alex Call,119,Los Angeles Dodgers,,LF,2026,129.0,107.0,28.0,5.0,0.0,1.0,17.0,0.0,20.0,3.0,2.0,0.0,36.0,16.0,2.0,.262,.372,.336,.708,.307,107.00,565.0,28.0,33.0,322.0,270.0,72.0,13.0,2.0,5.0,36.0,0.0,55.0,6.0,4.0,6.0,104.0,31.0,6.0,.267,.361,.385,.746,.313,54.00,1314.0,80.0,73.0,2025
677944,Slade Cecconi,114,Cleveland Guardians,,P,2026,,,,,,,,,,,,,,,,,,,,,,,,,,,,,,,,,,,,,,,,,,,,,,,,,2025
665660,Elvis Alvarado,133,Athletics,,P,2026,,,,,,,,,,,,,,,,,,,,,,,,,0.0,0.0,0.0,0.0,0.0,0.0,0.0,0.0,0.0,0.0,0.0,0.0,0.0,0.0,0.0,.000,.000,.000,.000,.---,-.--,0.0,0.0,0.0,2025
677951,Bobby Witt Jr.,118,Kansas City Royals,,SS,2026,381.0,338.0,98.0,20.0,1.0,12.0,39.0,3.0,63.0,1.0,3.0,0.0,156.0,38.0,6.0,.290,.362,.462,.824,.323,28.17,1395.0,67.0,113.0,687.0,623.0,184.0,47.0,6.0,23.0,49.0,8.0,125.0,8.0,7.0,0.0,312.0,88.0,7.0,.295,.351,.501,.852,.334,27.09,2511.0,124.0,197.0,2025
571448,Nolan Arenado,109,Arizona Diamondbacks,,3B,2026,326.0,292.0,69.0,16.0,0.0,10.0,25.0,1.0,69.0,6.0,3.0,0.0,115.0,37.0,7.0,.236,.307,.394,.701,.273,29.20,1301.0,66.0,91.0,436.0,401.0,95.0,18.0,1.0,12.0,28.0,4.0,49.0,3.0,4.0,0.0,151.0,52.0,10.0,.237,.289,.377,.666,.241,33.42,1586.0,101.0,160.0,2025
677952,Braxton Ashcraft,134,Pittsburgh Pirates,,P,2026,,,,,,,,,,,,,,,,,,,,,,,,,,,,,,,,,,,,,,,,,,,,,,,,,2025
663616,Trevor Larnach,142,Minnesota Twins,,LF,2026,272.0,235.0,68.0,16.0,1.0,6.0,33.0,1.0,47.0,3.0,0.0,1.0,104.0,30.0,6.0,.289,.384,.443,.827,.341,39.17,1070.0,49.0,72.0,567.0,503.0,126.0,24.0,1.0,17.0,53.0,2.0,122.0,4.0,6.0,0.0,203.0,60.0,19.0,.250,.323,.404,.727,.295,29.59,2191.0,124.0,137.0,2025
694335,Matt Svanson,138,St. Louis Cardinals,,P,2026,,,,,,,,,,,,,,,,,,,,,,,,,,,,,,,,,,,,,,,,,,,,,,,,,2025
608324,Alex Bregman,112,Chicago Cubs,,3B,2026,408.0,350.0,85.0,14.0,1.0,7.0,47.0,2.0,63.0,7.0,4.0,0.0,122.0,34.0,9.0,.243,.341,.349,.690,.275,50.00,1621.0,83.0,123.0,495.0,433.0,118.0,28.0,0.0,18.0,51.0,3.0,70.0,9.0,2.0,0.0,200.0,62.0,12.0,.273,.360,.462,.822,.288,24.06,1947.0,101.0,146.0,2025
682052,Jacob Lopez,133,Athletics,,P,2026,,,,,,,,,,,,,,,,,,,,,,,,,,,,,,,,,,,,,,,,,,,,,,,,,2025
677960,Ryan Weathers,147,New York Yankees,,P,2026,,,,,,,,,,,,,,,,,,,,,,,,,,,,,,,,,,,,,,,,,,,,,,,,,2025
677958,Kumar Rocker,140,Texas Rangers,,P,2026,,,,,,,,,,,,,,,,,,,,,,,,,,,,,,,,,,,,,,,,,,,,,,,,,2025
677961,Cole Wilcox,136,Seattle Mariners,,P,2026,,,,,,,,,,,,,,,,,,,,,,,,,,,,,,,,,,,,,,,,,,,,,,,,,2025
675916,James Karinchak,144,Atlanta Braves,,P,2026,,,,,,,,,,,,,,,,,,,,,,,,,,,,,,,,,,,,,,,,,,,,,,,,,2025
694350,Zach Brzykcy,146,Miami Marlins,,P,2026,,,,,,,,,,,,,,,,,,,,,,,,,,,,,,,,,,,,,,,,,,,,,,,,,2025
675919,Nick Raquet,110,Baltimore Orioles,,P,2026,,,,,,,,,,,,,,,,,,,,,,,,,,,,,,,,,,,,,,,,,,,,,,,,,2025
694360,Beck Way,118,Kansas City Royals,,P,2026,,,,,,,,,,,,,,,,,,,,,,,,,,,,,,,,,,,,,,,,,,,,,,,,,2025
677976,Randy Dobnak,118,Kansas City Royals,,P,2026,,,,,,,,,,,,,,,,,,,,,,,,,,,,,,,,,,,,,,,,,,,,,,,,,2025
694361,Will Klein,119,Los Angeles Dodgers,,P,2026,,,,,,,,,,,,,,,,,,,,,,,,,,,,,,,,,,,,,,,,,,,,,,,,,2025
694363,Jared Shuster,138,St. Louis Cardinals,,P,2026,,,,,,,,,,,,,,,,,,,,,,,,,,,,,,,,,,,,,,,,,,,,,,,,,2025
608348,Carson Kelly,112,Chicago Cubs,,C,2026,231.0,202.0,57.0,10.0,0.0,4.0,26.0,0.0,37.0,3.0,0.0,0.0,79.0,30.0,4.0,.282,.372,.391,.763,.329,50.50,903.0,50.0,58.0,421.0,369.0,92.0,13.0,1.0,17.0,45.0,0.0,80.0,3.0,4.0,0.0,158.0,50.0,11.0,.249,.333,.428,.761,.272,21.71,1667.0,88.0,113.0,2025
694371,Tommy Troy,109,Arizona Diamondbacks,,LF,2026,124.0,113.0,25.0,3.0,1.0,3.0,11.0,0.0,29.0,0.0,0.0,0.0,39.0,7.0,0.0,.221,.290,.345,.635,.272,37.67,506.0,31.0,28.0,,,,,,,,,,,,,,,,,,,,,,,,,2025
694374,Tim Tawa,109,Arizona Diamondbacks,,LF,2026,83.0,69.0,11.0,3.0,0.0,1.0,10.0,0.0,20.0,0.0,1.0,3.0,17.0,8.0,2.0,.159,.263,.246,.509,.204,69.00,354.0,26.0,16.0,225.0,199.0,40.0,8.0,0.0,7.0,20.0,0.0,64.0,1.0,3.0,2.0,69.0,18.0,6.0,.201,.274,.347,.621,.252,28.43,876.0,54.0,46.0,2025
663656,Kyle Tucker,119,Los Angeles Dodgers,,RF,2026,367.0,314.0,78.0,17.0,2.0,7.0,48.0,0.0,74.0,2.0,3.0,0.0,120.0,45.0,1.0,.248,.349,.382,.731,.301,44.86,1454.0,70.0,95.0,597.0,500.0,133.0,25.0,4.0,22.0,87.0,7.0,88.0,4.0,3.0,1.0,232.0,73.0,8.0,.266,.377,.464,.841,.282,22.73,2306.0,114.0,169.0,2025
694378,Jacob Gonzalez,145,Chicago White Sox,,1B,2026,95.0,84.0,21.0,4.0,0.0,2.0,8.0,0.0,21.0,2.0,0.0,1.0,31.0,17.0,0.0,.250,.330,.369,.699,.311,42.00,387.0,19.0,24.0,,,,,,,,,,,,,,,,,,,,,,,,,2025
594027,Tyron Guerrero,111,Boston Red Sox,,P,2026,,,,,,,,,,,,,,,,,,,,,,,,,,,,,,,,,,,,,,,,,,,,,,,,,2025
657514,Brennan Bernardino,115,Colorado Rockies,,P,2026,,,,,,,,,,,,,,,,,,,,,,,,,0.0,0.0,0.0,0.0,0.0,0.0,0.0,0.0,0.0,0.0,0.0,0.0,0.0,0.0,0.0,.000,.000,.000,.000,.---,-.--,0.0,0.0,0.0,2025
694384,Nolan Schanuel,108,Los Angeles Angels,,1B,2026,302.0,271.0,70.0,14.0,0.0,6.0,24.0,0.0,46.0,5.0,2.0,0.0,102.0,31.0,10.0,.258,.328,.376,.704,.290,45.17,1167.0,89.0,68.0,564.0,488.0,129.0,23.0,1.0,12.0,59.0,4.0,71.0,10.0,4.0,3.0,190.0,53.0,10.0,.264,.353,.389,.742,.286,40.67,2150.0,139.0,156.0,2025
667755,José Soriano,108,Los Angeles Angels,,P,2026,,,,,,,,,,,,,,,,,,,,,,,,,,,,,,,,,,,,,,,,,,,,,,,,,2025
571510,Matthew Boyd,112,Chicago Cubs,,P,2026,,,,,,,,,,,,,,,,,,,,,,,,,,,,,,,,,,,,,,,,,,,,,,,,,2025
608379,Michael Wacha,118,Kansas City Royals,,P,2026,,,,,,,,,,,,,,,,,,,,,,,,,,,,,,,,,,,,,,,,,,,,,,,,,2025
678011,Anthony Seigler,111,Boston Red Sox,,2B,2026,64.0,57.0,17.0,6.0,0.0,1.0,6.0,0.0,12.0,1.0,0.0,0.0,26.0,3.0,0.0,.298,.375,.456,.831,.364,57.00,240.0,13.0,15.0,73.0,62.0,12.0,1.0,0.0,0.0,8.0,0.0,16.0,1.0,1.0,1.0,13.0,5.0,2.0,.194,.292,.210,.502,.255,-.--,276.0,19.0,17.0,2025
675961,Alika Williams,133,Athletics,,SS,2026,81.0,77.0,22.0,7.0,0.0,2.0,3.0,0.0,25.0,0.0,0.0,1.0,35.0,8.0,2.0,.286,.313,.455,.768,.400,38.50,320.0,18.0,13.0,,,,,,,,,,,,,,,,,,,,,,,,,2025
694397,Marco Raya,142,Minnesota Twins,,P,2026,,,,,,,,,,,,,,,,,,,,,,,,,,,,,,,,,,,,,,,,,,,,,,,,,2025
663687,Hogan Harris,133,Athletics,,P,2026,,,,,,,,,,,,,,,,,,,,,,,,,,,,,,,,,,,,,,,,,,,,,,,,,2025
678022,Jack Perkins,133,Athletics,,P,2026,0.0,0.0,0.0,0.0,0.0,0.0,0.0,0.0,0.0,0.0,0.0,0.0,0.0,0.0,0.0,.000,.000,.000,.000,.---,-.--,0.0,0.0,0.0,,,,,,,,,,,,,,,,,,,,,,,,,2025
647304,Josh Naylor,136,Seattle Mariners,,1B,2026,368.0,336.0,84.0,11.0,0.0,8.0,27.0,2.0,46.0,3.0,1.0,0.0,119.0,36.0,13.0,.250,.311,.354,.665,.269,42.00,1203.0,99.0,108.0,604.0,543.0,160.0,29.0,1.0,20.0,48.0,4.0,83.0,4.0,5.0,0.0,251.0,92.0,17.0,.295,.353,.462,.815,.315,27.15,2013.0,158.0,147.0,2025
682120,Tim Herrin,114,Cleveland Guardians,,P,2026,,,,,,,,,,,,,,,,,,,,,,,,,0.0,0.0,0.0,0.0,0.0,0.0,0.0,0.0,0.0,0.0,0.0,0.0,0.0,0.0,0.0,.000,.000,.000,.000,.---,-.--,0.0,0.0,0.0,2025
645261,Sandy Alcantara,146,Miami Marlins,,P,2026,,,,,,,,,,,,,,,,,,,,,,,,,,,,,,,,,,,,,,,,,,,,,,,,,2025
686218,Emmet Sheehan,119,Los Angeles Dodgers,,P,2026,,,,,,,,,,,,,,,,,,,,,,,,,,,,,,,,,,,,,,,,,,,,,,,,,2025
686217,Sal Frelick,158,Milwaukee Brewers,,RF,2026,299.0,262.0,62.0,14.0,0.0,3.0,25.0,1.0,28.0,2.0,3.0,1.0,85.0,31.0,4.0,.237,.305,.324,.629,.252,87.33,1131.0,96.0,80.0,594.0,528.0,152.0,20.0,3.0,12.0,47.0,0.0,80.0,7.0,5.0,3.0,214.0,63.0,4.0,.288,.351,.405,.756,.317,44.00,2311.0,153.0,151.0,2025
665742,Juan Soto,121,New York Mets,,LF,2026,313.0,261.0,78.0,8.0,2.0,20.0,50.0,7.0,39.0,0.0,1.0,0.0,150.0,49.0,3.0,.299,.410,.575,.985,.286,13.05,1228.0,69.0,76.0,715.0,577.0,152.0,20.0,1.0,43.0,127.0,13.0,137.0,3.0,6.0,1.0,303.0,105.0,17.0,.263,.396,.525,.921,.270,13.42,2968.0,156.0,139.0,2025
643217,Andrew Benintendi,145,Chicago White Sox,,DH,2026,277.0,251.0,60.0,12.0,2.0,10.0,22.0,0.0,69.0,0.0,3.0,1.0,106.0,41.0,4.0,.239,.297,.422,.719,.286,25.10,1056.0,58.0,68.0,470.0,420.0,101.0,16.0,2.0,20.0,40.0,2.0,82.0,3.0,6.0,0.0,181.0,63.0,5.0,.240,.307,.431,.738,.250,21.00,1721.0,88.0,155.0,2025
665750,Leody Taveras,110,Baltimore Orioles,,CF,2026,280.0,243.0,58.0,10.0,5.0,3.0,28.0,0.0,69.0,1.0,1.0,7.0,87.0,31.0,5.0,.239,.319,.358,.677,.320,81.00,1116.0,54.0,70.0,180.0,171.0,35.0,6.0,1.0,3.0,5.0,0.0,50.0,0.0,1.0,3.0,52.0,17.0,0.0,.205,.226,.304,.530,.269,57.00,693.0,33.0,57.0,2025
663698,Joey Bart,144,Atlanta Braves,,C,2026,88.0,80.0,18.0,2.0,0.0,3.0,3.0,0.0,24.0,4.0,1.0,0.0,29.0,10.0,0.0,.225,.284,.363,.647,.278,26.67,340.0,18.0,21.0,332.0,285.0,71.0,12.0,1.0,4.0,40.0,0.0,93.0,7.0,0.0,0.0,97.0,30.0,14.0,.249,.355,.340,.695,.356,71.25,1345.0,72.0,49.0,2025
702616,Jackson Holliday,110,Baltimore Orioles,,2B,2026,128.0,109.0,20.0,2.0,1.0,5.0,17.0,0.0,35.0,0.0,2.0,0.0,39.0,14.0,1.0,.183,.289,.358,.647,.211,21.80,507.0,24.0,32.0,649.0,586.0,142.0,21.0,3.0,17.0,56.0,1.0,140.0,6.0,1.0,0.0,220.0,55.0,4.0,.242,.314,.375,.689,.291,34.47,2450.0,167.0,138.0,2025
542888,Shawn Armstrong,114,Cleveland Guardians,,P,2026,,,,,,,,,,,,,,,,,,,,,,,,,0.0,0.0,0.0,0.0,0.0,0.0,0.0,0.0,0.0,0.0,0.0,0.0,0.0,0.0,0.0,.000,.000,.000,.000,.---,-.--,0.0,0.0,0.0,2025
596133,Luke Weaver,121,New York Mets,,P,2026,0.0,0.0,0.0,0.0,0.0,0.0,0.0,0.0,0.0,0.0,0.0,0.0,0.0,0.0,0.0,.000,.000,.000,.000,.---,-.--,0.0,0.0,0.0,,,,,,,,,,,,,,,,,,,,,,,,,2025
645277,Ozzie Albies,144,Atlanta Braves,,2B,2026,388.0,348.0,95.0,19.0,0.0,14.0,26.0,1.0,48.0,4.0,10.0,0.0,156.0,50.0,3.0,.273,.322,.448,.770,.274,24.86,1369.0,87.0,128.0,667.0,603.0,145.0,23.0,2.0,16.0,55.0,2.0,94.0,4.0,5.0,0.0,220.0,74.0,9.0,.240,.306,.365,.671,.259,37.69,2402.0,146.0,223.0,2025
622761,Jorge Mateo,144,Atlanta Braves,,SS,2026,129.0,121.0,30.0,5.0,0.0,4.0,8.0,0.0,39.0,0.0,0.0,0.0,47.0,11.0,2.0,.248,.295,.388,.683,.333,30.25,503.0,22.0,30.0,83.0,79.0,14.0,4.0,0.0,1.0,4.0,0.0,30.0,0.0,0.0,0.0,21.0,3.0,1.0,.177,.217,.266,.483,.271,79.00,336.0,17.0,18.0,2025
688297,Chris Roycroft,139,Tampa Bay Rays,,P,2026,,,,,,,,,,,,,,,,,,,,,,,,,,,,,,,,,,,,,,,,,,,,,,,,,2025
673962,Josh Jung,140,Texas Rangers,,3B,2026,359.0,323.0,96.0,22.0,0.0,9.0,29.0,0.0,64.0,5.0,2.0,0.0,145.0,34.0,13.0,.297,.362,.449,.811,.345,35.89,1329.0,84.0,81.0,511.0,482.0,121.0,23.0,1.0,14.0,27.0,0.0,129.0,2.0,0.0,0.0,188.0,61.0,10.0,.251,.294,.390,.684,.316,34.43,1931.0,108.0,124.0,2025
596142,Gary Sánchez,158,Milwaukee Brewers,,C,2026,170.0,136.0,30.0,5.0,1.0,8.0,31.0,0.0,31.0,2.0,1.0,0.0,61.0,24.0,6.0,.221,.371,.449,.820,.224,17.00,714.0,33.0,43.0,101.0,91.0,21.0,2.0,0.0,5.0,4.0,0.0,27.0,5.0,1.0,0.0,38.0,24.0,2.0,.231,.297,.418,.715,.267,18.20,415.0,21.0,23.0,2025
663728,Cal Raleigh,136,Seattle Mariners,,C,2026,259.0,225.0,38.0,7.0,0.0,9.0,31.0,0.0,83.0,0.0,3.0,0.0,72.0,29.0,4.0,.169,.266,.320,.586,.213,25.00,1143.0,34.0,73.0,705.0,596.0,147.0,24.0,0.0,60.0,97.0,17.0,188.0,9.0,3.0,0.0,351.0,125.0,6.0,.247,.359,.589,.948,.248,9.93,2833.0,79.0,185.0,2025
671922,Cade Smith,114,Cleveland Guardians,,P,2026,0.0,0.0,0.0,0.0,0.0,0.0,0.0,0.0,0.0,0.0,0.0,0.0,0.0,0.0,0.0,.000,.000,.000,.000,.---,-.--,0.0,0.0,0.0,,,,,,,,,,,,,,,,,,,,,,,,,2025
645302,Victor Robles,136,Seattle Mariners,,RF,2026,91.0,86.0,20.0,2.0,0.0,0.0,4.0,0.0,15.0,1.0,0.0,0.0,22.0,4.0,4.0,.233,.275,.256,.531,.282,-.--,322.0,20.0,31.0,114.0,106.0,26.0,4.0,1.0,1.0,3.0,0.0,26.0,3.0,2.0,0.0,35.0,9.0,3.0,.245,.281,.330,.611,.309,106.00,375.0,29.0,27.0,2025
596146,Max Kepler,109,Arizona Diamondbacks,,LF,2026,25.0,24.0,4.0,1.0,0.0,1.0,1.0,0.0,6.0,0.0,0.0,0.0,8.0,5.0,0.0,.167,.200,.333,.533,.176,24.00,91.0,2.0,12.0,474.0,417.0,90.0,19.0,0.0,18.0,48.0,3.0,93.0,4.0,4.0,1.0,163.0,52.0,10.0,.216,.300,.391,.691,.232,23.17,1826.0,95.0,144.0,2025
645305,Ali Sánchez,147,New York Yankees,,C,2026,33.0,30.0,8.0,2.0,0.0,0.0,1.0,0.0,9.0,1.0,1.0,0.0,10.0,4.0,1.0,.267,.303,.333,.636,.364,-.--,116.0,6.0,8.0,23.0,23.0,5.0,2.0,0.0,0.0,0.0,0.0,6.0,0.0,0.0,0.0,7.0,0.0,1.0,.217,.217,.304,.521,.294,-.--,80.0,6.0,6.0,2025
571578,Patrick Corbin,141,Toronto Blue Jays,,P,2026,,,,,,,,,,,,,,,,,,,,,,,,,,,,,,,,,,,,,,,,,,,,,,,,,2025
694462,Hurston Waldrep,144,Atlanta Braves,,P,2026,,,,,,,,,,,,,,,,,,,,,,,,,,,,,,,,,,,,,,,,,,,,,,,,,2025
663738,Daniel Lynch IV,118,Kansas City Royals,,P,2026,,,,,,,,,,,,,,,,,,,,,,,,,0.0,0.0,0.0,0.0,0.0,0.0,0.0,0.0,0.0,0.0,0.0,0.0,0.0,0.0,0.0,.000,.000,.000,.000,.---,-.--,0.0,0.0,0.0,2025
663743,Nick Fortes,139,Tampa Bay Rays,,C,2026,211.0,196.0,50.0,11.0,0.0,2.0,5.0,0.0,25.0,7.0,1.0,2.0,67.0,19.0,6.0,.255,.297,.342,.639,.282,98.00,721.0,69.0,55.0,242.0,218.0,50.0,9.0,1.0,5.0,14.0,0.0,47.0,7.0,1.0,2.0,76.0,21.0,7.0,.229,.296,.349,.645,.269,43.60,915.0,59.0,65.0,2025
671936,Adam Macko,141,Toronto Blue Jays,,P,2026,,,,,,,,,,,,,,,,,,,,,,,,,,,,,,,,,,,,,,,,,,,,,,,,,2025
803011,Sam Antonacci,145,Chicago White Sox,,LF,2026,287.0,247.0,72.0,12.0,2.0,5.0,20.0,0.0,44.0,17.0,1.0,2.0,103.0,25.0,1.0,.291,.382,.417,.799,.337,49.40,1133.0,80.0,54.0,,,,,,,,,,,,,,,,,,,,,,,,,2025
682177,Daniel Schneemann,114,Cleveland Guardians,,CF,2026,251.0,229.0,49.0,10.0,0.0,6.0,22.0,0.0,73.0,0.0,0.0,0.0,77.0,28.0,5.0,.214,.283,.336,.619,.287,38.17,993.0,55.0,52.0,422.0,379.0,78.0,18.0,1.0,12.0,38.0,1.0,117.0,3.0,1.0,1.0,134.0,41.0,4.0,.206,.283,.354,.637,.263,31.58,1668.0,96.0,90.0,2025
696519,Samy Natera Jr.,108,Los Angeles Angels,,P,2026,,,,,,,,,,,,,,,,,,,,,,,,,,,,,,,,,,,,,,,,,,,,,,,,,2025
657612,Tim Hill,147,New York Yankees,,P,2026,,,,,,,,,,,,,,,,,,,,,,,,,,,,,,,,,,,,,,,,,,,,,,,,,2025
663757,Trent Grisham,147,New York Yankees,,CF,2026,284.0,242.0,56.0,13.0,2.0,9.0,39.0,0.0,49.0,0.0,3.0,0.0,100.0,37.0,4.0,.231,.335,.413,.748,.251,26.89,1141.0,60.0,80.0,581.0,494.0,116.0,9.0,1.0,34.0,82.0,0.0,137.0,4.0,1.0,0.0,229.0,74.0,7.0,.235,.348,.464,.812,.253,14.53,2393.0,107.0,135.0,2025
665804,Miguel Amaya,112,Chicago Cubs,,C,2026,151.0,124.0,29.0,7.0,0.0,3.0,18.0,0.0,35.0,7.0,0.0,1.0,45.0,13.0,5.0,.234,.362,.363,.725,.302,41.33,652.0,26.0,35.0,103.0,96.0,27.0,9.0,0.0,4.0,4.0,0.0,22.0,1.0,1.0,1.0,48.0,25.0,0.0,.281,.314,.500,.814,.324,24.00,385.0,22.0,27.0,2025
694477,Chad Patrick,158,Milwaukee Brewers,,P,2026,0.0,0.0,0.0,0.0,0.0,0.0,0.0,0.0,0.0,0.0,0.0,0.0,0.0,0.0,0.0,.000,.000,.000,.000,.---,-.--,0.0,0.0,0.0,,,,,,,,,,,,,,,,,,,,,,,,,2025
663776,Patrick Sandoval,111,Boston Red Sox,,P,2026,,,,,,,,,,,,,,,,,,,,,,,,,,,,,,,,,,,,,,,,,,,,,,,,,2025
663765,Jake Woodford,112,Chicago Cubs,,P,2026,,,,,,,,,,,,,,,,,,,,,,,,,,,,,,,,,,,,,,,,,,,,,,,,,2025
643289,Mauricio Dubón,144,Atlanta Braves,,LF,2026,350.0,321.0,88.0,19.0,2.0,9.0,25.0,0.0,49.0,2.0,0.0,1.0,138.0,49.0,4.0,.274,.330,.430,.760,.300,35.67,1303.0,90.0,95.0,398.0,369.0,89.0,21.0,0.0,7.0,24.0,0.0,42.0,1.0,1.0,3.0,131.0,33.0,12.0,.241,.289,.355,.644,.255,52.71,1346.0,110.0,132.0,2025
694497,Evan Carter,140,Texas Rangers,,CF,2026,250.0,210.0,39.0,6.0,2.0,7.0,31.0,0.0,60.0,4.0,1.0,4.0,70.0,22.0,0.0,.186,.301,.333,.634,.222,30.00,1045.0,45.0,71.0,220.0,194.0,48.0,9.0,2.0,5.0,19.0,1.0,41.0,7.0,0.0,0.0,76.0,25.0,2.0,.247,.336,.392,.728,.291,38.80,822.0,49.0,56.0,2025
657649,Jared Koenig,158,Milwaukee Brewers,,P,2026,,,,,,,,,,,,,,,,,,,,,,,,,,,,,,,,,,,,,,,,,,,,,,,,,2025
669923,George Kirby,136,Seattle Mariners,,P,2026,,,,,,,,,,,,,,,,,,,,,,,,,,,,,,,,,,,,,,,,,,,,,,,,,2025
671976,Tristan Peters,145,Chicago White Sox,,CF,2026,263.0,237.0,69.0,19.0,2.0,5.0,18.0,0.0,48.0,3.0,1.0,4.0,107.0,31.0,0.0,.291,.347,.451,.798,.346,47.40,950.0,59.0,66.0,12.0,12.0,0.0,0.0,0.0,0.0,0.0,0.0,7.0,0.0,0.0,0.0,0.0,0.0,0.0,.000,.000,.000,.000,.000,-.--,46.0,1.0,4.0,2025
700669,Gordon Graceffo,138,St. Louis Cardinals,,P,2026,,,,,,,,,,,,,,,,,,,,,,,,,,,,,,,,,,,,,,,,,,,,,,,,,2025
682243,Bryce Miller,136,Seattle Mariners,,P,2026,,,,,,,,,,,,,,,,,,,,,,,,,,,,,,,,,,,,,,,,,,,,,,,,,2025
823550,Sung-Mun Song,135,San Diego Padres,,2B,2026,84.0,74.0,16.0,3.0,0.0,1.0,10.0,0.0,14.0,0.0,0.0,0.0,22.0,9.0,1.0,.216,.310,.297,.607,.254,74.00,346.0,16.0,28.0,,,,,,,,,,,,,,,,,,,,,,,,,2025
606466,Ketel Marte,109,Arizona Diamondbacks,,2B,2026,382.0,348.0,93.0,19.0,3.0,17.0,29.0,1.0,51.0,2.0,3.0,0.0,169.0,54.0,4.0,.267,.325,.486,.811,.269,20.47,1382.0,103.0,104.0,556.0,480.0,136.0,28.0,0.0,28.0,64.0,6.0,83.0,9.0,3.0,0.0,248.0,72.0,12.0,.283,.376,.517,.893,.290,17.14,2095.0,129.0,135.0,2025
805123,AJ Blubaugh,117,Houston Astros,,P,2026,,,,,,,,,,,,,,,,,,,,,,,,,,,,,,,,,,,,,,,,,,,,,,,,,2025
665862,Jazz Chisholm Jr.,147,New York Yankees,,2B,2026,343.0,304.0,68.0,11.0,2.0,12.0,36.0,0.0,101.0,1.0,2.0,0.0,119.0,33.0,2.0,.224,.306,.391,.697,.290,25.33,1411.0,63.0,74.0,531.0,462.0,112.0,15.0,1.0,31.0,58.0,1.0,148.0,6.0,4.0,1.0,222.0,80.0,3.0,.242,.332,.481,.813,.282,14.90,2138.0,90.0,117.0,2025
676106,Emerson Hancock,136,Seattle Mariners,,P,2026,,,,,,,,,,,,,,,,,,,,,,,,,0.0,0.0,0.0,0.0,0.0,0.0,0.0,0.0,0.0,0.0,0.0,0.0,0.0,0.0,0.0,.000,.000,.000,.000,.---,-.--,0.0,0.0,0.0,2025
571657,Kyle Farmer,144,Atlanta Braves,,DH,2026,16.0,15.0,4.0,1.0,0.0,0.0,0.0,0.0,4.0,0.0,1.0,0.0,5.0,3.0,0.0,.267,.250,.333,.583,.333,-.--,52.0,5.0,3.0,300.0,277.0,63.0,14.0,0.0,8.0,17.0,0.0,66.0,4.0,2.0,0.0,101.0,31.0,9.0,.227,.280,.365,.645,.268,34.62,1101.0,73.0,77.0,2025
682254,Mason Montgomery,134,Pittsburgh Pirates,,P,2026,,,,,,,,,,,,,,,,,,,,,,,,,,,,,,,,,,,,,,,,,,,,,,,,,2025
665871,Javier Assad,112,Chicago Cubs,,P,2026,,,,,,,,,,,,,,,,,,,,,,,,,,,,,,,,,,,,,,,,,,,,,,,,,2025
641302,Tyler Alexander,140,Texas Rangers,,P,2026,,,,,,,,,,,,,,,,,,,,,,,,,1.0,1.0,0.0,0.0,0.0,0.0,0.0,0.0,0.0,0.0,0.0,0.0,0.0,0.0,0.0,.000,.000,.000,.000,.000,-.--,3.0,1.0,0.0,2025
665877,José Fermín,138,St. Louis Cardinals,,LF,2026,159.0,145.0,39.0,9.0,0.0,3.0,11.0,0.0,23.0,0.0,1.0,1.0,57.0,17.0,5.0,.269,.318,.393,.711,.300,48.33,652.0,35.0,50.0,70.0,60.0,17.0,5.0,0.0,1.0,8.0,0.0,10.0,1.0,0.0,1.0,25.0,9.0,0.0,.283,.377,.417,.794,.327,60.00,271.0,16.0,18.0,2025
592155,Cam Booser,139,Tampa Bay Rays,,P,2026,,,,,,,,,,,,,,,,,,,,,,,,,,,,,,,,,,,,,,,,,,,,,,,,,2025
700712,Walbert Ureña,108,Los Angeles Angels,,P,2026,,,,,,,,,,,,,,,,,,,,,,,,,,,,,,,,,,,,,,,,,,,,,,,,,2025
663837,Matt Vierling,116,Detroit Tigers,,CF,2026,244.0,222.0,45.0,12.0,2.0,5.0,17.0,0.0,39.0,0.0,4.0,1.0,76.0,30.0,4.0,.203,.255,.342,.597,.220,44.40,922.0,61.0,82.0,100.0,88.0,21.0,3.0,0.0,1.0,7.0,0.0,24.0,3.0,2.0,0.0,27.0,11.0,1.0,.239,.310,.307,.617,.308,88.00,436.0,16.0,29.0,2025
663853,Romy Gonzalez,111,Boston Red Sox,,1B,2026,25.0,24.0,7.0,1.0,1.0,1.0,1.0,0.0,7.0,0.0,0.0,0.0,13.0,5.0,1.0,.292,.320,.542,.862,.375,24.00,101.0,8.0,2.0,341.0,315.0,96.0,23.0,3.0,9.0,18.0,1.0,81.0,3.0,5.0,0.0,152.0,53.0,8.0,.305,.343,.483,.826,.378,35.00,1238.0,84.0,59.0,2025
663855,Jordan Hicks,145,Chicago White Sox,,P,2026,,,,,,,,,,,,,,,,,,,,,,,,,,,,,,,,,,,,,,,,,,,,,,,,,2025
641329,Bryan Baker,139,Tampa Bay Rays,,P,2026,,,,,,,,,,,,,,,,,,,,,,,,,0.0,0.0,0.0,0.0,0.0,0.0,0.0,0.0,0.0,0.0,0.0,0.0,0.0,0.0,0.0,.000,.000,.000,.000,.---,-.--,0.0,0.0,0.0,2025
608566,Germán Márquez,135,San Diego Padres,,P,2026,,,,,,,,,,,,,,,,,,,,,,,,,,,,,,,,,,,,,,,,,,,,,,,,,2025
643377,Griffin Jax,139,Tampa Bay Rays,,P,2026,,,,,,,,,,,,,,,,,,,,,,,,,0.0,0.0,0.0,0.0,0.0,0.0,0.0,0.0,0.0,0.0,0.0,0.0,0.0,0.0,0.0,.000,.000,.000,.000,.---,-.--,0.0,0.0,0.0,2025
543037,Gerrit Cole,147,New York Yankees,,P,2026,,,,,,,,,,,,,,,,,,,,,,,,,,,,,,,,,,,,,,,,,,,,,,,,,2025
665926,Andrés Giménez,141,Toronto Blue Jays,,SS,2026,302.0,278.0,65.0,14.0,1.0,7.0,11.0,0.0,60.0,8.0,3.0,2.0,102.0,36.0,6.0,.234,.280,.367,.647,.271,39.71,1115.0,87.0,71.0,369.0,329.0,69.0,11.0,1.0,7.0,25.0,0.0,66.0,11.0,3.0,1.0,103.0,35.0,8.0,.210,.285,.313,.598,.239,47.00,1452.0,97.0,101.0,2025
665923,Esteury Ruiz,146,Miami Marlins,,RF,2026,109.0,90.0,22.0,8.0,1.0,4.0,12.0,0.0,30.0,5.0,1.0,0.0,44.0,9.0,0.0,.244,.361,.489,.850,.316,22.50,438.0,10.0,29.0,23.0,21.0,4.0,0.0,0.0,1.0,2.0,0.0,8.0,0.0,0.0,0.0,7.0,2.0,0.0,.190,.261,.333,.594,.250,21.00,88.0,5.0,4.0,2025
641343,Jake Bauers,158,Milwaukee Brewers,,1B,2026,325.0,280.0,75.0,15.0,1.0,16.0,41.0,3.0,83.0,3.0,1.0,0.0,140.0,54.0,3.0,.268,.366,.500,.866,.324,17.50,1329.0,63.0,60.0,218.0,183.0,43.0,9.0,0.0,7.0,32.0,1.0,59.0,2.0,1.0,0.0,73.0,28.0,1.0,.235,.353,.399,.752,.305,26.14,895.0,35.0,47.0,2025
663878,Nate Pearson,117,Houston Astros,,P,2026,,,,,,,,,,,,,,,,,,,,,,,,,,,,,,,,,,,,,,,,,,,,,,,,,2025
678218,Brandon Valenzuela,141,Toronto Blue Jays,,C,2026,180.0,158.0,38.0,6.0,0.0,7.0,20.0,0.0,45.0,0.0,1.0,1.0,65.0,20.0,1.0,.241,.324,.411,.735,.290,22.57,733.0,34.0,43.0,,,,,,,,,,,,,,,,,,,,,,,,,2025
641355,Cody Bellinger,147,New York Yankees,,LF,2026,382.0,327.0,81.0,17.0,3.0,11.0,50.0,0.0,58.0,0.0,5.0,0.0,137.0,50.0,2.0,.248,.343,.419,.762,.266,29.73,1444.0,78.0,115.0,656.0,588.0,160.0,25.0,5.0,29.0,57.0,1.0,90.0,2.0,9.0,0.0,282.0,98.0,8.0,.272,.334,.480,.814,.274,20.28,2594.0,122.0,225.0,2025
543056,Danny Coulombe,111,Boston Red Sox,,P,2026,,,,,,,,,,,,,,,,,,,,,,,,,,,,,,,,,,,,,,,,,,,,,,,,,2025
670032,Nicky Lopez,140,Texas Rangers,,2B,2026,113.0,105.0,34.0,2.0,0.0,1.0,3.0,0.0,16.0,2.0,0.0,3.0,39.0,11.0,2.0,.324,.355,.371,.726,.375,105.00,390.0,39.0,19.0,28.0,24.0,1.0,0.0,0.0,0.0,4.0,0.0,4.0,0.0,0.0,0.0,1.0,1.0,1.0,.042,.179,.042,.221,.050,-.--,106.0,13.0,6.0,2025
657746,Joe Ryan,142,Minnesota Twins,,P,2026,,,,,,,,,,,,,,,,,,,,,,,,,,,,,,,,,,,,,,,,,,,,,,,,,2025
643410,Mark Leiter Jr.,133,Athletics,,P,2026,,,,,,,,,,,,,,,,,,,,,,,,,,,,,,,,,,,,,,,,,,,,,,,,,2025
670036,Matt Festa,114,Cleveland Guardians,,P,2026,,,,,,,,,,,,,,,,,,,,,,,,,0.0,0.0,0.0,0.0,0.0,0.0,0.0,0.0,0.0,0.0,0.0,0.0,0.0,0.0,0.0,.000,.000,.000,.000,.---,-.--,0.0,0.0,0.0,2025
670042,Luke Raley,136,Seattle Mariners,,RF,2026,245.0,222.0,51.0,9.0,1.0,14.0,13.0,1.0,79.0,7.0,1.0,2.0,104.0,36.0,0.0,.230,.292,.468,.760,.285,15.86,954.0,41.0,54.0,219.0,183.0,37.0,8.0,0.0,4.0,19.0,0.0,64.0,13.0,1.0,3.0,57.0,19.0,2.0,.202,.319,.311,.630,.284,45.75,831.0,53.0,33.0,2025
665953,Andrés Chaparro,120,Washington Nationals,,1B,2026,62.0,51.0,8.0,3.0,0.0,1.0,10.0,0.0,18.0,1.0,0.0,0.0,14.0,7.0,2.0,.157,.306,.275,.581,.219,51.00,253.0,13.0,12.0,73.0,66.0,12.0,2.0,0.0,1.0,5.0,0.0,22.0,1.0,1.0,0.0,17.0,5.0,0.0,.182,.247,.258,.505,.250,66.00,282.0,15.0,18.0,2025
545121,Ildemaro Vargas,109,Arizona Diamondbacks,,1B,2026,285.0,265.0,68.0,12.0,2.0,7.0,15.0,2.0,26.0,2.0,1.0,1.0,105.0,46.0,3.0,.257,.300,.396,.696,.262,37.86,986.0,88.0,85.0,121.0,115.0,31.0,2.0,1.0,3.0,2.0,0.0,15.0,2.0,1.0,1.0,44.0,19.0,3.0,.270,.292,.383,.675,.286,38.33,429.0,46.0,25.0,2025
657757,Gavin Sheets,135,San Diego Padres,,1B,2026,301.0,266.0,62.0,15.0,0.0,14.0,32.0,0.0,66.0,3.0,0.0,0.0,119.0,39.0,10.0,.233,.322,.447,.769,.258,19.00,1275.0,72.0,66.0,545.0,492.0,124.0,28.0,1.0,19.0,44.0,1.0,107.0,5.0,4.0,0.0,211.0,71.0,9.0,.252,.317,.429,.746,.284,25.90,2279.0,111.0,154.0,2025
678246,Miguel Vargas,145,Chicago White Sox,,3B,2026,388.0,323.0,79.0,17.0,1.0,20.0,56.0,2.0,65.0,5.0,3.0,0.0,158.0,56.0,4.0,.245,.362,.489,.851,.245,16.15,1551.0,64.0,118.0,569.0,504.0,118.0,32.0,2.0,16.0,56.0,0.0,100.0,6.0,3.0,0.0,202.0,60.0,9.0,.234,.316,.401,.717,.261,31.50,2323.0,91.0,198.0,2025
665966,Carlos Narváez,111,Boston Red Sox,,C,2026,166.0,148.0,28.0,6.0,0.0,2.0,11.0,0.0,54.0,3.0,2.0,2.0,40.0,5.0,6.0,.189,.256,.270,.526,.277,74.00,687.0,31.0,39.0,446.0,403.0,97.0,27.0,0.0,15.0,38.0,0.0,111.0,1.0,2.0,2.0,169.0,50.0,12.0,.241,.306,.419,.725,.294,26.87,1829.0,98.0,101.0,2025
670059,Colin Holderman,114,Cleveland Guardians,,P,2026,,,,,,,,,,,,,,,,,,,,,,,,,,,,,,,,,,,,,,,,,,,,,,,,,2025
547179,Michael Lorenzen,115,Colorado Rockies,,P,2026,,,,,,,,,,,,,,,,,,,,,,,,,,,,,,,,,,,,,,,,,,,,,,,,,2025
801139,Payton Tolle,111,Boston Red Sox,,P,2026,,,,,,,,,,,,,,,,,,,,,,,,,,,,,,,,,,,,,,,,,,,,,,,,,2025
686452,Drew Millas,120,Washington Nationals,,C,2026,149.0,128.0,24.0,4.0,0.0,2.0,13.0,0.0,36.0,3.0,1.0,2.0,34.0,11.0,0.0,.188,.276,.266,.542,.242,64.00,566.0,37.0,34.0,55.0,49.0,15.0,5.0,1.0,0.0,4.0,0.0,7.0,0.0,0.0,1.0,22.0,7.0,0.0,.306,.358,.449,.807,.357,-.--,209.0,16.0,12.0,2025
643446,Jeff McNeil,133,Athletics,,2B,2026,285.0,256.0,58.0,11.0,0.0,3.0,21.0,1.0,35.0,4.0,3.0,1.0,78.0,26.0,8.0,.227,.292,.305,.597,.249,85.33,1040.0,75.0,92.0,462.0,399.0,97.0,21.0,5.0,12.0,49.0,4.0,55.0,8.0,4.0,2.0,164.0,54.0,5.0,.243,.335,.411,.746,.253,33.25,1718.0,109.0,144.0,2025
663947,Tyler Holton,116,Detroit Tigers,,P,2026,,,,,,,,,,,,,,,,,,,,,,,,,,,,,,,,,,,,,,,,,,,,,,,,,2025
686475,Tyler Tolbert,118,Kansas City Royals,,2B,2026,54.0,48.0,19.0,1.0,0.0,2.0,4.0,0.0,10.0,0.0,1.0,1.0,26.0,5.0,2.0,.396,.434,.542,.976,.459,24.00,184.0,12.0,9.0,57.0,50.0,14.0,2.0,0.0,1.0,1.0,0.0,11.0,3.0,2.0,1.0,19.0,6.0,1.0,.280,.321,.380,.701,.325,50.00,189.0,10.0,18.0,2025
543135,Nathan Eovaldi,140,Texas Rangers,,P,2026,,,,,,,,,,,,,,,,,,,,,,,,,,,,,,,,,,,,,,,,,,,,,,,,,2025
676254,Ryan Walker,137,San Francisco Giants,,P,2026,,,,,,,,,,,,,,,,,,,,,,,,,0.0,0.0,0.0,0.0,0.0,0.0,0.0,0.0,0.0,0.0,0.0,0.0,0.0,0.0,0.0,.000,.000,.000,.000,.---,-.--,0.0,0.0,0.0,2025
663968,Jake Mangum,134,Pittsburgh Pirates,,CF,2026,235.0,213.0,65.0,9.0,0.0,1.0,13.0,1.0,41.0,5.0,1.0,3.0,77.0,15.0,4.0,.305,.358,.362,.720,.372,213.00,869.0,74.0,37.0,428.0,405.0,120.0,18.0,1.0,3.0,19.0,0.0,64.0,2.0,1.0,1.0,149.0,40.0,4.0,.296,.330,.368,.698,.345,135.00,1442.0,138.0,85.0,2025
663969,Tyler Phillips,146,Miami Marlins,,P,2026,,,,,,,,,,,,,,,,,,,,,,,,,,,,,,,,,,,,,,,,,,,,,,,,,2025
805299,Brandyn Garcia,109,Arizona Diamondbacks,,P,2026,,,,,,,,,,,,,,,,,,,,,,,,,0.0,0.0,0.0,0.0,0.0,0.0,0.0,0.0,0.0,0.0,0.0,0.0,0.0,0.0,0.0,.000,.000,.000,.000,.---,-.--,0.0,0.0,0.0,2025
666018,Jonathan Aranda,139,Tampa Bay Rays,,1B,2026,384.0,321.0,90.0,13.0,0.0,13.0,50.0,3.0,86.0,7.0,6.0,0.0,142.0,58.0,9.0,.280,.383,.442,.825,.338,24.69,1509.0,69.0,82.0,422.0,370.0,117.0,22.0,0.0,14.0,41.0,3.0,107.0,8.0,3.0,0.0,181.0,59.0,9.0,.316,.393,.489,.882,.409,26.43,1717.0,64.0,85.0,2025
676263,Jack Dreyer,119,Los Angeles Dodgers,,P,2026,0.0,0.0,0.0,0.0,0.0,0.0,0.0,0.0,0.0,0.0,0.0,0.0,0.0,0.0,0.0,.000,.000,.000,.000,.---,-.--,0.0,0.0,0.0,,,,,,,,,,,,,,,,,,,,,,,,,2025
805300,Jakob Marsee,146,Miami Marlins,,CF,2026,372.0,311.0,61.0,11.0,3.0,5.0,47.0,0.0,84.0,9.0,1.0,4.0,93.0,24.0,2.0,.196,.318,.299,.617,.251,62.20,1478.0,70.0,101.0,234.0,209.0,61.0,18.0,3.0,5.0,22.0,0.0,48.0,2.0,1.0,0.0,100.0,33.0,2.0,.292,.363,.478,.841,.357,41.80,881.0,52.0,49.0,2025
676282,Joey Cantillo,114,Cleveland Guardians,,P,2026,,,,,,,,,,,,,,,,,,,,,,,,,,,,,,,,,,,,,,,,,,,,,,,,,2025
518585,Fernando Cruz,147,New York Yankees,,P,2026,0.0,0.0,0.0,0.0,0.0,0.0,0.0,0.0,0.0,0.0,0.0,0.0,0.0,0.0,0.0,.000,.000,.000,.000,.---,-.--,0.0,0.0,0.0,,,,,,,,,,,,,,,,,,,,,,,,,2025
643511,Tyler Rogers,141,Toronto Blue Jays,,P,2026,,,,,,,,,,,,,,,,,,,,,,,,,0.0,0.0,0.0,0.0,0.0,0.0,0.0,0.0,0.0,0.0,0.0,0.0,0.0,0.0,0.0,.000,.000,.000,.000,.---,-.--,0.0,0.0,0.0,2025
575929,Willson Contreras,111,Boston Red Sox,,1B,2026,362.0,310.0,89.0,16.0,2.0,20.0,35.0,1.0,90.0,14.0,3.0,0.0,169.0,61.0,7.0,.287,.381,.545,.926,.340,15.50,1415.0,63.0,71.0,563.0,490.0,126.0,31.0,1.0,20.0,44.0,1.0,142.0,23.0,4.0,1.0,219.0,80.0,15.0,.257,.344,.447,.791,.319,24.50,2160.0,112.0,115.0,2025
592332,Kevin Gausman,141,Toronto Blue Jays,,P,2026,,,,,,,,,,,,,,,,,,,,,,,,,,,,,,,,,,,,,,,,,,,,,,,,,2025
694728,Brice Matthews,117,Houston Astros,,CF,2026,219.0,201.0,40.0,5.0,1.0,7.0,15.0,0.0,70.0,0.0,1.0,2.0,68.0,21.0,3.0,.199,.253,.338,.591,.264,28.71,902.0,47.0,47.0,47.0,42.0,7.0,0.0,0.0,4.0,2.0,0.0,20.0,1.0,0.0,2.0,19.0,9.0,0.0,.167,.222,.452,.674,.167,10.50,179.0,7.0,10.0,2025
686527,Dominic Canzone,136,Seattle Mariners,,DH,2026,237.0,210.0,56.0,13.0,1.0,14.0,22.0,0.0,50.0,3.0,2.0,0.0,113.0,37.0,2.0,.267,.342,.538,.880,.284,15.00,892.0,53.0,53.0,269.0,243.0,73.0,11.0,0.0,11.0,20.0,0.0,59.0,3.0,2.0,0.0,117.0,32.0,6.0,.300,.358,.481,.839,.354,22.09,1028.0,55.0,59.0,2025
670156,Miles Mastrobuoni,136,Seattle Mariners,,3B,2026,27.0,23.0,5.0,0.0,0.0,0.0,2.0,0.0,10.0,0.0,1.0,1.0,5.0,1.0,0.0,.217,.269,.217,.486,.357,-.--,101.0,5.0,5.0,175.0,152.0,38.0,4.0,0.0,1.0,17.0,0.0,29.0,0.0,1.0,5.0,45.0,12.0,2.0,.250,.324,.296,.620,.301,152.00,669.0,55.0,36.0,2025
608718,Brent Suter,108,Los Angeles Angels,,P,2026,,,,,,,,,,,,,,,,,,,,,,,,,,,,,,,,,,,,,,,,,,,,,,,,,2025
455119,Chris Martin,140,Texas Rangers,,P,2026,,,,,,,,,,,,,,,,,,,,,,,,,,,,,,,,,,,,,,,,,,,,,,,,,2025
641487,J.P. Crawford,136,Seattle Mariners,,SS,2026,313.0,264.0,56.0,7.0,0.0,10.0,43.0,0.0,66.0,5.0,1.0,0.0,93.0,25.0,4.0,.212,.332,.352,.684,.243,26.40,1328.0,74.0,69.0,654.0,570.0,151.0,24.0,0.0,12.0,74.0,1.0,122.0,3.0,1.0,6.0,211.0,58.0,11.0,.265,.352,.370,.722,.318,47.50,2731.0,155.0,149.0,2025
694738,Landen Roupp,137,San Francisco Giants,,P,2026,,,,,,,,,,,,,,,,,,,,,,,,,,,,,,,,,,,,,,,,,,,,,,,,,2025
664023,Ian Happ,112,Chicago Cubs,,LF,2026,377.0,324.0,70.0,16.0,2.0,17.0,47.0,3.0,119.0,5.0,1.0,0.0,141.0,41.0,7.0,.216,.324,.435,.759,.280,19.06,1559.0,60.0,76.0,663.0,569.0,138.0,32.0,0.0,23.0,87.0,2.0,151.0,2.0,5.0,0.0,239.0,79.0,8.0,.243,.342,.420,.762,.288,24.74,2717.0,120.0,165.0,2025
621016,Jose Cuas,118,Kansas City Royals,,P,2026,,,,,,,,,,,,,,,,,,,,,,,,,,,,,,,,,,,,,,,,,,,,,,,,,2025
670167,John Schreiber,118,Kansas City Royals,,P,2026,,,,,,,,,,,,,,,,,,,,,,,,,0.0,0.0,0.0,0.0,0.0,0.0,0.0,0.0,0.0,0.0,0.0,0.0,0.0,0.0,0.0,.000,.000,.000,.000,.---,-.--,0.0,0.0,0.0,2025
686555,Isaac Collins,118,Kansas City Royals,,LF,2026,298.0,251.0,60.0,16.0,0.0,4.0,37.0,0.0,68.0,6.0,2.0,2.0,88.0,26.0,4.0,.239,.348,.351,.699,.309,62.75,1149.0,52.0,75.0,441.0,372.0,98.0,22.0,3.0,9.0,57.0,0.0,93.0,6.0,3.0,3.0,153.0,54.0,8.0,.263,.368,.411,.779,.326,41.33,1792.0,91.0,96.0,2025
621020,Dansby Swanson,112,Chicago Cubs,,SS,2026,337.0,294.0,62.0,10.0,2.0,16.0,37.0,0.0,78.0,1.0,4.0,1.0,124.0,58.0,3.0,.211,.298,.422,.720,.225,18.38,1330.0,73.0,86.0,645.0,590.0,144.0,24.0,3.0,24.0,47.0,1.0,168.0,2.0,5.0,1.0,246.0,77.0,9.0,.244,.300,.417,.717,.298,24.58,2521.0,137.0,147.0,2025
686560,Gavin Collyer,140,Texas Rangers,,P,2026,,,,,,,,,,,,,,,,,,,,,,,,,,,,,,,,,,,,,,,,,,,,,,,,,2025
664034,Ty France,135,San Diego Padres,,1B,2026,216.0,197.0,50.0,8.0,2.0,10.0,11.0,1.0,54.0,6.0,1.0,0.0,92.0,30.0,5.0,.254,.312,.467,.779,.299,19.70,856.0,49.0,45.0,490.0,444.0,114.0,25.0,0.0,7.0,22.0,1.0,83.0,21.0,3.0,0.0,160.0,52.0,11.0,.257,.320,.360,.680,.300,63.43,1873.0,137.0,113.0,2025
805347,Jim Jarvis,144,Atlanta Braves,,SS,2026,20.0,19.0,4.0,0.0,0.0,0.0,1.0,0.0,5.0,0.0,0.0,0.0,4.0,1.0,0.0,.211,.250,.211,.461,.286,-.--,86.0,7.0,3.0,,,,,,,,,,,,,,,,,,,,,,,,,2025
664040,Brandon Lowe,134,Pittsburgh Pirates,,2B,2026,381.0,336.0,83.0,20.0,1.0,21.0,37.0,0.0,99.0,2.0,6.0,0.0,168.0,64.0,3.0,.247,.320,.500,.820,.279,16.00,1534.0,69.0,91.0,553.0,507.0,130.0,19.0,0.0,31.0,38.0,1.0,149.0,2.0,6.0,0.0,242.0,83.0,6.0,.256,.307,.477,.784,.297,16.36,2146.0,107.0,127.0,2025
686580,Justin Slaten,111,Boston Red Sox,,P,2026,,,,,,,,,,,,,,,,,,,,,,,,,,,,,,,,,,,,,,,,,,,,,,,,,2025
678391,Jorbit Vivas,120,Washington Nationals,,3B,2026,195.0,170.0,42.0,7.0,0.0,3.0,16.0,0.0,25.0,4.0,2.0,2.0,58.0,16.0,3.0,.247,.323,.341,.664,.271,56.67,672.0,57.0,50.0,66.0,56.0,9.0,2.0,0.0,1.0,5.0,0.0,13.0,3.0,0.0,0.0,14.0,5.0,0.0,.161,.266,.250,.516,.190,56.00,246.0,17.0,17.0,2025
805367,Chase Meidroth,145,Chicago White Sox,,2B,2026,372.0,328.0,87.0,15.0,0.0,7.0,35.0,0.0,88.0,2.0,2.0,4.0,123.0,29.0,4.0,.265,.338,.375,.713,.340,46.86,1562.0,95.0,64.0,505.0,450.0,114.0,15.0,0.0,5.0,45.0,0.0,72.0,6.0,1.0,3.0,144.0,23.0,14.0,.253,.329,.320,.649,.291,90.00,2057.0,149.0,119.0,2025
621053,Tyler Ferguson,112,Chicago Cubs,,P,2026,,,,,,,,,,,,,,,,,,,,,,,,,0.0,0.0,0.0,0.0,0.0,0.0,0.0,0.0,0.0,0.0,0.0,0.0,0.0,0.0,0.0,.000,.000,.000,.000,.---,-.--,0.0,0.0,0.0,2025
688642,Zach Agnos,115,Colorado Rockies,,P,2026,,,,,,,,,,,,,,,,,,,,,,,,,0.0,0.0,0.0,0.0,0.0,0.0,0.0,0.0,0.0,0.0,0.0,0.0,0.0,0.0,0.0,.000,.000,.000,.000,.---,-.--,0.0,0.0,0.0,2025
676356,Jonny DeLuca,139,Tampa Bay Rays,,RF,2026,166.0,155.0,42.0,13.0,0.0,5.0,9.0,0.0,32.0,0.0,0.0,2.0,70.0,25.0,6.0,.271,.311,.452,.763,.314,31.00,616.0,37.0,46.0,59.0,57.0,19.0,1.0,3.0,0.0,2.0,0.0,13.0,0.0,0.0,0.0,26.0,4.0,0.0,.333,.356,.456,.812,.432,-.--,224.0,10.0,15.0,2025
700932,Kyle Manzardo,114,Cleveland Guardians,,1B,2026,289.0,252.0,56.0,7.0,1.0,10.0,31.0,0.0,92.0,4.0,2.0,0.0,95.0,29.0,4.0,.222,.315,.377,.692,.303,25.20,1189.0,44.0,62.0,531.0,470.0,110.0,19.0,2.0,27.0,48.0,2.0,135.0,8.0,5.0,0.0,214.0,70.0,7.0,.234,.313,.455,.768,.265,17.41,2018.0,82.0,148.0,2025
571912,Luke Maile,118,Kansas City Royals,,C,2026,5.0,4.0,1.0,0.0,0.0,1.0,1.0,0.0,0.0,0.0,0.0,0.0,4.0,3.0,0.0,.250,.400,1.000,1.400,.000,4.00,15.0,1.0,2.0,54.0,45.0,11.0,2.0,0.0,1.0,7.0,0.0,16.0,0.0,0.0,2.0,16.0,6.0,1.0,.244,.346,.356,.702,.357,45.00,214.0,11.0,9.0,2025
664076,Garrett Cleavinger,139,Tampa Bay Rays,,P,2026,,,,,,,,,,,,,,,,,,,,,,,,,,,,,,,,,,,,,,,,,,,,,,,,,2025
543243,Sonny Gray,111,Boston Red Sox,,P,2026,,,,,,,,,,,,,,,,,,,,,,,,,,,,,,,,,,,,,,,,,,,,,,,,,2025
670224,Kameron Misner,118,Kansas City Royals,,CF,2026,44.0,41.0,9.0,1.0,0.0,0.0,2.0,0.0,17.0,0.0,0.0,1.0,10.0,4.0,0.0,.220,.256,.244,.500,.375,-.--,184.0,5.0,11.0,217.0,197.0,42.0,9.0,1.0,5.0,16.0,0.0,69.0,1.0,2.0,1.0,68.0,22.0,1.0,.213,.273,.345,.618,.296,39.40,916.0,41.0,48.0,2025
666126,Carlos Cortes,133,Athletics,,RF,2026,221.0,196.0,55.0,11.0,1.0,6.0,21.0,0.0,27.0,3.0,1.0,0.0,86.0,23.0,8.0,.281,.357,.439,.796,.299,32.67,907.0,62.0,53.0,99.0,94.0,29.0,8.0,1.0,4.0,3.0,0.0,20.0,0.0,2.0,0.0,51.0,14.0,3.0,.309,.323,.543,.866,.347,23.50,375.0,24.0,23.0,2025
621074,Michael Rucker,136,Seattle Mariners,,P,2026,,,,,,,,,,,,,,,,,,,,,,,,,,,,,,,,,,,,,,,,,,,,,,,,,2025
676369,Nelson Velázquez,138,St. Louis Cardinals,,LF,2026,60.0,52.0,14.0,3.0,0.0,4.0,6.0,0.0,12.0,1.0,1.0,0.0,29.0,12.0,0.0,.269,.350,.558,.908,.270,13.00,227.0,11.0,16.0,,,,,,,,,,,,,,,,,,,,,,,,,2025
686613,Hunter Brown,117,Houston Astros,,P,2026,,,,,,,,,,,,,,,,,,,,,,,,,,,,,,,,,,,,,,,,,,,,,,,,,2025
686611,Dylan Crews,120,Washington Nationals,,RF,2026,172.0,160.0,36.0,5.0,0.0,6.0,8.0,0.0,37.0,4.0,0.0,0.0,59.0,18.0,2.0,.225,.279,.369,.648,.256,26.67,609.0,37.0,50.0,322.0,293.0,61.0,8.0,2.0,10.0,24.0,0.0,76.0,5.0,0.0,0.0,103.0,27.0,4.0,.208,.280,.352,.632,.246,29.30,1150.0,80.0,76.0,2025
672275,Patrick Bailey,114,Cleveland Guardians,,C,2026,182.0,168.0,30.0,4.0,1.0,2.0,12.0,0.0,48.0,0.0,1.0,1.0,42.0,12.0,5.0,.179,.232,.250,.482,.235,84.00,762.0,49.0,43.0,452.0,409.0,91.0,18.0,3.0,6.0,30.0,0.0,133.0,3.0,6.0,4.0,133.0,55.0,7.0,.222,.277,.325,.602,.308,68.17,1724.0,82.0,113.0,2025
680474,Max Schuemann,147,New York Yankees,,SS,2026,57.0,44.0,10.0,4.0,0.0,2.0,11.0,0.0,15.0,2.0,0.0,0.0,20.0,6.0,0.0,.227,.404,.455,.859,.296,22.00,252.0,6.0,13.0,213.0,183.0,36.0,4.0,2.0,2.0,22.0,0.0,35.0,4.0,1.0,3.0,50.0,13.0,6.0,.197,.295,.273,.568,.231,91.50,838.0,56.0,60.0,2025
666139,Josh Lowe,108,Los Angeles Angels,,LF,2026,170.0,160.0,34.0,4.0,0.0,7.0,7.0,0.0,48.0,1.0,1.0,1.0,59.0,20.0,0.0,.213,.249,.369,.618,.255,22.86,697.0,32.0,48.0,435.0,396.0,87.0,21.0,2.0,11.0,33.0,1.0,109.0,3.0,2.0,1.0,145.0,40.0,7.0,.220,.283,.366,.649,.273,36.00,1842.0,105.0,98.0,2025
672282,Reid Detmers,108,Los Angeles Angels,,P,2026,,,,,,,,,,,,,,,,,,,,,,,,,,,,,,,,,,,,,,,,,,,,,,,,,2025
694819,Jacob Misiorowski,158,Milwaukee Brewers,,P,2026,,,,,,,,,,,,,,,,,,,,,,,,,,,,,,,,,,,,,,,,,,,,,,,,,2025
518692,Freddie Freeman,119,Los Angeles Dodgers,,1B,2026,394.0,341.0,100.0,22.0,1.0,15.0,47.0,1.0,63.0,3.0,3.0,0.0,169.0,49.0,12.0,.293,.381,.496,.877,.320,22.73,1629.0,89.0,92.0,627.0,556.0,164.0,39.0,2.0,24.0,60.0,7.0,128.0,6.0,5.0,0.0,279.0,90.0,13.0,.295,.367,.502,.869,.342,23.17,2382.0,128.0,141.0,2025
670245,Ryan Watson,111,Boston Red Sox,,P,2026,,,,,,,,,,,,,,,,,,,,,,,,,,,,,,,,,,,,,,,,,,,,,,,,,2025
571945,Miles Mikolas,120,Washington Nationals,,P,2026,,,,,,,,,,,,,,,,,,,,,,,,,,,,,,,,,,,,,,,,,,,,,,,,,2025
621097,Jacob Waguespack,116,Detroit Tigers,,P,2026,0.0,0.0,0.0,0.0,0.0,0.0,0.0,0.0,0.0,0.0,0.0,0.0,0.0,0.0,0.0,.000,.000,.000,.000,.---,-.--,0.0,0.0,0.0,,,,,,,,,,,,,,,,,,,,,,,,,2025
676391,Ernie Clement,141,Toronto Blue Jays,,2B,2026,354.0,339.0,101.0,23.0,1.0,7.0,12.0,0.0,34.0,0.0,3.0,0.0,147.0,30.0,5.0,.298,.319,.434,.753,.312,48.43,1076.0,85.0,122.0,588.0,545.0,151.0,35.0,2.0,9.0,27.0,1.0,61.0,4.0,5.0,7.0,217.0,50.0,13.0,.277,.313,.398,.711,.296,60.56,1871.0,129.0,216.0,2025
623149,Paul Sewald,109,Arizona Diamondbacks,,P,2026,,,,,,,,,,,,,,,,,,,,,,,,,,,,,,,,,,,,,,,,,,,,,,,,,2025
805427,Drew Sommers,116,Detroit Tigers,,P,2026,,,,,,,,,,,,,,,,,,,,,,,,,,,,,,,,,,,,,,,,,,,,,,,,,2025
621111,Walker Buehler,135,San Diego Padres,,P,2026,,,,,,,,,,,,,,,,,,,,,,,,,,,,,,,,,,,,,,,,,,,,,,,,,2025
666160,Mickey Moniak,115,Colorado Rockies,,LF,2026,212.0,195.0,55.0,11.0,3.0,15.0,13.0,0.0,53.0,3.0,1.0,0.0,117.0,37.0,3.0,.282,.335,.600,.935,.313,13.00,736.0,31.0,57.0,461.0,434.0,117.0,20.0,8.0,24.0,22.0,1.0,110.0,2.0,3.0,0.0,225.0,68.0,4.0,.270,.306,.518,.824,.307,18.08,1598.0,81.0,129.0,2025
621112,Paul Blackburn,147,New York Yankees,,P,2026,0.0,0.0,0.0,0.0,0.0,0.0,0.0,0.0,0.0,0.0,0.0,0.0,0.0,0.0,0.0,.000,.000,.000,.000,.---,-.--,0.0,0.0,0.0,,,,,,,,,,,,,,,,,,,,,,,,,2025
666171,Ryan Zeferjahn,108,Los Angeles Angels,,P,2026,,,,,,,,,,,,,,,,,,,,,,,,,,,,,,,,,,,,,,,,,,,,,,,,,2025
641598,Mitch Garver,136,Seattle Mariners,,C,2026,124.0,104.0,20.0,2.0,0.0,4.0,19.0,0.0,39.0,1.0,0.0,0.0,34.0,14.0,0.0,.192,.323,.327,.650,.262,26.00,530.0,17.0,28.0,290.0,254.0,53.0,5.0,1.0,9.0,30.0,1.0,80.0,3.0,3.0,0.0,87.0,30.0,6.0,.209,.297,.343,.640,.262,28.22,1166.0,47.0,77.0,2025
545341,Randal Grichuk,145,Chicago White Sox,,DH,2026,134.0,127.0,33.0,9.0,0.0,9.0,5.0,0.0,31.0,1.0,1.0,0.0,69.0,23.0,2.0,.260,.291,.543,.834,.273,14.11,495.0,28.0,36.0,293.0,272.0,62.0,18.0,1.0,9.0,17.0,1.0,61.0,1.0,3.0,0.0,109.0,27.0,6.0,.228,.273,.401,.674,.259,30.22,1077.0,68.0,84.0,2025
664126,Pete Fairbanks,146,Miami Marlins,,P,2026,0.0,0.0,0.0,0.0,0.0,0.0,0.0,0.0,0.0,0.0,0.0,0.0,0.0,0.0,0.0,.000,.000,.000,.000,.---,-.--,0.0,0.0,0.0,,,,,,,,,,,,,,,,,,,,,,,,,2025
666176,Jo Adell,108,Los Angeles Angels,,RF,2026,380.0,355.0,88.0,15.0,1.0,11.0,11.0,0.0,84.0,12.0,2.0,0.0,138.0,47.0,10.0,.248,.292,.389,.681,.294,32.27,1451.0,83.0,102.0,573.0,526.0,124.0,18.0,1.0,37.0,33.0,0.0,151.0,10.0,1.0,0.0,255.0,98.0,10.0,.236,.293,.485,.778,.257,14.22,2220.0,111.0,141.0,2025
623168,Tyler Heineman,108,Los Angeles Angels,,C,2026,103.0,93.0,15.0,2.0,0.0,1.0,3.0,0.0,22.0,3.0,0.0,4.0,20.0,6.0,4.0,.161,.212,.215,.427,.200,93.00,378.0,36.0,24.0,174.0,149.0,43.0,8.0,1.0,3.0,12.0,0.0,31.0,6.0,2.0,5.0,62.0,20.0,1.0,.289,.361,.416,.777,.342,49.67,627.0,30.0,52.0,2025
571970,Max Muncy,119,Los Angeles Dodgers,,3B,2026,325.0,284.0,75.0,13.0,1.0,17.0,38.0,2.0,75.0,3.0,0.0,0.0,141.0,40.0,4.0,.264,.357,.496,.853,.302,16.71,1271.0,61.0,73.0,388.0,313.0,76.0,10.0,2.0,19.0,64.0,2.0,83.0,6.0,5.0,0.0,147.0,67.0,4.0,.243,.376,.470,.846,.264,16.47,1650.0,61.0,98.0,2025
668227,Randy Arozarena,136,Seattle Mariners,,LF,2026,357.0,307.0,89.0,21.0,1.0,9.0,33.0,0.0,78.0,14.0,3.0,0.0,139.0,41.0,8.0,.290,.381,.453,.834,.359,34.11,1413.0,83.0,60.0,709.0,613.0,146.0,32.0,1.0,27.0,64.0,2.0,191.0,27.0,5.0,0.0,261.0,76.0,9.0,.238,.334,.426,.760,.298,22.70,2873.0,125.0,156.0,2025
664141,JT Brubaker,137,San Francisco Giants,,P,2026,,,,,,,,,,,,,,,,,,,,,,,,,,,,,,,,,,,,,,,,,,,,,,,,,2025
670280,David Bednar,147,New York Yankees,,P,2026,0.0,0.0,0.0,0.0,0.0,0.0,0.0,0.0,0.0,0.0,0.0,0.0,0.0,0.0,0.0,.000,.000,.000,.000,.---,-.--,0.0,0.0,0.0,,,,,,,,,,,,,,,,,,,,,,,,,2025
666182,Bo Bichette,121,New York Mets,,SS,2026,402.0,371.0,96.0,14.0,1.0,10.0,24.0,0.0,72.0,2.0,5.0,0.0,142.0,50.0,10.0,.259,.303,.383,.686,.293,37.10,1463.0,107.0,101.0,628.0,582.0,181.0,44.0,1.0,18.0,40.0,2.0,91.0,3.0,3.0,0.0,281.0,94.0,17.0,.311,.357,.483,.840,.342,32.33,2308.0,171.0,142.0,2025
543309,Kyle Higashioka,140,Texas Rangers,,C,2026,165.0,147.0,32.0,3.0,0.0,5.0,17.0,0.0,42.0,1.0,0.0,0.0,50.0,15.0,5.0,.218,.303,.340,.643,.270,29.40,677.0,32.0,41.0,327.0,303.0,73.0,14.0,1.0,11.0,20.0,0.0,72.0,2.0,2.0,0.0,122.0,47.0,5.0,.241,.291,.403,.694,.279,27.54,1279.0,68.0,92.0,2025
676440,Tanner Bibee,114,Cleveland Guardians,,P,2026,,,,,,,,,,,,,,,,,,,,,,,,,,,,,,,,,,,,,,,,,,,,,,,,,2025
672335,Cionel Pérez,121,New York Mets,,P,2026,,,,,,,,,,,,,,,,,,,,,,,,,0.0,0.0,0.0,0.0,0.0,0.0,0.0,0.0,0.0,0.0,0.0,0.0,0.0,0.0,0.0,.000,.000,.000,.000,.---,-.--,0.0,0.0,0.0,2025
676439,Hunter Feduccia,139,Tampa Bay Rays,,C,2026,129.0,112.0,26.0,4.0,1.0,2.0,13.0,0.0,37.0,1.0,1.0,2.0,38.0,11.0,1.0,.232,.315,.339,.654,.324,56.00,535.0,17.0,35.0,105.0,88.0,13.0,5.0,0.0,0.0,15.0,0.0,29.0,0.0,2.0,0.0,18.0,8.0,0.0,.148,.267,.205,.472,.213,-.--,477.0,21.0,27.0,2025
686681,Michael Massey,118,Kansas City Royals,,2B,2026,232.0,214.0,56.0,15.0,0.0,7.0,13.0,0.0,40.0,0.0,3.0,2.0,92.0,31.0,4.0,.262,.300,.430,.730,.288,30.57,855.0,49.0,74.0,277.0,262.0,64.0,9.0,0.0,3.0,9.0,0.0,43.0,1.0,4.0,1.0,82.0,20.0,3.0,.244,.268,.313,.581,.277,87.33,1013.0,48.0,112.0,2025
694876,Cooper Ingle,114,Cleveland Guardians,,C,2026,24.0,21.0,2.0,0.0,0.0,0.0,3.0,0.0,12.0,0.0,0.0,0.0,2.0,2.0,0.0,.095,.208,.095,.303,.222,-.--,105.0,6.0,1.0,,,,,,,,,,,,,,,,,,,,,,,,,2025
678489,Jorge Barrosa,109,Arizona Diamondbacks,,CF,2026,125.0,110.0,20.0,10.0,1.0,2.0,10.0,0.0,36.0,1.0,0.0,4.0,38.0,10.0,1.0,.182,.256,.345,.601,.250,55.00,541.0,29.0,29.0,77.0,71.0,10.0,3.0,0.0,1.0,2.0,0.0,22.0,1.0,3.0,0.0,16.0,7.0,1.0,.141,.169,.225,.394,.176,71.00,327.0,18.0,24.0,2025
666211,Taylor Trammell,117,Houston Astros,,CF,2026,118.0,107.0,26.0,5.0,1.0,3.0,9.0,0.0,40.0,1.0,0.0,1.0,42.0,11.0,0.0,.243,.308,.393,.701,.359,35.67,455.0,18.0,24.0,135.0,117.0,23.0,7.0,0.0,3.0,17.0,0.0,41.0,0.0,1.0,0.0,39.0,12.0,0.0,.197,.296,.333,.629,.270,39.00,552.0,26.0,28.0,2025
672356,Gabriel Arias,114,Cleveland Guardians,,SS,2026,83.0,78.0,17.0,2.0,0.0,4.0,5.0,1.0,34.0,0.0,0.0,0.0,31.0,9.0,0.0,.218,.265,.397,.662,.325,19.50,322.0,17.0,10.0,471.0,432.0,95.0,25.0,2.0,11.0,27.0,1.0,162.0,7.0,4.0,1.0,157.0,54.0,8.0,.220,.274,.363,.637,.319,39.27,1792.0,101.0,79.0,2025
623211,Huascar Brazobán,121,New York Mets,,P,2026,,,,,,,,,,,,,,,,,,,,,,,,,,,,,,,,,,,,,,,,,,,,,,,,,2025
682608,Peyton Gray,140,Texas Rangers,,P,2026,,,,,,,,,,,,,,,,,,,,,,,,,,,,,,,,,,,,,,,,,,,,,,,,,2025
670329,Rico Garcia,110,Baltimore Orioles,,P,2026,0.0,0.0,0.0,0.0,0.0,0.0,0.0,0.0,0.0,0.0,0.0,0.0,0.0,0.0,0.0,.000,.000,.000,.000,.---,-.--,0.0,0.0,0.0,,,,,,,,,,,,,,,,,,,,,,,,,2025
662139,Daulton Varsho,141,Toronto Blue Jays,,CF,2026,291.0,264.0,64.0,16.0,2.0,7.0,24.0,2.0,60.0,2.0,1.0,0.0,105.0,23.0,1.0,.242,.309,.398,.707,.288,37.71,1100.0,58.0,83.0,271.0,248.0,59.0,13.0,2.0,20.0,17.0,1.0,77.0,1.0,5.0,0.0,136.0,55.0,1.0,.238,.284,.548,.832,.250,12.40,986.0,41.0,76.0,2025
676477,Garrett Whitlock,111,Boston Red Sox,,P,2026,0.0,0.0,0.0,0.0,0.0,0.0,0.0,0.0,0.0,0.0,0.0,0.0,0.0,0.0,0.0,.000,.000,.000,.000,.---,-.--,0.0,0.0,0.0,0.0,0.0,0.0,0.0,0.0,0.0,0.0,0.0,0.0,0.0,0.0,0.0,0.0,0.0,0.0,.000,.000,.000,.000,.---,-.--,0.0,0.0,0.0,2025
676475,Alec Burleson,138,St. Louis Cardinals,,1B,2026,379.0,342.0,94.0,20.0,1.0,14.0,30.0,2.0,58.0,4.0,3.0,0.0,158.0,63.0,9.0,.275,.338,.462,.800,.293,24.43,1378.0,99.0,94.0,546.0,497.0,144.0,26.0,2.0,18.0,39.0,1.0,79.0,3.0,4.0,1.0,228.0,69.0,14.0,.290,.343,.459,.802,.312,27.61,1933.0,119.0,160.0,2025
672386,Alejandro Kirk,141,Toronto Blue Jays,,C,2026,85.0,77.0,14.0,2.0,0.0,2.0,7.0,0.0,12.0,0.0,1.0,0.0,22.0,7.0,1.0,.182,.247,.286,.533,.188,38.50,328.0,28.0,24.0,506.0,451.0,127.0,18.0,0.0,15.0,48.0,2.0,59.0,1.0,6.0,0.0,190.0,76.0,16.0,.282,.348,.421,.769,.292,30.07,1977.0,132.0,139.0,2025
682626,Francisco Alvarez,121,New York Mets,,C,2026,216.0,195.0,49.0,7.0,0.0,9.0,15.0,0.0,56.0,3.0,1.0,0.0,83.0,20.0,12.0,.251,.313,.426,.739,.305,21.67,877.0,49.0,42.0,277.0,246.0,63.0,12.0,1.0,11.0,27.0,0.0,73.0,4.0,0.0,0.0,110.0,32.0,6.0,.256,.339,.447,.786,.321,22.36,1123.0,61.0,49.0,2025
699013,Esmerlyn Valdez,134,Pittsburgh Pirates,,RF,2026,83.0,74.0,23.0,5.0,1.0,6.0,8.0,0.0,29.0,0.0,1.0,0.0,48.0,17.0,3.0,.311,.373,.649,1.022,.425,12.33,345.0,10.0,13.0,,,,,,,,,,,,,,,,,,,,,,,,,2025
592518,Manny Machado,135,San Diego Padres,,3B,2026,374.0,324.0,61.0,16.0,0.0,18.0,44.0,3.0,85.0,0.0,5.0,1.0,131.0,51.0,6.0,.188,.282,.404,.686,.190,18.00,1498.0,90.0,94.0,678.0,615.0,169.0,33.0,0.0,27.0,55.0,4.0,131.0,3.0,5.0,0.0,283.0,95.0,16.0,.275,.335,.460,.795,.307,22.78,2647.0,144.0,176.0,2025
664199,Taylor Clarke,109,Arizona Diamondbacks,,P,2026,,,,,,,,,,,,,,,,,,,,,,,,,0.0,0.0,0.0,0.0,0.0,0.0,0.0,0.0,0.0,0.0,0.0,0.0,0.0,0.0,0.0,.000,.000,.000,.000,.---,-.--,0.0,0.0,0.0,2025
682634,Kevin Alcántara,112,Chicago Cubs,,DH,2026,16.0,15.0,3.0,0.0,0.0,0.0,1.0,0.0,6.0,0.0,0.0,0.0,3.0,1.0,1.0,.200,.250,.200,.450,.333,-.--,69.0,3.0,3.0,12.0,11.0,4.0,0.0,0.0,0.0,1.0,0.0,4.0,0.0,0.0,0.0,4.0,1.0,0.0,.364,.417,.364,.781,.571,-.--,46.0,2.0,1.0,2025
674444,Steven Cruz,118,Kansas City Royals,,P,2026,,,,,,,,,,,,,,,,,,,,,,,,,0.0,0.0,0.0,0.0,0.0,0.0,0.0,0.0,0.0,0.0,0.0,0.0,0.0,0.0,0.0,.000,.000,.000,.000,.---,-.--,0.0,0.0,0.0,2025
641680,Jonah Heim,133,Athletics,,C,2026,164.0,148.0,36.0,9.0,0.0,9.0,13.0,0.0,29.0,1.0,2.0,0.0,72.0,29.0,3.0,.243,.305,.486,.791,.241,16.44,588.0,44.0,41.0,433.0,395.0,84.0,14.0,0.0,11.0,32.0,0.0,88.0,1.0,4.0,1.0,131.0,43.0,10.0,.213,.271,.332,.603,.243,35.91,1704.0,106.0,122.0,2025
678554,Curtis Mead,120,Washington Nationals,,3B,2026,281.0,247.0,60.0,13.0,1.0,15.0,30.0,0.0,53.0,4.0,0.0,0.0,120.0,42.0,6.0,.243,.335,.486,.821,.251,16.47,1197.0,57.0,77.0,264.0,240.0,56.0,10.0,1.0,3.0,15.0,0.0,63.0,8.0,1.0,0.0,77.0,19.0,9.0,.233,.299,.321,.620,.303,80.00,1019.0,47.0,75.0,2025
686753,Drey Jameson,109,Arizona Diamondbacks,,P,2026,,,,,,,,,,,,,,,,,,,,,,,,,0.0,0.0,0.0,0.0,0.0,0.0,0.0,0.0,0.0,0.0,0.0,0.0,0.0,0.0,0.0,.000,.000,.000,.000,.---,-.--,0.0,0.0,0.0,2025
666277,George Soriano,138,St. Louis Cardinals,,P,2026,0.0,0.0,0.0,0.0,0.0,0.0,0.0,0.0,0.0,0.0,0.0,0.0,0.0,0.0,0.0,.000,.000,.000,.000,.---,-.--,0.0,0.0,0.0,,,,,,,,,,,,,,,,,,,,,,,,,2025
516782,Starling Marte,118,Kansas City Royals,,RF,2026,121.0,108.0,29.0,4.0,0.0,1.0,8.0,0.0,33.0,3.0,2.0,0.0,36.0,9.0,2.0,.269,.331,.333,.664,.368,108.00,455.0,24.0,24.0,329.0,293.0,79.0,14.0,0.0,9.0,22.0,0.0,68.0,9.0,4.0,1.0,120.0,34.0,7.0,.270,.335,.410,.745,.318,32.56,1255.0,83.0,68.0,2025
682668,Luisangel Acuña,145,Chicago White Sox,,CF,2026,154.0,142.0,31.0,2.0,0.0,1.0,7.0,0.0,28.0,1.0,2.0,2.0,36.0,10.0,4.0,.218,.257,.254,.511,.261,142.00,529.0,53.0,34.0,193.0,175.0,41.0,7.0,0.0,0.0,13.0,0.0,37.0,2.0,1.0,2.0,48.0,8.0,6.0,.234,.293,.274,.567,.295,-.--,687.0,58.0,42.0,2025
678577,Junior Perez,145,Chicago White Sox,,CF,2026,26.0,25.0,5.0,0.0,0.0,2.0,1.0,0.0,10.0,0.0,0.0,0.0,11.0,4.0,0.0,.200,.231,.440,.671,.231,12.50,105.0,2.0,8.0,,,,,,,,,,,,,,,,,,,,,,,,,2025
676534,Calvin Faucher,146,Miami Marlins,,P,2026,,,,,,,,,,,,,,,,,,,,,,,,,,,,,,,,,,,,,,,,,,,,,,,,,2025
682674,Victor Bericoto,137,San Francisco Giants,,RF,2026,56.0,55.0,17.0,3.0,0.0,4.0,1.0,0.0,13.0,0.0,0.0,0.0,32.0,9.0,2.0,.309,.321,.582,.903,.342,13.75,214.0,15.0,10.0,,,,,,,,,,,,,,,,,,,,,,,,,2025
686780,Pedro Pagés,138,St. Louis Cardinals,,C,2026,156.0,142.0,31.0,6.0,0.0,4.0,6.0,0.0,37.0,2.0,2.0,4.0,49.0,11.0,5.0,.218,.257,.345,.602,.262,35.50,633.0,39.0,41.0,389.0,361.0,83.0,15.0,0.0,11.0,19.0,1.0,107.0,3.0,3.0,3.0,131.0,45.0,9.0,.230,.272,.363,.635,.293,32.82,1486.0,87.0,90.0,2025
694973,Paul Skenes,134,Pittsburgh Pirates,,P,2026,,,,,,,,,,,,,,,,,,,,,,,,,,,,,,,,,,,,,,,,,,,,,,,,,2025
672456,Keider Montero,116,Detroit Tigers,,P,2026,,,,,,,,,,,,,,,,,,,,,,,,,,,,,,,,,,,,,,,,,,,,,,,,,2025
686797,Brooks Lee,142,Minnesota Twins,,SS,2026,353.0,325.0,81.0,13.0,2.0,14.0,24.0,0.0,58.0,2.0,1.0,1.0,140.0,49.0,4.0,.249,.304,.431,.735,.264,23.21,1319.0,80.0,108.0,527.0,487.0,115.0,15.0,1.0,16.0,31.0,0.0,92.0,4.0,5.0,0.0,180.0,64.0,11.0,.236,.285,.370,.655,.258,30.44,2009.0,138.0,147.0,2025
686790,Trevor McDonald,137,San Francisco Giants,,P,2026,,,,,,,,,,,,,,,,,,,,,,,,,,,,,,,,,,,,,,,,,,,,,,,,,2025
678606,José A. Ferrer,136,Seattle Mariners,,P,2026,,,,,,,,,,,,,,,,,,,,,,,,,0.0,0.0,0.0,0.0,0.0,0.0,0.0,0.0,0.0,0.0,0.0,0.0,0.0,0.0,0.0,.000,.000,.000,.000,.---,-.--,0.0,0.0,0.0,2025
695001,Alimber Santa,117,Houston Astros,,P,2026,,,,,,,,,,,,,,,,,,,,,,,,,,,,,,,,,,,,,,,,,,,,,,,,,2025
641743,Anthony Kay,145,Chicago White Sox,,P,2026,,,,,,,,,,,,,,,,,,,,,,,,,,,,,,,,,,,,,,,,,,,,,,,,,2025
676571,PJ Poulin,120,Washington Nationals,,P,2026,,,,,,,,,,,,,,,,,,,,,,,,,0.0,0.0,0.0,0.0,0.0,0.0,0.0,0.0,0.0,0.0,0.0,0.0,0.0,0.0,0.0,.000,.000,.000,.000,.---,-.--,0.0,0.0,0.0,2025
676572,Eric Wagaman,121,New York Mets,,1B,2026,32.0,28.0,6.0,0.0,0.0,2.0,3.0,0.0,7.0,1.0,0.0,0.0,12.0,4.0,1.0,.214,.313,.429,.742,.211,14.00,132.0,9.0,6.0,514.0,476.0,119.0,28.0,3.0,9.0,32.0,0.0,100.0,1.0,5.0,0.0,180.0,53.0,11.0,.250,.296,.378,.674,.296,52.89,1955.0,132.0,130.0,2025
518876,Merrill Kelly,109,Arizona Diamondbacks,,P,2026,,,,,,,,,,,,,,,,,,,,,,,,,,,,,,,,,,,,,,,,,,,,,,,,,2025
518886,Craig Kimbrel,139,Tampa Bay Rays,,P,2026,,,,,,,,,,,,,,,,,,,,,,,,,,,,,,,,,,,,,,,,,,,,,,,,,2025
664285,Framber Valdez,116,Detroit Tigers,,P,2026,,,,,,,,,,,,,,,,,,,,,,,,,,,,,,,,,,,,,,,,,,,,,,,,,2025
668390,Cole Winn,140,Texas Rangers,,P,2026,,,,,,,,,,,,,,,,,,,,,,,,,,,,,,,,,,,,,,,,,,,,,,,,,2025
664299,Cristian Javier,117,Houston Astros,,P,2026,,,,,,,,,,,,,,,,,,,,,,,,,,,,,,,,,,,,,,,,,,,,,,,,,2025
701162,Ben Malgeri,116,Detroit Tigers,,CF,2026,21.0,16.0,5.0,1.0,0.0,0.0,4.0,0.0,4.0,0.0,1.0,0.0,6.0,4.0,0.0,.313,.429,.375,.804,.385,-.--,81.0,4.0,4.0,,,,,,,,,,,,,,,,,,,,,,,,,2025
682729,Jonatan Clase,141,Toronto Blue Jays,,LF,2026,5.0,5.0,2.0,0.0,0.0,1.0,0.0,0.0,2.0,0.0,0.0,0.0,5.0,3.0,0.0,.400,.400,1.000,1.400,.500,5.00,21.0,1.0,0.0,112.0,100.0,21.0,3.0,0.0,2.0,10.0,0.0,28.0,1.0,0.0,1.0,30.0,9.0,1.0,.210,.288,.300,.588,.271,50.00,439.0,24.0,28.0,2025
690924,Braxton Fulford,115,Colorado Rockies,,DH,2026,62.0,53.0,10.0,3.0,0.0,1.0,6.0,0.0,27.0,1.0,2.0,0.0,16.0,7.0,0.0,.189,.274,.302,.576,.333,53.00,254.0,4.0,14.0,120.0,108.0,23.0,5.0,2.0,1.0,7.0,0.0,36.0,2.0,3.0,0.0,35.0,16.0,1.0,.213,.267,.324,.591,.297,108.00,455.0,20.0,32.0,2025
690925,Clayton Beeter,120,Washington Nationals,,P,2026,0.0,0.0,0.0,0.0,0.0,0.0,0.0,0.0,0.0,0.0,0.0,0.0,0.0,0.0,0.0,.000,.000,.000,.000,.---,-.--,0.0,0.0,0.0,,,,,,,,,,,,,,,,,,,,,,,,,2025
649966,Luis Urías,141,Toronto Blue Jays,,2B,2026,22.0,19.0,6.0,1.0,0.0,1.0,3.0,0.0,3.0,0.0,0.0,0.0,10.0,2.0,0.0,.316,.409,.526,.935,.333,19.00,89.0,6.0,4.0,330.0,287.0,66.0,7.0,0.0,8.0,31.0,0.0,45.0,6.0,3.0,0.0,97.0,25.0,9.0,.230,.315,.338,.653,.245,35.88,1302.0,81.0,98.0,2025
690928,Hunter Dobbins,138,St. Louis Cardinals,,P,2026,,,,,,,,,,,,,,,,,,,,,,,,,,,,,,,,,,,,,,,,,,,,,,,,,2025
641778,Eric Lauer,119,Los Angeles Dodgers,,P,2026,,,,,,,,,,,,,,,,,,,,,,,,,,,,,,,,,,,,,,,,,,,,,,,,,2025
592626,Joc Pederson,140,Texas Rangers,,DH,2026,280.0,240.0,57.0,7.0,2.0,14.0,33.0,1.0,63.0,3.0,3.0,0.0,110.0,31.0,8.0,.238,.333,.458,.791,.259,17.14,1138.0,59.0,64.0,306.0,265.0,48.0,10.0,1.0,9.0,34.0,0.0,65.0,5.0,1.0,0.0,87.0,26.0,5.0,.181,.285,.328,.613,.203,29.44,1237.0,68.0,85.0,2025
680694,Kyle Bradish,110,Baltimore Orioles,,P,2026,0.0,0.0,0.0,0.0,0.0,0.0,0.0,0.0,0.0,0.0,0.0,0.0,0.0,0.0,0.0,.000,.000,.000,.000,.---,-.--,0.0,0.0,0.0,,,,,,,,,,,,,,,,,,,,,,,,,2025
676604,Tyler Zuber,146,Miami Marlins,,P,2026,,,,,,,,,,,,,,,,,,,,,,,,,,,,,,,,,,,,,,,,,,,,,,,,,2025
623352,Josh Hader,117,Houston Astros,,P,2026,,,,,,,,,,,,,,,,,,,,,,,,,0.0,0.0,0.0,0.0,0.0,0.0,0.0,0.0,0.0,0.0,0.0,0.0,0.0,0.0,0.0,.000,.000,.000,.000,.---,-.--,0.0,0.0,0.0,2025
680700,Richie Palacios,139,Tampa Bay Rays,,2B,2026,215.0,187.0,46.0,7.0,2.0,2.0,24.0,0.0,39.0,3.0,1.0,0.0,63.0,26.0,4.0,.246,.340,.337,.677,.299,93.50,834.0,48.0,55.0,48.0,42.0,14.0,2.0,0.0,1.0,5.0,0.0,9.0,0.0,1.0,0.0,19.0,3.0,3.0,.333,.396,.452,.848,.394,42.00,190.0,11.0,9.0,2025
699134,Bradgley Rodriguez,135,San Diego Padres,,P,2026,,,,,,,,,,,,,,,,,,,,,,,,,,,,,,,,,,,,,,,,,,,,,,,,,2025
815873,Sean Keys,141,Toronto Blue Jays,,3B,2026,29.0,29.0,6.0,1.0,0.0,1.0,0.0,0.0,11.0,0.0,0.0,0.0,10.0,5.0,0.0,.207,.207,.345,.552,.294,29.00,126.0,3.0,9.0,,,,,,,,,,,,,,,,,,,,,,,,,2025
676609,José Caballero,147,New York Yankees,,SS,2026,281.0,257.0,63.0,10.0,0.0,10.0,16.0,0.0,65.0,5.0,2.0,1.0,103.0,33.0,8.0,.245,.300,.401,.701,.288,25.70,1129.0,73.0,59.0,370.0,314.0,74.0,18.0,1.0,5.0,47.0,0.0,98.0,3.0,2.0,4.0,109.0,36.0,1.0,.236,.339,.347,.686,.324,62.80,1501.0,61.0,87.0,2025
641793,Zack Littell,120,Washington Nationals,,P,2026,,,,,,,,,,,,,,,,,,,,,,,,,,,,,,,,,,,,,,,,,,,,,,,,,2025
672515,Gabriel Moreno,109,Arizona Diamondbacks,,C,2026,253.0,217.0,63.0,12.0,0.0,6.0,29.0,0.0,39.0,3.0,4.0,0.0,93.0,29.0,6.0,.290,.375,.429,.804,.324,36.17,1096.0,62.0,57.0,309.0,277.0,79.0,12.0,1.0,9.0,29.0,3.0,53.0,1.0,2.0,0.0,120.0,40.0,6.0,.285,.353,.433,.786,.323,30.78,1314.0,60.0,87.0,2025
678662,Ezequiel Tovar,115,Colorado Rockies,,SS,2026,325.0,300.0,62.0,16.0,0.0,8.0,17.0,0.0,85.0,2.0,6.0,0.0,102.0,32.0,5.0,.207,.249,.340,.589,.254,37.50,1188.0,68.0,91.0,390.0,360.0,91.0,18.0,4.0,9.0,21.0,0.0,98.0,1.0,2.0,6.0,144.0,33.0,2.0,.253,.294,.400,.694,.322,40.00,1469.0,76.0,103.0,2025
676617,Riley O'Brien,138,St. Louis Cardinals,,P,2026,,,,,,,,,,,,,,,,,,,,,,,,,,,,,,,,,,,,,,,,,,,,,,,,,2025
606992,Eric Haase,137,San Francisco Giants,,C,2026,82.0,72.0,12.0,3.0,0.0,4.0,6.0,0.0,26.0,1.0,0.0,3.0,27.0,9.0,1.0,.167,.241,.375,.616,.190,18.00,309.0,20.0,17.0,77.0,70.0,16.0,3.0,0.0,2.0,4.0,0.0,31.0,2.0,0.0,1.0,25.0,9.0,1.0,.229,.289,.357,.646,.378,35.00,337.0,17.0,7.0,2025
813841,Jonah Cox,137,San Francisco Giants,,CF,2026,29.0,26.0,7.0,1.0,1.0,1.0,0.0,0.0,15.0,0.0,0.0,3.0,13.0,3.0,0.0,.269,.269,.500,.769,.600,26.00,105.0,3.0,4.0,,,,,,,,,,,,,,,,,,,,,,,,,2025
680723,Drew Rom,158,Milwaukee Brewers,,P,2026,,,,,,,,,,,,,,,,,,,,,,,,,,,,,,,,,,,,,,,,,,,,,,,,,2025
606996,Kyle Hart,135,San Diego Padres,,P,2026,,,,,,,,,,,,,,,,,,,,,,,,,,,,,,,,,,,,,,,,,,,,,,,,,2025
592662,Robbie Ray,137,San Francisco Giants,,P,2026,,,,,,,,,,,,,,,,,,,,,,,,,,,,,,,,,,,,,,,,,,,,,,,,,2025
641816,Tyler Mahle,137,San Francisco Giants,,P,2026,,,,,,,,,,,,,,,,,,,,,,,,,,,,,,,,,,,,,,,,,,,,,,,,,2025
543510,James McCann,109,Arizona Diamondbacks,,C,2026,65.0,62.0,13.0,3.0,0.0,0.0,1.0,0.0,17.0,0.0,0.0,2.0,16.0,6.0,4.0,.210,.222,.258,.480,.289,-.--,250.0,22.0,12.0,137.0,123.0,32.0,6.0,0.0,5.0,8.0,0.0,33.0,4.0,1.0,1.0,53.0,17.0,3.0,.260,.324,.431,.755,.314,24.60,507.0,34.0,26.0,2025
680732,Sean Burke,145,Chicago White Sox,,P,2026,,,,,,,,,,,,,,,,,,,,,,,,,,,,,,,,,,,,,,,,,,,,,,,,,2025
666397,Edouard Julien,115,Colorado Rockies,,2B,2026,239.0,204.0,46.0,7.0,1.0,2.0,34.0,0.0,61.0,1.0,0.0,0.0,61.0,19.0,6.0,.225,.339,.299,.638,.312,102.00,985.0,52.0,45.0,208.0,182.0,40.0,10.0,0.0,3.0,22.0,0.0,61.0,2.0,1.0,1.0,59.0,12.0,3.0,.220,.309,.324,.633,.311,60.67,876.0,50.0,33.0,2025
807712,Luke Keaschall,142,Minnesota Twins,,2B,2026,337.0,294.0,75.0,13.0,1.0,4.0,32.0,1.0,50.0,8.0,3.0,0.0,102.0,26.0,4.0,.255,.341,.347,.688,.292,73.50,1261.0,64.0,108.0,207.0,182.0,55.0,14.0,0.0,4.0,19.0,0.0,29.0,5.0,1.0,0.0,81.0,28.0,4.0,.302,.382,.445,.827,.340,45.50,774.0,49.0,50.0,2025
621345,A.J. Minter,121,New York Mets,,P,2026,,,,,,,,,,,,,,,,,,,,,,,,,,,,,,,,,,,,,,,,,,,,,,,,,2025
680736,Justin Wrobleski,119,Los Angeles Dodgers,,P,2026,,,,,,,,,,,,,,,,,,,,,,,,,,,,,,,,,,,,,,,,,,,,,,,,,2025
690976,Alex Freeland,119,Los Angeles Dodgers,,2B,2026,218.0,190.0,45.0,7.0,0.0,3.0,22.0,0.0,64.0,1.0,2.0,3.0,61.0,19.0,5.0,.237,.316,.321,.637,.336,63.33,886.0,48.0,38.0,97.0,84.0,16.0,2.0,1.0,2.0,11.0,0.0,35.0,1.0,0.0,1.0,26.0,6.0,3.0,.190,.292,.310,.602,.298,42.00,429.0,13.0,21.0,2025
805673,Zebby Matthews,142,Minnesota Twins,,P,2026,,,,,,,,,,,,,,,,,,,,,,,,,,,,,,,,,,,,,,,,,,,,,,,,,2025
690986,Kyle Harrison,158,Milwaukee Brewers,,P,2026,,,,,,,,,,,,,,,,,,,,,,,,,,,,,,,,,,,,,,,,,,,,,,,,,2025
660271,Shohei Ohtani,119,Los Angeles Dodgers,,TWP,2026,391.0,320.0,94.0,15.0,2.0,20.0,60.0,10.0,88.0,5.0,4.0,0.0,173.0,56.0,5.0,.294,.409,.541,.950,.343,16.00,1510.0,68.0,74.0,727.0,611.0,172.0,25.0,9.0,55.0,109.0,20.0,187.0,3.0,2.0,0.0,380.0,102.0,9.0,.282,.392,.622,1.014,.315,11.11,2865.0,120.0,134.0,2025
690993,Colt Keith,116,Detroit Tigers,,3B,2026,260.0,242.0,61.0,9.0,2.0,7.0,14.0,0.0,50.0,3.0,1.0,0.0,95.0,21.0,5.0,.252,.300,.393,.693,.290,34.57,943.0,54.0,78.0,468.0,414.0,106.0,22.0,2.0,13.0,48.0,1.0,102.0,2.0,4.0,0.0,171.0,45.0,7.0,.256,.333,.413,.746,.307,31.85,1826.0,87.0,123.0,2025
690997,Nolan McLean,121,New York Mets,,P,2026,,,,,,,,,,,,,,,,,,,,,,,,,,,,,,,,,,,,,,,,,,,,,,,,,2025
680757,Steven Kwan,114,Cleveland Guardians,,CF,2026,337.0,284.0,62.0,9.0,2.0,1.0,43.0,1.0,34.0,3.0,2.0,4.0,78.0,14.0,7.0,.218,.325,.275,.600,.243,284.00,1305.0,86.0,108.0,693.0,625.0,170.0,29.0,1.0,11.0,55.0,2.0,60.0,3.0,7.0,3.0,234.0,56.0,3.0,.272,.330,.374,.704,.283,56.82,2786.0,167.0,238.0,2025
676664,JP Sears,135,San Diego Padres,,P,2026,,,,,,,,,,,,,,,,,,,,,,,,,,,,,,,,,,,,,,,,,,,,,,,,,2025
680767,Victor Vodnik,115,Colorado Rockies,,P,2026,0.0,0.0,0.0,0.0,0.0,0.0,0.0,0.0,0.0,0.0,0.0,0.0,0.0,0.0,0.0,.000,.000,.000,.000,.---,-.--,0.0,0.0,0.0,0.0,0.0,0.0,0.0,0.0,0.0,0.0,0.0,0.0,0.0,0.0,0.0,0.0,0.0,0.0,.000,.000,.000,.000,.---,-.--,0.0,0.0,0.0,2025
641857,Ryan McMahon,147,New York Yankees,,3B,2026,213.0,195.0,41.0,5.0,0.0,8.0,17.0,0.0,67.0,0.0,0.0,1.0,70.0,23.0,5.0,.210,.274,.359,.633,.275,24.38,864.0,43.0,45.0,586.0,509.0,109.0,23.0,1.0,20.0,70.0,1.0,189.0,4.0,3.0,0.0,194.0,53.0,7.0,.214,.312,.381,.693,.294,25.45,2500.0,106.0,108.0,2025
691011,Drew Romo,145,Chicago White Sox,,C,2026,115.0,100.0,14.0,4.0,0.0,5.0,12.0,0.0,28.0,1.0,1.0,1.0,33.0,11.0,4.0,.140,.237,.330,.567,.132,20.00,416.0,30.0,30.0,3.0,3.0,0.0,0.0,0.0,0.0,0.0,0.0,3.0,0.0,0.0,0.0,0.0,0.0,0.0,.000,.000,.000,.000,.---,-.--,12.0,0.0,0.0,2025
621381,Matt Strahm,118,Kansas City Royals,,P,2026,,,,,,,,,,,,,,,,,,,,,,,,,,,,,,,,,,,,,,,,,,,,,,,,,2025
607043,Brandon Nimmo,140,Texas Rangers,,RF,2026,366.0,329.0,84.0,20.0,3.0,8.0,29.0,1.0,77.0,6.0,2.0,0.0,134.0,30.0,8.0,.255,.325,.407,.732,.309,41.12,1392.0,77.0,93.0,652.0,587.0,154.0,27.0,0.0,25.0,50.0,1.0,141.0,7.0,7.0,1.0,256.0,92.0,8.0,.262,.324,.436,.760,.301,23.48,2602.0,149.0,151.0,2025
514888,Jose Altuve,117,Houston Astros,,2B,2026,301.0,269.0,63.0,13.0,1.0,10.0,29.0,1.0,65.0,1.0,1.0,1.0,108.0,26.0,12.0,.234,.310,.401,.711,.272,26.90,1101.0,85.0,58.0,654.0,588.0,156.0,24.0,1.0,26.0,55.0,5.0,109.0,4.0,6.0,1.0,260.0,77.0,20.0,.265,.329,.442,.771,.283,22.62,2314.0,149.0,181.0,2025
572233,Christian Walker,117,Houston Astros,,1B,2026,383.0,343.0,83.0,17.0,1.0,20.0,32.0,2.0,85.0,7.0,1.0,0.0,162.0,58.0,10.0,.242,.319,.472,.791,.264,17.15,1475.0,84.0,92.0,640.0,585.0,139.0,24.0,1.0,27.0,40.0,1.0,177.0,11.0,4.0,0.0,246.0,88.0,10.0,.238,.297,.421,.718,.291,21.67,2513.0,111.0,162.0,2025
680776,Jarren Duran,111,Boston Red Sox,,LF,2026,357.0,324.0,65.0,10.0,2.0,13.0,24.0,0.0,106.0,4.0,4.0,1.0,118.0,44.0,2.0,.201,.261,.364,.625,.249,24.92,1321.0,83.0,75.0,696.0,620.0,159.0,41.0,13.0,16.0,60.0,1.0,169.0,12.0,3.0,1.0,274.0,84.0,6.0,.256,.332,.442,.774,.326,38.75,2624.0,137.0,159.0,2025
680779,Henry Davis,134,Pittsburgh Pirates,,C,2026,177.0,155.0,24.0,5.0,0.0,7.0,16.0,0.0,37.0,4.0,1.0,1.0,50.0,24.0,4.0,.155,.250,.323,.573,.152,22.14,641.0,40.0,56.0,283.0,252.0,42.0,7.0,0.0,7.0,18.0,0.0,76.0,5.0,3.0,3.0,70.0,22.0,2.0,.167,.234,.278,.512,.203,36.00,1069.0,48.0,92.0,2025
691019,Kyle Teel,145,Chicago White Sox,,C,2026,49.0,44.0,9.0,1.0,0.0,2.0,4.0,0.0,19.0,1.0,0.0,0.0,16.0,11.0,1.0,.205,.286,.364,.650,.304,22.00,205.0,8.0,8.0,297.0,253.0,69.0,11.0,0.0,8.0,37.0,0.0,77.0,5.0,1.0,1.0,104.0,35.0,1.0,.273,.375,.411,.786,.361,31.62,1225.0,49.0,60.0,2025
670541,Yordan Alvarez,117,Houston Astros,,DH,2026,402.0,335.0,105.0,16.0,0.0,29.0,59.0,13.0,70.0,5.0,3.0,0.0,208.0,67.0,2.0,.313,.420,.621,1.041,.318,11.55,1570.0,56.0,107.0,199.0,165.0,45.0,8.0,0.0,6.0,28.0,5.0,33.0,0.0,6.0,0.0,71.0,27.0,1.0,.273,.367,.430,.797,.295,27.50,803.0,34.0,59.0,2025
691023,Jordan Walker,138,St. Louis Cardinals,,RF,2026,376.0,339.0,99.0,18.0,0.0,21.0,31.0,1.0,95.0,3.0,3.0,0.0,180.0,69.0,7.0,.292,.354,.531,.885,.345,16.14,1356.0,74.0,74.0,396.0,363.0,78.0,13.0,1.0,6.0,29.0,1.0,126.0,3.0,1.0,0.0,111.0,41.0,9.0,.215,.278,.306,.584,.310,60.50,1541.0,75.0,85.0,2025
686930,Mason Barnett,133,Athletics,,P,2026,,,,,,,,,,,,,,,,,,,,,,,,,,,,,,,,,,,,,,,,,,,,,,,,,2025
691026,Masyn Winn,138,St. Louis Cardinals,,SS,2026,339.0,300.0,75.0,11.0,2.0,4.0,28.0,0.0,65.0,6.0,5.0,0.0,102.0,38.0,7.0,.250,.322,.340,.662,.301,75.00,1328.0,75.0,90.0,537.0,491.0,124.0,27.0,0.0,9.0,34.0,0.0,102.0,8.0,2.0,2.0,178.0,51.0,11.0,.253,.310,.363,.673,.301,54.56,2256.0,107.0,162.0,2025
682842,Abner Uribe,158,Milwaukee Brewers,,P,2026,,,,,,,,,,,,,,,,,,,,,,,,,,,,,,,,,,,,,,,,,,,,,,,,,2025
607067,Colin Rea,112,Chicago Cubs,,P,2026,,,,,,,,,,,,,,,,,,,,,,,,,1.0,1.0,0.0,0.0,0.0,0.0,0.0,0.0,1.0,0.0,0.0,0.0,0.0,0.0,0.0,.000,.000,.000,.000,.---,-.--,5.0,0.0,0.0,2025
445276,Kenley Jansen,116,Detroit Tigers,,P,2026,0.0,0.0,0.0,0.0,0.0,0.0,0.0,0.0,0.0,0.0,0.0,0.0,0.0,0.0,0.0,.000,.000,.000,.000,.---,-.--,0.0,0.0,0.0,0.0,0.0,0.0,0.0,0.0,0.0,0.0,0.0,0.0,0.0,0.0,0.0,0.0,0.0,0.0,.000,.000,.000,.000,.---,-.--,0.0,0.0,0.0,2025
623454,Drew Anderson,116,Detroit Tigers,,P,2026,,,,,,,,,,,,,,,,,,,,,,,,,,,,,,,,,,,,,,,,,,,,,,,,,2025
676702,Hunter Stratton,134,Pittsburgh Pirates,,P,2026,,,,,,,,,,,,,,,,,,,,,,,,,,,,,,,,,,,,,,,,,,,,,,,,,2025
682848,Endy Rodríguez,134,Pittsburgh Pirates,,C,2026,122.0,100.0,26.0,6.0,0.0,5.0,21.0,0.0,29.0,0.0,0.0,0.0,47.0,16.0,3.0,.260,.388,.470,.858,.318,20.00,473.0,17.0,28.0,57.0,52.0,9.0,4.0,0.0,0.0,5.0,0.0,14.0,0.0,0.0,0.0,13.0,2.0,0.0,.173,.246,.250,.496,.237,-.--,205.0,11.0,18.0,2025
686948,Drake Baldwin,144,Atlanta Braves,,C,2026,297.0,261.0,66.0,6.0,0.0,15.0,28.0,1.0,68.0,7.0,1.0,0.0,117.0,43.0,7.0,.253,.340,.448,.788,.285,17.40,1127.0,70.0,58.0,446.0,405.0,111.0,18.0,2.0,19.0,38.0,0.0,68.0,3.0,0.0,0.0,190.0,80.0,9.0,.274,.341,.469,.810,.289,21.32,1750.0,131.0,95.0,2025
672613,Eliezer Alfonzo,119,Los Angeles Dodgers,,C,2026,2.0,2.0,0.0,0.0,0.0,0.0,0.0,0.0,0.0,0.0,0.0,0.0,0.0,0.0,0.0,.000,.000,.000,.000,.000,-.--,5.0,1.0,1.0,,,,,,,,,,,,,,,,,,,,,,,,,2025
623465,Evan Phillips,119,Los Angeles Dodgers,,P,2026,,,,,,,,,,,,,,,,,,,,,,,,,,,,,,,,,,,,,,,,,,,,,,,,,2025
656234,Jake Bird,147,New York Yankees,,P,2026,,,,,,,,,,,,,,,,,,,,,,,,,0.0,0.0,0.0,0.0,0.0,0.0,0.0,0.0,0.0,0.0,0.0,0.0,0.0,0.0,0.0,.000,.000,.000,.000,.---,-.--,0.0,0.0,0.0,2025
594798,Jacob deGrom,140,Texas Rangers,,P,2026,,,,,,,,,,,,,,,,,,,,,,,,,,,,,,,,,,,,,,,,,,,,,,,,,2025
623474,Jimmy Herget,115,Colorado Rockies,,P,2026,0.0,0.0,0.0,0.0,0.0,0.0,0.0,0.0,0.0,0.0,0.0,0.0,0.0,0.0,0.0,.000,.000,.000,.000,.---,-.--,0.0,0.0,0.0,,,,,,,,,,,,,,,,,,,,,,,,,2025
676724,Jared Young,121,New York Mets,,1B,2026,144.0,130.0,30.0,4.0,0.0,6.0,10.0,0.0,31.0,3.0,1.0,0.0,52.0,16.0,3.0,.231,.299,.400,.699,.255,21.67,569.0,35.0,35.0,47.0,43.0,8.0,1.0,0.0,4.0,2.0,0.0,16.0,1.0,1.0,0.0,21.0,6.0,1.0,.186,.234,.488,.722,.167,10.75,192.0,6.0,14.0,2025
807799,Masataka Yoshida,111,Boston Red Sox,,DH,2026,186.0,165.0,43.0,8.0,1.0,2.0,17.0,0.0,21.0,3.0,1.0,0.0,59.0,12.0,1.0,.261,.339,.358,.697,.287,82.50,674.0,55.0,47.0,205.0,188.0,50.0,11.0,0.0,4.0,10.0,0.0,24.0,3.0,4.0,0.0,73.0,26.0,3.0,.266,.307,.388,.695,.280,47.00,715.0,73.0,45.0,2025
701305,Zach Dezenzo,117,Houston Astros,,LF,2026,57.0,51.0,10.0,4.0,0.0,1.0,6.0,0.0,21.0,0.0,0.0,0.0,17.0,3.0,1.0,.196,.281,.333,.614,.310,51.00,238.0,12.0,8.0,109.0,98.0,24.0,6.0,0.0,2.0,11.0,0.0,37.0,0.0,0.0,0.0,36.0,10.0,2.0,.245,.321,.367,.688,.373,49.00,480.0,15.0,22.0,2025
686973,Louis Varland,141,Toronto Blue Jays,,P,2026,,,,,,,,,,,,,,,,,,,,,,,,,,,,,,,,,,,,,,,,,,,,,,,,,2025
621438,Tyrone Taylor,121,New York Mets,,CF,2026,119.0,111.0,23.0,4.0,0.0,5.0,4.0,0.0,22.0,0.0,0.0,4.0,42.0,16.0,0.0,.207,.235,.378,.613,.214,22.20,429.0,28.0,42.0,341.0,310.0,69.0,18.0,3.0,2.0,16.0,1.0,76.0,9.0,2.0,3.0,99.0,27.0,4.0,.223,.279,.319,.598,.286,155.00,1246.0,63.0,107.0,2025
672640,Otto Lopez,146,Miami Marlins,,SS,2026,388.0,361.0,124.0,25.0,5.0,9.0,17.0,0.0,51.0,4.0,6.0,0.0,186.0,43.0,8.0,.343,.374,.515,.889,.375,40.11,1397.0,103.0,89.0,594.0,544.0,134.0,21.0,0.0,15.0,44.0,2.0,82.0,3.0,3.0,0.0,200.0,77.0,9.0,.246,.305,.368,.673,.264,36.27,2129.0,174.0,157.0,2025
592773,Ryne Stanek,138,St. Louis Cardinals,,P,2026,,,,,,,,,,,,,,,,,,,,,,,,,0.0,0.0,0.0,0.0,0.0,0.0,0.0,0.0,0.0,0.0,0.0,0.0,0.0,0.0,0.0,.000,.000,.000,.000,.---,-.--,0.0,0.0,0.0,2025
676742,Cam Sanders,134,Pittsburgh Pirates,,P,2026,,,,,,,,,,,,,,,,,,,,,,,,,,,,,,,,,,,,,,,,,,,,,,,,,2025
592779,Brock Stewart,119,Los Angeles Dodgers,,P,2026,,,,,,,,,,,,,,,,,,,,,,,,,,,,,,,,,,,,,,,,,,,,,,,,,2025
641933,Tyler O'Neill,110,Baltimore Orioles,,RF,2026,164.0,143.0,26.0,6.0,0.0,3.0,19.0,0.0,46.0,2.0,0.0,0.0,41.0,9.0,2.0,.182,.287,.287,.574,.245,47.67,664.0,25.0,46.0,209.0,181.0,36.0,6.0,1.0,9.0,22.0,1.0,51.0,3.0,3.0,0.0,71.0,26.0,2.0,.199,.292,.392,.684,.218,20.11,821.0,35.0,62.0,2025
553869,Elias Díaz,140,Texas Rangers,,C,2026,84.0,81.0,23.0,6.0,0.0,4.0,2.0,0.0,14.0,0.0,1.0,0.0,41.0,16.0,0.0,.284,.298,.506,.804,.297,20.25,290.0,20.0,25.0,283.0,255.0,52.0,7.0,0.0,9.0,21.0,0.0,74.0,2.0,0.0,5.0,86.0,29.0,11.0,.204,.270,.337,.607,.250,28.33,1055.0,51.0,83.0,2025
686993,Justin Sterner,133,Athletics,,P,2026,,,,,,,,,,,,,,,,,,,,,,,,,,,,,,,,,,,,,,,,,,,,,,,,,2025
502671,Paul Goldschmidt,147,New York Yankees,,1B,2026,247.0,226.0,59.0,9.0,1.0,14.0,17.0,0.0,56.0,3.0,1.0,0.0,112.0,41.0,3.0,.261,.320,.496,.816,.287,16.14,986.0,61.0,51.0,534.0,489.0,134.0,31.0,1.0,10.0,36.0,5.0,100.0,4.0,2.0,0.0,197.0,45.0,8.0,.274,.328,.403,.731,.325,48.90,2092.0,113.0,144.0,2025
805779,Jacob Wilson,133,Athletics,,SS,2026,218.0,206.0,56.0,10.0,0.0,4.0,10.0,0.0,26.0,0.0,1.0,1.0,78.0,26.0,4.0,.272,.304,.379,.683,.294,51.50,757.0,71.0,55.0,523.0,486.0,151.0,26.0,0.0,13.0,27.0,1.0,39.0,7.0,1.0,2.0,216.0,63.0,16.0,.311,.355,.444,.799,.317,37.38,1735.0,179.0,120.0,2025
676760,Ron Marinaccio,135,San Diego Padres,,P,2026,,,,,,,,,,,,,,,,,,,,,,,,,,,,,,,,,,,,,,,,,,,,,,,,,2025
676755,Isaac Mattson,134,Pittsburgh Pirates,,P,2026,,,,,,,,,,,,,,,,,,,,,,,,,,,,,,,,,,,,,,,,,,,,,,,,,2025
670623,Isaac Paredes,117,Houston Astros,,3B,2026,366.0,316.0,79.0,16.0,0.0,12.0,34.0,0.0,58.0,13.0,3.0,0.0,131.0,47.0,10.0,.250,.344,.415,.759,.269,26.33,1604.0,55.0,127.0,438.0,378.0,96.0,15.0,1.0,20.0,50.0,0.0,76.0,8.0,2.0,0.0,173.0,53.0,10.0,.254,.352,.458,.810,.268,18.90,1943.0,73.0,135.0,2025
656288,Griffin Canning,135,San Diego Padres,,P,2026,,,,,,,,,,,,,,,,,,,,,,,,,,,,,,,,,,,,,,,,,,,,,,,,,2025
680869,Zack Gelof,133,Athletics,,3B,2026,241.0,221.0,62.0,11.0,1.0,11.0,14.0,0.0,59.0,4.0,0.0,2.0,108.0,29.0,5.0,.281,.335,.489,.824,.338,20.09,920.0,50.0,52.0,101.0,92.0,16.0,3.0,0.0,2.0,7.0,0.0,46.0,0.0,1.0,1.0,25.0,7.0,0.0,.174,.230,.272,.502,.311,46.00,416.0,12.0,20.0,2025
656302,Dylan Cease,141,Toronto Blue Jays,,P,2026,,,,,,,,,,,,,,,,,,,,,,,,,,,,,,,,,,,,,,,,,,,,,,,,,2025
701358,Cam Smith,117,Houston Astros,,RF,2026,348.0,309.0,69.0,13.0,1.0,11.0,31.0,0.0,83.0,4.0,3.0,0.0,117.0,32.0,8.0,.223,.300,.379,.679,.266,28.09,1418.0,86.0,74.0,493.0,441.0,104.0,21.0,3.0,9.0,43.0,0.0,137.0,7.0,2.0,0.0,158.0,51.0,11.0,.236,.312,.358,.670,.320,49.00,2024.0,104.0,98.0,2025
805808,Kevin McGonigle,116,Detroit Tigers,,SS,2026,392.0,331.0,95.0,18.0,3.0,7.0,58.0,0.0,53.0,3.0,0.0,0.0,140.0,32.0,2.0,.287,.398,.423,.821,.325,47.29,1597.0,57.0,126.0,,,,,,,,,,,,,,,,,,,,,,,,,2025
682928,CJ Abrams,120,Washington Nationals,,SS,2026,378.0,330.0,91.0,16.0,2.0,19.0,33.0,2.0,81.0,10.0,5.0,0.0,168.0,65.0,5.0,.276,.354,.509,.863,.306,17.37,1433.0,62.0,101.0,635.0,580.0,149.0,35.0,5.0,19.0,37.0,1.0,125.0,14.0,3.0,1.0,251.0,60.0,5.0,.257,.315,.433,.748,.296,30.53,2320.0,141.0,169.0,2025
684974,Craig Yoho,158,Milwaukee Brewers,,P,2026,,,,,,,,,,,,,,,,,,,,,,,,,,,,,,,,,,,,,,,,,,,,,,,,,2025
805811,Bryce Eldridge,137,San Francisco Giants,,DH,2026,197.0,172.0,47.0,12.0,0.0,7.0,24.0,1.0,48.0,0.0,1.0,0.0,80.0,19.0,0.0,.273,.360,.465,.825,.339,24.57,814.0,37.0,41.0,37.0,28.0,3.0,2.0,0.0,0.0,7.0,0.0,13.0,1.0,1.0,0.0,5.0,4.0,0.0,.107,.297,.179,.476,.188,-.--,160.0,6.0,7.0,2025
621493,Taylor Ward,110,Baltimore Orioles,,LF,2026,417.0,342.0,86.0,19.0,0.0,5.0,69.0,1.0,88.0,3.0,3.0,0.0,120.0,23.0,7.0,.251,.379,.351,.730,.321,68.40,1742.0,77.0,94.0,663.0,579.0,132.0,31.0,2.0,36.0,75.0,1.0,175.0,3.0,6.0,0.0,275.0,103.0,13.0,.228,.317,.475,.792,.257,16.08,2788.0,112.0,166.0,2025
672695,Geraldo Perdomo,109,Arizona Diamondbacks,,SS,2026,373.0,309.0,75.0,13.0,3.0,6.0,52.0,0.0,46.0,3.0,5.0,4.0,112.0,32.0,7.0,.243,.352,.362,.714,.263,51.50,1567.0,100.0,97.0,720.0,597.0,173.0,33.0,5.0,20.0,94.0,1.0,83.0,10.0,11.0,8.0,276.0,100.0,11.0,.290,.389,.462,.851,.303,29.85,3007.0,167.0,193.0,2025
811965,Joshua Kuroda-Grauer,133,Athletics,,SS,2026,27.0,26.0,12.0,3.0,0.0,0.0,0.0,0.0,2.0,1.0,0.0,0.0,15.0,1.0,1.0,.462,.481,.577,1.058,.500,-.--,103.0,7.0,5.0,,,,,,,,,,,,,,,,,,,,,,,,,2025
695239,Robby Ahlstrom,140,Texas Rangers,,P,2026,,,,,,,,,,,,,,,,,,,,,,,,,,,,,,,,,,,,,,,,,,,,,,,,,2025
695243,Mason Miller,135,San Diego Padres,,P,2026,,,,,,,,,,,,,,,,,,,,,,,,,,,,,,,,,,,,,,,,,,,,,,,,,2025
605137,Josh Bell,142,Minnesota Twins,,DH,2026,354.0,323.0,81.0,18.0,1.0,13.0,27.0,0.0,77.0,2.0,2.0,0.0,140.0,60.0,6.0,.251,.311,.433,.744,.289,24.85,1384.0,79.0,88.0,533.0,468.0,111.0,16.0,1.0,22.0,57.0,1.0,88.0,5.0,3.0,0.0,195.0,63.0,15.0,.237,.325,.417,.742,.247,21.27,2102.0,137.0,135.0,2025
680916,Franco Aleman,114,Cleveland Guardians,,P,2026,,,,,,,,,,,,,,,,,,,,,,,,,,,,,,,,,,,,,,,,,,,,,,,,,2025
672724,Oswald Peraza,108,Los Angeles Angels,,2B,2026,265.0,249.0,61.0,11.0,2.0,7.0,9.0,0.0,76.0,6.0,0.0,1.0,97.0,22.0,6.0,.245,.288,.390,.678,.325,35.57,961.0,65.0,48.0,265.0,244.0,40.0,6.0,0.0,5.0,17.0,0.0,80.0,2.0,1.0,0.0,61.0,20.0,6.0,.164,.223,.250,.473,.219,48.80,1005.0,70.0,55.0,2025
605141,Mookie Betts,119,Los Angeles Dodgers,,SS,2026,245.0,225.0,53.0,10.0,0.0,11.0,18.0,1.0,28.0,1.0,1.0,0.0,96.0,29.0,10.0,.236,.294,.427,.721,.225,20.46,904.0,47.0,98.0,663.0,589.0,152.0,23.0,2.0,20.0,61.0,2.0,68.0,3.0,10.0,0.0,239.0,82.0,15.0,.258,.326,.406,.732,.258,29.45,2460.0,136.0,243.0,2025
687064,Brandon Young,110,Baltimore Orioles,,P,2026,,,,,,,,,,,,,,,,,,,,,,,,,,,,,,,,,,,,,,,,,,,,,,,,,2025
695257,Billy Cook,134,Pittsburgh Pirates,,RF,2026,31.0,31.0,5.0,1.0,0.0,0.0,0.0,0.0,12.0,0.0,0.0,0.0,6.0,0.0,0.0,.161,.161,.194,.355,.263,-.--,97.0,4.0,10.0,6.0,6.0,2.0,0.0,0.0,0.0,0.0,0.0,1.0,0.0,0.0,0.0,2.0,0.0,0.0,.333,.333,.333,.666,.400,-.--,20.0,2.0,1.0,2025
607200,Erick Fedde,145,Chicago White Sox,,P,2026,,,,,,,,,,,,,,,,,,,,,,,,,,,,,,,,,,,,,,,,,,,,,,,,,2025
678882,Ceddanne Rafaela,111,Boston Red Sox,,CF,2026,344.0,320.0,91.0,20.0,3.0,8.0,17.0,0.0,69.0,6.0,0.0,1.0,141.0,38.0,8.0,.284,.332,.441,.773,.342,40.00,1278.0,81.0,80.0,587.0,546.0,136.0,34.0,4.0,16.0,28.0,0.0,117.0,8.0,2.0,3.0,226.0,63.0,9.0,.249,.295,.414,.709,.289,34.12,2128.0,139.0,159.0,2025
687075,Brandon Sproat,158,Milwaukee Brewers,,P,2026,,,,,,,,,,,,,,,,,,,,,,,,,,,,,,,,,,,,,,,,,,,,,,,,,2025
519141,Drew Pomeranz,112,Chicago Cubs,,P,2026,,,,,,,,,,,,,,,,,,,,,,,,,,,,,,,,,,,,,,,,,,,,,,,,,2025
682985,Riley Greene,116,Detroit Tigers,,LF,2026,380.0,329.0,95.0,18.0,1.0,13.0,46.0,2.0,102.0,2.0,3.0,0.0,154.0,44.0,9.0,.289,.376,.468,.844,.378,25.31,1579.0,53.0,82.0,655.0,600.0,155.0,31.0,1.0,36.0,46.0,1.0,201.0,4.0,5.0,0.0,296.0,111.0,14.0,.258,.313,.493,.806,.323,16.67,2706.0,118.0,131.0,2025
691176,Jasson Domínguez,147,New York Yankees,,RF,2026,119.0,112.0,24.0,8.0,0.0,4.0,5.0,0.0,25.0,1.0,0.0,0.0,44.0,10.0,1.0,.214,.254,.393,.647,.241,28.00,438.0,33.0,30.0,429.0,381.0,98.0,18.0,1.0,10.0,41.0,1.0,115.0,3.0,4.0,0.0,148.0,47.0,5.0,.257,.331,.388,.719,.338,38.10,1692.0,80.0,92.0,2025
625643,Reynaldo López,144,Atlanta Braves,,P,2026,0.0,0.0,0.0,0.0,0.0,0.0,0.0,0.0,0.0,0.0,0.0,0.0,0.0,0.0,0.0,.000,.000,.000,.000,.---,-.--,0.0,0.0,0.0,,,,,,,,,,,,,,,,,,,,,,,,,2025
605170,Victor Caratini,142,Minnesota Twins,,C,2026,256.0,214.0,51.0,7.0,0.0,7.0,25.0,1.0,49.0,9.0,8.0,0.0,79.0,34.0,4.0,.238,.332,.369,.701,.265,30.57,969.0,61.0,61.0,386.0,344.0,89.0,14.0,0.0,12.0,23.0,0.0,65.0,13.0,6.0,0.0,139.0,46.0,8.0,.259,.324,.404,.728,.282,28.67,1417.0,93.0,103.0,2025
682997,Tyler Callihan,134,Pittsburgh Pirates,,LF,2026,80.0,69.0,18.0,2.0,2.0,3.0,9.0,0.0,25.0,1.0,1.0,0.0,33.0,15.0,0.0,.261,.350,.478,.828,.357,23.00,319.0,7.0,20.0,6.0,6.0,1.0,0.0,0.0,0.0,0.0,0.0,1.0,0.0,0.0,0.0,1.0,1.0,0.0,.167,.167,.167,.334,.200,-.--,22.0,3.0,1.0,2025
592885,Christian Yelich,158,Milwaukee Brewers,,DH,2026,258.0,228.0,55.0,12.0,1.0,6.0,26.0,3.0,73.0,2.0,1.0,1.0,87.0,31.0,1.0,.241,.323,.382,.705,.327,38.00,1094.0,63.0,39.0,644.0,573.0,151.0,21.0,0.0,29.0,64.0,6.0,167.0,6.0,1.0,0.0,259.0,103.0,6.0,.264,.343,.452,.795,.323,19.76,2601.0,174.0,82.0,2025
683000,Riley Cornelio,120,Washington Nationals,,P,2026,,,,,,,,,,,,,,,,,,,,,,,,,,,,,,,,,,,,,,,,,,,,,,,,,2025
687093,Vaughn Grissom,108,Los Angeles Angels,,2B,2026,192.0,168.0,39.0,10.0,0.0,4.0,16.0,0.0,26.0,4.0,3.0,0.0,61.0,30.0,7.0,.232,.309,.363,.672,.248,42.00,754.0,48.0,58.0,,,,,,,,,,,,,,,,,,,,,,,,,2025
682998,Corbin Carroll,109,Arizona Diamondbacks,,RF,2026,376.0,327.0,86.0,19.0,10.0,13.0,43.0,2.0,84.0,4.0,2.0,0.0,164.0,45.0,4.0,.263,.354,.502,.856,.315,25.15,1454.0,73.0,86.0,642.0,564.0,146.0,32.0,17.0,31.0,67.0,4.0,153.0,7.0,4.0,0.0,305.0,84.0,6.0,.259,.343,.541,.884,.299,18.19,2497.0,111.0,158.0,2025
683003,Jared Jones,134,Pittsburgh Pirates,,P,2026,,,,,,,,,,,,,,,,,,,,,,,,,,,,,,,,,,,,,,,,,,,,,,,,,2025
683002,Gunnar Henderson,110,Baltimore Orioles,,SS,2026,417.0,376.0,84.0,16.0,2.0,16.0,34.0,1.0,95.0,5.0,2.0,0.0,152.0,40.0,3.0,.223,.295,.404,.699,.255,23.50,1639.0,95.0,104.0,651.0,577.0,158.0,34.0,5.0,17.0,62.0,6.0,137.0,7.0,5.0,0.0,253.0,68.0,7.0,.274,.349,.438,.787,.329,33.94,2506.0,161.0,126.0,2025
689149,Chad Dallas,141,Toronto Blue Jays,,P,2026,,,,,,,,,,,,,,,,,,,,,,,,,,,,,,,,,,,,,,,,,,,,,,,,,2025
621566,Matt Olson,144,Atlanta Braves,,1B,2026,394.0,352.0,96.0,24.0,0.0,24.0,38.0,3.0,91.0,1.0,3.0,0.0,192.0,57.0,3.0,.273,.343,.545,.888,.300,14.67,1709.0,71.0,97.0,724.0,624.0,170.0,41.0,2.0,29.0,91.0,2.0,176.0,4.0,5.0,0.0,302.0,95.0,14.0,.272,.366,.484,.850,.333,21.52,3166.0,133.0,150.0,2025
668670,Jake Rogers,116,Detroit Tigers,,C,2026,90.0,79.0,11.0,2.0,1.0,1.0,7.0,0.0,30.0,1.0,2.0,1.0,18.0,6.0,0.0,.139,.213,.228,.441,.200,79.00,353.0,12.0,29.0,142.0,123.0,23.0,5.0,2.0,3.0,15.0,0.0,39.0,1.0,2.0,1.0,41.0,19.0,3.0,.187,.277,.333,.610,.241,41.00,570.0,34.0,30.0,2025
642048,Tayler Saucedo,108,Los Angeles Angels,,P,2026,,,,,,,,,,,,,,,,,,,,,,,,,,,,,,,,,,,,,,,,,,,,,,,,,2025
699393,Pedro Ramírez,112,Chicago Cubs,,2B,2026,61.0,56.0,14.0,3.0,1.0,1.0,3.0,0.0,9.0,0.0,1.0,1.0,22.0,7.0,3.0,.250,.283,.393,.676,.277,56.00,203.0,19.0,16.0,,,,,,,,,,,,,,,,,,,,,,,,,2025
683011,Anthony Volpe,147,New York Yankees,,SS,2026,148.0,129.0,31.0,6.0,1.0,1.0,19.0,0.0,33.0,0.0,0.0,0.0,42.0,13.0,0.0,.240,.338,.326,.664,.316,129.00,597.0,30.0,35.0,596.0,539.0,114.0,32.0,4.0,19.0,43.0,0.0,150.0,4.0,7.0,3.0,211.0,72.0,10.0,.212,.272,.391,.663,.252,28.37,2397.0,135.0,150.0,2025
668674,Lucas Erceg,118,Kansas City Royals,,P,2026,0.0,0.0,0.0,0.0,0.0,0.0,0.0,0.0,0.0,0.0,0.0,0.0,0.0,0.0,0.0,.000,.000,.000,.000,.---,-.--,0.0,0.0,0.0,0.0,0.0,0.0,0.0,0.0,0.0,0.0,0.0,0.0,0.0,0.0,0.0,0.0,0.0,0.0,.000,.000,.000,.000,.---,-.--,0.0,0.0,0.0,2025
668678,Zac Gallen,109,Arizona Diamondbacks,,P,2026,,,,,,,,,,,,,,,,,,,,,,,,,,,,,,,,,,,,,,,,,,,,,,,,,2025
609280,Miguel Andujar,135,San Diego Padres,,DH,2026,230.0,218.0,56.0,14.0,2.0,5.0,9.0,2.0,37.0,3.0,0.0,0.0,89.0,19.0,9.0,.257,.296,.408,.704,.290,43.60,851.0,73.0,52.0,341.0,321.0,102.0,17.0,1.0,10.0,17.0,1.0,49.0,1.0,2.0,0.0,151.0,44.0,8.0,.318,.352,.470,.822,.348,32.10,1214.0,87.0,85.0,2025
500743,Miguel Rojas,119,Los Angeles Dodgers,,SS,2026,153.0,134.0,38.0,8.0,0.0,3.0,10.0,0.0,16.0,2.0,5.0,2.0,55.0,16.0,6.0,.284,.331,.410,.741,.292,44.67,542.0,45.0,42.0,317.0,290.0,76.0,18.0,0.0,7.0,24.0,1.0,46.0,0.0,0.0,3.0,115.0,27.0,7.0,.262,.318,.397,.715,.291,41.43,1166.0,83.0,88.0,2025
672782,Yoendrys Gómez,142,Minnesota Twins,,P,2026,,,,,,,,,,,,,,,,,,,,,,,,,,,,,,,,,,,,,,,,,,,,,,,,,2025
676879,Aaron Ashby,158,Milwaukee Brewers,,P,2026,,,,,,,,,,,,,,,,,,,,,,,,,,,,,,,,,,,,,,,,,,,,,,,,,2025
674841,Andrew Alvarez,120,Washington Nationals,,P,2026,,,,,,,,,,,,,,,,,,,,,,,,,,,,,,,,,,,,,,,,,,,,,,,,,2025
607259,Nick Martinez,139,Tampa Bay Rays,,P,2026,,,,,,,,,,,,,,,,,,,,,,,,,,,,,,,,,,,,,,,,,,,,,,,,,2025
666661,Juan Morillo,109,Arizona Diamondbacks,,P,2026,,,,,,,,,,,,,,,,,,,,,,,,,0.0,0.0,0.0,0.0,0.0,0.0,0.0,0.0,0.0,0.0,0.0,0.0,0.0,0.0,0.0,.000,.000,.000,.000,.---,-.--,0.0,0.0,0.0,2025
642086,Dominic Smith,144,Atlanta Braves,,DH,2026,222.0,202.0,54.0,6.0,1.0,6.0,13.0,0.0,31.0,1.0,5.0,1.0,80.0,35.0,6.0,.267,.308,.396,.704,.282,33.67,835.0,60.0,63.0,225.0,204.0,58.0,12.0,0.0,5.0,15.0,0.0,42.0,2.0,4.0,0.0,85.0,33.0,5.0,.284,.333,.417,.750,.329,40.80,848.0,46.0,62.0,2025
656427,Jack Flaherty,116,Detroit Tigers,,P,2026,,,,,,,,,,,,,,,,,,,,,,,,,,,,,,,,,,,,,,,,,,,,,,,,,2025
676910,Matt Seelinger,121,New York Mets,,P,2026,,,,,,,,,,,,,,,,,,,,,,,,,,,,,,,,,,,,,,,,,,,,,,,,,2025
670764,Taylor Walls,139,Tampa Bay Rays,,SS,2026,252.0,212.0,48.0,11.0,2.0,0.0,30.0,0.0,61.0,2.0,2.0,6.0,63.0,20.0,2.0,.226,.325,.297,.622,.314,-.--,1020.0,48.0,63.0,317.0,282.0,62.0,14.0,1.0,4.0,26.0,0.0,70.0,0.0,6.0,3.0,90.0,38.0,1.0,.220,.280,.319,.599,.271,70.50,1278.0,70.0,89.0,2025
668723,Ryan Vilade,139,Tampa Bay Rays,,RF,2026,151.0,133.0,35.0,6.0,1.0,6.0,13.0,0.0,31.0,1.0,3.0,1.0,61.0,28.0,3.0,.263,.327,.459,.786,.293,22.17,615.0,28.0,43.0,15.0,13.0,1.0,0.0,0.0,0.0,2.0,0.0,5.0,0.0,0.0,0.0,1.0,0.0,1.0,.077,.200,.077,.277,.125,-.--,60.0,6.0,1.0,2025
642100,Gabe Speier,136,Seattle Mariners,,P,2026,0.0,0.0,0.0,0.0,0.0,0.0,0.0,0.0,0.0,0.0,0.0,0.0,0.0,0.0,0.0,.000,.000,.000,.000,.---,-.--,0.0,0.0,0.0,,,,,,,,,,,,,,,,,,,,,,,,,2025
693304,Nick Gonzales,134,Pittsburgh Pirates,,3B,2026,352.0,322.0,101.0,13.0,1.0,4.0,23.0,0.0,62.0,6.0,1.0,0.0,128.0,41.0,10.0,.314,.369,.398,.767,.377,80.50,1312.0,98.0,62.0,408.0,381.0,99.0,18.0,3.0,5.0,21.0,0.0,73.0,2.0,4.0,0.0,138.0,30.0,12.0,.260,.299,.362,.661,.306,76.20,1405.0,104.0,109.0,2025
693307,Dillon Dingler,116,Detroit Tigers,,C,2026,352.0,317.0,83.0,19.0,2.0,19.0,23.0,0.0,74.0,7.0,3.0,0.0,163.0,60.0,10.0,.262,.323,.514,.837,.282,16.68,1344.0,69.0,94.0,469.0,435.0,121.0,21.0,2.0,13.0,23.0,2.0,110.0,9.0,1.0,0.0,185.0,57.0,5.0,.278,.327,.425,.752,.345,33.46,1793.0,91.0,114.0,2025
685126,Brandon Eisert,145,Chicago White Sox,,P,2026,0.0,0.0,0.0,0.0,0.0,0.0,0.0,0.0,0.0,0.0,0.0,0.0,0.0,0.0,0.0,.000,.000,.000,.000,.---,-.--,0.0,0.0,0.0,,,,,,,,,,,,,,,,,,,,,,,,,2025
543807,George Springer,141,Toronto Blue Jays,,DH,2026,279.0,244.0,54.0,11.0,1.0,8.0,28.0,0.0,56.0,3.0,1.0,0.0,91.0,21.0,6.0,.221,.308,.373,.681,.254,30.50,1117.0,67.0,68.0,586.0,498.0,154.0,27.0,1.0,32.0,69.0,3.0,111.0,8.0,4.0,0.0,279.0,84.0,14.0,.309,.399,.560,.959,.340,15.56,2307.0,105.0,132.0,2025
689225,Beau Brieske,116,Detroit Tigers,,P,2026,,,,,,,,,,,,,,,,,,,,,,,,,,,,,,,,,,,,,,,,,,,,,,,,,2025
519242,Chris Sale,144,Atlanta Braves,,P,2026,,,,,,,,,,,,,,,,,,,,,,,,,,,,,,,,,,,,,,,,,,,,,,,,,2025
642121,Cole Sulser,139,Tampa Bay Rays,,P,2026,,,,,,,,,,,,,,,,,,,,,,,,,,,,,,,,,,,,,,,,,,,,,,,,,2025
683083,Nasim Nuñez,120,Washington Nationals,,2B,2026,299.0,259.0,64.0,4.0,3.0,1.0,32.0,0.0,71.0,1.0,1.0,6.0,77.0,28.0,4.0,.247,.331,.297,.628,.335,259.00,1218.0,71.0,60.0,92.0,82.0,19.0,2.0,0.0,4.0,8.0,0.0,20.0,0.0,1.0,1.0,33.0,13.0,1.0,.232,.297,.402,.699,.254,20.50,417.0,26.0,19.0,2025
681035,Christian Scott,121,New York Mets,,P,2026,,,,,,,,,,,,,,,,,,,,,,,,,,,,,,,,,,,,,,,,,,,,,,,,,2025
685133,Wade Meckler,108,Los Angeles Angels,,LF,2026,129.0,116.0,33.0,7.0,0.0,2.0,13.0,0.0,30.0,0.0,0.0,0.0,46.0,16.0,1.0,.284,.357,.397,.754,.369,58.00,448.0,26.0,27.0,,,,,,,,,,,,,,,,,,,,,,,,,2025
701519,Travis Adams,142,Minnesota Twins,,P,2026,,,,,,,,,,,,,,,,,,,,,,,,,,,,,,,,,,,,,,,,,,,,,,,,,2025
656464,Kevin Ginkel,109,Arizona Diamondbacks,,P,2026,,,,,,,,,,,,,,,,,,,,,,,,,,,,,,,,,,,,,,,,,,,,,,,,,2025
650333,Luis Arraez,137,San Francisco Giants,,2B,2026,380.0,342.0,112.0,20.0,7.0,4.0,21.0,4.0,15.0,3.0,8.0,6.0,158.0,34.0,6.0,.327,.364,.462,.826,.326,85.50,1387.0,100.0,129.0,675.0,620.0,181.0,30.0,4.0,8.0,34.0,0.0,21.0,2.0,7.0,12.0,243.0,61.0,12.0,.292,.327,.392,.719,.289,77.50,2467.0,215.0,222.0,2025
646240,Rafael Devers,137,San Francisco Giants,,1B,2026,385.0,349.0,86.0,24.0,1.0,18.0,33.0,2.0,107.0,1.0,2.0,0.0,166.0,47.0,8.0,.246,.312,.476,.788,.301,19.39,1565.0,72.0,86.0,729.0,607.0,153.0,33.0,0.0,35.0,112.0,10.0,192.0,6.0,4.0,0.0,291.0,109.0,16.0,.252,.372,.479,.851,.307,17.34,3060.0,139.0,127.0,2025
656484,Tristan Gray,142,Minnesota Twins,,SS,2026,173.0,159.0,36.0,5.0,0.0,4.0,9.0,0.0,55.0,1.0,3.0,1.0,53.0,28.0,1.0,.226,.267,.333,.600,.311,39.75,679.0,25.0,47.0,86.0,78.0,18.0,5.0,0.0,3.0,6.0,0.0,19.0,0.0,1.0,1.0,32.0,9.0,0.0,.231,.282,.410,.692,.263,26.00,315.0,16.0,27.0,2025
701538,Jackson Merrill,135,San Diego Padres,,CF,2026,369.0,340.0,74.0,15.0,1.0,10.0,25.0,2.0,95.0,1.0,0.0,3.0,121.0,35.0,5.0,.218,.273,.356,.629,.272,34.00,1466.0,80.0,94.0,483.0,440.0,116.0,25.0,6.0,16.0,33.0,1.0,108.0,4.0,5.0,1.0,201.0,67.0,4.0,.264,.317,.457,.774,.312,27.50,1703.0,88.0,134.0,2025
689254,Mason Fluharty,141,Toronto Blue Jays,,P,2026,,,,,,,,,,,,,,,,,,,,,,,,,,,,,,,,,,,,,,,,,,,,,,,,,2025
701542,Will Warren,147,New York Yankees,,P,2026,,,,,,,,,,,,,,,,,,,,,,,,,,,,,,,,,,,,,,,,,,,,,,,,,2025
605288,Adrian Houser,137,San Francisco Giants,,P,2026,,,,,,,,,,,,,,,,,,,,,,,,,,,,,,,,,,,,,,,,,,,,,,,,,2025
656492,Foster Griffin,120,Washington Nationals,,P,2026,,,,,,,,,,,,,,,,,,,,,,,,,,,,,,,,,,,,,,,,,,,,,,,,,2025
676974,Max Meyer,146,Miami Marlins,,P,2026,,,,,,,,,,,,,,,,,,,,,,,,,,,,,,,,,,,,,,,,,,,,,,,,,2025
805999,A.J. Ewing,121,New York Mets,,CF,2026,200.0,174.0,48.0,7.0,1.0,6.0,22.0,0.0,50.0,1.0,1.0,2.0,75.0,23.0,1.0,.276,.359,.431,.790,.353,29.00,834.0,36.0,43.0,,,,,,,,,,,,,,,,,,,,,,,,,2025
689266,Dylan Dodd,144,Atlanta Braves,,P,2026,,,,,,,,,,,,,,,,,,,,,,,,,,,,,,,,,,,,,,,,,,,,,,,,,2025
687221,Dalton Rushing,119,Los Angeles Dodgers,,C,2026,197.0,174.0,46.0,10.0,0.0,10.0,18.0,0.0,51.0,4.0,1.0,0.0,86.0,30.0,2.0,.264,.345,.494,.839,.316,17.40,730.0,32.0,46.0,155.0,142.0,29.0,5.0,0.0,4.0,10.0,0.0,58.0,1.0,2.0,0.0,46.0,24.0,1.0,.204,.258,.324,.582,.305,35.50,600.0,22.0,35.0,2025
703607,Henry Bolte,133,Athletics,,CF,2026,186.0,161.0,47.0,6.0,0.0,3.0,15.0,0.0,49.0,7.0,2.0,0.0,62.0,15.0,3.0,.292,.373,.385,.758,.396,53.67,658.0,45.0,22.0,,,,,,,,,,,,,,,,,,,,,,,,,2025
687223,Carson Palmquist,120,Washington Nationals,,P,2026,,,,,,,,,,,,,,,,,,,,,,,,,,,,,,,,,,,,,,,,,,,,,,,,,2025
695418,Brad Lord,120,Washington Nationals,,P,2026,0.0,0.0,0.0,0.0,0.0,0.0,0.0,0.0,0.0,0.0,0.0,0.0,0.0,0.0,0.0,.000,.000,.000,.000,.---,-.--,0.0,0.0,0.0,,,,,,,,,,,,,,,,,,,,,,,,,2025
666745,Jhony Brito,135,San Diego Padres,,P,2026,,,,,,,,,,,,,,,,,,,,,,,,,,,,,,,,,,,,,,,,,,,,,,,,,2025
664702,Myles Straw,141,Toronto Blue Jays,,RF,2026,156.0,138.0,32.0,6.0,0.0,3.0,13.0,0.0,22.0,0.0,3.0,2.0,47.0,16.0,2.0,.232,.292,.341,.633,.250,46.00,613.0,41.0,48.0,299.0,267.0,70.0,14.0,1.0,4.0,19.0,0.0,50.0,1.0,1.0,11.0,98.0,32.0,5.0,.262,.313,.367,.680,.308,66.75,1104.0,68.0,91.0,2025
703615,Jose Cabrera,109,Arizona Diamondbacks,,P,2026,,,,,,,,,,,,,,,,,,,,,,,,,,,,,,,,,,,,,,,,,,,,,,,,,2025
668804,Bryan Reynolds,134,Pittsburgh Pirates,,LF,2026,401.0,334.0,94.0,21.0,2.0,13.0,60.0,2.0,89.0,5.0,2.0,0.0,158.0,56.0,4.0,.281,.397,.473,.870,.346,25.69,1595.0,86.0,67.0,654.0,587.0,144.0,38.0,3.0,16.0,57.0,1.0,173.0,7.0,3.0,0.0,236.0,73.0,15.0,.245,.318,.402,.720,.319,36.69,2631.0,155.0,118.0,2025
543877,Christian Vázquez,117,Houston Astros,,C,2026,185.0,168.0,37.0,6.0,0.0,4.0,13.0,1.0,32.0,0.0,1.0,3.0,55.0,21.0,2.0,.220,.275,.327,.602,.248,42.00,708.0,49.0,54.0,214.0,190.0,36.0,7.0,0.0,3.0,18.0,0.0,35.0,4.0,2.0,0.0,52.0,14.0,3.0,.189,.271,.274,.545,.214,63.33,833.0,48.0,73.0,2025
547973,Aroldis Chapman,111,Boston Red Sox,,P,2026,0.0,0.0,0.0,0.0,0.0,0.0,0.0,0.0,0.0,0.0,0.0,0.0,0.0,0.0,0.0,.000,.000,.000,.000,.---,-.--,0.0,0.0,0.0,0.0,0.0,0.0,0.0,0.0,0.0,0.0,0.0,0.0,0.0,0.0,0.0,0.0,0.0,0.0,.000,.000,.000,.000,.---,-.--,0.0,0.0,0.0,2025
687239,Ben Peoples,140,Texas Rangers,,P,2026,,,,,,,,,,,,,,,,,,,,,,,,,,,,,,,,,,,,,,,,,,,,,,,,,2025
683146,Brett Baty,121,New York Mets,,3B,2026,308.0,271.0,59.0,13.0,1.0,3.0,29.0,0.0,84.0,3.0,4.0,0.0,83.0,28.0,2.0,.218,.296,.306,.602,.298,90.33,1240.0,63.0,69.0,432.0,393.0,100.0,13.0,2.0,18.0,33.0,0.0,108.0,2.0,3.0,0.0,171.0,50.0,6.0,.254,.313,.435,.748,.304,21.83,1753.0,117.0,71.0,2025
689296,Anthony Nunez,110,Baltimore Orioles,,P,2026,,,,,,,,,,,,,,,,,,,,,,,,,,,,,,,,,,,,,,,,,,,,,,,,,2025
656529,Sam Hentges,137,San Francisco Giants,,P,2026,0.0,0.0,0.0,0.0,0.0,0.0,0.0,0.0,0.0,0.0,0.0,0.0,0.0,0.0,0.0,.000,.000,.000,.000,.---,-.--,0.0,0.0,0.0,,,,,,,,,,,,,,,,,,,,,,,,,2025
642207,Devin Williams,121,New York Mets,,P,2026,0.0,0.0,0.0,0.0,0.0,0.0,0.0,0.0,0.0,0.0,0.0,0.0,0.0,0.0,0.0,.000,.000,.000,.000,.---,-.--,0.0,0.0,0.0,,,,,,,,,,,,,,,,,,,,,,,,,2025
668831,Garrett Stallings,158,Milwaukee Brewers,,P,2026,,,,,,,,,,,,,,,,,,,,,,,,,,,,,,,,,,,,,,,,,,,,,,,,,2025
687263,Zach Neto,108,Los Angeles Angels,,SS,2026,400.0,350.0,80.0,18.0,2.0,19.0,42.0,1.0,128.0,7.0,1.0,0.0,159.0,45.0,2.0,.229,.323,.454,.777,.299,18.42,1581.0,53.0,90.0,554.0,502.0,129.0,29.0,1.0,26.0,33.0,6.0,149.0,14.0,3.0,2.0,238.0,62.0,5.0,.257,.319,.474,.793,.312,19.31,2171.0,96.0,133.0,2025
656550,Grant Holmes,144,Atlanta Braves,,P,2026,,,,,,,,,,,,,,,,,,,,,,,,,,,,,,,,,,,,,,,,,,,,,,,,,2025
656546,Jeff Hoffman,141,Toronto Blue Jays,,P,2026,,,,,,,,,,,,,,,,,,,,,,,,,0.0,0.0,0.0,0.0,0.0,0.0,0.0,0.0,0.0,0.0,0.0,0.0,0.0,0.0,0.0,.000,.000,.000,.000,.---,-.--,0.0,0.0,0.0,2025
642215,Weston Wilson,136,Seattle Mariners,,3B,2026,60.0,53.0,11.0,1.0,0.0,1.0,6.0,0.0,16.0,1.0,0.0,0.0,15.0,5.0,0.0,.208,.300,.283,.583,.278,53.00,248.0,10.0,16.0,125.0,111.0,22.0,4.0,0.0,5.0,12.0,0.0,34.0,1.0,0.0,1.0,41.0,17.0,1.0,.198,.282,.369,.651,.236,22.20,536.0,30.0,26.0,2025
806068,Colt Emerson,136,Seattle Mariners,,SS,2026,149.0,135.0,28.0,5.0,1.0,7.0,12.0,0.0,51.0,2.0,0.0,0.0,56.0,19.0,2.0,.207,.282,.415,.697,.273,19.29,614.0,30.0,26.0,,,,,,,,,,,,,,,,,,,,,,,,,2025
656555,Rhys Hoskins,114,Cleveland Guardians,,1B,2026,254.0,206.0,37.0,13.0,0.0,8.0,41.0,0.0,80.0,3.0,4.0,0.0,74.0,30.0,3.0,.180,.319,.359,.678,.238,25.75,1094.0,30.0,63.0,328.0,279.0,66.0,12.0,1.0,12.0,38.0,2.0,91.0,5.0,6.0,0.0,116.0,43.0,6.0,.237,.332,.416,.748,.297,23.25,1429.0,41.0,87.0,2025
642232,Ryan Yarbrough,147,New York Yankees,,P,2026,,,,,,,,,,,,,,,,,,,,,,,,,,,,,,,,,,,,,,,,,,,,,,,,,2025
693433,Bryan Woo,136,Seattle Mariners,,P,2026,,,,,,,,,,,,,,,,,,,,,,,,,,,,,,,,,,,,,,,,,,,,,,,,,2025
666808,Camilo Doval,147,New York Yankees,,P,2026,,,,,,,,,,,,,,,,,,,,,,,,,,,,,,,,,,,,,,,,,,,,,,,,,2025
672960,Kazuma Okamoto,141,Toronto Blue Jays,,3B,2026,364.0,324.0,76.0,11.0,0.0,20.0,33.0,0.0,113.0,5.0,2.0,0.0,147.0,55.0,5.0,.235,.313,.454,.767,.290,16.20,1529.0,61.0,76.0,,,,,,,,,,,,,,,,,,,,,,,,,2025
656577,Alex Jackson,142,Minnesota Twins,,C,2026,52.0,50.0,15.0,3.0,0.0,1.0,0.0,0.0,15.0,2.0,0.0,0.0,21.0,4.0,0.0,.300,.327,.420,.747,.412,50.00,184.0,11.0,9.0,100.0,91.0,20.0,8.0,0.0,5.0,5.0,0.0,37.0,4.0,0.0,0.0,43.0,8.0,2.0,.220,.290,.473,.763,.306,18.20,399.0,16.0,18.0,2025
664770,Nathan Lukes,141,Toronto Blue Jays,,RF,2026,205.0,186.0,53.0,8.0,0.0,4.0,11.0,0.0,31.0,4.0,1.0,3.0,73.0,17.0,7.0,.285,.337,.392,.729,.322,46.50,815.0,63.0,43.0,438.0,388.0,99.0,19.0,2.0,12.0,38.0,2.0,60.0,2.0,3.0,7.0,158.0,65.0,12.0,.255,.323,.407,.730,.273,32.33,1662.0,125.0,114.0,2025
664774,LaMonte Wade Jr.,117,Houston Astros,,1B,2026,23.0,21.0,4.0,2.0,0.0,1.0,2.0,0.0,7.0,0.0,0.0,0.0,9.0,4.0,0.0,.190,.261,.429,.690,.231,21.00,93.0,4.0,6.0,242.0,209.0,35.0,8.0,2.0,2.0,27.0,1.0,58.0,3.0,1.0,2.0,53.0,18.0,2.0,.167,.271,.254,.525,.220,104.50,1039.0,38.0,81.0,2025
668873,Caleb Kilian,137,San Francisco Giants,,P,2026,,,,,,,,,,,,,,,,,,,,,,,,,,,,,,,,,,,,,,,,,,,,,,,,,2025
691406,Junior Caminero,139,Tampa Bay Rays,,3B,2026,389.0,338.0,95.0,12.0,0.0,26.0,49.0,6.0,71.0,0.0,2.0,0.0,185.0,56.0,16.0,.281,.370,.547,.917,.284,13.00,1511.0,106.0,68.0,653.0,602.0,159.0,28.0,0.0,45.0,41.0,1.0,125.0,3.0,7.0,0.0,322.0,110.0,31.0,.264,.311,.535,.846,.260,13.38,2494.0,169.0,156.0,2025
660688,Keibert Ruiz,120,Washington Nationals,,C,2026,201.0,190.0,53.0,17.0,0.0,6.0,7.0,0.0,26.0,2.0,2.0,0.0,88.0,33.0,5.0,.279,.308,.463,.771,.294,31.67,662.0,50.0,63.0,267.0,255.0,63.0,12.0,0.0,2.0,8.0,0.0,26.0,3.0,1.0,0.0,81.0,25.0,4.0,.247,.277,.318,.595,.268,127.50,888.0,93.0,74.0,2025
687312,Gabriel Hughes,115,Colorado Rockies,,P,2026,,,,,,,,,,,,,,,,,,,,,,,,,,,,,,,,,,,,,,,,,,,,,,,,,2025
695506,Jac Caglianone,118,Kansas City Royals,,RF,2026,329.0,299.0,77.0,13.0,2.0,14.0,25.0,0.0,99.0,4.0,1.0,0.0,136.0,33.0,4.0,.258,.322,.455,.777,.337,21.36,1248.0,68.0,56.0,232.0,210.0,33.0,6.0,1.0,7.0,18.0,0.0,52.0,4.0,0.0,0.0,62.0,18.0,4.0,.157,.237,.295,.532,.172,30.00,858.0,67.0,58.0,2025
693459,Kyler Fedko,142,Minnesota Twins,,LF,2026,19.0,16.0,0.0,0.0,0.0,0.0,2.0,0.0,8.0,0.0,1.0,0.0,0.0,1.0,0.0,.000,.105,.000,.105,.000,-.--,78.0,3.0,6.0,,,,,,,,,,,,,,,,,,,,,,,,,2025
695508,Cam Cauley,140,Texas Rangers,,SS,2026,18.0,16.0,3.0,0.0,1.0,0.0,2.0,0.0,2.0,0.0,0.0,0.0,5.0,0.0,1.0,.188,.278,.313,.591,.214,-.--,58.0,6.0,5.0,,,,,,,,,,,,,,,,,,,,,,,,,2025
668885,Austin Martin,142,Minnesota Twins,,RF,2026,267.0,226.0,56.0,12.0,0.0,2.0,34.0,0.0,48.0,5.0,2.0,0.0,74.0,19.0,4.0,.248,.356,.327,.683,.303,113.00,1056.0,61.0,63.0,181.0,156.0,44.0,8.0,1.0,1.0,22.0,0.0,31.0,1.0,0.0,2.0,57.0,7.0,6.0,.282,.374,.365,.739,.347,156.00,749.0,50.0,33.0,2025
656605,Mitch Keller,134,Pittsburgh Pirates,,P,2026,,,,,,,,,,,,,,,,,,,,,,,,,,,,,,,,,,,,,,,,,,,,,,,,,2025
687330,Kevin Kelly,139,Tampa Bay Rays,,P,2026,,,,,,,,,,,,,,,,,,,,,,,,,0.0,0.0,0.0,0.0,0.0,0.0,0.0,0.0,0.0,0.0,0.0,0.0,0.0,0.0,0.0,.000,.000,.000,.000,.---,-.--,0.0,0.0,0.0,2025
668901,Mark Vientos,121,New York Mets,,1B,2026,253.0,237.0,50.0,9.0,0.0,11.0,12.0,0.0,61.0,2.0,2.0,0.0,92.0,35.0,11.0,.211,.253,.388,.641,.234,21.54,911.0,58.0,70.0,463.0,424.0,99.0,21.0,2.0,17.0,30.0,0.0,115.0,5.0,4.0,0.0,175.0,61.0,11.0,.233,.289,.413,.702,.277,24.94,1764.0,113.0,101.0,2025
670950,Trevor Richards,145,Chicago White Sox,,P,2026,0.0,0.0,0.0,0.0,0.0,0.0,0.0,0.0,0.0,0.0,0.0,0.0,0.0,0.0,0.0,.000,.000,.000,.000,.---,-.--,0.0,0.0,0.0,0.0,0.0,0.0,0.0,0.0,0.0,0.0,0.0,0.0,0.0,0.0,0.0,0.0,0.0,0.0,.000,.000,.000,.000,.---,-.--,0.0,0.0,0.0,2025
660710,Rodolfo Durán,135,San Diego Padres,,C,2026,85.0,76.0,10.0,4.0,0.0,3.0,7.0,0.0,23.0,1.0,0.0,1.0,23.0,8.0,3.0,.132,.214,.303,.517,.140,25.33,333.0,23.0,21.0,,,,,,,,,,,,,,,,,,,,,,,,,2025
668904,Royce Lewis,142,Minnesota Twins,,3B,2026,236.0,210.0,45.0,10.0,0.0,8.0,22.0,0.0,65.0,2.0,2.0,0.0,79.0,25.0,2.0,.214,.292,.376,.668,.266,26.25,931.0,39.0,63.0,403.0,376.0,89.0,18.0,0.0,13.0,25.0,0.0,80.0,0.0,2.0,0.0,146.0,52.0,7.0,.237,.283,.388,.671,.267,28.92,1517.0,76.0,133.0,2025
699625,Jimmy Crooks,138,St. Louis Cardinals,,C,2026,65.0,57.0,9.0,2.0,0.0,1.0,5.0,0.0,21.0,3.0,0.0,0.0,14.0,7.0,1.0,.158,.262,.246,.508,.229,57.00,256.0,14.0,13.0,46.0,45.0,6.0,0.0,1.0,1.0,0.0,0.0,17.0,1.0,0.0,0.0,11.0,1.0,1.0,.133,.152,.244,.396,.185,45.00,199.0,8.0,14.0,2025
701675,Nathan Church,138,St. Louis Cardinals,,LF,2026,244.0,227.0,56.0,9.0,1.0,8.0,13.0,0.0,52.0,2.0,2.0,0.0,91.0,28.0,4.0,.247,.291,.401,.692,.284,28.38,939.0,59.0,62.0,65.0,56.0,10.0,1.0,0.0,1.0,3.0,0.0,18.0,3.0,1.0,2.0,14.0,8.0,0.0,.179,.254,.250,.504,.237,56.00,257.0,20.0,11.0,2025
668909,Gavin Williams,114,Cleveland Guardians,,P,2026,,,,,,,,,,,,,,,,,,,,,,,,,,,,,,,,,,,,,,,,,,,,,,,,,2025
701678,Hao-Yu Lee,116,Detroit Tigers,,2B,2026,148.0,140.0,35.0,6.0,1.0,4.0,7.0,0.0,41.0,0.0,0.0,1.0,55.0,15.0,1.0,.250,.286,.393,.679,.326,35.00,520.0,24.0,41.0,,,,,,,,,,,,,,,,,,,,,,,,,2025
681198,TJ Rumfield,115,Colorado Rockies,,1B,2026,364.0,320.0,95.0,20.0,2.0,12.0,35.0,0.0,52.0,7.0,2.0,0.0,155.0,47.0,2.0,.297,.376,.484,.860,.322,26.67,1358.0,86.0,89.0,,,,,,,,,,,,,,,,,,,,,,,,,2025
685299,Tanner Gordon,115,Colorado Rockies,,P,2026,,,,,,,,,,,,,,,,,,,,,,,,,,,,,,,,,,,,,,,,,,,,,,,,,2025
650489,Willi Castro,115,Colorado Rockies,,2B,2026,309.0,277.0,74.0,13.0,0.0,6.0,27.0,0.0,83.0,4.0,1.0,0.0,105.0,35.0,3.0,.267,.340,.379,.719,.360,46.17,1244.0,50.0,71.0,454.0,402.0,91.0,17.0,3.0,11.0,40.0,1.0,111.0,11.0,0.0,1.0,147.0,33.0,12.0,.226,.313,.366,.679,.286,36.54,1735.0,93.0,108.0,2025
650490,Yandy Díaz,139,Tampa Bay Rays,,DH,2026,372.0,323.0,103.0,15.0,1.0,13.0,37.0,4.0,52.0,9.0,3.0,0.0,159.0,55.0,9.0,.319,.401,.492,.893,.345,24.85,1387.0,97.0,74.0,651.0,583.0,175.0,29.0,1.0,25.0,57.0,4.0,92.0,6.0,5.0,0.0,281.0,83.0,12.0,.300,.366,.482,.848,.318,23.32,2525.0,193.0,128.0,2025
670970,Adrian Morejon,135,San Diego Padres,,P,2026,,,,,,,,,,,,,,,,,,,,,,,,,,,,,,,,,,,,,,,,,,,,,,,,,2025
656638,Alex Lange,118,Kansas City Royals,,P,2026,0.0,0.0,0.0,0.0,0.0,0.0,0.0,0.0,0.0,0.0,0.0,0.0,0.0,0.0,0.0,.000,.000,.000,.000,.---,-.--,0.0,0.0,0.0,,,,,,,,,,,,,,,,,,,,,,,,,2025
681217,Chase Silseth,108,Los Angeles Angels,,P,2026,,,,,,,,,,,,,,,,,,,,,,,,,,,,,,,,,,,,,,,,,,,,,,,,,2025
668930,Brice Turang,158,Milwaukee Brewers,,2B,2026,397.0,341.0,91.0,22.0,3.0,12.0,51.0,3.0,101.0,0.0,2.0,3.0,155.0,54.0,7.0,.267,.360,.455,.815,.343,28.42,1659.0,90.0,64.0,659.0,584.0,168.0,28.0,2.0,18.0,66.0,1.0,150.0,2.0,5.0,2.0,254.0,81.0,3.0,.288,.359,.435,.794,.356,32.44,2772.0,132.0,141.0,2025
691458,Blaze Jordan,138,St. Louis Cardinals,,3B,2026,74.0,67.0,15.0,3.0,1.0,1.0,3.0,0.0,8.0,0.0,4.0,0.0,23.0,13.0,2.0,.224,.243,.343,.586,.226,67.00,258.0,26.0,22.0,,,,,,,,,,,,,,,,,,,,,,,,,2025
656641,Jacob Latz,140,Texas Rangers,,P,2026,0.0,0.0,0.0,0.0,0.0,0.0,0.0,0.0,0.0,0.0,0.0,0.0,0.0,0.0,0.0,.000,.000,.000,.000,.---,-.--,0.0,0.0,0.0,,,,,,,,,,,,,,,,,,,,,,,,,2025
689414,Liam Hicks,146,Miami Marlins,,C,2026,324.0,281.0,83.0,8.0,1.0,13.0,31.0,1.0,30.0,5.0,6.0,1.0,132.0,56.0,3.0,.295,.368,.470,.838,.287,21.62,1169.0,84.0,91.0,390.0,332.0,82.0,13.0,1.0,6.0,43.0,0.0,56.0,9.0,3.0,3.0,115.0,45.0,5.0,.247,.346,.346,.692,.278,55.33,1537.0,101.0,99.0,2025
605447,Jordan Romano,115,Colorado Rockies,,P,2026,,,,,,,,,,,,,,,,,,,,,,,,,,,,,,,,,,,,,,,,,,,,,,,,,2025
668939,Adley Rutschman,110,Baltimore Orioles,,C,2026,258.0,228.0,59.0,18.0,1.0,8.0,24.0,0.0,39.0,1.0,5.0,0.0,103.0,47.0,6.0,.259,.326,.452,.778,.274,28.50,1055.0,57.0,78.0,365.0,322.0,71.0,16.0,2.0,9.0,40.0,0.0,57.0,1.0,2.0,0.0,118.0,29.0,8.0,.220,.307,.366,.673,.240,35.78,1491.0,93.0,103.0,2025
668941,JoJo Romero,138,St. Louis Cardinals,,P,2026,,,,,,,,,,,,,,,,,,,,,,,,,,,,,,,,,,,,,,,,,,,,,,,,,2025
670990,Yohan Ramírez,134,Pittsburgh Pirates,,P,2026,,,,,,,,,,,,,,,,,,,,,,,,,,,,,,,,,,,,,,,,,,,,,,,,,2025
668942,Josh Rojas,118,Kansas City Royals,,3B,2026,25.0,25.0,4.0,1.0,0.0,1.0,0.0,0.0,5.0,0.0,0.0,0.0,8.0,4.0,0.0,.160,.160,.320,.480,.158,25.00,85.0,7.0,9.0,211.0,189.0,34.0,9.0,0.0,2.0,19.0,0.0,48.0,0.0,2.0,1.0,49.0,11.0,6.0,.180,.252,.259,.511,.227,94.50,797.0,51.0,59.0,2025
664849,Danny Young,144,Atlanta Braves,,P,2026,,,,,,,,,,,,,,,,,,,,,,,,,,,,,,,,,,,,,,,,,,,,,,,,,2025
687377,Orlando Ribalta,120,Washington Nationals,,P,2026,0.0,0.0,0.0,0.0,0.0,0.0,0.0,0.0,0.0,0.0,0.0,0.0,0.0,0.0,0.0,.000,.000,.000,.000,.---,-.--,0.0,0.0,0.0,,,,,,,,,,,,,,,,,,,,,,,,,2025
615698,Cal Quantrill,140,Texas Rangers,,P,2026,,,,,,,,,,,,,,,,,,,,,,,,,,,,,,,,,,,,,,,,,,,,,,,,,2025
668952,Ryan Kreidler,142,Minnesota Twins,,CF,2026,133.0,121.0,31.0,4.0,2.0,5.0,11.0,0.0,25.0,1.0,0.0,0.0,54.0,23.0,4.0,.256,.323,.446,.769,.286,24.20,503.0,35.0,30.0,44.0,38.0,4.0,0.0,0.0,0.0,4.0,0.0,19.0,0.0,0.0,2.0,4.0,0.0,0.0,.105,.190,.105,.295,.211,-.--,179.0,9.0,8.0,2025
660761,José Suarez,133,Athletics,,P,2026,,,,,,,,,,,,,,,,,,,,,,,,,,,,,,,,,,,,,,,,,,,,,,,,,2025
695578,James Wood,120,Washington Nationals,,RF,2026,435.0,355.0,96.0,22.0,1.0,25.0,74.0,8.0,126.0,4.0,2.0,0.0,195.0,61.0,3.0,.270,.400,.549,.949,.345,14.20,1827.0,67.0,68.0,689.0,598.0,153.0,38.0,0.0,31.0,85.0,8.0,221.0,3.0,3.0,0.0,284.0,94.0,12.0,.256,.350,.475,.825,.350,19.29,2887.0,143.0,84.0,2025
687394,Jack Brannigan,134,Pittsburgh Pirates,,SS,2026,1.0,1.0,0.0,0.0,0.0,0.0,0.0,0.0,1.0,0.0,0.0,0.0,0.0,0.0,0.0,.000,.000,.000,.000,.---,-.--,3.0,0.0,0.0,,,,,,,,,,,,,,,,,,,,,,,,,2025
687396,Brent Headrick,147,New York Yankees,,P,2026,,,,,,,,,,,,,,,,,,,,,,,,,,,,,,,,,,,,,,,,,,,,,,,,,2025
687401,Joey Ortiz,158,Milwaukee Brewers,,SS,2026,223.0,196.0,44.0,6.0,0.0,3.0,20.0,0.0,40.0,0.0,3.0,4.0,59.0,22.0,5.0,.224,.292,.301,.593,.263,65.33,844.0,61.0,58.0,506.0,470.0,108.0,18.0,1.0,7.0,27.0,0.0,74.0,3.0,0.0,6.0,149.0,45.0,10.0,.230,.276,.317,.593,.260,67.14,1873.0,132.0,162.0,2025
668970,Gavin Hollowell,112,Chicago Cubs,,P,2026,,,,,,,,,,,,,,,,,,,,,,,,,,,,,,,,,,,,,,,,,,,,,,,,,2025
664875,Justin Lawrence,120,Washington Nationals,,P,2026,,,,,,,,,,,,,,,,,,,,,,,,,,,,,,,,,,,,,,,,,,,,,,,,,2025
806188,Cade Gibson,146,Miami Marlins,,P,2026,0.0,0.0,0.0,0.0,0.0,0.0,0.0,0.0,0.0,0.0,0.0,0.0,0.0,0.0,0.0,.000,.000,.000,.000,.---,-.--,0.0,0.0,0.0,,,,,,,,,,,,,,,,,,,,,,,,,2025
642350,Jose Siri,108,Los Angeles Angels,,CF,2026,90.0,80.0,20.0,3.0,0.0,5.0,6.0,0.0,24.0,1.0,1.0,2.0,38.0,17.0,3.0,.250,.307,.475,.782,.288,16.00,342.0,18.0,21.0,36.0,32.0,2.0,2.0,0.0,0.0,4.0,0.0,17.0,0.0,0.0,0.0,4.0,1.0,0.0,.063,.167,.125,.292,.133,-.--,162.0,3.0,10.0,2025
605488,Jeffrey Springs,133,Athletics,,P,2026,,,,,,,,,,,,,,,,,,,,,,,,,,,,,,,,,,,,,,,,,,,,,,,,,2025
695600,Carter Jensen,118,Kansas City Royals,,C,2026,327.0,292.0,72.0,17.0,0.0,13.0,29.0,1.0,91.0,1.0,5.0,0.0,128.0,48.0,3.0,.247,.312,.438,.750,.306,22.46,1314.0,43.0,91.0,69.0,60.0,18.0,6.0,0.0,3.0,9.0,0.0,12.0,0.0,0.0,0.0,33.0,13.0,1.0,.300,.391,.550,.941,.333,20.00,293.0,17.0,13.0,2025
800050,Chase DeLauter,114,Cleveland Guardians,,RF,2026,310.0,279.0,77.0,16.0,1.0,8.0,29.0,0.0,42.0,0.0,2.0,0.0,119.0,41.0,6.0,.276,.342,.427,.769,.299,34.88,1174.0,71.0,91.0,,,,,,,,,,,,,,,,,,,,,,,,,2025
800048,Parker Messick,114,Cleveland Guardians,,P,2026,,,,,,,,,,,,,,,,,,,,,,,,,,,,,,,,,,,,,,,,,,,,,,,,,2025
607536,Kyle Freeland,115,Colorado Rockies,,P,2026,0.0,0.0,0.0,0.0,0.0,0.0,0.0,0.0,0.0,0.0,0.0,0.0,0.0,0.0,0.0,.000,.000,.000,.000,.---,-.--,0.0,0.0,0.0,,,,,,,,,,,,,,,,,,,,,,,,,2025
806198,Cooper Pratt,158,Milwaukee Brewers,,SS,2026,73.0,60.0,13.0,2.0,1.0,0.0,11.0,0.0,12.0,1.0,1.0,0.0,17.0,4.0,3.0,.217,.342,.283,.625,.265,-.--,277.0,23.0,13.0,,,,,,,,,,,,,,,,,,,,,,,,,2025
668984,Casey Legumina,139,Tampa Bay Rays,,P,2026,,,,,,,,,,,,,,,,,,,,,,,,,0.0,0.0,0.0,0.0,0.0,0.0,0.0,0.0,0.0,0.0,0.0,0.0,0.0,0.0,0.0,.000,.000,.000,.000,.---,-.--,0.0,0.0,0.0,2025
695611,Gage Jump,133,Athletics,,P,2026,,,,,,,,,,,,,,,,,,,,,,,,,,,,,,,,,,,,,,,,,,,,,,,,,2025
650556,Bryan Abreu,117,Houston Astros,,P,2026,,,,,,,,,,,,,,,,,,,,,,,,,0.0,0.0,0.0,0.0,0.0,0.0,0.0,0.0,0.0,0.0,0.0,0.0,0.0,0.0,0.0,.000,.000,.000,.000,.---,-.--,0.0,0.0,0.0,2025
701762,Nick Kurtz,133,Athletics,,1B,2026,407.0,329.0,89.0,15.0,1.0,20.0,76.0,9.0,128.0,2.0,0.0,0.0,166.0,66.0,5.0,.271,.410,.505,.915,.381,16.45,1731.0,54.0,58.0,489.0,420.0,122.0,26.0,2.0,36.0,63.0,3.0,151.0,2.0,3.0,0.0,260.0,86.0,4.0,.290,.383,.619,1.002,.364,11.67,1954.0,73.0,77.0,2025
669003,Garrett Mitchell,158,Milwaukee Brewers,,CF,2026,289.0,250.0,68.0,17.0,3.0,8.0,35.0,1.0,96.0,2.0,1.0,1.0,115.0,43.0,2.0,.272,.365,.460,.825,.408,31.25,1164.0,52.0,36.0,78.0,68.0,14.0,4.0,1.0,0.0,7.0,0.0,25.0,1.0,1.0,1.0,20.0,3.0,0.0,.206,.286,.294,.580,.318,-.--,303.0,17.0,14.0,2025
656716,Zach McKinstry,116,Detroit Tigers,,2B,2026,229.0,202.0,41.0,6.0,2.0,3.0,23.0,1.0,39.0,0.0,2.0,2.0,60.0,16.0,3.0,.203,.282,.297,.579,.235,67.33,886.0,59.0,67.0,511.0,452.0,117.0,23.0,11.0,12.0,46.0,1.0,111.0,7.0,5.0,1.0,198.0,49.0,6.0,.259,.333,.438,.771,.314,37.67,2035.0,116.0,114.0,2025
681293,Spencer Arrighetti,117,Houston Astros,,P,2026,,,,,,,,,,,,,,,,,,,,,,,,,,,,,,,,,,,,,,,,,,,,,,,,,2025
671056,Iván Herrera,138,St. Louis Cardinals,,DH,2026,403.0,327.0,83.0,14.0,1.0,11.0,50.0,4.0,65.0,24.0,2.0,0.0,132.0,40.0,12.0,.254,.390,.404,.794,.285,29.73,1554.0,102.0,79.0,452.0,388.0,110.0,13.0,0.0,19.0,43.0,1.0,84.0,15.0,4.0,0.0,180.0,66.0,20.0,.284,.373,.464,.837,.315,20.42,1809.0,115.0,83.0,2025
681297,Colton Cowser,110,Baltimore Orioles,,CF,2026,223.0,193.0,43.0,3.0,0.0,8.0,26.0,0.0,67.0,1.0,2.0,1.0,70.0,27.0,1.0,.223,.315,.363,.678,.292,24.12,943.0,39.0,47.0,360.0,327.0,64.0,14.0,0.0,16.0,27.0,1.0,128.0,6.0,0.0,0.0,126.0,40.0,5.0,.196,.269,.385,.654,.262,20.44,1486.0,71.0,64.0,2025
660825,Eduard Bazardo,136,Seattle Mariners,,P,2026,,,,,,,,,,,,,,,,,,,,,,,,,,,,,,,,,,,,,,,,,,,,,,,,,2025
656730,Trevor Megill,158,Milwaukee Brewers,,P,2026,0.0,0.0,0.0,0.0,0.0,0.0,0.0,0.0,0.0,0.0,0.0,0.0,0.0,0.0,0.0,.000,.000,.000,.000,.---,-.--,0.0,0.0,0.0,,,,,,,,,,,,,,,,,,,,,,,,,2025
669020,Ryan Rolison,112,Chicago Cubs,,P,2026,0.0,0.0,0.0,0.0,0.0,0.0,0.0,0.0,0.0,0.0,0.0,0.0,0.0,0.0,0.0,.000,.000,.000,.000,.---,-.--,0.0,0.0,0.0,,,,,,,,,,,,,,,,,,,,,,,,,2025
802139,JJ Wetherholt,138,St. Louis Cardinals,,2B,2026,391.0,338.0,89.0,9.0,0.0,13.0,38.0,2.0,61.0,13.0,2.0,0.0,137.0,36.0,1.0,.263,.358,.405,.763,.286,26.00,1530.0,88.0,102.0,,,,,,,,,,,,,,,,,,,,,,,,,2025
642397,Gregory Soto,134,Pittsburgh Pirates,,P,2026,,,,,,,,,,,,,,,,,,,,,,,,,,,,,,,,,,,,,,,,,,,,,,,,,2025
683357,Owen Caissie,146,Miami Marlins,,RF,2026,246.0,218.0,52.0,12.0,0.0,12.0,18.0,0.0,96.0,3.0,7.0,0.0,100.0,50.0,2.0,.239,.297,.459,.756,.342,18.17,1019.0,29.0,48.0,27.0,26.0,5.0,1.0,0.0,1.0,1.0,0.0,11.0,0.0,0.0,0.0,9.0,4.0,0.0,.192,.222,.346,.568,.286,26.00,103.0,4.0,6.0,2025
666974,Yennier Cano,110,Baltimore Orioles,,P,2026,,,,,,,,,,,,,,,,,,,,,,,,,0.0,0.0,0.0,0.0,0.0,0.0,0.0,0.0,0.0,0.0,0.0,0.0,0.0,0.0,0.0,.000,.000,.000,.000,.---,-.--,0.0,0.0,0.0,2025
669022,MacKenzie Gore,140,Texas Rangers,,P,2026,,,,,,,,,,,,,,,,,,,,,,,,,,,,,,,,,,,,,,,,,,,,,,,,,2025
666971,Lourdes Gurriel Jr.,109,Arizona Diamondbacks,,LF,2026,168.0,154.0,34.0,8.0,0.0,2.0,10.0,0.0,30.0,2.0,2.0,0.0,48.0,20.0,0.0,.221,.274,.312,.586,.258,77.00,606.0,39.0,53.0,546.0,500.0,124.0,24.0,2.0,19.0,31.0,0.0,76.0,6.0,9.0,0.0,209.0,80.0,11.0,.248,.295,.418,.713,.254,26.32,1994.0,121.0,188.0,2025
630105,Jake Cronenworth,135,San Diego Padres,,2B,2026,145.0,126.0,23.0,2.0,0.0,3.0,15.0,0.0,32.0,3.0,0.0,1.0,34.0,10.0,1.0,.183,.285,.270,.555,.220,42.00,604.0,40.0,32.0,515.0,419.0,103.0,20.0,1.0,11.0,69.0,1.0,107.0,15.0,7.0,4.0,158.0,59.0,4.0,.246,.367,.377,.744,.299,38.09,2184.0,101.0,119.0,2025
695657,Colson Montgomery,145,Chicago White Sox,,SS,2026,360.0,321.0,71.0,16.0,0.0,23.0,30.0,3.0,112.0,9.0,0.0,0.0,156.0,53.0,4.0,.221,.306,.486,.792,.258,13.96,1342.0,51.0,87.0,284.0,255.0,61.0,9.0,1.0,21.0,25.0,1.0,83.0,2.0,1.0,0.0,135.0,55.0,3.0,.239,.311,.529,.840,.263,12.14,1082.0,50.0,62.0,2025
701807,Carson Benge,121,New York Mets,,RF,2026,366.0,336.0,88.0,12.0,2.0,11.0,26.0,0.0,78.0,4.0,0.0,0.0,137.0,36.0,3.0,.262,.322,.408,.730,.312,30.54,1499.0,85.0,85.0,,,,,,,,,,,,,,,,,,,,,,,,,2025
671083,Buddy Kennedy,136,Seattle Mariners,,1B,2026,9.0,8.0,0.0,0.0,0.0,0.0,1.0,0.0,4.0,0.0,0.0,0.0,0.0,0.0,0.0,.000,.111,.000,.111,.000,-.--,51.0,0.0,4.0,32.0,29.0,2.0,1.0,0.0,0.0,2.0,0.0,8.0,1.0,0.0,0.0,3.0,1.0,0.0,.069,.156,.103,.259,.095,-.--,127.0,7.0,12.0,2025
660853,Enyel De Los Santos,117,Houston Astros,,P,2026,,,,,,,,,,,,,,,,,,,,,,,,,0.0,0.0,0.0,0.0,0.0,0.0,0.0,0.0,0.0,0.0,0.0,0.0,0.0,0.0,0.0,.000,.000,.000,.000,.---,-.--,0.0,0.0,0.0,2025
691587,Eury Pérez,146,Miami Marlins,,P,2026,,,,,,,,,,,,,,,,,,,,,,,,,,,,,,,,,,,,,,,,,,,,,,,,,2025
664954,Brett Sullivan,115,Colorado Rockies,,C,2026,128.0,118.0,26.0,7.0,0.0,4.0,6.0,0.0,23.0,1.0,2.0,1.0,45.0,15.0,3.0,.220,.260,.381,.641,.237,29.50,455.0,28.0,44.0,9.0,6.0,1.0,0.0,0.0,0.0,1.0,0.0,3.0,1.0,1.0,0.0,1.0,2.0,0.0,.167,.333,.167,.500,.250,-.--,36.0,0.0,3.0,2025
669062,Erik Miller,137,San Francisco Giants,,P,2026,,,,,,,,,,,,,,,,,,,,,,,,,,,,,,,,,,,,,,,,,,,,,,,,,2025
656775,Cedric Mullins,139,Tampa Bay Rays,,CF,2026,304.0,265.0,55.0,4.0,1.0,10.0,26.0,0.0,62.0,5.0,2.0,4.0,91.0,29.0,2.0,.208,.289,.343,.632,.231,26.50,1193.0,37.0,117.0,498.0,435.0,94.0,23.0,1.0,17.0,50.0,0.0,120.0,4.0,6.0,3.0,170.0,59.0,2.0,.216,.299,.391,.690,.253,25.59,2112.0,79.0,151.0,2025
681351,Logan O'Hoppe,108,Los Angeles Angels,,C,2026,216.0,197.0,45.0,8.0,0.0,4.0,14.0,0.0,52.0,3.0,1.0,1.0,65.0,23.0,4.0,.228,.288,.330,.618,.289,49.25,781.0,36.0,66.0,451.0,423.0,90.0,8.0,1.0,19.0,24.0,0.0,139.0,2.0,1.0,1.0,157.0,43.0,12.0,.213,.258,.371,.629,.267,22.26,1758.0,89.0,107.0,2025
669065,Kyle Stowers,146,Miami Marlins,,LF,2026,287.0,251.0,61.0,16.0,3.0,11.0,27.0,2.0,90.0,6.0,2.0,1.0,116.0,40.0,7.0,.243,.329,.462,.791,.329,22.82,1085.0,46.0,57.0,457.0,399.0,115.0,21.0,3.0,25.0,48.0,3.0,125.0,5.0,4.0,1.0,217.0,73.0,6.0,.288,.368,.544,.912,.356,15.96,1712.0,79.0,85.0,2025
689546,Nick Davila,136,Seattle Mariners,,P,2026,,,,,,,,,,,,,,,,,,,,,,,,,,,,,,,,,,,,,,,,,,,,,,,,,2025
691594,Javier Sanoja,146,Miami Marlins,,3B,2026,229.0,213.0,59.0,16.0,2.0,3.0,14.0,0.0,21.0,0.0,1.0,1.0,88.0,34.0,3.0,.277,.320,.413,.733,.295,71.00,760.0,64.0,71.0,342.0,313.0,76.0,22.0,4.0,6.0,19.0,0.0,41.0,2.0,4.0,4.0,124.0,38.0,2.0,.243,.287,.396,.683,.259,52.17,1218.0,97.0,107.0,2025
607625,Seth Lugo,118,Kansas City Royals,,P,2026,,,,,,,,,,,,,,,,,,,,,,,,,,,,,,,,,,,,,,,,,,,,,,,,,2025
650633,Michael King,135,San Diego Padres,,P,2026,,,,,,,,,,,,,,,,,,,,,,,,,,,,,,,,,,,,,,,,,,,,,,,,,2025
693645,Cam Schlittler,147,New York Yankees,,P,2026,,,,,,,,,,,,,,,,,,,,,,,,,,,,,,,,,,,,,,,,,,,,,,,,,2025
683409,Angel Chivilli,147,New York Yankees,,P,2026,,,,,,,,,,,,,,,,,,,,,,,,,0.0,0.0,0.0,0.0,0.0,0.0,0.0,0.0,0.0,0.0,0.0,0.0,0.0,0.0,0.0,.000,.000,.000,.000,.---,-.--,0.0,0.0,0.0,2025
595345,Steven Okert,117,Houston Astros,,P,2026,,,,,,,,,,,,,,,,,,,,,,,,,,,,,,,,,,,,,,,,,,,,,,,,,2025
650644,Aaron Civale,133,Athletics,,P,2026,,,,,,,,,,,,,,,,,,,,,,,,,,,,,,,,,,,,,,,,,,,,,,,,,2025
544150,Albert Suárez,110,Baltimore Orioles,,P,2026,,,,,,,,,,,,,,,,,,,,,,,,,,,,,,,,,,,,,,,,,,,,,,,,,2025
656794,Sean Newcomb,145,Chicago White Sox,,P,2026,,,,,,,,,,,,,,,,,,,,,,,,,,,,,,,,,,,,,,,,,,,,,,,,,2025
664983,Jake McCarthy,115,Colorado Rockies,,CF,2026,286.0,261.0,79.0,16.0,6.0,9.0,15.0,0.0,50.0,3.0,3.0,4.0,134.0,51.0,3.0,.303,.344,.513,.857,.341,29.00,956.0,70.0,69.0,222.0,206.0,42.0,7.0,5.0,4.0,10.0,0.0,40.0,2.0,1.0,3.0,71.0,20.0,2.0,.204,.247,.345,.592,.233,51.50,846.0,83.0,45.0,2025
687515,Colby Thomas,133,Athletics,,RF,2026,95.0,90.0,20.0,3.0,0.0,4.0,4.0,0.0,27.0,0.0,0.0,1.0,35.0,11.0,1.0,.222,.255,.389,.644,.271,22.50,353.0,13.0,31.0,132.0,120.0,27.0,5.0,0.0,6.0,7.0,0.0,49.0,1.0,3.0,1.0,50.0,19.0,3.0,.225,.267,.417,.684,.309,20.00,481.0,21.0,27.0,2025
701852,Drew Cavanaugh,137,San Francisco Giants,,C,2026,25.0,23.0,4.0,0.0,0.0,0.0,1.0,0.0,6.0,0.0,0.0,1.0,4.0,2.0,0.0,.174,.208,.174,.382,.235,-.--,96.0,5.0,9.0,,,,,,,,,,,,,,,,,,,,,,,,,2025
664991,Grant Wolfram,110,Baltimore Orioles,,P,2026,,,,,,,,,,,,,,,,,,,,,,,,,,,,,,,,,,,,,,,,,,,,,,,,,2025
656811,Ryan O'Hearn,134,Pittsburgh Pirates,,RF,2026,319.0,290.0,85.0,12.0,0.0,16.0,25.0,1.0,70.0,2.0,2.0,0.0,145.0,61.0,12.0,.293,.351,.500,.851,.335,18.12,1260.0,69.0,68.0,544.0,474.0,133.0,21.0,1.0,17.0,58.0,4.0,109.0,8.0,4.0,0.0,207.0,63.0,11.0,.281,.366,.437,.803,.330,27.88,2173.0,117.0,119.0,2025
687531,William Kempner,146,Miami Marlins,,P,2026,0.0,0.0,0.0,0.0,0.0,0.0,0.0,0.0,0.0,0.0,0.0,0.0,0.0,0.0,0.0,.000,.000,.000,.000,.---,-.--,0.0,0.0,0.0,,,,,,,,,,,,,,,,,,,,,,,,,2025
695731,Braden Montgomery,145,Chicago White Sox,,RF,2026,97.0,86.0,20.0,8.0,0.0,2.0,10.0,0.0,21.0,0.0,1.0,0.0,34.0,8.0,3.0,.233,.309,.395,.704,.281,43.00,361.0,30.0,16.0,,,,,,,,,,,,,,,,,,,,,,,,,2025
693686,Spencer Miles,141,Toronto Blue Jays,,P,2026,,,,,,,,,,,,,,,,,,,,,,,,,,,,,,,,,,,,,,,,,,,,,,,,,2025
671162,Connor Thomas,144,Atlanta Braves,,P,2026,,,,,,,,,,,,,,,,,,,,,,,,,,,,,,,,,,,,,,,,,,,,,,,,,2025
695734,Daylen Lile,120,Washington Nationals,,LF,2026,388.0,356.0,89.0,20.0,3.0,10.0,24.0,1.0,68.0,4.0,4.0,0.0,145.0,43.0,6.0,.250,.302,.407,.709,.280,35.60,1349.0,84.0,119.0,351.0,321.0,96.0,15.0,11.0,9.0,21.0,0.0,56.0,4.0,3.0,1.0,160.0,41.0,5.0,.299,.347,.498,.845,.336,35.67,1306.0,73.0,100.0,2025
665019,Kody Clemens,142,Minnesota Twins,,1B,2026,310.0,282.0,70.0,17.0,3.0,16.0,20.0,1.0,68.0,5.0,1.0,2.0,141.0,44.0,5.0,.248,.308,.500,.808,.271,17.62,1209.0,65.0,82.0,386.0,348.0,74.0,12.0,4.0,19.0,29.0,1.0,93.0,5.0,2.0,2.0,151.0,52.0,4.0,.213,.281,.434,.715,.231,18.32,1529.0,73.0,112.0,2025
679358,Eric Orze,142,Minnesota Twins,,P,2026,,,,,,,,,,,,,,,,,,,,,,,,,,,,,,,,,,,,,,,,,,,,,,,,,2025
687551,Drew Gilbert,137,San Francisco Giants,,CF,2026,198.0,173.0,42.0,9.0,2.0,4.0,18.0,2.0,34.0,4.0,1.0,2.0,67.0,19.0,4.0,.243,.327,.387,.714,.279,43.25,741.0,51.0,49.0,109.0,100.0,19.0,5.0,1.0,3.0,7.0,0.0,20.0,1.0,1.0,0.0,35.0,13.0,2.0,.190,.248,.350,.598,.205,33.33,416.0,34.0,28.0,2025
640448,Kyle Finnegan,116,Detroit Tigers,,P,2026,,,,,,,,,,,,,,,,,,,,,,,,,,,,,,,,,,,,,,,,,,,,,,,,,2025
640454,Matt Krook,120,Washington Nationals,,P,2026,,,,,,,,,,,,,,,,,,,,,,,,,,,,,,,,,,,,,,,,,,,,,,,,,2025
669127,Shea Langeliers,133,Athletics,,C,2026,367.0,333.0,88.0,16.0,0.0,20.0,29.0,2.0,77.0,4.0,1.0,0.0,164.0,45.0,4.0,.264,.330,.492,.822,.287,16.65,1347.0,61.0,108.0,523.0,481.0,133.0,32.0,0.0,31.0,36.0,1.0,103.0,1.0,5.0,0.0,258.0,72.0,10.0,.277,.325,.536,.861,.290,15.52,1924.0,107.0,143.0,2025
640455,Sean Manaea,121,New York Mets,,P,2026,,,,,,,,,,,,,,,,,,,,,,,,,,,,,,,,,,,,,,,,,,,,,,,,,2025
687562,Jake Bennett,111,Boston Red Sox,,P,2026,,,,,,,,,,,,,,,,,,,,,,,,,,,,,,,,,,,,,,,,,,,,,,,,,2025
640459,Brian Navarreto,146,Miami Marlins,,C,2026,12.0,9.0,2.0,1.0,0.0,0.0,1.0,0.0,2.0,0.0,0.0,2.0,3.0,0.0,0.0,.222,.300,.333,.633,.286,-.--,37.0,4.0,3.0,15.0,14.0,4.0,2.0,0.0,1.0,0.0,0.0,3.0,0.0,1.0,0.0,9.0,5.0,0.0,.286,.267,.643,.910,.273,14.00,42.0,5.0,3.0,2025
669134,Luis Campusano,135,San Diego Padres,,C,2026,68.0,60.0,18.0,7.0,0.0,3.0,7.0,0.0,17.0,1.0,0.0,0.0,34.0,10.0,0.0,.300,.382,.567,.949,.375,20.00,266.0,13.0,12.0,27.0,21.0,0.0,0.0,0.0,0.0,6.0,0.0,11.0,0.0,0.0,0.0,0.0,0.0,2.0,.000,.222,.000,.222,.000,-.--,126.0,9.0,1.0,2025
656848,Michael Petersen,146,Miami Marlins,,P,2026,,,,,,,,,,,,,,,,,,,,,,,,,,,,,,,,,,,,,,,,,,,,,,,,,2025
656849,David Peterson,112,Chicago Cubs,,P,2026,,,,,,,,,,,,,,,,,,,,,,,,,,,,,,,,,,,,,,,,,,,,,,,,,2025
687570,Connor Prielipp,142,Minnesota Twins,,P,2026,,,,,,,,,,,,,,,,,,,,,,,,,,,,,,,,,,,,,,,,,,,,,,,,,2025
673237,Yainer Diaz,117,Houston Astros,,C,2026,161.0,153.0,37.0,7.0,0.0,5.0,5.0,0.0,26.0,1.0,2.0,0.0,59.0,21.0,5.0,.242,.267,.386,.653,.258,30.60,520.0,60.0,32.0,567.0,542.0,139.0,25.0,1.0,20.0,20.0,2.0,95.0,2.0,3.0,0.0,226.0,70.0,13.0,.256,.284,.417,.701,.277,27.10,1871.0,162.0,149.0,2025
665052,Griffin Conine,146,Miami Marlins,,LF,2026,77.0,65.0,15.0,3.0,0.0,3.0,10.0,0.0,24.0,2.0,0.0,0.0,27.0,10.0,0.0,.231,.351,.415,.766,.316,21.67,297.0,20.0,6.0,86.0,79.0,20.0,7.0,0.0,2.0,7.0,0.0,25.0,0.0,0.0,0.0,33.0,8.0,0.0,.253,.314,.418,.732,.346,39.50,338.0,21.0,13.0,2025
521692,Salvador Perez,118,Kansas City Royals,,C,2026,355.0,331.0,70.0,13.0,0.0,11.0,13.0,1.0,72.0,7.0,4.0,0.0,116.0,35.0,12.0,.211,.254,.350,.604,.234,30.09,1308.0,81.0,112.0,641.0,597.0,141.0,35.0,0.0,30.0,28.0,5.0,125.0,12.0,1.0,0.0,266.0,100.0,14.0,.236,.284,.446,.730,.251,19.90,2267.0,145.0,187.0,2025
669160,Dustin May,138,St. Louis Cardinals,,P,2026,,,,,,,,,,,,,,,,,,,,,,,,,,,,,,,,,,,,,,,,,,,,,,,,,2025
642528,Jonathan Loáisiga,109,Arizona Diamondbacks,,P,2026,0.0,0.0,0.0,0.0,0.0,0.0,0.0,0.0,0.0,0.0,0.0,0.0,0.0,0.0,0.0,.000,.000,.000,.000,.---,-.--,0.0,0.0,0.0,,,,,,,,,,,,,,,,,,,,,,,,,2025
640492,José Azócar,144,Atlanta Braves,,RF,2026,18.0,17.0,6.0,2.0,0.0,0.0,1.0,0.0,4.0,0.0,0.0,0.0,8.0,0.0,0.0,.353,.389,.471,.860,.462,-.--,69.0,5.0,2.0,21.0,19.0,5.0,0.0,0.0,0.0,2.0,0.0,1.0,0.0,0.0,0.0,5.0,1.0,0.0,.263,.333,.263,.596,.278,-.--,67.0,6.0,7.0,2025
669165,Kyle Hurt,119,Los Angeles Dodgers,,P,2026,,,,,,,,,,,,,,,,,,,,,,,,,,,,,,,,,,,,,,,,,,,,,,,,,2025
656876,Drew Rasmussen,139,Tampa Bay Rays,,P,2026,,,,,,,,,,,,,,,,,,,,,,,,,,,,,,,,,,,,,,,,,,,,,,,,,2025
671218,Heliot Ramos,137,San Francisco Giants,,LF,2026,214.0,201.0,56.0,13.0,3.0,8.0,12.0,1.0,54.0,0.0,1.0,0.0,99.0,28.0,2.0,.279,.318,.493,.811,.343,25.12,857.0,53.0,39.0,695.0,620.0,159.0,24.0,1.0,21.0,52.0,2.0,158.0,17.0,6.0,0.0,248.0,69.0,16.0,.256,.328,.400,.728,.309,29.52,2653.0,147.0,162.0,2025
642547,Freddy Peralta,121,New York Mets,,P,2026,,,,,,,,,,,,,,,,,,,,,,,,,,,,,,,,,,,,,,,,,,,,,,,,,2025
624133,Ranger Suarez,111,Boston Red Sox,,P,2026,,,,,,,,,,,,,,,,,,,,,,,,,,,,,,,,,,,,,,,,,,,,,,,,,2025
691718,Pete Crow-Armstrong,112,Chicago Cubs,,CF,2026,395.0,341.0,100.0,14.0,4.0,19.0,41.0,2.0,100.0,10.0,2.0,1.0,179.0,50.0,2.0,.293,.383,.525,.908,.362,17.95,1526.0,55.0,89.0,647.0,591.0,146.0,37.0,4.0,31.0,29.0,1.0,155.0,9.0,12.0,6.0,284.0,95.0,1.0,.247,.287,.481,.768,.276,19.06,2312.0,116.0,192.0,2025
681481,Kerry Carpenter,116,Detroit Tigers,,RF,2026,222.0,195.0,45.0,5.0,2.0,13.0,17.0,0.0,66.0,5.0,3.0,0.0,93.0,36.0,2.0,.231,.305,.477,.782,.269,15.00,880.0,32.0,55.0,464.0,433.0,109.0,18.0,5.0,26.0,18.0,0.0,106.0,7.0,2.0,0.0,215.0,62.0,3.0,.252,.291,.497,.788,.274,16.65,1736.0,84.0,136.0,2025
691720,Kyle Karros,115,Colorado Rockies,,3B,2026,302.0,258.0,67.0,17.0,2.0,7.0,39.0,2.0,64.0,3.0,2.0,0.0,109.0,30.0,2.0,.260,.361,.422,.783,.317,36.86,1256.0,63.0,66.0,156.0,137.0,31.0,4.0,0.0,1.0,15.0,0.0,41.0,2.0,2.0,0.0,38.0,9.0,5.0,.226,.308,.277,.585,.309,137.00,635.0,33.0,34.0,2025
691723,Coby Mayo,110,Baltimore Orioles,,3B,2026,240.0,217.0,41.0,9.0,0.0,10.0,19.0,0.0,79.0,3.0,1.0,0.0,80.0,32.0,3.0,.189,.263,.369,.632,.240,21.70,979.0,42.0,56.0,294.0,263.0,57.0,12.0,0.0,11.0,27.0,0.0,84.0,4.0,0.0,0.0,102.0,28.0,2.0,.217,.299,.388,.687,.274,23.91,1132.0,49.0,73.0,2025
593428,Xander Bogaerts,135,San Diego Padres,,SS,2026,340.0,297.0,68.0,7.0,0.0,8.0,38.0,1.0,62.0,3.0,2.0,0.0,99.0,33.0,3.0,.229,.321,.333,.654,.262,37.12,1328.0,97.0,72.0,552.0,491.0,129.0,30.0,0.0,11.0,48.0,3.0,94.0,4.0,8.0,1.0,192.0,53.0,12.0,.263,.328,.391,.719,.299,44.64,2100.0,126.0,151.0,2025
669199,Lake Bachar,146,Miami Marlins,,P,2026,,,,,,,,,,,,,,,,,,,,,,,,,,,,,,,,,,,,,,,,,,,,,,,,,2025
687637,Dylan Beavers,110,Baltimore Orioles,,RF,2026,137.0,119.0,26.0,8.0,0.0,2.0,16.0,0.0,34.0,0.0,1.0,1.0,40.0,13.0,1.0,.218,.309,.336,.645,.286,59.50,582.0,26.0,35.0,137.0,110.0,25.0,5.0,1.0,4.0,26.0,0.0,36.0,0.0,0.0,1.0,44.0,14.0,0.0,.227,.375,.400,.775,.300,27.50,615.0,14.0,36.0,2025
548384,Brooks Raley,121,New York Mets,,P,2026,,,,,,,,,,,,,,,,,,,,,,,,,,,,,,,,,,,,,,,,,,,,,,,,,2025
669224,Austin Wells,147,New York Yankees,,C,2026,204.0,179.0,27.0,2.0,0.0,4.0,23.0,2.0,57.0,0.0,1.0,1.0,41.0,10.0,5.0,.151,.246,.229,.475,.193,44.75,822.0,37.0,60.0,448.0,401.0,88.0,22.0,1.0,21.0,30.0,0.0,118.0,5.0,11.0,0.0,175.0,71.0,10.0,.219,.275,.436,.711,.245,19.10,1794.0,75.0,131.0,2025
671277,Luis García Jr.,120,Washington Nationals,,1B,2026,302.0,288.0,82.0,16.0,3.0,19.0,13.0,0.0,46.0,0.0,1.0,0.0,161.0,65.0,5.0,.285,.315,.559,.874,.281,15.16,1087.0,84.0,77.0,526.0,488.0,123.0,28.0,1.0,16.0,27.0,1.0,84.0,2.0,9.0,0.0,201.0,66.0,7.0,.252,.289,.412,.701,.270,30.50,1838.0,158.0,132.0,2025
681517,Kyle Leahy,138,St. Louis Cardinals,,P,2026,,,,,,,,,,,,,,,,,,,,,,,,,,,,,,,,,,,,,,,,,,,,,,,,,2025
656945,Tanner Scott,119,Los Angeles Dodgers,,P,2026,,,,,,,,,,,,,,,,,,,,,,,,,0.0,0.0,0.0,0.0,0.0,0.0,0.0,0.0,0.0,0.0,0.0,0.0,0.0,0.0,0.0,.000,.000,.000,.000,.---,-.--,0.0,0.0,0.0,2025
669236,Jeremiah Jackson,110,Baltimore Orioles,,2B,2026,209.0,202.0,50.0,8.0,0.0,7.0,4.0,0.0,42.0,1.0,2.0,0.0,79.0,32.0,10.0,.248,.263,.391,.654,.277,28.86,706.0,65.0,47.0,183.0,170.0,47.0,10.0,2.0,5.0,11.0,0.0,50.0,2.0,0.0,0.0,76.0,21.0,6.0,.276,.328,.447,.775,.365,34.00,706.0,39.0,34.0,2025
800311,Didier Fuentes,144,Atlanta Braves,,P,2026,0.0,0.0,0.0,0.0,0.0,0.0,0.0,0.0,0.0,0.0,0.0,0.0,0.0,0.0,0.0,.000,.000,.000,.000,.---,-.--,0.0,0.0,0.0,,,,,,,,,,,,,,,,,,,,,,,,,2025
671289,Tyler Freeman,115,Colorado Rockies,,RF,2026,237.0,205.0,56.0,6.0,1.0,3.0,11.0,0.0,29.0,15.0,0.0,6.0,73.0,23.0,12.0,.273,.355,.356,.711,.306,68.33,832.0,71.0,55.0,428.0,377.0,106.0,20.0,2.0,2.0,34.0,0.0,51.0,11.0,4.0,2.0,136.0,31.0,10.0,.281,.354,.361,.715,.317,188.50,1646.0,133.0,93.0,2025
669242,Tommy Edman,119,Los Angeles Dodgers,,LF,2026,63.0,53.0,18.0,3.0,1.0,1.0,7.0,0.0,11.0,1.0,0.0,2.0,26.0,9.0,2.0,.340,.426,.491,.917,.415,53.00,240.0,18.0,8.0,377.0,346.0,78.0,13.0,1.0,13.0,19.0,0.0,61.0,6.0,5.0,1.0,132.0,49.0,4.0,.225,.274,.382,.656,.235,26.62,1338.0,110.0,103.0,2025
693821,Bryce Elder,144,Atlanta Braves,,P,2026,,,,,,,,,,,,,,,,,,,,,,,,,,,,,,,,,,,,,,,,,,,,,,,,,2025
665152,Dean Kremer,110,Baltimore Orioles,,P,2026,,,,,,,,,,,,,,,,,,,,,,,,,,,,,,,,,,,,,,,,,,,,,,,,,2025
691777,Max Muncy,133,Athletics,,3B,2026,175.0,154.0,35.0,7.0,2.0,5.0,14.0,0.0,58.0,4.0,3.0,0.0,61.0,20.0,4.0,.227,.303,.396,.699,.319,30.80,700.0,31.0,33.0,220.0,206.0,44.0,7.0,0.0,9.0,10.0,0.0,68.0,3.0,1.0,0.0,78.0,23.0,1.0,.214,.259,.379,.638,.269,22.89,824.0,51.0,44.0,2025
681546,James Outman,116,Detroit Tigers,,CF,2026,126.0,115.0,18.0,4.0,1.0,3.0,10.0,0.0,53.0,1.0,0.0,0.0,33.0,11.0,0.0,.157,.230,.287,.517,.254,38.33,519.0,19.0,25.0,148.0,134.0,18.0,5.0,1.0,6.0,12.0,0.0,63.0,2.0,0.0,0.0,43.0,11.0,0.0,.134,.216,.321,.537,.185,22.33,605.0,24.0,29.0,2025
800325,Luis Lara,158,Milwaukee Brewers,,CF,2026,5.0,4.0,1.0,0.0,0.0,0.0,1.0,0.0,0.0,0.0,0.0,0.0,1.0,2.0,0.0,.250,.400,.250,.650,.250,-.--,21.0,1.0,2.0,,,,,,,,,,,,,,,,,,,,,,,,,2025
691788,Joe Mack,146,Miami Marlins,,C,2026,160.0,145.0,36.0,5.0,0.0,7.0,12.0,0.0,38.0,1.0,0.0,2.0,62.0,23.0,5.0,.248,.310,.428,.738,.290,20.71,643.0,40.0,33.0,,,,,,,,,,,,,,,,,,,,,,,,,2025
691799,Grant Taylor,145,Chicago White Sox,,P,2026,,,,,,,,,,,,,,,,,,,,,,,,,,,,,,,,,,,,,,,,,,,,,,,,,2025
656976,Pavin Smith,109,Arizona Diamondbacks,,DH,2026,85.0,74.0,11.0,1.0,0.0,1.0,10.0,0.0,17.0,0.0,1.0,0.0,15.0,6.0,0.0,.149,.247,.203,.450,.175,74.00,342.0,21.0,26.0,288.0,244.0,63.0,17.0,1.0,8.0,41.0,1.0,92.0,0.0,2.0,0.0,106.0,28.0,7.0,.258,.362,.434,.796,.377,30.50,1255.0,45.0,46.0,2025
669276,Dylan Lee,144,Atlanta Braves,,P,2026,,,,,,,,,,,,,,,,,,,,,,,,,,,,,,,,,,,,,,,,,,,,,,,,,2025
693855,Ian Seymour,139,Tampa Bay Rays,,P,2026,,,,,,,,,,,,,,,,,,,,,,,,,,,,,,,,,,,,,,,,,,,,,,,,,2025
542303,Marcell Ozuna,134,Pittsburgh Pirates,,DH,2026,238.0,213.0,43.0,5.0,0.0,7.0,23.0,1.0,73.0,2.0,0.0,0.0,69.0,26.0,4.0,.202,.286,.324,.610,.271,30.43,1049.0,35.0,62.0,592.0,487.0,113.0,19.0,0.0,21.0,94.0,2.0,144.0,3.0,7.0,0.0,195.0,68.0,11.0,.232,.355,.400,.755,.280,23.19,2635.0,115.0,122.0,2025
683618,Edgardo Henriquez,119,Los Angeles Dodgers,,P,2026,0.0,0.0,0.0,0.0,0.0,0.0,0.0,0.0,0.0,0.0,0.0,0.0,0.0,0.0,0.0,.000,.000,.000,.000,.---,-.--,0.0,0.0,0.0,,,,,,,,,,,,,,,,,,,,,,,,,2025
702056,Trey Yesavage,141,Toronto Blue Jays,,P,2026,,,,,,,,,,,,,,,,,,,,,,,,,,,,,,,,,,,,,,,,,,,,,,,,,2025
679529,Spencer Torkelson,116,Detroit Tigers,,1B,2026,352.0,304.0,65.0,18.0,0.0,14.0,40.0,0.0,115.0,5.0,2.0,0.0,125.0,38.0,6.0,.214,.313,.411,.724,.288,21.71,1514.0,45.0,81.0,649.0,563.0,135.0,27.0,1.0,31.0,72.0,6.0,169.0,9.0,5.0,0.0,257.0,78.0,12.0,.240,.333,.456,.789,.283,18.16,2634.0,88.0,176.0,2025
837227,Tatsuya Imai,117,Houston Astros,,P,2026,,,,,,,,,,,,,,,,,,,,,,,,,,,,,,,,,,,,,,,,,,,,,,,,,2025
669298,TJ Shook,115,Colorado Rockies,,P,2026,,,,,,,,,,,,,,,,,,,,,,,,,,,,,,,,,,,,,,,,,,,,,,,,,2025
802415,Chandler Simpson,139,Tampa Bay Rays,,LF,2026,335.0,310.0,85.0,8.0,4.0,0.0,18.0,0.0,33.0,0.0,2.0,5.0,101.0,16.0,3.0,.274,.312,.326,.638,.305,-.--,1115.0,125.0,74.0,441.0,414.0,122.0,15.0,3.0,0.0,20.0,0.0,43.0,0.0,2.0,3.0,143.0,26.0,10.0,.295,.326,.345,.671,.327,-.--,1517.0,176.0,78.0,2025
669302,Logan Gilbert,136,Seattle Mariners,,P,2026,,,,,,,,,,,,,,,,,,,,,,,,,,,,,,,,,,,,,,,,,,,,,,,,,2025
702070,Noah Cameron,118,Kansas City Royals,,P,2026,,,,,,,,,,,,,,,,,,,,,,,,,,,,,,,,,,,,,,,,,,,,,,,,,2025
820862,José Fermin,108,Los Angeles Angels,,P,2026,,,,,,,,,,,,,,,,,,,,,,,,,,,,,,,,,,,,,,,,,,,,,,,,,2025
687749,Jase Bowen,135,San Diego Padres,,RF,2026,38.0,36.0,4.0,1.0,0.0,0.0,2.0,0.0,15.0,0.0,0.0,0.0,5.0,0.0,0.0,.111,.158,.139,.297,.190,-.--,130.0,6.0,11.0,,,,,,,,,,,,,,,,,,,,,,,,,2025
642701,Dennis Santana,134,Pittsburgh Pirates,,P,2026,,,,,,,,,,,,,,,,,,,,,,,,,,,,,,,,,,,,,,,,,,,,,,,,,2025
657041,Lane Thomas,118,Kansas City Royals,,CF,2026,249.0,211.0,49.0,13.0,0.0,6.0,34.0,0.0,55.0,2.0,2.0,0.0,80.0,29.0,3.0,.232,.341,.379,.720,.283,35.17,1027.0,40.0,69.0,142.0,125.0,20.0,2.0,0.0,4.0,14.0,0.0,44.0,1.0,2.0,0.0,34.0,11.0,4.0,.160,.246,.272,.518,.203,31.25,556.0,22.0,41.0,2025
669330,Tyler Wells,110,Baltimore Orioles,,P,2026,,,,,,,,,,,,,,,,,,,,,,,,,,,,,,,,,,,,,,,,,,,,,,,,,2025
657044,Ryan Thompson,109,Arizona Diamondbacks,,P,2026,,,,,,,,,,,,,,,,,,,,,,,,,0.0,0.0,0.0,0.0,0.0,0.0,0.0,0.0,0.0,0.0,0.0,0.0,0.0,0.0,0.0,.000,.000,.000,.000,.---,-.--,0.0,0.0,0.0,2025
642708,Amed Rosario,147,New York Yankees,,3B,2026,157.0,144.0,35.0,4.0,1.0,9.0,10.0,0.0,36.0,0.0,3.0,0.0,68.0,27.0,1.0,.243,.287,.472,.759,.255,16.00,562.0,37.0,39.0,191.0,181.0,50.0,11.0,0.0,6.0,7.0,0.0,31.0,2.0,1.0,0.0,79.0,23.0,6.0,.276,.309,.436,.745,.303,30.17,646.0,53.0,48.0,2025
681624,Andy Pages,119,Los Angeles Dodgers,,CF,2026,399.0,357.0,94.0,21.0,1.0,16.0,32.0,1.0,77.0,5.0,5.0,0.0,165.0,64.0,9.0,.263,.328,.462,.790,.290,22.31,1574.0,78.0,113.0,624.0,581.0,158.0,27.0,1.0,27.0,29.0,0.0,135.0,8.0,6.0,0.0,268.0,86.0,9.0,.272,.313,.461,.774,.308,21.52,2365.0,117.0,177.0,2025
667297,Tommy Nance,141,Toronto Blue Jays,,P,2026,,,,,,,,,,,,,,,,,,,,,,,,,,,,,,,,,,,,,,,,,,,,,,,,,2025
642715,Willy Adames,137,San Francisco Giants,,SS,2026,363.0,338.0,78.0,21.0,1.0,14.0,23.0,0.0,103.0,1.0,1.0,0.0,143.0,34.0,3.0,.231,.281,.423,.704,.288,24.14,1398.0,58.0,100.0,686.0,591.0,133.0,22.0,2.0,30.0,80.0,2.0,179.0,5.0,9.0,0.0,249.0,87.0,9.0,.225,.318,.421,.739,.263,19.70,2797.0,105.0,183.0,2025
669358,Shane Baz,110,Baltimore Orioles,,P,2026,,,,,,,,,,,,,,,,,,,,,,,,,,,,,,,,,,,,,,,,,,,,,,,,,2025
675512,Troy Melton,116,Detroit Tigers,,P,2026,,,,,,,,,,,,,,,,,,,,,,,,,,,,,,,,,,,,,,,,,,,,,,,,,2025
669364,Xavier Edwards,146,Miami Marlins,,2B,2026,388.0,333.0,100.0,13.0,5.0,6.0,49.0,4.0,47.0,0.0,5.0,1.0,141.0,35.0,9.0,.300,.385,.423,.808,.330,55.50,1506.0,94.0,98.0,619.0,561.0,159.0,20.0,5.0,3.0,49.0,2.0,88.0,3.0,3.0,3.0,198.0,43.0,6.0,.283,.343,.353,.696,.330,187.00,2250.0,164.0,156.0,2025
669372,J.T. Ginn,133,Athletics,,P,2026,0.0,0.0,0.0,0.0,0.0,0.0,0.0,0.0,0.0,0.0,0.0,0.0,0.0,0.0,0.0,.000,.000,.000,.000,.---,-.--,0.0,0.0,0.0,,,,,,,,,,,,,,,,,,,,,,,,,2025
669373,Tarik Skubal,116,Detroit Tigers,,P,2026,,,,,,,,,,,,,,,,,,,,,,,,,,,,,,,,,,,,,,,,,,,,,,,,,2025
622268,Donovan Walton,108,Los Angeles Angels,,3B,2026,97.0,91.0,29.0,8.0,0.0,3.0,5.0,0.0,18.0,0.0,0.0,1.0,46.0,12.0,1.0,.319,.354,.505,.859,.371,30.33,367.0,20.0,25.0,9.0,8.0,1.0,0.0,0.0,0.0,0.0,0.0,1.0,0.0,0.0,1.0,1.0,1.0,0.0,.125,.125,.125,.250,.143,-.--,27.0,6.0,1.0,2025
552640,Andrew Kittredge,110,Baltimore Orioles,,P,2026,,,,,,,,,,,,,,,,,,,,,,,,,0.0,0.0,0.0,0.0,0.0,0.0,0.0,0.0,0.0,0.0,0.0,0.0,0.0,0.0,0.0,.000,.000,.000,.000,.---,-.--,0.0,0.0,0.0,2025
573124,Taylor Rogers,142,Minnesota Twins,,P,2026,,,,,,,,,,,,,,,,,,,,,,,,,,,,,,,,,,,,,,,,,,,,,,,,,2025
691907,Tsung-Che Cheng,111,Boston Red Sox,,SS,2026,21.0,19.0,4.0,1.0,0.0,0.0,1.0,0.0,5.0,0.0,1.0,0.0,5.0,2.0,1.0,.211,.238,.263,.501,.267,-.--,68.0,7.0,4.0,7.0,7.0,0.0,0.0,0.0,0.0,0.0,0.0,3.0,0.0,0.0,0.0,0.0,0.0,0.0,.000,.000,.000,.000,.000,-.--,24.0,2.0,2.0,2025
657097,Jacob Webb,112,Chicago Cubs,,P,2026,,,,,,,,,,,,,,,,,,,,,,,,,,,,,,,,,,,,,,,,,,,,,,,,,2025
669387,Carmen Mlodzinski,134,Pittsburgh Pirates,,P,2026,,,,,,,,,,,,,,,,,,,,,,,,,,,,,,,,,,,,,,,,,,,,,,,,,2025
669392,Samad Taylor,135,San Diego Padres,,LF,2026,102.0,88.0,29.0,1.0,1.0,1.0,12.0,0.0,30.0,0.0,0.0,2.0,35.0,11.0,2.0,.330,.410,.398,.808,.491,88.00,411.0,24.0,7.0,9.0,8.0,1.0,0.0,0.0,0.0,0.0,0.0,1.0,0.0,0.0,1.0,1.0,0.0,0.0,.125,.125,.125,.250,.143,-.--,23.0,4.0,3.0,2025
669394,Jake Burger,140,Texas Rangers,,1B,2026,353.0,320.0,79.0,14.0,0.0,15.0,28.0,0.0,91.0,3.0,2.0,0.0,138.0,53.0,5.0,.247,.312,.431,.743,.296,21.33,1296.0,78.0,74.0,376.0,356.0,84.0,15.0,1.0,16.0,12.0,0.0,93.0,5.0,3.0,0.0,149.0,53.0,3.0,.236,.269,.419,.688,.272,22.25,1324.0,73.0,109.0,2025
677587,Brayan Rocchio,114,Cleveland Guardians,,SS,2026,336.0,297.0,81.0,13.0,2.0,6.0,27.0,0.0,46.0,7.0,3.0,2.0,116.0,37.0,4.0,.273,.344,.391,.735,.302,49.50,1308.0,80.0,95.0,383.0,344.0,80.0,18.0,2.0,5.0,22.0,0.0,77.0,8.0,5.0,4.0,117.0,44.0,4.0,.233,.290,.340,.630,.281,68.80,1411.0,100.0,96.0,2025
677588,José Tena,120,Washington Nationals,,DH,2026,178.0,163.0,39.0,9.0,2.0,5.0,14.0,0.0,54.0,1.0,0.0,0.0,67.0,19.0,6.0,.239,.303,.411,.714,.327,32.60,718.0,43.0,27.0,169.0,152.0,37.0,13.0,2.0,0.0,15.0,0.0,37.0,1.0,1.0,0.0,54.0,16.0,4.0,.243,.314,.355,.669,.319,-.--,678.0,54.0,25.0,2025
669397,Nick Allen,117,Houston Astros,,SS,2026,93.0,83.0,20.0,3.0,0.0,1.0,6.0,0.0,21.0,1.0,2.0,1.0,26.0,9.0,2.0,.241,.293,.313,.606,.302,83.00,346.0,19.0,26.0,416.0,371.0,82.0,11.0,0.0,0.0,31.0,0.0,99.0,3.0,3.0,8.0,93.0,22.0,8.0,.221,.284,.251,.535,.298,-.--,1582.0,100.0,101.0,2025
696030,Alejandro Osuna,140,Texas Rangers,,LF,2026,182.0,159.0,40.0,4.0,0.0,1.0,15.0,0.0,25.0,7.0,0.0,1.0,47.0,18.0,3.0,.252,.343,.296,.639,.293,159.00,647.0,51.0,44.0,176.0,151.0,32.0,4.0,0.0,2.0,21.0,1.0,34.0,2.0,2.0,0.0,42.0,15.0,1.0,.212,.313,.278,.591,.256,75.50,739.0,45.0,42.0,2025
683737,Michael Busch,112,Chicago Cubs,,1B,2026,403.0,327.0,76.0,14.0,2.0,11.0,62.0,1.0,91.0,10.0,4.0,0.0,127.0,48.0,4.0,.232,.367,.388,.755,.284,29.73,1602.0,72.0,92.0,592.0,524.0,137.0,25.0,5.0,34.0,56.0,2.0,139.0,10.0,2.0,0.0,274.0,90.0,2.0,.261,.343,.523,.866,.292,15.41,2324.0,111.0,139.0,2025
683734,Andrew Vaughn,158,Milwaukee Brewers,,1B,2026,162.0,139.0,45.0,14.0,2.0,2.0,20.0,1.0,19.0,2.0,1.0,0.0,69.0,24.0,2.0,.324,.414,.496,.910,.361,69.50,617.0,37.0,39.0,447.0,406.0,103.0,22.0,0.0,14.0,31.0,0.0,80.0,3.0,6.0,1.0,167.0,65.0,12.0,.254,.307,.411,.718,.280,29.00,1722.0,110.0,120.0,2025
628452,Raisel Iglesias,144,Atlanta Braves,,P,2026,0.0,0.0,0.0,0.0,0.0,0.0,0.0,0.0,0.0,0.0,0.0,0.0,0.0,0.0,0.0,.000,.000,.000,.000,.---,-.--,0.0,0.0,0.0,,,,,,,,,,,,,,,,,,,,,,,,,2025
683748,Victor Mesa Jr.,139,Tampa Bay Rays,,RF,2026,94.0,80.0,15.0,1.0,0.0,4.0,12.0,0.0,22.0,0.0,1.0,1.0,28.0,10.0,1.0,.188,.290,.350,.640,.200,20.00,358.0,18.0,27.0,38.0,32.0,6.0,2.0,0.0,1.0,5.0,0.0,5.0,0.0,0.0,1.0,11.0,6.0,0.0,.188,.297,.344,.641,.192,32.00,141.0,8.0,14.0,2025
702176,Alan Roden,142,Minnesota Twins,,LF,2026,,,,,,,,,,,,,,,,,,,,,,,,,153.0,136.0,26.0,6.0,1.0,2.0,8.0,0.0,37.0,6.0,3.0,0.0,40.0,9.0,0.0,.191,.261,.294,.555,.240,68.00,551.0,49.0,27.0,2025
673513,Yuki Matsui,135,San Diego Padres,,P,2026,,,,,,,,,,,,,,,,,,,,,,,,,,,,,,,,,,,,,,,,,,,,,,,,,2025
702193,Andrew Morris,142,Minnesota Twins,,P,2026,,,,,,,,,,,,,,,,,,,,,,,,,,,,,,,,,,,,,,,,,,,,,,,,,2025
657136,Connor Wong,111,Boston Red Sox,,C,2026,122.0,102.0,30.0,8.0,0.0,1.0,13.0,0.0,26.0,3.0,1.0,3.0,41.0,15.0,1.0,.294,.387,.402,.789,.382,102.00,453.0,27.0,23.0,188.0,168.0,32.0,8.0,0.0,0.0,16.0,0.0,42.0,1.0,2.0,1.0,40.0,7.0,7.0,.190,.262,.238,.500,.250,-.--,745.0,53.0,44.0,2025
681715,Heriberto Hernández,146,Miami Marlins,,LF,2026,209.0,186.0,44.0,6.0,1.0,12.0,21.0,1.0,47.0,1.0,1.0,0.0,88.0,35.0,1.0,.237,.316,.473,.789,.250,15.50,781.0,43.0,53.0,294.0,256.0,68.0,12.0,1.0,10.0,31.0,0.0,77.0,3.0,4.0,0.0,112.0,45.0,6.0,.266,.347,.438,.785,.335,25.60,1138.0,52.0,63.0,2025
683766,Christian Koss,137,San Francisco Giants,,2B,2026,20.0,19.0,2.0,1.0,0.0,0.0,0.0,0.0,2.0,1.0,0.0,0.0,3.0,0.0,0.0,.105,.150,.158,.308,.118,-.--,57.0,6.0,9.0,191.0,174.0,46.0,9.0,0.0,3.0,9.0,0.0,45.0,3.0,2.0,3.0,64.0,23.0,4.0,.264,.309,.368,.677,.336,58.00,644.0,52.0,36.0,2025
687859,Troy Johnston,115,Colorado Rockies,,RF,2026,304.0,268.0,83.0,23.0,0.0,3.0,27.0,0.0,51.0,5.0,3.0,1.0,115.0,39.0,2.0,.310,.380,.429,.809,.369,89.33,1084.0,63.0,75.0,121.0,112.0,31.0,2.0,1.0,4.0,8.0,0.0,26.0,1.0,0.0,0.0,47.0,13.0,1.0,.277,.331,.420,.751,.329,28.00,450.0,24.0,31.0,2025
673540,Kodai Senga,121,New York Mets,,P,2026,,,,,,,,,,,,,,,,,,,,,,,,,,,,,,,,,,,,,,,,,,,,,,,,,2025
683769,Hunter Gaddis,114,Cleveland Guardians,,P,2026,,,,,,,,,,,,,,,,,,,,,,,,,,,,,,,,,,,,,,,,,,,,,,,,,2025
669432,Trevor Rogers,110,Baltimore Orioles,,P,2026,,,,,,,,,,,,,,,,,,,,,,,,,2.0,2.0,0.0,0.0,0.0,0.0,0.0,0.0,2.0,0.0,0.0,0.0,0.0,0.0,0.0,.000,.000,.000,.000,.---,-.--,6.0,0.0,0.0,2025
669456,Shane Bieber,141,Toronto Blue Jays,,P,2026,,,,,,,,,,,,,,,,,,,,,,,,,,,,,,,,,,,,,,,,,,,,,,,,,2025
673548,Seiya Suzuki,112,Chicago Cubs,,RF,2026,321.0,281.0,73.0,12.0,0.0,13.0,34.0,3.0,85.0,3.0,3.0,0.0,124.0,42.0,8.0,.260,.343,.441,.784,.323,21.62,1371.0,54.0,72.0,651.0,571.0,140.0,31.0,3.0,32.0,71.0,1.0,164.0,1.0,8.0,0.0,273.0,103.0,13.0,.245,.326,.478,.804,.282,17.84,2727.0,98.0,177.0,2025
677649,Ezequiel Duran,140,Texas Rangers,,SS,2026,305.0,279.0,76.0,15.0,2.0,7.0,21.0,0.0,68.0,1.0,3.0,1.0,116.0,45.0,3.0,.272,.322,.416,.738,.333,39.86,1175.0,73.0,66.0,219.0,205.0,46.0,14.0,0.0,0.0,8.0,0.0,55.0,4.0,1.0,1.0,60.0,14.0,3.0,.224,.266,.293,.559,.305,-.--,807.0,42.0,64.0,2025
669461,Matthew Liberatore,138,St. Louis Cardinals,,P,2026,,,,,,,,,,,,,,,,,,,,,,,,,,,,,,,,,,,,,,,,,,,,,,,,,2025
573204,Caleb Thielbar,112,Chicago Cubs,,P,2026,0.0,0.0,0.0,0.0,0.0,0.0,0.0,0.0,0.0,0.0,0.0,0.0,0.0,0.0,0.0,.000,.000,.000,.000,.---,-.--,0.0,0.0,0.0,,,,,,,,,,,,,,,,,,,,,,,,,2025
669467,Andre Pallante,138,St. Louis Cardinals,,P,2026,,,,,,,,,,,,,,,,,,,,,,,,,0.0,0.0,0.0,0.0,0.0,0.0,0.0,0.0,0.0,0.0,0.0,0.0,0.0,0.0,0.0,.000,.000,.000,.000,.---,-.--,0.0,0.0,0.0,2025
696100,Hunter Goodman,115,Colorado Rockies,,C,2026,358.0,323.0,81.0,14.0,0.0,27.0,29.0,3.0,116.0,4.0,2.0,0.0,176.0,51.0,5.0,.251,.318,.545,.863,.297,11.96,1319.0,49.0,79.0,579.0,540.0,150.0,28.0,5.0,31.0,33.0,0.0,152.0,4.0,2.0,0.0,281.0,91.0,16.0,.278,.323,.520,.843,.331,17.42,2149.0,100.0,140.0,2025
624413,Pete Alonso,110,Baltimore Orioles,,1B,2026,397.0,343.0,86.0,16.0,0.0,19.0,47.0,2.0,97.0,3.0,4.0,0.0,159.0,60.0,9.0,.251,.343,.464,.807,.290,18.05,1633.0,81.0,83.0,709.0,624.0,170.0,41.0,1.0,38.0,61.0,5.0,162.0,15.0,9.0,0.0,327.0,126.0,23.0,.272,.347,.524,.871,.305,16.42,2807.0,135.0,166.0,2025
663330,Jahmai Jones,116,Detroit Tigers,,DH,2026,103.0,93.0,13.0,2.0,0.0,2.0,10.0,0.0,34.0,0.0,0.0,0.0,21.0,7.0,3.0,.140,.223,.226,.449,.193,46.50,380.0,20.0,26.0,150.0,129.0,37.0,11.0,1.0,7.0,18.0,1.0,32.0,3.0,0.0,0.0,71.0,23.0,3.0,.287,.387,.550,.937,.333,18.43,595.0,21.0,39.0,2025
687911,Bryan King,117,Houston Astros,,P,2026,,,,,,,,,,,,,,,,,,,,,,,,,,,,,,,,,,,,,,,,,,,,,,,,,2025
669477,Casey Schmitt,137,San Francisco Giants,,LF,2026,348.0,330.0,92.0,16.0,1.0,17.0,7.0,0.0,68.0,7.0,4.0,0.0,161.0,45.0,5.0,.279,.305,.488,.793,.301,19.41,1241.0,58.0,116.0,348.0,312.0,74.0,15.0,0.0,12.0,27.0,1.0,83.0,5.0,3.0,1.0,125.0,40.0,6.0,.237,.305,.401,.706,.282,26.00,1330.0,58.0,101.0,2025
624424,Michael Conforto,112,Chicago Cubs,,DH,2026,152.0,132.0,33.0,10.0,0.0,7.0,19.0,1.0,43.0,0.0,1.0,0.0,64.0,21.0,3.0,.250,.342,.485,.827,.313,18.86,614.0,26.0,31.0,486.0,418.0,83.0,20.0,0.0,12.0,56.0,0.0,121.0,9.0,3.0,0.0,139.0,36.0,12.0,.199,.305,.333,.638,.247,34.83,2049.0,103.0,114.0,2025
702273,Noah Schultz,145,Chicago White Sox,,P,2026,,,,,,,,,,,,,,,,,,,,,,,,,,,,,,,,,,,,,,,,,,,,,,,,,2025
667463,John King,146,Miami Marlins,,P,2026,,,,,,,,,,,,,,,,,,,,,,,,,,,,,,,,,,,,,,,,,,,,,,,,,2025
702275,JR Ritchie,144,Atlanta Braves,,P,2026,0.0,0.0,0.0,0.0,0.0,0.0,0.0,0.0,0.0,0.0,0.0,0.0,0.0,0.0,0.0,.000,.000,.000,.000,.---,-.--,0.0,0.0,0.0,,,,,,,,,,,,,,,,,,,,,,,,,2025
696135,Kahlil Watson,114,Cleveland Guardians,,RF,2026,62.0,60.0,14.0,3.0,0.0,1.0,2.0,0.0,22.0,0.0,0.0,0.0,20.0,9.0,1.0,.233,.258,.333,.591,.351,60.00,233.0,9.0,15.0,,,,,,,,,,,,,,,,,,,,,,,,,2025
675659,Greg Jones,158,Milwaukee Brewers,,LF,2026,22.0,21.0,2.0,0.0,0.0,0.0,0.0,0.0,9.0,0.0,0.0,1.0,2.0,1.0,0.0,.095,.095,.095,.190,.167,-.--,74.0,7.0,4.0,2.0,2.0,0.0,0.0,0.0,0.0,0.0,0.0,2.0,0.0,0.0,0.0,0.0,0.0,0.0,.000,.000,.000,.000,.---,-.--,9.0,0.0,0.0,2025
702284,Cole Young,136,Seattle Mariners,,2B,2026,365.0,330.0,85.0,13.0,1.0,10.0,24.0,0.0,66.0,7.0,3.0,1.0,130.0,42.0,2.0,.258,.319,.394,.713,.292,33.00,1404.0,80.0,103.0,257.0,223.0,47.0,7.0,1.0,4.0,28.0,1.0,47.0,2.0,2.0,2.0,68.0,24.0,4.0,.211,.302,.305,.607,.247,55.75,1034.0,52.0,81.0,2025
675660,Shane Drohan,158,Milwaukee Brewers,,P,2026,,,,,,,,,,,,,,,,,,,,,,,,,,,,,,,,,,,,,,,,,,,,,,,,,2025
573262,Mike Yastrzemski,144,Atlanta Braves,,LF,2026,251.0,221.0,50.0,9.0,1.0,5.0,25.0,0.0,59.0,4.0,1.0,0.0,76.0,24.0,2.0,.226,.315,.344,.659,.285,44.20,1048.0,51.0,62.0,558.0,477.0,111.0,28.0,1.0,17.0,72.0,4.0,108.0,2.0,5.0,2.0,192.0,46.0,7.0,.233,.333,.403,.736,.263,28.06,2305.0,95.0,170.0,2025
681807,David Fry,114,Cleveland Guardians,,RF,2026,145.0,124.0,26.0,4.0,0.0,6.0,21.0,1.0,43.0,0.0,0.0,0.0,48.0,13.0,4.0,.210,.324,.387,.711,.267,20.67,643.0,27.0,28.0,157.0,146.0,25.0,4.0,0.0,8.0,9.0,0.0,58.0,2.0,0.0,0.0,53.0,23.0,3.0,.171,.229,.363,.592,.213,18.25,623.0,26.0,37.0,2025
663372,Ryan Feltner,115,Colorado Rockies,,P,2026,,,,,,,,,,,,,,,,,,,,,,,,,,,,,,,,,,,,,,,,,,,,,,,,,2025
681810,Austin Warren,121,New York Mets,,P,2026,,,,,,,,,,,,,,,,,,,,,,,,,,,,,,,,,,,,,,,,,,,,,,,,,2025
700241,Michael McGreevy,138,St. Louis Cardinals,,P,2026,,,,,,,,,,,,,,,,,,,,,,,,,,,,,,,,,,,,,,,,,,,,,,,,,2025
696147,Sam Bachman,108,Los Angeles Angels,,P,2026,,,,,,,,,,,,,,,,,,,,,,,,,,,,,,,,,,,,,,,,,,,,,,,,,2025
696149,Bubba Chandler,134,Pittsburgh Pirates,,P,2026,,,,,,,,,,,,,,,,,,,,,,,,,,,,,,,,,,,,,,,,,,,,,,,,,2025
700250,Ben Rice,147,New York Yankees,,1B,2026,368.0,319.0,87.0,15.0,2.0,26.0,44.0,4.0,86.0,3.0,2.0,0.0,184.0,60.0,6.0,.273,.364,.577,.941,.292,12.27,1438.0,77.0,71.0,530.0,467.0,119.0,28.0,4.0,26.0,50.0,0.0,100.0,9.0,2.0,0.0,233.0,65.0,18.0,.255,.337,.499,.836,.271,17.96,2047.0,115.0,135.0,2025
657277,Logan Webb,137,San Francisco Giants,,P,2026,,,,,,,,,,,,,,,,,,,,,,,,,,,,,,,,,,,,,,,,,,,,,,,,,2025
702332,Caleb Durbin,111,Boston Red Sox,,3B,2026,296.0,268.0,59.0,17.0,1.0,8.0,20.0,0.0,42.0,4.0,2.0,2.0,102.0,37.0,6.0,.220,.282,.381,.663,.232,33.50,1088.0,94.0,77.0,506.0,445.0,114.0,25.0,0.0,11.0,30.0,0.0,50.0,24.0,4.0,3.0,172.0,53.0,10.0,.256,.334,.387,.721,.265,40.46,1838.0,134.0,154.0,2025
663423,Trent Thornton,112,Chicago Cubs,,P,2026,,,,,,,,,,,,,,,,,,,,,,,,,0.0,0.0,0.0,0.0,0.0,0.0,0.0,0.0,0.0,0.0,0.0,0.0,0.0,0.0,0.0,.000,.000,.000,.000,.---,-.--,0.0,0.0,0.0,2025
681870,Erik Sabrowski,114,Cleveland Guardians,,P,2026,,,,,,,,,,,,,,,,,,,,,,,,,,,,,,,,,,,,,,,,,,,,,,,,,2025
663436,Davis Martin,145,Chicago White Sox,,P,2026,,,,,,,,,,,,,,,,,,,,,,,,,,,,,,,,,,,,,,,,,,,,,,,,,2025
661388,William Contreras,158,Milwaukee Brewers,,C,2026,369.0,330.0,95.0,12.0,0.0,9.0,32.0,4.0,49.0,3.0,4.0,0.0,134.0,51.0,10.0,.288,.352,.406,.758,.312,36.67,1258.0,90.0,100.0,659.0,566.0,147.0,28.0,0.0,17.0,84.0,4.0,120.0,3.0,6.0,0.0,226.0,76.0,14.0,.260,.355,.399,.754,.299,33.29,2556.0,172.0,133.0,2025
702352,Spencer Bivens,137,San Francisco Giants,,P,2026,,,,,,,,,,,,,,,,,,,,,,,,,,,,,,,,,,,,,,,,,,,,,,,,,2025
679822,Justin Foscue,140,Texas Rangers,,2B,2026,107.0,95.0,27.0,6.0,0.0,6.0,9.0,0.0,25.0,2.0,1.0,0.0,51.0,17.0,2.0,.284,.355,.537,.892,.323,15.83,414.0,17.0,27.0,9.0,9.0,1.0,1.0,0.0,0.0,0.0,0.0,3.0,0.0,0.0,0.0,2.0,2.0,0.0,.111,.111,.222,.333,.167,-.--,42.0,1.0,4.0,2025
665489,Vladimir Guerrero Jr.,141,Toronto Blue Jays,,1B,2026,368.0,320.0,84.0,14.0,0.0,4.0,39.0,5.0,45.0,4.0,5.0,0.0,110.0,35.0,12.0,.263,.345,.344,.689,.290,80.00,1312.0,105.0,91.0,680.0,589.0,172.0,34.0,0.0,23.0,81.0,8.0,94.0,6.0,4.0,0.0,275.0,84.0,17.0,.292,.381,.467,.848,.313,25.61,2502.0,179.0,148.0,2025
665487,Fernando Tatis Jr.,135,San Diego Padres,,RF,2026,393.0,352.0,99.0,19.0,1.0,5.0,32.0,1.0,80.0,3.0,5.0,1.0,135.0,34.0,8.0,.281,.342,.384,.726,.346,70.40,1414.0,98.0,81.0,691.0,594.0,159.0,27.0,2.0,25.0,89.0,7.0,129.0,6.0,2.0,0.0,265.0,71.0,6.0,.268,.368,.446,.814,.303,23.76,2636.0,160.0,148.0,2025
622491,Luis Castillo,136,Seattle Mariners,,P,2026,,,,,,,,,,,,,,,,,,,,,,,,,,,,,,,,,,,,,,,,,,,,,,,,,2025
620443,Luis Torrens,121,New York Mets,,C,2026,171.0,156.0,34.0,10.0,0.0,2.0,9.0,0.0,35.0,4.0,0.0,2.0,50.0,18.0,1.0,.218,.278,.321,.599,.269,78.00,671.0,55.0,34.0,283.0,261.0,59.0,14.0,1.0,5.0,19.0,0.0,56.0,2.0,0.0,1.0,90.0,29.0,7.0,.226,.284,.345,.629,.270,52.20,1069.0,89.0,58.0,2025
663457,Lars Nootbaar,138,St. Louis Cardinals,,LF,2026,106.0,92.0,25.0,6.0,1.0,2.0,13.0,1.0,24.0,0.0,1.0,0.0,39.0,8.0,3.0,.272,.358,.424,.782,.343,46.00,407.0,26.0,18.0,583.0,509.0,119.0,24.0,1.0,13.0,64.0,3.0,119.0,6.0,3.0,1.0,184.0,48.0,4.0,.234,.325,.361,.686,.279,39.15,2359.0,109.0,166.0,2025
681892,Kody Funderburk,142,Minnesota Twins,,P,2026,,,,,,,,,,,,,,,,,,,,,,,,,0.0,0.0,0.0,0.0,0.0,0.0,0.0,0.0,0.0,0.0,0.0,0.0,0.0,0.0,0.0,.000,.000,.000,.000,.---,-.--,0.0,0.0,0.0,2025
679845,Nick Loftin,118,Kansas City Royals,,3B,2026,191.0,162.0,40.0,14.0,1.0,4.0,20.0,0.0,25.0,5.0,3.0,1.0,68.0,29.0,3.0,.247,.342,.420,.762,.265,40.50,708.0,45.0,56.0,188.0,168.0,35.0,9.0,2.0,4.0,14.0,0.0,27.0,3.0,2.0,1.0,60.0,20.0,7.0,.208,.278,.357,.635,.223,42.00,676.0,48.0,61.0,2025
677800,Wilyer Abreu,111,Boston Red Sox,,RF,2026,378.0,333.0,87.0,18.0,3.0,10.0,37.0,1.0,77.0,1.0,5.0,1.0,141.0,41.0,7.0,.261,.332,.423,.755,.307,33.30,1501.0,61.0,114.0,417.0,373.0,92.0,17.0,0.0,22.0,40.0,5.0,101.0,0.0,3.0,1.0,175.0,69.0,8.0,.247,.317,.469,.786,.277,16.96,1600.0,63.0,121.0,2025
694192,Jackson Chourio,158,Milwaukee Brewers,,LF,2026,263.0,241.0,69.0,15.0,0.0,13.0,20.0,1.0,62.0,1.0,1.0,0.0,123.0,36.0,2.0,.286,.342,.510,.852,.335,18.54,1017.0,52.0,59.0,589.0,549.0,148.0,35.0,4.0,21.0,30.0,1.0,121.0,3.0,6.0,1.0,254.0,78.0,13.0,.270,.308,.463,.771,.308,26.14,2108.0,129.0,158.0,2025
683953,Travis Bazzana,114,Cleveland Guardians,,2B,2026,258.0,225.0,55.0,13.0,1.0,7.0,29.0,1.0,54.0,2.0,2.0,0.0,91.0,27.0,0.0,.244,.333,.404,.737,.289,32.14,1029.0,55.0,63.0,,,,,,,,,,,,,,,,,,,,,,,,,2025
681909,Justin Dean,112,Chicago Cubs,,CF,2026,6.0,5.0,2.0,0.0,1.0,0.0,1.0,0.0,2.0,0.0,0.0,0.0,4.0,3.0,0.0,.400,.500,.800,1.300,.667,-.--,22.0,1.0,0.0,2.0,2.0,0.0,0.0,0.0,0.0,0.0,0.0,1.0,0.0,0.0,0.0,0.0,0.0,0.0,.000,.000,.000,.000,.000,-.--,11.0,1.0,0.0,2025
681911,Alex Vesia,119,Los Angeles Dodgers,,P,2026,0.0,0.0,0.0,0.0,0.0,0.0,0.0,0.0,0.0,0.0,0.0,0.0,0.0,0.0,0.0,.000,.000,.000,.000,.---,-.--,0.0,0.0,0.0,,,,,,,,,,,,,,,,,,,,,,,,,2025
810938,Ben Williamson,139,Tampa Bay Rays,,2B,2026,208.0,187.0,44.0,8.0,1.0,2.0,19.0,0.0,41.0,1.0,0.0,1.0,60.0,21.0,6.0,.235,.309,.321,.630,.292,93.50,827.0,58.0,45.0,295.0,277.0,70.0,13.0,0.0,1.0,15.0,0.0,64.0,1.0,0.0,2.0,86.0,21.0,5.0,.253,.294,.310,.604,.325,277.00,1216.0,90.0,55.0,2025
694203,Denzer Guzman,108,Los Angeles Angels,,3B,2026,98.0,91.0,23.0,3.0,0.0,3.0,7.0,0.0,23.0,0.0,0.0,0.0,35.0,13.0,1.0,.253,.306,.385,.691,.308,30.33,354.0,21.0,24.0,43.0,42.0,8.0,1.0,0.0,2.0,1.0,0.0,22.0,0.0,0.0,0.0,15.0,3.0,0.0,.190,.209,.357,.566,.333,21.00,176.0,4.0,8.0,2025
681916,Dylan Smith,137,San Francisco Giants,,P,2026,0.0,0.0,0.0,0.0,0.0,0.0,0.0,0.0,0.0,0.0,0.0,0.0,0.0,0.0,0.0,.000,.000,.000,.000,.---,-.--,0.0,0.0,0.0,,,,,,,,,,,,,,,,,,,,,,,,,2025
694212,Samuel Basallo,110,Baltimore Orioles,,C,2026,281.0,254.0,65.0,9.0,1.0,14.0,25.0,2.0,72.0,0.0,2.0,0.0,118.0,42.0,5.0,.256,.320,.465,.785,.300,18.14,1030.0,63.0,56.0,118.0,109.0,18.0,6.0,0.0,4.0,6.0,0.0,30.0,3.0,0.0,0.0,36.0,15.0,4.0,.165,.229,.330,.559,.187,27.25,443.0,36.0,25.0,2025
663494,Bryan Torres,138,St. Louis Cardinals,,LF,2026,63.0,57.0,12.0,0.0,1.0,4.0,5.0,0.0,13.0,0.0,0.0,1.0,26.0,8.0,0.0,.211,.274,.456,.730,.200,14.25,241.0,16.0,17.0,,,,,,,,,,,,,,,,,,,,,,,,,2025
679883,Luinder Avila,118,Kansas City Royals,,P,2026,,,,,,,,,,,,,,,,,,,,,,,,,0.0,0.0,0.0,0.0,0.0,0.0,0.0,0.0,0.0,0.0,0.0,0.0,0.0,0.0,0.0,.000,.000,.000,.000,.---,-.--,0.0,0.0,0.0,2025
624585,Jorge Soler,108,Los Angeles Angels,,DH,2026,292.0,255.0,55.0,11.0,1.0,11.0,29.0,0.0,91.0,4.0,4.0,0.0,101.0,39.0,7.0,.216,.301,.396,.697,.280,23.18,1173.0,53.0,60.0,315.0,279.0,60.0,12.0,0.0,12.0,28.0,0.0,94.0,4.0,3.0,0.0,108.0,34.0,5.0,.215,.293,.387,.680,.273,23.25,1290.0,61.0,67.0,2025
696270,Ryan Johnson,108,Los Angeles Angels,,P,2026,,,,,,,,,,,,,,,,,,,,,,,,,,,,,,,,,,,,,,,,,,,,,,,,,2025
655316,Andruw Monasterio,111,Boston Red Sox,,SS,2026,154.0,145.0,33.0,11.0,0.0,4.0,9.0,0.0,36.0,0.0,0.0,0.0,56.0,13.0,2.0,.228,.273,.386,.659,.276,36.25,664.0,29.0,47.0,135.0,126.0,34.0,9.0,0.0,4.0,7.0,0.0,32.0,2.0,0.0,0.0,55.0,16.0,1.0,.270,.319,.437,.756,.333,31.50,558.0,19.0,41.0,2025
593871,Jorge Polanco,121,New York Mets,,1B,2026,66.0,60.0,11.0,4.0,0.0,1.0,6.0,0.0,12.0,0.0,0.0,0.0,18.0,3.0,0.0,.183,.258,.300,.558,.213,60.00,246.0,14.0,23.0,524.0,471.0,125.0,30.0,0.0,26.0,42.0,1.0,82.0,3.0,5.0,3.0,233.0,78.0,7.0,.265,.326,.495,.821,.269,18.12,2023.0,114.0,158.0,2025
622554,Seranthony Domínguez,145,Chicago White Sox,,P,2026,,,,,,,,,,,,,,,,,,,,,,,,,0.0,0.0,0.0,0.0,0.0,0.0,0.0,0.0,0.0,0.0,0.0,0.0,0.0,0.0,0.0,.000,.000,.000,.000,.---,-.--,0.0,0.0,0.0,2025
489446,Kirby Yates,108,Los Angeles Angels,,P,2026,,,,,,,,,,,,,,,,,,,,,,,,,,,,,,,,,,,,,,,,,,,,,,,,,2025
696285,Jacob Young,120,Washington Nationals,,CF,2026,284.0,264.0,59.0,11.0,2.0,8.0,15.0,0.0,54.0,4.0,0.0,1.0,98.0,31.0,5.0,.223,.276,.371,.647,.252,33.00,1063.0,71.0,81.0,364.0,324.0,75.0,10.0,1.0,2.0,27.0,0.0,65.0,3.0,1.0,9.0,93.0,31.0,7.0,.231,.296,.287,.583,.283,162.00,1367.0,115.0,79.0,2025
684007,Shota Imanaga,112,Chicago Cubs,,P,2026,,,,,,,,,,,,,,,,,,,,,,,,,,,,,,,,,,,,,,,,,,,,,,,,,2025
677865,Justin Bruihl,138,St. Louis Cardinals,,P,2026,,,,,,,,,,,,,,,,,,,,,,,,,,,,,,,,,,,,,,,,,,,,,,,,,2025
694249,Cole Carrigg,115,Colorado Rockies,,CF,2026,101.0,85.0,27.0,6.0,3.0,4.0,11.0,0.0,19.0,1.0,3.0,1.0,51.0,21.0,1.0,.318,.390,.600,.990,.354,21.25,379.0,16.0,27.0,,,,,,,,,,,,,,,,,,,,,,,,,2025
688107,Robert Gasser,158,Milwaukee Brewers,,P,2026,,,,,,,,,,,,,,,,,,,,,,,,,,,,,,,,,,,,,,,,,,,,,,,,,2025
815083,Mitch Farris,108,Los Angeles Angels,,P,2026,,,,,,,,,,,,,,,,,,,,,,,,,,,,,,,,,,,,,,,,,,,,,,,,,2025
677870,Leo Jiménez,146,Miami Marlins,,3B,2026,114.0,99.0,20.0,4.0,0.0,1.0,9.0,0.0,25.0,5.0,1.0,0.0,27.0,6.0,4.0,.202,.298,.273,.571,.257,99.00,476.0,33.0,22.0,32.0,29.0,2.0,0.0,0.0,1.0,2.0,0.0,8.0,0.0,0.0,1.0,5.0,1.0,1.0,.069,.129,.172,.301,.050,29.00,143.0,10.0,10.0,2025
606192,Teoscar Hernández,119,Los Angeles Dodgers,,LF,2026,236.0,208.0,54.0,8.0,0.0,8.0,23.0,1.0,65.0,2.0,3.0,0.0,86.0,36.0,7.0,.260,.335,.413,.748,.333,26.00,970.0,41.0,51.0,546.0,511.0,126.0,29.0,1.0,25.0,26.0,0.0,134.0,3.0,5.0,0.0,232.0,89.0,13.0,.247,.284,.454,.738,.283,20.44,2139.0,136.0,120.0,2025
663538,Nico Hoerner,112,Chicago Cubs,,2B,2026,401.0,356.0,86.0,22.0,0.0,4.0,35.0,0.0,32.0,5.0,5.0,0.0,120.0,38.0,7.0,.242,.314,.337,.651,.252,89.00,1453.0,105.0,138.0,649.0,599.0,178.0,29.0,4.0,7.0,39.0,1.0,49.0,7.0,4.0,0.0,236.0,61.0,4.0,.297,.345,.394,.739,.313,85.57,2305.0,179.0,197.0,2025
671732,Lawrence Butler,133,Athletics,,RF,2026,255.0,225.0,45.0,8.0,0.0,5.0,30.0,1.0,67.0,0.0,0.0,0.0,68.0,22.0,3.0,.200,.294,.302,.596,.261,45.00,1049.0,70.0,43.0,630.0,569.0,133.0,30.0,2.0,21.0,59.0,0.0,179.0,0.0,0.0,2.0,230.0,63.0,7.0,.234,.306,.404,.710,.304,27.10,2517.0,137.0,122.0,2025
669684,Chris Murphy,145,Chicago White Sox,,P,2026,,,,,,,,,,,,,,,,,,,,,,,,,,,,,,,,,,,,,,,,,,,,,,,,,2025
671737,Taj Bradley,142,Minnesota Twins,,P,2026,,,,,,,,,,,,,,,,,,,,,,,,,,,,,,,,,,,,,,,,,,,,,,,,,2025
663542,Bryan Hudson,145,Chicago White Sox,,P,2026,,,,,,,,,,,,,,,,,,,,,,,,,,,,,,,,,,,,,,,,,,,,,,,,,2025
671739,Michael Harris II,144,Atlanta Braves,,CF,2026,330.0,312.0,96.0,15.0,0.0,16.0,15.0,0.0,67.0,1.0,2.0,0.0,159.0,53.0,2.0,.308,.339,.510,.849,.346,19.50,1203.0,77.0,74.0,641.0,611.0,152.0,26.0,6.0,20.0,16.0,1.0,128.0,3.0,7.0,4.0,250.0,86.0,7.0,.249,.268,.409,.677,.281,30.55,2177.0,193.0,149.0,2025
681982,Grant Anderson,158,Milwaukee Brewers,,P,2026,,,,,,,,,,,,,,,,,,,,,,,,,,,,,,,,,,,,,,,,,,,,,,,,,2025
662253,Andrés Muñoz,136,Seattle Mariners,,P,2026,,,,,,,,,,,,,,,,,,,,,,,,,,,,,,,,,,,,,,,,,,,,,,,,,2025
