exemptions,splits,type_displayName,group_displayName
[],"[{'season': '2026', 'stat': {'age': 28, 'gamesPlayed': 15, 'gamesStarted': 0, 'groundOuts': 19, 'airOuts': 12, 'runs': 8, 'doubles': 1, 'triples': 1, 'homeRuns': 4, 'strikeOuts': 17, 'baseOnBalls': 8, 'intentionalWalks': 1, 'hits': 12, 'hitByPitch': 1, 'avg': '.203', 'atBats': 59, 'obp': '.309', 'slg': '.458', 'ops': '.767', 'caughtStealing': 0, 'stolenBases': 1, 'stolenBasePercentage': '1.000', 'caughtStealingPercentage': '.000', 'groundIntoDoublePlay': 0, 'numberOfPitches': 278, 'era': '4.50', 'inningsPitched': '16.0', 'wins': 0, 'losses': 2, 'saves': 0, 'saveOpportunities': 1, 'holds': 3, 'blownSaves': 1, 'earnedRuns': 8, 'whip': '1.25', 'battersFaced': 69, 'outs': 48, 'gamesPitched': 15, 'completeGames': 0, 'shutouts': 0, 'strikes': 172, 'strikePercentage': '.620', 'hitBatsmen': 1, 'balks': 0, 'wildPitches': 1, 'pickoffs': 0, 'totalBases': 27, 'groundOutsToAirouts': '1.58', 'winPercentage': '.000', 'pitchesPerInning': '17.38', 'gamesFinished': 4, 'strikeoutWalkRatio': '2.13', 'strikeoutsPer9Inn': '9.56', 'walksPer9Inn': '4.50', 'hitsPer9Inn': '6.75', 'runsScoredPer9': '4.50', 'homeRunsPer9': '2.25', 'inheritedRunners': 3, 'inheritedRunnersScored': 2, 'catchersInterference': 0, 'sacBunts': 1, 'sacFlies': 0}, 'team': {'id': 146, 'name': 'Miami Marlins', 'link': '/api/v1/teams/146'}, 'player': {'id': 667652, 'fullName': 'Jack Ralston', 'link': '/api/v1/people/667652'}, 'league': {'id': 104, 'name': 'National League', 'link': '/api/v1/league/104'}, 'sport': {'id': 1, 'link': '/api/v1/sports/1', 'abbreviation': 'MLB'}, 'gameType': 'R'}]",season,pitching
[],"[{'season': '2026', 'stat': {'age': 24, 'gamesPlayed': 25, 'gamesStarted': 23, 'groundOuts': 121, 'airOuts': 111, 'runs': 63, 'doubles': 32, 'triples': 2, 'homeRuns': 22, 'strikeOuts': 121, 'baseOnBalls': 48, 'intentionalWalks': 0, 'hits': 113, 'hitByPitch': 5, 'avg': '.244', 'atBats': 463, 'obp': '.320', 'slg': '.464', 'ops': '.784', 'caughtStealing': 2, 'stolenBases': 10, 'stolenBasePercentage': '.833', 'caughtStealingPercentage': '.167', 'groundIntoDoublePlay': 8, 'numberOfPitches': 2086, 'era': '4.52', 'inningsPitched': '121.1', 'wins': 5, 'losses': 5, 'saves': 0, 'saveOpportunities': 0, 'holds': 1, 'blownSaves': 0, 'earnedRuns': 61, 'whip': '1.33', 'battersFaced': 519, 'outs': 364, 'gamesPitched': 25, 'completeGames': 0, 'shutouts': 0, 'strikes': 1341, 'strikePercentage': '.640', 'hitBatsmen': 5, 'balks': 0, 'wildPitches': 8, 'pickoffs': 0, 'totalBases': 215, 'groundOutsToAirouts': '1.09', 'winPercentage': '.500', 'pitchesPerInning': '17.19', 'gamesFinished': 0, 'strikeoutWalkRatio': '2.52', 'strikeoutsPer9Inn': '8.98', 'walksPer9Inn': '3.56', 'hitsPer9Inn': '8.38', 'runsScoredPer9': '4.67', 'homeRunsPer9': '1.63', 'inheritedRunners': 0, 'inheritedRunnersScored': 0, 'catchersInterference': 0, 'sacBunts': 1, 'sacFlies': 2}, 'team': {'id': 119, 'name': 'Los Angeles Dodgers', 'link': '/api/v1/teams/119'}, 'player': {'id': 808963, 'fullName': 'Roki Sasaki', 'link': '/api/v1/people/808963'}, 'league': {'id': 104, 'name': 'National League', 'link': '/api/v1/league/104'}, 'sport': {'id': 1, 'link': '/api/v1/sports/1', 'abbreviation': 'MLB'}, 'gameType': 'R'}]",season,pitching
[],"[{'season': '2026', 'stat': {'age': 25, 'gamesPlayed': 65, 'gamesStarted': 1, 'groundOuts': 63, 'airOuts': 73, 'runs': 44, 'doubles': 11, 'triples': 1, 'homeRuns': 6, 'strikeOuts': 66, 'baseOnBalls': 40, 'intentionalWalks': 3, 'hits': 78, 'hitByPitch': 3, 'avg': '.285', 'atBats': 274, 'obp': '.378', 'slg': '.398', 'ops': '.776', 'caughtStealing': 3, 'stolenBases': 5, 'stolenBasePercentage': '.625', 'caughtStealingPercentage': '.375', 'groundIntoDoublePlay': 3, 'numberOfPitches': 1303, 'era': '5.27', 'inningsPitched': '70.0', 'wins': 4, 'losses': 6, 'saves': 4, 'saveOpportunities': 5, 'holds': 9, 'blownSaves': 1, 'earnedRuns': 41, 'whip': '1.69', 'battersFaced': 323, 'outs': 210, 'gamesPitched': 65, 'completeGames': 0, 'shutouts': 0, 'strikes': 827, 'strikePercentage': '.630', 'hitBatsmen': 3, 'balks': 0, 'wildPitches': 2, 'pickoffs': 2, 'totalBases': 109, 'groundOutsToAirouts': '0.86', 'winPercentage': '.400', 'pitchesPerInning': '18.61', 'gamesFinished': 21, 'strikeoutWalkRatio': '1.65', 'strikeoutsPer9Inn': '8.49', 'walksPer9Inn': '5.14', 'hitsPer9Inn': '10.03', 'runsScoredPer9': '5.66', 'homeRunsPer9': '0.77', 'inheritedRunners': 32, 'inheritedRunnersScored': 10, 'catchersInterference': 0, 'sacBunts': 3, 'sacFlies': 3}, 'team': {'id': 115, 'name': 'Colorado Rockies', 'link': '/api/v1/teams/115'}, 'player': {'id': 675848, 'fullName': 'Juan Mejia', 'link': '/api/v1/people/675848'}, 'league': {'id': 104, 'name': 'National League', 'link': '/api/v1/league/104'}, 'sport': {'id': 1, 'link': '/api/v1/sports/1', 'abbreviation': 'MLB'}, 'gameType': 'R'}]",season,pitching
[],"[{'season': '2026', 'stat': {'age': 29, 'gamesPlayed': 26, 'gamesStarted': 26, 'groundOuts': 101, 'airOuts': 174, 'runs': 69, 'doubles': 36, 'triples': 2, 'homeRuns': 18, 'strikeOuts': 110, 'baseOnBalls': 38, 'intentionalWalks': 0, 'hits': 123, 'hitByPitch': 3, 'avg': '.247', 'atBats': 498, 'obp': '.300', 'slg': '.436', 'ops': '.736', 'caughtStealing': 9, 'stolenBases': 16, 'stolenBasePercentage': '.640', 'caughtStealingPercentage': '.360', 'groundIntoDoublePlay': 5, 'numberOfPitches': 2083, 'era': '4.32', 'inningsPitched': '131.1', 'wins': 6, 'losses': 10, 'saves': 0, 'saveOpportunities': 0, 'holds': 0, 'blownSaves': 0, 'earnedRuns': 63, 'whip': '1.23', 'battersFaced': 549, 'outs': 394, 'gamesPitched': 26, 'completeGames': 0, 'shutouts': 0, 'strikes': 1329, 'strikePercentage': '.640', 'hitBatsmen': 3, 'balks': 0, 'wildPitches': 2, 'pickoffs': 0, 'totalBases': 217, 'groundOutsToAirouts': '0.58', 'winPercentage': '.375', 'pitchesPerInning': '15.86', 'gamesFinished': 0, 'strikeoutWalkRatio': '2.89', 'strikeoutsPer9Inn': '7.54', 'walksPer9Inn': '2.60', 'hitsPer9Inn': '8.43', 'runsScoredPer9': '4.73', 'homeRunsPer9': '1.23', 'inheritedRunners': 0, 'inheritedRunnersScored': 0, 'catchersInterference': 0, 'sacBunts': 3, 'sacFlies': 7}, 'player': {'id': 663554, 'fullName': 'Casey Mize', 'link': '/api/v1/people/663554'}, 'sport': {'id': 1, 'link': '/api/v1/sports/1', 'abbreviation': 'MLB'}, 'gameType': 'R', 'numTeams': 2, 'numLeagues': 2}, {'season': '2026', 'stat': {'age': 29, 'gamesPlayed': 16, 'gamesStarted': 16, 'groundOuts': 61, 'airOuts': 108, 'runs': 27, 'doubles': 22, 'triples': 1, 'homeRuns': 5, 'strikeOuts': 85, 'baseOnBalls': 19, 'intentionalWalks': 0, 'hits': 67, 'hitByPitch': 1, 'avg': '.213', 'atBats': 315, 'obp': '.257', 'slg': '.337', 'ops': '.594', 'caughtStealing': 5, 'stolenBases': 9, 'stolenBasePercentage': '.643', 'caughtStealingPercentage': '.357', 'groundIntoDoublePlay': 4, 'numberOfPitches': 1318, 'era': '2.70', 'inningsPitched': '86.2', 'wins': 4, 'losses': 6, 'saves': 0, 'saveOpportunities': 0, 'holds': 0, 'blownSaves': 0, 'earnedRuns': 26, 'whip': '0.99', 'battersFaced': 341, 'outs': 260, 'gamesPitched': 16, 'completeGames': 0, 'shutouts': 0, 'strikes': 856, 'strikePercentage': '.650', 'hitBatsmen': 1, 'balks': 0, 'wildPitches': 1, 'pickoffs': 0, 'totalBases': 106, 'groundOutsToAirouts': '0.56', 'winPercentage': '.400', 'pitchesPerInning': '15.21', 'gamesFinished': 0, 'strikeoutWalkRatio': '4.47', 'strikeoutsPer9Inn': '8.83', 'walksPer9Inn': '1.97', 'hitsPer9Inn': '6.96', 'runsScoredPer9': '2.80', 'homeRunsPer9': '0.52', 'inheritedRunners': 0, 'inheritedRunnersScored': 0, 'catchersInterference': 0, 'sacBunts': 2, 'sacFlies': 4}, 'team': {'id': 116, 'name': 'Detroit Tigers', 'link': '/api/v1/teams/116'}, 'player': {'id': 663554, 'fullName': 'Casey Mize', 'link': '/api/v1/people/663554'}, 'league': {'id': 103, 'name': 'American League', 'link': '/api/v1/league/103'}, 'sport': {'id': 1, 'link': '/api/v1/sports/1', 'abbreviation': 'MLB'}, 'gameType': 'R'}, {'season': '2026', 'stat': {'age': 29, 'gamesPlayed': 10, 'gamesStarted': 10, 'groundOuts': 40, 'airOuts': 66, 'runs': 42, 'doubles': 14, 'triples': 1, 'homeRuns': 13, 'strikeOuts': 25, 'baseOnBalls': 19, 'intentionalWalks': 0, 'hits': 56, 'hitByPitch': 2, 'avg': '.306', 'atBats': 183, 'obp': '.372', 'slg': '.607', 'ops': '.979', 'caughtStealing': 4, 'stolenBases': 7, 'stolenBasePercentage': '.636', 'caughtStealingPercentage': '.364', 'groundIntoDoublePlay': 1, 'numberOfPitches': 765, 'era': '7.46', 'inningsPitched': '44.2', 'wins': 2, 'losses': 4, 'saves': 0, 'saveOpportunities': 0, 'holds': 0, 'blownSaves': 0, 'earnedRuns': 37, 'whip': '1.68', 'battersFaced': 208, 'outs': 134, 'gamesPitched': 10, 'completeGames': 0, 'shutouts': 0, 'strikes': 473, 'strikePercentage': '.620', 'hitBatsmen': 2, 'balks': 0, 'wildPitches': 1, 'pickoffs': 0, 'totalBases': 111, 'groundOutsToAirouts': '0.61', 'winPercentage': '.333', 'pitchesPerInning': '17.13', 'gamesFinished': 0, 'strikeoutWalkRatio': '1.32', 'strikeoutsPer9Inn': '5.04', 'walksPer9Inn': '3.83', 'hitsPer9Inn': '11.28', 'runsScoredPer9': '8.46', 'homeRunsPer9': '2.62', 'inheritedRunners': 0, 'inheritedRunnersScored': 0, 'catchersInterference': 0, 'sacBunts': 1, 'sacFlies': 3}, 'team': {'id': 135, 'name': 'San Diego Padres', 'link': '/api/v1/teams/135'}, 'player': {'id': 663554, 'fullName': 'Casey Mize', 'link': '/api/v1/people/663554'}, 'league': {'id': 104, 'name': 'National League', 'link': '/api/v1/league/104'}, 'sport': {'id': 1, 'link': '/api/v1/sports/1', 'abbreviation': 'MLB'}, 'gameType': 'R'}]",season,pitching
[],"[{'season': '2026', 'stat': {'age': 27, 'gamesPlayed': 28, 'gamesStarted': 28, 'groundOuts': 192, 'airOuts': 166, 'runs': 55, 'doubles': 21, 'triples': 1, 'homeRuns': 20, 'strikeOuts': 182, 'baseOnBalls': 42, 'intentionalWalks': 1, 'hits': 119, 'hitByPitch': 7, 'avg': '.182', 'atBats': 655, 'obp': '.237', 'slg': '.308', 'ops': '.545', 'caughtStealing': 4, 'stolenBases': 6, 'stolenBasePercentage': '.600', 'caughtStealingPercentage': '.400', 'groundIntoDoublePlay': 11, 'numberOfPitches': 2734, 'era': '2.53', 'inningsPitched': '185.0', 'wins': 14, 'losses': 9, 'saves': 0, 'saveOpportunities': 0, 'holds': 0, 'blownSaves': 0, 'earnedRuns': 52, 'whip': '0.87', 'battersFaced': 708, 'outs': 555, 'gamesPitched': 28, 'completeGames': 1, 'shutouts': 0, 'strikes': 1806, 'strikePercentage': '.660', 'hitBatsmen': 7, 'balks': 0, 'wildPitches': 2, 'pickoffs': 2, 'totalBases': 202, 'groundOutsToAirouts': '1.16', 'winPercentage': '.609', 'pitchesPerInning': '14.78', 'gamesFinished': 0, 'strikeoutWalkRatio': '4.33', 'strikeoutsPer9Inn': '8.85', 'walksPer9Inn': '2.04', 'hitsPer9Inn': '5.79', 'runsScoredPer9': '2.68', 'homeRunsPer9': '0.97', 'inheritedRunners': 0, 'inheritedRunnersScored': 0, 'catchersInterference': 0, 'sacBunts': 0, 'sacFlies': 4}, 'team': {'id': 119, 'name': 'Los Angeles Dodgers', 'link': '/api/v1/teams/119'}, 'player': {'id': 808967, 'fullName': 'Yoshinobu Yamamoto', 'link': '/api/v1/people/808967'}, 'league': {'id': 104, 'name': 'National League', 'link': '/api/v1/league/104'}, 'sport': {'id': 1, 'link': '/api/v1/sports/1', 'abbreviation': 'MLB'}, 'gameType': 'R'}]",season,pitching
[],"[{'season': '2026', 'stat': {'age': 29, 'gamesPlayed': 49, 'gamesStarted': 3, 'groundOuts': 56, 'airOuts': 66, 'runs': 24, 'doubles': 6, 'triples': 1, 'homeRuns': 9, 'strikeOuts': 72, 'baseOnBalls': 32, 'intentionalWalks': 2, 'hits': 40, 'hitByPitch': 2, 'avg': '.174', 'atBats': 230, 'obp': '.278', 'slg': '.326', 'ops': '.604', 'caughtStealing': 0, 'stolenBases': 9, 'stolenBasePercentage': '1.000', 'caughtStealingPercentage': '.000', 'groundIntoDoublePlay': 2, 'numberOfPitches': 1044, 'era': '3.18', 'inningsPitched': '65.0', 'wins': 2, 'losses': 3, 'saves': 0, 'saveOpportunities': 1, 'holds': 5, 'blownSaves': 1, 'earnedRuns': 23, 'whip': '1.11', 'battersFaced': 268, 'outs': 195, 'gamesPitched': 49, 'completeGames': 0, 'shutouts': 0, 'strikes': 650, 'strikePercentage': '.620', 'hitBatsmen': 2, 'balks': 1, 'wildPitches': 2, 'pickoffs': 0, 'totalBases': 75, 'groundOutsToAirouts': '0.85', 'winPercentage': '.400', 'pitchesPerInning': '16.06', 'gamesFinished': 12, 'strikeoutWalkRatio': '2.25', 'strikeoutsPer9Inn': '9.97', 'walksPer9Inn': '4.43', 'hitsPer9Inn': '5.54', 'runsScoredPer9': '3.32', 'homeRunsPer9': '1.25', 'inheritedRunners': 12, 'inheritedRunnersScored': 2, 'catchersInterference': 0, 'sacBunts': 2, 'sacFlies': 2}, 'team': {'id': 111, 'name': 'Boston Red Sox', 'link': '/api/v1/teams/111'}, 'player': {'id': 663558, 'fullName': 'Jovani Morán', 'link': '/api/v1/people/663558'}, 'league': {'id': 103, 'name': 'American League', 'link': '/api/v1/league/103'}, 'sport': {'id': 1, 'link': '/api/v1/sports/1', 'abbreviation': 'MLB'}, 'gameType': 'R'}]",season,pitching
[],"[{'season': '2026', 'stat': {'age': 27, 'gamesPlayed': 29, 'gamesStarted': 19, 'groundOuts': 148, 'airOuts': 153, 'runs': 61, 'doubles': 24, 'triples': 2, 'homeRuns': 14, 'strikeOuts': 94, 'baseOnBalls': 32, 'intentionalWalks': 1, 'hits': 129, 'hitByPitch': 6, 'avg': '.248', 'atBats': 520, 'obp': '.298', 'slg': '.383', 'ops': '.681', 'caughtStealing': 0, 'stolenBases': 2, 'stolenBasePercentage': '1.000', 'caughtStealingPercentage': '.000', 'groundIntoDoublePlay': 13, 'numberOfPitches': 2033, 'era': '3.77', 'inningsPitched': '136.0', 'wins': 8, 'losses': 3, 'saves': 0, 'saveOpportunities': 0, 'holds': 2, 'blownSaves': 0, 'earnedRuns': 57, 'whip': '1.18', 'battersFaced': 562, 'outs': 408, 'gamesPitched': 29, 'completeGames': 0, 'shutouts': 0, 'strikes': 1335, 'strikePercentage': '.660', 'hitBatsmen': 6, 'balks': 1, 'wildPitches': 3, 'pickoffs': 0, 'totalBases': 199, 'groundOutsToAirouts': '0.97', 'winPercentage': '.727', 'pitchesPerInning': '14.95', 'gamesFinished': 2, 'strikeoutWalkRatio': '2.94', 'strikeoutsPer9Inn': '6.22', 'walksPer9Inn': '2.12', 'hitsPer9Inn': '8.54', 'runsScoredPer9': '4.04', 'homeRunsPer9': '0.93', 'inheritedRunners': 2, 'inheritedRunnersScored': 1, 'catchersInterference': 0, 'sacBunts': 1, 'sacFlies': 3}, 'team': {'id': 109, 'name': 'Arizona Diamondbacks', 'link': '/api/v1/teams/109'}, 'player': {'id': 694297, 'fullName': 'Brandon Pfaadt', 'link': '/api/v1/people/694297'}, 'league': {'id': 104, 'name': 'National League', 'link': '/api/v1/league/104'}, 'sport': {'id': 1, 'link': '/api/v1/sports/1', 'abbreviation': 'MLB'}, 'gameType': 'R'}]",season,pitching
[],"[{'season': '2026', 'stat': {'age': 31, 'gamesPlayed': 63, 'gamesStarted': 0, 'groundOuts': 55, 'airOuts': 61, 'runs': 23, 'doubles': 10, 'triples': 0, 'homeRuns': 8, 'strikeOuts': 60, 'baseOnBalls': 20, 'intentionalWalks': 2, 'hits': 55, 'hitByPitch': 3, 'avg': '.240', 'atBats': 229, 'obp': '.307', 'slg': '.389', 'ops': '.696', 'caughtStealing': 3, 'stolenBases': 3, 'stolenBasePercentage': '.500', 'caughtStealingPercentage': '.500', 'groundIntoDoublePlay': 2, 'numberOfPitches': 991, 'era': '3.26', 'inningsPitched': '60.2', 'wins': 4, 'losses': 2, 'saves': 1, 'saveOpportunities': 3, 'holds': 8, 'blownSaves': 2, 'earnedRuns': 22, 'whip': '1.24', 'battersFaced': 255, 'outs': 182, 'gamesPitched': 63, 'completeGames': 0, 'shutouts': 0, 'strikes': 652, 'strikePercentage': '.660', 'hitBatsmen': 3, 'balks': 0, 'wildPitches': 0, 'pickoffs': 0, 'totalBases': 89, 'groundOutsToAirouts': '0.90', 'winPercentage': '.667', 'pitchesPerInning': '16.34', 'gamesFinished': 7, 'strikeoutWalkRatio': '3.00', 'strikeoutsPer9Inn': '8.90', 'walksPer9Inn': '2.97', 'hitsPer9Inn': '8.16', 'runsScoredPer9': '3.41', 'homeRunsPer9': '1.19', 'inheritedRunners': 38, 'inheritedRunnersScored': 15, 'catchersInterference': 1, 'sacBunts': 0, 'sacFlies': 2}, 'team': {'id': 111, 'name': 'Boston Red Sox', 'link': '/api/v1/teams/111'}, 'player': {'id': 669711, 'fullName': 'Greg Weissert', 'link': '/api/v1/people/669711'}, 'league': {'id': 103, 'name': 'American League', 'link': '/api/v1/league/103'}, 'sport': {'id': 1, 'link': '/api/v1/sports/1', 'abbreviation': 'MLB'}, 'gameType': 'R'}]",season,pitching
[],"[{'season': '2026', 'stat': {'age': 31, 'gamesPlayed': 56, 'gamesStarted': 0, 'groundOuts': 79, 'airOuts': 71, 'runs': 37, 'doubles': 9, 'triples': 3, 'homeRuns': 6, 'strikeOuts': 59, 'baseOnBalls': 26, 'intentionalWalks': 2, 'hits': 73, 'hitByPitch': 2, 'avg': '.262', 'atBats': 279, 'obp': '.327', 'slg': '.380', 'ops': '.707', 'caughtStealing': 1, 'stolenBases': 2, 'stolenBasePercentage': '.667', 'caughtStealingPercentage': '.333', 'groundIntoDoublePlay': 10, 'numberOfPitches': 1160, 'era': '4.07', 'inningsPitched': '73.0', 'wins': 11, 'losses': 5, 'saves': 4, 'saveOpportunities': 12, 'holds': 10, 'blownSaves': 8, 'earnedRuns': 33, 'whip': '1.36', 'battersFaced': 310, 'outs': 219, 'gamesPitched': 56, 'completeGames': 0, 'shutouts': 0, 'strikes': 753, 'strikePercentage': '.650', 'hitBatsmen': 2, 'balks': 0, 'wildPitches': 0, 'pickoffs': 0, 'totalBases': 106, 'groundOutsToAirouts': '1.11', 'winPercentage': '.688', 'pitchesPerInning': '15.89', 'gamesFinished': 14, 'strikeoutWalkRatio': '2.27', 'strikeoutsPer9Inn': '7.27', 'walksPer9Inn': '3.21', 'hitsPer9Inn': '9.00', 'runsScoredPer9': '4.56', 'homeRunsPer9': '0.74', 'inheritedRunners': 24, 'inheritedRunnersScored': 8, 'catchersInterference': 0, 'sacBunts': 1, 'sacFlies': 2}, 'player': {'id': 622608, 'fullName': 'Antonio Senzatela', 'link': '/api/v1/people/622608'}, 'league': {'id': 104, 'name': 'National League', 'link': '/api/v1/league/104'}, 'sport': {'id': 1, 'link': '/api/v1/sports/1', 'abbreviation': 'MLB'}, 'gameType': 'R', 'numTeams': 2}, {'season': '2026', 'stat': {'age': 31, 'gamesPlayed': 34, 'gamesStarted': 0, 'groundOuts': 50, 'airOuts': 54, 'runs': 24, 'doubles': 4, 'triples': 3, 'homeRuns': 4, 'strikeOuts': 46, 'baseOnBalls': 17, 'intentionalWalks': 2, 'hits': 51, 'hitByPitch': 1, 'avg': '.256', 'atBats': 199, 'obp': '.317', 'slg': '.367', 'ops': '.684', 'caughtStealing': 1, 'stolenBases': 1, 'stolenBasePercentage': '.500', 'caughtStealingPercentage': '.500', 'groundIntoDoublePlay': 7, 'numberOfPitches': 805, 'era': '3.61', 'inningsPitched': '52.1', 'wins': 9, 'losses': 2, 'saves': 3, 'saveOpportunities': 8, 'holds': 4, 'blownSaves': 5, 'earnedRuns': 21, 'whip': '1.30', 'battersFaced': 219, 'outs': 157, 'gamesPitched': 34, 'completeGames': 0, 'shutouts': 0, 'strikes': 530, 'strikePercentage': '.660', 'hitBatsmen': 1, 'balks': 0, 'wildPitches': 0, 'pickoffs': 0, 'totalBases': 73, 'groundOutsToAirouts': '0.93', 'winPercentage': '.818', 'pitchesPerInning': '15.38', 'gamesFinished': 11, 'strikeoutWalkRatio': '2.71', 'strikeoutsPer9Inn': '7.91', 'walksPer9Inn': '2.92', 'hitsPer9Inn': '8.77', 'runsScoredPer9': '4.13', 'homeRunsPer9': '0.69', 'inheritedRunners': 15, 'inheritedRunnersScored': 5, 'catchersInterference': 0, 'sacBunts': 1, 'sacFlies': 1}, 'team': {'id': 115, 'name': 'Colorado Rockies', 'link': '/api/v1/teams/115'}, 'player': {'id': 622608, 'fullName': 'Antonio Senzatela', 'link': '/api/v1/people/622608'}, 'league': {'id': 104, 'name': 'National League', 'link': '/api/v1/league/104'}, 'sport': {'id': 1, 'link': '/api/v1/sports/1', 'abbreviation': 'MLB'}, 'gameType': 'R'}, {'season': '2026', 'stat': {'age': 31, 'gamesPlayed': 22, 'gamesStarted': 0, 'groundOuts': 29, 'airOuts': 17, 'runs': 13, 'doubles': 5, 'triples': 0, 'homeRuns': 2, 'strikeOuts': 13, 'baseOnBalls': 9, 'intentionalWalks': 0, 'hits': 22, 'hitByPitch': 1, 'avg': '.275', 'atBats': 80, 'obp': '.352', 'slg': '.413', 'ops': '.765', 'caughtStealing': 0, 'stolenBases': 1, 'stolenBasePercentage': '1.000', 'caughtStealingPercentage': '.000', 'groundIntoDoublePlay': 3, 'numberOfPitches': 355, 'era': '5.23', 'inningsPitched': '20.2', 'wins': 2, 'losses': 3, 'saves': 1, 'saveOpportunities': 4, 'holds': 6, 'blownSaves': 3, 'earnedRuns': 12, 'whip': '1.50', 'battersFaced': 91, 'outs': 62, 'gamesPitched': 22, 'completeGames': 0, 'shutouts': 0, 'strikes': 223, 'strikePercentage': '.630', 'hitBatsmen': 1, 'balks': 0, 'wildPitches': 0, 'pickoffs': 0, 'totalBases': 33, 'groundOutsToAirouts': '1.71', 'winPercentage': '.400', 'pitchesPerInning': '17.18', 'gamesFinished': 3, 'strikeoutWalkRatio': '1.44', 'strikeoutsPer9Inn': '5.66', 'walksPer9Inn': '3.92', 'hitsPer9Inn': '9.58', 'runsScoredPer9': '5.66', 'homeRunsPer9': '0.87', 'inheritedRunners': 9, 'inheritedRunnersScored': 3, 'catchersInterference': 0, 'sacBunts': 0, 'sacFlies': 1}, 'team': {'id': 158, 'name': 'Milwaukee Brewers', 'link': '/api/v1/teams/158'}, 'player': {'id': 622608, 'fullName': 'Antonio Senzatela', 'link': '/api/v1/people/622608'}, 'league': {'id': 104, 'name': 'National League', 'link': '/api/v1/league/104'}, 'sport': {'id': 1, 'link': '/api/v1/sports/1', 'abbreviation': 'MLB'}, 'gameType': 'R'}]",season,pitching
[],"[{'season': '2026', 'stat': {'age': 29, 'gamesPlayed': 28, 'gamesStarted': 28, 'groundOuts': 113, 'airOuts': 185, 'runs': 68, 'doubles': 22, 'triples': 0, 'homeRuns': 17, 'strikeOuts': 153, 'baseOnBalls': 59, 'intentionalWalks': 0, 'hits': 134, 'hitByPitch': 12, 'avg': '.232', 'atBats': 578, 'obp': '.314', 'slg': '.358', 'ops': '.672', 'caughtStealing': 5, 'stolenBases': 12, 'stolenBasePercentage': '.706', 'caughtStealingPercentage': '.294', 'groundIntoDoublePlay': 10, 'numberOfPitches': 2602, 'era': '3.87', 'inningsPitched': '153.2', 'wins': 8, 'losses': 10, 'saves': 0, 'saveOpportunities': 0, 'holds': 0, 'blownSaves': 0, 'earnedRuns': 66, 'whip': '1.26', 'battersFaced': 656, 'outs': 461, 'gamesPitched': 28, 'completeGames': 0, 'shutouts': 0, 'strikes': 1668, 'strikePercentage': '.640', 'hitBatsmen': 12, 'balks': 0, 'wildPitches': 6, 'pickoffs': 0, 'totalBases': 207, 'groundOutsToAirouts': '0.61', 'winPercentage': '.444', 'pitchesPerInning': '16.93', 'gamesFinished': 0, 'strikeoutWalkRatio': '2.59', 'strikeoutsPer9Inn': '8.96', 'walksPer9Inn': '3.46', 'hitsPer9Inn': '7.85', 'runsScoredPer9': '3.98', 'homeRunsPer9': '1.00', 'inheritedRunners': 0, 'inheritedRunnersScored': 0, 'catchersInterference': 0, 'sacBunts': 4, 'sacFlies': 3}, 'team': {'id': 117, 'name': 'Houston Astros', 'link': '/api/v1/teams/117'}, 'player': {'id': 663567, 'fullName': 'Peter Lambert', 'link': '/api/v1/people/663567'}, 'league': {'id': 103, 'name': 'American League', 'link': '/api/v1/league/103'}, 'sport': {'id': 1, 'link': '/api/v1/sports/1', 'abbreviation': 'MLB'}, 'gameType': 'R'}]",season,pitching
[],"[{'season': '2026', 'stat': {'age': 28, 'gamesPlayed': 10, 'gamesStarted': 10, 'groundOuts': 51, 'airOuts': 63, 'runs': 25, 'doubles': 8, 'triples': 3, 'homeRuns': 4, 'strikeOuts': 41, 'baseOnBalls': 19, 'intentionalWalks': 0, 'hits': 43, 'hitByPitch': 2, 'avg': '.219', 'atBats': 196, 'obp': '.294', 'slg': '.352', 'ops': '.646', 'caughtStealing': 0, 'stolenBases': 4, 'stolenBasePercentage': '1.000', 'caughtStealingPercentage': '.000', 'groundIntoDoublePlay': 7, 'numberOfPitches': 816, 'era': '3.50', 'inningsPitched': '54.0', 'wins': 5, 'losses': 2, 'saves': 0, 'saveOpportunities': 0, 'holds': 0, 'blownSaves': 0, 'earnedRuns': 21, 'whip': '1.15', 'battersFaced': 219, 'outs': 162, 'gamesPitched': 10, 'completeGames': 0, 'shutouts': 0, 'strikes': 528, 'strikePercentage': '.650', 'hitBatsmen': 2, 'balks': 0, 'wildPitches': 2, 'pickoffs': 0, 'totalBases': 69, 'groundOutsToAirouts': '0.81', 'winPercentage': '.714', 'pitchesPerInning': '15.11', 'gamesFinished': 0, 'strikeoutWalkRatio': '2.16', 'strikeoutsPer9Inn': '6.83', 'walksPer9Inn': '3.17', 'hitsPer9Inn': '7.17', 'runsScoredPer9': '4.17', 'homeRunsPer9': '0.67', 'inheritedRunners': 0, 'inheritedRunnersScored': 0, 'catchersInterference': 0, 'sacBunts': 1, 'sacFlies': 1}, 'team': {'id': 117, 'name': 'Houston Astros', 'link': '/api/v1/teams/117'}, 'player': {'id': 669713, 'fullName': 'Hayden Wesneski', 'link': '/api/v1/people/669713'}, 'league': {'id': 103, 'name': 'American League', 'link': '/api/v1/league/103'}, 'sport': {'id': 1, 'link': '/api/v1/sports/1', 'abbreviation': 'MLB'}, 'gameType': 'R'}]",season,pitching
[],"[{'season': '2026', 'stat': {'age': 27, 'gamesPlayed': 60, 'gamesStarted': 1, 'groundOuts': 56, 'airOuts': 62, 'runs': 30, 'doubles': 11, 'triples': 1, 'homeRuns': 7, 'strikeOuts': 93, 'baseOnBalls': 39, 'intentionalWalks': 3, 'hits': 63, 'hitByPitch': 4, 'avg': '.236', 'atBats': 267, 'obp': '.337', 'slg': '.363', 'ops': '.700', 'caughtStealing': 2, 'stolenBases': 3, 'stolenBasePercentage': '.600', 'caughtStealingPercentage': '.400', 'groundIntoDoublePlay': 6, 'numberOfPitches': 1270, 'era': '3.08', 'inningsPitched': '73.0', 'wins': 6, 'losses': 3, 'saves': 0, 'saveOpportunities': 4, 'holds': 13, 'blownSaves': 4, 'earnedRuns': 25, 'whip': '1.40', 'battersFaced': 317, 'outs': 219, 'gamesPitched': 60, 'completeGames': 0, 'shutouts': 0, 'strikes': 774, 'strikePercentage': '.610', 'hitBatsmen': 4, 'balks': 0, 'wildPitches': 4, 'pickoffs': 0, 'totalBases': 97, 'groundOutsToAirouts': '0.90', 'winPercentage': '.667', 'pitchesPerInning': '17.40', 'gamesFinished': 13, 'strikeoutWalkRatio': '2.38', 'strikeoutsPer9Inn': '11.47', 'walksPer9Inn': '4.81', 'hitsPer9Inn': '7.77', 'runsScoredPer9': '3.70', 'homeRunsPer9': '0.86', 'inheritedRunners': 27, 'inheritedRunnersScored': 12, 'catchersInterference': 0, 'sacBunts': 2, 'sacFlies': 5}, 'team': {'id': 133, 'name': 'Athletics', 'link': '/api/v1/teams/133'}, 'player': {'id': 665622, 'fullName': 'Luis Medina', 'link': '/api/v1/people/665622'}, 'league': {'id': 103, 'name': 'American League', 'link': '/api/v1/league/103'}, 'sport': {'id': 1, 'link': '/api/v1/sports/1', 'abbreviation': 'MLB'}, 'gameType': 'R'}]",season,pitching
[],"[{'season': '2026', 'stat': {'age': 26, 'gamesPlayed': 31, 'gamesStarted': 0, 'groundOuts': 31, 'airOuts': 27, 'runs': 16, 'doubles': 7, 'triples': 0, 'homeRuns': 2, 'strikeOuts': 37, 'baseOnBalls': 21, 'intentionalWalks': 3, 'hits': 36, 'hitByPitch': 4, 'avg': '.283', 'atBats': 127, 'obp': '.396', 'slg': '.386', 'ops': '.782', 'caughtStealing': 1, 'stolenBases': 2, 'stolenBasePercentage': '.667', 'caughtStealingPercentage': '.333', 'groundIntoDoublePlay': 2, 'numberOfPitches': 578, 'era': '3.90', 'inningsPitched': '32.1', 'wins': 4, 'losses': 1, 'saves': 0, 'saveOpportunities': 1, 'holds': 3, 'blownSaves': 1, 'earnedRuns': 14, 'whip': '1.76', 'battersFaced': 157, 'outs': 97, 'gamesPitched': 31, 'completeGames': 0, 'shutouts': 0, 'strikes': 374, 'strikePercentage': '.650', 'hitBatsmen': 4, 'balks': 0, 'wildPitches': 3, 'pickoffs': 0, 'totalBases': 49, 'groundOutsToAirouts': '1.15', 'winPercentage': '.800', 'pitchesPerInning': '17.88', 'gamesFinished': 8, 'strikeoutWalkRatio': '1.76', 'strikeoutsPer9Inn': '10.30', 'walksPer9Inn': '5.85', 'hitsPer9Inn': '10.02', 'runsScoredPer9': '4.45', 'homeRunsPer9': '0.56', 'inheritedRunners': 23, 'inheritedRunnersScored': 10, 'catchersInterference': 1, 'sacBunts': 2, 'sacFlies': 2}, 'team': {'id': 135, 'name': 'San Diego Padres', 'link': '/api/v1/teams/135'}, 'player': {'id': 688158, 'fullName': 'David Morgan', 'link': '/api/v1/people/688158'}, 'league': {'id': 104, 'name': 'National League', 'link': '/api/v1/league/104'}, 'sport': {'id': 1, 'link': '/api/v1/sports/1', 'abbreviation': 'MLB'}, 'gameType': 'R'}]",season,pitching
[],"[{'season': '2026', 'stat': {'age': 33, 'gamesPlayed': 32, 'gamesStarted': 32, 'groundOuts': 181, 'airOuts': 228, 'runs': 68, 'doubles': 33, 'triples': 4, 'homeRuns': 19, 'strikeOuts': 143, 'baseOnBalls': 62, 'intentionalWalks': 0, 'hits': 173, 'hitByPitch': 1, 'avg': '.240', 'atBats': 721, 'obp': '.301', 'slg': '.376', 'ops': '.677', 'caughtStealing': 1, 'stolenBases': 10, 'stolenBasePercentage': '.909', 'caughtStealingPercentage': '.091', 'groundIntoDoublePlay': 18, 'numberOfPitches': 3067, 'era': '2.89', 'inningsPitched': '189.2', 'wins': 16, 'losses': 7, 'saves': 0, 'saveOpportunities': 0, 'holds': 0, 'blownSaves': 0, 'earnedRuns': 61, 'whip': '1.24', 'battersFaced': 788, 'outs': 569, 'gamesPitched': 32, 'completeGames': 0, 'shutouts': 0, 'strikes': 1961, 'strikePercentage': '.640', 'hitBatsmen': 1, 'balks': 1, 'wildPitches': 1, 'pickoffs': 0, 'totalBases': 271, 'groundOutsToAirouts': '0.79', 'winPercentage': '.696', 'pitchesPerInning': '16.17', 'gamesFinished': 0, 'strikeoutWalkRatio': '2.31', 'strikeoutsPer9Inn': '6.79', 'walksPer9Inn': '2.94', 'hitsPer9Inn': '8.21', 'runsScoredPer9': '3.23', 'homeRunsPer9': '0.90', 'inheritedRunners': 0, 'inheritedRunnersScored': 0, 'catchersInterference': 0, 'sacBunts': 4, 'sacFlies': 0}, 'team': {'id': 109, 'name': 'Arizona Diamondbacks', 'link': '/api/v1/teams/109'}, 'player': {'id': 593958, 'fullName': 'Eduardo Rodriguez', 'link': '/api/v1/people/593958'}, 'league': {'id': 104, 'name': 'National League', 'link': '/api/v1/league/104'}, 'sport': {'id': 1, 'link': '/api/v1/sports/1', 'abbreviation': 'MLB'}, 'gameType': 'R'}]",season,pitching
[],"[{'season': '2026', 'stat': {'age': 34, 'gamesPlayed': 65, 'gamesStarted': 5, 'groundOuts': 91, 'airOuts': 75, 'runs': 31, 'doubles': 16, 'triples': 3, 'homeRuns': 7, 'strikeOuts': 50, 'baseOnBalls': 23, 'intentionalWalks': 1, 'hits': 79, 'hitByPitch': 3, 'avg': '.271', 'atBats': 292, 'obp': '.329', 'slg': '.418', 'ops': '.747', 'caughtStealing': 4, 'stolenBases': 0, 'stolenBasePercentage': '.000', 'caughtStealingPercentage': '1.000', 'groundIntoDoublePlay': 9, 'numberOfPitches': 1224, 'era': '3.61', 'inningsPitched': '77.1', 'wins': 3, 'losses': 3, 'saves': 0, 'saveOpportunities': 2, 'holds': 4, 'blownSaves': 2, 'earnedRuns': 31, 'whip': '1.32', 'battersFaced': 321, 'outs': 232, 'gamesPitched': 65, 'completeGames': 0, 'shutouts': 0, 'strikes': 781, 'strikePercentage': '.640', 'hitBatsmen': 3, 'balks': 0, 'wildPitches': 1, 'pickoffs': 0, 'totalBases': 122, 'groundOutsToAirouts': '1.21', 'winPercentage': '.500', 'pitchesPerInning': '15.83', 'gamesFinished': 18, 'strikeoutWalkRatio': '2.17', 'strikeoutsPer9Inn': '5.82', 'walksPer9Inn': '2.68', 'hitsPer9Inn': '9.19', 'runsScoredPer9': '3.61', 'homeRunsPer9': '0.81', 'inheritedRunners': 34, 'inheritedRunnersScored': 7, 'catchersInterference': 0, 'sacBunts': 2, 'sacFlies': 1}, 'team': {'id': 135, 'name': 'San Diego Padres', 'link': '/api/v1/teams/135'}, 'player': {'id': 593974, 'fullName': 'Wandy Peralta', 'link': '/api/v1/people/593974'}, 'league': {'id': 104, 'name': 'National League', 'link': '/api/v1/league/104'}, 'sport': {'id': 1, 'link': '/api/v1/sports/1', 'abbreviation': 'MLB'}, 'gameType': 'R'}]",season,pitching
[],"[{'season': '2026', 'stat': {'age': 27, 'gamesPlayed': 27, 'gamesStarted': 21, 'groundOuts': 124, 'airOuts': 126, 'runs': 72, 'doubles': 26, 'triples': 0, 'homeRuns': 19, 'strikeOuts': 99, 'baseOnBalls': 39, 'intentionalWalks': 1, 'hits': 134, 'hitByPitch': 3, 'avg': '.282', 'atBats': 476, 'obp': '.336', 'slg': '.456', 'ops': '.792', 'caughtStealing': 1, 'stolenBases': 10, 'stolenBasePercentage': '.909', 'caughtStealingPercentage': '.091', 'groundIntoDoublePlay': 10, 'numberOfPitches': 1997, 'era': '4.95', 'inningsPitched': '120.0', 'wins': 5, 'losses': 7, 'saves': 0, 'saveOpportunities': 0, 'holds': 0, 'blownSaves': 0, 'earnedRuns': 66, 'whip': '1.44', 'battersFaced': 525, 'outs': 360, 'gamesPitched': 27, 'completeGames': 0, 'shutouts': 0, 'strikes': 1278, 'strikePercentage': '.640', 'hitBatsmen': 3, 'balks': 0, 'wildPitches': 4, 'pickoffs': 0, 'totalBases': 217, 'groundOutsToAirouts': '0.98', 'winPercentage': '.417', 'pitchesPerInning': '16.64', 'gamesFinished': 1, 'strikeoutWalkRatio': '2.54', 'strikeoutsPer9Inn': '7.43', 'walksPer9Inn': '2.93', 'hitsPer9Inn': '10.05', 'runsScoredPer9': '5.40', 'homeRunsPer9': '1.43', 'inheritedRunners': 0, 'inheritedRunnersScored': 0, 'catchersInterference': 0, 'sacBunts': 1, 'sacFlies': 6}, 'team': {'id': 114, 'name': 'Cleveland Guardians', 'link': '/api/v1/teams/114'}, 'player': {'id': 677944, 'fullName': 'Slade Cecconi', 'link': '/api/v1/people/677944'}, 'league': {'id': 103, 'name': 'American League', 'link': '/api/v1/league/103'}, 'sport': {'id': 1, 'link': '/api/v1/sports/1', 'abbreviation': 'MLB'}, 'gameType': 'R'}]",season,pitching
[],"[{'season': '2026', 'stat': {'age': 27, 'gamesPlayed': 55, 'gamesStarted': 0, 'groundOuts': 39, 'airOuts': 53, 'runs': 25, 'doubles': 11, 'triples': 0, 'homeRuns': 10, 'strikeOuts': 62, 'baseOnBalls': 25, 'intentionalWalks': 2, 'hits': 44, 'hitByPitch': 2, 'avg': '.223', 'atBats': 197, 'obp': '.316', 'slg': '.431', 'ops': '.747', 'caughtStealing': 5, 'stolenBases': 5, 'stolenBasePercentage': '.500', 'caughtStealingPercentage': '.500', 'groundIntoDoublePlay': 5, 'numberOfPitches': 930, 'era': '4.00', 'inningsPitched': '54.0', 'wins': 5, 'losses': 4, 'saves': 6, 'saveOpportunities': 7, 'holds': 9, 'blownSaves': 1, 'earnedRuns': 24, 'whip': '1.28', 'battersFaced': 225, 'outs': 162, 'gamesPitched': 55, 'completeGames': 0, 'shutouts': 0, 'strikes': 592, 'strikePercentage': '.640', 'hitBatsmen': 2, 'balks': 1, 'wildPitches': 3, 'pickoffs': 0, 'totalBases': 85, 'groundOutsToAirouts': '0.74', 'winPercentage': '.556', 'pitchesPerInning': '17.22', 'gamesFinished': 26, 'strikeoutWalkRatio': '2.48', 'strikeoutsPer9Inn': '10.33', 'walksPer9Inn': '4.17', 'hitsPer9Inn': '7.33', 'runsScoredPer9': '4.17', 'homeRunsPer9': '1.67', 'inheritedRunners': 31, 'inheritedRunnersScored': 11, 'catchersInterference': 0, 'sacBunts': 0, 'sacFlies': 1}, 'team': {'id': 133, 'name': 'Athletics', 'link': '/api/v1/teams/133'}, 'player': {'id': 665660, 'fullName': 'Elvis Alvarado', 'link': '/api/v1/people/665660'}, 'league': {'id': 103, 'name': 'American League', 'link': '/api/v1/league/103'}, 'sport': {'id': 1, 'link': '/api/v1/sports/1', 'abbreviation': 'MLB'}, 'gameType': 'R'}]",season,pitching
[],"[{'season': '2026', 'stat': {'age': 33, 'gamesPlayed': 51, 'gamesStarted': 1, 'groundOuts': 54, 'airOuts': 65, 'runs': 21, 'doubles': 7, 'triples': 0, 'homeRuns': 4, 'strikeOuts': 37, 'baseOnBalls': 15, 'intentionalWalks': 3, 'hits': 50, 'hitByPitch': 5, 'avg': '.243', 'atBats': 206, 'obp': '.310', 'slg': '.335', 'ops': '.645', 'caughtStealing': 1, 'stolenBases': 4, 'stolenBasePercentage': '.800', 'caughtStealingPercentage': '.200', 'groundIntoDoublePlay': 2, 'numberOfPitches': 807, 'era': '3.57', 'inningsPitched': '53.0', 'wins': 1, 'losses': 3, 'saves': 6, 'saveOpportunities': 8, 'holds': 18, 'blownSaves': 2, 'earnedRuns': 21, 'whip': '1.23', 'battersFaced': 226, 'outs': 159, 'gamesPitched': 51, 'completeGames': 0, 'shutouts': 0, 'strikes': 541, 'strikePercentage': '.670', 'hitBatsmen': 5, 'balks': 1, 'wildPitches': 3, 'pickoffs': 0, 'totalBases': 69, 'groundOutsToAirouts': '0.83', 'winPercentage': '.250', 'pitchesPerInning': '15.23', 'gamesFinished': 12, 'strikeoutWalkRatio': '2.47', 'strikeoutsPer9Inn': '6.28', 'walksPer9Inn': '2.55', 'hitsPer9Inn': '8.49', 'runsScoredPer9': '3.57', 'homeRunsPer9': '0.68', 'inheritedRunners': 15, 'inheritedRunnersScored': 6, 'catchersInterference': 0, 'sacBunts': 0, 'sacFlies': 0}, 'team': {'id': 140, 'name': 'Texas Rangers', 'link': '/api/v1/teams/140'}, 'player': {'id': 596001, 'fullName': 'Jakob Junis', 'link': '/api/v1/people/596001'}, 'league': {'id': 103, 'name': 'American League', 'link': '/api/v1/league/103'}, 'sport': {'id': 1, 'link': '/api/v1/sports/1', 'abbreviation': 'MLB'}, 'gameType': 'R'}]",season,pitching
[],"[{'season': '2026', 'stat': {'age': 26, 'gamesPlayed': 45, 'gamesStarted': 0, 'groundOuts': 33, 'airOuts': 44, 'runs': 23, 'doubles': 7, 'triples': 2, 'homeRuns': 3, 'strikeOuts': 38, 'baseOnBalls': 23, 'intentionalWalks': 2, 'hits': 35, 'hitByPitch': 3, 'avg': '.235', 'atBats': 149, 'obp': '.347', 'slg': '.369', 'ops': '.716', 'caughtStealing': 1, 'stolenBases': 6, 'stolenBasePercentage': '.857', 'caughtStealingPercentage': '.143', 'groundIntoDoublePlay': 0, 'numberOfPitches': 677, 'era': '5.35', 'inningsPitched': '38.2', 'wins': 1, 'losses': 4, 'saves': 2, 'saveOpportunities': 7, 'holds': 13, 'blownSaves': 5, 'earnedRuns': 23, 'whip': '1.50', 'battersFaced': 177, 'outs': 116, 'gamesPitched': 45, 'completeGames': 0, 'shutouts': 0, 'strikes': 430, 'strikePercentage': '.640', 'hitBatsmen': 3, 'balks': 0, 'wildPitches': 2, 'pickoffs': 0, 'totalBases': 55, 'groundOutsToAirouts': '0.75', 'winPercentage': '.200', 'pitchesPerInning': '17.51', 'gamesFinished': 6, 'strikeoutWalkRatio': '1.65', 'strikeoutsPer9Inn': '8.84', 'walksPer9Inn': '5.35', 'hitsPer9Inn': '8.15', 'runsScoredPer9': '5.35', 'homeRunsPer9': '0.70', 'inheritedRunners': 37, 'inheritedRunnersScored': 10, 'catchersInterference': 1, 'sacBunts': 0, 'sacFlies': 1}, 'team': {'id': 115, 'name': 'Colorado Rockies', 'link': '/api/v1/teams/115'}, 'player': {'id': 677955, 'fullName': 'Jaden Hill', 'link': '/api/v1/people/677955'}, 'league': {'id': 104, 'name': 'National League', 'link': '/api/v1/league/104'}, 'sport': {'id': 1, 'link': '/api/v1/sports/1', 'abbreviation': 'MLB'}, 'gameType': 'R'}]",season,pitching
[],"[{'season': '2026', 'stat': {'age': 32, 'gamesPlayed': 20, 'gamesStarted': 20, 'groundOuts': 109, 'airOuts': 107, 'runs': 35, 'doubles': 13, 'triples': 2, 'homeRuns': 4, 'strikeOuts': 104, 'baseOnBalls': 33, 'intentionalWalks': 0, 'hits': 79, 'hitByPitch': 2, 'avg': '.201', 'atBats': 394, 'obp': '.264', 'slg': '.274', 'ops': '.538', 'caughtStealing': 1, 'stolenBases': 4, 'stolenBasePercentage': '.800', 'caughtStealingPercentage': '.200', 'groundIntoDoublePlay': 13, 'numberOfPitches': 1696, 'era': '2.80', 'inningsPitched': '112.2', 'wins': 5, 'losses': 5, 'saves': 0, 'saveOpportunities': 0, 'holds': 0, 'blownSaves': 0, 'earnedRuns': 35, 'whip': '0.99', 'battersFaced': 434, 'outs': 338, 'gamesPitched': 20, 'completeGames': 0, 'shutouts': 0, 'strikes': 1072, 'strikePercentage': '.630', 'hitBatsmen': 2, 'balks': 1, 'wildPitches': 2, 'pickoffs': 3, 'totalBases': 108, 'groundOutsToAirouts': '1.02', 'winPercentage': '.500', 'pitchesPerInning': '15.05', 'gamesFinished': 0, 'strikeoutWalkRatio': '3.15', 'strikeoutsPer9Inn': '8.31', 'walksPer9Inn': '2.64', 'hitsPer9Inn': '6.31', 'runsScoredPer9': '2.80', 'homeRunsPer9': '0.32', 'inheritedRunners': 0, 'inheritedRunnersScored': 0, 'catchersInterference': 0, 'sacBunts': 2, 'sacFlies': 3}, 'team': {'id': 147, 'name': 'New York Yankees', 'link': '/api/v1/teams/147'}, 'player': {'id': 608331, 'fullName': 'Max Fried', 'link': '/api/v1/people/608331'}, 'league': {'id': 103, 'name': 'American League', 'link': '/api/v1/league/103'}, 'sport': {'id': 1, 'link': '/api/v1/sports/1', 'abbreviation': 'MLB'}, 'gameType': 'R'}]",season,pitching
[],"[{'season': '2026', 'stat': {'age': 26, 'gamesPlayed': 30, 'gamesStarted': 27, 'groundOuts': 139, 'airOuts': 156, 'runs': 74, 'doubles': 28, 'triples': 5, 'homeRuns': 20, 'strikeOuts': 138, 'baseOnBalls': 61, 'intentionalWalks': 1, 'hits': 147, 'hitByPitch': 4, 'avg': '.255', 'atBats': 576, 'obp': '.329', 'slg': '.425', 'ops': '.754', 'caughtStealing': 3, 'stolenBases': 11, 'stolenBasePercentage': '.786', 'caughtStealingPercentage': '.214', 'groundIntoDoublePlay': 8, 'numberOfPitches': 2496, 'era': '4.38', 'inningsPitched': '148.0', 'wins': 6, 'losses': 11, 'saves': 0, 'saveOpportunities': 1, 'holds': 0, 'blownSaves': 1, 'earnedRuns': 72, 'whip': '1.41', 'battersFaced': 645, 'outs': 444, 'gamesPitched': 30, 'completeGames': 0, 'shutouts': 0, 'strikes': 1546, 'strikePercentage': '.620', 'hitBatsmen': 4, 'balks': 0, 'wildPitches': 8, 'pickoffs': 0, 'totalBases': 245, 'groundOutsToAirouts': '0.89', 'winPercentage': '.353', 'pitchesPerInning': '16.86', 'gamesFinished': 0, 'strikeoutWalkRatio': '2.26', 'strikeoutsPer9Inn': '8.39', 'walksPer9Inn': '3.71', 'hitsPer9Inn': '8.94', 'runsScoredPer9': '4.50', 'homeRunsPer9': '1.22', 'inheritedRunners': 0, 'inheritedRunnersScored': 0, 'catchersInterference': 0, 'sacBunts': 0, 'sacFlies': 4}, 'team': {'id': 140, 'name': 'Texas Rangers', 'link': '/api/v1/teams/140'}, 'player': {'id': 677958, 'fullName': 'Kumar Rocker', 'link': '/api/v1/people/677958'}, 'league': {'id': 103, 'name': 'American League', 'link': '/api/v1/league/103'}, 'sport': {'id': 1, 'link': '/api/v1/sports/1', 'abbreviation': 'MLB'}, 'gameType': 'R'}]",season,pitching
[],"[{'season': '2026', 'stat': {'age': 31, 'gamesPlayed': 15, 'gamesStarted': 13, 'groundOuts': 95, 'airOuts': 69, 'runs': 31, 'doubles': 12, 'triples': 1, 'homeRuns': 7, 'strikeOuts': 49, 'baseOnBalls': 26, 'intentionalWalks': 0, 'hits': 78, 'hitByPitch': 4, 'avg': '.273', 'atBats': 286, 'obp': '.339', 'slg': '.395', 'ops': '.734', 'caughtStealing': 2, 'stolenBases': 7, 'stolenBasePercentage': '.778', 'caughtStealingPercentage': '.222', 'groundIntoDoublePlay': 5, 'numberOfPitches': 1264, 'era': '3.51', 'inningsPitched': '74.1', 'wins': 3, 'losses': 5, 'saves': 0, 'saveOpportunities': 0, 'holds': 0, 'blownSaves': 0, 'earnedRuns': 29, 'whip': '1.40', 'battersFaced': 321, 'outs': 223, 'gamesPitched': 15, 'completeGames': 0, 'shutouts': 0, 'strikes': 788, 'strikePercentage': '.620', 'hitBatsmen': 4, 'balks': 0, 'wildPitches': 1, 'pickoffs': 1, 'totalBases': 113, 'groundOutsToAirouts': '1.38', 'winPercentage': '.375', 'pitchesPerInning': '17.00', 'gamesFinished': 0, 'strikeoutWalkRatio': '1.88', 'strikeoutsPer9Inn': '5.93', 'walksPer9Inn': '3.15', 'hitsPer9Inn': '9.44', 'runsScoredPer9': '3.75', 'homeRunsPer9': '0.85', 'inheritedRunners': 0, 'inheritedRunnersScored': 0, 'catchersInterference': 0, 'sacBunts': 2, 'sacFlies': 3}, 'team': {'id': 118, 'name': 'Kansas City Royals', 'link': '/api/v1/teams/118'}, 'player': {'id': 677976, 'fullName': 'Randy Dobnak', 'link': '/api/v1/people/677976'}, 'league': {'id': 103, 'name': 'American League', 'link': '/api/v1/league/103'}, 'sport': {'id': 1, 'link': '/api/v1/sports/1', 'abbreviation': 'MLB'}, 'gameType': 'R'}]",season,pitching
[],"[{'season': '2026', 'stat': {'age': 29, 'gamesPlayed': 21, 'gamesStarted': 20, 'groundOuts': 84, 'airOuts': 110, 'runs': 65, 'doubles': 17, 'triples': 0, 'homeRuns': 18, 'strikeOuts': 104, 'baseOnBalls': 46, 'intentionalWalks': 0, 'hits': 93, 'hitByPitch': 9, 'avg': '.240', 'atBats': 387, 'obp': '.332', 'slg': '.424', 'ops': '.756', 'caughtStealing': 2, 'stolenBases': 13, 'stolenBasePercentage': '.867', 'caughtStealingPercentage': '.133', 'groundIntoDoublePlay': 7, 'numberOfPitches': 1838, 'era': '5.40', 'inningsPitched': '101.2', 'wins': 2, 'losses': 9, 'saves': 0, 'saveOpportunities': 0, 'holds': 0, 'blownSaves': 0, 'earnedRuns': 61, 'whip': '1.37', 'battersFaced': 446, 'outs': 305, 'gamesPitched': 21, 'completeGames': 0, 'shutouts': 0, 'strikes': 1158, 'strikePercentage': '.630', 'hitBatsmen': 9, 'balks': 0, 'wildPitches': 4, 'pickoffs': 4, 'totalBases': 164, 'groundOutsToAirouts': '0.76', 'winPercentage': '.182', 'pitchesPerInning': '18.08', 'gamesFinished': 0, 'strikeoutWalkRatio': '2.26', 'strikeoutsPer9Inn': '9.21', 'walksPer9Inn': '4.07', 'hitsPer9Inn': '8.23', 'runsScoredPer9': '5.75', 'homeRunsPer9': '1.59', 'inheritedRunners': 0, 'inheritedRunnersScored': 0, 'catchersInterference': 0, 'sacBunts': 0, 'sacFlies': 4}, 'team': {'id': 120, 'name': 'Washington Nationals', 'link': '/api/v1/teams/120'}, 'player': {'id': 663623, 'fullName': 'Jake Irvin', 'link': '/api/v1/people/663623'}, 'league': {'id': 104, 'name': 'National League', 'link': '/api/v1/league/104'}, 'sport': {'id': 1, 'link': '/api/v1/sports/1', 'abbreviation': 'MLB'}, 'gameType': 'R'}]",season,pitching
[],"[{'season': '2026', 'stat': {'age': 28, 'gamesPlayed': 27, 'gamesStarted': 24, 'groundOuts': 83, 'airOuts': 168, 'runs': 78, 'doubles': 23, 'triples': 0, 'homeRuns': 23, 'strikeOuts': 112, 'baseOnBalls': 58, 'intentionalWalks': 0, 'hits': 126, 'hitByPitch': 4, 'avg': '.262', 'atBats': 481, 'obp': '.343', 'slg': '.453', 'ops': '.796', 'caughtStealing': 3, 'stolenBases': 17, 'stolenBasePercentage': '.850', 'caughtStealingPercentage': '.150', 'groundIntoDoublePlay': 4, 'numberOfPitches': 2243, 'era': '5.47', 'inningsPitched': '123.1', 'wins': 7, 'losses': 5, 'saves': 0, 'saveOpportunities': 0, 'holds': 1, 'blownSaves': 0, 'earnedRuns': 75, 'whip': '1.49', 'battersFaced': 551, 'outs': 370, 'gamesPitched': 27, 'completeGames': 0, 'shutouts': 0, 'strikes': 1389, 'strikePercentage': '.620', 'hitBatsmen': 4, 'balks': 0, 'wildPitches': 1, 'pickoffs': 1, 'totalBases': 218, 'groundOutsToAirouts': '0.49', 'winPercentage': '.583', 'pitchesPerInning': '18.19', 'gamesFinished': 0, 'strikeoutWalkRatio': '1.93', 'strikeoutsPer9Inn': '8.17', 'walksPer9Inn': '4.23', 'hitsPer9Inn': '9.19', 'runsScoredPer9': '5.69', 'homeRunsPer9': '1.68', 'inheritedRunners': 1, 'inheritedRunnersScored': 0, 'catchersInterference': 0, 'sacBunts': 3, 'sacFlies': 5}, 'team': {'id': 133, 'name': 'Athletics', 'link': '/api/v1/teams/133'}, 'player': {'id': 682052, 'fullName': 'Jacob Lopez', 'link': '/api/v1/people/682052'}, 'league': {'id': 103, 'name': 'American League', 'link': '/api/v1/league/103'}, 'sport': {'id': 1, 'link': '/api/v1/sports/1', 'abbreviation': 'MLB'}, 'gameType': 'R'}]",season,pitching
[],"[{'season': '2026', 'stat': {'age': 27, 'gamesPlayed': 32, 'gamesStarted': 32, 'groundOuts': 208, 'airOuts': 131, 'runs': 83, 'doubles': 20, 'triples': 0, 'homeRuns': 18, 'strikeOuts': 169, 'baseOnBalls': 73, 'intentionalWalks': 1, 'hits': 155, 'hitByPitch': 9, 'avg': '.235', 'atBats': 659, 'obp': '.319', 'slg': '.347', 'ops': '.666', 'caughtStealing': 5, 'stolenBases': 6, 'stolenBasePercentage': '.545', 'caughtStealingPercentage': '.455', 'groundIntoDoublePlay': 15, 'numberOfPitches': 2916, 'era': '3.91', 'inningsPitched': '177.1', 'wins': 12, 'losses': 8, 'saves': 0, 'saveOpportunities': 0, 'holds': 0, 'blownSaves': 0, 'earnedRuns': 77, 'whip': '1.29', 'battersFaced': 745, 'outs': 532, 'gamesPitched': 32, 'completeGames': 0, 'shutouts': 0, 'strikes': 1841, 'strikePercentage': '.630', 'hitBatsmen': 9, 'balks': 0, 'wildPitches': 5, 'pickoffs': 1, 'totalBases': 229, 'groundOutsToAirouts': '1.59', 'winPercentage': '.600', 'pitchesPerInning': '16.44', 'gamesFinished': 0, 'strikeoutWalkRatio': '2.32', 'strikeoutsPer9Inn': '8.58', 'walksPer9Inn': '3.70', 'hitsPer9Inn': '7.87', 'runsScoredPer9': '4.21', 'homeRunsPer9': '0.91', 'inheritedRunners': 0, 'inheritedRunnersScored': 0, 'catchersInterference': 0, 'sacBunts': 3, 'sacFlies': 1}, 'player': {'id': 667755, 'fullName': 'José Soriano', 'link': '/api/v1/people/667755'}, 'league': {'id': 103, 'name': 'American League', 'link': '/api/v1/league/103'}, 'sport': {'id': 1, 'link': '/api/v1/sports/1', 'abbreviation': 'MLB'}, 'gameType': 'R', 'numTeams': 2}, {'season': '2026', 'stat': {'age': 27, 'gamesPlayed': 22, 'gamesStarted': 22, 'groundOuts': 134, 'airOuts': 92, 'runs': 49, 'doubles': 10, 'triples': 0, 'homeRuns': 12, 'strikeOuts': 127, 'baseOnBalls': 57, 'intentionalWalks': 1, 'hits': 97, 'hitByPitch': 4, 'avg': '.217', 'atBats': 446, 'obp': '.311', 'slg': '.321', 'ops': '.632', 'caughtStealing': 4, 'stolenBases': 5, 'stolenBasePercentage': '.556', 'caughtStealingPercentage': '.444', 'groundIntoDoublePlay': 8, 'numberOfPitches': 2042, 'era': '3.29', 'inningsPitched': '123.0', 'wins': 9, 'losses': 6, 'saves': 0, 'saveOpportunities': 0, 'holds': 0, 'blownSaves': 0, 'earnedRuns': 45, 'whip': '1.25', 'battersFaced': 511, 'outs': 369, 'gamesPitched': 22, 'completeGames': 0, 'shutouts': 0, 'strikes': 1267, 'strikePercentage': '.620', 'hitBatsmen': 4, 'balks': 0, 'wildPitches': 1, 'pickoffs': 1, 'totalBases': 143, 'groundOutsToAirouts': '1.46', 'winPercentage': '.600', 'pitchesPerInning': '16.60', 'gamesFinished': 0, 'strikeoutWalkRatio': '2.23', 'strikeoutsPer9Inn': '9.29', 'walksPer9Inn': '4.17', 'hitsPer9Inn': '7.10', 'runsScoredPer9': '3.59', 'homeRunsPer9': '0.88', 'inheritedRunners': 0, 'inheritedRunnersScored': 0, 'catchersInterference': 0, 'sacBunts': 3, 'sacFlies': 1}, 'team': {'id': 108, 'name': 'Los Angeles Angels', 'link': '/api/v1/teams/108'}, 'player': {'id': 667755, 'fullName': 'José Soriano', 'link': '/api/v1/people/667755'}, 'league': {'id': 103, 'name': 'American League', 'link': '/api/v1/league/103'}, 'sport': {'id': 1, 'link': '/api/v1/sports/1', 'abbreviation': 'MLB'}, 'gameType': 'R'}, {'season': '2026', 'stat': {'age': 27, 'gamesPlayed': 10, 'gamesStarted': 10, 'groundOuts': 74, 'airOuts': 39, 'runs': 34, 'doubles': 10, 'triples': 0, 'homeRuns': 6, 'strikeOuts': 42, 'baseOnBalls': 16, 'intentionalWalks': 0, 'hits': 58, 'hitByPitch': 5, 'avg': '.272', 'atBats': 213, 'obp': '.338', 'slg': '.404', 'ops': '.742', 'caughtStealing': 1, 'stolenBases': 1, 'stolenBasePercentage': '.500', 'caughtStealingPercentage': '.500', 'groundIntoDoublePlay': 7, 'numberOfPitches': 874, 'era': '5.30', 'inningsPitched': '54.1', 'wins': 3, 'losses': 2, 'saves': 0, 'saveOpportunities': 0, 'holds': 0, 'blownSaves': 0, 'earnedRuns': 32, 'whip': '1.36', 'battersFaced': 234, 'outs': 163, 'gamesPitched': 10, 'completeGames': 0, 'shutouts': 0, 'strikes': 574, 'strikePercentage': '.660', 'hitBatsmen': 5, 'balks': 0, 'wildPitches': 4, 'pickoffs': 0, 'totalBases': 86, 'groundOutsToAirouts': '1.90', 'winPercentage': '.600', 'pitchesPerInning': '16.09', 'gamesFinished': 0, 'strikeoutWalkRatio': '2.63', 'strikeoutsPer9Inn': '6.96', 'walksPer9Inn': '2.65', 'hitsPer9Inn': '9.61', 'runsScoredPer9': '5.63', 'homeRunsPer9': '0.99', 'inheritedRunners': 0, 'inheritedRunnersScored': 0, 'catchersInterference': 0, 'sacBunts': 0, 'sacFlies': 0}, 'team': {'id': 141, 'name': 'Toronto Blue Jays', 'link': '/api/v1/teams/141'}, 'player': {'id': 667755, 'fullName': 'José Soriano', 'link': '/api/v1/people/667755'}, 'league': {'id': 103, 'name': 'American League', 'link': '/api/v1/league/103'}, 'sport': {'id': 1, 'link': '/api/v1/sports/1', 'abbreviation': 'MLB'}, 'gameType': 'R'}]",season,pitching
[],"[{'season': '2026', 'stat': {'age': 35, 'gamesPlayed': 40, 'gamesStarted': 0, 'groundOuts': 44, 'airOuts': 34, 'runs': 18, 'doubles': 4, 'triples': 0, 'homeRuns': 2, 'strikeOuts': 41, 'baseOnBalls': 8, 'intentionalWalks': 1, 'hits': 37, 'hitByPitch': 2, 'avg': '.239', 'atBats': 155, 'obp': '.285', 'slg': '.303', 'ops': '.588', 'caughtStealing': 0, 'stolenBases': 2, 'stolenBasePercentage': '1.000', 'caughtStealingPercentage': '.000', 'groundIntoDoublePlay': 3, 'numberOfPitches': 607, 'era': '3.10', 'inningsPitched': '40.2', 'wins': 1, 'losses': 2, 'saves': 0, 'saveOpportunities': 1, 'holds': 19, 'blownSaves': 1, 'earnedRuns': 14, 'whip': '1.11', 'battersFaced': 166, 'outs': 122, 'gamesPitched': 40, 'completeGames': 0, 'shutouts': 0, 'strikes': 442, 'strikePercentage': '.730', 'hitBatsmen': 2, 'balks': 0, 'wildPitches': 1, 'pickoffs': 0, 'totalBases': 47, 'groundOutsToAirouts': '1.29', 'winPercentage': '.333', 'pitchesPerInning': '14.93', 'gamesFinished': 3, 'strikeoutWalkRatio': '5.13', 'strikeoutsPer9Inn': '9.07', 'walksPer9Inn': '1.77', 'hitsPer9Inn': '8.19', 'runsScoredPer9': '3.98', 'homeRunsPer9': '0.44', 'inheritedRunners': 16, 'inheritedRunnersScored': 3, 'catchersInterference': 0, 'sacBunts': 1, 'sacFlies': 0}, 'team': {'id': 111, 'name': 'Boston Red Sox', 'link': '/api/v1/teams/111'}, 'player': {'id': 594027, 'fullName': 'Tyron Guerrero', 'link': '/api/v1/people/594027'}, 'league': {'id': 103, 'name': 'American League', 'link': '/api/v1/league/103'}, 'sport': {'id': 1, 'link': '/api/v1/sports/1', 'abbreviation': 'MLB'}, 'gameType': 'R'}]",season,pitching
[],"[{'season': '2026', 'stat': {'age': 26, 'gamesPlayed': 6, 'gamesStarted': 6, 'groundOuts': 21, 'airOuts': 28, 'runs': 17, 'doubles': 3, 'triples': 2, 'homeRuns': 6, 'strikeOuts': 31, 'baseOnBalls': 12, 'intentionalWalks': 0, 'hits': 31, 'hitByPitch': 1, 'avg': '.282', 'atBats': 110, 'obp': '.355', 'slg': '.509', 'ops': '.864', 'caughtStealing': 1, 'stolenBases': 2, 'stolenBasePercentage': '.667', 'caughtStealingPercentage': '.333', 'groundIntoDoublePlay': 5, 'numberOfPitches': 468, 'era': '4.03', 'inningsPitched': '29.0', 'wins': 0, 'losses': 2, 'saves': 0, 'saveOpportunities': 0, 'holds': 0, 'blownSaves': 0, 'earnedRuns': 13, 'whip': '1.48', 'battersFaced': 124, 'outs': 87, 'gamesPitched': 6, 'completeGames': 0, 'shutouts': 0, 'strikes': 308, 'strikePercentage': '.660', 'hitBatsmen': 1, 'balks': 0, 'wildPitches': 2, 'pickoffs': 1, 'totalBases': 56, 'groundOutsToAirouts': '0.75', 'winPercentage': '.000', 'pitchesPerInning': '16.14', 'gamesFinished': 0, 'strikeoutWalkRatio': '2.58', 'strikeoutsPer9Inn': '9.62', 'walksPer9Inn': '3.72', 'hitsPer9Inn': '9.62', 'runsScoredPer9': '5.28', 'homeRunsPer9': '1.86', 'inheritedRunners': 0, 'inheritedRunnersScored': 0, 'catchersInterference': 0, 'sacBunts': 0, 'sacFlies': 1}, 'team': {'id': 115, 'name': 'Colorado Rockies', 'link': '/api/v1/teams/115'}, 'player': {'id': 690279, 'fullName': 'Mason Adams', 'link': '/api/v1/people/690279'}, 'league': {'id': 104, 'name': 'National League', 'link': '/api/v1/league/104'}, 'sport': {'id': 1, 'link': '/api/v1/sports/1', 'abbreviation': 'MLB'}, 'gameType': 'R'}]",season,pitching
[],"[{'season': '2026', 'stat': {'age': 34, 'gamesPlayed': 73, 'gamesStarted': 2, 'groundOuts': 66, 'airOuts': 70, 'runs': 25, 'doubles': 14, 'triples': 1, 'homeRuns': 5, 'strikeOuts': 48, 'baseOnBalls': 15, 'intentionalWalks': 1, 'hits': 57, 'hitByPitch': 5, 'avg': '.244', 'atBats': 234, 'obp': '.300', 'slg': '.376', 'ops': '.676', 'caughtStealing': 1, 'stolenBases': 9, 'stolenBasePercentage': '.900', 'caughtStealingPercentage': '.100', 'groundIntoDoublePlay': 2, 'numberOfPitches': 991, 'era': '2.87', 'inningsPitched': '62.2', 'wins': 4, 'losses': 3, 'saves': 2, 'saveOpportunities': 7, 'holds': 13, 'blownSaves': 5, 'earnedRuns': 20, 'whip': '1.15', 'battersFaced': 262, 'outs': 188, 'gamesPitched': 73, 'completeGames': 0, 'shutouts': 0, 'strikes': 617, 'strikePercentage': '.620', 'hitBatsmen': 5, 'balks': 0, 'wildPitches': 1, 'pickoffs': 3, 'totalBases': 88, 'groundOutsToAirouts': '0.94', 'winPercentage': '.571', 'pitchesPerInning': '15.81', 'gamesFinished': 11, 'strikeoutWalkRatio': '3.20', 'strikeoutsPer9Inn': '6.89', 'walksPer9Inn': '2.15', 'hitsPer9Inn': '8.19', 'runsScoredPer9': '3.59', 'homeRunsPer9': '0.72', 'inheritedRunners': 48, 'inheritedRunnersScored': 12, 'catchersInterference': 1, 'sacBunts': 4, 'sacFlies': 3}, 'team': {'id': 115, 'name': 'Colorado Rockies', 'link': '/api/v1/teams/115'}, 'player': {'id': 657514, 'fullName': 'Brennan Bernardino', 'link': '/api/v1/people/657514'}, 'league': {'id': 104, 'name': 'National League', 'link': '/api/v1/league/104'}, 'sport': {'id': 1, 'link': '/api/v1/sports/1', 'abbreviation': 'MLB'}, 'gameType': 'R'}]",season,pitching
[],"[{'season': '2026', 'stat': {'age': 36, 'gamesPlayed': 29, 'gamesStarted': 29, 'groundOuts': 155, 'airOuts': 199, 'runs': 95, 'doubles': 39, 'triples': 6, 'homeRuns': 33, 'strikeOuts': 96, 'baseOnBalls': 36, 'intentionalWalks': 0, 'hits': 167, 'hitByPitch': 3, 'avg': '.276', 'atBats': 606, 'obp': '.315', 'slg': '.523', 'ops': '.838', 'caughtStealing': 3, 'stolenBases': 11, 'stolenBasePercentage': '.786', 'caughtStealingPercentage': '.214', 'groundIntoDoublePlay': 9, 'numberOfPitches': 2522, 'era': '5.37', 'inningsPitched': '154.1', 'wins': 12, 'losses': 12, 'saves': 0, 'saveOpportunities': 0, 'holds': 0, 'blownSaves': 0, 'earnedRuns': 92, 'whip': '1.32', 'battersFaced': 656, 'outs': 463, 'gamesPitched': 29, 'completeGames': 0, 'shutouts': 0, 'strikes': 1560, 'strikePercentage': '.620', 'hitBatsmen': 3, 'balks': 0, 'wildPitches': 2, 'pickoffs': 1, 'totalBases': 317, 'groundOutsToAirouts': '0.78', 'winPercentage': '.500', 'pitchesPerInning': '16.34', 'gamesFinished': 0, 'strikeoutWalkRatio': '2.67', 'strikeoutsPer9Inn': '5.60', 'walksPer9Inn': '2.10', 'hitsPer9Inn': '9.74', 'runsScoredPer9': '5.54', 'homeRunsPer9': '1.92', 'inheritedRunners': 0, 'inheritedRunnersScored': 0, 'catchersInterference': 0, 'sacBunts': 2, 'sacFlies': 9}, 'team': {'id': 115, 'name': 'Colorado Rockies', 'link': '/api/v1/teams/115'}, 'player': {'id': 608372, 'fullName': 'Tomoyuki Sugano', 'link': '/api/v1/people/608372'}, 'league': {'id': 104, 'name': 'National League', 'link': '/api/v1/league/104'}, 'sport': {'id': 1, 'link': '/api/v1/sports/1', 'abbreviation': 'MLB'}, 'gameType': 'R'}]",season,pitching
[],"[{'season': '2026', 'stat': {'age': 31, 'gamesPlayed': 4, 'gamesStarted': 0, 'groundOuts': 6, 'airOuts': 16, 'runs': 3, 'doubles': 0, 'triples': 0, 'homeRuns': 3, 'strikeOuts': 11, 'baseOnBalls': 6, 'intentionalWalks': 1, 'hits': 10, 'hitByPitch': 1, 'avg': '.233', 'atBats': 43, 'obp': '.340', 'slg': '.442', 'ops': '.782', 'caughtStealing': 0, 'stolenBases': 1, 'stolenBasePercentage': '1.000', 'caughtStealingPercentage': '.000', 'groundIntoDoublePlay': 0, 'numberOfPitches': 203, 'era': '2.45', 'inningsPitched': '11.0', 'wins': 2, 'losses': 0, 'saves': 1, 'saveOpportunities': 1, 'holds': 0, 'blownSaves': 0, 'earnedRuns': 3, 'whip': '1.45', 'battersFaced': 50, 'outs': 33, 'gamesPitched': 4, 'completeGames': 0, 'shutouts': 0, 'strikes': 128, 'strikePercentage': '.630', 'hitBatsmen': 1, 'balks': 0, 'wildPitches': 1, 'pickoffs': 0, 'totalBases': 19, 'groundOutsToAirouts': '0.38', 'winPercentage': '1.000', 'pitchesPerInning': '18.45', 'gamesFinished': 2, 'strikeoutWalkRatio': '1.83', 'strikeoutsPer9Inn': '9.00', 'walksPer9Inn': '4.91', 'hitsPer9Inn': '8.18', 'runsScoredPer9': '2.45', 'homeRunsPer9': '2.45', 'inheritedRunners': 0, 'inheritedRunnersScored': 0, 'catchersInterference': 0, 'sacBunts': 0, 'sacFlies': 0}, 'team': {'id': 144, 'name': 'Atlanta Braves', 'link': '/api/v1/teams/144'}, 'player': {'id': 622694, 'fullName': 'Elieser Hernández', 'link': '/api/v1/people/622694'}, 'league': {'id': 104, 'name': 'National League', 'link': '/api/v1/league/104'}, 'sport': {'id': 1, 'link': '/api/v1/sports/1', 'abbreviation': 'MLB'}, 'gameType': 'R'}]",season,pitching
[],"[{'season': '2026', 'stat': {'age': 35, 'gamesPlayed': 22, 'gamesStarted': 22, 'groundOuts': 131, 'airOuts': 133, 'runs': 59, 'doubles': 15, 'triples': 1, 'homeRuns': 15, 'strikeOuts': 96, 'baseOnBalls': 39, 'intentionalWalks': 0, 'hits': 114, 'hitByPitch': 7, 'avg': '.241', 'atBats': 473, 'obp': '.308', 'slg': '.372', 'ops': '.680', 'caughtStealing': 3, 'stolenBases': 0, 'stolenBasePercentage': '.000', 'caughtStealingPercentage': '1.000', 'groundIntoDoublePlay': 9, 'numberOfPitches': 1957, 'era': '3.91', 'inningsPitched': '126.2', 'wins': 10, 'losses': 5, 'saves': 0, 'saveOpportunities': 0, 'holds': 0, 'blownSaves': 0, 'earnedRuns': 55, 'whip': '1.21', 'battersFaced': 520, 'outs': 380, 'gamesPitched': 22, 'completeGames': 0, 'shutouts': 0, 'strikes': 1283, 'strikePercentage': '.660', 'hitBatsmen': 7, 'balks': 1, 'wildPitches': 1, 'pickoffs': 4, 'totalBases': 176, 'groundOutsToAirouts': '0.98', 'winPercentage': '.667', 'pitchesPerInning': '15.45', 'gamesFinished': 0, 'strikeoutWalkRatio': '2.46', 'strikeoutsPer9Inn': '6.82', 'walksPer9Inn': '2.77', 'hitsPer9Inn': '8.10', 'runsScoredPer9': '4.19', 'homeRunsPer9': '1.07', 'inheritedRunners': 0, 'inheritedRunnersScored': 0, 'catchersInterference': 0, 'sacBunts': 1, 'sacFlies': 0}, 'team': {'id': 112, 'name': 'Chicago Cubs', 'link': '/api/v1/teams/112'}, 'player': {'id': 571510, 'fullName': 'Matthew Boyd', 'link': '/api/v1/people/571510'}, 'league': {'id': 104, 'name': 'National League', 'link': '/api/v1/league/104'}, 'sport': {'id': 1, 'link': '/api/v1/sports/1', 'abbreviation': 'MLB'}, 'gameType': 'R'}]",season,pitching
[],"[{'season': '2026', 'stat': {'age': 29, 'gamesPlayed': 67, 'gamesStarted': 0, 'groundOuts': 49, 'airOuts': 58, 'runs': 22, 'doubles': 9, 'triples': 2, 'homeRuns': 5, 'strikeOuts': 54, 'baseOnBalls': 28, 'intentionalWalks': 3, 'hits': 46, 'hitByPitch': 5, 'avg': '.231', 'atBats': 199, 'obp': '.331', 'slg': '.372', 'ops': '.703', 'caughtStealing': 1, 'stolenBases': 10, 'stolenBasePercentage': '.909', 'caughtStealingPercentage': '.091', 'groundIntoDoublePlay': 5, 'numberOfPitches': 983, 'era': '3.02', 'inningsPitched': '56.2', 'wins': 3, 'losses': 4, 'saves': 0, 'saveOpportunities': 1, 'holds': 16, 'blownSaves': 1, 'earnedRuns': 19, 'whip': '1.31', 'battersFaced': 240, 'outs': 170, 'gamesPitched': 67, 'completeGames': 0, 'shutouts': 0, 'strikes': 611, 'strikePercentage': '.620', 'hitBatsmen': 5, 'balks': 0, 'wildPitches': 3, 'pickoffs': 0, 'totalBases': 74, 'groundOutsToAirouts': '0.84', 'winPercentage': '.429', 'pitchesPerInning': '17.35', 'gamesFinished': 8, 'strikeoutWalkRatio': '1.93', 'strikeoutsPer9Inn': '8.58', 'walksPer9Inn': '4.45', 'hitsPer9Inn': '7.31', 'runsScoredPer9': '3.49', 'homeRunsPer9': '0.79', 'inheritedRunners': 40, 'inheritedRunnersScored': 14, 'catchersInterference': 0, 'sacBunts': 1, 'sacFlies': 7}, 'team': {'id': 114, 'name': 'Cleveland Guardians', 'link': '/api/v1/teams/114'}, 'player': {'id': 682120, 'fullName': 'Tim Herrin', 'link': '/api/v1/people/682120'}, 'league': {'id': 103, 'name': 'American League', 'link': '/api/v1/league/103'}, 'sport': {'id': 1, 'link': '/api/v1/sports/1', 'abbreviation': 'MLB'}, 'gameType': 'R'}]",season,pitching
[],"[{'season': '2026', 'stat': {'age': 26, 'gamesPlayed': 36, 'gamesStarted': 16, 'groundOuts': 90, 'airOuts': 120, 'runs': 83, 'doubles': 22, 'triples': 2, 'homeRuns': 20, 'strikeOuts': 131, 'baseOnBalls': 48, 'intentionalWalks': 2, 'hits': 120, 'hitByPitch': 10, 'avg': '.263', 'atBats': 457, 'obp': '.344', 'slg': '.451', 'ops': '.795', 'caughtStealing': 1, 'stolenBases': 6, 'stolenBasePercentage': '.857', 'caughtStealingPercentage': '.143', 'groundIntoDoublePlay': 9, 'numberOfPitches': 2007, 'era': '5.90', 'inningsPitched': '116.0', 'wins': 3, 'losses': 12, 'saves': 3, 'saveOpportunities': 5, 'holds': 2, 'blownSaves': 2, 'earnedRuns': 76, 'whip': '1.45', 'battersFaced': 519, 'outs': 348, 'gamesPitched': 36, 'completeGames': 0, 'shutouts': 0, 'strikes': 1294, 'strikePercentage': '.640', 'hitBatsmen': 10, 'balks': 0, 'wildPitches': 5, 'pickoffs': 0, 'totalBases': 206, 'groundOutsToAirouts': '0.75', 'winPercentage': '.200', 'pitchesPerInning': '17.30', 'gamesFinished': 5, 'strikeoutWalkRatio': '2.73', 'strikeoutsPer9Inn': '10.16', 'walksPer9Inn': '3.72', 'hitsPer9Inn': '9.31', 'runsScoredPer9': '6.44', 'homeRunsPer9': '1.55', 'inheritedRunners': 5, 'inheritedRunnersScored': 0, 'catchersInterference': 0, 'sacBunts': 1, 'sacFlies': 3}, 'team': {'id': 133, 'name': 'Athletics', 'link': '/api/v1/teams/133'}, 'player': {'id': 678022, 'fullName': 'Jack Perkins', 'link': '/api/v1/people/678022'}, 'league': {'id': 103, 'name': 'American League', 'link': '/api/v1/league/103'}, 'sport': {'id': 1, 'link': '/api/v1/sports/1', 'abbreviation': 'MLB'}, 'gameType': 'R'}]",season,pitching
[],"[{'season': '2026', 'stat': {'age': 29, 'gamesPlayed': 74, 'gamesStarted': 0, 'groundOuts': 54, 'airOuts': 61, 'runs': 28, 'doubles': 7, 'triples': 0, 'homeRuns': 8, 'strikeOuts': 88, 'baseOnBalls': 42, 'intentionalWalks': 2, 'hits': 60, 'hitByPitch': 5, 'avg': '.229', 'atBats': 262, 'obp': '.345', 'slg': '.347', 'ops': '.692', 'caughtStealing': 1, 'stolenBases': 2, 'stolenBasePercentage': '.667', 'caughtStealingPercentage': '.333', 'groundIntoDoublePlay': 7, 'numberOfPitches': 1333, 'era': '3.33', 'inningsPitched': '70.1', 'wins': 4, 'losses': 2, 'saves': 17, 'saveOpportunities': 24, 'holds': 13, 'blownSaves': 7, 'earnedRuns': 26, 'whip': '1.45', 'battersFaced': 311, 'outs': 211, 'gamesPitched': 74, 'completeGames': 0, 'shutouts': 0, 'strikes': 824, 'strikePercentage': '.620', 'hitBatsmen': 5, 'balks': 0, 'wildPitches': 2, 'pickoffs': 0, 'totalBases': 91, 'groundOutsToAirouts': '0.89', 'winPercentage': '.667', 'pitchesPerInning': '18.95', 'gamesFinished': 28, 'strikeoutWalkRatio': '2.10', 'strikeoutsPer9Inn': '11.26', 'walksPer9Inn': '5.37', 'hitsPer9Inn': '7.68', 'runsScoredPer9': '3.58', 'homeRunsPer9': '1.02', 'inheritedRunners': 41, 'inheritedRunnersScored': 9, 'catchersInterference': 1, 'sacBunts': 0, 'sacFlies': 1}, 'team': {'id': 133, 'name': 'Athletics', 'link': '/api/v1/teams/133'}, 'player': {'id': 663687, 'fullName': 'Hogan Harris', 'link': '/api/v1/people/663687'}, 'league': {'id': 103, 'name': 'American League', 'link': '/api/v1/league/103'}, 'sport': {'id': 1, 'link': '/api/v1/sports/1', 'abbreviation': 'MLB'}, 'gameType': 'R'}]",season,pitching
[],"[{'season': '2026', 'stat': {'age': 30, 'gamesPlayed': 35, 'gamesStarted': 33, 'groundOuts': 215, 'airOuts': 251, 'runs': 97, 'doubles': 37, 'triples': 3, 'homeRuns': 24, 'strikeOuts': 152, 'baseOnBalls': 59, 'intentionalWalks': 0, 'hits': 204, 'hitByPitch': 9, 'avg': '.250', 'atBats': 817, 'obp': '.306', 'slg': '.390', 'ops': '.696', 'caughtStealing': 9, 'stolenBases': 15, 'stolenBasePercentage': '.625', 'caughtStealingPercentage': '.375', 'groundIntoDoublePlay': 13, 'numberOfPitches': 3283, 'era': '3.89', 'inningsPitched': '213.0', 'wins': 13, 'losses': 11, 'saves': 2, 'saveOpportunities': 2, 'holds': 0, 'blownSaves': 0, 'earnedRuns': 92, 'whip': '1.23', 'battersFaced': 890, 'outs': 639, 'gamesPitched': 35, 'completeGames': 1, 'shutouts': 1, 'strikes': 2179, 'strikePercentage': '.660', 'hitBatsmen': 9, 'balks': 3, 'wildPitches': 2, 'pickoffs': 0, 'totalBases': 319, 'groundOutsToAirouts': '0.86', 'winPercentage': '.542', 'pitchesPerInning': '15.41', 'gamesFinished': 2, 'strikeoutWalkRatio': '2.58', 'strikeoutsPer9Inn': '6.42', 'walksPer9Inn': '2.49', 'hitsPer9Inn': '8.62', 'runsScoredPer9': '4.10', 'homeRunsPer9': '1.01', 'inheritedRunners': 0, 'inheritedRunnersScored': 0, 'catchersInterference': 0, 'sacBunts': 2, 'sacFlies': 3}, 'team': {'id': 146, 'name': 'Miami Marlins', 'link': '/api/v1/teams/146'}, 'player': {'id': 645261, 'fullName': 'Sandy Alcantara', 'link': '/api/v1/people/645261'}, 'league': {'id': 104, 'name': 'National League', 'link': '/api/v1/league/104'}, 'sport': {'id': 1, 'link': '/api/v1/sports/1', 'abbreviation': 'MLB'}, 'gameType': 'R'}]",season,pitching
[],"[{'season': '2026', 'stat': {'age': 34, 'gamesPlayed': 31, 'gamesStarted': 31, 'groundOuts': 169, 'airOuts': 241, 'runs': 76, 'doubles': 38, 'triples': 4, 'homeRuns': 28, 'strikeOuts': 154, 'baseOnBalls': 53, 'intentionalWalks': 1, 'hits': 162, 'hitByPitch': 7, 'avg': '.224', 'atBats': 722, 'obp': '.283', 'slg': '.404', 'ops': '.687', 'caughtStealing': 3, 'stolenBases': 7, 'stolenBasePercentage': '.700', 'caughtStealingPercentage': '.300', 'groundIntoDoublePlay': 14, 'numberOfPitches': 2938, 'era': '3.33', 'inningsPitched': '194.1', 'wins': 9, 'losses': 9, 'saves': 0, 'saveOpportunities': 0, 'holds': 0, 'blownSaves': 0, 'earnedRuns': 72, 'whip': '1.11', 'battersFaced': 786, 'outs': 583, 'gamesPitched': 31, 'completeGames': 0, 'shutouts': 0, 'strikes': 1912, 'strikePercentage': '.650', 'hitBatsmen': 7, 'balks': 0, 'wildPitches': 5, 'pickoffs': 1, 'totalBases': 292, 'groundOutsToAirouts': '0.70', 'winPercentage': '.500', 'pitchesPerInning': '15.12', 'gamesFinished': 0, 'strikeoutWalkRatio': '2.91', 'strikeoutsPer9Inn': '7.13', 'walksPer9Inn': '2.45', 'hitsPer9Inn': '7.50', 'runsScoredPer9': '3.52', 'homeRunsPer9': '1.30', 'inheritedRunners': 0, 'inheritedRunnersScored': 0, 'catchersInterference': 0, 'sacBunts': 2, 'sacFlies': 2}, 'team': {'id': 118, 'name': 'Kansas City Royals', 'link': '/api/v1/teams/118'}, 'player': {'id': 608379, 'fullName': 'Michael Wacha', 'link': '/api/v1/people/608379'}, 'league': {'id': 103, 'name': 'American League', 'link': '/api/v1/league/103'}, 'sport': {'id': 1, 'link': '/api/v1/sports/1', 'abbreviation': 'MLB'}, 'gameType': 'R'}]",season,pitching
[],"[{'season': '2026', 'stat': {'age': 29, 'gamesPlayed': 26, 'gamesStarted': 0, 'groundOuts': 54, 'airOuts': 29, 'runs': 27, 'doubles': 4, 'triples': 0, 'homeRuns': 10, 'strikeOuts': 27, 'baseOnBalls': 17, 'intentionalWalks': 1, 'hits': 49, 'hitByPitch': 3, 'avg': '.312', 'atBats': 157, 'obp': '.388', 'slg': '.529', 'ops': '.917', 'caughtStealing': 0, 'stolenBases': 3, 'stolenBasePercentage': '1.000', 'caughtStealingPercentage': '.000', 'groundIntoDoublePlay': 3, 'numberOfPitches': 647, 'era': '6.27', 'inningsPitched': '37.1', 'wins': 2, 'losses': 0, 'saves': 1, 'saveOpportunities': 1, 'holds': 1, 'blownSaves': 0, 'earnedRuns': 26, 'whip': '1.77', 'battersFaced': 179, 'outs': 112, 'gamesPitched': 26, 'completeGames': 0, 'shutouts': 0, 'strikes': 406, 'strikePercentage': '.630', 'hitBatsmen': 3, 'balks': 0, 'wildPitches': 2, 'pickoffs': 0, 'totalBases': 83, 'groundOutsToAirouts': '1.86', 'winPercentage': '1.000', 'pitchesPerInning': '17.33', 'gamesFinished': 12, 'strikeoutWalkRatio': '1.59', 'strikeoutsPer9Inn': '6.51', 'walksPer9Inn': '4.10', 'hitsPer9Inn': '11.81', 'runsScoredPer9': '6.51', 'homeRunsPer9': '2.41', 'inheritedRunners': 16, 'inheritedRunnersScored': 13, 'catchersInterference': 0, 'sacBunts': 1, 'sacFlies': 1}, 'player': {'id': 688297, 'fullName': 'Chris Roycroft', 'link': '/api/v1/people/688297'}, 'sport': {'id': 1, 'link': '/api/v1/sports/1', 'abbreviation': 'MLB'}, 'gameType': 'R', 'numTeams': 3, 'numLeagues': 2}, {'season': '2026', 'stat': {'age': 29, 'gamesPlayed': 8, 'gamesStarted': 0, 'groundOuts': 20, 'airOuts': 8, 'runs': 4, 'doubles': 1, 'triples': 0, 'homeRuns': 2, 'strikeOuts': 9, 'baseOnBalls': 5, 'intentionalWalks': 0, 'hits': 12, 'hitByPitch': 0, 'avg': '.245', 'atBats': 49, 'obp': '.315', 'slg': '.388', 'ops': '.703', 'caughtStealing': 0, 'stolenBases': 2, 'stolenBasePercentage': '1.000', 'caughtStealingPercentage': '.000', 'groundIntoDoublePlay': 1, 'numberOfPitches': 207, 'era': '2.13', 'inningsPitched': '12.2', 'wins': 1, 'losses': 0, 'saves': 0, 'saveOpportunities': 0, 'holds': 1, 'blownSaves': 0, 'earnedRuns': 3, 'whip': '1.34', 'battersFaced': 54, 'outs': 38, 'gamesPitched': 8, 'completeGames': 0, 'shutouts': 0, 'strikes': 127, 'strikePercentage': '.610', 'hitBatsmen': 0, 'balks': 0, 'wildPitches': 2, 'pickoffs': 0, 'totalBases': 19, 'groundOutsToAirouts': '2.50', 'winPercentage': '1.000', 'pitchesPerInning': '16.34', 'gamesFinished': 1, 'strikeoutWalkRatio': '1.80', 'strikeoutsPer9Inn': '6.39', 'walksPer9Inn': '3.55', 'hitsPer9Inn': '8.53', 'runsScoredPer9': '2.84', 'homeRunsPer9': '1.42', 'inheritedRunners': 8, 'inheritedRunnersScored': 7, 'catchersInterference': 0, 'sacBunts': 0, 'sacFlies': 0}, 'team': {'id': 133, 'name': 'Athletics', 'link': '/api/v1/teams/133'}, 'player': {'id': 688297, 'fullName': 'Chris Roycroft', 'link': '/api/v1/people/688297'}, 'league': {'id': 103, 'name': 'American League', 'link': '/api/v1/league/103'}, 'sport': {'id': 1, 'link': '/api/v1/sports/1', 'abbreviation': 'MLB'}, 'gameType': 'R'}, {'season': '2026', 'stat': {'age': 29, 'gamesPlayed': 7, 'gamesStarted': 0, 'groundOuts': 9, 'airOuts': 4, 'runs': 9, 'doubles': 0, 'triples': 0, 'homeRuns': 2, 'strikeOuts': 4, 'baseOnBalls': 8, 'intentionalWalks': 0, 'hits': 13, 'hitByPitch': 1, 'avg': '.448', 'atBats': 29, 'obp': '.579', 'slg': '.655', 'ops': '1.234', 'caughtStealing': 0, 'stolenBases': 1, 'stolenBasePercentage': '1.000', 'caughtStealingPercentage': '.000', 'groundIntoDoublePlay': 0, 'numberOfPitches': 153, 'era': '15.19', 'inningsPitched': '5.1', 'wins': 0, 'losses': 0, 'saves': 0, 'saveOpportunities': 0, 'holds': 0, 'blownSaves': 0, 'earnedRuns': 9, 'whip': '3.94', 'battersFaced': 39, 'outs': 16, 'gamesPitched': 7, 'completeGames': 0, 'shutouts': 0, 'strikes': 85, 'strikePercentage': '.560', 'hitBatsmen': 1, 'balks': 0, 'wildPitches': 0, 'pickoffs': 0, 'totalBases': 19, 'groundOutsToAirouts': '2.25', 'winPercentage': '.---', 'pitchesPerInning': '28.69', 'gamesFinished': 4, 'strikeoutWalkRatio': '0.50', 'strikeoutsPer9Inn': '6.75', 'walksPer9Inn': '13.50', 'hitsPer9Inn': '21.94', 'runsScoredPer9': '15.19', 'homeRunsPer9': '3.38', 'inheritedRunners': 5, 'inheritedRunnersScored': 3, 'catchersInterference': 0, 'sacBunts': 1, 'sacFlies': 0}, 'team': {'id': 138, 'name': 'St. Louis Cardinals', 'link': '/api/v1/teams/138'}, 'player': {'id': 688297, 'fullName': 'Chris Roycroft', 'link': '/api/v1/people/688297'}, 'league': {'id': 104, 'name': 'National League', 'link': '/api/v1/league/104'}, 'sport': {'id': 1, 'link': '/api/v1/sports/1', 'abbreviation': 'MLB'}, 'gameType': 'R'}, {'season': '2026', 'stat': {'age': 29, 'gamesPlayed': 11, 'gamesStarted': 0, 'groundOuts': 25, 'airOuts': 17, 'runs': 14, 'doubles': 3, 'triples': 0, 'homeRuns': 6, 'strikeOuts': 14, 'baseOnBalls': 4, 'intentionalWalks': 1, 'hits': 24, 'hitByPitch': 2, 'avg': '.304', 'atBats': 79, 'obp': '.349', 'slg': '.570', 'ops': '.919', 'caughtStealing': 0, 'stolenBases': 0, 'stolenBasePercentage': '.---', 'caughtStealingPercentage': '.---', 'groundIntoDoublePlay': 2, 'numberOfPitches': 287, 'era': '6.52', 'inningsPitched': '19.1', 'wins': 1, 'losses': 0, 'saves': 1, 'saveOpportunities': 1, 'holds': 0, 'blownSaves': 0, 'earnedRuns': 14, 'whip': '1.45', 'battersFaced': 86, 'outs': 58, 'gamesPitched': 11, 'completeGames': 0, 'shutouts': 0, 'strikes': 194, 'strikePercentage': '.680', 'hitBatsmen': 2, 'balks': 0, 'wildPitches': 0, 'pickoffs': 0, 'totalBases': 45, 'groundOutsToAirouts': '1.47', 'winPercentage': '1.000', 'pitchesPerInning': '14.84', 'gamesFinished': 7, 'strikeoutWalkRatio': '3.50', 'strikeoutsPer9Inn': '6.52', 'walksPer9Inn': '1.86', 'hitsPer9Inn': '11.17', 'runsScoredPer9': '6.52', 'homeRunsPer9': '2.79', 'inheritedRunners': 3, 'inheritedRunnersScored': 3, 'catchersInterference': 0, 'sacBunts': 0, 'sacFlies': 1}, 'team': {'id': 139, 'name': 'Tampa Bay Rays', 'link': '/api/v1/teams/139'}, 'player': {'id': 688297, 'fullName': 'Chris Roycroft', 'link': '/api/v1/people/688297'}, 'league': {'id': 103, 'name': 'American League', 'link': '/api/v1/league/103'}, 'sport': {'id': 1, 'link': '/api/v1/sports/1', 'abbreviation': 'MLB'}, 'gameType': 'R'}]",season,pitching
[],"[{'season': '2026', 'stat': {'age': 28, 'gamesPlayed': 21, 'gamesStarted': 20, 'groundOuts': 95, 'airOuts': 121, 'runs': 42, 'doubles': 21, 'triples': 3, 'homeRuns': 9, 'strikeOuts': 110, 'baseOnBalls': 27, 'intentionalWalks': 1, 'hits': 94, 'hitByPitch': 7, 'avg': '.226', 'atBats': 416, 'obp': '.283', 'slg': '.356', 'ops': '.639', 'caughtStealing': 5, 'stolenBases': 14, 'stolenBasePercentage': '.737', 'caughtStealingPercentage': '.263', 'groundIntoDoublePlay': 3, 'numberOfPitches': 1762, 'era': '3.31', 'inningsPitched': '111.1', 'wins': 9, 'losses': 5, 'saves': 0, 'saveOpportunities': 0, 'holds': 0, 'blownSaves': 0, 'earnedRuns': 41, 'whip': '1.09', 'battersFaced': 454, 'outs': 334, 'gamesPitched': 21, 'completeGames': 0, 'shutouts': 0, 'strikes': 1157, 'strikePercentage': '.660', 'hitBatsmen': 7, 'balks': 0, 'wildPitches': 1, 'pickoffs': 1, 'totalBases': 148, 'groundOutsToAirouts': '0.79', 'winPercentage': '.643', 'pitchesPerInning': '15.83', 'gamesFinished': 1, 'strikeoutWalkRatio': '4.07', 'strikeoutsPer9Inn': '8.89', 'walksPer9Inn': '2.18', 'hitsPer9Inn': '7.60', 'runsScoredPer9': '3.40', 'homeRunsPer9': '0.73', 'inheritedRunners': 0, 'inheritedRunnersScored': 0, 'catchersInterference': 0, 'sacBunts': 1, 'sacFlies': 3}, 'team': {'id': 109, 'name': 'Arizona Diamondbacks', 'link': '/api/v1/teams/109'}, 'player': {'id': 647336, 'fullName': 'Michael Soroka', 'link': '/api/v1/people/647336'}, 'league': {'id': 104, 'name': 'National League', 'link': '/api/v1/league/104'}, 'sport': {'id': 1, 'link': '/api/v1/sports/1', 'abbreviation': 'MLB'}, 'gameType': 'R'}]",season,pitching
[],"[{'season': '2026', 'stat': {'age': 31, 'gamesPlayed': 9, 'gamesStarted': 1, 'groundOuts': 21, 'airOuts': 21, 'runs': 3, 'doubles': 1, 'triples': 0, 'homeRuns': 2, 'strikeOuts': 11, 'baseOnBalls': 2, 'intentionalWalks': 0, 'hits': 9, 'hitByPitch': 2, 'avg': '.150', 'atBats': 60, 'obp': '.200', 'slg': '.267', 'ops': '.467', 'caughtStealing': 1, 'stolenBases': 0, 'stolenBasePercentage': '.000', 'caughtStealingPercentage': '1.000', 'groundIntoDoublePlay': 2, 'numberOfPitches': 212, 'era': '1.47', 'inningsPitched': '18.1', 'wins': 0, 'losses': 0, 'saves': 0, 'saveOpportunities': 0, 'holds': 2, 'blownSaves': 0, 'earnedRuns': 3, 'whip': '0.60', 'battersFaced': 66, 'outs': 55, 'gamesPitched': 9, 'completeGames': 0, 'shutouts': 0, 'strikes': 146, 'strikePercentage': '.690', 'hitBatsmen': 2, 'balks': 0, 'wildPitches': 0, 'pickoffs': 0, 'totalBases': 16, 'groundOutsToAirouts': '1.00', 'winPercentage': '.---', 'pitchesPerInning': '11.56', 'gamesFinished': 3, 'strikeoutWalkRatio': '5.50', 'strikeoutsPer9Inn': '5.40', 'walksPer9Inn': '0.98', 'hitsPer9Inn': '4.42', 'runsScoredPer9': '1.47', 'homeRunsPer9': '0.98', 'inheritedRunners': 8, 'inheritedRunnersScored': 0, 'catchersInterference': 0, 'sacBunts': 1, 'sacFlies': 1}, 'team': {'id': 144, 'name': 'Atlanta Braves', 'link': '/api/v1/teams/144'}, 'player': {'id': 678061, 'fullName': 'Ray Kerr', 'link': '/api/v1/people/678061'}, 'league': {'id': 104, 'name': 'National League', 'link': '/api/v1/league/104'}, 'sport': {'id': 1, 'link': '/api/v1/sports/1', 'abbreviation': 'MLB'}, 'gameType': 'R'}]",season,pitching
[],"[{'season': '2026', 'stat': {'age': 32, 'gamesPlayed': 59, 'gamesStarted': 0, 'groundOuts': 45, 'airOuts': 66, 'runs': 19, 'doubles': 8, 'triples': 1, 'homeRuns': 5, 'strikeOuts': 64, 'baseOnBalls': 16, 'intentionalWalks': 1, 'hits': 41, 'hitByPitch': 3, 'avg': '.192', 'atBats': 213, 'obp': '.256', 'slg': '.310', 'ops': '.566', 'caughtStealing': 0, 'stolenBases': 0, 'stolenBasePercentage': '.---', 'caughtStealingPercentage': '.---', 'groundIntoDoublePlay': 4, 'numberOfPitches': 895, 'era': '2.73', 'inningsPitched': '59.1', 'wins': 4, 'losses': 1, 'saves': 1, 'saveOpportunities': 5, 'holds': 23, 'blownSaves': 4, 'earnedRuns': 18, 'whip': '0.96', 'battersFaced': 235, 'outs': 178, 'gamesPitched': 59, 'completeGames': 0, 'shutouts': 0, 'strikes': 602, 'strikePercentage': '.670', 'hitBatsmen': 3, 'balks': 0, 'wildPitches': 0, 'pickoffs': 1, 'totalBases': 66, 'groundOutsToAirouts': '0.68', 'winPercentage': '.800', 'pitchesPerInning': '15.08', 'gamesFinished': 6, 'strikeoutWalkRatio': '4.00', 'strikeoutsPer9Inn': '9.71', 'walksPer9Inn': '2.43', 'hitsPer9Inn': '6.22', 'runsScoredPer9': '2.88', 'homeRunsPer9': '0.76', 'inheritedRunners': 16, 'inheritedRunnersScored': 5, 'catchersInterference': 0, 'sacBunts': 1, 'sacFlies': 2}, 'player': {'id': 596133, 'fullName': 'Luke Weaver', 'link': '/api/v1/people/596133'}, 'league': {'id': 104, 'name': 'National League', 'link': '/api/v1/league/104'}, 'sport': {'id': 1, 'link': '/api/v1/sports/1', 'abbreviation': 'MLB'}, 'gameType': 'R', 'numTeams': 2}, {'season': '2026', 'stat': {'age': 32, 'gamesPlayed': 42, 'gamesStarted': 0, 'groundOuts': 38, 'airOuts': 48, 'runs': 10, 'doubles': 2, 'triples': 1, 'homeRuns': 3, 'strikeOuts': 45, 'baseOnBalls': 11, 'intentionalWalks': 1, 'hits': 25, 'hitByPitch': 2, 'avg': '.162', 'atBats': 154, 'obp': '.226', 'slg': '.247', 'ops': '.473', 'caughtStealing': 0, 'stolenBases': 0, 'stolenBasePercentage': '.---', 'caughtStealingPercentage': '.---', 'groundIntoDoublePlay': 3, 'numberOfPitches': 639, 'era': '1.84', 'inningsPitched': '44.0', 'wins': 2, 'losses': 1, 'saves': 1, 'saveOpportunities': 3, 'holds': 15, 'blownSaves': 2, 'earnedRuns': 9, 'whip': '0.82', 'battersFaced': 169, 'outs': 132, 'gamesPitched': 42, 'completeGames': 0, 'shutouts': 0, 'strikes': 432, 'strikePercentage': '.680', 'hitBatsmen': 2, 'balks': 0, 'wildPitches': 0, 'pickoffs': 1, 'totalBases': 38, 'groundOutsToAirouts': '0.79', 'winPercentage': '.667', 'pitchesPerInning': '14.52', 'gamesFinished': 4, 'strikeoutWalkRatio': '4.09', 'strikeoutsPer9Inn': '9.20', 'walksPer9Inn': '2.25', 'hitsPer9Inn': '5.11', 'runsScoredPer9': '2.05', 'homeRunsPer9': '0.61', 'inheritedRunners': 11, 'inheritedRunnersScored': 2, 'catchersInterference': 0, 'sacBunts': 1, 'sacFlies': 1}, 'team': {'id': 121, 'name': 'New York Mets', 'link': '/api/v1/teams/121'}, 'player': {'id': 596133, 'fullName': 'Luke Weaver', 'link': '/api/v1/people/596133'}, 'league': {'id': 104, 'name': 'National League', 'link': '/api/v1/league/104'}, 'sport': {'id': 1, 'link': '/api/v1/sports/1', 'abbreviation': 'MLB'}, 'gameType': 'R'}, {'season': '2026', 'stat': {'age': 32, 'gamesPlayed': 17, 'gamesStarted': 0, 'groundOuts': 7, 'airOuts': 18, 'runs': 9, 'doubles': 6, 'triples': 0, 'homeRuns': 2, 'strikeOuts': 19, 'baseOnBalls': 5, 'intentionalWalks': 0, 'hits': 16, 'hitByPitch': 1, 'avg': '.271', 'atBats': 59, 'obp': '.333', 'slg': '.475', 'ops': '.808', 'caughtStealing': 0, 'stolenBases': 0, 'stolenBasePercentage': '.---', 'caughtStealingPercentage': '.---', 'groundIntoDoublePlay': 1, 'numberOfPitches': 256, 'era': '5.28', 'inningsPitched': '15.1', 'wins': 2, 'losses': 0, 'saves': 0, 'saveOpportunities': 2, 'holds': 8, 'blownSaves': 2, 'earnedRuns': 9, 'whip': '1.37', 'battersFaced': 66, 'outs': 46, 'gamesPitched': 17, 'completeGames': 0, 'shutouts': 0, 'strikes': 170, 'strikePercentage': '.660', 'hitBatsmen': 1, 'balks': 0, 'wildPitches': 0, 'pickoffs': 0, 'totalBases': 28, 'groundOutsToAirouts': '0.39', 'winPercentage': '1.000', 'pitchesPerInning': '16.70', 'gamesFinished': 2, 'strikeoutWalkRatio': '3.80', 'strikeoutsPer9Inn': '11.15', 'walksPer9Inn': '2.93', 'hitsPer9Inn': '9.39', 'runsScoredPer9': '5.28', 'homeRunsPer9': '1.17', 'inheritedRunners': 5, 'inheritedRunnersScored': 3, 'catchersInterference': 0, 'sacBunts': 0, 'sacFlies': 1}, 'team': {'id': 134, 'name': 'Pittsburgh Pirates', 'link': '/api/v1/teams/134'}, 'player': {'id': 596133, 'fullName': 'Luke Weaver', 'link': '/api/v1/people/596133'}, 'league': {'id': 104, 'name': 'National League', 'link': '/api/v1/league/104'}, 'sport': {'id': 1, 'link': '/api/v1/sports/1', 'abbreviation': 'MLB'}, 'gameType': 'R'}]",season,pitching
[],"[{'season': '2026', 'stat': {'age': 32, 'gamesPlayed': 7, 'gamesStarted': 5, 'groundOuts': 25, 'airOuts': 39, 'runs': 25, 'doubles': 3, 'triples': 1, 'homeRuns': 9, 'strikeOuts': 26, 'baseOnBalls': 15, 'intentionalWalks': 0, 'hits': 30, 'hitByPitch': 1, 'avg': '.252', 'atBats': 119, 'obp': '.341', 'slg': '.521', 'ops': '.862', 'caughtStealing': 1, 'stolenBases': 1, 'stolenBasePercentage': '.500', 'caughtStealingPercentage': '.500', 'groundIntoDoublePlay': 3, 'numberOfPitches': 540, 'era': '7.11', 'inningsPitched': '31.2', 'wins': 0, 'losses': 1, 'saves': 0, 'saveOpportunities': 0, 'holds': 0, 'blownSaves': 0, 'earnedRuns': 25, 'whip': '1.42', 'battersFaced': 136, 'outs': 95, 'gamesPitched': 7, 'completeGames': 0, 'shutouts': 0, 'strikes': 344, 'strikePercentage': '.640', 'hitBatsmen': 1, 'balks': 0, 'wildPitches': 1, 'pickoffs': 0, 'totalBases': 62, 'groundOutsToAirouts': '0.64', 'winPercentage': '.000', 'pitchesPerInning': '17.05', 'gamesFinished': 2, 'strikeoutWalkRatio': '1.73', 'strikeoutsPer9Inn': '7.39', 'walksPer9Inn': '4.26', 'hitsPer9Inn': '8.53', 'runsScoredPer9': '7.11', 'homeRunsPer9': '2.56', 'inheritedRunners': 2, 'inheritedRunnersScored': 0, 'catchersInterference': 0, 'sacBunts': 1, 'sacFlies': 0}, 'team': {'id': 117, 'name': 'Houston Astros', 'link': '/api/v1/teams/117'}, 'player': {'id': 669854, 'fullName': 'Ronel Blanco', 'link': '/api/v1/people/669854'}, 'league': {'id': 103, 'name': 'American League', 'link': '/api/v1/league/103'}, 'sport': {'id': 1, 'link': '/api/v1/sports/1', 'abbreviation': 'MLB'}, 'gameType': 'R'}]",season,pitching
[],"[{'season': '2026', 'stat': {'age': 35, 'gamesPlayed': 40, 'gamesStarted': 0, 'groundOuts': 29, 'airOuts': 39, 'runs': 19, 'doubles': 6, 'triples': 0, 'homeRuns': 4, 'strikeOuts': 33, 'baseOnBalls': 19, 'intentionalWalks': 1, 'hits': 29, 'hitByPitch': 2, 'avg': '.227', 'atBats': 128, 'obp': '.333', 'slg': '.367', 'ops': '.700', 'caughtStealing': 1, 'stolenBases': 8, 'stolenBasePercentage': '.889', 'caughtStealingPercentage': '.111', 'groundIntoDoublePlay': 1, 'numberOfPitches': 617, 'era': '4.72', 'inningsPitched': '34.1', 'wins': 2, 'losses': 1, 'saves': 0, 'saveOpportunities': 0, 'holds': 9, 'blownSaves': 0, 'earnedRuns': 18, 'whip': '1.40', 'battersFaced': 151, 'outs': 103, 'gamesPitched': 40, 'completeGames': 0, 'shutouts': 0, 'strikes': 389, 'strikePercentage': '.630', 'hitBatsmen': 2, 'balks': 0, 'wildPitches': 1, 'pickoffs': 0, 'totalBases': 47, 'groundOutsToAirouts': '0.74', 'winPercentage': '.667', 'pitchesPerInning': '17.97', 'gamesFinished': 9, 'strikeoutWalkRatio': '1.74', 'strikeoutsPer9Inn': '8.65', 'walksPer9Inn': '4.98', 'hitsPer9Inn': '7.60', 'runsScoredPer9': '4.98', 'homeRunsPer9': '1.05', 'inheritedRunners': 12, 'inheritedRunnersScored': 2, 'catchersInterference': 0, 'sacBunts': 1, 'sacFlies': 1}, 'team': {'id': 114, 'name': 'Cleveland Guardians', 'link': '/api/v1/teams/114'}, 'player': {'id': 542888, 'fullName': 'Shawn Armstrong', 'link': '/api/v1/people/542888'}, 'league': {'id': 103, 'name': 'American League', 'link': '/api/v1/league/103'}, 'sport': {'id': 1, 'link': '/api/v1/sports/1', 'abbreviation': 'MLB'}, 'gameType': 'R'}]",season,pitching
[],"[{'season': '2026', 'stat': {'age': 29, 'gamesPlayed': 55, 'gamesStarted': 9, 'groundOuts': 94, 'airOuts': 90, 'runs': 41, 'doubles': 18, 'triples': 1, 'homeRuns': 9, 'strikeOuts': 54, 'baseOnBalls': 26, 'intentionalWalks': 0, 'hits': 66, 'hitByPitch': 4, 'avg': '.219', 'atBats': 302, 'obp': '.288', 'slg': '.374', 'ops': '.662', 'caughtStealing': 0, 'stolenBases': 2, 'stolenBasePercentage': '1.000', 'caughtStealingPercentage': '.000', 'groundIntoDoublePlay': 6, 'numberOfPitches': 1224, 'era': '4.13', 'inningsPitched': '80.2', 'wins': 6, 'losses': 6, 'saves': 1, 'saveOpportunities': 3, 'holds': 13, 'blownSaves': 2, 'earnedRuns': 37, 'whip': '1.14', 'battersFaced': 334, 'outs': 242, 'gamesPitched': 55, 'completeGames': 0, 'shutouts': 0, 'strikes': 775, 'strikePercentage': '.630', 'hitBatsmen': 4, 'balks': 0, 'wildPitches': 2, 'pickoffs': 0, 'totalBases': 113, 'groundOutsToAirouts': '1.04', 'winPercentage': '.500', 'pitchesPerInning': '15.17', 'gamesFinished': 2, 'strikeoutWalkRatio': '2.08', 'strikeoutsPer9Inn': '6.02', 'walksPer9Inn': '2.90', 'hitsPer9Inn': '7.36', 'runsScoredPer9': '4.57', 'homeRunsPer9': '1.00', 'inheritedRunners': 20, 'inheritedRunnersScored': 4, 'catchersInterference': 0, 'sacBunts': 1, 'sacFlies': 1}, 'team': {'id': 118, 'name': 'Kansas City Royals', 'link': '/api/v1/teams/118'}, 'player': {'id': 663738, 'fullName': 'Daniel Lynch IV', 'link': '/api/v1/people/663738'}, 'league': {'id': 103, 'name': 'American League', 'link': '/api/v1/league/103'}, 'sport': {'id': 1, 'link': '/api/v1/sports/1', 'abbreviation': 'MLB'}, 'gameType': 'R'}]",season,pitching
[],"[{'season': '2026', 'stat': {'age': 36, 'gamesPlayed': 67, 'gamesStarted': 0, 'groundOuts': 112, 'airOuts': 30, 'runs': 33, 'doubles': 4, 'triples': 0, 'homeRuns': 12, 'strikeOuts': 25, 'baseOnBalls': 13, 'intentionalWalks': 2, 'hits': 54, 'hitByPitch': 7, 'avg': '.247', 'atBats': 219, 'obp': '.308', 'slg': '.429', 'ops': '.737', 'caughtStealing': 1, 'stolenBases': 2, 'stolenBasePercentage': '.667', 'caughtStealingPercentage': '.333', 'groundIntoDoublePlay': 11, 'numberOfPitches': 816, 'era': '4.60', 'inningsPitched': '58.2', 'wins': 5, 'losses': 2, 'saves': 2, 'saveOpportunities': 6, 'holds': 10, 'blownSaves': 4, 'earnedRuns': 30, 'whip': '1.14', 'battersFaced': 241, 'outs': 176, 'gamesPitched': 67, 'completeGames': 0, 'shutouts': 0, 'strikes': 554, 'strikePercentage': '.680', 'hitBatsmen': 7, 'balks': 0, 'wildPitches': 1, 'pickoffs': 0, 'totalBases': 94, 'groundOutsToAirouts': '3.73', 'winPercentage': '.714', 'pitchesPerInning': '13.91', 'gamesFinished': 11, 'strikeoutWalkRatio': '1.92', 'strikeoutsPer9Inn': '3.84', 'walksPer9Inn': '1.99', 'hitsPer9Inn': '8.28', 'runsScoredPer9': '5.06', 'homeRunsPer9': '1.84', 'inheritedRunners': 35, 'inheritedRunnersScored': 2, 'catchersInterference': 0, 'sacBunts': 1, 'sacFlies': 1}, 'team': {'id': 147, 'name': 'New York Yankees', 'link': '/api/v1/teams/147'}, 'player': {'id': 657612, 'fullName': 'Tim Hill', 'link': '/api/v1/people/657612'}, 'league': {'id': 103, 'name': 'American League', 'link': '/api/v1/league/103'}, 'sport': {'id': 1, 'link': '/api/v1/sports/1', 'abbreviation': 'MLB'}, 'gameType': 'R'}]",season,pitching
[],"[{'season': '2026', 'stat': {'age': 27, 'gamesPlayed': 56, 'gamesStarted': 6, 'groundOuts': 93, 'airOuts': 118, 'runs': 36, 'doubles': 17, 'triples': 2, 'homeRuns': 10, 'strikeOuts': 93, 'baseOnBalls': 45, 'intentionalWalks': 2, 'hits': 82, 'hitByPitch': 5, 'avg': '.216', 'atBats': 380, 'obp': '.306', 'slg': '.350', 'ops': '.656', 'caughtStealing': 3, 'stolenBases': 4, 'stolenBasePercentage': '.571', 'caughtStealingPercentage': '.429', 'groundIntoDoublePlay': 11, 'numberOfPitches': 1704, 'era': '3.07', 'inningsPitched': '105.2', 'wins': 9, 'losses': 4, 'saves': 6, 'saveOpportunities': 7, 'holds': 11, 'blownSaves': 1, 'earnedRuns': 36, 'whip': '1.20', 'battersFaced': 436, 'outs': 317, 'gamesPitched': 56, 'completeGames': 0, 'shutouts': 0, 'strikes': 1077, 'strikePercentage': '.630', 'hitBatsmen': 5, 'balks': 0, 'wildPitches': 4, 'pickoffs': 0, 'totalBases': 133, 'groundOutsToAirouts': '0.79', 'winPercentage': '.692', 'pitchesPerInning': '16.13', 'gamesFinished': 9, 'strikeoutWalkRatio': '2.07', 'strikeoutsPer9Inn': '7.92', 'walksPer9Inn': '3.83', 'hitsPer9Inn': '6.98', 'runsScoredPer9': '3.07', 'homeRunsPer9': '0.85', 'inheritedRunners': 27, 'inheritedRunnersScored': 6, 'catchersInterference': 0, 'sacBunts': 4, 'sacFlies': 2}, 'team': {'id': 158, 'name': 'Milwaukee Brewers', 'link': '/api/v1/teams/158'}, 'player': {'id': 694477, 'fullName': 'Chad Patrick', 'link': '/api/v1/people/694477'}, 'league': {'id': 104, 'name': 'National League', 'link': '/api/v1/league/104'}, 'sport': {'id': 1, 'link': '/api/v1/sports/1', 'abbreviation': 'MLB'}, 'gameType': 'R'}]",season,pitching
[],"[{'season': '2026', 'stat': {'age': 27, 'gamesPlayed': 68, 'gamesStarted': 0, 'groundOuts': 49, 'airOuts': 62, 'runs': 20, 'doubles': 10, 'triples': 0, 'homeRuns': 5, 'strikeOuts': 107, 'baseOnBalls': 23, 'intentionalWalks': 1, 'hits': 48, 'hitByPitch': 4, 'avg': '.184', 'atBats': 261, 'obp': '.257', 'slg': '.280', 'ops': '.537', 'caughtStealing': 0, 'stolenBases': 3, 'stolenBasePercentage': '1.000', 'caughtStealingPercentage': '.000', 'groundIntoDoublePlay': 6, 'numberOfPitches': 1233, 'era': '1.96', 'inningsPitched': '73.1', 'wins': 6, 'losses': 1, 'saves': 41, 'saveOpportunities': 46, 'holds': 0, 'blownSaves': 5, 'earnedRuns': 16, 'whip': '0.97', 'battersFaced': 293, 'outs': 220, 'gamesPitched': 68, 'completeGames': 0, 'shutouts': 0, 'strikes': 817, 'strikePercentage': '.660', 'hitBatsmen': 4, 'balks': 0, 'wildPitches': 6, 'pickoffs': 0, 'totalBases': 73, 'groundOutsToAirouts': '0.79', 'winPercentage': '.857', 'pitchesPerInning': '16.81', 'gamesFinished': 60, 'strikeoutWalkRatio': '4.65', 'strikeoutsPer9Inn': '13.13', 'walksPer9Inn': '2.82', 'hitsPer9Inn': '5.89', 'runsScoredPer9': '2.45', 'homeRunsPer9': '0.61', 'inheritedRunners': 22, 'inheritedRunnersScored': 4, 'catchersInterference': 0, 'sacBunts': 1, 'sacFlies': 4}, 'team': {'id': 114, 'name': 'Cleveland Guardians', 'link': '/api/v1/teams/114'}, 'player': {'id': 671922, 'fullName': 'Cade Smith', 'link': '/api/v1/people/671922'}, 'league': {'id': 103, 'name': 'American League', 'link': '/api/v1/league/103'}, 'sport': {'id': 1, 'link': '/api/v1/sports/1', 'abbreviation': 'MLB'}, 'gameType': 'R'}]",season,pitching
[],"[{'season': '2026', 'stat': {'age': 28, 'gamesPlayed': 9, 'gamesStarted': 8, 'groundOuts': 40, 'airOuts': 63, 'runs': 20, 'doubles': 12, 'triples': 0, 'homeRuns': 5, 'strikeOuts': 21, 'baseOnBalls': 10, 'intentionalWalks': 0, 'hits': 52, 'hitByPitch': 1, 'avg': '.299', 'atBats': 174, 'obp': '.339', 'slg': '.454', 'ops': '.793', 'caughtStealing': 2, 'stolenBases': 5, 'stolenBasePercentage': '.714', 'caughtStealingPercentage': '.286', 'groundIntoDoublePlay': 4, 'numberOfPitches': 696, 'era': '4.19', 'inningsPitched': '43.0', 'wins': 0, 'losses': 5, 'saves': 0, 'saveOpportunities': 0, 'holds': 0, 'blownSaves': 0, 'earnedRuns': 20, 'whip': '1.44', 'battersFaced': 187, 'outs': 129, 'gamesPitched': 9, 'completeGames': 0, 'shutouts': 0, 'strikes': 480, 'strikePercentage': '.690', 'hitBatsmen': 1, 'balks': 0, 'wildPitches': 0, 'pickoffs': 0, 'totalBases': 79, 'groundOutsToAirouts': '0.63', 'winPercentage': '.000', 'pitchesPerInning': '16.19', 'gamesFinished': 0, 'strikeoutWalkRatio': '2.10', 'strikeoutsPer9Inn': '4.40', 'walksPer9Inn': '2.09', 'hitsPer9Inn': '10.88', 'runsScoredPer9': '4.19', 'homeRunsPer9': '1.05', 'inheritedRunners': 0, 'inheritedRunnersScored': 0, 'catchersInterference': 0, 'sacBunts': 1, 'sacFlies': 1}, 'team': {'id': 140, 'name': 'Texas Rangers', 'link': '/api/v1/teams/140'}, 'player': {'id': 674003, 'fullName': 'Cody Bradford', 'link': '/api/v1/people/674003'}, 'league': {'id': 103, 'name': 'American League', 'link': '/api/v1/league/103'}, 'sport': {'id': 1, 'link': '/api/v1/sports/1', 'abbreviation': 'MLB'}, 'gameType': 'R'}]",season,pitching
[],"[{'season': '2026', 'stat': {'age': 22, 'gamesPlayed': 5, 'gamesStarted': 3, 'groundOuts': 26, 'airOuts': 28, 'runs': 12, 'doubles': 5, 'triples': 1, 'homeRuns': 5, 'strikeOuts': 15, 'baseOnBalls': 10, 'intentionalWalks': 0, 'hits': 24, 'hitByPitch': 0, 'avg': '.258', 'atBats': 93, 'obp': '.330', 'slg': '.495', 'ops': '.825', 'caughtStealing': 0, 'stolenBases': 2, 'stolenBasePercentage': '1.000', 'caughtStealingPercentage': '.000', 'groundIntoDoublePlay': 1, 'numberOfPitches': 381, 'era': '4.44', 'inningsPitched': '24.1', 'wins': 0, 'losses': 2, 'saves': 0, 'saveOpportunities': 0, 'holds': 0, 'blownSaves': 0, 'earnedRuns': 12, 'whip': '1.40', 'battersFaced': 103, 'outs': 73, 'gamesPitched': 5, 'completeGames': 0, 'shutouts': 0, 'strikes': 228, 'strikePercentage': '.600', 'hitBatsmen': 0, 'balks': 0, 'wildPitches': 0, 'pickoffs': 0, 'totalBases': 46, 'groundOutsToAirouts': '0.93', 'winPercentage': '.000', 'pitchesPerInning': '15.66', 'gamesFinished': 1, 'strikeoutWalkRatio': '1.50', 'strikeoutsPer9Inn': '5.55', 'walksPer9Inn': '3.70', 'hitsPer9Inn': '8.88', 'runsScoredPer9': '4.44', 'homeRunsPer9': '1.85', 'inheritedRunners': 0, 'inheritedRunnersScored': 0, 'catchersInterference': 0, 'sacBunts': 0, 'sacFlies': 0}, 'team': {'id': 137, 'name': 'San Francisco Giants', 'link': '/api/v1/teams/137'}, 'player': {'id': 805074, 'fullName': 'Yunior Marte', 'link': '/api/v1/people/805074'}, 'league': {'id': 104, 'name': 'National League', 'link': '/api/v1/league/104'}, 'sport': {'id': 1, 'link': '/api/v1/sports/1', 'abbreviation': 'MLB'}, 'gameType': 'R'}]",season,pitching
[],"[{'season': '2026', 'stat': {'age': 29, 'gamesPlayed': 14, 'gamesStarted': 13, 'groundOuts': 52, 'airOuts': 67, 'runs': 41, 'doubles': 15, 'triples': 0, 'homeRuns': 7, 'strikeOuts': 68, 'baseOnBalls': 31, 'intentionalWalks': 0, 'hits': 79, 'hitByPitch': 2, 'avg': '.302', 'atBats': 262, 'obp': '.376', 'slg': '.439', 'ops': '.815', 'caughtStealing': 1, 'stolenBases': 5, 'stolenBasePercentage': '.833', 'caughtStealingPercentage': '.167', 'groundIntoDoublePlay': 7, 'numberOfPitches': 1121, 'era': '5.07', 'inningsPitched': '65.2', 'wins': 1, 'losses': 7, 'saves': 0, 'saveOpportunities': 0, 'holds': 0, 'blownSaves': 0, 'earnedRuns': 37, 'whip': '1.68', 'battersFaced': 299, 'outs': 197, 'gamesPitched': 14, 'completeGames': 0, 'shutouts': 0, 'strikes': 713, 'strikePercentage': '.640', 'hitBatsmen': 2, 'balks': 0, 'wildPitches': 3, 'pickoffs': 1, 'totalBases': 115, 'groundOutsToAirouts': '0.78', 'winPercentage': '.125', 'pitchesPerInning': '17.07', 'gamesFinished': 0, 'strikeoutWalkRatio': '2.19', 'strikeoutsPer9Inn': '9.32', 'walksPer9Inn': '4.25', 'hitsPer9Inn': '10.83', 'runsScoredPer9': '5.62', 'homeRunsPer9': '0.96', 'inheritedRunners': 0, 'inheritedRunnersScored': 0, 'catchersInterference': 0, 'sacBunts': 1, 'sacFlies': 3}, 'team': {'id': 111, 'name': 'Boston Red Sox', 'link': '/api/v1/teams/111'}, 'player': {'id': 663776, 'fullName': 'Patrick Sandoval', 'link': '/api/v1/people/663776'}, 'league': {'id': 103, 'name': 'American League', 'link': '/api/v1/league/103'}, 'sport': {'id': 1, 'link': '/api/v1/sports/1', 'abbreviation': 'MLB'}, 'gameType': 'R'}]",season,pitching
[],"[{'season': '2026', 'stat': {'age': 29, 'gamesPlayed': 45, 'gamesStarted': 0, 'groundOuts': 36, 'airOuts': 59, 'runs': 27, 'doubles': 6, 'triples': 2, 'homeRuns': 10, 'strikeOuts': 56, 'baseOnBalls': 19, 'intentionalWalks': 1, 'hits': 42, 'hitByPitch': 4, 'avg': '.225', 'atBats': 187, 'obp': '.301', 'slg': '.439', 'ops': '.740', 'caughtStealing': 2, 'stolenBases': 3, 'stolenBasePercentage': '.600', 'caughtStealingPercentage': '.400', 'groundIntoDoublePlay': 3, 'numberOfPitches': 838, 'era': '3.98', 'inningsPitched': '52.0', 'wins': 2, 'losses': 1, 'saves': 0, 'saveOpportunities': 2, 'holds': 0, 'blownSaves': 2, 'earnedRuns': 23, 'whip': '1.17', 'battersFaced': 216, 'outs': 156, 'gamesPitched': 45, 'completeGames': 0, 'shutouts': 0, 'strikes': 518, 'strikePercentage': '.620', 'hitBatsmen': 4, 'balks': 0, 'wildPitches': 0, 'pickoffs': 0, 'totalBases': 82, 'groundOutsToAirouts': '0.61', 'winPercentage': '.667', 'pitchesPerInning': '16.12', 'gamesFinished': 21, 'strikeoutWalkRatio': '2.95', 'strikeoutsPer9Inn': '9.69', 'walksPer9Inn': '3.29', 'hitsPer9Inn': '7.27', 'runsScoredPer9': '4.67', 'homeRunsPer9': '1.73', 'inheritedRunners': 18, 'inheritedRunnersScored': 8, 'catchersInterference': 0, 'sacBunts': 0, 'sacFlies': 6}, 'team': {'id': 143, 'name': 'Philadelphia Phillies', 'link': '/api/v1/teams/143'}, 'player': {'id': 663767, 'fullName': 'Chase Shugart', 'link': '/api/v1/people/663767'}, 'league': {'id': 104, 'name': 'National League', 'link': '/api/v1/league/104'}, 'sport': {'id': 1, 'link': '/api/v1/sports/1', 'abbreviation': 'MLB'}, 'gameType': 'R'}]",season,pitching
[],"[{'season': '2026', 'stat': {'age': 24, 'gamesPlayed': 7, 'gamesStarted': 0, 'groundOuts': 3, 'airOuts': 6, 'runs': 3, 'doubles': 1, 'triples': 0, 'homeRuns': 1, 'strikeOuts': 11, 'baseOnBalls': 3, 'intentionalWalks': 0, 'hits': 5, 'hitByPitch': 0, 'avg': '.217', 'atBats': 23, 'obp': '.296', 'slg': '.391', 'ops': '.687', 'caughtStealing': 0, 'stolenBases': 0, 'stolenBasePercentage': '.---', 'caughtStealingPercentage': '.---', 'groundIntoDoublePlay': 0, 'numberOfPitches': 123, 'era': '4.05', 'inningsPitched': '6.2', 'wins': 0, 'losses': 0, 'saves': 0, 'saveOpportunities': 1, 'holds': 1, 'blownSaves': 1, 'earnedRuns': 3, 'whip': '1.20', 'battersFaced': 28, 'outs': 20, 'gamesPitched': 7, 'completeGames': 0, 'shutouts': 0, 'strikes': 81, 'strikePercentage': '.660', 'hitBatsmen': 0, 'balks': 0, 'wildPitches': 1, 'pickoffs': 0, 'totalBases': 9, 'groundOutsToAirouts': '0.50', 'winPercentage': '.---', 'pitchesPerInning': '18.45', 'gamesFinished': 1, 'strikeoutWalkRatio': '3.67', 'strikeoutsPer9Inn': '14.85', 'walksPer9Inn': '4.05', 'hitsPer9Inn': '6.75', 'runsScoredPer9': '4.05', 'homeRunsPer9': '1.35', 'inheritedRunners': 0, 'inheritedRunnersScored': 0, 'catchersInterference': 0, 'sacBunts': 1, 'sacFlies': 1}, 'team': {'id': 139, 'name': 'Tampa Bay Rays', 'link': '/api/v1/teams/139'}, 'player': {'id': 694494, 'fullName': 'Ty Johnson', 'link': '/api/v1/people/694494'}, 'league': {'id': 103, 'name': 'American League', 'link': '/api/v1/league/103'}, 'sport': {'id': 1, 'link': '/api/v1/sports/1', 'abbreviation': 'MLB'}, 'gameType': 'R'}]",season,pitching
[],"[{'season': '2026', 'stat': {'age': 34, 'gamesPlayed': 38, 'gamesStarted': 0, 'groundOuts': 37, 'airOuts': 40, 'runs': 10, 'doubles': 5, 'triples': 0, 'homeRuns': 5, 'strikeOuts': 22, 'baseOnBalls': 10, 'intentionalWalks': 0, 'hits': 30, 'hitByPitch': 3, 'avg': '.233', 'atBats': 129, 'obp': '.303', 'slg': '.388', 'ops': '.691', 'caughtStealing': 0, 'stolenBases': 3, 'stolenBasePercentage': '1.000', 'caughtStealingPercentage': '.000', 'groundIntoDoublePlay': 3, 'numberOfPitches': 583, 'era': '2.62', 'inningsPitched': '34.1', 'wins': 2, 'losses': 2, 'saves': 2, 'saveOpportunities': 2, 'holds': 18, 'blownSaves': 0, 'earnedRuns': 10, 'whip': '1.17', 'battersFaced': 142, 'outs': 103, 'gamesPitched': 38, 'completeGames': 0, 'shutouts': 0, 'strikes': 381, 'strikePercentage': '.650', 'hitBatsmen': 3, 'balks': 0, 'wildPitches': 0, 'pickoffs': 0, 'totalBases': 50, 'groundOutsToAirouts': '0.93', 'winPercentage': '.500', 'pitchesPerInning': '16.98', 'gamesFinished': 5, 'strikeoutWalkRatio': '2.20', 'strikeoutsPer9Inn': '5.77', 'walksPer9Inn': '2.62', 'hitsPer9Inn': '7.86', 'runsScoredPer9': '2.62', 'homeRunsPer9': '1.31', 'inheritedRunners': 8, 'inheritedRunnersScored': 0, 'catchersInterference': 0, 'sacBunts': 0, 'sacFlies': 0}, 'team': {'id': 135, 'name': 'San Diego Padres', 'link': '/api/v1/teams/135'}, 'player': {'id': 592094, 'fullName': 'Jason Adam', 'link': '/api/v1/people/592094'}, 'league': {'id': 104, 'name': 'National League', 'link': '/api/v1/league/104'}, 'sport': {'id': 1, 'link': '/api/v1/sports/1', 'abbreviation': 'MLB'}, 'gameType': 'R'}]",season,pitching
[],"[{'season': '2026', 'stat': {'age': 30, 'gamesPlayed': 25, 'gamesStarted': 24, 'groundOuts': 124, 'airOuts': 136, 'runs': 62, 'doubles': 23, 'triples': 2, 'homeRuns': 14, 'strikeOuts': 84, 'baseOnBalls': 32, 'intentionalWalks': 0, 'hits': 124, 'hitByPitch': 4, 'avg': '.267', 'atBats': 464, 'obp': '.318', 'slg': '.416', 'ops': '.734', 'caughtStealing': 3, 'stolenBases': 10, 'stolenBasePercentage': '.769', 'caughtStealingPercentage': '.231', 'groundIntoDoublePlay': 11, 'numberOfPitches': 1917, 'era': '4.31', 'inningsPitched': '119.0', 'wins': 6, 'losses': 9, 'saves': 0, 'saveOpportunities': 0, 'holds': 1, 'blownSaves': 0, 'earnedRuns': 57, 'whip': '1.31', 'battersFaced': 505, 'outs': 357, 'gamesPitched': 25, 'completeGames': 0, 'shutouts': 0, 'strikes': 1265, 'strikePercentage': '.660', 'hitBatsmen': 4, 'balks': 0, 'wildPitches': 2, 'pickoffs': 1, 'totalBases': 193, 'groundOutsToAirouts': '0.91', 'winPercentage': '.400', 'pitchesPerInning': '16.11', 'gamesFinished': 0, 'strikeoutWalkRatio': '2.63', 'strikeoutsPer9Inn': '6.35', 'walksPer9Inn': '2.42', 'hitsPer9Inn': '9.38', 'runsScoredPer9': '4.69', 'homeRunsPer9': '1.06', 'inheritedRunners': 0, 'inheritedRunnersScored': 0, 'catchersInterference': 1, 'sacBunts': 1, 'sacFlies': 3}, 'team': {'id': 146, 'name': 'Miami Marlins', 'link': '/api/v1/teams/146'}, 'player': {'id': 676083, 'fullName': 'Janson Junk', 'link': '/api/v1/people/676083'}, 'league': {'id': 104, 'name': 'National League', 'link': '/api/v1/league/104'}, 'sport': {'id': 1, 'link': '/api/v1/sports/1', 'abbreviation': 'MLB'}, 'gameType': 'R'}]",season,pitching
[],"[{'season': '2026', 'stat': {'age': 28, 'gamesPlayed': 30, 'gamesStarted': 30, 'groundOuts': 164, 'airOuts': 182, 'runs': 89, 'doubles': 39, 'triples': 3, 'homeRuns': 22, 'strikeOuts': 148, 'baseOnBalls': 47, 'intentionalWalks': 1, 'hits': 197, 'hitByPitch': 3, 'avg': '.287', 'atBats': 687, 'obp': '.334', 'slg': '.448', 'ops': '.782', 'caughtStealing': 7, 'stolenBases': 23, 'stolenBasePercentage': '.767', 'caughtStealingPercentage': '.233', 'groundIntoDoublePlay': 16, 'numberOfPitches': 2758, 'era': '4.33', 'inningsPitched': '174.2', 'wins': 9, 'losses': 11, 'saves': 0, 'saveOpportunities': 0, 'holds': 0, 'blownSaves': 0, 'earnedRuns': 84, 'whip': '1.40', 'battersFaced': 741, 'outs': 524, 'gamesPitched': 30, 'completeGames': 1, 'shutouts': 0, 'strikes': 1840, 'strikePercentage': '.670', 'hitBatsmen': 3, 'balks': 1, 'wildPitches': 1, 'pickoffs': 3, 'totalBases': 308, 'groundOutsToAirouts': '0.90', 'winPercentage': '.450', 'pitchesPerInning': '15.79', 'gamesFinished': 0, 'strikeoutWalkRatio': '3.15', 'strikeoutsPer9Inn': '7.63', 'walksPer9Inn': '2.42', 'hitsPer9Inn': '10.15', 'runsScoredPer9': '4.59', 'homeRunsPer9': '1.13', 'inheritedRunners': 0, 'inheritedRunnersScored': 0, 'catchersInterference': 0, 'sacBunts': 1, 'sacFlies': 3}, 'team': {'id': 136, 'name': 'Seattle Mariners', 'link': '/api/v1/teams/136'}, 'player': {'id': 669923, 'fullName': 'George Kirby', 'link': '/api/v1/people/669923'}, 'league': {'id': 103, 'name': 'American League', 'link': '/api/v1/league/103'}, 'sport': {'id': 1, 'link': '/api/v1/sports/1', 'abbreviation': 'MLB'}, 'gameType': 'R'}]",season,pitching
[],"[{'season': '2026', 'stat': {'age': 26, 'gamesPlayed': 61, 'gamesStarted': 1, 'groundOuts': 86, 'airOuts': 81, 'runs': 28, 'doubles': 14, 'triples': 0, 'homeRuns': 5, 'strikeOuts': 60, 'baseOnBalls': 35, 'intentionalWalks': 3, 'hits': 50, 'hitByPitch': 3, 'avg': '.185', 'atBats': 270, 'obp': '.280', 'slg': '.293', 'ops': '.573', 'caughtStealing': 1, 'stolenBases': 9, 'stolenBasePercentage': '.900', 'caughtStealingPercentage': '.100', 'groundIntoDoublePlay': 8, 'numberOfPitches': 1182, 'era': '2.73', 'inningsPitched': '79.0', 'wins': 8, 'losses': 2, 'saves': 1, 'saveOpportunities': 3, 'holds': 7, 'blownSaves': 2, 'earnedRuns': 24, 'whip': '1.08', 'battersFaced': 316, 'outs': 237, 'gamesPitched': 61, 'completeGames': 0, 'shutouts': 0, 'strikes': 719, 'strikePercentage': '.610', 'hitBatsmen': 3, 'balks': 1, 'wildPitches': 2, 'pickoffs': 0, 'totalBases': 79, 'groundOutsToAirouts': '1.06', 'winPercentage': '.800', 'pitchesPerInning': '14.96', 'gamesFinished': 17, 'strikeoutWalkRatio': '1.71', 'strikeoutsPer9Inn': '6.84', 'walksPer9Inn': '3.99', 'hitsPer9Inn': '5.70', 'runsScoredPer9': '3.19', 'homeRunsPer9': '0.57', 'inheritedRunners': 42, 'inheritedRunnersScored': 12, 'catchersInterference': 1, 'sacBunts': 1, 'sacFlies': 6}, 'team': {'id': 138, 'name': 'St. Louis Cardinals', 'link': '/api/v1/teams/138'}, 'player': {'id': 700669, 'fullName': 'Gordon Graceffo', 'link': '/api/v1/people/700669'}, 'league': {'id': 104, 'name': 'National League', 'link': '/api/v1/league/104'}, 'sport': {'id': 1, 'link': '/api/v1/sports/1', 'abbreviation': 'MLB'}, 'gameType': 'R'}]",season,pitching
[],"[{'season': '2026', 'stat': {'age': 28, 'gamesPlayed': 11, 'gamesStarted': 8, 'groundOuts': 46, 'airOuts': 62, 'runs': 30, 'doubles': 7, 'triples': 1, 'homeRuns': 8, 'strikeOuts': 33, 'baseOnBalls': 27, 'intentionalWalks': 1, 'hits': 43, 'hitByPitch': 4, 'avg': '.238', 'atBats': 181, 'obp': '.344', 'slg': '.420', 'ops': '.764', 'caughtStealing': 0, 'stolenBases': 2, 'stolenBasePercentage': '1.000', 'caughtStealingPercentage': '.000', 'groundIntoDoublePlay': 10, 'numberOfPitches': 831, 'era': '4.89', 'inningsPitched': '49.2', 'wins': 5, 'losses': 4, 'saves': 0, 'saveOpportunities': 0, 'holds': 0, 'blownSaves': 0, 'earnedRuns': 27, 'whip': '1.41', 'battersFaced': 215, 'outs': 149, 'gamesPitched': 11, 'completeGames': 0, 'shutouts': 0, 'strikes': 495, 'strikePercentage': '.600', 'hitBatsmen': 4, 'balks': 0, 'wildPitches': 1, 'pickoffs': 0, 'totalBases': 76, 'groundOutsToAirouts': '0.74', 'winPercentage': '.556', 'pitchesPerInning': '16.73', 'gamesFinished': 1, 'strikeoutWalkRatio': '1.22', 'strikeoutsPer9Inn': '5.98', 'walksPer9Inn': '4.89', 'hitsPer9Inn': '7.79', 'runsScoredPer9': '5.44', 'homeRunsPer9': '1.45', 'inheritedRunners': 0, 'inheritedRunnersScored': 0, 'catchersInterference': 0, 'sacBunts': 0, 'sacFlies': 3}, 'team': {'id': 113, 'name': 'Cincinnati Reds', 'link': '/api/v1/teams/113'}, 'player': {'id': 682227, 'fullName': 'Brandon Williamson', 'link': '/api/v1/people/682227'}, 'league': {'id': 104, 'name': 'National League', 'link': '/api/v1/league/104'}, 'sport': {'id': 1, 'link': '/api/v1/sports/1', 'abbreviation': 'MLB'}, 'gameType': 'R'}]",season,pitching
[],"[{'season': '2026', 'stat': {'age': 27, 'gamesPlayed': 22, 'gamesStarted': 21, 'groundOuts': 95, 'airOuts': 131, 'runs': 60, 'doubles': 17, 'triples': 3, 'homeRuns': 21, 'strikeOuts': 119, 'baseOnBalls': 38, 'intentionalWalks': 1, 'hits': 100, 'hitByPitch': 2, 'avg': '.226', 'atBats': 443, 'obp': '.289', 'slg': '.420', 'ops': '.709', 'caughtStealing': 1, 'stolenBases': 9, 'stolenBasePercentage': '.900', 'caughtStealingPercentage': '.100', 'groundIntoDoublePlay': 6, 'numberOfPitches': 1885, 'era': '4.17', 'inningsPitched': '118.2', 'wins': 4, 'losses': 10, 'saves': 0, 'saveOpportunities': 0, 'holds': 0, 'blownSaves': 0, 'earnedRuns': 55, 'whip': '1.16', 'battersFaced': 485, 'outs': 356, 'gamesPitched': 22, 'completeGames': 0, 'shutouts': 0, 'strikes': 1267, 'strikePercentage': '.670', 'hitBatsmen': 2, 'balks': 0, 'wildPitches': 2, 'pickoffs': 2, 'totalBases': 186, 'groundOutsToAirouts': '0.73', 'winPercentage': '.286', 'pitchesPerInning': '15.88', 'gamesFinished': 1, 'strikeoutWalkRatio': '3.13', 'strikeoutsPer9Inn': '9.03', 'walksPer9Inn': '2.88', 'hitsPer9Inn': '7.58', 'runsScoredPer9': '4.55', 'homeRunsPer9': '1.59', 'inheritedRunners': 0, 'inheritedRunnersScored': 0, 'catchersInterference': 0, 'sacBunts': 1, 'sacFlies': 1}, 'team': {'id': 136, 'name': 'Seattle Mariners', 'link': '/api/v1/teams/136'}, 'player': {'id': 682243, 'fullName': 'Bryce Miller', 'link': '/api/v1/people/682243'}, 'league': {'id': 103, 'name': 'American League', 'link': '/api/v1/league/103'}, 'sport': {'id': 1, 'link': '/api/v1/sports/1', 'abbreviation': 'MLB'}, 'gameType': 'R'}]",season,pitching
[],"[{'season': '2026', 'stat': {'age': 29, 'gamesPlayed': 3, 'gamesStarted': 1, 'groundOuts': 4, 'airOuts': 15, 'runs': 3, 'doubles': 0, 'triples': 0, 'homeRuns': 2, 'strikeOuts': 4, 'baseOnBalls': 2, 'intentionalWalks': 0, 'hits': 8, 'hitByPitch': 0, 'avg': '.258', 'atBats': 31, 'obp': '.303', 'slg': '.452', 'ops': '.755', 'caughtStealing': 0, 'stolenBases': 0, 'stolenBasePercentage': '.---', 'caughtStealingPercentage': '.---', 'groundIntoDoublePlay': 1, 'numberOfPitches': 132, 'era': '3.38', 'inningsPitched': '8.0', 'wins': 0, 'losses': 0, 'saves': 0, 'saveOpportunities': 0, 'holds': 0, 'blownSaves': 0, 'earnedRuns': 3, 'whip': '1.25', 'battersFaced': 33, 'outs': 24, 'gamesPitched': 3, 'completeGames': 0, 'shutouts': 0, 'strikes': 84, 'strikePercentage': '.640', 'hitBatsmen': 0, 'balks': 0, 'wildPitches': 0, 'pickoffs': 0, 'totalBases': 14, 'groundOutsToAirouts': '0.27', 'winPercentage': '.---', 'pitchesPerInning': '16.50', 'gamesFinished': 1, 'strikeoutWalkRatio': '2.00', 'strikeoutsPer9Inn': '4.50', 'walksPer9Inn': '2.25', 'hitsPer9Inn': '9.00', 'runsScoredPer9': '3.38', 'homeRunsPer9': '2.25', 'inheritedRunners': 0, 'inheritedRunnersScored': 0, 'catchersInterference': 0, 'sacBunts': 0, 'sacFlies': 0}, 'team': {'id': 121, 'name': 'New York Mets', 'link': '/api/v1/teams/121'}, 'player': {'id': 663795, 'fullName': 'Justin Hagenman', 'link': '/api/v1/people/663795'}, 'league': {'id': 104, 'name': 'National League', 'link': '/api/v1/league/104'}, 'sport': {'id': 1, 'link': '/api/v1/sports/1', 'abbreviation': 'MLB'}, 'gameType': 'R'}]",season,pitching
[],"[{'season': '2026', 'stat': {'age': 25, 'gamesPlayed': 64, 'gamesStarted': 0, 'groundOuts': 72, 'airOuts': 114, 'runs': 41, 'doubles': 16, 'triples': 3, 'homeRuns': 13, 'strikeOuts': 94, 'baseOnBalls': 42, 'intentionalWalks': 0, 'hits': 76, 'hitByPitch': 3, 'avg': '.218', 'atBats': 348, 'obp': '.303', 'slg': '.394', 'ops': '.697', 'caughtStealing': 3, 'stolenBases': 7, 'stolenBasePercentage': '.700', 'caughtStealingPercentage': '.300', 'groundIntoDoublePlay': 7, 'numberOfPitches': 1640, 'era': '3.66', 'inningsPitched': '96.0', 'wins': 5, 'losses': 3, 'saves': 1, 'saveOpportunities': 2, 'holds': 12, 'blownSaves': 1, 'earnedRuns': 39, 'whip': '1.23', 'battersFaced': 401, 'outs': 288, 'gamesPitched': 64, 'completeGames': 0, 'shutouts': 0, 'strikes': 1013, 'strikePercentage': '.620', 'hitBatsmen': 3, 'balks': 0, 'wildPitches': 8, 'pickoffs': 0, 'totalBases': 137, 'groundOutsToAirouts': '0.63', 'winPercentage': '.625', 'pitchesPerInning': '17.08', 'gamesFinished': 9, 'strikeoutWalkRatio': '2.24', 'strikeoutsPer9Inn': '8.81', 'walksPer9Inn': '3.94', 'hitsPer9Inn': '7.13', 'runsScoredPer9': '3.84', 'homeRunsPer9': '1.22', 'inheritedRunners': 35, 'inheritedRunnersScored': 10, 'catchersInterference': 0, 'sacBunts': 2, 'sacFlies': 6}, 'team': {'id': 117, 'name': 'Houston Astros', 'link': '/api/v1/teams/117'}, 'player': {'id': 805123, 'fullName': 'AJ Blubaugh', 'link': '/api/v1/people/805123'}, 'league': {'id': 103, 'name': 'American League', 'link': '/api/v1/league/103'}, 'sport': {'id': 1, 'link': '/api/v1/sports/1', 'abbreviation': 'MLB'}, 'gameType': 'R'}]",season,pitching
[],"[{'season': '2026', 'stat': {'age': 26, 'gamesPlayed': 68, 'gamesStarted': 5, 'groundOuts': 60, 'airOuts': 39, 'runs': 20, 'doubles': 9, 'triples': 0, 'homeRuns': 5, 'strikeOuts': 102, 'baseOnBalls': 26, 'intentionalWalks': 2, 'hits': 42, 'hitByPitch': 1, 'avg': '.174', 'atBats': 242, 'obp': '.256', 'slg': '.273', 'ops': '.529', 'caughtStealing': 0, 'stolenBases': 7, 'stolenBasePercentage': '1.000', 'caughtStealingPercentage': '.000', 'groundIntoDoublePlay': 3, 'numberOfPitches': 1135, 'era': '2.55', 'inningsPitched': '67.0', 'wins': 6, 'losses': 3, 'saves': 17, 'saveOpportunities': 19, 'holds': 9, 'blownSaves': 2, 'earnedRuns': 19, 'whip': '1.01', 'battersFaced': 270, 'outs': 201, 'gamesPitched': 68, 'completeGames': 0, 'shutouts': 0, 'strikes': 749, 'strikePercentage': '.660', 'hitBatsmen': 1, 'balks': 0, 'wildPitches': 2, 'pickoffs': 0, 'totalBases': 66, 'groundOutsToAirouts': '1.54', 'winPercentage': '.667', 'pitchesPerInning': '16.94', 'gamesFinished': 29, 'strikeoutWalkRatio': '3.92', 'strikeoutsPer9Inn': '13.70', 'walksPer9Inn': '3.49', 'hitsPer9Inn': '5.64', 'runsScoredPer9': '2.69', 'homeRunsPer9': '0.67', 'inheritedRunners': 28, 'inheritedRunnersScored': 5, 'catchersInterference': 0, 'sacBunts': 0, 'sacFlies': 1}, 'team': {'id': 134, 'name': 'Pittsburgh Pirates', 'link': '/api/v1/teams/134'}, 'player': {'id': 682254, 'fullName': 'Mason Montgomery', 'link': '/api/v1/people/682254'}, 'league': {'id': 104, 'name': 'National League', 'link': '/api/v1/league/104'}, 'sport': {'id': 1, 'link': '/api/v1/sports/1', 'abbreviation': 'MLB'}, 'gameType': 'R'}]",season,pitching
[],"[{'season': '2026', 'stat': {'age': 28, 'gamesPlayed': 28, 'gamesStarted': 11, 'groundOuts': 109, 'airOuts': 95, 'runs': 39, 'doubles': 8, 'triples': 0, 'homeRuns': 16, 'strikeOuts': 63, 'baseOnBalls': 27, 'intentionalWalks': 1, 'hits': 81, 'hitByPitch': 3, 'avg': '.235', 'atBats': 345, 'obp': '.295', 'slg': '.397', 'ops': '.692', 'caughtStealing': 3, 'stolenBases': 4, 'stolenBasePercentage': '.571', 'caughtStealingPercentage': '.429', 'groundIntoDoublePlay': 14, 'numberOfPitches': 1506, 'era': '3.63', 'inningsPitched': '94.1', 'wins': 6, 'losses': 2, 'saves': 2, 'saveOpportunities': 3, 'holds': 0, 'blownSaves': 1, 'earnedRuns': 38, 'whip': '1.14', 'battersFaced': 378, 'outs': 283, 'gamesPitched': 28, 'completeGames': 0, 'shutouts': 0, 'strikes': 944, 'strikePercentage': '.630', 'hitBatsmen': 3, 'balks': 0, 'wildPitches': 2, 'pickoffs': 1, 'totalBases': 137, 'groundOutsToAirouts': '1.15', 'winPercentage': '.750', 'pitchesPerInning': '15.96', 'gamesFinished': 6, 'strikeoutWalkRatio': '2.33', 'strikeoutsPer9Inn': '6.01', 'walksPer9Inn': '2.58', 'hitsPer9Inn': '7.73', 'runsScoredPer9': '3.72', 'homeRunsPer9': '1.53', 'inheritedRunners': 15, 'inheritedRunnersScored': 8, 'catchersInterference': 0, 'sacBunts': 2, 'sacFlies': 1}, 'team': {'id': 112, 'name': 'Chicago Cubs', 'link': '/api/v1/teams/112'}, 'player': {'id': 665871, 'fullName': 'Javier Assad', 'link': '/api/v1/people/665871'}, 'league': {'id': 104, 'name': 'National League', 'link': '/api/v1/league/104'}, 'sport': {'id': 1, 'link': '/api/v1/sports/1', 'abbreviation': 'MLB'}, 'gameType': 'R'}]",season,pitching
[],"[{'season': '2026', 'stat': {'age': 31, 'gamesPlayed': 73, 'gamesStarted': 5, 'groundOuts': 80, 'airOuts': 69, 'runs': 32, 'doubles': 12, 'triples': 1, 'homeRuns': 3, 'strikeOuts': 59, 'baseOnBalls': 22, 'intentionalWalks': 1, 'hits': 69, 'hitByPitch': 4, 'avg': '.253', 'atBats': 273, 'obp': '.316', 'slg': '.337', 'ops': '.653', 'caughtStealing': 2, 'stolenBases': 8, 'stolenBasePercentage': '.800', 'caughtStealingPercentage': '.200', 'groundIntoDoublePlay': 7, 'numberOfPitches': 1162, 'era': '3.55', 'inningsPitched': '71.0', 'wins': 5, 'losses': 2, 'saves': 4, 'saveOpportunities': 6, 'holds': 14, 'blownSaves': 2, 'earnedRuns': 28, 'whip': '1.28', 'battersFaced': 303, 'outs': 213, 'gamesPitched': 73, 'completeGames': 0, 'shutouts': 0, 'strikes': 749, 'strikePercentage': '.640', 'hitBatsmen': 4, 'balks': 0, 'wildPitches': 1, 'pickoffs': 0, 'totalBases': 92, 'groundOutsToAirouts': '1.16', 'winPercentage': '.714', 'pitchesPerInning': '16.37', 'gamesFinished': 15, 'strikeoutWalkRatio': '2.68', 'strikeoutsPer9Inn': '7.48', 'walksPer9Inn': '2.79', 'hitsPer9Inn': '8.75', 'runsScoredPer9': '4.06', 'homeRunsPer9': '0.38', 'inheritedRunners': 28, 'inheritedRunnersScored': 7, 'catchersInterference': 0, 'sacBunts': 2, 'sacFlies': 2}, 'team': {'id': 140, 'name': 'Texas Rangers', 'link': '/api/v1/teams/140'}, 'player': {'id': 641302, 'fullName': 'Tyler Alexander', 'link': '/api/v1/people/641302'}, 'league': {'id': 103, 'name': 'American League', 'link': '/api/v1/league/103'}, 'sport': {'id': 1, 'link': '/api/v1/sports/1', 'abbreviation': 'MLB'}, 'gameType': 'R'}]",season,pitching
[],"[{'season': '2026', 'stat': {'age': 22, 'gamesPlayed': 29, 'gamesStarted': 27, 'groundOuts': 171, 'airOuts': 121, 'runs': 56, 'doubles': 23, 'triples': 0, 'homeRuns': 10, 'strikeOuts': 142, 'baseOnBalls': 68, 'intentionalWalks': 2, 'hits': 114, 'hitByPitch': 9, 'avg': '.210', 'atBats': 544, 'obp': '.306', 'slg': '.307', 'ops': '.613', 'caughtStealing': 4, 'stolenBases': 11, 'stolenBasePercentage': '.733', 'caughtStealingPercentage': '.267', 'groundIntoDoublePlay': 13, 'numberOfPitches': 2481, 'era': '2.97', 'inningsPitched': '148.1', 'wins': 9, 'losses': 11, 'saves': 0, 'saveOpportunities': 0, 'holds': 1, 'blownSaves': 0, 'earnedRuns': 49, 'whip': '1.23', 'battersFaced': 625, 'outs': 445, 'gamesPitched': 29, 'completeGames': 1, 'shutouts': 0, 'strikes': 1551, 'strikePercentage': '.630', 'hitBatsmen': 9, 'balks': 3, 'wildPitches': 6, 'pickoffs': 1, 'totalBases': 167, 'groundOutsToAirouts': '1.41', 'winPercentage': '.450', 'pitchesPerInning': '16.73', 'gamesFinished': 0, 'strikeoutWalkRatio': '2.09', 'strikeoutsPer9Inn': '8.62', 'walksPer9Inn': '4.13', 'hitsPer9Inn': '6.92', 'runsScoredPer9': '3.40', 'homeRunsPer9': '0.61', 'inheritedRunners': 1, 'inheritedRunnersScored': 1, 'catchersInterference': 0, 'sacBunts': 1, 'sacFlies': 3}, 'team': {'id': 108, 'name': 'Los Angeles Angels', 'link': '/api/v1/teams/108'}, 'player': {'id': 700712, 'fullName': 'Walbert Ureña', 'link': '/api/v1/people/700712'}, 'league': {'id': 103, 'name': 'American League', 'link': '/api/v1/league/103'}, 'sport': {'id': 1, 'link': '/api/v1/sports/1', 'abbreviation': 'MLB'}, 'gameType': 'R'}]",season,pitching
[],"[{'season': '2026', 'stat': {'age': 28, 'gamesPlayed': 22, 'gamesStarted': 0, 'groundOuts': 25, 'airOuts': 30, 'runs': 19, 'doubles': 4, 'triples': 0, 'homeRuns': 5, 'strikeOuts': 30, 'baseOnBalls': 16, 'intentionalWalks': 0, 'hits': 26, 'hitByPitch': 3, 'avg': '.239', 'atBats': 109, 'obp': '.352', 'slg': '.413', 'ops': '.765', 'caughtStealing': 1, 'stolenBases': 1, 'stolenBasePercentage': '.500', 'caughtStealingPercentage': '.500', 'groundIntoDoublePlay': 6, 'numberOfPitches': 524, 'era': '5.28', 'inningsPitched': '30.2', 'wins': 2, 'losses': 3, 'saves': 0, 'saveOpportunities': 1, 'holds': 3, 'blownSaves': 1, 'earnedRuns': 18, 'whip': '1.37', 'battersFaced': 130, 'outs': 92, 'gamesPitched': 22, 'completeGames': 0, 'shutouts': 0, 'strikes': 322, 'strikePercentage': '.610', 'hitBatsmen': 3, 'balks': 0, 'wildPitches': 4, 'pickoffs': 0, 'totalBases': 45, 'groundOutsToAirouts': '0.83', 'winPercentage': '.400', 'pitchesPerInning': '17.09', 'gamesFinished': 5, 'strikeoutWalkRatio': '1.88', 'strikeoutsPer9Inn': '8.80', 'walksPer9Inn': '4.70', 'hitsPer9Inn': '7.63', 'runsScoredPer9': '5.58', 'homeRunsPer9': '1.47', 'inheritedRunners': 13, 'inheritedRunnersScored': 4, 'catchersInterference': 0, 'sacBunts': 2, 'sacFlies': 0}, 'team': {'id': 121, 'name': 'New York Mets', 'link': '/api/v1/teams/121'}, 'player': {'id': 702752, 'fullName': 'Jonathan Pintaro', 'link': '/api/v1/people/702752'}, 'league': {'id': 104, 'name': 'National League', 'link': '/api/v1/league/104'}, 'sport': {'id': 1, 'link': '/api/v1/sports/1', 'abbreviation': 'MLB'}, 'gameType': 'R'}]",season,pitching
[],"[{'season': '2026', 'stat': {'age': 29, 'gamesPlayed': 52, 'gamesStarted': 2, 'groundOuts': 38, 'airOuts': 38, 'runs': 21, 'doubles': 9, 'triples': 0, 'homeRuns': 4, 'strikeOuts': 62, 'baseOnBalls': 33, 'intentionalWalks': 4, 'hits': 41, 'hitByPitch': 1, 'avg': '.232', 'atBats': 177, 'obp': '.352', 'slg': '.350', 'ops': '.702', 'caughtStealing': 2, 'stolenBases': 2, 'stolenBasePercentage': '.500', 'caughtStealingPercentage': '.500', 'groundIntoDoublePlay': 2, 'numberOfPitches': 870, 'era': '4.02', 'inningsPitched': '47.0', 'wins': 3, 'losses': 2, 'saves': 1, 'saveOpportunities': 3, 'holds': 10, 'blownSaves': 2, 'earnedRuns': 21, 'whip': '1.57', 'battersFaced': 213, 'outs': 141, 'gamesPitched': 52, 'completeGames': 0, 'shutouts': 0, 'strikes': 540, 'strikePercentage': '.620', 'hitBatsmen': 1, 'balks': 0, 'wildPitches': 6, 'pickoffs': 0, 'totalBases': 62, 'groundOutsToAirouts': '1.00', 'winPercentage': '.600', 'pitchesPerInning': '18.51', 'gamesFinished': 10, 'strikeoutWalkRatio': '1.88', 'strikeoutsPer9Inn': '11.87', 'walksPer9Inn': '6.32', 'hitsPer9Inn': '7.85', 'runsScoredPer9': '4.02', 'homeRunsPer9': '0.77', 'inheritedRunners': 22, 'inheritedRunnersScored': 5, 'catchersInterference': 0, 'sacBunts': 0, 'sacFlies': 2}, 'team': {'id': 145, 'name': 'Chicago White Sox', 'link': '/api/v1/teams/145'}, 'player': {'id': 663855, 'fullName': 'Jordan Hicks', 'link': '/api/v1/people/663855'}, 'league': {'id': 103, 'name': 'American League', 'link': '/api/v1/league/103'}, 'sport': {'id': 1, 'link': '/api/v1/sports/1', 'abbreviation': 'MLB'}, 'gameType': 'R'}]",season,pitching
[],"[{'season': '2026', 'stat': {'age': 34, 'gamesPlayed': 41, 'gamesStarted': 0, 'groundOuts': 23, 'airOuts': 52, 'runs': 10, 'doubles': 4, 'triples': 0, 'homeRuns': 5, 'strikeOuts': 43, 'baseOnBalls': 6, 'intentionalWalks': 0, 'hits': 24, 'hitByPitch': 0, 'avg': '.171', 'atBats': 140, 'obp': '.203', 'slg': '.307', 'ops': '.510', 'caughtStealing': 1, 'stolenBases': 1, 'stolenBasePercentage': '.500', 'caughtStealingPercentage': '.500', 'groundIntoDoublePlay': 1, 'numberOfPitches': 552, 'era': '2.03', 'inningsPitched': '40.0', 'wins': 1, 'losses': 0, 'saves': 0, 'saveOpportunities': 1, 'holds': 13, 'blownSaves': 1, 'earnedRuns': 9, 'whip': '0.75', 'battersFaced': 148, 'outs': 120, 'gamesPitched': 41, 'completeGames': 0, 'shutouts': 0, 'strikes': 381, 'strikePercentage': '.690', 'hitBatsmen': 0, 'balks': 0, 'wildPitches': 1, 'pickoffs': 0, 'totalBases': 43, 'groundOutsToAirouts': '0.44', 'winPercentage': '1.000', 'pitchesPerInning': '13.80', 'gamesFinished': 6, 'strikeoutWalkRatio': '7.17', 'strikeoutsPer9Inn': '9.68', 'walksPer9Inn': '1.35', 'hitsPer9Inn': '5.40', 'runsScoredPer9': '2.25', 'homeRunsPer9': '1.13', 'inheritedRunners': 18, 'inheritedRunnersScored': 2, 'catchersInterference': 0, 'sacBunts': 0, 'sacFlies': 2}, 'team': {'id': 139, 'name': 'Tampa Bay Rays', 'link': '/api/v1/teams/139'}, 'player': {'id': 592155, 'fullName': 'Cam Booser', 'link': '/api/v1/people/592155'}, 'league': {'id': 103, 'name': 'American League', 'link': '/api/v1/league/103'}, 'sport': {'id': 1, 'link': '/api/v1/sports/1', 'abbreviation': 'MLB'}, 'gameType': 'R'}]",season,pitching
[],"[{'season': '2026', 'stat': {'age': 31, 'gamesPlayed': 65, 'gamesStarted': 0, 'groundOuts': 54, 'airOuts': 68, 'runs': 12, 'doubles': 9, 'triples': 1, 'homeRuns': 4, 'strikeOuts': 63, 'baseOnBalls': 22, 'intentionalWalks': 1, 'hits': 35, 'hitByPitch': 2, 'avg': '.161', 'atBats': 218, 'obp': '.243', 'slg': '.266', 'ops': '.509', 'caughtStealing': 2, 'stolenBases': 2, 'stolenBasePercentage': '.500', 'caughtStealingPercentage': '.500', 'groundIntoDoublePlay': 2, 'numberOfPitches': 977, 'era': '1.44', 'inningsPitched': '62.1', 'wins': 4, 'losses': 2, 'saves': 41, 'saveOpportunities': 44, 'holds': 2, 'blownSaves': 3, 'earnedRuns': 10, 'whip': '0.91', 'battersFaced': 244, 'outs': 187, 'gamesPitched': 65, 'completeGames': 0, 'shutouts': 0, 'strikes': 664, 'strikePercentage': '.680', 'hitBatsmen': 2, 'balks': 1, 'wildPitches': 0, 'pickoffs': 0, 'totalBases': 58, 'groundOutsToAirouts': '0.79', 'winPercentage': '.667', 'pitchesPerInning': '15.67', 'gamesFinished': 52, 'strikeoutWalkRatio': '2.86', 'strikeoutsPer9Inn': '9.10', 'walksPer9Inn': '3.18', 'hitsPer9Inn': '5.05', 'runsScoredPer9': '1.73', 'homeRunsPer9': '0.58', 'inheritedRunners': 8, 'inheritedRunnersScored': 0, 'catchersInterference': 0, 'sacBunts': 1, 'sacFlies': 1}, 'team': {'id': 139, 'name': 'Tampa Bay Rays', 'link': '/api/v1/teams/139'}, 'player': {'id': 641329, 'fullName': 'Bryan Baker', 'link': '/api/v1/people/641329'}, 'league': {'id': 103, 'name': 'American League', 'link': '/api/v1/league/103'}, 'sport': {'id': 1, 'link': '/api/v1/sports/1', 'abbreviation': 'MLB'}, 'gameType': 'R'}]",season,pitching
[],"[{'season': '2026', 'stat': {'age': 30, 'gamesPlayed': 27, 'gamesStarted': 27, 'groundOuts': 116, 'airOuts': 158, 'runs': 74, 'doubles': 30, 'triples': 2, 'homeRuns': 21, 'strikeOuts': 159, 'baseOnBalls': 31, 'intentionalWalks': 0, 'hits': 137, 'hitByPitch': 13, 'avg': '.242', 'atBats': 565, 'obp': '.295', 'slg': '.414', 'ops': '.709', 'caughtStealing': 4, 'stolenBases': 19, 'stolenBasePercentage': '.826', 'caughtStealingPercentage': '.174', 'groundIntoDoublePlay': 4, 'numberOfPitches': 2441, 'era': '3.79', 'inningsPitched': '144.2', 'wins': 7, 'losses': 10, 'saves': 0, 'saveOpportunities': 0, 'holds': 0, 'blownSaves': 0, 'earnedRuns': 61, 'whip': '1.16', 'battersFaced': 614, 'outs': 434, 'gamesPitched': 27, 'completeGames': 0, 'shutouts': 0, 'strikes': 1636, 'strikePercentage': '.670', 'hitBatsmen': 13, 'balks': 0, 'wildPitches': 3, 'pickoffs': 1, 'totalBases': 234, 'groundOutsToAirouts': '0.73', 'winPercentage': '.412', 'pitchesPerInning': '16.87', 'gamesFinished': 0, 'strikeoutWalkRatio': '5.13', 'strikeoutsPer9Inn': '9.89', 'walksPer9Inn': '1.93', 'hitsPer9Inn': '8.52', 'runsScoredPer9': '4.60', 'homeRunsPer9': '1.31', 'inheritedRunners': 0, 'inheritedRunnersScored': 0, 'catchersInterference': 0, 'sacBunts': 0, 'sacFlies': 5}, 'team': {'id': 142, 'name': 'Minnesota Twins', 'link': '/api/v1/teams/142'}, 'player': {'id': 657746, 'fullName': 'Joe Ryan', 'link': '/api/v1/people/657746'}, 'league': {'id': 103, 'name': 'American League', 'link': '/api/v1/league/103'}, 'sport': {'id': 1, 'link': '/api/v1/sports/1', 'abbreviation': 'MLB'}, 'gameType': 'R'}]",season,pitching
[],"[{'season': '2026', 'stat': {'age': 35, 'gamesPlayed': 22, 'gamesStarted': 22, 'groundOuts': 91, 'airOuts': 153, 'runs': 52, 'doubles': 22, 'triples': 2, 'homeRuns': 22, 'strikeOuts': 131, 'baseOnBalls': 25, 'intentionalWalks': 0, 'hits': 115, 'hitByPitch': 2, 'avg': '.235', 'atBats': 490, 'obp': '.275', 'slg': '.422', 'ops': '.697', 'caughtStealing': 2, 'stolenBases': 6, 'stolenBasePercentage': '.750', 'caughtStealingPercentage': '.250', 'groundIntoDoublePlay': 2, 'numberOfPitches': 1951, 'era': '3.61', 'inningsPitched': '127.0', 'wins': 10, 'losses': 9, 'saves': 0, 'saveOpportunities': 0, 'holds': 0, 'blownSaves': 0, 'earnedRuns': 51, 'whip': '1.10', 'battersFaced': 519, 'outs': 381, 'gamesPitched': 22, 'completeGames': 0, 'shutouts': 0, 'strikes': 1326, 'strikePercentage': '.680', 'hitBatsmen': 2, 'balks': 1, 'wildPitches': 0, 'pickoffs': 1, 'totalBases': 207, 'groundOutsToAirouts': '0.59', 'winPercentage': '.526', 'pitchesPerInning': '15.36', 'gamesFinished': 0, 'strikeoutWalkRatio': '5.24', 'strikeoutsPer9Inn': '9.28', 'walksPer9Inn': '1.77', 'hitsPer9Inn': '8.15', 'runsScoredPer9': '3.69', 'homeRunsPer9': '1.56', 'inheritedRunners': 0, 'inheritedRunnersScored': 0, 'catchersInterference': 2, 'sacBunts': 0, 'sacFlies': 0}, 'team': {'id': 147, 'name': 'New York Yankees', 'link': '/api/v1/teams/147'}, 'player': {'id': 543037, 'fullName': 'Gerrit Cole', 'link': '/api/v1/people/543037'}, 'league': {'id': 103, 'name': 'American League', 'link': '/api/v1/league/103'}, 'sport': {'id': 1, 'link': '/api/v1/sports/1', 'abbreviation': 'MLB'}, 'gameType': 'R'}]",season,pitching
[],"[{'season': '2026', 'stat': {'age': 24, 'gamesPlayed': 5, 'gamesStarted': 0, 'groundOuts': 3, 'airOuts': 4, 'runs': 3, 'doubles': 0, 'triples': 0, 'homeRuns': 1, 'strikeOuts': 6, 'baseOnBalls': 5, 'intentionalWalks': 0, 'hits': 2, 'hitByPitch': 0, 'avg': '.133', 'atBats': 15, 'obp': '.350', 'slg': '.333', 'ops': '.683', 'caughtStealing': 0, 'stolenBases': 2, 'stolenBasePercentage': '1.000', 'caughtStealingPercentage': '.000', 'groundIntoDoublePlay': 0, 'numberOfPitches': 87, 'era': '6.23', 'inningsPitched': '4.1', 'wins': 0, 'losses': 0, 'saves': 0, 'saveOpportunities': 1, 'holds': 0, 'blownSaves': 1, 'earnedRuns': 3, 'whip': '1.62', 'battersFaced': 20, 'outs': 13, 'gamesPitched': 5, 'completeGames': 0, 'shutouts': 0, 'strikes': 52, 'strikePercentage': '.600', 'hitBatsmen': 0, 'balks': 0, 'wildPitches': 3, 'pickoffs': 0, 'totalBases': 5, 'groundOutsToAirouts': '0.75', 'winPercentage': '.---', 'pitchesPerInning': '20.08', 'gamesFinished': 0, 'strikeoutWalkRatio': '1.20', 'strikeoutsPer9Inn': '12.46', 'walksPer9Inn': '10.38', 'hitsPer9Inn': '4.15', 'runsScoredPer9': '6.23', 'homeRunsPer9': '2.08', 'inheritedRunners': 1, 'inheritedRunnersScored': 1, 'catchersInterference': 0, 'sacBunts': 0, 'sacFlies': 0}, 'team': {'id': 139, 'name': 'Tampa Bay Rays', 'link': '/api/v1/teams/139'}, 'player': {'id': 811315, 'fullName': 'Brody Hopkins', 'link': '/api/v1/people/811315'}, 'league': {'id': 103, 'name': 'American League', 'link': '/api/v1/league/103'}, 'sport': {'id': 1, 'link': '/api/v1/sports/1', 'abbreviation': 'MLB'}, 'gameType': 'R'}]",season,pitching
[],"[{'season': '2026', 'stat': {'age': 31, 'gamesPlayed': 33, 'gamesStarted': 22, 'groundOuts': 103, 'airOuts': 99, 'runs': 56, 'doubles': 15, 'triples': 0, 'homeRuns': 15, 'strikeOuts': 115, 'baseOnBalls': 35, 'intentionalWalks': 1, 'hits': 95, 'hitByPitch': 2, 'avg': '.236', 'atBats': 402, 'obp': '.297', 'slg': '.386', 'ops': '.683', 'caughtStealing': 4, 'stolenBases': 11, 'stolenBasePercentage': '.733', 'caughtStealingPercentage': '.267', 'groundIntoDoublePlay': 11, 'numberOfPitches': 1676, 'era': '3.62', 'inningsPitched': '109.1', 'wins': 8, 'losses': 10, 'saves': 0, 'saveOpportunities': 2, 'holds': 2, 'blownSaves': 2, 'earnedRuns': 44, 'whip': '1.19', 'battersFaced': 449, 'outs': 328, 'gamesPitched': 33, 'completeGames': 0, 'shutouts': 0, 'strikes': 1086, 'strikePercentage': '.650', 'hitBatsmen': 2, 'balks': 0, 'wildPitches': 3, 'pickoffs': 1, 'totalBases': 155, 'groundOutsToAirouts': '1.04', 'winPercentage': '.444', 'pitchesPerInning': '15.33', 'gamesFinished': 1, 'strikeoutWalkRatio': '3.29', 'strikeoutsPer9Inn': '9.47', 'walksPer9Inn': '2.88', 'hitsPer9Inn': '7.82', 'runsScoredPer9': '4.61', 'homeRunsPer9': '1.23', 'inheritedRunners': 5, 'inheritedRunnersScored': 4, 'catchersInterference': 0, 'sacBunts': 4, 'sacFlies': 6}, 'team': {'id': 139, 'name': 'Tampa Bay Rays', 'link': '/api/v1/teams/139'}, 'player': {'id': 643377, 'fullName': 'Griffin Jax', 'link': '/api/v1/people/643377'}, 'league': {'id': 103, 'name': 'American League', 'link': '/api/v1/league/103'}, 'sport': {'id': 1, 'link': '/api/v1/sports/1', 'abbreviation': 'MLB'}, 'gameType': 'R'}]",season,pitching
[],"[{'season': '2026', 'stat': {'age': 29, 'gamesPlayed': 41, 'gamesStarted': 0, 'groundOuts': 39, 'airOuts': 49, 'runs': 23, 'doubles': 9, 'triples': 0, 'homeRuns': 2, 'strikeOuts': 41, 'baseOnBalls': 25, 'intentionalWalks': 0, 'hits': 37, 'hitByPitch': 6, 'avg': '.224', 'atBats': 165, 'obp': '.345', 'slg': '.315', 'ops': '.660', 'caughtStealing': 3, 'stolenBases': 5, 'stolenBasePercentage': '.625', 'caughtStealingPercentage': '.375', 'groundIntoDoublePlay': 4, 'numberOfPitches': 763, 'era': '4.17', 'inningsPitched': '45.1', 'wins': 2, 'losses': 4, 'saves': 4, 'saveOpportunities': 6, 'holds': 6, 'blownSaves': 2, 'earnedRuns': 21, 'whip': '1.37', 'battersFaced': 197, 'outs': 136, 'gamesPitched': 41, 'completeGames': 0, 'shutouts': 0, 'strikes': 456, 'strikePercentage': '.600', 'hitBatsmen': 6, 'balks': 0, 'wildPitches': 4, 'pickoffs': 0, 'totalBases': 52, 'groundOutsToAirouts': '0.80', 'winPercentage': '.333', 'pitchesPerInning': '16.83', 'gamesFinished': 11, 'strikeoutWalkRatio': '1.64', 'strikeoutsPer9Inn': '8.14', 'walksPer9Inn': '4.96', 'hitsPer9Inn': '7.35', 'runsScoredPer9': '4.57', 'homeRunsPer9': '0.40', 'inheritedRunners': 6, 'inheritedRunnersScored': 3, 'catchersInterference': 0, 'sacBunts': 0, 'sacFlies': 1}, 'player': {'id': 663878, 'fullName': 'Nate Pearson', 'link': '/api/v1/people/663878'}, 'league': {'id': 103, 'name': 'American League', 'link': '/api/v1/league/103'}, 'sport': {'id': 1, 'link': '/api/v1/sports/1', 'abbreviation': 'MLB'}, 'gameType': 'R', 'numTeams': 2}, {'season': '2026', 'stat': {'age': 29, 'gamesPlayed': 16, 'gamesStarted': 0, 'groundOuts': 17, 'airOuts': 22, 'runs': 10, 'doubles': 2, 'triples': 0, 'homeRuns': 1, 'strikeOuts': 16, 'baseOnBalls': 12, 'intentionalWalks': 0, 'hits': 16, 'hitByPitch': 1, 'avg': '.225', 'atBats': 71, 'obp': '.345', 'slg': '.296', 'ops': '.641', 'caughtStealing': 3, 'stolenBases': 4, 'stolenBasePercentage': '.571', 'caughtStealingPercentage': '.429', 'groundIntoDoublePlay': 2, 'numberOfPitches': 346, 'era': '3.60', 'inningsPitched': '20.0', 'wins': 1, 'losses': 0, 'saves': 1, 'saveOpportunities': 1, 'holds': 0, 'blownSaves': 0, 'earnedRuns': 8, 'whip': '1.40', 'battersFaced': 84, 'outs': 60, 'gamesPitched': 16, 'completeGames': 0, 'shutouts': 0, 'strikes': 204, 'strikePercentage': '.590', 'hitBatsmen': 1, 'balks': 0, 'wildPitches': 2, 'pickoffs': 0, 'totalBases': 21, 'groundOutsToAirouts': '0.77', 'winPercentage': '1.000', 'pitchesPerInning': '17.30', 'gamesFinished': 4, 'strikeoutWalkRatio': '1.33', 'strikeoutsPer9Inn': '7.20', 'walksPer9Inn': '5.40', 'hitsPer9Inn': '7.20', 'runsScoredPer9': '4.50', 'homeRunsPer9': '0.45', 'inheritedRunners': 3, 'inheritedRunnersScored': 1, 'catchersInterference': 0, 'sacBunts': 0, 'sacFlies': 0}, 'team': {'id': 117, 'name': 'Houston Astros', 'link': '/api/v1/teams/117'}, 'player': {'id': 663878, 'fullName': 'Nate Pearson', 'link': '/api/v1/people/663878'}, 'league': {'id': 103, 'name': 'American League', 'link': '/api/v1/league/103'}, 'sport': {'id': 1, 'link': '/api/v1/sports/1', 'abbreviation': 'MLB'}, 'gameType': 'R'}, {'season': '2026', 'stat': {'age': 29, 'gamesPlayed': 25, 'gamesStarted': 0, 'groundOuts': 22, 'airOuts': 27, 'runs': 13, 'doubles': 7, 'triples': 0, 'homeRuns': 1, 'strikeOuts': 25, 'baseOnBalls': 13, 'intentionalWalks': 0, 'hits': 21, 'hitByPitch': 5, 'avg': '.223', 'atBats': 94, 'obp': '.345', 'slg': '.330', 'ops': '.675', 'caughtStealing': 0, 'stolenBases': 1, 'stolenBasePercentage': '1.000', 'caughtStealingPercentage': '.000', 'groundIntoDoublePlay': 2, 'numberOfPitches': 417, 'era': '4.62', 'inningsPitched': '25.1', 'wins': 1, 'losses': 4, 'saves': 3, 'saveOpportunities': 5, 'holds': 6, 'blownSaves': 2, 'earnedRuns': 13, 'whip': '1.34', 'battersFaced': 113, 'outs': 76, 'gamesPitched': 25, 'completeGames': 0, 'shutouts': 0, 'strikes': 252, 'strikePercentage': '.600', 'hitBatsmen': 5, 'balks': 0, 'wildPitches': 2, 'pickoffs': 0, 'totalBases': 31, 'groundOutsToAirouts': '0.81', 'winPercentage': '.200', 'pitchesPerInning': '16.46', 'gamesFinished': 7, 'strikeoutWalkRatio': '1.92', 'strikeoutsPer9Inn': '8.88', 'walksPer9Inn': '4.62', 'hitsPer9Inn': '7.46', 'runsScoredPer9': '4.62', 'homeRunsPer9': '0.36', 'inheritedRunners': 3, 'inheritedRunnersScored': 2, 'catchersInterference': 0, 'sacBunts': 0, 'sacFlies': 1}, 'team': {'id': 118, 'name': 'Kansas City Royals', 'link': '/api/v1/teams/118'}, 'player': {'id': 663878, 'fullName': 'Nate Pearson', 'link': '/api/v1/people/663878'}, 'league': {'id': 103, 'name': 'American League', 'link': '/api/v1/league/103'}, 'sport': {'id': 1, 'link': '/api/v1/sports/1', 'abbreviation': 'MLB'}, 'gameType': 'R'}]",season,pitching
[],"[{'season': '2026', 'stat': {'age': 33, 'gamesPlayed': 66, 'gamesStarted': 0, 'groundOuts': 53, 'airOuts': 74, 'runs': 32, 'doubles': 17, 'triples': 0, 'homeRuns': 7, 'strikeOuts': 69, 'baseOnBalls': 21, 'intentionalWalks': 0, 'hits': 66, 'hitByPitch': 6, 'avg': '.255', 'atBats': 259, 'obp': '.322', 'slg': '.402', 'ops': '.724', 'caughtStealing': 1, 'stolenBases': 5, 'stolenBasePercentage': '.833', 'caughtStealingPercentage': '.167', 'groundIntoDoublePlay': 3, 'numberOfPitches': 1102, 'era': '3.78', 'inningsPitched': '66.2', 'wins': 2, 'losses': 3, 'saves': 1, 'saveOpportunities': 2, 'holds': 7, 'blownSaves': 1, 'earnedRuns': 28, 'whip': '1.31', 'battersFaced': 289, 'outs': 200, 'gamesPitched': 66, 'completeGames': 0, 'shutouts': 0, 'strikes': 706, 'strikePercentage': '.640', 'hitBatsmen': 6, 'balks': 1, 'wildPitches': 0, 'pickoffs': 2, 'totalBases': 104, 'groundOutsToAirouts': '0.72', 'winPercentage': '.400', 'pitchesPerInning': '16.53', 'gamesFinished': 20, 'strikeoutWalkRatio': '3.29', 'strikeoutsPer9Inn': '9.32', 'walksPer9Inn': '2.84', 'hitsPer9Inn': '8.91', 'runsScoredPer9': '4.32', 'homeRunsPer9': '0.94', 'inheritedRunners': 49, 'inheritedRunnersScored': 13, 'catchersInterference': 0, 'sacBunts': 0, 'sacFlies': 3}, 'team': {'id': 114, 'name': 'Cleveland Guardians', 'link': '/api/v1/teams/114'}, 'player': {'id': 670036, 'fullName': 'Matt Festa', 'link': '/api/v1/people/670036'}, 'league': {'id': 103, 'name': 'American League', 'link': '/api/v1/league/103'}, 'sport': {'id': 1, 'link': '/api/v1/sports/1', 'abbreviation': 'MLB'}, 'gameType': 'R'}]",season,pitching
[],"[{'season': '2026', 'stat': {'age': 29, 'gamesPlayed': 29, 'gamesStarted': 0, 'groundOuts': 20, 'airOuts': 12, 'runs': 23, 'doubles': 6, 'triples': 0, 'homeRuns': 5, 'strikeOuts': 43, 'baseOnBalls': 25, 'intentionalWalks': 6, 'hits': 29, 'hitByPitch': 0, 'avg': '.282', 'atBats': 103, 'obp': '.422', 'slg': '.485', 'ops': '.907', 'caughtStealing': 2, 'stolenBases': 15, 'stolenBasePercentage': '.882', 'caughtStealingPercentage': '.118', 'groundIntoDoublePlay': 3, 'numberOfPitches': 545, 'era': '6.59', 'inningsPitched': '27.1', 'wins': 0, 'losses': 3, 'saves': 0, 'saveOpportunities': 2, 'holds': 3, 'blownSaves': 2, 'earnedRuns': 20, 'whip': '1.98', 'battersFaced': 129, 'outs': 82, 'gamesPitched': 29, 'completeGames': 0, 'shutouts': 0, 'strikes': 315, 'strikePercentage': '.580', 'hitBatsmen': 0, 'balks': 0, 'wildPitches': 0, 'pickoffs': 0, 'totalBases': 50, 'groundOutsToAirouts': '1.67', 'winPercentage': '.000', 'pitchesPerInning': '19.94', 'gamesFinished': 4, 'strikeoutWalkRatio': '1.72', 'strikeoutsPer9Inn': '14.16', 'walksPer9Inn': '8.23', 'hitsPer9Inn': '9.55', 'runsScoredPer9': '7.57', 'homeRunsPer9': '1.65', 'inheritedRunners': 18, 'inheritedRunnersScored': 6, 'catchersInterference': 0, 'sacBunts': 1, 'sacFlies': 0}, 'team': {'id': 141, 'name': 'Toronto Blue Jays', 'link': '/api/v1/teams/141'}, 'player': {'id': 663893, 'fullName': 'Brendon Little', 'link': '/api/v1/people/663893'}, 'league': {'id': 103, 'name': 'American League', 'link': '/api/v1/league/103'}, 'sport': {'id': 1, 'link': '/api/v1/sports/1', 'abbreviation': 'MLB'}, 'gameType': 'R'}]",season,pitching
[],"[{'season': '2026', 'stat': {'age': 25, 'gamesPlayed': 7, 'gamesStarted': 0, 'groundOuts': 16, 'airOuts': 16, 'runs': 11, 'doubles': 3, 'triples': 0, 'homeRuns': 4, 'strikeOuts': 8, 'baseOnBalls': 6, 'intentionalWalks': 0, 'hits': 18, 'hitByPitch': 2, 'avg': '.310', 'atBats': 58, 'obp': '.394', 'slg': '.569', 'ops': '.963', 'caughtStealing': 2, 'stolenBases': 3, 'stolenBasePercentage': '.600', 'caughtStealingPercentage': '.400', 'groundIntoDoublePlay': 2, 'numberOfPitches': 229, 'era': '4.40', 'inningsPitched': '14.1', 'wins': 0, 'losses': 1, 'saves': 0, 'saveOpportunities': 0, 'holds': 0, 'blownSaves': 0, 'earnedRuns': 7, 'whip': '1.67', 'battersFaced': 66, 'outs': 43, 'gamesPitched': 7, 'completeGames': 0, 'shutouts': 0, 'strikes': 143, 'strikePercentage': '.620', 'hitBatsmen': 2, 'balks': 0, 'wildPitches': 3, 'pickoffs': 1, 'totalBases': 33, 'groundOutsToAirouts': '1.00', 'winPercentage': '.000', 'pitchesPerInning': '15.98', 'gamesFinished': 3, 'strikeoutWalkRatio': '1.33', 'strikeoutsPer9Inn': '5.02', 'walksPer9Inn': '3.77', 'hitsPer9Inn': '11.30', 'runsScoredPer9': '6.91', 'homeRunsPer9': '2.51', 'inheritedRunners': 1, 'inheritedRunnersScored': 0, 'catchersInterference': 0, 'sacBunts': 0, 'sacFlies': 0}, 'player': {'id': 694680, 'fullName': 'Trevor Martin', 'link': '/api/v1/people/694680'}, 'league': {'id': 103, 'name': 'American League', 'link': '/api/v1/league/103'}, 'sport': {'id': 1, 'link': '/api/v1/sports/1', 'abbreviation': 'MLB'}, 'gameType': 'R', 'numTeams': 2}, {'season': '2026', 'stat': {'age': 25, 'gamesPlayed': 1, 'gamesStarted': 0, 'groundOuts': 4, 'airOuts': 1, 'runs': 3, 'doubles': 1, 'triples': 0, 'homeRuns': 0, 'strikeOuts': 1, 'baseOnBalls': 2, 'intentionalWalks': 0, 'hits': 4, 'hitByPitch': 0, 'avg': '.400', 'atBats': 10, 'obp': '.500', 'slg': '.500', 'ops': '1.000', 'caughtStealing': 2, 'stolenBases': 1, 'stolenBasePercentage': '.333', 'caughtStealingPercentage': '.667', 'groundIntoDoublePlay': 1, 'numberOfPitches': 49, 'era': '6.00', 'inningsPitched': '3.0', 'wins': 0, 'losses': 1, 'saves': 0, 'saveOpportunities': 0, 'holds': 0, 'blownSaves': 0, 'earnedRuns': 2, 'whip': '2.00', 'battersFaced': 12, 'outs': 9, 'gamesPitched': 1, 'completeGames': 0, 'shutouts': 0, 'strikes': 31, 'strikePercentage': '.630', 'hitBatsmen': 0, 'balks': 0, 'wildPitches': 1, 'pickoffs': 1, 'totalBases': 5, 'groundOutsToAirouts': '4.00', 'winPercentage': '.000', 'pitchesPerInning': '16.33', 'gamesFinished': 1, 'strikeoutWalkRatio': '0.50', 'strikeoutsPer9Inn': '3.00', 'walksPer9Inn': '6.00', 'hitsPer9Inn': '12.00', 'runsScoredPer9': '9.00', 'homeRunsPer9': '0.00', 'inheritedRunners': 0, 'inheritedRunnersScored': 0, 'catchersInterference': 0, 'sacBunts': 0, 'sacFlies': 0}, 'team': {'id': 108, 'name': 'Los Angeles Angels', 'link': '/api/v1/teams/108'}, 'player': {'id': 694680, 'fullName': 'Trevor Martin', 'link': '/api/v1/people/694680'}, 'league': {'id': 103, 'name': 'American League', 'link': '/api/v1/league/103'}, 'sport': {'id': 1, 'link': '/api/v1/sports/1', 'abbreviation': 'MLB'}, 'gameType': 'R'}, {'season': '2026', 'stat': {'age': 25, 'gamesPlayed': 6, 'gamesStarted': 0, 'groundOuts': 12, 'airOuts': 15, 'runs': 8, 'doubles': 2, 'triples': 0, 'homeRuns': 4, 'strikeOuts': 7, 'baseOnBalls': 4, 'intentionalWalks': 0, 'hits': 14, 'hitByPitch': 2, 'avg': '.292', 'atBats': 48, 'obp': '.370', 'slg': '.583', 'ops': '.953', 'caughtStealing': 0, 'stolenBases': 2, 'stolenBasePercentage': '1.000', 'caughtStealingPercentage': '.000', 'groundIntoDoublePlay': 1, 'numberOfPitches': 180, 'era': '3.97', 'inningsPitched': '11.1', 'wins': 0, 'losses': 0, 'saves': 0, 'saveOpportunities': 0, 'holds': 0, 'blownSaves': 0, 'earnedRuns': 5, 'whip': '1.59', 'battersFaced': 54, 'outs': 34, 'gamesPitched': 6, 'completeGames': 0, 'shutouts': 0, 'strikes': 112, 'strikePercentage': '.620', 'hitBatsmen': 2, 'balks': 0, 'wildPitches': 2, 'pickoffs': 0, 'totalBases': 28, 'groundOutsToAirouts': '0.80', 'winPercentage': '.---', 'pitchesPerInning': '15.88', 'gamesFinished': 2, 'strikeoutWalkRatio': '1.75', 'strikeoutsPer9Inn': '5.56', 'walksPer9Inn': '3.18', 'hitsPer9Inn': '11.12', 'runsScoredPer9': '6.35', 'homeRunsPer9': '3.18', 'inheritedRunners': 1, 'inheritedRunnersScored': 0, 'catchersInterference': 0, 'sacBunts': 0, 'sacFlies': 0}, 'team': {'id': 139, 'name': 'Tampa Bay Rays', 'link': '/api/v1/teams/139'}, 'player': {'id': 694680, 'fullName': 'Trevor Martin', 'link': '/api/v1/people/694680'}, 'league': {'id': 103, 'name': 'American League', 'link': '/api/v1/league/103'}, 'sport': {'id': 1, 'link': '/api/v1/sports/1', 'abbreviation': 'MLB'}, 'gameType': 'R'}]",season,pitching
[],"[{'season': '2026', 'stat': {'age': 30, 'gamesPlayed': 67, 'gamesStarted': 3, 'groundOuts': 90, 'airOuts': 60, 'runs': 27, 'doubles': 10, 'triples': 1, 'homeRuns': 8, 'strikeOuts': 55, 'baseOnBalls': 19, 'intentionalWalks': 0, 'hits': 71, 'hitByPitch': 6, 'avg': '.259', 'atBats': 274, 'obp': '.321', 'slg': '.391', 'ops': '.712', 'caughtStealing': 2, 'stolenBases': 0, 'stolenBasePercentage': '.000', 'caughtStealingPercentage': '1.000', 'groundIntoDoublePlay': 8, 'numberOfPitches': 1130, 'era': '2.75', 'inningsPitched': '72.0', 'wins': 2, 'losses': 5, 'saves': 2, 'saveOpportunities': 4, 'holds': 15, 'blownSaves': 2, 'earnedRuns': 22, 'whip': '1.25', 'battersFaced': 301, 'outs': 216, 'gamesPitched': 67, 'completeGames': 0, 'shutouts': 0, 'strikes': 723, 'strikePercentage': '.640', 'hitBatsmen': 6, 'balks': 0, 'wildPitches': 3, 'pickoffs': 1, 'totalBases': 107, 'groundOutsToAirouts': '1.50', 'winPercentage': '.286', 'pitchesPerInning': '15.69', 'gamesFinished': 10, 'strikeoutWalkRatio': '2.89', 'strikeoutsPer9Inn': '6.88', 'walksPer9Inn': '2.38', 'hitsPer9Inn': '8.88', 'runsScoredPer9': '3.38', 'homeRunsPer9': '1.00', 'inheritedRunners': 30, 'inheritedRunnersScored': 6, 'catchersInterference': 0, 'sacBunts': 2, 'sacFlies': 0}, 'team': {'id': 116, 'name': 'Detroit Tigers', 'link': '/api/v1/teams/116'}, 'player': {'id': 663947, 'fullName': 'Tyler Holton', 'link': '/api/v1/people/663947'}, 'league': {'id': 103, 'name': 'American League', 'link': '/api/v1/league/103'}, 'sport': {'id': 1, 'link': '/api/v1/sports/1', 'abbreviation': 'MLB'}, 'gameType': 'R'}]",season,pitching
[],"[{'season': '2026', 'stat': {'age': 29, 'gamesPlayed': 31, 'gamesStarted': 31, 'groundOuts': 158, 'airOuts': 176, 'runs': 107, 'doubles': 27, 'triples': 3, 'homeRuns': 32, 'strikeOuts': 126, 'baseOnBalls': 62, 'intentionalWalks': 0, 'hits': 188, 'hitByPitch': 15, 'avg': '.295', 'atBats': 638, 'obp': '.368', 'slg': '.497', 'ops': '.865', 'caughtStealing': 6, 'stolenBases': 12, 'stolenBasePercentage': '.667', 'caughtStealingPercentage': '.333', 'groundIntoDoublePlay': 9, 'numberOfPitches': 2801, 'era': '5.85', 'inningsPitched': '157.0', 'wins': 6, 'losses': 15, 'saves': 0, 'saveOpportunities': 0, 'holds': 0, 'blownSaves': 0, 'earnedRuns': 102, 'whip': '1.59', 'battersFaced': 725, 'outs': 471, 'gamesPitched': 31, 'completeGames': 0, 'shutouts': 0, 'strikes': 1723, 'strikePercentage': '.620', 'hitBatsmen': 15, 'balks': 0, 'wildPitches': 2, 'pickoffs': 3, 'totalBases': 317, 'groundOutsToAirouts': '0.90', 'winPercentage': '.286', 'pitchesPerInning': '17.84', 'gamesFinished': 0, 'strikeoutWalkRatio': '2.03', 'strikeoutsPer9Inn': '7.22', 'walksPer9Inn': '3.55', 'hitsPer9Inn': '10.78', 'runsScoredPer9': '6.13', 'homeRunsPer9': '1.83', 'inheritedRunners': 0, 'inheritedRunnersScored': 0, 'catchersInterference': 0, 'sacBunts': 4, 'sacFlies': 6}, 'team': {'id': 113, 'name': 'Cincinnati Reds', 'link': '/api/v1/teams/113'}, 'player': {'id': 663903, 'fullName': 'Brady Singer', 'link': '/api/v1/people/663903'}, 'league': {'id': 104, 'name': 'National League', 'link': '/api/v1/league/104'}, 'sport': {'id': 1, 'link': '/api/v1/sports/1', 'abbreviation': 'MLB'}, 'gameType': 'R'}]",season,pitching
[],"[{'season': '2026', 'stat': {'age': 23, 'gamesPlayed': 26, 'gamesStarted': 26, 'groundOuts': 102, 'airOuts': 161, 'runs': 54, 'doubles': 33, 'triples': 1, 'homeRuns': 15, 'strikeOuts': 171, 'baseOnBalls': 40, 'intentionalWalks': 1, 'hits': 123, 'hitByPitch': 6, 'avg': '.222', 'atBats': 554, 'obp': '.281', 'slg': '.366', 'ops': '.647', 'caughtStealing': 4, 'stolenBases': 4, 'stolenBasePercentage': '.500', 'caughtStealingPercentage': '.500', 'groundIntoDoublePlay': 7, 'numberOfPitches': 2282, 'era': '3.03', 'inningsPitched': '148.2', 'wins': 9, 'losses': 6, 'saves': 0, 'saveOpportunities': 0, 'holds': 0, 'blownSaves': 0, 'earnedRuns': 50, 'whip': '1.10', 'battersFaced': 603, 'outs': 446, 'gamesPitched': 26, 'completeGames': 0, 'shutouts': 0, 'strikes': 1577, 'strikePercentage': '.690', 'hitBatsmen': 6, 'balks': 1, 'wildPitches': 2, 'pickoffs': 1, 'totalBases': 203, 'groundOutsToAirouts': '0.63', 'winPercentage': '.600', 'pitchesPerInning': '15.35', 'gamesFinished': 0, 'strikeoutWalkRatio': '4.28', 'strikeoutsPer9Inn': '10.35', 'walksPer9Inn': '2.42', 'hitsPer9Inn': '7.45', 'runsScoredPer9': '3.27', 'homeRunsPer9': '0.91', 'inheritedRunners': 0, 'inheritedRunnersScored': 0, 'catchersInterference': 0, 'sacBunts': 1, 'sacFlies': 2}, 'team': {'id': 111, 'name': 'Boston Red Sox', 'link': '/api/v1/teams/111'}, 'player': {'id': 801139, 'fullName': 'Payton Tolle', 'link': '/api/v1/people/801139'}, 'league': {'id': 103, 'name': 'American League', 'link': '/api/v1/league/103'}, 'sport': {'id': 1, 'link': '/api/v1/sports/1', 'abbreviation': 'MLB'}, 'gameType': 'R'}]",season,pitching
[],"[{'season': '2026', 'stat': {'age': 30, 'gamesPlayed': 13, 'gamesStarted': 0, 'groundOuts': 26, 'airOuts': 19, 'runs': 11, 'doubles': 2, 'triples': 1, 'homeRuns': 2, 'strikeOuts': 7, 'baseOnBalls': 5, 'intentionalWalks': 0, 'hits': 18, 'hitByPitch': 1, 'avg': '.265', 'atBats': 68, 'obp': '.320', 'slg': '.412', 'ops': '.732', 'caughtStealing': 0, 'stolenBases': 0, 'stolenBasePercentage': '.---', 'caughtStealingPercentage': '.---', 'groundIntoDoublePlay': 2, 'numberOfPitches': 289, 'era': '5.60', 'inningsPitched': '17.2', 'wins': 1, 'losses': 0, 'saves': 1, 'saveOpportunities': 1, 'holds': 0, 'blownSaves': 0, 'earnedRuns': 11, 'whip': '1.30', 'battersFaced': 76, 'outs': 53, 'gamesPitched': 13, 'completeGames': 0, 'shutouts': 0, 'strikes': 187, 'strikePercentage': '.650', 'hitBatsmen': 1, 'balks': 0, 'wildPitches': 1, 'pickoffs': 0, 'totalBases': 28, 'groundOutsToAirouts': '1.37', 'winPercentage': '1.000', 'pitchesPerInning': '16.36', 'gamesFinished': 8, 'strikeoutWalkRatio': '1.40', 'strikeoutsPer9Inn': '3.57', 'walksPer9Inn': '2.55', 'hitsPer9Inn': '9.17', 'runsScoredPer9': '5.60', 'homeRunsPer9': '1.02', 'inheritedRunners': 2, 'inheritedRunnersScored': 1, 'catchersInterference': 0, 'sacBunts': 1, 'sacFlies': 1}, 'team': {'id': 137, 'name': 'San Francisco Giants', 'link': '/api/v1/teams/137'}, 'player': {'id': 663941, 'fullName': 'Tristan Beck', 'link': '/api/v1/people/663941'}, 'league': {'id': 104, 'name': 'National League', 'link': '/api/v1/league/104'}, 'sport': {'id': 1, 'link': '/api/v1/sports/1', 'abbreviation': 'MLB'}, 'gameType': 'R'}]",season,pitching
[],"[{'season': '2026', 'stat': {'age': 36, 'gamesPlayed': 26, 'gamesStarted': 22, 'groundOuts': 146, 'airOuts': 126, 'runs': 70, 'doubles': 23, 'triples': 2, 'homeRuns': 24, 'strikeOuts': 141, 'baseOnBalls': 33, 'intentionalWalks': 0, 'hits': 138, 'hitByPitch': 10, 'avg': '.253', 'atBats': 546, 'obp': '.305', 'slg': '.434', 'ops': '.739', 'caughtStealing': 4, 'stolenBases': 4, 'stolenBasePercentage': '.500', 'caughtStealingPercentage': '.500', 'groundIntoDoublePlay': 7, 'numberOfPitches': 2149, 'era': '4.27', 'inningsPitched': '141.1', 'wins': 11, 'losses': 10, 'saves': 0, 'saveOpportunities': 1, 'holds': 1, 'blownSaves': 1, 'earnedRuns': 67, 'whip': '1.21', 'battersFaced': 595, 'outs': 424, 'gamesPitched': 26, 'completeGames': 0, 'shutouts': 0, 'strikes': 1441, 'strikePercentage': '.670', 'hitBatsmen': 10, 'balks': 0, 'wildPitches': 5, 'pickoffs': 0, 'totalBases': 237, 'groundOutsToAirouts': '1.16', 'winPercentage': '.524', 'pitchesPerInning': '15.21', 'gamesFinished': 1, 'strikeoutWalkRatio': '4.27', 'strikeoutsPer9Inn': '8.98', 'walksPer9Inn': '2.10', 'hitsPer9Inn': '8.79', 'runsScoredPer9': '4.46', 'homeRunsPer9': '1.53', 'inheritedRunners': 0, 'inheritedRunnersScored': 0, 'catchersInterference': 1, 'sacBunts': 1, 'sacFlies': 4}, 'team': {'id': 140, 'name': 'Texas Rangers', 'link': '/api/v1/teams/140'}, 'player': {'id': 543135, 'fullName': 'Nathan Eovaldi', 'link': '/api/v1/people/543135'}, 'league': {'id': 103, 'name': 'American League', 'link': '/api/v1/league/103'}, 'sport': {'id': 1, 'link': '/api/v1/sports/1', 'abbreviation': 'MLB'}, 'gameType': 'R'}]",season,pitching
[],"[{'season': '2026', 'stat': {'age': 26, 'gamesPlayed': 56, 'gamesStarted': 0, 'groundOuts': 52, 'airOuts': 33, 'runs': 12, 'doubles': 3, 'triples': 0, 'homeRuns': 3, 'strikeOuts': 59, 'baseOnBalls': 11, 'intentionalWalks': 1, 'hits': 26, 'hitByPitch': 6, 'avg': '.154', 'atBats': 169, 'obp': '.231', 'slg': '.225', 'ops': '.456', 'caughtStealing': 0, 'stolenBases': 0, 'stolenBasePercentage': '.---', 'caughtStealingPercentage': '.---', 'groundIntoDoublePlay': 8, 'numberOfPitches': 688, 'era': '1.97', 'inningsPitched': '50.1', 'wins': 0, 'losses': 1, 'saves': 5, 'saveOpportunities': 5, 'holds': 18, 'blownSaves': 0, 'earnedRuns': 11, 'whip': '0.74', 'battersFaced': 187, 'outs': 151, 'gamesPitched': 56, 'completeGames': 0, 'shutouts': 0, 'strikes': 446, 'strikePercentage': '.650', 'hitBatsmen': 6, 'balks': 0, 'wildPitches': 1, 'pickoffs': 0, 'totalBases': 38, 'groundOutsToAirouts': '1.58', 'winPercentage': '.000', 'pitchesPerInning': '13.67', 'gamesFinished': 15, 'strikeoutWalkRatio': '5.36', 'strikeoutsPer9Inn': '10.55', 'walksPer9Inn': '1.97', 'hitsPer9Inn': '4.65', 'runsScoredPer9': '2.15', 'homeRunsPer9': '0.54', 'inheritedRunners': 26, 'inheritedRunnersScored': 2, 'catchersInterference': 0, 'sacBunts': 1, 'sacFlies': 0}, 'team': {'id': 109, 'name': 'Arizona Diamondbacks', 'link': '/api/v1/teams/109'}, 'player': {'id': 805299, 'fullName': 'Brandyn Garcia', 'link': '/api/v1/people/805299'}, 'league': {'id': 104, 'name': 'National League', 'link': '/api/v1/league/104'}, 'sport': {'id': 1, 'link': '/api/v1/sports/1', 'abbreviation': 'MLB'}, 'gameType': 'R'}]",season,pitching
[],"[{'season': '2026', 'stat': {'age': 27, 'gamesPlayed': 66, 'gamesStarted': 2, 'groundOuts': 59, 'airOuts': 53, 'runs': 22, 'doubles': 8, 'triples': 0, 'homeRuns': 7, 'strikeOuts': 71, 'baseOnBalls': 23, 'intentionalWalks': 4, 'hits': 46, 'hitByPitch': 2, 'avg': '.204', 'atBats': 226, 'obp': '.283', 'slg': '.332', 'ops': '.615', 'caughtStealing': 1, 'stolenBases': 6, 'stolenBasePercentage': '.857', 'caughtStealingPercentage': '.143', 'groundIntoDoublePlay': 4, 'numberOfPitches': 1005, 'era': '3.16', 'inningsPitched': '62.2', 'wins': 5, 'losses': 2, 'saves': 2, 'saveOpportunities': 5, 'holds': 11, 'blownSaves': 3, 'earnedRuns': 22, 'whip': '1.10', 'battersFaced': 254, 'outs': 188, 'gamesPitched': 66, 'completeGames': 0, 'shutouts': 0, 'strikes': 654, 'strikePercentage': '.650', 'hitBatsmen': 2, 'balks': 1, 'wildPitches': 4, 'pickoffs': 0, 'totalBases': 75, 'groundOutsToAirouts': '1.11', 'winPercentage': '.714', 'pitchesPerInning': '16.04', 'gamesFinished': 17, 'strikeoutWalkRatio': '3.09', 'strikeoutsPer9Inn': '10.20', 'walksPer9Inn': '3.30', 'hitsPer9Inn': '6.61', 'runsScoredPer9': '3.16', 'homeRunsPer9': '1.01', 'inheritedRunners': 43, 'inheritedRunnersScored': 16, 'catchersInterference': 0, 'sacBunts': 3, 'sacFlies': 0}, 'team': {'id': 119, 'name': 'Los Angeles Dodgers', 'link': '/api/v1/teams/119'}, 'player': {'id': 676263, 'fullName': 'Jack Dreyer', 'link': '/api/v1/people/676263'}, 'league': {'id': 104, 'name': 'National League', 'link': '/api/v1/league/104'}, 'sport': {'id': 1, 'link': '/api/v1/sports/1', 'abbreviation': 'MLB'}, 'gameType': 'R'}]",season,pitching
[],"[{'season': '2026', 'stat': {'age': 26, 'gamesPlayed': 33, 'gamesStarted': 30, 'groundOuts': 133, 'airOuts': 152, 'runs': 79, 'doubles': 30, 'triples': 2, 'homeRuns': 17, 'strikeOuts': 171, 'baseOnBalls': 81, 'intentionalWalks': 0, 'hits': 144, 'hitByPitch': 6, 'avg': '.242', 'atBats': 595, 'obp': '.337', 'slg': '.385', 'ops': '.722', 'caughtStealing': 7, 'stolenBases': 16, 'stolenBasePercentage': '.696', 'caughtStealingPercentage': '.304', 'groundIntoDoublePlay': 15, 'numberOfPitches': 2748, 'era': '3.62', 'inningsPitched': '159.0', 'wins': 11, 'losses': 9, 'saves': 0, 'saveOpportunities': 0, 'holds': 0, 'blownSaves': 0, 'earnedRuns': 64, 'whip': '1.42', 'battersFaced': 687, 'outs': 477, 'gamesPitched': 33, 'completeGames': 0, 'shutouts': 0, 'strikes': 1704, 'strikePercentage': '.620', 'hitBatsmen': 6, 'balks': 0, 'wildPitches': 6, 'pickoffs': 0, 'totalBases': 229, 'groundOutsToAirouts': '0.88', 'winPercentage': '.550', 'pitchesPerInning': '17.28', 'gamesFinished': 0, 'strikeoutWalkRatio': '2.11', 'strikeoutsPer9Inn': '9.68', 'walksPer9Inn': '4.58', 'hitsPer9Inn': '8.15', 'runsScoredPer9': '4.47', 'homeRunsPer9': '0.96', 'inheritedRunners': 3, 'inheritedRunnersScored': 0, 'catchersInterference': 0, 'sacBunts': 2, 'sacFlies': 3}, 'team': {'id': 114, 'name': 'Cleveland Guardians', 'link': '/api/v1/teams/114'}, 'player': {'id': 676282, 'fullName': 'Joey Cantillo', 'link': '/api/v1/people/676282'}, 'league': {'id': 103, 'name': 'American League', 'link': '/api/v1/league/103'}, 'sport': {'id': 1, 'link': '/api/v1/sports/1', 'abbreviation': 'MLB'}, 'gameType': 'R'}]",season,pitching
[],"[{'season': '2026', 'stat': {'age': 28, 'gamesPlayed': 37, 'gamesStarted': 20, 'groundOuts': 144, 'airOuts': 121, 'runs': 50, 'doubles': 14, 'triples': 3, 'homeRuns': 17, 'strikeOuts': 101, 'baseOnBalls': 56, 'intentionalWalks': 0, 'hits': 112, 'hitByPitch': 3, 'avg': '.235', 'atBats': 476, 'obp': '.319', 'slg': '.384', 'ops': '.703', 'caughtStealing': 4, 'stolenBases': 17, 'stolenBasePercentage': '.810', 'caughtStealingPercentage': '.190', 'groundIntoDoublePlay': 13, 'numberOfPitches': 2037, 'era': '3.34', 'inningsPitched': '126.2', 'wins': 5, 'losses': 6, 'saves': 2, 'saveOpportunities': 3, 'holds': 0, 'blownSaves': 1, 'earnedRuns': 47, 'whip': '1.33', 'battersFaced': 538, 'outs': 380, 'gamesPitched': 37, 'completeGames': 0, 'shutouts': 0, 'strikes': 1302, 'strikePercentage': '.640', 'hitBatsmen': 3, 'balks': 1, 'wildPitches': 7, 'pickoffs': 0, 'totalBases': 183, 'groundOutsToAirouts': '1.19', 'winPercentage': '.455', 'pitchesPerInning': '16.08', 'gamesFinished': 8, 'strikeoutWalkRatio': '1.80', 'strikeoutsPer9Inn': '7.18', 'walksPer9Inn': '3.98', 'hitsPer9Inn': '7.96', 'runsScoredPer9': '3.55', 'homeRunsPer9': '1.21', 'inheritedRunners': 8, 'inheritedRunnersScored': 3, 'catchersInterference': 1, 'sacBunts': 1, 'sacFlies': 1}, 'team': {'id': 146, 'name': 'Miami Marlins', 'link': '/api/v1/teams/146'}, 'player': {'id': 663969, 'fullName': 'Tyler Phillips', 'link': '/api/v1/people/663969'}, 'league': {'id': 104, 'name': 'National League', 'link': '/api/v1/league/104'}, 'sport': {'id': 1, 'link': '/api/v1/sports/1', 'abbreviation': 'MLB'}, 'gameType': 'R'}]",season,pitching
[],"[{'season': '2026', 'stat': {'age': 35, 'gamesPlayed': 32, 'gamesStarted': 32, 'groundOuts': 162, 'airOuts': 177, 'runs': 96, 'doubles': 27, 'triples': 3, 'homeRuns': 26, 'strikeOuts': 184, 'baseOnBalls': 47, 'intentionalWalks': 1, 'hits': 179, 'hitByPitch': 1, 'avg': '.259', 'atBats': 691, 'obp': '.305', 'slg': '.420', 'ops': '.725', 'caughtStealing': 4, 'stolenBases': 20, 'stolenBasePercentage': '.833', 'caughtStealingPercentage': '.167', 'groundIntoDoublePlay': 8, 'numberOfPitches': 3003, 'era': '4.51', 'inningsPitched': '177.2', 'wins': 9, 'losses': 12, 'saves': 0, 'saveOpportunities': 0, 'holds': 0, 'blownSaves': 0, 'earnedRuns': 89, 'whip': '1.27', 'battersFaced': 750, 'outs': 533, 'gamesPitched': 32, 'completeGames': 0, 'shutouts': 0, 'strikes': 1982, 'strikePercentage': '.660', 'hitBatsmen': 1, 'balks': 3, 'wildPitches': 2, 'pickoffs': 2, 'totalBases': 290, 'groundOutsToAirouts': '0.92', 'winPercentage': '.429', 'pitchesPerInning': '16.90', 'gamesFinished': 0, 'strikeoutWalkRatio': '3.91', 'strikeoutsPer9Inn': '9.32', 'walksPer9Inn': '2.38', 'hitsPer9Inn': '9.07', 'runsScoredPer9': '4.86', 'homeRunsPer9': '1.32', 'inheritedRunners': 0, 'inheritedRunnersScored': 0, 'catchersInterference': 0, 'sacBunts': 6, 'sacFlies': 5}, 'player': {'id': 592332, 'fullName': 'Kevin Gausman', 'link': '/api/v1/people/592332'}, 'sport': {'id': 1, 'link': '/api/v1/sports/1', 'abbreviation': 'MLB'}, 'gameType': 'R', 'numTeams': 2, 'numLeagues': 2}, {'season': '2026', 'stat': {'age': 35, 'gamesPlayed': 9, 'gamesStarted': 9, 'groundOuts': 49, 'airOuts': 42, 'runs': 28, 'doubles': 6, 'triples': 0, 'homeRuns': 11, 'strikeOuts': 57, 'baseOnBalls': 11, 'intentionalWalks': 0, 'hits': 51, 'hitByPitch': 0, 'avg': '.259', 'atBats': 197, 'obp': '.295', 'slg': '.457', 'ops': '.752', 'caughtStealing': 2, 'stolenBases': 8, 'stolenBasePercentage': '.800', 'caughtStealingPercentage': '.200', 'groundIntoDoublePlay': 1, 'numberOfPitches': 863, 'era': '4.83', 'inningsPitched': '50.1', 'wins': 4, 'losses': 2, 'saves': 0, 'saveOpportunities': 0, 'holds': 0, 'blownSaves': 0, 'earnedRuns': 27, 'whip': '1.23', 'battersFaced': 210, 'outs': 151, 'gamesPitched': 9, 'completeGames': 0, 'shutouts': 0, 'strikes': 588, 'strikePercentage': '.680', 'hitBatsmen': 0, 'balks': 0, 'wildPitches': 1, 'pickoffs': 1, 'totalBases': 90, 'groundOutsToAirouts': '1.17', 'winPercentage': '.667', 'pitchesPerInning': '17.15', 'gamesFinished': 0, 'strikeoutWalkRatio': '5.18', 'strikeoutsPer9Inn': '10.19', 'walksPer9Inn': '1.97', 'hitsPer9Inn': '9.12', 'runsScoredPer9': '5.01', 'homeRunsPer9': '1.97', 'inheritedRunners': 0, 'inheritedRunnersScored': 0, 'catchersInterference': 0, 'sacBunts': 0, 'sacFlies': 2}, 'team': {'id': 112, 'name': 'Chicago Cubs', 'link': '/api/v1/teams/112'}, 'player': {'id': 592332, 'fullName': 'Kevin Gausman', 'link': '/api/v1/people/592332'}, 'league': {'id': 104, 'name': 'National League', 'link': '/api/v1/league/104'}, 'sport': {'id': 1, 'link': '/api/v1/sports/1', 'abbreviation': 'MLB'}, 'gameType': 'R'}, {'season': '2026', 'stat': {'age': 35, 'gamesPlayed': 23, 'gamesStarted': 23, 'groundOuts': 113, 'airOuts': 135, 'runs': 68, 'doubles': 21, 'triples': 3, 'homeRuns': 15, 'strikeOuts': 127, 'baseOnBalls': 36, 'intentionalWalks': 1, 'hits': 128, 'hitByPitch': 1, 'avg': '.259', 'atBats': 494, 'obp': '.309', 'slg': '.405', 'ops': '.714', 'caughtStealing': 2, 'stolenBases': 12, 'stolenBasePercentage': '.857', 'caughtStealingPercentage': '.143', 'groundIntoDoublePlay': 7, 'numberOfPitches': 2140, 'era': '4.38', 'inningsPitched': '127.1', 'wins': 5, 'losses': 10, 'saves': 0, 'saveOpportunities': 0, 'holds': 0, 'blownSaves': 0, 'earnedRuns': 62, 'whip': '1.29', 'battersFaced': 540, 'outs': 382, 'gamesPitched': 23, 'completeGames': 0, 'shutouts': 0, 'strikes': 1394, 'strikePercentage': '.650', 'hitBatsmen': 1, 'balks': 3, 'wildPitches': 1, 'pickoffs': 1, 'totalBases': 200, 'groundOutsToAirouts': '0.84', 'winPercentage': '.333', 'pitchesPerInning': '16.81', 'gamesFinished': 0, 'strikeoutWalkRatio': '3.53', 'strikeoutsPer9Inn': '8.98', 'walksPer9Inn': '2.54', 'hitsPer9Inn': '9.05', 'runsScoredPer9': '4.81', 'homeRunsPer9': '1.06', 'inheritedRunners': 0, 'inheritedRunnersScored': 0, 'catchersInterference': 0, 'sacBunts': 6, 'sacFlies': 3}, 'team': {'id': 141, 'name': 'Toronto Blue Jays', 'link': '/api/v1/teams/141'}, 'player': {'id': 592332, 'fullName': 'Kevin Gausman', 'link': '/api/v1/people/592332'}, 'league': {'id': 103, 'name': 'American League', 'link': '/api/v1/league/103'}, 'sport': {'id': 1, 'link': '/api/v1/sports/1', 'abbreviation': 'MLB'}, 'gameType': 'R'}]",season,pitching
[],"[{'season': '2026', 'stat': {'age': 35, 'gamesPlayed': 74, 'gamesStarted': 0, 'groundOuts': 112, 'airOuts': 55, 'runs': 22, 'doubles': 6, 'triples': 1, 'homeRuns': 2, 'strikeOuts': 40, 'baseOnBalls': 22, 'intentionalWalks': 5, 'hits': 61, 'hitByPitch': 2, 'avg': '.229', 'atBats': 266, 'obp': '.292', 'slg': '.282', 'ops': '.574', 'caughtStealing': 4, 'stolenBases': 2, 'stolenBasePercentage': '.333', 'caughtStealingPercentage': '.667', 'groundIntoDoublePlay': 6, 'numberOfPitches': 1018, 'era': '1.77', 'inningsPitched': '71.0', 'wins': 2, 'losses': 3, 'saves': 4, 'saveOpportunities': 8, 'holds': 33, 'blownSaves': 4, 'earnedRuns': 14, 'whip': '1.17', 'battersFaced': 294, 'outs': 213, 'gamesPitched': 74, 'completeGames': 0, 'shutouts': 0, 'strikes': 710, 'strikePercentage': '.700', 'hitBatsmen': 2, 'balks': 0, 'wildPitches': 0, 'pickoffs': 0, 'totalBases': 75, 'groundOutsToAirouts': '2.04', 'winPercentage': '.400', 'pitchesPerInning': '14.34', 'gamesFinished': 12, 'strikeoutWalkRatio': '1.82', 'strikeoutsPer9Inn': '5.07', 'walksPer9Inn': '2.79', 'hitsPer9Inn': '7.73', 'runsScoredPer9': '2.79', 'homeRunsPer9': '0.25', 'inheritedRunners': 8, 'inheritedRunnersScored': 2, 'catchersInterference': 2, 'sacBunts': 1, 'sacFlies': 1}, 'team': {'id': 141, 'name': 'Toronto Blue Jays', 'link': '/api/v1/teams/141'}, 'player': {'id': 643511, 'fullName': 'Tyler Rogers', 'link': '/api/v1/people/643511'}, 'league': {'id': 103, 'name': 'American League', 'link': '/api/v1/league/103'}, 'sport': {'id': 1, 'link': '/api/v1/sports/1', 'abbreviation': 'MLB'}, 'gameType': 'R'}]",season,pitching
[],"[{'season': '2026', 'stat': {'age': 32, 'gamesPlayed': 23, 'gamesStarted': 0, 'groundOuts': 15, 'airOuts': 24, 'runs': 7, 'doubles': 5, 'triples': 0, 'homeRuns': 0, 'strikeOuts': 25, 'baseOnBalls': 15, 'intentionalWalks': 1, 'hits': 24, 'hitByPitch': 0, 'avg': '.276', 'atBats': 87, 'obp': '.379', 'slg': '.333', 'ops': '.712', 'caughtStealing': 1, 'stolenBases': 1, 'stolenBasePercentage': '.500', 'caughtStealingPercentage': '.500', 'groundIntoDoublePlay': 2, 'numberOfPitches': 456, 'era': '2.42', 'inningsPitched': '22.1', 'wins': 0, 'losses': 1, 'saves': 0, 'saveOpportunities': 1, 'holds': 5, 'blownSaves': 1, 'earnedRuns': 6, 'whip': '1.75', 'battersFaced': 103, 'outs': 67, 'gamesPitched': 23, 'completeGames': 0, 'shutouts': 0, 'strikes': 274, 'strikePercentage': '.600', 'hitBatsmen': 0, 'balks': 0, 'wildPitches': 2, 'pickoffs': 0, 'totalBases': 29, 'groundOutsToAirouts': '0.63', 'winPercentage': '.000', 'pitchesPerInning': '20.42', 'gamesFinished': 6, 'strikeoutWalkRatio': '1.67', 'strikeoutsPer9Inn': '10.07', 'walksPer9Inn': '6.04', 'hitsPer9Inn': '9.67', 'runsScoredPer9': '2.82', 'homeRunsPer9': '0.00', 'inheritedRunners': 8, 'inheritedRunnersScored': 4, 'catchersInterference': 0, 'sacBunts': 0, 'sacFlies': 1}, 'team': {'id': 118, 'name': 'Kansas City Royals', 'link': '/api/v1/teams/118'}, 'player': {'id': 621016, 'fullName': 'Jose Cuas', 'link': '/api/v1/people/621016'}, 'league': {'id': 103, 'name': 'American League', 'link': '/api/v1/league/103'}, 'sport': {'id': 1, 'link': '/api/v1/sports/1', 'abbreviation': 'MLB'}, 'gameType': 'R'}]",season,pitching
[],"[{'season': '2026', 'stat': {'age': 36, 'gamesPlayed': 53, 'gamesStarted': 3, 'groundOuts': 102, 'airOuts': 77, 'runs': 42, 'doubles': 15, 'triples': 5, 'homeRuns': 9, 'strikeOuts': 75, 'baseOnBalls': 25, 'intentionalWalks': 2, 'hits': 85, 'hitByPitch': 1, 'avg': '.252', 'atBats': 337, 'obp': '.306', 'slg': '.407', 'ops': '.713', 'caughtStealing': 3, 'stolenBases': 4, 'stolenBasePercentage': '.571', 'caughtStealingPercentage': '.429', 'groundIntoDoublePlay': 6, 'numberOfPitches': 1483, 'era': '3.48', 'inningsPitched': '88.0', 'wins': 3, 'losses': 2, 'saves': 0, 'saveOpportunities': 1, 'holds': 3, 'blownSaves': 1, 'earnedRuns': 34, 'whip': '1.25', 'battersFaced': 366, 'outs': 264, 'gamesPitched': 53, 'completeGames': 0, 'shutouts': 0, 'strikes': 971, 'strikePercentage': '.650', 'hitBatsmen': 1, 'balks': 0, 'wildPitches': 1, 'pickoffs': 6, 'totalBases': 137, 'groundOutsToAirouts': '1.32', 'winPercentage': '.600', 'pitchesPerInning': '16.85', 'gamesFinished': 21, 'strikeoutWalkRatio': '3.00', 'strikeoutsPer9Inn': '7.67', 'walksPer9Inn': '2.56', 'hitsPer9Inn': '8.69', 'runsScoredPer9': '4.30', 'homeRunsPer9': '0.92', 'inheritedRunners': 27, 'inheritedRunnersScored': 10, 'catchersInterference': 1, 'sacBunts': 2, 'sacFlies': 0}, 'player': {'id': 608718, 'fullName': 'Brent Suter', 'link': '/api/v1/people/608718'}, 'sport': {'id': 1, 'link': '/api/v1/sports/1', 'abbreviation': 'MLB'}, 'gameType': 'R', 'numTeams': 2, 'numLeagues': 2}, {'season': '2026', 'stat': {'age': 36, 'gamesPlayed': 41, 'gamesStarted': 3, 'groundOuts': 75, 'airOuts': 53, 'runs': 35, 'doubles': 10, 'triples': 4, 'homeRuns': 7, 'strikeOuts': 55, 'baseOnBalls': 17, 'intentionalWalks': 1, 'hits': 63, 'hitByPitch': 1, 'avg': '.257', 'atBats': 245, 'obp': '.308', 'slg': '.416', 'ops': '.724', 'caughtStealing': 2, 'stolenBases': 4, 'stolenBasePercentage': '.667', 'caughtStealingPercentage': '.333', 'groundIntoDoublePlay': 5, 'numberOfPitches': 1101, 'era': '4.12', 'inningsPitched': '63.1', 'wins': 1, 'losses': 2, 'saves': 0, 'saveOpportunities': 1, 'holds': 3, 'blownSaves': 1, 'earnedRuns': 29, 'whip': '1.26', 'battersFaced': 265, 'outs': 190, 'gamesPitched': 41, 'completeGames': 0, 'shutouts': 0, 'strikes': 714, 'strikePercentage': '.650', 'hitBatsmen': 1, 'balks': 0, 'wildPitches': 1, 'pickoffs': 4, 'totalBases': 102, 'groundOutsToAirouts': '1.42', 'winPercentage': '.333', 'pitchesPerInning': '17.38', 'gamesFinished': 14, 'strikeoutWalkRatio': '3.24', 'strikeoutsPer9Inn': '7.82', 'walksPer9Inn': '2.42', 'hitsPer9Inn': '8.95', 'runsScoredPer9': '4.97', 'homeRunsPer9': '0.99', 'inheritedRunners': 20, 'inheritedRunnersScored': 10, 'catchersInterference': 1, 'sacBunts': 1, 'sacFlies': 0}, 'team': {'id': 108, 'name': 'Los Angeles Angels', 'link': '/api/v1/teams/108'}, 'player': {'id': 608718, 'fullName': 'Brent Suter', 'link': '/api/v1/people/608718'}, 'league': {'id': 103, 'name': 'American League', 'link': '/api/v1/league/103'}, 'sport': {'id': 1, 'link': '/api/v1/sports/1', 'abbreviation': 'MLB'}, 'gameType': 'R'}, {'season': '2026', 'stat': {'age': 36, 'gamesPlayed': 12, 'gamesStarted': 0, 'groundOuts': 27, 'airOuts': 24, 'runs': 7, 'doubles': 5, 'triples': 1, 'homeRuns': 2, 'strikeOuts': 20, 'baseOnBalls': 8, 'intentionalWalks': 1, 'hits': 22, 'hitByPitch': 0, 'avg': '.239', 'atBats': 92, 'obp': '.300', 'slg': '.380', 'ops': '.680', 'caughtStealing': 1, 'stolenBases': 0, 'stolenBasePercentage': '.000', 'caughtStealingPercentage': '1.000', 'groundIntoDoublePlay': 1, 'numberOfPitches': 382, 'era': '1.82', 'inningsPitched': '24.2', 'wins': 2, 'losses': 0, 'saves': 0, 'saveOpportunities': 0, 'holds': 0, 'blownSaves': 0, 'earnedRuns': 5, 'whip': '1.22', 'battersFaced': 101, 'outs': 74, 'gamesPitched': 12, 'completeGames': 0, 'shutouts': 0, 'strikes': 257, 'strikePercentage': '.670', 'hitBatsmen': 0, 'balks': 0, 'wildPitches': 0, 'pickoffs': 2, 'totalBases': 35, 'groundOutsToAirouts': '1.13', 'winPercentage': '1.000', 'pitchesPerInning': '15.49', 'gamesFinished': 7, 'strikeoutWalkRatio': '2.50', 'strikeoutsPer9Inn': '7.30', 'walksPer9Inn': '2.92', 'hitsPer9Inn': '8.03', 'runsScoredPer9': '2.55', 'homeRunsPer9': '0.73', 'inheritedRunners': 7, 'inheritedRunnersScored': 0, 'catchersInterference': 0, 'sacBunts': 1, 'sacFlies': 0}, 'team': {'id': 144, 'name': 'Atlanta Braves', 'link': '/api/v1/teams/144'}, 'player': {'id': 608718, 'fullName': 'Brent Suter', 'link': '/api/v1/people/608718'}, 'league': {'id': 104, 'name': 'National League', 'link': '/api/v1/league/104'}, 'sport': {'id': 1, 'link': '/api/v1/sports/1', 'abbreviation': 'MLB'}, 'gameType': 'R'}]",season,pitching
[],"[{'season': '2026', 'stat': {'age': 30, 'gamesPlayed': 37, 'gamesStarted': 6, 'groundOuts': 39, 'airOuts': 31, 'runs': 18, 'doubles': 9, 'triples': 0, 'homeRuns': 4, 'strikeOuts': 30, 'baseOnBalls': 22, 'intentionalWalks': 4, 'hits': 40, 'hitByPitch': 3, 'avg': '.294', 'atBats': 136, 'obp': '.404', 'slg': '.449', 'ops': '.853', 'caughtStealing': 0, 'stolenBases': 1, 'stolenBasePercentage': '1.000', 'caughtStealingPercentage': '.000', 'groundIntoDoublePlay': 3, 'numberOfPitches': 611, 'era': '3.71', 'inningsPitched': '34.0', 'wins': 3, 'losses': 4, 'saves': 4, 'saveOpportunities': 7, 'holds': 10, 'blownSaves': 3, 'earnedRuns': 14, 'whip': '1.82', 'battersFaced': 165, 'outs': 102, 'gamesPitched': 37, 'completeGames': 0, 'shutouts': 0, 'strikes': 392, 'strikePercentage': '.640', 'hitBatsmen': 3, 'balks': 0, 'wildPitches': 0, 'pickoffs': 0, 'totalBases': 61, 'groundOutsToAirouts': '1.26', 'winPercentage': '.429', 'pitchesPerInning': '17.97', 'gamesFinished': 11, 'strikeoutWalkRatio': '1.36', 'strikeoutsPer9Inn': '7.94', 'walksPer9Inn': '5.82', 'hitsPer9Inn': '10.59', 'runsScoredPer9': '4.76', 'homeRunsPer9': '1.06', 'inheritedRunners': 20, 'inheritedRunnersScored': 9, 'catchersInterference': 0, 'sacBunts': 4, 'sacFlies': 0}, 'player': {'id': 663992, 'fullName': 'Richard Lovelady', 'link': '/api/v1/people/663992'}, 'league': {'id': 104, 'name': 'National League', 'link': '/api/v1/league/104'}, 'sport': {'id': 1, 'link': '/api/v1/sports/1', 'abbreviation': 'MLB'}, 'gameType': 'R', 'numTeams': 2}, {'season': '2026', 'stat': {'age': 30, 'gamesPlayed': 31, 'gamesStarted': 6, 'groundOuts': 30, 'airOuts': 26, 'runs': 13, 'doubles': 8, 'triples': 0, 'homeRuns': 3, 'strikeOuts': 24, 'baseOnBalls': 18, 'intentionalWalks': 3, 'hits': 32, 'hitByPitch': 3, 'avg': '.296', 'atBats': 108, 'obp': '.411', 'slg': '.454', 'ops': '.865', 'caughtStealing': 0, 'stolenBases': 1, 'stolenBasePercentage': '1.000', 'caughtStealingPercentage': '.000', 'groundIntoDoublePlay': 1, 'numberOfPitches': 484, 'era': '3.71', 'inningsPitched': '26.2', 'wins': 2, 'losses': 3, 'saves': 4, 'saveOpportunities': 7, 'holds': 10, 'blownSaves': 3, 'earnedRuns': 11, 'whip': '1.88', 'battersFaced': 133, 'outs': 80, 'gamesPitched': 31, 'completeGames': 0, 'shutouts': 0, 'strikes': 311, 'strikePercentage': '.640', 'hitBatsmen': 3, 'balks': 0, 'wildPitches': 0, 'pickoffs': 0, 'totalBases': 49, 'groundOutsToAirouts': '1.15', 'winPercentage': '.400', 'pitchesPerInning': '18.15', 'gamesFinished': 6, 'strikeoutWalkRatio': '1.33', 'strikeoutsPer9Inn': '8.10', 'walksPer9Inn': '6.08', 'hitsPer9Inn': '10.80', 'runsScoredPer9': '4.39', 'homeRunsPer9': '1.01', 'inheritedRunners': 18, 'inheritedRunnersScored': 9, 'catchersInterference': 0, 'sacBunts': 4, 'sacFlies': 0}, 'team': {'id': 120, 'name': 'Washington Nationals', 'link': '/api/v1/teams/120'}, 'player': {'id': 663992, 'fullName': 'Richard Lovelady', 'link': '/api/v1/people/663992'}, 'league': {'id': 104, 'name': 'National League', 'link': '/api/v1/league/104'}, 'sport': {'id': 1, 'link': '/api/v1/sports/1', 'abbreviation': 'MLB'}, 'gameType': 'R'}, {'season': '2026', 'stat': {'age': 30, 'gamesPlayed': 6, 'gamesStarted': 0, 'groundOuts': 9, 'airOuts': 5, 'runs': 5, 'doubles': 1, 'triples': 0, 'homeRuns': 1, 'strikeOuts': 6, 'baseOnBalls': 4, 'intentionalWalks': 1, 'hits': 8, 'hitByPitch': 0, 'avg': '.286', 'atBats': 28, 'obp': '.375', 'slg': '.429', 'ops': '.804', 'caughtStealing': 0, 'stolenBases': 0, 'stolenBasePercentage': '.---', 'caughtStealingPercentage': '.---', 'groundIntoDoublePlay': 2, 'numberOfPitches': 127, 'era': '3.68', 'inningsPitched': '7.1', 'wins': 1, 'losses': 1, 'saves': 0, 'saveOpportunities': 0, 'holds': 0, 'blownSaves': 0, 'earnedRuns': 3, 'whip': '1.64', 'battersFaced': 32, 'outs': 22, 'gamesPitched': 6, 'completeGames': 0, 'shutouts': 0, 'strikes': 81, 'strikePercentage': '.640', 'hitBatsmen': 0, 'balks': 0, 'wildPitches': 0, 'pickoffs': 0, 'totalBases': 12, 'groundOutsToAirouts': '1.80', 'winPercentage': '.500', 'pitchesPerInning': '17.32', 'gamesFinished': 5, 'strikeoutWalkRatio': '1.50', 'strikeoutsPer9Inn': '7.36', 'walksPer9Inn': '4.91', 'hitsPer9Inn': '9.82', 'runsScoredPer9': '6.14', 'homeRunsPer9': '1.23', 'inheritedRunners': 2, 'inheritedRunnersScored': 0, 'catchersInterference': 0, 'sacBunts': 0, 'sacFlies': 0}, 'team': {'id': 121, 'name': 'New York Mets', 'link': '/api/v1/teams/121'}, 'player': {'id': 663992, 'fullName': 'Richard Lovelady', 'link': '/api/v1/people/663992'}, 'league': {'id': 104, 'name': 'National League', 'link': '/api/v1/league/104'}, 'sport': {'id': 1, 'link': '/api/v1/sports/1', 'abbreviation': 'MLB'}, 'gameType': 'R'}]",season,pitching
[],"[{'season': '2026', 'stat': {'age': 27, 'gamesPlayed': 29, 'gamesStarted': 29, 'groundOuts': 178, 'airOuts': 130, 'runs': 74, 'doubles': 26, 'triples': 3, 'homeRuns': 11, 'strikeOuts': 143, 'baseOnBalls': 75, 'intentionalWalks': 0, 'hits': 126, 'hitByPitch': 5, 'avg': '.220', 'atBats': 572, 'obp': '.315', 'slg': '.334', 'ops': '.649', 'caughtStealing': 4, 'stolenBases': 13, 'stolenBasePercentage': '.765', 'caughtStealingPercentage': '.235', 'groundIntoDoublePlay': 16, 'numberOfPitches': 2712, 'era': '4.01', 'inningsPitched': '155.0', 'wins': 9, 'losses': 14, 'saves': 0, 'saveOpportunities': 0, 'holds': 0, 'blownSaves': 0, 'earnedRuns': 69, 'whip': '1.30', 'battersFaced': 657, 'outs': 465, 'gamesPitched': 29, 'completeGames': 0, 'shutouts': 0, 'strikes': 1639, 'strikePercentage': '.600', 'hitBatsmen': 5, 'balks': 0, 'wildPitches': 2, 'pickoffs': 0, 'totalBases': 191, 'groundOutsToAirouts': '1.37', 'winPercentage': '.391', 'pitchesPerInning': '17.50', 'gamesFinished': 0, 'strikeoutWalkRatio': '1.91', 'strikeoutsPer9Inn': '8.30', 'walksPer9Inn': '4.35', 'hitsPer9Inn': '7.32', 'runsScoredPer9': '4.30', 'homeRunsPer9': '0.64', 'inheritedRunners': 0, 'inheritedRunnersScored': 0, 'catchersInterference': 0, 'sacBunts': 2, 'sacFlies': 3}, 'team': {'id': 137, 'name': 'San Francisco Giants', 'link': '/api/v1/teams/137'}, 'player': {'id': 694738, 'fullName': 'Landen Roupp', 'link': '/api/v1/people/694738'}, 'league': {'id': 104, 'name': 'National League', 'link': '/api/v1/league/104'}, 'sport': {'id': 1, 'link': '/api/v1/sports/1', 'abbreviation': 'MLB'}, 'gameType': 'R'}]",season,pitching
[],"[{'season': '2026', 'stat': {'age': 32, 'gamesPlayed': 66, 'gamesStarted': 0, 'groundOuts': 69, 'airOuts': 61, 'runs': 26, 'doubles': 10, 'triples': 1, 'homeRuns': 7, 'strikeOuts': 40, 'baseOnBalls': 26, 'intentionalWalks': 4, 'hits': 49, 'hitByPitch': 1, 'avg': '.227', 'atBats': 216, 'obp': '.310', 'slg': '.380', 'ops': '.690', 'caughtStealing': 3, 'stolenBases': 4, 'stolenBasePercentage': '.571', 'caughtStealingPercentage': '.429', 'groundIntoDoublePlay': 9, 'numberOfPitches': 997, 'era': '3.28', 'inningsPitched': '60.1', 'wins': 2, 'losses': 4, 'saves': 2, 'saveOpportunities': 5, 'holds': 14, 'blownSaves': 3, 'earnedRuns': 22, 'whip': '1.24', 'battersFaced': 246, 'outs': 181, 'gamesPitched': 66, 'completeGames': 0, 'shutouts': 0, 'strikes': 625, 'strikePercentage': '.630', 'hitBatsmen': 1, 'balks': 0, 'wildPitches': 3, 'pickoffs': 1, 'totalBases': 82, 'groundOutsToAirouts': '1.13', 'winPercentage': '.333', 'pitchesPerInning': '16.52', 'gamesFinished': 9, 'strikeoutWalkRatio': '1.54', 'strikeoutsPer9Inn': '5.97', 'walksPer9Inn': '3.88', 'hitsPer9Inn': '7.31', 'runsScoredPer9': '3.88', 'homeRunsPer9': '1.04', 'inheritedRunners': 29, 'inheritedRunnersScored': 9, 'catchersInterference': 0, 'sacBunts': 1, 'sacFlies': 2}, 'player': {'id': 670167, 'fullName': 'John Schreiber', 'link': '/api/v1/people/670167'}, 'league': {'id': 103, 'name': 'American League', 'link': '/api/v1/league/103'}, 'sport': {'id': 1, 'link': '/api/v1/sports/1', 'abbreviation': 'MLB'}, 'gameType': 'R', 'numTeams': 2}, {'season': '2026', 'stat': {'age': 32, 'gamesPlayed': 55, 'gamesStarted': 0, 'groundOuts': 54, 'airOuts': 49, 'runs': 23, 'doubles': 9, 'triples': 0, 'homeRuns': 7, 'strikeOuts': 36, 'baseOnBalls': 22, 'intentionalWalks': 3, 'hits': 41, 'hitByPitch': 1, 'avg': '.232', 'atBats': 177, 'obp': '.317', 'slg': '.401', 'ops': '.718', 'caughtStealing': 1, 'stolenBases': 4, 'stolenBasePercentage': '.800', 'caughtStealingPercentage': '.200', 'groundIntoDoublePlay': 6, 'numberOfPitches': 829, 'era': '3.65', 'inningsPitched': '49.1', 'wins': 1, 'losses': 3, 'saves': 1, 'saveOpportunities': 4, 'holds': 14, 'blownSaves': 3, 'earnedRuns': 20, 'whip': '1.28', 'battersFaced': 203, 'outs': 148, 'gamesPitched': 55, 'completeGames': 0, 'shutouts': 0, 'strikes': 511, 'strikePercentage': '.620', 'hitBatsmen': 1, 'balks': 0, 'wildPitches': 3, 'pickoffs': 0, 'totalBases': 71, 'groundOutsToAirouts': '1.10', 'winPercentage': '.250', 'pitchesPerInning': '16.80', 'gamesFinished': 5, 'strikeoutWalkRatio': '1.64', 'strikeoutsPer9Inn': '6.57', 'walksPer9Inn': '4.01', 'hitsPer9Inn': '7.48', 'runsScoredPer9': '4.20', 'homeRunsPer9': '1.28', 'inheritedRunners': 25, 'inheritedRunnersScored': 7, 'catchersInterference': 0, 'sacBunts': 1, 'sacFlies': 2}, 'team': {'id': 118, 'name': 'Kansas City Royals', 'link': '/api/v1/teams/118'}, 'player': {'id': 670167, 'fullName': 'John Schreiber', 'link': '/api/v1/people/670167'}, 'league': {'id': 103, 'name': 'American League', 'link': '/api/v1/league/103'}, 'sport': {'id': 1, 'link': '/api/v1/sports/1', 'abbreviation': 'MLB'}, 'gameType': 'R'}, {'season': '2026', 'stat': {'age': 32, 'gamesPlayed': 11, 'gamesStarted': 0, 'groundOuts': 15, 'airOuts': 12, 'runs': 3, 'doubles': 1, 'triples': 1, 'homeRuns': 0, 'strikeOuts': 4, 'baseOnBalls': 4, 'intentionalWalks': 1, 'hits': 8, 'hitByPitch': 0, 'avg': '.205', 'atBats': 39, 'obp': '.279', 'slg': '.282', 'ops': '.561', 'caughtStealing': 2, 'stolenBases': 0, 'stolenBasePercentage': '.000', 'caughtStealingPercentage': '1.000', 'groundIntoDoublePlay': 3, 'numberOfPitches': 168, 'era': '1.64', 'inningsPitched': '11.0', 'wins': 1, 'losses': 1, 'saves': 1, 'saveOpportunities': 1, 'holds': 0, 'blownSaves': 0, 'earnedRuns': 2, 'whip': '1.09', 'battersFaced': 43, 'outs': 33, 'gamesPitched': 11, 'completeGames': 0, 'shutouts': 0, 'strikes': 114, 'strikePercentage': '.680', 'hitBatsmen': 0, 'balks': 0, 'wildPitches': 0, 'pickoffs': 1, 'totalBases': 11, 'groundOutsToAirouts': '1.25', 'winPercentage': '.500', 'pitchesPerInning': '15.27', 'gamesFinished': 4, 'strikeoutWalkRatio': '1.00', 'strikeoutsPer9Inn': '3.27', 'walksPer9Inn': '3.27', 'hitsPer9Inn': '6.55', 'runsScoredPer9': '2.45', 'homeRunsPer9': '0.00', 'inheritedRunners': 4, 'inheritedRunnersScored': 2, 'catchersInterference': 0, 'sacBunts': 0, 'sacFlies': 0}, 'team': {'id': 147, 'name': 'New York Yankees', 'link': '/api/v1/teams/147'}, 'player': {'id': 670167, 'fullName': 'John Schreiber', 'link': '/api/v1/people/670167'}, 'league': {'id': 103, 'name': 'American League', 'link': '/api/v1/league/103'}, 'sport': {'id': 1, 'link': '/api/v1/sports/1', 'abbreviation': 'MLB'}, 'gameType': 'R'}]",season,pitching
[],"[{'season': '2026', 'stat': {'age': 27, 'gamesPlayed': 20, 'gamesStarted': 0, 'groundOuts': 23, 'airOuts': 12, 'runs': 6, 'doubles': 5, 'triples': 1, 'homeRuns': 0, 'strikeOuts': 27, 'baseOnBalls': 7, 'intentionalWalks': 0, 'hits': 16, 'hitByPitch': 0, 'avg': '.205', 'atBats': 78, 'obp': '.271', 'slg': '.295', 'ops': '.566', 'caughtStealing': 0, 'stolenBases': 1, 'stolenBasePercentage': '1.000', 'caughtStealingPercentage': '.000', 'groundIntoDoublePlay': 3, 'numberOfPitches': 339, 'era': '2.11', 'inningsPitched': '21.1', 'wins': 0, 'losses': 0, 'saves': 2, 'saveOpportunities': 2, 'holds': 5, 'blownSaves': 0, 'earnedRuns': 5, 'whip': '1.08', 'battersFaced': 85, 'outs': 64, 'gamesPitched': 20, 'completeGames': 0, 'shutouts': 0, 'strikes': 222, 'strikePercentage': '.650', 'hitBatsmen': 0, 'balks': 0, 'wildPitches': 1, 'pickoffs': 0, 'totalBases': 23, 'groundOutsToAirouts': '1.92', 'winPercentage': '.---', 'pitchesPerInning': '15.89', 'gamesFinished': 6, 'strikeoutWalkRatio': '3.86', 'strikeoutsPer9Inn': '11.39', 'walksPer9Inn': '2.95', 'hitsPer9Inn': '6.75', 'runsScoredPer9': '2.53', 'homeRunsPer9': '0.00', 'inheritedRunners': 6, 'inheritedRunnersScored': 2, 'catchersInterference': 0, 'sacBunts': 0, 'sacFlies': 0}, 'team': {'id': 137, 'name': 'San Francisco Giants', 'link': '/api/v1/teams/137'}, 'player': {'id': 805345, 'fullName': 'Trent Harris', 'link': '/api/v1/people/805345'}, 'league': {'id': 104, 'name': 'National League', 'link': '/api/v1/league/104'}, 'sport': {'id': 1, 'link': '/api/v1/sports/1', 'abbreviation': 'MLB'}, 'gameType': 'R'}]",season,pitching
[],"[{'season': '2026', 'stat': {'age': 24, 'gamesPlayed': 2, 'gamesStarted': 0, 'groundOuts': 2, 'airOuts': 1, 'runs': 7, 'doubles': 0, 'triples': 1, 'homeRuns': 1, 'strikeOuts': 1, 'baseOnBalls': 1, 'intentionalWalks': 0, 'hits': 5, 'hitByPitch': 1, 'avg': '.556', 'atBats': 9, 'obp': '.636', 'slg': '1.111', 'ops': '1.747', 'caughtStealing': 0, 'stolenBases': 0, 'stolenBasePercentage': '.---', 'caughtStealingPercentage': '.---', 'groundIntoDoublePlay': 0, 'numberOfPitches': 43, 'era': '47.25', 'inningsPitched': '1.1', 'wins': 0, 'losses': 0, 'saves': 0, 'saveOpportunities': 0, 'holds': 1, 'blownSaves': 0, 'earnedRuns': 7, 'whip': '4.50', 'battersFaced': 11, 'outs': 4, 'gamesPitched': 2, 'completeGames': 0, 'shutouts': 0, 'strikes': 26, 'strikePercentage': '.600', 'hitBatsmen': 1, 'balks': 0, 'wildPitches': 1, 'pickoffs': 0, 'totalBases': 10, 'groundOutsToAirouts': '2.00', 'winPercentage': '.---', 'pitchesPerInning': '32.25', 'gamesFinished': 0, 'strikeoutWalkRatio': '1.00', 'strikeoutsPer9Inn': '6.75', 'walksPer9Inn': '6.75', 'hitsPer9Inn': '33.75', 'runsScoredPer9': '47.25', 'homeRunsPer9': '6.75', 'inheritedRunners': 0, 'inheritedRunnersScored': 0, 'catchersInterference': 0, 'sacBunts': 0, 'sacFlies': 0}, 'team': {'id': 138, 'name': 'St. Louis Cardinals', 'link': '/api/v1/teams/138'}, 'player': {'id': 684516, 'fullName': 'Hancel Rincon', 'link': '/api/v1/people/684516'}, 'league': {'id': 104, 'name': 'National League', 'link': '/api/v1/league/104'}, 'sport': {'id': 1, 'link': '/api/v1/sports/1', 'abbreviation': 'MLB'}, 'gameType': 'R'}]",season,pitching
[],"[{'season': '2026', 'stat': {'age': 25, 'gamesPlayed': 24, 'gamesStarted': 0, 'groundOuts': 18, 'airOuts': 30, 'runs': 16, 'doubles': 4, 'triples': 0, 'homeRuns': 2, 'strikeOuts': 23, 'baseOnBalls': 19, 'intentionalWalks': 1, 'hits': 17, 'hitByPitch': 6, 'avg': '.193', 'atBats': 88, 'obp': '.372', 'slg': '.307', 'ops': '.679', 'caughtStealing': 2, 'stolenBases': 4, 'stolenBasePercentage': '.667', 'caughtStealingPercentage': '.333', 'groundIntoDoublePlay': 2, 'numberOfPitches': 480, 'era': '5.40', 'inningsPitched': '25.0', 'wins': 1, 'losses': 1, 'saves': 0, 'saveOpportunities': 0, 'holds': 0, 'blownSaves': 0, 'earnedRuns': 15, 'whip': '1.44', 'battersFaced': 113, 'outs': 75, 'gamesPitched': 24, 'completeGames': 0, 'shutouts': 0, 'strikes': 280, 'strikePercentage': '.580', 'hitBatsmen': 6, 'balks': 0, 'wildPitches': 1, 'pickoffs': 0, 'totalBases': 27, 'groundOutsToAirouts': '0.60', 'winPercentage': '.500', 'pitchesPerInning': '19.20', 'gamesFinished': 10, 'strikeoutWalkRatio': '1.21', 'strikeoutsPer9Inn': '8.28', 'walksPer9Inn': '6.84', 'hitsPer9Inn': '6.12', 'runsScoredPer9': '5.76', 'homeRunsPer9': '0.72', 'inheritedRunners': 8, 'inheritedRunnersScored': 0, 'catchersInterference': 0, 'sacBunts': 0, 'sacFlies': 0}, 'team': {'id': 140, 'name': 'Texas Rangers', 'link': '/api/v1/teams/140'}, 'player': {'id': 686560, 'fullName': 'Gavin Collyer', 'link': '/api/v1/people/686560'}, 'league': {'id': 103, 'name': 'American League', 'link': '/api/v1/league/103'}, 'sport': {'id': 1, 'link': '/api/v1/sports/1', 'abbreviation': 'MLB'}, 'gameType': 'R'}]",season,pitching
[],"[{'season': '2026', 'stat': {'age': 27, 'gamesPlayed': 26, 'gamesStarted': 11, 'groundOuts': 152, 'airOuts': 93, 'runs': 61, 'doubles': 17, 'triples': 1, 'homeRuns': 12, 'strikeOuts': 92, 'baseOnBalls': 36, 'intentionalWalks': 2, 'hits': 123, 'hitByPitch': 7, 'avg': '.272', 'atBats': 452, 'obp': '.331', 'slg': '.394', 'ops': '.725', 'caughtStealing': 3, 'stolenBases': 13, 'stolenBasePercentage': '.813', 'caughtStealingPercentage': '.188', 'groundIntoDoublePlay': 10, 'numberOfPitches': 1906, 'era': '4.33', 'inningsPitched': '116.1', 'wins': 6, 'losses': 7, 'saves': 1, 'saveOpportunities': 1, 'holds': 0, 'blownSaves': 0, 'earnedRuns': 56, 'whip': '1.37', 'battersFaced': 503, 'outs': 349, 'gamesPitched': 26, 'completeGames': 0, 'shutouts': 0, 'strikes': 1230, 'strikePercentage': '.650', 'hitBatsmen': 7, 'balks': 0, 'wildPitches': 2, 'pickoffs': 0, 'totalBases': 178, 'groundOutsToAirouts': '1.63', 'winPercentage': '.462', 'pitchesPerInning': '16.38', 'gamesFinished': 4, 'strikeoutWalkRatio': '2.56', 'strikeoutsPer9Inn': '7.12', 'walksPer9Inn': '2.79', 'hitsPer9Inn': '9.52', 'runsScoredPer9': '4.72', 'homeRunsPer9': '0.93', 'inheritedRunners': 6, 'inheritedRunnersScored': 0, 'catchersInterference': 0, 'sacBunts': 1, 'sacFlies': 7}, 'team': {'id': 111, 'name': 'Boston Red Sox', 'link': '/api/v1/teams/111'}, 'player': {'id': 678394, 'fullName': 'Brayan Bello', 'link': '/api/v1/people/678394'}, 'league': {'id': 103, 'name': 'American League', 'link': '/api/v1/league/103'}, 'sport': {'id': 1, 'link': '/api/v1/sports/1', 'abbreviation': 'MLB'}, 'gameType': 'R'}]",season,pitching
[],"[{'season': '2026', 'stat': {'age': 32, 'gamesPlayed': 1, 'gamesStarted': 0, 'groundOuts': 2, 'airOuts': 1, 'runs': 5, 'doubles': 1, 'triples': 0, 'homeRuns': 1, 'strikeOuts': 5, 'baseOnBalls': 3, 'intentionalWalks': 0, 'hits': 4, 'hitByPitch': 0, 'avg': '.333', 'atBats': 12, 'obp': '.467', 'slg': '.667', 'ops': '1.134', 'caughtStealing': 0, 'stolenBases': 0, 'stolenBasePercentage': '.---', 'caughtStealingPercentage': '.---', 'groundIntoDoublePlay': 0, 'numberOfPitches': 63, 'era': '16.88', 'inningsPitched': '2.2', 'wins': 0, 'losses': 0, 'saves': 0, 'saveOpportunities': 0, 'holds': 0, 'blownSaves': 0, 'earnedRuns': 5, 'whip': '2.63', 'battersFaced': 15, 'outs': 8, 'gamesPitched': 1, 'completeGames': 0, 'shutouts': 0, 'strikes': 35, 'strikePercentage': '.560', 'hitBatsmen': 0, 'balks': 0, 'wildPitches': 0, 'pickoffs': 0, 'totalBases': 8, 'groundOutsToAirouts': '2.00', 'winPercentage': '.---', 'pitchesPerInning': '23.63', 'gamesFinished': 0, 'strikeoutWalkRatio': '1.67', 'strikeoutsPer9Inn': '16.88', 'walksPer9Inn': '10.13', 'hitsPer9Inn': '13.50', 'runsScoredPer9': '16.88', 'homeRunsPer9': '3.38', 'inheritedRunners': 0, 'inheritedRunnersScored': 0, 'catchersInterference': 0, 'sacBunts': 0, 'sacFlies': 0}, 'team': {'id': 118, 'name': 'Kansas City Royals', 'link': '/api/v1/teams/118'}, 'player': {'id': 664062, 'fullName': 'Tony Gonsolin', 'link': '/api/v1/people/664062'}, 'league': {'id': 103, 'name': 'American League', 'link': '/api/v1/league/103'}, 'sport': {'id': 1, 'link': '/api/v1/sports/1', 'abbreviation': 'MLB'}, 'gameType': 'R'}]",season,pitching
[],"[{'season': '2026', 'stat': {'age': 25, 'gamesPlayed': 41, 'gamesStarted': 3, 'groundOuts': 95, 'airOuts': 112, 'runs': 64, 'doubles': 28, 'triples': 3, 'homeRuns': 10, 'strikeOuts': 58, 'baseOnBalls': 35, 'intentionalWalks': 2, 'hits': 102, 'hitByPitch': 5, 'avg': '.285', 'atBats': 358, 'obp': '.350', 'slg': '.464', 'ops': '.814', 'caughtStealing': 3, 'stolenBases': 7, 'stolenBasePercentage': '.700', 'caughtStealingPercentage': '.300', 'groundIntoDoublePlay': 9, 'numberOfPitches': 1502, 'era': '5.93', 'inningsPitched': '91.0', 'wins': 0, 'losses': 2, 'saves': 2, 'saveOpportunities': 2, 'holds': 1, 'blownSaves': 0, 'earnedRuns': 60, 'whip': '1.51', 'battersFaced': 407, 'outs': 273, 'gamesPitched': 41, 'completeGames': 0, 'shutouts': 0, 'strikes': 956, 'strikePercentage': '.640', 'hitBatsmen': 5, 'balks': 0, 'wildPitches': 2, 'pickoffs': 0, 'totalBases': 166, 'groundOutsToAirouts': '0.85', 'winPercentage': '.000', 'pitchesPerInning': '16.51', 'gamesFinished': 15, 'strikeoutWalkRatio': '1.66', 'strikeoutsPer9Inn': '5.74', 'walksPer9Inn': '3.46', 'hitsPer9Inn': '10.09', 'runsScoredPer9': '6.33', 'homeRunsPer9': '0.99', 'inheritedRunners': 12, 'inheritedRunnersScored': 4, 'catchersInterference': 0, 'sacBunts': 1, 'sacFlies': 8}, 'team': {'id': 115, 'name': 'Colorado Rockies', 'link': '/api/v1/teams/115'}, 'player': {'id': 688642, 'fullName': 'Zach Agnos', 'link': '/api/v1/people/688642'}, 'league': {'id': 104, 'name': 'National League', 'link': '/api/v1/league/104'}, 'sport': {'id': 1, 'link': '/api/v1/sports/1', 'abbreviation': 'MLB'}, 'gameType': 'R'}]",season,pitching
[],"[{'season': '2026', 'stat': {'age': 35, 'gamesPlayed': 35, 'gamesStarted': 11, 'groundOuts': 81, 'airOuts': 97, 'runs': 50, 'doubles': 15, 'triples': 2, 'homeRuns': 15, 'strikeOuts': 60, 'baseOnBalls': 25, 'intentionalWalks': 0, 'hits': 74, 'hitByPitch': 2, 'avg': '.240', 'atBats': 308, 'obp': '.299', 'slg': '.448', 'ops': '.747', 'caughtStealing': 0, 'stolenBases': 8, 'stolenBasePercentage': '1.000', 'caughtStealingPercentage': '.000', 'groundIntoDoublePlay': 4, 'numberOfPitches': 1335, 'era': '5.56', 'inningsPitched': '79.1', 'wins': 5, 'losses': 6, 'saves': 1, 'saveOpportunities': 2, 'holds': 1, 'blownSaves': 1, 'earnedRuns': 49, 'whip': '1.25', 'battersFaced': 339, 'outs': 238, 'gamesPitched': 35, 'completeGames': 0, 'shutouts': 0, 'strikes': 870, 'strikePercentage': '.650', 'hitBatsmen': 2, 'balks': 0, 'wildPitches': 3, 'pickoffs': 0, 'totalBases': 138, 'groundOutsToAirouts': '0.84', 'winPercentage': '.455', 'pitchesPerInning': '16.83', 'gamesFinished': 7, 'strikeoutWalkRatio': '2.40', 'strikeoutsPer9Inn': '6.81', 'walksPer9Inn': '2.84', 'hitsPer9Inn': '8.39', 'runsScoredPer9': '5.67', 'homeRunsPer9': '1.70', 'inheritedRunners': 8, 'inheritedRunnersScored': 3, 'catchersInterference': 0, 'sacBunts': 1, 'sacFlies': 3}, 'team': {'id': 139, 'name': 'Tampa Bay Rays', 'link': '/api/v1/teams/139'}, 'player': {'id': 571927, 'fullName': 'Steven Matz', 'link': '/api/v1/people/571927'}, 'league': {'id': 103, 'name': 'American League', 'link': '/api/v1/league/103'}, 'sport': {'id': 1, 'link': '/api/v1/sports/1', 'abbreviation': 'MLB'}, 'gameType': 'R'}]",season,pitching
[],"[{'season': '2026', 'stat': {'age': 36, 'gamesPlayed': 29, 'gamesStarted': 29, 'groundOuts': 166, 'airOuts': 169, 'runs': 52, 'doubles': 35, 'triples': 1, 'homeRuns': 16, 'strikeOuts': 149, 'baseOnBalls': 46, 'intentionalWalks': 0, 'hits': 148, 'hitByPitch': 5, 'avg': '.236', 'atBats': 627, 'obp': '.292', 'slg': '.372', 'ops': '.664', 'caughtStealing': 3, 'stolenBases': 18, 'stolenBasePercentage': '.857', 'caughtStealingPercentage': '.143', 'groundIntoDoublePlay': 14, 'numberOfPitches': 2474, 'era': '2.72', 'inningsPitched': '169.0', 'wins': 18, 'losses': 5, 'saves': 0, 'saveOpportunities': 0, 'holds': 0, 'blownSaves': 0, 'earnedRuns': 51, 'whip': '1.15', 'battersFaced': 683, 'outs': 507, 'gamesPitched': 29, 'completeGames': 0, 'shutouts': 0, 'strikes': 1589, 'strikePercentage': '.640', 'hitBatsmen': 5, 'balks': 1, 'wildPitches': 1, 'pickoffs': 1, 'totalBases': 233, 'groundOutsToAirouts': '0.98', 'winPercentage': '.783', 'pitchesPerInning': '14.64', 'gamesFinished': 0, 'strikeoutWalkRatio': '3.24', 'strikeoutsPer9Inn': '7.93', 'walksPer9Inn': '2.45', 'hitsPer9Inn': '7.88', 'runsScoredPer9': '2.77', 'homeRunsPer9': '0.85', 'inheritedRunners': 0, 'inheritedRunnersScored': 0, 'catchersInterference': 0, 'sacBunts': 2, 'sacFlies': 3}, 'team': {'id': 111, 'name': 'Boston Red Sox', 'link': '/api/v1/teams/111'}, 'player': {'id': 543243, 'fullName': 'Sonny Gray', 'link': '/api/v1/people/543243'}, 'league': {'id': 103, 'name': 'American League', 'link': '/api/v1/league/103'}, 'sport': {'id': 1, 'link': '/api/v1/sports/1', 'abbreviation': 'MLB'}, 'gameType': 'R'}]",season,pitching
[],"[{'season': '2026', 'stat': {'age': 24, 'gamesPlayed': 29, 'gamesStarted': 0, 'groundOuts': 25, 'airOuts': 38, 'runs': 16, 'doubles': 3, 'triples': 0, 'homeRuns': 2, 'strikeOuts': 23, 'baseOnBalls': 20, 'intentionalWalks': 2, 'hits': 23, 'hitByPitch': 2, 'avg': '.217', 'atBats': 106, 'obp': '.349', 'slg': '.302', 'ops': '.651', 'caughtStealing': 1, 'stolenBases': 1, 'stolenBasePercentage': '.500', 'caughtStealingPercentage': '.500', 'groundIntoDoublePlay': 3, 'numberOfPitches': 535, 'era': '3.34', 'inningsPitched': '29.2', 'wins': 3, 'losses': 4, 'saves': 1, 'saveOpportunities': 4, 'holds': 2, 'blownSaves': 3, 'earnedRuns': 11, 'whip': '1.45', 'battersFaced': 131, 'outs': 89, 'gamesPitched': 29, 'completeGames': 0, 'shutouts': 0, 'strikes': 331, 'strikePercentage': '.620', 'hitBatsmen': 2, 'balks': 0, 'wildPitches': 6, 'pickoffs': 0, 'totalBases': 32, 'groundOutsToAirouts': '0.66', 'winPercentage': '.429', 'pitchesPerInning': '18.03', 'gamesFinished': 7, 'strikeoutWalkRatio': '1.15', 'strikeoutsPer9Inn': '6.98', 'walksPer9Inn': '6.07', 'hitsPer9Inn': '6.98', 'runsScoredPer9': '4.85', 'homeRunsPer9': '0.61', 'inheritedRunners': 8, 'inheritedRunnersScored': 4, 'catchersInterference': 0, 'sacBunts': 2, 'sacFlies': 1}, 'team': {'id': 146, 'name': 'Miami Marlins', 'link': '/api/v1/teams/146'}, 'player': {'id': 694795, 'fullName': 'Josh Ekness', 'link': '/api/v1/people/694795'}, 'league': {'id': 104, 'name': 'National League', 'link': '/api/v1/league/104'}, 'sport': {'id': 1, 'link': '/api/v1/sports/1', 'abbreviation': 'MLB'}, 'gameType': 'R'}]",season,pitching
[],"[{'season': '2026', 'stat': {'age': 32, 'gamesPlayed': 36, 'gamesStarted': 0, 'groundOuts': 42, 'airOuts': 34, 'runs': 31, 'doubles': 5, 'triples': 0, 'homeRuns': 6, 'strikeOuts': 47, 'baseOnBalls': 16, 'intentionalWalks': 0, 'hits': 38, 'hitByPitch': 2, 'avg': '.238', 'atBats': 160, 'obp': '.315', 'slg': '.381', 'ops': '.696', 'caughtStealing': 0, 'stolenBases': 4, 'stolenBasePercentage': '1.000', 'caughtStealingPercentage': '.000', 'groundIntoDoublePlay': 4, 'numberOfPitches': 724, 'era': '5.79', 'inningsPitched': '42.0', 'wins': 1, 'losses': 4, 'saves': 0, 'saveOpportunities': 1, 'holds': 1, 'blownSaves': 1, 'earnedRuns': 27, 'whip': '1.29', 'battersFaced': 179, 'outs': 126, 'gamesPitched': 36, 'completeGames': 0, 'shutouts': 0, 'strikes': 468, 'strikePercentage': '.650', 'hitBatsmen': 2, 'balks': 0, 'wildPitches': 1, 'pickoffs': 0, 'totalBases': 61, 'groundOutsToAirouts': '1.24', 'winPercentage': '.200', 'pitchesPerInning': '17.24', 'gamesFinished': 13, 'strikeoutWalkRatio': '2.94', 'strikeoutsPer9Inn': '10.07', 'walksPer9Inn': '3.43', 'hitsPer9Inn': '8.14', 'runsScoredPer9': '6.64', 'homeRunsPer9': '1.29', 'inheritedRunners': 5, 'inheritedRunnersScored': 0, 'catchersInterference': 0, 'sacBunts': 1, 'sacFlies': 0}, 'team': {'id': 136, 'name': 'Seattle Mariners', 'link': '/api/v1/teams/136'}, 'player': {'id': 621074, 'fullName': 'Michael Rucker', 'link': '/api/v1/people/621074'}, 'league': {'id': 103, 'name': 'American League', 'link': '/api/v1/league/103'}, 'sport': {'id': 1, 'link': '/api/v1/sports/1', 'abbreviation': 'MLB'}, 'gameType': 'R'}]",season,pitching
[],"[{'season': '2026', 'stat': {'age': 27, 'gamesPlayed': 20, 'gamesStarted': 20, 'groundOuts': 117, 'airOuts': 70, 'runs': 42, 'doubles': 10, 'triples': 0, 'homeRuns': 11, 'strikeOuts': 124, 'baseOnBalls': 55, 'intentionalWalks': 0, 'hits': 81, 'hitByPitch': 4, 'avg': '.208', 'atBats': 390, 'obp': '.311', 'slg': '.318', 'ops': '.629', 'caughtStealing': 7, 'stolenBases': 18, 'stolenBasePercentage': '.720', 'caughtStealingPercentage': '.280', 'groundIntoDoublePlay': 10, 'numberOfPitches': 1881, 'era': '3.19', 'inningsPitched': '107.1', 'wins': 6, 'losses': 4, 'saves': 0, 'saveOpportunities': 0, 'holds': 0, 'blownSaves': 0, 'earnedRuns': 38, 'whip': '1.27', 'battersFaced': 451, 'outs': 322, 'gamesPitched': 20, 'completeGames': 0, 'shutouts': 0, 'strikes': 1140, 'strikePercentage': '.610', 'hitBatsmen': 4, 'balks': 0, 'wildPitches': 3, 'pickoffs': 0, 'totalBases': 124, 'groundOutsToAirouts': '1.67', 'winPercentage': '.600', 'pitchesPerInning': '17.52', 'gamesFinished': 0, 'strikeoutWalkRatio': '2.25', 'strikeoutsPer9Inn': '10.40', 'walksPer9Inn': '4.61', 'hitsPer9Inn': '6.79', 'runsScoredPer9': '3.52', 'homeRunsPer9': '0.92', 'inheritedRunners': 0, 'inheritedRunnersScored': 0, 'catchersInterference': 0, 'sacBunts': 1, 'sacFlies': 1}, 'team': {'id': 117, 'name': 'Houston Astros', 'link': '/api/v1/teams/117'}, 'player': {'id': 686613, 'fullName': 'Hunter Brown', 'link': '/api/v1/people/686613'}, 'league': {'id': 103, 'name': 'American League', 'link': '/api/v1/league/103'}, 'sport': {'id': 1, 'link': '/api/v1/sports/1', 'abbreviation': 'MLB'}, 'gameType': 'R'}]",season,pitching
[],"[{'season': '2026', 'stat': {'age': 35, 'gamesPlayed': 13, 'gamesStarted': 0, 'groundOuts': 8, 'airOuts': 22, 'runs': 2, 'doubles': 3, 'triples': 0, 'homeRuns': 0, 'strikeOuts': 7, 'baseOnBalls': 2, 'intentionalWalks': 0, 'hits': 9, 'hitByPitch': 0, 'avg': '.205', 'atBats': 44, 'obp': '.234', 'slg': '.273', 'ops': '.507', 'caughtStealing': 0, 'stolenBases': 0, 'stolenBasePercentage': '.---', 'caughtStealingPercentage': '.---', 'groundIntoDoublePlay': 2, 'numberOfPitches': 186, 'era': '0.00', 'inningsPitched': '13.0', 'wins': 1, 'losses': 1, 'saves': 0, 'saveOpportunities': 0, 'holds': 2, 'blownSaves': 0, 'earnedRuns': 0, 'whip': '0.85', 'battersFaced': 48, 'outs': 39, 'gamesPitched': 13, 'completeGames': 0, 'shutouts': 0, 'strikes': 127, 'strikePercentage': '.680', 'hitBatsmen': 0, 'balks': 0, 'wildPitches': 1, 'pickoffs': 0, 'totalBases': 12, 'groundOutsToAirouts': '0.36', 'winPercentage': '.500', 'pitchesPerInning': '14.31', 'gamesFinished': 3, 'strikeoutWalkRatio': '3.50', 'strikeoutsPer9Inn': '4.85', 'walksPer9Inn': '1.38', 'hitsPer9Inn': '6.23', 'runsScoredPer9': '1.38', 'homeRunsPer9': '0.00', 'inheritedRunners': 10, 'inheritedRunnersScored': 3, 'catchersInterference': 0, 'sacBunts': 1, 'sacFlies': 1}, 'team': {'id': 118, 'name': 'Kansas City Royals', 'link': '/api/v1/teams/118'}, 'player': {'id': 543238, 'fullName': 'Anthony Gose', 'link': '/api/v1/people/543238'}, 'league': {'id': 103, 'name': 'American League', 'link': '/api/v1/league/103'}, 'sport': {'id': 1, 'link': '/api/v1/sports/1', 'abbreviation': 'MLB'}, 'gameType': 'R'}]",season,pitching
[],"[{'season': '2026', 'stat': {'age': 27, 'gamesPlayed': 3, 'gamesStarted': 0, 'groundOuts': 5, 'airOuts': 3, 'runs': 2, 'doubles': 0, 'triples': 0, 'homeRuns': 0, 'strikeOuts': 3, 'baseOnBalls': 0, 'intentionalWalks': 0, 'hits': 6, 'hitByPitch': 1, 'avg': '.353', 'atBats': 17, 'obp': '.389', 'slg': '.353', 'ops': '.742', 'caughtStealing': 0, 'stolenBases': 1, 'stolenBasePercentage': '1.000', 'caughtStealingPercentage': '.000', 'groundIntoDoublePlay': 0, 'numberOfPitches': 76, 'era': '4.91', 'inningsPitched': '3.2', 'wins': 0, 'losses': 0, 'saves': 0, 'saveOpportunities': 0, 'holds': 0, 'blownSaves': 0, 'earnedRuns': 2, 'whip': '1.64', 'battersFaced': 18, 'outs': 11, 'gamesPitched': 3, 'completeGames': 0, 'shutouts': 0, 'strikes': 53, 'strikePercentage': '.700', 'hitBatsmen': 1, 'balks': 0, 'wildPitches': 0, 'pickoffs': 0, 'totalBases': 6, 'groundOutsToAirouts': '1.67', 'winPercentage': '.---', 'pitchesPerInning': '20.73', 'gamesFinished': 1, 'strikeoutWalkRatio': '-.--', 'strikeoutsPer9Inn': '7.36', 'walksPer9Inn': '0.00', 'hitsPer9Inn': '14.73', 'runsScoredPer9': '4.91', 'homeRunsPer9': '0.00', 'inheritedRunners': 2, 'inheritedRunnersScored': 2, 'catchersInterference': 0, 'sacBunts': 0, 'sacFlies': 0}, 'team': {'id': 137, 'name': 'San Francisco Giants', 'link': '/api/v1/teams/137'}, 'player': {'id': 694820, 'fullName': 'Braxton Roxby', 'link': '/api/v1/people/694820'}, 'league': {'id': 104, 'name': 'National League', 'link': '/api/v1/league/104'}, 'sport': {'id': 1, 'link': '/api/v1/sports/1', 'abbreviation': 'MLB'}, 'gameType': 'R'}]",season,pitching
[],"[{'season': '2026', 'stat': {'age': 24, 'gamesPlayed': 29, 'gamesStarted': 29, 'groundOuts': 123, 'airOuts': 131, 'runs': 43, 'doubles': 8, 'triples': 2, 'homeRuns': 14, 'strikeOuts': 247, 'baseOnBalls': 42, 'intentionalWalks': 0, 'hits': 94, 'hitByPitch': 9, 'avg': '.159', 'atBats': 593, 'obp': '.225', 'slg': '.250', 'ops': '.475', 'caughtStealing': 1, 'stolenBases': 2, 'stolenBasePercentage': '.667', 'caughtStealingPercentage': '.333', 'groundIntoDoublePlay': 10, 'numberOfPitches': 2579, 'era': '1.86', 'inningsPitched': '169.1', 'wins': 15, 'losses': 5, 'saves': 0, 'saveOpportunities': 0, 'holds': 0, 'blownSaves': 0, 'earnedRuns': 35, 'whip': '0.80', 'battersFaced': 646, 'outs': 508, 'gamesPitched': 29, 'completeGames': 1, 'shutouts': 1, 'strikes': 1745, 'strikePercentage': '.680', 'hitBatsmen': 9, 'balks': 1, 'wildPitches': 5, 'pickoffs': 0, 'totalBases': 148, 'groundOutsToAirouts': '0.94', 'winPercentage': '.750', 'pitchesPerInning': '15.23', 'gamesFinished': 0, 'strikeoutWalkRatio': '5.88', 'strikeoutsPer9Inn': '13.13', 'walksPer9Inn': '2.23', 'hitsPer9Inn': '5.00', 'runsScoredPer9': '2.29', 'homeRunsPer9': '0.74', 'inheritedRunners': 0, 'inheritedRunnersScored': 0, 'catchersInterference': 0, 'sacBunts': 1, 'sacFlies': 1}, 'team': {'id': 158, 'name': 'Milwaukee Brewers', 'link': '/api/v1/teams/158'}, 'player': {'id': 694819, 'fullName': 'Jacob Misiorowski', 'link': '/api/v1/people/694819'}, 'league': {'id': 104, 'name': 'National League', 'link': '/api/v1/league/104'}, 'sport': {'id': 1, 'link': '/api/v1/sports/1', 'abbreviation': 'MLB'}, 'gameType': 'R'}]",season,pitching
[],"[{'season': '2026', 'stat': {'age': 28, 'gamesPlayed': 53, 'gamesStarted': 0, 'groundOuts': 69, 'airOuts': 79, 'runs': 33, 'doubles': 14, 'triples': 2, 'homeRuns': 8, 'strikeOuts': 65, 'baseOnBalls': 23, 'intentionalWalks': 2, 'hits': 68, 'hitByPitch': 3, 'avg': '.245', 'atBats': 277, 'obp': '.308', 'slg': '.397', 'ops': '.705', 'caughtStealing': 0, 'stolenBases': 4, 'stolenBasePercentage': '1.000', 'caughtStealingPercentage': '.000', 'groundIntoDoublePlay': 4, 'numberOfPitches': 1138, 'era': '4.00', 'inningsPitched': '72.0', 'wins': 1, 'losses': 1, 'saves': 4, 'saveOpportunities': 6, 'holds': 8, 'blownSaves': 2, 'earnedRuns': 32, 'whip': '1.26', 'battersFaced': 307, 'outs': 216, 'gamesPitched': 53, 'completeGames': 0, 'shutouts': 0, 'strikes': 742, 'strikePercentage': '.650', 'hitBatsmen': 3, 'balks': 0, 'wildPitches': 3, 'pickoffs': 0, 'totalBases': 110, 'groundOutsToAirouts': '0.87', 'winPercentage': '.500', 'pitchesPerInning': '15.81', 'gamesFinished': 28, 'strikeoutWalkRatio': '2.83', 'strikeoutsPer9Inn': '8.13', 'walksPer9Inn': '2.88', 'hitsPer9Inn': '8.50', 'runsScoredPer9': '4.13', 'homeRunsPer9': '1.00', 'inheritedRunners': 12, 'inheritedRunnersScored': 3, 'catchersInterference': 0, 'sacBunts': 2, 'sacFlies': 2}, 'player': {'id': 670245, 'fullName': 'Ryan Watson', 'link': '/api/v1/people/670245'}, 'league': {'id': 103, 'name': 'American League', 'link': '/api/v1/league/103'}, 'sport': {'id': 1, 'link': '/api/v1/sports/1', 'abbreviation': 'MLB'}, 'gameType': 'R', 'numTeams': 2}, {'season': '2026', 'stat': {'age': 28, 'gamesPlayed': 18, 'gamesStarted': 0, 'groundOuts': 14, 'airOuts': 13, 'runs': 5, 'doubles': 3, 'triples': 0, 'homeRuns': 0, 'strikeOuts': 22, 'baseOnBalls': 4, 'intentionalWalks': 2, 'hits': 14, 'hitByPitch': 0, 'avg': '.226', 'atBats': 62, 'obp': '.269', 'slg': '.274', 'ops': '.543', 'caughtStealing': 0, 'stolenBases': 1, 'stolenBasePercentage': '1.000', 'caughtStealingPercentage': '.000', 'groundIntoDoublePlay': 1, 'numberOfPitches': 250, 'era': '2.20', 'inningsPitched': '16.1', 'wins': 0, 'losses': 1, 'saves': 3, 'saveOpportunities': 5, 'holds': 7, 'blownSaves': 2, 'earnedRuns': 4, 'whip': '1.10', 'battersFaced': 67, 'outs': 49, 'gamesPitched': 18, 'completeGames': 0, 'shutouts': 0, 'strikes': 172, 'strikePercentage': '.690', 'hitBatsmen': 0, 'balks': 0, 'wildPitches': 2, 'pickoffs': 0, 'totalBases': 17, 'groundOutsToAirouts': '1.08', 'winPercentage': '.000', 'pitchesPerInning': '15.31', 'gamesFinished': 5, 'strikeoutWalkRatio': '5.50', 'strikeoutsPer9Inn': '12.12', 'walksPer9Inn': '2.20', 'hitsPer9Inn': '7.71', 'runsScoredPer9': '2.76', 'homeRunsPer9': '0.00', 'inheritedRunners': 4, 'inheritedRunnersScored': 0, 'catchersInterference': 0, 'sacBunts': 0, 'sacFlies': 1}, 'team': {'id': 108, 'name': 'Los Angeles Angels', 'link': '/api/v1/teams/108'}, 'player': {'id': 670245, 'fullName': 'Ryan Watson', 'link': '/api/v1/people/670245'}, 'league': {'id': 103, 'name': 'American League', 'link': '/api/v1/league/103'}, 'sport': {'id': 1, 'link': '/api/v1/sports/1', 'abbreviation': 'MLB'}, 'gameType': 'R'}, {'season': '2026', 'stat': {'age': 28, 'gamesPlayed': 35, 'gamesStarted': 0, 'groundOuts': 55, 'airOuts': 66, 'runs': 28, 'doubles': 11, 'triples': 2, 'homeRuns': 8, 'strikeOuts': 43, 'baseOnBalls': 19, 'intentionalWalks': 0, 'hits': 54, 'hitByPitch': 3, 'avg': '.251', 'atBats': 215, 'obp': '.319', 'slg': '.433', 'ops': '.752', 'caughtStealing': 0, 'stolenBases': 3, 'stolenBasePercentage': '1.000', 'caughtStealingPercentage': '.000', 'groundIntoDoublePlay': 3, 'numberOfPitches': 888, 'era': '4.53', 'inningsPitched': '55.2', 'wins': 1, 'losses': 0, 'saves': 1, 'saveOpportunities': 1, 'holds': 1, 'blownSaves': 0, 'earnedRuns': 28, 'whip': '1.31', 'battersFaced': 240, 'outs': 167, 'gamesPitched': 35, 'completeGames': 0, 'shutouts': 0, 'strikes': 570, 'strikePercentage': '.640', 'hitBatsmen': 3, 'balks': 0, 'wildPitches': 1, 'pickoffs': 0, 'totalBases': 93, 'groundOutsToAirouts': '0.83', 'winPercentage': '1.000', 'pitchesPerInning': '15.95', 'gamesFinished': 23, 'strikeoutWalkRatio': '2.26', 'strikeoutsPer9Inn': '6.95', 'walksPer9Inn': '3.07', 'hitsPer9Inn': '8.73', 'runsScoredPer9': '4.53', 'homeRunsPer9': '1.29', 'inheritedRunners': 8, 'inheritedRunnersScored': 3, 'catchersInterference': 0, 'sacBunts': 2, 'sacFlies': 1}, 'team': {'id': 111, 'name': 'Boston Red Sox', 'link': '/api/v1/teams/111'}, 'player': {'id': 670245, 'fullName': 'Ryan Watson', 'link': '/api/v1/people/670245'}, 'league': {'id': 103, 'name': 'American League', 'link': '/api/v1/league/103'}, 'sport': {'id': 1, 'link': '/api/v1/sports/1', 'abbreviation': 'MLB'}, 'gameType': 'R'}]",season,pitching
[],"[{'season': '2026', 'stat': {'age': 32, 'gamesPlayed': 34, 'gamesStarted': 1, 'groundOuts': 55, 'airOuts': 46, 'runs': 14, 'doubles': 0, 'triples': 0, 'homeRuns': 6, 'strikeOuts': 33, 'baseOnBalls': 18, 'intentionalWalks': 0, 'hits': 23, 'hitByPitch': 2, 'avg': '.150', 'atBats': 153, 'obp': '.247', 'slg': '.268', 'ops': '.515', 'caughtStealing': 0, 'stolenBases': 5, 'stolenBasePercentage': '1.000', 'caughtStealingPercentage': '.000', 'groundIntoDoublePlay': 4, 'numberOfPitches': 648, 'era': '2.56', 'inningsPitched': '45.2', 'wins': 1, 'losses': 2, 'saves': 0, 'saveOpportunities': 1, 'holds': 5, 'blownSaves': 1, 'earnedRuns': 13, 'whip': '0.90', 'battersFaced': 177, 'outs': 137, 'gamesPitched': 34, 'completeGames': 0, 'shutouts': 0, 'strikes': 412, 'strikePercentage': '.640', 'hitBatsmen': 2, 'balks': 0, 'wildPitches': 2, 'pickoffs': 0, 'totalBases': 41, 'groundOutsToAirouts': '1.20', 'winPercentage': '.333', 'pitchesPerInning': '14.19', 'gamesFinished': 10, 'strikeoutWalkRatio': '1.83', 'strikeoutsPer9Inn': '6.50', 'walksPer9Inn': '3.55', 'hitsPer9Inn': '4.53', 'runsScoredPer9': '2.76', 'homeRunsPer9': '1.18', 'inheritedRunners': 8, 'inheritedRunnersScored': 1, 'catchersInterference': 0, 'sacBunts': 3, 'sacFlies': 1}, 'team': {'id': 116, 'name': 'Detroit Tigers', 'link': '/api/v1/teams/116'}, 'player': {'id': 621097, 'fullName': 'Jacob Waguespack', 'link': '/api/v1/people/621097'}, 'league': {'id': 103, 'name': 'American League', 'link': '/api/v1/league/103'}, 'sport': {'id': 1, 'link': '/api/v1/sports/1', 'abbreviation': 'MLB'}, 'gameType': 'R'}]",season,pitching
[],"[{'season': '2026', 'stat': {'age': 26, 'gamesPlayed': 32, 'gamesStarted': 32, 'groundOuts': 132, 'airOuts': 199, 'runs': 72, 'doubles': 26, 'triples': 2, 'homeRuns': 19, 'strikeOuts': 211, 'baseOnBalls': 48, 'intentionalWalks': 0, 'hits': 144, 'hitByPitch': 5, 'avg': '.213', 'atBats': 677, 'obp': '.267', 'slg': '.341', 'ops': '.608', 'caughtStealing': 2, 'stolenBases': 17, 'stolenBasePercentage': '.895', 'caughtStealingPercentage': '.105', 'groundIntoDoublePlay': 12, 'numberOfPitches': 2958, 'era': '3.36', 'inningsPitched': '185.0', 'wins': 7, 'losses': 8, 'saves': 0, 'saveOpportunities': 0, 'holds': 0, 'blownSaves': 0, 'earnedRuns': 69, 'whip': '1.04', 'battersFaced': 740, 'outs': 555, 'gamesPitched': 32, 'completeGames': 0, 'shutouts': 0, 'strikes': 1956, 'strikePercentage': '.660', 'hitBatsmen': 5, 'balks': 0, 'wildPitches': 4, 'pickoffs': 1, 'totalBases': 231, 'groundOutsToAirouts': '0.66', 'winPercentage': '.467', 'pitchesPerInning': '15.99', 'gamesFinished': 0, 'strikeoutWalkRatio': '4.40', 'strikeoutsPer9Inn': '10.26', 'walksPer9Inn': '2.34', 'hitsPer9Inn': '7.01', 'runsScoredPer9': '3.50', 'homeRunsPer9': '0.92', 'inheritedRunners': 0, 'inheritedRunnersScored': 0, 'catchersInterference': 1, 'sacBunts': 2, 'sacFlies': 7}, 'team': {'id': 108, 'name': 'Los Angeles Angels', 'link': '/api/v1/teams/108'}, 'player': {'id': 672282, 'fullName': 'Reid Detmers', 'link': '/api/v1/people/672282'}, 'league': {'id': 103, 'name': 'American League', 'link': '/api/v1/league/103'}, 'sport': {'id': 1, 'link': '/api/v1/sports/1', 'abbreviation': 'MLB'}, 'gameType': 'R'}]",season,pitching
[],"[{'season': '2026', 'stat': {'age': 29, 'gamesPlayed': 4, 'gamesStarted': 0, 'groundOuts': 4, 'airOuts': 2, 'runs': 2, 'doubles': 2, 'triples': 0, 'homeRuns': 1, 'strikeOuts': 8, 'baseOnBalls': 4, 'intentionalWalks': 1, 'hits': 5, 'hitByPitch': 1, 'avg': '.278', 'atBats': 18, 'obp': '.435', 'slg': '.556', 'ops': '.991', 'caughtStealing': 0, 'stolenBases': 2, 'stolenBasePercentage': '1.000', 'caughtStealingPercentage': '.000', 'groundIntoDoublePlay': 0, 'numberOfPitches': 96, 'era': '3.86', 'inningsPitched': '4.2', 'wins': 0, 'losses': 0, 'saves': 0, 'saveOpportunities': 0, 'holds': 2, 'blownSaves': 0, 'earnedRuns': 2, 'whip': '1.93', 'battersFaced': 24, 'outs': 14, 'gamesPitched': 4, 'completeGames': 0, 'shutouts': 0, 'strikes': 58, 'strikePercentage': '.600', 'hitBatsmen': 1, 'balks': 0, 'wildPitches': 0, 'pickoffs': 0, 'totalBases': 10, 'groundOutsToAirouts': '2.00', 'winPercentage': '.---', 'pitchesPerInning': '20.57', 'gamesFinished': 0, 'strikeoutWalkRatio': '2.00', 'strikeoutsPer9Inn': '15.43', 'walksPer9Inn': '7.71', 'hitsPer9Inn': '9.64', 'runsScoredPer9': '3.86', 'homeRunsPer9': '1.93', 'inheritedRunners': 2, 'inheritedRunnersScored': 2, 'catchersInterference': 0, 'sacBunts': 1, 'sacFlies': 0}, 'team': {'id': 139, 'name': 'Tampa Bay Rays', 'link': '/api/v1/teams/139'}, 'player': {'id': 655889, 'fullName': 'Manuel Rodríguez', 'link': '/api/v1/people/655889'}, 'league': {'id': 103, 'name': 'American League', 'link': '/api/v1/league/103'}, 'sport': {'id': 1, 'link': '/api/v1/sports/1', 'abbreviation': 'MLB'}, 'gameType': 'R'}]",season,pitching
[],"[{'season': '2026', 'stat': {'age': 28, 'gamesPlayed': 21, 'gamesStarted': 21, 'groundOuts': 117, 'airOuts': 108, 'runs': 60, 'doubles': 22, 'triples': 4, 'homeRuns': 20, 'strikeOuts': 83, 'baseOnBalls': 46, 'intentionalWalks': 0, 'hits': 115, 'hitByPitch': 17, 'avg': '.279', 'atBats': 412, 'obp': '.368', 'slg': '.498', 'ops': '.866', 'caughtStealing': 3, 'stolenBases': 17, 'stolenBasePercentage': '.850', 'caughtStealingPercentage': '.150', 'groundIntoDoublePlay': 15, 'numberOfPitches': 1899, 'era': '4.97', 'inningsPitched': '108.2', 'wins': 3, 'losses': 6, 'saves': 0, 'saveOpportunities': 0, 'holds': 0, 'blownSaves': 0, 'earnedRuns': 60, 'whip': '1.48', 'battersFaced': 486, 'outs': 326, 'gamesPitched': 21, 'completeGames': 0, 'shutouts': 0, 'strikes': 1168, 'strikePercentage': '.620', 'hitBatsmen': 17, 'balks': 1, 'wildPitches': 2, 'pickoffs': 1, 'totalBases': 205, 'groundOutsToAirouts': '1.08', 'winPercentage': '.333', 'pitchesPerInning': '17.48', 'gamesFinished': 0, 'strikeoutWalkRatio': '1.80', 'strikeoutsPer9Inn': '6.87', 'walksPer9Inn': '3.81', 'hitsPer9Inn': '9.52', 'runsScoredPer9': '4.97', 'homeRunsPer9': '1.66', 'inheritedRunners': 0, 'inheritedRunnersScored': 0, 'catchersInterference': 0, 'sacBunts': 2, 'sacFlies': 9}, 'team': {'id': 113, 'name': 'Cincinnati Reds', 'link': '/api/v1/teams/113'}, 'player': {'id': 666157, 'fullName': 'Nick Lodolo', 'link': '/api/v1/people/666157'}, 'league': {'id': 104, 'name': 'National League', 'link': '/api/v1/league/104'}, 'sport': {'id': 1, 'link': '/api/v1/sports/1', 'abbreviation': 'MLB'}, 'gameType': 'R'}]",season,pitching
[],"[{'season': '2026', 'stat': {'age': 31, 'gamesPlayed': 31, 'gamesStarted': 31, 'groundOuts': 154, 'airOuts': 144, 'runs': 77, 'doubles': 23, 'triples': 3, 'homeRuns': 21, 'strikeOuts': 128, 'baseOnBalls': 56, 'intentionalWalks': 2, 'hits': 145, 'hitByPitch': 6, 'avg': '.255', 'atBats': 569, 'obp': '.328', 'slg': '.417', 'ops': '.745', 'caughtStealing': 7, 'stolenBases': 12, 'stolenBasePercentage': '.632', 'caughtStealingPercentage': '.368', 'groundIntoDoublePlay': 12, 'numberOfPitches': 2535, 'era': '4.56', 'inningsPitched': '150.0', 'wins': 9, 'losses': 6, 'saves': 0, 'saveOpportunities': 0, 'holds': 0, 'blownSaves': 0, 'earnedRuns': 76, 'whip': '1.34', 'battersFaced': 633, 'outs': 450, 'gamesPitched': 31, 'completeGames': 0, 'shutouts': 0, 'strikes': 1594, 'strikePercentage': '.630', 'hitBatsmen': 6, 'balks': 0, 'wildPitches': 3, 'pickoffs': 2, 'totalBases': 237, 'groundOutsToAirouts': '1.07', 'winPercentage': '.600', 'pitchesPerInning': '16.90', 'gamesFinished': 0, 'strikeoutWalkRatio': '2.29', 'strikeoutsPer9Inn': '7.68', 'walksPer9Inn': '3.36', 'hitsPer9Inn': '8.70', 'runsScoredPer9': '4.62', 'homeRunsPer9': '1.26', 'inheritedRunners': 0, 'inheritedRunnersScored': 0, 'catchersInterference': 0, 'sacBunts': 1, 'sacFlies': 1}, 'team': {'id': 135, 'name': 'San Diego Padres', 'link': '/api/v1/teams/135'}, 'player': {'id': 621111, 'fullName': 'Walker Buehler', 'link': '/api/v1/people/621111'}, 'league': {'id': 104, 'name': 'National League', 'link': '/api/v1/league/104'}, 'sport': {'id': 1, 'link': '/api/v1/sports/1', 'abbreviation': 'MLB'}, 'gameType': 'R'}]",season,pitching
[],"[{'season': '2026', 'stat': {'age': 25, 'gamesPlayed': 43, 'gamesStarted': 0, 'groundOuts': 40, 'airOuts': 15, 'runs': 20, 'doubles': 2, 'triples': 0, 'homeRuns': 4, 'strikeOuts': 62, 'baseOnBalls': 14, 'intentionalWalks': 2, 'hits': 35, 'hitByPitch': 3, 'avg': '.233', 'atBats': 150, 'obp': '.311', 'slg': '.327', 'ops': '.638', 'caughtStealing': 0, 'stolenBases': 1, 'stolenBasePercentage': '1.000', 'caughtStealingPercentage': '.000', 'groundIntoDoublePlay': 4, 'numberOfPitches': 642, 'era': '3.63', 'inningsPitched': '39.2', 'wins': 2, 'losses': 4, 'saves': 0, 'saveOpportunities': 1, 'holds': 13, 'blownSaves': 1, 'earnedRuns': 16, 'whip': '1.24', 'battersFaced': 169, 'outs': 119, 'gamesPitched': 43, 'completeGames': 0, 'shutouts': 0, 'strikes': 438, 'strikePercentage': '.680', 'hitBatsmen': 3, 'balks': 0, 'wildPitches': 1, 'pickoffs': 0, 'totalBases': 49, 'groundOutsToAirouts': '2.67', 'winPercentage': '.333', 'pitchesPerInning': '16.18', 'gamesFinished': 3, 'strikeoutWalkRatio': '4.43', 'strikeoutsPer9Inn': '14.07', 'walksPer9Inn': '3.18', 'hitsPer9Inn': '7.94', 'runsScoredPer9': '4.54', 'homeRunsPer9': '0.91', 'inheritedRunners': 24, 'inheritedRunnersScored': 6, 'catchersInterference': 0, 'sacBunts': 2, 'sacFlies': 0}, 'team': {'id': 116, 'name': 'Detroit Tigers', 'link': '/api/v1/teams/116'}, 'player': {'id': 805427, 'fullName': 'Drew Sommers', 'link': '/api/v1/people/805427'}, 'league': {'id': 103, 'name': 'American League', 'link': '/api/v1/league/103'}, 'sport': {'id': 1, 'link': '/api/v1/sports/1', 'abbreviation': 'MLB'}, 'gameType': 'R'}]",season,pitching
[],"[{'season': '2026', 'stat': {'age': 30, 'gamesPlayed': 18, 'gamesStarted': 0, 'groundOuts': 16, 'airOuts': 17, 'runs': 7, 'doubles': 2, 'triples': 0, 'homeRuns': 1, 'strikeOuts': 11, 'baseOnBalls': 9, 'intentionalWalks': 0, 'hits': 12, 'hitByPitch': 0, 'avg': '.214', 'atBats': 56, 'obp': '.323', 'slg': '.304', 'ops': '.627', 'caughtStealing': 0, 'stolenBases': 3, 'stolenBasePercentage': '1.000', 'caughtStealingPercentage': '.000', 'groundIntoDoublePlay': 6, 'numberOfPitches': 260, 'era': '2.70', 'inningsPitched': '16.2', 'wins': 1, 'losses': 1, 'saves': 0, 'saveOpportunities': 1, 'holds': 5, 'blownSaves': 1, 'earnedRuns': 5, 'whip': '1.26', 'battersFaced': 65, 'outs': 50, 'gamesPitched': 18, 'completeGames': 0, 'shutouts': 0, 'strikes': 163, 'strikePercentage': '.630', 'hitBatsmen': 0, 'balks': 0, 'wildPitches': 0, 'pickoffs': 0, 'totalBases': 17, 'groundOutsToAirouts': '0.94', 'winPercentage': '.500', 'pitchesPerInning': '15.60', 'gamesFinished': 1, 'strikeoutWalkRatio': '1.22', 'strikeoutsPer9Inn': '5.94', 'walksPer9Inn': '4.86', 'hitsPer9Inn': '6.48', 'runsScoredPer9': '3.78', 'homeRunsPer9': '0.54', 'inheritedRunners': 6, 'inheritedRunnersScored': 0, 'catchersInterference': 0, 'sacBunts': 0, 'sacFlies': 0}, 'team': {'id': 140, 'name': 'Texas Rangers', 'link': '/api/v1/teams/140'}, 'player': {'id': 676395, 'fullName': 'Robert Garcia', 'link': '/api/v1/people/676395'}, 'league': {'id': 103, 'name': 'American League', 'link': '/api/v1/league/103'}, 'sport': {'id': 1, 'link': '/api/v1/sports/1', 'abbreviation': 'MLB'}, 'gameType': 'R'}]",season,pitching
[],"[{'season': '2026', 'stat': {'age': 35, 'gamesPlayed': 43, 'gamesStarted': 0, 'groundOuts': 47, 'airOuts': 45, 'runs': 17, 'doubles': 9, 'triples': 0, 'homeRuns': 5, 'strikeOuts': 24, 'baseOnBalls': 10, 'intentionalWalks': 1, 'hits': 40, 'hitByPitch': 3, 'avg': '.263', 'atBats': 152, 'obp': '.317', 'slg': '.421', 'ops': '.738', 'caughtStealing': 0, 'stolenBases': 3, 'stolenBasePercentage': '1.000', 'caughtStealingPercentage': '.000', 'groundIntoDoublePlay': 3, 'numberOfPitches': 648, 'era': '3.83', 'inningsPitched': '40.0', 'wins': 1, 'losses': 0, 'saves': 1, 'saveOpportunities': 3, 'holds': 6, 'blownSaves': 2, 'earnedRuns': 17, 'whip': '1.25', 'battersFaced': 169, 'outs': 120, 'gamesPitched': 43, 'completeGames': 0, 'shutouts': 0, 'strikes': 424, 'strikePercentage': '.650', 'hitBatsmen': 3, 'balks': 0, 'wildPitches': 0, 'pickoffs': 0, 'totalBases': 64, 'groundOutsToAirouts': '1.04', 'winPercentage': '1.000', 'pitchesPerInning': '16.20', 'gamesFinished': 10, 'strikeoutWalkRatio': '2.40', 'strikeoutsPer9Inn': '5.40', 'walksPer9Inn': '2.25', 'hitsPer9Inn': '9.00', 'runsScoredPer9': '3.83', 'homeRunsPer9': '1.13', 'inheritedRunners': 23, 'inheritedRunnersScored': 8, 'catchersInterference': 0, 'sacBunts': 2, 'sacFlies': 2}, 'player': {'id': 571948, 'fullName': 'Hoby Milner', 'link': '/api/v1/people/571948'}, 'sport': {'id': 1, 'link': '/api/v1/sports/1', 'abbreviation': 'MLB'}, 'gameType': 'R', 'numTeams': 2, 'numLeagues': 2}, {'season': '2026', 'stat': {'age': 35, 'gamesPlayed': 38, 'gamesStarted': 0, 'groundOuts': 42, 'airOuts': 43, 'runs': 14, 'doubles': 7, 'triples': 0, 'homeRuns': 4, 'strikeOuts': 18, 'baseOnBalls': 9, 'intentionalWalks': 1, 'hits': 34, 'hitByPitch': 3, 'avg': '.256', 'atBats': 133, 'obp': '.313', 'slg': '.398', 'ops': '.711', 'caughtStealing': 0, 'stolenBases': 3, 'stolenBasePercentage': '1.000', 'caughtStealingPercentage': '.000', 'groundIntoDoublePlay': 3, 'numberOfPitches': 568, 'era': '3.53', 'inningsPitched': '35.2', 'wins': 1, 'losses': 0, 'saves': 1, 'saveOpportunities': 3, 'holds': 6, 'blownSaves': 2, 'earnedRuns': 14, 'whip': '1.21', 'battersFaced': 149, 'outs': 107, 'gamesPitched': 38, 'completeGames': 0, 'shutouts': 0, 'strikes': 372, 'strikePercentage': '.650', 'hitBatsmen': 3, 'balks': 0, 'wildPitches': 0, 'pickoffs': 0, 'totalBases': 53, 'groundOutsToAirouts': '0.98', 'winPercentage': '1.000', 'pitchesPerInning': '15.93', 'gamesFinished': 7, 'strikeoutWalkRatio': '2.00', 'strikeoutsPer9Inn': '4.54', 'walksPer9Inn': '2.27', 'hitsPer9Inn': '8.58', 'runsScoredPer9': '3.53', 'homeRunsPer9': '1.01', 'inheritedRunners': 23, 'inheritedRunnersScored': 8, 'catchersInterference': 0, 'sacBunts': 2, 'sacFlies': 2}, 'team': {'id': 112, 'name': 'Chicago Cubs', 'link': '/api/v1/teams/112'}, 'player': {'id': 571948, 'fullName': 'Hoby Milner', 'link': '/api/v1/people/571948'}, 'league': {'id': 104, 'name': 'National League', 'link': '/api/v1/league/104'}, 'sport': {'id': 1, 'link': '/api/v1/sports/1', 'abbreviation': 'MLB'}, 'gameType': 'R'}, {'season': '2026', 'stat': {'age': 35, 'gamesPlayed': 5, 'gamesStarted': 0, 'groundOuts': 5, 'airOuts': 2, 'runs': 3, 'doubles': 2, 'triples': 0, 'homeRuns': 1, 'strikeOuts': 6, 'baseOnBalls': 1, 'intentionalWalks': 0, 'hits': 6, 'hitByPitch': 0, 'avg': '.316', 'atBats': 19, 'obp': '.350', 'slg': '.579', 'ops': '.929', 'caughtStealing': 0, 'stolenBases': 0, 'stolenBasePercentage': '.---', 'caughtStealingPercentage': '.---', 'groundIntoDoublePlay': 0, 'numberOfPitches': 80, 'era': '6.23', 'inningsPitched': '4.1', 'wins': 0, 'losses': 0, 'saves': 0, 'saveOpportunities': 0, 'holds': 0, 'blownSaves': 0, 'earnedRuns': 3, 'whip': '1.62', 'battersFaced': 20, 'outs': 13, 'gamesPitched': 5, 'completeGames': 0, 'shutouts': 0, 'strikes': 52, 'strikePercentage': '.650', 'hitBatsmen': 0, 'balks': 0, 'wildPitches': 0, 'pickoffs': 0, 'totalBases': 11, 'groundOutsToAirouts': '2.50', 'winPercentage': '.---', 'pitchesPerInning': '18.46', 'gamesFinished': 3, 'strikeoutWalkRatio': '6.00', 'strikeoutsPer9Inn': '12.46', 'walksPer9Inn': '2.08', 'hitsPer9Inn': '12.46', 'runsScoredPer9': '6.23', 'homeRunsPer9': '2.08', 'inheritedRunners': 0, 'inheritedRunnersScored': 0, 'catchersInterference': 0, 'sacBunts': 0, 'sacFlies': 0}, 'team': {'id': 136, 'name': 'Seattle Mariners', 'link': '/api/v1/teams/136'}, 'player': {'id': 571948, 'fullName': 'Hoby Milner', 'link': '/api/v1/people/571948'}, 'league': {'id': 103, 'name': 'American League', 'link': '/api/v1/league/103'}, 'sport': {'id': 1, 'link': '/api/v1/sports/1', 'abbreviation': 'MLB'}, 'gameType': 'R'}]",season,pitching
[],"[{'season': '2026', 'stat': {'age': 36, 'gamesPlayed': 61, 'gamesStarted': 0, 'groundOuts': 21, 'airOuts': 85, 'runs': 30, 'doubles': 5, 'triples': 2, 'homeRuns': 13, 'strikeOuts': 53, 'baseOnBalls': 13, 'intentionalWalks': 1, 'hits': 39, 'hitByPitch': 4, 'avg': '.201', 'atBats': 194, 'obp': '.262', 'slg': '.448', 'ops': '.710', 'caughtStealing': 0, 'stolenBases': 4, 'stolenBasePercentage': '1.000', 'caughtStealingPercentage': '.000', 'groundIntoDoublePlay': 0, 'numberOfPitches': 834, 'era': '4.82', 'inningsPitched': '52.1', 'wins': 2, 'losses': 5, 'saves': 24, 'saveOpportunities': 27, 'holds': 3, 'blownSaves': 3, 'earnedRuns': 28, 'whip': '0.99', 'battersFaced': 215, 'outs': 157, 'gamesPitched': 61, 'completeGames': 0, 'shutouts': 0, 'strikes': 565, 'strikePercentage': '.680', 'hitBatsmen': 4, 'balks': 0, 'wildPitches': 2, 'pickoffs': 0, 'totalBases': 87, 'groundOutsToAirouts': '0.25', 'winPercentage': '.286', 'pitchesPerInning': '15.94', 'gamesFinished': 36, 'strikeoutWalkRatio': '4.08', 'strikeoutsPer9Inn': '9.11', 'walksPer9Inn': '2.24', 'hitsPer9Inn': '6.71', 'runsScoredPer9': '5.16', 'homeRunsPer9': '2.24', 'inheritedRunners': 16, 'inheritedRunnersScored': 3, 'catchersInterference': 0, 'sacBunts': 1, 'sacFlies': 3}, 'player': {'id': 623149, 'fullName': 'Paul Sewald', 'link': '/api/v1/people/623149'}, 'sport': {'id': 1, 'link': '/api/v1/sports/1', 'abbreviation': 'MLB'}, 'gameType': 'R', 'numTeams': 2, 'numLeagues': 2}, {'season': '2026', 'stat': {'age': 36, 'gamesPlayed': 45, 'gamesStarted': 0, 'groundOuts': 13, 'airOuts': 61, 'runs': 29, 'doubles': 5, 'triples': 2, 'homeRuns': 12, 'strikeOuts': 44, 'baseOnBalls': 9, 'intentionalWalks': 0, 'hits': 34, 'hitByPitch': 2, 'avg': '.228', 'atBats': 149, 'obp': '.278', 'slg': '.530', 'ops': '.808', 'caughtStealing': 0, 'stolenBases': 2, 'stolenBasePercentage': '1.000', 'caughtStealingPercentage': '.000', 'groundIntoDoublePlay': 0, 'numberOfPitches': 633, 'era': '6.23', 'inningsPitched': '39.0', 'wins': 2, 'losses': 5, 'saves': 24, 'saveOpportunities': 27, 'holds': 0, 'blownSaves': 3, 'earnedRuns': 27, 'whip': '1.10', 'battersFaced': 163, 'outs': 117, 'gamesPitched': 45, 'completeGames': 0, 'shutouts': 0, 'strikes': 433, 'strikePercentage': '.680', 'hitBatsmen': 2, 'balks': 0, 'wildPitches': 2, 'pickoffs': 0, 'totalBases': 79, 'groundOutsToAirouts': '0.21', 'winPercentage': '.286', 'pitchesPerInning': '16.23', 'gamesFinished': 35, 'strikeoutWalkRatio': '4.89', 'strikeoutsPer9Inn': '10.15', 'walksPer9Inn': '2.08', 'hitsPer9Inn': '7.85', 'runsScoredPer9': '6.69', 'homeRunsPer9': '2.77', 'inheritedRunners': 6, 'inheritedRunnersScored': 0, 'catchersInterference': 0, 'sacBunts': 1, 'sacFlies': 2}, 'team': {'id': 109, 'name': 'Arizona Diamondbacks', 'link': '/api/v1/teams/109'}, 'player': {'id': 623149, 'fullName': 'Paul Sewald', 'link': '/api/v1/people/623149'}, 'league': {'id': 104, 'name': 'National League', 'link': '/api/v1/league/104'}, 'sport': {'id': 1, 'link': '/api/v1/sports/1', 'abbreviation': 'MLB'}, 'gameType': 'R'}, {'season': '2026', 'stat': {'age': 36, 'gamesPlayed': 16, 'gamesStarted': 0, 'groundOuts': 8, 'airOuts': 24, 'runs': 1, 'doubles': 0, 'triples': 0, 'homeRuns': 1, 'strikeOuts': 9, 'baseOnBalls': 4, 'intentionalWalks': 1, 'hits': 5, 'hitByPitch': 2, 'avg': '.111', 'atBats': 45, 'obp': '.212', 'slg': '.178', 'ops': '.390', 'caughtStealing': 0, 'stolenBases': 2, 'stolenBasePercentage': '1.000', 'caughtStealingPercentage': '.000', 'groundIntoDoublePlay': 0, 'numberOfPitches': 201, 'era': '0.68', 'inningsPitched': '13.1', 'wins': 0, 'losses': 0, 'saves': 0, 'saveOpportunities': 0, 'holds': 3, 'blownSaves': 0, 'earnedRuns': 1, 'whip': '0.68', 'battersFaced': 52, 'outs': 40, 'gamesPitched': 16, 'completeGames': 0, 'shutouts': 0, 'strikes': 132, 'strikePercentage': '.660', 'hitBatsmen': 2, 'balks': 0, 'wildPitches': 0, 'pickoffs': 0, 'totalBases': 8, 'groundOutsToAirouts': '0.33', 'winPercentage': '.---', 'pitchesPerInning': '15.08', 'gamesFinished': 1, 'strikeoutWalkRatio': '2.25', 'strikeoutsPer9Inn': '6.08', 'walksPer9Inn': '2.70', 'hitsPer9Inn': '3.38', 'runsScoredPer9': '0.67', 'homeRunsPer9': '0.67', 'inheritedRunners': 10, 'inheritedRunnersScored': 3, 'catchersInterference': 0, 'sacBunts': 0, 'sacFlies': 1}, 'team': {'id': 141, 'name': 'Toronto Blue Jays', 'link': '/api/v1/teams/141'}, 'player': {'id': 623149, 'fullName': 'Paul Sewald', 'link': '/api/v1/people/623149'}, 'league': {'id': 103, 'name': 'American League', 'link': '/api/v1/league/103'}, 'sport': {'id': 1, 'link': '/api/v1/sports/1', 'abbreviation': 'MLB'}, 'gameType': 'R'}]",season,pitching
[],"[{'season': '2026', 'stat': {'age': 28, 'gamesPlayed': 65, 'gamesStarted': 0, 'groundOuts': 55, 'airOuts': 56, 'runs': 33, 'doubles': 9, 'triples': 1, 'homeRuns': 7, 'strikeOuts': 94, 'baseOnBalls': 40, 'intentionalWalks': 5, 'hits': 49, 'hitByPitch': 9, 'avg': '.195', 'atBats': 251, 'obp': '.325', 'slg': '.323', 'ops': '.648', 'caughtStealing': 0, 'stolenBases': 13, 'stolenBasePercentage': '1.000', 'caughtStealingPercentage': '.000', 'groundIntoDoublePlay': 3, 'numberOfPitches': 1279, 'era': '3.88', 'inningsPitched': '69.2', 'wins': 4, 'losses': 4, 'saves': 7, 'saveOpportunities': 11, 'holds': 14, 'blownSaves': 4, 'earnedRuns': 30, 'whip': '1.28', 'battersFaced': 304, 'outs': 209, 'gamesPitched': 65, 'completeGames': 0, 'shutouts': 0, 'strikes': 765, 'strikePercentage': '.600', 'hitBatsmen': 9, 'balks': 0, 'wildPitches': 4, 'pickoffs': 0, 'totalBases': 81, 'groundOutsToAirouts': '0.98', 'winPercentage': '.500', 'pitchesPerInning': '18.36', 'gamesFinished': 24, 'strikeoutWalkRatio': '2.35', 'strikeoutsPer9Inn': '12.14', 'walksPer9Inn': '5.17', 'hitsPer9Inn': '6.33', 'runsScoredPer9': '4.26', 'homeRunsPer9': '0.90', 'inheritedRunners': 25, 'inheritedRunnersScored': 7, 'catchersInterference': 1, 'sacBunts': 1, 'sacFlies': 2}, 'player': {'id': 666171, 'fullName': 'Ryan Zeferjahn', 'link': '/api/v1/people/666171'}, 'sport': {'id': 1, 'link': '/api/v1/sports/1', 'abbreviation': 'MLB'}, 'gameType': 'R', 'numTeams': 2, 'numLeagues': 2}, {'season': '2026', 'stat': {'age': 28, 'gamesPlayed': 45, 'gamesStarted': 0, 'groundOuts': 37, 'airOuts': 41, 'runs': 23, 'doubles': 6, 'triples': 1, 'homeRuns': 5, 'strikeOuts': 75, 'baseOnBalls': 32, 'intentionalWalks': 3, 'hits': 30, 'hitByPitch': 8, 'avg': '.165', 'atBats': 182, 'obp': '.314', 'slg': '.291', 'ops': '.605', 'caughtStealing': 0, 'stolenBases': 10, 'stolenBasePercentage': '1.000', 'caughtStealingPercentage': '.000', 'groundIntoDoublePlay': 2, 'numberOfPitches': 959, 'era': '3.66', 'inningsPitched': '51.2', 'wins': 4, 'losses': 3, 'saves': 4, 'saveOpportunities': 6, 'holds': 9, 'blownSaves': 2, 'earnedRuns': 21, 'whip': '1.20', 'battersFaced': 224, 'outs': 155, 'gamesPitched': 45, 'completeGames': 0, 'shutouts': 0, 'strikes': 556, 'strikePercentage': '.580', 'hitBatsmen': 8, 'balks': 0, 'wildPitches': 1, 'pickoffs': 0, 'totalBases': 53, 'groundOutsToAirouts': '0.90', 'winPercentage': '.571', 'pitchesPerInning': '18.56', 'gamesFinished': 17, 'strikeoutWalkRatio': '2.34', 'strikeoutsPer9Inn': '13.06', 'walksPer9Inn': '5.57', 'hitsPer9Inn': '5.23', 'runsScoredPer9': '4.01', 'homeRunsPer9': '0.87', 'inheritedRunners': 14, 'inheritedRunnersScored': 2, 'catchersInterference': 1, 'sacBunts': 0, 'sacFlies': 1}, 'team': {'id': 108, 'name': 'Los Angeles Angels', 'link': '/api/v1/teams/108'}, 'player': {'id': 666171, 'fullName': 'Ryan Zeferjahn', 'link': '/api/v1/people/666171'}, 'league': {'id': 103, 'name': 'American League', 'link': '/api/v1/league/103'}, 'sport': {'id': 1, 'link': '/api/v1/sports/1', 'abbreviation': 'MLB'}, 'gameType': 'R'}, {'season': '2026', 'stat': {'age': 28, 'gamesPlayed': 20, 'gamesStarted': 0, 'groundOuts': 18, 'airOuts': 15, 'runs': 10, 'doubles': 3, 'triples': 0, 'homeRuns': 2, 'strikeOuts': 19, 'baseOnBalls': 8, 'intentionalWalks': 2, 'hits': 19, 'hitByPitch': 1, 'avg': '.275', 'atBats': 69, 'obp': '.354', 'slg': '.406', 'ops': '.760', 'caughtStealing': 0, 'stolenBases': 3, 'stolenBasePercentage': '1.000', 'caughtStealingPercentage': '.000', 'groundIntoDoublePlay': 1, 'numberOfPitches': 320, 'era': '4.50', 'inningsPitched': '18.0', 'wins': 0, 'losses': 1, 'saves': 3, 'saveOpportunities': 5, 'holds': 5, 'blownSaves': 2, 'earnedRuns': 9, 'whip': '1.50', 'battersFaced': 80, 'outs': 54, 'gamesPitched': 20, 'completeGames': 0, 'shutouts': 0, 'strikes': 209, 'strikePercentage': '.650', 'hitBatsmen': 1, 'balks': 0, 'wildPitches': 3, 'pickoffs': 0, 'totalBases': 28, 'groundOutsToAirouts': '1.20', 'winPercentage': '.000', 'pitchesPerInning': '17.78', 'gamesFinished': 7, 'strikeoutWalkRatio': '2.38', 'strikeoutsPer9Inn': '9.50', 'walksPer9Inn': '4.00', 'hitsPer9Inn': '9.50', 'runsScoredPer9': '5.00', 'homeRunsPer9': '1.00', 'inheritedRunners': 11, 'inheritedRunnersScored': 5, 'catchersInterference': 0, 'sacBunts': 1, 'sacFlies': 1}, 'team': {'id': 112, 'name': 'Chicago Cubs', 'link': '/api/v1/teams/112'}, 'player': {'id': 666171, 'fullName': 'Ryan Zeferjahn', 'link': '/api/v1/people/666171'}, 'league': {'id': 104, 'name': 'National League', 'link': '/api/v1/league/104'}, 'sport': {'id': 1, 'link': '/api/v1/sports/1', 'abbreviation': 'MLB'}, 'gameType': 'R'}]",season,pitching
[],"[{'season': '2026', 'stat': {'age': 32, 'gamesPlayed': 17, 'gamesStarted': 0, 'groundOuts': 22, 'airOuts': 32, 'runs': 14, 'doubles': 4, 'triples': 2, 'homeRuns': 1, 'strikeOuts': 21, 'baseOnBalls': 13, 'intentionalWalks': 0, 'hits': 27, 'hitByPitch': 1, 'avg': '.273', 'atBats': 99, 'obp': '.353', 'slg': '.384', 'ops': '.737', 'caughtStealing': 1, 'stolenBases': 1, 'stolenBasePercentage': '.500', 'caughtStealingPercentage': '.500', 'groundIntoDoublePlay': 2, 'numberOfPitches': 408, 'era': '4.78', 'inningsPitched': '26.1', 'wins': 2, 'losses': 1, 'saves': 0, 'saveOpportunities': 0, 'holds': 2, 'blownSaves': 0, 'earnedRuns': 14, 'whip': '1.52', 'battersFaced': 116, 'outs': 79, 'gamesPitched': 17, 'completeGames': 0, 'shutouts': 0, 'strikes': 255, 'strikePercentage': '.630', 'hitBatsmen': 1, 'balks': 0, 'wildPitches': 4, 'pickoffs': 1, 'totalBases': 38, 'groundOutsToAirouts': '0.69', 'winPercentage': '.667', 'pitchesPerInning': '15.49', 'gamesFinished': 5, 'strikeoutWalkRatio': '1.62', 'strikeoutsPer9Inn': '7.18', 'walksPer9Inn': '4.44', 'hitsPer9Inn': '9.23', 'runsScoredPer9': '4.78', 'homeRunsPer9': '0.34', 'inheritedRunners': 3, 'inheritedRunnersScored': 1, 'catchersInterference': 0, 'sacBunts': 0, 'sacFlies': 3}, 'team': {'id': 133, 'name': 'Athletics', 'link': '/api/v1/teams/133'}, 'player': {'id': 664129, 'fullName': 'Geoff Hartlieb', 'link': '/api/v1/people/664129'}, 'league': {'id': 103, 'name': 'American League', 'link': '/api/v1/league/103'}, 'sport': {'id': 1, 'link': '/api/v1/sports/1', 'abbreviation': 'MLB'}, 'gameType': 'R'}]",season,pitching
[],"[{'season': '2026', 'stat': {'age': 31, 'gamesPlayed': 64, 'gamesStarted': 0, 'groundOuts': 72, 'airOuts': 58, 'runs': 25, 'doubles': 8, 'triples': 2, 'homeRuns': 4, 'strikeOuts': 76, 'baseOnBalls': 20, 'intentionalWalks': 2, 'hits': 52, 'hitByPitch': 2, 'avg': '.205', 'atBats': 254, 'obp': '.264', 'slg': '.299', 'ops': '.563', 'caughtStealing': 0, 'stolenBases': 6, 'stolenBasePercentage': '1.000', 'caughtStealingPercentage': '.000', 'groundIntoDoublePlay': 6, 'numberOfPitches': 1154, 'era': '2.47', 'inningsPitched': '69.1', 'wins': 7, 'losses': 3, 'saves': 35, 'saveOpportunities': 39, 'holds': 0, 'blownSaves': 4, 'earnedRuns': 19, 'whip': '1.04', 'battersFaced': 280, 'outs': 208, 'gamesPitched': 64, 'completeGames': 0, 'shutouts': 0, 'strikes': 774, 'strikePercentage': '.670', 'hitBatsmen': 2, 'balks': 0, 'wildPitches': 2, 'pickoffs': 0, 'totalBases': 76, 'groundOutsToAirouts': '1.24', 'winPercentage': '.700', 'pitchesPerInning': '16.64', 'gamesFinished': 56, 'strikeoutWalkRatio': '3.80', 'strikeoutsPer9Inn': '9.87', 'walksPer9Inn': '2.60', 'hitsPer9Inn': '6.75', 'runsScoredPer9': '3.25', 'homeRunsPer9': '0.52', 'inheritedRunners': 19, 'inheritedRunnersScored': 3, 'catchersInterference': 0, 'sacBunts': 0, 'sacFlies': 4}, 'team': {'id': 147, 'name': 'New York Yankees', 'link': '/api/v1/teams/147'}, 'player': {'id': 670280, 'fullName': 'David Bednar', 'link': '/api/v1/people/670280'}, 'league': {'id': 103, 'name': 'American League', 'link': '/api/v1/league/103'}, 'sport': {'id': 1, 'link': '/api/v1/sports/1', 'abbreviation': 'MLB'}, 'gameType': 'R'}]",season,pitching
[],"[{'season': '2026', 'stat': {'age': 27, 'gamesPlayed': 28, 'gamesStarted': 0, 'groundOuts': 49, 'airOuts': 25, 'runs': 12, 'doubles': 5, 'triples': 0, 'homeRuns': 1, 'strikeOuts': 24, 'baseOnBalls': 15, 'intentionalWalks': 1, 'hits': 23, 'hitByPitch': 1, 'avg': '.195', 'atBats': 118, 'obp': '.287', 'slg': '.263', 'ops': '.550', 'caughtStealing': 0, 'stolenBases': 3, 'stolenBasePercentage': '1.000', 'caughtStealingPercentage': '.000', 'groundIntoDoublePlay': 6, 'numberOfPitches': 488, 'era': '2.94', 'inningsPitched': '33.2', 'wins': 4, 'losses': 1, 'saves': 0, 'saveOpportunities': 0, 'holds': 1, 'blownSaves': 0, 'earnedRuns': 11, 'whip': '1.13', 'battersFaced': 137, 'outs': 101, 'gamesPitched': 28, 'completeGames': 0, 'shutouts': 0, 'strikes': 311, 'strikePercentage': '.640', 'hitBatsmen': 1, 'balks': 0, 'wildPitches': 0, 'pickoffs': 0, 'totalBases': 31, 'groundOutsToAirouts': '1.96', 'winPercentage': '.800', 'pitchesPerInning': '14.50', 'gamesFinished': 6, 'strikeoutWalkRatio': '1.60', 'strikeoutsPer9Inn': '6.42', 'walksPer9Inn': '4.01', 'hitsPer9Inn': '6.15', 'runsScoredPer9': '3.21', 'homeRunsPer9': '0.27', 'inheritedRunners': 30, 'inheritedRunnersScored': 5, 'catchersInterference': 0, 'sacBunts': 1, 'sacFlies': 2}, 'team': {'id': 116, 'name': 'Detroit Tigers', 'link': '/api/v1/teams/116'}, 'player': {'id': 676428, 'fullName': 'Brant Hurter', 'link': '/api/v1/people/676428'}, 'league': {'id': 103, 'name': 'American League', 'link': '/api/v1/league/103'}, 'sport': {'id': 1, 'link': '/api/v1/sports/1', 'abbreviation': 'MLB'}, 'gameType': 'R'}]",season,pitching
[],"[{'season': '2026', 'stat': {'age': 32, 'gamesPlayed': 62, 'gamesStarted': 2, 'groundOuts': 102, 'airOuts': 71, 'runs': 19, 'doubles': 8, 'triples': 0, 'homeRuns': 7, 'strikeOuts': 69, 'baseOnBalls': 33, 'intentionalWalks': 1, 'hits': 60, 'hitByPitch': 1, 'avg': '.199', 'atBats': 302, 'obp': '.280', 'slg': '.295', 'ops': '.575', 'caughtStealing': 4, 'stolenBases': 6, 'stolenBasePercentage': '.600', 'caughtStealingPercentage': '.400', 'groundIntoDoublePlay': 9, 'numberOfPitches': 1238, 'era': '1.69', 'inningsPitched': '85.0', 'wins': 7, 'losses': 3, 'saves': 1, 'saveOpportunities': 5, 'holds': 11, 'blownSaves': 4, 'earnedRuns': 16, 'whip': '1.09', 'battersFaced': 336, 'outs': 255, 'gamesPitched': 62, 'completeGames': 0, 'shutouts': 0, 'strikes': 767, 'strikePercentage': '.620', 'hitBatsmen': 1, 'balks': 0, 'wildPitches': 0, 'pickoffs': 1, 'totalBases': 89, 'groundOutsToAirouts': '1.44', 'winPercentage': '.700', 'pitchesPerInning': '14.56', 'gamesFinished': 16, 'strikeoutWalkRatio': '2.09', 'strikeoutsPer9Inn': '7.31', 'walksPer9Inn': '3.49', 'hitsPer9Inn': '6.35', 'runsScoredPer9': '2.01', 'homeRunsPer9': '0.74', 'inheritedRunners': 27, 'inheritedRunnersScored': 11, 'catchersInterference': 0, 'sacBunts': 0, 'sacFlies': 0}, 'team': {'id': 147, 'name': 'New York Yankees', 'link': '/api/v1/teams/147'}, 'player': {'id': 621112, 'fullName': 'Paul Blackburn', 'link': '/api/v1/people/621112'}, 'league': {'id': 103, 'name': 'American League', 'link': '/api/v1/league/103'}, 'sport': {'id': 1, 'link': '/api/v1/sports/1', 'abbreviation': 'MLB'}, 'gameType': 'R'}]",season,pitching
[],"[{'season': '2026', 'stat': {'age': 30, 'gamesPlayed': 39, 'gamesStarted': 2, 'groundOuts': 56, 'airOuts': 31, 'runs': 25, 'doubles': 2, 'triples': 1, 'homeRuns': 7, 'strikeOuts': 42, 'baseOnBalls': 18, 'intentionalWalks': 0, 'hits': 47, 'hitByPitch': 0, 'avg': '.269', 'atBats': 175, 'obp': '.335', 'slg': '.411', 'ops': '.746', 'caughtStealing': 0, 'stolenBases': 3, 'stolenBasePercentage': '1.000', 'caughtStealingPercentage': '.000', 'groundIntoDoublePlay': 4, 'numberOfPitches': 769, 'era': '4.87', 'inningsPitched': '44.1', 'wins': 4, 'losses': 3, 'saves': 0, 'saveOpportunities': 0, 'holds': 6, 'blownSaves': 0, 'earnedRuns': 24, 'whip': '1.47', 'battersFaced': 194, 'outs': 133, 'gamesPitched': 39, 'completeGames': 0, 'shutouts': 0, 'strikes': 490, 'strikePercentage': '.640', 'hitBatsmen': 0, 'balks': 1, 'wildPitches': 6, 'pickoffs': 0, 'totalBases': 72, 'groundOutsToAirouts': '1.81', 'winPercentage': '.571', 'pitchesPerInning': '17.35', 'gamesFinished': 8, 'strikeoutWalkRatio': '2.33', 'strikeoutsPer9Inn': '8.53', 'walksPer9Inn': '3.65', 'hitsPer9Inn': '9.54', 'runsScoredPer9': '5.08', 'homeRunsPer9': '1.42', 'inheritedRunners': 12, 'inheritedRunnersScored': 3, 'catchersInterference': 0, 'sacBunts': 0, 'sacFlies': 1}, 'player': {'id': 672335, 'fullName': 'Cionel Pérez', 'link': '/api/v1/people/672335'}, 'league': {'id': 104, 'name': 'National League', 'link': '/api/v1/league/104'}, 'sport': {'id': 1, 'link': '/api/v1/sports/1', 'abbreviation': 'MLB'}, 'gameType': 'R', 'numTeams': 2}, {'season': '2026', 'stat': {'age': 30, 'gamesPlayed': 16, 'gamesStarted': 0, 'groundOuts': 24, 'airOuts': 13, 'runs': 12, 'doubles': 1, 'triples': 0, 'homeRuns': 2, 'strikeOuts': 9, 'baseOnBalls': 11, 'intentionalWalks': 0, 'hits': 16, 'hitByPitch': 0, 'avg': '.258', 'atBats': 62, 'obp': '.370', 'slg': '.371', 'ops': '.741', 'caughtStealing': 0, 'stolenBases': 0, 'stolenBasePercentage': '.---', 'caughtStealingPercentage': '.---', 'groundIntoDoublePlay': 2, 'numberOfPitches': 295, 'era': '6.19', 'inningsPitched': '16.0', 'wins': 2, 'losses': 3, 'saves': 0, 'saveOpportunities': 0, 'holds': 4, 'blownSaves': 0, 'earnedRuns': 11, 'whip': '1.69', 'battersFaced': 73, 'outs': 48, 'gamesPitched': 16, 'completeGames': 0, 'shutouts': 0, 'strikes': 173, 'strikePercentage': '.590', 'hitBatsmen': 0, 'balks': 0, 'wildPitches': 2, 'pickoffs': 0, 'totalBases': 23, 'groundOutsToAirouts': '1.85', 'winPercentage': '.400', 'pitchesPerInning': '18.44', 'gamesFinished': 3, 'strikeoutWalkRatio': '0.82', 'strikeoutsPer9Inn': '5.06', 'walksPer9Inn': '6.19', 'hitsPer9Inn': '9.00', 'runsScoredPer9': '6.75', 'homeRunsPer9': '1.13', 'inheritedRunners': 3, 'inheritedRunnersScored': 0, 'catchersInterference': 0, 'sacBunts': 0, 'sacFlies': 0}, 'team': {'id': 120, 'name': 'Washington Nationals', 'link': '/api/v1/teams/120'}, 'player': {'id': 672335, 'fullName': 'Cionel Pérez', 'link': '/api/v1/people/672335'}, 'league': {'id': 104, 'name': 'National League', 'link': '/api/v1/league/104'}, 'sport': {'id': 1, 'link': '/api/v1/sports/1', 'abbreviation': 'MLB'}, 'gameType': 'R'}, {'season': '2026', 'stat': {'age': 30, 'gamesPlayed': 23, 'gamesStarted': 2, 'groundOuts': 32, 'airOuts': 18, 'runs': 13, 'doubles': 1, 'triples': 1, 'homeRuns': 5, 'strikeOuts': 33, 'baseOnBalls': 7, 'intentionalWalks': 0, 'hits': 31, 'hitByPitch': 0, 'avg': '.274', 'atBats': 113, 'obp': '.314', 'slg': '.434', 'ops': '.748', 'caughtStealing': 0, 'stolenBases': 3, 'stolenBasePercentage': '1.000', 'caughtStealingPercentage': '.000', 'groundIntoDoublePlay': 2, 'numberOfPitches': 474, 'era': '4.13', 'inningsPitched': '28.1', 'wins': 2, 'losses': 0, 'saves': 0, 'saveOpportunities': 0, 'holds': 2, 'blownSaves': 0, 'earnedRuns': 13, 'whip': '1.34', 'battersFaced': 121, 'outs': 85, 'gamesPitched': 23, 'completeGames': 0, 'shutouts': 0, 'strikes': 317, 'strikePercentage': '.670', 'hitBatsmen': 0, 'balks': 1, 'wildPitches': 4, 'pickoffs': 0, 'totalBases': 49, 'groundOutsToAirouts': '1.78', 'winPercentage': '1.000', 'pitchesPerInning': '16.73', 'gamesFinished': 5, 'strikeoutWalkRatio': '4.71', 'strikeoutsPer9Inn': '10.48', 'walksPer9Inn': '2.22', 'hitsPer9Inn': '9.85', 'runsScoredPer9': '4.13', 'homeRunsPer9': '1.59', 'inheritedRunners': 9, 'inheritedRunnersScored': 3, 'catchersInterference': 0, 'sacBunts': 0, 'sacFlies': 1}, 'team': {'id': 121, 'name': 'New York Mets', 'link': '/api/v1/teams/121'}, 'player': {'id': 672335, 'fullName': 'Cionel Pérez', 'link': '/api/v1/people/672335'}, 'league': {'id': 104, 'name': 'National League', 'link': '/api/v1/league/104'}, 'sport': {'id': 1, 'link': '/api/v1/sports/1', 'abbreviation': 'MLB'}, 'gameType': 'R'}]",season,pitching
[],"[{'season': '2026', 'stat': {'age': 31, 'gamesPlayed': 49, 'gamesStarted': 0, 'groundOuts': 52, 'airOuts': 60, 'runs': 29, 'doubles': 9, 'triples': 2, 'homeRuns': 9, 'strikeOuts': 60, 'baseOnBalls': 17, 'intentionalWalks': 3, 'hits': 56, 'hitByPitch': 3, 'avg': '.251', 'atBats': 223, 'obp': '.309', 'slg': '.430', 'ops': '.739', 'caughtStealing': 1, 'stolenBases': 4, 'stolenBasePercentage': '.800', 'caughtStealingPercentage': '.200', 'groundIntoDoublePlay': 2, 'numberOfPitches': 944, 'era': '3.86', 'inningsPitched': '56.0', 'wins': 6, 'losses': 0, 'saves': 0, 'saveOpportunities': 2, 'holds': 8, 'blownSaves': 2, 'earnedRuns': 24, 'whip': '1.30', 'battersFaced': 249, 'outs': 168, 'gamesPitched': 49, 'completeGames': 0, 'shutouts': 0, 'strikes': 636, 'strikePercentage': '.670', 'hitBatsmen': 3, 'balks': 0, 'wildPitches': 1, 'pickoffs': 0, 'totalBases': 96, 'groundOutsToAirouts': '0.87', 'winPercentage': '1.000', 'pitchesPerInning': '16.86', 'gamesFinished': 8, 'strikeoutWalkRatio': '3.53', 'strikeoutsPer9Inn': '9.64', 'walksPer9Inn': '2.73', 'hitsPer9Inn': '9.00', 'runsScoredPer9': '4.66', 'homeRunsPer9': '1.45', 'inheritedRunners': 22, 'inheritedRunnersScored': 10, 'catchersInterference': 1, 'sacBunts': 2, 'sacFlies': 3}, 'team': {'id': 140, 'name': 'Texas Rangers', 'link': '/api/v1/teams/140'}, 'player': {'id': 682608, 'fullName': 'Peyton Gray', 'link': '/api/v1/people/682608'}, 'league': {'id': 103, 'name': 'American League', 'link': '/api/v1/league/103'}, 'sport': {'id': 1, 'link': '/api/v1/sports/1', 'abbreviation': 'MLB'}, 'gameType': 'R'}]",season,pitching
[],"[{'season': '2026', 'stat': {'age': 26, 'gamesPlayed': 20, 'gamesStarted': 20, 'groundOuts': 92, 'airOuts': 106, 'runs': 71, 'doubles': 22, 'triples': 3, 'homeRuns': 16, 'strikeOuts': 85, 'baseOnBalls': 43, 'intentionalWalks': 2, 'hits': 111, 'hitByPitch': 7, 'avg': '.287', 'atBats': 387, 'obp': '.363', 'slg': '.483', 'ops': '.846', 'caughtStealing': 1, 'stolenBases': 3, 'stolenBasePercentage': '.750', 'caughtStealingPercentage': '.250', 'groundIntoDoublePlay': 14, 'numberOfPitches': 1771, 'era': '6.02', 'inningsPitched': '98.2', 'wins': 5, 'losses': 8, 'saves': 0, 'saveOpportunities': 0, 'holds': 0, 'blownSaves': 0, 'earnedRuns': 66, 'whip': '1.56', 'battersFaced': 444, 'outs': 296, 'gamesPitched': 20, 'completeGames': 0, 'shutouts': 0, 'strikes': 1144, 'strikePercentage': '.650', 'hitBatsmen': 7, 'balks': 0, 'wildPitches': 3, 'pickoffs': 0, 'totalBases': 187, 'groundOutsToAirouts': '0.87', 'winPercentage': '.385', 'pitchesPerInning': '17.95', 'gamesFinished': 0, 'strikeoutWalkRatio': '1.98', 'strikeoutsPer9Inn': '7.75', 'walksPer9Inn': '3.92', 'hitsPer9Inn': '10.13', 'runsScoredPer9': '6.48', 'homeRunsPer9': '1.46', 'inheritedRunners': 0, 'inheritedRunnersScored': 0, 'catchersInterference': 0, 'sacBunts': 0, 'sacFlies': 7}, 'team': {'id': 108, 'name': 'Los Angeles Angels', 'link': '/api/v1/teams/108'}, 'player': {'id': 680570, 'fullName': 'Grayson Rodriguez', 'link': '/api/v1/people/680570'}, 'league': {'id': 103, 'name': 'American League', 'link': '/api/v1/league/103'}, 'sport': {'id': 1, 'link': '/api/v1/sports/1', 'abbreviation': 'MLB'}, 'gameType': 'R'}]",season,pitching
[],"[{'season': '2026', 'stat': {'age': 36, 'gamesPlayed': 59, 'gamesStarted': 6, 'groundOuts': 72, 'airOuts': 61, 'runs': 23, 'doubles': 15, 'triples': 1, 'homeRuns': 5, 'strikeOuts': 56, 'baseOnBalls': 29, 'intentionalWalks': 1, 'hits': 44, 'hitByPitch': 1, 'avg': '.192', 'atBats': 229, 'obp': '.284', 'slg': '.332', 'ops': '.616', 'caughtStealing': 6, 'stolenBases': 5, 'stolenBasePercentage': '.455', 'caughtStealingPercentage': '.545', 'groundIntoDoublePlay': 4, 'numberOfPitches': 1024, 'era': '3.02', 'inningsPitched': '65.2', 'wins': 6, 'losses': 2, 'saves': 0, 'saveOpportunities': 4, 'holds': 11, 'blownSaves': 4, 'earnedRuns': 22, 'whip': '1.11', 'battersFaced': 263, 'outs': 197, 'gamesPitched': 59, 'completeGames': 0, 'shutouts': 0, 'strikes': 655, 'strikePercentage': '.640', 'hitBatsmen': 1, 'balks': 0, 'wildPitches': 1, 'pickoffs': 2, 'totalBases': 76, 'groundOutsToAirouts': '1.18', 'winPercentage': '.750', 'pitchesPerInning': '15.59', 'gamesFinished': 3, 'strikeoutWalkRatio': '1.93', 'strikeoutsPer9Inn': '7.68', 'walksPer9Inn': '3.97', 'hitsPer9Inn': '6.03', 'runsScoredPer9': '3.15', 'homeRunsPer9': '0.69', 'inheritedRunners': 40, 'inheritedRunnersScored': 13, 'catchersInterference': 0, 'sacBunts': 2, 'sacFlies': 2}, 'player': {'id': 623211, 'fullName': 'Huascar Brazobán', 'link': '/api/v1/people/623211'}, 'sport': {'id': 1, 'link': '/api/v1/sports/1', 'abbreviation': 'MLB'}, 'gameType': 'R', 'numTeams': 2, 'numLeagues': 2}, {'season': '2026', 'stat': {'age': 36, 'gamesPlayed': 46, 'gamesStarted': 6, 'groundOuts': 58, 'airOuts': 46, 'runs': 16, 'doubles': 9, 'triples': 0, 'homeRuns': 3, 'strikeOuts': 49, 'baseOnBalls': 23, 'intentionalWalks': 1, 'hits': 30, 'hitByPitch': 1, 'avg': '.166', 'atBats': 181, 'obp': '.262', 'slg': '.265', 'ops': '.527', 'caughtStealing': 4, 'stolenBases': 4, 'stolenBasePercentage': '.500', 'caughtStealingPercentage': '.500', 'groundIntoDoublePlay': 4, 'numberOfPitches': 815, 'era': '2.56', 'inningsPitched': '52.2', 'wins': 5, 'losses': 2, 'saves': 0, 'saveOpportunities': 3, 'holds': 8, 'blownSaves': 3, 'earnedRuns': 15, 'whip': '1.01', 'battersFaced': 207, 'outs': 158, 'gamesPitched': 46, 'completeGames': 0, 'shutouts': 0, 'strikes': 527, 'strikePercentage': '.650', 'hitBatsmen': 1, 'balks': 0, 'wildPitches': 1, 'pickoffs': 2, 'totalBases': 48, 'groundOutsToAirouts': '1.26', 'winPercentage': '.714', 'pitchesPerInning': '15.47', 'gamesFinished': 2, 'strikeoutWalkRatio': '2.13', 'strikeoutsPer9Inn': '8.37', 'walksPer9Inn': '3.93', 'hitsPer9Inn': '5.13', 'runsScoredPer9': '2.73', 'homeRunsPer9': '0.51', 'inheritedRunners': 34, 'inheritedRunnersScored': 11, 'catchersInterference': 0, 'sacBunts': 1, 'sacFlies': 1}, 'team': {'id': 121, 'name': 'New York Mets', 'link': '/api/v1/teams/121'}, 'player': {'id': 623211, 'fullName': 'Huascar Brazobán', 'link': '/api/v1/people/623211'}, 'league': {'id': 104, 'name': 'National League', 'link': '/api/v1/league/104'}, 'sport': {'id': 1, 'link': '/api/v1/sports/1', 'abbreviation': 'MLB'}, 'gameType': 'R'}, {'season': '2026', 'stat': {'age': 36, 'gamesPlayed': 13, 'gamesStarted': 0, 'groundOuts': 14, 'airOuts': 15, 'runs': 7, 'doubles': 6, 'triples': 1, 'homeRuns': 2, 'strikeOuts': 7, 'baseOnBalls': 6, 'intentionalWalks': 0, 'hits': 14, 'hitByPitch': 0, 'avg': '.292', 'atBats': 48, 'obp': '.364', 'slg': '.583', 'ops': '.947', 'caughtStealing': 2, 'stolenBases': 1, 'stolenBasePercentage': '.333', 'caughtStealingPercentage': '.667', 'groundIntoDoublePlay': 0, 'numberOfPitches': 209, 'era': '4.85', 'inningsPitched': '13.0', 'wins': 1, 'losses': 0, 'saves': 0, 'saveOpportunities': 1, 'holds': 3, 'blownSaves': 1, 'earnedRuns': 7, 'whip': '1.54', 'battersFaced': 56, 'outs': 39, 'gamesPitched': 13, 'completeGames': 0, 'shutouts': 0, 'strikes': 128, 'strikePercentage': '.610', 'hitBatsmen': 0, 'balks': 0, 'wildPitches': 0, 'pickoffs': 0, 'totalBases': 28, 'groundOutsToAirouts': '0.93', 'winPercentage': '1.000', 'pitchesPerInning': '16.08', 'gamesFinished': 1, 'strikeoutWalkRatio': '1.17', 'strikeoutsPer9Inn': '4.85', 'walksPer9Inn': '4.15', 'hitsPer9Inn': '9.69', 'runsScoredPer9': '4.85', 'homeRunsPer9': '1.38', 'inheritedRunners': 6, 'inheritedRunnersScored': 2, 'catchersInterference': 0, 'sacBunts': 1, 'sacFlies': 1}, 'team': {'id': 145, 'name': 'Chicago White Sox', 'link': '/api/v1/teams/145'}, 'player': {'id': 623211, 'fullName': 'Huascar Brazobán', 'link': '/api/v1/people/623211'}, 'league': {'id': 103, 'name': 'American League', 'link': '/api/v1/league/103'}, 'sport': {'id': 1, 'link': '/api/v1/sports/1', 'abbreviation': 'MLB'}, 'gameType': 'R'}]",season,pitching
[],"[{'season': '2026', 'stat': {'age': 24, 'gamesPlayed': 1, 'gamesStarted': 0, 'groundOuts': 0, 'airOuts': 1, 'runs': 2, 'doubles': 1, 'triples': 0, 'homeRuns': 1, 'strikeOuts': 2, 'baseOnBalls': 1, 'intentionalWalks': 0, 'hits': 3, 'hitByPitch': 0, 'avg': '.500', 'atBats': 6, 'obp': '.571', 'slg': '1.167', 'ops': '1.738', 'caughtStealing': 0, 'stolenBases': 0, 'stolenBasePercentage': '.---', 'caughtStealingPercentage': '.---', 'groundIntoDoublePlay': 0, 'numberOfPitches': 34, 'era': '18.00', 'inningsPitched': '1.0', 'wins': 0, 'losses': 0, 'saves': 0, 'saveOpportunities': 0, 'holds': 0, 'blownSaves': 0, 'earnedRuns': 2, 'whip': '4.00', 'battersFaced': 7, 'outs': 3, 'gamesPitched': 1, 'completeGames': 0, 'shutouts': 0, 'strikes': 21, 'strikePercentage': '.620', 'hitBatsmen': 0, 'balks': 0, 'wildPitches': 0, 'pickoffs': 0, 'totalBases': 7, 'groundOutsToAirouts': '0.00', 'winPercentage': '.---', 'pitchesPerInning': '34.00', 'gamesFinished': 1, 'strikeoutWalkRatio': '2.00', 'strikeoutsPer9Inn': '18.00', 'walksPer9Inn': '9.00', 'hitsPer9Inn': '27.00', 'runsScoredPer9': '18.00', 'homeRunsPer9': '9.00', 'inheritedRunners': 0, 'inheritedRunnersScored': 0, 'catchersInterference': 0, 'sacBunts': 0, 'sacFlies': 0}, 'team': {'id': 147, 'name': 'New York Yankees', 'link': '/api/v1/teams/147'}, 'player': {'id': 529017, 'fullName': 'Alexander Cornielle', 'link': '/api/v1/people/529017'}, 'league': {'id': 103, 'name': 'American League', 'link': '/api/v1/league/103'}, 'sport': {'id': 1, 'link': '/api/v1/sports/1', 'abbreviation': 'MLB'}, 'gameType': 'R'}]",season,pitching
[],"[{'season': '2026', 'stat': {'age': 27, 'gamesPlayed': 32, 'gamesStarted': 32, 'groundOuts': 153, 'airOuts': 232, 'runs': 92, 'doubles': 30, 'triples': 1, 'homeRuns': 29, 'strikeOuts': 142, 'baseOnBalls': 54, 'intentionalWalks': 0, 'hits': 168, 'hitByPitch': 6, 'avg': '.244', 'atBats': 689, 'obp': '.302', 'slg': '.417', 'ops': '.719', 'caughtStealing': 1, 'stolenBases': 7, 'stolenBasePercentage': '.875', 'caughtStealingPercentage': '.125', 'groundIntoDoublePlay': 10, 'numberOfPitches': 2874, 'era': '4.35', 'inningsPitched': '182.0', 'wins': 6, 'losses': 15, 'saves': 0, 'saveOpportunities': 0, 'holds': 0, 'blownSaves': 0, 'earnedRuns': 88, 'whip': '1.22', 'battersFaced': 755, 'outs': 546, 'gamesPitched': 32, 'completeGames': 0, 'shutouts': 0, 'strikes': 1835, 'strikePercentage': '.640', 'hitBatsmen': 6, 'balks': 0, 'wildPitches': 4, 'pickoffs': 4, 'totalBases': 287, 'groundOutsToAirouts': '0.66', 'winPercentage': '.286', 'pitchesPerInning': '15.79', 'gamesFinished': 0, 'strikeoutWalkRatio': '2.63', 'strikeoutsPer9Inn': '7.02', 'walksPer9Inn': '2.67', 'hitsPer9Inn': '8.31', 'runsScoredPer9': '4.55', 'homeRunsPer9': '1.43', 'inheritedRunners': 0, 'inheritedRunnersScored': 0, 'catchersInterference': 0, 'sacBunts': 1, 'sacFlies': 5}, 'team': {'id': 114, 'name': 'Cleveland Guardians', 'link': '/api/v1/teams/114'}, 'player': {'id': 676440, 'fullName': 'Tanner Bibee', 'link': '/api/v1/people/676440'}, 'league': {'id': 103, 'name': 'American League', 'link': '/api/v1/league/103'}, 'sport': {'id': 1, 'link': '/api/v1/sports/1', 'abbreviation': 'MLB'}, 'gameType': 'R'}]",season,pitching
[],"[{'season': '2026', 'stat': {'age': 28, 'gamesPlayed': 6, 'gamesStarted': 0, 'groundOuts': 4, 'airOuts': 10, 'runs': 0, 'doubles': 0, 'triples': 1, 'homeRuns': 0, 'strikeOuts': 11, 'baseOnBalls': 3, 'intentionalWalks': 1, 'hits': 2, 'hitByPitch': 0, 'avg': '.074', 'atBats': 27, 'obp': '.167', 'slg': '.148', 'ops': '.315', 'caughtStealing': 0, 'stolenBases': 1, 'stolenBasePercentage': '1.000', 'caughtStealingPercentage': '.000', 'groundIntoDoublePlay': 1, 'numberOfPitches': 112, 'era': '0.00', 'inningsPitched': '8.2', 'wins': 0, 'losses': 0, 'saves': 0, 'saveOpportunities': 0, 'holds': 0, 'blownSaves': 0, 'earnedRuns': 0, 'whip': '0.58', 'battersFaced': 30, 'outs': 26, 'gamesPitched': 6, 'completeGames': 0, 'shutouts': 0, 'strikes': 77, 'strikePercentage': '.690', 'hitBatsmen': 0, 'balks': 0, 'wildPitches': 0, 'pickoffs': 0, 'totalBases': 4, 'groundOutsToAirouts': '0.40', 'winPercentage': '.---', 'pitchesPerInning': '12.92', 'gamesFinished': 1, 'strikeoutWalkRatio': '3.67', 'strikeoutsPer9Inn': '11.42', 'walksPer9Inn': '3.12', 'hitsPer9Inn': '2.08', 'runsScoredPer9': '0.00', 'homeRunsPer9': '0.00', 'inheritedRunners': 3, 'inheritedRunnersScored': 0, 'catchersInterference': 0, 'sacBunts': 0, 'sacFlies': 0}, 'team': {'id': 141, 'name': 'Toronto Blue Jays', 'link': '/api/v1/teams/141'}, 'player': {'id': 676454, 'fullName': 'Brendan Cellucci', 'link': '/api/v1/people/676454'}, 'league': {'id': 103, 'name': 'American League', 'link': '/api/v1/league/103'}, 'sport': {'id': 1, 'link': '/api/v1/sports/1', 'abbreviation': 'MLB'}, 'gameType': 'R'}]",season,pitching
[],"[{'season': '2026', 'stat': {'age': 30, 'gamesPlayed': 54, 'gamesStarted': 0, 'groundOuts': 41, 'airOuts': 51, 'runs': 13, 'doubles': 6, 'triples': 0, 'homeRuns': 3, 'strikeOuts': 59, 'baseOnBalls': 9, 'intentionalWalks': 0, 'hits': 38, 'hitByPitch': 0, 'avg': '.204', 'atBats': 186, 'obp': '.239', 'slg': '.285', 'ops': '.524', 'caughtStealing': 0, 'stolenBases': 3, 'stolenBasePercentage': '1.000', 'caughtStealingPercentage': '.000', 'groundIntoDoublePlay': 4, 'numberOfPitches': 743, 'era': '1.72', 'inningsPitched': '52.1', 'wins': 7, 'losses': 2, 'saves': 4, 'saveOpportunities': 8, 'holds': 26, 'blownSaves': 4, 'earnedRuns': 10, 'whip': '0.90', 'battersFaced': 198, 'outs': 157, 'gamesPitched': 54, 'completeGames': 0, 'shutouts': 0, 'strikes': 531, 'strikePercentage': '.710', 'hitBatsmen': 0, 'balks': 0, 'wildPitches': 2, 'pickoffs': 0, 'totalBases': 53, 'groundOutsToAirouts': '0.80', 'winPercentage': '.778', 'pitchesPerInning': '14.20', 'gamesFinished': 11, 'strikeoutWalkRatio': '6.56', 'strikeoutsPer9Inn': '10.15', 'walksPer9Inn': '1.55', 'hitsPer9Inn': '6.54', 'runsScoredPer9': '2.24', 'homeRunsPer9': '0.52', 'inheritedRunners': 6, 'inheritedRunnersScored': 3, 'catchersInterference': 0, 'sacBunts': 1, 'sacFlies': 2}, 'team': {'id': 111, 'name': 'Boston Red Sox', 'link': '/api/v1/teams/111'}, 'player': {'id': 676477, 'fullName': 'Garrett Whitlock', 'link': '/api/v1/people/676477'}, 'league': {'id': 103, 'name': 'American League', 'link': '/api/v1/league/103'}, 'sport': {'id': 1, 'link': '/api/v1/sports/1', 'abbreviation': 'MLB'}, 'gameType': 'R'}]",season,pitching
[],"[{'season': '2026', 'stat': {'age': 26, 'gamesPlayed': 21, 'gamesStarted': 0, 'groundOuts': 17, 'airOuts': 18, 'runs': 17, 'doubles': 2, 'triples': 2, 'homeRuns': 2, 'strikeOuts': 20, 'baseOnBalls': 11, 'intentionalWalks': 0, 'hits': 21, 'hitByPitch': 1, 'avg': '.276', 'atBats': 76, 'obp': '.375', 'slg': '.434', 'ops': '.809', 'caughtStealing': 3, 'stolenBases': 2, 'stolenBasePercentage': '.400', 'caughtStealingPercentage': '.600', 'groundIntoDoublePlay': 2, 'numberOfPitches': 380, 'era': '6.86', 'inningsPitched': '19.2', 'wins': 0, 'losses': 3, 'saves': 0, 'saveOpportunities': 0, 'holds': 5, 'blownSaves': 0, 'earnedRuns': 15, 'whip': '1.63', 'battersFaced': 88, 'outs': 59, 'gamesPitched': 21, 'completeGames': 0, 'shutouts': 0, 'strikes': 231, 'strikePercentage': '.610', 'hitBatsmen': 1, 'balks': 0, 'wildPitches': 1, 'pickoffs': 1, 'totalBases': 33, 'groundOutsToAirouts': '0.94', 'winPercentage': '.000', 'pitchesPerInning': '19.32', 'gamesFinished': 4, 'strikeoutWalkRatio': '1.82', 'strikeoutsPer9Inn': '9.15', 'walksPer9Inn': '5.03', 'hitsPer9Inn': '9.61', 'runsScoredPer9': '7.78', 'homeRunsPer9': '0.92', 'inheritedRunners': 6, 'inheritedRunnersScored': 4, 'catchersInterference': 0, 'sacBunts': 0, 'sacFlies': 0}, 'team': {'id': 108, 'name': 'Los Angeles Angels', 'link': '/api/v1/teams/108'}, 'player': {'id': 684665, 'fullName': 'Luke Murphy', 'link': '/api/v1/people/684665'}, 'league': {'id': 103, 'name': 'American League', 'link': '/api/v1/league/103'}, 'sport': {'id': 1, 'link': '/api/v1/sports/1', 'abbreviation': 'MLB'}, 'gameType': 'R'}]",season,pitching
[],"[{'season': '2026', 'stat': {'age': 32, 'gamesPlayed': 75, 'gamesStarted': 0, 'groundOuts': 59, 'airOuts': 71, 'runs': 26, 'doubles': 10, 'triples': 0, 'homeRuns': 9, 'strikeOuts': 68, 'baseOnBalls': 22, 'intentionalWalks': 3, 'hits': 43, 'hitByPitch': 2, 'avg': '.180', 'atBats': 239, 'obp': '.255', 'slg': '.335', 'ops': '.590', 'caughtStealing': 1, 'stolenBases': 5, 'stolenBasePercentage': '.833', 'caughtStealingPercentage': '.167', 'groundIntoDoublePlay': 1, 'numberOfPitches': 997, 'era': '3.09', 'inningsPitched': '67.0', 'wins': 5, 'losses': 1, 'saves': 10, 'saveOpportunities': 16, 'holds': 19, 'blownSaves': 6, 'earnedRuns': 23, 'whip': '0.97', 'battersFaced': 265, 'outs': 201, 'gamesPitched': 75, 'completeGames': 0, 'shutouts': 0, 'strikes': 642, 'strikePercentage': '.640', 'hitBatsmen': 2, 'balks': 0, 'wildPitches': 0, 'pickoffs': 0, 'totalBases': 80, 'groundOutsToAirouts': '0.83', 'winPercentage': '.833', 'pitchesPerInning': '14.88', 'gamesFinished': 24, 'strikeoutWalkRatio': '3.09', 'strikeoutsPer9Inn': '9.13', 'walksPer9Inn': '2.96', 'hitsPer9Inn': '5.78', 'runsScoredPer9': '3.49', 'homeRunsPer9': '1.21', 'inheritedRunners': 38, 'inheritedRunnersScored': 6, 'catchersInterference': 0, 'sacBunts': 2, 'sacFlies': 0}, 'team': {'id': 110, 'name': 'Baltimore Orioles', 'link': '/api/v1/teams/110'}, 'player': {'id': 670329, 'fullName': 'Rico Garcia', 'link': '/api/v1/people/670329'}, 'league': {'id': 103, 'name': 'American League', 'link': '/api/v1/league/103'}, 'sport': {'id': 1, 'link': '/api/v1/sports/1', 'abbreviation': 'MLB'}, 'gameType': 'R'}]",season,pitching
[],"[{'season': '2026', 'stat': {'age': 22, 'gamesPlayed': 7, 'gamesStarted': 0, 'groundOuts': 22, 'airOuts': 12, 'runs': 8, 'doubles': 6, 'triples': 1, 'homeRuns': 2, 'strikeOuts': 12, 'baseOnBalls': 7, 'intentionalWalks': 0, 'hits': 17, 'hitByPitch': 1, 'avg': '.274', 'atBats': 62, 'obp': '.352', 'slg': '.500', 'ops': '.852', 'caughtStealing': 0, 'stolenBases': 1, 'stolenBasePercentage': '1.000', 'caughtStealingPercentage': '.000', 'groundIntoDoublePlay': 3, 'numberOfPitches': 263, 'era': '4.41', 'inningsPitched': '16.1', 'wins': 0, 'losses': 0, 'saves': 0, 'saveOpportunities': 0, 'holds': 0, 'blownSaves': 0, 'earnedRuns': 8, 'whip': '1.47', 'battersFaced': 71, 'outs': 49, 'gamesPitched': 7, 'completeGames': 0, 'shutouts': 0, 'strikes': 179, 'strikePercentage': '.680', 'hitBatsmen': 1, 'balks': 0, 'wildPitches': 0, 'pickoffs': 0, 'totalBases': 31, 'groundOutsToAirouts': '1.83', 'winPercentage': '.---', 'pitchesPerInning': '16.10', 'gamesFinished': 4, 'strikeoutWalkRatio': '1.71', 'strikeoutsPer9Inn': '6.61', 'walksPer9Inn': '3.86', 'hitsPer9Inn': '9.37', 'runsScoredPer9': '4.41', 'homeRunsPer9': '1.10', 'inheritedRunners': 1, 'inheritedRunnersScored': 0, 'catchersInterference': 0, 'sacBunts': 0, 'sacFlies': 1}, 'team': {'id': 134, 'name': 'Pittsburgh Pirates', 'link': '/api/v1/teams/134'}, 'player': {'id': 699008, 'fullName': 'Antwone Kelly', 'link': '/api/v1/people/699008'}, 'league': {'id': 104, 'name': 'National League', 'link': '/api/v1/league/104'}, 'sport': {'id': 1, 'link': '/api/v1/sports/1', 'abbreviation': 'MLB'}, 'gameType': 'R'}]",season,pitching
[],"[{'season': '2026', 'stat': {'age': 28, 'gamesPlayed': 1, 'gamesStarted': 0, 'groundOuts': 4, 'airOuts': 3, 'runs': 4, 'doubles': 0, 'triples': 0, 'homeRuns': 3, 'strikeOuts': 5, 'baseOnBalls': 0, 'intentionalWalks': 0, 'hits': 5, 'hitByPitch': 0, 'avg': '.294', 'atBats': 17, 'obp': '.294', 'slg': '.824', 'ops': '1.118', 'caughtStealing': 0, 'stolenBases': 0, 'stolenBasePercentage': '.---', 'caughtStealingPercentage': '.---', 'groundIntoDoublePlay': 0, 'numberOfPitches': 62, 'era': '9.00', 'inningsPitched': '4.0', 'wins': 0, 'losses': 0, 'saves': 0, 'saveOpportunities': 0, 'holds': 0, 'blownSaves': 0, 'earnedRuns': 4, 'whip': '1.25', 'battersFaced': 17, 'outs': 12, 'gamesPitched': 1, 'completeGames': 0, 'shutouts': 0, 'strikes': 47, 'strikePercentage': '.760', 'hitBatsmen': 0, 'balks': 0, 'wildPitches': 0, 'pickoffs': 0, 'totalBases': 14, 'groundOutsToAirouts': '1.33', 'winPercentage': '.---', 'pitchesPerInning': '15.50', 'gamesFinished': 0, 'strikeoutWalkRatio': '-.--', 'strikeoutsPer9Inn': '11.25', 'walksPer9Inn': '0.00', 'hitsPer9Inn': '11.25', 'runsScoredPer9': '9.00', 'homeRunsPer9': '6.75', 'inheritedRunners': 0, 'inheritedRunnersScored': 0, 'catchersInterference': 0, 'sacBunts': 0, 'sacFlies': 0}, 'team': {'id': 113, 'name': 'Cincinnati Reds', 'link': '/api/v1/teams/113'}, 'player': {'id': 686730, 'fullName': 'Carson Spiers', 'link': '/api/v1/people/686730'}, 'league': {'id': 104, 'name': 'National League', 'link': '/api/v1/league/104'}, 'sport': {'id': 1, 'link': '/api/v1/sports/1', 'abbreviation': 'MLB'}, 'gameType': 'R'}]",season,pitching
[],"[{'season': '2026', 'stat': {'age': 33, 'gamesPlayed': 70, 'gamesStarted': 1, 'groundOuts': 80, 'airOuts': 84, 'runs': 27, 'doubles': 11, 'triples': 1, 'homeRuns': 7, 'strikeOuts': 45, 'baseOnBalls': 14, 'intentionalWalks': 2, 'hits': 56, 'hitByPitch': 3, 'avg': '.216', 'atBats': 259, 'obp': '.261', 'slg': '.347', 'ops': '.608', 'caughtStealing': 1, 'stolenBases': 1, 'stolenBasePercentage': '.500', 'caughtStealingPercentage': '.500', 'groundIntoDoublePlay': 5, 'numberOfPitches': 1045, 'era': '2.86', 'inningsPitched': '72.1', 'wins': 2, 'losses': 4, 'saves': 0, 'saveOpportunities': 2, 'holds': 14, 'blownSaves': 2, 'earnedRuns': 23, 'whip': '0.97', 'battersFaced': 282, 'outs': 217, 'gamesPitched': 70, 'completeGames': 0, 'shutouts': 0, 'strikes': 659, 'strikePercentage': '.630', 'hitBatsmen': 3, 'balks': 0, 'wildPitches': 1, 'pickoffs': 4, 'totalBases': 90, 'groundOutsToAirouts': '0.95', 'winPercentage': '.333', 'pitchesPerInning': '14.45', 'gamesFinished': 10, 'strikeoutWalkRatio': '3.21', 'strikeoutsPer9Inn': '5.60', 'walksPer9Inn': '1.74', 'hitsPer9Inn': '6.97', 'runsScoredPer9': '3.36', 'homeRunsPer9': '0.87', 'inheritedRunners': 18, 'inheritedRunnersScored': 10, 'catchersInterference': 0, 'sacBunts': 2, 'sacFlies': 4}, 'team': {'id': 109, 'name': 'Arizona Diamondbacks', 'link': '/api/v1/teams/109'}, 'player': {'id': 664199, 'fullName': 'Taylor Clarke', 'link': '/api/v1/people/664199'}, 'league': {'id': 104, 'name': 'National League', 'link': '/api/v1/league/104'}, 'sport': {'id': 1, 'link': '/api/v1/sports/1', 'abbreviation': 'MLB'}, 'gameType': 'R'}]",season,pitching
[],"[{'season': '2026', 'stat': {'age': 28, 'gamesPlayed': 14, 'gamesStarted': 0, 'groundOuts': 15, 'airOuts': 13, 'runs': 6, 'doubles': 3, 'triples': 0, 'homeRuns': 0, 'strikeOuts': 11, 'baseOnBalls': 6, 'intentionalWalks': 0, 'hits': 16, 'hitByPitch': 3, 'avg': '.308', 'atBats': 52, 'obp': '.397', 'slg': '.365', 'ops': '.762', 'caughtStealing': 0, 'stolenBases': 0, 'stolenBasePercentage': '.---', 'caughtStealingPercentage': '.---', 'groundIntoDoublePlay': 2, 'numberOfPitches': 222, 'era': '3.77', 'inningsPitched': '14.1', 'wins': 0, 'losses': 0, 'saves': 0, 'saveOpportunities': 0, 'holds': 3, 'blownSaves': 0, 'earnedRuns': 6, 'whip': '1.53', 'battersFaced': 64, 'outs': 43, 'gamesPitched': 14, 'completeGames': 0, 'shutouts': 0, 'strikes': 136, 'strikePercentage': '.610', 'hitBatsmen': 3, 'balks': 0, 'wildPitches': 0, 'pickoffs': 0, 'totalBases': 19, 'groundOutsToAirouts': '1.15', 'winPercentage': '.---', 'pitchesPerInning': '15.49', 'gamesFinished': 5, 'strikeoutWalkRatio': '1.83', 'strikeoutsPer9Inn': '6.91', 'walksPer9Inn': '3.77', 'hitsPer9Inn': '10.05', 'runsScoredPer9': '3.77', 'homeRunsPer9': '0.00', 'inheritedRunners': 11, 'inheritedRunnersScored': 5, 'catchersInterference': 0, 'sacBunts': 1, 'sacFlies': 2}, 'player': {'id': 676510, 'fullName': 'Nolan Hoffman', 'link': '/api/v1/people/676510'}, 'sport': {'id': 1, 'link': '/api/v1/sports/1', 'abbreviation': 'MLB'}, 'gameType': 'R', 'numTeams': 2, 'numLeagues': 2}, {'season': '2026', 'stat': {'age': 28, 'gamesPlayed': 11, 'gamesStarted': 0, 'groundOuts': 12, 'airOuts': 6, 'runs': 4, 'doubles': 3, 'triples': 0, 'homeRuns': 0, 'strikeOuts': 9, 'baseOnBalls': 3, 'intentionalWalks': 0, 'hits': 10, 'hitByPitch': 3, 'avg': '.278', 'atBats': 36, 'obp': '.381', 'slg': '.361', 'ops': '.742', 'caughtStealing': 0, 'stolenBases': 0, 'stolenBasePercentage': '.---', 'caughtStealingPercentage': '.---', 'groundIntoDoublePlay': 1, 'numberOfPitches': 140, 'era': '3.72', 'inningsPitched': '9.2', 'wins': 0, 'losses': 0, 'saves': 0, 'saveOpportunities': 0, 'holds': 3, 'blownSaves': 0, 'earnedRuns': 4, 'whip': '1.34', 'battersFaced': 43, 'outs': 29, 'gamesPitched': 11, 'completeGames': 0, 'shutouts': 0, 'strikes': 90, 'strikePercentage': '.640', 'hitBatsmen': 3, 'balks': 0, 'wildPitches': 0, 'pickoffs': 0, 'totalBases': 13, 'groundOutsToAirouts': '2.00', 'winPercentage': '.---', 'pitchesPerInning': '14.48', 'gamesFinished': 3, 'strikeoutWalkRatio': '3.00', 'strikeoutsPer9Inn': '8.38', 'walksPer9Inn': '2.79', 'hitsPer9Inn': '9.31', 'runsScoredPer9': '3.72', 'homeRunsPer9': '0.00', 'inheritedRunners': 10, 'inheritedRunnersScored': 5, 'catchersInterference': 0, 'sacBunts': 1, 'sacFlies': 0}, 'team': {'id': 118, 'name': 'Kansas City Royals', 'link': '/api/v1/teams/118'}, 'player': {'id': 676510, 'fullName': 'Nolan Hoffman', 'link': '/api/v1/people/676510'}, 'league': {'id': 103, 'name': 'American League', 'link': '/api/v1/league/103'}, 'sport': {'id': 1, 'link': '/api/v1/sports/1', 'abbreviation': 'MLB'}, 'gameType': 'R'}, {'season': '2026', 'stat': {'age': 28, 'gamesPlayed': 3, 'gamesStarted': 0, 'groundOuts': 3, 'airOuts': 7, 'runs': 2, 'doubles': 0, 'triples': 0, 'homeRuns': 0, 'strikeOuts': 2, 'baseOnBalls': 3, 'intentionalWalks': 0, 'hits': 6, 'hitByPitch': 0, 'avg': '.375', 'atBats': 16, 'obp': '.429', 'slg': '.375', 'ops': '.804', 'caughtStealing': 0, 'stolenBases': 0, 'stolenBasePercentage': '.---', 'caughtStealingPercentage': '.---', 'groundIntoDoublePlay': 1, 'numberOfPitches': 82, 'era': '3.86', 'inningsPitched': '4.2', 'wins': 0, 'losses': 0, 'saves': 0, 'saveOpportunities': 0, 'holds': 0, 'blownSaves': 0, 'earnedRuns': 2, 'whip': '1.93', 'battersFaced': 21, 'outs': 14, 'gamesPitched': 3, 'completeGames': 0, 'shutouts': 0, 'strikes': 46, 'strikePercentage': '.560', 'hitBatsmen': 0, 'balks': 0, 'wildPitches': 0, 'pickoffs': 0, 'totalBases': 6, 'groundOutsToAirouts': '0.43', 'winPercentage': '.---', 'pitchesPerInning': '17.57', 'gamesFinished': 2, 'strikeoutWalkRatio': '0.67', 'strikeoutsPer9Inn': '3.86', 'walksPer9Inn': '5.79', 'hitsPer9Inn': '11.57', 'runsScoredPer9': '3.86', 'homeRunsPer9': '0.00', 'inheritedRunners': 1, 'inheritedRunnersScored': 0, 'catchersInterference': 0, 'sacBunts': 0, 'sacFlies': 2}, 'team': {'id': 143, 'name': 'Philadelphia Phillies', 'link': '/api/v1/teams/143'}, 'player': {'id': 676510, 'fullName': 'Nolan Hoffman', 'link': '/api/v1/people/676510'}, 'league': {'id': 104, 'name': 'National League', 'link': '/api/v1/league/104'}, 'sport': {'id': 1, 'link': '/api/v1/sports/1', 'abbreviation': 'MLB'}, 'gameType': 'R'}]",season,pitching
[],"[{'season': '2026', 'stat': {'age': 27, 'gamesPlayed': 27, 'gamesStarted': 0, 'groundOuts': 26, 'airOuts': 30, 'runs': 24, 'doubles': 11, 'triples': 0, 'homeRuns': 5, 'strikeOuts': 38, 'baseOnBalls': 18, 'intentionalWalks': 0, 'hits': 36, 'hitByPitch': 2, 'avg': '.277', 'atBats': 130, 'obp': '.373', 'slg': '.477', 'ops': '.850', 'caughtStealing': 0, 'stolenBases': 5, 'stolenBasePercentage': '1.000', 'caughtStealingPercentage': '.000', 'groundIntoDoublePlay': 3, 'numberOfPitches': 569, 'era': '6.19', 'inningsPitched': '32.0', 'wins': 1, 'losses': 0, 'saves': 0, 'saveOpportunities': 1, 'holds': 0, 'blownSaves': 1, 'earnedRuns': 22, 'whip': '1.69', 'battersFaced': 150, 'outs': 96, 'gamesPitched': 27, 'completeGames': 0, 'shutouts': 0, 'strikes': 361, 'strikePercentage': '.630', 'hitBatsmen': 2, 'balks': 0, 'wildPitches': 1, 'pickoffs': 0, 'totalBases': 62, 'groundOutsToAirouts': '0.87', 'winPercentage': '1.000', 'pitchesPerInning': '17.78', 'gamesFinished': 7, 'strikeoutWalkRatio': '2.11', 'strikeoutsPer9Inn': '10.69', 'walksPer9Inn': '5.06', 'hitsPer9Inn': '10.13', 'runsScoredPer9': '6.75', 'homeRunsPer9': '1.41', 'inheritedRunners': 13, 'inheritedRunnersScored': 6, 'catchersInterference': 0, 'sacBunts': 0, 'sacFlies': 0}, 'player': {'id': 686751, 'fullName': 'Seth Johnson', 'link': '/api/v1/people/686751'}, 'sport': {'id': 1, 'link': '/api/v1/sports/1', 'abbreviation': 'MLB'}, 'gameType': 'R', 'numTeams': 2, 'numLeagues': 2}, {'season': '2026', 'stat': {'age': 27, 'gamesPlayed': 11, 'gamesStarted': 0, 'groundOuts': 12, 'airOuts': 14, 'runs': 12, 'doubles': 7, 'triples': 0, 'homeRuns': 4, 'strikeOuts': 18, 'baseOnBalls': 4, 'intentionalWalks': 0, 'hits': 21, 'hitByPitch': 1, 'avg': '.323', 'atBats': 65, 'obp': '.371', 'slg': '.615', 'ops': '.986', 'caughtStealing': 0, 'stolenBases': 4, 'stolenBasePercentage': '1.000', 'caughtStealingPercentage': '.000', 'groundIntoDoublePlay': 3, 'numberOfPitches': 246, 'era': '6.89', 'inningsPitched': '15.2', 'wins': 0, 'losses': 0, 'saves': 0, 'saveOpportunities': 0, 'holds': 0, 'blownSaves': 0, 'earnedRuns': 12, 'whip': '1.60', 'battersFaced': 70, 'outs': 47, 'gamesPitched': 11, 'completeGames': 0, 'shutouts': 0, 'strikes': 166, 'strikePercentage': '.670', 'hitBatsmen': 1, 'balks': 0, 'wildPitches': 0, 'pickoffs': 0, 'totalBases': 40, 'groundOutsToAirouts': '0.86', 'winPercentage': '.---', 'pitchesPerInning': '15.70', 'gamesFinished': 3, 'strikeoutWalkRatio': '4.50', 'strikeoutsPer9Inn': '10.34', 'walksPer9Inn': '2.30', 'hitsPer9Inn': '12.06', 'runsScoredPer9': '6.89', 'homeRunsPer9': '2.30', 'inheritedRunners': 2, 'inheritedRunnersScored': 0, 'catchersInterference': 0, 'sacBunts': 0, 'sacFlies': 0}, 'team': {'id': 133, 'name': 'Athletics', 'link': '/api/v1/teams/133'}, 'player': {'id': 686751, 'fullName': 'Seth Johnson', 'link': '/api/v1/people/686751'}, 'league': {'id': 103, 'name': 'American League', 'link': '/api/v1/league/103'}, 'sport': {'id': 1, 'link': '/api/v1/sports/1', 'abbreviation': 'MLB'}, 'gameType': 'R'}, {'season': '2026', 'stat': {'age': 27, 'gamesPlayed': 16, 'gamesStarted': 0, 'groundOuts': 14, 'airOuts': 16, 'runs': 12, 'doubles': 4, 'triples': 0, 'homeRuns': 1, 'strikeOuts': 20, 'baseOnBalls': 14, 'intentionalWalks': 0, 'hits': 15, 'hitByPitch': 1, 'avg': '.231', 'atBats': 65, 'obp': '.375', 'slg': '.338', 'ops': '.713', 'caughtStealing': 0, 'stolenBases': 1, 'stolenBasePercentage': '1.000', 'caughtStealingPercentage': '.000', 'groundIntoDoublePlay': 0, 'numberOfPitches': 323, 'era': '5.51', 'inningsPitched': '16.1', 'wins': 1, 'losses': 0, 'saves': 0, 'saveOpportunities': 1, 'holds': 0, 'blownSaves': 1, 'earnedRuns': 10, 'whip': '1.78', 'battersFaced': 80, 'outs': 49, 'gamesPitched': 16, 'completeGames': 0, 'shutouts': 0, 'strikes': 195, 'strikePercentage': '.600', 'hitBatsmen': 1, 'balks': 0, 'wildPitches': 1, 'pickoffs': 0, 'totalBases': 22, 'groundOutsToAirouts': '0.88', 'winPercentage': '1.000', 'pitchesPerInning': '19.78', 'gamesFinished': 4, 'strikeoutWalkRatio': '1.43', 'strikeoutsPer9Inn': '11.02', 'walksPer9Inn': '7.71', 'hitsPer9Inn': '8.27', 'runsScoredPer9': '6.61', 'homeRunsPer9': '0.55', 'inheritedRunners': 11, 'inheritedRunnersScored': 6, 'catchersInterference': 0, 'sacBunts': 0, 'sacFlies': 0}, 'team': {'id': 143, 'name': 'Philadelphia Phillies', 'link': '/api/v1/teams/143'}, 'player': {'id': 686751, 'fullName': 'Seth Johnson', 'link': '/api/v1/people/686751'}, 'league': {'id': 104, 'name': 'National League', 'link': '/api/v1/league/104'}, 'sport': {'id': 1, 'link': '/api/v1/sports/1', 'abbreviation': 'MLB'}, 'gameType': 'R'}]",season,pitching
[],"[{'season': '2026', 'stat': {'age': 41, 'gamesPlayed': 17, 'gamesStarted': 17, 'groundOuts': 55, 'airOuts': 113, 'runs': 53, 'doubles': 11, 'triples': 0, 'homeRuns': 15, 'strikeOuts': 61, 'baseOnBalls': 34, 'intentionalWalks': 0, 'hits': 72, 'hitByPitch': 2, 'avg': '.241', 'atBats': 299, 'obp': '.321', 'slg': '.428', 'ops': '.749', 'caughtStealing': 2, 'stolenBases': 7, 'stolenBasePercentage': '.778', 'caughtStealingPercentage': '.222', 'groundIntoDoublePlay': 2, 'numberOfPitches': 1347, 'era': '6.14', 'inningsPitched': '77.2', 'wins': 3, 'losses': 9, 'saves': 0, 'saveOpportunities': 0, 'holds': 0, 'blownSaves': 0, 'earnedRuns': 53, 'whip': '1.36', 'battersFaced': 337, 'outs': 233, 'gamesPitched': 17, 'completeGames': 0, 'shutouts': 0, 'strikes': 865, 'strikePercentage': '.640', 'hitBatsmen': 2, 'balks': 1, 'wildPitches': 3, 'pickoffs': 0, 'totalBases': 128, 'groundOutsToAirouts': '0.49', 'winPercentage': '.250', 'pitchesPerInning': '17.34', 'gamesFinished': 0, 'strikeoutWalkRatio': '1.79', 'strikeoutsPer9Inn': '7.07', 'walksPer9Inn': '3.94', 'hitsPer9Inn': '8.34', 'runsScoredPer9': '6.14', 'homeRunsPer9': '1.74', 'inheritedRunners': 0, 'inheritedRunnersScored': 0, 'catchersInterference': 0, 'sacBunts': 1, 'sacFlies': 1}, 'team': {'id': 141, 'name': 'Toronto Blue Jays', 'link': '/api/v1/teams/141'}, 'player': {'id': 453286, 'fullName': 'Max Scherzer', 'link': '/api/v1/people/453286'}, 'league': {'id': 103, 'name': 'American League', 'link': '/api/v1/league/103'}, 'sport': {'id': 1, 'link': '/api/v1/sports/1', 'abbreviation': 'MLB'}, 'gameType': 'R'}]",season,pitching
[],"[{'season': '2026', 'stat': {'age': 31, 'gamesPlayed': 67, 'gamesStarted': 0, 'groundOuts': 37, 'airOuts': 61, 'runs': 37, 'doubles': 9, 'triples': 3, 'homeRuns': 5, 'strikeOuts': 70, 'baseOnBalls': 28, 'intentionalWalks': 3, 'hits': 64, 'hitByPitch': 8, 'avg': '.277', 'atBats': 231, 'obp': '.375', 'slg': '.407', 'ops': '.782', 'caughtStealing': 2, 'stolenBases': 14, 'stolenBasePercentage': '.875', 'caughtStealingPercentage': '.125', 'groundIntoDoublePlay': 3, 'numberOfPitches': 1112, 'era': '5.43', 'inningsPitched': '58.0', 'wins': 5, 'losses': 4, 'saves': 1, 'saveOpportunities': 4, 'holds': 16, 'blownSaves': 3, 'earnedRuns': 35, 'whip': '1.59', 'battersFaced': 268, 'outs': 174, 'gamesPitched': 67, 'completeGames': 0, 'shutouts': 0, 'strikes': 672, 'strikePercentage': '.600', 'hitBatsmen': 8, 'balks': 0, 'wildPitches': 5, 'pickoffs': 1, 'totalBases': 94, 'groundOutsToAirouts': '0.61', 'winPercentage': '.556', 'pitchesPerInning': '19.17', 'gamesFinished': 6, 'strikeoutWalkRatio': '2.50', 'strikeoutsPer9Inn': '10.86', 'walksPer9Inn': '4.34', 'hitsPer9Inn': '9.93', 'runsScoredPer9': '5.74', 'homeRunsPer9': '0.78', 'inheritedRunners': 7, 'inheritedRunnersScored': 2, 'catchersInterference': 0, 'sacBunts': 1, 'sacFlies': 0}, 'team': {'id': 143, 'name': 'Philadelphia Phillies', 'link': '/api/v1/teams/143'}, 'player': {'id': 621237, 'fullName': 'José Alvarado', 'link': '/api/v1/people/621237'}, 'league': {'id': 104, 'name': 'National League', 'link': '/api/v1/league/104'}, 'sport': {'id': 1, 'link': '/api/v1/sports/1', 'abbreviation': 'MLB'}, 'gameType': 'R'}]",season,pitching
[],"[{'season': '2026', 'stat': {'age': 24, 'gamesPlayed': 10, 'gamesStarted': 2, 'groundOuts': 9, 'airOuts': 21, 'runs': 4, 'doubles': 2, 'triples': 0, 'homeRuns': 2, 'strikeOuts': 15, 'baseOnBalls': 4, 'intentionalWalks': 0, 'hits': 7, 'hitByPitch': 2, 'avg': '.135', 'atBats': 52, 'obp': '.224', 'slg': '.288', 'ops': '.512', 'caughtStealing': 0, 'stolenBases': 1, 'stolenBasePercentage': '1.000', 'caughtStealingPercentage': '.000', 'groundIntoDoublePlay': 2, 'numberOfPitches': 218, 'era': '2.30', 'inningsPitched': '15.2', 'wins': 2, 'losses': 0, 'saves': 0, 'saveOpportunities': 0, 'holds': 0, 'blownSaves': 0, 'earnedRuns': 4, 'whip': '0.70', 'battersFaced': 58, 'outs': 47, 'gamesPitched': 10, 'completeGames': 0, 'shutouts': 0, 'strikes': 141, 'strikePercentage': '.650', 'hitBatsmen': 2, 'balks': 0, 'wildPitches': 0, 'pickoffs': 0, 'totalBases': 15, 'groundOutsToAirouts': '0.43', 'winPercentage': '1.000', 'pitchesPerInning': '13.91', 'gamesFinished': 3, 'strikeoutWalkRatio': '3.75', 'strikeoutsPer9Inn': '8.62', 'walksPer9Inn': '2.30', 'hitsPer9Inn': '4.02', 'runsScoredPer9': '2.30', 'homeRunsPer9': '1.15', 'inheritedRunners': 0, 'inheritedRunnersScored': 0, 'catchersInterference': 0, 'sacBunts': 0, 'sacFlies': 0}, 'team': {'id': 117, 'name': 'Houston Astros', 'link': '/api/v1/teams/117'}, 'player': {'id': 699044, 'fullName': 'Miguel Ullola', 'link': '/api/v1/people/699044'}, 'league': {'id': 103, 'name': 'American League', 'link': '/api/v1/league/103'}, 'sport': {'id': 1, 'link': '/api/v1/sports/1', 'abbreviation': 'MLB'}, 'gameType': 'R'}]",season,pitching
[],"[{'season': '2026', 'stat': {'age': 27, 'gamesPlayed': 70, 'gamesStarted': 0, 'groundOuts': 61, 'airOuts': 68, 'runs': 33, 'doubles': 13, 'triples': 0, 'homeRuns': 10, 'strikeOuts': 66, 'baseOnBalls': 35, 'intentionalWalks': 2, 'hits': 57, 'hitByPitch': 3, 'avg': '.231', 'atBats': 247, 'obp': '.330', 'slg': '.405', 'ops': '.735', 'caughtStealing': 1, 'stolenBases': 11, 'stolenBasePercentage': '.917', 'caughtStealingPercentage': '.083', 'groundIntoDoublePlay': 3, 'numberOfPitches': 1158, 'era': '4.23', 'inningsPitched': '66.0', 'wins': 6, 'losses': 5, 'saves': 4, 'saveOpportunities': 12, 'holds': 21, 'blownSaves': 8, 'earnedRuns': 31, 'whip': '1.39', 'battersFaced': 290, 'outs': 198, 'gamesPitched': 70, 'completeGames': 0, 'shutouts': 0, 'strikes': 746, 'strikePercentage': '.640', 'hitBatsmen': 3, 'balks': 0, 'wildPitches': 1, 'pickoffs': 0, 'totalBases': 100, 'groundOutsToAirouts': '0.90', 'winPercentage': '.545', 'pitchesPerInning': '17.55', 'gamesFinished': 12, 'strikeoutWalkRatio': '1.89', 'strikeoutsPer9Inn': '9.00', 'walksPer9Inn': '4.77', 'hitsPer9Inn': '7.77', 'runsScoredPer9': '4.50', 'homeRunsPer9': '1.36', 'inheritedRunners': 27, 'inheritedRunnersScored': 13, 'catchersInterference': 0, 'sacBunts': 2, 'sacFlies': 3}, 'team': {'id': 138, 'name': 'St. Louis Cardinals', 'link': '/api/v1/teams/138'}, 'player': {'id': 666277, 'fullName': 'George Soriano', 'link': '/api/v1/people/666277'}, 'league': {'id': 104, 'name': 'National League', 'link': '/api/v1/league/104'}, 'sport': {'id': 1, 'link': '/api/v1/sports/1', 'abbreviation': 'MLB'}, 'gameType': 'R'}]",season,pitching
[],"[{'season': '2026', 'stat': {'age': 30, 'gamesPlayed': 68, 'gamesStarted': 0, 'groundOuts': 79, 'airOuts': 47, 'runs': 31, 'doubles': 11, 'triples': 0, 'homeRuns': 1, 'strikeOuts': 71, 'baseOnBalls': 36, 'intentionalWalks': 1, 'hits': 51, 'hitByPitch': 4, 'avg': '.208', 'atBats': 245, 'obp': '.317', 'slg': '.265', 'ops': '.582', 'caughtStealing': 1, 'stolenBases': 8, 'stolenBasePercentage': '.889', 'caughtStealingPercentage': '.111', 'groundIntoDoublePlay': 5, 'numberOfPitches': 1142, 'era': '3.34', 'inningsPitched': '67.1', 'wins': 5, 'losses': 5, 'saves': 3, 'saveOpportunities': 9, 'holds': 18, 'blownSaves': 6, 'earnedRuns': 25, 'whip': '1.29', 'battersFaced': 288, 'outs': 202, 'gamesPitched': 68, 'completeGames': 0, 'shutouts': 0, 'strikes': 700, 'strikePercentage': '.610', 'hitBatsmen': 4, 'balks': 0, 'wildPitches': 6, 'pickoffs': 0, 'totalBases': 65, 'groundOutsToAirouts': '1.68', 'winPercentage': '.500', 'pitchesPerInning': '16.96', 'gamesFinished': 13, 'strikeoutWalkRatio': '1.97', 'strikeoutsPer9Inn': '9.49', 'walksPer9Inn': '4.81', 'hitsPer9Inn': '6.82', 'runsScoredPer9': '4.14', 'homeRunsPer9': '0.13', 'inheritedRunners': 26, 'inheritedRunnersScored': 10, 'catchersInterference': 0, 'sacBunts': 1, 'sacFlies': 2}, 'team': {'id': 146, 'name': 'Miami Marlins', 'link': '/api/v1/teams/146'}, 'player': {'id': 676534, 'fullName': 'Calvin Faucher', 'link': '/api/v1/people/676534'}, 'league': {'id': 104, 'name': 'National League', 'link': '/api/v1/league/104'}, 'sport': {'id': 1, 'link': '/api/v1/sports/1', 'abbreviation': 'MLB'}, 'gameType': 'R'}]",season,pitching
[],"[{'season': '2026', 'stat': {'age': 32, 'gamesPlayed': 20, 'gamesStarted': 0, 'groundOuts': 8, 'airOuts': 18, 'runs': 18, 'doubles': 3, 'triples': 2, 'homeRuns': 3, 'strikeOuts': 27, 'baseOnBalls': 11, 'intentionalWalks': 2, 'hits': 26, 'hitByPitch': 3, 'avg': '.333', 'atBats': 78, 'obp': '.430', 'slg': '.538', 'ops': '.968', 'caughtStealing': 0, 'stolenBases': 6, 'stolenBasePercentage': '1.000', 'caughtStealingPercentage': '.000', 'groundIntoDoublePlay': 0, 'numberOfPitches': 384, 'era': '9.17', 'inningsPitched': '17.2', 'wins': 2, 'losses': 2, 'saves': 7, 'saveOpportunities': 11, 'holds': 0, 'blownSaves': 4, 'earnedRuns': 18, 'whip': '2.09', 'battersFaced': 93, 'outs': 53, 'gamesPitched': 20, 'completeGames': 0, 'shutouts': 0, 'strikes': 245, 'strikePercentage': '.640', 'hitBatsmen': 3, 'balks': 0, 'wildPitches': 1, 'pickoffs': 0, 'totalBases': 42, 'groundOutsToAirouts': '0.44', 'winPercentage': '.500', 'pitchesPerInning': '21.74', 'gamesFinished': 14, 'strikeoutWalkRatio': '2.45', 'strikeoutsPer9Inn': '13.75', 'walksPer9Inn': '5.60', 'hitsPer9Inn': '13.25', 'runsScoredPer9': '9.17', 'homeRunsPer9': '1.53', 'inheritedRunners': 0, 'inheritedRunnersScored': 0, 'catchersInterference': 0, 'sacBunts': 0, 'sacFlies': 1}, 'team': {'id': 119, 'name': 'Los Angeles Dodgers', 'link': '/api/v1/teams/119'}, 'player': {'id': 621242, 'fullName': 'Edwin Díaz', 'link': '/api/v1/people/621242'}, 'league': {'id': 104, 'name': 'National League', 'link': '/api/v1/league/104'}, 'sport': {'id': 1, 'link': '/api/v1/sports/1', 'abbreviation': 'MLB'}, 'gameType': 'R'}]",season,pitching
[],"[{'season': '2026', 'stat': {'age': 27, 'gamesPlayed': 9, 'gamesStarted': 0, 'groundOuts': 10, 'airOuts': 12, 'runs': 3, 'doubles': 0, 'triples': 0, 'homeRuns': 1, 'strikeOuts': 9, 'baseOnBalls': 0, 'intentionalWalks': 0, 'hits': 11, 'hitByPitch': 0, 'avg': '.275', 'atBats': 40, 'obp': '.268', 'slg': '.350', 'ops': '.618', 'caughtStealing': 0, 'stolenBases': 0, 'stolenBasePercentage': '.---', 'caughtStealingPercentage': '.---', 'groundIntoDoublePlay': 4, 'numberOfPitches': 178, 'era': '1.54', 'inningsPitched': '11.2', 'wins': 1, 'losses': 0, 'saves': 0, 'saveOpportunities': 0, 'holds': 0, 'blownSaves': 0, 'earnedRuns': 2, 'whip': '0.94', 'battersFaced': 42, 'outs': 35, 'gamesPitched': 9, 'completeGames': 0, 'shutouts': 0, 'strikes': 122, 'strikePercentage': '.690', 'hitBatsmen': 0, 'balks': 0, 'wildPitches': 0, 'pickoffs': 0, 'totalBases': 14, 'groundOutsToAirouts': '0.83', 'winPercentage': '1.000', 'pitchesPerInning': '15.26', 'gamesFinished': 7, 'strikeoutWalkRatio': '-.--', 'strikeoutsPer9Inn': '6.94', 'walksPer9Inn': '0.00', 'hitsPer9Inn': '8.49', 'runsScoredPer9': '2.31', 'homeRunsPer9': '0.77', 'inheritedRunners': 1, 'inheritedRunnersScored': 0, 'catchersInterference': 0, 'sacBunts': 1, 'sacFlies': 1}, 'team': {'id': 117, 'name': 'Houston Astros', 'link': '/api/v1/teams/117'}, 'player': {'id': 701121, 'fullName': 'Logan VanWey', 'link': '/api/v1/people/701121'}, 'league': {'id': 103, 'name': 'American League', 'link': '/api/v1/league/103'}, 'sport': {'id': 1, 'link': '/api/v1/sports/1', 'abbreviation': 'MLB'}, 'gameType': 'R'}]",season,pitching
[],"[{'season': '2026', 'stat': {'age': 24, 'gamesPlayed': 32, 'gamesStarted': 32, 'groundOuts': 136, 'airOuts': 169, 'runs': 82, 'doubles': 34, 'triples': 2, 'homeRuns': 20, 'strikeOuts': 200, 'baseOnBalls': 49, 'intentionalWalks': 0, 'hits': 146, 'hitByPitch': 11, 'avg': '.227', 'atBats': 643, 'obp': '.291', 'slg': '.379', 'ops': '.670', 'caughtStealing': 3, 'stolenBases': 3, 'stolenBasePercentage': '.500', 'caughtStealingPercentage': '.500', 'groundIntoDoublePlay': 12, 'numberOfPitches': 2890, 'era': '3.82', 'inningsPitched': '174.1', 'wins': 10, 'losses': 11, 'saves': 0, 'saveOpportunities': 0, 'holds': 0, 'blownSaves': 0, 'earnedRuns': 74, 'whip': '1.12', 'battersFaced': 712, 'outs': 523, 'gamesPitched': 32, 'completeGames': 0, 'shutouts': 0, 'strikes': 1864, 'strikePercentage': '.640', 'hitBatsmen': 11, 'balks': 0, 'wildPitches': 2, 'pickoffs': 2, 'totalBases': 244, 'groundOutsToAirouts': '0.80', 'winPercentage': '.476', 'pitchesPerInning': '16.58', 'gamesFinished': 0, 'strikeoutWalkRatio': '4.08', 'strikeoutsPer9Inn': '10.33', 'walksPer9Inn': '2.53', 'hitsPer9Inn': '7.54', 'runsScoredPer9': '4.23', 'homeRunsPer9': '1.03', 'inheritedRunners': 0, 'inheritedRunnersScored': 0, 'catchersInterference': 1, 'sacBunts': 3, 'sacFlies': 5}, 'team': {'id': 134, 'name': 'Pittsburgh Pirates', 'link': '/api/v1/teams/134'}, 'player': {'id': 694973, 'fullName': 'Paul Skenes', 'link': '/api/v1/people/694973'}, 'league': {'id': 104, 'name': 'National League', 'link': '/api/v1/league/104'}, 'sport': {'id': 1, 'link': '/api/v1/sports/1', 'abbreviation': 'MLB'}, 'gameType': 'R'}]",season,pitching
[],"[{'season': '2026', 'stat': {'age': 26, 'gamesPlayed': 17, 'gamesStarted': 0, 'groundOuts': 12, 'airOuts': 16, 'runs': 9, 'doubles': 2, 'triples': 0, 'homeRuns': 2, 'strikeOuts': 15, 'baseOnBalls': 9, 'intentionalWalks': 0, 'hits': 16, 'hitByPitch': 2, 'avg': '.271', 'atBats': 59, 'obp': '.386', 'slg': '.407', 'ops': '.793', 'caughtStealing': 0, 'stolenBases': 0, 'stolenBasePercentage': '.---', 'caughtStealingPercentage': '.---', 'groundIntoDoublePlay': 4, 'numberOfPitches': 256, 'era': '5.06', 'inningsPitched': '16.0', 'wins': 0, 'losses': 2, 'saves': 1, 'saveOpportunities': 3, 'holds': 3, 'blownSaves': 2, 'earnedRuns': 9, 'whip': '1.56', 'battersFaced': 70, 'outs': 48, 'gamesPitched': 17, 'completeGames': 0, 'shutouts': 0, 'strikes': 162, 'strikePercentage': '.630', 'hitBatsmen': 2, 'balks': 0, 'wildPitches': 0, 'pickoffs': 0, 'totalBases': 24, 'groundOutsToAirouts': '0.75', 'winPercentage': '.000', 'pitchesPerInning': '16.00', 'gamesFinished': 7, 'strikeoutWalkRatio': '1.67', 'strikeoutsPer9Inn': '8.44', 'walksPer9Inn': '5.06', 'hitsPer9Inn': '9.00', 'runsScoredPer9': '5.06', 'homeRunsPer9': '1.13', 'inheritedRunners': 10, 'inheritedRunnersScored': 2, 'catchersInterference': 0, 'sacBunts': 0, 'sacFlies': 0}, 'player': {'id': 672442, 'fullName': 'Yovanny Cruz', 'link': '/api/v1/people/672442'}, 'sport': {'id': 1, 'link': '/api/v1/sports/1', 'abbreviation': 'MLB'}, 'gameType': 'R', 'numTeams': 2, 'numLeagues': 2}, {'season': '2026', 'stat': {'age': 26, 'gamesPlayed': 13, 'gamesStarted': 0, 'groundOuts': 8, 'airOuts': 11, 'runs': 8, 'doubles': 1, 'triples': 0, 'homeRuns': 2, 'strikeOuts': 9, 'baseOnBalls': 8, 'intentionalWalks': 0, 'hits': 13, 'hitByPitch': 1, 'avg': '.317', 'atBats': 41, 'obp': '.440', 'slg': '.488', 'ops': '.928', 'caughtStealing': 0, 'stolenBases': 0, 'stolenBasePercentage': '.---', 'caughtStealingPercentage': '.---', 'groundIntoDoublePlay': 3, 'numberOfPitches': 193, 'era': '6.75', 'inningsPitched': '10.2', 'wins': 0, 'losses': 2, 'saves': 1, 'saveOpportunities': 3, 'holds': 3, 'blownSaves': 2, 'earnedRuns': 8, 'whip': '1.97', 'battersFaced': 50, 'outs': 32, 'gamesPitched': 13, 'completeGames': 0, 'shutouts': 0, 'strikes': 116, 'strikePercentage': '.600', 'hitBatsmen': 1, 'balks': 0, 'wildPitches': 0, 'pickoffs': 0, 'totalBases': 20, 'groundOutsToAirouts': '0.73', 'winPercentage': '.000', 'pitchesPerInning': '18.09', 'gamesFinished': 5, 'strikeoutWalkRatio': '1.13', 'strikeoutsPer9Inn': '7.59', 'walksPer9Inn': '6.75', 'hitsPer9Inn': '10.97', 'runsScoredPer9': '6.75', 'homeRunsPer9': '1.69', 'inheritedRunners': 10, 'inheritedRunnersScored': 2, 'catchersInterference': 0, 'sacBunts': 0, 'sacFlies': 0}, 'team': {'id': 120, 'name': 'Washington Nationals', 'link': '/api/v1/teams/120'}, 'player': {'id': 672442, 'fullName': 'Yovanny Cruz', 'link': '/api/v1/people/672442'}, 'league': {'id': 104, 'name': 'National League', 'link': '/api/v1/league/104'}, 'sport': {'id': 1, 'link': '/api/v1/sports/1', 'abbreviation': 'MLB'}, 'gameType': 'R'}, {'season': '2026', 'stat': {'age': 26, 'gamesPlayed': 4, 'gamesStarted': 0, 'groundOuts': 4, 'airOuts': 5, 'runs': 1, 'doubles': 1, 'triples': 0, 'homeRuns': 0, 'strikeOuts': 6, 'baseOnBalls': 1, 'intentionalWalks': 0, 'hits': 3, 'hitByPitch': 1, 'avg': '.167', 'atBats': 18, 'obp': '.250', 'slg': '.222', 'ops': '.472', 'caughtStealing': 0, 'stolenBases': 0, 'stolenBasePercentage': '.---', 'caughtStealingPercentage': '.---', 'groundIntoDoublePlay': 1, 'numberOfPitches': 63, 'era': '1.69', 'inningsPitched': '5.1', 'wins': 0, 'losses': 0, 'saves': 0, 'saveOpportunities': 0, 'holds': 0, 'blownSaves': 0, 'earnedRuns': 1, 'whip': '0.75', 'battersFaced': 20, 'outs': 16, 'gamesPitched': 4, 'completeGames': 0, 'shutouts': 0, 'strikes': 46, 'strikePercentage': '.730', 'hitBatsmen': 1, 'balks': 0, 'wildPitches': 0, 'pickoffs': 0, 'totalBases': 4, 'groundOutsToAirouts': '0.80', 'winPercentage': '.---', 'pitchesPerInning': '11.81', 'gamesFinished': 2, 'strikeoutWalkRatio': '6.00', 'strikeoutsPer9Inn': '10.13', 'walksPer9Inn': '1.69', 'hitsPer9Inn': '5.06', 'runsScoredPer9': '1.69', 'homeRunsPer9': '0.00', 'inheritedRunners': 0, 'inheritedRunnersScored': 0, 'catchersInterference': 0, 'sacBunts': 0, 'sacFlies': 0}, 'team': {'id': 147, 'name': 'New York Yankees', 'link': '/api/v1/teams/147'}, 'player': {'id': 672442, 'fullName': 'Yovanny Cruz', 'link': '/api/v1/people/672442'}, 'league': {'id': 103, 'name': 'American League', 'link': '/api/v1/league/103'}, 'sport': {'id': 1, 'link': '/api/v1/sports/1', 'abbreviation': 'MLB'}, 'gameType': 'R'}]",season,pitching
[],"[{'season': '2026', 'stat': {'age': 25, 'gamesPlayed': 32, 'gamesStarted': 25, 'groundOuts': 152, 'airOuts': 199, 'runs': 64, 'doubles': 27, 'triples': 2, 'homeRuns': 17, 'strikeOuts': 107, 'baseOnBalls': 37, 'intentionalWalks': 2, 'hits': 124, 'hitByPitch': 6, 'avg': '.216', 'atBats': 574, 'obp': '.269', 'slg': '.359', 'ops': '.628', 'caughtStealing': 1, 'stolenBases': 2, 'stolenBasePercentage': '.667', 'caughtStealingPercentage': '.333', 'groundIntoDoublePlay': 8, 'numberOfPitches': 2305, 'era': '3.48', 'inningsPitched': '155.0', 'wins': 10, 'losses': 9, 'saves': 1, 'saveOpportunities': 1, 'holds': 0, 'blownSaves': 0, 'earnedRuns': 60, 'whip': '1.04', 'battersFaced': 625, 'outs': 465, 'gamesPitched': 32, 'completeGames': 0, 'shutouts': 0, 'strikes': 1508, 'strikePercentage': '.650', 'hitBatsmen': 6, 'balks': 0, 'wildPitches': 1, 'pickoffs': 1, 'totalBases': 206, 'groundOutsToAirouts': '0.76', 'winPercentage': '.526', 'pitchesPerInning': '14.87', 'gamesFinished': 3, 'strikeoutWalkRatio': '2.89', 'strikeoutsPer9Inn': '6.21', 'walksPer9Inn': '2.15', 'hitsPer9Inn': '7.20', 'runsScoredPer9': '3.72', 'homeRunsPer9': '0.99', 'inheritedRunners': 2, 'inheritedRunnersScored': 1, 'catchersInterference': 0, 'sacBunts': 4, 'sacFlies': 4}, 'team': {'id': 116, 'name': 'Detroit Tigers', 'link': '/api/v1/teams/116'}, 'player': {'id': 672456, 'fullName': 'Keider Montero', 'link': '/api/v1/people/672456'}, 'league': {'id': 103, 'name': 'American League', 'link': '/api/v1/league/103'}, 'sport': {'id': 1, 'link': '/api/v1/sports/1', 'abbreviation': 'MLB'}, 'gameType': 'R'}]",season,pitching
[],"[{'season': '2026', 'stat': {'age': 35, 'gamesPlayed': 63, 'gamesStarted': 0, 'groundOuts': 43, 'airOuts': 70, 'runs': 24, 'doubles': 6, 'triples': 0, 'homeRuns': 10, 'strikeOuts': 48, 'baseOnBalls': 26, 'intentionalWalks': 4, 'hits': 39, 'hitByPitch': 3, 'avg': '.198', 'atBats': 197, 'obp': '.300', 'slg': '.381', 'ops': '.681', 'caughtStealing': 2, 'stolenBases': 9, 'stolenBasePercentage': '.818', 'caughtStealingPercentage': '.182', 'groundIntoDoublePlay': 5, 'numberOfPitches': 905, 'era': '3.49', 'inningsPitched': '56.2', 'wins': 7, 'losses': 5, 'saves': 1, 'saveOpportunities': 5, 'holds': 14, 'blownSaves': 4, 'earnedRuns': 22, 'whip': '1.15', 'battersFaced': 229, 'outs': 170, 'gamesPitched': 63, 'completeGames': 0, 'shutouts': 0, 'strikes': 571, 'strikePercentage': '.630', 'hitBatsmen': 3, 'balks': 0, 'wildPitches': 1, 'pickoffs': 0, 'totalBases': 75, 'groundOutsToAirouts': '0.61', 'winPercentage': '.583', 'pitchesPerInning': '15.97', 'gamesFinished': 17, 'strikeoutWalkRatio': '1.85', 'strikeoutsPer9Inn': '7.62', 'walksPer9Inn': '4.13', 'hitsPer9Inn': '6.19', 'runsScoredPer9': '3.81', 'homeRunsPer9': '1.59', 'inheritedRunners': 23, 'inheritedRunnersScored': 6, 'catchersInterference': 0, 'sacBunts': 2, 'sacFlies': 1}, 'player': {'id': 641755, 'fullName': 'Tyler Kinley', 'link': '/api/v1/people/641755'}, 'sport': {'id': 1, 'link': '/api/v1/sports/1', 'abbreviation': 'MLB'}, 'gameType': 'R', 'numTeams': 2, 'numLeagues': 2}, {'season': '2026', 'stat': {'age': 35, 'gamesPlayed': 14, 'gamesStarted': 0, 'groundOuts': 17, 'airOuts': 16, 'runs': 3, 'doubles': 0, 'triples': 0, 'homeRuns': 1, 'strikeOuts': 6, 'baseOnBalls': 6, 'intentionalWalks': 0, 'hits': 4, 'hitByPitch': 1, 'avg': '.095', 'atBats': 42, 'obp': '.224', 'slg': '.167', 'ops': '.391', 'caughtStealing': 1, 'stolenBases': 2, 'stolenBasePercentage': '.667', 'caughtStealingPercentage': '.333', 'groundIntoDoublePlay': 1, 'numberOfPitches': 207, 'era': '1.93', 'inningsPitched': '14.0', 'wins': 1, 'losses': 0, 'saves': 0, 'saveOpportunities': 0, 'holds': 3, 'blownSaves': 0, 'earnedRuns': 3, 'whip': '0.71', 'battersFaced': 50, 'outs': 42, 'gamesPitched': 14, 'completeGames': 0, 'shutouts': 0, 'strikes': 135, 'strikePercentage': '.650', 'hitBatsmen': 1, 'balks': 0, 'wildPitches': 0, 'pickoffs': 0, 'totalBases': 7, 'groundOutsToAirouts': '1.06', 'winPercentage': '1.000', 'pitchesPerInning': '14.79', 'gamesFinished': 2, 'strikeoutWalkRatio': '1.00', 'strikeoutsPer9Inn': '3.86', 'walksPer9Inn': '3.86', 'hitsPer9Inn': '2.57', 'runsScoredPer9': '1.93', 'homeRunsPer9': '0.64', 'inheritedRunners': 9, 'inheritedRunnersScored': 1, 'catchersInterference': 0, 'sacBunts': 1, 'sacFlies': 0}, 'team': {'id': 116, 'name': 'Detroit Tigers', 'link': '/api/v1/teams/116'}, 'player': {'id': 641755, 'fullName': 'Tyler Kinley', 'link': '/api/v1/people/641755'}, 'league': {'id': 103, 'name': 'American League', 'link': '/api/v1/league/103'}, 'sport': {'id': 1, 'link': '/api/v1/sports/1', 'abbreviation': 'MLB'}, 'gameType': 'R'}, {'season': '2026', 'stat': {'age': 35, 'gamesPlayed': 49, 'gamesStarted': 0, 'groundOuts': 26, 'airOuts': 54, 'runs': 21, 'doubles': 6, 'triples': 0, 'homeRuns': 9, 'strikeOuts': 42, 'baseOnBalls': 20, 'intentionalWalks': 4, 'hits': 35, 'hitByPitch': 2, 'avg': '.226', 'atBats': 155, 'obp': '.320', 'slg': '.439', 'ops': '.759', 'caughtStealing': 1, 'stolenBases': 7, 'stolenBasePercentage': '.875', 'caughtStealingPercentage': '.125', 'groundIntoDoublePlay': 4, 'numberOfPitches': 698, 'era': '4.01', 'inningsPitched': '42.2', 'wins': 6, 'losses': 5, 'saves': 1, 'saveOpportunities': 5, 'holds': 11, 'blownSaves': 4, 'earnedRuns': 19, 'whip': '1.29', 'battersFaced': 179, 'outs': 128, 'gamesPitched': 49, 'completeGames': 0, 'shutouts': 0, 'strikes': 436, 'strikePercentage': '.620', 'hitBatsmen': 2, 'balks': 0, 'wildPitches': 1, 'pickoffs': 0, 'totalBases': 68, 'groundOutsToAirouts': '0.48', 'winPercentage': '.545', 'pitchesPerInning': '16.36', 'gamesFinished': 15, 'strikeoutWalkRatio': '2.10', 'strikeoutsPer9Inn': '8.86', 'walksPer9Inn': '4.22', 'hitsPer9Inn': '7.38', 'runsScoredPer9': '4.43', 'homeRunsPer9': '1.90', 'inheritedRunners': 14, 'inheritedRunnersScored': 5, 'catchersInterference': 0, 'sacBunts': 1, 'sacFlies': 1}, 'team': {'id': 144, 'name': 'Atlanta Braves', 'link': '/api/v1/teams/144'}, 'player': {'id': 641755, 'fullName': 'Tyler Kinley', 'link': '/api/v1/people/641755'}, 'league': {'id': 104, 'name': 'National League', 'link': '/api/v1/league/104'}, 'sport': {'id': 1, 'link': '/api/v1/sports/1', 'abbreviation': 'MLB'}, 'gameType': 'R'}]",season,pitching
[],"[{'season': '2026', 'stat': {'age': 26, 'gamesPlayed': 72, 'gamesStarted': 0, 'groundOuts': 85, 'airOuts': 51, 'runs': 29, 'doubles': 11, 'triples': 0, 'homeRuns': 7, 'strikeOuts': 54, 'baseOnBalls': 18, 'intentionalWalks': 2, 'hits': 73, 'hitByPitch': 7, 'avg': '.280', 'atBats': 261, 'obp': '.343', 'slg': '.402', 'ops': '.745', 'caughtStealing': 2, 'stolenBases': 2, 'stolenBasePercentage': '.500', 'caughtStealingPercentage': '.500', 'groundIntoDoublePlay': 7, 'numberOfPitches': 1066, 'era': '3.92', 'inningsPitched': '64.1', 'wins': 4, 'losses': 4, 'saves': 3, 'saveOpportunities': 7, 'holds': 13, 'blownSaves': 4, 'earnedRuns': 28, 'whip': '1.41', 'battersFaced': 288, 'outs': 193, 'gamesPitched': 72, 'completeGames': 0, 'shutouts': 0, 'strikes': 715, 'strikePercentage': '.670', 'hitBatsmen': 7, 'balks': 0, 'wildPitches': 5, 'pickoffs': 0, 'totalBases': 105, 'groundOutsToAirouts': '1.67', 'winPercentage': '.500', 'pitchesPerInning': '16.57', 'gamesFinished': 7, 'strikeoutWalkRatio': '3.00', 'strikeoutsPer9Inn': '7.55', 'walksPer9Inn': '2.52', 'hitsPer9Inn': '10.21', 'runsScoredPer9': '4.06', 'homeRunsPer9': '0.98', 'inheritedRunners': 32, 'inheritedRunnersScored': 12, 'catchersInterference': 0, 'sacBunts': 2, 'sacFlies': 0}, 'team': {'id': 136, 'name': 'Seattle Mariners', 'link': '/api/v1/teams/136'}, 'player': {'id': 678606, 'fullName': 'José A. Ferrer', 'link': '/api/v1/people/678606'}, 'league': {'id': 103, 'name': 'American League', 'link': '/api/v1/league/103'}, 'sport': {'id': 1, 'link': '/api/v1/sports/1', 'abbreviation': 'MLB'}, 'gameType': 'R'}]",season,pitching
[],"[{'season': '2026', 'stat': {'age': 28, 'gamesPlayed': 3, 'gamesStarted': 0, 'groundOuts': 3, 'airOuts': 6, 'runs': 0, 'doubles': 1, 'triples': 0, 'homeRuns': 0, 'strikeOuts': 2, 'baseOnBalls': 1, 'intentionalWalks': 0, 'hits': 3, 'hitByPitch': 0, 'avg': '.214', 'atBats': 14, 'obp': '.267', 'slg': '.286', 'ops': '.553', 'caughtStealing': 0, 'stolenBases': 0, 'stolenBasePercentage': '.---', 'caughtStealingPercentage': '.---', 'groundIntoDoublePlay': 1, 'numberOfPitches': 58, 'era': '0.00', 'inningsPitched': '4.0', 'wins': 0, 'losses': 0, 'saves': 1, 'saveOpportunities': 1, 'holds': 0, 'blownSaves': 0, 'earnedRuns': 0, 'whip': '1.00', 'battersFaced': 15, 'outs': 12, 'gamesPitched': 3, 'completeGames': 0, 'shutouts': 0, 'strikes': 35, 'strikePercentage': '.600', 'hitBatsmen': 0, 'balks': 0, 'wildPitches': 0, 'pickoffs': 0, 'totalBases': 4, 'groundOutsToAirouts': '0.50', 'winPercentage': '.---', 'pitchesPerInning': '14.50', 'gamesFinished': 3, 'strikeoutWalkRatio': '2.00', 'strikeoutsPer9Inn': '4.50', 'walksPer9Inn': '2.25', 'hitsPer9Inn': '6.75', 'runsScoredPer9': '0.00', 'homeRunsPer9': '0.00', 'inheritedRunners': 0, 'inheritedRunnersScored': 0, 'catchersInterference': 0, 'sacBunts': 0, 'sacFlies': 0}, 'team': {'id': 120, 'name': 'Washington Nationals', 'link': '/api/v1/teams/120'}, 'player': {'id': 680686, 'fullName': 'Josiah Gray', 'link': '/api/v1/people/680686'}, 'league': {'id': 104, 'name': 'National League', 'link': '/api/v1/league/104'}, 'sport': {'id': 1, 'link': '/api/v1/sports/1', 'abbreviation': 'MLB'}, 'gameType': 'R'}]",season,pitching
[],"[{'season': '2026', 'stat': {'age': 32, 'gamesPlayed': 31, 'gamesStarted': 31, 'groundOuts': 232, 'airOuts': 140, 'runs': 87, 'doubles': 26, 'triples': 2, 'homeRuns': 16, 'strikeOuts': 135, 'baseOnBalls': 67, 'intentionalWalks': 0, 'hits': 170, 'hitByPitch': 14, 'avg': '.253', 'atBats': 671, 'obp': '.332', 'slg': '.370', 'ops': '.702', 'caughtStealing': 0, 'stolenBases': 13, 'stolenBasePercentage': '1.000', 'caughtStealingPercentage': '.000', 'groundIntoDoublePlay': 19, 'numberOfPitches': 2768, 'era': '4.03', 'inningsPitched': '174.0', 'wins': 10, 'losses': 12, 'saves': 0, 'saveOpportunities': 0, 'holds': 0, 'blownSaves': 0, 'earnedRuns': 78, 'whip': '1.36', 'battersFaced': 758, 'outs': 522, 'gamesPitched': 31, 'completeGames': 0, 'shutouts': 0, 'strikes': 1777, 'strikePercentage': '.640', 'hitBatsmen': 14, 'balks': 0, 'wildPitches': 5, 'pickoffs': 0, 'totalBases': 248, 'groundOutsToAirouts': '1.66', 'winPercentage': '.455', 'pitchesPerInning': '15.91', 'gamesFinished': 0, 'strikeoutWalkRatio': '2.01', 'strikeoutsPer9Inn': '6.98', 'walksPer9Inn': '3.47', 'hitsPer9Inn': '8.79', 'runsScoredPer9': '4.50', 'homeRunsPer9': '0.83', 'inheritedRunners': 0, 'inheritedRunnersScored': 0, 'catchersInterference': 0, 'sacBunts': 2, 'sacFlies': 4}, 'team': {'id': 116, 'name': 'Detroit Tigers', 'link': '/api/v1/teams/116'}, 'player': {'id': 664285, 'fullName': 'Framber Valdez', 'link': '/api/v1/people/664285'}, 'league': {'id': 103, 'name': 'American League', 'link': '/api/v1/league/103'}, 'sport': {'id': 1, 'link': '/api/v1/sports/1', 'abbreviation': 'MLB'}, 'gameType': 'R'}]",season,pitching
[],"[{'season': '2026', 'stat': {'age': 31, 'gamesPlayed': 32, 'gamesStarted': 30, 'groundOuts': 164, 'airOuts': 165, 'runs': 84, 'doubles': 28, 'triples': 4, 'homeRuns': 21, 'strikeOuts': 125, 'baseOnBalls': 54, 'intentionalWalks': 0, 'hits': 156, 'hitByPitch': 25, 'avg': '.260', 'atBats': 599, 'obp': '.344', 'slg': '.426', 'ops': '.770', 'caughtStealing': 3, 'stolenBases': 8, 'stolenBasePercentage': '.727', 'caughtStealingPercentage': '.273', 'groundIntoDoublePlay': 8, 'numberOfPitches': 2714, 'era': '4.53', 'inningsPitched': '153.0', 'wins': 9, 'losses': 9, 'saves': 0, 'saveOpportunities': 0, 'holds': 0, 'blownSaves': 0, 'earnedRuns': 77, 'whip': '1.37', 'battersFaced': 689, 'outs': 459, 'gamesPitched': 32, 'completeGames': 0, 'shutouts': 0, 'strikes': 1693, 'strikePercentage': '.620', 'hitBatsmen': 25, 'balks': 2, 'wildPitches': 6, 'pickoffs': 0, 'totalBases': 255, 'groundOutsToAirouts': '0.99', 'winPercentage': '.500', 'pitchesPerInning': '17.74', 'gamesFinished': 0, 'strikeoutWalkRatio': '2.31', 'strikeoutsPer9Inn': '7.35', 'walksPer9Inn': '3.18', 'hitsPer9Inn': '9.18', 'runsScoredPer9': '4.94', 'homeRunsPer9': '1.24', 'inheritedRunners': 1, 'inheritedRunnersScored': 0, 'catchersInterference': 0, 'sacBunts': 6, 'sacFlies': 5}, 'team': {'id': 145, 'name': 'Chicago White Sox', 'link': '/api/v1/teams/145'}, 'player': {'id': 641743, 'fullName': 'Anthony Kay', 'link': '/api/v1/people/641743'}, 'league': {'id': 103, 'name': 'American League', 'link': '/api/v1/league/103'}, 'sport': {'id': 1, 'link': '/api/v1/sports/1', 'abbreviation': 'MLB'}, 'gameType': 'R'}]",season,pitching
[],"[{'season': '2026', 'stat': {'age': 37, 'gamesPlayed': 29, 'gamesStarted': 29, 'groundOuts': 166, 'airOuts': 184, 'runs': 93, 'doubles': 29, 'triples': 4, 'homeRuns': 28, 'strikeOuts': 113, 'baseOnBalls': 70, 'intentionalWalks': 2, 'hits': 166, 'hitByPitch': 4, 'avg': '.268', 'atBats': 619, 'obp': '.343', 'slg': '.464', 'ops': '.807', 'caughtStealing': 4, 'stolenBases': 16, 'stolenBasePercentage': '.800', 'caughtStealingPercentage': '.200', 'groundIntoDoublePlay': 12, 'numberOfPitches': 2621, 'era': '4.94', 'inningsPitched': '162.0', 'wins': 10, 'losses': 14, 'saves': 0, 'saveOpportunities': 0, 'holds': 0, 'blownSaves': 0, 'earnedRuns': 89, 'whip': '1.46', 'battersFaced': 704, 'outs': 486, 'gamesPitched': 29, 'completeGames': 1, 'shutouts': 0, 'strikes': 1656, 'strikePercentage': '.630', 'hitBatsmen': 4, 'balks': 1, 'wildPitches': 1, 'pickoffs': 4, 'totalBases': 287, 'groundOutsToAirouts': '0.90', 'winPercentage': '.417', 'pitchesPerInning': '16.18', 'gamesFinished': 0, 'strikeoutWalkRatio': '1.61', 'strikeoutsPer9Inn': '6.28', 'walksPer9Inn': '3.89', 'hitsPer9Inn': '9.22', 'runsScoredPer9': '5.17', 'homeRunsPer9': '1.56', 'inheritedRunners': 0, 'inheritedRunnersScored': 0, 'catchersInterference': 1, 'sacBunts': 3, 'sacFlies': 7}, 'team': {'id': 109, 'name': 'Arizona Diamondbacks', 'link': '/api/v1/teams/109'}, 'player': {'id': 518876, 'fullName': 'Merrill Kelly', 'link': '/api/v1/people/518876'}, 'league': {'id': 104, 'name': 'National League', 'link': '/api/v1/league/104'}, 'sport': {'id': 1, 'link': '/api/v1/sports/1', 'abbreviation': 'MLB'}, 'gameType': 'R'}]",season,pitching
[],"[{'season': '2026', 'stat': {'age': 32, 'gamesPlayed': 45, 'gamesStarted': 0, 'groundOuts': 31, 'airOuts': 47, 'runs': 6, 'doubles': 4, 'triples': 0, 'homeRuns': 1, 'strikeOuts': 55, 'baseOnBalls': 15, 'intentionalWalks': 0, 'hits': 19, 'hitByPitch': 0, 'avg': '.125', 'atBats': 152, 'obp': '.204', 'slg': '.171', 'ops': '.375', 'caughtStealing': 1, 'stolenBases': 2, 'stolenBasePercentage': '.667', 'caughtStealingPercentage': '.333', 'groundIntoDoublePlay': 0, 'numberOfPitches': 676, 'era': '1.01', 'inningsPitched': '44.2', 'wins': 4, 'losses': 2, 'saves': 26, 'saveOpportunities': 26, 'holds': 0, 'blownSaves': 0, 'earnedRuns': 5, 'whip': '0.76', 'battersFaced': 167, 'outs': 134, 'gamesPitched': 45, 'completeGames': 0, 'shutouts': 0, 'strikes': 464, 'strikePercentage': '.690', 'hitBatsmen': 0, 'balks': 0, 'wildPitches': 1, 'pickoffs': 1, 'totalBases': 26, 'groundOutsToAirouts': '0.66', 'winPercentage': '.667', 'pitchesPerInning': '15.13', 'gamesFinished': 37, 'strikeoutWalkRatio': '3.67', 'strikeoutsPer9Inn': '11.08', 'walksPer9Inn': '3.02', 'hitsPer9Inn': '3.83', 'runsScoredPer9': '1.21', 'homeRunsPer9': '0.20', 'inheritedRunners': 3, 'inheritedRunnersScored': 0, 'catchersInterference': 0, 'sacBunts': 0, 'sacFlies': 0}, 'team': {'id': 117, 'name': 'Houston Astros', 'link': '/api/v1/teams/117'}, 'player': {'id': 623352, 'fullName': 'Josh Hader', 'link': '/api/v1/people/623352'}, 'league': {'id': 103, 'name': 'American League', 'link': '/api/v1/league/103'}, 'sport': {'id': 1, 'link': '/api/v1/sports/1', 'abbreviation': 'MLB'}, 'gameType': 'R'}]",season,pitching
[],"[{'season': '2026', 'stat': {'age': 30, 'gamesPlayed': 17, 'gamesStarted': 0, 'groundOuts': 15, 'airOuts': 21, 'runs': 8, 'doubles': 3, 'triples': 0, 'homeRuns': 3, 'strikeOuts': 15, 'baseOnBalls': 2, 'intentionalWalks': 2, 'hits': 21, 'hitByPitch': 0, 'avg': '.304', 'atBats': 69, 'obp': '.319', 'slg': '.478', 'ops': '.797', 'caughtStealing': 0, 'stolenBases': 2, 'stolenBasePercentage': '1.000', 'caughtStealingPercentage': '.000', 'groundIntoDoublePlay': 0, 'numberOfPitches': 268, 'era': '2.70', 'inningsPitched': '16.2', 'wins': 1, 'losses': 1, 'saves': 0, 'saveOpportunities': 0, 'holds': 3, 'blownSaves': 0, 'earnedRuns': 5, 'whip': '1.38', 'battersFaced': 74, 'outs': 50, 'gamesPitched': 17, 'completeGames': 0, 'shutouts': 0, 'strikes': 188, 'strikePercentage': '.700', 'hitBatsmen': 0, 'balks': 0, 'wildPitches': 1, 'pickoffs': 0, 'totalBases': 33, 'groundOutsToAirouts': '0.71', 'winPercentage': '.500', 'pitchesPerInning': '16.08', 'gamesFinished': 7, 'strikeoutWalkRatio': '7.50', 'strikeoutsPer9Inn': '8.10', 'walksPer9Inn': '1.08', 'hitsPer9Inn': '11.34', 'runsScoredPer9': '4.32', 'homeRunsPer9': '1.62', 'inheritedRunners': 8, 'inheritedRunnersScored': 5, 'catchersInterference': 0, 'sacBunts': 2, 'sacFlies': 1}, 'team': {'id': 108, 'name': 'Los Angeles Angels', 'link': '/api/v1/teams/108'}, 'player': {'id': 676620, 'fullName': 'Blake Weiman', 'link': '/api/v1/people/676620'}, 'league': {'id': 103, 'name': 'American League', 'link': '/api/v1/league/103'}, 'sport': {'id': 1, 'link': '/api/v1/sports/1', 'abbreviation': 'MLB'}, 'gameType': 'R'}]",season,pitching
[],"[{'season': '2026', 'stat': {'age': 31, 'gamesPlayed': 66, 'gamesStarted': 0, 'groundOuts': 67, 'airOuts': 53, 'runs': 35, 'doubles': 10, 'triples': 0, 'homeRuns': 5, 'strikeOuts': 64, 'baseOnBalls': 29, 'intentionalWalks': 4, 'hits': 53, 'hitByPitch': 10, 'avg': '.227', 'atBats': 233, 'obp': '.337', 'slg': '.335', 'ops': '.672', 'caughtStealing': 0, 'stolenBases': 4, 'stolenBasePercentage': '1.000', 'caughtStealingPercentage': '.000', 'groundIntoDoublePlay': 8, 'numberOfPitches': 1064, 'era': '4.08', 'inningsPitched': '64.0', 'wins': 3, 'losses': 9, 'saves': 38, 'saveOpportunities': 46, 'holds': 1, 'blownSaves': 8, 'earnedRuns': 29, 'whip': '1.28', 'battersFaced': 276, 'outs': 192, 'gamesPitched': 66, 'completeGames': 0, 'shutouts': 0, 'strikes': 659, 'strikePercentage': '.620', 'hitBatsmen': 10, 'balks': 0, 'wildPitches': 7, 'pickoffs': 2, 'totalBases': 78, 'groundOutsToAirouts': '1.26', 'winPercentage': '.250', 'pitchesPerInning': '16.63', 'gamesFinished': 54, 'strikeoutWalkRatio': '2.21', 'strikeoutsPer9Inn': '9.00', 'walksPer9Inn': '4.08', 'hitsPer9Inn': '7.45', 'runsScoredPer9': '4.92', 'homeRunsPer9': '0.70', 'inheritedRunners': 12, 'inheritedRunnersScored': 7, 'catchersInterference': 0, 'sacBunts': 3, 'sacFlies': 1}, 'team': {'id': 138, 'name': 'St. Louis Cardinals', 'link': '/api/v1/teams/138'}, 'player': {'id': 676617, 'fullName': ""Riley O'Brien"", 'link': '/api/v1/people/676617'}, 'league': {'id': 104, 'name': 'National League', 'link': '/api/v1/league/104'}, 'sport': {'id': 1, 'link': '/api/v1/sports/1', 'abbreviation': 'MLB'}, 'gameType': 'R'}]",season,pitching
[],"[{'season': '2026', 'stat': {'age': 22, 'gamesPlayed': 5, 'gamesStarted': 1, 'groundOuts': 14, 'airOuts': 13, 'runs': 14, 'doubles': 3, 'triples': 0, 'homeRuns': 4, 'strikeOuts': 8, 'baseOnBalls': 5, 'intentionalWalks': 0, 'hits': 17, 'hitByPitch': 0, 'avg': '.340', 'atBats': 50, 'obp': '.386', 'slg': '.640', 'ops': '1.026', 'caughtStealing': 0, 'stolenBases': 0, 'stolenBasePercentage': '.---', 'caughtStealingPercentage': '.---', 'groundIntoDoublePlay': 0, 'numberOfPitches': 229, 'era': '10.80', 'inningsPitched': '11.2', 'wins': 1, 'losses': 1, 'saves': 0, 'saveOpportunities': 0, 'holds': 0, 'blownSaves': 0, 'earnedRuns': 14, 'whip': '1.89', 'battersFaced': 57, 'outs': 35, 'gamesPitched': 5, 'completeGames': 0, 'shutouts': 0, 'strikes': 145, 'strikePercentage': '.630', 'hitBatsmen': 0, 'balks': 0, 'wildPitches': 0, 'pickoffs': 0, 'totalBases': 32, 'groundOutsToAirouts': '1.08', 'winPercentage': '.500', 'pitchesPerInning': '19.63', 'gamesFinished': 2, 'strikeoutWalkRatio': '1.60', 'strikeoutsPer9Inn': '6.17', 'walksPer9Inn': '3.86', 'hitsPer9Inn': '13.11', 'runsScoredPer9': '10.80', 'homeRunsPer9': '3.09', 'inheritedRunners': 8, 'inheritedRunnersScored': 1, 'catchersInterference': 0, 'sacBunts': 0, 'sacFlies': 2}, 'player': {'id': 699151, 'fullName': 'Jedixson Paez', 'link': '/api/v1/people/699151'}, 'league': {'id': 103, 'name': 'American League', 'link': '/api/v1/league/103'}, 'sport': {'id': 1, 'link': '/api/v1/sports/1', 'abbreviation': 'MLB'}, 'gameType': 'R', 'numTeams': 2}, {'season': '2026', 'stat': {'age': 22, 'gamesPlayed': 2, 'gamesStarted': 1, 'groundOuts': 11, 'airOuts': 7, 'runs': 8, 'doubles': 3, 'triples': 0, 'homeRuns': 2, 'strikeOuts': 8, 'baseOnBalls': 2, 'intentionalWalks': 0, 'hits': 13, 'hitByPitch': 0, 'avg': '.342', 'atBats': 38, 'obp': '.366', 'slg': '.579', 'ops': '.945', 'caughtStealing': 0, 'stolenBases': 0, 'stolenBasePercentage': '.---', 'caughtStealingPercentage': '.---', 'groundIntoDoublePlay': 0, 'numberOfPitches': 164, 'era': '8.31', 'inningsPitched': '8.2', 'wins': 1, 'losses': 1, 'saves': 0, 'saveOpportunities': 0, 'holds': 0, 'blownSaves': 0, 'earnedRuns': 8, 'whip': '1.73', 'battersFaced': 41, 'outs': 26, 'gamesPitched': 2, 'completeGames': 0, 'shutouts': 0, 'strikes': 109, 'strikePercentage': '.660', 'hitBatsmen': 0, 'balks': 0, 'wildPitches': 0, 'pickoffs': 0, 'totalBases': 22, 'groundOutsToAirouts': '1.57', 'winPercentage': '.500', 'pitchesPerInning': '18.92', 'gamesFinished': 1, 'strikeoutWalkRatio': '4.00', 'strikeoutsPer9Inn': '8.31', 'walksPer9Inn': '2.08', 'hitsPer9Inn': '13.50', 'runsScoredPer9': '8.31', 'homeRunsPer9': '2.08', 'inheritedRunners': 1, 'inheritedRunnersScored': 0, 'catchersInterference': 0, 'sacBunts': 0, 'sacFlies': 1}, 'team': {'id': 111, 'name': 'Boston Red Sox', 'link': '/api/v1/teams/111'}, 'player': {'id': 699151, 'fullName': 'Jedixson Paez', 'link': '/api/v1/people/699151'}, 'league': {'id': 103, 'name': 'American League', 'link': '/api/v1/league/103'}, 'sport': {'id': 1, 'link': '/api/v1/sports/1', 'abbreviation': 'MLB'}, 'gameType': 'R'}, {'season': '2026', 'stat': {'age': 22, 'gamesPlayed': 3, 'gamesStarted': 0, 'groundOuts': 3, 'airOuts': 6, 'runs': 6, 'doubles': 0, 'triples': 0, 'homeRuns': 2, 'strikeOuts': 0, 'baseOnBalls': 3, 'intentionalWalks': 0, 'hits': 4, 'hitByPitch': 0, 'avg': '.333', 'atBats': 12, 'obp': '.438', 'slg': '.833', 'ops': '1.271', 'caughtStealing': 0, 'stolenBases': 0, 'stolenBasePercentage': '.---', 'caughtStealingPercentage': '.---', 'groundIntoDoublePlay': 0, 'numberOfPitches': 65, 'era': '18.00', 'inningsPitched': '3.0', 'wins': 0, 'losses': 0, 'saves': 0, 'saveOpportunities': 0, 'holds': 0, 'blownSaves': 0, 'earnedRuns': 6, 'whip': '2.33', 'battersFaced': 16, 'outs': 9, 'gamesPitched': 3, 'completeGames': 0, 'shutouts': 0, 'strikes': 36, 'strikePercentage': '.550', 'hitBatsmen': 0, 'balks': 0, 'wildPitches': 0, 'pickoffs': 0, 'totalBases': 10, 'groundOutsToAirouts': '0.50', 'winPercentage': '.---', 'pitchesPerInning': '21.67', 'gamesFinished': 1, 'strikeoutWalkRatio': '0.00', 'strikeoutsPer9Inn': '0.00', 'walksPer9Inn': '9.00', 'hitsPer9Inn': '12.00', 'runsScoredPer9': '18.00', 'homeRunsPer9': '6.00', 'inheritedRunners': 7, 'inheritedRunnersScored': 1, 'catchersInterference': 0, 'sacBunts': 0, 'sacFlies': 1}, 'team': {'id': 145, 'name': 'Chicago White Sox', 'link': '/api/v1/teams/145'}, 'player': {'id': 699151, 'fullName': 'Jedixson Paez', 'link': '/api/v1/people/699151'}, 'league': {'id': 103, 'name': 'American League', 'link': '/api/v1/league/103'}, 'sport': {'id': 1, 'link': '/api/v1/sports/1', 'abbreviation': 'MLB'}, 'gameType': 'R'}]",season,pitching
[],"[{'season': '2026', 'stat': {'age': 22, 'gamesPlayed': 67, 'gamesStarted': 4, 'groundOuts': 74, 'airOuts': 64, 'runs': 25, 'doubles': 14, 'triples': 2, 'homeRuns': 6, 'strikeOuts': 79, 'baseOnBalls': 19, 'intentionalWalks': 1, 'hits': 58, 'hitByPitch': 0, 'avg': '.213', 'atBats': 272, 'obp': '.264', 'slg': '.346', 'ops': '.610', 'caughtStealing': 0, 'stolenBases': 3, 'stolenBasePercentage': '1.000', 'caughtStealingPercentage': '.000', 'groundIntoDoublePlay': 4, 'numberOfPitches': 1149, 'era': '2.25', 'inningsPitched': '72.0', 'wins': 4, 'losses': 3, 'saves': 2, 'saveOpportunities': 7, 'holds': 16, 'blownSaves': 5, 'earnedRuns': 18, 'whip': '1.07', 'battersFaced': 294, 'outs': 216, 'gamesPitched': 67, 'completeGames': 0, 'shutouts': 0, 'strikes': 778, 'strikePercentage': '.680', 'hitBatsmen': 0, 'balks': 1, 'wildPitches': 0, 'pickoffs': 0, 'totalBases': 94, 'groundOutsToAirouts': '1.16', 'winPercentage': '.571', 'pitchesPerInning': '15.96', 'gamesFinished': 8, 'strikeoutWalkRatio': '4.16', 'strikeoutsPer9Inn': '9.88', 'walksPer9Inn': '2.38', 'hitsPer9Inn': '7.25', 'runsScoredPer9': '3.13', 'homeRunsPer9': '0.75', 'inheritedRunners': 28, 'inheritedRunnersScored': 15, 'catchersInterference': 0, 'sacBunts': 2, 'sacFlies': 1}, 'team': {'id': 135, 'name': 'San Diego Padres', 'link': '/api/v1/teams/135'}, 'player': {'id': 699134, 'fullName': 'Bradgley Rodriguez', 'link': '/api/v1/people/699134'}, 'league': {'id': 104, 'name': 'National League', 'link': '/api/v1/league/104'}, 'sport': {'id': 1, 'link': '/api/v1/sports/1', 'abbreviation': 'MLB'}, 'gameType': 'R'}]",season,pitching
[],"[{'season': '2026', 'stat': {'age': 26, 'gamesPlayed': 16, 'gamesStarted': 0, 'groundOuts': 9, 'airOuts': 22, 'runs': 8, 'doubles': 8, 'triples': 0, 'homeRuns': 1, 'strikeOuts': 17, 'baseOnBalls': 7, 'intentionalWalks': 1, 'hits': 17, 'hitByPitch': 0, 'avg': '.270', 'atBats': 63, 'obp': '.338', 'slg': '.444', 'ops': '.782', 'caughtStealing': 0, 'stolenBases': 0, 'stolenBasePercentage': '.---', 'caughtStealingPercentage': '.---', 'groundIntoDoublePlay': 0, 'numberOfPitches': 262, 'era': '4.60', 'inningsPitched': '15.2', 'wins': 1, 'losses': 1, 'saves': 0, 'saveOpportunities': 1, 'holds': 3, 'blownSaves': 1, 'earnedRuns': 8, 'whip': '1.53', 'battersFaced': 72, 'outs': 47, 'gamesPitched': 16, 'completeGames': 0, 'shutouts': 0, 'strikes': 161, 'strikePercentage': '.610', 'hitBatsmen': 0, 'balks': 1, 'wildPitches': 3, 'pickoffs': 0, 'totalBases': 28, 'groundOutsToAirouts': '0.41', 'winPercentage': '.500', 'pitchesPerInning': '16.72', 'gamesFinished': 5, 'strikeoutWalkRatio': '2.43', 'strikeoutsPer9Inn': '9.77', 'walksPer9Inn': '4.02', 'hitsPer9Inn': '9.77', 'runsScoredPer9': '4.60', 'homeRunsPer9': '0.57', 'inheritedRunners': 9, 'inheritedRunnersScored': 3, 'catchersInterference': 0, 'sacBunts': 1, 'sacFlies': 1}, 'player': {'id': 680723, 'fullName': 'Drew Rom', 'link': '/api/v1/people/680723'}, 'sport': {'id': 1, 'link': '/api/v1/sports/1', 'abbreviation': 'MLB'}, 'gameType': 'R', 'numTeams': 2, 'numLeagues': 2}, {'season': '2026', 'stat': {'age': 26, 'gamesPlayed': 11, 'gamesStarted': 0, 'groundOuts': 8, 'airOuts': 17, 'runs': 6, 'doubles': 7, 'triples': 0, 'homeRuns': 0, 'strikeOuts': 6, 'baseOnBalls': 3, 'intentionalWalks': 1, 'hits': 11, 'hitByPitch': 0, 'avg': '.275', 'atBats': 40, 'obp': '.318', 'slg': '.450', 'ops': '.768', 'caughtStealing': 0, 'stolenBases': 0, 'stolenBasePercentage': '.---', 'caughtStealingPercentage': '.---', 'groundIntoDoublePlay': 0, 'numberOfPitches': 149, 'era': '5.40', 'inningsPitched': '10.0', 'wins': 0, 'losses': 1, 'saves': 0, 'saveOpportunities': 1, 'holds': 3, 'blownSaves': 1, 'earnedRuns': 6, 'whip': '1.40', 'battersFaced': 45, 'outs': 30, 'gamesPitched': 11, 'completeGames': 0, 'shutouts': 0, 'strikes': 93, 'strikePercentage': '.620', 'hitBatsmen': 0, 'balks': 0, 'wildPitches': 0, 'pickoffs': 0, 'totalBases': 18, 'groundOutsToAirouts': '0.47', 'winPercentage': '.000', 'pitchesPerInning': '14.90', 'gamesFinished': 4, 'strikeoutWalkRatio': '2.00', 'strikeoutsPer9Inn': '5.40', 'walksPer9Inn': '2.70', 'hitsPer9Inn': '9.90', 'runsScoredPer9': '5.40', 'homeRunsPer9': '0.00', 'inheritedRunners': 7, 'inheritedRunnersScored': 2, 'catchersInterference': 0, 'sacBunts': 1, 'sacFlies': 1}, 'team': {'id': 133, 'name': 'Athletics', 'link': '/api/v1/teams/133'}, 'player': {'id': 680723, 'fullName': 'Drew Rom', 'link': '/api/v1/people/680723'}, 'league': {'id': 103, 'name': 'American League', 'link': '/api/v1/league/103'}, 'sport': {'id': 1, 'link': '/api/v1/sports/1', 'abbreviation': 'MLB'}, 'gameType': 'R'}, {'season': '2026', 'stat': {'age': 26, 'gamesPlayed': 5, 'gamesStarted': 0, 'groundOuts': 1, 'airOuts': 5, 'runs': 2, 'doubles': 1, 'triples': 0, 'homeRuns': 1, 'strikeOuts': 11, 'baseOnBalls': 4, 'intentionalWalks': 0, 'hits': 6, 'hitByPitch': 0, 'avg': '.261', 'atBats': 23, 'obp': '.370', 'slg': '.435', 'ops': '.805', 'caughtStealing': 0, 'stolenBases': 0, 'stolenBasePercentage': '.---', 'caughtStealingPercentage': '.---', 'groundIntoDoublePlay': 0, 'numberOfPitches': 113, 'era': '3.18', 'inningsPitched': '5.2', 'wins': 1, 'losses': 0, 'saves': 0, 'saveOpportunities': 0, 'holds': 0, 'blownSaves': 0, 'earnedRuns': 2, 'whip': '1.76', 'battersFaced': 27, 'outs': 17, 'gamesPitched': 5, 'completeGames': 0, 'shutouts': 0, 'strikes': 68, 'strikePercentage': '.600', 'hitBatsmen': 0, 'balks': 1, 'wildPitches': 3, 'pickoffs': 0, 'totalBases': 10, 'groundOutsToAirouts': '0.20', 'winPercentage': '1.000', 'pitchesPerInning': '19.94', 'gamesFinished': 1, 'strikeoutWalkRatio': '2.75', 'strikeoutsPer9Inn': '17.47', 'walksPer9Inn': '6.35', 'hitsPer9Inn': '9.53', 'runsScoredPer9': '3.18', 'homeRunsPer9': '1.59', 'inheritedRunners': 2, 'inheritedRunnersScored': 1, 'catchersInterference': 0, 'sacBunts': 0, 'sacFlies': 0}, 'team': {'id': 158, 'name': 'Milwaukee Brewers', 'link': '/api/v1/teams/158'}, 'player': {'id': 680723, 'fullName': 'Drew Rom', 'link': '/api/v1/people/680723'}, 'league': {'id': 104, 'name': 'National League', 'link': '/api/v1/league/104'}, 'sport': {'id': 1, 'link': '/api/v1/sports/1', 'abbreviation': 'MLB'}, 'gameType': 'R'}]",season,pitching
[],"[{'season': '2026', 'stat': {'age': 31, 'gamesPlayed': 27, 'gamesStarted': 27, 'groundOuts': 146, 'airOuts': 144, 'runs': 69, 'doubles': 22, 'triples': 2, 'homeRuns': 20, 'strikeOuts': 137, 'baseOnBalls': 46, 'intentionalWalks': 0, 'hits': 138, 'hitByPitch': 3, 'avg': '.248', 'atBats': 557, 'obp': '.306', 'slg': '.402', 'ops': '.708', 'caughtStealing': 2, 'stolenBases': 1, 'stolenBasePercentage': '.333', 'caughtStealingPercentage': '.667', 'groundIntoDoublePlay': 15, 'numberOfPitches': 2402, 'era': '3.99', 'inningsPitched': '149.0', 'wins': 7, 'losses': 10, 'saves': 0, 'saveOpportunities': 0, 'holds': 0, 'blownSaves': 0, 'earnedRuns': 66, 'whip': '1.23', 'battersFaced': 614, 'outs': 447, 'gamesPitched': 27, 'completeGames': 0, 'shutouts': 0, 'strikes': 1516, 'strikePercentage': '.630', 'hitBatsmen': 3, 'balks': 1, 'wildPitches': 3, 'pickoffs': 1, 'totalBases': 224, 'groundOutsToAirouts': '1.01', 'winPercentage': '.412', 'pitchesPerInning': '16.12', 'gamesFinished': 0, 'strikeoutWalkRatio': '2.98', 'strikeoutsPer9Inn': '8.28', 'walksPer9Inn': '2.78', 'hitsPer9Inn': '8.34', 'runsScoredPer9': '4.17', 'homeRunsPer9': '1.21', 'inheritedRunners': 0, 'inheritedRunnersScored': 0, 'catchersInterference': 0, 'sacBunts': 3, 'sacFlies': 5}, 'player': {'id': 641816, 'fullName': 'Tyler Mahle', 'link': '/api/v1/people/641816'}, 'league': {'id': 104, 'name': 'National League', 'link': '/api/v1/league/104'}, 'sport': {'id': 1, 'link': '/api/v1/sports/1', 'abbreviation': 'MLB'}, 'gameType': 'R', 'numTeams': 2}, {'season': '2026', 'stat': {'age': 31, 'gamesPlayed': 18, 'gamesStarted': 18, 'groundOuts': 93, 'airOuts': 88, 'runs': 55, 'doubles': 15, 'triples': 2, 'homeRuns': 14, 'strikeOuts': 89, 'baseOnBalls': 37, 'intentionalWalks': 0, 'hits': 95, 'hitByPitch': 2, 'avg': '.265', 'atBats': 358, 'obp': '.334', 'slg': '.436', 'ops': '.770', 'caughtStealing': 1, 'stolenBases': 1, 'stolenBasePercentage': '.500', 'caughtStealingPercentage': '.500', 'groundIntoDoublePlay': 9, 'numberOfPitches': 1578, 'era': '5.13', 'inningsPitched': '94.2', 'wins': 3, 'losses': 9, 'saves': 0, 'saveOpportunities': 0, 'holds': 0, 'blownSaves': 0, 'earnedRuns': 54, 'whip': '1.39', 'battersFaced': 404, 'outs': 284, 'gamesPitched': 18, 'completeGames': 0, 'shutouts': 0, 'strikes': 983, 'strikePercentage': '.620', 'hitBatsmen': 2, 'balks': 1, 'wildPitches': 3, 'pickoffs': 1, 'totalBases': 156, 'groundOutsToAirouts': '1.06', 'winPercentage': '.250', 'pitchesPerInning': '16.67', 'gamesFinished': 0, 'strikeoutWalkRatio': '2.41', 'strikeoutsPer9Inn': '8.46', 'walksPer9Inn': '3.52', 'hitsPer9Inn': '9.03', 'runsScoredPer9': '5.23', 'homeRunsPer9': '1.33', 'inheritedRunners': 0, 'inheritedRunnersScored': 0, 'catchersInterference': 0, 'sacBunts': 3, 'sacFlies': 4}, 'team': {'id': 137, 'name': 'San Francisco Giants', 'link': '/api/v1/teams/137'}, 'player': {'id': 641816, 'fullName': 'Tyler Mahle', 'link': '/api/v1/people/641816'}, 'league': {'id': 104, 'name': 'National League', 'link': '/api/v1/league/104'}, 'sport': {'id': 1, 'link': '/api/v1/sports/1', 'abbreviation': 'MLB'}, 'gameType': 'R'}, {'season': '2026', 'stat': {'age': 31, 'gamesPlayed': 9, 'gamesStarted': 9, 'groundOuts': 53, 'airOuts': 56, 'runs': 14, 'doubles': 7, 'triples': 0, 'homeRuns': 6, 'strikeOuts': 48, 'baseOnBalls': 9, 'intentionalWalks': 0, 'hits': 43, 'hitByPitch': 1, 'avg': '.216', 'atBats': 199, 'obp': '.252', 'slg': '.342', 'ops': '.594', 'caughtStealing': 1, 'stolenBases': 0, 'stolenBasePercentage': '.000', 'caughtStealingPercentage': '1.000', 'groundIntoDoublePlay': 6, 'numberOfPitches': 824, 'era': '1.99', 'inningsPitched': '54.1', 'wins': 4, 'losses': 1, 'saves': 0, 'saveOpportunities': 0, 'holds': 0, 'blownSaves': 0, 'earnedRuns': 12, 'whip': '0.96', 'battersFaced': 210, 'outs': 163, 'gamesPitched': 9, 'completeGames': 0, 'shutouts': 0, 'strikes': 533, 'strikePercentage': '.650', 'hitBatsmen': 1, 'balks': 0, 'wildPitches': 0, 'pickoffs': 0, 'totalBases': 68, 'groundOutsToAirouts': '0.95', 'winPercentage': '.800', 'pitchesPerInning': '15.17', 'gamesFinished': 0, 'strikeoutWalkRatio': '5.33', 'strikeoutsPer9Inn': '7.95', 'walksPer9Inn': '1.49', 'hitsPer9Inn': '7.12', 'runsScoredPer9': '2.32', 'homeRunsPer9': '0.99', 'inheritedRunners': 0, 'inheritedRunnersScored': 0, 'catchersInterference': 0, 'sacBunts': 0, 'sacFlies': 1}, 'team': {'id': 144, 'name': 'Atlanta Braves', 'link': '/api/v1/teams/144'}, 'player': {'id': 641816, 'fullName': 'Tyler Mahle', 'link': '/api/v1/people/641816'}, 'league': {'id': 104, 'name': 'National League', 'link': '/api/v1/league/104'}, 'sport': {'id': 1, 'link': '/api/v1/sports/1', 'abbreviation': 'MLB'}, 'gameType': 'R'}]",season,pitching
[],"[{'season': '2026', 'stat': {'age': 25, 'gamesPlayed': 27, 'gamesStarted': 22, 'groundOuts': 132, 'airOuts': 161, 'runs': 59, 'doubles': 22, 'triples': 0, 'homeRuns': 21, 'strikeOuts': 115, 'baseOnBalls': 31, 'intentionalWalks': 1, 'hits': 127, 'hitByPitch': 5, 'avg': '.239', 'atBats': 531, 'obp': '.286', 'slg': '.399', 'ops': '.685', 'caughtStealing': 2, 'stolenBases': 2, 'stolenBasePercentage': '.500', 'caughtStealingPercentage': '.500', 'groundIntoDoublePlay': 11, 'numberOfPitches': 2110, 'era': '3.72', 'inningsPitched': '138.0', 'wins': 12, 'losses': 5, 'saves': 0, 'saveOpportunities': 0, 'holds': 0, 'blownSaves': 0, 'earnedRuns': 57, 'whip': '1.14', 'battersFaced': 571, 'outs': 414, 'gamesPitched': 27, 'completeGames': 0, 'shutouts': 0, 'strikes': 1427, 'strikePercentage': '.680', 'hitBatsmen': 5, 'balks': 0, 'wildPitches': 2, 'pickoffs': 0, 'totalBases': 212, 'groundOutsToAirouts': '0.82', 'winPercentage': '.706', 'pitchesPerInning': '15.29', 'gamesFinished': 1, 'strikeoutWalkRatio': '3.71', 'strikeoutsPer9Inn': '7.50', 'walksPer9Inn': '2.02', 'hitsPer9Inn': '8.28', 'runsScoredPer9': '3.85', 'homeRunsPer9': '1.37', 'inheritedRunners': 2, 'inheritedRunnersScored': 2, 'catchersInterference': 0, 'sacBunts': 2, 'sacFlies': 2}, 'team': {'id': 119, 'name': 'Los Angeles Dodgers', 'link': '/api/v1/teams/119'}, 'player': {'id': 680736, 'fullName': 'Justin Wrobleski', 'link': '/api/v1/people/680736'}, 'league': {'id': 104, 'name': 'National League', 'link': '/api/v1/league/104'}, 'sport': {'id': 1, 'link': '/api/v1/sports/1', 'abbreviation': 'MLB'}, 'gameType': 'R'}]",season,pitching
[],"[{'season': '2026', 'stat': {'age': 33, 'gamesPlayed': 46, 'gamesStarted': 4, 'groundOuts': 72, 'airOuts': 57, 'runs': 37, 'doubles': 14, 'triples': 2, 'homeRuns': 5, 'strikeOuts': 59, 'baseOnBalls': 26, 'intentionalWalks': 0, 'hits': 51, 'hitByPitch': 3, 'avg': '.218', 'atBats': 234, 'obp': '.301', 'slg': '.359', 'ops': '.660', 'caughtStealing': 2, 'stolenBases': 6, 'stolenBasePercentage': '.750', 'caughtStealingPercentage': '.250', 'groundIntoDoublePlay': 0, 'numberOfPitches': 1071, 'era': '4.92', 'inningsPitched': '64.0', 'wins': 1, 'losses': 3, 'saves': 0, 'saveOpportunities': 1, 'holds': 9, 'blownSaves': 1, 'earnedRuns': 35, 'whip': '1.20', 'battersFaced': 268, 'outs': 192, 'gamesPitched': 46, 'completeGames': 0, 'shutouts': 0, 'strikes': 665, 'strikePercentage': '.620', 'hitBatsmen': 3, 'balks': 1, 'wildPitches': 2, 'pickoffs': 4, 'totalBases': 84, 'groundOutsToAirouts': '1.26', 'winPercentage': '.250', 'pitchesPerInning': '16.73', 'gamesFinished': 6, 'strikeoutWalkRatio': '2.27', 'strikeoutsPer9Inn': '8.30', 'walksPer9Inn': '3.66', 'hitsPer9Inn': '7.17', 'runsScoredPer9': '5.20', 'homeRunsPer9': '0.70', 'inheritedRunners': 25, 'inheritedRunnersScored': 9, 'catchersInterference': 0, 'sacBunts': 2, 'sacFlies': 3}, 'team': {'id': 135, 'name': 'San Diego Padres', 'link': '/api/v1/teams/135'}, 'player': {'id': 606996, 'fullName': 'Kyle Hart', 'link': '/api/v1/people/606996'}, 'league': {'id': 104, 'name': 'National League', 'link': '/api/v1/league/104'}, 'sport': {'id': 1, 'link': '/api/v1/sports/1', 'abbreviation': 'MLB'}, 'gameType': 'R'}]",season,pitching
[],"[{'season': '2026', 'stat': {'age': 34, 'gamesPlayed': 31, 'gamesStarted': 30, 'groundOuts': 133, 'airOuts': 203, 'runs': 74, 'doubles': 25, 'triples': 1, 'homeRuns': 22, 'strikeOuts': 140, 'baseOnBalls': 84, 'intentionalWalks': 0, 'hits': 140, 'hitByPitch': 2, 'avg': '.231', 'atBats': 606, 'obp': '.323', 'slg': '.384', 'ops': '.707', 'caughtStealing': 10, 'stolenBases': 23, 'stolenBasePercentage': '.697', 'caughtStealingPercentage': '.303', 'groundIntoDoublePlay': 12, 'numberOfPitches': 2854, 'era': '3.59', 'inningsPitched': '165.2', 'wins': 13, 'losses': 8, 'saves': 0, 'saveOpportunities': 0, 'holds': 0, 'blownSaves': 0, 'earnedRuns': 66, 'whip': '1.35', 'battersFaced': 702, 'outs': 497, 'gamesPitched': 31, 'completeGames': 0, 'shutouts': 0, 'strikes': 1706, 'strikePercentage': '.600', 'hitBatsmen': 2, 'balks': 0, 'wildPitches': 6, 'pickoffs': 5, 'totalBases': 233, 'groundOutsToAirouts': '0.66', 'winPercentage': '.619', 'pitchesPerInning': '17.23', 'gamesFinished': 0, 'strikeoutWalkRatio': '1.67', 'strikeoutsPer9Inn': '7.61', 'walksPer9Inn': '4.56', 'hitsPer9Inn': '7.61', 'runsScoredPer9': '4.02', 'homeRunsPer9': '1.20', 'inheritedRunners': 0, 'inheritedRunnersScored': 0, 'catchersInterference': 0, 'sacBunts': 3, 'sacFlies': 7}, 'player': {'id': 592662, 'fullName': 'Robbie Ray', 'link': '/api/v1/people/592662'}, 'league': {'id': 104, 'name': 'National League', 'link': '/api/v1/league/104'}, 'sport': {'id': 1, 'link': '/api/v1/sports/1', 'abbreviation': 'MLB'}, 'gameType': 'R', 'numTeams': 2}, {'season': '2026', 'stat': {'age': 34, 'gamesPlayed': 9, 'gamesStarted': 9, 'groundOuts': 38, 'airOuts': 52, 'runs': 24, 'doubles': 8, 'triples': 0, 'homeRuns': 7, 'strikeOuts': 33, 'baseOnBalls': 27, 'intentionalWalks': 0, 'hits': 39, 'hitByPitch': 1, 'avg': '.244', 'atBats': 160, 'obp': '.354', 'slg': '.425', 'ops': '.779', 'caughtStealing': 2, 'stolenBases': 6, 'stolenBasePercentage': '.750', 'caughtStealingPercentage': '.250', 'groundIntoDoublePlay': 3, 'numberOfPitches': 793, 'era': '5.02', 'inningsPitched': '43.0', 'wins': 3, 'losses': 2, 'saves': 0, 'saveOpportunities': 0, 'holds': 0, 'blownSaves': 0, 'earnedRuns': 24, 'whip': '1.53', 'battersFaced': 190, 'outs': 129, 'gamesPitched': 9, 'completeGames': 0, 'shutouts': 0, 'strikes': 462, 'strikePercentage': '.580', 'hitBatsmen': 1, 'balks': 0, 'wildPitches': 3, 'pickoffs': 0, 'totalBases': 68, 'groundOutsToAirouts': '0.73', 'winPercentage': '.600', 'pitchesPerInning': '18.44', 'gamesFinished': 0, 'strikeoutWalkRatio': '1.22', 'strikeoutsPer9Inn': '6.91', 'walksPer9Inn': '5.65', 'hitsPer9Inn': '8.16', 'runsScoredPer9': '5.02', 'homeRunsPer9': '1.47', 'inheritedRunners': 0, 'inheritedRunnersScored': 0, 'catchersInterference': 0, 'sacBunts': 1, 'sacFlies': 1}, 'team': {'id': 135, 'name': 'San Diego Padres', 'link': '/api/v1/teams/135'}, 'player': {'id': 592662, 'fullName': 'Robbie Ray', 'link': '/api/v1/people/592662'}, 'league': {'id': 104, 'name': 'National League', 'link': '/api/v1/league/104'}, 'sport': {'id': 1, 'link': '/api/v1/sports/1', 'abbreviation': 'MLB'}, 'gameType': 'R'}, {'season': '2026', 'stat': {'age': 34, 'gamesPlayed': 22, 'gamesStarted': 21, 'groundOuts': 95, 'airOuts': 151, 'runs': 50, 'doubles': 17, 'triples': 1, 'homeRuns': 15, 'strikeOuts': 107, 'baseOnBalls': 57, 'intentionalWalks': 0, 'hits': 101, 'hitByPitch': 1, 'avg': '.226', 'atBats': 446, 'obp': '.312', 'slg': '.370', 'ops': '.682', 'caughtStealing': 8, 'stolenBases': 17, 'stolenBasePercentage': '.680', 'caughtStealingPercentage': '.320', 'groundIntoDoublePlay': 9, 'numberOfPitches': 2061, 'era': '3.08', 'inningsPitched': '122.2', 'wins': 10, 'losses': 6, 'saves': 0, 'saveOpportunities': 0, 'holds': 0, 'blownSaves': 0, 'earnedRuns': 42, 'whip': '1.29', 'battersFaced': 512, 'outs': 368, 'gamesPitched': 22, 'completeGames': 0, 'shutouts': 0, 'strikes': 1244, 'strikePercentage': '.600', 'hitBatsmen': 1, 'balks': 0, 'wildPitches': 3, 'pickoffs': 5, 'totalBases': 165, 'groundOutsToAirouts': '0.63', 'winPercentage': '.625', 'pitchesPerInning': '16.80', 'gamesFinished': 0, 'strikeoutWalkRatio': '1.88', 'strikeoutsPer9Inn': '7.85', 'walksPer9Inn': '4.18', 'hitsPer9Inn': '7.41', 'runsScoredPer9': '3.67', 'homeRunsPer9': '1.10', 'inheritedRunners': 0, 'inheritedRunnersScored': 0, 'catchersInterference': 0, 'sacBunts': 2, 'sacFlies': 6}, 'team': {'id': 137, 'name': 'San Francisco Giants', 'link': '/api/v1/teams/137'}, 'player': {'id': 592662, 'fullName': 'Robbie Ray', 'link': '/api/v1/people/592662'}, 'league': {'id': 104, 'name': 'National League', 'link': '/api/v1/league/104'}, 'sport': {'id': 1, 'link': '/api/v1/sports/1', 'abbreviation': 'MLB'}, 'gameType': 'R'}]",season,pitching
[],"[{'season': '2026', 'stat': {'age': 32, 'gamesPlayed': 47, 'gamesStarted': 0, 'groundOuts': 39, 'airOuts': 54, 'runs': 15, 'doubles': 5, 'triples': 2, 'homeRuns': 8, 'strikeOuts': 41, 'baseOnBalls': 8, 'intentionalWalks': 1, 'hits': 39, 'hitByPitch': 1, 'avg': '.227', 'atBats': 172, 'obp': '.265', 'slg': '.419', 'ops': '.684', 'caughtStealing': 1, 'stolenBases': 12, 'stolenBasePercentage': '.923', 'caughtStealingPercentage': '.077', 'groundIntoDoublePlay': 1, 'numberOfPitches': 668, 'era': '2.42', 'inningsPitched': '44.2', 'wins': 2, 'losses': 2, 'saves': 1, 'saveOpportunities': 3, 'holds': 11, 'blownSaves': 2, 'earnedRuns': 12, 'whip': '1.05', 'battersFaced': 182, 'outs': 134, 'gamesPitched': 47, 'completeGames': 0, 'shutouts': 0, 'strikes': 434, 'strikePercentage': '.650', 'hitBatsmen': 1, 'balks': 0, 'wildPitches': 0, 'pickoffs': 0, 'totalBases': 72, 'groundOutsToAirouts': '0.72', 'winPercentage': '.500', 'pitchesPerInning': '14.96', 'gamesFinished': 10, 'strikeoutWalkRatio': '5.13', 'strikeoutsPer9Inn': '8.26', 'walksPer9Inn': '1.61', 'hitsPer9Inn': '7.86', 'runsScoredPer9': '3.02', 'homeRunsPer9': '1.61', 'inheritedRunners': 15, 'inheritedRunnersScored': 4, 'catchersInterference': 0, 'sacBunts': 1, 'sacFlies': 0}, 'player': {'id': 621345, 'fullName': 'A.J. Minter', 'link': '/api/v1/people/621345'}, 'sport': {'id': 1, 'link': '/api/v1/sports/1', 'abbreviation': 'MLB'}, 'gameType': 'R', 'numTeams': 2, 'numLeagues': 2}, {'season': '2026', 'stat': {'age': 32, 'gamesPlayed': 23, 'gamesStarted': 0, 'groundOuts': 19, 'airOuts': 29, 'runs': 8, 'doubles': 2, 'triples': 2, 'homeRuns': 4, 'strikeOuts': 20, 'baseOnBalls': 2, 'intentionalWalks': 0, 'hits': 21, 'hitByPitch': 1, 'avg': '.236', 'atBats': 89, 'obp': '.261', 'slg': '.438', 'ops': '.699', 'caughtStealing': 1, 'stolenBases': 4, 'stolenBasePercentage': '.800', 'caughtStealingPercentage': '.200', 'groundIntoDoublePlay': 1, 'numberOfPitches': 340, 'era': '2.35', 'inningsPitched': '23.0', 'wins': 1, 'losses': 1, 'saves': 0, 'saveOpportunities': 0, 'holds': 1, 'blownSaves': 0, 'earnedRuns': 6, 'whip': '1.00', 'battersFaced': 92, 'outs': 69, 'gamesPitched': 23, 'completeGames': 0, 'shutouts': 0, 'strikes': 220, 'strikePercentage': '.650', 'hitBatsmen': 1, 'balks': 0, 'wildPitches': 0, 'pickoffs': 0, 'totalBases': 39, 'groundOutsToAirouts': '0.66', 'winPercentage': '.500', 'pitchesPerInning': '14.78', 'gamesFinished': 8, 'strikeoutWalkRatio': '10.00', 'strikeoutsPer9Inn': '7.83', 'walksPer9Inn': '0.78', 'hitsPer9Inn': '8.22', 'runsScoredPer9': '3.13', 'homeRunsPer9': '1.57', 'inheritedRunners': 6, 'inheritedRunnersScored': 1, 'catchersInterference': 0, 'sacBunts': 0, 'sacFlies': 0}, 'team': {'id': 121, 'name': 'New York Mets', 'link': '/api/v1/teams/121'}, 'player': {'id': 621345, 'fullName': 'A.J. Minter', 'link': '/api/v1/people/621345'}, 'league': {'id': 104, 'name': 'National League', 'link': '/api/v1/league/104'}, 'sport': {'id': 1, 'link': '/api/v1/sports/1', 'abbreviation': 'MLB'}, 'gameType': 'R'}, {'season': '2026', 'stat': {'age': 32, 'gamesPlayed': 24, 'gamesStarted': 0, 'groundOuts': 20, 'airOuts': 25, 'runs': 7, 'doubles': 3, 'triples': 0, 'homeRuns': 4, 'strikeOuts': 21, 'baseOnBalls': 6, 'intentionalWalks': 1, 'hits': 18, 'hitByPitch': 0, 'avg': '.217', 'atBats': 83, 'obp': '.270', 'slg': '.398', 'ops': '.668', 'caughtStealing': 0, 'stolenBases': 8, 'stolenBasePercentage': '1.000', 'caughtStealingPercentage': '.000', 'groundIntoDoublePlay': 0, 'numberOfPitches': 328, 'era': '2.49', 'inningsPitched': '21.2', 'wins': 1, 'losses': 1, 'saves': 1, 'saveOpportunities': 3, 'holds': 10, 'blownSaves': 2, 'earnedRuns': 6, 'whip': '1.11', 'battersFaced': 90, 'outs': 65, 'gamesPitched': 24, 'completeGames': 0, 'shutouts': 0, 'strikes': 214, 'strikePercentage': '.650', 'hitBatsmen': 0, 'balks': 0, 'wildPitches': 0, 'pickoffs': 0, 'totalBases': 33, 'groundOutsToAirouts': '0.80', 'winPercentage': '.500', 'pitchesPerInning': '15.14', 'gamesFinished': 2, 'strikeoutWalkRatio': '3.50', 'strikeoutsPer9Inn': '8.72', 'walksPer9Inn': '2.49', 'hitsPer9Inn': '7.48', 'runsScoredPer9': '2.91', 'homeRunsPer9': '1.66', 'inheritedRunners': 9, 'inheritedRunnersScored': 3, 'catchersInterference': 0, 'sacBunts': 1, 'sacFlies': 0}, 'team': {'id': 142, 'name': 'Minnesota Twins', 'link': '/api/v1/teams/142'}, 'player': {'id': 621345, 'fullName': 'A.J. Minter', 'link': '/api/v1/people/621345'}, 'league': {'id': 103, 'name': 'American League', 'link': '/api/v1/league/103'}, 'sport': {'id': 1, 'link': '/api/v1/sports/1', 'abbreviation': 'MLB'}, 'gameType': 'R'}]",season,pitching
[],"[{'season': '2026', 'stat': {'age': 26, 'gamesPlayed': 32, 'gamesStarted': 27, 'groundOuts': 120, 'airOuts': 195, 'runs': 67, 'doubles': 34, 'triples': 4, 'homeRuns': 19, 'strikeOuts': 185, 'baseOnBalls': 62, 'intentionalWalks': 0, 'hits': 144, 'hitByPitch': 9, 'avg': '.225', 'atBats': 639, 'obp': '.302', 'slg': '.380', 'ops': '.682', 'caughtStealing': 8, 'stolenBases': 23, 'stolenBasePercentage': '.742', 'caughtStealingPercentage': '.258', 'groundIntoDoublePlay': 7, 'numberOfPitches': 2878, 'era': '3.34', 'inningsPitched': '172.1', 'wins': 11, 'losses': 7, 'saves': 0, 'saveOpportunities': 0, 'holds': 0, 'blownSaves': 0, 'earnedRuns': 64, 'whip': '1.20', 'battersFaced': 716, 'outs': 517, 'gamesPitched': 32, 'completeGames': 0, 'shutouts': 0, 'strikes': 1904, 'strikePercentage': '.660', 'hitBatsmen': 9, 'balks': 2, 'wildPitches': 11, 'pickoffs': 2, 'totalBases': 243, 'groundOutsToAirouts': '0.62', 'winPercentage': '.611', 'pitchesPerInning': '16.70', 'gamesFinished': 1, 'strikeoutWalkRatio': '2.98', 'strikeoutsPer9Inn': '9.66', 'walksPer9Inn': '3.24', 'hitsPer9Inn': '7.52', 'runsScoredPer9': '3.50', 'homeRunsPer9': '0.99', 'inheritedRunners': 1, 'inheritedRunnersScored': 0, 'catchersInterference': 1, 'sacBunts': 2, 'sacFlies': 3}, 'team': {'id': 145, 'name': 'Chicago White Sox', 'link': '/api/v1/teams/145'}, 'player': {'id': 680732, 'fullName': 'Sean Burke', 'link': '/api/v1/people/680732'}, 'league': {'id': 103, 'name': 'American League', 'link': '/api/v1/league/103'}, 'sport': {'id': 1, 'link': '/api/v1/sports/1', 'abbreviation': 'MLB'}, 'gameType': 'R'}]",season,pitching
[],"[{'season': '2026', 'stat': {'age': 24, 'gamesPlayed': 15, 'gamesStarted': 0, 'groundOuts': 31, 'airOuts': 18, 'runs': 10, 'doubles': 2, 'triples': 2, 'homeRuns': 1, 'strikeOuts': 26, 'baseOnBalls': 15, 'intentionalWalks': 0, 'hits': 19, 'hitByPitch': 1, 'avg': '.204', 'atBats': 93, 'obp': '.318', 'slg': '.301', 'ops': '.619', 'caughtStealing': 0, 'stolenBases': 3, 'stolenBasePercentage': '1.000', 'caughtStealingPercentage': '.000', 'groundIntoDoublePlay': 3, 'numberOfPitches': 437, 'era': '3.46', 'inningsPitched': '26.0', 'wins': 2, 'losses': 0, 'saves': 0, 'saveOpportunities': 0, 'holds': 0, 'blownSaves': 0, 'earnedRuns': 10, 'whip': '1.31', 'battersFaced': 110, 'outs': 78, 'gamesPitched': 15, 'completeGames': 0, 'shutouts': 0, 'strikes': 261, 'strikePercentage': '.600', 'hitBatsmen': 1, 'balks': 0, 'wildPitches': 1, 'pickoffs': 0, 'totalBases': 28, 'groundOutsToAirouts': '1.72', 'winPercentage': '1.000', 'pitchesPerInning': '16.81', 'gamesFinished': 9, 'strikeoutWalkRatio': '1.73', 'strikeoutsPer9Inn': '9.00', 'walksPer9Inn': '5.19', 'hitsPer9Inn': '6.58', 'runsScoredPer9': '3.46', 'homeRunsPer9': '0.35', 'inheritedRunners': 4, 'inheritedRunnersScored': 1, 'catchersInterference': 0, 'sacBunts': 0, 'sacFlies': 1}, 'team': {'id': 146, 'name': 'Miami Marlins', 'link': '/api/v1/teams/146'}, 'player': {'id': 690978, 'fullName': 'Dax Fulton', 'link': '/api/v1/people/690978'}, 'league': {'id': 104, 'name': 'National League', 'link': '/api/v1/league/104'}, 'sport': {'id': 1, 'link': '/api/v1/sports/1', 'abbreviation': 'MLB'}, 'gameType': 'R'}]",season,pitching
[],"[{'season': '2026', 'stat': {'age': 31, 'gamesPlayed': 12, 'gamesStarted': 1, 'groundOuts': 31, 'airOuts': 41, 'runs': 21, 'doubles': 10, 'triples': 0, 'homeRuns': 4, 'strikeOuts': 27, 'baseOnBalls': 7, 'intentionalWalks': 0, 'hits': 42, 'hitByPitch': 2, 'avg': '.300', 'atBats': 140, 'obp': '.340', 'slg': '.457', 'ops': '.797', 'caughtStealing': 0, 'stolenBases': 3, 'stolenBasePercentage': '1.000', 'caughtStealingPercentage': '.000', 'groundIntoDoublePlay': 1, 'numberOfPitches': 557, 'era': '4.54', 'inningsPitched': '33.2', 'wins': 2, 'losses': 2, 'saves': 1, 'saveOpportunities': 1, 'holds': 0, 'blownSaves': 0, 'earnedRuns': 17, 'whip': '1.46', 'battersFaced': 150, 'outs': 101, 'gamesPitched': 12, 'completeGames': 0, 'shutouts': 0, 'strikes': 385, 'strikePercentage': '.690', 'hitBatsmen': 2, 'balks': 0, 'wildPitches': 1, 'pickoffs': 0, 'totalBases': 64, 'groundOutsToAirouts': '0.76', 'winPercentage': '.500', 'pitchesPerInning': '16.54', 'gamesFinished': 6, 'strikeoutWalkRatio': '3.86', 'strikeoutsPer9Inn': '7.22', 'walksPer9Inn': '1.87', 'hitsPer9Inn': '11.23', 'runsScoredPer9': '5.61', 'homeRunsPer9': '1.07', 'inheritedRunners': 3, 'inheritedRunnersScored': 2, 'catchersInterference': 0, 'sacBunts': 0, 'sacFlies': 1}, 'player': {'id': 664353, 'fullName': 'José Urquidy', 'link': '/api/v1/people/664353'}, 'sport': {'id': 1, 'link': '/api/v1/sports/1', 'abbreviation': 'MLB'}, 'gameType': 'R', 'numTeams': 3, 'numLeagues': 2}, {'season': '2026', 'stat': {'age': 31, 'gamesPlayed': 5, 'gamesStarted': 0, 'groundOuts': 7, 'airOuts': 6, 'runs': 10, 'doubles': 4, 'triples': 0, 'homeRuns': 1, 'strikeOuts': 6, 'baseOnBalls': 2, 'intentionalWalks': 0, 'hits': 15, 'hitByPitch': 0, 'avg': '.441', 'atBats': 34, 'obp': '.472', 'slg': '.647', 'ops': '1.119', 'caughtStealing': 0, 'stolenBases': 3, 'stolenBasePercentage': '1.000', 'caughtStealingPercentage': '.000', 'groundIntoDoublePlay': 1, 'numberOfPitches': 131, 'era': '8.53', 'inningsPitched': '6.1', 'wins': 0, 'losses': 1, 'saves': 1, 'saveOpportunities': 1, 'holds': 0, 'blownSaves': 0, 'earnedRuns': 6, 'whip': '2.68', 'battersFaced': 36, 'outs': 19, 'gamesPitched': 5, 'completeGames': 0, 'shutouts': 0, 'strikes': 95, 'strikePercentage': '.730', 'hitBatsmen': 0, 'balks': 0, 'wildPitches': 0, 'pickoffs': 0, 'totalBases': 22, 'groundOutsToAirouts': '1.17', 'winPercentage': '.000', 'pitchesPerInning': '20.68', 'gamesFinished': 4, 'strikeoutWalkRatio': '3.00', 'strikeoutsPer9Inn': '8.53', 'walksPer9Inn': '2.84', 'hitsPer9Inn': '21.32', 'runsScoredPer9': '14.21', 'homeRunsPer9': '1.42', 'inheritedRunners': 0, 'inheritedRunnersScored': 0, 'catchersInterference': 0, 'sacBunts': 0, 'sacFlies': 0}, 'team': {'id': 134, 'name': 'Pittsburgh Pirates', 'link': '/api/v1/teams/134'}, 'player': {'id': 664353, 'fullName': 'José Urquidy', 'link': '/api/v1/people/664353'}, 'league': {'id': 104, 'name': 'National League', 'link': '/api/v1/league/104'}, 'sport': {'id': 1, 'link': '/api/v1/sports/1', 'abbreviation': 'MLB'}, 'gameType': 'R'}, {'season': '2026', 'stat': {'age': 31, 'gamesPlayed': 1, 'gamesStarted': 0, 'groundOuts': 4, 'airOuts': 4, 'runs': 0, 'doubles': 1, 'triples': 0, 'homeRuns': 0, 'strikeOuts': 6, 'baseOnBalls': 0, 'intentionalWalks': 0, 'hits': 5, 'hitByPitch': 0, 'avg': '.263', 'atBats': 19, 'obp': '.263', 'slg': '.316', 'ops': '.579', 'caughtStealing': 0, 'stolenBases': 0, 'stolenBasePercentage': '.---', 'caughtStealingPercentage': '.---', 'groundIntoDoublePlay': 0, 'numberOfPitches': 64, 'era': '0.00', 'inningsPitched': '4.2', 'wins': 0, 'losses': 0, 'saves': 0, 'saveOpportunities': 0, 'holds': 0, 'blownSaves': 0, 'earnedRuns': 0, 'whip': '1.07', 'battersFaced': 19, 'outs': 14, 'gamesPitched': 1, 'completeGames': 0, 'shutouts': 0, 'strikes': 47, 'strikePercentage': '.730', 'hitBatsmen': 0, 'balks': 0, 'wildPitches': 0, 'pickoffs': 0, 'totalBases': 6, 'groundOutsToAirouts': '1.00', 'winPercentage': '.---', 'pitchesPerInning': '13.71', 'gamesFinished': 0, 'strikeoutWalkRatio': '-.--', 'strikeoutsPer9Inn': '11.57', 'walksPer9Inn': '0.00', 'hitsPer9Inn': '9.64', 'runsScoredPer9': '0.00', 'homeRunsPer9': '0.00', 'inheritedRunners': 3, 'inheritedRunnersScored': 2, 'catchersInterference': 0, 'sacBunts': 0, 'sacFlies': 0}, 'team': {'id': 143, 'name': 'Philadelphia Phillies', 'link': '/api/v1/teams/143'}, 'player': {'id': 664353, 'fullName': 'José Urquidy', 'link': '/api/v1/people/664353'}, 'league': {'id': 104, 'name': 'National League', 'link': '/api/v1/league/104'}, 'sport': {'id': 1, 'link': '/api/v1/sports/1', 'abbreviation': 'MLB'}, 'gameType': 'R'}, {'season': '2026', 'stat': {'age': 31, 'gamesPlayed': 6, 'gamesStarted': 1, 'groundOuts': 20, 'airOuts': 31, 'runs': 11, 'doubles': 5, 'triples': 0, 'homeRuns': 3, 'strikeOuts': 15, 'baseOnBalls': 5, 'intentionalWalks': 0, 'hits': 22, 'hitByPitch': 2, 'avg': '.253', 'atBats': 87, 'obp': '.305', 'slg': '.414', 'ops': '.719', 'caughtStealing': 0, 'stolenBases': 0, 'stolenBasePercentage': '.---', 'caughtStealingPercentage': '.---', 'groundIntoDoublePlay': 0, 'numberOfPitches': 362, 'era': '4.37', 'inningsPitched': '22.2', 'wins': 2, 'losses': 1, 'saves': 0, 'saveOpportunities': 0, 'holds': 0, 'blownSaves': 0, 'earnedRuns': 11, 'whip': '1.19', 'battersFaced': 95, 'outs': 68, 'gamesPitched': 6, 'completeGames': 0, 'shutouts': 0, 'strikes': 243, 'strikePercentage': '.670', 'hitBatsmen': 2, 'balks': 0, 'wildPitches': 1, 'pickoffs': 0, 'totalBases': 36, 'groundOutsToAirouts': '0.65', 'winPercentage': '.667', 'pitchesPerInning': '15.97', 'gamesFinished': 2, 'strikeoutWalkRatio': '3.00', 'strikeoutsPer9Inn': '5.96', 'walksPer9Inn': '1.99', 'hitsPer9Inn': '8.74', 'runsScoredPer9': '4.37', 'homeRunsPer9': '1.19', 'inheritedRunners': 0, 'inheritedRunnersScored': 0, 'catchersInterference': 0, 'sacBunts': 0, 'sacFlies': 1}, 'team': {'id': 145, 'name': 'Chicago White Sox', 'link': '/api/v1/teams/145'}, 'player': {'id': 664353, 'fullName': 'José Urquidy', 'link': '/api/v1/people/664353'}, 'league': {'id': 103, 'name': 'American League', 'link': '/api/v1/league/103'}, 'sport': {'id': 1, 'link': '/api/v1/sports/1', 'abbreviation': 'MLB'}, 'gameType': 'R'}]",season,pitching
[],"[{'season': '2026', 'stat': {'age': 24, 'gamesPlayed': 28, 'gamesStarted': 25, 'groundOuts': 130, 'airOuts': 144, 'runs': 88, 'doubles': 32, 'triples': 3, 'homeRuns': 18, 'strikeOuts': 101, 'baseOnBalls': 54, 'intentionalWalks': 1, 'hits': 144, 'hitByPitch': 6, 'avg': '.279', 'atBats': 517, 'obp': '.353', 'slg': '.456', 'ops': '.809', 'caughtStealing': 0, 'stolenBases': 9, 'stolenBasePercentage': '1.000', 'caughtStealingPercentage': '.000', 'groundIntoDoublePlay': 10, 'numberOfPitches': 2217, 'era': '6.01', 'inningsPitched': '127.1', 'wins': 6, 'losses': 12, 'saves': 0, 'saveOpportunities': 0, 'holds': 0, 'blownSaves': 0, 'earnedRuns': 85, 'whip': '1.55', 'battersFaced': 581, 'outs': 382, 'gamesPitched': 28, 'completeGames': 0, 'shutouts': 0, 'strikes': 1376, 'strikePercentage': '.620', 'hitBatsmen': 6, 'balks': 1, 'wildPitches': 1, 'pickoffs': 0, 'totalBases': 236, 'groundOutsToAirouts': '0.90', 'winPercentage': '.333', 'pitchesPerInning': '17.41', 'gamesFinished': 3, 'strikeoutWalkRatio': '1.87', 'strikeoutsPer9Inn': '7.14', 'walksPer9Inn': '3.82', 'hitsPer9Inn': '10.18', 'runsScoredPer9': '6.22', 'homeRunsPer9': '1.27', 'inheritedRunners': 0, 'inheritedRunnersScored': 0, 'catchersInterference': 2, 'sacBunts': 1, 'sacFlies': 1}, 'team': {'id': 113, 'name': 'Cincinnati Reds', 'link': '/api/v1/teams/113'}, 'player': {'id': 695076, 'fullName': 'Rhett Lowder', 'link': '/api/v1/people/695076'}, 'league': {'id': 104, 'name': 'National League', 'link': '/api/v1/league/104'}, 'sport': {'id': 1, 'link': '/api/v1/sports/1', 'abbreviation': 'MLB'}, 'gameType': 'R'}]",season,pitching
[],"[{'season': '2026', 'stat': {'age': 26, 'gamesPlayed': 19, 'gamesStarted': 1, 'groundOuts': 35, 'airOuts': 53, 'runs': 17, 'doubles': 6, 'triples': 1, 'homeRuns': 5, 'strikeOuts': 43, 'baseOnBalls': 14, 'intentionalWalks': 0, 'hits': 33, 'hitByPitch': 2, 'avg': '.201', 'atBats': 164, 'obp': '.272', 'slg': '.341', 'ops': '.613', 'caughtStealing': 2, 'stolenBases': 3, 'stolenBasePercentage': '.600', 'caughtStealingPercentage': '.400', 'groundIntoDoublePlay': 0, 'numberOfPitches': 719, 'era': '3.48', 'inningsPitched': '44.0', 'wins': 1, 'losses': 0, 'saves': 0, 'saveOpportunities': 0, 'holds': 1, 'blownSaves': 0, 'earnedRuns': 17, 'whip': '1.07', 'battersFaced': 180, 'outs': 132, 'gamesPitched': 19, 'completeGames': 0, 'shutouts': 0, 'strikes': 453, 'strikePercentage': '.630', 'hitBatsmen': 2, 'balks': 1, 'wildPitches': 4, 'pickoffs': 1, 'totalBases': 56, 'groundOutsToAirouts': '0.66', 'winPercentage': '1.000', 'pitchesPerInning': '16.34', 'gamesFinished': 8, 'strikeoutWalkRatio': '3.07', 'strikeoutsPer9Inn': '8.80', 'walksPer9Inn': '2.86', 'hitsPer9Inn': '6.75', 'runsScoredPer9': '3.48', 'homeRunsPer9': '1.02', 'inheritedRunners': 9, 'inheritedRunnersScored': 3, 'catchersInterference': 0, 'sacBunts': 0, 'sacFlies': 0}, 'team': {'id': 116, 'name': 'Detroit Tigers', 'link': '/api/v1/teams/116'}, 'player': {'id': 680744, 'fullName': 'Ty Madden', 'link': '/api/v1/people/680744'}, 'league': {'id': 103, 'name': 'American League', 'link': '/api/v1/league/103'}, 'sport': {'id': 1, 'link': '/api/v1/sports/1', 'abbreviation': 'MLB'}, 'gameType': 'R'}]",season,pitching
[],"[{'season': '2026', 'stat': {'age': 29, 'gamesPlayed': 59, 'gamesStarted': 0, 'groundOuts': 47, 'airOuts': 47, 'runs': 23, 'doubles': 4, 'triples': 1, 'homeRuns': 8, 'strikeOuts': 73, 'baseOnBalls': 15, 'intentionalWalks': 0, 'hits': 43, 'hitByPitch': 4, 'avg': '.207', 'atBats': 208, 'obp': '.271', 'slg': '.351', 'ops': '.622', 'caughtStealing': 3, 'stolenBases': 4, 'stolenBasePercentage': '.571', 'caughtStealingPercentage': '.429', 'groundIntoDoublePlay': 4, 'numberOfPitches': 966, 'era': '3.36', 'inningsPitched': '56.1', 'wins': 2, 'losses': 2, 'saves': 2, 'saveOpportunities': 7, 'holds': 14, 'blownSaves': 5, 'earnedRuns': 21, 'whip': '1.03', 'battersFaced': 229, 'outs': 169, 'gamesPitched': 59, 'completeGames': 0, 'shutouts': 0, 'strikes': 622, 'strikePercentage': '.640', 'hitBatsmen': 4, 'balks': 0, 'wildPitches': 0, 'pickoffs': 0, 'totalBases': 73, 'groundOutsToAirouts': '1.00', 'winPercentage': '.500', 'pitchesPerInning': '17.15', 'gamesFinished': 8, 'strikeoutWalkRatio': '4.87', 'strikeoutsPer9Inn': '11.66', 'walksPer9Inn': '2.40', 'hitsPer9Inn': '6.87', 'runsScoredPer9': '3.67', 'homeRunsPer9': '1.28', 'inheritedRunners': 27, 'inheritedRunnersScored': 9, 'catchersInterference': 0, 'sacBunts': 0, 'sacFlies': 2}, 'team': {'id': 143, 'name': 'Philadelphia Phillies', 'link': '/api/v1/teams/143'}, 'player': {'id': 680742, 'fullName': 'Jonathan Bowlan', 'link': '/api/v1/people/680742'}, 'league': {'id': 104, 'name': 'National League', 'link': '/api/v1/league/104'}, 'sport': {'id': 1, 'link': '/api/v1/sports/1', 'abbreviation': 'MLB'}, 'gameType': 'R'}]",season,pitching
[],"[{'season': '2026', 'stat': {'age': 24, 'gamesPlayed': 27, 'gamesStarted': 24, 'groundOuts': 85, 'airOuts': 113, 'runs': 62, 'doubles': 23, 'triples': 1, 'homeRuns': 20, 'strikeOuts': 137, 'baseOnBalls': 36, 'intentionalWalks': 0, 'hits': 120, 'hitByPitch': 6, 'avg': '.264', 'atBats': 454, 'obp': '.326', 'slg': '.452', 'ops': '.778', 'caughtStealing': 2, 'stolenBases': 6, 'stolenBasePercentage': '.750', 'caughtStealingPercentage': '.250', 'groundIntoDoublePlay': 5, 'numberOfPitches': 2077, 'era': '4.28', 'inningsPitched': '113.2', 'wins': 10, 'losses': 5, 'saves': 0, 'saveOpportunities': 0, 'holds': 1, 'blownSaves': 0, 'earnedRuns': 54, 'whip': '1.37', 'battersFaced': 498, 'outs': 341, 'gamesPitched': 27, 'completeGames': 0, 'shutouts': 0, 'strikes': 1363, 'strikePercentage': '.660', 'hitBatsmen': 6, 'balks': 0, 'wildPitches': 3, 'pickoffs': 1, 'totalBases': 205, 'groundOutsToAirouts': '0.75', 'winPercentage': '.667', 'pitchesPerInning': '18.27', 'gamesFinished': 0, 'strikeoutWalkRatio': '3.81', 'strikeoutsPer9Inn': '10.85', 'walksPer9Inn': '2.85', 'hitsPer9Inn': '9.50', 'runsScoredPer9': '4.91', 'homeRunsPer9': '1.58', 'inheritedRunners': 0, 'inheritedRunnersScored': 0, 'catchersInterference': 1, 'sacBunts': 0, 'sacFlies': 1}, 'team': {'id': 158, 'name': 'Milwaukee Brewers', 'link': '/api/v1/teams/158'}, 'player': {'id': 690986, 'fullName': 'Kyle Harrison', 'link': '/api/v1/people/690986'}, 'league': {'id': 104, 'name': 'National League', 'link': '/api/v1/league/104'}, 'sport': {'id': 1, 'link': '/api/v1/sports/1', 'abbreviation': 'MLB'}, 'gameType': 'R'}]",season,pitching
[],"[{'season': '2026', 'stat': {'age': 34, 'gamesPlayed': 60, 'gamesStarted': 6, 'groundOuts': 72, 'airOuts': 58, 'runs': 28, 'doubles': 11, 'triples': 2, 'homeRuns': 7, 'strikeOuts': 64, 'baseOnBalls': 18, 'intentionalWalks': 2, 'hits': 58, 'hitByPitch': 1, 'avg': '.233', 'atBats': 249, 'obp': '.286', 'slg': '.378', 'ops': '.664', 'caughtStealing': 2, 'stolenBases': 5, 'stolenBasePercentage': '.714', 'caughtStealingPercentage': '.286', 'groundIntoDoublePlay': 9, 'numberOfPitches': 1085, 'era': '3.48', 'inningsPitched': '67.1', 'wins': 3, 'losses': 4, 'saves': 0, 'saveOpportunities': 0, 'holds': 2, 'blownSaves': 0, 'earnedRuns': 26, 'whip': '1.13', 'battersFaced': 271, 'outs': 202, 'gamesPitched': 60, 'completeGames': 0, 'shutouts': 0, 'strikes': 691, 'strikePercentage': '.640', 'hitBatsmen': 1, 'balks': 1, 'wildPitches': 2, 'pickoffs': 1, 'totalBases': 94, 'groundOutsToAirouts': '1.24', 'winPercentage': '.429', 'pitchesPerInning': '16.11', 'gamesFinished': 14, 'strikeoutWalkRatio': '3.56', 'strikeoutsPer9Inn': '8.55', 'walksPer9Inn': '2.41', 'hitsPer9Inn': '7.75', 'runsScoredPer9': '3.74', 'homeRunsPer9': '0.94', 'inheritedRunners': 23, 'inheritedRunnersScored': 7, 'catchersInterference': 0, 'sacBunts': 2, 'sacFlies': 1}, 'team': {'id': 143, 'name': 'Philadelphia Phillies', 'link': '/api/v1/teams/143'}, 'player': {'id': 641835, 'fullName': 'Tim Mayza', 'link': '/api/v1/people/641835'}, 'league': {'id': 104, 'name': 'National League', 'link': '/api/v1/league/104'}, 'sport': {'id': 1, 'link': '/api/v1/sports/1', 'abbreviation': 'MLB'}, 'gameType': 'R'}]",season,pitching
[],"[{'season': '2026', 'stat': {'age': 27, 'gamesPlayed': 7, 'gamesStarted': 0, 'groundOuts': 12, 'airOuts': 9, 'runs': 5, 'doubles': 0, 'triples': 0, 'homeRuns': 3, 'strikeOuts': 6, 'baseOnBalls': 3, 'intentionalWalks': 0, 'hits': 8, 'hitByPitch': 0, 'avg': '.229', 'atBats': 35, 'obp': '.289', 'slg': '.486', 'ops': '.775', 'caughtStealing': 0, 'stolenBases': 0, 'stolenBasePercentage': '.---', 'caughtStealingPercentage': '.---', 'groundIntoDoublePlay': 1, 'numberOfPitches': 138, 'era': '5.00', 'inningsPitched': '9.0', 'wins': 0, 'losses': 0, 'saves': 0, 'saveOpportunities': 0, 'holds': 0, 'blownSaves': 0, 'earnedRuns': 5, 'whip': '1.22', 'battersFaced': 38, 'outs': 27, 'gamesPitched': 7, 'completeGames': 0, 'shutouts': 0, 'strikes': 90, 'strikePercentage': '.650', 'hitBatsmen': 0, 'balks': 0, 'wildPitches': 0, 'pickoffs': 0, 'totalBases': 17, 'groundOutsToAirouts': '1.33', 'winPercentage': '.---', 'pitchesPerInning': '15.33', 'gamesFinished': 2, 'strikeoutWalkRatio': '2.00', 'strikeoutsPer9Inn': '6.00', 'walksPer9Inn': '3.00', 'hitsPer9Inn': '8.00', 'runsScoredPer9': '5.00', 'homeRunsPer9': '3.00', 'inheritedRunners': 2, 'inheritedRunnersScored': 0, 'catchersInterference': 0, 'sacBunts': 0, 'sacFlies': 0}, 'team': {'id': 143, 'name': 'Philadelphia Phillies', 'link': '/api/v1/teams/143'}, 'player': {'id': 676661, 'fullName': 'Max Lazar', 'link': '/api/v1/people/676661'}, 'league': {'id': 104, 'name': 'National League', 'link': '/api/v1/league/104'}, 'sport': {'id': 1, 'link': '/api/v1/sports/1', 'abbreviation': 'MLB'}, 'gameType': 'R'}]",season,pitching
[],"[{'season': '2026', 'stat': {'age': 24, 'gamesPlayed': 31, 'gamesStarted': 31, 'groundOuts': 177, 'airOuts': 151, 'runs': 75, 'doubles': 25, 'triples': 0, 'homeRuns': 17, 'strikeOuts': 194, 'baseOnBalls': 70, 'intentionalWalks': 0, 'hits': 140, 'hitByPitch': 15, 'avg': '.214', 'atBats': 653, 'obp': '.303', 'slg': '.331', 'ops': '.634', 'caughtStealing': 2, 'stolenBases': 6, 'stolenBasePercentage': '.750', 'caughtStealingPercentage': '.250', 'groundIntoDoublePlay': 11, 'numberOfPitches': 2914, 'era': '3.16', 'inningsPitched': '179.2', 'wins': 12, 'losses': 10, 'saves': 0, 'saveOpportunities': 0, 'holds': 0, 'blownSaves': 0, 'earnedRuns': 63, 'whip': '1.17', 'battersFaced': 747, 'outs': 539, 'gamesPitched': 31, 'completeGames': 0, 'shutouts': 0, 'strikes': 1838, 'strikePercentage': '.630', 'hitBatsmen': 15, 'balks': 0, 'wildPitches': 2, 'pickoffs': 3, 'totalBases': 216, 'groundOutsToAirouts': '1.17', 'winPercentage': '.545', 'pitchesPerInning': '16.22', 'gamesFinished': 0, 'strikeoutWalkRatio': '2.77', 'strikeoutsPer9Inn': '9.72', 'walksPer9Inn': '3.51', 'hitsPer9Inn': '7.01', 'runsScoredPer9': '3.76', 'homeRunsPer9': '0.85', 'inheritedRunners': 0, 'inheritedRunnersScored': 0, 'catchersInterference': 0, 'sacBunts': 5, 'sacFlies': 4}, 'team': {'id': 121, 'name': 'New York Mets', 'link': '/api/v1/teams/121'}, 'player': {'id': 690997, 'fullName': 'Nolan McLean', 'link': '/api/v1/people/690997'}, 'league': {'id': 104, 'name': 'National League', 'link': '/api/v1/league/104'}, 'sport': {'id': 1, 'link': '/api/v1/sports/1', 'abbreviation': 'MLB'}, 'gameType': 'R'}]",season,pitching
[],"[{'season': '2026', 'stat': {'age': 25, 'gamesPlayed': 74, 'gamesStarted': 10, 'groundOuts': 64, 'airOuts': 71, 'runs': 34, 'doubles': 7, 'triples': 1, 'homeRuns': 8, 'strikeOuts': 73, 'baseOnBalls': 42, 'intentionalWalks': 5, 'hits': 52, 'hitByPitch': 3, 'avg': '.206', 'atBats': 252, 'obp': '.322', 'slg': '.337', 'ops': '.659', 'caughtStealing': 2, 'stolenBases': 2, 'stolenBasePercentage': '.500', 'caughtStealingPercentage': '.500', 'groundIntoDoublePlay': 9, 'numberOfPitches': 1237, 'era': '3.25', 'inningsPitched': '74.2', 'wins': 3, 'losses': 4, 'saves': 1, 'saveOpportunities': 1, 'holds': 13, 'blownSaves': 0, 'earnedRuns': 27, 'whip': '1.26', 'battersFaced': 305, 'outs': 224, 'gamesPitched': 74, 'completeGames': 0, 'shutouts': 0, 'strikes': 764, 'strikePercentage': '.620', 'hitBatsmen': 3, 'balks': 0, 'wildPitches': 4, 'pickoffs': 2, 'totalBases': 85, 'groundOutsToAirouts': '0.90', 'winPercentage': '.429', 'pitchesPerInning': '16.57', 'gamesFinished': 10, 'strikeoutWalkRatio': '1.74', 'strikeoutsPer9Inn': '8.80', 'walksPer9Inn': '5.06', 'hitsPer9Inn': '6.27', 'runsScoredPer9': '4.10', 'homeRunsPer9': '0.96', 'inheritedRunners': 31, 'inheritedRunnersScored': 6, 'catchersInterference': 0, 'sacBunts': 4, 'sacFlies': 4}, 'team': {'id': 141, 'name': 'Toronto Blue Jays', 'link': '/api/v1/teams/141'}, 'player': {'id': 680755, 'fullName': 'Braydon Fisher', 'link': '/api/v1/people/680755'}, 'league': {'id': 103, 'name': 'American League', 'link': '/api/v1/league/103'}, 'sport': {'id': 1, 'link': '/api/v1/sports/1', 'abbreviation': 'MLB'}, 'gameType': 'R'}]",season,pitching
[],"[{'season': '2026', 'stat': {'age': 26, 'gamesPlayed': 23, 'gamesStarted': 23, 'groundOuts': 128, 'airOuts': 133, 'runs': 76, 'doubles': 23, 'triples': 1, 'homeRuns': 24, 'strikeOuts': 116, 'baseOnBalls': 39, 'intentionalWalks': 0, 'hits': 125, 'hitByPitch': 4, 'avg': '.251', 'atBats': 498, 'obp': '.308', 'slg': '.446', 'ops': '.754', 'caughtStealing': 0, 'stolenBases': 6, 'stolenBasePercentage': '1.000', 'caughtStealingPercentage': '.000', 'groundIntoDoublePlay': 11, 'numberOfPitches': 2117, 'era': '4.90', 'inningsPitched': '130.1', 'wins': 9, 'losses': 11, 'saves': 0, 'saveOpportunities': 0, 'holds': 0, 'blownSaves': 0, 'earnedRuns': 71, 'whip': '1.26', 'battersFaced': 545, 'outs': 391, 'gamesPitched': 23, 'completeGames': 0, 'shutouts': 0, 'strikes': 1343, 'strikePercentage': '.630', 'hitBatsmen': 4, 'balks': 2, 'wildPitches': 3, 'pickoffs': 0, 'totalBases': 222, 'groundOutsToAirouts': '0.96', 'winPercentage': '.450', 'pitchesPerInning': '16.24', 'gamesFinished': 0, 'strikeoutWalkRatio': '2.97', 'strikeoutsPer9Inn': '8.01', 'walksPer9Inn': '2.69', 'hitsPer9Inn': '8.63', 'runsScoredPer9': '5.25', 'homeRunsPer9': '1.66', 'inheritedRunners': 0, 'inheritedRunnersScored': 0, 'catchersInterference': 0, 'sacBunts': 0, 'sacFlies': 4}, 'team': {'id': 142, 'name': 'Minnesota Twins', 'link': '/api/v1/teams/142'}, 'player': {'id': 805673, 'fullName': 'Zebby Matthews', 'link': '/api/v1/people/805673'}, 'league': {'id': 103, 'name': 'American League', 'link': '/api/v1/league/103'}, 'sport': {'id': 1, 'link': '/api/v1/sports/1', 'abbreviation': 'MLB'}, 'gameType': 'R'}]",season,pitching
[],"[{'season': '2026', 'stat': {'age': 21, 'gamesPlayed': 6, 'gamesStarted': 6, 'groundOuts': 28, 'airOuts': 36, 'runs': 15, 'doubles': 3, 'triples': 2, 'homeRuns': 4, 'strikeOuts': 28, 'baseOnBalls': 8, 'intentionalWalks': 0, 'hits': 31, 'hitByPitch': 0, 'avg': '.256', 'atBats': 121, 'obp': '.298', 'slg': '.413', 'ops': '.711', 'caughtStealing': 0, 'stolenBases': 3, 'stolenBasePercentage': '1.000', 'caughtStealingPercentage': '.000', 'groundIntoDoublePlay': 4, 'numberOfPitches': 482, 'era': '4.18', 'inningsPitched': '32.1', 'wins': 2, 'losses': 2, 'saves': 0, 'saveOpportunities': 0, 'holds': 0, 'blownSaves': 0, 'earnedRuns': 15, 'whip': '1.21', 'battersFaced': 131, 'outs': 97, 'gamesPitched': 6, 'completeGames': 0, 'shutouts': 0, 'strikes': 325, 'strikePercentage': '.670', 'hitBatsmen': 0, 'balks': 0, 'wildPitches': 1, 'pickoffs': 0, 'totalBases': 50, 'groundOutsToAirouts': '0.78', 'winPercentage': '.500', 'pitchesPerInning': '14.91', 'gamesFinished': 0, 'strikeoutWalkRatio': '3.50', 'strikeoutsPer9Inn': '7.79', 'walksPer9Inn': '2.23', 'hitsPer9Inn': '8.63', 'runsScoredPer9': '4.18', 'homeRunsPer9': '1.11', 'inheritedRunners': 0, 'inheritedRunnersScored': 0, 'catchersInterference': 0, 'sacBunts': 0, 'sacFlies': 2}, 'team': {'id': 136, 'name': 'Seattle Mariners', 'link': '/api/v1/teams/136'}, 'player': {'id': 807739, 'fullName': 'Kade Anderson', 'link': '/api/v1/people/807739'}, 'league': {'id': 103, 'name': 'American League', 'link': '/api/v1/league/103'}, 'sport': {'id': 1, 'link': '/api/v1/sports/1', 'abbreviation': 'MLB'}, 'gameType': 'R'}]",season,pitching
[],"[{'season': '2026', 'stat': {'age': 25, 'gamesPlayed': 20, 'gamesStarted': 6, 'groundOuts': 33, 'airOuts': 61, 'runs': 40, 'doubles': 6, 'triples': 1, 'homeRuns': 14, 'strikeOuts': 50, 'baseOnBalls': 30, 'intentionalWalks': 1, 'hits': 53, 'hitByPitch': 2, 'avg': '.270', 'atBats': 196, 'obp': '.371', 'slg': '.526', 'ops': '.897', 'caughtStealing': 3, 'stolenBases': 5, 'stolenBasePercentage': '.625', 'caughtStealingPercentage': '.375', 'groundIntoDoublePlay': 3, 'numberOfPitches': 909, 'era': '7.02', 'inningsPitched': '50.0', 'wins': 1, 'losses': 4, 'saves': 2, 'saveOpportunities': 2, 'holds': 0, 'blownSaves': 0, 'earnedRuns': 39, 'whip': '1.66', 'battersFaced': 229, 'outs': 150, 'gamesPitched': 20, 'completeGames': 0, 'shutouts': 0, 'strikes': 542, 'strikePercentage': '.600', 'hitBatsmen': 2, 'balks': 0, 'wildPitches': 3, 'pickoffs': 0, 'totalBases': 103, 'groundOutsToAirouts': '0.54', 'winPercentage': '.200', 'pitchesPerInning': '18.18', 'gamesFinished': 6, 'strikeoutWalkRatio': '1.67', 'strikeoutsPer9Inn': '9.00', 'walksPer9Inn': '5.40', 'hitsPer9Inn': '9.54', 'runsScoredPer9': '7.20', 'homeRunsPer9': '2.52', 'inheritedRunners': 6, 'inheritedRunnersScored': 2, 'catchersInterference': 0, 'sacBunts': 0, 'sacFlies': 1}, 'team': {'id': 133, 'name': 'Athletics', 'link': '/api/v1/teams/133'}, 'player': {'id': 686930, 'fullName': 'Mason Barnett', 'link': '/api/v1/people/686930'}, 'league': {'id': 103, 'name': 'American League', 'link': '/api/v1/league/103'}, 'sport': {'id': 1, 'link': '/api/v1/sports/1', 'abbreviation': 'MLB'}, 'gameType': 'R'}]",season,pitching
[],"[{'season': '2026', 'stat': {'age': 26, 'gamesPlayed': 52, 'gamesStarted': 0, 'groundOuts': 73, 'airOuts': 52, 'runs': 36, 'doubles': 11, 'triples': 2, 'homeRuns': 3, 'strikeOuts': 43, 'baseOnBalls': 32, 'intentionalWalks': 1, 'hits': 57, 'hitByPitch': 3, 'avg': '.260', 'atBats': 219, 'obp': '.355', 'slg': '.370', 'ops': '.725', 'caughtStealing': 2, 'stolenBases': 1, 'stolenBasePercentage': '.333', 'caughtStealingPercentage': '.667', 'groundIntoDoublePlay': 4, 'numberOfPitches': 1004, 'era': '4.99', 'inningsPitched': '57.2', 'wins': 3, 'losses': 3, 'saves': 4, 'saveOpportunities': 7, 'holds': 6, 'blownSaves': 3, 'earnedRuns': 32, 'whip': '1.54', 'battersFaced': 260, 'outs': 173, 'gamesPitched': 52, 'completeGames': 0, 'shutouts': 0, 'strikes': 605, 'strikePercentage': '.600', 'hitBatsmen': 3, 'balks': 0, 'wildPitches': 6, 'pickoffs': 0, 'totalBases': 81, 'groundOutsToAirouts': '1.40', 'winPercentage': '.500', 'pitchesPerInning': '17.41', 'gamesFinished': 17, 'strikeoutWalkRatio': '1.34', 'strikeoutsPer9Inn': '6.71', 'walksPer9Inn': '4.99', 'hitsPer9Inn': '8.90', 'runsScoredPer9': '5.62', 'homeRunsPer9': '0.47', 'inheritedRunners': 23, 'inheritedRunnersScored': 6, 'catchersInterference': 0, 'sacBunts': 1, 'sacFlies': 5}, 'player': {'id': 680767, 'fullName': 'Victor Vodnik', 'link': '/api/v1/people/680767'}, 'league': {'id': 104, 'name': 'National League', 'link': '/api/v1/league/104'}, 'sport': {'id': 1, 'link': '/api/v1/sports/1', 'abbreviation': 'MLB'}, 'gameType': 'R', 'numTeams': 2}, {'season': '2026', 'stat': {'age': 26, 'gamesPlayed': 33, 'gamesStarted': 0, 'groundOuts': 43, 'airOuts': 32, 'runs': 24, 'doubles': 9, 'triples': 1, 'homeRuns': 3, 'strikeOuts': 26, 'baseOnBalls': 19, 'intentionalWalks': 1, 'hits': 42, 'hitByPitch': 1, 'avg': '.300', 'atBats': 140, 'obp': '.380', 'slg': '.443', 'ops': '.823', 'caughtStealing': 2, 'stolenBases': 0, 'stolenBasePercentage': '.000', 'caughtStealingPercentage': '1.000', 'groundIntoDoublePlay': 3, 'numberOfPitches': 625, 'era': '5.25', 'inningsPitched': '36.0', 'wins': 3, 'losses': 3, 'saves': 4, 'saveOpportunities': 7, 'holds': 5, 'blownSaves': 3, 'earnedRuns': 21, 'whip': '1.69', 'battersFaced': 163, 'outs': 108, 'gamesPitched': 33, 'completeGames': 0, 'shutouts': 0, 'strikes': 377, 'strikePercentage': '.600', 'hitBatsmen': 1, 'balks': 0, 'wildPitches': 4, 'pickoffs': 0, 'totalBases': 62, 'groundOutsToAirouts': '1.34', 'winPercentage': '.500', 'pitchesPerInning': '17.36', 'gamesFinished': 12, 'strikeoutWalkRatio': '1.37', 'strikeoutsPer9Inn': '6.50', 'walksPer9Inn': '4.75', 'hitsPer9Inn': '10.50', 'runsScoredPer9': '6.00', 'homeRunsPer9': '0.75', 'inheritedRunners': 15, 'inheritedRunnersScored': 4, 'catchersInterference': 0, 'sacBunts': 0, 'sacFlies': 3}, 'team': {'id': 115, 'name': 'Colorado Rockies', 'link': '/api/v1/teams/115'}, 'player': {'id': 680767, 'fullName': 'Victor Vodnik', 'link': '/api/v1/people/680767'}, 'league': {'id': 104, 'name': 'National League', 'link': '/api/v1/league/104'}, 'sport': {'id': 1, 'link': '/api/v1/sports/1', 'abbreviation': 'MLB'}, 'gameType': 'R'}, {'season': '2026', 'stat': {'age': 26, 'gamesPlayed': 19, 'gamesStarted': 0, 'groundOuts': 30, 'airOuts': 20, 'runs': 12, 'doubles': 2, 'triples': 1, 'homeRuns': 0, 'strikeOuts': 17, 'baseOnBalls': 13, 'intentionalWalks': 0, 'hits': 15, 'hitByPitch': 2, 'avg': '.190', 'atBats': 79, 'obp': '.313', 'slg': '.241', 'ops': '.554', 'caughtStealing': 0, 'stolenBases': 1, 'stolenBasePercentage': '1.000', 'caughtStealingPercentage': '.000', 'groundIntoDoublePlay': 1, 'numberOfPitches': 379, 'era': '4.57', 'inningsPitched': '21.2', 'wins': 0, 'losses': 0, 'saves': 0, 'saveOpportunities': 0, 'holds': 1, 'blownSaves': 0, 'earnedRuns': 11, 'whip': '1.29', 'battersFaced': 97, 'outs': 65, 'gamesPitched': 19, 'completeGames': 0, 'shutouts': 0, 'strikes': 228, 'strikePercentage': '.600', 'hitBatsmen': 2, 'balks': 0, 'wildPitches': 2, 'pickoffs': 0, 'totalBases': 19, 'groundOutsToAirouts': '1.50', 'winPercentage': '.---', 'pitchesPerInning': '17.49', 'gamesFinished': 5, 'strikeoutWalkRatio': '1.31', 'strikeoutsPer9Inn': '7.06', 'walksPer9Inn': '5.40', 'hitsPer9Inn': '6.23', 'runsScoredPer9': '4.98', 'homeRunsPer9': '0.00', 'inheritedRunners': 8, 'inheritedRunnersScored': 2, 'catchersInterference': 0, 'sacBunts': 1, 'sacFlies': 2}, 'team': {'id': 146, 'name': 'Miami Marlins', 'link': '/api/v1/teams/146'}, 'player': {'id': 680767, 'fullName': 'Victor Vodnik', 'link': '/api/v1/people/680767'}, 'league': {'id': 104, 'name': 'National League', 'link': '/api/v1/league/104'}, 'sport': {'id': 1, 'link': '/api/v1/sports/1', 'abbreviation': 'MLB'}, 'gameType': 'R'}]",season,pitching
[],"[{'season': '2026', 'stat': {'age': 25, 'gamesPlayed': 18, 'gamesStarted': 0, 'groundOuts': 19, 'airOuts': 16, 'runs': 6, 'doubles': 1, 'triples': 0, 'homeRuns': 1, 'strikeOuts': 19, 'baseOnBalls': 7, 'intentionalWalks': 0, 'hits': 12, 'hitByPitch': 0, 'avg': '.185', 'atBats': 65, 'obp': '.264', 'slg': '.246', 'ops': '.510', 'caughtStealing': 0, 'stolenBases': 2, 'stolenBasePercentage': '1.000', 'caughtStealingPercentage': '.000', 'groundIntoDoublePlay': 1, 'numberOfPitches': 290, 'era': '2.00', 'inningsPitched': '18.0', 'wins': 4, 'losses': 1, 'saves': 0, 'saveOpportunities': 1, 'holds': 5, 'blownSaves': 1, 'earnedRuns': 4, 'whip': '1.06', 'battersFaced': 73, 'outs': 54, 'gamesPitched': 18, 'completeGames': 0, 'shutouts': 0, 'strikes': 186, 'strikePercentage': '.640', 'hitBatsmen': 0, 'balks': 0, 'wildPitches': 0, 'pickoffs': 0, 'totalBases': 16, 'groundOutsToAirouts': '1.19', 'winPercentage': '.800', 'pitchesPerInning': '16.11', 'gamesFinished': 3, 'strikeoutWalkRatio': '2.71', 'strikeoutsPer9Inn': '9.50', 'walksPer9Inn': '3.50', 'hitsPer9Inn': '6.00', 'runsScoredPer9': '3.00', 'homeRunsPer9': '0.50', 'inheritedRunners': 4, 'inheritedRunnersScored': 1, 'catchersInterference': 0, 'sacBunts': 1, 'sacFlies': 0}, 'team': {'id': 143, 'name': 'Philadelphia Phillies', 'link': '/api/v1/teams/143'}, 'player': {'id': 686934, 'fullName': 'Alex McFarlane', 'link': '/api/v1/people/686934'}, 'league': {'id': 104, 'name': 'National League', 'link': '/api/v1/league/104'}, 'sport': {'id': 1, 'link': '/api/v1/sports/1', 'abbreviation': 'MLB'}, 'gameType': 'R'}]",season,pitching
[],"[{'season': '2026', 'stat': {'age': 34, 'gamesPlayed': 31, 'gamesStarted': 1, 'groundOuts': 28, 'airOuts': 39, 'runs': 29, 'doubles': 8, 'triples': 2, 'homeRuns': 8, 'strikeOuts': 37, 'baseOnBalls': 14, 'intentionalWalks': 1, 'hits': 52, 'hitByPitch': 1, 'avg': '.338', 'atBats': 154, 'obp': '.394', 'slg': '.571', 'ops': '.965', 'caughtStealing': 0, 'stolenBases': 1, 'stolenBasePercentage': '1.000', 'caughtStealingPercentage': '.000', 'groundIntoDoublePlay': 3, 'numberOfPitches': 648, 'era': '6.43', 'inningsPitched': '35.0', 'wins': 0, 'losses': 4, 'saves': 0, 'saveOpportunities': 1, 'holds': 2, 'blownSaves': 1, 'earnedRuns': 25, 'whip': '1.89', 'battersFaced': 171, 'outs': 105, 'gamesPitched': 31, 'completeGames': 0, 'shutouts': 0, 'strikes': 430, 'strikePercentage': '.660', 'hitBatsmen': 1, 'balks': 0, 'wildPitches': 0, 'pickoffs': 0, 'totalBases': 88, 'groundOutsToAirouts': '0.72', 'winPercentage': '.000', 'pitchesPerInning': '18.51', 'gamesFinished': 8, 'strikeoutWalkRatio': '2.64', 'strikeoutsPer9Inn': '9.51', 'walksPer9Inn': '3.60', 'hitsPer9Inn': '13.37', 'runsScoredPer9': '7.46', 'homeRunsPer9': '2.06', 'inheritedRunners': 6, 'inheritedRunnersScored': 2, 'catchersInterference': 0, 'sacBunts': 1, 'sacFlies': 1}, 'team': {'id': 143, 'name': 'Philadelphia Phillies', 'link': '/api/v1/teams/143'}, 'player': {'id': 621383, 'fullName': 'Tanner Banks', 'link': '/api/v1/people/621383'}, 'league': {'id': 104, 'name': 'National League', 'link': '/api/v1/league/104'}, 'sport': {'id': 1, 'link': '/api/v1/sports/1', 'abbreviation': 'MLB'}, 'gameType': 'R'}]",season,pitching
[],"[{'season': '2026', 'stat': {'age': 25, 'gamesPlayed': 28, 'gamesStarted': 0, 'groundOuts': 23, 'airOuts': 29, 'runs': 26, 'doubles': 4, 'triples': 1, 'homeRuns': 3, 'strikeOuts': 48, 'baseOnBalls': 22, 'intentionalWalks': 0, 'hits': 35, 'hitByPitch': 4, 'avg': '.265', 'atBats': 132, 'obp': '.381', 'slg': '.379', 'ops': '.760', 'caughtStealing': 1, 'stolenBases': 2, 'stolenBasePercentage': '.667', 'caughtStealingPercentage': '.333', 'groundIntoDoublePlay': 0, 'numberOfPitches': 652, 'era': '6.42', 'inningsPitched': '33.2', 'wins': 0, 'losses': 2, 'saves': 0, 'saveOpportunities': 1, 'holds': 5, 'blownSaves': 1, 'earnedRuns': 24, 'whip': '1.69', 'battersFaced': 162, 'outs': 101, 'gamesPitched': 28, 'completeGames': 0, 'shutouts': 0, 'strikes': 396, 'strikePercentage': '.610', 'hitBatsmen': 4, 'balks': 1, 'wildPitches': 7, 'pickoffs': 1, 'totalBases': 50, 'groundOutsToAirouts': '0.79', 'winPercentage': '.000', 'pitchesPerInning': '19.37', 'gamesFinished': 1, 'strikeoutWalkRatio': '2.18', 'strikeoutsPer9Inn': '12.83', 'walksPer9Inn': '5.88', 'hitsPer9Inn': '9.36', 'runsScoredPer9': '6.95', 'homeRunsPer9': '0.80', 'inheritedRunners': 13, 'inheritedRunnersScored': 8, 'catchersInterference': 1, 'sacBunts': 1, 'sacFlies': 2}, 'team': {'id': 113, 'name': 'Cincinnati Reds', 'link': '/api/v1/teams/113'}, 'player': {'id': 682825, 'fullName': 'Luis Mey', 'link': '/api/v1/people/682825'}, 'league': {'id': 104, 'name': 'National League', 'link': '/api/v1/league/104'}, 'sport': {'id': 1, 'link': '/api/v1/sports/1', 'abbreviation': 'MLB'}, 'gameType': 'R'}]",season,pitching
[],"[{'season': '2026', 'stat': {'age': 26, 'gamesPlayed': 61, 'gamesStarted': 0, 'groundOuts': 68, 'airOuts': 42, 'runs': 13, 'doubles': 4, 'triples': 0, 'homeRuns': 3, 'strikeOuts': 62, 'baseOnBalls': 19, 'intentionalWalks': 2, 'hits': 42, 'hitByPitch': 1, 'avg': '.199', 'atBats': 211, 'obp': '.267', 'slg': '.261', 'ops': '.528', 'caughtStealing': 0, 'stolenBases': 1, 'stolenBasePercentage': '1.000', 'caughtStealingPercentage': '.000', 'groundIntoDoublePlay': 8, 'numberOfPitches': 918, 'era': '1.97', 'inningsPitched': '59.1', 'wins': 6, 'losses': 3, 'saves': 6, 'saveOpportunities': 8, 'holds': 23, 'blownSaves': 2, 'earnedRuns': 13, 'whip': '1.03', 'battersFaced': 234, 'outs': 178, 'gamesPitched': 61, 'completeGames': 0, 'shutouts': 0, 'strikes': 589, 'strikePercentage': '.640', 'hitBatsmen': 1, 'balks': 0, 'wildPitches': 2, 'pickoffs': 1, 'totalBases': 55, 'groundOutsToAirouts': '1.62', 'winPercentage': '.667', 'pitchesPerInning': '15.47', 'gamesFinished': 17, 'strikeoutWalkRatio': '3.26', 'strikeoutsPer9Inn': '9.40', 'walksPer9Inn': '2.88', 'hitsPer9Inn': '6.37', 'runsScoredPer9': '1.97', 'homeRunsPer9': '0.46', 'inheritedRunners': 23, 'inheritedRunnersScored': 8, 'catchersInterference': 0, 'sacBunts': 2, 'sacFlies': 1}, 'team': {'id': 158, 'name': 'Milwaukee Brewers', 'link': '/api/v1/teams/158'}, 'player': {'id': 682842, 'fullName': 'Abner Uribe', 'link': '/api/v1/people/682842'}, 'league': {'id': 104, 'name': 'National League', 'link': '/api/v1/league/104'}, 'sport': {'id': 1, 'link': '/api/v1/sports/1', 'abbreviation': 'MLB'}, 'gameType': 'R'}]",season,pitching
[],"[{'season': '2026', 'stat': {'age': 38, 'gamesPlayed': 50, 'gamesStarted': 0, 'groundOuts': 21, 'airOuts': 60, 'runs': 18, 'doubles': 2, 'triples': 0, 'homeRuns': 7, 'strikeOuts': 51, 'baseOnBalls': 23, 'intentionalWalks': 1, 'hits': 24, 'hitByPitch': 1, 'avg': '.156', 'atBats': 154, 'obp': '.267', 'slg': '.305', 'ops': '.572', 'caughtStealing': 0, 'stolenBases': 12, 'stolenBasePercentage': '1.000', 'caughtStealingPercentage': '.000', 'groundIntoDoublePlay': 2, 'numberOfPitches': 725, 'era': '3.20', 'inningsPitched': '45.0', 'wins': 4, 'losses': 6, 'saves': 22, 'saveOpportunities': 28, 'holds': 1, 'blownSaves': 6, 'earnedRuns': 16, 'whip': '1.04', 'battersFaced': 180, 'outs': 135, 'gamesPitched': 50, 'completeGames': 0, 'shutouts': 0, 'strikes': 470, 'strikePercentage': '.650', 'hitBatsmen': 1, 'balks': 1, 'wildPitches': 1, 'pickoffs': 0, 'totalBases': 47, 'groundOutsToAirouts': '0.35', 'winPercentage': '.400', 'pitchesPerInning': '16.11', 'gamesFinished': 39, 'strikeoutWalkRatio': '2.22', 'strikeoutsPer9Inn': '10.20', 'walksPer9Inn': '4.60', 'hitsPer9Inn': '4.80', 'runsScoredPer9': '3.60', 'homeRunsPer9': '1.40', 'inheritedRunners': 12, 'inheritedRunnersScored': 5, 'catchersInterference': 0, 'sacBunts': 0, 'sacFlies': 2}, 'team': {'id': 116, 'name': 'Detroit Tigers', 'link': '/api/v1/teams/116'}, 'player': {'id': 445276, 'fullName': 'Kenley Jansen', 'link': '/api/v1/people/445276'}, 'league': {'id': 103, 'name': 'American League', 'link': '/api/v1/league/103'}, 'sport': {'id': 1, 'link': '/api/v1/sports/1', 'abbreviation': 'MLB'}, 'gameType': 'R'}]",season,pitching
[],"[{'season': '2026', 'stat': {'age': 31, 'gamesPlayed': 29, 'gamesStarted': 0, 'groundOuts': 17, 'airOuts': 24, 'runs': 10, 'doubles': 4, 'triples': 0, 'homeRuns': 5, 'strikeOuts': 30, 'baseOnBalls': 6, 'intentionalWalks': 3, 'hits': 21, 'hitByPitch': 1, 'avg': '.231', 'atBats': 91, 'obp': '.283', 'slg': '.440', 'ops': '.723', 'caughtStealing': 0, 'stolenBases': 4, 'stolenBasePercentage': '1.000', 'caughtStealingPercentage': '.000', 'groundIntoDoublePlay': 1, 'numberOfPitches': 394, 'era': '3.38', 'inningsPitched': '24.0', 'wins': 2, 'losses': 2, 'saves': 1, 'saveOpportunities': 3, 'holds': 8, 'blownSaves': 2, 'earnedRuns': 9, 'whip': '1.13', 'battersFaced': 99, 'outs': 72, 'gamesPitched': 29, 'completeGames': 0, 'shutouts': 0, 'strikes': 268, 'strikePercentage': '.680', 'hitBatsmen': 1, 'balks': 0, 'wildPitches': 1, 'pickoffs': 0, 'totalBases': 40, 'groundOutsToAirouts': '0.71', 'winPercentage': '.500', 'pitchesPerInning': '16.42', 'gamesFinished': 7, 'strikeoutWalkRatio': '5.00', 'strikeoutsPer9Inn': '11.25', 'walksPer9Inn': '2.25', 'hitsPer9Inn': '7.88', 'runsScoredPer9': '3.75', 'homeRunsPer9': '1.88', 'inheritedRunners': 10, 'inheritedRunnersScored': 5, 'catchersInterference': 0, 'sacBunts': 0, 'sacFlies': 1}, 'team': {'id': 119, 'name': 'Los Angeles Dodgers', 'link': '/api/v1/teams/119'}, 'player': {'id': 623465, 'fullName': 'Evan Phillips', 'link': '/api/v1/people/623465'}, 'league': {'id': 104, 'name': 'National League', 'link': '/api/v1/league/104'}, 'sport': {'id': 1, 'link': '/api/v1/sports/1', 'abbreviation': 'MLB'}, 'gameType': 'R'}]",season,pitching
[],"[{'season': '2026', 'stat': {'age': 33, 'gamesPlayed': 16, 'gamesStarted': 16, 'groundOuts': 63, 'airOuts': 95, 'runs': 30, 'doubles': 12, 'triples': 0, 'homeRuns': 7, 'strikeOuts': 91, 'baseOnBalls': 38, 'intentionalWalks': 0, 'hits': 51, 'hitByPitch': 2, 'avg': '.173', 'atBats': 294, 'obp': '.269', 'slg': '.286', 'ops': '.555', 'caughtStealing': 1, 'stolenBases': 8, 'stolenBasePercentage': '.889', 'caughtStealingPercentage': '.111', 'groundIntoDoublePlay': 3, 'numberOfPitches': 1438, 'era': '2.67', 'inningsPitched': '84.1', 'wins': 7, 'losses': 3, 'saves': 0, 'saveOpportunities': 0, 'holds': 0, 'blownSaves': 0, 'earnedRuns': 25, 'whip': '1.06', 'battersFaced': 340, 'outs': 253, 'gamesPitched': 16, 'completeGames': 0, 'shutouts': 0, 'strikes': 886, 'strikePercentage': '.620', 'hitBatsmen': 2, 'balks': 0, 'wildPitches': 3, 'pickoffs': 0, 'totalBases': 84, 'groundOutsToAirouts': '0.66', 'winPercentage': '.700', 'pitchesPerInning': '17.05', 'gamesFinished': 0, 'strikeoutWalkRatio': '2.39', 'strikeoutsPer9Inn': '9.71', 'walksPer9Inn': '4.06', 'hitsPer9Inn': '5.44', 'runsScoredPer9': '3.20', 'homeRunsPer9': '0.75', 'inheritedRunners': 0, 'inheritedRunnersScored': 0, 'catchersInterference': 0, 'sacBunts': 2, 'sacFlies': 4}, 'team': {'id': 147, 'name': 'New York Yankees', 'link': '/api/v1/teams/147'}, 'player': {'id': 607074, 'fullName': 'Carlos Rodón', 'link': '/api/v1/people/607074'}, 'league': {'id': 103, 'name': 'American League', 'link': '/api/v1/league/103'}, 'sport': {'id': 1, 'link': '/api/v1/sports/1', 'abbreviation': 'MLB'}, 'gameType': 'R'}]",season,pitching
[],"[{'season': '2026', 'stat': {'age': 32, 'gamesPlayed': 49, 'gamesStarted': 11, 'groundOuts': 105, 'airOuts': 94, 'runs': 48, 'doubles': 17, 'triples': 1, 'homeRuns': 16, 'strikeOuts': 114, 'baseOnBalls': 43, 'intentionalWalks': 1, 'hits': 94, 'hitByPitch': 6, 'avg': '.233', 'atBats': 403, 'obp': '.315', 'slg': '.400', 'ops': '.715', 'caughtStealing': 4, 'stolenBases': 9, 'stolenBasePercentage': '.692', 'caughtStealingPercentage': '.308', 'groundIntoDoublePlay': 10, 'numberOfPitches': 1770, 'era': '3.67', 'inningsPitched': '108.0', 'wins': 5, 'losses': 7, 'saves': 2, 'saveOpportunities': 8, 'holds': 6, 'blownSaves': 6, 'earnedRuns': 44, 'whip': '1.27', 'battersFaced': 456, 'outs': 324, 'gamesPitched': 49, 'completeGames': 0, 'shutouts': 0, 'strikes': 1155, 'strikePercentage': '.650', 'hitBatsmen': 6, 'balks': 1, 'wildPitches': 4, 'pickoffs': 0, 'totalBases': 161, 'groundOutsToAirouts': '1.12', 'winPercentage': '.417', 'pitchesPerInning': '16.39', 'gamesFinished': 9, 'strikeoutWalkRatio': '2.65', 'strikeoutsPer9Inn': '9.50', 'walksPer9Inn': '3.58', 'hitsPer9Inn': '7.83', 'runsScoredPer9': '4.00', 'homeRunsPer9': '1.33', 'inheritedRunners': 19, 'inheritedRunnersScored': 4, 'catchersInterference': 0, 'sacBunts': 2, 'sacFlies': 2}, 'team': {'id': 116, 'name': 'Detroit Tigers', 'link': '/api/v1/teams/116'}, 'player': {'id': 623454, 'fullName': 'Drew Anderson', 'link': '/api/v1/people/623454'}, 'league': {'id': 103, 'name': 'American League', 'link': '/api/v1/league/103'}, 'sport': {'id': 1, 'link': '/api/v1/sports/1', 'abbreviation': 'MLB'}, 'gameType': 'R'}]",season,pitching
[],"[{'season': '2026', 'stat': {'age': 35, 'gamesPlayed': 33, 'gamesStarted': 19, 'groundOuts': 143, 'airOuts': 149, 'runs': 68, 'doubles': 22, 'triples': 1, 'homeRuns': 21, 'strikeOuts': 100, 'baseOnBalls': 47, 'intentionalWalks': 0, 'hits': 135, 'hitByPitch': 7, 'avg': '.259', 'atBats': 522, 'obp': '.327', 'slg': '.425', 'ops': '.752', 'caughtStealing': 5, 'stolenBases': 5, 'stolenBasePercentage': '.500', 'caughtStealingPercentage': '.500', 'groundIntoDoublePlay': 5, 'numberOfPitches': 2206, 'era': '4.40', 'inningsPitched': '135.0', 'wins': 8, 'losses': 8, 'saves': 1, 'saveOpportunities': 1, 'holds': 0, 'blownSaves': 0, 'earnedRuns': 66, 'whip': '1.35', 'battersFaced': 581, 'outs': 405, 'gamesPitched': 33, 'completeGames': 0, 'shutouts': 0, 'strikes': 1403, 'strikePercentage': '.640', 'hitBatsmen': 7, 'balks': 1, 'wildPitches': 1, 'pickoffs': 5, 'totalBases': 222, 'groundOutsToAirouts': '0.96', 'winPercentage': '.500', 'pitchesPerInning': '16.34', 'gamesFinished': 9, 'strikeoutWalkRatio': '2.13', 'strikeoutsPer9Inn': '6.67', 'walksPer9Inn': '3.13', 'hitsPer9Inn': '9.00', 'runsScoredPer9': '4.53', 'homeRunsPer9': '1.40', 'inheritedRunners': 5, 'inheritedRunnersScored': 3, 'catchersInterference': 0, 'sacBunts': 3, 'sacFlies': 2}, 'team': {'id': 112, 'name': 'Chicago Cubs', 'link': '/api/v1/teams/112'}, 'player': {'id': 607067, 'fullName': 'Colin Rea', 'link': '/api/v1/people/607067'}, 'league': {'id': 104, 'name': 'National League', 'link': '/api/v1/league/104'}, 'sport': {'id': 1, 'link': '/api/v1/sports/1', 'abbreviation': 'MLB'}, 'gameType': 'R'}]",season,pitching
[],"[{'season': '2026', 'stat': {'age': 30, 'gamesPlayed': 24, 'gamesStarted': 0, 'groundOuts': 39, 'airOuts': 32, 'runs': 14, 'doubles': 6, 'triples': 0, 'homeRuns': 3, 'strikeOuts': 32, 'baseOnBalls': 11, 'intentionalWalks': 1, 'hits': 36, 'hitByPitch': 0, 'avg': '.267', 'atBats': 135, 'obp': '.315', 'slg': '.378', 'ops': '.693', 'caughtStealing': 1, 'stolenBases': 3, 'stolenBasePercentage': '.750', 'caughtStealingPercentage': '.250', 'groundIntoDoublePlay': 4, 'numberOfPitches': 545, 'era': '2.80', 'inningsPitched': '35.1', 'wins': 2, 'losses': 2, 'saves': 0, 'saveOpportunities': 1, 'holds': 2, 'blownSaves': 1, 'earnedRuns': 11, 'whip': '1.33', 'battersFaced': 150, 'outs': 106, 'gamesPitched': 24, 'completeGames': 0, 'shutouts': 0, 'strikes': 350, 'strikePercentage': '.640', 'hitBatsmen': 0, 'balks': 0, 'wildPitches': 2, 'pickoffs': 1, 'totalBases': 51, 'groundOutsToAirouts': '1.22', 'winPercentage': '.500', 'pitchesPerInning': '15.42', 'gamesFinished': 5, 'strikeoutWalkRatio': '2.91', 'strikeoutsPer9Inn': '8.15', 'walksPer9Inn': '2.80', 'hitsPer9Inn': '9.17', 'runsScoredPer9': '3.57', 'homeRunsPer9': '0.76', 'inheritedRunners': 11, 'inheritedRunnersScored': 5, 'catchersInterference': 0, 'sacBunts': 1, 'sacFlies': 3}, 'player': {'id': 656240, 'fullName': 'Scott Blewett', 'link': '/api/v1/people/656240'}, 'sport': {'id': 1, 'link': '/api/v1/sports/1', 'abbreviation': 'MLB'}, 'gameType': 'R', 'numTeams': 2, 'numLeagues': 2}, {'season': '2026', 'stat': {'age': 30, 'gamesPlayed': 23, 'gamesStarted': 0, 'groundOuts': 38, 'airOuts': 29, 'runs': 14, 'doubles': 5, 'triples': 0, 'homeRuns': 3, 'strikeOuts': 30, 'baseOnBalls': 9, 'intentionalWalks': 1, 'hits': 35, 'hitByPitch': 0, 'avg': '.273', 'atBats': 128, 'obp': '.314', 'slg': '.383', 'ops': '.697', 'caughtStealing': 1, 'stolenBases': 3, 'stolenBasePercentage': '.750', 'caughtStealingPercentage': '.250', 'groundIntoDoublePlay': 4, 'numberOfPitches': 503, 'era': '2.97', 'inningsPitched': '33.1', 'wins': 2, 'losses': 2, 'saves': 0, 'saveOpportunities': 1, 'holds': 2, 'blownSaves': 1, 'earnedRuns': 11, 'whip': '1.32', 'battersFaced': 141, 'outs': 100, 'gamesPitched': 23, 'completeGames': 0, 'shutouts': 0, 'strikes': 328, 'strikePercentage': '.650', 'hitBatsmen': 0, 'balks': 0, 'wildPitches': 2, 'pickoffs': 1, 'totalBases': 49, 'groundOutsToAirouts': '1.31', 'winPercentage': '.500', 'pitchesPerInning': '15.09', 'gamesFinished': 4, 'strikeoutWalkRatio': '3.33', 'strikeoutsPer9Inn': '8.10', 'walksPer9Inn': '2.43', 'hitsPer9Inn': '9.45', 'runsScoredPer9': '3.78', 'homeRunsPer9': '0.81', 'inheritedRunners': 11, 'inheritedRunnersScored': 5, 'catchersInterference': 0, 'sacBunts': 1, 'sacFlies': 3}, 'team': {'id': 133, 'name': 'Athletics', 'link': '/api/v1/teams/133'}, 'player': {'id': 656240, 'fullName': 'Scott Blewett', 'link': '/api/v1/people/656240'}, 'league': {'id': 103, 'name': 'American League', 'link': '/api/v1/league/103'}, 'sport': {'id': 1, 'link': '/api/v1/sports/1', 'abbreviation': 'MLB'}, 'gameType': 'R'}, {'season': '2026', 'stat': {'age': 30, 'gamesPlayed': 1, 'gamesStarted': 0, 'groundOuts': 1, 'airOuts': 3, 'runs': 0, 'doubles': 1, 'triples': 0, 'homeRuns': 0, 'strikeOuts': 2, 'baseOnBalls': 2, 'intentionalWalks': 0, 'hits': 1, 'hitByPitch': 0, 'avg': '.143', 'atBats': 7, 'obp': '.333', 'slg': '.286', 'ops': '.619', 'caughtStealing': 0, 'stolenBases': 0, 'stolenBasePercentage': '.---', 'caughtStealingPercentage': '.---', 'groundIntoDoublePlay': 0, 'numberOfPitches': 42, 'era': '0.00', 'inningsPitched': '2.0', 'wins': 0, 'losses': 0, 'saves': 0, 'saveOpportunities': 0, 'holds': 0, 'blownSaves': 0, 'earnedRuns': 0, 'whip': '1.50', 'battersFaced': 9, 'outs': 6, 'gamesPitched': 1, 'completeGames': 0, 'shutouts': 0, 'strikes': 22, 'strikePercentage': '.520', 'hitBatsmen': 0, 'balks': 0, 'wildPitches': 0, 'pickoffs': 0, 'totalBases': 2, 'groundOutsToAirouts': '0.33', 'winPercentage': '.---', 'pitchesPerInning': '21.00', 'gamesFinished': 1, 'strikeoutWalkRatio': '1.00', 'strikeoutsPer9Inn': '9.00', 'walksPer9Inn': '9.00', 'hitsPer9Inn': '4.50', 'runsScoredPer9': '0.00', 'homeRunsPer9': '0.00', 'inheritedRunners': 0, 'inheritedRunnersScored': 0, 'catchersInterference': 0, 'sacBunts': 0, 'sacFlies': 0}, 'team': {'id': 138, 'name': 'St. Louis Cardinals', 'link': '/api/v1/teams/138'}, 'player': {'id': 656240, 'fullName': 'Scott Blewett', 'link': '/api/v1/people/656240'}, 'league': {'id': 104, 'name': 'National League', 'link': '/api/v1/league/104'}, 'sport': {'id': 1, 'link': '/api/v1/sports/1', 'abbreviation': 'MLB'}, 'gameType': 'R'}]",season,pitching
[],"[{'season': '2026', 'stat': {'age': 29, 'gamesPlayed': 28, 'gamesStarted': 0, 'groundOuts': 22, 'airOuts': 23, 'runs': 15, 'doubles': 4, 'triples': 0, 'homeRuns': 1, 'strikeOuts': 40, 'baseOnBalls': 20, 'intentionalWalks': 1, 'hits': 22, 'hitByPitch': 4, 'avg': '.208', 'atBats': 106, 'obp': '.354', 'slg': '.274', 'ops': '.628', 'caughtStealing': 0, 'stolenBases': 0, 'stolenBasePercentage': '.---', 'caughtStealingPercentage': '.---', 'groundIntoDoublePlay': 2, 'numberOfPitches': 547, 'era': '4.60', 'inningsPitched': '29.1', 'wins': 1, 'losses': 1, 'saves': 3, 'saveOpportunities': 3, 'holds': 1, 'blownSaves': 0, 'earnedRuns': 15, 'whip': '1.43', 'battersFaced': 131, 'outs': 88, 'gamesPitched': 28, 'completeGames': 0, 'shutouts': 0, 'strikes': 328, 'strikePercentage': '.600', 'hitBatsmen': 4, 'balks': 0, 'wildPitches': 1, 'pickoffs': 0, 'totalBases': 29, 'groundOutsToAirouts': '0.96', 'winPercentage': '.500', 'pitchesPerInning': '18.65', 'gamesFinished': 14, 'strikeoutWalkRatio': '2.00', 'strikeoutsPer9Inn': '12.27', 'walksPer9Inn': '6.14', 'hitsPer9Inn': '6.75', 'runsScoredPer9': '4.60', 'homeRunsPer9': '0.31', 'inheritedRunners': 11, 'inheritedRunnersScored': 3, 'catchersInterference': 0, 'sacBunts': 1, 'sacFlies': 0}, 'player': {'id': 676742, 'fullName': 'Cam Sanders', 'link': '/api/v1/people/676742'}, 'sport': {'id': 1, 'link': '/api/v1/sports/1', 'abbreviation': 'MLB'}, 'gameType': 'R', 'numTeams': 2, 'numLeagues': 2}, {'season': '2026', 'stat': {'age': 29, 'gamesPlayed': 19, 'gamesStarted': 0, 'groundOuts': 15, 'airOuts': 15, 'runs': 6, 'doubles': 2, 'triples': 0, 'homeRuns': 0, 'strikeOuts': 27, 'baseOnBalls': 10, 'intentionalWalks': 1, 'hits': 13, 'hitByPitch': 3, 'avg': '.186', 'atBats': 70, 'obp': '.313', 'slg': '.214', 'ops': '.527', 'caughtStealing': 0, 'stolenBases': 0, 'stolenBasePercentage': '.---', 'caughtStealingPercentage': '.---', 'groundIntoDoublePlay': 2, 'numberOfPitches': 330, 'era': '2.70', 'inningsPitched': '20.0', 'wins': 1, 'losses': 1, 'saves': 3, 'saveOpportunities': 3, 'holds': 1, 'blownSaves': 0, 'earnedRuns': 6, 'whip': '1.15', 'battersFaced': 83, 'outs': 60, 'gamesPitched': 19, 'completeGames': 0, 'shutouts': 0, 'strikes': 199, 'strikePercentage': '.600', 'hitBatsmen': 3, 'balks': 0, 'wildPitches': 0, 'pickoffs': 0, 'totalBases': 15, 'groundOutsToAirouts': '1.00', 'winPercentage': '.500', 'pitchesPerInning': '16.50', 'gamesFinished': 10, 'strikeoutWalkRatio': '2.70', 'strikeoutsPer9Inn': '12.15', 'walksPer9Inn': '4.50', 'hitsPer9Inn': '5.85', 'runsScoredPer9': '2.70', 'homeRunsPer9': '0.00', 'inheritedRunners': 9, 'inheritedRunnersScored': 3, 'catchersInterference': 0, 'sacBunts': 0, 'sacFlies': 0}, 'team': {'id': 110, 'name': 'Baltimore Orioles', 'link': '/api/v1/teams/110'}, 'player': {'id': 676742, 'fullName': 'Cam Sanders', 'link': '/api/v1/people/676742'}, 'league': {'id': 103, 'name': 'American League', 'link': '/api/v1/league/103'}, 'sport': {'id': 1, 'link': '/api/v1/sports/1', 'abbreviation': 'MLB'}, 'gameType': 'R'}, {'season': '2026', 'stat': {'age': 29, 'gamesPlayed': 9, 'gamesStarted': 0, 'groundOuts': 7, 'airOuts': 8, 'runs': 9, 'doubles': 2, 'triples': 0, 'homeRuns': 1, 'strikeOuts': 13, 'baseOnBalls': 10, 'intentionalWalks': 0, 'hits': 9, 'hitByPitch': 1, 'avg': '.250', 'atBats': 36, 'obp': '.426', 'slg': '.389', 'ops': '.815', 'caughtStealing': 0, 'stolenBases': 0, 'stolenBasePercentage': '.---', 'caughtStealingPercentage': '.---', 'groundIntoDoublePlay': 0, 'numberOfPitches': 217, 'era': '8.68', 'inningsPitched': '9.1', 'wins': 0, 'losses': 0, 'saves': 0, 'saveOpportunities': 0, 'holds': 0, 'blownSaves': 0, 'earnedRuns': 9, 'whip': '2.04', 'battersFaced': 48, 'outs': 28, 'gamesPitched': 9, 'completeGames': 0, 'shutouts': 0, 'strikes': 129, 'strikePercentage': '.590', 'hitBatsmen': 1, 'balks': 0, 'wildPitches': 1, 'pickoffs': 0, 'totalBases': 14, 'groundOutsToAirouts': '0.88', 'winPercentage': '.---', 'pitchesPerInning': '23.25', 'gamesFinished': 4, 'strikeoutWalkRatio': '1.30', 'strikeoutsPer9Inn': '12.54', 'walksPer9Inn': '9.64', 'hitsPer9Inn': '8.68', 'runsScoredPer9': '8.68', 'homeRunsPer9': '0.96', 'inheritedRunners': 2, 'inheritedRunnersScored': 0, 'catchersInterference': 0, 'sacBunts': 1, 'sacFlies': 0}, 'team': {'id': 134, 'name': 'Pittsburgh Pirates', 'link': '/api/v1/teams/134'}, 'player': {'id': 676742, 'fullName': 'Cam Sanders', 'link': '/api/v1/people/676742'}, 'league': {'id': 104, 'name': 'National League', 'link': '/api/v1/league/104'}, 'sport': {'id': 1, 'link': '/api/v1/sports/1', 'abbreviation': 'MLB'}, 'gameType': 'R'}]",season,pitching
[],"[{'season': '2026', 'stat': {'age': 28, 'gamesPlayed': 71, 'gamesStarted': 0, 'groundOuts': 83, 'airOuts': 49, 'runs': 20, 'doubles': 8, 'triples': 0, 'homeRuns': 2, 'strikeOuts': 97, 'baseOnBalls': 23, 'intentionalWalks': 1, 'hits': 55, 'hitByPitch': 0, 'avg': '.196', 'atBats': 280, 'obp': '.255', 'slg': '.246', 'ops': '.501', 'caughtStealing': 2, 'stolenBases': 6, 'stolenBasePercentage': '.750', 'caughtStealingPercentage': '.250', 'groundIntoDoublePlay': 8, 'numberOfPitches': 1236, 'era': '1.27', 'inningsPitched': '78.0', 'wins': 5, 'losses': 6, 'saves': 35, 'saveOpportunities': 37, 'holds': 5, 'blownSaves': 2, 'earnedRuns': 11, 'whip': '1.00', 'battersFaced': 307, 'outs': 234, 'gamesPitched': 71, 'completeGames': 0, 'shutouts': 0, 'strikes': 830, 'strikePercentage': '.670', 'hitBatsmen': 0, 'balks': 0, 'wildPitches': 3, 'pickoffs': 0, 'totalBases': 69, 'groundOutsToAirouts': '1.69', 'winPercentage': '.455', 'pitchesPerInning': '15.85', 'gamesFinished': 53, 'strikeoutWalkRatio': '4.22', 'strikeoutsPer9Inn': '11.19', 'walksPer9Inn': '2.65', 'hitsPer9Inn': '6.35', 'runsScoredPer9': '2.31', 'homeRunsPer9': '0.23', 'inheritedRunners': 34, 'inheritedRunnersScored': 5, 'catchersInterference': 0, 'sacBunts': 1, 'sacFlies': 3}, 'team': {'id': 141, 'name': 'Toronto Blue Jays', 'link': '/api/v1/teams/141'}, 'player': {'id': 686973, 'fullName': 'Louis Varland', 'link': '/api/v1/people/686973'}, 'league': {'id': 103, 'name': 'American League', 'link': '/api/v1/league/103'}, 'sport': {'id': 1, 'link': '/api/v1/sports/1', 'abbreviation': 'MLB'}, 'gameType': 'R'}]",season,pitching
[],"[{'season': '2026', 'stat': {'age': 38, 'gamesPlayed': 31, 'gamesStarted': 31, 'groundOuts': 119, 'airOuts': 160, 'runs': 76, 'doubles': 23, 'triples': 2, 'homeRuns': 20, 'strikeOuts': 201, 'baseOnBalls': 46, 'intentionalWalks': 3, 'hits': 139, 'hitByPitch': 2, 'avg': '.226', 'atBats': 615, 'obp': '.281', 'slg': '.367', 'ops': '.648', 'caughtStealing': 4, 'stolenBases': 5, 'stolenBasePercentage': '.556', 'caughtStealingPercentage': '.444', 'groundIntoDoublePlay': 5, 'numberOfPitches': 2735, 'era': '4.20', 'inningsPitched': '162.2', 'wins': 11, 'losses': 11, 'saves': 0, 'saveOpportunities': 0, 'holds': 0, 'blownSaves': 0, 'earnedRuns': 76, 'whip': '1.14', 'battersFaced': 668, 'outs': 488, 'gamesPitched': 31, 'completeGames': 0, 'shutouts': 0, 'strikes': 1781, 'strikePercentage': '.650', 'hitBatsmen': 2, 'balks': 0, 'wildPitches': 5, 'pickoffs': 0, 'totalBases': 226, 'groundOutsToAirouts': '0.74', 'winPercentage': '.500', 'pitchesPerInning': '16.81', 'gamesFinished': 0, 'strikeoutWalkRatio': '4.37', 'strikeoutsPer9Inn': '11.12', 'walksPer9Inn': '2.55', 'hitsPer9Inn': '7.69', 'runsScoredPer9': '4.20', 'homeRunsPer9': '1.11', 'inheritedRunners': 0, 'inheritedRunnersScored': 0, 'catchersInterference': 1, 'sacBunts': 2, 'sacFlies': 2}, 'team': {'id': 140, 'name': 'Texas Rangers', 'link': '/api/v1/teams/140'}, 'player': {'id': 594798, 'fullName': 'Jacob deGrom', 'link': '/api/v1/people/594798'}, 'league': {'id': 103, 'name': 'American League', 'link': '/api/v1/league/103'}, 'sport': {'id': 1, 'link': '/api/v1/sports/1', 'abbreviation': 'MLB'}, 'gameType': 'R'}]",season,pitching
[],"[{'season': '2026', 'stat': {'age': 32, 'gamesPlayed': 51, 'gamesStarted': 3, 'groundOuts': 36, 'airOuts': 69, 'runs': 37, 'doubles': 11, 'triples': 1, 'homeRuns': 10, 'strikeOuts': 47, 'baseOnBalls': 26, 'intentionalWalks': 2, 'hits': 56, 'hitByPitch': 3, 'avg': '.279', 'atBats': 201, 'obp': '.362', 'slg': '.493', 'ops': '.855', 'caughtStealing': 2, 'stolenBases': 7, 'stolenBasePercentage': '.778', 'caughtStealingPercentage': '.222', 'groundIntoDoublePlay': 4, 'numberOfPitches': 946, 'era': '5.70', 'inningsPitched': '53.2', 'wins': 0, 'losses': 6, 'saves': 3, 'saveOpportunities': 5, 'holds': 10, 'blownSaves': 2, 'earnedRuns': 34, 'whip': '1.53', 'battersFaced': 237, 'outs': 161, 'gamesPitched': 51, 'completeGames': 0, 'shutouts': 0, 'strikes': 601, 'strikePercentage': '.640', 'hitBatsmen': 3, 'balks': 0, 'wildPitches': 3, 'pickoffs': 1, 'totalBases': 99, 'groundOutsToAirouts': '0.52', 'winPercentage': '.000', 'pitchesPerInning': '17.63', 'gamesFinished': 15, 'strikeoutWalkRatio': '1.81', 'strikeoutsPer9Inn': '7.88', 'walksPer9Inn': '4.36', 'hitsPer9Inn': '9.39', 'runsScoredPer9': '6.20', 'homeRunsPer9': '1.68', 'inheritedRunners': 24, 'inheritedRunnersScored': 11, 'catchersInterference': 0, 'sacBunts': 2, 'sacFlies': 5}, 'team': {'id': 115, 'name': 'Colorado Rockies', 'link': '/api/v1/teams/115'}, 'player': {'id': 623474, 'fullName': 'Jimmy Herget', 'link': '/api/v1/people/623474'}, 'league': {'id': 104, 'name': 'National League', 'link': '/api/v1/league/104'}, 'sport': {'id': 1, 'link': '/api/v1/sports/1', 'abbreviation': 'MLB'}, 'gameType': 'R'}]",season,pitching
[],"[{'season': '2026', 'stat': {'age': 30, 'gamesPlayed': 24, 'gamesStarted': 23, 'groundOuts': 108, 'airOuts': 174, 'runs': 63, 'doubles': 28, 'triples': 0, 'homeRuns': 19, 'strikeOuts': 91, 'baseOnBalls': 36, 'intentionalWalks': 0, 'hits': 123, 'hitByPitch': 2, 'avg': '.248', 'atBats': 495, 'obp': '.302', 'slg': '.420', 'ops': '.722', 'caughtStealing': 1, 'stolenBases': 15, 'stolenBasePercentage': '.938', 'caughtStealingPercentage': '.063', 'groundIntoDoublePlay': 5, 'numberOfPitches': 2013, 'era': '4.21', 'inningsPitched': '126.0', 'wins': 7, 'losses': 6, 'saves': 1, 'saveOpportunities': 1, 'holds': 0, 'blownSaves': 0, 'earnedRuns': 59, 'whip': '1.26', 'battersFaced': 535, 'outs': 378, 'gamesPitched': 24, 'completeGames': 1, 'shutouts': 1, 'strikes': 1313, 'strikePercentage': '.650', 'hitBatsmen': 2, 'balks': 0, 'wildPitches': 0, 'pickoffs': 0, 'totalBases': 208, 'groundOutsToAirouts': '0.62', 'winPercentage': '.538', 'pitchesPerInning': '15.98', 'gamesFinished': 1, 'strikeoutWalkRatio': '2.53', 'strikeoutsPer9Inn': '6.50', 'walksPer9Inn': '2.57', 'hitsPer9Inn': '8.79', 'runsScoredPer9': '4.50', 'homeRunsPer9': '1.36', 'inheritedRunners': 0, 'inheritedRunnersScored': 0, 'catchersInterference': 1, 'sacBunts': 1, 'sacFlies': 0}, 'team': {'id': 142, 'name': 'Minnesota Twins', 'link': '/api/v1/teams/142'}, 'player': {'id': 641927, 'fullName': 'Bailey Ober', 'link': '/api/v1/people/641927'}, 'league': {'id': 103, 'name': 'American League', 'link': '/api/v1/league/103'}, 'sport': {'id': 1, 'link': '/api/v1/sports/1', 'abbreviation': 'MLB'}, 'gameType': 'R'}]",season,pitching
[],"[{'season': '2026', 'stat': {'age': 35, 'gamesPlayed': 45, 'gamesStarted': 0, 'groundOuts': 19, 'airOuts': 62, 'runs': 16, 'doubles': 6, 'triples': 1, 'homeRuns': 7, 'strikeOuts': 45, 'baseOnBalls': 11, 'intentionalWalks': 1, 'hits': 33, 'hitByPitch': 4, 'avg': '.213', 'atBats': 155, 'obp': '.277', 'slg': '.400', 'ops': '.677', 'caughtStealing': 1, 'stolenBases': 2, 'stolenBasePercentage': '.667', 'caughtStealingPercentage': '.333', 'groundIntoDoublePlay': 1, 'numberOfPitches': 675, 'era': '3.38', 'inningsPitched': '42.2', 'wins': 5, 'losses': 1, 'saves': 25, 'saveOpportunities': 28, 'holds': 0, 'blownSaves': 3, 'earnedRuns': 16, 'whip': '1.03', 'battersFaced': 174, 'outs': 128, 'gamesPitched': 45, 'completeGames': 0, 'shutouts': 0, 'strikes': 439, 'strikePercentage': '.650', 'hitBatsmen': 4, 'balks': 0, 'wildPitches': 4, 'pickoffs': 0, 'totalBases': 62, 'groundOutsToAirouts': '0.31', 'winPercentage': '.833', 'pitchesPerInning': '15.82', 'gamesFinished': 41, 'strikeoutWalkRatio': '4.09', 'strikeoutsPer9Inn': '9.49', 'walksPer9Inn': '2.32', 'hitsPer9Inn': '6.96', 'runsScoredPer9': '3.38', 'homeRunsPer9': '1.48', 'inheritedRunners': 5, 'inheritedRunnersScored': 0, 'catchersInterference': 0, 'sacBunts': 1, 'sacFlies': 3}, 'team': {'id': 113, 'name': 'Cincinnati Reds', 'link': '/api/v1/teams/113'}, 'player': {'id': 641941, 'fullName': 'Emilio Pagán', 'link': '/api/v1/people/641941'}, 'league': {'id': 104, 'name': 'National League', 'link': '/api/v1/league/104'}, 'sport': {'id': 1, 'link': '/api/v1/sports/1', 'abbreviation': 'MLB'}, 'gameType': 'R'}]",season,pitching
[],"[{'season': '2026', 'stat': {'age': 34, 'gamesPlayed': 70, 'gamesStarted': 0, 'groundOuts': 51, 'airOuts': 64, 'runs': 31, 'doubles': 7, 'triples': 1, 'homeRuns': 9, 'strikeOuts': 65, 'baseOnBalls': 32, 'intentionalWalks': 1, 'hits': 52, 'hitByPitch': 2, 'avg': '.225', 'atBats': 231, 'obp': '.323', 'slg': '.381', 'ops': '.704', 'caughtStealing': 1, 'stolenBases': 2, 'stolenBasePercentage': '.667', 'caughtStealingPercentage': '.333', 'groundIntoDoublePlay': 7, 'numberOfPitches': 1079, 'era': '4.02', 'inningsPitched': '62.2', 'wins': 2, 'losses': 3, 'saves': 2, 'saveOpportunities': 6, 'holds': 26, 'blownSaves': 4, 'earnedRuns': 28, 'whip': '1.34', 'battersFaced': 267, 'outs': 188, 'gamesPitched': 70, 'completeGames': 0, 'shutouts': 0, 'strikes': 663, 'strikePercentage': '.610', 'hitBatsmen': 2, 'balks': 0, 'wildPitches': 4, 'pickoffs': 0, 'totalBases': 88, 'groundOutsToAirouts': '0.80', 'winPercentage': '.400', 'pitchesPerInning': '17.22', 'gamesFinished': 7, 'strikeoutWalkRatio': '2.03', 'strikeoutsPer9Inn': '9.34', 'walksPer9Inn': '4.60', 'hitsPer9Inn': '7.47', 'runsScoredPer9': '4.45', 'homeRunsPer9': '1.29', 'inheritedRunners': 22, 'inheritedRunnersScored': 11, 'catchersInterference': 1, 'sacBunts': 0, 'sacFlies': 1}, 'team': {'id': 138, 'name': 'St. Louis Cardinals', 'link': '/api/v1/teams/138'}, 'player': {'id': 592773, 'fullName': 'Ryne Stanek', 'link': '/api/v1/people/592773'}, 'league': {'id': 104, 'name': 'National League', 'link': '/api/v1/league/104'}, 'sport': {'id': 1, 'link': '/api/v1/sports/1', 'abbreviation': 'MLB'}, 'gameType': 'R'}]",season,pitching
[],"[{'season': '2026', 'stat': {'age': 37, 'gamesPlayed': 20, 'gamesStarted': 18, 'groundOuts': 110, 'airOuts': 109, 'runs': 53, 'doubles': 23, 'triples': 0, 'homeRuns': 10, 'strikeOuts': 74, 'baseOnBalls': 38, 'intentionalWalks': 0, 'hits': 120, 'hitByPitch': 9, 'avg': '.293', 'atBats': 409, 'obp': '.363', 'slg': '.423', 'ops': '.786', 'caughtStealing': 4, 'stolenBases': 9, 'stolenBasePercentage': '.692', 'caughtStealingPercentage': '.308', 'groundIntoDoublePlay': 8, 'numberOfPitches': 1731, 'era': '4.59', 'inningsPitched': '102.0', 'wins': 9, 'losses': 5, 'saves': 0, 'saveOpportunities': 0, 'holds': 0, 'blownSaves': 0, 'earnedRuns': 52, 'whip': '1.55', 'battersFaced': 460, 'outs': 306, 'gamesPitched': 20, 'completeGames': 0, 'shutouts': 0, 'strikes': 1092, 'strikePercentage': '.630', 'hitBatsmen': 9, 'balks': 2, 'wildPitches': 2, 'pickoffs': 0, 'totalBases': 173, 'groundOutsToAirouts': '1.01', 'winPercentage': '.643', 'pitchesPerInning': '16.97', 'gamesFinished': 0, 'strikeoutWalkRatio': '1.95', 'strikeoutsPer9Inn': '6.53', 'walksPer9Inn': '3.35', 'hitsPer9Inn': '10.59', 'runsScoredPer9': '4.68', 'homeRunsPer9': '0.88', 'inheritedRunners': 0, 'inheritedRunnersScored': 0, 'catchersInterference': 0, 'sacBunts': 0, 'sacFlies': 4}, 'team': {'id': 110, 'name': 'Baltimore Orioles', 'link': '/api/v1/teams/110'}, 'player': {'id': 605135, 'fullName': 'Chris Bassitt', 'link': '/api/v1/people/605135'}, 'league': {'id': 103, 'name': 'American League', 'link': '/api/v1/league/103'}, 'sport': {'id': 1, 'link': '/api/v1/sports/1', 'abbreviation': 'MLB'}, 'gameType': 'R'}]",season,pitching
[],"[{'season': '2026', 'stat': {'age': 34, 'gamesPlayed': 27, 'gamesStarted': 1, 'groundOuts': 30, 'airOuts': 19, 'runs': 9, 'doubles': 3, 'triples': 0, 'homeRuns': 3, 'strikeOuts': 24, 'baseOnBalls': 9, 'intentionalWalks': 2, 'hits': 16, 'hitByPitch': 0, 'avg': '.180', 'atBats': 89, 'obp': '.255', 'slg': '.315', 'ops': '.570', 'caughtStealing': 1, 'stolenBases': 1, 'stolenBasePercentage': '.500', 'caughtStealingPercentage': '.500', 'groundIntoDoublePlay': 5, 'numberOfPitches': 364, 'era': '2.45', 'inningsPitched': '25.2', 'wins': 1, 'losses': 2, 'saves': 1, 'saveOpportunities': 1, 'holds': 8, 'blownSaves': 0, 'earnedRuns': 7, 'whip': '0.97', 'battersFaced': 98, 'outs': 77, 'gamesPitched': 27, 'completeGames': 0, 'shutouts': 0, 'strikes': 240, 'strikePercentage': '.660', 'hitBatsmen': 0, 'balks': 0, 'wildPitches': 0, 'pickoffs': 0, 'totalBases': 28, 'groundOutsToAirouts': '1.58', 'winPercentage': '.333', 'pitchesPerInning': '14.18', 'gamesFinished': 6, 'strikeoutWalkRatio': '2.67', 'strikeoutsPer9Inn': '8.42', 'walksPer9Inn': '3.16', 'hitsPer9Inn': '5.61', 'runsScoredPer9': '3.16', 'homeRunsPer9': '1.05', 'inheritedRunners': 9, 'inheritedRunnersScored': 2, 'catchersInterference': 0, 'sacBunts': 0, 'sacFlies': 0}, 'team': {'id': 119, 'name': 'Los Angeles Dodgers', 'link': '/api/v1/teams/119'}, 'player': {'id': 592779, 'fullName': 'Brock Stewart', 'link': '/api/v1/people/592779'}, 'league': {'id': 104, 'name': 'National League', 'link': '/api/v1/league/104'}, 'sport': {'id': 1, 'link': '/api/v1/sports/1', 'abbreviation': 'MLB'}, 'gameType': 'R'}]",season,pitching
[],"[{'season': '2026', 'stat': {'age': 27, 'gamesPlayed': 14, 'gamesStarted': 0, 'groundOuts': 14, 'airOuts': 12, 'runs': 6, 'doubles': 2, 'triples': 0, 'homeRuns': 1, 'strikeOuts': 15, 'baseOnBalls': 8, 'intentionalWalks': 0, 'hits': 12, 'hitByPitch': 0, 'avg': '.235', 'atBats': 51, 'obp': '.328', 'slg': '.333', 'ops': '.661', 'caughtStealing': 0, 'stolenBases': 1, 'stolenBasePercentage': '1.000', 'caughtStealingPercentage': '.000', 'groundIntoDoublePlay': 2, 'numberOfPitches': 268, 'era': '3.21', 'inningsPitched': '14.0', 'wins': 1, 'losses': 1, 'saves': 4, 'saveOpportunities': 7, 'holds': 2, 'blownSaves': 3, 'earnedRuns': 5, 'whip': '1.43', 'battersFaced': 61, 'outs': 42, 'gamesPitched': 14, 'completeGames': 0, 'shutouts': 0, 'strikes': 175, 'strikePercentage': '.650', 'hitBatsmen': 0, 'balks': 0, 'wildPitches': 2, 'pickoffs': 0, 'totalBases': 17, 'groundOutsToAirouts': '1.17', 'winPercentage': '.500', 'pitchesPerInning': '19.14', 'gamesFinished': 5, 'strikeoutWalkRatio': '1.88', 'strikeoutsPer9Inn': '9.64', 'walksPer9Inn': '5.14', 'hitsPer9Inn': '7.71', 'runsScoredPer9': '3.86', 'homeRunsPer9': '0.64', 'inheritedRunners': 7, 'inheritedRunnersScored': 4, 'catchersInterference': 0, 'sacBunts': 0, 'sacFlies': 2}, 'team': {'id': 120, 'name': 'Washington Nationals', 'link': '/api/v1/teams/120'}, 'player': {'id': 680899, 'fullName': 'Erik Tolman', 'link': '/api/v1/people/680899'}, 'league': {'id': 104, 'name': 'National League', 'link': '/api/v1/league/104'}, 'sport': {'id': 1, 'link': '/api/v1/sports/1', 'abbreviation': 'MLB'}, 'gameType': 'R'}]",season,pitching
[],"[{'season': '2026', 'stat': {'age': 29, 'gamesPlayed': 77, 'gamesStarted': 0, 'groundOuts': 62, 'airOuts': 80, 'runs': 32, 'doubles': 12, 'triples': 2, 'homeRuns': 5, 'strikeOuts': 74, 'baseOnBalls': 40, 'intentionalWalks': 6, 'hits': 54, 'hitByPitch': 4, 'avg': '.202', 'atBats': 267, 'obp': '.314', 'slg': '.318', 'ops': '.632', 'caughtStealing': 4, 'stolenBases': 8, 'stolenBasePercentage': '.667', 'caughtStealingPercentage': '.333', 'groundIntoDoublePlay': 6, 'numberOfPitches': 1180, 'era': '2.30', 'inningsPitched': '74.1', 'wins': 6, 'losses': 5, 'saves': 2, 'saveOpportunities': 3, 'holds': 23, 'blownSaves': 1, 'earnedRuns': 19, 'whip': '1.26', 'battersFaced': 314, 'outs': 223, 'gamesPitched': 77, 'completeGames': 0, 'shutouts': 0, 'strikes': 738, 'strikePercentage': '.630', 'hitBatsmen': 4, 'balks': 0, 'wildPitches': 2, 'pickoffs': 0, 'totalBases': 85, 'groundOutsToAirouts': '0.78', 'winPercentage': '.545', 'pitchesPerInning': '15.87', 'gamesFinished': 11, 'strikeoutWalkRatio': '1.85', 'strikeoutsPer9Inn': '8.96', 'walksPer9Inn': '4.84', 'hitsPer9Inn': '6.54', 'runsScoredPer9': '3.87', 'homeRunsPer9': '0.61', 'inheritedRunners': 32, 'inheritedRunnersScored': 7, 'catchersInterference': 0, 'sacBunts': 2, 'sacFlies': 1}, 'team': {'id': 113, 'name': 'Cincinnati Reds', 'link': '/api/v1/teams/113'}, 'player': {'id': 656271, 'fullName': 'Brock Burke', 'link': '/api/v1/people/656271'}, 'league': {'id': 104, 'name': 'National League', 'link': '/api/v1/league/104'}, 'sport': {'id': 1, 'link': '/api/v1/sports/1', 'abbreviation': 'MLB'}, 'gameType': 'R'}]",season,pitching
[],"[{'season': '2026', 'stat': {'age': 26, 'gamesPlayed': 33, 'gamesStarted': 0, 'groundOuts': 36, 'airOuts': 36, 'runs': 19, 'doubles': 7, 'triples': 0, 'homeRuns': 6, 'strikeOuts': 41, 'baseOnBalls': 18, 'intentionalWalks': 0, 'hits': 26, 'hitByPitch': 3, 'avg': '.190', 'atBats': 137, 'obp': '.297', 'slg': '.372', 'ops': '.669', 'caughtStealing': 1, 'stolenBases': 2, 'stolenBasePercentage': '.667', 'caughtStealingPercentage': '.333', 'groundIntoDoublePlay': 0, 'numberOfPitches': 625, 'era': '4.50', 'inningsPitched': '38.0', 'wins': 2, 'losses': 1, 'saves': 0, 'saveOpportunities': 1, 'holds': 4, 'blownSaves': 1, 'earnedRuns': 19, 'whip': '1.16', 'battersFaced': 160, 'outs': 114, 'gamesPitched': 33, 'completeGames': 0, 'shutouts': 0, 'strikes': 398, 'strikePercentage': '.640', 'hitBatsmen': 3, 'balks': 0, 'wildPitches': 2, 'pickoffs': 0, 'totalBases': 51, 'groundOutsToAirouts': '1.00', 'winPercentage': '.667', 'pitchesPerInning': '16.45', 'gamesFinished': 10, 'strikeoutWalkRatio': '2.28', 'strikeoutsPer9Inn': '9.71', 'walksPer9Inn': '4.26', 'hitsPer9Inn': '6.16', 'runsScoredPer9': '4.50', 'homeRunsPer9': '1.42', 'inheritedRunners': 12, 'inheritedRunnersScored': 0, 'catchersInterference': 0, 'sacBunts': 2, 'sacFlies': 0}, 'player': {'id': 684974, 'fullName': 'Craig Yoho', 'link': '/api/v1/people/684974'}, 'sport': {'id': 1, 'link': '/api/v1/sports/1', 'abbreviation': 'MLB'}, 'gameType': 'R', 'numTeams': 2, 'numLeagues': 2}, {'season': '2026', 'stat': {'age': 26, 'gamesPlayed': 18, 'gamesStarted': 0, 'groundOuts': 16, 'airOuts': 15, 'runs': 12, 'doubles': 5, 'triples': 0, 'homeRuns': 3, 'strikeOuts': 23, 'baseOnBalls': 10, 'intentionalWalks': 0, 'hits': 17, 'hitByPitch': 1, 'avg': '.246', 'atBats': 69, 'obp': '.350', 'slg': '.449', 'ops': '.799', 'caughtStealing': 0, 'stolenBases': 2, 'stolenBasePercentage': '1.000', 'caughtStealingPercentage': '.000', 'groundIntoDoublePlay': 0, 'numberOfPitches': 317, 'era': '6.00', 'inningsPitched': '18.0', 'wins': 0, 'losses': 1, 'saves': 0, 'saveOpportunities': 1, 'holds': 3, 'blownSaves': 1, 'earnedRuns': 12, 'whip': '1.50', 'battersFaced': 82, 'outs': 54, 'gamesPitched': 18, 'completeGames': 0, 'shutouts': 0, 'strikes': 205, 'strikePercentage': '.650', 'hitBatsmen': 1, 'balks': 0, 'wildPitches': 1, 'pickoffs': 0, 'totalBases': 31, 'groundOutsToAirouts': '1.07', 'winPercentage': '.000', 'pitchesPerInning': '17.61', 'gamesFinished': 4, 'strikeoutWalkRatio': '2.30', 'strikeoutsPer9Inn': '11.50', 'walksPer9Inn': '5.00', 'hitsPer9Inn': '8.50', 'runsScoredPer9': '6.00', 'homeRunsPer9': '1.50', 'inheritedRunners': 8, 'inheritedRunnersScored': 0, 'catchersInterference': 0, 'sacBunts': 2, 'sacFlies': 0}, 'team': {'id': 114, 'name': 'Cleveland Guardians', 'link': '/api/v1/teams/114'}, 'player': {'id': 684974, 'fullName': 'Craig Yoho', 'link': '/api/v1/people/684974'}, 'league': {'id': 103, 'name': 'American League', 'link': '/api/v1/league/103'}, 'sport': {'id': 1, 'link': '/api/v1/sports/1', 'abbreviation': 'MLB'}, 'gameType': 'R'}, {'season': '2026', 'stat': {'age': 26, 'gamesPlayed': 15, 'gamesStarted': 0, 'groundOuts': 20, 'airOuts': 21, 'runs': 7, 'doubles': 2, 'triples': 0, 'homeRuns': 3, 'strikeOuts': 18, 'baseOnBalls': 8, 'intentionalWalks': 0, 'hits': 9, 'hitByPitch': 2, 'avg': '.132', 'atBats': 68, 'obp': '.244', 'slg': '.294', 'ops': '.538', 'caughtStealing': 1, 'stolenBases': 0, 'stolenBasePercentage': '.000', 'caughtStealingPercentage': '1.000', 'groundIntoDoublePlay': 0, 'numberOfPitches': 308, 'era': '3.15', 'inningsPitched': '20.0', 'wins': 2, 'losses': 0, 'saves': 0, 'saveOpportunities': 0, 'holds': 1, 'blownSaves': 0, 'earnedRuns': 7, 'whip': '0.85', 'battersFaced': 78, 'outs': 60, 'gamesPitched': 15, 'completeGames': 0, 'shutouts': 0, 'strikes': 193, 'strikePercentage': '.630', 'hitBatsmen': 2, 'balks': 0, 'wildPitches': 1, 'pickoffs': 0, 'totalBases': 20, 'groundOutsToAirouts': '0.95', 'winPercentage': '1.000', 'pitchesPerInning': '15.40', 'gamesFinished': 6, 'strikeoutWalkRatio': '2.25', 'strikeoutsPer9Inn': '8.10', 'walksPer9Inn': '3.60', 'hitsPer9Inn': '4.05', 'runsScoredPer9': '3.15', 'homeRunsPer9': '1.35', 'inheritedRunners': 4, 'inheritedRunnersScored': 0, 'catchersInterference': 0, 'sacBunts': 0, 'sacFlies': 0}, 'team': {'id': 158, 'name': 'Milwaukee Brewers', 'link': '/api/v1/teams/158'}, 'player': {'id': 684974, 'fullName': 'Craig Yoho', 'link': '/api/v1/people/684974'}, 'league': {'id': 104, 'name': 'National League', 'link': '/api/v1/league/104'}, 'sport': {'id': 1, 'link': '/api/v1/sports/1', 'abbreviation': 'MLB'}, 'gameType': 'R'}]",season,pitching
[],"[{'season': '2026', 'stat': {'age': 33, 'gamesPlayed': 33, 'gamesStarted': 15, 'groundOuts': 135, 'airOuts': 175, 'runs': 68, 'doubles': 22, 'triples': 1, 'homeRuns': 23, 'strikeOuts': 99, 'baseOnBalls': 52, 'intentionalWalks': 2, 'hits': 139, 'hitByPitch': 4, 'avg': '.256', 'atBats': 543, 'obp': '.323', 'slg': '.427', 'ops': '.750', 'caughtStealing': 4, 'stolenBases': 15, 'stolenBasePercentage': '.789', 'caughtStealingPercentage': '.211', 'groundIntoDoublePlay': 8, 'numberOfPitches': 2413, 'era': '3.83', 'inningsPitched': '141.0', 'wins': 8, 'losses': 9, 'saves': 0, 'saveOpportunities': 0, 'holds': 0, 'blownSaves': 0, 'earnedRuns': 60, 'whip': '1.35', 'battersFaced': 606, 'outs': 423, 'gamesPitched': 33, 'completeGames': 0, 'shutouts': 0, 'strikes': 1456, 'strikePercentage': '.600', 'hitBatsmen': 4, 'balks': 0, 'wildPitches': 2, 'pickoffs': 1, 'totalBases': 232, 'groundOutsToAirouts': '0.77', 'winPercentage': '.471', 'pitchesPerInning': '17.11', 'gamesFinished': 3, 'strikeoutWalkRatio': '1.90', 'strikeoutsPer9Inn': '6.32', 'walksPer9Inn': '3.32', 'hitsPer9Inn': '8.87', 'runsScoredPer9': '4.34', 'homeRunsPer9': '1.47', 'inheritedRunners': 10, 'inheritedRunnersScored': 5, 'catchersInterference': 2, 'sacBunts': 0, 'sacFlies': 5}, 'team': {'id': 145, 'name': 'Chicago White Sox', 'link': '/api/v1/teams/145'}, 'player': {'id': 607200, 'fullName': 'Erick Fedde', 'link': '/api/v1/people/607200'}, 'league': {'id': 103, 'name': 'American League', 'link': '/api/v1/league/103'}, 'sport': {'id': 1, 'link': '/api/v1/sports/1', 'abbreviation': 'MLB'}, 'gameType': 'R'}]",season,pitching
[],"[{'season': '2026', 'stat': {'age': 25, 'gamesPlayed': 14, 'gamesStarted': 3, 'groundOuts': 11, 'airOuts': 10, 'runs': 7, 'doubles': 1, 'triples': 0, 'homeRuns': 3, 'strikeOuts': 25, 'baseOnBalls': 7, 'intentionalWalks': 0, 'hits': 12, 'hitByPitch': 0, 'avg': '.207', 'atBats': 58, 'obp': '.292', 'slg': '.379', 'ops': '.671', 'caughtStealing': 0, 'stolenBases': 3, 'stolenBasePercentage': '1.000', 'caughtStealingPercentage': '.000', 'groundIntoDoublePlay': 0, 'numberOfPitches': 273, 'era': '4.11', 'inningsPitched': '15.1', 'wins': 0, 'losses': 0, 'saves': 0, 'saveOpportunities': 0, 'holds': 1, 'blownSaves': 0, 'earnedRuns': 7, 'whip': '1.24', 'battersFaced': 65, 'outs': 46, 'gamesPitched': 14, 'completeGames': 0, 'shutouts': 0, 'strikes': 176, 'strikePercentage': '.640', 'hitBatsmen': 0, 'balks': 0, 'wildPitches': 0, 'pickoffs': 0, 'totalBases': 22, 'groundOutsToAirouts': '1.10', 'winPercentage': '.---', 'pitchesPerInning': '17.80', 'gamesFinished': 3, 'strikeoutWalkRatio': '3.57', 'strikeoutsPer9Inn': '14.67', 'walksPer9Inn': '4.11', 'hitsPer9Inn': '7.04', 'runsScoredPer9': '4.11', 'homeRunsPer9': '1.76', 'inheritedRunners': 1, 'inheritedRunnersScored': 1, 'catchersInterference': 0, 'sacBunts': 0, 'sacFlies': 0}, 'team': {'id': 114, 'name': 'Cleveland Guardians', 'link': '/api/v1/teams/114'}, 'player': {'id': 682982, 'fullName': 'Daniel Espino', 'link': '/api/v1/people/682982'}, 'league': {'id': 103, 'name': 'American League', 'link': '/api/v1/league/103'}, 'sport': {'id': 1, 'link': '/api/v1/sports/1', 'abbreviation': 'MLB'}, 'gameType': 'R'}]",season,pitching
[],"[{'season': '2026', 'stat': {'age': 27, 'gamesPlayed': 28, 'gamesStarted': 28, 'groundOuts': 147, 'airOuts': 172, 'runs': 71, 'doubles': 24, 'triples': 2, 'homeRuns': 22, 'strikeOuts': 133, 'baseOnBalls': 61, 'intentionalWalks': 0, 'hits': 150, 'hitByPitch': 4, 'avg': '.252', 'atBats': 596, 'obp': '.323', 'slg': '.409', 'ops': '.732', 'caughtStealing': 7, 'stolenBases': 9, 'stolenBasePercentage': '.563', 'caughtStealingPercentage': '.438', 'groundIntoDoublePlay': 9, 'numberOfPitches': 2530, 'era': '3.56', 'inningsPitched': '156.2', 'wins': 9, 'losses': 6, 'saves': 0, 'saveOpportunities': 0, 'holds': 0, 'blownSaves': 0, 'earnedRuns': 62, 'whip': '1.35', 'battersFaced': 669, 'outs': 470, 'gamesPitched': 28, 'completeGames': 0, 'shutouts': 0, 'strikes': 1617, 'strikePercentage': '.640', 'hitBatsmen': 4, 'balks': 0, 'wildPitches': 3, 'pickoffs': 0, 'totalBases': 244, 'groundOutsToAirouts': '0.85', 'winPercentage': '.600', 'pitchesPerInning': '16.15', 'gamesFinished': 0, 'strikeoutWalkRatio': '2.18', 'strikeoutsPer9Inn': '7.64', 'walksPer9Inn': '3.50', 'hitsPer9Inn': '8.62', 'runsScoredPer9': '4.08', 'homeRunsPer9': '1.26', 'inheritedRunners': 0, 'inheritedRunnersScored': 0, 'catchersInterference': 2, 'sacBunts': 2, 'sacFlies': 4}, 'team': {'id': 110, 'name': 'Baltimore Orioles', 'link': '/api/v1/teams/110'}, 'player': {'id': 687064, 'fullName': 'Brandon Young', 'link': '/api/v1/people/687064'}, 'league': {'id': 103, 'name': 'American League', 'link': '/api/v1/league/103'}, 'sport': {'id': 1, 'link': '/api/v1/sports/1', 'abbreviation': 'MLB'}, 'gameType': 'R'}]",season,pitching
[],"[{'season': '2026', 'stat': {'age': 34, 'gamesPlayed': 15, 'gamesStarted': 1, 'groundOuts': 29, 'airOuts': 21, 'runs': 10, 'doubles': 4, 'triples': 0, 'homeRuns': 4, 'strikeOuts': 34, 'baseOnBalls': 10, 'intentionalWalks': 0, 'hits': 24, 'hitByPitch': 2, 'avg': '.229', 'atBats': 105, 'obp': '.300', 'slg': '.381', 'ops': '.681', 'caughtStealing': 0, 'stolenBases': 0, 'stolenBasePercentage': '.---', 'caughtStealingPercentage': '.---', 'groundIntoDoublePlay': 4, 'numberOfPitches': 514, 'era': '3.14', 'inningsPitched': '28.2', 'wins': 2, 'losses': 0, 'saves': 0, 'saveOpportunities': 0, 'holds': 1, 'blownSaves': 0, 'earnedRuns': 10, 'whip': '1.19', 'battersFaced': 120, 'outs': 86, 'gamesPitched': 15, 'completeGames': 0, 'shutouts': 0, 'strikes': 317, 'strikePercentage': '.620', 'hitBatsmen': 2, 'balks': 0, 'wildPitches': 0, 'pickoffs': 0, 'totalBases': 40, 'groundOutsToAirouts': '1.38', 'winPercentage': '1.000', 'pitchesPerInning': '17.93', 'gamesFinished': 8, 'strikeoutWalkRatio': '3.40', 'strikeoutsPer9Inn': '10.67', 'walksPer9Inn': '3.14', 'hitsPer9Inn': '7.53', 'runsScoredPer9': '3.14', 'homeRunsPer9': '1.26', 'inheritedRunners': 11, 'inheritedRunnersScored': 6, 'catchersInterference': 0, 'sacBunts': 0, 'sacFlies': 3}, 'player': {'id': 592866, 'fullName': 'Trevor Williams', 'link': '/api/v1/people/592866'}, 'sport': {'id': 1, 'link': '/api/v1/sports/1', 'abbreviation': 'MLB'}, 'gameType': 'R', 'numTeams': 2, 'numLeagues': 2}, {'season': '2026', 'stat': {'age': 34, 'gamesPlayed': 8, 'gamesStarted': 0, 'groundOuts': 16, 'airOuts': 11, 'runs': 5, 'doubles': 3, 'triples': 0, 'homeRuns': 2, 'strikeOuts': 22, 'baseOnBalls': 6, 'intentionalWalks': 0, 'hits': 15, 'hitByPitch': 1, 'avg': '.238', 'atBats': 63, 'obp': '.310', 'slg': '.381', 'ops': '.691', 'caughtStealing': 0, 'stolenBases': 0, 'stolenBasePercentage': '.---', 'caughtStealingPercentage': '.---', 'groundIntoDoublePlay': 3, 'numberOfPitches': 311, 'era': '2.65', 'inningsPitched': '17.0', 'wins': 0, 'losses': 0, 'saves': 0, 'saveOpportunities': 0, 'holds': 1, 'blownSaves': 0, 'earnedRuns': 5, 'whip': '1.24', 'battersFaced': 71, 'outs': 51, 'gamesPitched': 8, 'completeGames': 0, 'shutouts': 0, 'strikes': 197, 'strikePercentage': '.630', 'hitBatsmen': 1, 'balks': 0, 'wildPitches': 0, 'pickoffs': 0, 'totalBases': 24, 'groundOutsToAirouts': '1.45', 'winPercentage': '.---', 'pitchesPerInning': '18.29', 'gamesFinished': 5, 'strikeoutWalkRatio': '3.67', 'strikeoutsPer9Inn': '11.65', 'walksPer9Inn': '3.18', 'hitsPer9Inn': '7.94', 'runsScoredPer9': '2.65', 'homeRunsPer9': '1.06', 'inheritedRunners': 7, 'inheritedRunnersScored': 3, 'catchersInterference': 0, 'sacBunts': 0, 'sacFlies': 1}, 'team': {'id': 120, 'name': 'Washington Nationals', 'link': '/api/v1/teams/120'}, 'player': {'id': 592866, 'fullName': 'Trevor Williams', 'link': '/api/v1/people/592866'}, 'league': {'id': 104, 'name': 'National League', 'link': '/api/v1/league/104'}, 'sport': {'id': 1, 'link': '/api/v1/sports/1', 'abbreviation': 'MLB'}, 'gameType': 'R'}, {'season': '2026', 'stat': {'age': 34, 'gamesPlayed': 7, 'gamesStarted': 1, 'groundOuts': 13, 'airOuts': 10, 'runs': 5, 'doubles': 1, 'triples': 0, 'homeRuns': 2, 'strikeOuts': 12, 'baseOnBalls': 4, 'intentionalWalks': 0, 'hits': 9, 'hitByPitch': 1, 'avg': '.214', 'atBats': 42, 'obp': '.286', 'slg': '.381', 'ops': '.667', 'caughtStealing': 0, 'stolenBases': 0, 'stolenBasePercentage': '.---', 'caughtStealingPercentage': '.---', 'groundIntoDoublePlay': 1, 'numberOfPitches': 203, 'era': '3.86', 'inningsPitched': '11.2', 'wins': 2, 'losses': 0, 'saves': 0, 'saveOpportunities': 0, 'holds': 0, 'blownSaves': 0, 'earnedRuns': 5, 'whip': '1.11', 'battersFaced': 49, 'outs': 35, 'gamesPitched': 7, 'completeGames': 0, 'shutouts': 0, 'strikes': 120, 'strikePercentage': '.590', 'hitBatsmen': 1, 'balks': 0, 'wildPitches': 0, 'pickoffs': 0, 'totalBases': 16, 'groundOutsToAirouts': '1.30', 'winPercentage': '1.000', 'pitchesPerInning': '17.40', 'gamesFinished': 3, 'strikeoutWalkRatio': '3.00', 'strikeoutsPer9Inn': '9.26', 'walksPer9Inn': '3.09', 'hitsPer9Inn': '6.94', 'runsScoredPer9': '3.86', 'homeRunsPer9': '1.54', 'inheritedRunners': 4, 'inheritedRunnersScored': 3, 'catchersInterference': 0, 'sacBunts': 0, 'sacFlies': 2}, 'team': {'id': 140, 'name': 'Texas Rangers', 'link': '/api/v1/teams/140'}, 'player': {'id': 592866, 'fullName': 'Trevor Williams', 'link': '/api/v1/people/592866'}, 'league': {'id': 103, 'name': 'American League', 'link': '/api/v1/league/103'}, 'sport': {'id': 1, 'link': '/api/v1/sports/1', 'abbreviation': 'MLB'}, 'gameType': 'R'}]",season,pitching
[],"[{'season': '2026', 'stat': {'age': 27, 'gamesPlayed': 65, 'gamesStarted': 0, 'groundOuts': 39, 'airOuts': 38, 'runs': 13, 'doubles': 3, 'triples': 0, 'homeRuns': 3, 'strikeOuts': 127, 'baseOnBalls': 24, 'intentionalWalks': 1, 'hits': 34, 'hitByPitch': 2, 'avg': '.143', 'atBats': 237, 'obp': '.227', 'slg': '.194', 'ops': '.421', 'caughtStealing': 2, 'stolenBases': 8, 'stolenBasePercentage': '.800', 'caughtStealingPercentage': '.200', 'groundIntoDoublePlay': 2, 'numberOfPitches': 1125, 'era': '1.30', 'inningsPitched': '69.0', 'wins': 5, 'losses': 2, 'saves': 38, 'saveOpportunities': 41, 'holds': 0, 'blownSaves': 3, 'earnedRuns': 10, 'whip': '0.84', 'battersFaced': 264, 'outs': 207, 'gamesPitched': 65, 'completeGames': 0, 'shutouts': 0, 'strikes': 738, 'strikePercentage': '.660', 'hitBatsmen': 2, 'balks': 0, 'wildPitches': 6, 'pickoffs': 0, 'totalBases': 46, 'groundOutsToAirouts': '1.03', 'winPercentage': '.714', 'pitchesPerInning': '16.30', 'gamesFinished': 56, 'strikeoutWalkRatio': '5.29', 'strikeoutsPer9Inn': '16.57', 'walksPer9Inn': '3.13', 'hitsPer9Inn': '4.43', 'runsScoredPer9': '1.70', 'homeRunsPer9': '0.39', 'inheritedRunners': 14, 'inheritedRunnersScored': 3, 'catchersInterference': 0, 'sacBunts': 0, 'sacFlies': 1}, 'team': {'id': 135, 'name': 'San Diego Padres', 'link': '/api/v1/teams/135'}, 'player': {'id': 695243, 'fullName': 'Mason Miller', 'link': '/api/v1/people/695243'}, 'league': {'id': 104, 'name': 'National League', 'link': '/api/v1/league/104'}, 'sport': {'id': 1, 'link': '/api/v1/sports/1', 'abbreviation': 'MLB'}, 'gameType': 'R'}]",season,pitching
[],"[{'season': '2026', 'stat': {'age': 24, 'gamesPlayed': 20, 'gamesStarted': 20, 'groundOuts': 65, 'airOuts': 108, 'runs': 43, 'doubles': 19, 'triples': 2, 'homeRuns': 12, 'strikeOuts': 118, 'baseOnBalls': 31, 'intentionalWalks': 0, 'hits': 78, 'hitByPitch': 2, 'avg': '.213', 'atBats': 366, 'obp': '.277', 'slg': '.374', 'ops': '.651', 'caughtStealing': 1, 'stolenBases': 5, 'stolenBasePercentage': '.833', 'caughtStealingPercentage': '.167', 'groundIntoDoublePlay': 3, 'numberOfPitches': 1579, 'era': '3.87', 'inningsPitched': '97.2', 'wins': 5, 'losses': 6, 'saves': 0, 'saveOpportunities': 0, 'holds': 0, 'blownSaves': 0, 'earnedRuns': 42, 'whip': '1.12', 'battersFaced': 402, 'outs': 293, 'gamesPitched': 20, 'completeGames': 0, 'shutouts': 0, 'strikes': 1019, 'strikePercentage': '.650', 'hitBatsmen': 2, 'balks': 2, 'wildPitches': 3, 'pickoffs': 1, 'totalBases': 137, 'groundOutsToAirouts': '0.60', 'winPercentage': '.455', 'pitchesPerInning': '16.17', 'gamesFinished': 0, 'strikeoutWalkRatio': '3.81', 'strikeoutsPer9Inn': '10.87', 'walksPer9Inn': '2.86', 'hitsPer9Inn': '7.19', 'runsScoredPer9': '3.96', 'homeRunsPer9': '1.11', 'inheritedRunners': 0, 'inheritedRunnersScored': 0, 'catchersInterference': 0, 'sacBunts': 1, 'sacFlies': 2}, 'team': {'id': 134, 'name': 'Pittsburgh Pirates', 'link': '/api/v1/teams/134'}, 'player': {'id': 683003, 'fullName': 'Jared Jones', 'link': '/api/v1/people/683003'}, 'league': {'id': 104, 'name': 'National League', 'link': '/api/v1/league/104'}, 'sport': {'id': 1, 'link': '/api/v1/sports/1', 'abbreviation': 'MLB'}, 'gameType': 'R'}]",season,pitching
[],"[{'season': '2026', 'stat': {'age': 32, 'gamesPlayed': 13, 'gamesStarted': 13, 'groundOuts': 51, 'airOuts': 68, 'runs': 29, 'doubles': 10, 'triples': 1, 'homeRuns': 7, 'strikeOuts': 98, 'baseOnBalls': 25, 'intentionalWalks': 1, 'hits': 45, 'hitByPitch': 1, 'avg': '.175', 'atBats': 257, 'obp': '.247', 'slg': '.304', 'ops': '.551', 'caughtStealing': 3, 'stolenBases': 14, 'stolenBasePercentage': '.824', 'caughtStealingPercentage': '.176', 'groundIntoDoublePlay': 3, 'numberOfPitches': 1149, 'era': '3.53', 'inningsPitched': '74.0', 'wins': 5, 'losses': 2, 'saves': 0, 'saveOpportunities': 0, 'holds': 0, 'blownSaves': 0, 'earnedRuns': 29, 'whip': '0.95', 'battersFaced': 288, 'outs': 222, 'gamesPitched': 13, 'completeGames': 0, 'shutouts': 0, 'strikes': 719, 'strikePercentage': '.630', 'hitBatsmen': 1, 'balks': 0, 'wildPitches': 3, 'pickoffs': 1, 'totalBases': 78, 'groundOutsToAirouts': '0.75', 'winPercentage': '.714', 'pitchesPerInning': '15.53', 'gamesFinished': 0, 'strikeoutWalkRatio': '3.92', 'strikeoutsPer9Inn': '11.92', 'walksPer9Inn': '3.04', 'hitsPer9Inn': '5.47', 'runsScoredPer9': '3.53', 'homeRunsPer9': '0.85', 'inheritedRunners': 0, 'inheritedRunnersScored': 0, 'catchersInterference': 0, 'sacBunts': 1, 'sacFlies': 4}, 'team': {'id': 119, 'name': 'Los Angeles Dodgers', 'link': '/api/v1/teams/119'}, 'player': {'id': 607192, 'fullName': 'Tyler Glasnow', 'link': '/api/v1/people/607192'}, 'league': {'id': 104, 'name': 'National League', 'link': '/api/v1/league/104'}, 'sport': {'id': 1, 'link': '/api/v1/sports/1', 'abbreviation': 'MLB'}, 'gameType': 'R'}]",season,pitching
[],"[{'season': '2026', 'stat': {'age': 26, 'gamesPlayed': 17, 'gamesStarted': 3, 'groundOuts': 22, 'airOuts': 40, 'runs': 22, 'doubles': 5, 'triples': 0, 'homeRuns': 2, 'strikeOuts': 38, 'baseOnBalls': 28, 'intentionalWalks': 1, 'hits': 25, 'hitByPitch': 0, 'avg': '.208', 'atBats': 120, 'obp': '.349', 'slg': '.300', 'ops': '.649', 'caughtStealing': 1, 'stolenBases': 3, 'stolenBasePercentage': '.750', 'caughtStealingPercentage': '.250', 'groundIntoDoublePlay': 1, 'numberOfPitches': 654, 'era': '3.89', 'inningsPitched': '34.2', 'wins': 3, 'losses': 2, 'saves': 0, 'saveOpportunities': 2, 'holds': 0, 'blownSaves': 2, 'earnedRuns': 15, 'whip': '1.53', 'battersFaced': 153, 'outs': 104, 'gamesPitched': 17, 'completeGames': 0, 'shutouts': 0, 'strikes': 391, 'strikePercentage': '.600', 'hitBatsmen': 0, 'balks': 0, 'wildPitches': 2, 'pickoffs': 1, 'totalBases': 36, 'groundOutsToAirouts': '0.55', 'winPercentage': '.600', 'pitchesPerInning': '18.87', 'gamesFinished': 3, 'strikeoutWalkRatio': '1.36', 'strikeoutsPer9Inn': '9.87', 'walksPer9Inn': '7.27', 'hitsPer9Inn': '6.49', 'runsScoredPer9': '5.71', 'homeRunsPer9': '0.52', 'inheritedRunners': 10, 'inheritedRunnersScored': 0, 'catchersInterference': 0, 'sacBunts': 1, 'sacFlies': 4}, 'team': {'id': 120, 'name': 'Washington Nationals', 'link': '/api/v1/teams/120'}, 'player': {'id': 683000, 'fullName': 'Riley Cornelio', 'link': '/api/v1/people/683000'}, 'league': {'id': 104, 'name': 'National League', 'link': '/api/v1/league/104'}, 'sport': {'id': 1, 'link': '/api/v1/sports/1', 'abbreviation': 'MLB'}, 'gameType': 'R'}]",season,pitching
[],"[{'season': '2026', 'stat': {'age': 33, 'gamesPlayed': 28, 'gamesStarted': 0, 'groundOuts': 15, 'airOuts': 21, 'runs': 6, 'doubles': 2, 'triples': 0, 'homeRuns': 1, 'strikeOuts': 26, 'baseOnBalls': 7, 'intentionalWalks': 0, 'hits': 15, 'hitByPitch': 3, 'avg': '.200', 'atBats': 75, 'obp': '.291', 'slg': '.267', 'ops': '.558', 'caughtStealing': 0, 'stolenBases': 1, 'stolenBasePercentage': '1.000', 'caughtStealingPercentage': '.000', 'groundIntoDoublePlay': 1, 'numberOfPitches': 343, 'era': '2.53', 'inningsPitched': '21.1', 'wins': 1, 'losses': 1, 'saves': 0, 'saveOpportunities': 3, 'holds': 11, 'blownSaves': 3, 'earnedRuns': 6, 'whip': '1.03', 'battersFaced': 87, 'outs': 64, 'gamesPitched': 28, 'completeGames': 0, 'shutouts': 0, 'strikes': 212, 'strikePercentage': '.620', 'hitBatsmen': 3, 'balks': 0, 'wildPitches': 1, 'pickoffs': 0, 'totalBases': 20, 'groundOutsToAirouts': '0.71', 'winPercentage': '.500', 'pitchesPerInning': '16.08', 'gamesFinished': 1, 'strikeoutWalkRatio': '3.71', 'strikeoutsPer9Inn': '10.97', 'walksPer9Inn': '2.95', 'hitsPer9Inn': '6.33', 'runsScoredPer9': '2.53', 'homeRunsPer9': '0.42', 'inheritedRunners': 21, 'inheritedRunnersScored': 4, 'catchersInterference': 0, 'sacBunts': 1, 'sacFlies': 1}, 'team': {'id': 108, 'name': 'Los Angeles Angels', 'link': '/api/v1/teams/108'}, 'player': {'id': 642048, 'fullName': 'Tayler Saucedo', 'link': '/api/v1/people/642048'}, 'league': {'id': 103, 'name': 'American League', 'link': '/api/v1/league/103'}, 'sport': {'id': 1, 'link': '/api/v1/sports/1', 'abbreviation': 'MLB'}, 'gameType': 'R'}]",season,pitching
[],"[{'season': '2026', 'stat': {'age': 25, 'gamesPlayed': 29, 'gamesStarted': 0, 'groundOuts': 23, 'airOuts': 42, 'runs': 13, 'doubles': 5, 'triples': 2, 'homeRuns': 1, 'strikeOuts': 32, 'baseOnBalls': 13, 'intentionalWalks': 0, 'hits': 27, 'hitByPitch': 3, 'avg': '.221', 'atBats': 122, 'obp': '.309', 'slg': '.320', 'ops': '.629', 'caughtStealing': 0, 'stolenBases': 3, 'stolenBasePercentage': '1.000', 'caughtStealingPercentage': '.000', 'groundIntoDoublePlay': 1, 'numberOfPitches': 550, 'era': '3.62', 'inningsPitched': '32.1', 'wins': 5, 'losses': 1, 'saves': 1, 'saveOpportunities': 1, 'holds': 2, 'blownSaves': 0, 'earnedRuns': 13, 'whip': '1.24', 'battersFaced': 140, 'outs': 97, 'gamesPitched': 29, 'completeGames': 0, 'shutouts': 0, 'strikes': 343, 'strikePercentage': '.620', 'hitBatsmen': 3, 'balks': 0, 'wildPitches': 1, 'pickoffs': 0, 'totalBases': 39, 'groundOutsToAirouts': '0.55', 'winPercentage': '.833', 'pitchesPerInning': '17.01', 'gamesFinished': 9, 'strikeoutWalkRatio': '2.46', 'strikeoutsPer9Inn': '8.91', 'walksPer9Inn': '3.62', 'hitsPer9Inn': '7.52', 'runsScoredPer9': '3.62', 'homeRunsPer9': '0.28', 'inheritedRunners': 9, 'inheritedRunnersScored': 1, 'catchersInterference': 0, 'sacBunts': 1, 'sacFlies': 1}, 'team': {'id': 144, 'name': 'Atlanta Braves', 'link': '/api/v1/teams/144'}, 'player': {'id': 682989, 'fullName': 'Victor Mederos', 'link': '/api/v1/people/682989'}, 'league': {'id': 104, 'name': 'National League', 'link': '/api/v1/league/104'}, 'sport': {'id': 1, 'link': '/api/v1/sports/1', 'abbreviation': 'MLB'}, 'gameType': 'R'}]",season,pitching
[],"[{'season': '2026', 'stat': {'age': 30, 'gamesPlayed': 22, 'gamesStarted': 20, 'groundOuts': 117, 'airOuts': 124, 'runs': 78, 'doubles': 19, 'triples': 5, 'homeRuns': 19, 'strikeOuts': 64, 'baseOnBalls': 35, 'intentionalWalks': 1, 'hits': 128, 'hitByPitch': 4, 'avg': '.298', 'atBats': 429, 'obp': '.355', 'slg': '.499', 'ops': '.854', 'caughtStealing': 0, 'stolenBases': 8, 'stolenBasePercentage': '1.000', 'caughtStealingPercentage': '.000', 'groundIntoDoublePlay': 12, 'numberOfPitches': 1787, 'era': '6.07', 'inningsPitched': '105.1', 'wins': 3, 'losses': 9, 'saves': 0, 'saveOpportunities': 0, 'holds': 0, 'blownSaves': 0, 'earnedRuns': 71, 'whip': '1.55', 'battersFaced': 472, 'outs': 316, 'gamesPitched': 22, 'completeGames': 0, 'shutouts': 0, 'strikes': 1132, 'strikePercentage': '.630', 'hitBatsmen': 4, 'balks': 0, 'wildPitches': 1, 'pickoffs': 0, 'totalBases': 214, 'groundOutsToAirouts': '0.94', 'winPercentage': '.250', 'pitchesPerInning': '16.97', 'gamesFinished': 2, 'strikeoutWalkRatio': '1.83', 'strikeoutsPer9Inn': '5.47', 'walksPer9Inn': '2.99', 'hitsPer9Inn': '10.94', 'runsScoredPer9': '6.66', 'homeRunsPer9': '1.62', 'inheritedRunners': 0, 'inheritedRunnersScored': 0, 'catchersInterference': 0, 'sacBunts': 1, 'sacFlies': 3}, 'team': {'id': 109, 'name': 'Arizona Diamondbacks', 'link': '/api/v1/teams/109'}, 'player': {'id': 668678, 'fullName': 'Zac Gallen', 'link': '/api/v1/people/668678'}, 'league': {'id': 104, 'name': 'National League', 'link': '/api/v1/league/104'}, 'sport': {'id': 1, 'link': '/api/v1/sports/1', 'abbreviation': 'MLB'}, 'gameType': 'R'}]",season,pitching
[],"[{'season': '2026', 'stat': {'age': 28, 'gamesPlayed': 74, 'gamesStarted': 1, 'groundOuts': 89, 'airOuts': 55, 'runs': 36, 'doubles': 9, 'triples': 0, 'homeRuns': 8, 'strikeOuts': 114, 'baseOnBalls': 41, 'intentionalWalks': 1, 'hits': 76, 'hitByPitch': 2, 'avg': '.229', 'atBats': 332, 'obp': '.316', 'slg': '.328', 'ops': '.644', 'caughtStealing': 1, 'stolenBases': 4, 'stolenBasePercentage': '.800', 'caughtStealingPercentage': '.200', 'groundIntoDoublePlay': 8, 'numberOfPitches': 1556, 'era': '3.19', 'inningsPitched': '87.1', 'wins': 13, 'losses': 3, 'saves': 3, 'saveOpportunities': 9, 'holds': 15, 'blownSaves': 6, 'earnedRuns': 31, 'whip': '1.34', 'battersFaced': 377, 'outs': 262, 'gamesPitched': 74, 'completeGames': 0, 'shutouts': 0, 'strikes': 949, 'strikePercentage': '.610', 'hitBatsmen': 2, 'balks': 1, 'wildPitches': 9, 'pickoffs': 1, 'totalBases': 109, 'groundOutsToAirouts': '1.62', 'winPercentage': '.813', 'pitchesPerInning': '17.82', 'gamesFinished': 10, 'strikeoutWalkRatio': '2.78', 'strikeoutsPer9Inn': '11.75', 'walksPer9Inn': '4.23', 'hitsPer9Inn': '7.83', 'runsScoredPer9': '3.71', 'homeRunsPer9': '0.82', 'inheritedRunners': 24, 'inheritedRunnersScored': 11, 'catchersInterference': 0, 'sacBunts': 0, 'sacFlies': 2}, 'team': {'id': 158, 'name': 'Milwaukee Brewers', 'link': '/api/v1/teams/158'}, 'player': {'id': 676879, 'fullName': 'Aaron Ashby', 'link': '/api/v1/people/676879'}, 'league': {'id': 104, 'name': 'National League', 'link': '/api/v1/league/104'}, 'sport': {'id': 1, 'link': '/api/v1/sports/1', 'abbreviation': 'MLB'}, 'gameType': 'R'}]",season,pitching
[],"[{'season': '2026', 'stat': {'age': 26, 'gamesPlayed': 6, 'gamesStarted': 0, 'groundOuts': 9, 'airOuts': 17, 'runs': 8, 'doubles': 1, 'triples': 0, 'homeRuns': 2, 'strikeOuts': 17, 'baseOnBalls': 8, 'intentionalWalks': 0, 'hits': 13, 'hitByPitch': 0, 'avg': '.236', 'atBats': 55, 'obp': '.328', 'slg': '.364', 'ops': '.692', 'caughtStealing': 0, 'stolenBases': 1, 'stolenBasePercentage': '1.000', 'caughtStealingPercentage': '.000', 'groundIntoDoublePlay': 0, 'numberOfPitches': 260, 'era': '5.02', 'inningsPitched': '14.1', 'wins': 2, 'losses': 1, 'saves': 0, 'saveOpportunities': 0, 'holds': 2, 'blownSaves': 0, 'earnedRuns': 8, 'whip': '1.47', 'battersFaced': 64, 'outs': 43, 'gamesPitched': 6, 'completeGames': 0, 'shutouts': 0, 'strikes': 159, 'strikePercentage': '.610', 'hitBatsmen': 0, 'balks': 0, 'wildPitches': 1, 'pickoffs': 0, 'totalBases': 20, 'groundOutsToAirouts': '0.53', 'winPercentage': '.667', 'pitchesPerInning': '18.14', 'gamesFinished': 0, 'strikeoutWalkRatio': '2.13', 'strikeoutsPer9Inn': '10.67', 'walksPer9Inn': '5.02', 'hitsPer9Inn': '8.16', 'runsScoredPer9': '5.02', 'homeRunsPer9': '1.26', 'inheritedRunners': 5, 'inheritedRunnersScored': 0, 'catchersInterference': 0, 'sacBunts': 0, 'sacFlies': 1}, 'team': {'id': 141, 'name': 'Toronto Blue Jays', 'link': '/api/v1/teams/141'}, 'player': {'id': 689149, 'fullName': 'Chad Dallas', 'link': '/api/v1/people/689149'}, 'league': {'id': 103, 'name': 'American League', 'link': '/api/v1/league/103'}, 'sport': {'id': 1, 'link': '/api/v1/sports/1', 'abbreviation': 'MLB'}, 'gameType': 'R'}]",season,pitching
[],"[{'season': '2026', 'stat': {'age': 27, 'gamesPlayed': 25, 'gamesStarted': 17, 'groundOuts': 121, 'airOuts': 89, 'runs': 43, 'doubles': 22, 'triples': 3, 'homeRuns': 7, 'strikeOuts': 114, 'baseOnBalls': 51, 'intentionalWalks': 0, 'hits': 95, 'hitByPitch': 3, 'avg': '.229', 'atBats': 415, 'obp': '.316', 'slg': '.347', 'ops': '.663', 'caughtStealing': 5, 'stolenBases': 7, 'stolenBasePercentage': '.583', 'caughtStealingPercentage': '.417', 'groundIntoDoublePlay': 10, 'numberOfPitches': 1857, 'era': '3.43', 'inningsPitched': '112.2', 'wins': 2, 'losses': 6, 'saves': 1, 'saveOpportunities': 1, 'holds': 2, 'blownSaves': 0, 'earnedRuns': 43, 'whip': '1.30', 'battersFaced': 473, 'outs': 338, 'gamesPitched': 25, 'completeGames': 0, 'shutouts': 0, 'strikes': 1142, 'strikePercentage': '.610', 'hitBatsmen': 3, 'balks': 0, 'wildPitches': 6, 'pickoffs': 2, 'totalBases': 144, 'groundOutsToAirouts': '1.36', 'winPercentage': '.250', 'pitchesPerInning': '16.48', 'gamesFinished': 2, 'strikeoutWalkRatio': '2.24', 'strikeoutsPer9Inn': '9.11', 'walksPer9Inn': '4.07', 'hitsPer9Inn': '7.59', 'runsScoredPer9': '3.43', 'homeRunsPer9': '0.56', 'inheritedRunners': 3, 'inheritedRunnersScored': 0, 'catchersInterference': 0, 'sacBunts': 1, 'sacFlies': 3}, 'team': {'id': 120, 'name': 'Washington Nationals', 'link': '/api/v1/teams/120'}, 'player': {'id': 674841, 'fullName': 'Andrew Alvarez', 'link': '/api/v1/people/674841'}, 'league': {'id': 104, 'name': 'National League', 'link': '/api/v1/league/104'}, 'sport': {'id': 1, 'link': '/api/v1/sports/1', 'abbreviation': 'MLB'}, 'gameType': 'R'}]",season,pitching
[],"[{'season': '2026', 'stat': {'age': 31, 'gamesPlayed': 51, 'gamesStarted': 0, 'groundOuts': 58, 'airOuts': 41, 'runs': 35, 'doubles': 12, 'triples': 0, 'homeRuns': 5, 'strikeOuts': 33, 'baseOnBalls': 32, 'intentionalWalks': 2, 'hits': 54, 'hitByPitch': 6, 'avg': '.295', 'atBats': 183, 'obp': '.413', 'slg': '.443', 'ops': '.856', 'caughtStealing': 2, 'stolenBases': 0, 'stolenBasePercentage': '.000', 'caughtStealingPercentage': '1.000', 'groundIntoDoublePlay': 7, 'numberOfPitches': 884, 'era': '5.70', 'inningsPitched': '47.1', 'wins': 4, 'losses': 4, 'saves': 12, 'saveOpportunities': 18, 'holds': 5, 'blownSaves': 6, 'earnedRuns': 30, 'whip': '1.82', 'battersFaced': 224, 'outs': 142, 'gamesPitched': 51, 'completeGames': 0, 'shutouts': 0, 'strikes': 536, 'strikePercentage': '.610', 'hitBatsmen': 6, 'balks': 0, 'wildPitches': 4, 'pickoffs': 2, 'totalBases': 81, 'groundOutsToAirouts': '1.41', 'winPercentage': '.500', 'pitchesPerInning': '18.68', 'gamesFinished': 28, 'strikeoutWalkRatio': '1.03', 'strikeoutsPer9Inn': '6.27', 'walksPer9Inn': '6.08', 'hitsPer9Inn': '10.27', 'runsScoredPer9': '6.65', 'homeRunsPer9': '0.95', 'inheritedRunners': 8, 'inheritedRunnersScored': 4, 'catchersInterference': 0, 'sacBunts': 1, 'sacFlies': 2}, 'team': {'id': 118, 'name': 'Kansas City Royals', 'link': '/api/v1/teams/118'}, 'player': {'id': 668674, 'fullName': 'Lucas Erceg', 'link': '/api/v1/people/668674'}, 'league': {'id': 103, 'name': 'American League', 'link': '/api/v1/league/103'}, 'sport': {'id': 1, 'link': '/api/v1/sports/1', 'abbreviation': 'MLB'}, 'gameType': 'R'}]",season,pitching
[],"[{'season': '2026', 'stat': {'age': 26, 'gamesPlayed': 64, 'gamesStarted': 0, 'groundOuts': 39, 'airOuts': 91, 'runs': 36, 'doubles': 14, 'triples': 1, 'homeRuns': 7, 'strikeOuts': 64, 'baseOnBalls': 39, 'intentionalWalks': 3, 'hits': 58, 'hitByPitch': 3, 'avg': '.232', 'atBats': 250, 'obp': '.341', 'slg': '.380', 'ops': '.721', 'caughtStealing': 0, 'stolenBases': 6, 'stolenBasePercentage': '1.000', 'caughtStealingPercentage': '.000', 'groundIntoDoublePlay': 2, 'numberOfPitches': 1143, 'era': '4.36', 'inningsPitched': '66.0', 'wins': 3, 'losses': 4, 'saves': 22, 'saveOpportunities': 24, 'holds': 7, 'blownSaves': 2, 'earnedRuns': 32, 'whip': '1.47', 'battersFaced': 294, 'outs': 198, 'gamesPitched': 64, 'completeGames': 0, 'shutouts': 0, 'strikes': 707, 'strikePercentage': '.620', 'hitBatsmen': 3, 'balks': 2, 'wildPitches': 3, 'pickoffs': 1, 'totalBases': 95, 'groundOutsToAirouts': '0.43', 'winPercentage': '.429', 'pitchesPerInning': '17.32', 'gamesFinished': 41, 'strikeoutWalkRatio': '1.64', 'strikeoutsPer9Inn': '8.73', 'walksPer9Inn': '5.32', 'hitsPer9Inn': '7.91', 'runsScoredPer9': '4.91', 'homeRunsPer9': '0.95', 'inheritedRunners': 14, 'inheritedRunnersScored': 3, 'catchersInterference': 0, 'sacBunts': 1, 'sacFlies': 1}, 'player': {'id': 672782, 'fullName': 'Yoendrys Gómez', 'link': '/api/v1/people/672782'}, 'league': {'id': 103, 'name': 'American League', 'link': '/api/v1/league/103'}, 'sport': {'id': 1, 'link': '/api/v1/sports/1', 'abbreviation': 'MLB'}, 'gameType': 'R', 'numTeams': 2}, {'season': '2026', 'stat': {'age': 26, 'gamesPlayed': 9, 'gamesStarted': 0, 'groundOuts': 9, 'airOuts': 30, 'runs': 13, 'doubles': 2, 'triples': 0, 'homeRuns': 5, 'strikeOuts': 13, 'baseOnBalls': 10, 'intentionalWalks': 2, 'hits': 19, 'hitByPitch': 1, 'avg': '.275', 'atBats': 69, 'obp': '.370', 'slg': '.522', 'ops': '.892', 'caughtStealing': 0, 'stolenBases': 5, 'stolenBasePercentage': '1.000', 'caughtStealingPercentage': '.000', 'groundIntoDoublePlay': 0, 'numberOfPitches': 298, 'era': '6.23', 'inningsPitched': '17.1', 'wins': 0, 'losses': 0, 'saves': 1, 'saveOpportunities': 1, 'holds': 0, 'blownSaves': 0, 'earnedRuns': 12, 'whip': '1.67', 'battersFaced': 82, 'outs': 52, 'gamesPitched': 9, 'completeGames': 0, 'shutouts': 0, 'strikes': 183, 'strikePercentage': '.610', 'hitBatsmen': 1, 'balks': 1, 'wildPitches': 1, 'pickoffs': 0, 'totalBases': 36, 'groundOutsToAirouts': '0.30', 'winPercentage': '.---', 'pitchesPerInning': '17.19', 'gamesFinished': 7, 'strikeoutWalkRatio': '1.30', 'strikeoutsPer9Inn': '6.75', 'walksPer9Inn': '5.19', 'hitsPer9Inn': '9.87', 'runsScoredPer9': '6.75', 'homeRunsPer9': '2.60', 'inheritedRunners': 3, 'inheritedRunnersScored': 3, 'catchersInterference': 0, 'sacBunts': 1, 'sacFlies': 1}, 'team': {'id': 139, 'name': 'Tampa Bay Rays', 'link': '/api/v1/teams/139'}, 'player': {'id': 672782, 'fullName': 'Yoendrys Gómez', 'link': '/api/v1/people/672782'}, 'league': {'id': 103, 'name': 'American League', 'link': '/api/v1/league/103'}, 'sport': {'id': 1, 'link': '/api/v1/sports/1', 'abbreviation': 'MLB'}, 'gameType': 'R'}, {'season': '2026', 'stat': {'age': 26, 'gamesPlayed': 55, 'gamesStarted': 0, 'groundOuts': 30, 'airOuts': 61, 'runs': 23, 'doubles': 12, 'triples': 1, 'homeRuns': 2, 'strikeOuts': 51, 'baseOnBalls': 29, 'intentionalWalks': 1, 'hits': 39, 'hitByPitch': 2, 'avg': '.215', 'atBats': 181, 'obp': '.330', 'slg': '.326', 'ops': '.656', 'caughtStealing': 0, 'stolenBases': 1, 'stolenBasePercentage': '1.000', 'caughtStealingPercentage': '.000', 'groundIntoDoublePlay': 2, 'numberOfPitches': 845, 'era': '3.70', 'inningsPitched': '48.2', 'wins': 3, 'losses': 4, 'saves': 21, 'saveOpportunities': 23, 'holds': 7, 'blownSaves': 2, 'earnedRuns': 20, 'whip': '1.40', 'battersFaced': 212, 'outs': 146, 'gamesPitched': 55, 'completeGames': 0, 'shutouts': 0, 'strikes': 524, 'strikePercentage': '.620', 'hitBatsmen': 2, 'balks': 1, 'wildPitches': 2, 'pickoffs': 1, 'totalBases': 59, 'groundOutsToAirouts': '0.49', 'winPercentage': '.429', 'pitchesPerInning': '17.36', 'gamesFinished': 34, 'strikeoutWalkRatio': '1.76', 'strikeoutsPer9Inn': '9.43', 'walksPer9Inn': '5.36', 'hitsPer9Inn': '7.21', 'runsScoredPer9': '4.25', 'homeRunsPer9': '0.37', 'inheritedRunners': 11, 'inheritedRunnersScored': 0, 'catchersInterference': 0, 'sacBunts': 0, 'sacFlies': 0}, 'team': {'id': 142, 'name': 'Minnesota Twins', 'link': '/api/v1/teams/142'}, 'player': {'id': 672782, 'fullName': 'Yoendrys Gómez', 'link': '/api/v1/people/672782'}, 'league': {'id': 103, 'name': 'American League', 'link': '/api/v1/league/103'}, 'sport': {'id': 1, 'link': '/api/v1/sports/1', 'abbreviation': 'MLB'}, 'gameType': 'R'}]",season,pitching
[],"[{'season': '2026', 'stat': {'age': 25, 'gamesPlayed': 3, 'gamesStarted': 0, 'groundOuts': 8, 'airOuts': 6, 'runs': 5, 'doubles': 1, 'triples': 0, 'homeRuns': 3, 'strikeOuts': 9, 'baseOnBalls': 3, 'intentionalWalks': 0, 'hits': 9, 'hitByPitch': 0, 'avg': '.281', 'atBats': 32, 'obp': '.343', 'slg': '.594', 'ops': '.937', 'caughtStealing': 0, 'stolenBases': 1, 'stolenBasePercentage': '1.000', 'caughtStealingPercentage': '.000', 'groundIntoDoublePlay': 1, 'numberOfPitches': 146, 'era': '5.63', 'inningsPitched': '8.0', 'wins': 0, 'losses': 0, 'saves': 0, 'saveOpportunities': 0, 'holds': 0, 'blownSaves': 0, 'earnedRuns': 5, 'whip': '1.50', 'battersFaced': 35, 'outs': 24, 'gamesPitched': 3, 'completeGames': 0, 'shutouts': 0, 'strikes': 102, 'strikePercentage': '.700', 'hitBatsmen': 0, 'balks': 0, 'wildPitches': 1, 'pickoffs': 0, 'totalBases': 19, 'groundOutsToAirouts': '1.33', 'winPercentage': '.---', 'pitchesPerInning': '18.25', 'gamesFinished': 3, 'strikeoutWalkRatio': '3.00', 'strikeoutsPer9Inn': '10.13', 'walksPer9Inn': '3.38', 'hitsPer9Inn': '10.13', 'runsScoredPer9': '5.63', 'homeRunsPer9': '3.38', 'inheritedRunners': 0, 'inheritedRunnersScored': 0, 'catchersInterference': 0, 'sacBunts': 0, 'sacFlies': 0}, 'team': {'id': 146, 'name': 'Miami Marlins', 'link': '/api/v1/teams/146'}, 'player': {'id': 687134, 'fullName': 'Bradley Blalock', 'link': '/api/v1/people/687134'}, 'league': {'id': 104, 'name': 'National League', 'link': '/api/v1/league/104'}, 'sport': {'id': 1, 'link': '/api/v1/sports/1', 'abbreviation': 'MLB'}, 'gameType': 'R'}]",season,pitching
[],"[{'season': '2026', 'stat': {'age': 27, 'gamesPlayed': 68, 'gamesStarted': 0, 'groundOuts': 61, 'airOuts': 54, 'runs': 17, 'doubles': 9, 'triples': 1, 'homeRuns': 3, 'strikeOuts': 73, 'baseOnBalls': 23, 'intentionalWalks': 1, 'hits': 42, 'hitByPitch': 5, 'avg': '.186', 'atBats': 226, 'obp': '.272', 'slg': '.274', 'ops': '.546', 'caughtStealing': 0, 'stolenBases': 2, 'stolenBasePercentage': '1.000', 'caughtStealingPercentage': '.000', 'groundIntoDoublePlay': 3, 'numberOfPitches': 1019, 'era': '2.13', 'inningsPitched': '63.1', 'wins': 5, 'losses': 4, 'saves': 3, 'saveOpportunities': 8, 'holds': 19, 'blownSaves': 5, 'earnedRuns': 15, 'whip': '1.03', 'battersFaced': 258, 'outs': 190, 'gamesPitched': 68, 'completeGames': 0, 'shutouts': 0, 'strikes': 662, 'strikePercentage': '.650', 'hitBatsmen': 5, 'balks': 0, 'wildPitches': 4, 'pickoffs': 0, 'totalBases': 62, 'groundOutsToAirouts': '1.13', 'winPercentage': '.556', 'pitchesPerInning': '16.09', 'gamesFinished': 17, 'strikeoutWalkRatio': '3.17', 'strikeoutsPer9Inn': '10.37', 'walksPer9Inn': '3.27', 'hitsPer9Inn': '5.97', 'runsScoredPer9': '2.42', 'homeRunsPer9': '0.43', 'inheritedRunners': 23, 'inheritedRunnersScored': 4, 'catchersInterference': 0, 'sacBunts': 1, 'sacFlies': 3}, 'team': {'id': 109, 'name': 'Arizona Diamondbacks', 'link': '/api/v1/teams/109'}, 'player': {'id': 666661, 'fullName': 'Juan Morillo', 'link': '/api/v1/people/666661'}, 'league': {'id': 104, 'name': 'National League', 'link': '/api/v1/league/104'}, 'sport': {'id': 1, 'link': '/api/v1/sports/1', 'abbreviation': 'MLB'}, 'gameType': 'R'}]",season,pitching
[],"[{'season': '2026', 'stat': {'age': 35, 'gamesPlayed': 30, 'gamesStarted': 30, 'groundOuts': 163, 'airOuts': 243, 'runs': 58, 'doubles': 30, 'triples': 2, 'homeRuns': 22, 'strikeOuts': 108, 'baseOnBalls': 25, 'intentionalWalks': 0, 'hits': 164, 'hitByPitch': 3, 'avg': '.244', 'atBats': 673, 'obp': '.273', 'slg': '.392', 'ops': '.665', 'caughtStealing': 3, 'stolenBases': 12, 'stolenBasePercentage': '.800', 'caughtStealingPercentage': '.200', 'groundIntoDoublePlay': 12, 'numberOfPitches': 2474, 'era': '2.94', 'inningsPitched': '177.1', 'wins': 15, 'losses': 5, 'saves': 0, 'saveOpportunities': 0, 'holds': 0, 'blownSaves': 0, 'earnedRuns': 58, 'whip': '1.07', 'battersFaced': 706, 'outs': 532, 'gamesPitched': 30, 'completeGames': 1, 'shutouts': 0, 'strikes': 1686, 'strikePercentage': '.680', 'hitBatsmen': 3, 'balks': 0, 'wildPitches': 5, 'pickoffs': 1, 'totalBases': 264, 'groundOutsToAirouts': '0.67', 'winPercentage': '.750', 'pitchesPerInning': '13.95', 'gamesFinished': 0, 'strikeoutWalkRatio': '4.32', 'strikeoutsPer9Inn': '5.48', 'walksPer9Inn': '1.27', 'hitsPer9Inn': '8.32', 'runsScoredPer9': '2.94', 'homeRunsPer9': '1.12', 'inheritedRunners': 0, 'inheritedRunnersScored': 0, 'catchersInterference': 0, 'sacBunts': 2, 'sacFlies': 3}, 'team': {'id': 139, 'name': 'Tampa Bay Rays', 'link': '/api/v1/teams/139'}, 'player': {'id': 607259, 'fullName': 'Nick Martinez', 'link': '/api/v1/people/607259'}, 'league': {'id': 103, 'name': 'American League', 'link': '/api/v1/league/103'}, 'sport': {'id': 1, 'link': '/api/v1/sports/1', 'abbreviation': 'MLB'}, 'gameType': 'R'}]",season,pitching
[],"[{'season': '2026', 'stat': {'age': 26, 'gamesPlayed': 4, 'gamesStarted': 0, 'groundOuts': 8, 'airOuts': 7, 'runs': 2, 'doubles': 2, 'triples': 0, 'homeRuns': 2, 'strikeOuts': 3, 'baseOnBalls': 2, 'intentionalWalks': 0, 'hits': 5, 'hitByPitch': 0, 'avg': '.217', 'atBats': 23, 'obp': '.280', 'slg': '.565', 'ops': '.845', 'caughtStealing': 1, 'stolenBases': 0, 'stolenBasePercentage': '.000', 'caughtStealingPercentage': '1.000', 'groundIntoDoublePlay': 1, 'numberOfPitches': 88, 'era': '2.84', 'inningsPitched': '6.1', 'wins': 0, 'losses': 0, 'saves': 0, 'saveOpportunities': 0, 'holds': 0, 'blownSaves': 0, 'earnedRuns': 2, 'whip': '1.11', 'battersFaced': 25, 'outs': 19, 'gamesPitched': 4, 'completeGames': 0, 'shutouts': 0, 'strikes': 53, 'strikePercentage': '.600', 'hitBatsmen': 0, 'balks': 0, 'wildPitches': 0, 'pickoffs': 0, 'totalBases': 13, 'groundOutsToAirouts': '1.14', 'winPercentage': '.---', 'pitchesPerInning': '13.89', 'gamesFinished': 3, 'strikeoutWalkRatio': '1.50', 'strikeoutsPer9Inn': '4.26', 'walksPer9Inn': '2.84', 'hitsPer9Inn': '7.11', 'runsScoredPer9': '2.84', 'homeRunsPer9': '2.84', 'inheritedRunners': 2, 'inheritedRunnersScored': 0, 'catchersInterference': 0, 'sacBunts': 0, 'sacFlies': 0}, 'player': {'id': 701474, 'fullName': 'Duncan Davitt', 'link': '/api/v1/people/701474'}, 'sport': {'id': 1, 'link': '/api/v1/sports/1', 'abbreviation': 'MLB'}, 'gameType': 'R', 'numTeams': 2, 'numLeagues': 2}, {'season': '2026', 'stat': {'age': 26, 'gamesPlayed': 2, 'gamesStarted': 0, 'groundOuts': 6, 'airOuts': 5, 'runs': 1, 'doubles': 1, 'triples': 0, 'homeRuns': 1, 'strikeOuts': 2, 'baseOnBalls': 1, 'intentionalWalks': 0, 'hits': 3, 'hitByPitch': 0, 'avg': '.188', 'atBats': 16, 'obp': '.235', 'slg': '.438', 'ops': '.673', 'caughtStealing': 1, 'stolenBases': 0, 'stolenBasePercentage': '.000', 'caughtStealingPercentage': '1.000', 'groundIntoDoublePlay': 0, 'numberOfPitches': 60, 'era': '2.08', 'inningsPitched': '4.1', 'wins': 0, 'losses': 0, 'saves': 0, 'saveOpportunities': 0, 'holds': 0, 'blownSaves': 0, 'earnedRuns': 1, 'whip': '0.92', 'battersFaced': 17, 'outs': 13, 'gamesPitched': 2, 'completeGames': 0, 'shutouts': 0, 'strikes': 36, 'strikePercentage': '.600', 'hitBatsmen': 0, 'balks': 0, 'wildPitches': 0, 'pickoffs': 0, 'totalBases': 7, 'groundOutsToAirouts': '1.20', 'winPercentage': '.---', 'pitchesPerInning': '13.85', 'gamesFinished': 1, 'strikeoutWalkRatio': '2.00', 'strikeoutsPer9Inn': '4.15', 'walksPer9Inn': '2.08', 'hitsPer9Inn': '6.23', 'runsScoredPer9': '2.08', 'homeRunsPer9': '2.08', 'inheritedRunners': 2, 'inheritedRunnersScored': 0, 'catchersInterference': 0, 'sacBunts': 0, 'sacFlies': 0}, 'team': {'id': 137, 'name': 'San Francisco Giants', 'link': '/api/v1/teams/137'}, 'player': {'id': 701474, 'fullName': 'Duncan Davitt', 'link': '/api/v1/people/701474'}, 'league': {'id': 104, 'name': 'National League', 'link': '/api/v1/league/104'}, 'sport': {'id': 1, 'link': '/api/v1/sports/1', 'abbreviation': 'MLB'}, 'gameType': 'R'}, {'season': '2026', 'stat': {'age': 26, 'gamesPlayed': 2, 'gamesStarted': 0, 'groundOuts': 2, 'airOuts': 2, 'runs': 1, 'doubles': 1, 'triples': 0, 'homeRuns': 1, 'strikeOuts': 1, 'baseOnBalls': 1, 'intentionalWalks': 0, 'hits': 2, 'hitByPitch': 0, 'avg': '.286', 'atBats': 7, 'obp': '.375', 'slg': '.857', 'ops': '1.232', 'caughtStealing': 0, 'stolenBases': 0, 'stolenBasePercentage': '.---', 'caughtStealingPercentage': '.---', 'groundIntoDoublePlay': 1, 'numberOfPitches': 28, 'era': '4.50', 'inningsPitched': '2.0', 'wins': 0, 'losses': 0, 'saves': 0, 'saveOpportunities': 0, 'holds': 0, 'blownSaves': 0, 'earnedRuns': 1, 'whip': '1.50', 'battersFaced': 8, 'outs': 6, 'gamesPitched': 2, 'completeGames': 0, 'shutouts': 0, 'strikes': 17, 'strikePercentage': '.610', 'hitBatsmen': 0, 'balks': 0, 'wildPitches': 0, 'pickoffs': 0, 'totalBases': 6, 'groundOutsToAirouts': '1.00', 'winPercentage': '.---', 'pitchesPerInning': '14.00', 'gamesFinished': 2, 'strikeoutWalkRatio': '1.00', 'strikeoutsPer9Inn': '4.50', 'walksPer9Inn': '4.50', 'hitsPer9Inn': '9.00', 'runsScoredPer9': '4.50', 'homeRunsPer9': '4.50', 'inheritedRunners': 0, 'inheritedRunnersScored': 0, 'catchersInterference': 0, 'sacBunts': 0, 'sacFlies': 0}, 'team': {'id': 145, 'name': 'Chicago White Sox', 'link': '/api/v1/teams/145'}, 'player': {'id': 701474, 'fullName': 'Duncan Davitt', 'link': '/api/v1/people/701474'}, 'league': {'id': 103, 'name': 'American League', 'link': '/api/v1/league/103'}, 'sport': {'id': 1, 'link': '/api/v1/sports/1', 'abbreviation': 'MLB'}, 'gameType': 'R'}]",season,pitching
[],"[{'season': '2026', 'stat': {'age': 37, 'gamesPlayed': 10, 'gamesStarted': 10, 'groundOuts': 45, 'airOuts': 63, 'runs': 30, 'doubles': 11, 'triples': 2, 'homeRuns': 8, 'strikeOuts': 22, 'baseOnBalls': 18, 'intentionalWalks': 0, 'hits': 50, 'hitByPitch': 1, 'avg': '.289', 'atBats': 173, 'obp': '.350', 'slg': '.514', 'ops': '.864', 'caughtStealing': 0, 'stolenBases': 4, 'stolenBasePercentage': '1.000', 'caughtStealingPercentage': '.000', 'groundIntoDoublePlay': 4, 'numberOfPitches': 757, 'era': '5.40', 'inningsPitched': '45.0', 'wins': 2, 'losses': 3, 'saves': 0, 'saveOpportunities': 0, 'holds': 0, 'blownSaves': 0, 'earnedRuns': 27, 'whip': '1.51', 'battersFaced': 199, 'outs': 135, 'gamesPitched': 10, 'completeGames': 0, 'shutouts': 0, 'strikes': 454, 'strikePercentage': '.600', 'hitBatsmen': 1, 'balks': 1, 'wildPitches': 1, 'pickoffs': 1, 'totalBases': 89, 'groundOutsToAirouts': '0.71', 'winPercentage': '.400', 'pitchesPerInning': '16.82', 'gamesFinished': 0, 'strikeoutWalkRatio': '1.22', 'strikeoutsPer9Inn': '4.40', 'walksPer9Inn': '3.60', 'hitsPer9Inn': '10.00', 'runsScoredPer9': '6.00', 'homeRunsPer9': '1.60', 'inheritedRunners': 0, 'inheritedRunnersScored': 0, 'catchersInterference': 0, 'sacBunts': 2, 'sacFlies': 5}, 'team': {'id': 115, 'name': 'Colorado Rockies', 'link': '/api/v1/teams/115'}, 'player': {'id': 500779, 'fullName': 'Jose Quintana', 'link': '/api/v1/people/500779'}, 'league': {'id': 104, 'name': 'National League', 'link': '/api/v1/league/104'}, 'sport': {'id': 1, 'link': '/api/v1/sports/1', 'abbreviation': 'MLB'}, 'gameType': 'R'}]",season,pitching
[],"[{'season': '2026', 'stat': {'age': 31, 'gamesPlayed': 53, 'gamesStarted': 0, 'groundOuts': 44, 'airOuts': 44, 'runs': 17, 'doubles': 7, 'triples': 1, 'homeRuns': 5, 'strikeOuts': 44, 'baseOnBalls': 15, 'intentionalWalks': 2, 'hits': 35, 'hitByPitch': 5, 'avg': '.215', 'atBats': 163, 'obp': '.297', 'slg': '.362', 'ops': '.659', 'caughtStealing': 0, 'stolenBases': 12, 'stolenBasePercentage': '1.000', 'caughtStealingPercentage': '.000', 'groundIntoDoublePlay': 3, 'numberOfPitches': 684, 'era': '3.00', 'inningsPitched': '45.0', 'wins': 2, 'losses': 3, 'saves': 1, 'saveOpportunities': 3, 'holds': 21, 'blownSaves': 2, 'earnedRuns': 15, 'whip': '1.11', 'battersFaced': 187, 'outs': 135, 'gamesPitched': 53, 'completeGames': 0, 'shutouts': 0, 'strikes': 466, 'strikePercentage': '.680', 'hitBatsmen': 5, 'balks': 0, 'wildPitches': 0, 'pickoffs': 0, 'totalBases': 59, 'groundOutsToAirouts': '1.00', 'winPercentage': '.400', 'pitchesPerInning': '15.20', 'gamesFinished': 7, 'strikeoutWalkRatio': '2.93', 'strikeoutsPer9Inn': '8.80', 'walksPer9Inn': '3.00', 'hitsPer9Inn': '7.00', 'runsScoredPer9': '3.40', 'homeRunsPer9': '1.00', 'inheritedRunners': 16, 'inheritedRunnersScored': 5, 'catchersInterference': 0, 'sacBunts': 2, 'sacFlies': 2}, 'team': {'id': 136, 'name': 'Seattle Mariners', 'link': '/api/v1/teams/136'}, 'player': {'id': 642100, 'fullName': 'Gabe Speier', 'link': '/api/v1/people/642100'}, 'league': {'id': 103, 'name': 'American League', 'link': '/api/v1/league/103'}, 'sport': {'id': 1, 'link': '/api/v1/sports/1', 'abbreviation': 'MLB'}, 'gameType': 'R'}]",season,pitching
[],"[{'season': '2026', 'stat': {'age': 27, 'gamesPlayed': 32, 'gamesStarted': 32, 'groundOuts': 168, 'airOuts': 126, 'runs': 68, 'doubles': 22, 'triples': 0, 'homeRuns': 18, 'strikeOuts': 200, 'baseOnBalls': 48, 'intentionalWalks': 0, 'hits': 148, 'hitByPitch': 16, 'avg': '.232', 'atBats': 637, 'obp': '.301', 'slg': '.352', 'ops': '.653', 'caughtStealing': 2, 'stolenBases': 9, 'stolenBasePercentage': '.818', 'caughtStealingPercentage': '.182', 'groundIntoDoublePlay': 15, 'numberOfPitches': 2777, 'era': '3.02', 'inningsPitched': '169.2', 'wins': 13, 'losses': 5, 'saves': 0, 'saveOpportunities': 0, 'holds': 0, 'blownSaves': 0, 'earnedRuns': 57, 'whip': '1.16', 'battersFaced': 706, 'outs': 509, 'gamesPitched': 32, 'completeGames': 0, 'shutouts': 0, 'strikes': 1822, 'strikePercentage': '.660', 'hitBatsmen': 16, 'balks': 1, 'wildPitches': 4, 'pickoffs': 1, 'totalBases': 224, 'groundOutsToAirouts': '1.33', 'winPercentage': '.722', 'pitchesPerInning': '16.37', 'gamesFinished': 0, 'strikeoutWalkRatio': '4.17', 'strikeoutsPer9Inn': '10.61', 'walksPer9Inn': '2.55', 'hitsPer9Inn': '7.85', 'runsScoredPer9': '3.61', 'homeRunsPer9': '0.95', 'inheritedRunners': 0, 'inheritedRunnersScored': 0, 'catchersInterference': 0, 'sacBunts': 1, 'sacFlies': 4}, 'team': {'id': 120, 'name': 'Washington Nationals', 'link': '/api/v1/teams/120'}, 'player': {'id': 676917, 'fullName': 'Cade Cavalli', 'link': '/api/v1/people/676917'}, 'league': {'id': 104, 'name': 'National League', 'link': '/api/v1/league/104'}, 'sport': {'id': 1, 'link': '/api/v1/sports/1', 'abbreviation': 'MLB'}, 'gameType': 'R'}]",season,pitching
[],"[{'season': '2026', 'stat': {'age': 27, 'gamesPlayed': 10, 'gamesStarted': 0, 'groundOuts': 13, 'airOuts': 10, 'runs': 6, 'doubles': 2, 'triples': 0, 'homeRuns': 1, 'strikeOuts': 11, 'baseOnBalls': 6, 'intentionalWalks': 1, 'hits': 13, 'hitByPitch': 1, 'avg': '.277', 'atBats': 47, 'obp': '.370', 'slg': '.383', 'ops': '.753', 'caughtStealing': 0, 'stolenBases': 4, 'stolenBasePercentage': '1.000', 'caughtStealingPercentage': '.000', 'groundIntoDoublePlay': 0, 'numberOfPitches': 215, 'era': '4.76', 'inningsPitched': '11.1', 'wins': 0, 'losses': 0, 'saves': 0, 'saveOpportunities': 0, 'holds': 0, 'blownSaves': 0, 'earnedRuns': 6, 'whip': '1.68', 'battersFaced': 54, 'outs': 34, 'gamesPitched': 10, 'completeGames': 0, 'shutouts': 0, 'strikes': 139, 'strikePercentage': '.650', 'hitBatsmen': 1, 'balks': 0, 'wildPitches': 1, 'pickoffs': 0, 'totalBases': 18, 'groundOutsToAirouts': '1.30', 'winPercentage': '.---', 'pitchesPerInning': '18.97', 'gamesFinished': 6, 'strikeoutWalkRatio': '1.83', 'strikeoutsPer9Inn': '8.74', 'walksPer9Inn': '4.76', 'hitsPer9Inn': '10.32', 'runsScoredPer9': '4.76', 'homeRunsPer9': '0.79', 'inheritedRunners': 8, 'inheritedRunnersScored': 0, 'catchersInterference': 0, 'sacBunts': 0, 'sacFlies': 0}, 'team': {'id': 113, 'name': 'Cincinnati Reds', 'link': '/api/v1/teams/113'}, 'player': {'id': 685112, 'fullName': 'Zach McCambley', 'link': '/api/v1/people/685112'}, 'league': {'id': 104, 'name': 'National League', 'link': '/api/v1/league/104'}, 'sport': {'id': 1, 'link': '/api/v1/sports/1', 'abbreviation': 'MLB'}, 'gameType': 'R'}]",season,pitching
[],"[{'season': '2026', 'stat': {'age': 33, 'gamesPlayed': 15, 'gamesStarted': 0, 'groundOuts': 10, 'airOuts': 13, 'runs': 7, 'doubles': 2, 'triples': 1, 'homeRuns': 2, 'strikeOuts': 18, 'baseOnBalls': 8, 'intentionalWalks': 1, 'hits': 11, 'hitByPitch': 1, 'avg': '.212', 'atBats': 52, 'obp': '.328', 'slg': '.404', 'ops': '.732', 'caughtStealing': 0, 'stolenBases': 2, 'stolenBasePercentage': '1.000', 'caughtStealingPercentage': '.000', 'groundIntoDoublePlay': 0, 'numberOfPitches': 264, 'era': '3.29', 'inningsPitched': '13.2', 'wins': 0, 'losses': 1, 'saves': 0, 'saveOpportunities': 0, 'holds': 2, 'blownSaves': 0, 'earnedRuns': 5, 'whip': '1.39', 'battersFaced': 61, 'outs': 41, 'gamesPitched': 15, 'completeGames': 0, 'shutouts': 0, 'strikes': 169, 'strikePercentage': '.640', 'hitBatsmen': 1, 'balks': 0, 'wildPitches': 1, 'pickoffs': 0, 'totalBases': 21, 'groundOutsToAirouts': '0.77', 'winPercentage': '.000', 'pitchesPerInning': '19.32', 'gamesFinished': 4, 'strikeoutWalkRatio': '2.25', 'strikeoutsPer9Inn': '11.85', 'walksPer9Inn': '5.27', 'hitsPer9Inn': '7.24', 'runsScoredPer9': '4.61', 'homeRunsPer9': '1.32', 'inheritedRunners': 7, 'inheritedRunnersScored': 2, 'catchersInterference': 0, 'sacBunts': 0, 'sacFlies': 0}, 'player': {'id': 605242, 'fullName': 'Michael Fulmer', 'link': '/api/v1/people/605242'}, 'league': {'id': 103, 'name': 'American League', 'link': '/api/v1/league/103'}, 'sport': {'id': 1, 'link': '/api/v1/sports/1', 'abbreviation': 'MLB'}, 'gameType': 'R', 'numTeams': 2}, {'season': '2026', 'stat': {'age': 33, 'gamesPlayed': 3, 'gamesStarted': 0, 'groundOuts': 4, 'airOuts': 3, 'runs': 0, 'doubles': 0, 'triples': 0, 'homeRuns': 0, 'strikeOuts': 4, 'baseOnBalls': 2, 'intentionalWalks': 1, 'hits': 2, 'hitByPitch': 0, 'avg': '.154', 'atBats': 13, 'obp': '.267', 'slg': '.154', 'ops': '.421', 'caughtStealing': 0, 'stolenBases': 0, 'stolenBasePercentage': '.---', 'caughtStealingPercentage': '.---', 'groundIntoDoublePlay': 0, 'numberOfPitches': 57, 'era': '0.00', 'inningsPitched': '3.2', 'wins': 0, 'losses': 0, 'saves': 0, 'saveOpportunities': 0, 'holds': 1, 'blownSaves': 0, 'earnedRuns': 0, 'whip': '1.09', 'battersFaced': 15, 'outs': 11, 'gamesPitched': 3, 'completeGames': 0, 'shutouts': 0, 'strikes': 39, 'strikePercentage': '.680', 'hitBatsmen': 0, 'balks': 0, 'wildPitches': 0, 'pickoffs': 0, 'totalBases': 2, 'groundOutsToAirouts': '1.33', 'winPercentage': '.---', 'pitchesPerInning': '15.55', 'gamesFinished': 0, 'strikeoutWalkRatio': '2.00', 'strikeoutsPer9Inn': '9.82', 'walksPer9Inn': '4.91', 'hitsPer9Inn': '4.91', 'runsScoredPer9': '0.00', 'homeRunsPer9': '0.00', 'inheritedRunners': 1, 'inheritedRunnersScored': 0, 'catchersInterference': 0, 'sacBunts': 0, 'sacFlies': 0}, 'team': {'id': 108, 'name': 'Los Angeles Angels', 'link': '/api/v1/teams/108'}, 'player': {'id': 605242, 'fullName': 'Michael Fulmer', 'link': '/api/v1/people/605242'}, 'league': {'id': 103, 'name': 'American League', 'link': '/api/v1/league/103'}, 'sport': {'id': 1, 'link': '/api/v1/sports/1', 'abbreviation': 'MLB'}, 'gameType': 'R'}, {'season': '2026', 'stat': {'age': 33, 'gamesPlayed': 12, 'gamesStarted': 0, 'groundOuts': 6, 'airOuts': 10, 'runs': 7, 'doubles': 2, 'triples': 1, 'homeRuns': 2, 'strikeOuts': 14, 'baseOnBalls': 6, 'intentionalWalks': 0, 'hits': 9, 'hitByPitch': 1, 'avg': '.231', 'atBats': 39, 'obp': '.348', 'slg': '.487', 'ops': '.835', 'caughtStealing': 0, 'stolenBases': 2, 'stolenBasePercentage': '1.000', 'caughtStealingPercentage': '.000', 'groundIntoDoublePlay': 0, 'numberOfPitches': 207, 'era': '4.50', 'inningsPitched': '10.0', 'wins': 0, 'losses': 1, 'saves': 0, 'saveOpportunities': 0, 'holds': 1, 'blownSaves': 0, 'earnedRuns': 5, 'whip': '1.50', 'battersFaced': 46, 'outs': 30, 'gamesPitched': 12, 'completeGames': 0, 'shutouts': 0, 'strikes': 130, 'strikePercentage': '.630', 'hitBatsmen': 1, 'balks': 0, 'wildPitches': 1, 'pickoffs': 0, 'totalBases': 19, 'groundOutsToAirouts': '0.60', 'winPercentage': '.000', 'pitchesPerInning': '20.70', 'gamesFinished': 4, 'strikeoutWalkRatio': '2.33', 'strikeoutsPer9Inn': '12.60', 'walksPer9Inn': '5.40', 'hitsPer9Inn': '8.10', 'runsScoredPer9': '6.30', 'homeRunsPer9': '1.80', 'inheritedRunners': 6, 'inheritedRunnersScored': 2, 'catchersInterference': 0, 'sacBunts': 0, 'sacFlies': 0}, 'team': {'id': 147, 'name': 'New York Yankees', 'link': '/api/v1/teams/147'}, 'player': {'id': 605242, 'fullName': 'Michael Fulmer', 'link': '/api/v1/people/605242'}, 'league': {'id': 103, 'name': 'American League', 'link': '/api/v1/league/103'}, 'sport': {'id': 1, 'link': '/api/v1/sports/1', 'abbreviation': 'MLB'}, 'gameType': 'R'}]",season,pitching
[],"[{'season': '2026', 'stat': {'age': 27, 'gamesPlayed': 19, 'gamesStarted': 0, 'groundOuts': 18, 'airOuts': 23, 'runs': 15, 'doubles': 7, 'triples': 0, 'homeRuns': 3, 'strikeOuts': 21, 'baseOnBalls': 7, 'intentionalWalks': 0, 'hits': 25, 'hitByPitch': 2, 'avg': '.294', 'atBats': 85, 'obp': '.358', 'slg': '.482', 'ops': '.840', 'caughtStealing': 0, 'stolenBases': 3, 'stolenBasePercentage': '1.000', 'caughtStealingPercentage': '.000', 'groundIntoDoublePlay': 0, 'numberOfPitches': 376, 'era': '6.10', 'inningsPitched': '20.2', 'wins': 1, 'losses': 1, 'saves': 0, 'saveOpportunities': 0, 'holds': 0, 'blownSaves': 0, 'earnedRuns': 14, 'whip': '1.55', 'battersFaced': 96, 'outs': 62, 'gamesPitched': 19, 'completeGames': 0, 'shutouts': 0, 'strikes': 243, 'strikePercentage': '.650', 'hitBatsmen': 2, 'balks': 0, 'wildPitches': 6, 'pickoffs': 0, 'totalBases': 41, 'groundOutsToAirouts': '0.78', 'winPercentage': '.500', 'pitchesPerInning': '18.19', 'gamesFinished': 3, 'strikeoutWalkRatio': '3.00', 'strikeoutsPer9Inn': '9.15', 'walksPer9Inn': '3.05', 'hitsPer9Inn': '10.89', 'runsScoredPer9': '6.53', 'homeRunsPer9': '1.31', 'inheritedRunners': 8, 'inheritedRunnersScored': 5, 'catchersInterference': 0, 'sacBunts': 1, 'sacFlies': 1}, 'team': {'id': 115, 'name': 'Colorado Rockies', 'link': '/api/v1/teams/115'}, 'player': {'id': 693308, 'fullName': 'Nick Frasso', 'link': '/api/v1/people/693308'}, 'league': {'id': 104, 'name': 'National League', 'link': '/api/v1/league/104'}, 'sport': {'id': 1, 'link': '/api/v1/sports/1', 'abbreviation': 'MLB'}, 'gameType': 'R'}]",season,pitching
[],"[{'season': '2026', 'stat': {'age': 38, 'gamesPlayed': 36, 'gamesStarted': 0, 'groundOuts': 31, 'airOuts': 25, 'runs': 12, 'doubles': 7, 'triples': 2, 'homeRuns': 3, 'strikeOuts': 31, 'baseOnBalls': 13, 'intentionalWalks': 2, 'hits': 29, 'hitByPitch': 1, 'avg': '.254', 'atBats': 114, 'obp': '.333', 'slg': '.430', 'ops': '.763', 'caughtStealing': 0, 'stolenBases': 7, 'stolenBasePercentage': '1.000', 'caughtStealingPercentage': '.000', 'groundIntoDoublePlay': 1, 'numberOfPitches': 494, 'era': '3.64', 'inningsPitched': '29.2', 'wins': 4, 'losses': 1, 'saves': 1, 'saveOpportunities': 3, 'holds': 6, 'blownSaves': 2, 'earnedRuns': 12, 'whip': '1.42', 'battersFaced': 130, 'outs': 89, 'gamesPitched': 36, 'completeGames': 0, 'shutouts': 0, 'strikes': 319, 'strikePercentage': '.650', 'hitBatsmen': 1, 'balks': 0, 'wildPitches': 0, 'pickoffs': 0, 'totalBases': 49, 'groundOutsToAirouts': '1.24', 'winPercentage': '.800', 'pitchesPerInning': '16.65', 'gamesFinished': 6, 'strikeoutWalkRatio': '2.38', 'strikeoutsPer9Inn': '9.40', 'walksPer9Inn': '3.94', 'hitsPer9Inn': '8.80', 'runsScoredPer9': '3.64', 'homeRunsPer9': '0.91', 'inheritedRunners': 14, 'inheritedRunnersScored': 5, 'catchersInterference': 0, 'sacBunts': 1, 'sacFlies': 1}, 'team': {'id': 119, 'name': 'Los Angeles Dodgers', 'link': '/api/v1/teams/119'}, 'player': {'id': 595014, 'fullName': 'Blake Treinen', 'link': '/api/v1/people/595014'}, 'league': {'id': 104, 'name': 'National League', 'link': '/api/v1/league/104'}, 'sport': {'id': 1, 'link': '/api/v1/sports/1', 'abbreviation': 'MLB'}, 'gameType': 'R'}]",season,pitching
[],"[{'season': '2026', 'stat': {'age': 26, 'gamesPlayed': 15, 'gamesStarted': 0, 'groundOuts': 18, 'airOuts': 17, 'runs': 10, 'doubles': 6, 'triples': 0, 'homeRuns': 2, 'strikeOuts': 17, 'baseOnBalls': 3, 'intentionalWalks': 0, 'hits': 16, 'hitByPitch': 4, 'avg': '.235', 'atBats': 68, 'obp': '.307', 'slg': '.412', 'ops': '.719', 'caughtStealing': 0, 'stolenBases': 2, 'stolenBasePercentage': '1.000', 'caughtStealingPercentage': '.000', 'groundIntoDoublePlay': 0, 'numberOfPitches': 265, 'era': '5.19', 'inningsPitched': '17.1', 'wins': 2, 'losses': 0, 'saves': 0, 'saveOpportunities': 0, 'holds': 1, 'blownSaves': 0, 'earnedRuns': 10, 'whip': '1.10', 'battersFaced': 75, 'outs': 52, 'gamesPitched': 15, 'completeGames': 0, 'shutouts': 0, 'strikes': 180, 'strikePercentage': '.680', 'hitBatsmen': 4, 'balks': 0, 'wildPitches': 1, 'pickoffs': 0, 'totalBases': 28, 'groundOutsToAirouts': '1.06', 'winPercentage': '1.000', 'pitchesPerInning': '15.29', 'gamesFinished': 4, 'strikeoutWalkRatio': '5.67', 'strikeoutsPer9Inn': '8.83', 'walksPer9Inn': '1.56', 'hitsPer9Inn': '8.31', 'runsScoredPer9': '5.19', 'homeRunsPer9': '1.04', 'inheritedRunners': 9, 'inheritedRunnersScored': 0, 'catchersInterference': 0, 'sacBunts': 0, 'sacFlies': 0}, 'team': {'id': 136, 'name': 'Seattle Mariners', 'link': '/api/v1/teams/136'}, 'player': {'id': 672841, 'fullName': 'Carlos Vargas', 'link': '/api/v1/people/672841'}, 'league': {'id': 103, 'name': 'American League', 'link': '/api/v1/league/103'}, 'sport': {'id': 1, 'link': '/api/v1/sports/1', 'abbreviation': 'MLB'}, 'gameType': 'R'}]",season,pitching
[],"[{'season': '2026', 'stat': {'age': 28, 'gamesPlayed': 40, 'gamesStarted': 4, 'groundOuts': 38, 'airOuts': 44, 'runs': 28, 'doubles': 12, 'triples': 0, 'homeRuns': 6, 'strikeOuts': 49, 'baseOnBalls': 14, 'intentionalWalks': 0, 'hits': 43, 'hitByPitch': 1, 'avg': '.254', 'atBats': 169, 'obp': '.315', 'slg': '.432', 'ops': '.747', 'caughtStealing': 0, 'stolenBases': 4, 'stolenBasePercentage': '1.000', 'caughtStealingPercentage': '.000', 'groundIntoDoublePlay': 2, 'numberOfPitches': 784, 'era': '5.52', 'inningsPitched': '44.0', 'wins': 3, 'losses': 3, 'saves': 0, 'saveOpportunities': 1, 'holds': 2, 'blownSaves': 1, 'earnedRuns': 27, 'whip': '1.30', 'battersFaced': 189, 'outs': 132, 'gamesPitched': 40, 'completeGames': 0, 'shutouts': 0, 'strikes': 475, 'strikePercentage': '.610', 'hitBatsmen': 1, 'balks': 0, 'wildPitches': 0, 'pickoffs': 1, 'totalBases': 73, 'groundOutsToAirouts': '0.86', 'winPercentage': '.500', 'pitchesPerInning': '17.82', 'gamesFinished': 6, 'strikeoutWalkRatio': '3.50', 'strikeoutsPer9Inn': '10.02', 'walksPer9Inn': '2.86', 'hitsPer9Inn': '8.80', 'runsScoredPer9': '5.73', 'homeRunsPer9': '1.23', 'inheritedRunners': 19, 'inheritedRunnersScored': 3, 'catchersInterference': 0, 'sacBunts': 5, 'sacFlies': 0}, 'player': {'id': 685126, 'fullName': 'Brandon Eisert', 'link': '/api/v1/people/685126'}, 'sport': {'id': 1, 'link': '/api/v1/sports/1', 'abbreviation': 'MLB'}, 'gameType': 'R', 'numTeams': 2, 'numLeagues': 2}, {'season': '2026', 'stat': {'age': 28, 'gamesPlayed': 15, 'gamesStarted': 0, 'groundOuts': 15, 'airOuts': 16, 'runs': 9, 'doubles': 4, 'triples': 0, 'homeRuns': 0, 'strikeOuts': 17, 'baseOnBalls': 6, 'intentionalWalks': 0, 'hits': 17, 'hitByPitch': 1, 'avg': '.274', 'atBats': 62, 'obp': '.348', 'slg': '.339', 'ops': '.687', 'caughtStealing': 0, 'stolenBases': 2, 'stolenBasePercentage': '1.000', 'caughtStealingPercentage': '.000', 'groundIntoDoublePlay': 2, 'numberOfPitches': 278, 'era': '4.86', 'inningsPitched': '16.2', 'wins': 1, 'losses': 2, 'saves': 0, 'saveOpportunities': 0, 'holds': 1, 'blownSaves': 0, 'earnedRuns': 9, 'whip': '1.38', 'battersFaced': 72, 'outs': 50, 'gamesPitched': 15, 'completeGames': 0, 'shutouts': 0, 'strikes': 169, 'strikePercentage': '.610', 'hitBatsmen': 1, 'balks': 0, 'wildPitches': 0, 'pickoffs': 0, 'totalBases': 21, 'groundOutsToAirouts': '0.94', 'winPercentage': '.333', 'pitchesPerInning': '16.68', 'gamesFinished': 2, 'strikeoutWalkRatio': '2.83', 'strikeoutsPer9Inn': '9.18', 'walksPer9Inn': '3.24', 'hitsPer9Inn': '9.18', 'runsScoredPer9': '4.86', 'homeRunsPer9': '0.00', 'inheritedRunners': 10, 'inheritedRunnersScored': 2, 'catchersInterference': 0, 'sacBunts': 3, 'sacFlies': 0}, 'team': {'id': 134, 'name': 'Pittsburgh Pirates', 'link': '/api/v1/teams/134'}, 'player': {'id': 685126, 'fullName': 'Brandon Eisert', 'link': '/api/v1/people/685126'}, 'league': {'id': 104, 'name': 'National League', 'link': '/api/v1/league/104'}, 'sport': {'id': 1, 'link': '/api/v1/sports/1', 'abbreviation': 'MLB'}, 'gameType': 'R'}, {'season': '2026', 'stat': {'age': 28, 'gamesPlayed': 25, 'gamesStarted': 4, 'groundOuts': 23, 'airOuts': 28, 'runs': 19, 'doubles': 8, 'triples': 0, 'homeRuns': 6, 'strikeOuts': 32, 'baseOnBalls': 8, 'intentionalWalks': 0, 'hits': 26, 'hitByPitch': 0, 'avg': '.243', 'atBats': 107, 'obp': '.296', 'slg': '.486', 'ops': '.782', 'caughtStealing': 0, 'stolenBases': 2, 'stolenBasePercentage': '1.000', 'caughtStealingPercentage': '.000', 'groundIntoDoublePlay': 0, 'numberOfPitches': 506, 'era': '5.93', 'inningsPitched': '27.1', 'wins': 2, 'losses': 1, 'saves': 0, 'saveOpportunities': 1, 'holds': 1, 'blownSaves': 1, 'earnedRuns': 18, 'whip': '1.24', 'battersFaced': 117, 'outs': 82, 'gamesPitched': 25, 'completeGames': 0, 'shutouts': 0, 'strikes': 306, 'strikePercentage': '.600', 'hitBatsmen': 0, 'balks': 0, 'wildPitches': 0, 'pickoffs': 1, 'totalBases': 52, 'groundOutsToAirouts': '0.82', 'winPercentage': '.667', 'pitchesPerInning': '18.51', 'gamesFinished': 4, 'strikeoutWalkRatio': '4.00', 'strikeoutsPer9Inn': '10.54', 'walksPer9Inn': '2.63', 'hitsPer9Inn': '8.56', 'runsScoredPer9': '6.26', 'homeRunsPer9': '1.98', 'inheritedRunners': 9, 'inheritedRunnersScored': 1, 'catchersInterference': 0, 'sacBunts': 2, 'sacFlies': 0}, 'team': {'id': 145, 'name': 'Chicago White Sox', 'link': '/api/v1/teams/145'}, 'player': {'id': 685126, 'fullName': 'Brandon Eisert', 'link': '/api/v1/people/685126'}, 'league': {'id': 103, 'name': 'American League', 'link': '/api/v1/league/103'}, 'sport': {'id': 1, 'link': '/api/v1/sports/1', 'abbreviation': 'MLB'}, 'gameType': 'R'}]",season,pitching
[],"[{'season': '2026', 'stat': {'age': 27, 'gamesPlayed': 23, 'gamesStarted': 0, 'groundOuts': 35, 'airOuts': 30, 'runs': 19, 'doubles': 6, 'triples': 0, 'homeRuns': 6, 'strikeOuts': 21, 'baseOnBalls': 16, 'intentionalWalks': 2, 'hits': 31, 'hitByPitch': 1, 'avg': '.270', 'atBats': 115, 'obp': '.364', 'slg': '.478', 'ops': '.842', 'caughtStealing': 2, 'stolenBases': 4, 'stolenBasePercentage': '.667', 'caughtStealingPercentage': '.333', 'groundIntoDoublePlay': 5, 'numberOfPitches': 510, 'era': '4.85', 'inningsPitched': '29.2', 'wins': 0, 'losses': 2, 'saves': 1, 'saveOpportunities': 4, 'holds': 8, 'blownSaves': 3, 'earnedRuns': 16, 'whip': '1.58', 'battersFaced': 134, 'outs': 89, 'gamesPitched': 23, 'completeGames': 0, 'shutouts': 0, 'strikes': 312, 'strikePercentage': '.610', 'hitBatsmen': 1, 'balks': 0, 'wildPitches': 5, 'pickoffs': 0, 'totalBases': 55, 'groundOutsToAirouts': '1.17', 'winPercentage': '.000', 'pitchesPerInning': '17.19', 'gamesFinished': 7, 'strikeoutWalkRatio': '1.31', 'strikeoutsPer9Inn': '6.37', 'walksPer9Inn': '4.85', 'hitsPer9Inn': '9.40', 'runsScoredPer9': '5.76', 'homeRunsPer9': '1.82', 'inheritedRunners': 13, 'inheritedRunnersScored': 4, 'catchersInterference': 0, 'sacBunts': 2, 'sacFlies': 0}, 'team': {'id': 137, 'name': 'San Francisco Giants', 'link': '/api/v1/teams/137'}, 'player': {'id': 693313, 'fullName': 'Carson Seymour', 'link': '/api/v1/people/693313'}, 'league': {'id': 104, 'name': 'National League', 'link': '/api/v1/league/104'}, 'sport': {'id': 1, 'link': '/api/v1/sports/1', 'abbreviation': 'MLB'}, 'gameType': 'R'}]",season,pitching
[],"[{'season': '2026', 'stat': {'age': 37, 'gamesPlayed': 27, 'gamesStarted': 27, 'groundOuts': 132, 'airOuts': 141, 'runs': 44, 'doubles': 22, 'triples': 1, 'homeRuns': 10, 'strikeOuts': 200, 'baseOnBalls': 31, 'intentionalWalks': 0, 'hits': 129, 'hitByPitch': 15, 'avg': '.215', 'atBats': 599, 'obp': '.270', 'slg': '.306', 'ops': '.576', 'caughtStealing': 3, 'stolenBases': 8, 'stolenBasePercentage': '.727', 'caughtStealingPercentage': '.273', 'groundIntoDoublePlay': 13, 'numberOfPitches': 2574, 'era': '2.16', 'inningsPitched': '162.2', 'wins': 14, 'losses': 9, 'saves': 0, 'saveOpportunities': 0, 'holds': 0, 'blownSaves': 0, 'earnedRuns': 39, 'whip': '0.98', 'battersFaced': 648, 'outs': 488, 'gamesPitched': 27, 'completeGames': 1, 'shutouts': 1, 'strikes': 1752, 'strikePercentage': '.680', 'hitBatsmen': 15, 'balks': 1, 'wildPitches': 0, 'pickoffs': 1, 'totalBases': 183, 'groundOutsToAirouts': '0.94', 'winPercentage': '.609', 'pitchesPerInning': '15.82', 'gamesFinished': 0, 'strikeoutWalkRatio': '6.45', 'strikeoutsPer9Inn': '11.07', 'walksPer9Inn': '1.72', 'hitsPer9Inn': '7.14', 'runsScoredPer9': '2.43', 'homeRunsPer9': '0.55', 'inheritedRunners': 0, 'inheritedRunnersScored': 0, 'catchersInterference': 0, 'sacBunts': 1, 'sacFlies': 2}, 'team': {'id': 144, 'name': 'Atlanta Braves', 'link': '/api/v1/teams/144'}, 'player': {'id': 519242, 'fullName': 'Chris Sale', 'link': '/api/v1/people/519242'}, 'league': {'id': 104, 'name': 'National League', 'link': '/api/v1/league/104'}, 'sport': {'id': 1, 'link': '/api/v1/sports/1', 'abbreviation': 'MLB'}, 'gameType': 'R'}]",season,pitching
[],"[{'season': '2026', 'stat': {'age': 36, 'gamesPlayed': 50, 'gamesStarted': 2, 'groundOuts': 49, 'airOuts': 60, 'runs': 31, 'doubles': 15, 'triples': 0, 'homeRuns': 7, 'strikeOuts': 54, 'baseOnBalls': 16, 'intentionalWalks': 4, 'hits': 52, 'hitByPitch': 0, 'avg': '.246', 'atBats': 211, 'obp': '.297', 'slg': '.417', 'ops': '.714', 'caughtStealing': 2, 'stolenBases': 5, 'stolenBasePercentage': '.714', 'caughtStealingPercentage': '.286', 'groundIntoDoublePlay': 1, 'numberOfPitches': 913, 'era': '4.39', 'inningsPitched': '55.1', 'wins': 1, 'losses': 0, 'saves': 3, 'saveOpportunities': 3, 'holds': 12, 'blownSaves': 0, 'earnedRuns': 27, 'whip': '1.23', 'battersFaced': 231, 'outs': 166, 'gamesPitched': 50, 'completeGames': 0, 'shutouts': 0, 'strikes': 574, 'strikePercentage': '.630', 'hitBatsmen': 0, 'balks': 0, 'wildPitches': 3, 'pickoffs': 0, 'totalBases': 88, 'groundOutsToAirouts': '0.82', 'winPercentage': '1.000', 'pitchesPerInning': '16.50', 'gamesFinished': 12, 'strikeoutWalkRatio': '3.38', 'strikeoutsPer9Inn': '8.78', 'walksPer9Inn': '2.60', 'hitsPer9Inn': '8.46', 'runsScoredPer9': '5.04', 'homeRunsPer9': '1.14', 'inheritedRunners': 16, 'inheritedRunnersScored': 6, 'catchersInterference': 0, 'sacBunts': 2, 'sacFlies': 2}, 'team': {'id': 139, 'name': 'Tampa Bay Rays', 'link': '/api/v1/teams/139'}, 'player': {'id': 642121, 'fullName': 'Cole Sulser', 'link': '/api/v1/people/642121'}, 'league': {'id': 103, 'name': 'American League', 'link': '/api/v1/league/103'}, 'sport': {'id': 1, 'link': '/api/v1/sports/1', 'abbreviation': 'MLB'}, 'gameType': 'R'}]",season,pitching
[],"[{'season': '2026', 'stat': {'age': 28, 'gamesPlayed': 17, 'gamesStarted': 0, 'groundOuts': 19, 'airOuts': 25, 'runs': 12, 'doubles': 2, 'triples': 0, 'homeRuns': 5, 'strikeOuts': 21, 'baseOnBalls': 6, 'intentionalWalks': 0, 'hits': 20, 'hitByPitch': 0, 'avg': '.235', 'atBats': 85, 'obp': '.286', 'slg': '.435', 'ops': '.721', 'caughtStealing': 0, 'stolenBases': 1, 'stolenBasePercentage': '1.000', 'caughtStealingPercentage': '.000', 'groundIntoDoublePlay': 1, 'numberOfPitches': 357, 'era': '4.76', 'inningsPitched': '22.2', 'wins': 1, 'losses': 0, 'saves': 0, 'saveOpportunities': 0, 'holds': 1, 'blownSaves': 0, 'earnedRuns': 12, 'whip': '1.15', 'battersFaced': 91, 'outs': 68, 'gamesPitched': 17, 'completeGames': 0, 'shutouts': 0, 'strikes': 235, 'strikePercentage': '.660', 'hitBatsmen': 0, 'balks': 0, 'wildPitches': 0, 'pickoffs': 0, 'totalBases': 37, 'groundOutsToAirouts': '0.76', 'winPercentage': '1.000', 'pitchesPerInning': '15.75', 'gamesFinished': 9, 'strikeoutWalkRatio': '3.50', 'strikeoutsPer9Inn': '8.34', 'walksPer9Inn': '2.38', 'hitsPer9Inn': '7.94', 'runsScoredPer9': '4.76', 'homeRunsPer9': '1.99', 'inheritedRunners': 10, 'inheritedRunnersScored': 1, 'catchersInterference': 0, 'sacBunts': 0, 'sacFlies': 0}, 'team': {'id': 116, 'name': 'Detroit Tigers', 'link': '/api/v1/teams/116'}, 'player': {'id': 689225, 'fullName': 'Beau Brieske', 'link': '/api/v1/people/689225'}, 'league': {'id': 103, 'name': 'American League', 'link': '/api/v1/league/103'}, 'sport': {'id': 1, 'link': '/api/v1/sports/1', 'abbreviation': 'MLB'}, 'gameType': 'R'}]",season,pitching
[],"[{'season': '2026', 'stat': {'age': 26, 'gamesPlayed': 39, 'gamesStarted': 0, 'groundOuts': 50, 'airOuts': 56, 'runs': 32, 'doubles': 10, 'triples': 3, 'homeRuns': 8, 'strikeOuts': 58, 'baseOnBalls': 24, 'intentionalWalks': 0, 'hits': 51, 'hitByPitch': 0, 'avg': '.241', 'atBats': 212, 'obp': '.315', 'slg': '.429', 'ops': '.744', 'caughtStealing': 0, 'stolenBases': 0, 'stolenBasePercentage': '.---', 'caughtStealingPercentage': '.---', 'groundIntoDoublePlay': 6, 'numberOfPitches': 910, 'era': '4.74', 'inningsPitched': '57.0', 'wins': 3, 'losses': 0, 'saves': 3, 'saveOpportunities': 3, 'holds': 1, 'blownSaves': 0, 'earnedRuns': 30, 'whip': '1.32', 'battersFaced': 239, 'outs': 171, 'gamesPitched': 39, 'completeGames': 0, 'shutouts': 0, 'strikes': 569, 'strikePercentage': '.630', 'hitBatsmen': 0, 'balks': 0, 'wildPitches': 3, 'pickoffs': 0, 'totalBases': 91, 'groundOutsToAirouts': '0.89', 'winPercentage': '1.000', 'pitchesPerInning': '15.96', 'gamesFinished': 9, 'strikeoutWalkRatio': '2.42', 'strikeoutsPer9Inn': '9.16', 'walksPer9Inn': '3.79', 'hitsPer9Inn': '8.05', 'runsScoredPer9': '5.05', 'homeRunsPer9': '1.26', 'inheritedRunners': 18, 'inheritedRunnersScored': 9, 'catchersInterference': 0, 'sacBunts': 1, 'sacFlies': 2}, 'team': {'id': 142, 'name': 'Minnesota Twins', 'link': '/api/v1/teams/142'}, 'player': {'id': 701519, 'fullName': 'Travis Adams', 'link': '/api/v1/people/701519'}, 'league': {'id': 103, 'name': 'American League', 'link': '/api/v1/league/103'}, 'sport': {'id': 1, 'link': '/api/v1/sports/1', 'abbreviation': 'MLB'}, 'gameType': 'R'}]",season,pitching
[],"[{'season': '2026', 'stat': {'age': 32, 'gamesPlayed': 72, 'gamesStarted': 0, 'groundOuts': 55, 'airOuts': 70, 'runs': 34, 'doubles': 12, 'triples': 1, 'homeRuns': 9, 'strikeOuts': 70, 'baseOnBalls': 16, 'intentionalWalks': 1, 'hits': 57, 'hitByPitch': 1, 'avg': '.231', 'atBats': 247, 'obp': '.276', 'slg': '.397', 'ops': '.673', 'caughtStealing': 2, 'stolenBases': 5, 'stolenBasePercentage': '.714', 'caughtStealingPercentage': '.286', 'groundIntoDoublePlay': 4, 'numberOfPitches': 1069, 'era': '4.19', 'inningsPitched': '66.2', 'wins': 6, 'losses': 4, 'saves': 3, 'saveOpportunities': 5, 'holds': 11, 'blownSaves': 2, 'earnedRuns': 31, 'whip': '1.10', 'battersFaced': 269, 'outs': 200, 'gamesPitched': 72, 'completeGames': 0, 'shutouts': 0, 'strikes': 694, 'strikePercentage': '.650', 'hitBatsmen': 1, 'balks': 1, 'wildPitches': 4, 'pickoffs': 1, 'totalBases': 98, 'groundOutsToAirouts': '0.79', 'winPercentage': '.600', 'pitchesPerInning': '16.04', 'gamesFinished': 15, 'strikeoutWalkRatio': '4.38', 'strikeoutsPer9Inn': '9.45', 'walksPer9Inn': '2.16', 'hitsPer9Inn': '7.70', 'runsScoredPer9': '4.59', 'homeRunsPer9': '1.21', 'inheritedRunners': 29, 'inheritedRunnersScored': 8, 'catchersInterference': 0, 'sacBunts': 1, 'sacFlies': 4}, 'team': {'id': 109, 'name': 'Arizona Diamondbacks', 'link': '/api/v1/teams/109'}, 'player': {'id': 656464, 'fullName': 'Kevin Ginkel', 'link': '/api/v1/people/656464'}, 'league': {'id': 104, 'name': 'National League', 'link': '/api/v1/league/104'}, 'sport': {'id': 1, 'link': '/api/v1/sports/1', 'abbreviation': 'MLB'}, 'gameType': 'R'}]",season,pitching
[],"[{'season': '2026', 'stat': {'age': 27, 'gamesPlayed': 10, 'gamesStarted': 0, 'groundOuts': 14, 'airOuts': 9, 'runs': 3, 'doubles': 3, 'triples': 0, 'homeRuns': 0, 'strikeOuts': 7, 'baseOnBalls': 4, 'intentionalWalks': 0, 'hits': 6, 'hitByPitch': 3, 'avg': '.171', 'atBats': 35, 'obp': '.302', 'slg': '.257', 'ops': '.559', 'caughtStealing': 0, 'stolenBases': 1, 'stolenBasePercentage': '1.000', 'caughtStealingPercentage': '.000', 'groundIntoDoublePlay': 0, 'numberOfPitches': 151, 'era': '2.61', 'inningsPitched': '10.1', 'wins': 1, 'losses': 0, 'saves': 1, 'saveOpportunities': 1, 'holds': 4, 'blownSaves': 0, 'earnedRuns': 3, 'whip': '0.97', 'battersFaced': 43, 'outs': 31, 'gamesPitched': 10, 'completeGames': 0, 'shutouts': 0, 'strikes': 92, 'strikePercentage': '.610', 'hitBatsmen': 3, 'balks': 0, 'wildPitches': 0, 'pickoffs': 0, 'totalBases': 9, 'groundOutsToAirouts': '1.56', 'winPercentage': '1.000', 'pitchesPerInning': '14.61', 'gamesFinished': 5, 'strikeoutWalkRatio': '1.75', 'strikeoutsPer9Inn': '6.10', 'walksPer9Inn': '3.48', 'hitsPer9Inn': '5.23', 'runsScoredPer9': '2.61', 'homeRunsPer9': '0.00', 'inheritedRunners': 6, 'inheritedRunnersScored': 1, 'catchersInterference': 0, 'sacBunts': 0, 'sacFlies': 1}, 'team': {'id': 120, 'name': 'Washington Nationals', 'link': '/api/v1/teams/120'}, 'player': {'id': 695378, 'fullName': 'Jack Sinclair', 'link': '/api/v1/people/695378'}, 'league': {'id': 104, 'name': 'National League', 'link': '/api/v1/league/104'}, 'sport': {'id': 1, 'link': '/api/v1/sports/1', 'abbreviation': 'MLB'}, 'gameType': 'R'}]",season,pitching
[],"[{'season': '2026', 'stat': {'age': 27, 'gamesPlayed': 42, 'gamesStarted': 0, 'groundOuts': 43, 'airOuts': 38, 'runs': 29, 'doubles': 11, 'triples': 0, 'homeRuns': 3, 'strikeOuts': 47, 'baseOnBalls': 20, 'intentionalWalks': 2, 'hits': 41, 'hitByPitch': 3, 'avg': '.247', 'atBats': 166, 'obp': '.335', 'slg': '.367', 'ops': '.702', 'caughtStealing': 1, 'stolenBases': 5, 'stolenBasePercentage': '.833', 'caughtStealingPercentage': '.167', 'groundIntoDoublePlay': 2, 'numberOfPitches': 733, 'era': '4.43', 'inningsPitched': '42.2', 'wins': 1, 'losses': 1, 'saves': 1, 'saveOpportunities': 2, 'holds': 5, 'blownSaves': 1, 'earnedRuns': 21, 'whip': '1.43', 'battersFaced': 192, 'outs': 128, 'gamesPitched': 42, 'completeGames': 0, 'shutouts': 0, 'strikes': 448, 'strikePercentage': '.610', 'hitBatsmen': 3, 'balks': 0, 'wildPitches': 7, 'pickoffs': 0, 'totalBases': 61, 'groundOutsToAirouts': '1.13', 'winPercentage': '.500', 'pitchesPerInning': '17.18', 'gamesFinished': 19, 'strikeoutWalkRatio': '2.35', 'strikeoutsPer9Inn': '9.91', 'walksPer9Inn': '4.22', 'hitsPer9Inn': '8.65', 'runsScoredPer9': '6.12', 'homeRunsPer9': '0.63', 'inheritedRunners': 11, 'inheritedRunnersScored': 3, 'catchersInterference': 0, 'sacBunts': 1, 'sacFlies': 2}, 'player': {'id': 695380, 'fullName': 'Alex Hoppe', 'link': '/api/v1/people/695380'}, 'league': {'id': 103, 'name': 'American League', 'link': '/api/v1/league/103'}, 'sport': {'id': 1, 'link': '/api/v1/sports/1', 'abbreviation': 'MLB'}, 'gameType': 'R', 'numTeams': 2}, {'season': '2026', 'stat': {'age': 27, 'gamesPlayed': 18, 'gamesStarted': 0, 'groundOuts': 17, 'airOuts': 14, 'runs': 8, 'doubles': 2, 'triples': 0, 'homeRuns': 1, 'strikeOuts': 13, 'baseOnBalls': 9, 'intentionalWalks': 2, 'hits': 14, 'hitByPitch': 2, 'avg': '.250', 'atBats': 56, 'obp': '.368', 'slg': '.339', 'ops': '.707', 'caughtStealing': 1, 'stolenBases': 1, 'stolenBasePercentage': '.500', 'caughtStealingPercentage': '.500', 'groundIntoDoublePlay': 0, 'numberOfPitches': 256, 'era': '1.84', 'inningsPitched': '14.2', 'wins': 1, 'losses': 0, 'saves': 1, 'saveOpportunities': 2, 'holds': 4, 'blownSaves': 1, 'earnedRuns': 3, 'whip': '1.57', 'battersFaced': 69, 'outs': 44, 'gamesPitched': 18, 'completeGames': 0, 'shutouts': 0, 'strikes': 154, 'strikePercentage': '.600', 'hitBatsmen': 2, 'balks': 0, 'wildPitches': 2, 'pickoffs': 0, 'totalBases': 19, 'groundOutsToAirouts': '1.21', 'winPercentage': '1.000', 'pitchesPerInning': '17.45', 'gamesFinished': 4, 'strikeoutWalkRatio': '1.44', 'strikeoutsPer9Inn': '7.98', 'walksPer9Inn': '5.52', 'hitsPer9Inn': '8.59', 'runsScoredPer9': '4.91', 'homeRunsPer9': '0.61', 'inheritedRunners': 8, 'inheritedRunnersScored': 2, 'catchersInterference': 0, 'sacBunts': 1, 'sacFlies': 1}, 'team': {'id': 110, 'name': 'Baltimore Orioles', 'link': '/api/v1/teams/110'}, 'player': {'id': 695380, 'fullName': 'Alex Hoppe', 'link': '/api/v1/people/695380'}, 'league': {'id': 103, 'name': 'American League', 'link': '/api/v1/league/103'}, 'sport': {'id': 1, 'link': '/api/v1/sports/1', 'abbreviation': 'MLB'}, 'gameType': 'R'}, {'season': '2026', 'stat': {'age': 27, 'gamesPlayed': 24, 'gamesStarted': 0, 'groundOuts': 26, 'airOuts': 24, 'runs': 21, 'doubles': 9, 'triples': 0, 'homeRuns': 2, 'strikeOuts': 34, 'baseOnBalls': 11, 'intentionalWalks': 0, 'hits': 27, 'hitByPitch': 1, 'avg': '.245', 'atBats': 110, 'obp': '.317', 'slg': '.382', 'ops': '.699', 'caughtStealing': 0, 'stolenBases': 4, 'stolenBasePercentage': '1.000', 'caughtStealingPercentage': '.000', 'groundIntoDoublePlay': 2, 'numberOfPitches': 477, 'era': '5.79', 'inningsPitched': '28.0', 'wins': 0, 'losses': 1, 'saves': 0, 'saveOpportunities': 0, 'holds': 1, 'blownSaves': 0, 'earnedRuns': 18, 'whip': '1.36', 'battersFaced': 123, 'outs': 84, 'gamesPitched': 24, 'completeGames': 0, 'shutouts': 0, 'strikes': 294, 'strikePercentage': '.620', 'hitBatsmen': 1, 'balks': 0, 'wildPitches': 5, 'pickoffs': 0, 'totalBases': 42, 'groundOutsToAirouts': '1.08', 'winPercentage': '.000', 'pitchesPerInning': '17.04', 'gamesFinished': 15, 'strikeoutWalkRatio': '3.09', 'strikeoutsPer9Inn': '10.93', 'walksPer9Inn': '3.54', 'hitsPer9Inn': '8.68', 'runsScoredPer9': '6.75', 'homeRunsPer9': '0.64', 'inheritedRunners': 3, 'inheritedRunnersScored': 1, 'catchersInterference': 0, 'sacBunts': 0, 'sacFlies': 1}, 'team': {'id': 136, 'name': 'Seattle Mariners', 'link': '/api/v1/teams/136'}, 'player': {'id': 695380, 'fullName': 'Alex Hoppe', 'link': '/api/v1/people/695380'}, 'league': {'id': 103, 'name': 'American League', 'link': '/api/v1/league/103'}, 'sport': {'id': 1, 'link': '/api/v1/sports/1', 'abbreviation': 'MLB'}, 'gameType': 'R'}]",season,pitching
[],"[{'season': '2026', 'stat': {'age': 33, 'gamesPlayed': 18, 'gamesStarted': 18, 'groundOuts': 142, 'airOuts': 75, 'runs': 39, 'doubles': 13, 'triples': 1, 'homeRuns': 6, 'strikeOuts': 78, 'baseOnBalls': 42, 'intentionalWalks': 0, 'hits': 79, 'hitByPitch': 2, 'avg': '.213', 'atBats': 371, 'obp': '.295', 'slg': '.302', 'ops': '.597', 'caughtStealing': 2, 'stolenBases': 5, 'stolenBasePercentage': '.714', 'caughtStealingPercentage': '.286', 'groundIntoDoublePlay': 9, 'numberOfPitches': 1613, 'era': '3.29', 'inningsPitched': '101.1', 'wins': 6, 'losses': 8, 'saves': 0, 'saveOpportunities': 0, 'holds': 0, 'blownSaves': 0, 'earnedRuns': 37, 'whip': '1.19', 'battersFaced': 419, 'outs': 304, 'gamesPitched': 18, 'completeGames': 0, 'shutouts': 0, 'strikes': 1022, 'strikePercentage': '.630', 'hitBatsmen': 2, 'balks': 1, 'wildPitches': 2, 'pickoffs': 0, 'totalBases': 112, 'groundOutsToAirouts': '1.89', 'winPercentage': '.429', 'pitchesPerInning': '15.92', 'gamesFinished': 0, 'strikeoutWalkRatio': '1.86', 'strikeoutsPer9Inn': '6.93', 'walksPer9Inn': '3.73', 'hitsPer9Inn': '7.02', 'runsScoredPer9': '3.46', 'homeRunsPer9': '0.53', 'inheritedRunners': 0, 'inheritedRunnersScored': 0, 'catchersInterference': 1, 'sacBunts': 1, 'sacFlies': 2}, 'player': {'id': 605280, 'fullName': 'Clay Holmes', 'link': '/api/v1/people/605280'}, 'league': {'id': 104, 'name': 'National League', 'link': '/api/v1/league/104'}, 'sport': {'id': 1, 'link': '/api/v1/sports/1', 'abbreviation': 'MLB'}, 'gameType': 'R', 'numTeams': 2}, {'season': '2026', 'stat': {'age': 33, 'gamesPlayed': 9, 'gamesStarted': 9, 'groundOuts': 77, 'airOuts': 30, 'runs': 25, 'doubles': 5, 'triples': 1, 'homeRuns': 3, 'strikeOuts': 33, 'baseOnBalls': 24, 'intentionalWalks': 0, 'hits': 39, 'hitByPitch': 1, 'avg': '.220', 'atBats': 177, 'obp': '.315', 'slg': '.311', 'ops': '.626', 'caughtStealing': 2, 'stolenBases': 4, 'stolenBasePercentage': '.667', 'caughtStealingPercentage': '.333', 'groundIntoDoublePlay': 5, 'numberOfPitches': 785, 'era': '4.25', 'inningsPitched': '48.2', 'wins': 2, 'losses': 4, 'saves': 0, 'saveOpportunities': 0, 'holds': 0, 'blownSaves': 0, 'earnedRuns': 23, 'whip': '1.29', 'battersFaced': 204, 'outs': 146, 'gamesPitched': 9, 'completeGames': 0, 'shutouts': 0, 'strikes': 480, 'strikePercentage': '.610', 'hitBatsmen': 1, 'balks': 0, 'wildPitches': 0, 'pickoffs': 0, 'totalBases': 55, 'groundOutsToAirouts': '2.57', 'winPercentage': '.333', 'pitchesPerInning': '16.13', 'gamesFinished': 0, 'strikeoutWalkRatio': '1.38', 'strikeoutsPer9Inn': '6.10', 'walksPer9Inn': '4.44', 'hitsPer9Inn': '7.21', 'runsScoredPer9': '4.62', 'homeRunsPer9': '0.55', 'inheritedRunners': 0, 'inheritedRunnersScored': 0, 'catchersInterference': 0, 'sacBunts': 1, 'sacFlies': 1}, 'team': {'id': 112, 'name': 'Chicago Cubs', 'link': '/api/v1/teams/112'}, 'player': {'id': 605280, 'fullName': 'Clay Holmes', 'link': '/api/v1/people/605280'}, 'league': {'id': 104, 'name': 'National League', 'link': '/api/v1/league/104'}, 'sport': {'id': 1, 'link': '/api/v1/sports/1', 'abbreviation': 'MLB'}, 'gameType': 'R'}, {'season': '2026', 'stat': {'age': 33, 'gamesPlayed': 9, 'gamesStarted': 9, 'groundOuts': 65, 'airOuts': 45, 'runs': 14, 'doubles': 8, 'triples': 0, 'homeRuns': 3, 'strikeOuts': 45, 'baseOnBalls': 18, 'intentionalWalks': 0, 'hits': 40, 'hitByPitch': 1, 'avg': '.206', 'atBats': 194, 'obp': '.276', 'slg': '.294', 'ops': '.570', 'caughtStealing': 0, 'stolenBases': 1, 'stolenBasePercentage': '1.000', 'caughtStealingPercentage': '.000', 'groundIntoDoublePlay': 4, 'numberOfPitches': 828, 'era': '2.39', 'inningsPitched': '52.2', 'wins': 4, 'losses': 4, 'saves': 0, 'saveOpportunities': 0, 'holds': 0, 'blownSaves': 0, 'earnedRuns': 14, 'whip': '1.10', 'battersFaced': 215, 'outs': 158, 'gamesPitched': 9, 'completeGames': 0, 'shutouts': 0, 'strikes': 542, 'strikePercentage': '.650', 'hitBatsmen': 1, 'balks': 1, 'wildPitches': 2, 'pickoffs': 0, 'totalBases': 57, 'groundOutsToAirouts': '1.44', 'winPercentage': '.500', 'pitchesPerInning': '15.72', 'gamesFinished': 0, 'strikeoutWalkRatio': '2.50', 'strikeoutsPer9Inn': '7.69', 'walksPer9Inn': '3.08', 'hitsPer9Inn': '6.84', 'runsScoredPer9': '2.39', 'homeRunsPer9': '0.51', 'inheritedRunners': 0, 'inheritedRunnersScored': 0, 'catchersInterference': 1, 'sacBunts': 0, 'sacFlies': 1}, 'team': {'id': 121, 'name': 'New York Mets', 'link': '/api/v1/teams/121'}, 'player': {'id': 605280, 'fullName': 'Clay Holmes', 'link': '/api/v1/people/605280'}, 'league': {'id': 104, 'name': 'National League', 'link': '/api/v1/league/104'}, 'sport': {'id': 1, 'link': '/api/v1/sports/1', 'abbreviation': 'MLB'}, 'gameType': 'R'}]",season,pitching
[],"[{'season': '2026', 'stat': {'age': 24, 'gamesPlayed': 82, 'gamesStarted': 4, 'groundOuts': 43, 'airOuts': 74, 'runs': 23, 'doubles': 6, 'triples': 0, 'homeRuns': 6, 'strikeOuts': 65, 'baseOnBalls': 28, 'intentionalWalks': 2, 'hits': 50, 'hitByPitch': 1, 'avg': '.220', 'atBats': 227, 'obp': '.306', 'slg': '.326', 'ops': '.632', 'caughtStealing': 4, 'stolenBases': 1, 'stolenBasePercentage': '.200', 'caughtStealingPercentage': '.800', 'groundIntoDoublePlay': 0, 'numberOfPitches': 1027, 'era': '3.36', 'inningsPitched': '61.2', 'wins': 7, 'losses': 1, 'saves': 1, 'saveOpportunities': 1, 'holds': 19, 'blownSaves': 0, 'earnedRuns': 23, 'whip': '1.26', 'battersFaced': 261, 'outs': 185, 'gamesPitched': 82, 'completeGames': 0, 'shutouts': 0, 'strikes': 664, 'strikePercentage': '.650', 'hitBatsmen': 1, 'balks': 0, 'wildPitches': 2, 'pickoffs': 0, 'totalBases': 74, 'groundOutsToAirouts': '0.58', 'winPercentage': '.875', 'pitchesPerInning': '16.65', 'gamesFinished': 7, 'strikeoutWalkRatio': '2.32', 'strikeoutsPer9Inn': '9.49', 'walksPer9Inn': '4.09', 'hitsPer9Inn': '7.30', 'runsScoredPer9': '3.36', 'homeRunsPer9': '0.88', 'inheritedRunners': 47, 'inheritedRunnersScored': 16, 'catchersInterference': 0, 'sacBunts': 3, 'sacFlies': 2}, 'team': {'id': 141, 'name': 'Toronto Blue Jays', 'link': '/api/v1/teams/141'}, 'player': {'id': 689254, 'fullName': 'Mason Fluharty', 'link': '/api/v1/people/689254'}, 'league': {'id': 103, 'name': 'American League', 'link': '/api/v1/league/103'}, 'sport': {'id': 1, 'link': '/api/v1/sports/1', 'abbreviation': 'MLB'}, 'gameType': 'R'}]",season,pitching
[],"[{'season': '2026', 'stat': {'age': 24, 'gamesPlayed': 7, 'gamesStarted': 5, 'groundOuts': 28, 'airOuts': 33, 'runs': 13, 'doubles': 4, 'triples': 0, 'homeRuns': 4, 'strikeOuts': 18, 'baseOnBalls': 10, 'intentionalWalks': 0, 'hits': 27, 'hitByPitch': 3, 'avg': '.257', 'atBats': 105, 'obp': '.339', 'slg': '.410', 'ops': '.749', 'caughtStealing': 1, 'stolenBases': 5, 'stolenBasePercentage': '.833', 'caughtStealingPercentage': '.167', 'groundIntoDoublePlay': 1, 'numberOfPitches': 423, 'era': '4.33', 'inningsPitched': '27.0', 'wins': 0, 'losses': 3, 'saves': 0, 'saveOpportunities': 0, 'holds': 0, 'blownSaves': 0, 'earnedRuns': 13, 'whip': '1.37', 'battersFaced': 119, 'outs': 81, 'gamesPitched': 7, 'completeGames': 0, 'shutouts': 0, 'strikes': 257, 'strikePercentage': '.610', 'hitBatsmen': 3, 'balks': 1, 'wildPitches': 0, 'pickoffs': 0, 'totalBases': 43, 'groundOutsToAirouts': '0.85', 'winPercentage': '.000', 'pitchesPerInning': '15.67', 'gamesFinished': 0, 'strikeoutWalkRatio': '1.80', 'strikeoutsPer9Inn': '6.00', 'walksPer9Inn': '3.33', 'hitsPer9Inn': '9.00', 'runsScoredPer9': '4.33', 'homeRunsPer9': '1.33', 'inheritedRunners': 0, 'inheritedRunnersScored': 0, 'catchersInterference': 0, 'sacBunts': 1, 'sacFlies': 0}, 'team': {'id': 109, 'name': 'Arizona Diamondbacks', 'link': '/api/v1/teams/109'}, 'player': {'id': 703615, 'fullName': 'Jose Cabrera', 'link': '/api/v1/people/703615'}, 'league': {'id': 104, 'name': 'National League', 'link': '/api/v1/league/104'}, 'sport': {'id': 1, 'link': '/api/v1/sports/1', 'abbreviation': 'MLB'}, 'gameType': 'R'}]",season,pitching
[],"[{'season': '2026', 'stat': {'age': 27, 'gamesPlayed': 32, 'gamesStarted': 29, 'groundOuts': 153, 'airOuts': 147, 'runs': 83, 'doubles': 37, 'triples': 3, 'homeRuns': 21, 'strikeOuts': 158, 'baseOnBalls': 54, 'intentionalWalks': 1, 'hits': 159, 'hitByPitch': 4, 'avg': '.261', 'atBats': 610, 'obp': '.322', 'slg': '.434', 'ops': '.756', 'caughtStealing': 0, 'stolenBases': 4, 'stolenBasePercentage': '1.000', 'caughtStealingPercentage': '.000', 'groundIntoDoublePlay': 15, 'numberOfPitches': 2642, 'era': '3.92', 'inningsPitched': '156.0', 'wins': 11, 'losses': 6, 'saves': 0, 'saveOpportunities': 0, 'holds': 1, 'blownSaves': 0, 'earnedRuns': 68, 'whip': '1.37', 'battersFaced': 677, 'outs': 468, 'gamesPitched': 32, 'completeGames': 0, 'shutouts': 0, 'strikes': 1663, 'strikePercentage': '.630', 'hitBatsmen': 4, 'balks': 1, 'wildPitches': 4, 'pickoffs': 2, 'totalBases': 265, 'groundOutsToAirouts': '1.04', 'winPercentage': '.647', 'pitchesPerInning': '16.94', 'gamesFinished': 0, 'strikeoutWalkRatio': '2.93', 'strikeoutsPer9Inn': '9.12', 'walksPer9Inn': '3.12', 'hitsPer9Inn': '9.17', 'runsScoredPer9': '4.79', 'homeRunsPer9': '1.21', 'inheritedRunners': 1, 'inheritedRunnersScored': 0, 'catchersInterference': 2, 'sacBunts': 1, 'sacFlies': 6}, 'team': {'id': 147, 'name': 'New York Yankees', 'link': '/api/v1/teams/147'}, 'player': {'id': 701542, 'fullName': 'Will Warren', 'link': '/api/v1/people/701542'}, 'league': {'id': 103, 'name': 'American League', 'link': '/api/v1/league/103'}, 'sport': {'id': 1, 'link': '/api/v1/sports/1', 'abbreviation': 'MLB'}, 'gameType': 'R'}]",season,pitching
[],"[{'season': '2026', 'stat': {'age': 30, 'gamesPlayed': 31, 'gamesStarted': 31, 'groundOuts': 182, 'airOuts': 162, 'runs': 76, 'doubles': 30, 'triples': 2, 'homeRuns': 23, 'strikeOuts': 158, 'baseOnBalls': 45, 'intentionalWalks': 0, 'hits': 164, 'hitByPitch': 10, 'avg': '.248', 'atBats': 661, 'obp': '.305', 'slg': '.404', 'ops': '.709', 'caughtStealing': 2, 'stolenBases': 6, 'stolenBasePercentage': '.750', 'caughtStealingPercentage': '.250', 'groundIntoDoublePlay': 21, 'numberOfPitches': 2833, 'era': '3.60', 'inningsPitched': '172.2', 'wins': 15, 'losses': 6, 'saves': 0, 'saveOpportunities': 0, 'holds': 0, 'blownSaves': 0, 'earnedRuns': 69, 'whip': '1.21', 'battersFaced': 721, 'outs': 518, 'gamesPitched': 31, 'completeGames': 0, 'shutouts': 0, 'strikes': 1869, 'strikePercentage': '.660', 'hitBatsmen': 10, 'balks': 1, 'wildPitches': 3, 'pickoffs': 1, 'totalBases': 267, 'groundOutsToAirouts': '1.12', 'winPercentage': '.714', 'pitchesPerInning': '16.41', 'gamesFinished': 0, 'strikeoutWalkRatio': '3.51', 'strikeoutsPer9Inn': '8.24', 'walksPer9Inn': '2.35', 'hitsPer9Inn': '8.55', 'runsScoredPer9': '3.96', 'homeRunsPer9': '1.20', 'inheritedRunners': 0, 'inheritedRunnersScored': 0, 'catchersInterference': 0, 'sacBunts': 2, 'sacFlies': 3}, 'player': {'id': 656492, 'fullName': 'Foster Griffin', 'link': '/api/v1/people/656492'}, 'sport': {'id': 1, 'link': '/api/v1/sports/1', 'abbreviation': 'MLB'}, 'gameType': 'R', 'numTeams': 2, 'numLeagues': 2}, {'season': '2026', 'stat': {'age': 30, 'gamesPlayed': 9, 'gamesStarted': 9, 'groundOuts': 45, 'airOuts': 38, 'runs': 27, 'doubles': 12, 'triples': 2, 'homeRuns': 4, 'strikeOuts': 42, 'baseOnBalls': 15, 'intentionalWalks': 0, 'hits': 55, 'hitByPitch': 2, 'avg': '.309', 'atBats': 178, 'obp': '.365', 'slg': '.466', 'ops': '.831', 'caughtStealing': 2, 'stolenBases': 0, 'stolenBasePercentage': '.000', 'caughtStealingPercentage': '1.000', 'groundIntoDoublePlay': 5, 'numberOfPitches': 779, 'era': '5.19', 'inningsPitched': '43.1', 'wins': 3, 'losses': 3, 'saves': 0, 'saveOpportunities': 0, 'holds': 0, 'blownSaves': 0, 'earnedRuns': 25, 'whip': '1.62', 'battersFaced': 197, 'outs': 130, 'gamesPitched': 9, 'completeGames': 0, 'shutouts': 0, 'strikes': 505, 'strikePercentage': '.650', 'hitBatsmen': 2, 'balks': 0, 'wildPitches': 0, 'pickoffs': 1, 'totalBases': 83, 'groundOutsToAirouts': '1.18', 'winPercentage': '.500', 'pitchesPerInning': '17.98', 'gamesFinished': 0, 'strikeoutWalkRatio': '2.80', 'strikeoutsPer9Inn': '8.72', 'walksPer9Inn': '3.12', 'hitsPer9Inn': '11.42', 'runsScoredPer9': '5.61', 'homeRunsPer9': '0.83', 'inheritedRunners': 0, 'inheritedRunnersScored': 0, 'catchersInterference': 0, 'sacBunts': 0, 'sacFlies': 2}, 'team': {'id': 114, 'name': 'Cleveland Guardians', 'link': '/api/v1/teams/114'}, 'player': {'id': 656492, 'fullName': 'Foster Griffin', 'link': '/api/v1/people/656492'}, 'league': {'id': 103, 'name': 'American League', 'link': '/api/v1/league/103'}, 'sport': {'id': 1, 'link': '/api/v1/sports/1', 'abbreviation': 'MLB'}, 'gameType': 'R'}, {'season': '2026', 'stat': {'age': 30, 'gamesPlayed': 22, 'gamesStarted': 22, 'groundOuts': 137, 'airOuts': 124, 'runs': 49, 'doubles': 18, 'triples': 0, 'homeRuns': 19, 'strikeOuts': 116, 'baseOnBalls': 30, 'intentionalWalks': 0, 'hits': 109, 'hitByPitch': 8, 'avg': '.226', 'atBats': 483, 'obp': '.282', 'slg': '.381', 'ops': '.663', 'caughtStealing': 0, 'stolenBases': 6, 'stolenBasePercentage': '1.000', 'caughtStealingPercentage': '.000', 'groundIntoDoublePlay': 16, 'numberOfPitches': 2054, 'era': '3.06', 'inningsPitched': '129.1', 'wins': 12, 'losses': 3, 'saves': 0, 'saveOpportunities': 0, 'holds': 0, 'blownSaves': 0, 'earnedRuns': 44, 'whip': '1.07', 'battersFaced': 524, 'outs': 388, 'gamesPitched': 22, 'completeGames': 0, 'shutouts': 0, 'strikes': 1364, 'strikePercentage': '.660', 'hitBatsmen': 8, 'balks': 1, 'wildPitches': 3, 'pickoffs': 0, 'totalBases': 184, 'groundOutsToAirouts': '1.10', 'winPercentage': '.800', 'pitchesPerInning': '15.88', 'gamesFinished': 0, 'strikeoutWalkRatio': '3.87', 'strikeoutsPer9Inn': '8.07', 'walksPer9Inn': '2.09', 'hitsPer9Inn': '7.59', 'runsScoredPer9': '3.41', 'homeRunsPer9': '1.32', 'inheritedRunners': 0, 'inheritedRunnersScored': 0, 'catchersInterference': 0, 'sacBunts': 2, 'sacFlies': 1}, 'team': {'id': 120, 'name': 'Washington Nationals', 'link': '/api/v1/teams/120'}, 'player': {'id': 656492, 'fullName': 'Foster Griffin', 'link': '/api/v1/people/656492'}, 'league': {'id': 104, 'name': 'National League', 'link': '/api/v1/league/104'}, 'sport': {'id': 1, 'link': '/api/v1/sports/1', 'abbreviation': 'MLB'}, 'gameType': 'R'}]",season,pitching
[],"[{'season': '2026', 'stat': {'age': 28, 'gamesPlayed': 47, 'gamesStarted': 0, 'groundOuts': 28, 'airOuts': 62, 'runs': 12, 'doubles': 8, 'triples': 0, 'homeRuns': 6, 'strikeOuts': 53, 'baseOnBalls': 14, 'intentionalWalks': 1, 'hits': 28, 'hitByPitch': 2, 'avg': '.165', 'atBats': 170, 'obp': '.237', 'slg': '.318', 'ops': '.555', 'caughtStealing': 0, 'stolenBases': 2, 'stolenBasePercentage': '1.000', 'caughtStealingPercentage': '.000', 'groundIntoDoublePlay': 3, 'numberOfPitches': 754, 'era': '2.22', 'inningsPitched': '48.2', 'wins': 4, 'losses': 1, 'saves': 2, 'saveOpportunities': 2, 'holds': 14, 'blownSaves': 0, 'earnedRuns': 12, 'whip': '0.86', 'battersFaced': 187, 'outs': 146, 'gamesPitched': 47, 'completeGames': 0, 'shutouts': 0, 'strikes': 492, 'strikePercentage': '.650', 'hitBatsmen': 2, 'balks': 0, 'wildPitches': 1, 'pickoffs': 0, 'totalBases': 54, 'groundOutsToAirouts': '0.45', 'winPercentage': '.800', 'pitchesPerInning': '15.49', 'gamesFinished': 7, 'strikeoutWalkRatio': '3.79', 'strikeoutsPer9Inn': '9.80', 'walksPer9Inn': '2.59', 'hitsPer9Inn': '5.18', 'runsScoredPer9': '2.22', 'homeRunsPer9': '1.11', 'inheritedRunners': 23, 'inheritedRunnersScored': 4, 'catchersInterference': 0, 'sacBunts': 1, 'sacFlies': 0}, 'team': {'id': 144, 'name': 'Atlanta Braves', 'link': '/api/v1/teams/144'}, 'player': {'id': 689266, 'fullName': 'Dylan Dodd', 'link': '/api/v1/people/689266'}, 'league': {'id': 104, 'name': 'National League', 'link': '/api/v1/league/104'}, 'sport': {'id': 1, 'link': '/api/v1/sports/1', 'abbreviation': 'MLB'}, 'gameType': 'R'}]",season,pitching
[],"[{'season': '2026', 'stat': {'age': 26, 'gamesPlayed': 40, 'gamesStarted': 5, 'groundOuts': 104, 'airOuts': 65, 'runs': 36, 'doubles': 10, 'triples': 0, 'homeRuns': 10, 'strikeOuts': 77, 'baseOnBalls': 33, 'intentionalWalks': 3, 'hits': 69, 'hitByPitch': 8, 'avg': '.222', 'atBats': 311, 'obp': '.311', 'slg': '.350', 'ops': '.661', 'caughtStealing': 2, 'stolenBases': 1, 'stolenBasePercentage': '.333', 'caughtStealingPercentage': '.667', 'groundIntoDoublePlay': 9, 'numberOfPitches': 1467, 'era': '3.78', 'inningsPitched': '83.1', 'wins': 5, 'losses': 2, 'saves': 1, 'saveOpportunities': 3, 'holds': 7, 'blownSaves': 2, 'earnedRuns': 35, 'whip': '1.22', 'battersFaced': 357, 'outs': 250, 'gamesPitched': 40, 'completeGames': 0, 'shutouts': 0, 'strikes': 982, 'strikePercentage': '.670', 'hitBatsmen': 8, 'balks': 0, 'wildPitches': 2, 'pickoffs': 0, 'totalBases': 109, 'groundOutsToAirouts': '1.60', 'winPercentage': '.714', 'pitchesPerInning': '17.60', 'gamesFinished': 5, 'strikeoutWalkRatio': '2.33', 'strikeoutsPer9Inn': '8.32', 'walksPer9Inn': '3.56', 'hitsPer9Inn': '7.45', 'runsScoredPer9': '3.89', 'homeRunsPer9': '1.08', 'inheritedRunners': 22, 'inheritedRunnersScored': 10, 'catchersInterference': 1, 'sacBunts': 2, 'sacFlies': 2}, 'team': {'id': 120, 'name': 'Washington Nationals', 'link': '/api/v1/teams/120'}, 'player': {'id': 695418, 'fullName': 'Brad Lord', 'link': '/api/v1/people/695418'}, 'league': {'id': 104, 'name': 'National League', 'link': '/api/v1/league/104'}, 'sport': {'id': 1, 'link': '/api/v1/sports/1', 'abbreviation': 'MLB'}, 'gameType': 'R'}]",season,pitching
[],"[{'season': '2026', 'stat': {'age': 24, 'gamesPlayed': 52, 'gamesStarted': 0, 'groundOuts': 53, 'airOuts': 59, 'runs': 31, 'doubles': 10, 'triples': 2, 'homeRuns': 5, 'strikeOuts': 66, 'baseOnBalls': 26, 'intentionalWalks': 2, 'hits': 47, 'hitByPitch': 4, 'avg': '.213', 'atBats': 221, 'obp': '.306', 'slg': '.344', 'ops': '.650', 'caughtStealing': 1, 'stolenBases': 5, 'stolenBasePercentage': '.833', 'caughtStealingPercentage': '.167', 'groundIntoDoublePlay': 0, 'numberOfPitches': 993, 'era': '4.07', 'inningsPitched': '59.2', 'wins': 3, 'losses': 2, 'saves': 3, 'saveOpportunities': 6, 'holds': 8, 'blownSaves': 3, 'earnedRuns': 27, 'whip': '1.22', 'battersFaced': 255, 'outs': 179, 'gamesPitched': 52, 'completeGames': 0, 'shutouts': 0, 'strikes': 631, 'strikePercentage': '.640', 'hitBatsmen': 4, 'balks': 1, 'wildPitches': 5, 'pickoffs': 1, 'totalBases': 76, 'groundOutsToAirouts': '0.90', 'winPercentage': '.600', 'pitchesPerInning': '16.64', 'gamesFinished': 10, 'strikeoutWalkRatio': '2.54', 'strikeoutsPer9Inn': '9.96', 'walksPer9Inn': '3.92', 'hitsPer9Inn': '7.09', 'runsScoredPer9': '4.68', 'homeRunsPer9': '0.75', 'inheritedRunners': 24, 'inheritedRunnersScored': 7, 'catchersInterference': 0, 'sacBunts': 3, 'sacFlies': 1}, 'team': {'id': 110, 'name': 'Baltimore Orioles', 'link': '/api/v1/teams/110'}, 'player': {'id': 689296, 'fullName': 'Anthony Nunez', 'link': '/api/v1/people/689296'}, 'league': {'id': 103, 'name': 'American League', 'link': '/api/v1/league/103'}, 'sport': {'id': 1, 'link': '/api/v1/sports/1', 'abbreviation': 'MLB'}, 'gameType': 'R'}]",season,pitching
[],"[{'season': '2026', 'stat': {'age': 27, 'gamesPlayed': 8, 'gamesStarted': 0, 'groundOuts': 11, 'airOuts': 10, 'runs': 8, 'doubles': 0, 'triples': 0, 'homeRuns': 3, 'strikeOuts': 5, 'baseOnBalls': 8, 'intentionalWalks': 2, 'hits': 8, 'hitByPitch': 0, 'avg': '.242', 'atBats': 33, 'obp': '.390', 'slg': '.515', 'ops': '.905', 'caughtStealing': 0, 'stolenBases': 1, 'stolenBasePercentage': '1.000', 'caughtStealingPercentage': '.000', 'groundIntoDoublePlay': 2, 'numberOfPitches': 146, 'era': '6.52', 'inningsPitched': '9.2', 'wins': 1, 'losses': 0, 'saves': 1, 'saveOpportunities': 1, 'holds': 0, 'blownSaves': 0, 'earnedRuns': 7, 'whip': '1.66', 'battersFaced': 42, 'outs': 29, 'gamesPitched': 8, 'completeGames': 0, 'shutouts': 0, 'strikes': 89, 'strikePercentage': '.610', 'hitBatsmen': 0, 'balks': 0, 'wildPitches': 1, 'pickoffs': 0, 'totalBases': 17, 'groundOutsToAirouts': '1.10', 'winPercentage': '1.000', 'pitchesPerInning': '15.10', 'gamesFinished': 2, 'strikeoutWalkRatio': '0.63', 'strikeoutsPer9Inn': '4.66', 'walksPer9Inn': '7.45', 'hitsPer9Inn': '7.45', 'runsScoredPer9': '7.45', 'homeRunsPer9': '2.79', 'inheritedRunners': 2, 'inheritedRunnersScored': 0, 'catchersInterference': 0, 'sacBunts': 1, 'sacFlies': 0}, 'team': {'id': 141, 'name': 'Toronto Blue Jays', 'link': '/api/v1/teams/141'}, 'player': {'id': 695445, 'fullName': 'Chase Lee', 'link': '/api/v1/people/695445'}, 'league': {'id': 103, 'name': 'American League', 'link': '/api/v1/league/103'}, 'sport': {'id': 1, 'link': '/api/v1/sports/1', 'abbreviation': 'MLB'}, 'gameType': 'R'}]",season,pitching
[],"[{'season': '2026', 'stat': {'age': 31, 'gamesPlayed': 43, 'gamesStarted': 0, 'groundOuts': 31, 'airOuts': 34, 'runs': 25, 'doubles': 9, 'triples': 0, 'homeRuns': 3, 'strikeOuts': 52, 'baseOnBalls': 21, 'intentionalWalks': 1, 'hits': 43, 'hitByPitch': 0, 'avg': '.272', 'atBats': 158, 'obp': '.358', 'slg': '.386', 'ops': '.744', 'caughtStealing': 3, 'stolenBases': 9, 'stolenBasePercentage': '.750', 'caughtStealingPercentage': '.250', 'groundIntoDoublePlay': 1, 'numberOfPitches': 741, 'era': '4.54', 'inningsPitched': '39.2', 'wins': 3, 'losses': 2, 'saves': 16, 'saveOpportunities': 19, 'holds': 1, 'blownSaves': 3, 'earnedRuns': 20, 'whip': '1.61', 'battersFaced': 181, 'outs': 119, 'gamesPitched': 43, 'completeGames': 0, 'shutouts': 0, 'strikes': 486, 'strikePercentage': '.660', 'hitBatsmen': 0, 'balks': 0, 'wildPitches': 1, 'pickoffs': 0, 'totalBases': 61, 'groundOutsToAirouts': '0.91', 'winPercentage': '.600', 'pitchesPerInning': '18.68', 'gamesFinished': 30, 'strikeoutWalkRatio': '2.48', 'strikeoutsPer9Inn': '11.80', 'walksPer9Inn': '4.76', 'hitsPer9Inn': '9.76', 'runsScoredPer9': '5.67', 'homeRunsPer9': '0.68', 'inheritedRunners': 5, 'inheritedRunnersScored': 1, 'catchersInterference': 0, 'sacBunts': 2, 'sacFlies': 0}, 'team': {'id': 121, 'name': 'New York Mets', 'link': '/api/v1/teams/121'}, 'player': {'id': 642207, 'fullName': 'Devin Williams', 'link': '/api/v1/people/642207'}, 'league': {'id': 104, 'name': 'National League', 'link': '/api/v1/league/104'}, 'sport': {'id': 1, 'link': '/api/v1/sports/1', 'abbreviation': 'MLB'}, 'gameType': 'R'}]",season,pitching
[],"[{'season': '2026', 'stat': {'age': 38, 'gamesPlayed': 53, 'gamesStarted': 0, 'groundOuts': 45, 'airOuts': 38, 'runs': 13, 'doubles': 9, 'triples': 1, 'homeRuns': 3, 'strikeOuts': 71, 'baseOnBalls': 23, 'intentionalWalks': 0, 'hits': 35, 'hitByPitch': 1, 'avg': '.187', 'atBats': 187, 'obp': '.280', 'slg': '.294', 'ops': '.574', 'caughtStealing': 1, 'stolenBases': 9, 'stolenBasePercentage': '.900', 'caughtStealingPercentage': '.100', 'groundIntoDoublePlay': 3, 'numberOfPitches': 841, 'era': '1.92', 'inningsPitched': '51.2', 'wins': 3, 'losses': 4, 'saves': 35, 'saveOpportunities': 37, 'holds': 0, 'blownSaves': 2, 'earnedRuns': 11, 'whip': '1.12', 'battersFaced': 213, 'outs': 155, 'gamesPitched': 53, 'completeGames': 0, 'shutouts': 0, 'strikes': 561, 'strikePercentage': '.670', 'hitBatsmen': 1, 'balks': 0, 'wildPitches': 3, 'pickoffs': 0, 'totalBases': 55, 'groundOutsToAirouts': '1.18', 'winPercentage': '.429', 'pitchesPerInning': '16.28', 'gamesFinished': 44, 'strikeoutWalkRatio': '3.09', 'strikeoutsPer9Inn': '12.37', 'walksPer9Inn': '4.01', 'hitsPer9Inn': '6.10', 'runsScoredPer9': '2.26', 'homeRunsPer9': '0.52', 'inheritedRunners': 2, 'inheritedRunnersScored': 2, 'catchersInterference': 0, 'sacBunts': 2, 'sacFlies': 0}, 'team': {'id': 111, 'name': 'Boston Red Sox', 'link': '/api/v1/teams/111'}, 'player': {'id': 547973, 'fullName': 'Aroldis Chapman', 'link': '/api/v1/people/547973'}, 'league': {'id': 103, 'name': 'American League', 'link': '/api/v1/league/103'}, 'sport': {'id': 1, 'link': '/api/v1/sports/1', 'abbreviation': 'MLB'}, 'gameType': 'R'}]",season,pitching
[],"[{'season': '2026', 'stat': {'age': 31, 'gamesPlayed': 31, 'gamesStarted': 0, 'groundOuts': 29, 'airOuts': 31, 'runs': 9, 'doubles': 4, 'triples': 0, 'homeRuns': 2, 'strikeOuts': 29, 'baseOnBalls': 12, 'intentionalWalks': 2, 'hits': 24, 'hitByPitch': 1, 'avg': '.214', 'atBats': 112, 'obp': '.294', 'slg': '.304', 'ops': '.598', 'caughtStealing': 1, 'stolenBases': 1, 'stolenBasePercentage': '.500', 'caughtStealingPercentage': '.500', 'groundIntoDoublePlay': 3, 'numberOfPitches': 505, 'era': '2.08', 'inningsPitched': '30.1', 'wins': 1, 'losses': 0, 'saves': 1, 'saveOpportunities': 2, 'holds': 4, 'blownSaves': 1, 'earnedRuns': 7, 'whip': '1.19', 'battersFaced': 126, 'outs': 91, 'gamesPitched': 31, 'completeGames': 0, 'shutouts': 0, 'strikes': 321, 'strikePercentage': '.640', 'hitBatsmen': 1, 'balks': 0, 'wildPitches': 0, 'pickoffs': 0, 'totalBases': 34, 'groundOutsToAirouts': '0.94', 'winPercentage': '1.000', 'pitchesPerInning': '16.65', 'gamesFinished': 5, 'strikeoutWalkRatio': '2.42', 'strikeoutsPer9Inn': '8.60', 'walksPer9Inn': '3.56', 'hitsPer9Inn': '7.12', 'runsScoredPer9': '2.67', 'homeRunsPer9': '0.59', 'inheritedRunners': 23, 'inheritedRunnersScored': 8, 'catchersInterference': 0, 'sacBunts': 0, 'sacFlies': 1}, 'team': {'id': 110, 'name': 'Baltimore Orioles', 'link': '/api/v1/teams/110'}, 'player': {'id': 677020, 'fullName': 'Josh Walker', 'link': '/api/v1/people/677020'}, 'league': {'id': 103, 'name': 'American League', 'link': '/api/v1/league/103'}, 'sport': {'id': 1, 'link': '/api/v1/sports/1', 'abbreviation': 'MLB'}, 'gameType': 'R'}]",season,pitching
[],"[{'season': '2026', 'stat': {'age': 29, 'gamesPlayed': 44, 'gamesStarted': 0, 'groundOuts': 34, 'airOuts': 32, 'runs': 16, 'doubles': 6, 'triples': 0, 'homeRuns': 0, 'strikeOuts': 39, 'baseOnBalls': 25, 'intentionalWalks': 2, 'hits': 34, 'hitByPitch': 4, 'avg': '.248', 'atBats': 137, 'obp': '.375', 'slg': '.292', 'ops': '.667', 'caughtStealing': 2, 'stolenBases': 2, 'stolenBasePercentage': '.500', 'caughtStealingPercentage': '.500', 'groundIntoDoublePlay': 3, 'numberOfPitches': 666, 'era': '3.28', 'inningsPitched': '35.2', 'wins': 1, 'losses': 7, 'saves': 0, 'saveOpportunities': 3, 'holds': 10, 'blownSaves': 3, 'earnedRuns': 13, 'whip': '1.65', 'battersFaced': 168, 'outs': 107, 'gamesPitched': 44, 'completeGames': 0, 'shutouts': 0, 'strikes': 400, 'strikePercentage': '.600', 'hitBatsmen': 4, 'balks': 0, 'wildPitches': 5, 'pickoffs': 0, 'totalBases': 40, 'groundOutsToAirouts': '1.06', 'winPercentage': '.125', 'pitchesPerInning': '18.67', 'gamesFinished': 3, 'strikeoutWalkRatio': '1.56', 'strikeoutsPer9Inn': '9.84', 'walksPer9Inn': '6.31', 'hitsPer9Inn': '8.58', 'runsScoredPer9': '4.04', 'homeRunsPer9': '0.00', 'inheritedRunners': 30, 'inheritedRunnersScored': 11, 'catchersInterference': 0, 'sacBunts': 0, 'sacFlies': 2}, 'team': {'id': 137, 'name': 'San Francisco Giants', 'link': '/api/v1/teams/137'}, 'player': {'id': 656529, 'fullName': 'Sam Hentges', 'link': '/api/v1/people/656529'}, 'league': {'id': 104, 'name': 'National League', 'link': '/api/v1/league/104'}, 'sport': {'id': 1, 'link': '/api/v1/sports/1', 'abbreviation': 'MLB'}, 'gameType': 'R'}]",season,pitching
[],"[{'season': '2026', 'stat': {'age': 30, 'gamesPlayed': 31, 'gamesStarted': 29, 'groundOuts': 157, 'airOuts': 169, 'runs': 60, 'doubles': 21, 'triples': 2, 'homeRuns': 22, 'strikeOuts': 115, 'baseOnBalls': 62, 'intentionalWalks': 0, 'hits': 136, 'hitByPitch': 3, 'avg': '.239', 'atBats': 570, 'obp': '.314', 'slg': '.398', 'ops': '.712', 'caughtStealing': 2, 'stolenBases': 4, 'stolenBasePercentage': '.667', 'caughtStealingPercentage': '.333', 'groundIntoDoublePlay': 13, 'numberOfPitches': 2382, 'era': '3.44', 'inningsPitched': '151.2', 'wins': 10, 'losses': 6, 'saves': 0, 'saveOpportunities': 0, 'holds': 0, 'blownSaves': 0, 'earnedRuns': 58, 'whip': '1.31', 'battersFaced': 642, 'outs': 455, 'gamesPitched': 31, 'completeGames': 0, 'shutouts': 0, 'strikes': 1492, 'strikePercentage': '.630', 'hitBatsmen': 3, 'balks': 0, 'wildPitches': 5, 'pickoffs': 0, 'totalBases': 227, 'groundOutsToAirouts': '0.93', 'winPercentage': '.625', 'pitchesPerInning': '15.71', 'gamesFinished': 1, 'strikeoutWalkRatio': '1.85', 'strikeoutsPer9Inn': '6.82', 'walksPer9Inn': '3.68', 'hitsPer9Inn': '8.07', 'runsScoredPer9': '3.56', 'homeRunsPer9': '1.31', 'inheritedRunners': 0, 'inheritedRunnersScored': 0, 'catchersInterference': 0, 'sacBunts': 1, 'sacFlies': 6}, 'team': {'id': 144, 'name': 'Atlanta Braves', 'link': '/api/v1/teams/144'}, 'player': {'id': 656550, 'fullName': 'Grant Holmes', 'link': '/api/v1/people/656550'}, 'league': {'id': 104, 'name': 'National League', 'link': '/api/v1/league/104'}, 'sport': {'id': 1, 'link': '/api/v1/sports/1', 'abbreviation': 'MLB'}, 'gameType': 'R'}]",season,pitching
[],"[{'season': '2026', 'stat': {'age': 25, 'gamesPlayed': 8, 'gamesStarted': 8, 'groundOuts': 39, 'airOuts': 50, 'runs': 18, 'doubles': 7, 'triples': 0, 'homeRuns': 4, 'strikeOuts': 39, 'baseOnBalls': 18, 'intentionalWalks': 0, 'hits': 43, 'hitByPitch': 1, 'avg': '.257', 'atBats': 167, 'obp': '.328', 'slg': '.371', 'ops': '.699', 'caughtStealing': 2, 'stolenBases': 2, 'stolenBasePercentage': '.500', 'caughtStealingPercentage': '.500', 'groundIntoDoublePlay': 2, 'numberOfPitches': 786, 'era': '3.65', 'inningsPitched': '44.1', 'wins': 2, 'losses': 3, 'saves': 0, 'saveOpportunities': 0, 'holds': 0, 'blownSaves': 0, 'earnedRuns': 18, 'whip': '1.38', 'battersFaced': 190, 'outs': 133, 'gamesPitched': 8, 'completeGames': 0, 'shutouts': 0, 'strikes': 482, 'strikePercentage': '.610', 'hitBatsmen': 1, 'balks': 0, 'wildPitches': 1, 'pickoffs': 0, 'totalBases': 62, 'groundOutsToAirouts': '0.78', 'winPercentage': '.400', 'pitchesPerInning': '17.73', 'gamesFinished': 0, 'strikeoutWalkRatio': '2.17', 'strikeoutsPer9Inn': '7.92', 'walksPer9Inn': '3.65', 'hitsPer9Inn': '8.73', 'runsScoredPer9': '3.65', 'homeRunsPer9': '0.81', 'inheritedRunners': 0, 'inheritedRunnersScored': 0, 'catchersInterference': 0, 'sacBunts': 1, 'sacFlies': 3}, 'team': {'id': 138, 'name': 'St. Louis Cardinals', 'link': '/api/v1/teams/138'}, 'player': {'id': 687273, 'fullName': 'Quinn Mathews', 'link': '/api/v1/people/687273'}, 'league': {'id': 104, 'name': 'National League', 'link': '/api/v1/league/104'}, 'sport': {'id': 1, 'link': '/api/v1/sports/1', 'abbreviation': 'MLB'}, 'gameType': 'R'}]",season,pitching
[],"[{'season': '2026', 'stat': {'age': 26, 'gamesPlayed': 30, 'gamesStarted': 30, 'groundOuts': 143, 'airOuts': 193, 'runs': 84, 'doubles': 28, 'triples': 4, 'homeRuns': 18, 'strikeOuts': 175, 'baseOnBalls': 39, 'intentionalWalks': 1, 'hits': 152, 'hitByPitch': 8, 'avg': '.231', 'atBats': 659, 'obp': '.280', 'slg': '.367', 'ops': '.647', 'caughtStealing': 3, 'stolenBases': 8, 'stolenBasePercentage': '.727', 'caughtStealingPercentage': '.273', 'groundIntoDoublePlay': 9, 'numberOfPitches': 2667, 'era': '4.01', 'inningsPitched': '173.0', 'wins': 12, 'losses': 10, 'saves': 0, 'saveOpportunities': 0, 'holds': 0, 'blownSaves': 0, 'earnedRuns': 77, 'whip': '1.10', 'battersFaced': 710, 'outs': 519, 'gamesPitched': 30, 'completeGames': 0, 'shutouts': 0, 'strikes': 1798, 'strikePercentage': '.670', 'hitBatsmen': 8, 'balks': 1, 'wildPitches': 3, 'pickoffs': 1, 'totalBases': 242, 'groundOutsToAirouts': '0.74', 'winPercentage': '.545', 'pitchesPerInning': '15.42', 'gamesFinished': 0, 'strikeoutWalkRatio': '4.49', 'strikeoutsPer9Inn': '9.10', 'walksPer9Inn': '2.03', 'hitsPer9Inn': '7.91', 'runsScoredPer9': '4.37', 'homeRunsPer9': '0.94', 'inheritedRunners': 0, 'inheritedRunnersScored': 0, 'catchersInterference': 0, 'sacBunts': 0, 'sacFlies': 4}, 'team': {'id': 136, 'name': 'Seattle Mariners', 'link': '/api/v1/teams/136'}, 'player': {'id': 693433, 'fullName': 'Bryan Woo', 'link': '/api/v1/people/693433'}, 'league': {'id': 103, 'name': 'American League', 'link': '/api/v1/league/103'}, 'sport': {'id': 1, 'link': '/api/v1/sports/1', 'abbreviation': 'MLB'}, 'gameType': 'R'}]",season,pitching
[],"[{'season': '2026', 'stat': {'age': 25, 'gamesPlayed': 26, 'gamesStarted': 0, 'groundOuts': 15, 'airOuts': 42, 'runs': 18, 'doubles': 4, 'triples': 1, 'homeRuns': 3, 'strikeOuts': 28, 'baseOnBalls': 30, 'intentionalWalks': 0, 'hits': 22, 'hitByPitch': 3, 'avg': '.208', 'atBats': 106, 'obp': '.393', 'slg': '.349', 'ops': '.742', 'caughtStealing': 1, 'stolenBases': 7, 'stolenBasePercentage': '.875', 'caughtStealingPercentage': '.125', 'groundIntoDoublePlay': 1, 'numberOfPitches': 569, 'era': '5.28', 'inningsPitched': '29.0', 'wins': 2, 'losses': 0, 'saves': 1, 'saveOpportunities': 1, 'holds': 5, 'blownSaves': 0, 'earnedRuns': 17, 'whip': '1.79', 'battersFaced': 140, 'outs': 87, 'gamesPitched': 26, 'completeGames': 0, 'shutouts': 0, 'strikes': 325, 'strikePercentage': '.570', 'hitBatsmen': 3, 'balks': 0, 'wildPitches': 1, 'pickoffs': 0, 'totalBases': 37, 'groundOutsToAirouts': '0.36', 'winPercentage': '1.000', 'pitchesPerInning': '19.62', 'gamesFinished': 6, 'strikeoutWalkRatio': '0.93', 'strikeoutsPer9Inn': '8.69', 'walksPer9Inn': '9.31', 'hitsPer9Inn': '6.83', 'runsScoredPer9': '5.59', 'homeRunsPer9': '0.93', 'inheritedRunners': 17, 'inheritedRunnersScored': 7, 'catchersInterference': 0, 'sacBunts': 0, 'sacFlies': 1}, 'team': {'id': 113, 'name': 'Cincinnati Reds', 'link': '/api/v1/teams/113'}, 'player': {'id': 683175, 'fullName': 'Connor Phillips', 'link': '/api/v1/people/683175'}, 'league': {'id': 104, 'name': 'National League', 'link': '/api/v1/league/104'}, 'sport': {'id': 1, 'link': '/api/v1/sports/1', 'abbreviation': 'MLB'}, 'gameType': 'R'}]",season,pitching
[],"[{'season': '2026', 'stat': {'age': 33, 'gamesPlayed': 71, 'gamesStarted': 0, 'groundOuts': 47, 'airOuts': 49, 'runs': 33, 'doubles': 14, 'triples': 2, 'homeRuns': 4, 'strikeOuts': 102, 'baseOnBalls': 30, 'intentionalWalks': 5, 'hits': 57, 'hitByPitch': 7, 'avg': '.228', 'atBats': 250, 'obp': '.323', 'slg': '.348', 'ops': '.671', 'caughtStealing': 3, 'stolenBases': 17, 'stolenBasePercentage': '.850', 'caughtStealingPercentage': '.150', 'groundIntoDoublePlay': 2, 'numberOfPitches': 1211, 'era': '3.55', 'inningsPitched': '66.0', 'wins': 6, 'losses': 8, 'saves': 6, 'saveOpportunities': 10, 'holds': 22, 'blownSaves': 4, 'earnedRuns': 26, 'whip': '1.32', 'battersFaced': 292, 'outs': 198, 'gamesPitched': 71, 'completeGames': 0, 'shutouts': 0, 'strikes': 787, 'strikePercentage': '.650', 'hitBatsmen': 7, 'balks': 1, 'wildPitches': 4, 'pickoffs': 0, 'totalBases': 87, 'groundOutsToAirouts': '0.96', 'winPercentage': '.429', 'pitchesPerInning': '18.35', 'gamesFinished': 23, 'strikeoutWalkRatio': '3.40', 'strikeoutsPer9Inn': '13.91', 'walksPer9Inn': '4.09', 'hitsPer9Inn': '7.77', 'runsScoredPer9': '4.50', 'homeRunsPer9': '0.55', 'inheritedRunners': 15, 'inheritedRunnersScored': 4, 'catchersInterference': 0, 'sacBunts': 1, 'sacFlies': 4}, 'player': {'id': 656546, 'fullName': 'Jeff Hoffman', 'link': '/api/v1/people/656546'}, 'league': {'id': 103, 'name': 'American League', 'link': '/api/v1/league/103'}, 'sport': {'id': 1, 'link': '/api/v1/sports/1', 'abbreviation': 'MLB'}, 'gameType': 'R', 'numTeams': 2}, {'season': '2026', 'stat': {'age': 33, 'gamesPlayed': 51, 'gamesStarted': 0, 'groundOuts': 37, 'airOuts': 32, 'runs': 28, 'doubles': 9, 'triples': 2, 'homeRuns': 4, 'strikeOuts': 75, 'baseOnBalls': 18, 'intentionalWalks': 4, 'hits': 48, 'hitByPitch': 5, 'avg': '.254', 'atBats': 189, 'obp': '.330', 'slg': '.386', 'ops': '.716', 'caughtStealing': 3, 'stolenBases': 13, 'stolenBasePercentage': '.813', 'caughtStealingPercentage': '.188', 'groundIntoDoublePlay': 2, 'numberOfPitches': 893, 'era': '3.94', 'inningsPitched': '48.0', 'wins': 6, 'losses': 7, 'saves': 5, 'saveOpportunities': 9, 'holds': 12, 'blownSaves': 4, 'earnedRuns': 21, 'whip': '1.38', 'battersFaced': 215, 'outs': 144, 'gamesPitched': 51, 'completeGames': 0, 'shutouts': 0, 'strikes': 593, 'strikePercentage': '.660', 'hitBatsmen': 5, 'balks': 1, 'wildPitches': 3, 'pickoffs': 0, 'totalBases': 73, 'groundOutsToAirouts': '1.16', 'winPercentage': '.462', 'pitchesPerInning': '18.60', 'gamesFinished': 17, 'strikeoutWalkRatio': '4.17', 'strikeoutsPer9Inn': '14.06', 'walksPer9Inn': '3.38', 'hitsPer9Inn': '9.00', 'runsScoredPer9': '5.25', 'homeRunsPer9': '0.75', 'inheritedRunners': 9, 'inheritedRunnersScored': 1, 'catchersInterference': 0, 'sacBunts': 0, 'sacFlies': 3}, 'team': {'id': 141, 'name': 'Toronto Blue Jays', 'link': '/api/v1/teams/141'}, 'player': {'id': 656546, 'fullName': 'Jeff Hoffman', 'link': '/api/v1/people/656546'}, 'league': {'id': 103, 'name': 'American League', 'link': '/api/v1/league/103'}, 'sport': {'id': 1, 'link': '/api/v1/sports/1', 'abbreviation': 'MLB'}, 'gameType': 'R'}, {'season': '2026', 'stat': {'age': 33, 'gamesPlayed': 20, 'gamesStarted': 0, 'groundOuts': 10, 'airOuts': 17, 'runs': 5, 'doubles': 5, 'triples': 0, 'homeRuns': 0, 'strikeOuts': 27, 'baseOnBalls': 12, 'intentionalWalks': 1, 'hits': 9, 'hitByPitch': 2, 'avg': '.148', 'atBats': 61, 'obp': '.303', 'slg': '.230', 'ops': '.533', 'caughtStealing': 0, 'stolenBases': 4, 'stolenBasePercentage': '1.000', 'caughtStealingPercentage': '.000', 'groundIntoDoublePlay': 0, 'numberOfPitches': 318, 'era': '2.50', 'inningsPitched': '18.0', 'wins': 0, 'losses': 1, 'saves': 1, 'saveOpportunities': 1, 'holds': 10, 'blownSaves': 0, 'earnedRuns': 5, 'whip': '1.17', 'battersFaced': 77, 'outs': 54, 'gamesPitched': 20, 'completeGames': 0, 'shutouts': 0, 'strikes': 194, 'strikePercentage': '.610', 'hitBatsmen': 2, 'balks': 0, 'wildPitches': 1, 'pickoffs': 0, 'totalBases': 14, 'groundOutsToAirouts': '0.59', 'winPercentage': '.000', 'pitchesPerInning': '17.67', 'gamesFinished': 6, 'strikeoutWalkRatio': '2.25', 'strikeoutsPer9Inn': '13.50', 'walksPer9Inn': '6.00', 'hitsPer9Inn': '4.50', 'runsScoredPer9': '2.50', 'homeRunsPer9': '0.00', 'inheritedRunners': 6, 'inheritedRunnersScored': 3, 'catchersInterference': 0, 'sacBunts': 1, 'sacFlies': 1}, 'team': {'id': 142, 'name': 'Minnesota Twins', 'link': '/api/v1/teams/142'}, 'player': {'id': 656546, 'fullName': 'Jeff Hoffman', 'link': '/api/v1/people/656546'}, 'league': {'id': 103, 'name': 'American League', 'link': '/api/v1/league/103'}, 'sport': {'id': 1, 'link': '/api/v1/sports/1', 'abbreviation': 'MLB'}, 'gameType': 'R'}]",season,pitching
[],"[{'season': '2026', 'stat': {'age': 28, 'gamesPlayed': 64, 'gamesStarted': 0, 'groundOuts': 64, 'airOuts': 48, 'runs': 38, 'doubles': 9, 'triples': 0, 'homeRuns': 7, 'strikeOuts': 62, 'baseOnBalls': 32, 'intentionalWalks': 2, 'hits': 57, 'hitByPitch': 3, 'avg': '.257', 'atBats': 222, 'obp': '.347', 'slg': '.392', 'ops': '.739', 'caughtStealing': 1, 'stolenBases': 15, 'stolenBasePercentage': '.938', 'caughtStealingPercentage': '.063', 'groundIntoDoublePlay': 2, 'numberOfPitches': 1007, 'era': '4.30', 'inningsPitched': '58.2', 'wins': 3, 'losses': 2, 'saves': 1, 'saveOpportunities': 6, 'holds': 8, 'blownSaves': 5, 'earnedRuns': 28, 'whip': '1.52', 'battersFaced': 266, 'outs': 176, 'gamesPitched': 64, 'completeGames': 0, 'shutouts': 0, 'strikes': 616, 'strikePercentage': '.610', 'hitBatsmen': 3, 'balks': 0, 'wildPitches': 3, 'pickoffs': 1, 'totalBases': 87, 'groundOutsToAirouts': '1.33', 'winPercentage': '.600', 'pitchesPerInning': '17.16', 'gamesFinished': 15, 'strikeoutWalkRatio': '1.94', 'strikeoutsPer9Inn': '9.51', 'walksPer9Inn': '4.91', 'hitsPer9Inn': '8.74', 'runsScoredPer9': '5.83', 'homeRunsPer9': '1.07', 'inheritedRunners': 18, 'inheritedRunnersScored': 8, 'catchersInterference': 0, 'sacBunts': 1, 'sacFlies': 8}, 'player': {'id': 666808, 'fullName': 'Camilo Doval', 'link': '/api/v1/people/666808'}, 'sport': {'id': 1, 'link': '/api/v1/sports/1', 'abbreviation': 'MLB'}, 'gameType': 'R', 'numTeams': 2, 'numLeagues': 2}, {'season': '2026', 'stat': {'age': 28, 'gamesPlayed': 20, 'gamesStarted': 0, 'groundOuts': 13, 'airOuts': 18, 'runs': 9, 'doubles': 3, 'triples': 0, 'homeRuns': 1, 'strikeOuts': 23, 'baseOnBalls': 14, 'intentionalWalks': 1, 'hits': 19, 'hitByPitch': 1, 'avg': '.271', 'atBats': 70, 'obp': '.391', 'slg': '.357', 'ops': '.748', 'caughtStealing': 1, 'stolenBases': 2, 'stolenBasePercentage': '.667', 'caughtStealingPercentage': '.333', 'groundIntoDoublePlay': 1, 'numberOfPitches': 332, 'era': '3.79', 'inningsPitched': '19.0', 'wins': 0, 'losses': 1, 'saves': 0, 'saveOpportunities': 1, 'holds': 4, 'blownSaves': 1, 'earnedRuns': 8, 'whip': '1.74', 'battersFaced': 88, 'outs': 57, 'gamesPitched': 20, 'completeGames': 0, 'shutouts': 0, 'strikes': 202, 'strikePercentage': '.610', 'hitBatsmen': 1, 'balks': 0, 'wildPitches': 1, 'pickoffs': 0, 'totalBases': 25, 'groundOutsToAirouts': '0.72', 'winPercentage': '.000', 'pitchesPerInning': '17.47', 'gamesFinished': 5, 'strikeoutWalkRatio': '1.64', 'strikeoutsPer9Inn': '10.89', 'walksPer9Inn': '6.63', 'hitsPer9Inn': '9.00', 'runsScoredPer9': '4.26', 'homeRunsPer9': '0.47', 'inheritedRunners': 0, 'inheritedRunnersScored': 0, 'catchersInterference': 0, 'sacBunts': 1, 'sacFlies': 2}, 'team': {'id': 134, 'name': 'Pittsburgh Pirates', 'link': '/api/v1/teams/134'}, 'player': {'id': 666808, 'fullName': 'Camilo Doval', 'link': '/api/v1/people/666808'}, 'league': {'id': 104, 'name': 'National League', 'link': '/api/v1/league/104'}, 'sport': {'id': 1, 'link': '/api/v1/sports/1', 'abbreviation': 'MLB'}, 'gameType': 'R'}, {'season': '2026', 'stat': {'age': 28, 'gamesPlayed': 44, 'gamesStarted': 0, 'groundOuts': 51, 'airOuts': 30, 'runs': 29, 'doubles': 6, 'triples': 0, 'homeRuns': 6, 'strikeOuts': 39, 'baseOnBalls': 18, 'intentionalWalks': 1, 'hits': 38, 'hitByPitch': 2, 'avg': '.250', 'atBats': 152, 'obp': '.326', 'slg': '.408', 'ops': '.734', 'caughtStealing': 0, 'stolenBases': 13, 'stolenBasePercentage': '1.000', 'caughtStealingPercentage': '.000', 'groundIntoDoublePlay': 1, 'numberOfPitches': 675, 'era': '4.54', 'inningsPitched': '39.2', 'wins': 3, 'losses': 1, 'saves': 1, 'saveOpportunities': 5, 'holds': 4, 'blownSaves': 4, 'earnedRuns': 20, 'whip': '1.41', 'battersFaced': 178, 'outs': 119, 'gamesPitched': 44, 'completeGames': 0, 'shutouts': 0, 'strikes': 414, 'strikePercentage': '.610', 'hitBatsmen': 2, 'balks': 0, 'wildPitches': 2, 'pickoffs': 1, 'totalBases': 62, 'groundOutsToAirouts': '1.70', 'winPercentage': '.750', 'pitchesPerInning': '17.02', 'gamesFinished': 10, 'strikeoutWalkRatio': '2.17', 'strikeoutsPer9Inn': '8.85', 'walksPer9Inn': '4.08', 'hitsPer9Inn': '8.62', 'runsScoredPer9': '6.58', 'homeRunsPer9': '1.36', 'inheritedRunners': 18, 'inheritedRunnersScored': 8, 'catchersInterference': 0, 'sacBunts': 0, 'sacFlies': 6}, 'team': {'id': 147, 'name': 'New York Yankees', 'link': '/api/v1/teams/147'}, 'player': {'id': 666808, 'fullName': 'Camilo Doval', 'link': '/api/v1/people/666808'}, 'league': {'id': 103, 'name': 'American League', 'link': '/api/v1/league/103'}, 'sport': {'id': 1, 'link': '/api/v1/sports/1', 'abbreviation': 'MLB'}, 'gameType': 'R'}]",season,pitching
[],"[{'season': '2026', 'stat': {'age': 26, 'gamesPlayed': 7, 'gamesStarted': 0, 'groundOuts': 9, 'airOuts': 13, 'runs': 23, 'doubles': 3, 'triples': 1, 'homeRuns': 4, 'strikeOuts': 12, 'baseOnBalls': 10, 'intentionalWalks': 0, 'hits': 21, 'hitByPitch': 1, 'avg': '.382', 'atBats': 55, 'obp': '.485', 'slg': '.691', 'ops': '1.176', 'caughtStealing': 0, 'stolenBases': 0, 'stolenBasePercentage': '.---', 'caughtStealingPercentage': '.---', 'groundIntoDoublePlay': 0, 'numberOfPitches': 248, 'era': '16.55', 'inningsPitched': '10.1', 'wins': 0, 'losses': 0, 'saves': 0, 'saveOpportunities': 0, 'holds': 0, 'blownSaves': 0, 'earnedRuns': 19, 'whip': '3.00', 'battersFaced': 66, 'outs': 31, 'gamesPitched': 7, 'completeGames': 0, 'shutouts': 0, 'strikes': 148, 'strikePercentage': '.600', 'hitBatsmen': 1, 'balks': 0, 'wildPitches': 1, 'pickoffs': 0, 'totalBases': 38, 'groundOutsToAirouts': '0.69', 'winPercentage': '.---', 'pitchesPerInning': '24.00', 'gamesFinished': 3, 'strikeoutWalkRatio': '1.20', 'strikeoutsPer9Inn': '10.45', 'walksPer9Inn': '8.71', 'hitsPer9Inn': '18.29', 'runsScoredPer9': '20.03', 'homeRunsPer9': '3.48', 'inheritedRunners': 5, 'inheritedRunnersScored': 3, 'catchersInterference': 0, 'sacBunts': 0, 'sacFlies': 0}, 'team': {'id': 133, 'name': 'Athletics', 'link': '/api/v1/teams/133'}, 'player': {'id': 814305, 'fullName': 'Yunior Tur', 'link': '/api/v1/people/814305'}, 'league': {'id': 103, 'name': 'American League', 'link': '/api/v1/league/103'}, 'sport': {'id': 1, 'link': '/api/v1/sports/1', 'abbreviation': 'MLB'}, 'gameType': 'R'}]",season,pitching
[],"[{'season': '2026', 'stat': {'age': 28, 'gamesPlayed': 71, 'gamesStarted': 0, 'groundOuts': 89, 'airOuts': 58, 'runs': 23, 'doubles': 9, 'triples': 1, 'homeRuns': 6, 'strikeOuts': 63, 'baseOnBalls': 11, 'intentionalWalks': 3, 'hits': 55, 'hitByPitch': 3, 'avg': '.209', 'atBats': 263, 'obp': '.248', 'slg': '.319', 'ops': '.567', 'caughtStealing': 3, 'stolenBases': 7, 'stolenBasePercentage': '.700', 'caughtStealingPercentage': '.300', 'groundIntoDoublePlay': 9, 'numberOfPitches': 987, 'era': '2.44', 'inningsPitched': '73.2', 'wins': 6, 'losses': 4, 'saves': 4, 'saveOpportunities': 7, 'holds': 33, 'blownSaves': 3, 'earnedRuns': 20, 'whip': '0.90', 'battersFaced': 279, 'outs': 221, 'gamesPitched': 71, 'completeGames': 0, 'shutouts': 0, 'strikes': 668, 'strikePercentage': '.680', 'hitBatsmen': 3, 'balks': 0, 'wildPitches': 1, 'pickoffs': 0, 'totalBases': 84, 'groundOutsToAirouts': '1.53', 'winPercentage': '.600', 'pitchesPerInning': '13.40', 'gamesFinished': 14, 'strikeoutWalkRatio': '5.73', 'strikeoutsPer9Inn': '7.70', 'walksPer9Inn': '1.34', 'hitsPer9Inn': '6.72', 'runsScoredPer9': '2.81', 'homeRunsPer9': '0.73', 'inheritedRunners': 49, 'inheritedRunnersScored': 11, 'catchersInterference': 0, 'sacBunts': 1, 'sacFlies': 1}, 'team': {'id': 139, 'name': 'Tampa Bay Rays', 'link': '/api/v1/teams/139'}, 'player': {'id': 687330, 'fullName': 'Kevin Kelly', 'link': '/api/v1/people/687330'}, 'league': {'id': 103, 'name': 'American League', 'link': '/api/v1/league/103'}, 'sport': {'id': 1, 'link': '/api/v1/sports/1', 'abbreviation': 'MLB'}, 'gameType': 'R'}]",season,pitching
[],"[{'season': '2026', 'stat': {'age': 23, 'gamesPlayed': 6, 'gamesStarted': 0, 'groundOuts': 6, 'airOuts': 13, 'runs': 14, 'doubles': 2, 'triples': 0, 'homeRuns': 5, 'strikeOuts': 13, 'baseOnBalls': 13, 'intentionalWalks': 0, 'hits': 15, 'hitByPitch': 0, 'avg': '.319', 'atBats': 47, 'obp': '.467', 'slg': '.681', 'ops': '1.148', 'caughtStealing': 0, 'stolenBases': 1, 'stolenBasePercentage': '1.000', 'caughtStealingPercentage': '.000', 'groundIntoDoublePlay': 1, 'numberOfPitches': 250, 'era': '11.45', 'inningsPitched': '11.0', 'wins': 0, 'losses': 0, 'saves': 0, 'saveOpportunities': 0, 'holds': 0, 'blownSaves': 0, 'earnedRuns': 14, 'whip': '2.55', 'battersFaced': 60, 'outs': 33, 'gamesPitched': 6, 'completeGames': 0, 'shutouts': 0, 'strikes': 153, 'strikePercentage': '.610', 'hitBatsmen': 0, 'balks': 0, 'wildPitches': 1, 'pickoffs': 0, 'totalBases': 32, 'groundOutsToAirouts': '0.46', 'winPercentage': '.---', 'pitchesPerInning': '22.73', 'gamesFinished': 0, 'strikeoutWalkRatio': '1.00', 'strikeoutsPer9Inn': '10.64', 'walksPer9Inn': '10.64', 'hitsPer9Inn': '12.27', 'runsScoredPer9': '11.45', 'homeRunsPer9': '4.09', 'inheritedRunners': 2, 'inheritedRunnersScored': 0, 'catchersInterference': 0, 'sacBunts': 0, 'sacFlies': 0}, 'team': {'id': 120, 'name': 'Washington Nationals', 'link': '/api/v1/teams/120'}, 'player': {'id': 691384, 'fullName': 'Luis Perales', 'link': '/api/v1/people/691384'}, 'league': {'id': 104, 'name': 'National League', 'link': '/api/v1/league/104'}, 'sport': {'id': 1, 'link': '/api/v1/sports/1', 'abbreviation': 'MLB'}, 'gameType': 'R'}]",season,pitching
[],"[{'season': '2026', 'stat': {'age': 24, 'gamesPlayed': 18, 'gamesStarted': 18, 'groundOuts': 64, 'airOuts': 113, 'runs': 28, 'doubles': 14, 'triples': 1, 'homeRuns': 14, 'strikeOuts': 110, 'baseOnBalls': 19, 'intentionalWalks': 0, 'hits': 64, 'hitByPitch': 1, 'avg': '.183', 'atBats': 350, 'obp': '.227', 'slg': '.349', 'ops': '.576', 'caughtStealing': 3, 'stolenBases': 2, 'stolenBasePercentage': '.400', 'caughtStealingPercentage': '.600', 'groundIntoDoublePlay': 5, 'numberOfPitches': 1505, 'era': '2.47', 'inningsPitched': '98.1', 'wins': 11, 'losses': 3, 'saves': 0, 'saveOpportunities': 0, 'holds': 0, 'blownSaves': 0, 'earnedRuns': 27, 'whip': '0.84', 'battersFaced': 371, 'outs': 295, 'gamesPitched': 18, 'completeGames': 0, 'shutouts': 0, 'strikes': 1028, 'strikePercentage': '.680', 'hitBatsmen': 1, 'balks': 0, 'wildPitches': 1, 'pickoffs': 0, 'totalBases': 122, 'groundOutsToAirouts': '0.57', 'winPercentage': '.786', 'pitchesPerInning': '15.31', 'gamesFinished': 0, 'strikeoutWalkRatio': '5.79', 'strikeoutsPer9Inn': '10.07', 'walksPer9Inn': '1.74', 'hitsPer9Inn': '5.86', 'runsScoredPer9': '2.56', 'homeRunsPer9': '1.28', 'inheritedRunners': 0, 'inheritedRunnersScored': 0, 'catchersInterference': 0, 'sacBunts': 1, 'sacFlies': 0}, 'team': {'id': 158, 'name': 'Milwaukee Brewers', 'link': '/api/v1/teams/158'}, 'player': {'id': 701656, 'fullName': 'Logan Henderson', 'link': '/api/v1/people/701656'}, 'league': {'id': 104, 'name': 'National League', 'link': '/api/v1/league/104'}, 'sport': {'id': 1, 'link': '/api/v1/sports/1', 'abbreviation': 'MLB'}, 'gameType': 'R'}]",season,pitching
[],"[{'season': '2026', 'stat': {'age': 34, 'gamesPlayed': 38, 'gamesStarted': 2, 'groundOuts': 54, 'airOuts': 84, 'runs': 33, 'doubles': 10, 'triples': 3, 'homeRuns': 3, 'strikeOuts': 49, 'baseOnBalls': 23, 'intentionalWalks': 1, 'hits': 54, 'hitByPitch': 4, 'avg': '.226', 'atBats': 239, 'obp': '.305', 'slg': '.331', 'ops': '.636', 'caughtStealing': 3, 'stolenBases': 4, 'stolenBasePercentage': '.571', 'caughtStealingPercentage': '.429', 'groundIntoDoublePlay': 3, 'numberOfPitches': 1061, 'era': '3.69', 'inningsPitched': '63.1', 'wins': 2, 'losses': 1, 'saves': 3, 'saveOpportunities': 3, 'holds': 2, 'blownSaves': 0, 'earnedRuns': 26, 'whip': '1.22', 'battersFaced': 268, 'outs': 190, 'gamesPitched': 38, 'completeGames': 0, 'shutouts': 0, 'strikes': 684, 'strikePercentage': '.640', 'hitBatsmen': 4, 'balks': 1, 'wildPitches': 1, 'pickoffs': 4, 'totalBases': 79, 'groundOutsToAirouts': '0.64', 'winPercentage': '.667', 'pitchesPerInning': '16.75', 'gamesFinished': 19, 'strikeoutWalkRatio': '2.13', 'strikeoutsPer9Inn': '6.96', 'walksPer9Inn': '3.27', 'hitsPer9Inn': '7.67', 'runsScoredPer9': '4.69', 'homeRunsPer9': '0.43', 'inheritedRunners': 18, 'inheritedRunnersScored': 6, 'catchersInterference': 0, 'sacBunts': 2, 'sacFlies': 0}, 'team': {'id': 147, 'name': 'New York Yankees', 'link': '/api/v1/teams/147'}, 'player': {'id': 642232, 'fullName': 'Ryan Yarbrough', 'link': '/api/v1/people/642232'}, 'league': {'id': 103, 'name': 'American League', 'link': '/api/v1/league/103'}, 'sport': {'id': 1, 'link': '/api/v1/sports/1', 'abbreviation': 'MLB'}, 'gameType': 'R'}]",season,pitching
[],"[{'season': '2026', 'stat': {'age': 33, 'gamesPlayed': 32, 'gamesStarted': 32, 'groundOuts': 156, 'airOuts': 170, 'runs': 90, 'doubles': 29, 'triples': 3, 'homeRuns': 36, 'strikeOuts': 177, 'baseOnBalls': 59, 'intentionalWalks': 2, 'hits': 173, 'hitByPitch': 2, 'avg': '.259', 'atBats': 669, 'obp': '.318', 'slg': '.472', 'ops': '.790', 'caughtStealing': 5, 'stolenBases': 10, 'stolenBasePercentage': '.667', 'caughtStealingPercentage': '.333', 'groundIntoDoublePlay': 12, 'numberOfPitches': 2925, 'era': '4.54', 'inningsPitched': '174.1', 'wins': 7, 'losses': 11, 'saves': 0, 'saveOpportunities': 0, 'holds': 0, 'blownSaves': 0, 'earnedRuns': 88, 'whip': '1.33', 'battersFaced': 737, 'outs': 523, 'gamesPitched': 32, 'completeGames': 0, 'shutouts': 0, 'strikes': 1860, 'strikePercentage': '.640', 'hitBatsmen': 2, 'balks': 0, 'wildPitches': 2, 'pickoffs': 2, 'totalBases': 316, 'groundOutsToAirouts': '0.92', 'winPercentage': '.389', 'pitchesPerInning': '16.78', 'gamesFinished': 0, 'strikeoutWalkRatio': '3.00', 'strikeoutsPer9Inn': '9.14', 'walksPer9Inn': '3.05', 'hitsPer9Inn': '8.93', 'runsScoredPer9': '4.65', 'homeRunsPer9': '1.86', 'inheritedRunners': 0, 'inheritedRunnersScored': 0, 'catchersInterference': 0, 'sacBunts': 2, 'sacFlies': 5}, 'team': {'id': 143, 'name': 'Philadelphia Phillies', 'link': '/api/v1/teams/143'}, 'player': {'id': 605400, 'fullName': 'Aaron Nola', 'link': '/api/v1/people/605400'}, 'league': {'id': 104, 'name': 'National League', 'link': '/api/v1/league/104'}, 'sport': {'id': 1, 'link': '/api/v1/sports/1', 'abbreviation': 'MLB'}, 'gameType': 'R'}]",season,pitching
[],"[{'season': '2026', 'stat': {'age': 33, 'gamesPlayed': 53, 'gamesStarted': 0, 'groundOuts': 53, 'airOuts': 115, 'runs': 37, 'doubles': 19, 'triples': 1, 'homeRuns': 11, 'strikeOuts': 70, 'baseOnBalls': 26, 'intentionalWalks': 4, 'hits': 69, 'hitByPitch': 1, 'avg': '.229', 'atBats': 301, 'obp': '.288', 'slg': '.409', 'ops': '.697', 'caughtStealing': 0, 'stolenBases': 5, 'stolenBasePercentage': '1.000', 'caughtStealingPercentage': '.000', 'groundIntoDoublePlay': 1, 'numberOfPitches': 1256, 'era': '3.73', 'inningsPitched': '79.2', 'wins': 0, 'losses': 1, 'saves': 1, 'saveOpportunities': 3, 'holds': 1, 'blownSaves': 2, 'earnedRuns': 33, 'whip': '1.19', 'battersFaced': 334, 'outs': 239, 'gamesPitched': 53, 'completeGames': 0, 'shutouts': 0, 'strikes': 816, 'strikePercentage': '.650', 'hitBatsmen': 1, 'balks': 0, 'wildPitches': 12, 'pickoffs': 0, 'totalBases': 123, 'groundOutsToAirouts': '0.46', 'winPercentage': '.000', 'pitchesPerInning': '15.77', 'gamesFinished': 27, 'strikeoutWalkRatio': '2.69', 'strikeoutsPer9Inn': '7.91', 'walksPer9Inn': '2.94', 'hitsPer9Inn': '7.79', 'runsScoredPer9': '4.18', 'homeRunsPer9': '1.24', 'inheritedRunners': 24, 'inheritedRunnersScored': 5, 'catchersInterference': 0, 'sacBunts': 1, 'sacFlies': 5}, 'player': {'id': 670950, 'fullName': 'Trevor Richards', 'link': '/api/v1/people/670950'}, 'sport': {'id': 1, 'link': '/api/v1/sports/1', 'abbreviation': 'MLB'}, 'gameType': 'R', 'numTeams': 2, 'numLeagues': 2}, {'season': '2026', 'stat': {'age': 33, 'gamesPlayed': 2, 'gamesStarted': 0, 'groundOuts': 2, 'airOuts': 5, 'runs': 1, 'doubles': 2, 'triples': 0, 'homeRuns': 0, 'strikeOuts': 5, 'baseOnBalls': 3, 'intentionalWalks': 0, 'hits': 4, 'hitByPitch': 0, 'avg': '.250', 'atBats': 16, 'obp': '.368', 'slg': '.375', 'ops': '.743', 'caughtStealing': 0, 'stolenBases': 0, 'stolenBasePercentage': '.---', 'caughtStealingPercentage': '.---', 'groundIntoDoublePlay': 0, 'numberOfPitches': 69, 'era': '2.08', 'inningsPitched': '4.1', 'wins': 0, 'losses': 0, 'saves': 0, 'saveOpportunities': 1, 'holds': 0, 'blownSaves': 1, 'earnedRuns': 1, 'whip': '1.62', 'battersFaced': 19, 'outs': 13, 'gamesPitched': 2, 'completeGames': 0, 'shutouts': 0, 'strikes': 47, 'strikePercentage': '.680', 'hitBatsmen': 0, 'balks': 0, 'wildPitches': 0, 'pickoffs': 0, 'totalBases': 6, 'groundOutsToAirouts': '0.40', 'winPercentage': '.---', 'pitchesPerInning': '15.92', 'gamesFinished': 1, 'strikeoutWalkRatio': '1.67', 'strikeoutsPer9Inn': '10.38', 'walksPer9Inn': '6.23', 'hitsPer9Inn': '8.31', 'runsScoredPer9': '2.08', 'homeRunsPer9': '0.00', 'inheritedRunners': 1, 'inheritedRunnersScored': 1, 'catchersInterference': 0, 'sacBunts': 0, 'sacFlies': 0}, 'team': {'id': 143, 'name': 'Philadelphia Phillies', 'link': '/api/v1/teams/143'}, 'player': {'id': 670950, 'fullName': 'Trevor Richards', 'link': '/api/v1/people/670950'}, 'league': {'id': 104, 'name': 'National League', 'link': '/api/v1/league/104'}, 'sport': {'id': 1, 'link': '/api/v1/sports/1', 'abbreviation': 'MLB'}, 'gameType': 'R'}, {'season': '2026', 'stat': {'age': 33, 'gamesPlayed': 51, 'gamesStarted': 0, 'groundOuts': 51, 'airOuts': 110, 'runs': 36, 'doubles': 17, 'triples': 1, 'homeRuns': 11, 'strikeOuts': 65, 'baseOnBalls': 23, 'intentionalWalks': 4, 'hits': 65, 'hitByPitch': 1, 'avg': '.228', 'atBats': 285, 'obp': '.283', 'slg': '.411', 'ops': '.694', 'caughtStealing': 0, 'stolenBases': 5, 'stolenBasePercentage': '1.000', 'caughtStealingPercentage': '.000', 'groundIntoDoublePlay': 1, 'numberOfPitches': 1187, 'era': '3.82', 'inningsPitched': '75.1', 'wins': 0, 'losses': 1, 'saves': 1, 'saveOpportunities': 2, 'holds': 1, 'blownSaves': 1, 'earnedRuns': 32, 'whip': '1.17', 'battersFaced': 315, 'outs': 226, 'gamesPitched': 51, 'completeGames': 0, 'shutouts': 0, 'strikes': 769, 'strikePercentage': '.650', 'hitBatsmen': 1, 'balks': 0, 'wildPitches': 12, 'pickoffs': 0, 'totalBases': 117, 'groundOutsToAirouts': '0.46', 'winPercentage': '.000', 'pitchesPerInning': '15.76', 'gamesFinished': 26, 'strikeoutWalkRatio': '2.83', 'strikeoutsPer9Inn': '7.77', 'walksPer9Inn': '2.75', 'hitsPer9Inn': '7.77', 'runsScoredPer9': '4.30', 'homeRunsPer9': '1.31', 'inheritedRunners': 23, 'inheritedRunnersScored': 4, 'catchersInterference': 0, 'sacBunts': 1, 'sacFlies': 5}, 'team': {'id': 145, 'name': 'Chicago White Sox', 'link': '/api/v1/teams/145'}, 'player': {'id': 670950, 'fullName': 'Trevor Richards', 'link': '/api/v1/people/670950'}, 'league': {'id': 103, 'name': 'American League', 'link': '/api/v1/league/103'}, 'sport': {'id': 1, 'link': '/api/v1/sports/1', 'abbreviation': 'MLB'}, 'gameType': 'R'}]",season,pitching
[],"[{'season': '2026', 'stat': {'age': 24, 'gamesPlayed': 34, 'gamesStarted': 0, 'groundOuts': 29, 'airOuts': 31, 'runs': 23, 'doubles': 7, 'triples': 1, 'homeRuns': 6, 'strikeOuts': 44, 'baseOnBalls': 12, 'intentionalWalks': 0, 'hits': 34, 'hitByPitch': 2, 'avg': '.248', 'atBats': 137, 'obp': '.316', 'slg': '.445', 'ops': '.761', 'caughtStealing': 0, 'stolenBases': 4, 'stolenBasePercentage': '1.000', 'caughtStealingPercentage': '.000', 'groundIntoDoublePlay': 5, 'numberOfPitches': 599, 'era': '4.42', 'inningsPitched': '36.2', 'wins': 5, 'losses': 4, 'saves': 0, 'saveOpportunities': 2, 'holds': 1, 'blownSaves': 2, 'earnedRuns': 18, 'whip': '1.25', 'battersFaced': 152, 'outs': 110, 'gamesPitched': 34, 'completeGames': 0, 'shutouts': 0, 'strikes': 389, 'strikePercentage': '.650', 'hitBatsmen': 2, 'balks': 0, 'wildPitches': 1, 'pickoffs': 0, 'totalBases': 61, 'groundOutsToAirouts': '0.94', 'winPercentage': '.556', 'pitchesPerInning': '16.34', 'gamesFinished': 6, 'strikeoutWalkRatio': '3.67', 'strikeoutsPer9Inn': '10.80', 'walksPer9Inn': '2.95', 'hitsPer9Inn': '8.35', 'runsScoredPer9': '5.65', 'homeRunsPer9': '1.47', 'inheritedRunners': 13, 'inheritedRunnersScored': 6, 'catchersInterference': 0, 'sacBunts': 0, 'sacFlies': 1}, 'team': {'id': 138, 'name': 'St. Louis Cardinals', 'link': '/api/v1/teams/138'}, 'player': {'id': 703725, 'fullName': 'Luis Gastelum', 'link': '/api/v1/people/703725'}, 'league': {'id': 104, 'name': 'National League', 'link': '/api/v1/league/104'}, 'sport': {'id': 1, 'link': '/api/v1/sports/1', 'abbreviation': 'MLB'}, 'gameType': 'R'}]",season,pitching
[],"[{'season': '2026', 'stat': {'age': 27, 'gamesPlayed': 31, 'gamesStarted': 22, 'groundOuts': 131, 'airOuts': 170, 'runs': 64, 'doubles': 30, 'triples': 4, 'homeRuns': 16, 'strikeOuts': 85, 'baseOnBalls': 37, 'intentionalWalks': 1, 'hits': 138, 'hitByPitch': 5, 'avg': '.267', 'atBats': 517, 'obp': '.319', 'slg': '.433', 'ops': '.752', 'caughtStealing': 5, 'stolenBases': 12, 'stolenBasePercentage': '.706', 'caughtStealingPercentage': '.294', 'groundIntoDoublePlay': 11, 'numberOfPitches': 2158, 'era': '4.01', 'inningsPitched': '134.2', 'wins': 10, 'losses': 6, 'saves': 0, 'saveOpportunities': 0, 'holds': 2, 'blownSaves': 0, 'earnedRuns': 60, 'whip': '1.30', 'battersFaced': 566, 'outs': 404, 'gamesPitched': 31, 'completeGames': 0, 'shutouts': 0, 'strikes': 1419, 'strikePercentage': '.660', 'hitBatsmen': 5, 'balks': 1, 'wildPitches': 1, 'pickoffs': 0, 'totalBases': 224, 'groundOutsToAirouts': '0.77', 'winPercentage': '.625', 'pitchesPerInning': '16.02', 'gamesFinished': 3, 'strikeoutWalkRatio': '2.30', 'strikeoutsPer9Inn': '5.68', 'walksPer9Inn': '2.47', 'hitsPer9Inn': '9.22', 'runsScoredPer9': '4.28', 'homeRunsPer9': '1.07', 'inheritedRunners': 8, 'inheritedRunnersScored': 7, 'catchersInterference': 0, 'sacBunts': 1, 'sacFlies': 6}, 'team': {'id': 135, 'name': 'San Diego Padres', 'link': '/api/v1/teams/135'}, 'player': {'id': 681190, 'fullName': 'Randy Vásquez', 'link': '/api/v1/people/681190'}, 'league': {'id': 104, 'name': 'National League', 'link': '/api/v1/league/104'}, 'sport': {'id': 1, 'link': '/api/v1/sports/1', 'abbreviation': 'MLB'}, 'gameType': 'R'}]",season,pitching
[],"[{'season': '2026', 'stat': {'age': 27, 'gamesPlayed': 75, 'gamesStarted': 0, 'groundOuts': 92, 'airOuts': 54, 'runs': 32, 'doubles': 9, 'triples': 0, 'homeRuns': 4, 'strikeOuts': 105, 'baseOnBalls': 27, 'intentionalWalks': 7, 'hits': 65, 'hitByPitch': 5, 'avg': '.207', 'atBats': 314, 'obp': '.279', 'slg': '.274', 'ops': '.553', 'caughtStealing': 4, 'stolenBases': 14, 'stolenBasePercentage': '.778', 'caughtStealingPercentage': '.222', 'groundIntoDoublePlay': 6, 'numberOfPitches': 1302, 'era': '2.86', 'inningsPitched': '85.0', 'wins': 9, 'losses': 3, 'saves': 3, 'saveOpportunities': 8, 'holds': 28, 'blownSaves': 5, 'earnedRuns': 27, 'whip': '1.08', 'battersFaced': 348, 'outs': 255, 'gamesPitched': 75, 'completeGames': 0, 'shutouts': 0, 'strikes': 888, 'strikePercentage': '.680', 'hitBatsmen': 5, 'balks': 1, 'wildPitches': 2, 'pickoffs': 1, 'totalBases': 86, 'groundOutsToAirouts': '1.70', 'winPercentage': '.750', 'pitchesPerInning': '15.32', 'gamesFinished': 9, 'strikeoutWalkRatio': '3.89', 'strikeoutsPer9Inn': '11.12', 'walksPer9Inn': '2.86', 'hitsPer9Inn': '6.88', 'runsScoredPer9': '3.39', 'homeRunsPer9': '0.42', 'inheritedRunners': 39, 'inheritedRunnersScored': 10, 'catchersInterference': 0, 'sacBunts': 0, 'sacFlies': 2}, 'team': {'id': 135, 'name': 'San Diego Padres', 'link': '/api/v1/teams/135'}, 'player': {'id': 670970, 'fullName': 'Adrian Morejon', 'link': '/api/v1/people/670970'}, 'league': {'id': 104, 'name': 'National League', 'link': '/api/v1/league/104'}, 'sport': {'id': 1, 'link': '/api/v1/sports/1', 'abbreviation': 'MLB'}, 'gameType': 'R'}]",season,pitching
[],"[{'season': '2026', 'stat': {'age': 26, 'gamesPlayed': 32, 'gamesStarted': 32, 'groundOuts': 145, 'airOuts': 142, 'runs': 81, 'doubles': 26, 'triples': 1, 'homeRuns': 28, 'strikeOuts': 248, 'baseOnBalls': 61, 'intentionalWalks': 0, 'hits': 144, 'hitByPitch': 6, 'avg': '.213', 'atBats': 675, 'obp': '.284', 'slg': '.379', 'ops': '.663', 'caughtStealing': 6, 'stolenBases': 14, 'stolenBasePercentage': '.700', 'caughtStealingPercentage': '.300', 'groundIntoDoublePlay': 8, 'numberOfPitches': 2991, 'era': '3.76', 'inningsPitched': '184.1', 'wins': 14, 'losses': 8, 'saves': 0, 'saveOpportunities': 0, 'holds': 0, 'blownSaves': 0, 'earnedRuns': 77, 'whip': '1.11', 'battersFaced': 746, 'outs': 553, 'gamesPitched': 32, 'completeGames': 0, 'shutouts': 0, 'strikes': 1988, 'strikePercentage': '.660', 'hitBatsmen': 6, 'balks': 0, 'wildPitches': 9, 'pickoffs': 5, 'totalBases': 256, 'groundOutsToAirouts': '1.02', 'winPercentage': '.636', 'pitchesPerInning': '16.23', 'gamesFinished': 0, 'strikeoutWalkRatio': '4.07', 'strikeoutsPer9Inn': '12.11', 'walksPer9Inn': '2.98', 'hitsPer9Inn': '7.03', 'runsScoredPer9': '3.95', 'homeRunsPer9': '1.37', 'inheritedRunners': 0, 'inheritedRunnersScored': 0, 'catchersInterference': 0, 'sacBunts': 4, 'sacFlies': 0}, 'team': {'id': 114, 'name': 'Cleveland Guardians', 'link': '/api/v1/teams/114'}, 'player': {'id': 668909, 'fullName': 'Gavin Williams', 'link': '/api/v1/people/668909'}, 'league': {'id': 103, 'name': 'American League', 'link': '/api/v1/league/103'}, 'sport': {'id': 1, 'link': '/api/v1/sports/1', 'abbreviation': 'MLB'}, 'gameType': 'R'}]",season,pitching
[],"[{'season': '2026', 'stat': {'age': 28, 'gamesPlayed': 24, 'gamesStarted': 12, 'groundOuts': 81, 'airOuts': 133, 'runs': 79, 'doubles': 36, 'triples': 5, 'homeRuns': 21, 'strikeOuts': 85, 'baseOnBalls': 24, 'intentionalWalks': 2, 'hits': 148, 'hitByPitch': 2, 'avg': '.336', 'atBats': 440, 'obp': '.370', 'slg': '.584', 'ops': '.954', 'caughtStealing': 1, 'stolenBases': 4, 'stolenBasePercentage': '.800', 'caughtStealingPercentage': '.200', 'groundIntoDoublePlay': 9, 'numberOfPitches': 1692, 'era': '6.68', 'inningsPitched': '103.2', 'wins': 1, 'losses': 6, 'saves': 0, 'saveOpportunities': 0, 'holds': 0, 'blownSaves': 0, 'earnedRuns': 77, 'whip': '1.66', 'battersFaced': 473, 'outs': 311, 'gamesPitched': 24, 'completeGames': 0, 'shutouts': 0, 'strikes': 1147, 'strikePercentage': '.680', 'hitBatsmen': 2, 'balks': 2, 'wildPitches': 1, 'pickoffs': 1, 'totalBases': 257, 'groundOutsToAirouts': '0.61', 'winPercentage': '.143', 'pitchesPerInning': '16.32', 'gamesFinished': 8, 'strikeoutWalkRatio': '3.54', 'strikeoutsPer9Inn': '7.38', 'walksPer9Inn': '2.08', 'hitsPer9Inn': '12.85', 'runsScoredPer9': '6.86', 'homeRunsPer9': '1.82', 'inheritedRunners': 8, 'inheritedRunnersScored': 1, 'catchersInterference': 0, 'sacBunts': 3, 'sacFlies': 4}, 'team': {'id': 115, 'name': 'Colorado Rockies', 'link': '/api/v1/teams/115'}, 'player': {'id': 685299, 'fullName': 'Tanner Gordon', 'link': '/api/v1/people/685299'}, 'league': {'id': 104, 'name': 'National League', 'link': '/api/v1/league/104'}, 'sport': {'id': 1, 'link': '/api/v1/sports/1', 'abbreviation': 'MLB'}, 'gameType': 'R'}]",season,pitching
[],"[{'season': '2026', 'stat': {'age': 28, 'gamesPlayed': 34, 'gamesStarted': 0, 'groundOuts': 34, 'airOuts': 23, 'runs': 17, 'doubles': 5, 'triples': 1, 'homeRuns': 2, 'strikeOuts': 39, 'baseOnBalls': 24, 'intentionalWalks': 2, 'hits': 26, 'hitByPitch': 1, 'avg': '.213', 'atBats': 122, 'obp': '.347', 'slg': '.320', 'ops': '.667', 'caughtStealing': 1, 'stolenBases': 0, 'stolenBasePercentage': '.000', 'caughtStealingPercentage': '1.000', 'groundIntoDoublePlay': 5, 'numberOfPitches': 601, 'era': '4.19', 'inningsPitched': '34.1', 'wins': 1, 'losses': 1, 'saves': 1, 'saveOpportunities': 3, 'holds': 11, 'blownSaves': 2, 'earnedRuns': 16, 'whip': '1.46', 'battersFaced': 147, 'outs': 103, 'gamesPitched': 34, 'completeGames': 0, 'shutouts': 0, 'strikes': 372, 'strikePercentage': '.620', 'hitBatsmen': 1, 'balks': 0, 'wildPitches': 3, 'pickoffs': 0, 'totalBases': 39, 'groundOutsToAirouts': '1.48', 'winPercentage': '.500', 'pitchesPerInning': '17.50', 'gamesFinished': 8, 'strikeoutWalkRatio': '1.63', 'strikeoutsPer9Inn': '10.22', 'walksPer9Inn': '6.29', 'hitsPer9Inn': '6.82', 'runsScoredPer9': '4.46', 'homeRunsPer9': '0.52', 'inheritedRunners': 5, 'inheritedRunnersScored': 0, 'catchersInterference': 0, 'sacBunts': 0, 'sacFlies': 0}, 'team': {'id': 113, 'name': 'Cincinnati Reds', 'link': '/api/v1/teams/113'}, 'player': {'id': 668933, 'fullName': 'Graham Ashcraft', 'link': '/api/v1/people/668933'}, 'league': {'id': 104, 'name': 'National League', 'link': '/api/v1/league/104'}, 'sport': {'id': 1, 'link': '/api/v1/sports/1', 'abbreviation': 'MLB'}, 'gameType': 'R'}]",season,pitching
[],"[{'season': '2026', 'stat': {'age': 23, 'gamesPlayed': 9, 'gamesStarted': 9, 'groundOuts': 48, 'airOuts': 36, 'runs': 21, 'doubles': 9, 'triples': 1, 'homeRuns': 7, 'strikeOuts': 51, 'baseOnBalls': 16, 'intentionalWalks': 0, 'hits': 38, 'hitByPitch': 4, 'avg': '.222', 'atBats': 171, 'obp': '.301', 'slg': '.409', 'ops': '.710', 'caughtStealing': 1, 'stolenBases': 3, 'stolenBasePercentage': '.750', 'caughtStealingPercentage': '.250', 'groundIntoDoublePlay': 4, 'numberOfPitches': 771, 'era': '3.91', 'inningsPitched': '46.0', 'wins': 3, 'losses': 3, 'saves': 0, 'saveOpportunities': 0, 'holds': 0, 'blownSaves': 0, 'earnedRuns': 20, 'whip': '1.17', 'battersFaced': 193, 'outs': 138, 'gamesPitched': 9, 'completeGames': 0, 'shutouts': 0, 'strikes': 485, 'strikePercentage': '.630', 'hitBatsmen': 4, 'balks': 0, 'wildPitches': 0, 'pickoffs': 0, 'totalBases': 70, 'groundOutsToAirouts': '1.33', 'winPercentage': '.500', 'pitchesPerInning': '16.76', 'gamesFinished': 0, 'strikeoutWalkRatio': '3.19', 'strikeoutsPer9Inn': '9.98', 'walksPer9Inn': '3.13', 'hitsPer9Inn': '7.43', 'runsScoredPer9': '4.11', 'homeRunsPer9': '1.37', 'inheritedRunners': 0, 'inheritedRunnersScored': 0, 'catchersInterference': 0, 'sacBunts': 0, 'sacFlies': 2}, 'team': {'id': 116, 'name': 'Detroit Tigers', 'link': '/api/v1/teams/116'}, 'player': {'id': 695549, 'fullName': 'Jackson Jobe', 'link': '/api/v1/people/695549'}, 'league': {'id': 103, 'name': 'American League', 'link': '/api/v1/league/103'}, 'sport': {'id': 1, 'link': '/api/v1/sports/1', 'abbreviation': 'MLB'}, 'gameType': 'R'}]",season,pitching
[],"[{'season': '2026', 'stat': {'age': 30, 'gamesPlayed': 58, 'gamesStarted': 0, 'groundOuts': 61, 'airOuts': 49, 'runs': 43, 'doubles': 11, 'triples': 2, 'homeRuns': 11, 'strikeOuts': 60, 'baseOnBalls': 32, 'intentionalWalks': 0, 'hits': 62, 'hitByPitch': 6, 'avg': '.268', 'atBats': 231, 'obp': '.370', 'slg': '.476', 'ops': '.846', 'caughtStealing': 2, 'stolenBases': 9, 'stolenBasePercentage': '.818', 'caughtStealingPercentage': '.182', 'groundIntoDoublePlay': 3, 'numberOfPitches': 1106, 'era': '6.18', 'inningsPitched': '59.2', 'wins': 2, 'losses': 7, 'saves': 10, 'saveOpportunities': 13, 'holds': 3, 'blownSaves': 3, 'earnedRuns': 41, 'whip': '1.58', 'battersFaced': 270, 'outs': 179, 'gamesPitched': 58, 'completeGames': 0, 'shutouts': 0, 'strikes': 680, 'strikePercentage': '.610', 'hitBatsmen': 6, 'balks': 0, 'wildPitches': 6, 'pickoffs': 1, 'totalBases': 110, 'groundOutsToAirouts': '1.24', 'winPercentage': '.222', 'pitchesPerInning': '18.54', 'gamesFinished': 28, 'strikeoutWalkRatio': '1.88', 'strikeoutsPer9Inn': '9.05', 'walksPer9Inn': '4.83', 'hitsPer9Inn': '9.35', 'runsScoredPer9': '6.49', 'homeRunsPer9': '1.66', 'inheritedRunners': 11, 'inheritedRunnersScored': 4, 'catchersInterference': 0, 'sacBunts': 0, 'sacFlies': 1}, 'team': {'id': 118, 'name': 'Kansas City Royals', 'link': '/api/v1/teams/118'}, 'player': {'id': 656638, 'fullName': 'Alex Lange', 'link': '/api/v1/people/656638'}, 'league': {'id': 103, 'name': 'American League', 'link': '/api/v1/league/103'}, 'sport': {'id': 1, 'link': '/api/v1/sports/1', 'abbreviation': 'MLB'}, 'gameType': 'R'}]",season,pitching
[],"[{'season': '2026', 'stat': {'age': 33, 'gamesPlayed': 37, 'gamesStarted': 0, 'groundOuts': 20, 'airOuts': 43, 'runs': 19, 'doubles': 4, 'triples': 2, 'homeRuns': 3, 'strikeOuts': 37, 'baseOnBalls': 18, 'intentionalWalks': 1, 'hits': 28, 'hitByPitch': 1, 'avg': '.222', 'atBats': 126, 'obp': '.320', 'slg': '.357', 'ops': '.677', 'caughtStealing': 0, 'stolenBases': 11, 'stolenBasePercentage': '1.000', 'caughtStealingPercentage': '.000', 'groundIntoDoublePlay': 0, 'numberOfPitches': 625, 'era': '4.96', 'inningsPitched': '32.2', 'wins': 0, 'losses': 4, 'saves': 15, 'saveOpportunities': 20, 'holds': 1, 'blownSaves': 5, 'earnedRuns': 18, 'whip': '1.41', 'battersFaced': 147, 'outs': 98, 'gamesPitched': 37, 'completeGames': 0, 'shutouts': 0, 'strikes': 400, 'strikePercentage': '.640', 'hitBatsmen': 1, 'balks': 0, 'wildPitches': 2, 'pickoffs': 0, 'totalBases': 45, 'groundOutsToAirouts': '0.47', 'winPercentage': '.000', 'pitchesPerInning': '19.13', 'gamesFinished': 32, 'strikeoutWalkRatio': '2.06', 'strikeoutsPer9Inn': '10.19', 'walksPer9Inn': '4.96', 'hitsPer9Inn': '7.71', 'runsScoredPer9': '5.23', 'homeRunsPer9': '0.83', 'inheritedRunners': 8, 'inheritedRunnersScored': 3, 'catchersInterference': 0, 'sacBunts': 0, 'sacFlies': 2}, 'player': {'id': 605447, 'fullName': 'Jordan Romano', 'link': '/api/v1/people/605447'}, 'sport': {'id': 1, 'link': '/api/v1/sports/1', 'abbreviation': 'MLB'}, 'gameType': 'R', 'numTeams': 2, 'numLeagues': 2}, {'season': '2026', 'stat': {'age': 33, 'gamesPlayed': 11, 'gamesStarted': 0, 'groundOuts': 3, 'airOuts': 9, 'runs': 9, 'doubles': 4, 'triples': 0, 'homeRuns': 1, 'strikeOuts': 12, 'baseOnBalls': 6, 'intentionalWalks': 0, 'hits': 11, 'hitByPitch': 1, 'avg': '.314', 'atBats': 35, 'obp': '.429', 'slg': '.514', 'ops': '.943', 'caughtStealing': 0, 'stolenBases': 2, 'stolenBasePercentage': '1.000', 'caughtStealingPercentage': '.000', 'groundIntoDoublePlay': 0, 'numberOfPitches': 192, 'era': '10.13', 'inningsPitched': '8.0', 'wins': 0, 'losses': 2, 'saves': 4, 'saveOpportunities': 6, 'holds': 0, 'blownSaves': 2, 'earnedRuns': 9, 'whip': '2.13', 'battersFaced': 42, 'outs': 24, 'gamesPitched': 11, 'completeGames': 0, 'shutouts': 0, 'strikes': 117, 'strikePercentage': '.610', 'hitBatsmen': 1, 'balks': 0, 'wildPitches': 1, 'pickoffs': 0, 'totalBases': 18, 'groundOutsToAirouts': '0.33', 'winPercentage': '.000', 'pitchesPerInning': '24.00', 'gamesFinished': 9, 'strikeoutWalkRatio': '2.00', 'strikeoutsPer9Inn': '13.50', 'walksPer9Inn': '6.75', 'hitsPer9Inn': '12.38', 'runsScoredPer9': '10.13', 'homeRunsPer9': '1.13', 'inheritedRunners': 2, 'inheritedRunnersScored': 0, 'catchersInterference': 0, 'sacBunts': 0, 'sacFlies': 0}, 'team': {'id': 108, 'name': 'Los Angeles Angels', 'link': '/api/v1/teams/108'}, 'player': {'id': 605447, 'fullName': 'Jordan Romano', 'link': '/api/v1/people/605447'}, 'league': {'id': 103, 'name': 'American League', 'link': '/api/v1/league/103'}, 'sport': {'id': 1, 'link': '/api/v1/sports/1', 'abbreviation': 'MLB'}, 'gameType': 'R'}, {'season': '2026', 'stat': {'age': 33, 'gamesPlayed': 26, 'gamesStarted': 0, 'groundOuts': 17, 'airOuts': 34, 'runs': 10, 'doubles': 0, 'triples': 2, 'homeRuns': 2, 'strikeOuts': 25, 'baseOnBalls': 12, 'intentionalWalks': 1, 'hits': 17, 'hitByPitch': 0, 'avg': '.187', 'atBats': 91, 'obp': '.276', 'slg': '.297', 'ops': '.573', 'caughtStealing': 0, 'stolenBases': 9, 'stolenBasePercentage': '1.000', 'caughtStealingPercentage': '.000', 'groundIntoDoublePlay': 0, 'numberOfPitches': 433, 'era': '3.28', 'inningsPitched': '24.2', 'wins': 0, 'losses': 2, 'saves': 11, 'saveOpportunities': 14, 'holds': 1, 'blownSaves': 3, 'earnedRuns': 9, 'whip': '1.18', 'battersFaced': 105, 'outs': 74, 'gamesPitched': 26, 'completeGames': 0, 'shutouts': 0, 'strikes': 283, 'strikePercentage': '.650', 'hitBatsmen': 0, 'balks': 0, 'wildPitches': 1, 'pickoffs': 0, 'totalBases': 27, 'groundOutsToAirouts': '0.50', 'winPercentage': '.000', 'pitchesPerInning': '17.55', 'gamesFinished': 23, 'strikeoutWalkRatio': '2.08', 'strikeoutsPer9Inn': '9.12', 'walksPer9Inn': '4.38', 'hitsPer9Inn': '6.20', 'runsScoredPer9': '3.65', 'homeRunsPer9': '0.73', 'inheritedRunners': 6, 'inheritedRunnersScored': 3, 'catchersInterference': 0, 'sacBunts': 0, 'sacFlies': 2}, 'team': {'id': 115, 'name': 'Colorado Rockies', 'link': '/api/v1/teams/115'}, 'player': {'id': 605447, 'fullName': 'Jordan Romano', 'link': '/api/v1/people/605447'}, 'league': {'id': 104, 'name': 'National League', 'link': '/api/v1/league/104'}, 'sport': {'id': 1, 'link': '/api/v1/sports/1', 'abbreviation': 'MLB'}, 'gameType': 'R'}]",season,pitching
[],"[{'season': '2026', 'stat': {'age': 26, 'gamesPlayed': 72, 'gamesStarted': 0, 'groundOuts': 45, 'airOuts': 57, 'runs': 24, 'doubles': 8, 'triples': 2, 'homeRuns': 5, 'strikeOuts': 73, 'baseOnBalls': 35, 'intentionalWalks': 4, 'hits': 53, 'hitByPitch': 4, 'avg': '.237', 'atBats': 224, 'obp': '.347', 'slg': '.357', 'ops': '.704', 'caughtStealing': 1, 'stolenBases': 13, 'stolenBasePercentage': '.929', 'caughtStealingPercentage': '.071', 'groundIntoDoublePlay': 3, 'numberOfPitches': 1078, 'era': '3.32', 'inningsPitched': '59.2', 'wins': 3, 'losses': 3, 'saves': 0, 'saveOpportunities': 4, 'holds': 18, 'blownSaves': 4, 'earnedRuns': 22, 'whip': '1.47', 'battersFaced': 267, 'outs': 179, 'gamesPitched': 72, 'completeGames': 0, 'shutouts': 0, 'strikes': 670, 'strikePercentage': '.620', 'hitBatsmen': 4, 'balks': 0, 'wildPitches': 5, 'pickoffs': 0, 'totalBases': 80, 'groundOutsToAirouts': '0.79', 'winPercentage': '.500', 'pitchesPerInning': '18.07', 'gamesFinished': 11, 'strikeoutWalkRatio': '2.09', 'strikeoutsPer9Inn': '11.01', 'walksPer9Inn': '5.28', 'hitsPer9Inn': '7.99', 'runsScoredPer9': '3.62', 'homeRunsPer9': '0.75', 'inheritedRunners': 50, 'inheritedRunnersScored': 21, 'catchersInterference': 0, 'sacBunts': 2, 'sacFlies': 2}, 'player': {'id': 681217, 'fullName': 'Chase Silseth', 'link': '/api/v1/people/681217'}, 'league': {'id': 103, 'name': 'American League', 'link': '/api/v1/league/103'}, 'sport': {'id': 1, 'link': '/api/v1/sports/1', 'abbreviation': 'MLB'}, 'gameType': 'R', 'numTeams': 2}, {'season': '2026', 'stat': {'age': 26, 'gamesPlayed': 47, 'gamesStarted': 0, 'groundOuts': 29, 'airOuts': 40, 'runs': 14, 'doubles': 4, 'triples': 1, 'homeRuns': 3, 'strikeOuts': 48, 'baseOnBalls': 22, 'intentionalWalks': 1, 'hits': 34, 'hitByPitch': 1, 'avg': '.230', 'atBats': 148, 'obp': '.329', 'slg': '.331', 'ops': '.660', 'caughtStealing': 0, 'stolenBases': 10, 'stolenBasePercentage': '1.000', 'caughtStealingPercentage': '.000', 'groundIntoDoublePlay': 2, 'numberOfPitches': 729, 'era': '2.72', 'inningsPitched': '39.2', 'wins': 3, 'losses': 2, 'saves': 0, 'saveOpportunities': 3, 'holds': 9, 'blownSaves': 3, 'earnedRuns': 12, 'whip': '1.41', 'battersFaced': 174, 'outs': 119, 'gamesPitched': 47, 'completeGames': 0, 'shutouts': 0, 'strikes': 453, 'strikePercentage': '.620', 'hitBatsmen': 1, 'balks': 0, 'wildPitches': 5, 'pickoffs': 0, 'totalBases': 49, 'groundOutsToAirouts': '0.73', 'winPercentage': '.600', 'pitchesPerInning': '18.38', 'gamesFinished': 8, 'strikeoutWalkRatio': '2.18', 'strikeoutsPer9Inn': '10.89', 'walksPer9Inn': '4.99', 'hitsPer9Inn': '7.71', 'runsScoredPer9': '3.18', 'homeRunsPer9': '0.68', 'inheritedRunners': 40, 'inheritedRunnersScored': 18, 'catchersInterference': 0, 'sacBunts': 1, 'sacFlies': 2}, 'team': {'id': 108, 'name': 'Los Angeles Angels', 'link': '/api/v1/teams/108'}, 'player': {'id': 681217, 'fullName': 'Chase Silseth', 'link': '/api/v1/people/681217'}, 'league': {'id': 103, 'name': 'American League', 'link': '/api/v1/league/103'}, 'sport': {'id': 1, 'link': '/api/v1/sports/1', 'abbreviation': 'MLB'}, 'gameType': 'R'}, {'season': '2026', 'stat': {'age': 26, 'gamesPlayed': 25, 'gamesStarted': 0, 'groundOuts': 16, 'airOuts': 17, 'runs': 10, 'doubles': 4, 'triples': 1, 'homeRuns': 2, 'strikeOuts': 25, 'baseOnBalls': 13, 'intentionalWalks': 3, 'hits': 19, 'hitByPitch': 3, 'avg': '.250', 'atBats': 76, 'obp': '.380', 'slg': '.408', 'ops': '.788', 'caughtStealing': 1, 'stolenBases': 3, 'stolenBasePercentage': '.750', 'caughtStealingPercentage': '.250', 'groundIntoDoublePlay': 1, 'numberOfPitches': 349, 'era': '4.50', 'inningsPitched': '20.0', 'wins': 0, 'losses': 1, 'saves': 0, 'saveOpportunities': 1, 'holds': 9, 'blownSaves': 1, 'earnedRuns': 10, 'whip': '1.60', 'battersFaced': 93, 'outs': 60, 'gamesPitched': 25, 'completeGames': 0, 'shutouts': 0, 'strikes': 217, 'strikePercentage': '.620', 'hitBatsmen': 3, 'balks': 0, 'wildPitches': 0, 'pickoffs': 0, 'totalBases': 31, 'groundOutsToAirouts': '0.94', 'winPercentage': '.000', 'pitchesPerInning': '17.45', 'gamesFinished': 3, 'strikeoutWalkRatio': '1.92', 'strikeoutsPer9Inn': '11.25', 'walksPer9Inn': '5.85', 'hitsPer9Inn': '8.55', 'runsScoredPer9': '4.50', 'homeRunsPer9': '0.90', 'inheritedRunners': 10, 'inheritedRunnersScored': 3, 'catchersInterference': 0, 'sacBunts': 1, 'sacFlies': 0}, 'team': {'id': 140, 'name': 'Texas Rangers', 'link': '/api/v1/teams/140'}, 'player': {'id': 681217, 'fullName': 'Chase Silseth', 'link': '/api/v1/people/681217'}, 'league': {'id': 103, 'name': 'American League', 'link': '/api/v1/league/103'}, 'sport': {'id': 1, 'link': '/api/v1/sports/1', 'abbreviation': 'MLB'}, 'gameType': 'R'}]",season,pitching
[],"[{'season': '2026', 'stat': {'age': 30, 'gamesPlayed': 57, 'gamesStarted': 1, 'groundOuts': 55, 'airOuts': 75, 'runs': 19, 'doubles': 14, 'triples': 0, 'homeRuns': 6, 'strikeOuts': 80, 'baseOnBalls': 23, 'intentionalWalks': 7, 'hits': 35, 'hitByPitch': 0, 'avg': '.145', 'atBats': 242, 'obp': '.217', 'slg': '.277', 'ops': '.494', 'caughtStealing': 1, 'stolenBases': 3, 'stolenBasePercentage': '.750', 'caughtStealingPercentage': '.250', 'groundIntoDoublePlay': 2, 'numberOfPitches': 1111, 'era': '2.15', 'inningsPitched': '71.0', 'wins': 3, 'losses': 4, 'saves': 30, 'saveOpportunities': 34, 'holds': 3, 'blownSaves': 4, 'earnedRuns': 17, 'whip': '0.82', 'battersFaced': 268, 'outs': 213, 'gamesPitched': 57, 'completeGames': 0, 'shutouts': 0, 'strikes': 739, 'strikePercentage': '.670', 'hitBatsmen': 0, 'balks': 0, 'wildPitches': 3, 'pickoffs': 0, 'totalBases': 67, 'groundOutsToAirouts': '0.73', 'winPercentage': '.429', 'pitchesPerInning': '15.65', 'gamesFinished': 42, 'strikeoutWalkRatio': '3.48', 'strikeoutsPer9Inn': '10.14', 'walksPer9Inn': '2.92', 'hitsPer9Inn': '4.44', 'runsScoredPer9': '2.41', 'homeRunsPer9': '0.76', 'inheritedRunners': 21, 'inheritedRunnersScored': 8, 'catchersInterference': 0, 'sacBunts': 1, 'sacFlies': 2}, 'team': {'id': 140, 'name': 'Texas Rangers', 'link': '/api/v1/teams/140'}, 'player': {'id': 656641, 'fullName': 'Jacob Latz', 'link': '/api/v1/people/656641'}, 'league': {'id': 103, 'name': 'American League', 'link': '/api/v1/league/103'}, 'sport': {'id': 1, 'link': '/api/v1/sports/1', 'abbreviation': 'MLB'}, 'gameType': 'R'}]",season,pitching
[],"[{'season': '2026', 'stat': {'age': 28, 'gamesPlayed': 15, 'gamesStarted': 0, 'groundOuts': 6, 'airOuts': 24, 'runs': 5, 'doubles': 3, 'triples': 0, 'homeRuns': 2, 'strikeOuts': 13, 'baseOnBalls': 9, 'intentionalWalks': 0, 'hits': 11, 'hitByPitch': 1, 'avg': '.204', 'atBats': 54, 'obp': '.328', 'slg': '.370', 'ops': '.698', 'caughtStealing': 1, 'stolenBases': 0, 'stolenBasePercentage': '.000', 'caughtStealingPercentage': '1.000', 'groundIntoDoublePlay': 0, 'numberOfPitches': 259, 'era': '2.45', 'inningsPitched': '14.2', 'wins': 0, 'losses': 0, 'saves': 1, 'saveOpportunities': 1, 'holds': 1, 'blownSaves': 0, 'earnedRuns': 4, 'whip': '1.36', 'battersFaced': 64, 'outs': 44, 'gamesPitched': 15, 'completeGames': 0, 'shutouts': 0, 'strikes': 160, 'strikePercentage': '.620', 'hitBatsmen': 1, 'balks': 0, 'wildPitches': 2, 'pickoffs': 0, 'totalBases': 20, 'groundOutsToAirouts': '0.25', 'winPercentage': '.---', 'pitchesPerInning': '17.66', 'gamesFinished': 3, 'strikeoutWalkRatio': '1.44', 'strikeoutsPer9Inn': '7.98', 'walksPer9Inn': '5.52', 'hitsPer9Inn': '6.75', 'runsScoredPer9': '3.07', 'homeRunsPer9': '1.23', 'inheritedRunners': 4, 'inheritedRunnersScored': 1, 'catchersInterference': 0, 'sacBunts': 0, 'sacFlies': 0}, 'team': {'id': 112, 'name': 'Chicago Cubs', 'link': '/api/v1/teams/112'}, 'player': {'id': 668970, 'fullName': 'Gavin Hollowell', 'link': '/api/v1/people/668970'}, 'league': {'id': 104, 'name': 'National League', 'link': '/api/v1/league/104'}, 'sport': {'id': 1, 'link': '/api/v1/sports/1', 'abbreviation': 'MLB'}, 'gameType': 'R'}]",season,pitching
[],"[{'season': '2026', 'stat': {'age': 31, 'gamesPlayed': 65, 'gamesStarted': 1, 'groundOuts': 82, 'airOuts': 62, 'runs': 32, 'doubles': 16, 'triples': 0, 'homeRuns': 4, 'strikeOuts': 99, 'baseOnBalls': 43, 'intentionalWalks': 9, 'hits': 56, 'hitByPitch': 13, 'avg': '.187', 'atBats': 299, 'obp': '.315', 'slg': '.281', 'ops': '.596', 'caughtStealing': 3, 'stolenBases': 4, 'stolenBasePercentage': '.571', 'caughtStealingPercentage': '.429', 'groundIntoDoublePlay': 10, 'numberOfPitches': 1375, 'era': '2.90', 'inningsPitched': '83.2', 'wins': 7, 'losses': 4, 'saves': 2, 'saveOpportunities': 4, 'holds': 9, 'blownSaves': 2, 'earnedRuns': 27, 'whip': '1.18', 'battersFaced': 355, 'outs': 251, 'gamesPitched': 65, 'completeGames': 0, 'shutouts': 0, 'strikes': 868, 'strikePercentage': '.630', 'hitBatsmen': 13, 'balks': 0, 'wildPitches': 8, 'pickoffs': 0, 'totalBases': 84, 'groundOutsToAirouts': '1.32', 'winPercentage': '.636', 'pitchesPerInning': '16.43', 'gamesFinished': 15, 'strikeoutWalkRatio': '2.30', 'strikeoutsPer9Inn': '10.65', 'walksPer9Inn': '4.63', 'hitsPer9Inn': '6.02', 'runsScoredPer9': '3.44', 'homeRunsPer9': '0.43', 'inheritedRunners': 36, 'inheritedRunnersScored': 7, 'catchersInterference': 0, 'sacBunts': 0, 'sacFlies': 0}, 'team': {'id': 134, 'name': 'Pittsburgh Pirates', 'link': '/api/v1/teams/134'}, 'player': {'id': 670990, 'fullName': 'Yohan Ramírez', 'link': '/api/v1/people/670990'}, 'league': {'id': 104, 'name': 'National League', 'link': '/api/v1/league/104'}, 'sport': {'id': 1, 'link': '/api/v1/sports/1', 'abbreviation': 'MLB'}, 'gameType': 'R'}]",season,pitching
[],"[{'season': '2026', 'stat': {'age': 29, 'gamesPlayed': 54, 'gamesStarted': 0, 'groundOuts': 62, 'airOuts': 47, 'runs': 22, 'doubles': 8, 'triples': 1, 'homeRuns': 7, 'strikeOuts': 51, 'baseOnBalls': 18, 'intentionalWalks': 2, 'hits': 51, 'hitByPitch': 4, 'avg': '.244', 'atBats': 209, 'obp': '.316', 'slg': '.392', 'ops': '.708', 'caughtStealing': 1, 'stolenBases': 3, 'stolenBasePercentage': '.750', 'caughtStealingPercentage': '.250', 'groundIntoDoublePlay': 4, 'numberOfPitches': 896, 'era': '3.46', 'inningsPitched': '54.2', 'wins': 3, 'losses': 3, 'saves': 0, 'saveOpportunities': 2, 'holds': 22, 'blownSaves': 2, 'earnedRuns': 21, 'whip': '1.26', 'battersFaced': 233, 'outs': 164, 'gamesPitched': 54, 'completeGames': 0, 'shutouts': 0, 'strikes': 569, 'strikePercentage': '.640', 'hitBatsmen': 4, 'balks': 0, 'wildPitches': 0, 'pickoffs': 0, 'totalBases': 82, 'groundOutsToAirouts': '1.32', 'winPercentage': '.500', 'pitchesPerInning': '16.39', 'gamesFinished': 4, 'strikeoutWalkRatio': '2.83', 'strikeoutsPer9Inn': '8.40', 'walksPer9Inn': '2.96', 'hitsPer9Inn': '8.40', 'runsScoredPer9': '3.62', 'homeRunsPer9': '1.15', 'inheritedRunners': 31, 'inheritedRunnersScored': 9, 'catchersInterference': 0, 'sacBunts': 2, 'sacFlies': 0}, 'player': {'id': 668941, 'fullName': 'JoJo Romero', 'link': '/api/v1/people/668941'}, 'league': {'id': 104, 'name': 'National League', 'link': '/api/v1/league/104'}, 'sport': {'id': 1, 'link': '/api/v1/sports/1', 'abbreviation': 'MLB'}, 'gameType': 'R', 'numTeams': 2}, {'season': '2026', 'stat': {'age': 29, 'gamesPlayed': 44, 'gamesStarted': 0, 'groundOuts': 45, 'airOuts': 38, 'runs': 17, 'doubles': 6, 'triples': 1, 'homeRuns': 5, 'strikeOuts': 43, 'baseOnBalls': 16, 'intentionalWalks': 2, 'hits': 40, 'hitByPitch': 4, 'avg': '.244', 'atBats': 164, 'obp': '.326', 'slg': '.384', 'ops': '.710', 'caughtStealing': 1, 'stolenBases': 3, 'stolenBasePercentage': '.750', 'caughtStealingPercentage': '.250', 'groundIntoDoublePlay': 3, 'numberOfPitches': 721, 'era': '3.35', 'inningsPitched': '43.0', 'wins': 1, 'losses': 3, 'saves': 0, 'saveOpportunities': 2, 'holds': 20, 'blownSaves': 2, 'earnedRuns': 16, 'whip': '1.30', 'battersFaced': 186, 'outs': 129, 'gamesPitched': 44, 'completeGames': 0, 'shutouts': 0, 'strikes': 453, 'strikePercentage': '.630', 'hitBatsmen': 4, 'balks': 0, 'wildPitches': 0, 'pickoffs': 0, 'totalBases': 63, 'groundOutsToAirouts': '1.18', 'winPercentage': '.250', 'pitchesPerInning': '16.77', 'gamesFinished': 4, 'strikeoutWalkRatio': '2.69', 'strikeoutsPer9Inn': '9.00', 'walksPer9Inn': '3.35', 'hitsPer9Inn': '8.37', 'runsScoredPer9': '3.56', 'homeRunsPer9': '1.05', 'inheritedRunners': 28, 'inheritedRunnersScored': 8, 'catchersInterference': 0, 'sacBunts': 2, 'sacFlies': 0}, 'team': {'id': 138, 'name': 'St. Louis Cardinals', 'link': '/api/v1/teams/138'}, 'player': {'id': 668941, 'fullName': 'JoJo Romero', 'link': '/api/v1/people/668941'}, 'league': {'id': 104, 'name': 'National League', 'link': '/api/v1/league/104'}, 'sport': {'id': 1, 'link': '/api/v1/sports/1', 'abbreviation': 'MLB'}, 'gameType': 'R'}, {'season': '2026', 'stat': {'age': 29, 'gamesPlayed': 10, 'gamesStarted': 0, 'groundOuts': 17, 'airOuts': 9, 'runs': 5, 'doubles': 2, 'triples': 0, 'homeRuns': 2, 'strikeOuts': 8, 'baseOnBalls': 2, 'intentionalWalks': 0, 'hits': 11, 'hitByPitch': 0, 'avg': '.244', 'atBats': 45, 'obp': '.277', 'slg': '.422', 'ops': '.699', 'caughtStealing': 0, 'stolenBases': 0, 'stolenBasePercentage': '.---', 'caughtStealingPercentage': '.---', 'groundIntoDoublePlay': 1, 'numberOfPitches': 175, 'era': '3.86', 'inningsPitched': '11.2', 'wins': 2, 'losses': 0, 'saves': 0, 'saveOpportunities': 0, 'holds': 2, 'blownSaves': 0, 'earnedRuns': 5, 'whip': '1.11', 'battersFaced': 47, 'outs': 35, 'gamesPitched': 10, 'completeGames': 0, 'shutouts': 0, 'strikes': 116, 'strikePercentage': '.660', 'hitBatsmen': 0, 'balks': 0, 'wildPitches': 0, 'pickoffs': 0, 'totalBases': 19, 'groundOutsToAirouts': '1.89', 'winPercentage': '1.000', 'pitchesPerInning': '15.00', 'gamesFinished': 0, 'strikeoutWalkRatio': '4.00', 'strikeoutsPer9Inn': '6.17', 'walksPer9Inn': '1.54', 'hitsPer9Inn': '8.49', 'runsScoredPer9': '3.86', 'homeRunsPer9': '1.54', 'inheritedRunners': 3, 'inheritedRunnersScored': 1, 'catchersInterference': 0, 'sacBunts': 0, 'sacFlies': 0}, 'team': {'id': 158, 'name': 'Milwaukee Brewers', 'link': '/api/v1/teams/158'}, 'player': {'id': 668941, 'fullName': 'JoJo Romero', 'link': '/api/v1/people/668941'}, 'league': {'id': 104, 'name': 'National League', 'link': '/api/v1/league/104'}, 'sport': {'id': 1, 'link': '/api/v1/sports/1', 'abbreviation': 'MLB'}, 'gameType': 'R'}]",season,pitching
[],"[{'season': '2026', 'stat': {'age': 28, 'gamesPlayed': 81, 'gamesStarted': 0, 'groundOuts': 55, 'airOuts': 78, 'runs': 20, 'doubles': 12, 'triples': 6, 'homeRuns': 5, 'strikeOuts': 98, 'baseOnBalls': 27, 'intentionalWalks': 1, 'hits': 68, 'hitByPitch': 0, 'avg': '.231', 'atBats': 294, 'obp': '.295', 'slg': '.364', 'ops': '.659', 'caughtStealing': 0, 'stolenBases': 2, 'stolenBasePercentage': '1.000', 'caughtStealingPercentage': '.000', 'groundIntoDoublePlay': 4, 'numberOfPitches': 1282, 'era': '2.18', 'inningsPitched': '78.1', 'wins': 7, 'losses': 4, 'saves': 0, 'saveOpportunities': 2, 'holds': 29, 'blownSaves': 2, 'earnedRuns': 19, 'whip': '1.21', 'battersFaced': 326, 'outs': 235, 'gamesPitched': 81, 'completeGames': 0, 'shutouts': 0, 'strikes': 860, 'strikePercentage': '.670', 'hitBatsmen': 0, 'balks': 0, 'wildPitches': 3, 'pickoffs': 0, 'totalBases': 107, 'groundOutsToAirouts': '0.71', 'winPercentage': '.636', 'pitchesPerInning': '16.37', 'gamesFinished': 7, 'strikeoutWalkRatio': '3.63', 'strikeoutsPer9Inn': '11.26', 'walksPer9Inn': '3.10', 'hitsPer9Inn': '7.81', 'runsScoredPer9': '2.30', 'homeRunsPer9': '0.57', 'inheritedRunners': 54, 'inheritedRunnersScored': 8, 'catchersInterference': 0, 'sacBunts': 4, 'sacFlies': 1}, 'team': {'id': 147, 'name': 'New York Yankees', 'link': '/api/v1/teams/147'}, 'player': {'id': 687396, 'fullName': 'Brent Headrick', 'link': '/api/v1/people/687396'}, 'league': {'id': 103, 'name': 'American League', 'link': '/api/v1/league/103'}, 'sport': {'id': 1, 'link': '/api/v1/sports/1', 'abbreviation': 'MLB'}, 'gameType': 'R'}]",season,pitching
[],"[{'season': '2026', 'stat': {'age': 27, 'gamesPlayed': 31, 'gamesStarted': 3, 'groundOuts': 45, 'airOuts': 70, 'runs': 36, 'doubles': 16, 'triples': 1, 'homeRuns': 9, 'strikeOuts': 39, 'baseOnBalls': 16, 'intentionalWalks': 1, 'hits': 56, 'hitByPitch': 0, 'avg': '.273', 'atBats': 205, 'obp': '.321', 'slg': '.493', 'ops': '.814', 'caughtStealing': 0, 'stolenBases': 6, 'stolenBasePercentage': '1.000', 'caughtStealingPercentage': '.000', 'groundIntoDoublePlay': 2, 'numberOfPitches': 822, 'era': '5.64', 'inningsPitched': '52.2', 'wins': 1, 'losses': 2, 'saves': 2, 'saveOpportunities': 5, 'holds': 3, 'blownSaves': 3, 'earnedRuns': 33, 'whip': '1.37', 'battersFaced': 226, 'outs': 158, 'gamesPitched': 31, 'completeGames': 0, 'shutouts': 0, 'strikes': 545, 'strikePercentage': '.660', 'hitBatsmen': 0, 'balks': 0, 'wildPitches': 1, 'pickoffs': 1, 'totalBases': 101, 'groundOutsToAirouts': '0.64', 'winPercentage': '.333', 'pitchesPerInning': '15.61', 'gamesFinished': 8, 'strikeoutWalkRatio': '2.44', 'strikeoutsPer9Inn': '6.66', 'walksPer9Inn': '2.73', 'hitsPer9Inn': '9.57', 'runsScoredPer9': '6.15', 'homeRunsPer9': '1.54', 'inheritedRunners': 13, 'inheritedRunnersScored': 4, 'catchersInterference': 0, 'sacBunts': 2, 'sacFlies': 3}, 'team': {'id': 121, 'name': 'New York Mets', 'link': '/api/v1/teams/121'}, 'player': {'id': 668964, 'fullName': 'Tobias Myers', 'link': '/api/v1/people/668964'}, 'league': {'id': 104, 'name': 'National League', 'link': '/api/v1/league/104'}, 'sport': {'id': 1, 'link': '/api/v1/sports/1', 'abbreviation': 'MLB'}, 'gameType': 'R'}]",season,pitching
[],"[{'season': '2026', 'stat': {'age': 33, 'gamesPlayed': 8, 'gamesStarted': 8, 'groundOuts': 29, 'airOuts': 33, 'runs': 9, 'doubles': 5, 'triples': 0, 'homeRuns': 0, 'strikeOuts': 52, 'baseOnBalls': 16, 'intentionalWalks': 0, 'hits': 26, 'hitByPitch': 1, 'avg': '.188', 'atBats': 138, 'obp': '.276', 'slg': '.225', 'ops': '.501', 'caughtStealing': 3, 'stolenBases': 8, 'stolenBasePercentage': '.727', 'caughtStealingPercentage': '.273', 'groundIntoDoublePlay': 1, 'numberOfPitches': 664, 'era': '1.86', 'inningsPitched': '38.2', 'wins': 4, 'losses': 1, 'saves': 0, 'saveOpportunities': 0, 'holds': 0, 'blownSaves': 0, 'earnedRuns': 8, 'whip': '1.09', 'battersFaced': 157, 'outs': 116, 'gamesPitched': 8, 'completeGames': 0, 'shutouts': 0, 'strikes': 430, 'strikePercentage': '.650', 'hitBatsmen': 1, 'balks': 0, 'wildPitches': 1, 'pickoffs': 1, 'totalBases': 31, 'groundOutsToAirouts': '0.88', 'winPercentage': '.800', 'pitchesPerInning': '17.17', 'gamesFinished': 0, 'strikeoutWalkRatio': '3.25', 'strikeoutsPer9Inn': '12.10', 'walksPer9Inn': '3.72', 'hitsPer9Inn': '6.05', 'runsScoredPer9': '2.09', 'homeRunsPer9': '0.00', 'inheritedRunners': 0, 'inheritedRunnersScored': 0, 'catchersInterference': 0, 'sacBunts': 1, 'sacFlies': 1}, 'team': {'id': 119, 'name': 'Los Angeles Dodgers', 'link': '/api/v1/teams/119'}, 'player': {'id': 605483, 'fullName': 'Blake Snell', 'link': '/api/v1/people/605483'}, 'league': {'id': 104, 'name': 'National League', 'link': '/api/v1/league/104'}, 'sport': {'id': 1, 'link': '/api/v1/sports/1', 'abbreviation': 'MLB'}, 'gameType': 'R'}]",season,pitching
[],"[{'season': '2026', 'stat': {'age': 25, 'gamesPlayed': 31, 'gamesStarted': 31, 'groundOuts': 172, 'airOuts': 173, 'runs': 56, 'doubles': 31, 'triples': 5, 'homeRuns': 17, 'strikeOuts': 191, 'baseOnBalls': 48, 'intentionalWalks': 2, 'hits': 143, 'hitByPitch': 4, 'avg': '.212', 'atBats': 673, 'obp': '.268', 'slg': '.349', 'ops': '.617', 'caughtStealing': 0, 'stolenBases': 2, 'stolenBasePercentage': '1.000', 'caughtStealingPercentage': '.000', 'groundIntoDoublePlay': 8, 'numberOfPitches': 2884, 'era': '2.55', 'inningsPitched': '183.1', 'wins': 12, 'losses': 9, 'saves': 0, 'saveOpportunities': 0, 'holds': 0, 'blownSaves': 0, 'earnedRuns': 52, 'whip': '1.04', 'battersFaced': 731, 'outs': 550, 'gamesPitched': 31, 'completeGames': 0, 'shutouts': 0, 'strikes': 1849, 'strikePercentage': '.640', 'hitBatsmen': 4, 'balks': 1, 'wildPitches': 6, 'pickoffs': 2, 'totalBases': 235, 'groundOutsToAirouts': '0.99', 'winPercentage': '.571', 'pitchesPerInning': '15.73', 'gamesFinished': 0, 'strikeoutWalkRatio': '3.98', 'strikeoutsPer9Inn': '9.38', 'walksPer9Inn': '2.36', 'hitsPer9Inn': '7.02', 'runsScoredPer9': '2.75', 'homeRunsPer9': '0.83', 'inheritedRunners': 0, 'inheritedRunnersScored': 0, 'catchersInterference': 0, 'sacBunts': 3, 'sacFlies': 3}, 'team': {'id': 114, 'name': 'Cleveland Guardians', 'link': '/api/v1/teams/114'}, 'player': {'id': 800048, 'fullName': 'Parker Messick', 'link': '/api/v1/people/800048'}, 'league': {'id': 103, 'name': 'American League', 'link': '/api/v1/league/103'}, 'sport': {'id': 1, 'link': '/api/v1/sports/1', 'abbreviation': 'MLB'}, 'gameType': 'R'}]",season,pitching
[],"[{'season': '2026', 'stat': {'age': 28, 'gamesPlayed': 16, 'gamesStarted': 0, 'groundOuts': 24, 'airOuts': 25, 'runs': 9, 'doubles': 1, 'triples': 0, 'homeRuns': 4, 'strikeOuts': 17, 'baseOnBalls': 8, 'intentionalWalks': 1, 'hits': 20, 'hitByPitch': 0, 'avg': '.238', 'atBats': 84, 'obp': '.304', 'slg': '.393', 'ops': '.697', 'caughtStealing': 0, 'stolenBases': 2, 'stolenBasePercentage': '1.000', 'caughtStealingPercentage': '.000', 'groundIntoDoublePlay': 2, 'numberOfPitches': 358, 'era': '2.05', 'inningsPitched': '22.0', 'wins': 1, 'losses': 0, 'saves': 0, 'saveOpportunities': 0, 'holds': 0, 'blownSaves': 0, 'earnedRuns': 5, 'whip': '1.27', 'battersFaced': 94, 'outs': 66, 'gamesPitched': 16, 'completeGames': 0, 'shutouts': 0, 'strikes': 235, 'strikePercentage': '.660', 'hitBatsmen': 0, 'balks': 0, 'wildPitches': 0, 'pickoffs': 0, 'totalBases': 33, 'groundOutsToAirouts': '0.96', 'winPercentage': '1.000', 'pitchesPerInning': '16.27', 'gamesFinished': 3, 'strikeoutWalkRatio': '2.13', 'strikeoutsPer9Inn': '6.95', 'walksPer9Inn': '3.27', 'hitsPer9Inn': '8.18', 'runsScoredPer9': '3.68', 'homeRunsPer9': '1.64', 'inheritedRunners': 12, 'inheritedRunnersScored': 1, 'catchersInterference': 0, 'sacBunts': 2, 'sacFlies': 0}, 'team': {'id': 147, 'name': 'New York Yankees', 'link': '/api/v1/teams/147'}, 'player': {'id': 660787, 'fullName': 'Yerry De los Santos', 'link': '/api/v1/people/660787'}, 'league': {'id': 103, 'name': 'American League', 'link': '/api/v1/league/103'}, 'sport': {'id': 1, 'link': '/api/v1/sports/1', 'abbreviation': 'MLB'}, 'gameType': 'R'}]",season,pitching
[],"[{'season': '2026', 'stat': {'age': 29, 'gamesPlayed': 66, 'gamesStarted': 0, 'groundOuts': 42, 'airOuts': 56, 'runs': 28, 'doubles': 10, 'triples': 1, 'homeRuns': 9, 'strikeOuts': 80, 'baseOnBalls': 41, 'intentionalWalks': 0, 'hits': 44, 'hitByPitch': 5, 'avg': '.200', 'atBats': 220, 'obp': '.338', 'slg': '.377', 'ops': '.715', 'caughtStealing': 1, 'stolenBases': 6, 'stolenBasePercentage': '.857', 'caughtStealingPercentage': '.143', 'groundIntoDoublePlay': 4, 'numberOfPitches': 1093, 'era': '3.73', 'inningsPitched': '62.2', 'wins': 6, 'losses': 4, 'saves': 9, 'saveOpportunities': 11, 'holds': 16, 'blownSaves': 2, 'earnedRuns': 26, 'whip': '1.36', 'battersFaced': 268, 'outs': 188, 'gamesPitched': 66, 'completeGames': 0, 'shutouts': 0, 'strikes': 654, 'strikePercentage': '.600', 'hitBatsmen': 5, 'balks': 0, 'wildPitches': 7, 'pickoffs': 1, 'totalBases': 83, 'groundOutsToAirouts': '0.75', 'winPercentage': '.600', 'pitchesPerInning': '17.44', 'gamesFinished': 28, 'strikeoutWalkRatio': '1.95', 'strikeoutsPer9Inn': '11.49', 'walksPer9Inn': '5.89', 'hitsPer9Inn': '6.32', 'runsScoredPer9': '4.02', 'homeRunsPer9': '1.29', 'inheritedRunners': 21, 'inheritedRunnersScored': 4, 'catchersInterference': 0, 'sacBunts': 2, 'sacFlies': 0}, 'team': {'id': 117, 'name': 'Houston Astros', 'link': '/api/v1/teams/117'}, 'player': {'id': 650556, 'fullName': 'Bryan Abreu', 'link': '/api/v1/people/650556'}, 'league': {'id': 103, 'name': 'American League', 'link': '/api/v1/league/103'}, 'sport': {'id': 1, 'link': '/api/v1/sports/1', 'abbreviation': 'MLB'}, 'gameType': 'R'}]",season,pitching
[],"[{'season': '2026', 'stat': {'age': 28, 'gamesPlayed': 46, 'gamesStarted': 1, 'groundOuts': 57, 'airOuts': 43, 'runs': 35, 'doubles': 8, 'triples': 0, 'homeRuns': 4, 'strikeOuts': 43, 'baseOnBalls': 21, 'intentionalWalks': 1, 'hits': 49, 'hitByPitch': 6, 'avg': '.263', 'atBats': 186, 'obp': '.350', 'slg': '.371', 'ops': '.721', 'caughtStealing': 2, 'stolenBases': 5, 'stolenBasePercentage': '.714', 'caughtStealingPercentage': '.286', 'groundIntoDoublePlay': 4, 'numberOfPitches': 869, 'era': '5.44', 'inningsPitched': '49.2', 'wins': 6, 'losses': 2, 'saves': 0, 'saveOpportunities': 0, 'holds': 4, 'blownSaves': 0, 'earnedRuns': 30, 'whip': '1.41', 'battersFaced': 219, 'outs': 149, 'gamesPitched': 46, 'completeGames': 0, 'shutouts': 0, 'strikes': 565, 'strikePercentage': '.650', 'hitBatsmen': 6, 'balks': 1, 'wildPitches': 0, 'pickoffs': 0, 'totalBases': 69, 'groundOutsToAirouts': '1.33', 'winPercentage': '.750', 'pitchesPerInning': '17.50', 'gamesFinished': 11, 'strikeoutWalkRatio': '2.05', 'strikeoutsPer9Inn': '7.79', 'walksPer9Inn': '3.81', 'hitsPer9Inn': '8.88', 'runsScoredPer9': '6.34', 'homeRunsPer9': '0.72', 'inheritedRunners': 28, 'inheritedRunnersScored': 8, 'catchersInterference': 0, 'sacBunts': 2, 'sacFlies': 4}, 'team': {'id': 146, 'name': 'Miami Marlins', 'link': '/api/v1/teams/146'}, 'player': {'id': 806188, 'fullName': 'Cade Gibson', 'link': '/api/v1/people/806188'}, 'league': {'id': 104, 'name': 'National League', 'link': '/api/v1/league/104'}, 'sport': {'id': 1, 'link': '/api/v1/sports/1', 'abbreviation': 'MLB'}, 'gameType': 'R'}]",season,pitching
[],"[{'season': '2026', 'stat': {'age': 33, 'gamesPlayed': 25, 'gamesStarted': 25, 'groundOuts': 141, 'airOuts': 141, 'runs': 100, 'doubles': 42, 'triples': 5, 'homeRuns': 27, 'strikeOuts': 106, 'baseOnBalls': 29, 'intentionalWalks': 0, 'hits': 170, 'hitByPitch': 6, 'avg': '.306', 'atBats': 555, 'obp': '.346', 'slg': '.546', 'ops': '.892', 'caughtStealing': 3, 'stolenBases': 10, 'stolenBasePercentage': '.769', 'caughtStealingPercentage': '.231', 'groundIntoDoublePlay': 8, 'numberOfPitches': 2125, 'era': '6.58', 'inningsPitched': '131.1', 'wins': 4, 'losses': 11, 'saves': 0, 'saveOpportunities': 0, 'holds': 0, 'blownSaves': 0, 'earnedRuns': 96, 'whip': '1.52', 'battersFaced': 593, 'outs': 394, 'gamesPitched': 25, 'completeGames': 1, 'shutouts': 0, 'strikes': 1426, 'strikePercentage': '.670', 'hitBatsmen': 6, 'balks': 0, 'wildPitches': 3, 'pickoffs': 1, 'totalBases': 303, 'groundOutsToAirouts': '1.00', 'winPercentage': '.267', 'pitchesPerInning': '16.18', 'gamesFinished': 0, 'strikeoutWalkRatio': '3.66', 'strikeoutsPer9Inn': '7.26', 'walksPer9Inn': '1.99', 'hitsPer9Inn': '11.65', 'runsScoredPer9': '6.85', 'homeRunsPer9': '1.85', 'inheritedRunners': 0, 'inheritedRunnersScored': 0, 'catchersInterference': 0, 'sacBunts': 0, 'sacFlies': 3}, 'team': {'id': 115, 'name': 'Colorado Rockies', 'link': '/api/v1/teams/115'}, 'player': {'id': 607536, 'fullName': 'Kyle Freeland', 'link': '/api/v1/people/607536'}, 'league': {'id': 104, 'name': 'National League', 'link': '/api/v1/league/104'}, 'sport': {'id': 1, 'link': '/api/v1/sports/1', 'abbreviation': 'MLB'}, 'gameType': 'R'}]",season,pitching
[],"[{'season': '2026', 'stat': {'age': 33, 'gamesPlayed': 29, 'gamesStarted': 29, 'groundOuts': 124, 'airOuts': 180, 'runs': 105, 'doubles': 24, 'triples': 6, 'homeRuns': 35, 'strikeOuts': 112, 'baseOnBalls': 57, 'intentionalWalks': 0, 'hits': 152, 'hitByPitch': 5, 'avg': '.270', 'atBats': 562, 'obp': '.340', 'slg': '.521', 'ops': '.861', 'caughtStealing': 4, 'stolenBases': 7, 'stolenBasePercentage': '.636', 'caughtStealingPercentage': '.364', 'groundIntoDoublePlay': 9, 'numberOfPitches': 2464, 'era': '6.18', 'inningsPitched': '142.2', 'wins': 4, 'losses': 14, 'saves': 0, 'saveOpportunities': 0, 'holds': 0, 'blownSaves': 0, 'earnedRuns': 98, 'whip': '1.46', 'battersFaced': 630, 'outs': 428, 'gamesPitched': 29, 'completeGames': 0, 'shutouts': 0, 'strikes': 1543, 'strikePercentage': '.630', 'hitBatsmen': 5, 'balks': 3, 'wildPitches': 0, 'pickoffs': 5, 'totalBases': 293, 'groundOutsToAirouts': '0.69', 'winPercentage': '.222', 'pitchesPerInning': '17.27', 'gamesFinished': 0, 'strikeoutWalkRatio': '1.96', 'strikeoutsPer9Inn': '7.07', 'walksPer9Inn': '3.60', 'hitsPer9Inn': '9.59', 'runsScoredPer9': '6.62', 'homeRunsPer9': '2.21', 'inheritedRunners': 0, 'inheritedRunnersScored': 0, 'catchersInterference': 0, 'sacBunts': 0, 'sacFlies': 6}, 'team': {'id': 133, 'name': 'Athletics', 'link': '/api/v1/teams/133'}, 'player': {'id': 605488, 'fullName': 'Jeffrey Springs', 'link': '/api/v1/people/605488'}, 'league': {'id': 103, 'name': 'American League', 'link': '/api/v1/league/103'}, 'sport': {'id': 1, 'link': '/api/v1/sports/1', 'abbreviation': 'MLB'}, 'gameType': 'R'}]",season,pitching
[],"[{'season': '2026', 'stat': {'age': 28, 'gamesPlayed': 60, 'gamesStarted': 2, 'groundOuts': 60, 'airOuts': 60, 'runs': 24, 'doubles': 11, 'triples': 0, 'homeRuns': 6, 'strikeOuts': 55, 'baseOnBalls': 28, 'intentionalWalks': 1, 'hits': 53, 'hitByPitch': 0, 'avg': '.235', 'atBats': 226, 'obp': '.318', 'slg': '.363', 'ops': '.681', 'caughtStealing': 2, 'stolenBases': 1, 'stolenBasePercentage': '.333', 'caughtStealingPercentage': '.667', 'groundIntoDoublePlay': 10, 'numberOfPitches': 1003, 'era': '3.14', 'inningsPitched': '63.0', 'wins': 9, 'losses': 2, 'saves': 3, 'saveOpportunities': 5, 'holds': 7, 'blownSaves': 2, 'earnedRuns': 22, 'whip': '1.29', 'battersFaced': 256, 'outs': 189, 'gamesPitched': 60, 'completeGames': 0, 'shutouts': 0, 'strikes': 628, 'strikePercentage': '.630', 'hitBatsmen': 0, 'balks': 0, 'wildPitches': 5, 'pickoffs': 2, 'totalBases': 82, 'groundOutsToAirouts': '1.00', 'winPercentage': '.818', 'pitchesPerInning': '15.92', 'gamesFinished': 15, 'strikeoutWalkRatio': '1.96', 'strikeoutsPer9Inn': '7.86', 'walksPer9Inn': '4.00', 'hitsPer9Inn': '7.57', 'runsScoredPer9': '3.43', 'homeRunsPer9': '0.86', 'inheritedRunners': 38, 'inheritedRunnersScored': 11, 'catchersInterference': 0, 'sacBunts': 1, 'sacFlies': 1}, 'team': {'id': 112, 'name': 'Chicago Cubs', 'link': '/api/v1/teams/112'}, 'player': {'id': 669020, 'fullName': 'Ryan Rolison', 'link': '/api/v1/people/669020'}, 'league': {'id': 104, 'name': 'National League', 'link': '/api/v1/league/104'}, 'sport': {'id': 1, 'link': '/api/v1/sports/1', 'abbreviation': 'MLB'}, 'gameType': 'R'}]",season,pitching
[],"[{'season': '2026', 'stat': {'age': 30, 'gamesPlayed': 72, 'gamesStarted': 0, 'groundOuts': 52, 'airOuts': 75, 'runs': 33, 'doubles': 12, 'triples': 0, 'homeRuns': 13, 'strikeOuts': 67, 'baseOnBalls': 24, 'intentionalWalks': 2, 'hits': 71, 'hitByPitch': 2, 'avg': '.275', 'atBats': 258, 'obp': '.336', 'slg': '.473', 'ops': '.809', 'caughtStealing': 1, 'stolenBases': 7, 'stolenBasePercentage': '.875', 'caughtStealingPercentage': '.125', 'groundIntoDoublePlay': 6, 'numberOfPitches': 1107, 'era': '3.93', 'inningsPitched': '66.1', 'wins': 3, 'losses': 4, 'saves': 1, 'saveOpportunities': 5, 'holds': 26, 'blownSaves': 4, 'earnedRuns': 29, 'whip': '1.43', 'battersFaced': 291, 'outs': 199, 'gamesPitched': 72, 'completeGames': 0, 'shutouts': 0, 'strikes': 724, 'strikePercentage': '.650', 'hitBatsmen': 2, 'balks': 0, 'wildPitches': 1, 'pickoffs': 2, 'totalBases': 122, 'groundOutsToAirouts': '0.69', 'winPercentage': '.429', 'pitchesPerInning': '16.69', 'gamesFinished': 5, 'strikeoutWalkRatio': '2.79', 'strikeoutsPer9Inn': '9.09', 'walksPer9Inn': '3.26', 'hitsPer9Inn': '9.63', 'runsScoredPer9': '4.48', 'homeRunsPer9': '1.76', 'inheritedRunners': 40, 'inheritedRunnersScored': 17, 'catchersInterference': 0, 'sacBunts': 2, 'sacFlies': 5}, 'team': {'id': 136, 'name': 'Seattle Mariners', 'link': '/api/v1/teams/136'}, 'player': {'id': 660825, 'fullName': 'Eduard Bazardo', 'link': '/api/v1/people/660825'}, 'league': {'id': 103, 'name': 'American League', 'link': '/api/v1/league/103'}, 'sport': {'id': 1, 'link': '/api/v1/sports/1', 'abbreviation': 'MLB'}, 'gameType': 'R'}]",season,pitching
[],"[{'season': '2026', 'stat': {'age': 32, 'gamesPlayed': 63, 'gamesStarted': 0, 'groundOuts': 40, 'airOuts': 77, 'runs': 20, 'doubles': 9, 'triples': 0, 'homeRuns': 1, 'strikeOuts': 69, 'baseOnBalls': 15, 'intentionalWalks': 3, 'hits': 40, 'hitByPitch': 1, 'avg': '.181', 'atBats': 221, 'obp': '.233', 'slg': '.235', 'ops': '.468', 'caughtStealing': 0, 'stolenBases': 8, 'stolenBasePercentage': '1.000', 'caughtStealingPercentage': '.000', 'groundIntoDoublePlay': 0, 'numberOfPitches': 874, 'era': '2.63', 'inningsPitched': '61.2', 'wins': 3, 'losses': 3, 'saves': 30, 'saveOpportunities': 33, 'holds': 7, 'blownSaves': 3, 'earnedRuns': 18, 'whip': '0.89', 'battersFaced': 242, 'outs': 185, 'gamesPitched': 63, 'completeGames': 0, 'shutouts': 0, 'strikes': 615, 'strikePercentage': '.700', 'hitBatsmen': 1, 'balks': 0, 'wildPitches': 3, 'pickoffs': 1, 'totalBases': 52, 'groundOutsToAirouts': '0.52', 'winPercentage': '.500', 'pitchesPerInning': '14.17', 'gamesFinished': 41, 'strikeoutWalkRatio': '4.60', 'strikeoutsPer9Inn': '10.07', 'walksPer9Inn': '2.19', 'hitsPer9Inn': '5.84', 'runsScoredPer9': '2.92', 'homeRunsPer9': '0.15', 'inheritedRunners': 3, 'inheritedRunnersScored': 1, 'catchersInterference': 0, 'sacBunts': 2, 'sacFlies': 3}, 'team': {'id': 158, 'name': 'Milwaukee Brewers', 'link': '/api/v1/teams/158'}, 'player': {'id': 656730, 'fullName': 'Trevor Megill', 'link': '/api/v1/people/656730'}, 'league': {'id': 104, 'name': 'National League', 'link': '/api/v1/league/104'}, 'sport': {'id': 1, 'link': '/api/v1/sports/1', 'abbreviation': 'MLB'}, 'gameType': 'R'}]",season,pitching
[],"[{'season': '2026', 'stat': {'age': 29, 'gamesPlayed': 18, 'gamesStarted': 1, 'groundOuts': 19, 'airOuts': 15, 'runs': 12, 'doubles': 1, 'triples': 0, 'homeRuns': 3, 'strikeOuts': 26, 'baseOnBalls': 15, 'intentionalWalks': 0, 'hits': 20, 'hitByPitch': 1, 'avg': '.260', 'atBats': 77, 'obp': '.379', 'slg': '.390', 'ops': '.769', 'caughtStealing': 0, 'stolenBases': 1, 'stolenBasePercentage': '1.000', 'caughtStealingPercentage': '.000', 'groundIntoDoublePlay': 0, 'numberOfPitches': 367, 'era': '4.87', 'inningsPitched': '20.1', 'wins': 2, 'losses': 1, 'saves': 0, 'saveOpportunities': 0, 'holds': 1, 'blownSaves': 0, 'earnedRuns': 11, 'whip': '1.72', 'battersFaced': 96, 'outs': 61, 'gamesPitched': 18, 'completeGames': 0, 'shutouts': 0, 'strikes': 223, 'strikePercentage': '.610', 'hitBatsmen': 1, 'balks': 0, 'wildPitches': 1, 'pickoffs': 0, 'totalBases': 30, 'groundOutsToAirouts': '1.27', 'winPercentage': '.667', 'pitchesPerInning': '18.05', 'gamesFinished': 3, 'strikeoutWalkRatio': '1.73', 'strikeoutsPer9Inn': '11.51', 'walksPer9Inn': '6.64', 'hitsPer9Inn': '8.85', 'runsScoredPer9': '5.31', 'homeRunsPer9': '1.33', 'inheritedRunners': 9, 'inheritedRunnersScored': 5, 'catchersInterference': 0, 'sacBunts': 1, 'sacFlies': 2}, 'team': {'id': 121, 'name': 'New York Mets', 'link': '/api/v1/teams/121'}, 'player': {'id': 642376, 'fullName': 'Jefry Yan', 'link': '/api/v1/people/642376'}, 'league': {'id': 104, 'name': 'National League', 'link': '/api/v1/league/104'}, 'sport': {'id': 1, 'link': '/api/v1/sports/1', 'abbreviation': 'MLB'}, 'gameType': 'R'}]",season,pitching
[],"[{'season': '2026', 'stat': {'age': 31, 'gamesPlayed': 68, 'gamesStarted': 0, 'groundOuts': 56, 'airOuts': 61, 'runs': 31, 'doubles': 14, 'triples': 1, 'homeRuns': 5, 'strikeOuts': 79, 'baseOnBalls': 29, 'intentionalWalks': 2, 'hits': 49, 'hitByPitch': 7, 'avg': '.202', 'atBats': 243, 'obp': '.305', 'slg': '.329', 'ops': '.634', 'caughtStealing': 0, 'stolenBases': 6, 'stolenBasePercentage': '1.000', 'caughtStealingPercentage': '.000', 'groundIntoDoublePlay': 4, 'numberOfPitches': 1142, 'era': '3.68', 'inningsPitched': '66.0', 'wins': 6, 'losses': 5, 'saves': 16, 'saveOpportunities': 22, 'holds': 12, 'blownSaves': 6, 'earnedRuns': 27, 'whip': '1.18', 'battersFaced': 282, 'outs': 198, 'gamesPitched': 68, 'completeGames': 0, 'shutouts': 0, 'strikes': 710, 'strikePercentage': '.620', 'hitBatsmen': 7, 'balks': 1, 'wildPitches': 8, 'pickoffs': 0, 'totalBases': 80, 'groundOutsToAirouts': '0.92', 'winPercentage': '.545', 'pitchesPerInning': '17.30', 'gamesFinished': 28, 'strikeoutWalkRatio': '2.72', 'strikeoutsPer9Inn': '10.77', 'walksPer9Inn': '3.95', 'hitsPer9Inn': '6.68', 'runsScoredPer9': '4.23', 'homeRunsPer9': '0.68', 'inheritedRunners': 22, 'inheritedRunnersScored': 7, 'catchersInterference': 1, 'sacBunts': 2, 'sacFlies': 0}, 'team': {'id': 134, 'name': 'Pittsburgh Pirates', 'link': '/api/v1/teams/134'}, 'player': {'id': 642397, 'fullName': 'Gregory Soto', 'link': '/api/v1/people/642397'}, 'league': {'id': 104, 'name': 'National League', 'link': '/api/v1/league/104'}, 'sport': {'id': 1, 'link': '/api/v1/sports/1', 'abbreviation': 'MLB'}, 'gameType': 'R'}]",season,pitching
[],"[{'season': '2026', 'stat': {'age': 29, 'gamesPlayed': 54, 'gamesStarted': 6, 'groundOuts': 68, 'airOuts': 79, 'runs': 30, 'doubles': 16, 'triples': 1, 'homeRuns': 7, 'strikeOuts': 55, 'baseOnBalls': 19, 'intentionalWalks': 3, 'hits': 71, 'hitByPitch': 8, 'avg': '.268', 'atBats': 265, 'obp': '.329', 'slg': '.415', 'ops': '.744', 'caughtStealing': 1, 'stolenBases': 1, 'stolenBasePercentage': '.500', 'caughtStealingPercentage': '.500', 'groundIntoDoublePlay': 9, 'numberOfPitches': 1120, 'era': '3.82', 'inningsPitched': '70.2', 'wins': 2, 'losses': 2, 'saves': 0, 'saveOpportunities': 0, 'holds': 7, 'blownSaves': 0, 'earnedRuns': 30, 'whip': '1.27', 'battersFaced': 300, 'outs': 212, 'gamesPitched': 54, 'completeGames': 0, 'shutouts': 0, 'strikes': 754, 'strikePercentage': '.670', 'hitBatsmen': 8, 'balks': 0, 'wildPitches': 0, 'pickoffs': 1, 'totalBases': 110, 'groundOutsToAirouts': '0.86', 'winPercentage': '.500', 'pitchesPerInning': '15.85', 'gamesFinished': 9, 'strikeoutWalkRatio': '2.89', 'strikeoutsPer9Inn': '7.00', 'walksPer9Inn': '2.42', 'hitsPer9Inn': '9.04', 'runsScoredPer9': '3.82', 'homeRunsPer9': '0.89', 'inheritedRunners': 23, 'inheritedRunnersScored': 7, 'catchersInterference': 0, 'sacBunts': 2, 'sacFlies': 6}, 'player': {'id': 668984, 'fullName': 'Casey Legumina', 'link': '/api/v1/people/668984'}, 'league': {'id': 103, 'name': 'American League', 'link': '/api/v1/league/103'}, 'sport': {'id': 1, 'link': '/api/v1/sports/1', 'abbreviation': 'MLB'}, 'gameType': 'R', 'numTeams': 2}, {'season': '2026', 'stat': {'age': 29, 'gamesPlayed': 8, 'gamesStarted': 0, 'groundOuts': 9, 'airOuts': 14, 'runs': 6, 'doubles': 7, 'triples': 0, 'homeRuns': 0, 'strikeOuts': 9, 'baseOnBalls': 3, 'intentionalWalks': 0, 'hits': 15, 'hitByPitch': 3, 'avg': '.341', 'atBats': 44, 'obp': '.404', 'slg': '.500', 'ops': '.904', 'caughtStealing': 1, 'stolenBases': 0, 'stolenBasePercentage': '.000', 'caughtStealingPercentage': '1.000', 'groundIntoDoublePlay': 2, 'numberOfPitches': 207, 'era': '4.63', 'inningsPitched': '11.2', 'wins': 0, 'losses': 1, 'saves': 0, 'saveOpportunities': 0, 'holds': 0, 'blownSaves': 0, 'earnedRuns': 6, 'whip': '1.54', 'battersFaced': 53, 'outs': 35, 'gamesPitched': 8, 'completeGames': 0, 'shutouts': 0, 'strikes': 128, 'strikePercentage': '.620', 'hitBatsmen': 3, 'balks': 0, 'wildPitches': 0, 'pickoffs': 1, 'totalBases': 22, 'groundOutsToAirouts': '0.64', 'winPercentage': '.000', 'pitchesPerInning': '17.74', 'gamesFinished': 3, 'strikeoutWalkRatio': '3.00', 'strikeoutsPer9Inn': '6.94', 'walksPer9Inn': '2.31', 'hitsPer9Inn': '11.57', 'runsScoredPer9': '4.63', 'homeRunsPer9': '0.00', 'inheritedRunners': 5, 'inheritedRunnersScored': 0, 'catchersInterference': 0, 'sacBunts': 1, 'sacFlies': 2}, 'team': {'id': 136, 'name': 'Seattle Mariners', 'link': '/api/v1/teams/136'}, 'player': {'id': 668984, 'fullName': 'Casey Legumina', 'link': '/api/v1/people/668984'}, 'league': {'id': 103, 'name': 'American League', 'link': '/api/v1/league/103'}, 'sport': {'id': 1, 'link': '/api/v1/sports/1', 'abbreviation': 'MLB'}, 'gameType': 'R'}, {'season': '2026', 'stat': {'age': 29, 'gamesPlayed': 46, 'gamesStarted': 6, 'groundOuts': 59, 'airOuts': 65, 'runs': 24, 'doubles': 9, 'triples': 1, 'homeRuns': 7, 'strikeOuts': 46, 'baseOnBalls': 16, 'intentionalWalks': 3, 'hits': 56, 'hitByPitch': 5, 'avg': '.253', 'atBats': 221, 'obp': '.313', 'slg': '.398', 'ops': '.711', 'caughtStealing': 0, 'stolenBases': 1, 'stolenBasePercentage': '1.000', 'caughtStealingPercentage': '.000', 'groundIntoDoublePlay': 7, 'numberOfPitches': 913, 'era': '3.66', 'inningsPitched': '59.0', 'wins': 2, 'losses': 1, 'saves': 0, 'saveOpportunities': 0, 'holds': 7, 'blownSaves': 0, 'earnedRuns': 24, 'whip': '1.22', 'battersFaced': 247, 'outs': 177, 'gamesPitched': 46, 'completeGames': 0, 'shutouts': 0, 'strikes': 626, 'strikePercentage': '.690', 'hitBatsmen': 5, 'balks': 0, 'wildPitches': 0, 'pickoffs': 0, 'totalBases': 88, 'groundOutsToAirouts': '0.91', 'winPercentage': '.667', 'pitchesPerInning': '15.47', 'gamesFinished': 6, 'strikeoutWalkRatio': '2.88', 'strikeoutsPer9Inn': '7.02', 'walksPer9Inn': '2.44', 'hitsPer9Inn': '8.54', 'runsScoredPer9': '3.66', 'homeRunsPer9': '1.07', 'inheritedRunners': 18, 'inheritedRunnersScored': 7, 'catchersInterference': 0, 'sacBunts': 1, 'sacFlies': 4}, 'team': {'id': 139, 'name': 'Tampa Bay Rays', 'link': '/api/v1/teams/139'}, 'player': {'id': 668984, 'fullName': 'Casey Legumina', 'link': '/api/v1/people/668984'}, 'league': {'id': 103, 'name': 'American League', 'link': '/api/v1/league/103'}, 'sport': {'id': 1, 'link': '/api/v1/sports/1', 'abbreviation': 'MLB'}, 'gameType': 'R'}]",season,pitching
[],"[{'season': '2026', 'stat': {'age': 27, 'gamesPlayed': 32, 'gamesStarted': 32, 'groundOuts': 145, 'airOuts': 210, 'runs': 91, 'doubles': 30, 'triples': 2, 'homeRuns': 26, 'strikeOuts': 131, 'baseOnBalls': 76, 'intentionalWalks': 0, 'hits': 165, 'hitByPitch': 0, 'avg': '.257', 'atBats': 643, 'obp': '.332', 'slg': '.431', 'ops': '.763', 'caughtStealing': 4, 'stolenBases': 23, 'stolenBasePercentage': '.852', 'caughtStealingPercentage': '.148', 'groundIntoDoublePlay': 7, 'numberOfPitches': 2869, 'era': '4.61', 'inningsPitched': '166.0', 'wins': 6, 'losses': 11, 'saves': 0, 'saveOpportunities': 0, 'holds': 0, 'blownSaves': 0, 'earnedRuns': 85, 'whip': '1.45', 'battersFaced': 729, 'outs': 498, 'gamesPitched': 32, 'completeGames': 0, 'shutouts': 0, 'strikes': 1794, 'strikePercentage': '.630', 'hitBatsmen': 0, 'balks': 0, 'wildPitches': 1, 'pickoffs': 3, 'totalBases': 277, 'groundOutsToAirouts': '0.69', 'winPercentage': '.353', 'pitchesPerInning': '17.28', 'gamesFinished': 0, 'strikeoutWalkRatio': '1.72', 'strikeoutsPer9Inn': '7.10', 'walksPer9Inn': '4.12', 'hitsPer9Inn': '8.95', 'runsScoredPer9': '4.93', 'homeRunsPer9': '1.41', 'inheritedRunners': 0, 'inheritedRunnersScored': 0, 'catchersInterference': 2, 'sacBunts': 1, 'sacFlies': 7}, 'team': {'id': 113, 'name': 'Cincinnati Reds', 'link': '/api/v1/teams/113'}, 'player': {'id': 671096, 'fullName': 'Andrew Abbott', 'link': '/api/v1/people/671096'}, 'league': {'id': 104, 'name': 'National League', 'link': '/api/v1/league/104'}, 'sport': {'id': 1, 'link': '/api/v1/sports/1', 'abbreviation': 'MLB'}, 'gameType': 'R'}]",season,pitching
[],"[{'season': '2026', 'stat': {'age': 27, 'gamesPlayed': 23, 'gamesStarted': 18, 'groundOuts': 89, 'airOuts': 97, 'runs': 43, 'doubles': 18, 'triples': 3, 'homeRuns': 11, 'strikeOuts': 74, 'baseOnBalls': 28, 'intentionalWalks': 0, 'hits': 99, 'hitByPitch': 5, 'avg': '.277', 'atBats': 357, 'obp': '.337', 'slg': '.437', 'ops': '.774', 'caughtStealing': 4, 'stolenBases': 3, 'stolenBasePercentage': '.429', 'caughtStealingPercentage': '.571', 'groundIntoDoublePlay': 4, 'numberOfPitches': 1436, 'era': '4.09', 'inningsPitched': '88.0', 'wins': 1, 'losses': 5, 'saves': 0, 'saveOpportunities': 0, 'holds': 1, 'blownSaves': 0, 'earnedRuns': 40, 'whip': '1.44', 'battersFaced': 392, 'outs': 264, 'gamesPitched': 23, 'completeGames': 0, 'shutouts': 0, 'strikes': 981, 'strikePercentage': '.680', 'hitBatsmen': 5, 'balks': 0, 'wildPitches': 0, 'pickoffs': 1, 'totalBases': 156, 'groundOutsToAirouts': '0.92', 'winPercentage': '.167', 'pitchesPerInning': '16.32', 'gamesFinished': 2, 'strikeoutWalkRatio': '2.64', 'strikeoutsPer9Inn': '7.57', 'walksPer9Inn': '2.86', 'hitsPer9Inn': '10.13', 'runsScoredPer9': '4.40', 'homeRunsPer9': '1.13', 'inheritedRunners': 1, 'inheritedRunnersScored': 0, 'catchersInterference': 0, 'sacBunts': 0, 'sacFlies': 2}, 'team': {'id': 146, 'name': 'Miami Marlins', 'link': '/api/v1/teams/146'}, 'player': {'id': 687473, 'fullName': 'Ryan Gusto', 'link': '/api/v1/people/687473'}, 'league': {'id': 104, 'name': 'National League', 'link': '/api/v1/league/104'}, 'sport': {'id': 1, 'link': '/api/v1/sports/1', 'abbreviation': 'MLB'}, 'gameType': 'R'}]",season,pitching
[],"[{'season': '2026', 'stat': {'age': 23, 'gamesPlayed': 7, 'gamesStarted': 5, 'groundOuts': 16, 'airOuts': 40, 'runs': 13, 'doubles': 4, 'triples': 1, 'homeRuns': 4, 'strikeOuts': 18, 'baseOnBalls': 4, 'intentionalWalks': 0, 'hits': 21, 'hitByPitch': 0, 'avg': '.221', 'atBats': 95, 'obp': '.253', 'slg': '.411', 'ops': '.664', 'caughtStealing': 0, 'stolenBases': 6, 'stolenBasePercentage': '1.000', 'caughtStealingPercentage': '.000', 'groundIntoDoublePlay': 1, 'numberOfPitches': 382, 'era': '3.65', 'inningsPitched': '24.2', 'wins': 1, 'losses': 3, 'saves': 0, 'saveOpportunities': 0, 'holds': 0, 'blownSaves': 0, 'earnedRuns': 10, 'whip': '1.01', 'battersFaced': 99, 'outs': 74, 'gamesPitched': 7, 'completeGames': 0, 'shutouts': 0, 'strikes': 241, 'strikePercentage': '.630', 'hitBatsmen': 0, 'balks': 1, 'wildPitches': 0, 'pickoffs': 0, 'totalBases': 39, 'groundOutsToAirouts': '0.40', 'winPercentage': '.250', 'pitchesPerInning': '15.49', 'gamesFinished': 0, 'strikeoutWalkRatio': '4.50', 'strikeoutsPer9Inn': '6.57', 'walksPer9Inn': '1.46', 'hitsPer9Inn': '7.66', 'runsScoredPer9': '4.74', 'homeRunsPer9': '1.46', 'inheritedRunners': 0, 'inheritedRunnersScored': 0, 'catchersInterference': 0, 'sacBunts': 0, 'sacFlies': 0}, 'team': {'id': 137, 'name': 'San Francisco Giants', 'link': '/api/v1/teams/137'}, 'player': {'id': 683363, 'fullName': 'Matt Wilkinson', 'link': '/api/v1/people/683363'}, 'league': {'id': 104, 'name': 'National League', 'link': '/api/v1/league/104'}, 'sport': {'id': 1, 'link': '/api/v1/sports/1', 'abbreviation': 'MLB'}, 'gameType': 'R'}]",season,pitching
[],"[{'season': '2026', 'stat': {'age': 27, 'gamesPlayed': 33, 'gamesStarted': 33, 'groundOuts': 151, 'airOuts': 180, 'runs': 88, 'doubles': 40, 'triples': 3, 'homeRuns': 19, 'strikeOuts': 174, 'baseOnBalls': 70, 'intentionalWalks': 2, 'hits': 159, 'hitByPitch': 7, 'avg': '.242', 'atBats': 658, 'obp': '.319', 'slg': '.398', 'ops': '.717', 'caughtStealing': 1, 'stolenBases': 7, 'stolenBasePercentage': '.875', 'caughtStealingPercentage': '.125', 'groundIntoDoublePlay': 7, 'numberOfPitches': 2937, 'era': '4.59', 'inningsPitched': '170.2', 'wins': 8, 'losses': 11, 'saves': 0, 'saveOpportunities': 0, 'holds': 0, 'blownSaves': 0, 'earnedRuns': 87, 'whip': '1.34', 'battersFaced': 741, 'outs': 512, 'gamesPitched': 33, 'completeGames': 0, 'shutouts': 0, 'strikes': 1850, 'strikePercentage': '.630', 'hitBatsmen': 7, 'balks': 0, 'wildPitches': 2, 'pickoffs': 1, 'totalBases': 262, 'groundOutsToAirouts': '0.84', 'winPercentage': '.421', 'pitchesPerInning': '17.21', 'gamesFinished': 0, 'strikeoutWalkRatio': '2.49', 'strikeoutsPer9Inn': '9.18', 'walksPer9Inn': '3.69', 'hitsPer9Inn': '8.38', 'runsScoredPer9': '4.64', 'homeRunsPer9': '1.00', 'inheritedRunners': 0, 'inheritedRunnersScored': 0, 'catchersInterference': 0, 'sacBunts': 2, 'sacFlies': 4}, 'team': {'id': 140, 'name': 'Texas Rangers', 'link': '/api/v1/teams/140'}, 'player': {'id': 669022, 'fullName': 'MacKenzie Gore', 'link': '/api/v1/people/669022'}, 'league': {'id': 103, 'name': 'American League', 'link': '/api/v1/league/103'}, 'sport': {'id': 1, 'link': '/api/v1/sports/1', 'abbreviation': 'MLB'}, 'gameType': 'R'}]",season,pitching
[],"[{'season': '2026', 'stat': {'age': 26, 'gamesPlayed': 20, 'gamesStarted': 0, 'groundOuts': 9, 'airOuts': 25, 'runs': 4, 'doubles': 4, 'triples': 1, 'homeRuns': 1, 'strikeOuts': 26, 'baseOnBalls': 4, 'intentionalWalks': 0, 'hits': 12, 'hitByPitch': 0, 'avg': '.167', 'atBats': 72, 'obp': '.211', 'slg': '.292', 'ops': '.503', 'caughtStealing': 0, 'stolenBases': 0, 'stolenBasePercentage': '.---', 'caughtStealingPercentage': '.---', 'groundIntoDoublePlay': 1, 'numberOfPitches': 281, 'era': '1.74', 'inningsPitched': '20.2', 'wins': 1, 'losses': 0, 'saves': 0, 'saveOpportunities': 1, 'holds': 11, 'blownSaves': 1, 'earnedRuns': 4, 'whip': '0.77', 'battersFaced': 76, 'outs': 62, 'gamesPitched': 20, 'completeGames': 0, 'shutouts': 0, 'strikes': 194, 'strikePercentage': '.690', 'hitBatsmen': 0, 'balks': 0, 'wildPitches': 0, 'pickoffs': 0, 'totalBases': 21, 'groundOutsToAirouts': '0.36', 'winPercentage': '1.000', 'pitchesPerInning': '13.60', 'gamesFinished': 1, 'strikeoutWalkRatio': '6.50', 'strikeoutsPer9Inn': '11.32', 'walksPer9Inn': '1.74', 'hitsPer9Inn': '5.23', 'runsScoredPer9': '1.74', 'homeRunsPer9': '0.44', 'inheritedRunners': 12, 'inheritedRunnersScored': 3, 'catchersInterference': 0, 'sacBunts': 0, 'sacFlies': 0}, 'team': {'id': 121, 'name': 'New York Mets', 'link': '/api/v1/teams/121'}, 'player': {'id': 681320, 'fullName': 'Nate Lavender', 'link': '/api/v1/people/681320'}, 'league': {'id': 104, 'name': 'National League', 'link': '/api/v1/league/104'}, 'sport': {'id': 1, 'link': '/api/v1/sports/1', 'abbreviation': 'MLB'}, 'gameType': 'R'}]",season,pitching
[],"[{'season': '2026', 'stat': {'age': 32, 'gamesPlayed': 68, 'gamesStarted': 0, 'groundOuts': 67, 'airOuts': 36, 'runs': 19, 'doubles': 6, 'triples': 0, 'homeRuns': 2, 'strikeOuts': 45, 'baseOnBalls': 13, 'intentionalWalks': 0, 'hits': 40, 'hitByPitch': 3, 'avg': '.214', 'atBats': 187, 'obp': '.275', 'slg': '.278', 'ops': '.553', 'caughtStealing': 2, 'stolenBases': 7, 'stolenBasePercentage': '.778', 'caughtStealingPercentage': '.222', 'groundIntoDoublePlay': 2, 'numberOfPitches': 794, 'era': '2.90', 'inningsPitched': '49.2', 'wins': 4, 'losses': 3, 'saves': 3, 'saveOpportunities': 5, 'holds': 14, 'blownSaves': 2, 'earnedRuns': 16, 'whip': '1.07', 'battersFaced': 204, 'outs': 149, 'gamesPitched': 68, 'completeGames': 0, 'shutouts': 0, 'strikes': 499, 'strikePercentage': '.630', 'hitBatsmen': 3, 'balks': 0, 'wildPitches': 2, 'pickoffs': 0, 'totalBases': 52, 'groundOutsToAirouts': '1.86', 'winPercentage': '.571', 'pitchesPerInning': '15.99', 'gamesFinished': 10, 'strikeoutWalkRatio': '3.46', 'strikeoutsPer9Inn': '8.15', 'walksPer9Inn': '2.36', 'hitsPer9Inn': '7.25', 'runsScoredPer9': '3.44', 'homeRunsPer9': '0.36', 'inheritedRunners': 35, 'inheritedRunnersScored': 8, 'catchersInterference': 0, 'sacBunts': 0, 'sacFlies': 1}, 'team': {'id': 110, 'name': 'Baltimore Orioles', 'link': '/api/v1/teams/110'}, 'player': {'id': 666974, 'fullName': 'Yennier Cano', 'link': '/api/v1/people/666974'}, 'league': {'id': 103, 'name': 'American League', 'link': '/api/v1/league/103'}, 'sport': {'id': 1, 'link': '/api/v1/sports/1', 'abbreviation': 'MLB'}, 'gameType': 'R'}]",season,pitching
[],"[{'season': '2026', 'stat': {'age': 33, 'gamesPlayed': 12, 'gamesStarted': 0, 'groundOuts': 36, 'airOuts': 16, 'runs': 12, 'doubles': 3, 'triples': 0, 'homeRuns': 3, 'strikeOuts': 17, 'baseOnBalls': 6, 'intentionalWalks': 1, 'hits': 18, 'hitByPitch': 1, 'avg': '.207', 'atBats': 87, 'obp': '.266', 'slg': '.345', 'ops': '.611', 'caughtStealing': 0, 'stolenBases': 3, 'stolenBasePercentage': '1.000', 'caughtStealingPercentage': '.000', 'groundIntoDoublePlay': 1, 'numberOfPitches': 376, 'era': '4.63', 'inningsPitched': '23.1', 'wins': 1, 'losses': 0, 'saves': 1, 'saveOpportunities': 1, 'holds': 0, 'blownSaves': 0, 'earnedRuns': 12, 'whip': '1.03', 'battersFaced': 94, 'outs': 70, 'gamesPitched': 12, 'completeGames': 0, 'shutouts': 0, 'strikes': 239, 'strikePercentage': '.640', 'hitBatsmen': 1, 'balks': 0, 'wildPitches': 0, 'pickoffs': 0, 'totalBases': 30, 'groundOutsToAirouts': '2.25', 'winPercentage': '1.000', 'pitchesPerInning': '16.11', 'gamesFinished': 5, 'strikeoutWalkRatio': '2.83', 'strikeoutsPer9Inn': '6.56', 'walksPer9Inn': '2.31', 'hitsPer9Inn': '6.94', 'runsScoredPer9': '4.63', 'homeRunsPer9': '1.16', 'inheritedRunners': 1, 'inheritedRunnersScored': 1, 'catchersInterference': 0, 'sacBunts': 0, 'sacFlies': 0}, 'team': {'id': 140, 'name': 'Texas Rangers', 'link': '/api/v1/teams/140'}, 'player': {'id': 656756, 'fullName': 'Jordan Montgomery', 'link': '/api/v1/people/656756'}, 'league': {'id': 103, 'name': 'American League', 'link': '/api/v1/league/103'}, 'sport': {'id': 1, 'link': '/api/v1/sports/1', 'abbreviation': 'MLB'}, 'gameType': 'R'}]",season,pitching
[],"[{'season': '2026', 'stat': {'age': 28, 'gamesPlayed': 15, 'gamesStarted': 1, 'groundOuts': 17, 'airOuts': 21, 'runs': 17, 'doubles': 5, 'triples': 0, 'homeRuns': 4, 'strikeOuts': 23, 'baseOnBalls': 7, 'intentionalWalks': 0, 'hits': 30, 'hitByPitch': 4, 'avg': '.333', 'atBats': 90, 'obp': '.406', 'slg': '.522', 'ops': '.928', 'caughtStealing': 1, 'stolenBases': 5, 'stolenBasePercentage': '.833', 'caughtStealingPercentage': '.167', 'groundIntoDoublePlay': 1, 'numberOfPitches': 359, 'era': '6.75', 'inningsPitched': '21.1', 'wins': 0, 'losses': 1, 'saves': 0, 'saveOpportunities': 1, 'holds': 2, 'blownSaves': 1, 'earnedRuns': 16, 'whip': '1.73', 'battersFaced': 102, 'outs': 64, 'gamesPitched': 15, 'completeGames': 0, 'shutouts': 0, 'strikes': 242, 'strikePercentage': '.670', 'hitBatsmen': 4, 'balks': 0, 'wildPitches': 1, 'pickoffs': 0, 'totalBases': 47, 'groundOutsToAirouts': '0.81', 'winPercentage': '.000', 'pitchesPerInning': '16.83', 'gamesFinished': 6, 'strikeoutWalkRatio': '3.29', 'strikeoutsPer9Inn': '9.70', 'walksPer9Inn': '2.95', 'hitsPer9Inn': '12.66', 'runsScoredPer9': '7.17', 'homeRunsPer9': '1.69', 'inheritedRunners': 11, 'inheritedRunnersScored': 4, 'catchersInterference': 0, 'sacBunts': 1, 'sacFlies': 0}, 'player': {'id': 671111, 'fullName': 'Sammy Peralta', 'link': '/api/v1/people/671111'}, 'sport': {'id': 1, 'link': '/api/v1/sports/1', 'abbreviation': 'MLB'}, 'gameType': 'R', 'numTeams': 2, 'numLeagues': 2}, {'season': '2026', 'stat': {'age': 28, 'gamesPlayed': 13, 'gamesStarted': 0, 'groundOuts': 16, 'airOuts': 18, 'runs': 14, 'doubles': 4, 'triples': 0, 'homeRuns': 3, 'strikeOuts': 19, 'baseOnBalls': 5, 'intentionalWalks': 0, 'hits': 27, 'hitByPitch': 2, 'avg': '.342', 'atBats': 79, 'obp': '.395', 'slg': '.506', 'ops': '.901', 'caughtStealing': 1, 'stolenBases': 5, 'stolenBasePercentage': '.833', 'caughtStealingPercentage': '.167', 'groundIntoDoublePlay': 1, 'numberOfPitches': 310, 'era': '6.27', 'inningsPitched': '18.2', 'wins': 0, 'losses': 0, 'saves': 0, 'saveOpportunities': 1, 'holds': 2, 'blownSaves': 1, 'earnedRuns': 13, 'whip': '1.71', 'battersFaced': 87, 'outs': 56, 'gamesPitched': 13, 'completeGames': 0, 'shutouts': 0, 'strikes': 211, 'strikePercentage': '.680', 'hitBatsmen': 2, 'balks': 0, 'wildPitches': 1, 'pickoffs': 0, 'totalBases': 40, 'groundOutsToAirouts': '0.89', 'winPercentage': '.---', 'pitchesPerInning': '16.61', 'gamesFinished': 5, 'strikeoutWalkRatio': '3.80', 'strikeoutsPer9Inn': '9.16', 'walksPer9Inn': '2.41', 'hitsPer9Inn': '13.02', 'runsScoredPer9': '6.75', 'homeRunsPer9': '1.45', 'inheritedRunners': 11, 'inheritedRunnersScored': 4, 'catchersInterference': 0, 'sacBunts': 1, 'sacFlies': 0}, 'team': {'id': 108, 'name': 'Los Angeles Angels', 'link': '/api/v1/teams/108'}, 'player': {'id': 671111, 'fullName': 'Sammy Peralta', 'link': '/api/v1/people/671111'}, 'league': {'id': 103, 'name': 'American League', 'link': '/api/v1/league/103'}, 'sport': {'id': 1, 'link': '/api/v1/sports/1', 'abbreviation': 'MLB'}, 'gameType': 'R'}, {'season': '2026', 'stat': {'age': 28, 'gamesPlayed': 2, 'gamesStarted': 1, 'groundOuts': 1, 'airOuts': 3, 'runs': 3, 'doubles': 1, 'triples': 0, 'homeRuns': 1, 'strikeOuts': 4, 'baseOnBalls': 2, 'intentionalWalks': 0, 'hits': 3, 'hitByPitch': 2, 'avg': '.273', 'atBats': 11, 'obp': '.467', 'slg': '.636', 'ops': '1.103', 'caughtStealing': 0, 'stolenBases': 0, 'stolenBasePercentage': '.---', 'caughtStealingPercentage': '.---', 'groundIntoDoublePlay': 0, 'numberOfPitches': 49, 'era': '10.13', 'inningsPitched': '2.2', 'wins': 0, 'losses': 1, 'saves': 0, 'saveOpportunities': 0, 'holds': 0, 'blownSaves': 0, 'earnedRuns': 3, 'whip': '1.88', 'battersFaced': 15, 'outs': 8, 'gamesPitched': 2, 'completeGames': 0, 'shutouts': 0, 'strikes': 31, 'strikePercentage': '.630', 'hitBatsmen': 2, 'balks': 0, 'wildPitches': 0, 'pickoffs': 0, 'totalBases': 7, 'groundOutsToAirouts': '0.33', 'winPercentage': '.000', 'pitchesPerInning': '18.38', 'gamesFinished': 1, 'strikeoutWalkRatio': '2.00', 'strikeoutsPer9Inn': '13.50', 'walksPer9Inn': '6.75', 'hitsPer9Inn': '10.13', 'runsScoredPer9': '10.13', 'homeRunsPer9': '3.38', 'inheritedRunners': 0, 'inheritedRunnersScored': 0, 'catchersInterference': 0, 'sacBunts': 0, 'sacFlies': 0}, 'team': {'id': 115, 'name': 'Colorado Rockies', 'link': '/api/v1/teams/115'}, 'player': {'id': 671111, 'fullName': 'Sammy Peralta', 'link': '/api/v1/people/671111'}, 'league': {'id': 104, 'name': 'National League', 'link': '/api/v1/league/104'}, 'sport': {'id': 1, 'link': '/api/v1/sports/1', 'abbreviation': 'MLB'}, 'gameType': 'R'}]",season,pitching
[],"[{'season': '2026', 'stat': {'age': 23, 'gamesPlayed': 30, 'gamesStarted': 29, 'groundOuts': 122, 'airOuts': 166, 'runs': 77, 'doubles': 29, 'triples': 1, 'homeRuns': 20, 'strikeOuts': 170, 'baseOnBalls': 68, 'intentionalWalks': 0, 'hits': 124, 'hitByPitch': 10, 'avg': '.214', 'atBats': 579, 'obp': '.306', 'slg': '.371', 'ops': '.677', 'caughtStealing': 6, 'stolenBases': 31, 'stolenBasePercentage': '.838', 'caughtStealingPercentage': '.162', 'groundIntoDoublePlay': 11, 'numberOfPitches': 2673, 'era': '3.91', 'inningsPitched': '159.0', 'wins': 8, 'losses': 11, 'saves': 0, 'saveOpportunities': 0, 'holds': 0, 'blownSaves': 0, 'earnedRuns': 69, 'whip': '1.21', 'battersFaced': 660, 'outs': 477, 'gamesPitched': 30, 'completeGames': 1, 'shutouts': 1, 'strikes': 1696, 'strikePercentage': '.630', 'hitBatsmen': 10, 'balks': 3, 'wildPitches': 4, 'pickoffs': 1, 'totalBases': 215, 'groundOutsToAirouts': '0.73', 'winPercentage': '.421', 'pitchesPerInning': '16.81', 'gamesFinished': 0, 'strikeoutWalkRatio': '2.50', 'strikeoutsPer9Inn': '9.62', 'walksPer9Inn': '3.85', 'hitsPer9Inn': '7.02', 'runsScoredPer9': '4.36', 'homeRunsPer9': '1.13', 'inheritedRunners': 0, 'inheritedRunnersScored': 0, 'catchersInterference': 0, 'sacBunts': 0, 'sacFlies': 3}, 'team': {'id': 146, 'name': 'Miami Marlins', 'link': '/api/v1/teams/146'}, 'player': {'id': 691587, 'fullName': 'Eury Pérez', 'link': '/api/v1/people/691587'}, 'league': {'id': 104, 'name': 'National League', 'link': '/api/v1/league/104'}, 'sport': {'id': 1, 'link': '/api/v1/sports/1', 'abbreviation': 'MLB'}, 'gameType': 'R'}]",season,pitching
[],"[{'season': '2026', 'stat': {'age': 36, 'gamesPlayed': 32, 'gamesStarted': 32, 'groundOuts': 162, 'airOuts': 192, 'runs': 107, 'doubles': 46, 'triples': 5, 'homeRuns': 23, 'strikeOuts': 134, 'baseOnBalls': 54, 'intentionalWalks': 0, 'hits': 200, 'hitByPitch': 9, 'avg': '.295', 'atBats': 677, 'obp': '.352', 'slg': '.480', 'ops': '.832', 'caughtStealing': 4, 'stolenBases': 7, 'stolenBasePercentage': '.636', 'caughtStealingPercentage': '.364', 'groundIntoDoublePlay': 19, 'numberOfPitches': 2858, 'era': '5.17', 'inningsPitched': '172.1', 'wins': 7, 'losses': 9, 'saves': 0, 'saveOpportunities': 0, 'holds': 0, 'blownSaves': 0, 'earnedRuns': 99, 'whip': '1.47', 'battersFaced': 751, 'outs': 517, 'gamesPitched': 32, 'completeGames': 0, 'shutouts': 0, 'strikes': 1824, 'strikePercentage': '.640', 'hitBatsmen': 9, 'balks': 1, 'wildPitches': 2, 'pickoffs': 4, 'totalBases': 325, 'groundOutsToAirouts': '0.84', 'winPercentage': '.438', 'pitchesPerInning': '16.58', 'gamesFinished': 0, 'strikeoutWalkRatio': '2.48', 'strikeoutsPer9Inn': '7.00', 'walksPer9Inn': '2.82', 'hitsPer9Inn': '10.44', 'runsScoredPer9': '5.59', 'homeRunsPer9': '1.20', 'inheritedRunners': 0, 'inheritedRunnersScored': 0, 'catchersInterference': 0, 'sacBunts': 3, 'sacFlies': 8}, 'team': {'id': 118, 'name': 'Kansas City Royals', 'link': '/api/v1/teams/118'}, 'player': {'id': 607625, 'fullName': 'Seth Lugo', 'link': '/api/v1/people/607625'}, 'league': {'id': 103, 'name': 'American League', 'link': '/api/v1/league/103'}, 'sport': {'id': 1, 'link': '/api/v1/sports/1', 'abbreviation': 'MLB'}, 'gameType': 'R'}]",season,pitching
[],"[{'season': '2026', 'stat': {'age': 28, 'gamesPlayed': 16, 'gamesStarted': 0, 'groundOuts': 32, 'airOuts': 39, 'runs': 17, 'doubles': 2, 'triples': 2, 'homeRuns': 5, 'strikeOuts': 31, 'baseOnBalls': 3, 'intentionalWalks': 0, 'hits': 44, 'hitByPitch': 2, 'avg': '.301', 'atBats': 146, 'obp': '.325', 'slg': '.445', 'ops': '.770', 'caughtStealing': 1, 'stolenBases': 1, 'stolenBasePercentage': '.500', 'caughtStealingPercentage': '.500', 'groundIntoDoublePlay': 3, 'numberOfPitches': 558, 'era': '4.33', 'inningsPitched': '35.1', 'wins': 0, 'losses': 0, 'saves': 0, 'saveOpportunities': 1, 'holds': 0, 'blownSaves': 1, 'earnedRuns': 17, 'whip': '1.33', 'battersFaced': 151, 'outs': 106, 'gamesPitched': 16, 'completeGames': 0, 'shutouts': 0, 'strikes': 398, 'strikePercentage': '.710', 'hitBatsmen': 2, 'balks': 0, 'wildPitches': 0, 'pickoffs': 0, 'totalBases': 65, 'groundOutsToAirouts': '0.82', 'winPercentage': '.---', 'pitchesPerInning': '15.79', 'gamesFinished': 9, 'strikeoutWalkRatio': '10.33', 'strikeoutsPer9Inn': '7.90', 'walksPer9Inn': '0.76', 'hitsPer9Inn': '11.21', 'runsScoredPer9': '4.33', 'homeRunsPer9': '1.27', 'inheritedRunners': 7, 'inheritedRunnersScored': 5, 'catchersInterference': 0, 'sacBunts': 0, 'sacFlies': 0}, 'player': {'id': 669060, 'fullName': 'Bryse Wilson', 'link': '/api/v1/people/669060'}, 'league': {'id': 104, 'name': 'National League', 'link': '/api/v1/league/104'}, 'sport': {'id': 1, 'link': '/api/v1/sports/1', 'abbreviation': 'MLB'}, 'gameType': 'R', 'numTeams': 3}, {'season': '2026', 'stat': {'age': 28, 'gamesPlayed': 2, 'gamesStarted': 0, 'groundOuts': 8, 'airOuts': 7, 'runs': 7, 'doubles': 0, 'triples': 1, 'homeRuns': 2, 'strikeOuts': 8, 'baseOnBalls': 1, 'intentionalWalks': 0, 'hits': 12, 'hitByPitch': 2, 'avg': '.343', 'atBats': 35, 'obp': '.395', 'slg': '.571', 'ops': '.966', 'caughtStealing': 0, 'stolenBases': 0, 'stolenBasePercentage': '.---', 'caughtStealingPercentage': '.---', 'groundIntoDoublePlay': 0, 'numberOfPitches': 133, 'era': '8.22', 'inningsPitched': '7.2', 'wins': 0, 'losses': 0, 'saves': 0, 'saveOpportunities': 0, 'holds': 0, 'blownSaves': 0, 'earnedRuns': 7, 'whip': '1.70', 'battersFaced': 38, 'outs': 23, 'gamesPitched': 2, 'completeGames': 0, 'shutouts': 0, 'strikes': 95, 'strikePercentage': '.710', 'hitBatsmen': 2, 'balks': 0, 'wildPitches': 0, 'pickoffs': 0, 'totalBases': 20, 'groundOutsToAirouts': '1.14', 'winPercentage': '.---', 'pitchesPerInning': '17.35', 'gamesFinished': 0, 'strikeoutWalkRatio': '8.00', 'strikeoutsPer9Inn': '9.39', 'walksPer9Inn': '1.17', 'hitsPer9Inn': '14.09', 'runsScoredPer9': '8.22', 'homeRunsPer9': '2.35', 'inheritedRunners': 2, 'inheritedRunnersScored': 2, 'catchersInterference': 0, 'sacBunts': 0, 'sacFlies': 0}, 'team': {'id': 112, 'name': 'Chicago Cubs', 'link': '/api/v1/teams/112'}, 'player': {'id': 669060, 'fullName': 'Bryse Wilson', 'link': '/api/v1/people/669060'}, 'league': {'id': 104, 'name': 'National League', 'link': '/api/v1/league/104'}, 'sport': {'id': 1, 'link': '/api/v1/sports/1', 'abbreviation': 'MLB'}, 'gameType': 'R'}, {'season': '2026', 'stat': {'age': 28, 'gamesPlayed': 1, 'gamesStarted': 0, 'groundOuts': 2, 'airOuts': 3, 'runs': 0, 'doubles': 0, 'triples': 0, 'homeRuns': 0, 'strikeOuts': 0, 'baseOnBalls': 1, 'intentionalWalks': 0, 'hits': 1, 'hitByPitch': 0, 'avg': '.167', 'atBats': 6, 'obp': '.286', 'slg': '.167', 'ops': '.453', 'caughtStealing': 0, 'stolenBases': 0, 'stolenBasePercentage': '.---', 'caughtStealingPercentage': '.---', 'groundIntoDoublePlay': 1, 'numberOfPitches': 29, 'era': '0.00', 'inningsPitched': '2.0', 'wins': 0, 'losses': 0, 'saves': 0, 'saveOpportunities': 0, 'holds': 0, 'blownSaves': 0, 'earnedRuns': 0, 'whip': '1.00', 'battersFaced': 7, 'outs': 6, 'gamesPitched': 1, 'completeGames': 0, 'shutouts': 0, 'strikes': 19, 'strikePercentage': '.660', 'hitBatsmen': 0, 'balks': 0, 'wildPitches': 0, 'pickoffs': 0, 'totalBases': 1, 'groundOutsToAirouts': '0.67', 'winPercentage': '.---', 'pitchesPerInning': '14.50', 'gamesFinished': 1, 'strikeoutWalkRatio': '0.00', 'strikeoutsPer9Inn': '0.00', 'walksPer9Inn': '4.50', 'hitsPer9Inn': '4.50', 'runsScoredPer9': '0.00', 'homeRunsPer9': '0.00', 'inheritedRunners': 0, 'inheritedRunnersScored': 0, 'catchersInterference': 0, 'sacBunts': 0, 'sacFlies': 0}, 'team': {'id': 143, 'name': 'Philadelphia Phillies', 'link': '/api/v1/teams/143'}, 'player': {'id': 669060, 'fullName': 'Bryse Wilson', 'link': '/api/v1/people/669060'}, 'league': {'id': 104, 'name': 'National League', 'link': '/api/v1/league/104'}, 'sport': {'id': 1, 'link': '/api/v1/sports/1', 'abbreviation': 'MLB'}, 'gameType': 'R'}, {'season': '2026', 'stat': {'age': 28, 'gamesPlayed': 13, 'gamesStarted': 0, 'groundOuts': 22, 'airOuts': 29, 'runs': 10, 'doubles': 2, 'triples': 1, 'homeRuns': 3, 'strikeOuts': 23, 'baseOnBalls': 1, 'intentionalWalks': 0, 'hits': 31, 'hitByPitch': 0, 'avg': '.295', 'atBats': 105, 'obp': '.302', 'slg': '.419', 'ops': '.721', 'caughtStealing': 1, 'stolenBases': 1, 'stolenBasePercentage': '.500', 'caughtStealingPercentage': '.500', 'groundIntoDoublePlay': 2, 'numberOfPitches': 396, 'era': '3.51', 'inningsPitched': '25.2', 'wins': 0, 'losses': 0, 'saves': 0, 'saveOpportunities': 1, 'holds': 0, 'blownSaves': 1, 'earnedRuns': 10, 'whip': '1.25', 'battersFaced': 106, 'outs': 77, 'gamesPitched': 13, 'completeGames': 0, 'shutouts': 0, 'strikes': 284, 'strikePercentage': '.720', 'hitBatsmen': 0, 'balks': 0, 'wildPitches': 0, 'pickoffs': 0, 'totalBases': 44, 'groundOutsToAirouts': '0.76', 'winPercentage': '.---', 'pitchesPerInning': '15.43', 'gamesFinished': 8, 'strikeoutWalkRatio': '23.00', 'strikeoutsPer9Inn': '8.06', 'walksPer9Inn': '0.35', 'hitsPer9Inn': '10.87', 'runsScoredPer9': '3.51', 'homeRunsPer9': '1.05', 'inheritedRunners': 5, 'inheritedRunnersScored': 3, 'catchersInterference': 0, 'sacBunts': 0, 'sacFlies': 0}, 'team': {'id': 158, 'name': 'Milwaukee Brewers', 'link': '/api/v1/teams/158'}, 'player': {'id': 669060, 'fullName': 'Bryse Wilson', 'link': '/api/v1/people/669060'}, 'league': {'id': 104, 'name': 'National League', 'link': '/api/v1/league/104'}, 'sport': {'id': 1, 'link': '/api/v1/sports/1', 'abbreviation': 'MLB'}, 'gameType': 'R'}]",season,pitching
[],"[{'season': '2026', 'stat': {'age': 28, 'gamesPlayed': 57, 'gamesStarted': 1, 'groundOuts': 42, 'airOuts': 35, 'runs': 18, 'doubles': 6, 'triples': 0, 'homeRuns': 3, 'strikeOuts': 74, 'baseOnBalls': 34, 'intentionalWalks': 3, 'hits': 37, 'hitByPitch': 5, 'avg': '.201', 'atBats': 184, 'obp': '.338', 'slg': '.283', 'ops': '.621', 'caughtStealing': 1, 'stolenBases': 9, 'stolenBasePercentage': '.900', 'caughtStealingPercentage': '.100', 'groundIntoDoublePlay': 1, 'numberOfPitches': 970, 'era': '2.98', 'inningsPitched': '51.1', 'wins': 4, 'losses': 2, 'saves': 5, 'saveOpportunities': 6, 'holds': 14, 'blownSaves': 1, 'earnedRuns': 17, 'whip': '1.38', 'battersFaced': 227, 'outs': 154, 'gamesPitched': 57, 'completeGames': 0, 'shutouts': 0, 'strikes': 561, 'strikePercentage': '.580', 'hitBatsmen': 5, 'balks': 0, 'wildPitches': 6, 'pickoffs': 0, 'totalBases': 52, 'groundOutsToAirouts': '1.20', 'winPercentage': '.667', 'pitchesPerInning': '18.90', 'gamesFinished': 13, 'strikeoutWalkRatio': '2.18', 'strikeoutsPer9Inn': '12.97', 'walksPer9Inn': '5.96', 'hitsPer9Inn': '6.49', 'runsScoredPer9': '3.16', 'homeRunsPer9': '0.53', 'inheritedRunners': 23, 'inheritedRunnersScored': 9, 'catchersInterference': 0, 'sacBunts': 2, 'sacFlies': 2}, 'player': {'id': 669062, 'fullName': 'Erik Miller', 'link': '/api/v1/people/669062'}, 'sport': {'id': 1, 'link': '/api/v1/sports/1', 'abbreviation': 'MLB'}, 'gameType': 'R', 'numTeams': 2, 'numLeagues': 2}, {'season': '2026', 'stat': {'age': 28, 'gamesPlayed': 19, 'gamesStarted': 1, 'groundOuts': 14, 'airOuts': 13, 'runs': 8, 'doubles': 1, 'triples': 0, 'homeRuns': 1, 'strikeOuts': 29, 'baseOnBalls': 12, 'intentionalWalks': 1, 'hits': 14, 'hitByPitch': 3, 'avg': '.206', 'atBats': 68, 'obp': '.345', 'slg': '.265', 'ops': '.610', 'caughtStealing': 1, 'stolenBases': 0, 'stolenBasePercentage': '.000', 'caughtStealingPercentage': '1.000', 'groundIntoDoublePlay': 0, 'numberOfPitches': 331, 'era': '3.38', 'inningsPitched': '18.2', 'wins': 2, 'losses': 2, 'saves': 1, 'saveOpportunities': 1, 'holds': 4, 'blownSaves': 0, 'earnedRuns': 7, 'whip': '1.39', 'battersFaced': 85, 'outs': 56, 'gamesPitched': 19, 'completeGames': 0, 'shutouts': 0, 'strikes': 201, 'strikePercentage': '.610', 'hitBatsmen': 3, 'balks': 0, 'wildPitches': 4, 'pickoffs': 0, 'totalBases': 18, 'groundOutsToAirouts': '1.08', 'winPercentage': '.500', 'pitchesPerInning': '17.73', 'gamesFinished': 2, 'strikeoutWalkRatio': '2.42', 'strikeoutsPer9Inn': '13.98', 'walksPer9Inn': '5.79', 'hitsPer9Inn': '6.75', 'runsScoredPer9': '3.86', 'homeRunsPer9': '0.48', 'inheritedRunners': 1, 'inheritedRunnersScored': 0, 'catchersInterference': 0, 'sacBunts': 1, 'sacFlies': 1}, 'team': {'id': 111, 'name': 'Boston Red Sox', 'link': '/api/v1/teams/111'}, 'player': {'id': 669062, 'fullName': 'Erik Miller', 'link': '/api/v1/people/669062'}, 'league': {'id': 103, 'name': 'American League', 'link': '/api/v1/league/103'}, 'sport': {'id': 1, 'link': '/api/v1/sports/1', 'abbreviation': 'MLB'}, 'gameType': 'R'}, {'season': '2026', 'stat': {'age': 28, 'gamesPlayed': 38, 'gamesStarted': 0, 'groundOuts': 28, 'airOuts': 22, 'runs': 10, 'doubles': 5, 'triples': 0, 'homeRuns': 2, 'strikeOuts': 45, 'baseOnBalls': 22, 'intentionalWalks': 2, 'hits': 23, 'hitByPitch': 2, 'avg': '.198', 'atBats': 116, 'obp': '.333', 'slg': '.293', 'ops': '.626', 'caughtStealing': 0, 'stolenBases': 9, 'stolenBasePercentage': '1.000', 'caughtStealingPercentage': '.000', 'groundIntoDoublePlay': 1, 'numberOfPitches': 639, 'era': '2.76', 'inningsPitched': '32.2', 'wins': 2, 'losses': 0, 'saves': 4, 'saveOpportunities': 5, 'holds': 10, 'blownSaves': 1, 'earnedRuns': 10, 'whip': '1.38', 'battersFaced': 142, 'outs': 98, 'gamesPitched': 38, 'completeGames': 0, 'shutouts': 0, 'strikes': 360, 'strikePercentage': '.560', 'hitBatsmen': 2, 'balks': 0, 'wildPitches': 2, 'pickoffs': 0, 'totalBases': 34, 'groundOutsToAirouts': '1.27', 'winPercentage': '1.000', 'pitchesPerInning': '19.56', 'gamesFinished': 11, 'strikeoutWalkRatio': '2.05', 'strikeoutsPer9Inn': '12.40', 'walksPer9Inn': '6.06', 'hitsPer9Inn': '6.34', 'runsScoredPer9': '2.76', 'homeRunsPer9': '0.55', 'inheritedRunners': 22, 'inheritedRunnersScored': 9, 'catchersInterference': 0, 'sacBunts': 1, 'sacFlies': 1}, 'team': {'id': 137, 'name': 'San Francisco Giants', 'link': '/api/v1/teams/137'}, 'player': {'id': 669062, 'fullName': 'Erik Miller', 'link': '/api/v1/people/669062'}, 'league': {'id': 104, 'name': 'National League', 'link': '/api/v1/league/104'}, 'sport': {'id': 1, 'link': '/api/v1/sports/1', 'abbreviation': 'MLB'}, 'gameType': 'R'}]",season,pitching
[],"[{'season': '2026', 'stat': {'age': 31, 'gamesPlayed': 34, 'gamesStarted': 15, 'groundOuts': 88, 'airOuts': 148, 'runs': 55, 'doubles': 27, 'triples': 3, 'homeRuns': 18, 'strikeOuts': 91, 'baseOnBalls': 35, 'intentionalWalks': 2, 'hits': 125, 'hitByPitch': 5, 'avg': '.279', 'atBats': 448, 'obp': '.337', 'slg': '.473', 'ops': '.810', 'caughtStealing': 3, 'stolenBases': 5, 'stolenBasePercentage': '.625', 'caughtStealingPercentage': '.375', 'groundIntoDoublePlay': 1, 'numberOfPitches': 1896, 'era': '4.20', 'inningsPitched': '111.1', 'wins': 6, 'losses': 8, 'saves': 2, 'saveOpportunities': 2, 'holds': 1, 'blownSaves': 0, 'earnedRuns': 52, 'whip': '1.44', 'battersFaced': 493, 'outs': 334, 'gamesPitched': 34, 'completeGames': 0, 'shutouts': 0, 'strikes': 1237, 'strikePercentage': '.650', 'hitBatsmen': 5, 'balks': 0, 'wildPitches': 3, 'pickoffs': 2, 'totalBases': 212, 'groundOutsToAirouts': '0.59', 'winPercentage': '.429', 'pitchesPerInning': '17.03', 'gamesFinished': 7, 'strikeoutWalkRatio': '2.60', 'strikeoutsPer9Inn': '7.36', 'walksPer9Inn': '2.83', 'hitsPer9Inn': '10.10', 'runsScoredPer9': '4.45', 'homeRunsPer9': '1.46', 'inheritedRunners': 9, 'inheritedRunnersScored': 3, 'catchersInterference': 1, 'sacBunts': 2, 'sacFlies': 2}, 'player': {'id': 650644, 'fullName': 'Aaron Civale', 'link': '/api/v1/people/650644'}, 'sport': {'id': 1, 'link': '/api/v1/sports/1', 'abbreviation': 'MLB'}, 'gameType': 'R', 'numTeams': 2, 'numLeagues': 2}, {'season': '2026', 'stat': {'age': 31, 'gamesPlayed': 18, 'gamesStarted': 0, 'groundOuts': 37, 'airOuts': 40, 'runs': 9, 'doubles': 4, 'triples': 2, 'homeRuns': 2, 'strikeOuts': 33, 'baseOnBalls': 12, 'intentionalWalks': 1, 'hits': 27, 'hitByPitch': 3, 'avg': '.199', 'atBats': 136, 'obp': '.278', 'slg': '.301', 'ops': '.579', 'caughtStealing': 1, 'stolenBases': 1, 'stolenBasePercentage': '.500', 'caughtStealingPercentage': '.500', 'groundIntoDoublePlay': 0, 'numberOfPitches': 584, 'era': '1.72', 'inningsPitched': '36.2', 'wins': 1, 'losses': 1, 'saves': 2, 'saveOpportunities': 2, 'holds': 1, 'blownSaves': 0, 'earnedRuns': 7, 'whip': '1.06', 'battersFaced': 152, 'outs': 110, 'gamesPitched': 18, 'completeGames': 0, 'shutouts': 0, 'strikes': 381, 'strikePercentage': '.650', 'hitBatsmen': 3, 'balks': 0, 'wildPitches': 1, 'pickoffs': 0, 'totalBases': 41, 'groundOutsToAirouts': '0.93', 'winPercentage': '.500', 'pitchesPerInning': '15.93', 'gamesFinished': 7, 'strikeoutWalkRatio': '2.75', 'strikeoutsPer9Inn': '8.10', 'walksPer9Inn': '2.95', 'hitsPer9Inn': '6.63', 'runsScoredPer9': '2.21', 'homeRunsPer9': '0.49', 'inheritedRunners': 9, 'inheritedRunnersScored': 3, 'catchersInterference': 0, 'sacBunts': 1, 'sacFlies': 0}, 'team': {'id': 112, 'name': 'Chicago Cubs', 'link': '/api/v1/teams/112'}, 'player': {'id': 650644, 'fullName': 'Aaron Civale', 'link': '/api/v1/people/650644'}, 'league': {'id': 104, 'name': 'National League', 'link': '/api/v1/league/104'}, 'sport': {'id': 1, 'link': '/api/v1/sports/1', 'abbreviation': 'MLB'}, 'gameType': 'R'}, {'season': '2026', 'stat': {'age': 31, 'gamesPlayed': 16, 'gamesStarted': 15, 'groundOuts': 51, 'airOuts': 108, 'runs': 46, 'doubles': 23, 'triples': 1, 'homeRuns': 16, 'strikeOuts': 58, 'baseOnBalls': 23, 'intentionalWalks': 1, 'hits': 98, 'hitByPitch': 2, 'avg': '.314', 'atBats': 312, 'obp': '.363', 'slg': '.548', 'ops': '.911', 'caughtStealing': 2, 'stolenBases': 4, 'stolenBasePercentage': '.667', 'caughtStealingPercentage': '.333', 'groundIntoDoublePlay': 1, 'numberOfPitches': 1312, 'era': '5.42', 'inningsPitched': '74.2', 'wins': 5, 'losses': 7, 'saves': 0, 'saveOpportunities': 0, 'holds': 0, 'blownSaves': 0, 'earnedRuns': 45, 'whip': '1.62', 'battersFaced': 341, 'outs': 224, 'gamesPitched': 16, 'completeGames': 0, 'shutouts': 0, 'strikes': 856, 'strikePercentage': '.650', 'hitBatsmen': 2, 'balks': 0, 'wildPitches': 2, 'pickoffs': 2, 'totalBases': 171, 'groundOutsToAirouts': '0.47', 'winPercentage': '.417', 'pitchesPerInning': '17.57', 'gamesFinished': 0, 'strikeoutWalkRatio': '2.52', 'strikeoutsPer9Inn': '6.99', 'walksPer9Inn': '2.77', 'hitsPer9Inn': '11.81', 'runsScoredPer9': '5.54', 'homeRunsPer9': '1.93', 'inheritedRunners': 0, 'inheritedRunnersScored': 0, 'catchersInterference': 1, 'sacBunts': 1, 'sacFlies': 2}, 'team': {'id': 133, 'name': 'Athletics', 'link': '/api/v1/teams/133'}, 'player': {'id': 650644, 'fullName': 'Aaron Civale', 'link': '/api/v1/people/650644'}, 'league': {'id': 103, 'name': 'American League', 'link': '/api/v1/league/103'}, 'sport': {'id': 1, 'link': '/api/v1/sports/1', 'abbreviation': 'MLB'}, 'gameType': 'R'}]",season,pitching
[],"[{'season': '2026', 'stat': {'age': 25, 'gamesPlayed': 33, 'gamesStarted': 33, 'groundOuts': 160, 'airOuts': 176, 'runs': 52, 'doubles': 26, 'triples': 3, 'homeRuns': 16, 'strikeOuts': 239, 'baseOnBalls': 49, 'intentionalWalks': 0, 'hits': 129, 'hitByPitch': 6, 'avg': '.185', 'atBats': 696, 'obp': '.244', 'slg': '.300', 'ops': '.544', 'caughtStealing': 2, 'stolenBases': 6, 'stolenBasePercentage': '.750', 'caughtStealingPercentage': '.250', 'groundIntoDoublePlay': 10, 'numberOfPitches': 3041, 'era': '1.95', 'inningsPitched': '193.2', 'wins': 14, 'losses': 6, 'saves': 0, 'saveOpportunities': 0, 'holds': 0, 'blownSaves': 0, 'earnedRuns': 42, 'whip': '0.92', 'battersFaced': 761, 'outs': 581, 'gamesPitched': 33, 'completeGames': 0, 'shutouts': 0, 'strikes': 2033, 'strikePercentage': '.670', 'hitBatsmen': 6, 'balks': 0, 'wildPitches': 0, 'pickoffs': 0, 'totalBases': 209, 'groundOutsToAirouts': '0.91', 'winPercentage': '.700', 'pitchesPerInning': '15.70', 'gamesFinished': 0, 'strikeoutWalkRatio': '4.88', 'strikeoutsPer9Inn': '11.11', 'walksPer9Inn': '2.28', 'hitsPer9Inn': '5.99', 'runsScoredPer9': '2.42', 'homeRunsPer9': '0.74', 'inheritedRunners': 0, 'inheritedRunnersScored': 0, 'catchersInterference': 2, 'sacBunts': 4, 'sacFlies': 4}, 'team': {'id': 147, 'name': 'New York Yankees', 'link': '/api/v1/teams/147'}, 'player': {'id': 693645, 'fullName': 'Cam Schlittler', 'link': '/api/v1/people/693645'}, 'league': {'id': 103, 'name': 'American League', 'link': '/api/v1/league/103'}, 'sport': {'id': 1, 'link': '/api/v1/sports/1', 'abbreviation': 'MLB'}, 'gameType': 'R'}]",season,pitching
[],"[{'season': '2026', 'stat': {'age': 26, 'gamesPlayed': 10, 'gamesStarted': 0, 'groundOuts': 12, 'airOuts': 9, 'runs': 8, 'doubles': 1, 'triples': 0, 'homeRuns': 1, 'strikeOuts': 15, 'baseOnBalls': 6, 'intentionalWalks': 0, 'hits': 9, 'hitByPitch': 1, 'avg': '.209', 'atBats': 43, 'obp': '.308', 'slg': '.302', 'ops': '.610', 'caughtStealing': 2, 'stolenBases': 1, 'stolenBasePercentage': '.333', 'caughtStealingPercentage': '.667', 'groundIntoDoublePlay': 2, 'numberOfPitches': 225, 'era': '4.26', 'inningsPitched': '12.2', 'wins': 1, 'losses': 0, 'saves': 0, 'saveOpportunities': 0, 'holds': 1, 'blownSaves': 0, 'earnedRuns': 6, 'whip': '1.18', 'battersFaced': 52, 'outs': 38, 'gamesPitched': 10, 'completeGames': 0, 'shutouts': 0, 'strikes': 138, 'strikePercentage': '.610', 'hitBatsmen': 1, 'balks': 0, 'wildPitches': 1, 'pickoffs': 0, 'totalBases': 13, 'groundOutsToAirouts': '1.33', 'winPercentage': '1.000', 'pitchesPerInning': '17.76', 'gamesFinished': 5, 'strikeoutWalkRatio': '2.50', 'strikeoutsPer9Inn': '10.66', 'walksPer9Inn': '4.26', 'hitsPer9Inn': '6.39', 'runsScoredPer9': '5.68', 'homeRunsPer9': '0.71', 'inheritedRunners': 6, 'inheritedRunnersScored': 3, 'catchersInterference': 0, 'sacBunts': 0, 'sacFlies': 2}, 'team': {'id': 138, 'name': 'St. Louis Cardinals', 'link': '/api/v1/teams/138'}, 'player': {'id': 685464, 'fullName': 'Cade Winquest', 'link': '/api/v1/people/685464'}, 'league': {'id': 104, 'name': 'National League', 'link': '/api/v1/league/104'}, 'sport': {'id': 1, 'link': '/api/v1/sports/1', 'abbreviation': 'MLB'}, 'gameType': 'R'}]",season,pitching
[],"[{'season': '2026', 'stat': {'age': 33, 'gamesPlayed': 58, 'gamesStarted': 6, 'groundOuts': 88, 'airOuts': 82, 'runs': 35, 'doubles': 10, 'triples': 5, 'homeRuns': 4, 'strikeOuts': 80, 'baseOnBalls': 33, 'intentionalWalks': 3, 'hits': 72, 'hitByPitch': 8, 'avg': '.226', 'atBats': 319, 'obp': '.313', 'slg': '.326', 'ops': '.639', 'caughtStealing': 2, 'stolenBases': 7, 'stolenBasePercentage': '.778', 'caughtStealingPercentage': '.222', 'groundIntoDoublePlay': 9, 'numberOfPitches': 1433, 'era': '3.17', 'inningsPitched': '88.0', 'wins': 2, 'losses': 5, 'saves': 4, 'saveOpportunities': 7, 'holds': 11, 'blownSaves': 3, 'earnedRuns': 31, 'whip': '1.19', 'battersFaced': 363, 'outs': 264, 'gamesPitched': 58, 'completeGames': 0, 'shutouts': 0, 'strikes': 930, 'strikePercentage': '.650', 'hitBatsmen': 8, 'balks': 0, 'wildPitches': 0, 'pickoffs': 1, 'totalBases': 104, 'groundOutsToAirouts': '1.07', 'winPercentage': '.286', 'pitchesPerInning': '16.28', 'gamesFinished': 8, 'strikeoutWalkRatio': '2.42', 'strikeoutsPer9Inn': '8.18', 'walksPer9Inn': '3.38', 'hitsPer9Inn': '7.36', 'runsScoredPer9': '3.58', 'homeRunsPer9': '0.41', 'inheritedRunners': 37, 'inheritedRunnersScored': 5, 'catchersInterference': 0, 'sacBunts': 2, 'sacFlies': 1}, 'team': {'id': 145, 'name': 'Chicago White Sox', 'link': '/api/v1/teams/145'}, 'player': {'id': 656794, 'fullName': 'Sean Newcomb', 'link': '/api/v1/people/656794'}, 'league': {'id': 103, 'name': 'American League', 'link': '/api/v1/league/103'}, 'sport': {'id': 1, 'link': '/api/v1/sports/1', 'abbreviation': 'MLB'}, 'gameType': 'R'}]",season,pitching
[],"[{'season': '2026', 'stat': {'age': 31, 'gamesPlayed': 32, 'gamesStarted': 32, 'groundOuts': 183, 'airOuts': 183, 'runs': 68, 'doubles': 20, 'triples': 2, 'homeRuns': 20, 'strikeOuts': 159, 'baseOnBalls': 70, 'intentionalWalks': 0, 'hits': 148, 'hitByPitch': 13, 'avg': '.221', 'atBats': 670, 'obp': '.306', 'slg': '.346', 'ops': '.652', 'caughtStealing': 8, 'stolenBases': 7, 'stolenBasePercentage': '.467', 'caughtStealingPercentage': '.533', 'groundIntoDoublePlay': 22, 'numberOfPitches': 2981, 'era': '3.21', 'inningsPitched': '185.0', 'wins': 12, 'losses': 10, 'saves': 0, 'saveOpportunities': 0, 'holds': 0, 'blownSaves': 0, 'earnedRuns': 66, 'whip': '1.18', 'battersFaced': 757, 'outs': 555, 'gamesPitched': 32, 'completeGames': 0, 'shutouts': 0, 'strikes': 1885, 'strikePercentage': '.630', 'hitBatsmen': 13, 'balks': 1, 'wildPitches': 2, 'pickoffs': 0, 'totalBases': 232, 'groundOutsToAirouts': '1.00', 'winPercentage': '.545', 'pitchesPerInning': '16.11', 'gamesFinished': 0, 'strikeoutWalkRatio': '2.27', 'strikeoutsPer9Inn': '7.74', 'walksPer9Inn': '3.41', 'hitsPer9Inn': '7.20', 'runsScoredPer9': '3.31', 'homeRunsPer9': '0.97', 'inheritedRunners': 0, 'inheritedRunnersScored': 0, 'catchersInterference': 1, 'sacBunts': 2, 'sacFlies': 1}, 'team': {'id': 135, 'name': 'San Diego Padres', 'link': '/api/v1/teams/135'}, 'player': {'id': 650633, 'fullName': 'Michael King', 'link': '/api/v1/people/650633'}, 'league': {'id': 104, 'name': 'National League', 'link': '/api/v1/league/104'}, 'sport': {'id': 1, 'link': '/api/v1/sports/1', 'abbreviation': 'MLB'}, 'gameType': 'R'}]",season,pitching
[],"[{'season': '2026', 'stat': {'age': 36, 'gamesPlayed': 28, 'gamesStarted': 0, 'groundOuts': 55, 'airOuts': 84, 'runs': 32, 'doubles': 12, 'triples': 3, 'homeRuns': 8, 'strikeOuts': 46, 'baseOnBalls': 20, 'intentionalWalks': 0, 'hits': 57, 'hitByPitch': 0, 'avg': '.238', 'atBats': 239, 'obp': '.294', 'slg': '.414', 'ops': '.708', 'caughtStealing': 3, 'stolenBases': 2, 'stolenBasePercentage': '.400', 'caughtStealingPercentage': '.600', 'groundIntoDoublePlay': 1, 'numberOfPitches': 970, 'era': '3.86', 'inningsPitched': '63.0', 'wins': 3, 'losses': 0, 'saves': 1, 'saveOpportunities': 1, 'holds': 0, 'blownSaves': 0, 'earnedRuns': 27, 'whip': '1.22', 'battersFaced': 262, 'outs': 189, 'gamesPitched': 28, 'completeGames': 0, 'shutouts': 0, 'strikes': 605, 'strikePercentage': '.620', 'hitBatsmen': 0, 'balks': 0, 'wildPitches': 1, 'pickoffs': 0, 'totalBases': 99, 'groundOutsToAirouts': '0.65', 'winPercentage': '1.000', 'pitchesPerInning': '15.40', 'gamesFinished': 18, 'strikeoutWalkRatio': '2.30', 'strikeoutsPer9Inn': '6.57', 'walksPer9Inn': '2.86', 'hitsPer9Inn': '8.14', 'runsScoredPer9': '4.57', 'homeRunsPer9': '1.14', 'inheritedRunners': 0, 'inheritedRunnersScored': 0, 'catchersInterference': 0, 'sacBunts': 0, 'sacFlies': 3}, 'team': {'id': 110, 'name': 'Baltimore Orioles', 'link': '/api/v1/teams/110'}, 'player': {'id': 544150, 'fullName': 'Albert Suárez', 'link': '/api/v1/people/544150'}, 'league': {'id': 103, 'name': 'American League', 'link': '/api/v1/league/103'}, 'sport': {'id': 1, 'link': '/api/v1/sports/1', 'abbreviation': 'MLB'}, 'gameType': 'R'}]",season,pitching
[],"[{'season': '2026', 'stat': {'age': 29, 'gamesPlayed': 60, 'gamesStarted': 0, 'groundOuts': 48, 'airOuts': 44, 'runs': 30, 'doubles': 14, 'triples': 2, 'homeRuns': 3, 'strikeOuts': 61, 'baseOnBalls': 16, 'intentionalWalks': 1, 'hits': 53, 'hitByPitch': 4, 'avg': '.262', 'atBats': 202, 'obp': '.327', 'slg': '.396', 'ops': '.723', 'caughtStealing': 3, 'stolenBases': 2, 'stolenBasePercentage': '.400', 'caughtStealingPercentage': '.600', 'groundIntoDoublePlay': 4, 'numberOfPitches': 901, 'era': '4.30', 'inningsPitched': '52.1', 'wins': 6, 'losses': 4, 'saves': 1, 'saveOpportunities': 2, 'holds': 13, 'blownSaves': 1, 'earnedRuns': 25, 'whip': '1.32', 'battersFaced': 226, 'outs': 157, 'gamesPitched': 60, 'completeGames': 0, 'shutouts': 0, 'strikes': 588, 'strikePercentage': '.650', 'hitBatsmen': 4, 'balks': 0, 'wildPitches': 1, 'pickoffs': 1, 'totalBases': 80, 'groundOutsToAirouts': '1.09', 'winPercentage': '.600', 'pitchesPerInning': '17.22', 'gamesFinished': 7, 'strikeoutWalkRatio': '3.81', 'strikeoutsPer9Inn': '10.49', 'walksPer9Inn': '2.75', 'hitsPer9Inn': '9.11', 'runsScoredPer9': '5.16', 'homeRunsPer9': '0.52', 'inheritedRunners': 34, 'inheritedRunnersScored': 9, 'catchersInterference': 0, 'sacBunts': 3, 'sacFlies': 1}, 'team': {'id': 110, 'name': 'Baltimore Orioles', 'link': '/api/v1/teams/110'}, 'player': {'id': 664991, 'fullName': 'Grant Wolfram', 'link': '/api/v1/people/664991'}, 'league': {'id': 103, 'name': 'American League', 'link': '/api/v1/league/103'}, 'sport': {'id': 1, 'link': '/api/v1/sports/1', 'abbreviation': 'MLB'}, 'gameType': 'R'}]",season,pitching
[],"[{'season': '2026', 'stat': {'age': 27, 'gamesPlayed': 30, 'gamesStarted': 0, 'groundOuts': 24, 'airOuts': 39, 'runs': 14, 'doubles': 3, 'triples': 0, 'homeRuns': 2, 'strikeOuts': 27, 'baseOnBalls': 16, 'intentionalWalks': 2, 'hits': 20, 'hitByPitch': 0, 'avg': '.185', 'atBats': 108, 'obp': '.286', 'slg': '.269', 'ops': '.555', 'caughtStealing': 1, 'stolenBases': 2, 'stolenBasePercentage': '.667', 'caughtStealingPercentage': '.333', 'groundIntoDoublePlay': 5, 'numberOfPitches': 485, 'era': '3.41', 'inningsPitched': '31.2', 'wins': 2, 'losses': 3, 'saves': 1, 'saveOpportunities': 2, 'holds': 0, 'blownSaves': 1, 'earnedRuns': 12, 'whip': '1.14', 'battersFaced': 126, 'outs': 95, 'gamesPitched': 30, 'completeGames': 0, 'shutouts': 0, 'strikes': 320, 'strikePercentage': '.660', 'hitBatsmen': 0, 'balks': 0, 'wildPitches': 0, 'pickoffs': 0, 'totalBases': 29, 'groundOutsToAirouts': '0.62', 'winPercentage': '.400', 'pitchesPerInning': '15.32', 'gamesFinished': 11, 'strikeoutWalkRatio': '1.69', 'strikeoutsPer9Inn': '7.67', 'walksPer9Inn': '4.55', 'hitsPer9Inn': '5.68', 'runsScoredPer9': '3.98', 'homeRunsPer9': '0.57', 'inheritedRunners': 14, 'inheritedRunnersScored': 5, 'catchersInterference': 0, 'sacBunts': 0, 'sacFlies': 2}, 'team': {'id': 145, 'name': 'Chicago White Sox', 'link': '/api/v1/teams/145'}, 'player': {'id': 699823, 'fullName': 'Tyler Davis', 'link': '/api/v1/people/699823'}, 'league': {'id': 103, 'name': 'American League', 'link': '/api/v1/league/103'}, 'sport': {'id': 1, 'link': '/api/v1/sports/1', 'abbreviation': 'MLB'}, 'gameType': 'R'}]",season,pitching
[],"[{'season': '2026', 'stat': {'age': 23, 'gamesPlayed': 7, 'gamesStarted': 5, 'groundOuts': 26, 'airOuts': 43, 'runs': 16, 'doubles': 5, 'triples': 0, 'homeRuns': 5, 'strikeOuts': 21, 'baseOnBalls': 14, 'intentionalWalks': 0, 'hits': 24, 'hitByPitch': 2, 'avg': '.211', 'atBats': 114, 'obp': '.308', 'slg': '.386', 'ops': '.694', 'caughtStealing': 2, 'stolenBases': 4, 'stolenBasePercentage': '.667', 'caughtStealingPercentage': '.333', 'groundIntoDoublePlay': 2, 'numberOfPitches': 538, 'era': '4.31', 'inningsPitched': '31.1', 'wins': 1, 'losses': 0, 'saves': 0, 'saveOpportunities': 0, 'holds': 1, 'blownSaves': 0, 'earnedRuns': 15, 'whip': '1.21', 'battersFaced': 130, 'outs': 94, 'gamesPitched': 7, 'completeGames': 0, 'shutouts': 0, 'strikes': 319, 'strikePercentage': '.590', 'hitBatsmen': 2, 'balks': 0, 'wildPitches': 1, 'pickoffs': 0, 'totalBases': 44, 'groundOutsToAirouts': '0.60', 'winPercentage': '1.000', 'pitchesPerInning': '17.17', 'gamesFinished': 0, 'strikeoutWalkRatio': '1.50', 'strikeoutsPer9Inn': '6.03', 'walksPer9Inn': '4.02', 'hitsPer9Inn': '6.89', 'runsScoredPer9': '4.60', 'homeRunsPer9': '1.44', 'inheritedRunners': 1, 'inheritedRunnersScored': 0, 'catchersInterference': 0, 'sacBunts': 0, 'sacFlies': 0}, 'team': {'id': 117, 'name': 'Houston Astros', 'link': '/api/v1/teams/117'}, 'player': {'id': 814490, 'fullName': 'Ethan Pecko', 'link': '/api/v1/people/814490'}, 'league': {'id': 103, 'name': 'American League', 'link': '/api/v1/league/103'}, 'sport': {'id': 1, 'link': '/api/v1/sports/1', 'abbreviation': 'MLB'}, 'gameType': 'R'}]",season,pitching
[],"[{'season': '2026', 'stat': {'age': 28, 'gamesPlayed': 18, 'gamesStarted': 0, 'groundOuts': 34, 'airOuts': 20, 'runs': 20, 'doubles': 4, 'triples': 0, 'homeRuns': 4, 'strikeOuts': 17, 'baseOnBalls': 9, 'intentionalWalks': 0, 'hits': 32, 'hitByPitch': 2, 'avg': '.320', 'atBats': 100, 'obp': '.377', 'slg': '.480', 'ops': '.857', 'caughtStealing': 0, 'stolenBases': 0, 'stolenBasePercentage': '.---', 'caughtStealingPercentage': '.---', 'groundIntoDoublePlay': 2, 'numberOfPitches': 407, 'era': '7.40', 'inningsPitched': '24.1', 'wins': 2, 'losses': 1, 'saves': 0, 'saveOpportunities': 0, 'holds': 4, 'blownSaves': 0, 'earnedRuns': 20, 'whip': '1.68', 'battersFaced': 114, 'outs': 73, 'gamesPitched': 18, 'completeGames': 0, 'shutouts': 0, 'strikes': 258, 'strikePercentage': '.630', 'hitBatsmen': 2, 'balks': 0, 'wildPitches': 0, 'pickoffs': 0, 'totalBases': 48, 'groundOutsToAirouts': '1.70', 'winPercentage': '.667', 'pitchesPerInning': '16.73', 'gamesFinished': 0, 'strikeoutWalkRatio': '1.89', 'strikeoutsPer9Inn': '6.29', 'walksPer9Inn': '3.33', 'hitsPer9Inn': '11.84', 'runsScoredPer9': '7.40', 'homeRunsPer9': '1.48', 'inheritedRunners': 14, 'inheritedRunnersScored': 4, 'catchersInterference': 0, 'sacBunts': 0, 'sacFlies': 3}, 'player': {'id': 671162, 'fullName': 'Connor Thomas', 'link': '/api/v1/people/671162'}, 'sport': {'id': 1, 'link': '/api/v1/sports/1', 'abbreviation': 'MLB'}, 'gameType': 'R', 'numTeams': 2, 'numLeagues': 2}, {'season': '2026', 'stat': {'age': 28, 'gamesPlayed': 16, 'gamesStarted': 0, 'groundOuts': 28, 'airOuts': 11, 'runs': 5, 'doubles': 3, 'triples': 0, 'homeRuns': 0, 'strikeOuts': 13, 'baseOnBalls': 3, 'intentionalWalks': 0, 'hits': 17, 'hitByPitch': 2, 'avg': '.250', 'atBats': 68, 'obp': '.297', 'slg': '.294', 'ops': '.591', 'caughtStealing': 0, 'stolenBases': 0, 'stolenBasePercentage': '.---', 'caughtStealingPercentage': '.---', 'groundIntoDoublePlay': 2, 'numberOfPitches': 269, 'era': '2.50', 'inningsPitched': '18.0', 'wins': 2, 'losses': 0, 'saves': 0, 'saveOpportunities': 0, 'holds': 4, 'blownSaves': 0, 'earnedRuns': 5, 'whip': '1.11', 'battersFaced': 74, 'outs': 54, 'gamesPitched': 16, 'completeGames': 0, 'shutouts': 0, 'strikes': 180, 'strikePercentage': '.670', 'hitBatsmen': 2, 'balks': 0, 'wildPitches': 0, 'pickoffs': 0, 'totalBases': 20, 'groundOutsToAirouts': '2.55', 'winPercentage': '1.000', 'pitchesPerInning': '14.94', 'gamesFinished': 0, 'strikeoutWalkRatio': '4.33', 'strikeoutsPer9Inn': '6.50', 'walksPer9Inn': '1.50', 'hitsPer9Inn': '8.50', 'runsScoredPer9': '2.50', 'homeRunsPer9': '0.00', 'inheritedRunners': 12, 'inheritedRunnersScored': 4, 'catchersInterference': 0, 'sacBunts': 0, 'sacFlies': 1}, 'team': {'id': 118, 'name': 'Kansas City Royals', 'link': '/api/v1/teams/118'}, 'player': {'id': 671162, 'fullName': 'Connor Thomas', 'link': '/api/v1/people/671162'}, 'league': {'id': 103, 'name': 'American League', 'link': '/api/v1/league/103'}, 'sport': {'id': 1, 'link': '/api/v1/sports/1', 'abbreviation': 'MLB'}, 'gameType': 'R'}, {'season': '2026', 'stat': {'age': 28, 'gamesPlayed': 2, 'gamesStarted': 0, 'groundOuts': 6, 'airOuts': 9, 'runs': 15, 'doubles': 1, 'triples': 0, 'homeRuns': 4, 'strikeOuts': 4, 'baseOnBalls': 6, 'intentionalWalks': 0, 'hits': 15, 'hitByPitch': 0, 'avg': '.469', 'atBats': 32, 'obp': '.525', 'slg': '.875', 'ops': '1.400', 'caughtStealing': 0, 'stolenBases': 0, 'stolenBasePercentage': '.---', 'caughtStealingPercentage': '.---', 'groundIntoDoublePlay': 0, 'numberOfPitches': 138, 'era': '21.32', 'inningsPitched': '6.1', 'wins': 0, 'losses': 1, 'saves': 0, 'saveOpportunities': 0, 'holds': 0, 'blownSaves': 0, 'earnedRuns': 15, 'whip': '3.32', 'battersFaced': 40, 'outs': 19, 'gamesPitched': 2, 'completeGames': 0, 'shutouts': 0, 'strikes': 78, 'strikePercentage': '.570', 'hitBatsmen': 0, 'balks': 0, 'wildPitches': 0, 'pickoffs': 0, 'totalBases': 28, 'groundOutsToAirouts': '0.67', 'winPercentage': '.000', 'pitchesPerInning': '21.79', 'gamesFinished': 0, 'strikeoutWalkRatio': '0.67', 'strikeoutsPer9Inn': '5.68', 'walksPer9Inn': '8.53', 'hitsPer9Inn': '21.32', 'runsScoredPer9': '21.32', 'homeRunsPer9': '5.68', 'inheritedRunners': 2, 'inheritedRunnersScored': 0, 'catchersInterference': 0, 'sacBunts': 0, 'sacFlies': 2}, 'team': {'id': 144, 'name': 'Atlanta Braves', 'link': '/api/v1/teams/144'}, 'player': {'id': 671162, 'fullName': 'Connor Thomas', 'link': '/api/v1/people/671162'}, 'league': {'id': 104, 'name': 'National League', 'link': '/api/v1/league/104'}, 'sport': {'id': 1, 'link': '/api/v1/sports/1', 'abbreviation': 'MLB'}, 'gameType': 'R'}]",season,pitching
[],"[{'season': '2026', 'stat': {'age': 27, 'gamesPlayed': 46, 'gamesStarted': 1, 'groundOuts': 54, 'airOuts': 53, 'runs': 13, 'doubles': 4, 'triples': 0, 'homeRuns': 5, 'strikeOuts': 63, 'baseOnBalls': 34, 'intentionalWalks': 0, 'hits': 29, 'hitByPitch': 2, 'avg': '.147', 'atBats': 197, 'obp': '.278', 'slg': '.244', 'ops': '.522', 'caughtStealing': 1, 'stolenBases': 0, 'stolenBasePercentage': '.000', 'caughtStealingPercentage': '1.000', 'groundIntoDoublePlay': 7, 'numberOfPitches': 972, 'era': '1.96', 'inningsPitched': '59.2', 'wins': 4, 'losses': 0, 'saves': 0, 'saveOpportunities': 1, 'holds': 6, 'blownSaves': 1, 'earnedRuns': 13, 'whip': '1.06', 'battersFaced': 235, 'outs': 179, 'gamesPitched': 46, 'completeGames': 0, 'shutouts': 0, 'strikes': 595, 'strikePercentage': '.610', 'hitBatsmen': 2, 'balks': 0, 'wildPitches': 6, 'pickoffs': 1, 'totalBases': 48, 'groundOutsToAirouts': '1.02', 'winPercentage': '1.000', 'pitchesPerInning': '16.29', 'gamesFinished': 13, 'strikeoutWalkRatio': '1.85', 'strikeoutsPer9Inn': '9.50', 'walksPer9Inn': '5.13', 'hitsPer9Inn': '4.37', 'runsScoredPer9': '1.96', 'homeRunsPer9': '0.75', 'inheritedRunners': 22, 'inheritedRunnersScored': 7, 'catchersInterference': 0, 'sacBunts': 1, 'sacFlies': 1}, 'team': {'id': 158, 'name': 'Milwaukee Brewers', 'link': '/api/v1/teams/158'}, 'player': {'id': 669084, 'fullName': 'DL Hall', 'link': '/api/v1/people/669084'}, 'league': {'id': 104, 'name': 'National League', 'link': '/api/v1/league/104'}, 'sport': {'id': 1, 'link': '/api/v1/sports/1', 'abbreviation': 'MLB'}, 'gameType': 'R'}]",season,pitching
[],"[{'season': '2026', 'stat': {'age': 24, 'gamesPlayed': 15, 'gamesStarted': 15, 'groundOuts': 76, 'airOuts': 99, 'runs': 33, 'doubles': 12, 'triples': 0, 'homeRuns': 14, 'strikeOuts': 63, 'baseOnBalls': 18, 'intentionalWalks': 0, 'hits': 78, 'hitByPitch': 3, 'avg': '.248', 'atBats': 314, 'obp': '.295', 'slg': '.420', 'ops': '.715', 'caughtStealing': 2, 'stolenBases': 3, 'stolenBasePercentage': '.600', 'caughtStealingPercentage': '.400', 'groundIntoDoublePlay': 11, 'numberOfPitches': 1257, 'era': '3.42', 'inningsPitched': '84.1', 'wins': 5, 'losses': 6, 'saves': 0, 'saveOpportunities': 0, 'holds': 0, 'blownSaves': 0, 'earnedRuns': 32, 'whip': '1.14', 'battersFaced': 337, 'outs': 253, 'gamesPitched': 15, 'completeGames': 0, 'shutouts': 0, 'strikes': 849, 'strikePercentage': '.680', 'hitBatsmen': 3, 'balks': 0, 'wildPitches': 1, 'pickoffs': 1, 'totalBases': 132, 'groundOutsToAirouts': '0.77', 'winPercentage': '.455', 'pitchesPerInning': '14.91', 'gamesFinished': 0, 'strikeoutWalkRatio': '3.50', 'strikeoutsPer9Inn': '6.72', 'walksPer9Inn': '1.92', 'hitsPer9Inn': '8.32', 'runsScoredPer9': '3.52', 'homeRunsPer9': '1.49', 'inheritedRunners': 0, 'inheritedRunnersScored': 0, 'catchersInterference': 0, 'sacBunts': 1, 'sacFlies': 1}, 'team': {'id': 121, 'name': 'New York Mets', 'link': '/api/v1/teams/121'}, 'player': {'id': 804267, 'fullName': 'Zac Thornton', 'link': '/api/v1/people/804267'}, 'league': {'id': 104, 'name': 'National League', 'link': '/api/v1/league/104'}, 'sport': {'id': 1, 'link': '/api/v1/sports/1', 'abbreviation': 'MLB'}, 'gameType': 'R'}]",season,pitching
[],"[{'season': '2026', 'stat': {'age': 32, 'gamesPlayed': 64, 'gamesStarted': 0, 'groundOuts': 39, 'airOuts': 67, 'runs': 25, 'doubles': 13, 'triples': 1, 'homeRuns': 5, 'strikeOuts': 81, 'baseOnBalls': 28, 'intentionalWalks': 2, 'hits': 45, 'hitByPitch': 4, 'avg': '.194', 'atBats': 232, 'obp': '.292', 'slg': '.323', 'ops': '.615', 'caughtStealing': 5, 'stolenBases': 3, 'stolenBasePercentage': '.375', 'caughtStealingPercentage': '.625', 'groundIntoDoublePlay': 1, 'numberOfPitches': 1103, 'era': '3.08', 'inningsPitched': '64.1', 'wins': 3, 'losses': 4, 'saves': 1, 'saveOpportunities': 3, 'holds': 25, 'blownSaves': 2, 'earnedRuns': 22, 'whip': '1.13', 'battersFaced': 264, 'outs': 193, 'gamesPitched': 64, 'completeGames': 0, 'shutouts': 0, 'strikes': 717, 'strikePercentage': '.650', 'hitBatsmen': 4, 'balks': 0, 'wildPitches': 1, 'pickoffs': 0, 'totalBases': 75, 'groundOutsToAirouts': '0.58', 'winPercentage': '.429', 'pitchesPerInning': '17.15', 'gamesFinished': 6, 'strikeoutWalkRatio': '2.89', 'strikeoutsPer9Inn': '11.33', 'walksPer9Inn': '3.92', 'hitsPer9Inn': '6.30', 'runsScoredPer9': '3.50', 'homeRunsPer9': '0.70', 'inheritedRunners': 30, 'inheritedRunnersScored': 4, 'catchersInterference': 0, 'sacBunts': 0, 'sacFlies': 0}, 'team': {'id': 146, 'name': 'Miami Marlins', 'link': '/api/v1/teams/146'}, 'player': {'id': 656848, 'fullName': 'Michael Petersen', 'link': '/api/v1/people/656848'}, 'league': {'id': 104, 'name': 'National League', 'link': '/api/v1/league/104'}, 'sport': {'id': 1, 'link': '/api/v1/sports/1', 'abbreviation': 'MLB'}, 'gameType': 'R'}]",season,pitching
[],"[{'season': '2026', 'stat': {'age': 36, 'gamesPlayed': 27, 'gamesStarted': 27, 'groundOuts': 133, 'airOuts': 132, 'runs': 54, 'doubles': 22, 'triples': 1, 'homeRuns': 20, 'strikeOuts': 188, 'baseOnBalls': 47, 'intentionalWalks': 0, 'hits': 118, 'hitByPitch': 4, 'avg': '.208', 'atBats': 568, 'obp': '.272', 'slg': '.356', 'ops': '.628', 'caughtStealing': 3, 'stolenBases': 10, 'stolenBasePercentage': '.769', 'caughtStealingPercentage': '.231', 'groundIntoDoublePlay': 12, 'numberOfPitches': 2552, 'era': '3.06', 'inningsPitched': '156.0', 'wins': 13, 'losses': 5, 'saves': 0, 'saveOpportunities': 0, 'holds': 0, 'blownSaves': 0, 'earnedRuns': 53, 'whip': '1.06', 'battersFaced': 622, 'outs': 468, 'gamesPitched': 27, 'completeGames': 0, 'shutouts': 0, 'strikes': 1629, 'strikePercentage': '.640', 'hitBatsmen': 4, 'balks': 0, 'wildPitches': 2, 'pickoffs': 2, 'totalBases': 202, 'groundOutsToAirouts': '1.01', 'winPercentage': '.722', 'pitchesPerInning': '16.36', 'gamesFinished': 0, 'strikeoutWalkRatio': '4.00', 'strikeoutsPer9Inn': '10.85', 'walksPer9Inn': '2.71', 'hitsPer9Inn': '6.81', 'runsScoredPer9': '3.12', 'homeRunsPer9': '1.15', 'inheritedRunners': 0, 'inheritedRunnersScored': 0, 'catchersInterference': 0, 'sacBunts': 0, 'sacFlies': 3}, 'team': {'id': 143, 'name': 'Philadelphia Phillies', 'link': '/api/v1/teams/143'}, 'player': {'id': 554430, 'fullName': 'Zack Wheeler', 'link': '/api/v1/people/554430'}, 'league': {'id': 104, 'name': 'National League', 'link': '/api/v1/league/104'}, 'sport': {'id': 1, 'link': '/api/v1/sports/1', 'abbreviation': 'MLB'}, 'gameType': 'R'}]",season,pitching
[],"[{'season': '2026', 'stat': {'age': 25, 'gamesPlayed': 20, 'gamesStarted': 19, 'groundOuts': 105, 'airOuts': 131, 'runs': 47, 'doubles': 17, 'triples': 0, 'homeRuns': 12, 'strikeOuts': 91, 'baseOnBalls': 21, 'intentionalWalks': 2, 'hits': 104, 'hitByPitch': 3, 'avg': '.246', 'atBats': 423, 'obp': '.284', 'slg': '.371', 'ops': '.655', 'caughtStealing': 1, 'stolenBases': 10, 'stolenBasePercentage': '.909', 'caughtStealingPercentage': '.091', 'groundIntoDoublePlay': 10, 'numberOfPitches': 1618, 'era': '3.65', 'inningsPitched': '113.1', 'wins': 9, 'losses': 7, 'saves': 0, 'saveOpportunities': 0, 'holds': 0, 'blownSaves': 0, 'earnedRuns': 46, 'whip': '1.10', 'battersFaced': 455, 'outs': 340, 'gamesPitched': 20, 'completeGames': 0, 'shutouts': 0, 'strikes': 1100, 'strikePercentage': '.680', 'hitBatsmen': 3, 'balks': 0, 'wildPitches': 2, 'pickoffs': 0, 'totalBases': 157, 'groundOutsToAirouts': '0.80', 'winPercentage': '.563', 'pitchesPerInning': '14.28', 'gamesFinished': 0, 'strikeoutWalkRatio': '4.33', 'strikeoutsPer9Inn': '7.23', 'walksPer9Inn': '1.67', 'hitsPer9Inn': '8.26', 'runsScoredPer9': '3.73', 'homeRunsPer9': '0.95', 'inheritedRunners': 0, 'inheritedRunnersScored': 0, 'catchersInterference': 0, 'sacBunts': 4, 'sacFlies': 4}, 'team': {'id': 111, 'name': 'Boston Red Sox', 'link': '/api/v1/teams/111'}, 'player': {'id': 687562, 'fullName': 'Jake Bennett', 'link': '/api/v1/people/687562'}, 'league': {'id': 103, 'name': 'American League', 'link': '/api/v1/league/103'}, 'sport': {'id': 1, 'link': '/api/v1/sports/1', 'abbreviation': 'MLB'}, 'gameType': 'R'}]",season,pitching
[],"[{'season': '2026', 'stat': {'age': 29, 'gamesPlayed': 34, 'gamesStarted': 0, 'groundOuts': 24, 'airOuts': 41, 'runs': 26, 'doubles': 12, 'triples': 1, 'homeRuns': 7, 'strikeOuts': 32, 'baseOnBalls': 15, 'intentionalWalks': 1, 'hits': 43, 'hitByPitch': 0, 'avg': '.316', 'atBats': 136, 'obp': '.377', 'slg': '.574', 'ops': '.951', 'caughtStealing': 1, 'stolenBases': 7, 'stolenBasePercentage': '.875', 'caughtStealingPercentage': '.125', 'groundIntoDoublePlay': 2, 'numberOfPitches': 579, 'era': '6.55', 'inningsPitched': '33.0', 'wins': 2, 'losses': 2, 'saves': 6, 'saveOpportunities': 8, 'holds': 6, 'blownSaves': 2, 'earnedRuns': 24, 'whip': '1.76', 'battersFaced': 155, 'outs': 99, 'gamesPitched': 34, 'completeGames': 0, 'shutouts': 0, 'strikes': 391, 'strikePercentage': '.680', 'hitBatsmen': 0, 'balks': 0, 'wildPitches': 2, 'pickoffs': 0, 'totalBases': 78, 'groundOutsToAirouts': '0.59', 'winPercentage': '.500', 'pitchesPerInning': '17.55', 'gamesFinished': 11, 'strikeoutWalkRatio': '2.13', 'strikeoutsPer9Inn': '8.73', 'walksPer9Inn': '4.09', 'hitsPer9Inn': '11.73', 'runsScoredPer9': '7.09', 'homeRunsPer9': '1.91', 'inheritedRunners': 11, 'inheritedRunnersScored': 7, 'catchersInterference': 0, 'sacBunts': 1, 'sacFlies': 3}, 'team': {'id': 120, 'name': 'Washington Nationals', 'link': '/api/v1/teams/120'}, 'player': {'id': 681402, 'fullName': 'Gus Varland', 'link': '/api/v1/people/681402'}, 'league': {'id': 104, 'name': 'National League', 'link': '/api/v1/league/104'}, 'sport': {'id': 1, 'link': '/api/v1/sports/1', 'abbreviation': 'MLB'}, 'gameType': 'R'}]",season,pitching
[],"[{'season': '2026', 'stat': {'age': 34, 'gamesPlayed': 32, 'gamesStarted': 18, 'groundOuts': 127, 'airOuts': 155, 'runs': 83, 'doubles': 31, 'triples': 7, 'homeRuns': 23, 'strikeOuts': 141, 'baseOnBalls': 43, 'intentionalWalks': 0, 'hits': 145, 'hitByPitch': 16, 'avg': '.261', 'atBats': 556, 'obp': '.327', 'slg': '.466', 'ops': '.793', 'caughtStealing': 4, 'stolenBases': 8, 'stolenBasePercentage': '.667', 'caughtStealingPercentage': '.333', 'groundIntoDoublePlay': 9, 'numberOfPitches': 2393, 'era': '4.67', 'inningsPitched': '144.2', 'wins': 6, 'losses': 7, 'saves': 0, 'saveOpportunities': 0, 'holds': 0, 'blownSaves': 0, 'earnedRuns': 75, 'whip': '1.30', 'battersFaced': 627, 'outs': 434, 'gamesPitched': 32, 'completeGames': 0, 'shutouts': 0, 'strikes': 1599, 'strikePercentage': '.670', 'hitBatsmen': 16, 'balks': 0, 'wildPitches': 2, 'pickoffs': 2, 'totalBases': 259, 'groundOutsToAirouts': '0.82', 'winPercentage': '.462', 'pitchesPerInning': '16.54', 'gamesFinished': 6, 'strikeoutWalkRatio': '3.28', 'strikeoutsPer9Inn': '8.77', 'walksPer9Inn': '2.68', 'hitsPer9Inn': '9.02', 'runsScoredPer9': '5.16', 'homeRunsPer9': '1.43', 'inheritedRunners': 11, 'inheritedRunnersScored': 7, 'catchersInterference': 0, 'sacBunts': 4, 'sacFlies': 8}, 'team': {'id': 121, 'name': 'New York Mets', 'link': '/api/v1/teams/121'}, 'player': {'id': 640455, 'fullName': 'Sean Manaea', 'link': '/api/v1/people/640455'}, 'league': {'id': 104, 'name': 'National League', 'link': '/api/v1/league/104'}, 'sport': {'id': 1, 'link': '/api/v1/sports/1', 'abbreviation': 'MLB'}, 'gameType': 'R'}]",season,pitching
[],"[{'season': '2026', 'stat': {'age': 25, 'gamesPlayed': 48, 'gamesStarted': 8, 'groundOuts': 103, 'airOuts': 84, 'runs': 29, 'doubles': 9, 'triples': 1, 'homeRuns': 5, 'strikeOuts': 91, 'baseOnBalls': 24, 'intentionalWalks': 1, 'hits': 78, 'hitByPitch': 1, 'avg': '.220', 'atBats': 354, 'obp': '.271', 'slg': '.294', 'ops': '.565', 'caughtStealing': 4, 'stolenBases': 9, 'stolenBasePercentage': '.692', 'caughtStealingPercentage': '.308', 'groundIntoDoublePlay': 2, 'numberOfPitches': 1475, 'era': '2.57', 'inningsPitched': '94.2', 'wins': 6, 'losses': 2, 'saves': 2, 'saveOpportunities': 2, 'holds': 4, 'blownSaves': 0, 'earnedRuns': 27, 'whip': '1.08', 'battersFaced': 381, 'outs': 284, 'gamesPitched': 48, 'completeGames': 0, 'shutouts': 0, 'strikes': 981, 'strikePercentage': '.670', 'hitBatsmen': 1, 'balks': 0, 'wildPitches': 1, 'pickoffs': 0, 'totalBases': 104, 'groundOutsToAirouts': '1.23', 'winPercentage': '.750', 'pitchesPerInning': '15.58', 'gamesFinished': 9, 'strikeoutWalkRatio': '3.79', 'strikeoutsPer9Inn': '8.65', 'walksPer9Inn': '2.28', 'hitsPer9Inn': '7.42', 'runsScoredPer9': '2.76', 'homeRunsPer9': '0.48', 'inheritedRunners': 20, 'inheritedRunnersScored': 4, 'catchersInterference': 0, 'sacBunts': 1, 'sacFlies': 1}, 'team': {'id': 141, 'name': 'Toronto Blue Jays', 'link': '/api/v1/teams/141'}, 'player': {'id': 693686, 'fullName': 'Spencer Miles', 'link': '/api/v1/people/693686'}, 'league': {'id': 103, 'name': 'American League', 'link': '/api/v1/league/103'}, 'sport': {'id': 1, 'link': '/api/v1/sports/1', 'abbreviation': 'MLB'}, 'gameType': 'R'}]",season,pitching
[],"[{'season': '2026', 'stat': {'age': 31, 'gamesPlayed': 66, 'gamesStarted': 0, 'groundOuts': 83, 'airOuts': 55, 'runs': 18, 'doubles': 11, 'triples': 0, 'homeRuns': 3, 'strikeOuts': 47, 'baseOnBalls': 12, 'intentionalWalks': 2, 'hits': 55, 'hitByPitch': 1, 'avg': '.234', 'atBats': 235, 'obp': '.271', 'slg': '.319', 'ops': '.590', 'caughtStealing': 0, 'stolenBases': 4, 'stolenBasePercentage': '1.000', 'caughtStealingPercentage': '.000', 'groundIntoDoublePlay': 8, 'numberOfPitches': 938, 'era': '2.22', 'inningsPitched': '65.0', 'wins': 7, 'losses': 3, 'saves': 2, 'saveOpportunities': 6, 'holds': 10, 'blownSaves': 4, 'earnedRuns': 16, 'whip': '1.03', 'battersFaced': 253, 'outs': 195, 'gamesPitched': 66, 'completeGames': 0, 'shutouts': 0, 'strikes': 629, 'strikePercentage': '.670', 'hitBatsmen': 1, 'balks': 0, 'wildPitches': 0, 'pickoffs': 0, 'totalBases': 75, 'groundOutsToAirouts': '1.51', 'winPercentage': '.700', 'pitchesPerInning': '14.43', 'gamesFinished': 17, 'strikeoutWalkRatio': '3.92', 'strikeoutsPer9Inn': '6.51', 'walksPer9Inn': '1.66', 'hitsPer9Inn': '7.62', 'runsScoredPer9': '2.49', 'homeRunsPer9': '0.42', 'inheritedRunners': 22, 'inheritedRunnersScored': 4, 'catchersInterference': 0, 'sacBunts': 2, 'sacFlies': 3}, 'team': {'id': 109, 'name': 'Arizona Diamondbacks', 'link': '/api/v1/teams/109'}, 'player': {'id': 642528, 'fullName': 'Jonathan Loáisiga', 'link': '/api/v1/people/642528'}, 'league': {'id': 104, 'name': 'National League', 'link': '/api/v1/league/104'}, 'sport': {'id': 1, 'link': '/api/v1/sports/1', 'abbreviation': 'MLB'}, 'gameType': 'R'}]",season,pitching
[],"[{'season': '2026', 'stat': {'age': 25, 'gamesPlayed': 24, 'gamesStarted': 22, 'groundOuts': 111, 'airOuts': 126, 'runs': 76, 'doubles': 21, 'triples': 2, 'homeRuns': 14, 'strikeOuts': 128, 'baseOnBalls': 44, 'intentionalWalks': 0, 'hits': 118, 'hitByPitch': 7, 'avg': '.249', 'atBats': 474, 'obp': '.318', 'slg': '.390', 'ops': '.708', 'caughtStealing': 3, 'stolenBases': 6, 'stolenBasePercentage': '.667', 'caughtStealingPercentage': '.333', 'groundIntoDoublePlay': 10, 'numberOfPitches': 2067, 'era': '4.87', 'inningsPitched': '125.2', 'wins': 6, 'losses': 7, 'saves': 0, 'saveOpportunities': 0, 'holds': 0, 'blownSaves': 0, 'earnedRuns': 68, 'whip': '1.29', 'battersFaced': 535, 'outs': 377, 'gamesPitched': 24, 'completeGames': 0, 'shutouts': 0, 'strikes': 1337, 'strikePercentage': '.650', 'hitBatsmen': 7, 'balks': 2, 'wildPitches': 1, 'pickoffs': 0, 'totalBases': 185, 'groundOutsToAirouts': '0.88', 'winPercentage': '.462', 'pitchesPerInning': '16.45', 'gamesFinished': 1, 'strikeoutWalkRatio': '2.91', 'strikeoutsPer9Inn': '9.17', 'walksPer9Inn': '3.15', 'hitsPer9Inn': '8.45', 'runsScoredPer9': '5.44', 'homeRunsPer9': '1.00', 'inheritedRunners': 0, 'inheritedRunnersScored': 0, 'catchersInterference': 1, 'sacBunts': 3, 'sacFlies': 6}, 'team': {'id': 142, 'name': 'Minnesota Twins', 'link': '/api/v1/teams/142'}, 'player': {'id': 687570, 'fullName': 'Connor Prielipp', 'link': '/api/v1/people/687570'}, 'league': {'id': 103, 'name': 'American League', 'link': '/api/v1/league/103'}, 'sport': {'id': 1, 'link': '/api/v1/sports/1', 'abbreviation': 'MLB'}, 'gameType': 'R'}]",season,pitching
[],"[{'season': '2026', 'stat': {'age': 28, 'gamesPlayed': 30, 'gamesStarted': 30, 'groundOuts': 126, 'airOuts': 143, 'runs': 77, 'doubles': 27, 'triples': 1, 'homeRuns': 13, 'strikeOuts': 139, 'baseOnBalls': 49, 'intentionalWalks': 0, 'hits': 139, 'hitByPitch': 11, 'avg': '.256', 'atBats': 542, 'obp': '.328', 'slg': '.382', 'ops': '.710', 'caughtStealing': 4, 'stolenBases': 8, 'stolenBasePercentage': '.667', 'caughtStealingPercentage': '.333', 'groundIntoDoublePlay': 13, 'numberOfPitches': 2341, 'era': '4.67', 'inningsPitched': '142.2', 'wins': 7, 'losses': 9, 'saves': 0, 'saveOpportunities': 0, 'holds': 0, 'blownSaves': 0, 'earnedRuns': 74, 'whip': '1.32', 'battersFaced': 608, 'outs': 428, 'gamesPitched': 30, 'completeGames': 1, 'shutouts': 1, 'strikes': 1519, 'strikePercentage': '.650', 'hitBatsmen': 11, 'balks': 1, 'wildPitches': 7, 'pickoffs': 1, 'totalBases': 207, 'groundOutsToAirouts': '0.88', 'winPercentage': '.438', 'pitchesPerInning': '16.41', 'gamesFinished': 0, 'strikeoutWalkRatio': '2.84', 'strikeoutsPer9Inn': '8.77', 'walksPer9Inn': '3.09', 'hitsPer9Inn': '8.77', 'runsScoredPer9': '4.86', 'homeRunsPer9': '0.82', 'inheritedRunners': 0, 'inheritedRunnersScored': 0, 'catchersInterference': 1, 'sacBunts': 1, 'sacFlies': 4}, 'player': {'id': 669160, 'fullName': 'Dustin May', 'link': '/api/v1/people/669160'}, 'league': {'id': 104, 'name': 'National League', 'link': '/api/v1/league/104'}, 'sport': {'id': 1, 'link': '/api/v1/sports/1', 'abbreviation': 'MLB'}, 'gameType': 'R', 'numTeams': 2}, {'season': '2026', 'stat': {'age': 28, 'gamesPlayed': 21, 'gamesStarted': 21, 'groundOuts': 96, 'airOuts': 109, 'runs': 56, 'doubles': 21, 'triples': 1, 'homeRuns': 7, 'strikeOuts': 106, 'baseOnBalls': 35, 'intentionalWalks': 0, 'hits': 105, 'hitByPitch': 7, 'avg': '.255', 'atBats': 412, 'obp': '.322', 'slg': '.362', 'ops': '.684', 'caughtStealing': 4, 'stolenBases': 6, 'stolenBasePercentage': '.600', 'caughtStealingPercentage': '.400', 'groundIntoDoublePlay': 10, 'numberOfPitches': 1751, 'era': '4.38', 'inningsPitched': '109.0', 'wins': 5, 'losses': 7, 'saves': 0, 'saveOpportunities': 0, 'holds': 0, 'blownSaves': 0, 'earnedRuns': 53, 'whip': '1.28', 'battersFaced': 459, 'outs': 327, 'gamesPitched': 21, 'completeGames': 1, 'shutouts': 1, 'strikes': 1137, 'strikePercentage': '.650', 'hitBatsmen': 7, 'balks': 0, 'wildPitches': 7, 'pickoffs': 1, 'totalBases': 149, 'groundOutsToAirouts': '0.88', 'winPercentage': '.417', 'pitchesPerInning': '16.06', 'gamesFinished': 0, 'strikeoutWalkRatio': '3.03', 'strikeoutsPer9Inn': '8.75', 'walksPer9Inn': '2.89', 'hitsPer9Inn': '8.67', 'runsScoredPer9': '4.62', 'homeRunsPer9': '0.58', 'inheritedRunners': 0, 'inheritedRunnersScored': 0, 'catchersInterference': 1, 'sacBunts': 1, 'sacFlies': 3}, 'team': {'id': 138, 'name': 'St. Louis Cardinals', 'link': '/api/v1/teams/138'}, 'player': {'id': 669160, 'fullName': 'Dustin May', 'link': '/api/v1/people/669160'}, 'league': {'id': 104, 'name': 'National League', 'link': '/api/v1/league/104'}, 'sport': {'id': 1, 'link': '/api/v1/sports/1', 'abbreviation': 'MLB'}, 'gameType': 'R'}, {'season': '2026', 'stat': {'age': 28, 'gamesPlayed': 9, 'gamesStarted': 9, 'groundOuts': 30, 'airOuts': 34, 'runs': 21, 'doubles': 6, 'triples': 0, 'homeRuns': 6, 'strikeOuts': 33, 'baseOnBalls': 14, 'intentionalWalks': 0, 'hits': 34, 'hitByPitch': 4, 'avg': '.262', 'atBats': 130, 'obp': '.349', 'slg': '.446', 'ops': '.795', 'caughtStealing': 0, 'stolenBases': 2, 'stolenBasePercentage': '1.000', 'caughtStealingPercentage': '.000', 'groundIntoDoublePlay': 3, 'numberOfPitches': 590, 'era': '5.61', 'inningsPitched': '33.2', 'wins': 2, 'losses': 2, 'saves': 0, 'saveOpportunities': 0, 'holds': 0, 'blownSaves': 0, 'earnedRuns': 21, 'whip': '1.43', 'battersFaced': 149, 'outs': 101, 'gamesPitched': 9, 'completeGames': 0, 'shutouts': 0, 'strikes': 382, 'strikePercentage': '.650', 'hitBatsmen': 4, 'balks': 1, 'wildPitches': 0, 'pickoffs': 0, 'totalBases': 58, 'groundOutsToAirouts': '0.88', 'winPercentage': '.500', 'pitchesPerInning': '17.52', 'gamesFinished': 0, 'strikeoutWalkRatio': '2.36', 'strikeoutsPer9Inn': '8.82', 'walksPer9Inn': '3.74', 'hitsPer9Inn': '9.09', 'runsScoredPer9': '5.61', 'homeRunsPer9': '1.60', 'inheritedRunners': 0, 'inheritedRunnersScored': 0, 'catchersInterference': 0, 'sacBunts': 0, 'sacFlies': 1}, 'team': {'id': 158, 'name': 'Milwaukee Brewers', 'link': '/api/v1/teams/158'}, 'player': {'id': 669160, 'fullName': 'Dustin May', 'link': '/api/v1/people/669160'}, 'league': {'id': 104, 'name': 'National League', 'link': '/api/v1/league/104'}, 'sport': {'id': 1, 'link': '/api/v1/sports/1', 'abbreviation': 'MLB'}, 'gameType': 'R'}]",season,pitching
[],"[{'season': '2026', 'stat': {'age': 30, 'gamesPlayed': 30, 'gamesStarted': 30, 'groundOuts': 164, 'airOuts': 167, 'runs': 53, 'doubles': 18, 'triples': 1, 'homeRuns': 14, 'strikeOuts': 174, 'baseOnBalls': 32, 'intentionalWalks': 0, 'hits': 125, 'hitByPitch': 7, 'avg': '.199', 'atBats': 627, 'obp': '.245', 'slg': '.298', 'ops': '.543', 'caughtStealing': 6, 'stolenBases': 23, 'stolenBasePercentage': '.793', 'caughtStealingPercentage': '.207', 'groundIntoDoublePlay': 8, 'numberOfPitches': 2660, 'era': '2.67', 'inningsPitched': '172.0', 'wins': 16, 'losses': 5, 'saves': 0, 'saveOpportunities': 0, 'holds': 0, 'blownSaves': 0, 'earnedRuns': 51, 'whip': '0.91', 'battersFaced': 669, 'outs': 516, 'gamesPitched': 30, 'completeGames': 0, 'shutouts': 0, 'strikes': 1776, 'strikePercentage': '.670', 'hitBatsmen': 7, 'balks': 0, 'wildPitches': 3, 'pickoffs': 0, 'totalBases': 187, 'groundOutsToAirouts': '0.98', 'winPercentage': '.762', 'pitchesPerInning': '15.47', 'gamesFinished': 0, 'strikeoutWalkRatio': '5.44', 'strikeoutsPer9Inn': '9.10', 'walksPer9Inn': '1.67', 'hitsPer9Inn': '6.54', 'runsScoredPer9': '2.77', 'homeRunsPer9': '0.73', 'inheritedRunners': 0, 'inheritedRunnersScored': 0, 'catchersInterference': 0, 'sacBunts': 0, 'sacFlies': 3}, 'team': {'id': 139, 'name': 'Tampa Bay Rays', 'link': '/api/v1/teams/139'}, 'player': {'id': 656876, 'fullName': 'Drew Rasmussen', 'link': '/api/v1/people/656876'}, 'league': {'id': 103, 'name': 'American League', 'link': '/api/v1/league/103'}, 'sport': {'id': 1, 'link': '/api/v1/sports/1', 'abbreviation': 'MLB'}, 'gameType': 'R'}]",season,pitching
[],"[{'season': '2026', 'stat': {'age': 30, 'gamesPlayed': 28, 'gamesStarted': 28, 'groundOuts': 142, 'airOuts': 147, 'runs': 56, 'doubles': 26, 'triples': 1, 'homeRuns': 10, 'strikeOuts': 140, 'baseOnBalls': 46, 'intentionalWalks': 0, 'hits': 130, 'hitByPitch': 7, 'avg': '.235', 'atBats': 554, 'obp': '.300', 'slg': '.339', 'ops': '.639', 'caughtStealing': 2, 'stolenBases': 8, 'stolenBasePercentage': '.800', 'caughtStealingPercentage': '.200', 'groundIntoDoublePlay': 11, 'numberOfPitches': 2384, 'era': '3.22', 'inningsPitched': '148.1', 'wins': 8, 'losses': 5, 'saves': 0, 'saveOpportunities': 0, 'holds': 0, 'blownSaves': 0, 'earnedRuns': 53, 'whip': '1.19', 'battersFaced': 612, 'outs': 445, 'gamesPitched': 28, 'completeGames': 0, 'shutouts': 0, 'strikes': 1510, 'strikePercentage': '.630', 'hitBatsmen': 7, 'balks': 0, 'wildPitches': 1, 'pickoffs': 1, 'totalBases': 188, 'groundOutsToAirouts': '0.97', 'winPercentage': '.615', 'pitchesPerInning': '16.07', 'gamesFinished': 0, 'strikeoutWalkRatio': '3.04', 'strikeoutsPer9Inn': '8.49', 'walksPer9Inn': '2.79', 'hitsPer9Inn': '7.89', 'runsScoredPer9': '3.40', 'homeRunsPer9': '0.61', 'inheritedRunners': 0, 'inheritedRunnersScored': 0, 'catchersInterference': 0, 'sacBunts': 1, 'sacFlies': 4}, 'team': {'id': 111, 'name': 'Boston Red Sox', 'link': '/api/v1/teams/111'}, 'player': {'id': 624133, 'fullName': 'Ranger Suarez', 'link': '/api/v1/people/624133'}, 'league': {'id': 103, 'name': 'American League', 'link': '/api/v1/league/103'}, 'sport': {'id': 1, 'link': '/api/v1/sports/1', 'abbreviation': 'MLB'}, 'gameType': 'R'}]",season,pitching
[],"[{'season': '2026', 'stat': {'age': 30, 'gamesPlayed': 32, 'gamesStarted': 23, 'groundOuts': 179, 'airOuts': 121, 'runs': 86, 'doubles': 23, 'triples': 4, 'homeRuns': 15, 'strikeOuts': 137, 'baseOnBalls': 65, 'intentionalWalks': 0, 'hits': 157, 'hitByPitch': 4, 'avg': '.267', 'atBats': 587, 'obp': '.342', 'slg': '.397', 'ops': '.739', 'caughtStealing': 4, 'stolenBases': 10, 'stolenBasePercentage': '.714', 'caughtStealingPercentage': '.286', 'groundIntoDoublePlay': 13, 'numberOfPitches': 2476, 'era': '4.79', 'inningsPitched': '148.1', 'wins': 9, 'losses': 8, 'saves': 1, 'saveOpportunities': 1, 'holds': 1, 'blownSaves': 0, 'earnedRuns': 79, 'whip': '1.50', 'battersFaced': 663, 'outs': 445, 'gamesPitched': 32, 'completeGames': 0, 'shutouts': 0, 'strikes': 1561, 'strikePercentage': '.630', 'hitBatsmen': 4, 'balks': 1, 'wildPitches': 4, 'pickoffs': 0, 'totalBases': 233, 'groundOutsToAirouts': '1.48', 'winPercentage': '.529', 'pitchesPerInning': '16.69', 'gamesFinished': 2, 'strikeoutWalkRatio': '2.11', 'strikeoutsPer9Inn': '8.31', 'walksPer9Inn': '3.94', 'hitsPer9Inn': '9.53', 'runsScoredPer9': '5.22', 'homeRunsPer9': '0.91', 'inheritedRunners': 2, 'inheritedRunnersScored': 1, 'catchersInterference': 0, 'sacBunts': 2, 'sacFlies': 5}, 'player': {'id': 656849, 'fullName': 'David Peterson', 'link': '/api/v1/people/656849'}, 'league': {'id': 104, 'name': 'National League', 'link': '/api/v1/league/104'}, 'sport': {'id': 1, 'link': '/api/v1/sports/1', 'abbreviation': 'MLB'}, 'gameType': 'R', 'numTeams': 2}, {'season': '2026', 'stat': {'age': 30, 'gamesPlayed': 16, 'gamesStarted': 15, 'groundOuts': 94, 'airOuts': 65, 'runs': 35, 'doubles': 10, 'triples': 0, 'homeRuns': 9, 'strikeOuts': 74, 'baseOnBalls': 35, 'intentionalWalks': 0, 'hits': 75, 'hitByPitch': 1, 'avg': '.245', 'atBats': 306, 'obp': '.324', 'slg': '.366', 'ops': '.690', 'caughtStealing': 1, 'stolenBases': 8, 'stolenBasePercentage': '.889', 'caughtStealingPercentage': '.111', 'groundIntoDoublePlay': 10, 'numberOfPitches': 1339, 'era': '3.70', 'inningsPitched': '80.1', 'wins': 6, 'losses': 2, 'saves': 0, 'saveOpportunities': 0, 'holds': 0, 'blownSaves': 0, 'earnedRuns': 33, 'whip': '1.37', 'battersFaced': 344, 'outs': 241, 'gamesPitched': 16, 'completeGames': 0, 'shutouts': 0, 'strikes': 833, 'strikePercentage': '.620', 'hitBatsmen': 1, 'balks': 1, 'wildPitches': 1, 'pickoffs': 0, 'totalBases': 112, 'groundOutsToAirouts': '1.45', 'winPercentage': '.750', 'pitchesPerInning': '16.67', 'gamesFinished': 0, 'strikeoutWalkRatio': '2.11', 'strikeoutsPer9Inn': '8.29', 'walksPer9Inn': '3.92', 'hitsPer9Inn': '8.40', 'runsScoredPer9': '3.92', 'homeRunsPer9': '1.01', 'inheritedRunners': 1, 'inheritedRunnersScored': 0, 'catchersInterference': 0, 'sacBunts': 1, 'sacFlies': 1}, 'team': {'id': 112, 'name': 'Chicago Cubs', 'link': '/api/v1/teams/112'}, 'player': {'id': 656849, 'fullName': 'David Peterson', 'link': '/api/v1/people/656849'}, 'league': {'id': 104, 'name': 'National League', 'link': '/api/v1/league/104'}, 'sport': {'id': 1, 'link': '/api/v1/sports/1', 'abbreviation': 'MLB'}, 'gameType': 'R'}, {'season': '2026', 'stat': {'age': 30, 'gamesPlayed': 16, 'gamesStarted': 8, 'groundOuts': 85, 'airOuts': 56, 'runs': 51, 'doubles': 13, 'triples': 4, 'homeRuns': 6, 'strikeOuts': 63, 'baseOnBalls': 30, 'intentionalWalks': 0, 'hits': 82, 'hitByPitch': 3, 'avg': '.292', 'atBats': 281, 'obp': '.362', 'slg': '.431', 'ops': '.793', 'caughtStealing': 3, 'stolenBases': 2, 'stolenBasePercentage': '.400', 'caughtStealingPercentage': '.600', 'groundIntoDoublePlay': 3, 'numberOfPitches': 1137, 'era': '6.09', 'inningsPitched': '68.0', 'wins': 3, 'losses': 6, 'saves': 1, 'saveOpportunities': 1, 'holds': 1, 'blownSaves': 0, 'earnedRuns': 46, 'whip': '1.65', 'battersFaced': 319, 'outs': 204, 'gamesPitched': 16, 'completeGames': 0, 'shutouts': 0, 'strikes': 728, 'strikePercentage': '.640', 'hitBatsmen': 3, 'balks': 0, 'wildPitches': 3, 'pickoffs': 0, 'totalBases': 121, 'groundOutsToAirouts': '1.52', 'winPercentage': '.333', 'pitchesPerInning': '16.72', 'gamesFinished': 2, 'strikeoutWalkRatio': '2.10', 'strikeoutsPer9Inn': '8.34', 'walksPer9Inn': '3.97', 'hitsPer9Inn': '10.85', 'runsScoredPer9': '6.75', 'homeRunsPer9': '0.79', 'inheritedRunners': 1, 'inheritedRunnersScored': 1, 'catchersInterference': 0, 'sacBunts': 1, 'sacFlies': 4}, 'team': {'id': 121, 'name': 'New York Mets', 'link': '/api/v1/teams/121'}, 'player': {'id': 656849, 'fullName': 'David Peterson', 'link': '/api/v1/people/656849'}, 'league': {'id': 104, 'name': 'National League', 'link': '/api/v1/league/104'}, 'sport': {'id': 1, 'link': '/api/v1/sports/1', 'abbreviation': 'MLB'}, 'gameType': 'R'}]",season,pitching
[],"[{'season': '2026', 'stat': {'age': 28, 'gamesPlayed': 18, 'gamesStarted': 15, 'groundOuts': 65, 'airOuts': 126, 'runs': 53, 'doubles': 16, 'triples': 2, 'homeRuns': 18, 'strikeOuts': 64, 'baseOnBalls': 24, 'intentionalWalks': 1, 'hits': 83, 'hitByPitch': 5, 'avg': '.247', 'atBats': 336, 'obp': '.305', 'slg': '.467', 'ops': '.772', 'caughtStealing': 0, 'stolenBases': 0, 'stolenBasePercentage': '.---', 'caughtStealingPercentage': '.---', 'groundIntoDoublePlay': 7, 'numberOfPitches': 1352, 'era': '4.80', 'inningsPitched': '86.1', 'wins': 3, 'losses': 5, 'saves': 0, 'saveOpportunities': 0, 'holds': 0, 'blownSaves': 0, 'earnedRuns': 46, 'whip': '1.24', 'battersFaced': 368, 'outs': 259, 'gamesPitched': 18, 'completeGames': 0, 'shutouts': 0, 'strikes': 905, 'strikePercentage': '.670', 'hitBatsmen': 5, 'balks': 0, 'wildPitches': 2, 'pickoffs': 1, 'totalBases': 157, 'groundOutsToAirouts': '0.52', 'winPercentage': '.375', 'pitchesPerInning': '15.66', 'gamesFinished': 0, 'strikeoutWalkRatio': '2.67', 'strikeoutsPer9Inn': '6.67', 'walksPer9Inn': '2.50', 'hitsPer9Inn': '8.65', 'runsScoredPer9': '5.53', 'homeRunsPer9': '1.88', 'inheritedRunners': 3, 'inheritedRunnersScored': 1, 'catchersInterference': 1, 'sacBunts': 0, 'sacFlies': 2}, 'team': {'id': 109, 'name': 'Arizona Diamondbacks', 'link': '/api/v1/teams/109'}, 'player': {'id': 669194, 'fullName': 'Ryne Nelson', 'link': '/api/v1/people/669194'}, 'league': {'id': 104, 'name': 'National League', 'link': '/api/v1/league/104'}, 'sport': {'id': 1, 'link': '/api/v1/sports/1', 'abbreviation': 'MLB'}, 'gameType': 'R'}]",season,pitching
[],"[{'season': '2026', 'stat': {'age': 30, 'gamesPlayed': 32, 'gamesStarted': 32, 'groundOuts': 153, 'airOuts': 189, 'runs': 91, 'doubles': 35, 'triples': 2, 'homeRuns': 23, 'strikeOuts': 156, 'baseOnBalls': 63, 'intentionalWalks': 0, 'hits': 161, 'hitByPitch': 8, 'avg': '.247', 'atBats': 652, 'obp': '.320', 'slg': '.413', 'ops': '.733', 'caughtStealing': 2, 'stolenBases': 7, 'stolenBasePercentage': '.778', 'caughtStealingPercentage': '.222', 'groundIntoDoublePlay': 7, 'numberOfPitches': 2959, 'era': '4.42', 'inningsPitched': '169.0', 'wins': 10, 'losses': 11, 'saves': 0, 'saveOpportunities': 0, 'holds': 0, 'blownSaves': 0, 'earnedRuns': 83, 'whip': '1.33', 'battersFaced': 730, 'outs': 507, 'gamesPitched': 32, 'completeGames': 0, 'shutouts': 0, 'strikes': 1812, 'strikePercentage': '.610', 'hitBatsmen': 8, 'balks': 0, 'wildPitches': 7, 'pickoffs': 0, 'totalBases': 269, 'groundOutsToAirouts': '0.81', 'winPercentage': '.476', 'pitchesPerInning': '17.51', 'gamesFinished': 0, 'strikeoutWalkRatio': '2.48', 'strikeoutsPer9Inn': '8.31', 'walksPer9Inn': '3.36', 'hitsPer9Inn': '8.57', 'runsScoredPer9': '4.85', 'homeRunsPer9': '1.22', 'inheritedRunners': 0, 'inheritedRunnersScored': 0, 'catchersInterference': 0, 'sacBunts': 4, 'sacFlies': 3}, 'player': {'id': 642547, 'fullName': 'Freddy Peralta', 'link': '/api/v1/people/642547'}, 'sport': {'id': 1, 'link': '/api/v1/sports/1', 'abbreviation': 'MLB'}, 'gameType': 'R', 'numTeams': 2, 'numLeagues': 2}, {'season': '2026', 'stat': {'age': 30, 'gamesPlayed': 22, 'gamesStarted': 22, 'groundOuts': 106, 'airOuts': 120, 'runs': 71, 'doubles': 31, 'triples': 1, 'homeRuns': 17, 'strikeOuts': 113, 'baseOnBalls': 48, 'intentionalWalks': 0, 'hits': 120, 'hitByPitch': 5, 'avg': '.264', 'atBats': 455, 'obp': '.339', 'slg': '.448', 'ops': '.787', 'caughtStealing': 1, 'stolenBases': 4, 'stolenBasePercentage': '.800', 'caughtStealingPercentage': '.200', 'groundIntoDoublePlay': 3, 'numberOfPitches': 2093, 'era': '4.99', 'inningsPitched': '113.2', 'wins': 5, 'losses': 9, 'saves': 0, 'saveOpportunities': 0, 'holds': 0, 'blownSaves': 0, 'earnedRuns': 63, 'whip': '1.48', 'battersFaced': 512, 'outs': 341, 'gamesPitched': 22, 'completeGames': 0, 'shutouts': 0, 'strikes': 1267, 'strikePercentage': '.610', 'hitBatsmen': 5, 'balks': 0, 'wildPitches': 7, 'pickoffs': 0, 'totalBases': 204, 'groundOutsToAirouts': '0.88', 'winPercentage': '.357', 'pitchesPerInning': '18.41', 'gamesFinished': 0, 'strikeoutWalkRatio': '2.35', 'strikeoutsPer9Inn': '8.95', 'walksPer9Inn': '3.80', 'hitsPer9Inn': '9.50', 'runsScoredPer9': '5.62', 'homeRunsPer9': '1.35', 'inheritedRunners': 0, 'inheritedRunnersScored': 0, 'catchersInterference': 0, 'sacBunts': 2, 'sacFlies': 2}, 'team': {'id': 121, 'name': 'New York Mets', 'link': '/api/v1/teams/121'}, 'player': {'id': 642547, 'fullName': 'Freddy Peralta', 'link': '/api/v1/people/642547'}, 'league': {'id': 104, 'name': 'National League', 'link': '/api/v1/league/104'}, 'sport': {'id': 1, 'link': '/api/v1/sports/1', 'abbreviation': 'MLB'}, 'gameType': 'R'}, {'season': '2026', 'stat': {'age': 30, 'gamesPlayed': 10, 'gamesStarted': 10, 'groundOuts': 47, 'airOuts': 69, 'runs': 20, 'doubles': 4, 'triples': 1, 'homeRuns': 6, 'strikeOuts': 43, 'baseOnBalls': 15, 'intentionalWalks': 0, 'hits': 41, 'hitByPitch': 3, 'avg': '.208', 'atBats': 197, 'obp': '.273', 'slg': '.330', 'ops': '.603', 'caughtStealing': 1, 'stolenBases': 3, 'stolenBasePercentage': '.750', 'caughtStealingPercentage': '.250', 'groundIntoDoublePlay': 4, 'numberOfPitches': 866, 'era': '3.25', 'inningsPitched': '55.1', 'wins': 5, 'losses': 2, 'saves': 0, 'saveOpportunities': 0, 'holds': 0, 'blownSaves': 0, 'earnedRuns': 20, 'whip': '1.01', 'battersFaced': 218, 'outs': 166, 'gamesPitched': 10, 'completeGames': 0, 'shutouts': 0, 'strikes': 545, 'strikePercentage': '.630', 'hitBatsmen': 3, 'balks': 0, 'wildPitches': 0, 'pickoffs': 0, 'totalBases': 65, 'groundOutsToAirouts': '0.68', 'winPercentage': '.714', 'pitchesPerInning': '15.65', 'gamesFinished': 0, 'strikeoutWalkRatio': '2.87', 'strikeoutsPer9Inn': '6.99', 'walksPer9Inn': '2.44', 'hitsPer9Inn': '6.67', 'runsScoredPer9': '3.25', 'homeRunsPer9': '0.98', 'inheritedRunners': 0, 'inheritedRunnersScored': 0, 'catchersInterference': 0, 'sacBunts': 2, 'sacFlies': 1}, 'team': {'id': 139, 'name': 'Tampa Bay Rays', 'link': '/api/v1/teams/139'}, 'player': {'id': 642547, 'fullName': 'Freddy Peralta', 'link': '/api/v1/people/642547'}, 'league': {'id': 103, 'name': 'American League', 'link': '/api/v1/league/103'}, 'sport': {'id': 1, 'link': '/api/v1/sports/1', 'abbreviation': 'MLB'}, 'gameType': 'R'}]",season,pitching
[],"[{'season': '2026', 'stat': {'age': 32, 'gamesPlayed': 57, 'gamesStarted': 0, 'groundOuts': 53, 'airOuts': 54, 'runs': 22, 'doubles': 11, 'triples': 1, 'homeRuns': 6, 'strikeOuts': 56, 'baseOnBalls': 17, 'intentionalWalks': 2, 'hits': 43, 'hitByPitch': 7, 'avg': '.214', 'atBats': 201, 'obp': '.295', 'slg': '.368', 'ops': '.663', 'caughtStealing': 3, 'stolenBases': 5, 'stolenBasePercentage': '.625', 'caughtStealingPercentage': '.375', 'groundIntoDoublePlay': 1, 'numberOfPitches': 897, 'era': '3.17', 'inningsPitched': '54.0', 'wins': 3, 'losses': 2, 'saves': 1, 'saveOpportunities': 4, 'holds': 11, 'blownSaves': 3, 'earnedRuns': 19, 'whip': '1.11', 'battersFaced': 231, 'outs': 162, 'gamesPitched': 57, 'completeGames': 0, 'shutouts': 0, 'strikes': 596, 'strikePercentage': '.660', 'hitBatsmen': 7, 'balks': 0, 'wildPitches': 0, 'pickoffs': 1, 'totalBases': 74, 'groundOutsToAirouts': '0.98', 'winPercentage': '.600', 'pitchesPerInning': '16.61', 'gamesFinished': 12, 'strikeoutWalkRatio': '3.29', 'strikeoutsPer9Inn': '9.33', 'walksPer9Inn': '2.83', 'hitsPer9Inn': '7.17', 'runsScoredPer9': '3.67', 'homeRunsPer9': '1.00', 'inheritedRunners': 23, 'inheritedRunnersScored': 3, 'catchersInterference': 1, 'sacBunts': 3, 'sacFlies': 2}, 'team': {'id': 113, 'name': 'Cincinnati Reds', 'link': '/api/v1/teams/113'}, 'player': {'id': 622088, 'fullName': 'Tejay Antone', 'link': '/api/v1/people/622088'}, 'league': {'id': 104, 'name': 'National League', 'link': '/api/v1/league/104'}, 'sport': {'id': 1, 'link': '/api/v1/sports/1', 'abbreviation': 'MLB'}, 'gameType': 'R'}]",season,pitching
[],"[{'season': '2026', 'stat': {'age': 23, 'gamesPlayed': 25, 'gamesStarted': 23, 'groundOuts': 113, 'airOuts': 140, 'runs': 76, 'doubles': 18, 'triples': 1, 'homeRuns': 21, 'strikeOuts': 115, 'baseOnBalls': 47, 'intentionalWalks': 0, 'hits': 132, 'hitByPitch': 5, 'avg': '.268', 'atBats': 492, 'obp': '.336', 'slg': '.437', 'ops': '.773', 'caughtStealing': 3, 'stolenBases': 6, 'stolenBasePercentage': '.667', 'caughtStealingPercentage': '.333', 'groundIntoDoublePlay': 11, 'numberOfPitches': 2126, 'era': '5.40', 'inningsPitched': '126.2', 'wins': 3, 'losses': 10, 'saves': 0, 'saveOpportunities': 0, 'holds': 0, 'blownSaves': 0, 'earnedRuns': 76, 'whip': '1.41', 'battersFaced': 552, 'outs': 380, 'gamesPitched': 25, 'completeGames': 0, 'shutouts': 0, 'strikes': 1375, 'strikePercentage': '.650', 'hitBatsmen': 5, 'balks': 0, 'wildPitches': 5, 'pickoffs': 0, 'totalBases': 215, 'groundOutsToAirouts': '0.81', 'winPercentage': '.231', 'pitchesPerInning': '16.78', 'gamesFinished': 0, 'strikeoutWalkRatio': '2.45', 'strikeoutsPer9Inn': '8.17', 'walksPer9Inn': '3.34', 'hitsPer9Inn': '9.38', 'runsScoredPer9': '5.40', 'homeRunsPer9': '1.49', 'inheritedRunners': 0, 'inheritedRunnersScored': 0, 'catchersInterference': 0, 'sacBunts': 4, 'sacFlies': 4}, 'team': {'id': 143, 'name': 'Philadelphia Phillies', 'link': '/api/v1/teams/143'}, 'player': {'id': 691725, 'fullName': 'Andrew Painter', 'link': '/api/v1/people/691725'}, 'league': {'id': 104, 'name': 'National League', 'link': '/api/v1/league/104'}, 'sport': {'id': 1, 'link': '/api/v1/sports/1', 'abbreviation': 'MLB'}, 'gameType': 'R'}]",season,pitching
[],"[{'season': '2026', 'stat': {'age': 31, 'gamesPlayed': 68, 'gamesStarted': 0, 'groundOuts': 47, 'airOuts': 57, 'runs': 20, 'doubles': 14, 'triples': 0, 'homeRuns': 4, 'strikeOuts': 80, 'baseOnBalls': 15, 'intentionalWalks': 4, 'hits': 47, 'hitByPitch': 1, 'avg': '.206', 'atBats': 228, 'obp': '.257', 'slg': '.320', 'ops': '.577', 'caughtStealing': 0, 'stolenBases': 3, 'stolenBasePercentage': '1.000', 'caughtStealingPercentage': '.000', 'groundIntoDoublePlay': 3, 'numberOfPitches': 949, 'era': '2.73', 'inningsPitched': '62.2', 'wins': 1, 'losses': 6, 'saves': 24, 'saveOpportunities': 28, 'holds': 13, 'blownSaves': 4, 'earnedRuns': 19, 'whip': '0.99', 'battersFaced': 247, 'outs': 188, 'gamesPitched': 68, 'completeGames': 0, 'shutouts': 0, 'strikes': 667, 'strikePercentage': '.700', 'hitBatsmen': 1, 'balks': 0, 'wildPitches': 1, 'pickoffs': 0, 'totalBases': 73, 'groundOutsToAirouts': '0.82', 'winPercentage': '.143', 'pitchesPerInning': '15.14', 'gamesFinished': 34, 'strikeoutWalkRatio': '5.33', 'strikeoutsPer9Inn': '11.49', 'walksPer9Inn': '2.15', 'hitsPer9Inn': '6.75', 'runsScoredPer9': '2.87', 'homeRunsPer9': '0.57', 'inheritedRunners': 25, 'inheritedRunnersScored': 7, 'catchersInterference': 0, 'sacBunts': 2, 'sacFlies': 1}, 'team': {'id': 119, 'name': 'Los Angeles Dodgers', 'link': '/api/v1/teams/119'}, 'player': {'id': 656945, 'fullName': 'Tanner Scott', 'link': '/api/v1/people/656945'}, 'league': {'id': 104, 'name': 'National League', 'link': '/api/v1/league/104'}, 'sport': {'id': 1, 'link': '/api/v1/sports/1', 'abbreviation': 'MLB'}, 'gameType': 'R'}]",season,pitching
[],"[{'season': '2026', 'stat': {'age': 31, 'gamesPlayed': 52, 'gamesStarted': 12, 'groundOuts': 73, 'airOuts': 87, 'runs': 35, 'doubles': 8, 'triples': 0, 'homeRuns': 13, 'strikeOuts': 89, 'baseOnBalls': 36, 'intentionalWalks': 1, 'hits': 61, 'hitByPitch': 5, 'avg': '.199', 'atBats': 307, 'obp': '.291', 'slg': '.352', 'ops': '.643', 'caughtStealing': 1, 'stolenBases': 8, 'stolenBasePercentage': '.889', 'caughtStealingPercentage': '.111', 'groundIntoDoublePlay': 4, 'numberOfPitches': 1419, 'era': '3.49', 'inningsPitched': '85.0', 'wins': 1, 'losses': 4, 'saves': 2, 'saveOpportunities': 3, 'holds': 2, 'blownSaves': 1, 'earnedRuns': 33, 'whip': '1.14', 'battersFaced': 352, 'outs': 255, 'gamesPitched': 52, 'completeGames': 0, 'shutouts': 0, 'strikes': 866, 'strikePercentage': '.610', 'hitBatsmen': 5, 'balks': 0, 'wildPitches': 4, 'pickoffs': 0, 'totalBases': 108, 'groundOutsToAirouts': '0.84', 'winPercentage': '.200', 'pitchesPerInning': '16.69', 'gamesFinished': 11, 'strikeoutWalkRatio': '2.47', 'strikeoutsPer9Inn': '9.42', 'walksPer9Inn': '3.81', 'hitsPer9Inn': '6.46', 'runsScoredPer9': '3.71', 'homeRunsPer9': '1.38', 'inheritedRunners': 11, 'inheritedRunnersScored': 1, 'catchersInterference': 1, 'sacBunts': 0, 'sacFlies': 3}, 'player': {'id': 669199, 'fullName': 'Lake Bachar', 'link': '/api/v1/people/669199'}, 'league': {'id': 104, 'name': 'National League', 'link': '/api/v1/league/104'}, 'sport': {'id': 1, 'link': '/api/v1/sports/1', 'abbreviation': 'MLB'}, 'gameType': 'R', 'numTeams': 2}, {'season': '2026', 'stat': {'age': 31, 'gamesPlayed': 14, 'gamesStarted': 8, 'groundOuts': 22, 'airOuts': 26, 'runs': 8, 'doubles': 2, 'triples': 0, 'homeRuns': 4, 'strikeOuts': 28, 'baseOnBalls': 15, 'intentionalWalks': 1, 'hits': 18, 'hitByPitch': 1, 'avg': '.194', 'atBats': 93, 'obp': '.309', 'slg': '.344', 'ops': '.653', 'caughtStealing': 1, 'stolenBases': 4, 'stolenBasePercentage': '.800', 'caughtStealingPercentage': '.200', 'groundIntoDoublePlay': 2, 'numberOfPitches': 458, 'era': '2.73', 'inningsPitched': '26.1', 'wins': 0, 'losses': 2, 'saves': 0, 'saveOpportunities': 0, 'holds': 1, 'blownSaves': 0, 'earnedRuns': 8, 'whip': '1.25', 'battersFaced': 110, 'outs': 79, 'gamesPitched': 14, 'completeGames': 0, 'shutouts': 0, 'strikes': 269, 'strikePercentage': '.590', 'hitBatsmen': 1, 'balks': 0, 'wildPitches': 2, 'pickoffs': 0, 'totalBases': 32, 'groundOutsToAirouts': '0.85', 'winPercentage': '.000', 'pitchesPerInning': '17.39', 'gamesFinished': 0, 'strikeoutWalkRatio': '1.87', 'strikeoutsPer9Inn': '9.57', 'walksPer9Inn': '5.13', 'hitsPer9Inn': '6.15', 'runsScoredPer9': '2.73', 'homeRunsPer9': '1.37', 'inheritedRunners': 1, 'inheritedRunnersScored': 0, 'catchersInterference': 0, 'sacBunts': 0, 'sacFlies': 1}, 'team': {'id': 134, 'name': 'Pittsburgh Pirates', 'link': '/api/v1/teams/134'}, 'player': {'id': 669199, 'fullName': 'Lake Bachar', 'link': '/api/v1/people/669199'}, 'league': {'id': 104, 'name': 'National League', 'link': '/api/v1/league/104'}, 'sport': {'id': 1, 'link': '/api/v1/sports/1', 'abbreviation': 'MLB'}, 'gameType': 'R'}, {'season': '2026', 'stat': {'age': 31, 'gamesPlayed': 38, 'gamesStarted': 4, 'groundOuts': 51, 'airOuts': 61, 'runs': 27, 'doubles': 6, 'triples': 0, 'homeRuns': 9, 'strikeOuts': 61, 'baseOnBalls': 21, 'intentionalWalks': 0, 'hits': 43, 'hitByPitch': 4, 'avg': '.201', 'atBats': 214, 'obp': '.282', 'slg': '.355', 'ops': '.637', 'caughtStealing': 0, 'stolenBases': 4, 'stolenBasePercentage': '1.000', 'caughtStealingPercentage': '.000', 'groundIntoDoublePlay': 2, 'numberOfPitches': 961, 'era': '3.84', 'inningsPitched': '58.2', 'wins': 1, 'losses': 2, 'saves': 2, 'saveOpportunities': 3, 'holds': 1, 'blownSaves': 1, 'earnedRuns': 25, 'whip': '1.09', 'battersFaced': 242, 'outs': 176, 'gamesPitched': 38, 'completeGames': 0, 'shutouts': 0, 'strikes': 597, 'strikePercentage': '.620', 'hitBatsmen': 4, 'balks': 0, 'wildPitches': 2, 'pickoffs': 0, 'totalBases': 76, 'groundOutsToAirouts': '0.84', 'winPercentage': '.333', 'pitchesPerInning': '16.38', 'gamesFinished': 11, 'strikeoutWalkRatio': '2.90', 'strikeoutsPer9Inn': '9.36', 'walksPer9Inn': '3.22', 'hitsPer9Inn': '6.60', 'runsScoredPer9': '4.14', 'homeRunsPer9': '1.38', 'inheritedRunners': 10, 'inheritedRunnersScored': 1, 'catchersInterference': 1, 'sacBunts': 0, 'sacFlies': 2}, 'team': {'id': 146, 'name': 'Miami Marlins', 'link': '/api/v1/teams/146'}, 'player': {'id': 669199, 'fullName': 'Lake Bachar', 'link': '/api/v1/people/669199'}, 'league': {'id': 104, 'name': 'National League', 'link': '/api/v1/league/104'}, 'sport': {'id': 1, 'link': '/api/v1/sports/1', 'abbreviation': 'MLB'}, 'gameType': 'R'}]",season,pitching
[],"[{'season': '2026', 'stat': {'age': 31, 'gamesPlayed': 2, 'gamesStarted': 0, 'groundOuts': 1, 'airOuts': 1, 'runs': 3, 'doubles': 1, 'triples': 0, 'homeRuns': 1, 'strikeOuts': 3, 'baseOnBalls': 1, 'intentionalWalks': 0, 'hits': 4, 'hitByPitch': 0, 'avg': '.444', 'atBats': 9, 'obp': '.500', 'slg': '.889', 'ops': '1.389', 'caughtStealing': 0, 'stolenBases': 2, 'stolenBasePercentage': '1.000', 'caughtStealingPercentage': '.000', 'groundIntoDoublePlay': 0, 'numberOfPitches': 37, 'era': '16.20', 'inningsPitched': '1.2', 'wins': 0, 'losses': 0, 'saves': 0, 'saveOpportunities': 0, 'holds': 0, 'blownSaves': 0, 'earnedRuns': 3, 'whip': '3.00', 'battersFaced': 10, 'outs': 5, 'gamesPitched': 2, 'completeGames': 0, 'shutouts': 0, 'strikes': 25, 'strikePercentage': '.680', 'hitBatsmen': 0, 'balks': 0, 'wildPitches': 0, 'pickoffs': 0, 'totalBases': 8, 'groundOutsToAirouts': '1.00', 'winPercentage': '.---', 'pitchesPerInning': '22.20', 'gamesFinished': 1, 'strikeoutWalkRatio': '3.00', 'strikeoutsPer9Inn': '16.20', 'walksPer9Inn': '5.40', 'hitsPer9Inn': '21.60', 'runsScoredPer9': '16.20', 'homeRunsPer9': '5.40', 'inheritedRunners': 0, 'inheritedRunnersScored': 0, 'catchersInterference': 0, 'sacBunts': 0, 'sacFlies': 0}, 'team': {'id': 110, 'name': 'Baltimore Orioles', 'link': '/api/v1/teams/110'}, 'player': {'id': 642585, 'fullName': 'Félix Bautista', 'link': '/api/v1/people/642585'}, 'league': {'id': 103, 'name': 'American League', 'link': '/api/v1/league/103'}, 'sport': {'id': 1, 'link': '/api/v1/sports/1', 'abbreviation': 'MLB'}, 'gameType': 'R'}]",season,pitching
[],"[{'season': '2026', 'stat': {'age': 35, 'gamesPlayed': 56, 'gamesStarted': 0, 'groundOuts': 44, 'airOuts': 59, 'runs': 25, 'doubles': 9, 'triples': 1, 'homeRuns': 8, 'strikeOuts': 42, 'baseOnBalls': 19, 'intentionalWalks': 0, 'hits': 47, 'hitByPitch': 0, 'avg': '.249', 'atBats': 189, 'obp': '.314', 'slg': '.434', 'ops': '.748', 'caughtStealing': 0, 'stolenBases': 2, 'stolenBasePercentage': '1.000', 'caughtStealingPercentage': '.000', 'groundIntoDoublePlay': 0, 'numberOfPitches': 840, 'era': '4.62', 'inningsPitched': '48.2', 'wins': 2, 'losses': 1, 'saves': 1, 'saveOpportunities': 3, 'holds': 8, 'blownSaves': 2, 'earnedRuns': 25, 'whip': '1.36', 'battersFaced': 211, 'outs': 146, 'gamesPitched': 56, 'completeGames': 0, 'shutouts': 0, 'strikes': 551, 'strikePercentage': '.660', 'hitBatsmen': 0, 'balks': 0, 'wildPitches': 3, 'pickoffs': 0, 'totalBases': 82, 'groundOutsToAirouts': '0.75', 'winPercentage': '.667', 'pitchesPerInning': '17.26', 'gamesFinished': 10, 'strikeoutWalkRatio': '2.21', 'strikeoutsPer9Inn': '7.77', 'walksPer9Inn': '3.51', 'hitsPer9Inn': '8.69', 'runsScoredPer9': '4.62', 'homeRunsPer9': '1.48', 'inheritedRunners': 32, 'inheritedRunnersScored': 8, 'catchersInterference': 0, 'sacBunts': 1, 'sacFlies': 2}, 'team': {'id': 113, 'name': 'Cincinnati Reds', 'link': '/api/v1/teams/113'}, 'player': {'id': 572955, 'fullName': 'Pierce Johnson', 'link': '/api/v1/people/572955'}, 'league': {'id': 104, 'name': 'National League', 'link': '/api/v1/league/104'}, 'sport': {'id': 1, 'link': '/api/v1/sports/1', 'abbreviation': 'MLB'}, 'gameType': 'R'}]",season,pitching
[],"[{'season': '2026', 'stat': {'age': 29, 'gamesPlayed': 30, 'gamesStarted': 30, 'groundOuts': 145, 'airOuts': 125, 'runs': 58, 'doubles': 34, 'triples': 1, 'homeRuns': 15, 'strikeOuts': 132, 'baseOnBalls': 41, 'intentionalWalks': 0, 'hits': 147, 'hitByPitch': 5, 'avg': '.269', 'atBats': 546, 'obp': '.325', 'slg': '.418', 'ops': '.743', 'caughtStealing': 5, 'stolenBases': 9, 'stolenBasePercentage': '.643', 'caughtStealingPercentage': '.357', 'groundIntoDoublePlay': 13, 'numberOfPitches': 2328, 'era': '3.66', 'inningsPitched': '140.0', 'wins': 10, 'losses': 5, 'saves': 0, 'saveOpportunities': 0, 'holds': 0, 'blownSaves': 0, 'earnedRuns': 57, 'whip': '1.34', 'battersFaced': 596, 'outs': 420, 'gamesPitched': 30, 'completeGames': 0, 'shutouts': 0, 'strikes': 1476, 'strikePercentage': '.630', 'hitBatsmen': 5, 'balks': 0, 'wildPitches': 4, 'pickoffs': 0, 'totalBases': 228, 'groundOutsToAirouts': '1.16', 'winPercentage': '.667', 'pitchesPerInning': '16.63', 'gamesFinished': 0, 'strikeoutWalkRatio': '3.22', 'strikeoutsPer9Inn': '8.49', 'walksPer9Inn': '2.64', 'hitsPer9Inn': '9.45', 'runsScoredPer9': '3.73', 'homeRunsPer9': '0.96', 'inheritedRunners': 0, 'inheritedRunnersScored': 0, 'catchersInterference': 1, 'sacBunts': 2, 'sacFlies': 1}, 'team': {'id': 138, 'name': 'St. Louis Cardinals', 'link': '/api/v1/teams/138'}, 'player': {'id': 681517, 'fullName': 'Kyle Leahy', 'link': '/api/v1/people/681517'}, 'league': {'id': 104, 'name': 'National League', 'link': '/api/v1/league/104'}, 'sport': {'id': 1, 'link': '/api/v1/sports/1', 'abbreviation': 'MLB'}, 'gameType': 'R'}]",season,pitching
[],"[{'season': '2026', 'stat': {'age': 21, 'gamesPlayed': 58, 'gamesStarted': 1, 'groundOuts': 50, 'airOuts': 72, 'runs': 21, 'doubles': 8, 'triples': 1, 'homeRuns': 6, 'strikeOuts': 92, 'baseOnBalls': 21, 'intentionalWalks': 2, 'hits': 60, 'hitByPitch': 2, 'avg': '.223', 'atBats': 269, 'obp': '.281', 'slg': '.327', 'ops': '.608', 'caughtStealing': 0, 'stolenBases': 6, 'stolenBasePercentage': '1.000', 'caughtStealingPercentage': '.000', 'groundIntoDoublePlay': 5, 'numberOfPitches': 1231, 'era': '2.45', 'inningsPitched': '73.1', 'wins': 7, 'losses': 2, 'saves': 3, 'saveOpportunities': 9, 'holds': 18, 'blownSaves': 6, 'earnedRuns': 20, 'whip': '1.10', 'battersFaced': 297, 'outs': 220, 'gamesPitched': 58, 'completeGames': 0, 'shutouts': 0, 'strikes': 823, 'strikePercentage': '.670', 'hitBatsmen': 2, 'balks': 0, 'wildPitches': 0, 'pickoffs': 1, 'totalBases': 88, 'groundOutsToAirouts': '0.69', 'winPercentage': '.778', 'pitchesPerInning': '16.79', 'gamesFinished': 12, 'strikeoutWalkRatio': '4.38', 'strikeoutsPer9Inn': '11.29', 'walksPer9Inn': '2.58', 'hitsPer9Inn': '7.36', 'runsScoredPer9': '2.58', 'homeRunsPer9': '0.74', 'inheritedRunners': 32, 'inheritedRunnersScored': 7, 'catchersInterference': 0, 'sacBunts': 2, 'sacFlies': 3}, 'team': {'id': 144, 'name': 'Atlanta Braves', 'link': '/api/v1/teams/144'}, 'player': {'id': 800311, 'fullName': 'Didier Fuentes', 'link': '/api/v1/people/800311'}, 'league': {'id': 104, 'name': 'National League', 'link': '/api/v1/league/104'}, 'sport': {'id': 1, 'link': '/api/v1/sports/1', 'abbreviation': 'MLB'}, 'gameType': 'R'}]",season,pitching
[],"[{'season': '2026', 'stat': {'age': 38, 'gamesPlayed': 60, 'gamesStarted': 0, 'groundOuts': 44, 'airOuts': 57, 'runs': 22, 'doubles': 11, 'triples': 1, 'homeRuns': 6, 'strikeOuts': 51, 'baseOnBalls': 20, 'intentionalWalks': 1, 'hits': 45, 'hitByPitch': 3, 'avg': '.234', 'atBats': 192, 'obp': '.312', 'slg': '.396', 'ops': '.708', 'caughtStealing': 2, 'stolenBases': 0, 'stolenBasePercentage': '.000', 'caughtStealingPercentage': '1.000', 'groundIntoDoublePlay': 2, 'numberOfPitches': 831, 'era': '3.31', 'inningsPitched': '51.2', 'wins': 5, 'losses': 7, 'saves': 1, 'saveOpportunities': 5, 'holds': 16, 'blownSaves': 4, 'earnedRuns': 19, 'whip': '1.26', 'battersFaced': 220, 'outs': 155, 'gamesPitched': 60, 'completeGames': 0, 'shutouts': 0, 'strikes': 541, 'strikePercentage': '.650', 'hitBatsmen': 3, 'balks': 0, 'wildPitches': 1, 'pickoffs': 1, 'totalBases': 76, 'groundOutsToAirouts': '0.77', 'winPercentage': '.417', 'pitchesPerInning': '16.08', 'gamesFinished': 7, 'strikeoutWalkRatio': '2.55', 'strikeoutsPer9Inn': '8.88', 'walksPer9Inn': '3.48', 'hitsPer9Inn': '7.84', 'runsScoredPer9': '3.83', 'homeRunsPer9': '1.05', 'inheritedRunners': 24, 'inheritedRunnersScored': 8, 'catchersInterference': 0, 'sacBunts': 2, 'sacFlies': 3}, 'player': {'id': 548384, 'fullName': 'Brooks Raley', 'link': '/api/v1/people/548384'}, 'league': {'id': 104, 'name': 'National League', 'link': '/api/v1/league/104'}, 'sport': {'id': 1, 'link': '/api/v1/sports/1', 'abbreviation': 'MLB'}, 'gameType': 'R', 'numTeams': 2}, {'season': '2026', 'stat': {'age': 38, 'gamesPlayed': 45, 'gamesStarted': 0, 'groundOuts': 36, 'airOuts': 46, 'runs': 12, 'doubles': 8, 'triples': 1, 'homeRuns': 2, 'strikeOuts': 40, 'baseOnBalls': 15, 'intentionalWalks': 1, 'hits': 30, 'hitByPitch': 3, 'avg': '.204', 'atBats': 147, 'obp': '.286', 'slg': '.313', 'ops': '.599', 'caughtStealing': 1, 'stolenBases': 0, 'stolenBasePercentage': '.000', 'caughtStealingPercentage': '1.000', 'groundIntoDoublePlay': 2, 'numberOfPitches': 630, 'era': '1.96', 'inningsPitched': '41.1', 'wins': 5, 'losses': 5, 'saves': 0, 'saveOpportunities': 1, 'holds': 14, 'blownSaves': 1, 'earnedRuns': 9, 'whip': '1.09', 'battersFaced': 170, 'outs': 124, 'gamesPitched': 45, 'completeGames': 0, 'shutouts': 0, 'strikes': 416, 'strikePercentage': '.660', 'hitBatsmen': 3, 'balks': 0, 'wildPitches': 1, 'pickoffs': 0, 'totalBases': 46, 'groundOutsToAirouts': '0.78', 'winPercentage': '.500', 'pitchesPerInning': '15.24', 'gamesFinished': 5, 'strikeoutWalkRatio': '2.67', 'strikeoutsPer9Inn': '8.71', 'walksPer9Inn': '3.27', 'hitsPer9Inn': '6.53', 'runsScoredPer9': '2.61', 'homeRunsPer9': '0.44', 'inheritedRunners': 16, 'inheritedRunnersScored': 4, 'catchersInterference': 0, 'sacBunts': 2, 'sacFlies': 3}, 'team': {'id': 121, 'name': 'New York Mets', 'link': '/api/v1/teams/121'}, 'player': {'id': 548384, 'fullName': 'Brooks Raley', 'link': '/api/v1/people/548384'}, 'league': {'id': 104, 'name': 'National League', 'link': '/api/v1/league/104'}, 'sport': {'id': 1, 'link': '/api/v1/sports/1', 'abbreviation': 'MLB'}, 'gameType': 'R'}, {'season': '2026', 'stat': {'age': 38, 'gamesPlayed': 15, 'gamesStarted': 0, 'groundOuts': 8, 'airOuts': 11, 'runs': 10, 'doubles': 3, 'triples': 0, 'homeRuns': 4, 'strikeOuts': 11, 'baseOnBalls': 5, 'intentionalWalks': 0, 'hits': 15, 'hitByPitch': 0, 'avg': '.333', 'atBats': 45, 'obp': '.400', 'slg': '.667', 'ops': '1.067', 'caughtStealing': 1, 'stolenBases': 0, 'stolenBasePercentage': '.000', 'caughtStealingPercentage': '1.000', 'groundIntoDoublePlay': 0, 'numberOfPitches': 201, 'era': '8.71', 'inningsPitched': '10.1', 'wins': 0, 'losses': 2, 'saves': 1, 'saveOpportunities': 4, 'holds': 2, 'blownSaves': 3, 'earnedRuns': 10, 'whip': '1.94', 'battersFaced': 50, 'outs': 31, 'gamesPitched': 15, 'completeGames': 0, 'shutouts': 0, 'strikes': 125, 'strikePercentage': '.620', 'hitBatsmen': 0, 'balks': 0, 'wildPitches': 0, 'pickoffs': 1, 'totalBases': 30, 'groundOutsToAirouts': '0.73', 'winPercentage': '.000', 'pitchesPerInning': '19.45', 'gamesFinished': 2, 'strikeoutWalkRatio': '2.20', 'strikeoutsPer9Inn': '9.58', 'walksPer9Inn': '4.35', 'hitsPer9Inn': '13.06', 'runsScoredPer9': '8.71', 'homeRunsPer9': '3.48', 'inheritedRunners': 8, 'inheritedRunnersScored': 4, 'catchersInterference': 0, 'sacBunts': 0, 'sacFlies': 0}, 'team': {'id': 143, 'name': 'Philadelphia Phillies', 'link': '/api/v1/teams/143'}, 'player': {'id': 548384, 'fullName': 'Brooks Raley', 'link': '/api/v1/people/548384'}, 'league': {'id': 104, 'name': 'National League', 'link': '/api/v1/league/104'}, 'sport': {'id': 1, 'link': '/api/v1/sports/1', 'abbreviation': 'MLB'}, 'gameType': 'R'}]",season,pitching
[],"[{'season': '2026', 'stat': {'age': 31, 'gamesPlayed': 44, 'gamesStarted': 0, 'groundOuts': 63, 'airOuts': 38, 'runs': 27, 'doubles': 9, 'triples': 0, 'homeRuns': 7, 'strikeOuts': 27, 'baseOnBalls': 17, 'intentionalWalks': 1, 'hits': 49, 'hitByPitch': 4, 'avg': '.282', 'atBats': 174, 'obp': '.354', 'slg': '.454', 'ops': '.808', 'caughtStealing': 1, 'stolenBases': 3, 'stolenBasePercentage': '.750', 'caughtStealingPercentage': '.250', 'groundIntoDoublePlay': 4, 'numberOfPitches': 736, 'era': '4.50', 'inningsPitched': '44.0', 'wins': 1, 'losses': 3, 'saves': 8, 'saveOpportunities': 9, 'holds': 6, 'blownSaves': 1, 'earnedRuns': 22, 'whip': '1.50', 'battersFaced': 198, 'outs': 132, 'gamesPitched': 44, 'completeGames': 0, 'shutouts': 0, 'strikes': 448, 'strikePercentage': '.610', 'hitBatsmen': 4, 'balks': 0, 'wildPitches': 1, 'pickoffs': 0, 'totalBases': 79, 'groundOutsToAirouts': '1.66', 'winPercentage': '.250', 'pitchesPerInning': '16.73', 'gamesFinished': 18, 'strikeoutWalkRatio': '1.59', 'strikeoutsPer9Inn': '5.52', 'walksPer9Inn': '3.48', 'hitsPer9Inn': '10.02', 'runsScoredPer9': '5.52', 'homeRunsPer9': '1.43', 'inheritedRunners': 19, 'inheritedRunnersScored': 2, 'catchersInterference': 0, 'sacBunts': 0, 'sacFlies': 3}, 'player': {'id': 669270, 'fullName': 'Joel Kuhnel', 'link': '/api/v1/people/669270'}, 'sport': {'id': 1, 'link': '/api/v1/sports/1', 'abbreviation': 'MLB'}, 'gameType': 'R', 'numTeams': 3, 'numLeagues': 2}, {'season': '2026', 'stat': {'age': 31, 'gamesPlayed': 25, 'gamesStarted': 0, 'groundOuts': 34, 'airOuts': 25, 'runs': 12, 'doubles': 6, 'triples': 0, 'homeRuns': 2, 'strikeOuts': 14, 'baseOnBalls': 6, 'intentionalWalks': 0, 'hits': 27, 'hitByPitch': 2, 'avg': '.276', 'atBats': 98, 'obp': '.324', 'slg': '.398', 'ops': '.722', 'caughtStealing': 1, 'stolenBases': 1, 'stolenBasePercentage': '.500', 'caughtStealingPercentage': '.500', 'groundIntoDoublePlay': 3, 'numberOfPitches': 369, 'era': '4.21', 'inningsPitched': '25.2', 'wins': 1, 'losses': 2, 'saves': 4, 'saveOpportunities': 4, 'holds': 4, 'blownSaves': 0, 'earnedRuns': 12, 'whip': '1.29', 'battersFaced': 108, 'outs': 77, 'gamesPitched': 25, 'completeGames': 0, 'shutouts': 0, 'strikes': 231, 'strikePercentage': '.630', 'hitBatsmen': 2, 'balks': 0, 'wildPitches': 1, 'pickoffs': 0, 'totalBases': 39, 'groundOutsToAirouts': '1.36', 'winPercentage': '.333', 'pitchesPerInning': '14.38', 'gamesFinished': 12, 'strikeoutWalkRatio': '2.33', 'strikeoutsPer9Inn': '4.91', 'walksPer9Inn': '2.10', 'hitsPer9Inn': '9.47', 'runsScoredPer9': '4.21', 'homeRunsPer9': '0.70', 'inheritedRunners': 9, 'inheritedRunnersScored': 1, 'catchersInterference': 0, 'sacBunts': 0, 'sacFlies': 2}, 'team': {'id': 133, 'name': 'Athletics', 'link': '/api/v1/teams/133'}, 'player': {'id': 669270, 'fullName': 'Joel Kuhnel', 'link': '/api/v1/people/669270'}, 'league': {'id': 103, 'name': 'American League', 'link': '/api/v1/league/103'}, 'sport': {'id': 1, 'link': '/api/v1/sports/1', 'abbreviation': 'MLB'}, 'gameType': 'R'}, {'season': '2026', 'stat': {'age': 31, 'gamesPlayed': 9, 'gamesStarted': 0, 'groundOuts': 13, 'airOuts': 9, 'runs': 6, 'doubles': 2, 'triples': 0, 'homeRuns': 1, 'strikeOuts': 5, 'baseOnBalls': 5, 'intentionalWalks': 0, 'hits': 9, 'hitByPitch': 0, 'avg': '.257', 'atBats': 35, 'obp': '.341', 'slg': '.400', 'ops': '.741', 'caughtStealing': 0, 'stolenBases': 1, 'stolenBasePercentage': '1.000', 'caughtStealingPercentage': '.000', 'groundIntoDoublePlay': 0, 'numberOfPitches': 174, 'era': '3.12', 'inningsPitched': '8.2', 'wins': 0, 'losses': 0, 'saves': 2, 'saveOpportunities': 2, 'holds': 1, 'blownSaves': 0, 'earnedRuns': 3, 'whip': '1.62', 'battersFaced': 41, 'outs': 26, 'gamesPitched': 9, 'completeGames': 0, 'shutouts': 0, 'strikes': 99, 'strikePercentage': '.570', 'hitBatsmen': 0, 'balks': 0, 'wildPitches': 0, 'pickoffs': 0, 'totalBases': 14, 'groundOutsToAirouts': '1.44', 'winPercentage': '.---', 'pitchesPerInning': '20.08', 'gamesFinished': 2, 'strikeoutWalkRatio': '1.00', 'strikeoutsPer9Inn': '5.19', 'walksPer9Inn': '5.19', 'hitsPer9Inn': '9.35', 'runsScoredPer9': '6.23', 'homeRunsPer9': '1.04', 'inheritedRunners': 8, 'inheritedRunnersScored': 0, 'catchersInterference': 0, 'sacBunts': 0, 'sacFlies': 1}, 'team': {'id': 137, 'name': 'San Francisco Giants', 'link': '/api/v1/teams/137'}, 'player': {'id': 669270, 'fullName': 'Joel Kuhnel', 'link': '/api/v1/people/669270'}, 'league': {'id': 104, 'name': 'National League', 'link': '/api/v1/league/104'}, 'sport': {'id': 1, 'link': '/api/v1/sports/1', 'abbreviation': 'MLB'}, 'gameType': 'R'}, {'season': '2026', 'stat': {'age': 31, 'gamesPlayed': 10, 'gamesStarted': 0, 'groundOuts': 16, 'airOuts': 4, 'runs': 9, 'doubles': 1, 'triples': 0, 'homeRuns': 4, 'strikeOuts': 8, 'baseOnBalls': 6, 'intentionalWalks': 1, 'hits': 13, 'hitByPitch': 2, 'avg': '.317', 'atBats': 41, 'obp': '.429', 'slg': '.634', 'ops': '1.063', 'caughtStealing': 0, 'stolenBases': 1, 'stolenBasePercentage': '1.000', 'caughtStealingPercentage': '.000', 'groundIntoDoublePlay': 1, 'numberOfPitches': 193, 'era': '6.52', 'inningsPitched': '9.2', 'wins': 0, 'losses': 1, 'saves': 2, 'saveOpportunities': 3, 'holds': 1, 'blownSaves': 1, 'earnedRuns': 7, 'whip': '1.97', 'battersFaced': 49, 'outs': 29, 'gamesPitched': 10, 'completeGames': 0, 'shutouts': 0, 'strikes': 118, 'strikePercentage': '.610', 'hitBatsmen': 2, 'balks': 0, 'wildPitches': 0, 'pickoffs': 0, 'totalBases': 26, 'groundOutsToAirouts': '4.00', 'winPercentage': '.000', 'pitchesPerInning': '19.97', 'gamesFinished': 4, 'strikeoutWalkRatio': '1.33', 'strikeoutsPer9Inn': '7.45', 'walksPer9Inn': '5.59', 'hitsPer9Inn': '12.10', 'runsScoredPer9': '8.38', 'homeRunsPer9': '3.72', 'inheritedRunners': 2, 'inheritedRunnersScored': 1, 'catchersInterference': 0, 'sacBunts': 0, 'sacFlies': 0}, 'team': {'id': 158, 'name': 'Milwaukee Brewers', 'link': '/api/v1/teams/158'}, 'player': {'id': 669270, 'fullName': 'Joel Kuhnel', 'link': '/api/v1/people/669270'}, 'league': {'id': 104, 'name': 'National League', 'link': '/api/v1/league/104'}, 'sport': {'id': 1, 'link': '/api/v1/sports/1', 'abbreviation': 'MLB'}, 'gameType': 'R'}]",season,pitching
[],"[{'season': '2026', 'stat': {'age': 30, 'gamesPlayed': 16, 'gamesStarted': 16, 'groundOuts': 68, 'airOuts': 90, 'runs': 49, 'doubles': 13, 'triples': 3, 'homeRuns': 17, 'strikeOuts': 82, 'baseOnBalls': 29, 'intentionalWalks': 0, 'hits': 71, 'hitByPitch': 1, 'avg': '.231', 'atBats': 308, 'obp': '.296', 'slg': '.458', 'ops': '.754', 'caughtStealing': 3, 'stolenBases': 2, 'stolenBasePercentage': '.400', 'caughtStealingPercentage': '.600', 'groundIntoDoublePlay': 6, 'numberOfPitches': 1392, 'era': '4.97', 'inningsPitched': '83.1', 'wins': 4, 'losses': 5, 'saves': 0, 'saveOpportunities': 0, 'holds': 0, 'blownSaves': 0, 'earnedRuns': 46, 'whip': '1.20', 'battersFaced': 341, 'outs': 250, 'gamesPitched': 16, 'completeGames': 0, 'shutouts': 0, 'strikes': 871, 'strikePercentage': '.630', 'hitBatsmen': 1, 'balks': 0, 'wildPitches': 4, 'pickoffs': 0, 'totalBases': 141, 'groundOutsToAirouts': '0.76', 'winPercentage': '.444', 'pitchesPerInning': '16.70', 'gamesFinished': 0, 'strikeoutWalkRatio': '2.83', 'strikeoutsPer9Inn': '8.86', 'walksPer9Inn': '3.13', 'hitsPer9Inn': '7.67', 'runsScoredPer9': '5.29', 'homeRunsPer9': '1.84', 'inheritedRunners': 0, 'inheritedRunnersScored': 0, 'catchersInterference': 0, 'sacBunts': 0, 'sacFlies': 3}, 'player': {'id': 665152, 'fullName': 'Dean Kremer', 'link': '/api/v1/people/665152'}, 'league': {'id': 103, 'name': 'American League', 'link': '/api/v1/league/103'}, 'sport': {'id': 1, 'link': '/api/v1/sports/1', 'abbreviation': 'MLB'}, 'gameType': 'R', 'numTeams': 2}, {'season': '2026', 'stat': {'age': 30, 'gamesPlayed': 7, 'gamesStarted': 7, 'groundOuts': 31, 'airOuts': 35, 'runs': 28, 'doubles': 5, 'triples': 2, 'homeRuns': 12, 'strikeOuts': 38, 'baseOnBalls': 11, 'intentionalWalks': 0, 'hits': 38, 'hitByPitch': 0, 'avg': '.271', 'atBats': 140, 'obp': '.320', 'slg': '.593', 'ops': '.913', 'caughtStealing': 2, 'stolenBases': 2, 'stolenBasePercentage': '.500', 'caughtStealingPercentage': '.500', 'groundIntoDoublePlay': 2, 'numberOfPitches': 597, 'era': '6.50', 'inningsPitched': '36.0', 'wins': 1, 'losses': 4, 'saves': 0, 'saveOpportunities': 0, 'holds': 0, 'blownSaves': 0, 'earnedRuns': 26, 'whip': '1.36', 'battersFaced': 153, 'outs': 108, 'gamesPitched': 7, 'completeGames': 0, 'shutouts': 0, 'strikes': 376, 'strikePercentage': '.630', 'hitBatsmen': 0, 'balks': 0, 'wildPitches': 1, 'pickoffs': 0, 'totalBases': 83, 'groundOutsToAirouts': '0.89', 'winPercentage': '.200', 'pitchesPerInning': '16.58', 'gamesFinished': 0, 'strikeoutWalkRatio': '3.45', 'strikeoutsPer9Inn': '9.50', 'walksPer9Inn': '2.75', 'hitsPer9Inn': '9.50', 'runsScoredPer9': '7.00', 'homeRunsPer9': '3.00', 'inheritedRunners': 0, 'inheritedRunnersScored': 0, 'catchersInterference': 0, 'sacBunts': 0, 'sacFlies': 2}, 'team': {'id': 110, 'name': 'Baltimore Orioles', 'link': '/api/v1/teams/110'}, 'player': {'id': 665152, 'fullName': 'Dean Kremer', 'link': '/api/v1/people/665152'}, 'league': {'id': 103, 'name': 'American League', 'link': '/api/v1/league/103'}, 'sport': {'id': 1, 'link': '/api/v1/sports/1', 'abbreviation': 'MLB'}, 'gameType': 'R'}, {'season': '2026', 'stat': {'age': 30, 'gamesPlayed': 9, 'gamesStarted': 9, 'groundOuts': 37, 'airOuts': 55, 'runs': 21, 'doubles': 8, 'triples': 1, 'homeRuns': 5, 'strikeOuts': 44, 'baseOnBalls': 18, 'intentionalWalks': 0, 'hits': 33, 'hitByPitch': 1, 'avg': '.196', 'atBats': 168, 'obp': '.277', 'slg': '.345', 'ops': '.622', 'caughtStealing': 1, 'stolenBases': 0, 'stolenBasePercentage': '.000', 'caughtStealingPercentage': '1.000', 'groundIntoDoublePlay': 4, 'numberOfPitches': 795, 'era': '3.80', 'inningsPitched': '47.1', 'wins': 3, 'losses': 1, 'saves': 0, 'saveOpportunities': 0, 'holds': 0, 'blownSaves': 0, 'earnedRuns': 20, 'whip': '1.08', 'battersFaced': 188, 'outs': 142, 'gamesPitched': 9, 'completeGames': 0, 'shutouts': 0, 'strikes': 495, 'strikePercentage': '.620', 'hitBatsmen': 1, 'balks': 0, 'wildPitches': 3, 'pickoffs': 0, 'totalBases': 58, 'groundOutsToAirouts': '0.67', 'winPercentage': '.750', 'pitchesPerInning': '16.80', 'gamesFinished': 0, 'strikeoutWalkRatio': '2.44', 'strikeoutsPer9Inn': '8.37', 'walksPer9Inn': '3.42', 'hitsPer9Inn': '6.27', 'runsScoredPer9': '3.99', 'homeRunsPer9': '0.95', 'inheritedRunners': 0, 'inheritedRunnersScored': 0, 'catchersInterference': 0, 'sacBunts': 0, 'sacFlies': 1}, 'team': {'id': 142, 'name': 'Minnesota Twins', 'link': '/api/v1/teams/142'}, 'player': {'id': 665152, 'fullName': 'Dean Kremer', 'link': '/api/v1/people/665152'}, 'league': {'id': 103, 'name': 'American League', 'link': '/api/v1/league/103'}, 'sport': {'id': 1, 'link': '/api/v1/sports/1', 'abbreviation': 'MLB'}, 'gameType': 'R'}]",season,pitching
[],"[{'season': '2026', 'stat': {'age': 31, 'gamesPlayed': 35, 'gamesStarted': 1, 'groundOuts': 17, 'airOuts': 38, 'runs': 22, 'doubles': 4, 'triples': 0, 'homeRuns': 5, 'strikeOuts': 32, 'baseOnBalls': 18, 'intentionalWalks': 0, 'hits': 36, 'hitByPitch': 0, 'avg': '.298', 'atBats': 121, 'obp': '.386', 'slg': '.455', 'ops': '.841', 'caughtStealing': 2, 'stolenBases': 3, 'stolenBasePercentage': '.600', 'caughtStealingPercentage': '.400', 'groundIntoDoublePlay': 1, 'numberOfPitches': 533, 'era': '6.00', 'inningsPitched': '30.0', 'wins': 1, 'losses': 3, 'saves': 0, 'saveOpportunities': 2, 'holds': 12, 'blownSaves': 2, 'earnedRuns': 20, 'whip': '1.80', 'battersFaced': 141, 'outs': 90, 'gamesPitched': 35, 'completeGames': 0, 'shutouts': 0, 'strikes': 356, 'strikePercentage': '.670', 'hitBatsmen': 0, 'balks': 1, 'wildPitches': 1, 'pickoffs': 0, 'totalBases': 55, 'groundOutsToAirouts': '0.45', 'winPercentage': '.250', 'pitchesPerInning': '17.77', 'gamesFinished': 3, 'strikeoutWalkRatio': '1.78', 'strikeoutsPer9Inn': '9.60', 'walksPer9Inn': '5.40', 'hitsPer9Inn': '10.80', 'runsScoredPer9': '6.60', 'homeRunsPer9': '1.50', 'inheritedRunners': 18, 'inheritedRunnersScored': 4, 'catchersInterference': 0, 'sacBunts': 1, 'sacFlies': 1}, 'team': {'id': 117, 'name': 'Houston Astros', 'link': '/api/v1/teams/117'}, 'player': {'id': 656986, 'fullName': 'Bennett Sousa', 'link': '/api/v1/people/656986'}, 'league': {'id': 103, 'name': 'American League', 'link': '/api/v1/league/103'}, 'sport': {'id': 1, 'link': '/api/v1/sports/1', 'abbreviation': 'MLB'}, 'gameType': 'R'}]",season,pitching
[],"[{'season': '2026', 'stat': {'age': 24, 'gamesPlayed': 60, 'gamesStarted': 4, 'groundOuts': 74, 'airOuts': 65, 'runs': 27, 'doubles': 11, 'triples': 0, 'homeRuns': 7, 'strikeOuts': 106, 'baseOnBalls': 30, 'intentionalWalks': 0, 'hits': 60, 'hitByPitch': 1, 'avg': '.198', 'atBats': 303, 'obp': '.271', 'slg': '.304', 'ops': '.575', 'caughtStealing': 0, 'stolenBases': 3, 'stolenBasePercentage': '1.000', 'caughtStealingPercentage': '.000', 'groundIntoDoublePlay': 6, 'numberOfPitches': 1333, 'era': '2.25', 'inningsPitched': '84.0', 'wins': 7, 'losses': 3, 'saves': 10, 'saveOpportunities': 17, 'holds': 11, 'blownSaves': 7, 'earnedRuns': 21, 'whip': '1.07', 'battersFaced': 336, 'outs': 252, 'gamesPitched': 60, 'completeGames': 0, 'shutouts': 0, 'strikes': 887, 'strikePercentage': '.670', 'hitBatsmen': 1, 'balks': 0, 'wildPitches': 4, 'pickoffs': 0, 'totalBases': 92, 'groundOutsToAirouts': '1.14', 'winPercentage': '.700', 'pitchesPerInning': '15.87', 'gamesFinished': 21, 'strikeoutWalkRatio': '3.53', 'strikeoutsPer9Inn': '11.36', 'walksPer9Inn': '3.21', 'hitsPer9Inn': '6.43', 'runsScoredPer9': '2.89', 'homeRunsPer9': '0.75', 'inheritedRunners': 26, 'inheritedRunnersScored': 6, 'catchersInterference': 0, 'sacBunts': 0, 'sacFlies': 2}, 'team': {'id': 145, 'name': 'Chicago White Sox', 'link': '/api/v1/teams/145'}, 'player': {'id': 691799, 'fullName': 'Grant Taylor', 'link': '/api/v1/people/691799'}, 'league': {'id': 103, 'name': 'American League', 'link': '/api/v1/league/103'}, 'sport': {'id': 1, 'link': '/api/v1/sports/1', 'abbreviation': 'MLB'}, 'gameType': 'R'}]",season,pitching
[],"[{'season': '2026', 'stat': {'age': 30, 'gamesPlayed': 17, 'gamesStarted': 0, 'groundOuts': 15, 'airOuts': 20, 'runs': 9, 'doubles': 3, 'triples': 0, 'homeRuns': 4, 'strikeOuts': 17, 'baseOnBalls': 0, 'intentionalWalks': 0, 'hits': 17, 'hitByPitch': 0, 'avg': '.246', 'atBats': 69, 'obp': '.246', 'slg': '.464', 'ops': '.710', 'caughtStealing': 0, 'stolenBases': 1, 'stolenBasePercentage': '1.000', 'caughtStealingPercentage': '.000', 'groundIntoDoublePlay': 1, 'numberOfPitches': 201, 'era': '3.50', 'inningsPitched': '18.0', 'wins': 1, 'losses': 1, 'saves': 1, 'saveOpportunities': 2, 'holds': 5, 'blownSaves': 1, 'earnedRuns': 7, 'whip': '0.94', 'battersFaced': 69, 'outs': 54, 'gamesPitched': 17, 'completeGames': 0, 'shutouts': 0, 'strikes': 150, 'strikePercentage': '.750', 'hitBatsmen': 0, 'balks': 0, 'wildPitches': 0, 'pickoffs': 0, 'totalBases': 32, 'groundOutsToAirouts': '0.75', 'winPercentage': '.500', 'pitchesPerInning': '11.17', 'gamesFinished': 3, 'strikeoutWalkRatio': '-.--', 'strikeoutsPer9Inn': '8.50', 'walksPer9Inn': '0.00', 'hitsPer9Inn': '8.50', 'runsScoredPer9': '4.50', 'homeRunsPer9': '2.00', 'inheritedRunners': 2, 'inheritedRunnersScored': 0, 'catchersInterference': 0, 'sacBunts': 0, 'sacFlies': 0}, 'team': {'id': 121, 'name': 'New York Mets', 'link': '/api/v1/teams/121'}, 'player': {'id': 673380, 'fullName': 'Dedniel Núñez', 'link': '/api/v1/people/673380'}, 'league': {'id': 104, 'name': 'National League', 'link': '/api/v1/league/104'}, 'sport': {'id': 1, 'link': '/api/v1/sports/1', 'abbreviation': 'MLB'}, 'gameType': 'R'}]",season,pitching
[],"[{'season': '2026', 'stat': {'age': 31, 'gamesPlayed': 70, 'gamesStarted': 0, 'groundOuts': 43, 'airOuts': 76, 'runs': 25, 'doubles': 11, 'triples': 4, 'homeRuns': 3, 'strikeOuts': 76, 'baseOnBalls': 17, 'intentionalWalks': 1, 'hits': 47, 'hitByPitch': 0, 'avg': '.197', 'atBats': 238, 'obp': '.249', 'slg': '.315', 'ops': '.564', 'caughtStealing': 0, 'stolenBases': 3, 'stolenBasePercentage': '1.000', 'caughtStealingPercentage': '.000', 'groundIntoDoublePlay': 2, 'numberOfPitches': 1044, 'era': '3.14', 'inningsPitched': '66.0', 'wins': 6, 'losses': 1, 'saves': 0, 'saveOpportunities': 2, 'holds': 30, 'blownSaves': 2, 'earnedRuns': 23, 'whip': '0.97', 'battersFaced': 259, 'outs': 198, 'gamesPitched': 70, 'completeGames': 0, 'shutouts': 0, 'strikes': 704, 'strikePercentage': '.670', 'hitBatsmen': 0, 'balks': 0, 'wildPitches': 0, 'pickoffs': 0, 'totalBases': 75, 'groundOutsToAirouts': '0.57', 'winPercentage': '.857', 'pitchesPerInning': '15.82', 'gamesFinished': 2, 'strikeoutWalkRatio': '4.47', 'strikeoutsPer9Inn': '10.36', 'walksPer9Inn': '2.32', 'hitsPer9Inn': '6.41', 'runsScoredPer9': '3.41', 'homeRunsPer9': '0.41', 'inheritedRunners': 25, 'inheritedRunnersScored': 7, 'catchersInterference': 0, 'sacBunts': 2, 'sacFlies': 2}, 'team': {'id': 144, 'name': 'Atlanta Braves', 'link': '/api/v1/teams/144'}, 'player': {'id': 669276, 'fullName': 'Dylan Lee', 'link': '/api/v1/people/669276'}, 'league': {'id': 104, 'name': 'National League', 'link': '/api/v1/league/104'}, 'sport': {'id': 1, 'link': '/api/v1/sports/1', 'abbreviation': 'MLB'}, 'gameType': 'R'}]",season,pitching
[],"[{'season': '2026', 'stat': {'age': 26, 'gamesPlayed': 26, 'gamesStarted': 1, 'groundOuts': 35, 'airOuts': 47, 'runs': 24, 'doubles': 9, 'triples': 0, 'homeRuns': 8, 'strikeOuts': 53, 'baseOnBalls': 16, 'intentionalWalks': 0, 'hits': 41, 'hitByPitch': 1, 'avg': '.234', 'atBats': 175, 'obp': '.301', 'slg': '.423', 'ops': '.724', 'caughtStealing': 3, 'stolenBases': 3, 'stolenBasePercentage': '.500', 'caughtStealingPercentage': '.500', 'groundIntoDoublePlay': 3, 'numberOfPitches': 755, 'era': '3.78', 'inningsPitched': '47.2', 'wins': 2, 'losses': 2, 'saves': 1, 'saveOpportunities': 3, 'holds': 1, 'blownSaves': 2, 'earnedRuns': 20, 'whip': '1.20', 'battersFaced': 193, 'outs': 143, 'gamesPitched': 26, 'completeGames': 0, 'shutouts': 0, 'strikes': 502, 'strikePercentage': '.660', 'hitBatsmen': 1, 'balks': 0, 'wildPitches': 1, 'pickoffs': 2, 'totalBases': 74, 'groundOutsToAirouts': '0.74', 'winPercentage': '.500', 'pitchesPerInning': '15.84', 'gamesFinished': 11, 'strikeoutWalkRatio': '3.31', 'strikeoutsPer9Inn': '10.01', 'walksPer9Inn': '3.02', 'hitsPer9Inn': '7.74', 'runsScoredPer9': '4.53', 'homeRunsPer9': '1.51', 'inheritedRunners': 16, 'inheritedRunnersScored': 1, 'catchersInterference': 0, 'sacBunts': 0, 'sacFlies': 1}, 'player': {'id': 702021, 'fullName': 'Will Dion', 'link': '/api/v1/people/702021'}, 'sport': {'id': 1, 'link': '/api/v1/sports/1', 'abbreviation': 'MLB'}, 'gameType': 'R', 'numTeams': 2, 'numLeagues': 2}, {'season': '2026', 'stat': {'age': 26, 'gamesPlayed': 12, 'gamesStarted': 0, 'groundOuts': 14, 'airOuts': 18, 'runs': 14, 'doubles': 3, 'triples': 0, 'homeRuns': 4, 'strikeOuts': 25, 'baseOnBalls': 3, 'intentionalWalks': 0, 'hits': 24, 'hitByPitch': 1, 'avg': '.296', 'atBats': 81, 'obp': '.329', 'slg': '.481', 'ops': '.810', 'caughtStealing': 0, 'stolenBases': 2, 'stolenBasePercentage': '1.000', 'caughtStealingPercentage': '.000', 'groundIntoDoublePlay': 2, 'numberOfPitches': 306, 'era': '4.58', 'inningsPitched': '19.2', 'wins': 0, 'losses': 0, 'saves': 0, 'saveOpportunities': 0, 'holds': 0, 'blownSaves': 0, 'earnedRuns': 10, 'whip': '1.37', 'battersFaced': 85, 'outs': 59, 'gamesPitched': 12, 'completeGames': 0, 'shutouts': 0, 'strikes': 212, 'strikePercentage': '.690', 'hitBatsmen': 1, 'balks': 0, 'wildPitches': 0, 'pickoffs': 0, 'totalBases': 39, 'groundOutsToAirouts': '0.78', 'winPercentage': '.---', 'pitchesPerInning': '15.56', 'gamesFinished': 9, 'strikeoutWalkRatio': '8.33', 'strikeoutsPer9Inn': '11.44', 'walksPer9Inn': '1.37', 'hitsPer9Inn': '10.98', 'runsScoredPer9': '6.41', 'homeRunsPer9': '1.83', 'inheritedRunners': 4, 'inheritedRunnersScored': 1, 'catchersInterference': 0, 'sacBunts': 0, 'sacFlies': 0}, 'team': {'id': 114, 'name': 'Cleveland Guardians', 'link': '/api/v1/teams/114'}, 'player': {'id': 702021, 'fullName': 'Will Dion', 'link': '/api/v1/people/702021'}, 'league': {'id': 103, 'name': 'American League', 'link': '/api/v1/league/103'}, 'sport': {'id': 1, 'link': '/api/v1/sports/1', 'abbreviation': 'MLB'}, 'gameType': 'R'}, {'season': '2026', 'stat': {'age': 26, 'gamesPlayed': 14, 'gamesStarted': 1, 'groundOuts': 21, 'airOuts': 29, 'runs': 10, 'doubles': 6, 'triples': 0, 'homeRuns': 4, 'strikeOuts': 28, 'baseOnBalls': 13, 'intentionalWalks': 0, 'hits': 17, 'hitByPitch': 0, 'avg': '.181', 'atBats': 94, 'obp': '.278', 'slg': '.372', 'ops': '.650', 'caughtStealing': 3, 'stolenBases': 1, 'stolenBasePercentage': '.250', 'caughtStealingPercentage': '.750', 'groundIntoDoublePlay': 1, 'numberOfPitches': 449, 'era': '3.21', 'inningsPitched': '28.0', 'wins': 2, 'losses': 2, 'saves': 1, 'saveOpportunities': 3, 'holds': 1, 'blownSaves': 2, 'earnedRuns': 10, 'whip': '1.07', 'battersFaced': 108, 'outs': 84, 'gamesPitched': 14, 'completeGames': 0, 'shutouts': 0, 'strikes': 290, 'strikePercentage': '.650', 'hitBatsmen': 0, 'balks': 0, 'wildPitches': 1, 'pickoffs': 2, 'totalBases': 35, 'groundOutsToAirouts': '0.72', 'winPercentage': '.500', 'pitchesPerInning': '16.04', 'gamesFinished': 2, 'strikeoutWalkRatio': '2.15', 'strikeoutsPer9Inn': '9.00', 'walksPer9Inn': '4.18', 'hitsPer9Inn': '5.46', 'runsScoredPer9': '3.21', 'homeRunsPer9': '1.29', 'inheritedRunners': 12, 'inheritedRunnersScored': 0, 'catchersInterference': 0, 'sacBunts': 0, 'sacFlies': 1}, 'team': {'id': 120, 'name': 'Washington Nationals', 'link': '/api/v1/teams/120'}, 'player': {'id': 702021, 'fullName': 'Will Dion', 'link': '/api/v1/people/702021'}, 'league': {'id': 104, 'name': 'National League', 'link': '/api/v1/league/104'}, 'sport': {'id': 1, 'link': '/api/v1/sports/1', 'abbreviation': 'MLB'}, 'gameType': 'R'}]",season,pitching
[],"[{'season': '2026', 'stat': {'age': 22, 'gamesPlayed': 19, 'gamesStarted': 19, 'groundOuts': 70, 'airOuts': 119, 'runs': 40, 'doubles': 21, 'triples': 0, 'homeRuns': 11, 'strikeOuts': 94, 'baseOnBalls': 46, 'intentionalWalks': 0, 'hits': 62, 'hitByPitch': 2, 'avg': '.184', 'atBats': 337, 'obp': '.282', 'slg': '.344', 'ops': '.626', 'caughtStealing': 0, 'stolenBases': 3, 'stolenBasePercentage': '1.000', 'caughtStealingPercentage': '.000', 'groundIntoDoublePlay': 4, 'numberOfPitches': 1589, 'era': '3.67', 'inningsPitched': '95.2', 'wins': 5, 'losses': 5, 'saves': 0, 'saveOpportunities': 0, 'holds': 0, 'blownSaves': 0, 'earnedRuns': 39, 'whip': '1.13', 'battersFaced': 393, 'outs': 287, 'gamesPitched': 19, 'completeGames': 0, 'shutouts': 0, 'strikes': 984, 'strikePercentage': '.620', 'hitBatsmen': 2, 'balks': 0, 'wildPitches': 4, 'pickoffs': 0, 'totalBases': 116, 'groundOutsToAirouts': '0.59', 'winPercentage': '.500', 'pitchesPerInning': '16.61', 'gamesFinished': 0, 'strikeoutWalkRatio': '2.04', 'strikeoutsPer9Inn': '8.84', 'walksPer9Inn': '4.33', 'hitsPer9Inn': '5.83', 'runsScoredPer9': '3.76', 'homeRunsPer9': '1.03', 'inheritedRunners': 0, 'inheritedRunnersScored': 0, 'catchersInterference': 0, 'sacBunts': 3, 'sacFlies': 5}, 'team': {'id': 141, 'name': 'Toronto Blue Jays', 'link': '/api/v1/teams/141'}, 'player': {'id': 702056, 'fullName': 'Trey Yesavage', 'link': '/api/v1/people/702056'}, 'league': {'id': 103, 'name': 'American League', 'link': '/api/v1/league/103'}, 'sport': {'id': 1, 'link': '/api/v1/sports/1', 'abbreviation': 'MLB'}, 'gameType': 'R'}]",season,pitching
[],"[{'season': '2026', 'stat': {'age': 24, 'gamesPlayed': 9, 'gamesStarted': 5, 'groundOuts': 27, 'airOuts': 42, 'runs': 18, 'doubles': 6, 'triples': 2, 'homeRuns': 3, 'strikeOuts': 31, 'baseOnBalls': 7, 'intentionalWalks': 0, 'hits': 29, 'hitByPitch': 0, 'avg': '.225', 'atBats': 129, 'obp': '.265', 'slg': '.372', 'ops': '.637', 'caughtStealing': 0, 'stolenBases': 2, 'stolenBasePercentage': '1.000', 'caughtStealingPercentage': '.000', 'groundIntoDoublePlay': 1, 'numberOfPitches': 541, 'era': '3.97', 'inningsPitched': '34.0', 'wins': 3, 'losses': 2, 'saves': 0, 'saveOpportunities': 0, 'holds': 0, 'blownSaves': 0, 'earnedRuns': 15, 'whip': '1.06', 'battersFaced': 136, 'outs': 102, 'gamesPitched': 9, 'completeGames': 0, 'shutouts': 0, 'strikes': 357, 'strikePercentage': '.660', 'hitBatsmen': 0, 'balks': 0, 'wildPitches': 0, 'pickoffs': 0, 'totalBases': 48, 'groundOutsToAirouts': '0.64', 'winPercentage': '.600', 'pitchesPerInning': '15.91', 'gamesFinished': 2, 'strikeoutWalkRatio': '4.43', 'strikeoutsPer9Inn': '8.21', 'walksPer9Inn': '1.85', 'hitsPer9Inn': '7.68', 'runsScoredPer9': '4.76', 'homeRunsPer9': '0.79', 'inheritedRunners': 0, 'inheritedRunnersScored': 0, 'catchersInterference': 0, 'sacBunts': 0, 'sacFlies': 0}, 'player': {'id': 683627, 'fullName': 'Anthony Molina', 'link': '/api/v1/people/683627'}, 'league': {'id': 104, 'name': 'National League', 'link': '/api/v1/league/104'}, 'sport': {'id': 1, 'link': '/api/v1/sports/1', 'abbreviation': 'MLB'}, 'gameType': 'R', 'numTeams': 2}, {'season': '2026', 'stat': {'age': 24, 'gamesPlayed': 6, 'gamesStarted': 5, 'groundOuts': 20, 'airOuts': 37, 'runs': 14, 'doubles': 6, 'triples': 2, 'homeRuns': 2, 'strikeOuts': 29, 'baseOnBalls': 6, 'intentionalWalks': 0, 'hits': 23, 'hitByPitch': 0, 'avg': '.211', 'atBats': 109, 'obp': '.252', 'slg': '.358', 'ops': '.610', 'caughtStealing': 0, 'stolenBases': 2, 'stolenBasePercentage': '1.000', 'caughtStealingPercentage': '.000', 'groundIntoDoublePlay': 0, 'numberOfPitches': 453, 'era': '3.72', 'inningsPitched': '29.0', 'wins': 3, 'losses': 2, 'saves': 0, 'saveOpportunities': 0, 'holds': 0, 'blownSaves': 0, 'earnedRuns': 12, 'whip': '1.00', 'battersFaced': 115, 'outs': 87, 'gamesPitched': 6, 'completeGames': 0, 'shutouts': 0, 'strikes': 302, 'strikePercentage': '.670', 'hitBatsmen': 0, 'balks': 0, 'wildPitches': 0, 'pickoffs': 0, 'totalBases': 39, 'groundOutsToAirouts': '0.54', 'winPercentage': '.600', 'pitchesPerInning': '15.62', 'gamesFinished': 0, 'strikeoutWalkRatio': '4.83', 'strikeoutsPer9Inn': '9.00', 'walksPer9Inn': '1.86', 'hitsPer9Inn': '7.14', 'runsScoredPer9': '4.34', 'homeRunsPer9': '0.62', 'inheritedRunners': 0, 'inheritedRunnersScored': 0, 'catchersInterference': 0, 'sacBunts': 0, 'sacFlies': 0}, 'team': {'id': 137, 'name': 'San Francisco Giants', 'link': '/api/v1/teams/137'}, 'player': {'id': 683627, 'fullName': 'Anthony Molina', 'link': '/api/v1/people/683627'}, 'league': {'id': 104, 'name': 'National League', 'link': '/api/v1/league/104'}, 'sport': {'id': 1, 'link': '/api/v1/sports/1', 'abbreviation': 'MLB'}, 'gameType': 'R'}, {'season': '2026', 'stat': {'age': 24, 'gamesPlayed': 3, 'gamesStarted': 0, 'groundOuts': 7, 'airOuts': 5, 'runs': 4, 'doubles': 0, 'triples': 0, 'homeRuns': 1, 'strikeOuts': 2, 'baseOnBalls': 1, 'intentionalWalks': 0, 'hits': 6, 'hitByPitch': 0, 'avg': '.300', 'atBats': 20, 'obp': '.333', 'slg': '.450', 'ops': '.783', 'caughtStealing': 0, 'stolenBases': 0, 'stolenBasePercentage': '.---', 'caughtStealingPercentage': '.---', 'groundIntoDoublePlay': 1, 'numberOfPitches': 88, 'era': '5.40', 'inningsPitched': '5.0', 'wins': 0, 'losses': 0, 'saves': 0, 'saveOpportunities': 0, 'holds': 0, 'blownSaves': 0, 'earnedRuns': 3, 'whip': '1.40', 'battersFaced': 21, 'outs': 15, 'gamesPitched': 3, 'completeGames': 0, 'shutouts': 0, 'strikes': 55, 'strikePercentage': '.630', 'hitBatsmen': 0, 'balks': 0, 'wildPitches': 0, 'pickoffs': 0, 'totalBases': 9, 'groundOutsToAirouts': '1.40', 'winPercentage': '.---', 'pitchesPerInning': '17.60', 'gamesFinished': 2, 'strikeoutWalkRatio': '2.00', 'strikeoutsPer9Inn': '3.60', 'walksPer9Inn': '1.80', 'hitsPer9Inn': '10.80', 'runsScoredPer9': '7.20', 'homeRunsPer9': '1.80', 'inheritedRunners': 0, 'inheritedRunnersScored': 0, 'catchersInterference': 0, 'sacBunts': 0, 'sacFlies': 0}, 'team': {'id': 144, 'name': 'Atlanta Braves', 'link': '/api/v1/teams/144'}, 'player': {'id': 683627, 'fullName': 'Anthony Molina', 'link': '/api/v1/people/683627'}, 'league': {'id': 104, 'name': 'National League', 'link': '/api/v1/league/104'}, 'sport': {'id': 1, 'link': '/api/v1/sports/1', 'abbreviation': 'MLB'}, 'gameType': 'R'}]",season,pitching
[],"[{'season': '2026', 'stat': {'age': 28, 'gamesPlayed': 22, 'gamesStarted': 15, 'groundOuts': 60, 'airOuts': 66, 'runs': 42, 'doubles': 9, 'triples': 0, 'homeRuns': 9, 'strikeOuts': 96, 'baseOnBalls': 51, 'intentionalWalks': 0, 'hits': 58, 'hitByPitch': 4, 'avg': '.209', 'atBats': 277, 'obp': '.338', 'slg': '.339', 'ops': '.677', 'caughtStealing': 1, 'stolenBases': 6, 'stolenBasePercentage': '.857', 'caughtStealingPercentage': '.143', 'groundIntoDoublePlay': 4, 'numberOfPitches': 1441, 'era': '5.00', 'inningsPitched': '75.2', 'wins': 6, 'losses': 4, 'saves': 0, 'saveOpportunities': 0, 'holds': 0, 'blownSaves': 0, 'earnedRuns': 42, 'whip': '1.44', 'battersFaced': 335, 'outs': 227, 'gamesPitched': 22, 'completeGames': 0, 'shutouts': 0, 'strikes': 855, 'strikePercentage': '.590', 'hitBatsmen': 4, 'balks': 3, 'wildPitches': 2, 'pickoffs': 0, 'totalBases': 94, 'groundOutsToAirouts': '0.91', 'winPercentage': '.600', 'pitchesPerInning': '19.04', 'gamesFinished': 5, 'strikeoutWalkRatio': '1.88', 'strikeoutsPer9Inn': '11.42', 'walksPer9Inn': '6.07', 'hitsPer9Inn': '6.90', 'runsScoredPer9': '5.00', 'homeRunsPer9': '1.07', 'inheritedRunners': 0, 'inheritedRunnersScored': 0, 'catchersInterference': 0, 'sacBunts': 1, 'sacFlies': 2}, 'team': {'id': 117, 'name': 'Houston Astros', 'link': '/api/v1/teams/117'}, 'player': {'id': 837227, 'fullName': 'Tatsuya Imai', 'link': '/api/v1/people/837227'}, 'league': {'id': 103, 'name': 'American League', 'link': '/api/v1/league/103'}, 'sport': {'id': 1, 'link': '/api/v1/sports/1', 'abbreviation': 'MLB'}, 'gameType': 'R'}]",season,pitching
[],"[{'season': '2026', 'stat': {'age': 30, 'gamesPlayed': 22, 'gamesStarted': 0, 'groundOuts': 32, 'airOuts': 26, 'runs': 15, 'doubles': 6, 'triples': 1, 'homeRuns': 2, 'strikeOuts': 14, 'baseOnBalls': 10, 'intentionalWalks': 2, 'hits': 27, 'hitByPitch': 0, 'avg': '.276', 'atBats': 98, 'obp': '.339', 'slg': '.418', 'ops': '.757', 'caughtStealing': 0, 'stolenBases': 3, 'stolenBasePercentage': '1.000', 'caughtStealingPercentage': '.000', 'groundIntoDoublePlay': 1, 'numberOfPitches': 411, 'era': '4.50', 'inningsPitched': '24.0', 'wins': 3, 'losses': 2, 'saves': 0, 'saveOpportunities': 1, 'holds': 2, 'blownSaves': 1, 'earnedRuns': 12, 'whip': '1.54', 'battersFaced': 109, 'outs': 72, 'gamesPitched': 22, 'completeGames': 0, 'shutouts': 0, 'strikes': 245, 'strikePercentage': '.600', 'hitBatsmen': 0, 'balks': 0, 'wildPitches': 2, 'pickoffs': 0, 'totalBases': 41, 'groundOutsToAirouts': '1.23', 'winPercentage': '.600', 'pitchesPerInning': '17.13', 'gamesFinished': 7, 'strikeoutWalkRatio': '1.40', 'strikeoutsPer9Inn': '5.25', 'walksPer9Inn': '3.75', 'hitsPer9Inn': '10.13', 'runsScoredPer9': '5.63', 'homeRunsPer9': '0.75', 'inheritedRunners': 11, 'inheritedRunnersScored': 3, 'catchersInterference': 0, 'sacBunts': 0, 'sacFlies': 1}, 'team': {'id': 137, 'name': 'San Francisco Giants', 'link': '/api/v1/teams/137'}, 'player': {'id': 671345, 'fullName': 'Jason Foley', 'link': '/api/v1/people/671345'}, 'league': {'id': 104, 'name': 'National League', 'link': '/api/v1/league/104'}, 'sport': {'id': 1, 'link': '/api/v1/sports/1', 'abbreviation': 'MLB'}, 'gameType': 'R'}]",season,pitching
[],"[{'season': '2026', 'stat': {'age': 27, 'gamesPlayed': 46, 'gamesStarted': 16, 'groundOuts': 94, 'airOuts': 143, 'runs': 67, 'doubles': 21, 'triples': 5, 'homeRuns': 25, 'strikeOuts': 158, 'baseOnBalls': 36, 'intentionalWalks': 4, 'hits': 114, 'hitByPitch': 5, 'avg': '.227', 'atBats': 502, 'obp': '.283', 'slg': '.438', 'ops': '.721', 'caughtStealing': 1, 'stolenBases': 8, 'stolenBasePercentage': '.889', 'caughtStealingPercentage': '.111', 'groundIntoDoublePlay': 6, 'numberOfPitches': 2121, 'era': '4.22', 'inningsPitched': '132.1', 'wins': 9, 'losses': 7, 'saves': 2, 'saveOpportunities': 2, 'holds': 10, 'blownSaves': 0, 'earnedRuns': 62, 'whip': '1.13', 'battersFaced': 550, 'outs': 397, 'gamesPitched': 46, 'completeGames': 0, 'shutouts': 0, 'strikes': 1447, 'strikePercentage': '.680', 'hitBatsmen': 5, 'balks': 1, 'wildPitches': 2, 'pickoffs': 0, 'totalBases': 220, 'groundOutsToAirouts': '0.66', 'winPercentage': '.563', 'pitchesPerInning': '16.03', 'gamesFinished': 7, 'strikeoutWalkRatio': '4.39', 'strikeoutsPer9Inn': '10.75', 'walksPer9Inn': '2.45', 'hitsPer9Inn': '7.75', 'runsScoredPer9': '4.56', 'homeRunsPer9': '1.70', 'inheritedRunners': 8, 'inheritedRunnersScored': 0, 'catchersInterference': 0, 'sacBunts': 3, 'sacFlies': 4}, 'team': {'id': 139, 'name': 'Tampa Bay Rays', 'link': '/api/v1/teams/139'}, 'player': {'id': 693855, 'fullName': 'Ian Seymour', 'link': '/api/v1/people/693855'}, 'league': {'id': 103, 'name': 'American League', 'link': '/api/v1/league/103'}, 'sport': {'id': 1, 'link': '/api/v1/sports/1', 'abbreviation': 'MLB'}, 'gameType': 'R'}]",season,pitching
[],"[{'season': '2026', 'stat': {'age': 24, 'gamesPlayed': 8, 'gamesStarted': 1, 'groundOuts': 11, 'airOuts': 14, 'runs': 10, 'doubles': 4, 'triples': 0, 'homeRuns': 2, 'strikeOuts': 19, 'baseOnBalls': 11, 'intentionalWalks': 0, 'hits': 18, 'hitByPitch': 2, 'avg': '.295', 'atBats': 61, 'obp': '.419', 'slg': '.459', 'ops': '.878', 'caughtStealing': 0, 'stolenBases': 2, 'stolenBasePercentage': '1.000', 'caughtStealingPercentage': '.000', 'groundIntoDoublePlay': 1, 'numberOfPitches': 302, 'era': '5.87', 'inningsPitched': '15.1', 'wins': 0, 'losses': 1, 'saves': 0, 'saveOpportunities': 0, 'holds': 0, 'blownSaves': 0, 'earnedRuns': 10, 'whip': '1.89', 'battersFaced': 75, 'outs': 46, 'gamesPitched': 8, 'completeGames': 0, 'shutouts': 0, 'strikes': 175, 'strikePercentage': '.580', 'hitBatsmen': 2, 'balks': 0, 'wildPitches': 3, 'pickoffs': 0, 'totalBases': 28, 'groundOutsToAirouts': '0.79', 'winPercentage': '.000', 'pitchesPerInning': '19.70', 'gamesFinished': 2, 'strikeoutWalkRatio': '1.73', 'strikeoutsPer9Inn': '11.15', 'walksPer9Inn': '6.46', 'hitsPer9Inn': '10.57', 'runsScoredPer9': '5.87', 'homeRunsPer9': '1.17', 'inheritedRunners': 7, 'inheritedRunnersScored': 3, 'catchersInterference': 0, 'sacBunts': 1, 'sacFlies': 0}, 'team': {'id': 138, 'name': 'St. Louis Cardinals', 'link': '/api/v1/teams/138'}, 'player': {'id': 802408, 'fullName': 'Brycen Mautz', 'link': '/api/v1/people/802408'}, 'league': {'id': 104, 'name': 'National League', 'link': '/api/v1/league/104'}, 'sport': {'id': 1, 'link': '/api/v1/sports/1', 'abbreviation': 'MLB'}, 'gameType': 'R'}]",season,pitching
[],"[{'season': '2026', 'stat': {'age': 35, 'gamesPlayed': 32, 'gamesStarted': 0, 'groundOuts': 37, 'airOuts': 33, 'runs': 3, 'doubles': 1, 'triples': 1, 'homeRuns': 1, 'strikeOuts': 26, 'baseOnBalls': 6, 'intentionalWalks': 0, 'hits': 22, 'hitByPitch': 0, 'avg': '.188', 'atBats': 117, 'obp': '.226', 'slg': '.239', 'ops': '.465', 'caughtStealing': 0, 'stolenBases': 3, 'stolenBasePercentage': '1.000', 'caughtStealingPercentage': '.000', 'groundIntoDoublePlay': 4, 'numberOfPitches': 479, 'era': '0.82', 'inningsPitched': '33.0', 'wins': 4, 'losses': 0, 'saves': 4, 'saveOpportunities': 5, 'holds': 12, 'blownSaves': 1, 'earnedRuns': 3, 'whip': '0.85', 'battersFaced': 125, 'outs': 99, 'gamesPitched': 32, 'completeGames': 0, 'shutouts': 0, 'strikes': 316, 'strikePercentage': '.660', 'hitBatsmen': 0, 'balks': 0, 'wildPitches': 1, 'pickoffs': 0, 'totalBases': 28, 'groundOutsToAirouts': '1.12', 'winPercentage': '1.000', 'pitchesPerInning': '14.52', 'gamesFinished': 6, 'strikeoutWalkRatio': '4.33', 'strikeoutsPer9Inn': '7.09', 'walksPer9Inn': '1.64', 'hitsPer9Inn': '6.00', 'runsScoredPer9': '0.82', 'homeRunsPer9': '0.27', 'inheritedRunners': 8, 'inheritedRunnersScored': 1, 'catchersInterference': 1, 'sacBunts': 0, 'sacFlies': 1}, 'team': {'id': 144, 'name': 'Atlanta Braves', 'link': '/api/v1/teams/144'}, 'player': {'id': 663158, 'fullName': 'Robert Suarez', 'link': '/api/v1/people/663158'}, 'league': {'id': 104, 'name': 'National League', 'link': '/api/v1/league/104'}, 'sport': {'id': 1, 'link': '/api/v1/sports/1', 'abbreviation': 'MLB'}, 'gameType': 'R'}]",season,pitching
[],"[{'season': '2026', 'stat': {'age': 29, 'gamesPlayed': 31, 'gamesStarted': 31, 'groundOuts': 143, 'airOuts': 189, 'runs': 77, 'doubles': 36, 'triples': 1, 'homeRuns': 29, 'strikeOuts': 197, 'baseOnBalls': 48, 'intentionalWalks': 2, 'hits': 153, 'hitByPitch': 7, 'avg': '.227', 'atBats': 674, 'obp': '.284', 'slg': '.412', 'ops': '.696', 'caughtStealing': 2, 'stolenBases': 16, 'stolenBasePercentage': '.889', 'caughtStealingPercentage': '.111', 'groundIntoDoublePlay': 10, 'numberOfPitches': 2922, 'era': '3.81', 'inningsPitched': '182.0', 'wins': 12, 'losses': 11, 'saves': 0, 'saveOpportunities': 0, 'holds': 0, 'blownSaves': 0, 'earnedRuns': 77, 'whip': '1.10', 'battersFaced': 737, 'outs': 546, 'gamesPitched': 31, 'completeGames': 0, 'shutouts': 0, 'strikes': 1899, 'strikePercentage': '.650', 'hitBatsmen': 7, 'balks': 0, 'wildPitches': 5, 'pickoffs': 4, 'totalBases': 278, 'groundOutsToAirouts': '0.76', 'winPercentage': '.522', 'pitchesPerInning': '16.05', 'gamesFinished': 0, 'strikeoutWalkRatio': '4.10', 'strikeoutsPer9Inn': '9.74', 'walksPer9Inn': '2.37', 'hitsPer9Inn': '7.57', 'runsScoredPer9': '3.81', 'homeRunsPer9': '1.43', 'inheritedRunners': 0, 'inheritedRunnersScored': 0, 'catchersInterference': 0, 'sacBunts': 5, 'sacFlies': 3}, 'team': {'id': 136, 'name': 'Seattle Mariners', 'link': '/api/v1/teams/136'}, 'player': {'id': 669302, 'fullName': 'Logan Gilbert', 'link': '/api/v1/people/669302'}, 'league': {'id': 103, 'name': 'American League', 'link': '/api/v1/league/103'}, 'sport': {'id': 1, 'link': '/api/v1/sports/1', 'abbreviation': 'MLB'}, 'gameType': 'R'}]",season,pitching
[],"[{'season': '2026', 'stat': {'age': 24, 'gamesPlayed': 53, 'gamesStarted': 0, 'groundOuts': 50, 'airOuts': 48, 'runs': 27, 'doubles': 10, 'triples': 1, 'homeRuns': 6, 'strikeOuts': 62, 'baseOnBalls': 25, 'intentionalWalks': 2, 'hits': 49, 'hitByPitch': 4, 'avg': '.236', 'atBats': 208, 'obp': '.328', 'slg': '.380', 'ops': '.708', 'caughtStealing': 0, 'stolenBases': 9, 'stolenBasePercentage': '1.000', 'caughtStealingPercentage': '.000', 'groundIntoDoublePlay': 2, 'numberOfPitches': 981, 'era': '3.86', 'inningsPitched': '53.2', 'wins': 4, 'losses': 3, 'saves': 1, 'saveOpportunities': 2, 'holds': 8, 'blownSaves': 1, 'earnedRuns': 23, 'whip': '1.38', 'battersFaced': 238, 'outs': 161, 'gamesPitched': 53, 'completeGames': 0, 'shutouts': 0, 'strikes': 640, 'strikePercentage': '.650', 'hitBatsmen': 4, 'balks': 0, 'wildPitches': 3, 'pickoffs': 0, 'totalBases': 79, 'groundOutsToAirouts': '1.04', 'winPercentage': '.571', 'pitchesPerInning': '18.28', 'gamesFinished': 12, 'strikeoutWalkRatio': '2.48', 'strikeoutsPer9Inn': '10.40', 'walksPer9Inn': '4.19', 'hitsPer9Inn': '8.22', 'runsScoredPer9': '4.53', 'homeRunsPer9': '1.01', 'inheritedRunners': 24, 'inheritedRunnersScored': 10, 'catchersInterference': 0, 'sacBunts': 0, 'sacFlies': 1}, 'team': {'id': 108, 'name': 'Los Angeles Angels', 'link': '/api/v1/teams/108'}, 'player': {'id': 820862, 'fullName': 'José Fermin', 'link': '/api/v1/people/820862'}, 'league': {'id': 103, 'name': 'American League', 'link': '/api/v1/league/103'}, 'sport': {'id': 1, 'link': '/api/v1/sports/1', 'abbreviation': 'MLB'}, 'gameType': 'R'}]",season,pitching
[],"[{'season': '2026', 'stat': {'age': 26, 'gamesPlayed': 31, 'gamesStarted': 30, 'groundOuts': 166, 'airOuts': 199, 'runs': 87, 'doubles': 39, 'triples': 3, 'homeRuns': 21, 'strikeOuts': 158, 'baseOnBalls': 58, 'intentionalWalks': 1, 'hits': 160, 'hitByPitch': 5, 'avg': '.238', 'atBats': 673, 'obp': '.301', 'slg': '.398', 'ops': '.699', 'caughtStealing': 6, 'stolenBases': 5, 'stolenBasePercentage': '.455', 'caughtStealingPercentage': '.545', 'groundIntoDoublePlay': 11, 'numberOfPitches': 2893, 'era': '4.11', 'inningsPitched': '177.1', 'wins': 9, 'losses': 8, 'saves': 0, 'saveOpportunities': 0, 'holds': 0, 'blownSaves': 0, 'earnedRuns': 81, 'whip': '1.23', 'battersFaced': 746, 'outs': 532, 'gamesPitched': 31, 'completeGames': 1, 'shutouts': 1, 'strikes': 1825, 'strikePercentage': '.630', 'hitBatsmen': 5, 'balks': 0, 'wildPitches': 3, 'pickoffs': 4, 'totalBases': 268, 'groundOutsToAirouts': '0.83', 'winPercentage': '.529', 'pitchesPerInning': '16.31', 'gamesFinished': 1, 'strikeoutWalkRatio': '2.72', 'strikeoutsPer9Inn': '8.02', 'walksPer9Inn': '2.94', 'hitsPer9Inn': '8.12', 'runsScoredPer9': '4.42', 'homeRunsPer9': '1.07', 'inheritedRunners': 0, 'inheritedRunnersScored': 0, 'catchersInterference': 0, 'sacBunts': 4, 'sacFlies': 6}, 'team': {'id': 118, 'name': 'Kansas City Royals', 'link': '/api/v1/teams/118'}, 'player': {'id': 702070, 'fullName': 'Noah Cameron', 'link': '/api/v1/people/702070'}, 'league': {'id': 103, 'name': 'American League', 'link': '/api/v1/league/103'}, 'sport': {'id': 1, 'link': '/api/v1/sports/1', 'abbreviation': 'MLB'}, 'gameType': 'R'}]",season,pitching
[],"[{'season': '2026', 'stat': {'age': 30, 'gamesPlayed': 56, 'gamesStarted': 0, 'groundOuts': 41, 'airOuts': 70, 'runs': 36, 'doubles': 14, 'triples': 0, 'homeRuns': 10, 'strikeOuts': 49, 'baseOnBalls': 24, 'intentionalWalks': 2, 'hits': 53, 'hitByPitch': 3, 'avg': '.250', 'atBats': 212, 'obp': '.335', 'slg': '.458', 'ops': '.793', 'caughtStealing': 0, 'stolenBases': 5, 'stolenBasePercentage': '1.000', 'caughtStealingPercentage': '.000', 'groundIntoDoublePlay': 3, 'numberOfPitches': 898, 'era': '5.43', 'inningsPitched': '54.2', 'wins': 2, 'losses': 5, 'saves': 3, 'saveOpportunities': 5, 'holds': 5, 'blownSaves': 2, 'earnedRuns': 33, 'whip': '1.41', 'battersFaced': 240, 'outs': 164, 'gamesPitched': 56, 'completeGames': 0, 'shutouts': 0, 'strikes': 580, 'strikePercentage': '.650', 'hitBatsmen': 3, 'balks': 1, 'wildPitches': 1, 'pickoffs': 0, 'totalBases': 97, 'groundOutsToAirouts': '0.59', 'winPercentage': '.286', 'pitchesPerInning': '16.43', 'gamesFinished': 25, 'strikeoutWalkRatio': '2.04', 'strikeoutsPer9Inn': '8.07', 'walksPer9Inn': '3.95', 'hitsPer9Inn': '8.73', 'runsScoredPer9': '5.93', 'homeRunsPer9': '1.65', 'inheritedRunners': 13, 'inheritedRunnersScored': 2, 'catchersInterference': 0, 'sacBunts': 1, 'sacFlies': 0}, 'player': {'id': 642701, 'fullName': 'Dennis Santana', 'link': '/api/v1/people/642701'}, 'league': {'id': 104, 'name': 'National League', 'link': '/api/v1/league/104'}, 'sport': {'id': 1, 'link': '/api/v1/sports/1', 'abbreviation': 'MLB'}, 'gameType': 'R', 'numTeams': 2}, {'season': '2026', 'stat': {'age': 30, 'gamesPlayed': 12, 'gamesStarted': 0, 'groundOuts': 13, 'airOuts': 14, 'runs': 6, 'doubles': 1, 'triples': 0, 'homeRuns': 2, 'strikeOuts': 12, 'baseOnBalls': 3, 'intentionalWalks': 0, 'hits': 11, 'hitByPitch': 1, 'avg': '.220', 'atBats': 50, 'obp': '.278', 'slg': '.360', 'ops': '.638', 'caughtStealing': 0, 'stolenBases': 0, 'stolenBasePercentage': '.---', 'caughtStealingPercentage': '.---', 'groundIntoDoublePlay': 1, 'numberOfPitches': 192, 'era': '3.46', 'inningsPitched': '13.0', 'wins': 0, 'losses': 0, 'saves': 1, 'saveOpportunities': 1, 'holds': 0, 'blownSaves': 0, 'earnedRuns': 5, 'whip': '1.08', 'battersFaced': 54, 'outs': 39, 'gamesPitched': 12, 'completeGames': 0, 'shutouts': 0, 'strikes': 128, 'strikePercentage': '.670', 'hitBatsmen': 1, 'balks': 0, 'wildPitches': 0, 'pickoffs': 0, 'totalBases': 18, 'groundOutsToAirouts': '0.93', 'winPercentage': '.---', 'pitchesPerInning': '14.77', 'gamesFinished': 3, 'strikeoutWalkRatio': '4.00', 'strikeoutsPer9Inn': '8.31', 'walksPer9Inn': '2.08', 'hitsPer9Inn': '7.62', 'runsScoredPer9': '4.15', 'homeRunsPer9': '1.38', 'inheritedRunners': 8, 'inheritedRunnersScored': 2, 'catchersInterference': 0, 'sacBunts': 0, 'sacFlies': 0}, 'team': {'id': 109, 'name': 'Arizona Diamondbacks', 'link': '/api/v1/teams/109'}, 'player': {'id': 642701, 'fullName': 'Dennis Santana', 'link': '/api/v1/people/642701'}, 'league': {'id': 104, 'name': 'National League', 'link': '/api/v1/league/104'}, 'sport': {'id': 1, 'link': '/api/v1/sports/1', 'abbreviation': 'MLB'}, 'gameType': 'R'}, {'season': '2026', 'stat': {'age': 30, 'gamesPlayed': 44, 'gamesStarted': 0, 'groundOuts': 28, 'airOuts': 56, 'runs': 30, 'doubles': 13, 'triples': 0, 'homeRuns': 8, 'strikeOuts': 37, 'baseOnBalls': 21, 'intentionalWalks': 2, 'hits': 42, 'hitByPitch': 2, 'avg': '.259', 'atBats': 162, 'obp': '.351', 'slg': '.488', 'ops': '.839', 'caughtStealing': 0, 'stolenBases': 5, 'stolenBasePercentage': '1.000', 'caughtStealingPercentage': '.000', 'groundIntoDoublePlay': 2, 'numberOfPitches': 706, 'era': '6.05', 'inningsPitched': '41.2', 'wins': 2, 'losses': 5, 'saves': 2, 'saveOpportunities': 4, 'holds': 5, 'blownSaves': 2, 'earnedRuns': 28, 'whip': '1.51', 'battersFaced': 186, 'outs': 125, 'gamesPitched': 44, 'completeGames': 0, 'shutouts': 0, 'strikes': 452, 'strikePercentage': '.640', 'hitBatsmen': 2, 'balks': 1, 'wildPitches': 1, 'pickoffs': 0, 'totalBases': 79, 'groundOutsToAirouts': '0.50', 'winPercentage': '.286', 'pitchesPerInning': '16.94', 'gamesFinished': 22, 'strikeoutWalkRatio': '1.76', 'strikeoutsPer9Inn': '7.99', 'walksPer9Inn': '4.54', 'hitsPer9Inn': '9.07', 'runsScoredPer9': '6.48', 'homeRunsPer9': '1.73', 'inheritedRunners': 5, 'inheritedRunnersScored': 0, 'catchersInterference': 0, 'sacBunts': 1, 'sacFlies': 0}, 'team': {'id': 134, 'name': 'Pittsburgh Pirates', 'link': '/api/v1/teams/134'}, 'player': {'id': 642701, 'fullName': 'Dennis Santana', 'link': '/api/v1/people/642701'}, 'league': {'id': 104, 'name': 'National League', 'link': '/api/v1/league/104'}, 'sport': {'id': 1, 'link': '/api/v1/sports/1', 'abbreviation': 'MLB'}, 'gameType': 'R'}]",season,pitching
[],"[{'season': '2026', 'stat': {'age': 33, 'gamesPlayed': 8, 'gamesStarted': 8, 'groundOuts': 22, 'airOuts': 40, 'runs': 11, 'doubles': 6, 'triples': 0, 'homeRuns': 2, 'strikeOuts': 42, 'baseOnBalls': 8, 'intentionalWalks': 0, 'hits': 27, 'hitByPitch': 1, 'avg': '.206', 'atBats': 131, 'obp': '.257', 'slg': '.298', 'ops': '.555', 'caughtStealing': 0, 'stolenBases': 1, 'stolenBasePercentage': '1.000', 'caughtStealingPercentage': '.000', 'groundIntoDoublePlay': 0, 'numberOfPitches': 578, 'era': '2.86', 'inningsPitched': '34.2', 'wins': 3, 'losses': 2, 'saves': 0, 'saveOpportunities': 0, 'holds': 0, 'blownSaves': 0, 'earnedRuns': 11, 'whip': '1.01', 'battersFaced': 140, 'outs': 104, 'gamesPitched': 8, 'completeGames': 0, 'shutouts': 0, 'strikes': 382, 'strikePercentage': '.660', 'hitBatsmen': 1, 'balks': 0, 'wildPitches': 1, 'pickoffs': 0, 'totalBases': 39, 'groundOutsToAirouts': '0.55', 'winPercentage': '.600', 'pitchesPerInning': '16.67', 'gamesFinished': 0, 'strikeoutWalkRatio': '5.25', 'strikeoutsPer9Inn': '10.90', 'walksPer9Inn': '2.08', 'hitsPer9Inn': '7.01', 'runsScoredPer9': '2.86', 'homeRunsPer9': '0.52', 'inheritedRunners': 0, 'inheritedRunnersScored': 0, 'catchersInterference': 0, 'sacBunts': 0, 'sacFlies': 0}, 'team': {'id': 135, 'name': 'San Diego Padres', 'link': '/api/v1/teams/135'}, 'player': {'id': 601713, 'fullName': 'Nick Pivetta', 'link': '/api/v1/people/601713'}, 'league': {'id': 104, 'name': 'National League', 'link': '/api/v1/league/104'}, 'sport': {'id': 1, 'link': '/api/v1/sports/1', 'abbreviation': 'MLB'}, 'gameType': 'R'}]",season,pitching
[],"[{'season': '2026', 'stat': {'age': 27, 'gamesPlayed': 31, 'gamesStarted': 31, 'groundOuts': 164, 'airOuts': 203, 'runs': 92, 'doubles': 42, 'triples': 2, 'homeRuns': 15, 'strikeOuts': 154, 'baseOnBalls': 63, 'intentionalWalks': 1, 'hits': 179, 'hitByPitch': 6, 'avg': '.262', 'atBats': 684, 'obp': '.323', 'slg': '.395', 'ops': '.718', 'caughtStealing': 2, 'stolenBases': 6, 'stolenBasePercentage': '.750', 'caughtStealingPercentage': '.250', 'groundIntoDoublePlay': 14, 'numberOfPitches': 2911, 'era': '4.11', 'inningsPitched': '179.2', 'wins': 6, 'losses': 15, 'saves': 0, 'saveOpportunities': 0, 'holds': 0, 'blownSaves': 0, 'earnedRuns': 82, 'whip': '1.35', 'battersFaced': 769, 'outs': 539, 'gamesPitched': 31, 'completeGames': 1, 'shutouts': 0, 'strikes': 1866, 'strikePercentage': '.640', 'hitBatsmen': 6, 'balks': 0, 'wildPitches': 6, 'pickoffs': 0, 'totalBases': 270, 'groundOutsToAirouts': '0.81', 'winPercentage': '.286', 'pitchesPerInning': '16.20', 'gamesFinished': 0, 'strikeoutWalkRatio': '2.44', 'strikeoutsPer9Inn': '7.71', 'walksPer9Inn': '3.16', 'hitsPer9Inn': '8.97', 'runsScoredPer9': '4.61', 'homeRunsPer9': '0.75', 'inheritedRunners': 0, 'inheritedRunnersScored': 0, 'catchersInterference': 0, 'sacBunts': 2, 'sacFlies': 14}, 'team': {'id': 110, 'name': 'Baltimore Orioles', 'link': '/api/v1/teams/110'}, 'player': {'id': 669358, 'fullName': 'Shane Baz', 'link': '/api/v1/people/669358'}, 'league': {'id': 103, 'name': 'American League', 'link': '/api/v1/league/103'}, 'sport': {'id': 1, 'link': '/api/v1/sports/1', 'abbreviation': 'MLB'}, 'gameType': 'R'}]",season,pitching
[],"[{'season': '2026', 'stat': {'age': 29, 'gamesPlayed': 33, 'gamesStarted': 33, 'groundOuts': 238, 'airOuts': 132, 'runs': 73, 'doubles': 35, 'triples': 0, 'homeRuns': 19, 'strikeOuts': 231, 'baseOnBalls': 45, 'intentionalWalks': 0, 'hits': 204, 'hitByPitch': 6, 'avg': '.255', 'atBats': 800, 'obp': '.299', 'slg': '.370', 'ops': '.669', 'caughtStealing': 5, 'stolenBases': 7, 'stolenBasePercentage': '.583', 'caughtStealingPercentage': '.417', 'groundIntoDoublePlay': 16, 'numberOfPitches': 3158, 'era': '2.91', 'inningsPitched': '207.0', 'wins': 18, 'losses': 7, 'saves': 0, 'saveOpportunities': 0, 'holds': 0, 'blownSaves': 0, 'earnedRuns': 67, 'whip': '1.20', 'battersFaced': 857, 'outs': 621, 'gamesPitched': 33, 'completeGames': 1, 'shutouts': 1, 'strikes': 2103, 'strikePercentage': '.670', 'hitBatsmen': 6, 'balks': 0, 'wildPitches': 4, 'pickoffs': 3, 'totalBases': 296, 'groundOutsToAirouts': '1.80', 'winPercentage': '.720', 'pitchesPerInning': '15.26', 'gamesFinished': 0, 'strikeoutWalkRatio': '5.13', 'strikeoutsPer9Inn': '10.04', 'walksPer9Inn': '1.96', 'hitsPer9Inn': '8.87', 'runsScoredPer9': '3.17', 'homeRunsPer9': '0.83', 'inheritedRunners': 0, 'inheritedRunnersScored': 0, 'catchersInterference': 1, 'sacBunts': 4, 'sacFlies': 1}, 'team': {'id': 143, 'name': 'Philadelphia Phillies', 'link': '/api/v1/teams/143'}, 'player': {'id': 650911, 'fullName': 'Cristopher Sánchez', 'link': '/api/v1/people/650911'}, 'league': {'id': 104, 'name': 'National League', 'link': '/api/v1/league/104'}, 'sport': {'id': 1, 'link': '/api/v1/sports/1', 'abbreviation': 'MLB'}, 'gameType': 'R'}]",season,pitching
[],"[{'season': '2026', 'stat': {'age': 25, 'gamesPlayed': 8, 'gamesStarted': 6, 'groundOuts': 44, 'airOuts': 33, 'runs': 28, 'doubles': 4, 'triples': 2, 'homeRuns': 7, 'strikeOuts': 40, 'baseOnBalls': 13, 'intentionalWalks': 0, 'hits': 36, 'hitByPitch': 1, 'avg': '.235', 'atBats': 153, 'obp': '.299', 'slg': '.425', 'ops': '.724', 'caughtStealing': 0, 'stolenBases': 3, 'stolenBasePercentage': '1.000', 'caughtStealingPercentage': '.000', 'groundIntoDoublePlay': 4, 'numberOfPitches': 638, 'era': '5.58', 'inningsPitched': '40.1', 'wins': 3, 'losses': 2, 'saves': 0, 'saveOpportunities': 0, 'holds': 0, 'blownSaves': 0, 'earnedRuns': 25, 'whip': '1.21', 'battersFaced': 167, 'outs': 121, 'gamesPitched': 8, 'completeGames': 0, 'shutouts': 0, 'strikes': 405, 'strikePercentage': '.630', 'hitBatsmen': 1, 'balks': 0, 'wildPitches': 3, 'pickoffs': 0, 'totalBases': 65, 'groundOutsToAirouts': '1.33', 'winPercentage': '.600', 'pitchesPerInning': '15.82', 'gamesFinished': 0, 'strikeoutWalkRatio': '3.08', 'strikeoutsPer9Inn': '8.93', 'walksPer9Inn': '2.90', 'hitsPer9Inn': '8.03', 'runsScoredPer9': '6.25', 'homeRunsPer9': '1.56', 'inheritedRunners': 3, 'inheritedRunnersScored': 0, 'catchersInterference': 0, 'sacBunts': 0, 'sacFlies': 0}, 'team': {'id': 145, 'name': 'Chicago White Sox', 'link': '/api/v1/teams/145'}, 'player': {'id': 689818, 'fullName': 'David Sandlin', 'link': '/api/v1/people/689818'}, 'league': {'id': 103, 'name': 'American League', 'link': '/api/v1/league/103'}, 'sport': {'id': 1, 'link': '/api/v1/sports/1', 'abbreviation': 'MLB'}, 'gameType': 'R'}]",season,pitching
[],"[{'season': '2026', 'stat': {'age': 29, 'gamesPlayed': 26, 'gamesStarted': 26, 'groundOuts': 146, 'airOuts': 130, 'runs': 52, 'doubles': 25, 'triples': 3, 'homeRuns': 14, 'strikeOuts': 186, 'baseOnBalls': 27, 'intentionalWalks': 0, 'hits': 126, 'hitByPitch': 5, 'avg': '.217', 'atBats': 581, 'obp': '.257', 'slg': '.343', 'ops': '.600', 'caughtStealing': 1, 'stolenBases': 8, 'stolenBasePercentage': '.889', 'caughtStealingPercentage': '.111', 'groundIntoDoublePlay': 17, 'numberOfPitches': 2356, 'era': '2.72', 'inningsPitched': '158.2', 'wins': 12, 'losses': 7, 'saves': 0, 'saveOpportunities': 0, 'holds': 0, 'blownSaves': 0, 'earnedRuns': 48, 'whip': '0.96', 'battersFaced': 620, 'outs': 476, 'gamesPitched': 26, 'completeGames': 0, 'shutouts': 0, 'strikes': 1611, 'strikePercentage': '.680', 'hitBatsmen': 5, 'balks': 0, 'wildPitches': 1, 'pickoffs': 1, 'totalBases': 199, 'groundOutsToAirouts': '1.12', 'winPercentage': '.632', 'pitchesPerInning': '14.85', 'gamesFinished': 0, 'strikeoutWalkRatio': '6.89', 'strikeoutsPer9Inn': '10.55', 'walksPer9Inn': '1.53', 'hitsPer9Inn': '7.15', 'runsScoredPer9': '2.95', 'homeRunsPer9': '0.79', 'inheritedRunners': 0, 'inheritedRunnersScored': 0, 'catchersInterference': 0, 'sacBunts': 6, 'sacFlies': 1}, 'player': {'id': 669373, 'fullName': 'Tarik Skubal', 'link': '/api/v1/people/669373'}, 'sport': {'id': 1, 'link': '/api/v1/sports/1', 'abbreviation': 'MLB'}, 'gameType': 'R', 'numTeams': 2, 'numLeagues': 2}, {'season': '2026', 'stat': {'age': 29, 'gamesPlayed': 16, 'gamesStarted': 16, 'groundOuts': 93, 'airOuts': 73, 'runs': 33, 'doubles': 17, 'triples': 1, 'homeRuns': 10, 'strikeOuts': 116, 'baseOnBalls': 14, 'intentionalWalks': 0, 'hits': 74, 'hitByPitch': 4, 'avg': '.210', 'atBats': 353, 'obp': '.247', 'slg': '.348', 'ops': '.595', 'caughtStealing': 1, 'stolenBases': 4, 'stolenBasePercentage': '.800', 'caughtStealingPercentage': '.200', 'groundIntoDoublePlay': 12, 'numberOfPitches': 1431, 'era': '2.79', 'inningsPitched': '96.2', 'wins': 7, 'losses': 5, 'saves': 0, 'saveOpportunities': 0, 'holds': 0, 'blownSaves': 0, 'earnedRuns': 30, 'whip': '0.91', 'battersFaced': 374, 'outs': 290, 'gamesPitched': 16, 'completeGames': 0, 'shutouts': 0, 'strikes': 977, 'strikePercentage': '.680', 'hitBatsmen': 4, 'balks': 0, 'wildPitches': 0, 'pickoffs': 0, 'totalBases': 123, 'groundOutsToAirouts': '1.27', 'winPercentage': '.583', 'pitchesPerInning': '14.80', 'gamesFinished': 0, 'strikeoutWalkRatio': '8.29', 'strikeoutsPer9Inn': '10.80', 'walksPer9Inn': '1.30', 'hitsPer9Inn': '6.89', 'runsScoredPer9': '3.07', 'homeRunsPer9': '0.93', 'inheritedRunners': 0, 'inheritedRunnersScored': 0, 'catchersInterference': 0, 'sacBunts': 2, 'sacFlies': 1}, 'team': {'id': 116, 'name': 'Detroit Tigers', 'link': '/api/v1/teams/116'}, 'player': {'id': 669373, 'fullName': 'Tarik Skubal', 'link': '/api/v1/people/669373'}, 'league': {'id': 103, 'name': 'American League', 'link': '/api/v1/league/103'}, 'sport': {'id': 1, 'link': '/api/v1/sports/1', 'abbreviation': 'MLB'}, 'gameType': 'R'}, {'season': '2026', 'stat': {'age': 29, 'gamesPlayed': 10, 'gamesStarted': 10, 'groundOuts': 53, 'airOuts': 57, 'runs': 19, 'doubles': 8, 'triples': 2, 'homeRuns': 4, 'strikeOuts': 70, 'baseOnBalls': 13, 'intentionalWalks': 0, 'hits': 52, 'hitByPitch': 1, 'avg': '.228', 'atBats': 228, 'obp': '.273', 'slg': '.333', 'ops': '.606', 'caughtStealing': 0, 'stolenBases': 4, 'stolenBasePercentage': '1.000', 'caughtStealingPercentage': '.000', 'groundIntoDoublePlay': 5, 'numberOfPitches': 925, 'era': '2.61', 'inningsPitched': '62.0', 'wins': 5, 'losses': 2, 'saves': 0, 'saveOpportunities': 0, 'holds': 0, 'blownSaves': 0, 'earnedRuns': 18, 'whip': '1.05', 'battersFaced': 246, 'outs': 186, 'gamesPitched': 10, 'completeGames': 0, 'shutouts': 0, 'strikes': 634, 'strikePercentage': '.690', 'hitBatsmen': 1, 'balks': 0, 'wildPitches': 1, 'pickoffs': 1, 'totalBases': 76, 'groundOutsToAirouts': '0.93', 'winPercentage': '.714', 'pitchesPerInning': '14.92', 'gamesFinished': 0, 'strikeoutWalkRatio': '5.38', 'strikeoutsPer9Inn': '10.16', 'walksPer9Inn': '1.89', 'hitsPer9Inn': '7.55', 'runsScoredPer9': '2.76', 'homeRunsPer9': '0.58', 'inheritedRunners': 0, 'inheritedRunnersScored': 0, 'catchersInterference': 0, 'sacBunts': 4, 'sacFlies': 0}, 'team': {'id': 119, 'name': 'Los Angeles Dodgers', 'link': '/api/v1/teams/119'}, 'player': {'id': 669373, 'fullName': 'Tarik Skubal', 'link': '/api/v1/people/669373'}, 'league': {'id': 104, 'name': 'National League', 'link': '/api/v1/league/104'}, 'sport': {'id': 1, 'link': '/api/v1/sports/1', 'abbreviation': 'MLB'}, 'gameType': 'R'}]",season,pitching
[],"[{'season': '2026', 'stat': {'age': 35, 'gamesPlayed': 57, 'gamesStarted': 0, 'groundOuts': 61, 'airOuts': 45, 'runs': 28, 'doubles': 6, 'triples': 0, 'homeRuns': 8, 'strikeOuts': 68, 'baseOnBalls': 24, 'intentionalWalks': 2, 'hits': 59, 'hitByPitch': 1, 'avg': '.259', 'atBats': 228, 'obp': '.327', 'slg': '.390', 'ops': '.717', 'caughtStealing': 4, 'stolenBases': 13, 'stolenBasePercentage': '.765', 'caughtStealingPercentage': '.235', 'groundIntoDoublePlay': 4, 'numberOfPitches': 981, 'era': '3.92', 'inningsPitched': '59.2', 'wins': 3, 'losses': 3, 'saves': 0, 'saveOpportunities': 3, 'holds': 7, 'blownSaves': 3, 'earnedRuns': 26, 'whip': '1.39', 'battersFaced': 258, 'outs': 179, 'gamesPitched': 57, 'completeGames': 0, 'shutouts': 0, 'strikes': 646, 'strikePercentage': '.660', 'hitBatsmen': 1, 'balks': 1, 'wildPitches': 3, 'pickoffs': 0, 'totalBases': 89, 'groundOutsToAirouts': '1.36', 'winPercentage': '.500', 'pitchesPerInning': '16.44', 'gamesFinished': 13, 'strikeoutWalkRatio': '2.83', 'strikeoutsPer9Inn': '10.26', 'walksPer9Inn': '3.62', 'hitsPer9Inn': '8.90', 'runsScoredPer9': '4.22', 'homeRunsPer9': '1.21', 'inheritedRunners': 26, 'inheritedRunnersScored': 17, 'catchersInterference': 0, 'sacBunts': 1, 'sacFlies': 4}, 'player': {'id': 667297, 'fullName': 'Tommy Nance', 'link': '/api/v1/people/667297'}, 'league': {'id': 103, 'name': 'American League', 'link': '/api/v1/league/103'}, 'sport': {'id': 1, 'link': '/api/v1/sports/1', 'abbreviation': 'MLB'}, 'gameType': 'R', 'numTeams': 2}, {'season': '2026', 'stat': {'age': 35, 'gamesPlayed': 32, 'gamesStarted': 0, 'groundOuts': 35, 'airOuts': 28, 'runs': 15, 'doubles': 2, 'triples': 0, 'homeRuns': 5, 'strikeOuts': 34, 'baseOnBalls': 13, 'intentionalWalks': 1, 'hits': 29, 'hitByPitch': 0, 'avg': '.234', 'atBats': 124, 'obp': '.304', 'slg': '.371', 'ops': '.675', 'caughtStealing': 3, 'stolenBases': 8, 'stolenBasePercentage': '.727', 'caughtStealingPercentage': '.273', 'groundIntoDoublePlay': 2, 'numberOfPitches': 496, 'era': '3.82', 'inningsPitched': '33.0', 'wins': 1, 'losses': 2, 'saves': 0, 'saveOpportunities': 1, 'holds': 1, 'blownSaves': 1, 'earnedRuns': 14, 'whip': '1.27', 'battersFaced': 139, 'outs': 99, 'gamesPitched': 32, 'completeGames': 0, 'shutouts': 0, 'strikes': 337, 'strikePercentage': '.680', 'hitBatsmen': 0, 'balks': 0, 'wildPitches': 2, 'pickoffs': 0, 'totalBases': 46, 'groundOutsToAirouts': '1.25', 'winPercentage': '.333', 'pitchesPerInning': '15.03', 'gamesFinished': 4, 'strikeoutWalkRatio': '2.62', 'strikeoutsPer9Inn': '9.27', 'walksPer9Inn': '3.55', 'hitsPer9Inn': '7.91', 'runsScoredPer9': '4.09', 'homeRunsPer9': '1.36', 'inheritedRunners': 12, 'inheritedRunnersScored': 7, 'catchersInterference': 0, 'sacBunts': 1, 'sacFlies': 1}, 'team': {'id': 141, 'name': 'Toronto Blue Jays', 'link': '/api/v1/teams/141'}, 'player': {'id': 667297, 'fullName': 'Tommy Nance', 'link': '/api/v1/people/667297'}, 'league': {'id': 103, 'name': 'American League', 'link': '/api/v1/league/103'}, 'sport': {'id': 1, 'link': '/api/v1/sports/1', 'abbreviation': 'MLB'}, 'gameType': 'R'}, {'season': '2026', 'stat': {'age': 35, 'gamesPlayed': 25, 'gamesStarted': 0, 'groundOuts': 26, 'airOuts': 17, 'runs': 13, 'doubles': 4, 'triples': 0, 'homeRuns': 3, 'strikeOuts': 34, 'baseOnBalls': 11, 'intentionalWalks': 1, 'hits': 30, 'hitByPitch': 1, 'avg': '.288', 'atBats': 104, 'obp': '.353', 'slg': '.413', 'ops': '.766', 'caughtStealing': 1, 'stolenBases': 5, 'stolenBasePercentage': '.833', 'caughtStealingPercentage': '.167', 'groundIntoDoublePlay': 2, 'numberOfPitches': 485, 'era': '4.05', 'inningsPitched': '26.2', 'wins': 2, 'losses': 1, 'saves': 0, 'saveOpportunities': 2, 'holds': 6, 'blownSaves': 2, 'earnedRuns': 12, 'whip': '1.54', 'battersFaced': 119, 'outs': 80, 'gamesPitched': 25, 'completeGames': 0, 'shutouts': 0, 'strikes': 309, 'strikePercentage': '.640', 'hitBatsmen': 1, 'balks': 1, 'wildPitches': 1, 'pickoffs': 0, 'totalBases': 43, 'groundOutsToAirouts': '1.53', 'winPercentage': '.667', 'pitchesPerInning': '18.19', 'gamesFinished': 9, 'strikeoutWalkRatio': '3.09', 'strikeoutsPer9Inn': '11.48', 'walksPer9Inn': '3.71', 'hitsPer9Inn': '10.13', 'runsScoredPer9': '4.39', 'homeRunsPer9': '1.01', 'inheritedRunners': 14, 'inheritedRunnersScored': 10, 'catchersInterference': 0, 'sacBunts': 0, 'sacFlies': 3}, 'team': {'id': 142, 'name': 'Minnesota Twins', 'link': '/api/v1/teams/142'}, 'player': {'id': 667297, 'fullName': 'Tommy Nance', 'link': '/api/v1/people/667297'}, 'league': {'id': 103, 'name': 'American League', 'link': '/api/v1/league/103'}, 'sport': {'id': 1, 'link': '/api/v1/sports/1', 'abbreviation': 'MLB'}, 'gameType': 'R'}]",season,pitching
[],"[{'season': '2026', 'stat': {'age': 25, 'gamesPlayed': 1, 'gamesStarted': 1, 'groundOuts': 2, 'airOuts': 6, 'runs': 4, 'doubles': 3, 'triples': 0, 'homeRuns': 1, 'strikeOuts': 4, 'baseOnBalls': 2, 'intentionalWalks': 0, 'hits': 5, 'hitByPitch': 0, 'avg': '.294', 'atBats': 17, 'obp': '.368', 'slg': '.647', 'ops': '1.015', 'caughtStealing': 0, 'stolenBases': 0, 'stolenBasePercentage': '.---', 'caughtStealingPercentage': '.---', 'groundIntoDoublePlay': 0, 'numberOfPitches': 63, 'era': '9.00', 'inningsPitched': '4.0', 'wins': 0, 'losses': 1, 'saves': 0, 'saveOpportunities': 0, 'holds': 0, 'blownSaves': 0, 'earnedRuns': 4, 'whip': '1.75', 'battersFaced': 19, 'outs': 12, 'gamesPitched': 1, 'completeGames': 0, 'shutouts': 0, 'strikes': 39, 'strikePercentage': '.620', 'hitBatsmen': 0, 'balks': 0, 'wildPitches': 1, 'pickoffs': 0, 'totalBases': 11, 'groundOutsToAirouts': '0.33', 'winPercentage': '.000', 'pitchesPerInning': '15.75', 'gamesFinished': 0, 'strikeoutWalkRatio': '2.00', 'strikeoutsPer9Inn': '9.00', 'walksPer9Inn': '4.50', 'hitsPer9Inn': '11.25', 'runsScoredPer9': '9.00', 'homeRunsPer9': '2.25', 'inheritedRunners': 0, 'inheritedRunnersScored': 0, 'catchersInterference': 0, 'sacBunts': 0, 'sacFlies': 0}, 'team': {'id': 120, 'name': 'Washington Nationals', 'link': '/api/v1/teams/120'}, 'player': {'id': 687792, 'fullName': 'DJ Herz', 'link': '/api/v1/people/687792'}, 'league': {'id': 104, 'name': 'National League', 'link': '/api/v1/league/104'}, 'sport': {'id': 1, 'link': '/api/v1/sports/1', 'abbreviation': 'MLB'}, 'gameType': 'R'}]",season,pitching
[],"[{'season': '2026', 'stat': {'age': 32, 'gamesPlayed': 67, 'gamesStarted': 0, 'groundOuts': 58, 'airOuts': 66, 'runs': 28, 'doubles': 5, 'triples': 0, 'homeRuns': 10, 'strikeOuts': 72, 'baseOnBalls': 25, 'intentionalWalks': 0, 'hits': 59, 'hitByPitch': 1, 'avg': '.234', 'atBats': 252, 'obp': '.302', 'slg': '.373', 'ops': '.675', 'caughtStealing': 1, 'stolenBases': 3, 'stolenBasePercentage': '.750', 'caughtStealingPercentage': '.250', 'groundIntoDoublePlay': 2, 'numberOfPitches': 1129, 'era': '3.41', 'inningsPitched': '66.0', 'wins': 6, 'losses': 5, 'saves': 9, 'saveOpportunities': 17, 'holds': 8, 'blownSaves': 8, 'earnedRuns': 25, 'whip': '1.27', 'battersFaced': 281, 'outs': 198, 'gamesPitched': 67, 'completeGames': 0, 'shutouts': 0, 'strikes': 740, 'strikePercentage': '.660', 'hitBatsmen': 1, 'balks': 0, 'wildPitches': 0, 'pickoffs': 1, 'totalBases': 94, 'groundOutsToAirouts': '0.88', 'winPercentage': '.545', 'pitchesPerInning': '17.11', 'gamesFinished': 27, 'strikeoutWalkRatio': '2.88', 'strikeoutsPer9Inn': '9.82', 'walksPer9Inn': '3.41', 'hitsPer9Inn': '8.05', 'runsScoredPer9': '3.82', 'homeRunsPer9': '1.36', 'inheritedRunners': 27, 'inheritedRunnersScored': 7, 'catchersInterference': 0, 'sacBunts': 0, 'sacFlies': 3}, 'team': {'id': 112, 'name': 'Chicago Cubs', 'link': '/api/v1/teams/112'}, 'player': {'id': 657097, 'fullName': 'Jacob Webb', 'link': '/api/v1/people/657097'}, 'league': {'id': 104, 'name': 'National League', 'link': '/api/v1/league/104'}, 'sport': {'id': 1, 'link': '/api/v1/sports/1', 'abbreviation': 'MLB'}, 'gameType': 'R'}]",season,pitching
[],"[{'season': '2026', 'stat': {'age': 36, 'gamesPlayed': 55, 'gamesStarted': 0, 'groundOuts': 53, 'airOuts': 55, 'runs': 30, 'doubles': 10, 'triples': 0, 'homeRuns': 6, 'strikeOuts': 40, 'baseOnBalls': 11, 'intentionalWalks': 2, 'hits': 55, 'hitByPitch': 0, 'avg': '.274', 'atBats': 201, 'obp': '.310', 'slg': '.413', 'ops': '.723', 'caughtStealing': 1, 'stolenBases': 14, 'stolenBasePercentage': '.933', 'caughtStealingPercentage': '.067', 'groundIntoDoublePlay': 1, 'numberOfPitches': 711, 'era': '3.54', 'inningsPitched': '48.1', 'wins': 3, 'losses': 3, 'saves': 11, 'saveOpportunities': 16, 'holds': 9, 'blownSaves': 5, 'earnedRuns': 19, 'whip': '1.37', 'battersFaced': 214, 'outs': 145, 'gamesPitched': 55, 'completeGames': 0, 'shutouts': 0, 'strikes': 499, 'strikePercentage': '.700', 'hitBatsmen': 0, 'balks': 0, 'wildPitches': 2, 'pickoffs': 0, 'totalBases': 83, 'groundOutsToAirouts': '0.96', 'winPercentage': '.500', 'pitchesPerInning': '14.71', 'gamesFinished': 21, 'strikeoutWalkRatio': '3.64', 'strikeoutsPer9Inn': '7.45', 'walksPer9Inn': '2.05', 'hitsPer9Inn': '10.24', 'runsScoredPer9': '5.59', 'homeRunsPer9': '1.12', 'inheritedRunners': 19, 'inheritedRunnersScored': 7, 'catchersInterference': 0, 'sacBunts': 1, 'sacFlies': 1}, 'team': {'id': 110, 'name': 'Baltimore Orioles', 'link': '/api/v1/teams/110'}, 'player': {'id': 552640, 'fullName': 'Andrew Kittredge', 'link': '/api/v1/people/552640'}, 'league': {'id': 103, 'name': 'American League', 'link': '/api/v1/league/103'}, 'sport': {'id': 1, 'link': '/api/v1/sports/1', 'abbreviation': 'MLB'}, 'gameType': 'R'}]",season,pitching
[],"[{'season': '2026', 'stat': {'age': 27, 'gamesPlayed': 36, 'gamesStarted': 12, 'groundOuts': 125, 'airOuts': 138, 'runs': 61, 'doubles': 24, 'triples': 1, 'homeRuns': 10, 'strikeOuts': 92, 'baseOnBalls': 42, 'intentionalWalks': 1, 'hits': 124, 'hitByPitch': 3, 'avg': '.260', 'atBats': 477, 'obp': '.323', 'slg': '.377', 'ops': '.700', 'caughtStealing': 1, 'stolenBases': 5, 'stolenBasePercentage': '.833', 'caughtStealingPercentage': '.167', 'groundIntoDoublePlay': 10, 'numberOfPitches': 2031, 'era': '3.95', 'inningsPitched': '120.2', 'wins': 8, 'losses': 7, 'saves': 2, 'saveOpportunities': 4, 'holds': 6, 'blownSaves': 2, 'earnedRuns': 53, 'whip': '1.38', 'battersFaced': 525, 'outs': 362, 'gamesPitched': 36, 'completeGames': 0, 'shutouts': 0, 'strikes': 1289, 'strikePercentage': '.630', 'hitBatsmen': 3, 'balks': 0, 'wildPitches': 0, 'pickoffs': 0, 'totalBases': 180, 'groundOutsToAirouts': '0.91', 'winPercentage': '.533', 'pitchesPerInning': '16.83', 'gamesFinished': 4, 'strikeoutWalkRatio': '2.19', 'strikeoutsPer9Inn': '6.86', 'walksPer9Inn': '3.13', 'hitsPer9Inn': '9.25', 'runsScoredPer9': '4.55', 'homeRunsPer9': '0.75', 'inheritedRunners': 6, 'inheritedRunnersScored': 1, 'catchersInterference': 1, 'sacBunts': 0, 'sacFlies': 2}, 'team': {'id': 134, 'name': 'Pittsburgh Pirates', 'link': '/api/v1/teams/134'}, 'player': {'id': 669387, 'fullName': 'Carmen Mlodzinski', 'link': '/api/v1/people/669387'}, 'league': {'id': 104, 'name': 'National League', 'link': '/api/v1/league/104'}, 'sport': {'id': 1, 'link': '/api/v1/sports/1', 'abbreviation': 'MLB'}, 'gameType': 'R'}]",season,pitching
[],"[{'season': '2026', 'stat': {'age': 30, 'gamesPlayed': 53, 'gamesStarted': 0, 'groundOuts': 43, 'airOuts': 74, 'runs': 14, 'doubles': 8, 'triples': 0, 'homeRuns': 7, 'strikeOuts': 67, 'baseOnBalls': 36, 'intentionalWalks': 3, 'hits': 37, 'hitByPitch': 2, 'avg': '.171', 'atBats': 216, 'obp': '.290', 'slg': '.306', 'ops': '.596', 'caughtStealing': 4, 'stolenBases': 4, 'stolenBasePercentage': '.500', 'caughtStealingPercentage': '.500', 'groundIntoDoublePlay': 2, 'numberOfPitches': 1082, 'era': '1.84', 'inningsPitched': '63.2', 'wins': 4, 'losses': 1, 'saves': 1, 'saveOpportunities': 1, 'holds': 11, 'blownSaves': 0, 'earnedRuns': 13, 'whip': '1.15', 'battersFaced': 259, 'outs': 191, 'gamesPitched': 53, 'completeGames': 0, 'shutouts': 0, 'strikes': 672, 'strikePercentage': '.620', 'hitBatsmen': 2, 'balks': 0, 'wildPitches': 4, 'pickoffs': 0, 'totalBases': 66, 'groundOutsToAirouts': '0.58', 'winPercentage': '.800', 'pitchesPerInning': '16.99', 'gamesFinished': 11, 'strikeoutWalkRatio': '1.86', 'strikeoutsPer9Inn': '9.47', 'walksPer9Inn': '5.09', 'hitsPer9Inn': '5.23', 'runsScoredPer9': '1.98', 'homeRunsPer9': '0.99', 'inheritedRunners': 34, 'inheritedRunnersScored': 9, 'catchersInterference': 0, 'sacBunts': 0, 'sacFlies': 5}, 'team': {'id': 135, 'name': 'San Diego Padres', 'link': '/api/v1/teams/135'}, 'player': {'id': 673513, 'fullName': 'Yuki Matsui', 'link': '/api/v1/people/673513'}, 'league': {'id': 104, 'name': 'National League', 'link': '/api/v1/league/104'}, 'sport': {'id': 1, 'link': '/api/v1/sports/1', 'abbreviation': 'MLB'}, 'gameType': 'R'}]",season,pitching
[],"[{'season': '2026', 'stat': {'age': 35, 'gamesPlayed': 64, 'gamesStarted': 0, 'groundOuts': 51, 'airOuts': 69, 'runs': 35, 'doubles': 13, 'triples': 1, 'homeRuns': 5, 'strikeOuts': 53, 'baseOnBalls': 31, 'intentionalWalks': 6, 'hits': 64, 'hitByPitch': 5, 'avg': '.276', 'atBats': 232, 'obp': '.370', 'slg': '.405', 'ops': '.775', 'caughtStealing': 3, 'stolenBases': 11, 'stolenBasePercentage': '.786', 'caughtStealingPercentage': '.214', 'groundIntoDoublePlay': 3, 'numberOfPitches': 1062, 'era': '4.40', 'inningsPitched': '59.1', 'wins': 6, 'losses': 4, 'saves': 2, 'saveOpportunities': 3, 'holds': 9, 'blownSaves': 1, 'earnedRuns': 29, 'whip': '1.60', 'battersFaced': 273, 'outs': 178, 'gamesPitched': 64, 'completeGames': 0, 'shutouts': 0, 'strikes': 672, 'strikePercentage': '.630', 'hitBatsmen': 5, 'balks': 0, 'wildPitches': 0, 'pickoffs': 3, 'totalBases': 94, 'groundOutsToAirouts': '0.74', 'winPercentage': '.600', 'pitchesPerInning': '17.90', 'gamesFinished': 18, 'strikeoutWalkRatio': '1.71', 'strikeoutsPer9Inn': '8.04', 'walksPer9Inn': '4.70', 'hitsPer9Inn': '9.71', 'runsScoredPer9': '5.31', 'homeRunsPer9': '0.76', 'inheritedRunners': 37, 'inheritedRunnersScored': 11, 'catchersInterference': 0, 'sacBunts': 3, 'sacFlies': 2}, 'team': {'id': 142, 'name': 'Minnesota Twins', 'link': '/api/v1/teams/142'}, 'player': {'id': 573124, 'fullName': 'Taylor Rogers', 'link': '/api/v1/people/573124'}, 'league': {'id': 103, 'name': 'American League', 'link': '/api/v1/league/103'}, 'sport': {'id': 1, 'link': '/api/v1/sports/1', 'abbreviation': 'MLB'}, 'gameType': 'R'}]",season,pitching
[],"[{'season': '2026', 'stat': {'age': 36, 'gamesPlayed': 58, 'gamesStarted': 0, 'groundOuts': 48, 'airOuts': 58, 'runs': 21, 'doubles': 8, 'triples': 1, 'homeRuns': 6, 'strikeOuts': 64, 'baseOnBalls': 17, 'intentionalWalks': 1, 'hits': 47, 'hitByPitch': 1, 'avg': '.217', 'atBats': 217, 'obp': '.277', 'slg': '.346', 'ops': '.623', 'caughtStealing': 1, 'stolenBases': 1, 'stolenBasePercentage': '.500', 'caughtStealingPercentage': '.500', 'groundIntoDoublePlay': 7, 'numberOfPitches': 901, 'era': '2.59', 'inningsPitched': '59.0', 'wins': 1, 'losses': 2, 'saves': 34, 'saveOpportunities': 37, 'holds': 0, 'blownSaves': 3, 'earnedRuns': 17, 'whip': '1.08', 'battersFaced': 235, 'outs': 177, 'gamesPitched': 58, 'completeGames': 0, 'shutouts': 0, 'strikes': 630, 'strikePercentage': '.700', 'hitBatsmen': 1, 'balks': 1, 'wildPitches': 0, 'pickoffs': 0, 'totalBases': 75, 'groundOutsToAirouts': '0.83', 'winPercentage': '.333', 'pitchesPerInning': '15.27', 'gamesFinished': 48, 'strikeoutWalkRatio': '3.76', 'strikeoutsPer9Inn': '9.76', 'walksPer9Inn': '2.59', 'hitsPer9Inn': '7.17', 'runsScoredPer9': '3.20', 'homeRunsPer9': '0.92', 'inheritedRunners': 4, 'inheritedRunnersScored': 1, 'catchersInterference': 0, 'sacBunts': 0, 'sacFlies': 0}, 'team': {'id': 144, 'name': 'Atlanta Braves', 'link': '/api/v1/teams/144'}, 'player': {'id': 628452, 'fullName': 'Raisel Iglesias', 'link': '/api/v1/people/628452'}, 'league': {'id': 104, 'name': 'National League', 'link': '/api/v1/league/104'}, 'sport': {'id': 1, 'link': '/api/v1/sports/1', 'abbreviation': 'MLB'}, 'gameType': 'R'}]",season,pitching
[],"[{'season': '2026', 'stat': {'age': 28, 'gamesPlayed': 68, 'gamesStarted': 0, 'groundOuts': 50, 'airOuts': 70, 'runs': 20, 'doubles': 6, 'triples': 0, 'homeRuns': 7, 'strikeOuts': 57, 'baseOnBalls': 22, 'intentionalWalks': 0, 'hits': 55, 'hitByPitch': 3, 'avg': '.241', 'atBats': 228, 'obp': '.313', 'slg': '.360', 'ops': '.673', 'caughtStealing': 0, 'stolenBases': 3, 'stolenBasePercentage': '1.000', 'caughtStealingPercentage': '.000', 'groundIntoDoublePlay': 3, 'numberOfPitches': 983, 'era': '2.98', 'inningsPitched': '60.1', 'wins': 6, 'losses': 3, 'saves': 1, 'saveOpportunities': 7, 'holds': 32, 'blownSaves': 6, 'earnedRuns': 20, 'whip': '1.28', 'battersFaced': 257, 'outs': 181, 'gamesPitched': 68, 'completeGames': 0, 'shutouts': 0, 'strikes': 640, 'strikePercentage': '.650', 'hitBatsmen': 3, 'balks': 0, 'wildPitches': 1, 'pickoffs': 0, 'totalBases': 82, 'groundOutsToAirouts': '0.71', 'winPercentage': '.667', 'pitchesPerInning': '16.29', 'gamesFinished': 4, 'strikeoutWalkRatio': '2.59', 'strikeoutsPer9Inn': '8.50', 'walksPer9Inn': '3.28', 'hitsPer9Inn': '8.20', 'runsScoredPer9': '2.98', 'homeRunsPer9': '1.04', 'inheritedRunners': 28, 'inheritedRunnersScored': 6, 'catchersInterference': 0, 'sacBunts': 1, 'sacFlies': 3}, 'team': {'id': 114, 'name': 'Cleveland Guardians', 'link': '/api/v1/teams/114'}, 'player': {'id': 683769, 'fullName': 'Hunter Gaddis', 'link': '/api/v1/people/683769'}, 'league': {'id': 103, 'name': 'American League', 'link': '/api/v1/league/103'}, 'sport': {'id': 1, 'link': '/api/v1/sports/1', 'abbreviation': 'MLB'}, 'gameType': 'R'}]",season,pitching
[],"[{'season': '2026', 'stat': {'age': 28, 'gamesPlayed': 30, 'gamesStarted': 30, 'groundOuts': 137, 'airOuts': 201, 'runs': 81, 'doubles': 34, 'triples': 6, 'homeRuns': 19, 'strikeOuts': 157, 'baseOnBalls': 39, 'intentionalWalks': 0, 'hits': 162, 'hitByPitch': 3, 'avg': '.249', 'atBats': 651, 'obp': '.292', 'slg': '.407', 'ops': '.699', 'caughtStealing': 2, 'stolenBases': 14, 'stolenBasePercentage': '.875', 'caughtStealingPercentage': '.125', 'groundIntoDoublePlay': 17, 'numberOfPitches': 2689, 'era': '4.03', 'inningsPitched': '169.2', 'wins': 10, 'losses': 11, 'saves': 0, 'saveOpportunities': 0, 'holds': 0, 'blownSaves': 0, 'earnedRuns': 76, 'whip': '1.18', 'battersFaced': 699, 'outs': 509, 'gamesPitched': 30, 'completeGames': 0, 'shutouts': 0, 'strikes': 1864, 'strikePercentage': '.690', 'hitBatsmen': 3, 'balks': 0, 'wildPitches': 2, 'pickoffs': 0, 'totalBases': 265, 'groundOutsToAirouts': '0.68', 'winPercentage': '.476', 'pitchesPerInning': '15.85', 'gamesFinished': 0, 'strikeoutWalkRatio': '4.03', 'strikeoutsPer9Inn': '8.33', 'walksPer9Inn': '2.07', 'hitsPer9Inn': '8.59', 'runsScoredPer9': '4.30', 'homeRunsPer9': '1.01', 'inheritedRunners': 0, 'inheritedRunnersScored': 0, 'catchersInterference': 0, 'sacBunts': 0, 'sacFlies': 6}, 'team': {'id': 110, 'name': 'Baltimore Orioles', 'link': '/api/v1/teams/110'}, 'player': {'id': 669432, 'fullName': 'Trevor Rogers', 'link': '/api/v1/people/669432'}, 'league': {'id': 103, 'name': 'American League', 'link': '/api/v1/league/103'}, 'sport': {'id': 1, 'link': '/api/v1/sports/1', 'abbreviation': 'MLB'}, 'gameType': 'R'}]",season,pitching
[],"[{'season': '2026', 'stat': {'age': 23, 'gamesPlayed': 22, 'gamesStarted': 2, 'groundOuts': 43, 'airOuts': 40, 'runs': 24, 'doubles': 7, 'triples': 0, 'homeRuns': 3, 'strikeOuts': 41, 'baseOnBalls': 16, 'intentionalWalks': 1, 'hits': 42, 'hitByPitch': 0, 'avg': '.258', 'atBats': 163, 'obp': '.320', 'slg': '.356', 'ops': '.676', 'caughtStealing': 1, 'stolenBases': 2, 'stolenBasePercentage': '.667', 'caughtStealingPercentage': '.333', 'groundIntoDoublePlay': 3, 'numberOfPitches': 706, 'era': '4.46', 'inningsPitched': '42.1', 'wins': 1, 'losses': 5, 'saves': 0, 'saveOpportunities': 1, 'holds': 3, 'blownSaves': 1, 'earnedRuns': 21, 'whip': '1.37', 'battersFaced': 182, 'outs': 127, 'gamesPitched': 22, 'completeGames': 0, 'shutouts': 0, 'strikes': 456, 'strikePercentage': '.650', 'hitBatsmen': 0, 'balks': 0, 'wildPitches': 2, 'pickoffs': 0, 'totalBases': 58, 'groundOutsToAirouts': '1.08', 'winPercentage': '.167', 'pitchesPerInning': '16.68', 'gamesFinished': 2, 'strikeoutWalkRatio': '2.56', 'strikeoutsPer9Inn': '8.72', 'walksPer9Inn': '3.40', 'hitsPer9Inn': '8.93', 'runsScoredPer9': '5.10', 'homeRunsPer9': '0.64', 'inheritedRunners': 3, 'inheritedRunnersScored': 3, 'catchersInterference': 0, 'sacBunts': 1, 'sacFlies': 2}, 'team': {'id': 134, 'name': 'Pittsburgh Pirates', 'link': '/api/v1/teams/134'}, 'player': {'id': 696062, 'fullName': 'Wilber Dotel', 'link': '/api/v1/people/696062'}, 'league': {'id': 104, 'name': 'National League', 'link': '/api/v1/league/104'}, 'sport': {'id': 1, 'link': '/api/v1/sports/1', 'abbreviation': 'MLB'}, 'gameType': 'R'}]",season,pitching
[],"[{'season': '2026', 'stat': {'age': 24, 'gamesPlayed': 63, 'gamesStarted': 3, 'groundOuts': 75, 'airOuts': 71, 'runs': 40, 'doubles': 12, 'triples': 2, 'homeRuns': 4, 'strikeOuts': 68, 'baseOnBalls': 27, 'intentionalWalks': 4, 'hits': 72, 'hitByPitch': 2, 'avg': '.254', 'atBats': 283, 'obp': '.322', 'slg': '.353', 'ops': '.675', 'caughtStealing': 1, 'stolenBases': 2, 'stolenBasePercentage': '.667', 'caughtStealingPercentage': '.333', 'groundIntoDoublePlay': 6, 'numberOfPitches': 1279, 'era': '4.21', 'inningsPitched': '72.2', 'wins': 4, 'losses': 8, 'saves': 5, 'saveOpportunities': 11, 'holds': 24, 'blownSaves': 6, 'earnedRuns': 34, 'whip': '1.36', 'battersFaced': 316, 'outs': 218, 'gamesPitched': 63, 'completeGames': 0, 'shutouts': 0, 'strikes': 840, 'strikePercentage': '.660', 'hitBatsmen': 2, 'balks': 1, 'wildPitches': 7, 'pickoffs': 0, 'totalBases': 100, 'groundOutsToAirouts': '1.06', 'winPercentage': '.333', 'pitchesPerInning': '17.60', 'gamesFinished': 10, 'strikeoutWalkRatio': '2.52', 'strikeoutsPer9Inn': '8.42', 'walksPer9Inn': '3.34', 'hitsPer9Inn': '8.92', 'runsScoredPer9': '4.95', 'homeRunsPer9': '0.50', 'inheritedRunners': 21, 'inheritedRunnersScored': 5, 'catchersInterference': 1, 'sacBunts': 1, 'sacFlies': 2}, 'team': {'id': 142, 'name': 'Minnesota Twins', 'link': '/api/v1/teams/142'}, 'player': {'id': 702193, 'fullName': 'Andrew Morris', 'link': '/api/v1/people/702193'}, 'league': {'id': 103, 'name': 'American League', 'link': '/api/v1/league/103'}, 'sport': {'id': 1, 'link': '/api/v1/sports/1', 'abbreviation': 'MLB'}, 'gameType': 'R'}]",season,pitching
[],"[{'season': '2026', 'stat': {'age': 39, 'gamesPlayed': 58, 'gamesStarted': 0, 'groundOuts': 28, 'airOuts': 58, 'runs': 30, 'doubles': 6, 'triples': 0, 'homeRuns': 11, 'strikeOuts': 60, 'baseOnBalls': 18, 'intentionalWalks': 3, 'hits': 47, 'hitByPitch': 1, 'avg': '.246', 'atBats': 191, 'obp': '.314', 'slg': '.450', 'ops': '.764', 'caughtStealing': 0, 'stolenBases': 3, 'stolenBasePercentage': '1.000', 'caughtStealingPercentage': '.000', 'groundIntoDoublePlay': 2, 'numberOfPitches': 848, 'era': '4.86', 'inningsPitched': '50.0', 'wins': 3, 'losses': 4, 'saves': 3, 'saveOpportunities': 7, 'holds': 7, 'blownSaves': 4, 'earnedRuns': 27, 'whip': '1.30', 'battersFaced': 212, 'outs': 150, 'gamesPitched': 58, 'completeGames': 0, 'shutouts': 0, 'strikes': 571, 'strikePercentage': '.670', 'hitBatsmen': 1, 'balks': 0, 'wildPitches': 1, 'pickoffs': 1, 'totalBases': 86, 'groundOutsToAirouts': '0.48', 'winPercentage': '.429', 'pitchesPerInning': '16.96', 'gamesFinished': 9, 'strikeoutWalkRatio': '3.33', 'strikeoutsPer9Inn': '10.80', 'walksPer9Inn': '3.24', 'hitsPer9Inn': '8.46', 'runsScoredPer9': '5.40', 'homeRunsPer9': '1.98', 'inheritedRunners': 23, 'inheritedRunnersScored': 5, 'catchersInterference': 0, 'sacBunts': 2, 'sacFlies': 0}, 'team': {'id': 112, 'name': 'Chicago Cubs', 'link': '/api/v1/teams/112'}, 'player': {'id': 573204, 'fullName': 'Caleb Thielbar', 'link': '/api/v1/people/573204'}, 'league': {'id': 104, 'name': 'National League', 'link': '/api/v1/league/104'}, 'sport': {'id': 1, 'link': '/api/v1/sports/1', 'abbreviation': 'MLB'}, 'gameType': 'R'}]",season,pitching
[],"[{'season': '2026', 'stat': {'age': 33, 'gamesPlayed': 31, 'gamesStarted': 8, 'groundOuts': 38, 'airOuts': 65, 'runs': 51, 'doubles': 11, 'triples': 2, 'homeRuns': 14, 'strikeOuts': 75, 'baseOnBalls': 41, 'intentionalWalks': 0, 'hits': 60, 'hitByPitch': 4, 'avg': '.253', 'atBats': 237, 'obp': '.371', 'slg': '.494', 'ops': '.865', 'caughtStealing': 1, 'stolenBases': 2, 'stolenBasePercentage': '.667', 'caughtStealingPercentage': '.333', 'groundIntoDoublePlay': 3, 'numberOfPitches': 1129, 'era': '7.34', 'inningsPitched': '61.1', 'wins': 0, 'losses': 9, 'saves': 8, 'saveOpportunities': 9, 'holds': 0, 'blownSaves': 1, 'earnedRuns': 50, 'whip': '1.65', 'battersFaced': 283, 'outs': 184, 'gamesPitched': 31, 'completeGames': 0, 'shutouts': 0, 'strikes': 661, 'strikePercentage': '.590', 'hitBatsmen': 4, 'balks': 0, 'wildPitches': 2, 'pickoffs': 0, 'totalBases': 117, 'groundOutsToAirouts': '0.58', 'winPercentage': '.000', 'pitchesPerInning': '18.41', 'gamesFinished': 16, 'strikeoutWalkRatio': '1.83', 'strikeoutsPer9Inn': '11.01', 'walksPer9Inn': '6.02', 'hitsPer9Inn': '8.80', 'runsScoredPer9': '7.48', 'homeRunsPer9': '2.05', 'inheritedRunners': 2, 'inheritedRunnersScored': 0, 'catchersInterference': 0, 'sacBunts': 0, 'sacFlies': 1}, 'team': {'id': 121, 'name': 'New York Mets', 'link': '/api/v1/teams/121'}, 'player': {'id': 673540, 'fullName': 'Kodai Senga', 'link': '/api/v1/people/673540'}, 'league': {'id': 104, 'name': 'National League', 'link': '/api/v1/league/104'}, 'sport': {'id': 1, 'link': '/api/v1/sports/1', 'abbreviation': 'MLB'}, 'gameType': 'R'}]",season,pitching
[],"[{'season': '2026', 'stat': {'age': 35, 'gamesPlayed': 13, 'gamesStarted': 13, 'groundOuts': 58, 'airOuts': 65, 'runs': 35, 'doubles': 19, 'triples': 2, 'homeRuns': 7, 'strikeOuts': 60, 'baseOnBalls': 29, 'intentionalWalks': 1, 'hits': 68, 'hitByPitch': 2, 'avg': '.278', 'atBats': 245, 'obp': '.351', 'slg': '.457', 'ops': '.808', 'caughtStealing': 1, 'stolenBases': 4, 'stolenBasePercentage': '.800', 'caughtStealingPercentage': '.200', 'groundIntoDoublePlay': 7, 'numberOfPitches': 1112, 'era': '4.88', 'inningsPitched': '62.2', 'wins': 1, 'losses': 6, 'saves': 0, 'saveOpportunities': 0, 'holds': 0, 'blownSaves': 0, 'earnedRuns': 34, 'whip': '1.55', 'battersFaced': 282, 'outs': 188, 'gamesPitched': 13, 'completeGames': 0, 'shutouts': 0, 'strikes': 706, 'strikePercentage': '.630', 'hitBatsmen': 2, 'balks': 2, 'wildPitches': 3, 'pickoffs': 0, 'totalBases': 112, 'groundOutsToAirouts': '0.89', 'winPercentage': '.143', 'pitchesPerInning': '17.74', 'gamesFinished': 0, 'strikeoutWalkRatio': '2.07', 'strikeoutsPer9Inn': '8.62', 'walksPer9Inn': '4.16', 'hitsPer9Inn': '9.77', 'runsScoredPer9': '5.03', 'homeRunsPer9': '1.01', 'inheritedRunners': 0, 'inheritedRunnersScored': 0, 'catchersInterference': 0, 'sacBunts': 0, 'sacFlies': 6}, 'team': {'id': 108, 'name': 'Los Angeles Angels', 'link': '/api/v1/teams/108'}, 'player': {'id': 579328, 'fullName': 'Yusei Kikuchi', 'link': '/api/v1/people/579328'}, 'league': {'id': 103, 'name': 'American League', 'link': '/api/v1/league/103'}, 'sport': {'id': 1, 'link': '/api/v1/sports/1', 'abbreviation': 'MLB'}, 'gameType': 'R'}]",season,pitching
[],"[{'season': '2026', 'stat': {'age': 24, 'gamesPlayed': 1, 'gamesStarted': 0, 'groundOuts': 2, 'airOuts': 2, 'runs': 1, 'doubles': 1, 'triples': 0, 'homeRuns': 0, 'strikeOuts': 2, 'baseOnBalls': 1, 'intentionalWalks': 0, 'hits': 3, 'hitByPitch': 0, 'avg': '.333', 'atBats': 9, 'obp': '.400', 'slg': '.444', 'ops': '.844', 'caughtStealing': 0, 'stolenBases': 0, 'stolenBasePercentage': '.---', 'caughtStealingPercentage': '.---', 'groundIntoDoublePlay': 0, 'numberOfPitches': 31, 'era': '4.50', 'inningsPitched': '2.0', 'wins': 0, 'losses': 0, 'saves': 0, 'saveOpportunities': 0, 'holds': 0, 'blownSaves': 0, 'earnedRuns': 1, 'whip': '2.00', 'battersFaced': 10, 'outs': 6, 'gamesPitched': 1, 'completeGames': 0, 'shutouts': 0, 'strikes': 18, 'strikePercentage': '.580', 'hitBatsmen': 0, 'balks': 0, 'wildPitches': 0, 'pickoffs': 0, 'totalBases': 4, 'groundOutsToAirouts': '1.00', 'winPercentage': '.---', 'pitchesPerInning': '15.50', 'gamesFinished': 1, 'strikeoutWalkRatio': '2.00', 'strikeoutsPer9Inn': '9.00', 'walksPer9Inn': '4.50', 'hitsPer9Inn': '13.50', 'runsScoredPer9': '4.50', 'homeRunsPer9': '0.00', 'inheritedRunners': 0, 'inheritedRunnersScored': 0, 'catchersInterference': 0, 'sacBunts': 0, 'sacFlies': 0}, 'team': {'id': 136, 'name': 'Seattle Mariners', 'link': '/api/v1/teams/136'}, 'player': {'id': 700187, 'fullName': 'Troy Taylor', 'link': '/api/v1/people/700187'}, 'league': {'id': 103, 'name': 'American League', 'link': '/api/v1/league/103'}, 'sport': {'id': 1, 'link': '/api/v1/sports/1', 'abbreviation': 'MLB'}, 'gameType': 'R'}]",season,pitching
[],"[{'season': '2026', 'stat': {'age': 26, 'gamesPlayed': 32, 'gamesStarted': 0, 'groundOuts': 22, 'airOuts': 34, 'runs': 13, 'doubles': 5, 'triples': 0, 'homeRuns': 4, 'strikeOuts': 30, 'baseOnBalls': 11, 'intentionalWalks': 1, 'hits': 25, 'hitByPitch': 1, 'avg': '.227', 'atBats': 110, 'obp': '.301', 'slg': '.382', 'ops': '.683', 'caughtStealing': 0, 'stolenBases': 3, 'stolenBasePercentage': '1.000', 'caughtStealingPercentage': '.000', 'groundIntoDoublePlay': 2, 'numberOfPitches': 477, 'era': '3.64', 'inningsPitched': '29.2', 'wins': 2, 'losses': 2, 'saves': 3, 'saveOpportunities': 4, 'holds': 3, 'blownSaves': 1, 'earnedRuns': 12, 'whip': '1.21', 'battersFaced': 123, 'outs': 89, 'gamesPitched': 32, 'completeGames': 0, 'shutouts': 0, 'strikes': 302, 'strikePercentage': '.630', 'hitBatsmen': 1, 'balks': 1, 'wildPitches': 0, 'pickoffs': 0, 'totalBases': 42, 'groundOutsToAirouts': '0.65', 'winPercentage': '.500', 'pitchesPerInning': '16.08', 'gamesFinished': 15, 'strikeoutWalkRatio': '2.73', 'strikeoutsPer9Inn': '9.10', 'walksPer9Inn': '3.34', 'hitsPer9Inn': '7.58', 'runsScoredPer9': '3.94', 'homeRunsPer9': '1.21', 'inheritedRunners': 6, 'inheritedRunnersScored': 2, 'catchersInterference': 0, 'sacBunts': 0, 'sacFlies': 1}, 'team': {'id': 112, 'name': 'Chicago Cubs', 'link': '/api/v1/teams/112'}, 'player': {'id': 694037, 'fullName': 'Daniel Palencia', 'link': '/api/v1/people/694037'}, 'league': {'id': 104, 'name': 'National League', 'link': '/api/v1/league/104'}, 'sport': {'id': 1, 'link': '/api/v1/sports/1', 'abbreviation': 'MLB'}, 'gameType': 'R'}]",season,pitching
[],"[{'season': '2026', 'stat': {'age': 27, 'gamesPlayed': 28, 'gamesStarted': 28, 'groundOuts': 221, 'airOuts': 124, 'runs': 67, 'doubles': 28, 'triples': 3, 'homeRuns': 11, 'strikeOuts': 106, 'baseOnBalls': 49, 'intentionalWalks': 0, 'hits': 146, 'hitByPitch': 6, 'avg': '.246', 'atBats': 593, 'obp': '.309', 'slg': '.359', 'ops': '.668', 'caughtStealing': 2, 'stolenBases': 16, 'stolenBasePercentage': '.889', 'caughtStealingPercentage': '.111', 'groundIntoDoublePlay': 19, 'numberOfPitches': 2551, 'era': '3.61', 'inningsPitched': '157.0', 'wins': 12, 'losses': 8, 'saves': 0, 'saveOpportunities': 0, 'holds': 0, 'blownSaves': 0, 'earnedRuns': 63, 'whip': '1.24', 'battersFaced': 654, 'outs': 471, 'gamesPitched': 28, 'completeGames': 0, 'shutouts': 0, 'strikes': 1584, 'strikePercentage': '.620', 'hitBatsmen': 6, 'balks': 0, 'wildPitches': 5, 'pickoffs': 2, 'totalBases': 213, 'groundOutsToAirouts': '1.78', 'winPercentage': '.600', 'pitchesPerInning': '16.25', 'gamesFinished': 0, 'strikeoutWalkRatio': '2.16', 'strikeoutsPer9Inn': '6.08', 'walksPer9Inn': '2.81', 'hitsPer9Inn': '8.37', 'runsScoredPer9': '3.84', 'homeRunsPer9': '0.63', 'inheritedRunners': 0, 'inheritedRunnersScored': 0, 'catchersInterference': 2, 'sacBunts': 1, 'sacFlies': 3}, 'team': {'id': 138, 'name': 'St. Louis Cardinals', 'link': '/api/v1/teams/138'}, 'player': {'id': 669467, 'fullName': 'Andre Pallante', 'link': '/api/v1/people/669467'}, 'league': {'id': 104, 'name': 'National League', 'link': '/api/v1/league/104'}, 'sport': {'id': 1, 'link': '/api/v1/sports/1', 'abbreviation': 'MLB'}, 'gameType': 'R'}]",season,pitching
[],"[{'season': '2026', 'stat': {'age': 26, 'gamesPlayed': 31, 'gamesStarted': 31, 'groundOuts': 116, 'airOuts': 171, 'runs': 96, 'doubles': 28, 'triples': 1, 'homeRuns': 28, 'strikeOuts': 154, 'baseOnBalls': 55, 'intentionalWalks': 0, 'hits': 173, 'hitByPitch': 5, 'avg': '.285', 'atBats': 607, 'obp': '.346', 'slg': '.473', 'ops': '.819', 'caughtStealing': 7, 'stolenBases': 24, 'stolenBasePercentage': '.774', 'caughtStealingPercentage': '.226', 'groundIntoDoublePlay': 13, 'numberOfPitches': 2610, 'era': '5.23', 'inningsPitched': '155.0', 'wins': 6, 'losses': 14, 'saves': 0, 'saveOpportunities': 0, 'holds': 0, 'blownSaves': 0, 'earnedRuns': 90, 'whip': '1.47', 'battersFaced': 674, 'outs': 465, 'gamesPitched': 31, 'completeGames': 0, 'shutouts': 0, 'strikes': 1664, 'strikePercentage': '.640', 'hitBatsmen': 5, 'balks': 0, 'wildPitches': 7, 'pickoffs': 4, 'totalBases': 287, 'groundOutsToAirouts': '0.68', 'winPercentage': '.300', 'pitchesPerInning': '16.84', 'gamesFinished': 0, 'strikeoutWalkRatio': '2.80', 'strikeoutsPer9Inn': '8.94', 'walksPer9Inn': '3.19', 'hitsPer9Inn': '10.05', 'runsScoredPer9': '5.57', 'homeRunsPer9': '1.63', 'inheritedRunners': 0, 'inheritedRunnersScored': 0, 'catchersInterference': 0, 'sacBunts': 1, 'sacFlies': 6}, 'team': {'id': 138, 'name': 'St. Louis Cardinals', 'link': '/api/v1/teams/138'}, 'player': {'id': 669461, 'fullName': 'Matthew Liberatore', 'link': '/api/v1/people/669461'}, 'league': {'id': 104, 'name': 'National League', 'link': '/api/v1/league/104'}, 'sport': {'id': 1, 'link': '/api/v1/sports/1', 'abbreviation': 'MLB'}, 'gameType': 'R'}]",season,pitching
[],"[{'season': '2026', 'stat': {'age': 24, 'gamesPlayed': 3, 'gamesStarted': 0, 'groundOuts': 4, 'airOuts': 6, 'runs': 2, 'doubles': 1, 'triples': 0, 'homeRuns': 1, 'strikeOuts': 2, 'baseOnBalls': 4, 'intentionalWalks': 0, 'hits': 3, 'hitByPitch': 0, 'avg': '.214', 'atBats': 14, 'obp': '.368', 'slg': '.500', 'ops': '.868', 'caughtStealing': 0, 'stolenBases': 3, 'stolenBasePercentage': '1.000', 'caughtStealingPercentage': '.000', 'groundIntoDoublePlay': 1, 'numberOfPitches': 82, 'era': '4.15', 'inningsPitched': '4.1', 'wins': 0, 'losses': 1, 'saves': 0, 'saveOpportunities': 0, 'holds': 0, 'blownSaves': 0, 'earnedRuns': 2, 'whip': '1.62', 'battersFaced': 19, 'outs': 13, 'gamesPitched': 3, 'completeGames': 0, 'shutouts': 0, 'strikes': 52, 'strikePercentage': '.630', 'hitBatsmen': 0, 'balks': 0, 'wildPitches': 0, 'pickoffs': 0, 'totalBases': 7, 'groundOutsToAirouts': '0.67', 'winPercentage': '.000', 'pitchesPerInning': '18.92', 'gamesFinished': 2, 'strikeoutWalkRatio': '0.50', 'strikeoutsPer9Inn': '4.15', 'walksPer9Inn': '8.31', 'hitsPer9Inn': '6.23', 'runsScoredPer9': '4.15', 'homeRunsPer9': '2.08', 'inheritedRunners': 2, 'inheritedRunnersScored': 2, 'catchersInterference': 0, 'sacBunts': 0, 'sacFlies': 1}, 'team': {'id': 142, 'name': 'Minnesota Twins', 'link': '/api/v1/teams/142'}, 'player': {'id': 804619, 'fullName': 'John Klein', 'link': '/api/v1/people/804619'}, 'league': {'id': 103, 'name': 'American League', 'link': '/api/v1/league/103'}, 'sport': {'id': 1, 'link': '/api/v1/sports/1', 'abbreviation': 'MLB'}, 'gameType': 'R'}]",season,pitching
[],"[{'season': '2026', 'stat': {'age': 23, 'gamesPlayed': 6, 'gamesStarted': 3, 'groundOuts': 21, 'airOuts': 33, 'runs': 15, 'doubles': 2, 'triples': 1, 'homeRuns': 2, 'strikeOuts': 25, 'baseOnBalls': 13, 'intentionalWalks': 0, 'hits': 21, 'hitByPitch': 1, 'avg': '.216', 'atBats': 97, 'obp': '.310', 'slg': '.320', 'ops': '.630', 'caughtStealing': 0, 'stolenBases': 0, 'stolenBasePercentage': '.---', 'caughtStealingPercentage': '.---', 'groundIntoDoublePlay': 1, 'numberOfPitches': 452, 'era': '4.21', 'inningsPitched': '25.2', 'wins': 2, 'losses': 2, 'saves': 0, 'saveOpportunities': 0, 'holds': 0, 'blownSaves': 0, 'earnedRuns': 12, 'whip': '1.32', 'battersFaced': 114, 'outs': 77, 'gamesPitched': 6, 'completeGames': 0, 'shutouts': 0, 'strikes': 285, 'strikePercentage': '.630', 'hitBatsmen': 1, 'balks': 0, 'wildPitches': 0, 'pickoffs': 0, 'totalBases': 31, 'groundOutsToAirouts': '0.64', 'winPercentage': '.500', 'pitchesPerInning': '17.61', 'gamesFinished': 1, 'strikeoutWalkRatio': '1.92', 'strikeoutsPer9Inn': '8.77', 'walksPer9Inn': '4.56', 'hitsPer9Inn': '7.36', 'runsScoredPer9': '5.26', 'homeRunsPer9': '0.70', 'inheritedRunners': 1, 'inheritedRunnersScored': 0, 'catchersInterference': 0, 'sacBunts': 1, 'sacFlies': 2}, 'team': {'id': 121, 'name': 'New York Mets', 'link': '/api/v1/teams/121'}, 'player': {'id': 804636, 'fullName': 'Jonah Tong', 'link': '/api/v1/people/804636'}, 'league': {'id': 104, 'name': 'National League', 'link': '/api/v1/league/104'}, 'sport': {'id': 1, 'link': '/api/v1/sports/1', 'abbreviation': 'MLB'}, 'gameType': 'R'}]",season,pitching
[],"[{'season': '2026', 'stat': {'age': 27, 'gamesPlayed': 1, 'gamesStarted': 1, 'groundOuts': 1, 'airOuts': 5, 'runs': 0, 'doubles': 1, 'triples': 0, 'homeRuns': 0, 'strikeOuts': 3, 'baseOnBalls': 1, 'intentionalWalks': 0, 'hits': 2, 'hitByPitch': 0, 'avg': '.182', 'atBats': 11, 'obp': '.250', 'slg': '.273', 'ops': '.523', 'caughtStealing': 0, 'stolenBases': 0, 'stolenBasePercentage': '.---', 'caughtStealingPercentage': '.---', 'groundIntoDoublePlay': 0, 'numberOfPitches': 43, 'era': '0.00', 'inningsPitched': '3.0', 'wins': 0, 'losses': 0, 'saves': 0, 'saveOpportunities': 0, 'holds': 0, 'blownSaves': 0, 'earnedRuns': 0, 'whip': '1.00', 'battersFaced': 12, 'outs': 9, 'gamesPitched': 1, 'completeGames': 0, 'shutouts': 0, 'strikes': 26, 'strikePercentage': '.600', 'hitBatsmen': 0, 'balks': 0, 'wildPitches': 0, 'pickoffs': 0, 'totalBases': 3, 'groundOutsToAirouts': '0.20', 'winPercentage': '.---', 'pitchesPerInning': '14.33', 'gamesFinished': 0, 'strikeoutWalkRatio': '3.00', 'strikeoutsPer9Inn': '9.00', 'walksPer9Inn': '3.00', 'hitsPer9Inn': '6.00', 'runsScoredPer9': '0.00', 'homeRunsPer9': '0.00', 'inheritedRunners': 0, 'inheritedRunnersScored': 0, 'catchersInterference': 0, 'sacBunts': 0, 'sacFlies': 0}, 'team': {'id': 116, 'name': 'Detroit Tigers', 'link': '/api/v1/teams/116'}, 'player': {'id': 689981, 'fullName': 'River Ryan', 'link': '/api/v1/people/689981'}, 'league': {'id': 103, 'name': 'American League', 'link': '/api/v1/league/103'}, 'sport': {'id': 1, 'link': '/api/v1/sports/1', 'abbreviation': 'MLB'}, 'gameType': 'R'}]",season,pitching
[],"[{'season': '2026', 'stat': {'age': 29, 'gamesPlayed': 59, 'gamesStarted': 1, 'groundOuts': 74, 'airOuts': 54, 'runs': 39, 'doubles': 10, 'triples': 1, 'homeRuns': 9, 'strikeOuts': 49, 'baseOnBalls': 22, 'intentionalWalks': 2, 'hits': 67, 'hitByPitch': 6, 'avg': '.279', 'atBats': 240, 'obp': '.352', 'slg': '.442', 'ops': '.794', 'caughtStealing': 0, 'stolenBases': 2, 'stolenBasePercentage': '1.000', 'caughtStealingPercentage': '.000', 'groundIntoDoublePlay': 5, 'numberOfPitches': 1044, 'era': '5.28', 'inningsPitched': '59.2', 'wins': 3, 'losses': 6, 'saves': 6, 'saveOpportunities': 12, 'holds': 12, 'blownSaves': 6, 'earnedRuns': 35, 'whip': '1.49', 'battersFaced': 272, 'outs': 179, 'gamesPitched': 59, 'completeGames': 0, 'shutouts': 0, 'strikes': 691, 'strikePercentage': '.660', 'hitBatsmen': 6, 'balks': 0, 'wildPitches': 2, 'pickoffs': 0, 'totalBases': 106, 'groundOutsToAirouts': '1.37', 'winPercentage': '.333', 'pitchesPerInning': '17.50', 'gamesFinished': 16, 'strikeoutWalkRatio': '2.23', 'strikeoutsPer9Inn': '7.39', 'walksPer9Inn': '3.32', 'hitsPer9Inn': '10.11', 'runsScoredPer9': '5.88', 'homeRunsPer9': '1.36', 'inheritedRunners': 36, 'inheritedRunnersScored': 13, 'catchersInterference': 0, 'sacBunts': 2, 'sacFlies': 2}, 'team': {'id': 117, 'name': 'Houston Astros', 'link': '/api/v1/teams/117'}, 'player': {'id': 687911, 'fullName': 'Bryan King', 'link': '/api/v1/people/687911'}, 'league': {'id': 103, 'name': 'American League', 'link': '/api/v1/league/103'}, 'sport': {'id': 1, 'link': '/api/v1/sports/1', 'abbreviation': 'MLB'}, 'gameType': 'R'}]",season,pitching
[],"[{'season': '2026', 'stat': {'age': 23, 'gamesPlayed': 16, 'gamesStarted': 10, 'groundOuts': 65, 'airOuts': 64, 'runs': 39, 'doubles': 8, 'triples': 2, 'homeRuns': 12, 'strikeOuts': 66, 'baseOnBalls': 41, 'intentionalWalks': 1, 'hits': 58, 'hitByPitch': 6, 'avg': '.231', 'atBats': 251, 'obp': '.350', 'slg': '.422', 'ops': '.772', 'caughtStealing': 2, 'stolenBases': 8, 'stolenBasePercentage': '.800', 'caughtStealingPercentage': '.200', 'groundIntoDoublePlay': 5, 'numberOfPitches': 1191, 'era': '4.79', 'inningsPitched': '67.2', 'wins': 1, 'losses': 4, 'saves': 1, 'saveOpportunities': 1, 'holds': 2, 'blownSaves': 0, 'earnedRuns': 36, 'whip': '1.46', 'battersFaced': 300, 'outs': 203, 'gamesPitched': 16, 'completeGames': 0, 'shutouts': 0, 'strikes': 697, 'strikePercentage': '.590', 'hitBatsmen': 6, 'balks': 0, 'wildPitches': 1, 'pickoffs': 0, 'totalBases': 106, 'groundOutsToAirouts': '1.02', 'winPercentage': '.200', 'pitchesPerInning': '17.60', 'gamesFinished': 2, 'strikeoutWalkRatio': '1.61', 'strikeoutsPer9Inn': '8.78', 'walksPer9Inn': '5.45', 'hitsPer9Inn': '7.71', 'runsScoredPer9': '5.19', 'homeRunsPer9': '1.60', 'inheritedRunners': 4, 'inheritedRunnersScored': 1, 'catchersInterference': 0, 'sacBunts': 0, 'sacFlies': 2}, 'team': {'id': 144, 'name': 'Atlanta Braves', 'link': '/api/v1/teams/144'}, 'player': {'id': 702275, 'fullName': 'JR Ritchie', 'link': '/api/v1/people/702275'}, 'league': {'id': 104, 'name': 'National League', 'link': '/api/v1/league/104'}, 'sport': {'id': 1, 'link': '/api/v1/sports/1', 'abbreviation': 'MLB'}, 'gameType': 'R'}]",season,pitching
[],"[{'season': '2026', 'stat': {'age': 22, 'gamesPlayed': 18, 'gamesStarted': 14, 'groundOuts': 63, 'airOuts': 80, 'runs': 45, 'doubles': 12, 'triples': 2, 'homeRuns': 9, 'strikeOuts': 64, 'baseOnBalls': 31, 'intentionalWalks': 0, 'hits': 64, 'hitByPitch': 9, 'avg': '.241', 'atBats': 266, 'obp': '.339', 'slg': '.402', 'ops': '.741', 'caughtStealing': 5, 'stolenBases': 6, 'stolenBasePercentage': '.545', 'caughtStealingPercentage': '.455', 'groundIntoDoublePlay': 4, 'numberOfPitches': 1220, 'era': '5.58', 'inningsPitched': '71.0', 'wins': 4, 'losses': 9, 'saves': 0, 'saveOpportunities': 0, 'holds': 1, 'blownSaves': 0, 'earnedRuns': 44, 'whip': '1.34', 'battersFaced': 311, 'outs': 213, 'gamesPitched': 18, 'completeGames': 0, 'shutouts': 0, 'strikes': 769, 'strikePercentage': '.630', 'hitBatsmen': 9, 'balks': 1, 'wildPitches': 2, 'pickoffs': 0, 'totalBases': 107, 'groundOutsToAirouts': '0.79', 'winPercentage': '.308', 'pitchesPerInning': '17.18', 'gamesFinished': 1, 'strikeoutWalkRatio': '2.06', 'strikeoutsPer9Inn': '8.11', 'walksPer9Inn': '3.93', 'hitsPer9Inn': '8.11', 'runsScoredPer9': '5.70', 'homeRunsPer9': '1.14', 'inheritedRunners': 2, 'inheritedRunnersScored': 1, 'catchersInterference': 0, 'sacBunts': 4, 'sacFlies': 1}, 'team': {'id': 145, 'name': 'Chicago White Sox', 'link': '/api/v1/teams/145'}, 'player': {'id': 702273, 'fullName': 'Noah Schultz', 'link': '/api/v1/people/702273'}, 'league': {'id': 103, 'name': 'American League', 'link': '/api/v1/league/103'}, 'sport': {'id': 1, 'link': '/api/v1/sports/1', 'abbreviation': 'MLB'}, 'gameType': 'R'}]",season,pitching
[],"[{'season': '2026', 'stat': {'age': 29, 'gamesPlayed': 21, 'gamesStarted': 3, 'groundOuts': 41, 'airOuts': 29, 'runs': 8, 'doubles': 9, 'triples': 1, 'homeRuns': 1, 'strikeOuts': 23, 'baseOnBalls': 11, 'intentionalWalks': 0, 'hits': 27, 'hitByPitch': 1, 'avg': '.231', 'atBats': 117, 'obp': '.298', 'slg': '.350', 'ops': '.648', 'caughtStealing': 0, 'stolenBases': 1, 'stolenBasePercentage': '1.000', 'caughtStealingPercentage': '.000', 'groundIntoDoublePlay': 6, 'numberOfPitches': 466, 'era': '1.91', 'inningsPitched': '33.0', 'wins': 1, 'losses': 0, 'saves': 1, 'saveOpportunities': 1, 'holds': 2, 'blownSaves': 0, 'earnedRuns': 7, 'whip': '1.15', 'battersFaced': 132, 'outs': 99, 'gamesPitched': 21, 'completeGames': 0, 'shutouts': 0, 'strikes': 307, 'strikePercentage': '.660', 'hitBatsmen': 1, 'balks': 0, 'wildPitches': 0, 'pickoffs': 0, 'totalBases': 41, 'groundOutsToAirouts': '1.41', 'winPercentage': '1.000', 'pitchesPerInning': '14.12', 'gamesFinished': 11, 'strikeoutWalkRatio': '2.09', 'strikeoutsPer9Inn': '6.27', 'walksPer9Inn': '3.00', 'hitsPer9Inn': '7.36', 'runsScoredPer9': '2.18', 'homeRunsPer9': '0.27', 'inheritedRunners': 9, 'inheritedRunnersScored': 5, 'catchersInterference': 0, 'sacBunts': 1, 'sacFlies': 2}, 'team': {'id': 111, 'name': 'Boston Red Sox', 'link': '/api/v1/teams/111'}, 'player': {'id': 687941, 'fullName': 'Alec Gamboa', 'link': '/api/v1/people/687941'}, 'league': {'id': 103, 'name': 'American League', 'link': '/api/v1/league/103'}, 'sport': {'id': 1, 'link': '/api/v1/sports/1', 'abbreviation': 'MLB'}, 'gameType': 'R'}]",season,pitching
[],"[{'season': '2026', 'stat': {'age': 25, 'gamesPlayed': 31, 'gamesStarted': 31, 'groundOuts': 191, 'airOuts': 179, 'runs': 79, 'doubles': 38, 'triples': 3, 'homeRuns': 21, 'strikeOuts': 115, 'baseOnBalls': 48, 'intentionalWalks': 0, 'hits': 168, 'hitByPitch': 1, 'avg': '.260', 'atBats': 647, 'obp': '.309', 'slg': '.425', 'ops': '.734', 'caughtStealing': 1, 'stolenBases': 3, 'stolenBasePercentage': '.750', 'caughtStealingPercentage': '.250', 'groundIntoDoublePlay': 17, 'numberOfPitches': 2774, 'era': '3.95', 'inningsPitched': '168.2', 'wins': 7, 'losses': 9, 'saves': 0, 'saveOpportunities': 0, 'holds': 0, 'blownSaves': 0, 'earnedRuns': 74, 'whip': '1.28', 'battersFaced': 702, 'outs': 506, 'gamesPitched': 31, 'completeGames': 0, 'shutouts': 0, 'strikes': 1695, 'strikePercentage': '.610', 'hitBatsmen': 1, 'balks': 0, 'wildPitches': 2, 'pickoffs': 1, 'totalBases': 275, 'groundOutsToAirouts': '1.07', 'winPercentage': '.438', 'pitchesPerInning': '16.45', 'gamesFinished': 0, 'strikeoutWalkRatio': '2.40', 'strikeoutsPer9Inn': '6.14', 'walksPer9Inn': '2.56', 'hitsPer9Inn': '8.96', 'runsScoredPer9': '4.22', 'homeRunsPer9': '1.12', 'inheritedRunners': 0, 'inheritedRunnersScored': 0, 'catchersInterference': 0, 'sacBunts': 0, 'sacFlies': 6}, 'team': {'id': 138, 'name': 'St. Louis Cardinals', 'link': '/api/v1/teams/138'}, 'player': {'id': 700241, 'fullName': 'Michael McGreevy', 'link': '/api/v1/people/700241'}, 'league': {'id': 104, 'name': 'National League', 'link': '/api/v1/league/104'}, 'sport': {'id': 1, 'link': '/api/v1/sports/1', 'abbreviation': 'MLB'}, 'gameType': 'R'}]",season,pitching
[],"[{'season': '2026', 'stat': {'age': 29, 'gamesPlayed': 25, 'gamesStarted': 22, 'groundOuts': 128, 'airOuts': 131, 'runs': 81, 'doubles': 34, 'triples': 4, 'homeRuns': 20, 'strikeOuts': 89, 'baseOnBalls': 51, 'intentionalWalks': 0, 'hits': 130, 'hitByPitch': 2, 'avg': '.277', 'atBats': 469, 'obp': '.345', 'slg': '.495', 'ops': '.840', 'caughtStealing': 4, 'stolenBases': 19, 'stolenBasePercentage': '.826', 'caughtStealingPercentage': '.174', 'groundIntoDoublePlay': 8, 'numberOfPitches': 1985, 'era': '5.57', 'inningsPitched': '119.2', 'wins': 6, 'losses': 10, 'saves': 0, 'saveOpportunities': 0, 'holds': 0, 'blownSaves': 0, 'earnedRuns': 74, 'whip': '1.51', 'battersFaced': 531, 'outs': 359, 'gamesPitched': 25, 'completeGames': 0, 'shutouts': 0, 'strikes': 1261, 'strikePercentage': '.640', 'hitBatsmen': 2, 'balks': 0, 'wildPitches': 3, 'pickoffs': 1, 'totalBases': 232, 'groundOutsToAirouts': '0.98', 'winPercentage': '.375', 'pitchesPerInning': '16.59', 'gamesFinished': 2, 'strikeoutWalkRatio': '1.75', 'strikeoutsPer9Inn': '6.69', 'walksPer9Inn': '3.84', 'hitsPer9Inn': '9.78', 'runsScoredPer9': '6.09', 'homeRunsPer9': '1.50', 'inheritedRunners': 0, 'inheritedRunnersScored': 0, 'catchersInterference': 0, 'sacBunts': 1, 'sacFlies': 8}, 'team': {'id': 115, 'name': 'Colorado Rockies', 'link': '/api/v1/teams/115'}, 'player': {'id': 663372, 'fullName': 'Ryan Feltner', 'link': '/api/v1/people/663372'}, 'league': {'id': 104, 'name': 'National League', 'link': '/api/v1/league/104'}, 'sport': {'id': 1, 'link': '/api/v1/sports/1', 'abbreviation': 'MLB'}, 'gameType': 'R'}]",season,pitching
[],"[{'season': '2026', 'stat': {'age': 27, 'gamesPlayed': 32, 'gamesStarted': 19, 'groundOuts': 105, 'airOuts': 125, 'runs': 63, 'doubles': 27, 'triples': 2, 'homeRuns': 14, 'strikeOuts': 123, 'baseOnBalls': 44, 'intentionalWalks': 0, 'hits': 121, 'hitByPitch': 5, 'avg': '.258', 'atBats': 469, 'obp': '.326', 'slg': '.414', 'ops': '.740', 'caughtStealing': 3, 'stolenBases': 9, 'stolenBasePercentage': '.750', 'caughtStealingPercentage': '.250', 'groundIntoDoublePlay': 13, 'numberOfPitches': 1980, 'era': '4.24', 'inningsPitched': '123.0', 'wins': 7, 'losses': 5, 'saves': 1, 'saveOpportunities': 1, 'holds': 3, 'blownSaves': 0, 'earnedRuns': 58, 'whip': '1.34', 'battersFaced': 523, 'outs': 369, 'gamesPitched': 32, 'completeGames': 0, 'shutouts': 0, 'strikes': 1279, 'strikePercentage': '.650', 'hitBatsmen': 5, 'balks': 0, 'wildPitches': 0, 'pickoffs': 2, 'totalBases': 194, 'groundOutsToAirouts': '0.84', 'winPercentage': '.583', 'pitchesPerInning': '16.10', 'gamesFinished': 3, 'strikeoutWalkRatio': '2.80', 'strikeoutsPer9Inn': '9.00', 'walksPer9Inn': '3.22', 'hitsPer9Inn': '8.85', 'runsScoredPer9': '4.61', 'homeRunsPer9': '1.02', 'inheritedRunners': 8, 'inheritedRunnersScored': 2, 'catchersInterference': 0, 'sacBunts': 1, 'sacFlies': 4}, 'team': {'id': 158, 'name': 'Milwaukee Brewers', 'link': '/api/v1/teams/158'}, 'player': {'id': 675660, 'fullName': 'Shane Drohan', 'link': '/api/v1/people/675660'}, 'league': {'id': 104, 'name': 'National League', 'link': '/api/v1/league/104'}, 'sport': {'id': 1, 'link': '/api/v1/sports/1', 'abbreviation': 'MLB'}, 'gameType': 'R'}]",season,pitching
[],"[{'season': '2026', 'stat': {'age': 23, 'gamesPlayed': 31, 'gamesStarted': 30, 'groundOuts': 133, 'airOuts': 177, 'runs': 89, 'doubles': 28, 'triples': 4, 'homeRuns': 15, 'strikeOuts': 140, 'baseOnBalls': 80, 'intentionalWalks': 1, 'hits': 136, 'hitByPitch': 7, 'avg': '.234', 'atBats': 581, 'obp': '.332', 'slg': '.373', 'ops': '.705', 'caughtStealing': 3, 'stolenBases': 9, 'stolenBasePercentage': '.750', 'caughtStealingPercentage': '.250', 'groundIntoDoublePlay': 16, 'numberOfPitches': 2686, 'era': '4.62', 'inningsPitched': '154.0', 'wins': 8, 'losses': 10, 'saves': 0, 'saveOpportunities': 0, 'holds': 0, 'blownSaves': 0, 'earnedRuns': 79, 'whip': '1.40', 'battersFaced': 674, 'outs': 462, 'gamesPitched': 31, 'completeGames': 0, 'shutouts': 0, 'strikes': 1682, 'strikePercentage': '.630', 'hitBatsmen': 7, 'balks': 0, 'wildPitches': 5, 'pickoffs': 0, 'totalBases': 217, 'groundOutsToAirouts': '0.75', 'winPercentage': '.444', 'pitchesPerInning': '17.44', 'gamesFinished': 0, 'strikeoutWalkRatio': '1.75', 'strikeoutsPer9Inn': '8.18', 'walksPer9Inn': '4.68', 'hitsPer9Inn': '7.95', 'runsScoredPer9': '5.20', 'homeRunsPer9': '0.88', 'inheritedRunners': 0, 'inheritedRunnersScored': 0, 'catchersInterference': 1, 'sacBunts': 1, 'sacFlies': 4}, 'team': {'id': 134, 'name': 'Pittsburgh Pirates', 'link': '/api/v1/teams/134'}, 'player': {'id': 696149, 'fullName': 'Bubba Chandler', 'link': '/api/v1/people/696149'}, 'league': {'id': 104, 'name': 'National League', 'link': '/api/v1/league/104'}, 'sport': {'id': 1, 'link': '/api/v1/sports/1', 'abbreviation': 'MLB'}, 'gameType': 'R'}]",season,pitching
[],"[{'season': '2026', 'stat': {'age': 30, 'gamesPlayed': 40, 'gamesStarted': 2, 'groundOuts': 43, 'airOuts': 43, 'runs': 23, 'doubles': 13, 'triples': 0, 'homeRuns': 6, 'strikeOuts': 55, 'baseOnBalls': 23, 'intentionalWalks': 0, 'hits': 43, 'hitByPitch': 3, 'avg': '.235', 'atBats': 183, 'obp': '.329', 'slg': '.404', 'ops': '.733', 'caughtStealing': 1, 'stolenBases': 2, 'stolenBasePercentage': '.667', 'caughtStealingPercentage': '.333', 'groundIntoDoublePlay': 4, 'numberOfPitches': 907, 'era': '4.01', 'inningsPitched': '49.1', 'wins': 2, 'losses': 3, 'saves': 0, 'saveOpportunities': 2, 'holds': 2, 'blownSaves': 2, 'earnedRuns': 22, 'whip': '1.34', 'battersFaced': 210, 'outs': 148, 'gamesPitched': 40, 'completeGames': 0, 'shutouts': 0, 'strikes': 559, 'strikePercentage': '.620', 'hitBatsmen': 3, 'balks': 0, 'wildPitches': 0, 'pickoffs': 1, 'totalBases': 74, 'groundOutsToAirouts': '1.00', 'winPercentage': '.400', 'pitchesPerInning': '18.39', 'gamesFinished': 14, 'strikeoutWalkRatio': '2.39', 'strikeoutsPer9Inn': '10.03', 'walksPer9Inn': '4.20', 'hitsPer9Inn': '7.84', 'runsScoredPer9': '4.20', 'homeRunsPer9': '1.09', 'inheritedRunners': 22, 'inheritedRunnersScored': 1, 'catchersInterference': 0, 'sacBunts': 0, 'sacFlies': 1}, 'team': {'id': 121, 'name': 'New York Mets', 'link': '/api/v1/teams/121'}, 'player': {'id': 681810, 'fullName': 'Austin Warren', 'link': '/api/v1/people/681810'}, 'league': {'id': 104, 'name': 'National League', 'link': '/api/v1/league/104'}, 'sport': {'id': 1, 'link': '/api/v1/sports/1', 'abbreviation': 'MLB'}, 'gameType': 'R'}]",season,pitching
[],"[{'season': '2026', 'stat': {'age': 28, 'gamesPlayed': 60, 'gamesStarted': 0, 'groundOuts': 11, 'airOuts': 57, 'runs': 17, 'doubles': 5, 'triples': 2, 'homeRuns': 3, 'strikeOuts': 76, 'baseOnBalls': 31, 'intentionalWalks': 2, 'hits': 26, 'hitByPitch': 2, 'avg': '.157', 'atBats': 166, 'obp': '.292', 'slg': '.265', 'ops': '.557', 'caughtStealing': 0, 'stolenBases': 3, 'stolenBasePercentage': '1.000', 'caughtStealingPercentage': '.000', 'groundIntoDoublePlay': 0, 'numberOfPitches': 825, 'era': '2.61', 'inningsPitched': '48.1', 'wins': 5, 'losses': 2, 'saves': 1, 'saveOpportunities': 3, 'holds': 28, 'blownSaves': 2, 'earnedRuns': 14, 'whip': '1.18', 'battersFaced': 203, 'outs': 145, 'gamesPitched': 60, 'completeGames': 0, 'shutouts': 0, 'strikes': 518, 'strikePercentage': '.630', 'hitBatsmen': 2, 'balks': 0, 'wildPitches': 5, 'pickoffs': 0, 'totalBases': 44, 'groundOutsToAirouts': '0.19', 'winPercentage': '.714', 'pitchesPerInning': '17.07', 'gamesFinished': 5, 'strikeoutWalkRatio': '2.45', 'strikeoutsPer9Inn': '14.15', 'walksPer9Inn': '5.77', 'hitsPer9Inn': '4.84', 'runsScoredPer9': '3.17', 'homeRunsPer9': '0.56', 'inheritedRunners': 36, 'inheritedRunnersScored': 11, 'catchersInterference': 0, 'sacBunts': 1, 'sacFlies': 3}, 'team': {'id': 114, 'name': 'Cleveland Guardians', 'link': '/api/v1/teams/114'}, 'player': {'id': 681870, 'fullName': 'Erik Sabrowski', 'link': '/api/v1/people/681870'}, 'league': {'id': 103, 'name': 'American League', 'link': '/api/v1/league/103'}, 'sport': {'id': 1, 'link': '/api/v1/sports/1', 'abbreviation': 'MLB'}, 'gameType': 'R'}]",season,pitching
[],"[{'season': '2026', 'stat': {'age': 26, 'gamesPlayed': 44, 'gamesStarted': 0, 'groundOuts': 52, 'airOuts': 42, 'runs': 27, 'doubles': 8, 'triples': 0, 'homeRuns': 7, 'strikeOuts': 49, 'baseOnBalls': 29, 'intentionalWalks': 1, 'hits': 41, 'hitByPitch': 4, 'avg': '.223', 'atBats': 184, 'obp': '.341', 'slg': '.380', 'ops': '.721', 'caughtStealing': 1, 'stolenBases': 5, 'stolenBasePercentage': '.833', 'caughtStealingPercentage': '.167', 'groundIntoDoublePlay': 1, 'numberOfPitches': 830, 'era': '4.81', 'inningsPitched': '48.2', 'wins': 1, 'losses': 3, 'saves': 1, 'saveOpportunities': 5, 'holds': 17, 'blownSaves': 4, 'earnedRuns': 26, 'whip': '1.44', 'battersFaced': 217, 'outs': 146, 'gamesPitched': 44, 'completeGames': 0, 'shutouts': 0, 'strikes': 514, 'strikePercentage': '.620', 'hitBatsmen': 4, 'balks': 0, 'wildPitches': 2, 'pickoffs': 1, 'totalBases': 70, 'groundOutsToAirouts': '1.24', 'winPercentage': '.250', 'pitchesPerInning': '17.05', 'gamesFinished': 6, 'strikeoutWalkRatio': '1.69', 'strikeoutsPer9Inn': '9.06', 'walksPer9Inn': '5.36', 'hitsPer9Inn': '7.58', 'runsScoredPer9': '4.99', 'homeRunsPer9': '1.29', 'inheritedRunners': 25, 'inheritedRunnersScored': 4, 'catchersInterference': 0, 'sacBunts': 0, 'sacFlies': 0}, 'team': {'id': 108, 'name': 'Los Angeles Angels', 'link': '/api/v1/teams/108'}, 'player': {'id': 696147, 'fullName': 'Sam Bachman', 'link': '/api/v1/people/696147'}, 'league': {'id': 103, 'name': 'American League', 'link': '/api/v1/league/103'}, 'sport': {'id': 1, 'link': '/api/v1/sports/1', 'abbreviation': 'MLB'}, 'gameType': 'R'}]",season,pitching
[],"[{'season': '2026', 'stat': {'age': 22, 'gamesPlayed': 18, 'gamesStarted': 1, 'groundOuts': 22, 'airOuts': 20, 'runs': 5, 'doubles': 3, 'triples': 0, 'homeRuns': 1, 'strikeOuts': 41, 'baseOnBalls': 16, 'intentionalWalks': 0, 'hits': 11, 'hitByPitch': 0, 'avg': '.117', 'atBats': 94, 'obp': '.245', 'slg': '.181', 'ops': '.426', 'caughtStealing': 0, 'stolenBases': 1, 'stolenBasePercentage': '1.000', 'caughtStealingPercentage': '.000', 'groundIntoDoublePlay': 1, 'numberOfPitches': 469, 'era': '1.29', 'inningsPitched': '28.0', 'wins': 3, 'losses': 3, 'saves': 0, 'saveOpportunities': 0, 'holds': 2, 'blownSaves': 0, 'earnedRuns': 4, 'whip': '0.96', 'battersFaced': 110, 'outs': 84, 'gamesPitched': 18, 'completeGames': 0, 'shutouts': 0, 'strikes': 293, 'strikePercentage': '.620', 'hitBatsmen': 0, 'balks': 0, 'wildPitches': 2, 'pickoffs': 0, 'totalBases': 17, 'groundOutsToAirouts': '1.10', 'winPercentage': '.500', 'pitchesPerInning': '16.75', 'gamesFinished': 1, 'strikeoutWalkRatio': '2.56', 'strikeoutsPer9Inn': '13.18', 'walksPer9Inn': '5.14', 'hitsPer9Inn': '3.54', 'runsScoredPer9': '1.61', 'homeRunsPer9': '0.32', 'inheritedRunners': 9, 'inheritedRunnersScored': 0, 'catchersInterference': 0, 'sacBunts': 0, 'sacFlies': 0}, 'team': {'id': 145, 'name': 'Chicago White Sox', 'link': '/api/v1/teams/145'}, 'player': {'id': 696146, 'fullName': 'Hagen Smith', 'link': '/api/v1/people/696146'}, 'league': {'id': 103, 'name': 'American League', 'link': '/api/v1/league/103'}, 'sport': {'id': 1, 'link': '/api/v1/sports/1', 'abbreviation': 'MLB'}, 'gameType': 'R'}]",season,pitching
[],"[{'season': '2026', 'stat': {'age': 29, 'gamesPlayed': 28, 'gamesStarted': 27, 'groundOuts': 141, 'airOuts': 150, 'runs': 65, 'doubles': 30, 'triples': 0, 'homeRuns': 14, 'strikeOuts': 121, 'baseOnBalls': 45, 'intentionalWalks': 0, 'hits': 143, 'hitByPitch': 10, 'avg': '.260', 'atBats': 551, 'obp': '.325', 'slg': '.390', 'ops': '.715', 'caughtStealing': 4, 'stolenBases': 12, 'stolenBasePercentage': '.750', 'caughtStealingPercentage': '.250', 'groundIntoDoublePlay': 16, 'numberOfPitches': 2324, 'era': '3.84', 'inningsPitched': '145.1', 'wins': 9, 'losses': 7, 'saves': 0, 'saveOpportunities': 0, 'holds': 0, 'blownSaves': 0, 'earnedRuns': 62, 'whip': '1.29', 'battersFaced': 610, 'outs': 436, 'gamesPitched': 28, 'completeGames': 0, 'shutouts': 0, 'strikes': 1485, 'strikePercentage': '.640', 'hitBatsmen': 10, 'balks': 1, 'wildPitches': 7, 'pickoffs': 1, 'totalBases': 215, 'groundOutsToAirouts': '0.94', 'winPercentage': '.563', 'pitchesPerInning': '15.99', 'gamesFinished': 0, 'strikeoutWalkRatio': '2.69', 'strikeoutsPer9Inn': '7.49', 'walksPer9Inn': '2.79', 'hitsPer9Inn': '8.86', 'runsScoredPer9': '4.03', 'homeRunsPer9': '0.87', 'inheritedRunners': 0, 'inheritedRunnersScored': 0, 'catchersInterference': 0, 'sacBunts': 1, 'sacFlies': 3}, 'team': {'id': 145, 'name': 'Chicago White Sox', 'link': '/api/v1/teams/145'}, 'player': {'id': 663436, 'fullName': 'Davis Martin', 'link': '/api/v1/people/663436'}, 'league': {'id': 103, 'name': 'American League', 'link': '/api/v1/league/103'}, 'sport': {'id': 1, 'link': '/api/v1/sports/1', 'abbreviation': 'MLB'}, 'gameType': 'R'}]",season,pitching
[],"[{'season': '2026', 'stat': {'age': 29, 'gamesPlayed': 36, 'gamesStarted': 0, 'groundOuts': 51, 'airOuts': 29, 'runs': 18, 'doubles': 3, 'triples': 2, 'homeRuns': 3, 'strikeOuts': 31, 'baseOnBalls': 15, 'intentionalWalks': 3, 'hits': 40, 'hitByPitch': 1, 'avg': '.272', 'atBats': 147, 'obp': '.339', 'slg': '.381', 'ops': '.720', 'caughtStealing': 2, 'stolenBases': 3, 'stolenBasePercentage': '.600', 'caughtStealingPercentage': '.400', 'groundIntoDoublePlay': 6, 'numberOfPitches': 630, 'era': '3.40', 'inningsPitched': '39.2', 'wins': 4, 'losses': 2, 'saves': 1, 'saveOpportunities': 2, 'holds': 3, 'blownSaves': 1, 'earnedRuns': 15, 'whip': '1.39', 'battersFaced': 167, 'outs': 119, 'gamesPitched': 36, 'completeGames': 0, 'shutouts': 0, 'strikes': 415, 'strikePercentage': '.660', 'hitBatsmen': 1, 'balks': 0, 'wildPitches': 1, 'pickoffs': 0, 'totalBases': 56, 'groundOutsToAirouts': '1.76', 'winPercentage': '.667', 'pitchesPerInning': '15.88', 'gamesFinished': 15, 'strikeoutWalkRatio': '2.07', 'strikeoutsPer9Inn': '7.03', 'walksPer9Inn': '3.40', 'hitsPer9Inn': '9.08', 'runsScoredPer9': '4.08', 'homeRunsPer9': '0.68', 'inheritedRunners': 11, 'inheritedRunnersScored': 5, 'catchersInterference': 0, 'sacBunts': 2, 'sacFlies': 2}, 'team': {'id': 136, 'name': 'Seattle Mariners', 'link': '/api/v1/teams/136'}, 'player': {'id': 681867, 'fullName': 'Cooper Criswell', 'link': '/api/v1/people/681867'}, 'league': {'id': 103, 'name': 'American League', 'link': '/api/v1/league/103'}, 'sport': {'id': 1, 'link': '/api/v1/sports/1', 'abbreviation': 'MLB'}, 'gameType': 'R'}]",season,pitching
[],"[{'season': '2026', 'stat': {'age': 28, 'gamesPlayed': 25, 'gamesStarted': 7, 'groundOuts': 40, 'airOuts': 55, 'runs': 26, 'doubles': 18, 'triples': 1, 'homeRuns': 4, 'strikeOuts': 30, 'baseOnBalls': 9, 'intentionalWalks': 1, 'hits': 58, 'hitByPitch': 0, 'avg': '.322', 'atBats': 180, 'obp': '.351', 'slg': '.500', 'ops': '.851', 'caughtStealing': 1, 'stolenBases': 3, 'stolenBasePercentage': '.750', 'caughtStealingPercentage': '.250', 'groundIntoDoublePlay': 1, 'numberOfPitches': 677, 'era': '5.36', 'inningsPitched': '42.0', 'wins': 1, 'losses': 3, 'saves': 0, 'saveOpportunities': 1, 'holds': 3, 'blownSaves': 1, 'earnedRuns': 25, 'whip': '1.60', 'battersFaced': 192, 'outs': 126, 'gamesPitched': 25, 'completeGames': 0, 'shutouts': 0, 'strikes': 450, 'strikePercentage': '.660', 'hitBatsmen': 0, 'balks': 0, 'wildPitches': 1, 'pickoffs': 1, 'totalBases': 90, 'groundOutsToAirouts': '0.73', 'winPercentage': '.250', 'pitchesPerInning': '16.12', 'gamesFinished': 1, 'strikeoutWalkRatio': '3.33', 'strikeoutsPer9Inn': '6.43', 'walksPer9Inn': '1.93', 'hitsPer9Inn': '12.43', 'runsScoredPer9': '5.57', 'homeRunsPer9': '0.86', 'inheritedRunners': 5, 'inheritedRunnersScored': 2, 'catchersInterference': 0, 'sacBunts': 1, 'sacFlies': 2}, 'team': {'id': 133, 'name': 'Athletics', 'link': '/api/v1/teams/133'}, 'player': {'id': 669620, 'fullName': 'Brady Basso', 'link': '/api/v1/people/669620'}, 'league': {'id': 103, 'name': 'American League', 'link': '/api/v1/league/103'}, 'sport': {'id': 1, 'link': '/api/v1/sports/1', 'abbreviation': 'MLB'}, 'gameType': 'R'}]",season,pitching
[],"[{'season': '2026', 'stat': {'age': 28, 'gamesPlayed': 60, 'gamesStarted': 0, 'groundOuts': 55, 'airOuts': 33, 'runs': 14, 'doubles': 4, 'triples': 1, 'homeRuns': 2, 'strikeOuts': 82, 'baseOnBalls': 10, 'intentionalWalks': 1, 'hits': 49, 'hitByPitch': 4, 'avg': '.224', 'atBats': 219, 'obp': '.270', 'slg': '.279', 'ops': '.549', 'caughtStealing': 0, 'stolenBases': 6, 'stolenBasePercentage': '1.000', 'caughtStealingPercentage': '.000', 'groundIntoDoublePlay': 2, 'numberOfPitches': 934, 'era': '1.85', 'inningsPitched': '58.1', 'wins': 2, 'losses': 6, 'saves': 33, 'saveOpportunities': 35, 'holds': 0, 'blownSaves': 2, 'earnedRuns': 12, 'whip': '1.01', 'battersFaced': 233, 'outs': 175, 'gamesPitched': 60, 'completeGames': 0, 'shutouts': 0, 'strikes': 609, 'strikePercentage': '.650', 'hitBatsmen': 4, 'balks': 0, 'wildPitches': 3, 'pickoffs': 0, 'totalBases': 61, 'groundOutsToAirouts': '1.67', 'winPercentage': '.250', 'pitchesPerInning': '16.01', 'gamesFinished': 54, 'strikeoutWalkRatio': '8.20', 'strikeoutsPer9Inn': '12.65', 'walksPer9Inn': '1.54', 'hitsPer9Inn': '7.56', 'runsScoredPer9': '2.16', 'homeRunsPer9': '0.31', 'inheritedRunners': 1, 'inheritedRunnersScored': 1, 'catchersInterference': 0, 'sacBunts': 0, 'sacFlies': 0}, 'team': {'id': 143, 'name': 'Philadelphia Phillies', 'link': '/api/v1/teams/143'}, 'player': {'id': 661395, 'fullName': 'Jhoan Duran', 'link': '/api/v1/people/661395'}, 'league': {'id': 104, 'name': 'National League', 'link': '/api/v1/league/104'}, 'sport': {'id': 1, 'link': '/api/v1/sports/1', 'abbreviation': 'MLB'}, 'gameType': 'R'}]",season,pitching
[],"[{'season': '2026', 'stat': {'age': 32, 'gamesPlayed': 5, 'gamesStarted': 0, 'groundOuts': 2, 'airOuts': 7, 'runs': 10, 'doubles': 1, 'triples': 0, 'homeRuns': 1, 'strikeOuts': 12, 'baseOnBalls': 4, 'intentionalWalks': 0, 'hits': 12, 'hitByPitch': 0, 'avg': '.375', 'atBats': 32, 'obp': '.432', 'slg': '.500', 'ops': '.932', 'caughtStealing': 0, 'stolenBases': 1, 'stolenBasePercentage': '1.000', 'caughtStealingPercentage': '.000', 'groundIntoDoublePlay': 0, 'numberOfPitches': 159, 'era': '10.29', 'inningsPitched': '7.0', 'wins': 0, 'losses': 0, 'saves': 0, 'saveOpportunities': 0, 'holds': 1, 'blownSaves': 0, 'earnedRuns': 8, 'whip': '2.29', 'battersFaced': 37, 'outs': 21, 'gamesPitched': 5, 'completeGames': 0, 'shutouts': 0, 'strikes': 105, 'strikePercentage': '.660', 'hitBatsmen': 0, 'balks': 0, 'wildPitches': 2, 'pickoffs': 0, 'totalBases': 16, 'groundOutsToAirouts': '0.29', 'winPercentage': '.---', 'pitchesPerInning': '22.71', 'gamesFinished': 1, 'strikeoutWalkRatio': '3.00', 'strikeoutsPer9Inn': '15.43', 'walksPer9Inn': '5.14', 'hitsPer9Inn': '15.43', 'runsScoredPer9': '12.86', 'homeRunsPer9': '1.29', 'inheritedRunners': 0, 'inheritedRunnersScored': 0, 'catchersInterference': 0, 'sacBunts': 0, 'sacFlies': 1}, 'player': {'id': 702352, 'fullName': 'Spencer Bivens', 'link': '/api/v1/people/702352'}, 'sport': {'id': 1, 'link': '/api/v1/sports/1', 'abbreviation': 'MLB'}, 'gameType': 'R', 'numTeams': 2, 'numLeagues': 2}, {'season': '2026', 'stat': {'age': 32, 'gamesPlayed': 1, 'gamesStarted': 0, 'groundOuts': 0, 'airOuts': 2, 'runs': 0, 'doubles': 0, 'triples': 0, 'homeRuns': 0, 'strikeOuts': 4, 'baseOnBalls': 0, 'intentionalWalks': 0, 'hits': 1, 'hitByPitch': 0, 'avg': '.143', 'atBats': 7, 'obp': '.143', 'slg': '.143', 'ops': '.286', 'caughtStealing': 0, 'stolenBases': 0, 'stolenBasePercentage': '.---', 'caughtStealingPercentage': '.---', 'groundIntoDoublePlay': 0, 'numberOfPitches': 32, 'era': '0.00', 'inningsPitched': '2.0', 'wins': 0, 'losses': 0, 'saves': 0, 'saveOpportunities': 0, 'holds': 0, 'blownSaves': 0, 'earnedRuns': 0, 'whip': '0.50', 'battersFaced': 7, 'outs': 6, 'gamesPitched': 1, 'completeGames': 0, 'shutouts': 0, 'strikes': 24, 'strikePercentage': '.750', 'hitBatsmen': 0, 'balks': 0, 'wildPitches': 0, 'pickoffs': 0, 'totalBases': 1, 'groundOutsToAirouts': '0.00', 'winPercentage': '.---', 'pitchesPerInning': '16.00', 'gamesFinished': 0, 'strikeoutWalkRatio': '-.--', 'strikeoutsPer9Inn': '18.00', 'walksPer9Inn': '0.00', 'hitsPer9Inn': '4.50', 'runsScoredPer9': '0.00', 'homeRunsPer9': '0.00', 'inheritedRunners': 0, 'inheritedRunnersScored': 0, 'catchersInterference': 0, 'sacBunts': 0, 'sacFlies': 0}, 'team': {'id': 118, 'name': 'Kansas City Royals', 'link': '/api/v1/teams/118'}, 'player': {'id': 702352, 'fullName': 'Spencer Bivens', 'link': '/api/v1/people/702352'}, 'league': {'id': 103, 'name': 'American League', 'link': '/api/v1/league/103'}, 'sport': {'id': 1, 'link': '/api/v1/sports/1', 'abbreviation': 'MLB'}, 'gameType': 'R'}, {'season': '2026', 'stat': {'age': 32, 'gamesPlayed': 4, 'gamesStarted': 0, 'groundOuts': 2, 'airOuts': 5, 'runs': 10, 'doubles': 1, 'triples': 0, 'homeRuns': 1, 'strikeOuts': 8, 'baseOnBalls': 4, 'intentionalWalks': 0, 'hits': 11, 'hitByPitch': 0, 'avg': '.440', 'atBats': 25, 'obp': '.500', 'slg': '.600', 'ops': '1.100', 'caughtStealing': 0, 'stolenBases': 1, 'stolenBasePercentage': '1.000', 'caughtStealingPercentage': '.000', 'groundIntoDoublePlay': 0, 'numberOfPitches': 127, 'era': '14.40', 'inningsPitched': '5.0', 'wins': 0, 'losses': 0, 'saves': 0, 'saveOpportunities': 0, 'holds': 1, 'blownSaves': 0, 'earnedRuns': 8, 'whip': '3.00', 'battersFaced': 30, 'outs': 15, 'gamesPitched': 4, 'completeGames': 0, 'shutouts': 0, 'strikes': 81, 'strikePercentage': '.640', 'hitBatsmen': 0, 'balks': 0, 'wildPitches': 2, 'pickoffs': 0, 'totalBases': 15, 'groundOutsToAirouts': '0.40', 'winPercentage': '.---', 'pitchesPerInning': '25.40', 'gamesFinished': 1, 'strikeoutWalkRatio': '2.00', 'strikeoutsPer9Inn': '14.40', 'walksPer9Inn': '7.20', 'hitsPer9Inn': '19.80', 'runsScoredPer9': '18.00', 'homeRunsPer9': '1.80', 'inheritedRunners': 0, 'inheritedRunnersScored': 0, 'catchersInterference': 0, 'sacBunts': 0, 'sacFlies': 1}, 'team': {'id': 137, 'name': 'San Francisco Giants', 'link': '/api/v1/teams/137'}, 'player': {'id': 702352, 'fullName': 'Spencer Bivens', 'link': '/api/v1/people/702352'}, 'league': {'id': 104, 'name': 'National League', 'link': '/api/v1/league/104'}, 'sport': {'id': 1, 'link': '/api/v1/sports/1', 'abbreviation': 'MLB'}, 'gameType': 'R'}]",season,pitching
[],"[{'season': '2026', 'stat': {'age': 28, 'gamesPlayed': 13, 'gamesStarted': 9, 'groundOuts': 54, 'airOuts': 46, 'runs': 23, 'doubles': 8, 'triples': 1, 'homeRuns': 4, 'strikeOuts': 55, 'baseOnBalls': 26, 'intentionalWalks': 0, 'hits': 39, 'hitByPitch': 2, 'avg': '.201', 'atBats': 194, 'obp': '.302', 'slg': '.314', 'ops': '.616', 'caughtStealing': 2, 'stolenBases': 5, 'stolenBasePercentage': '.714', 'caughtStealingPercentage': '.286', 'groundIntoDoublePlay': 5, 'numberOfPitches': 870, 'era': '3.83', 'inningsPitched': '54.0', 'wins': 4, 'losses': 2, 'saves': 0, 'saveOpportunities': 0, 'holds': 1, 'blownSaves': 0, 'earnedRuns': 23, 'whip': '1.20', 'battersFaced': 222, 'outs': 162, 'gamesPitched': 13, 'completeGames': 0, 'shutouts': 0, 'strikes': 550, 'strikePercentage': '.630', 'hitBatsmen': 2, 'balks': 0, 'wildPitches': 4, 'pickoffs': 2, 'totalBases': 61, 'groundOutsToAirouts': '1.17', 'winPercentage': '.667', 'pitchesPerInning': '16.11', 'gamesFinished': 1, 'strikeoutWalkRatio': '2.12', 'strikeoutsPer9Inn': '9.17', 'walksPer9Inn': '4.33', 'hitsPer9Inn': '6.50', 'runsScoredPer9': '3.83', 'homeRunsPer9': '0.67', 'inheritedRunners': 0, 'inheritedRunnersScored': 0, 'catchersInterference': 0, 'sacBunts': 0, 'sacFlies': 0}, 'player': {'id': 663460, 'fullName': 'Kris Bubic', 'link': '/api/v1/people/663460'}, 'sport': {'id': 1, 'link': '/api/v1/sports/1', 'abbreviation': 'MLB'}, 'gameType': 'R', 'numTeams': 2, 'numLeagues': 2}, {'season': '2026', 'stat': {'age': 28, 'gamesPlayed': 9, 'gamesStarted': 9, 'groundOuts': 49, 'airOuts': 44, 'runs': 23, 'doubles': 8, 'triples': 1, 'homeRuns': 4, 'strikeOuts': 51, 'baseOnBalls': 26, 'intentionalWalks': 0, 'hits': 36, 'hitByPitch': 1, 'avg': '.200', 'atBats': 180, 'obp': '.304', 'slg': '.322', 'ops': '.626', 'caughtStealing': 2, 'stolenBases': 5, 'stolenBasePercentage': '.714', 'caughtStealingPercentage': '.286', 'groundIntoDoublePlay': 4, 'numberOfPitches': 811, 'era': '4.11', 'inningsPitched': '50.1', 'wins': 3, 'losses': 2, 'saves': 0, 'saveOpportunities': 0, 'holds': 0, 'blownSaves': 0, 'earnedRuns': 23, 'whip': '1.23', 'battersFaced': 207, 'outs': 151, 'gamesPitched': 9, 'completeGames': 0, 'shutouts': 0, 'strikes': 507, 'strikePercentage': '.630', 'hitBatsmen': 1, 'balks': 0, 'wildPitches': 4, 'pickoffs': 2, 'totalBases': 58, 'groundOutsToAirouts': '1.11', 'winPercentage': '.600', 'pitchesPerInning': '16.11', 'gamesFinished': 0, 'strikeoutWalkRatio': '1.96', 'strikeoutsPer9Inn': '9.12', 'walksPer9Inn': '4.65', 'hitsPer9Inn': '6.44', 'runsScoredPer9': '4.11', 'homeRunsPer9': '0.72', 'inheritedRunners': 0, 'inheritedRunnersScored': 0, 'catchersInterference': 0, 'sacBunts': 0, 'sacFlies': 0}, 'team': {'id': 118, 'name': 'Kansas City Royals', 'link': '/api/v1/teams/118'}, 'player': {'id': 663460, 'fullName': 'Kris Bubic', 'link': '/api/v1/people/663460'}, 'league': {'id': 103, 'name': 'American League', 'link': '/api/v1/league/103'}, 'sport': {'id': 1, 'link': '/api/v1/sports/1', 'abbreviation': 'MLB'}, 'gameType': 'R'}, {'season': '2026', 'stat': {'age': 28, 'gamesPlayed': 4, 'gamesStarted': 0, 'groundOuts': 5, 'airOuts': 2, 'runs': 0, 'doubles': 0, 'triples': 0, 'homeRuns': 0, 'strikeOuts': 4, 'baseOnBalls': 0, 'intentionalWalks': 0, 'hits': 3, 'hitByPitch': 1, 'avg': '.214', 'atBats': 14, 'obp': '.267', 'slg': '.214', 'ops': '.481', 'caughtStealing': 0, 'stolenBases': 0, 'stolenBasePercentage': '.---', 'caughtStealingPercentage': '.---', 'groundIntoDoublePlay': 1, 'numberOfPitches': 59, 'era': '0.00', 'inningsPitched': '3.2', 'wins': 1, 'losses': 0, 'saves': 0, 'saveOpportunities': 0, 'holds': 1, 'blownSaves': 0, 'earnedRuns': 0, 'whip': '0.82', 'battersFaced': 15, 'outs': 11, 'gamesPitched': 4, 'completeGames': 0, 'shutouts': 0, 'strikes': 43, 'strikePercentage': '.730', 'hitBatsmen': 1, 'balks': 0, 'wildPitches': 0, 'pickoffs': 0, 'totalBases': 3, 'groundOutsToAirouts': '2.50', 'winPercentage': '1.000', 'pitchesPerInning': '16.09', 'gamesFinished': 1, 'strikeoutWalkRatio': '-.--', 'strikeoutsPer9Inn': '9.82', 'walksPer9Inn': '0.00', 'hitsPer9Inn': '7.36', 'runsScoredPer9': '0.00', 'homeRunsPer9': '0.00', 'inheritedRunners': 0, 'inheritedRunnersScored': 0, 'catchersInterference': 0, 'sacBunts': 0, 'sacFlies': 0}, 'team': {'id': 119, 'name': 'Los Angeles Dodgers', 'link': '/api/v1/teams/119'}, 'player': {'id': 663460, 'fullName': 'Kris Bubic', 'link': '/api/v1/people/663460'}, 'league': {'id': 104, 'name': 'National League', 'link': '/api/v1/league/104'}, 'sport': {'id': 1, 'link': '/api/v1/sports/1', 'abbreviation': 'MLB'}, 'gameType': 'R'}]",season,pitching
[],"[{'season': '2026', 'stat': {'age': 23, 'gamesPlayed': 6, 'gamesStarted': 3, 'groundOuts': 13, 'airOuts': 28, 'runs': 21, 'doubles': 9, 'triples': 0, 'homeRuns': 3, 'strikeOuts': 15, 'baseOnBalls': 8, 'intentionalWalks': 0, 'hits': 24, 'hitByPitch': 4, 'avg': '.300', 'atBats': 80, 'obp': '.391', 'slg': '.525', 'ops': '.916', 'caughtStealing': 0, 'stolenBases': 0, 'stolenBasePercentage': '.---', 'caughtStealingPercentage': '.---', 'groundIntoDoublePlay': 1, 'numberOfPitches': 364, 'era': '7.11', 'inningsPitched': '19.0', 'wins': 0, 'losses': 1, 'saves': 0, 'saveOpportunities': 0, 'holds': 0, 'blownSaves': 0, 'earnedRuns': 15, 'whip': '1.68', 'battersFaced': 92, 'outs': 57, 'gamesPitched': 6, 'completeGames': 0, 'shutouts': 0, 'strikes': 220, 'strikePercentage': '.600', 'hitBatsmen': 4, 'balks': 0, 'wildPitches': 1, 'pickoffs': 0, 'totalBases': 42, 'groundOutsToAirouts': '0.46', 'winPercentage': '.000', 'pitchesPerInning': '19.16', 'gamesFinished': 0, 'strikeoutWalkRatio': '1.88', 'strikeoutsPer9Inn': '7.11', 'walksPer9Inn': '3.79', 'hitsPer9Inn': '11.37', 'runsScoredPer9': '9.95', 'homeRunsPer9': '1.42', 'inheritedRunners': 0, 'inheritedRunnersScored': 0, 'catchersInterference': 0, 'sacBunts': 0, 'sacFlies': 0}, 'team': {'id': 116, 'name': 'Detroit Tigers', 'link': '/api/v1/teams/116'}, 'player': {'id': 808825, 'fullName': 'Andrew Sears', 'link': '/api/v1/people/808825'}, 'league': {'id': 103, 'name': 'American League', 'link': '/api/v1/league/103'}, 'sport': {'id': 1, 'link': '/api/v1/sports/1', 'abbreviation': 'MLB'}, 'gameType': 'R'}]",season,pitching
[],"[{'season': '2026', 'stat': {'age': 29, 'gamesPlayed': 58, 'gamesStarted': 0, 'groundOuts': 61, 'airOuts': 40, 'runs': 21, 'doubles': 5, 'triples': 0, 'homeRuns': 3, 'strikeOuts': 49, 'baseOnBalls': 27, 'intentionalWalks': 1, 'hits': 43, 'hitByPitch': 2, 'avg': '.229', 'atBats': 188, 'obp': '.329', 'slg': '.303', 'ops': '.632', 'caughtStealing': 2, 'stolenBases': 9, 'stolenBasePercentage': '.818', 'caughtStealingPercentage': '.182', 'groundIntoDoublePlay': 1, 'numberOfPitches': 876, 'era': '3.71', 'inningsPitched': '51.0', 'wins': 3, 'losses': 2, 'saves': 1, 'saveOpportunities': 1, 'holds': 14, 'blownSaves': 0, 'earnedRuns': 21, 'whip': '1.37', 'battersFaced': 222, 'outs': 153, 'gamesPitched': 58, 'completeGames': 0, 'shutouts': 0, 'strikes': 536, 'strikePercentage': '.610', 'hitBatsmen': 2, 'balks': 0, 'wildPitches': 2, 'pickoffs': 2, 'totalBases': 57, 'groundOutsToAirouts': '1.53', 'winPercentage': '.600', 'pitchesPerInning': '17.18', 'gamesFinished': 4, 'strikeoutWalkRatio': '1.81', 'strikeoutsPer9Inn': '8.65', 'walksPer9Inn': '4.76', 'hitsPer9Inn': '7.59', 'runsScoredPer9': '3.71', 'homeRunsPer9': '0.53', 'inheritedRunners': 30, 'inheritedRunnersScored': 6, 'catchersInterference': 0, 'sacBunts': 3, 'sacFlies': 2}, 'team': {'id': 142, 'name': 'Minnesota Twins', 'link': '/api/v1/teams/142'}, 'player': {'id': 681892, 'fullName': 'Kody Funderburk', 'link': '/api/v1/people/681892'}, 'league': {'id': 103, 'name': 'American League', 'link': '/api/v1/league/103'}, 'sport': {'id': 1, 'link': '/api/v1/sports/1', 'abbreviation': 'MLB'}, 'gameType': 'R'}]",season,pitching
[],"[{'season': '2026', 'stat': {'age': 29, 'gamesPlayed': 40, 'gamesStarted': 0, 'groundOuts': 38, 'airOuts': 38, 'runs': 15, 'doubles': 9, 'triples': 0, 'homeRuns': 2, 'strikeOuts': 49, 'baseOnBalls': 25, 'intentionalWalks': 0, 'hits': 34, 'hitByPitch': 9, 'avg': '.219', 'atBats': 155, 'obp': '.356', 'slg': '.316', 'ops': '.672', 'caughtStealing': 6, 'stolenBases': 8, 'stolenBasePercentage': '.571', 'caughtStealingPercentage': '.429', 'groundIntoDoublePlay': 1, 'numberOfPitches': 816, 'era': '3.07', 'inningsPitched': '44.0', 'wins': 1, 'losses': 0, 'saves': 0, 'saveOpportunities': 3, 'holds': 5, 'blownSaves': 3, 'earnedRuns': 15, 'whip': '1.34', 'battersFaced': 193, 'outs': 132, 'gamesPitched': 40, 'completeGames': 0, 'shutouts': 0, 'strikes': 473, 'strikePercentage': '.580', 'hitBatsmen': 9, 'balks': 0, 'wildPitches': 1, 'pickoffs': 1, 'totalBases': 49, 'groundOutsToAirouts': '1.00', 'winPercentage': '1.000', 'pitchesPerInning': '18.55', 'gamesFinished': 6, 'strikeoutWalkRatio': '1.96', 'strikeoutsPer9Inn': '10.02', 'walksPer9Inn': '5.11', 'hitsPer9Inn': '6.95', 'runsScoredPer9': '3.07', 'homeRunsPer9': '0.41', 'inheritedRunners': 29, 'inheritedRunnersScored': 15, 'catchersInterference': 0, 'sacBunts': 2, 'sacFlies': 2}, 'team': {'id': 134, 'name': 'Pittsburgh Pirates', 'link': '/api/v1/teams/134'}, 'player': {'id': 681895, 'fullName': 'Evan Sisk', 'link': '/api/v1/people/681895'}, 'league': {'id': 104, 'name': 'National League', 'link': '/api/v1/league/104'}, 'sport': {'id': 1, 'link': '/api/v1/sports/1', 'abbreviation': 'MLB'}, 'gameType': 'R'}]",season,pitching
[],"[{'season': '2026', 'stat': {'age': 23, 'gamesPlayed': 8, 'gamesStarted': 5, 'groundOuts': 30, 'airOuts': 36, 'runs': 22, 'doubles': 6, 'triples': 0, 'homeRuns': 6, 'strikeOuts': 24, 'baseOnBalls': 16, 'intentionalWalks': 0, 'hits': 31, 'hitByPitch': 2, 'avg': '.258', 'atBats': 120, 'obp': '.353', 'slg': '.458', 'ops': '.811', 'caughtStealing': 1, 'stolenBases': 11, 'stolenBasePercentage': '.917', 'caughtStealingPercentage': '.083', 'groundIntoDoublePlay': 2, 'numberOfPitches': 557, 'era': '6.60', 'inningsPitched': '30.0', 'wins': 0, 'losses': 3, 'saves': 0, 'saveOpportunities': 1, 'holds': 1, 'blownSaves': 1, 'earnedRuns': 22, 'whip': '1.57', 'battersFaced': 139, 'outs': 90, 'gamesPitched': 8, 'completeGames': 0, 'shutouts': 0, 'strikes': 360, 'strikePercentage': '.650', 'hitBatsmen': 2, 'balks': 0, 'wildPitches': 1, 'pickoffs': 0, 'totalBases': 55, 'groundOutsToAirouts': '0.83', 'winPercentage': '.000', 'pitchesPerInning': '18.57', 'gamesFinished': 1, 'strikeoutWalkRatio': '1.50', 'strikeoutsPer9Inn': '7.20', 'walksPer9Inn': '4.80', 'hitsPer9Inn': '9.30', 'runsScoredPer9': '6.60', 'homeRunsPer9': '1.80', 'inheritedRunners': 0, 'inheritedRunnersScored': 0, 'catchersInterference': 0, 'sacBunts': 0, 'sacFlies': 1}, 'team': {'id': 144, 'name': 'Atlanta Braves', 'link': '/api/v1/teams/144'}, 'player': {'id': 700363, 'fullName': 'AJ Smith-Shawver', 'link': '/api/v1/people/700363'}, 'league': {'id': 104, 'name': 'National League', 'link': '/api/v1/league/104'}, 'sport': {'id': 1, 'link': '/api/v1/sports/1', 'abbreviation': 'MLB'}, 'gameType': 'R'}]",season,pitching
[],"[{'season': '2026', 'stat': {'age': 24, 'gamesPlayed': 13, 'gamesStarted': 0, 'groundOuts': 11, 'airOuts': 8, 'runs': 2, 'doubles': 0, 'triples': 1, 'homeRuns': 0, 'strikeOuts': 16, 'baseOnBalls': 6, 'intentionalWalks': 0, 'hits': 5, 'hitByPitch': 1, 'avg': '.128', 'atBats': 39, 'obp': '.255', 'slg': '.179', 'ops': '.434', 'caughtStealing': 2, 'stolenBases': 3, 'stolenBasePercentage': '.600', 'caughtStealingPercentage': '.400', 'groundIntoDoublePlay': 0, 'numberOfPitches': 194, 'era': '0.00', 'inningsPitched': '12.0', 'wins': 3, 'losses': 0, 'saves': 0, 'saveOpportunities': 0, 'holds': 2, 'blownSaves': 0, 'earnedRuns': 0, 'whip': '0.92', 'battersFaced': 47, 'outs': 36, 'gamesPitched': 13, 'completeGames': 0, 'shutouts': 0, 'strikes': 116, 'strikePercentage': '.600', 'hitBatsmen': 1, 'balks': 0, 'wildPitches': 1, 'pickoffs': 0, 'totalBases': 7, 'groundOutsToAirouts': '1.38', 'winPercentage': '1.000', 'pitchesPerInning': '16.17', 'gamesFinished': 2, 'strikeoutWalkRatio': '2.67', 'strikeoutsPer9Inn': '12.00', 'walksPer9Inn': '4.50', 'hitsPer9Inn': '3.75', 'runsScoredPer9': '1.50', 'homeRunsPer9': '0.00', 'inheritedRunners': 4, 'inheritedRunnersScored': 1, 'catchersInterference': 0, 'sacBunts': 0, 'sacFlies': 1}, 'team': {'id': 109, 'name': 'Arizona Diamondbacks', 'link': '/api/v1/teams/109'}, 'player': {'id': 679885, 'fullName': 'Justin Martinez', 'link': '/api/v1/people/679885'}, 'league': {'id': 104, 'name': 'National League', 'link': '/api/v1/league/104'}, 'sport': {'id': 1, 'link': '/api/v1/sports/1', 'abbreviation': 'MLB'}, 'gameType': 'R'}]",season,pitching
[],"[{'season': '2026', 'stat': {'age': 30, 'gamesPlayed': 70, 'gamesStarted': 0, 'groundOuts': 31, 'airOuts': 67, 'runs': 18, 'doubles': 6, 'triples': 1, 'homeRuns': 4, 'strikeOuts': 71, 'baseOnBalls': 32, 'intentionalWalks': 3, 'hits': 30, 'hitByPitch': 0, 'avg': '.152', 'atBats': 198, 'obp': '.268', 'slg': '.253', 'ops': '.521', 'caughtStealing': 1, 'stolenBases': 5, 'stolenBasePercentage': '.833', 'caughtStealingPercentage': '.167', 'groundIntoDoublePlay': 0, 'numberOfPitches': 989, 'era': '2.73', 'inningsPitched': '56.0', 'wins': 2, 'losses': 1, 'saves': 3, 'saveOpportunities': 5, 'holds': 20, 'blownSaves': 2, 'earnedRuns': 17, 'whip': '1.11', 'battersFaced': 231, 'outs': 168, 'gamesPitched': 70, 'completeGames': 0, 'shutouts': 0, 'strikes': 630, 'strikePercentage': '.640', 'hitBatsmen': 0, 'balks': 1, 'wildPitches': 0, 'pickoffs': 0, 'totalBases': 50, 'groundOutsToAirouts': '0.46', 'winPercentage': '.667', 'pitchesPerInning': '17.66', 'gamesFinished': 9, 'strikeoutWalkRatio': '2.22', 'strikeoutsPer9Inn': '11.41', 'walksPer9Inn': '5.14', 'hitsPer9Inn': '4.82', 'runsScoredPer9': '2.89', 'homeRunsPer9': '0.64', 'inheritedRunners': 36, 'inheritedRunnersScored': 9, 'catchersInterference': 0, 'sacBunts': 0, 'sacFlies': 1}, 'team': {'id': 119, 'name': 'Los Angeles Dodgers', 'link': '/api/v1/teams/119'}, 'player': {'id': 681911, 'fullName': 'Alex Vesia', 'link': '/api/v1/people/681911'}, 'league': {'id': 104, 'name': 'National League', 'link': '/api/v1/league/104'}, 'sport': {'id': 1, 'link': '/api/v1/sports/1', 'abbreviation': 'MLB'}, 'gameType': 'R'}]",season,pitching
[],"[{'season': '2026', 'stat': {'age': 31, 'gamesPlayed': 66, 'gamesStarted': 0, 'groundOuts': 52, 'airOuts': 61, 'runs': 28, 'doubles': 5, 'triples': 1, 'homeRuns': 9, 'strikeOuts': 64, 'baseOnBalls': 31, 'intentionalWalks': 2, 'hits': 46, 'hitByPitch': 3, 'avg': '.207', 'atBats': 222, 'obp': '.311', 'slg': '.360', 'ops': '.671', 'caughtStealing': 3, 'stolenBases': 10, 'stolenBasePercentage': '.769', 'caughtStealingPercentage': '.231', 'groundIntoDoublePlay': 4, 'numberOfPitches': 1097, 'era': '3.69', 'inningsPitched': '61.0', 'wins': 5, 'losses': 3, 'saves': 12, 'saveOpportunities': 18, 'holds': 8, 'blownSaves': 6, 'earnedRuns': 25, 'whip': '1.26', 'battersFaced': 257, 'outs': 183, 'gamesPitched': 66, 'completeGames': 0, 'shutouts': 0, 'strikes': 668, 'strikePercentage': '.610', 'hitBatsmen': 3, 'balks': 0, 'wildPitches': 6, 'pickoffs': 2, 'totalBases': 80, 'groundOutsToAirouts': '0.85', 'winPercentage': '.625', 'pitchesPerInning': '17.98', 'gamesFinished': 25, 'strikeoutWalkRatio': '2.06', 'strikeoutsPer9Inn': '9.44', 'walksPer9Inn': '4.57', 'hitsPer9Inn': '6.79', 'runsScoredPer9': '4.13', 'homeRunsPer9': '1.33', 'inheritedRunners': 24, 'inheritedRunnersScored': 8, 'catchersInterference': 0, 'sacBunts': 0, 'sacFlies': 1}, 'player': {'id': 622554, 'fullName': 'Seranthony Domínguez', 'link': '/api/v1/people/622554'}, 'league': {'id': 103, 'name': 'American League', 'link': '/api/v1/league/103'}, 'sport': {'id': 1, 'link': '/api/v1/sports/1', 'abbreviation': 'MLB'}, 'gameType': 'R', 'numTeams': 2}, {'season': '2026', 'stat': {'age': 31, 'gamesPlayed': 23, 'gamesStarted': 0, 'groundOuts': 23, 'airOuts': 25, 'runs': 8, 'doubles': 1, 'triples': 1, 'homeRuns': 3, 'strikeOuts': 17, 'baseOnBalls': 8, 'intentionalWalks': 0, 'hits': 18, 'hitByPitch': 1, 'avg': '.217', 'atBats': 83, 'obp': '.293', 'slg': '.361', 'ops': '.654', 'caughtStealing': 1, 'stolenBases': 3, 'stolenBasePercentage': '.750', 'caughtStealingPercentage': '.250', 'groundIntoDoublePlay': 2, 'numberOfPitches': 377, 'era': '3.18', 'inningsPitched': '22.2', 'wins': 1, 'losses': 0, 'saves': 0, 'saveOpportunities': 1, 'holds': 4, 'blownSaves': 1, 'earnedRuns': 8, 'whip': '1.15', 'battersFaced': 92, 'outs': 68, 'gamesPitched': 23, 'completeGames': 0, 'shutouts': 0, 'strikes': 244, 'strikePercentage': '.650', 'hitBatsmen': 1, 'balks': 0, 'wildPitches': 1, 'pickoffs': 1, 'totalBases': 30, 'groundOutsToAirouts': '0.92', 'winPercentage': '1.000', 'pitchesPerInning': '16.63', 'gamesFinished': 4, 'strikeoutWalkRatio': '2.13', 'strikeoutsPer9Inn': '6.75', 'walksPer9Inn': '3.18', 'hitsPer9Inn': '7.15', 'runsScoredPer9': '3.18', 'homeRunsPer9': '1.19', 'inheritedRunners': 12, 'inheritedRunnersScored': 2, 'catchersInterference': 0, 'sacBunts': 0, 'sacFlies': 0}, 'team': {'id': 136, 'name': 'Seattle Mariners', 'link': '/api/v1/teams/136'}, 'player': {'id': 622554, 'fullName': 'Seranthony Domínguez', 'link': '/api/v1/people/622554'}, 'league': {'id': 103, 'name': 'American League', 'link': '/api/v1/league/103'}, 'sport': {'id': 1, 'link': '/api/v1/sports/1', 'abbreviation': 'MLB'}, 'gameType': 'R'}, {'season': '2026', 'stat': {'age': 31, 'gamesPlayed': 43, 'gamesStarted': 0, 'groundOuts': 29, 'airOuts': 36, 'runs': 20, 'doubles': 4, 'triples': 0, 'homeRuns': 6, 'strikeOuts': 47, 'baseOnBalls': 23, 'intentionalWalks': 2, 'hits': 28, 'hitByPitch': 2, 'avg': '.201', 'atBats': 139, 'obp': '.321', 'slg': '.360', 'ops': '.681', 'caughtStealing': 2, 'stolenBases': 7, 'stolenBasePercentage': '.778', 'caughtStealingPercentage': '.222', 'groundIntoDoublePlay': 2, 'numberOfPitches': 720, 'era': '3.99', 'inningsPitched': '38.1', 'wins': 4, 'losses': 3, 'saves': 12, 'saveOpportunities': 17, 'holds': 4, 'blownSaves': 5, 'earnedRuns': 17, 'whip': '1.33', 'battersFaced': 165, 'outs': 115, 'gamesPitched': 43, 'completeGames': 0, 'shutouts': 0, 'strikes': 424, 'strikePercentage': '.590', 'hitBatsmen': 2, 'balks': 0, 'wildPitches': 5, 'pickoffs': 1, 'totalBases': 50, 'groundOutsToAirouts': '0.81', 'winPercentage': '.571', 'pitchesPerInning': '18.78', 'gamesFinished': 21, 'strikeoutWalkRatio': '2.04', 'strikeoutsPer9Inn': '11.03', 'walksPer9Inn': '5.40', 'hitsPer9Inn': '6.57', 'runsScoredPer9': '4.70', 'homeRunsPer9': '1.41', 'inheritedRunners': 12, 'inheritedRunnersScored': 6, 'catchersInterference': 0, 'sacBunts': 0, 'sacFlies': 1}, 'team': {'id': 145, 'name': 'Chicago White Sox', 'link': '/api/v1/teams/145'}, 'player': {'id': 622554, 'fullName': 'Seranthony Domínguez', 'link': '/api/v1/people/622554'}, 'league': {'id': 103, 'name': 'American League', 'link': '/api/v1/league/103'}, 'sport': {'id': 1, 'link': '/api/v1/sports/1', 'abbreviation': 'MLB'}, 'gameType': 'R'}]",season,pitching
[],"[{'season': '2026', 'stat': {'age': 23, 'gamesPlayed': 21, 'gamesStarted': 18, 'groundOuts': 79, 'airOuts': 121, 'runs': 57, 'doubles': 9, 'triples': 1, 'homeRuns': 18, 'strikeOuts': 76, 'baseOnBalls': 39, 'intentionalWalks': 0, 'hits': 89, 'hitByPitch': 6, 'avg': '.247', 'atBats': 361, 'obp': '.328', 'slg': '.427', 'ops': '.755', 'caughtStealing': 1, 'stolenBases': 0, 'stolenBasePercentage': '.000', 'caughtStealingPercentage': '1.000', 'groundIntoDoublePlay': 9, 'numberOfPitches': 1636, 'era': '4.93', 'inningsPitched': '95.0', 'wins': 5, 'losses': 9, 'saves': 0, 'saveOpportunities': 0, 'holds': 0, 'blownSaves': 0, 'earnedRuns': 52, 'whip': '1.35', 'battersFaced': 410, 'outs': 285, 'gamesPitched': 21, 'completeGames': 0, 'shutouts': 0, 'strikes': 1034, 'strikePercentage': '.630', 'hitBatsmen': 6, 'balks': 0, 'wildPitches': 4, 'pickoffs': 0, 'totalBases': 154, 'groundOutsToAirouts': '0.65', 'winPercentage': '.357', 'pitchesPerInning': '17.22', 'gamesFinished': 1, 'strikeoutWalkRatio': '1.95', 'strikeoutsPer9Inn': '7.20', 'walksPer9Inn': '3.69', 'hitsPer9Inn': '8.43', 'runsScoredPer9': '5.40', 'homeRunsPer9': '1.71', 'inheritedRunners': 0, 'inheritedRunnersScored': 0, 'catchersInterference': 0, 'sacBunts': 1, 'sacFlies': 3}, 'team': {'id': 108, 'name': 'Los Angeles Angels', 'link': '/api/v1/teams/108'}, 'player': {'id': 696270, 'fullName': 'Ryan Johnson', 'link': '/api/v1/people/696270'}, 'league': {'id': 103, 'name': 'American League', 'link': '/api/v1/league/103'}, 'sport': {'id': 1, 'link': '/api/v1/sports/1', 'abbreviation': 'MLB'}, 'gameType': 'R'}]",season,pitching
[],"[{'season': '2026', 'stat': {'age': 26, 'gamesPlayed': 41, 'gamesStarted': 0, 'groundOuts': 24, 'airOuts': 47, 'runs': 20, 'doubles': 5, 'triples': 0, 'homeRuns': 3, 'strikeOuts': 44, 'baseOnBalls': 21, 'intentionalWalks': 3, 'hits': 35, 'hitByPitch': 2, 'avg': '.243', 'atBats': 144, 'obp': '.339', 'slg': '.340', 'ops': '.679', 'caughtStealing': 0, 'stolenBases': 3, 'stolenBasePercentage': '1.000', 'caughtStealingPercentage': '.000', 'groundIntoDoublePlay': 1, 'numberOfPitches': 690, 'era': '3.96', 'inningsPitched': '38.2', 'wins': 0, 'losses': 6, 'saves': 4, 'saveOpportunities': 9, 'holds': 7, 'blownSaves': 5, 'earnedRuns': 17, 'whip': '1.45', 'battersFaced': 173, 'outs': 116, 'gamesPitched': 41, 'completeGames': 0, 'shutouts': 0, 'strikes': 436, 'strikePercentage': '.630', 'hitBatsmen': 2, 'balks': 0, 'wildPitches': 3, 'pickoffs': 0, 'totalBases': 49, 'groundOutsToAirouts': '0.51', 'winPercentage': '.000', 'pitchesPerInning': '17.84', 'gamesFinished': 15, 'strikeoutWalkRatio': '2.10', 'strikeoutsPer9Inn': '10.24', 'walksPer9Inn': '4.89', 'hitsPer9Inn': '8.15', 'runsScoredPer9': '4.66', 'homeRunsPer9': '0.70', 'inheritedRunners': 20, 'inheritedRunnersScored': 5, 'catchersInterference': 0, 'sacBunts': 2, 'sacFlies': 4}, 'team': {'id': 137, 'name': 'San Francisco Giants', 'link': '/api/v1/teams/137'}, 'player': {'id': 681916, 'fullName': 'Dylan Smith', 'link': '/api/v1/people/681916'}, 'league': {'id': 104, 'name': 'National League', 'link': '/api/v1/league/104'}, 'sport': {'id': 1, 'link': '/api/v1/sports/1', 'abbreviation': 'MLB'}, 'gameType': 'R'}]",season,pitching
[],"[{'season': '2026', 'stat': {'age': 39, 'gamesPlayed': 45, 'gamesStarted': 0, 'groundOuts': 24, 'airOuts': 47, 'runs': 16, 'doubles': 8, 'triples': 0, 'homeRuns': 3, 'strikeOuts': 48, 'baseOnBalls': 17, 'intentionalWalks': 0, 'hits': 32, 'hitByPitch': 4, 'avg': '.216', 'atBats': 148, 'obp': '.310', 'slg': '.331', 'ops': '.641', 'caughtStealing': 0, 'stolenBases': 11, 'stolenBasePercentage': '1.000', 'caughtStealingPercentage': '.000', 'groundIntoDoublePlay': 2, 'numberOfPitches': 698, 'era': '3.32', 'inningsPitched': '40.2', 'wins': 2, 'losses': 5, 'saves': 3, 'saveOpportunities': 6, 'holds': 1, 'blownSaves': 3, 'earnedRuns': 15, 'whip': '1.20', 'battersFaced': 172, 'outs': 122, 'gamesPitched': 45, 'completeGames': 0, 'shutouts': 0, 'strikes': 459, 'strikePercentage': '.660', 'hitBatsmen': 4, 'balks': 1, 'wildPitches': 1, 'pickoffs': 0, 'totalBases': 49, 'groundOutsToAirouts': '0.51', 'winPercentage': '.286', 'pitchesPerInning': '17.16', 'gamesFinished': 21, 'strikeoutWalkRatio': '2.82', 'strikeoutsPer9Inn': '10.62', 'walksPer9Inn': '3.76', 'hitsPer9Inn': '7.08', 'runsScoredPer9': '3.54', 'homeRunsPer9': '0.66', 'inheritedRunners': 3, 'inheritedRunnersScored': 3, 'catchersInterference': 0, 'sacBunts': 1, 'sacFlies': 2}, 'player': {'id': 489446, 'fullName': 'Kirby Yates', 'link': '/api/v1/people/489446'}, 'sport': {'id': 1, 'link': '/api/v1/sports/1', 'abbreviation': 'MLB'}, 'gameType': 'R', 'numTeams': 2, 'numLeagues': 2}, {'season': '2026', 'stat': {'age': 39, 'gamesPlayed': 31, 'gamesStarted': 0, 'groundOuts': 19, 'airOuts': 27, 'runs': 13, 'doubles': 7, 'triples': 0, 'homeRuns': 2, 'strikeOuts': 36, 'baseOnBalls': 12, 'intentionalWalks': 0, 'hits': 20, 'hitByPitch': 4, 'avg': '.202', 'atBats': 99, 'obp': '.308', 'slg': '.333', 'ops': '.641', 'caughtStealing': 0, 'stolenBases': 8, 'stolenBasePercentage': '1.000', 'caughtStealingPercentage': '.000', 'groundIntoDoublePlay': 0, 'numberOfPitches': 472, 'era': '3.95', 'inningsPitched': '27.1', 'wins': 0, 'losses': 5, 'saves': 3, 'saveOpportunities': 6, 'holds': 0, 'blownSaves': 3, 'earnedRuns': 12, 'whip': '1.17', 'battersFaced': 118, 'outs': 82, 'gamesPitched': 31, 'completeGames': 0, 'shutouts': 0, 'strikes': 315, 'strikePercentage': '.670', 'hitBatsmen': 4, 'balks': 1, 'wildPitches': 1, 'pickoffs': 0, 'totalBases': 33, 'groundOutsToAirouts': '0.70', 'winPercentage': '.000', 'pitchesPerInning': '17.27', 'gamesFinished': 17, 'strikeoutWalkRatio': '3.00', 'strikeoutsPer9Inn': '11.85', 'walksPer9Inn': '3.95', 'hitsPer9Inn': '6.59', 'runsScoredPer9': '4.28', 'homeRunsPer9': '0.66', 'inheritedRunners': 3, 'inheritedRunnersScored': 3, 'catchersInterference': 0, 'sacBunts': 1, 'sacFlies': 2}, 'team': {'id': 108, 'name': 'Los Angeles Angels', 'link': '/api/v1/teams/108'}, 'player': {'id': 489446, 'fullName': 'Kirby Yates', 'link': '/api/v1/people/489446'}, 'league': {'id': 103, 'name': 'American League', 'link': '/api/v1/league/103'}, 'sport': {'id': 1, 'link': '/api/v1/sports/1', 'abbreviation': 'MLB'}, 'gameType': 'R'}, {'season': '2026', 'stat': {'age': 39, 'gamesPlayed': 14, 'gamesStarted': 0, 'groundOuts': 5, 'airOuts': 20, 'runs': 3, 'doubles': 1, 'triples': 0, 'homeRuns': 1, 'strikeOuts': 12, 'baseOnBalls': 5, 'intentionalWalks': 0, 'hits': 12, 'hitByPitch': 0, 'avg': '.245', 'atBats': 49, 'obp': '.315', 'slg': '.327', 'ops': '.642', 'caughtStealing': 0, 'stolenBases': 3, 'stolenBasePercentage': '1.000', 'caughtStealingPercentage': '.000', 'groundIntoDoublePlay': 2, 'numberOfPitches': 226, 'era': '2.03', 'inningsPitched': '13.1', 'wins': 2, 'losses': 0, 'saves': 0, 'saveOpportunities': 0, 'holds': 1, 'blownSaves': 0, 'earnedRuns': 3, 'whip': '1.28', 'battersFaced': 54, 'outs': 40, 'gamesPitched': 14, 'completeGames': 0, 'shutouts': 0, 'strikes': 144, 'strikePercentage': '.640', 'hitBatsmen': 0, 'balks': 0, 'wildPitches': 0, 'pickoffs': 0, 'totalBases': 16, 'groundOutsToAirouts': '0.25', 'winPercentage': '1.000', 'pitchesPerInning': '16.95', 'gamesFinished': 4, 'strikeoutWalkRatio': '2.40', 'strikeoutsPer9Inn': '8.10', 'walksPer9Inn': '3.38', 'hitsPer9Inn': '8.10', 'runsScoredPer9': '2.02', 'homeRunsPer9': '0.67', 'inheritedRunners': 0, 'inheritedRunnersScored': 0, 'catchersInterference': 0, 'sacBunts': 0, 'sacFlies': 0}, 'team': {'id': 134, 'name': 'Pittsburgh Pirates', 'link': '/api/v1/teams/134'}, 'player': {'id': 489446, 'fullName': 'Kirby Yates', 'link': '/api/v1/people/489446'}, 'league': {'id': 104, 'name': 'National League', 'link': '/api/v1/league/104'}, 'sport': {'id': 1, 'link': '/api/v1/sports/1', 'abbreviation': 'MLB'}, 'gameType': 'R'}]",season,pitching
[],"[{'season': '2026', 'stat': {'age': 27, 'gamesPlayed': 21, 'gamesStarted': 20, 'groundOuts': 83, 'airOuts': 137, 'runs': 49, 'doubles': 23, 'triples': 1, 'homeRuns': 15, 'strikeOuts': 103, 'baseOnBalls': 35, 'intentionalWalks': 0, 'hits': 95, 'hitByPitch': 10, 'avg': '.229', 'atBats': 415, 'obp': '.304', 'slg': '.398', 'ops': '.702', 'caughtStealing': 1, 'stolenBases': 6, 'stolenBasePercentage': '.857', 'caughtStealingPercentage': '.143', 'groundIntoDoublePlay': 6, 'numberOfPitches': 1817, 'era': '3.87', 'inningsPitched': '109.1', 'wins': 5, 'losses': 5, 'saves': 0, 'saveOpportunities': 0, 'holds': 0, 'blownSaves': 0, 'earnedRuns': 47, 'whip': '1.19', 'battersFaced': 463, 'outs': 328, 'gamesPitched': 21, 'completeGames': 0, 'shutouts': 0, 'strikes': 1200, 'strikePercentage': '.660', 'hitBatsmen': 10, 'balks': 1, 'wildPitches': 0, 'pickoffs': 0, 'totalBases': 165, 'groundOutsToAirouts': '0.61', 'winPercentage': '.500', 'pitchesPerInning': '16.62', 'gamesFinished': 0, 'strikeoutWalkRatio': '2.94', 'strikeoutsPer9Inn': '8.48', 'walksPer9Inn': '2.88', 'hitsPer9Inn': '7.82', 'runsScoredPer9': '4.03', 'homeRunsPer9': '1.23', 'inheritedRunners': 0, 'inheritedRunnersScored': 0, 'catchersInterference': 0, 'sacBunts': 2, 'sacFlies': 1}, 'team': {'id': 158, 'name': 'Milwaukee Brewers', 'link': '/api/v1/teams/158'}, 'player': {'id': 688107, 'fullName': 'Robert Gasser', 'link': '/api/v1/people/688107'}, 'league': {'id': 104, 'name': 'National League', 'link': '/api/v1/league/104'}, 'sport': {'id': 1, 'link': '/api/v1/sports/1', 'abbreviation': 'MLB'}, 'gameType': 'R'}]",season,pitching
[],"[{'season': '2026', 'stat': {'age': 32, 'gamesPlayed': 31, 'gamesStarted': 31, 'groundOuts': 138, 'airOuts': 196, 'runs': 74, 'doubles': 22, 'triples': 2, 'homeRuns': 34, 'strikeOuts': 171, 'baseOnBalls': 37, 'intentionalWalks': 0, 'hits': 153, 'hitByPitch': 7, 'avg': '.233', 'atBats': 656, 'obp': '.281', 'slg': '.428', 'ops': '.709', 'caughtStealing': 1, 'stolenBases': 5, 'stolenBasePercentage': '.833', 'caughtStealingPercentage': '.167', 'groundIntoDoublePlay': 11, 'numberOfPitches': 2798, 'era': '3.74', 'inningsPitched': '173.1', 'wins': 11, 'losses': 10, 'saves': 0, 'saveOpportunities': 0, 'holds': 0, 'blownSaves': 0, 'earnedRuns': 72, 'whip': '1.10', 'battersFaced': 702, 'outs': 520, 'gamesPitched': 31, 'completeGames': 0, 'shutouts': 0, 'strikes': 1827, 'strikePercentage': '.650', 'hitBatsmen': 7, 'balks': 0, 'wildPitches': 4, 'pickoffs': 5, 'totalBases': 281, 'groundOutsToAirouts': '0.70', 'winPercentage': '.524', 'pitchesPerInning': '16.14', 'gamesFinished': 0, 'strikeoutWalkRatio': '4.62', 'strikeoutsPer9Inn': '8.88', 'walksPer9Inn': '1.92', 'hitsPer9Inn': '7.94', 'runsScoredPer9': '3.84', 'homeRunsPer9': '1.77', 'inheritedRunners': 0, 'inheritedRunnersScored': 0, 'catchersInterference': 0, 'sacBunts': 1, 'sacFlies': 1}, 'team': {'id': 112, 'name': 'Chicago Cubs', 'link': '/api/v1/teams/112'}, 'player': {'id': 684007, 'fullName': 'Shota Imanaga', 'link': '/api/v1/people/684007'}, 'league': {'id': 104, 'name': 'National League', 'link': '/api/v1/league/104'}, 'sport': {'id': 1, 'link': '/api/v1/sports/1', 'abbreviation': 'MLB'}, 'gameType': 'R'}]",season,pitching
[],"[{'season': '2026', 'stat': {'age': 25, 'gamesPlayed': 32, 'gamesStarted': 0, 'groundOuts': 52, 'airOuts': 50, 'runs': 25, 'doubles': 16, 'triples': 0, 'homeRuns': 9, 'strikeOuts': 60, 'baseOnBalls': 28, 'intentionalWalks': 1, 'hits': 56, 'hitByPitch': 1, 'avg': '.257', 'atBats': 218, 'obp': '.344', 'slg': '.454', 'ops': '.798', 'caughtStealing': 2, 'stolenBases': 3, 'stolenBasePercentage': '.600', 'caughtStealingPercentage': '.400', 'groundIntoDoublePlay': 8, 'numberOfPitches': 949, 'era': '3.57', 'inningsPitched': '58.0', 'wins': 1, 'losses': 3, 'saves': 1, 'saveOpportunities': 2, 'holds': 1, 'blownSaves': 1, 'earnedRuns': 23, 'whip': '1.45', 'battersFaced': 247, 'outs': 174, 'gamesPitched': 32, 'completeGames': 0, 'shutouts': 0, 'strikes': 577, 'strikePercentage': '.610', 'hitBatsmen': 1, 'balks': 0, 'wildPitches': 6, 'pickoffs': 0, 'totalBases': 99, 'groundOutsToAirouts': '1.04', 'winPercentage': '.250', 'pitchesPerInning': '16.36', 'gamesFinished': 13, 'strikeoutWalkRatio': '2.14', 'strikeoutsPer9Inn': '9.31', 'walksPer9Inn': '4.34', 'hitsPer9Inn': '8.69', 'runsScoredPer9': '3.88', 'homeRunsPer9': '1.40', 'inheritedRunners': 14, 'inheritedRunnersScored': 7, 'catchersInterference': 0, 'sacBunts': 0, 'sacFlies': 0}, 'team': {'id': 108, 'name': 'Los Angeles Angels', 'link': '/api/v1/teams/108'}, 'player': {'id': 815083, 'fullName': 'Mitch Farris', 'link': '/api/v1/people/815083'}, 'league': {'id': 103, 'name': 'American League', 'link': '/api/v1/league/103'}, 'sport': {'id': 1, 'link': '/api/v1/sports/1', 'abbreviation': 'MLB'}, 'gameType': 'R'}]",season,pitching
[],"[{'season': '2026', 'stat': {'age': 26, 'gamesPlayed': 13, 'gamesStarted': 0, 'groundOuts': 12, 'airOuts': 17, 'runs': 6, 'doubles': 1, 'triples': 2, 'homeRuns': 1, 'strikeOuts': 15, 'baseOnBalls': 9, 'intentionalWalks': 0, 'hits': 15, 'hitByPitch': 0, 'avg': '.254', 'atBats': 59, 'obp': '.353', 'slg': '.390', 'ops': '.743', 'caughtStealing': 0, 'stolenBases': 3, 'stolenBasePercentage': '1.000', 'caughtStealingPercentage': '.000', 'groundIntoDoublePlay': 2, 'numberOfPitches': 270, 'era': '3.45', 'inningsPitched': '15.2', 'wins': 1, 'losses': 2, 'saves': 0, 'saveOpportunities': 0, 'holds': 0, 'blownSaves': 0, 'earnedRuns': 6, 'whip': '1.53', 'battersFaced': 68, 'outs': 47, 'gamesPitched': 13, 'completeGames': 0, 'shutouts': 0, 'strikes': 164, 'strikePercentage': '.610', 'hitBatsmen': 0, 'balks': 0, 'wildPitches': 1, 'pickoffs': 0, 'totalBases': 23, 'groundOutsToAirouts': '0.71', 'winPercentage': '.333', 'pitchesPerInning': '17.23', 'gamesFinished': 0, 'strikeoutWalkRatio': '1.67', 'strikeoutsPer9Inn': '8.62', 'walksPer9Inn': '5.17', 'hitsPer9Inn': '8.62', 'runsScoredPer9': '3.45', 'homeRunsPer9': '0.57', 'inheritedRunners': 5, 'inheritedRunnersScored': 1, 'catchersInterference': 0, 'sacBunts': 0, 'sacFlies': 0}, 'team': {'id': 115, 'name': 'Colorado Rockies', 'link': '/api/v1/teams/115'}, 'player': {'id': 815081, 'fullName': 'Mark Manfredi', 'link': '/api/v1/people/815081'}, 'league': {'id': 104, 'name': 'National League', 'link': '/api/v1/league/104'}, 'sport': {'id': 1, 'link': '/api/v1/sports/1', 'abbreviation': 'MLB'}, 'gameType': 'R'}]",season,pitching
[],"[{'season': '2026', 'stat': {'age': 28, 'gamesPlayed': 2, 'gamesStarted': 0, 'groundOuts': 2, 'airOuts': 2, 'runs': 1, 'doubles': 0, 'triples': 0, 'homeRuns': 0, 'strikeOuts': 3, 'baseOnBalls': 0, 'intentionalWalks': 0, 'hits': 2, 'hitByPitch': 0, 'avg': '.222', 'atBats': 9, 'obp': '.222', 'slg': '.222', 'ops': '.444', 'caughtStealing': 0, 'stolenBases': 1, 'stolenBasePercentage': '1.000', 'caughtStealingPercentage': '.000', 'groundIntoDoublePlay': 1, 'numberOfPitches': 35, 'era': '3.38', 'inningsPitched': '2.2', 'wins': 0, 'losses': 0, 'saves': 0, 'saveOpportunities': 0, 'holds': 0, 'blownSaves': 0, 'earnedRuns': 1, 'whip': '0.75', 'battersFaced': 9, 'outs': 8, 'gamesPitched': 2, 'completeGames': 0, 'shutouts': 0, 'strikes': 23, 'strikePercentage': '.660', 'hitBatsmen': 0, 'balks': 0, 'wildPitches': 0, 'pickoffs': 0, 'totalBases': 2, 'groundOutsToAirouts': '1.00', 'winPercentage': '.---', 'pitchesPerInning': '13.13', 'gamesFinished': 1, 'strikeoutWalkRatio': '-.--', 'strikeoutsPer9Inn': '10.13', 'walksPer9Inn': '0.00', 'hitsPer9Inn': '6.75', 'runsScoredPer9': '3.38', 'homeRunsPer9': '0.00', 'inheritedRunners': 4, 'inheritedRunnersScored': 0, 'catchersInterference': 0, 'sacBunts': 0, 'sacFlies': 0}, 'team': {'id': 117, 'name': 'Houston Astros', 'link': '/api/v1/teams/117'}, 'player': {'id': 681973, 'fullName': 'Josh Hendrickson', 'link': '/api/v1/people/681973'}, 'league': {'id': 103, 'name': 'American League', 'link': '/api/v1/league/103'}, 'sport': {'id': 1, 'link': '/api/v1/sports/1', 'abbreviation': 'MLB'}, 'gameType': 'R'}]",season,pitching
[],"[{'season': '2026', 'stat': {'age': 29, 'gamesPlayed': 69, 'gamesStarted': 9, 'groundOuts': 65, 'airOuts': 65, 'runs': 28, 'doubles': 7, 'triples': 0, 'homeRuns': 5, 'strikeOuts': 59, 'baseOnBalls': 17, 'intentionalWalks': 2, 'hits': 66, 'hitByPitch': 4, 'avg': '.269', 'atBats': 245, 'obp': '.320', 'slg': '.359', 'ops': '.679', 'caughtStealing': 1, 'stolenBases': 7, 'stolenBasePercentage': '.875', 'caughtStealingPercentage': '.125', 'groundIntoDoublePlay': 6, 'numberOfPitches': 1042, 'era': '3.38', 'inningsPitched': '66.2', 'wins': 5, 'losses': 4, 'saves': 8, 'saveOpportunities': 11, 'holds': 10, 'blownSaves': 3, 'earnedRuns': 25, 'whip': '1.25', 'battersFaced': 277, 'outs': 200, 'gamesPitched': 69, 'completeGames': 0, 'shutouts': 0, 'strikes': 705, 'strikePercentage': '.680', 'hitBatsmen': 4, 'balks': 2, 'wildPitches': 1, 'pickoffs': 3, 'totalBases': 88, 'groundOutsToAirouts': '1.00', 'winPercentage': '.556', 'pitchesPerInning': '15.63', 'gamesFinished': 15, 'strikeoutWalkRatio': '3.47', 'strikeoutsPer9Inn': '7.97', 'walksPer9Inn': '2.30', 'hitsPer9Inn': '8.91', 'runsScoredPer9': '3.78', 'homeRunsPer9': '0.67', 'inheritedRunners': 24, 'inheritedRunnersScored': 13, 'catchersInterference': 1, 'sacBunts': 4, 'sacFlies': 6}, 'team': {'id': 145, 'name': 'Chicago White Sox', 'link': '/api/v1/teams/145'}, 'player': {'id': 663542, 'fullName': 'Bryan Hudson', 'link': '/api/v1/people/663542'}, 'league': {'id': 103, 'name': 'American League', 'link': '/api/v1/league/103'}, 'sport': {'id': 1, 'link': '/api/v1/sports/1', 'abbreviation': 'MLB'}, 'gameType': 'R'}]",season,pitching
[],"[{'season': '2026', 'stat': {'age': 25, 'gamesPlayed': 31, 'gamesStarted': 31, 'groundOuts': 129, 'airOuts': 192, 'runs': 74, 'doubles': 26, 'triples': 1, 'homeRuns': 23, 'strikeOuts': 205, 'baseOnBalls': 76, 'intentionalWalks': 0, 'hits': 142, 'hitByPitch': 4, 'avg': '.214', 'atBats': 664, 'obp': '.298', 'slg': '.360', 'ops': '.658', 'caughtStealing': 0, 'stolenBases': 13, 'stolenBasePercentage': '1.000', 'caughtStealingPercentage': '.000', 'groundIntoDoublePlay': 9, 'numberOfPitches': 2997, 'era': '3.73', 'inningsPitched': '178.1', 'wins': 12, 'losses': 6, 'saves': 0, 'saveOpportunities': 0, 'holds': 0, 'blownSaves': 0, 'earnedRuns': 74, 'whip': '1.22', 'battersFaced': 748, 'outs': 535, 'gamesPitched': 31, 'completeGames': 0, 'shutouts': 0, 'strikes': 1895, 'strikePercentage': '.630', 'hitBatsmen': 4, 'balks': 0, 'wildPitches': 7, 'pickoffs': 1, 'totalBases': 239, 'groundOutsToAirouts': '0.67', 'winPercentage': '.667', 'pitchesPerInning': '16.81', 'gamesFinished': 0, 'strikeoutWalkRatio': '2.70', 'strikeoutsPer9Inn': '10.35', 'walksPer9Inn': '3.84', 'hitsPer9Inn': '7.17', 'runsScoredPer9': '3.73', 'homeRunsPer9': '1.16', 'inheritedRunners': 0, 'inheritedRunnersScored': 0, 'catchersInterference': 0, 'sacBunts': 2, 'sacFlies': 2}, 'team': {'id': 142, 'name': 'Minnesota Twins', 'link': '/api/v1/teams/142'}, 'player': {'id': 671737, 'fullName': 'Taj Bradley', 'link': '/api/v1/people/671737'}, 'league': {'id': 103, 'name': 'American League', 'link': '/api/v1/league/103'}, 'sport': {'id': 1, 'link': '/api/v1/sports/1', 'abbreviation': 'MLB'}, 'gameType': 'R'}]",season,pitching
[],"[{'season': '2026', 'stat': {'age': 29, 'gamesPlayed': 72, 'gamesStarted': 0, 'groundOuts': 94, 'airOuts': 78, 'runs': 41, 'doubles': 18, 'triples': 0, 'homeRuns': 4, 'strikeOuts': 53, 'baseOnBalls': 28, 'intentionalWalks': 2, 'hits': 75, 'hitByPitch': 12, 'avg': '.259', 'atBats': 290, 'obp': '.341', 'slg': '.362', 'ops': '.703', 'caughtStealing': 2, 'stolenBases': 10, 'stolenBasePercentage': '.833', 'caughtStealingPercentage': '.167', 'groundIntoDoublePlay': 6, 'numberOfPitches': 1300, 'era': '3.81', 'inningsPitched': '75.2', 'wins': 1, 'losses': 1, 'saves': 0, 'saveOpportunities': 2, 'holds': 11, 'blownSaves': 2, 'earnedRuns': 32, 'whip': '1.36', 'battersFaced': 340, 'outs': 227, 'gamesPitched': 72, 'completeGames': 0, 'shutouts': 0, 'strikes': 832, 'strikePercentage': '.640', 'hitBatsmen': 12, 'balks': 0, 'wildPitches': 4, 'pickoffs': 0, 'totalBases': 105, 'groundOutsToAirouts': '1.21', 'winPercentage': '.500', 'pitchesPerInning': '17.18', 'gamesFinished': 9, 'strikeoutWalkRatio': '1.89', 'strikeoutsPer9Inn': '6.30', 'walksPer9Inn': '3.33', 'hitsPer9Inn': '8.92', 'runsScoredPer9': '4.88', 'homeRunsPer9': '0.48', 'inheritedRunners': 33, 'inheritedRunnersScored': 15, 'catchersInterference': 0, 'sacBunts': 3, 'sacFlies': 7}, 'team': {'id': 138, 'name': 'St. Louis Cardinals', 'link': '/api/v1/teams/138'}, 'player': {'id': 677865, 'fullName': 'Justin Bruihl', 'link': '/api/v1/people/677865'}, 'league': {'id': 104, 'name': 'National League', 'link': '/api/v1/league/104'}, 'sport': {'id': 1, 'link': '/api/v1/sports/1', 'abbreviation': 'MLB'}, 'gameType': 'R'}]",season,pitching
