player_id,date,team,opponent,summary,gamesPlayed,gamesStarted,flyOuts,groundOuts,airOuts,runs,doubles,triples,homeRuns,strikeOuts,baseOnBalls,intentionalWalks,hits,hitByPitch,avg,atBats,obp,slg,ops,caughtStealing,stolenBases,stolenBasePercentage,caughtStealingPercentage,groundIntoDoublePlay,numberOfPitches,era,inningsPitched,wins,losses,saves,saveOpportunities,holds,blownSaves,earnedRuns,whip,battersFaced,outs,gamesPitched,completeGames,shutouts,strikes,strikePercentage,hitBatsmen,balks,wildPitches,pickoffs,totalBases,groundOutsToAirouts,winPercentage,pitchesPerInning,gamesFinished,strikeoutWalkRatio,strikeoutsPer9Inn,walksPer9Inn,hitsPer9Inn,runsScoredPer9,homeRunsPer9,inheritedRunners,inheritedRunnersScored,catchersInterference,sacBunts,sacFlies
663554,2026-03-31,Detroit Tigers,Arizona Diamondbacks,"6.0 IP, ER, 9 K, 2 BB",1,1,1,5,2,1,1,0,1,9,2,0,4,0,.200,20,.273,.400,.673,1,0,.000,1.000,1,93,1.50,6.0,0,0,0,0,0,0,1,1.00,22,18,1,0,0,60,.650,0,0,0,0,8,2.50,.---,15.50,0,4.50,13.50,3.00,6.00,1.50,1.50,0,0,0,0,0
663554,2026-04-06,Detroit Tigers,Minnesota Twins,"4.1 IP, 5 ER, 4 K, 3 BB",1,1,3,2,8,5,1,0,1,4,3,0,7,0,.275,20,.417,.550,.967,0,0,.---,.---,0,90,5.23,4.1,0,1,0,0,0,0,5,1.55,24,13,1,0,0,58,.640,0,0,0,0,11,0.70,.000,20.77,0,1.33,8.31,6.23,14.54,10.38,2.08,0,0,0,0,1
663556,2026-03-31,Tampa Bay Rays,Milwaukee Brewers,"4.2 IP, 2 ER, 4 K, 3 BB",1,1,1,5,5,3,0,0,0,4,3,0,2,0,.125,16,.263,.125,.388,0,0,.---,.---,0,79,3.86,4.2,0,1,0,0,0,0,2,1.07,19,14,1,0,0,50,.630,0,0,0,0,2,1.00,.000,16.93,0,1.33,7.71,5.79,3.86,5.79,0.00,0,0,0,0,0
663556,2026-04-06,Tampa Bay Rays,Chicago Cubs,"4.0 IP, 2 ER, 5 K, 4 BB",1,1,4,2,5,2,0,0,0,5,4,0,1,0,.103,13,.294,.077,.371,0,0,.---,.---,0,69,4.15,4.0,0,0,0,0,0,0,2,1.15,17,12,1,0,0,35,.510,0,0,1,0,1,0.70,.---,17.25,0,1.25,11.25,9.00,2.25,4.50,0.00,0,0,0,0,0
808963,2026-03-30,Los Angeles Dodgers,Cleveland Guardians,"4.0 IP, ER, 4 K, 2 BB",1,1,1,5,3,1,2,0,0,4,2,0,4,0,.267,15,.353,.400,.753,0,1,1.000,.000,0,78,2.25,4.0,0,1,0,0,0,0,1,1.50,18,12,1,0,0,45,.580,0,0,0,0,6,1.67,.000,19.50,0,2.00,9.00,4.50,9.00,2.25,0.00,0,0,0,1,0
808963,2026-04-05,Los Angeles Dodgers,Washington Nationals,"5.0 IP, 6 ER, 5 K, 3 BB",1,1,5,4,6,6,0,0,2,5,3,0,5,0,.257,20,.348,.550,.898,0,2,1.000,.000,0,90,7.00,5.0,0,0,0,0,0,0,6,1.56,23,15,1,0,0,57,.630,0,0,0,0,11,1.00,.---,18.00,0,1.67,9.00,5.40,9.00,10.80,3.60,0,0,0,0,0
663558,2026-03-29,Boston Red Sox,Cincinnati Reds,"2.0 IP, 0 ER, 2 K, BB",1,0,2,2,2,0,1,0,0,2,1,0,1,0,.143,7,.250,.286,.536,0,0,.---,.---,0,25,0.00,2.0,0,0,0,0,0,0,0,1.00,8,6,1,0,0,16,.640,0,0,0,0,2,1.00,.---,12.50,1,2.00,9.00,4.50,4.50,0.00,0.00,0,0,0,0,0
663558,2026-03-31,Boston Red Sox,Houston Astros,"2.0 IP, ER, 2 K, 0 BB",1,0,1,2,2,1,0,0,1,2,0,0,1,0,.143,7,.143,.571,.714,0,0,.---,.---,0,26,2.25,2.0,0,0,0,0,0,0,1,0.75,7,6,1,0,0,14,.540,0,0,0,0,4,1.00,.---,13.00,1,-.--,9.00,0.00,4.50,4.50,4.50,0,0,0,0,0
663558,2026-04-06,Boston Red Sox,Milwaukee Brewers,"3.0 IP, ER, 4 K, BB",1,0,1,2,3,1,0,0,0,4,1,0,1,0,.125,10,.182,.100,.282,0,1,1.000,.000,0,45,2.57,3.0,0,0,0,1,0,1,1,0.71,11,9,1,0,0,29,.640,0,0,0,0,1,0.86,.---,15.00,0,4.00,12.00,3.00,3.00,3.00,0.00,0,0,0,0,0
808967,2026-03-26,Los Angeles Dodgers,Arizona Diamondbacks,"6.0 IP, 2 ER, 6 K, 0 BB",1,1,5,3,7,2,1,0,1,6,0,0,5,0,.238,21,.238,.429,.667,1,0,.000,1.000,0,95,3.00,6.0,1,0,0,0,0,0,2,0.83,21,18,1,0,0,63,.660,0,0,0,0,9,0.43,1.000,15.83,0,-.--,9.00,0.00,7.50,3.00,1.50,0,0,0,0,0
808967,2026-04-01,Los Angeles Dodgers,Cleveland Guardians,"6.0 IP, 2 ER, 2 K, BB",1,1,7,6,8,2,1,0,1,2,1,0,4,1,.220,20,.273,.400,.673,0,1,1.000,.000,2,87,3.00,6.0,0,1,0,0,0,0,2,0.83,22,18,1,0,0,52,.600,1,0,0,0,8,0.60,.000,14.50,0,2.00,3.00,1.50,6.00,3.00,1.50,0,0,0,0,0
675848,2026-03-27,Colorado Rockies,Miami Marlins,"2.0 IP, 0 ER, K, 0 BB",1,0,1,2,3,0,1,0,0,1,0,0,1,0,.143,7,.143,.286,.429,0,0,.---,.---,0,22,0.00,2.0,0,0,0,0,0,0,0,0.50,7,6,1,0,0,14,.640,0,0,0,0,2,0.67,.---,11.00,1,-.--,4.50,0.00,4.50,0.00,0.00,0,0,0,0,0
675848,2026-03-31,Colorado Rockies,Toronto Blue Jays,"1.1 IP, 2 ER, 0 K, BB",1,0,0,0,3,2,0,0,0,0,1,0,4,0,.357,7,.625,.571,1.196,0,0,.---,.---,0,38,5.40,1.1,0,1,0,0,0,0,2,1.80,8,4,1,0,0,26,.680,0,0,0,0,4,0.33,.000,28.50,0,0.00,0.00,6.75,27.00,13.50,0.00,0,0,0,0,0
675848,2026-04-04,Colorado Rockies,Philadelphia Phillies,"1.0 IP, 0 ER, K, 0 BB",1,0,1,0,2,0,0,0,0,1,0,0,1,0,.333,4,.250,.250,.500,0,0,.---,.---,0,14,4.15,1.0,0,0,0,0,0,0,0,1.62,4,3,1,0,0,13,.930,0,0,0,0,1,0.25,.---,14.00,0,-.--,9.00,0.00,9.00,0.00,0.00,0,0,0,0,0
675848,2026-04-06,Colorado Rockies,Houston Astros,"1.2 IP, 0 ER, K, BB",1,0,3,1,3,0,0,0,0,1,1,1,0,0,.261,5,.167,.000,.167,0,0,.---,.---,0,21,3.00,1.2,0,0,1,1,0,0,0,1.33,6,5,1,0,0,14,.670,0,0,0,0,0,0.27,.---,12.60,1,1.00,5.40,5.40,0.00,0.00,0.00,2,0,0,0,0
669711,2026-03-28,Boston Red Sox,Cincinnati Reds,"1.0 IP, ER, 2 K, BB",1,0,1,0,1,1,0,0,1,2,1,0,2,0,.400,5,.500,1.000,1.500,0,0,.---,.---,0,27,9.00,1.0,0,0,0,0,0,0,1,3.00,6,3,1,0,0,15,.560,0,0,0,0,5,0.00,.---,27.00,0,2.00,18.00,9.00,18.00,9.00,9.00,0,0,0,0,0
669711,2026-03-29,Boston Red Sox,Cincinnati Reds,"0.2 IP, 2 ER, K, BB",1,0,1,0,1,2,0,0,1,1,1,0,1,0,.375,3,.500,1.333,1.833,0,0,.---,.---,0,15,16.20,0.2,0,1,0,1,0,1,2,3.00,4,2,1,0,0,10,.670,0,0,0,0,4,0.00,.000,22.50,0,1.00,13.50,13.50,13.50,27.00,13.50,1,1,0,0,0
669711,2026-04-01,Boston Red Sox,Houston Astros,"1.0 IP, 0 ER, K, 0 BB",1,0,0,2,0,0,0,0,0,1,0,0,0,0,.273,3,.000,.000,.000,0,0,.---,.---,0,16,10.13,1.0,0,0,0,0,0,0,0,1.88,3,3,1,0,0,9,.560,0,0,0,0,0,1.00,.---,16.00,0,-.--,9.00,0.00,0.00,0.00,0.00,0,0,0,0,0
669711,2026-04-03,Boston Red Sox,San Diego Padres,"1.0 IP, 0 ER, K, 0 BB",1,0,0,2,0,0,0,0,0,1,0,0,0,0,.214,3,.000,.000,.000,0,0,.---,.---,0,17,7.36,1.0,0,0,0,0,1,0,0,1.36,3,3,1,0,0,11,.650,0,0,0,0,0,2.00,.---,17.00,0,-.--,9.00,0.00,0.00,0.00,0.00,0,0,0,0,0
669711,2026-04-05,Boston Red Sox,San Diego Padres,"1.0 IP, 2 ER, 3 K, 0 BB",1,0,0,0,0,2,0,0,1,3,0,0,2,0,.263,5,.400,1.000,1.400,0,0,.---,.---,0,18,9.64,1.0,0,0,0,0,0,0,2,1.50,5,3,1,0,0,12,.670,0,0,0,0,5,2.00,.---,18.00,0,-.--,27.00,0.00,18.00,18.00,9.00,1,1,0,0,0
665622,2026-03-28,Athletics,Toronto Blue Jays,"0.1 IP, 0 ER, K, BB",1,0,0,0,0,1,0,0,0,1,1,1,1,0,.500,2,.667,.500,1.167,0,0,.---,.---,0,10,0.00,0.1,0,1,0,0,0,0,0,6.00,3,1,1,0,0,6,.600,0,0,0,0,1,-.--,.000,30.00,1,1.00,27.00,27.00,27.00,27.00,0.00,0,0,0,0,0
665622,2026-04-01,Athletics,Atlanta Braves,"2.0 IP, 0 ER, K, 0 BB",1,0,2,2,3,0,0,0,0,1,0,0,1,0,.222,7,.143,.143,.286,0,0,.---,.---,0,27,0.00,2.0,0,0,0,0,0,0,0,1.29,7,6,1,0,0,17,.630,0,0,0,0,1,0.67,.---,13.50,1,-.--,4.50,0.00,4.50,0.00,0.00,0,0,0,0,0
665622,2026-04-04,Athletics,Houston Astros,"2.0 IP, ER, 4 K, 2 BB",1,0,0,2,0,1,0,0,1,4,2,0,2,0,.235,8,.400,.625,1.025,0,0,.---,.---,0,43,2.08,2.0,0,0,0,0,0,0,1,1.62,10,6,1,0,0,23,.530,0,0,0,0,5,1.33,.---,21.50,0,2.00,18.00,9.00,9.00,4.50,4.50,0,0,0,0,0
657424,2026-03-27,San Francisco Giants,New York Yankees,"1.0 IP, 0 ER, 0 K, BB",1,0,0,2,0,0,0,0,0,0,1,0,0,0,.000,2,.333,.000,.333,0,0,.---,.---,1,14,0.00,1.0,0,0,0,0,0,0,0,1.00,3,3,1,0,0,8,.570,0,0,0,0,0,2.00,.---,14.00,1,0.00,0.00,9.00,0.00,0.00,0.00,0,0,0,0,0
657424,2026-03-28,San Francisco Giants,New York Yankees,"1.0 IP, 0 ER, K, 0 BB",1,0,0,1,1,0,0,0,0,1,0,0,0,0,.000,3,.000,.000,.000,0,0,.---,.---,0,8,0.00,1.0,0,0,0,0,0,0,0,0.50,3,3,1,0,0,6,.750,0,0,0,0,0,3.00,.---,8.00,0,-.--,9.00,0.00,0.00,0.00,0.00,0,0,0,0,0
657424,2026-03-30,San Francisco Giants,San Diego Padres,"1.0 IP, 0 ER, 0 K, 0 BB",1,0,0,3,0,0,0,0,0,0,0,0,0,0,.000,3,.000,.000,.000,0,0,.---,.---,0,15,0.00,1.0,0,0,0,0,1,0,0,0.33,3,3,1,0,0,10,.670,0,0,0,0,0,6.00,.---,15.00,0,-.--,0.00,0.00,0.00,0.00,0.00,0,0,0,0,0
657424,2026-04-03,San Francisco Giants,New York Mets,"1.2 IP, 0 ER, 2 K, BB",1,0,3,0,3,0,0,0,0,2,1,0,2,0,.133,7,.375,.286,.661,0,2,1.000,.000,0,37,0.00,1.2,0,0,0,0,0,0,0,0.86,8,5,1,0,0,23,.620,0,0,0,0,2,1.50,.---,22.20,0,2.00,10.80,5.40,10.80,0.00,0.00,2,1,0,0,0
657424,2026-04-06,San Francisco Giants,Philadelphia Phillies,"1.0 IP, 0 ER, K, BB",1,0,0,0,1,0,0,0,0,1,1,0,0,0,.118,2,.333,.000,.333,1,0,.000,1.000,0,15,0.00,1.0,0,0,0,0,0,0,0,0.88,3,3,1,0,0,7,.470,0,0,0,0,0,1.20,.---,15.00,0,1.00,9.00,9.00,0.00,0.00,0.00,0,0,0,0,0
622608,2026-03-29,Colorado Rockies,Miami Marlins,"2.2 IP, 0 ER, 3 K, BB",1,0,0,4,1,0,0,0,0,3,1,0,1,0,.111,9,.200,.111,.311,0,0,.---,.---,0,43,0.00,2.2,0,0,0,0,1,0,0,0.75,10,8,1,0,0,27,.630,0,0,0,0,1,4.00,.---,16.13,0,3.00,10.13,3.38,3.38,0.00,0.00,0,0,0,0,0
622608,2026-04-01,Colorado Rockies,Toronto Blue Jays,"2.0 IP, 0 ER, 3 K, 0 BB",1,0,0,1,2,0,0,0,0,3,0,0,1,0,.125,7,.143,.143,.286,0,0,.---,.---,0,26,0.00,2.0,0,0,0,0,0,0,0,0.64,7,6,1,0,0,20,.770,0,0,0,0,1,1.67,.---,13.00,0,-.--,13.50,0.00,4.50,0.00,0.00,0,0,0,0,0
663574,2026-03-28,Cincinnati Reds,Boston Red Sox,"1.0 IP, 0 ER, 3 K, 2 BB",1,0,0,0,0,0,0,0,0,3,2,0,0,0,.000,3,.400,.000,.400,0,0,.---,.---,0,25,0.00,1.0,0,0,0,0,1,0,0,2.00,5,3,1,0,0,13,.520,0,0,0,0,0,-.--,.---,25.00,0,1.50,27.00,18.00,0.00,0.00,0.00,1,0,0,0,0
663574,2026-03-29,Cincinnati Reds,Boston Red Sox,"1.0 IP, 0 ER, 2 K, 2 BB",1,0,0,0,0,0,0,0,0,2,2,0,1,0,.167,3,.600,.333,.933,0,0,.---,.---,0,27,0.00,1.0,0,0,0,0,1,0,0,2.50,5,3,1,0,0,14,.520,0,0,0,1,1,-.--,.---,27.00,0,1.00,18.00,18.00,9.00,0.00,0.00,0,0,0,0,0
663574,2026-04-01,Cincinnati Reds,Pittsburgh Pirates,"1.0 IP, 0 ER, K, 0 BB",1,0,1,1,1,0,0,0,0,1,0,0,0,0,.111,3,.000,.000,.000,0,0,.---,.---,0,11,0.00,1.0,0,0,0,0,0,0,0,1.67,3,3,1,0,0,9,.820,0,0,0,0,0,1.00,.---,11.00,0,-.--,9.00,0.00,0.00,0.00,0.00,0,0,0,0,0
663574,2026-04-03,Cincinnati Reds,Texas Rangers,"1.0 IP, 0 ER, 0 K, 0 BB",1,0,2,1,2,0,0,0,0,0,0,0,0,0,.083,3,.000,.000,.000,0,0,.---,.---,0,10,0.00,1.0,1,0,0,0,0,0,0,1.25,3,3,1,0,0,7,.700,0,0,0,0,0,0.67,1.000,10.00,0,-.--,0.00,0.00,0.00,0.00,0.00,0,0,0,0,0
663574,2026-04-04,Cincinnati Reds,Texas Rangers,"1.0 IP, 0 ER, K, 0 BB",1,0,1,1,1,0,0,0,0,1,0,0,0,0,.067,3,.000,.000,.000,0,0,.---,.---,0,11,0.00,1.0,0,0,0,0,1,0,0,1.00,3,3,1,0,0,8,.730,0,0,0,0,0,0.75,.---,11.00,0,-.--,9.00,0.00,0.00,0.00,0.00,0,0,0,0,0
663574,2026-04-06,Cincinnati Reds,Miami Marlins,"1.0 IP, 0 ER, K, BB",1,0,1,1,1,0,0,0,0,1,1,0,0,0,.056,3,.250,.000,.250,0,0,.---,.---,0,15,0.00,1.0,0,0,0,0,1,0,0,1.00,4,3,1,0,0,9,.600,0,0,0,0,0,0.80,.---,15.00,0,1.00,9.00,9.00,0.00,0.00,0.00,0,0,0,0,0
694297,2026-03-31,Arizona Diamondbacks,Detroit Tigers,"6.0 IP, 5 ER, 3 K, BB",1,1,3,9,5,5,2,0,0,3,1,0,6,0,.261,23,.292,.348,.640,0,0,.---,.---,1,85,7.50,6.0,0,0,0,0,0,0,5,1.17,24,18,1,0,0,57,.670,0,0,0,0,8,1.80,.---,14.17,0,3.00,4.50,1.50,9.00,7.50,0.00,0,0,0,0,0
694297,2026-04-05,Arizona Diamondbacks,Atlanta Braves,"4.2 IP, 3 ER, 2 K, 2 BB",1,1,4,7,4,3,1,0,1,2,2,0,6,0,.286,19,.381,.526,.907,0,0,.---,.---,1,79,6.75,4.2,0,0,0,0,0,0,3,1.41,21,14,1,0,0,48,.610,0,0,1,0,10,1.78,.---,16.93,0,1.00,3.86,3.86,11.57,5.79,1.93,0,0,0,0,0
688158,2026-03-26,San Diego Padres,Detroit Tigers,"1.0 IP, 0 ER, K, BB",1,0,0,0,2,0,0,0,0,1,1,0,1,0,.250,4,.400,.250,.650,0,0,.---,.---,0,19,0.00,1.0,0,0,0,0,0,0,0,2.00,5,3,1,0,0,10,.530,0,0,0,0,1,0.00,.---,19.00,0,1.00,9.00,9.00,9.00,0.00,0.00,0,0,0,0,0
688158,2026-03-27,San Diego Padres,Detroit Tigers,"1.0 IP, 0 ER, 0 K, BB",1,0,1,2,1,0,0,0,0,0,1,0,1,0,.250,4,.400,.250,.650,0,0,.---,.---,0,12,0.00,1.0,0,0,0,0,0,0,0,2.00,5,3,1,0,0,6,.500,0,0,0,0,1,0.67,.---,12.00,1,0.00,0.00,9.00,9.00,0.00,0.00,0,0,0,0,0
688158,2026-03-30,San Diego Padres,San Francisco Giants,"2.0 IP, 0 ER, 2 K, BB",1,0,1,3,1,0,1,0,0,2,1,1,1,0,.200,7,.250,.286,.536,0,0,.---,.---,0,20,0.00,2.0,0,0,0,0,0,0,0,1.50,8,6,1,0,0,16,.800,0,0,0,0,2,1.25,.---,10.00,0,2.00,9.00,4.50,4.50,0.00,0.00,0,0,0,0,0
688158,2026-03-31,San Diego Padres,San Francisco Giants,"1.0 IP, 0 ER, K, 0 BB",1,0,0,1,0,1,0,0,0,1,0,0,2,0,.263,4,.500,.500,1.000,0,1,1.000,.000,1,13,0.00,1.0,0,0,0,0,0,0,0,1.60,4,3,1,0,0,9,.690,0,0,0,0,2,1.50,.---,13.00,1,-.--,9.00,0.00,18.00,9.00,0.00,0,0,0,0,0
688158,2026-04-06,San Diego Padres,Pittsburgh Pirates,"2.0 IP, 0 ER, K, 3 BB",1,0,0,4,0,0,0,0,0,1,3,0,0,0,.208,5,.375,.000,.375,0,0,.---,.---,1,39,0.00,2.0,0,0,0,0,0,0,0,1.57,8,6,1,0,0,21,.540,0,0,0,0,0,2.50,.---,19.50,1,0.33,4.50,13.50,0.00,0.00,0.00,0,0,0,0,0
593958,2026-03-28,Arizona Diamondbacks,Los Angeles Dodgers,"5.0 IP, 0 ER, 5 K, 2 BB",1,1,2,5,4,1,0,0,0,5,2,0,4,0,.222,18,.300,.222,.522,0,0,.---,.---,2,79,0.00,5.0,0,0,0,0,0,0,0,1.20,20,15,1,0,0,50,.630,0,0,0,0,4,1.25,.---,15.80,0,2.50,9.00,3.60,7.20,1.80,0.00,0,0,0,0,0
593958,2026-04-03,Arizona Diamondbacks,Atlanta Braves,"7.0 IP, 0 ER, 3 K, BB",1,1,4,11,7,0,0,0,0,3,1,0,4,0,.186,25,.192,.160,.352,0,1,1.000,.000,0,90,0.00,7.0,0,0,0,0,0,0,0,0.92,26,21,1,0,0,56,.620,0,0,0,0,4,1.45,.---,12.86,0,3.00,3.86,1.29,5.14,0.00,0.00,0,0,0,0,0
596001,2026-03-28,Texas Rangers,Philadelphia Phillies,"2.0 IP, 0 ER, 2 K, 0 BB",1,0,1,2,2,0,0,0,0,2,0,0,0,0,.000,6,.000,.000,.000,0,0,.---,.---,0,23,0.00,2.0,0,0,0,0,1,0,0,0.00,6,6,1,0,0,16,.700,0,0,0,0,0,1.00,.---,11.50,0,-.--,9.00,0.00,0.00,0.00,0.00,0,0,0,0,0
596001,2026-03-30,Texas Rangers,Baltimore Orioles,"1.0 IP, 0 ER, 0 K, 0 BB",1,0,0,3,0,0,0,0,0,0,0,0,0,0,.000,3,.000,.000,.000,0,0,.---,.---,0,8,0.00,1.0,0,0,0,0,1,0,0,0.00,3,3,1,0,0,8,1.000,0,0,0,0,0,2.50,.---,8.00,0,-.--,0.00,0.00,0.00,0.00,0.00,0,0,0,0,0
596001,2026-03-31,Texas Rangers,Baltimore Orioles,"1.0 IP, 0 ER, K, 0 BB",1,0,1,1,1,0,0,0,0,1,0,0,1,0,.077,4,.250,.250,.500,0,0,.---,.---,0,15,0.00,1.0,0,0,0,0,0,0,0,0.25,4,3,1,0,0,12,.800,0,0,0,0,1,2.00,.---,15.00,0,-.--,9.00,0.00,9.00,0.00,0.00,0,0,0,0,0
596001,2026-04-03,Texas Rangers,Cincinnati Reds,"1.0 IP, 0 ER, K, 0 BB",1,0,0,0,2,0,0,0,0,1,0,0,0,0,.063,3,.000,.000,.000,0,0,.---,.---,0,12,0.00,1.0,0,0,0,0,0,0,0,0.20,3,3,1,0,0,8,.670,0,0,0,0,0,1.20,.---,12.00,0,-.--,9.00,0.00,0.00,0.00,0.00,0,0,0,0,0
596001,2026-04-06,Texas Rangers,Seattle Mariners,"1.0 IP, 0 ER, 0 K, 0 BB",1,0,0,2,0,0,0,0,0,0,0,0,0,1,.056,2,.333,.000,.333,0,0,.---,.---,1,4,0.00,1.0,0,0,1,1,0,0,0,0.17,3,3,1,0,0,2,.500,1,0,0,0,0,1.60,.---,4.00,1,-.--,0.00,0.00,0.00,0.00,0.00,0,0,0,0,0
593974,2026-03-26,San Diego Padres,Detroit Tigers,"1.0 IP, 0 ER, 0 K, 0 BB",1,0,1,2,1,0,0,0,0,0,0,0,1,0,.250,4,.250,.250,.500,0,0,.---,.---,0,15,0.00,1.0,0,0,0,0,0,0,0,1.00,4,3,1,0,0,10,.670,0,0,0,0,1,2.00,.---,15.00,1,-.--,0.00,0.00,9.00,0.00,0.00,0,0,0,0,0
593974,2026-03-27,San Diego Padres,Detroit Tigers,"0.1 IP, 0 ER, 0 K, 0 BB",1,0,0,0,1,0,0,0,0,0,0,0,2,0,.429,3,.667,.667,1.334,0,0,.---,.---,0,17,0.00,0.1,0,0,0,0,0,0,0,2.25,3,1,1,0,0,11,.650,0,0,0,0,2,1.00,.---,51.00,0,-.--,0.00,0.00,54.00,0.00,0.00,3,3,0,0,0
593974,2026-03-30,San Diego Padres,San Francisco Giants,"1.0 IP, 0 ER, 0 K, 0 BB",1,0,0,0,3,0,0,0,0,0,0,0,0,0,.300,3,.000,.000,.000,0,0,.---,.---,0,14,0.00,1.0,0,0,0,0,0,0,0,1.29,3,3,1,0,0,8,.570,0,0,0,0,0,0.40,.---,14.00,0,-.--,0.00,0.00,0.00,0.00,0.00,0,0,0,0,0
593974,2026-04-03,San Diego Padres,Boston Red Sox,"1.1 IP, ER, 2 K, 0 BB",1,0,0,1,1,1,0,0,1,2,0,0,2,0,.313,6,.333,.833,1.166,0,0,.---,.---,0,20,2.45,1.1,0,0,0,0,0,0,1,1.36,6,4,1,0,0,14,.700,0,0,0,0,5,0.50,.---,15.00,0,-.--,13.50,0.00,13.50,6.75,6.75,1,1,0,0,0
593974,2026-04-05,San Diego Padres,Boston Red Sox,"0.1 IP, ER, 0 K, 0 BB",1,0,0,1,0,1,2,0,0,0,0,0,2,0,.368,3,.667,1.333,2.000,0,0,.---,.---,0,10,4.50,0.1,0,0,0,1,0,1,1,1.75,3,1,1,0,0,5,.500,0,0,0,0,4,0.67,.---,30.00,0,-.--,0.00,0.00,54.00,27.00,0.00,1,1,0,0,0
694335,2026-03-26,St. Louis Cardinals,Tampa Bay Rays,"0.1 IP, 3 ER, 0 K, 0 BB",1,0,0,0,1,3,0,0,0,0,0,0,3,0,.750,4,.750,.750,1.500,0,0,.---,.---,0,16,81.00,0.1,0,0,0,0,0,0,3,9.00,4,1,1,0,0,11,.690,0,0,0,0,3,0.00,.---,48.00,0,-.--,0.00,0.00,81.00,81.00,0.00,0,0,0,0,0
694335,2026-03-28,St. Louis Cardinals,Tampa Bay Rays,"0.2 IP, 3 ER, 0 K, BB",1,0,0,0,2,3,0,0,0,0,1,0,2,0,.625,4,.600,.500,1.100,0,0,.---,.---,0,20,54.00,0.2,0,0,0,0,0,0,3,6.00,5,2,1,0,0,10,.500,0,0,0,0,2,0.00,.---,30.00,0,0.00,0.00,13.50,27.00,40.50,0.00,0,0,0,0,0
694335,2026-03-30,St. Louis Cardinals,New York Mets,"2.0 IP, 0 ER, 3 K, 2 BB",1,0,0,2,1,0,0,0,0,3,2,0,1,1,.400,7,.400,.143,.543,0,0,.---,.---,0,36,18.00,2.0,0,0,0,0,0,0,0,3.00,10,6,1,0,0,20,.560,1,0,0,0,1,0.50,.---,18.00,0,1.50,13.50,9.00,4.50,0.00,0.00,1,1,0,0,0
694335,2026-04-04,St. Louis Cardinals,Detroit Tigers,"2.1 IP, ER, K, BB",1,0,2,2,3,1,0,0,1,1,1,0,3,0,.375,9,.400,.667,1.067,0,0,.---,.---,1,30,11.81,2.1,0,0,0,0,0,0,1,2.44,10,7,1,0,0,21,.700,0,0,0,0,6,0.57,.---,12.86,0,1.00,3.86,3.86,11.57,3.86,3.86,1,1,0,0,0
694335,2026-04-06,St. Louis Cardinals,Washington Nationals,"0.2 IP, 3 ER, K, 0 BB",1,0,0,0,1,3,1,0,2,1,0,0,3,0,.414,5,.600,2.000,2.600,0,0,.---,.---,0,13,15.00,0.2,0,1,0,0,0,0,3,2.67,5,2,1,0,0,11,.850,0,0,0,0,10,0.50,.000,19.50,1,-.--,13.50,0.00,40.50,40.50,27.00,0,0,0,0,0
665660,2026-03-28,Athletics,Toronto Blue Jays,"1.0 IP, 2 ER, 2 K, 2 BB",1,0,0,1,0,2,0,0,0,2,2,0,1,0,.250,4,.500,.250,.750,0,0,.---,.---,0,26,18.00,1.0,0,0,0,0,1,0,2,3.00,6,3,1,0,0,11,.420,0,0,0,0,1,1.00,.---,26.00,0,1.00,18.00,18.00,9.00,18.00,0.00,2,1,0,0,0
665660,2026-03-30,Athletics,Atlanta Braves,"1.0 IP, 0 ER, K, 0 BB",1,0,1,1,1,0,1,0,0,1,0,0,1,0,.250,4,.250,.500,.750,0,0,.---,.---,0,16,9.00,1.0,0,0,0,0,0,0,0,2.00,4,3,1,0,0,11,.690,0,0,0,0,2,2.00,.---,16.00,0,-.--,9.00,0.00,9.00,0.00,0.00,0,0,0,0,0
665660,2026-04-01,Athletics,Atlanta Braves,"0.2 IP, ER, 0 K, 0 BB",1,0,2,0,2,1,1,0,0,0,0,0,2,0,.333,4,.500,.750,1.250,0,0,.---,.---,0,20,10.13,0.2,0,0,0,0,0,0,1,2.25,4,2,1,0,0,13,.650,0,0,0,0,3,0.67,.---,30.00,0,-.--,0.00,0.00,27.00,13.50,0.00,2,2,0,0,0
665660,2026-04-04,Athletics,Houston Astros,"2.0 IP, 2 ER, 0 K, 2 BB",1,0,2,2,2,2,2,0,0,0,2,0,3,0,.368,7,.556,.714,1.270,0,0,.---,.---,2,29,9.64,2.0,0,0,0,0,0,0,2,2.36,9,6,1,0,0,17,.590,0,0,0,0,5,0.80,.---,14.50,0,0.00,0.00,9.00,13.50,9.00,0.00,1,1,0,0,0
665660,2026-04-05,Athletics,Houston Astros,"0.2 IP, 0 ER, K, 0 BB",1,0,1,0,1,0,0,0,0,1,0,0,0,0,.333,2,.000,.000,.000,0,0,.---,.---,0,8,8.44,0.2,1,0,0,0,0,0,0,2.06,2,2,1,0,0,5,.630,0,0,0,0,0,0.67,1.000,12.00,1,-.--,13.50,0.00,0.00,0.00,0.00,3,0,0,0,0
677944,2026-03-29,Cleveland Guardians,Seattle Mariners,"4.1 IP, 6 ER, 5 K, 3 BB",1,1,3,3,5,6,2,0,1,5,3,0,6,2,.316,19,.458,.579,1.037,0,0,.---,.---,0,93,12.46,4.1,0,1,0,0,0,0,6,2.08,24,13,1,0,0,56,.600,2,0,1,0,11,0.60,.000,21.46,0,1.67,10.38,6.23,12.46,12.46,2.08,0,0,0,0,0
677944,2026-04-05,Cleveland Guardians,Chicago Cubs,"6.0 IP, 0 ER, 6 K, BB",1,1,2,8,4,0,0,0,0,6,1,0,1,1,.184,19,.143,.053,.196,0,0,.---,.---,0,85,5.23,6.0,0,0,0,0,0,0,0,1.06,21,18,1,0,0,55,.650,1,0,0,0,1,1.22,.---,14.17,0,6.00,9.00,1.50,1.50,0.00,0.00,0,0,0,0,0
677952,2026-03-30,Pittsburgh Pirates,Cincinnati Reds,"6.0 IP, 2 ER, 3 K, 4 BB",1,1,6,6,8,2,0,1,0,3,4,0,4,0,.200,20,.320,.300,.620,1,0,.000,1.000,0,87,3.00,6.0,0,1,0,0,0,0,2,1.33,25,18,1,0,0,52,.600,0,0,0,0,6,0.75,.000,14.50,0,0.75,4.50,6.00,6.00,3.00,0.00,0,0,0,0,1
677952,2026-04-05,Pittsburgh Pirates,Baltimore Orioles,"6.0 IP, ER, 8 K, 0 BB",1,1,3,4,5,1,2,0,0,8,0,0,4,0,.195,21,.190,.286,.476,1,0,.000,1.000,0,87,2.25,6.0,1,0,0,0,0,0,1,1.00,21,18,1,0,0,54,.620,0,0,0,0,6,0.77,1.000,14.50,0,-.--,12.00,0.00,6.00,1.50,0.00,0,0,0,0,0
677955,2026-03-28,Colorado Rockies,Miami Marlins,"1.2 IP, ER, K, 0 BB",1,0,2,1,2,1,0,0,0,1,0,0,2,0,.333,6,.333,.333,.666,0,2,1.000,.000,0,23,5.40,1.2,0,1,0,0,0,0,1,1.20,6,5,1,0,0,15,.650,0,0,0,0,2,0.50,.000,13.80,1,-.--,5.40,0.00,10.80,5.40,0.00,1,0,0,0,0
677955,2026-03-30,Colorado Rockies,Toronto Blue Jays,"0.1 IP, 0 ER, 0 K, 0 BB",1,0,0,1,0,0,0,0,0,0,0,0,0,0,.286,1,.000,.000,.000,0,0,.---,.---,0,1,4.50,0.1,0,0,0,0,0,0,0,1.00,1,1,1,0,0,1,1.000,0,0,0,0,0,1.00,.---,3.00,0,-.--,0.00,0.00,0.00,0.00,0.00,1,0,0,0,0
677955,2026-03-31,Colorado Rockies,Toronto Blue Jays,"0.2 IP, 0 ER, 2 K, BB",1,0,0,0,0,0,0,0,0,2,1,0,1,0,.300,3,.500,.333,.833,0,0,.---,.---,0,16,3.38,0.2,0,0,0,0,0,0,0,1.50,4,2,1,0,0,9,.560,0,0,0,0,1,1.00,.---,24.00,0,2.00,27.00,13.50,13.50,0.00,0.00,3,2,0,0,0
677955,2026-04-04,Colorado Rockies,Philadelphia Phillies,"0.2 IP, 0 ER, K, BB",1,0,0,1,0,0,0,0,0,1,1,0,0,0,.250,2,.333,.000,.333,0,1,1.000,.000,0,14,2.70,0.2,0,0,0,0,0,0,0,1.50,3,2,1,0,0,6,.430,0,0,0,0,0,1.50,.---,21.00,0,1.00,13.50,13.50,0.00,0.00,0.00,1,0,0,0,0
677955,2026-04-05,Colorado Rockies,Philadelphia Phillies,"1.0 IP, 0 ER, 0 K, 0 BB",1,0,1,3,1,0,0,0,0,0,0,0,0,0,.188,4,.000,.000,.000,0,0,.---,.---,0,10,2.08,1.0,0,0,0,0,1,0,0,1.15,4,3,1,0,0,8,.800,0,0,0,0,0,2.00,.---,10.00,0,-.--,0.00,0.00,0.00,0.00,0.00,0,0,0,0,0
682052,2026-03-30,Athletics,Atlanta Braves,"4.0 IP, 3 ER, 0 K, 5 BB",1,1,1,5,6,3,1,0,0,0,5,0,6,0,.353,17,.500,.412,.912,1,1,.500,.500,0,91,6.75,4.0,0,1,0,0,0,0,3,2.75,22,12,1,0,0,46,.510,0,0,0,1,7,0.83,.000,22.75,0,0.00,0.00,11.25,13.50,6.75,0.00,0,0,0,0,0
682052,2026-04-05,Athletics,Houston Astros,"4.1 IP, 3 ER, 6 K, 5 BB",1,1,4,1,6,3,0,0,1,6,5,0,3,0,.273,16,.381,.375,.756,0,1,1.000,.000,0,92,6.48,4.1,0,0,0,0,0,0,3,2.28,21,13,1,0,0,51,.550,0,0,0,0,6,0.50,.---,21.23,0,1.20,12.46,10.38,6.23,6.23,2.08,0,0,0,0,0
677958,2026-04-04,Texas Rangers,Cincinnati Reds,"5.0 IP, 2 ER, 3 K, BB",1,1,3,7,6,2,0,0,0,3,1,0,6,0,.273,22,.304,.273,.577,0,0,.---,.---,0,80,3.60,5.0,0,1,0,0,0,0,2,1.40,23,15,1,0,0,52,.650,0,0,2,0,6,1.17,.000,16.00,0,3.00,5.40,1.80,10.80,3.60,0.00,0,0,0,0,0
677960,2026-03-30,New York Yankees,Seattle Mariners,"4.1 IP, ER, 7 K, 2 BB",1,1,0,2,4,1,0,0,0,7,2,0,4,0,.235,17,.316,.235,.551,0,0,.---,.---,0,77,2.08,4.1,0,0,0,0,0,0,1,1.38,19,13,1,0,0,49,.640,0,0,0,0,4,0.50,.---,17.77,0,3.50,14.54,4.15,8.31,2.08,0.00,0,0,0,0,0
677960,2026-04-04,New York Yankees,Miami Marlins,"3.2 IP, 3 ER, 4 K, 3 BB",1,1,2,3,3,3,0,1,0,4,3,0,6,0,.303,16,.474,.500,.974,1,0,.000,1.000,0,88,4.50,3.2,0,0,0,0,0,0,3,1.88,19,11,1,0,0,52,.590,0,0,0,0,8,0.71,.---,24.00,0,1.33,9.82,7.36,14.73,7.36,0.00,0,0,0,0,0
622663,2026-03-27,Athletics,Toronto Blue Jays,"5.0 IP, 2 ER, 3 K, 3 BB",1,1,3,6,5,2,1,1,0,3,3,0,3,0,.176,17,.300,.353,.653,0,0,.---,.---,1,84,3.60,5.0,0,0,0,0,0,0,2,1.20,20,15,1,0,0,52,.620,0,0,0,0,6,1.20,.---,16.80,0,1.00,5.40,5.40,5.40,3.60,0.00,0,0,0,0,0
622663,2026-04-01,Athletics,Atlanta Braves,"3.1 IP, 4 ER, 7 K, 5 BB",1,1,0,1,1,4,0,0,0,7,5,0,4,0,.233,13,.500,.308,.808,0,0,.---,.---,0,91,6.48,3.1,0,1,0,0,0,0,4,1.80,18,10,1,0,0,49,.540,0,0,0,1,4,1.17,.000,27.30,0,1.40,18.90,13.50,10.80,10.80,0.00,0,0,0,0,0
677961,2026-03-28,Seattle Mariners,Cleveland Guardians,"1.0 IP, 0 ER, K, 0 BB",1,0,1,1,1,0,0,0,0,1,0,0,0,0,.000,3,.000,.000,.000,0,0,.---,.---,0,10,0.00,1.0,0,0,0,0,0,0,0,0.00,3,3,1,0,0,9,.900,0,0,0,0,0,1.00,.---,10.00,0,-.--,9.00,0.00,0.00,0.00,0.00,0,0,0,0,0
677961,2026-03-31,Seattle Mariners,New York Yankees,"2.0 IP, 0 ER, 3 K, 0 BB",1,0,1,1,2,0,0,0,0,3,0,0,2,0,.182,8,.250,.250,.500,0,1,1.000,.000,0,31,0.00,2.0,0,0,0,0,0,0,0,0.67,8,6,1,0,0,22,.710,0,0,0,0,2,0.67,.---,15.50,0,-.--,13.50,0.00,9.00,0.00,0.00,2,1,0,0,0
677961,2026-04-05,Seattle Mariners,Los Angeles Angels,"1.1 IP, 0 ER, 2 K, BB",1,0,0,1,1,0,0,0,0,2,1,0,0,0,.133,4,.200,.000,.200,0,0,.---,.---,0,23,0.00,1.1,0,0,0,0,0,0,0,0.69,5,4,1,0,0,14,.610,0,0,1,0,0,0.75,.---,17.25,0,2.00,13.50,6.75,0.00,0.00,0.00,1,0,0,0,0
663623,2026-03-29,Washington Nationals,Chicago Cubs,"5.0 IP, 2 ER, 7 K, BB",1,1,2,2,7,2,0,0,2,7,1,0,3,0,.158,19,.200,.474,.674,0,1,1.000,.000,0,93,3.60,5.0,1,0,0,0,0,0,2,0.80,20,15,1,0,0,58,.620,0,0,0,0,9,0.29,1.000,18.60,0,7.00,12.60,1.80,5.40,3.60,3.60,0,0,0,0,0
663623,2026-04-04,Washington Nationals,Los Angeles Dodgers,"4.0 IP, 6 ER, 4 K, 2 BB",1,1,5,2,6,6,2,0,0,4,2,0,8,0,.289,19,.455,.526,.981,0,1,1.000,.000,0,85,8.00,4.0,0,1,0,0,0,0,6,1.56,22,12,1,0,0,58,.680,0,0,0,0,10,0.31,.000,21.25,0,2.00,9.00,4.50,18.00,13.50,0.00,0,0,0,0,1
608331,2026-03-25,New York Yankees,San Francisco Giants,"6.1 IP, 0 ER, 4 K, BB",1,1,3,7,8,0,0,0,0,4,1,0,2,1,.095,21,.174,.095,.269,0,0,.---,.---,0,86,0.00,6.1,1,0,0,0,0,0,0,0.47,23,19,1,0,0,53,.620,1,0,0,0,2,0.88,1.000,13.58,0,4.00,5.68,1.42,2.84,0.00,0.00,0,0,0,0,0
608331,2026-03-31,New York Yankees,Seattle Mariners,"7.0 IP, 0 ER, 6 K, BB",1,1,4,7,7,0,0,0,0,6,1,0,3,1,.114,23,.200,.130,.330,0,0,.---,.---,1,90,0.00,7.0,1,0,0,0,0,0,0,0.53,25,21,1,0,0,60,.670,1,0,0,0,3,0.93,1.000,12.86,0,6.00,7.71,1.29,3.86,0.00,0.00,0,0,0,0,0
608331,2026-04-05,New York Yankees,Miami Marlins,"6.2 IP, 3 ER, 4 K, 3 BB",1,1,4,5,10,3,1,0,0,4,3,0,5,0,.147,24,.296,.250,.546,0,2,1.000,.000,1,103,1.35,6.2,0,0,0,0,0,0,3,0.75,27,20,1,0,0,64,.620,0,0,0,1,6,0.76,.---,15.45,0,1.33,5.40,4.05,6.75,4.05,0.00,0,0,0,0,0
694361,2026-03-26,Los Angeles Dodgers,Arizona Diamondbacks,"1.0 IP, 0 ER, K, 0 BB",1,0,0,2,0,0,0,0,0,1,0,0,0,0,.000,3,.000,.000,.000,0,0,.---,.---,0,9,0.00,1.0,0,0,0,0,0,0,0,0.00,3,3,1,0,0,8,.890,0,0,0,0,0,2.00,.---,9.00,0,-.--,9.00,0.00,0.00,0.00,0.00,0,0,0,0,0
694361,2026-03-28,Los Angeles Dodgers,Arizona Diamondbacks,"1.0 IP, 0 ER, K, 0 BB",1,0,0,1,1,0,0,0,0,1,0,0,1,0,.143,4,.250,.250,.500,0,0,.---,.---,0,15,0.00,1.0,1,0,0,0,0,0,0,0.50,4,3,1,0,0,10,.670,0,0,0,0,1,3.00,1.000,15.00,0,-.--,9.00,0.00,9.00,0.00,0.00,0,0,0,0,0
694361,2026-04-01,Los Angeles Dodgers,Cleveland Guardians,"1.2 IP, ER, K, 2 BB",1,0,2,0,3,1,0,0,0,1,2,0,1,0,.167,5,.429,.200,.629,1,0,.000,1.000,0,35,2.45,1.2,0,0,0,0,0,0,1,1.09,7,5,1,0,0,20,.570,0,0,0,0,1,0.75,.---,21.00,0,0.50,5.40,10.80,5.40,5.40,0.00,0,0,0,0,0
694361,2026-04-06,Los Angeles Dodgers,Toronto Blue Jays,"2.0 IP, 0 ER, 2 K, 0 BB",1,0,0,2,2,0,0,0,0,2,0,0,2,0,.200,8,.250,.250,.500,0,0,.---,.---,0,27,1.59,2.0,0,0,0,0,0,0,0,1.06,8,6,1,0,0,21,.780,0,0,0,0,2,0.83,.---,13.50,0,-.--,9.00,0.00,9.00,0.00,0.00,0,0,0,0,0
606303,2026-03-28,Atlanta Braves,Kansas City Royals,"0.1 IP, 0 ER, 0 K, BB",1,0,0,1,0,1,0,0,0,0,1,0,1,0,.500,2,.667,.500,1.167,0,0,.---,.---,0,15,0.00,0.1,0,0,0,0,0,0,0,6.00,3,1,1,0,0,8,.530,0,0,0,0,1,1.00,.---,45.00,0,0.00,0.00,27.00,27.00,27.00,0.00,0,0,0,0,0
606303,2026-03-31,Atlanta Braves,Athletics,"1.0 IP, ER, 2 K, 0 BB",1,0,0,1,0,1,0,0,1,2,0,0,1,0,.333,4,.250,1.000,1.250,0,0,.---,.---,0,14,6.75,1.0,0,0,0,0,0,0,1,2.25,4,3,1,0,0,10,.710,0,0,0,0,4,2.00,.---,14.00,0,-.--,18.00,0.00,9.00,9.00,9.00,1,0,0,0,0
606303,2026-04-05,Atlanta Braves,Arizona Diamondbacks,"0.0 IP, 0 ER, 0 K, 0 BB",1,0,0,0,0,1,1,0,0,0,0,0,1,0,.429,1,1.000,2.000,3.000,0,0,.---,.---,0,1,6.75,0.0,0,1,0,0,0,0,0,3.00,1,0,1,0,0,1,1.000,0,0,0,0,2,2.00,.000,-.--,1,-.--,-.--,-.--,-.--,-.--,-.--,0,0,0,0,0
606303,2026-04-06,Atlanta Braves,Los Angeles Angels,"1.0 IP, 0 ER, K, 0 BB",1,0,0,0,2,0,0,0,0,1,0,0,0,0,.300,3,.000,.000,.000,0,0,.---,.---,0,11,3.86,1.0,0,0,0,0,0,0,0,1.71,3,3,1,0,0,10,.910,0,0,0,0,0,1.00,.---,11.00,0,-.--,9.00,0.00,0.00,0.00,0.00,0,0,0,0,0
657514,2026-03-27,Colorado Rockies,Miami Marlins,"0.1 IP, 0 ER, 0 K, 0 BB",1,0,0,1,0,0,0,0,0,0,0,0,0,0,.000,1,.000,.000,.000,0,0,.---,.---,0,2,0.00,0.1,0,0,0,0,0,0,0,0.00,1,1,1,0,0,2,1.000,0,0,0,0,0,1.00,.---,6.00,0,-.--,0.00,0.00,0.00,0.00,0.00,1,0,0,0,0
657514,2026-03-28,Colorado Rockies,Miami Marlins,"0.2 IP, 0 ER, 0 K, 0 BB",1,0,1,1,1,0,0,0,0,0,0,0,1,0,.250,3,.333,.333,.666,0,1,1.000,.000,0,12,0.00,0.2,0,0,0,0,0,0,0,1.00,3,2,1,0,0,6,.500,0,0,0,0,1,2.00,.---,18.00,0,-.--,0.00,0.00,13.50,0.00,0.00,0,0,0,0,0
657514,2026-03-31,Colorado Rockies,Toronto Blue Jays,"1.0 IP, 0 ER, K, 0 BB",1,0,0,2,0,0,0,0,0,1,0,0,1,0,.250,4,.250,.250,.500,0,0,.---,.---,0,15,0.00,1.0,0,0,0,0,0,0,0,1.00,4,3,1,0,0,13,.870,0,0,0,0,1,4.00,.---,15.00,0,-.--,9.00,0.00,9.00,0.00,0.00,0,0,0,0,0
657514,2026-04-01,Colorado Rockies,Toronto Blue Jays,"1.0 IP, 0 ER, 0 K, 0 BB",1,0,1,2,1,0,0,0,0,0,0,0,0,0,.182,3,.000,.000,.000,0,0,.---,.---,0,11,0.00,1.0,1,0,0,0,0,0,0,0.67,3,3,1,0,0,8,.730,0,0,0,0,0,3.00,1.000,11.00,0,-.--,0.00,0.00,0.00,0.00,0.00,0,0,0,0,0
657514,2026-04-04,Colorado Rockies,Philadelphia Phillies,"0.2 IP, ER, 0 K, 2 BB",1,1,0,1,1,1,1,0,0,0,2,0,1,0,.214,3,.600,.667,1.267,0,0,.---,.---,0,21,2.45,0.2,0,0,0,0,0,0,1,1.36,5,2,1,0,0,10,.480,0,0,0,0,2,2.33,.---,31.50,0,0.00,0.00,27.00,13.50,13.50,0.00,0,0,0,0,0
657514,2026-04-05,Colorado Rockies,Philadelphia Phillies,"1.0 IP, 0 ER, 2 K, 0 BB",1,0,0,0,1,0,0,0,0,2,0,0,0,0,.176,3,.000,.000,.000,0,0,.---,.---,0,14,1.93,1.0,0,0,0,0,1,0,0,1.07,3,3,1,0,0,10,.710,0,0,0,0,0,1.75,.---,14.00,0,-.--,18.00,0.00,0.00,0.00,0.00,0,0,0,0,0
667755,2026-03-26,Los Angeles Angels,Houston Astros,"6.0 IP, 0 ER, 7 K, 4 BB",1,1,1,8,3,0,1,0,0,7,4,1,2,0,.100,20,.250,.150,.400,0,1,1.000,.000,0,91,0.00,6.0,1,0,0,0,0,0,0,1.00,24,18,1,0,0,60,.660,0,0,0,0,3,2.67,1.000,15.17,0,1.75,10.50,6.00,3.00,0.00,0.00,0,0,0,0,0
667755,2026-03-31,Los Angeles Angels,Chicago Cubs,"6.0 IP, 0 ER, 4 K, 2 BB",1,1,4,8,5,0,0,0,0,4,2,0,2,0,.105,18,.200,.111,.311,0,0,.---,.---,2,90,0.00,6.0,1,0,0,0,0,0,0,0.83,21,18,1,0,0,56,.620,0,0,0,0,2,2.00,1.000,15.00,0,2.00,6.00,3.00,3.00,0.00,0.00,0,0,0,1,0
667755,2026-04-06,Los Angeles Angels,Atlanta Braves,"8.0 IP, ER, 10 K, 0 BB",1,1,4,9,4,1,0,0,1,10,0,0,3,0,.109,26,.115,.231,.346,0,0,.---,.---,1,97,0.45,8.0,1,0,0,0,0,0,1,0.65,26,24,1,0,0,69,.710,0,0,0,0,6,2.08,1.000,12.13,0,-.--,11.25,0.00,3.38,1.13,1.13,0,0,0,0,0
608371,2026-04-01,Chicago White Sox,Miami Marlins,"2.0 IP, 0 ER, K, BB",1,0,1,1,4,0,1,0,0,1,1,0,1,1,.143,7,.333,.286,.619,0,0,.---,.---,0,31,0.00,2.0,0,0,0,0,0,0,0,1.00,9,6,1,0,0,19,.610,1,0,0,0,2,0.25,.---,15.50,0,1.00,4.50,4.50,4.50,0.00,0.00,0,0,0,0,0
608371,2026-04-06,Chicago White Sox,Baltimore Orioles,"2.0 IP, 0 ER, 2 K, 0 BB",1,0,0,2,1,0,0,0,0,2,0,0,1,0,.154,6,.167,.167,.334,1,0,.000,1.000,0,21,0.00,2.0,0,0,0,0,0,0,0,0.75,6,6,1,0,0,15,.710,0,0,0,0,1,0.60,.---,10.50,1,-.--,9.00,0.00,4.50,0.00,0.00,0,0,0,0,0
608372,2026-03-30,Colorado Rockies,Toronto Blue Jays,"4.2 IP, ER, 4 K, 2 BB",1,1,3,6,4,1,0,0,1,4,2,0,2,0,.125,16,.222,.313,.535,0,0,.---,.---,0,72,1.93,4.2,0,0,0,0,0,0,1,0.86,18,14,1,0,0,43,.600,0,0,0,0,5,1.50,.---,15.43,0,2.00,7.71,3.86,3.86,1.93,1.93,0,0,0,0,0
608372,2026-04-05,Colorado Rockies,Philadelphia Phillies,"6.0 IP, ER, 5 K, BB",1,1,4,8,5,1,2,0,1,5,1,0,4,0,.158,22,.217,.409,.626,0,0,.---,.---,0,78,1.69,6.0,1,0,0,0,0,0,1,0.84,23,18,1,0,0,51,.650,0,0,0,0,9,1.56,1.000,13.00,0,5.00,7.50,1.50,6.00,1.50,1.50,0,0,0,0,0
608379,2026-03-28,Kansas City Royals,Atlanta Braves,"6.0 IP, 0 ER, 7 K, BB",1,1,2,4,5,0,0,0,0,7,1,0,3,0,.158,19,.200,.158,.358,0,0,.---,.---,2,80,0.00,6.0,0,0,0,0,0,0,0,0.67,20,18,1,0,0,57,.710,0,0,0,0,3,0.80,.---,13.33,0,7.00,10.50,1.50,4.50,0.00,0.00,0,0,0,0,0
608379,2026-04-06,Kansas City Royals,Cleveland Guardians,"7.0 IP, ER, 3 K, 3 BB",1,1,4,6,10,1,1,0,1,3,3,0,3,1,.146,22,.269,.318,.587,0,0,.---,.---,1,102,0.69,7.0,1,0,0,0,0,0,1,0.77,26,21,1,0,0,62,.610,1,0,0,0,7,0.67,1.000,14.57,0,1.00,3.86,3.86,3.86,1.29,1.29,0,0,0,0,0
673929,2026-03-26,Chicago White Sox,Milwaukee Brewers,"1.0 IP, 0 ER, 0 K, 0 BB",1,0,2,0,3,0,0,0,0,0,0,0,0,0,.000,3,.000,.000,.000,0,0,.---,.---,0,11,0.00,1.0,0,0,0,0,0,0,0,0.00,3,3,1,0,0,7,.640,0,0,0,0,0,0.00,.---,11.00,1,-.--,0.00,0.00,0.00,0.00,0.00,0,0,0,0,0
673929,2026-03-29,Chicago White Sox,Milwaukee Brewers,"1.1 IP, ER, 2 K, 0 BB",1,0,1,1,1,1,1,0,0,2,0,0,2,0,.222,6,.333,.500,.833,0,1,1.000,.000,0,26,3.86,1.1,0,0,0,0,0,0,1,0.86,6,4,1,0,0,19,.730,0,0,0,0,3,0.25,.---,19.50,0,-.--,13.50,0.00,13.50,6.75,0.00,2,0,0,0,0
673929,2026-04-01,Chicago White Sox,Miami Marlins,"1.0 IP, ER, K, 0 BB",1,0,2,0,2,1,0,0,1,1,0,0,1,0,.231,4,.250,1.000,1.250,0,0,.---,.---,0,12,5.40,1.0,0,0,0,0,0,0,1,0.90,4,3,1,0,0,9,.750,0,0,0,0,4,0.17,.---,12.00,1,-.--,9.00,0.00,9.00,9.00,9.00,0,0,0,0,0
673929,2026-04-03,Chicago White Sox,Toronto Blue Jays,"1.0 IP, 2 ER, K, BB",1,0,0,0,1,2,0,0,1,1,1,0,2,0,.294,4,.600,1.250,1.850,0,0,.---,.---,0,17,8.31,1.0,0,0,0,1,0,1,2,1.38,5,3,1,0,0,9,.530,0,0,0,0,5,0.14,.---,17.00,0,1.00,9.00,9.00,18.00,18.00,9.00,0,0,0,0,0
673929,2026-04-05,Chicago White Sox,Toronto Blue Jays,"1.1 IP, 0 ER, K, 0 BB",1,0,2,1,2,0,0,0,0,1,0,0,0,0,.238,4,.000,.000,.000,0,0,.---,.---,0,19,6.35,1.1,0,0,0,0,1,0,0,1.06,4,4,1,0,0,15,.790,0,0,0,0,0,0.22,.---,14.25,0,-.--,6.75,0.00,0.00,0.00,0.00,2,0,0,0,0
663687,2026-03-27,Athletics,Toronto Blue Jays,"1.1 IP, 0 ER, 0 K, BB",1,0,2,2,2,0,0,0,0,0,1,0,0,0,.000,4,.200,.000,.200,0,0,.---,.---,0,17,0.00,1.1,0,0,0,0,0,0,0,0.75,5,4,1,0,0,10,.590,0,0,0,0,0,1.00,.---,12.75,0,0.00,0.00,6.75,0.00,0.00,0.00,1,0,0,0,0
663687,2026-03-28,Athletics,Toronto Blue Jays,"0.2 IP, 0 ER, 0 K, BB",1,0,1,0,2,0,0,0,0,0,1,0,2,0,.250,4,.600,.500,1.100,0,0,.---,.---,0,19,0.00,0.2,0,0,0,0,1,0,0,2.00,5,2,1,0,0,13,.680,0,0,0,0,2,0.50,.---,28.50,0,0.00,0.00,13.50,27.00,0.00,0.00,2,2,0,0,0
663687,2026-03-31,Athletics,Atlanta Braves,"1.0 IP, 0 ER, 0 K, 2 BB",1,0,1,0,3,0,0,0,0,0,2,0,0,0,.182,3,.400,.000,.400,0,0,.---,.---,0,23,0.00,1.0,0,0,0,0,1,0,0,2.00,5,3,1,0,0,13,.570,0,0,0,0,0,0.29,.---,23.00,0,0.00,0.00,18.00,0.00,0.00,0.00,0,0,0,0,0
663687,2026-04-01,Athletics,Atlanta Braves,"2.0 IP, 0 ER, 2 K, 0 BB",1,0,1,3,1,0,0,0,0,2,0,0,0,0,.118,6,.000,.000,.000,0,0,.---,.---,0,19,0.00,2.0,0,0,0,0,0,0,0,1.20,6,6,1,0,0,13,.680,0,0,0,0,0,0.63,.---,9.50,0,-.--,9.00,0.00,0.00,0.00,0.00,0,0,0,0,0
663687,2026-04-04,Athletics,Houston Astros,"1.0 IP, 3 ER, K, 2 BB",1,0,0,2,0,3,2,0,0,1,2,0,4,0,.250,7,.667,.857,1.524,0,0,.---,.---,0,34,4.50,1.0,0,0,0,0,0,0,3,2.00,9,3,1,0,0,18,.530,0,0,0,0,6,0.88,.---,34.00,0,0.50,9.00,18.00,36.00,27.00,0.00,0,0,0,0,0
663687,2026-04-05,Athletics,Houston Astros,"1.1 IP, 0 ER, 2 K, 2 BB",1,0,0,2,0,1,0,0,0,2,2,1,1,0,.241,5,.429,.200,.629,0,0,.---,.---,0,21,3.68,1.1,0,0,0,0,0,0,0,2.05,7,4,1,0,0,13,.620,0,0,0,0,1,1.13,.---,15.75,0,1.00,13.50,13.50,6.75,6.75,0.00,0,0,0,0,0
682120,2026-03-28,Cleveland Guardians,Seattle Mariners,"0.2 IP, 0 ER, 0 K, 0 BB",1,0,0,2,0,0,0,0,0,0,0,0,2,0,.500,4,.500,.500,1.000,0,2,1.000,.000,0,19,0.00,0.2,0,0,0,0,0,0,0,3.00,4,2,1,0,0,11,.580,0,0,0,0,2,2.00,.---,28.50,0,-.--,0.00,0.00,27.00,0.00,0.00,0,0,0,0,0
682120,2026-04-05,Cleveland Guardians,Chicago Cubs,"1.0 IP, 0 ER, 2 K, 0 BB",1,0,0,0,1,0,0,0,0,2,0,0,0,0,.286,3,.000,.000,.000,0,0,.---,.---,0,17,0.00,1.0,0,0,0,0,0,0,0,1.20,3,3,1,0,0,12,.710,0,0,0,0,0,2.00,.---,17.00,0,-.--,18.00,0.00,0.00,0.00,0.00,0,0,0,0,0
682120,2026-04-06,Cleveland Guardians,Kansas City Royals,"0.1 IP, 0 ER, 0 K, 0 BB",1,0,0,1,0,0,0,0,0,0,0,0,0,0,.250,1,.000,.000,.000,0,1,1.000,.000,0,5,0.00,0.1,0,0,0,0,0,0,0,1.00,1,1,1,0,0,4,.800,0,0,0,0,0,3.00,.---,15.00,0,-.--,0.00,0.00,0.00,0.00,0.00,2,0,0,0,0
686218,2026-03-27,Los Angeles Dodgers,Arizona Diamondbacks,"3.1 IP, 4 ER, 6 K, 2 BB",1,1,1,0,3,4,3,0,1,6,2,0,5,0,.357,14,.438,.786,1.224,0,0,.---,.---,0,83,10.80,3.1,0,0,0,0,0,0,4,2.10,16,10,1,0,0,51,.610,0,0,0,0,11,0.00,.---,24.90,0,3.00,16.20,5.40,13.50,10.80,2.70,0,0,0,0,0
686218,2026-04-03,Los Angeles Dodgers,Washington Nationals,"5.2 IP, 4 ER, 2 K, 3 BB",1,1,3,10,5,4,1,0,1,2,3,0,7,0,.316,24,.370,.458,.828,0,0,.---,.---,0,98,8.00,5.2,1,0,0,0,0,0,4,1.89,27,17,1,0,0,61,.620,0,0,2,0,11,1.25,1.000,17.29,0,0.67,3.18,4.76,11.12,6.35,1.59,0,0,0,0,0
675989,2026-03-31,Houston Astros,Boston Red Sox,"3.0 IP, ER, 5 K, BB",1,0,0,2,2,1,0,0,1,5,1,0,3,0,.250,12,.308,.500,.808,0,0,.---,.---,0,50,3.00,3.0,0,0,1,1,0,0,1,1.33,13,9,1,0,0,34,.680,0,0,0,0,6,1.00,.---,16.67,1,5.00,15.00,3.00,9.00,3.00,3.00,0,0,0,0,0
675989,2026-04-06,Houston Astros,Colorado Rockies,"4.1 IP, 2 ER, 5 K, 2 BB",1,1,3,3,4,2,0,0,0,5,2,0,3,0,.231,14,.313,.214,.527,0,0,.---,.---,1,63,3.68,4.1,0,0,0,0,0,0,2,1.23,17,13,1,0,0,35,.560,0,0,0,0,3,0.83,.---,14.54,0,2.50,10.38,4.15,6.23,4.15,0.00,0,0,0,1,0
645261,2026-03-27,Miami Marlins,Colorado Rockies,"7.0 IP, 0 ER, 5 K, 2 BB",1,1,4,7,7,1,0,0,0,5,2,0,4,0,.174,23,.240,.174,.414,1,1,.500,.500,1,73,0.00,7.0,1,0,0,0,0,0,0,0.86,25,21,1,0,0,49,.670,0,0,0,0,4,1.00,1.000,10.43,0,2.50,6.43,2.57,5.14,1.29,0.00,0,0,0,0,0
645261,2026-04-01,Miami Marlins,Chicago White Sox,"9.0 IP, 0 ER, 7 K, 0 BB",1,1,9,10,10,0,0,0,0,7,0,0,3,1,.132,30,.129,.100,.229,0,0,.---,.---,0,93,0.00,9.0,1,0,0,0,0,0,0,0.56,31,27,1,1,1,69,.740,1,0,0,0,3,1.00,1.000,10.33,0,-.--,7.00,0.00,3.00,0.00,0.00,0,0,0,0,0
647315,2026-03-26,Philadelphia Phillies,Texas Rangers,"1.0 IP, 0 ER, 0 K, BB",1,0,1,2,1,0,0,0,0,0,1,0,0,0,.000,3,.250,.000,.250,0,0,.---,.---,0,21,0.00,1.0,0,0,0,0,0,0,0,1.00,4,3,1,0,0,9,.430,0,0,0,0,0,2.00,.---,21.00,0,0.00,0.00,9.00,0.00,0.00,0.00,0,0,0,0,0
647315,2026-03-29,Philadelphia Phillies,Texas Rangers,"1.0 IP, 2 ER, K, BB",1,0,1,1,1,2,1,0,0,1,1,0,1,1,.167,3,.500,.667,1.167,0,0,.---,.---,0,25,9.00,1.0,0,0,0,0,0,0,2,1.50,6,3,1,0,0,14,.560,1,0,0,0,2,1.50,.---,25.00,0,1.00,9.00,9.00,9.00,18.00,0.00,0,0,0,0,1
647315,2026-04-01,Philadelphia Phillies,Washington Nationals,"1.0 IP, 0 ER, K, 0 BB",1,0,1,1,1,0,0,0,0,1,0,0,0,0,.111,3,.000,.000,.000,0,0,.---,.---,0,12,6.00,1.0,0,0,0,0,0,0,0,1.00,3,3,1,0,0,9,.750,0,0,0,0,0,1.33,.---,12.00,0,-.--,9.00,0.00,0.00,0.00,0.00,0,0,0,0,0
647315,2026-04-03,Philadelphia Phillies,Colorado Rockies,"1.0 IP, 0 ER, 3 K, BB",1,0,0,0,0,0,0,0,0,3,1,0,0,0,.083,3,.250,.000,.250,0,0,.---,.---,0,17,4.50,1.0,0,0,0,0,0,0,0,1.00,4,3,1,0,0,10,.590,0,0,0,0,0,1.33,.---,17.00,1,3.00,27.00,9.00,0.00,0.00,0.00,0,0,0,0,0
596133,2026-03-28,New York Mets,Pittsburgh Pirates,"1.0 IP, 0 ER, 0 K, 0 BB",1,0,2,1,2,0,0,0,0,0,0,0,1,0,.250,4,.250,.250,.500,0,0,.---,.---,0,16,0.00,1.0,0,0,0,0,0,0,0,1.00,4,3,1,0,0,8,.500,0,0,0,0,1,0.50,.---,16.00,0,-.--,0.00,0.00,9.00,0.00,0.00,0,0,0,0,0
596133,2026-03-29,New York Mets,Pittsburgh Pirates,"1.0 IP, 0 ER, K, 2 BB",1,0,0,2,0,0,0,0,0,1,2,0,0,0,.167,2,.500,.000,.500,0,0,.---,.---,0,22,0.00,1.0,0,0,0,0,0,0,0,1.50,5,3,1,0,0,12,.550,0,0,0,0,0,1.50,.---,22.00,0,0.50,9.00,18.00,0.00,0.00,0.00,0,0,0,1,0
596133,2026-04-01,New York Mets,St. Louis Cardinals,"1.0 IP, 0 ER, K, 0 BB",1,0,1,0,2,0,0,0,0,1,0,0,0,0,.111,3,.000,.000,.000,0,0,.---,.---,0,11,0.00,1.0,0,0,0,0,0,0,0,1.00,3,3,1,0,0,8,.730,0,0,0,0,0,0.75,.---,11.00,0,-.--,9.00,0.00,0.00,0.00,0.00,0,0,0,0,0
596133,2026-04-05,New York Mets,San Francisco Giants,"1.0 IP, 0 ER, 0 K, 0 BB",1,0,1,1,2,0,0,0,0,0,0,0,0,0,.083,3,.000,.000,.000,0,0,.---,.---,0,12,0.00,1.0,0,0,0,0,1,0,0,0.75,3,3,1,0,0,10,.830,0,0,0,0,0,0.67,.---,12.00,0,-.--,0.00,0.00,0.00,0.00,0.00,0,0,0,0,0
647336,2026-03-30,Arizona Diamondbacks,Detroit Tigers,"5.0 IP, 0 ER, 10 K, BB",1,1,3,2,3,0,2,0,0,10,1,0,4,0,.211,19,.250,.316,.566,0,0,.---,.---,0,89,0.00,5.0,1,0,0,0,0,0,0,1.00,20,15,1,0,0,60,.670,0,0,0,0,6,0.67,1.000,17.80,0,10.00,18.00,1.80,7.20,0.00,0.00,0,0,0,0,0
647336,2026-04-04,Arizona Diamondbacks,Atlanta Braves,"5.0 IP, ER, 3 K, 3 BB",1,1,4,6,5,1,1,0,0,3,3,0,4,1,.216,18,.364,.278,.642,1,0,.000,1.000,0,91,0.90,5.0,1,0,0,0,0,0,1,1.20,22,15,1,0,0,57,.630,1,0,0,0,5,1.00,1.000,18.20,0,1.00,5.40,5.40,7.20,1.80,0.00,0,0,0,0,0
665795,2026-03-30,Chicago Cubs,Los Angeles Angels,"6.0 IP, 0 ER, 5 K, BB",1,1,4,6,6,0,0,0,0,5,1,0,1,0,.056,18,.105,.056,.161,0,0,.---,.---,1,80,0.00,6.0,1,0,0,0,0,0,0,0.33,19,18,1,0,0,49,.610,0,0,0,0,1,1.00,1.000,13.33,0,5.00,7.50,1.50,1.50,0.00,0.00,0,0,0,0,0
665795,2026-04-05,Chicago Cubs,Cleveland Guardians,"5.2 IP, 0 ER, 4 K, 5 BB",1,1,2,7,5,0,1,0,0,4,5,0,1,0,.059,16,.286,.125,.411,1,0,.000,1.000,0,97,0.00,5.2,0,0,0,0,0,0,0,0.69,22,17,1,0,0,51,.530,0,0,0,0,2,1.18,.---,17.12,0,0.80,6.35,7.94,1.59,0.00,0.00,0,0,0,1,0
542888,2026-03-26,Cleveland Guardians,Seattle Mariners,"0.2 IP, ER, 2 K, 0 BB",1,0,0,0,0,1,0,0,1,2,0,0,1,0,.333,3,.333,1.333,1.666,0,0,.---,.---,0,10,13.50,0.2,0,0,0,0,1,0,1,1.50,3,2,1,0,0,7,.700,0,0,0,0,4,-.--,.---,15.00,0,-.--,27.00,0.00,13.50,13.50,13.50,0,0,0,0,0
542888,2026-03-28,Cleveland Guardians,Seattle Mariners,"1.1 IP, 0 ER, K, BB",1,0,0,2,0,0,0,0,0,1,1,0,0,0,.167,3,.250,.000,.250,0,0,.---,.---,1,19,4.50,1.1,0,0,0,0,1,0,0,1.00,4,4,1,0,0,10,.530,0,0,0,0,0,2.00,.---,14.25,0,1.00,6.75,6.75,0.00,0.00,0.00,2,0,0,0,0
542888,2026-03-30,Cleveland Guardians,Los Angeles Dodgers,"0.2 IP, 0 ER, 0 K, 0 BB",1,0,1,0,2,0,0,0,0,0,0,0,2,0,.300,4,.500,.500,1.000,0,0,.---,.---,0,12,3.38,0.2,0,0,0,0,0,0,0,1.50,4,2,1,0,0,8,.670,0,0,0,0,2,1.00,.---,18.00,0,-.--,0.00,0.00,27.00,0.00,0.00,0,0,0,0,0
542888,2026-04-01,Cleveland Guardians,Los Angeles Dodgers,"0.2 IP, 0 ER, K, 0 BB",1,0,1,0,1,0,1,0,0,1,0,0,2,0,.357,4,.500,.750,1.250,0,0,.---,.---,0,19,2.70,0.2,0,0,0,0,0,0,0,1.80,4,2,1,0,0,12,.630,0,0,0,0,3,0.67,.---,28.50,0,-.--,13.50,0.00,27.00,0.00,0.00,0,0,0,0,0
542888,2026-04-03,Cleveland Guardians,Chicago Cubs,"1.0 IP, 0 ER, K, 0 BB",1,0,1,0,2,0,0,0,0,1,0,0,0,0,.294,3,.000,.000,.000,0,0,.---,.---,0,13,2.08,1.0,0,0,0,0,1,0,0,1.38,3,3,1,0,0,8,.620,0,0,0,0,0,0.40,.---,13.00,0,-.--,9.00,0.00,0.00,0.00,0.00,0,0,0,0,0
542888,2026-04-05,Cleveland Guardians,Chicago Cubs,"1.1 IP, ER, 2 K, BB",1,0,2,0,2,1,0,0,1,2,1,0,1,0,.273,5,.333,.800,1.133,0,0,.---,.---,0,29,3.18,1.1,1,0,0,0,0,0,1,1.41,6,4,1,0,0,15,.520,0,0,0,0,4,0.29,1.000,21.75,0,2.00,13.50,6.75,6.75,6.75,6.75,1,0,0,0,0
671922,2026-03-26,Cleveland Guardians,Seattle Mariners,"1.0 IP, 0 ER, K, 0 BB",1,0,1,0,2,0,0,0,0,1,0,0,0,0,.000,3,.000,.000,.000,0,0,.---,.---,0,13,0.00,1.0,0,0,1,1,0,0,0,0.00,3,3,1,0,0,9,.690,0,0,0,0,0,0.00,.---,13.00,1,-.--,9.00,0.00,0.00,0.00,0.00,0,0,0,0,0
671922,2026-03-28,Cleveland Guardians,Seattle Mariners,"1.0 IP, ER, 2 K, BB",1,0,0,0,1,1,1,0,0,2,1,1,2,0,.250,5,.500,.600,1.100,0,0,.---,.---,0,28,4.50,1.0,1,0,0,1,0,1,1,1.50,6,3,1,0,0,16,.570,0,0,1,0,3,0.00,1.000,28.00,0,2.00,18.00,9.00,18.00,9.00,0.00,0,0,0,0,0
671922,2026-03-30,Cleveland Guardians,Los Angeles Dodgers,"1.0 IP, 2 ER, 0 K, 0 BB",1,0,0,3,0,2,1,0,0,0,0,0,2,0,.308,5,.400,.600,1.000,0,0,.---,.---,0,29,9.00,1.0,0,0,0,0,0,0,2,1.67,5,3,1,0,0,19,.660,0,0,2,0,3,1.00,.---,29.00,1,-.--,0.00,0.00,18.00,18.00,0.00,0,0,0,0,0
671922,2026-04-01,Cleveland Guardians,Los Angeles Dodgers,"1.0 IP, ER, 0 K, 0 BB",1,0,3,0,3,1,0,0,1,0,0,0,1,0,.294,4,.250,1.000,1.250,0,0,.---,.---,0,19,9.00,1.0,0,0,0,0,0,0,1,1.50,4,3,1,0,0,13,.680,0,0,0,0,4,0.50,.---,19.00,1,-.--,0.00,0.00,9.00,9.00,9.00,0,0,0,0,0
671922,2026-04-03,Cleveland Guardians,Chicago Cubs,"1.0 IP, 0 ER, 3 K, 0 BB",1,0,0,0,0,0,0,0,0,3,0,0,1,0,.286,4,.250,.250,.500,0,0,.---,.---,0,22,7.20,1.0,0,0,1,1,0,0,0,1.40,4,3,1,0,0,16,.730,0,0,0,0,1,0.50,.---,22.00,1,-.--,27.00,0.00,9.00,0.00,0.00,0,0,0,0,0
671922,2026-04-05,Cleveland Guardians,Chicago Cubs,"1.0 IP, ER, 2 K, 2 BB",1,0,0,0,1,1,0,0,0,2,2,0,1,0,.280,4,.500,.250,.750,0,1,1.000,.000,0,33,7.50,1.0,0,0,1,1,0,0,1,1.67,6,3,1,0,0,20,.610,0,0,0,0,1,0.43,.---,33.00,1,1.00,18.00,18.00,9.00,9.00,0.00,0,0,0,0,0
663738,2026-03-30,Kansas City Royals,Minnesota Twins,"1.0 IP, 0 ER, K, 0 BB",1,0,1,1,1,0,0,0,0,1,0,0,0,0,.000,3,.000,.000,.000,0,0,.---,.---,0,9,0.00,1.0,0,0,0,0,1,0,0,0.00,3,3,1,0,0,8,.890,0,0,0,0,0,1.00,.---,9.00,0,-.--,9.00,0.00,0.00,0.00,0.00,0,0,0,0,0
663738,2026-04-01,Kansas City Royals,Minnesota Twins,"1.0 IP, ER, 2 K, 3 BB",1,0,1,1,1,3,1,0,0,2,3,0,1,0,.125,5,.500,.400,.900,0,0,.---,.---,0,37,4.50,1.0,0,0,0,0,0,0,1,2.00,8,3,1,0,0,19,.510,0,0,0,0,2,1.00,.---,37.00,0,0.67,18.00,27.00,9.00,27.00,0.00,0,0,0,0,0
663738,2026-04-04,Kansas City Royals,Milwaukee Brewers,"2.0 IP, 0 ER, 3 K, 0 BB",1,0,2,1,2,0,0,0,0,3,0,0,1,0,.133,7,.143,.143,.286,0,0,.---,.---,0,27,2.25,2.0,0,0,0,0,0,0,0,1.25,7,6,1,0,0,17,.630,0,0,0,0,1,0.75,.---,13.50,0,-.--,13.50,0.00,4.50,0.00,0.00,2,0,0,0,0
657612,2026-03-27,New York Yankees,San Francisco Giants,"1.0 IP, 0 ER, 2 K, 0 BB",1,0,0,1,0,0,0,0,0,2,0,0,0,0,.000,3,.000,.000,.000,0,0,.---,.---,0,12,0.00,1.0,0,0,0,0,1,0,0,0.00,3,3,1,0,0,9,.750,0,0,0,0,0,1.00,.---,12.00,0,-.--,18.00,0.00,0.00,0.00,0.00,1,0,0,0,0
657612,2026-03-28,New York Yankees,San Francisco Giants,"1.1 IP, 0 ER, K, 0 BB",1,0,0,2,0,0,0,0,0,1,0,0,1,0,.143,4,.250,.250,.500,0,0,.---,.---,1,11,0.00,1.1,0,0,0,0,1,0,0,0.43,4,4,1,0,0,8,.730,0,0,0,0,1,3.00,.---,8.25,0,-.--,6.75,0.00,6.75,0.00,0.00,0,0,0,0,0
657612,2026-03-31,New York Yankees,Seattle Mariners,"1.0 IP, 0 ER, 0 K, 0 BB",1,0,1,2,1,0,0,0,0,0,0,0,0,0,.100,3,.000,.000,.000,0,0,.---,.---,0,7,0.00,1.0,0,0,0,0,0,0,0,0.30,3,3,1,0,0,6,.860,0,0,0,0,0,5.00,.---,7.00,1,-.--,0.00,0.00,0.00,0.00,0.00,0,0,0,0,0
657612,2026-04-03,New York Yankees,Miami Marlins,"0.1 IP, 0 ER, 0 K, 0 BB",1,0,0,1,0,0,0,0,0,0,0,0,0,0,.091,1,.000,.000,.000,0,0,.---,.---,0,2,0.00,0.1,0,0,0,0,1,0,0,0.27,1,1,1,0,0,1,.500,0,0,0,0,0,6.00,.---,6.00,0,-.--,0.00,0.00,0.00,0.00,0.00,2,0,0,0,0
657612,2026-04-04,New York Yankees,Miami Marlins,"1.0 IP, 0 ER, 0 K, 0 BB",1,0,1,2,1,0,0,0,0,0,0,0,0,0,.071,3,.000,.000,.000,0,0,.---,.---,0,14,0.00,1.0,0,0,0,0,0,0,0,0.21,3,3,1,0,0,9,.640,0,0,0,0,0,4.00,.---,14.00,0,-.--,0.00,0.00,0.00,0.00,0.00,1,0,0,0,0
694477,2026-03-28,Milwaukee Brewers,Chicago White Sox,"4.1 IP, ER, 4 K, BB",1,1,3,3,6,1,2,0,1,4,1,0,5,0,.278,18,.316,.556,.872,0,0,.---,.---,0,74,2.08,4.1,0,0,0,0,0,0,1,1.38,19,13,1,0,0,48,.650,0,0,0,0,10,0.50,.---,17.08,0,4.00,8.31,2.08,10.38,2.08,2.08,0,0,0,0,0
694477,2026-04-04,Milwaukee Brewers,Kansas City Royals,"5.0 IP, 0 ER, 3 K, 3 BB",1,1,3,3,7,0,2,0,0,3,3,0,4,0,.257,17,.350,.353,.703,1,0,.000,1.000,1,86,0.96,5.0,1,0,0,0,0,0,0,1.39,20,15,1,0,0,47,.550,0,0,0,0,6,0.46,1.000,17.20,0,1.00,5.40,5.40,7.20,0.00,0.00,0,0,0,0,0
669923,2026-03-27,Seattle Mariners,Cleveland Guardians,"6.0 IP, ER, 6 K, 2 BB",1,1,2,8,3,1,0,0,1,6,2,0,2,1,.105,19,.227,.263,.490,0,0,.---,.---,0,90,1.50,6.0,1,0,0,0,0,0,1,0.67,22,18,1,0,0,57,.630,1,0,0,0,5,2.67,1.000,15.00,0,3.00,9.00,3.00,3.00,1.50,1.50,0,0,0,0,0
669923,2026-04-01,Seattle Mariners,New York Yankees,"6.0 IP, 4 ER, 6 K, 3 BB",1,1,5,5,5,4,1,0,1,6,3,0,5,0,.175,21,.333,.429,.762,1,1,.500,.500,1,89,3.75,6.0,0,1,0,0,0,0,4,1.00,24,18,1,0,0,57,.640,0,0,0,1,9,1.63,.000,14.83,0,2.00,9.00,4.50,7.50,6.00,1.50,0,0,0,0,0
663765,2026-03-26,Milwaukee Brewers,Chicago White Sox,"1.0 IP, ER, 3 K, 0 BB",1,0,0,0,0,1,0,0,1,3,0,0,1,0,.250,4,.250,1.000,1.250,0,0,.---,.---,0,16,9.00,1.0,0,0,0,0,0,0,1,1.00,4,3,1,0,0,12,.750,0,0,0,0,4,-.--,.---,16.00,1,-.--,27.00,0.00,9.00,9.00,9.00,0,0,0,0,0
663765,2026-03-29,Milwaukee Brewers,Chicago White Sox,"2.0 IP, 0 ER, K, 0 BB",1,0,2,2,2,0,0,0,0,1,0,0,1,0,.200,6,.167,.167,.334,0,0,.---,.---,1,22,3.00,2.0,1,0,0,0,0,0,0,0.67,6,6,1,0,0,14,.640,0,0,0,0,1,1.00,1.000,11.00,0,-.--,4.50,0.00,4.50,0.00,0.00,0,0,0,0,0
682227,2026-03-31,Cincinnati Reds,Pittsburgh Pirates,"4.2 IP, 6 ER, 3 K, 2 BB",1,1,4,1,10,6,0,0,3,3,2,0,6,0,.316,19,.364,.789,1.153,0,0,.---,.---,0,94,11.57,4.2,0,1,0,0,0,0,6,1.71,22,14,1,0,0,53,.560,0,0,1,0,15,0.10,.000,20.14,0,1.50,5.79,3.86,11.57,11.57,5.79,0,0,0,0,1
682227,2026-04-06,Cincinnati Reds,Miami Marlins,"6.2 IP, 0 ER, 4 K, BB",1,1,4,8,8,0,0,1,0,4,1,0,3,0,.214,23,.167,.217,.384,0,0,.---,.---,0,93,4.76,6.2,1,0,0,0,0,0,0,1.06,24,20,1,0,0,59,.630,0,0,0,0,5,0.50,1.000,13.95,0,4.00,5.40,1.35,4.05,0.00,0.00,0,0,0,0,0
700669,2026-03-31,St. Louis Cardinals,New York Mets,"1.0 IP, 0 ER, 0 K, 0 BB",1,0,1,0,2,0,0,0,0,0,0,0,0,0,.000,2,.000,.000,.000,0,0,.---,.---,0,3,0.00,1.0,0,0,0,0,1,0,0,0.00,2,3,1,0,0,3,1.000,0,0,0,0,0,0.00,.---,3.00,0,-.--,0.00,0.00,0.00,0.00,0.00,2,0,0,0,0
700669,2026-04-01,St. Louis Cardinals,New York Mets,"0.2 IP, 0 ER, 0 K, 0 BB",1,0,1,1,1,0,0,0,0,0,0,0,0,0,.000,2,.000,.000,.000,0,0,.---,.---,0,6,0.00,0.2,1,0,0,0,0,0,0,0.00,2,2,1,0,0,3,.500,0,0,0,0,0,0.33,1.000,9.00,1,-.--,0.00,0.00,0.00,0.00,0.00,3,0,0,0,0
700669,2026-04-03,St. Louis Cardinals,Detroit Tigers,"1.0 IP, 0 ER, 0 K, 2 BB",1,0,1,1,1,0,0,0,0,0,2,0,0,0,.000,2,.500,.000,.500,0,0,.---,.---,1,16,0.00,1.0,0,0,0,0,0,0,0,0.75,4,3,1,0,0,7,.440,0,0,0,0,0,0.50,.---,16.00,0,0.00,0.00,18.00,0.00,0.00,0.00,0,0,0,0,0
676083,2026-03-31,Miami Marlins,Chicago White Sox,"4.1 IP, 2 ER, 5 K, BB",1,1,3,4,4,2,1,0,0,5,1,0,5,0,.278,18,.316,.333,.649,0,0,.---,.---,0,79,4.15,4.1,0,0,0,0,0,0,2,1.38,19,13,1,0,0,50,.630,0,0,0,0,6,1.00,.---,18.23,0,5.00,10.38,2.08,10.38,4.15,0.00,0,0,0,0,0
676083,2026-04-06,Miami Marlins,Cincinnati Reds,"7.1 IP, 2 ER, 3 K, BB",1,1,4,6,11,2,1,0,1,3,1,0,7,0,.267,27,.286,.407,.693,1,1,.500,.500,1,87,3.09,7.1,0,1,0,0,0,0,2,1.20,28,22,1,0,0,57,.660,0,0,0,0,11,0.67,.000,11.86,0,3.00,3.68,1.23,8.59,2.45,1.23,0,0,0,0,0
805123,2026-03-26,Houston Astros,Los Angeles Angels,"2.1 IP, ER, 3 K, 0 BB",1,0,3,0,4,1,0,0,1,3,0,0,2,0,.222,9,.222,.556,.778,0,0,.---,.---,0,41,3.86,2.1,0,1,0,0,0,0,1,0.86,9,7,1,0,0,27,.660,0,0,0,0,5,0.00,.000,17.57,0,-.--,11.57,0.00,7.71,3.86,3.86,2,0,0,0,0
805123,2026-03-29,Houston Astros,Los Angeles Angels,"2.0 IP, 0 ER, 2 K, 0 BB",1,0,3,1,3,0,0,0,0,2,0,0,0,0,.133,6,.000,.000,.000,0,0,.---,.---,0,23,2.08,2.0,1,0,0,0,0,0,0,0.46,6,6,1,0,0,17,.740,0,0,0,0,0,0.14,1.000,11.50,0,-.--,9.00,0.00,0.00,0.00,0.00,0,0,0,0,0
805123,2026-04-01,Houston Astros,Boston Red Sox,"1.0 IP, 0 ER, K, 0 BB",1,0,1,1,1,0,0,0,0,1,0,0,0,0,.111,3,.000,.000,.000,0,0,.---,.---,0,14,1.69,1.0,0,0,0,0,1,0,0,0.38,3,3,1,0,0,10,.710,0,0,0,0,0,0.25,.---,14.00,0,-.--,9.00,0.00,0.00,0.00,0.00,0,0,0,0,0
805123,2026-04-05,Houston Astros,Athletics,"2.0 IP, 4 ER, K, 2 BB",1,0,3,1,4,4,2,0,1,1,2,0,5,0,.250,10,.538,1.000,1.538,0,0,.---,.---,0,44,6.14,2.0,0,0,0,0,0,0,4,1.23,13,6,1,0,0,26,.590,0,0,0,0,10,0.25,.---,22.00,0,0.50,4.50,9.00,22.50,18.00,4.50,1,1,0,0,1
676106,2026-03-29,Seattle Mariners,Cleveland Guardians,"6.0 IP, 0 ER, 9 K, BB",1,1,0,6,2,0,0,0,0,9,1,0,0,1,.000,17,.105,.000,.105,0,0,.---,.---,1,97,0.00,6.0,1,0,0,0,0,0,0,0.17,19,18,1,0,0,62,.640,1,0,0,0,0,3.00,1.000,16.17,0,9.00,13.50,1.50,0.00,0.00,0.00,0,0,0,0,0
676106,2026-04-04,Seattle Mariners,Los Angeles Angels,"6.2 IP, ER, 5 K, 0 BB",1,1,5,5,8,1,1,0,1,5,0,0,6,0,.146,24,.250,.417,.667,0,0,.---,.---,1,82,0.71,6.2,0,1,0,0,0,0,1,0.55,24,20,1,0,0,58,.710,0,0,0,0,10,1.10,.000,12.30,0,-.--,6.75,0.00,8.10,1.35,1.35,0,0,0,0,0
682254,2026-03-26,Pittsburgh Pirates,New York Mets,"1.1 IP, 2 ER, 2 K, 3 BB",1,0,1,0,2,2,0,0,0,2,3,0,1,0,.200,5,.500,.200,.700,0,0,.---,.---,0,42,13.50,1.1,0,0,0,0,0,0,2,3.00,8,4,1,0,0,23,.550,0,0,0,0,1,0.00,.---,31.50,0,0.67,13.50,20.25,6.75,13.50,0.00,0,0,0,0,0
682254,2026-03-29,Pittsburgh Pirates,New York Mets,"1.0 IP, 0 ER, 3 K, 0 BB",1,0,0,0,0,0,0,0,0,3,0,0,2,0,.300,5,.400,.400,.800,0,0,.---,.---,0,20,7.71,1.0,0,0,0,0,0,0,0,2.57,5,3,1,0,0,16,.800,0,0,1,0,2,0.00,.---,20.00,0,-.--,27.00,0.00,18.00,0.00,0.00,0,0,0,0,0
682254,2026-04-01,Pittsburgh Pirates,Cincinnati Reds,"0.2 IP, 2 ER, K, BB",1,0,1,0,1,2,0,0,1,1,1,0,1,0,.308,3,.500,1.333,1.833,0,0,.---,.---,0,15,12.00,0.2,0,0,0,0,1,0,2,2.67,4,2,1,0,0,8,.530,0,0,0,0,4,0.00,.---,22.50,0,1.00,13.50,13.50,13.50,27.00,13.50,0,0,0,0,0
682254,2026-04-03,Pittsburgh Pirates,Baltimore Orioles,"0.2 IP, 0 ER, K, 0 BB",1,0,0,1,0,0,0,0,0,1,0,0,0,0,.267,2,.000,.000,.000,0,0,.---,.---,0,9,9.82,0.2,0,0,0,0,1,0,0,2.18,2,2,1,0,0,8,.890,0,0,0,0,0,0.33,.---,13.50,0,-.--,13.50,0.00,0.00,0.00,0.00,2,0,0,0,0
682254,2026-04-05,Pittsburgh Pirates,Baltimore Orioles,"1.0 IP, ER, 3 K, 0 BB",1,0,0,0,0,1,0,0,0,3,0,0,3,0,.333,6,.500,.500,1.000,0,0,.---,.---,0,25,9.64,1.0,0,0,0,0,0,0,1,2.36,6,3,1,0,0,18,.720,0,0,0,0,3,0.33,.---,25.00,0,-.--,27.00,0.00,27.00,9.00,0.00,0,0,0,0,0
641312,2026-03-30,Los Angeles Angels,Chicago Cubs,"3.0 IP, ER, K, 2 BB",1,0,0,5,2,1,0,0,0,1,2,0,1,0,.111,9,.273,.111,.384,0,1,1.000,.000,1,40,3.00,3.0,0,0,0,0,0,0,1,1.00,11,9,1,0,0,22,.550,0,0,0,0,1,2.50,.---,13.33,1,0.50,3.00,6.00,3.00,3.00,0.00,0,0,0,0,0
641312,2026-04-05,Los Angeles Angels,Seattle Mariners,"2.0 IP, 0 ER, K, BB",1,0,1,1,3,1,0,0,0,1,1,0,1,1,.133,6,.375,.167,.542,0,0,.---,.---,1,27,1.80,2.0,1,0,0,0,0,0,0,1.00,8,6,1,0,0,15,.560,1,0,0,0,1,1.20,1.000,13.50,1,1.00,4.50,4.50,4.50,4.50,0.00,0,0,0,0,0
641302,2026-03-26,Texas Rangers,Philadelphia Phillies,"1.0 IP, 0 ER, 0 K, 0 BB",1,0,2,1,2,0,0,0,0,0,0,0,0,0,.000,3,.000,.000,.000,0,0,.---,.---,0,9,0.00,1.0,0,0,0,0,0,0,0,0.00,3,3,1,0,0,6,.670,0,0,0,0,0,0.50,.---,9.00,0,-.--,0.00,0.00,0.00,0.00,0.00,0,0,0,0,0
641302,2026-03-28,Texas Rangers,Philadelphia Phillies,"1.0 IP, 0 ER, K, 0 BB",1,0,0,0,2,1,0,0,0,1,0,0,1,1,.143,4,.400,.250,.650,0,0,.---,.---,0,21,0.00,1.0,0,0,1,1,0,0,0,0.50,5,3,1,0,0,11,.520,1,0,0,0,1,0.25,.---,21.00,1,-.--,9.00,0.00,9.00,9.00,0.00,0,0,0,0,0
641302,2026-03-30,Texas Rangers,Baltimore Orioles,"1.0 IP, 0 ER, 2 K, 0 BB",1,0,1,0,1,0,0,0,0,2,0,0,0,0,.100,3,.000,.000,.000,0,0,.---,.---,0,10,0.00,1.0,0,0,1,1,0,0,0,0.33,3,3,1,0,0,7,.700,0,0,0,0,0,0.20,.---,10.00,1,-.--,18.00,0.00,0.00,0.00,0.00,0,0,0,0,0
641302,2026-04-01,Texas Rangers,Baltimore Orioles,"1.0 IP, ER, 0 K, 2 BB",1,0,2,1,2,1,0,0,0,0,2,0,2,0,.231,3,.667,.667,1.334,0,0,.---,.---,0,25,2.25,1.0,0,0,0,0,0,0,1,1.25,7,3,1,0,0,14,.560,0,0,0,0,2,0.29,.---,25.00,0,0.00,0.00,18.00,18.00,9.00,0.00,1,1,0,1,1
641302,2026-04-04,Texas Rangers,Cincinnati Reds,"1.0 IP, 0 ER, K, 0 BB",1,0,0,2,0,0,1,0,0,1,0,0,1,0,.235,4,.250,.500,.750,0,0,.---,.---,0,13,1.80,1.0,0,0,0,0,0,0,0,1.20,4,3,1,0,0,9,.690,0,0,0,0,2,0.57,.---,13.00,1,-.--,9.00,0.00,9.00,0.00,0.00,0,0,0,0,0
641302,2026-04-06,Texas Rangers,Seattle Mariners,"0.2 IP, 0 ER, K, 0 BB",1,0,0,1,0,0,0,0,0,1,0,0,1,0,.250,3,.333,.333,.666,0,0,.---,.---,0,17,1.59,0.2,0,0,0,0,1,0,0,1.24,3,2,1,0,0,9,.530,0,0,0,0,1,0.71,.---,25.50,0,-.--,13.50,0.00,13.50,0.00,0.00,0,0,0,0,0
813349,2026-03-29,Boston Red Sox,Cincinnati Reds,"5.1 IP, ER, 6 K, 2 BB",1,1,3,4,4,1,0,0,0,6,2,0,5,0,.263,19,.333,.263,.596,0,0,.---,.---,2,96,1.69,5.1,0,0,0,0,0,0,1,1.31,21,16,1,0,0,61,.640,0,0,2,0,5,1.00,.---,18.00,0,3.00,10.13,3.38,8.44,1.69,0.00,0,0,0,0,0
813349,2026-04-04,Boston Red Sox,San Diego Padres,"4.0 IP, 2 ER, 4 K, 4 BB",1,1,2,4,4,2,2,0,0,4,4,0,3,0,.235,15,.368,.333,.701,0,0,.---,.---,0,88,2.89,4.0,0,0,0,0,0,0,2,1.50,19,12,1,0,0,53,.600,0,0,0,0,5,1.00,.---,22.00,0,1.00,9.00,9.00,6.75,4.50,0.00,0,0,0,0,0
663855,2026-03-26,Chicago White Sox,Milwaukee Brewers,"0.2 IP, 3 ER, 0 K, 4 BB",1,0,0,0,1,3,0,0,0,0,4,0,2,0,.667,3,.857,.667,1.524,1,0,.000,1.000,0,34,40.50,0.2,0,0,0,0,0,0,3,9.00,7,2,1,0,0,17,.500,0,0,0,0,2,0.00,.---,51.00,0,0.00,0.00,54.00,27.00,40.50,0.00,0,0,0,0,0
663855,2026-03-29,Chicago White Sox,Milwaukee Brewers,"0.1 IP, 0 ER, K, 0 BB",1,0,0,0,0,0,0,0,0,1,0,0,0,0,.500,1,.000,.000,.000,0,0,.---,.---,0,3,27.00,0.1,0,0,0,0,0,0,0,6.00,1,1,1,0,0,3,1.000,0,0,0,0,0,0.00,.---,9.00,1,-.--,27.00,0.00,0.00,0.00,0.00,1,0,0,0,0
663855,2026-03-30,Chicago White Sox,Miami Marlins,"1.1 IP, 0 ER, K, BB",1,0,1,1,2,0,0,0,0,1,1,0,0,0,.250,4,.200,.000,.200,0,0,.---,.---,0,13,11.57,1.1,0,0,1,1,0,0,0,3.00,5,4,1,0,0,7,.540,0,0,0,0,0,0.33,.---,9.75,1,1.00,6.75,6.75,0.00,0.00,0.00,3,0,0,0,0
663855,2026-04-04,Chicago White Sox,Toronto Blue Jays,"1.1 IP, 0 ER, 0 K, BB",1,0,2,1,2,0,0,0,0,0,1,0,0,0,.200,2,.250,.000,.250,0,0,.---,.---,0,19,7.36,1.1,0,0,0,0,1,0,0,2.18,4,4,1,0,0,12,.630,0,0,0,0,0,0.40,.---,14.25,0,0.00,0.00,6.75,0.00,0.00,0.00,2,1,0,0,1
643377,2026-03-26,Tampa Bay Rays,St. Louis Cardinals,"0.2 IP, ER, 0 K, 0 BB",1,0,2,0,2,1,0,0,1,0,0,0,1,0,.500,2,.333,2.000,2.333,0,1,1.000,.000,0,14,13.50,0.2,0,0,0,1,0,1,1,1.50,3,2,1,0,0,11,.790,0,0,0,0,4,0.00,.---,21.00,0,-.--,0.00,0.00,13.50,13.50,13.50,2,2,0,0,1
643377,2026-03-28,Tampa Bay Rays,St. Louis Cardinals,"0.1 IP, ER, 0 K, BB",1,0,0,1,0,2,0,0,0,0,1,0,1,0,.667,1,1.000,1.000,2.000,0,0,.---,.---,0,9,18.00,0.1,0,1,0,1,0,1,1,3.00,3,1,1,0,0,3,.330,0,0,0,0,1,0.50,.000,27.00,1,0.00,0.00,27.00,27.00,54.00,0.00,0,0,0,1,0
643377,2026-03-30,Tampa Bay Rays,Milwaukee Brewers,"1.0 IP, 0 ER, K, 0 BB",1,0,0,2,0,0,0,0,0,1,0,0,0,0,.333,3,.000,.000,.000,0,0,.---,.---,0,15,9.00,1.0,0,0,0,0,0,0,0,1.50,3,3,1,0,0,9,.600,0,0,0,0,0,1.50,.---,15.00,0,-.--,9.00,0.00,0.00,0.00,0.00,0,0,0,0,0
643377,2026-04-01,Tampa Bay Rays,Milwaukee Brewers,"0.0 IP, 3 ER, 0 K, BB",1,0,0,1,0,5,0,0,0,0,1,0,3,0,.556,3,1.000,1.000,2.000,0,0,.---,.---,0,20,22.50,0.0,0,1,0,0,0,0,3,3.50,5,0,1,0,0,12,.600,0,0,0,0,3,2.00,.000,-.--,0,0.00,-.--,-.--,-.--,-.--,-.--,0,0,0,1,0
643377,2026-04-05,Tampa Bay Rays,Minnesota Twins,"2.0 IP, 0 ER, 0 K, BB",1,0,1,3,2,0,0,0,0,0,1,0,2,0,.438,7,.375,.286,.661,1,0,.000,1.000,0,30,11.25,2.0,0,0,0,0,0,0,0,2.50,8,6,1,0,0,16,.530,0,0,0,0,2,1.75,.---,15.00,0,0.00,0.00,4.50,9.00,0.00,0.00,0,0,0,0,0
641329,2026-03-28,Tampa Bay Rays,St. Louis Cardinals,"1.0 IP, 0 ER, 2 K, 0 BB",1,0,0,1,0,0,0,0,0,2,0,0,0,0,.000,3,.000,.000,.000,0,0,.---,.---,0,13,0.00,1.0,0,0,0,0,0,0,0,0.00,3,3,1,0,0,9,.690,0,0,0,0,0,1.00,.---,13.00,0,-.--,18.00,0.00,0.00,0.00,0.00,0,0,0,0,0
641329,2026-03-29,Tampa Bay Rays,St. Louis Cardinals,"1.0 IP, 0 ER, 0 K, 0 BB",1,0,0,2,1,0,0,0,0,0,0,0,0,0,.000,3,.000,.000,.000,0,0,.---,.---,0,10,0.00,1.0,0,0,0,0,0,0,0,0.00,3,3,1,0,0,8,.800,0,0,0,0,0,3.00,.---,10.00,1,-.--,0.00,0.00,0.00,0.00,0.00,0,0,0,0,0
641329,2026-04-05,Tampa Bay Rays,Minnesota Twins,"1.0 IP, 0 ER, 2 K, 0 BB",1,0,0,1,0,0,0,0,0,2,0,0,0,0,.000,3,.000,.000,.000,0,0,.---,.---,0,14,0.00,1.0,1,0,0,0,0,0,0,0.00,3,3,1,0,0,8,.570,0,0,0,0,0,4.00,1.000,14.00,0,-.--,18.00,0.00,0.00,0.00,0.00,0,0,0,0,0
641329,2026-04-06,Tampa Bay Rays,Chicago Cubs,"1.0 IP, ER, 2 K, 0 BB",1,0,0,1,0,1,0,0,1,2,0,0,1,0,.077,4,.250,1.000,1.250,0,0,.---,.---,0,14,2.25,1.0,0,0,1,1,0,0,1,0.25,4,3,1,0,0,10,.710,0,0,0,0,4,5.00,.---,14.00,1,-.--,18.00,0.00,9.00,9.00,9.00,0,0,0,0,0
608566,2026-03-31,San Diego Padres,San Francisco Giants,"3.0 IP, 4 ER, K, BB",1,1,2,2,6,4,1,0,2,1,1,0,8,0,.471,17,.500,.882,1.382,0,0,.---,.---,0,65,12.00,3.0,0,1,0,0,0,0,4,3.00,18,9,1,0,0,41,.630,0,0,0,0,15,0.33,.000,21.67,0,1.00,3.00,3.00,24.00,12.00,6.00,0,0,0,0,0
608566,2026-04-06,San Diego Padres,Pittsburgh Pirates,"5.0 IP, 0 ER, 4 K, BB",1,1,4,3,7,0,0,0,0,4,1,0,6,0,.378,20,.333,.300,.633,0,1,1.000,.000,0,92,4.50,5.0,1,0,0,0,0,0,0,2.00,21,15,1,0,0,56,.610,0,0,1,0,6,0.38,1.000,18.40,0,4.00,7.20,1.80,10.80,0.00,0.00,0,0,0,0,0
543056,2026-03-28,Boston Red Sox,Cincinnati Reds,"0.2 IP, 0 ER, K, BB",1,0,1,0,1,0,0,0,0,1,1,0,1,0,.333,3,.500,.333,.833,0,0,.---,.---,0,14,0.00,0.2,0,0,0,0,0,0,0,3.00,4,2,1,0,0,8,.570,0,0,0,0,1,0.00,.---,21.00,0,1.00,13.50,13.50,13.50,0.00,0.00,0,0,0,0,0
543056,2026-04-01,Boston Red Sox,Houston Astros,"1.0 IP, ER, 0 K, 0 BB",1,0,1,1,2,1,0,0,1,0,0,0,1,0,.286,4,.250,1.000,1.250,0,0,.---,.---,0,16,5.40,1.0,0,0,0,0,0,0,1,1.80,4,3,1,0,0,11,.690,0,0,0,0,4,0.33,.---,16.00,0,-.--,0.00,0.00,9.00,9.00,9.00,0,0,0,0,0
543056,2026-04-04,Boston Red Sox,San Diego Padres,"0.2 IP, 0 ER, K, 0 BB",1,0,0,1,0,0,0,0,0,1,0,0,0,0,.222,2,.000,.000,.000,0,0,.---,.---,0,8,3.86,0.2,0,0,0,0,0,0,0,1.29,2,2,1,0,0,6,.750,0,0,0,0,0,0.67,.---,12.00,0,-.--,13.50,0.00,0.00,0.00,0.00,0,0,0,0,0
543056,2026-04-05,Boston Red Sox,San Diego Padres,"0.1 IP, 0 ER, 0 K, 0 BB",1,0,0,0,1,0,0,0,0,0,0,0,0,0,.200,1,.000,.000,.000,0,0,.---,.---,0,2,3.38,0.1,0,0,0,0,0,0,0,1.13,1,1,1,0,0,2,1.000,0,0,0,0,0,0.50,.---,6.00,0,-.--,0.00,0.00,0.00,0.00,0.00,2,0,0,0,0
543056,2026-04-06,Boston Red Sox,Milwaukee Brewers,"0.2 IP, 0 ER, 0 K, BB",1,0,0,1,0,0,0,0,0,0,1,0,2,0,.308,3,.750,.667,1.417,0,0,.---,.---,1,23,2.70,0.2,0,0,0,0,0,0,0,1.80,4,2,1,0,0,13,.570,0,0,0,0,2,0.75,.---,34.50,0,0.00,0.00,13.50,27.00,0.00,0.00,3,3,0,0,0
643410,2026-03-28,Athletics,Toronto Blue Jays,"0.2 IP, ER, 0 K, 0 BB",1,0,0,2,0,1,0,0,0,0,0,0,2,1,.500,4,.600,.500,1.100,0,0,.---,.---,0,17,13.50,0.2,0,0,0,0,0,0,1,3.00,5,2,1,0,0,11,.650,1,0,0,0,2,2.00,.---,25.50,0,-.--,0.00,0.00,27.00,13.50,0.00,1,1,0,0,0
643410,2026-03-30,Athletics,Atlanta Braves,"1.0 IP, 0 ER, 0 K, 0 BB",1,0,0,1,1,0,0,0,0,0,0,0,1,0,.429,3,.333,.333,.666,0,0,.---,.---,0,8,5.40,1.0,0,0,0,0,0,0,0,1.80,3,3,1,0,0,8,1.000,0,0,0,1,1,3.00,.---,8.00,0,-.--,0.00,0.00,9.00,0.00,0.00,0,0,0,0,0
643410,2026-03-31,Athletics,Atlanta Braves,"1.0 IP, 0 ER, K, 0 BB",1,0,1,0,2,0,0,0,0,1,0,0,2,0,.417,5,.400,.400,.800,0,0,.---,.---,0,13,3.38,1.0,0,0,1,1,0,0,0,1.88,5,3,1,0,0,9,.690,0,0,0,0,2,1.00,.---,13.00,1,-.--,9.00,0.00,18.00,0.00,0.00,0,0,0,0,0
643410,2026-04-05,Athletics,Houston Astros,"1.0 IP, 0 ER, 0 K, BB",1,0,0,1,2,0,0,0,0,0,1,0,1,0,.375,4,.400,.250,.650,0,0,.---,.---,0,26,2.45,1.0,0,0,0,1,0,1,0,1.91,5,3,1,0,0,13,.500,0,0,0,0,1,0.80,.---,26.00,0,0.00,0.00,9.00,9.00,0.00,0.00,2,2,0,0,0
657746,2026-03-26,Minnesota Twins,Baltimore Orioles,"5.1 IP, 0 ER, 7 K, 2 BB",1,1,5,2,7,0,0,0,0,7,2,0,1,0,.059,17,.158,.059,.217,0,1,1.000,.000,0,85,0.00,5.1,0,0,0,0,0,0,0,0.56,19,16,1,0,0,58,.680,0,0,0,0,1,0.29,.---,15.94,0,3.50,11.81,3.38,1.69,0.00,0.00,0,0,0,0,0
657746,2026-04-01,Minnesota Twins,Kansas City Royals,"4.0 IP, 5 ER, 3 K, 0 BB",1,1,4,1,6,5,3,0,0,3,0,0,9,1,.286,18,.500,.667,1.167,0,2,1.000,.000,1,77,4.82,4.0,0,1,0,0,0,0,5,1.29,20,12,1,0,0,49,.640,1,0,1,0,12,0.23,.000,19.25,0,-.--,6.75,0.00,20.25,11.25,0.00,0,0,0,0,1
657746,2026-04-06,Minnesota Twins,Detroit Tigers,"5.0 IP, 2 ER, 7 K, 3 BB",1,1,3,3,6,3,2,0,0,7,3,0,3,0,.241,19,.273,.263,.536,0,1,1.000,.000,0,101,4.40,5.0,1,0,0,0,0,0,2,1.26,22,15,1,0,0,61,.600,0,0,0,0,5,0.32,1.000,20.20,0,2.33,12.60,5.40,5.40,5.40,0.00,0,0,0,0,0
670036,2026-03-28,Cleveland Guardians,Seattle Mariners,"1.2 IP, 0 ER, K, 0 BB",1,0,1,2,2,0,0,0,0,1,0,0,0,0,.000,5,.000,.000,.000,0,0,.---,.---,0,14,0.00,1.2,0,0,0,0,0,0,0,0.00,5,5,1,0,0,11,.790,0,0,0,0,0,1.00,.---,8.40,0,-.--,5.40,0.00,0.00,0.00,0.00,2,0,0,0,0
670036,2026-03-31,Cleveland Guardians,Los Angeles Dodgers,"1.1 IP, 2 ER, 2 K, 0 BB",1,0,0,0,2,2,0,0,0,2,0,0,4,0,.308,8,.500,.500,1.000,0,0,.---,.---,0,29,6.00,1.1,0,0,0,0,0,0,2,1.33,8,4,1,0,0,18,.620,0,0,0,0,4,0.50,.---,21.75,1,-.--,13.50,0.00,27.00,13.50,0.00,1,0,0,0,0
670036,2026-04-03,Cleveland Guardians,Chicago Cubs,"0.2 IP, 0 ER, 0 K, 0 BB",1,0,0,0,2,0,0,0,0,0,0,0,0,0,.267,2,.000,.000,.000,0,0,.---,.---,0,4,4.91,0.2,0,0,0,0,0,0,0,1.09,2,2,1,0,0,2,.500,0,0,0,0,0,0.33,.---,6.00,0,-.--,0.00,0.00,0.00,0.00,0.00,2,0,0,0,0
670036,2026-04-05,Cleveland Guardians,Chicago Cubs,"1.0 IP, 2 ER, K, 0 BB",1,0,1,0,2,2,0,0,1,1,0,0,2,0,.300,5,.400,1.000,1.400,0,0,.---,.---,0,13,7.71,1.0,0,0,0,0,0,0,2,1.29,5,3,1,0,0,11,.850,0,0,0,0,5,0.25,.---,13.00,0,-.--,9.00,0.00,18.00,18.00,9.00,0,0,0,0,0
663903,2026-03-28,Cincinnati Reds,Boston Red Sox,"4.0 IP, 3 ER, 5 K, 2 BB",1,1,1,4,3,3,1,0,1,5,2,0,5,1,.294,17,.400,.529,.929,0,1,1.000,.000,0,74,6.75,4.0,0,0,0,0,0,0,3,1.75,20,12,1,0,0,40,.540,1,0,1,0,9,1.33,.---,18.50,0,2.50,11.25,4.50,11.25,6.75,2.25,0,0,0,0,0
663903,2026-04-03,Cincinnati Reds,Texas Rangers,"5.0 IP, 2 ER, 5 K, BB",1,1,1,6,4,2,3,1,0,5,1,0,6,0,.289,21,.318,.524,.842,0,0,.---,.---,0,87,5.00,5.0,0,0,0,0,0,0,2,1.56,22,15,1,0,0,58,.670,0,0,0,0,11,1.43,.---,17.40,0,5.00,9.00,1.80,10.80,3.60,0.00,0,0,0,0,0
657756,2026-03-28,Detroit Tigers,San Diego Padres,"2.1 IP, 0 ER, 3 K, 0 BB",1,0,2,1,3,0,0,0,0,3,0,0,1,0,.125,8,.125,.125,.250,0,1,1.000,.000,0,50,0.00,2.1,0,0,0,0,0,0,0,0.43,8,7,1,0,0,36,.720,0,0,0,0,1,0.33,.---,21.43,0,-.--,11.57,0.00,3.86,0.00,0.00,2,0,0,0,0
657756,2026-04-05,Detroit Tigers,St. Louis Cardinals,"2.0 IP, 0 ER, K, 2 BB",1,0,2,2,2,0,0,0,0,1,2,0,1,0,.154,5,.375,.200,.575,1,0,.000,1.000,0,31,0.00,2.0,0,0,0,0,0,0,0,0.92,8,6,1,0,0,16,.520,0,0,0,0,1,0.60,.---,15.50,1,0.50,4.50,9.00,4.50,0.00,0.00,1,1,0,0,1
547179,2026-03-28,Colorado Rockies,Miami Marlins,"4.1 IP, 3 ER, 4 K, 0 BB",1,1,2,6,3,3,1,0,1,4,0,0,7,2,.368,19,.409,.579,.988,0,1,1.000,.000,0,93,6.23,4.1,0,0,0,0,0,0,3,1.62,22,13,1,0,0,58,.620,2,0,0,0,11,2.00,.---,21.46,0,-.--,8.31,0.00,14.54,6.23,2.08,0,0,0,0,1
547179,2026-04-03,Colorado Rockies,Philadelphia Phillies,"3.0 IP, 9 ER, 2 K, 2 BB",1,1,1,6,1,9,4,0,2,2,2,0,12,0,.475,21,.609,1.048,1.657,0,0,.---,.---,0,77,14.73,3.0,0,1,0,0,0,0,9,2.86,23,9,1,0,0,50,.650,0,0,0,0,22,3.00,.000,25.67,0,1.00,6.00,6.00,36.00,27.00,6.00,0,0,0,0,0
547184,2026-03-28,Athletics,Toronto Blue Jays,"1.1 IP, ER, K, 0 BB",1,0,0,0,3,1,0,0,1,1,0,0,2,0,.333,6,.333,.833,1.166,0,0,.---,.---,0,15,6.75,1.1,0,0,0,1,0,1,1,1.50,6,4,1,0,0,12,.800,0,0,0,0,5,0.00,.---,11.25,0,-.--,6.75,0.00,13.50,6.75,6.75,3,0,0,0,0
547184,2026-03-30,Athletics,Atlanta Braves,"1.0 IP, ER, K, 0 BB",1,0,0,1,0,1,0,1,0,1,0,0,2,0,.400,4,.500,1.000,1.500,1,0,.000,1.000,0,15,7.71,1.0,0,0,0,0,0,0,1,1.71,4,3,1,0,0,9,.600,0,0,0,0,4,0.33,.---,15.00,1,-.--,9.00,0.00,18.00,9.00,0.00,0,0,0,0,0
547184,2026-04-03,Athletics,Houston Astros,"1.0 IP, ER, 2 K, 3 BB",1,0,0,1,0,1,0,0,0,2,3,0,1,0,.357,4,.571,.250,.821,0,0,.---,.---,0,32,8.10,1.0,0,0,0,0,0,0,1,2.40,7,3,1,0,0,19,.590,0,0,0,0,1,0.67,.---,32.00,0,0.67,18.00,27.00,9.00,9.00,0.00,0,0,0,0,0
547184,2026-04-04,Athletics,Houston Astros,"1.0 IP, 0 ER, 0 K, BB",1,0,0,0,3,0,0,0,0,0,1,0,1,0,.333,4,.400,.250,.650,0,0,.---,.---,0,17,6.23,1.0,0,0,0,0,0,0,0,2.31,5,3,1,0,0,11,.650,0,0,0,0,1,0.33,.---,17.00,1,0.00,0.00,9.00,9.00,0.00,0.00,0,0,0,0,0
688497,2026-04-05,Arizona Diamondbacks,Atlanta Braves,"1.0 IP, 0 ER, 0 K, 0 BB",1,0,1,2,1,0,0,0,0,0,0,0,0,0,.000,3,.000,.000,.000,0,0,.---,.---,0,9,0.00,1.0,1,0,0,0,0,0,0,0.00,3,3,1,0,0,6,.670,0,0,0,0,0,2.00,1.000,9.00,1,-.--,0.00,0.00,0.00,0.00,0.00,0,0,0,0,0
641401,2026-03-26,Cleveland Guardians,Seattle Mariners,"1.0 IP, 0 ER, K, 0 BB",1,0,1,1,1,0,1,0,0,1,0,0,1,0,.250,4,.250,.500,.750,0,0,.---,.---,0,16,0.00,1.0,1,0,0,0,0,0,0,1.00,4,3,1,0,0,11,.690,0,0,0,0,2,1.00,1.000,16.00,0,-.--,9.00,0.00,9.00,0.00,0.00,0,0,0,0,0
641401,2026-03-28,Cleveland Guardians,Seattle Mariners,"1.0 IP, ER, 2 K, 0 BB",1,0,1,0,1,2,0,0,1,2,0,0,1,0,.250,4,.250,1.000,1.250,0,0,.---,.---,0,17,4.50,1.0,0,0,1,1,0,0,1,1.00,4,3,1,0,0,11,.650,0,0,0,0,4,0.50,.---,17.00,1,-.--,18.00,0.00,9.00,18.00,9.00,0,0,0,0,0
641401,2026-04-03,Cleveland Guardians,Chicago Cubs,"1.0 IP, 0 ER, 0 K, 0 BB",1,0,2,0,3,0,0,0,0,0,0,0,0,0,.182,3,.000,.000,.000,0,0,.---,.---,0,13,3.00,1.0,1,0,0,0,0,0,0,0.67,3,3,1,0,0,10,.770,0,0,0,0,0,0.20,1.000,13.00,0,-.--,0.00,0.00,0.00,0.00,0.00,0,0,0,0,0
641401,2026-04-05,Cleveland Guardians,Chicago Cubs,"1.0 IP, ER, 0 K, BB",1,0,1,2,1,1,0,0,0,0,1,0,1,0,.214,3,.500,.333,.833,0,0,.---,.---,0,19,4.50,1.0,0,1,0,0,0,0,1,1.00,5,3,1,0,0,11,.580,0,0,0,0,1,0.50,.000,19.00,0,0.00,0.00,9.00,9.00,9.00,0.00,0,0,0,1,0
663947,2026-03-26,Detroit Tigers,San Diego Padres,"0.2 IP, 0 ER, 0 K, BB",1,0,1,1,1,0,0,0,0,0,1,0,0,0,.000,2,.333,.000,.333,0,0,.---,.---,0,11,0.00,0.2,0,0,0,0,0,0,0,1.50,3,2,1,0,0,5,.450,0,0,0,0,0,1.00,.---,16.50,0,0.00,0.00,13.50,0.00,0.00,0.00,2,0,0,0,0
663947,2026-03-30,Detroit Tigers,Arizona Diamondbacks,"1.0 IP, 0 ER, K, 2 BB",1,0,0,1,1,0,0,0,0,1,2,0,0,0,.000,3,.400,.000,.400,0,0,.---,.---,0,19,0.00,1.0,0,0,0,0,0,0,0,1.80,5,3,1,0,0,7,.370,0,0,0,0,0,1.00,.---,19.00,1,0.50,9.00,18.00,0.00,0.00,0.00,0,0,0,0,0
663947,2026-04-03,Detroit Tigers,St. Louis Cardinals,"1.0 IP, 0 ER, K, 0 BB",1,0,1,1,1,0,0,0,0,1,0,0,0,0,.000,3,.000,.000,.000,0,0,.---,.---,0,7,0.00,1.0,0,0,0,0,0,0,0,1.13,3,3,1,0,0,5,.710,0,0,0,0,0,1.00,.---,7.00,1,-.--,9.00,0.00,0.00,0.00,0.00,0,0,0,0,0
663947,2026-04-04,Detroit Tigers,St. Louis Cardinals,"1.0 IP, 0 ER, 0 K, 0 BB",1,0,0,2,0,0,0,0,0,0,0,0,1,1,.091,3,.500,.333,.833,0,0,.---,.---,1,19,0.00,1.0,0,0,0,0,1,0,0,1.09,4,3,1,0,0,13,.680,1,0,0,0,1,1.67,.---,19.00,0,-.--,0.00,0.00,9.00,0.00,0.00,0,0,0,0,0
676254,2026-03-27,San Francisco Giants,New York Yankees,"0.1 IP, 0 ER, K, BB",1,0,0,0,0,0,0,0,0,1,1,0,1,0,.500,2,.667,.500,1.167,0,0,.---,.---,0,12,0.00,0.1,0,0,0,0,0,0,0,6.00,3,1,1,0,0,8,.670,0,0,0,0,1,-.--,.---,36.00,0,1.00,27.00,27.00,27.00,0.00,0.00,0,0,0,0,0
676254,2026-03-28,San Francisco Giants,New York Yankees,"1.0 IP, 0 ER, K, 0 BB",1,0,2,0,2,0,0,0,0,1,0,0,0,0,.200,3,.000,.000,.000,0,0,.---,.---,0,15,0.00,1.0,0,0,0,0,0,0,0,1.50,3,3,1,0,0,9,.600,0,0,0,0,0,0.00,.---,15.00,1,-.--,9.00,0.00,0.00,0.00,0.00,0,0,0,0,0
676254,2026-03-30,San Francisco Giants,San Diego Padres,"1.0 IP, 2 ER, K, BB",1,0,0,2,0,2,0,0,1,1,1,0,1,0,.222,4,.400,1.000,1.400,0,0,.---,.---,0,22,7.71,1.0,0,0,1,1,0,0,2,1.71,5,3,1,0,0,11,.500,0,0,0,0,4,1.00,.---,22.00,1,1.00,9.00,9.00,9.00,18.00,9.00,0,0,0,0,0
676254,2026-04-02,San Francisco Giants,New York Mets,"0.2 IP, 0 ER, K, 0 BB",1,0,1,0,1,0,0,0,0,1,0,0,0,0,.182,2,.000,.000,.000,0,0,.---,.---,0,12,6.00,0.2,0,0,0,0,0,0,0,1.33,2,2,1,0,0,8,.670,0,0,0,0,0,0.67,.---,18.00,0,-.--,13.50,0.00,0.00,0.00,0.00,0,0,0,0,0
663969,2026-03-29,Miami Marlins,Colorado Rockies,"2.0 IP, 0 ER, 2 K, 0 BB",1,0,2,1,3,0,0,0,0,2,0,0,1,1,.143,7,.250,.143,.393,0,2,1.000,.000,0,22,0.00,2.0,0,0,0,0,0,0,0,0.50,8,6,1,0,0,14,.640,1,0,0,0,1,0.33,.---,11.00,0,-.--,9.00,0.00,4.50,0.00,0.00,0,0,0,0,0
663969,2026-04-03,Miami Marlins,New York Yankees,"2.0 IP, 0 ER, 3 K, 2 BB",1,0,3,1,3,1,1,0,0,3,2,0,1,0,.133,8,.300,.250,.550,0,1,1.000,.000,0,52,0.00,2.0,0,0,0,0,0,0,0,1.00,10,6,1,0,0,28,.540,0,0,1,0,2,0.33,.---,26.00,0,1.50,13.50,9.00,4.50,4.50,0.00,0,0,0,0,0
663969,2026-04-06,Miami Marlins,Cincinnati Reds,"1.2 IP, 0 ER, K, BB",1,0,1,3,1,0,0,0,0,1,1,0,0,0,.100,5,.167,.000,.167,0,1,1.000,.000,0,23,0.00,1.2,0,0,0,0,0,0,0,0.88,6,5,1,0,0,11,.480,0,0,1,0,0,0.71,.---,13.80,1,1.00,5.40,5.40,0.00,0.00,0.00,1,0,0,0,0
543135,2026-03-26,Texas Rangers,Philadelphia Phillies,"4.2 IP, 5 ER, 7 K, 0 BB",1,1,2,3,4,5,1,0,2,7,0,0,8,0,.364,22,.364,.682,1.046,0,0,.---,.---,0,80,9.64,4.2,0,1,0,0,0,0,5,1.71,22,14,1,0,0,55,.690,0,0,0,0,15,0.75,.000,17.14,0,-.--,13.50,0.00,15.43,9.64,3.86,0,0,0,0,0
543135,2026-04-01,Texas Rangers,Baltimore Orioles,"4.0 IP, 6 ER, 5 K, 3 BB",1,1,5,1,6,6,2,0,1,5,3,0,8,0,.390,19,.478,.684,1.162,0,0,.---,.---,0,88,11.42,4.0,0,1,0,0,0,0,6,2.19,23,12,1,0,0,55,.630,0,0,0,0,13,0.40,.000,22.00,0,1.67,11.25,6.75,18.00,13.50,2.25,0,0,0,0,1
676263,2026-03-27,Los Angeles Dodgers,Arizona Diamondbacks,"1.2 IP, 0 ER, K, 0 BB",1,0,2,1,2,0,1,0,0,1,0,0,1,0,.200,5,.200,.400,.600,0,0,.---,.---,0,26,0.00,1.2,0,0,0,0,0,0,0,0.60,5,5,1,0,0,17,.650,0,0,0,0,2,0.50,.---,15.60,0,-.--,5.40,0.00,5.40,0.00,0.00,2,2,0,0,0
676263,2026-03-31,Los Angeles Dodgers,Cleveland Guardians,"1.0 IP, 0 ER, K, BB",1,0,0,1,1,0,0,0,0,1,1,0,0,0,.125,3,.250,.000,.250,0,0,.---,.---,0,15,0.00,1.0,0,0,0,0,1,0,0,0.75,4,3,1,0,0,11,.730,0,0,0,0,0,0.67,.---,15.00,0,1.00,9.00,9.00,0.00,0.00,0.00,0,0,0,0,0
676263,2026-04-03,Los Angeles Dodgers,Washington Nationals,"0.1 IP, 0 ER, K, 0 BB",1,0,0,0,0,0,0,0,0,1,0,0,0,0,.111,1,.000,.000,.000,0,0,.---,.---,0,4,0.00,0.1,0,0,0,0,0,0,0,0.67,1,1,1,0,0,3,.750,0,0,0,0,0,0.67,.---,12.00,0,-.--,27.00,0.00,0.00,0.00,0.00,1,0,0,0,0
676263,2026-04-05,Los Angeles Dodgers,Washington Nationals,"1.0 IP, 0 ER, K, BB",1,0,2,0,2,0,0,0,0,1,1,0,0,0,.083,3,.250,.000,.250,0,1,1.000,.000,0,16,0.00,1.0,1,0,0,0,0,0,0,0.75,4,3,1,0,0,10,.630,0,0,0,0,0,0.40,1.000,16.00,0,1.00,9.00,9.00,0.00,0.00,0.00,0,0,0,0,0
643511,2026-03-27,Toronto Blue Jays,Athletics,"1.0 IP, 0 ER, 0 K, BB",1,0,0,3,0,0,0,0,0,0,1,0,0,0,.000,3,.250,.000,.250,0,0,.---,.---,0,13,0.00,1.0,0,0,0,0,1,0,0,1.00,4,3,1,0,0,7,.540,0,0,0,0,0,3.00,.---,13.00,0,0.00,0.00,9.00,0.00,0.00,0.00,0,0,0,0,0
643511,2026-03-28,Toronto Blue Jays,Athletics,"1.0 IP, 0 ER, 2 K, 0 BB",1,0,0,1,0,0,0,0,0,2,0,0,0,0,.000,3,.000,.000,.000,0,0,.---,.---,0,7,0.00,1.0,0,0,0,0,0,0,0,0.50,3,3,1,0,0,7,1.000,0,0,0,0,0,4.00,.---,7.00,0,-.--,18.00,0.00,0.00,0.00,0.00,0,0,0,0,0
643511,2026-03-30,Toronto Blue Jays,Colorado Rockies,"1.0 IP, 0 ER, K, 0 BB",1,0,1,1,1,0,0,0,0,1,0,0,0,0,.000,3,.000,.000,.000,0,0,.---,.---,0,10,0.00,1.0,0,0,0,0,0,0,0,0.33,3,3,1,0,0,8,.800,0,0,0,0,0,5.00,.---,10.00,0,-.--,9.00,0.00,0.00,0.00,0.00,0,0,0,0,0
643511,2026-04-01,Toronto Blue Jays,Colorado Rockies,"1.0 IP, 0 ER, 0 K, 0 BB",1,0,1,2,1,0,0,0,0,0,0,0,2,0,.143,5,.400,.400,.800,0,0,.---,.---,0,18,0.00,1.0,0,0,0,0,1,0,0,0.75,5,3,1,0,0,14,.780,0,0,0,0,2,3.50,.---,18.00,0,-.--,0.00,0.00,18.00,0.00,0.00,0,0,0,0,0
643511,2026-04-03,Toronto Blue Jays,Chicago White Sox,"1.0 IP, 0 ER, 0 K, BB",1,0,1,2,1,0,0,0,0,0,1,1,1,0,.176,3,.500,.333,.833,0,0,.---,.---,0,12,0.00,1.0,0,0,0,0,0,0,0,1.00,5,3,1,0,0,8,.670,0,0,0,0,1,3.00,.---,12.00,0,0.00,0.00,9.00,9.00,0.00,0.00,0,0,0,1,0
663978,2026-03-30,Miami Marlins,Chicago White Sox,"4.0 IP, 8 ER, 6 K, 0 BB",1,1,1,4,2,8,1,0,2,6,0,0,8,1,.421,19,.450,.789,1.239,0,0,.---,.---,0,79,18.00,4.0,0,1,0,0,0,0,8,2.00,21,12,1,0,0,52,.660,1,0,0,0,15,2.00,.000,19.75,0,-.--,13.50,0.00,18.00,18.00,4.50,0,0,0,1,0
663978,2026-04-05,Miami Marlins,New York Yankees,"4.2 IP, 0 ER, 4 K, 4 BB",1,0,3,7,4,1,1,0,0,4,4,0,3,0,.297,18,.318,.222,.540,0,0,.---,.---,0,88,8.31,4.2,0,0,0,0,0,0,0,1.73,22,14,1,0,0,50,.570,0,0,1,0,4,1.83,.---,18.86,0,1.00,7.71,7.71,5.79,1.93,0.00,0,0,0,0,0
663992,2026-03-28,New York Mets,Pittsburgh Pirates,"1.0 IP, 0 ER, K, 0 BB",1,0,1,1,1,1,0,0,0,1,0,0,2,0,.400,5,.400,.400,.800,0,0,.---,.---,0,21,0.00,1.0,1,0,0,0,0,0,0,2.00,5,3,1,0,0,14,.670,0,0,0,0,2,1.00,1.000,21.00,1,-.--,9.00,0.00,18.00,9.00,0.00,0,0,0,0,0
663992,2026-03-29,New York Mets,Pittsburgh Pirates,"1.0 IP, ER, K, 2 BB",1,0,0,1,0,2,0,0,0,1,2,0,2,0,.444,4,.667,.500,1.167,0,0,.---,.---,1,26,4.50,1.0,0,1,0,0,0,0,1,3.00,6,3,1,0,0,13,.500,0,0,0,0,2,2.00,.000,26.00,1,0.50,9.00,18.00,18.00,18.00,0.00,0,0,0,0,0
663992,2026-03-31,New York Mets,St. Louis Cardinals,"2.0 IP, ER, 2 K, BB",1,0,1,2,2,1,0,0,1,2,1,1,2,0,.353,8,.333,.625,.958,0,0,.---,.---,0,29,4.50,2.0,0,0,0,0,0,0,1,2.25,9,6,1,0,0,21,.720,0,0,0,0,5,1.33,.---,14.50,1,2.00,9.00,4.50,9.00,4.50,4.50,0,0,0,0,0
663992,2026-04-03,New York Mets,San Francisco Giants,"1.0 IP, ER, K, BB",1,0,0,2,0,1,1,0,0,1,1,0,2,0,.364,5,.500,.600,1.100,0,0,.---,.---,0,28,5.40,1.0,0,0,0,0,0,0,1,2.40,6,3,1,0,0,17,.610,0,0,0,0,3,2.00,.---,28.00,0,1.00,9.00,9.00,18.00,9.00,0.00,0,0,0,0,0
676282,2026-03-28,Cleveland Guardians,Seattle Mariners,"3.2 IP, 2 ER, 5 K, 3 BB",1,1,3,2,4,2,1,0,0,5,3,0,4,0,.267,15,.389,.333,.722,0,1,1.000,.000,0,91,4.91,3.2,0,0,0,0,0,0,2,1.91,18,11,1,0,0,55,.600,0,0,1,0,5,0.50,.---,24.82,0,1.67,12.27,7.36,9.82,4.91,0.00,0,0,0,0,0
676282,2026-04-03,Cleveland Guardians,Chicago Cubs,"5.1 IP, ER, 6 K, 2 BB",1,1,3,2,7,1,2,0,0,6,2,0,4,0,.235,19,.286,.316,.602,0,1,1.000,.000,0,82,3.00,5.1,0,0,0,0,0,0,1,1.44,21,16,1,0,0,51,.620,0,0,0,0,6,0.36,.---,15.38,0,3.00,10.13,3.38,6.75,1.69,0.00,0,0,0,0,0
518585,2026-03-27,New York Yankees,San Francisco Giants,"0.2 IP, 0 ER, 0 K, BB",1,0,1,1,1,0,0,0,0,0,1,0,0,0,.000,2,.333,.000,.333,0,0,.---,.---,0,10,0.00,0.2,0,0,0,0,1,0,0,1.50,3,2,1,0,0,5,.500,0,0,0,0,0,1.00,.---,15.00,0,0.00,0.00,13.50,0.00,0.00,0.00,0,0,0,0,0
518585,2026-03-30,New York Yankees,Seattle Mariners,"0.2 IP, 0 ER, 2 K, 0 BB",1,0,0,0,0,0,0,0,0,2,0,0,0,0,.000,2,.000,.000,.000,0,0,.---,.---,0,11,0.00,0.2,0,0,0,0,0,0,0,0.75,2,2,1,0,0,6,.550,0,0,0,0,0,1.00,.---,16.50,0,-.--,27.00,0.00,0.00,0.00,0.00,2,0,0,0,0
518585,2026-04-01,New York Yankees,Seattle Mariners,"0.2 IP, 0 ER, K, 0 BB",1,0,0,0,1,0,0,0,0,1,0,0,0,0,.000,2,.000,.000,.000,0,0,.---,.---,0,12,0.00,0.2,0,0,0,0,0,0,0,0.50,2,2,1,0,0,8,.670,0,0,0,0,0,0.50,.---,18.00,0,-.--,13.50,0.00,0.00,0.00,0.00,0,0,0,0,0
518585,2026-04-04,New York Yankees,Miami Marlins,"0.2 IP, 0 ER, K, 0 BB",1,0,1,0,1,0,0,0,0,1,0,0,0,0,.000,2,.000,.000,.000,0,0,.---,.---,0,5,0.00,0.2,0,0,0,0,1,0,0,0.38,2,2,1,0,0,4,.800,0,0,0,0,0,0.33,.---,7.50,0,-.--,13.50,0.00,0.00,0.00,0.00,0,0,0,0,0
518585,2026-04-05,New York Yankees,Miami Marlins,"0.2 IP, ER, 2 K, BB",1,0,0,0,0,1,0,0,0,2,1,0,0,0,.000,2,.333,.000,.333,0,0,.---,.---,0,16,2.70,0.2,0,0,0,0,1,0,1,0.60,3,2,1,0,0,9,.560,0,0,0,0,0,0.33,.---,24.00,0,2.00,27.00,13.50,0.00,13.50,0.00,0,0,0,0,0
592332,2026-03-27,Toronto Blue Jays,Athletics,"6.0 IP, ER, 11 K, 0 BB",1,1,0,4,3,1,0,0,1,11,0,0,1,0,.053,19,.053,.211,.264,0,0,.---,.---,0,83,1.50,6.0,0,0,0,0,0,0,1,0.17,19,18,1,0,0,60,.720,0,0,0,0,4,1.33,.---,13.83,0,-.--,16.50,0.00,1.50,1.50,1.50,0,0,0,0,0
592332,2026-04-01,Toronto Blue Jays,Colorado Rockies,"6.0 IP, 0 ER, 10 K, 0 BB",1,1,0,7,2,0,1,0,0,10,0,0,2,0,.075,21,.095,.143,.238,0,0,.---,.---,0,89,0.75,6.0,0,0,0,0,0,0,0,0.25,21,18,1,0,0,67,.750,0,0,0,0,3,2.20,.---,14.83,0,-.--,15.00,0.00,3.00,0.00,0.00,0,0,0,0,0
608718,2026-03-28,Los Angeles Angels,Houston Astros,"2.0 IP, 0 ER, 2 K, BB",1,0,1,2,1,0,0,0,0,2,1,0,0,0,.000,5,.167,.000,.167,1,0,.000,1.000,0,24,0.00,2.0,0,0,0,0,0,0,0,0.50,6,6,1,0,0,15,.630,0,0,0,1,0,2.00,.---,12.00,1,2.00,9.00,4.50,0.00,0.00,0.00,2,0,0,0,0
608718,2026-04-01,Los Angeles Angels,Chicago Cubs,"2.0 IP, 0 ER, 4 K, 0 BB",1,0,1,1,1,0,1,0,0,4,0,0,3,0,.214,9,.333,.444,.777,0,0,.---,.---,0,44,0.00,2.0,0,0,0,0,0,0,0,1.00,9,6,1,0,0,30,.680,0,0,0,0,4,1.50,.---,22.00,1,-.--,18.00,0.00,13.50,0.00,0.00,1,1,0,0,0
608718,2026-04-03,Los Angeles Angels,Seattle Mariners,"1.0 IP, 2 ER, 0 K, BB",1,0,0,2,1,3,0,1,0,0,1,1,3,0,.300,6,.571,.833,1.404,0,0,.---,.---,0,26,3.60,1.0,0,1,0,0,0,0,2,1.60,7,3,1,0,0,20,.770,0,0,1,0,5,1.67,.000,26.00,1,0.00,0.00,9.00,27.00,27.00,0.00,0,0,0,0,0
608718,2026-04-05,Los Angeles Angels,Seattle Mariners,"2.1 IP, ER, 3 K, BB",1,0,0,2,1,1,0,0,1,3,1,0,1,0,.259,7,.250,.571,.821,0,0,.---,.---,0,39,3.68,2.1,0,0,0,1,0,1,1,1.36,8,7,1,0,0,22,.560,0,0,0,1,4,1.75,.---,16.71,0,3.00,11.57,3.86,3.86,3.86,3.86,2,2,0,0,0
455119,2026-03-28,Texas Rangers,Philadelphia Phillies,"0.1 IP, 0 ER, K, 0 BB",1,0,0,0,0,1,1,0,0,1,0,0,2,0,.667,3,.667,1.000,1.667,0,0,.---,.---,0,12,0.00,0.1,1,0,0,1,0,1,0,6.00,3,1,1,0,0,10,.830,0,0,0,0,3,-.--,1.000,36.00,0,-.--,27.00,0.00,54.00,27.00,0.00,2,2,0,0,0
455119,2026-03-29,Texas Rangers,Philadelphia Phillies,"0.1 IP, 0 ER, 0 K, 0 BB",1,0,0,0,1,0,0,0,0,0,0,0,0,0,.500,1,.000,.000,.000,0,0,.---,.---,0,3,0.00,0.1,0,0,0,0,0,0,0,3.00,1,1,1,0,0,1,.330,0,0,0,0,0,0.00,.---,9.00,0,-.--,0.00,0.00,0.00,0.00,0.00,2,0,0,0,0
455119,2026-03-31,Texas Rangers,Baltimore Orioles,"1.0 IP, 2 ER, K, 0 BB",1,0,0,1,1,2,1,0,0,1,0,0,2,1,.444,5,.500,.600,1.100,0,0,.---,.---,0,19,10.80,1.0,0,0,0,0,0,0,2,2.40,6,3,1,0,0,13,.680,1,0,0,0,3,0.50,.---,19.00,1,-.--,9.00,0.00,18.00,18.00,0.00,0,0,0,0,0
455119,2026-04-03,Texas Rangers,Cincinnati Reds,"1.0 IP, 2 ER, 0 K, 0 BB",1,0,2,1,2,2,1,0,1,0,0,0,2,0,.429,5,.400,1.200,1.600,0,0,.---,.---,0,23,13.50,1.0,0,1,0,0,0,0,2,2.25,5,3,1,0,0,16,.700,0,0,0,0,6,0.50,.000,23.00,1,-.--,0.00,0.00,18.00,18.00,9.00,0,0,0,0,0
455119,2026-04-05,Texas Rangers,Cincinnati Reds,"1.1 IP, 0 ER, K, 0 BB",1,0,1,0,2,0,0,0,0,1,0,0,3,0,.450,6,.500,.500,1.000,0,0,.---,.---,0,13,9.00,1.1,0,0,0,0,0,0,0,2.25,6,4,1,0,0,12,.920,0,0,0,0,3,0.33,.---,9.75,0,-.--,6.75,0.00,20.25,0.00,0.00,2,0,0,0,0
694738,2026-03-30,San Francisco Giants,San Diego Padres,"6.0 IP, 0 ER, 7 K, 2 BB",1,1,0,7,3,0,0,0,0,7,2,0,2,0,.105,19,.190,.105,.295,0,0,.---,.---,1,88,0.00,6.0,1,0,0,0,0,0,0,0.67,21,18,1,0,0,54,.610,0,0,1,0,2,2.33,1.000,14.67,0,3.50,10.50,3.00,3.00,0.00,0.00,0,0,0,0,0
694738,2026-04-04,San Francisco Giants,New York Mets,"4.2 IP, 5 ER, 7 K, BB",1,1,1,5,3,7,1,0,0,7,1,0,7,0,.220,22,.348,.364,.712,0,0,.---,.---,0,95,4.22,4.2,0,1,0,0,0,0,5,1.13,23,14,1,0,0,63,.660,0,0,0,0,8,2.00,.000,20.36,0,7.00,13.50,1.93,13.50,13.50,0.00,0,0,0,0,0
670167,2026-03-29,Kansas City Royals,Atlanta Braves,"1.0 IP, ER, K, 0 BB",1,0,1,1,1,1,0,0,1,1,0,0,1,0,.250,4,.250,1.000,1.250,0,0,.---,.---,0,23,9.00,1.0,0,0,0,0,0,0,1,1.00,4,3,1,0,0,14,.610,0,0,0,0,4,1.00,.---,23.00,0,-.--,9.00,0.00,9.00,9.00,9.00,0,0,0,0,0
670167,2026-03-30,Kansas City Royals,Minnesota Twins,"1.0 IP, 0 ER, 0 K, 0 BB",1,0,0,1,2,0,0,0,0,0,0,0,1,0,.250,4,.250,.250,.500,0,0,.---,.---,0,15,4.50,1.0,0,0,1,1,0,0,0,1.00,4,3,1,0,0,9,.600,0,0,0,0,1,0.67,.---,15.00,1,-.--,0.00,0.00,9.00,0.00,0.00,0,0,0,0,0
670167,2026-04-02,Kansas City Royals,Minnesota Twins,"1.0 IP, ER, K, 2 BB",1,0,1,1,1,1,1,0,0,1,2,1,1,0,.273,3,.500,.667,1.167,0,1,1.000,.000,0,27,6.00,1.0,0,0,0,0,0,0,1,1.67,6,3,1,0,0,13,.480,0,0,0,0,2,0.75,.---,27.00,0,0.50,9.00,18.00,9.00,9.00,0.00,0,0,0,0,1
670167,2026-04-04,Kansas City Royals,Milwaukee Brewers,"1.0 IP, 0 ER, 0 K, 2 BB",1,0,0,2,0,0,0,0,0,0,2,0,0,0,.231,2,.500,.000,.500,0,0,.---,.---,1,19,4.50,1.0,0,0,0,0,0,0,0,1.75,4,3,1,0,0,10,.530,0,0,0,0,0,1.25,.---,19.00,0,0.00,0.00,18.00,0.00,0.00,0.00,0,0,0,0,0
678368,2026-04-03,Colorado Rockies,Philadelphia Phillies,"6.0 IP, ER, 7 K, BB",1,0,4,3,8,1,0,0,1,7,1,0,1,0,.053,19,.100,.211,.311,0,0,.---,.---,0,77,1.50,6.0,0,0,0,0,0,0,1,0.33,20,18,1,0,0,48,.620,0,0,0,0,4,0.38,.---,12.83,1,7.00,10.50,1.50,1.50,1.50,1.50,0,0,0,0,0
686580,2026-03-26,Boston Red Sox,Cincinnati Reds,"1.0 IP, 0 ER, 2 K, BB",1,0,1,0,1,0,0,0,0,2,1,0,0,0,.000,3,.250,.000,.250,0,0,.---,.---,0,17,0.00,1.0,0,0,0,0,1,0,0,1.00,4,3,1,0,0,10,.590,0,0,0,0,0,0.00,.---,17.00,0,2.00,18.00,9.00,0.00,0.00,0.00,0,0,0,0,0
686580,2026-03-28,Boston Red Sox,Cincinnati Reds,"0.1 IP, 0 ER, K, BB",1,0,0,0,0,1,0,0,0,1,1,0,1,0,.200,2,.667,.500,1.167,0,0,.---,.---,0,11,0.00,0.1,0,1,0,0,0,0,0,2.25,3,1,1,0,0,7,.640,0,0,0,0,1,0.00,.000,33.00,1,1.00,27.00,27.00,27.00,27.00,0.00,0,0,0,0,0
686580,2026-04-03,Boston Red Sox,San Diego Padres,"1.0 IP, 0 ER, K, 0 BB",1,0,1,1,1,0,0,0,0,1,0,0,0,0,.125,3,.000,.000,.000,0,0,.---,.---,0,9,0.00,1.0,0,0,0,0,1,0,0,1.29,3,3,1,0,0,7,.780,0,0,0,0,0,0.50,.---,9.00,0,-.--,9.00,0.00,0.00,0.00,0.00,0,0,0,0,0
686580,2026-04-04,Boston Red Sox,San Diego Padres,"1.0 IP, 0 ER, K, 0 BB",1,0,1,1,1,0,0,0,0,1,0,0,1,0,.167,4,.250,.250,.500,0,0,.---,.---,0,19,0.00,1.0,0,0,0,0,0,0,0,1.20,4,3,1,0,0,11,.580,0,0,0,0,1,0.67,.---,19.00,0,-.--,9.00,0.00,9.00,0.00,0.00,0,0,0,0,0
688642,2026-03-28,Colorado Rockies,Miami Marlins,"1.1 IP, 0 ER, 2 K, BB",1,0,0,2,0,0,0,0,0,2,1,0,0,0,.000,4,.200,.000,.200,0,0,.---,.---,0,30,0.00,1.1,0,0,0,0,0,0,0,0.75,5,4,1,0,0,18,.600,0,0,0,0,0,2.00,.---,22.50,0,2.00,13.50,6.75,0.00,0.00,0.00,0,0,0,0,0
688642,2026-03-31,Colorado Rockies,Toronto Blue Jays,"2.0 IP, 3 ER, 3 K, BB",1,0,1,1,1,3,1,0,0,3,1,1,7,0,.438,12,.615,.667,1.282,0,0,.---,.---,0,45,8.10,2.0,0,0,0,0,0,0,3,2.70,13,6,1,0,0,33,.730,0,0,0,0,8,3.00,.---,22.50,1,3.00,13.50,4.50,31.50,13.50,0.00,0,0,0,0,0
688642,2026-04-06,Colorado Rockies,Houston Astros,"0.1 IP, 2 ER, 0 K, 0 BB",1,0,0,1,0,2,2,0,0,0,0,0,4,0,.524,5,.800,1.200,2.000,0,0,.---,.---,0,18,12.27,0.1,0,0,0,0,0,0,2,3.55,5,1,1,0,0,11,.610,0,0,0,0,6,4.00,.---,54.00,0,-.--,0.00,0.00,108.00,54.00,0.00,0,0,0,0,0
678394,2026-03-31,Boston Red Sox,Houston Astros,"4.2 IP, 5 ER, 2 K, 3 BB",1,1,2,9,3,6,3,0,1,2,3,0,8,0,.364,22,.440,.636,1.076,0,1,1.000,.000,0,92,9.64,4.2,0,1,0,0,0,0,5,2.36,25,14,1,0,0,58,.630,0,0,0,0,14,3.00,.000,19.71,0,0.67,3.86,5.79,15.43,11.57,1.93,0,0,0,0,0
678394,2026-04-06,Boston Red Sox,Milwaukee Brewers,"3.1 IP, 3 ER, 5 K, 4 BB",1,1,0,5,1,4,1,0,0,5,4,0,5,0,.351,15,.474,.400,.874,0,0,.---,.---,0,86,9.00,3.1,0,0,0,0,0,0,3,2.50,20,10,1,0,0,50,.580,0,0,0,0,6,3.50,.---,25.80,0,1.25,13.50,10.80,13.50,10.80,0.00,0,0,0,1,0
543243,2026-03-28,Boston Red Sox,Cincinnati Reds,"4.0 IP, 3 ER, 5 K, BB",1,1,1,7,1,4,1,0,1,5,1,0,6,0,.316,19,.350,.526,.876,1,1,.500,.500,0,80,6.75,4.0,0,0,0,0,0,0,3,1.75,20,12,1,0,0,51,.640,0,0,0,0,10,7.00,.---,20.00,0,5.00,11.25,2.25,13.50,9.00,2.25,0,0,0,0,0
543243,2026-04-03,Boston Red Sox,San Diego Padres,"6.0 IP, 2 ER, 3 K, 0 BB",1,1,4,9,6,2,1,1,0,3,0,0,4,0,.244,22,.182,.318,.500,0,1,1.000,.000,0,87,4.50,6.0,1,0,0,0,0,0,2,1.10,22,18,1,0,0,57,.660,0,0,0,0,7,2.29,1.000,14.50,0,-.--,4.50,0.00,6.00,3.00,0.00,0,0,0,0,0
686610,2026-03-28,Washington Nationals,Chicago Cubs,"1.1 IP, 2 ER, 2 K, 2 BB",1,0,0,1,1,2,0,0,1,2,2,0,3,0,.429,7,.556,.857,1.413,0,0,.---,.---,0,32,13.50,1.1,0,0,0,0,0,0,2,3.75,9,4,1,0,0,17,.530,0,0,0,0,6,1.00,.---,24.00,0,1.00,13.50,13.50,20.25,13.50,6.75,2,2,0,0,0
686610,2026-03-31,Washington Nationals,Philadelphia Phillies,"2.0 IP, 0 ER, 0 K, 0 BB",1,0,2,2,3,0,0,0,0,0,0,0,1,0,.308,6,.167,.167,.334,0,0,.---,.---,1,23,5.40,2.0,0,0,0,0,0,0,0,1.80,6,6,1,0,0,15,.650,0,0,0,0,1,0.75,.---,11.50,1,-.--,0.00,0.00,4.50,0.00,0.00,0,0,0,0,0
686610,2026-04-03,Washington Nationals,Los Angeles Dodgers,"2.0 IP, ER, 3 K, BB",1,0,1,2,1,1,0,0,1,3,1,0,1,1,.250,7,.333,.571,.904,0,0,.---,.---,0,36,5.06,2.0,0,0,0,0,0,0,1,1.50,9,6,1,0,0,20,.560,1,0,0,0,4,1.00,.---,18.00,0,3.00,13.50,4.50,4.50,4.50,4.50,0,0,0,0,0
686610,2026-04-06,Washington Nationals,St. Louis Cardinals,"2.1 IP, 3 ER, 2 K, 2 BB",1,0,2,1,3,3,0,0,2,2,2,0,2,0,.250,8,.400,1.000,1.400,0,0,.---,.---,1,33,7.04,2.1,0,0,0,1,0,1,3,1.57,10,7,1,0,0,22,.670,0,0,0,0,8,0.75,.---,14.14,0,1.00,7.71,7.71,7.71,11.57,7.71,0,0,0,0,0
571927,2026-03-29,Tampa Bay Rays,St. Louis Cardinals,"5.0 IP, 4 ER, 2 K, BB",1,1,4,5,7,4,1,0,1,2,1,0,6,0,.300,20,.333,.500,.833,0,0,.---,.---,1,81,7.20,5.0,1,0,0,0,0,0,4,1.40,21,15,1,0,0,50,.620,0,0,2,0,10,0.71,1.000,16.20,0,2.00,3.60,1.80,10.80,7.20,1.80,0,0,0,0,0
571927,2026-04-04,Tampa Bay Rays,Minnesota Twins,"6.0 IP, ER, 8 K, 2 BB",1,1,2,3,7,1,0,0,0,8,2,0,2,0,.200,20,.182,.100,.282,0,0,.---,.---,0,97,4.09,6.0,1,0,0,0,0,0,1,1.00,22,18,1,0,0,58,.600,0,0,0,0,2,0.57,1.000,16.17,0,4.00,12.00,3.00,3.00,1.50,0.00,0,0,0,0,0
672282,2026-03-28,Los Angeles Angels,Houston Astros,"4.2 IP, 3 ER, 9 K, 0 BB",1,1,2,1,4,3,3,0,0,9,0,0,6,1,.300,20,.333,.450,.783,0,1,1.000,.000,0,95,5.79,4.2,0,0,0,0,0,0,3,1.29,21,14,1,0,0,69,.730,1,0,0,0,9,0.25,.---,20.36,0,-.--,17.36,0.00,11.57,5.79,0.00,0,0,0,0,0
672282,2026-04-03,Los Angeles Angels,Seattle Mariners,"6.2 IP, 0 ER, 4 K, 4 BB",1,1,4,7,8,0,0,0,0,4,4,0,3,0,.214,22,.269,.136,.405,1,0,.000,1.000,0,104,2.38,6.2,0,0,0,0,0,0,0,1.15,26,20,1,0,0,64,.620,0,0,0,1,3,0.67,.---,15.60,0,1.00,5.40,5.40,4.05,0.00,0.00,0,0,0,0,0
666142,2026-03-27,Kansas City Royals,Atlanta Braves,"4.0 IP, 4 ER, 5 K, 4 BB",1,1,3,3,3,4,0,0,3,5,4,0,6,0,.353,17,.476,.882,1.358,1,0,.000,1.000,0,90,9.00,4.0,0,1,0,0,0,0,4,2.50,21,12,1,0,0,52,.580,0,0,0,0,15,1.00,.000,22.50,0,1.25,11.25,9.00,13.50,9.00,6.75,0,0,0,0,0
666142,2026-04-02,Kansas City Royals,Minnesota Twins,"6.0 IP, 0 ER, 8 K, BB",1,1,4,1,6,1,0,0,0,8,1,0,4,0,.278,19,.250,.211,.461,1,0,.000,1.000,1,89,3.60,6.0,0,1,0,0,0,0,0,1.50,20,18,1,0,0,59,.660,0,0,0,0,4,0.44,.000,14.83,0,8.00,12.00,1.50,6.00,1.50,0.00,0,0,0,0,0
694819,2026-03-26,Milwaukee Brewers,Chicago White Sox,"5.0 IP, ER, 11 K, 3 BB",1,1,0,2,2,1,0,0,1,11,3,0,2,0,.118,17,.250,.294,.544,0,0,.---,.---,0,94,1.80,5.0,1,0,0,0,0,0,1,1.00,20,15,1,0,0,57,.610,0,0,0,0,5,1.00,1.000,18.80,0,3.67,19.80,5.40,3.60,1.80,1.80,0,0,0,0,0
694819,2026-04-01,Milwaukee Brewers,Tampa Bay Rays,"6.0 IP, 2 ER, 7 K, 2 BB",1,1,4,4,7,2,1,0,1,7,2,0,4,1,.154,22,.280,.364,.644,0,0,.---,.---,0,94,2.45,6.0,0,0,0,0,0,0,2,1.00,25,18,1,0,0,62,.660,1,0,0,0,8,0.67,.---,15.67,0,3.50,10.50,3.00,6.00,3.00,1.50,0,0,0,0,0
670245,2026-03-28,Boston Red Sox,Cincinnati Reds,"2.1 IP, 0 ER, K, 3 BB",1,0,0,3,3,0,0,0,0,1,3,0,0,0,.000,7,.300,.000,.300,0,0,.---,.---,0,51,0.00,2.1,0,0,0,0,0,0,0,1.29,10,7,1,0,0,27,.530,0,0,0,0,0,1.00,.---,21.86,0,0.33,3.86,11.57,0.00,0.00,0.00,2,0,0,0,0
670245,2026-03-31,Boston Red Sox,Houston Astros,"1.1 IP, 2 ER, 2 K, 2 BB",1,0,0,2,0,2,0,0,0,2,2,0,2,0,.154,6,.500,.333,.833,0,0,.---,.---,0,27,4.91,1.1,0,0,0,0,0,0,2,1.91,8,4,1,0,0,14,.520,0,0,0,0,2,1.67,.---,20.25,0,1.00,13.50,13.50,13.50,13.50,0.00,2,0,0,0,0
670245,2026-04-04,Boston Red Sox,San Diego Padres,"1.1 IP, 0 ER, K, BB",1,0,2,1,2,0,0,0,0,1,1,0,1,0,.167,5,.333,.200,.533,0,0,.---,.---,0,26,3.60,1.1,0,0,0,0,0,0,0,1.80,6,4,1,0,0,13,.500,0,0,0,0,1,1.20,.---,19.50,0,1.00,6.75,6.75,6.75,0.00,0.00,0,0,0,0,0
670245,2026-04-06,Boston Red Sox,Milwaukee Brewers,"1.0 IP, ER, 0 K, 0 BB",1,0,1,2,1,1,1,0,0,0,0,0,2,0,.227,4,.500,.750,1.250,0,0,.---,.---,0,10,4.50,1.0,0,0,0,0,0,0,1,1.83,5,3,1,0,0,7,.700,0,0,0,0,3,1.33,.---,10.00,1,-.--,0.00,0.00,18.00,9.00,0.00,0,0,0,1,0
571945,2026-03-28,Washington Nationals,Chicago Cubs,"5.0 IP, 4 ER, 4 K, 3 BB",1,1,7,4,8,6,1,0,1,4,3,0,6,0,.286,21,.360,.476,.836,0,3,1.000,.000,0,97,7.20,5.0,0,1,0,0,0,0,4,1.80,25,15,1,0,0,57,.590,0,0,0,0,10,0.50,.000,19.40,0,1.33,7.20,5.40,10.80,10.80,1.80,0,0,0,0,1
571945,2026-04-03,Washington Nationals,Los Angeles Dodgers,"4.1 IP, 11 ER, 4 K, BB",1,1,4,4,5,11,1,0,4,4,1,0,11,0,.378,24,.480,1.000,1.480,0,0,.---,.---,0,87,14.46,4.1,0,1,0,0,0,0,11,2.25,25,13,1,0,0,56,.640,0,0,0,0,24,0.62,.000,20.08,0,4.00,8.31,2.08,22.85,22.85,8.31,0,0,0,0,0
676395,2026-03-28,Texas Rangers,Philadelphia Phillies,"0.2 IP, 0 ER, K, BB",1,0,0,1,0,2,0,0,0,1,1,0,1,0,.333,3,.500,.333,.833,0,0,.---,.---,0,18,0.00,0.2,0,0,0,0,1,0,0,3.00,4,2,1,0,0,12,.670,0,0,0,0,1,1.00,.---,27.00,0,1.00,13.50,13.50,13.50,27.00,0.00,0,0,0,0,0
676395,2026-03-29,Texas Rangers,Philadelphia Phillies,"1.0 IP, 0 ER, K, BB",1,0,0,1,0,0,0,0,0,1,1,0,0,0,.200,2,.333,.000,.333,0,0,.---,.---,1,14,0.00,1.0,0,0,0,0,0,0,0,1.80,3,3,1,0,0,8,.570,0,0,0,0,0,2.00,.---,14.00,1,1.00,9.00,9.00,0.00,0.00,0.00,0,0,0,0,0
676395,2026-03-31,Texas Rangers,Baltimore Orioles,"1.0 IP, 0 ER, K, 0 BB",1,0,1,0,2,0,0,0,0,1,0,0,0,0,.125,3,.000,.000,.000,0,0,.---,.---,0,15,0.00,1.0,0,0,0,0,0,0,0,1.13,3,3,1,0,0,11,.730,0,0,0,0,0,1.00,.---,15.00,0,-.--,9.00,0.00,0.00,0.00,0.00,0,0,0,0,0
676395,2026-04-05,Texas Rangers,Cincinnati Reds,"0.1 IP, ER, 0 K, 2 BB",1,0,0,0,1,1,0,0,0,0,2,0,1,0,.200,2,.750,.500,1.250,0,2,1.000,.000,0,20,3.00,0.1,0,1,0,0,0,0,1,2.00,4,1,1,0,0,8,.400,0,0,0,0,1,0.67,.000,60.00,0,0.00,0.00,54.00,27.00,27.00,0.00,0,0,0,0,0
676395,2026-04-06,Texas Rangers,Seattle Mariners,"1.0 IP, 0 ER, 0 K, 0 BB",1,0,0,2,1,0,0,0,0,0,0,0,0,0,.154,3,.000,.000,.000,0,0,.---,.---,0,14,2.25,1.0,0,0,0,0,1,0,0,1.50,3,3,1,0,0,8,.570,0,0,0,0,0,1.00,.---,14.00,0,-.--,0.00,0.00,0.00,0.00,0.00,0,0,0,0,0
571948,2026-03-26,Chicago Cubs,Washington Nationals,"1.0 IP, 0 ER, 0 K, 0 BB",1,0,1,1,2,0,0,0,0,0,0,0,1,1,.250,4,.400,.250,.650,0,0,.---,.---,0,11,0.00,1.0,0,0,0,0,0,0,0,1.00,5,3,1,0,0,7,.640,1,0,0,0,1,0.50,.---,11.00,0,-.--,0.00,0.00,9.00,0.00,0.00,0,0,0,0,0
571948,2026-03-29,Chicago Cubs,Washington Nationals,"1.0 IP, 2 ER, 0 K, 0 BB",1,0,0,1,2,2,0,0,1,0,0,0,2,0,.333,5,.400,1.000,1.400,0,1,1.000,.000,0,17,9.00,1.0,0,0,0,0,0,0,2,1.50,5,3,1,0,0,12,.710,0,0,0,0,5,0.50,.---,17.00,0,-.--,0.00,0.00,18.00,18.00,9.00,0,0,0,0,0
571948,2026-03-31,Chicago Cubs,Los Angeles Angels,"0.1 IP, 0 ER, 0 K, 0 BB",1,0,0,1,0,0,0,0,0,0,0,0,0,0,.300,1,.000,.000,.000,0,0,.---,.---,0,3,7.71,0.1,0,0,0,0,0,0,0,1.29,1,1,1,0,0,3,1.000,0,0,0,0,0,0.75,.---,9.00,0,-.--,0.00,0.00,0.00,0.00,0.00,3,0,0,0,0
571948,2026-04-03,Chicago Cubs,Cleveland Guardians,"1.2 IP, 0 ER, 0 K, 0 BB",1,0,2,1,3,0,0,0,0,0,0,0,2,0,.313,6,.333,.333,.666,0,0,.---,.---,0,10,4.50,1.2,0,0,0,1,0,1,0,1.25,6,5,1,0,0,7,.700,0,0,0,0,2,0.57,.---,6.00,0,-.--,0.00,0.00,10.80,0.00,0.00,2,1,0,0,0
571948,2026-04-05,Chicago Cubs,Cleveland Guardians,"1.0 IP, 0 ER, 0 K, 0 BB",1,0,0,1,1,0,0,0,0,0,0,0,0,1,.278,2,.333,.000,.333,0,0,.---,.---,1,14,3.60,1.0,0,0,0,0,1,0,0,1.00,3,3,1,0,0,7,.500,1,0,0,0,0,0.63,.---,14.00,0,-.--,0.00,0.00,0.00,0.00,0.00,0,0,0,0,0
623149,2026-03-28,Arizona Diamondbacks,Los Angeles Dodgers,"0.1 IP, 0 ER, 0 K, 0 BB",1,0,1,0,1,0,0,0,0,0,0,0,0,0,.000,1,.000,.000,.000,0,0,.---,.---,0,5,0.00,0.1,0,0,0,0,0,0,0,0.00,1,1,1,0,0,5,1.000,0,0,0,0,0,0.00,.---,15.00,1,-.--,0.00,0.00,0.00,0.00,0.00,0,0,0,0,0
623149,2026-03-30,Arizona Diamondbacks,Detroit Tigers,"1.0 IP, 0 ER, K, 0 BB",1,0,2,0,2,0,0,0,0,1,0,0,0,0,.000,3,.000,.000,.000,0,0,.---,.---,0,12,0.00,1.0,0,0,1,1,0,0,0,0.00,3,3,1,0,0,8,.670,0,0,0,0,0,0.00,.---,12.00,1,-.--,9.00,0.00,0.00,0.00,0.00,0,0,0,0,0
623149,2026-03-31,Arizona Diamondbacks,Detroit Tigers,"1.0 IP, 0 ER, 3 K, 0 BB",1,0,0,0,0,0,0,0,0,3,0,0,0,0,.000,3,.000,.000,.000,0,0,.---,.---,0,13,0.00,1.0,0,0,1,1,0,0,0,0.00,3,3,1,0,0,10,.770,0,0,0,0,0,0.00,.---,13.00,1,-.--,27.00,0.00,0.00,0.00,0.00,0,0,0,0,0
623149,2026-04-03,Arizona Diamondbacks,Atlanta Braves,"0.2 IP, 2 ER, K, 0 BB",1,0,1,0,1,2,0,0,2,1,0,0,2,0,.182,4,.500,2.000,2.500,0,0,.---,.---,0,16,6.00,0.2,0,1,0,0,0,0,2,0.67,4,2,1,0,0,12,.750,0,0,0,0,8,0.00,.000,24.00,0,-.--,13.50,0.00,27.00,27.00,27.00,0,0,0,0,0
623149,2026-04-04,Arizona Diamondbacks,Atlanta Braves,"1.0 IP, 0 ER, 2 K, 0 BB",1,0,1,0,1,0,0,0,0,2,0,0,0,0,.143,3,.000,.000,.000,0,0,.---,.---,0,21,4.50,1.0,0,0,1,1,0,0,0,0.50,3,3,1,0,0,14,.670,0,0,0,0,0,0.00,.---,21.00,1,-.--,18.00,0.00,0.00,0.00,0.00,0,0,0,0,0
666171,2026-03-27,Los Angeles Angels,Houston Astros,"2.0 IP, 0 ER, 2 K, 0 BB",1,0,2,1,3,0,0,0,0,2,0,0,0,0,.000,6,.000,.000,.000,0,0,.---,.---,0,23,0.00,2.0,1,0,0,0,0,0,0,0.00,6,6,1,0,0,15,.650,0,0,0,0,0,0.33,1.000,11.50,0,-.--,9.00,0.00,0.00,0.00,0.00,0,0,0,0,0
666171,2026-04-01,Los Angeles Angels,Chicago Cubs,"0.2 IP, 0 ER, K, BB",1,0,1,1,1,1,0,0,0,1,1,0,1,0,.100,4,.400,.250,.650,0,1,1.000,.000,0,21,0.00,0.2,0,0,0,0,0,0,0,0.75,5,2,1,0,0,11,.520,0,0,0,0,1,0.50,.---,31.50,0,1.00,13.50,13.50,13.50,13.50,0.00,0,0,0,0,0
666171,2026-04-05,Los Angeles Angels,Seattle Mariners,"2.0 IP, 2 ER, 5 K, BB",1,0,0,1,0,2,0,0,0,5,1,0,0,1,.063,6,.250,.000,.250,0,0,.---,.---,0,27,3.86,2.0,0,0,0,0,0,0,2,0.64,8,6,1,0,0,17,.630,1,0,0,0,0,0.75,.---,13.50,0,5.00,22.50,4.50,0.00,9.00,0.00,2,0,0,0,0
621112,2026-03-30,New York Yankees,Seattle Mariners,"1.1 IP, ER, 0 K, BB",1,0,1,3,1,1,0,0,0,0,1,0,3,0,.429,7,.500,.429,.929,0,0,.---,.---,0,22,6.75,1.1,0,1,0,0,0,0,1,3.00,8,4,1,0,0,12,.550,0,0,0,0,3,3.00,.000,16.50,1,0.00,0.00,6.75,20.25,6.75,0.00,0,0,0,0,0
621112,2026-04-04,New York Yankees,Miami Marlins,"1.2 IP, 0 ER, 2 K, 0 BB",1,0,2,1,2,1,0,0,0,2,0,0,3,0,.400,8,.375,.375,.750,0,0,.---,.---,0,28,3.00,1.2,0,0,0,0,0,0,0,2.33,8,5,1,0,0,18,.640,0,0,0,0,3,1.33,.---,16.80,0,-.--,10.80,0.00,16.20,5.40,0.00,0,0,0,0,0
621111,2026-03-30,San Diego Padres,San Francisco Giants,"4.0 IP, 3 ER, 3 K, 2 BB",1,1,0,6,2,3,0,0,1,3,2,0,5,1,.313,16,.421,.500,.921,0,1,1.000,.000,1,72,6.75,4.0,0,1,0,0,0,0,3,1.75,19,12,1,0,0,43,.600,1,0,0,0,8,3.00,.000,18.00,0,1.50,6.75,4.50,11.25,6.75,2.25,0,0,0,0,0
621111,2026-04-05,San Diego Padres,Boston Red Sox,"2.2 IP, 4 ER, 4 K, 3 BB",1,1,1,3,1,4,1,1,0,4,3,0,3,0,.296,11,.429,.545,.974,0,1,1.000,.000,0,61,9.45,2.2,0,0,0,0,0,0,4,1.95,14,8,1,0,0,33,.540,0,0,0,0,6,3.00,.---,22.88,0,1.33,13.50,10.13,10.13,13.50,0.00,0,0,0,0,0
621121,2026-03-30,Houston Astros,Boston Red Sox,"7.0 IP, ER, 9 K, BB",1,1,1,8,2,1,2,0,0,9,1,0,4,0,.174,23,.208,.261,.469,0,0,.---,.---,2,96,1.29,7.0,1,0,0,0,0,0,1,0.71,24,21,1,0,0,63,.660,0,0,0,0,6,4.00,1.000,13.71,0,9.00,11.57,1.29,5.14,1.29,0.00,0,0,0,0,0
621121,2026-04-05,Houston Astros,Athletics,"4.0 IP, 3 ER, 4 K, 3 BB",1,1,2,3,3,3,1,0,0,4,3,0,5,0,.237,15,.444,.400,.844,0,1,1.000,.000,1,79,3.27,4.0,0,0,0,0,0,0,3,1.18,18,12,1,0,0,45,.570,0,0,0,0,6,2.20,.---,19.75,0,1.33,9.00,6.75,11.25,6.75,0.00,0,0,0,0,0
674370,2026-03-28,Atlanta Braves,Kansas City Royals,"1.0 IP, 0 ER, 3 K, 0 BB",1,0,0,0,0,0,0,0,0,3,0,0,0,0,.000,3,.000,.000,.000,0,0,.---,.---,0,16,0.00,1.0,1,0,0,0,0,0,0,0.00,3,3,1,0,0,12,.750,0,0,0,0,0,-.--,1.000,16.00,1,-.--,27.00,0.00,0.00,0.00,0.00,0,0,0,0,0
674370,2026-04-02,Atlanta Braves,Arizona Diamondbacks,"3.0 IP, ER, K, BB",1,0,1,3,4,1,1,0,0,1,1,0,2,1,.154,10,.333,.300,.633,0,0,.---,.---,1,42,2.25,3.0,0,0,1,1,0,0,1,0.75,12,9,1,0,0,26,.620,1,0,0,0,3,0.75,.---,14.00,1,1.00,3.00,3.00,6.00,3.00,0.00,0,0,0,0,0
674370,2026-04-06,Atlanta Braves,Los Angeles Angels,"2.0 IP, 0 ER, K, 0 BB",1,0,1,3,1,0,0,0,0,1,0,0,0,1,.111,5,.167,.000,.167,0,0,.---,.---,1,18,1.50,2.0,0,0,0,0,0,0,0,0.50,6,6,1,0,0,12,.670,1,0,0,0,0,1.20,.---,9.00,1,-.--,4.50,0.00,0.00,0.00,0.00,0,0,0,0,0
694851,2026-03-26,Arizona Diamondbacks,Los Angeles Dodgers,"1.2 IP, 0 ER, 0 K, 2 BB",1,0,1,2,2,0,0,0,0,0,2,0,1,1,.200,5,.500,.200,.700,0,0,.---,.---,1,33,0.00,1.2,0,0,0,0,0,0,0,1.80,8,5,1,0,0,14,.420,1,0,0,0,1,1.00,.---,19.80,1,0.00,0.00,10.80,5.40,0.00,0.00,0,0,0,0,0
694851,2026-03-31,Arizona Diamondbacks,Detroit Tigers,"2.0 IP, 0 ER, 3 K, BB",1,0,1,1,2,0,0,0,0,3,1,0,0,0,.091,6,.143,.000,.143,0,0,.---,.---,0,32,0.00,2.0,1,0,0,0,0,0,0,1.09,7,6,1,0,0,19,.590,0,0,0,0,0,0.75,1.000,16.00,0,3.00,13.50,4.50,0.00,0.00,0.00,0,0,0,0,0
694851,2026-04-02,Arizona Diamondbacks,Atlanta Braves,"1.0 IP, 0 ER, 2 K, BB",1,0,1,0,1,0,0,0,0,2,1,0,1,0,.133,4,.400,.250,.650,0,0,.---,.---,0,23,0.00,1.0,0,0,0,0,0,0,0,1.29,5,3,1,0,0,12,.520,0,0,0,0,1,0.60,.---,23.00,0,2.00,18.00,9.00,9.00,0.00,0.00,0,0,0,0,0
676428,2026-03-28,Detroit Tigers,San Diego Padres,"1.0 IP, 0 ER, K, 0 BB",1,0,0,2,0,0,0,0,0,1,0,0,2,0,.400,5,.400,.400,.800,0,0,.---,.---,0,12,0.00,1.0,0,0,0,0,0,0,0,2.00,5,3,1,0,0,9,.750,0,0,0,0,2,2.00,.---,12.00,0,-.--,9.00,0.00,18.00,0.00,0.00,3,1,0,0,0
676428,2026-03-30,Detroit Tigers,Arizona Diamondbacks,"2.0 IP, ER, 0 K, 0 BB",1,0,2,4,2,1,0,0,1,0,0,0,2,0,.308,8,.250,.625,.875,0,0,.---,.---,0,26,3.00,2.0,0,0,0,0,0,0,1,1.33,8,6,1,0,0,17,.650,0,0,0,0,5,3.00,.---,13.00,0,-.--,0.00,0.00,9.00,4.50,4.50,3,0,0,0,0
676428,2026-04-04,Detroit Tigers,St. Louis Cardinals,"1.0 IP, 0 ER, 0 K, BB",1,0,0,2,0,0,0,0,0,0,1,0,0,0,.267,2,.333,.000,.333,0,0,.---,.---,1,13,2.25,1.0,1,0,0,0,0,0,0,1.25,3,3,1,0,0,6,.460,0,0,0,0,0,4.00,1.000,13.00,0,0.00,0.00,9.00,0.00,0.00,0.00,0,0,0,0,0
676428,2026-04-06,Detroit Tigers,Minnesota Twins,"0.2 IP, ER, 2 K, 2 BB",1,0,0,0,0,1,0,0,0,2,2,0,1,0,.278,3,.600,.333,.933,0,0,.---,.---,0,23,3.86,0.2,0,0,0,0,0,0,1,1.71,5,2,1,0,0,11,.480,0,0,0,0,1,4.00,.---,34.50,1,1.00,27.00,27.00,13.50,13.50,0.00,1,1,0,0,0
664141,2026-03-25,San Francisco Giants,New York Yankees,"2.0 IP, 0 ER, 2 K, BB",1,0,1,2,1,0,0,0,0,2,1,0,1,0,.167,6,.286,.167,.453,0,0,.---,.---,1,22,0.00,2.0,0,0,0,0,0,0,0,1.00,7,6,1,0,0,12,.550,0,0,0,0,1,2.00,.---,11.00,0,2.00,9.00,4.50,4.50,0.00,0.00,0,0,0,0,0
664141,2026-03-28,San Francisco Giants,New York Yankees,"0.1 IP, 0 ER, 0 K, 0 BB",1,0,0,0,1,0,0,0,0,0,0,0,0,0,.143,1,.000,.000,.000,0,0,.---,.---,0,2,0.00,0.1,0,0,0,0,0,0,0,0.86,1,1,1,0,0,1,.500,0,0,0,0,0,1.00,.---,6.00,0,-.--,0.00,0.00,0.00,0.00,0.00,2,0,0,0,0
664141,2026-03-31,San Francisco Giants,San Diego Padres,"2.0 IP, 0 ER, K, 0 BB",1,0,1,3,1,0,1,0,0,1,0,0,2,0,.214,7,.286,.429,.715,0,0,.---,.---,1,28,0.00,2.0,0,0,0,0,0,0,0,0.92,7,6,1,0,0,21,.750,0,0,0,0,3,1.67,.---,14.00,0,-.--,4.50,0.00,9.00,0.00,0.00,0,0,0,0,0
664141,2026-04-03,San Francisco Giants,New York Mets,"1.1 IP, 3 ER, 2 K, 2 BB",1,0,0,1,0,3,1,0,1,2,2,0,3,0,.300,6,.625,1.167,1.792,0,0,.---,.---,1,38,4.76,1.1,0,0,0,0,0,0,3,1.59,8,4,1,0,0,24,.630,0,0,0,0,7,2.00,.---,28.50,0,1.00,13.50,13.50,20.25,20.25,6.75,0,0,0,0,0
664141,2026-04-05,San Francisco Giants,New York Mets,"1.0 IP, 0 ER, 0 K, BB",1,0,1,1,2,0,0,0,0,0,1,0,1,0,.292,4,.400,.250,.650,0,0,.---,.---,0,19,4.05,1.0,0,0,0,0,0,0,0,1.65,5,3,1,0,0,12,.630,0,0,0,0,1,1.40,.---,19.00,1,0.00,0.00,9.00,9.00,0.00,0.00,0,0,0,0,0
670280,2026-03-27,New York Yankees,San Francisco Giants,"1.0 IP, 0 ER, 0 K, BB",1,0,0,3,0,0,0,0,0,0,1,0,0,0,.000,3,.250,.000,.250,0,0,.---,.---,0,19,0.00,1.0,0,0,1,1,0,0,0,1.00,4,3,1,0,0,13,.680,0,0,0,0,0,3.00,.---,19.00,1,0.00,0.00,9.00,0.00,0.00,0.00,0,0,0,0,0
670280,2026-03-28,New York Yankees,San Francisco Giants,"1.0 IP, 0 ER, K, BB",1,0,0,1,0,0,0,0,0,1,1,0,1,0,.167,3,.500,.333,.833,0,0,.---,.---,1,20,0.00,1.0,0,0,1,1,0,0,0,1.50,4,3,1,0,0,12,.600,0,0,0,0,1,4.00,.---,20.00,1,1.00,9.00,9.00,9.00,0.00,0.00,0,0,0,0,0
670280,2026-04-01,New York Yankees,Seattle Mariners,"1.1 IP, ER, K, 0 BB",1,0,1,2,1,1,1,0,0,1,0,0,3,0,.308,7,.429,.571,1.000,0,0,.---,.---,0,40,2.70,1.1,0,0,1,1,0,0,1,1.80,7,4,1,0,0,27,.680,0,0,0,0,4,6.00,.---,30.00,1,-.--,6.75,0.00,20.25,6.75,0.00,3,2,0,0,0
670280,2026-04-04,New York Yankees,Miami Marlins,"1.0 IP, ER, 2 K, BB",1,0,0,1,0,1,0,0,0,2,1,0,3,0,.368,6,.571,.500,1.071,0,0,.---,.---,0,33,4.15,1.0,0,0,1,1,0,0,1,2.31,7,3,1,0,0,21,.640,0,0,0,0,3,7.00,.---,33.00,1,2.00,18.00,9.00,27.00,9.00,0.00,0,0,0,0,0
676440,2026-03-26,Cleveland Guardians,Seattle Mariners,"5.0 IP, 3 ER, 7 K, 2 BB",1,1,2,3,4,3,1,0,3,7,2,0,4,0,.222,18,.300,.778,1.078,0,0,.---,.---,1,78,5.40,5.0,0,0,0,0,0,0,3,1.20,20,15,1,0,0,48,.620,0,0,0,0,14,0.75,.---,15.60,0,3.50,12.60,3.60,7.20,5.40,5.40,0,0,0,0,0
676440,2026-03-31,Cleveland Guardians,Los Angeles Dodgers,"4.0 IP, ER, 4 K, 2 BB",1,1,3,4,4,1,0,0,0,4,2,0,4,0,.235,16,.333,.250,.583,0,0,.---,.---,0,74,4.00,4.0,0,1,0,0,0,0,1,1.33,18,12,1,0,0,48,.650,0,0,0,0,4,0.88,.000,18.50,0,2.00,9.00,4.50,9.00,2.25,0.00,0,0,0,0,0
676440,2026-04-06,Cleveland Guardians,Kansas City Royals,"4.2 IP, ER, 3 K, BB",1,1,0,6,5,1,1,0,0,3,1,0,5,0,.245,19,.300,.316,.616,0,0,.---,.---,1,87,3.29,4.2,0,0,0,0,0,0,1,1.32,20,14,1,0,0,58,.670,0,0,1,0,6,1.00,.---,18.64,0,3.00,5.79,1.93,9.64,1.93,0.00,0,0,0,0,0
666200,2026-03-29,Philadelphia Phillies,Texas Rangers,"6.0 IP, 6 ER, 7 K, BB",1,1,2,7,4,6,1,0,2,7,1,0,6,0,.250,24,.280,.542,.822,0,0,.---,.---,0,99,9.00,6.0,0,1,0,0,0,0,6,1.17,25,18,1,0,0,59,.600,0,0,0,0,13,1.75,.000,16.50,0,7.00,10.50,1.50,9.00,9.00,3.00,0,0,0,0,0
666200,2026-04-04,Philadelphia Phillies,Colorado Rockies,"6.2 IP, ER, 11 K, 0 BB",1,1,3,5,3,1,0,0,0,11,0,0,5,0,.229,24,.208,.208,.416,1,1,.500,.500,0,99,4.97,6.2,1,0,0,0,0,0,1,0.95,24,20,1,0,0,72,.730,0,0,1,0,5,1.71,1.000,14.85,0,-.--,14.85,0.00,6.75,1.35,0.00,0,0,0,0,0
672335,2026-03-26,Washington Nationals,Chicago Cubs,"1.0 IP, 0 ER, 2 K, 0 BB",1,0,1,0,1,0,0,0,0,2,0,0,0,0,.000,3,.000,.000,.000,0,0,.---,.---,0,12,0.00,1.0,0,0,0,0,0,0,0,0.00,3,3,1,0,0,8,.670,0,0,0,0,0,0.00,.---,12.00,1,-.--,18.00,0.00,0.00,0.00,0.00,0,0,0,0,0
672335,2026-03-29,Washington Nationals,Chicago Cubs,"1.0 IP, ER, K, 0 BB",1,0,1,1,1,1,0,0,1,1,0,0,1,0,.143,4,.250,1.000,1.250,0,0,.---,.---,0,11,4.50,1.0,0,0,0,0,0,0,1,0.50,4,3,1,0,0,8,.730,0,0,0,0,4,0.50,.---,11.00,0,-.--,9.00,0.00,9.00,9.00,9.00,0,0,0,0,0
672335,2026-04-01,Washington Nationals,Philadelphia Phillies,"0.2 IP, ER, 0 K, 0 BB",1,0,1,2,1,1,0,0,1,0,0,0,2,0,.250,5,.400,1.000,1.400,0,0,.---,.---,0,21,6.75,0.2,0,0,0,0,1,0,1,1.13,5,2,1,0,0,14,.670,0,0,0,0,5,1.00,.---,31.50,0,-.--,0.00,0.00,27.00,13.50,13.50,0,0,0,0,0
672335,2026-04-05,Washington Nationals,Los Angeles Dodgers,"0.0 IP, 4 ER, 0 K, 2 BB",1,0,0,0,0,4,1,0,0,0,2,0,3,0,.400,3,1.000,1.333,2.333,0,0,.---,.---,0,20,20.25,0.0,0,1,0,0,0,0,4,3.00,5,0,1,0,0,10,.500,0,0,0,0,4,1.00,.000,-.--,0,0.00,-.--,-.--,-.--,-.--,-.--,0,0,0,0,0
672335,2026-04-06,Washington Nationals,St. Louis Cardinals,"1.0 IP, 0 ER, 0 K, 0 BB",1,0,1,2,1,0,0,0,0,0,0,0,1,0,.368,4,.250,.250,.500,0,0,.---,.---,0,21,14.73,1.0,1,0,0,0,0,0,0,2.45,4,3,1,0,0,14,.670,0,0,1,0,1,1.25,1.000,21.00,1,-.--,0.00,0.00,9.00,0.00,0.00,0,0,0,0,0
623211,2026-03-28,New York Mets,Pittsburgh Pirates,"0.2 IP, 0 ER, K, 0 BB",1,0,0,1,0,0,0,0,0,1,0,0,0,0,.000,2,.000,.000,.000,0,0,.---,.---,0,4,0.00,0.2,0,0,0,0,0,0,0,0.00,2,2,1,0,0,4,1.000,0,0,0,0,0,1.00,.---,6.00,0,-.--,13.50,0.00,0.00,0.00,0.00,2,0,0,0,0
623211,2026-03-29,New York Mets,Pittsburgh Pirates,"1.2 IP, 0 ER, 0 K, 0 BB",1,0,1,3,2,0,0,0,0,0,0,0,0,0,.000,5,.000,.000,.000,0,0,.---,.---,0,14,0.00,1.2,0,0,0,0,0,0,0,0.00,5,5,1,0,0,11,.790,0,0,0,0,0,2.00,.---,8.40,0,-.--,0.00,0.00,0.00,0.00,0.00,0,0,0,0,0
623211,2026-04-01,New York Mets,St. Louis Cardinals,"0.2 IP, 0 ER, K, 0 BB",1,0,0,0,1,0,0,0,0,1,0,0,1,0,.100,3,.333,.333,.666,0,0,.---,.---,0,13,0.00,0.2,0,0,0,1,0,1,0,0.33,3,2,1,0,0,9,.690,0,0,0,0,1,1.33,.---,19.50,0,-.--,13.50,0.00,13.50,0.00,0.00,2,1,0,0,0
623211,2026-04-03,New York Mets,San Francisco Giants,"1.0 IP, 0 ER, K, 0 BB",1,0,0,1,1,0,0,0,0,1,0,0,1,0,.143,4,.250,.250,.500,0,0,.---,.---,0,24,0.00,1.0,0,0,0,0,0,0,0,0.50,4,3,1,0,0,16,.670,0,0,0,0,1,1.25,.---,24.00,0,-.--,9.00,0.00,9.00,0.00,0.00,0,0,0,0,0
623211,2026-04-05,New York Mets,San Francisco Giants,"1.1 IP, 0 ER, 0 K, 0 BB",1,0,1,2,2,0,0,0,0,0,0,0,0,0,.111,4,.000,.000,.000,0,0,.---,.---,0,10,0.00,1.1,1,0,0,0,0,0,0,0.38,4,4,1,0,0,7,.700,0,0,0,0,0,1.17,1.000,7.50,0,-.--,0.00,0.00,0.00,0.00,0.00,1,0,0,0,0
801403,2026-03-30,Colorado Rockies,Toronto Blue Jays,"4.0 IP, 4 ER, 5 K, 2 BB",1,0,4,3,4,4,0,0,3,5,2,0,5,0,.294,17,.368,.824,1.192,0,0,.---,.---,0,74,9.00,4.0,1,0,0,0,0,0,4,1.75,19,12,1,0,0,49,.660,0,0,0,0,14,0.75,1.000,18.50,1,2.50,11.25,4.50,11.25,9.00,6.75,0,0,0,0,0
801403,2026-04-04,Colorado Rockies,Philadelphia Phillies,"4.1 IP, ER, 6 K, BB",1,0,1,5,2,1,1,0,0,6,1,0,4,0,.265,17,.278,.294,.572,0,0,.---,.---,0,71,5.40,4.1,0,1,0,0,0,0,1,1.44,18,13,1,0,0,49,.690,0,0,0,0,5,1.33,.000,16.38,0,6.00,12.46,2.08,8.31,2.08,0.00,0,0,0,0,0
670329,2026-03-29,Baltimore Orioles,Minnesota Twins,"0.1 IP, 0 ER, K, 0 BB",1,0,0,0,0,0,0,0,0,1,0,0,0,0,.000,1,.000,.000,.000,0,0,.---,.---,0,8,0.00,0.1,1,0,0,0,0,0,0,0.00,1,1,1,0,0,5,.630,0,0,0,0,0,-.--,1.000,24.00,0,-.--,27.00,0.00,0.00,0.00,0.00,3,0,0,0,0
670329,2026-03-30,Baltimore Orioles,Texas Rangers,"2.0 IP, 0 ER, 3 K, 0 BB",1,0,1,1,2,0,0,0,0,3,0,0,0,0,.000,6,.000,.000,.000,0,0,.---,.---,0,21,0.00,2.0,0,0,0,0,0,0,0,0.00,6,6,1,0,0,13,.620,0,0,0,0,0,0.50,.---,10.50,0,-.--,13.50,0.00,0.00,0.00,0.00,0,0,0,0,0
670329,2026-04-03,Baltimore Orioles,Pittsburgh Pirates,"1.0 IP, 0 ER, 0 K, 0 BB",1,0,0,3,0,0,0,0,0,0,0,0,0,0,.000,3,.000,.000,.000,0,0,.---,.---,0,8,0.00,1.0,0,0,0,0,0,0,0,0.00,3,3,1,0,0,6,.750,0,0,0,0,0,2.00,.---,8.00,1,-.--,0.00,0.00,0.00,0.00,0.00,0,0,0,0,0
670329,2026-04-04,Baltimore Orioles,Pittsburgh Pirates,"0.1 IP, 0 ER, 0 K, BB",1,0,0,1,0,0,0,0,0,0,1,0,0,0,.000,1,.500,.000,.500,0,0,.---,.---,0,10,0.00,0.1,0,0,0,0,1,0,0,0.27,2,1,1,0,0,5,.500,0,0,0,0,0,2.50,.---,30.00,0,0.00,0.00,27.00,0.00,0.00,0.00,1,0,0,0,0
670329,2026-04-06,Baltimore Orioles,Chicago White Sox,"1.0 IP, 0 ER, K, 0 BB",1,0,0,2,0,0,0,0,0,1,0,0,0,0,.000,3,.000,.000,.000,0,0,.---,.---,0,10,0.00,1.0,0,0,0,0,1,0,0,0.21,3,3,1,0,0,7,.700,0,0,0,0,0,3.50,.---,10.00,0,-.--,9.00,0.00,0.00,0.00,0.00,0,0,0,0,0
680573,2026-03-30,Minnesota Twins,Kansas City Royals,"5.0 IP, 2 ER, 2 K, BB",1,1,4,3,9,2,1,0,1,2,1,0,5,0,.263,19,.300,.474,.774,0,0,.---,.---,0,83,3.60,5.0,0,1,0,0,0,0,2,1.20,20,15,1,0,0,45,.540,0,0,0,0,9,0.33,.000,16.60,0,2.00,3.60,1.80,9.00,3.60,1.80,0,0,0,0,0
680573,2026-04-05,Minnesota Twins,Tampa Bay Rays,"6.2 IP, ER, 4 K, 2 BB",1,1,4,5,10,1,0,0,1,4,2,0,5,0,.233,24,.269,.333,.602,0,1,1.000,.000,1,88,2.31,6.2,0,0,0,0,0,0,1,1.11,26,20,1,0,0,51,.580,0,0,0,0,8,0.42,.---,13.20,0,2.00,5.40,2.70,6.75,1.35,1.35,0,0,0,0,0
676477,2026-03-26,Boston Red Sox,Cincinnati Reds,"1.0 IP, 0 ER, 2 K, 0 BB",1,0,1,0,1,0,1,0,0,2,0,0,1,0,.250,4,.250,.500,.750,0,0,.---,.---,0,18,0.00,1.0,0,0,0,0,1,0,0,1.00,4,3,1,0,0,13,.720,0,0,0,0,2,0.00,.---,18.00,0,-.--,18.00,0.00,9.00,0.00,0.00,0,0,0,0,0
676477,2026-03-28,Boston Red Sox,Cincinnati Reds,"1.0 IP, 0 ER, K, 0 BB",1,0,0,2,0,0,0,0,0,1,0,0,0,0,.143,3,.000,.000,.000,0,0,.---,.---,0,6,0.00,1.0,0,0,0,0,0,0,0,0.50,3,3,1,0,0,5,.830,0,0,0,0,0,2.00,.---,6.00,0,-.--,9.00,0.00,0.00,0.00,0.00,0,0,0,0,0
676477,2026-04-01,Boston Red Sox,Houston Astros,"1.0 IP, 0 ER, K, 2 BB",1,0,0,2,0,0,0,0,0,1,2,0,1,0,.182,4,.500,.250,.750,0,1,1.000,.000,0,37,0.00,1.0,0,0,0,0,0,0,0,1.33,6,3,1,0,0,24,.650,0,0,0,0,1,4.00,.---,37.00,1,0.50,9.00,18.00,9.00,0.00,0.00,0,0,0,0,0
676477,2026-04-06,Boston Red Sox,Milwaukee Brewers,"1.0 IP, ER, 2 K, 2 BB",1,0,1,0,1,2,0,0,0,2,2,0,1,0,.200,4,.500,.250,.750,0,0,.---,.---,0,27,2.25,1.0,0,1,0,0,0,0,1,1.75,6,3,1,0,0,12,.440,0,0,0,0,1,2.00,.000,27.00,0,1.00,18.00,18.00,9.00,18.00,0.00,0,0,0,0,0
694918,2026-04-02,San Francisco Giants,New York Mets,"3.0 IP, 0 ER, 2 K, 0 BB",1,0,0,2,3,0,0,0,0,2,0,0,2,0,.222,9,.222,.222,.444,0,0,.---,.---,1,37,0.00,3.0,0,0,1,1,0,0,0,0.67,9,9,1,0,0,24,.650,0,0,0,0,2,0.67,.---,12.33,1,-.--,6.00,0.00,6.00,0.00,0.00,0,0,0,0,0
694918,2026-04-06,San Francisco Giants,Philadelphia Phillies,"1.0 IP, 0 ER, 2 K, BB",1,0,1,0,1,0,0,0,0,2,1,0,0,0,.167,3,.250,.000,.250,0,1,1.000,.000,0,19,0.00,1.0,0,0,0,0,0,0,0,0.75,4,3,1,0,0,9,.470,0,0,0,0,0,0.50,.---,19.00,1,2.00,18.00,9.00,0.00,0.00,0.00,0,0,0,0,0
664199,2026-03-26,Arizona Diamondbacks,Los Angeles Dodgers,"0.1 IP, 4 ER, 0 K, 0 BB",1,0,1,0,1,4,1,0,1,0,0,0,3,1,.750,4,.800,1.750,2.550,0,0,.---,.---,0,16,108.00,0.1,0,0,0,0,0,0,4,9.00,5,1,1,0,0,10,.630,1,0,0,0,7,0.00,.---,48.00,0,-.--,0.00,0.00,81.00,108.00,27.00,0,0,0,0,0
664199,2026-03-30,Arizona Diamondbacks,Detroit Tigers,"1.0 IP, 0 ER, K, 0 BB",1,0,2,0,2,0,0,0,0,1,0,0,0,0,.429,3,.000,.000,.000,0,0,.---,.---,0,16,27.00,1.0,0,0,0,0,1,0,0,2.25,3,3,1,0,0,10,.630,0,0,0,0,0,0.00,.---,16.00,0,-.--,9.00,0.00,0.00,0.00,0.00,0,0,0,0,0
664199,2026-04-01,Arizona Diamondbacks,Detroit Tigers,"1.0 IP, 0 ER, 2 K, 0 BB",1,0,1,0,1,0,0,0,0,2,0,0,1,0,.364,4,.250,.250,.500,0,0,.---,.---,0,18,15.43,1.0,0,0,0,0,1,0,0,1.71,4,3,1,0,0,11,.610,0,0,0,0,1,0.00,.---,18.00,0,-.--,18.00,0.00,9.00,0.00,0.00,0,0,0,0,0
664199,2026-04-04,Arizona Diamondbacks,Atlanta Braves,"1.0 IP, 0 ER, K, 0 BB",1,0,0,2,0,0,0,0,0,1,0,0,0,0,.286,3,.000,.000,.000,0,0,.---,.---,0,12,10.80,1.0,0,0,0,0,1,0,0,1.20,3,3,1,0,0,7,.580,0,0,0,0,0,0.50,.---,12.00,0,-.--,9.00,0.00,0.00,0.00,0.00,0,0,0,0,0
664199,2026-04-05,Arizona Diamondbacks,Atlanta Braves,"1.1 IP, 0 ER, K, 0 BB",1,0,0,3,0,0,0,0,0,1,0,0,0,0,.222,4,.000,.000,.000,0,0,.---,.---,0,17,7.71,1.1,0,0,0,0,0,0,0,0.86,4,4,1,0,0,9,.530,0,0,0,0,0,1.25,.---,12.75,0,-.--,6.75,0.00,0.00,0.00,0.00,2,0,0,0,0
674444,2026-04-01,Kansas City Royals,Minnesota Twins,"0.2 IP, 0 ER, K, 0 BB",1,0,0,1,0,0,0,0,0,1,0,0,0,0,.000,2,.000,.000,.000,0,0,.---,.---,0,7,0.00,0.2,0,0,0,0,0,0,0,0.00,2,2,1,0,0,5,.710,0,0,0,0,0,1.00,.---,10.50,0,-.--,13.50,0.00,0.00,0.00,0.00,3,0,0,0,0
674444,2026-04-02,Kansas City Royals,Minnesota Twins,"1.0 IP, 3 ER, K, 0 BB",1,0,0,1,1,3,0,0,3,1,0,0,3,0,.375,6,.500,2.000,2.500,0,0,.---,.---,0,27,16.20,1.0,0,0,0,0,0,0,3,1.80,6,3,1,0,0,17,.630,0,0,0,0,12,2.00,.---,27.00,1,-.--,9.00,0.00,27.00,27.00,27.00,0,0,0,0,0
674444,2026-04-04,Kansas City Royals,Milwaukee Brewers,"1.0 IP, 0 ER, K, 0 BB",1,0,1,0,2,0,0,0,0,1,0,0,0,0,.273,3,.000,.000,.000,0,0,.---,.---,0,18,10.13,1.0,0,0,0,0,0,0,0,1.13,3,3,1,0,0,11,.610,0,0,0,0,0,0.67,.---,18.00,1,-.--,9.00,0.00,0.00,0.00,0.00,0,0,0,0,0
674444,2026-04-05,Kansas City Royals,Milwaukee Brewers,"1.0 IP, 0 ER, K, 2 BB",1,0,0,2,0,0,0,0,0,1,2,1,0,0,.214,3,.400,.000,.400,0,2,1.000,.000,0,16,7.36,1.0,0,0,0,0,0,0,0,1.36,5,3,1,0,0,9,.560,0,0,0,0,0,1.33,.---,16.00,0,0.50,9.00,18.00,0.00,0.00,0.00,0,0,0,0,0
594580,2026-03-26,Cincinnati Reds,Boston Red Sox,"1.0 IP, 0 ER, K, 0 BB",1,0,0,2,0,0,0,0,0,1,0,0,0,0,.000,3,.000,.000,.000,0,0,.---,.---,0,6,0.00,1.0,0,0,0,0,0,0,0,0.00,3,3,1,0,0,6,1.000,0,0,0,0,0,2.00,.---,6.00,0,-.--,9.00,0.00,0.00,0.00,0.00,1,0,0,0,0
594580,2026-03-28,Cincinnati Reds,Boston Red Sox,"1.0 IP, 0 ER, 0 K, 0 BB",1,0,1,1,2,0,0,0,0,0,0,0,0,1,.000,3,.250,.000,.250,0,0,.---,.---,0,15,0.00,1.0,0,0,0,0,0,0,0,0.00,4,3,1,0,0,8,.530,1,0,0,0,0,1.50,.---,15.00,0,-.--,0.00,0.00,0.00,0.00,0.00,0,0,0,0,0
594580,2026-03-31,Cincinnati Reds,Pittsburgh Pirates,"1.0 IP, 0 ER, K, 0 BB",1,0,1,1,1,0,0,0,0,1,0,0,0,0,.000,3,.000,.000,.000,0,0,.---,.---,0,15,0.00,1.0,0,0,0,0,0,0,0,0.00,3,3,1,0,0,9,.600,0,0,0,0,0,1.33,.---,15.00,0,-.--,9.00,0.00,0.00,0.00,0.00,0,0,0,0,0
594580,2026-04-03,Cincinnati Reds,Texas Rangers,"1.0 IP, 0 ER, K, BB",1,0,0,2,0,0,0,0,0,1,1,0,0,0,.000,3,.250,.000,.250,0,0,.---,.---,0,12,0.00,1.0,0,0,0,0,1,0,0,0.25,4,3,1,0,0,6,.500,0,0,0,0,0,2.00,.---,12.00,0,1.00,9.00,9.00,0.00,0.00,0.00,1,0,0,0,0
594580,2026-04-05,Cincinnati Reds,Texas Rangers,"0.1 IP, 0 ER, K, 0 BB",1,0,0,0,0,0,0,0,0,1,0,0,0,0,.000,1,.000,.000,.000,0,0,.---,.---,0,6,0.00,0.1,1,0,0,0,0,0,0,0.23,1,1,1,0,0,3,.500,0,0,0,0,0,2.00,1.000,18.00,0,-.--,27.00,0.00,0.00,0.00,0.00,2,0,0,0,0
664208,2026-03-28,Chicago Cubs,Washington Nationals,"0.2 IP, 0 ER, K, 0 BB",1,0,0,1,0,0,0,0,0,1,0,0,0,0,.000,2,.000,.000,.000,0,0,.---,.---,0,9,0.00,0.2,0,0,0,0,0,0,0,0.00,2,2,1,0,0,6,.670,0,0,0,0,0,1.00,.---,13.50,0,-.--,13.50,0.00,0.00,0.00,0.00,1,0,0,0,0
664208,2026-03-29,Chicago Cubs,Washington Nationals,"1.0 IP, 0 ER, K, BB",1,0,1,0,2,0,0,0,0,1,1,0,0,1,.000,2,.400,.000,.400,0,0,.---,.---,0,23,0.00,1.0,0,0,0,0,0,0,0,0.60,5,3,1,0,0,14,.610,1,0,0,0,0,0.50,.---,23.00,0,1.00,9.00,9.00,0.00,0.00,0.00,1,1,0,0,1
664208,2026-03-31,Chicago Cubs,Los Angeles Angels,"0.2 IP, 2 ER, K, 2 BB",1,0,0,1,0,2,1,0,0,1,2,0,2,0,.250,4,.667,.750,1.417,0,0,.---,.---,0,28,7.71,0.2,0,1,0,0,0,0,2,2.14,6,2,1,0,0,18,.640,0,0,0,0,3,1.00,.000,42.00,0,0.50,13.50,27.00,27.00,27.00,0.00,0,0,0,0,0
664208,2026-04-06,Chicago Cubs,Tampa Bay Rays,"1.0 IP, 2 ER, K, BB",1,0,0,0,2,2,0,0,1,1,1,0,1,0,.250,4,.400,1.000,1.400,0,0,.---,.---,0,19,10.80,1.0,0,0,0,0,0,0,2,2.10,5,3,1,0,0,10,.530,0,0,0,0,4,0.50,.---,19.00,0,1.00,9.00,9.00,9.00,18.00,9.00,0,0,0,0,0
676508,2026-03-27,Los Angeles Dodgers,Arizona Diamondbacks,"0.2 IP, 0 ER, K, BB",1,0,1,0,1,0,0,0,0,1,1,0,1,0,.333,3,.500,.333,.833,0,0,.---,.---,0,24,0.00,0.2,0,0,0,0,0,0,0,3.00,4,2,1,0,0,14,.580,0,0,0,0,1,0.00,.---,36.00,0,1.00,13.50,13.50,13.50,0.00,0.00,0,0,0,0,0
676508,2026-04-03,Los Angeles Dodgers,Washington Nationals,"1.0 IP, 0 ER, K, 0 BB",1,0,2,0,2,0,0,0,0,1,0,0,0,0,.167,3,.000,.000,.000,0,0,.---,.---,0,13,0.00,1.0,0,0,0,0,0,0,0,1.20,3,3,1,0,0,8,.620,0,0,0,0,0,0.00,.---,13.00,1,-.--,9.00,0.00,0.00,0.00,0.00,0,0,0,0,0
676508,2026-04-04,Los Angeles Dodgers,Washington Nationals,"1.0 IP, 2 ER, K, 0 BB",1,0,1,1,1,2,0,0,1,1,0,0,2,0,.273,5,.400,1.000,1.400,0,0,.---,.---,0,20,6.75,1.0,0,0,0,0,0,0,2,1.50,5,3,1,0,0,15,.750,0,0,0,0,5,0.25,.---,20.00,0,-.--,9.00,0.00,18.00,18.00,9.00,0,0,0,0,0
666277,2026-03-29,St. Louis Cardinals,Tampa Bay Rays,"1.0 IP, 0 ER, 0 K, 0 BB",1,0,0,1,2,0,0,0,0,0,0,0,0,0,.000,3,.000,.000,.000,0,0,.---,.---,0,12,0.00,1.0,0,0,0,0,0,0,0,0.00,3,3,1,0,0,8,.670,0,0,0,0,0,0.50,.---,12.00,0,-.--,0.00,0.00,0.00,0.00,0.00,0,0,0,0,0
666277,2026-03-30,St. Louis Cardinals,New York Mets,"2.0 IP, 0 ER, 0 K, BB",1,0,1,3,3,0,1,0,0,0,1,1,1,0,.100,7,.250,.286,.536,0,0,.---,.---,0,21,0.00,2.0,0,0,0,0,0,0,0,0.67,8,6,1,0,0,16,.760,0,0,0,0,2,0.80,.---,10.50,1,0.00,0.00,4.50,4.50,0.00,0.00,0,0,0,0,0
666277,2026-04-03,St. Louis Cardinals,Detroit Tigers,"0.2 IP, ER, 0 K, 0 BB",1,0,1,1,1,1,0,0,0,0,0,0,1,1,.154,3,.500,.333,.833,0,1,1.000,.000,0,16,2.45,0.2,0,0,0,0,0,0,1,0.82,4,2,1,0,0,8,.500,1,0,0,0,1,0.83,.---,24.00,0,-.--,0.00,0.00,13.50,13.50,0.00,0,0,0,0,0
666277,2026-04-05,St. Louis Cardinals,Detroit Tigers,"0.1 IP, ER, 0 K, 2 BB",1,0,0,0,1,1,0,0,0,0,2,0,1,0,.214,1,.750,1.000,1.750,0,1,1.000,.000,0,19,4.50,0.1,0,0,0,0,1,0,1,1.50,4,1,1,0,0,10,.530,0,0,0,0,1,0.71,.---,57.00,0,0.00,0.00,54.00,27.00,27.00,0.00,0,0,0,0,1
453286,2026-03-31,Toronto Blue Jays,Colorado Rockies,"6.0 IP, ER, 4 K, BB",1,1,5,5,8,1,0,0,1,4,1,0,4,0,.190,21,.227,.333,.560,0,0,.---,.---,1,83,1.50,6.0,1,0,0,0,0,0,1,0.83,22,18,1,0,0,56,.670,0,0,0,0,7,0.63,1.000,13.83,0,4.00,6.00,1.50,6.00,1.50,1.50,0,0,0,0,0
453286,2026-04-06,Toronto Blue Jays,Los Angeles Dodgers,"2.0 IP, 2 ER, 2 K, BB",1,1,2,0,4,2,0,0,1,2,1,0,2,0,.207,8,.333,.625,.958,0,0,.---,.---,0,36,3.38,2.0,0,1,0,0,0,0,2,1.00,9,6,1,0,0,24,.670,0,0,0,0,5,0.42,.000,18.00,0,2.00,9.00,4.50,9.00,9.00,4.50,0,0,0,0,0
676534,2026-03-28,Miami Marlins,Colorado Rockies,"1.0 IP, 0 ER, K, 0 BB",1,0,0,1,1,0,0,0,0,1,0,0,1,0,.250,4,.250,.250,.500,0,0,.---,.---,0,12,0.00,1.0,1,0,0,0,0,0,0,1.00,4,3,1,0,0,10,.830,0,0,0,0,1,1.00,1.000,12.00,0,-.--,9.00,0.00,9.00,0.00,0.00,0,0,0,0,0
676534,2026-03-31,Miami Marlins,Chicago White Sox,"1.0 IP, 0 ER, 2 K, 0 BB",1,0,0,1,0,0,0,0,0,2,0,0,0,0,.143,3,.000,.000,.000,0,0,.---,.---,0,17,0.00,1.0,0,0,0,0,0,0,0,0.50,3,3,1,0,0,10,.590,0,0,0,0,0,2.00,.---,17.00,0,-.--,18.00,0.00,0.00,0.00,0.00,0,0,0,0,0
676534,2026-04-04,Miami Marlins,New York Yankees,"1.0 IP, 0 ER, 2 K, BB",1,0,0,1,0,1,0,0,0,2,1,0,0,0,.100,3,.250,.000,.250,0,1,1.000,.000,0,16,0.00,1.0,0,0,0,0,0,0,0,0.67,4,3,1,0,0,9,.560,0,0,0,0,0,3.00,.---,16.00,0,2.00,18.00,9.00,0.00,9.00,0.00,0,0,0,0,0
676534,2026-04-05,Miami Marlins,New York Yankees,"1.0 IP, 0 ER, K, BB",1,0,2,0,2,0,0,0,0,1,1,0,0,0,.077,3,.250,.000,.250,0,0,.---,.---,0,23,0.00,1.0,0,0,0,0,1,0,0,0.75,4,3,1,0,0,12,.520,0,0,0,0,0,1.00,.---,23.00,0,1.00,9.00,9.00,0.00,0.00,0.00,0,0,0,0,0
621237,2026-03-28,Philadelphia Phillies,Texas Rangers,"1.0 IP, 0 ER, 2 K, 0 BB",1,0,0,0,1,0,0,0,0,2,0,0,1,0,.250,4,.250,.250,.500,0,0,.---,.---,0,18,0.00,1.0,0,0,0,0,0,0,0,1.00,4,3,1,0,0,12,.670,0,0,0,0,1,0.00,.---,18.00,0,-.--,18.00,0.00,9.00,0.00,0.00,0,0,0,0,0
621237,2026-03-30,Philadelphia Phillies,Washington Nationals,"0.1 IP, 4 ER, K, 2 BB",1,0,0,0,0,4,0,0,0,1,2,0,3,0,.500,4,.833,.750,1.583,0,0,.---,.---,0,29,27.00,0.1,0,0,0,0,0,0,4,4.50,6,1,1,0,0,18,.620,0,0,1,0,3,0.00,.---,87.00,0,0.50,27.00,54.00,81.00,108.00,0.00,0,0,0,0,0
621237,2026-04-01,Philadelphia Phillies,Washington Nationals,"1.0 IP, 0 ER, 0 K, 0 BB",1,0,1,1,1,0,0,0,0,0,0,0,1,0,.455,3,.333,.333,.666,1,0,.000,1.000,0,8,15.43,1.0,0,0,0,0,0,0,0,3.00,3,3,1,0,0,6,.750,0,0,0,0,1,0.50,.---,8.00,0,-.--,0.00,0.00,9.00,0.00,0.00,0,0,0,0,0
621237,2026-04-04,Philadelphia Phillies,Colorado Rockies,"0.1 IP, 0 ER, K, BB",1,0,0,0,0,0,0,0,0,1,1,0,0,0,.417,1,.500,.000,.500,0,0,.---,.---,0,12,13.50,0.1,0,0,0,0,1,0,0,3.00,2,1,1,0,0,5,.420,0,0,0,0,0,0.50,.---,36.00,0,1.00,27.00,27.00,0.00,0.00,0.00,1,0,0,0,0
621237,2026-04-06,Philadelphia Phillies,San Francisco Giants,"1.0 IP, 0 ER, K, 0 BB",1,0,1,0,2,0,0,0,0,1,0,0,0,0,.333,3,.000,.000,.000,0,0,.---,.---,0,22,9.82,1.0,0,0,0,0,1,0,0,2.18,3,3,1,0,0,14,.640,0,0,0,0,0,0.25,.---,22.00,0,-.--,9.00,0.00,0.00,0.00,0.00,0,0,0,0,0
621242,2026-03-27,Los Angeles Dodgers,Arizona Diamondbacks,"1.0 IP, 0 ER, 2 K, BB",1,0,0,1,0,0,0,0,0,2,1,0,0,0,.000,3,.250,.000,.250,0,1,1.000,.000,0,17,0.00,1.0,0,0,1,1,0,0,0,1.00,4,3,1,0,0,10,.590,0,0,0,0,0,1.00,.---,17.00,1,2.00,18.00,9.00,0.00,0.00,0.00,0,0,0,0,0
621242,2026-03-28,Los Angeles Dodgers,Arizona Diamondbacks,"1.0 IP, 0 ER, 0 K, 0 BB",1,0,3,0,3,0,0,0,0,0,0,0,0,0,.000,3,.000,.000,.000,0,0,.---,.---,0,10,0.00,1.0,0,0,1,1,0,0,0,0.50,3,3,1,0,0,6,.600,0,0,0,0,0,0.33,.---,10.00,1,-.--,0.00,0.00,0.00,0.00,0.00,0,0,0,0,0
621242,2026-03-31,Los Angeles Dodgers,Cleveland Guardians,"1.0 IP, ER, 2 K, BB",1,0,1,0,1,1,0,0,0,2,1,0,1,1,.100,4,.500,.250,.750,0,0,.---,.---,0,33,3.00,1.0,0,0,0,0,0,0,1,1.00,6,3,1,0,0,21,.640,1,0,1,0,1,0.25,.---,33.00,1,2.00,18.00,9.00,9.00,9.00,0.00,0,0,0,0,0
621242,2026-04-05,Los Angeles Dodgers,Washington Nationals,"1.0 IP, 0 ER, K, 0 BB",1,0,0,1,1,0,0,0,0,1,0,0,0,0,.077,3,.000,.000,.000,0,0,.---,.---,0,13,2.25,1.0,0,0,1,1,0,0,0,0.75,3,3,1,0,0,8,.620,0,0,0,0,0,0.40,.---,13.00,1,-.--,9.00,0.00,0.00,0.00,0.00,0,0,0,0,0
694973,2026-03-26,Pittsburgh Pirates,New York Mets,"0.2 IP, 5 ER, K, 2 BB",1,1,1,0,1,5,1,1,0,1,2,0,4,1,.800,5,.778,1.400,2.178,0,0,.---,.---,0,37,67.50,0.2,0,1,0,0,0,0,5,9.00,9,2,1,0,0,26,.700,1,0,0,0,7,0.00,.000,55.50,0,0.50,13.50,27.00,54.00,67.50,0.00,0,0,0,0,1
694973,2026-04-01,Pittsburgh Pirates,Cincinnati Reds,"5.0 IP, ER, 5 K, 2 BB",1,1,4,3,7,1,1,0,0,5,2,0,3,0,.304,18,.250,.222,.472,0,0,.---,.---,0,77,9.53,5.0,1,0,0,0,0,0,1,1.94,20,15,1,0,0,51,.660,0,0,0,0,4,0.38,1.000,15.40,0,2.50,9.00,3.60,5.40,1.80,0.00,0,0,0,0,0
527048,2026-03-31,Atlanta Braves,Athletics,"4.1 IP, 0 ER, 3 K, 0 BB",1,0,4,3,6,0,0,0,0,3,0,0,2,0,.143,14,.143,.143,.286,0,0,.---,.---,1,47,0.00,4.1,0,0,0,0,0,0,0,0.46,14,13,1,0,0,31,.660,0,0,0,0,2,0.50,.---,10.85,1,-.--,6.23,0.00,4.15,0.00,0.00,0,0,0,0,0
527048,2026-04-05,Atlanta Braves,Arizona Diamondbacks,"5.0 IP, 4 ER, K, BB",1,1,3,6,7,4,1,1,0,1,1,0,5,0,.226,17,.316,.471,.787,0,0,.---,.---,1,75,3.86,5.0,0,0,0,0,0,0,4,0.86,20,15,1,0,0,47,.630,0,0,0,0,8,0.69,.---,15.00,0,1.00,1.80,1.80,9.00,7.20,0.00,0,0,0,1,1
672456,2026-04-05,Detroit Tigers,St. Louis Cardinals,"4.1 IP, 2 ER, 3 K, BB",1,1,3,4,6,3,0,0,0,3,1,0,3,0,.188,16,.235,.188,.423,0,0,.---,.---,0,63,4.15,4.1,0,1,0,0,0,0,2,0.92,17,13,1,0,0,40,.630,0,0,0,0,3,0.67,.000,14.54,0,3.00,6.23,2.08,6.23,6.23,0.00,0,0,0,0,0
678606,2026-03-26,Seattle Mariners,Cleveland Guardians,"0.2 IP, 0 ER, 0 K, 0 BB",1,0,1,1,1,0,0,0,0,0,0,0,2,0,.500,4,.500,.500,1.000,0,0,.---,.---,0,11,0.00,0.2,0,0,0,0,0,0,0,3.00,4,2,1,0,0,7,.640,0,0,0,0,2,1.00,.---,16.50,0,-.--,0.00,0.00,27.00,0.00,0.00,0,0,0,0,0
678606,2026-03-30,Seattle Mariners,New York Yankees,"0.1 IP, 0 ER, 0 K, 0 BB",1,0,0,2,0,1,0,0,0,0,0,0,1,0,.429,3,.333,.333,.666,0,0,.---,.---,0,15,0.00,0.1,0,0,0,0,1,0,0,3.00,3,1,1,0,0,10,.670,0,0,1,0,1,3.00,.---,45.00,0,-.--,0.00,0.00,27.00,27.00,0.00,0,0,0,0,0
678606,2026-04-01,Seattle Mariners,New York Yankees,"1.0 IP, 0 ER, 2 K, 0 BB",1,0,1,0,1,0,0,0,0,2,0,0,0,0,.300,3,.000,.000,.000,0,0,.---,.---,0,13,0.00,1.0,0,0,0,0,0,0,0,1.50,3,3,1,0,0,9,.690,0,0,0,0,0,1.50,.---,13.00,0,-.--,18.00,0.00,0.00,0.00,0.00,0,0,0,0,0
678606,2026-04-05,Seattle Mariners,Los Angeles Angels,"1.0 IP, 2 ER, K, 0 BB",1,0,0,1,1,2,1,0,0,1,0,0,4,0,.438,6,.667,.833,1.500,0,0,.---,.---,0,19,6.00,1.0,0,0,0,0,0,0,2,2.33,7,3,1,0,0,14,.740,0,0,1,0,5,1.33,.---,19.00,0,-.--,9.00,0.00,36.00,18.00,0.00,2,1,0,1,0
678606,2026-04-06,Seattle Mariners,Texas Rangers,"1.0 IP, 0 ER, 2 K, 0 BB",1,0,0,0,1,0,0,0,0,2,0,0,0,0,.368,3,.000,.000,.000,0,0,.---,.---,0,12,4.50,1.0,0,0,0,0,0,0,0,1.75,3,3,1,0,0,8,.670,0,0,0,0,0,1.00,.---,12.00,0,-.--,18.00,0.00,0.00,0.00,0.00,0,0,0,0,0
686799,2026-03-29,Los Angeles Angels,Houston Astros,"4.0 IP, 5 ER, 3 K, 5 BB",1,1,2,5,5,6,2,0,0,3,5,0,4,0,.235,17,.409,.353,.762,0,0,.---,.---,0,94,11.25,4.0,0,0,0,0,0,0,5,2.25,22,12,1,0,0,55,.590,0,0,1,0,6,1.00,.---,23.50,0,0.60,6.75,11.25,9.00,13.50,0.00,0,0,0,0,0
686799,2026-04-04,Los Angeles Angels,Seattle Mariners,"5.2 IP, 0 ER, 7 K, 2 BB",1,1,4,5,5,0,1,0,0,7,2,0,4,0,.211,21,.261,.238,.499,0,0,.---,.---,0,86,4.66,5.2,1,0,0,0,0,0,0,1.55,23,17,1,0,0,61,.710,0,0,0,0,5,1.00,1.000,15.18,0,3.50,11.12,3.18,6.35,0.00,0.00,0,0,0,0,0
641745,2026-03-29,Philadelphia Phillies,Texas Rangers,"1.0 IP, 0 ER, K, 0 BB",1,0,0,2,0,0,0,0,0,1,0,0,0,0,.000,3,.000,.000,.000,0,0,.---,.---,0,16,0.00,1.0,0,0,0,0,0,0,0,0.00,3,3,1,0,0,11,.690,0,0,0,0,0,2.00,.---,16.00,0,-.--,9.00,0.00,0.00,0.00,0.00,0,0,0,0,0
641745,2026-03-31,Philadelphia Phillies,Washington Nationals,"1.0 IP, 0 ER, 0 K, BB",1,0,0,3,0,0,0,0,0,0,1,0,0,0,.000,3,.250,.000,.250,0,0,.---,.---,0,15,0.00,1.0,0,0,0,0,1,0,0,0.50,4,3,1,0,0,9,.600,0,0,0,0,0,5.00,.---,15.00,0,0.00,0.00,9.00,0.00,0.00,0.00,0,0,0,0,0
641745,2026-04-01,Philadelphia Phillies,Washington Nationals,"1.0 IP, 3 ER, K, 0 BB",1,0,1,1,1,3,0,0,1,1,0,0,3,0,.250,6,.500,1.000,1.500,0,0,.---,.---,0,22,9.00,1.0,0,0,0,0,0,0,3,1.33,6,3,1,0,0,17,.770,0,0,0,0,6,6.00,.---,22.00,0,-.--,9.00,0.00,27.00,27.00,9.00,0,0,0,0,0
641745,2026-04-04,Philadelphia Phillies,Colorado Rockies,"1.0 IP, 0 ER, 0 K, 0 BB",1,0,2,1,2,0,0,0,0,0,0,0,1,0,.250,4,.250,.250,.500,0,0,.---,.---,0,13,6.75,1.0,0,0,0,0,1,0,0,1.25,4,3,1,0,0,11,.850,0,0,1,0,1,2.33,.---,13.00,0,-.--,0.00,0.00,9.00,0.00,0.00,0,0,0,0,0
641745,2026-04-06,Philadelphia Phillies,San Francisco Giants,"1.0 IP, 0 ER, 2 K, 0 BB",1,0,0,1,0,0,0,0,0,2,0,0,1,0,.250,4,.250,.250,.500,0,0,.---,.---,0,20,5.40,1.0,0,0,0,0,1,0,0,1.20,4,3,1,0,0,13,.650,0,0,0,0,1,2.67,.---,20.00,0,-.--,18.00,0.00,9.00,0.00,0.00,0,0,0,0,0
641743,2026-03-29,Chicago White Sox,Milwaukee Brewers,"4.2 IP, 2 ER, 5 K, 4 BB",1,1,1,6,3,2,2,0,1,5,4,0,3,0,.176,17,.333,.471,.804,0,0,.---,.---,0,92,3.86,4.2,0,0,0,0,0,0,2,1.50,21,14,1,0,0,54,.590,0,0,0,0,8,2.00,.---,19.71,0,1.25,9.64,7.71,5.79,3.86,1.93,0,0,0,0,0
641743,2026-04-04,Chicago White Sox,Toronto Blue Jays,"4.1 IP, 2 ER, 0 K, 2 BB",1,0,3,8,6,2,0,0,1,0,2,0,3,0,.176,17,.263,.353,.616,0,1,1.000,.000,0,76,4.00,4.1,0,0,0,0,0,0,2,1.33,19,13,1,0,0,46,.610,0,0,0,0,6,1.56,.---,17.54,0,0.00,0.00,4.15,6.23,4.15,2.08,0,0,0,0,0
676571,2026-03-26,Washington Nationals,Chicago Cubs,"1.0 IP, 0 ER, 0 K, BB",1,0,0,1,2,0,0,0,0,0,1,0,1,0,.250,4,.400,.250,.650,0,0,.---,.---,0,24,0.00,1.0,0,0,0,0,0,0,0,2.00,5,3,1,0,0,13,.540,0,0,0,0,1,0.50,.---,24.00,0,0.00,0.00,9.00,9.00,0.00,0.00,1,0,0,0,0
676571,2026-03-29,Washington Nationals,Chicago Cubs,"0.2 IP, 0 ER, K, BB",1,0,1,0,1,0,0,0,0,1,1,0,0,0,.167,2,.333,.000,.333,0,0,.---,.---,0,14,0.00,0.2,0,0,0,0,1,0,0,1.80,3,2,1,0,0,8,.570,0,0,0,0,0,0.33,.---,21.00,0,1.00,13.50,13.50,0.00,0.00,0.00,0,0,0,0,0
676571,2026-03-31,Washington Nationals,Philadelphia Phillies,"1.0 IP, 0 ER, K, 0 BB",1,1,1,1,1,0,0,0,0,1,0,0,0,0,.111,3,.000,.000,.000,0,0,.---,.---,0,9,0.00,1.0,0,0,0,0,0,0,0,1.13,3,3,1,0,0,7,.780,0,0,0,0,0,0.50,.---,9.00,0,-.--,9.00,0.00,0.00,0.00,0.00,0,0,0,0,0
676571,2026-04-01,Washington Nationals,Philadelphia Phillies,"0.1 IP, ER, 0 K, 2 BB",1,0,1,0,1,1,0,0,0,0,2,0,0,0,.100,1,.667,.000,.667,0,0,.---,.---,0,15,3.00,0.1,0,0,0,0,1,0,1,1.67,3,1,1,0,0,6,.400,0,0,1,0,0,0.40,.---,45.00,0,0.00,0.00,54.00,0.00,27.00,0.00,1,0,0,0,0
676571,2026-04-05,Washington Nationals,Los Angeles Dodgers,"2.0 IP, 2 ER, 2 K, 0 BB",1,0,3,1,3,2,1,0,1,2,0,0,2,0,.167,8,.250,.750,1.000,0,0,.---,.---,0,34,5.40,2.0,0,0,0,0,0,0,2,1.40,8,6,1,0,0,22,.650,0,0,0,0,6,0.38,.---,17.00,0,-.--,9.00,0.00,9.00,9.00,4.50,0,0,0,0,0
641755,2026-03-27,Atlanta Braves,Kansas City Royals,"1.0 IP, 0 ER, K, 0 BB",1,0,0,1,1,0,0,0,0,1,0,0,0,0,.000,3,.000,.000,.000,0,0,.---,.---,0,13,0.00,1.0,0,0,0,0,0,0,0,0.00,3,3,1,0,0,9,.690,0,0,0,0,0,1.00,.---,13.00,1,-.--,9.00,0.00,0.00,0.00,0.00,0,0,0,0,0
641755,2026-04-02,Atlanta Braves,Arizona Diamondbacks,"1.0 IP, 0 ER, K, 0 BB",1,0,1,1,1,0,0,0,0,1,0,0,0,0,.000,3,.000,.000,.000,0,0,.---,.---,0,10,0.00,1.0,0,0,0,0,0,0,0,0.00,3,3,1,0,0,6,.600,0,0,0,0,0,1.00,.---,10.00,0,-.--,9.00,0.00,0.00,0.00,0.00,0,0,0,0,0
641755,2026-04-04,Atlanta Braves,Arizona Diamondbacks,"1.0 IP, 0 ER, K, 0 BB",1,0,0,1,1,0,0,0,0,1,0,0,0,0,.000,3,.000,.000,.000,0,0,.---,.---,0,7,0.00,1.0,0,0,0,0,0,0,0,0.00,3,3,1,0,0,6,.860,0,0,0,0,0,1.00,.---,7.00,1,-.--,9.00,0.00,0.00,0.00,0.00,0,0,0,0,0
641755,2026-04-05,Atlanta Braves,Arizona Diamondbacks,"1.0 IP, 0 ER, 0 K, BB",1,0,0,2,1,0,0,0,0,0,1,0,1,0,.077,4,.400,.250,.650,0,2,1.000,.000,0,19,0.00,1.0,0,0,0,0,0,0,0,0.50,5,3,1,0,0,9,.470,0,0,0,0,1,1.25,.---,19.00,0,0.00,0.00,9.00,9.00,0.00,0.00,1,1,0,0,0
664285,2026-03-27,Detroit Tigers,San Diego Padres,"6.0 IP, ER, 5 K, BB",1,1,4,5,7,2,3,0,0,5,1,0,7,0,.292,24,.320,.417,.737,0,0,.---,.---,1,83,1.50,6.0,0,0,0,0,0,0,1,1.33,25,18,1,0,0,63,.760,0,0,0,0,10,0.71,.---,13.83,0,5.00,7.50,1.50,10.50,3.00,0.00,0,0,0,0,0
664285,2026-04-03,Detroit Tigers,St. Louis Cardinals,"6.0 IP, 0 ER, 5 K, 2 BB",1,1,2,9,5,0,0,0,0,5,2,0,3,0,.217,22,.208,.136,.344,0,0,.---,.---,0,91,0.75,6.0,1,0,0,0,0,0,0,1.08,24,18,1,0,0,61,.670,0,0,0,0,3,1.17,1.000,15.17,0,2.50,7.50,3.00,4.50,0.00,0.00,0,0,0,0,0
664299,2026-03-28,Houston Astros,Los Angeles Angels,"4.2 IP, 6 ER, K, 4 BB",1,1,5,5,5,6,0,0,2,1,4,0,4,2,.267,15,.476,.667,1.143,0,0,.---,.---,3,74,11.57,4.2,0,0,0,0,0,0,6,1.71,21,14,1,0,0,41,.550,2,0,0,0,10,1.00,.---,15.86,0,0.25,1.93,7.71,7.71,11.57,3.86,0,0,0,0,0
664299,2026-04-03,Houston Astros,Athletics,"3.2 IP, 6 ER, 2 K, 5 BB",1,1,4,1,7,6,1,0,0,2,5,0,6,0,.323,16,.524,.438,.962,0,0,.---,.---,1,82,12.96,3.2,0,1,0,0,0,0,6,2.28,21,11,1,0,0,44,.540,0,0,0,0,7,0.50,.000,22.36,0,0.40,4.91,12.27,14.73,14.73,0.00,0,0,0,0,0
668390,2026-03-28,Texas Rangers,Philadelphia Phillies,"1.0 IP, 0 ER, 2 K, BB",1,0,1,0,1,0,0,0,0,2,1,0,1,0,.250,4,.400,.250,.650,0,0,.---,.---,0,19,0.00,1.0,0,0,0,0,0,0,0,2.00,5,3,1,0,0,13,.680,0,0,0,0,1,0.00,.---,19.00,0,2.00,18.00,9.00,9.00,0.00,0.00,1,0,0,0,0
668390,2026-03-29,Texas Rangers,Philadelphia Phillies,"0.2 IP, 0 ER, 0 K, 0 BB",1,0,0,1,1,0,0,0,0,0,0,0,0,0,.200,1,.000,.000,.000,0,0,.---,.---,0,11,0.00,0.2,0,0,0,0,1,0,0,1.20,2,2,1,0,0,7,.640,0,0,0,0,0,0.50,.---,16.50,0,-.--,0.00,0.00,0.00,0.00,0.00,3,1,0,0,1
668390,2026-03-31,Texas Rangers,Baltimore Orioles,"1.1 IP, 0 ER, K, BB",1,0,1,1,2,0,0,0,0,1,1,0,0,0,.111,4,.200,.000,.200,0,0,.---,.---,0,14,0.00,1.1,1,0,0,0,0,0,0,1.00,5,4,1,0,0,9,.640,0,0,0,0,0,0.50,1.000,10.50,0,1.00,6.75,6.75,0.00,0.00,0.00,1,0,0,0,0
668390,2026-04-03,Texas Rangers,Cincinnati Reds,"1.0 IP, 0 ER, K, 0 BB",1,0,2,0,2,0,0,0,0,1,0,0,2,0,.214,5,.400,.400,.800,0,0,.---,.---,0,17,0.00,1.0,0,0,0,0,0,0,0,1.25,5,3,1,0,0,11,.650,0,0,0,0,2,0.33,.---,17.00,0,-.--,9.00,0.00,18.00,0.00,0.00,0,0,0,0,0
668390,2026-04-05,Texas Rangers,Cincinnati Reds,"1.0 IP, 0 ER, K, 0 BB",1,0,1,1,1,0,1,0,0,1,0,0,1,0,.222,4,.250,.500,.750,0,0,.---,.---,0,14,0.00,1.0,0,0,0,0,0,0,0,1.20,4,3,1,0,0,10,.710,0,0,1,0,2,0.43,.---,14.00,0,-.--,9.00,0.00,9.00,0.00,0.00,0,0,0,0,0
668390,2026-04-06,Texas Rangers,Seattle Mariners,"0.1 IP, 0 ER, 0 K, 0 BB",1,0,1,0,1,0,0,0,0,0,0,0,0,0,.211,1,.000,.000,.000,0,0,.---,.---,0,3,0.00,0.1,0,0,0,0,1,0,0,1.13,1,1,1,0,0,2,.670,0,0,0,0,0,0.38,.---,9.00,0,-.--,0.00,0.00,0.00,0.00,0.00,1,0,0,0,0
662253,2026-03-27,Seattle Mariners,Cleveland Guardians,"1.0 IP, 0 ER, 2 K, 0 BB",1,0,0,1,0,0,0,0,0,2,0,0,1,0,.250,4,.250,.250,.500,0,0,.---,.---,0,17,0.00,1.0,0,0,0,0,0,0,0,1.00,4,3,1,0,0,11,.650,0,0,0,0,1,1.00,.---,17.00,1,-.--,18.00,0.00,9.00,0.00,0.00,0,0,0,0,0
662253,2026-03-28,Seattle Mariners,Cleveland Guardians,"1.0 IP, 2 ER, K, 0 BB",1,0,0,2,0,3,0,0,1,1,0,0,2,0,.333,5,.400,1.000,1.400,0,0,.---,.---,0,20,9.00,1.0,0,1,0,0,0,0,2,1.50,5,3,1,0,0,13,.650,0,0,0,0,5,3.00,.000,20.00,1,-.--,9.00,0.00,18.00,27.00,9.00,0,0,0,0,0
662253,2026-04-03,Seattle Mariners,Los Angeles Angels,"1.0 IP, 0 ER, 3 K, 0 BB",1,0,0,0,0,0,0,0,0,3,0,0,0,0,.250,3,.000,.000,.000,0,0,.---,.---,0,16,6.00,1.0,1,0,0,0,0,0,0,1.00,3,3,1,0,0,11,.690,0,0,0,0,0,3.00,1.000,16.00,0,-.--,27.00,0.00,0.00,0.00,0.00,0,0,0,0,0
662253,2026-04-05,Seattle Mariners,Los Angeles Angels,"1.0 IP, 0 ER, K, 0 BB",1,0,0,1,1,0,0,0,0,1,0,0,0,0,.200,3,.000,.000,.000,0,0,.---,.---,0,16,4.50,1.0,0,0,0,0,0,0,0,0.75,3,3,1,0,0,10,.630,0,0,0,0,0,4.00,.---,16.00,0,-.--,9.00,0.00,0.00,0.00,0.00,0,0,0,0,0
641778,2026-03-29,Toronto Blue Jays,Athletics,"5.1 IP, 2 ER, 9 K, BB",1,1,3,1,6,2,1,0,1,9,1,0,3,0,.158,19,.200,.368,.568,0,0,.---,.---,0,87,3.38,5.1,1,0,0,0,0,0,2,0.75,20,16,1,0,0,58,.670,0,0,0,0,7,0.17,1.000,16.31,0,9.00,15.19,1.69,5.06,3.38,1.69,0,0,0,0,0
641778,2026-04-05,Toronto Blue Jays,Chicago White Sox,"2.0 IP, 2 ER, 0 K, 3 BB",1,1,1,4,2,2,1,1,0,0,3,0,3,0,.214,9,.500,.667,1.167,0,1,1.000,.000,0,49,4.91,2.0,0,1,0,0,0,0,2,1.36,12,6,1,0,0,26,.530,0,0,0,0,6,0.63,.000,24.50,0,0.00,0.00,13.50,13.50,9.00,0.00,0,0,0,0,0
690925,2026-03-26,Washington Nationals,Chicago Cubs,"1.0 IP, 0 ER, K, 2 BB",1,0,0,2,0,0,0,0,0,1,2,0,0,0,.000,3,.400,.000,.400,0,0,.---,.---,0,24,0.00,1.0,0,0,0,0,0,0,0,2.00,5,3,1,0,0,12,.500,0,0,1,0,0,2.00,.---,24.00,0,0.50,9.00,18.00,0.00,0.00,0.00,0,0,0,0,0
690925,2026-03-29,Washington Nationals,Chicago Cubs,"1.0 IP, 0 ER, 0 K, 0 BB",1,0,0,2,1,0,0,0,0,0,0,0,0,0,.000,3,.000,.000,.000,0,0,.---,.---,0,6,0.00,1.0,0,0,1,1,0,0,0,1.00,3,3,1,0,0,6,1.000,0,0,0,0,0,4.00,.---,6.00,1,-.--,0.00,0.00,0.00,0.00,0.00,0,0,0,0,0
690925,2026-04-01,Washington Nationals,Philadelphia Phillies,"1.0 IP, ER, 0 K, 0 BB",1,0,1,2,1,1,0,0,0,0,0,0,1,0,.100,4,.250,.250,.500,0,0,.---,.---,0,16,3.00,1.0,0,0,0,0,1,0,1,1.00,4,3,1,0,0,10,.630,0,0,0,0,1,3.00,.---,16.00,0,-.--,0.00,0.00,9.00,9.00,0.00,2,0,0,0,0
690925,2026-04-05,Washington Nationals,Los Angeles Dodgers,"1.2 IP, ER, 2 K, 0 BB",1,0,1,2,1,1,0,0,1,2,0,0,1,0,.133,5,.167,.800,.967,0,0,.---,.---,0,25,3.86,1.2,0,0,0,1,0,1,1,0.86,6,5,1,0,0,16,.640,0,0,0,0,4,2.67,.---,15.00,0,-.--,10.80,0.00,5.40,5.40,5.40,3,2,0,0,1
680694,2026-03-28,Baltimore Orioles,Minnesota Twins,"4.2 IP, 2 ER, 4 K, 3 BB",1,1,4,4,6,3,0,0,1,4,3,0,2,0,.133,15,.263,.333,.596,0,0,.---,.---,0,83,3.86,4.2,0,1,0,0,0,0,2,1.07,19,14,1,0,0,50,.600,0,0,0,0,5,0.67,.000,17.79,0,1.33,7.71,5.79,3.86,5.79,1.93,0,0,0,0,1
680694,2026-04-03,Baltimore Orioles,Pittsburgh Pirates,"4.0 IP, 4 ER, 6 K, 3 BB",1,1,1,3,1,4,3,0,0,6,3,0,6,0,.258,16,.474,.563,1.037,1,0,.000,1.000,1,81,6.23,4.0,0,1,0,0,0,0,4,1.62,19,12,1,0,0,51,.630,0,0,0,0,9,1.00,.000,20.25,0,2.00,13.50,6.75,13.50,9.00,0.00,0,0,0,0,0
676596,2026-04-06,Toronto Blue Jays,Los Angeles Dodgers,"3.0 IP, 4 ER, K, 2 BB",1,0,3,5,3,4,0,0,1,1,2,0,6,1,.429,14,.500,.643,1.143,0,0,.---,.---,1,77,12.00,3.0,0,0,0,0,0,0,4,2.67,18,9,1,0,0,45,.580,1,0,0,0,9,1.67,.---,25.67,0,0.50,3.00,6.00,18.00,12.00,3.00,0,0,0,0,1
688883,2026-03-27,Cleveland Guardians,Seattle Mariners,"2.0 IP, 0 ER, 2 K, 0 BB",1,0,0,1,3,0,0,0,0,2,0,0,0,0,.000,6,.000,.000,.000,0,0,.---,.---,0,21,0.00,2.0,0,0,0,0,0,0,0,0.00,6,6,1,0,0,14,.670,0,0,0,0,0,0.33,.---,10.50,1,-.--,9.00,0.00,0.00,0.00,0.00,0,0,0,0,0
688883,2026-03-29,Cleveland Guardians,Seattle Mariners,"1.2 IP, ER, K, BB",1,0,1,0,4,1,1,0,0,1,1,0,2,1,.154,7,.444,.429,.873,0,0,.---,.---,0,38,2.45,1.2,0,0,0,0,0,0,1,0.82,9,5,1,0,0,21,.550,1,0,1,0,3,0.14,.---,22.80,0,1.00,5.40,5.40,10.80,5.40,0.00,1,0,0,0,0
688883,2026-04-05,Cleveland Guardians,Chicago Cubs,"1.0 IP, 0 ER, 2 K, 0 BB",1,0,0,1,0,0,0,0,0,2,0,0,0,1,.125,3,.250,.000,.250,0,0,.---,.---,0,15,1.93,1.0,0,0,0,0,0,0,0,0.64,4,3,1,0,0,10,.670,1,0,0,0,0,0.29,.---,15.00,1,-.--,18.00,0.00,0.00,0.00,0.00,0,0,0,0,0
688883,2026-04-06,Cleveland Guardians,Kansas City Royals,"2.0 IP, ER, 3 K, 0 BB",1,0,1,1,1,1,0,0,1,3,0,0,3,0,.208,8,.375,.750,1.125,0,0,.---,.---,1,30,2.70,2.0,0,1,0,0,0,0,1,0.90,8,6,1,0,0,22,.730,0,0,0,0,6,0.38,.000,15.00,0,-.--,13.50,0.00,13.50,4.50,4.50,0,0,0,0,0
699134,2026-03-26,San Diego Padres,Detroit Tigers,"2.0 IP, 0 ER, 3 K, 0 BB",1,0,0,1,2,0,0,0,0,3,0,0,0,0,.000,6,.000,.000,.000,0,0,.---,.---,0,20,0.00,2.0,0,0,0,0,0,0,0,0.00,6,6,1,0,0,14,.700,0,0,0,0,0,0.50,.---,10.00,0,-.--,13.50,0.00,0.00,0.00,0.00,0,0,0,0,0
699134,2026-03-31,San Diego Padres,San Francisco Giants,"1.2 IP, 0 ER, K, 0 BB",1,0,1,3,1,0,0,0,0,1,0,0,1,0,.091,5,.167,.200,.367,0,0,.---,.---,0,17,0.00,1.2,0,0,0,0,0,0,0,0.27,6,5,1,0,0,14,.820,0,0,0,0,1,1.33,.---,10.20,0,-.--,5.40,0.00,5.40,0.00,0.00,3,3,0,0,1
699134,2026-04-05,San Diego Padres,Boston Red Sox,"1.2 IP, ER, 2 K, 0 BB",1,0,0,2,1,1,0,0,0,2,0,0,3,0,.211,8,.375,.375,.750,0,0,.---,.---,0,25,1.69,1.2,0,0,0,0,1,0,1,0.75,8,5,1,0,0,19,.760,0,0,0,0,3,1.50,.---,15.00,0,-.--,10.80,0.00,16.20,5.40,0.00,0,0,0,0,0
641793,2026-03-31,Washington Nationals,Philadelphia Phillies,"5.0 IP, 3 ER, K, 2 BB",1,0,7,5,9,3,0,0,2,1,2,0,6,0,.286,21,.348,.571,.919,0,1,1.000,.000,1,75,5.40,5.0,0,1,0,0,0,0,3,1.60,23,15,1,0,0,53,.710,0,0,0,0,12,0.56,.000,15.00,0,0.50,1.80,3.60,10.80,5.40,3.60,0,0,0,0,0
641793,2026-04-06,Washington Nationals,St. Louis Cardinals,"5.0 IP, ER, 6 K, 3 BB",1,1,2,7,2,1,1,0,0,6,3,0,4,0,.250,19,.318,.263,.581,0,0,.---,.---,0,70,3.60,5.0,0,0,0,0,0,0,1,1.50,22,15,1,0,0,44,.630,0,0,0,0,5,1.09,.---,14.00,0,2.00,10.80,5.40,7.20,1.80,0.00,0,0,0,0,0
666374,2026-03-27,Seattle Mariners,Cleveland Guardians,"1.0 IP, 0 ER, 0 K, 0 BB",1,0,0,0,3,0,0,0,0,0,0,0,1,0,.250,4,.250,.250,.500,0,0,.---,.---,0,17,0.00,1.0,0,0,0,0,0,0,0,1.00,4,3,1,0,0,10,.590,0,0,0,0,1,0.00,.---,17.00,0,-.--,0.00,0.00,9.00,0.00,0.00,0,0,0,0,0
666374,2026-03-30,Seattle Mariners,New York Yankees,"1.0 IP, 0 ER, K, 0 BB",1,0,0,2,0,0,1,0,0,1,0,0,1,0,.250,4,.250,.500,.750,0,0,.---,.---,0,17,0.00,1.0,1,0,0,0,0,0,0,1.00,4,3,1,0,0,10,.590,0,0,0,0,2,0.67,1.000,17.00,1,-.--,9.00,0.00,9.00,0.00,0.00,0,0,0,0,0
666374,2026-04-03,Seattle Mariners,Los Angeles Angels,"1.0 IP, 0 ER, 2 K, 0 BB",1,0,0,1,0,0,0,0,0,2,0,0,0,0,.182,3,.000,.000,.000,0,0,.---,.---,0,12,0.00,1.0,0,0,0,0,0,0,0,0.67,3,3,1,0,0,10,.830,0,0,0,0,0,1.00,.---,12.00,0,-.--,18.00,0.00,0.00,0.00,0.00,0,0,0,0,0
666374,2026-04-05,Seattle Mariners,Los Angeles Angels,"1.0 IP, 0 ER, K, 0 BB",1,0,0,1,1,1,0,0,0,1,0,0,0,0,.167,1,.000,.000,.000,0,0,.---,.---,0,10,0.00,1.0,0,0,0,1,0,1,0,0.50,3,3,1,0,0,8,.800,0,0,0,0,0,1.00,.---,10.00,0,-.--,9.00,0.00,0.00,9.00,0.00,0,0,0,1,1
690953,2026-03-29,Minnesota Twins,Baltimore Orioles,"3.1 IP, 5 ER, 4 K, 4 BB",1,0,1,2,2,5,3,0,0,4,4,1,8,0,.500,16,.600,.688,1.288,1,0,.000,1.000,1,81,13.50,3.1,0,1,0,0,0,0,5,3.60,20,10,1,0,0,52,.640,0,0,0,0,11,1.00,.000,24.30,0,1.00,10.80,10.80,21.60,13.50,0.00,0,0,0,0,0
690953,2026-04-04,Minnesota Twins,Tampa Bay Rays,"4.0 IP, 4 ER, 3 K, 3 BB",1,1,2,2,6,4,1,0,0,3,3,0,6,2,.424,17,.500,.412,.912,0,1,1.000,.000,1,84,11.05,4.0,0,1,0,0,0,0,4,2.86,22,12,1,0,0,53,.630,2,0,0,0,7,0.50,.000,21.00,0,1.00,6.75,6.75,13.50,9.00,0.00,0,0,0,0,0
606996,2026-03-28,San Diego Padres,Detroit Tigers,"2.0 IP, 0 ER, 3 K, 0 BB",1,0,1,0,3,0,0,0,0,3,0,0,0,0,.000,6,.000,.000,.000,0,0,.---,.---,0,23,0.00,2.0,0,0,0,0,1,0,0,0.00,6,6,1,0,0,14,.610,0,0,0,0,0,0.00,.---,11.50,0,-.--,13.50,0.00,0.00,0.00,0.00,0,0,0,0,0
606996,2026-03-31,San Diego Padres,San Francisco Giants,"2.1 IP, 4 ER, 2 K, BB",1,0,0,3,1,4,2,0,0,2,1,0,4,0,.250,10,.455,.600,1.055,0,0,.---,.---,0,42,8.31,2.1,0,0,0,0,0,0,4,1.15,11,7,1,0,0,25,.600,0,0,0,0,6,0.75,.---,18.00,0,2.00,7.71,3.86,15.43,15.43,0.00,0,0,0,0,0
606996,2026-04-05,San Diego Padres,Boston Red Sox,"2.1 IP, 0 ER, 0 K, BB",1,0,1,5,2,0,1,0,0,0,1,0,1,0,.208,8,.222,.250,.472,0,0,.---,.---,0,28,5.40,2.1,0,0,0,0,0,0,0,1.05,9,7,1,0,0,18,.640,0,0,0,0,2,1.33,.---,12.00,0,0.00,0.00,3.86,3.86,0.00,0.00,1,1,0,0,0
592662,2026-03-27,San Francisco Giants,New York Yankees,"5.1 IP, 2 ER, 4 K, 0 BB",1,1,4,4,8,2,1,0,1,4,0,0,5,0,.238,21,.238,.429,.667,0,0,.---,.---,0,89,3.38,5.1,0,1,0,0,0,0,2,0.94,21,16,1,0,0,57,.640,0,0,0,0,9,0.50,.000,16.69,0,-.--,6.75,0.00,8.44,3.38,1.69,0,0,0,0,0
592662,2026-04-02,San Francisco Giants,New York Mets,"5.1 IP, 2 ER, 7 K, 3 BB",1,1,4,1,8,2,1,0,1,7,3,0,3,0,.200,19,.273,.368,.641,0,0,.---,.---,0,96,3.38,5.1,1,0,0,0,0,0,2,1.03,22,16,1,0,0,60,.630,0,0,0,0,7,0.31,1.000,18.00,0,2.33,11.81,5.06,5.06,3.38,1.69,0,0,0,0,0
676617,2026-03-26,St. Louis Cardinals,Tampa Bay Rays,"1.1 IP, 0 ER, 2 K, 0 BB",1,0,0,1,1,0,0,0,0,2,0,0,1,0,.200,5,.200,.200,.400,0,0,.---,.---,0,17,0.00,1.1,1,0,0,0,0,0,0,0.75,5,4,1,0,0,11,.650,0,0,0,0,1,1.00,1.000,12.75,0,-.--,13.50,0.00,6.75,0.00,0.00,2,0,0,0,0
676617,2026-03-28,St. Louis Cardinals,Tampa Bay Rays,"1.0 IP, 0 ER, 0 K, 0 BB",1,0,0,2,0,0,0,0,0,0,0,0,2,0,.333,4,.500,.500,1.000,0,0,.---,.---,1,9,0.00,1.0,0,0,0,0,1,0,0,1.29,4,3,1,0,0,6,.670,0,0,0,0,2,3.00,.---,9.00,0,-.--,0.00,0.00,18.00,0.00,0.00,0,0,0,0,0
676617,2026-03-31,St. Louis Cardinals,New York Mets,"1.0 IP, 0 ER, 0 K, 0 BB",1,0,1,2,1,0,0,0,0,0,0,0,0,0,.250,3,.000,.000,.000,0,0,.---,.---,0,11,0.00,1.0,0,0,1,1,0,0,0,0.90,3,3,1,0,0,7,.640,0,0,0,0,0,2.50,.---,11.00,1,-.--,0.00,0.00,0.00,0.00,0.00,0,0,0,0,0
676617,2026-04-01,St. Louis Cardinals,New York Mets,"1.0 IP, 0 ER, 2 K, 0 BB",1,0,0,1,0,0,1,0,0,2,0,0,1,0,.250,4,.250,.500,.750,0,0,.---,.---,0,16,0.00,1.0,0,0,0,0,0,0,0,0.92,4,3,1,0,0,12,.750,0,0,0,0,2,3.00,.---,16.00,0,-.--,18.00,0.00,9.00,0.00,0.00,0,0,0,0,0
676617,2026-04-05,St. Louis Cardinals,Detroit Tigers,"1.0 IP, 0 ER, K, 0 BB",1,0,1,1,1,0,0,0,0,1,0,0,0,0,.211,3,.000,.000,.000,0,0,.---,.---,0,13,0.00,1.0,0,0,1,1,0,0,0,0.75,3,3,1,0,0,7,.540,0,0,0,0,0,2.33,.---,13.00,1,-.--,9.00,0.00,0.00,0.00,0.00,0,0,0,0,0
641816,2026-03-28,San Francisco Giants,New York Yankees,"4.0 IP, 2 ER, 5 K, BB",1,1,3,3,3,2,1,1,0,5,1,0,5,0,.313,16,.353,.500,.853,0,0,.---,.---,0,80,4.50,4.0,0,1,0,0,0,0,2,1.50,17,12,1,0,0,50,.630,0,0,0,0,8,1.00,.000,20.00,0,5.00,11.25,2.25,11.25,4.50,0.00,0,0,0,0,0
641816,2026-04-03,San Francisco Giants,New York Mets,"5.0 IP, 5 ER, 4 K, 2 BB",1,1,0,7,2,5,0,0,2,4,2,0,8,0,.351,21,.435,.667,1.102,0,0,.---,.---,2,91,7.00,5.0,0,1,0,0,0,0,5,1.78,23,15,1,0,0,58,.640,0,0,0,0,14,2.00,.000,18.20,0,2.00,7.20,3.60,14.40,9.00,3.60,0,0,0,0,0
680732,2026-03-28,Chicago White Sox,Milwaukee Brewers,"4.0 IP, 3 ER, 5 K, BB",1,1,3,4,3,4,2,0,0,5,1,0,7,0,.368,19,.400,.474,.874,0,3,1.000,.000,0,91,6.75,4.0,0,1,0,0,0,0,3,2.00,20,12,1,0,0,59,.650,0,0,0,0,9,1.33,.000,22.75,0,5.00,11.25,2.25,15.75,9.00,0.00,0,0,0,0,0
680732,2026-04-03,Chicago White Sox,Toronto Blue Jays,"6.0 IP, ER, 7 K, 0 BB",1,0,2,3,8,1,2,0,0,7,0,0,4,0,.268,22,.182,.273,.455,0,1,1.000,.000,0,85,3.60,6.0,0,0,0,0,0,0,1,1.20,22,18,1,0,0,62,.730,0,0,0,0,6,0.64,.---,14.17,0,-.--,10.50,0.00,6.00,1.50,0.00,0,0,0,0,0
680736,2026-03-30,Los Angeles Dodgers,Cleveland Guardians,"4.0 IP, 3 ER, 2 K, BB",1,0,5,3,7,3,1,0,0,2,1,0,4,0,.250,16,.294,.313,.607,0,0,.---,.---,0,60,6.75,4.0,0,0,0,0,0,0,3,1.25,17,12,1,0,0,39,.650,0,0,0,0,5,0.43,.---,15.00,1,2.00,4.50,2.25,9.00,6.75,0.00,0,0,0,0,0
680736,2026-04-06,Los Angeles Dodgers,Toronto Blue Jays,"5.0 IP, ER, 2 K, 4 BB",1,1,5,6,7,1,0,0,0,2,4,0,2,0,.182,17,.286,.118,.404,0,0,.---,.---,1,78,4.00,5.0,1,0,0,0,0,0,1,1.22,21,15,1,0,0,42,.540,0,0,0,0,2,0.64,1.000,15.60,0,0.50,3.60,7.20,3.60,1.80,0.00,0,0,0,0,0
695076,2026-03-29,Cincinnati Reds,Boston Red Sox,"5.0 IP, 2 ER, 5 K, 2 BB",1,1,3,4,6,2,0,0,1,5,2,0,3,0,.167,18,.250,.333,.583,0,0,.---,.---,0,86,3.60,5.0,0,0,0,0,0,0,2,1.00,20,15,1,0,0,56,.650,0,0,0,0,6,0.67,.---,17.20,0,2.50,9.00,3.60,5.40,3.60,1.80,0,0,0,0,0
695076,2026-04-04,Cincinnati Reds,Texas Rangers,"6.0 IP, 0 ER, 4 K, 2 BB",1,1,8,3,11,0,0,0,0,4,2,0,3,0,.154,21,.217,.143,.360,0,0,.---,.---,0,82,1.64,6.0,1,0,0,0,0,0,0,0.91,23,18,1,0,0,54,.660,0,0,0,0,3,0.41,1.000,13.67,0,2.00,6.00,3.00,4.50,0.00,0.00,0,0,0,0,0
664353,2026-03-29,Pittsburgh Pirates,New York Mets,"1.0 IP, 0 ER, 0 K, BB",1,0,1,1,1,1,1,0,0,0,1,0,1,0,.333,3,.500,.667,1.167,0,0,.---,.---,0,11,0.00,1.0,0,0,1,1,0,0,0,2.00,4,3,1,0,0,6,.550,0,0,0,0,2,1.00,.---,11.00,1,0.00,0.00,9.00,9.00,9.00,0.00,0,0,0,0,0
664353,2026-04-05,Pittsburgh Pirates,Baltimore Orioles,"2.0 IP, 0 ER, 3 K, 0 BB",1,0,1,1,1,0,0,0,0,3,0,0,1,0,.222,6,.167,.167,.334,0,0,.---,.---,1,31,0.00,2.0,0,0,0,0,0,0,0,1.00,6,6,1,0,0,23,.740,0,0,0,0,1,1.00,.---,15.50,1,-.--,13.50,0.00,4.50,0.00,0.00,0,0,0,0,0
680742,2026-03-26,Philadelphia Phillies,Texas Rangers,"1.0 IP, 0 ER, 0 K, 0 BB",1,0,2,1,2,0,0,0,0,0,0,0,1,0,.250,4,.250,.250,.500,0,0,.---,.---,0,8,0.00,1.0,0,0,0,0,0,0,0,1.00,4,3,1,0,0,6,.750,0,0,0,0,1,0.50,.---,8.00,0,-.--,0.00,0.00,9.00,0.00,0.00,0,0,0,0,0
680742,2026-03-30,Philadelphia Phillies,Washington Nationals,"1.1 IP, 2 ER, K, 0 BB",1,0,0,1,1,2,1,0,0,1,0,0,3,0,.400,6,.500,.667,1.167,1,0,.000,1.000,0,26,7.71,1.1,0,0,0,0,0,0,2,1.71,6,4,1,0,0,16,.620,0,0,0,0,4,0.67,.---,19.50,0,-.--,6.75,0.00,20.25,13.50,0.00,1,0,0,0,0
680742,2026-04-01,Philadelphia Phillies,Washington Nationals,"0.2 IP, ER, K, 0 BB",1,0,1,0,1,1,0,0,0,1,0,0,2,0,.429,4,.500,.500,1.000,0,1,1.000,.000,0,17,9.00,0.2,0,0,0,0,0,0,1,2.00,4,2,1,0,0,10,.590,0,0,0,0,2,0.50,.---,25.50,0,-.--,13.50,0.00,27.00,13.50,0.00,0,0,0,0,0
680742,2026-04-06,Philadelphia Phillies,San Francisco Giants,"1.0 IP, 0 ER, 2 K, 0 BB",1,0,0,1,0,0,0,0,0,2,0,0,0,0,.353,3,.000,.000,.000,0,0,.---,.---,0,15,6.75,1.0,1,0,0,0,0,0,0,1.50,3,3,1,0,0,8,.530,0,0,0,0,0,0.75,1.000,15.00,0,-.--,18.00,0.00,0.00,0.00,0.00,0,0,0,0,0
690986,2026-03-30,Milwaukee Brewers,Tampa Bay Rays,"5.0 IP, ER, 8 K, BB",1,1,2,4,3,1,0,0,1,8,1,0,4,0,.211,19,.250,.368,.618,0,1,1.000,.000,0,87,1.80,5.0,0,0,0,0,0,0,1,1.00,20,15,1,0,0,64,.740,0,0,0,0,7,1.33,.---,17.40,0,8.00,14.40,1.80,7.20,1.80,1.80,0,0,0,0,0
690986,2026-04-05,Milwaukee Brewers,Kansas City Royals,"5.1 IP, 2 ER, 6 K, 2 BB",1,1,4,2,7,2,0,0,1,6,2,0,3,1,.189,18,.286,.333,.619,0,1,1.000,.000,0,90,2.61,5.1,1,0,0,0,0,0,2,0.97,21,16,1,0,0,55,.610,1,0,1,0,6,0.60,1.000,16.88,0,3.00,10.13,3.38,5.06,3.38,1.69,0,0,0,0,0
641835,2026-03-28,Philadelphia Phillies,Texas Rangers,"2.0 IP, 0 ER, 2 K, BB",1,0,1,1,3,0,0,0,0,2,1,0,1,0,.143,7,.250,.143,.393,0,0,.---,.---,0,32,0.00,2.0,0,0,0,0,0,0,0,1.00,8,6,1,0,0,18,.560,0,0,0,0,1,0.33,.---,16.00,0,2.00,9.00,4.50,4.50,0.00,0.00,0,0,0,0,0
641835,2026-03-30,Philadelphia Phillies,Washington Nationals,"2.0 IP, 0 ER, 2 K, 0 BB",1,0,1,3,1,0,0,0,0,2,0,0,0,0,.077,6,.000,.000,.000,0,0,.---,.---,0,23,0.00,2.0,0,0,0,0,0,0,0,0.50,6,6,1,0,0,18,.780,0,0,0,0,0,1.00,.---,11.50,0,-.--,9.00,0.00,0.00,0.00,0.00,0,0,0,0,0
641835,2026-04-03,Philadelphia Phillies,Colorado Rockies,"1.0 IP, 0 ER, 2 K, 0 BB",1,0,0,1,0,0,0,0,0,2,0,0,0,0,.063,3,.000,.000,.000,0,0,.---,.---,0,13,0.00,1.0,0,0,0,0,0,0,0,0.40,3,3,1,0,0,8,.620,0,0,0,0,0,1.25,.---,13.00,0,-.--,18.00,0.00,0.00,0.00,0.00,0,0,0,0,0
641835,2026-04-05,Philadelphia Phillies,Colorado Rockies,"1.0 IP, 0 ER, K, 0 BB",1,0,1,0,2,0,0,0,0,1,0,0,0,0,.053,3,.000,.000,.000,0,0,.---,.---,0,13,0.00,1.0,0,0,0,0,0,0,0,0.33,3,3,1,0,0,7,.540,0,0,0,0,0,0.83,.---,13.00,0,-.--,9.00,0.00,0.00,0.00,0.00,0,0,0,0,0
641835,2026-04-06,Philadelphia Phillies,San Francisco Giants,"1.0 IP, 0 ER, K, 0 BB",1,0,0,2,0,0,0,0,0,1,0,0,0,0,.045,3,.000,.000,.000,0,0,.---,.---,0,9,0.00,1.0,0,0,0,0,0,0,0,0.29,3,3,1,0,0,6,.670,0,0,0,0,0,1.17,.---,9.00,0,-.--,9.00,0.00,0.00,0.00,0.00,0,0,0,0,0
690997,2026-03-29,New York Mets,Pittsburgh Pirates,"5.0 IP, 2 ER, 8 K, 2 BB",1,1,2,4,3,2,1,0,1,8,2,0,4,1,.211,19,.318,.421,.739,0,0,.---,.---,0,84,3.60,5.0,0,0,0,0,0,0,2,1.20,22,15,1,0,0,52,.620,1,0,0,0,8,1.33,.---,16.80,0,4.00,14.40,3.60,7.20,3.60,1.80,0,0,0,0,0
690997,2026-04-03,New York Mets,San Francisco Giants,"5.1 IP, ER, 4 K, 2 BB",1,1,3,5,7,2,1,0,0,4,2,0,1,0,.139,17,.158,.118,.276,0,0,.---,.---,0,93,2.61,5.1,1,0,0,0,0,0,1,0.87,19,16,1,0,0,51,.550,0,0,0,0,2,0.90,1.000,17.44,0,2.00,6.75,3.38,1.69,3.38,0.00,0,0,0,0,0
680755,2026-03-28,Toronto Blue Jays,Athletics,"0.2 IP, 0 ER, 0 K, 0 BB",1,0,0,1,0,0,0,0,0,0,0,0,0,0,.000,1,.000,.000,.000,0,0,.---,.---,1,4,0.00,0.2,0,0,0,0,0,0,0,0.00,1,2,1,0,0,3,.750,0,0,0,0,0,1.00,.---,6.00,0,-.--,0.00,0.00,0.00,0.00,0.00,2,0,0,0,0
680755,2026-03-29,Toronto Blue Jays,Athletics,"1.2 IP, 0 ER, 2 K, 0 BB",1,0,2,1,2,0,0,0,0,2,0,0,0,0,.000,5,.000,.000,.000,0,0,.---,.---,0,22,0.00,1.2,0,0,0,0,1,0,0,0.00,5,5,1,0,0,16,.730,0,0,0,0,0,1.00,.---,13.20,0,-.--,10.80,0.00,0.00,0.00,0.00,1,0,0,0,0
680755,2026-03-31,Toronto Blue Jays,Colorado Rockies,"1.1 IP, 0 ER, 0 K, 0 BB",1,0,0,1,2,0,1,0,0,0,0,0,1,0,.100,4,.250,.500,.750,0,0,.---,.---,0,23,0.00,1.1,0,0,0,0,1,0,0,0.27,4,4,1,0,0,14,.610,0,0,0,1,2,0.75,.---,17.25,0,-.--,0.00,0.00,6.75,0.00,0.00,1,0,0,0,0
680755,2026-04-03,Toronto Blue Jays,Chicago White Sox,"1.2 IP, 0 ER, 3 K, 0 BB",1,0,0,1,0,0,0,0,0,3,0,0,2,0,.188,6,.333,.333,.666,0,0,.---,.---,0,21,0.00,1.2,0,0,0,0,0,0,0,0.56,6,5,1,0,0,15,.710,0,0,0,1,2,1.00,.---,12.60,0,-.--,16.20,0.00,10.80,0.00,0.00,1,0,0,0,0
680755,2026-04-04,Toronto Blue Jays,Chicago White Sox,"1.0 IP, 0 ER, K, BB",1,0,0,0,1,2,0,0,0,1,1,0,2,0,.250,4,.600,.500,1.100,0,0,.---,.---,0,25,0.00,1.0,0,0,0,0,0,0,0,0.95,5,3,1,0,0,15,.600,0,0,0,0,2,0.80,.---,25.00,1,1.00,9.00,9.00,18.00,18.00,0.00,0,0,0,0,0
680767,2026-03-29,Colorado Rockies,Miami Marlins,"1.0 IP, 2 ER, K, 0 BB",1,0,0,0,1,2,1,0,1,1,0,0,3,1,.600,5,.667,1.400,2.067,0,0,.---,.---,0,11,18.00,1.0,0,1,0,1,0,1,2,3.00,6,3,1,0,0,9,.820,1,0,0,0,7,0.00,.000,11.00,1,-.--,9.00,0.00,27.00,18.00,9.00,2,0,0,0,0
680767,2026-04-01,Colorado Rockies,Toronto Blue Jays,"1.0 IP, 0 ER, 0 K, 0 BB",1,0,1,2,1,0,0,0,0,0,0,0,1,0,.444,4,.250,.250,.500,0,0,.---,.---,0,17,9.00,1.0,0,0,0,0,0,0,0,2.00,4,3,1,0,0,11,.650,0,0,0,0,1,1.00,.---,17.00,0,-.--,0.00,0.00,9.00,0.00,0.00,0,0,0,0,0
680767,2026-04-04,Colorado Rockies,Philadelphia Phillies,"1.0 IP, 0 ER, 0 K, 0 BB",1,0,1,1,2,0,0,0,0,0,0,0,1,0,.385,4,.250,.250,.500,0,0,.---,.---,0,12,6.00,1.0,0,0,0,0,0,0,0,1.67,4,3,1,0,0,8,.670,0,0,0,0,1,0.75,.---,12.00,1,-.--,0.00,0.00,9.00,0.00,0.00,0,0,0,0,0
680767,2026-04-05,Colorado Rockies,Philadelphia Phillies,"1.0 IP, 0 ER, 3 K, 0 BB",1,0,0,0,0,0,0,0,0,3,0,0,2,0,.389,5,.400,.400,.800,0,0,.---,.---,0,22,4.50,1.0,0,0,1,1,0,0,0,1.75,5,3,1,0,0,16,.730,0,0,0,0,2,0.75,.---,22.00,1,-.--,27.00,0.00,18.00,0.00,0.00,0,0,0,0,0
621381,2026-03-28,Kansas City Royals,Atlanta Braves,"1.0 IP, 0 ER, K, 0 BB",1,0,1,1,1,0,0,0,0,1,0,0,1,0,.250,4,.250,.250,.500,0,0,.---,.---,0,13,0.00,1.0,0,0,0,0,1,0,0,1.00,4,3,1,0,0,12,.920,0,0,1,0,1,1.00,.---,13.00,0,-.--,9.00,0.00,9.00,0.00,0.00,0,0,0,0,0
621381,2026-03-29,Kansas City Royals,Atlanta Braves,"0.2 IP, 0 ER, 0 K, 0 BB",1,0,0,0,2,0,0,0,0,0,0,0,0,0,.167,2,.000,.000,.000,0,0,.---,.---,0,4,0.00,0.2,0,0,0,0,1,0,0,0.60,2,2,1,0,0,4,1.000,0,0,0,0,0,0.33,.---,6.00,0,-.--,0.00,0.00,0.00,0.00,0.00,1,0,0,0,0
621381,2026-04-02,Kansas City Royals,Minnesota Twins,"1.0 IP, 0 ER, 2 K, 0 BB",1,0,1,0,1,0,0,0,0,2,0,0,0,1,.111,3,.250,.000,.250,0,0,.---,.---,0,19,0.00,1.0,0,0,0,0,0,0,0,0.38,4,3,1,0,0,12,.630,1,0,0,0,0,0.25,.---,19.00,0,-.--,18.00,0.00,0.00,0.00,0.00,0,0,0,0,0
621381,2026-04-05,Kansas City Royals,Milwaukee Brewers,"1.0 IP, 2 ER, K, BB",1,0,0,2,0,2,1,0,0,1,1,0,2,0,.214,5,.500,.600,1.100,0,0,.---,.---,0,29,4.91,1.0,0,0,0,0,0,0,2,1.09,6,3,1,0,0,17,.590,0,0,0,0,3,0.75,.---,29.00,0,1.00,9.00,9.00,18.00,18.00,0.00,0,0,0,0,0
621381,2026-04-06,Kansas City Royals,Cleveland Guardians,"1.0 IP, ER, K, BB",1,0,2,0,2,1,0,0,1,1,1,0,1,0,.222,4,.400,1.000,1.400,0,0,.---,.---,0,24,5.79,1.0,0,0,0,0,1,0,1,1.29,5,3,1,0,0,12,.500,0,0,0,0,4,0.50,.---,24.00,0,1.00,9.00,9.00,9.00,9.00,9.00,0,0,0,0,0
621366,2026-03-27,San Francisco Giants,New York Yankees,"0.2 IP, 0 ER, 0 K, BB",1,0,0,2,0,0,0,0,0,0,1,0,0,0,.000,2,.333,.000,.333,0,0,.---,.---,0,12,0.00,0.2,0,0,0,0,0,0,0,1.50,3,2,1,0,0,5,.420,0,0,0,0,0,2.00,.---,18.00,0,0.00,0.00,13.50,0.00,0.00,0.00,2,0,0,0,0
621366,2026-03-28,San Francisco Giants,New York Yankees,"1.0 IP, ER, K, 0 BB",1,0,0,1,1,1,0,0,1,1,0,0,1,0,.167,4,.250,1.000,1.250,0,0,.---,.---,0,15,5.40,1.0,0,0,0,0,0,0,1,1.20,4,3,1,0,0,11,.730,0,0,0,0,4,3.00,.---,15.00,0,-.--,9.00,0.00,9.00,9.00,9.00,0,0,0,0,0
621366,2026-04-01,San Francisco Giants,San Diego Padres,"0.2 IP, 0 ER, 0 K, 0 BB",1,0,0,1,0,0,0,0,0,0,0,0,0,0,.143,1,.000,.000,.000,0,0,.---,.---,1,3,3.86,0.2,0,0,0,0,0,0,0,0.86,1,2,1,0,0,3,1.000,0,0,0,0,0,4.00,.---,4.50,1,-.--,0.00,0.00,0.00,0.00,0.00,3,0,0,0,0
621366,2026-04-04,San Francisco Giants,New York Mets,"1.1 IP, ER, K, 0 BB",1,0,2,0,3,1,0,0,1,1,0,0,3,0,.286,7,.429,.857,1.286,0,0,.---,.---,0,22,4.91,1.1,0,0,0,0,0,0,1,1.36,7,4,1,0,0,18,.820,0,0,0,0,6,1.00,.---,16.50,0,-.--,6.75,0.00,20.25,6.75,6.75,2,2,0,0,0
621366,2026-04-06,San Francisco Giants,Philadelphia Phillies,"0.1 IP, 2 ER, 0 K, BB",1,0,0,1,0,2,1,0,0,0,1,0,2,0,.353,3,.750,1.000,1.750,0,0,.---,.---,0,12,9.00,0.1,0,1,0,1,0,1,2,2.00,4,1,1,0,0,6,.500,0,0,0,0,3,1.25,.000,36.00,0,0.00,0.00,27.00,54.00,54.00,0.00,2,2,0,0,0
672582,2026-03-28,Milwaukee Brewers,Chicago White Sox,"1.0 IP, 0 ER, 0 K, 0 BB",1,0,0,2,0,0,1,0,0,0,0,0,2,0,.500,4,.500,.750,1.250,0,0,.---,.---,0,17,0.00,1.0,0,0,0,0,0,0,0,2.00,4,3,1,0,0,10,.590,0,0,0,0,3,2.00,.---,17.00,0,-.--,0.00,0.00,18.00,0.00,0.00,0,0,0,0,0
672582,2026-03-30,Milwaukee Brewers,Tampa Bay Rays,"1.0 IP, 0 ER, 2 K, 0 BB",1,0,0,0,1,0,0,0,0,2,0,0,0,0,.286,3,.000,.000,.000,0,0,.---,.---,0,10,0.00,1.0,0,0,0,0,0,0,0,1.00,3,3,1,0,0,7,.700,0,0,0,0,0,2.00,.---,10.00,0,-.--,18.00,0.00,0.00,0.00,0.00,0,0,0,0,0
672582,2026-03-31,Milwaukee Brewers,Tampa Bay Rays,"1.0 IP, 0 ER, 0 K, BB",1,0,1,2,1,0,0,0,0,0,1,0,0,0,.200,3,.250,.000,.250,0,0,.---,.---,0,14,0.00,1.0,0,0,0,0,0,0,0,1.00,4,3,1,0,0,8,.570,0,0,0,0,0,2.00,.---,14.00,1,0.00,0.00,9.00,0.00,0.00,0.00,0,0,0,0,0
672582,2026-04-05,Milwaukee Brewers,Kansas City Royals,"1.2 IP, 0 ER, K, BB",1,0,1,2,1,0,0,0,0,1,1,0,1,0,.200,5,.333,.200,.533,1,0,.000,1.000,0,23,0.00,1.2,0,0,0,0,1,0,0,1.07,6,5,1,0,0,16,.700,0,0,0,1,1,2.00,.---,13.80,0,1.00,5.40,5.40,5.40,0.00,0.00,3,2,0,0,0
672582,2026-04-06,Milwaukee Brewers,Boston Red Sox,"1.0 IP, ER, 0 K, 0 BB",1,0,0,3,0,1,0,0,1,0,0,0,2,0,.250,5,.400,1.000,1.400,0,0,.---,.---,0,16,1.59,1.0,0,0,1,1,0,0,1,1.24,5,3,1,0,0,11,.690,0,0,0,0,5,3.00,.---,16.00,1,-.--,0.00,0.00,18.00,9.00,9.00,0,0,0,0,0
676684,2026-03-26,Detroit Tigers,San Diego Padres,"1.0 IP, 0 ER, K, 0 BB",1,0,0,1,1,0,0,0,0,1,0,0,0,0,.000,3,.000,.000,.000,0,0,.---,.---,0,7,0.00,1.0,0,0,0,0,0,0,0,0.00,3,3,1,0,0,6,.860,0,0,0,0,0,1.00,.---,7.00,1,-.--,9.00,0.00,0.00,0.00,0.00,0,0,0,0,0
676684,2026-03-28,Detroit Tigers,San Diego Padres,"0.1 IP, 0 ER, 0 K, 0 BB",1,0,0,1,0,0,0,0,0,0,0,0,0,0,.000,1,.000,.000,.000,0,0,.---,.---,0,4,0.00,0.1,0,0,0,0,0,0,0,0.00,1,1,1,0,0,3,.750,0,0,0,0,0,2.00,.---,12.00,1,-.--,0.00,0.00,0.00,0.00,0.00,1,0,0,0,0
676684,2026-03-31,Detroit Tigers,Arizona Diamondbacks,"0.2 IP, 3 ER, 0 K, 2 BB",1,0,0,2,0,3,1,0,0,0,2,0,1,0,.143,3,.600,.667,1.267,0,0,.---,.---,0,27,13.50,0.2,0,1,0,0,1,0,3,1.50,5,2,1,0,0,15,.560,0,0,0,0,2,4.00,.000,40.50,0,0.00,0.00,27.00,13.50,40.50,0.00,2,2,0,0,0
676684,2026-04-03,Detroit Tigers,St. Louis Cardinals,"1.0 IP, 0 ER, 2 K, 0 BB",1,0,1,0,1,0,0,0,0,2,0,0,1,0,.182,4,.250,.250,.500,0,0,.---,.---,0,17,9.00,1.0,0,0,0,0,0,0,0,1.33,4,3,1,0,0,13,.760,0,0,0,0,1,2.00,.---,17.00,0,-.--,18.00,0.00,9.00,0.00,0.00,0,0,0,0,0
676684,2026-04-04,Detroit Tigers,St. Louis Cardinals,"1.0 IP, 0 ER, K, 0 BB",1,0,0,2,0,0,0,0,0,1,0,0,1,0,.200,4,.250,.250,.500,0,1,1.000,.000,0,19,6.75,1.0,0,0,0,0,1,0,0,1.25,4,3,1,0,0,10,.530,0,0,0,0,1,3.00,.---,19.00,0,-.--,9.00,0.00,9.00,0.00,0.00,0,0,0,0,0
621383,2026-03-28,Philadelphia Phillies,Texas Rangers,"1.0 IP, 0 ER, 0 K, 0 BB",1,0,1,1,1,0,0,0,0,0,0,0,1,0,.333,3,.333,.333,.666,0,0,.---,.---,1,10,0.00,1.0,0,0,0,0,0,0,0,1.00,3,3,1,0,0,7,.700,0,0,0,0,1,1.00,.---,10.00,0,-.--,0.00,0.00,9.00,0.00,0.00,0,0,0,0,0
621383,2026-03-31,Philadelphia Phillies,Washington Nationals,"1.2 IP, ER, 2 K, 0 BB",1,0,1,1,2,1,1,0,0,2,0,0,3,0,.364,8,.375,.500,.875,0,0,.---,.---,0,37,3.38,1.2,0,0,0,0,1,0,1,1.50,8,5,1,0,0,26,.700,0,0,0,0,4,0.67,.---,22.20,0,-.--,10.80,0.00,16.20,5.40,0.00,1,1,0,0,0
621383,2026-04-05,Philadelphia Phillies,Colorado Rockies,"1.0 IP, 0 ER, K, 0 BB",1,0,2,0,2,0,0,0,0,1,0,0,0,0,.286,3,.000,.000,.000,0,0,.---,.---,0,8,2.45,1.0,0,0,0,0,0,0,0,1.09,3,3,1,0,0,5,.630,0,0,0,0,0,0.40,.---,8.00,0,-.--,9.00,0.00,0.00,0.00,0.00,0,0,0,0,0
623437,2026-03-26,Minnesota Twins,Baltimore Orioles,"1.0 IP, ER, 0 K, 0 BB",1,0,2,1,2,1,0,0,0,0,0,0,2,0,.500,4,.400,.500,.900,0,0,.---,.---,0,18,9.00,1.0,0,0,0,0,0,0,1,2.00,5,3,1,0,0,12,.670,0,0,0,0,2,0.50,.---,18.00,0,-.--,0.00,0.00,18.00,9.00,0.00,1,1,0,0,1
623437,2026-03-28,Minnesota Twins,Baltimore Orioles,"1.0 IP, 0 ER, K, 0 BB",1,0,0,2,0,0,0,0,0,1,0,0,0,0,.286,3,.000,.000,.000,0,0,.---,.---,0,12,4.50,1.0,0,0,0,0,1,0,0,1.00,3,3,1,0,0,8,.670,0,0,0,0,0,1.50,.---,12.00,0,-.--,9.00,0.00,0.00,0.00,0.00,0,0,0,0,0
623437,2026-03-30,Minnesota Twins,Kansas City Royals,"0.2 IP, 0 ER, K, 0 BB",1,0,1,0,1,0,0,0,0,1,0,0,0,0,.222,2,.000,.000,.000,0,1,1.000,.000,0,10,3.38,0.2,0,0,0,0,0,0,0,0.75,2,2,1,0,0,6,.600,0,0,0,0,0,1.00,.---,15.00,0,-.--,13.50,0.00,0.00,0.00,0.00,1,0,0,0,0
623437,2026-04-02,Minnesota Twins,Kansas City Royals,"1.0 IP, 0 ER, K, BB",1,0,0,2,0,0,0,0,0,1,1,0,0,0,.167,3,.250,.000,.250,0,0,.---,.---,1,13,2.45,1.0,0,0,0,0,0,0,0,0.82,4,3,1,0,0,8,.620,0,0,0,0,0,1.67,.---,13.00,1,1.00,9.00,9.00,0.00,0.00,0.00,0,0,0,0,0
623437,2026-04-03,Minnesota Twins,Tampa Bay Rays,"0.2 IP, 0 ER, 2 K, 0 BB",1,0,0,0,0,0,0,0,0,2,0,0,2,0,.250,4,.500,.500,1.000,0,0,.---,.---,0,17,2.08,0.2,0,0,0,0,0,0,0,1.15,4,2,1,0,0,11,.650,0,0,1,0,2,1.67,.---,25.50,0,-.--,27.00,0.00,27.00,0.00,0.00,0,0,0,0,0
623437,2026-04-05,Minnesota Twins,Tampa Bay Rays,"0.1 IP, 2 ER, 0 K, BB",1,0,1,0,1,3,0,0,1,0,1,0,2,0,.316,3,.750,1.667,2.417,0,0,.---,.---,0,15,5.79,0.1,0,1,0,0,0,0,2,1.71,4,1,1,0,0,7,.470,0,0,0,0,5,1.25,.000,45.00,0,0.00,0.00,27.00,54.00,81.00,27.00,0,0,0,0,0
682842,2026-03-28,Milwaukee Brewers,Chicago White Sox,"1.0 IP, 0 ER, 2 K, 0 BB",1,0,0,1,0,0,0,0,0,2,0,0,0,0,.000,3,.000,.000,.000,0,0,.---,.---,0,14,0.00,1.0,0,0,0,0,0,0,0,0.00,3,3,1,0,0,10,.710,0,0,0,0,0,1.00,.---,14.00,0,-.--,18.00,0.00,0.00,0.00,0.00,0,0,0,0,0
682842,2026-03-31,Milwaukee Brewers,Tampa Bay Rays,"1.0 IP, 0 ER, 0 K, BB",1,0,3,0,3,0,0,0,0,0,1,0,1,0,.143,4,.400,.250,.650,0,0,.---,.---,0,22,0.00,1.0,0,0,0,0,1,0,0,1.00,5,3,1,0,0,12,.550,0,0,0,0,1,0.33,.---,22.00,0,0.00,0.00,9.00,9.00,0.00,0.00,0,0,0,0,0
682842,2026-04-04,Milwaukee Brewers,Kansas City Royals,"1.1 IP, 0 ER, K, 0 BB",1,0,0,2,1,0,0,0,0,1,0,0,0,0,.091,4,.000,.000,.000,0,0,.---,.---,0,14,0.00,1.1,0,0,0,0,1,0,0,0.60,4,4,1,0,0,8,.570,0,0,0,0,0,0.75,.---,10.50,0,-.--,6.75,0.00,0.00,0.00,0.00,1,0,0,0,0
682842,2026-04-05,Milwaukee Brewers,Kansas City Royals,"0.1 IP, ER, K, 0 BB",1,0,0,0,0,1,0,0,0,1,0,0,2,0,.214,3,.667,.667,1.334,0,0,.---,.---,0,14,2.45,0.1,0,0,0,0,1,0,1,1.09,3,1,1,0,0,8,.570,0,0,0,0,2,0.75,.---,42.00,0,-.--,27.00,0.00,54.00,27.00,0.00,2,1,0,0,0
607067,2026-03-30,Chicago Cubs,Los Angeles Angels,"3.0 IP, 2 ER, 4 K, 0 BB",1,0,1,3,2,2,0,0,1,4,0,0,4,0,.308,13,.308,.538,.846,0,0,.---,.---,0,42,6.00,3.0,0,0,1,1,0,0,2,1.33,13,9,1,0,0,27,.640,0,0,0,0,7,1.50,.---,14.00,1,-.--,12.00,0.00,12.00,6.00,3.00,0,0,0,0,0
607067,2026-04-03,Chicago Cubs,Cleveland Guardians,"3.1 IP, ER, 4 K, BB",1,0,0,4,1,1,1,0,0,4,1,0,4,0,.320,12,.385,.417,.802,0,0,.---,.---,1,57,4.26,3.1,0,0,0,0,0,0,1,1.42,14,10,1,0,0,37,.650,0,0,0,0,5,2.33,.---,17.10,0,4.00,10.80,2.70,10.80,2.70,0.00,1,0,0,1,0
445276,2026-03-27,Detroit Tigers,San Diego Padres,"1.0 IP, 0 ER, 3 K, 0 BB",1,0,0,0,0,0,0,0,0,3,0,0,0,0,.000,3,.000,.000,.000,0,0,.---,.---,0,11,0.00,1.0,0,0,1,1,0,0,0,0.00,3,3,1,0,0,10,.910,0,0,0,0,0,-.--,.---,11.00,1,-.--,27.00,0.00,0.00,0.00,0.00,0,0,0,0,0
445276,2026-03-31,Detroit Tigers,Arizona Diamondbacks,"0.1 IP, ER, K, 0 BB",1,0,0,0,0,1,0,0,1,1,0,0,1,0,.200,2,.500,2.000,2.500,0,1,1.000,.000,0,8,6.75,0.1,0,0,0,1,0,1,1,0.75,2,1,1,0,0,5,.630,0,0,0,0,4,-.--,.---,24.00,1,-.--,27.00,0.00,27.00,27.00,27.00,2,2,0,0,0
445276,2026-04-04,Detroit Tigers,St. Louis Cardinals,"0.1 IP, 0 ER, K, BB",1,0,0,0,0,0,0,0,0,1,1,0,0,0,.167,1,.500,.000,.500,0,0,.---,.---,0,8,5.40,0.1,0,0,0,0,0,0,0,1.20,2,1,1,0,0,4,.500,0,0,0,0,0,-.--,.---,24.00,1,1.00,27.00,27.00,0.00,0.00,0.00,0,0,0,0,0
656222,2026-03-26,Texas Rangers,Philadelphia Phillies,"1.1 IP, 0 ER, 2 K, 0 BB",1,0,0,1,1,0,0,0,0,2,0,0,1,0,.200,5,.200,.200,.400,0,1,1.000,.000,0,28,0.00,1.1,0,0,0,0,0,0,0,0.75,5,4,1,0,0,18,.640,0,0,0,0,1,1.00,.---,21.00,0,-.--,13.50,0.00,6.75,0.00,0.00,0,0,0,0,0
656222,2026-03-28,Texas Rangers,Philadelphia Phillies,"1.0 IP, 0 ER, K, 0 BB",1,0,0,2,0,0,0,0,0,1,0,0,0,0,.125,3,.000,.000,.000,0,0,.---,.---,0,7,0.00,1.0,0,0,0,0,1,0,0,0.43,3,3,1,0,0,7,1.000,0,0,0,0,0,3.00,.---,7.00,0,-.--,9.00,0.00,0.00,0.00,0.00,0,0,0,0,0
656222,2026-03-30,Texas Rangers,Baltimore Orioles,"1.0 IP, 0 ER, K, 0 BB",1,0,0,1,1,0,0,0,0,1,0,0,2,0,.231,5,.400,.400,.800,0,0,.---,.---,0,13,0.00,1.0,0,0,0,0,1,0,0,0.90,5,3,1,0,0,11,.850,0,0,0,0,2,2.00,.---,13.00,0,-.--,9.00,0.00,18.00,0.00,0.00,0,0,0,0,0
656222,2026-04-04,Texas Rangers,Cincinnati Reds,"1.0 IP, 0 ER, 0 K, 0 BB",1,0,1,1,2,0,0,0,0,0,0,0,1,0,.235,4,.250,.250,.500,0,0,.---,.---,0,16,0.00,1.0,0,0,0,0,0,0,0,0.92,4,3,1,0,0,11,.690,0,0,0,0,1,1.25,.---,16.00,0,-.--,0.00,0.00,9.00,0.00,0.00,0,0,0,0,0
656222,2026-04-05,Texas Rangers,Cincinnati Reds,"0.1 IP, 0 ER, 0 K, 0 BB",1,0,1,0,1,0,0,0,0,0,0,0,0,0,.222,1,.000,.000,.000,0,0,.---,.---,0,2,0.00,0.1,0,0,0,0,0,0,0,0.86,1,1,1,0,0,2,1.000,0,0,0,0,0,1.00,.---,6.00,1,-.--,0.00,0.00,0.00,0.00,0.00,2,0,0,0,0
656222,2026-04-06,Texas Rangers,Seattle Mariners,"1.0 IP, 0 ER, 0 K, BB",1,0,1,2,1,0,0,0,0,0,1,0,0,0,.190,3,.250,.000,.250,0,0,.---,.---,0,16,0.00,1.0,1,0,0,0,0,0,0,0.88,4,3,1,0,0,10,.630,0,0,0,0,0,1.17,1.000,16.00,0,0.00,0.00,9.00,0.00,0.00,0.00,0,0,0,0,0
623454,2026-03-26,Detroit Tigers,San Diego Padres,"1.1 IP, ER, 0 K, 2 BB",1,0,0,2,2,1,0,0,1,0,2,0,2,0,.333,6,.500,.833,1.333,0,0,.---,.---,0,36,6.75,1.1,0,0,0,0,0,0,1,3.00,8,4,1,0,0,17,.470,0,0,0,0,5,1.00,.---,27.00,0,0.00,0.00,13.50,13.50,6.75,6.75,0,0,0,0,0
623454,2026-03-31,Detroit Tigers,Arizona Diamondbacks,"1.0 IP, 2 ER, 2 K, 0 BB",1,0,0,1,0,2,1,0,0,2,0,0,2,0,.364,5,.400,.600,1.000,0,0,.---,.---,0,16,11.57,1.0,0,0,0,0,0,0,2,2.57,5,3,1,0,0,13,.810,0,0,0,0,3,1.50,.---,16.00,0,-.--,18.00,0.00,18.00,18.00,0.00,0,0,0,0,0
623454,2026-04-04,Detroit Tigers,St. Louis Cardinals,"1.0 IP, ER, K, 0 BB",1,0,0,1,1,1,0,0,1,1,0,0,1,1,.333,4,.400,1.000,1.400,0,0,.---,.---,0,17,10.80,1.0,0,0,0,0,0,0,1,2.10,5,3,1,0,0,11,.650,1,0,0,0,4,1.33,.---,17.00,0,-.--,9.00,0.00,9.00,9.00,9.00,3,3,0,0,0
623454,2026-04-06,Detroit Tigers,Minnesota Twins,"3.0 IP, ER, 4 K, 2 BB",1,0,2,1,4,1,1,0,0,4,2,0,2,0,.269,11,.308,.273,.581,0,0,.---,.---,0,49,7.11,3.0,0,0,0,0,0,0,1,1.74,13,9,1,0,0,26,.530,0,0,1,0,3,0.71,.---,16.33,0,2.00,12.00,6.00,6.00,3.00,0.00,1,0,0,0,0
680802,2026-03-27,Houston Astros,Los Angeles Angels,"1.0 IP, ER, 2 K, BB",1,0,1,0,1,1,0,0,1,2,1,0,2,0,.400,5,.500,1.000,1.500,0,0,.---,.---,0,22,9.00,1.0,0,0,0,0,0,0,1,3.00,6,3,1,0,0,14,.640,0,0,0,0,5,0.00,.---,22.00,1,2.00,18.00,9.00,18.00,9.00,9.00,0,0,0,0,0
680802,2026-03-30,Houston Astros,Boston Red Sox,"2.0 IP, 0 ER, 3 K, BB",1,0,0,1,2,0,0,0,0,3,1,0,0,0,.182,6,.143,.000,.143,0,0,.---,.---,0,33,3.00,2.0,0,0,0,0,0,0,0,1.33,7,6,1,0,0,22,.670,0,0,0,0,0,0.33,.---,16.50,1,3.00,13.50,4.50,0.00,0.00,0.00,0,0,0,0,0
680802,2026-04-03,Houston Astros,Athletics,"3.0 IP, 0 ER, 2 K, 0 BB",1,0,1,2,4,0,0,0,0,2,0,0,3,0,.227,11,.273,.273,.546,0,0,.---,.---,1,38,1.50,3.0,0,0,0,0,0,0,0,1.17,11,9,1,0,0,24,.630,0,0,0,0,3,0.43,.---,12.67,1,-.--,6.00,0.00,9.00,0.00,0.00,0,0,0,0,0
680802,2026-04-06,Houston Astros,Colorado Rockies,"2.2 IP, 6 ER, 4 K, 2 BB",1,0,0,2,3,7,1,1,1,4,2,0,8,0,.333,17,.526,.824,1.350,0,0,.---,.---,0,62,7.27,2.2,0,1,0,0,0,0,6,1.96,19,8,1,0,0,39,.630,0,0,0,0,14,0.50,.000,23.25,0,2.00,13.50,6.75,27.00,23.63,3.38,2,2,0,0,0
656234,2026-03-25,New York Yankees,San Francisco Giants,"0.2 IP, 0 ER, K, 0 BB",1,0,0,1,0,0,0,0,0,1,0,0,0,0,.000,2,.000,.000,.000,0,0,.---,.---,0,7,0.00,0.2,0,0,0,0,0,0,0,0.00,2,2,1,0,0,5,.710,0,0,0,0,0,1.00,.---,10.50,0,-.--,13.50,0.00,0.00,0.00,0.00,0,0,0,0,0
656234,2026-03-28,New York Yankees,San Francisco Giants,"1.2 IP, 0 ER, 2 K, 0 BB",1,0,0,1,1,0,0,0,0,2,0,0,1,0,.143,5,.200,.200,.400,0,0,.---,.---,1,18,0.00,1.2,1,0,0,0,0,0,0,0.43,5,5,1,0,0,12,.670,0,0,0,0,1,2.00,1.000,10.80,0,-.--,10.80,0.00,5.40,0.00,0.00,1,0,0,0,0
656234,2026-03-30,New York Yankees,Seattle Mariners,"1.0 IP, 0 ER, 0 K, 0 BB",1,0,0,3,1,0,0,0,0,0,0,0,0,0,.091,4,.000,.000,.000,0,0,.---,.---,0,14,0.00,1.0,0,0,0,0,0,0,0,0.30,4,3,1,0,0,8,.570,0,0,0,0,0,2.50,.---,14.00,0,-.--,0.00,0.00,0.00,0.00,0.00,0,0,0,0,0
656234,2026-04-03,New York Yankees,Miami Marlins,"1.0 IP, 0 ER, 2 K, 0 BB",1,0,1,0,1,0,0,0,0,2,0,0,0,0,.071,3,.000,.000,.000,0,0,.---,.---,0,11,0.00,1.0,0,0,0,0,1,0,0,0.23,3,3,1,0,0,7,.640,0,0,0,0,0,1.67,.---,11.00,0,-.--,18.00,0.00,0.00,0.00,0.00,0,0,0,0,0
656234,2026-04-05,New York Yankees,Miami Marlins,"0.0 IP, 3 ER, 0 K, BB",1,0,0,0,0,3,1,0,0,0,1,0,1,1,.133,1,1.000,2.000,3.000,0,0,.---,.---,0,10,6.23,0.0,0,1,0,1,0,1,3,0.69,3,0,1,0,0,4,.400,1,0,0,0,2,1.67,.000,-.--,0,0.00,-.--,-.--,-.--,-.--,-.--,1,1,0,0,0
594798,2026-03-31,Texas Rangers,Baltimore Orioles,"4.2 IP, 3 ER, 7 K, 0 BB",1,1,2,2,5,3,1,0,1,7,0,0,6,0,.300,20,.300,.500,.800,0,0,.---,.---,0,79,5.79,4.2,0,0,0,0,0,0,3,1.29,20,14,1,0,0,56,.710,0,0,1,0,10,0.40,.---,16.93,0,-.--,13.50,0.00,11.57,5.79,1.93,0,0,0,0,0
594798,2026-04-06,Texas Rangers,Seattle Mariners,"5.0 IP, ER, 6 K, BB",1,1,4,3,6,1,0,0,1,6,1,0,1,0,.194,16,.118,.250,.368,1,0,.000,1.000,0,78,3.72,5.0,0,0,0,0,0,0,1,0.83,17,15,1,0,0,49,.630,0,0,0,0,4,0.45,.---,15.60,0,6.00,10.80,1.80,1.80,1.80,1.80,0,0,0,0,0
623474,2026-03-27,Colorado Rockies,Miami Marlins,"1.1 IP, 0 ER, K, 0 BB",1,0,0,2,1,0,0,0,0,1,0,0,2,0,.333,6,.333,.333,.666,0,0,.---,.---,0,20,0.00,1.1,0,0,0,0,0,0,0,1.50,6,4,1,0,0,12,.600,0,0,0,0,2,2.00,.---,15.00,0,-.--,6.75,0.00,13.50,0.00,0.00,0,0,0,0,0
623474,2026-03-29,Colorado Rockies,Miami Marlins,"0.2 IP, 0 ER, 2 K, 0 BB",1,0,0,0,0,0,0,0,0,2,0,0,0,0,.250,2,.000,.000,.000,0,0,.---,.---,0,8,0.00,0.2,0,0,0,0,0,0,0,1.00,2,2,1,0,0,6,.750,0,0,0,0,0,2.00,.---,12.00,0,-.--,27.00,0.00,0.00,0.00,0.00,1,0,0,0,0
623474,2026-04-01,Colorado Rockies,Toronto Blue Jays,"1.0 IP, 0 ER, 0 K, 0 BB",1,0,0,1,2,0,0,0,0,0,0,0,0,0,.182,3,.000,.000,.000,0,0,.---,.---,0,16,0.00,1.0,0,0,1,1,0,0,0,0.67,3,3,1,0,0,12,.750,0,0,0,0,0,1.00,.---,16.00,1,-.--,0.00,0.00,0.00,0.00,0.00,0,0,0,0,0
623474,2026-04-04,Colorado Rockies,Philadelphia Phillies,"1.1 IP, 0 ER, 2 K, 0 BB",1,0,1,1,1,0,0,0,0,2,0,0,0,0,.133,4,.000,.000,.000,0,1,1.000,.000,0,15,0.00,1.1,0,0,0,0,0,0,0,0.46,4,4,1,0,0,11,.730,0,0,0,0,0,1.00,.---,11.25,0,-.--,13.50,0.00,0.00,0.00,0.00,2,0,0,0,0
623474,2026-04-06,Colorado Rockies,Houston Astros,"1.2 IP, ER, K, 0 BB",1,0,4,0,4,1,1,0,0,1,0,0,2,0,.190,6,.286,.500,.786,0,0,.---,.---,0,33,1.50,1.2,0,0,0,0,1,0,1,0.67,7,5,1,0,0,23,.700,0,0,0,0,3,0.50,.---,19.80,0,-.--,5.40,0.00,10.80,5.40,0.00,3,1,0,0,1
686973,2026-03-27,Toronto Blue Jays,Athletics,"1.0 IP, 0 ER, K, BB",1,0,0,1,0,0,0,0,0,1,1,0,1,0,.333,3,.500,.333,.833,0,0,.---,.---,1,16,0.00,1.0,0,0,0,0,1,0,0,2.00,4,3,1,0,0,8,.500,0,0,0,0,1,1.00,.---,16.00,0,1.00,9.00,9.00,9.00,0.00,0.00,0,0,0,0,0
686973,2026-03-28,Toronto Blue Jays,Athletics,"1.0 IP, 0 ER, K, BB",1,0,0,1,0,1,0,0,0,1,1,0,1,0,.333,3,.500,.333,.833,0,0,.---,.---,1,14,0.00,1.0,0,0,0,0,0,0,0,2.00,4,3,1,0,0,6,.430,0,0,0,0,1,2.00,.---,14.00,0,1.00,9.00,9.00,9.00,9.00,0.00,0,0,0,0,0
686973,2026-03-30,Toronto Blue Jays,Colorado Rockies,"1.1 IP, 0 ER, 3 K, 0 BB",1,0,1,1,1,1,0,0,0,3,0,0,2,0,.308,7,.286,.286,.572,0,2,1.000,.000,0,30,0.00,1.1,0,1,0,0,0,0,0,1.80,7,4,1,0,0,20,.670,0,0,0,0,2,3.00,.000,22.50,0,-.--,20.25,0.00,13.50,6.75,0.00,1,0,0,0,0
686973,2026-04-03,Toronto Blue Jays,Chicago White Sox,"1.0 IP, 0 ER, K, 0 BB",1,0,0,1,0,0,0,0,0,1,0,0,1,0,.313,3,.333,.333,.666,1,0,.000,1.000,0,15,0.00,1.0,0,0,0,0,0,0,0,1.62,3,3,1,0,0,9,.600,0,0,0,0,1,4.00,.---,15.00,0,-.--,9.00,0.00,9.00,0.00,0.00,0,0,0,0,0
592773,2026-03-26,St. Louis Cardinals,Tampa Bay Rays,"1.0 IP, 0 ER, K, 3 BB",1,0,0,0,2,0,0,0,0,1,3,0,0,0,.000,3,.500,.000,.500,0,0,.---,.---,0,26,0.00,1.0,0,0,1,1,0,0,0,3.00,6,3,1,0,0,12,.460,0,0,0,0,0,0.00,.---,26.00,1,0.33,9.00,27.00,0.00,0.00,0.00,0,0,0,0,0
592773,2026-03-28,St. Louis Cardinals,Tampa Bay Rays,"1.1 IP, ER, 2 K, 0 BB",1,0,0,1,0,2,0,0,0,2,0,0,3,0,.333,6,.500,.500,1.000,1,0,.000,1.000,0,27,3.86,1.1,1,0,0,1,0,1,1,2.57,6,4,1,0,0,18,.670,0,0,0,0,3,0.50,1.000,20.25,1,-.--,13.50,0.00,20.25,13.50,0.00,2,2,0,0,0
592773,2026-03-31,St. Louis Cardinals,New York Mets,"1.0 IP, 0 ER, K, BB",1,0,1,1,1,0,0,0,0,1,1,0,0,0,.250,3,.250,.000,.250,0,0,.---,.---,0,22,2.70,1.0,0,0,0,0,1,0,0,2.10,4,3,1,0,0,12,.550,0,0,0,0,0,0.67,.---,22.00,0,1.00,9.00,9.00,0.00,0.00,0.00,0,0,0,0,0
592773,2026-04-01,St. Louis Cardinals,New York Mets,"0.2 IP, 0 ER, K, 0 BB",1,0,1,0,1,0,0,0,0,1,0,0,1,0,.267,3,.333,.333,.666,0,0,.---,.---,0,16,2.25,0.2,0,0,0,0,0,0,0,2.00,4,2,1,0,0,9,.560,0,0,0,0,1,0.50,.---,24.00,0,-.--,13.50,0.00,13.50,0.00,0.00,0,0,1,0,0
592773,2026-04-05,St. Louis Cardinals,Detroit Tigers,"1.0 IP, 0 ER, 2 K, BB",1,0,1,0,1,0,0,0,0,2,1,0,0,0,.222,3,.250,.000,.250,0,0,.---,.---,0,23,1.80,1.0,0,0,0,0,1,0,0,1.80,4,3,1,0,0,14,.610,0,0,0,0,0,0.40,.---,23.00,0,2.00,18.00,9.00,0.00,0.00,0.00,0,0,0,0,0
592773,2026-04-06,St. Louis Cardinals,Washington Nationals,"0.2 IP, 3 ER, K, 0 BB",1,0,1,0,1,3,0,0,1,1,0,0,3,0,.304,5,.600,1.200,1.800,0,0,.---,.---,0,23,6.35,0.2,0,0,0,0,0,0,3,2.12,5,2,1,0,0,15,.650,0,0,0,0,6,0.33,.---,34.50,0,-.--,13.50,0.00,40.50,40.50,13.50,1,0,0,0,0
641927,2026-03-29,Minnesota Twins,Baltimore Orioles,"4.0 IP, 3 ER, K, BB",1,1,1,6,5,3,0,0,1,1,1,0,4,0,.250,16,.294,.438,.732,0,0,.---,.---,0,56,6.75,4.0,0,0,0,0,0,0,3,1.25,17,12,1,0,0,37,.660,0,0,0,0,7,1.20,.---,14.00,0,1.00,2.25,2.25,9.00,6.75,2.25,0,0,0,0,0
641927,2026-04-03,Minnesota Twins,Tampa Bay Rays,"4.0 IP, 3 ER, 4 K, 2 BB",1,1,2,1,7,3,4,0,0,4,2,0,4,0,.250,16,.333,.500,.833,0,0,.---,.---,0,82,6.75,4.0,0,0,0,0,0,0,3,1.38,18,12,1,0,0,45,.550,0,0,0,0,8,0.58,.---,20.50,0,2.00,9.00,4.50,9.00,6.75,0.00,0,0,0,0,0
656271,2026-03-26,Cincinnati Reds,Boston Red Sox,"0.1 IP, 0 ER, 0 K, 0 BB",1,0,0,0,1,0,0,0,0,0,0,0,1,0,.500,2,.500,.500,1.000,0,0,.---,.---,0,3,0.00,0.1,0,0,0,0,0,0,0,3.00,2,1,1,0,0,2,.670,0,0,0,0,1,0.00,.---,9.00,1,-.--,0.00,0.00,27.00,0.00,0.00,2,1,0,0,0
656271,2026-03-29,Cincinnati Reds,Boston Red Sox,"1.1 IP, 0 ER, 0 K, BB",1,0,0,3,0,0,1,0,0,0,1,0,1,0,.333,4,.400,.500,.900,0,0,.---,.---,1,27,0.00,1.1,1,0,0,0,0,0,0,1.80,5,4,1,0,0,15,.560,0,0,0,0,2,3.00,1.000,20.25,0,0.00,0.00,6.75,6.75,0.00,0.00,0,0,0,0,0
656271,2026-03-31,Cincinnati Reds,Pittsburgh Pirates,"2.1 IP, 0 ER, 2 K, BB",1,0,1,2,2,0,0,0,0,2,1,0,0,0,.167,6,.143,.000,.143,0,0,.---,.---,1,20,0.00,2.1,0,0,0,0,0,0,0,1.00,7,7,1,0,0,11,.550,0,0,0,0,0,1.67,.---,8.57,0,2.00,7.71,3.86,0.00,0.00,0.00,0,0,0,0,0
656271,2026-04-05,Cincinnati Reds,Texas Rangers,"1.0 IP, 0 ER, 3 K, 0 BB",1,0,0,0,0,0,0,0,0,3,0,0,0,0,.133,3,.000,.000,.000,0,0,.---,.---,0,14,0.00,1.0,0,0,1,1,0,0,0,0.80,3,3,1,0,0,9,.640,0,0,0,0,0,1.67,.---,14.00,1,-.--,27.00,0.00,0.00,0.00,0.00,0,0,0,0,0
656271,2026-04-06,Cincinnati Reds,Miami Marlins,"0.1 IP, 0 ER, K, 0 BB",1,0,0,0,0,0,0,0,0,1,0,0,0,0,.125,1,.000,.000,.000,0,0,.---,.---,0,6,0.00,0.1,0,0,0,0,1,0,0,0.75,1,1,1,0,0,4,.670,0,0,0,0,0,1.67,.---,18.00,0,-.--,27.00,0.00,0.00,0.00,0.00,1,0,0,0,0
686993,2026-03-27,Athletics,Toronto Blue Jays,"0.2 IP, ER, 0 K, 0 BB",1,0,0,2,0,1,1,0,0,0,0,0,3,0,.600,5,.600,.800,1.400,0,0,.---,.---,0,15,13.50,0.2,0,1,0,0,0,0,1,4.50,5,2,1,0,0,11,.730,0,0,0,0,4,2.00,.000,22.50,1,-.--,0.00,0.00,40.50,13.50,0.00,0,0,0,0,0
686993,2026-03-30,Athletics,Atlanta Braves,"1.0 IP, 0 ER, 2 K, 0 BB",1,0,1,0,1,0,0,0,0,2,0,0,0,0,.375,3,.000,.000,.000,0,0,.---,.---,0,11,5.40,1.0,0,0,0,0,0,0,0,1.80,3,3,1,0,0,9,.820,0,0,0,0,0,2.00,.---,11.00,0,-.--,18.00,0.00,0.00,0.00,0.00,0,0,0,0,0
686993,2026-03-31,Athletics,Atlanta Braves,"1.0 IP, 0 ER, 2 K, BB",1,0,0,1,1,0,0,0,0,2,1,0,0,0,.250,4,.200,.000,.200,0,0,.---,.---,0,28,3.38,1.0,0,0,0,0,1,0,0,1.50,5,3,1,0,0,17,.610,0,0,0,0,0,1.50,.---,28.00,0,2.00,18.00,9.00,0.00,0.00,0.00,0,0,0,0,0
686993,2026-04-05,Athletics,Houston Astros,"1.1 IP, 0 ER, K, BB",1,0,1,1,1,0,0,0,0,1,1,0,2,0,.294,5,.500,.400,.900,0,1,1.000,.000,0,22,2.25,1.1,0,0,0,0,0,0,0,1.75,6,4,1,0,0,14,.640,0,0,0,0,2,1.33,.---,16.50,0,1.00,6.75,6.75,13.50,0.00,0.00,1,1,0,0,0
676755,2026-03-26,Pittsburgh Pirates,New York Mets,"0.2 IP, 2 ER, K, 2 BB",1,0,1,0,1,2,0,0,0,1,2,0,3,0,.600,5,.714,.600,1.314,0,0,.---,.---,0,36,27.00,0.2,0,0,0,0,0,0,2,7.50,7,2,1,0,0,21,.580,0,0,0,0,3,0.00,.---,54.00,0,0.50,13.50,27.00,40.50,27.00,0.00,1,1,0,0,0
676755,2026-03-29,Pittsburgh Pirates,New York Mets,"1.0 IP, 0 ER, 2 K, 0 BB",1,0,0,0,1,0,0,0,0,2,0,0,0,0,.375,3,.000,.000,.000,0,0,.---,.---,0,13,10.80,1.0,0,0,0,0,0,0,0,3.00,3,3,1,0,0,9,.690,0,0,0,0,0,0.00,.---,13.00,0,-.--,18.00,0.00,0.00,0.00,0.00,0,0,0,0,0
676755,2026-03-30,Pittsburgh Pirates,Cincinnati Reds,"1.0 IP, 0 ER, K, BB",1,0,2,0,2,0,0,0,0,1,1,0,0,0,.273,3,.250,.000,.250,0,0,.---,.---,0,15,6.75,1.0,0,0,0,0,0,0,0,2.25,4,3,1,0,0,8,.530,0,0,0,0,0,0.00,.---,15.00,0,1.00,9.00,9.00,0.00,0.00,0.00,0,0,0,0,0
676755,2026-04-01,Pittsburgh Pirates,Cincinnati Reds,"1.1 IP, 0 ER, 0 K, 0 BB",1,0,2,2,2,0,0,0,0,0,0,0,1,0,.250,5,.200,.200,.400,0,0,.---,.---,0,22,4.50,1.1,0,0,0,0,1,0,0,1.75,5,4,1,0,0,16,.730,0,0,0,0,1,0.33,.---,16.50,0,-.--,0.00,0.00,6.75,0.00,0.00,0,0,0,0,0
676755,2026-04-04,Pittsburgh Pirates,Baltimore Orioles,"1.0 IP, 0 ER, K, BB",1,0,1,0,1,0,0,0,0,1,1,0,1,0,.263,3,.500,.333,.833,0,0,.---,.---,0,17,3.60,1.0,0,0,0,0,0,0,0,1.80,4,3,1,0,0,9,.530,0,0,0,1,1,0.29,.---,17.00,0,1.00,9.00,9.00,9.00,0.00,0.00,0,0,0,0,0
676755,2026-04-06,Pittsburgh Pirates,San Diego Padres,"1.0 IP, 0 ER, 2 K, 0 BB",1,0,0,1,0,0,0,0,0,2,0,0,2,0,.292,5,.400,.400,.800,0,0,.---,.---,0,21,3.00,1.0,0,0,0,0,0,0,0,1.83,5,3,1,0,0,14,.670,0,0,0,0,2,0.43,.---,21.00,0,-.--,18.00,0.00,18.00,0.00,0.00,0,0,0,0,0
592791,2026-03-31,Chicago Cubs,Los Angeles Angels,"4.2 IP, 0 ER, 3 K, 4 BB",1,1,3,5,6,0,1,0,0,3,4,1,2,0,.125,16,.300,.188,.488,0,1,1.000,.000,0,85,0.00,4.2,0,0,0,0,0,0,0,1.29,20,14,1,0,0,52,.610,0,0,0,0,3,0.83,.---,18.21,0,0.75,5.79,7.71,3.86,0.00,0.00,0,0,0,0,0
592791,2026-04-06,Chicago Cubs,Tampa Bay Rays,"6.0 IP, 3 ER, 4 K, 0 BB",1,1,6,3,11,4,2,0,2,4,0,0,7,0,.220,25,.280,.600,.880,0,3,1.000,.000,0,83,2.53,6.0,0,1,0,0,0,0,3,1.22,25,18,1,0,0,53,.640,0,0,0,0,15,0.47,.000,13.83,0,-.--,6.00,0.00,10.50,6.00,3.00,0,0,0,0,0
641941,2026-03-28,Cincinnati Reds,Boston Red Sox,"1.1 IP, ER, 2 K, 0 BB",1,0,0,0,2,1,0,0,1,2,0,0,1,0,.200,5,.200,.800,1.000,0,0,.---,.---,0,22,6.75,1.1,0,0,0,1,0,1,1,0.75,5,4,1,0,0,16,.730,0,0,0,0,4,0.00,.---,16.50,0,-.--,13.50,0.00,6.75,6.75,6.75,2,0,0,0,0
641941,2026-03-29,Cincinnati Reds,Boston Red Sox,"1.0 IP, 0 ER, 0 K, BB",1,0,2,0,3,0,1,0,0,0,1,1,1,0,.222,4,.400,.500,.900,0,0,.---,.---,0,12,3.86,1.0,0,0,1,1,0,0,0,1.29,5,3,1,0,0,6,.500,0,0,0,0,2,0.00,.---,12.00,1,0.00,0.00,9.00,9.00,0.00,0.00,0,0,0,0,0
641941,2026-04-01,Cincinnati Reds,Pittsburgh Pirates,"1.0 IP, 4 ER, 2 K, 0 BB",1,0,0,1,0,4,0,0,1,2,0,0,3,1,.333,6,.571,1.000,1.571,0,0,.---,.---,0,33,13.50,1.0,0,0,0,0,0,0,4,1.80,7,3,1,0,0,19,.580,1,0,1,0,6,0.20,.---,33.00,1,-.--,18.00,0.00,27.00,36.00,9.00,0,0,0,0,0
641941,2026-04-03,Cincinnati Reds,Texas Rangers,"1.0 IP, 0 ER, K, 0 BB",1,0,0,0,2,0,0,0,0,1,0,0,0,0,.278,3,.000,.000,.000,0,0,.---,.---,0,13,10.38,1.0,0,0,1,1,0,0,0,1.38,3,3,1,0,0,8,.620,0,0,0,0,0,0.14,.---,13.00,1,-.--,9.00,0.00,0.00,0.00,0.00,0,0,0,0,0
641941,2026-04-04,Cincinnati Reds,Texas Rangers,"1.0 IP, 0 ER, K, 2 BB",1,0,0,1,0,0,0,0,0,1,2,0,1,0,.286,3,.600,.333,.933,0,0,.---,.---,1,23,8.44,1.0,0,0,1,1,0,0,0,1.69,5,3,1,0,0,12,.520,0,0,0,0,1,0.29,.---,23.00,1,0.50,9.00,18.00,9.00,0.00,0.00,0,0,0,0,0
641941,2026-04-06,Cincinnati Reds,Miami Marlins,"1.0 IP, 0 ER, 0 K, 0 BB",1,0,0,2,1,0,0,0,0,0,0,0,0,0,.250,3,.000,.000,.000,0,0,.---,.---,0,13,7.11,1.0,0,0,1,1,0,0,0,1.42,3,3,1,0,0,8,.620,0,0,0,0,0,0.50,.---,13.00,1,-.--,0.00,0.00,0.00,0.00,0.00,0,0,0,0,0
676760,2026-03-26,San Diego Padres,Detroit Tigers,"2.0 IP, 2 ER, 2 K, 0 BB",1,0,1,3,1,2,0,0,1,2,0,0,3,0,.333,9,.333,.667,1.000,0,0,.---,.---,0,43,9.00,2.0,0,0,0,0,0,0,2,1.50,9,6,1,0,0,25,.580,0,0,0,0,6,3.00,.---,21.50,0,-.--,9.00,0.00,13.50,9.00,4.50,0,0,0,0,0
676760,2026-03-30,San Diego Padres,San Francisco Giants,"2.0 IP, 0 ER, 2 K, 0 BB",1,0,0,3,1,0,0,0,0,2,0,0,0,0,.200,6,.000,.000,.000,0,0,.---,.---,0,29,4.50,2.0,0,0,0,0,0,0,0,0.75,6,6,1,0,0,18,.620,0,0,0,0,0,3.00,.---,14.50,1,-.--,9.00,0.00,0.00,0.00,0.00,0,0,0,0,0
676760,2026-04-03,San Diego Padres,Boston Red Sox,"1.0 IP, 0 ER, K, 0 BB",1,0,0,1,1,0,0,0,0,1,0,0,0,0,.167,3,.000,.000,.000,0,0,.---,.---,0,10,3.60,1.0,0,0,0,0,0,0,0,0.60,3,3,1,0,0,8,.800,0,0,0,0,0,2.33,.---,10.00,1,-.--,9.00,0.00,0.00,0.00,0.00,0,0,0,0,0
676760,2026-04-06,San Diego Padres,Pittsburgh Pirates,"2.0 IP, 0 ER, K, BB",1,0,2,1,3,0,1,0,0,1,1,0,1,0,.167,6,.286,.333,.619,0,0,.---,.---,0,30,2.57,2.0,0,0,0,0,0,0,0,0.71,7,6,1,0,0,15,.500,0,0,0,0,2,1.33,.---,15.00,0,1.00,4.50,4.50,4.50,0.00,0.00,0,0,0,0,0
676775,2026-03-25,San Francisco Giants,New York Yankees,"1.0 IP, 0 ER, 2 K, BB",1,0,0,0,1,0,0,0,0,2,1,0,0,0,.000,3,.250,.000,.250,0,0,.---,.---,0,19,0.00,1.0,0,0,0,0,0,0,0,1.00,4,3,1,0,0,13,.680,0,0,0,0,0,0.00,.---,19.00,0,2.00,18.00,9.00,0.00,0.00,0.00,0,0,0,0,0
676775,2026-03-28,San Francisco Giants,New York Yankees,"1.0 IP, 0 ER, K, 0 BB",1,0,1,1,1,0,0,0,0,1,0,0,0,0,.000,3,.000,.000,.000,0,0,.---,.---,0,9,0.00,1.0,0,0,0,0,0,0,0,0.50,3,3,1,0,0,7,.780,0,0,0,0,0,0.50,.---,9.00,0,-.--,9.00,0.00,0.00,0.00,0.00,0,0,0,0,0
676775,2026-03-30,San Francisco Giants,San Diego Padres,"1.0 IP, 0 ER, 3 K, 0 BB",1,0,0,0,0,0,0,0,0,3,0,0,0,0,.000,3,.000,.000,.000,0,0,.---,.---,0,13,0.00,1.0,0,0,0,0,1,0,0,0.33,3,3,1,0,0,9,.690,0,0,0,0,0,0.50,.---,13.00,0,-.--,27.00,0.00,0.00,0.00,0.00,0,0,0,0,0
676775,2026-04-04,San Francisco Giants,New York Mets,"1.0 IP, ER, K, BB",1,0,0,1,1,1,1,0,0,1,1,0,2,0,.143,5,.500,.600,1.100,0,0,.---,.---,0,23,2.25,1.0,0,0,0,0,0,0,1,1.00,6,3,1,0,0,13,.570,0,0,1,0,3,0.67,.---,23.00,0,1.00,9.00,9.00,18.00,9.00,0.00,0,0,0,0,0
676775,2026-04-05,San Francisco Giants,New York Mets,"0.1 IP, 2 ER, 0 K, 0 BB",1,0,0,1,0,2,1,0,0,0,0,0,2,0,.235,3,.667,1.000,1.667,0,0,.---,.---,0,8,6.23,0.1,0,1,0,0,1,0,2,1.38,3,1,1,0,0,5,.630,0,0,0,0,3,1.00,.000,24.00,0,-.--,0.00,0.00,54.00,54.00,0.00,0,0,0,0,0
656302,2026-03-28,Toronto Blue Jays,Athletics,"5.1 IP, ER, 12 K, 2 BB",1,1,0,2,3,1,1,0,0,12,2,0,3,0,.150,20,.227,.200,.427,0,1,1.000,.000,0,90,1.69,5.1,0,0,0,0,0,0,1,0.94,22,16,1,0,0,61,.680,0,0,0,0,4,0.67,.---,16.88,0,6.00,20.25,3.38,5.06,1.69,0.00,0,0,0,0,0
656302,2026-04-03,Toronto Blue Jays,Chicago White Sox,"4.1 IP, 2 ER, 6 K, 3 BB",1,1,1,5,3,3,0,0,0,6,3,0,5,0,.205,19,.364,.263,.627,0,3,1.000,.000,0,93,2.79,4.1,0,0,0,0,0,0,2,1.34,22,13,1,0,0,51,.550,0,0,0,0,5,1.17,.---,21.46,0,2.00,12.46,6.23,10.38,6.23,0.00,0,0,0,0,0
592836,2026-03-30,Philadelphia Phillies,Washington Nationals,"4.2 IP, 6 ER, 2 K, 3 BB",1,1,0,11,3,7,2,0,0,2,3,0,10,0,.400,25,.448,.480,.928,0,0,.---,.---,0,99,11.57,4.2,0,1,0,0,0,0,6,2.79,29,14,1,0,0,63,.640,0,0,0,0,12,3.67,.000,21.21,0,0.67,3.86,5.79,19.29,13.50,0.00,0,0,0,0,1
592836,2026-04-05,Philadelphia Phillies,Colorado Rockies,"5.0 IP, 4 ER, 4 K, 2 BB",1,1,6,4,6,4,1,0,3,4,2,0,7,0,.370,21,.391,.810,1.201,1,0,.000,1.000,0,87,9.31,5.0,0,1,0,0,0,0,4,2.28,23,15,1,0,0,57,.660,0,0,0,1,17,1.67,.000,17.40,0,2.00,7.20,3.60,12.60,7.20,5.40,0,0,0,0,0
695243,2026-03-28,San Diego Padres,Detroit Tigers,"1.0 IP, 0 ER, 2 K, BB",1,0,1,0,1,0,0,0,0,2,1,0,0,0,.000,3,.250,.000,.250,0,0,.---,.---,0,18,0.00,1.0,0,0,1,1,0,0,0,1.00,4,3,1,0,0,12,.670,0,0,0,0,0,0.00,.---,18.00,1,2.00,18.00,9.00,0.00,0.00,0.00,0,0,0,0,0
695243,2026-04-01,San Diego Padres,San Francisco Giants,"1.1 IP, 0 ER, 3 K, 0 BB",1,0,0,0,1,0,0,0,0,3,0,0,1,0,.125,5,.200,.200,.400,0,0,.---,.---,0,19,0.00,1.1,0,0,1,1,0,0,0,0.86,5,4,1,0,0,15,.790,0,0,0,0,1,0.00,.---,14.25,1,-.--,20.25,0.00,6.75,0.00,0.00,1,0,0,0,0
695243,2026-04-04,San Diego Padres,Boston Red Sox,"1.0 IP, 0 ER, 3 K, 0 BB",1,0,0,0,0,0,0,0,0,3,0,0,0,0,.091,3,.000,.000,.000,0,0,.---,.---,0,11,0.00,1.0,0,0,1,1,0,0,0,0.60,3,3,1,0,0,9,.820,0,0,0,0,0,0.00,.---,11.00,1,-.--,27.00,0.00,0.00,0.00,0.00,0,0,0,0,0
695243,2026-04-05,San Diego Padres,Boston Red Sox,"1.0 IP, 0 ER, 3 K, 0 BB",1,0,0,0,0,0,0,0,0,3,0,0,0,0,.071,3,.000,.000,.000,0,0,.---,.---,0,12,0.00,1.0,0,0,1,1,0,0,0,0.46,3,3,1,0,0,9,.750,0,0,0,0,0,0.00,.---,12.00,1,-.--,27.00,0.00,0.00,0.00,0.00,0,0,0,0,0
605130,2026-03-27,Athletics,Toronto Blue Jays,"1.2 IP, 0 ER, 0 K, 0 BB",1,0,0,3,2,0,0,0,0,0,0,0,1,0,.167,6,.167,.167,.334,0,0,.---,.---,0,15,0.00,1.2,0,0,0,0,0,0,0,0.60,6,5,1,0,0,14,.930,0,0,0,0,1,1.50,.---,9.00,0,-.--,0.00,0.00,5.40,0.00,0.00,0,0,0,0,0
605130,2026-03-28,Athletics,Toronto Blue Jays,"1.0 IP, 0 ER, K, BB",1,0,1,0,2,1,0,0,0,1,1,1,1,0,.222,3,.400,.333,.733,0,1,1.000,.000,0,14,0.00,1.0,0,0,0,1,0,1,0,1.13,5,3,1,0,0,11,.790,0,0,0,0,1,0.75,.---,14.00,0,1.00,9.00,9.00,9.00,9.00,0.00,0,0,0,0,1
605130,2026-03-31,Athletics,Atlanta Braves,"1.0 IP, 0 ER, 0 K, 0 BB",1,0,1,1,2,0,0,0,0,0,0,0,0,0,.167,3,.000,.000,.000,0,0,.---,.---,0,10,0.00,1.0,0,0,0,0,1,0,0,0.82,3,3,1,0,0,9,.900,0,0,0,0,0,0.67,.---,10.00,0,-.--,0.00,0.00,0.00,0.00,0.00,0,0,0,0,0
605130,2026-04-05,Athletics,Houston Astros,"0.0 IP, 4 ER, 0 K, 2 BB",1,0,0,0,0,4,1,0,1,0,2,0,2,0,.286,2,1.000,3.000,4.000,0,0,.---,.---,0,16,9.82,0.0,0,0,0,0,0,0,4,1.91,4,0,1,0,0,4,.250,0,0,0,0,6,0.67,.---,-.--,0,0.00,-.--,-.--,-.--,-.--,-.--,0,0,0,0,0
685005,2026-03-26,Houston Astros,Los Angeles Angels,"1.0 IP, ER, K, 2 BB",1,0,0,1,1,1,0,0,1,1,2,0,1,0,.250,4,.500,1.000,1.500,0,0,.---,.---,0,33,9.00,1.0,0,0,0,0,0,0,1,3.00,6,3,1,0,0,16,.480,0,0,0,0,4,1.00,.---,33.00,1,0.50,9.00,18.00,9.00,9.00,9.00,0,0,0,0,0
685005,2026-03-29,Houston Astros,Los Angeles Angels,"0.1 IP, 0 ER, K, 0 BB",1,0,0,0,0,0,0,0,0,1,0,0,0,0,.200,1,.000,.000,.000,0,0,.---,.---,0,3,6.75,0.1,0,0,0,0,0,0,0,2.25,1,1,1,0,0,3,1.000,0,0,0,0,0,1.00,.---,9.00,0,-.--,27.00,0.00,0.00,0.00,0.00,2,0,0,0,0
685005,2026-04-05,Houston Astros,Athletics,"0.2 IP, 0 ER, 0 K, BB",1,0,2,0,2,0,0,0,0,0,1,0,2,0,.333,4,.600,.500,1.100,0,0,.---,.---,0,27,4.50,0.2,0,0,0,0,0,0,0,3.00,5,2,1,0,0,18,.670,0,0,0,0,2,0.33,.---,40.50,0,0.00,0.00,13.50,27.00,0.00,0.00,2,2,0,0,0
605135,2026-03-30,Baltimore Orioles,Texas Rangers,"4.1 IP, 4 ER, 3 K, 4 BB",1,1,4,5,6,4,1,0,0,3,4,0,6,1,.316,19,.440,.368,.808,0,0,.---,.---,0,100,8.31,4.1,0,1,0,0,0,0,4,2.31,25,13,1,0,0,61,.610,1,0,0,0,7,0.83,.000,23.08,0,0.75,6.23,8.31,12.46,8.31,0.00,0,0,0,0,1
605135,2026-04-05,Baltimore Orioles,Pittsburgh Pirates,"2.0 IP, 6 ER, 0 K, 2 BB",1,1,2,2,3,6,1,0,1,0,2,0,6,2,.414,10,.667,1.000,1.667,0,0,.---,.---,0,62,14.21,2.0,0,1,0,0,0,0,6,2.84,15,6,1,0,0,32,.520,2,0,0,0,10,0.78,.000,31.00,0,0.00,0.00,9.00,27.00,27.00,4.50,0,0,0,0,1
607192,2026-03-28,Los Angeles Dodgers,Arizona Diamondbacks,"6.0 IP, 2 ER, 6 K, BB",1,1,2,5,7,2,1,0,0,6,1,0,4,0,.190,21,.217,.238,.455,0,1,1.000,.000,0,90,3.00,6.0,0,0,0,0,0,0,2,0.83,23,18,1,0,0,57,.630,0,0,0,0,5,0.71,.---,15.00,0,6.00,9.00,1.50,6.00,3.00,0.00,0,0,0,0,1
607192,2026-04-04,Los Angeles Dodgers,Washington Nationals,"6.0 IP, 2 ER, 9 K, 2 BB",1,1,4,4,5,2,2,1,0,9,2,0,4,0,.186,22,.250,.364,.614,0,1,1.000,.000,0,101,3.00,6.0,1,0,0,0,0,0,2,0.92,24,18,1,0,0,64,.630,0,0,0,0,8,0.75,1.000,16.83,0,4.50,13.50,3.00,6.00,3.00,0.00,0,0,0,0,0
607200,2026-03-31,Chicago White Sox,Miami Marlins,"5.0 IP, 3 ER, 4 K, BB",1,1,5,3,7,4,2,0,0,4,1,0,6,0,.300,20,.333,.400,.733,0,0,.---,.---,0,80,5.40,5.0,0,1,0,0,0,0,3,1.40,21,15,1,0,0,50,.630,0,0,0,0,8,0.43,.000,16.00,0,4.00,7.20,1.80,10.80,7.20,0.00,0,0,0,0,0
607200,2026-04-06,Chicago White Sox,Baltimore Orioles,"6.0 IP, 2 ER, 4 K, BB",1,0,1,7,5,2,0,0,1,4,1,0,5,0,.268,21,.273,.381,.654,0,0,.---,.---,2,86,4.09,6.0,0,1,0,0,0,0,2,1.18,22,18,1,0,0,54,.630,0,0,0,0,8,0.83,.000,14.33,0,4.00,6.00,1.50,7.50,3.00,1.50,0,0,0,0,0
519141,2026-03-26,Los Angeles Angels,Houston Astros,"1.0 IP, 0 ER, 0 K, 0 BB",1,0,1,1,2,0,0,0,0,0,0,0,0,0,.000,3,.000,.000,.000,0,0,.---,.---,0,12,0.00,1.0,0,0,0,0,1,0,0,0.00,3,3,1,0,0,8,.670,0,0,0,0,0,0.50,.---,12.00,0,-.--,0.00,0.00,0.00,0.00,0.00,0,0,0,0,0
519141,2026-03-29,Los Angeles Angels,Houston Astros,"1.0 IP, 3 ER, 0 K, 2 BB",1,0,1,1,2,3,2,0,0,0,2,2,2,1,.286,4,.714,1.000,1.714,0,1,1.000,.000,0,17,13.50,1.0,0,1,0,0,0,0,3,2.00,8,3,1,0,0,10,.590,1,0,0,0,4,0.50,.000,17.00,1,0.00,0.00,18.00,18.00,27.00,0.00,0,0,0,1,0
519141,2026-03-31,Los Angeles Angels,Chicago Cubs,"1.1 IP, 0 ER, 2 K, 0 BB",1,0,1,0,2,0,0,0,0,2,0,0,1,0,.250,5,.200,.200,.400,0,0,.---,.---,0,20,8.10,1.1,0,0,0,0,1,0,0,1.50,5,4,1,0,0,14,.700,0,0,0,0,1,0.33,.---,15.00,0,-.--,13.50,0.00,6.75,0.00,0.00,0,0,0,0,0
519141,2026-04-03,Los Angeles Angels,Seattle Mariners,"1.0 IP, 0 ER, 0 K, BB",1,0,0,1,2,0,0,0,0,0,1,0,1,0,.250,4,.400,.250,.650,0,0,.---,.---,0,17,6.23,1.0,0,0,0,0,0,0,0,1.62,5,3,1,0,0,10,.590,0,0,0,0,1,0.38,.---,17.00,0,0.00,0.00,9.00,9.00,0.00,0.00,0,0,0,0,0
519141,2026-04-04,Los Angeles Angels,Seattle Mariners,"0.1 IP, 0 ER, 0 K, 0 BB",1,0,0,1,0,0,0,0,0,0,0,0,0,0,.235,1,.000,.000,.000,0,0,.---,.---,0,4,5.79,0.1,0,0,0,0,1,0,0,1.50,1,1,1,0,0,3,.750,0,0,0,0,0,0.50,.---,12.00,0,-.--,0.00,0.00,0.00,0.00,0.00,1,0,0,0,0
625643,2026-03-28,Atlanta Braves,Kansas City Royals,"6.0 IP, ER, 3 K, 2 BB",1,1,5,5,9,1,0,0,1,3,2,0,3,0,.150,20,.227,.300,.527,1,1,.500,.500,0,77,1.50,6.0,0,0,0,0,0,0,1,0.83,22,18,1,0,0,47,.610,0,0,0,0,6,0.56,.---,12.83,0,1.50,4.50,3.00,4.50,1.50,1.50,0,0,0,0,0
625643,2026-04-02,Atlanta Braves,Arizona Diamondbacks,"5.0 IP, ER, 3 K, BB",1,1,3,6,6,1,2,0,1,3,1,0,4,0,.179,19,.250,.474,.724,0,0,.---,.---,0,79,1.64,5.0,1,0,0,0,0,0,1,0.91,20,15,1,0,0,52,.660,0,0,0,0,9,0.73,1.000,15.80,0,3.00,5.40,1.80,7.20,1.80,1.80,0,0,0,0,0
687075,2026-03-29,Milwaukee Brewers,Chicago White Sox,"3.0 IP, 7 ER, 3 K, 4 BB",1,1,1,3,2,7,0,0,3,3,4,0,6,0,.429,14,.556,1.071,1.627,0,1,1.000,.000,1,86,21.00,3.0,0,0,0,0,0,0,7,3.33,18,9,1,0,0,50,.580,0,0,0,0,15,1.50,.---,28.67,0,0.75,9.00,12.00,18.00,21.00,9.00,0,0,0,0,0
687075,2026-04-04,Milwaukee Brewers,Kansas City Royals,"3.2 IP, 4 ER, 4 K, 3 BB",1,0,2,2,4,4,0,0,1,4,3,0,4,0,.370,13,.438,.538,.976,0,0,.---,.---,0,70,14.85,3.2,0,1,0,0,0,0,4,2.55,17,11,1,0,0,39,.560,0,0,0,1,7,0.83,.000,19.09,0,1.33,9.82,7.36,9.82,9.82,2.45,0,0,0,1,0
682995,2026-03-28,Pittsburgh Pirates,New York Mets,"1.0 IP, 2 ER, 0 K, BB",1,0,1,2,1,4,0,0,1,0,1,0,3,1,.500,6,.625,1.000,1.625,0,0,.---,.---,0,24,18.00,1.0,0,1,0,1,0,1,2,4.00,8,3,1,0,0,12,.500,1,0,0,0,6,2.00,.000,24.00,1,0.00,0.00,9.00,27.00,36.00,9.00,0,0,0,0,0
682995,2026-03-31,Pittsburgh Pirates,Cincinnati Reds,"2.0 IP, 2 ER, 3 K, BB",1,0,0,3,0,2,0,0,2,3,1,0,4,0,.438,10,.455,1.000,1.455,0,0,.---,.---,0,47,12.00,2.0,0,0,0,0,0,0,2,3.00,11,6,1,0,0,24,.510,0,0,0,0,10,5.00,.---,23.50,0,3.00,13.50,4.50,18.00,9.00,9.00,0,0,0,0,0
682995,2026-04-04,Pittsburgh Pirates,Baltimore Orioles,"2.1 IP, 0 ER, K, 3 BB",1,0,1,2,4,0,0,0,0,1,3,0,0,0,.304,7,.300,.000,.300,0,1,1.000,.000,0,45,6.75,2.1,0,0,0,0,0,0,0,2.25,10,7,1,0,0,22,.490,0,0,0,0,0,1.40,.---,19.29,0,0.33,3.86,11.57,0.00,0.00,0.00,1,0,0,0,0
678906,2026-03-28,Houston Astros,Los Angeles Angels,"2.1 IP, 0 ER, 2 K, BB",1,0,2,2,3,0,0,0,0,2,1,0,1,0,.125,8,.222,.125,.347,0,0,.---,.---,0,39,0.00,2.1,1,0,0,0,0,0,0,0.86,9,7,1,0,0,19,.490,0,0,1,0,1,0.67,1.000,16.71,0,2.00,7.71,3.86,3.86,0.00,0.00,1,1,0,0,0
678906,2026-04-01,Houston Astros,Boston Red Sox,"1.0 IP, ER, K, 0 BB",1,0,0,1,1,1,0,0,1,1,0,0,1,0,.167,4,.250,1.000,1.250,0,0,.---,.---,0,14,2.70,1.0,0,0,0,0,0,0,1,0.90,4,3,1,0,0,9,.640,0,0,0,0,4,0.75,.---,14.00,0,-.--,9.00,0.00,9.00,9.00,9.00,0,0,0,0,0
678906,2026-04-04,Houston Astros,Athletics,"2.1 IP, 0 ER, 3 K, 0 BB",1,0,2,1,3,0,0,0,0,3,0,0,2,0,.190,9,.222,.222,.444,0,0,.---,.---,0,33,1.59,2.1,0,0,0,0,0,0,0,0.88,9,7,1,0,0,22,.670,0,0,1,0,2,0.57,.---,14.14,0,-.--,11.57,0.00,7.71,0.00,0.00,2,0,0,0,0
683004,2026-03-30,Texas Rangers,Baltimore Orioles,"6.0 IP, 2 ER, 8 K, BB",1,1,6,3,7,2,1,0,1,8,1,0,5,0,.217,23,.250,.391,.641,0,0,.---,.---,0,92,3.00,6.0,1,0,0,0,0,0,2,1.00,24,18,1,0,0,60,.650,0,0,0,0,9,0.43,1.000,15.33,0,8.00,12.00,1.50,7.50,3.00,1.50,0,0,0,0,0
683004,2026-04-05,Texas Rangers,Cincinnati Reds,"5.0 IP, ER, 9 K, BB",1,1,3,3,3,1,0,0,0,9,1,0,4,0,.214,19,.250,.211,.461,0,1,1.000,.000,0,85,2.45,5.0,0,0,0,0,0,0,1,1.00,20,15,1,0,0,55,.650,0,0,0,0,4,0.60,.---,17.00,0,9.00,16.20,1.80,7.20,1.80,0.00,0,0,0,0,0
668678,2026-03-26,Arizona Diamondbacks,Los Angeles Dodgers,"4.0 IP, 4 ER, 2 K, 2 BB",1,1,2,6,4,4,0,0,1,2,2,0,5,0,.294,17,.368,.471,.839,0,0,.---,.---,0,76,9.00,4.0,0,1,0,0,0,0,4,1.75,19,12,1,0,0,47,.620,0,0,0,0,8,1.50,.000,19.00,0,1.00,4.50,4.50,11.25,9.00,2.25,0,0,0,0,0
668678,2026-04-01,Arizona Diamondbacks,Detroit Tigers,"6.0 IP, 0 ER, 2 K, 0 BB",1,1,4,7,8,0,1,1,0,2,0,0,4,0,.237,21,.190,.333,.523,0,0,.---,.---,0,88,3.60,6.0,1,0,0,0,0,0,0,1.10,21,18,1,0,0,58,.660,0,0,0,0,7,1.08,1.000,14.67,0,-.--,3.00,0.00,6.00,0.00,0.00,0,0,0,0,0
672782,2026-03-26,Tampa Bay Rays,St. Louis Cardinals,"2.0 IP, 0 ER, K, BB",1,0,2,1,4,0,0,0,0,1,1,1,2,0,.250,8,.333,.250,.583,0,0,.---,.---,0,28,0.00,2.0,0,0,0,0,0,0,0,1.50,9,6,1,0,0,19,.680,0,1,0,0,2,0.25,.---,14.00,1,1.00,4.50,4.50,9.00,0.00,0.00,0,0,0,0,0
672782,2026-03-31,Tampa Bay Rays,Milwaukee Brewers,"2.0 IP, ER, 2 K, 2 BB",1,0,1,1,3,1,0,0,1,2,2,1,1,0,.200,7,.333,.571,.904,0,1,1.000,.000,0,30,2.25,2.0,0,0,0,0,0,0,1,1.50,9,6,1,0,0,16,.530,0,0,0,0,4,0.29,.---,15.00,1,1.00,9.00,9.00,4.50,4.50,4.50,0,0,0,0,0
672782,2026-04-03,Tampa Bay Rays,Minnesota Twins,"1.2 IP, ER, K, 0 BB",1,0,1,2,2,1,0,0,1,1,0,0,1,0,.190,6,.167,.667,.834,0,0,.---,.---,0,23,3.18,1.2,0,0,0,0,0,0,1,1.24,6,5,1,0,0,16,.700,0,0,0,0,4,0.44,.---,13.80,1,-.--,5.40,0.00,5.40,5.40,5.40,3,3,0,0,0
668674,2026-03-28,Kansas City Royals,Atlanta Braves,"1.0 IP, 0 ER, 0 K, BB",1,0,0,2,0,0,0,0,0,0,1,0,1,0,.333,3,.500,.333,.833,0,0,.---,.---,0,12,0.00,1.0,0,0,0,0,1,0,0,2.00,4,3,1,0,0,6,.500,0,0,0,1,1,2.00,.---,12.00,0,0.00,0.00,9.00,9.00,0.00,0.00,0,0,0,0,0
668674,2026-03-29,Kansas City Royals,Atlanta Braves,"1.0 IP, 0 ER, K, 0 BB",1,0,0,1,0,0,0,0,0,1,0,0,1,0,.333,3,.333,.333,.666,0,0,.---,.---,1,12,0.00,1.0,0,0,1,1,0,0,0,1.50,3,3,1,0,0,7,.580,0,0,0,0,1,3.00,.---,12.00,1,-.--,9.00,0.00,9.00,0.00,0.00,0,0,0,0,0
668674,2026-04-01,Kansas City Royals,Minnesota Twins,"0.2 IP, 0 ER, 0 K, 0 BB",1,0,0,1,1,0,0,0,0,0,0,0,0,0,.250,2,.000,.000,.000,0,0,.---,.---,0,7,0.00,0.2,0,0,1,1,0,0,0,1.13,2,2,1,0,0,5,.710,0,0,0,0,0,4.00,.---,10.50,1,-.--,0.00,0.00,0.00,0.00,0.00,2,0,0,0,0
668674,2026-04-05,Kansas City Royals,Milwaukee Brewers,"1.0 IP, 2 ER, K, BB",1,0,0,1,0,2,2,0,0,1,1,0,3,0,.385,5,.667,1.000,1.667,1,0,.000,1.000,0,30,4.91,1.0,0,0,0,0,0,0,2,1.91,6,3,1,0,0,17,.570,0,0,1,0,5,5.00,.---,30.00,1,1.00,9.00,9.00,27.00,18.00,0.00,0,0,0,0,0
668674,2026-04-06,Kansas City Royals,Cleveland Guardians,"1.0 IP, 0 ER, K, 0 BB",1,0,2,0,2,0,0,0,0,1,0,0,0,0,.313,3,.000,.000,.000,0,0,.---,.---,0,14,3.86,1.0,0,0,1,1,0,0,0,1.50,3,3,1,0,0,8,.570,0,0,0,0,0,1.67,.---,14.00,1,-.--,9.00,0.00,0.00,0.00,0.00,0,0,0,0,0
676879,2026-03-26,Milwaukee Brewers,Chicago White Sox,"1.0 IP, 0 ER, 2 K, 0 BB",1,0,0,1,0,0,0,0,0,2,0,0,0,0,.000,3,.000,.000,.000,0,0,.---,.---,0,11,0.00,1.0,0,0,0,0,0,0,0,0.00,3,3,1,0,0,8,.730,0,0,0,0,0,1.00,.---,11.00,0,-.--,18.00,0.00,0.00,0.00,0.00,0,0,0,0,0
676879,2026-03-28,Milwaukee Brewers,Chicago White Sox,"1.2 IP, 0 ER, 4 K, 2 BB",1,0,0,1,0,0,0,0,0,4,2,0,0,0,.000,5,.286,.000,.286,0,0,.---,.---,0,33,0.00,1.2,1,0,0,0,0,0,0,0.75,7,5,1,0,0,20,.610,0,0,0,0,0,2.00,1.000,19.80,0,2.00,21.60,10.80,0.00,0.00,0.00,1,0,0,0,0
676879,2026-03-30,Milwaukee Brewers,Tampa Bay Rays,"2.0 IP, ER, 3 K, 0 BB",1,0,1,1,1,1,0,0,1,3,0,0,2,0,.133,7,.286,.714,1.000,0,0,.---,.---,1,24,1.93,2.0,0,0,0,0,0,0,1,0.86,7,6,1,0,0,15,.630,0,0,0,0,5,3.00,.---,12.00,0,-.--,13.50,0.00,9.00,4.50,4.50,0,0,0,0,0
676879,2026-04-01,Milwaukee Brewers,Tampa Bay Rays,"1.0 IP, 0 ER, 0 K, BB",1,0,1,1,1,0,0,0,0,0,1,0,0,0,.118,2,.333,.000,.333,0,0,.---,.---,1,9,1.59,1.0,1,0,0,0,0,0,0,0.88,3,3,1,0,0,5,.560,0,0,0,0,0,2.00,1.000,9.00,0,0.00,0.00,9.00,0.00,0.00,0.00,0,0,0,0,0
676879,2026-04-04,Milwaukee Brewers,Kansas City Royals,"1.2 IP, 2 ER, 3 K, BB",1,0,0,2,0,2,1,0,0,3,1,0,4,0,.231,9,.500,.556,1.056,0,1,1.000,.000,0,41,3.68,1.2,0,0,0,0,0,0,2,1.36,10,5,1,0,0,28,.680,0,0,1,0,5,3.00,.---,24.60,0,3.00,16.20,5.40,21.60,10.80,0.00,0,0,0,0,0
676879,2026-04-06,Milwaukee Brewers,Boston Red Sox,"1.1 IP, 0 ER, 0 K, BB",1,0,4,0,4,0,0,0,0,0,1,0,1,0,.226,5,.333,.200,.533,0,0,.---,.---,0,23,3.12,1.1,1,0,0,0,0,0,0,1.38,6,4,1,0,0,12,.520,0,0,0,0,1,1.00,1.000,17.25,0,0.00,0.00,6.75,6.75,0.00,0.00,0,0,0,0,0
666661,2026-03-26,Arizona Diamondbacks,Los Angeles Dodgers,"1.0 IP, 0 ER, K, BB",1,0,1,0,2,0,0,0,0,1,1,0,1,0,.250,4,.400,.250,.650,0,0,.---,.---,0,17,0.00,1.0,0,0,0,0,0,0,0,2.00,5,3,1,0,0,10,.590,0,0,0,0,1,0.00,.---,17.00,0,1.00,9.00,9.00,9.00,0.00,0.00,2,1,0,0,0
666661,2026-03-28,Arizona Diamondbacks,Los Angeles Dodgers,"0.2 IP, 2 ER, 0 K, BB",1,0,0,2,0,2,0,0,1,0,1,0,1,0,.286,3,.500,1.333,1.833,0,0,.---,.---,0,22,10.80,0.2,0,1,0,1,0,1,2,2.40,4,2,1,0,0,12,.550,0,0,0,0,4,1.00,.000,33.00,0,0.00,0.00,13.50,13.50,27.00,13.50,0,0,0,0,0
666661,2026-03-30,Arizona Diamondbacks,Detroit Tigers,"0.1 IP, 0 ER, 0 K, 0 BB",1,0,0,1,0,0,0,0,0,0,0,0,0,0,.250,1,.000,.000,.000,0,0,.---,.---,0,5,9.00,0.1,0,0,0,0,1,0,0,2.00,1,1,1,0,0,2,.400,0,0,0,0,0,1.50,.---,15.00,0,-.--,0.00,0.00,0.00,0.00,0.00,3,0,0,0,0
666661,2026-04-01,Arizona Diamondbacks,Detroit Tigers,"1.0 IP, 0 ER, K, 0 BB",1,0,1,1,1,0,0,0,0,1,0,0,0,0,.182,3,.000,.000,.000,0,0,.---,.---,0,11,6.00,1.0,0,0,0,0,1,0,0,1.33,3,3,1,0,0,8,.730,0,0,0,0,0,1.33,.---,11.00,0,-.--,9.00,0.00,0.00,0.00,0.00,0,0,0,0,0
666661,2026-04-03,Arizona Diamondbacks,Atlanta Braves,"1.0 IP, 0 ER, K, 0 BB",1,0,0,1,1,0,0,0,0,1,0,0,0,0,.143,3,.000,.000,.000,0,0,.---,.---,0,6,4.50,1.0,0,0,0,0,0,0,0,1.00,3,3,1,0,0,5,.830,0,0,0,0,0,1.25,.---,6.00,0,-.--,9.00,0.00,0.00,0.00,0.00,0,0,0,0,0
666661,2026-04-04,Arizona Diamondbacks,Atlanta Braves,"1.0 IP, 0 ER, K, 0 BB",1,0,0,1,1,0,0,0,0,1,0,0,0,0,.118,3,.000,.000,.000,0,0,.---,.---,0,14,3.60,1.0,0,0,0,0,1,0,0,0.80,3,3,1,0,0,10,.710,0,0,0,0,0,1.20,.---,14.00,0,-.--,9.00,0.00,0.00,0.00,0.00,0,0,0,0,0
607259,2026-03-30,Tampa Bay Rays,Milwaukee Brewers,"6.0 IP, 2 ER, 3 K, 0 BB",1,1,3,10,5,2,1,0,1,3,0,0,6,0,.250,24,.250,.417,.667,0,1,1.000,.000,1,88,3.00,6.0,0,0,0,0,0,0,2,1.00,24,18,1,0,0,59,.670,0,0,0,0,10,2.00,.---,14.67,0,-.--,4.50,0.00,9.00,3.00,1.50,0,0,0,0,0
607259,2026-04-05,Tampa Bay Rays,Minnesota Twins,"6.0 IP, ER, 4 K, BB",1,1,4,6,8,1,0,0,1,4,1,0,1,0,.163,19,.100,.211,.311,0,0,.---,.---,0,81,2.25,6.0,0,0,0,0,0,0,1,0.67,20,18,1,0,0,52,.640,0,0,0,0,4,1.23,.---,13.50,0,4.00,6.00,1.50,1.50,1.50,1.50,0,0,0,0,0
676917,2026-03-26,Washington Nationals,Chicago Cubs,"3.2 IP, 2 ER, 5 K, 3 BB",1,1,2,4,2,3,1,0,0,5,3,0,3,0,.214,14,.353,.286,.639,0,0,.---,.---,0,75,4.91,3.2,0,0,0,0,0,0,2,1.64,17,11,1,0,0,46,.610,0,0,1,0,4,2.00,.---,20.45,0,1.67,12.27,7.36,7.36,7.36,0.00,0,0,0,0,0
676917,2026-04-01,Washington Nationals,Philadelphia Phillies,"6.0 IP, ER, 3 K, 2 BB",1,1,6,5,8,1,2,0,0,3,2,0,5,2,.229,21,.360,.333,.693,0,1,1.000,.000,1,84,2.79,6.0,0,0,0,0,0,0,1,1.34,25,18,1,0,0,50,.600,2,0,0,0,7,0.90,.---,14.00,0,1.50,4.50,3.00,7.50,1.50,0.00,0,0,0,0,0
656427,2026-03-28,Detroit Tigers,San Diego Padres,"4.1 IP, 2 ER, 2 K, 4 BB",1,1,2,4,7,3,0,0,0,2,4,0,4,0,.235,17,.381,.235,.616,0,1,1.000,.000,0,89,4.15,4.1,0,1,0,0,0,0,2,1.85,21,13,1,0,0,49,.550,0,0,0,0,4,0.57,.000,20.54,0,0.50,4.15,8.31,8.31,6.23,0.00,0,0,0,0,0
656427,2026-04-04,Detroit Tigers,St. Louis Cardinals,"4.0 IP, 5 ER, 6 K, 4 BB",1,1,0,4,2,5,2,0,0,6,4,0,3,3,.226,14,.476,.357,.833,0,1,1.000,.000,0,86,7.56,4.0,0,0,0,0,0,0,5,1.80,22,12,1,0,0,47,.550,3,0,0,0,5,0.89,.---,21.50,0,1.50,13.50,9.00,6.75,11.25,0.00,0,0,0,1,0
642100,2026-03-26,Seattle Mariners,Cleveland Guardians,"1.0 IP, 2 ER, K, 0 BB",1,0,0,1,1,2,1,0,0,1,0,0,3,0,.500,6,.500,.667,1.167,0,1,1.000,.000,0,20,18.00,1.0,0,1,0,0,0,0,2,3.00,6,3,1,0,0,16,.800,0,0,0,0,4,1.00,.000,20.00,0,-.--,9.00,0.00,27.00,18.00,0.00,0,0,0,0,0
642100,2026-03-28,Seattle Mariners,Cleveland Guardians,"0.1 IP, 0 ER, 0 K, 0 BB",1,0,0,1,0,0,0,0,0,0,0,0,0,0,.429,1,.000,.000,.000,0,0,.---,.---,0,3,13.50,0.1,0,0,0,0,0,0,0,2.25,1,1,1,0,0,2,.670,0,0,0,0,0,2.00,.---,9.00,0,-.--,0.00,0.00,0.00,0.00,0.00,2,0,0,0,0
642100,2026-03-30,Seattle Mariners,New York Yankees,"1.0 IP, 0 ER, 2 K, 0 BB",1,0,0,1,0,0,0,0,0,2,0,0,1,0,.364,4,.250,.250,.500,0,0,.---,.---,0,16,7.71,1.0,0,0,0,0,0,0,0,1.71,4,3,1,0,0,10,.630,0,0,0,0,1,3.00,.---,16.00,0,-.--,18.00,0.00,9.00,0.00,0.00,0,0,0,0,0
642100,2026-04-03,Seattle Mariners,Los Angeles Angels,"1.0 IP, 0 ER, K, 0 BB",1,0,1,1,1,1,0,0,0,1,0,0,0,0,.308,2,.000,.000,.000,0,0,.---,.---,0,12,5.40,1.0,0,0,1,1,0,0,0,1.20,3,3,1,0,0,8,.670,0,0,0,0,0,2.00,.---,12.00,1,-.--,9.00,0.00,0.00,9.00,0.00,0,0,0,0,1
642100,2026-04-05,Seattle Mariners,Los Angeles Angels,"0.2 IP, 0 ER, 0 K, BB",1,0,1,1,1,1,0,0,0,0,1,1,0,0,.308,0,.500,.000,.500,0,0,.---,.---,0,3,4.50,0.2,0,1,0,0,0,0,0,1.25,3,2,1,0,0,3,1.000,0,0,0,0,0,1.67,.000,4.50,1,0.00,0.00,13.50,0.00,13.50,0.00,0,0,0,1,1
595014,2026-03-26,Los Angeles Dodgers,Arizona Diamondbacks,"1.0 IP, 0 ER, K, 0 BB",1,0,2,0,2,0,0,0,0,1,0,0,1,0,.250,4,.250,.250,.500,0,0,.---,.---,0,15,0.00,1.0,0,0,0,0,1,0,0,1.00,4,3,1,0,0,8,.530,0,0,0,0,1,0.00,.---,15.00,0,-.--,9.00,0.00,9.00,0.00,0.00,0,0,0,0,0
595014,2026-04-01,Los Angeles Dodgers,Cleveland Guardians,"1.0 IP, 0 ER, K, 0 BB",1,0,0,2,0,0,0,0,0,1,0,0,0,0,.143,3,.000,.000,.000,0,0,.---,.---,0,17,0.00,1.0,0,0,0,0,0,0,0,0.50,3,3,1,0,0,13,.760,0,0,0,0,0,1.00,.---,17.00,1,-.--,9.00,0.00,0.00,0.00,0.00,0,0,0,0,0
595014,2026-04-03,Los Angeles Dodgers,Washington Nationals,"1.0 IP, 0 ER, 0 K, BB",1,0,0,2,0,0,1,0,0,0,1,0,1,0,.200,3,.500,.667,1.167,0,0,.---,.---,1,11,0.00,1.0,0,0,0,0,0,0,0,1.00,4,3,1,0,0,6,.550,0,0,0,0,2,2.00,.---,11.00,0,0.00,0.00,9.00,9.00,0.00,0.00,0,0,0,0,0
642121,2026-03-28,Tampa Bay Rays,St. Louis Cardinals,"2.0 IP, ER, 2 K, BB",1,0,1,2,3,2,2,0,0,2,1,0,2,0,.286,7,.333,.571,.904,0,0,.---,.---,0,41,4.50,2.0,0,0,0,0,0,0,1,1.50,10,6,1,0,0,23,.560,0,0,1,0,4,0.67,.---,20.50,0,2.00,9.00,4.50,9.00,9.00,0.00,0,0,0,1,1
642121,2026-03-31,Tampa Bay Rays,Milwaukee Brewers,"1.1 IP, 2 ER, 0 K, 0 BB",1,0,1,3,1,2,1,0,1,0,0,0,4,0,.400,8,.500,1.000,1.500,0,1,1.000,.000,0,31,8.10,1.1,0,0,0,0,0,0,2,2.10,8,4,1,0,0,21,.680,0,0,0,0,8,1.25,.---,23.25,0,-.--,0.00,0.00,27.00,13.50,6.75,1,0,0,0,0
642121,2026-04-04,Tampa Bay Rays,Minnesota Twins,"2.0 IP, 0 ER, 3 K, 2 BB",1,0,0,1,2,0,0,0,0,3,2,0,1,0,.318,7,.333,.143,.476,0,0,.---,.---,0,35,5.06,2.0,0,0,0,0,0,0,0,1.88,9,6,1,0,0,18,.510,0,0,0,0,1,1.00,.---,17.50,0,1.50,13.50,9.00,4.50,0.00,0.00,0,0,0,0,0
519242,2026-03-27,Atlanta Braves,Kansas City Royals,"6.0 IP, 0 ER, 6 K, 3 BB",1,1,2,6,4,0,0,0,0,6,3,0,3,1,.158,19,.304,.158,.462,0,1,1.000,.000,2,88,0.00,6.0,1,0,0,0,0,0,0,1.00,23,18,1,0,0,54,.610,1,0,0,0,3,1.50,1.000,14.67,0,2.00,9.00,4.50,4.50,0.00,0.00,0,0,0,0,0
519242,2026-04-01,Atlanta Braves,Athletics,"6.0 IP, ER, 3 K, 0 BB",1,1,7,7,8,1,0,0,1,3,0,0,1,0,.105,19,.053,.211,.264,0,0,.---,.---,0,79,0.75,6.0,1,0,0,0,0,0,1,0.58,19,18,1,0,0,57,.720,0,0,0,0,4,1.08,1.000,13.17,0,-.--,4.50,0.00,1.50,1.50,1.50,0,0,0,0,0
519242,2026-04-06,Atlanta Braves,Los Angeles Angels,"4.0 IP, 6 ER, 7 K, 2 BB",1,1,2,3,2,6,0,0,2,7,2,0,5,2,.164,17,.429,.647,1.076,0,0,.---,.---,0,77,3.94,4.0,0,1,0,0,0,0,6,0.88,21,12,1,0,0,51,.660,2,0,0,0,11,1.14,.000,19.25,0,3.50,15.75,4.50,11.25,13.50,4.50,0,0,0,0,0
656464,2026-03-27,Arizona Diamondbacks,Los Angeles Dodgers,"1.0 IP, ER, 0 K, 0 BB",1,0,1,2,1,1,1,0,0,0,0,0,2,0,.400,5,.400,.600,1.000,0,1,1.000,.000,0,21,9.00,1.0,0,1,0,0,0,0,1,2.00,5,3,1,0,0,13,.620,0,0,0,0,3,2.00,.000,21.00,1,-.--,0.00,0.00,18.00,9.00,0.00,0,0,0,0,0
656464,2026-03-30,Arizona Diamondbacks,Detroit Tigers,"1.0 IP, 0 ER, K, 0 BB",1,0,0,1,1,0,0,0,0,1,0,0,0,0,.250,3,.000,.000,.000,0,0,.---,.---,0,13,4.50,1.0,0,0,0,0,0,0,0,1.00,3,3,1,0,0,8,.620,0,0,0,0,0,1.50,.---,13.00,0,-.--,9.00,0.00,0.00,0.00,0.00,0,0,0,0,0
656464,2026-04-02,Arizona Diamondbacks,Atlanta Braves,"0.1 IP, 3 ER, 0 K, BB",1,0,0,1,0,3,2,0,0,0,1,0,3,0,.417,4,.800,1.250,2.050,0,0,.---,.---,0,22,15.43,0.1,0,0,0,0,0,0,3,2.57,5,1,1,0,0,11,.500,0,0,0,0,5,2.00,.---,66.00,0,0.00,0.00,27.00,81.00,81.00,0.00,2,2,0,0,0
656464,2026-04-05,Arizona Diamondbacks,Atlanta Braves,"1.0 IP, 0 ER, K, 0 BB",1,0,0,1,1,0,0,0,0,1,0,0,1,0,.375,4,.250,.250,.500,0,0,.---,.---,0,13,10.80,1.0,0,0,0,0,1,0,0,2.10,4,3,1,0,0,11,.850,0,0,0,0,1,1.67,.---,13.00,0,-.--,9.00,0.00,9.00,0.00,0.00,0,0,0,0,0
646241,2026-03-27,Detroit Tigers,San Diego Padres,"1.0 IP, 0 ER, 2 K, 0 BB",1,0,1,0,1,0,0,0,0,2,0,0,1,0,.250,4,.250,.250,.500,0,0,.---,.---,0,13,0.00,1.0,1,0,0,0,0,0,0,1.00,4,3,1,0,0,10,.770,0,0,0,0,1,0.00,1.000,13.00,0,-.--,18.00,0.00,9.00,0.00,0.00,0,0,0,0,0
646241,2026-03-30,Detroit Tigers,Arizona Diamondbacks,"1.0 IP, 3 ER, K, 2 BB",1,0,1,1,2,3,1,0,0,1,2,0,3,0,.364,7,.556,.571,1.127,0,0,.---,.---,0,38,13.50,1.0,0,0,0,0,0,0,3,3.00,9,3,1,0,0,21,.550,0,0,0,0,4,0.33,.---,38.00,0,0.50,9.00,18.00,27.00,27.00,0.00,1,0,0,0,0
646241,2026-04-05,Detroit Tigers,St. Louis Cardinals,"2.2 IP, ER, 3 K, 0 BB",1,0,3,3,3,2,0,0,0,3,0,0,2,0,.286,10,.200,.200,.400,0,0,.---,.---,0,38,7.71,2.2,0,0,0,0,0,0,1,1.71,11,8,1,0,0,27,.710,0,0,0,0,2,0.67,.---,14.25,0,-.--,10.13,0.00,6.75,6.75,0.00,2,2,0,1,0
676962,2026-03-26,Chicago Cubs,Washington Nationals,"3.1 IP, 2 ER, 3 K, BB",1,0,1,4,2,2,0,0,1,3,1,0,3,0,.250,12,.308,.500,.808,0,1,1.000,.000,0,49,5.40,3.1,0,0,0,0,0,0,2,1.20,13,10,1,0,0,29,.590,0,0,1,0,6,2.00,.---,14.70,0,3.00,8.10,2.70,8.10,5.40,2.70,1,1,0,0,0
676962,2026-03-31,Chicago Cubs,Los Angeles Angels,"3.1 IP, 0 ER, 5 K, BB",1,0,2,2,3,0,0,0,0,5,1,0,1,0,.174,11,.167,.091,.258,0,1,1.000,.000,0,50,2.70,3.1,0,0,0,0,0,0,0,0.90,12,10,1,0,0,39,.780,0,0,1,0,1,1.20,.---,15.00,1,5.00,13.50,2.70,2.70,0.00,0.00,2,0,0,0,0
676962,2026-04-05,Chicago Cubs,Cleveland Guardians,"2.0 IP, 2 ER, 0 K, 2 BB",1,0,1,2,4,2,0,0,0,0,2,0,2,0,.200,7,.400,.286,.686,0,0,.---,.---,0,42,4.15,2.0,0,0,0,1,0,1,2,1.15,10,6,1,0,0,22,.520,0,0,0,0,2,0.89,.---,21.00,0,0.00,0.00,9.00,9.00,9.00,0.00,1,1,0,0,1
605280,2026-03-30,New York Mets,St. Louis Cardinals,"5.2 IP, 2 ER, 5 K, 3 BB",1,1,2,8,3,2,1,0,1,5,3,0,4,0,.200,20,.304,.400,.704,0,0,.---,.---,1,90,3.18,5.2,1,0,0,0,0,0,2,1.24,23,17,1,0,0,57,.630,0,1,0,0,8,2.67,1.000,15.88,0,1.67,7.94,4.76,6.35,3.18,1.59,0,0,0,0,0
605280,2026-04-04,New York Mets,San Francisco Giants,"7.0 IP, 0 ER, 4 K, 2 BB",1,1,3,11,6,0,0,0,0,4,2,0,3,0,.159,24,.192,.125,.317,0,0,.---,.---,0,90,1.42,7.0,1,0,0,0,0,0,0,0.95,26,21,1,0,0,61,.680,0,0,0,0,3,2.11,1.000,12.86,0,2.00,5.14,2.57,3.86,0.00,0.00,0,0,0,0,0
701542,2026-03-28,New York Yankees,San Francisco Giants,"4.1 IP, ER, 3 K, 2 BB",1,1,0,6,3,1,1,0,0,3,2,0,5,0,.294,17,.368,.353,.721,0,1,1.000,.000,1,83,2.08,4.1,0,0,0,0,0,0,1,1.62,19,13,1,0,0,54,.650,0,0,0,0,6,2.00,.---,19.15,0,1.50,6.23,4.15,10.38,2.08,0.00,0,0,0,0,0
701542,2026-04-03,New York Yankees,Miami Marlins,"5.2 IP, 2 ER, 6 K, 0 BB",1,1,5,5,6,2,0,0,2,6,0,0,4,0,.237,21,.190,.476,.666,0,0,.---,.---,0,77,2.70,5.2,1,0,0,0,0,0,2,1.10,21,17,1,0,0,47,.610,0,0,0,0,10,1.22,1.000,13.59,0,-.--,9.53,0.00,6.35,3.18,3.18,0,0,0,0,0
689254,2026-03-28,Toronto Blue Jays,Athletics,"0.0 IP, 2 ER, 0 K, 0 BB",1,0,0,0,0,2,0,0,0,0,0,0,2,0,1.000,2,1.000,1.000,2.000,0,0,.---,.---,0,9,-.--,0.0,0,0,0,0,0,0,2,-.--,2,0,1,0,0,7,.780,0,0,0,0,2,-.--,.---,-.--,0,-.--,-.--,-.--,-.--,-.--,-.--,0,0,0,0,0
689254,2026-03-29,Toronto Blue Jays,Athletics,"0.1 IP, 0 ER, K, 0 BB",1,0,0,0,0,0,0,0,0,1,0,0,0,0,.667,1,.000,.000,.000,0,0,.---,.---,0,5,54.00,0.1,0,0,0,0,1,0,0,6.00,1,1,1,0,0,3,.600,0,0,0,0,0,-.--,.---,15.00,0,-.--,27.00,0.00,0.00,0.00,0.00,1,0,0,0,0
689254,2026-03-31,Toronto Blue Jays,Colorado Rockies,"0.2 IP, 0 ER, K, 0 BB",1,0,1,0,1,0,0,0,0,1,0,0,1,0,.500,3,.333,.333,.666,0,0,.---,.---,0,15,18.00,0.2,0,0,0,0,1,0,0,3.00,3,2,1,0,0,11,.730,0,0,0,0,1,0.00,.---,22.50,0,-.--,13.50,0.00,13.50,0.00,0.00,0,0,0,0,0
689254,2026-04-01,Toronto Blue Jays,Colorado Rockies,"0.2 IP, 0 ER, 2 K, 0 BB",1,0,0,0,0,0,0,0,0,2,0,0,0,0,.375,2,.000,.000,.000,0,0,.---,.---,0,9,10.80,0.2,0,0,0,0,0,0,0,1.80,2,2,1,0,0,6,.670,0,0,0,0,0,0.00,.---,13.50,0,-.--,27.00,0.00,0.00,0.00,0.00,2,0,0,0,0
689254,2026-04-04,Toronto Blue Jays,Chicago White Sox,"1.0 IP, ER, 0 K, BB",1,1,2,0,3,1,1,0,0,0,1,1,2,0,.417,4,.500,.750,1.250,0,0,.---,.---,0,20,10.13,1.0,0,0,0,0,0,0,1,2.25,6,3,1,0,0,12,.600,0,0,0,0,3,0.00,.---,20.00,0,0.00,0.00,9.00,18.00,9.00,0.00,0,0,0,0,1
656492,2026-03-30,Washington Nationals,Philadelphia Phillies,"5.0 IP, 2 ER, 5 K, 0 BB",1,1,4,4,6,2,1,0,1,5,0,0,5,1,.250,20,.286,.450,.736,0,0,.---,.---,0,86,3.60,5.0,1,0,0,0,0,0,2,1.00,21,15,1,0,0,55,.640,1,0,0,0,9,0.67,1.000,17.20,0,-.--,9.00,0.00,9.00,3.60,1.80,0,0,0,0,0
656492,2026-04-05,Washington Nationals,Los Angeles Dodgers,"5.0 IP, ER, 6 K, 3 BB",1,1,1,5,3,1,1,0,1,6,3,0,5,0,.256,19,.364,.474,.838,0,0,.---,.---,1,95,2.70,5.0,0,0,0,0,0,0,1,1.30,22,15,1,0,0,52,.550,0,0,0,0,9,1.00,.---,19.00,0,2.00,10.80,5.40,9.00,1.80,1.80,0,0,0,0,0
605288,2026-04-01,San Francisco Giants,San Diego Padres,"5.1 IP, ER, 4 K, BB",1,1,2,9,5,3,3,0,0,4,1,0,6,0,.250,24,.280,.375,.655,0,0,.---,.---,0,86,1.69,5.1,0,1,0,0,0,0,1,1.31,25,16,1,0,0,58,.670,0,0,0,0,9,1.80,.000,16.13,0,4.00,6.75,1.69,10.13,5.06,0.00,0,0,0,0,0
605288,2026-04-06,San Francisco Giants,Philadelphia Phillies,"6.0 IP, 4 ER, 3 K, 2 BB",1,1,3,10,4,4,3,0,0,3,2,0,9,0,.300,26,.393,.462,.855,0,0,.---,.---,1,89,3.97,6.0,0,0,0,0,0,0,4,1.59,28,18,1,0,0,60,.670,0,0,2,0,12,2.11,.---,14.83,0,1.50,4.50,3.00,13.50,6.00,0.00,0,0,0,0,0
701552,2026-03-28,Washington Nationals,Chicago Cubs,"0.2 IP, 2 ER, 0 K, BB",1,0,1,0,2,2,0,0,0,0,1,0,1,0,.333,3,.500,.333,.833,0,0,.---,.---,0,18,27.00,0.2,0,0,0,0,0,0,2,3.00,4,2,1,0,0,8,.440,0,0,0,0,1,0.00,.---,27.00,0,0.00,0.00,13.50,13.50,27.00,0.00,0,0,0,0,0
701552,2026-04-01,Washington Nationals,Philadelphia Phillies,"0.2 IP, ER, K, 0 BB",1,0,0,1,0,1,0,0,1,1,0,0,1,0,.333,3,.333,1.333,1.666,0,0,.---,.---,0,11,20.25,0.2,0,0,0,0,0,0,1,2.25,3,2,1,0,0,7,.640,0,0,0,0,4,0.50,.---,16.50,0,-.--,13.50,0.00,13.50,13.50,13.50,0,0,0,0,0
701552,2026-04-03,Washington Nationals,Los Angeles Dodgers,"2.0 IP, ER, 0 K, 2 BB",1,0,2,2,3,1,0,0,0,0,2,0,2,0,.333,6,.444,.333,.777,0,0,.---,.---,1,27,10.80,2.0,0,0,0,0,0,0,1,2.10,9,6,1,0,0,12,.440,0,0,0,0,2,0.60,.---,13.50,1,0.00,0.00,9.00,9.00,4.50,0.00,0,0,0,0,1
701552,2026-04-05,Washington Nationals,Los Angeles Dodgers,"0.1 IP, 0 ER, 0 K, 0 BB",1,0,1,0,1,0,0,0,0,0,0,0,0,0,.308,1,.000,.000,.000,0,0,.---,.---,0,8,9.82,0.1,0,0,0,0,0,0,0,1.91,1,1,1,0,0,5,.630,0,0,0,0,0,0.50,.---,24.00,1,-.--,0.00,0.00,0.00,0.00,0.00,0,0,0,0,0
701552,2026-04-06,Washington Nationals,St. Louis Cardinals,"0.2 IP, 2 ER, 0 K, 2 BB",1,0,0,2,0,2,1,0,0,0,2,0,2,0,.375,3,.800,1.000,1.800,0,0,.---,.---,0,29,12.46,0.2,0,0,0,0,0,0,2,2.54,6,2,1,0,0,14,.480,0,0,0,0,3,0.83,.---,43.50,0,0.00,0.00,27.00,27.00,27.00,0.00,0,0,0,1,0
676974,2026-03-29,Miami Marlins,Colorado Rockies,"5.0 IP, 3 ER, 5 K, 2 BB",1,1,2,5,6,3,3,0,0,5,2,0,5,0,.238,21,.304,.381,.685,0,0,.---,.---,0,81,5.40,5.0,0,0,0,0,0,0,3,1.40,23,15,1,0,0,57,.700,0,0,0,0,8,0.83,.---,16.20,0,2.50,9.00,3.60,9.00,5.40,0.00,0,0,0,0,0
676974,2026-04-04,Miami Marlins,New York Yankees,"4.2 IP, 2 ER, 6 K, 3 BB",1,1,1,4,5,2,0,0,1,6,3,0,3,0,.205,18,.286,.333,.619,0,0,.---,.---,0,89,4.66,4.2,0,0,0,0,0,0,2,1.34,21,14,1,0,0,52,.580,0,0,0,0,6,0.82,.---,19.07,0,2.00,11.57,5.79,5.79,3.86,1.93,0,0,0,0,0
695418,2026-03-26,Washington Nationals,Chicago Cubs,"2.1 IP, ER, K, 0 BB",1,0,1,4,1,1,1,0,0,1,0,0,4,0,.400,10,.400,.500,.900,0,0,.---,.---,1,47,3.86,2.1,1,0,0,0,0,0,1,1.71,10,7,1,0,0,32,.680,0,0,0,0,5,4.00,1.000,20.14,0,-.--,3.86,0.00,15.43,3.86,0.00,2,0,0,0,0
695418,2026-03-30,Washington Nationals,Philadelphia Phillies,"3.0 IP, 0 ER, 3 K, BB",1,0,1,4,3,0,1,0,0,3,1,0,1,1,.238,11,.231,.182,.413,0,0,.---,.---,0,51,1.69,3.0,0,0,0,0,1,0,0,1.13,13,9,1,0,0,35,.690,1,0,0,0,2,2.00,.---,17.00,0,3.00,9.00,3.00,3.00,0.00,0.00,0,0,0,0,0
695418,2026-04-04,Washington Nationals,Los Angeles Dodgers,"2.0 IP, 3 ER, 0 K, BB",1,0,1,5,1,3,0,0,1,0,1,0,5,0,.313,11,.500,.727,1.227,0,0,.---,.---,0,49,4.91,2.0,0,0,0,0,0,0,3,1.64,12,6,1,0,0,33,.670,0,0,0,0,8,2.60,.---,24.50,0,0.00,0.00,4.50,22.50,13.50,4.50,0,0,0,0,0
676979,2026-03-26,Boston Red Sox,Cincinnati Reds,"6.0 IP, 0 ER, 8 K, 2 BB",1,1,3,5,6,0,1,0,0,8,2,0,3,0,.136,22,.208,.182,.390,0,0,.---,.---,0,80,0.00,6.0,1,0,0,0,0,0,0,0.83,24,18,1,0,0,52,.650,0,0,0,0,4,0.83,1.000,13.33,0,4.00,12.00,3.00,4.50,0.00,0.00,0,0,0,0,0
676979,2026-04-01,Boston Red Sox,Houston Astros,"5.0 IP, 4 ER, 7 K, 0 BB",1,1,1,5,3,5,2,0,1,7,0,0,6,2,.209,21,.348,.524,.872,0,0,.---,.---,1,93,3.27,5.0,0,1,0,0,0,0,4,1.00,23,15,1,0,0,63,.680,2,0,0,0,11,1.11,.000,18.60,0,-.--,12.60,0.00,10.80,9.00,1.80,0,0,0,0,0
547973,2026-03-26,Boston Red Sox,Cincinnati Reds,"1.0 IP, 0 ER, 0 K, 0 BB",1,0,3,0,3,0,0,0,0,0,0,0,0,0,.000,3,.000,.000,.000,0,0,.---,.---,0,11,0.00,1.0,0,0,1,1,0,0,0,0.00,3,3,1,0,0,6,.550,0,0,0,0,0,0.00,.---,11.00,1,-.--,0.00,0.00,0.00,0.00,0.00,0,0,0,0,0
547973,2026-03-28,Boston Red Sox,Cincinnati Reds,"1.0 IP, 0 ER, K, 0 BB",1,0,1,0,2,0,0,0,0,1,0,0,0,0,.000,3,.000,.000,.000,0,0,.---,.---,0,9,0.00,1.0,0,0,0,0,0,0,0,0.00,3,3,1,0,0,6,.670,0,0,0,0,0,0.00,.---,9.00,0,-.--,9.00,0.00,0.00,0.00,0.00,0,0,0,0,0
547973,2026-04-03,Boston Red Sox,San Diego Padres,"1.0 IP, 0 ER, K, BB",1,0,2,0,2,0,0,0,0,1,1,0,0,0,.000,3,.250,.000,.250,0,0,.---,.---,0,21,0.00,1.0,0,0,1,1,0,0,0,0.33,4,3,1,0,0,11,.520,0,0,0,0,0,0.00,.---,21.00,1,1.00,9.00,9.00,0.00,0.00,0.00,0,0,0,0,0
547973,2026-04-04,Boston Red Sox,San Diego Padres,"1.0 IP, ER, K, 0 BB",1,0,1,0,2,1,1,0,0,1,0,0,2,0,.143,5,.400,.600,1.000,0,0,.---,.---,0,17,2.25,1.0,0,1,0,0,0,0,1,0.75,5,3,1,0,0,13,.760,0,0,0,0,3,0.00,.000,17.00,1,-.--,9.00,0.00,18.00,9.00,0.00,0,0,0,0,0
656546,2026-03-27,Toronto Blue Jays,Athletics,"1.0 IP, ER, 4 K, 0 BB",1,0,0,0,0,1,0,0,1,4,0,0,1,0,.200,5,.200,.800,1.000,0,0,.---,.---,0,22,9.00,1.0,1,0,0,1,0,1,1,1.00,5,3,1,0,0,18,.820,0,0,1,0,4,-.--,1.000,22.00,1,-.--,36.00,0.00,9.00,9.00,9.00,0,0,0,0,0
656546,2026-03-29,Toronto Blue Jays,Athletics,"1.0 IP, 0 ER, 2 K, 0 BB",1,0,0,1,0,0,0,0,0,2,0,0,1,0,.222,4,.250,.250,.500,0,0,.---,.---,0,10,4.50,1.0,0,0,1,1,0,0,0,1.00,4,3,1,0,0,9,.900,0,0,0,0,1,1.00,.---,10.00,1,-.--,18.00,0.00,9.00,0.00,0.00,0,0,0,0,0
656546,2026-03-31,Toronto Blue Jays,Colorado Rockies,"1.0 IP, 0 ER, K, 0 BB",1,0,1,1,1,0,0,0,0,1,0,0,1,0,.231,4,.250,.250,.500,0,0,.---,.---,0,15,3.00,1.0,0,0,0,0,0,0,0,1.00,4,3,1,0,0,12,.800,0,0,0,0,1,2.00,.---,15.00,1,-.--,9.00,0.00,9.00,0.00,0.00,0,0,0,0,0
656546,2026-04-01,Toronto Blue Jays,Colorado Rockies,"1.0 IP, 0 ER, 3 K, 0 BB",1,0,0,0,0,0,0,0,0,3,0,0,0,0,.188,3,.000,.000,.000,0,0,.---,.---,0,16,2.25,1.0,0,0,0,0,0,0,0,0.75,3,3,1,0,0,11,.690,0,0,0,0,0,2.00,.---,16.00,0,-.--,27.00,0.00,0.00,0.00,0.00,0,0,0,0,0
656546,2026-04-03,Toronto Blue Jays,Chicago White Sox,"0.2 IP, 0 ER, K, 0 BB",1,0,0,1,0,2,0,0,0,1,0,0,2,0,.250,4,.500,.500,1.000,0,0,.---,.---,0,14,1.93,0.2,0,1,0,1,0,1,0,1.07,4,2,1,0,0,9,.640,0,0,0,0,2,3.00,.000,21.00,1,-.--,13.50,0.00,27.00,27.00,0.00,0,0,0,0,0
689296,2026-03-28,Baltimore Orioles,Minnesota Twins,"2.0 IP, 0 ER, 3 K, 0 BB",1,0,0,1,2,0,0,0,0,3,0,0,0,0,.000,6,.000,.000,.000,0,0,.---,.---,0,22,0.00,2.0,0,0,0,0,0,0,0,0.00,6,6,1,0,0,16,.730,0,0,0,0,0,0.50,.---,11.00,1,-.--,13.50,0.00,0.00,0.00,0.00,0,0,0,0,0
689296,2026-03-31,Baltimore Orioles,Texas Rangers,"2.0 IP, ER, 2 K, 0 BB",1,0,1,2,2,1,0,0,1,2,0,0,2,0,.143,8,.250,.625,.875,0,0,.---,.---,0,21,2.25,2.0,0,0,0,0,0,0,1,0.50,8,6,1,0,0,17,.810,0,0,0,0,5,0.75,.---,10.50,1,-.--,9.00,0.00,9.00,4.50,4.50,0,0,0,0,0
689296,2026-04-04,Baltimore Orioles,Pittsburgh Pirates,"1.0 IP, ER, 0 K, BB",1,0,0,3,0,1,0,0,0,0,1,0,2,0,.211,5,.500,.400,.900,0,0,.---,.---,0,27,3.60,1.0,0,0,0,1,0,1,1,1.00,6,3,1,0,0,13,.480,0,0,0,0,2,1.50,.---,27.00,0,0.00,0.00,9.00,18.00,9.00,0.00,0,0,0,0,0
642207,2026-03-28,New York Mets,Pittsburgh Pirates,"1.0 IP, 0 ER, 2 K, BB",1,0,0,1,0,0,1,0,0,2,1,0,1,0,.250,4,.400,.500,.900,0,0,.---,.---,0,19,0.00,1.0,0,0,0,0,0,0,0,2.00,5,3,1,0,0,11,.580,0,0,0,0,2,1.00,.---,19.00,0,2.00,18.00,9.00,9.00,0.00,0.00,0,0,0,0,0
642207,2026-03-30,New York Mets,St. Louis Cardinals,"1.0 IP, 0 ER, K, 0 BB",1,0,0,0,2,0,0,0,0,1,0,0,0,0,.143,3,.000,.000,.000,0,0,.---,.---,0,12,0.00,1.0,0,0,1,1,0,0,0,1.00,3,3,1,0,0,10,.830,0,0,0,0,0,0.50,.---,12.00,1,-.--,9.00,0.00,0.00,0.00,0.00,0,0,0,0,0
642207,2026-04-01,New York Mets,St. Louis Cardinals,"1.0 IP, 0 ER, K, BB",1,0,2,0,2,0,0,0,0,1,1,0,0,0,.100,3,.250,.000,.250,0,1,1.000,.000,0,18,0.00,1.0,0,0,0,0,0,0,0,1.00,4,3,1,0,0,9,.500,0,0,0,0,0,0.25,.---,18.00,0,1.00,9.00,9.00,0.00,0.00,0.00,0,0,0,0,0
642207,2026-04-05,New York Mets,San Francisco Giants,"1.0 IP, 0 ER, K, 0 BB",1,0,0,1,0,0,0,0,0,1,0,0,2,0,.214,4,.500,.500,1.000,1,0,.000,1.000,0,21,0.00,1.0,0,0,1,1,0,0,0,1.25,4,3,1,0,0,13,.620,0,0,0,0,2,0.50,.---,21.00,1,-.--,9.00,0.00,18.00,0.00,0.00,0,0,0,0,0
656550,2026-03-29,Atlanta Braves,Kansas City Royals,"5.0 IP, 3 ER, 4 K, 2 BB",1,1,3,4,7,3,1,0,1,4,2,0,5,0,.250,20,.318,.450,.768,0,0,.---,.---,0,76,5.40,5.0,0,1,0,0,0,0,3,1.40,22,15,1,0,0,45,.590,0,0,0,0,9,0.57,.000,15.20,0,2.00,7.20,3.60,9.00,5.40,1.80,0,0,0,0,0
656550,2026-04-03,Atlanta Braves,Arizona Diamondbacks,"6.0 IP, 0 ER, 4 K, 3 BB",1,1,6,5,8,0,0,0,0,4,3,0,1,0,.158,18,.190,.056,.246,0,0,.---,.---,1,85,2.45,6.0,0,0,0,0,0,0,0,1.00,21,18,1,0,0,52,.610,0,0,1,0,1,0.60,.---,14.17,0,1.33,6.00,4.50,1.50,0.00,0.00,0,0,0,0,0
683175,2026-03-26,Cincinnati Reds,Boston Red Sox,"0.2 IP, 2 ER, K, BB",1,0,1,0,1,2,0,0,0,1,1,0,2,0,.500,4,.600,.500,1.100,0,0,.---,.---,0,16,27.00,0.2,0,0,0,0,0,0,2,4.50,5,2,1,0,0,10,.630,0,0,0,0,2,0.00,.---,24.00,0,1.00,13.50,13.50,27.00,27.00,0.00,0,0,0,0,0
683175,2026-03-28,Cincinnati Reds,Boston Red Sox,"2.0 IP, 0 ER, 3 K, 0 BB",1,0,1,0,2,0,0,0,0,3,0,0,0,0,.222,5,.000,.000,.000,0,0,.---,.---,0,23,6.75,2.0,1,0,0,0,0,0,0,1.13,5,6,1,0,0,16,.700,0,0,0,0,0,0.00,1.000,11.50,1,-.--,13.50,0.00,0.00,0.00,0.00,0,0,0,0,0
683175,2026-03-30,Cincinnati Reds,Pittsburgh Pirates,"1.0 IP, 0 ER, K, 2 BB",1,0,1,0,2,0,0,0,0,1,2,0,0,0,.167,3,.400,.000,.400,0,0,.---,.---,0,20,4.91,1.0,0,0,1,1,0,0,0,1.36,5,3,1,0,0,11,.550,0,0,0,0,0,0.00,.---,20.00,1,0.50,9.00,18.00,0.00,0.00,0.00,0,0,0,0,0
683175,2026-04-01,Cincinnati Reds,Pittsburgh Pirates,"0.1 IP, 0 ER, 0 K, 2 BB",1,0,0,1,0,0,0,0,0,0,2,0,0,0,.154,1,.667,.000,.667,0,0,.---,.---,0,13,4.50,0.1,0,0,0,0,0,0,0,1.75,3,1,1,0,0,4,.310,0,0,0,0,0,0.20,.---,39.00,0,0.00,0.00,54.00,0.00,0.00,0.00,2,1,0,0,0
683175,2026-04-05,Cincinnati Reds,Texas Rangers,"1.0 IP, 0 ER, K, BB",1,0,2,0,2,0,1,0,0,1,1,0,1,0,.176,4,.400,.500,.900,0,0,.---,.---,0,28,3.60,1.0,0,0,0,0,1,0,0,1.80,5,3,1,0,0,19,.680,0,0,1,0,2,0.14,.---,28.00,0,1.00,9.00,9.00,9.00,0.00,0.00,0,0,0,0,0
693433,2026-03-28,Seattle Mariners,Cleveland Guardians,"6.0 IP, 2 ER, 9 K, BB",1,1,5,1,8,2,2,0,0,9,1,0,4,0,.182,22,.217,.273,.490,0,0,.---,.---,0,83,3.00,6.0,0,0,0,0,0,0,2,0.83,23,18,1,0,0,59,.710,0,0,0,0,6,0.13,.---,13.83,0,9.00,13.50,1.50,6.00,3.00,0.00,0,0,0,0,0
693433,2026-04-03,Seattle Mariners,Los Angeles Angels,"7.0 IP, 0 ER, 6 K, BB",1,1,7,6,8,0,0,0,0,6,1,0,1,1,.116,21,.130,.048,.178,0,0,.---,.---,0,87,1.38,7.0,0,0,0,0,0,0,0,0.54,23,21,1,0,0,57,.660,1,0,0,1,1,0.44,.---,12.43,0,6.00,7.71,1.29,1.29,0.00,0.00,0,0,0,0,0
666808,2026-03-25,New York Yankees,San Francisco Giants,"1.0 IP, 0 ER, 0 K, 0 BB",1,0,1,2,2,0,0,0,0,0,0,0,0,0,.000,4,.000,.000,.000,0,0,.---,.---,0,13,0.00,1.0,0,0,0,0,0,0,0,0.00,4,3,1,0,0,7,.540,0,0,1,0,0,1.00,.---,13.00,1,-.--,0.00,0.00,0.00,0.00,0.00,0,0,0,0,0
666808,2026-03-27,New York Yankees,San Francisco Giants,"1.0 IP, 0 ER, 3 K, 0 BB",1,0,0,0,0,0,0,0,0,3,0,0,0,0,.000,3,.000,.000,.000,0,0,.---,.---,0,12,0.00,1.0,0,0,0,0,1,0,0,0.00,3,3,1,0,0,10,.830,0,0,0,0,0,1.00,.---,12.00,0,-.--,27.00,0.00,0.00,0.00,0.00,0,0,0,0,0
666808,2026-03-30,New York Yankees,Seattle Mariners,"0.1 IP, 0 ER, 0 K, 0 BB",1,0,0,1,0,0,0,0,0,0,0,0,0,0,.000,1,.000,.000,.000,0,0,.---,.---,0,2,0.00,0.1,0,0,0,0,0,0,0,0.00,1,1,1,0,0,2,1.000,0,0,0,0,0,1.50,.---,6.00,0,-.--,0.00,0.00,0.00,0.00,0.00,2,0,0,0,0
666808,2026-04-01,New York Yankees,Seattle Mariners,"0.2 IP, 2 ER, K, BB",1,0,0,1,0,2,0,0,0,1,1,0,2,0,.167,4,.600,.500,1.100,0,1,1.000,.000,0,19,6.00,0.2,0,0,0,0,0,0,2,1.00,5,2,1,0,0,12,.630,0,0,0,0,2,2.00,.---,28.50,0,1.00,13.50,13.50,27.00,27.00,0.00,0,0,0,0,0
666808,2026-04-04,New York Yankees,Miami Marlins,"0.1 IP, 2 ER, K, 0 BB",1,0,0,0,0,2,2,0,0,1,0,0,3,0,.313,4,.750,1.250,2.000,0,0,.---,.---,0,23,10.80,0.1,0,0,0,1,0,1,2,1.80,4,1,1,0,0,13,.570,0,0,0,0,5,2.00,.---,69.00,0,-.--,27.00,0.00,81.00,54.00,0.00,0,0,0,0,0
677053,2026-03-27,Miami Marlins,Colorado Rockies,"0.2 IP, 0 ER, 2 K, 0 BB",1,0,0,0,0,0,0,0,0,2,0,0,1,0,.333,3,.333,.333,.666,0,0,.---,.---,0,11,0.00,0.2,0,0,0,0,1,0,0,1.50,3,2,1,0,0,8,.730,0,0,0,0,1,-.--,.---,16.50,0,-.--,27.00,0.00,13.50,0.00,0.00,0,0,0,0,0
677053,2026-03-31,Miami Marlins,Chicago White Sox,"1.0 IP, 0 ER, 2 K, 0 BB",1,0,1,0,1,0,0,0,0,2,0,0,0,0,.167,3,.000,.000,.000,0,0,.---,.---,0,14,0.00,1.0,0,0,0,0,0,0,0,0.60,3,3,1,0,0,10,.710,0,0,0,0,0,0.00,.---,14.00,0,-.--,18.00,0.00,0.00,0.00,0.00,0,0,0,0,0
677053,2026-04-04,Miami Marlins,New York Yankees,"0.1 IP, ER, K, 3 BB",1,0,0,0,0,1,0,0,0,1,3,0,0,0,.143,1,.750,.000,.750,0,0,.---,.---,0,21,4.50,0.1,0,0,0,0,0,0,1,2.00,4,1,1,0,0,8,.380,0,0,0,0,0,0.00,.---,63.00,0,0.33,27.00,81.00,0.00,27.00,0.00,0,0,0,0,0
677053,2026-04-05,Miami Marlins,New York Yankees,"1.0 IP, 0 ER, K, 0 BB",1,0,1,1,1,0,0,0,0,1,0,0,0,0,.100,3,.000,.000,.000,0,0,.---,.---,0,12,3.00,1.0,0,0,0,0,0,0,0,1.33,3,3,1,0,0,10,.830,0,0,0,0,0,0.50,.---,12.00,0,-.--,9.00,0.00,0.00,0.00,0.00,0,0,0,0,0
642232,2026-04-03,New York Yankees,Miami Marlins,"1.0 IP, 0 ER, 0 K, 0 BB",1,0,1,0,2,0,0,0,0,0,0,0,0,1,.000,2,.333,.000,.333,0,0,.---,.---,0,10,0.00,1.0,0,0,0,0,0,0,0,0.00,3,3,1,0,0,5,.500,1,0,0,1,0,0.00,.---,10.00,1,-.--,0.00,0.00,0.00,0.00,0.00,0,0,0,0,0
642232,2026-04-05,New York Yankees,Miami Marlins,"1.2 IP, 0 ER, 3 K, 0 BB",1,0,1,1,1,0,0,0,0,3,0,0,1,0,.125,6,.167,.167,.334,0,1,1.000,.000,0,23,0.00,1.2,0,0,0,0,0,0,0,0.38,6,5,1,0,0,16,.700,0,0,0,0,1,0.33,.---,13.80,1,-.--,16.20,0.00,5.40,0.00,0.00,2,2,0,0,0
668873,2026-03-25,San Francisco Giants,New York Yankees,"1.0 IP, 0 ER, K, 0 BB",1,0,0,2,0,0,0,0,0,1,0,0,0,0,.000,3,.000,.000,.000,0,0,.---,.---,0,10,0.00,1.0,0,0,0,0,0,0,0,0.00,3,3,1,0,0,6,.600,0,0,0,0,0,2.00,.---,10.00,1,-.--,9.00,0.00,0.00,0.00,0.00,0,0,0,0,0
668873,2026-04-01,San Francisco Giants,San Diego Padres,"1.2 IP, 0 ER, 2 K, 0 BB",1,0,0,3,0,0,0,0,0,2,0,0,0,0,.000,5,.000,.000,.000,0,0,.---,.---,0,15,0.00,1.2,0,0,0,0,0,0,0,0.00,5,5,1,0,0,11,.730,0,0,0,0,0,5.00,.---,9.00,0,-.--,10.80,0.00,0.00,0.00,0.00,2,0,0,0,0
668873,2026-04-03,San Francisco Giants,New York Mets,"0.1 IP, 0 ER, K, 0 BB",1,0,0,0,0,0,0,0,0,1,0,0,0,0,.000,1,.000,.000,.000,0,0,.---,.---,0,5,0.00,0.1,0,0,0,0,0,0,0,0.00,1,1,1,0,0,3,.600,0,0,0,0,0,5.00,.---,15.00,1,-.--,27.00,0.00,0.00,0.00,0.00,1,0,0,0,0
668873,2026-04-04,San Francisco Giants,New York Mets,"1.0 IP, 0 ER, K, 0 BB",1,0,0,1,1,0,0,0,0,1,0,0,0,0,.000,3,.000,.000,.000,0,0,.---,.---,0,12,0.00,1.0,0,0,0,0,0,0,0,0.00,3,3,1,0,0,8,.670,0,0,0,0,0,6.00,.---,12.00,0,-.--,9.00,0.00,0.00,0.00,0.00,0,0,0,0,0
668873,2026-04-06,San Francisco Giants,Philadelphia Phillies,"0.2 IP, 0 ER, K, BB",1,0,1,0,1,0,0,0,0,1,1,0,0,1,.000,1,.500,.000,.500,0,0,.---,.---,0,17,0.00,0.2,0,0,0,0,0,0,0,0.21,4,2,1,0,0,8,.470,1,0,0,0,0,3.00,.---,25.50,0,1.00,13.50,13.50,0.00,0.00,0.00,2,1,0,0,1
695505,2026-03-30,Cincinnati Reds,Pittsburgh Pirates,"5.0 IP, 0 ER, 7 K, 3 BB",1,1,1,5,3,0,0,0,0,7,3,0,1,0,.063,16,.211,.063,.274,0,1,1.000,.000,0,78,0.00,5.0,1,0,0,0,0,0,0,0.80,19,15,1,0,0,46,.590,0,0,0,0,1,1.67,1.000,15.60,0,2.33,12.60,5.40,1.80,0.00,0.00,0,0,0,0,0
695505,2026-04-05,Cincinnati Reds,Texas Rangers,"6.0 IP, ER, 9 K, BB",1,1,2,3,6,1,0,0,1,9,1,0,5,0,.154,23,.250,.348,.598,0,1,1.000,.000,0,87,0.82,6.0,0,0,0,0,0,0,1,0.91,24,18,1,0,0,59,.680,0,0,0,0,8,0.89,.---,14.50,0,9.00,13.50,1.50,7.50,1.50,1.50,0,0,0,0,0
605400,2026-03-28,Philadelphia Phillies,Texas Rangers,"5.0 IP, 3 ER, 7 K, 2 BB",1,1,1,4,4,3,0,0,2,7,2,0,5,0,.250,20,.318,.550,.868,0,1,1.000,.000,0,91,5.40,5.0,0,0,0,0,0,0,3,1.40,22,15,1,0,0,62,.680,0,0,0,0,11,1.00,.---,18.20,0,3.50,12.60,3.60,9.00,5.40,3.60,0,0,0,0,0
605400,2026-04-03,Philadelphia Phillies,Colorado Rockies,"6.1 IP, ER, 9 K, BB",1,1,1,4,6,1,1,0,0,9,1,0,5,0,.227,24,.240,.250,.490,0,0,.---,.---,0,95,3.18,6.1,1,0,0,0,0,0,1,1.15,25,19,1,0,0,63,.660,0,0,0,0,6,0.80,1.000,15.00,0,9.00,12.79,1.42,7.11,1.42,0.00,0,0,0,0,0
656605,2026-03-28,Pittsburgh Pirates,New York Mets,"6.0 IP, 0 ER, 3 K, 0 BB",1,1,4,5,10,0,0,0,0,3,0,0,3,0,.143,21,.143,.143,.286,0,1,1.000,.000,0,77,0.00,6.0,0,0,0,0,0,0,0,0.50,21,18,1,0,0,49,.640,0,1,0,0,3,0.50,.---,12.83,0,-.--,4.50,0.00,4.50,0.00,0.00,0,0,0,0,0
656605,2026-04-03,Pittsburgh Pirates,Baltimore Orioles,"6.0 IP, 2 ER, 4 K, 4 BB",1,1,2,7,5,2,2,0,0,4,4,0,6,0,.209,22,.385,.364,.749,0,0,.---,.---,2,88,1.50,6.0,1,0,0,0,0,0,2,1.08,26,18,1,0,0,56,.640,0,0,0,0,8,0.80,1.000,14.67,0,1.00,6.00,6.00,9.00,3.00,0.00,0,0,0,0,0
607455,2026-03-28,Minnesota Twins,Baltimore Orioles,"0.2 IP, 0 ER, 2 K, BB",1,0,0,0,0,0,0,0,0,2,1,0,0,1,.000,2,.500,.000,.500,0,1,1.000,.000,0,15,0.00,0.2,1,0,0,0,0,0,0,1.50,4,2,1,0,0,7,.470,1,0,0,0,0,-.--,1.000,22.50,0,2.00,27.00,13.50,0.00,0.00,0.00,0,0,0,0,0
607455,2026-03-29,Minnesota Twins,Baltimore Orioles,"0.2 IP, 0 ER, 0 K, 0 BB",1,0,0,1,0,0,0,0,0,0,0,0,0,0,.000,1,.000,.000,.000,1,0,.000,1.000,0,3,0.00,0.2,0,0,0,0,0,0,0,0.75,1,2,1,0,0,2,.670,0,0,0,1,0,1.00,.---,4.50,1,-.--,0.00,0.00,0.00,0.00,0.00,1,0,0,0,0
607455,2026-04-01,Minnesota Twins,Kansas City Royals,"1.0 IP, 0 ER, K, 0 BB",1,0,1,1,1,0,0,0,0,1,0,0,1,0,.143,4,.250,.250,.500,0,0,.---,.---,0,12,0.00,1.0,0,0,0,0,0,0,0,0.86,4,3,1,0,0,8,.670,0,0,0,0,1,2.00,.---,12.00,1,-.--,9.00,0.00,9.00,0.00,0.00,0,0,0,0,0
607455,2026-04-03,Minnesota Twins,Tampa Bay Rays,"1.0 IP, ER, 0 K, 0 BB",1,0,1,2,1,1,0,0,0,0,0,0,1,1,.182,4,.400,.250,.650,0,0,.---,.---,0,17,2.70,1.0,0,0,0,0,0,0,1,0.90,5,3,1,0,0,10,.590,1,0,2,0,1,2.00,.---,17.00,0,-.--,0.00,0.00,9.00,9.00,0.00,0,0,0,0,0
607455,2026-04-04,Minnesota Twins,Tampa Bay Rays,"1.0 IP, 0 ER, K, 0 BB",1,0,1,1,1,0,0,0,0,1,0,0,0,1,.143,3,.250,.000,.250,0,0,.---,.---,0,15,2.08,1.0,0,0,0,0,0,0,0,0.69,4,3,1,0,0,10,.670,1,0,0,0,0,1.67,.---,15.00,0,-.--,9.00,0.00,0.00,0.00,0.00,0,0,0,0,0
607455,2026-04-06,Minnesota Twins,Detroit Tigers,"1.0 IP, 0 ER, K, 0 BB",1,0,1,1,1,0,1,0,0,1,0,0,1,0,.167,4,.250,.500,.750,0,0,.---,.---,0,17,1.69,1.0,0,0,0,0,1,0,0,0.75,4,3,1,0,0,11,.650,0,0,0,0,2,1.50,.---,17.00,0,-.--,9.00,0.00,9.00,0.00,0.00,0,0,0,0,0
687330,2026-03-29,Tampa Bay Rays,St. Louis Cardinals,"1.0 IP, 0 ER, K, 0 BB",1,0,0,1,1,0,1,0,0,1,0,0,1,0,.250,4,.250,.500,.750,0,0,.---,.---,0,10,0.00,1.0,0,0,0,0,1,0,0,1.00,4,3,1,0,0,8,.800,0,0,0,0,2,1.00,.---,10.00,0,-.--,9.00,0.00,9.00,0.00,0.00,0,0,0,0,0
687330,2026-03-30,Tampa Bay Rays,Milwaukee Brewers,"0.1 IP, 0 ER, 0 K, 0 BB",1,0,0,1,0,0,0,0,0,0,0,0,0,0,.200,1,.000,.000,.000,0,0,.---,.---,0,5,0.00,0.1,0,0,1,1,0,0,0,0.75,1,1,1,0,0,3,.600,0,0,0,0,0,2.00,.---,15.00,1,-.--,0.00,0.00,0.00,0.00,0.00,1,0,0,0,0
687330,2026-04-03,Tampa Bay Rays,Minnesota Twins,"0.1 IP, 5 ER, K, 2 BB",1,0,0,1,0,6,0,0,0,1,2,0,2,1,.333,4,.714,.500,1.214,0,1,1.000,.000,0,33,27.00,0.1,0,1,0,0,0,0,5,3.00,7,1,1,0,0,18,.550,1,0,0,0,2,3.00,.000,99.00,0,0.50,27.00,54.00,54.00,162.00,0.00,0,0,0,0,0
687330,2026-04-05,Tampa Bay Rays,Minnesota Twins,"1.0 IP, 0 ER, K, 0 BB",1,0,1,0,2,0,0,0,0,1,0,0,0,0,.250,3,.000,.000,.000,0,0,.---,.---,0,19,16.88,1.0,0,0,1,1,0,0,0,1.88,3,3,1,0,0,11,.580,0,0,0,0,0,1.00,.---,19.00,1,-.--,9.00,0.00,0.00,0.00,0.00,0,0,0,0,0
687330,2026-04-06,Tampa Bay Rays,Chicago Cubs,"1.0 IP, 0 ER, K, 0 BB",1,0,1,0,2,0,0,0,0,1,0,0,0,0,.200,3,.000,.000,.000,0,0,.---,.---,0,14,12.27,1.0,1,0,0,0,0,0,0,1.36,3,3,1,0,0,10,.710,0,0,0,0,0,0.60,1.000,14.00,0,-.--,9.00,0.00,0.00,0.00,0.00,0,0,0,0,0
683232,2026-03-30,Kansas City Royals,Minnesota Twins,"1.0 IP, 0 ER, K, 0 BB",1,0,0,1,0,0,0,0,0,1,0,0,1,0,.333,3,.333,.333,.666,0,0,.---,.---,1,8,0.00,1.0,0,0,0,0,1,0,0,1.00,3,3,1,0,0,6,.750,0,0,0,0,1,1.00,.---,8.00,0,-.--,9.00,0.00,9.00,0.00,0.00,0,0,0,0,0
683232,2026-04-01,Kansas City Royals,Minnesota Twins,"1.0 IP, 0 ER, 2 K, 0 BB",1,0,0,0,1,0,0,0,0,2,0,0,0,0,.167,3,.000,.000,.000,0,0,.---,.---,0,18,0.00,1.0,0,0,0,0,0,0,0,0.50,3,3,1,0,0,11,.610,0,0,0,0,0,1.00,.---,18.00,0,-.--,18.00,0.00,0.00,0.00,0.00,0,0,0,0,0
683232,2026-04-04,Kansas City Royals,Milwaukee Brewers,"1.0 IP, 0 ER, 0 K, 0 BB",1,0,2,1,2,0,0,0,0,0,0,0,0,0,.111,3,.000,.000,.000,0,0,.---,.---,0,14,0.00,1.0,1,0,0,0,0,0,0,0.33,3,3,1,0,0,8,.570,0,0,0,0,0,0.67,1.000,14.00,0,-.--,0.00,0.00,0.00,0.00,0.00,0,0,0,0,0
683232,2026-04-05,Kansas City Royals,Milwaukee Brewers,"1.0 IP, 0 ER, 0 K, BB",1,0,0,3,0,0,0,0,0,0,1,0,1,0,.167,3,.500,.333,.833,0,0,.---,.---,0,14,0.00,1.0,0,0,0,0,0,0,0,0.75,5,3,1,0,0,7,.500,0,0,0,0,1,1.67,.---,14.00,0,0.00,0.00,9.00,9.00,0.00,0.00,0,0,0,1,0
681190,2026-03-28,San Diego Padres,Detroit Tigers,"6.0 IP, 0 ER, 8 K, 3 BB",1,1,4,6,4,0,1,0,0,8,3,0,2,0,.100,20,.217,.150,.367,0,0,.---,.---,0,91,0.00,6.0,1,0,0,0,0,0,0,0.83,23,18,1,0,0,59,.650,0,0,0,0,3,1.50,1.000,15.17,0,2.67,12.00,4.50,3.00,0.00,0.00,0,0,0,0,0
681190,2026-04-04,San Diego Padres,Boston Red Sox,"6.0 IP, ER, 3 K, BB",1,1,2,9,4,1,0,1,0,3,1,0,6,0,.195,21,.304,.381,.685,1,0,.000,1.000,1,83,0.75,6.0,0,0,0,0,0,0,1,1.00,23,18,1,0,0,57,.690,0,0,0,0,8,1.88,.---,13.83,0,3.00,4.50,1.50,9.00,1.50,0.00,0,0,0,0,1
668909,2026-03-27,Cleveland Guardians,Seattle Mariners,"5.0 IP, 3 ER, 7 K, 6 BB",1,1,3,3,4,3,0,1,1,7,6,0,2,0,.125,16,.364,.438,.802,1,1,.500,.500,0,89,5.40,5.0,0,1,0,0,0,0,3,1.60,22,15,1,0,0,49,.550,0,0,0,0,7,0.75,.000,17.80,0,1.17,12.60,10.80,3.60,5.40,1.80,0,0,0,0,0
668909,2026-04-01,Cleveland Guardians,Los Angeles Dodgers,"7.0 IP, 0 ER, 10 K, 3 BB",1,1,2,6,2,0,0,0,0,10,3,0,2,0,.111,20,.217,.100,.317,0,0,.---,.---,3,85,2.25,7.0,1,0,0,0,0,0,0,1.08,23,21,1,0,0,55,.650,0,0,0,0,2,1.50,1.000,12.14,0,3.33,12.86,3.86,2.57,0.00,0.00,0,0,0,0,0
607481,2026-03-28,Atlanta Braves,Kansas City Royals,"0.2 IP, 0 ER, 0 K, 0 BB",1,0,2,1,2,0,0,0,0,0,0,0,0,0,.000,3,.000,.000,.000,0,1,1.000,.000,0,12,0.00,0.2,0,0,0,0,0,0,0,0.00,3,2,1,0,0,8,.670,0,0,0,0,0,0.50,.---,18.00,0,-.--,0.00,0.00,0.00,0.00,0.00,2,1,0,0,0
607481,2026-03-30,Atlanta Braves,Athletics,"1.0 IP, 0 ER, 2 K, 0 BB",1,0,0,0,1,0,1,0,0,2,0,0,1,0,.143,4,.250,.500,.750,0,0,.---,.---,0,13,0.00,1.0,0,0,0,0,1,0,0,0.60,4,3,1,0,0,11,.850,0,0,0,0,2,0.33,.---,13.00,0,-.--,18.00,0.00,9.00,0.00,0.00,0,0,0,0,0
607481,2026-04-06,Atlanta Braves,Los Angeles Angels,"1.0 IP, 0 ER, K, 0 BB",1,0,0,2,0,0,0,0,0,1,0,0,0,0,.100,3,.000,.000,.000,0,0,.---,.---,0,7,0.00,1.0,0,0,0,0,0,0,0,0.38,3,3,1,0,0,5,.710,0,0,0,0,0,1.00,.---,7.00,0,-.--,9.00,0.00,0.00,0.00,0.00,0,0,0,0,0
670970,2026-03-27,San Diego Padres,Detroit Tigers,"2.0 IP, 0 ER, K, 0 BB",1,0,0,4,0,0,0,0,0,1,0,0,1,0,.167,6,.167,.167,.334,1,0,.000,1.000,1,23,0.00,2.0,0,0,0,1,0,1,0,0.50,6,6,1,0,0,14,.610,0,0,0,0,1,4.00,.---,11.50,0,-.--,4.50,0.00,4.50,0.00,0.00,1,1,0,0,0
670970,2026-04-01,San Diego Padres,San Francisco Giants,"1.2 IP, ER, K, BB",1,0,2,2,2,1,1,0,0,1,1,0,2,0,.231,7,.375,.429,.804,0,0,.---,.---,0,32,2.45,1.2,0,0,0,0,1,0,1,1.09,8,5,1,0,0,18,.560,0,0,0,0,3,3.00,.---,19.20,0,1.00,5.40,5.40,10.80,5.40,0.00,0,0,0,0,0
670970,2026-04-04,San Diego Padres,Boston Red Sox,"1.0 IP, ER, 2 K, 0 BB",1,0,0,1,0,1,0,0,0,2,0,0,2,0,.278,5,.400,.400,.800,0,0,.---,.---,0,29,3.86,1.0,1,0,0,1,0,1,1,1.29,5,3,1,0,0,20,.690,0,0,0,0,2,3.50,1.000,29.00,0,-.--,18.00,0.00,18.00,9.00,0.00,0,0,0,0,0
656641,2026-03-28,Texas Rangers,Philadelphia Phillies,"4.0 IP, 0 ER, 3 K, BB",1,1,4,4,6,0,0,0,0,3,1,0,0,0,.000,13,.071,.000,.071,0,0,.---,.---,0,68,0.00,4.0,0,0,0,0,0,0,0,0.25,14,12,1,0,0,42,.620,0,0,0,0,0,0.67,.---,17.00,0,3.00,6.75,2.25,0.00,0.00,0.00,0,0,0,0,0
656641,2026-04-01,Texas Rangers,Baltimore Orioles,"1.0 IP, 0 ER, 0 K, 0 BB",1,0,2,1,2,0,0,0,0,0,0,0,0,0,.000,3,.000,.000,.000,0,0,.---,.---,0,14,0.00,1.0,0,0,0,0,0,0,0,0.20,3,3,1,0,0,9,.640,0,0,0,0,0,0.63,.---,14.00,1,-.--,0.00,0.00,0.00,0.00,0.00,0,0,0,0,0
656641,2026-04-04,Texas Rangers,Cincinnati Reds,"1.0 IP, 0 ER, 2 K, 0 BB",1,0,1,0,1,0,0,0,0,2,0,0,0,0,.000,3,.000,.000,.000,0,0,.---,.---,0,15,0.00,1.0,0,0,0,0,0,0,0,0.17,3,3,1,0,0,9,.600,0,0,0,0,0,0.56,.---,15.00,0,-.--,18.00,0.00,0.00,0.00,0.00,0,0,0,0,0
656641,2026-04-05,Texas Rangers,Cincinnati Reds,"1.0 IP, 0 ER, K, BB",1,0,0,1,1,0,0,0,0,1,1,0,0,0,.000,3,.250,.000,.250,0,1,1.000,.000,0,19,0.00,1.0,0,0,0,0,0,0,0,0.29,4,3,1,0,0,12,.630,0,0,0,0,0,0.60,.---,19.00,0,1.00,9.00,9.00,0.00,0.00,0.00,0,0,0,0,0
681217,2026-03-26,Los Angeles Angels,Houston Astros,"0.1 IP, 0 ER, 0 K, 0 BB",1,0,0,1,0,0,0,0,0,0,0,0,0,0,.000,1,.000,.000,.000,0,0,.---,.---,0,1,0.00,0.1,0,0,0,0,1,0,0,0.00,1,1,1,0,0,1,1.000,0,0,0,0,0,1.00,.---,3.00,0,-.--,0.00,0.00,0.00,0.00,0.00,2,0,0,0,0
681217,2026-03-27,Los Angeles Angels,Houston Astros,"0.2 IP, 0 ER, 0 K, 0 BB",1,0,0,0,2,0,0,0,0,0,0,0,0,0,.000,2,.000,.000,.000,0,1,1.000,.000,0,10,0.00,0.2,0,0,0,0,0,0,0,0.00,2,2,1,0,0,7,.700,0,0,0,0,0,0.50,.---,15.00,0,-.--,0.00,0.00,0.00,0.00,0.00,1,0,0,0,0
681217,2026-03-29,Los Angeles Angels,Houston Astros,"1.0 IP, 0 ER, K, 0 BB",1,0,1,0,2,0,1,0,0,1,0,0,1,0,.143,4,.250,.500,.750,0,0,.---,.---,0,14,0.00,1.0,0,0,0,0,0,0,0,0.50,4,3,1,0,0,10,.710,0,0,0,0,2,0.25,.---,14.00,0,-.--,9.00,0.00,9.00,0.00,0.00,2,2,0,0,0
681217,2026-03-31,Los Angeles Angels,Chicago Cubs,"1.0 IP, 0 ER, K, BB",1,0,1,1,1,0,0,0,0,1,1,0,1,0,.182,4,.400,.250,.650,0,0,.---,.---,0,14,0.00,1.0,0,0,0,0,1,0,0,1.00,5,3,1,0,0,8,.570,0,0,0,0,1,0.40,.---,14.00,0,1.00,9.00,9.00,9.00,0.00,0.00,0,0,0,0,0
681217,2026-04-03,Los Angeles Angels,Seattle Mariners,"0.1 IP, 0 ER, K, 0 BB",1,0,0,0,0,0,0,0,0,1,0,0,0,0,.167,1,.000,.000,.000,0,0,.---,.---,0,5,0.00,0.1,0,0,0,0,0,0,0,0.90,1,1,1,0,0,4,.800,0,0,0,0,0,0.40,.---,15.00,0,-.--,27.00,0.00,0.00,0.00,0.00,1,0,0,0,0
681217,2026-04-04,Los Angeles Angels,Seattle Mariners,"1.0 IP, 0 ER, 2 K, 0 BB",1,0,0,1,0,0,0,0,0,2,0,0,0,0,.133,3,.000,.000,.000,0,0,.---,.---,0,16,0.00,1.0,0,0,0,0,1,0,0,0.69,3,3,1,0,0,10,.630,0,0,0,0,0,0.60,.---,16.00,0,-.--,18.00,0.00,0.00,0.00,0.00,2,0,0,0,0
681217,2026-04-06,Los Angeles Angels,Atlanta Braves,"0.2 IP, ER, K, BB",1,0,0,1,0,1,0,0,1,1,1,0,2,0,.211,4,.600,1.250,1.850,0,0,.---,.---,0,28,1.80,0.2,0,0,0,0,0,0,1,1.20,5,2,1,0,0,19,.680,0,0,0,0,5,0.80,.---,42.00,0,1.00,13.50,13.50,27.00,13.50,13.50,0,0,0,0,0
668933,2026-03-26,Cincinnati Reds,Boston Red Sox,"0.2 IP, 0 ER, K, BB",1,0,0,1,0,0,0,0,0,1,1,0,0,0,.000,2,.333,.000,.333,0,0,.---,.---,0,14,0.00,0.2,0,0,0,0,0,0,0,1.50,3,2,1,0,0,7,.500,0,0,0,0,0,1.00,.---,21.00,0,1.00,13.50,13.50,0.00,0.00,0.00,0,0,0,0,0
668933,2026-03-28,Cincinnati Reds,Boston Red Sox,"1.0 IP, ER, 2 K, BB",1,0,0,1,0,1,1,0,0,2,1,0,1,0,.167,4,.400,.500,.900,0,0,.---,.---,0,19,5.40,1.0,0,0,0,0,1,0,1,1.80,5,3,1,0,0,12,.630,0,0,1,0,2,2.00,.---,19.00,0,2.00,18.00,9.00,9.00,9.00,0.00,1,0,0,0,0
668933,2026-03-30,Cincinnati Reds,Pittsburgh Pirates,"1.1 IP, 0 ER, 3 K, 0 BB",1,0,0,1,0,0,0,0,0,3,0,0,0,0,.100,4,.000,.000,.000,0,0,.---,.---,0,18,3.00,1.1,0,0,0,0,1,0,0,1.00,4,4,1,0,0,13,.720,0,0,0,0,0,3.00,.---,13.50,0,-.--,20.25,0.00,0.00,0.00,0.00,2,0,0,0,0
668933,2026-04-01,Cincinnati Reds,Pittsburgh Pirates,"1.0 IP, 0 ER, 2 K, 0 BB",1,0,1,0,1,0,1,0,0,2,0,0,1,0,.143,4,.250,.500,.750,0,0,.---,.---,0,21,2.25,1.0,0,0,0,0,0,0,0,1.00,4,3,1,0,0,17,.810,0,0,0,0,2,3.00,.---,21.00,0,-.--,18.00,0.00,9.00,0.00,0.00,0,0,0,0,0
668933,2026-04-03,Cincinnati Reds,Texas Rangers,"1.0 IP, ER, 2 K, 0 BB",1,0,0,1,0,1,1,1,0,2,0,0,2,0,.211,5,.400,1.000,1.400,0,0,.---,.---,0,17,3.60,1.0,0,0,0,1,0,1,1,1.20,5,3,1,0,0,12,.710,0,0,0,0,5,4.00,.---,17.00,0,-.--,18.00,0.00,18.00,9.00,0.00,0,0,0,0,0
668933,2026-04-04,Cincinnati Reds,Texas Rangers,"1.0 IP, 0 ER, K, BB",1,0,1,1,1,0,0,0,0,1,1,0,0,0,.182,3,.250,.000,.250,0,0,.---,.---,0,18,3.00,1.0,0,0,0,0,1,0,0,1.17,4,3,1,0,0,11,.610,0,0,0,0,0,2.50,.---,18.00,0,1.00,9.00,9.00,0.00,0.00,0.00,0,0,0,0,0
656638,2026-03-27,Kansas City Royals,Atlanta Braves,"1.0 IP, 0 ER, K, 0 BB",1,0,0,2,0,0,0,0,0,1,0,0,0,0,.000,3,.000,.000,.000,0,0,.---,.---,0,11,0.00,1.0,0,0,0,0,0,0,0,0.00,3,3,1,0,0,8,.730,0,0,0,0,0,2.00,.---,11.00,1,-.--,9.00,0.00,0.00,0.00,0.00,0,0,0,0,0
656638,2026-04-01,Kansas City Royals,Minnesota Twins,"0.1 IP, 2 ER, K, 3 BB",1,0,0,0,0,2,0,0,0,1,3,0,1,1,.200,2,.833,.500,1.333,0,0,.---,.---,0,34,13.50,0.1,0,0,0,0,0,0,2,3.00,6,1,1,0,0,17,.500,1,0,1,0,1,2.00,.---,102.00,0,0.33,27.00,81.00,27.00,54.00,0.00,0,0,0,0,0
656638,2026-04-04,Kansas City Royals,Milwaukee Brewers,"2.0 IP, 0 ER, 4 K, BB",1,0,0,2,0,0,1,0,0,4,1,0,1,0,.167,7,.250,.286,.536,0,0,.---,.---,0,38,5.40,2.0,0,0,0,0,0,0,0,1.80,8,6,1,0,0,24,.630,0,0,0,0,2,4.00,.---,19.00,0,4.00,18.00,4.50,4.50,0.00,0.00,0,0,0,0,0
605447,2026-03-26,Los Angeles Angels,Houston Astros,"1.0 IP, 0 ER, K, BB",1,0,1,1,1,0,0,0,0,1,1,0,0,0,.000,3,.250,.000,.250,0,0,.---,.---,0,12,0.00,1.0,0,0,1,1,0,0,0,1.00,4,3,1,0,0,6,.500,0,0,0,0,0,1.00,.---,12.00,1,1.00,9.00,9.00,0.00,0.00,0.00,0,0,0,0,0
605447,2026-03-27,Los Angeles Angels,Houston Astros,"1.0 IP, 0 ER, 2 K, 0 BB",1,0,1,0,1,0,0,0,0,2,0,0,0,0,.000,3,.000,.000,.000,0,0,.---,.---,0,13,0.00,1.0,0,0,0,0,0,0,0,0.50,3,3,1,0,0,9,.690,0,0,0,0,0,0.50,.---,13.00,1,-.--,18.00,0.00,0.00,0.00,0.00,0,0,0,0,0
605447,2026-03-31,Los Angeles Angels,Chicago Cubs,"0.2 IP, 0 ER, K, BB",1,0,0,0,1,0,0,0,0,1,1,0,0,0,.000,2,.333,.000,.333,0,0,.---,.---,0,12,0.00,0.2,0,0,1,1,0,0,0,0.75,3,2,1,0,0,6,.500,0,0,0,0,0,0.33,.---,18.00,1,1.00,13.50,13.50,0.00,0.00,0.00,0,0,0,0,0
605447,2026-04-03,Los Angeles Angels,Seattle Mariners,"1.0 IP, 0 ER, 2 K, 0 BB",1,0,0,0,1,0,0,0,0,2,0,0,0,0,.000,3,.000,.000,.000,0,0,.---,.---,0,16,0.00,1.0,0,0,0,0,0,0,0,0.55,3,3,1,0,0,11,.690,0,0,0,0,0,0.25,.---,16.00,0,-.--,18.00,0.00,0.00,0.00,0.00,0,0,0,0,0
605447,2026-04-04,Los Angeles Angels,Seattle Mariners,"1.0 IP, 0 ER, K, 0 BB",1,0,1,0,2,0,0,0,0,1,0,0,0,0,.000,3,.000,.000,.000,0,0,.---,.---,0,15,0.00,1.0,0,0,1,1,0,0,0,0.43,3,3,1,0,0,8,.530,0,0,0,0,0,0.17,.---,15.00,1,-.--,9.00,0.00,0.00,0.00,0.00,0,0,0,0,0
605447,2026-04-06,Los Angeles Angels,Atlanta Braves,"0.1 IP, 0 ER, 0 K, 0 BB",1,0,1,0,1,0,0,0,0,0,0,0,0,0,.000,1,.000,.000,.000,0,0,.---,.---,0,3,0.00,0.1,0,0,1,1,0,0,0,0.40,1,1,1,0,0,3,1.000,0,0,0,0,0,0.14,.---,9.00,1,-.--,0.00,0.00,0.00,0.00,0.00,2,0,0,0,0
668941,2026-03-26,St. Louis Cardinals,Tampa Bay Rays,"0.2 IP, 0 ER, 0 K, 0 BB",1,0,0,2,0,0,0,0,0,0,0,0,2,0,.500,4,.500,.500,1.000,0,0,.---,.---,0,9,0.00,0.2,0,0,0,0,0,0,0,3.00,4,2,1,0,0,7,.780,0,0,0,0,2,2.00,.---,13.50,0,-.--,0.00,0.00,27.00,0.00,0.00,0,0,0,0,0
668941,2026-03-28,St. Louis Cardinals,Tampa Bay Rays,"1.0 IP, 0 ER, K, 0 BB",1,0,0,1,1,0,0,0,0,1,0,0,0,0,.286,3,.000,.000,.000,0,0,.---,.---,0,17,0.00,1.0,0,0,0,0,1,0,0,1.20,3,3,1,0,0,12,.710,0,0,0,0,0,3.00,.---,17.00,0,-.--,9.00,0.00,0.00,0.00,0.00,0,0,0,0,0
668941,2026-03-31,St. Louis Cardinals,New York Mets,"1.0 IP, 0 ER, K, 0 BB",1,0,0,2,0,0,0,0,0,1,0,0,0,0,.200,3,.000,.000,.000,0,0,.---,.---,0,13,0.00,1.0,0,0,0,0,1,0,0,0.75,3,3,1,0,0,8,.620,0,0,0,0,0,5.00,.---,13.00,0,-.--,9.00,0.00,0.00,0.00,0.00,0,0,0,0,0
668941,2026-04-01,St. Louis Cardinals,New York Mets,"1.1 IP, 0 ER, K, 0 BB",1,0,1,2,1,0,0,0,0,1,0,0,0,0,.143,4,.000,.000,.000,0,0,.---,.---,0,16,0.00,1.1,0,0,0,0,0,0,0,0.50,4,4,1,0,0,13,.810,0,0,0,0,0,3.50,.---,12.00,0,-.--,6.75,0.00,0.00,0.00,0.00,2,0,0,0,0
668941,2026-04-05,St. Louis Cardinals,Detroit Tigers,"1.2 IP, 0 ER, K, BB",1,0,0,3,1,0,0,0,0,1,1,0,0,0,.105,5,.167,.000,.167,0,0,.---,.---,0,19,0.00,1.2,0,0,0,0,1,0,0,0.53,6,5,1,0,0,10,.530,0,0,0,0,0,3.33,.---,11.40,0,1.00,5.40,5.40,0.00,0.00,0.00,2,0,0,0,0
668941,2026-04-06,St. Louis Cardinals,Washington Nationals,"1.0 IP, 0 ER, 0 K, BB",1,0,2,0,2,0,1,0,0,0,1,0,2,0,.174,4,.600,.750,1.350,0,0,.---,.---,0,21,0.00,1.0,0,0,0,0,0,0,0,0.90,5,3,1,0,0,13,.620,0,0,0,0,3,2.00,.---,21.00,0,0.00,0.00,9.00,18.00,0.00,0.00,2,0,0,0,0
664854,2026-03-26,Baltimore Orioles,Minnesota Twins,"1.0 IP, 0 ER, 3 K, 0 BB",1,0,0,0,0,0,0,0,0,3,0,0,1,0,.250,4,.250,.250,.500,0,0,.---,.---,0,19,0.00,1.0,0,0,1,1,0,0,0,1.00,4,3,1,0,0,13,.680,0,0,1,0,1,-.--,.---,19.00,1,-.--,27.00,0.00,9.00,0.00,0.00,0,0,0,0,0
664854,2026-03-29,Baltimore Orioles,Minnesota Twins,"1.0 IP, 0 ER, K, 0 BB",1,0,1,1,2,0,0,0,0,1,0,0,1,0,.222,5,.200,.200,.400,0,0,.---,.---,0,20,0.00,1.0,0,0,1,1,0,0,0,1.00,5,3,1,0,0,11,.550,0,0,0,0,1,0.50,.---,20.00,1,-.--,9.00,0.00,9.00,0.00,0.00,0,0,0,0,0
664854,2026-04-04,Baltimore Orioles,Pittsburgh Pirates,"0.1 IP, ER, 0 K, BB",1,0,0,1,0,1,2,0,0,0,1,1,2,0,.333,3,.750,1.333,2.083,0,0,.---,.---,0,13,3.86,0.1,0,1,0,0,0,0,1,2.14,4,1,1,0,0,9,.690,0,0,0,0,4,1.00,.000,39.00,1,0.00,0.00,27.00,54.00,27.00,0.00,0,0,0,0,0
664854,2026-04-06,Baltimore Orioles,Chicago White Sox,"1.0 IP, ER, K, 2 BB",1,0,0,2,0,1,0,0,0,1,2,0,1,0,.313,4,.500,.250,.750,0,0,.---,.---,0,24,5.40,1.0,0,0,1,1,0,0,1,2.40,6,3,1,0,0,13,.540,0,0,0,0,1,2.00,.---,24.00,1,0.50,9.00,18.00,9.00,9.00,0.00,0,0,0,0,0
660761,2026-03-31,Atlanta Braves,Athletics,"3.2 IP, 4 ER, 6 K, 3 BB",1,1,0,3,1,4,2,0,0,6,3,0,5,0,.333,15,.444,.467,.911,0,0,.---,.---,1,66,9.82,3.2,0,1,0,0,0,0,4,2.18,18,11,1,0,0,40,.610,0,1,0,0,7,3.00,.000,18.00,0,2.00,14.73,7.36,12.27,9.82,0.00,0,0,0,0,0
670990,2026-03-26,Pittsburgh Pirates,New York Mets,"2.1 IP, 0 ER, 3 K, BB",1,0,2,2,2,0,0,0,0,3,1,0,1,0,.125,8,.222,.125,.347,0,0,.---,.---,0,37,0.00,2.1,0,0,0,0,0,0,0,0.86,9,7,1,0,0,22,.590,0,0,0,0,1,1.00,.---,15.86,0,3.00,11.57,3.86,3.86,0.00,0.00,2,0,0,0,0
670990,2026-03-29,Pittsburgh Pirates,New York Mets,"1.2 IP, 0 ER, 2 K, BB",1,0,1,1,1,0,0,0,0,2,1,0,0,0,.083,4,.200,.000,.200,1,0,.000,1.000,0,22,0.00,1.2,0,0,0,0,0,0,0,0.75,5,5,1,0,0,13,.590,0,0,0,0,0,1.00,.---,13.20,0,2.00,10.80,5.40,0.00,0.00,0.00,1,0,0,0,0
670990,2026-03-31,Pittsburgh Pirates,Cincinnati Reds,"0.2 IP, 0 ER, 2 K, 0 BB",1,0,0,0,0,0,0,0,0,2,0,0,0,0,.071,2,.000,.000,.000,0,0,.---,.---,0,10,0.00,0.2,1,0,0,0,0,0,0,0.64,2,2,1,0,0,6,.600,0,0,0,0,0,1.00,1.000,15.00,0,-.--,27.00,0.00,0.00,0.00,0.00,3,0,0,0,0
670990,2026-04-03,Pittsburgh Pirates,Baltimore Orioles,"0.1 IP, ER, 0 K, BB",1,0,1,0,1,1,1,0,0,0,1,0,2,0,.176,3,.750,1.000,1.750,0,0,.---,.---,0,19,1.80,0.1,0,0,0,0,1,0,1,1.20,4,1,1,0,0,11,.580,0,0,0,0,3,0.75,.---,57.00,0,0.00,0.00,27.00,54.00,27.00,0.00,0,0,0,0,0
670990,2026-04-06,Pittsburgh Pirates,San Diego Padres,"1.2 IP, ER, 0 K, 0 BB",1,0,1,3,2,1,2,0,0,0,0,0,2,0,.208,7,.286,.571,.857,0,0,.---,.---,0,27,2.70,1.2,0,0,0,0,0,0,1,1.20,7,5,1,0,0,19,.700,0,0,0,0,4,1.00,.---,16.20,0,-.--,0.00,0.00,10.80,5.40,0.00,2,1,0,0,0
687396,2026-03-25,New York Yankees,San Francisco Giants,"1.0 IP, 0 ER, K, BB",1,0,2,0,2,0,0,0,0,1,1,0,1,0,.250,4,.400,.250,.650,0,0,.---,.---,0,15,0.00,1.0,0,0,0,0,0,0,0,2.00,5,3,1,0,0,9,.600,0,0,0,0,1,0.00,.---,15.00,0,1.00,9.00,9.00,9.00,0.00,0.00,0,0,0,0,0
687396,2026-03-28,New York Yankees,San Francisco Giants,"0.2 IP, 0 ER, K, 0 BB",1,0,1,0,1,0,1,0,0,1,0,0,1,0,.286,3,.333,.667,1.000,0,0,.---,.---,0,14,0.00,0.2,0,0,0,0,0,0,0,1.80,3,2,1,0,0,10,.710,0,0,0,0,2,0.00,.---,21.00,0,-.--,13.50,0.00,13.50,0.00,0.00,1,0,0,0,0
687396,2026-03-30,New York Yankees,Seattle Mariners,"0.2 IP, 0 ER, 2 K, 0 BB",1,0,0,0,0,0,1,0,0,2,0,0,2,0,.364,4,.500,.750,1.250,0,0,.---,.---,0,16,0.00,0.2,0,0,0,0,0,0,0,2.14,4,2,1,0,0,11,.690,0,0,0,0,3,0.00,.---,24.00,0,-.--,27.00,0.00,27.00,0.00,0.00,0,0,0,0,0
687396,2026-03-31,New York Yankees,Seattle Mariners,"1.0 IP, 0 ER, K, 0 BB",1,0,0,0,2,0,0,0,0,1,0,0,1,0,.333,4,.250,.250,.500,0,0,.---,.---,0,10,0.00,1.0,0,0,0,0,0,0,0,1.80,4,3,1,0,0,8,.800,0,0,0,0,1,0.00,.---,10.00,0,-.--,9.00,0.00,9.00,0.00,0.00,0,0,0,0,0
687396,2026-04-03,New York Yankees,Miami Marlins,"1.0 IP, 0 ER, 2 K, 0 BB",1,0,0,0,1,0,0,0,0,2,0,0,0,0,.278,3,.000,.000,.000,0,0,.---,.---,0,10,0.00,1.0,0,0,0,0,0,0,0,1.38,3,3,1,0,0,8,.800,0,0,0,0,0,0.00,.---,10.00,0,-.--,18.00,0.00,0.00,0.00,0.00,0,0,0,0,0
687396,2026-04-04,New York Yankees,Miami Marlins,"0.2 IP, 0 ER, 0 K, BB",1,0,2,0,2,0,0,0,0,0,1,1,0,0,.250,2,.333,.000,.333,0,0,.---,.---,0,7,0.00,0.2,1,0,0,0,0,0,0,1.40,3,2,1,0,0,4,.570,0,0,0,0,0,0.00,1.000,10.50,0,0.00,0.00,13.50,0.00,0.00,0.00,1,0,0,0,0
668964,2026-03-26,New York Mets,Pittsburgh Pirates,"3.0 IP, ER, K, 0 BB",1,0,1,4,4,1,0,0,1,1,0,0,1,0,.100,10,.100,.400,.500,0,0,.---,.---,0,39,3.00,3.0,0,0,0,0,1,0,1,0.33,10,9,1,0,0,22,.560,0,0,0,0,4,1.00,.---,13.00,0,-.--,3.00,0.00,3.00,3.00,3.00,0,0,0,0,0
668964,2026-03-30,New York Mets,St. Louis Cardinals,"1.1 IP, 0 ER, 3 K, 0 BB",1,0,1,0,1,0,0,0,0,3,0,0,0,0,.071,4,.000,.000,.000,0,0,.---,.---,0,14,2.08,1.1,0,0,0,0,1,0,0,0.23,4,4,1,0,0,10,.710,0,0,0,0,0,0.80,.---,10.50,0,-.--,20.25,0.00,0.00,0.00,0.00,0,0,0,0,0
668964,2026-04-01,New York Mets,St. Louis Cardinals,"1.2 IP, 0 ER, K, BB",1,0,0,3,0,1,0,0,0,1,1,1,1,0,.105,5,.333,.200,.533,0,0,.---,.---,1,20,1.50,1.2,0,1,0,0,0,0,0,0.50,6,5,1,0,0,13,.650,0,0,0,0,1,1.40,.000,12.00,1,1.00,5.40,5.40,5.40,5.40,0.00,0,0,0,0,0
668964,2026-04-04,New York Mets,San Francisco Giants,"2.0 IP, 0 ER, K, 0 BB",1,0,3,0,5,0,0,0,0,1,0,0,0,0,.080,6,.000,.000,.000,0,0,.---,.---,0,30,1.13,2.0,0,0,0,0,0,0,0,0.38,6,6,1,0,0,21,.700,0,0,0,0,0,0.70,.---,15.00,1,-.--,4.50,0.00,0.00,0.00,0.00,0,0,0,0,0
677161,2026-04-04,Boston Red Sox,San Diego Padres,"1.0 IP, 0 ER, K, 0 BB",1,0,0,2,0,0,0,0,0,1,0,0,0,0,.000,3,.000,.000,.000,0,0,.---,.---,0,9,0.00,1.0,0,0,0,0,0,0,0,0.00,3,3,1,0,0,8,.890,0,0,0,0,0,2.00,.---,9.00,0,-.--,9.00,0.00,0.00,0.00,0.00,0,0,0,0,0
677161,2026-04-05,Boston Red Sox,San Diego Padres,"1.0 IP, ER, 0 K, 0 BB",1,0,1,1,2,1,1,0,0,0,0,0,1,0,.167,3,.250,.667,.917,0,0,.---,.---,0,17,4.50,1.0,0,0,0,0,0,0,1,0.50,4,3,1,0,0,9,.530,0,0,0,0,2,1.50,.---,17.00,1,-.--,0.00,0.00,9.00,9.00,0.00,0,0,0,0,1
664875,2026-03-26,Pittsburgh Pirates,New York Mets,"1.0 IP, 2 ER, 0 K, 0 BB",1,0,2,1,2,2,0,0,2,0,0,0,2,0,.400,5,.400,1.600,2.000,0,0,.---,.---,0,14,18.00,1.0,0,0,0,0,0,0,2,2.00,5,3,1,0,0,10,.710,0,0,0,0,8,0.50,.---,14.00,0,-.--,0.00,0.00,18.00,18.00,18.00,0,0,0,0,0
664875,2026-03-28,Pittsburgh Pirates,New York Mets,"0.2 IP, 0 ER, 2 K, 2 BB",1,0,0,0,0,0,0,0,0,2,2,0,0,0,.286,2,.500,.000,.500,0,0,.---,.---,0,23,10.80,0.2,0,0,0,0,0,0,0,2.40,4,2,1,0,0,11,.480,0,0,0,0,0,0.50,.---,34.50,0,1.00,27.00,27.00,0.00,0.00,0.00,0,0,0,0,0
664875,2026-03-30,Pittsburgh Pirates,Cincinnati Reds,"1.0 IP, 0 ER, 3 K, 0 BB",1,0,0,0,0,0,0,0,0,3,0,0,0,0,.200,3,.000,.000,.000,0,0,.---,.---,0,16,6.75,1.0,0,0,0,0,0,0,0,1.50,3,3,1,0,0,10,.630,0,0,0,0,0,0.50,.---,16.00,1,-.--,27.00,0.00,0.00,0.00,0.00,0,0,0,0,0
664875,2026-04-01,Pittsburgh Pirates,Cincinnati Reds,"1.0 IP, 0 ER, K, 0 BB",1,0,0,2,0,0,0,0,0,1,0,0,0,0,.154,3,.000,.000,.000,0,0,.---,.---,0,12,4.91,1.0,0,0,0,0,1,0,0,1.09,3,3,1,0,0,9,.750,0,0,0,0,0,1.50,.---,12.00,0,-.--,9.00,0.00,0.00,0.00,0.00,0,0,0,0,0
664875,2026-04-06,Pittsburgh Pirates,San Diego Padres,"1.0 IP, ER, 2 K, 0 BB",1,0,0,0,1,1,1,0,0,2,0,0,2,0,.222,5,.400,.600,1.000,0,0,.---,.---,0,13,5.79,1.0,0,0,0,0,0,0,1,1.29,5,3,1,0,0,11,.850,0,0,0,0,3,1.00,.---,13.00,0,-.--,18.00,0.00,18.00,9.00,0.00,0,0,0,0,0
605488,2026-03-28,Athletics,Toronto Blue Jays,"5.1 IP, 2 ER, 2 K, 3 BB",1,1,2,6,6,2,1,0,0,2,3,0,5,0,.263,19,.364,.316,.680,0,0,.---,.---,1,83,3.38,5.1,0,0,0,0,0,0,2,1.50,22,16,1,0,0,51,.610,0,0,0,0,6,1.00,.---,15.56,0,0.67,3.38,5.06,8.44,3.38,0.00,0,0,0,0,0
605488,2026-04-03,Athletics,Houston Astros,"6.0 IP, ER, 7 K, BB",1,1,4,5,6,1,1,0,0,7,1,0,2,0,.184,19,.143,.158,.301,0,0,.---,.---,0,103,2.38,6.0,1,0,0,0,0,0,1,0.97,21,18,1,0,0,66,.640,0,0,0,0,3,0.92,1.000,17.17,0,7.00,10.50,1.50,3.00,1.50,0.00,0,0,0,0,1
800048,2026-03-30,Cleveland Guardians,Los Angeles Dodgers,"6.0 IP, 0 ER, 5 K, 0 BB",1,1,0,5,5,0,1,0,0,5,0,0,5,0,.250,20,.250,.300,.550,0,0,.---,.---,1,76,0.00,6.0,1,0,0,0,0,0,0,0.83,20,18,1,0,0,51,.670,0,0,0,1,6,1.00,1.000,12.67,0,-.--,7.50,0.00,7.50,0.00,0.00,0,0,0,0,0
800048,2026-04-05,Cleveland Guardians,Chicago Cubs,"5.0 IP, ER, 6 K, 3 BB",1,1,1,6,3,1,0,0,1,6,3,0,2,0,.189,17,.250,.294,.544,0,0,.---,.---,0,91,0.82,5.0,0,0,0,0,0,0,1,0.91,20,15,1,0,0,51,.560,0,0,1,0,5,1.38,.---,18.20,0,2.00,10.80,5.40,3.60,1.80,1.80,0,0,0,0,0
607536,2026-03-27,Colorado Rockies,Miami Marlins,"4.1 IP, 2 ER, 2 K, 2 BB",1,1,3,5,6,2,2,0,0,2,2,0,5,1,.278,18,.381,.389,.770,0,1,1.000,.000,0,81,4.15,4.1,0,1,0,0,0,0,2,1.62,21,13,1,0,0,53,.650,1,0,0,0,7,0.83,.000,18.69,0,1.00,4.15,4.15,10.38,4.15,0.00,0,0,0,0,0
607536,2026-04-01,Colorado Rockies,Toronto Blue Jays,"5.0 IP, ER, 6 K, BB",1,1,3,4,4,1,0,0,0,6,1,0,5,2,.270,19,.364,.263,.627,0,0,.---,.---,1,88,2.89,5.0,0,0,0,0,0,0,1,1.39,22,15,1,0,0,60,.680,2,0,0,0,5,0.90,.---,17.60,0,6.00,10.80,1.80,9.00,1.80,0.00,0,0,0,0,0
668984,2026-03-26,Seattle Mariners,Cleveland Guardians,"1.0 IP, 0 ER, 2 K, BB",1,0,1,0,1,0,0,0,0,2,1,0,1,1,.250,4,.500,.250,.750,0,0,.---,.---,0,29,0.00,1.0,0,0,0,0,0,0,0,2.00,6,3,1,0,0,17,.590,1,0,0,0,1,0.00,.---,29.00,0,2.00,18.00,9.00,9.00,0.00,0.00,0,0,0,0,0
668984,2026-03-28,Seattle Mariners,Cleveland Guardians,"1.0 IP, 0 ER, K, 0 BB",1,0,1,1,1,0,1,0,0,1,0,0,1,0,.250,4,.250,.500,.750,0,0,.---,.---,0,23,0.00,1.0,0,0,0,0,0,0,0,1.50,4,3,1,0,0,15,.650,0,0,0,0,2,0.50,.---,23.00,0,-.--,9.00,0.00,9.00,0.00,0.00,0,0,0,0,0
668984,2026-03-31,Seattle Mariners,New York Yankees,"1.2 IP, 0 ER, K, 0 BB",1,0,0,1,3,0,0,0,0,1,0,0,0,0,.154,5,.000,.000,.000,0,0,.---,.---,0,18,0.00,1.2,0,0,0,0,0,0,0,0.82,5,5,1,0,0,11,.610,0,0,0,0,0,0.40,.---,10.80,1,-.--,5.40,0.00,0.00,0.00,0.00,1,0,0,0,0
668984,2026-04-05,Seattle Mariners,Los Angeles Angels,"2.0 IP, 0 ER, 0 K, 0 BB",1,0,3,1,4,0,1,0,0,0,0,0,1,1,.158,6,.286,.333,.619,0,0,.---,.---,1,26,0.00,2.0,0,0,0,0,0,0,0,0.71,7,6,1,0,0,15,.580,1,0,0,0,2,0.33,.---,13.00,0,-.--,0.00,0.00,4.50,0.00,0.00,0,0,0,0,0
650556,2026-03-28,Houston Astros,Los Angeles Angels,"1.0 IP, 3 ER, 3 K, 2 BB",1,0,0,0,0,3,0,0,1,3,2,0,1,0,.250,4,.500,1.000,1.500,0,1,1.000,.000,0,26,27.00,1.0,0,0,0,0,0,0,3,3.00,6,3,1,0,0,12,.460,0,0,0,0,4,-.--,.---,26.00,1,1.50,27.00,18.00,9.00,27.00,9.00,0,0,0,0,0
650556,2026-03-29,Houston Astros,Los Angeles Angels,"0.1 IP, ER, 0 K, 2 BB",1,0,1,0,1,1,0,0,0,0,2,0,0,0,.200,1,.667,.000,.667,0,0,.---,.---,0,14,27.00,0.1,0,0,0,0,1,0,1,3.75,3,1,1,0,0,4,.290,0,0,1,0,0,0.00,.---,42.00,0,0.00,0.00,54.00,0.00,27.00,0.00,0,0,0,0,0
650556,2026-04-01,Houston Astros,Boston Red Sox,"1.0 IP, ER, 3 K, 0 BB",1,0,0,0,0,1,0,0,1,3,0,0,1,0,.222,4,.250,1.000,1.250,0,0,.---,.---,0,16,19.29,1.0,0,0,1,1,0,0,1,2.57,4,3,1,0,0,12,.750,0,0,0,0,4,0.00,.---,16.00,1,-.--,27.00,0.00,9.00,9.00,9.00,0,0,0,0,0
650556,2026-04-05,Houston Astros,Athletics,"0.1 IP, 2 ER, 0 K, BB",1,0,0,0,0,3,0,0,1,0,1,0,2,0,.364,2,1.000,2.500,3.500,0,0,.---,.---,0,16,23.63,0.1,0,1,0,0,0,0,2,3.38,3,1,1,0,0,7,.440,0,0,1,0,5,0.00,.000,48.00,1,0.00,0.00,27.00,54.00,81.00,27.00,2,0,0,0,0
656730,2026-03-29,Milwaukee Brewers,Chicago White Sox,"1.0 IP, 0 ER, 2 K, 0 BB",1,0,1,0,1,0,0,0,0,2,0,0,1,0,.250,4,.250,.250,.500,0,0,.---,.---,0,15,0.00,1.0,0,0,1,1,0,0,0,1.00,4,3,1,0,0,11,.730,0,0,0,0,1,0.00,.---,15.00,1,-.--,18.00,0.00,9.00,0.00,0.00,0,0,0,0,0
656730,2026-03-30,Milwaukee Brewers,Tampa Bay Rays,"1.0 IP, ER, K, BB",1,0,0,2,0,1,1,0,0,1,1,0,1,0,.250,4,.400,.500,.900,0,0,.---,.---,0,20,4.50,1.0,0,1,0,0,0,0,1,1.50,5,3,1,0,0,12,.600,0,0,0,0,2,2.00,.000,20.00,1,1.00,9.00,9.00,9.00,9.00,0.00,0,0,0,0,0
656730,2026-04-04,Milwaukee Brewers,Kansas City Royals,"1.0 IP, 0 ER, 2 K, 2 BB",1,0,1,0,1,0,0,0,0,2,2,0,0,0,.182,3,.400,.000,.400,0,0,.---,.---,0,22,3.00,1.0,0,0,1,1,0,0,0,1.67,5,3,1,0,0,12,.550,0,0,0,0,0,1.00,.---,22.00,1,1.00,18.00,18.00,0.00,0.00,0.00,0,0,0,0,0
656730,2026-04-05,Milwaukee Brewers,Kansas City Royals,"1.0 IP, 0 ER, 0 K, 0 BB",1,0,2,1,2,0,0,0,0,0,0,0,1,0,.200,4,.250,.250,.500,0,0,.---,.---,0,12,2.25,1.0,0,0,1,1,0,0,0,1.50,4,3,1,0,0,8,.670,0,0,0,0,1,0.75,.---,12.00,1,-.--,0.00,0.00,9.00,0.00,0.00,0,0,0,0,0
642397,2026-03-26,Pittsburgh Pirates,New York Mets,"1.0 IP, 0 ER, 2 K, 0 BB",1,0,1,0,1,0,0,0,0,2,0,0,0,0,.000,3,.000,.000,.000,0,0,.---,.---,0,8,0.00,1.0,0,0,0,0,0,0,0,0.00,3,3,1,0,0,8,1.000,0,0,0,0,0,0.00,.---,8.00,0,-.--,18.00,0.00,0.00,0.00,0.00,0,0,0,0,0
642397,2026-03-28,Pittsburgh Pirates,New York Mets,"1.1 IP, 0 ER, 3 K, BB",1,0,0,1,0,0,0,0,0,3,1,0,0,0,.000,4,.200,.000,.200,0,0,.---,.---,0,27,0.00,1.1,0,0,0,0,0,0,0,0.43,5,4,1,0,0,15,.560,0,0,1,0,0,1.00,.---,20.25,0,3.00,20.25,6.75,0.00,0.00,0.00,2,0,0,0,0
642397,2026-03-31,Pittsburgh Pirates,Cincinnati Reds,"1.0 IP, 0 ER, K, BB",1,0,0,2,0,0,0,0,0,1,1,0,1,1,.091,4,.500,.250,.750,0,0,.---,.---,0,17,0.00,1.0,0,0,0,0,0,0,0,0.90,6,3,1,0,0,10,.590,1,0,1,0,1,3.00,.---,17.00,1,1.00,9.00,9.00,9.00,0.00,0.00,0,0,0,0,0
642397,2026-04-01,Pittsburgh Pirates,Cincinnati Reds,"1.0 IP, 0 ER, 2 K, 0 BB",1,0,1,0,1,0,0,0,0,2,0,0,0,0,.071,3,.000,.000,.000,0,0,.---,.---,0,13,0.00,1.0,0,0,0,0,0,0,0,0.69,3,3,1,0,0,10,.770,0,0,0,0,0,1.50,.---,13.00,1,-.--,18.00,0.00,0.00,0.00,0.00,0,0,0,0,0
642397,2026-04-03,Pittsburgh Pirates,Baltimore Orioles,"1.0 IP, ER, 3 K, 0 BB",1,0,0,0,0,1,0,0,1,3,0,0,1,0,.111,4,.250,1.000,1.250,0,0,.---,.---,0,20,1.69,1.0,0,0,1,1,0,0,1,0.75,4,3,1,0,0,15,.750,0,0,0,0,4,1.50,.---,20.00,1,-.--,27.00,0.00,9.00,9.00,9.00,0,0,0,0,0
642397,2026-04-06,Pittsburgh Pirates,San Diego Padres,"1.0 IP, 0 ER, K, BB",1,0,1,1,1,0,0,0,0,1,1,0,0,0,.095,3,.250,.000,.250,0,1,1.000,.000,0,18,1.42,1.0,0,0,0,0,0,0,0,0.79,4,3,1,0,0,8,.440,0,0,0,0,0,1.33,.---,18.00,1,1.00,9.00,9.00,0.00,0.00,0.00,0,0,0,0,0
669022,2026-03-29,Texas Rangers,Philadelphia Phillies,"5.1 IP, 2 ER, 7 K, 3 BB",1,1,3,4,5,2,0,0,0,7,3,0,2,1,.111,18,.273,.111,.384,0,0,.---,.---,0,90,3.38,5.1,1,0,0,0,0,0,2,0.94,22,16,1,0,0,54,.600,1,0,0,0,2,0.80,1.000,16.88,0,2.33,11.81,5.06,3.38,3.38,0.00,0,0,0,0,0
669022,2026-04-03,Texas Rangers,Cincinnati Reds,"6.0 IP, 3 ER, 9 K, 0 BB",1,1,2,5,4,3,0,0,2,9,0,0,6,0,.190,24,.250,.500,.750,0,0,.---,.---,0,88,3.97,6.0,0,0,0,0,0,0,3,0.97,24,18,1,0,0,57,.650,0,0,0,0,12,1.00,.---,14.67,0,-.--,13.50,0.00,9.00,4.50,3.00,0,0,0,0,0
660825,2026-03-27,Seattle Mariners,Cleveland Guardians,"1.0 IP, 0 ER, K, BB",1,0,1,0,2,0,0,0,0,1,1,0,0,0,.000,3,.250,.000,.250,0,0,.---,.---,0,17,0.00,1.0,0,0,0,0,0,0,0,1.00,4,3,1,0,0,11,.650,0,0,0,0,0,0.00,.---,17.00,0,1.00,9.00,9.00,0.00,0.00,0.00,0,0,0,0,0
660825,2026-03-28,Seattle Mariners,Cleveland Guardians,"0.2 IP, ER, K, 2 BB",1,0,0,0,1,1,0,0,0,1,2,0,1,0,.167,3,.600,.333,.933,0,0,.---,.---,0,24,5.40,0.2,0,0,0,0,0,0,1,2.40,5,2,1,0,0,11,.460,0,0,0,0,1,0.00,.---,36.00,0,0.50,13.50,27.00,13.50,13.50,0.00,0,0,0,0,0
660825,2026-03-30,Seattle Mariners,New York Yankees,"0.2 IP, 0 ER, 0 K, 0 BB",1,0,0,1,1,0,0,0,0,0,0,0,0,0,.143,1,.000,.000,.000,0,0,.---,.---,0,6,3.86,0.2,0,0,0,1,0,1,0,1.71,2,2,1,0,0,4,.670,0,0,0,0,0,0.25,.---,9.00,0,-.--,0.00,0.00,0.00,0.00,0.00,2,1,0,0,1
660825,2026-04-04,Seattle Mariners,Los Angeles Angels,"1.1 IP, 0 ER, 2 K, 0 BB",1,0,1,0,2,0,0,0,0,2,0,0,1,0,.167,5,.200,.200,.400,0,0,.---,.---,0,25,2.45,1.1,0,0,0,0,0,0,0,1.36,5,4,1,0,0,16,.640,0,0,0,0,1,0.17,.---,18.75,1,-.--,13.50,0.00,6.75,0.00,0.00,1,0,0,0,0
605540,2026-03-31,Milwaukee Brewers,Tampa Bay Rays,"5.0 IP, 2 ER, 6 K, 0 BB",1,1,4,1,8,2,0,0,2,6,0,0,4,0,.211,19,.211,.526,.737,0,1,1.000,.000,0,67,3.60,5.0,1,0,0,0,0,0,2,0.80,19,15,1,0,0,45,.670,0,0,0,0,10,0.13,1.000,13.40,0,-.--,10.80,0.00,7.20,3.60,3.60,0,0,0,0,0
605540,2026-04-06,Milwaukee Brewers,Boston Red Sox,"5.2 IP, 3 ER, 4 K, 2 BB",1,1,7,5,8,5,3,0,0,4,2,0,7,1,.262,23,.370,.435,.805,1,0,.000,1.000,0,94,4.22,5.2,0,0,0,0,0,0,3,1.22,27,17,1,0,0,58,.620,1,0,0,0,10,0.38,.---,16.59,0,2.00,6.35,3.18,11.12,7.94,0.00,0,0,0,0,1
666974,2026-03-28,Baltimore Orioles,Minnesota Twins,"0.1 IP, 0 ER, K, 0 BB",1,0,0,0,0,0,0,0,0,1,0,0,1,0,.500,2,.500,.500,1.000,0,0,.---,.---,0,8,0.00,0.1,0,0,0,0,0,0,0,3.00,2,1,1,0,0,5,.630,0,0,0,0,1,-.--,.---,24.00,0,-.--,27.00,0.00,27.00,0.00,0.00,0,0,0,0,0
666974,2026-03-29,Baltimore Orioles,Minnesota Twins,"0.1 IP, 0 ER, K, 0 BB",1,0,0,0,0,0,0,0,0,1,0,0,0,0,.333,1,.000,.000,.000,0,0,.---,.---,0,9,0.00,0.1,0,0,0,0,1,0,0,1.50,1,1,1,0,0,6,.670,0,0,0,0,0,-.--,.---,27.00,0,-.--,27.00,0.00,0.00,0.00,0.00,3,0,0,0,0
666974,2026-03-31,Baltimore Orioles,Texas Rangers,"1.0 IP, ER, 0 K, 0 BB",1,0,0,3,0,1,1,0,0,0,0,0,2,0,.375,5,.400,.600,1.000,0,0,.---,.---,0,9,5.40,1.0,0,1,0,0,0,0,1,1.80,5,3,1,0,0,6,.670,0,0,0,0,3,3.00,.000,9.00,0,-.--,0.00,0.00,18.00,9.00,0.00,0,0,0,0,0
666974,2026-04-05,Baltimore Orioles,Pittsburgh Pirates,"0.1 IP, 0 ER, K, 0 BB",1,0,0,0,0,0,0,0,0,1,0,0,0,0,.333,1,.000,.000,.000,0,0,.---,.---,0,7,4.50,0.1,0,0,0,0,0,0,0,1.50,1,1,1,0,0,4,.570,0,0,0,0,0,3.00,.---,21.00,1,-.--,27.00,0.00,0.00,0.00,0.00,1,0,0,0,0
689520,2026-04-01,Minnesota Twins,Kansas City Royals,"1.1 IP, 3 ER, 2 K, 2 BB",1,0,0,1,1,4,1,0,0,2,2,0,2,1,.400,5,.556,.600,1.156,0,0,.---,.---,0,36,20.25,1.1,0,0,0,0,0,0,3,3.00,9,4,1,0,0,19,.530,1,0,0,0,3,1.00,.---,27.00,0,1.00,13.50,13.50,13.50,27.00,0.00,0,0,0,0,1
689520,2026-04-03,Minnesota Twins,Tampa Bay Rays,"1.0 IP, 0 ER, K, 0 BB",1,0,0,1,1,0,0,0,0,1,0,0,0,0,.250,3,.000,.000,.000,0,0,.---,.---,0,10,11.57,1.0,0,0,0,0,0,0,0,1.71,3,3,1,0,0,8,.800,0,0,0,0,0,1.00,.---,10.00,1,-.--,9.00,0.00,0.00,0.00,0.00,0,0,0,0,0
689520,2026-04-04,Minnesota Twins,Tampa Bay Rays,"1.0 IP, 0 ER, K, 0 BB",1,0,0,1,1,0,0,0,0,1,0,0,0,0,.182,3,.000,.000,.000,0,0,.---,.---,0,9,8.10,1.0,0,0,0,0,0,0,0,1.20,3,3,1,0,0,7,.780,0,0,0,0,0,1.00,.---,9.00,1,-.--,9.00,0.00,0.00,0.00,0.00,0,0,0,0,0
689520,2026-04-06,Minnesota Twins,Detroit Tigers,"1.2 IP, 0 ER, 2 K, 0 BB",1,0,0,2,1,0,0,0,0,2,0,0,0,0,.125,5,.000,.000,.000,0,0,.---,.---,0,14,5.40,1.2,0,0,1,1,0,0,0,0.80,5,5,1,0,0,12,.860,0,0,0,0,0,1.25,.---,8.40,1,-.--,10.80,0.00,0.00,0.00,0.00,2,0,0,0,0
660853,2026-04-06,Houston Astros,Colorado Rockies,"1.0 IP, 0 ER, 0 K, 0 BB",1,0,1,2,1,0,0,0,0,0,0,0,1,0,.250,4,.250,.250,.500,0,0,.---,.---,0,8,0.00,1.0,0,0,0,0,0,0,0,1.00,4,3,1,0,0,7,.880,0,0,0,0,1,2.00,.---,8.00,1,-.--,0.00,0.00,9.00,0.00,0.00,0,0,0,0,0
671096,2026-03-26,Cincinnati Reds,Boston Red Sox,"6.0 IP, 0 ER, 4 K, BB",1,1,1,7,5,0,0,0,0,4,1,0,7,0,.304,23,.333,.304,.637,0,1,1.000,.000,2,83,0.00,6.0,0,0,0,0,0,0,0,1.33,24,18,1,0,0,59,.710,0,0,0,0,7,1.40,.---,13.83,0,4.00,6.00,1.50,10.50,0.00,0.00,0,0,0,0,0
671096,2026-04-01,Cincinnati Reds,Pittsburgh Pirates,"5.2 IP, 4 ER, 5 K, 3 BB",1,1,1,6,5,4,0,0,1,5,3,0,5,0,.273,21,.333,.381,.714,0,0,.---,.---,1,88,3.09,5.2,0,1,0,0,0,0,4,1.37,24,17,1,0,0,55,.630,0,0,0,0,8,1.30,.000,15.53,0,1.67,7.94,4.76,7.94,6.35,1.59,0,0,0,0,0
681343,2026-03-26,Chicago White Sox,Milwaukee Brewers,"1.2 IP, 3 ER, 2 K, 2 BB",1,1,0,2,1,4,2,0,0,2,2,0,3,0,.375,8,.500,.625,1.125,0,0,.---,.---,0,54,16.20,1.2,0,1,0,0,0,0,3,3.00,11,5,1,0,0,35,.650,0,0,0,0,5,2.00,.000,32.40,0,1.00,10.80,10.80,16.20,21.60,0.00,0,0,1,0,0
681343,2026-04-01,Chicago White Sox,Miami Marlins,"3.0 IP, 7 ER, K, 2 BB",1,1,3,3,5,8,2,0,1,1,2,0,8,0,.440,17,.526,.765,1.291,0,0,.---,.---,0,72,19.29,3.0,0,1,0,0,0,0,7,3.21,19,9,1,0,0,46,.640,0,0,0,0,13,0.83,.000,24.00,0,0.50,3.00,6.00,24.00,24.00,3.00,0,0,0,0,0
691587,2026-03-28,Miami Marlins,Colorado Rockies,"7.0 IP, 3 ER, 8 K, BB",1,1,6,4,9,3,1,0,2,8,1,0,5,0,.192,26,.222,.462,.684,0,2,1.000,.000,0,93,3.86,7.0,0,0,0,0,0,0,3,0.86,27,21,1,0,0,59,.630,0,0,0,0,12,0.44,.---,13.29,0,8.00,10.29,1.29,6.43,3.86,2.57,0,0,0,0,0
691587,2026-04-03,Miami Marlins,New York Yankees,"4.0 IP, 4 ER, 4 K, 6 BB",1,1,3,4,3,4,1,0,1,4,6,0,2,1,.179,13,.450,.462,.912,0,3,1.000,.000,1,84,5.73,4.0,0,1,0,0,0,0,4,1.27,20,12,1,0,0,45,.540,1,0,0,0,6,0.67,.000,21.00,0,0.67,9.00,13.50,4.50,9.00,2.25,0,0,0,0,0
681347,2026-03-27,Houston Astros,Los Angeles Angels,"5.2 IP, 5 ER, 6 K, 2 BB",1,1,3,3,6,5,2,0,2,6,2,0,9,0,.375,24,.423,.708,1.131,0,0,.---,.---,2,94,7.94,5.2,0,1,0,0,0,0,5,1.94,26,17,1,0,0,59,.630,0,0,0,0,17,0.50,.000,16.59,0,3.00,9.53,3.18,14.29,7.94,3.18,0,0,0,0,0
681347,2026-04-01,Houston Astros,Boston Red Sox,"5.0 IP, 2 ER, 6 K, 3 BB",1,1,3,3,6,2,1,0,0,6,3,0,5,1,.318,20,.375,.300,.675,0,0,.---,.---,0,84,5.91,5.0,1,0,0,0,0,0,2,1.78,24,15,1,0,0,55,.650,1,0,0,0,6,0.50,1.000,16.80,0,2.00,10.80,5.40,9.00,3.60,0.00,0,0,0,0,0
669062,2026-03-27,San Francisco Giants,New York Yankees,"1.0 IP, 0 ER, 0 K, 0 BB",1,0,0,3,0,0,0,0,0,0,0,0,0,0,.000,3,.000,.000,.000,0,1,1.000,.000,0,10,0.00,1.0,0,0,0,0,0,0,0,0.00,3,3,1,0,0,7,.700,0,0,0,0,0,3.00,.---,10.00,0,-.--,0.00,0.00,0.00,0.00,0.00,1,0,0,0,0
669062,2026-03-28,San Francisco Giants,New York Yankees,"0.2 IP, 0 ER, K, BB",1,0,0,1,0,0,0,0,0,1,1,0,1,0,.167,3,.500,.333,.833,0,1,1.000,.000,0,20,0.00,0.2,0,0,0,0,0,0,0,1.20,4,2,1,0,0,9,.450,0,0,0,0,1,4.00,.---,30.00,0,1.00,13.50,13.50,13.50,0.00,0.00,0,0,0,0,0
669062,2026-04-03,San Francisco Giants,New York Mets,"0.2 IP, 2 ER, K, BB",1,0,0,1,0,2,1,0,0,1,1,0,2,0,.300,4,.600,.750,1.350,0,0,.---,.---,0,26,7.71,0.2,0,0,0,0,0,0,2,2.14,5,2,1,0,0,13,.500,0,0,0,0,3,5.00,.---,39.00,0,1.00,13.50,13.50,27.00,27.00,0.00,0,0,0,0,0
669062,2026-04-05,San Francisco Giants,New York Mets,"0.2 IP, 2 ER, 2 K, 0 BB",1,0,0,0,0,2,2,0,0,2,0,0,3,0,.400,5,.600,1.000,1.600,0,1,1.000,.000,0,24,12.00,0.2,0,0,0,1,0,1,2,2.67,5,2,1,0,0,15,.630,0,0,0,0,5,5.00,.---,36.00,0,-.--,27.00,0.00,40.50,27.00,0.00,2,2,0,0,0
607625,2026-03-29,Kansas City Royals,Atlanta Braves,"6.1 IP, 0 ER, 3 K, 0 BB",1,1,5,7,9,0,1,0,0,3,0,0,5,0,.208,24,.208,.250,.458,0,0,.---,.---,0,77,0.00,6.1,1,0,0,0,0,0,0,0.79,24,19,1,0,0,55,.710,0,0,0,0,6,0.78,1.000,12.16,0,-.--,4.26,0.00,7.11,0.00,0.00,0,0,0,0,0
607625,2026-04-04,Kansas City Royals,Milwaukee Brewers,"5.0 IP, 2 ER, 7 K, 2 BB",1,1,1,5,3,2,1,1,0,7,2,0,4,0,.209,19,.286,.368,.654,0,1,1.000,.000,0,103,1.59,5.0,0,0,0,0,0,0,2,0.97,21,15,1,0,0,69,.670,0,0,0,0,7,1.00,.---,20.60,0,3.50,12.60,3.60,7.20,3.60,0.00,0,0,0,0,0
650633,2026-03-27,San Diego Padres,Detroit Tigers,"5.0 IP, 0 ER, 6 K, 4 BB",1,1,3,4,4,1,0,0,0,6,4,0,1,1,.067,15,.300,.067,.367,0,1,1.000,.000,1,82,0.00,5.0,0,0,0,0,0,0,0,1.00,20,15,1,0,0,46,.560,1,0,0,0,1,1.00,.---,16.40,0,1.50,10.80,7.20,1.80,1.80,0.00,0,0,0,0,0
650633,2026-04-03,San Diego Padres,Boston Red Sox,"5.2 IP, 4 ER, 5 K, BB",1,1,3,5,5,4,2,0,1,5,1,0,7,0,.216,22,.348,.545,.893,0,0,.---,.---,2,81,3.38,5.2,0,1,0,0,0,0,4,1.22,24,17,1,0,0,58,.720,0,0,0,0,12,1.00,.000,14.29,0,5.00,7.94,1.59,11.12,6.35,1.59,0,0,1,0,0
693645,2026-03-27,New York Yankees,San Francisco Giants,"5.1 IP, 0 ER, 8 K, 0 BB",1,1,3,4,4,0,1,0,0,8,0,0,1,0,.059,17,.059,.118,.177,0,0,.---,.---,0,68,0.00,5.1,1,0,0,0,0,0,0,0.19,17,16,1,0,0,49,.720,0,0,0,0,2,1.00,1.000,12.75,0,-.--,13.50,0.00,1.69,0.00,0.00,0,0,0,0,0
693645,2026-04-01,New York Yankees,Seattle Mariners,"6.1 IP, 0 ER, 7 K, 0 BB",1,1,3,7,5,0,1,0,0,7,0,0,2,0,.079,21,.095,.143,.238,0,0,.---,.---,0,79,0.00,6.1,1,0,0,0,0,0,0,0.26,21,19,1,0,0,58,.730,0,0,0,0,3,1.22,1.000,12.47,0,-.--,9.95,0.00,2.84,0.00,0.00,0,0,0,0,0
595345,2026-03-27,Houston Astros,Los Angeles Angels,"1.2 IP, 0 ER, 3 K, 0 BB",1,0,0,1,1,0,0,0,0,3,0,0,0,0,.000,5,.000,.000,.000,0,0,.---,.---,0,20,0.00,1.2,0,0,0,0,0,0,0,0.00,5,5,1,0,0,15,.750,0,0,0,0,0,1.00,.---,12.00,0,-.--,16.20,0.00,0.00,0.00,0.00,2,0,0,0,0
595345,2026-03-29,Houston Astros,Los Angeles Angels,"1.0 IP, 0 ER, 0 K, BB",1,0,0,1,1,0,0,0,0,0,1,0,0,0,.000,2,.333,.000,.333,0,0,.---,.---,1,15,0.00,1.0,0,0,0,0,0,0,0,0.38,3,3,1,0,0,9,.600,0,0,0,0,0,1.00,.---,15.00,0,0.00,0.00,9.00,0.00,0.00,0.00,0,0,0,0,0
595345,2026-04-04,Houston Astros,Athletics,"1.0 IP, 0 ER, K, 0 BB",1,0,0,0,2,0,0,0,0,1,0,0,0,0,.000,3,.000,.000,.000,0,0,.---,.---,0,16,0.00,1.0,0,0,0,0,0,0,0,0.27,3,3,1,0,0,11,.690,0,0,0,0,0,0.50,.---,16.00,1,-.--,9.00,0.00,0.00,0.00,0.00,0,0,0,0,0
595345,2026-04-05,Houston Astros,Athletics,"0.1 IP, 2 ER, 0 K, BB",1,0,1,0,1,2,0,1,0,0,1,0,1,0,.083,2,.667,1.500,2.167,0,0,.---,.---,0,9,4.50,0.1,0,0,0,0,0,0,2,0.75,3,1,1,0,0,5,.560,0,0,0,0,3,0.40,.---,27.00,0,0.00,0.00,27.00,27.00,54.00,0.00,2,2,0,0,0
656794,2026-03-26,Chicago White Sox,Milwaukee Brewers,"2.1 IP, 2 ER, K, BB",1,0,0,5,0,2,0,0,0,1,1,1,3,0,.375,8,.444,.375,.819,0,1,1.000,.000,0,33,7.71,2.1,0,0,0,0,0,0,2,1.71,10,7,1,0,0,26,.790,0,0,0,0,3,5.00,.---,14.14,0,1.00,3.86,3.86,11.57,7.71,0.00,1,0,0,1,0
656794,2026-03-30,Chicago White Sox,Miami Marlins,"2.2 IP, ER, 5 K, BB",1,0,0,2,1,1,0,1,0,5,1,0,3,0,.316,11,.333,.455,.788,0,0,.---,.---,0,51,5.40,2.2,0,0,0,0,0,0,1,1.60,12,8,1,0,0,31,.610,0,0,0,0,5,7.00,.---,19.13,0,5.00,16.88,3.38,10.13,3.38,0.00,0,0,0,0,0
656794,2026-04-03,Chicago White Sox,Toronto Blue Jays,"0.2 IP, 0 ER, 0 K, 0 BB",1,0,0,2,0,0,1,0,0,0,0,0,1,0,.318,3,.333,.667,1.000,0,0,.---,.---,0,8,4.76,0.2,0,0,0,0,0,0,0,1.59,3,2,1,0,0,6,.750,0,0,0,0,2,9.00,.---,12.00,0,-.--,0.00,0.00,13.50,0.00,0.00,0,0,0,0,0
656794,2026-04-04,Chicago White Sox,Toronto Blue Jays,"0.1 IP, 0 ER, 0 K, BB",1,0,0,1,0,0,0,0,0,0,1,0,0,0,.304,1,.500,.000,.500,0,0,.---,.---,0,16,4.50,0.1,0,0,0,0,1,0,0,1.67,2,1,1,0,0,11,.690,0,0,0,0,0,10.00,.---,48.00,0,0.00,0.00,27.00,0.00,0.00,0.00,0,0,0,0,0
544150,2026-04-01,Baltimore Orioles,Texas Rangers,"3.0 IP, ER, 2 K, BB",1,0,3,0,7,1,0,0,1,2,1,0,2,0,.182,11,.250,.455,.705,0,0,.---,.---,0,42,3.00,3.0,0,0,1,1,0,0,1,1.00,12,9,1,0,0,27,.640,0,0,0,0,5,0.00,.---,14.00,1,2.00,6.00,3.00,6.00,3.00,3.00,0,0,0,0,0
650644,2026-03-31,Athletics,Atlanta Braves,"5.0 IP, 2 ER, 3 K, BB",1,1,3,7,5,2,0,0,1,3,1,0,4,0,.222,18,.250,.389,.639,0,0,.---,.---,0,87,3.60,5.0,1,0,0,0,0,0,2,1.00,20,15,1,0,0,55,.630,0,0,1,0,7,1.40,1.000,17.40,0,3.00,5.40,1.80,7.20,3.60,1.80,0,0,0,0,1
669084,2026-03-26,Milwaukee Brewers,Chicago White Sox,"1.0 IP, 0 ER, 3 K, 2 BB",1,0,0,0,0,0,0,0,0,3,2,0,1,0,.250,4,.500,.250,.750,0,0,.---,.---,0,27,0.00,1.0,0,0,0,0,0,0,0,3.00,6,3,1,0,0,17,.630,0,0,0,0,1,-.--,.---,27.00,0,1.50,27.00,18.00,9.00,0.00,0.00,0,0,0,0,0
669084,2026-03-28,Milwaukee Brewers,Chicago White Sox,"1.0 IP, 0 ER, K, BB",1,0,0,1,0,0,0,0,0,1,1,0,0,0,.167,2,.333,.000,.333,0,0,.---,.---,1,18,0.00,1.0,0,0,0,0,0,0,0,2.00,3,3,1,0,0,9,.500,0,0,0,0,0,1.00,.---,18.00,1,1.00,9.00,9.00,0.00,0.00,0.00,0,0,0,0,0
669084,2026-04-01,Milwaukee Brewers,Tampa Bay Rays,"1.0 IP, 0 ER, 3 K, 0 BB",1,0,0,0,0,0,0,0,0,3,0,0,1,1,.200,4,.400,.250,.650,0,0,.---,.---,0,19,0.00,1.0,0,0,0,0,0,0,0,1.67,5,3,1,0,0,12,.630,1,0,0,0,1,1.00,.---,19.00,1,-.--,27.00,0.00,9.00,0.00,0.00,0,0,0,0,0
669084,2026-04-04,Milwaukee Brewers,Kansas City Royals,"2.0 IP, 0 ER, 2 K, BB",1,0,0,2,1,0,0,0,0,2,1,0,1,0,.188,6,.286,.167,.453,0,0,.---,.---,0,38,0.00,2.0,0,0,0,0,0,0,0,1.40,7,6,1,0,0,22,.580,0,0,2,1,1,3.00,.---,19.00,1,2.00,9.00,4.50,4.50,0.00,0.00,0,0,0,0,0
664991,2026-03-29,Baltimore Orioles,Minnesota Twins,"1.0 IP, 0 ER, 2 K, 0 BB",1,0,1,0,1,0,1,0,0,2,0,0,1,0,.250,4,.250,.500,.750,0,0,.---,.---,0,19,0.00,1.0,0,0,0,0,0,0,0,1.00,4,3,1,0,0,12,.630,0,0,0,0,2,0.00,.---,19.00,0,-.--,18.00,0.00,9.00,0.00,0.00,0,0,0,0,0
664991,2026-03-31,Baltimore Orioles,Texas Rangers,"1.1 IP, 2 ER, 2 K, 0 BB",1,0,0,2,0,2,0,1,0,2,0,0,3,0,.364,7,.429,.714,1.143,0,0,.---,.---,0,23,7.71,1.1,0,0,0,0,0,0,2,1.71,7,4,1,0,0,16,.700,0,0,0,0,5,2.00,.---,17.25,0,-.--,13.50,0.00,20.25,13.50,0.00,2,0,0,0,0
664991,2026-04-04,Baltimore Orioles,Pittsburgh Pirates,"1.0 IP, 0 ER, 2 K, 0 BB",1,0,0,1,0,0,0,0,0,2,0,0,1,0,.333,4,.250,.250,.500,0,0,.---,.---,0,21,5.40,1.0,0,0,0,0,1,0,0,1.50,4,3,1,0,0,12,.570,0,0,0,0,1,3.00,.---,21.00,0,-.--,18.00,0.00,9.00,0.00,0.00,0,0,0,0,0
669093,2026-03-27,San Diego Padres,Detroit Tigers,"0.2 IP, 4 ER, 2 K, 3 BB",1,0,0,0,0,4,0,0,0,2,3,0,1,0,.333,3,.667,.333,1.000,0,0,.---,.---,0,27,54.00,0.2,0,1,0,1,0,1,4,6.00,6,2,1,0,0,14,.520,0,0,0,0,1,-.--,.000,40.50,0,0.67,27.00,40.50,13.50,54.00,0.00,0,0,0,0,0
669093,2026-03-31,San Diego Padres,San Francisco Giants,"1.0 IP, 0 ER, 2 K, 0 BB",1,0,0,0,1,0,1,0,0,2,0,0,1,0,.286,4,.250,.500,.750,0,0,.---,.---,0,18,21.60,1.0,0,0,0,0,0,0,0,3.00,4,3,1,0,0,12,.670,0,0,1,0,2,0.00,.---,18.00,0,-.--,18.00,0.00,9.00,0.00,0.00,0,0,0,0,0
669093,2026-04-01,San Diego Padres,San Francisco Giants,"1.0 IP, 0 ER, 2 K, 0 BB",1,0,0,1,0,0,0,0,0,2,0,0,0,0,.200,3,.000,.000,.000,0,0,.---,.---,0,13,13.50,1.0,0,0,0,0,1,0,0,1.88,3,3,1,0,0,7,.540,0,0,0,0,0,1.00,.---,13.00,0,-.--,18.00,0.00,0.00,0.00,0.00,0,0,0,0,0
669093,2026-04-04,San Diego Padres,Boston Red Sox,"1.0 IP, 0 ER, 0 K, 0 BB",1,0,2,0,3,0,0,0,0,0,0,0,0,0,.154,3,.000,.000,.000,0,0,.---,.---,0,10,9.82,1.0,0,0,0,0,1,0,0,1.36,3,3,1,0,0,5,.500,0,0,0,0,0,0.25,.---,10.00,0,-.--,0.00,0.00,0.00,0.00,0.00,0,0,0,0,0
669093,2026-04-05,San Diego Padres,Boston Red Sox,"1.0 IP, 0 ER, K, 0 BB",1,0,0,1,1,0,0,0,0,1,0,0,0,0,.125,3,.000,.000,.000,0,0,.---,.---,0,13,7.71,1.0,1,0,0,0,0,0,0,1.07,3,3,1,0,0,8,.620,0,0,0,0,0,0.40,1.000,13.00,0,-.--,9.00,0.00,0.00,0.00,0.00,0,0,0,0,0
693686,2026-03-28,Toronto Blue Jays,Athletics,"1.0 IP, 0 ER, K, BB",1,0,1,1,1,0,0,0,0,1,1,0,0,0,.000,3,.250,.000,.250,0,0,.---,.---,0,16,0.00,1.0,1,0,0,0,0,0,0,1.00,4,3,1,0,0,7,.440,0,0,0,0,0,1.00,1.000,16.00,1,1.00,9.00,9.00,0.00,0.00,0.00,0,0,0,0,0
693686,2026-03-30,Toronto Blue Jays,Colorado Rockies,"1.2 IP, 3 ER, 2 K, BB",1,0,2,0,2,3,0,0,1,2,1,0,3,0,.300,7,.500,.857,1.357,1,0,.000,1.000,0,41,10.13,1.2,0,0,0,0,0,0,3,1.88,8,5,1,0,0,23,.560,0,0,0,0,6,0.33,.---,24.60,0,2.00,10.80,5.40,16.20,16.20,5.40,2,0,0,0,0
693686,2026-04-05,Toronto Blue Jays,Chicago White Sox,"2.0 IP, 0 ER, 2 K, 0 BB",1,0,3,0,4,0,0,0,0,2,0,0,2,0,.278,8,.250,.250,.500,0,0,.---,.---,0,27,5.79,2.0,0,0,0,0,0,0,0,1.50,8,6,1,0,0,18,.670,0,0,0,0,2,0.14,.---,13.50,1,-.--,9.00,0.00,9.00,0.00,0.00,0,0,0,0,0
693686,2026-04-06,Toronto Blue Jays,Los Angeles Dodgers,"1.0 IP, ER, K, 0 BB",1,0,0,1,1,1,0,0,1,1,0,0,2,0,.304,5,.400,1.000,1.400,0,0,.---,.---,0,16,6.35,1.0,0,0,0,0,0,0,1,1.59,5,3,1,0,0,13,.810,0,0,0,0,5,0.25,.---,16.00,0,-.--,9.00,0.00,18.00,9.00,9.00,0,0,0,0,0
681402,2026-03-29,Washington Nationals,Chicago Cubs,"1.1 IP, 0 ER, K, 0 BB",1,0,2,1,2,0,0,0,0,1,0,0,0,0,.000,4,.000,.000,.000,0,0,.---,.---,0,9,0.00,1.1,0,0,0,0,1,0,0,0.00,4,4,1,0,0,7,.780,0,0,0,0,0,0.50,.---,6.75,0,-.--,6.75,0.00,0.00,0.00,0.00,1,0,0,0,0
681402,2026-04-03,Washington Nationals,Los Angeles Dodgers,"0.2 IP, 0 ER, K, BB",1,0,0,0,1,0,0,0,0,1,1,0,2,0,.250,4,.600,.500,1.100,0,0,.---,.---,0,20,0.00,0.2,0,0,0,0,0,0,0,1.50,5,2,1,0,0,11,.550,0,0,0,0,2,0.33,.---,30.00,0,1.00,13.50,13.50,27.00,0.00,0.00,1,1,0,0,0
681402,2026-04-04,Washington Nationals,Los Angeles Dodgers,"1.0 IP, ER, 2 K, 0 BB",1,0,0,1,0,1,1,0,0,2,0,0,2,0,.308,5,.400,.600,1.000,0,0,.---,.---,0,19,3.00,1.0,0,0,0,0,0,0,1,1.67,5,3,1,0,0,17,.890,0,0,0,0,3,0.67,.---,19.00,0,-.--,18.00,0.00,18.00,9.00,0.00,0,0,0,0,0
679358,2026-03-28,Minnesota Twins,Baltimore Orioles,"1.1 IP, 0 ER, 0 K, BB",1,0,3,1,3,0,0,0,0,0,1,0,0,0,.000,4,.200,.000,.200,0,0,.---,.---,0,21,0.00,1.1,0,0,0,0,1,0,0,0.75,5,4,1,0,0,11,.520,0,0,0,0,0,0.33,.---,15.75,0,0.00,0.00,6.75,0.00,0.00,0.00,2,0,0,0,0
679358,2026-04-03,Minnesota Twins,Tampa Bay Rays,"2.0 IP, 0 ER, 0 K, BB",1,0,1,3,3,0,0,0,0,0,1,0,1,0,.091,7,.250,.143,.393,0,0,.---,.---,0,37,0.00,2.0,0,0,0,0,0,0,0,0.90,8,6,1,0,0,22,.590,0,0,0,0,1,0.67,.---,18.50,0,0.00,0.00,4.50,4.50,0.00,0.00,0,0,0,0,0
679358,2026-04-06,Minnesota Twins,Detroit Tigers,"0.2 IP, 0 ER, K, BB",1,0,0,1,0,0,0,0,0,1,1,0,0,0,.077,2,.333,.000,.333,0,0,.---,.---,0,12,0.00,0.2,0,0,0,0,1,0,0,1.00,3,2,1,0,0,7,.580,0,0,0,0,0,0.83,.---,18.00,0,1.00,13.50,13.50,0.00,0.00,0.00,0,0,0,0,0
640451,2026-03-29,Chicago Cubs,Washington Nationals,"1.0 IP, 0 ER, 0 K, 0 BB",1,0,2,1,2,0,0,0,0,0,0,0,1,0,.250,4,.250,.250,.500,0,0,.---,.---,0,10,0.00,1.0,0,0,0,0,0,0,0,1.00,4,3,1,0,0,7,.700,0,0,0,0,1,0.50,.---,10.00,0,-.--,0.00,0.00,9.00,0.00,0.00,0,0,0,0,0
640451,2026-04-01,Chicago Cubs,Los Angeles Angels,"1.1 IP, 0 ER, 3 K, 0 BB",1,0,1,1,1,0,0,0,0,3,0,0,1,0,.200,6,.167,.167,.334,0,0,.---,.---,0,20,0.00,1.1,0,0,0,0,0,0,0,0.86,6,4,1,0,0,15,.750,0,0,0,0,1,0.67,.---,15.00,0,-.--,20.25,0.00,6.75,0.00,0.00,2,2,0,0,0
640451,2026-04-03,Chicago Cubs,Cleveland Guardians,"0.2 IP, 3 ER, 0 K, BB",1,0,1,1,1,3,0,0,2,0,1,0,2,0,.286,4,.600,2.000,2.600,0,0,.---,.---,0,30,9.00,0.2,0,1,0,0,0,0,3,1.67,5,2,1,0,0,17,.570,0,0,0,0,8,0.75,.000,45.00,0,0.00,0.00,13.50,27.00,40.50,27.00,0,0,0,0,0
640448,2026-03-27,Detroit Tigers,San Diego Padres,"1.0 IP, 0 ER, 2 K, BB",1,0,0,0,1,0,0,0,0,2,1,0,0,0,.000,3,.250,.000,.250,0,0,.---,.---,0,20,0.00,1.0,0,0,0,0,1,0,0,1.00,4,3,1,0,0,11,.550,0,0,0,0,0,0.00,.---,20.00,0,2.00,18.00,9.00,0.00,0.00,0.00,0,0,0,0,0
640448,2026-03-30,Detroit Tigers,Arizona Diamondbacks,"0.1 IP, 0 ER, 0 K, 0 BB",1,0,1,0,1,0,0,0,0,0,0,0,0,0,.000,1,.000,.000,.000,0,1,1.000,.000,0,5,0.00,0.1,0,0,0,0,0,0,0,0.75,1,1,1,0,0,3,.600,0,0,0,0,0,0.00,.---,15.00,0,-.--,0.00,0.00,0.00,0.00,0.00,1,0,0,0,0
640448,2026-04-01,Detroit Tigers,Arizona Diamondbacks,"1.0 IP, 0 ER, 0 K, 2 BB",1,0,1,2,1,0,0,0,0,0,2,0,0,0,.000,3,.400,.000,.400,0,0,.---,.---,0,20,0.00,1.0,0,0,0,0,0,0,0,1.29,5,3,1,0,0,10,.500,0,0,0,0,0,0.67,.---,20.00,1,0.00,0.00,18.00,0.00,0.00,0.00,0,0,0,0,0
640448,2026-04-03,Detroit Tigers,St. Louis Cardinals,"1.0 IP, 0 ER, K, BB",1,0,0,2,0,0,0,0,0,1,1,0,1,0,.091,4,.400,.250,.650,0,0,.---,.---,0,16,0.00,1.0,0,0,0,0,0,0,0,1.50,5,3,1,0,0,10,.630,0,0,0,0,1,1.33,.---,16.00,0,1.00,9.00,9.00,9.00,0.00,0.00,0,0,0,0,0
656848,2026-03-29,Miami Marlins,Colorado Rockies,"1.0 IP, 0 ER, 2 K, 0 BB",1,0,0,0,1,0,0,0,0,2,0,0,0,0,.000,3,.000,.000,.000,0,0,.---,.---,0,11,0.00,1.0,1,0,0,0,0,0,0,0.00,3,3,1,0,0,9,.820,0,0,0,0,0,0.00,1.000,11.00,1,-.--,18.00,0.00,0.00,0.00,0.00,0,0,0,0,0
656848,2026-03-30,Miami Marlins,Chicago White Sox,"1.0 IP, 0 ER, K, 0 BB",1,0,1,1,1,0,0,0,0,1,0,0,0,0,.000,3,.000,.000,.000,0,0,.---,.---,0,11,0.00,1.0,0,0,0,0,0,0,0,0.00,3,3,1,0,0,7,.640,0,0,0,0,0,0.50,.---,11.00,1,-.--,9.00,0.00,0.00,0.00,0.00,0,0,0,0,0
656848,2026-04-03,Miami Marlins,New York Yankees,"1.0 IP, ER, K, BB",1,0,1,0,2,1,0,0,1,1,1,0,1,0,.100,4,.400,1.000,1.400,0,0,.---,.---,0,20,3.00,1.0,0,0,0,0,0,0,1,0.67,5,3,1,0,0,12,.600,0,0,0,0,4,0.25,.---,20.00,0,1.00,9.00,9.00,9.00,9.00,9.00,0,0,0,0,0
656848,2026-04-04,Miami Marlins,New York Yankees,"1.0 IP, 2 ER, 0 K, 3 BB",1,0,2,0,3,3,0,0,0,0,3,0,1,0,.143,4,.571,.250,.821,0,0,.---,.---,0,30,6.75,1.0,0,1,0,0,0,0,2,1.50,7,3,1,0,0,13,.430,0,0,0,0,1,0.14,.000,30.00,1,0.00,0.00,27.00,9.00,27.00,0.00,0,0,0,0,0
640455,2026-03-29,New York Mets,Pittsburgh Pirates,"1.1 IP, 0 ER, 2 K, 2 BB",1,0,0,2,0,0,0,0,0,2,2,0,1,0,.200,5,.429,.200,.629,0,0,.---,.---,0,29,0.00,1.1,0,0,0,0,0,0,0,2.25,7,4,1,0,0,15,.520,0,0,0,0,1,2.00,.---,21.75,0,1.00,13.50,13.50,6.75,0.00,0.00,0,0,0,0,0
640455,2026-04-02,New York Mets,San Francisco Giants,"3.2 IP, ER, 2 K, 2 BB",1,0,2,3,6,1,0,0,1,2,2,0,4,0,.250,15,.353,.467,.820,0,0,.---,.---,0,74,1.80,3.2,0,0,0,0,0,0,1,1.80,17,11,1,0,0,44,.590,0,0,0,0,7,0.83,.---,20.18,1,1.00,4.91,4.91,9.82,2.45,2.45,1,1,0,0,0
656849,2026-03-28,New York Mets,Pittsburgh Pirates,"5.1 IP, 0 ER, 3 K, 2 BB",1,1,1,9,5,0,0,0,0,3,2,0,6,0,.261,23,.320,.261,.581,0,0,.---,.---,0,76,0.00,5.1,0,0,0,0,0,0,0,1.50,25,16,1,0,0,51,.670,0,0,0,0,6,1.80,.---,14.25,0,1.50,5.06,3.38,10.13,0.00,0.00,0,0,0,0,0
656849,2026-04-02,New York Mets,San Francisco Giants,"4.1 IP, 5 ER, 5 K, 2 BB",1,1,1,6,2,6,1,1,0,5,2,0,9,0,.349,20,.458,.600,1.058,0,0,.---,.---,1,68,4.66,4.1,0,1,0,0,0,0,5,1.97,24,13,1,0,0,46,.680,0,0,1,0,12,2.14,.000,15.69,0,2.50,10.38,4.15,18.69,12.46,0.00,0,0,0,0,2
642528,2026-03-27,Arizona Diamondbacks,Los Angeles Dodgers,"1.1 IP, 0 ER, K, 0 BB",1,0,0,2,1,0,0,0,0,1,0,0,0,0,.000,4,.000,.000,.000,0,0,.---,.---,0,14,0.00,1.1,0,0,0,0,0,0,0,0.00,4,4,1,0,0,8,.570,0,0,0,0,0,2.00,.---,10.50,0,-.--,6.75,0.00,0.00,0.00,0.00,0,0,0,0,0
642528,2026-03-28,Arizona Diamondbacks,Los Angeles Dodgers,"1.0 IP, 0 ER, K, 0 BB",1,0,1,1,1,0,1,0,0,1,0,0,1,0,.125,4,.250,.500,.750,0,1,1.000,.000,0,18,0.00,1.0,0,0,0,0,1,0,0,0.43,4,3,1,0,0,9,.500,0,0,0,0,2,1.50,.---,18.00,0,-.--,9.00,0.00,9.00,0.00,0.00,1,1,0,0,0
642528,2026-04-01,Arizona Diamondbacks,Detroit Tigers,"1.0 IP, 0 ER, 0 K, 0 BB",1,0,0,2,0,0,1,0,0,0,0,0,2,0,.250,4,.500,.750,1.250,0,0,.---,.---,1,16,0.00,1.0,0,0,1,1,0,0,0,0.90,4,3,1,0,0,9,.560,0,0,0,0,3,2.50,.---,16.00,1,-.--,0.00,0.00,18.00,0.00,0.00,0,0,0,0,0
642528,2026-04-04,Arizona Diamondbacks,Atlanta Braves,"1.0 IP, 0 ER, 0 K, 0 BB",1,0,1,2,1,0,0,0,0,0,0,0,0,0,.200,3,.000,.000,.000,0,0,.---,.---,0,10,0.00,1.0,0,0,0,0,1,0,0,0.69,3,3,1,0,0,7,.700,0,0,0,0,0,2.33,.---,10.00,0,-.--,0.00,0.00,0.00,0.00,0.00,0,0,0,0,0
642528,2026-04-05,Arizona Diamondbacks,Atlanta Braves,"1.0 IP, ER, K, 0 BB",1,0,1,1,1,1,0,0,0,1,0,0,3,0,.286,6,.500,.500,1.000,0,0,.---,.---,0,25,1.69,1.0,0,0,0,1,0,1,1,1.13,6,3,1,0,0,17,.680,0,0,0,0,3,2.00,.---,25.00,0,-.--,9.00,0.00,27.00,9.00,0.00,0,0,0,0,0
656876,2026-03-26,Tampa Bay Rays,St. Louis Cardinals,"5.0 IP, ER, 2 K, 0 BB",1,1,3,10,4,1,0,0,1,2,0,0,4,0,.200,20,.200,.350,.550,0,1,1.000,.000,1,73,1.80,5.0,0,0,0,0,0,0,1,0.80,20,15,1,0,0,49,.670,0,0,0,0,7,2.50,.---,14.60,0,-.--,3.60,0.00,7.20,1.80,1.80,0,0,0,0,0
656876,2026-04-01,Tampa Bay Rays,Milwaukee Brewers,"5.0 IP, ER, 8 K, BB",1,1,3,3,6,2,0,0,1,8,1,0,2,0,.154,19,.150,.263,.413,0,2,1.000,.000,0,89,1.80,5.0,0,0,0,0,0,0,1,0.70,20,15,1,0,0,60,.670,0,0,0,0,5,1.30,.---,17.80,0,8.00,14.40,1.80,3.60,3.60,1.80,0,0,0,0,0
669160,2026-03-29,St. Louis Cardinals,Tampa Bay Rays,"4.0 IP, 6 ER, 3 K, BB",1,1,4,2,6,6,5,0,0,3,1,0,10,0,.476,21,.500,.714,1.214,0,0,.---,.---,0,61,13.50,4.0,0,1,0,0,0,0,6,2.75,22,12,1,0,0,40,.660,0,0,1,1,15,0.33,.000,15.25,0,3.00,6.75,2.25,22.50,13.50,0.00,0,0,0,0,0
669160,2026-04-04,St. Louis Cardinals,Detroit Tigers,"3.1 IP, 7 ER, 4 K, 2 BB",1,1,2,2,2,7,0,1,2,4,2,0,7,1,.486,14,.556,1.071,1.627,1,0,.000,1.000,0,79,15.95,3.1,0,1,0,0,0,0,7,2.73,18,10,1,0,0,48,.610,1,0,1,0,15,0.50,.000,23.70,0,2.00,10.80,5.40,18.90,18.90,5.40,0,0,0,0,1
642547,2026-03-26,New York Mets,Pittsburgh Pirates,"5.0 IP, 4 ER, 7 K, 0 BB",1,1,1,6,2,4,1,0,2,7,0,0,6,0,.286,21,.286,.619,.905,0,0,.---,.---,0,80,7.20,5.0,1,0,0,0,0,0,4,1.20,21,15,1,0,0,53,.660,0,0,0,0,13,3.00,1.000,16.00,0,-.--,12.60,0.00,10.80,7.20,3.60,0,0,0,0,0
642547,2026-04-01,New York Mets,St. Louis Cardinals,"5.1 IP, ER, 7 K, 2 BB",1,1,1,6,3,1,0,0,0,7,2,0,3,0,.225,19,.238,.158,.396,0,0,.---,.---,0,92,4.35,5.1,0,0,0,0,0,0,1,1.06,21,16,1,0,0,54,.590,0,0,1,0,3,2.40,.---,17.25,0,3.50,11.81,3.38,5.06,1.69,0.00,0,0,0,0,0
671212,2026-03-28,Tampa Bay Rays,St. Louis Cardinals,"6.0 IP, 2 ER, 4 K, 0 BB",1,1,2,7,7,2,0,0,0,4,0,0,3,0,.143,21,.143,.143,.286,0,2,1.000,.000,0,75,3.00,6.0,0,0,0,0,0,0,2,0.50,21,18,1,0,0,52,.690,0,0,0,0,3,1.00,.---,12.50,0,-.--,6.00,0.00,4.50,3.00,0.00,0,0,0,0,0
671212,2026-04-03,Tampa Bay Rays,Minnesota Twins,"5.1 IP, 2 ER, 9 K, 3 BB",1,1,2,5,4,3,2,0,0,9,3,0,4,0,.171,20,.292,.300,.592,0,1,1.000,.000,0,104,3.18,5.1,0,0,0,0,0,0,2,0.88,25,16,1,0,0,67,.640,0,0,1,0,6,1.09,.---,19.50,0,3.00,15.19,5.06,6.75,5.06,0.00,0,0,0,0,1
624133,2026-03-30,Boston Red Sox,Houston Astros,"4.1 IP, 4 ER, 3 K, BB",1,1,2,3,6,4,0,0,2,3,1,0,7,0,.368,19,.400,.684,1.084,0,0,.---,.---,1,76,8.31,4.1,0,1,0,0,0,0,4,1.85,20,13,1,0,0,44,.580,0,0,0,0,13,0.50,.000,17.54,0,3.00,6.23,2.08,14.54,8.31,4.15,0,0,0,0,0
624133,2026-04-05,Boston Red Sox,San Diego Padres,"4.0 IP, 4 ER, 2 K, 2 BB",1,1,0,7,1,4,1,0,0,2,2,0,6,0,.371,16,.444,.438,.882,0,0,.---,.---,1,75,8.64,4.0,0,0,0,0,0,0,4,1.92,18,12,1,0,0,48,.640,0,0,0,0,7,1.43,.---,18.75,0,1.00,4.50,4.50,13.50,9.00,0.00,0,0,0,0,0
669194,2026-03-27,Arizona Diamondbacks,Los Angeles Dodgers,"4.2 IP, 4 ER, 4 K, 3 BB",1,1,4,3,7,4,0,0,2,4,3,0,2,0,.125,16,.263,.500,.763,0,0,.---,.---,0,83,7.71,4.2,0,0,0,0,0,0,4,1.07,19,14,1,0,0,50,.600,0,0,0,0,8,0.43,.---,17.79,0,1.33,7.71,5.79,3.86,7.71,3.86,0,0,0,0,0
669194,2026-04-02,Arizona Diamondbacks,Atlanta Braves,"4.2 IP, 2 ER, 3 K, 3 BB",1,1,3,4,8,7,1,0,2,3,3,0,3,0,.147,18,.286,.556,.842,0,0,.---,.---,0,80,5.79,4.2,0,1,0,0,0,0,2,1.18,21,14,1,0,0,47,.590,0,0,0,0,10,0.47,.000,17.14,0,1.00,5.79,5.79,5.79,13.50,3.86,0,0,0,0,0
691725,2026-03-31,Philadelphia Phillies,Washington Nationals,"5.1 IP, ER, 8 K, BB",1,1,3,2,6,1,1,0,0,8,1,0,4,0,.200,20,.238,.250,.488,0,0,.---,.---,0,84,1.69,5.1,1,0,0,0,0,0,1,0.94,21,16,1,0,0,57,.680,0,0,0,0,5,0.33,1.000,15.75,0,8.00,13.50,1.69,6.75,1.69,0.00,0,0,0,0,0
691725,2026-04-06,Philadelphia Phillies,San Francisco Giants,"4.0 IP, 4 ER, K, BB",1,1,3,4,6,4,1,1,0,1,1,0,9,0,.333,19,.476,.632,1.108,0,0,.---,.---,1,90,4.82,4.0,0,0,0,0,0,0,4,1.61,21,12,1,0,0,53,.590,0,0,0,0,12,0.50,.---,22.50,0,1.00,2.25,2.25,20.25,9.00,0.00,0,0,0,0,1
669199,2026-03-30,Miami Marlins,Chicago White Sox,"3.0 IP, ER, 3 K, BB",1,0,2,3,3,1,0,0,0,3,1,0,1,0,.111,9,.182,.111,.293,0,2,1.000,.000,0,42,3.00,3.0,0,0,0,0,0,0,1,0.67,11,9,1,0,0,23,.550,0,0,0,0,1,1.00,.---,14.00,0,3.00,9.00,3.00,3.00,3.00,0.00,0,0,0,0,1
669199,2026-04-03,Miami Marlins,New York Yankees,"1.0 IP, 2 ER, 2 K, 2 BB",1,0,0,0,0,2,1,0,0,2,2,0,2,0,.231,4,.667,.750,1.417,0,1,1.000,.000,0,24,6.75,1.0,0,0,0,0,0,0,2,1.50,6,3,1,0,0,14,.580,0,0,0,0,3,1.00,.---,24.00,1,1.00,18.00,18.00,18.00,18.00,0.00,0,0,0,0,0
548384,2026-03-28,New York Mets,Pittsburgh Pirates,"1.0 IP, 0 ER, 2 K, 0 BB",1,0,0,0,1,0,0,0,0,2,0,0,0,0,.000,3,.000,.000,.000,0,0,.---,.---,0,11,0.00,1.0,0,0,0,0,0,0,0,0.00,3,3,1,0,0,8,.730,0,0,0,0,0,0.00,.---,11.00,0,-.--,18.00,0.00,0.00,0.00,0.00,0,0,0,0,0
548384,2026-03-30,New York Mets,St. Louis Cardinals,"1.0 IP, 0 ER, 0 K, 0 BB",1,0,2,1,2,0,0,0,0,0,0,0,1,0,.143,4,.250,.250,.500,0,0,.---,.---,0,17,0.00,1.0,0,0,0,0,1,0,0,0.50,4,3,1,0,0,11,.650,0,0,0,0,1,0.33,.---,17.00,0,-.--,0.00,0.00,9.00,0.00,0.00,0,0,0,0,0
548384,2026-04-01,New York Mets,St. Louis Cardinals,"1.0 IP, 0 ER, 2 K, 0 BB",1,0,0,1,0,0,0,0,0,2,0,0,0,0,.100,3,.000,.000,.000,0,0,.---,.---,0,12,0.00,1.0,0,0,0,0,0,0,0,0.33,3,3,1,0,0,8,.670,0,0,0,0,0,0.67,.---,12.00,0,-.--,18.00,0.00,0.00,0.00,0.00,0,0,0,0,0
548384,2026-04-03,New York Mets,San Francisco Giants,"0.2 IP, 0 ER, K, 0 BB",1,0,0,1,0,0,0,0,0,1,0,0,0,0,.083,2,.000,.000,.000,0,0,.---,.---,0,16,0.00,0.2,0,0,0,0,1,0,0,0.27,2,2,1,0,0,10,.630,0,0,0,0,0,1.00,.---,24.00,0,-.--,13.50,0.00,0.00,0.00,0.00,2,1,0,0,0
572955,2026-03-26,Cincinnati Reds,Boston Red Sox,"0.1 IP, ER, 0 K, 0 BB",1,0,0,1,0,1,1,0,0,0,0,0,2,0,1.000,2,1.000,1.500,2.500,0,0,.---,.---,0,9,27.00,0.1,0,1,0,0,0,0,1,6.00,3,1,1,0,0,6,.670,0,0,0,0,3,1.00,.000,27.00,0,-.--,0.00,0.00,54.00,27.00,0.00,0,0,0,1,0
572955,2026-03-28,Cincinnati Reds,Boston Red Sox,"0.2 IP, 0 ER, 0 K, 0 BB",1,0,2,0,2,0,0,0,0,0,0,0,1,0,.600,3,.333,.333,.666,0,0,.---,.---,0,7,9.00,0.2,0,0,0,0,1,0,0,3.00,3,2,1,0,0,6,.860,0,0,0,0,1,0.50,.---,10.50,0,-.--,0.00,0.00,13.50,0.00,0.00,0,0,0,0,0
572955,2026-03-29,Cincinnati Reds,Boston Red Sox,"0.2 IP, 0 ER, 0 K, 0 BB",1,0,2,0,2,0,1,0,0,0,0,0,1,0,.500,3,.333,.667,1.000,0,0,.---,.---,0,13,5.40,0.2,0,0,0,0,1,0,0,2.40,3,2,1,0,0,9,.690,0,0,0,0,2,0.25,.---,19.50,0,-.--,0.00,0.00,13.50,0.00,0.00,0,0,0,0,0
572955,2026-03-31,Cincinnati Reds,Pittsburgh Pirates,"1.0 IP, 2 ER, K, 0 BB",1,0,0,2,0,2,0,0,1,1,0,0,2,0,.462,5,.400,1.000,1.400,0,0,.---,.---,0,20,10.13,1.0,0,0,0,0,0,0,2,2.25,5,3,1,0,0,14,.700,0,0,0,0,5,0.75,.---,20.00,1,-.--,9.00,0.00,18.00,18.00,9.00,0,0,0,0,0
572955,2026-04-05,Cincinnati Reds,Texas Rangers,"0.2 IP, 0 ER, K, BB",1,0,1,0,1,0,0,0,0,1,1,0,0,0,.400,2,.333,.000,.333,0,1,1.000,.000,0,20,8.10,0.2,0,0,0,0,0,0,0,2.10,3,2,1,0,0,11,.550,0,0,1,0,0,0.60,.---,30.00,0,1.00,13.50,13.50,0.00,0.00,0.00,1,0,0,0,0
472610,2026-03-26,New York Mets,Pittsburgh Pirates,"1.0 IP, 2 ER, 2 K, 0 BB",1,0,1,0,1,2,2,0,0,2,0,0,3,0,.500,6,.500,.833,1.333,0,0,.---,.---,0,20,18.00,1.0,0,0,0,0,0,0,2,3.00,6,3,1,0,0,16,.800,0,0,0,0,5,0.00,.---,20.00,1,-.--,18.00,0.00,27.00,18.00,0.00,0,0,0,0,0
472610,2026-03-28,New York Mets,Pittsburgh Pirates,"1.0 IP, 0 ER, 0 K, BB",1,0,1,1,2,1,0,0,0,0,1,0,2,0,.455,5,.500,.400,.900,0,0,.---,.---,0,19,9.00,1.0,0,0,0,0,0,0,0,3.00,6,3,1,0,0,13,.680,0,0,0,0,2,0.33,.---,19.00,0,0.00,0.00,9.00,18.00,9.00,0.00,0,0,0,0,0
472610,2026-04-03,New York Mets,San Francisco Giants,"1.0 IP, 0 ER, K, 0 BB",1,0,1,0,2,0,0,0,0,1,0,0,1,0,.400,4,.250,.250,.500,0,0,.---,.---,0,14,6.00,1.0,0,0,0,0,0,0,0,2.33,4,3,1,0,0,10,.710,0,0,0,0,1,0.20,.---,14.00,1,-.--,9.00,0.00,9.00,0.00,0.00,0,0,0,0,0
681517,2026-03-30,St. Louis Cardinals,New York Mets,"5.0 IP, 4 ER, K, 2 BB",1,1,1,9,4,4,2,1,0,1,2,0,8,0,.364,22,.417,.545,.962,0,1,1.000,.000,1,79,7.20,5.0,0,1,0,0,0,0,4,2.00,24,15,1,0,0,51,.650,0,0,0,0,12,2.25,.000,15.80,0,0.50,1.80,3.60,14.40,7.20,0.00,0,0,0,0,0
681517,2026-04-05,St. Louis Cardinals,Detroit Tigers,"5.0 IP, 2 ER, 4 K, 3 BB",1,1,4,6,5,2,1,0,1,4,3,0,5,0,.310,20,.348,.450,.798,0,0,.---,.---,0,97,5.40,5.0,1,0,0,0,0,0,2,1.80,23,15,1,0,0,54,.560,0,0,0,0,9,1.67,1.000,19.40,0,1.33,7.20,5.40,9.00,3.60,1.80,0,0,0,0,0
656945,2026-03-26,Los Angeles Dodgers,Arizona Diamondbacks,"1.0 IP, 0 ER, 0 K, 0 BB",1,0,2,1,2,0,0,0,0,0,0,0,0,0,.000,3,.000,.000,.000,0,0,.---,.---,0,8,0.00,1.0,0,0,0,0,0,0,0,0.00,3,3,1,0,0,7,.880,0,0,0,0,0,0.50,.---,8.00,1,-.--,0.00,0.00,0.00,0.00,0.00,0,0,0,0,0
656945,2026-03-27,Los Angeles Dodgers,Arizona Diamondbacks,"0.1 IP, 0 ER, K, 0 BB",1,0,0,0,0,0,0,0,0,1,0,0,0,0,.000,1,.000,.000,.000,0,0,.---,.---,0,6,0.00,0.1,0,0,0,0,0,0,0,0.00,1,1,1,0,0,4,.670,0,0,0,0,0,0.50,.---,18.00,0,-.--,27.00,0.00,0.00,0.00,0.00,2,0,0,0,0
656945,2026-03-30,Los Angeles Dodgers,Cleveland Guardians,"1.0 IP, 0 ER, 2 K, 0 BB",1,0,0,0,1,0,0,0,0,2,0,0,1,0,.125,4,.250,.250,.500,0,2,1.000,.000,0,16,0.00,1.0,0,0,0,0,0,0,0,0.43,4,3,1,0,0,12,.750,0,0,0,0,1,0.33,.---,16.00,0,-.--,18.00,0.00,9.00,0.00,0.00,1,0,0,0,0
656945,2026-04-01,Los Angeles Dodgers,Cleveland Guardians,"0.1 IP, ER, K, 0 BB",1,0,0,0,0,1,0,0,1,1,0,0,1,0,.200,2,.500,2.000,2.500,0,0,.---,.---,0,9,3.38,0.1,0,0,0,0,0,0,1,0.75,2,1,1,0,0,8,.890,0,0,0,0,4,0.33,.---,27.00,0,-.--,27.00,0.00,27.00,27.00,27.00,1,1,0,0,0
656945,2026-04-04,Los Angeles Dodgers,Washington Nationals,"1.0 IP, 0 ER, K, 0 BB",1,0,0,2,0,0,0,0,0,1,0,0,1,0,.214,4,.250,.250,.500,0,0,.---,.---,0,14,2.45,1.0,0,0,0,0,0,0,0,0.82,4,3,1,0,0,9,.640,0,0,0,0,1,1.00,.---,14.00,0,-.--,9.00,0.00,9.00,0.00,0.00,0,0,0,0,0
656945,2026-04-05,Los Angeles Dodgers,Washington Nationals,"1.0 IP, 0 ER, K, 0 BB",1,0,1,0,2,0,0,0,0,1,0,0,1,0,.222,4,.250,.250,.500,0,0,.---,.---,0,15,1.93,1.0,0,0,0,0,1,0,0,0.86,4,3,1,0,0,11,.730,0,0,0,0,1,0.60,.---,15.00,0,-.--,9.00,0.00,9.00,0.00,0.00,0,0,0,0,0
693821,2026-03-30,Atlanta Braves,Athletics,"6.0 IP, 0 ER, 5 K, BB",1,1,3,6,6,0,1,0,0,5,1,0,5,0,.227,22,.261,.273,.534,0,0,.---,.---,0,83,0.00,6.0,1,0,0,0,0,0,0,1.00,23,18,1,0,0,52,.630,0,0,0,1,6,1.00,1.000,13.83,0,5.00,7.50,1.50,7.50,0.00,0.00,0,0,0,0,0
693821,2026-04-04,Atlanta Braves,Arizona Diamondbacks,"7.0 IP, 0 ER, 8 K, BB",1,1,3,8,3,2,0,0,0,8,1,0,4,0,.200,23,.208,.174,.382,0,0,.---,.---,2,89,0.00,7.0,0,1,0,0,0,0,0,0.85,24,21,1,0,0,61,.690,0,0,0,0,4,1.56,.000,12.71,0,8.00,10.29,1.29,5.14,2.57,0.00,0,0,0,0,0
691799,2026-03-28,Chicago White Sox,Milwaukee Brewers,"1.0 IP, ER, K, BB",1,0,1,0,2,1,0,0,0,1,1,0,2,0,.400,5,.500,.400,.900,0,1,1.000,.000,0,26,9.00,1.0,0,0,0,0,0,0,1,3.00,6,3,1,0,0,16,.620,0,0,0,0,2,0.00,.---,26.00,0,1.00,9.00,9.00,18.00,9.00,0.00,0,0,0,0,0
691799,2026-03-29,Chicago White Sox,Milwaukee Brewers,"1.0 IP, 0 ER, 3 K, BB",1,0,0,0,0,0,0,0,0,3,1,0,1,0,.333,4,.400,.250,.650,0,0,.---,.---,0,24,4.50,1.0,0,0,0,0,0,0,0,2.50,5,3,1,0,0,14,.580,0,0,0,0,1,0.00,.---,24.00,0,3.00,27.00,9.00,9.00,0.00,0.00,0,0,0,0,0
691799,2026-04-03,Chicago White Sox,Toronto Blue Jays,"1.0 IP, 0 ER, K, 0 BB",1,1,0,1,1,0,0,0,0,1,0,0,0,0,.250,3,.000,.000,.000,0,0,.---,.---,0,9,3.00,1.0,0,0,0,0,0,0,0,1.67,3,3,1,0,0,9,1.000,0,0,0,0,0,0.33,.---,9.00,0,-.--,9.00,0.00,0.00,0.00,0.00,0,0,0,0,0
691799,2026-04-04,Chicago White Sox,Toronto Blue Jays,"1.0 IP, 0 ER, K, 0 BB",1,1,2,0,2,0,0,0,0,1,0,0,0,0,.200,3,.000,.000,.000,0,0,.---,.---,0,9,2.25,1.0,0,0,0,0,0,0,0,1.25,3,3,1,0,0,5,.560,0,0,0,0,0,0.20,.---,9.00,0,-.--,9.00,0.00,0.00,0.00,0.00,0,0,0,0,0
691799,2026-04-06,Chicago White Sox,Baltimore Orioles,"1.0 IP, 0 ER, K, 0 BB",1,1,2,0,2,0,1,0,0,1,0,0,1,0,.211,4,.250,.500,.750,0,0,.---,.---,0,16,1.80,1.0,0,0,0,0,0,0,0,1.20,4,3,1,0,0,10,.630,0,0,0,0,2,0.14,.---,16.00,0,-.--,9.00,0.00,9.00,0.00,0.00,0,0,0,0,0
669276,2026-03-27,Atlanta Braves,Kansas City Royals,"1.0 IP, 0 ER, 0 K, 0 BB",1,0,2,0,3,0,0,0,0,0,0,0,0,0,.000,3,.000,.000,.000,0,0,.---,.---,0,9,0.00,1.0,0,0,0,0,0,0,0,0.00,3,3,1,0,0,7,.780,0,0,0,0,0,0.00,.---,9.00,0,-.--,0.00,0.00,0.00,0.00,0.00,0,0,0,0,0
669276,2026-03-28,Atlanta Braves,Kansas City Royals,"1.0 IP, 0 ER, 2 K, 0 BB",1,0,0,0,1,0,1,0,0,2,0,0,1,0,.143,4,.250,.500,.750,0,0,.---,.---,0,18,0.00,1.0,0,0,0,0,0,0,0,0.50,4,3,1,0,0,11,.610,0,0,0,0,2,0.00,.---,18.00,0,-.--,18.00,0.00,9.00,0.00,0.00,0,0,0,0,0
669276,2026-04-01,Atlanta Braves,Athletics,"1.0 IP, 0 ER, K, 0 BB",1,0,2,0,2,0,0,0,0,1,0,0,1,0,.182,4,.250,.250,.500,0,0,.---,.---,0,15,0.00,1.0,0,0,0,0,0,0,0,0.67,4,3,1,0,0,13,.870,0,0,0,0,1,0.00,.---,15.00,0,-.--,9.00,0.00,9.00,0.00,0.00,0,0,0,0,0
669276,2026-04-03,Atlanta Braves,Arizona Diamondbacks,"1.0 IP, 0 ER, K, 0 BB",1,0,2,0,2,0,0,0,0,1,0,0,1,0,.200,4,.250,.250,.500,0,0,.---,.---,0,11,0.00,1.0,0,0,0,0,0,0,0,0.75,4,3,1,0,0,9,.820,0,0,0,0,1,0.00,.---,11.00,0,-.--,9.00,0.00,9.00,0.00,0.00,0,0,0,0,0
669276,2026-04-05,Atlanta Braves,Arizona Diamondbacks,"1.0 IP, ER, 0 K, 0 BB",1,0,2,0,3,1,1,1,0,0,0,0,2,0,.250,5,.400,1.000,1.400,0,0,.---,.---,0,18,1.80,1.0,0,0,0,0,0,0,1,1.00,5,3,1,0,0,12,.670,0,0,0,0,5,0.00,.---,18.00,0,-.--,0.00,0.00,18.00,9.00,0.00,0,0,0,0,0
573009,2026-04-05,Toronto Blue Jays,Chicago White Sox,"1.1 IP, 0 ER, 3 K, 0 BB",1,0,0,1,0,0,0,0,0,3,0,0,0,0,.000,4,.000,.000,.000,0,0,.---,.---,0,17,0.00,1.1,0,0,0,0,0,0,0,0.00,4,4,1,0,0,11,.650,0,0,0,0,0,1.00,.---,12.75,0,-.--,20.25,0.00,0.00,0.00,0.00,1,0,0,0,0
573009,2026-04-06,Toronto Blue Jays,Los Angeles Dodgers,"0.2 IP, 3 ER, K, 2 BB",1,0,0,0,1,3,0,0,1,1,2,0,1,0,.143,3,.600,1.333,1.933,0,0,.---,.---,0,25,13.50,0.2,0,0,0,0,0,0,3,1.50,5,2,1,0,0,13,.520,0,0,0,0,4,1.00,.---,37.50,0,0.50,13.50,27.00,13.50,40.50,13.50,0,0,0,0,0
693855,2026-03-26,Tampa Bay Rays,St. Louis Cardinals,"0.0 IP, 5 ER, 0 K, 0 BB",1,0,0,0,0,5,2,0,0,0,0,0,5,0,1.000,5,1.000,1.400,2.400,0,0,.---,.---,0,21,-.--,0.0,0,0,0,0,0,0,5,-.--,5,0,1,0,0,14,.670,0,0,0,0,7,-.--,.---,-.--,0,-.--,-.--,-.--,-.--,-.--,-.--,0,0,0,0,0
693855,2026-03-30,Tampa Bay Rays,Milwaukee Brewers,"0.2 IP, 0 ER, K, 0 BB",1,0,1,0,1,0,0,0,0,1,0,0,0,1,.714,2,.333,.000,.333,0,0,.---,.---,0,8,67.50,0.2,0,0,0,0,1,0,0,7.50,3,2,1,0,0,6,.750,1,0,0,0,0,0.00,.---,12.00,0,-.--,13.50,0.00,0.00,0.00,0.00,0,0,0,0,0
693855,2026-04-01,Tampa Bay Rays,Milwaukee Brewers,"2.0 IP, 0 ER, 2 K, 0 BB",1,0,1,1,2,0,0,0,0,2,0,0,1,0,.462,6,.167,.167,.334,0,0,.---,.---,1,32,16.88,2.0,0,0,0,0,0,0,0,2.25,6,6,1,0,0,22,.690,0,0,0,0,1,0.33,.---,16.00,0,-.--,9.00,0.00,4.50,0.00,0.00,0,0,0,0,0
693855,2026-04-06,Tampa Bay Rays,Chicago Cubs,"1.1 IP, ER, K, 0 BB",1,0,3,0,3,1,2,0,0,1,0,0,2,0,.444,5,.333,.800,1.133,0,0,.---,.---,0,21,13.50,1.1,0,0,0,0,1,0,1,2.00,6,4,1,0,0,13,.620,0,0,0,0,4,0.17,.---,15.75,0,-.--,6.75,0.00,13.50,6.75,0.00,0,0,0,0,1
837227,2026-03-29,Houston Astros,Los Angeles Angels,"2.2 IP, 4 ER, 4 K, 4 BB",1,1,0,4,0,4,1,0,0,4,4,0,3,0,.273,11,.467,.364,.831,0,0,.---,.---,0,74,13.50,2.2,0,0,0,0,0,0,4,2.63,15,8,1,0,0,36,.490,0,0,0,0,4,4.00,.---,27.75,0,1.00,13.50,13.50,10.13,13.50,0.00,0,0,0,0,0
837227,2026-04-04,Houston Astros,Athletics,"5.2 IP, 0 ER, 9 K, 3 BB",1,1,2,3,4,0,0,0,0,9,3,0,3,0,.200,19,.273,.158,.431,1,0,.000,1.000,0,94,4.32,5.2,1,0,0,0,0,0,0,1.56,22,17,1,0,0,58,.620,0,0,0,0,3,1.75,1.000,16.59,0,3.00,14.29,4.76,4.76,0.00,0.00,0,0,0,0,0
683618,2026-03-27,Los Angeles Dodgers,Arizona Diamondbacks,"1.0 IP, 0 ER, K, 0 BB",1,0,0,0,2,0,0,0,0,1,0,0,0,0,.000,3,.000,.000,.000,0,0,.---,.---,0,13,0.00,1.0,1,0,0,0,0,0,0,0.00,3,3,1,0,0,7,.540,0,0,0,0,0,0.00,1.000,13.00,0,-.--,9.00,0.00,0.00,0.00,0.00,0,0,0,0,0
683618,2026-04-03,Los Angeles Dodgers,Washington Nationals,"1.0 IP, 2 ER, K, BB",1,0,0,1,1,2,1,0,0,1,1,0,3,0,.333,6,.571,.667,1.238,0,0,.---,.---,0,25,9.00,1.0,0,0,0,0,0,0,2,2.00,7,3,1,0,0,17,.680,0,0,0,0,4,0.33,.---,25.00,0,1.00,9.00,9.00,27.00,18.00,0.00,0,0,0,0,0
683618,2026-04-04,Los Angeles Dodgers,Washington Nationals,"1.0 IP, ER, 0 K, 0 BB",1,0,0,2,0,1,0,0,0,0,0,0,1,1,.333,3,.500,.333,.833,0,0,.---,.---,1,22,9.00,1.0,0,0,0,0,0,0,1,1.67,4,3,1,0,0,13,.590,1,0,0,0,1,1.00,.---,22.00,1,-.--,0.00,0.00,9.00,9.00,0.00,0,0,0,0,0
683618,2026-04-06,Los Angeles Dodgers,Toronto Blue Jays,"1.0 IP, 0 ER, 2 K, 0 BB",1,0,0,1,0,0,0,0,0,2,0,0,0,0,.267,3,.000,.000,.000,0,0,.---,.---,0,11,6.75,1.0,0,0,0,0,0,0,0,1.25,3,3,1,0,0,8,.730,0,0,0,0,0,1.33,.---,11.00,0,-.--,18.00,0.00,0.00,0.00,0.00,0,0,0,0,0
601713,2026-03-26,San Diego Padres,Detroit Tigers,"3.0 IP, 6 ER, 4 K, 3 BB",1,1,3,0,5,6,2,0,0,4,3,0,7,0,.438,16,.526,.563,1.089,0,0,.---,.---,0,69,18.00,3.0,0,1,0,0,0,0,6,3.33,19,9,1,0,0,42,.610,0,0,0,0,9,0.00,.000,23.00,0,1.33,12.00,9.00,21.00,18.00,0.00,0,0,0,0,0
601713,2026-04-01,San Diego Padres,San Francisco Giants,"5.0 IP, 0 ER, 8 K, 2 BB",1,1,3,1,6,0,0,0,0,8,2,0,1,0,.250,16,.167,.063,.230,0,1,1.000,.000,0,82,6.75,5.0,1,0,0,0,0,0,0,1.63,18,15,1,0,0,54,.660,0,0,0,0,1,0.09,1.000,16.40,0,4.00,14.40,3.60,1.80,0.00,0.00,0,0,0,0,0
669302,2026-03-26,Seattle Mariners,Cleveland Guardians,"5.1 IP, 3 ER, 7 K, 0 BB",1,1,3,2,7,3,3,0,1,7,0,0,5,0,.238,21,.238,.524,.762,0,0,.---,.---,0,86,5.06,5.1,0,0,0,0,0,0,3,0.94,21,16,1,0,0,59,.690,0,0,0,0,11,0.29,.---,16.13,0,-.--,11.81,0.00,8.44,5.06,1.69,0,0,0,0,0
669302,2026-03-31,Seattle Mariners,New York Yankees,"5.1 IP, 5 ER, 6 K, 3 BB",1,1,3,3,4,5,3,0,0,6,3,0,7,0,.293,20,.435,.500,.935,1,1,.500,.500,2,95,6.75,5.1,0,1,0,0,0,0,5,1.41,23,16,1,0,0,54,.570,0,0,1,0,10,0.45,.000,17.81,0,2.00,10.13,5.06,11.81,8.44,0.00,0,0,0,0,0
669302,2026-04-06,Seattle Mariners,Texas Rangers,"6.0 IP, 2 ER, 5 K, 0 BB",1,1,5,6,6,2,3,0,0,5,0,0,6,0,.281,23,.261,.391,.652,0,0,.---,.---,1,96,5.40,6.0,0,1,0,0,0,0,2,1.26,23,18,1,0,0,65,.680,0,0,1,0,9,0.65,.000,16.00,0,-.--,7.50,0.00,9.00,3.00,0.00,0,0,0,0,0
663158,2026-03-27,Atlanta Braves,Kansas City Royals,"1.0 IP, 0 ER, K, 0 BB",1,0,0,2,0,0,0,0,0,1,0,0,2,0,.400,5,.400,.400,.800,0,0,.---,.---,0,17,0.00,1.0,0,0,0,0,0,0,0,2.00,5,3,1,0,0,11,.650,0,0,0,0,2,2.00,.---,17.00,0,-.--,9.00,0.00,18.00,0.00,0.00,0,0,0,0,0
663158,2026-03-30,Atlanta Braves,Athletics,"1.0 IP, 0 ER, 0 K, 0 BB",1,0,0,3,0,0,0,0,0,0,0,0,1,0,.333,4,.250,.250,.500,0,0,.---,.---,1,18,0.00,1.0,0,0,0,0,1,0,0,1.50,4,3,1,0,0,11,.610,0,0,0,0,1,5.00,.---,18.00,0,-.--,0.00,0.00,9.00,0.00,0.00,0,0,0,0,0
663158,2026-04-01,Atlanta Braves,Athletics,"1.0 IP, 0 ER, K, 0 BB",1,0,0,1,0,0,0,0,0,1,0,0,1,0,.333,3,.333,.333,.666,0,0,.---,.---,1,6,0.00,1.0,0,0,0,0,0,0,0,1.33,3,3,1,0,0,6,1.000,0,0,0,0,1,6.00,.---,6.00,0,-.--,9.00,0.00,9.00,0.00,0.00,0,0,0,0,0
663158,2026-04-03,Atlanta Braves,Arizona Diamondbacks,"1.0 IP, 0 ER, 0 K, 0 BB",1,0,0,1,2,0,0,0,0,0,0,0,0,0,.267,3,.000,.000,.000,0,0,.---,.---,0,8,0.00,1.0,1,0,0,0,0,0,0,1.00,3,3,1,0,0,5,.630,0,0,0,0,0,3.50,1.000,8.00,0,-.--,0.00,0.00,0.00,0.00,0.00,0,0,0,0,0
663158,2026-04-05,Atlanta Braves,Arizona Diamondbacks,"1.0 IP, 0 ER, 3 K, 0 BB",1,0,0,0,0,0,0,0,0,3,0,0,0,0,.222,3,.000,.000,.000,0,0,.---,.---,0,14,0.00,1.0,0,0,0,0,0,0,0,0.80,3,3,1,0,0,10,.710,0,0,0,0,0,3.50,.---,14.00,0,-.--,27.00,0.00,0.00,0.00,0.00,0,0,0,0,0
642701,2026-03-26,Pittsburgh Pirates,New York Mets,"1.0 IP, 0 ER, K, BB",1,0,0,1,1,0,0,0,0,1,1,0,0,0,.000,3,.250,.000,.250,0,1,1.000,.000,0,18,0.00,1.0,0,0,0,0,0,0,0,1.00,4,3,1,0,0,11,.610,0,0,0,0,0,1.00,.---,18.00,1,1.00,9.00,9.00,0.00,0.00,0.00,0,0,0,0,0
642701,2026-03-28,Pittsburgh Pirates,New York Mets,"1.0 IP, 0 ER, 0 K, BB",1,0,0,1,1,0,0,0,0,0,1,0,0,0,.000,2,.333,.000,.333,0,0,.---,.---,0,18,0.00,1.0,0,0,0,0,0,0,0,1.00,3,3,1,0,0,8,.440,0,0,0,0,0,1.00,.---,18.00,0,0.00,0.00,9.00,0.00,0.00,0.00,0,0,0,0,0
642701,2026-03-29,Pittsburgh Pirates,New York Mets,"1.0 IP, 0 ER, K, 0 BB",1,0,1,0,2,0,0,0,0,1,0,0,0,0,.000,3,.000,.000,.000,0,0,.---,.---,0,13,0.00,1.0,1,0,0,0,0,0,0,0.67,3,3,1,0,0,9,.690,0,0,0,0,0,0.50,1.000,13.00,0,-.--,9.00,0.00,0.00,0.00,0.00,0,0,0,0,0
642701,2026-03-31,Pittsburgh Pirates,Cincinnati Reds,"1.0 IP, 0 ER, 0 K, 0 BB",1,0,0,0,2,0,0,0,0,0,0,0,1,0,.091,3,.333,.333,.666,0,0,.---,.---,0,17,0.00,1.0,0,0,0,0,1,0,0,0.75,3,3,1,0,0,12,.710,0,0,0,0,1,0.33,.---,17.00,0,-.--,0.00,0.00,9.00,0.00,0.00,1,0,0,0,0
642701,2026-04-03,Pittsburgh Pirates,Baltimore Orioles,"1.0 IP, 0 ER, K, 0 BB",1,0,0,2,0,0,0,0,0,1,0,0,0,0,.071,3,.000,.000,.000,0,0,.---,.---,0,10,0.00,1.0,0,0,0,0,1,0,0,0.60,3,3,1,0,0,7,.700,0,0,0,0,0,0.67,.---,10.00,0,-.--,9.00,0.00,0.00,0.00,0.00,0,0,0,0,0
642701,2026-04-04,Pittsburgh Pirates,Baltimore Orioles,"1.0 IP, 0 ER, K, 0 BB",1,0,0,2,0,0,0,0,0,1,0,0,0,0,.059,3,.000,.000,.000,0,0,.---,.---,0,13,0.00,1.0,1,0,0,0,0,0,0,0.50,3,3,1,0,0,10,.770,0,0,0,0,0,1.00,1.000,13.00,1,-.--,9.00,0.00,0.00,0.00,0.00,0,0,0,0,0
702070,2026-04-01,Kansas City Royals,Minnesota Twins,"5.0 IP, ER, 5 K, BB",1,1,4,1,9,1,2,0,0,5,1,0,4,0,.211,19,.250,.316,.566,0,0,.---,.---,0,86,1.80,5.0,1,0,0,0,0,0,1,1.00,20,15,1,0,0,53,.620,0,0,0,0,6,0.11,1.000,17.20,0,5.00,9.00,1.80,7.20,1.80,0.00,0,0,0,0,0
669330,2026-03-26,Baltimore Orioles,Minnesota Twins,"1.0 IP, ER, K, 0 BB",1,0,0,1,1,1,0,1,0,1,0,0,1,0,.333,3,.250,1.000,1.250,0,0,.---,.---,0,14,9.00,1.0,0,0,0,0,1,0,1,1.00,4,3,1,0,0,10,.710,0,0,0,0,3,1.00,.---,14.00,0,-.--,9.00,0.00,9.00,9.00,0.00,0,0,0,0,1
669330,2026-03-29,Baltimore Orioles,Minnesota Twins,"0.2 IP, ER, 2 K, 2 BB",1,0,0,0,0,1,0,0,0,2,2,0,2,0,.429,4,.667,.500,1.167,0,0,.---,.---,0,27,10.80,0.2,0,0,0,0,1,0,1,3.00,6,2,1,0,0,16,.590,0,0,0,0,2,1.00,.---,40.50,0,1.00,27.00,27.00,27.00,13.50,0.00,0,0,0,0,0
669330,2026-03-30,Baltimore Orioles,Texas Rangers,"1.0 IP, ER, K, 0 BB",1,0,1,0,2,1,1,0,0,1,0,0,3,0,.462,6,.500,.667,1.167,0,0,.---,.---,0,26,10.13,1.0,0,0,0,0,0,0,1,3.00,6,3,1,0,0,19,.730,0,0,0,0,4,0.33,.---,26.00,1,-.--,9.00,0.00,27.00,9.00,0.00,0,0,0,0,0
669330,2026-04-03,Baltimore Orioles,Pittsburgh Pirates,"2.0 IP, 0 ER, 2 K, 0 BB",1,0,2,1,3,0,0,0,0,2,0,0,0,0,.316,6,.000,.000,.000,0,0,.---,.---,0,23,5.79,2.0,0,0,0,0,0,0,0,1.71,6,6,1,0,0,15,.650,0,0,0,0,0,0.33,.---,11.50,0,-.--,9.00,0.00,0.00,0.00,0.00,0,0,0,0,0
669330,2026-04-06,Baltimore Orioles,Chicago White Sox,"2.0 IP, 0 ER, 2 K, BB",1,0,1,0,3,0,0,0,0,2,1,0,1,0,.280,6,.286,.167,.453,1,0,.000,1.000,0,32,4.05,2.0,0,0,0,0,1,0,0,1.50,7,6,1,0,0,20,.630,0,0,1,0,1,0.22,.---,16.00,0,2.00,9.00,4.50,4.50,0.00,0.00,0,0,0,0,0
657044,2026-03-26,Arizona Diamondbacks,Los Angeles Dodgers,"1.0 IP, 0 ER, K, 0 BB",1,0,0,1,1,0,0,0,0,1,0,0,0,0,.000,3,.000,.000,.000,0,0,.---,.---,0,11,0.00,1.0,0,0,0,0,0,0,0,0.00,3,3,1,0,0,9,.820,0,0,0,0,0,1.00,.---,11.00,0,-.--,9.00,0.00,0.00,0.00,0.00,0,0,0,0,0
657044,2026-03-27,Arizona Diamondbacks,Los Angeles Dodgers,"1.0 IP, 0 ER, 0 K, 0 BB",1,0,0,2,1,0,0,0,0,0,0,0,0,0,.000,3,.000,.000,.000,0,0,.---,.---,0,7,0.00,1.0,0,0,0,0,0,0,0,0.00,3,3,1,0,0,7,1.000,0,0,0,0,0,1.50,.---,7.00,0,-.--,0.00,0.00,0.00,0.00,0.00,0,0,0,0,0
657044,2026-03-30,Arizona Diamondbacks,Detroit Tigers,"0.0 IP, 0 ER, 0 K, 2 BB",1,0,0,0,0,0,1,0,0,0,2,0,1,0,.143,1,1.000,2.000,3.000,0,0,.---,.---,0,13,0.00,0.0,0,0,0,0,0,0,0,1.50,3,0,1,0,0,2,.150,0,2,0,0,2,1.50,.---,-.--,0,0.00,-.--,-.--,-.--,-.--,-.--,1,1,0,0,0
657044,2026-04-03,Arizona Diamondbacks,Atlanta Braves,"0.1 IP, 0 ER, 0 K, 0 BB",1,0,1,0,1,0,0,0,0,0,0,0,0,0,.125,1,.000,.000,.000,0,0,.---,.---,0,2,0.00,0.1,0,0,0,0,0,0,0,1.29,1,1,1,0,0,2,1.000,0,0,0,0,0,1.00,.---,6.00,1,-.--,0.00,0.00,0.00,0.00,0.00,0,0,0,0,0
657044,2026-04-05,Arizona Diamondbacks,Atlanta Braves,"1.0 IP, 0 ER, K, BB",1,0,1,2,1,1,1,0,0,1,1,1,1,0,.154,5,.333,.400,.733,0,1,1.000,.000,0,14,0.00,1.0,0,0,0,1,0,1,0,1.50,6,3,1,0,0,11,.790,0,0,0,0,2,1.25,.---,14.00,0,1.00,9.00,9.00,9.00,9.00,0.00,0,0,0,0,0
650911,2026-03-26,Philadelphia Phillies,Texas Rangers,"6.0 IP, 0 ER, 10 K, 0 BB",1,1,2,5,3,0,1,0,0,10,0,0,3,0,.143,21,.143,.190,.333,0,0,.---,.---,0,87,0.00,6.0,1,0,0,0,0,0,0,0.50,21,18,1,0,0,59,.680,0,0,0,0,4,1.67,1.000,14.50,0,-.--,15.00,0.00,4.50,0.00,0.00,0,0,0,0,0
650911,2026-04-01,Philadelphia Phillies,Washington Nationals,"5.1 IP, ER, 7 K, 4 BB",1,1,1,5,4,1,1,0,0,7,4,0,4,0,.171,20,.333,.250,.583,0,0,.---,.---,0,97,0.79,5.1,0,0,0,0,0,0,1,0.97,24,16,1,0,0,60,.620,0,0,0,0,5,1.43,.---,18.19,0,1.75,11.81,6.75,6.75,1.69,0.00,0,0,0,0,0
667297,2026-03-28,Toronto Blue Jays,Athletics,"1.1 IP, 0 ER, K, 0 BB",1,0,0,3,0,0,0,0,0,1,0,0,0,0,.000,4,.000,.000,.000,0,0,.---,.---,0,11,0.00,1.1,0,0,0,0,0,0,0,0.00,4,4,1,0,0,10,.910,0,0,0,0,0,3.00,.---,8.25,0,-.--,6.75,0.00,0.00,0.00,0.00,0,0,0,0,0
667297,2026-03-29,Toronto Blue Jays,Athletics,"0.2 IP, 0 ER, K, 0 BB",1,0,0,1,0,0,0,0,0,1,0,0,1,0,.143,3,.333,.333,.666,0,0,.---,.---,0,9,0.00,0.2,0,0,0,0,1,0,0,0.50,3,2,1,0,0,7,.780,0,0,0,0,1,4.00,.---,13.50,0,-.--,13.50,0.00,13.50,0.00,0.00,0,0,0,0,0
667297,2026-04-01,Toronto Blue Jays,Colorado Rockies,"0.1 IP, ER, K, 2 BB",1,0,0,0,0,1,0,0,0,1,2,0,1,0,.222,2,.750,.500,1.250,1,1,.500,.500,0,16,3.86,0.1,0,0,0,1,0,1,1,1.71,4,1,1,0,0,7,.440,0,0,1,0,1,4.00,.---,48.00,0,0.50,27.00,54.00,27.00,27.00,0.00,0,0,0,0,0
667297,2026-04-04,Toronto Blue Jays,Chicago White Sox,"1.2 IP, 0 ER, K, 0 BB",1,0,2,2,2,0,0,0,0,1,0,0,0,0,.143,5,.000,.000,.000,0,0,.---,.---,0,20,2.25,1.2,0,0,0,0,0,0,0,1.00,5,5,1,0,0,14,.700,0,0,0,0,0,3.00,.---,12.00,0,-.--,5.40,0.00,0.00,0.00,0.00,0,0,0,0,0
667297,2026-04-06,Toronto Blue Jays,Los Angeles Dodgers,"1.1 IP, 4 ER, 3 K, 0 BB",1,0,0,0,1,4,2,0,1,3,0,0,6,0,.333,10,.600,1.100,1.700,0,2,1.000,.000,0,36,8.44,1.1,0,0,0,0,0,0,4,1.88,10,4,1,0,0,24,.670,0,0,0,0,11,2.00,.---,27.00,0,-.--,20.25,0.00,40.50,27.00,6.75,2,2,0,0,0
669371,2026-03-28,Washington Nationals,Chicago Cubs,"1.0 IP, 0 ER, K, 0 BB",1,0,2,0,2,0,0,0,0,1,0,0,0,0,.000,3,.000,.000,.000,0,0,.---,.---,0,11,0.00,1.0,0,0,0,0,0,0,0,0.00,3,3,1,0,0,7,.640,0,0,0,0,0,0.00,.---,11.00,1,-.--,9.00,0.00,0.00,0.00,0.00,0,0,0,0,0
669371,2026-03-30,Washington Nationals,Philadelphia Phillies,"1.0 IP, 0 ER, K, BB",1,0,1,0,2,0,0,0,0,1,1,0,1,0,.143,4,.400,.250,.650,0,0,.---,.---,0,18,0.00,1.0,0,0,0,0,0,0,0,1.00,5,3,1,0,0,9,.500,0,0,1,0,1,0.00,.---,18.00,1,1.00,9.00,9.00,9.00,0.00,0.00,0,0,0,0,0
669371,2026-04-01,Washington Nationals,Philadelphia Phillies,"0.1 IP, 0 ER, 0 K, BB",1,0,1,0,1,1,0,0,0,0,1,0,3,0,.364,4,.800,.750,1.550,0,0,.---,.---,0,15,0.00,0.1,0,1,0,1,0,1,0,2.57,5,1,1,0,0,9,.600,0,0,0,0,3,0.00,.000,45.00,1,0.00,0.00,27.00,81.00,27.00,0.00,3,2,0,0,0
669371,2026-04-04,Washington Nationals,Los Angeles Dodgers,"2.0 IP, 0 ER, 2 K, 0 BB",1,0,1,2,2,0,0,0,0,2,0,0,1,0,.278,7,.143,.143,.286,0,0,.---,.---,0,23,0.00,2.0,0,0,0,0,0,0,0,1.62,7,6,1,0,0,16,.700,0,0,0,0,1,0.29,.---,11.50,1,-.--,9.00,0.00,4.50,0.00,0.00,0,0,0,0,0
669358,2026-03-29,Baltimore Orioles,Minnesota Twins,"5.1 IP, 4 ER, 4 K, 0 BB",1,1,6,3,6,4,4,0,0,4,0,0,7,1,.350,20,.381,.550,.931,0,0,.---,.---,0,78,6.75,5.1,0,0,0,0,0,0,4,1.31,21,16,1,0,0,53,.680,1,0,0,0,11,0.50,.---,14.63,0,-.--,6.75,0.00,11.81,6.75,0.00,0,0,0,0,0
669358,2026-04-04,Baltimore Orioles,Pittsburgh Pirates,"5.2 IP, 0 ER, 5 K, 3 BB",1,1,3,6,7,1,1,0,0,5,3,0,3,1,.250,20,.280,.200,.480,0,0,.---,.---,0,98,3.27,5.2,0,0,0,0,0,0,0,1.18,25,17,1,0,0,63,.640,1,0,0,0,4,0.69,.---,17.29,0,1.67,7.94,4.76,4.76,1.59,0.00,0,0,0,0,1
669372,2026-03-29,Athletics,Toronto Blue Jays,"3.2 IP, 0 ER, 2 K, BB",1,0,3,4,4,0,0,0,0,2,1,0,1,0,.091,11,.167,.091,.258,0,0,.---,.---,1,45,0.00,3.2,0,0,0,0,0,0,0,0.55,12,11,1,0,0,31,.690,0,0,0,0,1,1.00,.---,12.27,1,2.00,4.91,2.45,2.45,0.00,0.00,2,1,0,0,0
669372,2026-04-03,Athletics,Houston Astros,"2.0 IP, 2 ER, K, BB",1,0,3,1,4,2,1,0,0,1,1,0,3,0,.211,8,.400,.500,.900,0,0,.---,.---,0,32,3.18,2.0,0,0,0,0,0,0,2,1.06,10,6,1,0,0,19,.590,0,0,0,0,4,0.63,.---,16.00,1,1.00,4.50,4.50,13.50,9.00,0.00,0,0,0,0,1
669372,2026-04-05,Athletics,Houston Astros,"1.1 IP, 2 ER, K, 0 BB",1,0,0,2,1,2,0,0,1,1,0,0,2,0,.240,6,.333,.833,1.166,0,0,.---,.---,0,27,5.14,1.1,0,0,0,1,0,1,2,1.14,6,4,1,0,0,18,.670,0,0,0,0,5,0.78,.---,20.25,0,-.--,6.75,0.00,13.50,13.50,6.75,2,0,0,0,0
669373,2026-03-26,Detroit Tigers,San Diego Padres,"6.0 IP, 0 ER, 6 K, 0 BB",1,1,5,6,7,1,1,0,0,6,0,0,3,0,.136,22,.136,.182,.318,0,0,.---,.---,0,74,0.00,6.0,1,0,0,0,0,0,0,0.50,22,18,1,0,0,49,.660,0,0,0,0,4,0.86,1.000,12.33,0,-.--,9.00,0.00,4.50,1.50,0.00,0,0,0,0,0
669373,2026-04-01,Detroit Tigers,Arizona Diamondbacks,"7.0 IP, ER, 3 K, 0 BB",1,1,2,10,6,1,1,0,1,3,0,0,6,0,.191,25,.240,.400,.640,0,0,.---,.---,3,87,0.69,7.0,0,1,0,0,0,0,1,0.69,25,21,1,0,0,60,.690,0,0,0,0,10,1.23,.000,12.43,0,-.--,3.86,0.00,7.71,1.29,1.29,0,0,0,0,0
657097,2026-03-26,Chicago Cubs,Washington Nationals,"1.0 IP, 0 ER, 2 K, 0 BB",1,0,0,2,0,2,0,0,1,2,0,0,1,0,.200,5,.200,.800,1.000,0,0,.---,.---,0,15,0.00,1.0,0,0,0,0,0,0,0,1.00,5,3,1,0,0,11,.730,0,0,0,0,4,2.00,.---,15.00,1,-.--,18.00,0.00,9.00,18.00,9.00,0,0,0,0,0
657097,2026-03-28,Chicago Cubs,Washington Nationals,"1.0 IP, 0 ER, 0 K, 2 BB",1,0,1,1,1,0,0,0,0,0,2,0,0,0,.143,2,.500,.000,.500,0,0,.---,.---,1,16,0.00,1.0,0,0,0,0,0,0,0,1.50,4,3,1,0,0,7,.440,0,0,0,0,0,3.00,.---,16.00,1,0.00,0.00,18.00,0.00,0.00,0.00,0,0,0,0,0
657097,2026-04-03,Chicago Cubs,Cleveland Guardians,"1.1 IP, 0 ER, K, BB",1,0,0,2,0,0,0,0,0,1,1,0,1,0,.182,4,.400,.250,.650,0,0,.---,.---,0,29,0.00,1.1,0,0,0,0,0,0,0,1.50,5,4,1,0,0,17,.590,0,0,0,1,1,5.00,.---,21.75,1,1.00,6.75,6.75,6.75,0.00,0.00,0,0,0,0,0
657097,2026-04-05,Chicago Cubs,Cleveland Guardians,"0.1 IP, 3 ER, 0 K, BB",1,0,1,0,1,3,0,0,1,0,1,0,3,0,.333,4,.800,1.500,2.300,0,0,.---,.---,0,20,7.36,0.1,0,1,0,1,0,1,3,2.45,5,1,1,0,0,10,.500,0,0,0,0,6,2.50,.000,60.00,0,0.00,0.00,27.00,81.00,81.00,27.00,0,0,0,0,0
573124,2026-03-26,Minnesota Twins,Baltimore Orioles,"1.0 IP, 0 ER, K, 0 BB",1,0,2,0,2,0,1,0,0,1,0,0,1,0,.250,4,.250,.500,.750,0,0,.---,.---,0,10,0.00,1.0,0,0,0,0,0,0,0,1.00,4,3,1,0,0,9,.900,0,0,0,0,2,0.00,.---,10.00,1,-.--,9.00,0.00,9.00,0.00,0.00,0,0,0,0,0
573124,2026-03-30,Minnesota Twins,Kansas City Royals,"1.0 IP, 0 ER, K, 0 BB",1,0,2,0,2,0,0,0,0,1,0,0,0,0,.143,3,.000,.000,.000,0,0,.---,.---,0,14,0.00,1.0,0,0,0,0,0,0,0,0.50,3,3,1,0,0,8,.570,0,0,0,0,0,0.00,.---,14.00,1,-.--,9.00,0.00,0.00,0.00,0.00,0,0,0,0,0
573124,2026-04-02,Minnesota Twins,Kansas City Royals,"0.1 IP, 0 ER, K, 0 BB",1,0,0,0,0,0,0,0,0,1,0,0,0,0,.125,1,.000,.000,.000,0,1,1.000,.000,0,4,0.00,0.1,0,0,0,0,1,0,0,0.43,1,1,1,0,0,3,.750,0,0,0,0,0,0.00,.---,12.00,0,-.--,27.00,0.00,0.00,0.00,0.00,1,0,0,0,0
573124,2026-04-04,Minnesota Twins,Tampa Bay Rays,"1.0 IP, 2 ER, 0 K, 0 BB",1,0,0,1,1,2,0,0,0,0,0,0,3,0,.308,5,.600,.600,1.200,1,2,.667,.333,0,23,5.40,1.0,0,0,0,0,0,0,2,1.20,5,3,1,0,0,12,.520,0,0,0,1,3,0.20,.---,23.00,0,-.--,0.00,0.00,27.00,18.00,0.00,0,0,0,0,0
573124,2026-04-05,Minnesota Twins,Tampa Bay Rays,"0.2 IP, 0 ER, 0 K, 2 BB",1,0,1,1,1,0,0,0,0,0,2,0,0,0,.267,2,.500,.000,.500,0,0,.---,.---,0,18,4.50,0.2,0,0,0,0,0,0,0,1.50,4,2,1,0,0,7,.390,0,0,0,0,0,0.33,.---,27.00,1,0.00,0.00,27.00,0.00,0.00,0.00,2,1,0,0,0
683742,2026-03-30,Cincinnati Reds,Pittsburgh Pirates,"1.2 IP, 0 ER, 0 K, 0 BB",1,0,2,2,2,0,0,0,0,0,0,0,3,0,.429,7,.429,.429,.858,0,0,.---,.---,1,35,0.00,1.2,0,0,0,0,1,0,0,1.80,7,5,1,0,0,23,.660,0,0,0,0,3,1.00,.---,21.00,0,-.--,0.00,0.00,16.20,0.00,0.00,0,0,0,0,0
669387,2026-03-29,Pittsburgh Pirates,New York Mets,"4.1 IP, 2 ER, 8 K, 0 BB",1,1,2,4,2,2,0,1,0,8,0,0,6,0,.316,19,.300,.421,.721,0,0,.---,.---,0,85,4.15,4.1,0,0,0,0,0,0,2,1.38,20,13,1,0,0,55,.650,0,0,0,0,8,2.00,.---,19.62,0,-.--,16.62,0.00,12.46,4.15,0.00,0,0,0,0,1
669387,2026-04-04,Pittsburgh Pirates,Baltimore Orioles,"4.2 IP, 2 ER, 5 K, 3 BB",1,1,0,5,3,2,0,0,0,5,3,0,5,0,.297,18,.381,.278,.659,0,0,.---,.---,1,84,4.00,4.2,0,0,0,0,0,0,2,1.56,21,14,1,0,0,49,.580,0,0,0,0,5,1.80,.---,18.00,0,1.67,9.64,5.79,9.64,3.86,0.00,0,0,0,0,0
628452,2026-03-30,Atlanta Braves,Athletics,"1.0 IP, 0 ER, 0 K, 0 BB",1,0,0,2,1,0,0,0,0,0,0,0,0,0,.000,3,.000,.000,.000,0,0,.---,.---,1,8,0.00,1.0,0,0,0,0,0,0,0,0.00,3,3,1,0,0,7,.880,0,0,0,0,0,2.00,.---,8.00,1,-.--,0.00,0.00,0.00,0.00,0.00,0,0,0,0,0
628452,2026-04-01,Atlanta Braves,Athletics,"1.0 IP, 0 ER, K, 0 BB",1,0,0,1,1,0,1,0,0,1,0,0,1,0,.143,4,.250,.500,.750,0,0,.---,.---,0,17,0.00,1.0,0,0,0,0,0,0,0,0.50,4,3,1,0,0,15,.880,0,0,0,0,2,1.50,.---,17.00,1,-.--,9.00,0.00,9.00,0.00,0.00,0,0,0,0,0
628452,2026-04-03,Atlanta Braves,Arizona Diamondbacks,"1.0 IP, 0 ER, 0 K, 0 BB",1,0,2,1,2,0,0,0,0,0,0,0,0,0,.100,3,.000,.000,.000,0,0,.---,.---,0,16,0.00,1.0,0,0,1,1,0,0,0,0.33,3,3,1,0,0,10,.630,0,0,0,0,0,1.00,.---,16.00,1,-.--,0.00,0.00,0.00,0.00,0.00,0,0,0,0,0
628452,2026-04-05,Atlanta Braves,Arizona Diamondbacks,"1.0 IP, 0 ER, K, 0 BB",1,0,1,1,1,0,0,0,0,1,0,0,0,0,.077,3,.000,.000,.000,0,0,.---,.---,0,14,0.00,1.0,0,0,0,0,0,0,0,0.25,3,3,1,0,0,9,.640,0,0,0,0,0,1.00,.---,14.00,0,-.--,9.00,0.00,0.00,0.00,0.00,0,0,0,0,0
685801,2026-04-03,Tampa Bay Rays,Minnesota Twins,"0.2 IP, 0 ER, K, BB",1,0,1,0,1,0,0,0,0,1,1,0,0,0,.000,2,.333,.000,.333,0,0,.---,.---,0,16,0.00,0.2,0,0,0,0,0,0,0,1.50,3,2,1,0,0,8,.500,0,0,0,0,0,0.00,.---,24.00,0,1.00,13.50,13.50,0.00,0.00,0.00,2,0,0,0,0
685801,2026-04-06,Tampa Bay Rays,Chicago Cubs,"1.2 IP, 0 ER, 0 K, 0 BB",1,0,2,2,3,0,0,0,0,0,0,0,0,0,.000,5,.000,.000,.000,0,0,.---,.---,0,20,0.00,1.2,0,0,0,0,1,0,0,0.43,5,5,1,0,0,12,.600,0,0,0,0,0,0.50,.---,12.00,0,-.--,0.00,0.00,0.00,0.00,0.00,0,0,0,0,0
669432,2026-03-26,Baltimore Orioles,Minnesota Twins,"7.0 IP, 0 ER, 5 K, 4 BB",1,1,2,8,6,0,0,0,0,5,4,0,3,1,.136,22,.296,.136,.432,0,1,1.000,.000,3,88,0.00,7.0,1,0,0,0,0,0,0,1.00,27,21,1,0,0,56,.640,1,0,0,0,3,1.33,1.000,12.57,0,1.25,6.43,5.14,3.86,0.00,0.00,0,0,0,0,0
669432,2026-04-01,Baltimore Orioles,Texas Rangers,"6.0 IP, 2 ER, 3 K, BB",1,1,2,8,6,2,1,0,0,3,1,0,6,0,.200,23,.292,.304,.596,0,0,.---,.---,1,91,1.38,6.0,1,0,0,0,0,0,2,1.08,24,18,1,0,0,58,.640,0,0,0,0,7,1.33,1.000,15.17,0,3.00,4.50,1.50,9.00,3.00,0.00,0,0,0,0,0
691946,2026-04-05,Los Angeles Angels,Seattle Mariners,"2.2 IP, 2 ER, 4 K, 5 BB",1,1,2,1,3,2,1,0,0,4,5,0,3,0,.273,11,.500,.364,.864,0,1,1.000,.000,0,73,6.75,2.2,0,0,0,0,0,0,2,3.00,16,8,1,0,0,40,.550,0,0,1,0,4,0.33,.---,27.38,0,0.80,13.50,16.88,10.13,6.75,0.00,0,0,0,0,0
579328,2026-03-27,Los Angeles Angels,Houston Astros,"4.1 IP, 2 ER, 3 K, BB",1,1,4,4,6,2,1,0,1,3,1,0,8,0,.381,21,.409,.571,.980,0,1,1.000,.000,0,86,4.15,4.1,0,0,0,0,0,0,2,2.08,22,13,1,0,0,53,.620,0,0,1,0,12,0.67,.---,19.85,0,3.00,6.23,2.08,16.62,4.15,2.08,0,0,0,0,0
579328,2026-04-01,Los Angeles Angels,Chicago Cubs,"5.1 IP, 5 ER, 5 K, 4 BB",1,1,2,6,5,5,2,0,0,5,4,0,6,0,.333,21,.385,.381,.766,0,0,.---,.---,0,91,6.52,5.1,0,1,0,0,0,0,5,1.97,26,16,1,0,0,62,.680,0,0,0,0,8,0.91,.000,17.06,0,1.25,8.44,6.75,10.13,8.44,0.00,0,0,0,0,1
669438,2026-03-29,Tampa Bay Rays,St. Louis Cardinals,"1.0 IP, 3 ER, K, 0 BB",1,0,1,0,2,3,0,0,2,1,0,0,3,0,.500,6,.500,1.500,2.000,0,0,.---,.---,0,24,27.00,1.0,0,0,0,0,0,0,3,3.00,6,3,1,0,0,16,.670,0,0,0,0,9,0.00,.---,24.00,0,-.--,9.00,0.00,27.00,27.00,18.00,0,0,0,0,0
669438,2026-04-01,Tampa Bay Rays,Milwaukee Brewers,"1.0 IP, ER, 0 K, 0 BB",1,0,0,2,1,1,1,0,0,0,0,0,2,0,.455,5,.400,.600,1.000,0,0,.---,.---,0,13,18.00,1.0,0,0,0,0,0,0,1,2.50,5,3,1,0,0,10,.770,0,0,0,0,3,0.67,.---,13.00,1,-.--,0.00,0.00,18.00,9.00,0.00,3,3,0,0,0
669438,2026-04-04,Tampa Bay Rays,Minnesota Twins,"1.0 IP, 0 ER, K, 0 BB",1,0,0,0,2,0,0,0,0,1,0,0,0,0,.357,3,.000,.000,.000,0,0,.---,.---,0,14,12.00,1.0,0,0,0,0,0,0,0,1.67,3,3,1,0,0,9,.640,0,0,0,0,0,0.40,.---,14.00,1,-.--,9.00,0.00,0.00,0.00,0.00,0,0,0,0,0
673540,2026-03-31,New York Mets,St. Louis Cardinals,"6.0 IP, 2 ER, 9 K, 3 BB",1,1,2,4,5,2,2,0,0,9,3,0,4,0,.182,22,.280,.273,.553,0,0,.---,.---,0,92,3.00,6.0,0,1,0,0,0,0,2,1.17,25,18,1,0,0,56,.610,0,0,0,0,6,0.80,.000,15.33,0,3.00,13.50,4.50,6.00,3.00,0.00,0,0,0,0,0
673540,2026-04-05,New York Mets,San Francisco Giants,"5.2 IP, 2 ER, 7 K, 2 BB",1,1,3,3,5,2,1,0,0,7,2,0,5,0,.214,20,.318,.300,.618,0,1,1.000,.000,1,88,3.09,5.2,0,0,0,0,0,0,2,1.20,22,17,1,0,0,55,.630,0,0,0,0,6,0.70,.---,15.53,0,3.50,11.12,3.18,7.94,3.18,0.00,0,0,0,0,0
573204,2026-03-28,Chicago Cubs,Washington Nationals,"1.0 IP, 0 ER, K, BB",1,0,1,0,2,0,0,0,0,1,1,0,0,0,.000,3,.250,.000,.250,0,0,.---,.---,0,16,0.00,1.0,0,0,0,0,0,0,0,1.00,4,3,1,0,0,9,.560,0,0,0,0,0,0.00,.---,16.00,0,1.00,9.00,9.00,0.00,0.00,0.00,0,0,0,0,0
573204,2026-04-01,Chicago Cubs,Los Angeles Angels,"1.0 IP, 0 ER, 2 K, 0 BB",1,0,1,0,1,0,0,0,0,2,0,0,0,0,.000,3,.000,.000,.000,0,0,.---,.---,0,13,0.00,1.0,0,0,0,0,0,0,0,0.50,3,3,1,0,0,9,.690,0,0,0,0,0,0.00,.---,13.00,0,-.--,18.00,0.00,0.00,0.00,0.00,0,0,0,0,0
573204,2026-04-05,Chicago Cubs,Cleveland Guardians,"1.1 IP, 0 ER, 0 K, BB",1,0,1,2,2,0,0,0,0,0,1,0,0,0,.000,4,.200,.000,.200,0,0,.---,.---,0,28,0.00,1.1,1,0,0,0,0,0,0,0.60,5,4,1,0,0,18,.640,0,0,0,0,0,0.40,1.000,21.00,0,0.00,0.00,6.75,0.00,0.00,0.00,3,0,0,0,0
669461,2026-03-26,St. Louis Cardinals,Tampa Bay Rays,"5.0 IP, ER, 2 K, 2 BB",1,1,8,4,9,1,0,0,1,2,2,0,7,0,.318,22,.375,.455,.830,0,0,.---,.---,0,78,1.80,5.0,0,0,0,0,0,0,1,1.80,24,15,1,0,0,49,.630,0,0,1,0,10,0.44,.---,15.60,0,1.00,3.60,3.60,12.60,1.80,1.80,0,0,0,0,0
669461,2026-04-01,St. Louis Cardinals,New York Mets,"6.0 IP, ER, 2 K, BB",1,1,3,8,8,1,1,0,1,2,1,0,3,0,.233,21,.182,.333,.515,0,0,.---,.---,0,76,1.64,6.0,0,0,0,0,0,0,1,1.18,22,18,1,0,0,47,.620,0,0,0,1,7,0.71,.---,12.67,0,2.00,3.00,1.50,4.50,1.50,1.50,0,0,0,0,0
694037,2026-03-29,Chicago Cubs,Washington Nationals,"1.0 IP, 0 ER, K, 0 BB",1,0,1,0,1,0,1,0,0,1,0,0,2,0,.500,4,.500,.750,1.250,0,0,.---,.---,0,16,0.00,1.0,0,0,0,0,0,0,0,2.00,4,3,1,0,0,9,.560,0,0,0,0,3,0.00,.---,16.00,1,-.--,9.00,0.00,18.00,0.00,0.00,0,0,0,0,0
694037,2026-04-01,Chicago Cubs,Los Angeles Angels,"1.0 IP, 0 ER, K, 0 BB",1,0,0,1,1,0,0,0,0,1,0,0,1,0,.375,4,.250,.250,.500,0,0,.---,.---,0,9,0.00,1.0,0,0,0,0,0,0,0,1.50,4,3,1,0,0,8,.890,0,0,0,0,1,0.50,.---,9.00,1,-.--,9.00,0.00,9.00,0.00,0.00,0,0,0,0,0
694037,2026-04-05,Chicago Cubs,Cleveland Guardians,"1.0 IP, 0 ER, K, 0 BB",1,0,0,1,1,0,0,0,0,1,0,0,0,0,.273,3,.000,.000,.000,0,0,.---,.---,0,13,0.00,1.0,0,0,1,1,0,0,0,1.00,3,3,1,0,0,10,.770,0,0,0,0,0,0.67,.---,13.00,1,-.--,9.00,0.00,0.00,0.00,0.00,0,0,0,0,0
669467,2026-03-31,St. Louis Cardinals,New York Mets,"5.0 IP, 0 ER, 3 K, 3 BB",1,1,2,9,3,0,1,0,0,3,3,0,3,0,.167,18,.286,.222,.508,0,0,.---,.---,0,88,0.00,5.0,1,0,0,0,0,0,0,1.20,21,15,1,0,0,52,.590,0,0,0,0,4,3.00,1.000,17.60,0,1.00,5.40,5.40,5.40,0.00,0.00,0,0,0,0,0
669467,2026-04-06,St. Louis Cardinals,Washington Nationals,"5.0 IP, 2 ER, 2 K, 4 BB",1,1,4,8,5,2,1,0,0,2,4,0,3,0,.167,18,.318,.222,.540,0,1,1.000,.000,0,88,1.80,5.0,0,0,0,0,0,0,2,1.30,22,15,1,0,0,54,.610,0,0,0,0,4,2.13,.---,17.60,0,0.50,3.60,7.20,5.40,3.60,0.00,0,0,0,0,0
667463,2026-03-29,Miami Marlins,Colorado Rockies,"1.0 IP, 0 ER, 2 K, 0 BB",1,0,0,0,1,0,0,0,0,2,0,0,0,0,.000,3,.000,.000,.000,0,0,.---,.---,0,14,0.00,1.0,0,0,0,0,0,0,0,0.00,3,3,1,0,0,9,.640,0,0,0,0,0,0.00,.---,14.00,0,-.--,18.00,0.00,0.00,0.00,0.00,0,0,0,0,0
667463,2026-03-30,Miami Marlins,Chicago White Sox,"1.0 IP, 0 ER, 0 K, BB",1,0,2,1,2,0,0,0,0,0,1,0,0,0,.000,3,.250,.000,.250,0,0,.---,.---,0,11,0.00,1.0,0,0,0,0,0,0,0,0.50,4,3,1,0,0,6,.550,0,0,0,0,0,0.33,.---,11.00,0,0.00,0.00,9.00,0.00,0.00,0.00,0,0,0,0,0
667463,2026-04-04,Miami Marlins,New York Yankees,"0.2 IP, 0 ER, K, 0 BB",1,0,1,0,1,0,0,0,0,1,0,0,0,0,.000,1,.000,.000,.000,0,0,.---,.---,0,10,0.00,0.2,0,0,0,0,0,0,0,0.38,2,2,1,0,0,7,.700,0,0,0,0,0,0.25,.---,15.00,0,-.--,13.50,0.00,0.00,0.00,0.00,2,1,0,0,1
667463,2026-04-05,Miami Marlins,New York Yankees,"0.1 IP, 0 ER, 0 K, 0 BB",1,0,0,1,0,0,0,0,0,0,0,0,0,0,.000,1,.000,.000,.000,0,0,.---,.---,0,5,0.00,0.1,1,0,0,0,0,0,0,0.33,1,1,1,0,0,3,.600,0,0,0,0,0,0.50,1.000,15.00,0,-.--,0.00,0.00,0.00,0.00,0.00,2,0,0,0,0
687911,2026-03-26,Houston Astros,Los Angeles Angels,"1.0 IP, ER, K, 0 BB",1,0,0,2,0,1,0,0,0,1,0,0,2,1,.400,5,.500,.400,.900,0,0,.---,.---,0,17,9.00,1.0,0,0,0,0,0,0,1,2.00,6,3,1,0,0,13,.760,1,0,0,0,2,2.00,.---,17.00,0,-.--,9.00,0.00,18.00,9.00,0.00,0,0,0,0,0
687911,2026-03-28,Houston Astros,Los Angeles Angels,"1.0 IP, 0 ER, 2 K, BB",1,0,1,0,1,0,0,0,0,2,1,0,0,0,.250,3,.250,.000,.250,0,0,.---,.---,0,17,4.50,1.0,0,0,0,0,0,0,0,1.50,4,3,1,0,0,12,.710,0,0,0,0,0,2.00,.---,17.00,0,2.00,18.00,9.00,0.00,0.00,0.00,0,0,0,0,0
687911,2026-03-29,Houston Astros,Los Angeles Angels,"0.2 IP, 0 ER, 2 K, 0 BB",1,0,0,0,0,0,0,0,0,2,0,0,1,0,.273,3,.333,.333,.666,0,0,.---,.---,0,18,3.38,0.2,0,0,1,1,0,0,0,1.50,3,2,1,0,0,14,.780,0,0,0,0,1,2.00,.---,27.00,1,-.--,27.00,0.00,13.50,0.00,0.00,2,1,0,0,0
687911,2026-04-01,Houston Astros,Boston Red Sox,"1.0 IP, 0 ER, 2 K, 0 BB",1,0,0,1,0,0,0,0,0,2,0,0,0,0,.214,3,.000,.000,.000,0,0,.---,.---,0,12,2.45,1.0,0,0,0,0,1,0,0,1.09,3,3,1,0,0,8,.670,0,0,0,0,0,3.00,.---,12.00,0,-.--,18.00,0.00,0.00,0.00,0.00,0,0,0,0,0
687911,2026-04-05,Houston Astros,Athletics,"1.2 IP, 0 ER, K, BB",1,0,1,3,1,0,0,0,0,1,1,0,1,0,.200,6,.286,.167,.453,0,0,.---,.---,0,23,1.69,1.2,0,0,0,0,0,0,0,1.13,7,5,1,0,0,11,.480,0,0,0,0,1,3.00,.---,13.80,0,1.00,5.40,5.40,5.40,0.00,0.00,0,0,0,0,0
663372,2026-03-31,Colorado Rockies,Toronto Blue Jays,"3.0 IP, 0 ER, 4 K, BB",1,1,0,3,2,0,0,0,0,4,1,0,1,0,.100,10,.182,.100,.282,0,1,1.000,.000,0,47,0.00,3.0,0,0,0,0,0,0,0,0.67,11,9,1,0,0,30,.640,0,0,0,0,1,1.50,.---,15.67,0,4.00,12.00,3.00,3.00,0.00,0.00,0,0,0,0,0
663372,2026-04-06,Colorado Rockies,Houston Astros,"5.1 IP, 4 ER, K, 2 BB",1,1,5,7,7,4,3,0,1,1,2,0,7,0,.250,22,.375,.591,.966,1,0,.000,1.000,0,70,4.32,5.1,1,0,0,0,0,0,4,1.32,24,16,1,0,0,43,.610,0,0,0,0,13,1.11,1.000,13.13,0,0.50,1.69,3.38,11.81,6.75,1.69,0,0,0,0,0
700241,2026-03-28,St. Louis Cardinals,Tampa Bay Rays,"6.0 IP, 0 ER, 5 K, 2 BB",1,1,4,4,10,0,0,0,0,5,2,0,0,0,.000,19,.095,.000,.095,0,0,.---,.---,0,96,0.00,6.0,0,0,0,0,0,0,0,0.33,21,18,1,0,0,57,.590,0,0,0,0,0,0.40,.---,16.00,0,2.50,7.50,3.00,0.00,0.00,0.00,0,0,0,0,0
700241,2026-04-03,St. Louis Cardinals,Detroit Tigers,"4.2 IP, 3 ER, 4 K, 0 BB",1,1,3,4,5,3,2,0,1,4,0,0,7,0,.179,20,.350,.600,.950,0,1,1.000,.000,0,75,2.53,4.2,0,1,0,0,0,0,3,0.84,20,14,1,0,0,45,.600,0,0,0,0,12,0.53,.000,16.07,0,-.--,7.71,0.00,13.50,5.79,1.93,0,0,0,0,0
696147,2026-03-27,Los Angeles Angels,Houston Astros,"1.0 IP, 0 ER, 3 K, 2 BB",1,0,0,0,0,0,0,0,0,3,2,0,0,0,.000,3,.400,.000,.400,0,0,.---,.---,0,27,0.00,1.0,0,0,0,0,1,0,0,2.00,5,3,1,0,0,14,.520,0,0,0,0,0,-.--,.---,27.00,0,1.50,27.00,18.00,0.00,0.00,0.00,0,0,0,0,0
696147,2026-03-29,Los Angeles Angels,Houston Astros,"2.0 IP, 0 ER, 2 K, 2 BB",1,0,1,1,3,0,0,0,0,2,2,0,0,0,.000,6,.250,.000,.250,0,0,.---,.---,0,34,0.00,2.0,0,0,0,0,0,0,0,1.33,8,6,1,0,0,18,.530,0,0,0,0,0,0.33,.---,17.00,0,1.00,9.00,9.00,0.00,0.00,0.00,0,0,0,0,0
696147,2026-04-04,Los Angeles Angels,Seattle Mariners,"0.2 IP, 0 ER, 0 K, 0 BB",1,0,1,0,2,0,0,0,0,0,0,0,1,0,.083,3,.333,.333,.666,0,0,.---,.---,0,8,0.00,0.2,0,0,0,0,1,0,0,1.36,3,2,1,0,0,5,.630,0,0,0,0,1,0.20,.---,12.00,0,-.--,0.00,0.00,13.50,0.00,0.00,0,0,0,0,0
696147,2026-04-05,Los Angeles Angels,Seattle Mariners,"2.0 IP, ER, 2 K, 0 BB",1,0,1,1,2,1,1,0,0,2,0,0,2,0,.158,7,.286,.429,.715,1,0,.000,1.000,0,28,1.59,2.0,0,0,0,1,0,1,1,1.24,7,6,1,0,0,17,.610,0,0,0,0,3,0.29,.---,14.00,0,-.--,9.00,0.00,9.00,4.50,0.00,0,0,0,0,0
696149,2026-03-31,Pittsburgh Pirates,Cincinnati Reds,"4.1 IP, 0 ER, 6 K, 6 BB",1,1,4,1,6,1,0,0,0,6,6,0,0,0,.000,13,.316,.000,.316,0,0,.---,.---,0,81,0.00,4.1,0,0,0,0,0,0,0,1.38,19,13,1,0,0,43,.530,0,0,0,0,0,0.17,.---,18.69,0,1.00,12.46,12.46,0.00,2.08,0.00,0,0,0,0,0
696149,2026-04-06,Pittsburgh Pirates,San Diego Padres,"4.1 IP, 3 ER, 4 K, 4 BB",1,1,3,4,4,3,2,0,0,4,4,0,5,0,.167,17,.429,.412,.841,0,0,.---,.---,1,83,3.12,4.1,0,1,0,0,0,0,3,1.73,21,13,1,0,0,48,.580,0,0,0,0,7,0.50,.000,19.15,0,1.00,8.31,8.31,10.38,6.23,0.00,0,0,0,0,0
700249,2026-04-05,Baltimore Orioles,Pittsburgh Pirates,"5.2 IP, 2 ER, 2 K, 3 BB",1,0,4,9,6,2,0,0,1,2,3,0,4,0,.190,21,.292,.333,.625,0,0,.---,.---,0,87,3.18,5.2,0,0,0,0,0,0,2,1.24,24,17,1,0,0,53,.610,0,0,0,0,7,1.50,.---,15.35,0,0.67,3.18,4.76,6.35,3.18,1.59,0,0,0,0,0
679775,2026-03-26,Philadelphia Phillies,Texas Rangers,"0.1 IP, 3 ER, 0 K, 0 BB",1,0,0,1,0,3,0,0,1,0,0,0,3,0,.750,4,.750,1.500,2.250,0,0,.---,.---,0,20,81.00,0.1,0,0,0,0,0,0,3,9.00,4,1,1,0,0,12,.600,0,0,0,0,6,1.00,.---,60.00,0,-.--,0.00,0.00,81.00,81.00,27.00,0,0,0,0,0
679775,2026-03-29,Philadelphia Phillies,Texas Rangers,"1.0 IP, 0 ER, K, BB",1,0,0,0,2,0,0,0,0,1,1,0,1,0,.500,4,.400,.250,.650,0,0,.---,.---,0,21,20.25,1.0,0,0,0,0,0,0,0,3.75,5,3,1,0,0,14,.670,0,0,0,0,1,0.50,.---,21.00,1,1.00,9.00,9.00,9.00,0.00,0.00,0,0,0,0,0
679775,2026-04-03,Philadelphia Phillies,Colorado Rockies,"0.2 IP, 0 ER, K, 0 BB",1,0,0,0,1,0,0,0,0,1,0,0,0,0,.400,2,.000,.000,.000,0,0,.---,.---,0,9,13.50,0.2,0,0,0,0,0,0,0,2.50,2,2,1,0,0,6,.670,0,0,0,0,0,0.33,.---,13.50,0,-.--,13.50,0.00,0.00,0.00,0.00,1,0,0,0,0
679775,2026-04-05,Philadelphia Phillies,Colorado Rockies,"1.0 IP, 0 ER, 2 K, 0 BB",1,0,1,0,1,0,0,0,0,2,0,0,0,0,.308,3,.000,.000,.000,0,0,.---,.---,0,12,9.00,1.0,0,0,0,0,0,0,0,1.67,3,3,1,0,0,8,.670,0,0,0,0,0,0.25,.---,12.00,1,-.--,18.00,0.00,0.00,0.00,0.00,0,0,0,0,0
702303,2026-04-06,Chicago Cubs,Tampa Bay Rays,"1.0 IP, 0 ER, 0 K, 0 BB",1,0,0,1,1,0,0,0,0,0,0,0,1,0,.333,3,.333,.333,.666,0,0,.---,.---,1,10,0.00,1.0,0,0,0,0,0,0,0,1.00,3,3,1,0,0,8,.800,0,0,0,0,1,1.00,.---,10.00,1,-.--,0.00,0.00,9.00,0.00,0.00,0,0,0,0,0
657277,2026-03-25,San Francisco Giants,New York Yankees,"5.0 IP, 6 ER, 7 K, BB",1,1,2,5,3,7,0,1,0,7,1,0,9,1,.375,24,.423,.458,.881,0,1,1.000,.000,0,86,10.80,5.0,0,1,0,0,0,0,6,2.00,26,15,1,0,0,58,.670,1,0,0,0,11,1.67,.000,17.20,0,7.00,12.60,1.80,16.20,12.60,0.00,0,0,0,0,0
657277,2026-03-31,San Francisco Giants,San Diego Padres,"6.0 IP, 3 ER, 5 K, 4 BB",1,1,2,8,5,3,1,0,0,5,4,0,3,0,.267,21,.280,.190,.470,0,1,1.000,.000,0,104,7.36,6.0,1,0,0,0,0,0,3,1.55,25,18,1,0,0,61,.590,0,0,0,0,4,1.63,1.000,17.33,0,1.25,7.50,6.00,4.50,4.50,0.00,0,0,0,0,0
657277,2026-04-05,San Francisco Giants,New York Mets,"7.0 IP, ER, 3 K, BB",1,1,2,12,4,1,1,0,0,3,1,0,7,0,.268,26,.296,.308,.604,0,2,1.000,.000,2,92,5.00,7.0,0,0,0,0,0,0,1,1.39,28,21,1,0,0,61,.660,0,0,0,0,8,2.08,.---,13.14,0,3.00,3.86,1.29,9.00,1.29,0.00,0,0,1,0,0
681867,2026-03-26,Seattle Mariners,Cleveland Guardians,"1.0 IP, ER, K, BB",1,0,0,1,0,1,0,0,1,1,1,0,1,0,.333,3,.500,1.333,1.833,0,0,.---,.---,1,17,9.00,1.0,0,0,0,0,0,0,1,2.00,4,3,1,0,0,10,.590,0,0,0,0,4,1.00,.---,17.00,1,1.00,9.00,9.00,9.00,9.00,9.00,0,0,0,0,0
681867,2026-03-29,Seattle Mariners,Cleveland Guardians,"3.0 IP, 0 ER, 5 K, 0 BB",1,0,2,1,2,0,0,0,0,5,0,0,2,0,.231,10,.200,.200,.400,0,0,.---,.---,1,44,2.25,3.0,0,0,1,1,0,0,0,1.00,10,9,1,0,0,33,.750,0,0,0,0,2,1.00,.---,14.67,1,-.--,15.00,0.00,6.00,0.00,0.00,0,0,0,0,0
681867,2026-04-01,Seattle Mariners,New York Yankees,"2.0 IP, ER, K, 0 BB",1,0,2,3,2,1,0,0,1,1,0,0,1,0,.200,7,.143,.571,.714,1,0,.000,1.000,0,30,3.00,2.0,0,0,0,0,0,0,1,0.83,7,6,1,0,0,19,.630,0,0,0,0,4,1.25,.---,15.00,1,-.--,4.50,0.00,4.50,4.50,4.50,0,0,0,0,0
681867,2026-04-06,Seattle Mariners,Texas Rangers,"1.0 IP, 0 ER, 0 K, 2 BB",1,0,0,2,0,0,0,0,0,0,2,1,1,0,.217,3,.600,.333,.933,0,1,1.000,.000,1,23,2.57,1.0,0,0,0,0,0,0,0,1.14,5,3,1,0,0,14,.610,0,0,0,0,1,1.75,.---,23.00,1,0.00,0.00,18.00,9.00,0.00,0.00,0,0,0,0,0
663436,2026-03-30,Chicago White Sox,Miami Marlins,"5.0 IP, 3 ER, 6 K, 2 BB",1,1,3,2,5,3,2,0,1,6,2,0,5,1,.278,18,.381,.556,.937,1,0,.000,1.000,0,92,5.40,5.0,1,0,0,0,0,0,3,1.40,21,15,1,0,0,54,.590,1,0,0,0,10,0.40,1.000,18.40,0,3.00,10.80,3.60,9.00,5.40,1.80,0,0,0,0,0
663436,2026-04-05,Chicago White Sox,Toronto Blue Jays,"6.0 IP, 0 ER, 6 K, 2 BB",1,1,4,6,5,0,0,0,0,6,2,0,4,0,.231,21,.261,.190,.451,0,0,.---,.---,1,85,2.45,6.0,1,0,0,0,0,0,0,1.18,23,18,1,0,0,57,.670,0,0,0,0,4,0.80,1.000,14.17,0,3.00,9.00,3.00,6.00,0.00,0.00,0,0,0,0,0
681870,2026-03-26,Cleveland Guardians,Seattle Mariners,"1.1 IP, 0 ER, 3 K, 0 BB",1,0,0,1,0,0,0,0,0,3,0,0,0,0,.000,4,.000,.000,.000,0,0,.---,.---,0,16,0.00,1.1,0,0,0,0,1,0,0,0.00,4,4,1,0,0,11,.690,0,0,0,0,0,1.00,.---,12.00,0,-.--,20.25,0.00,0.00,0.00,0.00,0,0,0,0,0
681870,2026-03-28,Cleveland Guardians,Seattle Mariners,"0.2 IP, 0 ER, K, 2 BB",1,0,1,0,1,0,0,0,0,1,2,0,0,0,.000,2,.500,.000,.500,0,0,.---,.---,0,20,0.00,0.2,0,0,0,0,1,0,0,1.00,4,2,1,0,0,11,.550,0,0,0,0,0,1.00,.---,30.00,0,0.50,13.50,27.00,0.00,0.00,0.00,0,0,0,0,0
681870,2026-03-30,Cleveland Guardians,Los Angeles Dodgers,"1.1 IP, 0 ER, K, 0 BB",1,0,2,0,3,0,0,0,0,1,0,0,0,0,.000,4,.000,.000,.000,0,0,.---,.---,0,20,0.00,1.1,0,0,0,0,1,0,0,0.60,4,4,1,0,0,13,.650,0,0,0,0,0,0.25,.---,15.00,0,-.--,6.75,0.00,0.00,0.00,0.00,2,0,0,0,0
681870,2026-04-01,Cleveland Guardians,Los Angeles Dodgers,"0.1 IP, 0 ER, K, 0 BB",1,0,0,0,0,0,0,0,0,1,0,0,0,0,.000,1,.000,.000,.000,0,0,.---,.---,0,3,0.00,0.1,0,0,0,0,1,0,0,0.55,1,1,1,0,0,3,1.000,0,0,0,0,0,0.25,.---,9.00,0,-.--,27.00,0.00,0.00,0.00,0.00,2,0,0,0,0
681870,2026-04-05,Cleveland Guardians,Chicago Cubs,"0.2 IP, 0 ER, K, 0 BB",1,0,0,0,1,0,1,0,0,1,0,0,1,0,.071,3,.333,.667,1.000,0,0,.---,.---,0,14,0.00,0.2,0,0,0,0,0,0,0,0.69,3,2,1,0,0,8,.570,0,0,0,0,2,0.20,.---,21.00,0,-.--,13.50,0.00,13.50,0.00,0.00,0,0,0,0,0
661395,2026-03-26,Philadelphia Phillies,Texas Rangers,"0.2 IP, 0 ER, K, 0 BB",1,0,0,1,0,0,0,0,0,1,0,0,1,0,.333,3,.333,.333,.666,0,0,.---,.---,0,12,0.00,0.2,0,0,1,1,0,0,0,1.50,3,2,1,0,0,9,.750,0,0,0,0,1,1.00,.---,18.00,1,-.--,13.50,0.00,13.50,0.00,0.00,1,1,0,0,0
661395,2026-03-28,Philadelphia Phillies,Texas Rangers,"1.0 IP, ER, 2 K, 0 BB",1,0,0,1,0,2,0,0,0,2,0,0,2,0,.375,5,.400,.400,.800,0,0,.---,.---,0,22,5.40,1.0,0,1,0,0,0,0,1,1.80,5,3,1,0,0,13,.590,0,0,1,0,2,2.00,.000,22.00,1,-.--,18.00,0.00,18.00,18.00,0.00,0,0,0,0,0
661395,2026-03-31,Philadelphia Phillies,Washington Nationals,"1.0 IP, 0 ER, 2 K, 0 BB",1,0,0,0,1,0,0,0,0,2,0,0,1,0,.333,4,.250,.250,.500,0,1,1.000,.000,0,20,3.38,1.0,0,0,1,1,0,0,0,1.50,4,3,1,0,0,12,.600,0,0,0,0,1,2.00,.---,20.00,1,-.--,18.00,0.00,9.00,0.00,0.00,0,0,0,0,0
661395,2026-04-01,Philadelphia Phillies,Washington Nationals,"1.0 IP, 0 ER, K, 0 BB",1,0,0,0,1,0,0,0,0,1,0,0,0,0,.286,2,.000,.000,.000,0,0,.---,.---,0,6,2.45,1.0,1,0,0,0,0,0,0,1.09,2,3,1,0,0,4,.670,0,0,0,0,0,1.00,1.000,6.00,1,-.--,9.00,0.00,0.00,0.00,0.00,0,0,0,0,0
661395,2026-04-04,Philadelphia Phillies,Colorado Rockies,"1.0 IP, 0 ER, K, 0 BB",1,0,0,2,0,0,0,0,0,1,0,0,0,0,.235,3,.000,.000,.000,0,0,.---,.---,0,8,1.93,1.0,0,0,1,1,0,0,0,0.86,3,3,1,0,0,7,.880,0,0,0,0,0,2.00,.---,8.00,1,-.--,9.00,0.00,0.00,0.00,0.00,0,0,0,0,0
661395,2026-04-06,Philadelphia Phillies,San Francisco Giants,"1.0 IP, 0 ER, 0 K, 0 BB",1,0,1,1,2,0,1,0,0,0,0,0,1,0,.238,4,.250,.500,.750,0,0,.---,.---,0,16,1.59,1.0,0,0,1,1,0,0,0,0.88,4,3,1,0,0,9,.560,0,0,0,0,2,1.25,.---,16.00,1,-.--,0.00,0.00,9.00,0.00,0.00,0,0,0,0,0
622491,2026-03-30,Seattle Mariners,New York Yankees,"6.0 IP, 0 ER, 7 K, 2 BB",1,1,3,5,4,0,1,0,0,7,2,0,3,0,.158,19,.238,.211,.449,0,0,.---,.---,0,95,0.00,6.0,0,0,0,0,0,0,0,0.83,21,18,1,0,0,58,.610,0,0,0,1,4,1.25,.---,15.83,0,3.50,10.50,3.00,4.50,0.00,0.00,0,0,0,0,0
622491,2026-04-05,Seattle Mariners,Los Angeles Angels,"3.2 IP, 3 ER, 4 K, BB",1,1,1,6,2,4,2,0,0,4,1,0,6,1,.250,17,.421,.471,.892,0,1,1.000,.000,0,84,2.79,3.2,0,0,0,0,0,0,3,1.24,20,11,1,0,0,53,.630,1,0,0,0,8,1.83,.---,22.91,0,4.00,9.82,2.45,14.73,9.82,0.00,0,0,0,1,0
681892,2026-03-26,Minnesota Twins,Baltimore Orioles,"0.2 IP, ER, 0 K, BB",1,0,0,2,0,1,0,0,0,0,1,0,1,0,.333,3,.500,.333,.833,0,0,.---,.---,0,17,13.50,0.2,0,1,0,0,0,0,1,3.00,4,2,1,0,0,9,.530,0,0,0,0,1,2.00,.000,25.50,0,0.00,0.00,13.50,13.50,13.50,0.00,0,0,0,0,0
681892,2026-03-28,Minnesota Twins,Baltimore Orioles,"0.2 IP, 0 ER, 2 K, 0 BB",1,0,0,0,0,0,0,0,0,2,0,0,2,0,.429,4,.500,.500,1.000,0,0,.---,.---,0,13,6.75,0.2,0,0,0,0,1,0,0,3.00,4,2,1,0,0,9,.690,0,0,0,0,2,2.00,.---,19.50,0,-.--,27.00,0.00,27.00,0.00,0.00,0,0,0,0,0
681892,2026-03-30,Minnesota Twins,Kansas City Royals,"1.1 IP, ER, 3 K, BB",1,0,0,1,0,1,0,0,1,3,1,0,2,0,.385,6,.429,.833,1.262,0,0,.---,.---,0,26,6.75,1.1,0,0,0,0,0,0,1,2.63,7,4,1,0,0,15,.580,0,0,0,0,5,3.00,.---,19.50,0,3.00,20.25,6.75,13.50,6.75,6.75,0,0,0,0,0
681892,2026-04-02,Minnesota Twins,Kansas City Royals,"1.0 IP, 0 ER, K, 0 BB",1,0,1,0,2,0,0,0,0,1,0,0,0,0,.313,3,.000,.000,.000,0,0,.---,.---,0,15,4.91,1.0,0,0,0,0,1,0,0,1.91,3,3,1,0,0,10,.670,0,0,0,0,0,1.50,.---,15.00,0,-.--,9.00,0.00,0.00,0.00,0.00,0,0,0,0,0
681892,2026-04-03,Minnesota Twins,Tampa Bay Rays,"0.1 IP, 0 ER, 0 K, 0 BB",1,0,0,1,0,0,0,0,0,0,0,0,0,0,.294,1,.000,.000,.000,0,0,.---,.---,0,2,4.50,0.1,1,0,0,0,0,0,0,1.75,1,1,1,0,0,1,.500,0,0,0,0,0,2.00,1.000,6.00,0,-.--,0.00,0.00,0.00,0.00,0.00,2,0,0,0,0
681892,2026-04-05,Minnesota Twins,Tampa Bay Rays,"0.1 IP, 0 ER, 0 K, 0 BB",1,0,0,1,0,0,0,0,0,0,0,0,0,0,.278,1,.000,.000,.000,0,0,.---,.---,0,3,4.15,0.1,0,0,0,0,0,0,0,1.62,1,1,1,0,0,3,1.000,0,0,0,0,0,2.50,.---,9.00,0,-.--,0.00,0.00,0.00,0.00,0.00,2,0,0,0,0
681892,2026-04-06,Minnesota Twins,Detroit Tigers,"0.2 IP, 0 ER, 0 K, 3 BB",1,0,1,0,1,0,0,0,0,0,3,0,0,0,.263,1,.750,.000,.750,0,0,.---,.---,0,20,3.60,0.2,0,0,0,0,1,0,0,2.00,4,2,1,0,0,6,.300,0,0,0,0,0,1.67,.---,30.00,0,0.00,0.00,40.50,0.00,0.00,0.00,1,0,0,0,0
663460,2026-03-30,Kansas City Royals,Minnesota Twins,"6.0 IP, ER, 4 K, 3 BB",1,1,7,5,8,1,0,0,1,4,3,0,2,0,.105,19,.227,.263,.490,1,0,.000,1.000,0,75,1.50,6.0,1,0,0,0,0,0,1,0.83,22,18,1,0,0,48,.640,0,0,1,1,5,0.63,1.000,12.50,0,1.33,6.00,4.50,3.00,1.50,1.50,0,0,0,0,0
663460,2026-04-05,Kansas City Royals,Milwaukee Brewers,"5.0 IP, 4 ER, 8 K, 3 BB",1,1,2,5,2,4,2,1,1,8,3,0,4,0,.158,19,.318,.579,.897,0,1,1.000,.000,0,96,4.09,5.0,0,1,0,0,0,0,4,1.09,22,15,1,0,0,58,.600,0,0,0,0,11,1.00,.000,19.20,0,2.67,14.40,5.40,7.20,7.20,1.80,0,0,0,0,0
669622,2026-03-27,Miami Marlins,Colorado Rockies,"0.1 IP, 0 ER, K, 0 BB",1,0,0,0,0,0,0,0,0,1,0,0,1,0,.500,2,.500,.500,1.000,0,0,.---,.---,0,12,0.00,0.1,0,0,0,0,1,0,0,3.00,2,1,1,0,0,6,.500,0,0,0,0,1,-.--,.---,36.00,0,-.--,27.00,0.00,27.00,0.00,0.00,1,0,0,0,0
669622,2026-03-31,Miami Marlins,Chicago White Sox,"1.2 IP, 0 ER, K, BB",1,0,2,2,2,0,0,0,0,1,1,0,0,0,.143,5,.167,.000,.167,0,1,1.000,.000,0,27,0.00,1.2,1,0,0,0,0,0,0,1.00,6,5,1,0,0,16,.590,0,0,0,0,0,1.00,1.000,16.20,0,1.00,5.40,5.40,0.00,0.00,0.00,0,0,0,0,0
669622,2026-04-04,Miami Marlins,New York Yankees,"0.1 IP, 2 ER, K, 0 BB",1,0,0,0,0,2,0,0,0,1,0,0,2,1,.300,3,.750,.667,1.417,0,0,.---,.---,0,15,7.71,0.1,0,0,0,1,0,1,2,1.71,4,1,1,0,0,8,.530,1,0,0,0,2,1.00,.---,45.00,0,-.--,27.00,0.00,54.00,54.00,0.00,1,1,0,0,0
669622,2026-04-05,Miami Marlins,New York Yankees,"1.0 IP, 2 ER, 2 K, 3 BB",1,0,0,1,0,2,1,0,0,2,3,1,1,0,.286,4,.571,.500,1.071,0,0,.---,.---,0,31,10.80,1.0,0,0,1,1,0,0,2,2.40,7,3,1,0,0,20,.650,0,0,0,0,2,1.50,.---,31.00,1,0.67,18.00,27.00,9.00,18.00,0.00,0,0,0,0,0
663465,2026-03-31,Cleveland Guardians,Los Angeles Dodgers,"2.2 IP, ER, 5 K, BB",1,0,2,0,3,1,0,0,1,5,1,0,2,0,.200,10,.273,.500,.773,0,0,.---,.---,0,55,3.38,2.2,0,0,0,0,0,0,1,1.13,11,8,1,0,0,36,.650,0,0,0,0,5,0.00,.---,20.63,0,5.00,16.88,3.38,6.75,3.38,3.38,0,0,0,0,0
663465,2026-04-06,Cleveland Guardians,Kansas City Royals,"2.0 IP, 2 ER, 2 K, BB",1,0,0,3,1,2,1,0,1,2,1,1,3,0,.263,9,.400,.778,1.178,0,0,.---,.---,0,35,5.79,2.0,0,0,0,0,0,0,2,1.50,10,6,1,0,0,24,.690,0,0,0,0,7,0.75,.---,17.50,1,2.00,9.00,4.50,13.50,9.00,4.50,0,0,0,0,0
681911,2026-03-27,Los Angeles Dodgers,Arizona Diamondbacks,"1.0 IP, 0 ER, 0 K, 0 BB",1,0,1,1,2,0,0,0,0,0,0,0,1,0,.250,4,.250,.250,.500,0,0,.---,.---,0,16,0.00,1.0,0,0,0,0,0,0,0,1.00,4,3,1,0,0,12,.750,0,0,0,0,1,0.50,.---,16.00,0,-.--,0.00,0.00,9.00,0.00,0.00,0,0,0,0,0
681911,2026-03-28,Los Angeles Dodgers,Arizona Diamondbacks,"1.0 IP, 0 ER, 0 K, 0 BB",1,0,2,1,2,0,0,0,0,0,0,0,0,0,.143,3,.000,.000,.000,0,0,.---,.---,0,12,0.00,1.0,0,0,0,0,0,0,0,0.50,3,3,1,0,0,9,.750,0,0,0,0,0,0.50,.---,12.00,0,-.--,0.00,0.00,0.00,0.00,0.00,0,0,0,0,0
681911,2026-03-31,Los Angeles Dodgers,Cleveland Guardians,"1.0 IP, 0 ER, K, 0 BB",1,0,1,1,1,0,0,0,0,1,0,0,0,0,.100,3,.000,.000,.000,0,0,.---,.---,0,14,0.00,1.0,0,0,0,0,1,0,0,0.33,3,3,1,0,0,11,.790,0,0,0,0,0,0.60,.---,14.00,0,-.--,9.00,0.00,0.00,0.00,0.00,0,0,0,0,0
681911,2026-04-05,Los Angeles Dodgers,Washington Nationals,"1.0 IP, 0 ER, 0 K, BB",1,0,1,2,1,0,0,0,0,0,1,0,1,0,.143,4,.400,.250,.650,0,0,.---,.---,0,17,0.00,1.0,0,0,0,0,0,0,0,0.75,5,3,1,0,0,10,.590,0,0,0,0,1,0.83,.---,17.00,0,0.00,0.00,9.00,9.00,0.00,0.00,0,0,0,0,0
679883,2026-04-04,Kansas City Royals,Milwaukee Brewers,"3.0 IP, 5 ER, 4 K, 3 BB",1,1,2,1,2,5,3,0,1,4,3,0,8,0,.533,15,.611,.933,1.544,2,0,.000,1.000,0,73,15.00,3.0,0,1,0,0,0,0,5,3.67,18,9,1,0,0,40,.550,0,0,0,1,14,0.50,.000,24.33,0,1.33,12.00,9.00,24.00,15.00,3.00,0,0,0,0,0
622554,2026-03-28,Chicago White Sox,Milwaukee Brewers,"1.0 IP, 0 ER, 0 K, 0 BB",1,0,1,0,3,0,0,0,0,0,0,0,1,0,.250,4,.250,.250,.500,0,0,.---,.---,0,13,0.00,1.0,0,0,0,0,0,0,0,1.00,4,3,1,0,0,7,.540,0,0,0,0,1,0.00,.---,13.00,1,-.--,0.00,0.00,9.00,0.00,0.00,0,0,0,0,0
622554,2026-03-29,Chicago White Sox,Milwaukee Brewers,"0.1 IP, 2 ER, 0 K, BB",1,0,0,0,1,2,0,0,1,0,1,0,2,0,.429,3,.750,1.667,2.417,0,0,.---,.---,0,19,13.50,0.1,0,1,0,1,0,1,2,3.00,4,1,1,0,0,10,.530,0,0,0,0,5,0.00,.000,57.00,0,0.00,0.00,27.00,54.00,54.00,27.00,3,3,0,0,0
622554,2026-04-03,Chicago White Sox,Toronto Blue Jays,"1.1 IP, 0 ER, 2 K, 0 BB",1,0,0,3,0,1,0,0,0,2,0,0,0,0,.250,5,.000,.000,.000,0,0,.---,.---,0,22,6.75,1.1,1,0,0,0,0,0,0,1.50,5,4,1,0,0,14,.640,0,0,0,0,0,0.75,1.000,16.50,1,-.--,13.50,0.00,0.00,6.75,0.00,1,0,0,0,0
622554,2026-04-04,Chicago White Sox,Toronto Blue Jays,"1.0 IP, 0 ER, K, BB",1,0,0,2,0,0,0,0,0,1,1,0,1,0,.250,4,.400,.250,.650,0,0,.---,.---,0,24,4.91,1.0,0,0,1,1,0,0,0,1.64,5,3,1,0,0,14,.580,0,0,0,0,1,1.25,.---,24.00,1,1.00,9.00,9.00,9.00,0.00,0.00,0,0,0,0,0
663485,2026-03-28,Minnesota Twins,Baltimore Orioles,"1.0 IP, 0 ER, 2 K, BB",1,0,0,1,0,0,0,0,0,2,1,0,0,0,.000,3,.250,.000,.250,0,0,.---,.---,0,16,0.00,1.0,0,0,1,1,0,0,0,1.00,4,3,1,0,0,8,.500,0,0,0,0,0,1.00,.---,16.00,1,2.00,18.00,9.00,0.00,0.00,0.00,0,0,0,0,0
663485,2026-04-02,Minnesota Twins,Kansas City Royals,"0.2 IP, ER, 0 K, 0 BB",1,0,1,1,1,1,0,0,0,0,0,0,2,0,.333,3,.500,.667,1.167,0,0,.---,.---,0,11,5.40,0.2,0,0,0,0,1,0,1,1.80,4,2,1,0,0,9,.820,0,0,0,0,2,2.00,.---,16.50,0,-.--,0.00,0.00,27.00,13.50,0.00,0,0,0,0,1
663485,2026-04-05,Minnesota Twins,Tampa Bay Rays,"2.0 IP, 0 ER, K, 0 BB",1,0,2,2,2,0,0,0,0,1,0,0,1,0,.250,6,.167,.167,.334,0,0,.---,.---,1,21,2.45,2.0,0,0,0,0,0,0,0,1.09,6,6,1,0,0,13,.620,0,0,0,0,1,1.33,.---,10.50,0,-.--,4.50,0.00,4.50,0.00,0.00,0,0,0,0,0
677865,2026-03-26,St. Louis Cardinals,Tampa Bay Rays,"0.1 IP, 2 ER, 0 K, BB",1,0,0,0,1,2,0,0,0,0,1,0,1,0,1.000,1,.667,1.000,1.667,0,0,.---,.---,0,9,54.00,0.1,0,0,0,0,0,0,2,6.00,3,1,1,0,0,4,.440,0,0,0,0,1,0.00,.---,27.00,0,0.00,0.00,27.00,27.00,54.00,0.00,3,2,0,0,1
677865,2026-03-29,St. Louis Cardinals,Tampa Bay Rays,"2.0 IP, 0 ER, 2 K, BB",1,0,0,3,1,0,0,0,0,2,1,0,1,0,.250,7,.250,.143,.393,0,0,.---,.---,0,29,7.71,2.0,0,0,0,0,0,0,0,1.71,8,6,1,0,0,17,.590,0,0,0,0,1,1.50,.---,14.50,0,2.00,9.00,4.50,4.50,0.00,0.00,0,0,0,0,0
677865,2026-04-01,St. Louis Cardinals,New York Mets,"1.0 IP, 0 ER, 0 K, BB",1,0,0,1,2,0,0,0,0,0,1,0,0,0,.182,3,.250,.000,.250,0,0,.---,.---,0,12,5.40,1.0,0,0,0,0,0,0,0,1.50,4,3,1,0,0,6,.500,0,0,0,0,0,1.00,.---,12.00,0,0.00,0.00,9.00,0.00,0.00,0.00,0,0,0,0,0
677865,2026-04-03,St. Louis Cardinals,Detroit Tigers,"0.2 IP, 0 ER, 0 K, 0 BB",1,0,0,0,2,0,0,0,0,0,0,0,2,0,.267,4,.500,.500,1.000,0,0,.---,.---,0,15,4.50,0.2,0,0,0,0,0,0,0,1.75,4,2,1,0,0,11,.730,0,0,0,0,2,0.67,.---,22.50,0,-.--,0.00,0.00,27.00,0.00,0.00,1,1,0,0,0
677865,2026-04-04,St. Louis Cardinals,Detroit Tigers,"1.1 IP, ER, K, BB",1,0,1,1,2,1,0,0,0,1,1,0,0,0,.222,3,.200,.000,.200,0,0,.---,.---,0,27,5.06,1.1,0,0,0,0,0,0,1,1.50,5,4,1,0,0,13,.480,0,0,0,0,0,0.63,.---,20.25,0,1.00,6.75,6.75,0.00,6.75,0.00,1,1,0,0,1
677865,2026-04-06,St. Louis Cardinals,Washington Nationals,"0.2 IP, ER, 0 K, 2 BB",1,0,0,1,1,1,1,0,0,0,2,0,1,0,.238,3,.600,.667,1.267,0,0,.---,.---,0,23,6.00,0.2,0,0,0,1,0,1,1,1.83,5,2,1,0,0,11,.480,0,0,0,0,2,0.67,.---,34.50,0,0.00,0.00,27.00,13.50,13.50,0.00,0,0,0,0,0
684007,2026-03-29,Chicago Cubs,Washington Nationals,"5.0 IP, 4 ER, 7 K, 2 BB",1,1,2,2,5,4,1,1,1,7,2,0,6,0,.300,20,.364,.600,.964,0,0,.---,.---,1,82,7.20,5.0,0,1,0,0,0,0,4,1.60,22,15,1,0,0,50,.610,0,0,1,0,12,0.40,.000,16.40,0,3.50,12.60,3.60,10.80,7.20,1.80,0,0,0,0,0
684007,2026-04-05,Chicago Cubs,Cleveland Guardians,"5.0 IP, ER, 4 K, BB",1,1,5,2,9,1,2,0,0,4,1,0,3,0,.237,18,.211,.278,.489,0,0,.---,.---,0,92,4.50,5.0,0,0,0,0,0,0,1,1.20,19,15,1,0,0,62,.670,0,0,0,0,5,0.29,.---,18.40,0,4.00,7.20,1.80,5.40,1.80,0.00,0,0,0,0,0
663542,2026-03-28,Chicago White Sox,Milwaukee Brewers,"0.2 IP, ER, 2 K, 2 BB",1,0,0,0,0,1,0,0,0,2,2,0,2,0,.500,4,.667,.500,1.167,0,3,1.000,.000,0,33,13.50,0.2,0,0,0,0,0,0,1,6.00,6,2,1,0,0,16,.480,0,1,0,0,2,-.--,.---,49.50,0,1.00,27.00,27.00,27.00,13.50,0.00,0,0,0,0,0
663542,2026-03-31,Chicago White Sox,Miami Marlins,"1.2 IP, ER, K, BB",1,0,2,3,2,2,0,0,0,1,1,0,1,0,.333,5,.286,.200,.486,0,0,.---,.---,0,25,7.71,1.2,0,0,0,0,0,0,1,2.57,8,5,1,0,0,15,.600,0,0,0,0,1,1.50,.---,15.00,0,1.00,5.40,5.40,5.40,10.80,0.00,0,0,0,1,1
663542,2026-04-05,Chicago White Sox,Toronto Blue Jays,"0.2 IP, 0 ER, K, 0 BB",1,0,0,0,1,0,0,0,0,1,0,0,2,0,.385,4,.500,.500,1.000,0,0,.---,.---,0,19,6.00,0.2,0,0,0,0,1,0,0,2.67,4,2,1,0,0,13,.680,0,0,0,0,2,1.00,.---,28.50,0,-.--,13.50,0.00,27.00,0.00,0.00,0,0,0,0,0
669684,2026-03-28,Chicago White Sox,Milwaukee Brewers,"1.0 IP, 0 ER, K, BB",1,0,0,2,0,0,0,0,0,1,1,0,0,0,.000,3,.250,.000,.250,0,0,.---,.---,0,15,0.00,1.0,0,0,0,0,0,0,0,1.00,4,3,1,0,0,9,.600,0,0,0,0,0,2.00,.---,15.00,0,1.00,9.00,9.00,0.00,0.00,0.00,0,0,0,0,0
669684,2026-03-29,Chicago White Sox,Milwaukee Brewers,"0.1 IP, 4 ER, K, BB",1,0,0,0,0,4,0,0,0,1,1,0,3,0,.429,4,.800,.750,1.550,0,0,.---,.---,0,17,27.00,0.1,0,0,0,0,0,0,4,3.75,5,1,1,0,0,10,.590,0,0,1,0,3,2.00,.---,51.00,0,1.00,27.00,27.00,81.00,108.00,0.00,0,0,0,0,0
669684,2026-04-01,Chicago White Sox,Miami Marlins,"2.0 IP, ER, 3 K, BB",1,0,0,1,2,1,1,1,0,3,1,0,3,0,.375,9,.400,.667,1.067,0,0,.---,.---,0,39,13.50,2.0,0,0,0,0,0,0,1,2.70,10,6,1,0,0,24,.620,0,0,0,0,6,1.50,.---,19.50,0,3.00,13.50,4.50,13.50,4.50,0.00,0,0,0,0,0
669684,2026-04-04,Chicago White Sox,Toronto Blue Jays,"1.0 IP, ER, 0 K, 0 BB",1,0,1,2,1,1,0,0,0,0,0,0,2,0,.381,5,.400,.400,.800,0,0,.---,.---,0,10,12.46,1.0,1,0,0,0,0,0,1,2.54,5,3,1,0,0,7,.700,0,0,0,0,2,1.67,1.000,10.00,0,-.--,0.00,0.00,18.00,9.00,0.00,0,0,0,0,0
669684,2026-04-05,Chicago White Sox,Toronto Blue Jays,"1.0 IP, 0 ER, K, BB",1,0,0,0,2,0,0,0,0,1,1,0,0,0,.333,3,.250,.000,.250,0,0,.---,.---,0,15,10.13,1.0,0,0,1,1,0,0,0,2.25,4,3,1,0,0,9,.600,0,0,0,0,0,1.00,.---,15.00,1,1.00,9.00,9.00,0.00,0.00,0.00,0,0,0,0,0
671737,2026-03-28,Minnesota Twins,Baltimore Orioles,"4.1 IP, ER, 9 K, 3 BB",1,1,0,1,3,1,1,0,0,9,3,0,3,0,.188,16,.316,.250,.566,0,0,.---,.---,0,92,2.08,4.1,0,0,0,0,0,0,1,1.38,19,13,1,0,0,58,.630,0,0,0,0,4,0.33,.---,21.23,0,3.00,18.69,6.23,6.23,2.08,0.00,0,0,0,0,0
671737,2026-04-02,Minnesota Twins,Kansas City Royals,"6.0 IP, 0 ER, 3 K, BB",1,1,6,4,11,0,0,0,0,3,1,0,5,0,.205,23,.250,.217,.467,0,0,.---,.---,0,100,0.87,6.0,1,0,0,0,0,0,0,1.16,24,18,1,0,0,65,.650,0,0,0,0,5,0.36,1.000,16.67,0,3.00,4.50,1.50,7.50,0.00,0.00,0,0,0,0,0
681982,2026-03-26,Milwaukee Brewers,Chicago White Sox,"1.0 IP, 0 ER, K, 0 BB",1,0,0,2,0,0,0,0,0,1,0,0,0,0,.000,3,.000,.000,.000,0,0,.---,.---,0,7,0.00,1.0,0,0,0,0,0,0,0,0.00,3,3,1,0,0,7,1.000,0,0,0,0,0,2.00,.---,7.00,0,-.--,9.00,0.00,0.00,0.00,0.00,0,0,0,0,0
681982,2026-03-29,Milwaukee Brewers,Chicago White Sox,"2.0 IP, 0 ER, 3 K, BB",1,0,1,2,1,0,0,0,0,3,1,0,1,0,.100,7,.250,.143,.393,0,0,.---,.---,0,31,0.00,2.0,0,0,0,0,0,0,0,0.67,8,6,1,0,0,19,.610,0,0,0,0,1,4.00,.---,15.50,0,3.00,13.50,4.50,4.50,0.00,0.00,0,0,0,0,0
681982,2026-03-31,Milwaukee Brewers,Tampa Bay Rays,"1.0 IP, 0 ER, K, 0 BB",1,0,1,1,1,0,0,1,0,1,0,0,1,0,.143,4,.250,.750,1.000,0,0,.---,.---,0,19,0.00,1.0,0,0,0,0,1,0,0,0.75,4,3,1,0,0,17,.890,0,0,0,0,3,2.50,.---,19.00,0,-.--,9.00,0.00,9.00,0.00,0.00,0,0,0,0,0
681982,2026-04-01,Milwaukee Brewers,Tampa Bay Rays,"1.0 IP, 0 ER, K, 0 BB",1,0,0,1,1,0,0,0,0,1,0,0,0,0,.118,3,.000,.000,.000,0,0,.---,.---,0,15,0.00,1.0,0,0,0,0,0,0,0,0.60,3,3,1,0,0,10,.670,0,0,0,0,0,2.00,.---,15.00,0,-.--,9.00,0.00,0.00,0.00,0.00,0,0,0,0,0
681982,2026-04-05,Milwaukee Brewers,Kansas City Royals,"0.2 IP, 2 ER, K, BB",1,0,0,1,0,2,1,0,0,1,1,0,2,0,.190,4,.600,.750,1.350,0,0,.---,.---,0,12,3.18,0.2,0,0,0,0,1,0,2,1.06,5,2,1,0,0,7,.580,0,0,0,0,3,2.33,.---,18.00,0,1.00,13.50,13.50,27.00,27.00,0.00,0,0,0,0,0
681982,2026-04-06,Milwaukee Brewers,Boston Red Sox,"1.0 IP, 0 ER, 0 K, 0 BB",1,0,1,2,1,0,0,0,0,0,0,0,0,0,.167,3,.000,.000,.000,0,0,.---,.---,0,15,2.70,1.0,0,0,0,0,1,0,0,0.90,3,3,1,0,0,9,.600,0,0,0,0,0,2.25,.---,15.00,0,-.--,0.00,0.00,0.00,0.00,0.00,0,0,0,0,0
