batter_id,batter_name,team_id,team_name,batSide,primaryPosition,season,plateAppearances,atBats,hits,doubles,triples,homeRuns,baseOnBalls,intentionalWalks,strikeOuts,hitByPitch,sacFlies,sacBunts,totalBases,rbi,groundIntoDoublePlay,avg,obp,slg,ops,babip,atBatsPerHomeRun,numberOfPitches,groundOuts,airOuts,plateAppearances_prev,atBats_prev,hits_prev,doubles_prev,triples_prev,homeRuns_prev,baseOnBalls_prev,intentionalWalks_prev,strikeOuts_prev,hitByPitch_prev,sacFlies_prev,sacBunts_prev,totalBases_prev,rbi_prev,groundIntoDoublePlay_prev,avg_prev,obp_prev,slg_prev,ops_prev,babip_prev,atBatsPerHomeRun_prev,numberOfPitches_prev,groundOuts_prev,airOuts_prev,season_prev
663554,Casey Mize,135,San Diego Padres,,P,2026,,,,,,,,,,,,,,,,,,,,,,,,,,,,,,,,,,,,,,,,,,,,,,,,,2025
663556,Shane McClanahan,139,Tampa Bay Rays,,P,2026,,,,,,,,,,,,,,,,,,,,,,,,,,,,,,,,,,,,,,,,,,,,,,,,,2025
808963,Roki Sasaki,119,Los Angeles Dodgers,,P,2026,,,,,,,,,,,,,,,,,,,,,,,,,,,,,,,,,,,,,,,,,,,,,,,,,2025
624641,Edmundo Sosa,143,Philadelphia Phillies,,LF,2026,213.0,195.0,45.0,8.0,2.0,5.0,7.0,0.0,44.0,5.0,3.0,1.0,72.0,35.0,5.0,.231,.271,.369,.640,.268,39.00,790.0,60.0,50.0,261.0,243.0,67.0,12.0,1.0,11.0,10.0,0.0,56.0,2.0,2.0,3.0,114.0,39.0,7.0,.276,.307,.469,.776,.315,22.09,942.0,67.0,58.0,2025
675848,Juan Mejia,115,Colorado Rockies,,P,2026,,,,,,,,,,,,,,,,,,,,,,,,,0.0,0.0,0.0,0.0,0.0,0.0,0.0,0.0,0.0,0.0,0.0,0.0,0.0,0.0,0.0,.000,.000,.000,.000,.---,-.--,0.0,0.0,0.0,2025
663558,Jovani Morán,111,Boston Red Sox,,P,2026,,,,,,,,,,,,,,,,,,,,,,,,,,,,,,,,,,,,,,,,,,,,,,,,,2025
808967,Yoshinobu Yamamoto,119,Los Angeles Dodgers,,P,2026,,,,,,,,,,,,,,,,,,,,,,,,,,,,,,,,,,,,,,,,,,,,,,,,,2025
667652,Jack Ralston,146,Miami Marlins,,P,2026,,,,,,,,,,,,,,,,,,,,,,,,,,,,,,,,,,,,,,,,,,,,,,,,,2025
669711,Greg Weissert,111,Boston Red Sox,,P,2026,,,,,,,,,,,,,,,,,,,,,,,,,,,,,,,,,,,,,,,,,,,,,,,,,2025
622608,Antonio Senzatela,158,Milwaukee Brewers,,P,2026,0.0,0.0,0.0,0.0,0.0,0.0,0.0,0.0,0.0,0.0,0.0,0.0,0.0,0.0,0.0,.000,.000,.000,.000,.---,-.--,0.0,0.0,0.0,,,,,,,,,,,,,,,,,,,,,,,,,2025
669707,Jared Triolo,134,Pittsburgh Pirates,,SS,2026,308.0,275.0,66.0,12.0,0.0,2.0,25.0,0.0,60.0,5.0,0.0,1.0,84.0,24.0,8.0,.240,.315,.305,.620,.300,137.50,1147.0,85.0,65.0,376.0,331.0,75.0,18.0,2.0,7.0,39.0,1.0,76.0,2.0,1.0,3.0,118.0,24.0,4.0,.227,.311,.356,.667,.273,47.29,1454.0,81.0,103.0,2025
595978,Austin Hedges,114,Cleveland Guardians,,C,2026,199.0,174.0,47.0,7.0,0.0,5.0,18.0,0.0,33.0,1.0,2.0,4.0,69.0,21.0,4.0,.270,.338,.397,.735,.304,34.80,748.0,56.0,44.0,180.0,155.0,25.0,3.0,0.0,5.0,18.0,0.0,43.0,1.0,2.0,4.0,43.0,10.0,2.0,.161,.250,.277,.527,.183,31.00,696.0,35.0,58.0,2025
694297,Brandon Pfaadt,109,Arizona Diamondbacks,,P,2026,,,,,,,,,,,,,,,,,,,,,,,,,,,,,,,,,,,,,,,,,,,,,,,,,2025
663574,Tony Santillan,113,Cincinnati Reds,,P,2026,,,,,,,,,,,,,,,,,,,,,,,,,,,,,,,,,,,,,,,,,,,,,,,,,2025
808982,Jung Hoo Lee,137,San Francisco Giants,,RF,2026,492.0,461.0,133.0,27.0,4.0,9.0,20.0,0.0,49.0,7.0,4.0,0.0,195.0,47.0,6.0,.289,.325,.423,.748,.305,51.22,1800.0,146.0,137.0,617.0,560.0,149.0,31.0,12.0,8.0,47.0,0.0,71.0,6.0,4.0,0.0,228.0,55.0,2.0,.266,.327,.407,.734,.291,70.00,2351.0,182.0,162.0,2025
669720,Austin Hays,135,San Diego Padres,,LF,2026,70.0,67.0,16.0,1.0,0.0,2.0,3.0,1.0,20.0,0.0,0.0,0.0,23.0,10.0,3.0,.239,.271,.343,.614,.311,33.50,270.0,21.0,10.0,416.0,380.0,101.0,16.0,5.0,15.0,29.0,2.0,107.0,1.0,6.0,0.0,172.0,64.0,9.0,.266,.315,.453,.768,.326,25.33,1559.0,86.0,92.0,2025
665622,Luis Medina,133,Athletics,,P,2026,,,,,,,,,,,,,,,,,,,,,,,,,,,,,,,,,,,,,,,,,,,,,,,,,2025
661531,Brian Serven,133,Athletics,,C,2026,47.0,46.0,10.0,0.0,0.0,4.0,1.0,0.0,13.0,0.0,0.0,0.0,22.0,11.0,2.0,.217,.234,.478,.712,.207,11.50,181.0,13.0,10.0,,,,,,,,,,,,,,,,,,,,,,,,,2025
596001,Jakob Junis,140,Texas Rangers,,P,2026,,,,,,,,,,,,,,,,,,,,,,,,,,,,,,,,,,,,,,,,,,,,,,,,,2025
663586,Austin Riley,144,Atlanta Braves,,3B,2026,523.0,470.0,104.0,20.0,1.0,15.0,40.0,0.0,167.0,10.0,3.0,0.0,171.0,60.0,10.0,.221,.294,.364,.658,.306,31.33,2113.0,80.0,122.0,447.0,416.0,108.0,20.0,1.0,16.0,27.0,1.0,128.0,3.0,1.0,0.0,178.0,54.0,9.0,.260,.309,.428,.737,.337,26.00,1791.0,69.0,112.0,2025
669743,Alex Call,119,Los Angeles Dodgers,,LF,2026,159.0,134.0,35.0,7.0,0.0,1.0,19.0,0.0,28.0,4.0,2.0,0.0,45.0,18.0,2.0,.261,.365,.336,.701,.318,134.00,699.0,35.0,38.0,322.0,270.0,72.0,13.0,2.0,5.0,36.0,0.0,55.0,6.0,4.0,6.0,104.0,31.0,6.0,.267,.361,.385,.746,.313,54.00,1314.0,80.0,73.0,2025
596019,Francisco Lindor,121,New York Mets,,SS,2026,327.0,289.0,69.0,8.0,4.0,13.0,35.0,0.0,59.0,3.0,0.0,0.0,124.0,33.0,3.0,.239,.327,.429,.756,.258,22.23,1404.0,65.0,96.0,732.0,644.0,172.0,35.0,0.0,31.0,65.0,2.0,131.0,16.0,7.0,0.0,300.0,86.0,9.0,.267,.346,.466,.812,.288,20.77,2940.0,149.0,199.0,2025
593958,Eduardo Rodriguez,109,Arizona Diamondbacks,,P,2026,,,,,,,,,,,,,,,,,,,,,,,,,,,,,,,,,,,,,,,,,,,,,,,,,2025
593974,Wandy Peralta,135,San Diego Padres,,P,2026,0.0,0.0,0.0,0.0,0.0,0.0,0.0,0.0,0.0,0.0,0.0,0.0,0.0,0.0,0.0,.000,.000,.000,.000,.---,-.--,0.0,0.0,0.0,,,,,,,,,,,,,,,,,,,,,,,,,2025
677943,Will Banfield,113,Cincinnati Reds,,C,2026,4.0,4.0,0.0,0.0,0.0,0.0,0.0,0.0,1.0,0.0,0.0,0.0,0.0,0.0,0.0,.000,.000,.000,.000,.000,-.--,14.0,1.0,2.0,10.0,10.0,1.0,0.0,0.0,0.0,0.0,0.0,6.0,0.0,0.0,0.0,1.0,0.0,1.0,.100,.100,.100,.200,.250,-.--,44.0,2.0,1.0,2025
571448,Nolan Arenado,109,Arizona Diamondbacks,,3B,2026,484.0,430.0,102.0,20.0,1.0,21.0,43.0,2.0,101.0,7.0,3.0,0.0,187.0,65.0,10.0,.237,.315,.435,.750,.260,20.48,1956.0,99.0,131.0,436.0,401.0,95.0,18.0,1.0,12.0,28.0,4.0,49.0,3.0,4.0,0.0,151.0,52.0,10.0,.237,.289,.377,.666,.241,33.42,1586.0,101.0,160.0,2025
677950,Alek Thomas,119,Los Angeles Dodgers,,CF,2026,111.0,104.0,20.0,9.0,0.0,2.0,4.0,0.0,26.0,2.0,0.0,1.0,35.0,13.0,3.0,.192,.236,.337,.573,.237,52.00,393.0,27.0,32.0,469.0,433.0,108.0,19.0,3.0,9.0,21.0,0.0,122.0,5.0,4.0,6.0,160.0,38.0,2.0,.249,.289,.370,.659,.324,48.11,1678.0,131.0,82.0,2025
665660,Elvis Alvarado,133,Athletics,,P,2026,,,,,,,,,,,,,,,,,,,,,,,,,0.0,0.0,0.0,0.0,0.0,0.0,0.0,0.0,0.0,0.0,0.0,0.0,0.0,0.0,0.0,.000,.000,.000,.000,.---,-.--,0.0,0.0,0.0,2025
677951,Bobby Witt Jr.,118,Kansas City Royals,,SS,2026,504.0,445.0,128.0,26.0,1.0,16.0,54.0,7.0,89.0,2.0,3.0,0.0,204.0,48.0,6.0,.288,.365,.458,.823,.327,27.81,1868.0,85.0,146.0,687.0,623.0,184.0,47.0,6.0,23.0,49.0,8.0,125.0,8.0,7.0,0.0,312.0,88.0,7.0,.295,.351,.501,.852,.334,27.09,2511.0,124.0,197.0,2025
677952,Braxton Ashcraft,134,Pittsburgh Pirates,,P,2026,,,,,,,,,,,,,,,,,,,,,,,,,,,,,,,,,,,,,,,,,,,,,,,,,2025
665665,Reiver Sanmartin,137,San Francisco Giants,,P,2026,,,,,,,,,,,,,,,,,,,,,,,,,,,,,,,,,,,,,,,,,,,,,,,,,2025
663616,Trevor Larnach,142,Minnesota Twins,,LF,2026,385.0,340.0,89.0,19.0,1.0,10.0,41.0,1.0,69.0,3.0,0.0,1.0,140.0,42.0,8.0,.262,.346,.412,.758,.303,34.00,1518.0,78.0,105.0,567.0,503.0,126.0,24.0,1.0,17.0,53.0,2.0,122.0,4.0,6.0,0.0,203.0,60.0,19.0,.250,.323,.404,.727,.295,29.59,2191.0,124.0,137.0,2025
677955,Jaden Hill,115,Colorado Rockies,,P,2026,,,,,,,,,,,,,,,,,,,,,,,,,,,,,,,,,,,,,,,,,,,,,,,,,2025
608324,Alex Bregman,112,Chicago Cubs,,3B,2026,595.0,516.0,131.0,24.0,1.0,19.0,65.0,2.0,94.0,8.0,6.0,0.0,214.0,69.0,15.0,.254,.343,.415,.758,.274,27.16,2365.0,122.0,175.0,495.0,433.0,118.0,28.0,0.0,18.0,51.0,3.0,70.0,9.0,2.0,0.0,200.0,62.0,12.0,.273,.360,.462,.822,.288,24.06,1947.0,101.0,146.0,2025
682052,Jacob Lopez,133,Athletics,,P,2026,,,,,,,,,,,,,,,,,,,,,,,,,,,,,,,,,,,,,,,,,,,,,,,,,2025
677958,Kumar Rocker,140,Texas Rangers,,P,2026,,,,,,,,,,,,,,,,,,,,,,,,,,,,,,,,,,,,,,,,,,,,,,,,,2025
677976,Randy Dobnak,118,Kansas City Royals,,P,2026,,,,,,,,,,,,,,,,,,,,,,,,,,,,,,,,,,,,,,,,,,,,,,,,,2025
663623,Jake Irvin,120,Washington Nationals,,P,2026,,,,,,,,,,,,,,,,,,,,,,,,,,,,,,,,,,,,,,,,,,,,,,,,,2025
608348,Carson Kelly,112,Chicago Cubs,,C,2026,347.0,309.0,81.0,12.0,0.0,8.0,35.0,0.0,58.0,3.0,0.0,0.0,117.0,45.0,9.0,.262,.343,.379,.722,.300,38.62,1362.0,83.0,87.0,421.0,369.0,92.0,13.0,1.0,17.0,45.0,0.0,80.0,3.0,4.0,0.0,158.0,50.0,11.0,.249,.333,.428,.761,.272,21.71,1667.0,88.0,113.0,2025
663647,Ke'Bryan Hayes,113,Cincinnati Reds,,3B,2026,207.0,192.0,29.0,2.0,1.0,5.0,13.0,0.0,39.0,2.0,0.0,0.0,48.0,8.0,5.0,.151,.213,.250,.463,.162,38.40,737.0,49.0,75.0,570.0,527.0,124.0,16.0,3.0,5.0,36.0,1.0,111.0,5.0,1.0,1.0,161.0,49.0,12.0,.235,.290,.306,.596,.289,105.40,2154.0,154.0,140.0,2025
694374,Tim Tawa,109,Arizona Diamondbacks,,1B,2026,245.0,218.0,54.0,10.0,0.0,8.0,18.0,0.0,54.0,0.0,3.0,6.0,88.0,32.0,6.0,.248,.301,.404,.705,.289,27.25,982.0,64.0,55.0,225.0,199.0,40.0,8.0,0.0,7.0,20.0,0.0,64.0,1.0,3.0,2.0,69.0,18.0,6.0,.201,.274,.347,.621,.252,28.43,876.0,54.0,46.0,2025
694376,Shay Whitcomb,137,San Francisco Giants,,3B,2026,31.0,30.0,3.0,0.0,0.0,2.0,1.0,0.0,13.0,0.0,0.0,0.0,9.0,5.0,0.0,.100,.129,.300,.429,.067,15.00,113.0,3.0,11.0,32.0,32.0,4.0,0.0,0.0,1.0,0.0,0.0,10.0,0.0,0.0,0.0,7.0,1.0,0.0,.125,.125,.219,.344,.143,32.00,138.0,10.0,8.0,2025
694377,Nick Yorke,134,Pittsburgh Pirates,,3B,2026,106.0,96.0,20.0,4.0,0.0,1.0,7.0,0.0,22.0,2.0,1.0,0.0,27.0,12.0,3.0,.208,.274,.281,.555,.257,96.00,415.0,34.0,21.0,72.0,69.0,16.0,3.0,0.0,1.0,3.0,0.0,15.0,0.0,0.0,0.0,22.0,8.0,1.0,.232,.264,.319,.583,.283,69.00,284.0,21.0,17.0,2025
690279,Mason Adams,115,Colorado Rockies,,P,2026,,,,,,,,,,,,,,,,,,,,,,,,,,,,,,,,,,,,,,,,,,,,,,,,,2025
657514,Brennan Bernardino,115,Colorado Rockies,,P,2026,,,,,,,,,,,,,,,,,,,,,,,,,0.0,0.0,0.0,0.0,0.0,0.0,0.0,0.0,0.0,0.0,0.0,0.0,0.0,0.0,0.0,.000,.000,.000,.000,.---,-.--,0.0,0.0,0.0,2025
594027,Tyron Guerrero,111,Boston Red Sox,,P,2026,,,,,,,,,,,,,,,,,,,,,,,,,,,,,,,,,,,,,,,,,,,,,,,,,2025
667755,José Soriano,141,Toronto Blue Jays,,P,2026,,,,,,,,,,,,,,,,,,,,,,,,,,,,,,,,,,,,,,,,,,,,,,,,,2025
694378,Jacob Gonzalez,134,Pittsburgh Pirates,,SS,2026,186.0,172.0,37.0,7.0,0.0,6.0,9.0,0.0,36.0,3.0,1.0,1.0,62.0,28.0,5.0,.215,.265,.360,.625,.237,28.67,732.0,48.0,53.0,,,,,,,,,,,,,,,,,,,,,,,,,2025
701785,Kaelen Culpepper,142,Minnesota Twins,,SS,2026,59.0,54.0,18.0,2.0,0.0,2.0,2.0,0.0,15.0,2.0,1.0,0.0,26.0,5.0,1.0,.333,.373,.481,.854,.421,27.00,215.0,11.0,11.0,,,,,,,,,,,,,,,,,,,,,,,,,2025
663662,Daz Cameron,141,Toronto Blue Jays,,RF,2026,18.0,17.0,5.0,1.0,0.0,1.0,0.0,0.0,5.0,0.0,1.0,0.0,9.0,3.0,0.0,.294,.278,.529,.807,.333,17.00,73.0,2.0,6.0,42.0,41.0,8.0,1.0,0.0,1.0,1.0,0.0,13.0,0.0,0.0,0.0,12.0,3.0,1.0,.195,.214,.293,.507,.259,41.00,159.0,6.0,14.0,2025
663656,Kyle Tucker,119,Los Angeles Dodgers,,RF,2026,510.0,442.0,102.0,19.0,3.0,11.0,61.0,1.0,94.0,3.0,4.0,0.0,160.0,57.0,4.0,.231,.325,.362,.687,.267,40.18,2027.0,107.0,143.0,597.0,500.0,133.0,25.0,4.0,22.0,87.0,7.0,88.0,4.0,3.0,1.0,232.0,73.0,8.0,.266,.377,.464,.841,.282,22.73,2306.0,114.0,169.0,2025
608369,Corey Seager,140,Texas Rangers,,SS,2026,309.0,268.0,61.0,12.0,0.0,13.0,36.0,4.0,76.0,3.0,2.0,0.0,112.0,34.0,9.0,.228,.324,.418,.742,.265,20.62,1137.0,65.0,68.0,445.0,380.0,103.0,19.0,0.0,21.0,58.0,10.0,87.0,5.0,2.0,0.0,185.0,50.0,13.0,.271,.373,.487,.860,.299,18.10,1668.0,100.0,92.0,2025
608372,Tomoyuki Sugano,115,Colorado Rockies,,P,2026,,,,,,,,,,,,,,,,,,,,,,,,,,,,,,,,,,,,,,,,,,,,,,,,,2025
675961,Alika Williams,133,Athletics,,SS,2026,157.0,145.0,38.0,13.0,0.0,2.0,6.0,0.0,37.0,2.0,1.0,3.0,57.0,10.0,3.0,.262,.299,.393,.692,.336,72.50,585.0,38.0,36.0,,,,,,,,,,,,,,,,,,,,,,,,,2025
571510,Matthew Boyd,112,Chicago Cubs,,P,2026,,,,,,,,,,,,,,,,,,,,,,,,,,,,,,,,,,,,,,,,,,,,,,,,,2025
678011,Anthony Seigler,111,Boston Red Sox,,2B,2026,166.0,144.0,36.0,12.0,1.0,3.0,17.0,0.0,27.0,1.0,2.0,2.0,59.0,13.0,3.0,.250,.329,.410,.739,.284,48.00,610.0,39.0,46.0,73.0,62.0,12.0,1.0,0.0,0.0,8.0,0.0,16.0,1.0,1.0,1.0,13.0,5.0,2.0,.194,.292,.210,.502,.255,-.--,276.0,19.0,17.0,2025
678022,Jack Perkins,133,Athletics,,P,2026,0.0,0.0,0.0,0.0,0.0,0.0,0.0,0.0,0.0,0.0,0.0,0.0,0.0,0.0,0.0,.000,.000,.000,.000,.---,-.--,0.0,0.0,0.0,,,,,,,,,,,,,,,,,,,,,,,,,2025
608379,Michael Wacha,118,Kansas City Royals,,P,2026,,,,,,,,,,,,,,,,,,,,,,,,,,,,,,,,,,,,,,,,,,,,,,,,,2025
663687,Hogan Harris,133,Athletics,,P,2026,,,,,,,,,,,,,,,,,,,,,,,,,,,,,,,,,,,,,,,,,,,,,,,,,2025
682120,Tim Herrin,114,Cleveland Guardians,,P,2026,,,,,,,,,,,,,,,,,,,,,,,,,0.0,0.0,0.0,0.0,0.0,0.0,0.0,0.0,0.0,0.0,0.0,0.0,0.0,0.0,0.0,.000,.000,.000,.000,.---,-.--,0.0,0.0,0.0,2025
645261,Sandy Alcantara,146,Miami Marlins,,P,2026,,,,,,,,,,,,,,,,,,,,,,,,,,,,,,,,,,,,,,,,,,,,,,,,,2025
686217,Sal Frelick,158,Milwaukee Brewers,,RF,2026,313.0,276.0,65.0,14.0,0.0,4.0,25.0,1.0,31.0,2.0,3.0,1.0,91.0,34.0,4.0,.236,.301,.330,.631,.250,69.00,1195.0,101.0,83.0,594.0,528.0,152.0,20.0,3.0,12.0,47.0,0.0,80.0,7.0,5.0,3.0,214.0,63.0,4.0,.288,.351,.405,.756,.317,44.00,2311.0,153.0,151.0,2025
647304,Josh Naylor,136,Seattle Mariners,,1B,2026,531.0,483.0,131.0,18.0,0.0,10.0,40.0,3.0,67.0,5.0,2.0,0.0,179.0,47.0,16.0,.271,.332,.371,.703,.297,48.30,1749.0,147.0,140.0,604.0,543.0,160.0,29.0,1.0,20.0,48.0,4.0,83.0,4.0,5.0,0.0,251.0,92.0,17.0,.295,.353,.462,.815,.315,27.15,2013.0,158.0,147.0,2025
686228,Juan Burgos,109,Arizona Diamondbacks,,P,2026,,,,,,,,,,,,,,,,,,,,,,,,,,,,,,,,,,,,,,,,,,,,,,,,,2025
596117,Garrett Stubbs,143,Philadelphia Phillies,,C,2026,52.0,47.0,7.0,0.0,0.0,0.0,2.0,0.0,11.0,2.0,1.0,0.0,7.0,3.0,0.0,.149,.212,.149,.361,.189,-.--,193.0,16.0,14.0,1.0,1.0,0.0,0.0,0.0,0.0,0.0,0.0,0.0,0.0,0.0,0.0,0.0,0.0,0.0,.000,.000,.000,.000,.000,-.--,4.0,1.0,0.0,2025
665750,Leody Taveras,110,Baltimore Orioles,,CF,2026,406.0,359.0,82.0,13.0,6.0,7.0,36.0,0.0,99.0,1.0,1.0,9.0,128.0,46.0,7.0,.228,.300,.357,.657,.295,51.29,1605.0,84.0,104.0,180.0,171.0,35.0,6.0,1.0,3.0,5.0,0.0,50.0,0.0,1.0,3.0,52.0,17.0,0.0,.205,.226,.304,.530,.269,57.00,693.0,33.0,57.0,2025
702616,Jackson Holliday,110,Baltimore Orioles,,2B,2026,281.0,242.0,57.0,10.0,1.0,6.0,34.0,2.0,63.0,0.0,4.0,1.0,87.0,27.0,6.0,.236,.325,.360,.685,.288,40.33,1078.0,59.0,68.0,649.0,586.0,142.0,21.0,3.0,17.0,56.0,1.0,140.0,6.0,1.0,0.0,220.0,55.0,4.0,.242,.314,.375,.689,.291,34.47,2450.0,167.0,138.0,2025
645277,Ozzie Albies,144,Atlanta Braves,,2B,2026,563.0,505.0,129.0,23.0,0.0,20.0,39.0,1.0,79.0,6.0,13.0,0.0,212.0,67.0,4.0,.255,.309,.420,.729,.260,25.25,2055.0,114.0,196.0,667.0,603.0,145.0,23.0,2.0,16.0,55.0,2.0,94.0,4.0,5.0,0.0,220.0,74.0,9.0,.240,.306,.365,.671,.259,37.69,2402.0,146.0,223.0,2025
657571,Caleb Ferguson,138,St. Louis Cardinals,,P,2026,,,,,,,,,,,,,,,,,,,,,,,,,,,,,,,,,,,,,,,,,,,,,,,,,2025
678061,Ray Kerr,144,Atlanta Braves,,P,2026,,,,,,,,,,,,,,,,,,,,,,,,,,,,,,,,,,,,,,,,,,,,,,,,,2025
622761,Jorge Mateo,139,Tampa Bay Rays,,SS,2026,154.0,144.0,34.0,7.0,0.0,5.0,10.0,0.0,44.0,0.0,0.0,0.0,56.0,14.0,2.0,.236,.286,.389,.675,.305,28.80,604.0,28.0,38.0,83.0,79.0,14.0,4.0,0.0,1.0,4.0,0.0,30.0,0.0,0.0,0.0,21.0,3.0,1.0,.177,.217,.266,.483,.271,79.00,336.0,17.0,18.0,2025
596133,Luke Weaver,134,Pittsburgh Pirates,,P,2026,0.0,0.0,0.0,0.0,0.0,0.0,0.0,0.0,0.0,0.0,0.0,0.0,0.0,0.0,0.0,.000,.000,.000,.000,.---,-.--,0.0,0.0,0.0,,,,,,,,,,,,,,,,,,,,,,,,,2025
596142,Gary Sánchez,158,Milwaukee Brewers,,C,2026,232.0,189.0,40.0,9.0,1.0,10.0,39.0,0.0,47.0,3.0,1.0,0.0,81.0,31.0,8.0,.212,.353,.429,.782,.226,18.90,985.0,47.0,56.0,101.0,91.0,21.0,2.0,0.0,5.0,4.0,0.0,27.0,5.0,1.0,0.0,38.0,24.0,2.0,.231,.297,.418,.715,.267,18.20,415.0,21.0,23.0,2025
671922,Cade Smith,114,Cleveland Guardians,,P,2026,0.0,0.0,0.0,0.0,0.0,0.0,0.0,0.0,0.0,0.0,0.0,0.0,0.0,0.0,0.0,.000,.000,.000,.000,.---,-.--,0.0,0.0,0.0,,,,,,,,,,,,,,,,,,,,,,,,,2025
663728,Cal Raleigh,136,Seattle Mariners,,C,2026,412.0,350.0,59.0,8.0,0.0,18.0,56.0,0.0,127.0,3.0,3.0,0.0,121.0,52.0,5.0,.169,.286,.346,.632,.197,19.44,1797.0,52.0,115.0,705.0,596.0,147.0,24.0,0.0,60.0,97.0,17.0,188.0,9.0,3.0,0.0,351.0,125.0,6.0,.247,.359,.589,.948,.248,9.93,2833.0,79.0,185.0,2025
596146,Max Kepler,109,Arizona Diamondbacks,,LF,2026,131.0,118.0,25.0,7.0,0.0,2.0,11.0,1.0,29.0,0.0,2.0,0.0,38.0,15.0,3.0,.212,.275,.322,.597,.258,59.00,488.0,21.0,45.0,474.0,417.0,90.0,19.0,0.0,18.0,48.0,3.0,93.0,4.0,4.0,1.0,163.0,52.0,10.0,.216,.300,.391,.691,.232,23.17,1826.0,95.0,144.0,2025
645302,Victor Robles,136,Seattle Mariners,,RF,2026,145.0,130.0,34.0,3.0,2.0,0.0,9.0,0.0,22.0,3.0,1.0,2.0,41.0,9.0,4.0,.262,.322,.315,.637,.312,-.--,510.0,34.0,43.0,114.0,106.0,26.0,4.0,1.0,1.0,3.0,0.0,26.0,3.0,2.0,0.0,35.0,9.0,3.0,.245,.281,.330,.611,.309,106.00,375.0,29.0,27.0,2025
663738,Daniel Lynch IV,118,Kansas City Royals,,P,2026,,,,,,,,,,,,,,,,,,,,,,,,,0.0,0.0,0.0,0.0,0.0,0.0,0.0,0.0,0.0,0.0,0.0,0.0,0.0,0.0,0.0,.000,.000,.000,.000,.---,-.--,0.0,0.0,0.0,2025
803011,Sam Antonacci,145,Chicago White Sox,,LF,2026,448.0,385.0,103.0,19.0,3.0,8.0,35.0,0.0,72.0,24.0,1.0,3.0,152.0,38.0,1.0,.268,.364,.395,.759,.310,48.12,1789.0,130.0,84.0,,,,,,,,,,,,,,,,,,,,,,,,,2025
663743,Nick Fortes,139,Tampa Bay Rays,,C,2026,281.0,259.0,68.0,14.0,0.0,4.0,9.0,0.0,34.0,8.0,1.0,4.0,94.0,29.0,6.0,.263,.307,.363,.670,.288,64.75,954.0,86.0,76.0,242.0,218.0,50.0,9.0,1.0,5.0,14.0,0.0,47.0,7.0,1.0,2.0,76.0,21.0,7.0,.229,.296,.349,.645,.269,43.60,915.0,59.0,65.0,2025
696522,Hayden Juenger,133,Athletics,,P,2026,,,,,,,,,,,,,,,,,,,,,,,,,,,,,,,,,,,,,,,,,,,,,,,,,2025
694477,Chad Patrick,158,Milwaukee Brewers,,P,2026,0.0,0.0,0.0,0.0,0.0,0.0,0.0,0.0,0.0,0.0,0.0,0.0,0.0,0.0,0.0,.000,.000,.000,.000,.---,-.--,0.0,0.0,0.0,,,,,,,,,,,,,,,,,,,,,,,,,2025
665804,Miguel Amaya,112,Chicago Cubs,,C,2026,215.0,184.0,42.0,9.0,0.0,5.0,21.0,0.0,56.0,8.0,0.0,1.0,66.0,22.0,8.0,.228,.333,.359,.692,.301,36.80,886.0,33.0,54.0,103.0,96.0,27.0,9.0,0.0,4.0,4.0,0.0,22.0,1.0,1.0,1.0,48.0,25.0,0.0,.281,.314,.500,.814,.324,24.00,385.0,22.0,27.0,2025
674003,Cody Bradford,140,Texas Rangers,,P,2026,,,,,,,,,,,,,,,,,,,,,,,,,,,,,,,,,,,,,,,,,,,,,,,,,2025
663767,Chase Shugart,143,Philadelphia Phillies,,P,2026,0.0,0.0,0.0,0.0,0.0,0.0,0.0,0.0,0.0,0.0,0.0,0.0,0.0,0.0,0.0,.000,.000,.000,.000,.---,-.--,0.0,0.0,0.0,,,,,,,,,,,,,,,,,,,,,,,,,2025
663776,Patrick Sandoval,111,Boston Red Sox,,P,2026,,,,,,,,,,,,,,,,,,,,,,,,,,,,,,,,,,,,,,,,,,,,,,,,,2025
643289,Mauricio Dubón,144,Atlanta Braves,,LF,2026,504.0,466.0,125.0,24.0,2.0,10.0,30.0,0.0,62.0,2.0,2.0,1.0,183.0,63.0,6.0,.268,.314,.393,.707,.290,46.60,1852.0,126.0,156.0,398.0,369.0,89.0,21.0,0.0,7.0,24.0,0.0,42.0,1.0,1.0,3.0,131.0,33.0,12.0,.241,.289,.355,.644,.255,52.71,1346.0,110.0,132.0,2025
694497,Evan Carter,140,Texas Rangers,,CF,2026,376.0,321.0,63.0,13.0,2.0,8.0,43.0,0.0,90.0,4.0,1.0,7.0,104.0,32.0,1.0,.196,.298,.324,.622,.246,40.12,1543.0,71.0,105.0,220.0,194.0,48.0,9.0,2.0,5.0,19.0,1.0,41.0,7.0,0.0,0.0,76.0,25.0,2.0,.247,.336,.392,.728,.291,38.80,822.0,49.0,56.0,2025
669923,George Kirby,136,Seattle Mariners,,P,2026,,,,,,,,,,,,,,,,,,,,,,,,,,,,,,,,,,,,,,,,,,,,,,,,,2025
700652,Kenny Piper,139,Tampa Bay Rays,,C,2026,9.0,8.0,2.0,0.0,0.0,1.0,1.0,0.0,2.0,0.0,0.0,0.0,5.0,2.0,0.0,.250,.333,.625,.958,.200,8.00,37.0,1.0,3.0,,,,,,,,,,,,,,,,,,,,,,,,,2025
665833,Oneil Cruz,134,Pittsburgh Pirates,,CF,2026,310.0,273.0,71.0,10.0,1.0,17.0,34.0,3.0,109.0,3.0,0.0,0.0,134.0,52.0,3.0,.260,.348,.491,.839,.367,16.06,1278.0,59.0,34.0,544.0,471.0,94.0,18.0,3.0,20.0,64.0,4.0,174.0,4.0,5.0,0.0,178.0,61.0,6.0,.200,.298,.378,.676,.262,23.55,2235.0,111.0,97.0,2025
671976,Tristan Peters,145,Chicago White Sox,,CF,2026,396.0,354.0,98.0,26.0,3.0,11.0,31.0,0.0,72.0,5.0,2.0,4.0,163.0,50.0,0.0,.277,.342,.460,.802,.319,32.18,1429.0,87.0,103.0,12.0,12.0,0.0,0.0,0.0,0.0,0.0,0.0,7.0,0.0,0.0,0.0,0.0,0.0,0.0,.000,.000,.000,.000,.000,-.--,46.0,1.0,4.0,2025
676083,Janson Junk,146,Miami Marlins,,P,2026,,,,,,,,,,,,,,,,,,,,,,,,,,,,,,,,,,,,,,,,,,,,,,,,,2025
700669,Gordon Graceffo,138,St. Louis Cardinals,,P,2026,,,,,,,,,,,,,,,,,,,,,,,,,,,,,,,,,,,,,,,,,,,,,,,,,2025
682243,Bryce Miller,136,Seattle Mariners,,P,2026,,,,,,,,,,,,,,,,,,,,,,,,,,,,,,,,,,,,,,,,,,,,,,,,,2025
676106,Emerson Hancock,136,Seattle Mariners,,P,2026,,,,,,,,,,,,,,,,,,,,,,,,,0.0,0.0,0.0,0.0,0.0,0.0,0.0,0.0,0.0,0.0,0.0,0.0,0.0,0.0,0.0,.000,.000,.000,.000,.---,-.--,0.0,0.0,0.0,2025
682254,Mason Montgomery,134,Pittsburgh Pirates,,P,2026,,,,,,,,,,,,,,,,,,,,,,,,,,,,,,,,,,,,,,,,,,,,,,,,,2025
592155,Cam Booser,139,Tampa Bay Rays,,P,2026,,,,,,,,,,,,,,,,,,,,,,,,,,,,,,,,,,,,,,,,,,,,,,,,,2025
665877,José Fermín,138,St. Louis Cardinals,,LF,2026,287.0,254.0,62.0,14.0,0.0,6.0,26.0,0.0,35.0,1.0,2.0,2.0,94.0,33.0,9.0,.244,.314,.370,.684,.260,42.33,1190.0,72.0,89.0,70.0,60.0,17.0,5.0,0.0,1.0,8.0,0.0,10.0,1.0,0.0,1.0,25.0,9.0,0.0,.283,.377,.417,.794,.327,60.00,271.0,16.0,18.0,2025
641302,Tyler Alexander,140,Texas Rangers,,P,2026,,,,,,,,,,,,,,,,,,,,,,,,,1.0,1.0,0.0,0.0,0.0,0.0,0.0,0.0,0.0,0.0,0.0,0.0,0.0,0.0,0.0,.000,.000,.000,.000,.000,-.--,3.0,1.0,0.0,2025
702752,Jonathan Pintaro,121,New York Mets,,P,2026,,,,,,,,,,,,,,,,,,,,,,,,,,,,,,,,,,,,,,,,,,,,,,,,,2025
700712,Walbert Ureña,108,Los Angeles Angels,,P,2026,,,,,,,,,,,,,,,,,,,,,,,,,,,,,,,,,,,,,,,,,,,,,,,,,2025
663855,Jordan Hicks,145,Chicago White Sox,,P,2026,,,,,,,,,,,,,,,,,,,,,,,,,,,,,,,,,,,,,,,,,,,,,,,,,2025
643376,Danny Jansen,140,Texas Rangers,,C,2026,156.0,136.0,23.0,7.0,1.0,4.0,13.0,0.0,46.0,5.0,0.0,2.0,44.0,15.0,6.0,.169,.266,.324,.590,.221,34.00,632.0,29.0,40.0,337.0,288.0,62.0,11.0,0.0,14.0,42.0,0.0,86.0,4.0,2.0,1.0,115.0,36.0,5.0,.215,.321,.399,.720,.253,20.57,1353.0,45.0,98.0,2025
641329,Bryan Baker,139,Tampa Bay Rays,,P,2026,0.0,0.0,0.0,0.0,0.0,0.0,0.0,0.0,0.0,0.0,0.0,0.0,0.0,0.0,0.0,.000,.000,.000,.000,.---,-.--,0.0,0.0,0.0,0.0,0.0,0.0,0.0,0.0,0.0,0.0,0.0,0.0,0.0,0.0,0.0,0.0,0.0,0.0,.000,.000,.000,.000,.---,-.--,0.0,0.0,0.0,2025
641343,Jake Bauers,158,Milwaukee Brewers,,1B,2026,476.0,401.0,109.0,19.0,2.0,23.0,70.0,4.0,122.0,3.0,2.0,0.0,201.0,75.0,5.0,.272,.382,.501,.883,.333,17.44,1959.0,87.0,85.0,218.0,183.0,43.0,9.0,0.0,7.0,32.0,1.0,59.0,2.0,1.0,0.0,73.0,28.0,1.0,.235,.353,.399,.752,.305,26.14,895.0,35.0,47.0,2025
665923,Esteury Ruiz,146,Miami Marlins,,RF,2026,192.0,158.0,38.0,10.0,1.0,6.0,20.0,0.0,61.0,11.0,1.0,1.0,68.0,11.0,0.0,.241,.363,.430,.793,.348,26.33,754.0,17.0,44.0,23.0,21.0,4.0,0.0,0.0,1.0,2.0,0.0,8.0,0.0,0.0,0.0,7.0,2.0,0.0,.190,.261,.333,.594,.250,21.00,88.0,5.0,4.0,2025
663878,Nate Pearson,118,Kansas City Royals,,P,2026,0.0,0.0,0.0,0.0,0.0,0.0,0.0,0.0,0.0,0.0,0.0,0.0,0.0,0.0,0.0,.000,.000,.000,.000,.---,-.--,0.0,0.0,0.0,,,,,,,,,,,,,,,,,,,,,,,,,2025
665926,Andrés Giménez,141,Toronto Blue Jays,,SS,2026,425.0,391.0,95.0,20.0,1.0,8.0,14.0,2.0,81.0,13.0,5.0,2.0,141.0,49.0,7.0,.243,.288,.361,.649,.283,48.88,1581.0,114.0,108.0,369.0,329.0,69.0,11.0,1.0,7.0,25.0,0.0,66.0,11.0,3.0,1.0,103.0,35.0,8.0,.210,.285,.313,.598,.239,47.00,1452.0,97.0,101.0,2025
678218,Brandon Valenzuela,141,Toronto Blue Jays,,C,2026,237.0,211.0,48.0,9.0,0.0,8.0,23.0,0.0,63.0,1.0,1.0,1.0,81.0,21.0,4.0,.227,.305,.384,.689,.284,26.38,969.0,48.0,54.0,,,,,,,,,,,,,,,,,,,,,,,,,2025
663886,Tyler Stephenson,113,Cincinnati Reds,,C,2026,375.0,329.0,80.0,17.0,0.0,12.0,40.0,1.0,102.0,2.0,4.0,0.0,133.0,43.0,5.0,.243,.325,.404,.729,.311,27.42,1528.0,58.0,93.0,342.0,299.0,69.0,18.0,0.0,13.0,37.0,1.0,116.0,2.0,4.0,0.0,126.0,50.0,4.0,.231,.316,.421,.737,.322,23.00,1389.0,57.0,61.0,2025
670032,Nicky Lopez,140,Texas Rangers,,2B,2026,224.0,202.0,53.0,3.0,1.0,1.0,9.0,0.0,38.0,3.0,2.0,8.0,61.0,22.0,5.0,.262,.301,.302,.603,.315,202.00,843.0,77.0,44.0,28.0,24.0,1.0,0.0,0.0,0.0,4.0,0.0,4.0,0.0,0.0,0.0,1.0,1.0,1.0,.042,.179,.042,.221,.050,-.--,106.0,13.0,6.0,2025
670036,Matt Festa,114,Cleveland Guardians,,P,2026,,,,,,,,,,,,,,,,,,,,,,,,,0.0,0.0,0.0,0.0,0.0,0.0,0.0,0.0,0.0,0.0,0.0,0.0,0.0,0.0,0.0,.000,.000,.000,.000,.---,-.--,0.0,0.0,0.0,2025
663893,Brendon Little,141,Toronto Blue Jays,,P,2026,,,,,,,,,,,,,,,,,,,,,,,,,,,,,,,,,,,,,,,,,,,,,,,,,2025
663903,Brady Singer,113,Cincinnati Reds,,P,2026,,,,,,,,,,,,,,,,,,,,,,,,,,,,,,,,,,,,,,,,,,,,,,,,,2025
657757,Gavin Sheets,135,San Diego Padres,,1B,2026,405.0,349.0,74.0,15.0,0.0,16.0,49.0,0.0,84.0,5.0,2.0,0.0,137.0,46.0,12.0,.212,.316,.393,.709,.231,21.81,1744.0,104.0,89.0,545.0,492.0,124.0,28.0,1.0,19.0,44.0,1.0,107.0,5.0,4.0,0.0,211.0,71.0,9.0,.252,.317,.429,.746,.284,25.90,2279.0,111.0,154.0,2025
545121,Ildemaro Vargas,109,Arizona Diamondbacks,,1B,2026,411.0,382.0,99.0,18.0,5.0,9.0,23.0,2.0,40.0,2.0,2.0,1.0,154.0,63.0,4.0,.259,.303,.403,.706,.269,42.44,1454.0,124.0,122.0,121.0,115.0,31.0,2.0,1.0,3.0,2.0,0.0,15.0,2.0,1.0,1.0,44.0,19.0,3.0,.270,.292,.383,.675,.286,38.33,429.0,46.0,25.0,2025
665953,Andrés Chaparro,120,Washington Nationals,,1B,2026,150.0,127.0,30.0,10.0,0.0,8.0,18.0,0.0,34.0,5.0,0.0,0.0,64.0,32.0,4.0,.236,.353,.504,.857,.259,15.88,578.0,31.0,32.0,73.0,66.0,12.0,2.0,0.0,1.0,5.0,0.0,22.0,1.0,1.0,0.0,17.0,5.0,0.0,.182,.247,.258,.505,.250,66.00,282.0,15.0,18.0,2025
801126,Brock Rodden,136,Seattle Mariners,,SS,2026,35.0,29.0,6.0,2.0,1.0,0.0,5.0,0.0,13.0,0.0,1.0,0.0,10.0,3.0,0.0,.207,.314,.345,.659,.353,-.--,138.0,4.0,7.0,,,,,,,,,,,,,,,,,,,,,,,,,2025
678246,Miguel Vargas,145,Chicago White Sox,,3B,2026,573.0,480.0,119.0,30.0,1.0,29.0,80.0,4.0,100.0,7.0,5.0,0.0,238.0,75.0,8.0,.248,.360,.496,.856,.253,16.55,2253.0,90.0,176.0,569.0,504.0,118.0,32.0,2.0,16.0,56.0,0.0,100.0,6.0,3.0,0.0,202.0,60.0,9.0,.234,.316,.401,.717,.261,31.50,2323.0,91.0,198.0,2025
670059,Colin Holderman,114,Cleveland Guardians,,P,2026,,,,,,,,,,,,,,,,,,,,,,,,,,,,,,,,,,,,,,,,,,,,,,,,,2025
547180,Bryce Harper,143,Philadelphia Phillies,,1B,2026,567.0,465.0,123.0,25.0,3.0,26.0,94.0,3.0,118.0,1.0,7.0,0.0,232.0,75.0,17.0,.265,.384,.499,.883,.296,17.88,2244.0,119.0,112.0,580.0,501.0,131.0,32.0,0.0,27.0,70.0,6.0,121.0,6.0,3.0,0.0,244.0,75.0,5.0,.261,.357,.487,.844,.292,18.56,2172.0,127.0,125.0,2025
670062,Julian Garcia,113,Cincinnati Reds,,P,2026,,,,,,,,,,,,,,,,,,,,,,,,,,,,,,,,,,,,,,,,,,,,,,,,,2025
665966,Carlos Narváez,110,Baltimore Orioles,,C,2026,243.0,213.0,36.0,7.0,0.0,3.0,16.0,0.0,80.0,6.0,3.0,5.0,52.0,10.0,7.0,.169,.244,.244,.488,.248,71.00,991.0,44.0,61.0,446.0,403.0,97.0,27.0,0.0,15.0,38.0,0.0,111.0,1.0,2.0,2.0,169.0,50.0,12.0,.241,.306,.419,.725,.294,26.87,1829.0,98.0,101.0,2025
801139,Payton Tolle,111,Boston Red Sox,,P,2026,,,,,,,,,,,,,,,,,,,,,,,,,,,,,,,,,,,,,,,,,,,,,,,,,2025
694646,Chayce McDermott,121,New York Mets,,P,2026,,,,,,,,,,,,,,,,,,,,,,,,,,,,,,,,,,,,,,,,,,,,,,,,,2025
571771,Enrique Hernández,119,Los Angeles Dodgers,,1B,2026,36.0,34.0,8.0,2.0,0.0,2.0,2.0,0.0,10.0,0.0,0.0,0.0,16.0,5.0,0.0,.235,.278,.471,.749,.273,17.00,126.0,8.0,8.0,256.0,232.0,47.0,8.0,0.0,10.0,18.0,0.0,68.0,0.0,5.0,1.0,85.0,35.0,7.0,.203,.255,.366,.621,.233,23.20,1033.0,52.0,71.0,2025
643446,Jeff McNeil,133,Athletics,,2B,2026,406.0,371.0,98.0,17.0,0.0,6.0,25.0,1.0,45.0,4.0,4.0,1.0,133.0,45.0,12.0,.264,.314,.358,.672,.284,61.83,1433.0,106.0,127.0,462.0,399.0,97.0,21.0,5.0,12.0,49.0,4.0,55.0,8.0,4.0,2.0,164.0,54.0,5.0,.243,.335,.411,.746,.253,33.25,1718.0,109.0,144.0,2025
686469,Vinnie Pasquantino,118,Kansas City Royals,,1B,2026,370.0,322.0,79.0,15.0,2.0,8.0,42.0,3.0,60.0,2.0,4.0,0.0,122.0,38.0,3.0,.245,.332,.379,.711,.275,40.25,1496.0,65.0,122.0,682.0,621.0,164.0,33.0,1.0,32.0,49.0,5.0,107.0,7.0,5.0,0.0,295.0,113.0,14.0,.264,.323,.475,.798,.271,19.41,2572.0,153.0,202.0,2025
663947,Tyler Holton,116,Detroit Tigers,,P,2026,,,,,,,,,,,,,,,,,,,,,,,,,,,,,,,,,,,,,,,,,,,,,,,,,2025
694671,Wyatt Langford,140,Texas Rangers,,LF,2026,348.0,315.0,81.0,16.0,2.0,15.0,30.0,0.0,75.0,3.0,0.0,0.0,146.0,36.0,8.0,.257,.328,.463,.791,.293,21.00,1333.0,63.0,96.0,573.0,489.0,118.0,25.0,1.0,22.0,74.0,3.0,151.0,5.0,5.0,0.0,211.0,62.0,9.0,.241,.344,.431,.775,.299,22.23,2335.0,87.0,138.0,2025
686475,Tyler Tolbert,118,Kansas City Royals,,SS,2026,124.0,107.0,31.0,5.0,0.0,3.0,11.0,0.0,23.0,1.0,1.0,4.0,45.0,8.0,3.0,.290,.358,.421,.779,.341,35.67,431.0,30.0,28.0,57.0,50.0,14.0,2.0,0.0,1.0,1.0,0.0,11.0,3.0,2.0,1.0,19.0,6.0,1.0,.280,.321,.380,.701,.325,50.00,189.0,10.0,18.0,2025
694673,Abimelec Ortiz,120,Washington Nationals,,1B,2026,72.0,68.0,15.0,2.0,0.0,5.0,4.0,0.0,17.0,0.0,0.0,0.0,32.0,10.0,1.0,.221,.264,.471,.735,.217,13.60,322.0,18.0,18.0,,,,,,,,,,,,,,,,,,,,,,,,,2025
676254,Ryan Walker,137,San Francisco Giants,,P,2026,,,,,,,,,,,,,,,,,,,,,,,,,0.0,0.0,0.0,0.0,0.0,0.0,0.0,0.0,0.0,0.0,0.0,0.0,0.0,0.0,0.0,.000,.000,.000,.000,.---,-.--,0.0,0.0,0.0,2025
663969,Tyler Phillips,146,Miami Marlins,,P,2026,,,,,,,,,,,,,,,,,,,,,,,,,,,,,,,,,,,,,,,,,,,,,,,,,2025
663968,Jake Mangum,134,Pittsburgh Pirates,,CF,2026,395.0,359.0,104.0,16.0,2.0,4.0,22.0,1.0,78.0,9.0,2.0,3.0,136.0,28.0,6.0,.290,.344,.379,.723,.358,89.75,1439.0,114.0,68.0,428.0,405.0,120.0,18.0,1.0,3.0,19.0,0.0,64.0,2.0,1.0,1.0,149.0,40.0,4.0,.296,.330,.368,.698,.345,135.00,1442.0,138.0,85.0,2025
666018,Jonathan Aranda,139,Tampa Bay Rays,,1B,2026,561.0,487.0,135.0,20.0,0.0,16.0,59.0,3.0,132.0,8.0,7.0,0.0,203.0,78.0,14.0,.277,.360,.417,.777,.344,30.44,2198.0,100.0,127.0,422.0,370.0,117.0,22.0,0.0,14.0,41.0,3.0,107.0,8.0,3.0,0.0,181.0,59.0,9.0,.316,.393,.489,.882,.409,26.43,1717.0,64.0,85.0,2025
666023,Freddy Fermin,135,San Diego Padres,,C,2026,226.0,199.0,40.0,11.0,0.0,4.0,17.0,0.0,45.0,3.0,2.0,4.0,63.0,16.0,3.0,.201,.271,.317,.588,.237,49.75,870.0,55.0,65.0,347.0,319.0,80.0,13.0,0.0,5.0,19.0,1.0,65.0,2.0,0.0,7.0,108.0,26.0,5.0,.251,.297,.339,.636,.301,63.80,1372.0,88.0,93.0,2025
805299,Brandyn Garcia,109,Arizona Diamondbacks,,P,2026,,,,,,,,,,,,,,,,,,,,,,,,,0.0,0.0,0.0,0.0,0.0,0.0,0.0,0.0,0.0,0.0,0.0,0.0,0.0,0.0,0.0,.000,.000,.000,.000,.---,-.--,0.0,0.0,0.0,2025
676263,Jack Dreyer,119,Los Angeles Dodgers,,P,2026,0.0,0.0,0.0,0.0,0.0,0.0,0.0,0.0,0.0,0.0,0.0,0.0,0.0,0.0,0.0,.000,.000,.000,.000,.---,-.--,0.0,0.0,0.0,,,,,,,,,,,,,,,,,,,,,,,,,2025
805300,Jakob Marsee,146,Miami Marlins,,CF,2026,505.0,423.0,89.0,14.0,5.0,8.0,66.0,1.0,107.0,10.0,1.0,5.0,137.0,30.0,4.0,.210,.330,.324,.654,.262,52.88,1982.0,94.0,139.0,234.0,209.0,61.0,18.0,3.0,5.0,22.0,0.0,48.0,2.0,1.0,0.0,100.0,33.0,2.0,.292,.363,.478,.841,.357,41.80,881.0,52.0,49.0,2025
643511,Tyler Rogers,141,Toronto Blue Jays,,P,2026,,,,,,,,,,,,,,,,,,,,,,,,,0.0,0.0,0.0,0.0,0.0,0.0,0.0,0.0,0.0,0.0,0.0,0.0,0.0,0.0,0.0,.000,.000,.000,.000,.---,-.--,0.0,0.0,0.0,2025
676282,Joey Cantillo,114,Cleveland Guardians,,P,2026,,,,,,,,,,,,,,,,,,,,,,,,,,,,,,,,,,,,,,,,,,,,,,,,,2025
663993,Nathaniel Lowe,114,Cleveland Guardians,,1B,2026,345.0,311.0,81.0,21.0,0.0,14.0,31.0,1.0,81.0,0.0,3.0,0.0,144.0,48.0,2.0,.260,.325,.463,.788,.306,22.21,1428.0,74.0,78.0,609.0,540.0,123.0,23.0,3.0,18.0,62.0,2.0,159.0,2.0,5.0,0.0,206.0,84.0,6.0,.228,.307,.381,.688,.285,30.00,2607.0,130.0,133.0,2025
575929,Willson Contreras,111,Boston Red Sox,,1B,2026,501.0,420.0,118.0,21.0,2.0,26.0,55.0,2.0,124.0,22.0,3.0,1.0,221.0,78.0,8.0,.281,.390,.526,.916,.337,16.15,1932.0,80.0,102.0,563.0,490.0,126.0,31.0,1.0,20.0,44.0,1.0,142.0,23.0,4.0,1.0,219.0,80.0,15.0,.257,.344,.447,.791,.319,24.50,2160.0,112.0,115.0,2025
686527,Dominic Canzone,136,Seattle Mariners,,DH,2026,407.0,363.0,93.0,21.0,1.0,19.0,37.0,2.0,87.0,5.0,2.0,0.0,173.0,58.0,8.0,.256,.332,.477,.809,.286,19.10,1548.0,98.0,87.0,269.0,243.0,73.0,11.0,0.0,11.0,20.0,0.0,59.0,3.0,2.0,0.0,117.0,32.0,6.0,.300,.358,.481,.839,.354,22.09,1028.0,55.0,59.0,2025
518595,Travis d'Arnaud,108,Los Angeles Angels,,C,2026,63.0,55.0,9.0,1.0,0.0,1.0,6.0,0.0,16.0,2.0,0.0,0.0,13.0,3.0,1.0,.164,.270,.236,.506,.211,55.00,236.0,15.0,15.0,231.0,213.0,42.0,13.0,0.0,6.0,13.0,0.0,74.0,4.0,1.0,0.0,73.0,21.0,5.0,.197,.255,.343,.598,.269,35.50,873.0,45.0,53.0,2025
592332,Kevin Gausman,112,Chicago Cubs,,P,2026,,,,,,,,,,,,,,,,,,,,,,,,,,,,,,,,,,,,,,,,,,,,,,,,,2025
608718,Brent Suter,144,Atlanta Braves,,P,2026,,,,,,,,,,,,,,,,,,,,,,,,,,,,,,,,,,,,,,,,,,,,,,,,,2025
641487,J.P. Crawford,136,Seattle Mariners,,SS,2026,367.0,310.0,66.0,11.0,0.0,10.0,50.0,0.0,75.0,5.0,2.0,0.0,107.0,30.0,5.0,.213,.330,.345,.675,.247,31.00,1576.0,90.0,81.0,654.0,570.0,151.0,24.0,0.0,12.0,74.0,1.0,122.0,3.0,1.0,6.0,211.0,58.0,11.0,.265,.352,.370,.722,.318,47.50,2731.0,155.0,149.0,2025
805326,Tyler Schweitzer,145,Chicago White Sox,,P,2026,,,,,,,,,,,,,,,,,,,,,,,,,,,,,,,,,,,,,,,,,,,,,,,,,2025
694738,Landen Roupp,137,San Francisco Giants,,P,2026,,,,,,,,,,,,,,,,,,,,,,,,,,,,,,,,,,,,,,,,,,,,,,,,,2025
664023,Ian Happ,112,Chicago Cubs,,LF,2026,545.0,468.0,103.0,24.0,2.0,23.0,68.0,3.0,166.0,7.0,1.0,1.0,200.0,61.0,11.0,.220,.327,.427,.754,.286,20.35,2328.0,94.0,107.0,663.0,569.0,138.0,32.0,0.0,23.0,87.0,2.0,151.0,2.0,5.0,0.0,239.0,79.0,8.0,.243,.342,.420,.762,.288,24.74,2717.0,120.0,165.0,2025
621016,Jose Cuas,118,Kansas City Royals,,P,2026,,,,,,,,,,,,,,,,,,,,,,,,,,,,,,,,,,,,,,,,,,,,,,,,,2025
670167,John Schreiber,118,Kansas City Royals,,P,2026,,,,,,,,,,,,,,,,,,,,,,,,,0.0,0.0,0.0,0.0,0.0,0.0,0.0,0.0,0.0,0.0,0.0,0.0,0.0,0.0,0.0,.000,.000,.000,.000,.---,-.--,0.0,0.0,0.0,2025
805345,Trent Harris,137,San Francisco Giants,,P,2026,,,,,,,,,,,,,,,,,,,,,,,,,,,,,,,,,,,,,,,,,,,,,,,,,2025
686555,Isaac Collins,118,Kansas City Royals,,LF,2026,435.0,373.0,86.0,20.0,3.0,6.0,51.0,0.0,96.0,6.0,3.0,2.0,130.0,38.0,5.0,.231,.330,.349,.679,.292,62.17,1704.0,84.0,112.0,441.0,372.0,98.0,22.0,3.0,9.0,57.0,0.0,93.0,6.0,3.0,3.0,153.0,54.0,8.0,.263,.368,.411,.779,.326,41.33,1792.0,91.0,96.0,2025
664034,Ty France,135,San Diego Padres,,1B,2026,387.0,341.0,98.0,17.0,2.0,18.0,27.0,1.0,84.0,12.0,6.0,0.0,173.0,56.0,8.0,.287,.355,.507,.862,.327,18.94,1553.0,80.0,85.0,490.0,444.0,114.0,25.0,0.0,7.0,22.0,1.0,83.0,21.0,3.0,0.0,160.0,52.0,11.0,.257,.320,.360,.680,.300,63.43,1873.0,137.0,113.0,2025
686563,Jonathan Cannon,145,Chicago White Sox,,P,2026,,,,,,,,,,,,,,,,,,,,,,,,,,,,,,,,,,,,,,,,,,,,,,,,,2025
664040,Brandon Lowe,134,Pittsburgh Pirates,,2B,2026,549.0,492.0,123.0,26.0,1.0,27.0,48.0,0.0,163.0,2.0,7.0,0.0,232.0,80.0,5.0,.250,.315,.472,.787,.311,18.22,2210.0,92.0,121.0,553.0,507.0,130.0,19.0,0.0,31.0,38.0,1.0,149.0,2.0,6.0,0.0,242.0,83.0,6.0,.256,.307,.477,.784,.297,16.36,2146.0,107.0,127.0,2025
678391,Jorbit Vivas,120,Washington Nationals,,3B,2026,291.0,249.0,59.0,9.0,1.0,3.0,31.0,0.0,40.0,4.0,4.0,2.0,79.0,24.0,3.0,.237,.326,.317,.643,.267,83.00,1032.0,77.0,79.0,66.0,56.0,9.0,2.0,0.0,1.0,5.0,0.0,13.0,3.0,0.0,0.0,14.0,5.0,0.0,.161,.266,.250,.516,.190,56.00,246.0,17.0,17.0,2025
805367,Chase Meidroth,145,Chicago White Sox,,2B,2026,535.0,472.0,128.0,24.0,0.0,12.0,50.0,0.0,121.0,4.0,3.0,5.0,188.0,50.0,8.0,.271,.344,.398,.742,.339,39.33,2224.0,138.0,93.0,505.0,450.0,114.0,15.0,0.0,5.0,45.0,0.0,72.0,6.0,1.0,3.0,144.0,23.0,14.0,.253,.329,.320,.649,.291,90.00,2057.0,149.0,119.0,2025
678394,Brayan Bello,111,Boston Red Sox,,P,2026,,,,,,,,,,,,,,,,,,,,,,,,,,,,,,,,,,,,,,,,,,,,,,,,,2025
688642,Zach Agnos,115,Colorado Rockies,,P,2026,,,,,,,,,,,,,,,,,,,,,,,,,0.0,0.0,0.0,0.0,0.0,0.0,0.0,0.0,0.0,0.0,0.0,0.0,0.0,0.0,0.0,.000,.000,.000,.000,.---,-.--,0.0,0.0,0.0,2025
571912,Luke Maile,118,Kansas City Royals,,C,2026,29.0,28.0,5.0,1.0,0.0,1.0,1.0,0.0,11.0,0.0,0.0,0.0,9.0,5.0,1.0,.179,.207,.321,.528,.250,28.00,105.0,4.0,8.0,54.0,45.0,11.0,2.0,0.0,1.0,7.0,0.0,16.0,0.0,0.0,2.0,16.0,6.0,1.0,.244,.346,.356,.702,.357,45.00,214.0,11.0,9.0,2025
676356,Jonny DeLuca,139,Tampa Bay Rays,,RF,2026,275.0,262.0,71.0,19.0,0.0,8.0,11.0,0.0,54.0,0.0,0.0,2.0,114.0,37.0,8.0,.271,.300,.435,.735,.315,32.75,990.0,61.0,78.0,59.0,57.0,19.0,1.0,3.0,0.0,2.0,0.0,13.0,0.0,0.0,0.0,26.0,4.0,0.0,.333,.356,.456,.812,.432,-.--,224.0,10.0,15.0,2025
543243,Sonny Gray,111,Boston Red Sox,,P,2026,,,,,,,,,,,,,,,,,,,,,,,,,,,,,,,,,,,,,,,,,,,,,,,,,2025
664076,Garrett Cleavinger,139,Tampa Bay Rays,,P,2026,,,,,,,,,,,,,,,,,,,,,,,,,,,,,,,,,,,,,,,,,,,,,,,,,2025
694795,Josh Ekness,146,Miami Marlins,,P,2026,,,,,,,,,,,,,,,,,,,,,,,,,,,,,,,,,,,,,,,,,,,,,,,,,2025
666126,Carlos Cortes,133,Athletics,,RF,2026,310.0,275.0,71.0,15.0,1.0,8.0,28.0,0.0,50.0,4.0,3.0,0.0,112.0,37.0,14.0,.258,.332,.407,.739,.286,34.38,1253.0,83.0,74.0,99.0,94.0,29.0,8.0,1.0,4.0,3.0,0.0,20.0,0.0,2.0,0.0,51.0,14.0,3.0,.309,.323,.543,.866,.347,23.50,375.0,24.0,23.0,2025
655889,Manuel Rodríguez,139,Tampa Bay Rays,,P,2026,,,,,,,,,,,,,,,,,,,,,,,,,,,,,,,,,,,,,,,,,,,,,,,,,2025
621074,Michael Rucker,136,Seattle Mariners,,P,2026,,,,,,,,,,,,,,,,,,,,,,,,,,,,,,,,,,,,,,,,,,,,,,,,,2025
686611,Dylan Crews,120,Washington Nationals,,RF,2026,331.0,300.0,64.0,13.0,0.0,10.0,24.0,0.0,78.0,7.0,0.0,0.0,107.0,30.0,3.0,.213,.287,.357,.644,.255,30.00,1191.0,66.0,92.0,322.0,293.0,61.0,8.0,2.0,10.0,24.0,0.0,76.0,5.0,0.0,0.0,103.0,27.0,4.0,.208,.280,.352,.632,.246,29.30,1150.0,80.0,76.0,2025
672275,Patrick Bailey,114,Cleveland Guardians,,C,2026,283.0,253.0,49.0,7.0,1.0,7.0,25.0,0.0,71.0,0.0,3.0,2.0,79.0,30.0,6.0,.194,.263,.312,.575,.236,36.14,1134.0,70.0,68.0,452.0,409.0,91.0,18.0,3.0,6.0,30.0,0.0,133.0,3.0,6.0,4.0,133.0,55.0,7.0,.222,.277,.325,.602,.308,68.17,1724.0,82.0,113.0,2025
571927,Steven Matz,139,Tampa Bay Rays,,P,2026,,,,,,,,,,,,,,,,,,,,,,,,,,,,,,,,,,,,,,,,,,,,,,,,,2025
670231,John Rave,118,Kansas City Royals,,RF,2026,78.0,69.0,16.0,5.0,1.0,3.0,7.0,0.0,17.0,0.0,0.0,2.0,32.0,8.0,1.0,.232,.303,.464,.767,.265,23.00,297.0,20.0,18.0,175.0,153.0,30.0,5.0,0.0,4.0,18.0,0.0,46.0,1.0,1.0,2.0,47.0,14.0,1.0,.196,.283,.307,.590,.250,38.25,749.0,48.0,32.0,2025
672282,Reid Detmers,108,Los Angeles Angels,,P,2026,,,,,,,,,,,,,,,,,,,,,,,,,,,,,,,,,,,,,,,,,,,,,,,,,2025
666139,Josh Lowe,108,Los Angeles Angels,,LF,2026,273.0,249.0,53.0,7.0,0.0,10.0,19.0,1.0,79.0,1.0,2.0,2.0,90.0,27.0,0.0,.213,.269,.361,.630,.265,24.90,1168.0,48.0,73.0,435.0,396.0,87.0,21.0,2.0,11.0,33.0,1.0,109.0,3.0,2.0,1.0,145.0,40.0,7.0,.220,.283,.366,.649,.273,36.00,1842.0,105.0,98.0,2025
694819,Jacob Misiorowski,158,Milwaukee Brewers,,P,2026,,,,,,,,,,,,,,,,,,,,,,,,,,,,,,,,,,,,,,,,,,,,,,,,,2025
518692,Freddie Freeman,119,Los Angeles Dodgers,,1B,2026,550.0,485.0,145.0,30.0,1.0,15.0,56.0,2.0,91.0,3.0,6.0,0.0,222.0,61.0,18.0,.299,.371,.458,.829,.338,32.33,2256.0,130.0,125.0,627.0,556.0,164.0,39.0,2.0,24.0,60.0,7.0,128.0,6.0,5.0,0.0,279.0,90.0,13.0,.295,.367,.502,.869,.342,23.17,2382.0,128.0,141.0,2025
670245,Ryan Watson,108,Los Angeles Angels,,P,2026,,,,,,,,,,,,,,,,,,,,,,,,,,,,,,,,,,,,,,,,,,,,,,,,,2025
676391,Ernie Clement,141,Toronto Blue Jays,,2B,2026,519.0,494.0,140.0,29.0,1.0,9.0,18.0,0.0,50.0,2.0,5.0,0.0,198.0,43.0,10.0,.283,.308,.401,.709,.298,54.89,1618.0,122.0,187.0,588.0,545.0,151.0,35.0,2.0,9.0,27.0,1.0,61.0,4.0,5.0,7.0,217.0,50.0,13.0,.277,.313,.398,.711,.296,60.56,1871.0,129.0,216.0,2025
666152,David Hamilton,158,Milwaukee Brewers,,3B,2026,317.0,273.0,65.0,10.0,2.0,4.0,30.0,0.0,70.0,1.0,0.0,12.0,91.0,22.0,1.0,.238,.316,.333,.649,.307,68.25,1277.0,72.0,78.0,194.0,177.0,35.0,4.0,1.0,6.0,13.0,0.0,47.0,1.0,0.0,3.0,59.0,19.0,3.0,.198,.257,.333,.590,.234,29.50,742.0,44.0,54.0,2025
623149,Paul Sewald,141,Toronto Blue Jays,,P,2026,,,,,,,,,,,,,,,,,,,,,,,,,,,,,,,,,,,,,,,,,,,,,,,,,2025
666160,Mickey Moniak,115,Colorado Rockies,,LF,2026,352.0,323.0,83.0,15.0,4.0,21.0,19.0,0.0,91.0,3.0,7.0,0.0,169.0,60.0,4.0,.257,.298,.523,.821,.284,15.38,1245.0,55.0,101.0,461.0,434.0,117.0,20.0,8.0,24.0,22.0,1.0,110.0,2.0,3.0,0.0,225.0,68.0,4.0,.270,.306,.518,.824,.307,18.08,1598.0,81.0,129.0,2025
621097,Jacob Waguespack,116,Detroit Tigers,,P,2026,0.0,0.0,0.0,0.0,0.0,0.0,0.0,0.0,0.0,0.0,0.0,0.0,0.0,0.0,0.0,.000,.000,.000,.000,.---,-.--,0.0,0.0,0.0,,,,,,,,,,,,,,,,,,,,,,,,,2025
666157,Nick Lodolo,113,Cincinnati Reds,,P,2026,,,,,,,,,,,,,,,,,,,,,,,,,,,,,,,,,,,,,,,,,,,,,,,,,2025
805427,Drew Sommers,116,Detroit Tigers,,P,2026,,,,,,,,,,,,,,,,,,,,,,,,,,,,,,,,,,,,,,,,,,,,,,,,,2025
666171,Ryan Zeferjahn,112,Chicago Cubs,,P,2026,,,,,,,,,,,,,,,,,,,,,,,,,,,,,,,,,,,,,,,,,,,,,,,,,2025
621111,Walker Buehler,135,San Diego Padres,,P,2026,,,,,,,,,,,,,,,,,,,,,,,,,,,,,,,,,,,,,,,,,,,,,,,,,2025
666163,Ben Rortvedt,119,Los Angeles Dodgers,,C,2026,20.0,20.0,3.0,0.0,0.0,0.0,0.0,0.0,5.0,0.0,0.0,0.0,3.0,1.0,0.0,.150,.150,.150,.300,.200,-.--,72.0,5.0,7.0,128.0,112.0,17.0,3.0,0.0,1.0,11.0,0.0,23.0,2.0,0.0,3.0,23.0,10.0,1.0,.152,.240,.205,.445,.182,112.00,517.0,42.0,33.0,2025
545341,Randal Grichuk,145,Chicago White Sox,,DH,2026,205.0,196.0,55.0,20.0,1.0,11.0,7.0,1.0,46.0,1.0,1.0,0.0,110.0,32.0,3.0,.281,.307,.561,.868,.314,17.82,749.0,42.0,54.0,293.0,272.0,62.0,18.0,1.0,9.0,17.0,1.0,61.0,1.0,3.0,0.0,109.0,27.0,6.0,.228,.273,.401,.674,.259,30.22,1077.0,68.0,84.0,2025
623168,Tyler Heineman,108,Los Angeles Angels,,C,2026,159.0,140.0,25.0,2.0,1.0,1.0,5.0,0.0,25.0,4.0,0.0,10.0,32.0,9.0,6.0,.179,.228,.229,.457,.211,140.00,546.0,62.0,38.0,174.0,149.0,43.0,8.0,1.0,3.0,12.0,0.0,31.0,6.0,2.0,5.0,62.0,20.0,1.0,.289,.361,.416,.777,.342,49.67,627.0,30.0,52.0,2025
571970,Max Muncy,119,Los Angeles Dodgers,,3B,2026,458.0,399.0,102.0,20.0,1.0,26.0,54.0,4.0,116.0,4.0,1.0,0.0,202.0,67.0,6.0,.256,.349,.506,.855,.295,15.35,1849.0,83.0,99.0,388.0,313.0,76.0,10.0,2.0,19.0,64.0,2.0,83.0,6.0,5.0,0.0,147.0,67.0,4.0,.243,.376,.470,.846,.264,16.47,1650.0,61.0,98.0,2025
666176,Jo Adell,114,Cleveland Guardians,,RF,2026,536.0,493.0,118.0,21.0,1.0,20.0,23.0,1.0,132.0,16.0,4.0,0.0,201.0,80.0,13.0,.239,.293,.408,.701,.284,24.65,2083.0,113.0,134.0,573.0,526.0,124.0,18.0,1.0,37.0,33.0,0.0,151.0,10.0,1.0,0.0,255.0,98.0,10.0,.236,.293,.485,.778,.257,14.22,2220.0,111.0,141.0,2025
668227,Randy Arozarena,136,Seattle Mariners,,LF,2026,540.0,464.0,126.0,26.0,1.0,20.0,53.0,0.0,115.0,20.0,3.0,0.0,214.0,58.0,13.0,.272,.369,.461,.830,.319,23.20,2176.0,126.0,100.0,709.0,613.0,146.0,32.0,1.0,27.0,64.0,2.0,191.0,27.0,5.0,0.0,261.0,76.0,9.0,.238,.334,.426,.760,.298,22.70,2873.0,125.0,156.0,2025
666182,Bo Bichette,121,New York Mets,,3B,2026,566.0,521.0,138.0,21.0,2.0,14.0,36.0,0.0,103.0,2.0,7.0,0.0,205.0,66.0,15.0,.265,.311,.393,.704,.302,37.21,2110.0,146.0,141.0,628.0,582.0,181.0,44.0,1.0,18.0,40.0,2.0,91.0,3.0,3.0,0.0,281.0,94.0,17.0,.311,.357,.483,.840,.342,32.33,2308.0,171.0,142.0,2025
686668,Brenton Doyle,145,Chicago White Sox,,CF,2026,172.0,159.0,34.0,6.0,0.0,2.0,12.0,0.0,53.0,0.0,0.0,1.0,46.0,8.0,1.0,.214,.269,.289,.558,.308,79.50,588.0,38.0,35.0,538.0,502.0,117.0,23.0,2.0,15.0,30.0,0.0,138.0,0.0,4.0,2.0,189.0,57.0,14.0,.233,.274,.376,.650,.289,33.47,1957.0,129.0,124.0,2025
545361,Mike Trout,108,Los Angeles Angels,,CF,2026,509.0,413.0,100.0,20.0,0.0,20.0,88.0,11.0,129.0,7.0,1.0,0.0,180.0,46.0,7.0,.242,.383,.436,.819,.302,20.65,2191.0,72.0,113.0,556.0,456.0,106.0,14.0,1.0,26.0,87.0,10.0,178.0,6.0,6.0,0.0,200.0,64.0,7.0,.232,.359,.439,.798,.310,17.54,2482.0,66.0,112.0,2025
676439,Hunter Feduccia,119,Los Angeles Dodgers,,C,2026,201.0,178.0,43.0,9.0,1.0,3.0,18.0,0.0,51.0,1.0,1.0,3.0,63.0,15.0,2.0,.242,.313,.354,.667,.320,59.33,824.0,32.0,56.0,105.0,88.0,13.0,5.0,0.0,0.0,15.0,0.0,29.0,0.0,2.0,0.0,18.0,8.0,0.0,.148,.267,.205,.472,.213,-.--,477.0,21.0,27.0,2025
676440,Tanner Bibee,114,Cleveland Guardians,,P,2026,,,,,,,,,,,,,,,,,,,,,,,,,,,,,,,,,,,,,,,,,,,,,,,,,2025
678489,Jorge Barrosa,109,Arizona Diamondbacks,,CF,2026,157.0,132.0,26.0,11.0,1.0,2.0,14.0,0.0,42.0,2.0,1.0,8.0,45.0,12.0,1.0,.197,.282,.341,.623,.270,66.00,671.0,36.0,37.0,77.0,71.0,10.0,3.0,0.0,1.0,2.0,0.0,22.0,1.0,3.0,0.0,16.0,7.0,1.0,.141,.169,.225,.394,.176,71.00,327.0,18.0,24.0,2025
666200,Jesús Luzardo,143,Philadelphia Phillies,,P,2026,,,,,,,,,,,,,,,,,,,,,,,,,,,,,,,,,,,,,,,,,,,,,,,,,2025
686681,Michael Massey,118,Kansas City Royals,,2B,2026,366.0,340.0,94.0,22.0,1.0,11.0,19.0,0.0,62.0,0.0,5.0,2.0,151.0,44.0,7.0,.276,.310,.444,.754,.305,30.91,1340.0,82.0,109.0,277.0,262.0,64.0,9.0,0.0,3.0,9.0,0.0,43.0,1.0,4.0,1.0,82.0,20.0,3.0,.244,.268,.313,.581,.277,87.33,1013.0,48.0,112.0,2025
672356,Gabriel Arias,112,Chicago Cubs,,3B,2026,141.0,134.0,32.0,3.0,0.0,5.0,7.0,1.0,58.0,0.0,0.0,0.0,50.0,13.0,1.0,.239,.277,.373,.650,.380,26.80,533.0,27.0,17.0,471.0,432.0,95.0,25.0,2.0,11.0,27.0,1.0,162.0,7.0,4.0,1.0,157.0,54.0,8.0,.220,.274,.363,.637,.319,39.27,1792.0,101.0,79.0,2025
682608,Peyton Gray,140,Texas Rangers,,P,2026,,,,,,,,,,,,,,,,,,,,,,,,,,,,,,,,,,,,,,,,,,,,,,,,,2025
684665,Luke Murphy,108,Los Angeles Angels,,P,2026,,,,,,,,,,,,,,,,,,,,,,,,,,,,,,,,,,,,,,,,,,,,,,,,,2025
680570,Grayson Rodriguez,108,Los Angeles Angels,,P,2026,,,,,,,,,,,,,,,,,,,,,,,,,,,,,,,,,,,,,,,,,,,,,,,,,2025
670329,Rico Garcia,110,Baltimore Orioles,,P,2026,0.0,0.0,0.0,0.0,0.0,0.0,0.0,0.0,0.0,0.0,0.0,0.0,0.0,0.0,0.0,.000,.000,.000,.000,.---,-.--,0.0,0.0,0.0,,,,,,,,,,,,,,,,,,,,,,,,,2025
676475,Alec Burleson,138,St. Louis Cardinals,,1B,2026,556.0,501.0,146.0,33.0,1.0,21.0,46.0,4.0,93.0,6.0,3.0,0.0,244.0,96.0,10.0,.291,.356,.487,.843,.321,23.86,2031.0,136.0,129.0,546.0,497.0,144.0,26.0,2.0,18.0,39.0,1.0,79.0,3.0,4.0,1.0,228.0,69.0,14.0,.290,.343,.459,.802,.312,27.61,1933.0,119.0,160.0,2025
680573,Simeon Woods Richardson,141,Toronto Blue Jays,,P,2026,,,,,,,,,,,,,,,,,,,,,,,,,,,,,,,,,,,,,,,,,,,,,,,,,2025
680574,Matt McLain,113,Cincinnati Reds,,2B,2026,405.0,353.0,68.0,17.0,0.0,13.0,45.0,0.0,111.0,4.0,1.0,2.0,124.0,35.0,3.0,.193,.290,.351,.641,.239,27.15,1651.0,71.0,106.0,577.0,510.0,112.0,18.0,0.0,15.0,55.0,0.0,167.0,5.0,4.0,3.0,175.0,50.0,8.0,.220,.300,.343,.643,.292,34.00,2365.0,96.0,142.0,2025
672386,Alejandro Kirk,141,Toronto Blue Jays,,C,2026,222.0,193.0,54.0,6.0,0.0,7.0,26.0,5.0,25.0,0.0,3.0,0.0,81.0,29.0,6.0,.280,.360,.420,.780,.287,27.57,840.0,67.0,50.0,506.0,451.0,127.0,18.0,0.0,15.0,48.0,2.0,59.0,1.0,6.0,0.0,190.0,76.0,16.0,.282,.348,.421,.769,.292,30.07,1977.0,132.0,139.0,2025
682626,Francisco Alvarez,121,New York Mets,,C,2026,341.0,298.0,70.0,11.0,0.0,13.0,36.0,1.0,101.0,4.0,1.0,0.0,120.0,30.0,15.0,.235,.324,.403,.727,.308,22.92,1422.0,70.0,58.0,277.0,246.0,63.0,12.0,1.0,11.0,27.0,0.0,73.0,4.0,0.0,0.0,110.0,32.0,6.0,.256,.339,.447,.786,.321,22.36,1123.0,61.0,49.0,2025
699013,Esmerlyn Valdez,134,Pittsburgh Pirates,,RF,2026,247.0,205.0,51.0,13.0,1.0,15.0,38.0,0.0,93.0,1.0,3.0,0.0,111.0,42.0,6.0,.249,.364,.541,.905,.360,13.67,1090.0,24.0,40.0,,,,,,,,,,,,,,,,,,,,,,,,,2025
694918,Blade Tidwell,137,San Francisco Giants,,P,2026,,,,,,,,,,,,,,,,,,,,,,,,,,,,,,,,,,,,,,,,,,,,,,,,,2025
664199,Taylor Clarke,109,Arizona Diamondbacks,,P,2026,,,,,,,,,,,,,,,,,,,,,,,,,0.0,0.0,0.0,0.0,0.0,0.0,0.0,0.0,0.0,0.0,0.0,0.0,0.0,0.0,0.0,.000,.000,.000,.000,.---,-.--,0.0,0.0,0.0,2025
592518,Manny Machado,135,San Diego Padres,,3B,2026,555.0,483.0,103.0,20.0,0.0,24.0,63.0,3.0,120.0,1.0,7.0,1.0,195.0,72.0,18.0,.213,.301,.404,.705,.228,20.12,2191.0,129.0,139.0,678.0,615.0,169.0,33.0,0.0,27.0,55.0,4.0,131.0,3.0,5.0,0.0,283.0,95.0,16.0,.275,.335,.460,.795,.307,22.78,2647.0,144.0,176.0,2025
682634,Kevin Alcántara,112,Chicago Cubs,,DH,2026,28.0,25.0,6.0,0.0,0.0,1.0,2.0,0.0,11.0,0.0,1.0,0.0,9.0,6.0,1.0,.240,.286,.360,.646,.357,25.00,118.0,3.0,6.0,12.0,11.0,4.0,0.0,0.0,0.0,1.0,0.0,4.0,0.0,0.0,0.0,4.0,1.0,0.0,.364,.417,.364,.781,.571,-.--,46.0,2.0,1.0,2025
690829,Ben Joyce,108,Los Angeles Angels,,P,2026,,,,,,,,,,,,,,,,,,,,,,,,,,,,,,,,,,,,,,,,,,,,,,,,,2025
674444,Steven Cruz,118,Kansas City Royals,,P,2026,,,,,,,,,,,,,,,,,,,,,,,,,0.0,0.0,0.0,0.0,0.0,0.0,0.0,0.0,0.0,0.0,0.0,0.0,0.0,0.0,0.0,.000,.000,.000,.000,.---,-.--,0.0,0.0,0.0,2025
641680,Jonah Heim,133,Athletics,,C,2026,306.0,278.0,57.0,15.0,0.0,11.0,23.0,0.0,57.0,2.0,3.0,0.0,105.0,40.0,7.0,.205,.268,.378,.646,.216,25.27,1149.0,83.0,84.0,433.0,395.0,84.0,14.0,0.0,11.0,32.0,0.0,88.0,1.0,4.0,1.0,131.0,43.0,10.0,.213,.271,.332,.603,.243,35.91,1704.0,106.0,122.0,2025
678545,Osleivis Basabe,137,San Francisco Giants,,2B,2026,82.0,78.0,17.0,2.0,0.0,3.0,1.0,0.0,15.0,2.0,1.0,0.0,28.0,8.0,0.0,.218,.244,.359,.603,.230,26.00,292.0,22.0,25.0,,,,,,,,,,,,,,,,,,,,,,,,,2025
594580,Sam Moll,113,Cincinnati Reds,,P,2026,,,,,,,,,,,,,,,,,,,,,,,,,,,,,,,,,,,,,,,,,,,,,,,,,2025
682657,Angel Martínez,114,Cleveland Guardians,,LF,2026,333.0,311.0,76.0,18.0,1.0,12.0,10.0,0.0,73.0,5.0,1.0,6.0,132.0,45.0,7.0,.244,.278,.424,.702,.282,25.92,1204.0,85.0,84.0,484.0,446.0,100.0,23.0,2.0,11.0,23.0,0.0,110.0,6.0,4.0,5.0,160.0,45.0,8.0,.224,.269,.359,.628,.271,40.54,1797.0,100.0,145.0,2025
686753,Drey Jameson,109,Arizona Diamondbacks,,P,2026,,,,,,,,,,,,,,,,,,,,,,,,,0.0,0.0,0.0,0.0,0.0,0.0,0.0,0.0,0.0,0.0,0.0,0.0,0.0,0.0,0.0,.000,.000,.000,.000,.---,-.--,0.0,0.0,0.0,2025
666277,George Soriano,138,St. Louis Cardinals,,P,2026,0.0,0.0,0.0,0.0,0.0,0.0,0.0,0.0,0.0,0.0,0.0,0.0,0.0,0.0,0.0,.000,.000,.000,.000,.---,-.--,0.0,0.0,0.0,,,,,,,,,,,,,,,,,,,,,,,,,2025
453286,Max Scherzer,141,Toronto Blue Jays,,P,2026,,,,,,,,,,,,,,,,,,,,,,,,,,,,,,,,,,,,,,,,,,,,,,,,,2025
682668,Luisangel Acuña,145,Chicago White Sox,,SS,2026,203.0,190.0,44.0,3.0,0.0,1.0,8.0,0.0,40.0,1.0,2.0,2.0,50.0,12.0,4.0,.232,.264,.263,.527,.285,190.00,711.0,68.0,42.0,193.0,175.0,41.0,7.0,0.0,0.0,13.0,0.0,37.0,2.0,1.0,2.0,48.0,8.0,6.0,.234,.293,.274,.567,.295,-.--,687.0,58.0,42.0,2025
682663,Agustín Ramírez,146,Miami Marlins,,C,2026,179.0,155.0,36.0,8.0,1.0,2.0,21.0,1.0,43.0,2.0,1.0,0.0,52.0,17.0,6.0,.232,.330,.335,.665,.306,77.50,706.0,46.0,31.0,585.0,537.0,124.0,33.0,1.0,21.0,36.0,2.0,113.0,8.0,4.0,0.0,222.0,67.0,13.0,.231,.287,.413,.700,.253,25.57,2122.0,161.0,143.0,2025
686765,Nick Sogard,111,Boston Red Sox,,2B,2026,160.0,131.0,36.0,9.0,1.0,2.0,25.0,0.0,28.0,0.0,1.0,3.0,53.0,10.0,2.0,.275,.389,.405,.794,.333,65.50,664.0,39.0,32.0,104.0,96.0,25.0,8.0,0.0,0.0,5.0,0.0,24.0,3.0,0.0,0.0,33.0,9.0,3.0,.260,.317,.344,.661,.347,-.--,400.0,25.0,22.0,2025
686780,Pedro Pagés,138,St. Louis Cardinals,,C,2026,191.0,173.0,37.0,6.0,0.0,4.0,10.0,0.0,50.0,2.0,2.0,4.0,55.0,11.0,5.0,.214,.262,.318,.580,.273,43.25,791.0,45.0,47.0,389.0,361.0,83.0,15.0,0.0,11.0,19.0,1.0,107.0,3.0,3.0,3.0,131.0,45.0,9.0,.230,.272,.363,.635,.293,32.82,1486.0,87.0,90.0,2025
621237,José Alvarado,143,Philadelphia Phillies,,P,2026,,,,,,,,,,,,,,,,,,,,,,,,,,,,,,,,,,,,,,,,,,,,,,,,,2025
676534,Calvin Faucher,146,Miami Marlins,,P,2026,,,,,,,,,,,,,,,,,,,,,,,,,,,,,,,,,,,,,,,,,,,,,,,,,2025
694973,Paul Skenes,134,Pittsburgh Pirates,,P,2026,,,,,,,,,,,,,,,,,,,,,,,,,,,,,,,,,,,,,,,,,,,,,,,,,2025
672456,Keider Montero,116,Detroit Tigers,,P,2026,,,,,,,,,,,,,,,,,,,,,,,,,,,,,,,,,,,,,,,,,,,,,,,,,2025
527048,Martín Pérez,144,Atlanta Braves,,P,2026,,,,,,,,,,,,,,,,,,,,,,,,,,,,,,,,,,,,,,,,,,,,,,,,,2025
676551,Brewer Hicklen,144,Atlanta Braves,,RF,2026,23.0,19.0,7.0,4.0,0.0,0.0,4.0,0.0,8.0,0.0,0.0,0.0,11.0,3.0,0.0,.368,.478,.579,1.057,.636,-.--,92.0,2.0,2.0,4.0,3.0,2.0,0.0,0.0,0.0,1.0,0.0,1.0,0.0,0.0,0.0,2.0,0.0,0.0,.667,.750,.667,1.417,1.000,-.--,18.0,0.0,0.0,2025
686797,Brooks Lee,142,Minnesota Twins,,3B,2026,508.0,470.0,116.0,21.0,3.0,20.0,33.0,0.0,82.0,3.0,1.0,1.0,203.0,69.0,8.0,.247,.300,.432,.732,.260,23.50,1909.0,121.0,153.0,527.0,487.0,115.0,15.0,1.0,16.0,31.0,0.0,92.0,4.0,5.0,0.0,180.0,64.0,11.0,.236,.285,.370,.655,.258,30.44,2009.0,138.0,147.0,2025
641743,Anthony Kay,145,Chicago White Sox,,P,2026,,,,,,,,,,,,,,,,,,,,,,,,,,,,,,,,,,,,,,,,,,,,,,,,,2025
680664,Eduardo Valencia,116,Detroit Tigers,,DH,2026,72.0,70.0,23.0,6.0,0.0,6.0,1.0,0.0,21.0,1.0,0.0,0.0,47.0,17.0,3.0,.329,.347,.671,1.018,.395,11.67,281.0,15.0,11.0,,,,,,,,,,,,,,,,,,,,,,,,,2025
678606,José A. Ferrer,136,Seattle Mariners,,P,2026,,,,,,,,,,,,,,,,,,,,,,,,,0.0,0.0,0.0,0.0,0.0,0.0,0.0,0.0,0.0,0.0,0.0,0.0,0.0,0.0,0.0,.000,.000,.000,.000,.---,-.--,0.0,0.0,0.0,2025
641755,Tyler Kinley,116,Detroit Tigers,,P,2026,0.0,0.0,0.0,0.0,0.0,0.0,0.0,0.0,0.0,0.0,0.0,0.0,0.0,0.0,0.0,.000,.000,.000,.000,.---,-.--,0.0,0.0,0.0,,,,,,,,,,,,,,,,,,,,,,,,,2025
518876,Merrill Kelly,109,Arizona Diamondbacks,,P,2026,,,,,,,,,,,,,,,,,,,,,,,,,,,,,,,,,,,,,,,,,,,,,,,,,2025
801501,Nate Furman,137,San Francisco Giants,,2B,2026,13.0,11.0,1.0,0.0,0.0,0.0,2.0,0.0,4.0,0.0,0.0,0.0,1.0,0.0,0.0,.091,.231,.091,.322,.143,-.--,53.0,4.0,2.0,,,,,,,,,,,,,,,,,,,,,,,,,2025
664285,Framber Valdez,116,Detroit Tigers,,P,2026,,,,,,,,,,,,,,,,,,,,,,,,,,,,,,,,,,,,,,,,,,,,,,,,,2025
668390,Cole Winn,140,Texas Rangers,,P,2026,,,,,,,,,,,,,,,,,,,,,,,,,,,,,,,,,,,,,,,,,,,,,,,,,2025
518886,Craig Kimbrel,118,Kansas City Royals,,P,2026,,,,,,,,,,,,,,,,,,,,,,,,,,,,,,,,,,,,,,,,,,,,,,,,,2025
701162,Ben Malgeri,116,Detroit Tigers,,RF,2026,80.0,66.0,16.0,2.0,0.0,3.0,12.0,0.0,18.0,1.0,1.0,0.0,27.0,11.0,0.0,.242,.363,.409,.772,.283,22.00,304.0,16.0,17.0,,,,,,,,,,,,,,,,,,,,,,,,,2025
641778,Eric Lauer,119,Los Angeles Dodgers,,P,2026,,,,,,,,,,,,,,,,,,,,,,,,,,,,,,,,,,,,,,,,,,,,,,,,,2025
676572,Eric Wagaman,121,New York Mets,,1B,2026,52.0,47.0,9.0,0.0,0.0,2.0,4.0,0.0,12.0,1.0,0.0,0.0,15.0,5.0,1.0,.191,.269,.319,.588,.212,23.50,221.0,16.0,10.0,514.0,476.0,119.0,28.0,3.0,9.0,32.0,0.0,100.0,1.0,5.0,0.0,180.0,53.0,11.0,.250,.296,.378,.674,.296,52.89,1955.0,132.0,130.0,2025
690925,Clayton Beeter,120,Washington Nationals,,P,2026,0.0,0.0,0.0,0.0,0.0,0.0,0.0,0.0,0.0,0.0,0.0,0.0,0.0,0.0,0.0,.000,.000,.000,.000,.---,-.--,0.0,0.0,0.0,,,,,,,,,,,,,,,,,,,,,,,,,2025
662253,Andrés Muñoz,136,Seattle Mariners,,P,2026,,,,,,,,,,,,,,,,,,,,,,,,,,,,,,,,,,,,,,,,,,,,,,,,,2025
592626,Joc Pederson,140,Texas Rangers,,DH,2026,393.0,339.0,80.0,11.0,2.0,22.0,47.0,2.0,92.0,3.0,3.0,0.0,161.0,46.0,10.0,.236,.332,.475,.807,.254,15.41,1588.0,82.0,88.0,306.0,265.0,48.0,10.0,1.0,9.0,34.0,0.0,65.0,5.0,1.0,0.0,87.0,26.0,5.0,.181,.285,.328,.613,.203,29.44,1237.0,68.0,85.0,2025
695034,Kade Morris,133,Athletics,,P,2026,,,,,,,,,,,,,,,,,,,,,,,,,,,,,,,,,,,,,,,,,,,,,,,,,2025
680700,Richie Palacios,139,Tampa Bay Rays,,2B,2026,326.0,282.0,65.0,12.0,2.0,5.0,38.0,0.0,60.0,3.0,2.0,1.0,96.0,39.0,5.0,.230,.326,.340,.666,.274,56.40,1275.0,75.0,85.0,48.0,42.0,14.0,2.0,0.0,1.0,5.0,0.0,9.0,0.0,1.0,0.0,19.0,3.0,3.0,.333,.396,.452,.848,.394,42.00,190.0,11.0,9.0,2025
680694,Kyle Bradish,110,Baltimore Orioles,,P,2026,0.0,0.0,0.0,0.0,0.0,0.0,0.0,0.0,0.0,0.0,0.0,0.0,0.0,0.0,0.0,.000,.000,.000,.000,.---,-.--,0.0,0.0,0.0,,,,,,,,,,,,,,,,,,,,,,,,,2025
676604,Tyler Zuber,146,Miami Marlins,,P,2026,,,,,,,,,,,,,,,,,,,,,,,,,,,,,,,,,,,,,,,,,,,,,,,,,2025
699134,Bradgley Rodriguez,135,San Diego Padres,,P,2026,,,,,,,,,,,,,,,,,,,,,,,,,,,,,,,,,,,,,,,,,,,,,,,,,2025
678662,Ezequiel Tovar,115,Colorado Rockies,,SS,2026,429.0,392.0,82.0,21.0,0.0,10.0,26.0,0.0,107.0,2.0,8.0,1.0,133.0,39.0,6.0,.209,.257,.339,.596,.254,39.20,1589.0,92.0,120.0,390.0,360.0,91.0,18.0,4.0,9.0,21.0,0.0,98.0,1.0,2.0,6.0,144.0,33.0,2.0,.253,.294,.400,.694,.322,40.00,1469.0,76.0,103.0,2025
672515,Gabriel Moreno,109,Arizona Diamondbacks,,C,2026,435.0,373.0,113.0,28.0,1.0,10.0,49.0,0.0,65.0,4.0,9.0,0.0,173.0,65.0,8.0,.303,.382,.464,.846,.336,37.30,1913.0,99.0,105.0,309.0,277.0,79.0,12.0,1.0,9.0,29.0,3.0,53.0,1.0,2.0,0.0,120.0,40.0,6.0,.285,.353,.433,.786,.323,30.78,1314.0,60.0,87.0,2025
676617,Riley O'Brien,138,St. Louis Cardinals,,P,2026,,,,,,,,,,,,,,,,,,,,,,,,,,,,,,,,,,,,,,,,,,,,,,,,,2025
676620,Blake Weiman,108,Los Angeles Angels,,P,2026,,,,,,,,,,,,,,,,,,,,,,,,,,,,,,,,,,,,,,,,,,,,,,,,,2025
680723,Drew Rom,133,Athletics,,P,2026,,,,,,,,,,,,,,,,,,,,,,,,,,,,,,,,,,,,,,,,,,,,,,,,,2025
813841,Jonah Cox,137,San Francisco Giants,,CF,2026,51.0,48.0,12.0,1.0,2.0,2.0,0.0,0.0,27.0,0.0,0.0,3.0,23.0,4.0,0.0,.250,.250,.479,.729,.526,24.00,194.0,6.0,6.0,,,,,,,,,,,,,,,,,,,,,,,,,2025
606996,Kyle Hart,135,San Diego Padres,,P,2026,,,,,,,,,,,,,,,,,,,,,,,,,,,,,,,,,,,,,,,,,,,,,,,,,2025
543510,James McCann,109,Arizona Diamondbacks,,C,2026,127.0,118.0,34.0,5.0,0.0,4.0,6.0,0.0,30.0,1.0,0.0,2.0,51.0,21.0,4.0,.288,.328,.432,.760,.357,29.50,476.0,31.0,25.0,137.0,123.0,32.0,6.0,0.0,5.0,8.0,0.0,33.0,4.0,1.0,1.0,53.0,17.0,3.0,.260,.324,.431,.755,.314,24.60,507.0,34.0,26.0,2025
592662,Robbie Ray,135,San Diego Padres,,P,2026,,,,,,,,,,,,,,,,,,,,,,,,,,,,,,,,,,,,,,,,,,,,,,,,,2025
592663,J.T. Realmuto,143,Philadelphia Phillies,,C,2026,372.0,329.0,74.0,17.0,0.0,9.0,28.0,0.0,77.0,9.0,6.0,0.0,118.0,44.0,8.0,.225,.298,.359,.657,.261,36.56,1478.0,93.0,91.0,550.0,502.0,129.0,26.0,1.0,12.0,35.0,1.0,129.0,9.0,3.0,0.0,193.0,52.0,13.0,.257,.315,.384,.699,.321,41.83,2196.0,124.0,123.0,2025
641816,Tyler Mahle,144,Atlanta Braves,,P,2026,,,,,,,,,,,,,,,,,,,,,,,,,,,,,,,,,,,,,,,,,,,,,,,,,2025
680732,Sean Burke,145,Chicago White Sox,,P,2026,,,,,,,,,,,,,,,,,,,,,,,,,,,,,,,,,,,,,,,,,,,,,,,,,2025
664353,José Urquidy,145,Chicago White Sox,,P,2026,,,,,,,,,,,,,,,,,,,,,,,,,,,,,,,,,,,,,,,,,,,,,,,,,2025
807712,Luke Keaschall,142,Minnesota Twins,,2B,2026,494.0,422.0,115.0,21.0,1.0,8.0,48.0,1.0,76.0,16.0,7.0,1.0,162.0,40.0,6.0,.273,.363,.384,.747,.310,52.75,1839.0,89.0,150.0,207.0,182.0,55.0,14.0,0.0,4.0,19.0,0.0,29.0,5.0,1.0,0.0,81.0,28.0,4.0,.302,.382,.445,.827,.340,45.50,774.0,49.0,50.0,2025
690978,Dax Fulton,146,Miami Marlins,,P,2026,,,,,,,,,,,,,,,,,,,,,,,,,,,,,,,,,,,,,,,,,,,,,,,,,2025
621345,A.J. Minter,142,Minnesota Twins,,P,2026,,,,,,,,,,,,,,,,,,,,,,,,,,,,,,,,,,,,,,,,,,,,,,,,,2025
695076,Rhett Lowder,113,Cincinnati Reds,,P,2026,,,,,,,,,,,,,,,,,,,,,,,,,,,,,,,,,,,,,,,,,,,,,,,,,2025
680742,Jonathan Bowlan,143,Philadelphia Phillies,,P,2026,,,,,,,,,,,,,,,,,,,,,,,,,,,,,,,,,,,,,,,,,,,,,,,,,2025
690984,Petey Halpin,114,Cleveland Guardians,,CF,2026,155.0,142.0,31.0,4.0,1.0,3.0,6.0,0.0,30.0,2.0,1.0,4.0,46.0,9.0,1.0,.218,.258,.324,.582,.255,47.33,523.0,34.0,52.0,8.0,6.0,2.0,0.0,0.0,0.0,2.0,0.0,2.0,0.0,0.0,0.0,2.0,0.0,0.0,.333,.500,.333,.833,.500,-.--,33.0,1.0,1.0,2025
805673,Zebby Matthews,142,Minnesota Twins,,P,2026,,,,,,,,,,,,,,,,,,,,,,,,,,,,,,,,,,,,,,,,,,,,,,,,,2025
690986,Kyle Harrison,158,Milwaukee Brewers,,P,2026,,,,,,,,,,,,,,,,,,,,,,,,,,,,,,,,,,,,,,,,,,,,,,,,,2025
641835,Tim Mayza,143,Philadelphia Phillies,,P,2026,,,,,,,,,,,,,,,,,,,,,,,,,,,,,,,,,,,,,,,,,,,,,,,,,2025
807727,Charles McAdoo,141,Toronto Blue Jays,,2B,2026,69.0,64.0,16.0,2.0,0.0,2.0,4.0,0.0,20.0,0.0,1.0,0.0,24.0,10.0,1.0,.250,.290,.375,.665,.326,32.00,251.0,10.0,19.0,,,,,,,,,,,,,,,,,,,,,,,,,2025
660271,Shohei Ohtani,119,Los Angeles Dodgers,,TWP,2026,559.0,471.0,135.0,24.0,4.0,30.0,76.0,16.0,130.0,5.0,5.0,0.0,257.0,80.0,8.0,.287,.388,.546,.934,.332,15.70,2122.0,105.0,106.0,727.0,611.0,172.0,25.0,9.0,55.0,109.0,20.0,187.0,3.0,2.0,0.0,380.0,102.0,9.0,.282,.392,.622,1.014,.315,11.11,2865.0,120.0,134.0,2025
690993,Colt Keith,116,Detroit Tigers,,3B,2026,375.0,342.0,91.0,16.0,4.0,9.0,28.0,0.0,70.0,3.0,2.0,0.0,142.0,32.0,8.0,.266,.325,.415,.740,.309,38.00,1406.0,79.0,104.0,468.0,414.0,106.0,22.0,2.0,13.0,48.0,1.0,102.0,2.0,4.0,0.0,171.0,45.0,7.0,.256,.333,.413,.746,.307,31.85,1826.0,87.0,123.0,2025
680755,Braydon Fisher,141,Toronto Blue Jays,,P,2026,,,,,,,,,,,,,,,,,,,,,,,,,,,,,,,,,,,,,,,,,,,,,,,,,2025
680757,Steven Kwan,114,Cleveland Guardians,,LF,2026,513.0,431.0,118.0,15.0,2.0,2.0,70.0,1.0,50.0,4.0,3.0,4.0,143.0,26.0,8.0,.274,.378,.332,.710,.304,215.50,2090.0,121.0,149.0,693.0,625.0,170.0,29.0,1.0,11.0,55.0,2.0,60.0,3.0,7.0,3.0,234.0,56.0,3.0,.272,.330,.374,.704,.283,56.82,2786.0,167.0,238.0,2025
690997,Nolan McLean,121,New York Mets,,P,2026,,,,,,,,,,,,,,,,,,,,,,,,,,,,,,,,,,,,,,,,,,,,,,,,,2025
672569,Gustavo Campero,108,Los Angeles Angels,,OF,2026,12.0,11.0,4.0,1.0,0.0,0.0,0.0,0.0,4.0,0.0,1.0,0.0,5.0,2.0,0.0,.364,.333,.455,.788,.500,-.--,50.0,0.0,4.0,66.0,58.0,10.0,1.0,0.0,3.0,5.0,0.0,14.0,3.0,0.0,0.0,20.0,8.0,2.0,.172,.273,.345,.618,.171,19.33,274.0,18.0,16.0,2025
680767,Victor Vodnik,146,Miami Marlins,,P,2026,0.0,0.0,0.0,0.0,0.0,0.0,0.0,0.0,0.0,0.0,0.0,0.0,0.0,0.0,0.0,.000,.000,.000,.000,.---,-.--,0.0,0.0,0.0,0.0,0.0,0.0,0.0,0.0,0.0,0.0,0.0,0.0,0.0,0.0,0.0,0.0,0.0,0.0,.000,.000,.000,.000,.---,-.--,0.0,0.0,0.0,2025
807739,Kade Anderson,136,Seattle Mariners,,P,2026,,,,,,,,,,,,,,,,,,,,,,,,,,,,,,,,,,,,,,,,,,,,,,,,,2025
607043,Brandon Nimmo,140,Texas Rangers,,RF,2026,538.0,486.0,126.0,29.0,4.0,13.0,42.0,2.0,116.0,7.0,3.0,0.0,202.0,49.0,12.0,.259,.325,.416,.741,.314,37.38,2101.0,119.0,128.0,652.0,587.0,154.0,27.0,0.0,25.0,50.0,1.0,141.0,7.0,7.0,1.0,256.0,92.0,8.0,.262,.324,.436,.760,.301,23.48,2602.0,149.0,151.0,2025
807747,Rikuu Nishida,145,Chicago White Sox,,RF,2026,30.0,29.0,7.0,0.0,0.0,0.0,0.0,0.0,5.0,0.0,0.0,1.0,7.0,2.0,0.0,.241,.241,.241,.482,.292,-.--,97.0,10.0,8.0,,,,,,,,,,,,,,,,,,,,,,,,,2025
680776,Jarren Duran,111,Boston Red Sox,,LF,2026,521.0,473.0,99.0,14.0,4.0,18.0,34.0,2.0,147.0,5.0,7.0,2.0,175.0,66.0,4.0,.209,.266,.370,.636,.257,26.28,1924.0,121.0,115.0,696.0,620.0,159.0,41.0,13.0,16.0,60.0,1.0,169.0,12.0,3.0,1.0,274.0,84.0,6.0,.256,.332,.442,.774,.326,38.75,2624.0,137.0,159.0,2025
691011,Drew Romo,145,Chicago White Sox,,C,2026,189.0,167.0,24.0,5.0,0.0,7.0,16.0,0.0,45.0,3.0,1.0,2.0,50.0,16.0,4.0,.144,.230,.299,.529,.147,23.86,674.0,44.0,57.0,3.0,3.0,0.0,0.0,0.0,0.0,0.0,0.0,3.0,0.0,0.0,0.0,0.0,0.0,0.0,.000,.000,.000,.000,.---,-.--,12.0,0.0,0.0,2025
682825,Luis Mey,113,Cincinnati Reds,,P,2026,,,,,,,,,,,,,,,,,,,,,,,,,,,,,,,,,,,,,,,,,,,,,,,,,2025
676680,Tom Cosgrove,120,Washington Nationals,,P,2026,,,,,,,,,,,,,,,,,,,,,,,,,,,,,,,,,,,,,,,,,,,,,,,,,2025
680777,Ryan Jeffers,142,Minnesota Twins,,C,2026,278.0,235.0,65.0,15.0,1.0,10.0,39.0,1.0,45.0,2.0,1.0,0.0,112.0,42.0,3.0,.277,.383,.477,.860,.304,23.50,1178.0,57.0,70.0,464.0,406.0,108.0,26.0,0.0,9.0,50.0,1.0,91.0,7.0,1.0,0.0,161.0,47.0,9.0,.266,.356,.397,.753,.322,45.11,1879.0,91.0,117.0,2025
680779,Henry Davis,134,Pittsburgh Pirates,,C,2026,262.0,227.0,38.0,5.0,0.0,8.0,23.0,0.0,56.0,8.0,2.0,2.0,67.0,32.0,6.0,.167,.265,.295,.560,.182,28.38,967.0,51.0,86.0,283.0,252.0,42.0,7.0,0.0,7.0,18.0,0.0,76.0,5.0,3.0,3.0,70.0,22.0,2.0,.167,.234,.278,.512,.203,36.00,1069.0,48.0,92.0,2025
691023,Jordan Walker,138,St. Louis Cardinals,,RF,2026,551.0,502.0,143.0,28.0,0.0,27.0,42.0,1.0,133.0,4.0,3.0,0.0,252.0,96.0,11.0,.285,.343,.502,.845,.336,18.59,1975.0,109.0,120.0,396.0,363.0,78.0,13.0,1.0,6.0,29.0,1.0,126.0,3.0,1.0,0.0,111.0,41.0,9.0,.215,.278,.306,.584,.310,60.50,1541.0,75.0,85.0,2025
682829,Elly De La Cruz,113,Cincinnati Reds,,SS,2026,510.0,451.0,118.0,22.0,5.0,21.0,54.0,0.0,140.0,2.0,3.0,0.0,213.0,58.0,6.0,.262,.341,.472,.813,.331,21.48,2068.0,108.0,88.0,699.0,629.0,166.0,31.0,7.0,22.0,67.0,10.0,181.0,2.0,1.0,0.0,277.0,86.0,14.0,.264,.336,.440,.776,.337,28.59,2678.0,166.0,117.0,2025
686934,Alex McFarlane,143,Philadelphia Phillies,,P,2026,,,,,,,,,,,,,,,,,,,,,,,,,,,,,,,,,,,,,,,,,,,,,,,,,2025
607067,Colin Rea,112,Chicago Cubs,,P,2026,,,,,,,,,,,,,,,,,,,,,,,,,1.0,1.0,0.0,0.0,0.0,0.0,0.0,0.0,1.0,0.0,0.0,0.0,0.0,0.0,0.0,.000,.000,.000,.000,.---,-.--,5.0,0.0,0.0,2025
623454,Drew Anderson,116,Detroit Tigers,,P,2026,,,,,,,,,,,,,,,,,,,,,,,,,,,,,,,,,,,,,,,,,,,,,,,,,2025
445276,Kenley Jansen,116,Detroit Tigers,,P,2026,0.0,0.0,0.0,0.0,0.0,0.0,0.0,0.0,0.0,0.0,0.0,0.0,0.0,0.0,0.0,.000,.000,.000,.000,.---,-.--,0.0,0.0,0.0,0.0,0.0,0.0,0.0,0.0,0.0,0.0,0.0,0.0,0.0,0.0,0.0,0.0,0.0,0.0,.000,.000,.000,.000,.---,-.--,0.0,0.0,0.0,2025
623465,Evan Phillips,119,Los Angeles Dodgers,,P,2026,,,,,,,,,,,,,,,,,,,,,,,,,,,,,,,,,,,,,,,,,,,,,,,,,2025
686948,Drake Baldwin,144,Atlanta Braves,,C,2026,482.0,426.0,115.0,11.0,0.0,21.0,48.0,2.0,100.0,7.0,1.0,0.0,189.0,63.0,13.0,.270,.353,.444,.797,.307,20.29,1856.0,116.0,96.0,446.0,405.0,111.0,18.0,2.0,19.0,38.0,0.0,68.0,3.0,0.0,0.0,190.0,80.0,9.0,.274,.341,.469,.810,.289,21.32,1750.0,131.0,95.0,2025
656234,Jake Bird,120,Washington Nationals,,P,2026,0.0,0.0,0.0,0.0,0.0,0.0,0.0,0.0,0.0,0.0,0.0,0.0,0.0,0.0,0.0,.000,.000,.000,.000,.---,-.--,0.0,0.0,0.0,0.0,0.0,0.0,0.0,0.0,0.0,0.0,0.0,0.0,0.0,0.0,0.0,0.0,0.0,0.0,.000,.000,.000,.000,.---,-.--,0.0,0.0,0.0,2025
594798,Jacob deGrom,140,Texas Rangers,,P,2026,,,,,,,,,,,,,,,,,,,,,,,,,,,,,,,,,,,,,,,,,,,,,,,,,2025
656240,Scott Blewett,133,Athletics,,P,2026,,,,,,,,,,,,,,,,,,,,,,,,,,,,,,,,,,,,,,,,,,,,,,,,,2025
623474,Jimmy Herget,115,Colorado Rockies,,P,2026,0.0,0.0,0.0,0.0,0.0,0.0,0.0,0.0,0.0,0.0,0.0,0.0,0.0,0.0,0.0,.000,.000,.000,.000,.---,-.--,0.0,0.0,0.0,,,,,,,,,,,,,,,,,,,,,,,,,2025
676724,Jared Young,121,New York Mets,,1B,2026,268.0,242.0,65.0,14.0,2.0,8.0,18.0,0.0,50.0,6.0,2.0,0.0,107.0,31.0,4.0,.269,.332,.442,.774,.306,30.25,1041.0,65.0,64.0,47.0,43.0,8.0,1.0,0.0,4.0,2.0,0.0,16.0,1.0,1.0,0.0,21.0,6.0,1.0,.186,.234,.488,.722,.167,10.75,192.0,6.0,14.0,2025
672629,Gerardo Carrillo,109,Arizona Diamondbacks,,P,2026,,,,,,,,,,,,,,,,,,,,,,,,,,,,,,,,,,,,,,,,,,,,,,,,,2025
686973,Louis Varland,141,Toronto Blue Jays,,P,2026,,,,,,,,,,,,,,,,,,,,,,,,,,,,,,,,,,,,,,,,,,,,,,,,,2025
621438,Tyrone Taylor,112,Chicago Cubs,,LF,2026,193.0,173.0,44.0,10.0,0.0,10.0,13.0,0.0,37.0,2.0,1.0,4.0,84.0,30.0,0.0,.254,.312,.486,.798,.268,17.30,736.0,42.0,55.0,341.0,310.0,69.0,18.0,3.0,2.0,16.0,1.0,76.0,9.0,2.0,3.0,99.0,27.0,4.0,.223,.279,.319,.598,.286,155.00,1246.0,63.0,107.0,2025
621439,Byron Buxton,142,Minnesota Twins,,CF,2026,408.0,370.0,94.0,18.0,1.0,25.0,30.0,2.0,100.0,6.0,2.0,0.0,189.0,46.0,4.0,.254,.319,.511,.830,.279,14.80,1500.0,59.0,119.0,542.0,488.0,129.0,21.0,7.0,35.0,41.0,5.0,148.0,7.0,6.0,0.0,269.0,83.0,0.0,.264,.327,.551,.878,.302,13.94,2028.0,84.0,133.0,2025
672640,Otto Lopez,146,Miami Marlins,,SS,2026,561.0,516.0,158.0,30.0,7.0,9.0,30.0,0.0,71.0,4.0,11.0,0.0,229.0,59.0,11.0,.306,.342,.444,.786,.333,57.33,2052.0,160.0,138.0,594.0,544.0,134.0,21.0,0.0,15.0,44.0,2.0,82.0,3.0,3.0,0.0,200.0,77.0,9.0,.246,.305,.368,.673,.264,36.27,2129.0,174.0,157.0,2025
676742,Cam Sanders,110,Baltimore Orioles,,P,2026,,,,,,,,,,,,,,,,,,,,,,,,,,,,,,,,,,,,,,,,,,,,,,,,,2025
592773,Ryne Stanek,138,St. Louis Cardinals,,P,2026,,,,,,,,,,,,,,,,,,,,,,,,,0.0,0.0,0.0,0.0,0.0,0.0,0.0,0.0,0.0,0.0,0.0,0.0,0.0,0.0,0.0,.000,.000,.000,.000,.---,-.--,0.0,0.0,0.0,2025
641927,Bailey Ober,142,Minnesota Twins,,P,2026,,,,,,,,,,,,,,,,,,,,,,,,,,,,,,,,,,,,,,,,,,,,,,,,,2025
553869,Elias Díaz,140,Texas Rangers,,C,2026,178.0,167.0,38.0,9.0,0.0,6.0,5.0,1.0,40.0,2.0,2.0,2.0,65.0,22.0,2.0,.228,.256,.389,.645,.260,27.83,677.0,37.0,56.0,283.0,255.0,52.0,7.0,0.0,9.0,21.0,0.0,74.0,2.0,0.0,5.0,86.0,29.0,11.0,.204,.270,.337,.607,.250,28.33,1055.0,51.0,83.0,2025
641933,Tyler O'Neill,110,Baltimore Orioles,,RF,2026,260.0,231.0,49.0,8.0,0.0,10.0,27.0,0.0,72.0,2.0,0.0,0.0,87.0,23.0,5.0,.212,.300,.377,.677,.262,23.10,1049.0,39.0,71.0,209.0,181.0,36.0,6.0,1.0,9.0,22.0,1.0,51.0,3.0,3.0,0.0,71.0,26.0,2.0,.199,.292,.392,.684,.218,20.11,821.0,35.0,62.0,2025
592779,Brock Stewart,119,Los Angeles Dodgers,,P,2026,,,,,,,,,,,,,,,,,,,,,,,,,,,,,,,,,,,,,,,,,,,,,,,,,2025
656271,Brock Burke,113,Cincinnati Reds,,P,2026,,,,,,,,,,,,,,,,,,,,,,,,,,,,,,,,,,,,,,,,,,,,,,,,,2025
656288,Griffin Canning,135,San Diego Padres,,P,2026,,,,,,,,,,,,,,,,,,,,,,,,,,,,,,,,,,,,,,,,,,,,,,,,,2025
680869,Zack Gelof,133,Athletics,,3B,2026,312.0,283.0,73.0,13.0,1.0,14.0,22.0,0.0,79.0,5.0,0.0,2.0,130.0,37.0,7.0,.258,.323,.459,.782,.311,20.21,1223.0,65.0,68.0,101.0,92.0,16.0,3.0,0.0,2.0,7.0,0.0,46.0,0.0,1.0,1.0,25.0,7.0,0.0,.174,.230,.272,.502,.311,46.00,416.0,12.0,20.0,2025
641941,Emilio Pagán,113,Cincinnati Reds,,P,2026,,,,,,,,,,,,,,,,,,,,,,,,,,,,,,,,,,,,,,,,,,,,,,,,,2025
699302,Héctor Rodríguez,113,Cincinnati Reds,,RF,2026,49.0,44.0,8.0,2.0,0.0,1.0,4.0,0.0,11.0,1.0,0.0,0.0,13.0,3.0,0.0,.182,.265,.295,.560,.219,44.00,171.0,16.0,9.0,,,,,,,,,,,,,,,,,,,,,,,,,2025
656302,Dylan Cease,141,Toronto Blue Jays,,P,2026,,,,,,,,,,,,,,,,,,,,,,,,,,,,,,,,,,,,,,,,,,,,,,,,,2025
684974,Craig Yoho,114,Cleveland Guardians,,P,2026,,,,,,,,,,,,,,,,,,,,,,,,,,,,,,,,,,,,,,,,,,,,,,,,,2025
805808,Kevin McGonigle,116,Detroit Tigers,,SS,2026,577.0,492.0,138.0,24.0,3.0,14.0,79.0,1.0,79.0,3.0,3.0,0.0,210.0,56.0,5.0,.280,.381,.427,.808,.308,35.14,2310.0,95.0,183.0,,,,,,,,,,,,,,,,,,,,,,,,,2025
682928,CJ Abrams,120,Washington Nationals,,SS,2026,543.0,478.0,132.0,26.0,3.0,29.0,47.0,2.0,127.0,12.0,6.0,0.0,251.0,92.0,7.0,.276,.352,.525,.877,.314,16.48,2076.0,94.0,131.0,635.0,580.0,149.0,35.0,5.0,19.0,37.0,1.0,125.0,14.0,3.0,1.0,251.0,60.0,5.0,.257,.315,.433,.748,.296,30.53,2320.0,141.0,169.0,2025
621493,Taylor Ward,136,Seattle Mariners,,DH,2026,562.0,459.0,107.0,20.0,1.0,7.0,93.0,2.0,118.0,7.0,3.0,0.0,150.0,32.0,8.0,.233,.368,.327,.695,.297,65.57,2336.0,109.0,128.0,663.0,579.0,132.0,31.0,2.0,36.0,75.0,1.0,175.0,3.0,6.0,0.0,275.0,103.0,13.0,.228,.317,.475,.792,.257,16.08,2788.0,112.0,166.0,2025
672695,Geraldo Perdomo,109,Arizona Diamondbacks,,SS,2026,555.0,462.0,115.0,18.0,6.0,9.0,77.0,0.0,69.0,4.0,6.0,6.0,172.0,46.0,10.0,.249,.357,.372,.729,.272,51.33,2364.0,138.0,152.0,720.0,597.0,173.0,33.0,5.0,20.0,94.0,1.0,83.0,10.0,11.0,8.0,276.0,100.0,11.0,.290,.389,.462,.851,.303,29.85,3007.0,167.0,193.0,2025
680899,Erik Tolman,120,Washington Nationals,,P,2026,,,,,,,,,,,,,,,,,,,,,,,,,,,,,,,,,,,,,,,,,,,,,,,,,2025
695243,Mason Miller,135,San Diego Padres,,P,2026,,,,,,,,,,,,,,,,,,,,,,,,,,,,,,,,,,,,,,,,,,,,,,,,,2025
605135,Chris Bassitt,110,Baltimore Orioles,,P,2026,,,,,,,,,,,,,,,,,,,,,,,,,,,,,,,,,,,,,,,,,,,,,,,,,2025
695239,Robby Ahlstrom,140,Texas Rangers,,P,2026,,,,,,,,,,,,,,,,,,,,,,,,,,,,,,,,,,,,,,,,,,,,,,,,,2025
605137,Josh Bell,142,Minnesota Twins,,DH,2026,517.0,467.0,118.0,27.0,1.0,17.0,42.0,0.0,106.0,4.0,3.0,0.0,198.0,80.0,13.0,.253,.318,.424,.742,.291,27.47,2049.0,120.0,126.0,533.0,468.0,111.0,16.0,1.0,22.0,57.0,1.0,88.0,5.0,3.0,0.0,195.0,63.0,15.0,.237,.325,.417,.742,.247,21.27,2102.0,137.0,135.0,2025
605141,Mookie Betts,119,Los Angeles Dodgers,,SS,2026,400.0,369.0,87.0,14.0,0.0,16.0,28.0,3.0,45.0,2.0,1.0,0.0,149.0,46.0,14.0,.236,.293,.404,.697,.230,23.06,1427.0,86.0,152.0,663.0,589.0,152.0,23.0,2.0,20.0,61.0,2.0,68.0,3.0,10.0,0.0,239.0,82.0,15.0,.258,.326,.406,.732,.258,29.45,2460.0,136.0,243.0,2025
701398,Sal Stewart,113,Cincinnati Reds,,1B,2026,576.0,510.0,134.0,24.0,0.0,28.0,55.0,5.0,126.0,4.0,7.0,0.0,242.0,99.0,14.0,.263,.335,.475,.810,.292,18.21,2254.0,134.0,123.0,58.0,55.0,14.0,1.0,0.0,5.0,3.0,0.0,15.0,0.0,0.0,0.0,30.0,8.0,1.0,.255,.293,.545,.838,.257,11.00,217.0,10.0,16.0,2025
672724,Oswald Peraza,108,Los Angeles Angels,,2B,2026,325.0,301.0,68.0,12.0,2.0,7.0,14.0,0.0,97.0,8.0,1.0,1.0,105.0,24.0,8.0,.226,.278,.349,.627,.308,43.00,1225.0,76.0,62.0,265.0,244.0,40.0,6.0,0.0,5.0,17.0,0.0,80.0,2.0,1.0,0.0,61.0,20.0,6.0,.164,.223,.250,.473,.219,48.80,1005.0,70.0,55.0,2025
607192,Tyler Glasnow,119,Los Angeles Dodgers,,P,2026,,,,,,,,,,,,,,,,,,,,,,,,,,,,,,,,,,,,,,,,,,,,,,,,,2025
607200,Erick Fedde,145,Chicago White Sox,,P,2026,,,,,,,,,,,,,,,,,,,,,,,,,,,,,,,,,,,,,,,,,,,,,,,,,2025
695257,Billy Cook,134,Pittsburgh Pirates,,CF,2026,51.0,50.0,9.0,1.0,1.0,0.0,1.0,0.0,20.0,0.0,0.0,0.0,12.0,2.0,0.0,.180,.196,.240,.436,.300,-.--,182.0,7.0,14.0,6.0,6.0,2.0,0.0,0.0,0.0,0.0,0.0,1.0,0.0,0.0,0.0,2.0,0.0,0.0,.333,.333,.333,.666,.400,-.--,20.0,2.0,1.0,2025
687064,Brandon Young,110,Baltimore Orioles,,P,2026,,,,,,,,,,,,,,,,,,,,,,,,,,,,,,,,,,,,,,,,,,,,,,,,,2025
678882,Ceddanne Rafaela,111,Boston Red Sox,,CF,2026,537.0,504.0,145.0,32.0,3.0,16.0,21.0,1.0,108.0,8.0,2.0,2.0,231.0,66.0,10.0,.288,.325,.458,.783,.338,31.50,1967.0,126.0,129.0,587.0,546.0,136.0,34.0,4.0,16.0,28.0,0.0,117.0,8.0,2.0,3.0,226.0,63.0,9.0,.249,.295,.414,.709,.289,34.12,2128.0,139.0,159.0,2025
682989,Victor Mederos,144,Atlanta Braves,,P,2026,1.0,1.0,1.0,0.0,0.0,0.0,0.0,0.0,0.0,0.0,0.0,0.0,1.0,2.0,0.0,1.000,1.000,1.000,2.000,1.000,-.--,3.0,0.0,0.0,,,,,,,,,,,,,,,,,,,,,,,,,2025
621550,Patrick Wisdom,136,Seattle Mariners,,3B,2026,44.0,41.0,5.0,1.0,0.0,1.0,3.0,1.0,18.0,0.0,0.0,0.0,9.0,4.0,0.0,.122,.182,.220,.402,.182,41.00,162.0,5.0,13.0,,,,,,,,,,,,,,,,,,,,,,,,,2025
607208,Trea Turner,143,Philadelphia Phillies,,SS,2026,569.0,526.0,127.0,22.0,1.0,17.0,36.0,1.0,124.0,4.0,3.0,0.0,202.0,49.0,10.0,.241,.293,.384,.677,.284,30.94,2142.0,130.0,148.0,639.0,589.0,179.0,31.0,7.0,15.0,43.0,1.0,107.0,5.0,2.0,0.0,269.0,69.0,11.0,.304,.355,.457,.812,.350,39.27,2407.0,159.0,146.0,2025
605170,Victor Caratini,142,Minnesota Twins,,C,2026,341.0,290.0,64.0,9.0,0.0,7.0,33.0,1.0,68.0,10.0,8.0,0.0,94.0,39.0,7.0,.221,.314,.324,.638,.256,41.43,1304.0,80.0,86.0,386.0,344.0,89.0,14.0,0.0,12.0,23.0,0.0,65.0,13.0,6.0,0.0,139.0,46.0,8.0,.259,.324,.404,.728,.282,28.67,1417.0,93.0,103.0,2025
687093,Vaughn Grissom,108,Los Angeles Angels,,2B,2026,350.0,315.0,78.0,18.0,0.0,9.0,23.0,0.0,64.0,7.0,4.0,0.0,123.0,54.0,14.0,.248,.309,.390,.699,.280,35.00,1336.0,87.0,90.0,,,,,,,,,,,,,,,,,,,,,,,,,2025
682998,Corbin Carroll,109,Arizona Diamondbacks,,RF,2026,560.0,482.0,121.0,28.0,16.0,18.0,66.0,3.0,121.0,8.0,4.0,0.0,235.0,58.0,6.0,.251,.348,.488,.836,.297,26.78,2184.0,106.0,138.0,642.0,564.0,146.0,32.0,17.0,31.0,67.0,4.0,153.0,7.0,4.0,0.0,305.0,84.0,6.0,.259,.343,.541,.884,.299,18.19,2497.0,111.0,158.0,2025
592885,Christian Yelich,158,Milwaukee Brewers,,DH,2026,398.0,351.0,82.0,20.0,2.0,9.0,39.0,3.0,106.0,4.0,3.0,1.0,133.0,45.0,6.0,.234,.315,.379,.694,.305,39.00,1686.0,109.0,58.0,644.0,573.0,151.0,21.0,0.0,29.0,64.0,6.0,167.0,6.0,1.0,0.0,259.0,103.0,6.0,.264,.343,.452,.795,.323,19.76,2601.0,174.0,82.0,2025
683002,Gunnar Henderson,110,Baltimore Orioles,,SS,2026,592.0,526.0,115.0,23.0,4.0,20.0,55.0,3.0,131.0,9.0,2.0,0.0,206.0,51.0,7.0,.219,.302,.392,.694,.252,26.30,2330.0,132.0,150.0,651.0,577.0,158.0,34.0,5.0,17.0,62.0,6.0,137.0,7.0,5.0,0.0,253.0,68.0,7.0,.274,.349,.438,.787,.329,33.94,2506.0,161.0,126.0,2025
689147,Orion Kerkering,143,Philadelphia Phillies,,P,2026,0.0,0.0,0.0,0.0,0.0,0.0,0.0,0.0,0.0,0.0,0.0,0.0,0.0,0.0,0.0,.000,.000,.000,.000,.---,-.--,0.0,0.0,0.0,,,,,,,,,,,,,,,,,,,,,,,,,2025
683003,Jared Jones,134,Pittsburgh Pirates,,P,2026,,,,,,,,,,,,,,,,,,,,,,,,,,,,,,,,,,,,,,,,,,,,,,,,,2025
689149,Chad Dallas,141,Toronto Blue Jays,,P,2026,,,,,,,,,,,,,,,,,,,,,,,,,,,,,,,,,,,,,,,,,,,,,,,,,2025
621566,Matt Olson,144,Atlanta Braves,,1B,2026,574.0,512.0,133.0,32.0,0.0,36.0,56.0,4.0,146.0,3.0,3.0,0.0,273.0,77.0,9.0,.260,.334,.533,.867,.291,14.22,2456.0,101.0,135.0,724.0,624.0,170.0,41.0,2.0,29.0,91.0,2.0,176.0,4.0,5.0,0.0,302.0,95.0,14.0,.272,.366,.484,.850,.333,21.52,3166.0,133.0,150.0,2025
642048,Tayler Saucedo,108,Los Angeles Angels,,P,2026,,,,,,,,,,,,,,,,,,,,,,,,,,,,,,,,,,,,,,,,,,,,,,,,,2025
668670,Jake Rogers,145,Chicago White Sox,,C,2026,144.0,121.0,21.0,4.0,1.0,4.0,18.0,0.0,42.0,1.0,3.0,1.0,39.0,13.0,3.0,.174,.280,.322,.602,.218,30.25,578.0,25.0,37.0,142.0,123.0,23.0,5.0,2.0,3.0,15.0,0.0,39.0,1.0,2.0,1.0,41.0,19.0,3.0,.187,.277,.333,.610,.241,41.00,570.0,34.0,30.0,2025
699393,Pedro Ramírez,112,Chicago Cubs,,2B,2026,175.0,158.0,46.0,10.0,2.0,3.0,14.0,2.0,32.0,1.0,1.0,1.0,69.0,21.0,3.0,.291,.351,.437,.788,.347,52.67,636.0,42.0,40.0,,,,,,,,,,,,,,,,,,,,,,,,,2025
666624,Christopher Morel,121,New York Mets,,1B,2026,80.0,74.0,12.0,3.0,0.0,0.0,5.0,0.0,29.0,1.0,0.0,0.0,15.0,1.0,0.0,.162,.225,.203,.428,.267,-.--,289.0,15.0,18.0,305.0,278.0,61.0,16.0,0.0,11.0,25.0,0.0,109.0,2.0,0.0,0.0,110.0,33.0,8.0,.219,.289,.396,.685,.316,25.27,1177.0,40.0,68.0,2025
500743,Miguel Rojas,119,Los Angeles Dodgers,,2B,2026,198.0,175.0,48.0,12.0,0.0,3.0,13.0,0.0,21.0,2.0,6.0,2.0,69.0,18.0,8.0,.274,.321,.394,.715,.287,58.33,704.0,55.0,59.0,317.0,290.0,76.0,18.0,0.0,7.0,24.0,1.0,46.0,0.0,0.0,3.0,115.0,27.0,7.0,.262,.318,.397,.715,.291,41.43,1166.0,83.0,88.0,2025
553993,Eugenio Suárez,113,Cincinnati Reds,,DH,2026,405.0,356.0,73.0,16.0,0.0,18.0,41.0,1.0,141.0,5.0,3.0,0.0,143.0,53.0,5.0,.205,.294,.402,.696,.275,19.78,1658.0,62.0,83.0,657.0,588.0,134.0,28.0,0.0,49.0,46.0,2.0,196.0,16.0,7.0,0.0,309.0,118.0,11.0,.228,.298,.526,.824,.243,12.00,2606.0,100.0,165.0,2025
683021,Michael Stefanic,133,Athletics,,2B,2026,5.0,5.0,2.0,0.0,0.0,0.0,0.0,0.0,1.0,0.0,0.0,0.0,2.0,0.0,0.0,.400,.400,.400,.800,.500,-.--,16.0,2.0,0.0,25.0,22.0,4.0,0.0,0.0,0.0,3.0,0.0,3.0,0.0,0.0,0.0,4.0,0.0,0.0,.182,.280,.182,.462,.211,-.--,98.0,7.0,8.0,2025
672782,Yoendrys Gómez,142,Minnesota Twins,,P,2026,,,,,,,,,,,,,,,,,,,,,,,,,,,,,,,,,,,,,,,,,,,,,,,,,2025
543760,Marcus Semien,121,New York Mets,,2B,2026,437.0,398.0,84.0,10.0,1.0,14.0,33.0,0.0,95.0,1.0,4.0,1.0,138.0,43.0,10.0,.211,.271,.347,.618,.239,28.43,1646.0,88.0,136.0,534.0,470.0,108.0,16.0,1.0,15.0,50.0,0.0,93.0,5.0,9.0,0.0,171.0,62.0,8.0,.230,.305,.364,.669,.251,31.33,2075.0,101.0,177.0,2025
676879,Aaron Ashby,158,Milwaukee Brewers,,P,2026,,,,,,,,,,,,,,,,,,,,,,,,,,,,,,,,,,,,,,,,,,,,,,,,,2025
674841,Andrew Alvarez,120,Washington Nationals,,P,2026,,,,,,,,,,,,,,,,,,,,,,,,,,,,,,,,,,,,,,,,,,,,,,,,,2025
607259,Nick Martinez,139,Tampa Bay Rays,,P,2026,,,,,,,,,,,,,,,,,,,,,,,,,,,,,,,,,,,,,,,,,,,,,,,,,2025
666661,Juan Morillo,109,Arizona Diamondbacks,,P,2026,,,,,,,,,,,,,,,,,,,,,,,,,0.0,0.0,0.0,0.0,0.0,0.0,0.0,0.0,0.0,0.0,0.0,0.0,0.0,0.0,0.0,.000,.000,.000,.000,.---,-.--,0.0,0.0,0.0,2025
703520,Brett Bateman,141,Toronto Blue Jays,,CF,2026,70.0,64.0,21.0,3.0,1.0,0.0,4.0,0.0,15.0,0.0,1.0,1.0,26.0,5.0,0.0,.328,.362,.406,.768,.420,-.--,245.0,21.0,9.0,,,,,,,,,,,,,,,,,,,,,,,,,2025
668709,JJ Bleday,113,Cincinnati Reds,,LF,2026,437.0,372.0,82.0,14.0,2.0,21.0,60.0,1.0,96.0,2.0,2.0,0.0,163.0,51.0,5.0,.220,.330,.438,.768,.237,17.71,1721.0,61.0,135.0,344.0,307.0,65.0,17.0,0.0,14.0,36.0,2.0,91.0,0.0,1.0,0.0,124.0,39.0,6.0,.212,.294,.404,.698,.251,21.93,1328.0,61.0,91.0,2025
642086,Dominic Smith,144,Atlanta Braves,,DH,2026,286.0,257.0,67.0,6.0,1.0,8.0,21.0,1.0,45.0,2.0,5.0,1.0,99.0,44.0,6.0,.261,.316,.385,.701,.282,32.12,1098.0,73.0,78.0,225.0,204.0,58.0,12.0,0.0,5.0,15.0,0.0,42.0,2.0,4.0,0.0,85.0,33.0,5.0,.284,.333,.417,.750,.329,40.80,848.0,46.0,62.0,2025
668723,Ryan Vilade,139,Tampa Bay Rays,,RF,2026,220.0,197.0,52.0,8.0,1.0,11.0,18.0,1.0,49.0,1.0,3.0,1.0,95.0,37.0,4.0,.264,.324,.482,.806,.293,17.91,877.0,43.0,57.0,15.0,13.0,1.0,0.0,0.0,0.0,2.0,0.0,5.0,0.0,0.0,0.0,1.0,0.0,1.0,.077,.200,.077,.277,.125,-.--,60.0,6.0,1.0,2025
668716,Noah Murdock,134,Pittsburgh Pirates,,P,2026,,,,,,,,,,,,,,,,,,,,,,,,,,,,,,,,,,,,,,,,,,,,,,,,,2025
670764,Taylor Walls,139,Tampa Bay Rays,,SS,2026,378.0,323.0,69.0,14.0,2.0,2.0,40.0,0.0,92.0,2.0,3.0,10.0,93.0,31.0,4.0,.214,.302,.288,.590,.289,161.50,1502.0,79.0,96.0,317.0,282.0,62.0,14.0,1.0,4.0,26.0,0.0,70.0,0.0,6.0,3.0,90.0,38.0,1.0,.220,.280,.319,.599,.271,70.50,1278.0,70.0,89.0,2025
670770,TJ Friedl,113,Cincinnati Reds,,CF,2026,253.0,222.0,35.0,6.0,1.0,3.0,20.0,0.0,59.0,5.0,1.0,5.0,52.0,11.0,3.0,.158,.242,.234,.476,.199,74.00,939.0,60.0,74.0,685.0,579.0,151.0,22.0,2.0,14.0,81.0,0.0,115.0,16.0,5.0,4.0,219.0,53.0,7.0,.261,.364,.378,.742,.301,41.36,2645.0,141.0,181.0,2025
642100,Gabe Speier,136,Seattle Mariners,,P,2026,0.0,0.0,0.0,0.0,0.0,0.0,0.0,0.0,0.0,0.0,0.0,0.0,0.0,0.0,0.0,.000,.000,.000,.000,.---,-.--,0.0,0.0,0.0,,,,,,,,,,,,,,,,,,,,,,,,,2025
693307,Dillon Dingler,116,Detroit Tigers,,C,2026,517.0,466.0,118.0,24.0,2.0,26.0,31.0,0.0,115.0,15.0,3.0,0.0,224.0,82.0,11.0,.253,.318,.481,.799,.280,17.92,2000.0,100.0,136.0,469.0,435.0,121.0,21.0,2.0,13.0,23.0,2.0,110.0,9.0,1.0,0.0,185.0,57.0,5.0,.278,.327,.425,.752,.345,33.46,1793.0,91.0,114.0,2025
693304,Nick Gonzales,134,Pittsburgh Pirates,,3B,2026,517.0,472.0,145.0,22.0,1.0,6.0,34.0,0.0,86.0,10.0,1.0,0.0,187.0,56.0,12.0,.307,.366,.396,.762,.365,78.67,1896.0,137.0,105.0,408.0,381.0,99.0,18.0,3.0,5.0,21.0,0.0,73.0,2.0,4.0,0.0,138.0,30.0,12.0,.260,.299,.362,.661,.306,76.20,1405.0,104.0,109.0,2025
676917,Cade Cavalli,120,Washington Nationals,,P,2026,,,,,,,,,,,,,,,,,,,,,,,,,0.0,0.0,0.0,0.0,0.0,0.0,0.0,0.0,0.0,0.0,0.0,0.0,0.0,0.0,0.0,.000,.000,.000,.000,.---,-.--,0.0,0.0,0.0,2025
693308,Nick Frasso,115,Colorado Rockies,,P,2026,,,,,,,,,,,,,,,,,,,,,,,,,,,,,,,,,,,,,,,,,,,,,,,,,2025
693313,Carson Seymour,137,San Francisco Giants,,P,2026,,,,,,,,,,,,,,,,,,,,,,,,,,,,,,,,,,,,,,,,,,,,,,,,,2025
672841,Carlos Vargas,136,Seattle Mariners,,P,2026,,,,,,,,,,,,,,,,,,,,,,,,,,,,,,,,,,,,,,,,,,,,,,,,,2025
543807,George Springer,141,Toronto Blue Jays,,DH,2026,420.0,372.0,89.0,16.0,2.0,12.0,40.0,0.0,77.0,3.0,2.0,0.0,145.0,41.0,9.0,.239,.317,.390,.707,.270,31.00,1681.0,104.0,104.0,586.0,498.0,154.0,27.0,1.0,32.0,69.0,3.0,111.0,8.0,4.0,0.0,279.0,84.0,14.0,.309,.399,.560,.959,.340,15.56,2307.0,105.0,132.0,2025
519242,Chris Sale,144,Atlanta Braves,,P,2026,,,,,,,,,,,,,,,,,,,,,,,,,,,,,,,,,,,,,,,,,,,,,,,,,2025
681035,Christian Scott,121,New York Mets,,P,2026,,,,,,,,,,,,,,,,,,,,,,,,,,,,,,,,,,,,,,,,,,,,,,,,,2025
701519,Travis Adams,142,Minnesota Twins,,P,2026,,,,,,,,,,,,,,,,,,,,,,,,,,,,,,,,,,,,,,,,,,,,,,,,,2025
683083,Nasim Nuñez,120,Washington Nationals,,2B,2026,437.0,382.0,83.0,4.0,3.0,1.0,45.0,0.0,90.0,1.0,2.0,7.0,96.0,34.0,6.0,.217,.300,.251,.551,.280,382.00,1768.0,120.0,98.0,92.0,82.0,19.0,2.0,0.0,4.0,8.0,0.0,20.0,0.0,1.0,1.0,33.0,13.0,1.0,.232,.297,.402,.699,.254,20.50,417.0,26.0,19.0,2025
656464,Kevin Ginkel,109,Arizona Diamondbacks,,P,2026,,,,,,,,,,,,,,,,,,,,,,,,,,,,,,,,,,,,,,,,,,,,,,,,,2025
681047,Christian Franklin,110,Baltimore Orioles,,CF,2026,37.0,29.0,5.0,2.0,0.0,0.0,6.0,0.0,10.0,2.0,0.0,0.0,7.0,0.0,0.0,.172,.351,.241,.592,.263,-.--,163.0,6.0,8.0,,,,,,,,,,,,,,,,,,,,,,,,,2025
695380,Alex Hoppe,110,Baltimore Orioles,,P,2026,,,,,,,,,,,,,,,,,,,,,,,,,,,,,,,,,,,,,,,,,,,,,,,,,2025
683090,Matthew Lugo,118,Kansas City Royals,,LF,2026,,,,,,,,,,,,,,,,,,,,,,,,,70.0,69.0,16.0,2.0,1.0,4.0,0.0,0.0,24.0,1.0,0.0,0.0,32.0,9.0,3.0,.232,.243,.464,.707,.293,17.25,242.0,18.0,11.0,2025
605280,Clay Holmes,112,Chicago Cubs,,P,2026,,,,,,,,,,,,,,,,,,,,,,,,,,,,,,,,,,,,,,,,,,,,,,,,,2025
650333,Luis Arraez,143,Philadelphia Phillies,,2B,2026,549.0,502.0,161.0,28.0,7.0,6.0,27.0,4.0,24.0,4.0,10.0,6.0,221.0,54.0,11.0,.321,.354,.440,.794,.322,83.67,2037.0,139.0,194.0,675.0,620.0,181.0,30.0,4.0,8.0,34.0,0.0,21.0,2.0,7.0,12.0,243.0,61.0,12.0,.292,.327,.392,.719,.289,77.50,2467.0,215.0,222.0,2025
646240,Rafael Devers,137,San Francisco Giants,,1B,2026,559.0,496.0,121.0,31.0,1.0,28.0,58.0,4.0,145.0,1.0,4.0,0.0,238.0,74.0,12.0,.244,.322,.480,.802,.284,17.71,2281.0,110.0,124.0,729.0,607.0,153.0,33.0,0.0,35.0,112.0,10.0,192.0,6.0,4.0,0.0,291.0,109.0,16.0,.252,.372,.479,.851,.307,17.34,3060.0,139.0,127.0,2025
701538,Jackson Merrill,135,San Diego Padres,,CF,2026,545.0,504.0,119.0,20.0,2.0,21.0,34.0,2.0,136.0,2.0,2.0,3.0,206.0,66.0,8.0,.236,.286,.409,.695,.281,24.00,2138.0,105.0,149.0,483.0,440.0,116.0,25.0,6.0,16.0,33.0,1.0,108.0,4.0,5.0,1.0,201.0,67.0,4.0,.264,.317,.457,.774,.312,27.50,1703.0,88.0,134.0,2025
689254,Mason Fluharty,141,Toronto Blue Jays,,P,2026,,,,,,,,,,,,,,,,,,,,,,,,,,,,,,,,,,,,,,,,,,,,,,,,,2025
605288,Adrian Houser,137,San Francisco Giants,,P,2026,,,,,,,,,,,,,,,,,,,,,,,,,,,,,,,,,,,,,,,,,,,,,,,,,2025
805999,A.J. Ewing,121,New York Mets,,CF,2026,375.0,332.0,81.0,16.0,1.0,7.0,35.0,0.0,99.0,2.0,3.0,3.0,120.0,28.0,1.0,.244,.317,.361,.678,.323,47.43,1501.0,74.0,84.0,,,,,,,,,,,,,,,,,,,,,,,,,2025
656492,Foster Griffin,114,Cleveland Guardians,,P,2026,,,,,,,,,,,,,,,,,,,,,,,,,,,,,,,,,,,,,,,,,,,,,,,,,2025
703601,Max Clark,116,Detroit Tigers,,CF,2026,92.0,85.0,21.0,3.0,2.0,2.0,6.0,0.0,19.0,1.0,0.0,0.0,34.0,12.0,0.0,.247,.304,.400,.704,.297,42.50,347.0,19.0,26.0,,,,,,,,,,,,,,,,,,,,,,,,,2025
689266,Dylan Dodd,144,Atlanta Braves,,P,2026,,,,,,,,,,,,,,,,,,,,,,,,,,,,,,,,,,,,,,,,,,,,,,,,,2025
703607,Henry Bolte,133,Athletics,,CF,2026,341.0,301.0,83.0,11.0,1.0,6.0,25.0,0.0,94.0,11.0,2.0,1.0,114.0,26.0,5.0,.276,.351,.379,.730,.379,50.17,1270.0,87.0,40.0,,,,,,,,,,,,,,,,,,,,,,,,,2025
681082,Bryson Stott,143,Philadelphia Phillies,,2B,2026,498.0,441.0,114.0,25.0,6.0,9.0,50.0,0.0,85.0,2.0,2.0,3.0,178.0,59.0,10.0,.259,.335,.404,.739,.301,49.00,2066.0,116.0,131.0,560.0,499.0,128.0,22.0,3.0,13.0,54.0,1.0,91.0,1.0,4.0,2.0,195.0,66.0,4.0,.257,.328,.391,.719,.288,38.38,2466.0,116.0,170.0,2025
695418,Brad Lord,120,Washington Nationals,,P,2026,0.0,0.0,0.0,0.0,0.0,0.0,0.0,0.0,0.0,0.0,0.0,0.0,0.0,0.0,0.0,.000,.000,.000,.000,.---,-.--,0.0,0.0,0.0,,,,,,,,,,,,,,,,,,,,,,,,,2025
664702,Myles Straw,141,Toronto Blue Jays,,CF,2026,260.0,235.0,51.0,16.0,1.0,3.0,18.0,0.0,36.0,1.0,3.0,3.0,78.0,21.0,2.0,.217,.272,.332,.604,.241,78.33,986.0,73.0,81.0,299.0,267.0,70.0,14.0,1.0,4.0,19.0,0.0,50.0,1.0,1.0,11.0,98.0,32.0,5.0,.262,.313,.367,.680,.308,66.75,1104.0,68.0,91.0,2025
687231,Darell Hernaiz,133,Athletics,,SS,2026,148.0,129.0,30.0,3.0,0.0,1.0,16.0,0.0,26.0,1.0,0.0,2.0,36.0,7.0,1.0,.233,.322,.279,.601,.284,129.00,584.0,33.0,42.0,197.0,173.0,40.0,5.0,1.0,2.0,17.0,0.0,24.0,0.0,5.0,2.0,53.0,16.0,2.0,.231,.292,.306,.598,.250,86.50,712.0,61.0,55.0,2025
668800,Andrew Knizner,137,San Francisco Giants,,C,2026,17.0,15.0,3.0,0.0,0.0,1.0,2.0,0.0,2.0,0.0,0.0,0.0,6.0,1.0,1.0,.200,.294,.400,.694,.167,15.00,69.0,3.0,7.0,88.0,77.0,17.0,1.0,1.0,1.0,7.0,0.0,10.0,2.0,1.0,1.0,23.0,5.0,0.0,.221,.299,.299,.598,.239,77.00,321.0,24.0,28.0,2025
668804,Bryan Reynolds,134,Pittsburgh Pirates,,LF,2026,583.0,495.0,130.0,32.0,2.0,15.0,77.0,3.0,139.0,9.0,2.0,0.0,211.0,66.0,7.0,.263,.370,.426,.796,.335,33.00,2273.0,127.0,101.0,654.0,587.0,144.0,38.0,3.0,16.0,57.0,1.0,173.0,7.0,3.0,0.0,236.0,73.0,15.0,.245,.318,.402,.720,.319,36.69,2631.0,155.0,118.0,2025
547973,Aroldis Chapman,111,Boston Red Sox,,P,2026,0.0,0.0,0.0,0.0,0.0,0.0,0.0,0.0,0.0,0.0,0.0,0.0,0.0,0.0,0.0,.000,.000,.000,.000,.---,-.--,0.0,0.0,0.0,0.0,0.0,0.0,0.0,0.0,0.0,0.0,0.0,0.0,0.0,0.0,0.0,0.0,0.0,0.0,.000,.000,.000,.000,.---,-.--,0.0,0.0,0.0,2025
689296,Anthony Nunez,110,Baltimore Orioles,,P,2026,,,,,,,,,,,,,,,,,,,,,,,,,,,,,,,,,,,,,,,,,,,,,,,,,2025
683146,Brett Baty,121,New York Mets,,3B,2026,399.0,356.0,78.0,16.0,1.0,8.0,35.0,0.0,110.0,3.0,4.0,0.0,120.0,40.0,4.0,.219,.291,.337,.628,.289,44.50,1585.0,79.0,93.0,432.0,393.0,100.0,13.0,2.0,18.0,33.0,0.0,108.0,2.0,3.0,0.0,171.0,50.0,6.0,.254,.313,.435,.748,.304,21.83,1753.0,117.0,71.0,2025
668820,Max Kranick,120,Washington Nationals,,P,2026,,,,,,,,,,,,,,,,,,,,,,,,,,,,,,,,,,,,,,,,,,,,,,,,,2025
656529,Sam Hentges,137,San Francisco Giants,,P,2026,0.0,0.0,0.0,0.0,0.0,0.0,0.0,0.0,0.0,0.0,0.0,0.0,0.0,0.0,0.0,.000,.000,.000,.000,.---,-.--,0.0,0.0,0.0,,,,,,,,,,,,,,,,,,,,,,,,,2025
656537,Derek Hill,143,Philadelphia Phillies,,CF,2026,184.0,168.0,40.0,4.0,0.0,9.0,12.0,0.0,63.0,1.0,0.0,3.0,71.0,25.0,2.0,.238,.293,.423,.716,.323,18.67,716.0,35.0,33.0,149.0,134.0,29.0,6.0,0.0,3.0,9.0,0.0,48.0,3.0,0.0,3.0,44.0,11.0,3.0,.216,.281,.328,.609,.313,44.67,579.0,32.0,28.0,2025
664728,Kyle Isbel,118,Kansas City Royals,,CF,2026,244.0,220.0,53.0,8.0,1.0,6.0,12.0,0.0,53.0,3.0,2.0,7.0,81.0,23.0,7.0,.241,.287,.368,.655,.288,36.67,867.0,62.0,61.0,409.0,368.0,94.0,16.0,4.0,4.0,23.0,0.0,74.0,2.0,3.0,13.0,130.0,33.0,7.0,.255,.301,.353,.654,.307,92.00,1470.0,119.0,97.0,2025
677020,Josh Walker,110,Baltimore Orioles,,P,2026,,,,,,,,,,,,,,,,,,,,,,,,,,,,,,,,,,,,,,,,,,,,,,,,,2025
642201,Eli White,111,Boston Red Sox,,RF,2026,169.0,157.0,37.0,6.0,1.0,5.0,10.0,0.0,38.0,1.0,1.0,0.0,60.0,20.0,2.0,.236,.284,.382,.666,.278,31.40,658.0,51.0,32.0,271.0,256.0,60.0,8.0,3.0,10.0,11.0,1.0,70.0,2.0,1.0,1.0,104.0,35.0,2.0,.234,.270,.406,.676,.282,25.60,1001.0,61.0,67.0,2025
650402,Gleyber Torres,116,Detroit Tigers,,2B,2026,330.0,280.0,73.0,10.0,0.0,8.0,45.0,1.0,61.0,3.0,2.0,0.0,107.0,35.0,5.0,.261,.367,.382,.749,.305,35.00,1376.0,79.0,69.0,628.0,532.0,136.0,22.0,0.0,16.0,85.0,0.0,101.0,4.0,7.0,0.0,206.0,74.0,11.0,.256,.358,.387,.745,.284,33.25,2652.0,130.0,172.0,2025
687263,Zach Neto,108,Los Angeles Angels,,SS,2026,577.0,516.0,122.0,27.0,4.0,22.0,52.0,1.0,177.0,8.0,1.0,0.0,223.0,63.0,3.0,.236,.315,.432,.747,.314,23.46,2289.0,75.0,143.0,554.0,502.0,129.0,29.0,1.0,26.0,33.0,6.0,149.0,14.0,3.0,2.0,238.0,62.0,5.0,.257,.319,.474,.793,.312,19.31,2171.0,96.0,133.0,2025
656550,Grant Holmes,144,Atlanta Braves,,P,2026,,,,,,,,,,,,,,,,,,,,,,,,,,,,,,,,,,,,,,,,,,,,,,,,,2025
656546,Jeff Hoffman,142,Minnesota Twins,,P,2026,,,,,,,,,,,,,,,,,,,,,,,,,0.0,0.0,0.0,0.0,0.0,0.0,0.0,0.0,0.0,0.0,0.0,0.0,0.0,0.0,0.0,.000,.000,.000,.000,.---,-.--,0.0,0.0,0.0,2025
642215,Weston Wilson,136,Seattle Mariners,,3B,2026,129.0,114.0,23.0,4.0,0.0,4.0,14.0,0.0,40.0,1.0,0.0,0.0,39.0,11.0,1.0,.202,.295,.342,.637,.271,28.50,554.0,27.0,24.0,125.0,111.0,22.0,4.0,0.0,5.0,12.0,0.0,34.0,1.0,0.0,1.0,41.0,17.0,1.0,.198,.282,.369,.651,.236,22.20,536.0,30.0,26.0,2025
687273,Quinn Mathews,138,St. Louis Cardinals,,P,2026,,,,,,,,,,,,,,,,,,,,,,,,,,,,,,,,,,,,,,,,,,,,,,,,,2025
666808,Camilo Doval,134,Pittsburgh Pirates,,P,2026,,,,,,,,,,,,,,,,,,,,,,,,,,,,,,,,,,,,,,,,,,,,,,,,,2025
664761,Alec Bohm,143,Philadelphia Phillies,,3B,2026,517.0,470.0,115.0,22.0,1.0,14.0,34.0,1.0,71.0,8.0,5.0,0.0,181.0,76.0,17.0,.245,.304,.385,.689,.259,33.57,1890.0,160.0,129.0,504.0,464.0,133.0,18.0,3.0,11.0,29.0,0.0,82.0,5.0,6.0,0.0,190.0,59.0,16.0,.287,.331,.409,.740,.324,42.18,1801.0,140.0,115.0,2025
693433,Bryan Woo,136,Seattle Mariners,,P,2026,,,,,,,,,,,,,,,,,,,,,,,,,,,,,,,,,,,,,,,,,,,,,,,,,2025
660670,Ronald Acuña Jr.,144,Atlanta Braves,,RF,2026,352.0,302.0,70.0,12.0,1.0,13.0,43.0,2.0,83.0,5.0,2.0,0.0,123.0,35.0,1.0,.232,.335,.407,.742,.274,23.23,1421.0,69.0,82.0,412.0,338.0,98.0,12.0,1.0,21.0,71.0,4.0,102.0,3.0,0.0,0.0,175.0,42.0,5.0,.290,.417,.518,.935,.358,16.10,1741.0,72.0,66.0,2025
672960,Kazuma Okamoto,141,Toronto Blue Jays,,3B,2026,524.0,472.0,108.0,20.0,0.0,26.0,44.0,0.0,159.0,6.0,2.0,0.0,206.0,74.0,9.0,.229,.302,.436,.738,.284,18.15,2215.0,80.0,127.0,,,,,,,,,,,,,,,,,,,,,,,,,2025
656577,Alex Jackson,142,Minnesota Twins,,C,2026,69.0,66.0,20.0,4.0,0.0,1.0,1.0,0.0,23.0,2.0,0.0,0.0,27.0,5.0,0.0,.303,.333,.409,.742,.452,66.00,253.0,13.0,10.0,100.0,91.0,20.0,8.0,0.0,5.0,5.0,0.0,37.0,4.0,0.0,0.0,43.0,8.0,2.0,.220,.290,.473,.763,.306,18.20,399.0,16.0,18.0,2025
664770,Nathan Lukes,141,Toronto Blue Jays,,RF,2026,348.0,315.0,83.0,11.0,0.0,8.0,20.0,0.0,52.0,5.0,2.0,6.0,118.0,28.0,8.0,.263,.316,.375,.691,.292,39.38,1380.0,109.0,79.0,438.0,388.0,99.0,19.0,2.0,12.0,38.0,2.0,60.0,2.0,3.0,7.0,158.0,65.0,12.0,.255,.323,.407,.730,.273,32.33,1662.0,125.0,114.0,2025
695491,Joshua Báez,138,St. Louis Cardinals,,LF,2026,45.0,40.0,6.0,0.0,0.0,4.0,3.0,0.0,16.0,1.0,1.0,0.0,18.0,9.0,0.0,.150,.222,.450,.672,.095,10.00,160.0,6.0,13.0,,,,,,,,,,,,,,,,,,,,,,,,,2025
691406,Junior Caminero,139,Tampa Bay Rays,,3B,2026,575.0,503.0,140.0,20.0,1.0,35.0,68.0,10.0,105.0,2.0,2.0,0.0,267.0,84.0,23.0,.278,.365,.531,.896,.288,14.37,2231.0,157.0,103.0,653.0,602.0,159.0,28.0,0.0,45.0,41.0,1.0,125.0,3.0,7.0,0.0,322.0,110.0,31.0,.264,.311,.535,.846,.260,13.38,2494.0,169.0,156.0,2025
687312,Gabriel Hughes,115,Colorado Rockies,,P,2026,,,,,,,,,,,,,,,,,,,,,,,,,,,,,,,,,,,,,,,,,,,,,,,,,2025
695505,Chase Burns,113,Cincinnati Reds,,P,2026,,,,,,,,,,,,,,,,,,,,,,,,,,,,,,,,,,,,,,,,,,,,,,,,,2025
660688,Keibert Ruiz,120,Washington Nationals,,C,2026,301.0,280.0,78.0,21.0,0.0,8.0,16.0,1.0,33.0,2.0,3.0,0.0,123.0,43.0,7.0,.279,.319,.439,.758,.289,35.00,960.0,73.0,99.0,267.0,255.0,63.0,12.0,0.0,2.0,8.0,0.0,26.0,3.0,1.0,0.0,81.0,25.0,4.0,.247,.277,.318,.595,.268,127.50,888.0,93.0,74.0,2025
695506,Jac Caglianone,118,Kansas City Royals,,RF,2026,469.0,434.0,120.0,23.0,2.0,22.0,29.0,2.0,122.0,5.0,1.0,0.0,213.0,60.0,5.0,.276,.328,.491,.819,.337,19.73,1672.0,109.0,84.0,232.0,210.0,33.0,6.0,1.0,7.0,18.0,0.0,52.0,4.0,0.0,0.0,62.0,18.0,4.0,.157,.237,.295,.532,.172,30.00,858.0,67.0,58.0,2025
605400,Aaron Nola,143,Philadelphia Phillies,,P,2026,,,,,,,,,,,,,,,,,,,,,,,,,,,,,,,,,,,,,,,,,,,,,,,,,2025
701656,Logan Henderson,158,Milwaukee Brewers,,P,2026,,,,,,,,,,,,,,,,,,,,,,,,,,,,,,,,,,,,,,,,,,,,,,,,,2025
683227,Cody Freeman,140,Texas Rangers,,3B,2026,50.0,45.0,13.0,0.0,1.0,0.0,4.0,0.0,10.0,0.0,0.0,1.0,15.0,2.0,0.0,.289,.347,.333,.680,.371,-.--,208.0,11.0,12.0,121.0,114.0,26.0,4.0,0.0,3.0,5.0,0.0,19.0,0.0,1.0,1.0,39.0,15.0,3.0,.228,.258,.342,.600,.247,38.00,505.0,38.0,33.0,2025
687330,Kevin Kelly,139,Tampa Bay Rays,,P,2026,,,,,,,,,,,,,,,,,,,,,,,,,0.0,0.0,0.0,0.0,0.0,0.0,0.0,0.0,0.0,0.0,0.0,0.0,0.0,0.0,0.0,.000,.000,.000,.000,.---,-.--,0.0,0.0,0.0,2025
681190,Randy Vásquez,135,San Diego Padres,,P,2026,1.0,1.0,0.0,0.0,0.0,0.0,0.0,0.0,0.0,0.0,0.0,0.0,0.0,0.0,0.0,.000,.000,.000,.000,.000,-.--,1.0,1.0,0.0,,,,,,,,,,,,,,,,,,,,,,,,,2025
670950,Trevor Richards,145,Chicago White Sox,,P,2026,0.0,0.0,0.0,0.0,0.0,0.0,0.0,0.0,0.0,0.0,0.0,0.0,0.0,0.0,0.0,.000,.000,.000,.000,.---,-.--,0.0,0.0,0.0,0.0,0.0,0.0,0.0,0.0,0.0,0.0,0.0,0.0,0.0,0.0,0.0,0.0,0.0,0.0,.000,.000,.000,.000,.---,-.--,0.0,0.0,0.0,2025
668904,Royce Lewis,142,Minnesota Twins,,1B,2026,400.0,360.0,85.0,20.0,1.0,13.0,34.0,1.0,98.0,3.0,3.0,0.0,146.0,45.0,3.0,.236,.305,.406,.711,.286,27.69,1557.0,66.0,114.0,403.0,376.0,89.0,18.0,0.0,13.0,25.0,0.0,80.0,0.0,2.0,0.0,146.0,52.0,7.0,.237,.283,.388,.671,.267,28.92,1517.0,76.0,133.0,2025
699625,Jimmy Crooks,138,St. Louis Cardinals,,C,2026,141.0,127.0,22.0,5.0,0.0,4.0,9.0,0.0,46.0,4.0,1.0,0.0,39.0,12.0,2.0,.173,.248,.307,.555,.231,31.75,532.0,22.0,38.0,46.0,45.0,6.0,0.0,1.0,1.0,0.0,0.0,17.0,1.0,0.0,0.0,11.0,1.0,1.0,.133,.152,.244,.396,.185,45.00,199.0,8.0,14.0,2025
701675,Nathan Church,138,St. Louis Cardinals,,CF,2026,362.0,334.0,81.0,10.0,2.0,10.0,19.0,0.0,68.0,3.0,5.0,1.0,125.0,42.0,5.0,.243,.285,.374,.659,.272,33.40,1387.0,90.0,101.0,65.0,56.0,10.0,1.0,0.0,1.0,3.0,0.0,18.0,3.0,1.0,2.0,14.0,8.0,0.0,.179,.254,.250,.504,.237,56.00,257.0,20.0,11.0,2025
668909,Gavin Williams,114,Cleveland Guardians,,P,2026,,,,,,,,,,,,,,,,,,,,,,,,,,,,,,,,,,,,,,,,,,,,,,,,,2025
701678,Hao-Yu Lee,116,Detroit Tigers,,2B,2026,246.0,229.0,63.0,12.0,1.0,7.0,14.0,0.0,56.0,0.0,2.0,1.0,98.0,33.0,1.0,.275,.314,.428,.742,.333,32.71,882.0,49.0,64.0,,,,,,,,,,,,,,,,,,,,,,,,,2025
681198,TJ Rumfield,115,Colorado Rockies,,1B,2026,515.0,451.0,129.0,25.0,2.0,13.0,53.0,0.0,74.0,9.0,2.0,0.0,197.0,60.0,4.0,.286,.371,.437,.808,.317,34.69,1922.0,121.0,129.0,,,,,,,,,,,,,,,,,,,,,,,,,2025
703725,Luis Gastelum,138,St. Louis Cardinals,,P,2026,,,,,,,,,,,,,,,,,,,,,,,,,,,,,,,,,,,,,,,,,,,,,,,,,2025
685299,Tanner Gordon,115,Colorado Rockies,,P,2026,,,,,,,,,,,,,,,,,,,,,,,,,,,,,,,,,,,,,,,,,,,,,,,,,2025
650489,Willi Castro,115,Colorado Rockies,,2B,2026,450.0,406.0,107.0,20.0,1.0,15.0,37.0,0.0,122.0,5.0,2.0,0.0,174.0,54.0,3.0,.264,.331,.429,.760,.339,27.07,1791.0,77.0,102.0,454.0,402.0,91.0,17.0,3.0,11.0,40.0,1.0,111.0,11.0,0.0,1.0,147.0,33.0,12.0,.226,.313,.366,.679,.286,36.54,1735.0,93.0,108.0,2025
650490,Yandy Díaz,139,Tampa Bay Rays,,DH,2026,564.0,501.0,152.0,21.0,1.0,19.0,48.0,4.0,79.0,10.0,5.0,0.0,232.0,72.0,13.0,.303,.372,.463,.835,.326,26.37,2099.0,157.0,118.0,651.0,583.0,175.0,29.0,1.0,25.0,57.0,4.0,92.0,6.0,5.0,0.0,281.0,83.0,12.0,.300,.366,.482,.848,.318,23.32,2525.0,193.0,128.0,2025
670970,Adrian Morejon,135,San Diego Padres,,P,2026,,,,,,,,,,,,,,,,,,,,,,,,,,,,,,,,,,,,,,,,,,,,,,,,,2025
695549,Jackson Jobe,116,Detroit Tigers,,P,2026,,,,,,,,,,,,,,,,,,,,,,,,,,,,,,,,,,,,,,,,,,,,,,,,,2025
656638,Alex Lange,118,Kansas City Royals,,P,2026,0.0,0.0,0.0,0.0,0.0,0.0,0.0,0.0,0.0,0.0,0.0,0.0,0.0,0.0,0.0,.000,.000,.000,.000,.---,-.--,0.0,0.0,0.0,,,,,,,,,,,,,,,,,,,,,,,,,2025
681217,Chase Silseth,140,Texas Rangers,,P,2026,,,,,,,,,,,,,,,,,,,,,,,,,,,,,,,,,,,,,,,,,,,,,,,,,2025
668930,Brice Turang,158,Milwaukee Brewers,,2B,2026,555.0,479.0,123.0,28.0,3.0,16.0,70.0,3.0,138.0,0.0,2.0,4.0,205.0,75.0,7.0,.257,.350,.428,.778,.327,29.94,2346.0,123.0,101.0,659.0,584.0,168.0,28.0,2.0,18.0,66.0,1.0,150.0,2.0,5.0,2.0,254.0,81.0,3.0,.288,.359,.435,.794,.356,32.44,2772.0,132.0,141.0,2025
656641,Jacob Latz,140,Texas Rangers,,P,2026,0.0,0.0,0.0,0.0,0.0,0.0,0.0,0.0,0.0,0.0,0.0,0.0,0.0,0.0,0.0,.000,.000,.000,.000,.---,-.--,0.0,0.0,0.0,,,,,,,,,,,,,,,,,,,,,,,,,2025
691458,Blaze Jordan,138,St. Louis Cardinals,,3B,2026,195.0,182.0,45.0,8.0,4.0,2.0,7.0,0.0,28.0,2.0,4.0,0.0,67.0,25.0,8.0,.247,.277,.368,.645,.276,91.00,702.0,60.0,53.0,,,,,,,,,,,,,,,,,,,,,,,,,2025
689414,Liam Hicks,139,Tampa Bay Rays,,C,2026,473.0,406.0,116.0,13.0,1.0,17.0,50.0,3.0,44.0,10.0,6.0,1.0,182.0,72.0,6.0,.286,.373,.448,.821,.282,23.88,1727.0,119.0,134.0,390.0,332.0,82.0,13.0,1.0,6.0,43.0,0.0,56.0,9.0,3.0,3.0,115.0,45.0,5.0,.247,.346,.346,.692,.278,55.33,1537.0,101.0,99.0,2025
605447,Jordan Romano,115,Colorado Rockies,,P,2026,,,,,,,,,,,,,,,,,,,,,,,,,,,,,,,,,,,,,,,,,,,,,,,,,2025
668939,Adley Rutschman,111,Boston Red Sox,,C,2026,331.0,288.0,68.0,20.0,1.0,9.0,36.0,0.0,52.0,2.0,5.0,0.0,117.0,51.0,7.0,.236,.320,.406,.726,.254,32.00,1371.0,77.0,96.0,365.0,322.0,71.0,16.0,2.0,9.0,40.0,0.0,57.0,1.0,2.0,0.0,118.0,29.0,8.0,.220,.307,.366,.673,.240,35.78,1491.0,93.0,103.0,2025
670990,Yohan Ramírez,134,Pittsburgh Pirates,,P,2026,,,,,,,,,,,,,,,,,,,,,,,,,,,,,,,,,,,,,,,,,,,,,,,,,2025
687377,Orlando Ribalta,120,Washington Nationals,,P,2026,0.0,0.0,0.0,0.0,0.0,0.0,0.0,0.0,0.0,0.0,0.0,0.0,0.0,0.0,0.0,.000,.000,.000,.000,.---,-.--,0.0,0.0,0.0,,,,,,,,,,,,,,,,,,,,,,,,,2025
615698,Cal Quantrill,140,Texas Rangers,,P,2026,,,,,,,,,,,,,,,,,,,,,,,,,,,,,,,,,,,,,,,,,,,,,,,,,2025
668952,Ryan Kreidler,142,Minnesota Twins,,SS,2026,226.0,209.0,47.0,8.0,3.0,6.0,15.0,0.0,49.0,1.0,0.0,1.0,79.0,26.0,6.0,.225,.280,.378,.658,.266,34.83,834.0,60.0,54.0,44.0,38.0,4.0,0.0,0.0,0.0,4.0,0.0,19.0,0.0,0.0,2.0,4.0,0.0,0.0,.105,.190,.105,.295,.211,-.--,179.0,9.0,8.0,2025
687401,Joey Ortiz,158,Milwaukee Brewers,,SS,2026,331.0,291.0,72.0,12.0,2.0,7.0,31.0,0.0,63.0,0.0,5.0,4.0,109.0,38.0,10.0,.247,.315,.375,.690,.288,41.57,1283.0,88.0,77.0,506.0,470.0,108.0,18.0,1.0,7.0,27.0,0.0,74.0,3.0,0.0,6.0,149.0,45.0,10.0,.230,.276,.317,.593,.260,67.14,1873.0,132.0,162.0,2025
605483,Blake Snell,119,Los Angeles Dodgers,,P,2026,,,,,,,,,,,,,,,,,,,,,,,,,,,,,,,,,,,,,,,,,,,,,,,,,2025
806188,Cade Gibson,146,Miami Marlins,,P,2026,0.0,0.0,0.0,0.0,0.0,0.0,0.0,0.0,0.0,0.0,0.0,0.0,0.0,0.0,0.0,.000,.000,.000,.000,.---,-.--,0.0,0.0,0.0,,,,,,,,,,,,,,,,,,,,,,,,,2025
800048,Parker Messick,114,Cleveland Guardians,,P,2026,,,,,,,,,,,,,,,,,,,,,,,,,,,,,,,,,,,,,,,,,,,,,,,,,2025
642350,Jose Siri,108,Los Angeles Angels,,CF,2026,174.0,156.0,39.0,8.0,0.0,7.0,11.0,1.0,55.0,3.0,1.0,3.0,68.0,23.0,6.0,.250,.310,.436,.746,.337,22.29,656.0,30.0,36.0,36.0,32.0,2.0,2.0,0.0,0.0,4.0,0.0,17.0,0.0,0.0,0.0,4.0,1.0,0.0,.063,.167,.125,.292,.133,-.--,162.0,3.0,10.0,2025
695600,Carter Jensen,118,Kansas City Royals,,C,2026,488.0,429.0,94.0,25.0,1.0,17.0,51.0,1.0,141.0,2.0,6.0,0.0,172.0,58.0,4.0,.219,.301,.401,.702,.278,25.24,2016.0,65.0,135.0,69.0,60.0,18.0,6.0,0.0,3.0,9.0,0.0,12.0,0.0,0.0,0.0,33.0,13.0,1.0,.300,.391,.550,.941,.333,20.00,293.0,17.0,13.0,2025
800050,Chase DeLauter,114,Cleveland Guardians,,RF,2026,467.0,414.0,119.0,22.0,3.0,13.0,50.0,0.0,67.0,0.0,3.0,0.0,186.0,59.0,8.0,.287,.362,.449,.811,.315,31.85,1815.0,106.0,125.0,,,,,,,,,,,,,,,,,,,,,,,,,2025
605488,Jeffrey Springs,133,Athletics,,P,2026,,,,,,,,,,,,,,,,,,,,,,,,,,,,,,,,,,,,,,,,,,,,,,,,,2025
806198,Cooper Pratt,158,Milwaukee Brewers,,SS,2026,172.0,147.0,38.0,5.0,1.0,2.0,18.0,0.0,35.0,1.0,5.0,1.0,51.0,18.0,8.0,.259,.333,.347,.680,.313,73.50,669.0,41.0,39.0,,,,,,,,,,,,,,,,,,,,,,,,,2025
668984,Casey Legumina,139,Tampa Bay Rays,,P,2026,,,,,,,,,,,,,,,,,,,,,,,,,0.0,0.0,0.0,0.0,0.0,0.0,0.0,0.0,0.0,0.0,0.0,0.0,0.0,0.0,0.0,.000,.000,.000,.000,.---,-.--,0.0,0.0,0.0,2025
695611,Gage Jump,133,Athletics,,P,2026,,,,,,,,,,,,,,,,,,,,,,,,,,,,,,,,,,,,,,,,,,,,,,,,,2025
650559,Bryan De La Cruz,143,Philadelphia Phillies,,RF,2026,46.0,40.0,14.0,2.0,0.0,2.0,2.0,0.0,10.0,2.0,2.0,0.0,22.0,11.0,1.0,.350,.391,.550,.941,.400,20.00,168.0,9.0,9.0,50.0,47.0,9.0,1.0,0.0,0.0,3.0,0.0,18.0,0.0,0.0,0.0,10.0,0.0,1.0,.191,.240,.213,.453,.310,-.--,179.0,8.0,12.0,2025
642376,Jefry Yan,121,New York Mets,,P,2026,,,,,,,,,,,,,,,,,,,,,,,,,,,,,,,,,,,,,,,,,,,,,,,,,2025
669003,Garrett Mitchell,158,Milwaukee Brewers,,CF,2026,433.0,374.0,98.0,26.0,3.0,9.0,52.0,2.0,137.0,5.0,1.0,1.0,157.0,54.0,4.0,.262,.359,.420,.779,.389,41.56,1766.0,88.0,53.0,78.0,68.0,14.0,4.0,1.0,0.0,7.0,0.0,25.0,1.0,1.0,1.0,20.0,3.0,0.0,.206,.286,.294,.580,.318,-.--,303.0,17.0,14.0,2025
656716,Zach McKinstry,116,Detroit Tigers,,2B,2026,365.0,321.0,70.0,15.0,3.0,4.0,37.0,1.0,58.0,2.0,2.0,3.0,103.0,26.0,4.0,.218,.301,.321,.622,.253,80.25,1379.0,88.0,110.0,511.0,452.0,117.0,23.0,11.0,12.0,46.0,1.0,111.0,7.0,5.0,1.0,198.0,49.0,6.0,.259,.333,.438,.771,.314,37.67,2035.0,116.0,114.0,2025
681293,Spencer Arrighetti,141,Toronto Blue Jays,,P,2026,,,,,,,,,,,,,,,,,,,,,,,,,,,,,,,,,,,,,,,,,,,,,,,,,2025
671056,Iván Herrera,138,St. Louis Cardinals,,DH,2026,590.0,495.0,120.0,23.0,1.0,14.0,64.0,5.0,108.0,27.0,4.0,0.0,187.0,53.0,17.0,.242,.358,.378,.736,.281,35.36,2351.0,148.0,123.0,452.0,388.0,110.0,13.0,0.0,19.0,43.0,1.0,84.0,15.0,4.0,0.0,180.0,66.0,20.0,.284,.373,.464,.837,.315,20.42,1809.0,115.0,83.0,2025
681297,Colton Cowser,110,Baltimore Orioles,,CF,2026,310.0,269.0,59.0,5.0,0.0,12.0,37.0,0.0,94.0,1.0,2.0,1.0,100.0,34.0,2.0,.219,.314,.372,.686,.285,22.42,1330.0,52.0,67.0,360.0,327.0,64.0,14.0,0.0,16.0,27.0,1.0,128.0,6.0,0.0,0.0,126.0,40.0,5.0,.196,.269,.385,.654,.262,20.44,1486.0,71.0,64.0,2025
660821,Jesús Sánchez,141,Toronto Blue Jays,,RF,2026,281.0,252.0,66.0,17.0,0.0,8.0,17.0,1.0,65.0,7.0,5.0,0.0,107.0,34.0,6.0,.262,.320,.425,.745,.315,31.50,1049.0,62.0,64.0,497.0,451.0,107.0,21.0,4.0,14.0,42.0,1.0,110.0,2.0,2.0,0.0,178.0,48.0,10.0,.237,.304,.395,.699,.283,32.21,1936.0,121.0,115.0,2025
630105,Jake Cronenworth,135,San Diego Padres,,2B,2026,314.0,278.0,63.0,9.0,0.0,4.0,29.0,0.0,72.0,5.0,0.0,2.0,84.0,23.0,3.0,.227,.311,.302,.613,.292,69.50,1295.0,76.0,69.0,515.0,419.0,103.0,20.0,1.0,11.0,69.0,1.0,107.0,15.0,7.0,4.0,158.0,59.0,4.0,.246,.367,.377,.744,.299,38.09,2184.0,101.0,119.0,2025
669016,Brandon Marsh,143,Philadelphia Phillies,,LF,2026,497.0,460.0,126.0,18.0,2.0,17.0,30.0,5.0,124.0,2.0,4.0,1.0,199.0,55.0,4.0,.274,.319,.433,.752,.337,27.06,1848.0,96.0,119.0,425.0,379.0,106.0,25.0,2.0,11.0,38.0,1.0,110.0,0.0,4.0,3.0,168.0,43.0,2.0,.280,.342,.443,.785,.363,34.46,1657.0,82.0,88.0,2025
660825,Eduard Bazardo,136,Seattle Mariners,,P,2026,,,,,,,,,,,,,,,,,,,,,,,,,,,,,,,,,,,,,,,,,,,,,,,,,2025
656730,Trevor Megill,158,Milwaukee Brewers,,P,2026,0.0,0.0,0.0,0.0,0.0,0.0,0.0,0.0,0.0,0.0,0.0,0.0,0.0,0.0,0.0,.000,.000,.000,.000,.---,-.--,0.0,0.0,0.0,,,,,,,,,,,,,,,,,,,,,,,,,2025
669020,Ryan Rolison,112,Chicago Cubs,,P,2026,0.0,0.0,0.0,0.0,0.0,0.0,0.0,0.0,0.0,0.0,0.0,0.0,0.0,0.0,0.0,.000,.000,.000,.000,.---,-.--,0.0,0.0,0.0,,,,,,,,,,,,,,,,,,,,,,,,,2025
642397,Gregory Soto,134,Pittsburgh Pirates,,P,2026,,,,,,,,,,,,,,,,,,,,,,,,,,,,,,,,,,,,,,,,,,,,,,,,,2025
814430,Brett Callahan,116,Detroit Tigers,,LF,2026,22.0,19.0,5.0,1.0,1.0,1.0,1.0,0.0,6.0,1.0,1.0,0.0,11.0,6.0,0.0,.263,.318,.579,.897,.308,19.00,65.0,4.0,5.0,,,,,,,,,,,,,,,,,,,,,,,,,2025
683357,Owen Caissie,146,Miami Marlins,,RF,2026,297.0,263.0,60.0,14.0,0.0,13.0,23.0,0.0,112.0,4.0,7.0,0.0,113.0,52.0,3.0,.228,.293,.430,.723,.324,20.23,1232.0,37.0,61.0,27.0,26.0,5.0,1.0,0.0,1.0,1.0,0.0,11.0,0.0,0.0,0.0,9.0,4.0,0.0,.192,.222,.346,.568,.286,26.00,103.0,4.0,6.0,2025
669022,MacKenzie Gore,140,Texas Rangers,,P,2026,,,,,,,,,,,,,,,,,,,,,,,,,,,,,,,,,,,,,,,,,,,,,,,,,2025
666974,Yennier Cano,110,Baltimore Orioles,,P,2026,,,,,,,,,,,,,,,,,,,,,,,,,0.0,0.0,0.0,0.0,0.0,0.0,0.0,0.0,0.0,0.0,0.0,0.0,0.0,0.0,0.0,.000,.000,.000,.000,.---,-.--,0.0,0.0,0.0,2025
802139,JJ Wetherholt,138,St. Louis Cardinals,,2B,2026,573.0,493.0,121.0,14.0,0.0,17.0,62.0,2.0,93.0,16.0,2.0,0.0,186.0,48.0,5.0,.245,.347,.377,.724,.270,29.00,2264.0,141.0,140.0,,,,,,,,,,,,,,,,,,,,,,,,,2025
687462,Spencer Horwitz,134,Pittsburgh Pirates,,1B,2026,366.0,310.0,78.0,12.0,1.0,10.0,45.0,0.0,55.0,7.0,4.0,0.0,122.0,38.0,13.0,.252,.355,.394,.749,.273,31.00,1463.0,82.0,99.0,411.0,364.0,99.0,26.0,0.0,11.0,44.0,1.0,73.0,2.0,1.0,0.0,158.0,51.0,7.0,.272,.353,.434,.787,.313,33.09,1698.0,85.0,108.0,2025
814439,Ryan Waldschmidt,109,Arizona Diamondbacks,,CF,2026,236.0,210.0,58.0,15.0,1.0,3.0,17.0,0.0,69.0,4.0,2.0,2.0,84.0,21.0,5.0,.276,.339,.400,.739,.393,70.00,921.0,35.0,52.0,,,,,,,,,,,,,,,,,,,,,,,,,2025
681320,Nate Lavender,121,New York Mets,,P,2026,,,,,,,,,,,,,,,,,,,,,,,,,,,,,,,,,,,,,,,,,,,,,,,,,2025
695657,Colson Montgomery,145,Chicago White Sox,,SS,2026,528.0,473.0,100.0,20.0,0.0,27.0,43.0,3.0,180.0,10.0,2.0,0.0,201.0,73.0,6.0,.211,.290,.425,.715,.272,17.52,1978.0,68.0,127.0,284.0,255.0,61.0,9.0,1.0,21.0,25.0,1.0,83.0,2.0,1.0,0.0,135.0,55.0,3.0,.239,.311,.529,.840,.263,12.14,1082.0,50.0,62.0,2025
671083,Buddy Kennedy,137,San Francisco Giants,,3B,2026,44.0,38.0,5.0,1.0,0.0,0.0,5.0,0.0,13.0,1.0,0.0,0.0,6.0,1.0,0.0,.132,.250,.158,.408,.200,-.--,193.0,4.0,16.0,32.0,29.0,2.0,1.0,0.0,0.0,2.0,0.0,8.0,1.0,0.0,0.0,3.0,1.0,0.0,.069,.156,.103,.259,.095,-.--,127.0,7.0,12.0,2025
701807,Carson Benge,121,New York Mets,,RF,2026,521.0,476.0,134.0,17.0,3.0,16.0,38.0,1.0,110.0,6.0,1.0,0.0,205.0,53.0,7.0,.282,.342,.431,.773,.336,29.75,2110.0,118.0,115.0,,,,,,,,,,,,,,,,,,,,,,,,,2025
687473,Ryan Gusto,146,Miami Marlins,,P,2026,,,,,,,,,,,,,,,,,,,,,,,,,,,,,,,,,,,,,,,,,,,,,,,,,2025
656756,Jordan Montgomery,140,Texas Rangers,,P,2026,0.0,0.0,0.0,0.0,0.0,0.0,0.0,0.0,0.0,0.0,0.0,0.0,0.0,0.0,0.0,.000,.000,.000,.000,.---,-.--,0.0,0.0,0.0,,,,,,,,,,,,,,,,,,,,,,,,,2025
695670,Harry Ford,120,Washington Nationals,,C,2026,68.0,58.0,11.0,5.0,0.0,2.0,9.0,0.0,19.0,1.0,0.0,0.0,22.0,7.0,1.0,.190,.309,.379,.688,.243,29.00,303.0,16.0,12.0,8.0,6.0,1.0,0.0,0.0,0.0,0.0,0.0,3.0,1.0,1.0,0.0,1.0,1.0,0.0,.167,.250,.167,.417,.250,-.--,29.0,1.0,2.0,2025
671096,Andrew Abbott,113,Cincinnati Reds,,P,2026,,,,,,,,,,,,,,,,,,,,,,,,,,,,,,,,,,,,,,,,,,,,,,,,,2025
664954,Brett Sullivan,115,Colorado Rockies,,C,2026,196.0,180.0,41.0,12.0,1.0,7.0,11.0,0.0,34.0,1.0,3.0,1.0,76.0,28.0,3.0,.228,.272,.422,.694,.239,25.71,693.0,41.0,68.0,9.0,6.0,1.0,0.0,0.0,0.0,1.0,0.0,3.0,1.0,1.0,0.0,1.0,2.0,0.0,.167,.333,.167,.500,.250,-.--,36.0,0.0,3.0,2025
695681,Christian Moore,108,Los Angeles Angels,,2B,2026,39.0,36.0,6.0,1.0,0.0,1.0,1.0,0.0,16.0,1.0,1.0,0.0,10.0,2.0,0.0,.167,.205,.278,.483,.250,36.00,171.0,5.0,10.0,184.0,162.0,32.0,5.0,1.0,7.0,19.0,0.0,62.0,1.0,1.0,1.0,60.0,16.0,3.0,.198,.284,.370,.654,.266,23.14,779.0,34.0,36.0,2025
671106,Logan Allen,114,Cleveland Guardians,,P,2026,,,,,,,,,,,,,,,,,,,,,,,,,,,,,,,,,,,,,,,,,,,,,,,,,2025
691587,Eury Pérez,146,Miami Marlins,,P,2026,,,,,,,,,,,,,,,,,,,,,,,,,,,,,,,,,,,,,,,,,,,,,,,,,2025
669060,Bryse Wilson,158,Milwaukee Brewers,,P,2026,,,,,,,,,,,,,,,,,,,,,,,,,0.0,0.0,0.0,0.0,0.0,0.0,0.0,0.0,0.0,0.0,0.0,0.0,0.0,0.0,0.0,.000,.000,.000,.000,.---,-.--,0.0,0.0,0.0,2025
669062,Erik Miller,111,Boston Red Sox,,P,2026,,,,,,,,,,,,,,,,,,,,,,,,,,,,,,,,,,,,,,,,,,,,,,,,,2025
671111,Sammy Peralta,108,Los Angeles Angels,,P,2026,,,,,,,,,,,,,,,,,,,,,,,,,,,,,,,,,,,,,,,,,,,,,,,,,2025
656775,Cedric Mullins,139,Tampa Bay Rays,,CF,2026,435.0,378.0,77.0,10.0,3.0,13.0,38.0,0.0,87.0,7.0,4.0,5.0,132.0,39.0,3.0,.204,.286,.349,.635,.227,29.08,1704.0,63.0,160.0,498.0,435.0,94.0,23.0,1.0,17.0,50.0,0.0,120.0,4.0,6.0,3.0,170.0,59.0,2.0,.216,.299,.391,.690,.253,25.59,2112.0,79.0,151.0,2025
650633,Michael King,135,San Diego Padres,,P,2026,,,,,,,,,,,,,,,,,,,,,,,,,,,,,,,,,,,,,,,,,,,,,,,,,2025
691594,Javier Sanoja,146,Miami Marlins,,3B,2026,368.0,346.0,95.0,27.0,2.0,6.0,20.0,0.0,31.0,0.0,1.0,1.0,144.0,50.0,4.0,.275,.313,.416,.729,.287,57.67,1266.0,96.0,126.0,342.0,313.0,76.0,22.0,4.0,6.0,19.0,0.0,41.0,2.0,4.0,4.0,124.0,38.0,2.0,.243,.287,.396,.683,.259,52.17,1218.0,97.0,107.0,2025
607625,Seth Lugo,118,Kansas City Royals,,P,2026,,,,,,,,,,,,,,,,,,,,,,,,,,,,,,,,,,,,,,,,,,,,,,,,,2025
681351,Logan O'Hoppe,140,Texas Rangers,,C,2026,260.0,238.0,50.0,8.0,0.0,4.0,17.0,0.0,63.0,3.0,1.0,1.0,70.0,23.0,6.0,.210,.270,.294,.564,.267,59.50,932.0,45.0,82.0,451.0,423.0,90.0,8.0,1.0,19.0,24.0,0.0,139.0,2.0,1.0,1.0,157.0,43.0,12.0,.213,.258,.371,.629,.267,22.26,1758.0,89.0,107.0,2025
669065,Kyle Stowers,146,Miami Marlins,,1B,2026,406.0,357.0,86.0,22.0,4.0,16.0,39.0,2.0,128.0,7.0,2.0,1.0,164.0,52.0,8.0,.241,.326,.459,.785,.326,22.31,1513.0,58.0,88.0,457.0,399.0,115.0,21.0,3.0,25.0,48.0,3.0,125.0,5.0,4.0,1.0,217.0,73.0,6.0,.288,.368,.544,.912,.356,15.96,1712.0,79.0,85.0,2025
650644,Aaron Civale,112,Chicago Cubs,,P,2026,0.0,0.0,0.0,0.0,0.0,0.0,0.0,0.0,0.0,0.0,0.0,0.0,0.0,0.0,0.0,.000,.000,.000,.000,.---,-.--,0.0,0.0,0.0,,,,,,,,,,,,,,,,,,,,,,,,,2025
664983,Jake McCarthy,115,Colorado Rockies,,LF,2026,461.0,424.0,124.0,26.0,7.0,13.0,24.0,0.0,78.0,4.0,4.0,4.0,203.0,68.0,7.0,.292,.333,.479,.812,.329,32.62,1526.0,119.0,111.0,222.0,206.0,42.0,7.0,5.0,4.0,10.0,0.0,40.0,2.0,1.0,3.0,71.0,20.0,2.0,.204,.247,.345,.592,.233,51.50,846.0,83.0,45.0,2025
701852,Drew Cavanaugh,137,San Francisco Giants,,C,2026,107.0,91.0,23.0,1.0,0.0,0.0,14.0,0.0,26.0,0.0,0.0,2.0,24.0,7.0,2.0,.253,.352,.264,.616,.354,-.--,408.0,20.0,24.0,,,,,,,,,,,,,,,,,,,,,,,,,2025
656794,Sean Newcomb,145,Chicago White Sox,,P,2026,,,,,,,,,,,,,,,,,,,,,,,,,,,,,,,,,,,,,,,,,,,,,,,,,2025
669084,DL Hall,158,Milwaukee Brewers,,P,2026,0.0,0.0,0.0,0.0,0.0,0.0,0.0,0.0,0.0,0.0,0.0,0.0,0.0,0.0,0.0,.000,.000,.000,.000,.---,-.--,0.0,0.0,0.0,,,,,,,,,,,,,,,,,,,,,,,,,2025
664991,Grant Wolfram,110,Baltimore Orioles,,P,2026,,,,,,,,,,,,,,,,,,,,,,,,,,,,,,,,,,,,,,,,,,,,,,,,,2025
695720,Tommy White,133,Athletics,,3B,2026,135.0,130.0,33.0,4.0,0.0,2.0,4.0,0.0,21.0,0.0,1.0,0.0,43.0,8.0,3.0,.254,.274,.331,.605,.287,65.00,469.0,40.0,37.0,,,,,,,,,,,,,,,,,,,,,,,,,2025
669093,Jeremiah Estrada,135,San Diego Padres,,P,2026,,,,,,,,,,,,,,,,,,,,,,,,,,,,,,,,,,,,,,,,,,,,,,,,,2025
687529,Grant McCray,137,San Francisco Giants,,CF,2026,54.0,44.0,5.0,1.0,1.0,1.0,7.0,0.0,15.0,0.0,0.0,3.0,11.0,2.0,0.0,.114,.235,.250,.485,.143,44.00,221.0,14.0,13.0,26.0,22.0,2.0,0.0,1.0,0.0,2.0,0.0,11.0,0.0,1.0,1.0,4.0,2.0,1.0,.091,.160,.182,.342,.167,-.--,97.0,7.0,4.0,2025
804267,Zac Thornton,121,New York Mets,,P,2026,,,,,,,,,,,,,,,,,,,,,,,,,,,,,,,,,,,,,,,,,,,,,,,,,2025
476594,Robert Stock,121,New York Mets,,P,2026,,,,,,,,,,,,,,,,,,,,,,,,,,,,,,,,,,,,,,,,,,,,,,,,,2025
681393,Connor Norby,115,Colorado Rockies,,2B,2026,277.0,238.0,52.0,17.0,0.0,5.0,30.0,0.0,84.0,8.0,1.0,0.0,84.0,20.0,5.0,.218,.325,.353,.678,.313,47.60,1061.0,40.0,63.0,337.0,311.0,78.0,17.0,1.0,8.0,18.0,0.0,90.0,5.0,3.0,0.0,121.0,34.0,3.0,.251,.300,.389,.689,.324,38.88,1245.0,68.0,78.0,2025
671155,Ivan Johnson,113,Cincinnati Reds,,2B,2026,17.0,14.0,1.0,0.0,0.0,0.0,3.0,0.0,6.0,0.0,0.0,0.0,1.0,0.0,0.0,.071,.235,.071,.306,.125,-.--,67.0,3.0,4.0,,,,,,,,,,,,,,,,,,,,,,,,,2025
695731,Braden Montgomery,145,Chicago White Sox,,RF,2026,265.0,232.0,54.0,11.0,3.0,5.0,29.0,0.0,58.0,3.0,1.0,0.0,86.0,33.0,4.0,.233,.325,.371,.696,.288,46.40,1020.0,79.0,42.0,,,,,,,,,,,,,,,,,,,,,,,,,2025
693686,Spencer Miles,141,Toronto Blue Jays,,P,2026,,,,,,,,,,,,,,,,,,,,,,,,,,,,,,,,,,,,,,,,,,,,,,,,,2025
695734,Daylen Lile,120,Washington Nationals,,LF,2026,548.0,507.0,126.0,25.0,5.0,17.0,31.0,1.0,106.0,6.0,4.0,0.0,212.0,72.0,6.0,.249,.297,.418,.715,.281,29.82,1994.0,107.0,172.0,351.0,321.0,96.0,15.0,11.0,9.0,21.0,0.0,56.0,4.0,3.0,1.0,160.0,41.0,5.0,.299,.347,.498,.845,.336,35.67,1306.0,73.0,100.0,2025
671162,Connor Thomas,118,Kansas City Royals,,P,2026,,,,,,,,,,,,,,,,,,,,,,,,,,,,,,,,,,,,,,,,,,,,,,,,,2025
665019,Kody Clemens,142,Minnesota Twins,,1B,2026,468.0,430.0,102.0,21.0,6.0,21.0,28.0,1.0,108.0,6.0,2.0,2.0,198.0,66.0,8.0,.237,.292,.460,.752,.267,20.48,1810.0,98.0,126.0,386.0,348.0,74.0,12.0,4.0,19.0,29.0,1.0,93.0,5.0,2.0,2.0,151.0,52.0,4.0,.213,.281,.434,.715,.231,18.32,1529.0,73.0,112.0,2025
554430,Zack Wheeler,143,Philadelphia Phillies,,P,2026,,,,,,,,,,,,,,,,,,,,,,,,,,,,,,,,,,,,,,,,,,,,,,,,,2025
687551,Drew Gilbert,137,San Francisco Giants,,CF,2026,324.0,284.0,68.0,12.0,3.0,7.0,29.0,2.0,59.0,7.0,2.0,2.0,107.0,31.0,8.0,.239,.323,.377,.700,.277,40.57,1249.0,78.0,83.0,109.0,100.0,19.0,5.0,1.0,3.0,7.0,0.0,20.0,1.0,1.0,0.0,35.0,13.0,2.0,.190,.248,.350,.598,.205,33.33,416.0,34.0,28.0,2025
640448,Kyle Finnegan,116,Detroit Tigers,,P,2026,,,,,,,,,,,,,,,,,,,,,,,,,,,,,,,,,,,,,,,,,,,,,,,,,2025
640455,Sean Manaea,121,New York Mets,,P,2026,,,,,,,,,,,,,,,,,,,,,,,,,,,,,,,,,,,,,,,,,,,,,,,,,2025
687562,Jake Bennett,111,Boston Red Sox,,P,2026,,,,,,,,,,,,,,,,,,,,,,,,,,,,,,,,,,,,,,,,,,,,,,,,,2025
640459,Brian Navarreto,146,Miami Marlins,,C,2026,42.0,34.0,4.0,1.0,0.0,1.0,2.0,0.0,13.0,2.0,1.0,3.0,8.0,2.0,0.0,.118,.205,.235,.440,.143,34.00,167.0,12.0,9.0,15.0,14.0,4.0,2.0,0.0,1.0,0.0,0.0,3.0,0.0,1.0,0.0,9.0,5.0,0.0,.286,.267,.643,.910,.273,14.00,42.0,5.0,3.0,2025
656848,Michael Petersen,146,Miami Marlins,,P,2026,,,,,,,,,,,,,,,,,,,,,,,,,,,,,,,,,,,,,,,,,,,,,,,,,2025
669134,Luis Campusano,135,San Diego Padres,,C,2026,168.0,143.0,41.0,11.0,0.0,5.0,23.0,0.0,37.0,2.0,0.0,0.0,67.0,23.0,4.0,.287,.393,.469,.862,.356,28.60,692.0,28.0,37.0,27.0,21.0,0.0,0.0,0.0,0.0,6.0,0.0,11.0,0.0,0.0,0.0,0.0,0.0,2.0,.000,.222,.000,.222,.000,-.--,126.0,9.0,1.0,2025
656849,David Peterson,112,Chicago Cubs,,P,2026,,,,,,,,,,,,,,,,,,,,,,,,,,,,,,,,,,,,,,,,,,,,,,,,,2025
687570,Connor Prielipp,142,Minnesota Twins,,P,2026,,,,,,,,,,,,,,,,,,,,,,,,,,,,,,,,,,,,,,,,,,,,,,,,,2025
521692,Salvador Perez,118,Kansas City Royals,,DH,2026,513.0,472.0,105.0,19.0,1.0,17.0,20.0,2.0,100.0,12.0,7.0,0.0,177.0,59.0,19.0,.222,.268,.375,.643,.243,27.76,1896.0,122.0,152.0,641.0,597.0,141.0,35.0,0.0,30.0,28.0,5.0,125.0,12.0,1.0,0.0,266.0,100.0,14.0,.236,.284,.446,.730,.251,19.90,2267.0,145.0,187.0,2025
665052,Griffin Conine,146,Miami Marlins,,RF,2026,217.0,189.0,49.0,6.0,0.0,14.0,25.0,0.0,67.0,3.0,0.0,0.0,97.0,31.0,1.0,.259,.355,.513,.868,.324,13.50,820.0,37.0,36.0,86.0,79.0,20.0,7.0,0.0,2.0,7.0,0.0,25.0,0.0,0.0,0.0,33.0,8.0,0.0,.253,.314,.418,.732,.346,39.50,338.0,21.0,13.0,2025
642528,Jonathan Loáisiga,109,Arizona Diamondbacks,,P,2026,0.0,0.0,0.0,0.0,0.0,0.0,0.0,0.0,0.0,0.0,0.0,0.0,0.0,0.0,0.0,.000,.000,.000,.000,.---,-.--,0.0,0.0,0.0,,,,,,,,,,,,,,,,,,,,,,,,,2025
806367,Turner Hill,137,San Francisco Giants,,CF,2026,22.0,18.0,4.0,3.0,0.0,0.0,3.0,0.0,5.0,0.0,1.0,0.0,7.0,3.0,0.0,.222,.318,.389,.707,.286,-.--,86.0,4.0,6.0,,,,,,,,,,,,,,,,,,,,,,,,,2025
656876,Drew Rasmussen,139,Tampa Bay Rays,,P,2026,,,,,,,,,,,,,,,,,,,,,,,,,,,,,,,,,,,,,,,,,,,,,,,,,2025
669160,Dustin May,158,Milwaukee Brewers,,P,2026,,,,,,,,,,,,,,,,,,,,,,,,,,,,,,,,,,,,,,,,,,,,,,,,,2025
669165,Kyle Hurt,119,Los Angeles Dodgers,,P,2026,,,,,,,,,,,,,,,,,,,,,,,,,,,,,,,,,,,,,,,,,,,,,,,,,2025
687597,Jordan Beck,115,Colorado Rockies,,LF,2026,134.0,123.0,25.0,7.0,2.0,1.0,10.0,0.0,37.0,0.0,1.0,0.0,39.0,10.0,5.0,.203,.261,.317,.578,.279,123.00,519.0,26.0,36.0,588.0,539.0,139.0,27.0,5.0,16.0,43.0,0.0,174.0,4.0,1.0,0.0,224.0,53.0,9.0,.258,.317,.416,.733,.351,33.69,2336.0,108.0,119.0,2025
687605,Andrew Pinckney,120,Washington Nationals,,LF,2026,19.0,16.0,4.0,0.0,1.0,1.0,1.0,0.0,6.0,1.0,1.0,0.0,9.0,2.0,0.0,.250,.316,.563,.879,.300,16.00,71.0,3.0,4.0,,,,,,,,,,,,,,,,,,,,,,,,,2025
642547,Freddy Peralta,139,Tampa Bay Rays,,P,2026,,,,,,,,,,,,,,,,,,,,,,,,,,,,,,,,,,,,,,,,,,,,,,,,,2025
691718,Pete Crow-Armstrong,112,Chicago Cubs,,CF,2026,593.0,507.0,140.0,26.0,7.0,33.0,71.0,6.0,155.0,11.0,3.0,1.0,279.0,83.0,2.0,.276,.375,.550,.925,.332,15.36,2359.0,75.0,141.0,647.0,591.0,146.0,37.0,4.0,31.0,29.0,1.0,155.0,9.0,12.0,6.0,284.0,95.0,1.0,.247,.287,.481,.768,.276,19.06,2312.0,116.0,192.0,2025
624133,Ranger Suarez,111,Boston Red Sox,,P,2026,,,,,,,,,,,,,,,,,,,,,,,,,,,,,,,,,,,,,,,,,,,,,,,,,2025
699912,Jose Fernandez,109,Arizona Diamondbacks,,DH,2026,198.0,182.0,49.0,9.0,0.0,3.0,11.0,0.0,43.0,1.0,0.0,4.0,67.0,16.0,3.0,.269,.314,.368,.682,.338,60.67,770.0,49.0,45.0,,,,,,,,,,,,,,,,,,,,,,,,,2025
622088,Tejay Antone,113,Cincinnati Reds,,P,2026,,,,,,,,,,,,,,,,,,,,,,,,,,,,,,,,,,,,,,,,,,,,,,,,,2025
691725,Andrew Painter,143,Philadelphia Phillies,,P,2026,,,,,,,,,,,,,,,,,,,,,,,,,,,,,,,,,,,,,,,,,,,,,,,,,2025
691723,Coby Mayo,110,Baltimore Orioles,,3B,2026,345.0,316.0,67.0,13.0,3.0,17.0,24.0,0.0,113.0,4.0,1.0,0.0,137.0,48.0,4.0,.212,.275,.434,.709,.267,18.59,1411.0,52.0,85.0,294.0,263.0,57.0,12.0,0.0,11.0,27.0,0.0,84.0,4.0,0.0,0.0,102.0,28.0,2.0,.217,.299,.388,.687,.274,23.91,1132.0,49.0,73.0,2025
669199,Lake Bachar,134,Pittsburgh Pirates,,P,2026,,,,,,,,,,,,,,,,,,,,,,,,,,,,,,,,,,,,,,,,,,,,,,,,,2025
691728,Zac Veen,115,Colorado Rockies,,LF,2026,25.0,24.0,5.0,1.0,0.0,2.0,1.0,0.0,12.0,0.0,0.0,0.0,12.0,7.0,0.0,.208,.240,.500,.740,.300,12.00,89.0,4.0,3.0,37.0,34.0,4.0,1.0,0.0,1.0,2.0,0.0,14.0,1.0,0.0,0.0,8.0,2.0,0.0,.118,.189,.235,.424,.158,34.00,140.0,7.0,9.0,2025
593428,Xander Bogaerts,135,San Diego Padres,,SS,2026,501.0,430.0,94.0,13.0,0.0,11.0,62.0,1.0,88.0,4.0,5.0,0.0,140.0,47.0,9.0,.219,.319,.326,.645,.247,39.09,1966.0,142.0,111.0,552.0,491.0,129.0,30.0,0.0,11.0,48.0,3.0,94.0,4.0,8.0,1.0,192.0,53.0,12.0,.263,.328,.391,.719,.299,44.64,2100.0,126.0,151.0,2025
687637,Dylan Beavers,110,Baltimore Orioles,,RF,2026,252.0,224.0,55.0,14.0,0.0,6.0,24.0,0.0,67.0,2.0,1.0,1.0,87.0,30.0,2.0,.246,.323,.388,.711,.322,37.33,1076.0,42.0,62.0,137.0,110.0,25.0,5.0,1.0,4.0,26.0,0.0,36.0,0.0,0.0,1.0,44.0,14.0,0.0,.227,.375,.400,.775,.300,27.50,615.0,14.0,36.0,2025
548384,Brooks Raley,143,Philadelphia Phillies,,P,2026,,,,,,,,,,,,,,,,,,,,,,,,,,,,,,,,,,,,,,,,,,,,,,,,,2025
572955,Pierce Johnson,113,Cincinnati Reds,,P,2026,,,,,,,,,,,,,,,,,,,,,,,,,,,,,,,,,,,,,,,,,,,,,,,,,2025
681508,Mickey Gasper,111,Boston Red Sox,,DH,2026,148.0,128.0,36.0,8.0,1.0,5.0,15.0,0.0,22.0,3.0,1.0,1.0,61.0,19.0,2.0,.281,.367,.477,.844,.304,25.60,542.0,34.0,38.0,110.0,95.0,15.0,1.0,0.0,2.0,10.0,0.0,20.0,3.0,1.0,1.0,22.0,11.0,1.0,.158,.257,.232,.489,.176,47.50,451.0,24.0,38.0,2025
669221,Sean Murphy,144,Atlanta Braves,,C,2026,45.0,44.0,6.0,1.0,0.0,0.0,1.0,0.0,17.0,0.0,0.0,0.0,7.0,1.0,1.0,.136,.156,.159,.315,.222,-.--,167.0,14.0,7.0,337.0,291.0,58.0,13.0,0.0,16.0,35.0,1.0,105.0,8.0,3.0,0.0,119.0,45.0,9.0,.199,.300,.409,.709,.243,18.19,1357.0,75.0,56.0,2025
681517,Kyle Leahy,138,St. Louis Cardinals,,P,2026,,,,,,,,,,,,,,,,,,,,,,,,,,,,,,,,,,,,,,,,,,,,,,,,,2025
656941,Kyle Schwarber,143,Philadelphia Phillies,,DH,2026,568.0,473.0,114.0,15.0,1.0,39.0,83.0,6.0,189.0,6.0,5.0,0.0,248.0,78.0,1.0,.241,.358,.524,.882,.300,12.13,2387.0,67.0,108.0,724.0,604.0,145.0,23.0,2.0,56.0,108.0,6.0,197.0,11.0,1.0,0.0,340.0,132.0,4.0,.240,.365,.563,.928,.253,10.79,3059.0,114.0,149.0,2025
656945,Tanner Scott,119,Los Angeles Dodgers,,P,2026,,,,,,,,,,,,,,,,,,,,,,,,,0.0,0.0,0.0,0.0,0.0,0.0,0.0,0.0,0.0,0.0,0.0,0.0,0.0,0.0,0.0,.000,.000,.000,.000,.---,-.--,0.0,0.0,0.0,2025
800311,Didier Fuentes,144,Atlanta Braves,,P,2026,0.0,0.0,0.0,0.0,0.0,0.0,0.0,0.0,0.0,0.0,0.0,0.0,0.0,0.0,0.0,.000,.000,.000,.000,.---,-.--,0.0,0.0,0.0,,,,,,,,,,,,,,,,,,,,,,,,,2025
669242,Tommy Edman,119,Los Angeles Dodgers,,2B,2026,208.0,184.0,49.0,8.0,2.0,4.0,14.0,0.0,42.0,8.0,0.0,2.0,73.0,24.0,3.0,.266,.345,.397,.742,.326,46.00,755.0,46.0,49.0,377.0,346.0,78.0,13.0,1.0,13.0,19.0,0.0,61.0,6.0,5.0,1.0,132.0,49.0,4.0,.225,.274,.382,.656,.235,26.62,1338.0,110.0,103.0,2025
693821,Bryce Elder,144,Atlanta Braves,,P,2026,,,,,,,,,,,,,,,,,,,,,,,,,,,,,,,,,,,,,,,,,,,,,,,,,2025
665152,Dean Kremer,142,Minnesota Twins,,P,2026,,,,,,,,,,,,,,,,,,,,,,,,,,,,,,,,,,,,,,,,,,,,,,,,,2025
691777,Max Muncy,133,Athletics,,3B,2026,234.0,209.0,45.0,9.0,2.0,7.0,18.0,0.0,78.0,4.0,3.0,0.0,79.0,25.0,4.0,.215,.286,.378,.664,.299,29.86,928.0,33.0,56.0,220.0,206.0,44.0,7.0,0.0,9.0,10.0,0.0,68.0,3.0,1.0,0.0,78.0,23.0,1.0,.214,.259,.379,.638,.269,22.89,824.0,51.0,44.0,2025
702021,Will Dion,120,Washington Nationals,,P,2026,,,,,,,,,,,,,,,,,,,,,,,,,,,,,,,,,,,,,,,,,,,,,,,,,2025
691781,Brady House,120,Washington Nationals,,3B,2026,269.0,246.0,57.0,11.0,0.0,9.0,19.0,0.0,76.0,3.0,1.0,0.0,95.0,31.0,5.0,.232,.294,.386,.680,.296,27.33,998.0,67.0,47.0,274.0,261.0,61.0,11.0,0.0,4.0,8.0,0.0,78.0,0.0,5.0,0.0,84.0,29.0,11.0,.234,.252,.322,.574,.310,65.25,969.0,66.0,61.0,2025
691783,Jordan Lawlar,109,Arizona Diamondbacks,,LF,2026,67.0,59.0,16.0,2.0,0.0,2.0,3.0,0.0,18.0,4.0,0.0,1.0,24.0,7.0,0.0,.271,.348,.407,.755,.359,29.50,249.0,12.0,14.0,74.0,66.0,12.0,7.0,0.0,0.0,6.0,0.0,26.0,1.0,1.0,0.0,19.0,5.0,0.0,.182,.257,.288,.545,.293,-.--,285.0,13.0,16.0,2025
681544,Wyatt Olds,111,Boston Red Sox,,P,2026,,,,,,,,,,,,,,,,,,,,,,,,,,,,,,,,,,,,,,,,,,,,,,,,,2025
800325,Luis Lara,158,Milwaukee Brewers,,RF,2026,125.0,112.0,29.0,6.0,2.0,1.0,12.0,0.0,24.0,0.0,1.0,0.0,42.0,17.0,1.0,.259,.328,.375,.703,.318,112.00,550.0,35.0,25.0,,,,,,,,,,,,,,,,,,,,,,,,,2025
691788,Joe Mack,146,Miami Marlins,,C,2026,259.0,237.0,56.0,8.0,0.0,12.0,16.0,0.0,65.0,2.0,0.0,4.0,100.0,38.0,6.0,.236,.290,.422,.712,.275,19.75,1010.0,71.0,49.0,,,,,,,,,,,,,,,,,,,,,,,,,2025
673357,Luis Robert Jr.,121,New York Mets,,CF,2026,201.0,177.0,41.0,4.0,0.0,10.0,22.0,0.0,48.0,0.0,2.0,0.0,75.0,23.0,5.0,.232,.313,.424,.737,.256,17.70,784.0,45.0,45.0,431.0,382.0,85.0,12.0,0.0,14.0,40.0,3.0,112.0,2.0,3.0,1.0,139.0,53.0,8.0,.223,.297,.364,.661,.274,27.29,1524.0,83.0,106.0,2025
691799,Grant Taylor,145,Chicago White Sox,,P,2026,,,,,,,,,,,,,,,,,,,,,,,,,,,,,,,,,,,,,,,,,,,,,,,,,2025
669276,Dylan Lee,144,Atlanta Braves,,P,2026,,,,,,,,,,,,,,,,,,,,,,,,,,,,,,,,,,,,,,,,,,,,,,,,,2025
693855,Ian Seymour,139,Tampa Bay Rays,,P,2026,,,,,,,,,,,,,,,,,,,,,,,,,,,,,,,,,,,,,,,,,,,,,,,,,2025
673380,Dedniel Núñez,121,New York Mets,,P,2026,,,,,,,,,,,,,,,,,,,,,,,,,,,,,,,,,,,,,,,,,,,,,,,,,2025
683618,Edgardo Henriquez,119,Los Angeles Dodgers,,P,2026,0.0,0.0,0.0,0.0,0.0,0.0,0.0,0.0,0.0,0.0,0.0,0.0,0.0,0.0,0.0,.000,.000,.000,.000,.---,-.--,0.0,0.0,0.0,,,,,,,,,,,,,,,,,,,,,,,,,2025
679529,Spencer Torkelson,116,Detroit Tigers,,1B,2026,513.0,446.0,100.0,23.0,0.0,20.0,57.0,0.0,159.0,5.0,4.0,0.0,183.0,63.0,11.0,.224,.316,.410,.726,.295,22.30,2161.0,67.0,124.0,649.0,563.0,135.0,27.0,1.0,31.0,72.0,6.0,169.0,9.0,5.0,0.0,257.0,78.0,12.0,.240,.333,.456,.789,.283,18.16,2634.0,88.0,176.0,2025
683627,Anthony Molina,137,San Francisco Giants,,P,2026,,,,,,,,,,,,,,,,,,,,,,,,,,,,,,,,,,,,,,,,,,,,,,,,,2025
650859,Luis Rengifo,135,San Diego Padres,,LF,2026,344.0,303.0,74.0,12.0,0.0,4.0,33.0,1.0,48.0,3.0,2.0,3.0,98.0,35.0,4.0,.244,.323,.323,.646,.277,75.75,1328.0,107.0,79.0,541.0,501.0,119.0,16.0,3.0,9.0,33.0,0.0,104.0,3.0,3.0,1.0,168.0,43.0,7.0,.238,.287,.335,.622,.281,55.67,2008.0,156.0,126.0,2025
802415,Chandler Simpson,139,Tampa Bay Rays,,LF,2026,501.0,465.0,143.0,13.0,6.0,0.0,23.0,0.0,42.0,0.0,6.0,7.0,168.0,29.0,5.0,.308,.336,.361,.697,.333,-.--,1631.0,175.0,118.0,441.0,414.0,122.0,15.0,3.0,0.0,20.0,0.0,43.0,0.0,2.0,3.0,143.0,26.0,10.0,.295,.326,.345,.671,.327,-.--,1517.0,176.0,78.0,2025
671345,Jason Foley,137,San Francisco Giants,,P,2026,,,,,,,,,,,,,,,,,,,,,,,,,,,,,,,,,,,,,,,,,,,,,,,,,2025
669302,Logan Gilbert,136,Seattle Mariners,,P,2026,,,,,,,,,,,,,,,,,,,,,,,,,,,,,,,,,,,,,,,,,,,,,,,,,2025
702070,Noah Cameron,118,Kansas City Royals,,P,2026,,,,,,,,,,,,,,,,,,,,,,,,,,,,,,,,,,,,,,,,,,,,,,,,,2025
820862,José Fermin,108,Los Angeles Angels,,P,2026,,,,,,,,,,,,,,,,,,,,,,,,,,,,,,,,,,,,,,,,,,,,,,,,,2025
687749,Jase Bowen,135,San Diego Padres,,RF,2026,82.0,78.0,13.0,2.0,0.0,2.0,2.0,0.0,30.0,2.0,0.0,0.0,21.0,7.0,0.0,.167,.207,.269,.476,.239,39.00,277.0,16.0,19.0,,,,,,,,,,,,,,,,,,,,,,,,,2025
642701,Dennis Santana,109,Arizona Diamondbacks,,P,2026,,,,,,,,,,,,,,,,,,,,,,,,,,,,,,,,,,,,,,,,,,,,,,,,,2025
669330,Tyler Wells,139,Tampa Bay Rays,,P,2026,,,,,,,,,,,,,,,,,,,,,,,,,,,,,,,,,,,,,,,,,,,,,,,,,2025
650911,Cristopher Sánchez,143,Philadelphia Phillies,,P,2026,,,,,,,,,,,,,,,,,,,,,,,,,,,,,,,,,,,,,,,,,,,,,,,,,2025
657041,Lane Thomas,144,Atlanta Braves,,LF,2026,358.0,312.0,72.0,18.0,0.0,11.0,42.0,0.0,88.0,2.0,2.0,0.0,123.0,40.0,4.0,.231,.324,.394,.718,.284,28.36,1466.0,62.0,92.0,142.0,125.0,20.0,2.0,0.0,4.0,14.0,0.0,44.0,1.0,2.0,0.0,34.0,11.0,4.0,.160,.246,.272,.518,.203,31.25,556.0,22.0,41.0,2025
667297,Tommy Nance,142,Minnesota Twins,,P,2026,,,,,,,,,,,,,,,,,,,,,,,,,,,,,,,,,,,,,,,,,,,,,,,,,2025
669357,Nolan Gorman,138,St. Louis Cardinals,,3B,2026,233.0,205.0,39.0,4.0,0.0,7.0,25.0,2.0,77.0,0.0,3.0,0.0,64.0,26.0,1.0,.190,.275,.312,.587,.258,29.29,963.0,29.0,63.0,402.0,351.0,72.0,14.0,1.0,14.0,47.0,2.0,136.0,0.0,4.0,0.0,130.0,46.0,1.0,.205,.296,.370,.666,.283,25.07,1655.0,46.0,101.0,2025
669358,Shane Baz,110,Baltimore Orioles,,P,2026,,,,,,,,,,,,,,,,,,,,,,,,,,,,,,,,,,,,,,,,,,,,,,,,,2025
669364,Xavier Edwards,146,Miami Marlins,,2B,2026,559.0,486.0,139.0,17.0,6.0,6.0,64.0,4.0,75.0,0.0,6.0,3.0,186.0,50.0,12.0,.286,.365,.383,.748,.324,81.00,2145.0,138.0,143.0,619.0,561.0,159.0,20.0,5.0,3.0,49.0,2.0,88.0,3.0,3.0,3.0,198.0,43.0,6.0,.283,.343,.353,.696,.330,187.00,2250.0,164.0,156.0,2025
675512,Troy Melton,116,Detroit Tigers,,P,2026,,,,,,,,,,,,,,,,,,,,,,,,,,,,,,,,,,,,,,,,,,,,,,,,,2025
669372,J.T. Ginn,133,Athletics,,P,2026,0.0,0.0,0.0,0.0,0.0,0.0,0.0,0.0,0.0,0.0,0.0,0.0,0.0,0.0,0.0,.000,.000,.000,.000,.---,-.--,0.0,0.0,0.0,,,,,,,,,,,,,,,,,,,,,,,,,2025
669373,Tarik Skubal,119,Los Angeles Dodgers,,P,2026,,,,,,,,,,,,,,,,,,,,,,,,,,,,,,,,,,,,,,,,,,,,,,,,,2025
622268,Donovan Walton,133,Athletics,,2B,2026,187.0,161.0,45.0,12.0,1.0,4.0,19.0,0.0,31.0,5.0,0.0,2.0,71.0,19.0,6.0,.280,.373,.441,.814,.325,40.25,720.0,43.0,44.0,9.0,8.0,1.0,0.0,0.0,0.0,0.0,0.0,1.0,0.0,0.0,1.0,1.0,1.0,0.0,.125,.125,.125,.250,.143,-.--,27.0,6.0,1.0,2025
552640,Andrew Kittredge,110,Baltimore Orioles,,P,2026,,,,,,,,,,,,,,,,,,,,,,,,,0.0,0.0,0.0,0.0,0.0,0.0,0.0,0.0,0.0,0.0,0.0,0.0,0.0,0.0,0.0,.000,.000,.000,.000,.---,-.--,0.0,0.0,0.0,2025
573124,Taylor Rogers,142,Minnesota Twins,,P,2026,,,,,,,,,,,,,,,,,,,,,,,,,,,,,,,,,,,,,,,,,,,,,,,,,2025
657097,Jacob Webb,112,Chicago Cubs,,P,2026,0.0,0.0,0.0,0.0,0.0,0.0,0.0,0.0,0.0,0.0,0.0,0.0,0.0,0.0,0.0,.000,.000,.000,.000,.---,-.--,0.0,0.0,0.0,,,,,,,,,,,,,,,,,,,,,,,,,2025
669387,Carmen Mlodzinski,134,Pittsburgh Pirates,,P,2026,,,,,,,,,,,,,,,,,,,,,,,,,,,,,,,,,,,,,,,,,,,,,,,,,2025
681676,Ryan Fernandez,138,St. Louis Cardinals,,P,2026,,,,,,,,,,,,,,,,,,,,,,,,,,,,,,,,,,,,,,,,,,,,,,,,,2025
650960,Daniel Duarte,121,New York Mets,,P,2026,,,,,,,,,,,,,,,,,,,,,,,,,,,,,,,,,,,,,,,,,,,,,,,,,2025
673490,Ha-Seong Kim,144,Atlanta Braves,,SS,2026,85.0,76.0,5.0,0.0,0.0,0.0,9.0,0.0,23.0,0.0,0.0,0.0,5.0,4.0,1.0,.066,.165,.066,.231,.094,-.--,366.0,21.0,27.0,191.0,171.0,40.0,4.0,0.0,5.0,16.0,0.0,39.0,2.0,2.0,0.0,59.0,17.0,2.0,.234,.304,.345,.649,.271,34.20,790.0,37.0,57.0,2025
677588,José Tena,120,Washington Nationals,,DH,2026,259.0,232.0,54.0,11.0,2.0,7.0,24.0,0.0,81.0,3.0,0.0,0.0,90.0,22.0,6.0,.233,.313,.388,.701,.326,33.14,1052.0,59.0,38.0,169.0,152.0,37.0,13.0,2.0,0.0,15.0,0.0,37.0,1.0,1.0,0.0,54.0,16.0,4.0,.243,.314,.355,.669,.319,-.--,678.0,54.0,25.0,2025
677587,Brayan Rocchio,114,Cleveland Guardians,,SS,2026,495.0,446.0,110.0,18.0,2.0,10.0,32.0,0.0,72.0,9.0,4.0,4.0,162.0,54.0,9.0,.247,.308,.363,.671,.272,44.60,1896.0,120.0,152.0,383.0,344.0,80.0,18.0,2.0,5.0,22.0,0.0,77.0,8.0,5.0,4.0,117.0,44.0,4.0,.233,.290,.340,.630,.281,68.80,1411.0,100.0,96.0,2025
669394,Jake Burger,140,Texas Rangers,,1B,2026,503.0,457.0,108.0,19.0,0.0,23.0,40.0,0.0,135.0,4.0,2.0,0.0,196.0,76.0,6.0,.236,.302,.429,.731,.282,19.87,1851.0,104.0,112.0,376.0,356.0,84.0,15.0,1.0,16.0,12.0,0.0,93.0,5.0,3.0,0.0,149.0,53.0,3.0,.236,.269,.419,.688,.272,22.25,1324.0,73.0,109.0,2025
683737,Michael Busch,112,Chicago Cubs,,1B,2026,588.0,497.0,122.0,23.0,2.0,16.0,75.0,1.0,134.0,12.0,4.0,0.0,197.0,66.0,9.0,.245,.355,.396,.751,.302,31.06,2324.0,112.0,133.0,592.0,524.0,137.0,25.0,5.0,34.0,56.0,2.0,139.0,10.0,2.0,0.0,274.0,90.0,2.0,.261,.343,.523,.866,.292,15.41,2324.0,111.0,139.0,2025
650968,Yohel Pozo,110,Baltimore Orioles,,C,2026,50.0,48.0,12.0,1.0,0.0,1.0,1.0,0.0,6.0,0.0,1.0,0.0,16.0,7.0,5.0,.250,.260,.333,.593,.262,48.00,177.0,17.0,14.0,168.0,160.0,37.0,8.0,0.0,5.0,7.0,0.0,22.0,0.0,1.0,0.0,60.0,19.0,4.0,.231,.262,.375,.637,.239,32.00,591.0,45.0,57.0,2025
683734,Andrew Vaughn,158,Milwaukee Brewers,,1B,2026,278.0,240.0,74.0,16.0,2.0,5.0,31.0,1.0,42.0,5.0,2.0,0.0,109.0,37.0,6.0,.308,.396,.454,.850,.354,48.00,1128.0,62.0,64.0,447.0,406.0,103.0,22.0,0.0,14.0,31.0,0.0,80.0,3.0,6.0,1.0,167.0,65.0,12.0,.254,.307,.411,.718,.280,29.00,1722.0,110.0,120.0,2025
677594,Julio Rodríguez,136,Seattle Mariners,,CF,2026,530.0,481.0,120.0,18.0,0.0,20.0,40.0,2.0,117.0,5.0,4.0,0.0,198.0,56.0,8.0,.249,.311,.412,.723,.287,24.05,1978.0,106.0,142.0,710.0,652.0,174.0,31.0,4.0,32.0,44.0,5.0,152.0,12.0,2.0,0.0,309.0,95.0,15.0,.267,.324,.474,.798,.302,20.38,2496.0,174.0,154.0,2025
628452,Raisel Iglesias,144,Atlanta Braves,,P,2026,0.0,0.0,0.0,0.0,0.0,0.0,0.0,0.0,0.0,0.0,0.0,0.0,0.0,0.0,0.0,.000,.000,.000,.000,.---,-.--,0.0,0.0,0.0,,,,,,,,,,,,,,,,,,,,,,,,,2025
702176,Alan Roden,142,Minnesota Twins,,RF,2026,75.0,64.0,16.0,4.0,0.0,0.0,8.0,0.0,11.0,0.0,2.0,1.0,20.0,10.0,1.0,.250,.324,.313,.637,.291,-.--,266.0,22.0,18.0,153.0,136.0,26.0,6.0,1.0,2.0,8.0,0.0,37.0,6.0,3.0,0.0,40.0,9.0,0.0,.191,.261,.294,.555,.240,68.00,551.0,49.0,27.0,2025
673513,Yuki Matsui,135,San Diego Padres,,P,2026,,,,,,,,,,,,,,,,,,,,,,,,,,,,,,,,,,,,,,,,,,,,,,,,,2025
691946,George Klassen,108,Los Angeles Angels,,P,2026,,,,,,,,,,,,,,,,,,,,,,,,,,,,,,,,,,,,,,,,,,,,,,,,,2025
702193,Andrew Morris,142,Minnesota Twins,,P,2026,,,,,,,,,,,,,,,,,,,,,,,,,,,,,,,,,,,,,,,,,,,,,,,,,2025
657136,Connor Wong,111,Boston Red Sox,,C,2026,202.0,176.0,44.0,11.0,0.0,4.0,16.0,0.0,48.0,5.0,1.0,4.0,67.0,23.0,6.0,.250,.328,.381,.709,.320,44.00,776.0,49.0,40.0,188.0,168.0,32.0,8.0,0.0,0.0,16.0,0.0,42.0,1.0,2.0,1.0,40.0,7.0,7.0,.190,.262,.238,.500,.250,-.--,745.0,53.0,44.0,2025
681715,Heriberto Hernández,146,Miami Marlins,,LF,2026,373.0,333.0,77.0,14.0,1.0,20.0,37.0,1.0,101.0,2.0,1.0,0.0,153.0,54.0,4.0,.231,.311,.459,.770,.268,16.65,1469.0,75.0,81.0,294.0,256.0,68.0,12.0,1.0,10.0,31.0,0.0,77.0,3.0,4.0,0.0,112.0,45.0,6.0,.266,.347,.438,.785,.335,25.60,1138.0,52.0,63.0,2025
687859,Troy Johnston,115,Colorado Rockies,,RF,2026,385.0,340.0,96.0,27.0,1.0,3.0,33.0,0.0,65.0,6.0,5.0,1.0,134.0,45.0,4.0,.282,.352,.394,.746,.336,113.33,1389.0,86.0,99.0,121.0,112.0,31.0,2.0,1.0,4.0,8.0,0.0,26.0,1.0,0.0,0.0,47.0,13.0,1.0,.277,.331,.420,.751,.329,28.00,450.0,24.0,31.0,2025
683766,Christian Koss,137,San Francisco Giants,,3B,2026,112.0,105.0,22.0,5.0,0.0,0.0,5.0,0.0,27.0,1.0,0.0,1.0,27.0,2.0,2.0,.210,.252,.257,.509,.282,-.--,366.0,31.0,26.0,191.0,174.0,46.0,9.0,0.0,3.0,9.0,0.0,45.0,3.0,2.0,3.0,64.0,23.0,4.0,.264,.309,.368,.677,.336,58.00,644.0,52.0,36.0,2025
669432,Trevor Rogers,110,Baltimore Orioles,,P,2026,,,,,,,,,,,,,,,,,,,,,,,,,2.0,2.0,0.0,0.0,0.0,0.0,0.0,0.0,2.0,0.0,0.0,0.0,0.0,0.0,0.0,.000,.000,.000,.000,.---,-.--,6.0,0.0,0.0,2025
683769,Hunter Gaddis,114,Cleveland Guardians,,P,2026,,,,,,,,,,,,,,,,,,,,,,,,,,,,,,,,,,,,,,,,,,,,,,,,,2025
579328,Yusei Kikuchi,108,Los Angeles Angels,,P,2026,,,,,,,,,,,,,,,,,,,,,,,,,,,,,,,,,,,,,,,,,,,,,,,,,2025
673540,Kodai Senga,121,New York Mets,,P,2026,,,,,,,,,,,,,,,,,,,,,,,,,,,,,,,,,,,,,,,,,,,,,,,,,2025
673548,Seiya Suzuki,112,Chicago Cubs,,RF,2026,507.0,439.0,119.0,26.0,0.0,22.0,61.0,4.0,129.0,4.0,3.0,0.0,211.0,75.0,9.0,.271,.363,.481,.844,.333,19.96,2195.0,82.0,112.0,651.0,571.0,140.0,31.0,3.0,32.0,71.0,1.0,164.0,1.0,8.0,0.0,273.0,103.0,13.0,.245,.326,.478,.804,.282,17.84,2727.0,98.0,177.0,2025
702222,Justin Crawford,143,Philadelphia Phillies,,CF,2026,390.0,356.0,95.0,17.0,4.0,2.0,23.0,0.0,68.0,3.0,3.0,5.0,126.0,33.0,3.0,.267,.314,.354,.668,.322,178.00,1415.0,122.0,79.0,,,,,,,,,,,,,,,,,,,,,,,,,2025
677649,Ezequiel Duran,140,Texas Rangers,,SS,2026,477.0,431.0,117.0,25.0,4.0,14.0,36.0,0.0,113.0,4.0,5.0,1.0,192.0,68.0,5.0,.271,.330,.445,.775,.333,30.79,1905.0,109.0,98.0,219.0,205.0,46.0,14.0,0.0,0.0,8.0,0.0,55.0,4.0,1.0,1.0,60.0,14.0,3.0,.224,.266,.293,.559,.305,-.--,807.0,42.0,64.0,2025
573204,Caleb Thielbar,112,Chicago Cubs,,P,2026,0.0,0.0,0.0,0.0,0.0,0.0,0.0,0.0,0.0,0.0,0.0,0.0,0.0,0.0,0.0,.000,.000,.000,.000,.---,-.--,0.0,0.0,0.0,,,,,,,,,,,,,,,,,,,,,,,,,2025
694037,Daniel Palencia,112,Chicago Cubs,,P,2026,0.0,0.0,0.0,0.0,0.0,0.0,0.0,0.0,0.0,0.0,0.0,0.0,0.0,0.0,0.0,.000,.000,.000,.000,.---,-.--,0.0,0.0,0.0,,,,,,,,,,,,,,,,,,,,,,,,,2025
669461,Matthew Liberatore,138,St. Louis Cardinals,,P,2026,,,,,,,,,,,,,,,,,,,,,,,,,,,,,,,,,,,,,,,,,,,,,,,,,2025
624413,Pete Alonso,110,Baltimore Orioles,,1B,2026,571.0,496.0,137.0,24.0,0.0,31.0,63.0,3.0,135.0,8.0,4.0,0.0,254.0,89.0,12.0,.276,.364,.512,.876,.317,16.00,2364.0,107.0,121.0,709.0,624.0,170.0,41.0,1.0,38.0,61.0,5.0,162.0,15.0,9.0,0.0,327.0,126.0,23.0,.272,.347,.524,.871,.305,16.42,2807.0,135.0,166.0,2025
624424,Michael Conforto,112,Chicago Cubs,,DH,2026,240.0,207.0,48.0,13.0,0.0,12.0,28.0,2.0,69.0,2.0,3.0,0.0,97.0,33.0,4.0,.232,.325,.469,.794,.279,17.25,961.0,40.0,53.0,486.0,418.0,83.0,20.0,0.0,12.0,56.0,0.0,121.0,9.0,3.0,0.0,139.0,36.0,12.0,.199,.305,.333,.638,.247,34.83,2049.0,103.0,114.0,2025
663330,Jahmai Jones,111,Boston Red Sox,,DH,2026,135.0,120.0,26.0,6.0,1.0,4.0,13.0,0.0,42.0,2.0,0.0,0.0,46.0,13.0,3.0,.217,.304,.383,.687,.297,30.00,501.0,23.0,29.0,150.0,129.0,37.0,11.0,1.0,7.0,18.0,1.0,32.0,3.0,0.0,0.0,71.0,23.0,3.0,.287,.387,.550,.937,.333,18.43,595.0,21.0,39.0,2025
696100,Hunter Goodman,115,Colorado Rockies,,C,2026,464.0,418.0,105.0,16.0,1.0,35.0,39.0,3.0,153.0,4.0,3.0,0.0,228.0,70.0,7.0,.251,.319,.545,.864,.300,11.94,1745.0,65.0,98.0,579.0,540.0,150.0,28.0,5.0,31.0,33.0,0.0,152.0,4.0,2.0,0.0,281.0,91.0,16.0,.278,.323,.520,.843,.331,17.42,2149.0,100.0,140.0,2025
624428,Adam Frazier,108,Los Angeles Angels,,2B,2026,122.0,107.0,27.0,7.0,1.0,1.0,9.0,0.0,32.0,3.0,0.0,3.0,39.0,10.0,1.0,.252,.328,.364,.692,.351,107.00,473.0,31.0,20.0,459.0,419.0,112.0,20.0,0.0,7.0,26.0,2.0,81.0,8.0,5.0,1.0,153.0,44.0,8.0,.267,.319,.365,.684,.313,59.86,1841.0,104.0,128.0,2025
624431,Jose Trevino,113,Cincinnati Reds,,C,2026,112.0,109.0,25.0,3.0,0.0,4.0,1.0,0.0,20.0,0.0,0.0,2.0,40.0,12.0,2.0,.229,.236,.367,.603,.247,27.25,390.0,36.0,30.0,302.0,282.0,67.0,20.0,0.0,4.0,15.0,0.0,39.0,0.0,4.0,1.0,99.0,22.0,9.0,.238,.272,.351,.623,.259,70.50,1063.0,95.0,86.0,2025
667452,Corey Julks,116,Detroit Tigers,,LF,2026,6.0,6.0,2.0,1.0,0.0,0.0,0.0,0.0,1.0,0.0,0.0,0.0,3.0,0.0,0.0,.333,.333,.500,.833,.400,-.--,23.0,1.0,2.0,13.0,12.0,3.0,2.0,0.0,0.0,0.0,0.0,3.0,0.0,1.0,0.0,5.0,1.0,0.0,.250,.231,.417,.648,.300,-.--,50.0,1.0,6.0,2025
804668,Rafael Flores Jr.,134,Pittsburgh Pirates,,C,2026,74.0,65.0,17.0,3.0,0.0,6.0,9.0,1.0,22.0,0.0,0.0,0.0,38.0,14.0,0.0,.262,.351,.585,.936,.297,10.83,296.0,14.0,12.0,17.0,15.0,3.0,2.0,0.0,0.0,2.0,0.0,7.0,0.0,0.0,0.0,5.0,0.0,0.0,.200,.294,.333,.627,.375,-.--,74.0,4.0,1.0,2025
663362,Matt Waldron,120,Washington Nationals,,P,2026,,,,,,,,,,,,,,,,,,,,,,,,,,,,,,,,,,,,,,,,,,,,,,,,,2025
696131,Mason Black,118,Kansas City Royals,,P,2026,,,,,,,,,,,,,,,,,,,,,,,,,,,,,,,,,,,,,,,,,,,,,,,,,2025
608070,José Ramírez,114,Cleveland Guardians,,3B,2026,429.0,367.0,88.0,23.0,0.0,10.0,54.0,7.0,56.0,2.0,5.0,0.0,141.0,44.0,3.0,.240,.336,.384,.720,.255,36.70,1753.0,80.0,148.0,673.0,593.0,168.0,34.0,3.0,30.0,66.0,22.0,74.0,8.0,5.0,0.0,298.0,85.0,9.0,.283,.360,.503,.863,.279,19.77,2666.0,135.0,222.0,2025
687941,Alec Gamboa,111,Boston Red Sox,,P,2026,,,,,,,,,,,,,,,,,,,,,,,,,,,,,,,,,,,,,,,,,,,,,,,,,2025
702284,Cole Young,136,Seattle Mariners,,2B,2026,534.0,487.0,121.0,15.0,3.0,16.0,34.0,0.0,90.0,9.0,3.0,1.0,190.0,57.0,6.0,.248,.308,.390,.698,.273,30.44,2027.0,125.0,155.0,257.0,223.0,47.0,7.0,1.0,4.0,28.0,1.0,47.0,2.0,2.0,2.0,68.0,24.0,4.0,.211,.302,.305,.607,.247,55.75,1034.0,52.0,81.0,2025
675660,Shane Drohan,158,Milwaukee Brewers,,P,2026,,,,,,,,,,,,,,,,,,,,,,,,,,,,,,,,,,,,,,,,,,,,,,,,,2025
663372,Ryan Feltner,115,Colorado Rockies,,P,2026,,,,,,,,,,,,,,,,,,,,,,,,,,,,,,,,,,,,,,,,,,,,,,,,,2025
681807,David Fry,114,Cleveland Guardians,,RF,2026,169.0,144.0,26.0,4.0,0.0,6.0,25.0,1.0,52.0,0.0,0.0,0.0,48.0,13.0,4.0,.181,.302,.333,.635,.233,24.00,754.0,30.0,36.0,157.0,146.0,25.0,4.0,0.0,8.0,9.0,0.0,58.0,2.0,0.0,0.0,53.0,23.0,3.0,.171,.229,.363,.592,.213,18.25,623.0,26.0,37.0,2025
667472,Dane Myers,113,Cincinnati Reds,,CF,2026,258.0,223.0,56.0,9.0,0.0,5.0,30.0,0.0,64.0,3.0,2.0,0.0,80.0,21.0,4.0,.251,.345,.359,.704,.327,44.60,1060.0,44.0,61.0,333.0,307.0,72.0,10.0,0.0,6.0,23.0,0.0,77.0,2.0,1.0,0.0,100.0,31.0,12.0,.235,.291,.326,.617,.293,51.17,1241.0,78.0,81.0,2025
696146,Hagen Smith,145,Chicago White Sox,,P,2026,,,,,,,,,,,,,,,,,,,,,,,,,,,,,,,,,,,,,,,,,,,,,,,,,2025
681810,Austin Warren,121,New York Mets,,P,2026,,,,,,,,,,,,,,,,,,,,,,,,,,,,,,,,,,,,,,,,,,,,,,,,,2025
573262,Mike Yastrzemski,144,Atlanta Braves,,LF,2026,330.0,290.0,66.0,16.0,1.0,9.0,34.0,0.0,80.0,4.0,2.0,0.0,111.0,34.0,3.0,.228,.315,.383,.698,.281,32.22,1381.0,61.0,85.0,558.0,477.0,111.0,28.0,1.0,17.0,72.0,4.0,108.0,2.0,5.0,2.0,192.0,46.0,7.0,.233,.333,.403,.736,.263,28.06,2305.0,95.0,170.0,2025
687952,Christian Encarnacion-Strand,110,Baltimore Orioles,,3B,2026,109.0,101.0,24.0,4.0,0.0,7.0,5.0,1.0,29.0,1.0,1.0,1.0,49.0,25.0,3.0,.238,.278,.485,.763,.258,14.43,410.0,19.0,31.0,137.0,130.0,27.0,4.0,0.0,6.0,3.0,0.0,32.0,2.0,2.0,0.0,49.0,19.0,1.0,.208,.234,.377,.611,.223,21.67,469.0,32.0,41.0,2025
696149,Bubba Chandler,134,Pittsburgh Pirates,,P,2026,,,,,,,,,,,,,,,,,,,,,,,,,,,,,,,,,,,,,,,,,,,,,,,,,2025
700241,Michael McGreevy,138,St. Louis Cardinals,,P,2026,,,,,,,,,,,,,,,,,,,,,,,,,,,,,,,,,,,,,,,,,,,,,,,,,2025
687957,Dustin Harris,135,San Diego Padres,,LF,2026,59.0,49.0,12.0,2.0,1.0,0.0,6.0,0.0,8.0,1.0,1.0,2.0,16.0,5.0,0.0,.245,.333,.327,.660,.286,-.--,205.0,16.0,16.0,43.0,40.0,8.0,3.0,0.0,1.0,3.0,0.0,13.0,0.0,0.0,0.0,14.0,2.0,1.0,.200,.256,.350,.606,.269,40.00,180.0,9.0,10.0,2025
800600,Jackson Kent,120,Washington Nationals,,P,2026,,,,,,,,,,,,,,,,,,,,,,,,,,,,,,,,,,,,,,,,,,,,,,,,,2025
808825,Andrew Sears,116,Detroit Tigers,,P,2026,,,,,,,,,,,,,,,,,,,,,,,,,,,,,,,,,,,,,,,,,,,,,,,,,2025
657265,Peter Strzelecki,138,St. Louis Cardinals,,P,2026,,,,,,,,,,,,,,,,,,,,,,,,,,,,,,,,,,,,,,,,,,,,,,,,,2025
690022,Ryan Ritter,115,Colorado Rockies,,SS,2026,15.0,14.0,2.0,0.0,0.0,0.0,1.0,0.0,5.0,0.0,0.0,0.0,2.0,1.0,1.0,.143,.200,.143,.343,.222,-.--,53.0,4.0,3.0,207.0,187.0,45.0,9.0,3.0,1.0,10.0,0.0,61.0,5.0,1.0,4.0,63.0,18.0,7.0,.241,.296,.337,.633,.349,187.00,773.0,54.0,32.0,2025
702332,Caleb Durbin,111,Boston Red Sox,,3B,2026,475.0,421.0,107.0,22.0,1.0,12.0,35.0,0.0,63.0,10.0,4.0,5.0,167.0,62.0,7.0,.254,.323,.397,.720,.271,35.08,1744.0,133.0,127.0,506.0,445.0,114.0,25.0,0.0,11.0,30.0,0.0,50.0,24.0,4.0,3.0,172.0,53.0,10.0,.256,.334,.387,.721,.265,40.46,1838.0,134.0,154.0,2025
657277,Logan Webb,137,San Francisco Giants,,P,2026,,,,,,,,,,,,,,,,,,,,,,,,,,,,,,,,,,,,,,,,,,,,,,,,,2025
640902,Jhonny Pereda,136,Seattle Mariners,,C,2026,79.0,74.0,20.0,0.0,0.0,2.0,4.0,0.0,15.0,1.0,0.0,0.0,26.0,4.0,1.0,.270,.316,.351,.667,.316,37.00,327.0,17.0,22.0,78.0,69.0,17.0,6.0,0.0,0.0,8.0,0.0,21.0,0.0,0.0,1.0,23.0,4.0,1.0,.246,.325,.333,.658,.354,-.--,333.0,18.0,14.0,2025
663423,Trent Thornton,112,Chicago Cubs,,P,2026,,,,,,,,,,,,,,,,,,,,,,,,,0.0,0.0,0.0,0.0,0.0,0.0,0.0,0.0,0.0,0.0,0.0,0.0,0.0,0.0,0.0,.000,.000,.000,.000,.---,-.--,0.0,0.0,0.0,2025
663432,Tanner Rainey,116,Detroit Tigers,,P,2026,,,,,,,,,,,,,,,,,,,,,,,,,,,,,,,,,,,,,,,,,,,,,,,,,2025
681870,Erik Sabrowski,114,Cleveland Guardians,,P,2026,0.0,0.0,0.0,0.0,0.0,0.0,0.0,0.0,0.0,0.0,0.0,0.0,0.0,0.0,0.0,.000,.000,.000,.000,.---,-.--,0.0,0.0,0.0,,,,,,,,,,,,,,,,,,,,,,,,,2025
661388,William Contreras,158,Milwaukee Brewers,,C,2026,527.0,468.0,127.0,21.0,1.0,12.0,49.0,4.0,72.0,4.0,6.0,0.0,186.0,65.0,13.0,.271,.342,.397,.739,.295,39.00,1887.0,125.0,150.0,659.0,566.0,147.0,28.0,0.0,17.0,84.0,4.0,120.0,3.0,6.0,0.0,226.0,76.0,14.0,.260,.355,.399,.754,.299,33.29,2556.0,172.0,133.0,2025
665487,Fernando Tatis Jr.,135,San Diego Padres,,RF,2026,578.0,512.0,147.0,28.0,2.0,17.0,54.0,5.0,106.0,5.0,6.0,1.0,230.0,67.0,12.0,.287,.357,.449,.806,.329,30.12,2075.0,145.0,121.0,691.0,594.0,159.0,27.0,2.0,25.0,89.0,7.0,129.0,6.0,2.0,0.0,265.0,71.0,6.0,.268,.368,.446,.814,.303,23.76,2636.0,160.0,148.0,2025
702352,Spencer Bivens,137,San Francisco Giants,,P,2026,,,,,,,,,,,,,,,,,,,,,,,,,,,,,,,,,,,,,,,,,,,,,,,,,2025
661395,Jhoan Duran,143,Philadelphia Phillies,,P,2026,0.0,0.0,0.0,0.0,0.0,0.0,0.0,0.0,0.0,0.0,0.0,0.0,0.0,0.0,0.0,.000,.000,.000,.000,.---,-.--,0.0,0.0,0.0,0.0,0.0,0.0,0.0,0.0,0.0,0.0,0.0,0.0,0.0,0.0,0.0,0.0,0.0,0.0,.000,.000,.000,.000,.---,-.--,0.0,0.0,0.0,2025
679822,Justin Foscue,140,Texas Rangers,,2B,2026,188.0,170.0,44.0,10.0,1.0,9.0,14.0,0.0,46.0,3.0,1.0,0.0,83.0,25.0,3.0,.259,.324,.488,.812,.302,18.89,739.0,29.0,52.0,9.0,9.0,1.0,1.0,0.0,0.0,0.0,0.0,3.0,0.0,0.0,0.0,2.0,2.0,0.0,.111,.111,.222,.333,.167,-.--,42.0,1.0,4.0,2025
665489,Vladimir Guerrero Jr.,141,Toronto Blue Jays,,1B,2026,499.0,443.0,116.0,20.0,0.0,7.0,47.0,5.0,65.0,4.0,5.0,0.0,157.0,46.0,17.0,.262,.335,.354,.689,.290,63.29,1782.0,136.0,131.0,680.0,589.0,172.0,34.0,0.0,23.0,81.0,8.0,94.0,6.0,4.0,0.0,275.0,84.0,17.0,.292,.381,.467,.848,.313,25.61,2502.0,179.0,148.0,2025
620443,Luis Torrens,121,New York Mets,,C,2026,239.0,217.0,52.0,12.0,0.0,8.0,16.0,0.0,47.0,4.0,0.0,2.0,88.0,33.0,2.0,.240,.304,.406,.710,.272,27.12,932.0,72.0,48.0,283.0,261.0,59.0,14.0,1.0,5.0,19.0,0.0,56.0,2.0,0.0,1.0,90.0,29.0,7.0,.226,.284,.345,.629,.270,52.20,1069.0,89.0,58.0,2025
622491,Luis Castillo,145,Chicago White Sox,,P,2026,,,,,,,,,,,,,,,,,,,,,,,,,,,,,,,,,,,,,,,,,,,,,,,,,2025
663457,Lars Nootbaar,109,Arizona Diamondbacks,,LF,2026,241.0,207.0,45.0,10.0,1.0,4.0,33.0,2.0,47.0,0.0,1.0,0.0,69.0,21.0,5.0,.217,.324,.333,.657,.261,51.75,973.0,64.0,52.0,583.0,509.0,119.0,24.0,1.0,13.0,64.0,3.0,119.0,6.0,3.0,1.0,184.0,48.0,4.0,.234,.325,.361,.686,.279,39.15,2359.0,109.0,166.0,2025
665506,Cristian Pache,121,New York Mets,,OF,2026,6.0,6.0,0.0,0.0,0.0,0.0,0.0,0.0,4.0,0.0,0.0,0.0,0.0,0.0,0.0,.000,.000,.000,.000,.000,-.--,29.0,1.0,1.0,,,,,,,,,,,,,,,,,,,,,,,,,2025
681892,Kody Funderburk,142,Minnesota Twins,,P,2026,,,,,,,,,,,,,,,,,,,,,,,,,0.0,0.0,0.0,0.0,0.0,0.0,0.0,0.0,0.0,0.0,0.0,0.0,0.0,0.0,0.0,.000,.000,.000,.000,.---,-.--,0.0,0.0,0.0,2025
677800,Wilyer Abreu,111,Boston Red Sox,,RF,2026,564.0,493.0,125.0,28.0,4.0,22.0,60.0,3.0,116.0,2.0,7.0,1.0,227.0,69.0,9.0,.254,.333,.460,.793,.285,22.41,2248.0,93.0,167.0,417.0,373.0,92.0,17.0,0.0,22.0,40.0,5.0,101.0,0.0,3.0,1.0,175.0,69.0,8.0,.247,.317,.469,.786,.277,16.96,1600.0,63.0,121.0,2025
679845,Nick Loftin,118,Kansas City Royals,,3B,2026,337.0,287.0,68.0,20.0,2.0,6.0,36.0,0.0,53.0,6.0,4.0,4.0,110.0,40.0,6.0,.237,.330,.383,.713,.267,47.83,1274.0,80.0,94.0,188.0,168.0,35.0,9.0,2.0,4.0,14.0,0.0,27.0,3.0,2.0,1.0,60.0,20.0,7.0,.208,.278,.357,.635,.223,42.00,676.0,48.0,61.0,2025
595879,Javier Báez,116,Detroit Tigers,,SS,2026,156.0,149.0,39.0,9.0,1.0,2.0,4.0,0.0,29.0,2.0,1.0,0.0,56.0,14.0,4.0,.262,.288,.376,.664,.311,74.50,536.0,49.0,33.0,437.0,417.0,107.0,17.0,3.0,12.0,10.0,0.0,109.0,6.0,3.0,0.0,166.0,57.0,8.0,.257,.282,.398,.680,.318,34.75,1543.0,99.0,105.0,2025
694192,Jackson Chourio,158,Milwaukee Brewers,,LF,2026,442.0,402.0,111.0,22.0,0.0,17.0,37.0,5.0,107.0,2.0,1.0,0.0,184.0,50.0,6.0,.276,.339,.458,.797,.337,23.65,1722.0,91.0,94.0,589.0,549.0,148.0,35.0,4.0,21.0,30.0,1.0,121.0,3.0,6.0,1.0,254.0,78.0,13.0,.270,.308,.463,.771,.308,26.14,2108.0,129.0,158.0,2025
683953,Travis Bazzana,114,Cleveland Guardians,,2B,2026,419.0,364.0,87.0,17.0,2.0,9.0,48.0,1.0,89.0,4.0,3.0,0.0,135.0,40.0,2.0,.239,.332,.371,.703,.290,40.44,1685.0,87.0,104.0,,,,,,,,,,,,,,,,,,,,,,,,,2025
669620,Brady Basso,133,Athletics,,P,2026,,,,,,,,,,,,,,,,,,,,,,,,,,,,,,,,,,,,,,,,,,,,,,,,,2025
694197,Angel Genao,114,Cleveland Guardians,,2B,2026,68.0,62.0,18.0,3.0,0.0,1.0,5.0,0.0,8.0,1.0,0.0,0.0,24.0,3.0,0.0,.290,.353,.387,.740,.321,62.00,239.0,25.0,11.0,,,,,,,,,,,,,,,,,,,,,,,,,2025
681911,Alex Vesia,119,Los Angeles Dodgers,,P,2026,0.0,0.0,0.0,0.0,0.0,0.0,0.0,0.0,0.0,0.0,0.0,0.0,0.0,0.0,0.0,.000,.000,.000,.000,.---,-.--,0.0,0.0,0.0,,,,,,,,,,,,,,,,,,,,,,,,,2025
681916,Dylan Smith,137,San Francisco Giants,,P,2026,0.0,0.0,0.0,0.0,0.0,0.0,0.0,0.0,0.0,0.0,0.0,0.0,0.0,0.0,0.0,.000,.000,.000,.000,.---,-.--,0.0,0.0,0.0,,,,,,,,,,,,,,,,,,,,,,,,,2025
694208,Moisés Ballesteros,108,Los Angeles Angels,,DH,2026,258.0,234.0,49.0,9.0,0.0,6.0,22.0,0.0,58.0,0.0,2.0,0.0,76.0,27.0,2.0,.209,.275,.325,.600,.250,39.00,1011.0,65.0,64.0,66.0,57.0,17.0,2.0,1.0,2.0,9.0,1.0,12.0,0.0,0.0,0.0,27.0,11.0,2.0,.298,.394,.474,.868,.349,28.50,249.0,21.0,7.0,2025
694203,Denzer Guzman,108,Los Angeles Angels,,3B,2026,212.0,199.0,45.0,8.0,0.0,6.0,10.0,0.0,56.0,1.0,0.0,1.0,71.0,24.0,2.0,.226,.267,.357,.624,.285,33.17,776.0,49.0,50.0,43.0,42.0,8.0,1.0,0.0,2.0,1.0,0.0,22.0,0.0,0.0,0.0,15.0,3.0,0.0,.190,.209,.357,.566,.333,21.00,176.0,4.0,8.0,2025
694212,Samuel Basallo,110,Baltimore Orioles,,C,2026,331.0,301.0,70.0,9.0,1.0,17.0,26.0,2.0,90.0,2.0,2.0,0.0,132.0,48.0,6.0,.233,.296,.439,.735,.270,17.71,1218.0,80.0,63.0,118.0,109.0,18.0,6.0,0.0,4.0,6.0,0.0,30.0,3.0,0.0,0.0,36.0,15.0,4.0,.165,.229,.330,.559,.187,27.25,443.0,36.0,25.0,2025
663494,Bryan Torres,138,St. Louis Cardinals,,LF,2026,133.0,120.0,28.0,1.0,2.0,4.0,10.0,0.0,27.0,1.0,1.0,1.0,45.0,17.0,0.0,.233,.295,.375,.670,.267,30.00,540.0,36.0,31.0,,,,,,,,,,,,,,,,,,,,,,,,,2025
700363,AJ Smith-Shawver,144,Atlanta Braves,,P,2026,,,,,,,,,,,,,,,,,,,,,,,,,,,,,,,,,,,,,,,,,,,,,,,,,2025
679885,Justin Martinez,109,Arizona Diamondbacks,,P,2026,,,,,,,,,,,,,,,,,,,,,,,,,0.0,0.0,0.0,0.0,0.0,0.0,0.0,0.0,0.0,0.0,0.0,0.0,0.0,0.0,0.0,.000,.000,.000,.000,.---,-.--,0.0,0.0,0.0,2025
696270,Ryan Johnson,108,Los Angeles Angels,,P,2026,,,,,,,,,,,,,,,,,,,,,,,,,,,,,,,,,,,,,,,,,,,,,,,,,2025
622554,Seranthony Domínguez,136,Seattle Mariners,,P,2026,,,,,,,,,,,,,,,,,,,,,,,,,0.0,0.0,0.0,0.0,0.0,0.0,0.0,0.0,0.0,0.0,0.0,0.0,0.0,0.0,0.0,.000,.000,.000,.000,.---,-.--,0.0,0.0,0.0,2025
655316,Andruw Monasterio,111,Boston Red Sox,,SS,2026,303.0,273.0,69.0,23.0,1.0,6.0,23.0,0.0,57.0,2.0,4.0,1.0,112.0,38.0,5.0,.253,.311,.410,.721,.294,45.50,1291.0,53.0,99.0,135.0,126.0,34.0,9.0,0.0,4.0,7.0,0.0,32.0,2.0,0.0,0.0,55.0,16.0,1.0,.270,.319,.437,.756,.333,31.50,558.0,19.0,41.0,2025
696285,Jacob Young,120,Washington Nationals,,CF,2026,400.0,359.0,89.0,18.0,3.0,10.0,27.0,0.0,68.0,8.0,2.0,4.0,143.0,43.0,6.0,.248,.313,.398,.711,.279,35.90,1473.0,95.0,113.0,364.0,324.0,75.0,10.0,1.0,2.0,27.0,0.0,65.0,3.0,1.0,9.0,93.0,31.0,7.0,.231,.296,.287,.583,.283,162.00,1367.0,115.0,79.0,2025
489446,Kirby Yates,134,Pittsburgh Pirates,,P,2026,,,,,,,,,,,,,,,,,,,,,,,,,,,,,,,,,,,,,,,,,,,,,,,,,2025
684007,Shota Imanaga,112,Chicago Cubs,,P,2026,,,,,,,,,,,,,,,,,,,,,,,,,,,,,,,,,,,,,,,,,,,,,,,,,2025
815081,Mark Manfredi,115,Colorado Rockies,,P,2026,,,,,,,,,,,,,,,,,,,,,,,,,,,,,,,,,,,,,,,,,,,,,,,,,2025
694249,Cole Carrigg,115,Colorado Rockies,,CF,2026,248.0,213.0,57.0,17.0,3.0,5.0,26.0,2.0,55.0,4.0,4.0,1.0,95.0,34.0,3.0,.268,.352,.446,.798,.331,42.60,960.0,43.0,63.0,,,,,,,,,,,,,,,,,,,,,,,,,2025
688107,Robert Gasser,158,Milwaukee Brewers,,P,2026,,,,,,,,,,,,,,,,,,,,,,,,,,,,,,,,,,,,,,,,,,,,,,,,,2025
677865,Justin Bruihl,138,St. Louis Cardinals,,P,2026,,,,,,,,,,,,,,,,,,,,,,,,,,,,,,,,,,,,,,,,,,,,,,,,,2025
677870,Leo Jiménez,146,Miami Marlins,,3B,2026,180.0,155.0,32.0,4.0,0.0,2.0,16.0,0.0,35.0,8.0,1.0,0.0,42.0,14.0,6.0,.206,.311,.271,.582,.252,77.50,724.0,51.0,38.0,32.0,29.0,2.0,0.0,0.0,1.0,2.0,0.0,8.0,0.0,0.0,1.0,5.0,1.0,1.0,.069,.129,.172,.301,.050,29.00,143.0,10.0,10.0,2025
606192,Teoscar Hernández,119,Los Angeles Dodgers,,LF,2026,370.0,336.0,82.0,14.0,1.0,11.0,29.0,1.0,103.0,2.0,3.0,0.0,131.0,44.0,12.0,.244,.305,.390,.695,.316,30.54,1480.0,72.0,82.0,546.0,511.0,126.0,29.0,1.0,25.0,26.0,0.0,134.0,3.0,5.0,0.0,232.0,89.0,13.0,.247,.284,.454,.738,.283,20.44,2139.0,136.0,120.0,2025
663538,Nico Hoerner,112,Chicago Cubs,,2B,2026,570.0,516.0,134.0,27.0,1.0,7.0,40.0,0.0,49.0,7.0,7.0,0.0,184.0,59.0,11.0,.260,.318,.357,.675,.272,73.71,2030.0,156.0,184.0,649.0,599.0,178.0,29.0,4.0,7.0,39.0,1.0,49.0,7.0,4.0,0.0,236.0,61.0,4.0,.297,.345,.394,.739,.313,85.57,2305.0,179.0,197.0,2025
663542,Bryan Hudson,145,Chicago White Sox,,P,2026,,,,,,,,,,,,,,,,,,,,,,,,,,,,,,,,,,,,,,,,,,,,,,,,,2025
671732,Lawrence Butler,133,Athletics,,RF,2026,414.0,362.0,82.0,15.0,1.0,11.0,49.0,1.0,106.0,1.0,1.0,1.0,132.0,40.0,5.0,.227,.320,.365,.685,.289,32.91,1710.0,102.0,74.0,630.0,569.0,133.0,30.0,2.0,21.0,59.0,0.0,179.0,0.0,0.0,2.0,230.0,63.0,7.0,.234,.306,.404,.710,.304,27.10,2517.0,137.0,122.0,2025
602104,Ramón Urías,138,St. Louis Cardinals,,3B,2026,76.0,65.0,10.0,3.0,0.0,2.0,6.0,0.0,12.0,4.0,1.0,0.0,19.0,5.0,2.0,.154,.263,.292,.555,.154,32.50,269.0,19.0,25.0,391.0,352.0,85.0,17.0,0.0,11.0,27.0,0.0,88.0,2.0,10.0,0.0,135.0,44.0,6.0,.241,.292,.384,.676,.281,32.00,1509.0,88.0,101.0,2025
671737,Taj Bradley,142,Minnesota Twins,,P,2026,,,,,,,,,,,,,,,,,,,,,,,,,,,,,,,,,,,,,,,,,,,,,,,,,2025
681982,Grant Anderson,158,Milwaukee Brewers,,P,2026,,,,,,,,,,,,,,,,,,,,,,,,,,,,,,,,,,,,,,,,,,,,,,,,,2025
808959,Munetaka Murakami,145,Chicago White Sox,,1B,2026,424.0,349.0,77.0,13.0,0.0,29.0,72.0,7.0,143.0,2.0,1.0,0.0,177.0,58.0,2.0,.221,.356,.507,.863,.270,12.03,1856.0,66.0,64.0,,,,,,,,,,,,,,,,,,,,,,,,,2025
671739,Michael Harris II,144,Atlanta Braves,,CF,2026,504.0,481.0,141.0,30.0,1.0,21.0,18.0,0.0,99.0,2.0,3.0,0.0,236.0,72.0,3.0,.293,.319,.491,.810,.330,22.90,1811.0,130.0,114.0,641.0,611.0,152.0,26.0,6.0,20.0,16.0,1.0,128.0,3.0,7.0,4.0,250.0,86.0,7.0,.249,.268,.409,.677,.281,30.55,2177.0,193.0,149.0,2025
