batter_id,batter_name,team_id,team_name,batSide,primaryPosition,season,plateAppearances,atBats,hits,doubles,triples,homeRuns,baseOnBalls,intentionalWalks,strikeOuts,hitByPitch,sacFlies,sacBunts,totalBases,rbi,groundIntoDoublePlay,avg,obp,slg,ops,babip,atBatsPerHomeRun,numberOfPitches,groundOuts,airOuts,plateAppearances_prev,atBats_prev,hits_prev,doubles_prev,triples_prev,homeRuns_prev,baseOnBalls_prev,intentionalWalks_prev,strikeOuts_prev,hitByPitch_prev,sacFlies_prev,sacBunts_prev,totalBases_prev,rbi_prev,groundIntoDoublePlay_prev,avg_prev,obp_prev,slg_prev,ops_prev,babip_prev,atBatsPerHomeRun_prev,numberOfPitches_prev,groundOuts_prev,airOuts_prev,season_prev
663556,Shane McClanahan,139,Tampa Bay Rays,,P,2026,,,,,,,,,,,,,,,,,,,,,,,,,,,,,,,,,,,,,,,,,,,,,,,,,2025
808963,Roki Sasaki,119,Los Angeles Dodgers,,P,2026,,,,,,,,,,,,,,,,,,,,,,,,,,,,,,,,,,,,,,,,,,,,,,,,,2025
624641,Edmundo Sosa,143,Philadelphia Phillies,,2B,2026,56.0,54.0,15.0,3.0,0.0,1.0,2.0,0.0,11.0,0.0,0.0,0.0,21.0,10.0,1.0,.278,.304,.389,.693,.333,54.00,205.0,16.0,12.0,261.0,243.0,67.0,12.0,1.0,11.0,10.0,0.0,56.0,2.0,2.0,3.0,114.0,39.0,7.0,.276,.307,.469,.776,.315,22.09,942.0,67.0,58.0,2025
663558,Jovani Morán,111,Boston Red Sox,,P,2026,,,,,,,,,,,,,,,,,,,,,,,,,,,,,,,,,,,,,,,,,,,,,,,,,2025
808967,Yoshinobu Yamamoto,119,Los Angeles Dodgers,,P,2026,,,,,,,,,,,,,,,,,,,,,,,,,,,,,,,,,,,,,,,,,,,,,,,,,2025
595978,Austin Hedges,114,Cleveland Guardians,,C,2026,50.0,45.0,14.0,4.0,0.0,1.0,4.0,0.0,10.0,0.0,1.0,0.0,21.0,3.0,0.0,.311,.360,.467,.827,.371,45.00,200.0,16.0,6.0,180.0,155.0,25.0,3.0,0.0,5.0,18.0,0.0,43.0,1.0,2.0,4.0,43.0,10.0,2.0,.161,.250,.277,.527,.183,31.00,696.0,35.0,58.0,2025
669711,Greg Weissert,111,Boston Red Sox,,P,2026,,,,,,,,,,,,,,,,,,,,,,,,,,,,,,,,,,,,,,,,,,,,,,,,,2025
667670,Brent Rooker,133,Athletics,,RF,2026,90.0,79.0,14.0,1.0,0.0,4.0,9.0,1.0,30.0,0.0,2.0,0.0,27.0,15.0,2.0,.177,.256,.342,.598,.213,19.75,305.0,14.0,23.0,699.0,626.0,164.0,40.0,3.0,30.0,65.0,4.0,155.0,5.0,2.0,0.0,300.0,89.0,13.0,.262,.335,.479,.814,.302,20.87,2575.0,132.0,177.0,2025
808975,Hyeseong Kim,119,Los Angeles Dodgers,,SS,2026,78.0,70.0,22.0,3.0,1.0,1.0,7.0,0.0,14.0,0.0,1.0,0.0,30.0,8.0,2.0,.314,.372,.429,.801,.375,70.00,311.0,19.0,16.0,170.0,161.0,45.0,6.0,1.0,3.0,7.0,0.0,52.0,1.0,0.0,1.0,62.0,17.0,0.0,.280,.314,.385,.699,.396,53.67,660.0,38.0,27.0,2025
622608,Antonio Senzatela,115,Colorado Rockies,,P,2026,,,,,,,,,,,,,,,,,,,,,,,,,,,,,,,,,,,,,,,,,,,,,,,,,2025
694297,Brandon Pfaadt,109,Arizona Diamondbacks,,P,2026,,,,,,,,,,,,,,,,,,,,,,,,,,,,,,,,,,,,,,,,,,,,,,,,,2025
669724,Brenan Hanifee,116,Detroit Tigers,,P,2026,,,,,,,,,,,,,,,,,,,,,,,,,,,,,,,,,,,,,,,,,,,,,,,,,2025
665622,Luis Medina,133,Athletics,,P,2026,,,,,,,,,,,,,,,,,,,,,,,,,,,,,,,,,,,,,,,,,,,,,,,,,2025
596001,Jakob Junis,140,Texas Rangers,,P,2026,,,,,,,,,,,,,,,,,,,,,,,,,,,,,,,,,,,,,,,,,,,,,,,,,2025
663586,Austin Riley,144,Atlanta Braves,,3B,2026,159.0,143.0,29.0,6.0,0.0,5.0,13.0,0.0,43.0,2.0,1.0,0.0,50.0,22.0,5.0,.203,.277,.350,.627,.250,28.60,647.0,33.0,39.0,447.0,416.0,108.0,20.0,1.0,16.0,27.0,1.0,128.0,3.0,1.0,0.0,178.0,54.0,9.0,.260,.309,.428,.737,.337,26.00,1791.0,69.0,112.0,2025
593958,Eduardo Rodriguez,109,Arizona Diamondbacks,,P,2026,,,,,,,,,,,,,,,,,,,,,,,,,,,,,,,,,,,,,,,,,,,,,,,,,2025
669743,Alex Call,119,Los Angeles Dodgers,,LF,2026,42.0,34.0,11.0,3.0,0.0,0.0,7.0,0.0,4.0,1.0,0.0,0.0,14.0,4.0,1.0,.324,.452,.412,.864,.367,-.--,190.0,11.0,8.0,322.0,270.0,72.0,13.0,2.0,5.0,36.0,0.0,55.0,6.0,4.0,6.0,104.0,31.0,6.0,.267,.361,.385,.746,.313,54.00,1314.0,80.0,73.0,2025
677942,Blaze Alexander,110,Baltimore Orioles,,3B,2026,90.0,82.0,19.0,2.0,1.0,0.0,5.0,0.0,26.0,1.0,0.0,1.0,23.0,3.0,4.0,.232,.284,.280,.564,.339,-.--,349.0,25.0,13.0,266.0,230.0,53.0,12.0,1.0,7.0,22.0,0.0,86.0,10.0,1.0,3.0,88.0,28.0,5.0,.230,.323,.383,.706,.333,32.86,1042.0,54.0,41.0,2025
663604,Brandon Lockridge,158,Milwaukee Brewers,,LF,2026,94.0,83.0,23.0,4.0,0.0,0.0,10.0,0.0,25.0,0.0,0.0,1.0,27.0,10.0,0.0,.277,.355,.325,.680,.397,-.--,409.0,28.0,8.0,148.0,134.0,31.0,7.0,1.0,0.0,8.0,0.0,36.0,1.0,2.0,3.0,40.0,11.0,2.0,.231,.276,.299,.575,.310,-.--,578.0,44.0,28.0,2025
593974,Wandy Peralta,135,San Diego Padres,,P,2026,,,,,,,,,,,,,,,,,,,,,,,,,,,,,,,,,,,,,,,,,,,,,,,,,2025
677950,Alek Thomas,109,Arizona Diamondbacks,,CF,2026,100.0,94.0,17.0,9.0,0.0,2.0,3.0,0.0,23.0,2.0,0.0,1.0,32.0,10.0,3.0,.181,.222,.340,.562,.217,47.00,352.0,26.0,29.0,469.0,433.0,108.0,19.0,3.0,9.0,21.0,0.0,122.0,5.0,4.0,6.0,160.0,38.0,2.0,.249,.289,.370,.659,.324,48.11,1678.0,131.0,82.0,2025
677944,Slade Cecconi,114,Cleveland Guardians,,P,2026,,,,,,,,,,,,,,,,,,,,,,,,,,,,,,,,,,,,,,,,,,,,,,,,,2025
571448,Nolan Arenado,109,Arizona Diamondbacks,,3B,2026,124.0,114.0,31.0,3.0,0.0,5.0,8.0,0.0,26.0,1.0,1.0,0.0,49.0,17.0,4.0,.272,.323,.430,.753,.310,22.80,497.0,24.0,34.0,436.0,401.0,95.0,18.0,1.0,12.0,28.0,4.0,49.0,3.0,4.0,0.0,151.0,52.0,10.0,.237,.289,.377,.666,.241,33.42,1586.0,101.0,160.0,2025
677951,Bobby Witt Jr.,118,Kansas City Royals,,SS,2026,171.0,151.0,45.0,10.0,1.0,4.0,18.0,2.0,31.0,0.0,2.0,0.0,69.0,17.0,5.0,.298,.368,.457,.825,.347,37.75,646.0,27.0,50.0,687.0,623.0,184.0,47.0,6.0,23.0,49.0,8.0,125.0,8.0,7.0,0.0,312.0,88.0,7.0,.295,.351,.501,.852,.334,27.09,2511.0,124.0,197.0,2025
694335,Matt Svanson,138,St. Louis Cardinals,,P,2026,,,,,,,,,,,,,,,,,,,,,,,,,,,,,,,,,,,,,,,,,,,,,,,,,2025
663616,Trevor Larnach,142,Minnesota Twins,,LF,2026,107.0,89.0,24.0,6.0,1.0,1.0,18.0,1.0,18.0,0.0,0.0,0.0,35.0,11.0,3.0,.270,.393,.393,.786,.329,89.00,426.0,21.0,26.0,567.0,503.0,126.0,24.0,1.0,17.0,53.0,2.0,122.0,4.0,6.0,0.0,203.0,60.0,19.0,.250,.323,.404,.727,.295,29.59,2191.0,124.0,137.0,2025
682052,Jacob Lopez,133,Athletics,,P,2026,,,,,,,,,,,,,,,,,,,,,,,,,,,,,,,,,,,,,,,,,,,,,,,,,2025
677955,Jaden Hill,115,Colorado Rockies,,P,2026,,,,,,,,,,,,,,,,,,,,,,,,,,,,,,,,,,,,,,,,,,,,,,,,,2025
608324,Alex Bregman,112,Chicago Cubs,,3B,2026,174.0,150.0,36.0,5.0,1.0,3.0,22.0,2.0,26.0,1.0,1.0,0.0,52.0,13.0,7.0,.240,.339,.347,.686,.270,50.00,687.0,40.0,49.0,495.0,433.0,118.0,28.0,0.0,18.0,51.0,3.0,70.0,9.0,2.0,0.0,200.0,62.0,12.0,.273,.360,.462,.822,.288,24.06,1947.0,101.0,146.0,2025
675848,Juan Mejia,115,Colorado Rockies,,P,2026,,,,,,,,,,,,,,,,,,,,,,,,,0.0,0.0,0.0,0.0,0.0,0.0,0.0,0.0,0.0,0.0,0.0,0.0,0.0,0.0,0.0,.000,.000,.000,.000,.---,-.--,0.0,0.0,0.0,2025
622663,Luis Severino,133,Athletics,,P,2026,,,,,,,,,,,,,,,,,,,,,,,,,,,,,,,,,,,,,,,,,,,,,,,,,2025
677958,Kumar Rocker,140,Texas Rangers,,P,2026,,,,,,,,,,,,,,,,,,,,,,,,,,,,,,,,,,,,,,,,,,,,,,,,,2025
675911,Spencer Strider,144,Atlanta Braves,,P,2026,,,,,,,,,,,,,,,,,,,,,,,,,,,,,,,,,,,,,,,,,,,,,,,,,2025
677960,Ryan Weathers,147,New York Yankees,,P,2026,,,,,,,,,,,,,,,,,,,,,,,,,,,,,,,,,,,,,,,,,,,,,,,,,2025
608331,Max Fried,147,New York Yankees,,P,2026,,,,,,,,,,,,,,,,,,,,,,,,,,,,,,,,,,,,,,,,,,,,,,,,,2025
694361,Will Klein,119,Los Angeles Dodgers,,P,2026,,,,,,,,,,,,,,,,,,,,,,,,,,,,,,,,,,,,,,,,,,,,,,,,,2025
608348,Carson Kelly,112,Chicago Cubs,,C,2026,104.0,90.0,28.0,4.0,0.0,2.0,13.0,0.0,17.0,1.0,0.0,0.0,38.0,13.0,3.0,.311,.404,.422,.826,.366,45.00,398.0,22.0,23.0,421.0,369.0,92.0,13.0,1.0,17.0,45.0,0.0,80.0,3.0,4.0,0.0,158.0,50.0,11.0,.249,.333,.428,.761,.272,21.71,1667.0,88.0,113.0,2025
657514,Brennan Bernardino,115,Colorado Rockies,,P,2026,,,,,,,,,,,,,,,,,,,,,,,,,0.0,0.0,0.0,0.0,0.0,0.0,0.0,0.0,0.0,0.0,0.0,0.0,0.0,0.0,0.0,.000,.000,.000,.000,.---,-.--,0.0,0.0,0.0,2025
694374,Tim Tawa,109,Arizona Diamondbacks,,LF,2026,54.0,46.0,7.0,2.0,0.0,1.0,6.0,0.0,11.0,0.0,1.0,1.0,12.0,6.0,1.0,.152,.245,.261,.506,.171,46.00,235.0,18.0,12.0,225.0,199.0,40.0,8.0,0.0,7.0,20.0,0.0,64.0,1.0,3.0,2.0,69.0,18.0,6.0,.201,.274,.347,.621,.252,28.43,876.0,54.0,46.0,2025
663656,Kyle Tucker,119,Los Angeles Dodgers,,RF,2026,160.0,139.0,35.0,8.0,0.0,4.0,19.0,0.0,32.0,0.0,2.0,0.0,55.0,19.0,0.0,.252,.338,.396,.734,.295,34.75,605.0,28.0,46.0,597.0,500.0,133.0,25.0,4.0,22.0,87.0,7.0,88.0,4.0,3.0,1.0,232.0,73.0,8.0,.266,.377,.464,.841,.282,22.73,2306.0,114.0,169.0,2025
694363,Jared Shuster,138,St. Louis Cardinals,,P,2026,,,,,,,,,,,,,,,,,,,,,,,,,,,,,,,,,,,,,,,,,,,,,,,,,2025
667755,José Soriano,108,Los Angeles Angels,,P,2026,,,,,,,,,,,,,,,,,,,,,,,,,,,,,,,,,,,,,,,,,,,,,,,,,2025
608369,Corey Seager,140,Texas Rangers,,SS,2026,158.0,134.0,28.0,6.0,0.0,7.0,21.0,2.0,42.0,1.0,2.0,0.0,55.0,19.0,4.0,.209,.316,.410,.726,.241,19.14,608.0,32.0,34.0,445.0,380.0,103.0,19.0,0.0,21.0,58.0,10.0,87.0,5.0,2.0,0.0,185.0,50.0,13.0,.271,.373,.487,.860,.299,18.10,1668.0,100.0,92.0,2025
694384,Nolan Schanuel,108,Los Angeles Angels,,1B,2026,150.0,137.0,35.0,9.0,0.0,3.0,10.0,0.0,22.0,1.0,2.0,0.0,53.0,20.0,8.0,.255,.307,.387,.694,.281,45.67,578.0,49.0,33.0,564.0,488.0,129.0,23.0,1.0,12.0,59.0,4.0,71.0,10.0,4.0,3.0,190.0,53.0,10.0,.264,.353,.389,.742,.286,40.67,2150.0,139.0,156.0,2025
690291,Jace Jung,116,Detroit Tigers,,3B,2026,8.0,6.0,1.0,0.0,0.0,0.0,2.0,0.0,1.0,0.0,0.0,0.0,1.0,0.0,0.0,.167,.375,.167,.542,.200,-.--,33.0,1.0,3.0,55.0,47.0,5.0,0.0,0.0,0.0,7.0,0.0,16.0,1.0,0.0,0.0,5.0,3.0,2.0,.106,.236,.106,.342,.161,-.--,222.0,14.0,12.0,2025
608379,Michael Wacha,118,Kansas City Royals,,P,2026,,,,,,,,,,,,,,,,,,,,,,,,,,,,,,,,,,,,,,,,,,,,,,,,,2025
678022,Jack Perkins,133,Athletics,,P,2026,0.0,0.0,0.0,0.0,0.0,0.0,0.0,0.0,0.0,0.0,0.0,0.0,0.0,0.0,0.0,.000,.000,.000,.000,.---,-.--,0.0,0.0,0.0,,,,,,,,,,,,,,,,,,,,,,,,,2025
608372,Tomoyuki Sugano,115,Colorado Rockies,,P,2026,,,,,,,,,,,,,,,,,,,,,,,,,,,,,,,,,,,,,,,,,,,,,,,,,2025
663687,Hogan Harris,133,Athletics,,P,2026,,,,,,,,,,,,,,,,,,,,,,,,,,,,,,,,,,,,,,,,,,,,,,,,,2025
682120,Tim Herrin,114,Cleveland Guardians,,P,2026,,,,,,,,,,,,,,,,,,,,,,,,,0.0,0.0,0.0,0.0,0.0,0.0,0.0,0.0,0.0,0.0,0.0,0.0,0.0,0.0,0.0,.000,.000,.000,.000,.---,-.--,0.0,0.0,0.0,2025
647304,Josh Naylor,136,Seattle Mariners,,1B,2026,151.0,137.0,32.0,3.0,0.0,4.0,12.0,1.0,26.0,1.0,1.0,0.0,47.0,17.0,4.0,.234,.298,.343,.641,.259,34.25,483.0,36.0,44.0,604.0,543.0,160.0,29.0,1.0,20.0,48.0,4.0,83.0,4.0,5.0,0.0,251.0,92.0,17.0,.295,.353,.462,.815,.315,27.15,2013.0,158.0,147.0,2025
686217,Sal Frelick,158,Milwaukee Brewers,,RF,2026,130.0,109.0,24.0,2.0,0.0,3.0,15.0,1.0,13.0,1.0,2.0,0.0,35.0,9.0,2.0,.220,.315,.321,.636,.221,36.33,504.0,44.0,30.0,594.0,528.0,152.0,20.0,3.0,12.0,47.0,0.0,80.0,7.0,5.0,3.0,214.0,63.0,4.0,.288,.351,.405,.756,.317,44.00,2311.0,153.0,151.0,2025
596103,Austin Slater,121,New York Mets,,LF,2026,40.0,35.0,9.0,1.0,0.0,0.0,4.0,0.0,12.0,0.0,1.0,0.0,10.0,1.0,0.0,.257,.325,.286,.611,.375,-.--,165.0,4.0,11.0,160.0,148.0,32.0,6.0,1.0,5.0,11.0,0.0,51.0,0.0,0.0,1.0,55.0,13.0,6.0,.216,.270,.372,.642,.293,29.60,644.0,39.0,27.0,2025
686218,Emmet Sheehan,119,Los Angeles Dodgers,,P,2026,,,,,,,,,,,,,,,,,,,,,,,,,,,,,,,,,,,,,,,,,,,,,,,,,2025
665742,Juan Soto,121,New York Mets,,LF,2026,95.0,81.0,24.0,4.0,1.0,4.0,13.0,2.0,14.0,0.0,1.0,0.0,42.0,10.0,1.0,.296,.389,.519,.908,.313,20.25,369.0,19.0,25.0,715.0,577.0,152.0,20.0,1.0,43.0,127.0,13.0,137.0,3.0,6.0,1.0,303.0,105.0,17.0,.263,.396,.525,.921,.270,13.42,2968.0,156.0,139.0,2025
596115,Trevor Story,111,Boston Red Sox,,SS,2026,157.0,147.0,30.0,6.0,0.0,2.0,7.0,0.0,49.0,1.0,2.0,0.0,42.0,18.0,5.0,.204,.242,.286,.528,.286,73.50,572.0,36.0,34.0,654.0,612.0,161.0,29.0,0.0,25.0,33.0,1.0,176.0,7.0,1.0,1.0,265.0,96.0,3.0,.263,.308,.433,.741,.330,24.48,2472.0,129.0,148.0,2025
643217,Andrew Benintendi,145,Chicago White Sox,,LF,2026,121.0,111.0,26.0,5.0,2.0,2.0,7.0,0.0,40.0,0.0,3.0,0.0,41.0,17.0,3.0,.234,.273,.369,.642,.333,55.50,457.0,18.0,30.0,470.0,420.0,101.0,16.0,2.0,20.0,40.0,2.0,82.0,3.0,6.0,0.0,181.0,63.0,5.0,.240,.307,.431,.738,.250,21.00,1721.0,88.0,155.0,2025
596117,Garrett Stubbs,143,Philadelphia Phillies,,C,2026,18.0,16.0,4.0,0.0,0.0,0.0,1.0,0.0,3.0,0.0,1.0,0.0,4.0,1.0,0.0,.250,.278,.250,.528,.286,-.--,66.0,5.0,5.0,1.0,1.0,0.0,0.0,0.0,0.0,0.0,0.0,0.0,0.0,0.0,0.0,0.0,0.0,0.0,.000,.000,.000,.000,.000,-.--,4.0,1.0,0.0,2025
665750,Leody Taveras,110,Baltimore Orioles,,CF,2026,99.0,83.0,23.0,5.0,1.0,2.0,15.0,0.0,19.0,0.0,0.0,1.0,36.0,19.0,0.0,.277,.388,.434,.822,.339,41.50,380.0,11.0,31.0,180.0,171.0,35.0,6.0,1.0,3.0,5.0,0.0,50.0,0.0,1.0,3.0,52.0,17.0,0.0,.205,.226,.304,.530,.269,57.00,693.0,33.0,57.0,2025
645277,Ozzie Albies,144,Atlanta Braves,,2B,2026,163.0,146.0,47.0,8.0,0.0,8.0,13.0,0.0,20.0,1.0,3.0,0.0,79.0,23.0,2.0,.322,.374,.541,.915,.322,18.25,575.0,34.0,48.0,667.0,603.0,145.0,23.0,2.0,16.0,55.0,2.0,94.0,4.0,5.0,0.0,220.0,74.0,9.0,.240,.306,.365,.671,.259,37.69,2402.0,146.0,223.0,2025
596133,Luke Weaver,121,New York Mets,,P,2026,0.0,0.0,0.0,0.0,0.0,0.0,0.0,0.0,0.0,0.0,0.0,0.0,0.0,0.0,0.0,.000,.000,.000,.000,.---,-.--,0.0,0.0,0.0,,,,,,,,,,,,,,,,,,,,,,,,,2025
673962,Josh Jung,140,Texas Rangers,,3B,2026,140.0,127.0,40.0,12.0,0.0,4.0,10.0,0.0,22.0,2.0,1.0,0.0,64.0,19.0,5.0,.315,.371,.504,.875,.353,31.75,505.0,35.0,31.0,511.0,482.0,121.0,23.0,1.0,14.0,27.0,0.0,129.0,2.0,0.0,0.0,188.0,61.0,10.0,.251,.294,.390,.684,.316,34.43,1931.0,108.0,124.0,2025
647336,Michael Soroka,109,Arizona Diamondbacks,,P,2026,,,,,,,,,,,,,,,,,,,,,,,,,,,,,,,,,,,,,,,,,,,,,,,,,2025
622761,Jorge Mateo,144,Atlanta Braves,,SS,2026,50.0,48.0,13.0,2.0,0.0,2.0,2.0,0.0,18.0,0.0,0.0,0.0,21.0,5.0,1.0,.271,.300,.438,.738,.393,24.00,206.0,10.0,7.0,83.0,79.0,14.0,4.0,0.0,1.0,4.0,0.0,30.0,0.0,0.0,0.0,21.0,3.0,1.0,.177,.217,.266,.483,.271,79.00,336.0,17.0,18.0,2025
663728,Cal Raleigh,136,Seattle Mariners,,C,2026,155.0,137.0,24.0,4.0,0.0,7.0,16.0,0.0,48.0,0.0,2.0,0.0,49.0,18.0,3.0,.175,.258,.358,.616,.202,19.57,684.0,22.0,45.0,705.0,596.0,147.0,24.0,0.0,60.0,97.0,17.0,188.0,9.0,3.0,0.0,351.0,125.0,6.0,.247,.359,.589,.948,.248,9.93,2833.0,79.0,185.0,2025
671922,Cade Smith,114,Cleveland Guardians,,P,2026,,,,,,,,,,,,,,,,,,,,,,,,,,,,,,,,,,,,,,,,,,,,,,,,,2025
596142,Gary Sánchez,158,Milwaukee Brewers,,C,2026,89.0,71.0,15.0,2.0,1.0,5.0,17.0,0.0,18.0,1.0,0.0,0.0,34.0,14.0,2.0,.211,.371,.479,.850,.208,14.20,395.0,17.0,21.0,101.0,91.0,21.0,2.0,0.0,5.0,4.0,0.0,27.0,5.0,1.0,0.0,38.0,24.0,2.0,.231,.297,.418,.715,.267,18.20,415.0,21.0,23.0,2025
663738,Daniel Lynch IV,118,Kansas City Royals,,P,2026,,,,,,,,,,,,,,,,,,,,,,,,,0.0,0.0,0.0,0.0,0.0,0.0,0.0,0.0,0.0,0.0,0.0,0.0,0.0,0.0,0.0,.000,.000,.000,.000,.---,-.--,0.0,0.0,0.0,2025
682177,Daniel Schneemann,114,Cleveland Guardians,,CF,2026,110.0,99.0,28.0,8.0,0.0,4.0,11.0,0.0,34.0,0.0,0.0,0.0,48.0,15.0,0.0,.283,.355,.485,.840,.393,24.75,460.0,18.0,19.0,422.0,379.0,78.0,18.0,1.0,12.0,38.0,1.0,117.0,3.0,1.0,1.0,134.0,41.0,4.0,.206,.283,.354,.637,.263,31.58,1668.0,96.0,90.0,2025
663743,Nick Fortes,139,Tampa Bay Rays,,C,2026,97.0,92.0,25.0,5.0,0.0,1.0,2.0,0.0,12.0,3.0,0.0,0.0,33.0,8.0,4.0,.272,.309,.359,.668,.304,92.00,318.0,33.0,22.0,242.0,218.0,50.0,9.0,1.0,5.0,14.0,0.0,47.0,7.0,1.0,2.0,76.0,21.0,7.0,.229,.296,.349,.645,.269,43.60,915.0,59.0,65.0,2025
803011,Sam Antonacci,145,Chicago White Sox,,LF,2026,74.0,61.0,16.0,2.0,2.0,1.0,6.0,0.0,7.0,6.0,1.0,0.0,25.0,8.0,0.0,.262,.378,.410,.788,.278,61.00,296.0,20.0,19.0,,,,,,,,,,,,,,,,,,,,,,,,,2025
657612,Tim Hill,147,New York Yankees,,P,2026,,,,,,,,,,,,,,,,,,,,,,,,,,,,,,,,,,,,,,,,,,,,,,,,,2025
665795,Edward Cabrera,112,Chicago Cubs,,P,2026,,,,,,,,,,,,,,,,,,,,,,,,,,,,,,,,,,,,,,,,,,,,,,,,,2025
663757,Trent Grisham,147,New York Yankees,,CF,2026,146.0,121.0,22.0,6.0,1.0,5.0,23.0,0.0,24.0,0.0,2.0,0.0,45.0,23.0,3.0,.182,.308,.372,.680,.181,24.20,590.0,30.0,47.0,581.0,494.0,116.0,9.0,1.0,34.0,82.0,0.0,137.0,4.0,1.0,0.0,229.0,74.0,7.0,.235,.348,.464,.812,.253,14.53,2393.0,107.0,135.0,2025
665804,Miguel Amaya,112,Chicago Cubs,,C,2026,71.0,57.0,13.0,1.0,0.0,2.0,10.0,0.0,16.0,3.0,0.0,1.0,20.0,8.0,1.0,.228,.371,.351,.722,.282,28.50,317.0,14.0,15.0,103.0,96.0,27.0,9.0,0.0,4.0,4.0,0.0,22.0,1.0,1.0,1.0,48.0,25.0,0.0,.281,.314,.500,.814,.324,24.00,385.0,22.0,27.0,2025
571578,Patrick Corbin,141,Toronto Blue Jays,,P,2026,,,,,,,,,,,,,,,,,,,,,,,,,,,,,,,,,,,,,,,,,,,,,,,,,2025
663765,Jake Woodford,158,Milwaukee Brewers,,P,2026,,,,,,,,,,,,,,,,,,,,,,,,,,,,,,,,,,,,,,,,,,,,,,,,,2025
663767,Chase Shugart,143,Philadelphia Phillies,,P,2026,,,,,,,,,,,,,,,,,,,,,,,,,,,,,,,,,,,,,,,,,,,,,,,,,2025
592094,Jason Adam,135,San Diego Padres,,P,2026,,,,,,,,,,,,,,,,,,,,,,,,,,,,,,,,,,,,,,,,,,,,,,,,,2025
694497,Evan Carter,140,Texas Rangers,,CF,2026,134.0,111.0,20.0,5.0,0.0,4.0,18.0,0.0,31.0,1.0,1.0,3.0,37.0,11.0,0.0,.180,.298,.333,.631,.208,27.75,548.0,20.0,44.0,220.0,194.0,48.0,9.0,2.0,5.0,19.0,1.0,41.0,7.0,0.0,0.0,76.0,25.0,2.0,.247,.336,.392,.728,.291,38.80,822.0,49.0,56.0,2025
669923,George Kirby,136,Seattle Mariners,,P,2026,,,,,,,,,,,,,,,,,,,,,,,,,,,,,,,,,,,,,,,,,,,,,,,,,2025
694477,Chad Patrick,158,Milwaukee Brewers,,P,2026,,,,,,,,,,,,,,,,,,,,,,,,,,,,,,,,,,,,,,,,,,,,,,,,,2025
657656,Ramón Laureano,135,San Diego Padres,,LF,2026,143.0,126.0,29.0,4.0,2.0,5.0,14.0,0.0,43.0,1.0,2.0,0.0,52.0,19.0,1.0,.230,.308,.413,.721,.300,25.20,579.0,27.0,29.0,488.0,441.0,124.0,26.0,2.0,24.0,35.0,1.0,119.0,8.0,4.0,0.0,226.0,76.0,10.0,.281,.342,.512,.854,.331,18.38,2002.0,98.0,104.0,2025
669947,Jesse Scholtens,139,Tampa Bay Rays,,P,2026,,,,,,,,,,,,,,,,,,,,,,,,,,,,,,,,,,,,,,,,,,,,,,,,,2025
643289,Mauricio Dubón,144,Atlanta Braves,,SS,2026,143.0,131.0,35.0,9.0,2.0,2.0,10.0,0.0,24.0,2.0,0.0,0.0,54.0,20.0,2.0,.267,.329,.412,.741,.314,65.50,531.0,31.0,41.0,398.0,369.0,89.0,21.0,0.0,7.0,24.0,0.0,42.0,1.0,1.0,3.0,131.0,33.0,12.0,.241,.289,.355,.644,.255,52.71,1346.0,110.0,132.0,2025
700669,Gordon Graceffo,138,St. Louis Cardinals,,P,2026,,,,,,,,,,,,,,,,,,,,,,,,,,,,,,,,,,,,,,,,,,,,,,,,,2025
606466,Ketel Marte,109,Arizona Diamondbacks,,2B,2026,149.0,139.0,29.0,3.0,1.0,5.0,10.0,0.0,29.0,0.0,0.0,0.0,49.0,13.0,3.0,.209,.262,.353,.615,.229,27.80,552.0,45.0,36.0,556.0,480.0,136.0,28.0,0.0,28.0,64.0,6.0,83.0,9.0,3.0,0.0,248.0,72.0,12.0,.283,.376,.517,.893,.290,17.14,2095.0,129.0,135.0,2025
823550,Sung-Mun Song,135,San Diego Padres,,3B,2026,6.0,6.0,2.0,1.0,0.0,0.0,0.0,0.0,1.0,0.0,0.0,0.0,3.0,2.0,0.0,.333,.333,.500,.833,.400,-.--,19.0,1.0,2.0,,,,,,,,,,,,,,,,,,,,,,,,,2025
665861,Sebastián Rivero,108,Los Angeles Angels,,C,2026,11.0,11.0,3.0,0.0,0.0,0.0,0.0,0.0,1.0,0.0,0.0,0.0,3.0,0.0,0.0,.273,.273,.273,.546,.300,-.--,41.0,4.0,3.0,34.0,33.0,6.0,2.0,0.0,0.0,1.0,0.0,9.0,0.0,0.0,0.0,8.0,2.0,0.0,.182,.206,.242,.448,.250,-.--,127.0,6.0,12.0,2025
671976,Tristan Peters,145,Chicago White Sox,,CF,2026,89.0,80.0,21.0,1.0,1.0,0.0,6.0,0.0,22.0,1.0,0.0,2.0,24.0,5.0,0.0,.263,.322,.300,.622,.362,-.--,326.0,17.0,22.0,12.0,12.0,0.0,0.0,0.0,0.0,0.0,0.0,7.0,0.0,0.0,0.0,0.0,0.0,0.0,.000,.000,.000,.000,.000,-.--,46.0,1.0,4.0,2025
676106,Emerson Hancock,136,Seattle Mariners,,P,2026,,,,,,,,,,,,,,,,,,,,,,,,,0.0,0.0,0.0,0.0,0.0,0.0,0.0,0.0,0.0,0.0,0.0,0.0,0.0,0.0,0.0,.000,.000,.000,.000,.---,-.--,0.0,0.0,0.0,2025
571657,Kyle Farmer,144,Atlanta Braves,,3B,2026,13.0,12.0,4.0,1.0,0.0,0.0,0.0,0.0,2.0,0.0,1.0,0.0,5.0,3.0,0.0,.333,.308,.417,.725,.364,-.--,42.0,4.0,3.0,300.0,277.0,63.0,14.0,0.0,8.0,17.0,0.0,66.0,4.0,2.0,0.0,101.0,31.0,9.0,.227,.280,.365,.645,.268,34.62,1101.0,73.0,77.0,2025
665862,Jazz Chisholm Jr.,147,New York Yankees,,2B,2026,151.0,134.0,28.0,5.0,0.0,4.0,15.0,0.0,40.0,1.0,1.0,0.0,45.0,13.0,0.0,.209,.291,.336,.627,.264,33.50,600.0,27.0,40.0,531.0,462.0,112.0,15.0,1.0,31.0,58.0,1.0,148.0,6.0,4.0,1.0,222.0,80.0,3.0,.242,.332,.481,.813,.282,14.90,2138.0,90.0,117.0,2025
672012,Tyler Black,158,Milwaukee Brewers,,3B,2026,26.0,25.0,9.0,4.0,0.0,0.0,1.0,0.0,5.0,0.0,0.0,0.0,13.0,7.0,1.0,.360,.385,.520,.905,.450,-.--,89.0,7.0,4.0,13.0,8.0,2.0,1.0,0.0,0.0,5.0,0.0,1.0,0.0,0.0,0.0,3.0,1.0,0.0,.250,.538,.375,.913,.286,-.--,54.0,2.0,3.0,2025
672021,Eric Cerantola,118,Kansas City Royals,,P,2026,,,,,,,,,,,,,,,,,,,,,,,,,,,,,,,,,,,,,,,,,,,,,,,,,2025
665871,Javier Assad,112,Chicago Cubs,,P,2026,,,,,,,,,,,,,,,,,,,,,,,,,,,,,,,,,,,,,,,,,,,,,,,,,2025
641302,Tyler Alexander,140,Texas Rangers,,P,2026,,,,,,,,,,,,,,,,,,,,,,,,,1.0,1.0,0.0,0.0,0.0,0.0,0.0,0.0,0.0,0.0,0.0,0.0,0.0,0.0,0.0,.000,.000,.000,.000,.000,-.--,3.0,1.0,0.0,2025
813349,Connelly Early,111,Boston Red Sox,,P,2026,,,,,,,,,,,,,,,,,,,,,,,,,,,,,,,,,,,,,,,,,,,,,,,,,2025
665877,José Fermín,138,St. Louis Cardinals,,LF,2026,41.0,35.0,9.0,2.0,0.0,1.0,4.0,0.0,8.0,0.0,1.0,0.0,14.0,5.0,3.0,.257,.325,.400,.725,.296,35.00,187.0,8.0,11.0,70.0,60.0,17.0,5.0,0.0,1.0,8.0,0.0,10.0,1.0,0.0,1.0,25.0,9.0,0.0,.283,.377,.417,.794,.327,60.00,271.0,16.0,18.0,2025
700712,Walbert Ureña,108,Los Angeles Angels,,P,2026,,,,,,,,,,,,,,,,,,,,,,,,,,,,,,,,,,,,,,,,,,,,,,,,,2025
663837,Matt Vierling,116,Detroit Tigers,,CF,2026,90.0,80.0,18.0,7.0,0.0,2.0,8.0,0.0,14.0,0.0,2.0,0.0,31.0,15.0,3.0,.225,.289,.388,.677,.242,40.00,353.0,23.0,27.0,100.0,88.0,21.0,3.0,0.0,1.0,7.0,0.0,24.0,3.0,2.0,0.0,27.0,11.0,1.0,.239,.310,.307,.617,.308,88.00,436.0,16.0,29.0,2025
663855,Jordan Hicks,145,Chicago White Sox,,P,2026,,,,,,,,,,,,,,,,,,,,,,,,,,,,,,,,,,,,,,,,,,,,,,,,,2025
643377,Griffin Jax,139,Tampa Bay Rays,,P,2026,,,,,,,,,,,,,,,,,,,,,,,,,0.0,0.0,0.0,0.0,0.0,0.0,0.0,0.0,0.0,0.0,0.0,0.0,0.0,0.0,0.0,.000,.000,.000,.000,.---,-.--,0.0,0.0,0.0,2025
643376,Danny Jansen,140,Texas Rangers,,C,2026,89.0,79.0,16.0,4.0,1.0,2.0,8.0,0.0,27.0,2.0,0.0,0.0,28.0,8.0,4.0,.203,.292,.354,.646,.280,39.50,374.0,16.0,20.0,337.0,288.0,62.0,11.0,0.0,14.0,42.0,0.0,86.0,4.0,2.0,1.0,115.0,36.0,5.0,.215,.321,.399,.720,.253,20.57,1353.0,45.0,98.0,2025
641329,Bryan Baker,139,Tampa Bay Rays,,P,2026,,,,,,,,,,,,,,,,,,,,,,,,,0.0,0.0,0.0,0.0,0.0,0.0,0.0,0.0,0.0,0.0,0.0,0.0,0.0,0.0,0.0,.000,.000,.000,.000,.---,-.--,0.0,0.0,0.0,2025
641343,Jake Bauers,158,Milwaukee Brewers,,1B,2026,130.0,116.0,30.0,6.0,0.0,5.0,14.0,3.0,27.0,0.0,0.0,0.0,51.0,20.0,1.0,.259,.338,.440,.778,.298,23.20,523.0,33.0,26.0,218.0,183.0,43.0,9.0,0.0,7.0,32.0,1.0,59.0,2.0,1.0,0.0,73.0,28.0,1.0,.235,.353,.399,.752,.305,26.14,895.0,35.0,47.0,2025
643396,Isiah Kiner-Falefa,111,Boston Red Sox,,2B,2026,42.0,39.0,8.0,0.0,0.0,0.0,2.0,0.0,7.0,0.0,0.0,1.0,8.0,4.0,1.0,.205,.244,.205,.449,.250,-.--,138.0,13.0,12.0,459.0,431.0,113.0,21.0,2.0,2.0,17.0,0.0,77.0,5.0,1.0,5.0,144.0,40.0,9.0,.262,.297,.334,.631,.314,215.50,1631.0,160.0,87.0,2025
665926,Andrés Giménez,141,Toronto Blue Jays,,SS,2026,128.0,121.0,32.0,6.0,1.0,3.0,4.0,0.0,19.0,1.0,1.0,1.0,49.0,17.0,4.0,.264,.291,.405,.696,.290,40.33,450.0,41.0,31.0,369.0,329.0,69.0,11.0,1.0,7.0,25.0,0.0,66.0,11.0,3.0,1.0,103.0,35.0,8.0,.210,.285,.313,.598,.239,47.00,1452.0,97.0,101.0,2025
678218,Brandon Valenzuela,141,Toronto Blue Jays,,C,2026,54.0,50.0,10.0,0.0,0.0,3.0,4.0,0.0,17.0,0.0,0.0,0.0,19.0,6.0,0.0,.200,.259,.380,.639,.233,16.67,216.0,11.0,12.0,,,,,,,,,,,,,,,,,,,,,,,,,2025
641355,Cody Bellinger,147,New York Yankees,,LF,2026,160.0,134.0,40.0,10.0,3.0,5.0,23.0,0.0,20.0,0.0,3.0,0.0,71.0,28.0,2.0,.299,.394,.530,.924,.313,26.80,590.0,30.0,47.0,656.0,588.0,160.0,25.0,5.0,29.0,57.0,1.0,90.0,2.0,9.0,0.0,282.0,98.0,8.0,.272,.334,.480,.814,.274,20.28,2594.0,122.0,225.0,2025
592206,Nick Castellanos,135,San Diego Padres,,RF,2026,76.0,71.0,13.0,4.0,0.0,1.0,4.0,1.0,20.0,0.0,1.0,0.0,20.0,11.0,1.0,.183,.224,.282,.506,.235,71.00,286.0,15.0,24.0,589.0,547.0,137.0,27.0,2.0,17.0,32.0,0.0,133.0,4.0,6.0,0.0,219.0,72.0,13.0,.250,.294,.400,.694,.298,32.18,2166.0,126.0,157.0,2025
670032,Nicky Lopez,112,Chicago Cubs,,3B,2026,4.0,4.0,0.0,0.0,0.0,0.0,0.0,0.0,2.0,0.0,0.0,0.0,0.0,0.0,0.0,.000,.000,.000,.000,.000,-.--,19.0,2.0,0.0,28.0,24.0,1.0,0.0,0.0,0.0,4.0,0.0,4.0,0.0,0.0,0.0,1.0,1.0,1.0,.042,.179,.042,.221,.050,-.--,106.0,13.0,6.0,2025
643410,Mark Leiter Jr.,133,Athletics,,P,2026,,,,,,,,,,,,,,,,,,,,,,,,,,,,,,,,,,,,,,,,,,,,,,,,,2025
657746,Joe Ryan,142,Minnesota Twins,,P,2026,,,,,,,,,,,,,,,,,,,,,,,,,,,,,,,,,,,,,,,,,,,,,,,,,2025
670036,Matt Festa,114,Cleveland Guardians,,P,2026,,,,,,,,,,,,,,,,,,,,,,,,,0.0,0.0,0.0,0.0,0.0,0.0,0.0,0.0,0.0,0.0,0.0,0.0,0.0,0.0,0.0,.000,.000,.000,.000,.---,-.--,0.0,0.0,0.0,2025
670042,Luke Raley,136,Seattle Mariners,,RF,2026,101.0,92.0,23.0,4.0,1.0,6.0,6.0,0.0,37.0,2.0,0.0,1.0,47.0,16.0,0.0,.250,.310,.511,.821,.347,15.33,389.0,15.0,18.0,219.0,183.0,37.0,8.0,0.0,4.0,19.0,0.0,64.0,13.0,1.0,3.0,57.0,19.0,2.0,.202,.319,.311,.630,.284,45.75,831.0,53.0,33.0,2025
678246,Miguel Vargas,145,Chicago White Sox,,3B,2026,159.0,130.0,28.0,4.0,1.0,7.0,26.0,1.0,27.0,2.0,1.0,0.0,55.0,18.0,2.0,.215,.352,.423,.775,.216,18.57,647.0,31.0,45.0,569.0,504.0,118.0,32.0,2.0,16.0,56.0,0.0,100.0,6.0,3.0,0.0,202.0,60.0,9.0,.234,.316,.401,.717,.261,31.50,2323.0,91.0,198.0,2025
547179,Michael Lorenzen,115,Colorado Rockies,,P,2026,,,,,,,,,,,,,,,,,,,,,,,,,,,,,,,,,,,,,,,,,,,,,,,,,2025
657757,Gavin Sheets,135,San Diego Padres,,1B,2026,107.0,101.0,23.0,9.0,0.0,5.0,5.0,0.0,23.0,1.0,0.0,0.0,47.0,13.0,4.0,.228,.271,.465,.736,.247,20.20,440.0,29.0,26.0,545.0,492.0,124.0,28.0,1.0,19.0,44.0,1.0,107.0,5.0,4.0,0.0,211.0,71.0,9.0,.252,.317,.429,.746,.284,25.90,2279.0,111.0,154.0,2025
547180,Bryce Harper,143,Philadelphia Phillies,,1B,2026,160.0,138.0,38.0,9.0,1.0,9.0,21.0,1.0,25.0,0.0,1.0,0.0,76.0,23.0,4.0,.275,.369,.551,.920,.276,15.33,595.0,40.0,36.0,580.0,501.0,131.0,32.0,0.0,27.0,70.0,6.0,121.0,6.0,3.0,0.0,244.0,75.0,5.0,.261,.357,.487,.844,.292,18.56,2172.0,127.0,125.0,2025
670059,Colin Holderman,114,Cleveland Guardians,,P,2026,,,,,,,,,,,,,,,,,,,,,,,,,,,,,,,,,,,,,,,,,,,,,,,,,2025
665966,Carlos Narváez,111,Boston Red Sox,,C,2026,82.0,75.0,16.0,3.0,0.0,2.0,5.0,0.0,22.0,1.0,0.0,1.0,25.0,3.0,3.0,.213,.272,.333,.605,.275,37.50,325.0,20.0,18.0,446.0,403.0,97.0,27.0,0.0,15.0,38.0,0.0,111.0,1.0,2.0,2.0,169.0,50.0,12.0,.241,.306,.419,.725,.294,26.87,1829.0,98.0,101.0,2025
641401,Connor Brogdon,114,Cleveland Guardians,,P,2026,,,,,,,,,,,,,,,,,,,,,,,,,,,,,,,,,,,,,,,,,,,,,,,,,2025
545121,Ildemaro Vargas,109,Arizona Diamondbacks,,1B,2026,120.0,114.0,41.0,7.0,2.0,6.0,4.0,0.0,12.0,0.0,0.0,1.0,70.0,22.0,0.0,.360,.381,.614,.995,.365,19.00,397.0,33.0,29.0,121.0,115.0,31.0,2.0,1.0,3.0,2.0,0.0,15.0,2.0,1.0,1.0,44.0,19.0,3.0,.270,.292,.383,.675,.286,38.33,429.0,46.0,25.0,2025
686469,Vinnie Pasquantino,118,Kansas City Royals,,1B,2026,155.0,134.0,26.0,4.0,2.0,5.0,16.0,0.0,32.0,1.0,4.0,0.0,49.0,18.0,2.0,.194,.277,.366,.643,.208,26.80,636.0,30.0,50.0,682.0,621.0,164.0,33.0,1.0,32.0,49.0,5.0,107.0,7.0,5.0,0.0,295.0,113.0,14.0,.264,.323,.475,.798,.271,19.41,2572.0,153.0,202.0,2025
608650,Dietrich Enns,110,Baltimore Orioles,,P,2026,,,,,,,,,,,,,,,,,,,,,,,,,0.0,0.0,0.0,0.0,0.0,0.0,0.0,0.0,0.0,0.0,0.0,0.0,0.0,0.0,0.0,.000,.000,.000,.000,.---,-.--,0.0,0.0,0.0,2025
643446,Jeff McNeil,133,Athletics,,2B,2026,125.0,110.0,34.0,8.0,0.0,1.0,10.0,0.0,15.0,2.0,2.0,1.0,45.0,12.0,1.0,.309,.371,.409,.780,.344,110.00,467.0,30.0,34.0,462.0,399.0,97.0,21.0,5.0,12.0,49.0,4.0,55.0,8.0,4.0,2.0,164.0,54.0,5.0,.243,.335,.411,.746,.253,33.25,1718.0,109.0,144.0,2025
663947,Tyler Holton,116,Detroit Tigers,,P,2026,,,,,,,,,,,,,,,,,,,,,,,,,,,,,,,,,,,,,,,,,,,,,,,,,2025
801139,Payton Tolle,111,Boston Red Sox,,P,2026,,,,,,,,,,,,,,,,,,,,,,,,,,,,,,,,,,,,,,,,,,,,,,,,,2025
676263,Jack Dreyer,119,Los Angeles Dodgers,,P,2026,,,,,,,,,,,,,,,,,,,,,,,,,,,,,,,,,,,,,,,,,,,,,,,,,2025
543135,Nathan Eovaldi,140,Texas Rangers,,P,2026,,,,,,,,,,,,,,,,,,,,,,,,,,,,,,,,,,,,,,,,,,,,,,,,,2025
666018,Jonathan Aranda,139,Tampa Bay Rays,,1B,2026,159.0,133.0,35.0,5.0,0.0,7.0,21.0,2.0,37.0,2.0,3.0,0.0,61.0,29.0,1.0,.263,.365,.459,.824,.304,19.00,655.0,30.0,34.0,422.0,370.0,117.0,22.0,0.0,14.0,41.0,3.0,107.0,8.0,3.0,0.0,181.0,59.0,9.0,.316,.393,.489,.882,.409,26.43,1717.0,64.0,85.0,2025
805299,Brandyn Garcia,109,Arizona Diamondbacks,,P,2026,,,,,,,,,,,,,,,,,,,,,,,,,0.0,0.0,0.0,0.0,0.0,0.0,0.0,0.0,0.0,0.0,0.0,0.0,0.0,0.0,0.0,.000,.000,.000,.000,.---,-.--,0.0,0.0,0.0,2025
643511,Tyler Rogers,141,Toronto Blue Jays,,P,2026,,,,,,,,,,,,,,,,,,,,,,,,,0.0,0.0,0.0,0.0,0.0,0.0,0.0,0.0,0.0,0.0,0.0,0.0,0.0,0.0,0.0,.000,.000,.000,.000,.---,-.--,0.0,0.0,0.0,2025
575929,Willson Contreras,111,Boston Red Sox,,1B,2026,161.0,133.0,35.0,4.0,0.0,8.0,18.0,0.0,46.0,7.0,3.0,0.0,63.0,23.0,3.0,.263,.373,.474,.847,.329,16.62,633.0,26.0,29.0,563.0,490.0,126.0,31.0,1.0,20.0,44.0,1.0,142.0,23.0,4.0,1.0,219.0,80.0,15.0,.257,.344,.447,.791,.319,24.50,2160.0,112.0,115.0,2025
608701,Rob Refsnyder,136,Seattle Mariners,,RF,2026,48.0,43.0,6.0,0.0,0.0,2.0,4.0,0.0,12.0,0.0,1.0,0.0,12.0,3.0,0.0,.140,.208,.279,.487,.133,21.50,178.0,8.0,18.0,209.0,182.0,49.0,12.0,0.0,9.0,24.0,1.0,54.0,1.0,2.0,0.0,88.0,30.0,6.0,.269,.354,.484,.838,.331,20.22,887.0,43.0,38.0,2025
518585,Fernando Cruz,147,New York Yankees,,P,2026,,,,,,,,,,,,,,,,,,,,,,,,,,,,,,,,,,,,,,,,,,,,,,,,,2025
518595,Travis d'Arnaud,108,Los Angeles Angels,,C,2026,40.0,35.0,7.0,1.0,0.0,1.0,3.0,0.0,7.0,2.0,0.0,0.0,11.0,3.0,1.0,.200,.300,.314,.614,.222,35.00,141.0,10.0,11.0,231.0,213.0,42.0,13.0,0.0,6.0,13.0,0.0,74.0,4.0,1.0,0.0,73.0,21.0,5.0,.197,.255,.343,.598,.269,35.50,873.0,45.0,53.0,2025
666023,Freddy Fermin,135,San Diego Padres,,C,2026,72.0,60.0,9.0,4.0,0.0,0.0,8.0,0.0,15.0,2.0,2.0,0.0,13.0,3.0,0.0,.150,.264,.217,.481,.191,-.--,283.0,18.0,20.0,347.0,319.0,80.0,13.0,0.0,5.0,19.0,1.0,65.0,2.0,0.0,7.0,108.0,26.0,5.0,.251,.297,.339,.636,.301,63.80,1372.0,88.0,93.0,2025
686527,Dominic Canzone,136,Seattle Mariners,,RF,2026,85.0,76.0,20.0,7.0,0.0,3.0,7.0,0.0,19.0,1.0,1.0,0.0,36.0,12.0,0.0,.263,.329,.474,.803,.309,25.33,330.0,12.0,26.0,269.0,243.0,73.0,11.0,0.0,11.0,20.0,0.0,59.0,3.0,2.0,0.0,117.0,32.0,6.0,.300,.358,.481,.839,.354,22.09,1028.0,55.0,59.0,2025
592332,Kevin Gausman,141,Toronto Blue Jays,,P,2026,,,,,,,,,,,,,,,,,,,,,,,,,,,,,,,,,,,,,,,,,,,,,,,,,2025
608718,Brent Suter,108,Los Angeles Angels,,P,2026,,,,,,,,,,,,,,,,,,,,,,,,,,,,,,,,,,,,,,,,,,,,,,,,,2025
641487,J.P. Crawford,136,Seattle Mariners,,SS,2026,128.0,102.0,21.0,3.0,0.0,4.0,24.0,0.0,20.0,2.0,0.0,0.0,36.0,11.0,3.0,.206,.367,.353,.720,.218,25.50,531.0,33.0,28.0,654.0,570.0,151.0,24.0,0.0,12.0,74.0,1.0,122.0,3.0,1.0,6.0,211.0,58.0,11.0,.265,.352,.370,.722,.318,47.50,2731.0,155.0,149.0,2025
664023,Ian Happ,112,Chicago Cubs,,LF,2026,165.0,136.0,33.0,6.0,1.0,9.0,27.0,2.0,49.0,2.0,0.0,0.0,68.0,17.0,3.0,.243,.376,.500,.876,.308,15.11,672.0,28.0,26.0,663.0,569.0,138.0,32.0,0.0,23.0,87.0,2.0,151.0,2.0,5.0,0.0,239.0,79.0,8.0,.243,.342,.420,.762,.288,24.74,2717.0,120.0,165.0,2025
676282,Joey Cantillo,114,Cleveland Guardians,,P,2026,,,,,,,,,,,,,,,,,,,,,,,,,,,,,,,,,,,,,,,,,,,,,,,,,2025
670167,John Schreiber,118,Kansas City Royals,,P,2026,,,,,,,,,,,,,,,,,,,,,,,,,0.0,0.0,0.0,0.0,0.0,0.0,0.0,0.0,0.0,0.0,0.0,0.0,0.0,0.0,0.0,.000,.000,.000,.000,.---,-.--,0.0,0.0,0.0,2025
686555,Isaac Collins,118,Kansas City Royals,,LF,2026,120.0,100.0,25.0,4.0,0.0,3.0,17.0,0.0,34.0,2.0,1.0,0.0,38.0,12.0,1.0,.250,.367,.380,.747,.344,33.33,471.0,13.0,29.0,441.0,372.0,98.0,22.0,3.0,9.0,57.0,0.0,93.0,6.0,3.0,3.0,153.0,54.0,8.0,.263,.368,.411,.779,.326,41.33,1792.0,91.0,96.0,2025
686560,Gavin Collyer,140,Texas Rangers,,P,2026,,,,,,,,,,,,,,,,,,,,,,,,,,,,,,,,,,,,,,,,,,,,,,,,,2025
664034,Ty France,135,San Diego Padres,,1B,2026,61.0,58.0,16.0,2.0,2.0,3.0,2.0,0.0,6.0,1.0,0.0,0.0,31.0,10.0,1.0,.276,.311,.534,.845,.265,19.33,204.0,21.0,15.0,490.0,444.0,114.0,25.0,0.0,7.0,22.0,1.0,83.0,21.0,3.0,0.0,160.0,52.0,11.0,.257,.320,.360,.680,.300,63.43,1873.0,137.0,113.0,2025
805347,Jim Jarvis,144,Atlanta Braves,,SS,2026,2.0,2.0,0.0,0.0,0.0,0.0,0.0,0.0,1.0,0.0,0.0,0.0,0.0,0.0,0.0,.000,.000,.000,.000,.000,-.--,14.0,1.0,0.0,,,,,,,,,,,,,,,,,,,,,,,,,2025
805367,Chase Meidroth,145,Chicago White Sox,,2B,2026,153.0,133.0,37.0,7.0,0.0,2.0,16.0,0.0,37.0,0.0,1.0,2.0,50.0,5.0,3.0,.278,.353,.376,.729,.368,66.50,656.0,37.0,25.0,505.0,450.0,114.0,15.0,0.0,5.0,45.0,0.0,72.0,6.0,1.0,3.0,144.0,23.0,14.0,.253,.329,.320,.649,.291,90.00,2057.0,149.0,119.0,2025
678394,Brayan Bello,111,Boston Red Sox,,P,2026,,,,,,,,,,,,,,,,,,,,,,,,,,,,,,,,,,,,,,,,,,,,,,,,,2025
664059,Sam Haggerty,140,Texas Rangers,,LF,2026,32.0,30.0,5.0,0.0,0.0,0.0,1.0,0.0,13.0,1.0,0.0,0.0,5.0,1.0,0.0,.167,.219,.167,.386,.294,-.--,120.0,5.0,7.0,182.0,162.0,41.0,7.0,3.0,2.0,16.0,1.0,37.0,2.0,0.0,1.0,60.0,13.0,1.0,.253,.328,.370,.698,.317,81.00,644.0,48.0,37.0,2025
688642,Zach Agnos,115,Colorado Rockies,,P,2026,,,,,,,,,,,,,,,,,,,,,,,,,0.0,0.0,0.0,0.0,0.0,0.0,0.0,0.0,0.0,0.0,0.0,0.0,0.0,0.0,0.0,.000,.000,.000,.000,.---,-.--,0.0,0.0,0.0,2025
676356,Jonny DeLuca,139,Tampa Bay Rays,,RF,2026,86.0,81.0,23.0,7.0,0.0,2.0,4.0,0.0,15.0,0.0,0.0,1.0,36.0,14.0,4.0,.284,.318,.444,.762,.328,40.50,307.0,21.0,23.0,59.0,57.0,19.0,1.0,3.0,0.0,2.0,0.0,13.0,0.0,0.0,0.0,26.0,4.0,0.0,.333,.356,.456,.812,.432,-.--,224.0,10.0,15.0,2025
543243,Sonny Gray,111,Boston Red Sox,,P,2026,,,,,,,,,,,,,,,,,,,,,,,,,,,,,,,,,,,,,,,,,,,,,,,,,2025
700932,Kyle Manzardo,114,Cleveland Guardians,,1B,2026,117.0,105.0,21.0,3.0,0.0,2.0,9.0,0.0,37.0,2.0,1.0,0.0,30.0,12.0,4.0,.200,.274,.286,.560,.284,52.50,494.0,23.0,25.0,531.0,470.0,110.0,19.0,2.0,27.0,48.0,2.0,135.0,8.0,5.0,0.0,214.0,70.0,7.0,.234,.313,.455,.768,.265,17.41,2018.0,82.0,148.0,2025
621020,Dansby Swanson,112,Chicago Cubs,,SS,2026,150.0,124.0,25.0,2.0,1.0,6.0,22.0,0.0,31.0,1.0,3.0,0.0,47.0,25.0,1.0,.202,.320,.379,.699,.211,20.67,630.0,37.0,34.0,645.0,590.0,144.0,24.0,3.0,24.0,47.0,1.0,168.0,2.0,5.0,1.0,246.0,77.0,9.0,.244,.300,.417,.717,.298,24.58,2521.0,137.0,147.0,2025
641555,J.C. Escarra,147,New York Yankees,,C,2026,40.0,38.0,8.0,3.0,1.0,0.0,2.0,0.0,10.0,0.0,0.0,0.0,13.0,6.0,1.0,.211,.250,.342,.592,.286,-.--,158.0,13.0,7.0,98.0,84.0,17.0,5.0,0.0,2.0,11.0,0.0,14.0,1.0,2.0,0.0,28.0,11.0,1.0,.202,.296,.333,.629,.214,42.00,395.0,28.0,27.0,2025
666126,Carlos Cortes,133,Athletics,,RF,2026,92.0,83.0,31.0,5.0,1.0,4.0,8.0,0.0,8.0,1.0,0.0,0.0,50.0,14.0,3.0,.373,.435,.602,1.037,.380,20.75,379.0,25.0,19.0,99.0,94.0,29.0,8.0,1.0,4.0,3.0,0.0,20.0,0.0,2.0,0.0,51.0,14.0,3.0,.309,.323,.543,.866,.347,23.50,375.0,24.0,23.0,2025
672282,Reid Detmers,108,Los Angeles Angels,,P,2026,,,,,,,,,,,,,,,,,,,,,,,,,,,,,,,,,,,,,,,,,,,,,,,,,2025
666139,Josh Lowe,108,Los Angeles Angels,,LF,2026,102.0,94.0,14.0,1.0,0.0,4.0,5.0,0.0,29.0,1.0,1.0,1.0,27.0,10.0,0.0,.149,.198,.287,.485,.161,23.50,428.0,18.0,35.0,435.0,396.0,87.0,21.0,2.0,11.0,33.0,1.0,109.0,3.0,2.0,1.0,145.0,40.0,7.0,.220,.283,.366,.649,.273,36.00,1842.0,105.0,98.0,2025
680474,Max Schuemann,147,New York Yankees,,3B,2026,6.0,5.0,1.0,1.0,0.0,0.0,1.0,0.0,1.0,0.0,0.0,0.0,2.0,1.0,0.0,.200,.333,.400,.733,.250,-.--,29.0,1.0,2.0,213.0,183.0,36.0,4.0,2.0,2.0,22.0,0.0,35.0,4.0,1.0,3.0,50.0,13.0,6.0,.197,.295,.273,.568,.231,91.50,838.0,56.0,60.0,2025
672284,Jarred Kelenic,145,Chicago White Sox,,RF,2026,17.0,14.0,4.0,0.0,0.0,0.0,3.0,0.0,3.0,0.0,0.0,0.0,4.0,0.0,0.0,.286,.412,.286,.698,.364,-.--,65.0,3.0,4.0,65.0,60.0,10.0,2.0,0.0,2.0,5.0,0.0,23.0,0.0,0.0,0.0,18.0,2.0,1.0,.167,.231,.300,.531,.229,30.00,258.0,14.0,13.0,2025
694819,Jacob Misiorowski,158,Milwaukee Brewers,,P,2026,,,,,,,,,,,,,,,,,,,,,,,,,,,,,,,,,,,,,,,,,,,,,,,,,2025
670242,Matt Wallner,142,Minnesota Twins,,RF,2026,123.0,108.0,20.0,3.0,0.0,4.0,10.0,0.0,43.0,5.0,0.0,0.0,35.0,10.0,2.0,.185,.285,.324,.609,.262,27.00,507.0,28.0,17.0,392.0,336.0,68.0,16.0,3.0,22.0,46.0,0.0,114.0,8.0,2.0,0.0,156.0,40.0,3.0,.202,.311,.464,.775,.228,15.27,1555.0,62.0,94.0,2025
664076,Garrett Cleavinger,139,Tampa Bay Rays,,P,2026,,,,,,,,,,,,,,,,,,,,,,,,,,,,,,,,,,,,,,,,,,,,,,,,,2025
670245,Ryan Watson,111,Boston Red Sox,,P,2026,,,,,,,,,,,,,,,,,,,,,,,,,,,,,,,,,,,,,,,,,,,,,,,,,2025
676391,Ernie Clement,141,Toronto Blue Jays,,2B,2026,151.0,146.0,41.0,13.0,0.0,1.0,5.0,0.0,10.0,0.0,0.0,0.0,57.0,9.0,3.0,.281,.305,.390,.695,.296,146.00,461.0,40.0,55.0,588.0,545.0,151.0,35.0,2.0,9.0,27.0,1.0,61.0,4.0,5.0,7.0,217.0,50.0,13.0,.277,.313,.398,.711,.296,60.56,1871.0,129.0,216.0,2025
571948,Hoby Milner,112,Chicago Cubs,,P,2026,,,,,,,,,,,,,,,,,,,,,,,,,0.0,0.0,0.0,0.0,0.0,0.0,0.0,0.0,0.0,0.0,0.0,0.0,0.0,0.0,0.0,.000,.000,.000,.000,.---,-.--,0.0,0.0,0.0,2025
666142,Cole Ragans,118,Kansas City Royals,,P,2026,,,,,,,,,,,,,,,,,,,,,,,,,,,,,,,,,,,,,,,,,,,,,,,,,2025
518692,Freddie Freeman,119,Los Angeles Dodgers,,1B,2026,154.0,140.0,39.0,10.0,1.0,3.0,13.0,1.0,21.0,1.0,0.0,0.0,60.0,19.0,6.0,.279,.344,.429,.773,.310,46.67,575.0,41.0,39.0,627.0,556.0,164.0,39.0,2.0,24.0,60.0,7.0,128.0,6.0,5.0,0.0,279.0,90.0,13.0,.295,.367,.502,.869,.342,23.17,2382.0,128.0,141.0,2025
666152,David Hamilton,158,Milwaukee Brewers,,3B,2026,107.0,89.0,21.0,2.0,0.0,0.0,12.0,0.0,21.0,1.0,0.0,4.0,23.0,7.0,1.0,.236,.333,.258,.591,.309,-.--,425.0,28.0,23.0,194.0,177.0,35.0,4.0,1.0,6.0,13.0,0.0,47.0,1.0,0.0,3.0,59.0,19.0,3.0,.198,.257,.333,.590,.234,29.50,742.0,44.0,54.0,2025
641584,Jake Fraley,139,Tampa Bay Rays,,RF,2026,78.0,71.0,18.0,6.0,0.0,2.0,7.0,0.0,20.0,0.0,0.0,0.0,30.0,5.0,1.0,.254,.321,.423,.744,.327,35.50,327.0,11.0,22.0,217.0,191.0,46.0,9.0,0.0,6.0,25.0,1.0,49.0,1.0,0.0,0.0,73.0,23.0,1.0,.241,.332,.382,.714,.294,31.83,834.0,38.0,58.0,2025
621111,Walker Buehler,135,San Diego Padres,,P,2026,,,,,,,,,,,,,,,,,,,,,,,,,,,,,,,,,,,,,,,,,,,,,,,,,2025
621112,Paul Blackburn,147,New York Yankees,,P,2026,0.0,0.0,0.0,0.0,0.0,0.0,0.0,0.0,0.0,0.0,0.0,0.0,0.0,0.0,0.0,.000,.000,.000,.000,.---,-.--,0.0,0.0,0.0,,,,,,,,,,,,,,,,,,,,,,,,,2025
623149,Paul Sewald,109,Arizona Diamondbacks,,P,2026,,,,,,,,,,,,,,,,,,,,,,,,,,,,,,,,,,,,,,,,,,,,,,,,,2025
666171,Ryan Zeferjahn,108,Los Angeles Angels,,P,2026,,,,,,,,,,,,,,,,,,,,,,,,,,,,,,,,,,,,,,,,,,,,,,,,,2025
545341,Randal Grichuk,145,Chicago White Sox,,LF,2026,38.0,36.0,7.0,4.0,0.0,0.0,1.0,0.0,10.0,0.0,1.0,0.0,11.0,3.0,0.0,.194,.211,.306,.517,.259,-.--,134.0,7.0,13.0,293.0,272.0,62.0,18.0,1.0,9.0,17.0,1.0,61.0,1.0,3.0,0.0,109.0,27.0,6.0,.228,.273,.401,.674,.259,30.22,1077.0,68.0,84.0,2025
666160,Mickey Moniak,115,Colorado Rockies,,LF,2026,120.0,110.0,35.0,7.0,1.0,11.0,8.0,0.0,30.0,1.0,1.0,0.0,77.0,21.0,2.0,.318,.367,.700,1.067,.343,10.00,432.0,16.0,30.0,461.0,434.0,117.0,20.0,8.0,24.0,22.0,1.0,110.0,2.0,3.0,0.0,225.0,68.0,4.0,.270,.306,.518,.824,.307,18.08,1598.0,81.0,129.0,2025
641598,Mitch Garver,136,Seattle Mariners,,C,2026,56.0,45.0,8.0,1.0,0.0,0.0,11.0,0.0,17.0,0.0,0.0,0.0,9.0,1.0,0.0,.178,.339,.200,.539,.286,-.--,247.0,8.0,12.0,290.0,254.0,53.0,5.0,1.0,9.0,30.0,1.0,80.0,3.0,3.0,0.0,87.0,30.0,6.0,.209,.297,.343,.640,.262,28.22,1166.0,47.0,77.0,2025
623168,Tyler Heineman,141,Toronto Blue Jays,,C,2026,59.0,53.0,9.0,0.0,0.0,0.0,1.0,0.0,14.0,2.0,0.0,3.0,9.0,2.0,2.0,.170,.214,.170,.384,.231,-.--,203.0,21.0,12.0,174.0,149.0,43.0,8.0,1.0,3.0,12.0,0.0,31.0,6.0,2.0,5.0,62.0,20.0,1.0,.289,.361,.416,.777,.342,49.67,627.0,30.0,52.0,2025
668227,Randy Arozarena,136,Seattle Mariners,,LF,2026,158.0,136.0,36.0,9.0,1.0,3.0,17.0,0.0,37.0,3.0,2.0,0.0,56.0,12.0,3.0,.265,.354,.412,.766,.337,45.33,651.0,39.0,26.0,709.0,613.0,146.0,32.0,1.0,27.0,64.0,2.0,191.0,27.0,5.0,0.0,261.0,76.0,9.0,.238,.334,.426,.760,.298,22.70,2873.0,125.0,156.0,2025
674370,Osvaldo Bido,145,Chicago White Sox,,P,2026,,,,,,,,,,,,,,,,,,,,,,,,,,,,,,,,,,,,,,,,,,,,,,,,,2025
592450,Aaron Judge,147,New York Yankees,,RF,2026,168.0,137.0,37.0,6.0,0.0,15.0,28.0,4.0,47.0,2.0,0.0,0.0,88.0,29.0,3.0,.270,.401,.642,1.043,.293,9.13,741.0,27.0,26.0,679.0,541.0,179.0,30.0,2.0,53.0,124.0,36.0,160.0,7.0,7.0,0.0,372.0,114.0,16.0,.331,.457,.688,1.145,.376,10.21,2631.0,84.0,125.0,2025
571970,Max Muncy,119,Los Angeles Dodgers,,3B,2026,139.0,119.0,34.0,5.0,0.0,9.0,20.0,1.0,33.0,0.0,0.0,0.0,66.0,13.0,1.0,.286,.388,.555,.943,.325,13.22,578.0,25.0,27.0,388.0,313.0,76.0,10.0,2.0,19.0,64.0,2.0,83.0,6.0,5.0,0.0,147.0,67.0,4.0,.243,.376,.470,.846,.264,16.47,1650.0,61.0,98.0,2025
666182,Bo Bichette,121,New York Mets,,3B,2026,163.0,152.0,36.0,5.0,0.0,2.0,9.0,0.0,30.0,0.0,2.0,0.0,47.0,16.0,6.0,.237,.276,.309,.585,.279,76.00,582.0,57.0,31.0,628.0,582.0,181.0,44.0,1.0,18.0,40.0,2.0,91.0,3.0,3.0,0.0,281.0,94.0,17.0,.311,.357,.483,.840,.342,32.33,2308.0,171.0,142.0,2025
670280,David Bednar,147,New York Yankees,,P,2026,,,,,,,,,,,,,,,,,,,,,,,,,,,,,,,,,,,,,,,,,,,,,,,,,2025
686668,Brenton Doyle,115,Colorado Rockies,,CF,2026,100.0,91.0,19.0,3.0,0.0,1.0,9.0,0.0,35.0,0.0,0.0,0.0,25.0,3.0,0.0,.209,.280,.275,.555,.327,91.00,354.0,20.0,17.0,538.0,502.0,117.0,23.0,2.0,15.0,30.0,0.0,138.0,0.0,4.0,2.0,189.0,57.0,14.0,.233,.274,.376,.650,.289,33.47,1957.0,129.0,124.0,2025
676428,Brant Hurter,116,Detroit Tigers,,P,2026,,,,,,,,,,,,,,,,,,,,,,,,,,,,,,,,,,,,,,,,,,,,,,,,,2025
666176,Jo Adell,108,Los Angeles Angels,,RF,2026,161.0,151.0,39.0,2.0,0.0,4.0,4.0,0.0,36.0,5.0,1.0,0.0,53.0,21.0,5.0,.258,.298,.351,.649,.313,37.75,611.0,33.0,44.0,573.0,526.0,124.0,18.0,1.0,37.0,33.0,0.0,151.0,10.0,1.0,0.0,255.0,98.0,10.0,.236,.293,.485,.778,.257,14.22,2220.0,111.0,141.0,2025
543309,Kyle Higashioka,140,Texas Rangers,,C,2026,60.0,54.0,11.0,1.0,0.0,1.0,6.0,0.0,19.0,0.0,0.0,0.0,15.0,4.0,2.0,.204,.283,.278,.561,.294,54.00,243.0,10.0,14.0,327.0,303.0,73.0,14.0,1.0,11.0,20.0,0.0,72.0,2.0,2.0,0.0,122.0,47.0,5.0,.241,.291,.403,.694,.279,27.54,1279.0,68.0,92.0,2025
545361,Mike Trout,108,Los Angeles Angels,,CF,2026,170.0,131.0,34.0,5.0,0.0,11.0,36.0,4.0,40.0,3.0,0.0,0.0,72.0,23.0,2.0,.260,.429,.550,.979,.288,11.91,724.0,21.0,36.0,556.0,456.0,106.0,14.0,1.0,26.0,87.0,10.0,178.0,6.0,6.0,0.0,200.0,64.0,7.0,.232,.359,.439,.798,.310,17.54,2482.0,66.0,112.0,2025
676439,Hunter Feduccia,139,Tampa Bay Rays,,C,2026,46.0,37.0,10.0,1.0,0.0,0.0,6.0,0.0,14.0,1.0,0.0,2.0,11.0,4.0,1.0,.270,.386,.297,.683,.435,-.--,192.0,7.0,8.0,105.0,88.0,13.0,5.0,0.0,0.0,15.0,0.0,29.0,0.0,2.0,0.0,18.0,8.0,0.0,.148,.267,.205,.472,.213,-.--,477.0,21.0,27.0,2025
621139,Brooks Kriske,133,Athletics,,P,2026,,,,,,,,,,,,,,,,,,,,,,,,,,,,,,,,,,,,,,,,,,,,,,,,,2025
686678,Chase Solesky,139,Tampa Bay Rays,,P,2026,,,,,,,,,,,,,,,,,,,,,,,,,,,,,,,,,,,,,,,,,,,,,,,,,2025
666200,Jesús Luzardo,143,Philadelphia Phillies,,P,2026,,,,,,,,,,,,,,,,,,,,,,,,,,,,,,,,,,,,,,,,,,,,,,,,,2025
666201,Alek Manoah,108,Los Angeles Angels,,P,2026,,,,,,,,,,,,,,,,,,,,,,,,,,,,,,,,,,,,,,,,,,,,,,,,,2025
686681,Michael Massey,118,Kansas City Royals,,2B,2026,72.0,67.0,15.0,6.0,0.0,2.0,3.0,0.0,18.0,0.0,2.0,0.0,27.0,9.0,1.0,.224,.250,.403,.653,.265,33.50,286.0,11.0,25.0,277.0,262.0,64.0,9.0,0.0,3.0,9.0,0.0,43.0,1.0,4.0,1.0,82.0,20.0,3.0,.244,.268,.313,.581,.277,87.33,1013.0,48.0,112.0,2025
678489,Jorge Barrosa,109,Arizona Diamondbacks,,LF,2026,80.0,72.0,14.0,9.0,1.0,1.0,5.0,0.0,23.0,1.0,0.0,2.0,28.0,7.0,1.0,.194,.256,.389,.645,.271,72.00,339.0,22.0,15.0,77.0,71.0,10.0,3.0,0.0,1.0,2.0,0.0,22.0,1.0,3.0,0.0,16.0,7.0,1.0,.141,.169,.225,.394,.176,71.00,327.0,18.0,24.0,2025
670329,Rico Garcia,110,Baltimore Orioles,,P,2026,,,,,,,,,,,,,,,,,,,,,,,,,,,,,,,,,,,,,,,,,,,,,,,,,2025
801403,Chase Dollander,115,Colorado Rockies,,P,2026,,,,,,,,,,,,,,,,,,,,,,,,,,,,,,,,,,,,,,,,,,,,,,,,,2025
676440,Tanner Bibee,114,Cleveland Guardians,,P,2026,,,,,,,,,,,,,,,,,,,,,,,,,,,,,,,,,,,,,,,,,,,,,,,,,2025
662139,Daulton Varsho,141,Toronto Blue Jays,,CF,2026,133.0,120.0,29.0,7.0,0.0,4.0,11.0,2.0,23.0,2.0,0.0,0.0,48.0,9.0,0.0,.242,.316,.400,.716,.269,30.00,463.0,28.0,40.0,271.0,248.0,59.0,13.0,2.0,20.0,17.0,1.0,77.0,1.0,5.0,0.0,136.0,55.0,1.0,.238,.284,.548,.832,.250,12.40,986.0,41.0,76.0,2025
623211,Huascar Brazobán,121,New York Mets,,P,2026,,,,,,,,,,,,,,,,,,,,,,,,,,,,,,,,,,,,,,,,,,,,,,,,,2025
680573,Simeon Woods Richardson,142,Minnesota Twins,,P,2026,,,,,,,,,,,,,,,,,,,,,,,,,,,,,,,,,,,,,,,,,,,,,,,,,2025
682608,Peyton Gray,140,Texas Rangers,,P,2026,,,,,,,,,,,,,,,,,,,,,,,,,,,,,,,,,,,,,,,,,,,,,,,,,2025
676477,Garrett Whitlock,111,Boston Red Sox,,P,2026,0.0,0.0,0.0,0.0,0.0,0.0,0.0,0.0,0.0,0.0,0.0,0.0,0.0,0.0,0.0,.000,.000,.000,.000,.---,-.--,0.0,0.0,0.0,0.0,0.0,0.0,0.0,0.0,0.0,0.0,0.0,0.0,0.0,0.0,0.0,0.0,0.0,0.0,.000,.000,.000,.000,.---,-.--,0.0,0.0,0.0,2025
592518,Manny Machado,135,San Diego Padres,,3B,2026,148.0,124.0,25.0,4.0,0.0,5.0,21.0,1.0,31.0,0.0,2.0,1.0,44.0,18.0,3.0,.202,.313,.355,.668,.222,24.80,611.0,41.0,30.0,678.0,615.0,169.0,33.0,0.0,27.0,55.0,4.0,131.0,3.0,5.0,0.0,283.0,95.0,16.0,.275,.335,.460,.795,.307,22.78,2647.0,144.0,176.0,2025
676475,Alec Burleson,138,St. Louis Cardinals,,1B,2026,160.0,141.0,38.0,9.0,0.0,6.0,18.0,2.0,24.0,0.0,1.0,0.0,65.0,30.0,5.0,.270,.350,.461,.811,.286,23.50,578.0,45.0,35.0,546.0,497.0,144.0,26.0,2.0,18.0,39.0,1.0,79.0,3.0,4.0,1.0,228.0,69.0,14.0,.290,.343,.459,.802,.312,27.61,1933.0,119.0,160.0,2025
682626,Francisco Alvarez,121,New York Mets,,C,2026,119.0,103.0,25.0,4.0,0.0,4.0,11.0,0.0,26.0,2.0,1.0,0.0,41.0,9.0,10.0,.243,.325,.398,.723,.284,25.75,479.0,28.0,25.0,277.0,246.0,63.0,12.0,1.0,11.0,27.0,0.0,73.0,4.0,0.0,0.0,110.0,32.0,6.0,.256,.339,.447,.786,.321,22.36,1123.0,61.0,49.0,2025
664199,Taylor Clarke,109,Arizona Diamondbacks,,P,2026,,,,,,,,,,,,,,,,,,,,,,,,,0.0,0.0,0.0,0.0,0.0,0.0,0.0,0.0,0.0,0.0,0.0,0.0,0.0,0.0,0.0,.000,.000,.000,.000,.---,-.--,0.0,0.0,0.0,2025
664208,Phil Maton,112,Chicago Cubs,,P,2026,,,,,,,,,,,,,,,,,,,,,,,,,0.0,0.0,0.0,0.0,0.0,0.0,0.0,0.0,0.0,0.0,0.0,0.0,0.0,0.0,0.0,.000,.000,.000,.000,.---,-.--,0.0,0.0,0.0,2025
666277,George Soriano,138,St. Louis Cardinals,,P,2026,0.0,0.0,0.0,0.0,0.0,0.0,0.0,0.0,0.0,0.0,0.0,0.0,0.0,0.0,0.0,.000,.000,.000,.000,.---,-.--,0.0,0.0,0.0,,,,,,,,,,,,,,,,,,,,,,,,,2025
682657,Angel Martínez,114,Cleveland Guardians,,LF,2026,121.0,111.0,30.0,7.0,0.0,5.0,5.0,0.0,24.0,2.0,1.0,2.0,52.0,16.0,2.0,.270,.311,.468,.779,.301,22.20,485.0,28.0,32.0,484.0,446.0,100.0,23.0,2.0,11.0,23.0,0.0,110.0,6.0,4.0,5.0,160.0,45.0,8.0,.224,.269,.359,.628,.271,40.54,1797.0,100.0,145.0,2025
682668,Luisangel Acuña,145,Chicago White Sox,,CF,2026,89.0,80.0,14.0,1.0,0.0,0.0,6.0,0.0,14.0,1.0,1.0,1.0,15.0,3.0,3.0,.175,.239,.188,.427,.209,-.--,324.0,34.0,20.0,193.0,175.0,41.0,7.0,0.0,0.0,13.0,0.0,37.0,2.0,1.0,2.0,48.0,8.0,6.0,.234,.293,.274,.567,.295,-.--,687.0,58.0,42.0,2025
686780,Pedro Pagés,138,St. Louis Cardinals,,C,2026,91.0,83.0,18.0,3.0,0.0,3.0,4.0,0.0,23.0,2.0,1.0,1.0,30.0,8.0,3.0,.217,.267,.361,.628,.259,27.67,362.0,21.0,23.0,389.0,361.0,83.0,15.0,0.0,11.0,19.0,1.0,107.0,3.0,3.0,3.0,131.0,45.0,9.0,.230,.272,.363,.635,.293,32.82,1486.0,87.0,90.0,2025
516782,Starling Marte,118,Kansas City Royals,,RF,2026,38.0,35.0,11.0,3.0,0.0,0.0,1.0,0.0,10.0,1.0,1.0,0.0,14.0,2.0,1.0,.314,.342,.400,.742,.423,-.--,146.0,7.0,8.0,329.0,293.0,79.0,14.0,0.0,9.0,22.0,0.0,68.0,9.0,4.0,1.0,120.0,34.0,7.0,.270,.335,.410,.745,.318,32.56,1255.0,83.0,68.0,2025
621237,José Alvarado,143,Philadelphia Phillies,,P,2026,,,,,,,,,,,,,,,,,,,,,,,,,,,,,,,,,,,,,,,,,,,,,,,,,2025
672456,Keider Montero,116,Detroit Tigers,,P,2026,,,,,,,,,,,,,,,,,,,,,,,,,,,,,,,,,,,,,,,,,,,,,,,,,2025
641680,Jonah Heim,133,Athletics,,C,2026,49.0,43.0,9.0,4.0,0.0,1.0,5.0,0.0,5.0,0.0,1.0,0.0,16.0,8.0,1.0,.209,.286,.372,.658,.211,43.00,178.0,14.0,16.0,433.0,395.0,84.0,14.0,0.0,11.0,32.0,0.0,88.0,1.0,4.0,1.0,131.0,43.0,10.0,.213,.271,.332,.603,.243,35.91,1704.0,106.0,122.0,2025
527048,Martín Pérez,144,Atlanta Braves,,P,2026,,,,,,,,,,,,,,,,,,,,,,,,,,,,,,,,,,,,,,,,,,,,,,,,,2025
686797,Brooks Lee,142,Minnesota Twins,,SS,2026,132.0,122.0,33.0,5.0,0.0,5.0,9.0,0.0,25.0,1.0,0.0,0.0,53.0,23.0,1.0,.270,.326,.434,.760,.304,24.40,518.0,30.0,34.0,527.0,487.0,115.0,15.0,1.0,16.0,31.0,0.0,92.0,4.0,5.0,0.0,180.0,64.0,11.0,.236,.285,.370,.655,.258,30.44,2009.0,138.0,147.0,2025
678606,José A. Ferrer,136,Seattle Mariners,,P,2026,,,,,,,,,,,,,,,,,,,,,,,,,0.0,0.0,0.0,0.0,0.0,0.0,0.0,0.0,0.0,0.0,0.0,0.0,0.0,0.0,0.0,.000,.000,.000,.000,.---,-.--,0.0,0.0,0.0,2025
641743,Anthony Kay,145,Chicago White Sox,,P,2026,,,,,,,,,,,,,,,,,,,,,,,,,,,,,,,,,,,,,,,,,,,,,,,,,2025
660162,Yoán Moncada,108,Los Angeles Angels,,3B,2026,111.0,94.0,17.0,1.0,1.0,3.0,15.0,0.0,40.0,2.0,0.0,0.0,29.0,9.0,1.0,.181,.306,.309,.615,.275,31.33,473.0,16.0,21.0,289.0,248.0,58.0,13.0,2.0,12.0,32.0,1.0,75.0,7.0,2.0,0.0,111.0,35.0,4.0,.234,.336,.448,.784,.282,20.67,1128.0,48.0,69.0,2025
666310,Bo Naylor,114,Cleveland Guardians,,C,2026,90.0,84.0,12.0,2.0,0.0,2.0,6.0,0.0,21.0,0.0,0.0,0.0,20.0,7.0,2.0,.143,.200,.238,.438,.164,42.00,389.0,18.0,33.0,414.0,359.0,70.0,22.0,1.0,14.0,45.0,0.0,99.0,1.0,6.0,3.0,136.0,47.0,4.0,.195,.282,.379,.661,.222,25.64,1681.0,72.0,127.0,2025
641745,Brad Keller,143,Philadelphia Phillies,,P,2026,,,,,,,,,,,,,,,,,,,,,,,,,,,,,,,,,,,,,,,,,,,,,,,,,2025
676568,Ricky Vanasco,116,Detroit Tigers,,P,2026,,,,,,,,,,,,,,,,,,,,,,,,,,,,,,,,,,,,,,,,,,,,,,,,,2025
518876,Merrill Kelly,109,Arizona Diamondbacks,,P,2026,,,,,,,,,,,,,,,,,,,,,,,,,,,,,,,,,,,,,,,,,,,,,,,,,2025
641755,Tyler Kinley,144,Atlanta Braves,,P,2026,,,,,,,,,,,,,,,,,,,,,,,,,,,,,,,,,,,,,,,,,,,,,,,,,2025
668390,Cole Winn,140,Texas Rangers,,P,2026,,,,,,,,,,,,,,,,,,,,,,,,,,,,,,,,,,,,,,,,,,,,,,,,,2025
662253,Andrés Muñoz,136,Seattle Mariners,,P,2026,,,,,,,,,,,,,,,,,,,,,,,,,,,,,,,,,,,,,,,,,,,,,,,,,2025
686799,Jack Kochanowicz,108,Los Angeles Angels,,P,2026,,,,,,,,,,,,,,,,,,,,,,,,,,,,,,,,,,,,,,,,,,,,,,,,,2025
641778,Eric Lauer,141,Toronto Blue Jays,,P,2026,,,,,,,,,,,,,,,,,,,,,,,,,,,,,,,,,,,,,,,,,,,,,,,,,2025
688883,Peyton Pallette,114,Cleveland Guardians,,P,2026,,,,,,,,,,,,,,,,,,,,,,,,,,,,,,,,,,,,,,,,,,,,,,,,,2025
680694,Kyle Bradish,110,Baltimore Orioles,,P,2026,,,,,,,,,,,,,,,,,,,,,,,,,,,,,,,,,,,,,,,,,,,,,,,,,2025
518886,Craig Kimbrel,121,New York Mets,,P,2026,,,,,,,,,,,,,,,,,,,,,,,,,,,,,,,,,,,,,,,,,,,,,,,,,2025
680700,Richie Palacios,139,Tampa Bay Rays,,2B,2026,66.0,52.0,10.0,1.0,0.0,1.0,10.0,0.0,14.0,3.0,1.0,0.0,14.0,5.0,0.0,.192,.348,.269,.617,.237,52.00,261.0,14.0,15.0,48.0,42.0,14.0,2.0,0.0,1.0,5.0,0.0,9.0,0.0,1.0,0.0,19.0,3.0,3.0,.333,.396,.452,.848,.394,42.00,190.0,11.0,9.0,2025
699134,Bradgley Rodriguez,135,San Diego Padres,,P,2026,,,,,,,,,,,,,,,,,,,,,,,,,,,,,,,,,,,,,,,,,,,,,,,,,2025
572143,Burch Smith,116,Detroit Tigers,,P,2026,,,,,,,,,,,,,,,,,,,,,,,,,,,,,,,,,,,,,,,,,,,,,,,,,2025
676609,José Caballero,147,New York Yankees,,SS,2026,136.0,126.0,32.0,6.0,0.0,4.0,6.0,0.0,27.0,4.0,0.0,0.0,50.0,13.0,6.0,.254,.309,.397,.706,.295,31.50,530.0,40.0,27.0,370.0,314.0,74.0,18.0,1.0,5.0,47.0,0.0,98.0,3.0,2.0,4.0,109.0,36.0,1.0,.236,.339,.347,.686,.324,62.80,1501.0,61.0,87.0,2025
672515,Gabriel Moreno,109,Arizona Diamondbacks,,C,2026,62.0,57.0,14.0,6.0,0.0,1.0,3.0,0.0,14.0,1.0,1.0,0.0,23.0,8.0,0.0,.246,.290,.404,.694,.302,57.00,267.0,11.0,19.0,309.0,277.0,79.0,12.0,1.0,9.0,29.0,3.0,53.0,1.0,2.0,0.0,120.0,40.0,6.0,.285,.353,.433,.786,.323,30.78,1314.0,60.0,87.0,2025
676617,Riley O'Brien,138,St. Louis Cardinals,,P,2026,,,,,,,,,,,,,,,,,,,,,,,,,,,,,,,,,,,,,,,,,,,,,,,,,2025
592626,Joc Pederson,140,Texas Rangers,,1B,2026,98.0,82.0,17.0,1.0,0.0,2.0,12.0,0.0,23.0,1.0,3.0,0.0,24.0,7.0,4.0,.207,.306,.293,.599,.250,41.00,391.0,18.0,27.0,306.0,265.0,48.0,10.0,1.0,9.0,34.0,0.0,65.0,5.0,1.0,0.0,87.0,26.0,5.0,.181,.285,.328,.613,.203,29.44,1237.0,68.0,85.0,2025
678662,Ezequiel Tovar,115,Colorado Rockies,,SS,2026,139.0,129.0,24.0,8.0,0.0,1.0,7.0,0.0,39.0,2.0,1.0,0.0,35.0,9.0,1.0,.186,.237,.271,.508,.256,129.00,534.0,29.0,38.0,390.0,360.0,91.0,18.0,4.0,9.0,21.0,0.0,98.0,1.0,2.0,6.0,144.0,33.0,2.0,.253,.294,.400,.694,.322,40.00,1469.0,76.0,103.0,2025
543510,James McCann,109,Arizona Diamondbacks,,C,2026,54.0,52.0,10.0,3.0,0.0,0.0,1.0,0.0,17.0,0.0,0.0,1.0,13.0,6.0,3.0,.192,.208,.250,.458,.286,-.--,214.0,16.0,10.0,137.0,123.0,32.0,6.0,0.0,5.0,8.0,0.0,33.0,4.0,1.0,1.0,53.0,17.0,3.0,.260,.324,.431,.755,.314,24.60,507.0,34.0,26.0,2025
680728,Adrian Del Castillo,109,Arizona Diamondbacks,,C,2026,77.0,73.0,16.0,3.0,0.0,3.0,3.0,0.0,24.0,0.0,1.0,0.0,28.0,16.0,3.0,.219,.247,.384,.631,.277,24.33,323.0,17.0,17.0,131.0,120.0,29.0,6.0,0.0,4.0,8.0,0.0,47.0,1.0,2.0,0.0,47.0,17.0,2.0,.242,.290,.392,.682,.352,30.00,535.0,16.0,30.0,2025
592663,J.T. Realmuto,143,Philadelphia Phillies,,C,2026,76.0,68.0,18.0,3.0,0.0,1.0,5.0,0.0,12.0,2.0,1.0,0.0,24.0,7.0,1.0,.265,.329,.353,.682,.304,68.00,301.0,18.0,21.0,550.0,502.0,129.0,26.0,1.0,12.0,35.0,1.0,129.0,9.0,3.0,0.0,193.0,52.0,13.0,.257,.315,.384,.699,.321,41.83,2196.0,124.0,123.0,2025
680732,Sean Burke,145,Chicago White Sox,,P,2026,,,,,,,,,,,,,,,,,,,,,,,,,,,,,,,,,,,,,,,,,,,,,,,,,2025
666397,Edouard Julien,115,Colorado Rockies,,2B,2026,112.0,97.0,26.0,3.0,1.0,2.0,14.0,0.0,31.0,1.0,0.0,0.0,37.0,12.0,4.0,.268,.366,.381,.747,.375,48.50,471.0,24.0,16.0,208.0,182.0,40.0,10.0,0.0,3.0,22.0,0.0,61.0,2.0,1.0,1.0,59.0,12.0,3.0,.220,.309,.324,.633,.311,60.67,876.0,50.0,33.0,2025
807712,Luke Keaschall,142,Minnesota Twins,,2B,2026,155.0,137.0,32.0,8.0,0.0,1.0,15.0,1.0,23.0,1.0,2.0,0.0,43.0,15.0,2.0,.234,.310,.314,.624,.270,137.00,601.0,35.0,49.0,207.0,182.0,55.0,14.0,0.0,4.0,19.0,0.0,29.0,5.0,1.0,0.0,81.0,28.0,4.0,.302,.382,.445,.827,.340,45.50,774.0,49.0,50.0,2025
807713,Matt Shaw,112,Chicago Cubs,,RF,2026,88.0,81.0,23.0,6.0,0.0,3.0,5.0,0.0,16.0,0.0,1.0,1.0,38.0,10.0,1.0,.284,.322,.469,.791,.317,27.00,353.0,17.0,27.0,437.0,393.0,89.0,21.0,3.0,13.0,38.0,0.0,94.0,2.0,4.0,0.0,155.0,44.0,2.0,.226,.295,.394,.689,.262,30.23,1720.0,93.0,121.0,2025
680736,Justin Wrobleski,119,Los Angeles Dodgers,,P,2026,,,,,,,,,,,,,,,,,,,,,,,,,,,,,,,,,,,,,,,,,,,,,,,,,2025
690976,Alex Freeland,119,Los Angeles Dodgers,,2B,2026,105.0,91.0,23.0,4.0,0.0,2.0,11.0,0.0,28.0,0.0,1.0,2.0,33.0,8.0,2.0,.253,.330,.363,.693,.339,45.50,423.0,29.0,14.0,97.0,84.0,16.0,2.0,1.0,2.0,11.0,0.0,35.0,1.0,0.0,1.0,26.0,6.0,3.0,.190,.292,.310,.602,.298,42.00,429.0,13.0,21.0,2025
690984,Petey Halpin,114,Cleveland Guardians,,CF,2026,14.0,13.0,2.0,0.0,0.0,0.0,1.0,0.0,3.0,0.0,0.0,0.0,2.0,1.0,0.0,.154,.214,.154,.368,.200,-.--,66.0,2.0,6.0,8.0,6.0,2.0,0.0,0.0,0.0,2.0,0.0,2.0,0.0,0.0,0.0,2.0,0.0,0.0,.333,.500,.333,.833,.500,-.--,33.0,1.0,1.0,2025
680742,Jonathan Bowlan,143,Philadelphia Phillies,,P,2026,,,,,,,,,,,,,,,,,,,,,,,,,,,,,,,,,,,,,,,,,,,,,,,,,2025
680744,Ty Madden,116,Detroit Tigers,,P,2026,,,,,,,,,,,,,,,,,,,,,,,,,,,,,,,,,,,,,,,,,,,,,,,,,2025
660271,Shohei Ohtani,119,Los Angeles Dodgers,,TWP,2026,163.0,129.0,32.0,7.0,0.0,6.0,27.0,6.0,37.0,4.0,2.0,0.0,57.0,15.0,3.0,.248,.389,.442,.831,.295,21.50,622.0,30.0,32.0,727.0,611.0,172.0,25.0,9.0,55.0,109.0,20.0,187.0,3.0,2.0,0.0,380.0,102.0,9.0,.282,.392,.622,1.014,.315,11.11,2865.0,120.0,134.0,2025
690993,Colt Keith,116,Detroit Tigers,,3B,2026,111.0,104.0,34.0,7.0,0.0,0.0,6.0,0.0,21.0,1.0,0.0,0.0,41.0,6.0,2.0,.327,.369,.394,.763,.410,-.--,403.0,23.0,26.0,468.0,414.0,106.0,22.0,2.0,13.0,48.0,1.0,102.0,2.0,4.0,0.0,171.0,45.0,7.0,.256,.333,.413,.746,.307,31.85,1826.0,87.0,123.0,2025
680757,Steven Kwan,114,Cleveland Guardians,,CF,2026,158.0,137.0,29.0,5.0,0.0,1.0,17.0,1.0,18.0,2.0,1.0,1.0,37.0,9.0,4.0,.212,.306,.270,.576,.235,137.00,610.0,43.0,49.0,693.0,625.0,170.0,29.0,1.0,11.0,55.0,2.0,60.0,3.0,7.0,3.0,234.0,56.0,3.0,.272,.330,.374,.704,.283,56.82,2786.0,167.0,238.0,2025
680755,Braydon Fisher,141,Toronto Blue Jays,,P,2026,,,,,,,,,,,,,,,,,,,,,,,,,,,,,,,,,,,,,,,,,,,,,,,,,2025
680767,Victor Vodnik,115,Colorado Rockies,,P,2026,0.0,0.0,0.0,0.0,0.0,0.0,0.0,0.0,0.0,0.0,0.0,0.0,0.0,0.0,0.0,.000,.000,.000,.000,.---,-.--,0.0,0.0,0.0,0.0,0.0,0.0,0.0,0.0,0.0,0.0,0.0,0.0,0.0,0.0,0.0,0.0,0.0,0.0,.000,.000,.000,.000,.---,-.--,0.0,0.0,0.0,2025
690997,Nolan McLean,121,New York Mets,,P,2026,,,,,,,,,,,,,,,,,,,,,,,,,,,,,,,,,,,,,,,,,,,,,,,,,2025
641857,Ryan McMahon,147,New York Yankees,,3B,2026,106.0,94.0,21.0,3.0,0.0,3.0,12.0,0.0,32.0,0.0,0.0,0.0,33.0,12.0,3.0,.223,.311,.351,.662,.305,31.33,435.0,18.0,23.0,586.0,509.0,109.0,23.0,1.0,20.0,70.0,1.0,189.0,4.0,3.0,0.0,194.0,53.0,7.0,.214,.312,.381,.693,.294,25.45,2500.0,106.0,108.0,2025
690986,Kyle Harrison,158,Milwaukee Brewers,,P,2026,,,,,,,,,,,,,,,,,,,,,,,,,,,,,,,,,,,,,,,,,,,,,,,,,2025
641835,Tim Mayza,143,Philadelphia Phillies,,P,2026,,,,,,,,,,,,,,,,,,,,,,,,,,,,,,,,,,,,,,,,,,,,,,,,,2025
682818,Yohendrick Piñango,141,Toronto Blue Jays,,LF,2026,26.0,25.0,10.0,1.0,0.0,0.0,1.0,0.0,3.0,0.0,0.0,0.0,11.0,4.0,0.0,.400,.423,.440,.863,.455,-.--,91.0,7.0,5.0,,,,,,,,,,,,,,,,,,,,,,,,,2025
691011,Drew Romo,145,Chicago White Sox,,C,2026,25.0,16.0,3.0,0.0,0.0,3.0,8.0,0.0,3.0,1.0,0.0,0.0,12.0,4.0,0.0,.188,.480,.750,1.230,.000,5.33,100.0,6.0,4.0,3.0,3.0,0.0,0.0,0.0,0.0,0.0,0.0,3.0,0.0,0.0,0.0,0.0,0.0,0.0,.000,.000,.000,.000,.---,-.--,12.0,0.0,0.0,2025
621381,Matt Strahm,118,Kansas City Royals,,P,2026,,,,,,,,,,,,,,,,,,,,,,,,,,,,,,,,,,,,,,,,,,,,,,,,,2025
672580,Maikel Garcia,118,Kansas City Royals,,3B,2026,158.0,141.0,38.0,10.0,1.0,3.0,15.0,0.0,26.0,0.0,2.0,0.0,59.0,14.0,2.0,.270,.335,.418,.753,.307,47.00,602.0,32.0,47.0,666.0,595.0,170.0,39.0,5.0,16.0,62.0,0.0,84.0,1.0,5.0,3.0,267.0,74.0,14.0,.286,.351,.449,.800,.308,37.19,2519.0,168.0,181.0,2025
607043,Brandon Nimmo,140,Texas Rangers,,RF,2026,157.0,138.0,41.0,7.0,1.0,4.0,15.0,1.0,30.0,3.0,1.0,0.0,62.0,12.0,3.0,.297,.376,.449,.825,.352,34.50,598.0,33.0,35.0,652.0,587.0,154.0,27.0,0.0,25.0,50.0,1.0,141.0,7.0,7.0,1.0,256.0,92.0,8.0,.262,.324,.436,.760,.301,23.48,2602.0,149.0,151.0,2025
691016,Tyler Soderstrom,133,Athletics,,LF,2026,151.0,132.0,29.0,11.0,1.0,5.0,18.0,1.0,31.0,0.0,1.0,0.0,57.0,20.0,4.0,.220,.311,.432,.743,.247,26.40,550.0,38.0,35.0,624.0,561.0,155.0,34.0,1.0,25.0,55.0,2.0,141.0,6.0,2.0,0.0,266.0,93.0,18.0,.276,.346,.474,.820,.327,22.44,2227.0,153.0,114.0,2025
621383,Tanner Banks,143,Philadelphia Phillies,,P,2026,,,,,,,,,,,,,,,,,,,,,,,,,,,,,,,,,,,,,,,,,,,,,,,,,2025
680776,Jarren Duran,111,Boston Red Sox,,LF,2026,141.0,130.0,25.0,6.0,0.0,4.0,10.0,0.0,38.0,1.0,0.0,0.0,43.0,18.0,1.0,.192,.255,.331,.586,.239,32.50,515.0,36.0,31.0,696.0,620.0,159.0,41.0,13.0,16.0,60.0,1.0,169.0,12.0,3.0,1.0,274.0,84.0,6.0,.256,.332,.442,.774,.326,38.75,2624.0,137.0,159.0,2025
680777,Ryan Jeffers,142,Minnesota Twins,,C,2026,116.0,96.0,29.0,5.0,1.0,5.0,17.0,0.0,20.0,1.0,1.0,0.0,51.0,22.0,1.0,.302,.409,.531,.940,.333,19.20,504.0,17.0,32.0,464.0,406.0,108.0,26.0,0.0,9.0,50.0,1.0,91.0,7.0,1.0,0.0,161.0,47.0,9.0,.266,.356,.397,.753,.322,45.11,1879.0,91.0,117.0,2025
691026,Masyn Winn,138,St. Louis Cardinals,,SS,2026,137.0,121.0,32.0,6.0,2.0,1.0,12.0,0.0,26.0,3.0,1.0,0.0,45.0,15.0,1.0,.264,.343,.372,.715,.326,121.00,565.0,31.0,33.0,537.0,491.0,124.0,27.0,0.0,9.0,34.0,0.0,102.0,8.0,2.0,2.0,178.0,51.0,11.0,.253,.310,.363,.673,.301,54.56,2256.0,107.0,162.0,2025
623437,Justin Topa,142,Minnesota Twins,,P,2026,,,,,,,,,,,,,,,,,,,,,,,,,,,,,,,,,,,,,,,,,,,,,,,,,2025
682842,Abner Uribe,158,Milwaukee Brewers,,P,2026,,,,,,,,,,,,,,,,,,,,,,,,,,,,,,,,,,,,,,,,,,,,,,,,,2025
691023,Jordan Walker,138,St. Louis Cardinals,,RF,2026,154.0,136.0,42.0,8.0,0.0,10.0,16.0,0.0,43.0,1.0,1.0,0.0,80.0,27.0,2.0,.309,.383,.588,.971,.381,13.60,571.0,24.0,28.0,396.0,363.0,78.0,13.0,1.0,6.0,29.0,1.0,126.0,3.0,1.0,0.0,111.0,41.0,9.0,.215,.278,.306,.584,.310,60.50,1541.0,75.0,85.0,2025
607067,Colin Rea,112,Chicago Cubs,,P,2026,,,,,,,,,,,,,,,,,,,,,,,,,1.0,1.0,0.0,0.0,0.0,0.0,0.0,0.0,1.0,0.0,0.0,0.0,0.0,0.0,0.0,.000,.000,.000,.000,.---,-.--,5.0,0.0,0.0,2025
623454,Drew Anderson,116,Detroit Tigers,,P,2026,,,,,,,,,,,,,,,,,,,,,,,,,,,,,,,,,,,,,,,,,,,,,,,,,2025
445276,Kenley Jansen,116,Detroit Tigers,,P,2026,,,,,,,,,,,,,,,,,,,,,,,,,0.0,0.0,0.0,0.0,0.0,0.0,0.0,0.0,0.0,0.0,0.0,0.0,0.0,0.0,0.0,.000,.000,.000,.000,.---,-.--,0.0,0.0,0.0,2025
656222,Jalen Beeks,140,Texas Rangers,,P,2026,,,,,,,,,,,,,,,,,,,,,,,,,,,,,,,,,,,,,,,,,,,,,,,,,2025
686948,Drake Baldwin,144,Atlanta Braves,,C,2026,174.0,155.0,47.0,5.0,0.0,9.0,16.0,1.0,35.0,3.0,0.0,0.0,79.0,30.0,5.0,.303,.379,.510,.889,.342,17.22,669.0,40.0,33.0,446.0,405.0,111.0,18.0,2.0,19.0,38.0,0.0,68.0,3.0,0.0,0.0,190.0,80.0,9.0,.274,.341,.469,.810,.289,21.32,1750.0,131.0,95.0,2025
594798,Jacob deGrom,140,Texas Rangers,,P,2026,,,,,,,,,,,,,,,,,,,,,,,,,,,,,,,,,,,,,,,,,,,,,,,,,2025
656234,Jake Bird,147,New York Yankees,,P,2026,,,,,,,,,,,,,,,,,,,,,,,,,0.0,0.0,0.0,0.0,0.0,0.0,0.0,0.0,0.0,0.0,0.0,0.0,0.0,0.0,0.0,.000,.000,.000,.000,.---,-.--,0.0,0.0,0.0,2025
623474,Jimmy Herget,115,Colorado Rockies,,P,2026,,,,,,,,,,,,,,,,,,,,,,,,,,,,,,,,,,,,,,,,,,,,,,,,,2025
686973,Louis Varland,141,Toronto Blue Jays,,P,2026,,,,,,,,,,,,,,,,,,,,,,,,,,,,,,,,,,,,,,,,,,,,,,,,,2025
807799,Masataka Yoshida,111,Boston Red Sox,,LF,2026,73.0,61.0,18.0,4.0,0.0,0.0,11.0,0.0,8.0,1.0,0.0,0.0,22.0,5.0,0.0,.295,.411,.361,.772,.340,-.--,269.0,23.0,12.0,205.0,188.0,50.0,11.0,0.0,4.0,10.0,0.0,24.0,3.0,4.0,0.0,73.0,26.0,3.0,.266,.307,.388,.695,.280,47.00,715.0,73.0,45.0,2025
621438,Tyrone Taylor,121,New York Mets,,RF,2026,70.0,65.0,13.0,1.0,0.0,2.0,2.0,0.0,11.0,0.0,0.0,3.0,20.0,10.0,0.0,.200,.224,.308,.532,.212,32.50,257.0,16.0,28.0,341.0,310.0,69.0,18.0,3.0,2.0,16.0,1.0,76.0,9.0,2.0,3.0,99.0,27.0,4.0,.223,.279,.319,.598,.286,155.00,1246.0,63.0,107.0,2025
621439,Byron Buxton,142,Minnesota Twins,,CF,2026,161.0,148.0,36.0,5.0,1.0,11.0,10.0,0.0,41.0,2.0,1.0,0.0,76.0,17.0,0.0,.243,.298,.514,.812,.258,13.46,572.0,17.0,55.0,542.0,488.0,129.0,21.0,7.0,35.0,41.0,5.0,148.0,7.0,6.0,0.0,269.0,83.0,0.0,.264,.327,.551,.878,.302,13.94,2028.0,84.0,133.0,2025
592773,Ryne Stanek,138,St. Louis Cardinals,,P,2026,,,,,,,,,,,,,,,,,,,,,,,,,0.0,0.0,0.0,0.0,0.0,0.0,0.0,0.0,0.0,0.0,0.0,0.0,0.0,0.0,0.0,.000,.000,.000,.000,.---,-.--,0.0,0.0,0.0,2025
592779,Brock Stewart,119,Los Angeles Dodgers,,P,2026,,,,,,,,,,,,,,,,,,,,,,,,,,,,,,,,,,,,,,,,,,,,,,,,,2025
641927,Bailey Ober,142,Minnesota Twins,,P,2026,,,,,,,,,,,,,,,,,,,,,,,,,,,,,,,,,,,,,,,,,,,,,,,,,2025
641933,Tyler O'Neill,110,Baltimore Orioles,,RF,2026,60.0,50.0,10.0,0.0,0.0,1.0,8.0,0.0,13.0,2.0,0.0,0.0,13.0,5.0,0.0,.200,.333,.260,.593,.250,50.00,236.0,9.0,18.0,209.0,181.0,36.0,6.0,1.0,9.0,22.0,1.0,51.0,3.0,3.0,0.0,71.0,26.0,2.0,.199,.292,.392,.684,.218,20.11,821.0,35.0,62.0,2025
502671,Paul Goldschmidt,147,New York Yankees,,1B,2026,57.0,49.0,10.0,4.0,1.0,2.0,7.0,0.0,13.0,1.0,0.0,0.0,22.0,7.0,0.0,.204,.316,.449,.765,.235,24.50,230.0,14.0,12.0,534.0,489.0,134.0,31.0,1.0,10.0,36.0,5.0,100.0,4.0,2.0,0.0,197.0,45.0,8.0,.274,.328,.403,.731,.325,48.90,2092.0,113.0,144.0,2025
553869,Elias Díaz,118,Kansas City Royals,,C,2026,15.0,14.0,4.0,2.0,0.0,1.0,1.0,0.0,1.0,0.0,0.0,0.0,9.0,3.0,0.0,.286,.333,.643,.976,.250,14.00,54.0,4.0,5.0,283.0,255.0,52.0,7.0,0.0,9.0,21.0,0.0,74.0,2.0,0.0,5.0,86.0,29.0,11.0,.204,.270,.337,.607,.250,28.33,1055.0,51.0,83.0,2025
592791,Jameson Taillon,112,Chicago Cubs,,P,2026,,,,,,,,,,,,,,,,,,,,,,,,,,,,,,,,,,,,,,,,,,,,,,,,,2025
805779,Jacob Wilson,133,Athletics,,SS,2026,157.0,151.0,44.0,8.0,0.0,3.0,4.0,0.0,17.0,0.0,1.0,1.0,61.0,18.0,4.0,.291,.308,.404,.712,.311,50.33,522.0,53.0,39.0,523.0,486.0,151.0,26.0,0.0,13.0,27.0,1.0,39.0,7.0,1.0,2.0,216.0,63.0,16.0,.311,.355,.444,.799,.317,37.38,1735.0,179.0,120.0,2025
676760,Ron Marinaccio,135,San Diego Padres,,P,2026,,,,,,,,,,,,,,,,,,,,,,,,,,,,,,,,,,,,,,,,,,,,,,,,,2025
680869,Zack Gelof,133,Athletics,,CF,2026,57.0,52.0,14.0,2.0,1.0,3.0,3.0,0.0,14.0,0.0,0.0,2.0,27.0,10.0,1.0,.269,.309,.519,.828,.314,17.33,215.0,12.0,14.0,101.0,92.0,16.0,3.0,0.0,2.0,7.0,0.0,46.0,0.0,1.0,1.0,25.0,7.0,0.0,.174,.230,.272,.502,.311,46.00,416.0,12.0,20.0,2025
656288,Griffin Canning,135,San Diego Padres,,P,2026,,,,,,,,,,,,,,,,,,,,,,,,,,,,,,,,,,,,,,,,,,,,,,,,,2025
686993,Justin Sterner,133,Athletics,,P,2026,,,,,,,,,,,,,,,,,,,,,,,,,,,,,,,,,,,,,,,,,,,,,,,,,2025
805808,Kevin McGonigle,116,Detroit Tigers,,SS,2026,158.0,137.0,41.0,11.0,2.0,2.0,20.0,0.0,20.0,1.0,0.0,0.0,62.0,16.0,0.0,.299,.392,.453,.845,.339,68.50,655.0,22.0,54.0,,,,,,,,,,,,,,,,,,,,,,,,,2025
672695,Geraldo Perdomo,109,Arizona Diamondbacks,,SS,2026,137.0,111.0,26.0,5.0,3.0,2.0,22.0,0.0,17.0,0.0,2.0,2.0,43.0,11.0,5.0,.234,.356,.387,.743,.255,55.50,590.0,41.0,31.0,720.0,597.0,173.0,33.0,5.0,20.0,94.0,1.0,83.0,10.0,11.0,8.0,276.0,100.0,11.0,.290,.389,.462,.851,.303,29.85,3007.0,167.0,193.0,2025
695243,Mason Miller,135,San Diego Padres,,P,2026,,,,,,,,,,,,,,,,,,,,,,,,,,,,,,,,,,,,,,,,,,,,,,,,,2025
656302,Dylan Cease,141,Toronto Blue Jays,,P,2026,,,,,,,,,,,,,,,,,,,,,,,,,,,,,,,,,,,,,,,,,,,,,,,,,2025
621493,Taylor Ward,110,Baltimore Orioles,,LF,2026,170.0,133.0,37.0,13.0,0.0,1.0,35.0,0.0,29.0,1.0,1.0,0.0,53.0,12.0,1.0,.278,.429,.398,.827,.346,133.00,756.0,32.0,36.0,663.0,579.0,132.0,31.0,2.0,36.0,75.0,1.0,175.0,3.0,6.0,0.0,275.0,103.0,13.0,.228,.317,.475,.792,.257,16.08,2788.0,112.0,166.0,2025
605135,Chris Bassitt,110,Baltimore Orioles,,P,2026,,,,,,,,,,,,,,,,,,,,,,,,,,,,,,,,,,,,,,,,,,,,,,,,,2025
605137,Josh Bell,142,Minnesota Twins,,1B,2026,145.0,129.0,28.0,6.0,0.0,3.0,14.0,0.0,26.0,1.0,1.0,0.0,43.0,19.0,3.0,.217,.297,.333,.630,.248,43.00,559.0,31.0,45.0,533.0,468.0,111.0,16.0,1.0,22.0,57.0,1.0,88.0,5.0,3.0,0.0,195.0,63.0,15.0,.237,.325,.417,.742,.247,21.27,2102.0,137.0,135.0,2025
687064,Brandon Young,110,Baltimore Orioles,,P,2026,,,,,,,,,,,,,,,,,,,,,,,,,,,,,,,,,,,,,,,,,,,,,,,,,2025
672724,Oswald Peraza,108,Los Angeles Angels,,2B,2026,107.0,97.0,27.0,5.0,0.0,4.0,7.0,0.0,26.0,2.0,0.0,1.0,44.0,9.0,3.0,.278,.340,.454,.794,.343,24.25,399.0,26.0,19.0,265.0,244.0,40.0,6.0,0.0,5.0,17.0,0.0,80.0,2.0,1.0,0.0,61.0,20.0,6.0,.164,.223,.250,.473,.219,48.80,1005.0,70.0,55.0,2025
605130,Scott Barlow,133,Athletics,,P,2026,,,,,,,,,,,,,,,,,,,,,,,,,,,,,,,,,,,,,,,,,,,,,,,,,2025
607192,Tyler Glasnow,119,Los Angeles Dodgers,,P,2026,,,,,,,,,,,,,,,,,,,,,,,,,,,,,,,,,,,,,,,,,,,,,,,,,2025
678882,Ceddanne Rafaela,111,Boston Red Sox,,CF,2026,135.0,122.0,33.0,4.0,2.0,2.0,8.0,0.0,30.0,5.0,0.0,0.0,47.0,15.0,6.0,.270,.341,.385,.726,.344,61.00,504.0,30.0,29.0,587.0,546.0,136.0,34.0,4.0,16.0,28.0,0.0,117.0,8.0,2.0,3.0,226.0,63.0,9.0,.249,.295,.414,.709,.289,34.12,2128.0,139.0,159.0,2025
519141,Drew Pomeranz,108,Los Angeles Angels,,P,2026,,,,,,,,,,,,,,,,,,,,,,,,,,,,,,,,,,,,,,,,,,,,,,,,,2025
687075,Brandon Sproat,158,Milwaukee Brewers,,P,2026,,,,,,,,,,,,,,,,,,,,,,,,,,,,,,,,,,,,,,,,,,,,,,,,,2025
607208,Trea Turner,143,Philadelphia Phillies,,SS,2026,165.0,153.0,36.0,7.0,0.0,4.0,12.0,0.0,34.0,0.0,0.0,0.0,55.0,12.0,3.0,.235,.291,.359,.650,.278,38.25,629.0,37.0,46.0,639.0,589.0,179.0,31.0,7.0,15.0,43.0,1.0,107.0,5.0,2.0,0.0,269.0,69.0,11.0,.304,.355,.457,.812,.350,39.27,2407.0,159.0,146.0,2025
691176,Jasson Domínguez,147,New York Yankees,,LF,2026,32.0,30.0,6.0,2.0,0.0,1.0,1.0,0.0,4.0,1.0,0.0,0.0,11.0,4.0,0.0,.200,.250,.367,.617,.200,30.00,111.0,12.0,8.0,429.0,381.0,98.0,18.0,1.0,10.0,41.0,1.0,115.0,3.0,4.0,0.0,148.0,47.0,5.0,.257,.331,.388,.719,.338,38.10,1692.0,80.0,92.0,2025
682985,Riley Greene,116,Detroit Tigers,,LF,2026,157.0,135.0,40.0,10.0,0.0,4.0,22.0,0.0,44.0,0.0,0.0,0.0,62.0,19.0,2.0,.296,.395,.459,.854,.414,33.75,670.0,25.0,26.0,655.0,600.0,155.0,31.0,1.0,36.0,46.0,1.0,201.0,4.0,5.0,0.0,296.0,111.0,14.0,.258,.313,.493,.806,.323,16.67,2706.0,118.0,131.0,2025
457705,Andrew McCutchen,140,Texas Rangers,,LF,2026,58.0,52.0,12.0,2.0,0.0,1.0,5.0,0.0,19.0,0.0,1.0,0.0,17.0,5.0,0.0,.231,.293,.327,.620,.333,52.00,261.0,9.0,13.0,551.0,477.0,114.0,22.0,0.0,13.0,67.0,5.0,118.0,2.0,3.0,0.0,175.0,57.0,12.0,.239,.333,.367,.700,.289,36.69,2267.0,118.0,130.0,2025
605170,Victor Caratini,142,Minnesota Twins,,C,2026,105.0,87.0,18.0,1.0,0.0,1.0,9.0,0.0,19.0,5.0,4.0,0.0,22.0,13.0,3.0,.207,.305,.253,.558,.239,87.00,389.0,28.0,26.0,386.0,344.0,89.0,14.0,0.0,12.0,23.0,0.0,65.0,13.0,6.0,0.0,139.0,46.0,8.0,.259,.324,.404,.728,.282,28.67,1417.0,93.0,103.0,2025
687093,Vaughn Grissom,108,Los Angeles Angels,,2B,2026,64.0,53.0,14.0,4.0,0.0,1.0,8.0,0.0,5.0,0.0,2.0,0.0,21.0,7.0,2.0,.264,.349,.396,.745,.265,53.00,231.0,19.0,17.0,,,,,,,,,,,,,,,,,,,,,,,,,2025
625643,Reynaldo López,144,Atlanta Braves,,P,2026,0.0,0.0,0.0,0.0,0.0,0.0,0.0,0.0,0.0,0.0,0.0,0.0,0.0,0.0,0.0,.000,.000,.000,.000,.---,-.--,0.0,0.0,0.0,,,,,,,,,,,,,,,,,,,,,,,,,2025
683002,Gunnar Henderson,110,Baltimore Orioles,,SS,2026,173.0,159.0,32.0,6.0,1.0,9.0,12.0,0.0,54.0,1.0,1.0,0.0,67.0,20.0,1.0,.201,.260,.421,.681,.237,17.67,694.0,33.0,41.0,651.0,577.0,158.0,34.0,5.0,17.0,62.0,6.0,137.0,7.0,5.0,0.0,253.0,68.0,7.0,.274,.349,.438,.787,.329,33.94,2506.0,161.0,126.0,2025
607200,Erick Fedde,145,Chicago White Sox,,P,2026,,,,,,,,,,,,,,,,,,,,,,,,,,,,,,,,,,,,,,,,,,,,,,,,,2025
672761,Wenceel Pérez,116,Detroit Tigers,,RF,2026,70.0,65.0,10.0,1.0,0.0,2.0,5.0,0.0,8.0,0.0,0.0,0.0,17.0,6.0,0.0,.154,.214,.262,.476,.145,32.50,244.0,21.0,26.0,383.0,344.0,84.0,17.0,4.0,13.0,31.0,0.0,87.0,3.0,5.0,0.0,148.0,43.0,5.0,.244,.308,.430,.738,.285,26.46,1534.0,66.0,112.0,2025
689147,Orion Kerkering,143,Philadelphia Phillies,,P,2026,,,,,,,,,,,,,,,,,,,,,,,,,,,,,,,,,,,,,,,,,,,,,,,,,2025
683004,Jack Leiter,140,Texas Rangers,,P,2026,,,,,,,,,,,,,,,,,,,,,,,,,1.0,1.0,0.0,0.0,0.0,0.0,0.0,0.0,1.0,0.0,0.0,0.0,0.0,0.0,0.0,.000,.000,.000,.000,.---,-.--,3.0,0.0,0.0,2025
621566,Matt Olson,144,Atlanta Braves,,1B,2026,170.0,146.0,44.0,15.0,0.0,13.0,22.0,2.0,39.0,0.0,2.0,0.0,98.0,33.0,2.0,.301,.388,.671,1.059,.323,11.23,749.0,30.0,35.0,724.0,624.0,170.0,41.0,2.0,29.0,91.0,2.0,176.0,4.0,5.0,0.0,302.0,95.0,14.0,.272,.366,.484,.850,.333,21.52,3166.0,133.0,150.0,2025
668670,Jake Rogers,116,Detroit Tigers,,C,2026,37.0,33.0,6.0,2.0,1.0,0.0,1.0,0.0,10.0,1.0,2.0,0.0,10.0,4.0,0.0,.182,.216,.303,.519,.240,-.--,143.0,3.0,16.0,142.0,123.0,23.0,5.0,2.0,3.0,15.0,0.0,39.0,1.0,2.0,1.0,41.0,19.0,3.0,.187,.277,.333,.610,.241,41.00,570.0,34.0,30.0,2025
609280,Miguel Andujar,135,San Diego Padres,,3B,2026,99.0,95.0,29.0,7.0,2.0,2.0,3.0,0.0,17.0,1.0,0.0,0.0,46.0,10.0,2.0,.305,.333,.484,.817,.355,47.50,359.0,28.0,21.0,341.0,321.0,102.0,17.0,1.0,10.0,17.0,1.0,49.0,1.0,2.0,0.0,151.0,44.0,8.0,.318,.352,.470,.822,.348,32.10,1214.0,87.0,85.0,2025
668674,Lucas Erceg,118,Kansas City Royals,,P,2026,,,,,,,,,,,,,,,,,,,,,,,,,0.0,0.0,0.0,0.0,0.0,0.0,0.0,0.0,0.0,0.0,0.0,0.0,0.0,0.0,0.0,.000,.000,.000,.000,.---,-.--,0.0,0.0,0.0,2025
668678,Zac Gallen,109,Arizona Diamondbacks,,P,2026,,,,,,,,,,,,,,,,,,,,,,,,,,,,,,,,,,,,,,,,,,,,,,,,,2025
500743,Miguel Rojas,119,Los Angeles Dodgers,,SS,2026,61.0,55.0,15.0,3.0,0.0,1.0,4.0,0.0,8.0,0.0,1.0,1.0,21.0,5.0,3.0,.273,.317,.382,.699,.298,55.00,216.0,19.0,15.0,317.0,290.0,76.0,18.0,0.0,7.0,24.0,1.0,46.0,0.0,0.0,3.0,115.0,27.0,7.0,.262,.318,.397,.715,.291,41.43,1166.0,83.0,88.0,2025
682998,Corbin Carroll,109,Arizona Diamondbacks,,RF,2026,142.0,121.0,32.0,7.0,4.0,5.0,18.0,0.0,37.0,1.0,2.0,0.0,62.0,20.0,1.0,.264,.359,.512,.871,.333,24.20,582.0,27.0,27.0,642.0,564.0,146.0,32.0,17.0,31.0,67.0,4.0,153.0,7.0,4.0,0.0,305.0,84.0,6.0,.259,.343,.541,.884,.299,18.19,2497.0,111.0,158.0,2025
676879,Aaron Ashby,158,Milwaukee Brewers,,P,2026,,,,,,,,,,,,,,,,,,,,,,,,,,,,,,,,,,,,,,,,,,,,,,,,,2025
543760,Marcus Semien,121,New York Mets,,2B,2026,145.0,132.0,30.0,6.0,0.0,2.0,10.0,0.0,28.0,1.0,1.0,1.0,42.0,13.0,2.0,.227,.285,.318,.603,.272,66.00,527.0,27.0,49.0,534.0,470.0,108.0,16.0,1.0,15.0,50.0,0.0,93.0,5.0,9.0,0.0,171.0,62.0,8.0,.230,.305,.364,.669,.251,31.33,2075.0,101.0,177.0,2025
666661,Juan Morillo,109,Arizona Diamondbacks,,P,2026,,,,,,,,,,,,,,,,,,,,,,,,,0.0,0.0,0.0,0.0,0.0,0.0,0.0,0.0,0.0,0.0,0.0,0.0,0.0,0.0,0.0,.000,.000,.000,.000,.---,-.--,0.0,0.0,0.0,2025
642086,Dominic Smith,144,Atlanta Braves,,1B,2026,78.0,71.0,23.0,2.0,0.0,4.0,3.0,0.0,11.0,1.0,2.0,1.0,37.0,18.0,1.0,.324,.351,.521,.872,.328,17.75,271.0,14.0,26.0,225.0,204.0,58.0,12.0,0.0,5.0,15.0,0.0,42.0,2.0,4.0,0.0,85.0,33.0,5.0,.284,.333,.417,.750,.329,40.80,848.0,46.0,62.0,2025
500779,Jose Quintana,115,Colorado Rockies,,P,2026,,,,,,,,,,,,,,,,,,,,,,,,,,,,,,,,,,,,,,,,,,,,,,,,,2025
695336,Thomas Saggese,138,St. Louis Cardinals,,LF,2026,57.0,53.0,9.0,2.0,0.0,0.0,4.0,0.0,19.0,0.0,0.0,0.0,11.0,2.0,2.0,.170,.228,.208,.436,.265,-.--,230.0,12.0,13.0,295.0,275.0,71.0,17.0,0.0,2.0,16.0,0.0,83.0,1.0,2.0,1.0,94.0,25.0,5.0,.258,.299,.342,.641,.359,137.50,1184.0,57.0,67.0,2025
670764,Taylor Walls,139,Tampa Bay Rays,,SS,2026,92.0,76.0,15.0,3.0,0.0,0.0,11.0,0.0,22.0,1.0,0.0,4.0,18.0,6.0,1.0,.197,.307,.237,.544,.278,-.--,370.0,18.0,25.0,317.0,282.0,62.0,14.0,1.0,4.0,26.0,0.0,70.0,0.0,6.0,3.0,90.0,38.0,1.0,.220,.280,.319,.599,.271,70.50,1278.0,70.0,89.0,2025
656427,Jack Flaherty,116,Detroit Tigers,,P,2026,,,,,,,,,,,,,,,,,,,,,,,,,,,,,,,,,,,,,,,,,,,,,,,,,2025
681006,Josh Simpson,136,Seattle Mariners,,P,2026,,,,,,,,,,,,,,,,,,,,,,,,,,,,,,,,,,,,,,,,,,,,,,,,,2025
672820,Lenyn Sosa,141,Toronto Blue Jays,,2B,2026,82.0,80.0,19.0,6.0,0.0,1.0,0.0,0.0,18.0,0.0,1.0,1.0,28.0,9.0,2.0,.238,.235,.350,.585,.290,80.00,302.0,16.0,29.0,544.0,518.0,137.0,20.0,1.0,22.0,18.0,0.0,127.0,4.0,3.0,1.0,225.0,75.0,11.0,.264,.293,.434,.727,.309,23.54,2056.0,95.0,163.0,2025
676914,Davis Schneider,141,Toronto Blue Jays,,LF,2026,67.0,53.0,7.0,3.0,0.0,1.0,14.0,0.0,21.0,0.0,0.0,0.0,13.0,7.0,1.0,.132,.313,.245,.558,.194,53.00,300.0,11.0,14.0,227.0,188.0,44.0,5.0,0.0,11.0,36.0,0.0,60.0,2.0,1.0,0.0,82.0,31.0,4.0,.234,.361,.436,.797,.280,17.09,1012.0,26.0,59.0,2025
668723,Ryan Vilade,139,Tampa Bay Rays,,RF,2026,52.0,47.0,13.0,2.0,0.0,1.0,4.0,0.0,9.0,0.0,0.0,1.0,18.0,9.0,1.0,.277,.333,.383,.716,.324,47.00,217.0,9.0,17.0,15.0,13.0,1.0,0.0,0.0,0.0,2.0,0.0,5.0,0.0,0.0,0.0,1.0,0.0,1.0,.077,.200,.077,.277,.125,-.--,60.0,6.0,1.0,2025
607259,Nick Martinez,139,Tampa Bay Rays,,P,2026,,,,,,,,,,,,,,,,,,,,,,,,,,,,,,,,,,,,,,,,,,,,,,,,,2025
543807,George Springer,141,Toronto Blue Jays,,DH,2026,84.0,74.0,14.0,4.0,0.0,2.0,9.0,0.0,16.0,1.0,0.0,0.0,24.0,7.0,0.0,.189,.286,.324,.610,.214,37.00,319.0,21.0,23.0,586.0,498.0,154.0,27.0,1.0,32.0,69.0,3.0,111.0,8.0,4.0,0.0,279.0,84.0,14.0,.309,.399,.560,.959,.340,15.56,2307.0,105.0,132.0,2025
693307,Dillon Dingler,116,Detroit Tigers,,C,2026,126.0,113.0,28.0,7.0,0.0,6.0,7.0,0.0,23.0,4.0,0.0,0.0,53.0,26.0,5.0,.248,.315,.469,.784,.262,18.83,494.0,30.0,32.0,469.0,435.0,121.0,21.0,2.0,13.0,23.0,2.0,110.0,9.0,1.0,0.0,185.0,57.0,5.0,.278,.327,.425,.752,.345,33.46,1793.0,91.0,114.0,2025
595014,Blake Treinen,119,Los Angeles Dodgers,,P,2026,,,,,,,,,,,,,,,,,,,,,,,,,,,,,,,,,,,,,,,,,,,,,,,,,2025
642121,Cole Sulser,139,Tampa Bay Rays,,P,2026,,,,,,,,,,,,,,,,,,,,,,,,,,,,,,,,,,,,,,,,,,,,,,,,,2025
681035,Christian Scott,121,New York Mets,,P,2026,,,,,,,,,,,,,,,,,,,,,,,,,,,,,,,,,,,,,,,,,,,,,,,,,2025
656464,Kevin Ginkel,109,Arizona Diamondbacks,,P,2026,,,,,,,,,,,,,,,,,,,,,,,,,,,,,,,,,,,,,,,,,,,,,,,,,2025
695391,Brett Harris,133,Athletics,,3B,2026,6.0,4.0,0.0,0.0,0.0,0.0,1.0,0.0,2.0,1.0,0.0,0.0,0.0,0.0,0.0,.000,.333,.000,.333,.000,-.--,22.0,1.0,1.0,84.0,73.0,20.0,5.0,0.0,0.0,7.0,0.0,21.0,2.0,1.0,1.0,25.0,5.0,1.0,.274,.349,.342,.691,.377,-.--,336.0,18.0,16.0,2025
695380,Alex Hoppe,136,Seattle Mariners,,P,2026,,,,,,,,,,,,,,,,,,,,,,,,,,,,,,,,,,,,,,,,,,,,,,,,,2025
646241,Enmanuel De Jesus,116,Detroit Tigers,,P,2026,,,,,,,,,,,,,,,,,,,,,,,,,,,,,,,,,,,,,,,,,,,,,,,,,2025
676962,Ben Brown,112,Chicago Cubs,,P,2026,,,,,,,,,,,,,,,,,,,,,,,,,,,,,,,,,,,,,,,,,,,,,,,,,2025
701538,Jackson Merrill,135,San Diego Padres,,CF,2026,154.0,139.0,32.0,8.0,0.0,4.0,12.0,1.0,36.0,1.0,0.0,2.0,52.0,18.0,4.0,.230,.296,.374,.670,.283,34.75,623.0,39.0,34.0,483.0,440.0,116.0,25.0,6.0,16.0,33.0,1.0,108.0,4.0,5.0,1.0,201.0,67.0,4.0,.264,.317,.457,.774,.312,27.50,1703.0,88.0,134.0,2025
656484,Tristan Gray,142,Minnesota Twins,,3B,2026,68.0,62.0,16.0,1.0,0.0,3.0,3.0,0.0,22.0,1.0,1.0,1.0,26.0,14.0,1.0,.258,.299,.419,.718,.342,20.67,276.0,14.0,12.0,86.0,78.0,18.0,5.0,0.0,3.0,6.0,0.0,19.0,0.0,1.0,1.0,32.0,9.0,0.0,.231,.282,.410,.692,.263,26.00,315.0,16.0,27.0,2025
519242,Chris Sale,144,Atlanta Braves,,P,2026,,,,,,,,,,,,,,,,,,,,,,,,,,,,,,,,,,,,,,,,,,,,,,,,,2025
689254,Mason Fluharty,141,Toronto Blue Jays,,P,2026,,,,,,,,,,,,,,,,,,,,,,,,,,,,,,,,,,,,,,,,,,,,,,,,,2025
605280,Clay Holmes,121,New York Mets,,P,2026,,,,,,,,,,,,,,,,,,,,,,,,,,,,,,,,,,,,,,,,,,,,,,,,,2025
701542,Will Warren,147,New York Yankees,,P,2026,,,,,,,,,,,,,,,,,,,,,,,,,,,,,,,,,,,,,,,,,,,,,,,,,2025
687221,Dalton Rushing,119,Los Angeles Dodgers,,C,2026,65.0,58.0,19.0,2.0,0.0,7.0,4.0,0.0,16.0,3.0,0.0,0.0,42.0,17.0,1.0,.328,.400,.724,1.124,.343,8.29,213.0,9.0,14.0,155.0,142.0,29.0,5.0,0.0,4.0,10.0,0.0,58.0,1.0,2.0,0.0,46.0,24.0,1.0,.204,.258,.324,.582,.305,35.50,600.0,22.0,35.0,2025
681082,Bryson Stott,143,Philadelphia Phillies,,2B,2026,119.0,110.0,23.0,3.0,2.0,3.0,6.0,0.0,22.0,1.0,0.0,2.0,39.0,13.0,2.0,.209,.256,.355,.611,.235,36.67,469.0,33.0,34.0,560.0,499.0,128.0,22.0,3.0,13.0,54.0,1.0,91.0,1.0,4.0,2.0,195.0,66.0,4.0,.257,.328,.391,.719,.288,38.38,2466.0,116.0,170.0,2025
664702,Myles Straw,141,Toronto Blue Jays,,RF,2026,67.0,58.0,18.0,3.0,0.0,2.0,7.0,0.0,7.0,0.0,1.0,1.0,27.0,6.0,1.0,.310,.379,.466,.845,.320,29.00,247.0,16.0,19.0,299.0,267.0,70.0,14.0,1.0,4.0,19.0,0.0,50.0,1.0,1.0,11.0,98.0,32.0,5.0,.262,.313,.367,.680,.308,66.75,1104.0,68.0,91.0,2025
687231,Darell Hernaiz,133,Athletics,,3B,2026,61.0,52.0,11.0,0.0,0.0,1.0,8.0,0.0,10.0,0.0,0.0,1.0,14.0,5.0,0.0,.212,.317,.269,.586,.244,52.00,259.0,10.0,22.0,197.0,173.0,40.0,5.0,1.0,2.0,17.0,0.0,24.0,0.0,5.0,2.0,53.0,16.0,2.0,.231,.292,.306,.598,.250,86.50,712.0,61.0,55.0,2025
689296,Anthony Nunez,110,Baltimore Orioles,,P,2026,,,,,,,,,,,,,,,,,,,,,,,,,,,,,,,,,,,,,,,,,,,,,,,,,2025
547973,Aroldis Chapman,111,Boston Red Sox,,P,2026,0.0,0.0,0.0,0.0,0.0,0.0,0.0,0.0,0.0,0.0,0.0,0.0,0.0,0.0,0.0,.000,.000,.000,.000,.---,-.--,0.0,0.0,0.0,0.0,0.0,0.0,0.0,0.0,0.0,0.0,0.0,0.0,0.0,0.0,0.0,0.0,0.0,0.0,.000,.000,.000,.000,.---,-.--,0.0,0.0,0.0,2025
683146,Brett Baty,121,New York Mets,,RF,2026,118.0,104.0,22.0,5.0,1.0,1.0,10.0,0.0,31.0,1.0,2.0,0.0,32.0,12.0,2.0,.212,.282,.308,.590,.284,104.00,476.0,28.0,25.0,432.0,393.0,100.0,13.0,2.0,18.0,33.0,0.0,108.0,2.0,3.0,0.0,171.0,50.0,6.0,.254,.313,.435,.748,.304,21.83,1753.0,117.0,71.0,2025
642201,Eli White,144,Atlanta Braves,,CF,2026,57.0,54.0,12.0,1.0,1.0,2.0,2.0,0.0,11.0,0.0,1.0,0.0,21.0,9.0,0.0,.222,.246,.389,.635,.238,27.00,214.0,20.0,12.0,271.0,256.0,60.0,8.0,3.0,10.0,11.0,1.0,70.0,2.0,1.0,1.0,104.0,35.0,2.0,.234,.270,.406,.676,.282,25.60,1001.0,61.0,67.0,2025
656537,Derek Hill,145,Chicago White Sox,,RF,2026,49.0,43.0,10.0,0.0,0.0,2.0,5.0,0.0,15.0,0.0,0.0,1.0,16.0,3.0,1.0,.233,.313,.372,.685,.308,21.50,176.0,12.0,7.0,149.0,134.0,29.0,6.0,0.0,3.0,9.0,0.0,48.0,3.0,0.0,3.0,44.0,11.0,3.0,.216,.281,.328,.609,.313,44.67,579.0,32.0,28.0,2025
664728,Kyle Isbel,118,Kansas City Royals,,CF,2026,101.0,88.0,24.0,4.0,0.0,3.0,6.0,0.0,24.0,3.0,0.0,4.0,37.0,8.0,0.0,.273,.340,.420,.760,.344,29.33,375.0,22.0,22.0,409.0,368.0,94.0,16.0,4.0,4.0,23.0,0.0,74.0,2.0,3.0,13.0,130.0,33.0,7.0,.255,.301,.353,.654,.307,92.00,1470.0,119.0,97.0,2025
687263,Zach Neto,108,Los Angeles Angels,,SS,2026,176.0,149.0,33.0,8.0,1.0,6.0,24.0,1.0,55.0,2.0,1.0,0.0,61.0,18.0,0.0,.221,.335,.409,.744,.303,24.83,723.0,24.0,38.0,554.0,502.0,129.0,29.0,1.0,26.0,33.0,6.0,149.0,14.0,3.0,2.0,238.0,62.0,5.0,.257,.319,.474,.793,.312,19.31,2171.0,96.0,133.0,2025
642207,Devin Williams,121,New York Mets,,P,2026,0.0,0.0,0.0,0.0,0.0,0.0,0.0,0.0,0.0,0.0,0.0,0.0,0.0,0.0,0.0,.000,.000,.000,.000,.---,-.--,0.0,0.0,0.0,,,,,,,,,,,,,,,,,,,,,,,,,2025
642152,Lou Trivino,110,Baltimore Orioles,,P,2026,,,,,,,,,,,,,,,,,,,,,,,,,,,,,,,,,,,,,,,,,,,,,,,,,2025
693409,César Prieto,138,St. Louis Cardinals,,2B,2026,1.0,1.0,0.0,0.0,0.0,0.0,0.0,0.0,0.0,0.0,0.0,0.0,0.0,0.0,1.0,.000,.000,.000,.000,.000,-.--,3.0,1.0,0.0,6.0,6.0,1.0,0.0,0.0,0.0,0.0,0.0,5.0,0.0,0.0,0.0,1.0,0.0,0.0,.167,.167,.167,.334,1.000,-.--,25.0,0.0,0.0,2025
656550,Grant Holmes,144,Atlanta Braves,,P,2026,,,,,,,,,,,,,,,,,,,,,,,,,,,,,,,,,,,,,,,,,,,,,,,,,2025
660644,Vidal Bruján,121,New York Mets,,3B,2026,4.0,3.0,0.0,0.0,0.0,0.0,1.0,0.0,0.0,0.0,0.0,0.0,0.0,0.0,0.0,.000,.250,.000,.250,.000,-.--,14.0,0.0,3.0,95.0,87.0,22.0,5.0,0.0,0.0,6.0,0.0,21.0,1.0,1.0,0.0,27.0,8.0,1.0,.253,.305,.310,.615,.328,-.--,345.0,23.0,22.0,2025
642215,Weston Wilson,110,Baltimore Orioles,,3B,2026,21.0,17.0,5.0,1.0,0.0,0.0,3.0,0.0,6.0,1.0,0.0,0.0,6.0,2.0,0.0,.294,.429,.353,.782,.455,-.--,95.0,2.0,4.0,125.0,111.0,22.0,4.0,0.0,5.0,12.0,0.0,34.0,1.0,0.0,1.0,41.0,17.0,1.0,.198,.282,.369,.651,.236,22.20,536.0,30.0,26.0,2025
656555,Rhys Hoskins,114,Cleveland Guardians,,1B,2026,105.0,85.0,17.0,6.0,0.0,3.0,18.0,0.0,30.0,1.0,1.0,0.0,32.0,13.0,3.0,.200,.343,.376,.719,.264,28.33,464.0,17.0,22.0,328.0,279.0,66.0,12.0,1.0,12.0,38.0,2.0,91.0,5.0,6.0,0.0,116.0,43.0,6.0,.237,.332,.416,.748,.297,23.25,1429.0,41.0,87.0,2025
642232,Ryan Yarbrough,147,New York Yankees,,P,2026,,,,,,,,,,,,,,,,,,,,,,,,,,,,,,,,,,,,,,,,,,,,,,,,,2025
664761,Alec Bohm,143,Philadelphia Phillies,,3B,2026,141.0,126.0,20.0,3.0,0.0,1.0,10.0,0.0,22.0,2.0,3.0,0.0,26.0,15.0,1.0,.159,.227,.206,.433,.179,126.00,503.0,46.0,41.0,504.0,464.0,133.0,18.0,3.0,11.0,29.0,0.0,82.0,5.0,6.0,0.0,190.0,59.0,16.0,.287,.331,.409,.740,.324,42.18,1801.0,140.0,115.0,2025
693433,Bryan Woo,136,Seattle Mariners,,P,2026,,,,,,,,,,,,,,,,,,,,,,,,,,,,,,,,,,,,,,,,,,,,,,,,,2025
666808,Camilo Doval,147,New York Yankees,,P,2026,,,,,,,,,,,,,,,,,,,,,,,,,,,,,,,,,,,,,,,,,,,,,,,,,2025
656582,Connor Joe,136,Seattle Mariners,,1B,2026,26.0,23.0,4.0,1.0,0.0,1.0,3.0,0.0,7.0,0.0,0.0,0.0,8.0,3.0,1.0,.174,.269,.348,.617,.200,23.00,113.0,3.0,9.0,80.0,70.0,13.0,4.0,0.0,0.0,7.0,0.0,20.0,1.0,2.0,0.0,17.0,4.0,2.0,.186,.263,.243,.506,.250,-.--,334.0,16.0,23.0,2025
672960,Kazuma Okamoto,141,Toronto Blue Jays,,3B,2026,151.0,134.0,33.0,3.0,0.0,10.0,17.0,0.0,44.0,0.0,0.0,0.0,66.0,23.0,3.0,.246,.331,.493,.824,.288,13.40,653.0,24.0,33.0,,,,,,,,,,,,,,,,,,,,,,,,,2025
691406,Junior Caminero,139,Tampa Bay Rays,,3B,2026,160.0,139.0,36.0,3.0,0.0,10.0,20.0,1.0,27.0,0.0,1.0,0.0,69.0,18.0,5.0,.259,.350,.496,.846,.252,13.90,622.0,44.0,33.0,653.0,602.0,159.0,28.0,0.0,45.0,41.0,1.0,125.0,3.0,7.0,0.0,322.0,110.0,31.0,.264,.311,.535,.846,.260,13.38,2494.0,169.0,156.0,2025
695506,Jac Caglianone,118,Kansas City Royals,,RF,2026,124.0,111.0,27.0,5.0,1.0,4.0,11.0,0.0,38.0,2.0,0.0,0.0,46.0,8.0,1.0,.243,.323,.414,.737,.333,27.75,468.0,28.0,18.0,232.0,210.0,33.0,6.0,1.0,7.0,18.0,0.0,52.0,4.0,0.0,0.0,62.0,18.0,4.0,.157,.237,.295,.532,.172,30.00,858.0,67.0,58.0,2025
668885,Austin Martin,142,Minnesota Twins,,LF,2026,105.0,82.0,26.0,4.0,0.0,1.0,20.0,0.0,15.0,2.0,1.0,0.0,33.0,7.0,2.0,.317,.457,.402,.859,.373,82.00,457.0,18.0,24.0,181.0,156.0,44.0,8.0,1.0,1.0,22.0,0.0,31.0,1.0,0.0,2.0,57.0,7.0,6.0,.282,.374,.365,.739,.347,156.00,749.0,50.0,33.0,2025
656546,Jeff Hoffman,141,Toronto Blue Jays,,P,2026,,,,,,,,,,,,,,,,,,,,,,,,,0.0,0.0,0.0,0.0,0.0,0.0,0.0,0.0,0.0,0.0,0.0,0.0,0.0,0.0,0.0,.000,.000,.000,.000,.---,-.--,0.0,0.0,0.0,2025
701656,Logan Henderson,158,Milwaukee Brewers,,P,2026,,,,,,,,,,,,,,,,,,,,,,,,,,,,,,,,,,,,,,,,,,,,,,,,,2025
607455,Anthony Banda,142,Minnesota Twins,,P,2026,,,,,,,,,,,,,,,,,,,,,,,,,0.0,0.0,0.0,0.0,0.0,0.0,0.0,0.0,0.0,0.0,0.0,0.0,0.0,0.0,0.0,.000,.000,.000,.000,.---,-.--,0.0,0.0,0.0,2025
683232,Nick Mears,118,Kansas City Royals,,P,2026,,,,,,,,,,,,,,,,,,,,,,,,,,,,,,,,,,,,,,,,,,,,,,,,,2025
670950,Trevor Richards,145,Chicago White Sox,,P,2026,,,,,,,,,,,,,,,,,,,,,,,,,0.0,0.0,0.0,0.0,0.0,0.0,0.0,0.0,0.0,0.0,0.0,0.0,0.0,0.0,0.0,.000,.000,.000,.000,.---,-.--,0.0,0.0,0.0,2025
668901,Mark Vientos,121,New York Mets,,1B,2026,104.0,96.0,22.0,4.0,0.0,4.0,7.0,0.0,24.0,0.0,1.0,0.0,38.0,14.0,3.0,.229,.279,.396,.675,.261,24.00,391.0,24.0,27.0,463.0,424.0,99.0,21.0,2.0,17.0,30.0,0.0,115.0,5.0,4.0,0.0,175.0,61.0,11.0,.233,.289,.413,.702,.277,24.94,1764.0,113.0,101.0,2025
687330,Kevin Kelly,139,Tampa Bay Rays,,P,2026,,,,,,,,,,,,,,,,,,,,,,,,,0.0,0.0,0.0,0.0,0.0,0.0,0.0,0.0,0.0,0.0,0.0,0.0,0.0,0.0,0.0,.000,.000,.000,.000,.---,-.--,0.0,0.0,0.0,2025
660710,Rodolfo Durán,135,San Diego Padres,,C,2026,3.0,3.0,0.0,0.0,0.0,0.0,0.0,0.0,0.0,0.0,0.0,0.0,0.0,0.0,0.0,.000,.000,.000,.000,.000,-.--,7.0,1.0,2.0,,,,,,,,,,,,,,,,,,,,,,,,,2025
668904,Royce Lewis,142,Minnesota Twins,,3B,2026,89.0,77.0,13.0,2.0,0.0,3.0,9.0,0.0,27.0,2.0,1.0,0.0,24.0,11.0,1.0,.169,.270,.312,.582,.208,25.67,353.0,15.0,23.0,403.0,376.0,89.0,18.0,0.0,13.0,25.0,0.0,80.0,0.0,2.0,0.0,146.0,52.0,7.0,.237,.283,.388,.671,.267,28.92,1517.0,76.0,133.0,2025
681190,Randy Vásquez,135,San Diego Padres,,P,2026,,,,,,,,,,,,,,,,,,,,,,,,,,,,,,,,,,,,,,,,,,,,,,,,,2025
701675,Nathan Church,138,St. Louis Cardinals,,LF,2026,113.0,105.0,25.0,4.0,0.0,5.0,4.0,0.0,25.0,2.0,2.0,0.0,44.0,16.0,2.0,.238,.274,.419,.693,.260,21.00,392.0,28.0,29.0,65.0,56.0,10.0,1.0,0.0,1.0,3.0,0.0,18.0,3.0,1.0,2.0,14.0,8.0,0.0,.179,.254,.250,.504,.237,56.00,257.0,20.0,11.0,2025
681198,TJ Rumfield,115,Colorado Rockies,,1B,2026,153.0,138.0,38.0,6.0,1.0,5.0,13.0,0.0,23.0,1.0,1.0,0.0,61.0,20.0,1.0,.275,.340,.442,.782,.297,27.60,559.0,45.0,33.0,,,,,,,,,,,,,,,,,,,,,,,,,2025
701678,Hao-Yu  Lee,116,Detroit Tigers,,3B,2026,44.0,41.0,7.0,2.0,0.0,1.0,3.0,0.0,15.0,0.0,0.0,0.0,12.0,5.0,0.0,.171,.227,.293,.520,.240,41.00,169.0,5.0,14.0,,,,,,,,,,,,,,,,,,,,,,,,,2025
605400,Aaron Nola,143,Philadelphia Phillies,,P,2026,,,,,,,,,,,,,,,,,,,,,,,,,,,,,,,,,,,,,,,,,,,,,,,,,2025
685299,Tanner Gordon,115,Colorado Rockies,,P,2026,,,,,,,,,,,,,,,,,,,,,,,,,,,,,,,,,,,,,,,,,,,,,,,,,2025
650490,Yandy Díaz,139,Tampa Bay Rays,,1B,2026,152.0,133.0,43.0,4.0,1.0,5.0,13.0,2.0,17.0,5.0,1.0,0.0,64.0,23.0,3.0,.323,.401,.481,.882,.339,26.60,541.0,42.0,32.0,651.0,583.0,175.0,29.0,1.0,25.0,57.0,4.0,92.0,6.0,5.0,0.0,281.0,83.0,12.0,.300,.366,.482,.848,.318,23.32,2525.0,193.0,128.0,2025
670970,Adrian Morejon,135,San Diego Padres,,P,2026,,,,,,,,,,,,,,,,,,,,,,,,,,,,,,,,,,,,,,,,,,,,,,,,,2025
668909,Gavin Williams,114,Cleveland Guardians,,P,2026,,,,,,,,,,,,,,,,,,,,,,,,,,,,,,,,,,,,,,,,,,,,,,,,,2025
656638,Alex Lange,118,Kansas City Royals,,P,2026,,,,,,,,,,,,,,,,,,,,,,,,,,,,,,,,,,,,,,,,,,,,,,,,,2025
681217,Chase Silseth,108,Los Angeles Angels,,P,2026,,,,,,,,,,,,,,,,,,,,,,,,,,,,,,,,,,,,,,,,,,,,,,,,,2025
650489,Willi Castro,115,Colorado Rockies,,2B,2026,106.0,96.0,24.0,5.0,0.0,1.0,9.0,0.0,34.0,1.0,0.0,0.0,32.0,12.0,1.0,.250,.321,.333,.654,.377,96.00,428.0,18.0,20.0,454.0,402.0,91.0,17.0,3.0,11.0,40.0,1.0,111.0,11.0,0.0,1.0,147.0,33.0,12.0,.226,.313,.366,.679,.286,36.54,1735.0,93.0,108.0,2025
656641,Jacob Latz,140,Texas Rangers,,P,2026,,,,,,,,,,,,,,,,,,,,,,,,,,,,,,,,,,,,,,,,,,,,,,,,,2025
687363,Victor Scott II,138,St. Louis Cardinals,,CF,2026,109.0,93.0,18.0,2.0,0.0,1.0,7.0,0.0,29.0,1.0,1.0,7.0,23.0,5.0,2.0,.194,.255,.247,.502,.266,93.00,384.0,34.0,20.0,463.0,398.0,86.0,15.0,1.0,5.0,42.0,0.0,111.0,10.0,3.0,10.0,118.0,37.0,3.0,.216,.305,.296,.601,.284,79.60,1703.0,104.0,110.0,2025
607481,Aaron Bummer,144,Atlanta Braves,,P,2026,,,,,,,,,,,,,,,,,,,,,,,,,,,,,,,,,,,,,,,,,,,,,,,,,2025
668941,JoJo Romero,138,St. Louis Cardinals,,P,2026,,,,,,,,,,,,,,,,,,,,,,,,,,,,,,,,,,,,,,,,,,,,,,,,,2025
668939,Adley Rutschman,110,Baltimore Orioles,,C,2026,87.0,80.0,25.0,8.0,0.0,4.0,6.0,0.0,11.0,1.0,0.0,0.0,45.0,20.0,1.0,.313,.368,.563,.931,.323,20.00,340.0,20.0,24.0,365.0,322.0,71.0,16.0,2.0,9.0,40.0,0.0,57.0,1.0,2.0,0.0,118.0,29.0,8.0,.220,.307,.366,.673,.240,35.78,1491.0,93.0,103.0,2025
660761,José Suarez,136,Seattle Mariners,,P,2026,,,,,,,,,,,,,,,,,,,,,,,,,,,,,,,,,,,,,,,,,,,,,,,,,2025
668930,Brice Turang,158,Milwaukee Brewers,,2B,2026,149.0,118.0,36.0,8.0,1.0,5.0,29.0,1.0,31.0,0.0,1.0,1.0,61.0,22.0,3.0,.305,.439,.517,.956,.373,23.60,628.0,31.0,22.0,659.0,584.0,168.0,28.0,2.0,18.0,66.0,1.0,150.0,2.0,5.0,2.0,254.0,81.0,3.0,.288,.359,.435,.794,.356,32.44,2772.0,132.0,141.0,2025
615698,Cal Quantrill,140,Texas Rangers,,P,2026,,,,,,,,,,,,,,,,,,,,,,,,,,,,,,,,,,,,,,,,,,,,,,,,,2025
687396,Brent Headrick,147,New York Yankees,,P,2026,,,,,,,,,,,,,,,,,,,,,,,,,,,,,,,,,,,,,,,,,,,,,,,,,2025
668964,Tobias Myers,121,New York Mets,,P,2026,,,,,,,,,,,,,,,,,,,,,,,,,,,,,,,,,,,,,,,,,,,,,,,,,2025
677161,Zack Kelly,111,Boston Red Sox,,P,2026,,,,,,,,,,,,,,,,,,,,,,,,,,,,,,,,,,,,,,,,,,,,,,,,,2025
687401,Joey Ortiz,158,Milwaukee Brewers,,SS,2026,87.0,76.0,14.0,0.0,0.0,0.0,8.0,0.0,19.0,0.0,1.0,2.0,14.0,8.0,1.0,.184,.259,.184,.443,.241,-.--,337.0,25.0,21.0,506.0,470.0,108.0,18.0,1.0,7.0,27.0,0.0,74.0,3.0,0.0,6.0,149.0,45.0,10.0,.230,.276,.317,.593,.260,67.14,1873.0,132.0,162.0,2025
695600,Carter Jensen,118,Kansas City Royals,,C,2026,128.0,112.0,25.0,2.0,0.0,6.0,14.0,0.0,41.0,1.0,1.0,0.0,45.0,17.0,1.0,.223,.313,.402,.715,.288,18.67,544.0,15.0,32.0,69.0,60.0,18.0,6.0,0.0,3.0,9.0,0.0,12.0,0.0,0.0,0.0,33.0,13.0,1.0,.300,.391,.550,.941,.333,20.00,293.0,17.0,13.0,2025
668970,Gavin Hollowell,112,Chicago Cubs,,P,2026,,,,,,,,,,,,,,,,,,,,,,,,,,,,,,,,,,,,,,,,,,,,,,,,,2025
607536,Kyle Freeland,115,Colorado Rockies,,P,2026,0.0,0.0,0.0,0.0,0.0,0.0,0.0,0.0,0.0,0.0,0.0,0.0,0.0,0.0,0.0,.000,.000,.000,.000,.---,-.--,0.0,0.0,0.0,,,,,,,,,,,,,,,,,,,,,,,,,2025
605488,Jeffrey Springs,133,Athletics,,P,2026,,,,,,,,,,,,,,,,,,,,,,,,,,,,,,,,,,,,,,,,,,,,,,,,,2025
701719,Tyler Samaniego,111,Boston Red Sox,,P,2026,,,,,,,,,,,,,,,,,,,,,,,,,,,,,,,,,,,,,,,,,,,,,,,,,2025
800050,Chase DeLauter,114,Cleveland Guardians,,RF,2026,143.0,124.0,38.0,10.0,1.0,6.0,18.0,0.0,15.0,0.0,1.0,0.0,68.0,23.0,3.0,.306,.392,.548,.940,.308,20.67,551.0,29.0,43.0,,,,,,,,,,,,,,,,,,,,,,,,,2025
800048,Parker Messick,114,Cleveland Guardians,,P,2026,,,,,,,,,,,,,,,,,,,,,,,,,,,,,,,,,,,,,,,,,,,,,,,,,2025
669003,Garrett Mitchell,158,Milwaukee Brewers,,CF,2026,119.0,96.0,21.0,6.0,1.0,1.0,21.0,1.0,42.0,1.0,0.0,1.0,32.0,21.0,0.0,.219,.364,.333,.697,.377,96.00,527.0,19.0,15.0,78.0,68.0,14.0,4.0,1.0,0.0,7.0,0.0,25.0,1.0,1.0,1.0,20.0,3.0,0.0,.206,.286,.294,.580,.318,-.--,303.0,17.0,14.0,2025
668984,Casey Legumina,139,Tampa Bay Rays,,P,2026,,,,,,,,,,,,,,,,,,,,,,,,,0.0,0.0,0.0,0.0,0.0,0.0,0.0,0.0,0.0,0.0,0.0,0.0,0.0,0.0,0.0,.000,.000,.000,.000,.---,-.--,0.0,0.0,0.0,2025
656716,Zach McKinstry,116,Detroit Tigers,,2B,2026,54.0,49.0,9.0,2.0,0.0,1.0,5.0,0.0,12.0,0.0,0.0,0.0,14.0,5.0,2.0,.184,.259,.286,.545,.222,49.00,231.0,13.0,15.0,511.0,452.0,117.0,23.0,11.0,12.0,46.0,1.0,111.0,7.0,5.0,1.0,198.0,49.0,6.0,.259,.333,.438,.771,.314,37.67,2035.0,116.0,114.0,2025
671056,Iván Herrera,138,St. Louis Cardinals,,C,2026,169.0,132.0,32.0,10.0,0.0,4.0,28.0,4.0,31.0,8.0,1.0,0.0,54.0,17.0,3.0,.242,.402,.409,.811,.286,33.00,679.0,39.0,31.0,452.0,388.0,110.0,13.0,0.0,19.0,43.0,1.0,84.0,15.0,4.0,0.0,180.0,66.0,20.0,.284,.373,.464,.837,.315,20.42,1809.0,115.0,83.0,2025
660821,Jesús Sánchez,141,Toronto Blue Jays,,LF,2026,123.0,113.0,27.0,4.0,0.0,4.0,5.0,1.0,23.0,2.0,3.0,0.0,43.0,15.0,3.0,.239,.276,.381,.657,.258,28.25,452.0,32.0,34.0,497.0,451.0,107.0,21.0,4.0,14.0,42.0,1.0,110.0,2.0,2.0,0.0,178.0,48.0,10.0,.237,.304,.395,.699,.283,32.21,1936.0,121.0,115.0,2025
701762,Nick Kurtz,133,Athletics,,1B,2026,167.0,131.0,33.0,5.0,0.0,5.0,36.0,4.0,52.0,0.0,0.0,0.0,53.0,18.0,0.0,.252,.413,.405,.818,.378,26.20,756.0,20.0,26.0,489.0,420.0,122.0,26.0,2.0,36.0,63.0,3.0,151.0,2.0,3.0,0.0,260.0,86.0,4.0,.290,.383,.619,1.002,.364,11.67,1954.0,73.0,77.0,2025
669016,Brandon Marsh,143,Philadelphia Phillies,,LF,2026,131.0,123.0,41.0,7.0,1.0,4.0,5.0,0.0,26.0,1.0,2.0,0.0,62.0,19.0,2.0,.333,.359,.504,.863,.389,30.75,448.0,25.0,33.0,425.0,379.0,106.0,25.0,2.0,11.0,38.0,1.0,110.0,0.0,4.0,3.0,168.0,43.0,2.0,.280,.342,.443,.785,.363,34.46,1657.0,82.0,88.0,2025
666969,Adolis García,143,Philadelphia Phillies,,RF,2026,150.0,134.0,33.0,5.0,1.0,4.0,12.0,0.0,38.0,2.0,2.0,0.0,52.0,13.0,1.0,.246,.313,.388,.701,.309,33.50,620.0,26.0,39.0,547.0,507.0,115.0,28.0,0.0,19.0,28.0,1.0,135.0,5.0,7.0,0.0,200.0,75.0,9.0,.227,.271,.394,.665,.267,26.68,2150.0,105.0,159.0,2025
669004,MJ Melendez,121,New York Mets,,LF,2026,46.0,40.0,13.0,3.0,1.0,2.0,4.0,0.0,16.0,1.0,0.0,1.0,24.0,6.0,0.0,.325,.400,.600,1.000,.500,20.00,180.0,5.0,7.0,65.0,60.0,5.0,2.0,0.0,1.0,3.0,0.0,23.0,2.0,0.0,0.0,10.0,1.0,0.0,.083,.154,.167,.321,.111,60.00,255.0,11.0,21.0,2025
660825,Eduard Bazardo,136,Seattle Mariners,,P,2026,,,,,,,,,,,,,,,,,,,,,,,,,,,,,,,,,,,,,,,,,,,,,,,,,2025
681297,Colton Cowser,110,Baltimore Orioles,,RF,2026,83.0,71.0,12.0,2.0,0.0,0.0,10.0,0.0,27.0,0.0,1.0,1.0,14.0,5.0,1.0,.169,.268,.197,.465,.267,-.--,364.0,19.0,15.0,360.0,327.0,64.0,14.0,0.0,16.0,27.0,1.0,128.0,6.0,0.0,0.0,126.0,40.0,5.0,.196,.269,.385,.654,.262,20.44,1486.0,71.0,64.0,2025
669020,Ryan Rolison,112,Chicago Cubs,,P,2026,0.0,0.0,0.0,0.0,0.0,0.0,0.0,0.0,0.0,0.0,0.0,0.0,0.0,0.0,0.0,.000,.000,.000,.000,.---,-.--,0.0,0.0,0.0,,,,,,,,,,,,,,,,,,,,,,,,,2025
666971,Lourdes Gurriel Jr.,109,Arizona Diamondbacks,,LF,2026,53.0,47.0,12.0,2.0,0.0,0.0,6.0,0.0,9.0,0.0,0.0,0.0,14.0,4.0,0.0,.255,.340,.298,.638,.316,-.--,192.0,12.0,14.0,546.0,500.0,124.0,24.0,2.0,19.0,31.0,0.0,76.0,6.0,9.0,0.0,209.0,80.0,11.0,.248,.295,.418,.713,.254,26.32,1994.0,121.0,188.0,2025
669022,MacKenzie Gore,140,Texas Rangers,,P,2026,,,,,,,,,,,,,,,,,,,,,,,,,,,,,,,,,,,,,,,,,,,,,,,,,2025
666974,Yennier Cano,110,Baltimore Orioles,,P,2026,,,,,,,,,,,,,,,,,,,,,,,,,0.0,0.0,0.0,0.0,0.0,0.0,0.0,0.0,0.0,0.0,0.0,0.0,0.0,0.0,0.0,.000,.000,.000,.000,.---,-.--,0.0,0.0,0.0,2025
802139,JJ Wetherholt,138,St. Louis Cardinals,,2B,2026,169.0,140.0,33.0,5.0,0.0,7.0,20.0,1.0,29.0,7.0,2.0,0.0,59.0,18.0,0.0,.236,.355,.421,.776,.245,20.00,674.0,33.0,47.0,,,,,,,,,,,,,,,,,,,,,,,,,2025
695657,Colson Montgomery,145,Chicago White Sox,,SS,2026,154.0,132.0,30.0,7.0,0.0,9.0,15.0,2.0,44.0,7.0,0.0,0.0,64.0,23.0,2.0,.227,.338,.485,.823,.266,14.67,573.0,28.0,30.0,284.0,255.0,61.0,9.0,1.0,21.0,25.0,1.0,83.0,2.0,1.0,0.0,135.0,55.0,3.0,.239,.311,.529,.840,.263,12.14,1082.0,50.0,62.0,2025
660844,Leo Rivas,136,Seattle Mariners,,3B,2026,109.0,91.0,13.0,2.0,1.0,0.0,13.0,0.0,34.0,3.0,1.0,1.0,17.0,7.0,1.0,.143,.269,.187,.456,.224,-.--,486.0,18.0,28.0,111.0,90.0,22.0,2.0,0.0,2.0,20.0,0.0,24.0,1.0,0.0,0.0,30.0,9.0,1.0,.244,.387,.333,.720,.313,45.00,520.0,20.0,24.0,2025
701807,Carson Benge,121,New York Mets,,LF,2026,116.0,106.0,22.0,4.0,0.0,3.0,10.0,0.0,26.0,0.0,0.0,0.0,35.0,10.0,1.0,.208,.276,.330,.606,.247,35.33,466.0,30.0,28.0,,,,,,,,,,,,,,,,,,,,,,,,,2025
664954,Brett Sullivan,115,Colorado Rockies,,C,2026,60.0,56.0,14.0,6.0,0.0,0.0,3.0,0.0,13.0,0.0,0.0,1.0,20.0,7.0,2.0,.250,.288,.357,.645,.326,-.--,209.0,15.0,15.0,9.0,6.0,1.0,0.0,0.0,0.0,1.0,0.0,3.0,1.0,1.0,0.0,1.0,2.0,0.0,.167,.333,.167,.500,.250,-.--,36.0,0.0,3.0,2025
656730,Trevor Megill,158,Milwaukee Brewers,,P,2026,0.0,0.0,0.0,0.0,0.0,0.0,0.0,0.0,0.0,0.0,0.0,0.0,0.0,0.0,0.0,.000,.000,.000,.000,.---,-.--,0.0,0.0,0.0,,,,,,,,,,,,,,,,,,,,,,,,,2025
656775,Cedric Mullins,139,Tampa Bay Rays,,CF,2026,124.0,112.0,16.0,2.0,1.0,2.0,6.0,0.0,24.0,2.0,1.0,2.0,26.0,10.0,1.0,.143,.198,.232,.430,.161,56.00,476.0,16.0,59.0,498.0,435.0,94.0,23.0,1.0,17.0,50.0,0.0,120.0,4.0,6.0,3.0,170.0,59.0,2.0,.216,.299,.391,.690,.253,25.59,2112.0,79.0,151.0,2025
650633,Michael King,135,San Diego Padres,,P,2026,,,,,,,,,,,,,,,,,,,,,,,,,,,,,,,,,,,,,,,,,,,,,,,,,2025
693645,Cam Schlittler,147,New York Yankees,,P,2026,,,,,,,,,,,,,,,,,,,,,,,,,,,,,,,,,,,,,,,,,,,,,,,,,2025
607625,Seth Lugo,118,Kansas City Royals,,P,2026,,,,,,,,,,,,,,,,,,,,,,,,,,,,,,,,,,,,,,,,,,,,,,,,,2025
689546,Nick Davila,136,Seattle Mariners,,P,2026,,,,,,,,,,,,,,,,,,,,,,,,,,,,,,,,,,,,,,,,,,,,,,,,,2025
656794,Sean Newcomb,145,Chicago White Sox,,P,2026,,,,,,,,,,,,,,,,,,,,,,,,,,,,,,,,,,,,,,,,,,,,,,,,,2025
687515,Colby Thomas,133,Athletics,,RF,2026,23.0,20.0,5.0,0.0,0.0,1.0,2.0,0.0,5.0,0.0,0.0,1.0,8.0,2.0,0.0,.250,.318,.400,.718,.286,20.00,81.0,6.0,5.0,132.0,120.0,27.0,5.0,0.0,6.0,7.0,0.0,49.0,1.0,3.0,1.0,50.0,19.0,3.0,.225,.267,.417,.684,.309,20.00,481.0,21.0,27.0,2025
669084,DL Hall,158,Milwaukee Brewers,,P,2026,,,,,,,,,,,,,,,,,,,,,,,,,,,,,,,,,,,,,,,,,,,,,,,,,2025
650644,Aaron Civale,133,Athletics,,P,2026,,,,,,,,,,,,,,,,,,,,,,,,,,,,,,,,,,,,,,,,,,,,,,,,,2025
664983,Jake McCarthy,115,Colorado Rockies,,LF,2026,81.0,69.0,19.0,6.0,2.0,2.0,7.0,0.0,14.0,1.0,1.0,3.0,35.0,14.0,1.0,.275,.346,.507,.853,.315,34.50,291.0,24.0,16.0,222.0,206.0,42.0,7.0,5.0,4.0,10.0,0.0,40.0,2.0,1.0,3.0,71.0,20.0,2.0,.204,.247,.345,.592,.233,51.50,846.0,83.0,45.0,2025
664991,Grant Wolfram,110,Baltimore Orioles,,P,2026,,,,,,,,,,,,,,,,,,,,,,,,,,,,,,,,,,,,,,,,,,,,,,,,,2025
699823,Tyler Davis,145,Chicago White Sox,,P,2026,,,,,,,,,,,,,,,,,,,,,,,,,,,,,,,,,,,,,,,,,,,,,,,,,2025
669093,Jeremiah Estrada,135,San Diego Padres,,P,2026,,,,,,,,,,,,,,,,,,,,,,,,,,,,,,,,,,,,,,,,,,,,,,,,,2025
693686,Spencer Miles,141,Toronto Blue Jays,,P,2026,,,,,,,,,,,,,,,,,,,,,,,,,,,,,,,,,,,,,,,,,,,,,,,,,2025
554430,Zack Wheeler,143,Philadelphia Phillies,,P,2026,,,,,,,,,,,,,,,,,,,,,,,,,,,,,,,,,,,,,,,,,,,,,,,,,2025
679358,Eric Orze,142,Minnesota Twins,,P,2026,,,,,,,,,,,,,,,,,,,,,,,,,,,,,,,,,,,,,,,,,,,,,,,,,2025
640448,Kyle Finnegan,116,Detroit Tigers,,P,2026,,,,,,,,,,,,,,,,,,,,,,,,,,,,,,,,,,,,,,,,,,,,,,,,,2025
669127,Shea Langeliers,133,Athletics,,C,2026,151.0,139.0,47.0,9.0,0.0,11.0,12.0,1.0,32.0,0.0,0.0,0.0,89.0,20.0,3.0,.338,.391,.640,1.031,.375,12.64,560.0,20.0,40.0,523.0,481.0,133.0,32.0,0.0,31.0,36.0,1.0,103.0,1.0,5.0,0.0,258.0,72.0,10.0,.277,.325,.536,.861,.290,15.52,1924.0,107.0,143.0,2025
640455,Sean Manaea,121,New York Mets,,P,2026,,,,,,,,,,,,,,,,,,,,,,,,,,,,,,,,,,,,,,,,,,,,,,,,,2025
656849,David Peterson,121,New York Mets,,P,2026,,,,,,,,,,,,,,,,,,,,,,,,,,,,,,,,,,,,,,,,,,,,,,,,,2025
687570,Connor Prielipp,142,Minnesota Twins,,P,2026,,,,,,,,,,,,,,,,,,,,,,,,,,,,,,,,,,,,,,,,,,,,,,,,,2025
521692,Salvador Perez,118,Kansas City Royals,,C,2026,156.0,146.0,29.0,5.0,0.0,5.0,5.0,1.0,34.0,3.0,2.0,0.0,49.0,17.0,6.0,.199,.237,.336,.573,.220,29.20,579.0,34.0,51.0,641.0,597.0,141.0,35.0,0.0,30.0,28.0,5.0,125.0,12.0,1.0,0.0,266.0,100.0,14.0,.236,.284,.446,.730,.251,19.90,2267.0,145.0,187.0,2025
665019,Kody Clemens,142,Minnesota Twins,,1B,2026,100.0,83.0,16.0,4.0,0.0,3.0,11.0,0.0,27.0,4.0,0.0,2.0,29.0,9.0,0.0,.193,.316,.349,.665,.245,27.67,431.0,19.0,23.0,386.0,348.0,74.0,12.0,4.0,19.0,29.0,1.0,93.0,5.0,2.0,2.0,151.0,52.0,4.0,.213,.281,.434,.715,.231,18.32,1529.0,73.0,112.0,2025
642528,Jonathan Loáisiga,109,Arizona Diamondbacks,,P,2026,,,,,,,,,,,,,,,,,,,,,,,,,,,,,,,,,,,,,,,,,,,,,,,,,2025
669160,Dustin May,138,St. Louis Cardinals,,P,2026,,,,,,,,,,,,,,,,,,,,,,,,,,,,,,,,,,,,,,,,,,,,,,,,,2025
687597,Jordan Beck,115,Colorado Rockies,,LF,2026,75.0,70.0,12.0,3.0,1.0,1.0,4.0,0.0,19.0,0.0,1.0,0.0,20.0,10.0,3.0,.171,.213,.286,.499,.216,70.00,283.0,21.0,19.0,588.0,539.0,139.0,27.0,5.0,16.0,43.0,0.0,174.0,4.0,1.0,0.0,224.0,53.0,9.0,.258,.317,.416,.733,.351,33.69,2336.0,108.0,119.0,2025
656876,Drew Rasmussen,139,Tampa Bay Rays,,P,2026,,,,,,,,,,,,,,,,,,,,,,,,,,,,,,,,,,,,,,,,,,,,,,,,,2025
642547,Freddy Peralta,121,New York Mets,,P,2026,,,,,,,,,,,,,,,,,,,,,,,,,,,,,,,,,,,,,,,,,,,,,,,,,2025
669165,Kyle Hurt,119,Los Angeles Dodgers,,P,2026,,,,,,,,,,,,,,,,,,,,,,,,,,,,,,,,,,,,,,,,,,,,,,,,,2025
624133,Ranger Suarez,111,Boston Red Sox,,P,2026,,,,,,,,,,,,,,,,,,,,,,,,,,,,,,,,,,,,,,,,,,,,,,,,,2025
687562,Jake Bennett,111,Boston Red Sox,,P,2026,,,,,,,,,,,,,,,,,,,,,,,,,,,,,,,,,,,,,,,,,,,,,,,,,2025
691718,Pete Crow-Armstrong,112,Chicago Cubs,,CF,2026,156.0,141.0,35.0,4.0,2.0,4.0,11.0,1.0,41.0,3.0,0.0,1.0,55.0,16.0,2.0,.248,.316,.390,.706,.323,35.25,567.0,29.0,37.0,647.0,591.0,146.0,37.0,4.0,31.0,29.0,1.0,155.0,9.0,12.0,6.0,284.0,95.0,1.0,.247,.287,.481,.768,.276,19.06,2312.0,116.0,192.0,2025
691720,Kyle Karros,115,Colorado Rockies,,3B,2026,127.0,104.0,23.0,4.0,0.0,1.0,21.0,0.0,31.0,0.0,2.0,0.0,30.0,5.0,1.0,.221,.346,.288,.634,.297,104.00,563.0,21.0,31.0,156.0,137.0,31.0,4.0,0.0,1.0,15.0,0.0,41.0,2.0,2.0,0.0,38.0,9.0,5.0,.226,.308,.277,.585,.309,137.00,635.0,33.0,34.0,2025
669194,Ryne Nelson,109,Arizona Diamondbacks,,P,2026,,,,,,,,,,,,,,,,,,,,,,,,,1.0,1.0,1.0,0.0,0.0,0.0,0.0,0.0,0.0,0.0,0.0,0.0,1.0,1.0,0.0,1.000,1.000,1.000,2.000,1.000,-.--,4.0,0.0,0.0,2025
691723,Coby Mayo,110,Baltimore Orioles,,3B,2026,105.0,96.0,16.0,3.0,0.0,3.0,8.0,0.0,31.0,0.0,1.0,0.0,28.0,12.0,2.0,.167,.229,.292,.521,.206,32.00,415.0,23.0,27.0,294.0,263.0,57.0,12.0,0.0,11.0,27.0,0.0,84.0,4.0,0.0,0.0,102.0,28.0,2.0,.217,.299,.388,.687,.274,23.91,1132.0,49.0,73.0,2025
699912,Jose Fernandez,109,Arizona Diamondbacks,,1B,2026,102.0,96.0,28.0,3.0,0.0,3.0,5.0,0.0,23.0,1.0,0.0,0.0,40.0,12.0,2.0,.292,.333,.417,.750,.357,32.00,407.0,21.0,24.0,,,,,,,,,,,,,,,,,,,,,,,,,2025
691725,Andrew Painter,143,Philadelphia Phillies,,P,2026,,,,,,,,,,,,,,,,,,,,,,,,,,,,,,,,,,,,,,,,,,,,,,,,,2025
593428,Xander Bogaerts,135,San Diego Padres,,SS,2026,146.0,130.0,36.0,2.0,0.0,7.0,16.0,0.0,22.0,0.0,0.0,0.0,59.0,23.0,2.0,.277,.356,.454,.810,.287,18.57,548.0,37.0,35.0,552.0,491.0,129.0,30.0,0.0,11.0,48.0,3.0,94.0,4.0,8.0,1.0,192.0,53.0,12.0,.263,.328,.391,.719,.299,44.64,2100.0,126.0,151.0,2025
669211,Keegan Akin,110,Baltimore Orioles,,P,2026,,,,,,,,,,,,,,,,,,,,,,,,,0.0,0.0,0.0,0.0,0.0,0.0,0.0,0.0,0.0,0.0,0.0,0.0,0.0,0.0,0.0,.000,.000,.000,.000,.---,-.--,0.0,0.0,0.0,2025
681481,Kerry Carpenter,116,Detroit Tigers,,RF,2026,115.0,100.0,21.0,2.0,2.0,6.0,11.0,0.0,40.0,2.0,2.0,0.0,45.0,17.0,1.0,.210,.296,.450,.746,.268,16.67,466.0,16.0,25.0,464.0,433.0,109.0,18.0,5.0,26.0,18.0,0.0,106.0,7.0,2.0,0.0,215.0,62.0,3.0,.252,.291,.497,.788,.274,16.65,1736.0,84.0,136.0,2025
472610,Luis García,142,Minnesota Twins,,P,2026,,,,,,,,,,,,,,,,,,,,,,,,,,,,,,,,,,,,,,,,,,,,,,,,,2025
681508,Mickey Gasper,111,Boston Red Sox,,C,2026,,,,,,,,,,,,,,,,,,,,,,,,,110.0,95.0,15.0,1.0,0.0,2.0,10.0,0.0,20.0,3.0,1.0,1.0,22.0,11.0,1.0,.158,.257,.232,.489,.176,47.50,451.0,24.0,38.0,2025
669221,Sean Murphy,144,Atlanta Braves,,C,2026,6.0,6.0,1.0,0.0,0.0,0.0,0.0,0.0,3.0,0.0,0.0,0.0,1.0,0.0,1.0,.167,.167,.167,.334,.333,-.--,21.0,2.0,0.0,337.0,291.0,58.0,13.0,0.0,16.0,35.0,1.0,105.0,8.0,3.0,0.0,119.0,45.0,9.0,.199,.300,.409,.709,.243,18.19,1357.0,75.0,56.0,2025
687637,Dylan Beavers,110,Baltimore Orioles,,RF,2026,110.0,95.0,22.0,5.0,0.0,2.0,13.0,0.0,25.0,0.0,1.0,1.0,33.0,11.0,1.0,.232,.321,.347,.668,.290,47.50,457.0,23.0,27.0,137.0,110.0,25.0,5.0,1.0,4.0,26.0,0.0,36.0,0.0,0.0,1.0,44.0,14.0,0.0,.227,.375,.400,.775,.300,27.50,615.0,14.0,36.0,2025
669224,Austin Wells,147,New York Yankees,,C,2026,107.0,87.0,17.0,1.0,0.0,3.0,19.0,2.0,21.0,0.0,1.0,0.0,27.0,5.0,3.0,.195,.336,.310,.646,.219,29.00,446.0,21.0,29.0,448.0,401.0,88.0,22.0,1.0,21.0,30.0,0.0,118.0,5.0,11.0,0.0,175.0,71.0,10.0,.219,.275,.436,.711,.245,19.10,1794.0,75.0,131.0,2025
656941,Kyle Schwarber,143,Philadelphia Phillies,,LF,2026,169.0,139.0,30.0,7.0,1.0,12.0,26.0,0.0,52.0,4.0,0.0,0.0,75.0,21.0,1.0,.216,.355,.540,.895,.240,11.58,713.0,23.0,34.0,724.0,604.0,145.0,23.0,2.0,56.0,108.0,6.0,197.0,11.0,1.0,0.0,340.0,132.0,4.0,.240,.365,.563,.928,.253,10.79,3059.0,114.0,149.0,2025
548384,Brooks Raley,121,New York Mets,,P,2026,,,,,,,,,,,,,,,,,,,,,,,,,,,,,,,,,,,,,,,,,,,,,,,,,2025
656945,Tanner Scott,119,Los Angeles Dodgers,,P,2026,,,,,,,,,,,,,,,,,,,,,,,,,0.0,0.0,0.0,0.0,0.0,0.0,0.0,0.0,0.0,0.0,0.0,0.0,0.0,0.0,0.0,.000,.000,.000,.000,.---,-.--,0.0,0.0,0.0,2025
800311,Didier Fuentes,144,Atlanta Braves,,P,2026,0.0,0.0,0.0,0.0,0.0,0.0,0.0,0.0,0.0,0.0,0.0,0.0,0.0,0.0,0.0,.000,.000,.000,.000,.---,-.--,0.0,0.0,0.0,,,,,,,,,,,,,,,,,,,,,,,,,2025
669236,Jeremiah Jackson,110,Baltimore Orioles,,2B,2026,124.0,119.0,30.0,3.0,0.0,6.0,3.0,0.0,27.0,1.0,1.0,0.0,51.0,24.0,7.0,.252,.274,.429,.703,.276,19.83,415.0,40.0,23.0,183.0,170.0,47.0,10.0,2.0,5.0,11.0,0.0,50.0,2.0,0.0,0.0,76.0,21.0,6.0,.276,.328,.447,.775,.365,34.00,706.0,39.0,34.0,2025
671289,Tyler Freeman,115,Colorado Rockies,,RF,2026,82.0,69.0,20.0,2.0,0.0,1.0,3.0,0.0,9.0,7.0,0.0,3.0,25.0,11.0,5.0,.290,.380,.362,.742,.322,69.00,285.0,24.0,19.0,428.0,377.0,106.0,20.0,2.0,2.0,34.0,0.0,51.0,11.0,4.0,2.0,136.0,31.0,10.0,.281,.354,.361,.715,.317,188.50,1646.0,133.0,93.0,2025
691785,Marcelo Mayer,111,Boston Red Sox,,2B,2026,109.0,97.0,24.0,6.0,0.0,1.0,8.0,0.0,20.0,2.0,1.0,0.0,33.0,8.0,4.0,.247,.315,.340,.655,.299,97.00,402.0,30.0,24.0,136.0,127.0,29.0,8.0,1.0,4.0,8.0,0.0,41.0,0.0,1.0,0.0,51.0,10.0,2.0,.228,.272,.402,.674,.301,31.75,510.0,36.0,22.0,2025
681546,James Outman,142,Minnesota Twins,,CF,2026,35.0,33.0,4.0,2.0,0.0,0.0,2.0,0.0,13.0,0.0,0.0,0.0,6.0,0.0,0.0,.121,.171,.182,.353,.200,-.--,135.0,7.0,9.0,148.0,134.0,18.0,5.0,1.0,6.0,12.0,0.0,63.0,2.0,0.0,0.0,43.0,11.0,0.0,.134,.216,.321,.537,.185,22.33,605.0,24.0,29.0,2025
681517,Kyle Leahy,138,St. Louis Cardinals,,P,2026,,,,,,,,,,,,,,,,,,,,,,,,,,,,,,,,,,,,,,,,,,,,,,,,,2025
573009,Joe Mantiply,141,Toronto Blue Jays,,P,2026,,,,,,,,,,,,,,,,,,,,,,,,,0.0,0.0,0.0,0.0,0.0,0.0,0.0,0.0,0.0,0.0,0.0,0.0,0.0,0.0,0.0,.000,.000,.000,.000,.---,-.--,0.0,0.0,0.0,2025
691799,Grant Taylor,145,Chicago White Sox,,P,2026,,,,,,,,,,,,,,,,,,,,,,,,,,,,,,,,,,,,,,,,,,,,,,,,,2025
669276,Dylan Lee,144,Atlanta Braves,,P,2026,,,,,,,,,,,,,,,,,,,,,,,,,,,,,,,,,,,,,,,,,,,,,,,,,2025
693821,Bryce Elder,144,Atlanta Braves,,P,2026,,,,,,,,,,,,,,,,,,,,,,,,,,,,,,,,,,,,,,,,,,,,,,,,,2025
693855,Ian Seymour,139,Tampa Bay Rays,,P,2026,,,,,,,,,,,,,,,,,,,,,,,,,,,,,,,,,,,,,,,,,,,,,,,,,2025
683618,Edgardo Henriquez,119,Los Angeles Dodgers,,P,2026,,,,,,,,,,,,,,,,,,,,,,,,,,,,,,,,,,,,,,,,,,,,,,,,,2025
669257,Will Smith,119,Los Angeles Dodgers,,C,2026,116.0,104.0,28.0,3.0,0.0,3.0,11.0,0.0,19.0,0.0,1.0,0.0,40.0,16.0,2.0,.269,.336,.385,.721,.301,34.67,503.0,15.0,43.0,436.0,362.0,107.0,20.0,1.0,17.0,64.0,1.0,89.0,5.0,5.0,0.0,180.0,61.0,7.0,.296,.404,.497,.901,.345,21.29,1926.0,57.0,114.0,2025
702056,Trey Yesavage,141,Toronto Blue Jays,,P,2026,,,,,,,,,,,,,,,,,,,,,,,,,,,,,,,,,,,,,,,,,,,,,,,,,2025
669270,Joel Kuhnel,133,Athletics,,P,2026,,,,,,,,,,,,,,,,,,,,,,,,,,,,,,,,,,,,,,,,,,,,,,,,,2025
669289,Santiago Espinal,119,Los Angeles Dodgers,,3B,2026,29.0,27.0,5.0,2.0,0.0,0.0,0.0,0.0,5.0,0.0,0.0,2.0,7.0,2.0,3.0,.185,.185,.259,.444,.227,-.--,117.0,14.0,5.0,328.0,301.0,73.0,12.0,0.0,0.0,21.0,0.0,38.0,1.0,2.0,3.0,85.0,16.0,11.0,.243,.292,.282,.574,.275,-.--,1302.0,80.0,115.0,2025
679529,Spencer Torkelson,116,Detroit Tigers,,1B,2026,144.0,121.0,25.0,6.0,0.0,6.0,22.0,0.0,45.0,1.0,0.0,0.0,49.0,14.0,1.0,.207,.333,.405,.738,.271,20.17,645.0,18.0,33.0,649.0,563.0,135.0,27.0,1.0,31.0,72.0,6.0,169.0,9.0,5.0,0.0,257.0,78.0,12.0,.240,.333,.456,.789,.283,18.16,2634.0,88.0,176.0,2025
650859,Luis Rengifo,158,Milwaukee Brewers,,3B,2026,112.0,101.0,19.0,8.0,0.0,0.0,8.0,1.0,13.0,1.0,1.0,1.0,27.0,11.0,1.0,.188,.252,.267,.519,.213,-.--,417.0,38.0,33.0,541.0,501.0,119.0,16.0,3.0,9.0,33.0,0.0,104.0,3.0,3.0,1.0,168.0,43.0,7.0,.238,.287,.335,.622,.281,55.67,2008.0,156.0,126.0,2025
669302,Logan Gilbert,136,Seattle Mariners,,P,2026,,,,,,,,,,,,,,,,,,,,,,,,,,,,,,,,,,,,,,,,,,,,,,,,,2025
802415,Chandler Simpson,139,Tampa Bay Rays,,LF,2026,156.0,144.0,45.0,1.0,3.0,0.0,7.0,0.0,15.0,0.0,2.0,3.0,52.0,11.0,0.0,.313,.340,.361,.701,.344,-.--,516.0,55.0,34.0,441.0,414.0,122.0,15.0,3.0,0.0,20.0,0.0,43.0,0.0,2.0,3.0,143.0,26.0,10.0,.295,.326,.345,.671,.327,-.--,1517.0,176.0,78.0,2025
702070,Noah Cameron,118,Kansas City Royals,,P,2026,,,,,,,,,,,,,,,,,,,,,,,,,,,,,,,,,,,,,,,,,,,,,,,,,2025
820862,José Fermin,108,Los Angeles Angels,,P,2026,,,,,,,,,,,,,,,,,,,,,,,,,,,,,,,,,,,,,,,,,,,,,,,,,2025
669326,Bryce Teodosio,108,Los Angeles Angels,,LF,2026,40.0,36.0,10.0,2.0,0.0,0.0,3.0,0.0,15.0,0.0,0.0,1.0,12.0,2.0,1.0,.278,.333,.333,.666,.476,-.--,141.0,7.0,5.0,150.0,138.0,28.0,7.0,2.0,1.0,5.0,0.0,47.0,4.0,2.0,1.0,42.0,7.0,2.0,.203,.248,.304,.552,.293,138.00,521.0,33.0,33.0,2025
657041,Lane Thomas,118,Kansas City Royals,,CF,2026,84.0,66.0,15.0,1.0,0.0,1.0,16.0,0.0,14.0,1.0,1.0,0.0,19.0,7.0,1.0,.227,.381,.288,.669,.269,66.00,363.0,8.0,30.0,142.0,125.0,20.0,2.0,0.0,4.0,14.0,0.0,44.0,1.0,2.0,0.0,34.0,11.0,4.0,.160,.246,.272,.518,.203,31.25,556.0,22.0,41.0,2025
642708,Amed Rosario,147,New York Yankees,,3B,2026,71.0,64.0,17.0,1.0,1.0,4.0,5.0,0.0,14.0,0.0,2.0,0.0,32.0,14.0,1.0,.266,.310,.500,.810,.271,16.00,253.0,18.0,17.0,191.0,181.0,50.0,11.0,0.0,6.0,7.0,0.0,31.0,2.0,1.0,0.0,79.0,23.0,6.0,.276,.309,.436,.745,.303,30.17,646.0,53.0,48.0,2025
657044,Ryan Thompson,109,Arizona Diamondbacks,,P,2026,,,,,,,,,,,,,,,,,,,,,,,,,0.0,0.0,0.0,0.0,0.0,0.0,0.0,0.0,0.0,0.0,0.0,0.0,0.0,0.0,0.0,.000,.000,.000,.000,.---,-.--,0.0,0.0,0.0,2025
681624,Andy Pages,119,Los Angeles Dodgers,,CF,2026,149.0,137.0,46.0,8.0,0.0,8.0,9.0,0.0,32.0,1.0,2.0,0.0,78.0,33.0,2.0,.336,.376,.569,.945,.384,17.12,616.0,25.0,36.0,624.0,581.0,158.0,27.0,1.0,27.0,29.0,0.0,135.0,8.0,6.0,0.0,268.0,86.0,9.0,.272,.313,.461,.774,.308,21.52,2365.0,117.0,177.0,2025
650911,Cristopher Sánchez,143,Philadelphia Phillies,,P,2026,,,,,,,,,,,,,,,,,,,,,,,,,,,,,,,,,,,,,,,,,,,,,,,,,2025
667297,Tommy Nance,141,Toronto Blue Jays,,P,2026,,,,,,,,,,,,,,,,,,,,,,,,,,,,,,,,,,,,,,,,,,,,,,,,,2025
669357,Nolan Gorman,138,St. Louis Cardinals,,3B,2026,138.0,122.0,27.0,4.0,0.0,5.0,13.0,1.0,40.0,0.0,3.0,0.0,46.0,21.0,0.0,.221,.290,.377,.667,.275,24.40,568.0,20.0,38.0,402.0,351.0,72.0,14.0,1.0,14.0,47.0,2.0,136.0,0.0,4.0,0.0,130.0,46.0,1.0,.205,.296,.370,.666,.283,25.07,1655.0,46.0,101.0,2025
669358,Shane Baz,110,Baltimore Orioles,,P,2026,,,,,,,,,,,,,,,,,,,,,,,,,,,,,,,,,,,,,,,,,,,,,,,,,2025
669369,Bryce Johnson,135,San Diego Padres,,RF,2026,27.0,24.0,5.0,2.0,0.0,0.0,2.0,0.0,10.0,0.0,0.0,1.0,7.0,2.0,1.0,.208,.269,.292,.561,.357,-.--,96.0,5.0,5.0,84.0,76.0,26.0,4.0,0.0,1.0,3.0,0.0,19.0,2.0,0.0,3.0,33.0,8.0,1.0,.342,.383,.434,.817,.446,76.00,287.0,22.0,12.0,2025
669372,J.T. Ginn,133,Athletics,,P,2026,0.0,0.0,0.0,0.0,0.0,0.0,0.0,0.0,0.0,0.0,0.0,0.0,0.0,0.0,0.0,.000,.000,.000,.000,.---,-.--,0.0,0.0,0.0,,,,,,,,,,,,,,,,,,,,,,,,,2025
663158,Robert Suarez,144,Atlanta Braves,,P,2026,0.0,0.0,0.0,0.0,0.0,0.0,0.0,0.0,0.0,0.0,0.0,0.0,0.0,0.0,0.0,.000,.000,.000,.000,.---,-.--,0.0,0.0,0.0,,,,,,,,,,,,,,,,,,,,,,,,,2025
657097,Jacob Webb,112,Chicago Cubs,,P,2026,,,,,,,,,,,,,,,,,,,,,,,,,,,,,,,,,,,,,,,,,,,,,,,,,2025
702153,Brian Fitzpatrick,158,Milwaukee Brewers,,P,2026,,,,,,,,,,,,,,,,,,,,,,,,,,,,,,,,,,,,,,,,,,,,,,,,,2025
669394,Jake Burger,140,Texas Rangers,,1B,2026,154.0,146.0,31.0,5.0,0.0,6.0,6.0,0.0,43.0,1.0,1.0,0.0,54.0,21.0,4.0,.212,.247,.370,.617,.255,24.33,550.0,42.0,31.0,376.0,356.0,84.0,15.0,1.0,16.0,12.0,0.0,93.0,5.0,3.0,0.0,149.0,53.0,3.0,.236,.269,.419,.688,.272,22.25,1324.0,73.0,109.0,2025
677587,Brayan Rocchio,114,Cleveland Guardians,,SS,2026,139.0,122.0,32.0,4.0,0.0,3.0,13.0,0.0,14.0,2.0,0.0,2.0,45.0,19.0,3.0,.262,.343,.369,.712,.276,40.67,563.0,38.0,40.0,383.0,344.0,80.0,18.0,2.0,5.0,22.0,0.0,77.0,8.0,5.0,4.0,117.0,44.0,4.0,.233,.290,.340,.630,.281,68.80,1411.0,100.0,96.0,2025
650968,Yohel Pozo,138,St. Louis Cardinals,,C,2026,17.0,17.0,2.0,1.0,0.0,0.0,0.0,0.0,0.0,0.0,0.0,0.0,3.0,3.0,3.0,.118,.118,.176,.294,.118,-.--,59.0,11.0,4.0,168.0,160.0,37.0,8.0,0.0,5.0,7.0,0.0,22.0,0.0,1.0,0.0,60.0,19.0,4.0,.231,.262,.375,.637,.239,32.00,591.0,45.0,57.0,2025
683734,Andrew Vaughn,158,Milwaukee Brewers,,1B,2026,13.0,12.0,3.0,0.0,0.0,1.0,0.0,0.0,1.0,1.0,0.0,0.0,6.0,4.0,0.0,.250,.308,.500,.808,.200,12.00,43.0,5.0,3.0,447.0,406.0,103.0,22.0,0.0,14.0,31.0,0.0,80.0,3.0,6.0,1.0,167.0,65.0,12.0,.254,.307,.411,.718,.280,29.00,1722.0,110.0,120.0,2025
573124,Taylor Rogers,142,Minnesota Twins,,P,2026,,,,,,,,,,,,,,,,,,,,,,,,,,,,,,,,,,,,,,,,,,,,,,,,,2025
552640,Andrew Kittredge,110,Baltimore Orioles,,P,2026,,,,,,,,,,,,,,,,,,,,,,,,,0.0,0.0,0.0,0.0,0.0,0.0,0.0,0.0,0.0,0.0,0.0,0.0,0.0,0.0,0.0,.000,.000,.000,.000,.---,-.--,0.0,0.0,0.0,2025
628451,Andy Ibáñez,121,New York Mets,,2B,2026,23.0,20.0,2.0,0.0,0.0,0.0,1.0,0.0,3.0,0.0,2.0,0.0,2.0,5.0,0.0,.100,.130,.100,.230,.105,-.--,69.0,5.0,12.0,193.0,176.0,42.0,8.0,0.0,4.0,12.0,0.0,26.0,4.0,1.0,0.0,62.0,21.0,6.0,.239,.301,.352,.653,.259,44.00,716.0,47.0,62.0,2025
683737,Michael Busch,112,Chicago Cubs,,1B,2026,163.0,138.0,32.0,7.0,1.0,3.0,21.0,0.0,36.0,2.0,2.0,0.0,50.0,20.0,2.0,.232,.337,.362,.699,.287,46.00,615.0,35.0,37.0,592.0,524.0,137.0,25.0,5.0,34.0,56.0,2.0,139.0,10.0,2.0,0.0,274.0,90.0,2.0,.261,.343,.523,.866,.292,15.41,2324.0,111.0,139.0,2025
677594,Julio Rodríguez,136,Seattle Mariners,,CF,2026,165.0,150.0,39.0,7.0,0.0,5.0,13.0,1.0,38.0,2.0,0.0,0.0,61.0,17.0,2.0,.260,.327,.407,.734,.318,30.00,660.0,32.0,41.0,710.0,652.0,174.0,31.0,4.0,32.0,44.0,5.0,152.0,12.0,2.0,0.0,309.0,95.0,15.0,.267,.324,.474,.798,.302,20.38,2496.0,174.0,154.0,2025
696030,Alejandro Osuna,140,Texas Rangers,,LF,2026,29.0,21.0,5.0,1.0,0.0,0.0,6.0,0.0,6.0,2.0,0.0,0.0,6.0,2.0,0.0,.238,.448,.286,.734,.333,-.--,119.0,6.0,4.0,176.0,151.0,32.0,4.0,0.0,2.0,21.0,1.0,34.0,2.0,2.0,0.0,42.0,15.0,1.0,.212,.313,.278,.591,.256,75.50,739.0,45.0,42.0,2025
685801,Hunter Bigge,139,Tampa Bay Rays,,P,2026,,,,,,,,,,,,,,,,,,,,,,,,,,,,,,,,,,,,,,,,,,,,,,,,,2025
628452,Raisel Iglesias,144,Atlanta Braves,,P,2026,0.0,0.0,0.0,0.0,0.0,0.0,0.0,0.0,0.0,0.0,0.0,0.0,0.0,0.0,0.0,.000,.000,.000,.000,.---,-.--,0.0,0.0,0.0,,,,,,,,,,,,,,,,,,,,,,,,,2025
673513,Yuki Matsui,135,San Diego Padres,,P,2026,,,,,,,,,,,,,,,,,,,,,,,,,,,,,,,,,,,,,,,,,,,,,,,,,2025
657136,Connor Wong,111,Boston Red Sox,,C,2026,54.0,47.0,12.0,5.0,0.0,0.0,4.0,0.0,9.0,2.0,0.0,1.0,17.0,7.0,1.0,.255,.340,.362,.702,.316,-.--,190.0,15.0,12.0,188.0,168.0,32.0,8.0,0.0,0.0,16.0,0.0,42.0,1.0,2.0,1.0,40.0,7.0,7.0,.190,.262,.238,.500,.250,-.--,745.0,53.0,44.0,2025
702193,Andrew Morris,142,Minnesota Twins,,P,2026,,,,,,,,,,,,,,,,,,,,,,,,,,,,,,,,,,,,,,,,,,,,,,,,,2025
687859,Troy Johnston,115,Colorado Rockies,,RF,2026,127.0,114.0,37.0,9.0,0.0,2.0,11.0,0.0,27.0,1.0,0.0,1.0,52.0,17.0,2.0,.325,.389,.456,.845,.412,57.00,448.0,27.0,24.0,121.0,112.0,31.0,2.0,1.0,4.0,8.0,0.0,26.0,1.0,0.0,0.0,47.0,13.0,1.0,.277,.331,.420,.751,.329,28.00,450.0,24.0,31.0,2025
683769,Hunter Gaddis,114,Cleveland Guardians,,P,2026,,,,,,,,,,,,,,,,,,,,,,,,,,,,,,,,,,,,,,,,,,,,,,,,,2025
694025,Felix Reyes,143,Philadelphia Phillies,,LF,2026,32.0,32.0,5.0,1.0,0.0,1.0,0.0,0.0,8.0,0.0,0.0,0.0,9.0,2.0,1.0,.156,.156,.281,.437,.174,32.00,101.0,9.0,10.0,,,,,,,,,,,,,,,,,,,,,,,,,2025
673548,Seiya Suzuki,112,Chicago Cubs,,RF,2026,106.0,89.0,27.0,3.0,0.0,6.0,14.0,3.0,24.0,2.0,1.0,0.0,48.0,14.0,2.0,.303,.406,.539,.945,.350,14.83,427.0,17.0,22.0,651.0,571.0,140.0,31.0,3.0,32.0,71.0,1.0,164.0,1.0,8.0,0.0,273.0,103.0,13.0,.245,.326,.478,.804,.282,17.84,2727.0,98.0,177.0,2025
702222,Justin Crawford,143,Philadelphia Phillies,,CF,2026,119.0,109.0,29.0,7.0,2.0,0.0,8.0,0.0,24.0,2.0,0.0,0.0,40.0,8.0,0.0,.266,.328,.367,.695,.341,-.--,428.0,36.0,20.0,,,,,,,,,,,,,,,,,,,,,,,,,2025
677649,Ezequiel Duran,140,Texas Rangers,,LF,2026,92.0,79.0,24.0,7.0,1.0,2.0,11.0,0.0,17.0,0.0,1.0,1.0,39.0,13.0,1.0,.304,.385,.494,.879,.361,39.50,347.0,19.0,21.0,219.0,205.0,46.0,14.0,0.0,0.0,8.0,0.0,55.0,4.0,1.0,1.0,60.0,14.0,3.0,.224,.266,.293,.559,.305,-.--,807.0,42.0,64.0,2025
669467,Andre Pallante,138,St. Louis Cardinals,,P,2026,,,,,,,,,,,,,,,,,,,,,,,,,0.0,0.0,0.0,0.0,0.0,0.0,0.0,0.0,0.0,0.0,0.0,0.0,0.0,0.0,0.0,.000,.000,.000,.000,.---,-.--,0.0,0.0,0.0,2025
669461,Matthew Liberatore,138,St. Louis Cardinals,,P,2026,,,,,,,,,,,,,,,,,,,,,,,,,,,,,,,,,,,,,,,,,,,,,,,,,2025
694037,Daniel Palencia,112,Chicago Cubs,,P,2026,0.0,0.0,0.0,0.0,0.0,0.0,0.0,0.0,0.0,0.0,0.0,0.0,0.0,0.0,0.0,.000,.000,.000,.000,.---,-.--,0.0,0.0,0.0,,,,,,,,,,,,,,,,,,,,,,,,,2025
663330,Jahmai Jones,116,Detroit Tigers,,RF,2026,45.0,43.0,9.0,2.0,0.0,2.0,2.0,0.0,15.0,0.0,0.0,0.0,17.0,5.0,2.0,.209,.244,.395,.639,.269,21.50,153.0,9.0,10.0,150.0,129.0,37.0,11.0,1.0,7.0,18.0,1.0,32.0,3.0,0.0,0.0,71.0,23.0,3.0,.287,.387,.550,.937,.333,18.43,595.0,21.0,39.0,2025
624424,Michael Conforto,112,Chicago Cubs,,RF,2026,45.0,36.0,13.0,5.0,0.0,2.0,8.0,0.0,11.0,0.0,1.0,0.0,24.0,8.0,0.0,.361,.467,.667,1.134,.458,18.00,177.0,7.0,6.0,486.0,418.0,83.0,20.0,0.0,12.0,56.0,0.0,121.0,9.0,3.0,0.0,139.0,36.0,12.0,.199,.305,.333,.638,.247,34.83,2049.0,103.0,114.0,2025
696100,Hunter Goodman,115,Colorado Rockies,,C,2026,143.0,129.0,30.0,7.0,0.0,9.0,11.0,1.0,54.0,3.0,0.0,0.0,64.0,15.0,1.0,.233,.308,.496,.804,.318,14.33,513.0,14.0,31.0,579.0,540.0,150.0,28.0,5.0,31.0,33.0,0.0,152.0,4.0,2.0,0.0,281.0,91.0,16.0,.278,.323,.520,.843,.331,17.42,2149.0,100.0,140.0,2025
624428,Adam Frazier,108,Los Angeles Angels,,2B,2026,66.0,57.0,14.0,4.0,1.0,1.0,6.0,0.0,19.0,1.0,0.0,2.0,23.0,5.0,1.0,.246,.328,.404,.732,.351,57.00,253.0,16.0,10.0,459.0,419.0,112.0,20.0,0.0,7.0,26.0,2.0,81.0,8.0,5.0,1.0,153.0,44.0,8.0,.267,.319,.365,.684,.313,59.86,1841.0,104.0,128.0,2025
702273,Noah Schultz,145,Chicago White Sox,,P,2026,,,,,,,,,,,,,,,,,,,,,,,,,,,,,,,,,,,,,,,,,,,,,,,,,2025
702275,JR Ritchie,144,Atlanta Braves,,P,2026,,,,,,,,,,,,,,,,,,,,,,,,,,,,,,,,,,,,,,,,,,,,,,,,,2025
608070,José Ramírez,114,Cleveland Guardians,,3B,2026,170.0,142.0,30.0,8.0,0.0,6.0,28.0,3.0,24.0,0.0,0.0,0.0,56.0,14.0,1.0,.211,.341,.394,.735,.214,23.67,710.0,30.0,58.0,673.0,593.0,168.0,34.0,3.0,30.0,66.0,22.0,74.0,8.0,5.0,0.0,298.0,85.0,9.0,.283,.360,.503,.863,.279,19.77,2666.0,135.0,222.0,2025
702284,Cole Young,136,Seattle Mariners,,2B,2026,149.0,134.0,37.0,6.0,1.0,3.0,12.0,0.0,36.0,2.0,1.0,0.0,54.0,20.0,1.0,.276,.342,.403,.745,.354,44.67,609.0,21.0,41.0,257.0,223.0,47.0,7.0,1.0,4.0,28.0,1.0,47.0,2.0,2.0,2.0,68.0,24.0,4.0,.211,.302,.305,.607,.247,55.75,1034.0,52.0,81.0,2025
675660,Shane Drohan,158,Milwaukee Brewers,,P,2026,,,,,,,,,,,,,,,,,,,,,,,,,,,,,,,,,,,,,,,,,,,,,,,,,2025
624413,Pete Alonso,110,Baltimore Orioles,,1B,2026,164.0,142.0,32.0,10.0,0.0,7.0,21.0,0.0,40.0,1.0,0.0,0.0,63.0,21.0,4.0,.225,.329,.444,.773,.263,20.29,660.0,35.0,35.0,709.0,624.0,170.0,41.0,1.0,38.0,61.0,5.0,162.0,15.0,9.0,0.0,327.0,126.0,23.0,.272,.347,.524,.871,.305,16.42,2807.0,135.0,166.0,2025
681807,David Fry,114,Cleveland Guardians,,RF,2026,56.0,46.0,11.0,1.0,0.0,3.0,10.0,0.0,17.0,0.0,0.0,0.0,21.0,6.0,1.0,.239,.375,.457,.832,.308,15.33,257.0,8.0,10.0,157.0,146.0,25.0,4.0,0.0,8.0,9.0,0.0,58.0,2.0,0.0,0.0,53.0,23.0,3.0,.171,.229,.363,.592,.213,18.25,623.0,26.0,37.0,2025
573262,Mike Yastrzemski,144,Atlanta Braves,,LF,2026,119.0,110.0,23.0,4.0,1.0,0.0,8.0,0.0,28.0,1.0,0.0,0.0,29.0,6.0,1.0,.209,.269,.264,.533,.280,-.--,467.0,30.0,29.0,558.0,477.0,111.0,28.0,1.0,17.0,72.0,4.0,108.0,2.0,5.0,2.0,192.0,46.0,7.0,.233,.333,.403,.736,.263,28.06,2305.0,95.0,170.0,2025
681810,Austin Warren,121,New York Mets,,P,2026,,,,,,,,,,,,,,,,,,,,,,,,,,,,,,,,,,,,,,,,,,,,,,,,,2025
700241,Michael McGreevy,138,St. Louis Cardinals,,P,2026,,,,,,,,,,,,,,,,,,,,,,,,,,,,,,,,,,,,,,,,,,,,,,,,,2025
696147,Sam Bachman,108,Los Angeles Angels,,P,2026,,,,,,,,,,,,,,,,,,,,,,,,,,,,,,,,,,,,,,,,,,,,,,,,,2025
700250,Ben Rice,147,New York Yankees,,1B,2026,134.0,108.0,37.0,9.0,0.0,12.0,23.0,2.0,32.0,1.0,2.0,0.0,82.0,27.0,2.0,.343,.455,.759,1.214,.379,9.00,548.0,26.0,15.0,530.0,467.0,119.0,28.0,4.0,26.0,50.0,0.0,100.0,9.0,2.0,0.0,233.0,65.0,18.0,.255,.337,.499,.836,.271,17.96,2047.0,115.0,135.0,2025
700249,Cade Povich,110,Baltimore Orioles,,P,2026,,,,,,,,,,,,,,,,,,,,,,,,,,,,,,,,,,,,,,,,,,,,,,,,,2025
702332,Caleb Durbin,111,Boston Red Sox,,3B,2026,134.0,121.0,22.0,7.0,0.0,1.0,11.0,0.0,18.0,2.0,0.0,0.0,32.0,14.0,3.0,.182,.261,.264,.525,.206,121.00,485.0,51.0,30.0,506.0,445.0,114.0,25.0,0.0,11.0,30.0,0.0,50.0,24.0,4.0,3.0,172.0,53.0,10.0,.256,.334,.387,.721,.265,40.46,1838.0,134.0,154.0,2025
663423,Trent Thornton,112,Chicago Cubs,,P,2026,,,,,,,,,,,,,,,,,,,,,,,,,0.0,0.0,0.0,0.0,0.0,0.0,0.0,0.0,0.0,0.0,0.0,0.0,0.0,0.0,0.0,.000,.000,.000,.000,.---,-.--,0.0,0.0,0.0,2025
681867,Cooper Criswell,136,Seattle Mariners,,P,2026,,,,,,,,,,,,,,,,,,,,,,,,,,,,,,,,,,,,,,,,,,,,,,,,,2025
661388,William Contreras,158,Milwaukee Brewers,,C,2026,148.0,133.0,38.0,7.0,0.0,3.0,14.0,2.0,16.0,1.0,0.0,0.0,54.0,23.0,4.0,.286,.358,.406,.764,.307,44.33,532.0,38.0,41.0,659.0,566.0,147.0,28.0,0.0,17.0,84.0,4.0,120.0,3.0,6.0,0.0,226.0,76.0,14.0,.260,.355,.399,.754,.299,33.29,2556.0,172.0,133.0,2025
663362,Matt Waldron,135,San Diego Padres,,P,2026,,,,,,,,,,,,,,,,,,,,,,,,,,,,,,,,,,,,,,,,,,,,,,,,,2025
681870,Erik Sabrowski,114,Cleveland Guardians,,P,2026,,,,,,,,,,,,,,,,,,,,,,,,,,,,,,,,,,,,,,,,,,,,,,,,,2025
679822,Justin Foscue,140,Texas Rangers,,1B,2026,2.0,2.0,0.0,0.0,0.0,0.0,0.0,0.0,1.0,0.0,0.0,0.0,0.0,0.0,0.0,.000,.000,.000,.000,.000,-.--,12.0,1.0,0.0,9.0,9.0,1.0,1.0,0.0,0.0,0.0,0.0,3.0,0.0,0.0,0.0,2.0,2.0,0.0,.111,.111,.222,.333,.167,-.--,42.0,1.0,4.0,2025
640902,Jhonny Pereda,136,Seattle Mariners,,C,2026,5.0,5.0,2.0,0.0,0.0,0.0,0.0,0.0,1.0,0.0,0.0,0.0,2.0,0.0,0.0,.400,.400,.400,.800,.500,-.--,21.0,1.0,1.0,78.0,69.0,17.0,6.0,0.0,0.0,8.0,0.0,21.0,0.0,0.0,1.0,23.0,4.0,1.0,.246,.325,.333,.658,.354,-.--,333.0,18.0,14.0,2025
665489,Vladimir Guerrero Jr.,141,Toronto Blue Jays,,1B,2026,154.0,135.0,43.0,7.0,0.0,2.0,17.0,3.0,19.0,2.0,0.0,0.0,56.0,16.0,2.0,.319,.403,.415,.818,.360,67.50,556.0,39.0,34.0,680.0,589.0,172.0,34.0,0.0,23.0,81.0,8.0,94.0,6.0,4.0,0.0,275.0,84.0,17.0,.292,.381,.467,.848,.313,25.61,2502.0,179.0,148.0,2025
663436,Davis Martin,145,Chicago White Sox,,P,2026,,,,,,,,,,,,,,,,,,,,,,,,,,,,,,,,,,,,,,,,,,,,,,,,,2025
661395,Jhoan Duran,143,Philadelphia Phillies,,P,2026,,,,,,,,,,,,,,,,,,,,,,,,,0.0,0.0,0.0,0.0,0.0,0.0,0.0,0.0,0.0,0.0,0.0,0.0,0.0,0.0,0.0,.000,.000,.000,.000,.---,-.--,0.0,0.0,0.0,2025
622491,Luis Castillo,136,Seattle Mariners,,P,2026,,,,,,,,,,,,,,,,,,,,,,,,,,,,,,,,,,,,,,,,,,,,,,,,,2025
620443,Luis Torrens,121,New York Mets,,C,2026,42.0,39.0,7.0,3.0,0.0,0.0,1.0,0.0,8.0,1.0,0.0,1.0,10.0,6.0,0.0,.179,.220,.256,.476,.226,-.--,151.0,14.0,11.0,283.0,261.0,59.0,14.0,1.0,5.0,19.0,0.0,56.0,2.0,0.0,1.0,90.0,29.0,7.0,.226,.284,.345,.629,.270,52.20,1069.0,89.0,58.0,2025
679845,Nick Loftin,118,Kansas City Royals,,3B,2026,46.0,38.0,10.0,4.0,0.0,0.0,7.0,0.0,4.0,0.0,1.0,0.0,14.0,10.0,0.0,.263,.370,.368,.738,.286,-.--,175.0,11.0,14.0,188.0,168.0,35.0,9.0,2.0,4.0,14.0,0.0,27.0,3.0,2.0,1.0,60.0,20.0,7.0,.208,.278,.357,.635,.223,42.00,676.0,48.0,61.0,2025
663460,Kris Bubic,118,Kansas City Royals,,P,2026,,,,,,,,,,,,,,,,,,,,,,,,,,,,,,,,,,,,,,,,,,,,,,,,,2025
665487,Fernando Tatis Jr.,135,San Diego Padres,,RF,2026,155.0,135.0,34.0,5.0,1.0,0.0,14.0,1.0,38.0,1.0,4.0,1.0,41.0,13.0,3.0,.252,.318,.304,.622,.337,-.--,573.0,37.0,31.0,691.0,594.0,159.0,27.0,2.0,25.0,89.0,7.0,129.0,6.0,2.0,0.0,265.0,71.0,6.0,.268,.368,.446,.814,.303,23.76,2636.0,160.0,148.0,2025
681892,Kody Funderburk,142,Minnesota Twins,,P,2026,,,,,,,,,,,,,,,,,,,,,,,,,0.0,0.0,0.0,0.0,0.0,0.0,0.0,0.0,0.0,0.0,0.0,0.0,0.0,0.0,0.0,.000,.000,.000,.000,.---,-.--,0.0,0.0,0.0,2025
677800,Wilyer Abreu,111,Boston Red Sox,,RF,2026,159.0,140.0,42.0,6.0,1.0,5.0,18.0,0.0,31.0,0.0,1.0,0.0,65.0,17.0,5.0,.300,.377,.464,.841,.352,28.00,631.0,26.0,42.0,417.0,373.0,92.0,17.0,0.0,22.0,40.0,5.0,101.0,0.0,3.0,1.0,175.0,69.0,8.0,.247,.317,.469,.786,.277,16.96,1600.0,63.0,121.0,2025
694192,Jackson Chourio,158,Milwaukee Brewers,,CF,2026,10.0,9.0,6.0,3.0,0.0,0.0,1.0,0.0,1.0,0.0,0.0,0.0,9.0,1.0,0.0,.667,.700,1.000,1.700,.750,-.--,41.0,1.0,1.0,589.0,549.0,148.0,35.0,4.0,21.0,30.0,1.0,121.0,3.0,6.0,1.0,254.0,78.0,13.0,.270,.308,.463,.771,.308,26.14,2108.0,129.0,158.0,2025
700337,Edgar Quero,145,Chicago White Sox,,C,2026,93.0,78.0,12.0,1.0,0.0,0.0,9.0,0.0,22.0,2.0,2.0,2.0,13.0,6.0,4.0,.154,.253,.167,.420,.207,-.--,360.0,30.0,18.0,403.0,365.0,98.0,17.0,0.0,5.0,32.0,0.0,71.0,4.0,2.0,0.0,130.0,36.0,8.0,.268,.333,.356,.689,.320,73.00,1583.0,107.0,91.0,2025
683953,Travis Bazzana,114,Cleveland Guardians,,2B,2026,34.0,26.0,5.0,0.0,0.0,0.0,7.0,1.0,5.0,1.0,0.0,0.0,5.0,2.0,0.0,.192,.382,.192,.574,.238,-.--,126.0,9.0,7.0,,,,,,,,,,,,,,,,,,,,,,,,,2025
810938,Ben Williamson,139,Tampa Bay Rays,,2B,2026,113.0,101.0,27.0,5.0,1.0,0.0,11.0,0.0,22.0,0.0,0.0,1.0,34.0,12.0,3.0,.267,.339,.337,.676,.342,-.--,460.0,29.0,24.0,295.0,277.0,70.0,13.0,0.0,1.0,15.0,0.0,64.0,1.0,0.0,2.0,86.0,21.0,5.0,.253,.294,.310,.604,.325,277.00,1216.0,90.0,55.0,2025
694212,Samuel Basallo,110,Baltimore Orioles,,C,2026,116.0,105.0,27.0,5.0,1.0,5.0,11.0,1.0,29.0,0.0,0.0,0.0,49.0,14.0,1.0,.257,.328,.467,.795,.310,21.00,415.0,22.0,27.0,118.0,109.0,18.0,6.0,0.0,4.0,6.0,0.0,30.0,3.0,0.0,0.0,36.0,15.0,4.0,.165,.229,.330,.559,.187,27.25,443.0,36.0,25.0,2025
694208,Moisés Ballesteros,112,Chicago Cubs,,C,2026,105.0,93.0,26.0,5.0,0.0,6.0,10.0,0.0,17.0,0.0,2.0,0.0,49.0,19.0,0.0,.280,.343,.527,.870,.278,15.50,392.0,26.0,26.0,66.0,57.0,17.0,2.0,1.0,2.0,9.0,1.0,12.0,0.0,0.0,0.0,27.0,11.0,2.0,.298,.394,.474,.868,.349,28.50,249.0,21.0,7.0,2025
624585,Jorge Soler,108,Los Angeles Angels,,RF,2026,146.0,122.0,29.0,5.0,0.0,8.0,17.0,0.0,45.0,4.0,3.0,0.0,58.0,28.0,5.0,.238,.342,.475,.817,.292,15.25,609.0,22.0,29.0,315.0,279.0,60.0,12.0,0.0,12.0,28.0,0.0,94.0,4.0,3.0,0.0,108.0,34.0,5.0,.215,.293,.387,.680,.273,23.25,1290.0,61.0,67.0,2025
655316,Andruw Monasterio,111,Boston Red Sox,,SS,2026,60.0,55.0,12.0,4.0,0.0,1.0,5.0,0.0,12.0,0.0,0.0,0.0,19.0,9.0,1.0,.218,.283,.345,.628,.262,55.00,261.0,14.0,17.0,135.0,126.0,34.0,9.0,0.0,4.0,7.0,0.0,32.0,2.0,0.0,0.0,55.0,16.0,1.0,.270,.319,.437,.756,.333,31.50,558.0,19.0,41.0,2025
665561,Rafael Marchán,143,Philadelphia Phillies,,C,2026,57.0,54.0,4.0,0.0,0.0,1.0,1.0,0.0,12.0,2.0,0.0,0.0,7.0,2.0,2.0,.074,.123,.130,.253,.073,54.00,216.0,13.0,25.0,118.0,105.0,22.0,4.0,0.0,2.0,10.0,0.0,17.0,1.0,1.0,1.0,32.0,13.0,1.0,.210,.282,.305,.587,.230,52.50,459.0,41.0,27.0,2025
679883,Luinder Avila,118,Kansas City Royals,,P,2026,,,,,,,,,,,,,,,,,,,,,,,,,0.0,0.0,0.0,0.0,0.0,0.0,0.0,0.0,0.0,0.0,0.0,0.0,0.0,0.0,0.0,.000,.000,.000,.000,.---,-.--,0.0,0.0,0.0,2025
684007,Shota Imanaga,112,Chicago Cubs,,P,2026,,,,,,,,,,,,,,,,,,,,,,,,,,,,,,,,,,,,,,,,,,,,,,,,,2025
489446,Kirby Yates,108,Los Angeles Angels,,P,2026,,,,,,,,,,,,,,,,,,,,,,,,,,,,,,,,,,,,,,,,,,,,,,,,,2025
681911,Alex Vesia,119,Los Angeles Dodgers,,P,2026,,,,,,,,,,,,,,,,,,,,,,,,,,,,,,,,,,,,,,,,,,,,,,,,,2025
677865,Justin Bruihl,138,St. Louis Cardinals,,P,2026,,,,,,,,,,,,,,,,,,,,,,,,,,,,,,,,,,,,,,,,,,,,,,,,,2025
815083,Mitch Farris,108,Los Angeles Angels,,P,2026,,,,,,,,,,,,,,,,,,,,,,,,,,,,,,,,,,,,,,,,,,,,,,,,,2025
606192,Teoscar Hernández,119,Los Angeles Dodgers,,LF,2026,135.0,121.0,28.0,4.0,0.0,4.0,13.0,1.0,40.0,0.0,1.0,0.0,44.0,17.0,5.0,.231,.304,.364,.668,.308,30.25,538.0,23.0,31.0,546.0,511.0,126.0,29.0,1.0,25.0,26.0,0.0,134.0,3.0,5.0,0.0,232.0,89.0,13.0,.247,.284,.454,.738,.283,20.44,2139.0,136.0,120.0,2025
671732,Lawrence Butler,133,Athletics,,RF,2026,121.0,106.0,19.0,3.0,0.0,3.0,15.0,1.0,31.0,0.0,0.0,0.0,31.0,12.0,3.0,.179,.281,.292,.573,.222,35.33,492.0,32.0,24.0,630.0,569.0,133.0,30.0,2.0,21.0,59.0,0.0,179.0,0.0,0.0,2.0,230.0,63.0,7.0,.234,.306,.404,.710,.304,27.10,2517.0,137.0,122.0,2025
663542,Bryan Hudson,145,Chicago White Sox,,P,2026,,,,,,,,,,,,,,,,,,,,,,,,,,,,,,,,,,,,,,,,,,,,,,,,,2025
671737,Taj Bradley,142,Minnesota Twins,,P,2026,,,,,,,,,,,,,,,,,,,,,,,,,,,,,,,,,,,,,,,,,,,,,,,,,2025
663538,Nico Hoerner,112,Chicago Cubs,,2B,2026,172.0,149.0,43.0,11.0,0.0,4.0,16.0,0.0,14.0,4.0,3.0,0.0,66.0,28.0,3.0,.289,.366,.443,.809,.291,37.25,615.0,36.0,59.0,649.0,599.0,178.0,29.0,4.0,7.0,39.0,1.0,49.0,7.0,4.0,0.0,236.0,61.0,4.0,.297,.345,.394,.739,.313,85.57,2305.0,179.0,197.0,2025
622554,Seranthony Domínguez,145,Chicago White Sox,,P,2026,,,,,,,,,,,,,,,,,,,,,,,,,0.0,0.0,0.0,0.0,0.0,0.0,0.0,0.0,0.0,0.0,0.0,0.0,0.0,0.0,0.0,.000,.000,.000,.000,.---,-.--,0.0,0.0,0.0,2025
681982,Grant Anderson,158,Milwaukee Brewers,,P,2026,,,,,,,,,,,,,,,,,,,,,,,,,,,,,,,,,,,,,,,,,,,,,,,,,2025
671739,Michael Harris II,144,Atlanta Braves,,CF,2026,122.0,115.0,34.0,4.0,0.0,7.0,6.0,0.0,22.0,0.0,1.0,0.0,59.0,22.0,1.0,.296,.328,.513,.841,.310,16.43,451.0,38.0,22.0,641.0,611.0,152.0,26.0,6.0,20.0,16.0,1.0,128.0,3.0,7.0,4.0,250.0,86.0,7.0,.249,.268,.409,.677,.281,30.55,2177.0,193.0,149.0,2025
808959,Munetaka Murakami,145,Chicago White Sox,,1B,2026,160.0,131.0,31.0,1.0,0.0,14.0,28.0,3.0,55.0,0.0,1.0,0.0,74.0,28.0,1.0,.237,.369,.565,.934,.270,9.36,687.0,20.0,26.0,,,,,,,,,,,,,,,,,,,,,,,,,2025
