batter_id,batter_name,team_id,team_name,batSide,primaryPosition,season,plateAppearances,atBats,hits,doubles,triples,homeRuns,baseOnBalls,intentionalWalks,strikeOuts,hitByPitch,sacFlies,sacBunts,totalBases,rbi,groundIntoDoublePlay,avg,obp,slg,ops,babip,atBatsPerHomeRun,numberOfPitches,groundOuts,airOuts,plateAppearances_prev,atBats_prev,hits_prev,doubles_prev,triples_prev,homeRuns_prev,baseOnBalls_prev,intentionalWalks_prev,strikeOuts_prev,hitByPitch_prev,sacFlies_prev,sacBunts_prev,totalBases_prev,rbi_prev,groundIntoDoublePlay_prev,avg_prev,obp_prev,slg_prev,ops_prev,babip_prev,atBatsPerHomeRun_prev,numberOfPitches_prev,groundOuts_prev,airOuts_prev,season_prev
663556,Shane McClanahan,139,Tampa Bay Rays,,P,2026,,,,,,,,,,,,,,,,,,,,,,,,,,,,,,,,,,,,,,,,,,,,,,,,,2025
624641,Edmundo Sosa,143,Philadelphia Phillies,,2B,2026,48.0,46.0,13.0,3.0,0.0,1.0,2.0,0.0,9.0,0.0,0.0,0.0,19.0,8.0,1.0,.283,.313,.413,.726,.333,46.00,176.0,14.0,10.0,261.0,243.0,67.0,12.0,1.0,11.0,10.0,0.0,56.0,2.0,2.0,3.0,114.0,39.0,7.0,.276,.307,.469,.776,.315,22.09,942.0,67.0,58.0,2025
669699,Braden Shewmake,117,Houston Astros,,2B,2026,10.0,10.0,2.0,0.0,0.0,1.0,0.0,0.0,3.0,0.0,0.0,0.0,5.0,1.0,0.0,.200,.200,.500,.700,.167,10.00,40.0,1.0,4.0,,,,,,,,,,,,,,,,,,,,,,,,,2025
808963,Roki Sasaki,119,Los Angeles Dodgers,,P,2026,,,,,,,,,,,,,,,,,,,,,,,,,,,,,,,,,,,,,,,,,,,,,,,,,2025
663558,Jovani Morán,111,Boston Red Sox,,P,2026,,,,,,,,,,,,,,,,,,,,,,,,,,,,,,,,,,,,,,,,,,,,,,,,,2025
669701,Josh Smith,140,Texas Rangers,,2B,2026,100.0,85.0,16.0,2.0,0.0,0.0,13.0,1.0,20.0,1.0,1.0,0.0,18.0,6.0,1.0,.188,.300,.212,.512,.242,-.--,395.0,18.0,32.0,563.0,495.0,124.0,23.0,2.0,10.0,55.0,2.0,100.0,8.0,1.0,3.0,181.0,35.0,3.0,.251,.335,.366,.701,.295,49.50,2287.0,139.0,136.0,2025
595978,Austin Hedges,114,Cleveland Guardians,,C,2026,39.0,35.0,10.0,2.0,0.0,0.0,3.0,0.0,8.0,0.0,1.0,0.0,12.0,2.0,0.0,.286,.333,.343,.676,.357,-.--,153.0,13.0,5.0,180.0,155.0,25.0,3.0,0.0,5.0,18.0,0.0,43.0,1.0,2.0,4.0,43.0,10.0,2.0,.161,.250,.277,.527,.183,31.00,696.0,35.0,58.0,2025
663567,Peter Lambert,117,Houston Astros,,P,2026,,,,,,,,,,,,,,,,,,,,,,,,,,,,,,,,,,,,,,,,,,,,,,,,,2025
657424,Matt Gage,137,San Francisco Giants,,P,2026,,,,,,,,,,,,,,,,,,,,,,,,,,,,,,,,,,,,,,,,,,,,,,,,,2025
669711,Greg Weissert,111,Boston Red Sox,,P,2026,,,,,,,,,,,,,,,,,,,,,,,,,,,,,,,,,,,,,,,,,,,,,,,,,2025
808975,Hyeseong Kim,119,Los Angeles Dodgers,,SS,2026,64.0,56.0,17.0,3.0,0.0,1.0,7.0,0.0,13.0,0.0,1.0,0.0,23.0,7.0,1.0,.304,.375,.411,.786,.372,56.00,254.0,14.0,13.0,170.0,161.0,45.0,6.0,1.0,3.0,7.0,0.0,52.0,1.0,0.0,1.0,62.0,17.0,0.0,.280,.314,.385,.699,.396,53.67,660.0,38.0,27.0,2025
669717,Will Wilson,136,Seattle Mariners,,3B,2026,6.0,5.0,1.0,0.0,0.0,1.0,1.0,0.0,1.0,0.0,0.0,0.0,4.0,2.0,0.0,.200,.333,.800,1.133,.000,5.00,25.0,2.0,1.0,91.0,78.0,15.0,4.0,0.0,0.0,7.0,0.0,34.0,1.0,0.0,5.0,19.0,2.0,1.0,.192,.267,.244,.511,.341,-.--,368.0,15.0,19.0,2025
667670,Brent Rooker,133,Athletics,,RF,2026,68.0,59.0,8.0,0.0,0.0,3.0,7.0,0.0,22.0,0.0,2.0,0.0,17.0,11.0,2.0,.136,.221,.288,.509,.139,19.67,225.0,14.0,17.0,699.0,626.0,164.0,40.0,3.0,30.0,65.0,4.0,155.0,5.0,2.0,0.0,300.0,89.0,13.0,.262,.335,.479,.814,.302,20.87,2575.0,132.0,177.0,2025
663574,Tony Santillan,113,Cincinnati Reds,,P,2026,,,,,,,,,,,,,,,,,,,,,,,,,,,,,,,,,,,,,,,,,,,,,,,,,2025
665622,Luis Medina,133,Athletics,,P,2026,,,,,,,,,,,,,,,,,,,,,,,,,,,,,,,,,,,,,,,,,,,,,,,,,2025
808967,Yoshinobu Yamamoto,119,Los Angeles Dodgers,,P,2026,,,,,,,,,,,,,,,,,,,,,,,,,,,,,,,,,,,,,,,,,,,,,,,,,2025
694297,Brandon Pfaadt,109,Arizona Diamondbacks,,P,2026,,,,,,,,,,,,,,,,,,,,,,,,,,,,,,,,,,,,,,,,,,,,,,,,,2025
808982,Jung Hoo Lee,137,San Francisco Giants,,RF,2026,125.0,114.0,34.0,8.0,1.0,2.0,9.0,0.0,17.0,0.0,2.0,0.0,50.0,11.0,3.0,.298,.344,.439,.783,.330,57.00,465.0,32.0,33.0,617.0,560.0,149.0,31.0,12.0,8.0,47.0,0.0,71.0,6.0,4.0,0.0,228.0,55.0,2.0,.266,.327,.407,.734,.291,70.00,2351.0,182.0,162.0,2025
669720,Austin Hays,145,Chicago White Sox,,LF,2026,44.0,43.0,10.0,1.0,0.0,1.0,1.0,1.0,13.0,0.0,0.0,0.0,14.0,7.0,1.0,.233,.250,.326,.576,.310,43.00,166.0,15.0,5.0,416.0,380.0,101.0,16.0,5.0,15.0,29.0,2.0,107.0,1.0,6.0,0.0,172.0,64.0,9.0,.266,.315,.453,.768,.326,25.33,1559.0,86.0,92.0,2025
669724,Brenan Hanifee,116,Detroit Tigers,,P,2026,,,,,,,,,,,,,,,,,,,,,,,,,,,,,,,,,,,,,,,,,,,,,,,,,2025
669743,Alex Call,119,Los Angeles Dodgers,,LF,2026,37.0,29.0,9.0,2.0,0.0,0.0,7.0,0.0,4.0,1.0,0.0,0.0,11.0,3.0,1.0,.310,.459,.379,.838,.360,-.--,169.0,9.0,7.0,322.0,270.0,72.0,13.0,2.0,5.0,36.0,0.0,55.0,6.0,4.0,6.0,104.0,31.0,6.0,.267,.361,.385,.746,.313,54.00,1314.0,80.0,73.0,2025
593958,Eduardo Rodriguez,109,Arizona Diamondbacks,,P,2026,,,,,,,,,,,,,,,,,,,,,,,,,,,,,,,,,,,,,,,,,,,,,,,,,2025
593974,Wandy Peralta,135,San Diego Padres,,P,2026,,,,,,,,,,,,,,,,,,,,,,,,,,,,,,,,,,,,,,,,,,,,,,,,,2025
571448,Nolan Arenado,109,Arizona Diamondbacks,,3B,2026,109.0,102.0,28.0,2.0,0.0,5.0,6.0,0.0,22.0,0.0,1.0,0.0,45.0,17.0,4.0,.275,.312,.441,.753,.303,20.40,436.0,21.0,32.0,436.0,401.0,95.0,18.0,1.0,12.0,28.0,4.0,49.0,3.0,4.0,0.0,151.0,52.0,10.0,.237,.289,.377,.666,.241,33.42,1586.0,101.0,160.0,2025
677944,Slade Cecconi,114,Cleveland Guardians,,P,2026,,,,,,,,,,,,,,,,,,,,,,,,,,,,,,,,,,,,,,,,,,,,,,,,,2025
677950,Alek Thomas,109,Arizona Diamondbacks,,CF,2026,92.0,87.0,16.0,8.0,0.0,2.0,3.0,0.0,21.0,1.0,0.0,1.0,30.0,10.0,1.0,.184,.220,.345,.565,.219,43.50,328.0,23.0,28.0,469.0,433.0,108.0,19.0,3.0,9.0,21.0,0.0,122.0,5.0,4.0,6.0,160.0,38.0,2.0,.249,.289,.370,.659,.324,48.11,1678.0,131.0,82.0,2025
596001,Jakob Junis,140,Texas Rangers,,P,2026,,,,,,,,,,,,,,,,,,,,,,,,,,,,,,,,,,,,,,,,,,,,,,,,,2025
694335,Matt Svanson,138,St. Louis Cardinals,,P,2026,,,,,,,,,,,,,,,,,,,,,,,,,,,,,,,,,,,,,,,,,,,,,,,,,2025
663616,Trevor Larnach,142,Minnesota Twins,,LF,2026,85.0,67.0,18.0,4.0,1.0,1.0,18.0,1.0,15.0,0.0,0.0,0.0,27.0,8.0,3.0,.269,.424,.403,.827,.333,67.00,361.0,15.0,19.0,567.0,503.0,126.0,24.0,1.0,17.0,53.0,2.0,122.0,4.0,6.0,0.0,203.0,60.0,19.0,.250,.323,.404,.727,.295,29.59,2191.0,124.0,137.0,2025
663604,Brandon Lockridge,158,Milwaukee Brewers,,LF,2026,85.0,74.0,19.0,3.0,0.0,0.0,10.0,0.0,24.0,0.0,0.0,1.0,22.0,8.0,0.0,.257,.345,.297,.642,.380,-.--,374.0,25.0,7.0,148.0,134.0,31.0,7.0,1.0,0.0,8.0,0.0,36.0,1.0,2.0,3.0,40.0,11.0,2.0,.231,.276,.299,.575,.310,-.--,578.0,44.0,28.0,2025
677952,Braxton Ashcraft,134,Pittsburgh Pirates,,P,2026,,,,,,,,,,,,,,,,,,,,,,,,,,,,,,,,,,,,,,,,,,,,,,,,,2025
677942,Blaze Alexander,110,Baltimore Orioles,,3B,2026,73.0,65.0,12.0,2.0,0.0,0.0,5.0,0.0,21.0,1.0,0.0,1.0,14.0,1.0,3.0,.185,.254,.215,.469,.273,-.--,283.0,21.0,12.0,266.0,230.0,53.0,12.0,1.0,7.0,22.0,0.0,86.0,10.0,1.0,3.0,88.0,28.0,5.0,.230,.323,.383,.706,.333,32.86,1042.0,54.0,41.0,2025
677951,Bobby Witt Jr.,118,Kansas City Royals,,SS,2026,144.0,125.0,36.0,9.0,1.0,2.0,17.0,2.0,24.0,0.0,2.0,0.0,53.0,15.0,4.0,.288,.368,.424,.792,.337,62.50,550.0,22.0,45.0,687.0,623.0,184.0,47.0,6.0,23.0,49.0,8.0,125.0,8.0,7.0,0.0,312.0,88.0,7.0,.295,.351,.501,.852,.334,27.09,2511.0,124.0,197.0,2025
608324,Alex Bregman,112,Chicago Cubs,,3B,2026,147.0,128.0,33.0,4.0,1.0,3.0,17.0,1.0,21.0,1.0,1.0,0.0,48.0,12.0,6.0,.258,.347,.375,.722,.286,42.67,590.0,33.0,42.0,495.0,433.0,118.0,28.0,0.0,18.0,51.0,3.0,70.0,9.0,2.0,0.0,200.0,62.0,12.0,.273,.360,.462,.822,.288,24.06,1947.0,101.0,146.0,2025
682052,Jacob Lopez,133,Athletics,,P,2026,,,,,,,,,,,,,,,,,,,,,,,,,,,,,,,,,,,,,,,,,,,,,,,,,2025
677956,Rece Hinds,113,Cincinnati Reds,,RF,2026,35.0,32.0,4.0,3.0,0.0,0.0,1.0,0.0,17.0,1.0,1.0,0.0,7.0,5.0,0.0,.125,.171,.219,.390,.250,-.--,145.0,5.0,7.0,44.0,43.0,5.0,1.0,0.0,2.0,1.0,0.0,21.0,0.0,0.0,0.0,12.0,3.0,1.0,.116,.136,.279,.415,.150,21.50,171.0,13.0,4.0,2025
677960,Ryan Weathers,147,New York Yankees,,P,2026,,,,,,,,,,,,,,,,,,,,,,,,,,,,,,,,,,,,,,,,,,,,,,,,,2025
663623,Jake Irvin,120,Washington Nationals,,P,2026,,,,,,,,,,,,,,,,,,,,,,,,,,,,,,,,,,,,,,,,,,,,,,,,,2025
677961,Cole Wilcox,136,Seattle Mariners,,P,2026,,,,,,,,,,,,,,,,,,,,,,,,,,,,,,,,,,,,,,,,,,,,,,,,,2025
608331,Max Fried,147,New York Yankees,,P,2026,,,,,,,,,,,,,,,,,,,,,,,,,,,,,,,,,,,,,,,,,,,,,,,,,2025
694361,Will Klein,119,Los Angeles Dodgers,,P,2026,,,,,,,,,,,,,,,,,,,,,,,,,,,,,,,,,,,,,,,,,,,,,,,,,2025
694363,Jared Shuster,138,St. Louis Cardinals,,P,2026,,,,,,,,,,,,,,,,,,,,,,,,,,,,,,,,,,,,,,,,,,,,,,,,,2025
622663,Luis Severino,133,Athletics,,P,2026,,,,,,,,,,,,,,,,,,,,,,,,,,,,,,,,,,,,,,,,,,,,,,,,,2025
663647,Ke'Bryan Hayes,113,Cincinnati Reds,,3B,2026,86.0,80.0,10.0,1.0,1.0,1.0,6.0,0.0,12.0,0.0,0.0,0.0,16.0,1.0,0.0,.125,.186,.200,.386,.134,80.00,292.0,20.0,38.0,570.0,527.0,124.0,16.0,3.0,5.0,36.0,1.0,111.0,5.0,1.0,1.0,161.0,49.0,12.0,.235,.290,.306,.596,.289,105.40,2154.0,154.0,140.0,2025
677958,Kumar Rocker,140,Texas Rangers,,P,2026,,,,,,,,,,,,,,,,,,,,,,,,,,,,,,,,,,,,,,,,,,,,,,,,,2025
694377,Nick Yorke,134,Pittsburgh Pirates,,3B,2026,78.0,68.0,15.0,3.0,0.0,1.0,7.0,0.0,15.0,2.0,1.0,0.0,21.0,6.0,3.0,.221,.308,.309,.617,.264,68.00,304.0,23.0,16.0,72.0,69.0,16.0,3.0,0.0,1.0,3.0,0.0,15.0,0.0,0.0,0.0,22.0,8.0,1.0,.232,.264,.319,.583,.283,69.00,284.0,21.0,17.0,2025
663656,Kyle Tucker,119,Los Angeles Dodgers,,RF,2026,137.0,118.0,28.0,6.0,0.0,3.0,17.0,0.0,29.0,0.0,2.0,0.0,43.0,16.0,0.0,.237,.328,.364,.692,.284,39.33,520.0,24.0,39.0,597.0,500.0,133.0,25.0,4.0,22.0,87.0,7.0,88.0,4.0,3.0,1.0,232.0,73.0,8.0,.266,.377,.464,.841,.282,22.73,2306.0,114.0,169.0,2025
608348,Carson Kelly,112,Chicago Cubs,,C,2026,92.0,79.0,25.0,4.0,0.0,2.0,12.0,0.0,15.0,1.0,0.0,0.0,35.0,11.0,2.0,.316,.413,.443,.856,.371,39.50,353.0,18.0,21.0,421.0,369.0,92.0,13.0,1.0,17.0,45.0,0.0,80.0,3.0,4.0,0.0,158.0,50.0,11.0,.249,.333,.428,.761,.272,21.71,1667.0,88.0,113.0,2025
694384,Nolan Schanuel,108,Los Angeles Angels,,1B,2026,129.0,116.0,28.0,6.0,0.0,3.0,10.0,0.0,19.0,1.0,2.0,0.0,43.0,19.0,8.0,.241,.302,.371,.673,.260,38.67,501.0,44.0,27.0,564.0,488.0,129.0,23.0,1.0,12.0,59.0,4.0,71.0,10.0,4.0,3.0,190.0,53.0,10.0,.264,.353,.389,.742,.286,40.67,2150.0,139.0,156.0,2025
694374,Tim Tawa,109,Arizona Diamondbacks,,LF,2026,53.0,45.0,7.0,2.0,0.0,1.0,6.0,0.0,11.0,0.0,1.0,1.0,12.0,6.0,1.0,.156,.250,.267,.517,.176,45.00,229.0,17.0,12.0,225.0,199.0,40.0,8.0,0.0,7.0,20.0,0.0,64.0,1.0,3.0,2.0,69.0,18.0,6.0,.201,.274,.347,.621,.252,28.43,876.0,54.0,46.0,2025
694376,Shay Whitcomb,117,Houston Astros,,3B,2026,13.0,12.0,1.0,0.0,0.0,1.0,1.0,0.0,7.0,0.0,0.0,0.0,4.0,3.0,0.0,.083,.154,.333,.487,.000,12.00,48.0,0.0,4.0,32.0,32.0,4.0,0.0,0.0,1.0,0.0,0.0,10.0,0.0,0.0,0.0,7.0,1.0,0.0,.125,.125,.219,.344,.143,32.00,138.0,10.0,8.0,2025
690291,Jace Jung,116,Detroit Tigers,,3B,2026,2.0,1.0,0.0,0.0,0.0,0.0,1.0,0.0,0.0,0.0,0.0,0.0,0.0,0.0,0.0,.000,.500,.000,.500,.000,-.--,6.0,0.0,1.0,55.0,47.0,5.0,0.0,0.0,0.0,7.0,0.0,16.0,1.0,0.0,0.0,5.0,3.0,2.0,.106,.236,.106,.342,.161,-.--,222.0,14.0,12.0,2025
608369,Corey Seager,140,Texas Rangers,,SS,2026,135.0,114.0,24.0,6.0,0.0,6.0,18.0,2.0,35.0,1.0,2.0,0.0,48.0,17.0,3.0,.211,.319,.421,.740,.240,19.00,523.0,29.0,28.0,445.0,380.0,103.0,19.0,0.0,21.0,58.0,10.0,87.0,5.0,2.0,0.0,185.0,50.0,13.0,.271,.373,.487,.860,.299,18.10,1668.0,100.0,92.0,2025
608379,Michael Wacha,118,Kansas City Royals,,P,2026,,,,,,,,,,,,,,,,,,,,,,,,,,,,,,,,,,,,,,,,,,,,,,,,,2025
678022,Jack Perkins,133,Athletics,,P,2026,0.0,0.0,0.0,0.0,0.0,0.0,0.0,0.0,0.0,0.0,0.0,0.0,0.0,0.0,0.0,.000,.000,.000,.000,.---,-.--,0.0,0.0,0.0,,,,,,,,,,,,,,,,,,,,,,,,,2025
663687,Hogan Harris,133,Athletics,,P,2026,,,,,,,,,,,,,,,,,,,,,,,,,,,,,,,,,,,,,,,,,,,,,,,,,2025
667755,José Soriano,108,Los Angeles Angels,,P,2026,,,,,,,,,,,,,,,,,,,,,,,,,,,,,,,,,,,,,,,,,,,,,,,,,2025
682120,Tim Herrin,114,Cleveland Guardians,,P,2026,,,,,,,,,,,,,,,,,,,,,,,,,0.0,0.0,0.0,0.0,0.0,0.0,0.0,0.0,0.0,0.0,0.0,0.0,0.0,0.0,0.0,.000,.000,.000,.000,.---,-.--,0.0,0.0,0.0,2025
686217,Sal Frelick,158,Milwaukee Brewers,,RF,2026,114.0,95.0,20.0,2.0,0.0,3.0,13.0,1.0,13.0,1.0,2.0,0.0,31.0,9.0,2.0,.211,.306,.326,.632,.210,31.67,457.0,36.0,28.0,594.0,528.0,152.0,20.0,3.0,12.0,47.0,0.0,80.0,7.0,5.0,3.0,214.0,63.0,4.0,.288,.351,.405,.756,.317,44.00,2311.0,153.0,151.0,2025
673929,Jordan Leasure,145,Chicago White Sox,,P,2026,,,,,,,,,,,,,,,,,,,,,,,,,0.0,0.0,0.0,0.0,0.0,0.0,0.0,0.0,0.0,0.0,0.0,0.0,0.0,0.0,0.0,.000,.000,.000,.000,.---,-.--,0.0,0.0,0.0,2025
596103,Austin Slater,121,New York Mets,,LF,2026,32.0,27.0,5.0,0.0,0.0,0.0,4.0,0.0,10.0,0.0,1.0,0.0,5.0,1.0,0.0,.185,.281,.185,.466,.278,-.--,133.0,4.0,9.0,160.0,148.0,32.0,6.0,1.0,5.0,11.0,0.0,51.0,0.0,0.0,1.0,55.0,13.0,6.0,.216,.270,.372,.642,.293,29.60,644.0,39.0,27.0,2025
571510,Matthew Boyd,112,Chicago Cubs,,P,2026,,,,,,,,,,,,,,,,,,,,,,,,,,,,,,,,,,,,,,,,,,,,,,,,,2025
645261,Sandy Alcantara,146,Miami Marlins,,P,2026,,,,,,,,,,,,,,,,,,,,,,,,,,,,,,,,,,,,,,,,,,,,,,,,,2025
665742,Juan Soto,121,New York Mets,,LF,2026,72.0,61.0,21.0,4.0,0.0,3.0,11.0,1.0,9.0,0.0,0.0,0.0,34.0,8.0,0.0,.344,.444,.557,1.001,.367,20.33,293.0,14.0,17.0,715.0,577.0,152.0,20.0,1.0,43.0,127.0,13.0,137.0,3.0,6.0,1.0,303.0,105.0,17.0,.263,.396,.525,.921,.270,13.42,2968.0,156.0,139.0,2025
647304,Josh Naylor,136,Seattle Mariners,,1B,2026,130.0,117.0,25.0,2.0,0.0,4.0,11.0,1.0,22.0,1.0,1.0,0.0,39.0,15.0,4.0,.214,.285,.333,.618,.228,29.25,414.0,31.0,40.0,604.0,543.0,160.0,29.0,1.0,20.0,48.0,4.0,83.0,4.0,5.0,0.0,251.0,92.0,17.0,.295,.353,.462,.815,.315,27.15,2013.0,158.0,147.0,2025
643217,Andrew Benintendi,145,Chicago White Sox,,LF,2026,102.0,94.0,19.0,5.0,2.0,2.0,6.0,0.0,36.0,0.0,2.0,0.0,34.0,15.0,1.0,.202,.245,.362,.607,.293,47.00,397.0,16.0,25.0,470.0,420.0,101.0,16.0,2.0,20.0,40.0,2.0,82.0,3.0,6.0,0.0,181.0,63.0,5.0,.240,.307,.431,.738,.250,21.00,1721.0,88.0,155.0,2025
675989,Cody Bolton,117,Houston Astros,,P,2026,,,,,,,,,,,,,,,,,,,,,,,,,,,,,,,,,,,,,,,,,,,,,,,,,2025
663698,Joey Bart,134,Pittsburgh Pirates,,C,2026,45.0,41.0,8.0,1.0,0.0,1.0,2.0,0.0,17.0,1.0,1.0,0.0,12.0,3.0,0.0,.195,.244,.293,.537,.292,41.00,180.0,7.0,10.0,332.0,285.0,71.0,12.0,1.0,4.0,40.0,0.0,93.0,7.0,0.0,0.0,97.0,30.0,14.0,.249,.355,.340,.695,.356,71.25,1345.0,72.0,49.0,2025
596115,Trevor Story,111,Boston Red Sox,,SS,2026,135.0,126.0,26.0,6.0,0.0,2.0,7.0,0.0,40.0,0.0,2.0,0.0,38.0,17.0,4.0,.206,.244,.302,.546,.279,63.00,484.0,31.0,31.0,654.0,612.0,161.0,29.0,0.0,25.0,33.0,1.0,176.0,7.0,1.0,1.0,265.0,96.0,3.0,.263,.308,.433,.741,.330,24.48,2472.0,129.0,148.0,2025
686218,Emmet Sheehan,119,Los Angeles Dodgers,,P,2026,,,,,,,,,,,,,,,,,,,,,,,,,,,,,,,,,,,,,,,,,,,,,,,,,2025
596133,Luke Weaver,121,New York Mets,,P,2026,0.0,0.0,0.0,0.0,0.0,0.0,0.0,0.0,0.0,0.0,0.0,0.0,0.0,0.0,0.0,.000,.000,.000,.000,.---,-.--,0.0,0.0,0.0,,,,,,,,,,,,,,,,,,,,,,,,,2025
665750,Leody Taveras,110,Baltimore Orioles,,CF,2026,82.0,69.0,19.0,3.0,1.0,2.0,12.0,0.0,16.0,0.0,0.0,1.0,30.0,17.0,0.0,.275,.383,.435,.818,.333,34.50,315.0,8.0,27.0,180.0,171.0,35.0,6.0,1.0,3.0,5.0,0.0,50.0,0.0,1.0,3.0,52.0,17.0,0.0,.205,.226,.304,.530,.269,57.00,693.0,33.0,57.0,2025
647336,Michael Soroka,109,Arizona Diamondbacks,,P,2026,,,,,,,,,,,,,,,,,,,,,,,,,,,,,,,,,,,,,,,,,,,,,,,,,2025
673962,Josh Jung,140,Texas Rangers,,3B,2026,118.0,106.0,34.0,11.0,0.0,4.0,10.0,0.0,19.0,1.0,1.0,0.0,57.0,19.0,4.0,.321,.381,.538,.919,.357,26.50,439.0,27.0,27.0,511.0,482.0,121.0,23.0,1.0,14.0,27.0,0.0,129.0,2.0,0.0,0.0,188.0,61.0,10.0,.251,.294,.390,.684,.316,34.43,1931.0,108.0,124.0,2025
596142,Gary Sánchez,158,Milwaukee Brewers,,C,2026,79.0,63.0,14.0,2.0,1.0,5.0,15.0,0.0,16.0,1.0,0.0,0.0,33.0,14.0,2.0,.222,.380,.524,.904,.214,12.60,349.0,16.0,17.0,101.0,91.0,21.0,2.0,0.0,5.0,4.0,0.0,27.0,5.0,1.0,0.0,38.0,24.0,2.0,.231,.297,.418,.715,.267,18.20,415.0,21.0,23.0,2025
663728,Cal Raleigh,136,Seattle Mariners,,C,2026,147.0,129.0,24.0,4.0,0.0,7.0,16.0,0.0,43.0,0.0,2.0,0.0,49.0,18.0,2.0,.186,.272,.380,.652,.210,18.43,648.0,20.0,44.0,705.0,596.0,147.0,24.0,0.0,60.0,97.0,17.0,188.0,9.0,3.0,0.0,351.0,125.0,6.0,.247,.359,.589,.948,.248,9.93,2833.0,79.0,185.0,2025
671922,Cade Smith,114,Cleveland Guardians,,P,2026,,,,,,,,,,,,,,,,,,,,,,,,,,,,,,,,,,,,,,,,,,,,,,,,,2025
571578,Patrick Corbin,141,Toronto Blue Jays,,P,2026,,,,,,,,,,,,,,,,,,,,,,,,,,,,,,,,,,,,,,,,,,,,,,,,,2025
663738,Daniel Lynch IV,118,Kansas City Royals,,P,2026,,,,,,,,,,,,,,,,,,,,,,,,,0.0,0.0,0.0,0.0,0.0,0.0,0.0,0.0,0.0,0.0,0.0,0.0,0.0,0.0,0.0,.000,.000,.000,.000,.---,-.--,0.0,0.0,0.0,2025
663743,Nick Fortes,139,Tampa Bay Rays,,C,2026,84.0,79.0,21.0,5.0,0.0,1.0,2.0,0.0,11.0,3.0,0.0,0.0,29.0,8.0,4.0,.266,.310,.367,.677,.299,79.00,284.0,28.0,19.0,242.0,218.0,50.0,9.0,1.0,5.0,14.0,0.0,47.0,7.0,1.0,2.0,76.0,21.0,7.0,.229,.296,.349,.645,.269,43.60,915.0,59.0,65.0,2025
596117,Garrett Stubbs,143,Philadelphia Phillies,,C,2026,11.0,9.0,2.0,0.0,0.0,0.0,1.0,0.0,1.0,0.0,1.0,0.0,2.0,1.0,0.0,.222,.273,.222,.495,.222,-.--,40.0,4.0,3.0,1.0,1.0,0.0,0.0,0.0,0.0,0.0,0.0,0.0,0.0,0.0,0.0,0.0,0.0,0.0,.000,.000,.000,.000,.000,-.--,4.0,1.0,0.0,2025
803011,Sam Antonacci,145,Chicago White Sox,,LF,2026,53.0,44.0,11.0,1.0,2.0,1.0,4.0,0.0,3.0,4.0,1.0,0.0,19.0,7.0,0.0,.250,.358,.432,.790,.244,44.00,203.0,16.0,15.0,,,,,,,,,,,,,,,,,,,,,,,,,2025
665795,Edward Cabrera,112,Chicago Cubs,,P,2026,,,,,,,,,,,,,,,,,,,,,,,,,,,,,,,,,,,,,,,,,,,,,,,,,2025
682177,Daniel Schneemann,114,Cleveland Guardians,,CF,2026,89.0,80.0,25.0,7.0,0.0,4.0,9.0,0.0,27.0,0.0,0.0,0.0,44.0,14.0,0.0,.313,.382,.550,.932,.429,20.00,378.0,13.0,15.0,422.0,379.0,78.0,18.0,1.0,12.0,38.0,1.0,117.0,3.0,1.0,1.0,134.0,41.0,4.0,.206,.283,.354,.637,.263,31.58,1668.0,96.0,90.0,2025
657612,Tim Hill,147,New York Yankees,,P,2026,,,,,,,,,,,,,,,,,,,,,,,,,,,,,,,,,,,,,,,,,,,,,,,,,2025
663757,Trent Grisham,147,New York Yankees,,CF,2026,118.0,97.0,15.0,2.0,1.0,4.0,20.0,0.0,21.0,0.0,1.0,0.0,31.0,16.0,2.0,.155,.297,.320,.617,.151,24.25,469.0,26.0,36.0,581.0,494.0,116.0,9.0,1.0,34.0,82.0,0.0,137.0,4.0,1.0,0.0,229.0,74.0,7.0,.235,.348,.464,.812,.253,14.53,2393.0,107.0,135.0,2025
694477,Chad Patrick,158,Milwaukee Brewers,,P,2026,,,,,,,,,,,,,,,,,,,,,,,,,,,,,,,,,,,,,,,,,,,,,,,,,2025
665804,Miguel Amaya,112,Chicago Cubs,,C,2026,59.0,50.0,12.0,1.0,0.0,2.0,7.0,0.0,13.0,2.0,0.0,0.0,19.0,6.0,1.0,.240,.356,.380,.736,.286,25.00,256.0,13.0,12.0,103.0,96.0,27.0,9.0,0.0,4.0,4.0,0.0,22.0,1.0,1.0,1.0,48.0,25.0,0.0,.281,.314,.500,.814,.324,24.00,385.0,22.0,27.0,2025
663765,Jake Woodford,158,Milwaukee Brewers,,P,2026,,,,,,,,,,,,,,,,,,,,,,,,,,,,,,,,,,,,,,,,,,,,,,,,,2025
663767,Chase Shugart,143,Philadelphia Phillies,,P,2026,,,,,,,,,,,,,,,,,,,,,,,,,,,,,,,,,,,,,,,,,,,,,,,,,2025
592094,Jason Adam,135,San Diego Padres,,P,2026,,,,,,,,,,,,,,,,,,,,,,,,,,,,,,,,,,,,,,,,,,,,,,,,,2025
669923,George Kirby,136,Seattle Mariners,,P,2026,,,,,,,,,,,,,,,,,,,,,,,,,,,,,,,,,,,,,,,,,,,,,,,,,2025
665833,Oneil Cruz,134,Pittsburgh Pirates,,CF,2026,142.0,130.0,33.0,6.0,0.0,9.0,11.0,2.0,51.0,1.0,0.0,0.0,66.0,26.0,1.0,.254,.317,.508,.825,.343,14.44,584.0,29.0,17.0,544.0,471.0,94.0,18.0,3.0,20.0,64.0,4.0,174.0,4.0,5.0,0.0,178.0,61.0,6.0,.200,.298,.378,.676,.262,23.55,2235.0,111.0,97.0,2025
671976,Tristan Peters,145,Chicago White Sox,,CF,2026,76.0,69.0,19.0,1.0,1.0,0.0,5.0,0.0,19.0,1.0,0.0,1.0,22.0,4.0,0.0,.275,.333,.319,.652,.380,-.--,284.0,13.0,19.0,12.0,12.0,0.0,0.0,0.0,0.0,0.0,0.0,7.0,0.0,0.0,0.0,0.0,0.0,0.0,.000,.000,.000,.000,.000,-.--,46.0,1.0,4.0,2025
676083,Janson Junk,146,Miami Marlins,,P,2026,,,,,,,,,,,,,,,,,,,,,,,,,,,,,,,,,,,,,,,,,,,,,,,,,2025
688363,Graham Pauley,146,Miami Marlins,,3B,2026,72.0,67.0,13.0,6.0,0.0,1.0,4.0,0.0,19.0,0.0,0.0,1.0,22.0,9.0,3.0,.194,.239,.328,.567,.255,67.00,300.0,18.0,18.0,184.0,161.0,36.0,9.0,1.0,4.0,21.0,0.0,36.0,0.0,1.0,1.0,59.0,11.0,1.0,.224,.311,.366,.677,.262,40.25,681.0,38.0,53.0,2025
657656,Ramón Laureano,135,San Diego Padres,,LF,2026,124.0,111.0,27.0,4.0,2.0,4.0,10.0,0.0,36.0,1.0,2.0,0.0,47.0,18.0,1.0,.243,.306,.423,.729,.315,27.75,501.0,25.0,25.0,488.0,441.0,124.0,26.0,2.0,24.0,35.0,1.0,119.0,8.0,4.0,0.0,226.0,76.0,10.0,.281,.342,.512,.854,.331,18.38,2002.0,98.0,104.0,2025
669947,Jesse Scholtens,139,Tampa Bay Rays,,P,2026,,,,,,,,,,,,,,,,,,,,,,,,,,,,,,,,,,,,,,,,,,,,,,,,,2025
606466,Ketel Marte,109,Arizona Diamondbacks,,2B,2026,127.0,117.0,27.0,3.0,0.0,5.0,10.0,0.0,23.0,0.0,0.0,0.0,45.0,11.0,3.0,.231,.291,.385,.676,.247,23.40,474.0,37.0,30.0,556.0,480.0,136.0,28.0,0.0,28.0,64.0,6.0,83.0,9.0,3.0,0.0,248.0,72.0,12.0,.283,.376,.517,.893,.290,17.14,2095.0,129.0,135.0,2025
694497,Evan Carter,140,Texas Rangers,,CF,2026,113.0,92.0,17.0,4.0,0.0,3.0,16.0,0.0,27.0,1.0,1.0,3.0,30.0,9.0,0.0,.185,.309,.326,.635,.222,30.67,464.0,16.0,36.0,220.0,194.0,48.0,9.0,2.0,5.0,19.0,1.0,41.0,7.0,0.0,0.0,76.0,25.0,2.0,.247,.336,.392,.728,.291,38.80,822.0,49.0,56.0,2025
665861,Sebastián Rivero,108,Los Angeles Angels,,C,2026,4.0,4.0,2.0,0.0,0.0,0.0,0.0,0.0,0.0,0.0,0.0,0.0,2.0,0.0,0.0,.500,.500,.500,1.000,.500,-.--,11.0,1.0,1.0,34.0,33.0,6.0,2.0,0.0,0.0,1.0,0.0,9.0,0.0,0.0,0.0,8.0,2.0,0.0,.182,.206,.242,.448,.250,-.--,127.0,6.0,12.0,2025
805123,AJ Blubaugh,117,Houston Astros,,P,2026,,,,,,,,,,,,,,,,,,,,,,,,,,,,,,,,,,,,,,,,,,,,,,,,,2025
672012,Tyler Black,158,Milwaukee Brewers,,3B,2026,22.0,21.0,9.0,4.0,0.0,0.0,1.0,0.0,5.0,0.0,0.0,0.0,13.0,7.0,1.0,.429,.455,.619,1.074,.563,-.--,75.0,4.0,3.0,13.0,8.0,2.0,1.0,0.0,0.0,5.0,0.0,1.0,0.0,0.0,0.0,3.0,1.0,0.0,.250,.538,.375,.913,.286,-.--,54.0,2.0,3.0,2025
682254,Mason Montgomery,134,Pittsburgh Pirates,,P,2026,,,,,,,,,,,,,,,,,,,,,,,,,,,,,,,,,,,,,,,,,,,,,,,,,2025
665862,Jazz Chisholm Jr.,147,New York Yankees,,2B,2026,125.0,112.0,23.0,5.0,0.0,3.0,12.0,0.0,36.0,1.0,0.0,0.0,37.0,10.0,0.0,.205,.288,.330,.618,.274,37.33,511.0,22.0,31.0,531.0,462.0,112.0,15.0,1.0,31.0,58.0,1.0,148.0,6.0,4.0,1.0,222.0,80.0,3.0,.242,.332,.481,.813,.282,14.90,2138.0,90.0,117.0,2025
665871,Javier Assad,112,Chicago Cubs,,P,2026,,,,,,,,,,,,,,,,,,,,,,,,,,,,,,,,,,,,,,,,,,,,,,,,,2025
676106,Emerson Hancock,136,Seattle Mariners,,P,2026,,,,,,,,,,,,,,,,,,,,,,,,,0.0,0.0,0.0,0.0,0.0,0.0,0.0,0.0,0.0,0.0,0.0,0.0,0.0,0.0,0.0,.000,.000,.000,.000,.---,-.--,0.0,0.0,0.0,2025
665877,José Fermín,138,St. Louis Cardinals,,LF,2026,34.0,29.0,8.0,2.0,0.0,1.0,3.0,0.0,7.0,0.0,1.0,0.0,13.0,4.0,2.0,.276,.333,.448,.781,.318,29.00,150.0,5.0,10.0,70.0,60.0,17.0,5.0,0.0,1.0,8.0,0.0,10.0,1.0,0.0,1.0,25.0,9.0,0.0,.283,.377,.417,.794,.327,60.00,271.0,16.0,18.0,2025
700669,Gordon Graceffo,138,St. Louis Cardinals,,P,2026,,,,,,,,,,,,,,,,,,,,,,,,,,,,,,,,,,,,,,,,,,,,,,,,,2025
813349,Connelly Early,111,Boston Red Sox,,P,2026,,,,,,,,,,,,,,,,,,,,,,,,,,,,,,,,,,,,,,,,,,,,,,,,,2025
700712,Walbert Ureña,108,Los Angeles Angels,,P,2026,,,,,,,,,,,,,,,,,,,,,,,,,,,,,,,,,,,,,,,,,,,,,,,,,2025
663837,Matt Vierling,116,Detroit Tigers,,CF,2026,74.0,66.0,14.0,6.0,0.0,1.0,6.0,0.0,12.0,0.0,2.0,0.0,23.0,11.0,3.0,.212,.270,.348,.618,.236,66.00,299.0,19.0,23.0,100.0,88.0,21.0,3.0,0.0,1.0,7.0,0.0,24.0,3.0,2.0,0.0,27.0,11.0,1.0,.239,.310,.307,.617,.308,88.00,436.0,16.0,29.0,2025
663855,Jordan Hicks,145,Chicago White Sox,,P,2026,,,,,,,,,,,,,,,,,,,,,,,,,,,,,,,,,,,,,,,,,,,,,,,,,2025
643376,Danny Jansen,140,Texas Rangers,,C,2026,78.0,71.0,15.0,4.0,1.0,2.0,6.0,0.0,25.0,1.0,0.0,0.0,27.0,8.0,3.0,.211,.282,.380,.662,.295,35.50,323.0,13.0,18.0,337.0,288.0,62.0,11.0,0.0,14.0,42.0,0.0,86.0,4.0,2.0,1.0,115.0,36.0,5.0,.215,.321,.399,.720,.253,20.57,1353.0,45.0,98.0,2025
608566,Germán Márquez,135,San Diego Padres,,P,2026,,,,,,,,,,,,,,,,,,,,,,,,,,,,,,,,,,,,,,,,,,,,,,,,,2025
641343,Jake Bauers,158,Milwaukee Brewers,,1B,2026,114.0,103.0,26.0,5.0,0.0,5.0,11.0,3.0,24.0,0.0,0.0,0.0,46.0,19.0,1.0,.252,.325,.447,.772,.284,20.60,443.0,30.0,23.0,218.0,183.0,43.0,9.0,0.0,7.0,32.0,1.0,59.0,2.0,1.0,0.0,73.0,28.0,1.0,.235,.353,.399,.752,.305,26.14,895.0,35.0,47.0,2025
641302,Tyler Alexander,140,Texas Rangers,,P,2026,,,,,,,,,,,,,,,,,,,,,,,,,1.0,1.0,0.0,0.0,0.0,0.0,0.0,0.0,0.0,0.0,0.0,0.0,0.0,0.0,0.0,.000,.000,.000,.000,.000,-.--,3.0,1.0,0.0,2025
665923,Esteury Ruiz,146,Miami Marlins,,CF,2026,6.0,6.0,2.0,0.0,0.0,1.0,0.0,0.0,1.0,0.0,0.0,0.0,5.0,1.0,0.0,.333,.333,.833,1.166,.250,6.00,15.0,1.0,2.0,23.0,21.0,4.0,0.0,0.0,1.0,2.0,0.0,8.0,0.0,0.0,0.0,7.0,2.0,0.0,.190,.261,.333,.594,.250,21.00,88.0,5.0,4.0,2025
643396,Isiah Kiner-Falefa,111,Boston Red Sox,,2B,2026,37.0,35.0,8.0,0.0,0.0,0.0,2.0,0.0,7.0,0.0,0.0,0.0,8.0,3.0,1.0,.229,.270,.229,.499,.286,-.--,127.0,8.0,12.0,459.0,431.0,113.0,21.0,2.0,2.0,17.0,0.0,77.0,5.0,1.0,5.0,144.0,40.0,9.0,.262,.297,.334,.631,.314,215.50,1631.0,160.0,87.0,2025
643377,Griffin Jax,139,Tampa Bay Rays,,P,2026,,,,,,,,,,,,,,,,,,,,,,,,,0.0,0.0,0.0,0.0,0.0,0.0,0.0,0.0,0.0,0.0,0.0,0.0,0.0,0.0,0.0,.000,.000,.000,.000,.---,-.--,0.0,0.0,0.0,2025
665926,Andrés Giménez,141,Toronto Blue Jays,,SS,2026,115.0,109.0,28.0,6.0,1.0,3.0,4.0,0.0,18.0,0.0,1.0,1.0,45.0,16.0,3.0,.257,.281,.413,.694,.281,36.33,403.0,35.0,30.0,369.0,329.0,69.0,11.0,1.0,7.0,25.0,0.0,66.0,11.0,3.0,1.0,103.0,35.0,8.0,.210,.285,.313,.598,.239,47.00,1452.0,97.0,101.0,2025
641329,Bryan Baker,139,Tampa Bay Rays,,P,2026,,,,,,,,,,,,,,,,,,,,,,,,,0.0,0.0,0.0,0.0,0.0,0.0,0.0,0.0,0.0,0.0,0.0,0.0,0.0,0.0,0.0,.000,.000,.000,.000,.---,-.--,0.0,0.0,0.0,2025
678218,Brandon Valenzuela,141,Toronto Blue Jays,,C,2026,42.0,40.0,8.0,0.0,0.0,2.0,2.0,0.0,14.0,0.0,0.0,0.0,14.0,3.0,0.0,.200,.238,.350,.588,.250,20.00,161.0,9.0,9.0,,,,,,,,,,,,,,,,,,,,,,,,,2025
641355,Cody Bellinger,147,New York Yankees,,LF,2026,133.0,112.0,28.0,6.0,1.0,3.0,19.0,0.0,20.0,0.0,2.0,0.0,45.0,16.0,2.0,.250,.353,.402,.755,.275,37.33,493.0,25.0,41.0,656.0,588.0,160.0,25.0,5.0,29.0,57.0,1.0,90.0,2.0,9.0,0.0,282.0,98.0,8.0,.272,.334,.480,.814,.274,20.28,2594.0,122.0,225.0,2025
592206,Nick Castellanos,135,San Diego Padres,,RF,2026,63.0,59.0,9.0,3.0,0.0,1.0,4.0,1.0,17.0,0.0,0.0,0.0,15.0,9.0,1.0,.153,.206,.254,.460,.195,59.00,241.0,12.0,21.0,589.0,547.0,137.0,27.0,2.0,17.0,32.0,0.0,133.0,4.0,6.0,0.0,219.0,72.0,13.0,.250,.294,.400,.694,.298,32.18,2166.0,126.0,157.0,2025
663886,Tyler Stephenson,113,Cincinnati Reds,,C,2026,89.0,76.0,13.0,3.0,0.0,2.0,12.0,0.0,25.0,0.0,1.0,0.0,22.0,6.0,1.0,.171,.281,.289,.570,.220,38.00,365.0,12.0,27.0,342.0,299.0,69.0,18.0,0.0,13.0,37.0,1.0,116.0,2.0,4.0,0.0,126.0,50.0,4.0,.231,.316,.421,.737,.322,23.00,1389.0,57.0,61.0,2025
543056,Danny Coulombe,111,Boston Red Sox,,P,2026,,,,,,,,,,,,,,,,,,,,,,,,,,,,,,,,,,,,,,,,,,,,,,,,,2025
670036,Matt Festa,114,Cleveland Guardians,,P,2026,,,,,,,,,,,,,,,,,,,,,,,,,0.0,0.0,0.0,0.0,0.0,0.0,0.0,0.0,0.0,0.0,0.0,0.0,0.0,0.0,0.0,.000,.000,.000,.000,.---,-.--,0.0,0.0,0.0,2025
670042,Luke Raley,136,Seattle Mariners,,RF,2026,93.0,86.0,21.0,4.0,1.0,5.0,5.0,0.0,35.0,2.0,0.0,0.0,42.0,13.0,0.0,.244,.301,.488,.789,.348,17.20,359.0,14.0,16.0,219.0,183.0,37.0,8.0,0.0,4.0,19.0,0.0,64.0,13.0,1.0,3.0,57.0,19.0,2.0,.202,.319,.311,.630,.284,45.75,831.0,53.0,33.0,2025
657757,Gavin Sheets,135,San Diego Padres,,1B,2026,91.0,86.0,20.0,9.0,0.0,4.0,4.0,0.0,20.0,1.0,0.0,0.0,41.0,12.0,3.0,.233,.275,.477,.752,.258,21.50,376.0,25.0,21.0,545.0,492.0,124.0,28.0,1.0,19.0,44.0,1.0,107.0,5.0,4.0,0.0,211.0,71.0,9.0,.252,.317,.429,.746,.284,25.90,2279.0,111.0,154.0,2025
670032,Nicky Lopez,112,Chicago Cubs,,3B,2026,4.0,4.0,0.0,0.0,0.0,0.0,0.0,0.0,2.0,0.0,0.0,0.0,0.0,0.0,0.0,.000,.000,.000,.000,.000,-.--,19.0,2.0,0.0,28.0,24.0,1.0,0.0,0.0,0.0,4.0,0.0,4.0,0.0,0.0,0.0,1.0,1.0,1.0,.042,.179,.042,.221,.050,-.--,106.0,13.0,6.0,2025
663903,Brady Singer,113,Cincinnati Reds,,P,2026,,,,,,,,,,,,,,,,,,,,,,,,,,,,,,,,,,,,,,,,,,,,,,,,,2025
545121,Ildemaro Vargas,109,Arizona Diamondbacks,,1B,2026,100.0,94.0,38.0,6.0,2.0,6.0,4.0,0.0,11.0,0.0,0.0,1.0,66.0,21.0,0.0,.404,.429,.702,1.131,.416,15.67,331.0,26.0,20.0,121.0,115.0,31.0,2.0,1.0,3.0,2.0,0.0,15.0,2.0,1.0,1.0,44.0,19.0,3.0,.270,.292,.383,.675,.286,38.33,429.0,46.0,25.0,2025
678246,Miguel Vargas,145,Chicago White Sox,,3B,2026,139.0,112.0,24.0,4.0,1.0,6.0,24.0,1.0,23.0,2.0,1.0,0.0,48.0,15.0,2.0,.214,.360,.429,.789,.214,18.67,569.0,26.0,40.0,569.0,504.0,118.0,32.0,2.0,16.0,56.0,0.0,100.0,6.0,3.0,0.0,202.0,60.0,9.0,.234,.316,.401,.717,.261,31.50,2323.0,91.0,198.0,2025
547180,Bryce Harper,143,Philadelphia Phillies,,1B,2026,137.0,118.0,31.0,7.0,1.0,6.0,18.0,1.0,23.0,0.0,1.0,0.0,58.0,19.0,3.0,.263,.358,.492,.850,.278,19.67,494.0,31.0,34.0,580.0,501.0,131.0,32.0,0.0,27.0,70.0,6.0,121.0,6.0,3.0,0.0,244.0,75.0,5.0,.261,.357,.487,.844,.292,18.56,2172.0,127.0,125.0,2025
670059,Colin Holderman,114,Cleveland Guardians,,P,2026,,,,,,,,,,,,,,,,,,,,,,,,,,,,,,,,,,,,,,,,,,,,,,,,,2025
665966,Carlos Narváez,111,Boston Red Sox,,C,2026,70.0,66.0,15.0,2.0,0.0,2.0,3.0,0.0,20.0,0.0,0.0,1.0,23.0,3.0,2.0,.227,.261,.348,.609,.295,33.00,275.0,15.0,17.0,446.0,403.0,97.0,27.0,0.0,15.0,38.0,0.0,111.0,1.0,2.0,2.0,169.0,50.0,12.0,.241,.306,.419,.725,.294,26.87,1829.0,98.0,101.0,2025
801139,Payton Tolle,111,Boston Red Sox,,P,2026,,,,,,,,,,,,,,,,,,,,,,,,,,,,,,,,,,,,,,,,,,,,,,,,,2025
686452,Drew Millas,120,Washington Nationals,,C,2026,61.0,54.0,8.0,2.0,0.0,0.0,5.0,0.0,17.0,0.0,0.0,1.0,10.0,3.0,0.0,.148,.220,.185,.405,.216,-.--,230.0,16.0,14.0,55.0,49.0,15.0,5.0,1.0,0.0,4.0,0.0,7.0,0.0,0.0,1.0,22.0,7.0,0.0,.306,.358,.449,.807,.357,-.--,209.0,16.0,12.0,2025
643446,Jeff McNeil,133,Athletics,,2B,2026,109.0,95.0,28.0,7.0,0.0,1.0,10.0,0.0,12.0,2.0,1.0,1.0,38.0,7.0,1.0,.295,.370,.400,.770,.325,95.00,404.0,29.0,28.0,462.0,399.0,97.0,21.0,5.0,12.0,49.0,4.0,55.0,8.0,4.0,2.0,164.0,54.0,5.0,.243,.335,.411,.746,.253,33.25,1718.0,109.0,144.0,2025
641401,Connor Brogdon,114,Cleveland Guardians,,P,2026,,,,,,,,,,,,,,,,,,,,,,,,,,,,,,,,,,,,,,,,,,,,,,,,,2025
686469,Vinnie Pasquantino,118,Kansas City Royals,,1B,2026,129.0,108.0,19.0,3.0,2.0,4.0,16.0,0.0,26.0,1.0,4.0,0.0,38.0,16.0,1.0,.176,.279,.352,.631,.183,27.00,534.0,28.0,39.0,682.0,621.0,164.0,33.0,1.0,32.0,49.0,5.0,107.0,7.0,5.0,0.0,295.0,113.0,14.0,.264,.323,.475,.798,.271,19.41,2572.0,153.0,202.0,2025
676254,Ryan Walker,137,San Francisco Giants,,P,2026,,,,,,,,,,,,,,,,,,,,,,,,,0.0,0.0,0.0,0.0,0.0,0.0,0.0,0.0,0.0,0.0,0.0,0.0,0.0,0.0,0.0,.000,.000,.000,.000,.---,-.--,0.0,0.0,0.0,2025
543135,Nathan Eovaldi,140,Texas Rangers,,P,2026,,,,,,,,,,,,,,,,,,,,,,,,,,,,,,,,,,,,,,,,,,,,,,,,,2025
663968,Jake Mangum,134,Pittsburgh Pirates,,LF,2026,77.0,70.0,19.0,2.0,0.0,0.0,6.0,1.0,17.0,0.0,0.0,1.0,21.0,3.0,3.0,.271,.329,.300,.629,.358,-.--,279.0,28.0,7.0,428.0,405.0,120.0,18.0,1.0,3.0,19.0,0.0,64.0,2.0,1.0,1.0,149.0,40.0,4.0,.296,.330,.368,.698,.345,135.00,1442.0,138.0,85.0,2025
663969,Tyler Phillips,146,Miami Marlins,,P,2026,,,,,,,,,,,,,,,,,,,,,,,,,,,,,,,,,,,,,,,,,,,,,,,,,2025
666018,Jonathan Aranda,139,Tampa Bay Rays,,1B,2026,133.0,110.0,24.0,4.0,0.0,7.0,19.0,1.0,33.0,1.0,3.0,0.0,49.0,25.0,1.0,.218,.331,.445,.776,.233,15.71,560.0,25.0,31.0,422.0,370.0,117.0,22.0,0.0,14.0,41.0,3.0,107.0,8.0,3.0,0.0,181.0,59.0,9.0,.316,.393,.489,.882,.409,26.43,1717.0,64.0,85.0,2025
663947,Tyler Holton,116,Detroit Tigers,,P,2026,,,,,,,,,,,,,,,,,,,,,,,,,,,,,,,,,,,,,,,,,,,,,,,,,2025
676263,Jack Dreyer,119,Los Angeles Dodgers,,P,2026,,,,,,,,,,,,,,,,,,,,,,,,,,,,,,,,,,,,,,,,,,,,,,,,,2025
666023,Freddy Fermin,135,San Diego Padres,,C,2026,62.0,51.0,9.0,4.0,0.0,0.0,7.0,0.0,14.0,2.0,2.0,0.0,13.0,3.0,0.0,.176,.290,.255,.545,.231,-.--,246.0,14.0,16.0,347.0,319.0,80.0,13.0,0.0,5.0,19.0,1.0,65.0,2.0,0.0,7.0,108.0,26.0,5.0,.251,.297,.339,.636,.301,63.80,1372.0,88.0,93.0,2025
663978,Chris Paddack,146,Miami Marlins,,P,2026,,,,,,,,,,,,,,,,,,,,,,,,,,,,,,,,,,,,,,,,,,,,,,,,,2025
805300,Jakob Marsee,146,Miami Marlins,,CF,2026,146.0,123.0,22.0,3.0,2.0,1.0,19.0,0.0,37.0,2.0,1.0,1.0,32.0,8.0,1.0,.179,.297,.260,.557,.244,123.00,606.0,24.0,42.0,234.0,209.0,61.0,18.0,3.0,5.0,22.0,0.0,48.0,2.0,1.0,0.0,100.0,33.0,2.0,.292,.363,.478,.841,.357,41.80,881.0,52.0,49.0,2025
805299,Brandyn Garcia,109,Arizona Diamondbacks,,P,2026,,,,,,,,,,,,,,,,,,,,,,,,,0.0,0.0,0.0,0.0,0.0,0.0,0.0,0.0,0.0,0.0,0.0,0.0,0.0,0.0,0.0,.000,.000,.000,.000,.---,-.--,0.0,0.0,0.0,2025
643511,Tyler Rogers,141,Toronto Blue Jays,,P,2026,,,,,,,,,,,,,,,,,,,,,,,,,0.0,0.0,0.0,0.0,0.0,0.0,0.0,0.0,0.0,0.0,0.0,0.0,0.0,0.0,0.0,.000,.000,.000,.000,.---,-.--,0.0,0.0,0.0,2025
663992,Richard Lovelady,120,Washington Nationals,,P,2026,,,,,,,,,,,,,,,,,,,,,,,,,,,,,,,,,,,,,,,,,,,,,,,,,2025
676282,Joey Cantillo,114,Cleveland Guardians,,P,2026,,,,,,,,,,,,,,,,,,,,,,,,,,,,,,,,,,,,,,,,,,,,,,,,,2025
518585,Fernando Cruz,147,New York Yankees,,P,2026,,,,,,,,,,,,,,,,,,,,,,,,,,,,,,,,,,,,,,,,,,,,,,,,,2025
575929,Willson Contreras,111,Boston Red Sox,,1B,2026,132.0,110.0,29.0,3.0,0.0,7.0,14.0,0.0,38.0,7.0,1.0,0.0,53.0,20.0,2.0,.264,.379,.482,.861,.333,15.71,524.0,19.0,25.0,563.0,490.0,126.0,31.0,1.0,20.0,44.0,1.0,142.0,23.0,4.0,1.0,219.0,80.0,15.0,.257,.344,.447,.791,.319,24.50,2160.0,112.0,115.0,2025
663993,Nathaniel Lowe,113,Cincinnati Reds,,1B,2026,62.0,55.0,15.0,4.0,0.0,5.0,7.0,0.0,10.0,0.0,0.0,0.0,34.0,12.0,0.0,.273,.355,.618,.973,.250,11.00,273.0,14.0,16.0,609.0,540.0,123.0,23.0,3.0,18.0,62.0,2.0,159.0,2.0,5.0,0.0,206.0,84.0,6.0,.228,.307,.381,.688,.285,30.00,2607.0,130.0,133.0,2025
608701,Rob Refsnyder,136,Seattle Mariners,,RF,2026,42.0,37.0,5.0,0.0,0.0,2.0,4.0,0.0,9.0,0.0,1.0,0.0,11.0,3.0,0.0,.135,.214,.297,.511,.111,18.50,162.0,7.0,17.0,209.0,182.0,49.0,12.0,0.0,9.0,24.0,1.0,54.0,1.0,2.0,0.0,88.0,30.0,6.0,.269,.354,.484,.838,.331,20.22,887.0,43.0,38.0,2025
686527,Dominic Canzone,136,Seattle Mariners,,RF,2026,76.0,69.0,19.0,7.0,0.0,3.0,5.0,0.0,18.0,1.0,1.0,0.0,35.0,12.0,0.0,.275,.329,.507,.836,.327,23.00,292.0,9.0,24.0,269.0,243.0,73.0,11.0,0.0,11.0,20.0,0.0,59.0,3.0,2.0,0.0,117.0,32.0,6.0,.300,.358,.481,.839,.354,22.09,1028.0,55.0,59.0,2025
518595,Travis d'Arnaud,108,Los Angeles Angels,,C,2026,32.0,27.0,4.0,1.0,0.0,0.0,3.0,0.0,5.0,2.0,0.0,0.0,5.0,0.0,1.0,.148,.281,.185,.466,.182,-.--,118.0,7.0,11.0,231.0,213.0,42.0,13.0,0.0,6.0,13.0,0.0,74.0,4.0,1.0,0.0,73.0,21.0,5.0,.197,.255,.343,.598,.269,35.50,873.0,45.0,53.0,2025
694728,Brice Matthews,117,Houston Astros,,LF,2026,68.0,62.0,13.0,4.0,0.0,2.0,5.0,0.0,27.0,0.0,0.0,1.0,23.0,8.0,0.0,.210,.269,.371,.640,.333,31.00,306.0,14.0,9.0,47.0,42.0,7.0,0.0,0.0,4.0,2.0,0.0,20.0,1.0,0.0,2.0,19.0,9.0,0.0,.167,.222,.452,.674,.167,10.50,179.0,7.0,10.0,2025
592332,Kevin Gausman,141,Toronto Blue Jays,,P,2026,,,,,,,,,,,,,,,,,,,,,,,,,,,,,,,,,,,,,,,,,,,,,,,,,2025
608718,Brent Suter,108,Los Angeles Angels,,P,2026,,,,,,,,,,,,,,,,,,,,,,,,,,,,,,,,,,,,,,,,,,,,,,,,,2025
641487,J.P. Crawford,136,Seattle Mariners,,SS,2026,106.0,84.0,17.0,3.0,0.0,2.0,20.0,0.0,17.0,2.0,0.0,0.0,26.0,7.0,3.0,.202,.368,.310,.678,.231,42.00,443.0,23.0,27.0,654.0,570.0,151.0,24.0,0.0,12.0,74.0,1.0,122.0,3.0,1.0,6.0,211.0,58.0,11.0,.265,.352,.370,.722,.318,47.50,2731.0,155.0,149.0,2025
694738,Landen Roupp,137,San Francisco Giants,,P,2026,,,,,,,,,,,,,,,,,,,,,,,,,,,,,,,,,,,,,,,,,,,,,,,,,2025
664023,Ian Happ,112,Chicago Cubs,,LF,2026,138.0,115.0,26.0,5.0,0.0,7.0,21.0,1.0,40.0,2.0,0.0,0.0,52.0,14.0,3.0,.226,.355,.452,.807,.279,16.43,552.0,26.0,23.0,663.0,569.0,138.0,32.0,0.0,23.0,87.0,2.0,151.0,2.0,5.0,0.0,239.0,79.0,8.0,.243,.342,.420,.762,.288,24.74,2717.0,120.0,165.0,2025
670167,John Schreiber,118,Kansas City Royals,,P,2026,,,,,,,,,,,,,,,,,,,,,,,,,0.0,0.0,0.0,0.0,0.0,0.0,0.0,0.0,0.0,0.0,0.0,0.0,0.0,0.0,0.0,.000,.000,.000,.000,.---,-.--,0.0,0.0,0.0,2025
686555,Isaac Collins,118,Kansas City Royals,,LF,2026,97.0,83.0,18.0,2.0,0.0,2.0,12.0,0.0,29.0,2.0,0.0,0.0,26.0,9.0,1.0,.217,.330,.313,.643,.308,41.50,392.0,11.0,25.0,441.0,372.0,98.0,22.0,3.0,9.0,57.0,0.0,93.0,6.0,3.0,3.0,153.0,54.0,8.0,.263,.368,.411,.779,.326,41.33,1792.0,91.0,96.0,2025
686560,Gavin Collyer,140,Texas Rangers,,P,2026,,,,,,,,,,,,,,,,,,,,,,,,,,,,,,,,,,,,,,,,,,,,,,,,,2025
621020,Dansby Swanson,112,Chicago Cubs,,SS,2026,126.0,102.0,22.0,2.0,1.0,6.0,20.0,0.0,28.0,1.0,3.0,0.0,44.0,24.0,1.0,.216,.341,.431,.772,.225,17.00,538.0,28.0,27.0,645.0,590.0,144.0,24.0,3.0,24.0,47.0,1.0,168.0,2.0,5.0,1.0,246.0,77.0,9.0,.244,.300,.417,.717,.298,24.58,2521.0,137.0,147.0,2025
664040,Brandon Lowe,134,Pittsburgh Pirates,,2B,2026,126.0,111.0,27.0,8.0,0.0,8.0,14.0,0.0,29.0,1.0,0.0,0.0,59.0,20.0,0.0,.243,.333,.532,.865,.257,13.88,523.0,24.0,31.0,553.0,507.0,130.0,19.0,0.0,31.0,38.0,1.0,149.0,2.0,6.0,0.0,242.0,83.0,6.0,.256,.307,.477,.784,.297,16.36,2146.0,107.0,127.0,2025
621043,Carlos Correa,117,Houston Astros,,SS,2026,127.0,111.0,32.0,8.0,0.0,3.0,15.0,1.0,21.0,0.0,1.0,0.0,49.0,15.0,5.0,.288,.370,.441,.811,.330,37.00,518.0,34.0,25.0,584.0,537.0,148.0,29.0,0.0,13.0,45.0,0.0,113.0,1.0,1.0,0.0,216.0,52.0,19.0,.276,.332,.402,.734,.328,41.31,2311.0,153.0,124.0,2025
678391,Jorbit Vivas,120,Washington Nationals,,3B,2026,78.0,65.0,18.0,3.0,0.0,0.0,6.0,0.0,10.0,4.0,1.0,2.0,21.0,3.0,2.0,.277,.368,.323,.691,.321,-.--,268.0,26.0,14.0,66.0,56.0,9.0,2.0,0.0,1.0,5.0,0.0,13.0,3.0,0.0,0.0,14.0,5.0,0.0,.161,.266,.250,.516,.190,56.00,246.0,17.0,17.0,2025
805367,Chase Meidroth,145,Chicago White Sox,,2B,2026,131.0,113.0,29.0,7.0,0.0,1.0,14.0,0.0,27.0,0.0,1.0,2.0,39.0,3.0,3.0,.257,.336,.345,.681,.326,113.00,566.0,36.0,24.0,505.0,450.0,114.0,15.0,0.0,5.0,45.0,0.0,72.0,6.0,1.0,3.0,144.0,23.0,14.0,.253,.329,.320,.649,.291,90.00,2057.0,149.0,119.0,2025
664034,Ty France,135,San Diego Padres,,1B,2026,52.0,49.0,13.0,2.0,1.0,3.0,2.0,0.0,4.0,1.0,0.0,0.0,26.0,8.0,0.0,.265,.308,.531,.839,.238,16.33,170.0,17.0,15.0,490.0,444.0,114.0,25.0,0.0,7.0,22.0,1.0,83.0,21.0,3.0,0.0,160.0,52.0,11.0,.257,.320,.360,.680,.300,63.43,1873.0,137.0,113.0,2025
678394,Brayan Bello,111,Boston Red Sox,,P,2026,,,,,,,,,,,,,,,,,,,,,,,,,,,,,,,,,,,,,,,,,,,,,,,,,2025
664059,Sam Haggerty,140,Texas Rangers,,LF,2026,28.0,26.0,5.0,0.0,0.0,0.0,1.0,0.0,12.0,1.0,0.0,0.0,5.0,1.0,0.0,.192,.250,.192,.442,.357,-.--,105.0,3.0,6.0,182.0,162.0,41.0,7.0,3.0,2.0,16.0,1.0,37.0,2.0,0.0,1.0,60.0,13.0,1.0,.253,.328,.370,.698,.317,81.00,644.0,48.0,37.0,2025
700932,Kyle Manzardo,114,Cleveland Guardians,,1B,2026,102.0,90.0,16.0,2.0,0.0,1.0,9.0,0.0,35.0,2.0,1.0,0.0,21.0,7.0,4.0,.178,.265,.233,.498,.273,90.00,432.0,21.0,19.0,531.0,470.0,110.0,19.0,2.0,27.0,48.0,2.0,135.0,8.0,5.0,0.0,214.0,70.0,7.0,.234,.313,.455,.768,.265,17.41,2018.0,82.0,148.0,2025
676356,Jonny DeLuca,139,Tampa Bay Rays,,RF,2026,66.0,63.0,17.0,5.0,0.0,2.0,3.0,0.0,11.0,0.0,0.0,0.0,28.0,13.0,3.0,.270,.303,.444,.747,.300,31.50,229.0,14.0,21.0,59.0,57.0,19.0,1.0,3.0,0.0,2.0,0.0,13.0,0.0,0.0,0.0,26.0,4.0,0.0,.333,.356,.456,.812,.432,-.--,224.0,10.0,15.0,2025
666126,Carlos Cortes,133,Athletics,,RF,2026,79.0,70.0,27.0,5.0,1.0,4.0,8.0,0.0,7.0,1.0,0.0,0.0,46.0,13.0,2.0,.386,.456,.657,1.113,.390,17.50,331.0,20.0,16.0,99.0,94.0,29.0,8.0,1.0,4.0,3.0,0.0,20.0,0.0,2.0,0.0,51.0,14.0,3.0,.309,.323,.543,.866,.347,23.50,375.0,24.0,23.0,2025
641555,J.C. Escarra,147,New York Yankees,,C,2026,32.0,31.0,6.0,2.0,1.0,0.0,1.0,0.0,10.0,0.0,0.0,0.0,10.0,5.0,0.0,.194,.219,.323,.542,.286,-.--,132.0,10.0,5.0,98.0,84.0,17.0,5.0,0.0,2.0,11.0,0.0,14.0,1.0,2.0,0.0,28.0,11.0,1.0,.202,.296,.333,.629,.214,42.00,395.0,28.0,27.0,2025
672275,Patrick Bailey,137,San Francisco Giants,,C,2026,83.0,76.0,12.0,0.0,0.0,1.0,7.0,0.0,19.0,0.0,0.0,0.0,15.0,5.0,3.0,.158,.229,.197,.426,.196,76.00,334.0,20.0,25.0,452.0,409.0,91.0,18.0,3.0,6.0,30.0,0.0,133.0,3.0,6.0,4.0,133.0,55.0,7.0,.222,.277,.325,.602,.308,68.17,1724.0,82.0,113.0,2025
571927,Steven Matz,139,Tampa Bay Rays,,P,2026,,,,,,,,,,,,,,,,,,,,,,,,,,,,,,,,,,,,,,,,,,,,,,,,,2025
666139,Josh Lowe,108,Los Angeles Angels,,LF,2026,87.0,79.0,14.0,1.0,0.0,4.0,5.0,0.0,25.0,1.0,1.0,1.0,27.0,10.0,0.0,.177,.233,.342,.575,.196,19.75,376.0,15.0,27.0,435.0,396.0,87.0,21.0,2.0,11.0,33.0,1.0,109.0,3.0,2.0,1.0,145.0,40.0,7.0,.220,.283,.366,.649,.273,36.00,1842.0,105.0,98.0,2025
672284,Jarred Kelenic,145,Chicago White Sox,,RF,2026,2.0,1.0,0.0,0.0,0.0,0.0,1.0,0.0,1.0,0.0,0.0,0.0,0.0,0.0,0.0,.000,.500,.000,.500,.---,-.--,10.0,0.0,0.0,65.0,60.0,10.0,2.0,0.0,2.0,5.0,0.0,23.0,0.0,0.0,0.0,18.0,2.0,1.0,.167,.231,.300,.531,.229,30.00,258.0,14.0,13.0,2025
672282,Reid Detmers,108,Los Angeles Angels,,P,2026,,,,,,,,,,,,,,,,,,,,,,,,,,,,,,,,,,,,,,,,,,,,,,,,,2025
680474,Max Schuemann,147,New York Yankees,,3B,2026,2.0,1.0,0.0,0.0,0.0,0.0,1.0,0.0,0.0,0.0,0.0,0.0,0.0,0.0,0.0,.000,.500,.000,.500,.000,-.--,13.0,0.0,1.0,213.0,183.0,36.0,4.0,2.0,2.0,22.0,0.0,35.0,4.0,1.0,3.0,50.0,13.0,6.0,.197,.295,.273,.568,.231,91.50,838.0,56.0,60.0,2025
670242,Matt Wallner,142,Minnesota Twins,,RF,2026,109.0,95.0,16.0,2.0,0.0,3.0,10.0,0.0,41.0,4.0,0.0,0.0,27.0,7.0,2.0,.168,.275,.284,.559,.255,31.67,455.0,24.0,14.0,392.0,336.0,68.0,16.0,3.0,22.0,46.0,0.0,114.0,8.0,2.0,0.0,156.0,40.0,3.0,.202,.311,.464,.775,.228,15.27,1555.0,62.0,94.0,2025
694819,Jacob Misiorowski,158,Milwaukee Brewers,,P,2026,,,,,,,,,,,,,,,,,,,,,,,,,,,,,,,,,,,,,,,,,,,,,,,,,2025
666142,Cole Ragans,118,Kansas City Royals,,P,2026,,,,,,,,,,,,,,,,,,,,,,,,,,,,,,,,,,,,,,,,,,,,,,,,,2025
518692,Freddie Freeman,119,Los Angeles Dodgers,,1B,2026,132.0,120.0,32.0,7.0,1.0,3.0,11.0,1.0,14.0,1.0,0.0,0.0,50.0,15.0,5.0,.267,.333,.417,.750,.282,40.00,491.0,36.0,38.0,627.0,556.0,164.0,39.0,2.0,24.0,60.0,7.0,128.0,6.0,5.0,0.0,279.0,90.0,13.0,.295,.367,.502,.869,.342,23.17,2382.0,128.0,141.0,2025
670245,Ryan Watson,111,Boston Red Sox,,P,2026,,,,,,,,,,,,,,,,,,,,,,,,,,,,,,,,,,,,,,,,,,,,,,,,,2025
676391,Ernie Clement,141,Toronto Blue Jays,,2B,2026,130.0,126.0,38.0,13.0,0.0,1.0,4.0,0.0,9.0,0.0,0.0,0.0,54.0,9.0,3.0,.302,.323,.429,.752,.319,126.00,396.0,32.0,47.0,588.0,545.0,151.0,35.0,2.0,9.0,27.0,1.0,61.0,4.0,5.0,7.0,217.0,50.0,13.0,.277,.313,.398,.711,.296,60.56,1871.0,129.0,216.0,2025
571945,Miles Mikolas,120,Washington Nationals,,P,2026,,,,,,,,,,,,,,,,,,,,,,,,,,,,,,,,,,,,,,,,,,,,,,,,,2025
666152,David Hamilton,158,Milwaukee Brewers,,3B,2026,96.0,79.0,20.0,2.0,0.0,0.0,12.0,0.0,16.0,1.0,0.0,3.0,22.0,7.0,1.0,.253,.359,.278,.637,.317,-.--,391.0,26.0,20.0,194.0,177.0,35.0,4.0,1.0,6.0,13.0,0.0,47.0,1.0,0.0,3.0,59.0,19.0,3.0,.198,.257,.333,.590,.234,29.50,742.0,44.0,54.0,2025
571948,Hoby Milner,112,Chicago Cubs,,P,2026,,,,,,,,,,,,,,,,,,,,,,,,,0.0,0.0,0.0,0.0,0.0,0.0,0.0,0.0,0.0,0.0,0.0,0.0,0.0,0.0,0.0,.000,.000,.000,.000,.---,-.--,0.0,0.0,0.0,2025
623149,Paul Sewald,109,Arizona Diamondbacks,,P,2026,,,,,,,,,,,,,,,,,,,,,,,,,,,,,,,,,,,,,,,,,,,,,,,,,2025
641584,Jake Fraley,139,Tampa Bay Rays,,RF,2026,70.0,63.0,15.0,6.0,0.0,2.0,7.0,0.0,18.0,0.0,0.0,0.0,27.0,4.0,1.0,.238,.314,.429,.743,.302,31.50,295.0,11.0,19.0,217.0,191.0,46.0,9.0,0.0,6.0,25.0,1.0,49.0,1.0,0.0,0.0,73.0,23.0,1.0,.241,.332,.382,.714,.294,31.83,834.0,38.0,58.0,2025
621112,Paul Blackburn,147,New York Yankees,,P,2026,0.0,0.0,0.0,0.0,0.0,0.0,0.0,0.0,0.0,0.0,0.0,0.0,0.0,0.0,0.0,.000,.000,.000,.000,.---,-.--,0.0,0.0,0.0,,,,,,,,,,,,,,,,,,,,,,,,,2025
666171,Ryan Zeferjahn,108,Los Angeles Angels,,P,2026,,,,,,,,,,,,,,,,,,,,,,,,,,,,,,,,,,,,,,,,,,,,,,,,,2025
641598,Mitch Garver,136,Seattle Mariners,,C,2026,45.0,36.0,7.0,1.0,0.0,0.0,9.0,0.0,12.0,0.0,0.0,0.0,8.0,1.0,0.0,.194,.356,.222,.578,.292,-.--,195.0,7.0,10.0,290.0,254.0,53.0,5.0,1.0,9.0,30.0,1.0,80.0,3.0,3.0,0.0,87.0,30.0,6.0,.209,.297,.343,.640,.262,28.22,1166.0,47.0,77.0,2025
623168,Tyler Heineman,141,Toronto Blue Jays,,C,2026,54.0,48.0,9.0,0.0,0.0,0.0,1.0,0.0,14.0,2.0,0.0,3.0,9.0,2.0,2.0,.188,.235,.188,.423,.265,-.--,188.0,19.0,9.0,174.0,149.0,43.0,8.0,1.0,3.0,12.0,0.0,31.0,6.0,2.0,5.0,62.0,20.0,1.0,.289,.361,.416,.777,.342,49.67,627.0,30.0,52.0,2025
621111,Walker Buehler,135,San Diego Padres,,P,2026,,,,,,,,,,,,,,,,,,,,,,,,,,,,,,,,,,,,,,,,,,,,,,,,,2025
621121,Lance McCullers Jr.,117,Houston Astros,,P,2026,,,,,,,,,,,,,,,,,,,,,,,,,,,,,,,,,,,,,,,,,,,,,,,,,2025
592450,Aaron Judge,147,New York Yankees,,RF,2026,140.0,114.0,30.0,5.0,0.0,12.0,23.0,1.0,38.0,2.0,0.0,0.0,71.0,21.0,2.0,.263,.396,.623,1.019,.281,9.50,630.0,24.0,22.0,679.0,541.0,179.0,30.0,2.0,53.0,124.0,36.0,160.0,7.0,7.0,0.0,372.0,114.0,16.0,.331,.457,.688,1.145,.376,10.21,2631.0,84.0,125.0,2025
571970,Max Muncy,119,Los Angeles Dodgers,,3B,2026,119.0,104.0,30.0,5.0,0.0,9.0,15.0,1.0,28.0,0.0,0.0,0.0,62.0,12.0,1.0,.288,.378,.596,.974,.313,11.56,478.0,25.0,21.0,388.0,313.0,76.0,10.0,2.0,19.0,64.0,2.0,83.0,6.0,5.0,0.0,147.0,67.0,4.0,.243,.376,.470,.846,.264,16.47,1650.0,61.0,98.0,2025
666181,Will Benson,113,Cincinnati Reds,,RF,2026,50.0,42.0,7.0,1.0,1.0,1.0,8.0,1.0,14.0,0.0,0.0,0.0,13.0,3.0,0.0,.167,.300,.310,.610,.222,42.00,202.0,5.0,16.0,253.0,230.0,52.0,8.0,2.0,12.0,16.0,1.0,67.0,1.0,6.0,0.0,100.0,41.0,4.0,.226,.273,.435,.708,.255,19.17,922.0,51.0,66.0,2025
666182,Bo Bichette,121,New York Mets,,3B,2026,140.0,130.0,31.0,5.0,0.0,2.0,8.0,0.0,28.0,0.0,2.0,0.0,42.0,14.0,5.0,.238,.279,.323,.602,.284,65.00,505.0,45.0,28.0,628.0,582.0,181.0,44.0,1.0,18.0,40.0,2.0,91.0,3.0,3.0,0.0,281.0,94.0,17.0,.311,.357,.483,.840,.342,32.33,2308.0,171.0,142.0,2025
666176,Jo Adell,108,Los Angeles Angels,,RF,2026,142.0,133.0,34.0,2.0,0.0,4.0,4.0,0.0,31.0,4.0,1.0,0.0,48.0,19.0,4.0,.256,.296,.361,.657,.303,33.25,535.0,31.0,38.0,573.0,526.0,124.0,18.0,1.0,37.0,33.0,0.0,151.0,10.0,1.0,0.0,255.0,98.0,10.0,.236,.293,.485,.778,.257,14.22,2220.0,111.0,141.0,2025
670280,David Bednar,147,New York Yankees,,P,2026,,,,,,,,,,,,,,,,,,,,,,,,,,,,,,,,,,,,,,,,,,,,,,,,,2025
674370,Osvaldo Bido,145,Chicago White Sox,,P,2026,,,,,,,,,,,,,,,,,,,,,,,,,,,,,,,,,,,,,,,,,,,,,,,,,2025
668227,Randy Arozarena,136,Seattle Mariners,,LF,2026,138.0,118.0,34.0,9.0,1.0,3.0,15.0,0.0,32.0,3.0,2.0,0.0,54.0,12.0,0.0,.288,.377,.458,.835,.365,39.33,571.0,31.0,23.0,709.0,613.0,146.0,32.0,1.0,27.0,64.0,2.0,191.0,27.0,5.0,0.0,261.0,76.0,9.0,.238,.334,.426,.760,.298,22.70,2873.0,125.0,156.0,2025
676428,Brant Hurter,116,Detroit Tigers,,P,2026,,,,,,,,,,,,,,,,,,,,,,,,,,,,,,,,,,,,,,,,,,,,,,,,,2025
664141,JT Brubaker,137,San Francisco Giants,,P,2026,,,,,,,,,,,,,,,,,,,,,,,,,,,,,,,,,,,,,,,,,,,,,,,,,2025
543309,Kyle Higashioka,140,Texas Rangers,,C,2026,50.0,45.0,10.0,1.0,0.0,1.0,5.0,0.0,15.0,0.0,0.0,0.0,14.0,3.0,2.0,.222,.300,.311,.611,.310,45.00,200.0,7.0,13.0,327.0,303.0,73.0,14.0,1.0,11.0,20.0,0.0,72.0,2.0,2.0,0.0,122.0,47.0,5.0,.241,.291,.403,.694,.279,27.54,1279.0,68.0,92.0,2025
672335,Cionel Pérez,120,Washington Nationals,,P,2026,,,,,,,,,,,,,,,,,,,,,,,,,0.0,0.0,0.0,0.0,0.0,0.0,0.0,0.0,0.0,0.0,0.0,0.0,0.0,0.0,0.0,.000,.000,.000,.000,.---,-.--,0.0,0.0,0.0,2025
545361,Mike Trout,108,Los Angeles Angels,,CF,2026,148.0,113.0,28.0,5.0,0.0,10.0,32.0,3.0,33.0,3.0,0.0,0.0,63.0,21.0,2.0,.248,.426,.558,.984,.257,11.30,648.0,19.0,33.0,556.0,456.0,106.0,14.0,1.0,26.0,87.0,10.0,178.0,6.0,6.0,0.0,200.0,64.0,7.0,.232,.359,.439,.798,.310,17.54,2482.0,66.0,112.0,2025
676439,Hunter Feduccia,139,Tampa Bay Rays,,C,2026,38.0,31.0,7.0,0.0,0.0,0.0,6.0,0.0,14.0,1.0,0.0,0.0,7.0,4.0,0.0,.226,.368,.226,.594,.412,-.--,162.0,4.0,6.0,105.0,88.0,13.0,5.0,0.0,0.0,15.0,0.0,29.0,0.0,2.0,0.0,18.0,8.0,0.0,.148,.267,.205,.472,.213,-.--,477.0,21.0,27.0,2025
676440,Tanner Bibee,114,Cleveland Guardians,,P,2026,,,,,,,,,,,,,,,,,,,,,,,,,,,,,,,,,,,,,,,,,,,,,,,,,2025
678489,Jorge Barrosa,109,Arizona Diamondbacks,,LF,2026,70.0,64.0,14.0,9.0,1.0,1.0,3.0,0.0,22.0,1.0,0.0,2.0,28.0,7.0,1.0,.219,.265,.438,.703,.317,64.00,294.0,20.0,10.0,77.0,71.0,10.0,3.0,0.0,1.0,2.0,0.0,22.0,1.0,3.0,0.0,16.0,7.0,1.0,.141,.169,.225,.394,.176,71.00,327.0,18.0,24.0,2025
666200,Jesús Luzardo,143,Philadelphia Phillies,,P,2026,,,,,,,,,,,,,,,,,,,,,,,,,,,,,,,,,,,,,,,,,,,,,,,,,2025
686681,Michael Massey,118,Kansas City Royals,,2B,2026,59.0,54.0,12.0,5.0,0.0,1.0,3.0,0.0,13.0,0.0,2.0,0.0,20.0,7.0,1.0,.222,.254,.370,.624,.262,54.00,236.0,11.0,20.0,277.0,262.0,64.0,9.0,0.0,3.0,9.0,0.0,43.0,1.0,4.0,1.0,82.0,20.0,3.0,.244,.268,.313,.581,.277,87.33,1013.0,48.0,112.0,2025
682608,Peyton Gray,140,Texas Rangers,,P,2026,,,,,,,,,,,,,,,,,,,,,,,,,,,,,,,,,,,,,,,,,,,,,,,,,2025
623211,Huascar Brazobán,121,New York Mets,,P,2026,,,,,,,,,,,,,,,,,,,,,,,,,,,,,,,,,,,,,,,,,,,,,,,,,2025
670329,Rico Garcia,110,Baltimore Orioles,,P,2026,,,,,,,,,,,,,,,,,,,,,,,,,,,,,,,,,,,,,,,,,,,,,,,,,2025
662139,Daulton Varsho,141,Toronto Blue Jays,,CF,2026,114.0,103.0,24.0,5.0,0.0,4.0,9.0,1.0,20.0,2.0,0.0,0.0,41.0,8.0,0.0,.233,.307,.398,.705,.253,25.75,409.0,25.0,34.0,271.0,248.0,59.0,13.0,2.0,20.0,17.0,1.0,77.0,1.0,5.0,0.0,136.0,55.0,1.0,.238,.284,.548,.832,.250,12.40,986.0,41.0,76.0,2025
676475,Alec Burleson,138,St. Louis Cardinals,,1B,2026,139.0,122.0,34.0,8.0,0.0,5.0,16.0,2.0,19.0,0.0,1.0,0.0,57.0,26.0,4.0,.279,.360,.467,.827,.293,24.40,498.0,39.0,31.0,546.0,497.0,144.0,26.0,2.0,18.0,39.0,1.0,79.0,3.0,4.0,1.0,228.0,69.0,14.0,.290,.343,.459,.802,.312,27.61,1933.0,119.0,160.0,2025
680573,Simeon Woods Richardson,142,Minnesota Twins,,P,2026,,,,,,,,,,,,,,,,,,,,,,,,,,,,,,,,,,,,,,,,,,,,,,,,,2025
680574,Matt McLain,113,Cincinnati Reds,,2B,2026,138.0,118.0,24.0,6.0,0.0,2.0,18.0,0.0,36.0,2.0,0.0,0.0,36.0,9.0,3.0,.203,.319,.305,.624,.275,59.00,544.0,23.0,35.0,577.0,510.0,112.0,18.0,0.0,15.0,55.0,0.0,167.0,5.0,4.0,3.0,175.0,50.0,8.0,.220,.300,.343,.643,.292,34.00,2365.0,96.0,142.0,2025
682626,Francisco Alvarez,121,New York Mets,,C,2026,102.0,88.0,20.0,3.0,0.0,4.0,9.0,0.0,22.0,2.0,1.0,0.0,35.0,8.0,7.0,.227,.310,.398,.708,.254,22.00,411.0,25.0,22.0,277.0,246.0,63.0,12.0,1.0,11.0,27.0,0.0,73.0,4.0,0.0,0.0,110.0,32.0,6.0,.256,.339,.447,.786,.321,22.36,1123.0,61.0,49.0,2025
592518,Manny Machado,135,San Diego Padres,,3B,2026,122.0,102.0,23.0,4.0,0.0,4.0,18.0,1.0,24.0,0.0,2.0,0.0,39.0,17.0,3.0,.225,.336,.382,.718,.250,25.50,506.0,30.0,27.0,678.0,615.0,169.0,33.0,0.0,27.0,55.0,4.0,131.0,3.0,5.0,0.0,283.0,95.0,16.0,.275,.335,.460,.795,.307,22.78,2647.0,144.0,176.0,2025
664199,Taylor Clarke,109,Arizona Diamondbacks,,P,2026,,,,,,,,,,,,,,,,,,,,,,,,,0.0,0.0,0.0,0.0,0.0,0.0,0.0,0.0,0.0,0.0,0.0,0.0,0.0,0.0,0.0,.000,.000,.000,.000,.---,-.--,0.0,0.0,0.0,2025
676477,Garrett Whitlock,111,Boston Red Sox,,P,2026,,,,,,,,,,,,,,,,,,,,,,,,,0.0,0.0,0.0,0.0,0.0,0.0,0.0,0.0,0.0,0.0,0.0,0.0,0.0,0.0,0.0,.000,.000,.000,.000,.---,-.--,0.0,0.0,0.0,2025
664208,Phil Maton,112,Chicago Cubs,,P,2026,,,,,,,,,,,,,,,,,,,,,,,,,0.0,0.0,0.0,0.0,0.0,0.0,0.0,0.0,0.0,0.0,0.0,0.0,0.0,0.0,0.0,.000,.000,.000,.000,.---,-.--,0.0,0.0,0.0,2025
594580,Sam Moll,113,Cincinnati Reds,,P,2026,,,,,,,,,,,,,,,,,,,,,,,,,,,,,,,,,,,,,,,,,,,,,,,,,2025
678554,Curtis Mead,120,Washington Nationals,,1B,2026,75.0,66.0,14.0,4.0,0.0,4.0,8.0,0.0,12.0,1.0,0.0,0.0,30.0,12.0,0.0,.212,.307,.455,.762,.200,16.50,309.0,19.0,21.0,264.0,240.0,56.0,10.0,1.0,3.0,15.0,0.0,63.0,8.0,1.0,0.0,77.0,19.0,9.0,.233,.299,.321,.620,.303,80.00,1019.0,47.0,75.0,2025
666277,George Soriano,138,St. Louis Cardinals,,P,2026,0.0,0.0,0.0,0.0,0.0,0.0,0.0,0.0,0.0,0.0,0.0,0.0,0.0,0.0,0.0,.000,.000,.000,.000,.---,-.--,0.0,0.0,0.0,,,,,,,,,,,,,,,,,,,,,,,,,2025
682663,Agustín Ramírez,146,Miami Marlins,,C,2026,121.0,107.0,25.0,5.0,1.0,2.0,11.0,1.0,27.0,2.0,1.0,0.0,38.0,13.0,4.0,.234,.314,.355,.669,.291,53.50,467.0,32.0,24.0,585.0,537.0,124.0,33.0,1.0,21.0,36.0,2.0,113.0,8.0,4.0,0.0,222.0,67.0,13.0,.231,.287,.413,.700,.253,25.57,2122.0,161.0,143.0,2025
682668,Luisangel Acuña,145,Chicago White Sox,,CF,2026,82.0,73.0,13.0,1.0,0.0,0.0,6.0,0.0,12.0,1.0,1.0,1.0,14.0,3.0,3.0,.178,.247,.192,.439,.210,-.--,301.0,31.0,19.0,193.0,175.0,41.0,7.0,0.0,0.0,13.0,0.0,37.0,2.0,1.0,2.0,48.0,8.0,6.0,.234,.293,.274,.567,.295,-.--,687.0,58.0,42.0,2025
682657,Angel Martínez,114,Cleveland Guardians,,LF,2026,104.0,96.0,25.0,6.0,0.0,5.0,3.0,0.0,20.0,2.0,1.0,2.0,46.0,16.0,2.0,.260,.294,.479,.773,.278,19.20,421.0,25.0,29.0,484.0,446.0,100.0,23.0,2.0,11.0,23.0,0.0,110.0,6.0,4.0,5.0,160.0,45.0,8.0,.224,.269,.359,.628,.271,40.54,1797.0,100.0,145.0,2025
516782,Starling Marte,118,Kansas City Royals,,RF,2026,35.0,33.0,10.0,3.0,0.0,0.0,0.0,0.0,10.0,1.0,1.0,0.0,13.0,2.0,1.0,.303,.314,.394,.708,.417,-.--,138.0,7.0,7.0,329.0,293.0,79.0,14.0,0.0,9.0,22.0,0.0,68.0,9.0,4.0,1.0,120.0,34.0,7.0,.270,.335,.410,.745,.318,32.56,1255.0,83.0,68.0,2025
621237,José Alvarado,143,Philadelphia Phillies,,P,2026,,,,,,,,,,,,,,,,,,,,,,,,,,,,,,,,,,,,,,,,,,,,,,,,,2025
676534,Calvin Faucher,146,Miami Marlins,,P,2026,,,,,,,,,,,,,,,,,,,,,,,,,,,,,,,,,,,,,,,,,,,,,,,,,2025
664238,Dylan Moore,143,Philadelphia Phillies,,CF,2026,15.0,12.0,0.0,0.0,0.0,0.0,3.0,0.0,6.0,0.0,0.0,0.0,0.0,0.0,0.0,.000,.200,.000,.200,.000,-.--,81.0,0.0,6.0,243.0,219.0,44.0,5.0,0.0,11.0,20.0,0.0,82.0,1.0,3.0,0.0,82.0,25.0,1.0,.201,.267,.374,.641,.256,19.91,1010.0,36.0,60.0,2025
686780,Pedro Pagés,138,St. Louis Cardinals,,C,2026,76.0,69.0,18.0,3.0,0.0,3.0,3.0,0.0,18.0,2.0,1.0,1.0,30.0,8.0,3.0,.261,.307,.435,.742,.306,23.00,299.0,17.0,18.0,389.0,361.0,83.0,15.0,0.0,11.0,19.0,1.0,107.0,3.0,3.0,3.0,131.0,45.0,9.0,.230,.272,.363,.635,.293,32.82,1486.0,87.0,90.0,2025
660162,Yoán Moncada,108,Los Angeles Angels,,3B,2026,103.0,86.0,15.0,0.0,1.0,3.0,15.0,0.0,36.0,2.0,0.0,0.0,26.0,9.0,1.0,.174,.311,.302,.613,.255,28.67,442.0,15.0,20.0,289.0,248.0,58.0,13.0,2.0,12.0,32.0,1.0,75.0,7.0,2.0,0.0,111.0,35.0,4.0,.234,.336,.448,.784,.282,20.67,1128.0,48.0,69.0,2025
666310,Bo Naylor,114,Cleveland Guardians,,C,2026,78.0,73.0,10.0,2.0,0.0,1.0,5.0,0.0,19.0,0.0,0.0,0.0,15.0,4.0,2.0,.137,.192,.205,.397,.170,73.00,335.0,16.0,28.0,414.0,359.0,70.0,22.0,1.0,14.0,45.0,0.0,99.0,1.0,6.0,3.0,136.0,47.0,4.0,.195,.282,.379,.661,.222,25.64,1681.0,72.0,127.0,2025
672456,Keider Montero,116,Detroit Tigers,,P,2026,,,,,,,,,,,,,,,,,,,,,,,,,,,,,,,,,,,,,,,,,,,,,,,,,2025
686797,Brooks Lee,142,Minnesota Twins,,SS,2026,112.0,103.0,26.0,2.0,0.0,5.0,8.0,0.0,21.0,1.0,0.0,0.0,43.0,17.0,0.0,.252,.313,.417,.730,.273,20.60,450.0,24.0,32.0,527.0,487.0,115.0,15.0,1.0,16.0,31.0,0.0,92.0,4.0,5.0,0.0,180.0,64.0,11.0,.236,.285,.370,.655,.258,30.44,2009.0,138.0,147.0,2025
694973,Paul Skenes,134,Pittsburgh Pirates,,P,2026,,,,,,,,,,,,,,,,,,,,,,,,,,,,,,,,,,,,,,,,,,,,,,,,,2025
678606,Jose A. Ferrer,136,Seattle Mariners,,P,2026,,,,,,,,,,,,,,,,,,,,,,,,,0.0,0.0,0.0,0.0,0.0,0.0,0.0,0.0,0.0,0.0,0.0,0.0,0.0,0.0,0.0,.000,.000,.000,.000,.---,-.--,0.0,0.0,0.0,2025
641743,Anthony Kay,145,Chicago White Sox,,P,2026,,,,,,,,,,,,,,,,,,,,,,,,,,,,,,,,,,,,,,,,,,,,,,,,,2025
641745,Brad Keller,143,Philadelphia Phillies,,P,2026,,,,,,,,,,,,,,,,,,,,,,,,,,,,,,,,,,,,,,,,,,,,,,,,,2025
686799,Jack Kochanowicz,108,Los Angeles Angels,,P,2026,,,,,,,,,,,,,,,,,,,,,,,,,,,,,,,,,,,,,,,,,,,,,,,,,2025
676571,PJ Poulin,120,Washington Nationals,,P,2026,,,,,,,,,,,,,,,,,,,,,,,,,0.0,0.0,0.0,0.0,0.0,0.0,0.0,0.0,0.0,0.0,0.0,0.0,0.0,0.0,0.0,.000,.000,.000,.000,.---,-.--,0.0,0.0,0.0,2025
518876,Merrill Kelly,109,Arizona Diamondbacks,,P,2026,,,,,,,,,,,,,,,,,,,,,,,,,,,,,,,,,,,,,,,,,,,,,,,,,2025
668390,Cole Winn,140,Texas Rangers,,P,2026,,,,,,,,,,,,,,,,,,,,,,,,,,,,,,,,,,,,,,,,,,,,,,,,,2025
664285,Framber Valdez,116,Detroit Tigers,,P,2026,,,,,,,,,,,,,,,,,,,,,,,,,,,,,,,,,,,,,,,,,,,,,,,,,2025
686823,Will Brennan,137,San Francisco Giants,,LF,2026,9.0,9.0,0.0,0.0,0.0,0.0,0.0,0.0,2.0,0.0,0.0,0.0,0.0,0.0,1.0,.000,.000,.000,.000,.000,-.--,29.0,4.0,3.0,13.0,11.0,1.0,0.0,0.0,0.0,1.0,0.0,1.0,1.0,0.0,0.0,1.0,0.0,1.0,.091,.231,.091,.322,.100,-.--,46.0,5.0,4.0,2025
518886,Craig Kimbrel,121,New York Mets,,P,2026,,,,,,,,,,,,,,,,,,,,,,,,,,,,,,,,,,,,,,,,,,,,,,,,,2025
572143,Burch Smith,116,Detroit Tigers,,P,2026,,,,,,,,,,,,,,,,,,,,,,,,,,,,,,,,,,,,,,,,,,,,,,,,,2025
641778,Eric Lauer,141,Toronto Blue Jays,,P,2026,,,,,,,,,,,,,,,,,,,,,,,,,,,,,,,,,,,,,,,,,,,,,,,,,2025
662253,Andrés Muñoz,136,Seattle Mariners,,P,2026,,,,,,,,,,,,,,,,,,,,,,,,,,,,,,,,,,,,,,,,,,,,,,,,,2025
592626,Joc Pederson,140,Texas Rangers,,1B,2026,89.0,74.0,16.0,1.0,0.0,2.0,12.0,0.0,21.0,1.0,2.0,0.0,23.0,6.0,4.0,.216,.326,.311,.637,.264,37.00,365.0,15.0,24.0,306.0,265.0,48.0,10.0,1.0,9.0,34.0,0.0,65.0,5.0,1.0,0.0,87.0,26.0,5.0,.181,.285,.328,.613,.203,29.44,1237.0,68.0,85.0,2025
688883,Peyton Pallette,114,Cleveland Guardians,,P,2026,,,,,,,,,,,,,,,,,,,,,,,,,,,,,,,,,,,,,,,,,,,,,,,,,2025
680694,Kyle Bradish,110,Baltimore Orioles,,P,2026,,,,,,,,,,,,,,,,,,,,,,,,,,,,,,,,,,,,,,,,,,,,,,,,,2025
680700,Richie Palacios,139,Tampa Bay Rays,,2B,2026,59.0,47.0,10.0,1.0,0.0,1.0,8.0,0.0,11.0,3.0,1.0,0.0,14.0,5.0,0.0,.213,.356,.298,.654,.250,47.00,232.0,14.0,13.0,48.0,42.0,14.0,2.0,0.0,1.0,5.0,0.0,9.0,0.0,1.0,0.0,19.0,3.0,3.0,.333,.396,.452,.848,.394,42.00,190.0,11.0,9.0,2025
606965,Chris Devenski,134,Pittsburgh Pirates,,P,2026,,,,,,,,,,,,,,,,,,,,,,,,,,,,,,,,,,,,,,,,,,,,,,,,,2025
680704,Nick Sandlin,108,Los Angeles Angels,,P,2026,,,,,,,,,,,,,,,,,,,,,,,,,0.0,0.0,0.0,0.0,0.0,0.0,0.0,0.0,0.0,0.0,0.0,0.0,0.0,0.0,0.0,.000,.000,.000,.000,.---,-.--,0.0,0.0,0.0,2025
676609,José Caballero,147,New York Yankees,,SS,2026,116.0,109.0,29.0,5.0,0.0,4.0,4.0,0.0,26.0,3.0,0.0,0.0,46.0,12.0,6.0,.266,.310,.422,.732,.316,27.25,453.0,31.0,23.0,370.0,314.0,74.0,18.0,1.0,5.0,47.0,0.0,98.0,3.0,2.0,4.0,109.0,36.0,1.0,.236,.339,.347,.686,.324,62.80,1501.0,61.0,87.0,2025
699134,Bradgley Rodriguez,135,San Diego Padres,,P,2026,,,,,,,,,,,,,,,,,,,,,,,,,,,,,,,,,,,,,,,,,,,,,,,,,2025
641793,Zack Littell,120,Washington Nationals,,P,2026,,,,,,,,,,,,,,,,,,,,,,,,,,,,,,,,,,,,,,,,,,,,,,,,,2025
672515,Gabriel Moreno,109,Arizona Diamondbacks,,C,2026,50.0,45.0,11.0,5.0,0.0,0.0,3.0,0.0,11.0,1.0,1.0,0.0,16.0,5.0,0.0,.244,.300,.356,.656,.314,-.--,215.0,7.0,17.0,309.0,277.0,79.0,12.0,1.0,9.0,29.0,3.0,53.0,1.0,2.0,0.0,120.0,40.0,6.0,.285,.353,.433,.786,.323,30.78,1314.0,60.0,87.0,2025
676617,Riley O'Brien,138,St. Louis Cardinals,,P,2026,,,,,,,,,,,,,,,,,,,,,,,,,,,,,,,,,,,,,,,,,,,,,,,,,2025
606992,Eric Haase,137,San Francisco Giants,,C,2026,6.0,6.0,2.0,1.0,0.0,0.0,0.0,0.0,1.0,0.0,0.0,0.0,3.0,1.0,0.0,.333,.333,.500,.833,.400,-.--,21.0,1.0,2.0,77.0,70.0,16.0,3.0,0.0,2.0,4.0,0.0,31.0,2.0,0.0,1.0,25.0,9.0,1.0,.229,.289,.357,.646,.378,35.00,337.0,17.0,7.0,2025
606996,Kyle Hart,135,San Diego Padres,,P,2026,,,,,,,,,,,,,,,,,,,,,,,,,,,,,,,,,,,,,,,,,,,,,,,,,2025
543510,James McCann,109,Arizona Diamondbacks,,C,2026,49.0,47.0,9.0,3.0,0.0,0.0,1.0,0.0,16.0,0.0,0.0,1.0,12.0,6.0,3.0,.191,.208,.255,.463,.290,-.--,199.0,13.0,10.0,137.0,123.0,32.0,6.0,0.0,5.0,8.0,0.0,33.0,4.0,1.0,1.0,53.0,17.0,3.0,.260,.324,.431,.755,.314,24.60,507.0,34.0,26.0,2025
592662,Robbie Ray,137,San Francisco Giants,,P,2026,,,,,,,,,,,,,,,,,,,,,,,,,,,,,,,,,,,,,,,,,,,,,,,,,2025
680728,Adrian Del Castillo,109,Arizona Diamondbacks,,C,2026,65.0,62.0,13.0,3.0,0.0,2.0,3.0,0.0,21.0,0.0,0.0,0.0,22.0,11.0,3.0,.210,.246,.355,.601,.282,31.00,275.0,15.0,13.0,131.0,120.0,29.0,6.0,0.0,4.0,8.0,0.0,47.0,1.0,2.0,0.0,47.0,17.0,2.0,.242,.290,.392,.682,.352,30.00,535.0,16.0,30.0,2025
641816,Tyler Mahle,137,San Francisco Giants,,P,2026,,,,,,,,,,,,,,,,,,,,,,,,,,,,,,,,,,,,,,,,,,,,,,,,,2025
680730,Mitchell Parker,120,Washington Nationals,,P,2026,,,,,,,,,,,,,,,,,,,,,,,,,,,,,,,,,,,,,,,,,,,,,,,,,2025
680732,Sean Burke,145,Chicago White Sox,,P,2026,,,,,,,,,,,,,,,,,,,,,,,,,,,,,,,,,,,,,,,,,,,,,,,,,2025
807712,Luke Keaschall,142,Minnesota Twins,,2B,2026,135.0,123.0,26.0,4.0,0.0,1.0,9.0,0.0,23.0,1.0,2.0,0.0,33.0,14.0,2.0,.211,.267,.268,.535,.248,123.00,524.0,31.0,45.0,207.0,182.0,55.0,14.0,0.0,4.0,19.0,0.0,29.0,5.0,1.0,0.0,81.0,28.0,4.0,.302,.382,.445,.827,.340,45.50,774.0,49.0,50.0,2025
807713,Matt Shaw,112,Chicago Cubs,,RF,2026,83.0,76.0,22.0,6.0,0.0,3.0,5.0,0.0,15.0,0.0,1.0,1.0,37.0,10.0,1.0,.289,.329,.487,.816,.322,25.33,335.0,17.0,24.0,437.0,393.0,89.0,21.0,3.0,13.0,38.0,0.0,94.0,2.0,4.0,0.0,155.0,44.0,2.0,.226,.295,.394,.689,.262,30.23,1720.0,93.0,121.0,2025
690976,Alex Freeland,119,Los Angeles Dodgers,,2B,2026,87.0,77.0,18.0,4.0,0.0,1.0,7.0,0.0,26.0,0.0,1.0,2.0,25.0,6.0,1.0,.234,.294,.325,.619,.333,77.00,356.0,24.0,12.0,97.0,84.0,16.0,2.0,1.0,2.0,11.0,0.0,35.0,1.0,0.0,1.0,26.0,6.0,3.0,.190,.292,.310,.602,.298,42.00,429.0,13.0,21.0,2025
680736,Justin Wrobleski,119,Los Angeles Dodgers,,P,2026,,,,,,,,,,,,,,,,,,,,,,,,,,,,,,,,,,,,,,,,,,,,,,,,,2025
680742,Jonathan Bowlan,143,Philadelphia Phillies,,P,2026,,,,,,,,,,,,,,,,,,,,,,,,,,,,,,,,,,,,,,,,,,,,,,,,,2025
695076,Rhett Lowder,113,Cincinnati Reds,,P,2026,,,,,,,,,,,,,,,,,,,,,,,,,,,,,,,,,,,,,,,,,,,,,,,,,2025
690984,Petey Halpin,114,Cleveland Guardians,,CF,2026,,,,,,,,,,,,,,,,,,,,,,,,,8.0,6.0,2.0,0.0,0.0,0.0,2.0,0.0,2.0,0.0,0.0,0.0,2.0,0.0,0.0,.333,.500,.333,.833,.500,-.--,33.0,1.0,1.0,2025
690986,Kyle Harrison,158,Milwaukee Brewers,,P,2026,,,,,,,,,,,,,,,,,,,,,,,,,,,,,,,,,,,,,,,,,,,,,,,,,2025
641835,Tim Mayza,143,Philadelphia Phillies,,P,2026,,,,,,,,,,,,,,,,,,,,,,,,,,,,,,,,,,,,,,,,,,,,,,,,,2025
686894,Joey Wiemer,120,Washington Nationals,,RF,2026,64.0,56.0,18.0,3.0,1.0,3.0,8.0,0.0,24.0,0.0,0.0,0.0,32.0,8.0,2.0,.321,.406,.571,.977,.517,18.67,252.0,9.0,5.0,61.0,55.0,13.0,2.0,0.0,3.0,2.0,1.0,23.0,2.0,2.0,0.0,24.0,12.0,0.0,.236,.279,.436,.715,.323,18.33,219.0,12.0,9.0,2025
660271,Shohei Ohtani,119,Los Angeles Dodgers,,TWP,2026,144.0,115.0,30.0,6.0,0.0,6.0,23.0,6.0,34.0,3.0,2.0,0.0,54.0,13.0,3.0,.261,.392,.470,.862,.312,19.17,548.0,25.0,28.0,727.0,611.0,172.0,25.0,9.0,55.0,109.0,20.0,187.0,3.0,2.0,0.0,380.0,102.0,9.0,.282,.392,.622,1.014,.315,11.11,2865.0,120.0,134.0,2025
690993,Colt Keith,116,Detroit Tigers,,3B,2026,96.0,92.0,30.0,7.0,0.0,0.0,4.0,0.0,19.0,0.0,0.0,0.0,37.0,6.0,2.0,.326,.354,.402,.756,.411,-.--,357.0,19.0,24.0,468.0,414.0,106.0,22.0,2.0,13.0,48.0,1.0,102.0,2.0,4.0,0.0,171.0,45.0,7.0,.256,.333,.413,.746,.307,31.85,1826.0,87.0,123.0,2025
680757,Steven Kwan,114,Cleveland Guardians,,CF,2026,135.0,117.0,27.0,5.0,0.0,1.0,15.0,1.0,16.0,1.0,1.0,1.0,35.0,8.0,3.0,.231,.321,.299,.620,.257,117.00,528.0,39.0,37.0,693.0,625.0,170.0,29.0,1.0,11.0,55.0,2.0,60.0,3.0,7.0,3.0,234.0,56.0,3.0,.272,.330,.374,.704,.283,56.82,2786.0,167.0,238.0,2025
680755,Braydon Fisher,141,Toronto Blue Jays,,P,2026,,,,,,,,,,,,,,,,,,,,,,,,,,,,,,,,,,,,,,,,,,,,,,,,,2025
621366,Ryan Borucki,137,San Francisco Giants,,P,2026,,,,,,,,,,,,,,,,,,,,,,,,,,,,,,,,,,,,,,,,,,,,,,,,,2025
690997,Nolan McLean,121,New York Mets,,P,2026,,,,,,,,,,,,,,,,,,,,,,,,,,,,,,,,,,,,,,,,,,,,,,,,,2025
641857,Ryan McMahon,147,New York Yankees,,3B,2026,82.0,72.0,12.0,0.0,0.0,2.0,10.0,0.0,27.0,0.0,0.0,0.0,18.0,7.0,3.0,.167,.268,.250,.518,.233,36.00,334.0,18.0,15.0,586.0,509.0,109.0,23.0,1.0,20.0,70.0,1.0,189.0,4.0,3.0,0.0,194.0,53.0,7.0,.214,.312,.381,.693,.294,25.45,2500.0,106.0,108.0,2025
682818,Yohendrick Pinango,141,Toronto Blue Jays,,LF,2026,11.0,10.0,5.0,0.0,0.0,0.0,1.0,0.0,0.0,0.0,0.0,0.0,5.0,3.0,0.0,.500,.545,.500,1.045,.500,-.--,43.0,2.0,3.0,,,,,,,,,,,,,,,,,,,,,,,,,2025
607043,Brandon Nimmo,140,Texas Rangers,,RF,2026,143.0,126.0,38.0,7.0,1.0,4.0,13.0,1.0,27.0,3.0,1.0,0.0,59.0,12.0,3.0,.302,.378,.468,.846,.354,31.50,528.0,30.0,32.0,652.0,587.0,154.0,27.0,0.0,25.0,50.0,1.0,141.0,7.0,7.0,1.0,256.0,92.0,8.0,.262,.324,.436,.760,.301,23.48,2602.0,149.0,151.0,2025
691011,Drew Romo,145,Chicago White Sox,,C,2026,13.0,7.0,2.0,0.0,0.0,2.0,5.0,0.0,1.0,1.0,0.0,0.0,8.0,3.0,0.0,.286,.615,1.143,1.758,.000,3.50,57.0,4.0,0.0,3.0,3.0,0.0,0.0,0.0,0.0,0.0,0.0,3.0,0.0,0.0,0.0,0.0,0.0,0.0,.000,.000,.000,.000,.---,-.--,12.0,0.0,0.0,2025
672580,Maikel Garcia,118,Kansas City Royals,,3B,2026,131.0,117.0,32.0,8.0,1.0,3.0,13.0,0.0,23.0,0.0,1.0,0.0,51.0,11.0,2.0,.274,.344,.436,.780,.315,39.00,501.0,26.0,37.0,666.0,595.0,170.0,39.0,5.0,16.0,62.0,0.0,84.0,1.0,5.0,3.0,267.0,74.0,14.0,.286,.351,.449,.800,.308,37.19,2519.0,168.0,181.0,2025
621383,Tanner Banks,143,Philadelphia Phillies,,P,2026,,,,,,,,,,,,,,,,,,,,,,,,,,,,,,,,,,,,,,,,,,,,,,,,,2025
691016,Tyler Soderstrom,133,Athletics,,LF,2026,129.0,113.0,24.0,11.0,1.0,3.0,15.0,1.0,26.0,0.0,1.0,0.0,46.0,18.0,4.0,.212,.302,.407,.709,.247,37.67,463.0,32.0,32.0,624.0,561.0,155.0,34.0,1.0,25.0,55.0,2.0,141.0,6.0,2.0,0.0,266.0,93.0,18.0,.276,.346,.474,.820,.327,22.44,2227.0,153.0,114.0,2025
621381,Matt Strahm,118,Kansas City Royals,,P,2026,,,,,,,,,,,,,,,,,,,,,,,,,,,,,,,,,,,,,,,,,,,,,,,,,2025
680777,Ryan Jeffers,142,Minnesota Twins,,C,2026,101.0,83.0,25.0,2.0,1.0,4.0,15.0,0.0,19.0,1.0,1.0,0.0,41.0,21.0,1.0,.301,.410,.494,.904,.344,20.75,439.0,14.0,27.0,464.0,406.0,108.0,26.0,0.0,9.0,50.0,1.0,91.0,7.0,1.0,0.0,161.0,47.0,9.0,.266,.356,.397,.753,.322,45.11,1879.0,91.0,117.0,2025
682825,Luis Mey,113,Cincinnati Reds,,P,2026,,,,,,,,,,,,,,,,,,,,,,,,,,,,,,,,,,,,,,,,,,,,,,,,,2025
680779,Henry Davis,134,Pittsburgh Pirates,,C,2026,78.0,68.0,12.0,3.0,0.0,2.0,7.0,0.0,15.0,2.0,0.0,1.0,21.0,6.0,2.0,.176,.273,.309,.582,.196,34.00,283.0,21.0,21.0,283.0,252.0,42.0,7.0,0.0,7.0,18.0,0.0,76.0,5.0,3.0,3.0,70.0,22.0,2.0,.167,.234,.278,.512,.203,36.00,1069.0,48.0,92.0,2025
514888,Jose Altuve,117,Houston Astros,,2B,2026,133.0,116.0,29.0,7.0,0.0,3.0,17.0,1.0,24.0,0.0,0.0,0.0,45.0,8.0,3.0,.250,.346,.388,.734,.292,38.67,477.0,38.0,25.0,654.0,588.0,156.0,24.0,1.0,26.0,55.0,5.0,109.0,4.0,6.0,1.0,260.0,77.0,20.0,.265,.329,.442,.771,.283,22.62,2314.0,149.0,181.0,2025
623437,Justin Topa,142,Minnesota Twins,,P,2026,,,,,,,,,,,,,,,,,,,,,,,,,,,,,,,,,,,,,,,,,,,,,,,,,2025
572233,Christian Walker,117,Houston Astros,,1B,2026,135.0,119.0,35.0,9.0,0.0,7.0,14.0,1.0,24.0,1.0,1.0,0.0,65.0,24.0,5.0,.294,.370,.546,.916,.315,17.00,510.0,33.0,28.0,640.0,585.0,139.0,24.0,1.0,27.0,40.0,1.0,177.0,11.0,4.0,0.0,246.0,88.0,10.0,.238,.297,.421,.718,.291,21.67,2513.0,111.0,162.0,2025
670541,Yordan Alvarez,117,Houston Astros,,LF,2026,148.0,123.0,42.0,9.0,0.0,12.0,21.0,6.0,15.0,3.0,1.0,0.0,87.0,27.0,1.0,.341,.446,.707,1.153,.309,10.25,550.0,26.0,41.0,199.0,165.0,45.0,8.0,0.0,6.0,28.0,5.0,33.0,0.0,6.0,0.0,71.0,27.0,1.0,.273,.367,.430,.797,.295,27.50,803.0,34.0,59.0,2025
680776,Jarren Duran,111,Boston Red Sox,,LF,2026,112.0,104.0,18.0,5.0,0.0,2.0,7.0,0.0,28.0,1.0,0.0,0.0,29.0,14.0,0.0,.173,.232,.279,.511,.216,52.00,402.0,31.0,27.0,696.0,620.0,159.0,41.0,13.0,16.0,60.0,1.0,169.0,12.0,3.0,1.0,274.0,84.0,6.0,.256,.332,.442,.774,.326,38.75,2624.0,137.0,159.0,2025
691023,Jordan Walker,138,St. Louis Cardinals,,RF,2026,134.0,120.0,37.0,6.0,0.0,9.0,12.0,0.0,41.0,1.0,1.0,0.0,70.0,25.0,2.0,.308,.373,.583,.956,.394,13.33,484.0,22.0,21.0,396.0,363.0,78.0,13.0,1.0,6.0,29.0,1.0,126.0,3.0,1.0,0.0,111.0,41.0,9.0,.215,.278,.306,.584,.310,60.50,1541.0,75.0,85.0,2025
682829,Elly De La Cruz,113,Cincinnati Reds,,SS,2026,142.0,128.0,35.0,5.0,0.0,10.0,14.0,0.0,41.0,0.0,0.0,0.0,70.0,25.0,1.0,.273,.345,.547,.892,.325,12.80,569.0,29.0,23.0,699.0,629.0,166.0,31.0,7.0,22.0,67.0,10.0,181.0,2.0,1.0,0.0,277.0,86.0,14.0,.264,.336,.440,.776,.337,28.59,2678.0,166.0,117.0,2025
691026,Masyn Winn,138,St. Louis Cardinals,,SS,2026,117.0,102.0,27.0,5.0,1.0,1.0,11.0,0.0,25.0,3.0,1.0,0.0,37.0,13.0,1.0,.265,.350,.363,.713,.338,102.00,486.0,22.0,29.0,537.0,491.0,124.0,27.0,0.0,9.0,34.0,0.0,102.0,8.0,2.0,2.0,178.0,51.0,11.0,.253,.310,.363,.673,.301,54.56,2256.0,107.0,162.0,2025
682842,Abner Uribe,158,Milwaukee Brewers,,P,2026,,,,,,,,,,,,,,,,,,,,,,,,,,,,,,,,,,,,,,,,,,,,,,,,,2025
607067,Colin Rea,112,Chicago Cubs,,P,2026,,,,,,,,,,,,,,,,,,,,,,,,,1.0,1.0,0.0,0.0,0.0,0.0,0.0,0.0,1.0,0.0,0.0,0.0,0.0,0.0,0.0,.000,.000,.000,.000,.---,-.--,5.0,0.0,0.0,2025
445276,Kenley Jansen,116,Detroit Tigers,,P,2026,,,,,,,,,,,,,,,,,,,,,,,,,0.0,0.0,0.0,0.0,0.0,0.0,0.0,0.0,0.0,0.0,0.0,0.0,0.0,0.0,0.0,.000,.000,.000,.000,.---,-.--,0.0,0.0,0.0,2025
656222,Jalen Beeks,140,Texas Rangers,,P,2026,,,,,,,,,,,,,,,,,,,,,,,,,,,,,,,,,,,,,,,,,,,,,,,,,2025
676684,Will Vest,116,Detroit Tigers,,P,2026,,,,,,,,,,,,,,,,,,,,,,,,,,,,,,,,,,,,,,,,,,,,,,,,,2025
623454,Drew Anderson,116,Detroit Tigers,,P,2026,,,,,,,,,,,,,,,,,,,,,,,,,,,,,,,,,,,,,,,,,,,,,,,,,2025
660825,Eduard Bazardo,136,Seattle Mariners,,P,2026,,,,,,,,,,,,,,,,,,,,,,,,,,,,,,,,,,,,,,,,,,,,,,,,,2025
656234,Jake Bird,147,New York Yankees,,P,2026,,,,,,,,,,,,,,,,,,,,,,,,,0.0,0.0,0.0,0.0,0.0,0.0,0.0,0.0,0.0,0.0,0.0,0.0,0.0,0.0,0.0,.000,.000,.000,.000,.---,-.--,0.0,0.0,0.0,2025
666464,Jerar Encarnacion,137,San Francisco Giants,,RF,2026,33.0,32.0,6.0,1.0,0.0,0.0,1.0,0.0,8.0,0.0,0.0,0.0,7.0,0.0,1.0,.188,.212,.219,.431,.250,-.--,147.0,9.0,9.0,56.0,55.0,11.0,3.0,0.0,2.0,1.0,0.0,15.0,0.0,0.0,0.0,20.0,7.0,3.0,.200,.214,.364,.578,.237,27.50,185.0,17.0,12.0,2025
807799,Masataka Yoshida,111,Boston Red Sox,,LF,2026,59.0,49.0,13.0,3.0,0.0,0.0,9.0,0.0,7.0,1.0,0.0,0.0,16.0,5.0,0.0,.265,.390,.327,.717,.310,-.--,224.0,18.0,11.0,205.0,188.0,50.0,11.0,0.0,4.0,10.0,0.0,24.0,3.0,4.0,0.0,73.0,26.0,3.0,.266,.307,.388,.695,.280,47.00,715.0,73.0,45.0,2025
594798,Jacob deGrom,140,Texas Rangers,,P,2026,,,,,,,,,,,,,,,,,,,,,,,,,,,,,,,,,,,,,,,,,,,,,,,,,2025
621438,Tyrone Taylor,121,New York Mets,,RF,2026,56.0,52.0,11.0,1.0,0.0,2.0,2.0,0.0,9.0,0.0,0.0,2.0,18.0,7.0,0.0,.212,.241,.346,.587,.220,26.00,214.0,12.0,22.0,341.0,310.0,69.0,18.0,3.0,2.0,16.0,1.0,76.0,9.0,2.0,3.0,99.0,27.0,4.0,.223,.279,.319,.598,.286,155.00,1246.0,63.0,107.0,2025
621439,Byron Buxton,142,Minnesota Twins,,CF,2026,139.0,127.0,33.0,5.0,1.0,9.0,9.0,0.0,36.0,2.0,1.0,0.0,67.0,13.0,0.0,.260,.317,.528,.845,.289,14.11,498.0,12.0,47.0,542.0,488.0,129.0,21.0,7.0,35.0,41.0,5.0,148.0,7.0,6.0,0.0,269.0,83.0,0.0,.264,.327,.551,.878,.302,13.94,2028.0,84.0,133.0,2025
672640,Otto Lopez,146,Miami Marlins,,SS,2026,132.0,123.0,41.0,8.0,2.0,3.0,6.0,0.0,26.0,2.0,1.0,0.0,62.0,14.0,0.0,.333,.371,.504,.875,.400,41.00,482.0,30.0,27.0,594.0,544.0,134.0,21.0,0.0,15.0,44.0,2.0,82.0,3.0,3.0,0.0,200.0,77.0,9.0,.246,.305,.368,.673,.264,36.27,2129.0,174.0,157.0,2025
686973,Louis Varland,141,Toronto Blue Jays,,P,2026,,,,,,,,,,,,,,,,,,,,,,,,,,,,,,,,,,,,,,,,,,,,,,,,,2025
641927,Bailey Ober,142,Minnesota Twins,,P,2026,,,,,,,,,,,,,,,,,,,,,,,,,,,,,,,,,,,,,,,,,,,,,,,,,2025
641933,Tyler O'Neill,110,Baltimore Orioles,,RF,2026,47.0,40.0,9.0,0.0,0.0,1.0,5.0,0.0,11.0,2.0,0.0,0.0,12.0,4.0,0.0,.225,.340,.300,.640,.286,40.00,183.0,6.0,14.0,209.0,181.0,36.0,6.0,1.0,9.0,22.0,1.0,51.0,3.0,3.0,0.0,71.0,26.0,2.0,.199,.292,.392,.684,.218,20.11,821.0,35.0,62.0,2025
592773,Ryne Stanek,138,St. Louis Cardinals,,P,2026,,,,,,,,,,,,,,,,,,,,,,,,,0.0,0.0,0.0,0.0,0.0,0.0,0.0,0.0,0.0,0.0,0.0,0.0,0.0,0.0,0.0,.000,.000,.000,.000,.---,-.--,0.0,0.0,0.0,2025
502671,Paul Goldschmidt,147,New York Yankees,,1B,2026,38.0,32.0,5.0,4.0,0.0,1.0,5.0,0.0,8.0,1.0,0.0,0.0,12.0,4.0,0.0,.156,.289,.375,.664,.174,32.00,162.0,11.0,8.0,534.0,489.0,134.0,31.0,1.0,10.0,36.0,5.0,100.0,4.0,2.0,0.0,197.0,45.0,8.0,.274,.328,.403,.731,.325,48.90,2092.0,113.0,144.0,2025
553869,Elias Díaz,118,Kansas City Royals,,C,2026,12.0,11.0,4.0,2.0,0.0,1.0,1.0,0.0,1.0,0.0,0.0,0.0,9.0,3.0,0.0,.364,.417,.818,1.235,.333,11.00,43.0,2.0,4.0,283.0,255.0,52.0,7.0,0.0,9.0,21.0,0.0,74.0,2.0,0.0,5.0,86.0,29.0,11.0,.204,.270,.337,.607,.250,28.33,1055.0,51.0,83.0,2025
686993,Justin Sterner,133,Athletics,,P,2026,,,,,,,,,,,,,,,,,,,,,,,,,,,,,,,,,,,,,,,,,,,,,,,,,2025
656271,Brock Burke,113,Cincinnati Reds,,P,2026,,,,,,,,,,,,,,,,,,,,,,,,,,,,,,,,,,,,,,,,,,,,,,,,,2025
805779,Jacob Wilson,133,Athletics,,SS,2026,136.0,132.0,38.0,7.0,0.0,2.0,3.0,0.0,15.0,0.0,1.0,0.0,51.0,15.0,3.0,.288,.301,.386,.687,.310,66.00,453.0,45.0,35.0,523.0,486.0,151.0,26.0,0.0,13.0,27.0,1.0,39.0,7.0,1.0,2.0,216.0,63.0,16.0,.311,.355,.444,.799,.317,37.38,1735.0,179.0,120.0,2025
641941,Emilio Pagán,113,Cincinnati Reds,,P,2026,,,,,,,,,,,,,,,,,,,,,,,,,,,,,,,,,,,,,,,,,,,,,,,,,2025
592791,Jameson Taillon,112,Chicago Cubs,,P,2026,,,,,,,,,,,,,,,,,,,,,,,,,,,,,,,,,,,,,,,,,,,,,,,,,2025
676760,Ron Marinaccio,135,San Diego Padres,,P,2026,,,,,,,,,,,,,,,,,,,,,,,,,,,,,,,,,,,,,,,,,,,,,,,,,2025
676755,Isaac Mattson,134,Pittsburgh Pirates,,P,2026,,,,,,,,,,,,,,,,,,,,,,,,,,,,,,,,,,,,,,,,,,,,,,,,,2025
670623,Isaac Paredes,117,Houston Astros,,3B,2026,116.0,102.0,27.0,4.0,0.0,3.0,10.0,0.0,18.0,4.0,0.0,0.0,40.0,15.0,2.0,.265,.353,.392,.745,.296,34.00,509.0,15.0,42.0,438.0,378.0,96.0,15.0,1.0,20.0,50.0,0.0,76.0,8.0,2.0,0.0,173.0,53.0,10.0,.254,.352,.458,.810,.268,18.90,1943.0,73.0,135.0,2025
701350,Roman Anthony,111,Boston Red Sox,,LF,2026,119.0,100.0,23.0,4.0,1.0,1.0,18.0,1.0,32.0,1.0,0.0,0.0,32.0,5.0,0.0,.230,.353,.320,.673,.328,100.00,504.0,25.0,20.0,303.0,257.0,75.0,18.0,1.0,8.0,40.0,0.0,84.0,5.0,1.0,0.0,119.0,32.0,2.0,.292,.396,.463,.859,.404,32.12,1283.0,62.0,37.0,2025
676775,Keaton Winn,137,San Francisco Giants,,P,2026,,,,,,,,,,,,,,,,,,,,,,,,,,,,,,,,,,,,,,,,,,,,,,,,,2025
656302,Dylan Cease,141,Toronto Blue Jays,,P,2026,,,,,,,,,,,,,,,,,,,,,,,,,,,,,,,,,,,,,,,,,,,,,,,,,2025
680869,Zack Gelof,133,Athletics,,CF,2026,40.0,37.0,9.0,1.0,0.0,1.0,1.0,0.0,10.0,0.0,0.0,2.0,13.0,6.0,1.0,.243,.263,.351,.614,.308,37.00,149.0,10.0,10.0,101.0,92.0,16.0,3.0,0.0,2.0,7.0,0.0,46.0,0.0,1.0,1.0,25.0,7.0,0.0,.174,.230,.272,.502,.311,46.00,416.0,12.0,20.0,2025
701358,Cam Smith,117,Houston Astros,,RF,2026,128.0,109.0,23.0,5.0,0.0,4.0,14.0,0.0,36.0,2.0,2.0,0.0,40.0,15.0,3.0,.211,.307,.367,.674,.268,27.25,537.0,26.0,26.0,493.0,441.0,104.0,21.0,3.0,9.0,43.0,0.0,137.0,7.0,2.0,0.0,158.0,51.0,11.0,.236,.312,.358,.670,.320,49.00,2024.0,104.0,98.0,2025
656305,Matt Chapman,137,San Francisco Giants,,3B,2026,137.0,122.0,32.0,6.0,1.0,1.0,14.0,0.0,31.0,1.0,0.0,0.0,43.0,12.0,4.0,.262,.343,.352,.695,.344,122.00,540.0,34.0,25.0,535.0,454.0,105.0,23.0,2.0,21.0,71.0,1.0,126.0,6.0,4.0,0.0,195.0,61.0,8.0,.231,.340,.430,.770,.270,21.62,2209.0,96.0,131.0,2025
805808,Kevin McGonigle,116,Detroit Tigers,,SS,2026,141.0,121.0,38.0,11.0,2.0,2.0,19.0,0.0,18.0,1.0,0.0,0.0,59.0,13.0,0.0,.314,.411,.488,.899,.356,60.50,592.0,20.0,45.0,,,,,,,,,,,,,,,,,,,,,,,,,2025
621493,Taylor Ward,110,Baltimore Orioles,,LF,2026,148.0,119.0,35.0,13.0,0.0,1.0,27.0,0.0,24.0,1.0,1.0,0.0,51.0,11.0,1.0,.294,.426,.429,.855,.358,119.00,648.0,27.0,34.0,663.0,579.0,132.0,31.0,2.0,36.0,75.0,1.0,175.0,3.0,6.0,0.0,275.0,103.0,13.0,.228,.317,.475,.792,.257,16.08,2788.0,112.0,166.0,2025
672695,Geraldo Perdomo,109,Arizona Diamondbacks,,SS,2026,116.0,94.0,23.0,3.0,3.0,2.0,18.0,0.0,15.0,0.0,2.0,2.0,38.0,9.0,5.0,.245,.360,.404,.764,.266,47.00,498.0,35.0,25.0,720.0,597.0,173.0,33.0,5.0,20.0,94.0,1.0,83.0,10.0,11.0,8.0,276.0,100.0,11.0,.290,.389,.462,.851,.303,29.85,3007.0,167.0,193.0,2025
682928,CJ Abrams,120,Washington Nationals,,SS,2026,135.0,111.0,32.0,4.0,0.0,8.0,16.0,2.0,24.0,6.0,2.0,0.0,60.0,26.0,2.0,.288,.400,.541,.941,.296,13.88,503.0,25.0,32.0,635.0,580.0,149.0,35.0,5.0,19.0,37.0,1.0,125.0,14.0,3.0,1.0,251.0,60.0,5.0,.257,.315,.433,.748,.296,30.53,2320.0,141.0,169.0,2025
605130,Scott Barlow,133,Athletics,,P,2026,,,,,,,,,,,,,,,,,,,,,,,,,,,,,,,,,,,,,,,,,,,,,,,,,2025
695243,Mason Miller,135,San Diego Padres,,P,2026,,,,,,,,,,,,,,,,,,,,,,,,,,,,,,,,,,,,,,,,,,,,,,,,,2025
605137,Josh Bell,142,Minnesota Twins,,1B,2026,131.0,115.0,26.0,5.0,0.0,3.0,14.0,0.0,24.0,1.0,1.0,0.0,40.0,17.0,2.0,.226,.313,.348,.661,.258,38.33,505.0,25.0,41.0,533.0,468.0,111.0,16.0,1.0,22.0,57.0,1.0,88.0,5.0,3.0,0.0,195.0,63.0,15.0,.237,.325,.417,.742,.247,21.27,2102.0,137.0,135.0,2025
605135,Chris Bassitt,110,Baltimore Orioles,,P,2026,,,,,,,,,,,,,,,,,,,,,,,,,,,,,,,,,,,,,,,,,,,,,,,,,2025
672724,Oswald Peraza,108,Los Angeles Angels,,2B,2026,93.0,83.0,23.0,4.0,0.0,4.0,7.0,0.0,24.0,2.0,0.0,1.0,39.0,8.0,1.0,.277,.348,.470,.818,.345,20.75,353.0,19.0,18.0,265.0,244.0,40.0,6.0,0.0,5.0,17.0,0.0,80.0,2.0,1.0,0.0,61.0,20.0,6.0,.164,.223,.250,.473,.219,48.80,1005.0,70.0,55.0,2025
701398,Sal Stewart,113,Cincinnati Reds,,1B,2026,138.0,118.0,32.0,6.0,0.0,9.0,18.0,1.0,24.0,0.0,2.0,0.0,65.0,29.0,1.0,.271,.362,.551,.913,.264,13.11,539.0,33.0,31.0,58.0,55.0,14.0,1.0,0.0,5.0,3.0,0.0,15.0,0.0,0.0,0.0,30.0,8.0,1.0,.255,.293,.545,.838,.257,11.00,217.0,10.0,16.0,2025
687064,Brandon Young,110,Baltimore Orioles,,P,2026,,,,,,,,,,,,,,,,,,,,,,,,,,,,,,,,,,,,,,,,,,,,,,,,,2025
607192,Tyler Glasnow,119,Los Angeles Dodgers,,P,2026,,,,,,,,,,,,,,,,,,,,,,,,,,,,,,,,,,,,,,,,,,,,,,,,,2025
695257,Billy Cook,134,Pittsburgh Pirates,,RF,2026,11.0,11.0,3.0,0.0,0.0,0.0,0.0,0.0,4.0,0.0,0.0,0.0,3.0,0.0,0.0,.273,.273,.273,.546,.429,-.--,37.0,2.0,2.0,6.0,6.0,2.0,0.0,0.0,0.0,0.0,0.0,1.0,0.0,0.0,0.0,2.0,0.0,0.0,.333,.333,.333,.666,.400,-.--,20.0,2.0,1.0,2025
607200,Erick Fedde,145,Chicago White Sox,,P,2026,,,,,,,,,,,,,,,,,,,,,,,,,,,,,,,,,,,,,,,,,,,,,,,,,2025
678882,Ceddanne Rafaela,111,Boston Red Sox,,CF,2026,108.0,98.0,26.0,4.0,2.0,1.0,6.0,0.0,24.0,4.0,0.0,0.0,37.0,10.0,4.0,.265,.333,.378,.711,.342,98.00,403.0,24.0,24.0,587.0,546.0,136.0,34.0,4.0,16.0,28.0,0.0,117.0,8.0,2.0,3.0,226.0,63.0,9.0,.249,.295,.414,.709,.289,34.12,2128.0,139.0,159.0,2025
687075,Brandon Sproat,158,Milwaukee Brewers,,P,2026,,,,,,,,,,,,,,,,,,,,,,,,,,,,,,,,,,,,,,,,,,,,,,,,,2025
519141,Drew Pomeranz,108,Los Angeles Angels,,P,2026,,,,,,,,,,,,,,,,,,,,,,,,,,,,,,,,,,,,,,,,,,,,,,,,,2025
691176,Jasson Domínguez,147,New York Yankees,,LF,2026,10.0,9.0,1.0,0.0,0.0,0.0,0.0,0.0,2.0,1.0,0.0,0.0,1.0,0.0,0.0,.111,.200,.111,.311,.143,-.--,37.0,4.0,2.0,429.0,381.0,98.0,18.0,1.0,10.0,41.0,1.0,115.0,3.0,4.0,0.0,148.0,47.0,5.0,.257,.331,.388,.719,.338,38.10,1692.0,80.0,92.0,2025
607208,Trea Turner,143,Philadelphia Phillies,,SS,2026,139.0,127.0,32.0,5.0,0.0,4.0,12.0,0.0,28.0,0.0,0.0,0.0,49.0,11.0,3.0,.252,.317,.386,.703,.295,31.75,541.0,28.0,39.0,639.0,589.0,179.0,31.0,7.0,15.0,43.0,1.0,107.0,5.0,2.0,0.0,269.0,69.0,11.0,.304,.355,.457,.812,.350,39.27,2407.0,159.0,146.0,2025
457705,Andrew McCutchen,140,Texas Rangers,,LF,2026,45.0,41.0,8.0,2.0,0.0,1.0,3.0,0.0,17.0,0.0,1.0,0.0,13.0,5.0,0.0,.195,.244,.317,.561,.292,41.00,211.0,7.0,10.0,551.0,477.0,114.0,22.0,0.0,13.0,67.0,5.0,118.0,2.0,3.0,0.0,175.0,57.0,12.0,.239,.333,.367,.700,.289,36.69,2267.0,118.0,130.0,2025
682985,Riley Greene,116,Detroit Tigers,,LF,2026,137.0,117.0,34.0,8.0,0.0,4.0,20.0,0.0,36.0,0.0,0.0,0.0,54.0,19.0,2.0,.291,.394,.462,.856,.390,29.25,588.0,23.0,24.0,655.0,600.0,155.0,31.0,1.0,36.0,46.0,1.0,201.0,4.0,5.0,0.0,296.0,111.0,14.0,.258,.313,.493,.806,.323,16.67,2706.0,118.0,131.0,2025
605170,Victor Caratini,142,Minnesota Twins,,C,2026,97.0,80.0,17.0,1.0,0.0,1.0,8.0,0.0,16.0,5.0,4.0,0.0,21.0,12.0,3.0,.213,.309,.263,.572,.239,80.00,354.0,26.0,25.0,386.0,344.0,89.0,14.0,0.0,12.0,23.0,0.0,65.0,13.0,6.0,0.0,139.0,46.0,8.0,.259,.324,.404,.728,.282,28.67,1417.0,93.0,103.0,2025
682998,Corbin Carroll,109,Arizona Diamondbacks,,RF,2026,121.0,103.0,29.0,7.0,4.0,4.0,16.0,0.0,35.0,1.0,1.0,0.0,56.0,18.0,1.0,.282,.380,.544,.924,.385,25.75,506.0,22.0,18.0,642.0,564.0,146.0,32.0,17.0,31.0,67.0,4.0,153.0,7.0,4.0,0.0,305.0,84.0,6.0,.259,.343,.541,.884,.299,18.19,2497.0,111.0,158.0,2025
687093,Vaughn Grissom,108,Los Angeles Angels,,2B,2026,48.0,39.0,13.0,4.0,0.0,1.0,6.0,0.0,4.0,0.0,2.0,0.0,20.0,5.0,2.0,.333,.404,.513,.917,.333,39.00,173.0,13.0,11.0,,,,,,,,,,,,,,,,,,,,,,,,,2025
683002,Gunnar Henderson,110,Baltimore Orioles,,SS,2026,149.0,135.0,28.0,6.0,1.0,9.0,12.0,0.0,46.0,1.0,1.0,0.0,63.0,19.0,1.0,.207,.275,.467,.742,.235,15.00,623.0,29.0,33.0,651.0,577.0,158.0,34.0,5.0,17.0,62.0,6.0,137.0,7.0,5.0,0.0,253.0,68.0,7.0,.274,.349,.438,.787,.329,33.94,2506.0,161.0,126.0,2025
678906,Kai-Wei Teng,117,Houston Astros,,P,2026,,,,,,,,,,,,,,,,,,,,,,,,,,,,,,,,,,,,,,,,,,,,,,,,,2025
672761,Wenceel Pérez,116,Detroit Tigers,,RF,2026,54.0,50.0,7.0,1.0,0.0,2.0,4.0,0.0,5.0,0.0,0.0,0.0,14.0,5.0,0.0,.140,.204,.280,.484,.116,25.00,186.0,16.0,22.0,383.0,344.0,84.0,17.0,4.0,13.0,31.0,0.0,87.0,3.0,5.0,0.0,148.0,43.0,5.0,.244,.308,.430,.738,.285,26.46,1534.0,66.0,112.0,2025
689147,Orion Kerkering,143,Philadelphia Phillies,,P,2026,,,,,,,,,,,,,,,,,,,,,,,,,,,,,,,,,,,,,,,,,,,,,,,,,2025
666619,Gregory Santos,137,San Francisco Giants,,P,2026,,,,,,,,,,,,,,,,,,,,,,,,,,,,,,,,,,,,,,,,,,,,,,,,,2025
683004,Jack Leiter,140,Texas Rangers,,P,2026,,,,,,,,,,,,,,,,,,,,,,,,,1.0,1.0,0.0,0.0,0.0,0.0,0.0,0.0,1.0,0.0,0.0,0.0,0.0,0.0,0.0,.000,.000,.000,.000,.---,-.--,3.0,0.0,0.0,2025
668670,Jake Rogers,116,Detroit Tigers,,C,2026,34.0,30.0,4.0,2.0,0.0,0.0,1.0,0.0,10.0,1.0,2.0,0.0,6.0,4.0,0.0,.133,.176,.200,.376,.182,-.--,134.0,3.0,15.0,142.0,123.0,23.0,5.0,2.0,3.0,15.0,0.0,39.0,1.0,2.0,1.0,41.0,19.0,3.0,.187,.277,.333,.610,.241,41.00,570.0,34.0,30.0,2025
666624,Christopher Morel,146,Miami Marlins,,LF,2026,8.0,6.0,1.0,0.0,0.0,0.0,1.0,0.0,2.0,1.0,0.0,0.0,1.0,0.0,0.0,.167,.375,.167,.542,.250,-.--,22.0,3.0,0.0,305.0,278.0,61.0,16.0,0.0,11.0,25.0,0.0,109.0,2.0,0.0,0.0,110.0,33.0,8.0,.219,.289,.396,.685,.316,25.27,1177.0,40.0,68.0,2025
609280,Miguel Andujar,135,San Diego Padres,,3B,2026,75.0,71.0,22.0,6.0,1.0,1.0,3.0,0.0,13.0,1.0,0.0,0.0,33.0,8.0,1.0,.310,.347,.465,.812,.368,71.00,287.0,20.0,16.0,341.0,321.0,102.0,17.0,1.0,10.0,17.0,1.0,49.0,1.0,2.0,0.0,151.0,44.0,8.0,.318,.352,.470,.822,.348,32.10,1214.0,87.0,85.0,2025
668674,Lucas Erceg,118,Kansas City Royals,,P,2026,,,,,,,,,,,,,,,,,,,,,,,,,0.0,0.0,0.0,0.0,0.0,0.0,0.0,0.0,0.0,0.0,0.0,0.0,0.0,0.0,0.0,.000,.000,.000,.000,.---,-.--,0.0,0.0,0.0,2025
668678,Zac Gallen,109,Arizona Diamondbacks,,P,2026,,,,,,,,,,,,,,,,,,,,,,,,,,,,,,,,,,,,,,,,,,,,,,,,,2025
500743,Miguel Rojas,119,Los Angeles Dodgers,,SS,2026,53.0,48.0,15.0,3.0,0.0,1.0,3.0,0.0,7.0,0.0,1.0,1.0,21.0,5.0,1.0,.313,.346,.438,.784,.341,48.00,179.0,15.0,13.0,317.0,290.0,76.0,18.0,0.0,7.0,24.0,1.0,46.0,0.0,0.0,3.0,115.0,27.0,7.0,.262,.318,.397,.715,.291,41.43,1166.0,83.0,88.0,2025
676879,Aaron Ashby,158,Milwaukee Brewers,,P,2026,,,,,,,,,,,,,,,,,,,,,,,,,,,,,,,,,,,,,,,,,,,,,,,,,2025
672782,Yoendrys Gómez,139,Tampa Bay Rays,,P,2026,,,,,,,,,,,,,,,,,,,,,,,,,,,,,,,,,,,,,,,,,,,,,,,,,2025
607259,Nick Martinez,139,Tampa Bay Rays,,P,2026,,,,,,,,,,,,,,,,,,,,,,,,,,,,,,,,,,,,,,,,,,,,,,,,,2025
666661,Juan Morillo,109,Arizona Diamondbacks,,P,2026,,,,,,,,,,,,,,,,,,,,,,,,,0.0,0.0,0.0,0.0,0.0,0.0,0.0,0.0,0.0,0.0,0.0,0.0,0.0,0.0,0.0,.000,.000,.000,.000,.---,-.--,0.0,0.0,0.0,2025
668709,JJ Bleday,113,Cincinnati Reds,,LF,2026,12.0,9.0,2.0,0.0,0.0,1.0,3.0,1.0,1.0,0.0,0.0,0.0,5.0,1.0,0.0,.222,.417,.556,.973,.143,9.00,52.0,1.0,5.0,344.0,307.0,65.0,17.0,0.0,14.0,36.0,2.0,91.0,0.0,1.0,0.0,124.0,39.0,6.0,.212,.294,.404,.698,.251,21.93,1328.0,61.0,91.0,2025
543760,Marcus Semien,121,New York Mets,,2B,2026,125.0,114.0,25.0,5.0,0.0,1.0,8.0,0.0,24.0,1.0,1.0,1.0,33.0,11.0,2.0,.219,.274,.289,.563,.267,114.00,456.0,22.0,45.0,534.0,470.0,108.0,16.0,1.0,15.0,50.0,0.0,93.0,5.0,9.0,0.0,171.0,62.0,8.0,.230,.305,.364,.669,.251,31.33,2075.0,101.0,177.0,2025
668715,Spencer Steer,113,Cincinnati Reds,,LF,2026,113.0,99.0,24.0,6.0,0.0,5.0,10.0,0.0,29.0,3.0,1.0,0.0,45.0,10.0,2.0,.242,.327,.455,.782,.288,19.80,428.0,21.0,26.0,568.0,509.0,121.0,21.0,2.0,21.0,51.0,0.0,129.0,5.0,2.0,1.0,209.0,75.0,12.0,.238,.312,.411,.723,.277,24.24,2316.0,99.0,163.0,2025
695336,Thomas Saggese,138,St. Louis Cardinals,,LF,2026,57.0,53.0,9.0,2.0,0.0,0.0,4.0,0.0,19.0,0.0,0.0,0.0,11.0,2.0,2.0,.170,.228,.208,.436,.265,-.--,230.0,12.0,13.0,295.0,275.0,71.0,17.0,0.0,2.0,16.0,0.0,83.0,1.0,2.0,1.0,94.0,25.0,5.0,.258,.299,.342,.641,.359,137.50,1184.0,57.0,67.0,2025
656427,Jack Flaherty,116,Detroit Tigers,,P,2026,,,,,,,,,,,,,,,,,,,,,,,,,,,,,,,,,,,,,,,,,,,,,,,,,2025
681006,Josh Simpson,136,Seattle Mariners,,P,2026,,,,,,,,,,,,,,,,,,,,,,,,,,,,,,,,,,,,,,,,,,,,,,,,,2025
676914,Davis Schneider,141,Toronto Blue Jays,,LF,2026,61.0,48.0,6.0,2.0,0.0,1.0,13.0,0.0,18.0,0.0,0.0,0.0,11.0,5.0,1.0,.125,.311,.229,.540,.172,48.00,273.0,11.0,13.0,227.0,188.0,44.0,5.0,0.0,11.0,36.0,0.0,60.0,2.0,1.0,0.0,82.0,31.0,4.0,.234,.361,.436,.797,.280,17.09,1012.0,26.0,59.0,2025
670770,TJ Friedl,113,Cincinnati Reds,,CF,2026,126.0,111.0,22.0,5.0,0.0,2.0,10.0,0.0,28.0,2.0,0.0,3.0,33.0,7.0,1.0,.198,.276,.297,.573,.247,55.50,466.0,31.0,33.0,685.0,579.0,151.0,22.0,2.0,14.0,81.0,0.0,115.0,16.0,5.0,4.0,219.0,53.0,7.0,.261,.364,.378,.742,.301,41.36,2645.0,141.0,181.0,2025
670764,Taylor Walls,139,Tampa Bay Rays,,SS,2026,75.0,62.0,13.0,3.0,0.0,0.0,8.0,0.0,21.0,1.0,0.0,4.0,16.0,4.0,1.0,.210,.310,.258,.568,.317,-.--,301.0,15.0,17.0,317.0,282.0,62.0,14.0,1.0,4.0,26.0,0.0,70.0,0.0,6.0,3.0,90.0,38.0,1.0,.220,.280,.319,.599,.271,70.50,1278.0,70.0,89.0,2025
672820,Lenyn Sosa,141,Toronto Blue Jays,,2B,2026,67.0,65.0,16.0,6.0,0.0,0.0,0.0,0.0,13.0,0.0,1.0,1.0,22.0,7.0,1.0,.246,.242,.338,.580,.302,-.--,242.0,13.0,25.0,544.0,518.0,137.0,20.0,1.0,22.0,18.0,0.0,127.0,4.0,3.0,1.0,225.0,75.0,11.0,.264,.293,.434,.727,.309,23.54,2056.0,95.0,163.0,2025
676917,Cade Cavalli,120,Washington Nationals,,P,2026,,,,,,,,,,,,,,,,,,,,,,,,,0.0,0.0,0.0,0.0,0.0,0.0,0.0,0.0,0.0,0.0,0.0,0.0,0.0,0.0,0.0,.000,.000,.000,.000,.---,-.--,0.0,0.0,0.0,2025
668723,Ryan Vilade,139,Tampa Bay Rays,,RF,2026,38.0,35.0,11.0,2.0,0.0,0.0,3.0,0.0,7.0,0.0,0.0,0.0,13.0,5.0,0.0,.314,.368,.371,.739,.393,-.--,165.0,5.0,12.0,15.0,13.0,1.0,0.0,0.0,0.0,2.0,0.0,5.0,0.0,0.0,0.0,1.0,0.0,1.0,.077,.200,.077,.277,.125,-.--,60.0,6.0,1.0,2025
642100,Gabe Speier,136,Seattle Mariners,,P,2026,0.0,0.0,0.0,0.0,0.0,0.0,0.0,0.0,0.0,0.0,0.0,0.0,0.0,0.0,0.0,.000,.000,.000,.000,.---,-.--,0.0,0.0,0.0,,,,,,,,,,,,,,,,,,,,,,,,,2025
693307,Dillon Dingler,116,Detroit Tigers,,C,2026,110.0,97.0,24.0,6.0,0.0,5.0,7.0,0.0,19.0,4.0,0.0,0.0,45.0,20.0,5.0,.247,.324,.464,.788,.260,19.40,435.0,29.0,25.0,469.0,435.0,121.0,21.0,2.0,13.0,23.0,2.0,110.0,9.0,1.0,0.0,185.0,57.0,5.0,.278,.327,.425,.752,.345,33.46,1793.0,91.0,114.0,2025
693304,Nick Gonzales,134,Pittsburgh Pirates,,3B,2026,117.0,108.0,36.0,5.0,0.0,0.0,7.0,0.0,21.0,2.0,0.0,0.0,41.0,15.0,4.0,.333,.385,.380,.765,.414,-.--,447.0,33.0,18.0,408.0,381.0,99.0,18.0,3.0,5.0,21.0,0.0,73.0,2.0,4.0,0.0,138.0,30.0,12.0,.260,.299,.362,.661,.306,76.20,1405.0,104.0,109.0,2025
543807,George Springer,141,Toronto Blue Jays,,DH,2026,73.0,65.0,14.0,4.0,0.0,2.0,8.0,0.0,15.0,0.0,0.0,0.0,24.0,7.0,0.0,.215,.301,.369,.670,.250,32.50,279.0,17.0,19.0,586.0,498.0,154.0,27.0,1.0,32.0,69.0,3.0,111.0,8.0,4.0,0.0,279.0,84.0,14.0,.309,.399,.560,.959,.340,15.56,2307.0,105.0,132.0,2025
642121,Cole Sulser,139,Tampa Bay Rays,,P,2026,,,,,,,,,,,,,,,,,,,,,,,,,,,,,,,,,,,,,,,,,,,,,,,,,2025
683083,Nasim Nuñez,120,Washington Nationals,,2B,2026,111.0,94.0,19.0,1.0,0.0,0.0,14.0,0.0,22.0,1.0,0.0,2.0,20.0,10.0,0.0,.202,.312,.213,.525,.264,-.--,460.0,31.0,24.0,92.0,82.0,19.0,2.0,0.0,4.0,8.0,0.0,20.0,0.0,1.0,1.0,33.0,13.0,1.0,.232,.297,.402,.699,.254,20.50,417.0,26.0,19.0,2025
681035,Christian Scott,121,New York Mets,,P,2026,,,,,,,,,,,,,,,,,,,,,,,,,,,,,,,,,,,,,,,,,,,,,,,,,2025
656464,Kevin Ginkel,109,Arizona Diamondbacks,,P,2026,,,,,,,,,,,,,,,,,,,,,,,,,,,,,,,,,,,,,,,,,,,,,,,,,2025
595014,Blake Treinen,119,Los Angeles Dodgers,,P,2026,,,,,,,,,,,,,,,,,,,,,,,,,,,,,,,,,,,,,,,,,,,,,,,,,2025
650333,Luis Arraez,137,San Francisco Giants,,2B,2026,132.0,122.0,37.0,4.0,2.0,0.0,6.0,0.0,6.0,0.0,2.0,2.0,45.0,11.0,1.0,.303,.331,.369,.700,.314,-.--,493.0,38.0,45.0,675.0,620.0,181.0,30.0,4.0,8.0,34.0,0.0,21.0,2.0,7.0,12.0,243.0,61.0,12.0,.292,.327,.392,.719,.289,77.50,2467.0,215.0,222.0,2025
695391,Brett Harris,133,Athletics,,3B,2026,,,,,,,,,,,,,,,,,,,,,,,,,84.0,73.0,20.0,5.0,0.0,0.0,7.0,0.0,21.0,2.0,1.0,1.0,25.0,5.0,1.0,.274,.349,.342,.691,.377,-.--,336.0,18.0,16.0,2025
646240,Rafael Devers,137,San Francisco Giants,,1B,2026,132.0,124.0,26.0,4.0,0.0,2.0,7.0,1.0,41.0,0.0,1.0,0.0,36.0,11.0,5.0,.210,.250,.290,.540,.293,62.00,527.0,30.0,28.0,729.0,607.0,153.0,33.0,0.0,35.0,112.0,10.0,192.0,6.0,4.0,0.0,291.0,109.0,16.0,.252,.372,.479,.851,.307,17.34,3060.0,139.0,127.0,2025
695380,Alex Hoppe,136,Seattle Mariners,,P,2026,,,,,,,,,,,,,,,,,,,,,,,,,,,,,,,,,,,,,,,,,,,,,,,,,2025
676962,Ben Brown,112,Chicago Cubs,,P,2026,,,,,,,,,,,,,,,,,,,,,,,,,,,,,,,,,,,,,,,,,,,,,,,,,2025
646241,Enmanuel De Jesus,116,Detroit Tigers,,P,2026,,,,,,,,,,,,,,,,,,,,,,,,,,,,,,,,,,,,,,,,,,,,,,,,,2025
701538,Jackson Merrill,135,San Diego Padres,,CF,2026,128.0,115.0,23.0,6.0,0.0,3.0,10.0,1.0,31.0,1.0,0.0,2.0,38.0,15.0,4.0,.200,.270,.330,.600,.247,38.33,510.0,31.0,32.0,483.0,440.0,116.0,25.0,6.0,16.0,33.0,1.0,108.0,4.0,5.0,1.0,201.0,67.0,4.0,.264,.317,.457,.774,.312,27.50,1703.0,88.0,134.0,2025
605280,Clay Holmes,121,New York Mets,,P,2026,,,,,,,,,,,,,,,,,,,,,,,,,,,,,,,,,,,,,,,,,,,,,,,,,2025
656484,Tristan Gray,142,Minnesota Twins,,3B,2026,58.0,52.0,14.0,1.0,0.0,3.0,3.0,0.0,19.0,1.0,1.0,1.0,24.0,13.0,1.0,.269,.316,.462,.778,.355,17.33,233.0,12.0,9.0,86.0,78.0,18.0,5.0,0.0,3.0,6.0,0.0,19.0,0.0,1.0,1.0,32.0,9.0,0.0,.231,.282,.410,.692,.263,26.00,315.0,16.0,27.0,2025
701542,Will Warren,147,New York Yankees,,P,2026,,,,,,,,,,,,,,,,,,,,,,,,,,,,,,,,,,,,,,,,,,,,,,,,,2025
689254,Mason Fluharty,141,Toronto Blue Jays,,P,2026,,,,,,,,,,,,,,,,,,,,,,,,,,,,,,,,,,,,,,,,,,,,,,,,,2025
605288,Adrian Houser,137,San Francisco Giants,,P,2026,,,,,,,,,,,,,,,,,,,,,,,,,,,,,,,,,,,,,,,,,,,,,,,,,2025
687209,Zach Maxwell,113,Cincinnati Reds,,P,2026,,,,,,,,,,,,,,,,,,,,,,,,,,,,,,,,,,,,,,,,,,,,,,,,,2025
676974,Max Meyer,146,Miami Marlins,,P,2026,,,,,,,,,,,,,,,,,,,,,,,,,,,,,,,,,,,,,,,,,,,,,,,,,2025
656492,Foster Griffin,120,Washington Nationals,,P,2026,,,,,,,,,,,,,,,,,,,,,,,,,,,,,,,,,,,,,,,,,,,,,,,,,2025
701552,Andre Granillo,120,Washington Nationals,,P,2026,,,,,,,,,,,,,,,,,,,,,,,,,,,,,,,,,,,,,,,,,,,,,,,,,2025
687221,Dalton Rushing,119,Los Angeles Dodgers,,C,2026,52.0,46.0,16.0,2.0,0.0,7.0,4.0,0.0,13.0,2.0,0.0,0.0,39.0,17.0,0.0,.348,.423,.848,1.271,.346,6.57,176.0,6.0,11.0,155.0,142.0,29.0,5.0,0.0,4.0,10.0,0.0,58.0,1.0,2.0,0.0,46.0,24.0,1.0,.204,.258,.324,.582,.305,35.50,600.0,22.0,35.0,2025
681082,Bryson Stott,143,Philadelphia Phillies,,2B,2026,99.0,90.0,19.0,2.0,2.0,1.0,6.0,0.0,18.0,1.0,0.0,2.0,28.0,8.0,1.0,.211,.268,.311,.579,.254,90.00,381.0,27.0,28.0,560.0,499.0,128.0,22.0,3.0,13.0,54.0,1.0,91.0,1.0,4.0,2.0,195.0,66.0,4.0,.257,.328,.391,.719,.288,38.38,2466.0,116.0,170.0,2025
695418,Brad Lord,120,Washington Nationals,,P,2026,0.0,0.0,0.0,0.0,0.0,0.0,0.0,0.0,0.0,0.0,0.0,0.0,0.0,0.0,0.0,.000,.000,.000,.000,.---,-.--,0.0,0.0,0.0,,,,,,,,,,,,,,,,,,,,,,,,,2025
664702,Myles Straw,141,Toronto Blue Jays,,RF,2026,53.0,47.0,13.0,2.0,0.0,1.0,4.0,0.0,5.0,0.0,1.0,1.0,18.0,4.0,1.0,.277,.327,.383,.710,.286,47.00,199.0,16.0,15.0,299.0,267.0,70.0,14.0,1.0,4.0,19.0,0.0,50.0,1.0,1.0,11.0,98.0,32.0,5.0,.262,.313,.367,.680,.308,66.75,1104.0,68.0,91.0,2025
668804,Bryan Reynolds,134,Pittsburgh Pirates,,LF,2026,147.0,118.0,30.0,4.0,2.0,4.0,26.0,2.0,39.0,2.0,1.0,0.0,50.0,21.0,1.0,.254,.395,.424,.819,.342,29.50,610.0,29.0,21.0,654.0,587.0,144.0,38.0,3.0,16.0,57.0,1.0,173.0,7.0,3.0,0.0,236.0,73.0,15.0,.245,.318,.402,.720,.319,36.69,2631.0,155.0,118.0,2025
543877,Christian Vázquez,117,Houston Astros,,C,2026,56.0,50.0,16.0,4.0,0.0,2.0,5.0,0.0,8.0,0.0,0.0,1.0,26.0,11.0,1.0,.320,.382,.520,.902,.350,25.00,235.0,16.0,11.0,214.0,190.0,36.0,7.0,0.0,3.0,18.0,0.0,35.0,4.0,2.0,0.0,52.0,14.0,3.0,.189,.271,.274,.545,.214,63.33,833.0,48.0,73.0,2025
547973,Aroldis Chapman,111,Boston Red Sox,,P,2026,0.0,0.0,0.0,0.0,0.0,0.0,0.0,0.0,0.0,0.0,0.0,0.0,0.0,0.0,0.0,.000,.000,.000,.000,.---,-.--,0.0,0.0,0.0,0.0,0.0,0.0,0.0,0.0,0.0,0.0,0.0,0.0,0.0,0.0,0.0,0.0,0.0,0.0,.000,.000,.000,.000,.---,-.--,0.0,0.0,0.0,2025
687231,Darell Hernaiz,133,Athletics,,3B,2026,49.0,41.0,10.0,0.0,0.0,1.0,7.0,0.0,7.0,0.0,0.0,1.0,13.0,4.0,0.0,.244,.354,.317,.671,.273,41.00,217.0,9.0,16.0,197.0,173.0,40.0,5.0,1.0,2.0,17.0,0.0,24.0,0.0,5.0,2.0,53.0,16.0,2.0,.231,.292,.306,.598,.250,86.50,712.0,61.0,55.0,2025
683146,Brett Baty,121,New York Mets,,RF,2026,102.0,92.0,19.0,4.0,1.0,1.0,8.0,0.0,28.0,0.0,2.0,0.0,28.0,12.0,2.0,.207,.265,.304,.569,.277,92.00,415.0,26.0,21.0,432.0,393.0,100.0,13.0,2.0,18.0,33.0,0.0,108.0,2.0,3.0,0.0,171.0,50.0,6.0,.254,.313,.435,.748,.304,21.83,1753.0,117.0,71.0,2025
689296,Anthony Nunez,110,Baltimore Orioles,,P,2026,,,,,,,,,,,,,,,,,,,,,,,,,,,,,,,,,,,,,,,,,,,,,,,,,2025
664728,Kyle Isbel,118,Kansas City Royals,,CF,2026,87.0,76.0,21.0,3.0,0.0,3.0,4.0,0.0,20.0,3.0,0.0,4.0,33.0,8.0,0.0,.276,.337,.434,.771,.340,25.33,318.0,20.0,19.0,409.0,368.0,94.0,16.0,4.0,4.0,23.0,0.0,74.0,2.0,3.0,13.0,130.0,33.0,7.0,.255,.301,.353,.654,.307,92.00,1470.0,119.0,97.0,2025
656537,Derek Hill,145,Chicago White Sox,,RF,2026,43.0,37.0,9.0,0.0,0.0,1.0,5.0,0.0,14.0,0.0,0.0,1.0,12.0,1.0,1.0,.243,.333,.324,.657,.364,37.00,155.0,10.0,5.0,149.0,134.0,29.0,6.0,0.0,3.0,9.0,0.0,48.0,3.0,0.0,3.0,44.0,11.0,3.0,.216,.281,.328,.609,.313,44.67,579.0,32.0,28.0,2025
687263,Zach Neto,108,Los Angeles Angels,,SS,2026,154.0,132.0,30.0,8.0,0.0,5.0,20.0,1.0,49.0,2.0,0.0,0.0,53.0,15.0,0.0,.227,.338,.402,.740,.321,26.40,637.0,23.0,30.0,554.0,502.0,129.0,29.0,1.0,26.0,33.0,6.0,149.0,14.0,3.0,2.0,238.0,62.0,5.0,.257,.319,.474,.793,.312,19.31,2171.0,96.0,133.0,2025
656546,Jeff Hoffman,141,Toronto Blue Jays,,P,2026,,,,,,,,,,,,,,,,,,,,,,,,,0.0,0.0,0.0,0.0,0.0,0.0,0.0,0.0,0.0,0.0,0.0,0.0,0.0,0.0,0.0,.000,.000,.000,.000,.---,-.--,0.0,0.0,0.0,2025
668834,Easton McGee,158,Milwaukee Brewers,,P,2026,,,,,,,,,,,,,,,,,,,,,,,,,,,,,,,,,,,,,,,,,,,,,,,,,2025
642207,Devin Williams,121,New York Mets,,P,2026,0.0,0.0,0.0,0.0,0.0,0.0,0.0,0.0,0.0,0.0,0.0,0.0,0.0,0.0,0.0,.000,.000,.000,.000,.---,-.--,0.0,0.0,0.0,,,,,,,,,,,,,,,,,,,,,,,,,2025
642215,Weston Wilson,110,Baltimore Orioles,,3B,2026,17.0,13.0,4.0,1.0,0.0,0.0,3.0,0.0,5.0,1.0,0.0,0.0,5.0,2.0,0.0,.308,.471,.385,.856,.500,-.--,81.0,1.0,3.0,125.0,111.0,22.0,4.0,0.0,5.0,12.0,0.0,34.0,1.0,0.0,1.0,41.0,17.0,1.0,.198,.282,.369,.651,.236,22.20,536.0,30.0,26.0,2025
683175,Connor Phillips,113,Cincinnati Reds,,P,2026,,,,,,,,,,,,,,,,,,,,,,,,,,,,,,,,,,,,,,,,,,,,,,,,,2025
656555,Rhys Hoskins,114,Cleveland Guardians,,1B,2026,90.0,73.0,16.0,6.0,0.0,2.0,17.0,0.0,26.0,0.0,0.0,0.0,28.0,9.0,2.0,.219,.367,.384,.751,.311,36.50,405.0,12.0,19.0,328.0,279.0,66.0,12.0,1.0,12.0,38.0,2.0,91.0,5.0,6.0,0.0,116.0,43.0,6.0,.237,.332,.416,.748,.297,23.25,1429.0,41.0,87.0,2025
650402,Gleyber Torres,116,Detroit Tigers,,2B,2026,142.0,114.0,28.0,2.0,0.0,2.0,25.0,0.0,22.0,1.0,2.0,0.0,36.0,10.0,2.0,.246,.380,.316,.696,.283,57.00,607.0,38.0,28.0,628.0,532.0,136.0,22.0,0.0,16.0,85.0,0.0,101.0,4.0,7.0,0.0,206.0,74.0,11.0,.256,.358,.387,.745,.284,33.25,2652.0,130.0,172.0,2025
642232,Ryan Yarbrough,147,New York Yankees,,P,2026,,,,,,,,,,,,,,,,,,,,,,,,,,,,,,,,,,,,,,,,,,,,,,,,,2025
666808,Camilo Doval,147,New York Yankees,,P,2026,,,,,,,,,,,,,,,,,,,,,,,,,,,,,,,,,,,,,,,,,,,,,,,,,2025
664761,Alec Bohm,143,Philadelphia Phillies,,3B,2026,123.0,110.0,18.0,3.0,0.0,1.0,8.0,0.0,20.0,2.0,3.0,0.0,24.0,14.0,1.0,.164,.228,.218,.446,.185,110.00,438.0,40.0,35.0,504.0,464.0,133.0,18.0,3.0,11.0,29.0,0.0,82.0,5.0,6.0,0.0,190.0,59.0,16.0,.287,.331,.409,.740,.324,42.18,1801.0,140.0,115.0,2025
693433,Bryan Woo,136,Seattle Mariners,,P,2026,,,,,,,,,,,,,,,,,,,,,,,,,,,,,,,,,,,,,,,,,,,,,,,,,2025
681151,Jayden Murray,117,Houston Astros,,P,2026,,,,,,,,,,,,,,,,,,,,,,,,,,,,,,,,,,,,,,,,,,,,,,,,,2025
677053,Andrew Nardi,146,Miami Marlins,,P,2026,,,,,,,,,,,,,,,,,,,,,,,,,,,,,,,,,,,,,,,,,,,,,,,,,2025
672960,Kazuma Okamoto,141,Toronto Blue Jays,,3B,2026,128.0,114.0,26.0,2.0,0.0,7.0,14.0,0.0,38.0,0.0,0.0,0.0,49.0,18.0,3.0,.228,.313,.430,.743,.275,16.29,563.0,22.0,28.0,,,,,,,,,,,,,,,,,,,,,,,,,2025
668873,Caleb Kilian,137,San Francisco Giants,,P,2026,,,,,,,,,,,,,,,,,,,,,,,,,,,,,,,,,,,,,,,,,,,,,,,,,2025
656582,Connor Joe,136,Seattle Mariners,,1B,2026,17.0,16.0,4.0,1.0,0.0,1.0,1.0,0.0,5.0,0.0,0.0,0.0,8.0,3.0,1.0,.250,.294,.500,.794,.300,16.00,74.0,2.0,5.0,80.0,70.0,13.0,4.0,0.0,0.0,7.0,0.0,20.0,1.0,2.0,0.0,17.0,4.0,2.0,.186,.263,.243,.506,.250,-.--,334.0,16.0,23.0,2025
691406,Junior Caminero,139,Tampa Bay Rays,,3B,2026,134.0,120.0,31.0,3.0,0.0,9.0,13.0,0.0,23.0,0.0,1.0,0.0,61.0,16.0,3.0,.258,.328,.508,.836,.247,13.33,527.0,36.0,31.0,653.0,602.0,159.0,28.0,0.0,45.0,41.0,1.0,125.0,3.0,7.0,0.0,322.0,110.0,31.0,.264,.311,.535,.846,.260,13.38,2494.0,169.0,156.0,2025
660688,Keibert Ruiz,120,Washington Nationals,,C,2026,59.0,56.0,10.0,4.0,0.0,1.0,1.0,0.0,9.0,1.0,1.0,0.0,17.0,9.0,1.0,.179,.203,.304,.507,.191,56.00,219.0,17.0,21.0,267.0,255.0,63.0,12.0,0.0,2.0,8.0,0.0,26.0,3.0,1.0,0.0,81.0,25.0,4.0,.247,.277,.318,.595,.268,127.50,888.0,93.0,74.0,2025
695505,Chase Burns,113,Cincinnati Reds,,P,2026,,,,,,,,,,,,,,,,,,,,,,,,,,,,,,,,,,,,,,,,,,,,,,,,,2025
695506,Jac Caglianone,118,Kansas City Royals,,RF,2026,102.0,91.0,23.0,5.0,1.0,3.0,9.0,0.0,33.0,2.0,0.0,0.0,39.0,5.0,1.0,.253,.333,.429,.762,.364,30.33,383.0,21.0,14.0,232.0,210.0,33.0,6.0,1.0,7.0,18.0,0.0,52.0,4.0,0.0,0.0,62.0,18.0,4.0,.157,.237,.295,.532,.172,30.00,858.0,67.0,58.0,2025
668885,Austin Martin,142,Minnesota Twins,,LF,2026,91.0,69.0,23.0,4.0,0.0,1.0,19.0,0.0,13.0,2.0,1.0,0.0,30.0,7.0,1.0,.333,.484,.435,.919,.393,69.00,398.0,15.0,19.0,181.0,156.0,44.0,8.0,1.0,1.0,22.0,0.0,31.0,1.0,0.0,2.0,57.0,7.0,6.0,.282,.374,.365,.739,.347,156.00,749.0,50.0,33.0,2025
656605,Mitch Keller,134,Pittsburgh Pirates,,P,2026,,,,,,,,,,,,,,,,,,,,,,,,,,,,,,,,,,,,,,,,,,,,,,,,,2025
607455,Anthony Banda,142,Minnesota Twins,,P,2026,,,,,,,,,,,,,,,,,,,,,,,,,0.0,0.0,0.0,0.0,0.0,0.0,0.0,0.0,0.0,0.0,0.0,0.0,0.0,0.0,0.0,.000,.000,.000,.000,.---,-.--,0.0,0.0,0.0,2025
683232,Nick Mears,118,Kansas City Royals,,P,2026,,,,,,,,,,,,,,,,,,,,,,,,,,,,,,,,,,,,,,,,,,,,,,,,,2025
605400,Aaron Nola,143,Philadelphia Phillies,,P,2026,,,,,,,,,,,,,,,,,,,,,,,,,,,,,,,,,,,,,,,,,,,,,,,,,2025
668901,Mark Vientos,121,New York Mets,,1B,2026,83.0,76.0,18.0,3.0,0.0,2.0,6.0,0.0,19.0,0.0,1.0,0.0,27.0,8.0,2.0,.237,.289,.355,.644,.286,38.00,325.0,20.0,20.0,463.0,424.0,99.0,21.0,2.0,17.0,30.0,0.0,115.0,5.0,4.0,0.0,175.0,61.0,11.0,.233,.289,.413,.702,.277,24.94,1764.0,113.0,101.0,2025
687330,Kevin Kelly,139,Tampa Bay Rays,,P,2026,,,,,,,,,,,,,,,,,,,,,,,,,0.0,0.0,0.0,0.0,0.0,0.0,0.0,0.0,0.0,0.0,0.0,0.0,0.0,0.0,0.0,.000,.000,.000,.000,.---,-.--,0.0,0.0,0.0,2025
670950,Trevor Richards,143,Philadelphia Phillies,,P,2026,,,,,,,,,,,,,,,,,,,,,,,,,0.0,0.0,0.0,0.0,0.0,0.0,0.0,0.0,0.0,0.0,0.0,0.0,0.0,0.0,0.0,.000,.000,.000,.000,.---,-.--,0.0,0.0,0.0,2025
668904,Royce Lewis,142,Minnesota Twins,,3B,2026,80.0,70.0,13.0,2.0,0.0,3.0,9.0,0.0,23.0,1.0,0.0,0.0,24.0,10.0,1.0,.186,.288,.343,.631,.227,23.33,310.0,13.0,21.0,403.0,376.0,89.0,18.0,0.0,13.0,25.0,0.0,80.0,0.0,2.0,0.0,146.0,52.0,7.0,.237,.283,.388,.671,.267,28.92,1517.0,76.0,133.0,2025
701675,Nathan Church,138,St. Louis Cardinals,,LF,2026,96.0,89.0,21.0,2.0,0.0,5.0,4.0,0.0,24.0,1.0,2.0,0.0,38.0,16.0,2.0,.236,.271,.427,.698,.258,17.80,340.0,24.0,22.0,65.0,56.0,10.0,1.0,0.0,1.0,3.0,0.0,18.0,3.0,1.0,2.0,14.0,8.0,0.0,.179,.254,.250,.504,.237,56.00,257.0,20.0,11.0,2025
668909,Gavin Williams,114,Cleveland Guardians,,P,2026,,,,,,,,,,,,,,,,,,,,,,,,,,,,,,,,,,,,,,,,,,,,,,,,,2025
701678,Hao-Yu  Lee,116,Detroit Tigers,,3B,2026,31.0,28.0,6.0,2.0,0.0,1.0,3.0,0.0,10.0,0.0,0.0,0.0,11.0,4.0,0.0,.214,.290,.393,.683,.294,28.00,119.0,4.0,8.0,,,,,,,,,,,,,,,,,,,,,,,,,2025
650490,Yandy Díaz,139,Tampa Bay Rays,,1B,2026,135.0,117.0,39.0,3.0,1.0,5.0,13.0,2.0,16.0,5.0,0.0,0.0,59.0,21.0,2.0,.333,.422,.504,.926,.354,23.40,487.0,35.0,27.0,651.0,583.0,175.0,29.0,1.0,25.0,57.0,4.0,92.0,6.0,5.0,0.0,281.0,83.0,12.0,.300,.366,.482,.848,.318,23.32,2525.0,193.0,128.0,2025
670970,Adrian Morejon,135,San Diego Padres,,P,2026,,,,,,,,,,,,,,,,,,,,,,,,,,,,,,,,,,,,,,,,,,,,,,,,,2025
656638,Alex Lange,118,Kansas City Royals,,P,2026,,,,,,,,,,,,,,,,,,,,,,,,,,,,,,,,,,,,,,,,,,,,,,,,,2025
605441,Yacksel Ríos,112,Chicago Cubs,,P,2026,,,,,,,,,,,,,,,,,,,,,,,,,,,,,,,,,,,,,,,,,,,,,,,,,2025
681190,Randy Vásquez,135,San Diego Padres,,P,2026,,,,,,,,,,,,,,,,,,,,,,,,,,,,,,,,,,,,,,,,,,,,,,,,,2025
668930,Brice Turang,158,Milwaukee Brewers,,2B,2026,134.0,107.0,31.0,8.0,1.0,4.0,25.0,1.0,28.0,0.0,1.0,1.0,53.0,20.0,3.0,.290,.421,.495,.916,.355,26.75,562.0,29.0,21.0,659.0,584.0,168.0,28.0,2.0,18.0,66.0,1.0,150.0,2.0,5.0,2.0,254.0,81.0,3.0,.288,.359,.435,.794,.356,32.44,2772.0,132.0,141.0,2025
687363,Victor Scott II,138,St. Louis Cardinals,,CF,2026,96.0,82.0,14.0,1.0,0.0,1.0,6.0,0.0,27.0,1.0,1.0,6.0,18.0,5.0,2.0,.171,.233,.220,.453,.236,82.00,338.0,32.0,16.0,463.0,398.0,86.0,15.0,1.0,5.0,42.0,0.0,111.0,10.0,3.0,10.0,118.0,37.0,3.0,.216,.305,.296,.601,.284,79.60,1703.0,104.0,110.0,2025
656641,Jacob Latz,140,Texas Rangers,,P,2026,,,,,,,,,,,,,,,,,,,,,,,,,,,,,,,,,,,,,,,,,,,,,,,,,2025
689414,Liam Hicks,146,Miami Marlins,,C,2026,108.0,94.0,29.0,3.0,0.0,7.0,8.0,1.0,8.0,2.0,4.0,0.0,53.0,29.0,0.0,.309,.361,.564,.925,.265,13.43,405.0,28.0,33.0,390.0,332.0,82.0,13.0,1.0,6.0,43.0,0.0,56.0,9.0,3.0,3.0,115.0,45.0,5.0,.247,.346,.346,.692,.278,55.33,1537.0,101.0,99.0,2025
668939,Adley Rutschman,110,Baltimore Orioles,,C,2026,68.0,63.0,21.0,6.0,0.0,4.0,5.0,0.0,9.0,0.0,0.0,0.0,39.0,17.0,0.0,.333,.382,.619,1.001,.340,15.75,264.0,14.0,19.0,365.0,322.0,71.0,16.0,2.0,9.0,40.0,0.0,57.0,1.0,2.0,0.0,118.0,29.0,8.0,.220,.307,.366,.673,.240,35.78,1491.0,93.0,103.0,2025
668941,JoJo Romero,138,St. Louis Cardinals,,P,2026,,,,,,,,,,,,,,,,,,,,,,,,,,,,,,,,,,,,,,,,,,,,,,,,,2025
670990,Yohan Ramírez,134,Pittsburgh Pirates,,P,2026,,,,,,,,,,,,,,,,,,,,,,,,,,,,,,,,,,,,,,,,,,,,,,,,,2025
681217,Chase Silseth,108,Los Angeles Angels,,P,2026,,,,,,,,,,,,,,,,,,,,,,,,,,,,,,,,,,,,,,,,,,,,,,,,,2025
615698,Cal Quantrill,140,Texas Rangers,,P,2026,,,,,,,,,,,,,,,,,,,,,,,,,,,,,,,,,,,,,,,,,,,,,,,,,2025
701719,Tyler Samaniego,111,Boston Red Sox,,P,2026,,,,,,,,,,,,,,,,,,,,,,,,,,,,,,,,,,,,,,,,,,,,,,,,,2025
687396,Brent Headrick,147,New York Yankees,,P,2026,,,,,,,,,,,,,,,,,,,,,,,,,,,,,,,,,,,,,,,,,,,,,,,,,2025
668964,Tobias Myers,121,New York Mets,,P,2026,,,,,,,,,,,,,,,,,,,,,,,,,,,,,,,,,,,,,,,,,,,,,,,,,2025
687401,Joey Ortiz,158,Milwaukee Brewers,,SS,2026,76.0,66.0,13.0,0.0,0.0,0.0,8.0,0.0,16.0,0.0,0.0,2.0,13.0,6.0,0.0,.197,.284,.197,.481,.260,-.--,300.0,21.0,18.0,506.0,470.0,108.0,18.0,1.0,7.0,27.0,0.0,74.0,3.0,0.0,6.0,149.0,45.0,10.0,.230,.276,.317,.593,.260,67.14,1873.0,132.0,162.0,2025
677161,Zack Kelly,111,Boston Red Sox,,P,2026,,,,,,,,,,,,,,,,,,,,,,,,,,,,,,,,,,,,,,,,,,,,,,,,,2025
695578,James Wood,120,Washington Nationals,,RF,2026,159.0,126.0,29.0,7.0,0.0,10.0,31.0,6.0,52.0,2.0,0.0,0.0,66.0,24.0,1.0,.230,.390,.524,.914,.297,12.60,673.0,24.0,21.0,689.0,598.0,153.0,38.0,0.0,31.0,85.0,8.0,221.0,3.0,3.0,0.0,284.0,94.0,12.0,.256,.350,.475,.825,.350,19.29,2887.0,143.0,84.0,2025
664875,Justin Lawrence,134,Pittsburgh Pirates,,P,2026,,,,,,,,,,,,,,,,,,,,,,,,,,,,,,,,,,,,,,,,,,,,,,,,,2025
806188,Cade Gibson,146,Miami Marlins,,P,2026,,,,,,,,,,,,,,,,,,,,,,,,,,,,,,,,,,,,,,,,,,,,,,,,,2025
800048,Parker Messick,114,Cleveland Guardians,,P,2026,,,,,,,,,,,,,,,,,,,,,,,,,,,,,,,,,,,,,,,,,,,,,,,,,2025
656686,Corbin Martin,112,Chicago Cubs,,P,2026,,,,,,,,,,,,,,,,,,,,,,,,,,,,,,,,,,,,,,,,,,,,,,,,,2025
800050,Chase DeLauter,114,Cleveland Guardians,,RF,2026,121.0,105.0,30.0,8.0,1.0,5.0,15.0,0.0,13.0,0.0,1.0,0.0,55.0,20.0,3.0,.286,.372,.524,.896,.284,21.00,478.0,25.0,38.0,,,,,,,,,,,,,,,,,,,,,,,,,2025
695600,Carter Jensen,118,Kansas City Royals,,C,2026,107.0,94.0,23.0,2.0,0.0,6.0,11.0,0.0,30.0,1.0,1.0,0.0,43.0,16.0,1.0,.245,.327,.457,.784,.288,15.67,447.0,15.0,27.0,69.0,60.0,18.0,6.0,0.0,3.0,9.0,0.0,12.0,0.0,0.0,0.0,33.0,13.0,1.0,.300,.391,.550,.941,.333,20.00,293.0,17.0,13.0,2025
605488,Jeffrey Springs,133,Athletics,,P,2026,,,,,,,,,,,,,,,,,,,,,,,,,,,,,,,,,,,,,,,,,,,,,,,,,2025
650556,Bryan Abreu,117,Houston Astros,,P,2026,,,,,,,,,,,,,,,,,,,,,,,,,0.0,0.0,0.0,0.0,0.0,0.0,0.0,0.0,0.0,0.0,0.0,0.0,0.0,0.0,0.0,.000,.000,.000,.000,.---,-.--,0.0,0.0,0.0,2025
668984,Casey Legumina,139,Tampa Bay Rays,,P,2026,,,,,,,,,,,,,,,,,,,,,,,,,0.0,0.0,0.0,0.0,0.0,0.0,0.0,0.0,0.0,0.0,0.0,0.0,0.0,0.0,0.0,.000,.000,.000,.000,.---,-.--,0.0,0.0,0.0,2025
669003,Garrett Mitchell,158,Milwaukee Brewers,,CF,2026,105.0,84.0,20.0,6.0,1.0,1.0,19.0,1.0,39.0,1.0,0.0,1.0,31.0,20.0,0.0,.238,.385,.369,.754,.432,84.00,464.0,14.0,12.0,78.0,68.0,14.0,4.0,1.0,0.0,7.0,0.0,25.0,1.0,1.0,1.0,20.0,3.0,0.0,.206,.286,.294,.580,.318,-.--,303.0,17.0,14.0,2025
701762,Nick Kurtz,133,Athletics,,1B,2026,144.0,110.0,26.0,5.0,0.0,5.0,34.0,4.0,46.0,0.0,0.0,0.0,46.0,15.0,0.0,.236,.417,.418,.835,.356,22.00,665.0,15.0,23.0,489.0,420.0,122.0,26.0,2.0,36.0,63.0,3.0,151.0,2.0,3.0,0.0,260.0,86.0,4.0,.290,.383,.619,1.002,.364,11.67,1954.0,73.0,77.0,2025
681293,Spencer Arrighetti,117,Houston Astros,,P,2026,,,,,,,,,,,,,,,,,,,,,,,,,,,,,,,,,,,,,,,,,,,,,,,,,2025
669004,MJ Melendez,121,New York Mets,,LF,2026,35.0,31.0,10.0,3.0,0.0,2.0,3.0,0.0,13.0,0.0,0.0,1.0,19.0,6.0,0.0,.323,.382,.613,.995,.500,15.50,146.0,3.0,6.0,65.0,60.0,5.0,2.0,0.0,1.0,3.0,0.0,23.0,2.0,0.0,0.0,10.0,1.0,0.0,.083,.154,.167,.321,.111,60.00,255.0,11.0,21.0,2025
671056,Iván Herrera,138,St. Louis Cardinals,,C,2026,148.0,114.0,29.0,7.0,0.0,4.0,25.0,4.0,24.0,8.0,1.0,0.0,48.0,14.0,2.0,.254,.419,.421,.840,.287,28.50,591.0,33.0,29.0,452.0,388.0,110.0,13.0,0.0,19.0,43.0,1.0,84.0,15.0,4.0,0.0,180.0,66.0,20.0,.284,.373,.464,.837,.315,20.42,1809.0,115.0,83.0,2025
681297,Colton Cowser,110,Baltimore Orioles,,RF,2026,69.0,60.0,11.0,2.0,0.0,0.0,7.0,0.0,22.0,0.0,1.0,1.0,13.0,3.0,1.0,.183,.265,.217,.482,.282,-.--,293.0,17.0,12.0,360.0,327.0,64.0,14.0,0.0,16.0,27.0,1.0,128.0,6.0,0.0,0.0,126.0,40.0,5.0,.196,.269,.385,.654,.262,20.44,1486.0,71.0,64.0,2025
660821,Jesús Sánchez,141,Toronto Blue Jays,,LF,2026,106.0,96.0,23.0,4.0,0.0,4.0,5.0,1.0,19.0,2.0,3.0,0.0,39.0,15.0,2.0,.240,.283,.406,.689,.250,24.00,404.0,28.0,29.0,497.0,451.0,107.0,21.0,4.0,14.0,42.0,1.0,110.0,2.0,2.0,0.0,178.0,48.0,10.0,.237,.304,.395,.699,.283,32.21,1936.0,121.0,115.0,2025
669016,Brandon Marsh,143,Philadelphia Phillies,,LF,2026,109.0,102.0,31.0,6.0,0.0,4.0,4.0,0.0,23.0,1.0,2.0,0.0,49.0,17.0,2.0,.304,.330,.480,.810,.351,25.50,389.0,22.0,28.0,425.0,379.0,106.0,25.0,2.0,11.0,38.0,1.0,110.0,0.0,4.0,3.0,168.0,43.0,2.0,.280,.342,.443,.785,.363,34.46,1657.0,82.0,88.0,2025
656730,Trevor Megill,158,Milwaukee Brewers,,P,2026,0.0,0.0,0.0,0.0,0.0,0.0,0.0,0.0,0.0,0.0,0.0,0.0,0.0,0.0,0.0,.000,.000,.000,.000,.---,-.--,0.0,0.0,0.0,,,,,,,,,,,,,,,,,,,,,,,,,2025
666971,Lourdes Gurriel Jr.,109,Arizona Diamondbacks,,LF,2026,38.0,36.0,7.0,1.0,0.0,0.0,2.0,0.0,6.0,0.0,0.0,0.0,8.0,4.0,0.0,.194,.237,.222,.459,.233,-.--,129.0,11.0,12.0,546.0,500.0,124.0,24.0,2.0,19.0,31.0,0.0,76.0,6.0,9.0,0.0,209.0,80.0,11.0,.248,.295,.418,.713,.254,26.32,1994.0,121.0,188.0,2025
666969,Adolis García,143,Philadelphia Phillies,,RF,2026,130.0,116.0,28.0,5.0,1.0,3.0,11.0,0.0,33.0,2.0,1.0,0.0,44.0,11.0,1.0,.241,.315,.379,.694,.309,38.67,543.0,23.0,33.0,547.0,507.0,115.0,28.0,0.0,19.0,28.0,1.0,135.0,5.0,7.0,0.0,200.0,75.0,9.0,.227,.271,.394,.665,.267,26.68,2150.0,105.0,159.0,2025
669020,Ryan Rolison,112,Chicago Cubs,,P,2026,,,,,,,,,,,,,,,,,,,,,,,,,,,,,,,,,,,,,,,,,,,,,,,,,2025
657746,Joe Ryan,142,Minnesota Twins,,P,2026,,,,,,,,,,,,,,,,,,,,,,,,,,,,,,,,,,,,,,,,,,,,,,,,,2025
683357,Owen Caissie,146,Miami Marlins,,RF,2026,99.0,90.0,18.0,6.0,0.0,2.0,5.0,0.0,42.0,1.0,3.0,0.0,30.0,15.0,1.0,.200,.242,.333,.575,.327,45.00,417.0,13.0,20.0,27.0,26.0,5.0,1.0,0.0,1.0,1.0,0.0,11.0,0.0,0.0,0.0,9.0,4.0,0.0,.192,.222,.346,.568,.286,26.00,103.0,4.0,6.0,2025
802139,JJ Wetherholt,138,St. Louis Cardinals,,2B,2026,148.0,122.0,30.0,5.0,0.0,7.0,17.0,0.0,27.0,7.0,2.0,0.0,56.0,16.0,0.0,.246,.365,.459,.824,.256,17.43,597.0,28.0,39.0,,,,,,,,,,,,,,,,,,,,,,,,,2025
669022,MacKenzie Gore,140,Texas Rangers,,P,2026,,,,,,,,,,,,,,,,,,,,,,,,,,,,,,,,,,,,,,,,,,,,,,,,,2025
630105,Jake Cronenworth,135,San Diego Padres,,2B,2026,105.0,89.0,13.0,2.0,0.0,1.0,14.0,0.0,21.0,2.0,0.0,0.0,18.0,4.0,1.0,.146,.276,.202,.478,.179,89.00,446.0,30.0,25.0,515.0,419.0,103.0,20.0,1.0,11.0,69.0,1.0,107.0,15.0,7.0,4.0,158.0,59.0,4.0,.246,.367,.377,.744,.299,38.09,2184.0,101.0,119.0,2025
687462,Spencer Horwitz,134,Pittsburgh Pirates,,1B,2026,107.0,87.0,21.0,2.0,0.0,3.0,17.0,0.0,15.0,1.0,2.0,0.0,32.0,10.0,5.0,.241,.364,.368,.732,.254,29.00,409.0,26.0,27.0,411.0,364.0,99.0,26.0,0.0,11.0,44.0,1.0,73.0,2.0,1.0,0.0,158.0,51.0,7.0,.272,.353,.434,.787,.313,33.09,1698.0,85.0,108.0,2025
695657,Colson Montgomery,145,Chicago White Sox,,SS,2026,132.0,114.0,27.0,5.0,0.0,9.0,11.0,2.0,38.0,7.0,0.0,0.0,59.0,22.0,2.0,.237,.341,.518,.859,.269,12.67,494.0,24.0,25.0,284.0,255.0,61.0,9.0,1.0,21.0,25.0,1.0,83.0,2.0,1.0,0.0,135.0,55.0,3.0,.239,.311,.529,.840,.263,12.14,1082.0,50.0,62.0,2025
660844,Leo Rivas,136,Seattle Mariners,,3B,2026,92.0,77.0,11.0,1.0,1.0,0.0,11.0,0.0,29.0,2.0,1.0,1.0,14.0,7.0,1.0,.143,.264,.182,.446,.224,-.--,409.0,16.0,23.0,111.0,90.0,22.0,2.0,0.0,2.0,20.0,0.0,24.0,1.0,0.0,0.0,30.0,9.0,1.0,.244,.387,.333,.720,.313,45.00,520.0,20.0,24.0,2025
643410,Mark Leiter Jr.,133,Athletics,,P,2026,,,,,,,,,,,,,,,,,,,,,,,,,,,,,,,,,,,,,,,,,,,,,,,,,2025
701807,Carson Benge,121,New York Mets,,LF,2026,101.0,94.0,17.0,2.0,0.0,2.0,7.0,0.0,23.0,0.0,0.0,0.0,25.0,6.0,1.0,.181,.238,.266,.504,.217,47.00,406.0,28.0,26.0,,,,,,,,,,,,,,,,,,,,,,,,,2025
671096,Andrew Abbott,113,Cincinnati Reds,,P,2026,,,,,,,,,,,,,,,,,,,,,,,,,,,,,,,,,,,,,,,,,,,,,,,,,2025
681347,Mike Burrows,117,Houston Astros,,P,2026,,,,,,,,,,,,,,,,,,,,,,,,,,,,,,,,,,,,,,,,,,,,,,,,,2025
660853,Enyel De Los Santos,117,Houston Astros,,P,2026,,,,,,,,,,,,,,,,,,,,,,,,,0.0,0.0,0.0,0.0,0.0,0.0,0.0,0.0,0.0,0.0,0.0,0.0,0.0,0.0,0.0,.000,.000,.000,.000,.---,-.--,0.0,0.0,0.0,2025
691587,Eury Pérez,146,Miami Marlins,,P,2026,,,,,,,,,,,,,,,,,,,,,,,,,,,,,,,,,,,,,,,,,,,,,,,,,2025
695684,Elmer Rodríguez,147,New York Yankees,,P,2026,,,,,,,,,,,,,,,,,,,,,,,,,,,,,,,,,,,,,,,,,,,,,,,,,2025
656775,Cedric Mullins,139,Tampa Bay Rays,,CF,2026,105.0,95.0,12.0,2.0,1.0,2.0,5.0,0.0,22.0,2.0,1.0,1.0,22.0,8.0,1.0,.126,.184,.232,.416,.139,47.50,400.0,13.0,50.0,498.0,435.0,94.0,23.0,1.0,17.0,50.0,0.0,120.0,4.0,6.0,3.0,170.0,59.0,2.0,.216,.299,.391,.690,.253,25.59,2112.0,79.0,151.0,2025
671109,Jake Eder,119,Los Angeles Dodgers,,P,2026,,,,,,,,,,,,,,,,,,,,,,,,,,,,,,,,,,,,,,,,,,,,,,,,,2025
669065,Kyle Stowers,146,Miami Marlins,,LF,2026,46.0,39.0,8.0,3.0,0.0,0.0,6.0,1.0,11.0,1.0,0.0,0.0,11.0,1.0,3.0,.205,.326,.282,.608,.286,-.--,169.0,13.0,7.0,457.0,399.0,115.0,21.0,3.0,25.0,48.0,3.0,125.0,5.0,4.0,1.0,217.0,73.0,6.0,.288,.368,.544,.912,.356,15.96,1712.0,79.0,85.0,2025
669062,Erik Miller,137,San Francisco Giants,,P,2026,,,,,,,,,,,,,,,,,,,,,,,,,,,,,,,,,,,,,,,,,,,,,,,,,2025
691594,Javier Sanoja,146,Miami Marlins,,3B,2026,72.0,65.0,20.0,3.0,0.0,0.0,7.0,0.0,9.0,0.0,0.0,0.0,23.0,10.0,0.0,.308,.375,.354,.729,.357,-.--,256.0,17.0,19.0,342.0,313.0,76.0,22.0,4.0,6.0,19.0,0.0,41.0,2.0,4.0,4.0,124.0,38.0,2.0,.243,.287,.396,.683,.259,52.17,1218.0,97.0,107.0,2025
607625,Seth Lugo,118,Kansas City Royals,,P,2026,,,,,,,,,,,,,,,,,,,,,,,,,,,,,,,,,,,,,,,,,,,,,,,,,2025
693645,Cam Schlittler,147,New York Yankees,,P,2026,,,,,,,,,,,,,,,,,,,,,,,,,,,,,,,,,,,,,,,,,,,,,,,,,2025
595345,Steven Okert,117,Houston Astros,,P,2026,,,,,,,,,,,,,,,,,,,,,,,,,,,,,,,,,,,,,,,,,,,,,,,,,2025
650633,Michael King,135,San Diego Padres,,P,2026,,,,,,,,,,,,,,,,,,,,,,,,,,,,,,,,,,,,,,,,,,,,,,,,,2025
544150,Albert Suárez,110,Baltimore Orioles,,P,2026,,,,,,,,,,,,,,,,,,,,,,,,,,,,,,,,,,,,,,,,,,,,,,,,,2025
656794,Sean Newcomb,145,Chicago White Sox,,P,2026,,,,,,,,,,,,,,,,,,,,,,,,,,,,,,,,,,,,,,,,,,,,,,,,,2025
687515,Colby Thomas,133,Athletics,,RF,2026,15.0,12.0,3.0,0.0,0.0,0.0,2.0,0.0,5.0,0.0,0.0,1.0,3.0,1.0,0.0,.250,.357,.250,.607,.429,-.--,61.0,2.0,3.0,132.0,120.0,27.0,5.0,0.0,6.0,7.0,0.0,49.0,1.0,3.0,1.0,50.0,19.0,3.0,.225,.267,.417,.684,.309,20.00,481.0,21.0,27.0,2025
650644,Aaron Civale,133,Athletics,,P,2026,,,,,,,,,,,,,,,,,,,,,,,,,,,,,,,,,,,,,,,,,,,,,,,,,2025
669084,DL Hall,158,Milwaukee Brewers,,P,2026,,,,,,,,,,,,,,,,,,,,,,,,,,,,,,,,,,,,,,,,,,,,,,,,,2025
669093,Jeremiah Estrada,135,San Diego Padres,,P,2026,,,,,,,,,,,,,,,,,,,,,,,,,,,,,,,,,,,,,,,,,,,,,,,,,2025
656811,Ryan O'Hearn,134,Pittsburgh Pirates,,RF,2026,132.0,113.0,35.0,4.0,0.0,5.0,15.0,1.0,23.0,2.0,2.0,0.0,54.0,21.0,7.0,.310,.394,.478,.872,.345,22.60,540.0,32.0,25.0,544.0,474.0,133.0,21.0,1.0,17.0,58.0,4.0,109.0,8.0,4.0,0.0,207.0,63.0,11.0,.281,.366,.437,.803,.330,27.88,2173.0,117.0,119.0,2025
699823,Tyler Davis,145,Chicago White Sox,,P,2026,,,,,,,,,,,,,,,,,,,,,,,,,,,,,,,,,,,,,,,,,,,,,,,,,2025
664991,Grant Wolfram,110,Baltimore Orioles,,P,2026,,,,,,,,,,,,,,,,,,,,,,,,,,,,,,,,,,,,,,,,,,,,,,,,,2025
681393,Connor Norby,146,Miami Marlins,,1B,2026,110.0,94.0,22.0,6.0,0.0,3.0,11.0,0.0,32.0,4.0,1.0,0.0,37.0,10.0,2.0,.234,.336,.394,.730,.317,31.33,440.0,18.0,23.0,337.0,311.0,78.0,17.0,1.0,8.0,18.0,0.0,90.0,5.0,3.0,0.0,121.0,34.0,3.0,.251,.300,.389,.689,.324,38.88,1245.0,68.0,78.0,2025
695734,Daylen Lile,120,Washington Nationals,,LF,2026,144.0,131.0,34.0,8.0,0.0,3.0,13.0,1.0,26.0,0.0,0.0,0.0,51.0,14.0,2.0,.260,.326,.389,.715,.304,43.67,477.0,29.0,42.0,351.0,321.0,96.0,15.0,11.0,9.0,21.0,0.0,56.0,4.0,3.0,1.0,160.0,41.0,5.0,.299,.347,.498,.845,.336,35.67,1306.0,73.0,100.0,2025
693686,Spencer Miles,141,Toronto Blue Jays,,P,2026,,,,,,,,,,,,,,,,,,,,,,,,,,,,,,,,,,,,,,,,,,,,,,,,,2025
681402,Gus Varland,120,Washington Nationals,,P,2026,,,,,,,,,,,,,,,,,,,,,,,,,,,,,,,,,,,,,,,,,,,,,,,,,2025
665019,Kody Clemens,142,Minnesota Twins,,1B,2026,82.0,71.0,14.0,3.0,0.0,3.0,8.0,0.0,24.0,2.0,0.0,1.0,26.0,8.0,0.0,.197,.296,.366,.662,.250,23.67,351.0,13.0,21.0,386.0,348.0,74.0,12.0,4.0,19.0,29.0,1.0,93.0,5.0,2.0,2.0,151.0,52.0,4.0,.213,.281,.434,.715,.231,18.32,1529.0,73.0,112.0,2025
554430,Zack Wheeler,143,Philadelphia Phillies,,P,2026,,,,,,,,,,,,,,,,,,,,,,,,,,,,,,,,,,,,,,,,,,,,,,,,,2025
687551,Drew Gilbert,137,San Francisco Giants,,CF,2026,47.0,44.0,12.0,1.0,0.0,2.0,2.0,0.0,10.0,0.0,0.0,1.0,19.0,5.0,0.0,.273,.304,.432,.736,.313,22.00,184.0,13.0,10.0,109.0,100.0,19.0,5.0,1.0,3.0,7.0,0.0,20.0,1.0,1.0,0.0,35.0,13.0,2.0,.190,.248,.350,.598,.205,33.33,416.0,34.0,28.0,2025
640448,Kyle Finnegan,116,Detroit Tigers,,P,2026,,,,,,,,,,,,,,,,,,,,,,,,,,,,,,,,,,,,,,,,,,,,,,,,,2025
669127,Shea Langeliers,133,Athletics,,C,2026,141.0,129.0,42.0,9.0,0.0,8.0,12.0,1.0,32.0,0.0,0.0,0.0,75.0,15.0,3.0,.326,.383,.581,.964,.382,16.12,531.0,18.0,37.0,523.0,481.0,133.0,32.0,0.0,31.0,36.0,1.0,103.0,1.0,5.0,0.0,258.0,72.0,10.0,.277,.325,.536,.861,.290,15.52,1924.0,107.0,143.0,2025
679358,Eric Orze,142,Minnesota Twins,,P,2026,,,,,,,,,,,,,,,,,,,,,,,,,,,,,,,,,,,,,,,,,,,,,,,,,2025
687562,Jake Bennett,111,Boston Red Sox,,P,2026,,,,,,,,,,,,,,,,,,,,,,,,,,,,,,,,,,,,,,,,,,,,,,,,,2025
669134,Luis Campusano,135,San Diego Padres,,C,2026,50.0,46.0,15.0,7.0,0.0,3.0,4.0,0.0,13.0,0.0,0.0,0.0,31.0,10.0,0.0,.326,.380,.674,1.054,.400,15.33,195.0,10.0,8.0,27.0,21.0,0.0,0.0,0.0,0.0,6.0,0.0,11.0,0.0,0.0,0.0,0.0,0.0,2.0,.000,.222,.000,.222,.000,-.--,126.0,9.0,1.0,2025
640455,Sean Manaea,121,New York Mets,,P,2026,,,,,,,,,,,,,,,,,,,,,,,,,,,,,,,,,,,,,,,,,,,,,,,,,2025
656848,Michael Petersen,146,Miami Marlins,,P,2026,,,,,,,,,,,,,,,,,,,,,,,,,,,,,,,,,,,,,,,,,,,,,,,,,2025
656849,David Peterson,121,New York Mets,,P,2026,,,,,,,,,,,,,,,,,,,,,,,,,,,,,,,,,,,,,,,,,,,,,,,,,2025
673237,Yainer Diaz,117,Houston Astros,,C,2026,101.0,96.0,25.0,5.0,0.0,2.0,3.0,0.0,15.0,0.0,2.0,0.0,36.0,14.0,3.0,.260,.277,.375,.652,.284,48.00,329.0,35.0,23.0,567.0,542.0,139.0,25.0,1.0,20.0,20.0,2.0,95.0,2.0,3.0,0.0,226.0,70.0,13.0,.256,.284,.417,.701,.277,27.10,1871.0,162.0,149.0,2025
521692,Salvador Perez,118,Kansas City Royals,,C,2026,131.0,124.0,26.0,5.0,0.0,5.0,4.0,1.0,26.0,2.0,1.0,0.0,46.0,13.0,5.0,.210,.244,.371,.615,.223,24.80,487.0,31.0,42.0,641.0,597.0,141.0,35.0,0.0,30.0,28.0,5.0,125.0,12.0,1.0,0.0,266.0,100.0,14.0,.236,.284,.446,.730,.251,19.90,2267.0,145.0,187.0,2025
642528,Jonathan Loáisiga,109,Arizona Diamondbacks,,P,2026,,,,,,,,,,,,,,,,,,,,,,,,,,,,,,,,,,,,,,,,,,,,,,,,,2025
669160,Dustin May,138,St. Louis Cardinals,,P,2026,,,,,,,,,,,,,,,,,,,,,,,,,,,,,,,,,,,,,,,,,,,,,,,,,2025
687570,Connor Prielipp,142,Minnesota Twins,,P,2026,,,,,,,,,,,,,,,,,,,,,,,,,,,,,,,,,,,,,,,,,,,,,,,,,2025
656876,Drew Rasmussen,139,Tampa Bay Rays,,P,2026,,,,,,,,,,,,,,,,,,,,,,,,,,,,,,,,,,,,,,,,,,,,,,,,,2025
669165,Kyle Hurt,119,Los Angeles Dodgers,,P,2026,,,,,,,,,,,,,,,,,,,,,,,,,,,,,,,,,,,,,,,,,,,,,,,,,2025
671218,Heliot Ramos,137,San Francisco Giants,,LF,2026,122.0,114.0,31.0,7.0,0.0,3.0,7.0,1.0,38.0,0.0,1.0,0.0,47.0,15.0,1.0,.272,.311,.412,.723,.378,38.00,516.0,25.0,21.0,695.0,620.0,159.0,24.0,1.0,21.0,52.0,2.0,158.0,17.0,6.0,0.0,248.0,69.0,16.0,.256,.328,.400,.728,.309,29.52,2653.0,147.0,162.0,2025
642547,Freddy Peralta,121,New York Mets,,P,2026,,,,,,,,,,,,,,,,,,,,,,,,,,,,,,,,,,,,,,,,,,,,,,,,,2025
624133,Ranger Suarez,111,Boston Red Sox,,P,2026,,,,,,,,,,,,,,,,,,,,,,,,,,,,,,,,,,,,,,,,,,,,,,,,,2025
691718,Pete Crow-Armstrong,112,Chicago Cubs,,CF,2026,132.0,120.0,29.0,3.0,1.0,3.0,9.0,1.0,38.0,2.0,0.0,1.0,43.0,13.0,2.0,.242,.305,.358,.663,.329,40.00,489.0,25.0,29.0,647.0,591.0,146.0,37.0,4.0,31.0,29.0,1.0,155.0,9.0,12.0,6.0,284.0,95.0,1.0,.247,.287,.481,.768,.276,19.06,2312.0,116.0,192.0,2025
699912,Jose Fernandez,109,Arizona Diamondbacks,,1B,2026,90.0,87.0,28.0,3.0,0.0,3.0,3.0,0.0,19.0,0.0,0.0,0.0,40.0,12.0,1.0,.322,.344,.460,.804,.385,29.00,356.0,18.0,22.0,,,,,,,,,,,,,,,,,,,,,,,,,2025
687606,Paxton Schultz,120,Washington Nationals,,P,2026,,,,,,,,,,,,,,,,,,,,,,,,,,,,,,,,,,,,,,,,,,,,,,,,,2025
669194,Ryne Nelson,109,Arizona Diamondbacks,,P,2026,,,,,,,,,,,,,,,,,,,,,,,,,1.0,1.0,1.0,0.0,0.0,0.0,0.0,0.0,0.0,0.0,0.0,0.0,1.0,1.0,0.0,1.000,1.000,1.000,2.000,1.000,-.--,4.0,0.0,0.0,2025
691723,Coby Mayo,110,Baltimore Orioles,,3B,2026,88.0,79.0,13.0,3.0,0.0,3.0,8.0,0.0,27.0,0.0,1.0,0.0,25.0,12.0,1.0,.165,.239,.316,.555,.200,26.33,346.0,18.0,22.0,294.0,263.0,57.0,12.0,0.0,11.0,27.0,0.0,84.0,4.0,0.0,0.0,102.0,28.0,2.0,.217,.299,.388,.687,.274,23.91,1132.0,49.0,73.0,2025
691725,Andrew Painter,143,Philadelphia Phillies,,P,2026,,,,,,,,,,,,,,,,,,,,,,,,,,,,,,,,,,,,,,,,,,,,,,,,,2025
681481,Kerry Carpenter,116,Detroit Tigers,,RF,2026,101.0,86.0,19.0,2.0,2.0,6.0,11.0,0.0,34.0,2.0,2.0,0.0,43.0,17.0,0.0,.221,.317,.500,.817,.271,14.33,410.0,13.0,22.0,464.0,433.0,109.0,18.0,5.0,26.0,18.0,0.0,106.0,7.0,2.0,0.0,215.0,62.0,3.0,.252,.291,.497,.788,.274,16.65,1736.0,84.0,136.0,2025
669199,Lake Bachar,146,Miami Marlins,,P,2026,,,,,,,,,,,,,,,,,,,,,,,,,,,,,,,,,,,,,,,,,,,,,,,,,2025
593428,Xander Bogaerts,135,San Diego Padres,,SS,2026,126.0,112.0,30.0,2.0,0.0,5.0,14.0,0.0,18.0,0.0,0.0,0.0,47.0,17.0,1.0,.268,.349,.420,.769,.281,22.40,480.0,30.0,34.0,552.0,491.0,129.0,30.0,0.0,11.0,48.0,3.0,94.0,4.0,8.0,1.0,192.0,53.0,12.0,.263,.328,.391,.719,.299,44.64,2100.0,126.0,151.0,2025
687637,Dylan Beavers,110,Baltimore Orioles,,RF,2026,93.0,82.0,18.0,3.0,0.0,2.0,9.0,0.0,22.0,0.0,1.0,1.0,27.0,10.0,1.0,.220,.293,.329,.622,.271,41.00,377.0,21.0,23.0,137.0,110.0,25.0,5.0,1.0,4.0,26.0,0.0,36.0,0.0,0.0,1.0,44.0,14.0,0.0,.227,.375,.400,.775,.300,27.50,615.0,14.0,36.0,2025
669211,Keegan Akin,110,Baltimore Orioles,,P,2026,,,,,,,,,,,,,,,,,,,,,,,,,0.0,0.0,0.0,0.0,0.0,0.0,0.0,0.0,0.0,0.0,0.0,0.0,0.0,0.0,0.0,.000,.000,.000,.000,.---,-.--,0.0,0.0,0.0,2025
548384,Brooks Raley,121,New York Mets,,P,2026,,,,,,,,,,,,,,,,,,,,,,,,,,,,,,,,,,,,,,,,,,,,,,,,,2025
472610,Luis García,142,Minnesota Twins,,P,2026,,,,,,,,,,,,,,,,,,,,,,,,,,,,,,,,,,,,,,,,,,,,,,,,,2025
669224,Austin Wells,147,New York Yankees,,C,2026,91.0,74.0,15.0,1.0,0.0,3.0,16.0,2.0,16.0,0.0,1.0,0.0,25.0,5.0,3.0,.203,.341,.338,.679,.214,24.67,372.0,20.0,24.0,448.0,401.0,88.0,22.0,1.0,21.0,30.0,0.0,118.0,5.0,11.0,0.0,175.0,71.0,10.0,.219,.275,.436,.711,.245,19.10,1794.0,75.0,131.0,2025
572955,Pierce Johnson,113,Cincinnati Reds,,P,2026,,,,,,,,,,,,,,,,,,,,,,,,,,,,,,,,,,,,,,,,,,,,,,,,,2025
671277,Luis García Jr.,120,Washington Nationals,,1B,2026,108.0,103.0,25.0,6.0,1.0,1.0,4.0,0.0,18.0,0.0,1.0,0.0,36.0,16.0,0.0,.243,.269,.350,.619,.282,103.00,379.0,34.0,27.0,526.0,488.0,123.0,28.0,1.0,16.0,27.0,1.0,84.0,2.0,9.0,0.0,201.0,66.0,7.0,.252,.289,.412,.701,.270,30.50,1838.0,158.0,132.0,2025
656941,Kyle Schwarber,143,Philadelphia Phillies,,LF,2026,144.0,116.0,25.0,6.0,1.0,11.0,24.0,0.0,45.0,4.0,0.0,0.0,66.0,20.0,1.0,.216,.368,.569,.937,.233,10.54,616.0,20.0,26.0,724.0,604.0,145.0,23.0,2.0,56.0,108.0,6.0,197.0,11.0,1.0,0.0,340.0,132.0,4.0,.240,.365,.563,.928,.253,10.79,3059.0,114.0,149.0,2025
681517,Kyle Leahy,138,St. Louis Cardinals,,P,2026,,,,,,,,,,,,,,,,,,,,,,,,,,,,,,,,,,,,,,,,,,,,,,,,,2025
656945,Tanner Scott,119,Los Angeles Dodgers,,P,2026,,,,,,,,,,,,,,,,,,,,,,,,,0.0,0.0,0.0,0.0,0.0,0.0,0.0,0.0,0.0,0.0,0.0,0.0,0.0,0.0,0.0,.000,.000,.000,.000,.---,-.--,0.0,0.0,0.0,2025
691781,Brady House,120,Washington Nationals,,3B,2026,123.0,113.0,25.0,4.0,0.0,4.0,10.0,0.0,39.0,0.0,0.0,0.0,41.0,15.0,3.0,.221,.285,.363,.648,.300,28.25,476.0,33.0,16.0,274.0,261.0,61.0,11.0,0.0,4.0,8.0,0.0,78.0,0.0,5.0,0.0,84.0,29.0,11.0,.234,.252,.322,.574,.310,65.25,969.0,66.0,61.0,2025
691785,Marcelo Mayer,111,Boston Red Sox,,2B,2026,89.0,79.0,20.0,6.0,0.0,1.0,7.0,0.0,14.0,1.0,1.0,0.0,29.0,7.0,4.0,.253,.318,.367,.685,.292,79.00,320.0,25.0,21.0,136.0,127.0,29.0,8.0,1.0,4.0,8.0,0.0,41.0,0.0,1.0,0.0,51.0,10.0,2.0,.228,.272,.402,.674,.301,31.75,510.0,36.0,22.0,2025
669236,Jeremiah Jackson,110,Baltimore Orioles,,2B,2026,104.0,100.0,27.0,3.0,0.0,6.0,2.0,0.0,24.0,1.0,1.0,0.0,48.0,24.0,5.0,.270,.288,.480,.768,.296,16.67,332.0,29.0,21.0,183.0,170.0,47.0,10.0,2.0,5.0,11.0,0.0,50.0,2.0,0.0,0.0,76.0,21.0,6.0,.276,.328,.447,.775,.365,34.00,706.0,39.0,34.0,2025
681546,James Outman,142,Minnesota Twins,,CF,2026,33.0,31.0,4.0,2.0,0.0,0.0,2.0,0.0,12.0,0.0,0.0,0.0,6.0,0.0,0.0,.129,.182,.194,.376,.211,-.--,130.0,6.0,9.0,148.0,134.0,18.0,5.0,1.0,6.0,12.0,0.0,63.0,2.0,0.0,0.0,43.0,11.0,0.0,.134,.216,.321,.537,.185,22.33,605.0,24.0,29.0,2025
669257,Will Smith,119,Los Angeles Dodgers,,C,2026,103.0,92.0,25.0,1.0,0.0,3.0,10.0,0.0,17.0,0.0,1.0,0.0,35.0,15.0,1.0,.272,.340,.380,.720,.301,30.67,454.0,12.0,39.0,436.0,362.0,107.0,20.0,1.0,17.0,64.0,1.0,89.0,5.0,5.0,0.0,180.0,61.0,7.0,.296,.404,.497,.901,.345,21.29,1926.0,57.0,114.0,2025
573009,Joe Mantiply,141,Toronto Blue Jays,,P,2026,,,,,,,,,,,,,,,,,,,,,,,,,0.0,0.0,0.0,0.0,0.0,0.0,0.0,0.0,0.0,0.0,0.0,0.0,0.0,0.0,0.0,.000,.000,.000,.000,.---,-.--,0.0,0.0,0.0,2025
669270,Joel Kuhnel,133,Athletics,,P,2026,,,,,,,,,,,,,,,,,,,,,,,,,,,,,,,,,,,,,,,,,,,,,,,,,2025
656986,Bennett Sousa,117,Houston Astros,,P,2026,,,,,,,,,,,,,,,,,,,,,,,,,0.0,0.0,0.0,0.0,0.0,0.0,0.0,0.0,0.0,0.0,0.0,0.0,0.0,0.0,0.0,.000,.000,.000,.000,.---,-.--,0.0,0.0,0.0,2025
542303,Marcell Ozuna,134,Pittsburgh Pirates,,DH,2026,112.0,103.0,17.0,2.0,0.0,3.0,8.0,0.0,30.0,1.0,0.0,0.0,28.0,10.0,3.0,.165,.232,.272,.504,.200,34.33,470.0,18.0,38.0,592.0,487.0,113.0,19.0,0.0,21.0,94.0,2.0,144.0,3.0,7.0,0.0,195.0,68.0,11.0,.232,.355,.400,.755,.280,23.19,2635.0,115.0,122.0,2025
693855,Ian Seymour,139,Tampa Bay Rays,,P,2026,,,,,,,,,,,,,,,,,,,,,,,,,,,,,,,,,,,,,,,,,,,,,,,,,2025
691799,Grant Taylor,145,Chicago White Sox,,P,2026,,,,,,,,,,,,,,,,,,,,,,,,,,,,,,,,,,,,,,,,,,,,,,,,,2025
683618,Edgardo Henriquez,119,Los Angeles Dodgers,,P,2026,,,,,,,,,,,,,,,,,,,,,,,,,,,,,,,,,,,,,,,,,,,,,,,,,2025
702056,Trey Yesavage,141,Toronto Blue Jays,,P,2026,,,,,,,,,,,,,,,,,,,,,,,,,,,,,,,,,,,,,,,,,,,,,,,,,2025
669288,Daniel Johnson,117,Houston Astros,,CF,2026,16.0,13.0,2.0,0.0,0.0,0.0,2.0,0.0,3.0,1.0,0.0,0.0,2.0,0.0,1.0,.154,.313,.154,.467,.200,-.--,52.0,4.0,4.0,57.0,53.0,10.0,3.0,0.0,1.0,4.0,0.0,13.0,0.0,0.0,0.0,16.0,1.0,0.0,.189,.246,.302,.548,.231,53.00,210.0,15.0,15.0,2025
669289,Santiago Espinal,119,Los Angeles Dodgers,,3B,2026,27.0,25.0,5.0,2.0,0.0,0.0,0.0,0.0,4.0,0.0,0.0,2.0,7.0,2.0,3.0,.200,.200,.280,.480,.238,-.--,111.0,13.0,5.0,328.0,301.0,73.0,12.0,0.0,0.0,21.0,0.0,38.0,1.0,2.0,3.0,85.0,16.0,11.0,.243,.292,.282,.574,.275,-.--,1302.0,80.0,115.0,2025
650859,Luis Rengifo,158,Milwaukee Brewers,,3B,2026,100.0,89.0,17.0,8.0,0.0,0.0,8.0,1.0,12.0,1.0,1.0,1.0,25.0,10.0,1.0,.191,.263,.281,.544,.218,-.--,376.0,33.0,29.0,541.0,501.0,119.0,16.0,3.0,9.0,33.0,0.0,104.0,3.0,3.0,1.0,168.0,43.0,7.0,.238,.287,.335,.622,.281,55.67,2008.0,156.0,126.0,2025
679529,Spencer Torkelson,116,Detroit Tigers,,1B,2026,124.0,103.0,24.0,6.0,0.0,5.0,20.0,0.0,34.0,1.0,0.0,0.0,45.0,12.0,1.0,.233,.363,.437,.800,.297,20.60,543.0,18.0,27.0,649.0,563.0,135.0,27.0,1.0,31.0,72.0,6.0,169.0,9.0,5.0,0.0,257.0,78.0,12.0,.240,.333,.456,.789,.283,18.16,2634.0,88.0,176.0,2025
802415,Chandler Simpson,139,Tampa Bay Rays,,LF,2026,133.0,121.0,38.0,1.0,2.0,0.0,7.0,0.0,11.0,0.0,2.0,3.0,43.0,7.0,0.0,.314,.346,.355,.701,.339,-.--,429.0,48.0,29.0,441.0,414.0,122.0,15.0,3.0,0.0,20.0,0.0,43.0,0.0,2.0,3.0,143.0,26.0,10.0,.295,.326,.345,.671,.327,-.--,1517.0,176.0,78.0,2025
702070,Noah Cameron,118,Kansas City Royals,,P,2026,,,,,,,,,,,,,,,,,,,,,,,,,,,,,,,,,,,,,,,,,,,,,,,,,2025
669302,Logan Gilbert,136,Seattle Mariners,,P,2026,,,,,,,,,,,,,,,,,,,,,,,,,,,,,,,,,,,,,,,,,,,,,,,,,2025
820862,José Fermin,108,Los Angeles Angels,,P,2026,,,,,,,,,,,,,,,,,,,,,,,,,,,,,,,,,,,,,,,,,,,,,,,,,2025
642701,Dennis Santana,134,Pittsburgh Pirates,,P,2026,,,,,,,,,,,,,,,,,,,,,,,,,,,,,,,,,,,,,,,,,,,,,,,,,2025
669326,Bryce Teodosio,108,Los Angeles Angels,,LF,2026,36.0,33.0,8.0,1.0,0.0,0.0,2.0,0.0,15.0,0.0,0.0,1.0,9.0,2.0,1.0,.242,.286,.273,.559,.444,-.--,126.0,7.0,4.0,150.0,138.0,28.0,7.0,2.0,1.0,5.0,0.0,47.0,4.0,2.0,1.0,42.0,7.0,2.0,.203,.248,.304,.552,.293,138.00,521.0,33.0,33.0,2025
657041,Lane Thomas,118,Kansas City Royals,,CF,2026,75.0,61.0,15.0,1.0,0.0,1.0,13.0,0.0,13.0,1.0,0.0,0.0,19.0,6.0,1.0,.246,.387,.311,.698,.298,61.00,319.0,8.0,25.0,142.0,125.0,20.0,2.0,0.0,4.0,14.0,0.0,44.0,1.0,2.0,0.0,34.0,11.0,4.0,.160,.246,.272,.518,.203,31.25,556.0,22.0,41.0,2025
669330,Tyler Wells,110,Baltimore Orioles,,P,2026,,,,,,,,,,,,,,,,,,,,,,,,,,,,,,,,,,,,,,,,,,,,,,,,,2025
642708,Amed Rosario,147,New York Yankees,,3B,2026,67.0,60.0,16.0,1.0,1.0,4.0,5.0,0.0,13.0,0.0,2.0,0.0,31.0,14.0,1.0,.267,.313,.517,.830,.267,15.00,239.0,17.0,16.0,191.0,181.0,50.0,11.0,0.0,6.0,7.0,0.0,31.0,2.0,1.0,0.0,79.0,23.0,6.0,.276,.309,.436,.745,.303,30.17,646.0,53.0,48.0,2025
681624,Andy Pages,119,Los Angeles Dodgers,,CF,2026,127.0,116.0,37.0,7.0,0.0,5.0,8.0,0.0,29.0,1.0,2.0,0.0,59.0,25.0,1.0,.319,.362,.509,.871,.381,23.20,537.0,21.0,31.0,624.0,581.0,158.0,27.0,1.0,27.0,29.0,0.0,135.0,8.0,6.0,0.0,268.0,86.0,9.0,.272,.313,.461,.774,.308,21.52,2365.0,117.0,177.0,2025
642715,Willy Adames,137,San Francisco Giants,,SS,2026,132.0,125.0,25.0,10.0,0.0,3.0,6.0,0.0,41.0,1.0,0.0,0.0,44.0,6.0,1.0,.200,.242,.352,.594,.272,41.67,543.0,23.0,36.0,686.0,591.0,133.0,22.0,2.0,30.0,80.0,2.0,179.0,5.0,9.0,0.0,249.0,87.0,9.0,.225,.318,.421,.739,.263,19.70,2797.0,105.0,183.0,2025
650911,Cristopher Sánchez,143,Philadelphia Phillies,,P,2026,,,,,,,,,,,,,,,,,,,,,,,,,,,,,,,,,,,,,,,,,,,,,,,,,2025
667297,Tommy Nance,141,Toronto Blue Jays,,P,2026,,,,,,,,,,,,,,,,,,,,,,,,,,,,,,,,,,,,,,,,,,,,,,,,,2025
669357,Nolan Gorman,138,St. Louis Cardinals,,3B,2026,121.0,107.0,24.0,2.0,0.0,5.0,11.0,1.0,33.0,0.0,3.0,0.0,41.0,21.0,0.0,.224,.289,.383,.672,.264,21.40,505.0,20.0,33.0,402.0,351.0,72.0,14.0,1.0,14.0,47.0,2.0,136.0,0.0,4.0,0.0,130.0,46.0,1.0,.205,.296,.370,.666,.283,25.07,1655.0,46.0,101.0,2025
657044,Ryan Thompson,109,Arizona Diamondbacks,,P,2026,,,,,,,,,,,,,,,,,,,,,,,,,0.0,0.0,0.0,0.0,0.0,0.0,0.0,0.0,0.0,0.0,0.0,0.0,0.0,0.0,0.0,.000,.000,.000,.000,.---,-.--,0.0,0.0,0.0,2025
669358,Shane Baz,110,Baltimore Orioles,,P,2026,,,,,,,,,,,,,,,,,,,,,,,,,,,,,,,,,,,,,,,,,,,,,,,,,2025
669364,Xavier Edwards,146,Miami Marlins,,2B,2026,138.0,118.0,39.0,7.0,2.0,1.0,19.0,0.0,15.0,0.0,0.0,1.0,53.0,10.0,3.0,.331,.423,.449,.872,.373,118.00,537.0,32.0,33.0,619.0,561.0,159.0,20.0,5.0,3.0,49.0,2.0,88.0,3.0,3.0,3.0,198.0,43.0,6.0,.283,.343,.353,.696,.330,187.00,2250.0,164.0,156.0,2025
669369,Bryce Johnson,135,San Diego Padres,,RF,2026,26.0,23.0,5.0,2.0,0.0,0.0,2.0,0.0,10.0,0.0,0.0,1.0,7.0,2.0,1.0,.217,.280,.304,.584,.385,-.--,95.0,4.0,5.0,84.0,76.0,26.0,4.0,0.0,1.0,3.0,0.0,19.0,2.0,0.0,3.0,33.0,8.0,1.0,.342,.383,.434,.817,.446,76.00,287.0,22.0,12.0,2025
669372,J.T. Ginn,133,Athletics,,P,2026,0.0,0.0,0.0,0.0,0.0,0.0,0.0,0.0,0.0,0.0,0.0,0.0,0.0,0.0,0.0,.000,.000,.000,.000,.---,-.--,0.0,0.0,0.0,,,,,,,,,,,,,,,,,,,,,,,,,2025
669373,Tarik Skubal,116,Detroit Tigers,,P,2026,,,,,,,,,,,,,,,,,,,,,,,,,,,,,,,,,,,,,,,,,,,,,,,,,2025
552640,Andrew Kittredge,110,Baltimore Orioles,,P,2026,,,,,,,,,,,,,,,,,,,,,,,,,0.0,0.0,0.0,0.0,0.0,0.0,0.0,0.0,0.0,0.0,0.0,0.0,0.0,0.0,0.0,.000,.000,.000,.000,.---,-.--,0.0,0.0,0.0,2025
573124,Taylor Rogers,142,Minnesota Twins,,P,2026,,,,,,,,,,,,,,,,,,,,,,,,,,,,,,,,,,,,,,,,,,,,,,,,,2025
657097,Jacob Webb,112,Chicago Cubs,,P,2026,,,,,,,,,,,,,,,,,,,,,,,,,,,,,,,,,,,,,,,,,,,,,,,,,2025
702153,Brian Fitzpatrick,158,Milwaukee Brewers,,P,2026,,,,,,,,,,,,,,,,,,,,,,,,,,,,,,,,,,,,,,,,,,,,,,,,,2025
669387,Carmen Mlodzinski,134,Pittsburgh Pirates,,P,2026,,,,,,,,,,,,,,,,,,,,,,,,,,,,,,,,,,,,,,,,,,,,,,,,,2025
677587,Brayan Rocchio,114,Cleveland Guardians,,SS,2026,118.0,104.0,29.0,4.0,0.0,3.0,10.0,0.0,11.0,2.0,0.0,2.0,42.0,18.0,2.0,.279,.353,.404,.757,.289,34.67,473.0,34.0,32.0,383.0,344.0,80.0,18.0,2.0,5.0,22.0,0.0,77.0,8.0,5.0,4.0,117.0,44.0,4.0,.233,.290,.340,.630,.281,68.80,1411.0,100.0,96.0,2025
669394,Jake Burger,140,Texas Rangers,,1B,2026,133.0,126.0,28.0,5.0,0.0,5.0,5.0,0.0,40.0,1.0,1.0,0.0,48.0,19.0,3.0,.222,.256,.381,.637,.280,25.20,476.0,34.0,25.0,376.0,356.0,84.0,15.0,1.0,16.0,12.0,0.0,93.0,5.0,3.0,0.0,149.0,53.0,3.0,.236,.269,.419,.688,.272,22.25,1324.0,73.0,109.0,2025
650968,Yohel Pozo,138,St. Louis Cardinals,,C,2026,17.0,17.0,2.0,1.0,0.0,0.0,0.0,0.0,0.0,0.0,0.0,0.0,3.0,3.0,3.0,.118,.118,.176,.294,.118,-.--,59.0,11.0,4.0,168.0,160.0,37.0,8.0,0.0,5.0,7.0,0.0,22.0,0.0,1.0,0.0,60.0,19.0,4.0,.231,.262,.375,.637,.239,32.00,591.0,45.0,57.0,2025
677588,José Tena,120,Washington Nationals,,2B,2026,56.0,52.0,13.0,1.0,0.0,1.0,3.0,0.0,17.0,1.0,0.0,0.0,17.0,7.0,3.0,.250,.304,.327,.631,.353,52.00,242.0,10.0,12.0,169.0,152.0,37.0,13.0,2.0,0.0,15.0,0.0,37.0,1.0,1.0,0.0,54.0,16.0,4.0,.243,.314,.355,.669,.319,-.--,678.0,54.0,25.0,2025
683737,Michael Busch,112,Chicago Cubs,,1B,2026,136.0,118.0,24.0,5.0,0.0,2.0,15.0,0.0,31.0,2.0,1.0,0.0,35.0,13.0,2.0,.203,.301,.297,.598,.256,59.00,508.0,33.0,31.0,592.0,524.0,137.0,25.0,5.0,34.0,56.0,2.0,139.0,10.0,2.0,0.0,274.0,90.0,2.0,.261,.343,.523,.866,.292,15.41,2324.0,111.0,139.0,2025
677594,Julio Rodríguez,136,Seattle Mariners,,CF,2026,144.0,130.0,34.0,6.0,0.0,4.0,12.0,1.0,33.0,2.0,0.0,0.0,52.0,16.0,2.0,.262,.333,.400,.733,.323,32.50,581.0,28.0,35.0,710.0,652.0,174.0,31.0,4.0,32.0,44.0,5.0,152.0,12.0,2.0,0.0,309.0,95.0,15.0,.267,.324,.474,.798,.302,20.38,2496.0,174.0,154.0,2025
677595,Ronny Mauricio,121,New York Mets,,SS,2026,29.0,29.0,6.0,0.0,0.0,1.0,0.0,0.0,10.0,0.0,0.0,0.0,9.0,2.0,1.0,.207,.207,.310,.517,.278,29.00,110.0,6.0,7.0,184.0,168.0,38.0,6.0,0.0,6.0,15.0,1.0,54.0,1.0,0.0,0.0,62.0,10.0,5.0,.226,.293,.369,.662,.296,28.00,692.0,39.0,37.0,2025
683742,Jose Franco,113,Cincinnati Reds,,P,2026,,,,,,,,,,,,,,,,,,,,,,,,,,,,,,,,,,,,,,,,,,,,,,,,,2025
696030,Alejandro Osuna,140,Texas Rangers,,LF,2026,17.0,12.0,4.0,1.0,0.0,0.0,4.0,0.0,3.0,1.0,0.0,0.0,5.0,2.0,0.0,.333,.529,.417,.946,.444,-.--,72.0,2.0,3.0,176.0,151.0,32.0,4.0,0.0,2.0,21.0,1.0,34.0,2.0,2.0,0.0,42.0,15.0,1.0,.212,.313,.278,.591,.256,75.50,739.0,45.0,42.0,2025
628451,Andy Ibáñez,121,New York Mets,,2B,2026,18.0,17.0,2.0,0.0,0.0,0.0,1.0,0.0,2.0,0.0,0.0,0.0,2.0,3.0,0.0,.118,.167,.118,.285,.133,-.--,54.0,4.0,9.0,193.0,176.0,42.0,8.0,0.0,4.0,12.0,0.0,26.0,4.0,1.0,0.0,62.0,21.0,6.0,.239,.301,.352,.653,.259,44.00,716.0,47.0,62.0,2025
657136,Connor Wong,111,Boston Red Sox,,C,2026,43.0,37.0,9.0,5.0,0.0,0.0,4.0,0.0,6.0,1.0,0.0,1.0,14.0,5.0,1.0,.243,.333,.378,.711,.290,-.--,157.0,11.0,12.0,188.0,168.0,32.0,8.0,0.0,0.0,16.0,0.0,42.0,1.0,2.0,1.0,40.0,7.0,7.0,.190,.262,.238,.500,.250,-.--,745.0,53.0,44.0,2025
685801,Hunter Bigge,139,Tampa Bay Rays,,P,2026,,,,,,,,,,,,,,,,,,,,,,,,,,,,,,,,,,,,,,,,,,,,,,,,,2025
683766,Christian Koss,137,San Francisco Giants,,2B,2026,12.0,12.0,1.0,1.0,0.0,0.0,0.0,0.0,1.0,0.0,0.0,0.0,2.0,0.0,0.0,.083,.083,.167,.250,.091,-.--,29.0,3.0,7.0,191.0,174.0,46.0,9.0,0.0,3.0,9.0,0.0,45.0,3.0,2.0,3.0,64.0,23.0,4.0,.264,.309,.368,.677,.336,58.00,644.0,52.0,36.0,2025
683769,Hunter Gaddis,114,Cleveland Guardians,,P,2026,,,,,,,,,,,,,,,,,,,,,,,,,,,,,,,,,,,,,,,,,,,,,,,,,2025
702193,Andrew Morris,142,Minnesota Twins,,P,2026,,,,,,,,,,,,,,,,,,,,,,,,,,,,,,,,,,,,,,,,,,,,,,,,,2025
804606,Konnor Griffin,134,Pittsburgh Pirates,,SS,2026,105.0,95.0,22.0,2.0,1.0,2.0,7.0,0.0,30.0,2.0,1.0,0.0,32.0,14.0,1.0,.232,.295,.337,.632,.313,47.50,400.0,27.0,17.0,,,,,,,,,,,,,,,,,,,,,,,,,2025
579328,Yusei Kikuchi,108,Los Angeles Angels,,P,2026,,,,,,,,,,,,,,,,,,,,,,,,,,,,,,,,,,,,,,,,,,,,,,,,,2025
673548,Seiya Suzuki,112,Chicago Cubs,,RF,2026,83.0,70.0,22.0,1.0,0.0,5.0,11.0,1.0,20.0,2.0,0.0,0.0,38.0,9.0,2.0,.314,.422,.543,.965,.378,14.00,339.0,13.0,15.0,651.0,571.0,140.0,31.0,3.0,32.0,71.0,1.0,164.0,1.0,8.0,0.0,273.0,103.0,13.0,.245,.326,.478,.804,.282,17.84,2727.0,98.0,177.0,2025
694025,Felix Reyes,143,Philadelphia Phillies,,LF,2026,21.0,21.0,3.0,0.0,0.0,1.0,0.0,0.0,3.0,0.0,0.0,0.0,6.0,1.0,0.0,.143,.143,.286,.429,.118,21.00,62.0,6.0,9.0,,,,,,,,,,,,,,,,,,,,,,,,,2025
702222,Justin Crawford,143,Philadelphia Phillies,,CF,2026,103.0,93.0,25.0,6.0,2.0,0.0,8.0,0.0,19.0,2.0,0.0,0.0,35.0,6.0,0.0,.269,.340,.376,.716,.338,-.--,361.0,31.0,18.0,,,,,,,,,,,,,,,,,,,,,,,,,2025
669461,Matthew Liberatore,138,St. Louis Cardinals,,P,2026,,,,,,,,,,,,,,,,,,,,,,,,,,,,,,,,,,,,,,,,,,,,,,,,,2025
669467,Andre Pallante,138,St. Louis Cardinals,,P,2026,,,,,,,,,,,,,,,,,,,,,,,,,0.0,0.0,0.0,0.0,0.0,0.0,0.0,0.0,0.0,0.0,0.0,0.0,0.0,0.0,0.0,.000,.000,.000,.000,.---,-.--,0.0,0.0,0.0,2025
624413,Pete Alonso,110,Baltimore Orioles,,1B,2026,138.0,118.0,24.0,7.0,0.0,5.0,19.0,0.0,33.0,1.0,0.0,0.0,46.0,14.0,3.0,.203,.319,.390,.709,.238,23.60,559.0,31.0,30.0,709.0,624.0,170.0,41.0,1.0,38.0,61.0,5.0,162.0,15.0,9.0,0.0,327.0,126.0,23.0,.272,.347,.524,.871,.305,16.42,2807.0,135.0,166.0,2025
677649,Ezequiel Duran,140,Texas Rangers,,LF,2026,69.0,62.0,17.0,5.0,0.0,1.0,6.0,0.0,14.0,0.0,0.0,1.0,25.0,8.0,1.0,.274,.338,.403,.741,.340,62.00,257.0,16.0,16.0,219.0,205.0,46.0,14.0,0.0,0.0,8.0,0.0,55.0,4.0,1.0,1.0,60.0,14.0,3.0,.224,.266,.293,.559,.305,-.--,807.0,42.0,64.0,2025
642851,Austin Wynns,133,Athletics,,C,2026,35.0,32.0,3.0,0.0,0.0,0.0,2.0,0.0,6.0,0.0,0.0,1.0,3.0,0.0,0.0,.094,.147,.094,.241,.115,-.--,126.0,9.0,15.0,110.0,103.0,30.0,8.0,0.0,6.0,5.0,0.0,32.0,0.0,1.0,1.0,56.0,21.0,3.0,.291,.321,.544,.865,.364,17.17,443.0,24.0,19.0,2025
669477,Casey Schmitt,137,San Francisco Giants,,1B,2026,105.0,96.0,29.0,8.0,1.0,4.0,4.0,0.0,19.0,4.0,1.0,0.0,51.0,14.0,2.0,.302,.352,.531,.883,.338,24.00,370.0,18.0,31.0,348.0,312.0,74.0,15.0,0.0,12.0,27.0,1.0,83.0,5.0,3.0,1.0,125.0,40.0,6.0,.237,.305,.401,.706,.282,26.00,1330.0,58.0,101.0,2025
687911,Bryan King,117,Houston Astros,,P,2026,,,,,,,,,,,,,,,,,,,,,,,,,,,,,,,,,,,,,,,,,,,,,,,,,2025
663330,Jahmai Jones,116,Detroit Tigers,,RF,2026,39.0,38.0,8.0,2.0,0.0,2.0,1.0,0.0,13.0,0.0,0.0,0.0,16.0,5.0,2.0,.211,.231,.421,.652,.261,19.00,136.0,8.0,9.0,150.0,129.0,37.0,11.0,1.0,7.0,18.0,1.0,32.0,3.0,0.0,0.0,71.0,23.0,3.0,.287,.387,.550,.937,.333,18.43,595.0,21.0,39.0,2025
624424,Michael Conforto,112,Chicago Cubs,,RF,2026,38.0,30.0,9.0,4.0,0.0,0.0,7.0,0.0,10.0,0.0,1.0,0.0,13.0,5.0,0.0,.300,.421,.433,.854,.429,-.--,149.0,6.0,6.0,486.0,418.0,83.0,20.0,0.0,12.0,56.0,0.0,121.0,9.0,3.0,0.0,139.0,36.0,12.0,.199,.305,.333,.638,.247,34.83,2049.0,103.0,114.0,2025
624428,Adam Frazier,108,Los Angeles Angels,,2B,2026,64.0,55.0,14.0,4.0,1.0,1.0,6.0,0.0,18.0,1.0,0.0,2.0,23.0,5.0,0.0,.255,.339,.418,.757,.361,55.00,247.0,15.0,10.0,459.0,419.0,112.0,20.0,0.0,7.0,26.0,2.0,81.0,8.0,5.0,1.0,153.0,44.0,8.0,.267,.319,.365,.684,.313,59.86,1841.0,104.0,128.0,2025
702273,Noah Schultz,145,Chicago White Sox,,P,2026,,,,,,,,,,,,,,,,,,,,,,,,,,,,,,,,,,,,,,,,,,,,,,,,,2025
663362,Matt Waldron,135,San Diego Padres,,P,2026,,,,,,,,,,,,,,,,,,,,,,,,,,,,,,,,,,,,,,,,,,,,,,,,,2025
696131,Mason Black,118,Kansas City Royals,,P,2026,,,,,,,,,,,,,,,,,,,,,,,,,,,,,,,,,,,,,,,,,,,,,,,,,2025
624431,Jose Trevino,113,Cincinnati Reds,,C,2026,17.0,16.0,2.0,0.0,0.0,0.0,1.0,0.0,4.0,0.0,0.0,0.0,2.0,0.0,0.0,.125,.176,.125,.301,.167,-.--,57.0,6.0,4.0,302.0,282.0,67.0,20.0,0.0,4.0,15.0,0.0,39.0,0.0,4.0,1.0,99.0,22.0,9.0,.238,.272,.351,.623,.259,70.50,1063.0,95.0,86.0,2025
608070,José Ramírez,114,Cleveland Guardians,,3B,2026,143.0,120.0,26.0,7.0,0.0,6.0,23.0,3.0,19.0,0.0,0.0,0.0,51.0,12.0,1.0,.217,.343,.425,.768,.211,20.00,594.0,24.0,51.0,673.0,593.0,168.0,34.0,3.0,30.0,66.0,22.0,74.0,8.0,5.0,0.0,298.0,85.0,9.0,.283,.360,.503,.863,.279,19.77,2666.0,135.0,222.0,2025
667463,John King,146,Miami Marlins,,P,2026,,,,,,,,,,,,,,,,,,,,,,,,,,,,,,,,,,,,,,,,,,,,,,,,,2025
663368,Blake Perkins,158,Milwaukee Brewers,,LF,2026,53.0,46.0,5.0,3.0,0.0,0.0,5.0,0.0,13.0,1.0,0.0,1.0,8.0,5.0,1.0,.109,.212,.174,.386,.152,-.--,213.0,13.0,16.0,171.0,155.0,35.0,6.0,2.0,3.0,15.0,0.0,47.0,1.0,0.0,0.0,54.0,19.0,4.0,.226,.298,.348,.646,.305,51.67,708.0,41.0,32.0,2025
675659,Greg Jones,158,Milwaukee Brewers,,LF,2026,22.0,21.0,2.0,0.0,0.0,0.0,0.0,0.0,9.0,0.0,0.0,1.0,2.0,1.0,0.0,.095,.095,.095,.190,.167,-.--,74.0,7.0,4.0,2.0,2.0,0.0,0.0,0.0,0.0,0.0,0.0,2.0,0.0,0.0,0.0,0.0,0.0,0.0,.000,.000,.000,.000,.---,-.--,9.0,0.0,0.0,2025
675660,Shane Drohan,158,Milwaukee Brewers,,P,2026,,,,,,,,,,,,,,,,,,,,,,,,,,,,,,,,,,,,,,,,,,,,,,,,,2025
702284,Cole Young,136,Seattle Mariners,,2B,2026,130.0,116.0,32.0,4.0,1.0,3.0,11.0,0.0,27.0,2.0,1.0,0.0,47.0,19.0,1.0,.276,.346,.405,.751,.333,38.67,527.0,20.0,38.0,257.0,223.0,47.0,7.0,1.0,4.0,28.0,1.0,47.0,2.0,2.0,2.0,68.0,24.0,4.0,.211,.302,.305,.607,.247,55.75,1034.0,52.0,81.0,2025
667472,Dane Myers,113,Cincinnati Reds,,CF,2026,52.0,42.0,12.0,0.0,0.0,1.0,9.0,0.0,9.0,1.0,0.0,0.0,15.0,4.0,3.0,.286,.423,.357,.780,.344,42.00,221.0,7.0,14.0,333.0,307.0,72.0,10.0,0.0,6.0,23.0,0.0,77.0,2.0,1.0,0.0,100.0,31.0,12.0,.235,.291,.326,.617,.293,51.17,1241.0,78.0,81.0,2025
700241,Michael McGreevy,138,St. Louis Cardinals,,P,2026,,,,,,,,,,,,,,,,,,,,,,,,,,,,,,,,,,,,,,,,,,,,,,,,,2025
681810,Austin Warren,121,New York Mets,,P,2026,,,,,,,,,,,,,,,,,,,,,,,,,,,,,,,,,,,,,,,,,,,,,,,,,2025
696147,Sam Bachman,108,Los Angeles Angels,,P,2026,,,,,,,,,,,,,,,,,,,,,,,,,,,,,,,,,,,,,,,,,,,,,,,,,2025
681807,David Fry,114,Cleveland Guardians,,RF,2026,44.0,36.0,8.0,1.0,0.0,1.0,8.0,0.0,15.0,0.0,0.0,0.0,12.0,1.0,1.0,.222,.364,.333,.697,.350,36.00,206.0,4.0,9.0,157.0,146.0,25.0,4.0,0.0,8.0,9.0,0.0,58.0,2.0,0.0,0.0,53.0,23.0,3.0,.171,.229,.363,.592,.213,18.25,623.0,26.0,37.0,2025
696149,Bubba Chandler,134,Pittsburgh Pirates,,P,2026,,,,,,,,,,,,,,,,,,,,,,,,,,,,,,,,,,,,,,,,,,,,,,,,,2025
687957,Dustin Harris,117,Houston Astros,,LF,2026,46.0,38.0,8.0,1.0,1.0,0.0,6.0,0.0,6.0,1.0,1.0,0.0,11.0,5.0,0.0,.211,.326,.289,.615,.242,-.--,169.0,11.0,14.0,43.0,40.0,8.0,3.0,0.0,1.0,3.0,0.0,13.0,0.0,0.0,0.0,14.0,2.0,1.0,.200,.256,.350,.606,.269,40.00,180.0,9.0,10.0,2025
700249,Cade Povich,110,Baltimore Orioles,,P,2026,,,,,,,,,,,,,,,,,,,,,,,,,,,,,,,,,,,,,,,,,,,,,,,,,2025
702332,Caleb Durbin,111,Boston Red Sox,,3B,2026,114.0,102.0,18.0,6.0,0.0,1.0,10.0,0.0,16.0,2.0,0.0,0.0,27.0,11.0,3.0,.176,.263,.265,.528,.200,102.00,418.0,45.0,23.0,506.0,445.0,114.0,25.0,0.0,11.0,30.0,0.0,50.0,24.0,4.0,3.0,172.0,53.0,10.0,.256,.334,.387,.721,.265,40.46,1838.0,134.0,154.0,2025
700250,Ben Rice,147,New York Yankees,,1B,2026,127.0,103.0,34.0,8.0,0.0,11.0,21.0,2.0,31.0,1.0,2.0,0.0,75.0,26.0,1.0,.330,.441,.728,1.169,.365,9.36,520.0,25.0,15.0,530.0,467.0,119.0,28.0,4.0,26.0,50.0,0.0,100.0,9.0,2.0,0.0,233.0,65.0,18.0,.255,.337,.499,.836,.271,17.96,2047.0,115.0,135.0,2025
657277,Logan Webb,137,San Francisco Giants,,P,2026,,,,,,,,,,,,,,,,,,,,,,,,,,,,,,,,,,,,,,,,,,,,,,,,,2025
681867,Cooper Criswell,136,Seattle Mariners,,P,2026,,,,,,,,,,,,,,,,,,,,,,,,,,,,,,,,,,,,,,,,,,,,,,,,,2025
661388,William Contreras,158,Milwaukee Brewers,,C,2026,129.0,116.0,36.0,7.0,0.0,3.0,13.0,1.0,14.0,0.0,0.0,0.0,52.0,23.0,2.0,.310,.380,.448,.828,.333,38.67,471.0,28.0,38.0,659.0,566.0,147.0,28.0,0.0,17.0,84.0,4.0,120.0,3.0,6.0,0.0,226.0,76.0,14.0,.260,.355,.399,.754,.299,33.29,2556.0,172.0,133.0,2025
663436,Davis Martin,145,Chicago White Sox,,P,2026,,,,,,,,,,,,,,,,,,,,,,,,,,,,,,,,,,,,,,,,,,,,,,,,,2025
665487,Fernando Tatis Jr.,135,San Diego Padres,,RF,2026,135.0,115.0,31.0,4.0,1.0,0.0,14.0,1.0,32.0,1.0,4.0,1.0,37.0,13.0,2.0,.270,.343,.322,.665,.356,-.--,503.0,27.0,30.0,691.0,594.0,159.0,27.0,2.0,25.0,89.0,7.0,129.0,6.0,2.0,0.0,265.0,71.0,6.0,.268,.368,.446,.814,.303,23.76,2636.0,160.0,148.0,2025
681870,Erik Sabrowski,114,Cleveland Guardians,,P,2026,,,,,,,,,,,,,,,,,,,,,,,,,,,,,,,,,,,,,,,,,,,,,,,,,2025
620443,Luis Torrens,121,New York Mets,,C,2026,31.0,30.0,6.0,2.0,0.0,0.0,0.0,0.0,6.0,0.0,0.0,1.0,8.0,4.0,0.0,.200,.200,.267,.467,.250,-.--,118.0,11.0,8.0,283.0,261.0,59.0,14.0,1.0,5.0,19.0,0.0,56.0,2.0,0.0,1.0,90.0,29.0,7.0,.226,.284,.345,.629,.270,52.20,1069.0,89.0,58.0,2025
622491,Luis Castillo,136,Seattle Mariners,,P,2026,,,,,,,,,,,,,,,,,,,,,,,,,,,,,,,,,,,,,,,,,,,,,,,,,2025
681892,Kody Funderburk,142,Minnesota Twins,,P,2026,,,,,,,,,,,,,,,,,,,,,,,,,0.0,0.0,0.0,0.0,0.0,0.0,0.0,0.0,0.0,0.0,0.0,0.0,0.0,0.0,0.0,.000,.000,.000,.000,.---,-.--,0.0,0.0,0.0,2025
665489,Vladimir Guerrero Jr.,141,Toronto Blue Jays,,1B,2026,135.0,117.0,40.0,7.0,0.0,2.0,16.0,3.0,15.0,2.0,0.0,0.0,53.0,15.0,2.0,.342,.430,.453,.883,.380,58.50,472.0,32.0,30.0,680.0,589.0,172.0,34.0,0.0,23.0,81.0,8.0,94.0,6.0,4.0,0.0,275.0,84.0,17.0,.292,.381,.467,.848,.313,25.61,2502.0,179.0,148.0,2025
663460,Kris Bubic,118,Kansas City Royals,,P,2026,,,,,,,,,,,,,,,,,,,,,,,,,,,,,,,,,,,,,,,,,,,,,,,,,2025
679845,Nick Loftin,118,Kansas City Royals,,3B,2026,37.0,31.0,8.0,3.0,0.0,0.0,6.0,0.0,3.0,0.0,0.0,0.0,11.0,7.0,0.0,.258,.378,.355,.733,.286,-.--,140.0,10.0,10.0,188.0,168.0,35.0,9.0,2.0,4.0,14.0,0.0,27.0,3.0,2.0,1.0,60.0,20.0,7.0,.208,.278,.357,.635,.223,42.00,676.0,48.0,61.0,2025
681895,Evan Sisk,134,Pittsburgh Pirates,,P,2026,,,,,,,,,,,,,,,,,,,,,,,,,,,,,,,,,,,,,,,,,,,,,,,,,2025
677800,Wilyer Abreu,111,Boston Red Sox,,RF,2026,130.0,118.0,35.0,6.0,1.0,4.0,12.0,0.0,22.0,0.0,0.0,0.0,55.0,13.0,5.0,.297,.362,.466,.828,.337,29.50,503.0,25.0,36.0,417.0,373.0,92.0,17.0,0.0,22.0,40.0,5.0,101.0,0.0,3.0,1.0,175.0,69.0,8.0,.247,.317,.469,.786,.277,16.96,1600.0,63.0,121.0,2025
683953,Travis Bazzana,114,Cleveland Guardians,,2B,2026,13.0,9.0,0.0,0.0,0.0,0.0,4.0,1.0,3.0,0.0,0.0,0.0,0.0,0.0,0.0,.000,.308,.000,.308,.000,-.--,48.0,3.0,3.0,,,,,,,,,,,,,,,,,,,,,,,,,2025
700337,Edgar Quero,145,Chicago White Sox,,C,2026,83.0,69.0,11.0,1.0,0.0,0.0,9.0,0.0,17.0,2.0,1.0,2.0,12.0,4.0,3.0,.159,.272,.174,.446,.208,-.--,313.0,28.0,16.0,403.0,365.0,98.0,17.0,0.0,5.0,32.0,0.0,71.0,4.0,2.0,0.0,130.0,36.0,8.0,.268,.333,.356,.689,.320,73.00,1583.0,107.0,91.0,2025
669620,Brady Basso,133,Athletics,,P,2026,,,,,,,,,,,,,,,,,,,,,,,,,,,,,,,,,,,,,,,,,,,,,,,,,2025
669622,Anthony Bender,146,Miami Marlins,,P,2026,,,,,,,,,,,,,,,,,,,,,,,,,,,,,,,,,,,,,,,,,,,,,,,,,2025
810938,Ben Williamson,139,Tampa Bay Rays,,2B,2026,92.0,83.0,20.0,5.0,1.0,0.0,8.0,0.0,20.0,0.0,0.0,1.0,27.0,10.0,3.0,.241,.308,.325,.633,.317,-.--,371.0,25.0,19.0,295.0,277.0,70.0,13.0,0.0,1.0,15.0,0.0,64.0,1.0,0.0,2.0,86.0,21.0,5.0,.253,.294,.310,.604,.325,277.00,1216.0,90.0,55.0,2025
663485,Cole Sands,142,Minnesota Twins,,P,2026,,,,,,,,,,,,,,,,,,,,,,,,,,,,,,,,,,,,,,,,,,,,,,,,,2025
694208,Moisés Ballesteros,112,Chicago Cubs,,C,2026,83.0,74.0,24.0,5.0,0.0,5.0,8.0,0.0,13.0,0.0,1.0,0.0,44.0,16.0,0.0,.324,.386,.595,.981,.333,14.80,307.0,18.0,20.0,66.0,57.0,17.0,2.0,1.0,2.0,9.0,1.0,12.0,0.0,0.0,0.0,27.0,11.0,2.0,.298,.394,.474,.868,.349,28.50,249.0,21.0,7.0,2025
681911,Alex Vesia,119,Los Angeles Dodgers,,P,2026,,,,,,,,,,,,,,,,,,,,,,,,,,,,,,,,,,,,,,,,,,,,,,,,,2025
694212,Samuel Basallo,110,Baltimore Orioles,,C,2026,96.0,86.0,20.0,2.0,0.0,5.0,10.0,1.0,25.0,0.0,0.0,0.0,37.0,9.0,0.0,.233,.313,.430,.743,.268,17.20,339.0,18.0,23.0,118.0,109.0,18.0,6.0,0.0,4.0,6.0,0.0,30.0,3.0,0.0,0.0,36.0,15.0,4.0,.165,.229,.330,.559,.187,27.25,443.0,36.0,25.0,2025
679883,Luinder Avila,118,Kansas City Royals,,P,2026,,,,,,,,,,,,,,,,,,,,,,,,,0.0,0.0,0.0,0.0,0.0,0.0,0.0,0.0,0.0,0.0,0.0,0.0,0.0,0.0,0.0,.000,.000,.000,.000,.---,-.--,0.0,0.0,0.0,2025
624585,Jorge Soler,108,Los Angeles Angels,,RF,2026,125.0,106.0,25.0,5.0,0.0,7.0,13.0,0.0,38.0,3.0,3.0,0.0,51.0,25.0,4.0,.236,.328,.481,.809,.281,15.14,524.0,20.0,26.0,315.0,279.0,60.0,12.0,0.0,12.0,28.0,0.0,94.0,4.0,3.0,0.0,108.0,34.0,5.0,.215,.293,.387,.680,.273,23.25,1290.0,61.0,67.0,2025
655316,Andruw Monasterio,111,Boston Red Sox,,SS,2026,48.0,44.0,10.0,4.0,0.0,1.0,4.0,0.0,8.0,0.0,0.0,0.0,17.0,8.0,1.0,.227,.292,.386,.678,.257,44.00,206.0,11.0,15.0,135.0,126.0,34.0,9.0,0.0,4.0,7.0,0.0,32.0,2.0,0.0,0.0,55.0,16.0,1.0,.270,.319,.437,.756,.333,31.50,558.0,19.0,41.0,2025
665561,Rafael Marchán,143,Philadelphia Phillies,,C,2026,54.0,51.0,4.0,0.0,0.0,1.0,1.0,0.0,11.0,2.0,0.0,0.0,7.0,2.0,2.0,.078,.130,.137,.267,.077,51.00,204.0,11.0,25.0,118.0,105.0,22.0,4.0,0.0,2.0,10.0,0.0,17.0,1.0,1.0,1.0,32.0,13.0,1.0,.210,.282,.305,.587,.230,52.50,459.0,41.0,27.0,2025
622554,Seranthony Domínguez,145,Chicago White Sox,,P,2026,,,,,,,,,,,,,,,,,,,,,,,,,0.0,0.0,0.0,0.0,0.0,0.0,0.0,0.0,0.0,0.0,0.0,0.0,0.0,0.0,0.0,.000,.000,.000,.000,.---,-.--,0.0,0.0,0.0,2025
696285,Jacob Young,120,Washington Nationals,,CF,2026,111.0,104.0,25.0,5.0,0.0,2.0,5.0,0.0,20.0,1.0,0.0,1.0,36.0,15.0,1.0,.240,.282,.346,.628,.280,52.00,404.0,28.0,32.0,364.0,324.0,75.0,10.0,1.0,2.0,27.0,0.0,65.0,3.0,1.0,9.0,93.0,31.0,7.0,.231,.296,.287,.583,.283,162.00,1367.0,115.0,79.0,2025
684007,Shota Imanaga,112,Chicago Cubs,,P,2026,,,,,,,,,,,,,,,,,,,,,,,,,,,,,,,,,,,,,,,,,,,,,,,,,2025
815083,Mitch Farris,108,Los Angeles Angels,,P,2026,,,,,,,,,,,,,,,,,,,,,,,,,,,,,,,,,,,,,,,,,,,,,,,,,2025
677865,Justin Bruihl,138,St. Louis Cardinals,,P,2026,,,,,,,,,,,,,,,,,,,,,,,,,,,,,,,,,,,,,,,,,,,,,,,,,2025
606192,Teoscar Hernández,119,Los Angeles Dodgers,,LF,2026,113.0,101.0,24.0,4.0,0.0,4.0,11.0,0.0,32.0,0.0,1.0,0.0,40.0,17.0,4.0,.238,.310,.396,.706,.303,25.25,453.0,20.0,26.0,546.0,511.0,126.0,29.0,1.0,25.0,26.0,0.0,134.0,3.0,5.0,0.0,232.0,89.0,13.0,.247,.284,.454,.738,.283,20.44,2139.0,136.0,120.0,2025
677870,Leo Jiménez,146,Miami Marlins,,2B,2026,17.0,13.0,3.0,0.0,0.0,0.0,3.0,0.0,2.0,1.0,0.0,0.0,3.0,0.0,0.0,.231,.412,.231,.643,.273,-.--,65.0,6.0,2.0,32.0,29.0,2.0,0.0,0.0,1.0,2.0,0.0,8.0,0.0,0.0,1.0,5.0,1.0,1.0,.069,.129,.172,.301,.050,29.00,143.0,10.0,10.0,2025
663538,Nico Hoerner,112,Chicago Cubs,,2B,2026,147.0,128.0,38.0,9.0,0.0,4.0,13.0,0.0,14.0,4.0,2.0,0.0,59.0,26.0,1.0,.297,.374,.461,.835,.304,32.00,536.0,28.0,50.0,649.0,599.0,178.0,29.0,4.0,7.0,39.0,1.0,49.0,7.0,4.0,0.0,236.0,61.0,4.0,.297,.345,.394,.739,.313,85.57,2305.0,179.0,197.0,2025
671732,Lawrence Butler,133,Athletics,,RF,2026,106.0,96.0,17.0,2.0,0.0,3.0,10.0,1.0,28.0,0.0,0.0,0.0,28.0,12.0,3.0,.177,.255,.292,.547,.215,32.00,429.0,30.0,21.0,630.0,569.0,133.0,30.0,2.0,21.0,59.0,0.0,179.0,0.0,0.0,2.0,230.0,63.0,7.0,.234,.306,.404,.710,.304,27.10,2517.0,137.0,122.0,2025
663542,Bryan Hudson,145,Chicago White Sox,,P,2026,,,,,,,,,,,,,,,,,,,,,,,,,,,,,,,,,,,,,,,,,,,,,,,,,2025
602104,Ramón Urías,138,St. Louis Cardinals,,3B,2026,63.0,53.0,9.0,3.0,0.0,2.0,6.0,0.0,12.0,3.0,1.0,0.0,18.0,5.0,1.0,.170,.286,.340,.626,.175,26.50,218.0,16.0,17.0,391.0,352.0,85.0,17.0,0.0,11.0,27.0,0.0,88.0,2.0,10.0,0.0,135.0,44.0,6.0,.241,.292,.384,.676,.281,32.00,1509.0,88.0,101.0,2025
681982,Grant Anderson,158,Milwaukee Brewers,,P,2026,,,,,,,,,,,,,,,,,,,,,,,,,,,,,,,,,,,,,,,,,,,,,,,,,2025
808959,Munetaka Murakami,145,Chicago White Sox,,1B,2026,141.0,113.0,27.0,0.0,0.0,13.0,27.0,3.0,46.0,0.0,1.0,0.0,66.0,26.0,1.0,.239,.383,.584,.967,.255,8.69,606.0,17.0,24.0,,,,,,,,,,,,,,,,,,,,,,,,,2025
671737,Taj Bradley,142,Minnesota Twins,,P,2026,,,,,,,,,,,,,,,,,,,,,,,,,,,,,,,,,,,,,,,,,,,,,,,,,2025
666974,Yennier Cano,110,Baltimore Orioles,,P,2026,,,,,,,,,,,,,,,,,,,,,,,,,0.0,0.0,0.0,0.0,0.0,0.0,0.0,0.0,0.0,0.0,0.0,0.0,0.0,0.0,0.0,.000,.000,.000,.000,.---,-.--,0.0,0.0,0.0,2025
642397,Gregory Soto,134,Pittsburgh Pirates,,P,2026,,,,,,,,,,,,,,,,,,,,,,,,,,,,,,,,,,,,,,,,,,,,,,,,,2025
