batter_id,batter_name,team_id,team_name,batSide,primaryPosition,season,plateAppearances,atBats,hits,doubles,triples,homeRuns,baseOnBalls,intentionalWalks,strikeOuts,hitByPitch,sacFlies,sacBunts,totalBases,rbi,groundIntoDoublePlay,avg,obp,slg,ops,babip,atBatsPerHomeRun,numberOfPitches,groundOuts,airOuts,plateAppearances_prev,atBats_prev,hits_prev,doubles_prev,triples_prev,homeRuns_prev,baseOnBalls_prev,intentionalWalks_prev,strikeOuts_prev,hitByPitch_prev,sacFlies_prev,sacBunts_prev,totalBases_prev,rbi_prev,groundIntoDoublePlay_prev,avg_prev,obp_prev,slg_prev,ops_prev,babip_prev,atBatsPerHomeRun_prev,numberOfPitches_prev,groundOuts_prev,airOuts_prev,season_prev
808963,Roki Sasaki,119,Los Angeles Dodgers,,P,2026,,,,,,,,,,,,,,,,,,,,,,,,,,,,,,,,,,,,,,,,,,,,,,,,,2025
663554,Casey Mize,116,Detroit Tigers,,P,2026,,,,,,,,,,,,,,,,,,,,,,,,,,,,,,,,,,,,,,,,,,,,,,,,,2025
624641,Edmundo Sosa,143,Philadelphia Phillies,,2B,2026,124.0,115.0,27.0,4.0,1.0,4.0,3.0,0.0,27.0,3.0,2.0,0.0,45.0,18.0,2.0,.235,.268,.391,.659,.267,28.75,468.0,32.0,31.0,261.0,243.0,67.0,12.0,1.0,11.0,10.0,0.0,56.0,2.0,2.0,3.0,114.0,39.0,7.0,.276,.307,.469,.776,.315,22.09,942.0,67.0,58.0,2025
663556,Shane McClanahan,139,Tampa Bay Rays,,P,2026,,,,,,,,,,,,,,,,,,,,,,,,,,,,,,,,,,,,,,,,,,,,,,,,,2025
808967,Yoshinobu Yamamoto,119,Los Angeles Dodgers,,P,2026,,,,,,,,,,,,,,,,,,,,,,,,,,,,,,,,,,,,,,,,,,,,,,,,,2025
675848,Juan Mejia,115,Colorado Rockies,,P,2026,,,,,,,,,,,,,,,,,,,,,,,,,0.0,0.0,0.0,0.0,0.0,0.0,0.0,0.0,0.0,0.0,0.0,0.0,0.0,0.0,0.0,.000,.000,.000,.000,.---,-.--,0.0,0.0,0.0,2025
681987,Nate Eaton,111,Boston Red Sox,,OF,2026,7.0,6.0,0.0,0.0,0.0,0.0,1.0,0.0,2.0,0.0,0.0,0.0,0.0,0.0,0.0,.000,.143,.000,.143,.000,-.--,34.0,2.0,2.0,90.0,81.0,24.0,4.0,0.0,1.0,6.0,0.0,19.0,1.0,1.0,1.0,31.0,4.0,1.0,.296,.348,.383,.731,.371,81.00,338.0,17.0,23.0,2025
595978,Austin Hedges,114,Cleveland Guardians,,C,2026,114.0,100.0,26.0,6.0,0.0,1.0,10.0,0.0,19.0,0.0,1.0,3.0,35.0,9.0,3.0,.260,.324,.350,.674,.309,100.00,448.0,36.0,23.0,180.0,155.0,25.0,3.0,0.0,5.0,18.0,0.0,43.0,1.0,2.0,4.0,43.0,10.0,2.0,.161,.250,.277,.527,.183,31.00,696.0,35.0,58.0,2025
657424,Matt Gage,137,San Francisco Giants,,P,2026,,,,,,,,,,,,,,,,,,,,,,,,,,,,,,,,,,,,,,,,,,,,,,,,,2025
669707,Jared Triolo,134,Pittsburgh Pirates,,SS,2026,148.0,133.0,31.0,5.0,0.0,0.0,11.0,0.0,38.0,2.0,0.0,1.0,36.0,8.0,4.0,.233,.301,.271,.572,.326,-.--,587.0,37.0,28.0,376.0,331.0,75.0,18.0,2.0,7.0,39.0,1.0,76.0,2.0,1.0,3.0,118.0,24.0,4.0,.227,.311,.356,.667,.273,47.29,1454.0,81.0,103.0,2025
663567,Peter Lambert,117,Houston Astros,,P,2026,,,,,,,,,,,,,,,,,,,,,,,,,,,,,,,,,,,,,,,,,,,,,,,,,2025
663568,Stephen Kolek,118,Kansas City Royals,,P,2026,,,,,,,,,,,,,,,,,,,,,,,,,,,,,,,,,,,,,,,,,,,,,,,,,2025
684049,Brandan Bidois,134,Pittsburgh Pirates,,P,2026,,,,,,,,,,,,,,,,,,,,,,,,,,,,,,,,,,,,,,,,,,,,,,,,,2025
663574,Tony Santillan,113,Cincinnati Reds,,P,2026,,,,,,,,,,,,,,,,,,,,,,,,,,,,,,,,,,,,,,,,,,,,,,,,,2025
669711,Greg Weissert,111,Boston Red Sox,,P,2026,,,,,,,,,,,,,,,,,,,,,,,,,,,,,,,,,,,,,,,,,,,,,,,,,2025
622608,Antonio Senzatela,115,Colorado Rockies,,P,2026,,,,,,,,,,,,,,,,,,,,,,,,,,,,,,,,,,,,,,,,,,,,,,,,,2025
665622,Luis Medina,133,Athletics,,P,2026,,,,,,,,,,,,,,,,,,,,,,,,,,,,,,,,,,,,,,,,,,,,,,,,,2025
808982,Jung Hoo Lee,137,San Francisco Giants,,RF,2026,277.0,260.0,86.0,18.0,2.0,4.0,11.0,0.0,26.0,3.0,3.0,0.0,120.0,26.0,3.0,.331,.361,.462,.823,.352,65.00,1026.0,75.0,76.0,617.0,560.0,149.0,31.0,12.0,8.0,47.0,0.0,71.0,6.0,4.0,0.0,228.0,55.0,2.0,.266,.327,.407,.734,.291,70.00,2351.0,182.0,162.0,2025
663586,Austin Riley,144,Atlanta Braves,,3B,2026,304.0,271.0,57.0,12.0,1.0,8.0,25.0,0.0,87.0,6.0,2.0,0.0,95.0,36.0,6.0,.210,.289,.351,.640,.275,33.88,1224.0,53.0,76.0,447.0,416.0,108.0,20.0,1.0,16.0,27.0,1.0,128.0,3.0,1.0,0.0,178.0,54.0,9.0,.260,.309,.428,.737,.337,26.00,1791.0,69.0,112.0,2025
669743,Alex Call,119,Los Angeles Dodgers,,LF,2026,109.0,91.0,23.0,5.0,0.0,0.0,14.0,0.0,17.0,3.0,1.0,0.0,28.0,14.0,2.0,.253,.367,.308,.675,.307,-.--,483.0,26.0,26.0,322.0,270.0,72.0,13.0,2.0,5.0,36.0,0.0,55.0,6.0,4.0,6.0,104.0,31.0,6.0,.267,.361,.385,.746,.313,54.00,1314.0,80.0,73.0,2025
663611,Nick Madrigal,108,Los Angeles Angels,,3B,2026,52.0,44.0,12.0,1.0,0.0,0.0,7.0,0.0,3.0,1.0,0.0,0.0,13.0,2.0,1.0,.273,.385,.295,.680,.293,-.--,208.0,15.0,14.0,,,,,,,,,,,,,,,,,,,,,,,,,2025
665660,Elvis Alvarado,133,Athletics,,P,2026,,,,,,,,,,,,,,,,,,,,,,,,,0.0,0.0,0.0,0.0,0.0,0.0,0.0,0.0,0.0,0.0,0.0,0.0,0.0,0.0,0.0,.000,.000,.000,.000,.---,-.--,0.0,0.0,0.0,2025
677942,Blaze Alexander,110,Baltimore Orioles,,3B,2026,184.0,165.0,50.0,11.0,1.0,2.0,11.0,1.0,41.0,3.0,1.0,2.0,69.0,21.0,5.0,.303,.356,.418,.774,.390,82.50,689.0,45.0,32.0,266.0,230.0,53.0,12.0,1.0,7.0,22.0,0.0,86.0,10.0,1.0,3.0,88.0,28.0,5.0,.230,.323,.383,.706,.333,32.86,1042.0,54.0,41.0,2025
677944,Slade Cecconi,114,Cleveland Guardians,,P,2026,,,,,,,,,,,,,,,,,,,,,,,,,,,,,,,,,,,,,,,,,,,,,,,,,2025
677955,Jaden Hill,115,Colorado Rockies,,P,2026,,,,,,,,,,,,,,,,,,,,,,,,,,,,,,,,,,,,,,,,,,,,,,,,,2025
677951,Bobby Witt Jr.,118,Kansas City Royals,,SS,2026,337.0,299.0,88.0,19.0,1.0,10.0,35.0,3.0,57.0,1.0,2.0,0.0,139.0,32.0,6.0,.294,.368,.465,.833,.333,29.90,1242.0,57.0,99.0,687.0,623.0,184.0,47.0,6.0,23.0,49.0,8.0,125.0,8.0,7.0,0.0,312.0,88.0,7.0,.295,.351,.501,.852,.334,27.09,2511.0,124.0,197.0,2025
677952,Braxton Ashcraft,134,Pittsburgh Pirates,,P,2026,,,,,,,,,,,,,,,,,,,,,,,,,,,,,,,,,,,,,,,,,,,,,,,,,2025
694335,Matt Svanson,138,St. Louis Cardinals,,P,2026,,,,,,,,,,,,,,,,,,,,,,,,,,,,,,,,,,,,,,,,,,,,,,,,,2025
677960,Ryan Weathers,147,New York Yankees,,P,2026,,,,,,,,,,,,,,,,,,,,,,,,,,,,,,,,,,,,,,,,,,,,,,,,,2025
675916,James Karinchak,144,Atlanta Braves,,P,2026,,,,,,,,,,,,,,,,,,,,,,,,,,,,,,,,,,,,,,,,,,,,,,,,,2025
608324,Alex Bregman,112,Chicago Cubs,,3B,2026,347.0,300.0,75.0,10.0,1.0,6.0,38.0,2.0,55.0,6.0,3.0,0.0,105.0,25.0,9.0,.250,.343,.350,.693,.285,50.00,1382.0,69.0,104.0,495.0,433.0,118.0,28.0,0.0,18.0,51.0,3.0,70.0,9.0,2.0,0.0,200.0,62.0,12.0,.273,.360,.462,.822,.288,24.06,1947.0,101.0,146.0,2025
694346,Trey Gibson,110,Baltimore Orioles,,P,2026,,,,,,,,,,,,,,,,,,,,,,,,,,,,,,,,,,,,,,,,,,,,,,,,,2025
694361,Will Klein,119,Los Angeles Dodgers,,P,2026,,,,,,,,,,,,,,,,,,,,,,,,,,,,,,,,,,,,,,,,,,,,,,,,,2025
694360,Beck Way,118,Kansas City Royals,,P,2026,,,,,,,,,,,,,,,,,,,,,,,,,,,,,,,,,,,,,,,,,,,,,,,,,2025
694362,Blake Dunn,113,Cincinnati Reds,,RF,2026,135.0,124.0,35.0,6.0,1.0,2.0,9.0,0.0,28.0,2.0,0.0,0.0,49.0,5.0,2.0,.282,.341,.395,.736,.351,62.00,466.0,29.0,32.0,75.0,60.0,9.0,2.0,0.0,1.0,8.0,0.0,25.0,7.0,0.0,0.0,14.0,7.0,1.0,.150,.320,.233,.553,.235,60.00,318.0,19.0,7.0,2025
608348,Carson Kelly,112,Chicago Cubs,,C,2026,199.0,177.0,50.0,7.0,0.0,4.0,19.0,0.0,34.0,3.0,0.0,0.0,69.0,26.0,3.0,.282,.362,.390,.752,.331,44.25,751.0,40.0,53.0,421.0,369.0,92.0,13.0,1.0,17.0,45.0,0.0,80.0,3.0,4.0,0.0,158.0,50.0,11.0,.249,.333,.428,.761,.272,21.71,1667.0,88.0,113.0,2025
663656,Kyle Tucker,119,Los Angeles Dodgers,,RF,2026,313.0,269.0,64.0,16.0,2.0,6.0,39.0,0.0,65.0,2.0,3.0,0.0,102.0,40.0,0.0,.238,.335,.379,.714,.289,44.83,1240.0,62.0,81.0,597.0,500.0,133.0,25.0,4.0,22.0,87.0,7.0,88.0,4.0,3.0,1.0,232.0,73.0,8.0,.266,.377,.464,.841,.282,22.73,2306.0,114.0,169.0,2025
657514,Brennan Bernardino,115,Colorado Rockies,,P,2026,,,,,,,,,,,,,,,,,,,,,,,,,0.0,0.0,0.0,0.0,0.0,0.0,0.0,0.0,0.0,0.0,0.0,0.0,0.0,0.0,0.0,.000,.000,.000,.000,.---,-.--,0.0,0.0,0.0,2025
694378,Jacob Gonzalez,145,Chicago White Sox,,1B,2026,51.0,44.0,8.0,0.0,0.0,1.0,5.0,0.0,15.0,2.0,0.0,0.0,11.0,5.0,0.0,.182,.294,.250,.544,.250,44.00,217.0,9.0,12.0,,,,,,,,,,,,,,,,,,,,,,,,,2025
667755,José Soriano,108,Los Angeles Angels,,P,2026,,,,,,,,,,,,,,,,,,,,,,,,,,,,,,,,,,,,,,,,,,,,,,,,,2025
594027,Tyron Guerrero,111,Boston Red Sox,,P,2026,,,,,,,,,,,,,,,,,,,,,,,,,,,,,,,,,,,,,,,,,,,,,,,,,2025
694384,Nolan Schanuel,108,Los Angeles Angels,,1B,2026,247.0,222.0,56.0,13.0,0.0,5.0,18.0,0.0,39.0,5.0,2.0,0.0,84.0,28.0,8.0,.252,.320,.378,.698,.283,44.40,969.0,72.0,57.0,564.0,488.0,129.0,23.0,1.0,12.0,59.0,4.0,71.0,10.0,4.0,3.0,190.0,53.0,10.0,.264,.353,.389,.742,.286,40.67,2150.0,139.0,156.0,2025
608372,Tomoyuki Sugano,115,Colorado Rockies,,P,2026,,,,,,,,,,,,,,,,,,,,,,,,,,,,,,,,,,,,,,,,,,,,,,,,,2025
694388,Joey Loperfido,117,Houston Astros,,LF,2026,90.0,76.0,19.0,7.0,0.0,0.0,12.0,1.0,22.0,1.0,1.0,0.0,26.0,7.0,1.0,.250,.356,.342,.698,.345,-.--,358.0,21.0,15.0,104.0,96.0,32.0,4.0,0.0,4.0,4.0,0.0,27.0,3.0,0.0,1.0,48.0,14.0,2.0,.333,.379,.500,.879,.431,24.00,376.0,20.0,18.0,2025
675961,Alika Williams,133,Athletics,,SS,2026,48.0,45.0,13.0,5.0,0.0,1.0,2.0,0.0,13.0,0.0,0.0,1.0,21.0,5.0,1.0,.289,.319,.467,.786,.387,45.00,189.0,11.0,9.0,,,,,,,,,,,,,,,,,,,,,,,,,2025
608379,Michael Wacha,118,Kansas City Royals,,P,2026,,,,,,,,,,,,,,,,,,,,,,,,,,,,,,,,,,,,,,,,,,,,,,,,,2025
678011,Anthony Seigler,111,Boston Red Sox,,2B,2026,8.0,7.0,2.0,1.0,0.0,0.0,1.0,0.0,3.0,0.0,0.0,0.0,3.0,0.0,0.0,.286,.375,.429,.804,.500,-.--,30.0,1.0,1.0,73.0,62.0,12.0,1.0,0.0,0.0,8.0,0.0,16.0,1.0,1.0,1.0,13.0,5.0,2.0,.194,.292,.210,.502,.255,-.--,276.0,19.0,17.0,2025
678022,Jack Perkins,133,Athletics,,P,2026,0.0,0.0,0.0,0.0,0.0,0.0,0.0,0.0,0.0,0.0,0.0,0.0,0.0,0.0,0.0,.000,.000,.000,.000,.---,-.--,0.0,0.0,0.0,,,,,,,,,,,,,,,,,,,,,,,,,2025
663687,Hogan Harris,133,Athletics,,P,2026,,,,,,,,,,,,,,,,,,,,,,,,,,,,,,,,,,,,,,,,,,,,,,,,,2025
682120,Tim Herrin,114,Cleveland Guardians,,P,2026,,,,,,,,,,,,,,,,,,,,,,,,,0.0,0.0,0.0,0.0,0.0,0.0,0.0,0.0,0.0,0.0,0.0,0.0,0.0,0.0,0.0,.000,.000,.000,.000,.---,-.--,0.0,0.0,0.0,2025
686218,Emmet Sheehan,119,Los Angeles Dodgers,,P,2026,,,,,,,,,,,,,,,,,,,,,,,,,,,,,,,,,,,,,,,,,,,,,,,,,2025
686217,Sal Frelick,158,Milwaukee Brewers,,RF,2026,249.0,217.0,50.0,9.0,0.0,3.0,23.0,1.0,25.0,1.0,3.0,0.0,68.0,27.0,4.0,.230,.303,.313,.616,.245,72.33,959.0,84.0,61.0,594.0,528.0,152.0,20.0,3.0,12.0,47.0,0.0,80.0,7.0,5.0,3.0,214.0,63.0,4.0,.288,.351,.405,.756,.317,44.00,2311.0,153.0,151.0,2025
647304,Josh Naylor,136,Seattle Mariners,,1B,2026,308.0,281.0,71.0,9.0,0.0,8.0,23.0,2.0,40.0,2.0,1.0,0.0,104.0,33.0,11.0,.253,.313,.370,.683,.269,35.12,1009.0,84.0,87.0,604.0,543.0,160.0,29.0,1.0,20.0,48.0,4.0,83.0,4.0,5.0,0.0,251.0,92.0,17.0,.295,.353,.462,.815,.315,27.15,2013.0,158.0,147.0,2025
645261,Sandy Alcantara,146,Miami Marlins,,P,2026,,,,,,,,,,,,,,,,,,,,,,,,,,,,,,,,,,,,,,,,,,,,,,,,,2025
665742,Juan Soto,121,New York Mets,,LF,2026,253.0,216.0,65.0,7.0,1.0,17.0,35.0,6.0,33.0,0.0,1.0,0.0,125.0,38.0,3.0,.301,.397,.579,.976,.287,12.71,966.0,57.0,62.0,715.0,577.0,152.0,20.0,1.0,43.0,127.0,13.0,137.0,3.0,6.0,1.0,303.0,105.0,17.0,.263,.396,.525,.921,.270,13.42,2968.0,156.0,139.0,2025
643217,Andrew Benintendi,145,Chicago White Sox,,DH,2026,234.0,211.0,50.0,10.0,2.0,9.0,19.0,0.0,62.0,0.0,3.0,1.0,91.0,37.0,3.0,.237,.296,.431,.727,.287,23.44,893.0,43.0,60.0,470.0,420.0,101.0,16.0,2.0,20.0,40.0,2.0,82.0,3.0,6.0,0.0,181.0,63.0,5.0,.240,.307,.431,.738,.250,21.00,1721.0,88.0,155.0,2025
663698,Joey Bart,144,Atlanta Braves,,C,2026,65.0,61.0,15.0,1.0,0.0,2.0,2.0,0.0,21.0,1.0,1.0,0.0,22.0,6.0,0.0,.246,.277,.361,.638,.333,30.50,253.0,9.0,17.0,332.0,285.0,71.0,12.0,1.0,4.0,40.0,0.0,93.0,7.0,0.0,0.0,97.0,30.0,14.0,.249,.355,.340,.695,.356,71.25,1345.0,72.0,49.0,2025
665750,Leody Taveras,110,Baltimore Orioles,,CF,2026,236.0,204.0,52.0,9.0,4.0,2.0,23.0,0.0,55.0,1.0,1.0,7.0,75.0,29.0,1.0,.255,.332,.368,.700,.338,102.00,920.0,43.0,62.0,180.0,171.0,35.0,6.0,1.0,3.0,5.0,0.0,50.0,0.0,1.0,3.0,52.0,17.0,0.0,.205,.226,.304,.530,.269,57.00,693.0,33.0,57.0,2025
596117,Garrett Stubbs,143,Philadelphia Phillies,,C,2026,28.0,24.0,4.0,0.0,0.0,0.0,1.0,0.0,5.0,2.0,1.0,0.0,4.0,1.0,0.0,.167,.250,.167,.417,.200,-.--,98.0,9.0,7.0,1.0,1.0,0.0,0.0,0.0,0.0,0.0,0.0,0.0,0.0,0.0,0.0,0.0,0.0,0.0,.000,.000,.000,.000,.000,-.--,4.0,1.0,0.0,2025
702616,Jackson Holliday,110,Baltimore Orioles,,2B,2026,98.0,85.0,17.0,2.0,1.0,4.0,11.0,0.0,29.0,0.0,2.0,0.0,33.0,12.0,1.0,.200,.286,.388,.674,.241,21.25,383.0,16.0,25.0,649.0,586.0,142.0,21.0,3.0,17.0,56.0,1.0,140.0,6.0,1.0,0.0,220.0,55.0,4.0,.242,.314,.375,.689,.291,34.47,2450.0,167.0,138.0,2025
645277,Ozzie Albies,144,Atlanta Braves,,2B,2026,322.0,289.0,82.0,13.0,0.0,12.0,22.0,0.0,38.0,4.0,7.0,0.0,131.0,40.0,3.0,.284,.335,.453,.788,.285,24.08,1148.0,71.0,105.0,667.0,603.0,145.0,23.0,2.0,16.0,55.0,2.0,94.0,4.0,5.0,0.0,220.0,74.0,9.0,.240,.306,.365,.671,.259,37.69,2402.0,146.0,223.0,2025
657571,Caleb Ferguson,113,Cincinnati Reds,,P,2026,,,,,,,,,,,,,,,,,,,,,,,,,,,,,,,,,,,,,,,,,,,,,,,,,2025
596133,Luke Weaver,121,New York Mets,,P,2026,0.0,0.0,0.0,0.0,0.0,0.0,0.0,0.0,0.0,0.0,0.0,0.0,0.0,0.0,0.0,.000,.000,.000,.000,.---,-.--,0.0,0.0,0.0,,,,,,,,,,,,,,,,,,,,,,,,,2025
542888,Shawn Armstrong,114,Cleveland Guardians,,P,2026,,,,,,,,,,,,,,,,,,,,,,,,,0.0,0.0,0.0,0.0,0.0,0.0,0.0,0.0,0.0,0.0,0.0,0.0,0.0,0.0,0.0,.000,.000,.000,.000,.---,-.--,0.0,0.0,0.0,2025
622761,Jorge Mateo,144,Atlanta Braves,,SS,2026,107.0,101.0,28.0,5.0,0.0,4.0,6.0,0.0,31.0,0.0,0.0,0.0,45.0,11.0,2.0,.277,.318,.446,.764,.364,25.25,421.0,19.0,23.0,83.0,79.0,14.0,4.0,0.0,1.0,4.0,0.0,30.0,0.0,0.0,0.0,21.0,3.0,1.0,.177,.217,.266,.483,.271,79.00,336.0,17.0,18.0,2025
596142,Gary Sánchez,158,Milwaukee Brewers,,C,2026,145.0,117.0,26.0,4.0,1.0,7.0,25.0,0.0,28.0,2.0,1.0,0.0,53.0,21.0,5.0,.222,.366,.453,.819,.229,16.71,608.0,29.0,35.0,101.0,91.0,21.0,2.0,0.0,5.0,4.0,0.0,27.0,5.0,1.0,0.0,38.0,24.0,2.0,.231,.297,.418,.715,.267,18.20,415.0,21.0,23.0,2025
663728,Cal Raleigh,136,Seattle Mariners,,C,2026,201.0,175.0,29.0,4.0,0.0,7.0,24.0,0.0,63.0,0.0,2.0,0.0,54.0,20.0,4.0,.166,.264,.309,.573,.206,25.00,889.0,26.0,59.0,705.0,596.0,147.0,24.0,0.0,60.0,97.0,17.0,188.0,9.0,3.0,0.0,351.0,125.0,6.0,.247,.359,.589,.948,.248,9.93,2833.0,79.0,185.0,2025
671922,Cade Smith,114,Cleveland Guardians,,P,2026,0.0,0.0,0.0,0.0,0.0,0.0,0.0,0.0,0.0,0.0,0.0,0.0,0.0,0.0,0.0,.000,.000,.000,.000,.---,-.--,0.0,0.0,0.0,,,,,,,,,,,,,,,,,,,,,,,,,2025
645302,Victor Robles,136,Seattle Mariners,,RF,2026,57.0,55.0,14.0,2.0,0.0,0.0,2.0,0.0,8.0,0.0,0.0,0.0,16.0,2.0,4.0,.255,.281,.291,.572,.298,-.--,199.0,17.0,16.0,114.0,106.0,26.0,4.0,1.0,1.0,3.0,0.0,26.0,3.0,2.0,0.0,35.0,9.0,3.0,.245,.281,.330,.611,.309,106.00,375.0,29.0,27.0,2025
645305,Ali Sánchez,147,New York Yankees,,C,2026,17.0,16.0,5.0,1.0,0.0,0.0,1.0,0.0,6.0,0.0,0.0,0.0,6.0,2.0,0.0,.313,.353,.375,.728,.500,-.--,56.0,3.0,2.0,23.0,23.0,5.0,2.0,0.0,0.0,0.0,0.0,6.0,0.0,0.0,0.0,7.0,0.0,1.0,.217,.217,.304,.521,.294,-.--,80.0,6.0,6.0,2025
663738,Daniel Lynch IV,118,Kansas City Royals,,P,2026,,,,,,,,,,,,,,,,,,,,,,,,,0.0,0.0,0.0,0.0,0.0,0.0,0.0,0.0,0.0,0.0,0.0,0.0,0.0,0.0,0.0,.000,.000,.000,.000,.---,-.--,0.0,0.0,0.0,2025
571578,Patrick Corbin,141,Toronto Blue Jays,,P,2026,,,,,,,,,,,,,,,,,,,,,,,,,,,,,,,,,,,,,,,,,,,,,,,,,2025
663743,Nick Fortes,139,Tampa Bay Rays,,C,2026,182.0,168.0,43.0,10.0,0.0,1.0,5.0,0.0,22.0,6.0,1.0,2.0,56.0,14.0,6.0,.256,.300,.333,.633,.288,168.00,629.0,58.0,48.0,242.0,218.0,50.0,9.0,1.0,5.0,14.0,0.0,47.0,7.0,1.0,2.0,76.0,21.0,7.0,.229,.296,.349,.645,.269,43.60,915.0,59.0,65.0,2025
682177,Daniel Schneemann,114,Cleveland Guardians,,CF,2026,213.0,193.0,42.0,9.0,0.0,6.0,20.0,0.0,65.0,0.0,0.0,0.0,69.0,26.0,4.0,.218,.291,.358,.649,.295,32.17,854.0,43.0,43.0,422.0,379.0,78.0,18.0,1.0,12.0,38.0,1.0,117.0,3.0,1.0,1.0,134.0,41.0,4.0,.206,.283,.354,.637,.263,31.58,1668.0,96.0,90.0,2025
803011,Sam Antonacci,145,Chicago White Sox,,LF,2026,226.0,191.0,56.0,10.0,2.0,4.0,16.0,0.0,35.0,16.0,1.0,2.0,82.0,19.0,1.0,.293,.393,.429,.822,.340,47.75,896.0,63.0,40.0,,,,,,,,,,,,,,,,,,,,,,,,,2025
665795,Edward Cabrera,112,Chicago Cubs,,P,2026,,,,,,,,,,,,,,,,,,,,,,,,,,,,,,,,,,,,,,,,,,,,,,,,,2025
696519,Samy Natera Jr.,108,Los Angeles Angels,,P,2026,,,,,,,,,,,,,,,,,,,,,,,,,,,,,,,,,,,,,,,,,,,,,,,,,2025
669899,Ryan Ward,119,Los Angeles Dodgers,,LF,2026,51.0,46.0,11.0,4.0,0.0,3.0,5.0,0.0,16.0,0.0,0.0,0.0,24.0,11.0,2.0,.239,.314,.522,.836,.296,15.33,209.0,11.0,8.0,,,,,,,,,,,,,,,,,,,,,,,,,2025
657612,Tim Hill,147,New York Yankees,,P,2026,,,,,,,,,,,,,,,,,,,,,,,,,,,,,,,,,,,,,,,,,,,,,,,,,2025
694477,Chad Patrick,158,Milwaukee Brewers,,P,2026,0.0,0.0,0.0,0.0,0.0,0.0,0.0,0.0,0.0,0.0,0.0,0.0,0.0,0.0,0.0,.000,.000,.000,.000,.---,-.--,0.0,0.0,0.0,,,,,,,,,,,,,,,,,,,,,,,,,2025
665804,Miguel Amaya,112,Chicago Cubs,,C,2026,125.0,102.0,23.0,5.0,0.0,3.0,15.0,0.0,25.0,6.0,0.0,1.0,37.0,10.0,5.0,.225,.358,.363,.721,.270,34.00,525.0,25.0,30.0,103.0,96.0,27.0,9.0,0.0,4.0,4.0,0.0,22.0,1.0,1.0,1.0,48.0,25.0,0.0,.281,.314,.500,.814,.324,24.00,385.0,22.0,27.0,2025
643289,Mauricio Dubón,144,Atlanta Braves,,SS,2026,285.0,263.0,67.0,13.0,2.0,7.0,19.0,0.0,43.0,2.0,0.0,0.0,105.0,42.0,4.0,.255,.310,.399,.709,.282,37.57,1066.0,69.0,84.0,398.0,369.0,89.0,21.0,0.0,7.0,24.0,0.0,42.0,1.0,1.0,3.0,131.0,33.0,12.0,.241,.289,.355,.644,.255,52.71,1346.0,110.0,132.0,2025
663767,Chase Shugart,143,Philadelphia Phillies,,P,2026,,,,,,,,,,,,,,,,,,,,,,,,,,,,,,,,,,,,,,,,,,,,,,,,,2025
669923,George Kirby,136,Seattle Mariners,,P,2026,,,,,,,,,,,,,,,,,,,,,,,,,,,,,,,,,,,,,,,,,,,,,,,,,2025
671976,Tristan Peters,145,Chicago White Sox,,CF,2026,210.0,187.0,53.0,15.0,2.0,3.0,16.0,0.0,40.0,3.0,0.0,4.0,81.0,22.0,0.0,.283,.350,.433,.783,.347,62.33,786.0,51.0,47.0,12.0,12.0,0.0,0.0,0.0,0.0,0.0,0.0,7.0,0.0,0.0,0.0,0.0,0.0,0.0,.000,.000,.000,.000,.000,-.--,46.0,1.0,4.0,2025
694514,Sterlin Thompson,115,Colorado Rockies,,RF,2026,75.0,67.0,16.0,4.0,0.0,2.0,5.0,0.0,20.0,3.0,0.0,0.0,26.0,9.0,3.0,.239,.320,.388,.708,.311,33.50,304.0,17.0,14.0,,,,,,,,,,,,,,,,,,,,,,,,,2025
700669,Gordon Graceffo,138,St. Louis Cardinals,,P,2026,,,,,,,,,,,,,,,,,,,,,,,,,,,,,,,,,,,,,,,,,,,,,,,,,2025
805123,AJ Blubaugh,117,Houston Astros,,P,2026,,,,,,,,,,,,,,,,,,,,,,,,,,,,,,,,,,,,,,,,,,,,,,,,,2025
682243,Bryce Miller,136,Seattle Mariners,,P,2026,,,,,,,,,,,,,,,,,,,,,,,,,,,,,,,,,,,,,,,,,,,,,,,,,2025
665862,Jazz Chisholm Jr.,147,New York Yankees,,2B,2026,293.0,257.0,58.0,10.0,2.0,11.0,33.0,0.0,82.0,1.0,2.0,0.0,105.0,31.0,2.0,.226,.314,.409,.723,.283,23.36,1203.0,55.0,64.0,531.0,462.0,112.0,15.0,1.0,31.0,58.0,1.0,148.0,6.0,4.0,1.0,222.0,80.0,3.0,.242,.332,.481,.813,.282,14.90,2138.0,90.0,117.0,2025
676106,Emerson Hancock,136,Seattle Mariners,,P,2026,,,,,,,,,,,,,,,,,,,,,,,,,0.0,0.0,0.0,0.0,0.0,0.0,0.0,0.0,0.0,0.0,0.0,0.0,0.0,0.0,0.0,.000,.000,.000,.000,.---,-.--,0.0,0.0,0.0,2025
682254,Mason Montgomery,134,Pittsburgh Pirates,,P,2026,,,,,,,,,,,,,,,,,,,,,,,,,,,,,,,,,,,,,,,,,,,,,,,,,2025
665871,Javier Assad,112,Chicago Cubs,,P,2026,,,,,,,,,,,,,,,,,,,,,,,,,,,,,,,,,,,,,,,,,,,,,,,,,2025
665877,José Fermín,138,St. Louis Cardinals,,LF,2026,115.0,105.0,28.0,5.0,0.0,2.0,8.0,0.0,17.0,0.0,1.0,0.0,39.0,14.0,4.0,.267,.316,.371,.687,.299,52.50,479.0,26.0,35.0,70.0,60.0,17.0,5.0,0.0,1.0,8.0,0.0,10.0,1.0,0.0,1.0,25.0,9.0,0.0,.283,.377,.417,.794,.327,60.00,271.0,16.0,18.0,2025
592155,Cam Booser,139,Tampa Bay Rays,,P,2026,,,,,,,,,,,,,,,,,,,,,,,,,,,,,,,,,,,,,,,,,,,,,,,,,2025
663837,Matt Vierling,116,Detroit Tigers,,CF,2026,208.0,187.0,37.0,10.0,1.0,5.0,17.0,0.0,35.0,0.0,4.0,0.0,64.0,25.0,4.0,.198,.260,.342,.602,.212,37.40,806.0,52.0,67.0,100.0,88.0,21.0,3.0,0.0,1.0,7.0,0.0,24.0,3.0,2.0,0.0,27.0,11.0,1.0,.239,.310,.307,.617,.308,88.00,436.0,16.0,29.0,2025
813349,Connelly Early,111,Boston Red Sox,,P,2026,,,,,,,,,,,,,,,,,,,,,,,,,,,,,,,,,,,,,,,,,,,,,,,,,2025
700712,Walbert Ureña,108,Los Angeles Angels,,P,2026,,,,,,,,,,,,,,,,,,,,,,,,,,,,,,,,,,,,,,,,,,,,,,,,,2025
663855,Jordan Hicks,145,Chicago White Sox,,P,2026,,,,,,,,,,,,,,,,,,,,,,,,,,,,,,,,,,,,,,,,,,,,,,,,,2025
643377,Griffin Jax,139,Tampa Bay Rays,,P,2026,,,,,,,,,,,,,,,,,,,,,,,,,0.0,0.0,0.0,0.0,0.0,0.0,0.0,0.0,0.0,0.0,0.0,0.0,0.0,0.0,0.0,.000,.000,.000,.000,.---,-.--,0.0,0.0,0.0,2025
641329,Bryan Baker,139,Tampa Bay Rays,,P,2026,,,,,,,,,,,,,,,,,,,,,,,,,0.0,0.0,0.0,0.0,0.0,0.0,0.0,0.0,0.0,0.0,0.0,0.0,0.0,0.0,0.0,.000,.000,.000,.000,.---,-.--,0.0,0.0,0.0,2025
543037,Gerrit Cole,147,New York Yankees,,P,2026,,,,,,,,,,,,,,,,,,,,,,,,,,,,,,,,,,,,,,,,,,,,,,,,,2025
641343,Jake Bauers,158,Milwaukee Brewers,,1B,2026,258.0,221.0,59.0,12.0,0.0,13.0,34.0,3.0,62.0,3.0,0.0,0.0,110.0,46.0,3.0,.267,.372,.498,.870,.315,17.00,1061.0,55.0,45.0,218.0,183.0,43.0,9.0,0.0,7.0,32.0,1.0,59.0,2.0,1.0,0.0,73.0,28.0,1.0,.235,.353,.399,.752,.305,26.14,895.0,35.0,47.0,2025
665923,Esteury Ruiz,146,Miami Marlins,,RF,2026,84.0,70.0,18.0,7.0,1.0,4.0,8.0,0.0,24.0,4.0,1.0,0.0,39.0,9.0,0.0,.257,.361,.557,.918,.326,17.50,341.0,9.0,20.0,23.0,21.0,4.0,0.0,0.0,1.0,2.0,0.0,8.0,0.0,0.0,0.0,7.0,2.0,0.0,.190,.261,.333,.594,.250,21.00,88.0,5.0,4.0,2025
663878,Nate Pearson,117,Houston Astros,,P,2026,,,,,,,,,,,,,,,,,,,,,,,,,,,,,,,,,,,,,,,,,,,,,,,,,2025
665926,Andrés Giménez,141,Toronto Blue Jays,,SS,2026,260.0,241.0,56.0,11.0,1.0,7.0,8.0,0.0,52.0,7.0,3.0,1.0,90.0,33.0,5.0,.232,.274,.373,.647,.265,34.43,954.0,77.0,60.0,369.0,329.0,69.0,11.0,1.0,7.0,25.0,0.0,66.0,11.0,3.0,1.0,103.0,35.0,8.0,.210,.285,.313,.598,.239,47.00,1452.0,97.0,101.0,2025
678218,Brandon Valenzuela,141,Toronto Blue Jays,,C,2026,157.0,138.0,36.0,6.0,0.0,7.0,17.0,0.0,37.0,0.0,1.0,1.0,63.0,19.0,1.0,.261,.340,.457,.797,.305,19.71,631.0,30.0,37.0,,,,,,,,,,,,,,,,,,,,,,,,,2025
641355,Cody Bellinger,147,New York Yankees,,LF,2026,320.0,272.0,75.0,15.0,3.0,11.0,43.0,0.0,41.0,0.0,5.0,0.0,129.0,49.0,2.0,.276,.369,.474,.843,.284,24.73,1198.0,63.0,98.0,656.0,588.0,160.0,25.0,5.0,29.0,57.0,1.0,90.0,2.0,9.0,0.0,282.0,98.0,8.0,.272,.334,.480,.814,.274,20.28,2594.0,122.0,225.0,2025
663886,Tyler Stephenson,113,Cincinnati Reds,,C,2026,207.0,181.0,38.0,7.0,0.0,5.0,24.0,0.0,57.0,0.0,2.0,0.0,60.0,19.0,4.0,.210,.300,.331,.631,.273,36.20,819.0,29.0,59.0,342.0,299.0,69.0,18.0,0.0,13.0,37.0,1.0,116.0,2.0,4.0,0.0,126.0,50.0,4.0,.231,.316,.421,.737,.322,23.00,1389.0,57.0,61.0,2025
543056,Danny Coulombe,111,Boston Red Sox,,P,2026,,,,,,,,,,,,,,,,,,,,,,,,,,,,,,,,,,,,,,,,,,,,,,,,,2025
670036,Matt Festa,114,Cleveland Guardians,,P,2026,,,,,,,,,,,,,,,,,,,,,,,,,0.0,0.0,0.0,0.0,0.0,0.0,0.0,0.0,0.0,0.0,0.0,0.0,0.0,0.0,0.0,.000,.000,.000,.000,.---,-.--,0.0,0.0,0.0,2025
670042,Luke Raley,136,Seattle Mariners,,RF,2026,211.0,192.0,46.0,6.0,1.0,14.0,11.0,1.0,68.0,6.0,0.0,2.0,96.0,35.0,0.0,.240,.301,.500,.801,.291,13.71,815.0,36.0,44.0,219.0,183.0,37.0,8.0,0.0,4.0,19.0,0.0,64.0,13.0,1.0,3.0,57.0,19.0,2.0,.202,.319,.311,.630,.284,45.75,831.0,53.0,33.0,2025
657756,Connor Seabold,118,Kansas City Royals,,P,2026,,,,,,,,,,,,,,,,,,,,,,,,,0.0,0.0,0.0,0.0,0.0,0.0,0.0,0.0,0.0,0.0,0.0,0.0,0.0,0.0,0.0,.000,.000,.000,.000,.---,-.--,0.0,0.0,0.0,2025
665953,Andrés Chaparro,120,Washington Nationals,,1B,2026,41.0,32.0,6.0,3.0,0.0,0.0,9.0,0.0,8.0,0.0,0.0,0.0,9.0,5.0,1.0,.188,.366,.281,.647,.250,-.--,169.0,10.0,8.0,73.0,66.0,12.0,2.0,0.0,1.0,5.0,0.0,22.0,1.0,1.0,0.0,17.0,5.0,0.0,.182,.247,.258,.505,.250,66.00,282.0,15.0,18.0,2025
663903,Brady Singer,113,Cincinnati Reds,,P,2026,,,,,,,,,,,,,,,,,,,,,,,,,,,,,,,,,,,,,,,,,,,,,,,,,2025
678246,Miguel Vargas,145,Chicago White Sox,,3B,2026,323.0,270.0,64.0,12.0,1.0,16.0,45.0,1.0,55.0,5.0,2.0,0.0,126.0,44.0,4.0,.237,.354,.467,.821,.239,16.88,1281.0,53.0,100.0,569.0,504.0,118.0,32.0,2.0,16.0,56.0,0.0,100.0,6.0,3.0,0.0,202.0,60.0,9.0,.234,.316,.401,.717,.261,31.50,2323.0,91.0,198.0,2025
670059,Colin Holderman,114,Cleveland Guardians,,P,2026,,,,,,,,,,,,,,,,,,,,,,,,,,,,,,,,,,,,,,,,,,,,,,,,,2025
547179,Michael Lorenzen,115,Colorado Rockies,,P,2026,,,,,,,,,,,,,,,,,,,,,,,,,,,,,,,,,,,,,,,,,,,,,,,,,2025
547180,Bryce Harper,143,Philadelphia Phillies,,1B,2026,316.0,263.0,68.0,13.0,2.0,16.0,48.0,2.0,59.0,0.0,5.0,0.0,133.0,43.0,8.0,.259,.367,.506,.873,.269,16.44,1223.0,71.0,70.0,580.0,501.0,131.0,32.0,0.0,27.0,70.0,6.0,121.0,6.0,3.0,0.0,244.0,75.0,5.0,.261,.357,.487,.844,.292,18.56,2172.0,127.0,125.0,2025
665966,Carlos Narváez,111,Boston Red Sox,,C,2026,142.0,127.0,25.0,5.0,0.0,2.0,11.0,0.0,45.0,2.0,1.0,1.0,36.0,4.0,5.0,.197,.270,.283,.553,.284,63.50,588.0,27.0,32.0,446.0,403.0,97.0,27.0,0.0,15.0,38.0,0.0,111.0,1.0,2.0,2.0,169.0,50.0,12.0,.241,.306,.419,.725,.294,26.87,1829.0,98.0,101.0,2025
801139,Payton Tolle,111,Boston Red Sox,,P,2026,,,,,,,,,,,,,,,,,,,,,,,,,,,,,,,,,,,,,,,,,,,,,,,,,2025
643446,Jeff McNeil,133,Athletics,,2B,2026,248.0,221.0,52.0,10.0,0.0,3.0,21.0,1.0,34.0,3.0,2.0,1.0,71.0,19.0,6.0,.235,.308,.321,.629,.263,73.67,916.0,66.0,72.0,462.0,399.0,97.0,21.0,5.0,12.0,49.0,4.0,55.0,8.0,4.0,2.0,164.0,54.0,5.0,.243,.335,.411,.746,.253,33.25,1718.0,109.0,144.0,2025
686452,Drew Millas,120,Washington Nationals,,C,2026,123.0,107.0,20.0,4.0,0.0,2.0,10.0,0.0,27.0,2.0,0.0,2.0,30.0,9.0,0.0,.187,.269,.280,.549,.231,53.50,459.0,35.0,27.0,55.0,49.0,15.0,5.0,1.0,0.0,4.0,0.0,7.0,0.0,0.0,1.0,22.0,7.0,0.0,.306,.358,.449,.807,.357,-.--,209.0,16.0,12.0,2025
694646,Chayce McDermott,119,Los Angeles Dodgers,,P,2026,,,,,,,,,,,,,,,,,,,,,,,,,,,,,,,,,,,,,,,,,,,,,,,,,2025
663941,Tristan Beck,137,San Francisco Giants,,P,2026,,,,,,,,,,,,,,,,,,,,,,,,,,,,,,,,,,,,,,,,,,,,,,,,,2025
686475,Tyler Tolbert,118,Kansas City Royals,,2B,2026,25.0,21.0,4.0,0.0,0.0,0.0,3.0,0.0,9.0,0.0,1.0,0.0,4.0,1.0,2.0,.190,.280,.190,.470,.308,-.--,92.0,7.0,2.0,57.0,50.0,14.0,2.0,0.0,1.0,1.0,0.0,11.0,3.0,2.0,1.0,19.0,6.0,1.0,.280,.321,.380,.701,.325,50.00,189.0,10.0,18.0,2025
663947,Tyler Holton,116,Detroit Tigers,,P,2026,,,,,,,,,,,,,,,,,,,,,,,,,,,,,,,,,,,,,,,,,,,,,,,,,2025
670097,Zack Short,121,New York Mets,,SS,2026,55.0,44.0,7.0,2.0,0.0,0.0,7.0,0.0,17.0,1.0,2.0,1.0,9.0,2.0,0.0,.159,.278,.205,.483,.241,-.--,245.0,4.0,19.0,56.0,50.0,11.0,2.0,0.0,2.0,4.0,0.0,18.0,1.0,0.0,1.0,19.0,7.0,0.0,.220,.291,.380,.671,.300,25.00,252.0,9.0,13.0,2025
676254,Ryan Walker,137,San Francisco Giants,,P,2026,,,,,,,,,,,,,,,,,,,,,,,,,0.0,0.0,0.0,0.0,0.0,0.0,0.0,0.0,0.0,0.0,0.0,0.0,0.0,0.0,0.0,.000,.000,.000,.000,.---,-.--,0.0,0.0,0.0,2025
663969,Tyler Phillips,146,Miami Marlins,,P,2026,,,,,,,,,,,,,,,,,,,,,,,,,,,,,,,,,,,,,,,,,,,,,,,,,2025
663968,Jake Mangum,134,Pittsburgh Pirates,,LF,2026,172.0,156.0,46.0,6.0,0.0,1.0,10.0,1.0,29.0,2.0,1.0,3.0,55.0,12.0,4.0,.295,.343,.353,.696,.354,156.00,631.0,56.0,29.0,428.0,405.0,120.0,18.0,1.0,3.0,19.0,0.0,64.0,2.0,1.0,1.0,149.0,40.0,4.0,.296,.330,.368,.698,.345,135.00,1442.0,138.0,85.0,2025
666018,Jonathan Aranda,139,Tampa Bay Rays,,1B,2026,315.0,262.0,72.0,10.0,0.0,12.0,42.0,3.0,74.0,5.0,6.0,0.0,118.0,51.0,7.0,.275,.378,.450,.828,.330,21.83,1250.0,58.0,64.0,422.0,370.0,117.0,22.0,0.0,14.0,41.0,3.0,107.0,8.0,3.0,0.0,181.0,59.0,9.0,.316,.393,.489,.882,.409,26.43,1717.0,64.0,85.0,2025
676263,Jack Dreyer,119,Los Angeles Dodgers,,P,2026,0.0,0.0,0.0,0.0,0.0,0.0,0.0,0.0,0.0,0.0,0.0,0.0,0.0,0.0,0.0,.000,.000,.000,.000,.---,-.--,0.0,0.0,0.0,,,,,,,,,,,,,,,,,,,,,,,,,2025
663978,Chris Paddack,113,Cincinnati Reds,,P,2026,,,,,,,,,,,,,,,,,,,,,,,,,,,,,,,,,,,,,,,,,,,,,,,,,2025
805300,Jakob Marsee,146,Miami Marlins,,CF,2026,311.0,260.0,54.0,10.0,3.0,4.0,41.0,0.0,74.0,7.0,1.0,2.0,82.0,19.0,1.0,.208,.330,.315,.645,.273,65.00,1239.0,56.0,79.0,234.0,209.0,61.0,18.0,3.0,5.0,22.0,0.0,48.0,2.0,1.0,0.0,100.0,33.0,2.0,.292,.363,.478,.841,.357,41.80,881.0,52.0,49.0,2025
643511,Tyler Rogers,141,Toronto Blue Jays,,P,2026,,,,,,,,,,,,,,,,,,,,,,,,,0.0,0.0,0.0,0.0,0.0,0.0,0.0,0.0,0.0,0.0,0.0,0.0,0.0,0.0,0.0,.000,.000,.000,.000,.---,-.--,0.0,0.0,0.0,2025
663992,Richard Lovelady,120,Washington Nationals,,P,2026,,,,,,,,,,,,,,,,,,,,,,,,,,,,,,,,,,,,,,,,,,,,,,,,,2025
663993,Nathaniel Lowe,113,Cincinnati Reds,,DH,2026,187.0,164.0,43.0,11.0,0.0,9.0,23.0,1.0,45.0,0.0,0.0,0.0,81.0,25.0,1.0,.262,.353,.494,.847,.309,18.22,789.0,40.0,36.0,609.0,540.0,123.0,23.0,3.0,18.0,62.0,2.0,159.0,2.0,5.0,0.0,206.0,84.0,6.0,.228,.307,.381,.688,.285,30.00,2607.0,130.0,133.0,2025
518585,Fernando Cruz,147,New York Yankees,,P,2026,,,,,,,,,,,,,,,,,,,,,,,,,,,,,,,,,,,,,,,,,,,,,,,,,2025
676282,Joey Cantillo,114,Cleveland Guardians,,P,2026,,,,,,,,,,,,,,,,,,,,,,,,,,,,,,,,,,,,,,,,,,,,,,,,,2025
575929,Willson Contreras,111,Boston Red Sox,,1B,2026,300.0,255.0,73.0,11.0,2.0,16.0,28.0,1.0,78.0,14.0,3.0,0.0,136.0,44.0,6.0,.286,.383,.533,.916,.348,15.94,1156.0,50.0,57.0,563.0,490.0,126.0,31.0,1.0,20.0,44.0,1.0,142.0,23.0,4.0,1.0,219.0,80.0,15.0,.257,.344,.447,.791,.319,24.50,2160.0,112.0,115.0,2025
608701,Rob Refsnyder,136,Seattle Mariners,,DH,2026,112.0,98.0,13.0,0.0,0.0,3.0,7.0,0.0,31.0,3.0,3.0,1.0,22.0,9.0,1.0,.133,.207,.224,.431,.149,32.67,444.0,25.0,33.0,209.0,182.0,49.0,12.0,0.0,9.0,24.0,1.0,54.0,1.0,2.0,0.0,88.0,30.0,6.0,.269,.354,.484,.838,.331,20.22,887.0,43.0,38.0,2025
686527,Dominic Canzone,136,Seattle Mariners,,DH,2026,198.0,175.0,49.0,12.0,1.0,11.0,18.0,0.0,39.0,3.0,2.0,0.0,96.0,31.0,1.0,.280,.354,.549,.903,.299,15.91,738.0,43.0,46.0,269.0,243.0,73.0,11.0,0.0,11.0,20.0,0.0,59.0,3.0,2.0,0.0,117.0,32.0,6.0,.300,.358,.481,.839,.354,22.09,1028.0,55.0,59.0,2025
694728,Brice Matthews,117,Houston Astros,,CF,2026,189.0,175.0,36.0,5.0,1.0,6.0,12.0,0.0,60.0,0.0,1.0,1.0,61.0,18.0,3.0,.206,.255,.349,.604,.273,29.17,776.0,41.0,40.0,47.0,42.0,7.0,0.0,0.0,4.0,2.0,0.0,20.0,1.0,0.0,2.0,19.0,9.0,0.0,.167,.222,.452,.674,.167,10.50,179.0,7.0,10.0,2025
592332,Kevin Gausman,141,Toronto Blue Jays,,P,2026,,,,,,,,,,,,,,,,,,,,,,,,,,,,,,,,,,,,,,,,,,,,,,,,,2025
608718,Brent Suter,108,Los Angeles Angels,,P,2026,,,,,,,,,,,,,,,,,,,,,,,,,,,,,,,,,,,,,,,,,,,,,,,,,2025
641487,J.P. Crawford,136,Seattle Mariners,,SS,2026,250.0,207.0,45.0,5.0,0.0,10.0,37.0,0.0,47.0,5.0,1.0,0.0,80.0,23.0,3.0,.217,.348,.386,.734,.232,20.70,1045.0,58.0,58.0,654.0,570.0,151.0,24.0,0.0,12.0,74.0,1.0,122.0,3.0,1.0,6.0,211.0,58.0,11.0,.265,.352,.370,.722,.318,47.50,2731.0,155.0,149.0,2025
694738,Landen Roupp,137,San Francisco Giants,,P,2026,,,,,,,,,,,,,,,,,,,,,,,,,,,,,,,,,,,,,,,,,,,,,,,,,2025
670167,John Schreiber,118,Kansas City Royals,,P,2026,,,,,,,,,,,,,,,,,,,,,,,,,0.0,0.0,0.0,0.0,0.0,0.0,0.0,0.0,0.0,0.0,0.0,0.0,0.0,0.0,0.0,.000,.000,.000,.000,.---,-.--,0.0,0.0,0.0,2025
664023,Ian Happ,112,Chicago Cubs,,LF,2026,323.0,276.0,63.0,14.0,2.0,16.0,43.0,3.0,101.0,3.0,1.0,0.0,129.0,37.0,7.0,.228,.337,.467,.804,.294,17.25,1319.0,50.0,63.0,663.0,569.0,138.0,32.0,0.0,23.0,87.0,2.0,151.0,2.0,5.0,0.0,239.0,79.0,8.0,.243,.342,.420,.762,.288,24.74,2717.0,120.0,165.0,2025
686555,Isaac Collins,118,Kansas City Royals,,LF,2026,254.0,212.0,48.0,11.0,0.0,3.0,32.0,0.0,61.0,5.0,2.0,3.0,68.0,23.0,3.0,.226,.339,.321,.660,.300,70.67,973.0,42.0,66.0,441.0,372.0,98.0,22.0,3.0,9.0,57.0,0.0,93.0,6.0,3.0,3.0,153.0,54.0,8.0,.263,.368,.411,.779,.326,41.33,1792.0,91.0,96.0,2025
621020,Dansby Swanson,112,Chicago Cubs,,SS,2026,282.0,240.0,44.0,8.0,1.0,8.0,37.0,0.0,66.0,1.0,3.0,1.0,78.0,31.0,2.0,.183,.292,.325,.617,.213,30.00,1139.0,62.0,72.0,645.0,590.0,144.0,24.0,3.0,24.0,47.0,1.0,168.0,2.0,5.0,1.0,246.0,77.0,9.0,.244,.300,.417,.717,.298,24.58,2521.0,137.0,147.0,2025
664040,Brandon Lowe,134,Pittsburgh Pirates,,2B,2026,312.0,274.0,67.0,18.0,1.0,18.0,33.0,0.0,81.0,2.0,3.0,0.0,141.0,49.0,3.0,.245,.327,.515,.842,.275,15.22,1262.0,56.0,73.0,553.0,507.0,130.0,19.0,0.0,31.0,38.0,1.0,149.0,2.0,6.0,0.0,242.0,83.0,6.0,.256,.307,.477,.784,.297,16.36,2146.0,107.0,127.0,2025
686580,Justin Slaten,111,Boston Red Sox,,P,2026,,,,,,,,,,,,,,,,,,,,,,,,,,,,,,,,,,,,,,,,,,,,,,,,,2025
805367,Chase Meidroth,145,Chicago White Sox,,2B,2026,309.0,273.0,75.0,14.0,0.0,6.0,27.0,0.0,73.0,2.0,2.0,4.0,107.0,25.0,4.0,.275,.342,.392,.734,.352,45.50,1268.0,81.0,50.0,505.0,450.0,114.0,15.0,0.0,5.0,45.0,0.0,72.0,6.0,1.0,3.0,144.0,23.0,14.0,.253,.329,.320,.649,.291,90.00,2057.0,149.0,119.0,2025
678391,Jorbit Vivas,120,Washington Nationals,,3B,2026,158.0,136.0,34.0,7.0,0.0,1.0,13.0,0.0,21.0,4.0,2.0,2.0,44.0,10.0,3.0,.250,.329,.324,.653,.284,136.00,551.0,40.0,45.0,66.0,56.0,9.0,2.0,0.0,1.0,5.0,0.0,13.0,3.0,0.0,0.0,14.0,5.0,0.0,.161,.266,.250,.516,.190,56.00,246.0,17.0,17.0,2025
688642,Zach Agnos,115,Colorado Rockies,,P,2026,,,,,,,,,,,,,,,,,,,,,,,,,0.0,0.0,0.0,0.0,0.0,0.0,0.0,0.0,0.0,0.0,0.0,0.0,0.0,0.0,0.0,.000,.000,.000,.000,.---,-.--,0.0,0.0,0.0,2025
700932,Kyle Manzardo,114,Cleveland Guardians,,1B,2026,235.0,206.0,49.0,7.0,1.0,9.0,24.0,0.0,76.0,4.0,1.0,0.0,85.0,26.0,4.0,.238,.328,.413,.741,.328,22.89,978.0,35.0,47.0,531.0,470.0,110.0,19.0,2.0,27.0,48.0,2.0,135.0,8.0,5.0,0.0,214.0,70.0,7.0,.234,.313,.455,.768,.265,17.41,2018.0,82.0,148.0,2025
676356,Jonny DeLuca,139,Tampa Bay Rays,,RF,2026,129.0,123.0,33.0,11.0,0.0,3.0,5.0,0.0,27.0,0.0,0.0,1.0,53.0,20.0,5.0,.268,.297,.431,.728,.323,41.00,478.0,28.0,36.0,59.0,57.0,19.0,1.0,3.0,0.0,2.0,0.0,13.0,0.0,0.0,0.0,26.0,4.0,0.0,.333,.356,.456,.812,.432,-.--,224.0,10.0,15.0,2025
543243,Sonny Gray,111,Boston Red Sox,,P,2026,,,,,,,,,,,,,,,,,,,,,,,,,,,,,,,,,,,,,,,,,,,,,,,,,2025
664076,Garrett Cleavinger,139,Tampa Bay Rays,,P,2026,,,,,,,,,,,,,,,,,,,,,,,,,,,,,,,,,,,,,,,,,,,,,,,,,2025
666126,Carlos Cortes,133,Athletics,,RF,2026,205.0,180.0,50.0,9.0,1.0,6.0,21.0,0.0,23.0,3.0,1.0,0.0,79.0,22.0,8.0,.278,.361,.439,.800,.289,30.00,839.0,59.0,49.0,99.0,94.0,29.0,8.0,1.0,4.0,3.0,0.0,20.0,0.0,2.0,0.0,51.0,14.0,3.0,.309,.323,.543,.866,.347,23.50,375.0,24.0,23.0,2025
670224,Kameron Misner,118,Kansas City Royals,,CF,2026,17.0,16.0,6.0,0.0,0.0,0.0,1.0,0.0,6.0,0.0,0.0,0.0,6.0,3.0,0.0,.375,.412,.375,.787,.600,-.--,76.0,0.0,4.0,217.0,197.0,42.0,9.0,1.0,5.0,16.0,0.0,69.0,1.0,2.0,1.0,68.0,22.0,1.0,.213,.273,.345,.618,.296,39.40,916.0,41.0,48.0,2025
676369,Nelson Velázquez,138,St. Louis Cardinals,,OF,2026,35.0,31.0,10.0,2.0,0.0,2.0,3.0,0.0,9.0,1.0,0.0,0.0,18.0,6.0,0.0,.323,.400,.581,.981,.400,15.50,131.0,6.0,6.0,,,,,,,,,,,,,,,,,,,,,,,,,2025
621074,Michael Rucker,136,Seattle Mariners,,P,2026,,,,,,,,,,,,,,,,,,,,,,,,,,,,,,,,,,,,,,,,,,,,,,,,,2025
672275,Patrick Bailey,114,Cleveland Guardians,,C,2026,154.0,143.0,26.0,3.0,1.0,2.0,10.0,0.0,40.0,0.0,1.0,0.0,37.0,10.0,5.0,.182,.234,.259,.493,.235,71.50,630.0,39.0,39.0,452.0,409.0,91.0,18.0,3.0,6.0,30.0,0.0,133.0,3.0,6.0,4.0,133.0,55.0,7.0,.222,.277,.325,.602,.308,68.17,1724.0,82.0,113.0,2025
686611,Dylan Crews,120,Washington Nationals,,RF,2026,106.0,101.0,20.0,2.0,0.0,5.0,2.0,0.0,19.0,3.0,0.0,0.0,37.0,15.0,2.0,.198,.236,.366,.602,.195,20.20,357.0,28.0,34.0,322.0,293.0,61.0,8.0,2.0,10.0,24.0,0.0,76.0,5.0,0.0,0.0,103.0,27.0,4.0,.208,.280,.352,.632,.246,29.30,1150.0,80.0,76.0,2025
686613,Hunter Brown,117,Houston Astros,,P,2026,,,,,,,,,,,,,,,,,,,,,,,,,,,,,,,,,,,,,,,,,,,,,,,,,2025
571927,Steven Matz,139,Tampa Bay Rays,,P,2026,,,,,,,,,,,,,,,,,,,,,,,,,,,,,,,,,,,,,,,,,,,,,,,,,2025
670231,John Rave,118,Kansas City Royals,,RF,2026,9.0,6.0,3.0,1.0,1.0,1.0,3.0,0.0,1.0,0.0,0.0,0.0,9.0,1.0,0.0,.500,.667,1.500,2.167,.500,6.00,41.0,0.0,2.0,175.0,153.0,30.0,5.0,0.0,4.0,18.0,0.0,46.0,1.0,1.0,2.0,47.0,14.0,1.0,.196,.283,.307,.590,.250,38.25,749.0,48.0,32.0,2025
672279,Michael Siani,110,Baltimore Orioles,,CF,2026,,,,,,,,,,,,,,,,,,,,,,,,,19.0,17.0,4.0,0.0,0.0,0.0,2.0,0.0,7.0,0.0,0.0,0.0,4.0,0.0,0.0,.235,.316,.235,.551,.400,-.--,69.0,4.0,2.0,2025
680474,Max Schuemann,147,New York Yankees,,SS,2026,36.0,27.0,6.0,4.0,0.0,0.0,9.0,0.0,8.0,0.0,0.0,0.0,10.0,3.0,0.0,.222,.417,.370,.787,.316,-.--,163.0,6.0,7.0,213.0,183.0,36.0,4.0,2.0,2.0,22.0,0.0,35.0,4.0,1.0,3.0,50.0,13.0,6.0,.197,.295,.273,.568,.231,91.50,838.0,56.0,60.0,2025
672282,Reid Detmers,108,Los Angeles Angels,,P,2026,,,,,,,,,,,,,,,,,,,,,,,,,,,,,,,,,,,,,,,,,,,,,,,,,2025
694819,Jacob Misiorowski,158,Milwaukee Brewers,,P,2026,,,,,,,,,,,,,,,,,,,,,,,,,,,,,,,,,,,,,,,,,,,,,,,,,2025
518692,Freddie Freeman,119,Los Angeles Dodgers,,1B,2026,324.0,279.0,76.0,17.0,1.0,12.0,39.0,1.0,53.0,3.0,3.0,0.0,131.0,40.0,11.0,.272,.364,.470,.834,.295,23.25,1343.0,77.0,76.0,627.0,556.0,164.0,39.0,2.0,24.0,60.0,7.0,128.0,6.0,5.0,0.0,279.0,90.0,13.0,.295,.367,.502,.869,.342,23.17,2382.0,128.0,141.0,2025
676391,Ernie Clement,141,Toronto Blue Jays,,2B,2026,302.0,291.0,85.0,20.0,1.0,7.0,9.0,0.0,32.0,0.0,2.0,0.0,128.0,28.0,5.0,.292,.311,.440,.751,.307,41.57,902.0,69.0,107.0,588.0,545.0,151.0,35.0,2.0,9.0,27.0,1.0,61.0,4.0,5.0,7.0,217.0,50.0,13.0,.277,.313,.398,.711,.296,60.56,1871.0,129.0,216.0,2025
670245,Ryan Watson,111,Boston Red Sox,,P,2026,,,,,,,,,,,,,,,,,,,,,,,,,,,,,,,,,,,,,,,,,,,,,,,,,2025
571945,Miles Mikolas,120,Washington Nationals,,P,2026,,,,,,,,,,,,,,,,,,,,,,,,,,,,,,,,,,,,,,,,,,,,,,,,,2025
666152,David Hamilton,158,Milwaukee Brewers,,SS,2026,204.0,174.0,40.0,4.0,1.0,3.0,20.0,0.0,43.0,1.0,0.0,8.0,55.0,11.0,1.0,.230,.313,.316,.629,.289,58.00,794.0,50.0,49.0,194.0,177.0,35.0,4.0,1.0,6.0,13.0,0.0,47.0,1.0,0.0,3.0,59.0,19.0,3.0,.198,.257,.333,.590,.234,29.50,742.0,44.0,54.0,2025
621097,Jacob Waguespack,116,Detroit Tigers,,P,2026,,,,,,,,,,,,,,,,,,,,,,,,,,,,,,,,,,,,,,,,,,,,,,,,,2025
571948,Hoby Milner,112,Chicago Cubs,,P,2026,,,,,,,,,,,,,,,,,,,,,,,,,0.0,0.0,0.0,0.0,0.0,0.0,0.0,0.0,0.0,0.0,0.0,0.0,0.0,0.0,0.0,.000,.000,.000,.000,.---,-.--,0.0,0.0,0.0,2025
666157,Nick Lodolo,113,Cincinnati Reds,,P,2026,,,,,,,,,,,,,,,,,,,,,,,,,,,,,,,,,,,,,,,,,,,,,,,,,2025
805427,Drew Sommers,116,Detroit Tigers,,P,2026,,,,,,,,,,,,,,,,,,,,,,,,,,,,,,,,,,,,,,,,,,,,,,,,,2025
621112,Paul Blackburn,147,New York Yankees,,P,2026,0.0,0.0,0.0,0.0,0.0,0.0,0.0,0.0,0.0,0.0,0.0,0.0,0.0,0.0,0.0,.000,.000,.000,.000,.---,-.--,0.0,0.0,0.0,,,,,,,,,,,,,,,,,,,,,,,,,2025
545341,Randal Grichuk,145,Chicago White Sox,,DH,2026,110.0,103.0,27.0,7.0,0.0,7.0,5.0,0.0,27.0,1.0,1.0,0.0,55.0,20.0,2.0,.262,.300,.534,.834,.286,14.71,405.0,22.0,28.0,293.0,272.0,62.0,18.0,1.0,9.0,17.0,1.0,61.0,1.0,3.0,0.0,109.0,27.0,6.0,.228,.273,.401,.674,.259,30.22,1077.0,68.0,84.0,2025
666171,Ryan Zeferjahn,108,Los Angeles Angels,,P,2026,,,,,,,,,,,,,,,,,,,,,,,,,,,,,,,,,,,,,,,,,,,,,,,,,2025
664126,Pete Fairbanks,146,Miami Marlins,,P,2026,0.0,0.0,0.0,0.0,0.0,0.0,0.0,0.0,0.0,0.0,0.0,0.0,0.0,0.0,0.0,.000,.000,.000,.000,.---,-.--,0.0,0.0,0.0,,,,,,,,,,,,,,,,,,,,,,,,,2025
641598,Mitch Garver,136,Seattle Mariners,,C,2026,112.0,95.0,18.0,2.0,0.0,3.0,17.0,0.0,36.0,0.0,0.0,0.0,29.0,11.0,0.0,.189,.313,.305,.618,.268,31.67,478.0,15.0,26.0,290.0,254.0,53.0,5.0,1.0,9.0,30.0,1.0,80.0,3.0,3.0,0.0,87.0,30.0,6.0,.209,.297,.343,.640,.262,28.22,1166.0,47.0,77.0,2025
666176,Jo Adell,108,Los Angeles Angels,,RF,2026,328.0,306.0,77.0,14.0,0.0,10.0,10.0,0.0,75.0,10.0,2.0,0.0,121.0,41.0,6.0,.252,.296,.395,.691,.300,30.60,1272.0,68.0,88.0,573.0,526.0,124.0,18.0,1.0,37.0,33.0,0.0,151.0,10.0,1.0,0.0,255.0,98.0,10.0,.236,.293,.485,.778,.257,14.22,2220.0,111.0,141.0,2025
623168,Tyler Heineman,108,Los Angeles Angels,,C,2026,91.0,81.0,14.0,2.0,0.0,1.0,3.0,0.0,19.0,3.0,0.0,4.0,19.0,6.0,2.0,.173,.230,.235,.465,.213,81.00,339.0,32.0,20.0,174.0,149.0,43.0,8.0,1.0,3.0,12.0,0.0,31.0,6.0,2.0,5.0,62.0,20.0,1.0,.289,.361,.416,.777,.342,49.67,627.0,30.0,52.0,2025
664129,Geoff Hartlieb,133,Athletics,,P,2026,,,,,,,,,,,,,,,,,,,,,,,,,,,,,,,,,,,,,,,,,,,,,,,,,2025
571970,Max Muncy,119,Los Angeles Dodgers,,3B,2026,265.0,227.0,60.0,9.0,0.0,16.0,35.0,1.0,63.0,3.0,0.0,0.0,117.0,30.0,4.0,.264,.370,.515,.885,.297,14.19,1069.0,54.0,50.0,388.0,313.0,76.0,10.0,2.0,19.0,64.0,2.0,83.0,6.0,5.0,0.0,147.0,67.0,4.0,.243,.376,.470,.846,.264,16.47,1650.0,61.0,98.0,2025
592454,Tommy Kahnle,111,Boston Red Sox,,P,2026,,,,,,,,,,,,,,,,,,,,,,,,,0.0,0.0,0.0,0.0,0.0,0.0,0.0,0.0,0.0,0.0,0.0,0.0,0.0,0.0,0.0,.000,.000,.000,.000,.---,-.--,0.0,0.0,0.0,2025
666181,Will Benson,113,Cincinnati Reds,,RF,2026,114.0,96.0,18.0,3.0,1.0,3.0,16.0,1.0,38.0,1.0,0.0,0.0,32.0,6.0,0.0,.188,.310,.333,.643,.273,32.00,472.0,12.0,28.0,253.0,230.0,52.0,8.0,2.0,12.0,16.0,1.0,67.0,1.0,6.0,0.0,100.0,41.0,4.0,.226,.273,.435,.708,.255,19.17,922.0,51.0,66.0,2025
666182,Bo Bichette,121,New York Mets,,3B,2026,332.0,307.0,77.0,11.0,1.0,8.0,20.0,0.0,56.0,1.0,4.0,0.0,114.0,42.0,9.0,.251,.295,.371,.666,.279,38.38,1205.0,95.0,83.0,628.0,582.0,181.0,44.0,1.0,18.0,40.0,2.0,91.0,3.0,3.0,0.0,281.0,94.0,17.0,.311,.357,.483,.840,.342,32.33,2308.0,171.0,142.0,2025
670280,David Bednar,147,New York Yankees,,P,2026,,,,,,,,,,,,,,,,,,,,,,,,,,,,,,,,,,,,,,,,,,,,,,,,,2025
664141,JT Brubaker,137,San Francisco Giants,,P,2026,,,,,,,,,,,,,,,,,,,,,,,,,,,,,,,,,,,,,,,,,,,,,,,,,2025
672335,Cionel Pérez,121,New York Mets,,P,2026,,,,,,,,,,,,,,,,,,,,,,,,,0.0,0.0,0.0,0.0,0.0,0.0,0.0,0.0,0.0,0.0,0.0,0.0,0.0,0.0,0.0,.000,.000,.000,.000,.---,-.--,0.0,0.0,0.0,2025
676439,Hunter Feduccia,139,Tampa Bay Rays,,C,2026,100.0,85.0,21.0,3.0,0.0,1.0,11.0,0.0,30.0,1.0,1.0,2.0,27.0,7.0,1.0,.247,.337,.318,.655,.364,85.00,418.0,11.0,26.0,105.0,88.0,13.0,5.0,0.0,0.0,15.0,0.0,29.0,0.0,2.0,0.0,18.0,8.0,0.0,.148,.267,.205,.472,.213,-.--,477.0,21.0,27.0,2025
676440,Tanner Bibee,114,Cleveland Guardians,,P,2026,,,,,,,,,,,,,,,,,,,,,,,,,,,,,,,,,,,,,,,,,,,,,,,,,2025
666200,Jesús Luzardo,143,Philadelphia Phillies,,P,2026,,,,,,,,,,,,,,,,,,,,,,,,,,,,,,,,,,,,,,,,,,,,,,,,,2025
686681,Michael Massey,118,Kansas City Royals,,2B,2026,179.0,168.0,43.0,12.0,0.0,7.0,6.0,0.0,31.0,0.0,3.0,2.0,76.0,25.0,3.0,.256,.277,.452,.729,.271,24.00,671.0,36.0,63.0,277.0,262.0,64.0,9.0,0.0,3.0,9.0,0.0,43.0,1.0,4.0,1.0,82.0,20.0,3.0,.244,.268,.313,.581,.277,87.33,1013.0,48.0,112.0,2025
666211,Taylor Trammell,117,Houston Astros,,CF,2026,84.0,76.0,21.0,5.0,1.0,0.0,6.0,0.0,31.0,1.0,0.0,1.0,28.0,7.0,0.0,.276,.337,.368,.705,.467,-.--,315.0,12.0,13.0,135.0,117.0,23.0,7.0,0.0,3.0,17.0,0.0,41.0,0.0,1.0,0.0,39.0,12.0,0.0,.197,.296,.333,.629,.270,39.00,552.0,26.0,28.0,2025
672356,Gabriel Arias,114,Cleveland Guardians,,SS,2026,45.0,43.0,10.0,2.0,0.0,2.0,2.0,0.0,18.0,0.0,0.0,0.0,18.0,5.0,0.0,.233,.267,.419,.686,.348,21.50,181.0,12.0,3.0,471.0,432.0,95.0,25.0,2.0,11.0,27.0,1.0,162.0,7.0,4.0,1.0,157.0,54.0,8.0,.220,.274,.363,.637,.319,39.27,1792.0,101.0,79.0,2025
623211,Huascar Brazobán,121,New York Mets,,P,2026,,,,,,,,,,,,,,,,,,,,,,,,,,,,,,,,,,,,,,,,,,,,,,,,,2025
670329,Rico Garcia,110,Baltimore Orioles,,P,2026,,,,,,,,,,,,,,,,,,,,,,,,,,,,,,,,,,,,,,,,,,,,,,,,,2025
676475,Alec Burleson,138,St. Louis Cardinals,,1B,2026,320.0,288.0,81.0,19.0,0.0,13.0,27.0,2.0,49.0,2.0,3.0,0.0,139.0,54.0,9.0,.281,.344,.483,.827,.297,22.15,1146.0,78.0,83.0,546.0,497.0,144.0,26.0,2.0,18.0,39.0,1.0,79.0,3.0,4.0,1.0,228.0,69.0,14.0,.290,.343,.459,.802,.312,27.61,1933.0,119.0,160.0,2025
662139,Daulton Varsho,141,Toronto Blue Jays,,CF,2026,240.0,215.0,55.0,13.0,2.0,6.0,22.0,2.0,47.0,2.0,1.0,0.0,90.0,20.0,0.0,.256,.329,.419,.748,.301,35.83,909.0,50.0,64.0,271.0,248.0,59.0,13.0,2.0,20.0,17.0,1.0,77.0,1.0,5.0,0.0,136.0,55.0,1.0,.238,.284,.548,.832,.250,12.40,986.0,41.0,76.0,2025
680573,Simeon Woods Richardson,141,Toronto Blue Jays,,P,2026,,,,,,,,,,,,,,,,,,,,,,,,,,,,,,,,,,,,,,,,,,,,,,,,,2025
682622,Noelvi Marte,113,Cincinnati Reds,,RF,2026,72.0,67.0,14.0,3.0,0.0,3.0,5.0,0.0,18.0,0.0,0.0,0.0,26.0,3.0,1.0,.209,.264,.388,.652,.239,22.33,276.0,24.0,11.0,360.0,339.0,89.0,17.0,2.0,14.0,16.0,0.0,85.0,3.0,2.0,0.0,152.0,51.0,7.0,.263,.300,.448,.748,.310,24.21,1267.0,87.0,80.0,2025
680574,Matt McLain,113,Cincinnati Reds,,2B,2026,283.0,245.0,50.0,13.0,0.0,8.0,34.0,0.0,72.0,3.0,0.0,1.0,87.0,25.0,3.0,.204,.309,.355,.664,.255,30.62,1130.0,50.0,74.0,577.0,510.0,112.0,18.0,0.0,15.0,55.0,0.0,167.0,5.0,4.0,3.0,175.0,50.0,8.0,.220,.300,.343,.643,.292,34.00,2365.0,96.0,142.0,2025
676477,Garrett Whitlock,111,Boston Red Sox,,P,2026,0.0,0.0,0.0,0.0,0.0,0.0,0.0,0.0,0.0,0.0,0.0,0.0,0.0,0.0,0.0,.000,.000,.000,.000,.---,-.--,0.0,0.0,0.0,0.0,0.0,0.0,0.0,0.0,0.0,0.0,0.0,0.0,0.0,0.0,0.0,0.0,0.0,0.0,.000,.000,.000,.000,.---,-.--,0.0,0.0,0.0,2025
672386,Alejandro Kirk,141,Toronto Blue Jays,,C,2026,44.0,40.0,8.0,2.0,0.0,1.0,4.0,0.0,8.0,0.0,0.0,0.0,13.0,5.0,1.0,.200,.273,.325,.598,.226,40.00,165.0,13.0,11.0,506.0,451.0,127.0,18.0,0.0,15.0,48.0,2.0,59.0,1.0,6.0,0.0,190.0,76.0,16.0,.282,.348,.421,.769,.292,30.07,1977.0,132.0,139.0,2025
699013,Esmerlyn Valdez,134,Pittsburgh Pirates,,RF,2026,29.0,27.0,3.0,1.0,0.0,2.0,2.0,0.0,13.0,0.0,0.0,0.0,10.0,5.0,1.0,.111,.172,.370,.542,.083,13.50,121.0,4.0,7.0,,,,,,,,,,,,,,,,,,,,,,,,,2025
682626,Francisco Alvarez,121,New York Mets,,C,2026,162.0,144.0,37.0,5.0,0.0,5.0,13.0,0.0,36.0,2.0,1.0,0.0,57.0,13.0,11.0,.257,.325,.396,.721,.308,28.80,653.0,40.0,32.0,277.0,246.0,63.0,12.0,1.0,11.0,27.0,0.0,73.0,4.0,0.0,0.0,110.0,32.0,6.0,.256,.339,.447,.786,.321,22.36,1123.0,61.0,49.0,2025
664208,Phil Maton,112,Chicago Cubs,,P,2026,,,,,,,,,,,,,,,,,,,,,,,,,0.0,0.0,0.0,0.0,0.0,0.0,0.0,0.0,0.0,0.0,0.0,0.0,0.0,0.0,0.0,.000,.000,.000,.000,.---,-.--,0.0,0.0,0.0,2025
674444,Steven Cruz,118,Kansas City Royals,,P,2026,,,,,,,,,,,,,,,,,,,,,,,,,0.0,0.0,0.0,0.0,0.0,0.0,0.0,0.0,0.0,0.0,0.0,0.0,0.0,0.0,0.0,.000,.000,.000,.000,.---,-.--,0.0,0.0,0.0,2025
641680,Jonah Heim,133,Athletics,,C,2026,114.0,104.0,26.0,8.0,0.0,6.0,9.0,0.0,20.0,0.0,1.0,0.0,52.0,16.0,2.0,.250,.307,.500,.807,.253,17.33,408.0,29.0,30.0,433.0,395.0,84.0,14.0,0.0,11.0,32.0,0.0,88.0,1.0,4.0,1.0,131.0,43.0,10.0,.213,.271,.332,.603,.243,35.91,1704.0,106.0,122.0,2025
594580,Sam Moll,113,Cincinnati Reds,,P,2026,,,,,,,,,,,,,,,,,,,,,,,,,,,,,,,,,,,,,,,,,,,,,,,,,2025
680604,Blas Castaño,115,Colorado Rockies,,P,2026,,,,,,,,,,,,,,,,,,,,,,,,,,,,,,,,,,,,,,,,,,,,,,,,,2025
686751,Seth Johnson,143,Philadelphia Phillies,,P,2026,,,,,,,,,,,,,,,,,,,,,,,,,,,,,,,,,,,,,,,,,,,,,,,,,2025
666277,George Soriano,138,St. Louis Cardinals,,P,2026,0.0,0.0,0.0,0.0,0.0,0.0,0.0,0.0,0.0,0.0,0.0,0.0,0.0,0.0,0.0,.000,.000,.000,.000,.---,-.--,0.0,0.0,0.0,,,,,,,,,,,,,,,,,,,,,,,,,2025
678554,Curtis Mead,120,Washington Nationals,,1B,2026,216.0,185.0,43.0,10.0,0.0,11.0,27.0,0.0,38.0,4.0,0.0,0.0,86.0,34.0,5.0,.232,.343,.465,.808,.235,16.82,935.0,44.0,60.0,264.0,240.0,56.0,10.0,1.0,3.0,15.0,0.0,63.0,8.0,1.0,0.0,77.0,19.0,9.0,.233,.299,.321,.620,.303,80.00,1019.0,47.0,75.0,2025
682668,Luisangel Acuña,145,Chicago White Sox,,CF,2026,135.0,124.0,26.0,2.0,0.0,0.0,7.0,0.0,24.0,1.0,2.0,1.0,28.0,8.0,4.0,.210,.254,.226,.480,.255,-.--,477.0,49.0,28.0,193.0,175.0,41.0,7.0,0.0,0.0,13.0,0.0,37.0,2.0,1.0,2.0,48.0,8.0,6.0,.234,.293,.274,.567,.295,-.--,687.0,58.0,42.0,2025
516782,Starling Marte,118,Kansas City Royals,,RF,2026,91.0,83.0,23.0,4.0,0.0,1.0,5.0,0.0,25.0,2.0,1.0,0.0,30.0,6.0,2.0,.277,.330,.361,.691,.379,83.00,328.0,19.0,17.0,329.0,293.0,79.0,14.0,0.0,9.0,22.0,0.0,68.0,9.0,4.0,1.0,120.0,34.0,7.0,.270,.335,.410,.745,.318,32.56,1255.0,83.0,68.0,2025
682674,Victor Bericoto,137,San Francisco Giants,,RF,2026,18.0,18.0,3.0,0.0,0.0,1.0,0.0,0.0,6.0,0.0,0.0,0.0,6.0,1.0,0.0,.167,.167,.333,.500,.182,18.00,71.0,7.0,2.0,,,,,,,,,,,,,,,,,,,,,,,,,2025
678577,Junior Perez,145,Chicago White Sox,,CF,2026,7.0,6.0,2.0,0.0,0.0,1.0,1.0,0.0,2.0,0.0,0.0,0.0,5.0,1.0,0.0,.333,.429,.833,1.262,.333,6.00,33.0,1.0,1.0,,,,,,,,,,,,,,,,,,,,,,,,,2025
621237,José Alvarado,143,Philadelphia Phillies,,P,2026,,,,,,,,,,,,,,,,,,,,,,,,,,,,,,,,,,,,,,,,,,,,,,,,,2025
676534,Calvin Faucher,146,Miami Marlins,,P,2026,,,,,,,,,,,,,,,,,,,,,,,,,,,,,,,,,,,,,,,,,,,,,,,,,2025
686780,Pedro Pagés,138,St. Louis Cardinals,,C,2026,140.0,127.0,28.0,6.0,0.0,4.0,5.0,0.0,33.0,2.0,2.0,4.0,46.0,11.0,5.0,.220,.257,.362,.619,.261,31.75,564.0,34.0,38.0,389.0,361.0,83.0,15.0,0.0,11.0,19.0,1.0,107.0,3.0,3.0,3.0,131.0,45.0,9.0,.230,.272,.363,.635,.293,32.82,1486.0,87.0,90.0,2025
694973,Paul Skenes,134,Pittsburgh Pirates,,P,2026,,,,,,,,,,,,,,,,,,,,,,,,,,,,,,,,,,,,,,,,,,,,,,,,,2025
686790,Trevor McDonald,137,San Francisco Giants,,P,2026,,,,,,,,,,,,,,,,,,,,,,,,,,,,,,,,,,,,,,,,,,,,,,,,,2025
527048,Martín Pérez,144,Atlanta Braves,,P,2026,,,,,,,,,,,,,,,,,,,,,,,,,,,,,,,,,,,,,,,,,,,,,,,,,2025
672456,Keider Montero,116,Detroit Tigers,,P,2026,,,,,,,,,,,,,,,,,,,,,,,,,,,,,,,,,,,,,,,,,,,,,,,,,2025
678606,José A. Ferrer,136,Seattle Mariners,,P,2026,,,,,,,,,,,,,,,,,,,,,,,,,0.0,0.0,0.0,0.0,0.0,0.0,0.0,0.0,0.0,0.0,0.0,0.0,0.0,0.0,0.0,.000,.000,.000,.000,.---,-.--,0.0,0.0,0.0,2025
641743,Anthony Kay,145,Chicago White Sox,,P,2026,,,,,,,,,,,,,,,,,,,,,,,,,,,,,,,,,,,,,,,,,,,,,,,,,2025
664285,Framber Valdez,116,Detroit Tigers,,P,2026,,,,,,,,,,,,,,,,,,,,,,,,,,,,,,,,,,,,,,,,,,,,,,,,,2025
676572,Eric Wagaman,121,New York Mets,,1B,2026,15.0,12.0,3.0,0.0,0.0,1.0,2.0,0.0,4.0,1.0,0.0,0.0,6.0,2.0,0.0,.250,.400,.500,.900,.286,12.00,66.0,3.0,2.0,514.0,476.0,119.0,28.0,3.0,9.0,32.0,0.0,100.0,1.0,5.0,0.0,180.0,53.0,11.0,.250,.296,.378,.674,.296,52.89,1955.0,132.0,130.0,2025
676571,PJ Poulin,120,Washington Nationals,,P,2026,,,,,,,,,,,,,,,,,,,,,,,,,0.0,0.0,0.0,0.0,0.0,0.0,0.0,0.0,0.0,0.0,0.0,0.0,0.0,0.0,0.0,.000,.000,.000,.000,.---,-.--,0.0,0.0,0.0,2025
518886,Craig Kimbrel,139,Tampa Bay Rays,,P,2026,,,,,,,,,,,,,,,,,,,,,,,,,,,,,,,,,,,,,,,,,,,,,,,,,2025
662253,Andrés Muñoz,136,Seattle Mariners,,P,2026,,,,,,,,,,,,,,,,,,,,,,,,,,,,,,,,,,,,,,,,,,,,,,,,,2025
690925,Clayton Beeter,120,Washington Nationals,,P,2026,0.0,0.0,0.0,0.0,0.0,0.0,0.0,0.0,0.0,0.0,0.0,0.0,0.0,0.0,0.0,.000,.000,.000,.000,.---,-.--,0.0,0.0,0.0,,,,,,,,,,,,,,,,,,,,,,,,,2025
690924,Braxton Fulford,115,Colorado Rockies,,C,2026,40.0,33.0,8.0,3.0,0.0,1.0,5.0,0.0,14.0,0.0,2.0,0.0,14.0,7.0,0.0,.242,.325,.424,.749,.350,33.00,172.0,2.0,11.0,120.0,108.0,23.0,5.0,2.0,1.0,7.0,0.0,36.0,2.0,3.0,0.0,35.0,16.0,1.0,.213,.267,.324,.591,.297,108.00,455.0,20.0,32.0,2025
641778,Eric Lauer,119,Los Angeles Dodgers,,P,2026,,,,,,,,,,,,,,,,,,,,,,,,,,,,,,,,,,,,,,,,,,,,,,,,,2025
680694,Kyle Bradish,110,Baltimore Orioles,,P,2026,,,,,,,,,,,,,,,,,,,,,,,,,,,,,,,,,,,,,,,,,,,,,,,,,2025
623352,Josh Hader,117,Houston Astros,,P,2026,,,,,,,,,,,,,,,,,,,,,,,,,0.0,0.0,0.0,0.0,0.0,0.0,0.0,0.0,0.0,0.0,0.0,0.0,0.0,0.0,0.0,.000,.000,.000,.000,.---,-.--,0.0,0.0,0.0,2025
680700,Richie Palacios,139,Tampa Bay Rays,,2B,2026,175.0,149.0,35.0,6.0,2.0,1.0,22.0,0.0,37.0,3.0,1.0,0.0,48.0,21.0,4.0,.235,.343,.322,.665,.304,149.00,692.0,37.0,41.0,48.0,42.0,14.0,2.0,0.0,1.0,5.0,0.0,9.0,0.0,1.0,0.0,19.0,3.0,3.0,.333,.396,.452,.848,.394,42.00,190.0,11.0,9.0,2025
676604,Tyler Zuber,146,Miami Marlins,,P,2026,,,,,,,,,,,,,,,,,,,,,,,,,,,,,,,,,,,,,,,,,,,,,,,,,2025
676609,José Caballero,147,New York Yankees,,SS,2026,227.0,207.0,54.0,10.0,0.0,7.0,13.0,0.0,46.0,5.0,2.0,0.0,85.0,26.0,8.0,.261,.317,.411,.728,.301,29.57,898.0,60.0,49.0,370.0,314.0,74.0,18.0,1.0,5.0,47.0,0.0,98.0,3.0,2.0,4.0,109.0,36.0,1.0,.236,.339,.347,.686,.324,62.80,1501.0,61.0,87.0,2025
641793,Zack Littell,120,Washington Nationals,,P,2026,,,,,,,,,,,,,,,,,,,,,,,,,,,,,,,,,,,,,,,,,,,,,,,,,2025
678662,Ezequiel Tovar,115,Colorado Rockies,,SS,2026,274.0,254.0,54.0,14.0,0.0,5.0,15.0,0.0,78.0,2.0,3.0,0.0,83.0,24.0,5.0,.213,.259,.327,.586,.282,50.80,1019.0,55.0,70.0,390.0,360.0,91.0,18.0,4.0,9.0,21.0,0.0,98.0,1.0,2.0,6.0,144.0,33.0,2.0,.253,.294,.400,.694,.322,40.00,1469.0,76.0,103.0,2025
676617,Riley O'Brien,138,St. Louis Cardinals,,P,2026,,,,,,,,,,,,,,,,,,,,,,,,,,,,,,,,,,,,,,,,,,,,,,,,,2025
680723,Drew Rom,158,Milwaukee Brewers,,P,2026,,,,,,,,,,,,,,,,,,,,,,,,,,,,,,,,,,,,,,,,,,,,,,,,,2025
606992,Eric Haase,137,San Francisco Giants,,C,2026,62.0,56.0,12.0,3.0,0.0,4.0,4.0,0.0,17.0,0.0,0.0,2.0,27.0,9.0,1.0,.214,.267,.482,.749,.229,14.00,224.0,16.0,13.0,77.0,70.0,16.0,3.0,0.0,2.0,4.0,0.0,31.0,2.0,0.0,1.0,25.0,9.0,1.0,.229,.289,.357,.646,.378,35.00,337.0,17.0,7.0,2025
813841,Jonah Cox,137,San Francisco Giants,,CF,2026,16.0,15.0,6.0,1.0,1.0,1.0,0.0,0.0,7.0,0.0,0.0,1.0,12.0,2.0,0.0,.400,.400,.800,1.200,.714,15.00,52.0,1.0,2.0,,,,,,,,,,,,,,,,,,,,,,,,,2025
592662,Robbie Ray,137,San Francisco Giants,,P,2026,,,,,,,,,,,,,,,,,,,,,,,,,,,,,,,,,,,,,,,,,,,,,,,,,2025
680732,Sean Burke,145,Chicago White Sox,,P,2026,,,,,,,,,,,,,,,,,,,,,,,,,,,,,,,,,,,,,,,,,,,,,,,,,2025
680730,Mitchell Parker,120,Washington Nationals,,P,2026,,,,,,,,,,,,,,,,,,,,,,,,,,,,,,,,,,,,,,,,,,,,,,,,,2025
592663,J.T. Realmuto,143,Philadelphia Phillies,,C,2026,193.0,172.0,36.0,6.0,0.0,5.0,15.0,0.0,39.0,5.0,1.0,0.0,57.0,19.0,3.0,.209,.290,.331,.621,.240,34.40,743.0,49.0,49.0,550.0,502.0,129.0,26.0,1.0,12.0,35.0,1.0,129.0,9.0,3.0,0.0,193.0,52.0,13.0,.257,.315,.384,.699,.321,41.83,2196.0,124.0,123.0,2025
666397,Edouard Julien,115,Colorado Rockies,,2B,2026,202.0,177.0,39.0,5.0,1.0,2.0,24.0,0.0,54.0,1.0,0.0,0.0,52.0,17.0,5.0,.220,.317,.294,.611,.306,88.50,846.0,41.0,43.0,208.0,182.0,40.0,10.0,0.0,3.0,22.0,0.0,61.0,2.0,1.0,1.0,59.0,12.0,3.0,.220,.309,.324,.633,.311,60.67,876.0,50.0,33.0,2025
690978,Dax Fulton,146,Miami Marlins,,P,2026,,,,,,,,,,,,,,,,,,,,,,,,,,,,,,,,,,,,,,,,,,,,,,,,,2025
807713,Matt Shaw,112,Chicago Cubs,,RF,2026,131.0,119.0,30.0,6.0,2.0,4.0,8.0,0.0,24.0,2.0,1.0,1.0,52.0,19.0,2.0,.252,.308,.437,.745,.283,29.75,516.0,27.0,40.0,437.0,393.0,89.0,21.0,3.0,13.0,38.0,0.0,94.0,2.0,4.0,0.0,155.0,44.0,2.0,.226,.295,.394,.689,.262,30.23,1720.0,93.0,121.0,2025
680736,Justin Wrobleski,119,Los Angeles Dodgers,,P,2026,,,,,,,,,,,,,,,,,,,,,,,,,,,,,,,,,,,,,,,,,,,,,,,,,2025
690976,Alex Freeland,119,Los Angeles Dodgers,,2B,2026,174.0,150.0,35.0,6.0,0.0,3.0,18.0,0.0,50.0,1.0,2.0,3.0,50.0,17.0,4.0,.233,.316,.333,.649,.323,50.00,707.0,40.0,30.0,97.0,84.0,16.0,2.0,1.0,2.0,11.0,0.0,35.0,1.0,0.0,1.0,26.0,6.0,3.0,.190,.292,.310,.602,.298,42.00,429.0,13.0,21.0,2025
680742,Jonathan Bowlan,143,Philadelphia Phillies,,P,2026,,,,,,,,,,,,,,,,,,,,,,,,,,,,,,,,,,,,,,,,,,,,,,,,,2025
695076,Rhett Lowder,113,Cincinnati Reds,,P,2026,,,,,,,,,,,,,,,,,,,,,,,,,,,,,,,,,,,,,,,,,,,,,,,,,2025
621345,A.J. Minter,121,New York Mets,,P,2026,,,,,,,,,,,,,,,,,,,,,,,,,,,,,,,,,,,,,,,,,,,,,,,,,2025
690984,Petey Halpin,114,Cleveland Guardians,,CF,2026,40.0,38.0,6.0,1.0,0.0,0.0,1.0,0.0,11.0,0.0,0.0,1.0,7.0,1.0,0.0,.158,.179,.184,.363,.222,-.--,150.0,7.0,15.0,8.0,6.0,2.0,0.0,0.0,0.0,2.0,0.0,2.0,0.0,0.0,0.0,2.0,0.0,0.0,.333,.500,.333,.833,.500,-.--,33.0,1.0,1.0,2025
690986,Kyle Harrison,158,Milwaukee Brewers,,P,2026,,,,,,,,,,,,,,,,,,,,,,,,,,,,,,,,,,,,,,,,,,,,,,,,,2025
641835,Tim Mayza,143,Philadelphia Phillies,,P,2026,,,,,,,,,,,,,,,,,,,,,,,,,,,,,,,,,,,,,,,,,,,,,,,,,2025
660271,Shohei Ohtani,119,Los Angeles Dodgers,,TWP,2026,322.0,261.0,77.0,15.0,2.0,16.0,51.0,8.0,74.0,5.0,3.0,0.0,144.0,43.0,4.0,.295,.416,.552,.968,.351,16.31,1241.0,54.0,59.0,727.0,611.0,172.0,25.0,9.0,55.0,109.0,20.0,187.0,3.0,2.0,0.0,380.0,102.0,9.0,.282,.392,.622,1.014,.315,11.11,2865.0,120.0,134.0,2025
690993,Colt Keith,116,Detroit Tigers,,3B,2026,214.0,199.0,52.0,8.0,2.0,4.0,11.0,0.0,43.0,3.0,1.0,0.0,76.0,16.0,3.0,.261,.308,.382,.690,.314,49.75,769.0,40.0,65.0,468.0,414.0,106.0,22.0,2.0,13.0,48.0,1.0,102.0,2.0,4.0,0.0,171.0,45.0,7.0,.256,.333,.413,.746,.307,31.85,1826.0,87.0,123.0,2025
680755,Braydon Fisher,141,Toronto Blue Jays,,P,2026,,,,,,,,,,,,,,,,,,,,,,,,,,,,,,,,,,,,,,,,,,,,,,,,,2025
680757,Steven Kwan,114,Cleveland Guardians,,CF,2026,287.0,241.0,50.0,8.0,0.0,1.0,37.0,1.0,30.0,3.0,2.0,3.0,61.0,13.0,6.0,.207,.318,.253,.571,.231,241.00,1114.0,74.0,92.0,693.0,625.0,170.0,29.0,1.0,11.0,55.0,2.0,60.0,3.0,7.0,3.0,234.0,56.0,3.0,.272,.330,.374,.704,.283,56.82,2786.0,167.0,238.0,2025
690997,Nolan McLean,121,New York Mets,,P,2026,,,,,,,,,,,,,,,,,,,,,,,,,,,,,,,,,,,,,,,,,,,,,,,,,2025
676661,Max Lazar,143,Philadelphia Phillies,,P,2026,,,,,,,,,,,,,,,,,,,,,,,,,,,,,,,,,,,,,,,,,,,,,,,,,2025
680767,Victor Vodnik,115,Colorado Rockies,,P,2026,0.0,0.0,0.0,0.0,0.0,0.0,0.0,0.0,0.0,0.0,0.0,0.0,0.0,0.0,0.0,.000,.000,.000,.000,.---,-.--,0.0,0.0,0.0,0.0,0.0,0.0,0.0,0.0,0.0,0.0,0.0,0.0,0.0,0.0,0.0,0.0,0.0,0.0,.000,.000,.000,.000,.---,-.--,0.0,0.0,0.0,2025
691008,Max Rajcic,138,St. Louis Cardinals,,P,2026,,,,,,,,,,,,,,,,,,,,,,,,,,,,,,,,,,,,,,,,,,,,,,,,,2025
641857,Ryan McMahon,147,New York Yankees,,3B,2026,200.0,184.0,39.0,4.0,0.0,8.0,15.0,0.0,61.0,0.0,0.0,1.0,67.0,23.0,5.0,.212,.271,.364,.635,.270,23.00,801.0,40.0,45.0,586.0,509.0,109.0,23.0,1.0,20.0,70.0,1.0,189.0,4.0,3.0,0.0,194.0,53.0,7.0,.214,.312,.381,.693,.294,25.45,2500.0,106.0,108.0,2025
682818,Yohendrick Piñango,141,Toronto Blue Jays,,LF,2026,136.0,127.0,36.0,7.0,0.0,4.0,9.0,0.0,30.0,0.0,0.0,0.0,55.0,18.0,4.0,.283,.331,.433,.764,.344,31.75,528.0,29.0,32.0,,,,,,,,,,,,,,,,,,,,,,,,,2025
691011,Drew Romo,145,Chicago White Sox,,C,2026,103.0,90.0,13.0,4.0,0.0,5.0,10.0,0.0,26.0,1.0,1.0,1.0,32.0,11.0,4.0,.144,.235,.356,.591,.133,18.00,368.0,27.0,26.0,3.0,3.0,0.0,0.0,0.0,0.0,0.0,0.0,3.0,0.0,0.0,0.0,0.0,0.0,0.0,.000,.000,.000,.000,.---,-.--,12.0,0.0,0.0,2025
672580,Maikel Garcia,118,Kansas City Royals,,3B,2026,285.0,259.0,69.0,16.0,2.0,3.0,24.0,0.0,44.0,0.0,2.0,0.0,98.0,30.0,6.0,.266,.326,.378,.704,.308,86.33,1099.0,68.0,80.0,666.0,595.0,170.0,39.0,5.0,16.0,62.0,0.0,84.0,1.0,5.0,3.0,267.0,74.0,14.0,.286,.351,.449,.800,.308,37.19,2519.0,168.0,181.0,2025
621381,Matt Strahm,118,Kansas City Royals,,P,2026,,,,,,,,,,,,,,,,,,,,,,,,,,,,,,,,,,,,,,,,,,,,,,,,,2025
807743,Sean Sullivan,115,Colorado Rockies,,P,2026,,,,,,,,,,,,,,,,,,,,,,,,,,,,,,,,,,,,,,,,,,,,,,,,,2025
514888,Jose Altuve,117,Houston Astros,,2B,2026,234.0,209.0,50.0,11.0,0.0,8.0,22.0,1.0,53.0,1.0,1.0,1.0,85.0,20.0,9.0,.239,.313,.407,.720,.282,26.12,842.0,63.0,45.0,654.0,588.0,156.0,24.0,1.0,26.0,55.0,5.0,109.0,4.0,6.0,1.0,260.0,77.0,20.0,.265,.329,.442,.771,.283,22.62,2314.0,149.0,181.0,2025
572233,Christian Walker,117,Houston Astros,,1B,2026,319.0,287.0,69.0,14.0,1.0,18.0,27.0,2.0,68.0,4.0,1.0,0.0,139.0,52.0,7.0,.240,.313,.484,.797,.252,15.94,1218.0,72.0,79.0,640.0,585.0,139.0,24.0,1.0,27.0,40.0,1.0,177.0,11.0,4.0,0.0,246.0,88.0,10.0,.238,.297,.421,.718,.291,21.67,2513.0,111.0,162.0,2025
691016,Tyler Soderstrom,133,Athletics,,LF,2026,313.0,270.0,65.0,20.0,2.0,13.0,40.0,4.0,57.0,2.0,1.0,0.0,128.0,40.0,7.0,.241,.342,.474,.816,.259,20.77,1171.0,79.0,70.0,624.0,561.0,155.0,34.0,1.0,25.0,55.0,2.0,141.0,6.0,2.0,0.0,266.0,93.0,18.0,.276,.346,.474,.820,.327,22.44,2227.0,153.0,114.0,2025
680779,Henry Davis,134,Pittsburgh Pirates,,C,2026,152.0,132.0,18.0,4.0,0.0,5.0,14.0,0.0,32.0,4.0,1.0,1.0,37.0,17.0,3.0,.136,.238,.280,.518,.135,26.40,551.0,35.0,49.0,283.0,252.0,42.0,7.0,0.0,7.0,18.0,0.0,76.0,5.0,3.0,3.0,70.0,22.0,2.0,.167,.234,.278,.512,.203,36.00,1069.0,48.0,92.0,2025
676684,Will Vest,116,Detroit Tigers,,P,2026,,,,,,,,,,,,,,,,,,,,,,,,,,,,,,,,,,,,,,,,,,,,,,,,,2025
670541,Yordan Alvarez,117,Houston Astros,,DH,2026,335.0,281.0,90.0,15.0,0.0,24.0,47.0,9.0,57.0,5.0,2.0,0.0,177.0,55.0,2.0,.320,.424,.630,1.054,.327,11.71,1305.0,48.0,88.0,199.0,165.0,45.0,8.0,0.0,6.0,28.0,5.0,33.0,0.0,6.0,0.0,71.0,27.0,1.0,.273,.367,.430,.797,.295,27.50,803.0,34.0,59.0,2025
680776,Jarren Duran,111,Boston Red Sox,,LF,2026,305.0,280.0,58.0,9.0,2.0,12.0,20.0,0.0,90.0,3.0,2.0,0.0,107.0,37.0,2.0,.207,.266,.382,.648,.256,23.33,1135.0,70.0,64.0,696.0,620.0,159.0,41.0,13.0,16.0,60.0,1.0,169.0,12.0,3.0,1.0,274.0,84.0,6.0,.256,.332,.442,.774,.326,38.75,2624.0,137.0,159.0,2025
691023,Jordan Walker,138,St. Louis Cardinals,,RF,2026,314.0,288.0,85.0,16.0,0.0,18.0,22.0,0.0,78.0,2.0,2.0,0.0,155.0,58.0,5.0,.295,.347,.538,.885,.345,16.00,1130.0,65.0,62.0,396.0,363.0,78.0,13.0,1.0,6.0,29.0,1.0,126.0,3.0,1.0,0.0,111.0,41.0,9.0,.215,.278,.306,.584,.310,60.50,1541.0,75.0,85.0,2025
691026,Masyn Winn,138,St. Louis Cardinals,,SS,2026,284.0,248.0,60.0,11.0,2.0,2.0,25.0,0.0,57.0,6.0,5.0,0.0,81.0,27.0,7.0,.242,.320,.327,.647,.299,124.00,1132.0,63.0,73.0,537.0,491.0,124.0,27.0,0.0,9.0,34.0,0.0,102.0,8.0,2.0,2.0,178.0,51.0,11.0,.253,.310,.363,.673,.301,54.56,2256.0,107.0,162.0,2025
686930,Mason Barnett,133,Athletics,,P,2026,,,,,,,,,,,,,,,,,,,,,,,,,,,,,,,,,,,,,,,,,,,,,,,,,2025
676694,Jake Meyers,117,Houston Astros,,CF,2026,130.0,119.0,25.0,5.0,0.0,3.0,9.0,0.0,27.0,1.0,1.0,0.0,39.0,11.0,3.0,.210,.269,.328,.597,.244,39.67,473.0,29.0,39.0,381.0,343.0,100.0,15.0,2.0,3.0,31.0,0.0,67.0,3.0,2.0,2.0,128.0,24.0,9.0,.292,.354,.373,.727,.353,114.33,1340.0,94.0,86.0,2025
682842,Abner Uribe,158,Milwaukee Brewers,,P,2026,,,,,,,,,,,,,,,,,,,,,,,,,,,,,,,,,,,,,,,,,,,,,,,,,2025
607067,Colin Rea,112,Chicago Cubs,,P,2026,,,,,,,,,,,,,,,,,,,,,,,,,1.0,1.0,0.0,0.0,0.0,0.0,0.0,0.0,1.0,0.0,0.0,0.0,0.0,0.0,0.0,.000,.000,.000,.000,.---,-.--,5.0,0.0,0.0,2025
445276,Kenley Jansen,116,Detroit Tigers,,P,2026,,,,,,,,,,,,,,,,,,,,,,,,,0.0,0.0,0.0,0.0,0.0,0.0,0.0,0.0,0.0,0.0,0.0,0.0,0.0,0.0,0.0,.000,.000,.000,.000,.---,-.--,0.0,0.0,0.0,2025
623454,Drew Anderson,116,Detroit Tigers,,P,2026,,,,,,,,,,,,,,,,,,,,,,,,,,,,,,,,,,,,,,,,,,,,,,,,,2025
682848,Endy Rodríguez,134,Pittsburgh Pirates,,C,2026,81.0,64.0,16.0,3.0,0.0,3.0,16.0,0.0,20.0,0.0,0.0,0.0,28.0,8.0,3.0,.250,.400,.438,.838,.317,21.33,327.0,8.0,20.0,57.0,52.0,9.0,4.0,0.0,0.0,5.0,0.0,14.0,0.0,0.0,0.0,13.0,2.0,0.0,.173,.246,.250,.496,.237,-.--,205.0,11.0,18.0,2025
607074,Carlos Rodón,147,New York Yankees,,P,2026,,,,,,,,,,,,,,,,,,,,,,,,,,,,,,,,,,,,,,,,,,,,,,,,,2025
686948,Drake Baldwin,144,Atlanta Braves,,C,2026,234.0,206.0,59.0,6.0,0.0,14.0,24.0,1.0,54.0,3.0,1.0,0.0,107.0,39.0,6.0,.286,.368,.519,.887,.324,14.71,896.0,52.0,42.0,446.0,405.0,111.0,18.0,2.0,19.0,38.0,0.0,68.0,3.0,0.0,0.0,190.0,80.0,9.0,.274,.341,.469,.810,.289,21.32,1750.0,131.0,95.0,2025
471911,Carlos Carrasco,144,Atlanta Braves,,P,2026,,,,,,,,,,,,,,,,,,,,,,,,,,,,,,,,,,,,,,,,,,,,,,,,,2025
623474,Jimmy Herget,115,Colorado Rockies,,P,2026,,,,,,,,,,,,,,,,,,,,,,,,,,,,,,,,,,,,,,,,,,,,,,,,,2025
676724,Jared Young,121,New York Mets,,1B,2026,94.0,85.0,20.0,4.0,0.0,4.0,7.0,0.0,20.0,1.0,1.0,0.0,36.0,10.0,2.0,.235,.298,.424,.722,.258,21.25,380.0,26.0,20.0,47.0,43.0,8.0,1.0,0.0,4.0,2.0,0.0,16.0,1.0,1.0,0.0,21.0,6.0,1.0,.186,.234,.488,.722,.167,10.75,192.0,6.0,14.0,2025
807799,Masataka Yoshida,111,Boston Red Sox,,DH,2026,164.0,145.0,36.0,7.0,1.0,1.0,15.0,0.0,20.0,3.0,1.0,0.0,48.0,10.0,1.0,.248,.329,.331,.660,.280,145.00,591.0,50.0,40.0,205.0,188.0,50.0,11.0,0.0,4.0,10.0,0.0,24.0,3.0,4.0,0.0,73.0,26.0,3.0,.266,.307,.388,.695,.280,47.00,715.0,73.0,45.0,2025
686973,Louis Varland,141,Toronto Blue Jays,,P,2026,,,,,,,,,,,,,,,,,,,,,,,,,,,,,,,,,,,,,,,,,,,,,,,,,2025
672640,Otto Lopez,146,Miami Marlins,,SS,2026,324.0,301.0,100.0,19.0,3.0,5.0,14.0,0.0,47.0,4.0,5.0,0.0,140.0,32.0,6.0,.332,.364,.465,.829,.374,60.20,1166.0,86.0,73.0,594.0,544.0,134.0,21.0,0.0,15.0,44.0,2.0,82.0,3.0,3.0,0.0,200.0,77.0,9.0,.246,.305,.368,.673,.264,36.27,2129.0,174.0,157.0,2025
592773,Ryne Stanek,138,St. Louis Cardinals,,P,2026,,,,,,,,,,,,,,,,,,,,,,,,,0.0,0.0,0.0,0.0,0.0,0.0,0.0,0.0,0.0,0.0,0.0,0.0,0.0,0.0,0.0,.000,.000,.000,.000,.---,-.--,0.0,0.0,0.0,2025
641933,Tyler O'Neill,110,Baltimore Orioles,,RF,2026,141.0,125.0,23.0,5.0,0.0,2.0,14.0,0.0,38.0,2.0,0.0,0.0,34.0,8.0,2.0,.184,.277,.272,.549,.247,62.50,555.0,22.0,42.0,209.0,181.0,36.0,6.0,1.0,9.0,22.0,1.0,51.0,3.0,3.0,0.0,71.0,26.0,2.0,.199,.292,.392,.684,.218,20.11,821.0,35.0,62.0,2025
656271,Brock Burke,113,Cincinnati Reds,,P,2026,,,,,,,,,,,,,,,,,,,,,,,,,,,,,,,,,,,,,,,,,,,,,,,,,2025
502671,Paul Goldschmidt,147,New York Yankees,,1B,2026,198.0,179.0,52.0,8.0,1.0,12.0,15.0,0.0,38.0,3.0,1.0,0.0,98.0,37.0,2.0,.291,.354,.547,.901,.308,14.92,775.0,48.0,42.0,534.0,489.0,134.0,31.0,1.0,10.0,36.0,5.0,100.0,4.0,2.0,0.0,197.0,45.0,8.0,.274,.328,.403,.731,.325,48.90,2092.0,113.0,144.0,2025
686993,Justin Sterner,133,Athletics,,P,2026,,,,,,,,,,,,,,,,,,,,,,,,,,,,,,,,,,,,,,,,,,,,,,,,,2025
676755,Isaac Mattson,134,Pittsburgh Pirates,,P,2026,,,,,,,,,,,,,,,,,,,,,,,,,,,,,,,,,,,,,,,,,,,,,,,,,2025
805779,Jacob Wilson,133,Athletics,,SS,2026,202.0,192.0,55.0,10.0,0.0,4.0,8.0,0.0,24.0,0.0,1.0,1.0,77.0,26.0,4.0,.286,.313,.401,.714,.309,48.00,696.0,64.0,51.0,523.0,486.0,151.0,26.0,0.0,13.0,27.0,1.0,39.0,7.0,1.0,2.0,216.0,63.0,16.0,.311,.355,.444,.799,.317,37.38,1735.0,179.0,120.0,2025
670623,Isaac Paredes,117,Houston Astros,,3B,2026,295.0,252.0,60.0,14.0,0.0,10.0,30.0,0.0,49.0,11.0,2.0,0.0,104.0,36.0,8.0,.238,.342,.413,.755,.256,25.20,1309.0,42.0,103.0,438.0,378.0,96.0,15.0,1.0,20.0,50.0,0.0,76.0,8.0,2.0,0.0,173.0,53.0,10.0,.254,.352,.458,.810,.268,18.90,1943.0,73.0,135.0,2025
684974,Craig Yoho,158,Milwaukee Brewers,,P,2026,,,,,,,,,,,,,,,,,,,,,,,,,,,,,,,,,,,,,,,,,,,,,,,,,2025
680869,Zack Gelof,133,Athletics,,3B,2026,222.0,203.0,58.0,9.0,1.0,11.0,14.0,0.0,55.0,3.0,0.0,2.0,102.0,30.0,5.0,.286,.341,.502,.843,.343,18.46,858.0,44.0,48.0,101.0,92.0,16.0,3.0,0.0,2.0,7.0,0.0,46.0,0.0,1.0,1.0,25.0,7.0,0.0,.174,.230,.272,.502,.311,46.00,416.0,12.0,20.0,2025
701358,Cam Smith,117,Houston Astros,,RF,2026,291.0,257.0,57.0,12.0,1.0,7.0,27.0,0.0,77.0,4.0,2.0,0.0,92.0,26.0,6.0,.222,.303,.358,.661,.286,36.71,1178.0,65.0,60.0,493.0,441.0,104.0,21.0,3.0,9.0,43.0,0.0,137.0,7.0,2.0,0.0,158.0,51.0,11.0,.236,.312,.358,.670,.320,49.00,2024.0,104.0,98.0,2025
682928,CJ Abrams,120,Washington Nationals,,SS,2026,320.0,279.0,79.0,14.0,2.0,16.0,29.0,2.0,66.0,9.0,3.0,0.0,145.0,56.0,4.0,.283,.366,.520,.886,.315,17.44,1218.0,56.0,81.0,635.0,580.0,149.0,35.0,5.0,19.0,37.0,1.0,125.0,14.0,3.0,1.0,251.0,60.0,5.0,.257,.315,.433,.748,.296,30.53,2320.0,141.0,169.0,2025
805808,Kevin McGonigle,116,Detroit Tigers,,SS,2026,321.0,273.0,77.0,16.0,3.0,6.0,46.0,0.0,42.0,2.0,0.0,0.0,117.0,26.0,2.0,.282,.389,.429,.818,.316,45.50,1313.0,50.0,104.0,,,,,,,,,,,,,,,,,,,,,,,,,2025
656305,Matt Chapman,137,San Francisco Giants,,3B,2026,318.0,278.0,68.0,17.0,1.0,7.0,33.0,1.0,69.0,4.0,3.0,0.0,108.0,41.0,6.0,.245,.330,.388,.718,.298,39.71,1275.0,73.0,71.0,535.0,454.0,105.0,23.0,2.0,21.0,71.0,1.0,126.0,6.0,4.0,0.0,195.0,61.0,8.0,.231,.340,.430,.770,.270,21.62,2209.0,96.0,131.0,2025
656302,Dylan Cease,141,Toronto Blue Jays,,P,2026,,,,,,,,,,,,,,,,,,,,,,,,,,,,,,,,,,,,,,,,,,,,,,,,,2025
621493,Taylor Ward,110,Baltimore Orioles,,LF,2026,354.0,286.0,72.0,17.0,0.0,3.0,63.0,1.0,72.0,3.0,2.0,0.0,98.0,20.0,6.0,.252,.390,.343,.733,.324,95.33,1489.0,66.0,78.0,663.0,579.0,132.0,31.0,2.0,36.0,75.0,1.0,175.0,3.0,6.0,0.0,275.0,103.0,13.0,.228,.317,.475,.792,.257,16.08,2788.0,112.0,166.0,2025
605130,Scott Barlow,133,Athletics,,P,2026,,,,,,,,,,,,,,,,,,,,,,,,,,,,,,,,,,,,,,,,,,,,,,,,,2025
805811,Bryce Eldridge,137,San Francisco Giants,,DH,2026,140.0,121.0,37.0,9.0,0.0,6.0,18.0,1.0,30.0,0.0,1.0,0.0,64.0,16.0,0.0,.306,.393,.529,.922,.360,20.17,577.0,24.0,31.0,37.0,28.0,3.0,2.0,0.0,0.0,7.0,0.0,13.0,1.0,1.0,0.0,5.0,4.0,0.0,.107,.297,.179,.476,.188,-.--,160.0,6.0,7.0,2025
701398,Sal Stewart,113,Cincinnati Reds,,1B,2026,327.0,282.0,71.0,16.0,0.0,14.0,41.0,3.0,67.0,1.0,3.0,0.0,129.0,53.0,6.0,.252,.346,.457,.803,.279,20.14,1287.0,74.0,73.0,58.0,55.0,14.0,1.0,0.0,5.0,3.0,0.0,15.0,0.0,0.0,0.0,30.0,8.0,1.0,.255,.293,.545,.838,.257,11.00,217.0,10.0,16.0,2025
605141,Mookie Betts,119,Los Angeles Dodgers,,SS,2026,182.0,166.0,36.0,6.0,0.0,8.0,14.0,0.0,23.0,1.0,1.0,0.0,66.0,19.0,6.0,.217,.280,.398,.678,.206,20.75,689.0,35.0,73.0,663.0,589.0,152.0,23.0,2.0,20.0,61.0,2.0,68.0,3.0,10.0,0.0,239.0,82.0,15.0,.258,.326,.406,.732,.258,29.45,2460.0,136.0,243.0,2025
672724,Oswald Peraza,108,Los Angeles Angels,,2B,2026,237.0,221.0,59.0,11.0,2.0,7.0,9.0,0.0,62.0,6.0,0.0,1.0,95.0,21.0,4.0,.267,.314,.430,.744,.342,31.57,850.0,56.0,45.0,265.0,244.0,40.0,6.0,0.0,5.0,17.0,0.0,80.0,2.0,1.0,0.0,61.0,20.0,6.0,.164,.223,.250,.473,.219,48.80,1005.0,70.0,55.0,2025
687064,Brandon Young,110,Baltimore Orioles,,P,2026,,,,,,,,,,,,,,,,,,,,,,,,,,,,,,,,,,,,,,,,,,,,,,,,,2025
607200,Erick Fedde,145,Chicago White Sox,,P,2026,,,,,,,,,,,,,,,,,,,,,,,,,,,,,,,,,,,,,,,,,,,,,,,,,2025
678882,Ceddanne Rafaela,111,Boston Red Sox,,CF,2026,276.0,255.0,73.0,17.0,2.0,7.0,14.0,0.0,57.0,6.0,0.0,1.0,115.0,32.0,7.0,.286,.338,.451,.789,.346,36.43,1039.0,64.0,62.0,587.0,546.0,136.0,34.0,4.0,16.0,28.0,0.0,117.0,8.0,2.0,3.0,226.0,63.0,9.0,.249,.295,.414,.709,.289,34.12,2128.0,139.0,159.0,2025
695257,Billy Cook,134,Pittsburgh Pirates,,RF,2026,24.0,24.0,4.0,0.0,0.0,0.0,0.0,0.0,10.0,0.0,0.0,0.0,4.0,0.0,0.0,.167,.167,.167,.334,.286,-.--,77.0,4.0,6.0,6.0,6.0,2.0,0.0,0.0,0.0,0.0,0.0,1.0,0.0,0.0,0.0,2.0,0.0,0.0,.333,.333,.333,.666,.400,-.--,20.0,2.0,1.0,2025
687075,Brandon Sproat,158,Milwaukee Brewers,,P,2026,,,,,,,,,,,,,,,,,,,,,,,,,,,,,,,,,,,,,,,,,,,,,,,,,2025
682982,Daniel Espino,114,Cleveland Guardians,,P,2026,,,,,,,,,,,,,,,,,,,,,,,,,,,,,,,,,,,,,,,,,,,,,,,,,2025
642020,Chuckie Robinson,119,Los Angeles Dodgers,,C,2026,6.0,5.0,0.0,0.0,0.0,0.0,0.0,0.0,1.0,0.0,0.0,1.0,0.0,0.0,0.0,.000,.000,.000,.000,.000,-.--,20.0,3.0,2.0,2.0,1.0,0.0,0.0,0.0,0.0,0.0,0.0,0.0,0.0,0.0,1.0,0.0,0.0,0.0,.000,.000,.000,.000,.000,-.--,4.0,2.0,0.0,2025
691176,Jasson Domínguez,147,New York Yankees,,DH,2026,58.0,54.0,13.0,5.0,0.0,2.0,2.0,0.0,9.0,1.0,0.0,0.0,24.0,5.0,0.0,.241,.281,.444,.725,.256,27.00,211.0,20.0,12.0,429.0,381.0,98.0,18.0,1.0,10.0,41.0,1.0,115.0,3.0,4.0,0.0,148.0,47.0,5.0,.257,.331,.388,.719,.338,38.10,1692.0,80.0,92.0,2025
682985,Riley Greene,116,Detroit Tigers,,LF,2026,318.0,275.0,79.0,16.0,0.0,8.0,39.0,0.0,89.0,2.0,2.0,0.0,119.0,33.0,8.0,.287,.377,.433,.810,.394,34.38,1326.0,44.0,65.0,655.0,600.0,155.0,31.0,1.0,36.0,46.0,1.0,201.0,4.0,5.0,0.0,296.0,111.0,14.0,.258,.313,.493,.806,.323,16.67,2706.0,118.0,131.0,2025
682987,Spencer Jones,147,New York Yankees,,RF,2026,62.0,53.0,12.0,2.0,0.0,2.0,9.0,0.0,25.0,0.0,0.0,0.0,20.0,7.0,0.0,.226,.339,.377,.716,.385,26.50,285.0,5.0,11.0,,,,,,,,,,,,,,,,,,,,,,,,,2025
607208,Trea Turner,143,Philadelphia Phillies,,SS,2026,324.0,301.0,68.0,12.0,0.0,7.0,20.0,0.0,72.0,2.0,1.0,0.0,101.0,22.0,4.0,.226,.278,.336,.614,.274,43.00,1225.0,80.0,82.0,639.0,589.0,179.0,31.0,7.0,15.0,43.0,1.0,107.0,5.0,2.0,0.0,269.0,69.0,11.0,.304,.355,.457,.812,.350,39.27,2407.0,159.0,146.0,2025
625643,Reynaldo López,144,Atlanta Braves,,P,2026,0.0,0.0,0.0,0.0,0.0,0.0,0.0,0.0,0.0,0.0,0.0,0.0,0.0,0.0,0.0,.000,.000,.000,.000,.---,-.--,0.0,0.0,0.0,,,,,,,,,,,,,,,,,,,,,,,,,2025
592885,Christian Yelich,158,Milwaukee Brewers,,DH,2026,192.0,171.0,47.0,9.0,1.0,5.0,19.0,2.0,54.0,1.0,1.0,0.0,73.0,24.0,1.0,.275,.349,.427,.776,.372,34.20,838.0,47.0,24.0,644.0,573.0,151.0,21.0,0.0,29.0,64.0,6.0,167.0,6.0,1.0,0.0,259.0,103.0,6.0,.264,.343,.452,.795,.323,19.76,2601.0,174.0,82.0,2025
682997,Tyler Callihan,134,Pittsburgh Pirates,,LF,2026,44.0,36.0,10.0,2.0,1.0,2.0,7.0,0.0,12.0,1.0,0.0,0.0,20.0,6.0,0.0,.278,.409,.556,.965,.364,18.00,184.0,2.0,12.0,6.0,6.0,1.0,0.0,0.0,0.0,0.0,0.0,1.0,0.0,0.0,0.0,1.0,1.0,0.0,.167,.167,.167,.334,.200,-.--,22.0,3.0,1.0,2025
687093,Vaughn Grissom,108,Los Angeles Angels,,2B,2026,168.0,146.0,34.0,10.0,0.0,4.0,15.0,0.0,19.0,3.0,3.0,0.0,56.0,27.0,7.0,.233,.311,.384,.695,.238,36.50,657.0,44.0,52.0,,,,,,,,,,,,,,,,,,,,,,,,,2025
678906,Kai-Wei Teng,117,Houston Astros,,P,2026,,,,,,,,,,,,,,,,,,,,,,,,,,,,,,,,,,,,,,,,,,,,,,,,,2025
683003,Jared Jones,134,Pittsburgh Pirates,,P,2026,,,,,,,,,,,,,,,,,,,,,,,,,,,,,,,,,,,,,,,,,,,,,,,,,2025
689147,Orion Kerkering,143,Philadelphia Phillies,,P,2026,,,,,,,,,,,,,,,,,,,,,,,,,,,,,,,,,,,,,,,,,,,,,,,,,2025
683002,Gunnar Henderson,110,Baltimore Orioles,,SS,2026,351.0,318.0,70.0,13.0,1.0,16.0,28.0,0.0,86.0,4.0,1.0,0.0,133.0,38.0,3.0,.220,.291,.418,.709,.249,19.88,1386.0,79.0,84.0,651.0,577.0,158.0,34.0,5.0,17.0,62.0,6.0,137.0,7.0,5.0,0.0,253.0,68.0,7.0,.274,.349,.438,.787,.329,33.94,2506.0,161.0,126.0,2025
668670,Jake Rogers,116,Detroit Tigers,,C,2026,75.0,65.0,10.0,2.0,1.0,1.0,6.0,0.0,24.0,1.0,2.0,1.0,17.0,6.0,0.0,.154,.230,.262,.492,.214,65.00,301.0,10.0,24.0,142.0,123.0,23.0,5.0,2.0,3.0,15.0,0.0,39.0,1.0,2.0,1.0,41.0,19.0,3.0,.187,.277,.333,.610,.241,41.00,570.0,34.0,30.0,2025
621566,Matt Olson,144,Atlanta Braves,,1B,2026,329.0,293.0,80.0,19.0,0.0,20.0,32.0,2.0,74.0,1.0,3.0,0.0,159.0,51.0,2.0,.273,.343,.543,.886,.297,14.65,1423.0,60.0,82.0,724.0,624.0,170.0,41.0,2.0,29.0,91.0,2.0,176.0,4.0,5.0,0.0,302.0,95.0,14.0,.272,.366,.484,.850,.333,21.52,3166.0,133.0,150.0,2025
666624,Christopher Morel,146,Miami Marlins,,1B,2026,73.0,68.0,11.0,3.0,0.0,0.0,4.0,0.0,28.0,1.0,0.0,0.0,14.0,1.0,0.0,.162,.219,.206,.425,.275,-.--,257.0,13.0,16.0,305.0,278.0,61.0,16.0,0.0,11.0,25.0,0.0,109.0,2.0,0.0,0.0,110.0,33.0,8.0,.219,.289,.396,.685,.316,25.27,1177.0,40.0,68.0,2025
699393,Pedro Ramírez,112,Chicago Cubs,,2B,2026,40.0,37.0,10.0,2.0,0.0,1.0,3.0,0.0,3.0,0.0,0.0,0.0,15.0,4.0,2.0,.270,.325,.405,.730,.273,37.00,131.0,15.0,9.0,,,,,,,,,,,,,,,,,,,,,,,,,2025
668674,Lucas Erceg,118,Kansas City Royals,,P,2026,0.0,0.0,0.0,0.0,0.0,0.0,0.0,0.0,0.0,0.0,0.0,0.0,0.0,0.0,0.0,.000,.000,.000,.000,.---,-.--,0.0,0.0,0.0,0.0,0.0,0.0,0.0,0.0,0.0,0.0,0.0,0.0,0.0,0.0,0.0,0.0,0.0,0.0,.000,.000,.000,.000,.---,-.--,0.0,0.0,0.0,2025
683011,Anthony Volpe,147,New York Yankees,,SS,2026,101.0,86.0,23.0,5.0,1.0,1.0,15.0,0.0,20.0,0.0,0.0,0.0,33.0,13.0,0.0,.267,.376,.384,.760,.338,86.00,404.0,17.0,26.0,596.0,539.0,114.0,32.0,4.0,19.0,43.0,0.0,150.0,4.0,7.0,3.0,211.0,72.0,10.0,.212,.272,.391,.663,.252,28.37,2397.0,135.0,150.0,2025
553993,Eugenio Suárez,113,Cincinnati Reds,,DH,2026,190.0,174.0,37.0,7.0,0.0,7.0,15.0,0.0,64.0,0.0,1.0,0.0,65.0,25.0,2.0,.213,.274,.374,.648,.288,24.86,754.0,34.0,40.0,657.0,588.0,134.0,28.0,0.0,49.0,46.0,2.0,196.0,16.0,7.0,0.0,309.0,118.0,11.0,.228,.298,.526,.824,.243,12.00,2606.0,100.0,165.0,2025
500743,Miguel Rojas,119,Los Angeles Dodgers,,SS,2026,127.0,111.0,29.0,5.0,0.0,2.0,9.0,0.0,14.0,2.0,3.0,2.0,40.0,12.0,5.0,.261,.320,.360,.680,.276,55.50,454.0,37.0,36.0,317.0,290.0,76.0,18.0,0.0,7.0,24.0,1.0,46.0,0.0,0.0,3.0,115.0,27.0,7.0,.262,.318,.397,.715,.291,41.43,1166.0,83.0,88.0,2025
676879,Aaron Ashby,158,Milwaukee Brewers,,P,2026,,,,,,,,,,,,,,,,,,,,,,,,,,,,,,,,,,,,,,,,,,,,,,,,,2025
543760,Marcus Semien,121,New York Mets,,2B,2026,302.0,275.0,61.0,8.0,1.0,9.0,22.0,0.0,63.0,1.0,3.0,1.0,98.0,29.0,8.0,.222,.279,.356,.635,.252,30.56,1112.0,57.0,98.0,534.0,470.0,108.0,16.0,1.0,15.0,50.0,0.0,93.0,5.0,9.0,0.0,171.0,62.0,8.0,.230,.305,.364,.669,.251,31.33,2075.0,101.0,177.0,2025
607259,Nick Martinez,139,Tampa Bay Rays,,P,2026,,,,,,,,,,,,,,,,,,,,,,,,,,,,,,,,,,,,,,,,,,,,,,,,,2025
674841,Andrew Alvarez,120,Washington Nationals,,P,2026,,,,,,,,,,,,,,,,,,,,,,,,,,,,,,,,,,,,,,,,,,,,,,,,,2025
656413,Stuart Fairchild,114,Cleveland Guardians,,RF,2026,23.0,16.0,3.0,0.0,0.0,0.0,6.0,0.0,12.0,1.0,0.0,0.0,3.0,1.0,0.0,.188,.435,.188,.623,.750,-.--,95.0,0.0,1.0,55.0,51.0,11.0,4.0,1.0,0.0,4.0,0.0,15.0,0.0,0.0,0.0,17.0,2.0,2.0,.216,.273,.333,.606,.306,-.--,195.0,9.0,16.0,2025
668709,JJ Bleday,113,Cincinnati Reds,,LF,2026,205.0,174.0,45.0,11.0,1.0,13.0,28.0,1.0,39.0,1.0,2.0,0.0,97.0,35.0,3.0,.259,.361,.557,.918,.258,13.38,813.0,29.0,63.0,344.0,307.0,65.0,17.0,0.0,14.0,36.0,2.0,91.0,0.0,1.0,0.0,124.0,39.0,6.0,.212,.294,.404,.698,.251,21.93,1328.0,61.0,91.0,2025
668715,Spencer Steer,113,Cincinnati Reds,,LF,2026,288.0,254.0,61.0,12.0,0.0,12.0,29.0,0.0,64.0,3.0,2.0,0.0,109.0,31.0,7.0,.240,.323,.429,.752,.272,21.17,1149.0,61.0,70.0,568.0,509.0,121.0,21.0,2.0,21.0,51.0,0.0,129.0,5.0,2.0,1.0,209.0,75.0,12.0,.238,.312,.411,.723,.277,24.24,2316.0,99.0,163.0,2025
642086,Dominic Smith,144,Atlanta Braves,,DH,2026,181.0,164.0,47.0,5.0,1.0,6.0,10.0,0.0,25.0,1.0,5.0,1.0,72.0,31.0,4.0,.287,.322,.439,.761,.297,27.33,669.0,43.0,55.0,225.0,204.0,58.0,12.0,0.0,5.0,15.0,0.0,42.0,2.0,4.0,0.0,85.0,33.0,5.0,.284,.333,.417,.750,.329,40.80,848.0,46.0,62.0,2025
670764,Taylor Walls,139,Tampa Bay Rays,,SS,2026,199.0,165.0,36.0,7.0,2.0,0.0,24.0,0.0,49.0,2.0,2.0,6.0,47.0,18.0,2.0,.218,.321,.285,.606,.305,-.--,810.0,36.0,52.0,317.0,282.0,62.0,14.0,1.0,4.0,26.0,0.0,70.0,0.0,6.0,3.0,90.0,38.0,1.0,.220,.280,.319,.599,.271,70.50,1278.0,70.0,89.0,2025
676914,Davis Schneider,141,Toronto Blue Jays,,LF,2026,110.0,91.0,15.0,5.0,0.0,3.0,18.0,0.0,35.0,0.0,0.0,1.0,29.0,11.0,1.0,.165,.303,.319,.622,.226,30.33,481.0,15.0,27.0,227.0,188.0,44.0,5.0,0.0,11.0,36.0,0.0,60.0,2.0,1.0,0.0,82.0,31.0,4.0,.234,.361,.436,.797,.280,17.09,1012.0,26.0,59.0,2025
642100,Gabe Speier,136,Seattle Mariners,,P,2026,0.0,0.0,0.0,0.0,0.0,0.0,0.0,0.0,0.0,0.0,0.0,0.0,0.0,0.0,0.0,.000,.000,.000,.000,.---,-.--,0.0,0.0,0.0,,,,,,,,,,,,,,,,,,,,,,,,,2025
668723,Ryan Vilade,139,Tampa Bay Rays,,RF,2026,127.0,111.0,32.0,5.0,1.0,4.0,12.0,0.0,23.0,0.0,3.0,1.0,51.0,25.0,2.0,.288,.349,.459,.808,.322,27.75,529.0,24.0,36.0,15.0,13.0,1.0,0.0,0.0,0.0,2.0,0.0,5.0,0.0,0.0,0.0,1.0,0.0,1.0,.077,.200,.077,.277,.125,-.--,60.0,6.0,1.0,2025
676917,Cade Cavalli,120,Washington Nationals,,P,2026,,,,,,,,,,,,,,,,,,,,,,,,,0.0,0.0,0.0,0.0,0.0,0.0,0.0,0.0,0.0,0.0,0.0,0.0,0.0,0.0,0.0,.000,.000,.000,.000,.---,-.--,0.0,0.0,0.0,2025
693304,Nick Gonzales,134,Pittsburgh Pirates,,3B,2026,288.0,266.0,77.0,11.0,1.0,2.0,16.0,0.0,51.0,5.0,1.0,0.0,96.0,33.0,8.0,.289,.340,.361,.701,.350,133.00,1054.0,82.0,57.0,408.0,381.0,99.0,18.0,3.0,5.0,21.0,0.0,73.0,2.0,4.0,0.0,138.0,30.0,12.0,.260,.299,.362,.661,.306,76.20,1405.0,104.0,109.0,2025
543807,George Springer,141,Toronto Blue Jays,,DH,2026,243.0,211.0,47.0,11.0,0.0,8.0,25.0,0.0,43.0,3.0,1.0,0.0,82.0,21.0,5.0,.223,.313,.389,.702,.242,26.38,964.0,59.0,63.0,586.0,498.0,154.0,27.0,1.0,32.0,69.0,3.0,111.0,8.0,4.0,0.0,279.0,84.0,14.0,.309,.399,.560,.959,.340,15.56,2307.0,105.0,132.0,2025
693307,Dillon Dingler,116,Detroit Tigers,,C,2026,287.0,255.0,68.0,14.0,2.0,17.0,22.0,0.0,59.0,6.0,2.0,0.0,137.0,53.0,7.0,.267,.337,.537,.874,.282,15.00,1107.0,55.0,75.0,469.0,435.0,121.0,21.0,2.0,13.0,23.0,2.0,110.0,9.0,1.0,0.0,185.0,57.0,5.0,.278,.327,.425,.752,.345,33.46,1793.0,91.0,114.0,2025
685126,Brandon Eisert,145,Chicago White Sox,,P,2026,,,,,,,,,,,,,,,,,,,,,,,,,,,,,,,,,,,,,,,,,,,,,,,,,2025
642121,Cole Sulser,139,Tampa Bay Rays,,P,2026,,,,,,,,,,,,,,,,,,,,,,,,,,,,,,,,,,,,,,,,,,,,,,,,,2025
519242,Chris Sale,144,Atlanta Braves,,P,2026,,,,,,,,,,,,,,,,,,,,,,,,,,,,,,,,,,,,,,,,,,,,,,,,,2025
683083,Nasim Nuñez,120,Washington Nationals,,2B,2026,247.0,213.0,49.0,4.0,3.0,0.0,26.0,0.0,53.0,1.0,1.0,6.0,59.0,24.0,1.0,.230,.315,.277,.592,.304,-.--,999.0,65.0,53.0,92.0,82.0,19.0,2.0,0.0,4.0,8.0,0.0,20.0,0.0,1.0,1.0,33.0,13.0,1.0,.232,.297,.402,.699,.254,20.50,417.0,26.0,19.0,2025
685133,Wade Meckler,108,Los Angeles Angels,,LF,2026,89.0,80.0,23.0,6.0,0.0,2.0,9.0,0.0,19.0,0.0,0.0,0.0,35.0,13.0,0.0,.288,.360,.438,.798,.356,40.00,298.0,19.0,19.0,,,,,,,,,,,,,,,,,,,,,,,,,2025
695380,Alex Hoppe,136,Seattle Mariners,,P,2026,,,,,,,,,,,,,,,,,,,,,,,,,,,,,,,,,,,,,,,,,,,,,,,,,2025
642133,Rowdy Tellez,144,Atlanta Braves,,1B,2026,4.0,4.0,0.0,0.0,0.0,0.0,0.0,0.0,2.0,0.0,0.0,0.0,0.0,0.0,0.0,.000,.000,.000,.000,.000,-.--,18.0,0.0,2.0,312.0,289.0,66.0,11.0,0.0,17.0,17.0,0.0,83.0,3.0,3.0,0.0,128.0,49.0,9.0,.228,.276,.443,.719,.255,17.00,1286.0,62.0,81.0,2025
650333,Luis Arraez,137,San Francisco Giants,,2B,2026,326.0,293.0,94.0,15.0,6.0,3.0,18.0,3.0,13.0,3.0,7.0,5.0,130.0,30.0,5.0,.321,.358,.444,.802,.320,97.67,1190.0,90.0,108.0,675.0,620.0,181.0,30.0,4.0,8.0,34.0,0.0,21.0,2.0,7.0,12.0,243.0,61.0,12.0,.292,.327,.392,.719,.289,77.50,2467.0,215.0,222.0,2025
646240,Rafael Devers,137,San Francisco Giants,,1B,2026,324.0,295.0,71.0,23.0,1.0,11.0,26.0,2.0,96.0,1.0,2.0,0.0,129.0,36.0,7.0,.241,.302,.437,.739,.316,26.82,1317.0,64.0,66.0,729.0,607.0,153.0,33.0,0.0,35.0,112.0,10.0,192.0,6.0,4.0,0.0,291.0,109.0,16.0,.252,.372,.479,.851,.307,17.34,3060.0,139.0,127.0,2025
646241,Enmanuel De Jesus,116,Detroit Tigers,,P,2026,,,,,,,,,,,,,,,,,,,,,,,,,,,,,,,,,,,,,,,,,,,,,,,,,2025
676962,Ben Brown,112,Chicago Cubs,,P,2026,,,,,,,,,,,,,,,,,,,,,,,,,,,,,,,,,,,,,,,,,,,,,,,,,2025
701542,Will Warren,147,New York Yankees,,P,2026,,,,,,,,,,,,,,,,,,,,,,,,,,,,,,,,,,,,,,,,,,,,,,,,,2025
689254,Mason Fluharty,141,Toronto Blue Jays,,P,2026,,,,,,,,,,,,,,,,,,,,,,,,,,,,,,,,,,,,,,,,,,,,,,,,,2025
605288,Adrian Houser,137,San Francisco Giants,,P,2026,,,,,,,,,,,,,,,,,,,,,,,,,,,,,,,,,,,,,,,,,,,,,,,,,2025
687209,Zach Maxwell,113,Cincinnati Reds,,P,2026,,,,,,,,,,,,,,,,,,,,,,,,,,,,,,,,,,,,,,,,,,,,,,,,,2025
656492,Foster Griffin,120,Washington Nationals,,P,2026,,,,,,,,,,,,,,,,,,,,,,,,,,,,,,,,,,,,,,,,,,,,,,,,,2025
676974,Max Meyer,146,Miami Marlins,,P,2026,,,,,,,,,,,,,,,,,,,,,,,,,,,,,,,,,,,,,,,,,,,,,,,,,2025
689266,Dylan Dodd,144,Atlanta Braves,,P,2026,,,,,,,,,,,,,,,,,,,,,,,,,,,,,,,,,,,,,,,,,,,,,,,,,2025
805999,A.J. Ewing,121,New York Mets,,CF,2026,138.0,120.0,31.0,6.0,1.0,2.0,15.0,0.0,40.0,0.0,1.0,2.0,45.0,12.0,0.0,.258,.338,.375,.713,.367,60.00,584.0,25.0,27.0,,,,,,,,,,,,,,,,,,,,,,,,,2025
687221,Dalton Rushing,119,Los Angeles Dodgers,,C,2026,151.0,133.0,34.0,7.0,0.0,8.0,14.0,0.0,40.0,4.0,0.0,0.0,65.0,22.0,2.0,.256,.344,.489,.833,.306,16.62,549.0,26.0,33.0,155.0,142.0,29.0,5.0,0.0,4.0,10.0,0.0,58.0,1.0,2.0,0.0,46.0,24.0,1.0,.204,.258,.324,.582,.305,35.50,600.0,22.0,35.0,2025
703607,Henry Bolte,133,Athletics,,CF,2026,126.0,108.0,34.0,5.0,0.0,2.0,11.0,0.0,36.0,5.0,2.0,0.0,45.0,9.0,1.0,.315,.397,.417,.814,.444,54.00,442.0,25.0,15.0,,,,,,,,,,,,,,,,,,,,,,,,,2025
695418,Brad Lord,120,Washington Nationals,,P,2026,0.0,0.0,0.0,0.0,0.0,0.0,0.0,0.0,0.0,0.0,0.0,0.0,0.0,0.0,0.0,.000,.000,.000,.000,.---,-.--,0.0,0.0,0.0,,,,,,,,,,,,,,,,,,,,,,,,,2025
681082,Bryson Stott,143,Philadelphia Phillies,,2B,2026,265.0,242.0,57.0,14.0,3.0,6.0,19.0,0.0,43.0,1.0,1.0,2.0,95.0,36.0,5.0,.236,.293,.393,.686,.263,40.33,1062.0,65.0,80.0,560.0,499.0,128.0,22.0,3.0,13.0,54.0,1.0,91.0,1.0,4.0,2.0,195.0,66.0,4.0,.257,.328,.391,.719,.288,38.38,2466.0,116.0,170.0,2025
664702,Myles Straw,141,Toronto Blue Jays,,RF,2026,136.0,120.0,29.0,5.0,0.0,2.0,13.0,0.0,21.0,0.0,1.0,2.0,40.0,9.0,1.0,.242,.313,.333,.646,.276,60.00,534.0,34.0,39.0,299.0,267.0,70.0,14.0,1.0,4.0,19.0,0.0,50.0,1.0,1.0,11.0,98.0,32.0,5.0,.262,.313,.367,.680,.308,66.75,1104.0,68.0,91.0,2025
668804,Bryan Reynolds,134,Pittsburgh Pirates,,LF,2026,330.0,274.0,78.0,17.0,2.0,10.0,49.0,2.0,70.0,5.0,2.0,0.0,129.0,48.0,4.0,.285,.400,.471,.871,.347,27.40,1300.0,72.0,56.0,654.0,587.0,144.0,38.0,3.0,16.0,57.0,1.0,173.0,7.0,3.0,0.0,236.0,73.0,15.0,.245,.318,.402,.720,.319,36.69,2631.0,155.0,118.0,2025
543877,Christian Vázquez,117,Houston Astros,,C,2026,164.0,149.0,33.0,6.0,0.0,4.0,13.0,1.0,27.0,0.0,0.0,2.0,51.0,19.0,1.0,.221,.284,.342,.626,.246,37.25,642.0,44.0,47.0,214.0,190.0,36.0,7.0,0.0,3.0,18.0,0.0,35.0,4.0,2.0,0.0,52.0,14.0,3.0,.189,.271,.274,.545,.214,63.33,833.0,48.0,73.0,2025
547973,Aroldis Chapman,111,Boston Red Sox,,P,2026,0.0,0.0,0.0,0.0,0.0,0.0,0.0,0.0,0.0,0.0,0.0,0.0,0.0,0.0,0.0,.000,.000,.000,.000,.---,-.--,0.0,0.0,0.0,0.0,0.0,0.0,0.0,0.0,0.0,0.0,0.0,0.0,0.0,0.0,0.0,0.0,0.0,0.0,.000,.000,.000,.000,.---,-.--,0.0,0.0,0.0,2025
683146,Brett Baty,121,New York Mets,,3B,2026,250.0,222.0,49.0,9.0,1.0,3.0,22.0,0.0,71.0,3.0,2.0,0.0,69.0,26.0,2.0,.221,.297,.311,.608,.307,74.00,1017.0,51.0,53.0,432.0,393.0,100.0,13.0,2.0,18.0,33.0,0.0,108.0,2.0,3.0,0.0,171.0,50.0,6.0,.254,.313,.435,.748,.304,21.83,1753.0,117.0,71.0,2025
656529,Sam Hentges,137,San Francisco Giants,,P,2026,0.0,0.0,0.0,0.0,0.0,0.0,0.0,0.0,0.0,0.0,0.0,0.0,0.0,0.0,0.0,.000,.000,.000,.000,.---,-.--,0.0,0.0,0.0,,,,,,,,,,,,,,,,,,,,,,,,,2025
642201,Eli White,144,Atlanta Braves,,CF,2026,100.0,92.0,21.0,4.0,1.0,3.0,6.0,0.0,19.0,1.0,1.0,0.0,36.0,14.0,1.0,.228,.280,.391,.671,.254,30.67,387.0,35.0,18.0,271.0,256.0,60.0,8.0,3.0,10.0,11.0,1.0,70.0,2.0,1.0,1.0,104.0,35.0,2.0,.234,.270,.406,.676,.282,25.60,1001.0,61.0,67.0,2025
656537,Derek Hill,143,Philadelphia Phillies,,RF,2026,102.0,92.0,20.0,1.0,0.0,4.0,7.0,0.0,35.0,1.0,0.0,2.0,33.0,9.0,1.0,.217,.280,.359,.639,.302,23.00,391.0,22.0,17.0,149.0,134.0,29.0,6.0,0.0,3.0,9.0,0.0,48.0,3.0,0.0,3.0,44.0,11.0,3.0,.216,.281,.328,.609,.313,44.67,579.0,32.0,28.0,2025
687263,Zach Neto,108,Los Angeles Angels,,SS,2026,344.0,297.0,67.0,15.0,2.0,16.0,39.0,1.0,110.0,7.0,1.0,0.0,134.0,37.0,2.0,.226,.328,.451,.779,.297,18.56,1368.0,45.0,76.0,554.0,502.0,129.0,29.0,1.0,26.0,33.0,6.0,149.0,14.0,3.0,2.0,238.0,62.0,5.0,.257,.319,.474,.793,.312,19.31,2171.0,96.0,133.0,2025
642207,Devin Williams,121,New York Mets,,P,2026,0.0,0.0,0.0,0.0,0.0,0.0,0.0,0.0,0.0,0.0,0.0,0.0,0.0,0.0,0.0,.000,.000,.000,.000,.---,-.--,0.0,0.0,0.0,,,,,,,,,,,,,,,,,,,,,,,,,2025
656546,Jeff Hoffman,141,Toronto Blue Jays,,P,2026,,,,,,,,,,,,,,,,,,,,,,,,,0.0,0.0,0.0,0.0,0.0,0.0,0.0,0.0,0.0,0.0,0.0,0.0,0.0,0.0,0.0,.000,.000,.000,.000,.---,-.--,0.0,0.0,0.0,2025
656550,Grant Holmes,144,Atlanta Braves,,P,2026,,,,,,,,,,,,,,,,,,,,,,,,,,,,,,,,,,,,,,,,,,,,,,,,,2025
642215,Weston Wilson,136,Seattle Mariners,,3B,2026,49.0,42.0,9.0,1.0,0.0,1.0,6.0,0.0,11.0,1.0,0.0,0.0,13.0,3.0,0.0,.214,.327,.310,.637,.267,42.00,203.0,8.0,14.0,125.0,111.0,22.0,4.0,0.0,5.0,12.0,0.0,34.0,1.0,0.0,1.0,41.0,17.0,1.0,.198,.282,.369,.651,.236,22.20,536.0,30.0,26.0,2025
687282,Gabriel Rincones Jr.,143,Philadelphia Phillies,,RF,2026,19.0,19.0,2.0,0.0,0.0,1.0,0.0,0.0,5.0,0.0,0.0,0.0,5.0,2.0,1.0,.105,.105,.263,.368,.077,19.00,67.0,6.0,6.0,,,,,,,,,,,,,,,,,,,,,,,,,2025
656555,Rhys Hoskins,114,Cleveland Guardians,,1B,2026,218.0,177.0,31.0,12.0,0.0,7.0,35.0,0.0,66.0,2.0,4.0,0.0,64.0,26.0,3.0,.175,.312,.362,.674,.222,25.29,924.0,29.0,55.0,328.0,279.0,66.0,12.0,1.0,12.0,38.0,2.0,91.0,5.0,6.0,0.0,116.0,43.0,6.0,.237,.332,.416,.748,.297,23.25,1429.0,41.0,87.0,2025
806068,Colt Emerson,136,Seattle Mariners,,3B,2026,100.0,91.0,20.0,5.0,1.0,6.0,7.0,0.0,31.0,2.0,0.0,0.0,45.0,16.0,1.0,.220,.290,.495,.785,.259,15.17,416.0,21.0,19.0,,,,,,,,,,,,,,,,,,,,,,,,,2025
642232,Ryan Yarbrough,147,New York Yankees,,P,2026,,,,,,,,,,,,,,,,,,,,,,,,,,,,,,,,,,,,,,,,,,,,,,,,,2025
666808,Camilo Doval,147,New York Yankees,,P,2026,,,,,,,,,,,,,,,,,,,,,,,,,,,,,,,,,,,,,,,,,,,,,,,,,2025
693433,Bryan Woo,136,Seattle Mariners,,P,2026,,,,,,,,,,,,,,,,,,,,,,,,,,,,,,,,,,,,,,,,,,,,,,,,,2025
664761,Alec Bohm,143,Philadelphia Phillies,,3B,2026,288.0,264.0,61.0,10.0,0.0,9.0,18.0,0.0,41.0,2.0,4.0,0.0,98.0,41.0,7.0,.231,.281,.371,.652,.239,29.33,1044.0,91.0,75.0,504.0,464.0,133.0,18.0,3.0,11.0,29.0,0.0,82.0,5.0,6.0,0.0,190.0,59.0,16.0,.287,.331,.409,.740,.324,42.18,1801.0,140.0,115.0,2025
672960,Kazuma Okamoto,141,Toronto Blue Jays,,3B,2026,306.0,271.0,62.0,10.0,0.0,16.0,29.0,0.0,99.0,4.0,2.0,0.0,120.0,45.0,5.0,.229,.310,.443,.753,.291,16.94,1291.0,47.0,65.0,,,,,,,,,,,,,,,,,,,,,,,,,2025
695490,Edwin Arroyo,113,Cincinnati Reds,,2B,2026,52.0,47.0,12.0,2.0,0.0,0.0,2.0,0.0,13.0,2.0,1.0,0.0,14.0,2.0,0.0,.255,.308,.298,.606,.343,-.--,191.0,12.0,11.0,,,,,,,,,,,,,,,,,,,,,,,,,2025
664770,Nathan Lukes,141,Toronto Blue Jays,,RF,2026,146.0,134.0,41.0,8.0,0.0,2.0,6.0,0.0,22.0,4.0,1.0,1.0,55.0,14.0,6.0,.306,.352,.410,.762,.351,67.00,584.0,43.0,30.0,438.0,388.0,99.0,19.0,2.0,12.0,38.0,2.0,60.0,2.0,3.0,7.0,158.0,65.0,12.0,.255,.323,.407,.730,.273,32.33,1662.0,125.0,114.0,2025
656582,Connor Joe,136,Seattle Mariners,,RF,2026,45.0,39.0,7.0,2.0,0.0,1.0,6.0,0.0,15.0,0.0,0.0,0.0,12.0,3.0,1.0,.179,.289,.308,.597,.261,39.00,210.0,7.0,10.0,80.0,70.0,13.0,4.0,0.0,0.0,7.0,0.0,20.0,1.0,2.0,0.0,17.0,4.0,2.0,.186,.263,.243,.506,.250,-.--,334.0,16.0,23.0,2025
668873,Caleb Kilian,137,San Francisco Giants,,P,2026,,,,,,,,,,,,,,,,,,,,,,,,,,,,,,,,,,,,,,,,,,,,,,,,,2025
660688,Keibert Ruiz,120,Washington Nationals,,C,2026,164.0,157.0,44.0,14.0,0.0,6.0,4.0,0.0,21.0,1.0,2.0,0.0,76.0,29.0,5.0,.280,.299,.484,.783,.288,26.17,539.0,44.0,50.0,267.0,255.0,63.0,12.0,0.0,2.0,8.0,0.0,26.0,3.0,1.0,0.0,81.0,25.0,4.0,.247,.277,.318,.595,.268,127.50,888.0,93.0,74.0,2025
691406,Junior Caminero,139,Tampa Bay Rays,,3B,2026,320.0,275.0,78.0,12.0,0.0,15.0,43.0,4.0,55.0,0.0,2.0,0.0,135.0,34.0,12.0,.284,.378,.491,.869,.304,18.33,1240.0,90.0,54.0,653.0,602.0,159.0,28.0,0.0,45.0,41.0,1.0,125.0,3.0,7.0,0.0,322.0,110.0,31.0,.264,.311,.535,.846,.260,13.38,2494.0,169.0,156.0,2025
695505,Chase Burns,113,Cincinnati Reds,,P,2026,,,,,,,,,,,,,,,,,,,,,,,,,,,,,,,,,,,,,,,,,,,,,,,,,2025
695506,Jac Caglianone,118,Kansas City Royals,,RF,2026,267.0,241.0,65.0,12.0,1.0,10.0,22.0,0.0,79.0,4.0,0.0,0.0,109.0,24.0,3.0,.270,.341,.452,.793,.362,24.10,1030.0,50.0,47.0,232.0,210.0,33.0,6.0,1.0,7.0,18.0,0.0,52.0,4.0,0.0,0.0,62.0,18.0,4.0,.157,.237,.295,.532,.172,30.00,858.0,67.0,58.0,2025
605400,Aaron Nola,143,Philadelphia Phillies,,P,2026,,,,,,,,,,,,,,,,,,,,,,,,,,,,,,,,,,,,,,,,,,,,,,,,,2025
656605,Mitch Keller,134,Pittsburgh Pirates,,P,2026,,,,,,,,,,,,,,,,,,,,,,,,,,,,,,,,,,,,,,,,,,,,,,,,,2025
687330,Kevin Kelly,139,Tampa Bay Rays,,P,2026,,,,,,,,,,,,,,,,,,,,,,,,,0.0,0.0,0.0,0.0,0.0,0.0,0.0,0.0,0.0,0.0,0.0,0.0,0.0,0.0,0.0,.000,.000,.000,.000,.---,-.--,0.0,0.0,0.0,2025
668901,Mark Vientos,121,New York Mets,,1B,2026,223.0,211.0,47.0,9.0,0.0,9.0,8.0,0.0,51.0,2.0,2.0,0.0,83.0,32.0,10.0,.223,.256,.393,.649,.248,23.44,784.0,53.0,62.0,463.0,424.0,99.0,21.0,2.0,17.0,30.0,0.0,115.0,5.0,4.0,0.0,175.0,61.0,11.0,.233,.289,.413,.702,.277,24.94,1764.0,113.0,101.0,2025
670950,Trevor Richards,145,Chicago White Sox,,P,2026,,,,,,,,,,,,,,,,,,,,,,,,,0.0,0.0,0.0,0.0,0.0,0.0,0.0,0.0,0.0,0.0,0.0,0.0,0.0,0.0,0.0,.000,.000,.000,.000,.---,-.--,0.0,0.0,0.0,2025
699625,Jimmy Crooks,138,St. Louis Cardinals,,C,2026,41.0,36.0,6.0,2.0,0.0,1.0,5.0,0.0,10.0,0.0,0.0,0.0,11.0,6.0,1.0,.167,.268,.306,.574,.200,36.00,168.0,10.0,10.0,46.0,45.0,6.0,0.0,1.0,1.0,0.0,0.0,17.0,1.0,0.0,0.0,11.0,1.0,1.0,.133,.152,.244,.396,.185,45.00,199.0,8.0,14.0,2025
701675,Nathan Church,138,St. Louis Cardinals,,LF,2026,189.0,175.0,46.0,8.0,1.0,5.0,10.0,0.0,42.0,2.0,2.0,0.0,71.0,19.0,3.0,.263,.307,.406,.713,.315,35.00,724.0,45.0,44.0,65.0,56.0,10.0,1.0,0.0,1.0,3.0,0.0,18.0,3.0,1.0,2.0,14.0,8.0,0.0,.179,.254,.250,.504,.237,56.00,257.0,20.0,11.0,2025
668909,Gavin Williams,114,Cleveland Guardians,,P,2026,,,,,,,,,,,,,,,,,,,,,,,,,,,,,,,,,,,,,,,,,,,,,,,,,2025
695534,Chase Petty,113,Cincinnati Reds,,P,2026,,,,,,,,,,,,,,,,,,,,,,,,,,,,,,,,,,,,,,,,,,,,,,,,,2025
701678,Hao-Yu  Lee,116,Detroit Tigers,,2B,2026,106.0,102.0,23.0,4.0,1.0,2.0,4.0,0.0,28.0,0.0,0.0,0.0,35.0,10.0,1.0,.225,.255,.343,.598,.292,51.00,382.0,18.0,33.0,,,,,,,,,,,,,,,,,,,,,,,,,2025
681198,TJ Rumfield,115,Colorado Rockies,,1B,2026,297.0,261.0,73.0,14.0,2.0,11.0,28.0,0.0,42.0,6.0,2.0,0.0,124.0,39.0,1.0,.280,.360,.475,.835,.295,23.73,1110.0,77.0,71.0,,,,,,,,,,,,,,,,,,,,,,,,,2025
650489,Willi Castro,115,Colorado Rockies,,2B,2026,252.0,224.0,62.0,13.0,0.0,5.0,24.0,0.0,63.0,3.0,1.0,0.0,90.0,32.0,2.0,.277,.353,.402,.755,.363,44.80,1034.0,43.0,57.0,454.0,402.0,91.0,17.0,3.0,11.0,40.0,1.0,111.0,11.0,0.0,1.0,147.0,33.0,12.0,.226,.313,.366,.679,.286,36.54,1735.0,93.0,108.0,2025
656638,Alex Lange,118,Kansas City Royals,,P,2026,0.0,0.0,0.0,0.0,0.0,0.0,0.0,0.0,0.0,0.0,0.0,0.0,0.0,0.0,0.0,.000,.000,.000,.000,.---,-.--,0.0,0.0,0.0,,,,,,,,,,,,,,,,,,,,,,,,,2025
650490,Yandy Díaz,139,Tampa Bay Rays,,DH,2026,309.0,270.0,87.0,11.0,1.0,12.0,29.0,4.0,41.0,8.0,2.0,0.0,136.0,48.0,9.0,.322,.401,.504,.905,.342,22.50,1115.0,80.0,64.0,651.0,583.0,175.0,29.0,1.0,25.0,57.0,4.0,92.0,6.0,5.0,0.0,281.0,83.0,12.0,.300,.366,.482,.848,.318,23.32,2525.0,193.0,128.0,2025
681217,Chase Silseth,108,Los Angeles Angels,,P,2026,,,,,,,,,,,,,,,,,,,,,,,,,,,,,,,,,,,,,,,,,,,,,,,,,2025
668930,Brice Turang,158,Milwaukee Brewers,,2B,2026,318.0,265.0,69.0,15.0,2.0,11.0,49.0,3.0,81.0,0.0,2.0,2.0,121.0,46.0,6.0,.260,.373,.457,.830,.331,24.09,1346.0,72.0,47.0,659.0,584.0,168.0,28.0,2.0,18.0,66.0,1.0,150.0,2.0,5.0,2.0,254.0,81.0,3.0,.288,.359,.435,.794,.356,32.44,2772.0,132.0,141.0,2025
691458,Blaze Jordan,138,St. Louis Cardinals,,3B,2026,31.0,30.0,9.0,2.0,1.0,1.0,1.0,0.0,2.0,0.0,0.0,0.0,16.0,7.0,1.0,.300,.323,.533,.856,.296,30.00,102.0,13.0,6.0,,,,,,,,,,,,,,,,,,,,,,,,,2025
689414,Liam Hicks,146,Miami Marlins,,C,2026,288.0,248.0,69.0,7.0,1.0,13.0,29.0,1.0,28.0,5.0,5.0,1.0,117.0,53.0,2.0,.278,.359,.472,.831,.264,19.08,1035.0,73.0,84.0,390.0,332.0,82.0,13.0,1.0,6.0,43.0,0.0,56.0,9.0,3.0,3.0,115.0,45.0,5.0,.247,.346,.346,.692,.278,55.33,1537.0,101.0,99.0,2025
668941,JoJo Romero,138,St. Louis Cardinals,,P,2026,,,,,,,,,,,,,,,,,,,,,,,,,,,,,,,,,,,,,,,,,,,,,,,,,2025
670990,Yohan Ramírez,134,Pittsburgh Pirates,,P,2026,,,,,,,,,,,,,,,,,,,,,,,,,,,,,,,,,,,,,,,,,,,,,,,,,2025
687377,Orlando Ribalta,120,Washington Nationals,,P,2026,0.0,0.0,0.0,0.0,0.0,0.0,0.0,0.0,0.0,0.0,0.0,0.0,0.0,0.0,0.0,.000,.000,.000,.000,.---,-.--,0.0,0.0,0.0,,,,,,,,,,,,,,,,,,,,,,,,,2025
664854,Ryan Helsley,110,Baltimore Orioles,,P,2026,,,,,,,,,,,,,,,,,,,,,,,,,0.0,0.0,0.0,0.0,0.0,0.0,0.0,0.0,0.0,0.0,0.0,0.0,0.0,0.0,0.0,.000,.000,.000,.000,.---,-.--,0.0,0.0,0.0,2025
660761,José Suarez,133,Athletics,,P,2026,,,,,,,,,,,,,,,,,,,,,,,,,,,,,,,,,,,,,,,,,,,,,,,,,2025
695578,James Wood,120,Washington Nationals,,RF,2026,358.0,294.0,80.0,18.0,0.0,20.0,59.0,7.0,104.0,4.0,1.0,0.0,158.0,48.0,2.0,.272,.399,.537,.936,.351,14.70,1511.0,54.0,57.0,689.0,598.0,153.0,38.0,0.0,31.0,85.0,8.0,221.0,3.0,3.0,0.0,284.0,94.0,12.0,.256,.350,.475,.825,.350,19.29,2887.0,143.0,84.0,2025
668964,Tobias Myers,121,New York Mets,,P,2026,,,,,,,,,,,,,,,,,,,,,,,,,,,,,,,,,,,,,,,,,,,,,,,,,2025
687396,Brent Headrick,147,New York Yankees,,P,2026,,,,,,,,,,,,,,,,,,,,,,,,,,,,,,,,,,,,,,,,,,,,,,,,,2025
687401,Joey Ortiz,158,Milwaukee Brewers,,SS,2026,180.0,155.0,32.0,5.0,0.0,1.0,20.0,0.0,30.0,0.0,2.0,3.0,40.0,14.0,4.0,.206,.294,.258,.552,.246,155.00,692.0,53.0,45.0,506.0,470.0,108.0,18.0,1.0,7.0,27.0,0.0,74.0,3.0,0.0,6.0,149.0,45.0,10.0,.230,.276,.317,.593,.260,67.14,1873.0,132.0,162.0,2025
668970,Gavin Hollowell,112,Chicago Cubs,,P,2026,,,,,,,,,,,,,,,,,,,,,,,,,,,,,,,,,,,,,,,,,,,,,,,,,2025
806188,Cade Gibson,146,Miami Marlins,,P,2026,0.0,0.0,0.0,0.0,0.0,0.0,0.0,0.0,0.0,0.0,0.0,0.0,0.0,0.0,0.0,.000,.000,.000,.000,.---,-.--,0.0,0.0,0.0,,,,,,,,,,,,,,,,,,,,,,,,,2025
642350,Jose Siri,108,Los Angeles Angels,,LF,2026,69.0,60.0,17.0,3.0,0.0,4.0,5.0,0.0,17.0,1.0,1.0,2.0,32.0,16.0,2.0,.283,.343,.533,.876,.325,15.00,257.0,12.0,17.0,36.0,32.0,2.0,2.0,0.0,0.0,4.0,0.0,17.0,0.0,0.0,0.0,4.0,1.0,0.0,.063,.167,.125,.292,.133,-.--,162.0,3.0,10.0,2025
800048,Parker Messick,114,Cleveland Guardians,,P,2026,,,,,,,,,,,,,,,,,,,,,,,,,,,,,,,,,,,,,,,,,,,,,,,,,2025
695600,Carter Jensen,118,Kansas City Royals,,C,2026,264.0,235.0,56.0,16.0,0.0,9.0,23.0,1.0,72.0,1.0,5.0,0.0,99.0,38.0,3.0,.238,.303,.421,.724,.296,26.11,1077.0,37.0,75.0,69.0,60.0,18.0,6.0,0.0,3.0,9.0,0.0,12.0,0.0,0.0,0.0,33.0,13.0,1.0,.300,.391,.550,.941,.333,20.00,293.0,17.0,13.0,2025
607536,Kyle Freeland,115,Colorado Rockies,,P,2026,0.0,0.0,0.0,0.0,0.0,0.0,0.0,0.0,0.0,0.0,0.0,0.0,0.0,0.0,0.0,.000,.000,.000,.000,.---,-.--,0.0,0.0,0.0,,,,,,,,,,,,,,,,,,,,,,,,,2025
605488,Jeffrey Springs,133,Athletics,,P,2026,,,,,,,,,,,,,,,,,,,,,,,,,,,,,,,,,,,,,,,,,,,,,,,,,2025
806198,Cooper Pratt,158,Milwaukee Brewers,,SS,2026,18.0,16.0,6.0,0.0,0.0,0.0,1.0,0.0,4.0,0.0,1.0,0.0,6.0,2.0,0.0,.375,.389,.375,.764,.462,-.--,68.0,5.0,2.0,,,,,,,,,,,,,,,,,,,,,,,,,2025
695611,Gage Jump,133,Athletics,,P,2026,,,,,,,,,,,,,,,,,,,,,,,,,,,,,,,,,,,,,,,,,,,,,,,,,2025
668984,Casey Legumina,139,Tampa Bay Rays,,P,2026,,,,,,,,,,,,,,,,,,,,,,,,,0.0,0.0,0.0,0.0,0.0,0.0,0.0,0.0,0.0,0.0,0.0,0.0,0.0,0.0,0.0,.000,.000,.000,.000,.---,-.--,0.0,0.0,0.0,2025
650556,Bryan Abreu,117,Houston Astros,,P,2026,,,,,,,,,,,,,,,,,,,,,,,,,0.0,0.0,0.0,0.0,0.0,0.0,0.0,0.0,0.0,0.0,0.0,0.0,0.0,0.0,0.0,.000,.000,.000,.000,.---,-.--,0.0,0.0,0.0,2025
701762,Nick Kurtz,133,Athletics,,1B,2026,348.0,275.0,79.0,15.0,1.0,18.0,71.0,9.0,103.0,2.0,0.0,0.0,150.0,58.0,4.0,.287,.437,.545,.982,.396,15.28,1495.0,46.0,47.0,489.0,420.0,122.0,26.0,2.0,36.0,63.0,3.0,151.0,2.0,3.0,0.0,260.0,86.0,4.0,.290,.383,.619,1.002,.364,11.67,1954.0,73.0,77.0,2025
656716,Zach McKinstry,116,Detroit Tigers,,2B,2026,169.0,145.0,24.0,3.0,1.0,2.0,20.0,1.0,32.0,0.0,2.0,2.0,35.0,10.0,2.0,.166,.263,.241,.504,.195,72.50,671.0,44.0,49.0,511.0,452.0,117.0,23.0,11.0,12.0,46.0,1.0,111.0,7.0,5.0,1.0,198.0,49.0,6.0,.259,.333,.438,.771,.314,37.67,2035.0,116.0,114.0,2025
669003,Garrett Mitchell,158,Milwaukee Brewers,,CF,2026,234.0,202.0,51.0,14.0,2.0,5.0,28.0,1.0,83.0,2.0,1.0,1.0,84.0,34.0,2.0,.252,.348,.416,.764,.400,40.40,960.0,44.0,26.0,78.0,68.0,14.0,4.0,1.0,0.0,7.0,0.0,25.0,1.0,1.0,1.0,20.0,3.0,0.0,.206,.286,.294,.580,.318,-.--,303.0,17.0,14.0,2025
681293,Spencer Arrighetti,117,Houston Astros,,P,2026,,,,,,,,,,,,,,,,,,,,,,,,,,,,,,,,,,,,,,,,,,,,,,,,,2025
671056,Iván Herrera,138,St. Louis Cardinals,,DH,2026,337.0,270.0,70.0,13.0,1.0,9.0,45.0,4.0,52.0,20.0,2.0,0.0,112.0,32.0,8.0,.259,.401,.415,.816,.289,30.00,1300.0,89.0,61.0,452.0,388.0,110.0,13.0,0.0,19.0,43.0,1.0,84.0,15.0,4.0,0.0,180.0,66.0,20.0,.284,.373,.464,.837,.315,20.42,1809.0,115.0,83.0,2025
681297,Colton Cowser,110,Baltimore Orioles,,RF,2026,185.0,159.0,36.0,3.0,0.0,7.0,22.0,0.0,53.0,1.0,2.0,1.0,60.0,23.0,1.0,.226,.321,.377,.698,.287,22.71,793.0,33.0,40.0,360.0,327.0,64.0,14.0,0.0,16.0,27.0,1.0,128.0,6.0,0.0,0.0,126.0,40.0,5.0,.196,.269,.385,.654,.262,20.44,1486.0,71.0,64.0,2025
660821,Jesús Sánchez,141,Toronto Blue Jays,,RF,2026,223.0,206.0,58.0,14.0,0.0,7.0,9.0,1.0,48.0,4.0,4.0,0.0,93.0,29.0,4.0,.282,.318,.451,.769,.329,29.43,829.0,51.0,53.0,497.0,451.0,107.0,21.0,4.0,14.0,42.0,1.0,110.0,2.0,2.0,0.0,178.0,48.0,10.0,.237,.304,.395,.699,.283,32.21,1936.0,121.0,115.0,2025
660825,Eduard Bazardo,136,Seattle Mariners,,P,2026,,,,,,,,,,,,,,,,,,,,,,,,,,,,,,,,,,,,,,,,,,,,,,,,,2025
669016,Brandon Marsh,143,Philadelphia Phillies,,LF,2026,275.0,257.0,81.0,13.0,2.0,9.0,13.0,1.0,69.0,2.0,3.0,0.0,125.0,35.0,2.0,.315,.349,.486,.835,.396,28.56,998.0,48.0,62.0,425.0,379.0,106.0,25.0,2.0,11.0,38.0,1.0,110.0,0.0,4.0,3.0,168.0,43.0,2.0,.280,.342,.443,.785,.363,34.46,1657.0,82.0,88.0,2025
656730,Trevor Megill,158,Milwaukee Brewers,,P,2026,0.0,0.0,0.0,0.0,0.0,0.0,0.0,0.0,0.0,0.0,0.0,0.0,0.0,0.0,0.0,.000,.000,.000,.000,.---,-.--,0.0,0.0,0.0,,,,,,,,,,,,,,,,,,,,,,,,,2025
669020,Ryan Rolison,112,Chicago Cubs,,P,2026,0.0,0.0,0.0,0.0,0.0,0.0,0.0,0.0,0.0,0.0,0.0,0.0,0.0,0.0,0.0,.000,.000,.000,.000,.---,-.--,0.0,0.0,0.0,,,,,,,,,,,,,,,,,,,,,,,,,2025
802139,JJ Wetherholt,138,St. Louis Cardinals,,2B,2026,318.0,271.0,71.0,8.0,0.0,10.0,35.0,2.0,50.0,10.0,2.0,0.0,109.0,31.0,1.0,.262,.365,.402,.767,.286,27.10,1268.0,69.0,83.0,,,,,,,,,,,,,,,,,,,,,,,,,2025
683357,Owen Caissie,146,Miami Marlins,,RF,2026,206.0,182.0,41.0,11.0,0.0,8.0,16.0,0.0,80.0,2.0,6.0,0.0,76.0,40.0,2.0,.225,.286,.418,.704,.330,22.75,863.0,27.0,40.0,27.0,26.0,5.0,1.0,0.0,1.0,1.0,0.0,11.0,0.0,0.0,0.0,9.0,4.0,0.0,.192,.222,.346,.568,.286,26.00,103.0,4.0,6.0,2025
642397,Gregory Soto,134,Pittsburgh Pirates,,P,2026,,,,,,,,,,,,,,,,,,,,,,,,,,,,,,,,,,,,,,,,,,,,,,,,,2025
666974,Yennier Cano,110,Baltimore Orioles,,P,2026,,,,,,,,,,,,,,,,,,,,,,,,,0.0,0.0,0.0,0.0,0.0,0.0,0.0,0.0,0.0,0.0,0.0,0.0,0.0,0.0,0.0,.000,.000,.000,.000,.---,-.--,0.0,0.0,0.0,2025
669004,MJ Melendez,121,New York Mets,,DH,2026,132.0,110.0,21.0,5.0,1.0,4.0,15.0,0.0,46.0,5.0,1.0,1.0,40.0,11.0,0.0,.191,.313,.364,.677,.279,27.50,558.0,10.0,35.0,65.0,60.0,5.0,2.0,0.0,1.0,3.0,0.0,23.0,2.0,0.0,0.0,10.0,1.0,0.0,.083,.154,.167,.321,.111,60.00,255.0,11.0,21.0,2025
687462,Spencer Horwitz,134,Pittsburgh Pirates,,1B,2026,283.0,235.0,66.0,11.0,1.0,10.0,39.0,0.0,37.0,5.0,4.0,0.0,109.0,33.0,8.0,.281,.389,.464,.853,.292,23.50,1137.0,60.0,76.0,411.0,364.0,99.0,26.0,0.0,11.0,44.0,1.0,73.0,2.0,1.0,0.0,158.0,51.0,7.0,.272,.353,.434,.787,.313,33.09,1698.0,85.0,108.0,2025
695657,Colson Montgomery,145,Chicago White Sox,,SS,2026,300.0,263.0,59.0,13.0,0.0,20.0,28.0,3.0,92.0,9.0,0.0,0.0,132.0,45.0,4.0,.224,.320,.502,.822,.258,13.15,1124.0,46.0,66.0,284.0,255.0,61.0,9.0,1.0,21.0,25.0,1.0,83.0,2.0,1.0,0.0,135.0,55.0,3.0,.239,.311,.529,.840,.263,12.14,1082.0,50.0,62.0,2025
671083,Buddy Kennedy,137,San Francisco Giants,,1B,2026,8.0,7.0,0.0,0.0,0.0,0.0,1.0,0.0,3.0,0.0,0.0,0.0,0.0,0.0,0.0,.000,.125,.000,.125,.000,-.--,45.0,0.0,4.0,32.0,29.0,2.0,1.0,0.0,0.0,2.0,0.0,8.0,1.0,0.0,0.0,3.0,1.0,0.0,.069,.156,.103,.259,.095,-.--,127.0,7.0,12.0,2025
701807,Carson Benge,121,New York Mets,,RF,2026,292.0,269.0,69.0,9.0,2.0,8.0,19.0,0.0,64.0,4.0,0.0,0.0,106.0,28.0,2.0,.257,.315,.394,.709,.310,33.62,1197.0,68.0,68.0,,,,,,,,,,,,,,,,,,,,,,,,,2025
687473,Ryan Gusto,146,Miami Marlins,,P,2026,,,,,,,,,,,,,,,,,,,,,,,,,,,,,,,,,,,,,,,,,,,,,,,,,2025
671096,Andrew Abbott,113,Cincinnati Reds,,P,2026,,,,,,,,,,,,,,,,,,,,,,,,,,,,,,,,,,,,,,,,,,,,,,,,,2025
664954,Brett Sullivan,115,Colorado Rockies,,C,2026,110.0,101.0,22.0,6.0,0.0,4.0,5.0,0.0,22.0,1.0,2.0,1.0,40.0,13.0,3.0,.218,.257,.396,.653,.234,25.25,398.0,26.0,34.0,9.0,6.0,1.0,0.0,0.0,0.0,1.0,0.0,3.0,1.0,1.0,0.0,1.0,2.0,0.0,.167,.333,.167,.500,.250,-.--,36.0,0.0,3.0,2025
660853,Enyel De Los Santos,117,Houston Astros,,P,2026,,,,,,,,,,,,,,,,,,,,,,,,,0.0,0.0,0.0,0.0,0.0,0.0,0.0,0.0,0.0,0.0,0.0,0.0,0.0,0.0,0.0,.000,.000,.000,.000,.---,-.--,0.0,0.0,0.0,2025
695681,Christian Moore,108,Los Angeles Angels,,2B,2026,9.0,8.0,1.0,0.0,0.0,0.0,0.0,0.0,7.0,0.0,1.0,0.0,1.0,1.0,0.0,.125,.111,.125,.236,.500,-.--,40.0,0.0,1.0,184.0,162.0,32.0,5.0,1.0,7.0,19.0,0.0,62.0,1.0,1.0,1.0,60.0,16.0,3.0,.198,.284,.370,.654,.266,23.14,779.0,34.0,36.0,2025
681347,Mike Burrows,117,Houston Astros,,P,2026,,,,,,,,,,,,,,,,,,,,,,,,,,,,,,,,,,,,,,,,,,,,,,,,,2025
695684,Elmer Rodríguez,147,New York Yankees,,P,2026,,,,,,,,,,,,,,,,,,,,,,,,,,,,,,,,,,,,,,,,,,,,,,,,,2025
669062,Erik Miller,137,San Francisco Giants,,P,2026,,,,,,,,,,,,,,,,,,,,,,,,,,,,,,,,,,,,,,,,,,,,,,,,,2025
669060,Bryse Wilson,143,Philadelphia Phillies,,P,2026,,,,,,,,,,,,,,,,,,,,,,,,,0.0,0.0,0.0,0.0,0.0,0.0,0.0,0.0,0.0,0.0,0.0,0.0,0.0,0.0,0.0,.000,.000,.000,.000,.---,-.--,0.0,0.0,0.0,2025
669065,Kyle Stowers,146,Miami Marlins,,LF,2026,224.0,195.0,43.0,12.0,1.0,7.0,22.0,2.0,68.0,5.0,1.0,1.0,78.0,27.0,6.0,.221,.314,.400,.714,.298,27.86,847.0,41.0,45.0,457.0,399.0,115.0,21.0,3.0,25.0,48.0,3.0,125.0,5.0,4.0,1.0,217.0,73.0,6.0,.288,.368,.544,.912,.356,15.96,1712.0,79.0,85.0,2025
681351,Logan O'Hoppe,108,Los Angeles Angels,,C,2026,179.0,160.0,39.0,8.0,0.0,4.0,14.0,0.0,42.0,3.0,1.0,1.0,59.0,20.0,3.0,.244,.315,.369,.684,.304,40.00,674.0,30.0,51.0,451.0,423.0,90.0,8.0,1.0,19.0,24.0,0.0,139.0,2.0,1.0,1.0,157.0,43.0,12.0,.213,.258,.371,.629,.267,22.26,1758.0,89.0,107.0,2025
691594,Javier Sanoja,146,Miami Marlins,,3B,2026,182.0,170.0,42.0,12.0,0.0,2.0,11.0,0.0,20.0,0.0,0.0,1.0,60.0,24.0,2.0,.247,.293,.353,.646,.270,85.00,609.0,53.0,56.0,342.0,313.0,76.0,22.0,4.0,6.0,19.0,0.0,41.0,2.0,4.0,4.0,124.0,38.0,2.0,.243,.287,.396,.683,.259,52.17,1218.0,97.0,107.0,2025
656775,Cedric Mullins,139,Tampa Bay Rays,,CF,2026,255.0,221.0,44.0,4.0,1.0,6.0,22.0,0.0,49.0,5.0,1.0,4.0,68.0,21.0,2.0,.199,.285,.308,.593,.228,36.83,996.0,30.0,103.0,498.0,435.0,94.0,23.0,1.0,17.0,50.0,0.0,120.0,4.0,6.0,3.0,170.0,59.0,2.0,.216,.299,.391,.690,.253,25.59,2112.0,79.0,151.0,2025
607625,Seth Lugo,118,Kansas City Royals,,P,2026,,,,,,,,,,,,,,,,,,,,,,,,,,,,,,,,,,,,,,,,,,,,,,,,,2025
689546,Nick Davila,136,Seattle Mariners,,P,2026,,,,,,,,,,,,,,,,,,,,,,,,,,,,,,,,,,,,,,,,,,,,,,,,,2025
595345,Steven Okert,117,Houston Astros,,P,2026,,,,,,,,,,,,,,,,,,,,,,,,,,,,,,,,,,,,,,,,,,,,,,,,,2025
693645,Cam Schlittler,147,New York Yankees,,P,2026,,,,,,,,,,,,,,,,,,,,,,,,,,,,,,,,,,,,,,,,,,,,,,,,,2025
544150,Albert Suárez,110,Baltimore Orioles,,P,2026,,,,,,,,,,,,,,,,,,,,,,,,,,,,,,,,,,,,,,,,,,,,,,,,,2025
650644,Aaron Civale,133,Athletics,,P,2026,,,,,,,,,,,,,,,,,,,,,,,,,,,,,,,,,,,,,,,,,,,,,,,,,2025
656794,Sean Newcomb,145,Chicago White Sox,,P,2026,,,,,,,,,,,,,,,,,,,,,,,,,,,,,,,,,,,,,,,,,,,,,,,,,2025
664983,Jake McCarthy,115,Colorado Rockies,,CF,2026,215.0,195.0,57.0,13.0,3.0,5.0,13.0,0.0,40.0,1.0,3.0,3.0,91.0,28.0,3.0,.292,.335,.467,.802,.340,39.00,756.0,49.0,55.0,222.0,206.0,42.0,7.0,5.0,4.0,10.0,0.0,40.0,2.0,1.0,3.0,71.0,20.0,2.0,.204,.247,.345,.592,.233,51.50,846.0,83.0,45.0,2025
669087,Sam Huff,110,Baltimore Orioles,,C,2026,18.0,18.0,4.0,2.0,0.0,0.0,0.0,0.0,8.0,0.0,0.0,0.0,6.0,1.0,0.0,.222,.222,.333,.555,.400,-.--,67.0,1.0,5.0,58.0,53.0,11.0,1.0,0.0,2.0,4.0,0.0,25.0,0.0,1.0,0.0,18.0,4.0,2.0,.208,.259,.340,.599,.333,26.50,232.0,12.0,6.0,2025
687515,Colby Thomas,133,Athletics,,RF,2026,67.0,62.0,14.0,2.0,0.0,2.0,4.0,0.0,20.0,0.0,0.0,1.0,22.0,6.0,0.0,.226,.273,.355,.628,.300,31.00,263.0,9.0,20.0,132.0,120.0,27.0,5.0,0.0,6.0,7.0,0.0,49.0,1.0,3.0,1.0,50.0,19.0,3.0,.225,.267,.417,.684,.309,20.00,481.0,21.0,27.0,2025
664991,Grant Wolfram,110,Baltimore Orioles,,P,2026,,,,,,,,,,,,,,,,,,,,,,,,,,,,,,,,,,,,,,,,,,,,,,,,,2025
656811,Ryan O'Hearn,134,Pittsburgh Pirates,,RF,2026,253.0,229.0,64.0,8.0,0.0,11.0,20.0,1.0,56.0,2.0,2.0,0.0,105.0,41.0,11.0,.279,.340,.459,.799,.323,20.82,1009.0,59.0,52.0,544.0,474.0,133.0,21.0,1.0,17.0,58.0,4.0,109.0,8.0,4.0,0.0,207.0,63.0,11.0,.281,.366,.437,.803,.330,27.88,2173.0,117.0,119.0,2025
681393,Connor Norby,146,Miami Marlins,,1B,2026,225.0,192.0,40.0,12.0,0.0,4.0,24.0,0.0,67.0,8.0,1.0,0.0,64.0,16.0,5.0,.208,.320,.333,.653,.295,48.00,862.0,34.0,52.0,337.0,311.0,78.0,17.0,1.0,8.0,18.0,0.0,90.0,5.0,3.0,0.0,121.0,34.0,3.0,.251,.300,.389,.689,.324,38.88,1245.0,68.0,78.0,2025
695731,Braden Montgomery,145,Chicago White Sox,,RF,2026,37.0,35.0,7.0,3.0,0.0,1.0,2.0,0.0,10.0,0.0,0.0,0.0,13.0,4.0,1.0,.200,.243,.371,.614,.250,35.00,131.0,10.0,8.0,,,,,,,,,,,,,,,,,,,,,,,,,2025
693686,Spencer Miles,141,Toronto Blue Jays,,P,2026,,,,,,,,,,,,,,,,,,,,,,,,,,,,,,,,,,,,,,,,,,,,,,,,,2025
695734,Daylen Lile,120,Washington Nationals,,LF,2026,330.0,298.0,75.0,16.0,3.0,8.0,24.0,1.0,55.0,4.0,4.0,0.0,121.0,37.0,4.0,.252,.312,.406,.718,.280,37.25,1145.0,74.0,98.0,351.0,321.0,96.0,15.0,11.0,9.0,21.0,0.0,56.0,4.0,3.0,1.0,160.0,41.0,5.0,.299,.347,.498,.845,.336,35.67,1306.0,73.0,100.0,2025
554430,Zack Wheeler,143,Philadelphia Phillies,,P,2026,,,,,,,,,,,,,,,,,,,,,,,,,,,,,,,,,,,,,,,,,,,,,,,,,2025
681402,Gus Varland,120,Washington Nationals,,P,2026,0.0,0.0,0.0,0.0,0.0,0.0,0.0,0.0,0.0,0.0,0.0,0.0,0.0,0.0,0.0,.000,.000,.000,.000,.---,-.--,0.0,0.0,0.0,,,,,,,,,,,,,,,,,,,,,,,,,2025
640448,Kyle Finnegan,116,Detroit Tigers,,P,2026,,,,,,,,,,,,,,,,,,,,,,,,,,,,,,,,,,,,,,,,,,,,,,,,,2025
687551,Drew Gilbert,137,San Francisco Giants,,CF,2026,173.0,154.0,36.0,8.0,2.0,3.0,14.0,1.0,32.0,3.0,0.0,2.0,57.0,15.0,3.0,.234,.310,.370,.680,.277,51.33,645.0,46.0,42.0,109.0,100.0,19.0,5.0,1.0,3.0,7.0,0.0,20.0,1.0,1.0,0.0,35.0,13.0,2.0,.190,.248,.350,.598,.205,33.33,416.0,34.0,28.0,2025
640455,Sean Manaea,121,New York Mets,,P,2026,,,,,,,,,,,,,,,,,,,,,,,,,,,,,,,,,,,,,,,,,,,,,,,,,2025
687562,Jake Bennett,111,Boston Red Sox,,P,2026,,,,,,,,,,,,,,,,,,,,,,,,,,,,,,,,,,,,,,,,,,,,,,,,,2025
656848,Michael Petersen,146,Miami Marlins,,P,2026,,,,,,,,,,,,,,,,,,,,,,,,,,,,,,,,,,,,,,,,,,,,,,,,,2025
669127,Shea Langeliers,133,Athletics,,C,2026,321.0,292.0,79.0,16.0,0.0,19.0,24.0,1.0,61.0,4.0,1.0,0.0,152.0,40.0,4.0,.271,.333,.521,.854,.282,15.37,1157.0,55.0,98.0,523.0,481.0,133.0,32.0,0.0,31.0,36.0,1.0,103.0,1.0,5.0,0.0,258.0,72.0,10.0,.277,.325,.536,.861,.290,15.52,1924.0,107.0,143.0,2025
697812,Joe Rock,145,Chicago White Sox,,P,2026,,,,,,,,,,,,,,,,,,,,,,,,,,,,,,,,,,,,,,,,,,,,,,,,,2025
656849,David Peterson,121,New York Mets,,P,2026,,,,,,,,,,,,,,,,,,,,,,,,,,,,,,,,,,,,,,,,,,,,,,,,,2025
521692,Salvador Perez,118,Kansas City Royals,,C,2026,300.0,279.0,58.0,8.0,0.0,10.0,12.0,1.0,56.0,5.0,4.0,0.0,96.0,27.0,8.0,.208,.250,.344,.594,.221,27.90,1113.0,69.0,100.0,641.0,597.0,141.0,35.0,0.0,30.0,28.0,5.0,125.0,12.0,1.0,0.0,266.0,100.0,14.0,.236,.284,.446,.730,.251,19.90,2267.0,145.0,187.0,2025
673237,Yainer Diaz,117,Houston Astros,,C,2026,117.0,111.0,27.0,6.0,0.0,2.0,4.0,0.0,19.0,0.0,2.0,0.0,39.0,15.0,3.0,.243,.265,.351,.616,.272,55.50,377.0,43.0,24.0,567.0,542.0,139.0,25.0,1.0,20.0,20.0,2.0,95.0,2.0,3.0,0.0,226.0,70.0,13.0,.256,.284,.417,.701,.277,27.10,1871.0,162.0,149.0,2025
656876,Drew Rasmussen,139,Tampa Bay Rays,,P,2026,,,,,,,,,,,,,,,,,,,,,,,,,,,,,,,,,,,,,,,,,,,,,,,,,2025
669160,Dustin May,138,St. Louis Cardinals,,P,2026,,,,,,,,,,,,,,,,,,,,,,,,,,,,,,,,,,,,,,,,,,,,,,,,,2025
642546,Jonathan Hernández,119,Los Angeles Dodgers,,P,2026,,,,,,,,,,,,,,,,,,,,,,,,,,,,,,,,,,,,,,,,,,,,,,,,,2025
669165,Kyle Hurt,119,Los Angeles Dodgers,,P,2026,,,,,,,,,,,,,,,,,,,,,,,,,,,,,,,,,,,,,,,,,,,,,,,,,2025
642547,Freddy Peralta,121,New York Mets,,P,2026,,,,,,,,,,,,,,,,,,,,,,,,,,,,,,,,,,,,,,,,,,,,,,,,,2025
687606,Paxton Schultz,120,Washington Nationals,,P,2026,0.0,0.0,0.0,0.0,0.0,0.0,0.0,0.0,0.0,0.0,0.0,0.0,0.0,0.0,0.0,.000,.000,.000,.000,.---,-.--,0.0,0.0,0.0,,,,,,,,,,,,,,,,,,,,,,,,,2025
624133,Ranger Suarez,111,Boston Red Sox,,P,2026,,,,,,,,,,,,,,,,,,,,,,,,,,,,,,,,,,,,,,,,,,,,,,,,,2025
691718,Pete Crow-Armstrong,112,Chicago Cubs,,CF,2026,329.0,290.0,83.0,12.0,4.0,16.0,28.0,1.0,82.0,8.0,2.0,1.0,151.0,40.0,2.0,.286,.363,.521,.884,.345,18.12,1251.0,49.0,79.0,647.0,591.0,146.0,37.0,4.0,31.0,29.0,1.0,155.0,9.0,12.0,6.0,284.0,95.0,1.0,.247,.287,.481,.768,.276,19.06,2312.0,116.0,192.0,2025
622088,Tejay Antone,113,Cincinnati Reds,,P,2026,,,,,,,,,,,,,,,,,,,,,,,,,,,,,,,,,,,,,,,,,,,,,,,,,2025
681481,Kerry Carpenter,116,Detroit Tigers,,RF,2026,167.0,146.0,34.0,4.0,2.0,10.0,14.0,0.0,53.0,4.0,3.0,0.0,72.0,29.0,1.0,.233,.311,.493,.804,.279,14.60,678.0,23.0,39.0,464.0,433.0,109.0,18.0,5.0,26.0,18.0,0.0,106.0,7.0,2.0,0.0,215.0,62.0,3.0,.252,.291,.497,.788,.274,16.65,1736.0,84.0,136.0,2025
691720,Kyle Karros,115,Colorado Rockies,,3B,2026,245.0,212.0,52.0,12.0,1.0,4.0,30.0,0.0,50.0,1.0,2.0,0.0,78.0,20.0,2.0,.245,.339,.368,.707,.300,53.00,1025.0,57.0,55.0,156.0,137.0,31.0,4.0,0.0,1.0,15.0,0.0,41.0,2.0,2.0,0.0,38.0,9.0,5.0,.226,.308,.277,.585,.309,137.00,635.0,33.0,34.0,2025
691723,Coby Mayo,110,Baltimore Orioles,,3B,2026,205.0,187.0,36.0,7.0,0.0,9.0,15.0,0.0,67.0,2.0,1.0,0.0,70.0,27.0,3.0,.193,.259,.374,.633,.241,20.78,832.0,36.0,49.0,294.0,263.0,57.0,12.0,0.0,11.0,27.0,0.0,84.0,4.0,0.0,0.0,102.0,28.0,2.0,.217,.299,.388,.687,.274,23.91,1132.0,49.0,73.0,2025
669199,Lake Bachar,146,Miami Marlins,,P,2026,,,,,,,,,,,,,,,,,,,,,,,,,,,,,,,,,,,,,,,,,,,,,,,,,2025
669211,Keegan Akin,110,Baltimore Orioles,,P,2026,,,,,,,,,,,,,,,,,,,,,,,,,0.0,0.0,0.0,0.0,0.0,0.0,0.0,0.0,0.0,0.0,0.0,0.0,0.0,0.0,0.0,.000,.000,.000,.000,.---,-.--,0.0,0.0,0.0,2025
691740,Daniel Susac,137,San Francisco Giants,,C,2026,106.0,94.0,27.0,5.0,1.0,0.0,6.0,0.0,22.0,2.0,2.0,2.0,34.0,14.0,3.0,.287,.337,.362,.699,.365,-.--,385.0,23.0,26.0,,,,,,,,,,,,,,,,,,,,,,,,,2025
548384,Brooks Raley,121,New York Mets,,P,2026,,,,,,,,,,,,,,,,,,,,,,,,,,,,,,,,,,,,,,,,,,,,,,,,,2025
681508,Mickey Gasper,111,Boston Red Sox,,C,2026,107.0,97.0,25.0,5.0,1.0,0.0,7.0,0.0,20.0,1.0,1.0,1.0,32.0,6.0,2.0,.258,.311,.330,.641,.321,-.--,401.0,22.0,32.0,110.0,95.0,15.0,1.0,0.0,2.0,10.0,0.0,20.0,3.0,1.0,1.0,22.0,11.0,1.0,.158,.257,.232,.489,.176,47.50,451.0,24.0,38.0,2025
671277,Luis García Jr.,120,Washington Nationals,,1B,2026,244.0,235.0,62.0,12.0,3.0,10.0,8.0,0.0,38.0,0.0,1.0,0.0,110.0,46.0,5.0,.264,.287,.468,.755,.277,23.50,853.0,73.0,63.0,526.0,488.0,123.0,28.0,1.0,16.0,27.0,1.0,84.0,2.0,9.0,0.0,201.0,66.0,7.0,.252,.289,.412,.701,.270,30.50,1838.0,158.0,132.0,2025
681517,Kyle Leahy,138,St. Louis Cardinals,,P,2026,,,,,,,,,,,,,,,,,,,,,,,,,,,,,,,,,,,,,,,,,,,,,,,,,2025
656941,Kyle Schwarber,143,Philadelphia Phillies,,DH,2026,329.0,279.0,71.0,9.0,1.0,28.0,46.0,3.0,112.0,4.0,0.0,0.0,166.0,49.0,1.0,.254,.368,.595,.963,.309,9.96,1405.0,35.0,61.0,724.0,604.0,145.0,23.0,2.0,56.0,108.0,6.0,197.0,11.0,1.0,0.0,340.0,132.0,4.0,.240,.365,.563,.928,.253,10.79,3059.0,114.0,149.0,2025
669236,Jeremiah Jackson,110,Baltimore Orioles,,2B,2026,186.0,179.0,46.0,7.0,0.0,7.0,4.0,0.0,37.0,1.0,2.0,0.0,74.0,31.0,10.0,.257,.274,.413,.687,.285,25.57,624.0,56.0,42.0,183.0,170.0,47.0,10.0,2.0,5.0,11.0,0.0,50.0,2.0,0.0,0.0,76.0,21.0,6.0,.276,.328,.447,.775,.365,34.00,706.0,39.0,34.0,2025
800311,Didier Fuentes,144,Atlanta Braves,,P,2026,0.0,0.0,0.0,0.0,0.0,0.0,0.0,0.0,0.0,0.0,0.0,0.0,0.0,0.0,0.0,.000,.000,.000,.000,.---,-.--,0.0,0.0,0.0,,,,,,,,,,,,,,,,,,,,,,,,,2025
656945,Tanner Scott,119,Los Angeles Dodgers,,P,2026,,,,,,,,,,,,,,,,,,,,,,,,,0.0,0.0,0.0,0.0,0.0,0.0,0.0,0.0,0.0,0.0,0.0,0.0,0.0,0.0,0.0,.000,.000,.000,.000,.---,-.--,0.0,0.0,0.0,2025
671289,Tyler Freeman,115,Colorado Rockies,,RF,2026,185.0,161.0,43.0,5.0,1.0,3.0,9.0,0.0,22.0,11.0,0.0,4.0,59.0,20.0,9.0,.267,.348,.366,.714,.294,53.67,658.0,58.0,42.0,428.0,377.0,106.0,20.0,2.0,2.0,34.0,0.0,51.0,11.0,4.0,2.0,136.0,31.0,10.0,.281,.354,.361,.715,.317,188.50,1646.0,133.0,93.0,2025
669242,Tommy Edman,119,Los Angeles Dodgers,,2B,2026,13.0,12.0,5.0,1.0,0.0,0.0,1.0,0.0,2.0,0.0,0.0,0.0,6.0,0.0,0.0,.417,.462,.500,.962,.500,-.--,53.0,2.0,3.0,377.0,346.0,78.0,13.0,1.0,13.0,19.0,0.0,61.0,6.0,5.0,1.0,132.0,49.0,4.0,.225,.274,.382,.656,.235,26.62,1338.0,110.0,103.0,2025
665161,Jeremy Peña,117,Houston Astros,,SS,2026,171.0,155.0,44.0,8.0,0.0,6.0,12.0,0.0,27.0,3.0,1.0,0.0,70.0,18.0,1.0,.284,.345,.452,.797,.309,25.83,650.0,39.0,46.0,543.0,493.0,150.0,30.0,2.0,17.0,35.0,2.0,93.0,12.0,2.0,1.0,235.0,62.0,9.0,.304,.363,.477,.840,.345,29.00,1779.0,137.0,116.0,2025
693821,Bryce Elder,144,Atlanta Braves,,P,2026,,,,,,,,,,,,,,,,,,,,,,,,,,,,,,,,,,,,,,,,,,,,,,,,,2025
691777,Max Muncy,133,Athletics,,3B,2026,133.0,118.0,27.0,6.0,2.0,4.0,8.0,0.0,43.0,4.0,3.0,0.0,49.0,16.0,4.0,.229,.293,.415,.708,.311,29.50,513.0,24.0,27.0,220.0,206.0,44.0,7.0,0.0,9.0,10.0,0.0,68.0,3.0,1.0,0.0,78.0,23.0,1.0,.214,.259,.379,.638,.269,22.89,824.0,51.0,44.0,2025
691788,Joe Mack,146,Miami Marlins,,C,2026,118.0,106.0,27.0,5.0,0.0,3.0,9.0,0.0,30.0,1.0,0.0,2.0,41.0,16.0,2.0,.255,.319,.387,.706,.329,35.33,486.0,30.0,21.0,,,,,,,,,,,,,,,,,,,,,,,,,2025
691785,Marcelo Mayer,111,Boston Red Sox,,2B,2026,216.0,193.0,43.0,8.0,0.0,3.0,16.0,0.0,40.0,3.0,3.0,0.0,60.0,22.0,5.0,.223,.288,.311,.599,.261,64.33,786.0,61.0,52.0,136.0,127.0,29.0,8.0,1.0,4.0,8.0,0.0,41.0,0.0,1.0,0.0,51.0,10.0,2.0,.228,.272,.402,.674,.301,31.75,510.0,36.0,22.0,2025
669270,Joel Kuhnel,158,Milwaukee Brewers,,P,2026,,,,,,,,,,,,,,,,,,,,,,,,,,,,,,,,,,,,,,,,,,,,,,,,,2025
681546,James Outman,116,Detroit Tigers,,CF,2026,82.0,75.0,13.0,4.0,1.0,1.0,6.0,0.0,35.0,1.0,0.0,0.0,22.0,5.0,0.0,.173,.244,.293,.537,.308,75.00,342.0,13.0,14.0,148.0,134.0,18.0,5.0,1.0,6.0,12.0,0.0,63.0,2.0,0.0,0.0,43.0,11.0,0.0,.134,.216,.321,.537,.185,22.33,605.0,24.0,29.0,2025
691799,Grant Taylor,145,Chicago White Sox,,P,2026,,,,,,,,,,,,,,,,,,,,,,,,,,,,,,,,,,,,,,,,,,,,,,,,,2025
669276,Dylan Lee,144,Atlanta Braves,,P,2026,,,,,,,,,,,,,,,,,,,,,,,,,,,,,,,,,,,,,,,,,,,,,,,,,2025
693855,Ian Seymour,139,Tampa Bay Rays,,P,2026,,,,,,,,,,,,,,,,,,,,,,,,,,,,,,,,,,,,,,,,,,,,,,,,,2025
542303,Marcell Ozuna,134,Pittsburgh Pirates,,DH,2026,217.0,196.0,39.0,5.0,0.0,6.0,19.0,1.0,63.0,2.0,0.0,0.0,62.0,24.0,4.0,.199,.276,.316,.592,.260,32.67,942.0,34.0,60.0,592.0,487.0,113.0,19.0,0.0,21.0,94.0,2.0,144.0,3.0,7.0,0.0,195.0,68.0,11.0,.232,.355,.400,.755,.280,23.19,2635.0,115.0,122.0,2025
683618,Edgardo Henriquez,119,Los Angeles Dodgers,,P,2026,0.0,0.0,0.0,0.0,0.0,0.0,0.0,0.0,0.0,0.0,0.0,0.0,0.0,0.0,0.0,.000,.000,.000,.000,.---,-.--,0.0,0.0,0.0,,,,,,,,,,,,,,,,,,,,,,,,,2025
702056,Trey Yesavage,141,Toronto Blue Jays,,P,2026,,,,,,,,,,,,,,,,,,,,,,,,,,,,,,,,,,,,,,,,,,,,,,,,,2025
837227,Tatsuya Imai,117,Houston Astros,,P,2026,,,,,,,,,,,,,,,,,,,,,,,,,,,,,,,,,,,,,,,,,,,,,,,,,2025
679529,Spencer Torkelson,116,Detroit Tigers,,1B,2026,290.0,251.0,51.0,15.0,0.0,12.0,33.0,0.0,96.0,4.0,2.0,0.0,102.0,29.0,5.0,.203,.303,.406,.709,.269,20.92,1257.0,37.0,69.0,649.0,563.0,135.0,27.0,1.0,31.0,72.0,6.0,169.0,9.0,5.0,0.0,257.0,78.0,12.0,.240,.333,.456,.789,.283,18.16,2634.0,88.0,176.0,2025
663158,Robert Suarez,144,Atlanta Braves,,P,2026,0.0,0.0,0.0,0.0,0.0,0.0,0.0,0.0,0.0,0.0,0.0,0.0,0.0,0.0,0.0,.000,.000,.000,.000,.---,-.--,0.0,0.0,0.0,,,,,,,,,,,,,,,,,,,,,,,,,2025
802415,Chandler Simpson,139,Tampa Bay Rays,,LF,2026,282.0,263.0,69.0,4.0,4.0,0.0,14.0,0.0,30.0,0.0,2.0,3.0,81.0,15.0,2.0,.262,.297,.308,.605,.294,-.--,931.0,103.0,66.0,441.0,414.0,122.0,15.0,3.0,0.0,20.0,0.0,43.0,0.0,2.0,3.0,143.0,26.0,10.0,.295,.326,.345,.671,.327,-.--,1517.0,176.0,78.0,2025
669302,Logan Gilbert,136,Seattle Mariners,,P,2026,,,,,,,,,,,,,,,,,,,,,,,,,,,,,,,,,,,,,,,,,,,,,,,,,2025
702070,Noah Cameron,118,Kansas City Royals,,P,2026,,,,,,,,,,,,,,,,,,,,,,,,,,,,,,,,,,,,,,,,,,,,,,,,,2025
820862,José Fermin,108,Los Angeles Angels,,P,2026,,,,,,,,,,,,,,,,,,,,,,,,,,,,,,,,,,,,,,,,,,,,,,,,,2025
642701,Dennis Santana,134,Pittsburgh Pirates,,P,2026,,,,,,,,,,,,,,,,,,,,,,,,,,,,,,,,,,,,,,,,,,,,,,,,,2025
657041,Lane Thomas,118,Kansas City Royals,,CF,2026,188.0,155.0,36.0,6.0,0.0,5.0,29.0,0.0,38.0,2.0,2.0,0.0,57.0,20.0,3.0,.232,.356,.368,.724,.272,31.00,796.0,27.0,56.0,142.0,125.0,20.0,2.0,0.0,4.0,14.0,0.0,44.0,1.0,2.0,0.0,34.0,11.0,4.0,.160,.246,.272,.518,.203,31.25,556.0,22.0,41.0,2025
669330,Tyler Wells,110,Baltimore Orioles,,P,2026,,,,,,,,,,,,,,,,,,,,,,,,,,,,,,,,,,,,,,,,,,,,,,,,,2025
642708,Amed Rosario,147,New York Yankees,,3B,2026,121.0,110.0,27.0,4.0,1.0,6.0,8.0,0.0,25.0,0.0,3.0,0.0,51.0,20.0,1.0,.245,.289,.464,.753,.256,18.33,422.0,30.0,31.0,191.0,181.0,50.0,11.0,0.0,6.0,7.0,0.0,31.0,2.0,1.0,0.0,79.0,23.0,6.0,.276,.309,.436,.745,.303,30.17,646.0,53.0,48.0,2025
681624,Andy Pages,119,Los Angeles Dodgers,,CF,2026,323.0,295.0,79.0,17.0,1.0,15.0,21.0,0.0,63.0,2.0,5.0,0.0,143.0,57.0,7.0,.268,.316,.485,.801,.288,19.67,1285.0,67.0,91.0,624.0,581.0,158.0,27.0,1.0,27.0,29.0,0.0,135.0,8.0,6.0,0.0,268.0,86.0,9.0,.272,.313,.461,.774,.308,21.52,2365.0,117.0,177.0,2025
650911,Cristopher Sánchez,143,Philadelphia Phillies,,P,2026,,,,,,,,,,,,,,,,,,,,,,,,,,,,,,,,,,,,,,,,,,,,,,,,,2025
642715,Willy Adames,137,San Francisco Giants,,SS,2026,315.0,296.0,67.0,18.0,1.0,13.0,17.0,0.0,86.0,1.0,1.0,0.0,126.0,31.0,1.0,.226,.270,.426,.696,.273,22.77,1214.0,54.0,90.0,686.0,591.0,133.0,22.0,2.0,30.0,80.0,2.0,179.0,5.0,9.0,0.0,249.0,87.0,9.0,.225,.318,.421,.739,.263,19.70,2797.0,105.0,183.0,2025
667297,Tommy Nance,141,Toronto Blue Jays,,P,2026,,,,,,,,,,,,,,,,,,,,,,,,,,,,,,,,,,,,,,,,,,,,,,,,,2025
669358,Shane Baz,110,Baltimore Orioles,,P,2026,,,,,,,,,,,,,,,,,,,,,,,,,,,,,,,,,,,,,,,,,,,,,,,,,2025
669360,Trei Cruz,116,Detroit Tigers,,CF,2026,3.0,3.0,0.0,0.0,0.0,0.0,0.0,0.0,3.0,0.0,0.0,0.0,0.0,0.0,0.0,.000,.000,.000,.000,.---,-.--,16.0,0.0,0.0,,,,,,,,,,,,,,,,,,,,,,,,,2025
669364,Xavier Edwards,146,Miami Marlins,,2B,2026,323.0,280.0,80.0,11.0,4.0,6.0,39.0,3.0,42.0,0.0,3.0,1.0,117.0,26.0,8.0,.286,.370,.418,.788,.315,46.67,1257.0,82.0,80.0,619.0,561.0,159.0,20.0,5.0,3.0,49.0,2.0,88.0,3.0,3.0,3.0,198.0,43.0,6.0,.283,.343,.353,.696,.330,187.00,2250.0,164.0,156.0,2025
675512,Troy Melton,116,Detroit Tigers,,P,2026,,,,,,,,,,,,,,,,,,,,,,,,,,,,,,,,,,,,,,,,,,,,,,,,,2025
669373,Tarik Skubal,116,Detroit Tigers,,P,2026,,,,,,,,,,,,,,,,,,,,,,,,,,,,,,,,,,,,,,,,,,,,,,,,,2025
622268,Donovan Walton,108,Los Angeles Angels,,3B,2026,71.0,67.0,23.0,6.0,0.0,2.0,3.0,0.0,11.0,0.0,0.0,1.0,35.0,8.0,0.0,.343,.371,.522,.893,.389,33.50,266.0,16.0,18.0,9.0,8.0,1.0,0.0,0.0,0.0,0.0,0.0,1.0,0.0,0.0,1.0,1.0,1.0,0.0,.125,.125,.125,.250,.143,-.--,27.0,6.0,1.0,2025
669372,J.T. Ginn,133,Athletics,,P,2026,0.0,0.0,0.0,0.0,0.0,0.0,0.0,0.0,0.0,0.0,0.0,0.0,0.0,0.0,0.0,.000,.000,.000,.000,.---,-.--,0.0,0.0,0.0,,,,,,,,,,,,,,,,,,,,,,,,,2025
657097,Jacob Webb,112,Chicago Cubs,,P,2026,,,,,,,,,,,,,,,,,,,,,,,,,,,,,,,,,,,,,,,,,,,,,,,,,2025
552640,Andrew Kittredge,110,Baltimore Orioles,,P,2026,,,,,,,,,,,,,,,,,,,,,,,,,0.0,0.0,0.0,0.0,0.0,0.0,0.0,0.0,0.0,0.0,0.0,0.0,0.0,0.0,0.0,.000,.000,.000,.000,.---,-.--,0.0,0.0,0.0,2025
669387,Carmen Mlodzinski,134,Pittsburgh Pirates,,P,2026,,,,,,,,,,,,,,,,,,,,,,,,,,,,,,,,,,,,,,,,,,,,,,,,,2025
669384,Raynel Delgado,117,Houston Astros,,2B,2026,8.0,8.0,3.0,0.0,0.0,0.0,0.0,0.0,2.0,0.0,0.0,0.0,3.0,2.0,0.0,.375,.375,.375,.750,.500,-.--,20.0,3.0,0.0,,,,,,,,,,,,,,,,,,,,,,,,,2025
673490,Ha-Seong Kim,144,Atlanta Braves,,SS,2026,66.0,59.0,5.0,0.0,0.0,0.0,7.0,0.0,16.0,0.0,0.0,0.0,5.0,3.0,1.0,.085,.182,.085,.267,.116,-.--,273.0,20.0,18.0,191.0,171.0,40.0,4.0,0.0,5.0,16.0,0.0,39.0,2.0,2.0,0.0,59.0,17.0,2.0,.234,.304,.345,.649,.271,34.20,790.0,37.0,57.0,2025
677587,Brayan Rocchio,114,Cleveland Guardians,,SS,2026,278.0,242.0,65.0,11.0,2.0,5.0,24.0,0.0,36.0,7.0,3.0,2.0,95.0,33.0,4.0,.269,.348,.393,.741,.294,48.40,1097.0,69.0,77.0,383.0,344.0,80.0,18.0,2.0,5.0,22.0,0.0,77.0,8.0,5.0,4.0,117.0,44.0,4.0,.233,.290,.340,.630,.281,68.80,1411.0,100.0,96.0,2025
683734,Andrew Vaughn,158,Milwaukee Brewers,,1B,2026,124.0,108.0,38.0,11.0,1.0,2.0,14.0,1.0,14.0,2.0,0.0,0.0,57.0,20.0,2.0,.352,.435,.528,.963,.391,54.00,459.0,28.0,28.0,447.0,406.0,103.0,22.0,0.0,14.0,31.0,0.0,80.0,3.0,6.0,1.0,167.0,65.0,12.0,.254,.307,.411,.718,.280,29.00,1722.0,110.0,120.0,2025
677588,José Tena,120,Washington Nationals,,DH,2026,144.0,134.0,29.0,7.0,1.0,3.0,9.0,0.0,47.0,1.0,0.0,0.0,47.0,14.0,5.0,.216,.271,.351,.622,.310,44.67,588.0,34.0,24.0,169.0,152.0,37.0,13.0,2.0,0.0,15.0,0.0,37.0,1.0,1.0,0.0,54.0,16.0,4.0,.243,.314,.355,.669,.319,-.--,678.0,54.0,25.0,2025
628452,Raisel Iglesias,144,Atlanta Braves,,P,2026,0.0,0.0,0.0,0.0,0.0,0.0,0.0,0.0,0.0,0.0,0.0,0.0,0.0,0.0,0.0,.000,.000,.000,.000,.---,-.--,0.0,0.0,0.0,,,,,,,,,,,,,,,,,,,,,,,,,2025
683748,Victor Mesa Jr.,139,Tampa Bay Rays,,RF,2026,55.0,46.0,8.0,0.0,0.0,2.0,8.0,0.0,13.0,0.0,0.0,1.0,14.0,5.0,1.0,.174,.296,.304,.600,.194,23.00,212.0,13.0,13.0,38.0,32.0,6.0,2.0,0.0,1.0,5.0,0.0,5.0,0.0,0.0,1.0,11.0,6.0,0.0,.188,.297,.344,.641,.192,32.00,141.0,8.0,14.0,2025
683737,Michael Busch,112,Chicago Cubs,,1B,2026,337.0,275.0,68.0,13.0,2.0,8.0,52.0,1.0,74.0,7.0,3.0,0.0,109.0,42.0,4.0,.247,.377,.396,.773,.306,34.38,1357.0,63.0,73.0,592.0,524.0,137.0,25.0,5.0,34.0,56.0,2.0,139.0,10.0,2.0,0.0,274.0,90.0,2.0,.261,.343,.523,.866,.292,15.41,2324.0,111.0,139.0,2025
677594,Julio Rodríguez,136,Seattle Mariners,,CF,2026,337.0,308.0,76.0,15.0,0.0,14.0,25.0,1.0,70.0,3.0,1.0,0.0,133.0,37.0,6.0,.247,.309,.432,.741,.276,22.00,1280.0,70.0,93.0,710.0,652.0,174.0,31.0,4.0,32.0,44.0,5.0,152.0,12.0,2.0,0.0,309.0,95.0,15.0,.267,.324,.474,.798,.302,20.38,2496.0,174.0,154.0,2025
691951,Sam Aldegheri,108,Los Angeles Angels,,P,2026,,,,,,,,,,,,,,,,,,,,,,,,,,,,,,,,,,,,,,,,,,,,,,,,,2025
681715,Heriberto Hernández,146,Miami Marlins,,LF,2026,162.0,146.0,34.0,2.0,1.0,7.0,14.0,0.0,41.0,1.0,1.0,0.0,59.0,28.0,0.0,.233,.302,.404,.706,.273,20.86,597.0,33.0,39.0,294.0,256.0,68.0,12.0,1.0,10.0,31.0,0.0,77.0,3.0,4.0,0.0,112.0,45.0,6.0,.266,.347,.438,.785,.335,25.60,1138.0,52.0,63.0,2025
687859,Troy Johnston,115,Colorado Rockies,,RF,2026,265.0,236.0,73.0,21.0,0.0,3.0,22.0,0.0,47.0,4.0,2.0,1.0,103.0,34.0,2.0,.309,.375,.436,.811,.372,78.67,951.0,56.0,63.0,121.0,112.0,31.0,2.0,1.0,4.0,8.0,0.0,26.0,1.0,0.0,0.0,47.0,13.0,1.0,.277,.331,.420,.751,.329,28.00,450.0,24.0,31.0,2025
657136,Connor Wong,111,Boston Red Sox,,C,2026,92.0,79.0,21.0,8.0,0.0,0.0,8.0,0.0,21.0,3.0,0.0,2.0,29.0,10.0,1.0,.266,.356,.367,.723,.362,-.--,345.0,22.0,17.0,188.0,168.0,32.0,8.0,0.0,0.0,16.0,0.0,42.0,1.0,2.0,1.0,40.0,7.0,7.0,.190,.262,.238,.500,.250,-.--,745.0,53.0,44.0,2025
683769,Hunter Gaddis,114,Cleveland Guardians,,P,2026,,,,,,,,,,,,,,,,,,,,,,,,,,,,,,,,,,,,,,,,,,,,,,,,,2025
669432,Trevor Rogers,110,Baltimore Orioles,,P,2026,,,,,,,,,,,,,,,,,,,,,,,,,2.0,2.0,0.0,0.0,0.0,0.0,0.0,0.0,2.0,0.0,0.0,0.0,0.0,0.0,0.0,.000,.000,.000,.000,.---,-.--,6.0,0.0,0.0,2025
673540,Kodai Senga,121,New York Mets,,P,2026,,,,,,,,,,,,,,,,,,,,,,,,,,,,,,,,,,,,,,,,,,,,,,,,,2025
673548,Seiya Suzuki,112,Chicago Cubs,,RF,2026,260.0,227.0,61.0,10.0,0.0,10.0,29.0,3.0,67.0,3.0,1.0,0.0,101.0,31.0,5.0,.269,.358,.445,.803,.338,22.70,1099.0,44.0,56.0,651.0,571.0,140.0,31.0,3.0,32.0,71.0,1.0,164.0,1.0,8.0,0.0,273.0,103.0,13.0,.245,.326,.478,.804,.282,17.84,2727.0,98.0,177.0,2025
702222,Justin Crawford,143,Philadelphia Phillies,,CF,2026,230.0,213.0,52.0,10.0,2.0,2.0,15.0,0.0,48.0,2.0,0.0,0.0,72.0,16.0,1.0,.244,.300,.338,.638,.307,106.50,889.0,69.0,44.0,,,,,,,,,,,,,,,,,,,,,,,,,2025
573204,Caleb Thielbar,112,Chicago Cubs,,P,2026,0.0,0.0,0.0,0.0,0.0,0.0,0.0,0.0,0.0,0.0,0.0,0.0,0.0,0.0,0.0,.000,.000,.000,.000,.---,-.--,0.0,0.0,0.0,,,,,,,,,,,,,,,,,,,,,,,,,2025
669461,Matthew Liberatore,138,St. Louis Cardinals,,P,2026,,,,,,,,,,,,,,,,,,,,,,,,,,,,,,,,,,,,,,,,,,,,,,,,,2025
681751,Lazaro Estrada,141,Toronto Blue Jays,,P,2026,,,,,,,,,,,,,,,,,,,,,,,,,,,,,,,,,,,,,,,,,,,,,,,,,2025
669467,Andre Pallante,138,St. Louis Cardinals,,P,2026,,,,,,,,,,,,,,,,,,,,,,,,,0.0,0.0,0.0,0.0,0.0,0.0,0.0,0.0,0.0,0.0,0.0,0.0,0.0,0.0,0.0,.000,.000,.000,.000,.---,-.--,0.0,0.0,0.0,2025
624413,Pete Alonso,110,Baltimore Orioles,,1B,2026,336.0,294.0,72.0,13.0,0.0,17.0,36.0,2.0,79.0,3.0,3.0,0.0,136.0,49.0,8.0,.245,.330,.463,.793,.274,17.29,1365.0,73.0,73.0,709.0,624.0,170.0,41.0,1.0,38.0,61.0,5.0,162.0,15.0,9.0,0.0,327.0,126.0,23.0,.272,.347,.524,.871,.305,16.42,2807.0,135.0,166.0,2025
663330,Jahmai Jones,116,Detroit Tigers,,DH,2026,96.0,87.0,12.0,2.0,0.0,2.0,9.0,0.0,30.0,0.0,0.0,0.0,20.0,7.0,3.0,.138,.219,.230,.449,.182,43.50,352.0,19.0,26.0,150.0,129.0,37.0,11.0,1.0,7.0,18.0,1.0,32.0,3.0,0.0,0.0,71.0,23.0,3.0,.287,.387,.550,.937,.333,18.43,595.0,21.0,39.0,2025
696100,Hunter Goodman,115,Colorado Rockies,,C,2026,300.0,271.0,66.0,12.0,0.0,21.0,24.0,2.0,98.0,4.0,1.0,0.0,141.0,39.0,3.0,.244,.313,.520,.833,.294,12.90,1099.0,39.0,69.0,579.0,540.0,150.0,28.0,5.0,31.0,33.0,0.0,152.0,4.0,2.0,0.0,281.0,91.0,16.0,.278,.323,.520,.843,.331,17.42,2149.0,100.0,140.0,2025
669477,Casey Schmitt,137,San Francisco Giants,,DH,2026,289.0,273.0,80.0,15.0,1.0,16.0,7.0,0.0,57.0,6.0,3.0,0.0,145.0,41.0,5.0,.293,.322,.531,.853,.315,17.06,1036.0,50.0,89.0,348.0,312.0,74.0,15.0,0.0,12.0,27.0,1.0,83.0,5.0,3.0,1.0,125.0,40.0,6.0,.237,.305,.401,.706,.282,26.00,1330.0,58.0,101.0,2025
687911,Bryan King,117,Houston Astros,,P,2026,,,,,,,,,,,,,,,,,,,,,,,,,,,,,,,,,,,,,,,,,,,,,,,,,2025
624431,Jose Trevino,113,Cincinnati Reds,,C,2026,44.0,41.0,6.0,1.0,0.0,0.0,1.0,0.0,6.0,0.0,0.0,2.0,7.0,2.0,0.0,.146,.167,.171,.338,.171,-.--,129.0,21.0,10.0,302.0,282.0,67.0,20.0,0.0,4.0,15.0,0.0,39.0,0.0,4.0,1.0,99.0,22.0,9.0,.238,.272,.351,.623,.259,70.50,1063.0,95.0,86.0,2025
624424,Michael Conforto,112,Chicago Cubs,,DH,2026,116.0,99.0,22.0,9.0,0.0,4.0,16.0,0.0,36.0,0.0,1.0,0.0,43.0,13.0,2.0,.222,.328,.434,.762,.300,24.75,482.0,18.0,24.0,486.0,418.0,83.0,20.0,0.0,12.0,56.0,0.0,121.0,9.0,3.0,0.0,139.0,36.0,12.0,.199,.305,.333,.638,.247,34.83,2049.0,103.0,114.0,2025
702275,JR Ritchie,144,Atlanta Braves,,P,2026,0.0,0.0,0.0,0.0,0.0,0.0,0.0,0.0,0.0,0.0,0.0,0.0,0.0,0.0,0.0,.000,.000,.000,.000,.---,-.--,0.0,0.0,0.0,,,,,,,,,,,,,,,,,,,,,,,,,2025
667463,John King,146,Miami Marlins,,P,2026,,,,,,,,,,,,,,,,,,,,,,,,,,,,,,,,,,,,,,,,,,,,,,,,,2025
663368,Blake Perkins,158,Milwaukee Brewers,,CF,2026,94.0,83.0,13.0,5.0,0.0,1.0,9.0,0.0,22.0,1.0,0.0,1.0,21.0,11.0,1.0,.157,.247,.253,.500,.200,83.00,388.0,25.0,24.0,171.0,155.0,35.0,6.0,2.0,3.0,15.0,0.0,47.0,1.0,0.0,0.0,54.0,19.0,4.0,.226,.298,.348,.646,.305,51.67,708.0,41.0,32.0,2025
696135,Kahlil Watson,114,Cleveland Guardians,,LF,2026,10.0,10.0,0.0,0.0,0.0,0.0,0.0,0.0,7.0,0.0,0.0,0.0,0.0,0.0,0.0,.000,.000,.000,.000,.000,-.--,42.0,1.0,2.0,,,,,,,,,,,,,,,,,,,,,,,,,2025
675660,Shane Drohan,158,Milwaukee Brewers,,P,2026,,,,,,,,,,,,,,,,,,,,,,,,,,,,,,,,,,,,,,,,,,,,,,,,,2025
681799,Ethan Roberts,112,Chicago Cubs,,P,2026,,,,,,,,,,,,,,,,,,,,,,,,,,,,,,,,,,,,,,,,,,,,,,,,,2025
573262,Mike Yastrzemski,144,Atlanta Braves,,LF,2026,211.0,187.0,43.0,9.0,1.0,4.0,20.0,0.0,51.0,4.0,0.0,0.0,66.0,19.0,1.0,.230,.318,.353,.671,.295,46.75,883.0,43.0,50.0,558.0,477.0,111.0,28.0,1.0,17.0,72.0,4.0,108.0,2.0,5.0,2.0,192.0,46.0,7.0,.233,.333,.403,.736,.263,28.06,2305.0,95.0,170.0,2025
663372,Ryan Feltner,115,Colorado Rockies,,P,2026,,,,,,,,,,,,,,,,,,,,,,,,,,,,,,,,,,,,,,,,,,,,,,,,,2025
681807,David Fry,114,Cleveland Guardians,,RF,2026,119.0,101.0,23.0,4.0,0.0,4.0,18.0,1.0,36.0,0.0,0.0,0.0,39.0,9.0,3.0,.228,.345,.386,.731,.311,25.25,539.0,20.0,22.0,157.0,146.0,25.0,4.0,0.0,8.0,9.0,0.0,58.0,2.0,0.0,0.0,53.0,23.0,3.0,.171,.229,.363,.592,.213,18.25,623.0,26.0,37.0,2025
667472,Dane Myers,113,Cincinnati Reds,,CF,2026,121.0,103.0,27.0,5.0,0.0,3.0,15.0,0.0,31.0,2.0,1.0,0.0,41.0,13.0,3.0,.262,.364,.398,.762,.343,34.33,493.0,14.0,32.0,333.0,307.0,72.0,10.0,0.0,6.0,23.0,0.0,77.0,2.0,1.0,0.0,100.0,31.0,12.0,.235,.291,.326,.617,.293,51.17,1241.0,78.0,81.0,2025
700241,Michael McGreevy,138,St. Louis Cardinals,,P,2026,,,,,,,,,,,,,,,,,,,,,,,,,,,,,,,,,,,,,,,,,,,,,,,,,2025
702284,Cole Young,136,Seattle Mariners,,2B,2026,314.0,282.0,71.0,11.0,1.0,6.0,21.0,0.0,57.0,7.0,3.0,1.0,102.0,34.0,1.0,.252,.316,.362,.678,.293,47.00,1193.0,65.0,93.0,257.0,223.0,47.0,7.0,1.0,4.0,28.0,1.0,47.0,2.0,2.0,2.0,68.0,24.0,4.0,.211,.302,.305,.607,.247,55.75,1034.0,52.0,81.0,2025
696147,Sam Bachman,108,Los Angeles Angels,,P,2026,,,,,,,,,,,,,,,,,,,,,,,,,,,,,,,,,,,,,,,,,,,,,,,,,2025
681810,Austin Warren,121,New York Mets,,P,2026,,,,,,,,,,,,,,,,,,,,,,,,,,,,,,,,,,,,,,,,,,,,,,,,,2025
696149,Bubba Chandler,134,Pittsburgh Pirates,,P,2026,,,,,,,,,,,,,,,,,,,,,,,,,,,,,,,,,,,,,,,,,,,,,,,,,2025
700250,Ben Rice,147,New York Yankees,,1B,2026,303.0,260.0,75.0,15.0,2.0,21.0,39.0,3.0,70.0,2.0,2.0,0.0,157.0,52.0,5.0,.288,.383,.604,.987,.316,12.38,1217.0,60.0,57.0,530.0,467.0,119.0,28.0,4.0,26.0,50.0,0.0,100.0,9.0,2.0,0.0,233.0,65.0,18.0,.255,.337,.499,.836,.271,17.96,2047.0,115.0,135.0,2025
702332,Caleb Durbin,111,Boston Red Sox,,3B,2026,237.0,216.0,45.0,14.0,1.0,5.0,13.0,0.0,33.0,4.0,2.0,2.0,76.0,29.0,6.0,.208,.264,.352,.616,.222,43.20,835.0,80.0,62.0,506.0,445.0,114.0,25.0,0.0,11.0,30.0,0.0,50.0,24.0,4.0,3.0,172.0,53.0,10.0,.256,.334,.387,.721,.265,40.46,1838.0,134.0,154.0,2025
657277,Logan Webb,137,San Francisco Giants,,P,2026,,,,,,,,,,,,,,,,,,,,,,,,,,,,,,,,,,,,,,,,,,,,,,,,,2025
661388,William Contreras,158,Milwaukee Brewers,,C,2026,305.0,273.0,79.0,12.0,0.0,6.0,27.0,2.0,39.0,1.0,4.0,0.0,109.0,43.0,7.0,.289,.351,.399,.750,.315,45.50,1052.0,70.0,89.0,659.0,566.0,147.0,28.0,0.0,17.0,84.0,4.0,120.0,3.0,6.0,0.0,226.0,76.0,14.0,.260,.355,.399,.754,.299,33.29,2556.0,172.0,133.0,2025
663423,Trent Thornton,112,Chicago Cubs,,P,2026,,,,,,,,,,,,,,,,,,,,,,,,,0.0,0.0,0.0,0.0,0.0,0.0,0.0,0.0,0.0,0.0,0.0,0.0,0.0,0.0,0.0,.000,.000,.000,.000,.---,-.--,0.0,0.0,0.0,2025
663436,Davis Martin,145,Chicago White Sox,,P,2026,,,,,,,,,,,,,,,,,,,,,,,,,,,,,,,,,,,,,,,,,,,,,,,,,2025
681870,Erik Sabrowski,114,Cleveland Guardians,,P,2026,,,,,,,,,,,,,,,,,,,,,,,,,,,,,,,,,,,,,,,,,,,,,,,,,2025
661395,Jhoan Duran,143,Philadelphia Phillies,,P,2026,0.0,0.0,0.0,0.0,0.0,0.0,0.0,0.0,0.0,0.0,0.0,0.0,0.0,0.0,0.0,.000,.000,.000,.000,.---,-.--,0.0,0.0,0.0,0.0,0.0,0.0,0.0,0.0,0.0,0.0,0.0,0.0,0.0,0.0,0.0,0.0,0.0,0.0,.000,.000,.000,.000,.---,-.--,0.0,0.0,0.0,2025
665489,Vladimir Guerrero Jr.,141,Toronto Blue Jays,,1B,2026,307.0,265.0,74.0,12.0,0.0,4.0,34.0,5.0,31.0,4.0,4.0,0.0,98.0,31.0,8.0,.279,.365,.370,.735,.299,66.25,1092.0,87.0,77.0,680.0,589.0,172.0,34.0,0.0,23.0,81.0,8.0,94.0,6.0,4.0,0.0,275.0,84.0,17.0,.292,.381,.467,.848,.313,25.61,2502.0,179.0,148.0,2025
622491,Luis Castillo,136,Seattle Mariners,,P,2026,,,,,,,,,,,,,,,,,,,,,,,,,,,,,,,,,,,,,,,,,,,,,,,,,2025
620443,Luis Torrens,121,New York Mets,,C,2026,139.0,128.0,28.0,9.0,0.0,1.0,5.0,0.0,29.0,4.0,0.0,2.0,40.0,15.0,1.0,.219,.270,.313,.583,.276,128.00,530.0,45.0,28.0,283.0,261.0,59.0,14.0,1.0,5.0,19.0,0.0,56.0,2.0,0.0,1.0,90.0,29.0,7.0,.226,.284,.345,.629,.270,52.20,1069.0,89.0,58.0,2025
663457,Lars Nootbaar,138,St. Louis Cardinals,,LF,2026,53.0,45.0,12.0,2.0,0.0,2.0,7.0,1.0,13.0,0.0,1.0,0.0,20.0,6.0,0.0,.267,.358,.444,.802,.323,22.50,220.0,8.0,13.0,583.0,509.0,119.0,24.0,1.0,13.0,64.0,3.0,119.0,6.0,3.0,1.0,184.0,48.0,4.0,.234,.325,.361,.686,.279,39.15,2359.0,109.0,166.0,2025
681895,Evan Sisk,134,Pittsburgh Pirates,,P,2026,,,,,,,,,,,,,,,,,,,,,,,,,,,,,,,,,,,,,,,,,,,,,,,,,2025
679845,Nick Loftin,118,Kansas City Royals,,2B,2026,137.0,113.0,27.0,12.0,1.0,1.0,17.0,0.0,18.0,3.0,3.0,1.0,44.0,20.0,2.0,.239,.346,.389,.735,.268,113.00,519.0,33.0,39.0,188.0,168.0,35.0,9.0,2.0,4.0,14.0,0.0,27.0,3.0,2.0,1.0,60.0,20.0,7.0,.208,.278,.357,.635,.223,42.00,676.0,48.0,61.0,2025
677800,Wilyer Abreu,111,Boston Red Sox,,RF,2026,315.0,284.0,78.0,16.0,1.0,9.0,27.0,1.0,61.0,0.0,3.0,1.0,123.0,36.0,6.0,.275,.334,.433,.767,.318,31.56,1230.0,51.0,98.0,417.0,373.0,92.0,17.0,0.0,22.0,40.0,5.0,101.0,0.0,3.0,1.0,175.0,69.0,8.0,.247,.317,.469,.786,.277,16.96,1600.0,63.0,121.0,2025
694192,Jackson Chourio,158,Milwaukee Brewers,,LF,2026,187.0,171.0,52.0,12.0,0.0,10.0,14.0,1.0,44.0,1.0,1.0,0.0,94.0,29.0,1.0,.304,.358,.550,.908,.356,17.10,725.0,36.0,40.0,589.0,549.0,148.0,35.0,4.0,21.0,30.0,1.0,121.0,3.0,6.0,1.0,254.0,78.0,13.0,.270,.308,.463,.771,.308,26.14,2108.0,129.0,158.0,2025
700337,Edgar Quero,145,Chicago White Sox,,C,2026,168.0,146.0,27.0,1.0,0.0,2.0,12.0,0.0,40.0,3.0,5.0,2.0,34.0,15.0,5.0,.185,.253,.233,.486,.229,73.00,628.0,44.0,42.0,403.0,365.0,98.0,17.0,0.0,5.0,32.0,0.0,71.0,4.0,2.0,0.0,130.0,36.0,8.0,.268,.333,.356,.689,.320,73.00,1583.0,107.0,91.0,2025
683953,Travis Bazzana,114,Cleveland Guardians,,2B,2026,195.0,168.0,46.0,11.0,1.0,7.0,24.0,1.0,36.0,2.0,1.0,0.0,80.0,23.0,0.0,.274,.369,.476,.845,.310,24.00,760.0,40.0,47.0,,,,,,,,,,,,,,,,,,,,,,,,,2025
681909,Justin Dean,112,Chicago Cubs,,CF,2026,2.0,2.0,1.0,0.0,1.0,0.0,0.0,0.0,0.0,0.0,0.0,0.0,3.0,3.0,0.0,.500,.500,1.500,2.000,.500,-.--,8.0,1.0,0.0,2.0,2.0,0.0,0.0,0.0,0.0,0.0,0.0,1.0,0.0,0.0,0.0,0.0,0.0,0.0,.000,.000,.000,.000,.000,-.--,11.0,1.0,0.0,2025
669622,Anthony Bender,146,Miami Marlins,,P,2026,,,,,,,,,,,,,,,,,,,,,,,,,,,,,,,,,,,,,,,,,,,,,,,,,2025
681911,Alex Vesia,119,Los Angeles Dodgers,,P,2026,0.0,0.0,0.0,0.0,0.0,0.0,0.0,0.0,0.0,0.0,0.0,0.0,0.0,0.0,0.0,.000,.000,.000,.000,.---,-.--,0.0,0.0,0.0,,,,,,,,,,,,,,,,,,,,,,,,,2025
810938,Ben Williamson,139,Tampa Bay Rays,,2B,2026,178.0,160.0,39.0,7.0,1.0,1.0,16.0,0.0,35.0,1.0,0.0,1.0,51.0,19.0,6.0,.244,.316,.319,.635,.306,160.00,710.0,50.0,37.0,295.0,277.0,70.0,13.0,0.0,1.0,15.0,0.0,64.0,1.0,0.0,2.0,86.0,21.0,5.0,.253,.294,.310,.604,.325,277.00,1216.0,90.0,55.0,2025
694203,Denzer Guzman,108,Los Angeles Angels,,3B,2026,48.0,45.0,11.0,2.0,0.0,2.0,3.0,0.0,9.0,0.0,0.0,0.0,19.0,8.0,1.0,.244,.292,.422,.714,.265,22.50,166.0,11.0,14.0,43.0,42.0,8.0,1.0,0.0,2.0,1.0,0.0,22.0,0.0,0.0,0.0,15.0,3.0,0.0,.190,.209,.357,.566,.333,21.00,176.0,4.0,8.0,2025
681916,Dylan Smith,137,San Francisco Giants,,P,2026,0.0,0.0,0.0,0.0,0.0,0.0,0.0,0.0,0.0,0.0,0.0,0.0,0.0,0.0,0.0,.000,.000,.000,.000,.---,-.--,0.0,0.0,0.0,,,,,,,,,,,,,,,,,,,,,,,,,2025
694212,Samuel Basallo,110,Baltimore Orioles,,C,2026,235.0,213.0,55.0,9.0,1.0,10.0,20.0,1.0,61.0,0.0,2.0,0.0,96.0,30.0,3.0,.258,.319,.451,.770,.313,21.30,844.0,50.0,49.0,118.0,109.0,18.0,6.0,0.0,4.0,6.0,0.0,30.0,3.0,0.0,0.0,36.0,15.0,4.0,.165,.229,.330,.559,.187,27.25,443.0,36.0,25.0,2025
663494,Bryan Torres,138,St. Louis Cardinals,,LF,2026,48.0,42.0,10.0,0.0,1.0,2.0,5.0,0.0,7.0,0.0,0.0,1.0,18.0,5.0,0.0,.238,.319,.429,.748,.242,21.00,186.0,15.0,11.0,,,,,,,,,,,,,,,,,,,,,,,,,2025
679883,Luinder Avila,118,Kansas City Royals,,P,2026,,,,,,,,,,,,,,,,,,,,,,,,,0.0,0.0,0.0,0.0,0.0,0.0,0.0,0.0,0.0,0.0,0.0,0.0,0.0,0.0,0.0,.000,.000,.000,.000,.---,-.--,0.0,0.0,0.0,2025
696270,Ryan Johnson,108,Los Angeles Angels,,P,2026,,,,,,,,,,,,,,,,,,,,,,,,,,,,,,,,,,,,,,,,,,,,,,,,,2025
655316,Andruw Monasterio,111,Boston Red Sox,,SS,2026,122.0,115.0,27.0,10.0,0.0,2.0,7.0,0.0,31.0,0.0,0.0,0.0,43.0,11.0,2.0,.235,.279,.374,.653,.305,57.50,533.0,21.0,36.0,135.0,126.0,34.0,9.0,0.0,4.0,7.0,0.0,32.0,2.0,0.0,0.0,55.0,16.0,1.0,.270,.319,.437,.756,.333,31.50,558.0,19.0,41.0,2025
665561,Rafael Marchán,143,Philadelphia Phillies,,C,2026,75.0,72.0,7.0,0.0,0.0,2.0,1.0,0.0,14.0,2.0,0.0,0.0,13.0,6.0,2.0,.097,.133,.181,.314,.089,36.00,288.0,16.0,35.0,118.0,105.0,22.0,4.0,0.0,2.0,10.0,0.0,17.0,1.0,1.0,1.0,32.0,13.0,1.0,.210,.282,.305,.587,.230,52.50,459.0,41.0,27.0,2025
622554,Seranthony Domínguez,145,Chicago White Sox,,P,2026,,,,,,,,,,,,,,,,,,,,,,,,,0.0,0.0,0.0,0.0,0.0,0.0,0.0,0.0,0.0,0.0,0.0,0.0,0.0,0.0,0.0,.000,.000,.000,.000,.---,-.--,0.0,0.0,0.0,2025
696285,Jacob Young,120,Washington Nationals,,CF,2026,249.0,232.0,53.0,8.0,2.0,8.0,12.0,0.0,46.0,4.0,0.0,1.0,89.0,28.0,3.0,.228,.278,.384,.662,.253,29.00,938.0,59.0,75.0,364.0,324.0,75.0,10.0,1.0,2.0,27.0,0.0,65.0,3.0,1.0,9.0,93.0,31.0,7.0,.231,.296,.287,.583,.283,162.00,1367.0,115.0,79.0,2025
489446,Kirby Yates,108,Los Angeles Angels,,P,2026,,,,,,,,,,,,,,,,,,,,,,,,,,,,,,,,,,,,,,,,,,,,,,,,,2025
684007,Shota Imanaga,112,Chicago Cubs,,P,2026,,,,,,,,,,,,,,,,,,,,,,,,,,,,,,,,,,,,,,,,,,,,,,,,,2025
677865,Justin Bruihl,138,St. Louis Cardinals,,P,2026,,,,,,,,,,,,,,,,,,,,,,,,,,,,,,,,,,,,,,,,,,,,,,,,,2025
694249,Cole Carrigg,115,Colorado Rockies,,CF,2026,45.0,38.0,9.0,1.0,1.0,3.0,6.0,0.0,9.0,1.0,0.0,0.0,21.0,8.0,1.0,.237,.356,.553,.909,.231,12.67,180.0,7.0,13.0,,,,,,,,,,,,,,,,,,,,,,,,,2025
688107,Robert Gasser,158,Milwaukee Brewers,,P,2026,,,,,,,,,,,,,,,,,,,,,,,,,,,,,,,,,,,,,,,,,,,,,,,,,2025
815083,Mitch Farris,108,Los Angeles Angels,,P,2026,,,,,,,,,,,,,,,,,,,,,,,,,,,,,,,,,,,,,,,,,,,,,,,,,2025
677870,Leo Jiménez,146,Miami Marlins,,3B,2026,87.0,75.0,14.0,2.0,0.0,0.0,6.0,0.0,19.0,5.0,1.0,0.0,16.0,1.0,4.0,.187,.287,.213,.500,.246,-.--,357.0,28.0,15.0,32.0,29.0,2.0,0.0,0.0,1.0,2.0,0.0,8.0,0.0,0.0,1.0,5.0,1.0,1.0,.069,.129,.172,.301,.050,29.00,143.0,10.0,10.0,2025
663538,Nico Hoerner,112,Chicago Cubs,,2B,2026,342.0,302.0,71.0,16.0,0.0,4.0,32.0,0.0,25.0,4.0,4.0,0.0,99.0,35.0,7.0,.235,.313,.328,.641,.242,75.50,1258.0,96.0,114.0,649.0,599.0,178.0,29.0,4.0,7.0,39.0,1.0,49.0,7.0,4.0,0.0,236.0,61.0,4.0,.297,.345,.394,.739,.313,85.57,2305.0,179.0,197.0,2025
669684,Chris Murphy,145,Chicago White Sox,,P,2026,,,,,,,,,,,,,,,,,,,,,,,,,,,,,,,,,,,,,,,,,,,,,,,,,2025
671732,Lawrence Butler,133,Athletics,,RF,2026,210.0,189.0,37.0,6.0,0.0,5.0,21.0,1.0,55.0,0.0,0.0,0.0,58.0,20.0,3.0,.196,.276,.307,.583,.248,37.80,853.0,60.0,37.0,630.0,569.0,133.0,30.0,2.0,21.0,59.0,0.0,179.0,0.0,0.0,2.0,230.0,63.0,7.0,.234,.306,.404,.710,.304,27.10,2517.0,137.0,122.0,2025
663542,Bryan Hudson,145,Chicago White Sox,,P,2026,,,,,,,,,,,,,,,,,,,,,,,,,,,,,,,,,,,,,,,,,,,,,,,,,2025
671739,Michael Harris II,144,Atlanta Braves,,CF,2026,262.0,248.0,76.0,10.0,0.0,14.0,12.0,0.0,53.0,1.0,1.0,0.0,128.0,41.0,2.0,.306,.340,.516,.856,.341,17.71,949.0,60.0,60.0,641.0,611.0,152.0,26.0,6.0,20.0,16.0,1.0,128.0,3.0,7.0,4.0,250.0,86.0,7.0,.249,.268,.409,.677,.281,30.55,2177.0,193.0,149.0,2025
681982,Grant Anderson,158,Milwaukee Brewers,,P,2026,,,,,,,,,,,,,,,,,,,,,,,,,,,,,,,,,,,,,,,,,,,,,,,,,2025
