batter_id,batter_name,team_id,team_name,batSide,primaryPosition,season,plateAppearances,atBats,hits,doubles,triples,homeRuns,baseOnBalls,intentionalWalks,strikeOuts,hitByPitch,sacFlies,sacBunts,totalBases,rbi,groundIntoDoublePlay,avg,obp,slg,ops,babip,atBatsPerHomeRun,numberOfPitches,groundOuts,airOuts,plateAppearances_prev,atBats_prev,hits_prev,doubles_prev,triples_prev,homeRuns_prev,baseOnBalls_prev,intentionalWalks_prev,strikeOuts_prev,hitByPitch_prev,sacFlies_prev,sacBunts_prev,totalBases_prev,rbi_prev,groundIntoDoublePlay_prev,avg_prev,obp_prev,slg_prev,ops_prev,babip_prev,atBatsPerHomeRun_prev,numberOfPitches_prev,groundOuts_prev,airOuts_prev,season_prev
663556,Shane McClanahan,139,Tampa Bay Rays,,P,2026,,,,,,,,,,,,,,,,,,,,,,,,,,,,,,,,,,,,,,,,,,,,,,,,,2025
808963,Roki Sasaki,119,Los Angeles Dodgers,,P,2026,,,,,,,,,,,,,,,,,,,,,,,,,,,,,,,,,,,,,,,,,,,,,,,,,2025
663558,Jovani Morán,111,Boston Red Sox,,P,2026,,,,,,,,,,,,,,,,,,,,,,,,,,,,,,,,,,,,,,,,,,,,,,,,,2025
663554,Casey Mize,116,Detroit Tigers,,P,2026,,,,,,,,,,,,,,,,,,,,,,,,,,,,,,,,,,,,,,,,,,,,,,,,,2025
808967,Yoshinobu Yamamoto,119,Los Angeles Dodgers,,P,2026,,,,,,,,,,,,,,,,,,,,,,,,,,,,,,,,,,,,,,,,,,,,,,,,,2025
675848,Juan Mejia,115,Colorado Rockies,,P,2026,,,,,,,,,,,,,,,,,,,,,,,,,0.0,0.0,0.0,0.0,0.0,0.0,0.0,0.0,0.0,0.0,0.0,0.0,0.0,0.0,0.0,.000,.000,.000,.000,.---,-.--,0.0,0.0,0.0,2025
595978,Austin Hedges,114,Cleveland Guardians,,C,2026,155.0,135.0,39.0,7.0,0.0,4.0,13.0,0.0,25.0,1.0,2.0,4.0,58.0,17.0,3.0,.289,.351,.430,.781,.324,33.75,587.0,43.0,34.0,180.0,155.0,25.0,3.0,0.0,5.0,18.0,0.0,43.0,1.0,2.0,4.0,43.0,10.0,2.0,.161,.250,.277,.527,.183,31.00,696.0,35.0,58.0,2025
669707,Jared Triolo,134,Pittsburgh Pirates,,SS,2026,234.0,210.0,52.0,12.0,0.0,1.0,18.0,0.0,52.0,3.0,0.0,1.0,67.0,19.0,6.0,.248,.316,.319,.635,.325,210.00,880.0,65.0,42.0,376.0,331.0,75.0,18.0,2.0,7.0,39.0,1.0,76.0,2.0,1.0,3.0,118.0,24.0,4.0,.227,.311,.356,.667,.273,47.29,1454.0,81.0,103.0,2025
669711,Greg Weissert,111,Boston Red Sox,,P,2026,,,,,,,,,,,,,,,,,,,,,,,,,,,,,,,,,,,,,,,,,,,,,,,,,2025
808982,Jung Hoo Lee,137,San Francisco Giants,,RF,2026,380.0,358.0,107.0,21.0,4.0,5.0,15.0,0.0,37.0,4.0,3.0,0.0,151.0,34.0,5.0,.299,.332,.422,.754,.320,71.60,1387.0,113.0,104.0,617.0,560.0,149.0,31.0,12.0,8.0,47.0,0.0,71.0,6.0,4.0,0.0,228.0,55.0,2.0,.266,.327,.407,.734,.291,70.00,2351.0,182.0,162.0,2025
663567,Peter Lambert,117,Houston Astros,,P,2026,,,,,,,,,,,,,,,,,,,,,,,,,,,,,,,,,,,,,,,,,,,,,,,,,2025
622608,Antonio Senzatela,115,Colorado Rockies,,P,2026,0.0,0.0,0.0,0.0,0.0,0.0,0.0,0.0,0.0,0.0,0.0,0.0,0.0,0.0,0.0,.000,.000,.000,.000,.---,-.--,0.0,0.0,0.0,,,,,,,,,,,,,,,,,,,,,,,,,2025
694297,Brandon Pfaadt,109,Arizona Diamondbacks,,P,2026,,,,,,,,,,,,,,,,,,,,,,,,,,,,,,,,,,,,,,,,,,,,,,,,,2025
596001,Jakob Junis,140,Texas Rangers,,P,2026,,,,,,,,,,,,,,,,,,,,,,,,,,,,,,,,,,,,,,,,,,,,,,,,,2025
669724,Brenan Hanifee,116,Detroit Tigers,,P,2026,,,,,,,,,,,,,,,,,,,,,,,,,,,,,,,,,,,,,,,,,,,,,,,,,2025
663586,Austin Riley,144,Atlanta Braves,,3B,2026,418.0,374.0,82.0,13.0,1.0,12.0,33.0,0.0,123.0,9.0,2.0,0.0,133.0,49.0,7.0,.219,.297,.356,.653,.290,31.17,1689.0,66.0,105.0,447.0,416.0,108.0,20.0,1.0,16.0,27.0,1.0,128.0,3.0,1.0,0.0,178.0,54.0,9.0,.260,.309,.428,.737,.337,26.00,1791.0,69.0,112.0,2025
593958,Eduardo Rodriguez,109,Arizona Diamondbacks,,P,2026,,,,,,,,,,,,,,,,,,,,,,,,,,,,,,,,,,,,,,,,,,,,,,,,,2025
596019,Francisco Lindor,121,New York Mets,,SS,2026,201.0,180.0,41.0,5.0,3.0,6.0,19.0,0.0,35.0,2.0,0.0,0.0,70.0,16.0,2.0,.228,.308,.389,.697,.252,30.00,873.0,46.0,58.0,732.0,644.0,172.0,35.0,0.0,31.0,65.0,2.0,131.0,16.0,7.0,0.0,300.0,86.0,9.0,.267,.346,.466,.812,.288,20.77,2940.0,149.0,199.0,2025
593974,Wandy Peralta,135,San Diego Padres,,P,2026,0.0,0.0,0.0,0.0,0.0,0.0,0.0,0.0,0.0,0.0,0.0,0.0,0.0,0.0,0.0,.000,.000,.000,.000,.---,-.--,0.0,0.0,0.0,,,,,,,,,,,,,,,,,,,,,,,,,2025
669743,Alex Call,119,Los Angeles Dodgers,,LF,2026,140.0,117.0,29.0,5.0,0.0,1.0,18.0,0.0,23.0,3.0,2.0,0.0,37.0,16.0,2.0,.248,.357,.316,.673,.295,117.00,616.0,33.0,34.0,322.0,270.0,72.0,13.0,2.0,5.0,36.0,0.0,55.0,6.0,4.0,6.0,104.0,31.0,6.0,.267,.361,.385,.746,.313,54.00,1314.0,80.0,73.0,2025
571448,Nolan Arenado,109,Arizona Diamondbacks,,3B,2026,378.0,335.0,83.0,19.0,0.0,14.0,34.0,2.0,80.0,6.0,3.0,0.0,144.0,48.0,8.0,.248,.325,.430,.755,.283,23.93,1520.0,75.0,100.0,436.0,401.0,95.0,18.0,1.0,12.0,28.0,4.0,49.0,3.0,4.0,0.0,151.0,52.0,10.0,.237,.289,.377,.666,.241,33.42,1586.0,101.0,160.0,2025
677944,Slade Cecconi,114,Cleveland Guardians,,P,2026,,,,,,,,,,,,,,,,,,,,,,,,,,,,,,,,,,,,,,,,,,,,,,,,,2025
694335,Matt Svanson,138,St. Louis Cardinals,,P,2026,,,,,,,,,,,,,,,,,,,,,,,,,,,,,,,,,,,,,,,,,,,,,,,,,2025
677952,Braxton Ashcraft,134,Pittsburgh Pirates,,P,2026,,,,,,,,,,,,,,,,,,,,,,,,,,,,,,,,,,,,,,,,,,,,,,,,,2025
608324,Alex Bregman,112,Chicago Cubs,,3B,2026,462.0,397.0,94.0,15.0,1.0,10.0,52.0,2.0,74.0,8.0,5.0,0.0,141.0,44.0,10.0,.237,.333,.355,.688,.264,39.70,1844.0,92.0,142.0,495.0,433.0,118.0,28.0,0.0,18.0,51.0,3.0,70.0,9.0,2.0,0.0,200.0,62.0,12.0,.273,.360,.462,.822,.288,24.06,1947.0,101.0,146.0,2025
677958,Kumar Rocker,140,Texas Rangers,,P,2026,,,,,,,,,,,,,,,,,,,,,,,,,,,,,,,,,,,,,,,,,,,,,,,,,2025
694360,Beck Way,118,Kansas City Royals,,P,2026,,,,,,,,,,,,,,,,,,,,,,,,,,,,,,,,,,,,,,,,,,,,,,,,,2025
677961,Cole Wilcox,136,Seattle Mariners,,P,2026,,,,,,,,,,,,,,,,,,,,,,,,,,,,,,,,,,,,,,,,,,,,,,,,,2025
677976,Randy Dobnak,118,Kansas City Royals,,P,2026,,,,,,,,,,,,,,,,,,,,,,,,,,,,,,,,,,,,,,,,,,,,,,,,,2025
694361,Will Klein,119,Los Angeles Dodgers,,P,2026,,,,,,,,,,,,,,,,,,,,,,,,,,,,,,,,,,,,,,,,,,,,,,,,,2025
608348,Carson Kelly,112,Chicago Cubs,,C,2026,271.0,237.0,62.0,10.0,0.0,6.0,31.0,0.0,44.0,3.0,0.0,0.0,90.0,35.0,5.0,.262,.354,.380,.734,.299,39.50,1059.0,64.0,67.0,421.0,369.0,92.0,13.0,1.0,17.0,45.0,0.0,80.0,3.0,4.0,0.0,158.0,50.0,11.0,.249,.333,.428,.761,.272,21.71,1667.0,88.0,113.0,2025
663647,Ke'Bryan Hayes,113,Cincinnati Reds,,3B,2026,146.0,137.0,20.0,2.0,1.0,2.0,8.0,0.0,24.0,1.0,0.0,0.0,30.0,5.0,5.0,.146,.199,.219,.418,.162,68.50,479.0,40.0,53.0,570.0,527.0,124.0,16.0,3.0,5.0,36.0,1.0,111.0,5.0,1.0,1.0,161.0,49.0,12.0,.235,.290,.306,.596,.289,105.40,2154.0,154.0,140.0,2025
694374,Tim Tawa,109,Arizona Diamondbacks,,LF,2026,130.0,113.0,26.0,7.0,0.0,4.0,11.0,0.0,29.0,0.0,2.0,4.0,45.0,20.0,2.0,.230,.294,.398,.692,.268,28.25,529.0,37.0,27.0,225.0,199.0,40.0,8.0,0.0,7.0,20.0,0.0,64.0,1.0,3.0,2.0,69.0,18.0,6.0,.201,.274,.347,.621,.252,28.43,876.0,54.0,46.0,2025
694378,Jacob Gonzalez,134,Pittsburgh Pirates,,1B,2026,114.0,103.0,26.0,5.0,0.0,4.0,8.0,0.0,23.0,2.0,0.0,1.0,43.0,22.0,1.0,.252,.319,.417,.736,.289,25.75,444.0,23.0,32.0,,,,,,,,,,,,,,,,,,,,,,,,,2025
622694,Elieser Hernández,144,Atlanta Braves,,P,2026,,,,,,,,,,,,,,,,,,,,,,,,,,,,,,,,,,,,,,,,,,,,,,,,,2025
663656,Kyle Tucker,119,Los Angeles Dodgers,,RF,2026,405.0,350.0,84.0,18.0,2.0,8.0,49.0,0.0,79.0,2.0,4.0,0.0,130.0,50.0,3.0,.240,.333,.371,.704,.285,43.75,1600.0,82.0,109.0,597.0,500.0,133.0,25.0,4.0,22.0,87.0,7.0,88.0,4.0,3.0,1.0,232.0,73.0,8.0,.266,.377,.464,.841,.282,22.73,2306.0,114.0,169.0,2025
667755,José Soriano,108,Los Angeles Angels,,P,2026,,,,,,,,,,,,,,,,,,,,,,,,,,,,,,,,,,,,,,,,,,,,,,,,,2025
594027,Tyron Guerrero,111,Boston Red Sox,,P,2026,,,,,,,,,,,,,,,,,,,,,,,,,,,,,,,,,,,,,,,,,,,,,,,,,2025
657514,Brennan Bernardino,115,Colorado Rockies,,P,2026,,,,,,,,,,,,,,,,,,,,,,,,,0.0,0.0,0.0,0.0,0.0,0.0,0.0,0.0,0.0,0.0,0.0,0.0,0.0,0.0,0.0,.000,.000,.000,.000,.---,-.--,0.0,0.0,0.0,2025
694384,Nolan Schanuel,108,Los Angeles Angels,,1B,2026,350.0,312.0,88.0,17.0,0.0,6.0,31.0,0.0,50.0,5.0,2.0,0.0,123.0,36.0,10.0,.282,.354,.394,.748,.318,52.00,1336.0,98.0,78.0,564.0,488.0,129.0,23.0,1.0,12.0,59.0,4.0,71.0,10.0,4.0,3.0,190.0,53.0,10.0,.264,.353,.389,.742,.286,40.67,2150.0,139.0,156.0,2025
608372,Tomoyuki Sugano,115,Colorado Rockies,,P,2026,,,,,,,,,,,,,,,,,,,,,,,,,,,,,,,,,,,,,,,,,,,,,,,,,2025
571510,Matthew Boyd,112,Chicago Cubs,,P,2026,,,,,,,,,,,,,,,,,,,,,,,,,,,,,,,,,,,,,,,,,,,,,,,,,2025
608379,Michael Wacha,118,Kansas City Royals,,P,2026,,,,,,,,,,,,,,,,,,,,,,,,,,,,,,,,,,,,,,,,,,,,,,,,,2025
678011,Anthony Seigler,111,Boston Red Sox,,2B,2026,111.0,99.0,27.0,9.0,0.0,3.0,9.0,0.0,19.0,1.0,1.0,1.0,45.0,9.0,1.0,.273,.336,.455,.791,.308,33.00,396.0,28.0,27.0,73.0,62.0,12.0,1.0,0.0,0.0,8.0,0.0,16.0,1.0,1.0,1.0,13.0,5.0,2.0,.194,.292,.210,.502,.255,-.--,276.0,19.0,17.0,2025
682120,Tim Herrin,114,Cleveland Guardians,,P,2026,,,,,,,,,,,,,,,,,,,,,,,,,0.0,0.0,0.0,0.0,0.0,0.0,0.0,0.0,0.0,0.0,0.0,0.0,0.0,0.0,0.0,.000,.000,.000,.000,.---,-.--,0.0,0.0,0.0,2025
645261,Sandy Alcantara,146,Miami Marlins,,P,2026,,,,,,,,,,,,,,,,,,,,,,,,,,,,,,,,,,,,,,,,,,,,,,,,,2025
686218,Emmet Sheehan,119,Los Angeles Dodgers,,P,2026,,,,,,,,,,,,,,,,,,,,,,,,,,,,,,,,,,,,,,,,,,,,,,,,,2025
647304,Josh Naylor,136,Seattle Mariners,,1B,2026,417.0,379.0,98.0,13.0,0.0,8.0,32.0,2.0,50.0,4.0,1.0,0.0,135.0,37.0,14.0,.259,.322,.356,.678,.280,47.38,1363.0,117.0,115.0,604.0,543.0,160.0,29.0,1.0,20.0,48.0,4.0,83.0,4.0,5.0,0.0,251.0,92.0,17.0,.295,.353,.462,.815,.315,27.15,2013.0,158.0,147.0,2025
665742,Juan Soto,121,New York Mets,,LF,2026,359.0,293.0,83.0,8.0,2.0,21.0,63.0,9.0,48.0,0.0,2.0,0.0,158.0,52.0,4.0,.283,.408,.539,.947,.274,13.95,1439.0,75.0,89.0,715.0,577.0,152.0,20.0,1.0,43.0,127.0,13.0,137.0,3.0,6.0,1.0,303.0,105.0,17.0,.263,.396,.525,.921,.270,13.42,2968.0,156.0,139.0,2025
665750,Leody Taveras,110,Baltimore Orioles,,CF,2026,310.0,269.0,63.0,10.0,5.0,4.0,31.0,0.0,78.0,1.0,1.0,8.0,95.0,37.0,5.0,.234,.315,.353,.668,.314,67.25,1226.0,63.0,74.0,180.0,171.0,35.0,6.0,1.0,3.0,5.0,0.0,50.0,0.0,1.0,3.0,52.0,17.0,0.0,.205,.226,.304,.530,.269,57.00,693.0,33.0,57.0,2025
643217,Andrew Benintendi,145,Chicago White Sox,,DH,2026,311.0,279.0,68.0,16.0,2.0,10.0,27.0,1.0,73.0,0.0,4.0,1.0,118.0,52.0,5.0,.244,.306,.423,.729,.290,27.90,1176.0,64.0,79.0,470.0,420.0,101.0,16.0,2.0,20.0,40.0,2.0,82.0,3.0,6.0,0.0,181.0,63.0,5.0,.240,.307,.431,.738,.250,21.00,1721.0,88.0,155.0,2025
663698,Joey Bart,144,Atlanta Braves,,C,2026,109.0,98.0,22.0,4.0,0.0,4.0,5.0,0.0,30.0,5.0,1.0,0.0,38.0,13.0,0.0,.224,.294,.388,.682,.277,24.50,423.0,21.0,26.0,332.0,285.0,71.0,12.0,1.0,4.0,40.0,0.0,93.0,7.0,0.0,0.0,97.0,30.0,14.0,.249,.355,.340,.695,.356,71.25,1345.0,72.0,49.0,2025
702616,Jackson Holliday,110,Baltimore Orioles,,2B,2026,164.0,137.0,30.0,3.0,1.0,5.0,24.0,0.0,42.0,0.0,3.0,0.0,50.0,16.0,3.0,.219,.329,.365,.694,.269,27.40,653.0,32.0,36.0,649.0,586.0,142.0,21.0,3.0,17.0,56.0,1.0,140.0,6.0,1.0,0.0,220.0,55.0,4.0,.242,.314,.375,.689,.291,34.47,2450.0,167.0,138.0,2025
669854,Ronel Blanco,117,Houston Astros,,P,2026,,,,,,,,,,,,,,,,,,,,,,,,,,,,,,,,,,,,,,,,,,,,,,,,,2025
657571,Caleb Ferguson,113,Cincinnati Reds,,P,2026,,,,,,,,,,,,,,,,,,,,,,,,,,,,,,,,,,,,,,,,,,,,,,,,,2025
645277,Ozzie Albies,144,Atlanta Braves,,2B,2026,448.0,402.0,106.0,21.0,0.0,16.0,30.0,1.0,66.0,5.0,11.0,0.0,175.0,56.0,3.0,.264,.315,.435,.750,.272,25.12,1599.0,94.0,147.0,667.0,603.0,145.0,23.0,2.0,16.0,55.0,2.0,94.0,4.0,5.0,0.0,220.0,74.0,9.0,.240,.306,.365,.671,.259,37.69,2402.0,146.0,223.0,2025
596133,Luke Weaver,121,New York Mets,,P,2026,0.0,0.0,0.0,0.0,0.0,0.0,0.0,0.0,0.0,0.0,0.0,0.0,0.0,0.0,0.0,.000,.000,.000,.000,.---,-.--,0.0,0.0,0.0,,,,,,,,,,,,,,,,,,,,,,,,,2025
542888,Shawn Armstrong,114,Cleveland Guardians,,P,2026,,,,,,,,,,,,,,,,,,,,,,,,,0.0,0.0,0.0,0.0,0.0,0.0,0.0,0.0,0.0,0.0,0.0,0.0,0.0,0.0,0.0,.000,.000,.000,.000,.---,-.--,0.0,0.0,0.0,2025
688297,Chris Roycroft,139,Tampa Bay Rays,,P,2026,,,,,,,,,,,,,,,,,,,,,,,,,,,,,,,,,,,,,,,,,,,,,,,,,2025
622761,Jorge Mateo,144,Atlanta Braves,,SS,2026,137.0,129.0,31.0,6.0,0.0,4.0,8.0,0.0,41.0,0.0,0.0,0.0,49.0,11.0,2.0,.240,.285,.380,.665,.321,32.25,530.0,24.0,33.0,83.0,79.0,14.0,4.0,0.0,1.0,4.0,0.0,30.0,0.0,0.0,0.0,21.0,3.0,1.0,.177,.217,.266,.483,.271,79.00,336.0,17.0,18.0,2025
673962,Josh Jung,140,Texas Rangers,,3B,2026,396.0,354.0,104.0,23.0,1.0,9.0,33.0,0.0,71.0,6.0,3.0,0.0,156.0,35.0,14.0,.294,.361,.441,.802,.343,39.33,1461.0,88.0,94.0,511.0,482.0,121.0,23.0,1.0,14.0,27.0,0.0,129.0,2.0,0.0,0.0,188.0,61.0,10.0,.251,.294,.390,.684,.316,34.43,1931.0,108.0,124.0,2025
596142,Gary Sánchez,158,Milwaukee Brewers,,C,2026,185.0,147.0,32.0,5.0,1.0,8.0,35.0,0.0,33.0,2.0,1.0,0.0,63.0,25.0,6.0,.218,.373,.429,.802,.224,18.38,789.0,35.0,48.0,101.0,91.0,21.0,2.0,0.0,5.0,4.0,0.0,27.0,5.0,1.0,0.0,38.0,24.0,2.0,.231,.297,.418,.715,.267,18.20,415.0,21.0,23.0,2025
663728,Cal Raleigh,136,Seattle Mariners,,C,2026,309.0,267.0,44.0,7.0,0.0,10.0,38.0,0.0,98.0,1.0,3.0,0.0,81.0,35.0,5.0,.165,.269,.303,.572,.210,26.70,1357.0,41.0,87.0,705.0,596.0,147.0,24.0,0.0,60.0,97.0,17.0,188.0,9.0,3.0,0.0,351.0,125.0,6.0,.247,.359,.589,.948,.248,9.93,2833.0,79.0,185.0,2025
596146,Max Kepler,109,Arizona Diamondbacks,,LF,2026,66.0,59.0,13.0,4.0,0.0,2.0,5.0,0.0,13.0,0.0,2.0,0.0,23.0,12.0,1.0,.220,.273,.390,.663,.239,29.50,246.0,8.0,27.0,474.0,417.0,90.0,19.0,0.0,18.0,48.0,3.0,93.0,4.0,4.0,1.0,163.0,52.0,10.0,.216,.300,.391,.691,.232,23.17,1826.0,95.0,144.0,2025
671922,Cade Smith,114,Cleveland Guardians,,P,2026,0.0,0.0,0.0,0.0,0.0,0.0,0.0,0.0,0.0,0.0,0.0,0.0,0.0,0.0,0.0,.000,.000,.000,.000,.---,-.--,0.0,0.0,0.0,,,,,,,,,,,,,,,,,,,,,,,,,2025
645302,Victor Robles,136,Seattle Mariners,,RF,2026,117.0,108.0,26.0,3.0,0.0,0.0,5.0,0.0,19.0,2.0,1.0,1.0,29.0,5.0,4.0,.241,.284,.269,.553,.289,-.--,411.0,27.0,38.0,114.0,106.0,26.0,4.0,1.0,1.0,3.0,0.0,26.0,3.0,2.0,0.0,35.0,9.0,3.0,.245,.281,.330,.611,.309,106.00,375.0,29.0,27.0,2025
663738,Daniel Lynch IV,118,Kansas City Royals,,P,2026,,,,,,,,,,,,,,,,,,,,,,,,,0.0,0.0,0.0,0.0,0.0,0.0,0.0,0.0,0.0,0.0,0.0,0.0,0.0,0.0,0.0,.000,.000,.000,.000,.---,-.--,0.0,0.0,0.0,2025
663743,Nick Fortes,139,Tampa Bay Rays,,C,2026,245.0,228.0,64.0,12.0,0.0,4.0,6.0,0.0,30.0,8.0,1.0,2.0,88.0,27.0,6.0,.281,.321,.386,.707,.308,57.00,832.0,76.0,61.0,242.0,218.0,50.0,9.0,1.0,5.0,14.0,0.0,47.0,7.0,1.0,2.0,76.0,21.0,7.0,.229,.296,.349,.645,.269,43.60,915.0,59.0,65.0,2025
671936,Adam Macko,141,Toronto Blue Jays,,P,2026,,,,,,,,,,,,,,,,,,,,,,,,,,,,,,,,,,,,,,,,,,,,,,,,,2025
803011,Sam Antonacci,145,Chicago White Sox,,LF,2026,335.0,288.0,81.0,13.0,2.0,7.0,24.0,0.0,52.0,19.0,1.0,3.0,119.0,30.0,1.0,.281,.373,.413,.786,.322,41.14,1335.0,99.0,60.0,,,,,,,,,,,,,,,,,,,,,,,,,2025
665804,Miguel Amaya,112,Chicago Cubs,,C,2026,165.0,138.0,32.0,8.0,0.0,3.0,18.0,0.0,39.0,7.0,0.0,1.0,49.0,15.0,5.0,.232,.350,.355,.705,.302,46.00,710.0,27.0,41.0,103.0,96.0,27.0,9.0,0.0,4.0,4.0,0.0,22.0,1.0,1.0,1.0,48.0,25.0,0.0,.281,.314,.500,.814,.324,24.00,385.0,22.0,27.0,2025
696519,Samy Natera Jr.,108,Los Angeles Angels,,P,2026,,,,,,,,,,,,,,,,,,,,,,,,,,,,,,,,,,,,,,,,,,,,,,,,,2025
694477,Chad Patrick,158,Milwaukee Brewers,,P,2026,0.0,0.0,0.0,0.0,0.0,0.0,0.0,0.0,0.0,0.0,0.0,0.0,0.0,0.0,0.0,.000,.000,.000,.000,.---,-.--,0.0,0.0,0.0,,,,,,,,,,,,,,,,,,,,,,,,,2025
643289,Mauricio Dubón,144,Atlanta Braves,,LF,2026,407.0,374.0,99.0,21.0,2.0,10.0,26.0,0.0,58.0,2.0,1.0,1.0,154.0,54.0,4.0,.265,.315,.412,.727,.290,37.40,1505.0,104.0,115.0,398.0,369.0,89.0,21.0,0.0,7.0,24.0,0.0,42.0,1.0,1.0,3.0,131.0,33.0,12.0,.241,.289,.355,.644,.255,52.71,1346.0,110.0,132.0,2025
663776,Patrick Sandoval,111,Boston Red Sox,,P,2026,,,,,,,,,,,,,,,,,,,,,,,,,,,,,,,,,,,,,,,,,,,,,,,,,2025
694497,Evan Carter,140,Texas Rangers,,CF,2026,283.0,238.0,45.0,7.0,2.0,8.0,35.0,0.0,66.0,4.0,1.0,5.0,80.0,25.0,1.0,.189,.302,.336,.638,.224,29.75,1177.0,55.0,78.0,220.0,194.0,48.0,9.0,2.0,5.0,19.0,1.0,41.0,7.0,0.0,0.0,76.0,25.0,2.0,.247,.336,.392,.728,.291,38.80,822.0,49.0,56.0,2025
669923,George Kirby,136,Seattle Mariners,,P,2026,,,,,,,,,,,,,,,,,,,,,,,,,,,,,,,,,,,,,,,,,,,,,,,,,2025
671976,Tristan Peters,145,Chicago White Sox,,CF,2026,303.0,273.0,78.0,21.0,3.0,6.0,20.0,0.0,54.0,4.0,2.0,4.0,123.0,37.0,0.0,.286,.341,.451,.792,.335,45.50,1090.0,68.0,79.0,12.0,12.0,0.0,0.0,0.0,0.0,0.0,0.0,7.0,0.0,0.0,0.0,0.0,0.0,0.0,.000,.000,.000,.000,.000,-.--,46.0,1.0,4.0,2025
688363,Graham Pauley,146,Miami Marlins,,3B,2026,99.0,93.0,16.0,8.0,0.0,1.0,5.0,0.0,24.0,0.0,0.0,1.0,27.0,11.0,3.0,.172,.214,.290,.504,.221,93.00,412.0,21.0,33.0,184.0,161.0,36.0,9.0,1.0,4.0,21.0,0.0,36.0,0.0,1.0,1.0,59.0,11.0,1.0,.224,.311,.366,.677,.262,40.25,681.0,38.0,53.0,2025
676083,Janson Junk,146,Miami Marlins,,P,2026,,,,,,,,,,,,,,,,,,,,,,,,,,,,,,,,,,,,,,,,,,,,,,,,,2025
700669,Gordon Graceffo,138,St. Louis Cardinals,,P,2026,,,,,,,,,,,,,,,,,,,,,,,,,,,,,,,,,,,,,,,,,,,,,,,,,2025
823550,Sung-Mun Song,135,San Diego Padres,,2B,2026,111.0,95.0,21.0,4.0,0.0,1.0,14.0,0.0,19.0,0.0,0.0,2.0,28.0,15.0,2.0,.221,.321,.295,.616,.267,95.00,449.0,23.0,34.0,,,,,,,,,,,,,,,,,,,,,,,,,2025
606466,Ketel Marte,109,Arizona Diamondbacks,,2B,2026,437.0,400.0,103.0,20.0,3.0,18.0,31.0,1.0,65.0,2.0,4.0,0.0,183.0,60.0,4.0,.258,.311,.458,.769,.265,22.22,1577.0,116.0,120.0,556.0,480.0,136.0,28.0,0.0,28.0,64.0,6.0,83.0,9.0,3.0,0.0,248.0,72.0,12.0,.283,.376,.517,.893,.290,17.14,2095.0,129.0,135.0,2025
805123,AJ Blubaugh,117,Houston Astros,,P,2026,,,,,,,,,,,,,,,,,,,,,,,,,,,,,,,,,,,,,,,,,,,,,,,,,2025
682243,Bryce Miller,136,Seattle Mariners,,P,2026,,,,,,,,,,,,,,,,,,,,,,,,,,,,,,,,,,,,,,,,,,,,,,,,,2025
676106,Emerson Hancock,136,Seattle Mariners,,P,2026,,,,,,,,,,,,,,,,,,,,,,,,,0.0,0.0,0.0,0.0,0.0,0.0,0.0,0.0,0.0,0.0,0.0,0.0,0.0,0.0,0.0,.000,.000,.000,.000,.---,-.--,0.0,0.0,0.0,2025
682254,Mason Montgomery,134,Pittsburgh Pirates,,P,2026,,,,,,,,,,,,,,,,,,,,,,,,,,,,,,,,,,,,,,,,,,,,,,,,,2025
665871,Javier Assad,112,Chicago Cubs,,P,2026,,,,,,,,,,,,,,,,,,,,,,,,,,,,,,,,,,,,,,,,,,,,,,,,,2025
665877,José Fermín,138,St. Louis Cardinals,,LF,2026,195.0,175.0,45.0,9.0,0.0,4.0,16.0,0.0,27.0,1.0,1.0,1.0,66.0,20.0,8.0,.257,.321,.377,.698,.283,43.75,806.0,46.0,59.0,70.0,60.0,17.0,5.0,0.0,1.0,8.0,0.0,10.0,1.0,0.0,1.0,25.0,9.0,0.0,.283,.377,.417,.794,.327,60.00,271.0,16.0,18.0,2025
641302,Tyler Alexander,140,Texas Rangers,,P,2026,,,,,,,,,,,,,,,,,,,,,,,,,1.0,1.0,0.0,0.0,0.0,0.0,0.0,0.0,0.0,0.0,0.0,0.0,0.0,0.0,0.0,.000,.000,.000,.000,.000,-.--,3.0,1.0,0.0,2025
592155,Cam Booser,139,Tampa Bay Rays,,P,2026,,,,,,,,,,,,,,,,,,,,,,,,,,,,,,,,,,,,,,,,,,,,,,,,,2025
663837,Matt Vierling,116,Detroit Tigers,,CF,2026,281.0,257.0,53.0,12.0,2.0,5.0,19.0,0.0,47.0,0.0,4.0,1.0,84.0,30.0,5.0,.206,.257,.327,.584,.230,51.40,1066.0,67.0,95.0,100.0,88.0,21.0,3.0,0.0,1.0,7.0,0.0,24.0,3.0,2.0,0.0,27.0,11.0,1.0,.239,.310,.307,.617,.308,88.00,436.0,16.0,29.0,2025
700712,Walbert Ureña,108,Los Angeles Angels,,P,2026,,,,,,,,,,,,,,,,,,,,,,,,,,,,,,,,,,,,,,,,,,,,,,,,,2025
663853,Romy Gonzalez,111,Boston Red Sox,,DH,2026,60.0,54.0,11.0,3.0,1.0,1.0,4.0,0.0,18.0,2.0,0.0,0.0,19.0,7.0,1.0,.204,.283,.352,.635,.286,54.00,240.0,17.0,8.0,341.0,315.0,96.0,23.0,3.0,9.0,18.0,1.0,81.0,3.0,5.0,0.0,152.0,53.0,8.0,.305,.343,.483,.826,.378,35.00,1238.0,84.0,59.0,2025
663855,Jordan Hicks,145,Chicago White Sox,,P,2026,,,,,,,,,,,,,,,,,,,,,,,,,,,,,,,,,,,,,,,,,,,,,,,,,2025
643377,Griffin Jax,139,Tampa Bay Rays,,P,2026,,,,,,,,,,,,,,,,,,,,,,,,,0.0,0.0,0.0,0.0,0.0,0.0,0.0,0.0,0.0,0.0,0.0,0.0,0.0,0.0,0.0,.000,.000,.000,.000,.---,-.--,0.0,0.0,0.0,2025
641329,Bryan Baker,139,Tampa Bay Rays,,P,2026,,,,,,,,,,,,,,,,,,,,,,,,,0.0,0.0,0.0,0.0,0.0,0.0,0.0,0.0,0.0,0.0,0.0,0.0,0.0,0.0,0.0,.000,.000,.000,.000,.---,-.--,0.0,0.0,0.0,2025
608566,Germán Márquez,135,San Diego Padres,,P,2026,,,,,,,,,,,,,,,,,,,,,,,,,,,,,,,,,,,,,,,,,,,,,,,,,2025
641343,Jake Bauers,158,Milwaukee Brewers,,1B,2026,371.0,317.0,81.0,15.0,1.0,18.0,50.0,3.0,100.0,3.0,1.0,0.0,152.0,59.0,3.0,.256,.361,.479,.840,.315,17.61,1530.0,70.0,67.0,218.0,183.0,43.0,9.0,0.0,7.0,32.0,1.0,59.0,2.0,1.0,0.0,73.0,28.0,1.0,.235,.353,.399,.752,.305,26.14,895.0,35.0,47.0,2025
665923,Esteury Ruiz,146,Miami Marlins,,RF,2026,130.0,108.0,26.0,8.0,1.0,5.0,15.0,0.0,38.0,5.0,1.0,0.0,51.0,10.0,0.0,.241,.357,.472,.829,.318,21.60,518.0,10.0,35.0,23.0,21.0,4.0,0.0,0.0,1.0,2.0,0.0,8.0,0.0,0.0,0.0,7.0,2.0,0.0,.190,.261,.333,.594,.250,21.00,88.0,5.0,4.0,2025
663878,Nate Pearson,118,Kansas City Royals,,P,2026,,,,,,,,,,,,,,,,,,,,,,,,,,,,,,,,,,,,,,,,,,,,,,,,,2025
665926,Andrés Giménez,141,Toronto Blue Jays,,SS,2026,329.0,304.0,68.0,15.0,1.0,7.0,11.0,0.0,63.0,8.0,4.0,2.0,106.0,39.0,6.0,.224,.266,.349,.615,.256,43.43,1232.0,96.0,83.0,369.0,329.0,69.0,11.0,1.0,7.0,25.0,0.0,66.0,11.0,3.0,1.0,103.0,35.0,8.0,.210,.285,.313,.598,.239,47.00,1452.0,97.0,101.0,2025
670032,Nicky Lopez,140,Texas Rangers,,2B,2026,150.0,137.0,43.0,3.0,0.0,1.0,4.0,0.0,21.0,2.0,0.0,7.0,49.0,15.0,4.0,.314,.343,.358,.701,.365,137.00,530.0,53.0,27.0,28.0,24.0,1.0,0.0,0.0,0.0,4.0,0.0,4.0,0.0,0.0,0.0,1.0,1.0,1.0,.042,.179,.042,.221,.050,-.--,106.0,13.0,6.0,2025
678218,Brandon Valenzuela,141,Toronto Blue Jays,,C,2026,195.0,172.0,40.0,6.0,0.0,8.0,21.0,0.0,50.0,0.0,1.0,1.0,70.0,21.0,1.0,.233,.314,.407,.721,.278,21.50,792.0,37.0,47.0,,,,,,,,,,,,,,,,,,,,,,,,,2025
663886,Tyler Stephenson,113,Cincinnati Reds,,C,2026,276.0,245.0,61.0,13.0,0.0,8.0,28.0,0.0,68.0,1.0,2.0,0.0,98.0,28.0,4.0,.249,.326,.400,.726,.310,30.62,1090.0,46.0,72.0,342.0,299.0,69.0,18.0,0.0,13.0,37.0,1.0,116.0,2.0,4.0,0.0,126.0,50.0,4.0,.231,.316,.421,.737,.322,23.00,1389.0,57.0,61.0,2025
670036,Matt Festa,114,Cleveland Guardians,,P,2026,,,,,,,,,,,,,,,,,,,,,,,,,0.0,0.0,0.0,0.0,0.0,0.0,0.0,0.0,0.0,0.0,0.0,0.0,0.0,0.0,0.0,.000,.000,.000,.000,.---,-.--,0.0,0.0,0.0,2025
663893,Brendon Little,141,Toronto Blue Jays,,P,2026,,,,,,,,,,,,,,,,,,,,,,,,,,,,,,,,,,,,,,,,,,,,,,,,,2025
670042,Luke Raley,136,Seattle Mariners,,RF,2026,276.0,253.0,58.0,9.0,1.0,15.0,13.0,1.0,89.0,7.0,1.0,2.0,114.0,39.0,1.0,.229,.285,.451,.736,.287,16.87,1063.0,48.0,61.0,219.0,183.0,37.0,8.0,0.0,4.0,19.0,0.0,64.0,13.0,1.0,3.0,57.0,19.0,2.0,.202,.319,.311,.630,.284,45.75,831.0,53.0,33.0,2025
663903,Brady Singer,113,Cincinnati Reds,,P,2026,,,,,,,,,,,,,,,,,,,,,,,,,,,,,,,,,,,,,,,,,,,,,,,,,2025
657757,Gavin Sheets,135,San Diego Padres,,1B,2026,347.0,303.0,65.0,15.0,0.0,14.0,40.0,0.0,74.0,4.0,0.0,0.0,122.0,41.0,10.0,.215,.314,.403,.717,.237,21.64,1466.0,86.0,78.0,545.0,492.0,124.0,28.0,1.0,19.0,44.0,1.0,107.0,5.0,4.0,0.0,211.0,71.0,9.0,.252,.317,.429,.746,.284,25.90,2279.0,111.0,154.0,2025
545121,Ildemaro Vargas,109,Arizona Diamondbacks,,1B,2026,323.0,300.0,81.0,14.0,3.0,7.0,18.0,2.0,30.0,2.0,1.0,1.0,122.0,49.0,4.0,.270,.315,.407,.722,.280,42.86,1139.0,99.0,92.0,121.0,115.0,31.0,2.0,1.0,3.0,2.0,0.0,15.0,2.0,1.0,1.0,44.0,19.0,3.0,.270,.292,.383,.675,.286,38.33,429.0,46.0,25.0,2025
665953,Andrés Chaparro,120,Washington Nationals,,1B,2026,82.0,69.0,15.0,4.0,0.0,4.0,12.0,0.0,19.0,1.0,0.0,0.0,31.0,18.0,3.0,.217,.341,.449,.790,.239,17.25,322.0,19.0,16.0,73.0,66.0,12.0,2.0,0.0,1.0,5.0,0.0,22.0,1.0,1.0,0.0,17.0,5.0,0.0,.182,.247,.258,.505,.250,66.00,282.0,15.0,18.0,2025
678246,Miguel Vargas,145,Chicago White Sox,,3B,2026,440.0,371.0,90.0,24.0,1.0,21.0,58.0,2.0,73.0,6.0,4.0,0.0,179.0,61.0,6.0,.243,.351,.482,.833,.246,17.67,1723.0,73.0,139.0,569.0,504.0,118.0,32.0,2.0,16.0,56.0,0.0,100.0,6.0,3.0,0.0,202.0,60.0,9.0,.234,.316,.401,.717,.261,31.50,2323.0,91.0,198.0,2025
670059,Colin Holderman,114,Cleveland Guardians,,P,2026,,,,,,,,,,,,,,,,,,,,,,,,,,,,,,,,,,,,,,,,,,,,,,,,,2025
547179,Michael Lorenzen,115,Colorado Rockies,,P,2026,,,,,,,,,,,,,,,,,,,,,,,,,,,,,,,,,,,,,,,,,,,,,,,,,2025
665966,Carlos Narváez,111,Boston Red Sox,,C,2026,182.0,162.0,32.0,6.0,0.0,3.0,12.0,0.0,58.0,3.0,2.0,3.0,47.0,9.0,6.0,.198,.263,.290,.553,.282,54.00,743.0,33.0,44.0,446.0,403.0,97.0,27.0,0.0,15.0,38.0,0.0,111.0,1.0,2.0,2.0,169.0,50.0,12.0,.241,.306,.419,.725,.294,26.87,1829.0,98.0,101.0,2025
801139,Payton Tolle,111,Boston Red Sox,,P,2026,,,,,,,,,,,,,,,,,,,,,,,,,,,,,,,,,,,,,,,,,,,,,,,,,2025
670062,Julian Garcia,113,Cincinnati Reds,,P,2026,,,,,,,,,,,,,,,,,,,,,,,,,,,,,,,,,,,,,,,,,,,,,,,,,2025
686469,Vinnie Pasquantino,118,Kansas City Royals,,1B,2026,329.0,286.0,65.0,11.0,2.0,6.0,37.0,3.0,59.0,2.0,4.0,0.0,98.0,33.0,3.0,.227,.316,.343,.659,.262,47.67,1326.0,58.0,108.0,682.0,621.0,164.0,33.0,1.0,32.0,49.0,5.0,107.0,7.0,5.0,0.0,295.0,113.0,14.0,.264,.323,.475,.798,.271,19.41,2572.0,153.0,202.0,2025
663941,Tristan Beck,137,San Francisco Giants,,P,2026,,,,,,,,,,,,,,,,,,,,,,,,,,,,,,,,,,,,,,,,,,,,,,,,,2025
686475,Tyler Tolbert,118,Kansas City Royals,,SS,2026,72.0,63.0,20.0,1.0,0.0,2.0,4.0,0.0,11.0,0.0,1.0,4.0,27.0,5.0,3.0,.317,.353,.429,.782,.353,31.50,235.0,20.0,17.0,57.0,50.0,14.0,2.0,0.0,1.0,1.0,0.0,11.0,3.0,2.0,1.0,19.0,6.0,1.0,.280,.321,.380,.701,.325,50.00,189.0,10.0,18.0,2025
663947,Tyler Holton,116,Detroit Tigers,,P,2026,,,,,,,,,,,,,,,,,,,,,,,,,,,,,,,,,,,,,,,,,,,,,,,,,2025
694671,Wyatt Langford,140,Texas Rangers,,LF,2026,220.0,206.0,58.0,9.0,2.0,12.0,13.0,0.0,47.0,1.0,0.0,0.0,107.0,28.0,3.0,.282,.327,.519,.846,.313,17.17,827.0,38.0,63.0,573.0,489.0,118.0,25.0,1.0,22.0,74.0,3.0,151.0,5.0,5.0,0.0,211.0,62.0,9.0,.241,.344,.431,.775,.299,22.23,2335.0,87.0,138.0,2025
684442,Kohl Drake,109,Arizona Diamondbacks,,P,2026,,,,,,,,,,,,,,,,,,,,,,,,,,,,,,,,,,,,,,,,,,,,,,,,,2025
543135,Nathan Eovaldi,140,Texas Rangers,,P,2026,,,,,,,,,,,,,,,,,,,,,,,,,,,,,,,,,,,,,,,,,,,,,,,,,2025
663968,Jake Mangum,134,Pittsburgh Pirates,,CF,2026,280.0,256.0,78.0,10.0,1.0,2.0,14.0,1.0,47.0,6.0,1.0,3.0,96.0,21.0,6.0,.305,.354,.375,.729,.365,128.00,1029.0,88.0,47.0,428.0,405.0,120.0,18.0,1.0,3.0,19.0,0.0,64.0,2.0,1.0,1.0,149.0,40.0,4.0,.296,.330,.368,.698,.345,135.00,1442.0,138.0,85.0,2025
663969,Tyler Phillips,146,Miami Marlins,,P,2026,,,,,,,,,,,,,,,,,,,,,,,,,,,,,,,,,,,,,,,,,,,,,,,,,2025
666018,Jonathan Aranda,139,Tampa Bay Rays,,1B,2026,444.0,375.0,106.0,17.0,0.0,14.0,54.0,3.0,102.0,8.0,7.0,0.0,165.0,65.0,10.0,.283,.378,.440,.818,.346,26.79,1740.0,77.0,97.0,422.0,370.0,117.0,22.0,0.0,14.0,41.0,3.0,107.0,8.0,3.0,0.0,181.0,59.0,9.0,.316,.393,.489,.882,.409,26.43,1717.0,64.0,85.0,2025
666023,Freddy Fermin,135,San Diego Padres,,C,2026,172.0,148.0,24.0,8.0,0.0,3.0,17.0,0.0,35.0,2.0,2.0,3.0,41.0,11.0,2.0,.162,.254,.277,.531,.188,49.33,686.0,44.0,50.0,347.0,319.0,80.0,13.0,0.0,5.0,19.0,1.0,65.0,2.0,0.0,7.0,108.0,26.0,5.0,.251,.297,.339,.636,.301,63.80,1372.0,88.0,93.0,2025
676263,Jack Dreyer,119,Los Angeles Dodgers,,P,2026,0.0,0.0,0.0,0.0,0.0,0.0,0.0,0.0,0.0,0.0,0.0,0.0,0.0,0.0,0.0,.000,.000,.000,.000,.---,-.--,0.0,0.0,0.0,,,,,,,,,,,,,,,,,,,,,,,,,2025
805299,Brandyn Garcia,109,Arizona Diamondbacks,,P,2026,,,,,,,,,,,,,,,,,,,,,,,,,0.0,0.0,0.0,0.0,0.0,0.0,0.0,0.0,0.0,0.0,0.0,0.0,0.0,0.0,0.0,.000,.000,.000,.000,.---,-.--,0.0,0.0,0.0,2025
805300,Jakob Marsee,146,Miami Marlins,,CF,2026,406.0,341.0,66.0,11.0,3.0,5.0,51.0,0.0,91.0,9.0,1.0,4.0,98.0,25.0,2.0,.194,.313,.287,.600,.248,68.20,1605.0,78.0,111.0,234.0,209.0,61.0,18.0,3.0,5.0,22.0,0.0,48.0,2.0,1.0,0.0,100.0,33.0,2.0,.292,.363,.478,.841,.357,41.80,881.0,52.0,49.0,2025
643511,Tyler Rogers,141,Toronto Blue Jays,,P,2026,,,,,,,,,,,,,,,,,,,,,,,,,0.0,0.0,0.0,0.0,0.0,0.0,0.0,0.0,0.0,0.0,0.0,0.0,0.0,0.0,0.0,.000,.000,.000,.000,.---,-.--,0.0,0.0,0.0,2025
575929,Willson Contreras,111,Boston Red Sox,,1B,2026,393.0,335.0,98.0,18.0,2.0,22.0,38.0,2.0,97.0,17.0,3.0,0.0,186.0,66.0,7.0,.293,.389,.555,.944,.347,15.23,1519.0,63.0,80.0,563.0,490.0,126.0,31.0,1.0,20.0,44.0,1.0,142.0,23.0,4.0,1.0,219.0,80.0,15.0,.257,.344,.447,.791,.319,24.50,2160.0,112.0,115.0,2025
676282,Joey Cantillo,114,Cleveland Guardians,,P,2026,,,,,,,,,,,,,,,,,,,,,,,,,,,,,,,,,,,,,,,,,,,,,,,,,2025
686527,Dominic Canzone,136,Seattle Mariners,,DH,2026,280.0,249.0,64.0,14.0,1.0,15.0,26.0,1.0,59.0,3.0,2.0,0.0,125.0,42.0,4.0,.257,.332,.502,.834,.277,16.60,1057.0,71.0,57.0,269.0,243.0,73.0,11.0,0.0,11.0,20.0,0.0,59.0,3.0,2.0,0.0,117.0,32.0,6.0,.300,.358,.481,.839,.354,22.09,1028.0,55.0,59.0,2025
663993,Nathaniel Lowe,113,Cincinnati Reds,,DH,2026,244.0,218.0,54.0,13.0,0.0,12.0,26.0,1.0,64.0,0.0,0.0,0.0,103.0,31.0,2.0,.248,.328,.472,.800,.296,18.17,1044.0,51.0,49.0,609.0,540.0,123.0,23.0,3.0,18.0,62.0,2.0,159.0,2.0,5.0,0.0,206.0,84.0,6.0,.228,.307,.381,.688,.285,30.00,2607.0,130.0,133.0,2025
592332,Kevin Gausman,141,Toronto Blue Jays,,P,2026,,,,,,,,,,,,,,,,,,,,,,,,,,,,,,,,,,,,,,,,,,,,,,,,,2025
608718,Brent Suter,108,Los Angeles Angels,,P,2026,,,,,,,,,,,,,,,,,,,,,,,,,,,,,,,,,,,,,,,,,,,,,,,,,2025
805326,Tyler Schweitzer,145,Chicago White Sox,,P,2026,,,,,,,,,,,,,,,,,,,,,,,,,,,,,,,,,,,,,,,,,,,,,,,,,2025
641487,J.P. Crawford,136,Seattle Mariners,,SS,2026,349.0,293.0,63.0,10.0,0.0,10.0,50.0,0.0,70.0,5.0,1.0,0.0,103.0,28.0,4.0,.215,.338,.352,.690,.248,29.30,1483.0,86.0,75.0,654.0,570.0,151.0,24.0,0.0,12.0,74.0,1.0,122.0,3.0,1.0,6.0,211.0,58.0,11.0,.265,.352,.370,.722,.318,47.50,2731.0,155.0,149.0,2025
694738,Landen Roupp,137,San Francisco Giants,,P,2026,,,,,,,,,,,,,,,,,,,,,,,,,,,,,,,,,,,,,,,,,,,,,,,,,2025
670167,John Schreiber,118,Kansas City Royals,,P,2026,,,,,,,,,,,,,,,,,,,,,,,,,0.0,0.0,0.0,0.0,0.0,0.0,0.0,0.0,0.0,0.0,0.0,0.0,0.0,0.0,0.0,.000,.000,.000,.000,.---,-.--,0.0,0.0,0.0,2025
664023,Ian Happ,112,Chicago Cubs,,LF,2026,427.0,364.0,81.0,18.0,2.0,18.0,56.0,3.0,132.0,6.0,1.0,0.0,157.0,45.0,9.0,.223,.335,.431,.766,.293,20.22,1786.0,66.0,86.0,663.0,569.0,138.0,32.0,0.0,23.0,87.0,2.0,151.0,2.0,5.0,0.0,239.0,79.0,8.0,.243,.342,.420,.762,.288,24.74,2717.0,120.0,165.0,2025
686555,Isaac Collins,118,Kansas City Royals,,LF,2026,343.0,293.0,72.0,18.0,1.0,6.0,40.0,0.0,80.0,6.0,2.0,2.0,110.0,34.0,4.0,.246,.346,.375,.721,.316,48.83,1332.0,63.0,82.0,441.0,372.0,98.0,22.0,3.0,9.0,57.0,0.0,93.0,6.0,3.0,3.0,153.0,54.0,8.0,.263,.368,.411,.779,.326,41.33,1792.0,91.0,96.0,2025
621020,Dansby Swanson,112,Chicago Cubs,,SS,2026,383.0,338.0,72.0,12.0,3.0,16.0,39.0,0.0,88.0,1.0,4.0,1.0,138.0,59.0,4.0,.213,.293,.408,.701,.235,21.12,1493.0,84.0,99.0,645.0,590.0,144.0,24.0,3.0,24.0,47.0,1.0,168.0,2.0,5.0,1.0,246.0,77.0,9.0,.244,.300,.417,.717,.298,24.58,2521.0,137.0,147.0,2025
664034,Ty France,135,San Diego Padres,,1B,2026,265.0,240.0,67.0,13.0,2.0,16.0,13.0,1.0,63.0,8.0,3.0,0.0,132.0,43.0,6.0,.279,.333,.550,.883,.311,15.00,1072.0,58.0,55.0,490.0,444.0,114.0,25.0,0.0,7.0,22.0,1.0,83.0,21.0,3.0,0.0,160.0,52.0,11.0,.257,.320,.360,.680,.300,63.43,1873.0,137.0,113.0,2025
805347,Jim Jarvis,144,Atlanta Braves,,SS,2026,60.0,56.0,16.0,4.0,1.0,1.0,2.0,0.0,12.0,1.0,0.0,1.0,25.0,8.0,0.0,.286,.322,.446,.768,.349,56.00,236.0,19.0,10.0,,,,,,,,,,,,,,,,,,,,,,,,,2025
664040,Brandon Lowe,134,Pittsburgh Pirates,,2B,2026,427.0,378.0,91.0,21.0,1.0,21.0,40.0,0.0,116.0,2.0,7.0,0.0,177.0,65.0,3.0,.241,.311,.468,.779,.282,18.00,1706.0,73.0,105.0,553.0,507.0,130.0,19.0,0.0,31.0,38.0,1.0,149.0,2.0,6.0,0.0,242.0,83.0,6.0,.256,.307,.477,.784,.297,16.36,2146.0,107.0,127.0,2025
686580,Justin Slaten,111,Boston Red Sox,,P,2026,,,,,,,,,,,,,,,,,,,,,,,,,,,,,,,,,,,,,,,,,,,,,,,,,2025
678391,Jorbit Vivas,120,Washington Nationals,,3B,2026,220.0,188.0,46.0,8.0,1.0,3.0,21.0,0.0,29.0,4.0,4.0,2.0,65.0,18.0,3.0,.245,.327,.346,.673,.269,62.67,770.0,61.0,58.0,66.0,56.0,9.0,2.0,0.0,1.0,5.0,0.0,13.0,3.0,0.0,0.0,14.0,5.0,0.0,.161,.266,.250,.516,.190,56.00,246.0,17.0,17.0,2025
805367,Chase Meidroth,145,Chicago White Sox,,2B,2026,415.0,367.0,102.0,18.0,0.0,7.0,38.0,0.0,98.0,3.0,2.0,4.0,141.0,36.0,4.0,.278,.349,.384,.733,.360,52.43,1730.0,101.0,72.0,505.0,450.0,114.0,15.0,0.0,5.0,45.0,0.0,72.0,6.0,1.0,3.0,144.0,23.0,14.0,.253,.329,.320,.649,.291,90.00,2057.0,149.0,119.0,2025
678394,Brayan Bello,111,Boston Red Sox,,P,2026,,,,,,,,,,,,,,,,,,,,,,,,,,,,,,,,,,,,,,,,,,,,,,,,,2025
621053,Tyler Ferguson,112,Chicago Cubs,,P,2026,,,,,,,,,,,,,,,,,,,,,,,,,0.0,0.0,0.0,0.0,0.0,0.0,0.0,0.0,0.0,0.0,0.0,0.0,0.0,0.0,0.0,.000,.000,.000,.000,.---,-.--,0.0,0.0,0.0,2025
688642,Zach Agnos,115,Colorado Rockies,,P,2026,,,,,,,,,,,,,,,,,,,,,,,,,0.0,0.0,0.0,0.0,0.0,0.0,0.0,0.0,0.0,0.0,0.0,0.0,0.0,0.0,0.0,.000,.000,.000,.000,.---,-.--,0.0,0.0,0.0,2025
700932,Kyle Manzardo,114,Cleveland Guardians,,1B,2026,331.0,291.0,62.0,9.0,1.0,11.0,33.0,0.0,105.0,5.0,2.0,0.0,106.0,32.0,4.0,.213,.302,.364,.666,.288,26.46,1363.0,53.0,73.0,531.0,470.0,110.0,19.0,2.0,27.0,48.0,2.0,135.0,8.0,5.0,0.0,214.0,70.0,7.0,.234,.313,.455,.768,.265,17.41,2018.0,82.0,148.0,2025
676356,Jonny DeLuca,139,Tampa Bay Rays,,RF,2026,203.0,191.0,51.0,15.0,0.0,6.0,10.0,0.0,42.0,0.0,0.0,2.0,84.0,32.0,6.0,.267,.303,.440,.743,.315,31.83,754.0,45.0,55.0,59.0,57.0,19.0,1.0,3.0,0.0,2.0,0.0,13.0,0.0,0.0,0.0,26.0,4.0,0.0,.333,.356,.456,.812,.432,-.--,224.0,10.0,15.0,2025
571912,Luke Maile,118,Kansas City Royals,,C,2026,11.0,10.0,2.0,0.0,0.0,1.0,1.0,0.0,3.0,0.0,0.0,0.0,5.0,3.0,0.0,.200,.273,.500,.773,.167,10.00,37.0,2.0,3.0,54.0,45.0,11.0,2.0,0.0,1.0,7.0,0.0,16.0,0.0,0.0,2.0,16.0,6.0,1.0,.244,.346,.356,.702,.357,45.00,214.0,11.0,9.0,2025
543243,Sonny Gray,111,Boston Red Sox,,P,2026,,,,,,,,,,,,,,,,,,,,,,,,,,,,,,,,,,,,,,,,,,,,,,,,,2025
664076,Garrett Cleavinger,139,Tampa Bay Rays,,P,2026,,,,,,,,,,,,,,,,,,,,,,,,,,,,,,,,,,,,,,,,,,,,,,,,,2025
676369,Nelson Velázquez,138,St. Louis Cardinals,,LF,2026,74.0,65.0,14.0,3.0,0.0,4.0,7.0,0.0,23.0,1.0,1.0,0.0,29.0,12.0,0.0,.215,.297,.446,.743,.256,16.25,293.0,13.0,16.0,,,,,,,,,,,,,,,,,,,,,,,,,2025
621074,Michael Rucker,136,Seattle Mariners,,P,2026,,,,,,,,,,,,,,,,,,,,,,,,,,,,,,,,,,,,,,,,,,,,,,,,,2025
686611,Dylan Crews,120,Washington Nationals,,RF,2026,217.0,196.0,43.0,6.0,0.0,8.0,14.0,0.0,48.0,7.0,0.0,0.0,73.0,23.0,3.0,.219,.295,.372,.667,.250,24.50,772.0,45.0,60.0,322.0,293.0,61.0,8.0,2.0,10.0,24.0,0.0,76.0,5.0,0.0,0.0,103.0,27.0,4.0,.208,.280,.352,.632,.246,29.30,1150.0,80.0,76.0,2025
672275,Patrick Bailey,114,Cleveland Guardians,,C,2026,216.0,198.0,40.0,5.0,1.0,5.0,15.0,0.0,54.0,0.0,1.0,2.0,62.0,19.0,6.0,.202,.257,.313,.570,.250,39.60,880.0,56.0,51.0,452.0,409.0,91.0,18.0,3.0,6.0,30.0,0.0,133.0,3.0,6.0,4.0,133.0,55.0,7.0,.222,.277,.325,.602,.308,68.17,1724.0,82.0,113.0,2025
686613,Hunter Brown,117,Houston Astros,,P,2026,,,,,,,,,,,,,,,,,,,,,,,,,,,,,,,,,,,,,,,,,,,,,,,,,2025
672282,Reid Detmers,108,Los Angeles Angels,,P,2026,,,,,,,,,,,,,,,,,,,,,,,,,,,,,,,,,,,,,,,,,,,,,,,,,2025
666139,Josh Lowe,108,Los Angeles Angels,,LF,2026,199.0,184.0,38.0,4.0,0.0,8.0,11.0,1.0,54.0,1.0,1.0,2.0,66.0,22.0,0.0,.207,.254,.359,.613,.244,23.00,812.0,39.0,56.0,435.0,396.0,87.0,21.0,2.0,11.0,33.0,1.0,109.0,3.0,2.0,1.0,145.0,40.0,7.0,.220,.283,.366,.649,.273,36.00,1842.0,105.0,98.0,2025
694819,Jacob Misiorowski,158,Milwaukee Brewers,,P,2026,,,,,,,,,,,,,,,,,,,,,,,,,,,,,,,,,,,,,,,,,,,,,,,,,2025
518692,Freddie Freeman,119,Los Angeles Dodgers,,1B,2026,438.0,381.0,112.0,26.0,1.0,15.0,50.0,1.0,73.0,3.0,4.0,0.0,185.0,51.0,14.0,.294,.377,.486,.863,.327,25.40,1808.0,100.0,100.0,627.0,556.0,164.0,39.0,2.0,24.0,60.0,7.0,128.0,6.0,5.0,0.0,279.0,90.0,13.0,.295,.367,.502,.869,.342,23.17,2382.0,128.0,141.0,2025
670245,Ryan Watson,111,Boston Red Sox,,P,2026,,,,,,,,,,,,,,,,,,,,,,,,,,,,,,,,,,,,,,,,,,,,,,,,,2025
676391,Ernie Clement,141,Toronto Blue Jays,,2B,2026,408.0,389.0,114.0,23.0,1.0,8.0,14.0,0.0,39.0,2.0,3.0,0.0,163.0,32.0,6.0,.293,.319,.419,.738,.307,48.62,1267.0,94.0,145.0,588.0,545.0,151.0,35.0,2.0,9.0,27.0,1.0,61.0,4.0,5.0,7.0,217.0,50.0,13.0,.277,.313,.398,.711,.296,60.56,1871.0,129.0,216.0,2025
666152,David Hamilton,158,Milwaukee Brewers,,3B,2026,241.0,207.0,49.0,6.0,2.0,3.0,22.0,0.0,55.0,1.0,0.0,10.0,68.0,15.0,1.0,.237,.313,.329,.642,.309,69.00,963.0,57.0,56.0,194.0,177.0,35.0,4.0,1.0,6.0,13.0,0.0,47.0,1.0,0.0,3.0,59.0,19.0,3.0,.198,.257,.333,.590,.234,29.50,742.0,44.0,54.0,2025
621097,Jacob Waguespack,116,Detroit Tigers,,P,2026,0.0,0.0,0.0,0.0,0.0,0.0,0.0,0.0,0.0,0.0,0.0,0.0,0.0,0.0,0.0,.000,.000,.000,.000,.---,-.--,0.0,0.0,0.0,,,,,,,,,,,,,,,,,,,,,,,,,2025
571945,Miles Mikolas,120,Washington Nationals,,P,2026,,,,,,,,,,,,,,,,,,,,,,,,,,,,,,,,,,,,,,,,,,,,,,,,,2025
666160,Mickey Moniak,115,Colorado Rockies,,LF,2026,251.0,231.0,64.0,11.0,3.0,16.0,14.0,0.0,61.0,3.0,3.0,0.0,129.0,43.0,3.0,.277,.323,.558,.881,.306,14.44,872.0,38.0,71.0,461.0,434.0,117.0,20.0,8.0,24.0,22.0,1.0,110.0,2.0,3.0,0.0,225.0,68.0,4.0,.270,.306,.518,.824,.307,18.08,1598.0,81.0,129.0,2025
623149,Paul Sewald,109,Arizona Diamondbacks,,P,2026,,,,,,,,,,,,,,,,,,,,,,,,,,,,,,,,,,,,,,,,,,,,,,,,,2025
805427,Drew Sommers,116,Detroit Tigers,,P,2026,,,,,,,,,,,,,,,,,,,,,,,,,,,,,,,,,,,,,,,,,,,,,,,,,2025
621111,Walker Buehler,135,San Diego Padres,,P,2026,,,,,,,,,,,,,,,,,,,,,,,,,,,,,,,,,,,,,,,,,,,,,,,,,2025
666171,Ryan Zeferjahn,108,Los Angeles Angels,,P,2026,,,,,,,,,,,,,,,,,,,,,,,,,,,,,,,,,,,,,,,,,,,,,,,,,2025
545341,Randal Grichuk,145,Chicago White Sox,,DH,2026,155.0,147.0,36.0,10.0,1.0,9.0,6.0,1.0,37.0,1.0,1.0,0.0,75.0,24.0,2.0,.245,.277,.510,.787,.265,16.33,573.0,33.0,42.0,293.0,272.0,62.0,18.0,1.0,9.0,17.0,1.0,61.0,1.0,3.0,0.0,109.0,27.0,6.0,.228,.273,.401,.674,.259,30.22,1077.0,68.0,84.0,2025
664126,Pete Fairbanks,146,Miami Marlins,,P,2026,0.0,0.0,0.0,0.0,0.0,0.0,0.0,0.0,0.0,0.0,0.0,0.0,0.0,0.0,0.0,.000,.000,.000,.000,.---,-.--,0.0,0.0,0.0,,,,,,,,,,,,,,,,,,,,,,,,,2025
641598,Mitch Garver,136,Seattle Mariners,,C,2026,139.0,118.0,21.0,3.0,0.0,4.0,20.0,0.0,45.0,1.0,0.0,0.0,36.0,14.0,2.0,.178,.302,.305,.607,.246,29.50,583.0,20.0,32.0,290.0,254.0,53.0,5.0,1.0,9.0,30.0,1.0,80.0,3.0,3.0,0.0,87.0,30.0,6.0,.209,.297,.343,.640,.262,28.22,1166.0,47.0,77.0,2025
666176,Jo Adell,108,Los Angeles Angels,,RF,2026,427.0,398.0,96.0,15.0,1.0,15.0,13.0,0.0,94.0,14.0,2.0,0.0,158.0,57.0,12.0,.241,.288,.397,.685,.278,26.53,1640.0,95.0,115.0,573.0,526.0,124.0,18.0,1.0,37.0,33.0,0.0,151.0,10.0,1.0,0.0,255.0,98.0,10.0,.236,.293,.485,.778,.257,14.22,2220.0,111.0,141.0,2025
623168,Tyler Heineman,108,Los Angeles Angels,,C,2026,118.0,105.0,19.0,2.0,1.0,1.0,5.0,0.0,22.0,3.0,0.0,5.0,26.0,8.0,5.0,.181,.239,.248,.487,.220,105.00,429.0,41.0,28.0,174.0,149.0,43.0,8.0,1.0,3.0,12.0,0.0,31.0,6.0,2.0,5.0,62.0,20.0,1.0,.289,.361,.416,.777,.342,49.67,627.0,30.0,52.0,2025
621121,Lance McCullers Jr.,158,Milwaukee Brewers,,P,2026,,,,,,,,,,,,,,,,,,,,,,,,,,,,,,,,,,,,,,,,,,,,,,,,,2025
571970,Max Muncy,119,Los Angeles Dodgers,,3B,2026,359.0,313.0,82.0,16.0,1.0,20.0,43.0,2.0,83.0,3.0,0.0,0.0,160.0,47.0,4.0,.262,.357,.511,.868,.295,15.65,1435.0,68.0,80.0,388.0,313.0,76.0,10.0,2.0,19.0,64.0,2.0,83.0,6.0,5.0,0.0,147.0,67.0,4.0,.243,.376,.470,.846,.264,16.47,1650.0,61.0,98.0,2025
668227,Randy Arozarena,136,Seattle Mariners,,LF,2026,410.0,350.0,98.0,21.0,1.0,11.0,40.0,0.0,87.0,17.0,3.0,0.0,154.0,45.0,9.0,.280,.378,.440,.818,.341,31.82,1649.0,99.0,69.0,709.0,613.0,146.0,32.0,1.0,27.0,64.0,2.0,191.0,27.0,5.0,0.0,261.0,76.0,9.0,.238,.334,.426,.760,.298,22.70,2873.0,125.0,156.0,2025
664141,JT Brubaker,137,San Francisco Giants,,P,2026,,,,,,,,,,,,,,,,,,,,,,,,,,,,,,,,,,,,,,,,,,,,,,,,,2025
666182,Bo Bichette,121,New York Mets,,3B,2026,444.0,407.0,103.0,15.0,1.0,10.0,29.0,0.0,82.0,2.0,6.0,0.0,150.0,51.0,14.0,.253,.302,.369,.671,.290,40.70,1637.0,119.0,109.0,628.0,582.0,181.0,44.0,1.0,18.0,40.0,2.0,91.0,3.0,3.0,0.0,281.0,94.0,17.0,.311,.357,.483,.840,.342,32.33,2308.0,171.0,142.0,2025
672335,Cionel Pérez,121,New York Mets,,P,2026,,,,,,,,,,,,,,,,,,,,,,,,,0.0,0.0,0.0,0.0,0.0,0.0,0.0,0.0,0.0,0.0,0.0,0.0,0.0,0.0,0.0,.000,.000,.000,.000,.---,-.--,0.0,0.0,0.0,2025
545361,Mike Trout,108,Los Angeles Angels,,CF,2026,384.0,305.0,71.0,14.0,0.0,18.0,73.0,9.0,96.0,5.0,1.0,0.0,139.0,40.0,6.0,.233,.388,.456,.844,.276,16.94,1621.0,60.0,79.0,556.0,456.0,106.0,14.0,1.0,26.0,87.0,10.0,178.0,6.0,6.0,0.0,200.0,64.0,7.0,.232,.359,.439,.798,.310,17.54,2482.0,66.0,112.0,2025
676440,Tanner Bibee,114,Cleveland Guardians,,P,2026,,,,,,,,,,,,,,,,,,,,,,,,,,,,,,,,,,,,,,,,,,,,,,,,,2025
676439,Hunter Feduccia,139,Tampa Bay Rays,,C,2026,149.0,131.0,30.0,6.0,1.0,2.0,14.0,0.0,42.0,1.0,1.0,2.0,44.0,11.0,1.0,.229,.306,.336,.642,.318,65.50,619.0,23.0,39.0,105.0,88.0,13.0,5.0,0.0,0.0,15.0,0.0,29.0,0.0,2.0,0.0,18.0,8.0,0.0,.148,.267,.205,.472,.213,-.--,477.0,21.0,27.0,2025
686681,Michael Massey,118,Kansas City Royals,,2B,2026,275.0,254.0,70.0,19.0,0.0,7.0,16.0,0.0,48.0,0.0,3.0,2.0,110.0,33.0,4.0,.276,.315,.433,.748,.312,36.29,1004.0,58.0,83.0,277.0,262.0,64.0,9.0,0.0,3.0,9.0,0.0,43.0,1.0,4.0,1.0,82.0,20.0,3.0,.244,.268,.313,.581,.277,87.33,1013.0,48.0,112.0,2025
678489,Jorge Barrosa,109,Arizona Diamondbacks,,CF,2026,138.0,119.0,23.0,11.0,1.0,2.0,13.0,0.0,38.0,1.0,0.0,5.0,42.0,10.0,1.0,.193,.278,.353,.631,.266,59.50,594.0,32.0,31.0,77.0,71.0,10.0,3.0,0.0,1.0,2.0,0.0,22.0,1.0,3.0,0.0,16.0,7.0,1.0,.141,.169,.225,.394,.176,71.00,327.0,18.0,24.0,2025
672356,Gabriel Arias,114,Cleveland Guardians,,3B,2026,114.0,108.0,27.0,2.0,0.0,5.0,6.0,1.0,49.0,0.0,0.0,0.0,44.0,10.0,0.0,.250,.289,.407,.696,.407,21.60,434.0,22.0,10.0,471.0,432.0,95.0,25.0,2.0,11.0,27.0,1.0,162.0,7.0,4.0,1.0,157.0,54.0,8.0,.220,.274,.363,.637,.319,39.27,1792.0,101.0,79.0,2025
666211,Taylor Trammell,117,Houston Astros,,CF,2026,133.0,121.0,28.0,5.0,1.0,3.0,9.0,0.0,44.0,2.0,0.0,1.0,44.0,12.0,0.0,.231,.295,.364,.659,.338,40.33,504.0,21.0,29.0,135.0,117.0,23.0,7.0,0.0,3.0,17.0,0.0,41.0,0.0,1.0,0.0,39.0,12.0,0.0,.197,.296,.333,.629,.270,39.00,552.0,26.0,28.0,2025
623205,Andrew Velazquez,118,Kansas City Royals,,SS,2026,7.0,7.0,1.0,0.0,0.0,0.0,0.0,0.0,1.0,0.0,0.0,0.0,1.0,0.0,0.0,.143,.143,.143,.286,.167,-.--,20.0,3.0,2.0,,,,,,,,,,,,,,,,,,,,,,,,,2025
623211,Huascar Brazobán,121,New York Mets,,P,2026,,,,,,,,,,,,,,,,,,,,,,,,,,,,,,,,,,,,,,,,,,,,,,,,,2025
682608,Peyton Gray,140,Texas Rangers,,P,2026,,,,,,,,,,,,,,,,,,,,,,,,,,,,,,,,,,,,,,,,,,,,,,,,,2025
670329,Rico Garcia,110,Baltimore Orioles,,P,2026,0.0,0.0,0.0,0.0,0.0,0.0,0.0,0.0,0.0,0.0,0.0,0.0,0.0,0.0,0.0,.000,.000,.000,.000,.---,-.--,0.0,0.0,0.0,,,,,,,,,,,,,,,,,,,,,,,,,2025
680570,Grayson Rodriguez,108,Los Angeles Angels,,P,2026,,,,,,,,,,,,,,,,,,,,,,,,,,,,,,,,,,,,,,,,,,,,,,,,,2025
662139,Daulton Varsho,141,Toronto Blue Jays,,CF,2026,333.0,304.0,74.0,17.0,2.0,7.0,26.0,2.0,65.0,2.0,1.0,0.0,116.0,25.0,1.0,.243,.306,.382,.688,.288,43.43,1248.0,68.0,98.0,271.0,248.0,59.0,13.0,2.0,20.0,17.0,1.0,77.0,1.0,5.0,0.0,136.0,55.0,1.0,.238,.284,.548,.832,.250,12.40,986.0,41.0,76.0,2025
676475,Alec Burleson,138,St. Louis Cardinals,,1B,2026,433.0,392.0,110.0,25.0,1.0,15.0,34.0,2.0,66.0,4.0,3.0,0.0,182.0,69.0,9.0,.281,.342,.464,.806,.303,26.13,1568.0,112.0,107.0,546.0,497.0,144.0,26.0,2.0,18.0,39.0,1.0,79.0,3.0,4.0,1.0,228.0,69.0,14.0,.290,.343,.459,.802,.312,27.61,1933.0,119.0,160.0,2025
676477,Garrett Whitlock,111,Boston Red Sox,,P,2026,0.0,0.0,0.0,0.0,0.0,0.0,0.0,0.0,0.0,0.0,0.0,0.0,0.0,0.0,0.0,.000,.000,.000,.000,.---,-.--,0.0,0.0,0.0,0.0,0.0,0.0,0.0,0.0,0.0,0.0,0.0,0.0,0.0,0.0,0.0,0.0,0.0,0.0,.000,.000,.000,.000,.---,-.--,0.0,0.0,0.0,2025
682622,Noelvi Marte,113,Cincinnati Reds,,RF,2026,146.0,137.0,26.0,6.0,0.0,6.0,9.0,0.0,36.0,0.0,0.0,0.0,50.0,13.0,3.0,.190,.240,.365,.605,.211,22.83,549.0,45.0,30.0,360.0,339.0,89.0,17.0,2.0,14.0,16.0,0.0,85.0,3.0,2.0,0.0,152.0,51.0,7.0,.263,.300,.448,.748,.310,24.21,1267.0,87.0,80.0,2025
672386,Alejandro Kirk,141,Toronto Blue Jays,,C,2026,123.0,109.0,24.0,4.0,0.0,3.0,13.0,2.0,16.0,0.0,1.0,0.0,37.0,12.0,2.0,.220,.301,.339,.640,.231,36.33,461.0,37.0,33.0,506.0,451.0,127.0,18.0,0.0,15.0,48.0,2.0,59.0,1.0,6.0,0.0,190.0,76.0,16.0,.282,.348,.421,.769,.292,30.07,1977.0,132.0,139.0,2025
682626,Francisco Alvarez,121,New York Mets,,C,2026,251.0,225.0,58.0,7.0,0.0,12.0,20.0,0.0,67.0,3.0,1.0,0.0,101.0,26.0,14.0,.258,.325,.449,.774,.313,18.75,1021.0,56.0,45.0,277.0,246.0,63.0,12.0,1.0,11.0,27.0,0.0,73.0,4.0,0.0,0.0,110.0,32.0,6.0,.256,.339,.447,.786,.321,22.36,1123.0,61.0,49.0,2025
699013,Esmerlyn Valdez,134,Pittsburgh Pirates,,RF,2026,135.0,117.0,33.0,7.0,1.0,13.0,17.0,0.0,51.0,0.0,1.0,0.0,81.0,34.0,4.0,.282,.370,.692,1.062,.370,9.00,583.0,14.0,20.0,,,,,,,,,,,,,,,,,,,,,,,,,2025
592518,Manny Machado,135,San Diego Padres,,3B,2026,427.0,371.0,77.0,16.0,0.0,22.0,49.0,3.0,94.0,0.0,6.0,1.0,159.0,60.0,10.0,.208,.296,.429,.725,.211,16.86,1698.0,101.0,106.0,678.0,615.0,169.0,33.0,0.0,27.0,55.0,4.0,131.0,3.0,5.0,0.0,283.0,95.0,16.0,.275,.335,.460,.795,.307,22.78,2647.0,144.0,176.0,2025
594580,Sam Moll,113,Cincinnati Reds,,P,2026,,,,,,,,,,,,,,,,,,,,,,,,,,,,,,,,,,,,,,,,,,,,,,,,,2025
674444,Steven Cruz,118,Kansas City Royals,,P,2026,,,,,,,,,,,,,,,,,,,,,,,,,0.0,0.0,0.0,0.0,0.0,0.0,0.0,0.0,0.0,0.0,0.0,0.0,0.0,0.0,0.0,.000,.000,.000,.000,.---,-.--,0.0,0.0,0.0,2025
664199,Taylor Clarke,109,Arizona Diamondbacks,,P,2026,,,,,,,,,,,,,,,,,,,,,,,,,0.0,0.0,0.0,0.0,0.0,0.0,0.0,0.0,0.0,0.0,0.0,0.0,0.0,0.0,0.0,.000,.000,.000,.000,.---,-.--,0.0,0.0,0.0,2025
678554,Curtis Mead,120,Washington Nationals,,3B,2026,322.0,281.0,72.0,17.0,1.0,17.0,37.0,0.0,62.0,4.0,0.0,0.0,142.0,48.0,6.0,.256,.351,.505,.856,.272,16.53,1376.0,60.0,87.0,264.0,240.0,56.0,10.0,1.0,3.0,15.0,0.0,63.0,8.0,1.0,0.0,77.0,19.0,9.0,.233,.299,.321,.620,.303,80.00,1019.0,47.0,75.0,2025
682668,Luisangel Acuña,145,Chicago White Sox,,SS,2026,166.0,154.0,38.0,3.0,0.0,1.0,7.0,0.0,31.0,1.0,2.0,2.0,44.0,12.0,4.0,.247,.280,.286,.566,.298,154.00,574.0,55.0,34.0,193.0,175.0,41.0,7.0,0.0,0.0,13.0,0.0,37.0,2.0,1.0,2.0,48.0,8.0,6.0,.234,.293,.274,.567,.295,-.--,687.0,58.0,42.0,2025
666277,George Soriano,138,St. Louis Cardinals,,P,2026,0.0,0.0,0.0,0.0,0.0,0.0,0.0,0.0,0.0,0.0,0.0,0.0,0.0,0.0,0.0,.000,.000,.000,.000,.---,-.--,0.0,0.0,0.0,,,,,,,,,,,,,,,,,,,,,,,,,2025
682657,Angel Martínez,114,Cleveland Guardians,,LF,2026,247.0,230.0,54.0,11.0,1.0,11.0,7.0,0.0,53.0,5.0,1.0,4.0,100.0,33.0,5.0,.235,.272,.435,.707,.257,20.91,918.0,65.0,63.0,484.0,446.0,100.0,23.0,2.0,11.0,23.0,0.0,110.0,6.0,4.0,5.0,160.0,45.0,8.0,.224,.269,.359,.628,.271,40.54,1797.0,100.0,145.0,2025
516782,Starling Marte,118,Kansas City Royals,,RF,2026,136.0,122.0,32.0,4.0,0.0,1.0,8.0,0.0,35.0,4.0,2.0,0.0,39.0,9.0,2.0,.262,.324,.320,.644,.352,122.00,515.0,30.0,27.0,329.0,293.0,79.0,14.0,0.0,9.0,22.0,0.0,68.0,9.0,4.0,1.0,120.0,34.0,7.0,.270,.335,.410,.745,.318,32.56,1255.0,83.0,68.0,2025
678577,Junior Perez,145,Chicago White Sox,,CF,2026,35.0,34.0,5.0,0.0,0.0,2.0,1.0,0.0,14.0,0.0,0.0,0.0,11.0,4.0,0.0,.147,.171,.324,.495,.167,17.00,133.0,4.0,11.0,,,,,,,,,,,,,,,,,,,,,,,,,2025
676534,Calvin Faucher,146,Miami Marlins,,P,2026,,,,,,,,,,,,,,,,,,,,,,,,,,,,,,,,,,,,,,,,,,,,,,,,,2025
686780,Pedro Pagés,138,St. Louis Cardinals,,C,2026,163.0,149.0,31.0,6.0,0.0,4.0,6.0,0.0,43.0,2.0,2.0,4.0,49.0,11.0,5.0,.208,.245,.329,.574,.260,37.25,669.0,39.0,42.0,389.0,361.0,83.0,15.0,0.0,11.0,19.0,1.0,107.0,3.0,3.0,3.0,131.0,45.0,9.0,.230,.272,.363,.635,.293,32.82,1486.0,87.0,90.0,2025
694973,Paul Skenes,134,Pittsburgh Pirates,,P,2026,,,,,,,,,,,,,,,,,,,,,,,,,,,,,,,,,,,,,,,,,,,,,,,,,2025
672456,Keider Montero,116,Detroit Tigers,,P,2026,,,,,,,,,,,,,,,,,,,,,,,,,,,,,,,,,,,,,,,,,,,,,,,,,2025
527048,Martín Pérez,144,Atlanta Braves,,P,2026,,,,,,,,,,,,,,,,,,,,,,,,,,,,,,,,,,,,,,,,,,,,,,,,,2025
676551,Brewer Hicklen,144,Atlanta Braves,,RF,2026,21.0,18.0,7.0,4.0,0.0,0.0,3.0,0.0,7.0,0.0,0.0,0.0,11.0,3.0,0.0,.389,.476,.611,1.087,.636,-.--,81.0,2.0,2.0,4.0,3.0,2.0,0.0,0.0,0.0,1.0,0.0,1.0,0.0,0.0,0.0,2.0,0.0,0.0,.667,.750,.667,1.417,1.000,-.--,18.0,0.0,0.0,2025
678606,José A. Ferrer,136,Seattle Mariners,,P,2026,,,,,,,,,,,,,,,,,,,,,,,,,0.0,0.0,0.0,0.0,0.0,0.0,0.0,0.0,0.0,0.0,0.0,0.0,0.0,0.0,0.0,.000,.000,.000,.000,.---,-.--,0.0,0.0,0.0,2025
676566,Shawn Ross,134,Pittsburgh Pirates,,C,2026,,,,,,,,,,,,,,,,,,,,,,,,,,,,,,,,,,,,,,,,,,,,,,,,,2025
641755,Tyler Kinley,144,Atlanta Braves,,P,2026,0.0,0.0,0.0,0.0,0.0,0.0,0.0,0.0,0.0,0.0,0.0,0.0,0.0,0.0,0.0,.000,.000,.000,.000,.---,-.--,0.0,0.0,0.0,,,,,,,,,,,,,,,,,,,,,,,,,2025
641743,Anthony Kay,145,Chicago White Sox,,P,2026,,,,,,,,,,,,,,,,,,,,,,,,,,,,,,,,,,,,,,,,,,,,,,,,,2025
518876,Merrill Kelly,109,Arizona Diamondbacks,,P,2026,,,,,,,,,,,,,,,,,,,,,,,,,,,,,,,,,,,,,,,,,,,,,,,,,2025
664285,Framber Valdez,116,Detroit Tigers,,P,2026,,,,,,,,,,,,,,,,,,,,,,,,,,,,,,,,,,,,,,,,,,,,,,,,,2025
668390,Cole Winn,140,Texas Rangers,,P,2026,,,,,,,,,,,,,,,,,,,,,,,,,,,,,,,,,,,,,,,,,,,,,,,,,2025
518886,Craig Kimbrel,139,Tampa Bay Rays,,P,2026,,,,,,,,,,,,,,,,,,,,,,,,,,,,,,,,,,,,,,,,,,,,,,,,,2025
701162,Ben Malgeri,116,Detroit Tigers,,RF,2026,38.0,32.0,8.0,2.0,0.0,0.0,5.0,0.0,8.0,0.0,1.0,0.0,10.0,4.0,0.0,.250,.342,.313,.655,.320,-.--,139.0,10.0,7.0,,,,,,,,,,,,,,,,,,,,,,,,,2025
690925,Clayton Beeter,120,Washington Nationals,,P,2026,0.0,0.0,0.0,0.0,0.0,0.0,0.0,0.0,0.0,0.0,0.0,0.0,0.0,0.0,0.0,.000,.000,.000,.000,.---,-.--,0.0,0.0,0.0,,,,,,,,,,,,,,,,,,,,,,,,,2025
664299,Cristian Javier,117,Houston Astros,,P,2026,,,,,,,,,,,,,,,,,,,,,,,,,,,,,,,,,,,,,,,,,,,,,,,,,2025
690924,Braxton Fulford,115,Colorado Rockies,,DH,2026,68.0,59.0,11.0,4.0,0.0,1.0,6.0,0.0,27.0,1.0,2.0,0.0,18.0,7.0,0.0,.186,.265,.305,.570,.303,59.00,273.0,8.0,15.0,120.0,108.0,23.0,5.0,2.0,1.0,7.0,0.0,36.0,2.0,3.0,0.0,35.0,16.0,1.0,.213,.267,.324,.591,.297,108.00,455.0,20.0,32.0,2025
649966,Luis Urías,141,Toronto Blue Jays,,2B,2026,39.0,36.0,8.0,1.0,0.0,2.0,3.0,0.0,7.0,0.0,0.0,0.0,15.0,3.0,1.0,.222,.282,.417,.699,.222,18.00,147.0,9.0,12.0,330.0,287.0,66.0,7.0,0.0,8.0,31.0,0.0,45.0,6.0,3.0,0.0,97.0,25.0,9.0,.230,.315,.338,.653,.245,35.88,1302.0,81.0,98.0,2025
662253,Andrés Muñoz,136,Seattle Mariners,,P,2026,,,,,,,,,,,,,,,,,,,,,,,,,,,,,,,,,,,,,,,,,,,,,,,,,2025
690928,Hunter Dobbins,138,St. Louis Cardinals,,P,2026,,,,,,,,,,,,,,,,,,,,,,,,,,,,,,,,,,,,,,,,,,,,,,,,,2025
641778,Eric Lauer,119,Los Angeles Dodgers,,P,2026,,,,,,,,,,,,,,,,,,,,,,,,,,,,,,,,,,,,,,,,,,,,,,,,,2025
592626,Joc Pederson,140,Texas Rangers,,DH,2026,309.0,266.0,65.0,9.0,2.0,17.0,36.0,1.0,70.0,3.0,3.0,0.0,129.0,36.0,8.0,.244,.338,.485,.823,.264,15.65,1250.0,63.0,71.0,306.0,265.0,48.0,10.0,1.0,9.0,34.0,0.0,65.0,5.0,1.0,0.0,87.0,26.0,5.0,.181,.285,.328,.613,.203,29.44,1237.0,68.0,85.0,2025
680694,Kyle Bradish,110,Baltimore Orioles,,P,2026,0.0,0.0,0.0,0.0,0.0,0.0,0.0,0.0,0.0,0.0,0.0,0.0,0.0,0.0,0.0,.000,.000,.000,.000,.---,-.--,0.0,0.0,0.0,,,,,,,,,,,,,,,,,,,,,,,,,2025
623352,Josh Hader,117,Houston Astros,,P,2026,,,,,,,,,,,,,,,,,,,,,,,,,0.0,0.0,0.0,0.0,0.0,0.0,0.0,0.0,0.0,0.0,0.0,0.0,0.0,0.0,0.0,.000,.000,.000,.000,.---,-.--,0.0,0.0,0.0,2025
676604,Tyler Zuber,146,Miami Marlins,,P,2026,,,,,,,,,,,,,,,,,,,,,,,,,,,,,,,,,,,,,,,,,,,,,,,,,2025
680700,Richie Palacios,139,Tampa Bay Rays,,2B,2026,247.0,215.0,50.0,8.0,2.0,4.0,28.0,0.0,45.0,3.0,1.0,0.0,74.0,30.0,4.0,.233,.328,.344,.672,.275,53.75,958.0,58.0,63.0,48.0,42.0,14.0,2.0,0.0,1.0,5.0,0.0,9.0,0.0,1.0,0.0,19.0,3.0,3.0,.333,.396,.452,.848,.394,42.00,190.0,11.0,9.0,2025
641793,Zack Littell,120,Washington Nationals,,P,2026,,,,,,,,,,,,,,,,,,,,,,,,,,,,,,,,,,,,,,,,,,,,,,,,,2025
699134,Bradgley Rodriguez,135,San Diego Padres,,P,2026,,,,,,,,,,,,,,,,,,,,,,,,,,,,,,,,,,,,,,,,,,,,,,,,,2025
672515,Gabriel Moreno,109,Arizona Diamondbacks,,C,2026,312.0,266.0,83.0,16.0,0.0,7.0,37.0,0.0,47.0,3.0,6.0,0.0,120.0,37.0,6.0,.312,.394,.451,.845,.349,38.00,1349.0,71.0,71.0,309.0,277.0,79.0,12.0,1.0,9.0,29.0,3.0,53.0,1.0,2.0,0.0,120.0,40.0,6.0,.285,.353,.433,.786,.323,30.78,1314.0,60.0,87.0,2025
678662,Ezequiel Tovar,115,Colorado Rockies,,SS,2026,359.0,332.0,65.0,17.0,0.0,8.0,19.0,0.0,92.0,2.0,6.0,0.0,106.0,32.0,6.0,.196,.240,.319,.559,.239,41.50,1300.0,80.0,101.0,390.0,360.0,91.0,18.0,4.0,9.0,21.0,0.0,98.0,1.0,2.0,6.0,144.0,33.0,2.0,.253,.294,.400,.694,.322,40.00,1469.0,76.0,103.0,2025
676617,Riley O'Brien,138,St. Louis Cardinals,,P,2026,,,,,,,,,,,,,,,,,,,,,,,,,,,,,,,,,,,,,,,,,,,,,,,,,2025
606996,Kyle Hart,135,San Diego Padres,,P,2026,,,,,,,,,,,,,,,,,,,,,,,,,,,,,,,,,,,,,,,,,,,,,,,,,2025
543510,James McCann,109,Arizona Diamondbacks,,C,2026,78.0,74.0,19.0,3.0,0.0,3.0,2.0,0.0,21.0,0.0,0.0,2.0,31.0,14.0,4.0,.257,.276,.419,.695,.320,24.67,294.0,24.0,12.0,137.0,123.0,32.0,6.0,0.0,5.0,8.0,0.0,33.0,4.0,1.0,1.0,53.0,17.0,3.0,.260,.324,.431,.755,.314,24.60,507.0,34.0,26.0,2025
592662,Robbie Ray,137,San Francisco Giants,,P,2026,,,,,,,,,,,,,,,,,,,,,,,,,,,,,,,,,,,,,,,,,,,,,,,,,2025
680732,Sean Burke,145,Chicago White Sox,,P,2026,,,,,,,,,,,,,,,,,,,,,,,,,,,,,,,,,,,,,,,,,,,,,,,,,2025
680728,Adrian Del Castillo,109,Arizona Diamondbacks,,DH,2026,177.0,162.0,33.0,6.0,0.0,5.0,13.0,0.0,52.0,0.0,1.0,1.0,54.0,24.0,5.0,.204,.261,.333,.594,.264,32.40,721.0,37.0,42.0,131.0,120.0,29.0,6.0,0.0,4.0,8.0,0.0,47.0,1.0,2.0,0.0,47.0,17.0,2.0,.242,.290,.392,.682,.352,30.00,535.0,16.0,30.0,2025
641816,Tyler Mahle,137,San Francisco Giants,,P,2026,,,,,,,,,,,,,,,,,,,,,,,,,,,,,,,,,,,,,,,,,,,,,,,,,2025
666397,Edouard Julien,115,Colorado Rockies,,2B,2026,259.0,223.0,48.0,8.0,1.0,3.0,35.0,0.0,67.0,1.0,0.0,0.0,67.0,20.0,6.0,.215,.324,.300,.624,.294,74.33,1069.0,60.0,48.0,208.0,182.0,40.0,10.0,0.0,3.0,22.0,0.0,61.0,2.0,1.0,1.0,59.0,12.0,3.0,.220,.309,.324,.633,.311,60.67,876.0,50.0,33.0,2025
690978,Dax Fulton,146,Miami Marlins,,P,2026,,,,,,,,,,,,,,,,,,,,,,,,,,,,,,,,,,,,,,,,,,,,,,,,,2025
680736,Justin Wrobleski,119,Los Angeles Dodgers,,P,2026,,,,,,,,,,,,,,,,,,,,,,,,,,,,,,,,,,,,,,,,,,,,,,,,,2025
690976,Alex Freeland,119,Los Angeles Dodgers,,2B,2026,222.0,194.0,45.0,7.0,0.0,3.0,22.0,0.0,67.0,1.0,2.0,3.0,61.0,19.0,5.0,.232,.311,.314,.625,.333,64.67,903.0,49.0,38.0,97.0,84.0,16.0,2.0,1.0,2.0,11.0,0.0,35.0,1.0,0.0,1.0,26.0,6.0,3.0,.190,.292,.310,.602,.298,42.00,429.0,13.0,21.0,2025
621345,A.J. Minter,121,New York Mets,,P,2026,,,,,,,,,,,,,,,,,,,,,,,,,,,,,,,,,,,,,,,,,,,,,,,,,2025
695076,Rhett Lowder,113,Cincinnati Reds,,P,2026,,,,,,,,,,,,,,,,,,,,,,,,,,,,,,,,,,,,,,,,,,,,,,,,,2025
690984,Petey Halpin,114,Cleveland Guardians,,CF,2026,92.0,86.0,17.0,3.0,1.0,2.0,2.0,0.0,22.0,0.0,1.0,3.0,28.0,5.0,1.0,.198,.213,.326,.539,.238,43.00,325.0,20.0,31.0,8.0,6.0,2.0,0.0,0.0,0.0,2.0,0.0,2.0,0.0,0.0,0.0,2.0,0.0,0.0,.333,.500,.333,.833,.500,-.--,33.0,1.0,1.0,2025
680744,Ty Madden,116,Detroit Tigers,,P,2026,,,,,,,,,,,,,,,,,,,,,,,,,,,,,,,,,,,,,,,,,,,,,,,,,2025
660271,Shohei Ohtani,119,Los Angeles Dodgers,,TWP,2026,438.0,364.0,104.0,18.0,2.0,22.0,62.0,12.0,100.0,5.0,5.0,0.0,192.0,61.0,6.0,.286,.392,.527,.919,.332,16.54,1662.0,77.0,88.0,727.0,611.0,172.0,25.0,9.0,55.0,109.0,20.0,187.0,3.0,2.0,0.0,380.0,102.0,9.0,.282,.392,.622,1.014,.315,11.11,2865.0,120.0,134.0,2025
680755,Braydon Fisher,141,Toronto Blue Jays,,P,2026,,,,,,,,,,,,,,,,,,,,,,,,,,,,,,,,,,,,,,,,,,,,,,,,,2025
690993,Colt Keith,116,Detroit Tigers,,1B,2026,292.0,272.0,68.0,10.0,2.0,8.0,15.0,0.0,58.0,3.0,2.0,0.0,106.0,24.0,5.0,.250,.295,.390,.685,.288,34.00,1079.0,63.0,85.0,468.0,414.0,106.0,22.0,2.0,13.0,48.0,1.0,102.0,2.0,4.0,0.0,171.0,45.0,7.0,.256,.333,.413,.746,.307,31.85,1826.0,87.0,123.0,2025
680757,Steven Kwan,114,Cleveland Guardians,,CF,2026,384.0,323.0,80.0,12.0,2.0,1.0,51.0,1.0,37.0,3.0,2.0,4.0,99.0,18.0,7.0,.248,.354,.307,.661,.275,323.00,1509.0,95.0,117.0,693.0,625.0,170.0,29.0,1.0,11.0,55.0,2.0,60.0,3.0,7.0,3.0,234.0,56.0,3.0,.272,.330,.374,.704,.283,56.82,2786.0,167.0,238.0,2025
690997,Nolan McLean,121,New York Mets,,P,2026,,,,,,,,,,,,,,,,,,,,,,,,,,,,,,,,,,,,,,,,,,,,,,,,,2025
676664,JP Sears,135,San Diego Padres,,P,2026,,,,,,,,,,,,,,,,,,,,,,,,,,,,,,,,,,,,,,,,,,,,,,,,,2025
682818,Yohendrick Piñango,141,Toronto Blue Jays,,LF,2026,168.0,158.0,42.0,8.0,0.0,5.0,10.0,0.0,41.0,0.0,0.0,0.0,65.0,20.0,6.0,.266,.310,.411,.721,.330,31.60,648.0,36.0,39.0,,,,,,,,,,,,,,,,,,,,,,,,,2025
680767,Victor Vodnik,115,Colorado Rockies,,P,2026,0.0,0.0,0.0,0.0,0.0,0.0,0.0,0.0,0.0,0.0,0.0,0.0,0.0,0.0,0.0,.000,.000,.000,.000,.---,-.--,0.0,0.0,0.0,0.0,0.0,0.0,0.0,0.0,0.0,0.0,0.0,0.0,0.0,0.0,0.0,0.0,0.0,0.0,.000,.000,.000,.000,.---,-.--,0.0,0.0,0.0,2025
691011,Drew Romo,145,Chicago White Sox,,C,2026,134.0,118.0,15.0,5.0,0.0,5.0,12.0,0.0,34.0,2.0,1.0,1.0,35.0,11.0,4.0,.127,.218,.297,.515,.125,23.60,479.0,32.0,39.0,3.0,3.0,0.0,0.0,0.0,0.0,0.0,0.0,3.0,0.0,0.0,0.0,0.0,0.0,0.0,.000,.000,.000,.000,.---,-.--,12.0,0.0,0.0,2025
676680,Tom Cosgrove,120,Washington Nationals,,P,2026,,,,,,,,,,,,,,,,,,,,,,,,,,,,,,,,,,,,,,,,,,,,,,,,,2025
621381,Matt Strahm,118,Kansas City Royals,,P,2026,,,,,,,,,,,,,,,,,,,,,,,,,,,,,,,,,,,,,,,,,,,,,,,,,2025
607043,Brandon Nimmo,140,Texas Rangers,,RF,2026,413.0,373.0,101.0,23.0,4.0,10.0,32.0,1.0,89.0,6.0,2.0,0.0,162.0,39.0,8.0,.271,.337,.434,.771,.330,37.30,1587.0,85.0,100.0,652.0,587.0,154.0,27.0,0.0,25.0,50.0,1.0,141.0,7.0,7.0,1.0,256.0,92.0,8.0,.262,.324,.436,.760,.301,23.48,2602.0,149.0,151.0,2025
680776,Jarren Duran,111,Boston Red Sox,,LF,2026,407.0,367.0,71.0,10.0,3.0,13.0,28.0,0.0,119.0,4.0,7.0,1.0,126.0,52.0,2.0,.193,.254,.343,.597,.240,28.23,1527.0,97.0,88.0,696.0,620.0,159.0,41.0,13.0,16.0,60.0,1.0,169.0,12.0,3.0,1.0,274.0,84.0,6.0,.256,.332,.442,.774,.326,38.75,2624.0,137.0,159.0,2025
572233,Christian Walker,117,Houston Astros,,1B,2026,419.0,377.0,88.0,20.0,1.0,20.0,33.0,2.0,98.0,8.0,1.0,0.0,170.0,61.0,11.0,.233,.308,.451,.759,.262,18.85,1619.0,88.0,104.0,640.0,585.0,139.0,24.0,1.0,27.0,40.0,1.0,177.0,11.0,4.0,0.0,246.0,88.0,10.0,.238,.297,.421,.718,.291,21.67,2513.0,111.0,162.0,2025
514888,Jose Altuve,117,Houston Astros,,2B,2026,343.0,311.0,74.0,14.0,1.0,12.0,29.0,1.0,74.0,1.0,1.0,1.0,126.0,30.0,15.0,.238,.304,.405,.709,.274,25.92,1246.0,94.0,71.0,654.0,588.0,156.0,24.0,1.0,26.0,55.0,5.0,109.0,4.0,6.0,1.0,260.0,77.0,20.0,.265,.329,.442,.771,.283,22.62,2314.0,149.0,181.0,2025
680779,Henry Davis,134,Pittsburgh Pirates,,C,2026,206.0,180.0,31.0,5.0,0.0,8.0,19.0,0.0,45.0,5.0,1.0,1.0,60.0,28.0,4.0,.172,.268,.333,.601,.180,22.50,760.0,44.0,62.0,283.0,252.0,42.0,7.0,0.0,7.0,18.0,0.0,76.0,5.0,3.0,3.0,70.0,22.0,2.0,.167,.234,.278,.512,.203,36.00,1069.0,48.0,92.0,2025
670541,Yordan Alvarez,117,Houston Astros,,DH,2026,451.0,376.0,123.0,20.0,0.0,34.0,67.0,17.0,77.0,5.0,3.0,0.0,245.0,77.0,5.0,.327,.432,.652,1.084,.332,11.06,1750.0,62.0,117.0,199.0,165.0,45.0,8.0,0.0,6.0,28.0,5.0,33.0,0.0,6.0,0.0,71.0,27.0,1.0,.273,.367,.430,.797,.295,27.50,803.0,34.0,59.0,2025
682829,Elly De La Cruz,113,Cincinnati Reds,,SS,2026,372.0,330.0,91.0,15.0,4.0,17.0,38.0,0.0,100.0,2.0,2.0,0.0,165.0,46.0,5.0,.276,.352,.500,.852,.344,19.41,1502.0,78.0,63.0,699.0,629.0,166.0,31.0,7.0,22.0,67.0,10.0,181.0,2.0,1.0,0.0,277.0,86.0,14.0,.264,.336,.440,.776,.337,28.59,2678.0,166.0,117.0,2025
691026,Masyn Winn,138,St. Louis Cardinals,,SS,2026,388.0,341.0,80.0,12.0,2.0,4.0,34.0,0.0,75.0,7.0,6.0,0.0,108.0,42.0,7.0,.235,.312,.317,.629,.284,85.25,1530.0,87.0,105.0,537.0,491.0,124.0,27.0,0.0,9.0,34.0,0.0,102.0,8.0,2.0,2.0,178.0,51.0,11.0,.253,.310,.363,.673,.301,54.56,2256.0,107.0,162.0,2025
691023,Jordan Walker,138,St. Louis Cardinals,,RF,2026,430.0,389.0,112.0,22.0,0.0,22.0,35.0,1.0,106.0,3.0,3.0,0.0,200.0,77.0,9.0,.288,.349,.514,.863,.341,17.68,1553.0,91.0,83.0,396.0,363.0,78.0,13.0,1.0,6.0,29.0,1.0,126.0,3.0,1.0,0.0,111.0,41.0,9.0,.215,.278,.306,.584,.310,60.50,1541.0,75.0,85.0,2025
656212,Charlie Barnes,119,Los Angeles Dodgers,,P,2026,,,,,,,,,,,,,,,,,,,,,,,,,,,,,,,,,,,,,,,,,,,,,,,,,2025
682842,Abner Uribe,158,Milwaukee Brewers,,P,2026,,,,,,,,,,,,,,,,,,,,,,,,,,,,,,,,,,,,,,,,,,,,,,,,,2025
607067,Colin Rea,112,Chicago Cubs,,P,2026,,,,,,,,,,,,,,,,,,,,,,,,,1.0,1.0,0.0,0.0,0.0,0.0,0.0,0.0,1.0,0.0,0.0,0.0,0.0,0.0,0.0,.000,.000,.000,.000,.---,-.--,5.0,0.0,0.0,2025
445276,Kenley Jansen,116,Detroit Tigers,,P,2026,0.0,0.0,0.0,0.0,0.0,0.0,0.0,0.0,0.0,0.0,0.0,0.0,0.0,0.0,0.0,.000,.000,.000,.000,.---,-.--,0.0,0.0,0.0,0.0,0.0,0.0,0.0,0.0,0.0,0.0,0.0,0.0,0.0,0.0,0.0,0.0,0.0,0.0,.000,.000,.000,.000,.---,-.--,0.0,0.0,0.0,2025
623454,Drew Anderson,116,Detroit Tigers,,P,2026,,,,,,,,,,,,,,,,,,,,,,,,,,,,,,,,,,,,,,,,,,,,,,,,,2025
623465,Evan Phillips,119,Los Angeles Dodgers,,P,2026,,,,,,,,,,,,,,,,,,,,,,,,,,,,,,,,,,,,,,,,,,,,,,,,,2025
672613,Eliezer Alfonzo,119,Los Angeles Dodgers,,C,2026,14.0,14.0,2.0,1.0,0.0,0.0,0.0,0.0,2.0,0.0,0.0,0.0,3.0,1.0,0.0,.143,.143,.214,.357,.167,-.--,45.0,4.0,6.0,,,,,,,,,,,,,,,,,,,,,,,,,2025
686948,Drake Baldwin,144,Atlanta Braves,,C,2026,357.0,311.0,85.0,6.0,0.0,20.0,38.0,1.0,76.0,7.0,1.0,0.0,151.0,56.0,8.0,.273,.364,.486,.850,.301,15.55,1377.0,81.0,70.0,446.0,405.0,111.0,18.0,2.0,19.0,38.0,0.0,68.0,3.0,0.0,0.0,190.0,80.0,9.0,.274,.341,.469,.810,.289,21.32,1750.0,131.0,95.0,2025
594798,Jacob deGrom,140,Texas Rangers,,P,2026,,,,,,,,,,,,,,,,,,,,,,,,,,,,,,,,,,,,,,,,,,,,,,,,,2025
672629,Gerardo Carrillo,109,Arizona Diamondbacks,,P,2026,,,,,,,,,,,,,,,,,,,,,,,,,,,,,,,,,,,,,,,,,,,,,,,,,2025
676724,Jared Young,121,New York Mets,,1B,2026,176.0,157.0,40.0,8.0,0.0,7.0,13.0,0.0,35.0,5.0,1.0,0.0,69.0,19.0,3.0,.255,.330,.439,.769,.284,22.43,690.0,43.0,40.0,47.0,43.0,8.0,1.0,0.0,4.0,2.0,0.0,16.0,1.0,1.0,0.0,21.0,6.0,1.0,.186,.234,.488,.722,.167,10.75,192.0,6.0,14.0,2025
623474,Jimmy Herget,115,Colorado Rockies,,P,2026,0.0,0.0,0.0,0.0,0.0,0.0,0.0,0.0,0.0,0.0,0.0,0.0,0.0,0.0,0.0,.000,.000,.000,.000,.---,-.--,0.0,0.0,0.0,,,,,,,,,,,,,,,,,,,,,,,,,2025
807799,Masataka Yoshida,111,Boston Red Sox,,DH,2026,226.0,200.0,53.0,11.0,1.0,4.0,22.0,0.0,25.0,3.0,1.0,0.0,78.0,19.0,1.0,.265,.345,.390,.735,.285,50.00,825.0,67.0,56.0,205.0,188.0,50.0,11.0,0.0,4.0,10.0,0.0,24.0,3.0,4.0,0.0,73.0,26.0,3.0,.266,.307,.388,.695,.280,47.00,715.0,73.0,45.0,2025
686973,Louis Varland,141,Toronto Blue Jays,,P,2026,,,,,,,,,,,,,,,,,,,,,,,,,,,,,,,,,,,,,,,,,,,,,,,,,2025
701305,Zach Dezenzo,117,Houston Astros,,LF,2026,72.0,65.0,15.0,4.0,0.0,1.0,7.0,0.0,27.0,0.0,0.0,0.0,22.0,3.0,1.0,.231,.306,.338,.644,.378,65.00,298.0,14.0,9.0,109.0,98.0,24.0,6.0,0.0,2.0,11.0,0.0,37.0,0.0,0.0,0.0,36.0,10.0,2.0,.245,.321,.367,.688,.373,49.00,480.0,15.0,22.0,2025
621438,Tyrone Taylor,121,New York Mets,,CF,2026,138.0,127.0,29.0,7.0,0.0,7.0,7.0,0.0,25.0,0.0,0.0,4.0,57.0,18.0,0.0,.228,.269,.449,.718,.232,18.14,512.0,32.0,45.0,341.0,310.0,69.0,18.0,3.0,2.0,16.0,1.0,76.0,9.0,2.0,3.0,99.0,27.0,4.0,.223,.279,.319,.598,.286,155.00,1246.0,63.0,107.0,2025
672640,Otto Lopez,146,Miami Marlins,,SS,2026,433.0,400.0,132.0,27.0,6.0,9.0,22.0,0.0,60.0,4.0,7.0,0.0,198.0,46.0,8.0,.330,.365,.495,.860,.364,44.44,1571.0,117.0,98.0,594.0,544.0,134.0,21.0,0.0,15.0,44.0,2.0,82.0,3.0,3.0,0.0,200.0,77.0,9.0,.246,.305,.368,.673,.264,36.27,2129.0,174.0,157.0,2025
592773,Ryne Stanek,138,St. Louis Cardinals,,P,2026,,,,,,,,,,,,,,,,,,,,,,,,,0.0,0.0,0.0,0.0,0.0,0.0,0.0,0.0,0.0,0.0,0.0,0.0,0.0,0.0,0.0,.000,.000,.000,.000,.---,-.--,0.0,0.0,0.0,2025
641933,Tyler O'Neill,110,Baltimore Orioles,,RF,2026,189.0,168.0,36.0,8.0,0.0,6.0,19.0,0.0,53.0,2.0,0.0,0.0,62.0,16.0,2.0,.214,.302,.369,.671,.275,28.00,752.0,27.0,52.0,209.0,181.0,36.0,6.0,1.0,9.0,22.0,1.0,51.0,3.0,3.0,0.0,71.0,26.0,2.0,.199,.292,.392,.684,.218,20.11,821.0,35.0,62.0,2025
592779,Brock Stewart,119,Los Angeles Dodgers,,P,2026,,,,,,,,,,,,,,,,,,,,,,,,,,,,,,,,,,,,,,,,,,,,,,,,,2025
553869,Elias Díaz,140,Texas Rangers,,C,2026,112.0,108.0,28.0,7.0,0.0,4.0,2.0,0.0,21.0,0.0,1.0,1.0,47.0,16.0,1.0,.259,.270,.435,.705,.286,27.00,403.0,26.0,35.0,283.0,255.0,52.0,7.0,0.0,9.0,21.0,0.0,74.0,2.0,0.0,5.0,86.0,29.0,11.0,.204,.270,.337,.607,.250,28.33,1055.0,51.0,83.0,2025
656271,Brock Burke,113,Cincinnati Reds,,P,2026,,,,,,,,,,,,,,,,,,,,,,,,,,,,,,,,,,,,,,,,,,,,,,,,,2025
676755,Isaac Mattson,134,Pittsburgh Pirates,,P,2026,,,,,,,,,,,,,,,,,,,,,,,,,,,,,,,,,,,,,,,,,,,,,,,,,2025
594835,Marco Gonzales,140,Texas Rangers,,P,2026,,,,,,,,,,,,,,,,,,,,,,,,,,,,,,,,,,,,,,,,,,,,,,,,,2025
592791,Jameson Taillon,112,Chicago Cubs,,P,2026,,,,,,,,,,,,,,,,,,,,,,,,,,,,,,,,,,,,,,,,,,,,,,,,,2025
641941,Emilio Pagán,113,Cincinnati Reds,,P,2026,,,,,,,,,,,,,,,,,,,,,,,,,,,,,,,,,,,,,,,,,,,,,,,,,2025
676760,Ron Marinaccio,134,Pittsburgh Pirates,,P,2026,,,,,,,,,,,,,,,,,,,,,,,,,,,,,,,,,,,,,,,,,,,,,,,,,2025
670623,Isaac Paredes,117,Houston Astros,,3B,2026,415.0,357.0,93.0,18.0,1.0,14.0,40.0,0.0,62.0,14.0,4.0,0.0,155.0,54.0,10.0,.261,.354,.434,.788,.277,25.50,1821.0,59.0,147.0,438.0,378.0,96.0,15.0,1.0,20.0,50.0,0.0,76.0,8.0,2.0,0.0,173.0,53.0,10.0,.254,.352,.458,.810,.268,18.90,1943.0,73.0,135.0,2025
656288,Griffin Canning,135,San Diego Padres,,P,2026,,,,,,,,,,,,,,,,,,,,,,,,,,,,,,,,,,,,,,,,,,,,,,,,,2025
676775,Keaton Winn,137,San Francisco Giants,,P,2026,0.0,0.0,0.0,0.0,0.0,0.0,0.0,0.0,0.0,0.0,0.0,0.0,0.0,0.0,0.0,.000,.000,.000,.000,.---,-.--,0.0,0.0,0.0,,,,,,,,,,,,,,,,,,,,,,,,,2025
656302,Dylan Cease,141,Toronto Blue Jays,,P,2026,,,,,,,,,,,,,,,,,,,,,,,,,,,,,,,,,,,,,,,,,,,,,,,,,2025
701358,Cam Smith,117,Houston Astros,,RF,2026,380.0,338.0,71.0,13.0,1.0,13.0,33.0,0.0,91.0,4.0,4.0,0.0,125.0,36.0,9.0,.210,.285,.370,.655,.244,26.00,1553.0,96.0,84.0,493.0,441.0,104.0,21.0,3.0,9.0,43.0,0.0,137.0,7.0,2.0,0.0,158.0,51.0,11.0,.236,.312,.358,.670,.320,49.00,2024.0,104.0,98.0,2025
805808,Kevin McGonigle,116,Detroit Tigers,,SS,2026,443.0,377.0,106.0,20.0,3.0,9.0,63.0,1.0,61.0,3.0,0.0,0.0,159.0,35.0,2.0,.281,.388,.422,.810,.316,41.89,1798.0,68.0,142.0,,,,,,,,,,,,,,,,,,,,,,,,,2025
682928,CJ Abrams,120,Washington Nationals,,SS,2026,427.0,375.0,108.0,20.0,2.0,24.0,36.0,2.0,92.0,10.0,6.0,0.0,204.0,76.0,5.0,.288,.361,.544,.905,.317,15.62,1605.0,69.0,112.0,635.0,580.0,149.0,35.0,5.0,19.0,37.0,1.0,125.0,14.0,3.0,1.0,251.0,60.0,5.0,.257,.315,.433,.748,.296,30.53,2320.0,141.0,169.0,2025
805811,Bryce Eldridge,137,San Francisco Giants,,DH,2026,248.0,214.0,57.0,14.0,0.0,10.0,33.0,1.0,63.0,0.0,1.0,0.0,101.0,23.0,0.0,.266,.363,.472,.835,.331,21.40,1044.0,42.0,53.0,37.0,28.0,3.0,2.0,0.0,0.0,7.0,0.0,13.0,1.0,1.0,0.0,5.0,4.0,0.0,.107,.297,.179,.476,.188,-.--,160.0,6.0,7.0,2025
684974,Craig Yoho,158,Milwaukee Brewers,,P,2026,,,,,,,,,,,,,,,,,,,,,,,,,,,,,,,,,,,,,,,,,,,,,,,,,2025
621493,Taylor Ward,110,Baltimore Orioles,,LF,2026,473.0,384.0,96.0,20.0,0.0,7.0,80.0,1.0,95.0,6.0,3.0,0.0,137.0,27.0,7.0,.250,.385,.357,.742,.312,54.86,1982.0,88.0,108.0,663.0,579.0,132.0,31.0,2.0,36.0,75.0,1.0,175.0,3.0,6.0,0.0,275.0,103.0,13.0,.228,.317,.475,.792,.257,16.08,2788.0,112.0,166.0,2025
672695,Geraldo Perdomo,109,Arizona Diamondbacks,,SS,2026,429.0,351.0,82.0,14.0,3.0,7.0,65.0,0.0,52.0,4.0,5.0,4.0,123.0,36.0,8.0,.234,.355,.350,.705,.253,50.14,1814.0,110.0,116.0,720.0,597.0,173.0,33.0,5.0,20.0,94.0,1.0,83.0,10.0,11.0,8.0,276.0,100.0,11.0,.290,.389,.462,.851,.303,29.85,3007.0,167.0,193.0,2025
695239,Robby Ahlstrom,140,Texas Rangers,,P,2026,,,,,,,,,,,,,,,,,,,,,,,,,,,,,,,,,,,,,,,,,,,,,,,,,2025
695243,Mason Miller,135,San Diego Padres,,P,2026,,,,,,,,,,,,,,,,,,,,,,,,,,,,,,,,,,,,,,,,,,,,,,,,,2025
678868,Eddy Yean,120,Washington Nationals,,P,2026,,,,,,,,,,,,,,,,,,,,,,,,,,,,,,,,,,,,,,,,,,,,,,,,,2025
672724,Oswald Peraza,108,Los Angeles Angels,,2B,2026,290.0,271.0,65.0,11.0,2.0,7.0,11.0,0.0,86.0,6.0,1.0,1.0,101.0,24.0,6.0,.240,.284,.373,.657,.324,38.71,1066.0,68.0,54.0,265.0,244.0,40.0,6.0,0.0,5.0,17.0,0.0,80.0,2.0,1.0,0.0,61.0,20.0,6.0,.164,.223,.250,.473,.219,48.80,1005.0,70.0,55.0,2025
605141,Mookie Betts,119,Los Angeles Dodgers,,SS,2026,288.0,263.0,61.0,10.0,0.0,13.0,23.0,2.0,35.0,1.0,1.0,0.0,110.0,34.0,10.0,.232,.295,.418,.713,.222,20.23,1056.0,57.0,111.0,663.0,589.0,152.0,23.0,2.0,20.0,61.0,2.0,68.0,3.0,10.0,0.0,239.0,82.0,15.0,.258,.326,.406,.732,.258,29.45,2460.0,136.0,243.0,2025
680916,Franco Aleman,114,Cleveland Guardians,,P,2026,,,,,,,,,,,,,,,,,,,,,,,,,,,,,,,,,,,,,,,,,,,,,,,,,2025
687064,Brandon Young,110,Baltimore Orioles,,P,2026,,,,,,,,,,,,,,,,,,,,,,,,,,,,,,,,,,,,,,,,,,,,,,,,,2025
695257,Billy Cook,134,Pittsburgh Pirates,,CF,2026,43.0,43.0,9.0,1.0,1.0,0.0,0.0,0.0,17.0,0.0,0.0,0.0,12.0,2.0,0.0,.209,.209,.279,.488,.346,-.--,141.0,5.0,12.0,6.0,6.0,2.0,0.0,0.0,0.0,0.0,0.0,1.0,0.0,0.0,0.0,2.0,0.0,0.0,.333,.333,.333,.666,.400,-.--,20.0,2.0,1.0,2025
701398,Sal Stewart,113,Cincinnati Reds,,1B,2026,445.0,391.0,98.0,23.0,0.0,21.0,46.0,3.0,94.0,2.0,6.0,0.0,184.0,75.0,9.0,.251,.328,.471,.799,.273,18.62,1735.0,106.0,99.0,58.0,55.0,14.0,1.0,0.0,5.0,3.0,0.0,15.0,0.0,0.0,0.0,30.0,8.0,1.0,.255,.293,.545,.838,.257,11.00,217.0,10.0,16.0,2025
607200,Erick Fedde,145,Chicago White Sox,,P,2026,,,,,,,,,,,,,,,,,,,,,,,,,,,,,,,,,,,,,,,,,,,,,,,,,2025
687075,Brandon Sproat,158,Milwaukee Brewers,,P,2026,,,,,,,,,,,,,,,,,,,,,,,,,,,,,,,,,,,,,,,,,,,,,,,,,2025
678882,Ceddanne Rafaela,111,Boston Red Sox,,CF,2026,402.0,376.0,106.0,25.0,3.0,10.0,18.0,0.0,79.0,6.0,0.0,2.0,167.0,45.0,8.0,.282,.325,.444,.769,.334,37.60,1498.0,96.0,97.0,587.0,546.0,136.0,34.0,4.0,16.0,28.0,0.0,117.0,8.0,2.0,3.0,226.0,63.0,9.0,.249,.295,.414,.709,.289,34.12,2128.0,139.0,159.0,2025
625643,Reynaldo López,144,Atlanta Braves,,P,2026,0.0,0.0,0.0,0.0,0.0,0.0,0.0,0.0,0.0,0.0,0.0,0.0,0.0,0.0,0.0,.000,.000,.000,.000,.---,-.--,0.0,0.0,0.0,,,,,,,,,,,,,,,,,,,,,,,,,2025
682985,Riley Greene,116,Detroit Tigers,,LF,2026,432.0,372.0,105.0,21.0,1.0,15.0,53.0,2.0,117.0,2.0,5.0,0.0,173.0,51.0,11.0,.282,.370,.465,.835,.367,24.80,1795.0,63.0,92.0,655.0,600.0,155.0,31.0,1.0,36.0,46.0,1.0,201.0,4.0,5.0,0.0,296.0,111.0,14.0,.258,.313,.493,.806,.323,16.67,2706.0,118.0,131.0,2025
682989,Victor Mederos,144,Atlanta Braves,,P,2026,1.0,1.0,1.0,0.0,0.0,0.0,0.0,0.0,0.0,0.0,0.0,0.0,1.0,2.0,0.0,1.000,1.000,1.000,2.000,1.000,-.--,3.0,0.0,0.0,,,,,,,,,,,,,,,,,,,,,,,,,2025
682988,Tyler Locklear,109,Arizona Diamondbacks,,1B,2026,19.0,16.0,6.0,1.0,0.0,1.0,3.0,0.0,3.0,0.0,0.0,0.0,10.0,5.0,2.0,.375,.474,.625,1.099,.417,16.00,80.0,5.0,2.0,116.0,103.0,18.0,0.0,0.0,3.0,10.0,0.0,43.0,3.0,0.0,0.0,27.0,6.0,3.0,.175,.267,.262,.529,.263,34.33,477.0,25.0,17.0,2025
687093,Vaughn Grissom,108,Los Angeles Angels,,2B,2026,239.0,212.0,54.0,13.0,0.0,6.0,18.0,0.0,36.0,4.0,4.0,0.0,85.0,40.0,9.0,.255,.319,.401,.720,.276,35.33,914.0,58.0,68.0,,,,,,,,,,,,,,,,,,,,,,,,,2025
682998,Corbin Carroll,109,Arizona Diamondbacks,,RF,2026,430.0,373.0,94.0,20.0,12.0,15.0,50.0,2.0,98.0,4.0,3.0,0.0,183.0,49.0,6.0,.252,.344,.491,.835,.300,24.87,1696.0,88.0,96.0,642.0,564.0,146.0,32.0,17.0,31.0,67.0,4.0,153.0,7.0,4.0,0.0,305.0,84.0,6.0,.259,.343,.541,.884,.299,18.19,2497.0,111.0,158.0,2025
683000,Riley Cornelio,120,Washington Nationals,,P,2026,,,,,,,,,,,,,,,,,,,,,,,,,,,,,,,,,,,,,,,,,,,,,,,,,2025
682997,Tyler Callihan,134,Pittsburgh Pirates,,LF,2026,97.0,86.0,20.0,4.0,2.0,3.0,9.0,0.0,33.0,1.0,1.0,0.0,37.0,15.0,0.0,.233,.309,.430,.739,.333,28.67,389.0,8.0,26.0,6.0,6.0,1.0,0.0,0.0,0.0,0.0,0.0,1.0,0.0,0.0,0.0,1.0,1.0,0.0,.167,.167,.167,.334,.200,-.--,22.0,3.0,1.0,2025
683002,Gunnar Henderson,110,Baltimore Orioles,,SS,2026,472.0,426.0,95.0,19.0,3.0,17.0,36.0,2.0,108.0,8.0,2.0,0.0,171.0,44.0,7.0,.223,.294,.401,.695,.257,25.06,1840.0,109.0,116.0,651.0,577.0,158.0,34.0,5.0,17.0,62.0,6.0,137.0,7.0,5.0,0.0,253.0,68.0,7.0,.274,.349,.438,.787,.329,33.94,2506.0,161.0,126.0,2025
592885,Christian Yelich,158,Milwaukee Brewers,,DH,2026,305.0,268.0,65.0,16.0,2.0,7.0,32.0,3.0,83.0,3.0,1.0,1.0,106.0,36.0,2.0,.243,.329,.396,.725,.324,38.29,1297.0,78.0,44.0,644.0,573.0,151.0,21.0,0.0,29.0,64.0,6.0,167.0,6.0,1.0,0.0,259.0,103.0,6.0,.264,.343,.452,.795,.323,19.76,2601.0,174.0,82.0,2025
678906,Kai-Wei Teng,117,Houston Astros,,P,2026,,,,,,,,,,,,,,,,,,,,,,,,,,,,,,,,,,,,,,,,,,,,,,,,,2025
683003,Jared Jones,134,Pittsburgh Pirates,,P,2026,,,,,,,,,,,,,,,,,,,,,,,,,,,,,,,,,,,,,,,,,,,,,,,,,2025
668670,Jake Rogers,116,Detroit Tigers,,C,2026,107.0,90.0,15.0,2.0,1.0,3.0,13.0,0.0,31.0,1.0,2.0,1.0,28.0,9.0,0.0,.167,.274,.311,.585,.207,30.00,428.0,15.0,32.0,142.0,123.0,23.0,5.0,2.0,3.0,15.0,0.0,39.0,1.0,2.0,1.0,41.0,19.0,3.0,.187,.277,.333,.610,.241,41.00,570.0,34.0,30.0,2025
621566,Matt Olson,144,Atlanta Braves,,1B,2026,453.0,402.0,108.0,25.0,0.0,27.0,46.0,3.0,109.0,2.0,3.0,0.0,214.0,63.0,4.0,.269,.344,.532,.876,.301,14.89,1946.0,82.0,106.0,724.0,624.0,170.0,41.0,2.0,29.0,91.0,2.0,176.0,4.0,5.0,0.0,302.0,95.0,14.0,.272,.366,.484,.850,.333,21.52,3166.0,133.0,150.0,2025
699393,Pedro Ramírez,112,Chicago Cubs,,2B,2026,81.0,74.0,21.0,6.0,1.0,1.0,5.0,0.0,13.0,0.0,1.0,1.0,32.0,11.0,3.0,.284,.325,.432,.757,.328,74.00,263.0,21.0,21.0,,,,,,,,,,,,,,,,,,,,,,,,,2025
668674,Lucas Erceg,118,Kansas City Royals,,P,2026,0.0,0.0,0.0,0.0,0.0,0.0,0.0,0.0,0.0,0.0,0.0,0.0,0.0,0.0,0.0,.000,.000,.000,.000,.---,-.--,0.0,0.0,0.0,0.0,0.0,0.0,0.0,0.0,0.0,0.0,0.0,0.0,0.0,0.0,0.0,0.0,0.0,0.0,.000,.000,.000,.000,.---,-.--,0.0,0.0,0.0,2025
553993,Eugenio Suárez,113,Cincinnati Reds,,DH,2026,291.0,263.0,56.0,11.0,0.0,14.0,25.0,0.0,102.0,2.0,1.0,0.0,109.0,39.0,3.0,.213,.285,.414,.699,.284,18.79,1180.0,46.0,60.0,657.0,588.0,134.0,28.0,0.0,49.0,46.0,2.0,196.0,16.0,7.0,0.0,309.0,118.0,11.0,.228,.298,.526,.824,.243,12.00,2606.0,100.0,165.0,2025
500743,Miguel Rojas,119,Los Angeles Dodgers,,SS,2026,167.0,147.0,42.0,9.0,0.0,3.0,10.0,0.0,16.0,2.0,6.0,2.0,60.0,18.0,6.0,.286,.327,.408,.735,.291,49.00,589.0,48.0,49.0,317.0,290.0,76.0,18.0,0.0,7.0,24.0,1.0,46.0,0.0,0.0,3.0,115.0,27.0,7.0,.262,.318,.397,.715,.291,41.43,1166.0,83.0,88.0,2025
676879,Aaron Ashby,158,Milwaukee Brewers,,P,2026,,,,,,,,,,,,,,,,,,,,,,,,,,,,,,,,,,,,,,,,,,,,,,,,,2025
543760,Marcus Semien,121,New York Mets,,2B,2026,338.0,309.0,64.0,8.0,1.0,10.0,24.0,0.0,75.0,1.0,3.0,1.0,104.0,30.0,10.0,.207,.264,.337,.601,.238,30.90,1267.0,63.0,111.0,534.0,470.0,108.0,16.0,1.0,15.0,50.0,0.0,93.0,5.0,9.0,0.0,171.0,62.0,8.0,.230,.305,.364,.669,.251,31.33,2075.0,101.0,177.0,2025
674841,Andrew Alvarez,120,Washington Nationals,,P,2026,,,,,,,,,,,,,,,,,,,,,,,,,,,,,,,,,,,,,,,,,,,,,,,,,2025
607259,Nick Martinez,139,Tampa Bay Rays,,P,2026,,,,,,,,,,,,,,,,,,,,,,,,,,,,,,,,,,,,,,,,,,,,,,,,,2025
666661,Juan Morillo,109,Arizona Diamondbacks,,P,2026,,,,,,,,,,,,,,,,,,,,,,,,,0.0,0.0,0.0,0.0,0.0,0.0,0.0,0.0,0.0,0.0,0.0,0.0,0.0,0.0,0.0,.000,.000,.000,.000,.---,-.--,0.0,0.0,0.0,2025
642086,Dominic Smith,144,Atlanta Braves,,DH,2026,247.0,221.0,58.0,6.0,1.0,7.0,18.0,1.0,35.0,2.0,5.0,1.0,87.0,39.0,6.0,.262,.317,.394,.711,.277,31.57,939.0,65.0,69.0,225.0,204.0,58.0,12.0,0.0,5.0,15.0,0.0,42.0,2.0,4.0,0.0,85.0,33.0,5.0,.284,.333,.417,.750,.329,40.80,848.0,46.0,62.0,2025
668715,Spencer Steer,113,Cincinnati Reds,,1B,2026,382.0,338.0,81.0,14.0,0.0,16.0,35.0,0.0,84.0,6.0,2.0,0.0,143.0,40.0,10.0,.240,.320,.423,.743,.271,21.12,1508.0,83.0,92.0,568.0,509.0,121.0,21.0,2.0,21.0,51.0,0.0,129.0,5.0,2.0,1.0,209.0,75.0,12.0,.238,.312,.411,.723,.277,24.24,2316.0,99.0,163.0,2025
668709,JJ Bleday,113,Cincinnati Reds,,LF,2026,313.0,267.0,63.0,11.0,1.0,17.0,41.0,1.0,65.0,2.0,2.0,0.0,127.0,44.0,5.0,.236,.340,.476,.816,.246,15.71,1235.0,45.0,96.0,344.0,307.0,65.0,17.0,0.0,14.0,36.0,2.0,91.0,0.0,1.0,0.0,124.0,39.0,6.0,.212,.294,.404,.698,.251,21.93,1328.0,61.0,91.0,2025
670764,Taylor Walls,139,Tampa Bay Rays,,SS,2026,290.0,246.0,55.0,14.0,2.0,0.0,32.0,0.0,73.0,2.0,3.0,7.0,73.0,21.0,3.0,.224,.314,.297,.611,.313,-.--,1167.0,58.0,70.0,317.0,282.0,62.0,14.0,1.0,4.0,26.0,0.0,70.0,0.0,6.0,3.0,90.0,38.0,1.0,.220,.280,.319,.599,.271,70.50,1278.0,70.0,89.0,2025
676914,Davis Schneider,141,Toronto Blue Jays,,LF,2026,123.0,102.0,15.0,5.0,0.0,3.0,19.0,0.0,41.0,0.0,1.0,1.0,29.0,12.0,1.0,.147,.279,.284,.563,.203,34.00,543.0,16.0,32.0,227.0,188.0,44.0,5.0,0.0,11.0,36.0,0.0,60.0,2.0,1.0,0.0,82.0,31.0,4.0,.234,.361,.436,.797,.280,17.09,1012.0,26.0,59.0,2025
668723,Ryan Vilade,139,Tampa Bay Rays,,RF,2026,170.0,150.0,39.0,7.0,1.0,8.0,15.0,0.0,34.0,1.0,3.0,1.0,72.0,33.0,3.0,.260,.325,.480,.805,.279,18.75,680.0,32.0,49.0,15.0,13.0,1.0,0.0,0.0,0.0,2.0,0.0,5.0,0.0,0.0,0.0,1.0,0.0,1.0,.077,.200,.077,.277,.125,-.--,60.0,6.0,1.0,2025
670770,TJ Friedl,113,Cincinnati Reds,,CF,2026,226.0,196.0,34.0,6.0,1.0,3.0,20.0,0.0,52.0,4.0,1.0,5.0,51.0,11.0,2.0,.173,.262,.260,.522,.218,65.33,843.0,54.0,62.0,685.0,579.0,151.0,22.0,2.0,14.0,81.0,0.0,115.0,16.0,5.0,4.0,219.0,53.0,7.0,.261,.364,.378,.742,.301,41.36,2645.0,141.0,181.0,2025
642100,Gabe Speier,136,Seattle Mariners,,P,2026,0.0,0.0,0.0,0.0,0.0,0.0,0.0,0.0,0.0,0.0,0.0,0.0,0.0,0.0,0.0,.000,.000,.000,.000,.---,-.--,0.0,0.0,0.0,,,,,,,,,,,,,,,,,,,,,,,,,2025
676917,Cade Cavalli,120,Washington Nationals,,P,2026,,,,,,,,,,,,,,,,,,,,,,,,,0.0,0.0,0.0,0.0,0.0,0.0,0.0,0.0,0.0,0.0,0.0,0.0,0.0,0.0,0.0,.000,.000,.000,.000,.---,-.--,0.0,0.0,0.0,2025
693304,Nick Gonzales,134,Pittsburgh Pirates,,3B,2026,404.0,369.0,115.0,17.0,1.0,6.0,28.0,0.0,72.0,6.0,1.0,0.0,152.0,47.0,11.0,.312,.369,.412,.781,.373,61.50,1503.0,109.0,74.0,408.0,381.0,99.0,18.0,3.0,5.0,21.0,0.0,73.0,2.0,4.0,0.0,138.0,30.0,12.0,.260,.299,.362,.661,.306,76.20,1405.0,104.0,109.0,2025
693307,Dillon Dingler,116,Detroit Tigers,,C,2026,395.0,353.0,96.0,22.0,2.0,22.0,25.0,0.0,85.0,12.0,3.0,0.0,188.0,66.0,10.0,.272,.338,.533,.871,.297,16.04,1538.0,76.0,99.0,469.0,435.0,121.0,21.0,2.0,13.0,23.0,2.0,110.0,9.0,1.0,0.0,185.0,57.0,5.0,.278,.327,.425,.752,.345,33.46,1793.0,91.0,114.0,2025
543807,George Springer,141,Toronto Blue Jays,,DH,2026,322.0,283.0,64.0,13.0,1.0,10.0,32.0,0.0,61.0,3.0,1.0,0.0,109.0,27.0,6.0,.226,.310,.385,.695,.254,28.30,1297.0,79.0,80.0,586.0,498.0,154.0,27.0,1.0,32.0,69.0,3.0,111.0,8.0,4.0,0.0,279.0,84.0,14.0,.309,.399,.560,.959,.340,15.56,2307.0,105.0,132.0,2025
685126,Brandon Eisert,134,Pittsburgh Pirates,,P,2026,0.0,0.0,0.0,0.0,0.0,0.0,0.0,0.0,0.0,0.0,0.0,0.0,0.0,0.0,0.0,.000,.000,.000,.000,.---,-.--,0.0,0.0,0.0,,,,,,,,,,,,,,,,,,,,,,,,,2025
642121,Cole Sulser,139,Tampa Bay Rays,,P,2026,,,,,,,,,,,,,,,,,,,,,,,,,,,,,,,,,,,,,,,,,,,,,,,,,2025
519242,Chris Sale,144,Atlanta Braves,,P,2026,,,,,,,,,,,,,,,,,,,,,,,,,,,,,,,,,,,,,,,,,,,,,,,,,2025
681035,Christian Scott,121,New York Mets,,P,2026,,,,,,,,,,,,,,,,,,,,,,,,,,,,,,,,,,,,,,,,,,,,,,,,,2025
683083,Nasim Nuñez,120,Washington Nationals,,2B,2026,333.0,291.0,73.0,4.0,3.0,1.0,34.0,0.0,73.0,1.0,1.0,6.0,86.0,30.0,4.0,.251,.330,.296,.626,.330,291.00,1356.0,86.0,66.0,92.0,82.0,19.0,2.0,0.0,4.0,8.0,0.0,20.0,0.0,1.0,1.0,33.0,13.0,1.0,.232,.297,.402,.699,.254,20.50,417.0,26.0,19.0,2025
685133,Wade Meckler,108,Los Angeles Angels,,LF,2026,152.0,137.0,41.0,8.0,0.0,2.0,15.0,0.0,34.0,0.0,0.0,0.0,55.0,17.0,1.0,.299,.368,.401,.769,.386,68.50,533.0,32.0,30.0,,,,,,,,,,,,,,,,,,,,,,,,,2025
656464,Kevin Ginkel,109,Arizona Diamondbacks,,P,2026,,,,,,,,,,,,,,,,,,,,,,,,,,,,,,,,,,,,,,,,,,,,,,,,,2025
646240,Rafael Devers,137,San Francisco Giants,,1B,2026,438.0,393.0,96.0,26.0,1.0,21.0,41.0,4.0,122.0,1.0,3.0,0.0,187.0,56.0,9.0,.244,.315,.476,.791,.296,18.71,1780.0,83.0,95.0,729.0,607.0,153.0,33.0,0.0,35.0,112.0,10.0,192.0,6.0,4.0,0.0,291.0,109.0,16.0,.252,.372,.479,.851,.307,17.34,3060.0,139.0,127.0,2025
650333,Luis Arraez,137,San Francisco Giants,,2B,2026,429.0,386.0,125.0,22.0,7.0,4.0,25.0,4.0,18.0,3.0,9.0,6.0,173.0,37.0,6.0,.324,.362,.448,.810,.324,96.50,1587.0,113.0,145.0,675.0,620.0,181.0,30.0,4.0,8.0,34.0,0.0,21.0,2.0,7.0,12.0,243.0,61.0,12.0,.292,.327,.392,.719,.289,77.50,2467.0,215.0,222.0,2025
689254,Mason Fluharty,141,Toronto Blue Jays,,P,2026,,,,,,,,,,,,,,,,,,,,,,,,,,,,,,,,,,,,,,,,,,,,,,,,,2025
701538,Jackson Merrill,135,San Diego Padres,,CF,2026,425.0,392.0,87.0,15.0,1.0,14.0,29.0,2.0,105.0,1.0,0.0,3.0,146.0,45.0,6.0,.222,.277,.372,.649,.267,28.00,1696.0,89.0,114.0,483.0,440.0,116.0,25.0,6.0,16.0,33.0,1.0,108.0,4.0,5.0,1.0,201.0,67.0,4.0,.264,.317,.457,.774,.312,27.50,1703.0,88.0,134.0,2025
605288,Adrian Houser,137,San Francisco Giants,,P,2026,,,,,,,,,,,,,,,,,,,,,,,,,,,,,,,,,,,,,,,,,,,,,,,,,2025
656492,Foster Griffin,120,Washington Nationals,,P,2026,,,,,,,,,,,,,,,,,,,,,,,,,,,,,,,,,,,,,,,,,,,,,,,,,2025
689266,Dylan Dodd,144,Atlanta Braves,,P,2026,,,,,,,,,,,,,,,,,,,,,,,,,,,,,,,,,,,,,,,,,,,,,,,,,2025
805999,A.J. Ewing,121,New York Mets,,CF,2026,255.0,227.0,61.0,11.0,1.0,7.0,24.0,0.0,68.0,1.0,1.0,2.0,95.0,25.0,1.0,.269,.340,.419,.759,.353,32.43,1043.0,47.0,54.0,,,,,,,,,,,,,,,,,,,,,,,,,2025
687223,Carson Palmquist,120,Washington Nationals,,P,2026,,,,,,,,,,,,,,,,,,,,,,,,,,,,,,,,,,,,,,,,,,,,,,,,,2025
687221,Dalton Rushing,119,Los Angeles Dodgers,,C,2026,226.0,198.0,48.0,11.0,0.0,11.0,23.0,0.0,63.0,4.0,1.0,0.0,92.0,33.0,2.0,.242,.332,.465,.797,.296,18.00,860.0,36.0,52.0,155.0,142.0,29.0,5.0,0.0,4.0,10.0,0.0,58.0,1.0,2.0,0.0,46.0,24.0,1.0,.204,.258,.324,.582,.305,35.50,600.0,22.0,35.0,2025
664702,Myles Straw,141,Toronto Blue Jays,,RF,2026,181.0,162.0,35.0,6.0,0.0,3.0,14.0,0.0,24.0,0.0,3.0,2.0,50.0,16.0,2.0,.216,.274,.309,.583,.232,54.00,687.0,49.0,59.0,299.0,267.0,70.0,14.0,1.0,4.0,19.0,0.0,50.0,1.0,1.0,11.0,98.0,32.0,5.0,.262,.313,.367,.680,.308,66.75,1104.0,68.0,91.0,2025
668804,Bryan Reynolds,134,Pittsburgh Pirates,,LF,2026,453.0,379.0,103.0,24.0,2.0,14.0,64.0,2.0,109.0,8.0,2.0,0.0,173.0,59.0,4.0,.272,.386,.456,.842,.345,27.07,1793.0,93.0,76.0,654.0,587.0,144.0,38.0,3.0,16.0,57.0,1.0,173.0,7.0,3.0,0.0,236.0,73.0,15.0,.245,.318,.402,.720,.319,36.69,2631.0,155.0,118.0,2025
543877,Christian Vázquez,117,Houston Astros,,C,2026,205.0,186.0,40.0,7.0,0.0,5.0,14.0,1.0,37.0,0.0,1.0,4.0,62.0,23.0,2.0,.215,.269,.333,.602,.241,37.20,786.0,52.0,62.0,214.0,190.0,36.0,7.0,0.0,3.0,18.0,0.0,35.0,4.0,2.0,0.0,52.0,14.0,3.0,.189,.271,.274,.545,.214,63.33,833.0,48.0,73.0,2025
547973,Aroldis Chapman,111,Boston Red Sox,,P,2026,0.0,0.0,0.0,0.0,0.0,0.0,0.0,0.0,0.0,0.0,0.0,0.0,0.0,0.0,0.0,.000,.000,.000,.000,.---,-.--,0.0,0.0,0.0,0.0,0.0,0.0,0.0,0.0,0.0,0.0,0.0,0.0,0.0,0.0,0.0,0.0,0.0,0.0,.000,.000,.000,.000,.---,-.--,0.0,0.0,0.0,2025
687239,Ben Peoples,140,Texas Rangers,,P,2026,,,,,,,,,,,,,,,,,,,,,,,,,,,,,,,,,,,,,,,,,,,,,,,,,2025
683146,Brett Baty,121,New York Mets,,3B,2026,343.0,305.0,68.0,13.0,1.0,6.0,30.0,0.0,92.0,3.0,4.0,0.0,101.0,33.0,3.0,.223,.295,.331,.626,.294,50.83,1362.0,71.0,78.0,432.0,393.0,100.0,13.0,2.0,18.0,33.0,0.0,108.0,2.0,3.0,0.0,171.0,50.0,6.0,.254,.313,.435,.748,.304,21.83,1753.0,117.0,71.0,2025
656529,Sam Hentges,137,San Francisco Giants,,P,2026,0.0,0.0,0.0,0.0,0.0,0.0,0.0,0.0,0.0,0.0,0.0,0.0,0.0,0.0,0.0,.000,.000,.000,.000,.---,-.--,0.0,0.0,0.0,,,,,,,,,,,,,,,,,,,,,,,,,2025
689296,Anthony Nunez,110,Baltimore Orioles,,P,2026,,,,,,,,,,,,,,,,,,,,,,,,,,,,,,,,,,,,,,,,,,,,,,,,,2025
668820,Max Kranick,120,Washington Nationals,,P,2026,,,,,,,,,,,,,,,,,,,,,,,,,,,,,,,,,,,,,,,,,,,,,,,,,2025
642201,Eli White,144,Atlanta Braves,,RF,2026,137.0,126.0,27.0,5.0,1.0,5.0,9.0,0.0,31.0,1.0,1.0,0.0,49.0,17.0,2.0,.214,.270,.389,.659,.242,25.20,534.0,44.0,25.0,271.0,256.0,60.0,8.0,3.0,10.0,11.0,1.0,70.0,2.0,1.0,1.0,104.0,35.0,2.0,.234,.270,.406,.676,.282,25.60,1001.0,61.0,67.0,2025
687263,Zach Neto,108,Los Angeles Angels,,SS,2026,453.0,399.0,95.0,21.0,3.0,19.0,46.0,1.0,143.0,7.0,1.0,0.0,179.0,46.0,3.0,.238,.327,.449,.776,.319,21.00,1806.0,59.0,103.0,554.0,502.0,129.0,29.0,1.0,26.0,33.0,6.0,149.0,14.0,3.0,2.0,238.0,62.0,5.0,.257,.319,.474,.793,.312,19.31,2171.0,96.0,133.0,2025
677020,Josh Walker,110,Baltimore Orioles,,P,2026,,,,,,,,,,,,,,,,,,,,,,,,,,,,,,,,,,,,,,,,,,,,,,,,,2025
642207,Devin Williams,121,New York Mets,,P,2026,0.0,0.0,0.0,0.0,0.0,0.0,0.0,0.0,0.0,0.0,0.0,0.0,0.0,0.0,0.0,.000,.000,.000,.000,.---,-.--,0.0,0.0,0.0,,,,,,,,,,,,,,,,,,,,,,,,,2025
650402,Gleyber Torres,116,Detroit Tigers,,2B,2026,207.0,170.0,48.0,6.0,0.0,4.0,33.0,1.0,39.0,2.0,2.0,0.0,66.0,18.0,2.0,.282,.401,.388,.789,.341,42.50,886.0,47.0,38.0,628.0,532.0,136.0,22.0,0.0,16.0,85.0,0.0,101.0,4.0,7.0,0.0,206.0,74.0,11.0,.256,.358,.387,.745,.284,33.25,2652.0,130.0,172.0,2025
656546,Jeff Hoffman,141,Toronto Blue Jays,,P,2026,,,,,,,,,,,,,,,,,,,,,,,,,0.0,0.0,0.0,0.0,0.0,0.0,0.0,0.0,0.0,0.0,0.0,0.0,0.0,0.0,0.0,.000,.000,.000,.000,.---,-.--,0.0,0.0,0.0,2025
656550,Grant Holmes,144,Atlanta Braves,,P,2026,,,,,,,,,,,,,,,,,,,,,,,,,,,,,,,,,,,,,,,,,,,,,,,,,2025
642215,Weston Wilson,136,Seattle Mariners,,3B,2026,77.0,69.0,16.0,2.0,0.0,3.0,7.0,0.0,22.0,1.0,0.0,0.0,27.0,10.0,0.0,.232,.312,.391,.703,.295,23.00,328.0,12.0,19.0,125.0,111.0,22.0,4.0,0.0,5.0,12.0,0.0,34.0,1.0,0.0,1.0,41.0,17.0,1.0,.198,.282,.369,.651,.236,22.20,536.0,30.0,26.0,2025
656555,Rhys Hoskins,114,Cleveland Guardians,,1B,2026,285.0,235.0,41.0,13.0,0.0,11.0,43.0,0.0,92.0,3.0,4.0,0.0,87.0,33.0,4.0,.174,.305,.370,.675,.221,21.36,1210.0,32.0,74.0,328.0,279.0,66.0,12.0,1.0,12.0,38.0,2.0,91.0,5.0,6.0,0.0,116.0,43.0,6.0,.237,.332,.416,.748,.297,23.25,1429.0,41.0,87.0,2025
806068,Colt Emerson,136,Seattle Mariners,,SS,2026,186.0,167.0,33.0,6.0,1.0,7.0,14.0,0.0,62.0,2.0,2.0,1.0,62.0,21.0,2.0,.198,.265,.371,.636,.260,23.86,758.0,41.0,34.0,,,,,,,,,,,,,,,,,,,,,,,,,2025
828599,Lucas Spence,117,Houston Astros,,CF,2026,27.0,24.0,5.0,1.0,0.0,0.0,2.0,0.0,9.0,1.0,0.0,0.0,6.0,1.0,0.0,.208,.296,.250,.546,.333,-.--,107.0,6.0,4.0,,,,,,,,,,,,,,,,,,,,,,,,,2025
693433,Bryan Woo,136,Seattle Mariners,,P,2026,,,,,,,,,,,,,,,,,,,,,,,,,,,,,,,,,,,,,,,,,,,,,,,,,2025
672960,Kazuma Okamoto,141,Toronto Blue Jays,,3B,2026,412.0,366.0,83.0,13.0,0.0,23.0,38.0,0.0,128.0,6.0,2.0,0.0,165.0,65.0,8.0,.227,.308,.451,.759,.276,15.91,1731.0,67.0,90.0,,,,,,,,,,,,,,,,,,,,,,,,,2025
664770,Nathan Lukes,141,Toronto Blue Jays,,RF,2026,241.0,219.0,63.0,9.0,0.0,5.0,13.0,0.0,35.0,5.0,1.0,3.0,87.0,18.0,7.0,.288,.340,.397,.737,.322,43.80,970.0,71.0,54.0,438.0,388.0,99.0,19.0,2.0,12.0,38.0,2.0,60.0,2.0,3.0,7.0,158.0,65.0,12.0,.255,.323,.407,.730,.273,32.33,1662.0,125.0,114.0,2025
695490,Edwin Arroyo,113,Cincinnati Reds,,2B,2026,128.0,118.0,30.0,3.0,1.0,0.0,5.0,0.0,26.0,3.0,1.0,1.0,35.0,4.0,0.0,.254,.299,.297,.596,.323,-.--,448.0,30.0,34.0,,,,,,,,,,,,,,,,,,,,,,,,,2025
664774,LaMonte Wade Jr.,117,Houston Astros,,LF,2026,60.0,50.0,9.0,2.0,0.0,2.0,10.0,0.0,13.0,0.0,0.0,0.0,17.0,10.0,0.0,.180,.317,.340,.657,.200,25.00,265.0,11.0,17.0,242.0,209.0,35.0,8.0,2.0,2.0,27.0,1.0,58.0,3.0,1.0,2.0,53.0,18.0,2.0,.167,.271,.254,.525,.220,104.50,1039.0,38.0,81.0,2025
668873,Caleb Kilian,137,San Francisco Giants,,P,2026,,,,,,,,,,,,,,,,,,,,,,,,,,,,,,,,,,,,,,,,,,,,,,,,,2025
691406,Junior Caminero,139,Tampa Bay Rays,,3B,2026,452.0,392.0,112.0,16.0,0.0,29.0,57.0,8.0,83.0,1.0,2.0,0.0,215.0,62.0,18.0,.286,.376,.548,.924,.294,13.52,1757.0,121.0,78.0,653.0,602.0,159.0,28.0,0.0,45.0,41.0,1.0,125.0,3.0,7.0,0.0,322.0,110.0,31.0,.264,.311,.535,.846,.260,13.38,2494.0,169.0,156.0,2025
701649,James Triantos,112,Chicago Cubs,,2B,2026,,,,,,,,,,,,,,,,,,,,,,,,,,,,,,,,,,,,,,,,,,,,,,,,,2025
660688,Keibert Ruiz,120,Washington Nationals,,C,2026,226.0,213.0,58.0,19.0,0.0,7.0,8.0,0.0,27.0,2.0,3.0,0.0,98.0,35.0,5.0,.272,.301,.460,.761,.280,30.43,736.0,58.0,73.0,267.0,255.0,63.0,12.0,0.0,2.0,8.0,0.0,26.0,3.0,1.0,0.0,81.0,25.0,4.0,.247,.277,.318,.595,.268,127.50,888.0,93.0,74.0,2025
695506,Jac Caglianone,118,Kansas City Royals,,RF,2026,368.0,338.0,87.0,17.0,2.0,16.0,25.0,0.0,105.0,4.0,1.0,0.0,156.0,37.0,4.0,.257,.315,.462,.777,.326,21.12,1362.0,82.0,65.0,232.0,210.0,33.0,6.0,1.0,7.0,18.0,0.0,52.0,4.0,0.0,0.0,62.0,18.0,4.0,.157,.237,.295,.532,.172,30.00,858.0,67.0,58.0,2025
687312,Gabriel Hughes,115,Colorado Rockies,,P,2026,,,,,,,,,,,,,,,,,,,,,,,,,,,,,,,,,,,,,,,,,,,,,,,,,2025
668881,Hunter Greene,113,Cincinnati Reds,,P,2026,,,,,,,,,,,,,,,,,,,,,,,,,,,,,,,,,,,,,,,,,,,,,,,,,2025
695505,Chase Burns,113,Cincinnati Reds,,P,2026,,,,,,,,,,,,,,,,,,,,,,,,,,,,,,,,,,,,,,,,,,,,,,,,,2025
695508,Cam Cauley,140,Texas Rangers,,CF,2026,40.0,35.0,9.0,2.0,1.0,1.0,4.0,0.0,7.0,1.0,0.0,0.0,16.0,1.0,1.0,.257,.350,.457,.807,.296,35.00,136.0,8.0,11.0,,,,,,,,,,,,,,,,,,,,,,,,,2025
701656,Logan Henderson,158,Milwaukee Brewers,,P,2026,,,,,,,,,,,,,,,,,,,,,,,,,,,,,,,,,,,,,,,,,,,,,,,,,2025
656605,Mitch Keller,134,Pittsburgh Pirates,,P,2026,,,,,,,,,,,,,,,,,,,,,,,,,,,,,,,,,,,,,,,,,,,,,,,,,2025
687330,Kevin Kelly,139,Tampa Bay Rays,,P,2026,,,,,,,,,,,,,,,,,,,,,,,,,0.0,0.0,0.0,0.0,0.0,0.0,0.0,0.0,0.0,0.0,0.0,0.0,0.0,0.0,0.0,.000,.000,.000,.000,.---,-.--,0.0,0.0,0.0,2025
660710,Rodolfo Durán,135,San Diego Padres,,C,2026,91.0,82.0,12.0,4.0,0.0,3.0,7.0,0.0,24.0,1.0,0.0,1.0,25.0,8.0,3.0,.146,.222,.305,.527,.164,27.33,353.0,24.0,23.0,,,,,,,,,,,,,,,,,,,,,,,,,2025
681190,Randy Vásquez,135,San Diego Padres,,P,2026,1.0,1.0,0.0,0.0,0.0,0.0,0.0,0.0,0.0,0.0,0.0,0.0,0.0,0.0,0.0,.000,.000,.000,.000,.000,-.--,1.0,1.0,0.0,,,,,,,,,,,,,,,,,,,,,,,,,2025
670950,Trevor Richards,145,Chicago White Sox,,P,2026,0.0,0.0,0.0,0.0,0.0,0.0,0.0,0.0,0.0,0.0,0.0,0.0,0.0,0.0,0.0,.000,.000,.000,.000,.---,-.--,0.0,0.0,0.0,0.0,0.0,0.0,0.0,0.0,0.0,0.0,0.0,0.0,0.0,0.0,0.0,0.0,0.0,0.0,.000,.000,.000,.000,.---,-.--,0.0,0.0,0.0,2025
699625,Jimmy Crooks,138,St. Louis Cardinals,,C,2026,86.0,76.0,14.0,3.0,0.0,3.0,7.0,0.0,27.0,3.0,0.0,0.0,26.0,9.0,1.0,.184,.279,.342,.621,.239,25.33,329.0,15.0,20.0,46.0,45.0,6.0,0.0,1.0,1.0,0.0,0.0,17.0,1.0,0.0,0.0,11.0,1.0,1.0,.133,.152,.244,.396,.185,45.00,199.0,8.0,14.0,2025
668909,Gavin Williams,114,Cleveland Guardians,,P,2026,,,,,,,,,,,,,,,,,,,,,,,,,,,,,,,,,,,,,,,,,,,,,,,,,2025
701675,Nathan Church,138,St. Louis Cardinals,,CF,2026,277.0,259.0,59.0,9.0,1.0,8.0,14.0,0.0,57.0,2.0,2.0,0.0,94.0,29.0,4.0,.228,.271,.363,.634,.260,32.38,1063.0,74.0,71.0,65.0,56.0,10.0,1.0,0.0,1.0,3.0,0.0,18.0,3.0,1.0,2.0,14.0,8.0,0.0,.179,.254,.250,.504,.237,56.00,257.0,20.0,11.0,2025
701678,Hao-Yu Lee,116,Detroit Tigers,,3B,2026,181.0,172.0,46.0,8.0,1.0,5.0,8.0,0.0,45.0,0.0,0.0,1.0,71.0,21.0,1.0,.267,.300,.413,.713,.336,34.40,634.0,32.0,50.0,,,,,,,,,,,,,,,,,,,,,,,,,2025
681198,TJ Rumfield,115,Colorado Rockies,,1B,2026,411.0,359.0,108.0,22.0,2.0,13.0,43.0,0.0,58.0,7.0,2.0,0.0,173.0,53.0,2.0,.301,.384,.482,.866,.328,27.62,1525.0,94.0,101.0,,,,,,,,,,,,,,,,,,,,,,,,,2025
695534,Chase Petty,113,Cincinnati Reds,,P,2026,,,,,,,,,,,,,,,,,,,,,,,,,,,,,,,,,,,,,,,,,,,,,,,,,2025
703725,Luis Gastelum,138,St. Louis Cardinals,,P,2026,,,,,,,,,,,,,,,,,,,,,,,,,,,,,,,,,,,,,,,,,,,,,,,,,2025
685299,Tanner Gordon,115,Colorado Rockies,,P,2026,,,,,,,,,,,,,,,,,,,,,,,,,,,,,,,,,,,,,,,,,,,,,,,,,2025
650489,Willi Castro,115,Colorado Rockies,,2B,2026,349.0,316.0,82.0,15.0,0.0,9.0,28.0,0.0,95.0,4.0,1.0,0.0,124.0,43.0,3.0,.259,.327,.392,.719,.343,35.11,1386.0,56.0,84.0,454.0,402.0,91.0,17.0,3.0,11.0,40.0,1.0,111.0,11.0,0.0,1.0,147.0,33.0,12.0,.226,.313,.366,.679,.286,36.54,1735.0,93.0,108.0,2025
670970,Adrian Morejon,135,San Diego Padres,,P,2026,,,,,,,,,,,,,,,,,,,,,,,,,,,,,,,,,,,,,,,,,,,,,,,,,2025
650490,Yandy Díaz,139,Tampa Bay Rays,,DH,2026,437.0,385.0,117.0,17.0,1.0,14.0,40.0,4.0,61.0,9.0,3.0,0.0,178.0,61.0,12.0,.304,.380,.462,.842,.329,27.50,1625.0,118.0,92.0,651.0,583.0,175.0,29.0,1.0,25.0,57.0,4.0,92.0,6.0,5.0,0.0,281.0,83.0,12.0,.300,.366,.482,.848,.318,23.32,2525.0,193.0,128.0,2025
656638,Alex Lange,118,Kansas City Royals,,P,2026,0.0,0.0,0.0,0.0,0.0,0.0,0.0,0.0,0.0,0.0,0.0,0.0,0.0,0.0,0.0,.000,.000,.000,.000,.---,-.--,0.0,0.0,0.0,,,,,,,,,,,,,,,,,,,,,,,,,2025
681217,Chase Silseth,108,Los Angeles Angels,,P,2026,,,,,,,,,,,,,,,,,,,,,,,,,,,,,,,,,,,,,,,,,,,,,,,,,2025
668930,Brice Turang,158,Milwaukee Brewers,,2B,2026,441.0,378.0,100.0,24.0,3.0,15.0,58.0,3.0,108.0,0.0,2.0,3.0,175.0,62.0,7.0,.265,.361,.463,.824,.331,25.20,1868.0,98.0,77.0,659.0,584.0,168.0,28.0,2.0,18.0,66.0,1.0,150.0,2.0,5.0,2.0,254.0,81.0,3.0,.288,.359,.435,.794,.356,32.44,2772.0,132.0,141.0,2025
691458,Blaze Jordan,138,St. Louis Cardinals,,3B,2026,105.0,98.0,24.0,5.0,2.0,1.0,3.0,0.0,15.0,0.0,4.0,0.0,36.0,20.0,2.0,.245,.257,.367,.624,.267,98.00,376.0,31.0,32.0,,,,,,,,,,,,,,,,,,,,,,,,,2025
656641,Jacob Latz,140,Texas Rangers,,P,2026,0.0,0.0,0.0,0.0,0.0,0.0,0.0,0.0,0.0,0.0,0.0,0.0,0.0,0.0,0.0,.000,.000,.000,.000,.---,-.--,0.0,0.0,0.0,,,,,,,,,,,,,,,,,,,,,,,,,2025
605447,Jordan Romano,115,Colorado Rockies,,P,2026,,,,,,,,,,,,,,,,,,,,,,,,,,,,,,,,,,,,,,,,,,,,,,,,,2025
689414,Liam Hicks,146,Miami Marlins,,C,2026,371.0,322.0,91.0,9.0,1.0,14.0,35.0,1.0,36.0,7.0,6.0,1.0,144.0,60.0,4.0,.283,.359,.447,.806,.277,23.00,1344.0,96.0,106.0,390.0,332.0,82.0,13.0,1.0,6.0,43.0,0.0,56.0,9.0,3.0,3.0,115.0,45.0,5.0,.247,.346,.346,.692,.278,55.33,1537.0,101.0,99.0,2025
668942,Josh Rojas,118,Kansas City Royals,,3B,2026,50.0,49.0,13.0,3.0,0.0,1.0,1.0,0.0,9.0,0.0,0.0,0.0,19.0,6.0,0.0,.265,.280,.388,.668,.308,49.00,172.0,13.0,14.0,211.0,189.0,34.0,9.0,0.0,2.0,19.0,0.0,48.0,0.0,2.0,1.0,49.0,11.0,6.0,.180,.252,.259,.511,.227,94.50,797.0,51.0,59.0,2025
670990,Yohan Ramírez,134,Pittsburgh Pirates,,P,2026,,,,,,,,,,,,,,,,,,,,,,,,,,,,,,,,,,,,,,,,,,,,,,,,,2025
664849,Danny Young,144,Atlanta Braves,,P,2026,,,,,,,,,,,,,,,,,,,,,,,,,,,,,,,,,,,,,,,,,,,,,,,,,2025
687377,Orlando Ribalta,120,Washington Nationals,,P,2026,0.0,0.0,0.0,0.0,0.0,0.0,0.0,0.0,0.0,0.0,0.0,0.0,0.0,0.0,0.0,.000,.000,.000,.000,.---,-.--,0.0,0.0,0.0,,,,,,,,,,,,,,,,,,,,,,,,,2025
615698,Cal Quantrill,140,Texas Rangers,,P,2026,,,,,,,,,,,,,,,,,,,,,,,,,,,,,,,,,,,,,,,,,,,,,,,,,2025
695578,James Wood,120,Washington Nationals,,RF,2026,488.0,400.0,108.0,25.0,1.0,28.0,81.0,8.0,143.0,4.0,3.0,0.0,219.0,69.0,4.0,.270,.395,.548,.943,.345,14.29,2053.0,78.0,74.0,689.0,598.0,153.0,38.0,0.0,31.0,85.0,8.0,221.0,3.0,3.0,0.0,284.0,94.0,12.0,.256,.350,.475,.825,.350,19.29,2887.0,143.0,84.0,2025
668970,Gavin Hollowell,112,Chicago Cubs,,P,2026,,,,,,,,,,,,,,,,,,,,,,,,,,,,,,,,,,,,,,,,,,,,,,,,,2025
687401,Joey Ortiz,158,Milwaukee Brewers,,SS,2026,266.0,234.0,55.0,9.0,1.0,5.0,25.0,0.0,48.0,0.0,3.0,4.0,81.0,28.0,6.0,.235,.305,.346,.651,.272,46.80,1029.0,71.0,67.0,506.0,470.0,108.0,18.0,1.0,7.0,27.0,0.0,74.0,3.0,0.0,6.0,149.0,45.0,10.0,.230,.276,.317,.593,.260,67.14,1873.0,132.0,162.0,2025
806188,Cade Gibson,146,Miami Marlins,,P,2026,0.0,0.0,0.0,0.0,0.0,0.0,0.0,0.0,0.0,0.0,0.0,0.0,0.0,0.0,0.0,.000,.000,.000,.000,.---,-.--,0.0,0.0,0.0,,,,,,,,,,,,,,,,,,,,,,,,,2025
642350,Jose Siri,108,Los Angeles Angels,,CF,2026,104.0,93.0,25.0,4.0,0.0,5.0,6.0,0.0,29.0,2.0,1.0,2.0,44.0,18.0,3.0,.269,.324,.473,.797,.333,18.60,393.0,20.0,22.0,36.0,32.0,2.0,2.0,0.0,0.0,4.0,0.0,17.0,0.0,0.0,0.0,4.0,1.0,0.0,.063,.167,.125,.292,.133,-.--,162.0,3.0,10.0,2025
695600,Carter Jensen,118,Kansas City Royals,,C,2026,382.0,341.0,81.0,23.0,0.0,14.0,35.0,1.0,110.0,1.0,5.0,0.0,146.0,52.0,3.0,.238,.306,.428,.734,.302,24.36,1557.0,50.0,105.0,69.0,60.0,18.0,6.0,0.0,3.0,9.0,0.0,12.0,0.0,0.0,0.0,33.0,13.0,1.0,.300,.391,.550,.941,.333,20.00,293.0,17.0,13.0,2025
800048,Parker Messick,114,Cleveland Guardians,,P,2026,,,,,,,,,,,,,,,,,,,,,,,,,,,,,,,,,,,,,,,,,,,,,,,,,2025
800050,Chase DeLauter,114,Cleveland Guardians,,RF,2026,368.0,331.0,94.0,20.0,1.0,11.0,35.0,0.0,50.0,0.0,2.0,0.0,149.0,50.0,8.0,.284,.351,.450,.801,.305,30.09,1409.0,83.0,106.0,,,,,,,,,,,,,,,,,,,,,,,,,2025
607536,Kyle Freeland,115,Colorado Rockies,,P,2026,0.0,0.0,0.0,0.0,0.0,0.0,0.0,0.0,0.0,0.0,0.0,0.0,0.0,0.0,0.0,.000,.000,.000,.000,.---,-.--,0.0,0.0,0.0,,,,,,,,,,,,,,,,,,,,,,,,,2025
668984,Casey Legumina,139,Tampa Bay Rays,,P,2026,,,,,,,,,,,,,,,,,,,,,,,,,0.0,0.0,0.0,0.0,0.0,0.0,0.0,0.0,0.0,0.0,0.0,0.0,0.0,0.0,0.0,.000,.000,.000,.000,.---,-.--,0.0,0.0,0.0,2025
806198,Cooper Pratt,158,Milwaukee Brewers,,SS,2026,108.0,93.0,24.0,3.0,1.0,1.0,12.0,0.0,20.0,1.0,2.0,0.0,32.0,8.0,4.0,.258,.343,.344,.687,.311,93.00,423.0,28.0,23.0,,,,,,,,,,,,,,,,,,,,,,,,,2025
650556,Bryan Abreu,117,Houston Astros,,P,2026,,,,,,,,,,,,,,,,,,,,,,,,,0.0,0.0,0.0,0.0,0.0,0.0,0.0,0.0,0.0,0.0,0.0,0.0,0.0,0.0,0.0,.000,.000,.000,.000,.---,-.--,0.0,0.0,0.0,2025
669003,Garrett Mitchell,158,Milwaukee Brewers,,CF,2026,338.0,295.0,81.0,22.0,3.0,8.0,39.0,1.0,109.0,2.0,1.0,1.0,133.0,48.0,2.0,.275,.362,.451,.813,.408,36.88,1375.0,65.0,42.0,78.0,68.0,14.0,4.0,1.0,0.0,7.0,0.0,25.0,1.0,1.0,1.0,20.0,3.0,0.0,.206,.286,.294,.580,.318,-.--,303.0,17.0,14.0,2025
681293,Spencer Arrighetti,117,Houston Astros,,P,2026,,,,,,,,,,,,,,,,,,,,,,,,,,,,,,,,,,,,,,,,,,,,,,,,,2025
656716,Zach McKinstry,116,Detroit Tigers,,RF,2026,272.0,241.0,48.0,8.0,2.0,4.0,26.0,1.0,46.0,0.0,2.0,3.0,72.0,20.0,4.0,.199,.275,.299,.574,.228,60.25,1033.0,69.0,83.0,511.0,452.0,117.0,23.0,11.0,12.0,46.0,1.0,111.0,7.0,5.0,1.0,198.0,49.0,6.0,.259,.333,.438,.771,.314,37.67,2035.0,116.0,114.0,2025
671056,Iván Herrera,138,St. Louis Cardinals,,DH,2026,455.0,376.0,90.0,14.0,1.0,11.0,51.0,4.0,78.0,25.0,3.0,0.0,139.0,41.0,14.0,.239,.365,.370,.735,.272,34.18,1796.0,116.0,95.0,452.0,388.0,110.0,13.0,0.0,19.0,43.0,1.0,84.0,15.0,4.0,0.0,180.0,66.0,20.0,.284,.373,.464,.837,.315,20.42,1809.0,115.0,83.0,2025
644433,Chadwick Tromp,110,Baltimore Orioles,,C,2026,38.0,36.0,8.0,1.0,0.0,0.0,0.0,0.0,9.0,0.0,1.0,1.0,9.0,4.0,1.0,.222,.216,.250,.466,.286,-.--,140.0,9.0,12.0,22.0,21.0,3.0,1.0,0.0,1.0,1.0,0.0,6.0,0.0,0.0,0.0,7.0,1.0,1.0,.143,.182,.333,.515,.143,21.00,69.0,5.0,7.0,2025
630105,Jake Cronenworth,135,San Diego Padres,,2B,2026,192.0,167.0,34.0,5.0,0.0,3.0,20.0,0.0,42.0,4.0,0.0,1.0,48.0,12.0,2.0,.204,.304,.287,.591,.254,55.67,777.0,53.0,39.0,515.0,419.0,103.0,20.0,1.0,11.0,69.0,1.0,107.0,15.0,7.0,4.0,158.0,59.0,4.0,.246,.367,.377,.744,.299,38.09,2184.0,101.0,119.0,2025
683352,Mitch Bratt,109,Arizona Diamondbacks,,P,2026,,,,,,,,,,,,,,,,,,,,,,,,,,,,,,,,,,,,,,,,,,,,,,,,,2025
681297,Colton Cowser,110,Baltimore Orioles,,CF,2026,251.0,214.0,44.0,3.0,0.0,8.0,33.0,0.0,74.0,1.0,2.0,1.0,71.0,27.0,2.0,.206,.312,.332,.644,.269,26.75,1070.0,45.0,54.0,360.0,327.0,64.0,14.0,0.0,16.0,27.0,1.0,128.0,6.0,0.0,0.0,126.0,40.0,5.0,.196,.269,.385,.654,.262,20.44,1486.0,71.0,64.0,2025
656730,Trevor Megill,158,Milwaukee Brewers,,P,2026,0.0,0.0,0.0,0.0,0.0,0.0,0.0,0.0,0.0,0.0,0.0,0.0,0.0,0.0,0.0,.000,.000,.000,.000,.---,-.--,0.0,0.0,0.0,,,,,,,,,,,,,,,,,,,,,,,,,2025
642397,Gregory Soto,134,Pittsburgh Pirates,,P,2026,,,,,,,,,,,,,,,,,,,,,,,,,,,,,,,,,,,,,,,,,,,,,,,,,2025
669020,Ryan Rolison,112,Chicago Cubs,,P,2026,0.0,0.0,0.0,0.0,0.0,0.0,0.0,0.0,0.0,0.0,0.0,0.0,0.0,0.0,0.0,.000,.000,.000,.000,.---,-.--,0.0,0.0,0.0,,,,,,,,,,,,,,,,,,,,,,,,,2025
802139,JJ Wetherholt,138,St. Louis Cardinals,,2B,2026,444.0,384.0,99.0,10.0,0.0,15.0,44.0,2.0,70.0,14.0,2.0,0.0,154.0,40.0,2.0,.258,.354,.401,.755,.279,25.60,1724.0,105.0,112.0,,,,,,,,,,,,,,,,,,,,,,,,,2025
666974,Yennier Cano,110,Baltimore Orioles,,P,2026,,,,,,,,,,,,,,,,,,,,,,,,,0.0,0.0,0.0,0.0,0.0,0.0,0.0,0.0,0.0,0.0,0.0,0.0,0.0,0.0,0.0,.000,.000,.000,.000,.---,-.--,0.0,0.0,0.0,2025
814439,Ryan Waldschmidt,109,Arizona Diamondbacks,,CF,2026,147.0,134.0,34.0,10.0,1.0,1.0,9.0,0.0,51.0,1.0,2.0,0.0,49.0,12.0,0.0,.254,.301,.366,.667,.393,134.00,559.0,19.0,32.0,,,,,,,,,,,,,,,,,,,,,,,,,2025
660825,Eduard Bazardo,136,Seattle Mariners,,P,2026,,,,,,,,,,,,,,,,,,,,,,,,,,,,,,,,,,,,,,,,,,,,,,,,,2025
669022,MacKenzie Gore,140,Texas Rangers,,P,2026,,,,,,,,,,,,,,,,,,,,,,,,,,,,,,,,,,,,,,,,,,,,,,,,,2025
695657,Colson Montgomery,145,Chicago White Sox,,SS,2026,407.0,363.0,79.0,17.0,0.0,24.0,34.0,3.0,130.0,9.0,1.0,0.0,168.0,58.0,4.0,.218,.300,.463,.763,.262,15.12,1521.0,56.0,99.0,284.0,255.0,61.0,9.0,1.0,21.0,25.0,1.0,83.0,2.0,1.0,0.0,135.0,55.0,3.0,.239,.311,.529,.840,.263,12.14,1082.0,50.0,62.0,2025
687473,Ryan Gusto,146,Miami Marlins,,P,2026,,,,,,,,,,,,,,,,,,,,,,,,,,,,,,,,,,,,,,,,,,,,,,,,,2025
701807,Carson Benge,121,New York Mets,,RF,2026,412.0,377.0,98.0,13.0,2.0,11.0,30.0,0.0,91.0,4.0,1.0,0.0,148.0,40.0,4.0,.260,.320,.393,.713,.315,34.27,1676.0,95.0,94.0,,,,,,,,,,,,,,,,,,,,,,,,,2025
671083,Buddy Kennedy,136,Seattle Mariners,,1B,2026,19.0,17.0,1.0,1.0,0.0,0.0,2.0,0.0,7.0,0.0,0.0,0.0,2.0,0.0,0.0,.059,.158,.118,.276,.100,-.--,93.0,3.0,6.0,32.0,29.0,2.0,1.0,0.0,0.0,2.0,0.0,8.0,1.0,0.0,0.0,3.0,1.0,0.0,.069,.156,.103,.259,.095,-.--,127.0,7.0,12.0,2025
660853,Enyel De Los Santos,117,Houston Astros,,P,2026,,,,,,,,,,,,,,,,,,,,,,,,,0.0,0.0,0.0,0.0,0.0,0.0,0.0,0.0,0.0,0.0,0.0,0.0,0.0,0.0,0.0,.000,.000,.000,.000,.---,-.--,0.0,0.0,0.0,2025
671096,Andrew Abbott,113,Cincinnati Reds,,P,2026,,,,,,,,,,,,,,,,,,,,,,,,,,,,,,,,,,,,,,,,,,,,,,,,,2025
664954,Brett Sullivan,115,Colorado Rockies,,C,2026,142.0,131.0,29.0,8.0,1.0,4.0,7.0,0.0,25.0,1.0,2.0,1.0,51.0,15.0,3.0,.221,.262,.389,.651,.240,32.75,503.0,30.0,50.0,9.0,6.0,1.0,0.0,0.0,0.0,1.0,0.0,3.0,1.0,1.0,0.0,1.0,2.0,0.0,.167,.333,.167,.500,.250,-.--,36.0,0.0,3.0,2025
695670,Harry Ford,120,Washington Nationals,,C,2026,16.0,14.0,4.0,1.0,0.0,1.0,1.0,0.0,6.0,1.0,0.0,0.0,8.0,4.0,0.0,.286,.375,.571,.946,.429,14.00,63.0,2.0,2.0,8.0,6.0,1.0,0.0,0.0,0.0,0.0,0.0,3.0,1.0,1.0,0.0,1.0,1.0,0.0,.167,.250,.167,.417,.250,-.--,29.0,1.0,2.0,2025
691587,Eury Pérez,146,Miami Marlins,,P,2026,,,,,,,,,,,,,,,,,,,,,,,,,,,,,,,,,,,,,,,,,,,,,,,,,2025
669062,Erik Miller,137,San Francisco Giants,,P,2026,,,,,,,,,,,,,,,,,,,,,,,,,,,,,,,,,,,,,,,,,,,,,,,,,2025
681351,Logan O'Hoppe,108,Los Angeles Angels,,C,2026,245.0,223.0,47.0,8.0,0.0,4.0,17.0,0.0,60.0,3.0,1.0,1.0,67.0,23.0,6.0,.211,.275,.300,.575,.269,55.75,878.0,42.0,76.0,451.0,423.0,90.0,8.0,1.0,19.0,24.0,0.0,139.0,2.0,1.0,1.0,157.0,43.0,12.0,.213,.258,.371,.629,.267,22.26,1758.0,89.0,107.0,2025
669060,Bryse Wilson,158,Milwaukee Brewers,,P,2026,,,,,,,,,,,,,,,,,,,,,,,,,0.0,0.0,0.0,0.0,0.0,0.0,0.0,0.0,0.0,0.0,0.0,0.0,0.0,0.0,0.0,.000,.000,.000,.000,.---,-.--,0.0,0.0,0.0,2025
656775,Cedric Mullins,139,Tampa Bay Rays,,CF,2026,347.0,304.0,62.0,6.0,2.0,12.0,29.0,0.0,72.0,6.0,2.0,4.0,108.0,31.0,3.0,.204,.284,.355,.639,.225,25.33,1357.0,46.0,130.0,498.0,435.0,94.0,23.0,1.0,17.0,50.0,0.0,120.0,4.0,6.0,3.0,170.0,59.0,2.0,.216,.299,.391,.690,.253,25.59,2112.0,79.0,151.0,2025
650633,Michael King,135,San Diego Padres,,P,2026,,,,,,,,,,,,,,,,,,,,,,,,,,,,,,,,,,,,,,,,,,,,,,,,,2025
607625,Seth Lugo,118,Kansas City Royals,,P,2026,,,,,,,,,,,,,,,,,,,,,,,,,,,,,,,,,,,,,,,,,,,,,,,,,2025
691594,Javier Sanoja,146,Miami Marlins,,3B,2026,271.0,255.0,69.0,20.0,2.0,3.0,14.0,0.0,22.0,0.0,1.0,1.0,102.0,35.0,3.0,.271,.307,.400,.707,.286,85.00,901.0,75.0,91.0,342.0,313.0,76.0,22.0,4.0,6.0,19.0,0.0,41.0,2.0,4.0,4.0,124.0,38.0,2.0,.243,.287,.396,.683,.259,52.17,1218.0,97.0,107.0,2025
689546,Nick Davila,136,Seattle Mariners,,P,2026,,,,,,,,,,,,,,,,,,,,,,,,,,,,,,,,,,,,,,,,,,,,,,,,,2025
669065,Kyle Stowers,146,Miami Marlins,,LF,2026,336.0,297.0,68.0,17.0,3.0,12.0,30.0,2.0,110.0,6.0,2.0,1.0,127.0,43.0,8.0,.229,.310,.428,.738,.316,24.75,1266.0,51.0,71.0,457.0,399.0,115.0,21.0,3.0,25.0,48.0,3.0,125.0,5.0,4.0,1.0,217.0,73.0,6.0,.288,.368,.544,.912,.356,15.96,1712.0,79.0,85.0,2025
595345,Steven Okert,117,Houston Astros,,P,2026,,,,,,,,,,,,,,,,,,,,,,,,,,,,,,,,,,,,,,,,,,,,,,,,,2025
650644,Aaron Civale,112,Chicago Cubs,,P,2026,,,,,,,,,,,,,,,,,,,,,,,,,,,,,,,,,,,,,,,,,,,,,,,,,2025
544150,Albert Suárez,110,Baltimore Orioles,,P,2026,,,,,,,,,,,,,,,,,,,,,,,,,,,,,,,,,,,,,,,,,,,,,,,,,2025
664983,Jake McCarthy,115,Colorado Rockies,,CF,2026,339.0,310.0,94.0,21.0,7.0,10.0,18.0,0.0,61.0,4.0,3.0,4.0,159.0,56.0,4.0,.303,.346,.513,.859,.347,31.00,1126.0,83.0,79.0,222.0,206.0,42.0,7.0,5.0,4.0,10.0,0.0,40.0,2.0,1.0,3.0,71.0,20.0,2.0,.204,.247,.345,.592,.233,51.50,846.0,83.0,45.0,2025
656794,Sean Newcomb,145,Chicago White Sox,,P,2026,,,,,,,,,,,,,,,,,,,,,,,,,,,,,,,,,,,,,,,,,,,,,,,,,2025
701852,Drew Cavanaugh,137,San Francisco Giants,,C,2026,48.0,39.0,9.0,0.0,0.0,0.0,7.0,0.0,13.0,0.0,0.0,2.0,9.0,2.0,0.0,.231,.348,.231,.579,.346,-.--,187.0,9.0,10.0,,,,,,,,,,,,,,,,,,,,,,,,,2025
664991,Grant Wolfram,110,Baltimore Orioles,,P,2026,,,,,,,,,,,,,,,,,,,,,,,,,,,,,,,,,,,,,,,,,,,,,,,,,2025
669087,Sam Huff,110,Baltimore Orioles,,C,2026,33.0,32.0,4.0,2.0,0.0,0.0,1.0,0.0,19.0,0.0,0.0,0.0,6.0,1.0,0.0,.125,.152,.188,.340,.308,-.--,122.0,3.0,6.0,58.0,53.0,11.0,1.0,0.0,2.0,4.0,0.0,25.0,0.0,1.0,0.0,18.0,4.0,2.0,.208,.259,.340,.599,.333,26.50,232.0,12.0,6.0,2025
687529,Grant McCray,137,San Francisco Giants,,CF,2026,5.0,3.0,0.0,0.0,0.0,0.0,1.0,0.0,2.0,0.0,0.0,1.0,0.0,0.0,0.0,.000,.250,.000,.250,.000,-.--,21.0,2.0,0.0,26.0,22.0,2.0,0.0,1.0,0.0,2.0,0.0,11.0,0.0,1.0,1.0,4.0,2.0,1.0,.091,.160,.182,.342,.167,-.--,97.0,7.0,4.0,2025
656811,Ryan O'Hearn,134,Pittsburgh Pirates,,RF,2026,368.0,332.0,92.0,13.0,0.0,16.0,28.0,1.0,85.0,5.0,3.0,0.0,153.0,64.0,13.0,.277,.340,.461,.801,.325,20.75,1441.0,79.0,79.0,544.0,474.0,133.0,21.0,1.0,17.0,58.0,4.0,109.0,8.0,4.0,0.0,207.0,63.0,11.0,.281,.366,.437,.803,.330,27.88,2173.0,117.0,119.0,2025
804267,Zac Thornton,121,New York Mets,,P,2026,,,,,,,,,,,,,,,,,,,,,,,,,,,,,,,,,,,,,,,,,,,,,,,,,2025
695731,Braden Montgomery,145,Chicago White Sox,,RF,2026,146.0,132.0,33.0,10.0,1.0,3.0,12.0,0.0,28.0,1.0,1.0,0.0,54.0,19.0,4.0,.250,.315,.409,.724,.294,44.00,524.0,44.0,28.0,,,,,,,,,,,,,,,,,,,,,,,,,2025
695734,Daylen Lile,120,Washington Nationals,,LF,2026,429.0,394.0,96.0,22.0,4.0,11.0,26.0,1.0,78.0,5.0,4.0,0.0,159.0,49.0,6.0,.244,.296,.404,.700,.275,35.82,1514.0,91.0,133.0,351.0,321.0,96.0,15.0,11.0,9.0,21.0,0.0,56.0,4.0,3.0,1.0,160.0,41.0,5.0,.299,.347,.498,.845,.336,35.67,1306.0,73.0,100.0,2025
693686,Spencer Miles,141,Toronto Blue Jays,,P,2026,,,,,,,,,,,,,,,,,,,,,,,,,,,,,,,,,,,,,,,,,,,,,,,,,2025
640448,Kyle Finnegan,116,Detroit Tigers,,P,2026,,,,,,,,,,,,,,,,,,,,,,,,,,,,,,,,,,,,,,,,,,,,,,,,,2025
687551,Drew Gilbert,137,San Francisco Giants,,CF,2026,239.0,210.0,49.0,10.0,2.0,4.0,20.0,2.0,39.0,6.0,1.0,2.0,75.0,21.0,5.0,.233,.316,.357,.673,.268,52.50,900.0,66.0,59.0,109.0,100.0,19.0,5.0,1.0,3.0,7.0,0.0,20.0,1.0,1.0,0.0,35.0,13.0,2.0,.190,.248,.350,.598,.205,33.33,416.0,34.0,28.0,2025
640454,Matt Krook,120,Washington Nationals,,P,2026,,,,,,,,,,,,,,,,,,,,,,,,,,,,,,,,,,,,,,,,,,,,,,,,,2025
640455,Sean Manaea,121,New York Mets,,P,2026,,,,,,,,,,,,,,,,,,,,,,,,,,,,,,,,,,,,,,,,,,,,,,,,,2025
687562,Jake Bennett,111,Boston Red Sox,,P,2026,,,,,,,,,,,,,,,,,,,,,,,,,,,,,,,,,,,,,,,,,,,,,,,,,2025
640459,Brian Navarreto,146,Miami Marlins,,C,2026,15.0,12.0,2.0,1.0,0.0,0.0,1.0,0.0,4.0,0.0,0.0,2.0,3.0,0.0,0.0,.167,.231,.250,.481,.250,-.--,48.0,4.0,4.0,15.0,14.0,4.0,2.0,0.0,1.0,0.0,0.0,3.0,0.0,1.0,0.0,9.0,5.0,0.0,.286,.267,.643,.910,.273,14.00,42.0,5.0,3.0,2025
669134,Luis Campusano,135,San Diego Padres,,C,2026,99.0,83.0,23.0,7.0,0.0,4.0,15.0,0.0,24.0,1.0,0.0,0.0,42.0,12.0,1.0,.277,.394,.506,.900,.345,20.75,411.0,18.0,18.0,27.0,21.0,0.0,0.0,0.0,0.0,6.0,0.0,11.0,0.0,0.0,0.0,0.0,0.0,2.0,.000,.222,.000,.222,.000,-.--,126.0,9.0,1.0,2025
656848,Michael Petersen,146,Miami Marlins,,P,2026,,,,,,,,,,,,,,,,,,,,,,,,,,,,,,,,,,,,,,,,,,,,,,,,,2025
656849,David Peterson,112,Chicago Cubs,,P,2026,,,,,,,,,,,,,,,,,,,,,,,,,,,,,,,,,,,,,,,,,,,,,,,,,2025
673237,Yainer Diaz,117,Houston Astros,,C,2026,191.0,181.0,43.0,9.0,0.0,6.0,7.0,0.0,30.0,1.0,2.0,0.0,70.0,23.0,5.0,.238,.267,.387,.654,.252,30.17,610.0,71.0,39.0,567.0,542.0,139.0,25.0,1.0,20.0,20.0,2.0,95.0,2.0,3.0,0.0,226.0,70.0,13.0,.256,.284,.417,.701,.277,27.10,1871.0,162.0,149.0,2025
521692,Salvador Perez,118,Kansas City Royals,,DH,2026,408.0,377.0,79.0,15.0,0.0,14.0,16.0,2.0,85.0,10.0,5.0,0.0,136.0,43.0,13.0,.210,.257,.361,.618,.230,26.93,1500.0,96.0,122.0,641.0,597.0,141.0,35.0,0.0,30.0,28.0,5.0,125.0,12.0,1.0,0.0,266.0,100.0,14.0,.236,.284,.446,.730,.251,19.90,2267.0,145.0,187.0,2025
665052,Griffin Conine,146,Miami Marlins,,LF,2026,113.0,100.0,27.0,5.0,0.0,7.0,11.0,0.0,34.0,2.0,0.0,0.0,53.0,16.0,1.0,.270,.354,.530,.884,.339,14.29,434.0,27.0,12.0,86.0,79.0,20.0,7.0,0.0,2.0,7.0,0.0,25.0,0.0,0.0,0.0,33.0,8.0,0.0,.253,.314,.418,.732,.346,39.50,338.0,21.0,13.0,2025
669160,Dustin May,138,St. Louis Cardinals,,P,2026,,,,,,,,,,,,,,,,,,,,,,,,,,,,,,,,,,,,,,,,,,,,,,,,,2025
642528,Jonathan Loáisiga,109,Arizona Diamondbacks,,P,2026,0.0,0.0,0.0,0.0,0.0,0.0,0.0,0.0,0.0,0.0,0.0,0.0,0.0,0.0,0.0,.000,.000,.000,.000,.---,-.--,0.0,0.0,0.0,,,,,,,,,,,,,,,,,,,,,,,,,2025
656876,Drew Rasmussen,139,Tampa Bay Rays,,P,2026,,,,,,,,,,,,,,,,,,,,,,,,,,,,,,,,,,,,,,,,,,,,,,,,,2025
671218,Heliot Ramos,137,San Francisco Giants,,LF,2026,265.0,251.0,66.0,13.0,3.0,9.0,12.0,1.0,72.0,1.0,1.0,0.0,112.0,31.0,4.0,.263,.298,.446,.744,.333,27.89,1034.0,68.0,46.0,695.0,620.0,159.0,24.0,1.0,21.0,52.0,2.0,158.0,17.0,6.0,0.0,248.0,69.0,16.0,.256,.328,.400,.728,.309,29.52,2653.0,147.0,162.0,2025
642547,Freddy Peralta,121,New York Mets,,P,2026,,,,,,,,,,,,,,,,,,,,,,,,,,,,,,,,,,,,,,,,,,,,,,,,,2025
691718,Pete Crow-Armstrong,112,Chicago Cubs,,CF,2026,450.0,383.0,109.0,17.0,5.0,22.0,53.0,4.0,118.0,11.0,2.0,1.0,202.0,56.0,2.0,.285,.385,.527,.912,.355,17.41,1759.0,60.0,99.0,647.0,591.0,146.0,37.0,4.0,31.0,29.0,1.0,155.0,9.0,12.0,6.0,284.0,95.0,1.0,.247,.287,.481,.768,.276,19.06,2312.0,116.0,192.0,2025
691720,Kyle Karros,115,Colorado Rockies,,3B,2026,347.0,297.0,78.0,19.0,2.0,9.0,44.0,2.0,72.0,4.0,2.0,0.0,128.0,36.0,2.0,.263,.363,.431,.794,.317,33.00,1424.0,73.0,76.0,156.0,137.0,31.0,4.0,0.0,1.0,15.0,0.0,41.0,2.0,2.0,0.0,38.0,9.0,5.0,.226,.308,.277,.585,.309,137.00,635.0,33.0,34.0,2025
681481,Kerry Carpenter,116,Detroit Tigers,,DH,2026,254.0,226.0,47.0,5.0,2.0,13.0,18.0,0.0,74.0,5.0,3.0,0.0,95.0,36.0,2.0,.208,.278,.420,.698,.239,17.38,1002.0,41.0,67.0,464.0,433.0,109.0,18.0,5.0,26.0,18.0,0.0,106.0,7.0,2.0,0.0,215.0,62.0,3.0,.252,.291,.497,.788,.274,16.65,1736.0,84.0,136.0,2025
622088,Tejay Antone,113,Cincinnati Reds,,P,2026,,,,,,,,,,,,,,,,,,,,,,,,,,,,,,,,,,,,,,,,,,,,,,,,,2025
691723,Coby Mayo,110,Baltimore Orioles,,3B,2026,262.0,239.0,47.0,10.0,0.0,13.0,19.0,0.0,88.0,3.0,1.0,0.0,96.0,35.0,3.0,.197,.263,.402,.665,.245,18.38,1063.0,43.0,62.0,294.0,263.0,57.0,12.0,0.0,11.0,27.0,0.0,84.0,4.0,0.0,0.0,102.0,28.0,2.0,.217,.299,.388,.687,.274,23.91,1132.0,49.0,73.0,2025
669199,Lake Bachar,146,Miami Marlins,,P,2026,,,,,,,,,,,,,,,,,,,,,,,,,,,,,,,,,,,,,,,,,,,,,,,,,2025
593428,Xander Bogaerts,135,San Diego Padres,,SS,2026,397.0,344.0,75.0,9.0,0.0,9.0,47.0,1.0,73.0,3.0,3.0,0.0,111.0,38.0,4.0,.218,.315,.323,.638,.249,38.22,1568.0,111.0,88.0,552.0,491.0,129.0,30.0,0.0,11.0,48.0,3.0,94.0,4.0,8.0,1.0,192.0,53.0,12.0,.263,.328,.391,.719,.299,44.64,2100.0,126.0,151.0,2025
572955,Pierce Johnson,113,Cincinnati Reds,,P,2026,,,,,,,,,,,,,,,,,,,,,,,,,,,,,,,,,,,,,,,,,,,,,,,,,2025
687637,Dylan Beavers,110,Baltimore Orioles,,RF,2026,170.0,149.0,37.0,11.0,0.0,2.0,17.0,0.0,41.0,2.0,1.0,1.0,54.0,16.0,1.0,.248,.331,.362,.693,.327,74.50,722.0,32.0,41.0,137.0,110.0,25.0,5.0,1.0,4.0,26.0,0.0,36.0,0.0,0.0,1.0,44.0,14.0,0.0,.227,.375,.400,.775,.300,27.50,615.0,14.0,36.0,2025
691740,Daniel Susac,137,San Francisco Giants,,C,2026,126.0,113.0,29.0,6.0,1.0,0.0,6.0,0.0,30.0,2.0,3.0,2.0,37.0,15.0,4.0,.257,.298,.327,.625,.337,-.--,472.0,26.0,33.0,,,,,,,,,,,,,,,,,,,,,,,,,2025
548384,Brooks Raley,121,New York Mets,,P,2026,,,,,,,,,,,,,,,,,,,,,,,,,,,,,,,,,,,,,,,,,,,,,,,,,2025
681517,Kyle Leahy,138,St. Louis Cardinals,,P,2026,,,,,,,,,,,,,,,,,,,,,,,,,,,,,,,,,,,,,,,,,,,,,,,,,2025
656945,Tanner Scott,119,Los Angeles Dodgers,,P,2026,,,,,,,,,,,,,,,,,,,,,,,,,0.0,0.0,0.0,0.0,0.0,0.0,0.0,0.0,0.0,0.0,0.0,0.0,0.0,0.0,0.0,.000,.000,.000,.000,.---,-.--,0.0,0.0,0.0,2025
671277,Luis García Jr.,120,Washington Nationals,,1B,2026,342.0,325.0,90.0,16.0,4.0,21.0,16.0,0.0,55.0,0.0,1.0,0.0,177.0,70.0,6.0,.277,.310,.545,.855,.276,15.48,1231.0,96.0,85.0,526.0,488.0,123.0,28.0,1.0,16.0,27.0,1.0,84.0,2.0,9.0,0.0,201.0,66.0,7.0,.252,.289,.412,.701,.270,30.50,1838.0,158.0,132.0,2025
669236,Jeremiah Jackson,110,Baltimore Orioles,,2B,2026,220.0,210.0,53.0,10.0,0.0,7.0,5.0,0.0,44.0,1.0,3.0,1.0,84.0,38.0,10.0,.252,.269,.400,.669,.284,30.00,739.0,68.0,49.0,183.0,170.0,47.0,10.0,2.0,5.0,11.0,0.0,50.0,2.0,0.0,0.0,76.0,21.0,6.0,.276,.328,.447,.775,.365,34.00,706.0,39.0,34.0,2025
669242,Tommy Edman,119,Los Angeles Dodgers,,LF,2026,105.0,91.0,31.0,5.0,2.0,2.0,8.0,0.0,20.0,4.0,0.0,2.0,46.0,17.0,2.0,.341,.417,.505,.922,.420,45.50,381.0,25.0,17.0,377.0,346.0,78.0,13.0,1.0,13.0,19.0,0.0,61.0,6.0,5.0,1.0,132.0,49.0,4.0,.225,.274,.382,.656,.235,26.62,1338.0,110.0,103.0,2025
671289,Tyler Freeman,115,Colorado Rockies,,RF,2026,265.0,233.0,59.0,6.0,1.0,3.0,11.0,0.0,33.0,15.0,0.0,6.0,76.0,23.0,14.0,.253,.328,.326,.654,.284,77.67,939.0,82.0,65.0,428.0,377.0,106.0,20.0,2.0,2.0,34.0,0.0,51.0,11.0,4.0,2.0,136.0,31.0,10.0,.281,.354,.361,.715,.317,188.50,1646.0,133.0,93.0,2025
800311,Didier Fuentes,144,Atlanta Braves,,P,2026,0.0,0.0,0.0,0.0,0.0,0.0,0.0,0.0,0.0,0.0,0.0,0.0,0.0,0.0,0.0,.000,.000,.000,.000,.---,-.--,0.0,0.0,0.0,,,,,,,,,,,,,,,,,,,,,,,,,2025
693821,Bryce Elder,144,Atlanta Braves,,P,2026,,,,,,,,,,,,,,,,,,,,,,,,,,,,,,,,,,,,,,,,,,,,,,,,,2025
665152,Dean Kremer,110,Baltimore Orioles,,P,2026,,,,,,,,,,,,,,,,,,,,,,,,,,,,,,,,,,,,,,,,,,,,,,,,,2025
665161,Jeremy Peña,117,Houston Astros,,SS,2026,241.0,218.0,67.0,9.0,0.0,9.0,17.0,0.0,39.0,4.0,2.0,0.0,103.0,28.0,2.0,.307,.365,.472,.837,.337,24.22,896.0,56.0,58.0,543.0,493.0,150.0,30.0,2.0,17.0,35.0,2.0,93.0,12.0,2.0,1.0,235.0,62.0,9.0,.304,.363,.477,.840,.345,29.00,1779.0,137.0,116.0,2025
800325,Luis Lara,158,Milwaukee Brewers,,CF,2026,32.0,27.0,6.0,1.0,0.0,0.0,5.0,0.0,5.0,0.0,0.0,0.0,7.0,2.0,0.0,.222,.344,.259,.603,.273,-.--,158.0,9.0,7.0,,,,,,,,,,,,,,,,,,,,,,,,,2025
681546,James Outman,116,Detroit Tigers,,CF,2026,156.0,145.0,23.0,4.0,2.0,4.0,10.0,0.0,66.0,1.0,0.0,0.0,43.0,16.0,0.0,.159,.218,.297,.515,.253,36.25,644.0,24.0,32.0,148.0,134.0,18.0,5.0,1.0,6.0,12.0,0.0,63.0,2.0,0.0,0.0,43.0,11.0,0.0,.134,.216,.321,.537,.185,22.33,605.0,24.0,29.0,2025
691799,Grant Taylor,145,Chicago White Sox,,P,2026,,,,,,,,,,,,,,,,,,,,,,,,,,,,,,,,,,,,,,,,,,,,,,,,,2025
691788,Joe Mack,146,Miami Marlins,,C,2026,194.0,177.0,43.0,6.0,0.0,10.0,12.0,0.0,49.0,2.0,0.0,3.0,79.0,30.0,6.0,.243,.298,.446,.744,.280,17.70,760.0,50.0,38.0,,,,,,,,,,,,,,,,,,,,,,,,,2025
673357,Luis Robert Jr.,121,New York Mets,,CF,2026,111.0,98.0,21.0,3.0,0.0,4.0,13.0,0.0,22.0,0.0,0.0,0.0,36.0,10.0,2.0,.214,.306,.367,.673,.236,24.50,428.0,27.0,28.0,431.0,382.0,85.0,12.0,0.0,14.0,40.0,3.0,112.0,2.0,3.0,1.0,139.0,53.0,8.0,.223,.297,.364,.661,.274,27.29,1524.0,83.0,106.0,2025
656986,Bennett Sousa,117,Houston Astros,,P,2026,,,,,,,,,,,,,,,,,,,,,,,,,0.0,0.0,0.0,0.0,0.0,0.0,0.0,0.0,0.0,0.0,0.0,0.0,0.0,0.0,0.0,.000,.000,.000,.000,.---,-.--,0.0,0.0,0.0,2025
693855,Ian Seymour,139,Tampa Bay Rays,,P,2026,,,,,,,,,,,,,,,,,,,,,,,,,,,,,,,,,,,,,,,,,,,,,,,,,2025
669276,Dylan Lee,144,Atlanta Braves,,P,2026,,,,,,,,,,,,,,,,,,,,,,,,,,,,,,,,,,,,,,,,,,,,,,,,,2025
542303,Marcell Ozuna,134,Pittsburgh Pirates,,DH,2026,266.0,237.0,48.0,6.0,0.0,8.0,27.0,1.0,80.0,2.0,0.0,0.0,78.0,28.0,5.0,.203,.289,.329,.618,.268,29.62,1174.0,43.0,66.0,592.0,487.0,113.0,19.0,0.0,21.0,94.0,2.0,144.0,3.0,7.0,0.0,195.0,68.0,11.0,.232,.355,.400,.755,.280,23.19,2635.0,115.0,122.0,2025
683618,Edgardo Henriquez,119,Los Angeles Dodgers,,P,2026,0.0,0.0,0.0,0.0,0.0,0.0,0.0,0.0,0.0,0.0,0.0,0.0,0.0,0.0,0.0,.000,.000,.000,.000,.---,-.--,0.0,0.0,0.0,,,,,,,,,,,,,,,,,,,,,,,,,2025
702056,Trey Yesavage,141,Toronto Blue Jays,,P,2026,,,,,,,,,,,,,,,,,,,,,,,,,,,,,,,,,,,,,,,,,,,,,,,,,2025
650859,Luis Rengifo,135,San Diego Padres,,3B,2026,234.0,208.0,48.0,9.0,0.0,2.0,21.0,1.0,30.0,1.0,2.0,2.0,63.0,26.0,2.0,.231,.302,.303,.605,.258,104.00,891.0,80.0,54.0,541.0,501.0,119.0,16.0,3.0,9.0,33.0,0.0,104.0,3.0,3.0,1.0,168.0,43.0,7.0,.238,.287,.335,.622,.281,55.67,2008.0,156.0,126.0,2025
679529,Spencer Torkelson,116,Detroit Tigers,,1B,2026,403.0,352.0,72.0,18.0,0.0,19.0,43.0,0.0,133.0,5.0,2.0,0.0,147.0,50.0,9.0,.205,.299,.418,.717,.262,18.53,1716.0,54.0,95.0,649.0,563.0,135.0,27.0,1.0,31.0,72.0,6.0,169.0,9.0,5.0,0.0,257.0,78.0,12.0,.240,.333,.456,.789,.283,18.16,2634.0,88.0,176.0,2025
837227,Tatsuya Imai,117,Houston Astros,,P,2026,,,,,,,,,,,,,,,,,,,,,,,,,,,,,,,,,,,,,,,,,,,,,,,,,2025
671345,Jason Foley,137,San Francisco Giants,,P,2026,,,,,,,,,,,,,,,,,,,,,,,,,,,,,,,,,,,,,,,,,,,,,,,,,2025
802415,Chandler Simpson,139,Tampa Bay Rays,,LF,2026,387.0,358.0,104.0,11.0,6.0,0.0,20.0,0.0,35.0,0.0,4.0,5.0,127.0,20.0,3.0,.291,.325,.355,.680,.318,-.--,1281.0,140.0,88.0,441.0,414.0,122.0,15.0,3.0,0.0,20.0,0.0,43.0,0.0,2.0,3.0,143.0,26.0,10.0,.295,.326,.345,.671,.327,-.--,1517.0,176.0,78.0,2025
702070,Noah Cameron,118,Kansas City Royals,,P,2026,,,,,,,,,,,,,,,,,,,,,,,,,,,,,,,,,,,,,,,,,,,,,,,,,2025
669302,Logan Gilbert,136,Seattle Mariners,,P,2026,,,,,,,,,,,,,,,,,,,,,,,,,,,,,,,,,,,,,,,,,,,,,,,,,2025
687749,Jase Bowen,135,San Diego Padres,,RF,2026,56.0,53.0,7.0,2.0,0.0,0.0,2.0,0.0,22.0,1.0,0.0,0.0,9.0,3.0,0.0,.132,.179,.170,.349,.226,-.--,190.0,11.0,13.0,,,,,,,,,,,,,,,,,,,,,,,,,2025
669310,CJ Van Eyk,141,Toronto Blue Jays,,P,2026,,,,,,,,,,,,,,,,,,,,,,,,,,,,,,,,,,,,,,,,,,,,,,,,,2025
820862,José Fermin,108,Los Angeles Angels,,P,2026,,,,,,,,,,,,,,,,,,,,,,,,,,,,,,,,,,,,,,,,,,,,,,,,,2025
657041,Lane Thomas,118,Kansas City Royals,,CF,2026,303.0,262.0,61.0,16.0,0.0,9.0,37.0,0.0,71.0,2.0,2.0,0.0,104.0,36.0,4.0,.233,.330,.397,.727,.283,29.11,1233.0,52.0,80.0,142.0,125.0,20.0,2.0,0.0,4.0,14.0,0.0,44.0,1.0,2.0,0.0,34.0,11.0,4.0,.160,.246,.272,.518,.203,31.25,556.0,22.0,41.0,2025
669330,Tyler Wells,110,Baltimore Orioles,,P,2026,,,,,,,,,,,,,,,,,,,,,,,,,,,,,,,,,,,,,,,,,,,,,,,,,2025
681624,Andy Pages,119,Los Angeles Dodgers,,CF,2026,443.0,395.0,105.0,22.0,2.0,17.0,37.0,1.0,89.0,6.0,5.0,0.0,182.0,67.0,10.0,.266,.334,.461,.795,.299,23.24,1776.0,83.0,123.0,624.0,581.0,158.0,27.0,1.0,27.0,29.0,0.0,135.0,8.0,6.0,0.0,268.0,86.0,9.0,.272,.313,.461,.774,.308,21.52,2365.0,117.0,177.0,2025
657044,Ryan Thompson,109,Arizona Diamondbacks,,P,2026,,,,,,,,,,,,,,,,,,,,,,,,,0.0,0.0,0.0,0.0,0.0,0.0,0.0,0.0,0.0,0.0,0.0,0.0,0.0,0.0,0.0,.000,.000,.000,.000,.---,-.--,0.0,0.0,0.0,2025
642715,Willy Adames,137,San Francisco Giants,,SS,2026,412.0,383.0,86.0,22.0,1.0,18.0,27.0,0.0,119.0,1.0,1.0,0.0,164.0,45.0,3.0,.225,.277,.428,.705,.275,21.28,1600.0,70.0,109.0,686.0,591.0,133.0,22.0,2.0,30.0,80.0,2.0,179.0,5.0,9.0,0.0,249.0,87.0,9.0,.225,.318,.421,.739,.263,19.70,2797.0,105.0,183.0,2025
683679,Jesus Rodriguez,137,San Francisco Giants,,C,2026,50.0,45.0,11.0,2.0,0.0,2.0,3.0,0.0,6.0,1.0,0.0,1.0,19.0,8.0,2.0,.244,.306,.422,.728,.243,22.50,160.0,21.0,8.0,,,,,,,,,,,,,,,,,,,,,,,,,2025
669364,Xavier Edwards,146,Miami Marlins,,2B,2026,438.0,380.0,111.0,14.0,6.0,6.0,52.0,4.0,60.0,0.0,5.0,1.0,155.0,37.0,11.0,.292,.373,.408,.781,.329,63.33,1706.0,105.0,110.0,619.0,561.0,159.0,20.0,5.0,3.0,49.0,2.0,88.0,3.0,3.0,3.0,198.0,43.0,6.0,.283,.343,.353,.696,.330,187.00,2250.0,164.0,156.0,2025
669358,Shane Baz,110,Baltimore Orioles,,P,2026,,,,,,,,,,,,,,,,,,,,,,,,,,,,,,,,,,,,,,,,,,,,,,,,,2025
675512,Troy Melton,116,Detroit Tigers,,P,2026,,,,,,,,,,,,,,,,,,,,,,,,,,,,,,,,,,,,,,,,,,,,,,,,,2025
669373,Tarik Skubal,116,Detroit Tigers,,P,2026,,,,,,,,,,,,,,,,,,,,,,,,,,,,,,,,,,,,,,,,,,,,,,,,,2025
552640,Andrew Kittredge,110,Baltimore Orioles,,P,2026,,,,,,,,,,,,,,,,,,,,,,,,,0.0,0.0,0.0,0.0,0.0,0.0,0.0,0.0,0.0,0.0,0.0,0.0,0.0,0.0,0.0,.000,.000,.000,.000,.---,-.--,0.0,0.0,0.0,2025
691907,Tsung-Che Cheng,111,Boston Red Sox,,SS,2026,44.0,39.0,10.0,1.0,0.0,0.0,4.0,0.0,14.0,0.0,1.0,0.0,11.0,5.0,1.0,.256,.318,.282,.600,.385,-.--,165.0,9.0,7.0,7.0,7.0,0.0,0.0,0.0,0.0,0.0,0.0,3.0,0.0,0.0,0.0,0.0,0.0,0.0,.000,.000,.000,.000,.000,-.--,24.0,2.0,2.0,2025
657097,Jacob Webb,112,Chicago Cubs,,P,2026,,,,,,,,,,,,,,,,,,,,,,,,,,,,,,,,,,,,,,,,,,,,,,,,,2025
669387,Carmen Mlodzinski,134,Pittsburgh Pirates,,P,2026,,,,,,,,,,,,,,,,,,,,,,,,,,,,,,,,,,,,,,,,,,,,,,,,,2025
650960,Daniel Duarte,121,New York Mets,,P,2026,,,,,,,,,,,,,,,,,,,,,,,,,,,,,,,,,,,,,,,,,,,,,,,,,2025
669394,Jake Burger,140,Texas Rangers,,1B,2026,402.0,367.0,88.0,15.0,0.0,18.0,30.0,0.0,105.0,3.0,2.0,0.0,157.0,64.0,5.0,.240,.301,.428,.729,.285,20.39,1477.0,88.0,88.0,376.0,356.0,84.0,15.0,1.0,16.0,12.0,0.0,93.0,5.0,3.0,0.0,149.0,53.0,3.0,.236,.269,.419,.688,.272,22.25,1324.0,73.0,109.0,2025
677587,Brayan Rocchio,114,Cleveland Guardians,,SS,2026,394.0,354.0,97.0,16.0,2.0,9.0,27.0,0.0,56.0,7.0,3.0,3.0,144.0,49.0,5.0,.274,.335,.407,.742,.301,39.33,1511.0,93.0,114.0,383.0,344.0,80.0,18.0,2.0,5.0,22.0,0.0,77.0,8.0,5.0,4.0,117.0,44.0,4.0,.233,.290,.340,.630,.281,68.80,1411.0,100.0,96.0,2025
677588,José Tena,120,Washington Nationals,,DH,2026,200.0,183.0,45.0,10.0,2.0,5.0,15.0,0.0,60.0,2.0,0.0,0.0,74.0,20.0,6.0,.246,.310,.404,.714,.339,36.60,805.0,48.0,30.0,169.0,152.0,37.0,13.0,2.0,0.0,15.0,0.0,37.0,1.0,1.0,0.0,54.0,16.0,4.0,.243,.314,.355,.669,.319,-.--,678.0,54.0,25.0,2025
683734,Andrew Vaughn,158,Milwaukee Brewers,,1B,2026,189.0,165.0,51.0,15.0,2.0,3.0,21.0,1.0,23.0,2.0,1.0,0.0,79.0,26.0,5.0,.309,.392,.479,.871,.343,55.00,728.0,43.0,49.0,447.0,406.0,103.0,22.0,0.0,14.0,31.0,0.0,80.0,3.0,6.0,1.0,167.0,65.0,12.0,.254,.307,.411,.718,.280,29.00,1722.0,110.0,120.0,2025
669397,Nick Allen,117,Houston Astros,,SS,2026,106.0,95.0,23.0,3.0,0.0,1.0,6.0,0.0,23.0,1.0,2.0,2.0,29.0,11.0,2.0,.242,.288,.305,.593,.301,95.00,384.0,22.0,31.0,416.0,371.0,82.0,11.0,0.0,0.0,31.0,0.0,99.0,3.0,3.0,8.0,93.0,22.0,8.0,.221,.284,.251,.535,.298,-.--,1582.0,100.0,101.0,2025
683737,Michael Busch,112,Chicago Cubs,,1B,2026,457.0,378.0,91.0,17.0,2.0,13.0,65.0,1.0,107.0,10.0,4.0,0.0,151.0,54.0,6.0,.241,.363,.399,.762,.298,29.08,1838.0,85.0,99.0,592.0,524.0,137.0,25.0,5.0,34.0,56.0,2.0,139.0,10.0,2.0,0.0,274.0,90.0,2.0,.261,.343,.523,.866,.292,15.41,2324.0,111.0,139.0,2025
677594,Julio Rodríguez,136,Seattle Mariners,,CF,2026,402.0,366.0,94.0,16.0,0.0,15.0,30.0,1.0,83.0,4.0,2.0,0.0,155.0,43.0,7.0,.257,.318,.423,.741,.293,24.40,1522.0,83.0,108.0,710.0,652.0,174.0,31.0,4.0,32.0,44.0,5.0,152.0,12.0,2.0,0.0,309.0,95.0,15.0,.267,.324,.474,.798,.302,20.38,2496.0,174.0,154.0,2025
683748,Victor Mesa Jr.,139,Tampa Bay Rays,,RF,2026,123.0,107.0,24.0,2.0,0.0,8.0,14.0,0.0,29.0,0.0,1.0,1.0,50.0,17.0,2.0,.224,.311,.467,.778,.225,13.38,470.0,23.0,33.0,38.0,32.0,6.0,2.0,0.0,1.0,5.0,0.0,5.0,0.0,0.0,1.0,11.0,6.0,0.0,.188,.297,.344,.641,.192,32.00,141.0,8.0,14.0,2025
696030,Alejandro Osuna,140,Texas Rangers,,LF,2026,201.0,175.0,46.0,4.0,0.0,1.0,17.0,0.0,28.0,8.0,0.0,1.0,53.0,21.0,3.0,.263,.355,.303,.658,.308,175.00,715.0,56.0,46.0,176.0,151.0,32.0,4.0,0.0,2.0,21.0,1.0,34.0,2.0,2.0,0.0,42.0,15.0,1.0,.212,.313,.278,.591,.256,75.50,739.0,45.0,42.0,2025
628452,Raisel Iglesias,144,Atlanta Braves,,P,2026,0.0,0.0,0.0,0.0,0.0,0.0,0.0,0.0,0.0,0.0,0.0,0.0,0.0,0.0,0.0,.000,.000,.000,.000,.---,-.--,0.0,0.0,0.0,,,,,,,,,,,,,,,,,,,,,,,,,2025
673513,Yuki Matsui,135,San Diego Padres,,P,2026,,,,,,,,,,,,,,,,,,,,,,,,,,,,,,,,,,,,,,,,,,,,,,,,,2025
681715,Heriberto Hernández,146,Miami Marlins,,LF,2026,258.0,232.0,58.0,12.0,1.0,14.0,24.0,1.0,65.0,1.0,1.0,0.0,114.0,38.0,1.0,.250,.322,.491,.813,.286,16.57,973.0,47.0,63.0,294.0,256.0,68.0,12.0,1.0,10.0,31.0,0.0,77.0,3.0,4.0,0.0,112.0,45.0,6.0,.266,.347,.438,.785,.335,25.60,1138.0,52.0,63.0,2025
657136,Connor Wong,111,Boston Red Sox,,C,2026,149.0,125.0,34.0,8.0,0.0,1.0,15.0,0.0,35.0,4.0,1.0,4.0,45.0,15.0,2.0,.272,.366,.360,.726,.367,125.00,567.0,35.0,26.0,188.0,168.0,32.0,8.0,0.0,0.0,16.0,0.0,42.0,1.0,2.0,1.0,40.0,7.0,7.0,.190,.262,.238,.500,.250,-.--,745.0,53.0,44.0,2025
687859,Troy Johnston,115,Colorado Rockies,,RF,2026,336.0,295.0,86.0,24.0,0.0,3.0,30.0,0.0,56.0,5.0,5.0,1.0,119.0,41.0,3.0,.292,.361,.403,.764,.344,98.33,1204.0,74.0,85.0,121.0,112.0,31.0,2.0,1.0,4.0,8.0,0.0,26.0,1.0,0.0,0.0,47.0,13.0,1.0,.277,.331,.420,.751,.329,28.00,450.0,24.0,31.0,2025
683766,Christian Koss,137,San Francisco Giants,,2B,2026,23.0,21.0,3.0,1.0,0.0,0.0,1.0,0.0,2.0,1.0,0.0,0.0,4.0,0.0,0.0,.143,.217,.190,.407,.158,-.--,72.0,6.0,10.0,191.0,174.0,46.0,9.0,0.0,3.0,9.0,0.0,45.0,3.0,2.0,3.0,64.0,23.0,4.0,.264,.309,.368,.677,.336,58.00,644.0,52.0,36.0,2025
683769,Hunter Gaddis,114,Cleveland Guardians,,P,2026,,,,,,,,,,,,,,,,,,,,,,,,,,,,,,,,,,,,,,,,,,,,,,,,,2025
669432,Trevor Rogers,110,Baltimore Orioles,,P,2026,,,,,,,,,,,,,,,,,,,,,,,,,2.0,2.0,0.0,0.0,0.0,0.0,0.0,0.0,2.0,0.0,0.0,0.0,0.0,0.0,0.0,.000,.000,.000,.000,.---,-.--,6.0,0.0,0.0,2025
696062,Wilber Dotel,134,Pittsburgh Pirates,,P,2026,,,,,,,,,,,,,,,,,,,,,,,,,,,,,,,,,,,,,,,,,,,,,,,,,2025
673540,Kodai Senga,121,New York Mets,,P,2026,,,,,,,,,,,,,,,,,,,,,,,,,,,,,,,,,,,,,,,,,,,,,,,,,2025
669456,Shane Bieber,141,Toronto Blue Jays,,P,2026,,,,,,,,,,,,,,,,,,,,,,,,,,,,,,,,,,,,,,,,,,,,,,,,,2025
673548,Seiya Suzuki,112,Chicago Cubs,,RF,2026,376.0,326.0,87.0,16.0,0.0,17.0,44.0,3.0,96.0,3.0,3.0,0.0,154.0,54.0,9.0,.267,.356,.472,.828,.324,19.18,1622.0,63.0,83.0,651.0,571.0,140.0,31.0,3.0,32.0,71.0,1.0,164.0,1.0,8.0,0.0,273.0,103.0,13.0,.245,.326,.478,.804,.282,17.84,2727.0,98.0,177.0,2025
677649,Ezequiel Duran,140,Texas Rangers,,SS,2026,353.0,322.0,86.0,19.0,2.0,10.0,26.0,0.0,84.0,1.0,3.0,1.0,139.0,51.0,3.0,.267,.321,.432,.753,.329,32.20,1390.0,84.0,72.0,219.0,205.0,46.0,14.0,0.0,0.0,8.0,0.0,55.0,4.0,1.0,1.0,60.0,14.0,3.0,.224,.266,.293,.559,.305,-.--,807.0,42.0,64.0,2025
573204,Caleb Thielbar,112,Chicago Cubs,,P,2026,0.0,0.0,0.0,0.0,0.0,0.0,0.0,0.0,0.0,0.0,0.0,0.0,0.0,0.0,0.0,.000,.000,.000,.000,.---,-.--,0.0,0.0,0.0,,,,,,,,,,,,,,,,,,,,,,,,,2025
669467,Andre Pallante,138,St. Louis Cardinals,,P,2026,,,,,,,,,,,,,,,,,,,,,,,,,0.0,0.0,0.0,0.0,0.0,0.0,0.0,0.0,0.0,0.0,0.0,0.0,0.0,0.0,0.0,.000,.000,.000,.000,.---,-.--,0.0,0.0,0.0,2025
669461,Matthew Liberatore,138,St. Louis Cardinals,,P,2026,,,,,,,,,,,,,,,,,,,,,,,,,,,,,,,,,,,,,,,,,,,,,,,,,2025
624413,Pete Alonso,110,Baltimore Orioles,,1B,2026,453.0,389.0,97.0,20.0,0.0,21.0,54.0,2.0,113.0,6.0,4.0,0.0,180.0,66.0,10.0,.249,.347,.463,.810,.293,18.52,1878.0,90.0,93.0,709.0,624.0,170.0,41.0,1.0,38.0,61.0,5.0,162.0,15.0,9.0,0.0,327.0,126.0,23.0,.272,.347,.524,.871,.305,16.42,2807.0,135.0,166.0,2025
663330,Jahmai Jones,111,Boston Red Sox,,OF,2026,113.0,102.0,15.0,2.0,0.0,3.0,11.0,0.0,38.0,0.0,0.0,0.0,26.0,9.0,3.0,.147,.230,.255,.485,.197,34.00,418.0,22.0,27.0,150.0,129.0,37.0,11.0,1.0,7.0,18.0,1.0,32.0,3.0,0.0,0.0,71.0,23.0,3.0,.287,.387,.550,.937,.333,18.43,595.0,21.0,39.0,2025
696100,Hunter Goodman,115,Colorado Rockies,,C,2026,401.0,359.0,93.0,16.0,0.0,31.0,36.0,3.0,129.0,4.0,2.0,0.0,202.0,58.0,6.0,.259,.332,.563,.895,.308,11.58,1506.0,56.0,83.0,579.0,540.0,150.0,28.0,5.0,31.0,33.0,0.0,152.0,4.0,2.0,0.0,281.0,91.0,16.0,.278,.323,.520,.843,.331,17.42,2149.0,100.0,140.0,2025
642851,Austin Wynns,140,Texas Rangers,,C,2026,58.0,54.0,4.0,0.0,0.0,0.0,3.0,0.0,14.0,0.0,0.0,1.0,4.0,0.0,0.0,.074,.123,.074,.197,.100,-.--,203.0,13.0,24.0,110.0,103.0,30.0,8.0,0.0,6.0,5.0,0.0,32.0,0.0,1.0,1.0,56.0,21.0,3.0,.291,.321,.544,.865,.364,17.17,443.0,24.0,19.0,2025
669477,Casey Schmitt,137,San Francisco Giants,,LF,2026,400.0,378.0,103.0,17.0,1.0,21.0,11.0,1.0,79.0,7.0,4.0,0.0,185.0,54.0,6.0,.272,.303,.489,.792,.291,18.00,1424.0,66.0,134.0,348.0,312.0,74.0,15.0,0.0,12.0,27.0,1.0,83.0,5.0,3.0,1.0,125.0,40.0,6.0,.237,.305,.401,.706,.282,26.00,1330.0,58.0,101.0,2025
624424,Michael Conforto,112,Chicago Cubs,,DH,2026,173.0,152.0,36.0,10.0,0.0,9.0,20.0,1.0,52.0,0.0,1.0,0.0,73.0,24.0,3.0,.237,.324,.480,.804,.293,16.89,700.0,27.0,38.0,486.0,418.0,83.0,20.0,0.0,12.0,56.0,0.0,121.0,9.0,3.0,0.0,139.0,36.0,12.0,.199,.305,.333,.638,.247,34.83,2049.0,103.0,114.0,2025
702273,Noah Schultz,145,Chicago White Sox,,P,2026,,,,,,,,,,,,,,,,,,,,,,,,,,,,,,,,,,,,,,,,,,,,,,,,,2025
624431,Jose Trevino,113,Cincinnati Reds,,C,2026,78.0,75.0,20.0,3.0,0.0,3.0,1.0,0.0,12.0,0.0,0.0,2.0,32.0,10.0,1.0,.267,.276,.427,.703,.283,25.00,246.0,27.0,18.0,302.0,282.0,67.0,20.0,0.0,4.0,15.0,0.0,39.0,0.0,4.0,1.0,99.0,22.0,9.0,.238,.272,.351,.623,.259,70.50,1063.0,95.0,86.0,2025
663362,Matt Waldron,135,San Diego Padres,,P,2026,,,,,,,,,,,,,,,,,,,,,,,,,,,,,,,,,,,,,,,,,,,,,,,,,2025
687941,Alec Gamboa,111,Boston Red Sox,,P,2026,,,,,,,,,,,,,,,,,,,,,,,,,,,,,,,,,,,,,,,,,,,,,,,,,2025
667463,John King,146,Miami Marlins,,P,2026,,,,,,,,,,,,,,,,,,,,,,,,,,,,,,,,,,,,,,,,,,,,,,,,,2025
663368,Blake Perkins,158,Milwaukee Brewers,,CF,2026,101.0,89.0,14.0,6.0,0.0,1.0,10.0,0.0,22.0,1.0,0.0,1.0,23.0,11.0,1.0,.157,.250,.258,.508,.197,89.00,419.0,27.0,27.0,171.0,155.0,35.0,6.0,2.0,3.0,15.0,0.0,47.0,1.0,0.0,0.0,54.0,19.0,4.0,.226,.298,.348,.646,.305,51.67,708.0,41.0,32.0,2025
608070,José Ramírez,114,Cleveland Guardians,,3B,2026,324.0,276.0,66.0,18.0,0.0,10.0,43.0,6.0,44.0,1.0,3.0,0.0,114.0,35.0,1.0,.239,.341,.413,.754,.249,27.60,1314.0,63.0,106.0,673.0,593.0,168.0,34.0,3.0,30.0,66.0,22.0,74.0,8.0,5.0,0.0,298.0,85.0,9.0,.283,.360,.503,.863,.279,19.77,2666.0,135.0,222.0,2025
663372,Ryan Feltner,115,Colorado Rockies,,P,2026,,,,,,,,,,,,,,,,,,,,,,,,,,,,,,,,,,,,,,,,,,,,,,,,,2025
675660,Shane Drohan,158,Milwaukee Brewers,,P,2026,,,,,,,,,,,,,,,,,,,,,,,,,,,,,,,,,,,,,,,,,,,,,,,,,2025
573262,Mike Yastrzemski,144,Atlanta Braves,,LF,2026,271.0,239.0,54.0,11.0,1.0,6.0,27.0,0.0,65.0,4.0,1.0,0.0,85.0,28.0,2.0,.226,.314,.356,.670,.284,39.83,1139.0,51.0,70.0,558.0,477.0,111.0,28.0,1.0,17.0,72.0,4.0,108.0,2.0,5.0,2.0,192.0,46.0,7.0,.233,.333,.403,.736,.263,28.06,2305.0,95.0,170.0,2025
681807,David Fry,114,Cleveland Guardians,,RF,2026,162.0,140.0,26.0,4.0,0.0,6.0,22.0,1.0,49.0,0.0,0.0,0.0,48.0,13.0,4.0,.186,.296,.343,.639,.235,23.33,720.0,30.0,35.0,157.0,146.0,25.0,4.0,0.0,8.0,9.0,0.0,58.0,2.0,0.0,0.0,53.0,23.0,3.0,.171,.229,.363,.592,.213,18.25,623.0,26.0,37.0,2025
687952,Christian Encarnacion-Strand,110,Baltimore Orioles,,1B,2026,22.0,20.0,8.0,1.0,0.0,3.0,1.0,1.0,4.0,0.0,0.0,1.0,18.0,8.0,0.0,.400,.429,.900,1.329,.385,6.67,71.0,3.0,6.0,137.0,130.0,27.0,4.0,0.0,6.0,3.0,0.0,32.0,2.0,2.0,0.0,49.0,19.0,1.0,.208,.234,.377,.611,.223,21.67,469.0,32.0,41.0,2025
696147,Sam Bachman,108,Los Angeles Angels,,P,2026,,,,,,,,,,,,,,,,,,,,,,,,,,,,,,,,,,,,,,,,,,,,,,,,,2025
700241,Michael McGreevy,138,St. Louis Cardinals,,P,2026,,,,,,,,,,,,,,,,,,,,,,,,,,,,,,,,,,,,,,,,,,,,,,,,,2025
667472,Dane Myers,113,Cincinnati Reds,,CF,2026,158.0,135.0,35.0,7.0,0.0,3.0,20.0,0.0,40.0,2.0,1.0,0.0,51.0,15.0,4.0,.259,.361,.378,.739,.344,45.00,645.0,23.0,38.0,333.0,307.0,72.0,10.0,0.0,6.0,23.0,0.0,77.0,2.0,1.0,0.0,100.0,31.0,12.0,.235,.291,.326,.617,.293,51.17,1241.0,78.0,81.0,2025
702284,Cole Young,136,Seattle Mariners,,2B,2026,412.0,375.0,96.0,14.0,1.0,13.0,26.0,0.0,73.0,7.0,3.0,1.0,151.0,48.0,4.0,.256,.314,.403,.717,.284,28.85,1574.0,92.0,118.0,257.0,223.0,47.0,7.0,1.0,4.0,28.0,1.0,47.0,2.0,2.0,2.0,68.0,24.0,4.0,.211,.302,.305,.607,.247,55.75,1034.0,52.0,81.0,2025
696149,Bubba Chandler,134,Pittsburgh Pirates,,P,2026,,,,,,,,,,,,,,,,,,,,,,,,,,,,,,,,,,,,,,,,,,,,,,,,,2025
702332,Caleb Durbin,111,Boston Red Sox,,3B,2026,350.0,315.0,74.0,18.0,1.0,10.0,23.0,0.0,48.0,7.0,2.0,3.0,124.0,44.0,6.0,.235,.300,.394,.694,.247,31.50,1277.0,108.0,90.0,506.0,445.0,114.0,25.0,0.0,11.0,30.0,0.0,50.0,24.0,4.0,3.0,172.0,53.0,10.0,.256,.334,.387,.721,.265,40.46,1838.0,134.0,154.0,2025
657277,Logan Webb,137,San Francisco Giants,,P,2026,,,,,,,,,,,,,,,,,,,,,,,,,,,,,,,,,,,,,,,,,,,,,,,,,2025
663423,Trent Thornton,112,Chicago Cubs,,P,2026,,,,,,,,,,,,,,,,,,,,,,,,,0.0,0.0,0.0,0.0,0.0,0.0,0.0,0.0,0.0,0.0,0.0,0.0,0.0,0.0,0.0,.000,.000,.000,.000,.---,-.--,0.0,0.0,0.0,2025
661388,William Contreras,158,Milwaukee Brewers,,C,2026,412.0,368.0,101.0,14.0,0.0,10.0,36.0,4.0,56.0,3.0,5.0,0.0,145.0,57.0,10.0,.274,.340,.394,.734,.296,36.80,1425.0,101.0,115.0,659.0,566.0,147.0,28.0,0.0,17.0,84.0,4.0,120.0,3.0,6.0,0.0,226.0,76.0,14.0,.260,.355,.399,.754,.299,33.29,2556.0,172.0,133.0,2025
681870,Erik Sabrowski,114,Cleveland Guardians,,P,2026,,,,,,,,,,,,,,,,,,,,,,,,,,,,,,,,,,,,,,,,,,,,,,,,,2025
663436,Davis Martin,145,Chicago White Sox,,P,2026,,,,,,,,,,,,,,,,,,,,,,,,,,,,,,,,,,,,,,,,,,,,,,,,,2025
665487,Fernando Tatis Jr.,135,San Diego Padres,,RF,2026,454.0,403.0,114.0,20.0,2.0,8.0,40.0,3.0,92.0,5.0,5.0,1.0,162.0,47.0,9.0,.283,.351,.402,.753,.344,50.38,1635.0,114.0,89.0,691.0,594.0,159.0,27.0,2.0,25.0,89.0,7.0,129.0,6.0,2.0,0.0,265.0,71.0,6.0,.268,.368,.446,.814,.303,23.76,2636.0,160.0,148.0,2025
679822,Justin Foscue,140,Texas Rangers,,2B,2026,135.0,122.0,33.0,7.0,0.0,7.0,10.0,0.0,34.0,2.0,1.0,0.0,61.0,19.0,3.0,.270,.333,.500,.833,.317,17.43,523.0,21.0,35.0,9.0,9.0,1.0,1.0,0.0,0.0,0.0,0.0,3.0,0.0,0.0,0.0,2.0,2.0,0.0,.111,.111,.222,.333,.167,-.--,42.0,1.0,4.0,2025
665489,Vladimir Guerrero Jr.,141,Toronto Blue Jays,,1B,2026,420.0,367.0,96.0,16.0,0.0,6.0,44.0,5.0,55.0,4.0,5.0,0.0,130.0,42.0,13.0,.262,.343,.354,.697,.289,61.17,1496.0,114.0,107.0,680.0,589.0,172.0,34.0,0.0,23.0,81.0,8.0,94.0,6.0,4.0,0.0,275.0,84.0,17.0,.292,.381,.467,.848,.313,25.61,2502.0,179.0,148.0,2025
620443,Luis Torrens,121,New York Mets,,C,2026,188.0,171.0,39.0,11.0,0.0,2.0,11.0,0.0,38.0,4.0,0.0,2.0,56.0,19.0,1.0,.228,.290,.327,.617,.282,85.50,732.0,57.0,39.0,283.0,261.0,59.0,14.0,1.0,5.0,19.0,0.0,56.0,2.0,0.0,1.0,90.0,29.0,7.0,.226,.284,.345,.629,.270,52.20,1069.0,89.0,58.0,2025
622491,Luis Castillo,136,Seattle Mariners,,P,2026,,,,,,,,,,,,,,,,,,,,,,,,,,,,,,,,,,,,,,,,,,,,,,,,,2025
663457,Lars Nootbaar,138,St. Louis Cardinals,,LF,2026,151.0,130.0,32.0,6.0,1.0,3.0,20.0,1.0,33.0,0.0,1.0,0.0,49.0,15.0,3.0,.246,.344,.377,.721,.305,43.33,609.0,35.0,31.0,583.0,509.0,119.0,24.0,1.0,13.0,64.0,3.0,119.0,6.0,3.0,1.0,184.0,48.0,4.0,.234,.325,.361,.686,.279,39.15,2359.0,109.0,166.0,2025
677800,Wilyer Abreu,111,Boston Red Sox,,RF,2026,434.0,383.0,98.0,21.0,3.0,15.0,42.0,2.0,89.0,2.0,5.0,1.0,170.0,50.0,7.0,.256,.329,.444,.773,.292,25.53,1713.0,68.0,134.0,417.0,373.0,92.0,17.0,0.0,22.0,40.0,5.0,101.0,0.0,3.0,1.0,175.0,69.0,8.0,.247,.317,.469,.786,.277,16.96,1600.0,63.0,121.0,2025
679845,Nick Loftin,118,Kansas City Royals,,3B,2026,233.0,201.0,50.0,16.0,1.0,4.0,22.0,0.0,30.0,5.0,3.0,2.0,80.0,33.0,6.0,.249,.333,.398,.731,.271,50.25,836.0,58.0,68.0,188.0,168.0,35.0,9.0,2.0,4.0,14.0,0.0,27.0,3.0,2.0,1.0,60.0,20.0,7.0,.208,.278,.357,.635,.223,42.00,676.0,48.0,61.0,2025
694192,Jackson Chourio,158,Milwaukee Brewers,,LF,2026,313.0,286.0,79.0,17.0,0.0,13.0,24.0,2.0,78.0,2.0,1.0,0.0,135.0,39.0,3.0,.276,.335,.472,.807,.337,22.00,1233.0,60.0,70.0,589.0,549.0,148.0,35.0,4.0,21.0,30.0,1.0,121.0,3.0,6.0,1.0,254.0,78.0,13.0,.270,.308,.463,.771,.308,26.14,2108.0,129.0,158.0,2025
683953,Travis Bazzana,114,Cleveland Guardians,,2B,2026,318.0,273.0,65.0,14.0,2.0,9.0,38.0,1.0,69.0,4.0,3.0,0.0,110.0,33.0,1.0,.238,.336,.403,.739,.283,30.33,1294.0,65.0,77.0,,,,,,,,,,,,,,,,,,,,,,,,,2025
700337,Edgar Quero,145,Chicago White Sox,,C,2026,176.0,153.0,28.0,1.0,0.0,2.0,13.0,0.0,41.0,3.0,5.0,2.0,35.0,15.0,5.0,.183,.253,.229,.482,.226,76.50,669.0,46.0,45.0,403.0,365.0,98.0,17.0,0.0,5.0,32.0,0.0,71.0,4.0,2.0,0.0,130.0,36.0,8.0,.268,.333,.356,.689,.320,73.00,1583.0,107.0,91.0,2025
681909,Justin Dean,112,Chicago Cubs,,CF,2026,8.0,6.0,2.0,0.0,1.0,0.0,2.0,0.0,3.0,0.0,0.0,0.0,4.0,3.0,0.0,.333,.500,.667,1.167,.667,-.--,31.0,1.0,0.0,2.0,2.0,0.0,0.0,0.0,0.0,0.0,0.0,1.0,0.0,0.0,0.0,0.0,0.0,0.0,.000,.000,.000,.000,.000,-.--,11.0,1.0,0.0,2025
681911,Alex Vesia,119,Los Angeles Dodgers,,P,2026,0.0,0.0,0.0,0.0,0.0,0.0,0.0,0.0,0.0,0.0,0.0,0.0,0.0,0.0,0.0,.000,.000,.000,.000,.---,-.--,0.0,0.0,0.0,,,,,,,,,,,,,,,,,,,,,,,,,2025
681916,Dylan Smith,137,San Francisco Giants,,P,2026,0.0,0.0,0.0,0.0,0.0,0.0,0.0,0.0,0.0,0.0,0.0,0.0,0.0,0.0,0.0,.000,.000,.000,.000,.---,-.--,0.0,0.0,0.0,,,,,,,,,,,,,,,,,,,,,,,,,2025
810938,Ben Williamson,139,Tampa Bay Rays,,2B,2026,245.0,223.0,56.0,10.0,1.0,2.0,20.0,0.0,47.0,1.0,0.0,1.0,74.0,25.0,6.0,.251,.316,.332,.648,.310,111.50,955.0,71.0,50.0,295.0,277.0,70.0,13.0,0.0,1.0,15.0,0.0,64.0,1.0,0.0,2.0,86.0,21.0,5.0,.253,.294,.310,.604,.325,277.00,1216.0,90.0,55.0,2025
694203,Denzer Guzman,108,Los Angeles Angels,,3B,2026,130.0,121.0,30.0,4.0,0.0,4.0,8.0,0.0,35.0,0.0,0.0,0.0,46.0,14.0,1.0,.248,.295,.380,.675,.317,30.25,484.0,28.0,28.0,43.0,42.0,8.0,1.0,0.0,2.0,1.0,0.0,22.0,0.0,0.0,0.0,15.0,3.0,0.0,.190,.209,.357,.566,.333,21.00,176.0,4.0,8.0,2025
663494,Bryan Torres,138,St. Louis Cardinals,,LF,2026,77.0,70.0,15.0,0.0,2.0,4.0,6.0,0.0,16.0,0.0,0.0,1.0,31.0,10.0,0.0,.214,.276,.443,.719,.220,17.50,312.0,19.0,21.0,,,,,,,,,,,,,,,,,,,,,,,,,2025
679883,Luinder Avila,118,Kansas City Royals,,P,2026,,,,,,,,,,,,,,,,,,,,,,,,,0.0,0.0,0.0,0.0,0.0,0.0,0.0,0.0,0.0,0.0,0.0,0.0,0.0,0.0,0.0,.000,.000,.000,.000,.---,-.--,0.0,0.0,0.0,2025
624585,Jorge Soler,108,Los Angeles Angels,,DH,2026,335.0,293.0,60.0,14.0,1.0,11.0,32.0,0.0,111.0,6.0,4.0,0.0,109.0,45.0,8.0,.205,.293,.372,.665,.280,26.64,1364.0,60.0,66.0,315.0,279.0,60.0,12.0,0.0,12.0,28.0,0.0,94.0,4.0,3.0,0.0,108.0,34.0,5.0,.215,.293,.387,.680,.273,23.25,1290.0,61.0,67.0,2025
696270,Ryan Johnson,108,Los Angeles Angels,,P,2026,,,,,,,,,,,,,,,,,,,,,,,,,,,,,,,,,,,,,,,,,,,,,,,,,2025
593871,Jorge Polanco,121,New York Mets,,DH,2026,93.0,87.0,14.0,4.0,0.0,1.0,6.0,0.0,20.0,0.0,0.0,0.0,21.0,4.0,1.0,.161,.215,.241,.456,.197,87.00,353.0,23.0,30.0,524.0,471.0,125.0,30.0,0.0,26.0,42.0,1.0,82.0,3.0,5.0,3.0,233.0,78.0,7.0,.265,.326,.495,.821,.269,18.12,2023.0,114.0,158.0,2025
696285,Jacob Young,120,Washington Nationals,,CF,2026,309.0,285.0,65.0,12.0,2.0,9.0,17.0,0.0,57.0,5.0,0.0,2.0,108.0,33.0,5.0,.228,.283,.379,.662,.256,31.67,1151.0,78.0,87.0,364.0,324.0,75.0,10.0,1.0,2.0,27.0,0.0,65.0,3.0,1.0,9.0,93.0,31.0,7.0,.231,.296,.287,.583,.283,162.00,1367.0,115.0,79.0,2025
655316,Andruw Monasterio,111,Boston Red Sox,,SS,2026,184.0,169.0,42.0,15.0,1.0,5.0,13.0,0.0,40.0,0.0,1.0,1.0,74.0,18.0,2.0,.249,.301,.438,.739,.296,33.80,794.0,33.0,56.0,135.0,126.0,34.0,9.0,0.0,4.0,7.0,0.0,32.0,2.0,0.0,0.0,55.0,16.0,1.0,.270,.319,.437,.756,.333,31.50,558.0,19.0,41.0,2025
489446,Kirby Yates,108,Los Angeles Angels,,P,2026,,,,,,,,,,,,,,,,,,,,,,,,,,,,,,,,,,,,,,,,,,,,,,,,,2025
684007,Shota Imanaga,112,Chicago Cubs,,P,2026,,,,,,,,,,,,,,,,,,,,,,,,,,,,,,,,,,,,,,,,,,,,,,,,,2025
694249,Cole Carrigg,115,Colorado Rockies,,CF,2026,142.0,121.0,35.0,8.0,3.0,4.0,14.0,1.0,29.0,2.0,4.0,1.0,61.0,25.0,1.0,.289,.362,.504,.866,.337,30.25,539.0,23.0,39.0,,,,,,,,,,,,,,,,,,,,,,,,,2025
677865,Justin Bruihl,138,St. Louis Cardinals,,P,2026,,,,,,,,,,,,,,,,,,,,,,,,,,,,,,,,,,,,,,,,,,,,,,,,,2025
688107,Robert Gasser,158,Milwaukee Brewers,,P,2026,,,,,,,,,,,,,,,,,,,,,,,,,,,,,,,,,,,,,,,,,,,,,,,,,2025
815083,Mitch Farris,108,Los Angeles Angels,,P,2026,,,,,,,,,,,,,,,,,,,,,,,,,,,,,,,,,,,,,,,,,,,,,,,,,2025
677870,Leo Jiménez,146,Miami Marlins,,3B,2026,137.0,118.0,25.0,4.0,0.0,2.0,12.0,0.0,26.0,6.0,1.0,0.0,35.0,9.0,4.0,.212,.314,.297,.611,.253,59.00,566.0,41.0,27.0,32.0,29.0,2.0,0.0,0.0,1.0,2.0,0.0,8.0,0.0,0.0,1.0,5.0,1.0,1.0,.069,.129,.172,.301,.050,29.00,143.0,10.0,10.0,2025
606192,Teoscar Hernández,119,Los Angeles Dodgers,,LF,2026,274.0,244.0,60.0,10.0,0.0,8.0,25.0,1.0,76.0,2.0,3.0,0.0,94.0,37.0,9.0,.246,.318,.385,.703,.319,30.50,1113.0,47.0,64.0,546.0,511.0,126.0,29.0,1.0,25.0,26.0,0.0,134.0,3.0,5.0,0.0,232.0,89.0,13.0,.247,.284,.454,.738,.283,20.44,2139.0,136.0,120.0,2025
663538,Nico Hoerner,112,Chicago Cubs,,2B,2026,451.0,405.0,99.0,23.0,1.0,4.0,36.0,0.0,37.0,5.0,5.0,0.0,136.0,43.0,7.0,.244,.310,.336,.646,.257,101.25,1608.0,123.0,151.0,649.0,599.0,178.0,29.0,4.0,7.0,39.0,1.0,49.0,7.0,4.0,0.0,236.0,61.0,4.0,.297,.345,.394,.739,.313,85.57,2305.0,179.0,197.0,2025
669684,Chris Murphy,145,Chicago White Sox,,P,2026,,,,,,,,,,,,,,,,,,,,,,,,,,,,,,,,,,,,,,,,,,,,,,,,,2025
663542,Bryan Hudson,145,Chicago White Sox,,P,2026,,,,,,,,,,,,,,,,,,,,,,,,,,,,,,,,,,,,,,,,,,,,,,,,,2025
671739,Michael Harris II,144,Atlanta Braves,,CF,2026,390.0,370.0,111.0,20.0,0.0,19.0,15.0,0.0,77.0,2.0,3.0,0.0,188.0,61.0,3.0,.300,.328,.508,.836,.332,19.47,1409.0,93.0,92.0,641.0,611.0,152.0,26.0,6.0,20.0,16.0,1.0,128.0,3.0,7.0,4.0,250.0,86.0,7.0,.249,.268,.409,.677,.281,30.55,2177.0,193.0,149.0,2025
681982,Grant Anderson,158,Milwaukee Brewers,,P,2026,,,,,,,,,,,,,,,,,,,,,,,,,,,,,,,,,,,,,,,,,,,,,,,,,2025
808959,Munetaka Murakami,145,Chicago White Sox,,1B,2026,290.0,234.0,54.0,8.0,0.0,20.0,54.0,5.0,96.0,1.0,1.0,0.0,122.0,42.0,2.0,.231,.376,.521,.897,.286,11.70,1266.0,40.0,45.0,,,,,,,,,,,,,,,,,,,,,,,,,2025
622554,Seranthony Domínguez,145,Chicago White Sox,,P,2026,,,,,,,,,,,,,,,,,,,,,,,,,0.0,0.0,0.0,0.0,0.0,0.0,0.0,0.0,0.0,0.0,0.0,0.0,0.0,0.0,0.0,.000,.000,.000,.000,.---,-.--,0.0,0.0,0.0,2025
