batter_id,batter_name,team_id,team_name,batSide,primaryPosition,season,plateAppearances,atBats,hits,doubles,triples,homeRuns,baseOnBalls,intentionalWalks,strikeOuts,hitByPitch,sacFlies,sacBunts,totalBases,rbi,groundIntoDoublePlay,avg,obp,slg,ops,babip,atBatsPerHomeRun,numberOfPitches,groundOuts,airOuts,plateAppearances_prev,atBats_prev,hits_prev,doubles_prev,triples_prev,homeRuns_prev,baseOnBalls_prev,intentionalWalks_prev,strikeOuts_prev,hitByPitch_prev,sacFlies_prev,sacBunts_prev,totalBases_prev,rbi_prev,groundIntoDoublePlay_prev,avg_prev,obp_prev,slg_prev,ops_prev,babip_prev,atBatsPerHomeRun_prev,numberOfPitches_prev,groundOuts_prev,airOuts_prev,season_prev
663554,Casey Mize,135,San Diego Padres,,P,2026,,,,,,,,,,,,,,,,,,,,,,,,,,,,,,,,,,,,,,,,,,,,,,,,,2025
808963,Roki Sasaki,119,Los Angeles Dodgers,,P,2026,,,,,,,,,,,,,,,,,,,,,,,,,,,,,,,,,,,,,,,,,,,,,,,,,2025
624641,Edmundo Sosa,143,Philadelphia Phillies,,LF,2026,191.0,175.0,37.0,5.0,1.0,5.0,6.0,0.0,40.0,4.0,3.0,1.0,59.0,25.0,5.0,.211,.250,.337,.587,.241,35.00,714.0,55.0,47.0,261.0,243.0,67.0,12.0,1.0,11.0,10.0,0.0,56.0,2.0,2.0,3.0,114.0,39.0,7.0,.276,.307,.469,.776,.315,22.09,942.0,67.0,58.0,2025
669701,Josh Smith,141,Toronto Blue Jays,,2B,2026,155.0,137.0,29.0,3.0,1.0,1.0,16.0,1.0,29.0,1.0,1.0,0.0,37.0,8.0,3.0,.212,.297,.270,.567,.259,137.00,591.0,32.0,48.0,563.0,495.0,124.0,23.0,2.0,10.0,55.0,2.0,100.0,8.0,1.0,3.0,181.0,35.0,3.0,.251,.335,.366,.701,.295,49.50,2287.0,139.0,136.0,2025
663558,Jovani Morán,111,Boston Red Sox,,P,2026,,,,,,,,,,,,,,,,,,,,,,,,,,,,,,,,,,,,,,,,,,,,,,,,,2025
808967,Yoshinobu Yamamoto,119,Los Angeles Dodgers,,P,2026,,,,,,,,,,,,,,,,,,,,,,,,,,,,,,,,,,,,,,,,,,,,,,,,,2025
675848,Juan Mejia,115,Colorado Rockies,,P,2026,,,,,,,,,,,,,,,,,,,,,,,,,0.0,0.0,0.0,0.0,0.0,0.0,0.0,0.0,0.0,0.0,0.0,0.0,0.0,0.0,0.0,.000,.000,.000,.000,.---,-.--,0.0,0.0,0.0,2025
595978,Austin Hedges,114,Cleveland Guardians,,C,2026,172.0,151.0,41.0,7.0,0.0,4.0,14.0,0.0,30.0,1.0,2.0,4.0,60.0,17.0,3.0,.272,.333,.397,.730,.311,37.75,654.0,46.0,40.0,180.0,155.0,25.0,3.0,0.0,5.0,18.0,0.0,43.0,1.0,2.0,4.0,43.0,10.0,2.0,.161,.250,.277,.527,.183,31.00,696.0,35.0,58.0,2025
669707,Jared Triolo,134,Pittsburgh Pirates,,SS,2026,256.0,227.0,55.0,12.0,0.0,1.0,22.0,0.0,55.0,4.0,0.0,1.0,70.0,20.0,6.0,.242,.320,.308,.628,.316,227.00,974.0,70.0,48.0,376.0,331.0,75.0,18.0,2.0,7.0,39.0,1.0,76.0,2.0,1.0,3.0,118.0,24.0,4.0,.227,.311,.356,.667,.273,47.29,1454.0,81.0,103.0,2025
663567,Peter Lambert,117,Houston Astros,,P,2026,,,,,,,,,,,,,,,,,,,,,,,,,,,,,,,,,,,,,,,,,,,,,,,,,2025
669711,Greg Weissert,111,Boston Red Sox,,P,2026,,,,,,,,,,,,,,,,,,,,,,,,,,,,,,,,,,,,,,,,,,,,,,,,,2025
669713,Hayden Wesneski,117,Houston Astros,,P,2026,,,,,,,,,,,,,,,,,,,,,,,,,,,,,,,,,,,,,,,,,,,,,,,,,2025
622608,Antonio Senzatela,158,Milwaukee Brewers,,P,2026,0.0,0.0,0.0,0.0,0.0,0.0,0.0,0.0,0.0,0.0,0.0,0.0,0.0,0.0,0.0,.000,.000,.000,.000,.---,-.--,0.0,0.0,0.0,,,,,,,,,,,,,,,,,,,,,,,,,2025
694297,Brandon Pfaadt,109,Arizona Diamondbacks,,P,2026,,,,,,,,,,,,,,,,,,,,,,,,,,,,,,,,,,,,,,,,,,,,,,,,,2025
665622,Luis Medina,133,Athletics,,P,2026,,,,,,,,,,,,,,,,,,,,,,,,,,,,,,,,,,,,,,,,,,,,,,,,,2025
661531,Brian Serven,133,Athletics,,C,2026,13.0,12.0,3.0,0.0,0.0,1.0,1.0,0.0,2.0,0.0,0.0,0.0,6.0,2.0,1.0,.250,.308,.500,.808,.222,12.00,52.0,6.0,1.0,,,,,,,,,,,,,,,,,,,,,,,,,2025
669724,Brenan Hanifee,116,Detroit Tigers,,P,2026,,,,,,,,,,,,,,,,,,,,,,,,,,,,,,,,,,,,,,,,,,,,,,,,,2025
593958,Eduardo Rodriguez,109,Arizona Diamondbacks,,P,2026,,,,,,,,,,,,,,,,,,,,,,,,,,,,,,,,,,,,,,,,,,,,,,,,,2025
663586,Austin Riley,144,Atlanta Braves,,3B,2026,452.0,405.0,89.0,16.0,1.0,13.0,35.0,0.0,139.0,10.0,2.0,0.0,146.0,54.0,9.0,.220,.296,.360,.656,.298,31.15,1824.0,72.0,107.0,447.0,416.0,108.0,20.0,1.0,16.0,27.0,1.0,128.0,3.0,1.0,0.0,178.0,54.0,9.0,.260,.309,.428,.737,.337,26.00,1791.0,69.0,112.0,2025
665645,Kervin Castro,147,New York Yankees,,P,2026,,,,,,,,,,,,,,,,,,,,,,,,,,,,,,,,,,,,,,,,,,,,,,,,,2025
596019,Francisco Lindor,121,New York Mets,,SS,2026,246.0,219.0,51.0,6.0,4.0,9.0,25.0,0.0,44.0,2.0,0.0,0.0,92.0,25.0,2.0,.233,.317,.420,.737,.253,24.33,1075.0,51.0,73.0,732.0,644.0,172.0,35.0,0.0,31.0,65.0,2.0,131.0,16.0,7.0,0.0,300.0,86.0,9.0,.267,.346,.466,.812,.288,20.77,2940.0,149.0,199.0,2025
669743,Alex Call,119,Los Angeles Dodgers,,LF,2026,145.0,122.0,30.0,6.0,0.0,1.0,18.0,0.0,24.0,3.0,2.0,0.0,39.0,16.0,2.0,.246,.352,.320,.672,.293,122.00,639.0,33.0,37.0,322.0,270.0,72.0,13.0,2.0,5.0,36.0,0.0,55.0,6.0,4.0,6.0,104.0,31.0,6.0,.267,.361,.385,.746,.313,54.00,1314.0,80.0,73.0,2025
663604,Brandon Lockridge,158,Milwaukee Brewers,,LF,2026,97.0,86.0,25.0,4.0,0.0,0.0,10.0,0.0,26.0,0.0,0.0,1.0,29.0,12.0,0.0,.291,.365,.337,.702,.417,-.--,417.0,28.0,8.0,148.0,134.0,31.0,7.0,1.0,0.0,8.0,0.0,36.0,1.0,2.0,3.0,40.0,11.0,2.0,.231,.276,.299,.575,.310,-.--,578.0,44.0,28.0,2025
593974,Wandy Peralta,135,San Diego Padres,,P,2026,0.0,0.0,0.0,0.0,0.0,0.0,0.0,0.0,0.0,0.0,0.0,0.0,0.0,0.0,0.0,.000,.000,.000,.000,.---,-.--,0.0,0.0,0.0,,,,,,,,,,,,,,,,,,,,,,,,,2025
677944,Slade Cecconi,114,Cleveland Guardians,,P,2026,,,,,,,,,,,,,,,,,,,,,,,,,,,,,,,,,,,,,,,,,,,,,,,,,2025
665660,Elvis Alvarado,133,Athletics,,P,2026,,,,,,,,,,,,,,,,,,,,,,,,,0.0,0.0,0.0,0.0,0.0,0.0,0.0,0.0,0.0,0.0,0.0,0.0,0.0,0.0,0.0,.000,.000,.000,.000,.---,-.--,0.0,0.0,0.0,2025
571448,Nolan Arenado,109,Arizona Diamondbacks,,3B,2026,418.0,369.0,90.0,20.0,0.0,16.0,39.0,2.0,87.0,7.0,3.0,0.0,158.0,53.0,9.0,.244,.325,.428,.753,.275,23.06,1689.0,87.0,108.0,436.0,401.0,95.0,18.0,1.0,12.0,28.0,4.0,49.0,3.0,4.0,0.0,151.0,52.0,10.0,.237,.289,.377,.666,.241,33.42,1586.0,101.0,160.0,2025
677951,Bobby Witt Jr.,118,Kansas City Royals,,SS,2026,419.0,374.0,106.0,23.0,1.0,13.0,41.0,4.0,74.0,1.0,3.0,0.0,170.0,41.0,6.0,.283,.353,.455,.808,.321,28.77,1542.0,72.0,125.0,687.0,623.0,184.0,47.0,6.0,23.0,49.0,8.0,125.0,8.0,7.0,0.0,312.0,88.0,7.0,.295,.351,.501,.852,.334,27.09,2511.0,124.0,197.0,2025
663616,Trevor Larnach,142,Minnesota Twins,,LF,2026,341.0,297.0,84.0,19.0,1.0,10.0,40.0,1.0,60.0,3.0,0.0,1.0,135.0,41.0,7.0,.283,.374,.455,.829,.326,29.70,1366.0,67.0,87.0,567.0,503.0,126.0,24.0,1.0,17.0,53.0,2.0,122.0,4.0,6.0,0.0,203.0,60.0,19.0,.250,.323,.404,.727,.295,29.59,2191.0,124.0,137.0,2025
677952,Braxton Ashcraft,134,Pittsburgh Pirates,,P,2026,,,,,,,,,,,,,,,,,,,,,,,,,,,,,,,,,,,,,,,,,,,,,,,,,2025
608324,Alex Bregman,112,Chicago Cubs,,3B,2026,508.0,439.0,108.0,23.0,1.0,11.0,56.0,2.0,82.0,8.0,5.0,0.0,166.0,47.0,11.0,.246,.339,.378,.717,.276,39.91,2024.0,103.0,151.0,495.0,433.0,118.0,28.0,0.0,18.0,51.0,3.0,70.0,9.0,2.0,0.0,200.0,62.0,12.0,.273,.360,.462,.822,.288,24.06,1947.0,101.0,146.0,2025
682052,Jacob Lopez,133,Athletics,,P,2026,,,,,,,,,,,,,,,,,,,,,,,,,,,,,,,,,,,,,,,,,,,,,,,,,2025
663623,Jake Irvin,120,Washington Nationals,,P,2026,,,,,,,,,,,,,,,,,,,,,,,,,,,,,,,,,,,,,,,,,,,,,,,,,2025
677961,Cole Wilcox,136,Seattle Mariners,,P,2026,,,,,,,,,,,,,,,,,,,,,,,,,,,,,,,,,,,,,,,,,,,,,,,,,2025
677960,Ryan Weathers,147,New York Yankees,,P,2026,,,,,,,,,,,,,,,,,,,,,,,,,,,,,,,,,,,,,,,,,,,,,,,,,2025
608331,Max Fried,147,New York Yankees,,P,2026,,,,,,,,,,,,,,,,,,,,,,,,,,,,,,,,,,,,,,,,,,,,,,,,,2025
677976,Randy Dobnak,118,Kansas City Royals,,P,2026,,,,,,,,,,,,,,,,,,,,,,,,,,,,,,,,,,,,,,,,,,,,,,,,,2025
663647,Ke'Bryan Hayes,113,Cincinnati Reds,,3B,2026,166.0,155.0,22.0,2.0,1.0,4.0,9.0,0.0,32.0,2.0,0.0,0.0,38.0,7.0,5.0,.142,.199,.245,.444,.151,38.75,562.0,40.0,61.0,570.0,527.0,124.0,16.0,3.0,5.0,36.0,1.0,111.0,5.0,1.0,1.0,161.0,49.0,12.0,.235,.290,.306,.596,.289,105.40,2154.0,154.0,140.0,2025
694374,Tim Tawa,109,Arizona Diamondbacks,,LF,2026,166.0,147.0,32.0,8.0,0.0,5.0,12.0,0.0,35.0,0.0,2.0,5.0,55.0,24.0,5.0,.218,.273,.374,.647,.248,29.40,659.0,47.0,40.0,225.0,199.0,40.0,8.0,0.0,7.0,20.0,0.0,64.0,1.0,3.0,2.0,69.0,18.0,6.0,.201,.274,.347,.621,.252,28.43,876.0,54.0,46.0,2025
608348,Carson Kelly,112,Chicago Cubs,,C,2026,298.0,262.0,68.0,10.0,0.0,7.0,33.0,0.0,50.0,3.0,0.0,0.0,99.0,40.0,7.0,.260,.349,.378,.727,.298,37.43,1174.0,69.0,75.0,421.0,369.0,92.0,13.0,1.0,17.0,45.0,0.0,80.0,3.0,4.0,0.0,158.0,50.0,11.0,.249,.333,.428,.761,.272,21.71,1667.0,88.0,113.0,2025
663656,Kyle Tucker,119,Los Angeles Dodgers,,RF,2026,440.0,378.0,92.0,18.0,2.0,10.0,55.0,0.0,84.0,3.0,4.0,0.0,144.0,52.0,3.0,.243,.341,.381,.722,.285,37.80,1743.0,88.0,118.0,597.0,500.0,133.0,25.0,4.0,22.0,87.0,7.0,88.0,4.0,3.0,1.0,232.0,73.0,8.0,.266,.377,.464,.841,.282,22.73,2306.0,114.0,169.0,2025
667755,José Soriano,141,Toronto Blue Jays,,P,2026,,,,,,,,,,,,,,,,,,,,,,,,,,,,,,,,,,,,,,,,,,,,,,,,,2025
657514,Brennan Bernardino,115,Colorado Rockies,,P,2026,,,,,,,,,,,,,,,,,,,,,,,,,0.0,0.0,0.0,0.0,0.0,0.0,0.0,0.0,0.0,0.0,0.0,0.0,0.0,0.0,0.0,.000,.000,.000,.000,.---,-.--,0.0,0.0,0.0,2025
594027,Tyron Guerrero,111,Boston Red Sox,,P,2026,,,,,,,,,,,,,,,,,,,,,,,,,,,,,,,,,,,,,,,,,,,,,,,,,2025
694378,Jacob Gonzalez,134,Pittsburgh Pirates,,SS,2026,143.0,131.0,31.0,6.0,0.0,5.0,8.0,0.0,28.0,2.0,1.0,1.0,52.0,24.0,3.0,.237,.289,.397,.686,.263,26.20,562.0,33.0,41.0,,,,,,,,,,,,,,,,,,,,,,,,,2025
608372,Tomoyuki Sugano,115,Colorado Rockies,,P,2026,,,,,,,,,,,,,,,,,,,,,,,,,,,,,,,,,,,,,,,,,,,,,,,,,2025
571510,Matthew Boyd,112,Chicago Cubs,,P,2026,,,,,,,,,,,,,,,,,,,,,,,,,,,,,,,,,,,,,,,,,,,,,,,,,2025
694384,Nolan Schanuel,108,Los Angeles Angels,,1B,2026,387.0,345.0,95.0,21.0,0.0,6.0,33.0,0.0,55.0,6.0,3.0,0.0,134.0,37.0,10.0,.275,.346,.388,.734,.310,57.50,1469.0,107.0,91.0,564.0,488.0,129.0,23.0,1.0,12.0,59.0,4.0,71.0,10.0,4.0,3.0,190.0,53.0,10.0,.264,.353,.389,.742,.286,40.67,2150.0,139.0,156.0,2025
675961,Alika Williams,133,Athletics,,SS,2026,123.0,115.0,31.0,10.0,0.0,2.0,4.0,0.0,33.0,1.0,1.0,2.0,47.0,10.0,2.0,.270,.298,.409,.707,.358,57.50,476.0,25.0,29.0,,,,,,,,,,,,,,,,,,,,,,,,,2025
608379,Michael Wacha,118,Kansas City Royals,,P,2026,,,,,,,,,,,,,,,,,,,,,,,,,,,,,,,,,,,,,,,,,,,,,,,,,2025
678022,Jack Perkins,133,Athletics,,P,2026,0.0,0.0,0.0,0.0,0.0,0.0,0.0,0.0,0.0,0.0,0.0,0.0,0.0,0.0,0.0,.000,.000,.000,.000,.---,-.--,0.0,0.0,0.0,,,,,,,,,,,,,,,,,,,,,,,,,2025
678011,Anthony Seigler,111,Boston Red Sox,,2B,2026,133.0,119.0,28.0,9.0,0.0,3.0,11.0,0.0,23.0,1.0,1.0,1.0,46.0,9.0,3.0,.235,.303,.387,.690,.266,39.67,479.0,36.0,34.0,73.0,62.0,12.0,1.0,0.0,0.0,8.0,0.0,16.0,1.0,1.0,1.0,13.0,5.0,2.0,.194,.292,.210,.502,.255,-.--,276.0,19.0,17.0,2025
663687,Hogan Harris,133,Athletics,,P,2026,,,,,,,,,,,,,,,,,,,,,,,,,,,,,,,,,,,,,,,,,,,,,,,,,2025
682120,Tim Herrin,114,Cleveland Guardians,,P,2026,,,,,,,,,,,,,,,,,,,,,,,,,0.0,0.0,0.0,0.0,0.0,0.0,0.0,0.0,0.0,0.0,0.0,0.0,0.0,0.0,0.0,.000,.000,.000,.000,.---,-.--,0.0,0.0,0.0,2025
647304,Josh Naylor,136,Seattle Mariners,,1B,2026,459.0,417.0,109.0,16.0,0.0,8.0,36.0,2.0,57.0,4.0,1.0,0.0,149.0,40.0,15.0,.261,.325,.357,.682,.286,52.12,1511.0,127.0,125.0,604.0,543.0,160.0,29.0,1.0,20.0,48.0,4.0,83.0,4.0,5.0,0.0,251.0,92.0,17.0,.295,.353,.462,.815,.315,27.15,2013.0,158.0,147.0,2025
645261,Sandy Alcantara,146,Miami Marlins,,P,2026,,,,,,,,,,,,,,,,,,,,,,,,,,,,,,,,,,,,,,,,,,,,,,,,,2025
643217,Andrew Benintendi,145,Chicago White Sox,,DH,2026,339.0,305.0,75.0,17.0,2.0,12.0,29.0,1.0,81.0,0.0,4.0,1.0,132.0,57.0,5.0,.246,.308,.433,.741,.292,25.42,1274.0,67.0,87.0,470.0,420.0,101.0,16.0,2.0,20.0,40.0,2.0,82.0,3.0,6.0,0.0,181.0,63.0,5.0,.240,.307,.431,.738,.250,21.00,1721.0,88.0,155.0,2025
663698,Joey Bart,145,Chicago White Sox,,C,2026,123.0,109.0,24.0,4.0,0.0,4.0,7.0,0.0,32.0,6.0,1.0,0.0,40.0,13.0,1.0,.220,.301,.367,.668,.270,27.25,473.0,24.0,30.0,332.0,285.0,71.0,12.0,1.0,4.0,40.0,0.0,93.0,7.0,0.0,0.0,97.0,30.0,14.0,.249,.355,.340,.695,.356,71.25,1345.0,72.0,49.0,2025
665750,Leody Taveras,110,Baltimore Orioles,,CF,2026,342.0,297.0,65.0,10.0,5.0,5.0,34.0,0.0,86.0,1.0,1.0,9.0,100.0,39.0,7.0,.219,.300,.337,.637,.290,59.40,1357.0,72.0,84.0,180.0,171.0,35.0,6.0,1.0,3.0,5.0,0.0,50.0,0.0,1.0,3.0,52.0,17.0,0.0,.205,.226,.304,.530,.269,57.00,693.0,33.0,57.0,2025
596117,Garrett Stubbs,143,Philadelphia Phillies,,C,2026,38.0,34.0,5.0,0.0,0.0,0.0,1.0,0.0,7.0,2.0,1.0,0.0,5.0,2.0,0.0,.147,.211,.147,.358,.179,-.--,131.0,13.0,10.0,1.0,1.0,0.0,0.0,0.0,0.0,0.0,0.0,0.0,0.0,0.0,0.0,0.0,0.0,0.0,.000,.000,.000,.000,.000,-.--,4.0,1.0,0.0,2025
702616,Jackson Holliday,110,Baltimore Orioles,,2B,2026,197.0,166.0,41.0,5.0,1.0,5.0,28.0,1.0,50.0,0.0,3.0,0.0,63.0,20.0,4.0,.247,.350,.380,.730,.316,33.20,772.0,35.0,43.0,649.0,586.0,142.0,21.0,3.0,17.0,56.0,1.0,140.0,6.0,1.0,0.0,220.0,55.0,4.0,.242,.314,.375,.689,.291,34.47,2450.0,167.0,138.0,2025
645277,Ozzie Albies,144,Atlanta Braves,,2B,2026,488.0,441.0,116.0,21.0,0.0,19.0,31.0,1.0,71.0,5.0,11.0,0.0,194.0,63.0,3.0,.263,.311,.440,.751,.268,23.21,1753.0,100.0,165.0,667.0,603.0,145.0,23.0,2.0,16.0,55.0,2.0,94.0,4.0,5.0,0.0,220.0,74.0,9.0,.240,.306,.365,.671,.259,37.69,2402.0,146.0,223.0,2025
669854,Ronel Blanco,117,Houston Astros,,P,2026,,,,,,,,,,,,,,,,,,,,,,,,,,,,,,,,,,,,,,,,,,,,,,,,,2025
657571,Caleb Ferguson,138,St. Louis Cardinals,,P,2026,,,,,,,,,,,,,,,,,,,,,,,,,,,,,,,,,,,,,,,,,,,,,,,,,2025
596133,Luke Weaver,134,Pittsburgh Pirates,,P,2026,0.0,0.0,0.0,0.0,0.0,0.0,0.0,0.0,0.0,0.0,0.0,0.0,0.0,0.0,0.0,.000,.000,.000,.000,.---,-.--,0.0,0.0,0.0,,,,,,,,,,,,,,,,,,,,,,,,,2025
688297,Chris Roycroft,139,Tampa Bay Rays,,P,2026,,,,,,,,,,,,,,,,,,,,,,,,,,,,,,,,,,,,,,,,,,,,,,,,,2025
663728,Cal Raleigh,136,Seattle Mariners,,C,2026,346.0,300.0,49.0,8.0,0.0,12.0,41.0,0.0,113.0,2.0,3.0,0.0,93.0,43.0,5.0,.163,.266,.310,.576,.208,25.00,1512.0,45.0,96.0,705.0,596.0,147.0,24.0,0.0,60.0,97.0,17.0,188.0,9.0,3.0,0.0,351.0,125.0,6.0,.247,.359,.589,.948,.248,9.93,2833.0,79.0,185.0,2025
596142,Gary Sánchez,158,Milwaukee Brewers,,C,2026,193.0,154.0,33.0,6.0,1.0,8.0,36.0,0.0,35.0,2.0,1.0,0.0,65.0,26.0,6.0,.214,.368,.422,.790,.223,19.25,821.0,37.0,50.0,101.0,91.0,21.0,2.0,0.0,5.0,4.0,0.0,27.0,5.0,1.0,0.0,38.0,24.0,2.0,.231,.297,.418,.715,.267,18.20,415.0,21.0,23.0,2025
671922,Cade Smith,114,Cleveland Guardians,,P,2026,0.0,0.0,0.0,0.0,0.0,0.0,0.0,0.0,0.0,0.0,0.0,0.0,0.0,0.0,0.0,.000,.000,.000,.000,.---,-.--,0.0,0.0,0.0,,,,,,,,,,,,,,,,,,,,,,,,,2025
596146,Max Kepler,109,Arizona Diamondbacks,,LF,2026,98.0,87.0,19.0,6.0,0.0,2.0,9.0,1.0,20.0,0.0,2.0,0.0,31.0,15.0,3.0,.218,.286,.356,.642,.254,43.50,366.0,14.0,36.0,474.0,417.0,90.0,19.0,0.0,18.0,48.0,3.0,93.0,4.0,4.0,1.0,163.0,52.0,10.0,.216,.300,.391,.691,.232,23.17,1826.0,95.0,144.0,2025
645302,Victor Robles,136,Seattle Mariners,,RF,2026,126.0,116.0,28.0,3.0,0.0,0.0,5.0,0.0,21.0,3.0,1.0,1.0,31.0,5.0,4.0,.241,.288,.267,.555,.292,-.--,443.0,30.0,39.0,114.0,106.0,26.0,4.0,1.0,1.0,3.0,0.0,26.0,3.0,2.0,0.0,35.0,9.0,3.0,.245,.281,.330,.611,.309,106.00,375.0,29.0,27.0,2025
645305,Ali Sánchez,147,New York Yankees,,C,2026,59.0,55.0,15.0,2.0,0.0,1.0,1.0,0.0,14.0,2.0,1.0,0.0,20.0,7.0,2.0,.273,.305,.364,.669,.341,55.00,212.0,13.0,14.0,23.0,23.0,5.0,2.0,0.0,0.0,0.0,0.0,6.0,0.0,0.0,0.0,7.0,0.0,1.0,.217,.217,.304,.521,.294,-.--,80.0,6.0,6.0,2025
663743,Nick Fortes,139,Tampa Bay Rays,,C,2026,259.0,241.0,67.0,14.0,0.0,4.0,7.0,0.0,31.0,8.0,1.0,2.0,93.0,28.0,6.0,.278,.319,.386,.705,.304,60.25,877.0,78.0,68.0,242.0,218.0,50.0,9.0,1.0,5.0,14.0,0.0,47.0,7.0,1.0,2.0,76.0,21.0,7.0,.229,.296,.349,.645,.269,43.60,915.0,59.0,65.0,2025
663738,Daniel Lynch IV,118,Kansas City Royals,,P,2026,,,,,,,,,,,,,,,,,,,,,,,,,0.0,0.0,0.0,0.0,0.0,0.0,0.0,0.0,0.0,0.0,0.0,0.0,0.0,0.0,0.0,.000,.000,.000,.000,.---,-.--,0.0,0.0,0.0,2025
803011,Sam Antonacci,145,Chicago White Sox,,LF,2026,368.0,319.0,87.0,14.0,2.0,8.0,26.0,0.0,57.0,19.0,1.0,3.0,129.0,32.0,1.0,.273,.362,.404,.766,.310,39.88,1452.0,109.0,70.0,,,,,,,,,,,,,,,,,,,,,,,,,2025
696519,Samy Natera Jr.,108,Los Angeles Angels,,P,2026,,,,,,,,,,,,,,,,,,,,,,,,,,,,,,,,,,,,,,,,,,,,,,,,,2025
665804,Miguel Amaya,112,Chicago Cubs,,C,2026,187.0,159.0,37.0,9.0,0.0,3.0,18.0,0.0,47.0,8.0,0.0,1.0,55.0,18.0,5.0,.233,.341,.346,.687,.312,53.00,785.0,29.0,47.0,103.0,96.0,27.0,9.0,0.0,4.0,4.0,0.0,22.0,1.0,1.0,1.0,48.0,25.0,0.0,.281,.314,.500,.814,.324,24.00,385.0,22.0,27.0,2025
696522,Hayden Juenger,133,Athletics,,P,2026,,,,,,,,,,,,,,,,,,,,,,,,,,,,,,,,,,,,,,,,,,,,,,,,,2025
657612,Tim Hill,147,New York Yankees,,P,2026,,,,,,,,,,,,,,,,,,,,,,,,,,,,,,,,,,,,,,,,,,,,,,,,,2025
663757,Trent Grisham,147,New York Yankees,,CF,2026,374.0,322.0,69.0,15.0,2.0,12.0,48.0,0.0,60.0,0.0,3.0,0.0,124.0,43.0,5.0,.214,.314,.385,.699,.225,26.83,1500.0,87.0,109.0,581.0,494.0,116.0,9.0,1.0,34.0,82.0,0.0,137.0,4.0,1.0,0.0,229.0,74.0,7.0,.235,.348,.464,.812,.253,14.53,2393.0,107.0,135.0,2025
694477,Chad Patrick,158,Milwaukee Brewers,,P,2026,0.0,0.0,0.0,0.0,0.0,0.0,0.0,0.0,0.0,0.0,0.0,0.0,0.0,0.0,0.0,.000,.000,.000,.000,.---,-.--,0.0,0.0,0.0,,,,,,,,,,,,,,,,,,,,,,,,,2025
663767,Chase Shugart,143,Philadelphia Phillies,,P,2026,0.0,0.0,0.0,0.0,0.0,0.0,0.0,0.0,0.0,0.0,0.0,0.0,0.0,0.0,0.0,.000,.000,.000,.000,.---,-.--,0.0,0.0,0.0,,,,,,,,,,,,,,,,,,,,,,,,,2025
663776,Patrick Sandoval,111,Boston Red Sox,,P,2026,,,,,,,,,,,,,,,,,,,,,,,,,,,,,,,,,,,,,,,,,,,,,,,,,2025
643289,Mauricio Dubón,144,Atlanta Braves,,LF,2026,439.0,405.0,105.0,21.0,2.0,10.0,27.0,0.0,59.0,2.0,1.0,1.0,160.0,55.0,5.0,.259,.308,.395,.703,.282,40.50,1626.0,115.0,128.0,398.0,369.0,89.0,21.0,0.0,7.0,24.0,0.0,42.0,1.0,1.0,3.0,131.0,33.0,12.0,.241,.289,.355,.644,.255,52.71,1346.0,110.0,132.0,2025
671976,Tristan Peters,145,Chicago White Sox,,CF,2026,335.0,302.0,80.0,21.0,3.0,6.0,23.0,0.0,62.0,4.0,2.0,4.0,125.0,38.0,0.0,.265,.323,.414,.737,.314,50.33,1218.0,77.0,89.0,12.0,12.0,0.0,0.0,0.0,0.0,0.0,0.0,7.0,0.0,0.0,0.0,0.0,0.0,0.0,.000,.000,.000,.000,.000,-.--,46.0,1.0,4.0,2025
669923,George Kirby,136,Seattle Mariners,,P,2026,,,,,,,,,,,,,,,,,,,,,,,,,,,,,,,,,,,,,,,,,,,,,,,,,2025
700669,Gordon Graceffo,138,St. Louis Cardinals,,P,2026,,,,,,,,,,,,,,,,,,,,,,,,,,,,,,,,,,,,,,,,,,,,,,,,,2025
676083,Janson Junk,146,Miami Marlins,,P,2026,,,,,,,,,,,,,,,,,,,,,,,,,,,,,,,,,,,,,,,,,,,,,,,,,2025
823550,Sung-Mun Song,135,San Diego Padres,,2B,2026,124.0,106.0,22.0,4.0,0.0,1.0,16.0,0.0,23.0,0.0,0.0,2.0,29.0,15.0,3.0,.208,.311,.274,.585,.256,106.00,505.0,26.0,37.0,,,,,,,,,,,,,,,,,,,,,,,,,2025
606466,Ketel Marte,109,Arizona Diamondbacks,,2B,2026,483.0,441.0,109.0,22.0,3.0,19.0,34.0,2.0,73.0,4.0,4.0,0.0,194.0,62.0,4.0,.247,.304,.440,.744,.255,23.21,1737.0,126.0,137.0,556.0,480.0,136.0,28.0,0.0,28.0,64.0,6.0,83.0,9.0,3.0,0.0,248.0,72.0,12.0,.283,.376,.517,.893,.290,17.14,2095.0,129.0,135.0,2025
805123,AJ Blubaugh,117,Houston Astros,,P,2026,,,,,,,,,,,,,,,,,,,,,,,,,,,,,,,,,,,,,,,,,,,,,,,,,2025
682243,Bryce Miller,136,Seattle Mariners,,P,2026,,,,,,,,,,,,,,,,,,,,,,,,,,,,,,,,,,,,,,,,,,,,,,,,,2025
665862,Jazz Chisholm Jr.,147,New York Yankees,,2B,2026,420.0,376.0,82.0,14.0,2.0,17.0,40.0,3.0,130.0,1.0,3.0,0.0,151.0,46.0,5.0,.218,.293,.402,.695,.280,22.12,1723.0,81.0,86.0,531.0,462.0,112.0,15.0,1.0,31.0,58.0,1.0,148.0,6.0,4.0,1.0,222.0,80.0,3.0,.242,.332,.481,.813,.282,14.90,2138.0,90.0,117.0,2025
676106,Emerson Hancock,136,Seattle Mariners,,P,2026,,,,,,,,,,,,,,,,,,,,,,,,,0.0,0.0,0.0,0.0,0.0,0.0,0.0,0.0,0.0,0.0,0.0,0.0,0.0,0.0,0.0,.000,.000,.000,.000,.---,-.--,0.0,0.0,0.0,2025
682254,Mason Montgomery,134,Pittsburgh Pirates,,P,2026,,,,,,,,,,,,,,,,,,,,,,,,,,,,,,,,,,,,,,,,,,,,,,,,,2025
665871,Javier Assad,112,Chicago Cubs,,P,2026,0.0,0.0,0.0,0.0,0.0,0.0,0.0,0.0,0.0,0.0,0.0,0.0,0.0,0.0,0.0,.000,.000,.000,.000,.---,-.--,0.0,0.0,0.0,,,,,,,,,,,,,,,,,,,,,,,,,2025
592155,Cam Booser,139,Tampa Bay Rays,,P,2026,,,,,,,,,,,,,,,,,,,,,,,,,,,,,,,,,,,,,,,,,,,,,,,,,2025
665877,José Fermín,138,St. Louis Cardinals,,LF,2026,231.0,207.0,50.0,10.0,0.0,5.0,18.0,0.0,30.0,1.0,2.0,1.0,75.0,24.0,8.0,.242,.303,.362,.665,.259,41.40,947.0,56.0,74.0,70.0,60.0,17.0,5.0,0.0,1.0,8.0,0.0,10.0,1.0,0.0,1.0,25.0,9.0,0.0,.283,.377,.417,.794,.327,60.00,271.0,16.0,18.0,2025
682274,Yaramil Hiraldo,110,Baltimore Orioles,,P,2026,,,,,,,,,,,,,,,,,,,,,,,,,,,,,,,,,,,,,,,,,,,,,,,,,2025
641312,Shaun Anderson,108,Los Angeles Angels,,P,2026,,,,,,,,,,,,,,,,,,,,,,,,,,,,,,,,,,,,,,,,,,,,,,,,,2025
700712,Walbert Ureña,108,Los Angeles Angels,,P,2026,,,,,,,,,,,,,,,,,,,,,,,,,,,,,,,,,,,,,,,,,,,,,,,,,2025
663855,Jordan Hicks,145,Chicago White Sox,,P,2026,,,,,,,,,,,,,,,,,,,,,,,,,,,,,,,,,,,,,,,,,,,,,,,,,2025
641329,Bryan Baker,139,Tampa Bay Rays,,P,2026,,,,,,,,,,,,,,,,,,,,,,,,,0.0,0.0,0.0,0.0,0.0,0.0,0.0,0.0,0.0,0.0,0.0,0.0,0.0,0.0,0.0,.000,.000,.000,.000,.---,-.--,0.0,0.0,0.0,2025
643377,Griffin Jax,139,Tampa Bay Rays,,P,2026,,,,,,,,,,,,,,,,,,,,,,,,,0.0,0.0,0.0,0.0,0.0,0.0,0.0,0.0,0.0,0.0,0.0,0.0,0.0,0.0,0.0,.000,.000,.000,.000,.---,-.--,0.0,0.0,0.0,2025
608566,Germán Márquez,135,San Diego Padres,,P,2026,,,,,,,,,,,,,,,,,,,,,,,,,,,,,,,,,,,,,,,,,,,,,,,,,2025
543037,Gerrit Cole,147,New York Yankees,,P,2026,,,,,,,,,,,,,,,,,,,,,,,,,,,,,,,,,,,,,,,,,,,,,,,,,2025
641343,Jake Bauers,158,Milwaukee Brewers,,1B,2026,403.0,344.0,93.0,16.0,2.0,20.0,55.0,3.0,103.0,3.0,1.0,0.0,173.0,64.0,3.0,.270,.375,.503,.878,.329,17.20,1645.0,79.0,70.0,218.0,183.0,43.0,9.0,0.0,7.0,32.0,1.0,59.0,2.0,1.0,0.0,73.0,28.0,1.0,.235,.353,.399,.752,.305,26.14,895.0,35.0,47.0,2025
665923,Esteury Ruiz,146,Miami Marlins,,RF,2026,149.0,123.0,32.0,9.0,1.0,5.0,16.0,0.0,44.0,7.0,1.0,1.0,58.0,10.0,0.0,.260,.374,.472,.846,.360,24.60,596.0,12.0,37.0,23.0,21.0,4.0,0.0,0.0,1.0,2.0,0.0,8.0,0.0,0.0,0.0,7.0,2.0,0.0,.190,.261,.333,.594,.250,21.00,88.0,5.0,4.0,2025
663878,Nate Pearson,118,Kansas City Royals,,P,2026,0.0,0.0,0.0,0.0,0.0,0.0,0.0,0.0,0.0,0.0,0.0,0.0,0.0,0.0,0.0,.000,.000,.000,.000,.---,-.--,0.0,0.0,0.0,,,,,,,,,,,,,,,,,,,,,,,,,2025
665926,Andrés Giménez,141,Toronto Blue Jays,,SS,2026,360.0,333.0,77.0,16.0,1.0,7.0,11.0,0.0,68.0,10.0,4.0,2.0,116.0,41.0,6.0,.231,.274,.348,.622,.267,47.57,1355.0,102.0,92.0,369.0,329.0,69.0,11.0,1.0,7.0,25.0,0.0,66.0,11.0,3.0,1.0,103.0,35.0,8.0,.210,.285,.313,.598,.239,47.00,1452.0,97.0,101.0,2025
678218,Brandon Valenzuela,141,Toronto Blue Jays,,C,2026,207.0,184.0,44.0,6.0,0.0,8.0,21.0,0.0,53.0,0.0,1.0,1.0,74.0,21.0,2.0,.239,.316,.402,.718,.290,23.00,835.0,40.0,49.0,,,,,,,,,,,,,,,,,,,,,,,,,2025
663886,Tyler Stephenson,113,Cincinnati Reds,,C,2026,308.0,270.0,68.0,16.0,0.0,9.0,35.0,1.0,77.0,1.0,2.0,0.0,111.0,32.0,5.0,.252,.338,.411,.749,.317,30.00,1236.0,49.0,78.0,342.0,299.0,69.0,18.0,0.0,13.0,37.0,1.0,116.0,2.0,4.0,0.0,126.0,50.0,4.0,.231,.316,.421,.737,.322,23.00,1389.0,57.0,61.0,2025
657746,Joe Ryan,142,Minnesota Twins,,P,2026,,,,,,,,,,,,,,,,,,,,,,,,,,,,,,,,,,,,,,,,,,,,,,,,,2025
670036,Matt Festa,114,Cleveland Guardians,,P,2026,,,,,,,,,,,,,,,,,,,,,,,,,0.0,0.0,0.0,0.0,0.0,0.0,0.0,0.0,0.0,0.0,0.0,0.0,0.0,0.0,0.0,.000,.000,.000,.000,.---,-.--,0.0,0.0,0.0,2025
663893,Brendon Little,141,Toronto Blue Jays,,P,2026,,,,,,,,,,,,,,,,,,,,,,,,,,,,,,,,,,,,,,,,,,,,,,,,,2025
657757,Gavin Sheets,135,San Diego Padres,,1B,2026,365.0,316.0,68.0,15.0,0.0,14.0,43.0,0.0,76.0,4.0,2.0,0.0,125.0,43.0,10.0,.215,.315,.396,.711,.237,22.57,1559.0,92.0,82.0,545.0,492.0,124.0,28.0,1.0,19.0,44.0,1.0,107.0,5.0,4.0,0.0,211.0,71.0,9.0,.252,.317,.429,.746,.284,25.90,2279.0,111.0,154.0,2025
663903,Brady Singer,113,Cincinnati Reds,,P,2026,,,,,,,,,,,,,,,,,,,,,,,,,,,,,,,,,,,,,,,,,,,,,,,,,2025
665953,Andrés Chaparro,120,Washington Nationals,,1B,2026,103.0,87.0,18.0,5.0,0.0,6.0,13.0,0.0,24.0,3.0,0.0,0.0,41.0,21.0,3.0,.207,.330,.471,.801,.211,14.50,387.0,24.0,21.0,73.0,66.0,12.0,2.0,0.0,1.0,5.0,0.0,22.0,1.0,1.0,0.0,17.0,5.0,0.0,.182,.247,.258,.505,.250,66.00,282.0,15.0,18.0,2025
545121,Ildemaro Vargas,109,Arizona Diamondbacks,,1B,2026,349.0,324.0,88.0,16.0,3.0,7.0,20.0,2.0,34.0,2.0,1.0,1.0,131.0,51.0,4.0,.272,.317,.404,.721,.285,46.29,1228.0,108.0,96.0,121.0,115.0,31.0,2.0,1.0,3.0,2.0,0.0,15.0,2.0,1.0,1.0,44.0,19.0,3.0,.270,.292,.383,.675,.286,38.33,429.0,46.0,25.0,2025
678246,Miguel Vargas,145,Chicago White Sox,,3B,2026,485.0,411.0,97.0,25.0,1.0,24.0,61.0,2.0,86.0,7.0,5.0,0.0,196.0,67.0,6.0,.236,.341,.477,.818,.239,17.12,1888.0,77.0,156.0,569.0,504.0,118.0,32.0,2.0,16.0,56.0,0.0,100.0,6.0,3.0,0.0,202.0,60.0,9.0,.234,.316,.401,.717,.261,31.50,2323.0,91.0,198.0,2025
670059,Colin Holderman,114,Cleveland Guardians,,P,2026,,,,,,,,,,,,,,,,,,,,,,,,,,,,,,,,,,,,,,,,,,,,,,,,,2025
547179,Michael Lorenzen,115,Colorado Rockies,,P,2026,,,,,,,,,,,,,,,,,,,,,,,,,,,,,,,,,,,,,,,,,,,,,,,,,2025
665966,Carlos Narváez,110,Baltimore Orioles,,C,2026,200.0,173.0,32.0,6.0,0.0,3.0,14.0,0.0,66.0,5.0,3.0,5.0,47.0,10.0,6.0,.185,.262,.272,.534,.271,57.67,813.0,37.0,46.0,446.0,403.0,97.0,27.0,0.0,15.0,38.0,0.0,111.0,1.0,2.0,2.0,169.0,50.0,12.0,.241,.306,.419,.725,.294,26.87,1829.0,98.0,101.0,2025
547180,Bryce Harper,143,Philadelphia Phillies,,1B,2026,480.0,402.0,102.0,21.0,3.0,24.0,70.0,3.0,103.0,1.0,7.0,0.0,201.0,68.0,11.0,.254,.360,.500,.860,.277,16.75,1859.0,104.0,100.0,580.0,501.0,131.0,32.0,0.0,27.0,70.0,6.0,121.0,6.0,3.0,0.0,244.0,75.0,5.0,.261,.357,.487,.844,.292,18.56,2172.0,127.0,125.0,2025
670062,Julian Garcia,113,Cincinnati Reds,,P,2026,,,,,,,,,,,,,,,,,,,,,,,,,,,,,,,,,,,,,,,,,,,,,,,,,2025
801139,Payton Tolle,111,Boston Red Sox,,P,2026,,,,,,,,,,,,,,,,,,,,,,,,,,,,,,,,,,,,,,,,,,,,,,,,,2025
694646,Chayce McDermott,121,New York Mets,,P,2026,,,,,,,,,,,,,,,,,,,,,,,,,,,,,,,,,,,,,,,,,,,,,,,,,2025
643446,Jeff McNeil,133,Athletics,,2B,2026,342.0,311.0,79.0,13.0,0.0,4.0,23.0,1.0,41.0,4.0,3.0,1.0,104.0,35.0,10.0,.254,.311,.334,.645,.279,77.75,1247.0,89.0,106.0,462.0,399.0,97.0,21.0,5.0,12.0,49.0,4.0,55.0,8.0,4.0,2.0,164.0,54.0,5.0,.243,.335,.411,.746,.253,33.25,1718.0,109.0,144.0,2025
571771,Enrique Hernández,119,Los Angeles Dodgers,,1B,2026,16.0,16.0,5.0,2.0,0.0,1.0,0.0,0.0,3.0,0.0,0.0,0.0,10.0,2.0,0.0,.313,.313,.625,.938,.333,16.00,52.0,5.0,3.0,256.0,232.0,47.0,8.0,0.0,10.0,18.0,0.0,68.0,0.0,5.0,1.0,85.0,35.0,7.0,.203,.255,.366,.621,.233,23.20,1033.0,52.0,71.0,2025
686475,Tyler Tolbert,118,Kansas City Royals,,SS,2026,91.0,80.0,26.0,3.0,0.0,3.0,6.0,0.0,15.0,0.0,1.0,4.0,38.0,6.0,3.0,.325,.368,.475,.843,.365,26.67,305.0,26.0,18.0,57.0,50.0,14.0,2.0,0.0,1.0,1.0,0.0,11.0,3.0,2.0,1.0,19.0,6.0,1.0,.280,.321,.380,.701,.325,50.00,189.0,10.0,18.0,2025
694673,Abimelec Ortiz,120,Washington Nationals,,1B,2026,6.0,6.0,2.0,1.0,0.0,1.0,0.0,0.0,0.0,0.0,0.0,0.0,6.0,1.0,1.0,.333,.333,1.000,1.333,.200,6.00,33.0,1.0,3.0,,,,,,,,,,,,,,,,,,,,,,,,,2025
684442,Kohl Drake,109,Arizona Diamondbacks,,P,2026,,,,,,,,,,,,,,,,,,,,,,,,,,,,,,,,,,,,,,,,,,,,,,,,,2025
663947,Tyler Holton,116,Detroit Tigers,,P,2026,,,,,,,,,,,,,,,,,,,,,,,,,,,,,,,,,,,,,,,,,,,,,,,,,2025
663968,Jake Mangum,134,Pittsburgh Pirates,,CF,2026,327.0,298.0,90.0,11.0,1.0,3.0,17.0,1.0,60.0,8.0,1.0,3.0,112.0,24.0,6.0,.302,.355,.376,.731,.369,99.33,1207.0,96.0,56.0,428.0,405.0,120.0,18.0,1.0,3.0,19.0,0.0,64.0,2.0,1.0,1.0,149.0,40.0,4.0,.296,.330,.368,.698,.345,135.00,1442.0,138.0,85.0,2025
663969,Tyler Phillips,146,Miami Marlins,,P,2026,,,,,,,,,,,,,,,,,,,,,,,,,,,,,,,,,,,,,,,,,,,,,,,,,2025
666018,Jonathan Aranda,139,Tampa Bay Rays,,1B,2026,480.0,410.0,117.0,19.0,0.0,14.0,55.0,3.0,110.0,8.0,7.0,0.0,178.0,70.0,11.0,.285,.375,.434,.809,.352,29.29,1892.0,86.0,104.0,422.0,370.0,117.0,22.0,0.0,14.0,41.0,3.0,107.0,8.0,3.0,0.0,181.0,59.0,9.0,.316,.393,.489,.882,.409,26.43,1717.0,64.0,85.0,2025
666023,Freddy Fermin,135,San Diego Padres,,C,2026,193.0,167.0,31.0,9.0,0.0,4.0,17.0,0.0,36.0,3.0,2.0,4.0,52.0,15.0,3.0,.186,.270,.311,.581,.209,41.75,737.0,49.0,57.0,347.0,319.0,80.0,13.0,0.0,5.0,19.0,1.0,65.0,2.0,0.0,7.0,108.0,26.0,5.0,.251,.297,.339,.636,.301,63.80,1372.0,88.0,93.0,2025
676263,Jack Dreyer,119,Los Angeles Dodgers,,P,2026,0.0,0.0,0.0,0.0,0.0,0.0,0.0,0.0,0.0,0.0,0.0,0.0,0.0,0.0,0.0,.000,.000,.000,.000,.---,-.--,0.0,0.0,0.0,,,,,,,,,,,,,,,,,,,,,,,,,2025
805300,Jakob Marsee,146,Miami Marlins,,CF,2026,435.0,365.0,72.0,13.0,3.0,6.0,55.0,0.0,97.0,9.0,1.0,5.0,109.0,28.0,3.0,.197,.316,.299,.615,.251,60.83,1718.0,83.0,119.0,234.0,209.0,61.0,18.0,3.0,5.0,22.0,0.0,48.0,2.0,1.0,0.0,100.0,33.0,2.0,.292,.363,.478,.841,.357,41.80,881.0,52.0,49.0,2025
805299,Brandyn Garcia,109,Arizona Diamondbacks,,P,2026,,,,,,,,,,,,,,,,,,,,,,,,,0.0,0.0,0.0,0.0,0.0,0.0,0.0,0.0,0.0,0.0,0.0,0.0,0.0,0.0,0.0,.000,.000,.000,.000,.---,-.--,0.0,0.0,0.0,2025
643511,Tyler Rogers,141,Toronto Blue Jays,,P,2026,,,,,,,,,,,,,,,,,,,,,,,,,0.0,0.0,0.0,0.0,0.0,0.0,0.0,0.0,0.0,0.0,0.0,0.0,0.0,0.0,0.0,.000,.000,.000,.000,.---,-.--,0.0,0.0,0.0,2025
663993,Nathaniel Lowe,114,Cleveland Guardians,,DH,2026,278.0,250.0,66.0,17.0,0.0,12.0,28.0,1.0,70.0,0.0,0.0,0.0,119.0,37.0,2.0,.264,.338,.476,.814,.321,20.83,1180.0,57.0,57.0,609.0,540.0,123.0,23.0,3.0,18.0,62.0,2.0,159.0,2.0,5.0,0.0,206.0,84.0,6.0,.228,.307,.381,.688,.285,30.00,2607.0,130.0,133.0,2025
518585,Fernando Cruz,147,New York Yankees,,P,2026,0.0,0.0,0.0,0.0,0.0,0.0,0.0,0.0,0.0,0.0,0.0,0.0,0.0,0.0,0.0,.000,.000,.000,.000,.---,-.--,0.0,0.0,0.0,,,,,,,,,,,,,,,,,,,,,,,,,2025
676282,Joey Cantillo,114,Cleveland Guardians,,P,2026,,,,,,,,,,,,,,,,,,,,,,,,,,,,,,,,,,,,,,,,,,,,,,,,,2025
575929,Willson Contreras,111,Boston Red Sox,,1B,2026,428.0,360.0,103.0,18.0,2.0,23.0,46.0,2.0,108.0,19.0,3.0,0.0,194.0,69.0,8.0,.286,.393,.539,.932,.345,15.65,1658.0,65.0,87.0,563.0,490.0,126.0,31.0,1.0,20.0,44.0,1.0,142.0,23.0,4.0,1.0,219.0,80.0,15.0,.257,.344,.447,.791,.319,24.50,2160.0,112.0,115.0,2025
686527,Dominic Canzone,136,Seattle Mariners,,DH,2026,324.0,288.0,74.0,17.0,1.0,18.0,30.0,1.0,66.0,4.0,2.0,0.0,147.0,49.0,5.0,.257,.333,.510,.843,.272,16.00,1223.0,82.0,68.0,269.0,243.0,73.0,11.0,0.0,11.0,20.0,0.0,59.0,3.0,2.0,0.0,117.0,32.0,6.0,.300,.358,.481,.839,.354,22.09,1028.0,55.0,59.0,2025
621016,Jose Cuas,118,Kansas City Royals,,P,2026,,,,,,,,,,,,,,,,,,,,,,,,,,,,,,,,,,,,,,,,,,,,,,,,,2025
664023,Ian Happ,112,Chicago Cubs,,LF,2026,469.0,400.0,86.0,21.0,2.0,18.0,62.0,3.0,145.0,6.0,1.0,0.0,165.0,48.0,10.0,.215,.328,.413,.741,.286,22.22,2001.0,77.0,93.0,663.0,569.0,138.0,32.0,0.0,23.0,87.0,2.0,151.0,2.0,5.0,0.0,239.0,79.0,8.0,.243,.342,.420,.762,.288,24.74,2717.0,120.0,165.0,2025
608718,Brent Suter,144,Atlanta Braves,,P,2026,,,,,,,,,,,,,,,,,,,,,,,,,,,,,,,,,,,,,,,,,,,,,,,,,2025
518595,Travis d'Arnaud,108,Los Angeles Angels,,C,2026,47.0,42.0,8.0,1.0,0.0,1.0,3.0,0.0,10.0,2.0,0.0,0.0,12.0,3.0,1.0,.190,.277,.286,.563,.226,42.00,164.0,11.0,13.0,231.0,213.0,42.0,13.0,0.0,6.0,13.0,0.0,74.0,4.0,1.0,0.0,73.0,21.0,5.0,.197,.255,.343,.598,.269,35.50,873.0,45.0,53.0,2025
686555,Isaac Collins,118,Kansas City Royals,,LF,2026,375.0,321.0,77.0,18.0,3.0,6.0,44.0,0.0,85.0,6.0,2.0,2.0,119.0,34.0,4.0,.240,.340,.371,.711,.306,53.50,1457.0,73.0,90.0,441.0,372.0,98.0,22.0,3.0,9.0,57.0,0.0,93.0,6.0,3.0,3.0,153.0,54.0,8.0,.263,.368,.411,.779,.326,41.33,1792.0,91.0,96.0,2025
670167,John Schreiber,118,Kansas City Royals,,P,2026,,,,,,,,,,,,,,,,,,,,,,,,,0.0,0.0,0.0,0.0,0.0,0.0,0.0,0.0,0.0,0.0,0.0,0.0,0.0,0.0,0.0,.000,.000,.000,.000,.---,-.--,0.0,0.0,0.0,2025
621020,Dansby Swanson,112,Chicago Cubs,,SS,2026,422.0,374.0,82.0,14.0,3.0,17.0,42.0,0.0,98.0,1.0,4.0,1.0,153.0,62.0,5.0,.219,.297,.409,.706,.247,22.00,1633.0,93.0,106.0,645.0,590.0,144.0,24.0,3.0,24.0,47.0,1.0,168.0,2.0,5.0,1.0,246.0,77.0,9.0,.244,.300,.417,.717,.298,24.58,2521.0,137.0,147.0,2025
664034,Ty France,135,San Diego Padres,,1B,2026,307.0,277.0,80.0,13.0,2.0,16.0,15.0,1.0,71.0,10.0,4.0,0.0,145.0,49.0,7.0,.289,.343,.523,.866,.330,17.31,1236.0,66.0,64.0,490.0,444.0,114.0,25.0,0.0,7.0,22.0,1.0,83.0,21.0,3.0,0.0,160.0,52.0,11.0,.257,.320,.360,.680,.300,63.43,1873.0,137.0,113.0,2025
686580,Justin Slaten,111,Boston Red Sox,,P,2026,,,,,,,,,,,,,,,,,,,,,,,,,,,,,,,,,,,,,,,,,,,,,,,,,2025
805347,Jim Jarvis,144,Atlanta Braves,,SS,2026,92.0,83.0,21.0,5.0,1.0,1.0,5.0,0.0,14.0,1.0,0.0,3.0,31.0,10.0,0.0,.253,.303,.373,.676,.294,83.00,339.0,33.0,18.0,,,,,,,,,,,,,,,,,,,,,,,,,2025
664040,Brandon Lowe,134,Pittsburgh Pirates,,2B,2026,472.0,421.0,108.0,25.0,1.0,23.0,42.0,0.0,130.0,2.0,7.0,0.0,204.0,71.0,4.0,.257,.322,.485,.807,.309,18.30,1892.0,79.0,111.0,553.0,507.0,130.0,19.0,0.0,31.0,38.0,1.0,149.0,2.0,6.0,0.0,242.0,83.0,6.0,.256,.307,.477,.784,.297,16.36,2146.0,107.0,127.0,2025
678391,Jorbit Vivas,120,Washington Nationals,,3B,2026,242.0,207.0,49.0,8.0,1.0,3.0,24.0,0.0,34.0,4.0,4.0,2.0,68.0,18.0,3.0,.237,.322,.329,.651,.264,69.00,859.0,65.0,65.0,66.0,56.0,9.0,2.0,0.0,1.0,5.0,0.0,13.0,3.0,0.0,0.0,14.0,5.0,0.0,.161,.266,.250,.516,.190,56.00,246.0,17.0,17.0,2025
678394,Brayan Bello,111,Boston Red Sox,,P,2026,,,,,,,,,,,,,,,,,,,,,,,,,,,,,,,,,,,,,,,,,,,,,,,,,2025
688642,Zach Agnos,115,Colorado Rockies,,P,2026,,,,,,,,,,,,,,,,,,,,,,,,,0.0,0.0,0.0,0.0,0.0,0.0,0.0,0.0,0.0,0.0,0.0,0.0,0.0,0.0,0.0,.000,.000,.000,.000,.---,-.--,0.0,0.0,0.0,2025
805367,Chase Meidroth,145,Chicago White Sox,,2B,2026,456.0,399.0,109.0,20.0,0.0,9.0,44.0,0.0,103.0,4.0,3.0,5.0,156.0,40.0,6.0,.273,.349,.391,.740,.345,44.33,1888.0,113.0,82.0,505.0,450.0,114.0,15.0,0.0,5.0,45.0,0.0,72.0,6.0,1.0,3.0,144.0,23.0,14.0,.253,.329,.320,.649,.291,90.00,2057.0,149.0,119.0,2025
621053,Tyler Ferguson,112,Chicago Cubs,,P,2026,,,,,,,,,,,,,,,,,,,,,,,,,0.0,0.0,0.0,0.0,0.0,0.0,0.0,0.0,0.0,0.0,0.0,0.0,0.0,0.0,0.0,.000,.000,.000,.000,.---,-.--,0.0,0.0,0.0,2025
543243,Sonny Gray,111,Boston Red Sox,,P,2026,,,,,,,,,,,,,,,,,,,,,,,,,,,,,,,,,,,,,,,,,,,,,,,,,2025
664076,Garrett Cleavinger,139,Tampa Bay Rays,,P,2026,,,,,,,,,,,,,,,,,,,,,,,,,,,,,,,,,,,,,,,,,,,,,,,,,2025
676356,Jonny DeLuca,139,Tampa Bay Rays,,RF,2026,224.0,212.0,55.0,15.0,0.0,7.0,10.0,0.0,45.0,0.0,0.0,2.0,91.0,33.0,6.0,.259,.293,.429,.722,.300,30.29,818.0,51.0,63.0,59.0,57.0,19.0,1.0,3.0,0.0,2.0,0.0,13.0,0.0,0.0,0.0,26.0,4.0,0.0,.333,.356,.456,.812,.432,-.--,224.0,10.0,15.0,2025
571912,Luke Maile,118,Kansas City Royals,,C,2026,16.0,15.0,4.0,1.0,0.0,1.0,1.0,0.0,5.0,0.0,0.0,0.0,8.0,5.0,0.0,.267,.313,.533,.846,.333,15.00,63.0,2.0,4.0,54.0,45.0,11.0,2.0,0.0,1.0,7.0,0.0,16.0,0.0,0.0,2.0,16.0,6.0,1.0,.244,.346,.356,.702,.357,45.00,214.0,11.0,9.0,2025
694795,Josh Ekness,146,Miami Marlins,,P,2026,,,,,,,,,,,,,,,,,,,,,,,,,,,,,,,,,,,,,,,,,,,,,,,,,2025
676369,Nelson Velázquez,138,St. Louis Cardinals,,LF,2026,83.0,74.0,16.0,4.0,0.0,4.0,7.0,0.0,25.0,1.0,1.0,0.0,32.0,12.0,0.0,.216,.289,.432,.721,.261,18.50,325.0,14.0,20.0,,,,,,,,,,,,,,,,,,,,,,,,,2025
621074,Michael Rucker,136,Seattle Mariners,,P,2026,,,,,,,,,,,,,,,,,,,,,,,,,,,,,,,,,,,,,,,,,,,,,,,,,2025
666126,Carlos Cortes,133,Athletics,,RF,2026,262.0,231.0,60.0,12.0,1.0,7.0,24.0,0.0,39.0,4.0,3.0,0.0,95.0,28.0,11.0,.260,.336,.411,.747,.282,33.00,1065.0,73.0,62.0,99.0,94.0,29.0,8.0,1.0,4.0,3.0,0.0,20.0,0.0,2.0,0.0,51.0,14.0,3.0,.309,.323,.543,.866,.347,23.50,375.0,24.0,23.0,2025
686613,Hunter Brown,117,Houston Astros,,P,2026,,,,,,,,,,,,,,,,,,,,,,,,,,,,,,,,,,,,,,,,,,,,,,,,,2025
672275,Patrick Bailey,114,Cleveland Guardians,,C,2026,233.0,212.0,41.0,5.0,1.0,6.0,16.0,0.0,58.0,0.0,3.0,2.0,66.0,22.0,6.0,.193,.247,.311,.558,.232,35.33,932.0,61.0,57.0,452.0,409.0,91.0,18.0,3.0,6.0,30.0,0.0,133.0,3.0,6.0,4.0,133.0,55.0,7.0,.222,.277,.325,.602,.308,68.17,1724.0,82.0,113.0,2025
686611,Dylan Crews,120,Washington Nationals,,RF,2026,256.0,230.0,51.0,9.0,0.0,9.0,19.0,0.0,57.0,7.0,0.0,0.0,87.0,25.0,3.0,.222,.301,.378,.679,.256,25.56,912.0,53.0,69.0,322.0,293.0,61.0,8.0,2.0,10.0,24.0,0.0,76.0,5.0,0.0,0.0,103.0,27.0,4.0,.208,.280,.352,.632,.246,29.30,1150.0,80.0,76.0,2025
571927,Steven Matz,139,Tampa Bay Rays,,P,2026,,,,,,,,,,,,,,,,,,,,,,,,,,,,,,,,,,,,,,,,,,,,,,,,,2025
672282,Reid Detmers,108,Los Angeles Angels,,P,2026,,,,,,,,,,,,,,,,,,,,,,,,,,,,,,,,,,,,,,,,,,,,,,,,,2025
670231,John Rave,118,Kansas City Royals,,RF,2026,38.0,34.0,10.0,4.0,1.0,2.0,3.0,0.0,8.0,0.0,0.0,1.0,22.0,2.0,0.0,.294,.351,.647,.998,.333,17.00,141.0,9.0,8.0,175.0,153.0,30.0,5.0,0.0,4.0,18.0,0.0,46.0,1.0,1.0,2.0,47.0,14.0,1.0,.196,.283,.307,.590,.250,38.25,749.0,48.0,32.0,2025
666139,Josh Lowe,108,Los Angeles Angels,,LF,2026,211.0,194.0,40.0,5.0,0.0,8.0,13.0,1.0,56.0,1.0,1.0,2.0,69.0,22.0,0.0,.206,.258,.356,.614,.244,24.25,872.0,40.0,61.0,435.0,396.0,87.0,21.0,2.0,11.0,33.0,1.0,109.0,3.0,2.0,1.0,145.0,40.0,7.0,.220,.283,.366,.649,.273,36.00,1842.0,105.0,98.0,2025
694819,Jacob Misiorowski,158,Milwaukee Brewers,,P,2026,,,,,,,,,,,,,,,,,,,,,,,,,,,,,,,,,,,,,,,,,,,,,,,,,2025
676391,Ernie Clement,141,Toronto Blue Jays,,2B,2026,448.0,427.0,122.0,27.0,1.0,8.0,15.0,0.0,42.0,2.0,4.0,0.0,175.0,36.0,7.0,.286,.310,.410,.720,.299,53.38,1388.0,103.0,164.0,588.0,545.0,151.0,35.0,2.0,9.0,27.0,1.0,61.0,4.0,5.0,7.0,217.0,50.0,13.0,.277,.313,.398,.711,.296,60.56,1871.0,129.0,216.0,2025
571945,Miles Mikolas,120,Washington Nationals,,P,2026,,,,,,,,,,,,,,,,,,,,,,,,,,,,,,,,,,,,,,,,,,,,,,,,,2025
666152,David Hamilton,158,Milwaukee Brewers,,3B,2026,265.0,227.0,54.0,7.0,2.0,3.0,25.0,0.0,58.0,1.0,0.0,11.0,74.0,15.0,1.0,.238,.316,.326,.642,.307,75.67,1055.0,61.0,65.0,194.0,177.0,35.0,4.0,1.0,6.0,13.0,0.0,47.0,1.0,0.0,3.0,59.0,19.0,3.0,.198,.257,.333,.590,.234,29.50,742.0,44.0,54.0,2025
518692,Freddie Freeman,119,Los Angeles Dodgers,,1B,2026,478.0,420.0,130.0,27.0,1.0,15.0,51.0,1.0,78.0,3.0,4.0,0.0,204.0,54.0,16.0,.310,.385,.486,.871,.347,28.00,1962.0,112.0,104.0,627.0,556.0,164.0,39.0,2.0,24.0,60.0,7.0,128.0,6.0,5.0,0.0,279.0,90.0,13.0,.295,.367,.502,.869,.342,23.17,2382.0,128.0,141.0,2025
623149,Paul Sewald,109,Arizona Diamondbacks,,P,2026,,,,,,,,,,,,,,,,,,,,,,,,,,,,,,,,,,,,,,,,,,,,,,,,,2025
621097,Jacob Waguespack,116,Detroit Tigers,,P,2026,0.0,0.0,0.0,0.0,0.0,0.0,0.0,0.0,0.0,0.0,0.0,0.0,0.0,0.0,0.0,.000,.000,.000,.000,.---,-.--,0.0,0.0,0.0,,,,,,,,,,,,,,,,,,,,,,,,,2025
666163,Ben Rortvedt,119,Los Angeles Dodgers,,C,2026,2.0,2.0,0.0,0.0,0.0,0.0,0.0,0.0,0.0,0.0,0.0,0.0,0.0,0.0,0.0,.000,.000,.000,.000,.000,-.--,9.0,2.0,0.0,128.0,112.0,17.0,3.0,0.0,1.0,11.0,0.0,23.0,2.0,0.0,3.0,23.0,10.0,1.0,.152,.240,.205,.445,.182,112.00,517.0,42.0,33.0,2025
666160,Mickey Moniak,115,Colorado Rockies,,LF,2026,286.0,263.0,73.0,13.0,4.0,19.0,15.0,0.0,71.0,3.0,5.0,0.0,151.0,52.0,4.0,.278,.318,.574,.892,.303,13.84,992.0,46.0,78.0,461.0,434.0,117.0,20.0,8.0,24.0,22.0,1.0,110.0,2.0,3.0,0.0,225.0,68.0,4.0,.270,.306,.518,.824,.307,18.08,1598.0,81.0,129.0,2025
805427,Drew Sommers,116,Detroit Tigers,,P,2026,,,,,,,,,,,,,,,,,,,,,,,,,,,,,,,,,,,,,,,,,,,,,,,,,2025
621111,Walker Buehler,135,San Diego Padres,,P,2026,,,,,,,,,,,,,,,,,,,,,,,,,,,,,,,,,,,,,,,,,,,,,,,,,2025
666171,Ryan Zeferjahn,112,Chicago Cubs,,P,2026,,,,,,,,,,,,,,,,,,,,,,,,,,,,,,,,,,,,,,,,,,,,,,,,,2025
621112,Paul Blackburn,147,New York Yankees,,P,2026,0.0,0.0,0.0,0.0,0.0,0.0,0.0,0.0,0.0,0.0,0.0,0.0,0.0,0.0,0.0,.000,.000,.000,.000,.---,-.--,0.0,0.0,0.0,,,,,,,,,,,,,,,,,,,,,,,,,2025
545341,Randal Grichuk,145,Chicago White Sox,,DH,2026,171.0,162.0,42.0,13.0,1.0,9.0,7.0,1.0,39.0,1.0,1.0,0.0,84.0,24.0,3.0,.259,.292,.519,.811,.287,18.00,631.0,37.0,45.0,293.0,272.0,62.0,18.0,1.0,9.0,17.0,1.0,61.0,1.0,3.0,0.0,109.0,27.0,6.0,.228,.273,.401,.674,.259,30.22,1077.0,68.0,84.0,2025
664126,Pete Fairbanks,146,Miami Marlins,,P,2026,0.0,0.0,0.0,0.0,0.0,0.0,0.0,0.0,0.0,0.0,0.0,0.0,0.0,0.0,0.0,.000,.000,.000,.000,.---,-.--,0.0,0.0,0.0,,,,,,,,,,,,,,,,,,,,,,,,,2025
666176,Jo Adell,114,Cleveland Guardians,,RF,2026,461.0,427.0,103.0,17.0,1.0,16.0,17.0,0.0,109.0,14.0,3.0,0.0,170.0,62.0,12.0,.241,.291,.398,.689,.285,26.69,1789.0,97.0,121.0,573.0,526.0,124.0,18.0,1.0,37.0,33.0,0.0,151.0,10.0,1.0,0.0,255.0,98.0,10.0,.236,.293,.485,.778,.257,14.22,2220.0,111.0,141.0,2025
623168,Tyler Heineman,108,Los Angeles Angels,,C,2026,130.0,116.0,20.0,2.0,1.0,1.0,5.0,0.0,23.0,3.0,0.0,6.0,27.0,8.0,5.0,.172,.226,.233,.459,.207,116.00,464.0,50.0,29.0,174.0,149.0,43.0,8.0,1.0,3.0,12.0,0.0,31.0,6.0,2.0,5.0,62.0,20.0,1.0,.289,.361,.416,.777,.342,49.67,627.0,30.0,52.0,2025
571970,Max Muncy,119,Los Angeles Dodgers,,3B,2026,394.0,344.0,87.0,16.0,1.0,21.0,47.0,3.0,97.0,3.0,0.0,0.0,168.0,49.0,5.0,.253,.348,.488,.836,.292,16.38,1577.0,73.0,87.0,388.0,313.0,76.0,10.0,2.0,19.0,64.0,2.0,83.0,6.0,5.0,0.0,147.0,67.0,4.0,.243,.376,.470,.846,.264,16.47,1650.0,61.0,98.0,2025
668227,Randy Arozarena,136,Seattle Mariners,,LF,2026,454.0,390.0,110.0,23.0,1.0,14.0,44.0,0.0,95.0,17.0,3.0,0.0,177.0,49.0,11.0,.282,.377,.454,.831,.338,27.86,1825.0,107.0,81.0,709.0,613.0,146.0,32.0,1.0,27.0,64.0,2.0,191.0,27.0,5.0,0.0,261.0,76.0,9.0,.238,.334,.426,.760,.298,22.70,2873.0,125.0,156.0,2025
666182,Bo Bichette,121,New York Mets,,3B,2026,487.0,449.0,115.0,16.0,1.0,11.0,29.0,0.0,89.0,2.0,7.0,0.0,166.0,54.0,14.0,.256,.300,.370,.670,.292,40.82,1778.0,130.0,122.0,628.0,582.0,181.0,44.0,1.0,18.0,40.0,2.0,91.0,3.0,3.0,0.0,281.0,94.0,17.0,.311,.357,.483,.840,.342,32.33,2308.0,171.0,142.0,2025
670280,David Bednar,147,New York Yankees,,P,2026,0.0,0.0,0.0,0.0,0.0,0.0,0.0,0.0,0.0,0.0,0.0,0.0,0.0,0.0,0.0,.000,.000,.000,.000,.---,-.--,0.0,0.0,0.0,,,,,,,,,,,,,,,,,,,,,,,,,2025
686668,Brenton Doyle,145,Chicago White Sox,,CF,2026,131.0,119.0,26.0,5.0,0.0,1.0,12.0,0.0,42.0,0.0,0.0,0.0,34.0,5.0,0.0,.218,.290,.286,.576,.329,119.00,466.0,29.0,22.0,538.0,502.0,117.0,23.0,2.0,15.0,30.0,0.0,138.0,0.0,4.0,2.0,189.0,57.0,14.0,.233,.274,.376,.650,.289,33.47,1957.0,129.0,124.0,2025
545361,Mike Trout,108,Los Angeles Angels,,CF,2026,421.0,339.0,83.0,16.0,0.0,18.0,76.0,9.0,106.0,5.0,1.0,0.0,153.0,40.0,7.0,.245,.390,.451,.841,.301,18.83,1790.0,64.0,87.0,556.0,456.0,106.0,14.0,1.0,26.0,87.0,10.0,178.0,6.0,6.0,0.0,200.0,64.0,7.0,.232,.359,.439,.798,.310,17.54,2482.0,66.0,112.0,2025
676440,Tanner Bibee,114,Cleveland Guardians,,P,2026,,,,,,,,,,,,,,,,,,,,,,,,,,,,,,,,,,,,,,,,,,,,,,,,,2025
676439,Hunter Feduccia,119,Los Angeles Dodgers,,C,2026,160.0,141.0,33.0,7.0,1.0,2.0,14.0,0.0,44.0,1.0,1.0,3.0,48.0,12.0,2.0,.234,.306,.340,.646,.323,70.50,664.0,27.0,41.0,105.0,88.0,13.0,5.0,0.0,0.0,15.0,0.0,29.0,0.0,2.0,0.0,18.0,8.0,0.0,.148,.267,.205,.472,.213,-.--,477.0,21.0,27.0,2025
686681,Michael Massey,118,Kansas City Royals,,2B,2026,305.0,282.0,74.0,20.0,0.0,8.0,16.0,0.0,51.0,0.0,5.0,2.0,118.0,38.0,6.0,.262,.297,.418,.715,.289,35.25,1107.0,68.0,96.0,277.0,262.0,64.0,9.0,0.0,3.0,9.0,0.0,43.0,1.0,4.0,1.0,82.0,20.0,3.0,.244,.268,.313,.581,.277,87.33,1013.0,48.0,112.0,2025
666200,Jesús Luzardo,143,Philadelphia Phillies,,P,2026,,,,,,,,,,,,,,,,,,,,,,,,,,,,,,,,,,,,,,,,,,,,,,,,,2025
678489,Jorge Barrosa,109,Arizona Diamondbacks,,CF,2026,148.0,125.0,24.0,11.0,1.0,2.0,14.0,0.0,39.0,1.0,1.0,7.0,43.0,11.0,1.0,.192,.277,.344,.621,.259,62.50,631.0,34.0,36.0,77.0,71.0,10.0,3.0,0.0,1.0,2.0,0.0,22.0,1.0,3.0,0.0,16.0,7.0,1.0,.141,.169,.225,.394,.176,71.00,327.0,18.0,24.0,2025
666211,Taylor Trammell,117,Houston Astros,,CF,2026,172.0,151.0,36.0,6.0,1.0,6.0,16.0,0.0,52.0,4.0,0.0,1.0,62.0,19.0,2.0,.238,.327,.411,.738,.323,25.17,651.0,27.0,37.0,135.0,117.0,23.0,7.0,0.0,3.0,17.0,0.0,41.0,0.0,1.0,0.0,39.0,12.0,0.0,.197,.296,.333,.629,.270,39.00,552.0,26.0,28.0,2025
623211,Huascar Brazobán,145,Chicago White Sox,,P,2026,,,,,,,,,,,,,,,,,,,,,,,,,,,,,,,,,,,,,,,,,,,,,,,,,2025
672356,Gabriel Arias,114,Cleveland Guardians,,3B,2026,134.0,127.0,31.0,3.0,0.0,5.0,7.0,1.0,57.0,0.0,0.0,0.0,49.0,11.0,1.0,.244,.284,.386,.670,.400,25.40,508.0,25.0,14.0,471.0,432.0,95.0,25.0,2.0,11.0,27.0,1.0,162.0,7.0,4.0,1.0,157.0,54.0,8.0,.220,.274,.363,.637,.319,39.27,1792.0,101.0,79.0,2025
680570,Grayson Rodriguez,108,Los Angeles Angels,,P,2026,,,,,,,,,,,,,,,,,,,,,,,,,,,,,,,,,,,,,,,,,,,,,,,,,2025
684665,Luke Murphy,108,Los Angeles Angels,,P,2026,,,,,,,,,,,,,,,,,,,,,,,,,,,,,,,,,,,,,,,,,,,,,,,,,2025
670329,Rico Garcia,110,Baltimore Orioles,,P,2026,0.0,0.0,0.0,0.0,0.0,0.0,0.0,0.0,0.0,0.0,0.0,0.0,0.0,0.0,0.0,.000,.000,.000,.000,.---,-.--,0.0,0.0,0.0,,,,,,,,,,,,,,,,,,,,,,,,,2025
662139,Daulton Varsho,117,Houston Astros,,CF,2026,374.0,339.0,82.0,19.0,2.0,7.0,32.0,2.0,72.0,2.0,1.0,0.0,126.0,26.0,2.0,.242,.310,.372,.682,.287,48.43,1421.0,77.0,109.0,271.0,248.0,59.0,13.0,2.0,20.0,17.0,1.0,77.0,1.0,5.0,0.0,136.0,55.0,1.0,.238,.284,.548,.832,.250,12.40,986.0,41.0,76.0,2025
682622,Noelvi Marte,113,Cincinnati Reds,,RF,2026,177.0,167.0,32.0,7.0,0.0,6.0,10.0,0.0,45.0,0.0,0.0,0.0,57.0,14.0,4.0,.192,.237,.341,.578,.224,27.83,678.0,50.0,40.0,360.0,339.0,89.0,17.0,2.0,14.0,16.0,0.0,85.0,3.0,2.0,0.0,152.0,51.0,7.0,.263,.300,.448,.748,.310,24.21,1267.0,87.0,80.0,2025
676475,Alec Burleson,138,St. Louis Cardinals,,1B,2026,478.0,431.0,124.0,27.0,1.0,18.0,40.0,4.0,75.0,4.0,3.0,0.0,207.0,77.0,10.0,.288,.351,.480,.831,.311,23.94,1734.0,121.0,114.0,546.0,497.0,144.0,26.0,2.0,18.0,39.0,1.0,79.0,3.0,4.0,1.0,228.0,69.0,14.0,.290,.343,.459,.802,.312,27.61,1933.0,119.0,160.0,2025
680574,Matt McLain,113,Cincinnati Reds,,2B,2026,327.0,284.0,54.0,14.0,0.0,8.0,37.0,0.0,88.0,3.0,1.0,2.0,92.0,26.0,3.0,.190,.289,.324,.613,.243,35.50,1303.0,58.0,87.0,577.0,510.0,112.0,18.0,0.0,15.0,55.0,0.0,167.0,5.0,4.0,3.0,175.0,50.0,8.0,.220,.300,.343,.643,.292,34.00,2365.0,96.0,142.0,2025
676477,Garrett Whitlock,111,Boston Red Sox,,P,2026,0.0,0.0,0.0,0.0,0.0,0.0,0.0,0.0,0.0,0.0,0.0,0.0,0.0,0.0,0.0,.000,.000,.000,.000,.---,-.--,0.0,0.0,0.0,0.0,0.0,0.0,0.0,0.0,0.0,0.0,0.0,0.0,0.0,0.0,0.0,0.0,0.0,0.0,.000,.000,.000,.000,.---,-.--,0.0,0.0,0.0,2025
672386,Alejandro Kirk,141,Toronto Blue Jays,,C,2026,152.0,135.0,32.0,4.0,0.0,4.0,16.0,2.0,21.0,0.0,1.0,0.0,48.0,15.0,3.0,.237,.316,.356,.672,.252,33.75,572.0,46.0,37.0,506.0,451.0,127.0,18.0,0.0,15.0,48.0,2.0,59.0,1.0,6.0,0.0,190.0,76.0,16.0,.282,.348,.421,.769,.292,30.07,1977.0,132.0,139.0,2025
682626,Francisco Alvarez,121,New York Mets,,C,2026,282.0,247.0,63.0,9.0,0.0,12.0,29.0,1.0,76.0,3.0,1.0,0.0,108.0,27.0,14.0,.255,.339,.437,.776,.319,20.58,1146.0,59.0,50.0,277.0,246.0,63.0,12.0,1.0,11.0,27.0,0.0,73.0,4.0,0.0,0.0,110.0,32.0,6.0,.256,.339,.447,.786,.321,22.36,1123.0,61.0,49.0,2025
699013,Esmerlyn Valdez,134,Pittsburgh Pirates,,RF,2026,180.0,150.0,38.0,9.0,1.0,14.0,27.0,0.0,65.0,1.0,2.0,0.0,91.0,38.0,5.0,.253,.367,.607,.974,.329,10.71,778.0,17.0,32.0,,,,,,,,,,,,,,,,,,,,,,,,,2025
592518,Manny Machado,135,San Diego Padres,,3B,2026,472.0,413.0,88.0,20.0,0.0,23.0,51.0,3.0,106.0,0.0,7.0,1.0,177.0,69.0,11.0,.213,.295,.429,.724,.223,17.96,1865.0,107.0,120.0,678.0,615.0,169.0,33.0,0.0,27.0,55.0,4.0,131.0,3.0,5.0,0.0,283.0,95.0,16.0,.275,.335,.460,.795,.307,22.78,2647.0,144.0,176.0,2025
664199,Taylor Clarke,109,Arizona Diamondbacks,,P,2026,,,,,,,,,,,,,,,,,,,,,,,,,0.0,0.0,0.0,0.0,0.0,0.0,0.0,0.0,0.0,0.0,0.0,0.0,0.0,0.0,0.0,.000,.000,.000,.000,.---,-.--,0.0,0.0,0.0,2025
674444,Steven Cruz,118,Kansas City Royals,,P,2026,,,,,,,,,,,,,,,,,,,,,,,,,0.0,0.0,0.0,0.0,0.0,0.0,0.0,0.0,0.0,0.0,0.0,0.0,0.0,0.0,0.0,.000,.000,.000,.000,.---,-.--,0.0,0.0,0.0,2025
690829,Ben Joyce,108,Los Angeles Angels,,P,2026,,,,,,,,,,,,,,,,,,,,,,,,,,,,,,,,,,,,,,,,,,,,,,,,,2025
641680,Jonah Heim,133,Athletics,,C,2026,245.0,224.0,51.0,12.0,0.0,11.0,16.0,0.0,45.0,2.0,3.0,0.0,96.0,35.0,5.0,.228,.282,.429,.711,.234,20.36,891.0,67.0,64.0,433.0,395.0,84.0,14.0,0.0,11.0,32.0,0.0,88.0,1.0,4.0,1.0,131.0,43.0,10.0,.213,.271,.332,.603,.243,35.91,1704.0,106.0,122.0,2025
594580,Sam Moll,113,Cincinnati Reds,,P,2026,,,,,,,,,,,,,,,,,,,,,,,,,,,,,,,,,,,,,,,,,,,,,,,,,2025
686751,Seth Johnson,133,Athletics,,P,2026,,,,,,,,,,,,,,,,,,,,,,,,,,,,,,,,,,,,,,,,,,,,,,,,,2025
682657,Angel Martínez,114,Cleveland Guardians,,LF,2026,271.0,252.0,57.0,13.0,1.0,11.0,8.0,0.0,60.0,5.0,1.0,5.0,105.0,34.0,5.0,.226,.263,.417,.680,.253,22.91,987.0,72.0,69.0,484.0,446.0,100.0,23.0,2.0,11.0,23.0,0.0,110.0,6.0,4.0,5.0,160.0,45.0,8.0,.224,.269,.359,.628,.271,40.54,1797.0,100.0,145.0,2025
666277,George Soriano,138,St. Louis Cardinals,,P,2026,0.0,0.0,0.0,0.0,0.0,0.0,0.0,0.0,0.0,0.0,0.0,0.0,0.0,0.0,0.0,.000,.000,.000,.000,.---,-.--,0.0,0.0,0.0,,,,,,,,,,,,,,,,,,,,,,,,,2025
453286,Max Scherzer,141,Toronto Blue Jays,,P,2026,,,,,,,,,,,,,,,,,,,,,,,,,,,,,,,,,,,,,,,,,,,,,,,,,2025
682663,Agustín Ramírez,146,Miami Marlins,,C,2026,131.0,115.0,26.0,5.0,1.0,2.0,13.0,1.0,29.0,2.0,1.0,0.0,39.0,14.0,5.0,.226,.313,.339,.652,.282,57.50,502.0,35.0,26.0,585.0,537.0,124.0,33.0,1.0,21.0,36.0,2.0,113.0,8.0,4.0,0.0,222.0,67.0,13.0,.231,.287,.413,.700,.253,25.57,2122.0,161.0,143.0,2025
682668,Luisangel Acuña,145,Chicago White Sox,,SS,2026,180.0,168.0,41.0,3.0,0.0,1.0,7.0,0.0,33.0,1.0,2.0,2.0,47.0,12.0,4.0,.244,.275,.280,.555,.294,168.00,624.0,63.0,35.0,193.0,175.0,41.0,7.0,0.0,0.0,13.0,0.0,37.0,2.0,1.0,2.0,48.0,8.0,6.0,.234,.293,.274,.567,.295,-.--,687.0,58.0,42.0,2025
686765,Nick Sogard,111,Boston Red Sox,,3B,2026,65.0,54.0,14.0,3.0,1.0,0.0,10.0,0.0,11.0,0.0,0.0,1.0,19.0,3.0,1.0,.259,.375,.352,.727,.326,-.--,259.0,18.0,12.0,104.0,96.0,25.0,8.0,0.0,0.0,5.0,0.0,24.0,3.0,0.0,0.0,33.0,9.0,3.0,.260,.317,.344,.661,.347,-.--,400.0,25.0,22.0,2025
516782,Starling Marte,118,Kansas City Royals,,RF,2026,151.0,137.0,35.0,5.0,0.0,1.0,8.0,0.0,37.0,4.0,2.0,0.0,43.0,12.0,2.0,.255,.311,.314,.625,.337,137.00,572.0,35.0,32.0,329.0,293.0,79.0,14.0,0.0,9.0,22.0,0.0,68.0,9.0,4.0,1.0,120.0,34.0,7.0,.270,.335,.410,.745,.318,32.56,1255.0,83.0,68.0,2025
621237,José Alvarado,143,Philadelphia Phillies,,P,2026,,,,,,,,,,,,,,,,,,,,,,,,,,,,,,,,,,,,,,,,,,,,,,,,,2025
676534,Calvin Faucher,146,Miami Marlins,,P,2026,,,,,,,,,,,,,,,,,,,,,,,,,,,,,,,,,,,,,,,,,,,,,,,,,2025
621242,Edwin Díaz,119,Los Angeles Dodgers,,P,2026,,,,,,,,,,,,,,,,,,,,,,,,,0.0,0.0,0.0,0.0,0.0,0.0,0.0,0.0,0.0,0.0,0.0,0.0,0.0,0.0,0.0,.000,.000,.000,.000,.---,-.--,0.0,0.0,0.0,2025
672442,Yovanny Cruz,120,Washington Nationals,,P,2026,,,,,,,,,,,,,,,,,,,,,,,,,,,,,,,,,,,,,,,,,,,,,,,,,2025
686780,Pedro Pagés,138,St. Louis Cardinals,,C,2026,171.0,155.0,32.0,6.0,0.0,4.0,8.0,0.0,45.0,2.0,2.0,4.0,50.0,11.0,5.0,.206,.251,.323,.574,.259,38.75,707.0,41.0,43.0,389.0,361.0,83.0,15.0,0.0,11.0,19.0,1.0,107.0,3.0,3.0,3.0,131.0,45.0,9.0,.230,.272,.363,.635,.293,32.82,1486.0,87.0,90.0,2025
694973,Paul Skenes,134,Pittsburgh Pirates,,P,2026,,,,,,,,,,,,,,,,,,,,,,,,,,,,,,,,,,,,,,,,,,,,,,,,,2025
527048,Martín Pérez,144,Atlanta Braves,,P,2026,,,,,,,,,,,,,,,,,,,,,,,,,,,,,,,,,,,,,,,,,,,,,,,,,2025
672456,Keider Montero,116,Detroit Tigers,,P,2026,,,,,,,,,,,,,,,,,,,,,,,,,,,,,,,,,,,,,,,,,,,,,,,,,2025
686797,Brooks Lee,142,Minnesota Twins,,3B,2026,437.0,401.0,97.0,17.0,3.0,16.0,32.0,0.0,71.0,2.0,1.0,1.0,168.0,58.0,7.0,.242,.300,.419,.719,.257,25.06,1624.0,104.0,131.0,527.0,487.0,115.0,15.0,1.0,16.0,31.0,0.0,92.0,4.0,5.0,0.0,180.0,64.0,11.0,.236,.285,.370,.655,.258,30.44,2009.0,138.0,147.0,2025
678606,José A. Ferrer,136,Seattle Mariners,,P,2026,,,,,,,,,,,,,,,,,,,,,,,,,0.0,0.0,0.0,0.0,0.0,0.0,0.0,0.0,0.0,0.0,0.0,0.0,0.0,0.0,0.0,.000,.000,.000,.000,.---,-.--,0.0,0.0,0.0,2025
641743,Anthony Kay,145,Chicago White Sox,,P,2026,,,,,,,,,,,,,,,,,,,,,,,,,,,,,,,,,,,,,,,,,,,,,,,,,2025
641755,Tyler Kinley,144,Atlanta Braves,,P,2026,0.0,0.0,0.0,0.0,0.0,0.0,0.0,0.0,0.0,0.0,0.0,0.0,0.0,0.0,0.0,.000,.000,.000,.000,.---,-.--,0.0,0.0,0.0,,,,,,,,,,,,,,,,,,,,,,,,,2025
680664,Eduardo Valencia,116,Detroit Tigers,,C,2026,32.0,31.0,14.0,3.0,0.0,4.0,0.0,0.0,8.0,1.0,0.0,0.0,29.0,11.0,1.0,.452,.469,.935,1.404,.526,7.75,123.0,6.0,3.0,,,,,,,,,,,,,,,,,,,,,,,,,2025
676572,Eric Wagaman,121,New York Mets,,1B,2026,45.0,40.0,7.0,0.0,0.0,2.0,4.0,0.0,10.0,1.0,0.0,0.0,13.0,4.0,1.0,.175,.267,.325,.592,.179,20.00,193.0,14.0,9.0,514.0,476.0,119.0,28.0,3.0,9.0,32.0,0.0,100.0,1.0,5.0,0.0,180.0,53.0,11.0,.250,.296,.378,.674,.296,52.89,1955.0,132.0,130.0,2025
518876,Merrill Kelly,109,Arizona Diamondbacks,,P,2026,,,,,,,,,,,,,,,,,,,,,,,,,,,,,,,,,,,,,,,,,,,,,,,,,2025
664299,Cristian Javier,117,Houston Astros,,P,2026,,,,,,,,,,,,,,,,,,,,,,,,,,,,,,,,,,,,,,,,,,,,,,,,,2025
701162,Ben Malgeri,116,Detroit Tigers,,RF,2026,50.0,41.0,11.0,2.0,0.0,1.0,8.0,0.0,10.0,0.0,1.0,0.0,16.0,7.0,0.0,.268,.380,.390,.770,.323,41.00,190.0,12.0,9.0,,,,,,,,,,,,,,,,,,,,,,,,,2025
664285,Framber Valdez,116,Detroit Tigers,,P,2026,,,,,,,,,,,,,,,,,,,,,,,,,,,,,,,,,,,,,,,,,,,,,,,,,2025
690925,Clayton Beeter,120,Washington Nationals,,P,2026,0.0,0.0,0.0,0.0,0.0,0.0,0.0,0.0,0.0,0.0,0.0,0.0,0.0,0.0,0.0,.000,.000,.000,.000,.---,-.--,0.0,0.0,0.0,,,,,,,,,,,,,,,,,,,,,,,,,2025
662253,Andrés Muñoz,136,Seattle Mariners,,P,2026,,,,,,,,,,,,,,,,,,,,,,,,,,,,,,,,,,,,,,,,,,,,,,,,,2025
690928,Hunter Dobbins,138,St. Louis Cardinals,,P,2026,,,,,,,,,,,,,,,,,,,,,,,,,,,,,,,,,,,,,,,,,,,,,,,,,2025
649966,Luis Urías,141,Toronto Blue Jays,,2B,2026,55.0,48.0,12.0,2.0,0.0,3.0,6.0,0.0,9.0,0.0,1.0,0.0,23.0,8.0,1.0,.250,.327,.479,.806,.243,16.00,217.0,12.0,16.0,330.0,287.0,66.0,7.0,0.0,8.0,31.0,0.0,45.0,6.0,3.0,0.0,97.0,25.0,9.0,.230,.315,.338,.653,.245,35.88,1302.0,81.0,98.0,2025
641778,Eric Lauer,119,Los Angeles Dodgers,,P,2026,,,,,,,,,,,,,,,,,,,,,,,,,,,,,,,,,,,,,,,,,,,,,,,,,2025
680694,Kyle Bradish,110,Baltimore Orioles,,P,2026,0.0,0.0,0.0,0.0,0.0,0.0,0.0,0.0,0.0,0.0,0.0,0.0,0.0,0.0,0.0,.000,.000,.000,.000,.---,-.--,0.0,0.0,0.0,,,,,,,,,,,,,,,,,,,,,,,,,2025
623352,Josh Hader,117,Houston Astros,,P,2026,0.0,0.0,0.0,0.0,0.0,0.0,0.0,0.0,0.0,0.0,0.0,0.0,0.0,0.0,0.0,.000,.000,.000,.000,.---,-.--,0.0,0.0,0.0,0.0,0.0,0.0,0.0,0.0,0.0,0.0,0.0,0.0,0.0,0.0,0.0,0.0,0.0,0.0,.000,.000,.000,.000,.---,-.--,0.0,0.0,0.0,2025
680700,Richie Palacios,139,Tampa Bay Rays,,2B,2026,267.0,232.0,53.0,8.0,2.0,5.0,31.0,0.0,50.0,3.0,1.0,0.0,80.0,32.0,4.0,.228,.326,.345,.671,.270,46.40,1030.0,62.0,68.0,48.0,42.0,14.0,2.0,0.0,1.0,5.0,0.0,9.0,0.0,1.0,0.0,19.0,3.0,3.0,.333,.396,.452,.848,.394,42.00,190.0,11.0,9.0,2025
676604,Tyler Zuber,146,Miami Marlins,,P,2026,,,,,,,,,,,,,,,,,,,,,,,,,,,,,,,,,,,,,,,,,,,,,,,,,2025
699134,Bradgley Rodriguez,135,San Diego Padres,,P,2026,,,,,,,,,,,,,,,,,,,,,,,,,,,,,,,,,,,,,,,,,,,,,,,,,2025
676609,José Caballero,147,New York Yankees,,SS,2026,348.0,318.0,78.0,12.0,0.0,12.0,20.0,0.0,81.0,5.0,3.0,2.0,126.0,41.0,9.0,.245,.298,.396,.694,.289,26.50,1404.0,86.0,78.0,370.0,314.0,74.0,18.0,1.0,5.0,47.0,0.0,98.0,3.0,2.0,4.0,109.0,36.0,1.0,.236,.339,.347,.686,.324,62.80,1501.0,61.0,87.0,2025
641793,Zack Littell,120,Washington Nationals,,P,2026,,,,,,,,,,,,,,,,,,,,,,,,,,,,,,,,,,,,,,,,,,,,,,,,,2025
678662,Ezequiel Tovar,115,Colorado Rockies,,SS,2026,386.0,355.0,73.0,19.0,0.0,9.0,21.0,0.0,97.0,2.0,7.0,1.0,119.0,37.0,6.0,.206,.249,.335,.584,.250,39.44,1415.0,84.0,109.0,390.0,360.0,91.0,18.0,4.0,9.0,21.0,0.0,98.0,1.0,2.0,6.0,144.0,33.0,2.0,.253,.294,.400,.694,.322,40.00,1469.0,76.0,103.0,2025
695049,Brett Kerry,108,Los Angeles Angels,,P,2026,,,,,,,,,,,,,,,,,,,,,,,,,,,,,,,,,,,,,,,,,,,,,,,,,2025
676617,Riley O'Brien,138,St. Louis Cardinals,,P,2026,,,,,,,,,,,,,,,,,,,,,,,,,,,,,,,,,,,,,,,,,,,,,,,,,2025
676620,Blake Weiman,108,Los Angeles Angels,,P,2026,,,,,,,,,,,,,,,,,,,,,,,,,,,,,,,,,,,,,,,,,,,,,,,,,2025
680716,Jonathan Ornelas,133,Athletics,,SS,2026,5.0,5.0,1.0,0.0,0.0,0.0,0.0,0.0,2.0,0.0,0.0,0.0,1.0,0.0,1.0,.200,.200,.200,.400,.333,-.--,16.0,1.0,1.0,10.0,9.0,2.0,0.0,0.0,0.0,1.0,0.0,3.0,0.0,0.0,0.0,2.0,0.0,0.0,.222,.300,.222,.522,.333,-.--,41.0,3.0,1.0,2025
606996,Kyle Hart,135,San Diego Padres,,P,2026,,,,,,,,,,,,,,,,,,,,,,,,,,,,,,,,,,,,,,,,,,,,,,,,,2025
543510,James McCann,109,Arizona Diamondbacks,,C,2026,99.0,94.0,30.0,5.0,0.0,4.0,2.0,0.0,24.0,1.0,0.0,2.0,47.0,21.0,4.0,.319,.340,.500,.840,.394,23.50,371.0,27.0,15.0,137.0,123.0,32.0,6.0,0.0,5.0,8.0,0.0,33.0,4.0,1.0,1.0,53.0,17.0,3.0,.260,.324,.431,.755,.314,24.60,507.0,34.0,26.0,2025
592663,J.T. Realmuto,143,Philadelphia Phillies,,C,2026,311.0,275.0,61.0,13.0,0.0,8.0,24.0,0.0,66.0,9.0,3.0,0.0,98.0,37.0,6.0,.222,.302,.356,.658,.260,34.38,1210.0,78.0,73.0,550.0,502.0,129.0,26.0,1.0,12.0,35.0,1.0,129.0,9.0,3.0,0.0,193.0,52.0,13.0,.257,.315,.384,.699,.321,41.83,2196.0,124.0,123.0,2025
641816,Tyler Mahle,144,Atlanta Braves,,P,2026,,,,,,,,,,,,,,,,,,,,,,,,,,,,,,,,,,,,,,,,,,,,,,,,,2025
680728,Adrian Del Castillo,109,Arizona Diamondbacks,,DH,2026,192.0,176.0,35.0,6.0,0.0,5.0,13.0,0.0,54.0,0.0,1.0,2.0,56.0,24.0,5.0,.199,.253,.318,.571,.254,35.20,768.0,42.0,48.0,131.0,120.0,29.0,6.0,0.0,4.0,8.0,0.0,47.0,1.0,2.0,0.0,47.0,17.0,2.0,.242,.290,.392,.682,.352,30.00,535.0,16.0,30.0,2025
680732,Sean Burke,145,Chicago White Sox,,P,2026,,,,,,,,,,,,,,,,,,,,,,,,,,,,,,,,,,,,,,,,,,,,,,,,,2025
666397,Edouard Julien,115,Colorado Rockies,,2B,2026,270.0,231.0,49.0,9.0,1.0,3.0,38.0,0.0,69.0,1.0,0.0,0.0,69.0,20.0,6.0,.212,.326,.299,.625,.289,77.00,1111.0,62.0,51.0,208.0,182.0,40.0,10.0,0.0,3.0,22.0,0.0,61.0,2.0,1.0,1.0,59.0,12.0,3.0,.220,.309,.324,.633,.311,60.67,876.0,50.0,33.0,2025
680736,Justin Wrobleski,119,Los Angeles Dodgers,,P,2026,,,,,,,,,,,,,,,,,,,,,,,,,,,,,,,,,,,,,,,,,,,,,,,,,2025
621345,A.J. Minter,142,Minnesota Twins,,P,2026,,,,,,,,,,,,,,,,,,,,,,,,,,,,,,,,,,,,,,,,,,,,,,,,,2025
695076,Rhett Lowder,113,Cincinnati Reds,,P,2026,,,,,,,,,,,,,,,,,,,,,,,,,,,,,,,,,,,,,,,,,,,,,,,,,2025
807712,Luke Keaschall,142,Minnesota Twins,,2B,2026,414.0,354.0,93.0,15.0,1.0,6.0,41.0,1.0,63.0,12.0,6.0,1.0,128.0,33.0,6.0,.263,.354,.362,.716,.299,59.00,1562.0,82.0,123.0,207.0,182.0,55.0,14.0,0.0,4.0,19.0,0.0,29.0,5.0,1.0,0.0,81.0,28.0,4.0,.302,.382,.445,.827,.340,45.50,774.0,49.0,50.0,2025
680742,Jonathan Bowlan,143,Philadelphia Phillies,,P,2026,,,,,,,,,,,,,,,,,,,,,,,,,,,,,,,,,,,,,,,,,,,,,,,,,2025
690984,Petey Halpin,114,Cleveland Guardians,,CF,2026,117.0,108.0,23.0,3.0,1.0,2.0,3.0,0.0,22.0,2.0,1.0,3.0,34.0,7.0,1.0,.213,.246,.315,.561,.247,54.00,405.0,26.0,41.0,8.0,6.0,2.0,0.0,0.0,0.0,2.0,0.0,2.0,0.0,0.0,0.0,2.0,0.0,0.0,.333,.500,.333,.833,.500,-.--,33.0,1.0,1.0,2025
680744,Ty Madden,116,Detroit Tigers,,P,2026,,,,,,,,,,,,,,,,,,,,,,,,,,,,,,,,,,,,,,,,,,,,,,,,,2025
690986,Kyle Harrison,158,Milwaukee Brewers,,P,2026,,,,,,,,,,,,,,,,,,,,,,,,,,,,,,,,,,,,,,,,,,,,,,,,,2025
641835,Tim Mayza,143,Philadelphia Phillies,,P,2026,,,,,,,,,,,,,,,,,,,,,,,,,,,,,,,,,,,,,,,,,,,,,,,,,2025
660271,Shohei Ohtani,119,Los Angeles Dodgers,,TWP,2026,478.0,399.0,117.0,22.0,2.0,24.0,67.0,16.0,108.0,5.0,5.0,0.0,215.0,67.0,6.0,.293,.397,.539,.936,.342,16.62,1793.0,85.0,94.0,727.0,611.0,172.0,25.0,9.0,55.0,109.0,20.0,187.0,3.0,2.0,0.0,380.0,102.0,9.0,.282,.392,.622,1.014,.315,11.11,2865.0,120.0,134.0,2025
680755,Braydon Fisher,141,Toronto Blue Jays,,P,2026,,,,,,,,,,,,,,,,,,,,,,,,,,,,,,,,,,,,,,,,,,,,,,,,,2025
690993,Colt Keith,116,Detroit Tigers,,3B,2026,321.0,297.0,81.0,13.0,4.0,8.0,19.0,0.0,60.0,3.0,2.0,0.0,126.0,29.0,7.0,.273,.321,.424,.745,.316,37.12,1187.0,68.0,90.0,468.0,414.0,106.0,22.0,2.0,13.0,48.0,1.0,102.0,2.0,4.0,0.0,171.0,45.0,7.0,.256,.333,.413,.746,.307,31.85,1826.0,87.0,123.0,2025
690997,Nolan McLean,121,New York Mets,,P,2026,,,,,,,,,,,,,,,,,,,,,,,,,,,,,,,,,,,,,,,,,,,,,,,,,2025
680757,Steven Kwan,114,Cleveland Guardians,,LF,2026,424.0,357.0,93.0,14.0,2.0,1.0,55.0,1.0,41.0,4.0,3.0,4.0,114.0,21.0,8.0,.261,.363,.319,.682,.289,357.00,1681.0,102.0,128.0,693.0,625.0,170.0,29.0,1.0,11.0,55.0,2.0,60.0,3.0,7.0,3.0,234.0,56.0,3.0,.272,.330,.374,.704,.283,56.82,2786.0,167.0,238.0,2025
680767,Victor Vodnik,146,Miami Marlins,,P,2026,0.0,0.0,0.0,0.0,0.0,0.0,0.0,0.0,0.0,0.0,0.0,0.0,0.0,0.0,0.0,.000,.000,.000,.000,.---,-.--,0.0,0.0,0.0,0.0,0.0,0.0,0.0,0.0,0.0,0.0,0.0,0.0,0.0,0.0,0.0,0.0,0.0,0.0,.000,.000,.000,.000,.---,-.--,0.0,0.0,0.0,2025
641857,Ryan McMahon,147,New York Yankees,,3B,2026,269.0,248.0,53.0,10.0,0.0,10.0,18.0,0.0,81.0,2.0,0.0,1.0,93.0,27.0,6.0,.214,.272,.375,.647,.274,24.80,1085.0,56.0,59.0,586.0,509.0,109.0,23.0,1.0,20.0,70.0,1.0,189.0,4.0,3.0,0.0,194.0,53.0,7.0,.214,.312,.381,.693,.294,25.45,2500.0,106.0,108.0,2025
691011,Drew Romo,145,Chicago White Sox,,C,2026,151.0,134.0,18.0,5.0,0.0,5.0,13.0,0.0,40.0,2.0,1.0,1.0,38.0,11.0,4.0,.134,.220,.284,.504,.144,26.80,545.0,35.0,43.0,3.0,3.0,0.0,0.0,0.0,0.0,0.0,0.0,3.0,0.0,0.0,0.0,0.0,0.0,0.0,.000,.000,.000,.000,.---,-.--,12.0,0.0,0.0,2025
514888,Jose Altuve,117,Houston Astros,,2B,2026,386.0,352.0,85.0,14.0,1.0,12.0,31.0,1.0,80.0,1.0,1.0,1.0,137.0,33.0,15.0,.241,.304,.389,.693,.280,29.33,1392.0,109.0,80.0,654.0,588.0,156.0,24.0,1.0,26.0,55.0,5.0,109.0,4.0,6.0,1.0,260.0,77.0,20.0,.265,.329,.442,.771,.283,22.62,2314.0,149.0,181.0,2025
572233,Christian Walker,117,Houston Astros,,1B,2026,460.0,413.0,98.0,23.0,1.0,22.0,38.0,2.0,111.0,8.0,1.0,0.0,189.0,64.0,13.0,.237,.313,.458,.771,.270,18.77,1796.0,95.0,110.0,640.0,585.0,139.0,24.0,1.0,27.0,40.0,1.0,177.0,11.0,4.0,0.0,246.0,88.0,10.0,.238,.297,.421,.718,.291,21.67,2513.0,111.0,162.0,2025
691016,Tyler Soderstrom,133,Athletics,,LF,2026,419.0,366.0,89.0,25.0,2.0,17.0,49.0,4.0,80.0,3.0,1.0,0.0,169.0,50.0,9.0,.243,.337,.462,.799,.267,21.53,1605.0,111.0,87.0,624.0,561.0,155.0,34.0,1.0,25.0,55.0,2.0,141.0,6.0,2.0,0.0,266.0,93.0,18.0,.276,.346,.474,.820,.327,22.44,2227.0,153.0,114.0,2025
676680,Tom Cosgrove,120,Washington Nationals,,P,2026,,,,,,,,,,,,,,,,,,,,,,,,,,,,,,,,,,,,,,,,,,,,,,,,,2025
680776,Jarren Duran,111,Boston Red Sox,,LF,2026,446.0,404.0,82.0,10.0,3.0,15.0,29.0,1.0,127.0,4.0,7.0,2.0,143.0,58.0,3.0,.203,.259,.354,.613,.249,26.93,1655.0,107.0,97.0,696.0,620.0,159.0,41.0,13.0,16.0,60.0,1.0,169.0,12.0,3.0,1.0,274.0,84.0,6.0,.256,.332,.442,.774,.326,38.75,2624.0,137.0,159.0,2025
670541,Yordan Alvarez,117,Houston Astros,,DH,2026,499.0,410.0,135.0,24.0,0.0,35.0,80.0,23.0,85.0,6.0,3.0,0.0,264.0,84.0,5.0,.329,.443,.644,1.087,.341,11.71,1900.0,67.0,126.0,199.0,165.0,45.0,8.0,0.0,6.0,28.0,5.0,33.0,0.0,6.0,0.0,71.0,27.0,1.0,.273,.367,.430,.797,.295,27.50,803.0,34.0,59.0,2025
682829,Elly De La Cruz,113,Cincinnati Reds,,SS,2026,418.0,369.0,102.0,18.0,5.0,18.0,45.0,0.0,113.0,2.0,2.0,0.0,184.0,52.0,5.0,.276,.356,.499,.855,.350,20.50,1686.0,86.0,70.0,699.0,629.0,166.0,31.0,7.0,22.0,67.0,10.0,181.0,2.0,1.0,0.0,277.0,86.0,14.0,.264,.336,.440,.776,.337,28.59,2678.0,166.0,117.0,2025
680777,Ryan Jeffers,142,Minnesota Twins,,C,2026,212.0,180.0,51.0,9.0,1.0,10.0,28.0,0.0,33.0,2.0,1.0,0.0,92.0,36.0,2.0,.283,.384,.511,.895,.297,18.00,905.0,44.0,54.0,464.0,406.0,108.0,26.0,0.0,9.0,50.0,1.0,91.0,7.0,1.0,0.0,161.0,47.0,9.0,.266,.356,.397,.753,.322,45.11,1879.0,91.0,117.0,2025
691023,Jordan Walker,138,St. Louis Cardinals,,RF,2026,475.0,432.0,123.0,23.0,0.0,22.0,37.0,1.0,119.0,3.0,3.0,0.0,212.0,81.0,9.0,.285,.343,.491,.834,.344,19.64,1711.0,94.0,99.0,396.0,363.0,78.0,13.0,1.0,6.0,29.0,1.0,126.0,3.0,1.0,0.0,111.0,41.0,9.0,.215,.278,.306,.584,.310,60.50,1541.0,75.0,85.0,2025
680779,Henry Davis,134,Pittsburgh Pirates,,C,2026,226.0,197.0,34.0,5.0,0.0,8.0,21.0,0.0,47.0,6.0,1.0,1.0,63.0,30.0,4.0,.173,.271,.320,.591,.182,24.62,833.0,45.0,73.0,283.0,252.0,42.0,7.0,0.0,7.0,18.0,0.0,76.0,5.0,3.0,3.0,70.0,22.0,2.0,.167,.234,.278,.512,.203,36.00,1069.0,48.0,92.0,2025
686930,Mason Barnett,133,Athletics,,P,2026,,,,,,,,,,,,,,,,,,,,,,,,,,,,,,,,,,,,,,,,,,,,,,,,,2025
682842,Abner Uribe,158,Milwaukee Brewers,,P,2026,,,,,,,,,,,,,,,,,,,,,,,,,,,,,,,,,,,,,,,,,,,,,,,,,2025
691026,Masyn Winn,138,St. Louis Cardinals,,SS,2026,434.0,381.0,91.0,14.0,2.0,4.0,40.0,0.0,88.0,7.0,6.0,0.0,121.0,45.0,8.0,.239,.318,.318,.636,.295,95.25,1703.0,95.0,113.0,537.0,491.0,124.0,27.0,0.0,9.0,34.0,0.0,102.0,8.0,2.0,2.0,178.0,51.0,11.0,.253,.310,.363,.673,.301,54.56,2256.0,107.0,162.0,2025
607067,Colin Rea,112,Chicago Cubs,,P,2026,,,,,,,,,,,,,,,,,,,,,,,,,1.0,1.0,0.0,0.0,0.0,0.0,0.0,0.0,1.0,0.0,0.0,0.0,0.0,0.0,0.0,.000,.000,.000,.000,.---,-.--,5.0,0.0,0.0,2025
445276,Kenley Jansen,116,Detroit Tigers,,P,2026,0.0,0.0,0.0,0.0,0.0,0.0,0.0,0.0,0.0,0.0,0.0,0.0,0.0,0.0,0.0,.000,.000,.000,.000,.---,-.--,0.0,0.0,0.0,0.0,0.0,0.0,0.0,0.0,0.0,0.0,0.0,0.0,0.0,0.0,0.0,0.0,0.0,0.0,.000,.000,.000,.000,.---,-.--,0.0,0.0,0.0,2025
623454,Drew Anderson,116,Detroit Tigers,,P,2026,,,,,,,,,,,,,,,,,,,,,,,,,,,,,,,,,,,,,,,,,,,,,,,,,2025
682848,Endy Rodríguez,134,Pittsburgh Pirates,,C,2026,151.0,127.0,34.0,6.0,0.0,6.0,23.0,0.0,38.0,0.0,0.0,0.0,58.0,18.0,3.0,.268,.380,.457,.837,.337,21.17,573.0,23.0,32.0,57.0,52.0,9.0,4.0,0.0,0.0,5.0,0.0,14.0,0.0,0.0,0.0,13.0,2.0,0.0,.173,.246,.250,.496,.237,-.--,205.0,11.0,18.0,2025
686948,Drake Baldwin,144,Atlanta Braves,,C,2026,401.0,349.0,94.0,7.0,0.0,20.0,44.0,2.0,84.0,7.0,1.0,0.0,161.0,57.0,13.0,.269,.362,.461,.823,.301,17.45,1559.0,96.0,76.0,446.0,405.0,111.0,18.0,2.0,19.0,38.0,0.0,68.0,3.0,0.0,0.0,190.0,80.0,9.0,.274,.341,.469,.810,.289,21.32,1750.0,131.0,95.0,2025
623465,Evan Phillips,119,Los Angeles Dodgers,,P,2026,,,,,,,,,,,,,,,,,,,,,,,,,,,,,,,,,,,,,,,,,,,,,,,,,2025
623474,Jimmy Herget,115,Colorado Rockies,,P,2026,0.0,0.0,0.0,0.0,0.0,0.0,0.0,0.0,0.0,0.0,0.0,0.0,0.0,0.0,0.0,.000,.000,.000,.000,.---,-.--,0.0,0.0,0.0,,,,,,,,,,,,,,,,,,,,,,,,,2025
656240,Scott Blewett,133,Athletics,,P,2026,,,,,,,,,,,,,,,,,,,,,,,,,,,,,,,,,,,,,,,,,,,,,,,,,2025
676724,Jared Young,121,New York Mets,,1B,2026,203.0,180.0,44.0,9.0,0.0,7.0,16.0,0.0,40.0,6.0,1.0,0.0,74.0,19.0,4.0,.244,.325,.411,.736,.276,25.71,790.0,51.0,46.0,47.0,43.0,8.0,1.0,0.0,4.0,2.0,0.0,16.0,1.0,1.0,0.0,21.0,6.0,1.0,.186,.234,.488,.722,.167,10.75,192.0,6.0,14.0,2025
672629,Gerardo Carrillo,109,Arizona Diamondbacks,,P,2026,,,,,,,,,,,,,,,,,,,,,,,,,,,,,,,,,,,,,,,,,,,,,,,,,2025
701305,Zach Dezenzo,117,Houston Astros,,LF,2026,82.0,75.0,16.0,4.0,0.0,1.0,7.0,0.0,31.0,0.0,0.0,0.0,23.0,3.0,1.0,.213,.280,.307,.587,.349,75.00,333.0,16.0,12.0,109.0,98.0,24.0,6.0,0.0,2.0,11.0,0.0,37.0,0.0,0.0,0.0,36.0,10.0,2.0,.245,.321,.367,.688,.373,49.00,480.0,15.0,22.0,2025
807799,Masataka Yoshida,111,Boston Red Sox,,DH,2026,259.0,231.0,62.0,12.0,1.0,5.0,24.0,0.0,27.0,3.0,1.0,0.0,91.0,23.0,1.0,.268,.344,.394,.738,.285,46.20,924.0,78.0,65.0,205.0,188.0,50.0,11.0,0.0,4.0,10.0,0.0,24.0,3.0,4.0,0.0,73.0,26.0,3.0,.266,.307,.388,.695,.280,47.00,715.0,73.0,45.0,2025
686973,Louis Varland,141,Toronto Blue Jays,,P,2026,,,,,,,,,,,,,,,,,,,,,,,,,,,,,,,,,,,,,,,,,,,,,,,,,2025
621438,Tyrone Taylor,112,Chicago Cubs,,LF,2026,162.0,148.0,35.0,8.0,0.0,10.0,9.0,0.0,32.0,1.0,0.0,4.0,73.0,28.0,0.0,.236,.285,.493,.778,.236,14.80,611.0,36.0,49.0,341.0,310.0,69.0,18.0,3.0,2.0,16.0,1.0,76.0,9.0,2.0,3.0,99.0,27.0,4.0,.223,.279,.319,.598,.286,155.00,1246.0,63.0,107.0,2025
641927,Bailey Ober,142,Minnesota Twins,,P,2026,,,,,,,,,,,,,,,,,,,,,,,,,,,,,,,,,,,,,,,,,,,,,,,,,2025
592773,Ryne Stanek,138,St. Louis Cardinals,,P,2026,,,,,,,,,,,,,,,,,,,,,,,,,0.0,0.0,0.0,0.0,0.0,0.0,0.0,0.0,0.0,0.0,0.0,0.0,0.0,0.0,0.0,.000,.000,.000,.000,.---,-.--,0.0,0.0,0.0,2025
672640,Otto Lopez,146,Miami Marlins,,SS,2026,476.0,440.0,142.0,29.0,7.0,9.0,23.0,0.0,64.0,4.0,9.0,0.0,212.0,51.0,8.0,.323,.355,.482,.837,.354,48.89,1738.0,132.0,111.0,594.0,544.0,134.0,21.0,0.0,15.0,44.0,2.0,82.0,3.0,3.0,0.0,200.0,77.0,9.0,.246,.305,.368,.673,.264,36.27,2129.0,174.0,157.0,2025
641933,Tyler O'Neill,110,Baltimore Orioles,,RF,2026,205.0,183.0,39.0,8.0,0.0,8.0,20.0,0.0,57.0,2.0,0.0,0.0,71.0,18.0,3.0,.213,.298,.388,.686,.263,22.88,811.0,30.0,57.0,209.0,181.0,36.0,6.0,1.0,9.0,22.0,1.0,51.0,3.0,3.0,0.0,71.0,26.0,2.0,.199,.292,.392,.684,.218,20.11,821.0,35.0,62.0,2025
656271,Brock Burke,113,Cincinnati Reds,,P,2026,,,,,,,,,,,,,,,,,,,,,,,,,,,,,,,,,,,,,,,,,,,,,,,,,2025
805779,Jacob Wilson,133,Athletics,,SS,2026,308.0,292.0,80.0,13.0,1.0,7.0,12.0,0.0,35.0,2.0,1.0,1.0,116.0,36.0,6.0,.274,.306,.397,.703,.291,41.71,1051.0,104.0,75.0,523.0,486.0,151.0,26.0,0.0,13.0,27.0,1.0,39.0,7.0,1.0,2.0,216.0,63.0,16.0,.311,.355,.444,.799,.317,37.38,1735.0,179.0,120.0,2025
641941,Emilio Pagán,113,Cincinnati Reds,,P,2026,,,,,,,,,,,,,,,,,,,,,,,,,,,,,,,,,,,,,,,,,,,,,,,,,2025
502671,Paul Goldschmidt,147,New York Yankees,,1B,2026,321.0,294.0,72.0,10.0,1.0,16.0,23.0,1.0,77.0,3.0,1.0,0.0,132.0,44.0,6.0,.245,.305,.449,.754,.277,18.38,1274.0,78.0,68.0,534.0,489.0,134.0,31.0,1.0,10.0,36.0,5.0,100.0,4.0,2.0,0.0,197.0,45.0,8.0,.274,.328,.403,.731,.325,48.90,2092.0,113.0,144.0,2025
592791,Jameson Taillon,141,Toronto Blue Jays,,P,2026,,,,,,,,,,,,,,,,,,,,,,,,,,,,,,,,,,,,,,,,,,,,,,,,,2025
656288,Griffin Canning,135,San Diego Padres,,P,2026,,,,,,,,,,,,,,,,,,,,,,,,,,,,,,,,,,,,,,,,,,,,,,,,,2025
670623,Isaac Paredes,117,Houston Astros,,3B,2026,462.0,397.0,99.0,18.0,1.0,15.0,45.0,0.0,68.0,16.0,4.0,0.0,164.0,60.0,10.0,.249,.346,.413,.759,.264,26.47,2054.0,67.0,167.0,438.0,378.0,96.0,15.0,1.0,20.0,50.0,0.0,76.0,8.0,2.0,0.0,173.0,53.0,10.0,.254,.352,.458,.810,.268,18.90,1943.0,73.0,135.0,2025
699302,Héctor Rodríguez,113,Cincinnati Reds,,LF,2026,3.0,2.0,0.0,0.0,0.0,0.0,1.0,0.0,0.0,0.0,0.0,0.0,0.0,0.0,0.0,.000,.333,.000,.333,.000,-.--,10.0,1.0,1.0,,,,,,,,,,,,,,,,,,,,,,,,,2025
656302,Dylan Cease,141,Toronto Blue Jays,,P,2026,,,,,,,,,,,,,,,,,,,,,,,,,,,,,,,,,,,,,,,,,,,,,,,,,2025
684974,Craig Yoho,114,Cleveland Guardians,,P,2026,,,,,,,,,,,,,,,,,,,,,,,,,,,,,,,,,,,,,,,,,,,,,,,,,2025
701358,Cam Smith,117,Houston Astros,,RF,2026,419.0,374.0,81.0,15.0,2.0,13.0,34.0,0.0,101.0,6.0,4.0,0.0,139.0,40.0,9.0,.217,.289,.372,.661,.258,28.77,1707.0,101.0,95.0,493.0,441.0,104.0,21.0,3.0,9.0,43.0,0.0,137.0,7.0,2.0,0.0,158.0,51.0,11.0,.236,.312,.358,.670,.320,49.00,2024.0,104.0,98.0,2025
682928,CJ Abrams,120,Washington Nationals,,SS,2026,474.0,416.0,119.0,22.0,2.0,28.0,42.0,2.0,107.0,10.0,6.0,0.0,229.0,85.0,5.0,.286,.361,.550,.911,.317,14.86,1793.0,77.0,119.0,635.0,580.0,149.0,35.0,5.0,19.0,37.0,1.0,125.0,14.0,3.0,1.0,251.0,60.0,5.0,.257,.315,.433,.748,.296,30.53,2320.0,141.0,169.0,2025
805808,Kevin McGonigle,116,Detroit Tigers,,SS,2026,491.0,415.0,118.0,20.0,3.0,11.0,71.0,1.0,68.0,3.0,2.0,0.0,177.0,42.0,3.0,.284,.391,.427,.818,.317,37.73,1988.0,78.0,153.0,,,,,,,,,,,,,,,,,,,,,,,,,2025
695243,Mason Miller,135,San Diego Padres,,P,2026,,,,,,,,,,,,,,,,,,,,,,,,,,,,,,,,,,,,,,,,,,,,,,,,,2025
672695,Geraldo Perdomo,109,Arizona Diamondbacks,,SS,2026,476.0,392.0,96.0,14.0,4.0,9.0,70.0,0.0,57.0,4.0,5.0,5.0,145.0,41.0,9.0,.245,.361,.370,.731,.263,43.56,2007.0,119.0,130.0,720.0,597.0,173.0,33.0,5.0,20.0,94.0,1.0,83.0,10.0,11.0,8.0,276.0,100.0,11.0,.290,.389,.462,.851,.303,29.85,3007.0,167.0,193.0,2025
621493,Taylor Ward,136,Seattle Mariners,,LF,2026,509.0,413.0,101.0,20.0,0.0,7.0,87.0,2.0,104.0,6.0,3.0,0.0,142.0,30.0,7.0,.245,.381,.344,.725,.308,59.00,2126.0,94.0,117.0,663.0,579.0,132.0,31.0,2.0,36.0,75.0,1.0,175.0,3.0,6.0,0.0,275.0,103.0,13.0,.228,.317,.475,.792,.257,16.08,2788.0,112.0,166.0,2025
605137,Josh Bell,142,Minnesota Twins,,DH,2026,438.0,401.0,99.0,24.0,1.0,14.0,33.0,0.0,97.0,2.0,2.0,0.0,167.0,64.0,10.0,.247,.306,.416,.722,.291,28.64,1711.0,101.0,106.0,533.0,468.0,111.0,16.0,1.0,22.0,57.0,1.0,88.0,5.0,3.0,0.0,195.0,63.0,15.0,.237,.325,.417,.742,.247,21.27,2102.0,137.0,135.0,2025
672724,Oswald Peraza,108,Los Angeles Angels,,2B,2026,295.0,275.0,65.0,11.0,2.0,7.0,11.0,0.0,89.0,7.0,1.0,1.0,101.0,24.0,6.0,.236,.282,.367,.649,.322,39.29,1083.0,69.0,54.0,265.0,244.0,40.0,6.0,0.0,5.0,17.0,0.0,80.0,2.0,1.0,0.0,61.0,20.0,6.0,.164,.223,.250,.473,.219,48.80,1005.0,70.0,55.0,2025
605141,Mookie Betts,119,Los Angeles Dodgers,,SS,2026,325.0,300.0,67.0,11.0,0.0,13.0,23.0,2.0,39.0,1.0,1.0,0.0,117.0,36.0,12.0,.223,.280,.390,.670,.217,23.08,1192.0,66.0,129.0,663.0,589.0,152.0,23.0,2.0,20.0,61.0,2.0,68.0,3.0,10.0,0.0,239.0,82.0,15.0,.258,.326,.406,.732,.258,29.45,2460.0,136.0,243.0,2025
701398,Sal Stewart,113,Cincinnati Reds,,1B,2026,486.0,424.0,108.0,23.0,0.0,24.0,52.0,4.0,106.0,3.0,7.0,0.0,203.0,86.0,11.0,.255,.335,.479,.814,.279,17.67,1917.0,113.0,104.0,58.0,55.0,14.0,1.0,0.0,5.0,3.0,0.0,15.0,0.0,0.0,0.0,30.0,8.0,1.0,.255,.293,.545,.838,.257,11.00,217.0,10.0,16.0,2025
687064,Brandon Young,110,Baltimore Orioles,,P,2026,,,,,,,,,,,,,,,,,,,,,,,,,,,,,,,,,,,,,,,,,,,,,,,,,2025
607200,Erick Fedde,145,Chicago White Sox,,P,2026,,,,,,,,,,,,,,,,,,,,,,,,,,,,,,,,,,,,,,,,,,,,,,,,,2025
592866,Trevor Williams,120,Washington Nationals,,P,2026,,,,,,,,,,,,,,,,,,,,,,,,,,,,,,,,,,,,,,,,,,,,,,,,,2025
678882,Ceddanne Rafaela,111,Boston Red Sox,,CF,2026,445.0,418.0,121.0,28.0,3.0,15.0,18.0,0.0,90.0,7.0,0.0,2.0,200.0,59.0,8.0,.289,.330,.478,.808,.339,27.87,1655.0,104.0,105.0,587.0,546.0,136.0,34.0,4.0,16.0,28.0,0.0,117.0,8.0,2.0,3.0,226.0,63.0,9.0,.249,.295,.414,.709,.289,34.12,2128.0,139.0,159.0,2025
607208,Trea Turner,143,Philadelphia Phillies,,SS,2026,490.0,456.0,115.0,19.0,1.0,16.0,29.0,0.0,107.0,3.0,2.0,0.0,184.0,44.0,7.0,.252,.300,.404,.704,.296,28.50,1853.0,115.0,121.0,639.0,589.0,179.0,31.0,7.0,15.0,43.0,1.0,107.0,5.0,2.0,0.0,269.0,69.0,11.0,.304,.355,.457,.812,.350,39.27,2407.0,159.0,146.0,2025
682985,Riley Greene,116,Detroit Tigers,,LF,2026,469.0,403.0,112.0,24.0,1.0,16.0,59.0,4.0,124.0,2.0,5.0,0.0,186.0,54.0,11.0,.278,.369,.462,.831,.358,25.19,1959.0,71.0,101.0,655.0,600.0,155.0,31.0,1.0,36.0,46.0,1.0,201.0,4.0,5.0,0.0,296.0,111.0,14.0,.258,.313,.493,.806,.323,16.67,2706.0,118.0,131.0,2025
682987,Spencer Jones,147,New York Yankees,,CF,2026,116.0,104.0,23.0,4.0,0.0,5.0,12.0,0.0,43.0,0.0,0.0,0.0,42.0,13.0,0.0,.221,.302,.404,.706,.321,20.80,499.0,13.0,25.0,,,,,,,,,,,,,,,,,,,,,,,,,2025
682988,Tyler Locklear,109,Arizona Diamondbacks,,1B,2026,31.0,25.0,6.0,1.0,0.0,1.0,4.0,0.0,4.0,1.0,1.0,0.0,10.0,6.0,3.0,.240,.355,.400,.755,.238,25.00,120.0,12.0,4.0,116.0,103.0,18.0,0.0,0.0,3.0,10.0,0.0,43.0,3.0,0.0,0.0,27.0,6.0,3.0,.175,.267,.262,.529,.263,34.33,477.0,25.0,17.0,2025
682989,Victor Mederos,144,Atlanta Braves,,P,2026,1.0,1.0,1.0,0.0,0.0,0.0,0.0,0.0,0.0,0.0,0.0,0.0,1.0,2.0,0.0,1.000,1.000,1.000,2.000,1.000,-.--,3.0,0.0,0.0,,,,,,,,,,,,,,,,,,,,,,,,,2025
605170,Victor Caratini,142,Minnesota Twins,,C,2026,304.0,261.0,60.0,9.0,0.0,7.0,26.0,1.0,61.0,9.0,8.0,0.0,90.0,37.0,5.0,.230,.313,.345,.658,.264,37.29,1154.0,71.0,77.0,386.0,344.0,89.0,14.0,0.0,12.0,23.0,0.0,65.0,13.0,6.0,0.0,139.0,46.0,8.0,.259,.324,.404,.728,.282,28.67,1417.0,93.0,103.0,2025
592885,Christian Yelich,158,Milwaukee Brewers,,DH,2026,340.0,299.0,69.0,17.0,2.0,7.0,35.0,3.0,91.0,3.0,2.0,1.0,111.0,37.0,4.0,.231,.316,.371,.687,.305,42.71,1443.0,91.0,51.0,644.0,573.0,151.0,21.0,0.0,29.0,64.0,6.0,167.0,6.0,1.0,0.0,259.0,103.0,6.0,.264,.343,.452,.795,.323,19.76,2601.0,174.0,82.0,2025
687093,Vaughn Grissom,108,Los Angeles Angels,,2B,2026,276.0,245.0,64.0,15.0,0.0,7.0,21.0,0.0,44.0,5.0,4.0,0.0,100.0,47.0,10.0,.261,.327,.408,.735,.288,35.00,1033.0,66.0,75.0,,,,,,,,,,,,,,,,,,,,,,,,,2025
682998,Corbin Carroll,109,Arizona Diamondbacks,,RF,2026,478.0,414.0,100.0,22.0,12.0,16.0,55.0,2.0,109.0,6.0,3.0,0.0,194.0,52.0,6.0,.242,.337,.469,.806,.288,25.88,1888.0,95.0,113.0,642.0,564.0,146.0,32.0,17.0,31.0,67.0,4.0,153.0,7.0,4.0,0.0,305.0,84.0,6.0,.259,.343,.541,.884,.299,18.19,2497.0,111.0,158.0,2025
683002,Gunnar Henderson,110,Baltimore Orioles,,SS,2026,510.0,460.0,100.0,19.0,4.0,18.0,40.0,2.0,119.0,8.0,2.0,0.0,181.0,47.0,7.0,.217,.290,.393,.683,.252,25.56,2003.0,115.0,128.0,651.0,577.0,158.0,34.0,5.0,17.0,62.0,6.0,137.0,7.0,5.0,0.0,253.0,68.0,7.0,.274,.349,.438,.787,.329,33.94,2506.0,161.0,126.0,2025
683003,Jared Jones,134,Pittsburgh Pirates,,P,2026,,,,,,,,,,,,,,,,,,,,,,,,,,,,,,,,,,,,,,,,,,,,,,,,,2025
689147,Orion Kerkering,143,Philadelphia Phillies,,P,2026,0.0,0.0,0.0,0.0,0.0,0.0,0.0,0.0,0.0,0.0,0.0,0.0,0.0,0.0,0.0,.000,.000,.000,.000,.---,-.--,0.0,0.0,0.0,,,,,,,,,,,,,,,,,,,,,,,,,2025
689149,Chad Dallas,141,Toronto Blue Jays,,P,2026,,,,,,,,,,,,,,,,,,,,,,,,,,,,,,,,,,,,,,,,,,,,,,,,,2025
668670,Jake Rogers,111,Boston Red Sox,,C,2026,116.0,98.0,16.0,2.0,1.0,3.0,14.0,0.0,33.0,1.0,2.0,1.0,29.0,9.0,1.0,.163,.270,.296,.566,.203,32.67,458.0,20.0,32.0,142.0,123.0,23.0,5.0,2.0,3.0,15.0,0.0,39.0,1.0,2.0,1.0,41.0,19.0,3.0,.187,.277,.333,.610,.241,41.00,570.0,34.0,30.0,2025
621566,Matt Olson,144,Atlanta Braves,,1B,2026,495.0,439.0,118.0,28.0,0.0,31.0,50.0,3.0,121.0,3.0,3.0,0.0,239.0,69.0,6.0,.269,.345,.544,.889,.300,14.16,2112.0,90.0,113.0,724.0,624.0,170.0,41.0,2.0,29.0,91.0,2.0,176.0,4.0,5.0,0.0,302.0,95.0,14.0,.272,.366,.484,.850,.333,21.52,3166.0,133.0,150.0,2025
699393,Pedro Ramírez,112,Chicago Cubs,,2B,2026,117.0,105.0,31.0,8.0,1.0,1.0,10.0,1.0,20.0,0.0,1.0,1.0,44.0,14.0,3.0,.295,.353,.419,.772,.353,105.00,407.0,30.0,26.0,,,,,,,,,,,,,,,,,,,,,,,,,2025
668674,Lucas Erceg,118,Kansas City Royals,,P,2026,0.0,0.0,0.0,0.0,0.0,0.0,0.0,0.0,0.0,0.0,0.0,0.0,0.0,0.0,0.0,.000,.000,.000,.000,.---,-.--,0.0,0.0,0.0,0.0,0.0,0.0,0.0,0.0,0.0,0.0,0.0,0.0,0.0,0.0,0.0,0.0,0.0,0.0,.000,.000,.000,.000,.---,-.--,0.0,0.0,0.0,2025
500743,Miguel Rojas,119,Los Angeles Dodgers,,2B,2026,175.0,155.0,43.0,10.0,0.0,3.0,10.0,0.0,17.0,2.0,6.0,2.0,62.0,18.0,7.0,.277,.318,.400,.718,.284,51.67,620.0,50.0,53.0,317.0,290.0,76.0,18.0,0.0,7.0,24.0,1.0,46.0,0.0,0.0,3.0,115.0,27.0,7.0,.262,.318,.397,.715,.291,41.43,1166.0,83.0,88.0,2025
672782,Yoendrys Gómez,142,Minnesota Twins,,P,2026,,,,,,,,,,,,,,,,,,,,,,,,,,,,,,,,,,,,,,,,,,,,,,,,,2025
553993,Eugenio Suárez,113,Cincinnati Reds,,DH,2026,324.0,292.0,59.0,12.0,0.0,14.0,29.0,1.0,119.0,2.0,1.0,0.0,113.0,39.0,4.0,.202,.278,.387,.665,.281,20.86,1318.0,50.0,65.0,657.0,588.0,134.0,28.0,0.0,49.0,46.0,2.0,196.0,16.0,7.0,0.0,309.0,118.0,11.0,.228,.298,.526,.824,.243,12.00,2606.0,100.0,165.0,2025
676879,Aaron Ashby,158,Milwaukee Brewers,,P,2026,,,,,,,,,,,,,,,,,,,,,,,,,,,,,,,,,,,,,,,,,,,,,,,,,2025
543760,Marcus Semien,121,New York Mets,,2B,2026,370.0,338.0,71.0,8.0,1.0,12.0,27.0,0.0,83.0,1.0,3.0,1.0,117.0,35.0,10.0,.210,.268,.346,.614,.240,28.17,1384.0,69.0,119.0,534.0,470.0,108.0,16.0,1.0,15.0,50.0,0.0,93.0,5.0,9.0,0.0,171.0,62.0,8.0,.230,.305,.364,.669,.251,31.33,2075.0,101.0,177.0,2025
674841,Andrew Alvarez,120,Washington Nationals,,P,2026,,,,,,,,,,,,,,,,,,,,,,,,,,,,,,,,,,,,,,,,,,,,,,,,,2025
680977,Brendan Donovan,136,Seattle Mariners,,3B,2026,105.0,88.0,23.0,4.0,1.0,3.0,11.0,0.0,16.0,5.0,1.0,0.0,38.0,8.0,0.0,.261,.371,.432,.803,.286,29.33,376.0,23.0,27.0,515.0,460.0,132.0,32.0,0.0,10.0,42.0,3.0,67.0,7.0,4.0,2.0,194.0,50.0,4.0,.287,.353,.422,.775,.315,46.00,1923.0,131.0,136.0,2025
607259,Nick Martinez,139,Tampa Bay Rays,,P,2026,,,,,,,,,,,,,,,,,,,,,,,,,,,,,,,,,,,,,,,,,,,,,,,,,2025
668709,JJ Bleday,113,Cincinnati Reds,,LF,2026,354.0,298.0,68.0,11.0,1.0,19.0,51.0,1.0,75.0,2.0,2.0,0.0,138.0,46.0,5.0,.228,.343,.463,.806,.238,15.68,1398.0,52.0,105.0,344.0,307.0,65.0,17.0,0.0,14.0,36.0,2.0,91.0,0.0,1.0,0.0,124.0,39.0,6.0,.212,.294,.404,.698,.251,21.93,1328.0,61.0,91.0,2025
666661,Juan Morillo,109,Arizona Diamondbacks,,P,2026,,,,,,,,,,,,,,,,,,,,,,,,,0.0,0.0,0.0,0.0,0.0,0.0,0.0,0.0,0.0,0.0,0.0,0.0,0.0,0.0,0.0,.000,.000,.000,.000,.---,-.--,0.0,0.0,0.0,2025
642086,Dominic Smith,144,Atlanta Braves,,DH,2026,265.0,237.0,63.0,6.0,1.0,8.0,20.0,1.0,36.0,2.0,5.0,1.0,95.0,43.0,6.0,.266,.322,.401,.723,.278,29.62,1008.0,69.0,75.0,225.0,204.0,58.0,12.0,0.0,5.0,15.0,0.0,42.0,2.0,4.0,0.0,85.0,33.0,5.0,.284,.333,.417,.750,.329,40.80,848.0,46.0,62.0,2025
681006,Josh Simpson,136,Seattle Mariners,,P,2026,,,,,,,,,,,,,,,,,,,,,,,,,,,,,,,,,,,,,,,,,,,,,,,,,2025
670764,Taylor Walls,139,Tampa Bay Rays,,SS,2026,315.0,268.0,58.0,14.0,2.0,0.0,34.0,0.0,80.0,2.0,3.0,8.0,76.0,23.0,4.0,.216,.306,.284,.590,.304,-.--,1257.0,64.0,77.0,317.0,282.0,62.0,14.0,1.0,4.0,26.0,0.0,70.0,0.0,6.0,3.0,90.0,38.0,1.0,.220,.280,.319,.599,.271,70.50,1278.0,70.0,89.0,2025
668723,Ryan Vilade,139,Tampa Bay Rays,,RF,2026,190.0,170.0,43.0,7.0,1.0,9.0,15.0,0.0,42.0,1.0,3.0,1.0,79.0,35.0,4.0,.253,.312,.465,.777,.279,18.89,762.0,36.0,53.0,15.0,13.0,1.0,0.0,0.0,0.0,2.0,0.0,5.0,0.0,0.0,0.0,1.0,0.0,1.0,.077,.200,.077,.277,.125,-.--,60.0,6.0,1.0,2025
676914,Davis Schneider,141,Toronto Blue Jays,,LF,2026,133.0,110.0,16.0,6.0,0.0,3.0,21.0,0.0,45.0,0.0,1.0,1.0,31.0,12.0,1.0,.145,.280,.282,.562,.206,36.67,595.0,17.0,34.0,227.0,188.0,44.0,5.0,0.0,11.0,36.0,0.0,60.0,2.0,1.0,0.0,82.0,31.0,4.0,.234,.361,.436,.797,.280,17.09,1012.0,26.0,59.0,2025
670770,TJ Friedl,113,Cincinnati Reds,,CF,2026,236.0,206.0,34.0,6.0,1.0,3.0,20.0,0.0,54.0,4.0,1.0,5.0,51.0,11.0,2.0,.165,.251,.248,.499,.207,68.67,877.0,54.0,70.0,685.0,579.0,151.0,22.0,2.0,14.0,81.0,0.0,115.0,16.0,5.0,4.0,219.0,53.0,7.0,.261,.364,.378,.742,.301,41.36,2645.0,141.0,181.0,2025
676917,Cade Cavalli,120,Washington Nationals,,P,2026,,,,,,,,,,,,,,,,,,,,,,,,,0.0,0.0,0.0,0.0,0.0,0.0,0.0,0.0,0.0,0.0,0.0,0.0,0.0,0.0,0.0,.000,.000,.000,.000,.---,-.--,0.0,0.0,0.0,2025
685112,Zach McCambley,113,Cincinnati Reds,,P,2026,,,,,,,,,,,,,,,,,,,,,,,,,,,,,,,,,,,,,,,,,,,,,,,,,2025
642100,Gabe Speier,136,Seattle Mariners,,P,2026,0.0,0.0,0.0,0.0,0.0,0.0,0.0,0.0,0.0,0.0,0.0,0.0,0.0,0.0,0.0,.000,.000,.000,.000,.---,-.--,0.0,0.0,0.0,,,,,,,,,,,,,,,,,,,,,,,,,2025
693304,Nick Gonzales,134,Pittsburgh Pirates,,3B,2026,451.0,415.0,127.0,18.0,1.0,6.0,28.0,0.0,78.0,7.0,1.0,0.0,165.0,50.0,11.0,.306,.359,.398,.757,.364,69.17,1661.0,120.0,91.0,408.0,381.0,99.0,18.0,3.0,5.0,21.0,0.0,73.0,2.0,4.0,0.0,138.0,30.0,12.0,.260,.299,.362,.661,.306,76.20,1405.0,104.0,109.0,2025
693307,Dillon Dingler,116,Detroit Tigers,,C,2026,438.0,394.0,107.0,22.0,2.0,24.0,26.0,0.0,96.0,13.0,3.0,0.0,205.0,73.0,11.0,.272,.335,.520,.855,.300,16.42,1700.0,85.0,109.0,469.0,435.0,121.0,21.0,2.0,13.0,23.0,2.0,110.0,9.0,1.0,0.0,185.0,57.0,5.0,.278,.327,.425,.752,.345,33.46,1793.0,91.0,114.0,2025
693308,Nick Frasso,115,Colorado Rockies,,P,2026,,,,,,,,,,,,,,,,,,,,,,,,,,,,,,,,,,,,,,,,,,,,,,,,,2025
543807,George Springer,141,Toronto Blue Jays,,DH,2026,364.0,321.0,77.0,14.0,2.0,12.0,36.0,0.0,68.0,3.0,1.0,0.0,131.0,36.0,6.0,.240,.321,.408,.729,.269,26.75,1475.0,85.0,92.0,586.0,498.0,154.0,27.0,1.0,32.0,69.0,3.0,111.0,8.0,4.0,0.0,279.0,84.0,14.0,.309,.399,.560,.959,.340,15.56,2307.0,105.0,132.0,2025
681035,Christian Scott,121,New York Mets,,P,2026,,,,,,,,,,,,,,,,,,,,,,,,,,,,,,,,,,,,,,,,,,,,,,,,,2025
519242,Chris Sale,144,Atlanta Braves,,P,2026,,,,,,,,,,,,,,,,,,,,,,,,,,,,,,,,,,,,,,,,,,,,,,,,,2025
685133,Wade Meckler,108,Los Angeles Angels,,LF,2026,169.0,152.0,46.0,9.0,0.0,3.0,16.0,0.0,38.0,1.0,0.0,0.0,64.0,19.0,1.0,.303,.373,.421,.794,.387,50.67,594.0,37.0,31.0,,,,,,,,,,,,,,,,,,,,,,,,,2025
683083,Nasim Nuñez,120,Washington Nationals,,2B,2026,371.0,323.0,77.0,4.0,3.0,1.0,39.0,0.0,78.0,1.0,2.0,6.0,90.0,31.0,5.0,.238,.321,.279,.600,.309,323.00,1488.0,98.0,78.0,92.0,82.0,19.0,2.0,0.0,4.0,8.0,0.0,20.0,0.0,1.0,1.0,33.0,13.0,1.0,.232,.297,.402,.699,.254,20.50,417.0,26.0,19.0,2025
656464,Kevin Ginkel,109,Arizona Diamondbacks,,P,2026,,,,,,,,,,,,,,,,,,,,,,,,,,,,,,,,,,,,,,,,,,,,,,,,,2025
701519,Travis Adams,142,Minnesota Twins,,P,2026,,,,,,,,,,,,,,,,,,,,,,,,,,,,,,,,,,,,,,,,,,,,,,,,,2025
650333,Luis Arraez,143,Philadelphia Phillies,,2B,2026,468.0,424.0,138.0,24.0,7.0,4.0,25.0,4.0,21.0,4.0,9.0,6.0,188.0,45.0,7.0,.325,.361,.443,.804,.328,106.00,1733.0,122.0,158.0,675.0,620.0,181.0,30.0,4.0,8.0,34.0,0.0,21.0,2.0,7.0,12.0,243.0,61.0,12.0,.292,.327,.392,.719,.289,77.50,2467.0,215.0,222.0,2025
681047,Christian Franklin,110,Baltimore Orioles,,LF,2026,3.0,2.0,0.0,0.0,0.0,0.0,1.0,0.0,0.0,0.0,0.0,0.0,0.0,0.0,0.0,.000,.333,.000,.333,.000,-.--,12.0,2.0,0.0,,,,,,,,,,,,,,,,,,,,,,,,,2025
701538,Jackson Merrill,135,San Diego Padres,,CF,2026,466.0,431.0,104.0,18.0,1.0,16.0,30.0,2.0,112.0,1.0,1.0,3.0,172.0,54.0,6.0,.241,.292,.399,.691,.289,26.94,1854.0,94.0,125.0,483.0,440.0,116.0,25.0,6.0,16.0,33.0,1.0,108.0,4.0,5.0,1.0,201.0,67.0,4.0,.264,.317,.457,.774,.312,27.50,1703.0,88.0,134.0,2025
646241,Enmanuel De Jesus,116,Detroit Tigers,,P,2026,,,,,,,,,,,,,,,,,,,,,,,,,,,,,,,,,,,,,,,,,,,,,,,,,2025
656484,Tristan Gray,142,Minnesota Twins,,SS,2026,184.0,170.0,39.0,5.0,0.0,4.0,9.0,0.0,59.0,1.0,3.0,1.0,56.0,29.0,2.0,.229,.268,.329,.597,.318,42.50,713.0,29.0,47.0,86.0,78.0,18.0,5.0,0.0,3.0,6.0,0.0,19.0,0.0,1.0,1.0,32.0,9.0,0.0,.231,.282,.410,.692,.263,26.00,315.0,16.0,27.0,2025
689254,Mason Fluharty,141,Toronto Blue Jays,,P,2026,,,,,,,,,,,,,,,,,,,,,,,,,,,,,,,,,,,,,,,,,,,,,,,,,2025
656492,Foster Griffin,114,Cleveland Guardians,,P,2026,,,,,,,,,,,,,,,,,,,,,,,,,,,,,,,,,,,,,,,,,,,,,,,,,2025
701542,Will Warren,147,New York Yankees,,P,2026,,,,,,,,,,,,,,,,,,,,,,,,,,,,,,,,,,,,,,,,,,,,,,,,,2025
703601,Max Clark,116,Detroit Tigers,,CF,2026,20.0,16.0,6.0,2.0,0.0,1.0,4.0,0.0,6.0,0.0,0.0,0.0,11.0,3.0,0.0,.375,.500,.688,1.188,.556,16.00,95.0,1.0,3.0,,,,,,,,,,,,,,,,,,,,,,,,,2025
805999,A.J. Ewing,121,New York Mets,,CF,2026,297.0,264.0,70.0,13.0,1.0,7.0,27.0,0.0,75.0,1.0,3.0,2.0,106.0,28.0,1.0,.265,.332,.402,.734,.341,37.71,1186.0,59.0,65.0,,,,,,,,,,,,,,,,,,,,,,,,,2025
703607,Henry Bolte,133,Athletics,,CF,2026,254.0,221.0,58.0,8.0,0.0,4.0,19.0,0.0,68.0,10.0,2.0,1.0,78.0,21.0,4.0,.262,.345,.353,.698,.358,55.25,914.0,65.0,33.0,,,,,,,,,,,,,,,,,,,,,,,,,2025
689266,Dylan Dodd,144,Atlanta Braves,,P,2026,,,,,,,,,,,,,,,,,,,,,,,,,,,,,,,,,,,,,,,,,,,,,,,,,2025
681082,Bryson Stott,143,Philadelphia Phillies,,2B,2026,417.0,376.0,96.0,22.0,6.0,8.0,35.0,0.0,75.0,2.0,2.0,2.0,154.0,50.0,8.0,.255,.320,.410,.730,.298,47.00,1703.0,94.0,115.0,560.0,499.0,128.0,22.0,3.0,13.0,54.0,1.0,91.0,1.0,4.0,2.0,195.0,66.0,4.0,.257,.328,.391,.719,.288,38.38,2466.0,116.0,170.0,2025
687223,Carson Palmquist,120,Washington Nationals,,P,2026,,,,,,,,,,,,,,,,,,,,,,,,,,,,,,,,,,,,,,,,,,,,,,,,,2025
664702,Myles Straw,141,Toronto Blue Jays,,RF,2026,202.0,182.0,42.0,10.0,1.0,3.0,14.0,0.0,25.0,1.0,3.0,2.0,63.0,18.0,2.0,.231,.285,.346,.631,.248,60.67,756.0,54.0,66.0,299.0,267.0,70.0,14.0,1.0,4.0,19.0,0.0,50.0,1.0,1.0,11.0,98.0,32.0,5.0,.262,.313,.367,.680,.308,66.75,1104.0,68.0,91.0,2025
668804,Bryan Reynolds,134,Pittsburgh Pirates,,LF,2026,501.0,422.0,113.0,26.0,2.0,15.0,69.0,3.0,120.0,8.0,2.0,0.0,188.0,63.0,5.0,.268,.379,.445,.824,.339,28.13,1977.0,104.0,87.0,654.0,587.0,144.0,38.0,3.0,16.0,57.0,1.0,173.0,7.0,3.0,0.0,236.0,73.0,15.0,.245,.318,.402,.720,.319,36.69,2631.0,155.0,118.0,2025
547973,Aroldis Chapman,111,Boston Red Sox,,P,2026,0.0,0.0,0.0,0.0,0.0,0.0,0.0,0.0,0.0,0.0,0.0,0.0,0.0,0.0,0.0,.000,.000,.000,.000,.---,-.--,0.0,0.0,0.0,0.0,0.0,0.0,0.0,0.0,0.0,0.0,0.0,0.0,0.0,0.0,0.0,0.0,0.0,0.0,.000,.000,.000,.000,.---,-.--,0.0,0.0,0.0,2025
543877,Christian Vázquez,117,Houston Astros,,C,2026,217.0,197.0,43.0,7.0,0.0,5.0,15.0,1.0,41.0,0.0,1.0,4.0,65.0,23.0,2.0,.218,.272,.330,.602,.250,39.40,835.0,52.0,66.0,214.0,190.0,36.0,7.0,0.0,3.0,18.0,0.0,35.0,4.0,2.0,0.0,52.0,14.0,3.0,.189,.271,.274,.545,.214,63.33,833.0,48.0,73.0,2025
689296,Anthony Nunez,110,Baltimore Orioles,,P,2026,,,,,,,,,,,,,,,,,,,,,,,,,,,,,,,,,,,,,,,,,,,,,,,,,2025
683146,Brett Baty,121,New York Mets,,3B,2026,360.0,321.0,70.0,13.0,1.0,6.0,31.0,0.0,99.0,3.0,4.0,0.0,103.0,33.0,3.0,.218,.290,.321,.611,.291,53.50,1429.0,74.0,82.0,432.0,393.0,100.0,13.0,2.0,18.0,33.0,0.0,108.0,2.0,3.0,0.0,171.0,50.0,6.0,.254,.313,.435,.748,.304,21.83,1753.0,117.0,71.0,2025
668820,Max Kranick,120,Washington Nationals,,P,2026,,,,,,,,,,,,,,,,,,,,,,,,,,,,,,,,,,,,,,,,,,,,,,,,,2025
664728,Kyle Isbel,118,Kansas City Royals,,CF,2026,187.0,168.0,42.0,7.0,1.0,3.0,10.0,0.0,41.0,3.0,1.0,5.0,60.0,12.0,4.0,.250,.302,.357,.659,.312,56.00,669.0,46.0,45.0,409.0,368.0,94.0,16.0,4.0,4.0,23.0,0.0,74.0,2.0,3.0,13.0,130.0,33.0,7.0,.255,.301,.353,.654,.307,92.00,1470.0,119.0,97.0,2025
656537,Derek Hill,143,Philadelphia Phillies,,CF,2026,164.0,149.0,36.0,3.0,0.0,9.0,11.0,0.0,58.0,1.0,0.0,3.0,66.0,21.0,2.0,.242,.298,.443,.741,.329,16.56,654.0,32.0,26.0,149.0,134.0,29.0,6.0,0.0,3.0,9.0,0.0,48.0,3.0,0.0,3.0,44.0,11.0,3.0,.216,.281,.328,.609,.313,44.67,579.0,32.0,28.0,2025
642201,Eli White,111,Boston Red Sox,,RF,2026,145.0,134.0,31.0,6.0,1.0,5.0,9.0,0.0,31.0,1.0,1.0,0.0,54.0,17.0,2.0,.231,.283,.403,.686,.263,26.80,564.0,46.0,27.0,271.0,256.0,60.0,8.0,3.0,10.0,11.0,1.0,70.0,2.0,1.0,1.0,104.0,35.0,2.0,.234,.270,.406,.676,.282,25.60,1001.0,61.0,67.0,2025
677020,Josh Walker,110,Baltimore Orioles,,P,2026,,,,,,,,,,,,,,,,,,,,,,,,,,,,,,,,,,,,,,,,,,,,,,,,,2025
687263,Zach Neto,108,Los Angeles Angels,,SS,2026,493.0,435.0,100.0,21.0,3.0,19.0,49.0,1.0,156.0,8.0,1.0,0.0,184.0,47.0,3.0,.230,.318,.423,.741,.310,22.90,1954.0,65.0,115.0,554.0,502.0,129.0,29.0,1.0,26.0,33.0,6.0,149.0,14.0,3.0,2.0,238.0,62.0,5.0,.257,.319,.474,.793,.312,19.31,2171.0,96.0,133.0,2025
642207,Devin Williams,121,New York Mets,,P,2026,0.0,0.0,0.0,0.0,0.0,0.0,0.0,0.0,0.0,0.0,0.0,0.0,0.0,0.0,0.0,.000,.000,.000,.000,.---,-.--,0.0,0.0,0.0,,,,,,,,,,,,,,,,,,,,,,,,,2025
693409,César Prieto,138,St. Louis Cardinals,,3B,2026,17.0,17.0,0.0,0.0,0.0,0.0,0.0,0.0,2.0,0.0,0.0,0.0,0.0,0.0,1.0,.000,.000,.000,.000,.000,-.--,42.0,8.0,7.0,6.0,6.0,1.0,0.0,0.0,0.0,0.0,0.0,5.0,0.0,0.0,0.0,1.0,0.0,0.0,.167,.167,.167,.334,1.000,-.--,25.0,0.0,0.0,2025
656546,Jeff Hoffman,142,Minnesota Twins,,P,2026,,,,,,,,,,,,,,,,,,,,,,,,,0.0,0.0,0.0,0.0,0.0,0.0,0.0,0.0,0.0,0.0,0.0,0.0,0.0,0.0,0.0,.000,.000,.000,.000,.---,-.--,0.0,0.0,0.0,2025
668834,Easton McGee,118,Kansas City Royals,,P,2026,,,,,,,,,,,,,,,,,,,,,,,,,,,,,,,,,,,,,,,,,,,,,,,,,2025
650402,Gleyber Torres,116,Detroit Tigers,,2B,2026,249.0,206.0,55.0,8.0,0.0,7.0,39.0,1.0,49.0,2.0,2.0,0.0,84.0,29.0,3.0,.267,.386,.408,.794,.316,29.43,1058.0,55.0,49.0,628.0,532.0,136.0,22.0,0.0,16.0,85.0,0.0,101.0,4.0,7.0,0.0,206.0,74.0,11.0,.256,.358,.387,.745,.284,33.25,2652.0,130.0,172.0,2025
656550,Grant Holmes,144,Atlanta Braves,,P,2026,,,,,,,,,,,,,,,,,,,,,,,,,,,,,,,,,,,,,,,,,,,,,,,,,2025
642215,Weston Wilson,136,Seattle Mariners,,3B,2026,98.0,88.0,18.0,3.0,0.0,3.0,9.0,0.0,31.0,1.0,0.0,0.0,30.0,10.0,0.0,.205,.286,.341,.627,.278,29.33,416.0,20.0,19.0,125.0,111.0,22.0,4.0,0.0,5.0,12.0,0.0,34.0,1.0,0.0,1.0,41.0,17.0,1.0,.198,.282,.369,.651,.236,22.20,536.0,30.0,26.0,2025
656555,Rhys Hoskins,114,Cleveland Guardians,,1B,2026,295.0,243.0,43.0,13.0,0.0,12.0,45.0,0.0,95.0,3.0,4.0,0.0,92.0,36.0,4.0,.177,.308,.379,.687,.221,20.25,1251.0,33.0,76.0,328.0,279.0,66.0,12.0,1.0,12.0,38.0,2.0,91.0,5.0,6.0,0.0,116.0,43.0,6.0,.237,.332,.416,.748,.297,23.25,1429.0,41.0,87.0,2025
806068,Colt Emerson,136,Seattle Mariners,,SS,2026,218.0,198.0,39.0,6.0,1.0,7.0,15.0,0.0,72.0,2.0,2.0,1.0,68.0,22.0,2.0,.197,.258,.343,.601,.264,28.29,879.0,48.0,42.0,,,,,,,,,,,,,,,,,,,,,,,,,2025
691373,Jhostynxon Garcia,134,Pittsburgh Pirates,,RF,2026,47.0,45.0,8.0,1.0,0.0,0.0,1.0,0.0,14.0,1.0,0.0,0.0,9.0,2.0,1.0,.178,.213,.200,.413,.258,-.--,167.0,12.0,11.0,9.0,7.0,1.0,1.0,0.0,0.0,2.0,0.0,5.0,0.0,0.0,0.0,2.0,0.0,0.0,.143,.333,.286,.619,.500,-.--,40.0,0.0,1.0,2025
642232,Ryan Yarbrough,147,New York Yankees,,P,2026,,,,,,,,,,,,,,,,,,,,,,,,,,,,,,,,,,,,,,,,,,,,,,,,,2025
664761,Alec Bohm,143,Philadelphia Phillies,,3B,2026,445.0,406.0,92.0,16.0,0.0,13.0,27.0,0.0,66.0,7.0,5.0,0.0,147.0,61.0,15.0,.227,.283,.362,.645,.238,31.23,1614.0,139.0,114.0,504.0,464.0,133.0,18.0,3.0,11.0,29.0,0.0,82.0,5.0,6.0,0.0,190.0,59.0,16.0,.287,.331,.409,.740,.324,42.18,1801.0,140.0,115.0,2025
666808,Camilo Doval,134,Pittsburgh Pirates,,P,2026,,,,,,,,,,,,,,,,,,,,,,,,,,,,,,,,,,,,,,,,,,,,,,,,,2025
693433,Bryan Woo,136,Seattle Mariners,,P,2026,,,,,,,,,,,,,,,,,,,,,,,,,,,,,,,,,,,,,,,,,,,,,,,,,2025
660670,Ronald Acuña Jr.,144,Atlanta Braves,,RF,2026,270.0,225.0,54.0,10.0,1.0,9.0,38.0,2.0,61.0,5.0,2.0,0.0,93.0,24.0,1.0,.240,.359,.413,.772,.287,25.00,1097.0,50.0,62.0,412.0,338.0,98.0,12.0,1.0,21.0,71.0,4.0,102.0,3.0,0.0,0.0,175.0,42.0,5.0,.290,.417,.518,.935,.358,16.10,1741.0,72.0,66.0,2025
672960,Kazuma Okamoto,141,Toronto Blue Jays,,3B,2026,452.0,406.0,93.0,15.0,0.0,24.0,38.0,0.0,140.0,6.0,2.0,0.0,180.0,69.0,9.0,.229,.303,.443,.746,.283,16.92,1889.0,73.0,102.0,,,,,,,,,,,,,,,,,,,,,,,,,2025
656577,Alex Jackson,142,Minnesota Twins,,C,2026,68.0,65.0,20.0,4.0,0.0,1.0,1.0,0.0,22.0,2.0,0.0,0.0,27.0,5.0,0.0,.308,.338,.415,.753,.452,65.00,249.0,13.0,10.0,100.0,91.0,20.0,8.0,0.0,5.0,5.0,0.0,37.0,4.0,0.0,0.0,43.0,8.0,2.0,.220,.290,.473,.763,.306,18.20,399.0,16.0,18.0,2025
664770,Nathan Lukes,141,Toronto Blue Jays,,RF,2026,277.0,251.0,67.0,11.0,0.0,5.0,17.0,0.0,39.0,5.0,1.0,3.0,93.0,18.0,7.0,.267,.325,.371,.696,.298,50.20,1106.0,87.0,62.0,438.0,388.0,99.0,19.0,2.0,12.0,38.0,2.0,60.0,2.0,3.0,7.0,158.0,65.0,12.0,.255,.323,.407,.730,.273,32.33,1662.0,125.0,114.0,2025
664774,LaMonte Wade Jr.,117,Houston Astros,,LF,2026,80.0,66.0,13.0,3.0,0.0,2.0,14.0,0.0,18.0,0.0,0.0,0.0,22.0,14.0,0.0,.197,.338,.333,.671,.239,33.00,357.0,13.0,22.0,242.0,209.0,35.0,8.0,2.0,2.0,27.0,1.0,58.0,3.0,1.0,2.0,53.0,18.0,2.0,.167,.271,.254,.525,.220,104.50,1039.0,38.0,81.0,2025
668873,Caleb Kilian,143,Philadelphia Phillies,,P,2026,,,,,,,,,,,,,,,,,,,,,,,,,,,,,,,,,,,,,,,,,,,,,,,,,2025
687312,Gabriel Hughes,115,Colorado Rockies,,P,2026,,,,,,,,,,,,,,,,,,,,,,,,,,,,,,,,,,,,,,,,,,,,,,,,,2025
691406,Junior Caminero,139,Tampa Bay Rays,,3B,2026,494.0,430.0,122.0,18.0,1.0,32.0,60.0,9.0,91.0,2.0,2.0,0.0,238.0,70.0,20.0,.284,.372,.553,.925,.291,13.44,1912.0,131.0,88.0,653.0,602.0,159.0,28.0,0.0,45.0,41.0,1.0,125.0,3.0,7.0,0.0,322.0,110.0,31.0,.264,.311,.535,.846,.260,13.38,2494.0,169.0,156.0,2025
701649,James Triantos,112,Chicago Cubs,,2B,2026,4.0,4.0,1.0,0.0,0.0,0.0,0.0,0.0,1.0,0.0,0.0,0.0,1.0,0.0,0.0,.250,.250,.250,.500,.333,-.--,10.0,2.0,0.0,,,,,,,,,,,,,,,,,,,,,,,,,2025
668881,Hunter Greene,113,Cincinnati Reds,,P,2026,,,,,,,,,,,,,,,,,,,,,,,,,,,,,,,,,,,,,,,,,,,,,,,,,2025
695505,Chase Burns,113,Cincinnati Reds,,P,2026,,,,,,,,,,,,,,,,,,,,,,,,,,,,,,,,,,,,,,,,,,,,,,,,,2025
660688,Keibert Ruiz,120,Washington Nationals,,C,2026,253.0,238.0,63.0,20.0,0.0,7.0,10.0,0.0,30.0,2.0,3.0,0.0,104.0,36.0,6.0,.265,.296,.437,.733,.275,34.00,820.0,66.0,82.0,267.0,255.0,63.0,12.0,0.0,2.0,8.0,0.0,26.0,3.0,1.0,0.0,81.0,25.0,4.0,.247,.277,.318,.595,.268,127.50,888.0,93.0,74.0,2025
668885,Austin Martin,142,Minnesota Twins,,RF,2026,308.0,258.0,61.0,14.0,0.0,2.0,42.0,0.0,55.0,5.0,3.0,0.0,81.0,21.0,5.0,.236,.351,.314,.665,.289,129.00,1218.0,74.0,71.0,181.0,156.0,44.0,8.0,1.0,1.0,22.0,0.0,31.0,1.0,0.0,2.0,57.0,7.0,6.0,.282,.374,.365,.739,.347,156.00,749.0,50.0,33.0,2025
695506,Jac Caglianone,118,Kansas City Royals,,RF,2026,407.0,375.0,95.0,18.0,2.0,18.0,27.0,0.0,112.0,4.0,1.0,0.0,171.0,43.0,5.0,.253,.310,.456,.766,.313,20.83,1476.0,97.0,72.0,232.0,210.0,33.0,6.0,1.0,7.0,18.0,0.0,52.0,4.0,0.0,0.0,62.0,18.0,4.0,.157,.237,.295,.532,.172,30.00,858.0,67.0,58.0,2025
605400,Aaron Nola,143,Philadelphia Phillies,,P,2026,,,,,,,,,,,,,,,,,,,,,,,,,,,,,,,,,,,,,,,,,,,,,,,,,2025
701656,Logan Henderson,158,Milwaukee Brewers,,P,2026,,,,,,,,,,,,,,,,,,,,,,,,,,,,,,,,,,,,,,,,,,,,,,,,,2025
687330,Kevin Kelly,139,Tampa Bay Rays,,P,2026,,,,,,,,,,,,,,,,,,,,,,,,,0.0,0.0,0.0,0.0,0.0,0.0,0.0,0.0,0.0,0.0,0.0,0.0,0.0,0.0,0.0,.000,.000,.000,.000,.---,-.--,0.0,0.0,0.0,2025
670950,Trevor Richards,145,Chicago White Sox,,P,2026,0.0,0.0,0.0,0.0,0.0,0.0,0.0,0.0,0.0,0.0,0.0,0.0,0.0,0.0,0.0,.000,.000,.000,.000,.---,-.--,0.0,0.0,0.0,0.0,0.0,0.0,0.0,0.0,0.0,0.0,0.0,0.0,0.0,0.0,0.0,0.0,0.0,0.0,.000,.000,.000,.000,.---,-.--,0.0,0.0,0.0,2025
681190,Randy Vásquez,135,San Diego Padres,,P,2026,1.0,1.0,0.0,0.0,0.0,0.0,0.0,0.0,0.0,0.0,0.0,0.0,0.0,0.0,0.0,.000,.000,.000,.000,.000,-.--,1.0,1.0,0.0,,,,,,,,,,,,,,,,,,,,,,,,,2025
668904,Royce Lewis,142,Minnesota Twins,,3B,2026,321.0,285.0,66.0,15.0,1.0,12.0,31.0,1.0,80.0,2.0,3.0,0.0,119.0,37.0,2.0,.232,.308,.418,.726,.276,23.75,1267.0,52.0,90.0,403.0,376.0,89.0,18.0,0.0,13.0,25.0,0.0,80.0,0.0,2.0,0.0,146.0,52.0,7.0,.237,.283,.388,.671,.267,28.92,1517.0,76.0,133.0,2025
699625,Jimmy Crooks,138,St. Louis Cardinals,,C,2026,102.0,92.0,16.0,3.0,0.0,4.0,7.0,0.0,34.0,3.0,0.0,0.0,31.0,11.0,1.0,.174,.255,.337,.592,.222,23.00,389.0,17.0,25.0,46.0,45.0,6.0,0.0,1.0,1.0,0.0,0.0,17.0,1.0,0.0,0.0,11.0,1.0,1.0,.133,.152,.244,.396,.185,45.00,199.0,8.0,14.0,2025
701675,Nathan Church,138,St. Louis Cardinals,,CF,2026,312.0,288.0,67.0,9.0,1.0,9.0,17.0,0.0,63.0,3.0,3.0,1.0,105.0,35.0,5.0,.233,.280,.365,.645,.265,32.00,1191.0,80.0,82.0,65.0,56.0,10.0,1.0,0.0,1.0,3.0,0.0,18.0,3.0,1.0,2.0,14.0,8.0,0.0,.179,.254,.250,.504,.237,56.00,257.0,20.0,11.0,2025
668909,Gavin Williams,114,Cleveland Guardians,,P,2026,,,,,,,,,,,,,,,,,,,,,,,,,,,,,,,,,,,,,,,,,,,,,,,,,2025
695534,Chase Petty,113,Cincinnati Reds,,P,2026,,,,,,,,,,,,,,,,,,,,,,,,,,,,,,,,,,,,,,,,,,,,,,,,,2025
681198,TJ Rumfield,115,Colorado Rockies,,1B,2026,447.0,394.0,116.0,24.0,2.0,13.0,44.0,0.0,65.0,7.0,2.0,0.0,183.0,58.0,3.0,.294,.374,.464,.838,.324,30.31,1664.0,106.0,109.0,,,,,,,,,,,,,,,,,,,,,,,,,2025
701678,Hao-Yu Lee,116,Detroit Tigers,,2B,2026,203.0,191.0,51.0,10.0,1.0,6.0,9.0,0.0,50.0,0.0,2.0,1.0,81.0,27.0,1.0,.267,.297,.424,.721,.328,31.83,707.0,40.0,53.0,,,,,,,,,,,,,,,,,,,,,,,,,2025
703725,Luis Gastelum,138,St. Louis Cardinals,,P,2026,,,,,,,,,,,,,,,,,,,,,,,,,,,,,,,,,,,,,,,,,,,,,,,,,2025
685299,Tanner Gordon,115,Colorado Rockies,,P,2026,,,,,,,,,,,,,,,,,,,,,,,,,,,,,,,,,,,,,,,,,,,,,,,,,2025
650489,Willi Castro,115,Colorado Rockies,,2B,2026,383.0,345.0,91.0,15.0,1.0,13.0,32.0,0.0,106.0,5.0,1.0,0.0,147.0,48.0,3.0,.264,.334,.426,.760,.344,26.54,1512.0,60.0,89.0,454.0,402.0,91.0,17.0,3.0,11.0,40.0,1.0,111.0,11.0,0.0,1.0,147.0,33.0,12.0,.226,.313,.366,.679,.286,36.54,1735.0,93.0,108.0,2025
607481,Aaron Bummer,118,Kansas City Royals,,P,2026,,,,,,,,,,,,,,,,,,,,,,,,,,,,,,,,,,,,,,,,,,,,,,,,,2025
650490,Yandy Díaz,139,Tampa Bay Rays,,DH,2026,480.0,424.0,127.0,20.0,1.0,15.0,43.0,4.0,72.0,9.0,4.0,0.0,194.0,64.0,12.0,.300,.373,.458,.831,.328,28.27,1796.0,124.0,105.0,651.0,583.0,175.0,29.0,1.0,25.0,57.0,4.0,92.0,6.0,5.0,0.0,281.0,83.0,12.0,.300,.366,.482,.848,.318,23.32,2525.0,193.0,128.0,2025
670970,Adrian Morejon,135,San Diego Padres,,P,2026,,,,,,,,,,,,,,,,,,,,,,,,,,,,,,,,,,,,,,,,,,,,,,,,,2025
656638,Alex Lange,118,Kansas City Royals,,P,2026,0.0,0.0,0.0,0.0,0.0,0.0,0.0,0.0,0.0,0.0,0.0,0.0,0.0,0.0,0.0,.000,.000,.000,.000,.---,-.--,0.0,0.0,0.0,,,,,,,,,,,,,,,,,,,,,,,,,2025
806146,George Lombard Jr.,147,New York Yankees,,SS,2026,3.0,2.0,1.0,0.0,0.0,1.0,1.0,0.0,0.0,0.0,0.0,0.0,4.0,1.0,0.0,.500,.667,2.000,2.667,.000,2.00,12.0,1.0,0.0,,,,,,,,,,,,,,,,,,,,,,,,,2025
691458,Blaze Jordan,138,St. Louis Cardinals,,3B,2026,140.0,131.0,32.0,7.0,3.0,1.0,5.0,0.0,19.0,0.0,4.0,0.0,48.0,22.0,4.0,.244,.264,.366,.630,.270,131.00,501.0,43.0,41.0,,,,,,,,,,,,,,,,,,,,,,,,,2025
668930,Brice Turang,158,Milwaukee Brewers,,2B,2026,486.0,418.0,112.0,25.0,3.0,16.0,62.0,3.0,118.0,0.0,2.0,4.0,191.0,69.0,7.0,.268,.361,.457,.818,.336,26.12,2052.0,108.0,86.0,659.0,584.0,168.0,28.0,2.0,18.0,66.0,1.0,150.0,2.0,5.0,2.0,254.0,81.0,3.0,.288,.359,.435,.794,.356,32.44,2772.0,132.0,141.0,2025
689414,Liam Hicks,139,Tampa Bay Rays,,C,2026,415.0,359.0,102.0,10.0,1.0,15.0,41.0,2.0,39.0,8.0,6.0,1.0,159.0,66.0,5.0,.284,.365,.443,.808,.280,23.93,1506.0,107.0,118.0,390.0,332.0,82.0,13.0,1.0,6.0,43.0,0.0,56.0,9.0,3.0,3.0,115.0,45.0,5.0,.247,.346,.346,.692,.278,55.33,1537.0,101.0,99.0,2025
668942,Josh Rojas,118,Kansas City Royals,,3B,2026,65.0,61.0,14.0,3.0,0.0,1.0,3.0,0.0,9.0,0.0,0.0,1.0,20.0,6.0,0.0,.230,.266,.328,.594,.255,61.00,229.0,17.0,22.0,211.0,189.0,34.0,9.0,0.0,2.0,19.0,0.0,48.0,0.0,2.0,1.0,49.0,11.0,6.0,.180,.252,.259,.511,.227,94.50,797.0,51.0,59.0,2025
605447,Jordan Romano,115,Colorado Rockies,,P,2026,,,,,,,,,,,,,,,,,,,,,,,,,,,,,,,,,,,,,,,,,,,,,,,,,2025
687377,Orlando Ribalta,120,Washington Nationals,,P,2026,0.0,0.0,0.0,0.0,0.0,0.0,0.0,0.0,0.0,0.0,0.0,0.0,0.0,0.0,0.0,.000,.000,.000,.000,.---,-.--,0.0,0.0,0.0,,,,,,,,,,,,,,,,,,,,,,,,,2025
670990,Yohan Ramírez,134,Pittsburgh Pirates,,P,2026,,,,,,,,,,,,,,,,,,,,,,,,,,,,,,,,,,,,,,,,,,,,,,,,,2025
664849,Danny Young,144,Atlanta Braves,,P,2026,,,,,,,,,,,,,,,,,,,,,,,,,,,,,,,,,,,,,,,,,,,,,,,,,2025
668952,Ryan Kreidler,142,Minnesota Twins,,SS,2026,192.0,178.0,42.0,8.0,3.0,5.0,13.0,0.0,38.0,1.0,0.0,0.0,71.0,25.0,6.0,.236,.292,.399,.691,.274,35.60,712.0,52.0,46.0,44.0,38.0,4.0,0.0,0.0,0.0,4.0,0.0,19.0,0.0,0.0,2.0,4.0,0.0,0.0,.105,.190,.105,.295,.211,-.--,179.0,9.0,8.0,2025
687396,Brent Headrick,147,New York Yankees,,P,2026,,,,,,,,,,,,,,,,,,,,,,,,,,,,,,,,,,,,,,,,,,,,,,,,,2025
660761,José Suarez,133,Athletics,,P,2026,,,,,,,,,,,,,,,,,,,,,,,,,,,,,,,,,,,,,,,,,,,,,,,,,2025
687401,Joey Ortiz,158,Milwaukee Brewers,,SS,2026,281.0,249.0,60.0,10.0,2.0,5.0,25.0,0.0,50.0,0.0,3.0,4.0,89.0,29.0,8.0,.241,.307,.357,.664,.279,49.80,1083.0,77.0,69.0,506.0,470.0,108.0,18.0,1.0,7.0,27.0,0.0,74.0,3.0,0.0,6.0,149.0,45.0,10.0,.230,.276,.317,.593,.260,67.14,1873.0,132.0,162.0,2025
806188,Cade Gibson,146,Miami Marlins,,P,2026,0.0,0.0,0.0,0.0,0.0,0.0,0.0,0.0,0.0,0.0,0.0,0.0,0.0,0.0,0.0,.000,.000,.000,.000,.---,-.--,0.0,0.0,0.0,,,,,,,,,,,,,,,,,,,,,,,,,2025
607536,Kyle Freeland,115,Colorado Rockies,,P,2026,0.0,0.0,0.0,0.0,0.0,0.0,0.0,0.0,0.0,0.0,0.0,0.0,0.0,0.0,0.0,.000,.000,.000,.000,.---,-.--,0.0,0.0,0.0,,,,,,,,,,,,,,,,,,,,,,,,,2025
642350,Jose Siri,108,Los Angeles Angels,,CF,2026,123.0,110.0,28.0,5.0,0.0,5.0,8.0,0.0,34.0,2.0,1.0,2.0,48.0,18.0,4.0,.255,.314,.436,.750,.319,22.00,469.0,25.0,26.0,36.0,32.0,2.0,2.0,0.0,0.0,4.0,0.0,17.0,0.0,0.0,0.0,4.0,1.0,0.0,.063,.167,.125,.292,.133,-.--,162.0,3.0,10.0,2025
800050,Chase DeLauter,114,Cleveland Guardians,,RF,2026,403.0,358.0,100.0,21.0,1.0,12.0,42.0,0.0,56.0,0.0,3.0,0.0,159.0,55.0,8.0,.279,.352,.444,.796,.300,29.83,1562.0,90.0,115.0,,,,,,,,,,,,,,,,,,,,,,,,,2025
800048,Parker Messick,114,Cleveland Guardians,,P,2026,,,,,,,,,,,,,,,,,,,,,,,,,,,,,,,,,,,,,,,,,,,,,,,,,2025
660787,Yerry De los Santos,147,New York Yankees,,P,2026,,,,,,,,,,,,,,,,,,,,,,,,,0.0,0.0,0.0,0.0,0.0,0.0,0.0,0.0,0.0,0.0,0.0,0.0,0.0,0.0,0.0,.000,.000,.000,.000,.---,-.--,0.0,0.0,0.0,2025
695600,Carter Jensen,118,Kansas City Royals,,C,2026,420.0,373.0,86.0,24.0,1.0,15.0,41.0,1.0,124.0,1.0,5.0,0.0,157.0,54.0,3.0,.231,.305,.421,.726,.297,24.87,1731.0,57.0,111.0,69.0,60.0,18.0,6.0,0.0,3.0,9.0,0.0,12.0,0.0,0.0,0.0,33.0,13.0,1.0,.300,.391,.550,.941,.333,20.00,293.0,17.0,13.0,2025
806198,Cooper Pratt,158,Milwaukee Brewers,,SS,2026,145.0,123.0,36.0,4.0,1.0,2.0,18.0,0.0,28.0,1.0,3.0,0.0,48.0,16.0,5.0,.293,.379,.390,.769,.354,61.50,563.0,32.0,30.0,,,,,,,,,,,,,,,,,,,,,,,,,2025
668984,Casey Legumina,139,Tampa Bay Rays,,P,2026,,,,,,,,,,,,,,,,,,,,,,,,,0.0,0.0,0.0,0.0,0.0,0.0,0.0,0.0,0.0,0.0,0.0,0.0,0.0,0.0,0.0,.000,.000,.000,.000,.---,-.--,0.0,0.0,0.0,2025
650556,Bryan Abreu,117,Houston Astros,,P,2026,,,,,,,,,,,,,,,,,,,,,,,,,0.0,0.0,0.0,0.0,0.0,0.0,0.0,0.0,0.0,0.0,0.0,0.0,0.0,0.0,0.0,.000,.000,.000,.000,.---,-.--,0.0,0.0,0.0,2025
695611,Gage Jump,133,Athletics,,P,2026,,,,,,,,,,,,,,,,,,,,,,,,,,,,,,,,,,,,,,,,,,,,,,,,,2025
650559,Bryan De La Cruz,143,Philadelphia Phillies,,RF,2026,27.0,21.0,9.0,1.0,0.0,2.0,2.0,0.0,5.0,2.0,2.0,0.0,16.0,6.0,1.0,.429,.481,.762,1.243,.438,10.50,86.0,3.0,6.0,50.0,47.0,9.0,1.0,0.0,0.0,3.0,0.0,18.0,0.0,0.0,0.0,10.0,0.0,1.0,.191,.240,.213,.453,.310,-.--,179.0,8.0,12.0,2025
642376,Jefry Yan,121,New York Mets,,P,2026,,,,,,,,,,,,,,,,,,,,,,,,,,,,,,,,,,,,,,,,,,,,,,,,,2025
656716,Zach McKinstry,116,Detroit Tigers,,2B,2026,303.0,269.0,59.0,12.0,3.0,4.0,29.0,1.0,49.0,0.0,2.0,3.0,89.0,23.0,4.0,.219,.293,.331,.624,.252,67.25,1140.0,74.0,92.0,511.0,452.0,117.0,23.0,11.0,12.0,46.0,1.0,111.0,7.0,5.0,1.0,198.0,49.0,6.0,.259,.333,.438,.771,.314,37.67,2035.0,116.0,114.0,2025
669003,Garrett Mitchell,158,Milwaukee Brewers,,CF,2026,375.0,325.0,84.0,23.0,3.0,8.0,44.0,1.0,121.0,4.0,1.0,1.0,137.0,49.0,4.0,.258,.353,.422,.775,.386,40.62,1526.0,77.0,45.0,78.0,68.0,14.0,4.0,1.0,0.0,7.0,0.0,25.0,1.0,1.0,1.0,20.0,3.0,0.0,.206,.286,.294,.580,.318,-.--,303.0,17.0,14.0,2025
671056,Iván Herrera,138,St. Louis Cardinals,,DH,2026,502.0,421.0,101.0,18.0,1.0,12.0,53.0,4.0,87.0,25.0,3.0,0.0,157.0,46.0,16.0,.240,.357,.373,.730,.274,35.08,1986.0,133.0,103.0,452.0,388.0,110.0,13.0,0.0,19.0,43.0,1.0,84.0,15.0,4.0,0.0,180.0,66.0,20.0,.284,.373,.464,.837,.315,20.42,1809.0,115.0,83.0,2025
681297,Colton Cowser,110,Baltimore Orioles,,CF,2026,268.0,228.0,47.0,3.0,0.0,8.0,36.0,0.0,80.0,1.0,2.0,1.0,74.0,28.0,2.0,.206,.315,.325,.640,.275,28.50,1157.0,47.0,57.0,360.0,327.0,64.0,14.0,0.0,16.0,27.0,1.0,128.0,6.0,0.0,0.0,126.0,40.0,5.0,.196,.269,.385,.654,.262,20.44,1486.0,71.0,64.0,2025
669016,Brandon Marsh,143,Philadelphia Phillies,,LF,2026,425.0,398.0,111.0,16.0,2.0,16.0,22.0,3.0,111.0,2.0,3.0,0.0,179.0,50.0,3.0,.279,.318,.450,.768,.347,24.88,1584.0,81.0,98.0,425.0,379.0,106.0,25.0,2.0,11.0,38.0,1.0,110.0,0.0,4.0,3.0,168.0,43.0,2.0,.280,.342,.443,.785,.363,34.46,1657.0,82.0,88.0,2025
660821,Jesús Sánchez,141,Toronto Blue Jays,,RF,2026,242.0,223.0,60.0,14.0,0.0,7.0,10.0,1.0,53.0,5.0,4.0,0.0,95.0,30.0,4.0,.269,.310,.426,.736,.317,31.86,901.0,56.0,58.0,497.0,451.0,107.0,21.0,4.0,14.0,42.0,1.0,110.0,2.0,2.0,0.0,178.0,48.0,10.0,.237,.304,.395,.699,.283,32.21,1936.0,121.0,115.0,2025
630105,Jake Cronenworth,135,San Diego Padres,,2B,2026,233.0,205.0,45.0,5.0,0.0,3.0,22.0,0.0,51.0,4.0,0.0,2.0,59.0,17.0,3.0,.220,.307,.288,.595,.278,68.33,946.0,61.0,50.0,515.0,419.0,103.0,20.0,1.0,11.0,69.0,1.0,107.0,15.0,7.0,4.0,158.0,59.0,4.0,.246,.367,.377,.744,.299,38.09,2184.0,101.0,119.0,2025
656730,Trevor Megill,158,Milwaukee Brewers,,P,2026,0.0,0.0,0.0,0.0,0.0,0.0,0.0,0.0,0.0,0.0,0.0,0.0,0.0,0.0,0.0,.000,.000,.000,.000,.---,-.--,0.0,0.0,0.0,,,,,,,,,,,,,,,,,,,,,,,,,2025
802139,JJ Wetherholt,138,St. Louis Cardinals,,2B,2026,488.0,420.0,104.0,10.0,0.0,16.0,52.0,2.0,76.0,14.0,2.0,0.0,162.0,41.0,3.0,.248,.348,.386,.734,.267,26.25,1906.0,125.0,117.0,,,,,,,,,,,,,,,,,,,,,,,,,2025
669020,Ryan Rolison,112,Chicago Cubs,,P,2026,0.0,0.0,0.0,0.0,0.0,0.0,0.0,0.0,0.0,0.0,0.0,0.0,0.0,0.0,0.0,.000,.000,.000,.000,.---,-.--,0.0,0.0,0.0,,,,,,,,,,,,,,,,,,,,,,,,,2025
683357,Owen Caissie,146,Miami Marlins,,RF,2026,253.0,225.0,52.0,12.0,0.0,12.0,18.0,0.0,99.0,3.0,7.0,0.0,100.0,50.0,3.0,.231,.289,.444,.733,.331,18.75,1043.0,30.0,51.0,27.0,26.0,5.0,1.0,0.0,1.0,1.0,0.0,11.0,0.0,0.0,0.0,9.0,4.0,0.0,.192,.222,.346,.568,.286,26.00,103.0,4.0,6.0,2025
666974,Yennier Cano,110,Baltimore Orioles,,P,2026,,,,,,,,,,,,,,,,,,,,,,,,,0.0,0.0,0.0,0.0,0.0,0.0,0.0,0.0,0.0,0.0,0.0,0.0,0.0,0.0,0.0,.000,.000,.000,.000,.---,-.--,0.0,0.0,0.0,2025
642397,Gregory Soto,134,Pittsburgh Pirates,,P,2026,,,,,,,,,,,,,,,,,,,,,,,,,,,,,,,,,,,,,,,,,,,,,,,,,2025
660825,Eduard Bazardo,136,Seattle Mariners,,P,2026,,,,,,,,,,,,,,,,,,,,,,,,,,,,,,,,,,,,,,,,,,,,,,,,,2025
683352,Mitch Bratt,109,Arizona Diamondbacks,,P,2026,,,,,,,,,,,,,,,,,,,,,,,,,,,,,,,,,,,,,,,,,,,,,,,,,2025
687462,Spencer Horwitz,134,Pittsburgh Pirates,,1B,2026,307.0,258.0,70.0,12.0,1.0,10.0,40.0,0.0,45.0,5.0,4.0,0.0,114.0,36.0,10.0,.271,.375,.442,.817,.290,25.80,1234.0,65.0,82.0,411.0,364.0,99.0,26.0,0.0,11.0,44.0,1.0,73.0,2.0,1.0,0.0,158.0,51.0,7.0,.272,.353,.434,.787,.313,33.09,1698.0,85.0,108.0,2025
814439,Ryan Waldschmidt,109,Arizona Diamondbacks,,CF,2026,171.0,157.0,45.0,13.0,1.0,1.0,9.0,0.0,55.0,2.0,2.0,0.0,63.0,13.0,0.0,.287,.329,.401,.730,.427,157.00,661.0,21.0,38.0,,,,,,,,,,,,,,,,,,,,,,,,,2025
681320,Nate Lavender,121,New York Mets,,P,2026,,,,,,,,,,,,,,,,,,,,,,,,,,,,,,,,,,,,,,,,,,,,,,,,,2025
695657,Colson Montgomery,145,Chicago White Sox,,SS,2026,446.0,399.0,86.0,18.0,0.0,25.0,37.0,3.0,144.0,9.0,1.0,0.0,179.0,63.0,5.0,.216,.296,.449,.745,.264,15.96,1657.0,61.0,109.0,284.0,255.0,61.0,9.0,1.0,21.0,25.0,1.0,83.0,2.0,1.0,0.0,135.0,55.0,3.0,.239,.311,.529,.840,.263,12.14,1082.0,50.0,62.0,2025
660844,Leo Rivas,136,Seattle Mariners,,3B,2026,124.0,102.0,13.0,2.0,1.0,0.0,16.0,0.0,36.0,3.0,1.0,2.0,17.0,7.0,1.0,.127,.262,.167,.429,.194,-.--,546.0,22.0,34.0,111.0,90.0,22.0,2.0,0.0,2.0,20.0,0.0,24.0,1.0,0.0,0.0,30.0,9.0,1.0,.244,.387,.333,.720,.313,45.00,520.0,20.0,24.0,2025
701807,Carson Benge,121,New York Mets,,RF,2026,448.0,409.0,108.0,15.0,2.0,12.0,33.0,0.0,98.0,5.0,1.0,0.0,163.0,42.0,5.0,.264,.326,.399,.725,.320,34.08,1825.0,103.0,101.0,,,,,,,,,,,,,,,,,,,,,,,,,2025
687473,Ryan Gusto,146,Miami Marlins,,P,2026,,,,,,,,,,,,,,,,,,,,,,,,,,,,,,,,,,,,,,,,,,,,,,,,,2025
660853,Enyel De Los Santos,117,Houston Astros,,P,2026,,,,,,,,,,,,,,,,,,,,,,,,,0.0,0.0,0.0,0.0,0.0,0.0,0.0,0.0,0.0,0.0,0.0,0.0,0.0,0.0,0.0,.000,.000,.000,.000,.---,-.--,0.0,0.0,0.0,2025
695670,Harry Ford,120,Washington Nationals,,C,2026,33.0,27.0,5.0,2.0,0.0,1.0,5.0,0.0,8.0,1.0,0.0,0.0,10.0,4.0,1.0,.185,.333,.370,.703,.222,27.00,136.0,7.0,7.0,8.0,6.0,1.0,0.0,0.0,0.0,0.0,0.0,3.0,1.0,1.0,0.0,1.0,1.0,0.0,.167,.250,.167,.417,.250,-.--,29.0,1.0,2.0,2025
671096,Andrew Abbott,113,Cincinnati Reds,,P,2026,,,,,,,,,,,,,,,,,,,,,,,,,,,,,,,,,,,,,,,,,,,,,,,,,2025
664954,Brett Sullivan,115,Colorado Rockies,,C,2026,151.0,140.0,33.0,10.0,1.0,4.0,7.0,0.0,26.0,1.0,2.0,1.0,57.0,18.0,3.0,.236,.273,.407,.680,.259,35.00,528.0,32.0,52.0,9.0,6.0,1.0,0.0,0.0,0.0,1.0,0.0,3.0,1.0,1.0,0.0,1.0,2.0,0.0,.167,.333,.167,.500,.250,-.--,36.0,0.0,3.0,2025
691587,Eury Pérez,146,Miami Marlins,,P,2026,,,,,,,,,,,,,,,,,,,,,,,,,,,,,,,,,,,,,,,,,,,,,,,,,2025
669060,Bryse Wilson,158,Milwaukee Brewers,,P,2026,,,,,,,,,,,,,,,,,,,,,,,,,0.0,0.0,0.0,0.0,0.0,0.0,0.0,0.0,0.0,0.0,0.0,0.0,0.0,0.0,0.0,.000,.000,.000,.000,.---,-.--,0.0,0.0,0.0,2025
669062,Erik Miller,111,Boston Red Sox,,P,2026,,,,,,,,,,,,,,,,,,,,,,,,,,,,,,,,,,,,,,,,,,,,,,,,,2025
656775,Cedric Mullins,139,Tampa Bay Rays,,CF,2026,376.0,330.0,68.0,8.0,2.0,13.0,30.0,0.0,78.0,6.0,3.0,4.0,119.0,35.0,3.0,.206,.282,.361,.643,.227,25.38,1472.0,51.0,140.0,498.0,435.0,94.0,23.0,1.0,17.0,50.0,0.0,120.0,4.0,6.0,3.0,170.0,59.0,2.0,.216,.299,.391,.690,.253,25.59,2112.0,79.0,151.0,2025
669065,Kyle Stowers,146,Miami Marlins,,1B,2026,378.0,332.0,78.0,20.0,3.0,16.0,36.0,2.0,120.0,7.0,2.0,1.0,152.0,48.0,8.0,.235,.321,.458,.779,.313,20.75,1425.0,56.0,81.0,457.0,399.0,115.0,21.0,3.0,25.0,48.0,3.0,125.0,5.0,4.0,1.0,217.0,73.0,6.0,.288,.368,.544,.912,.356,15.96,1712.0,79.0,85.0,2025
691594,Javier Sanoja,146,Miami Marlins,,3B,2026,301.0,283.0,75.0,22.0,2.0,4.0,16.0,0.0,24.0,0.0,1.0,1.0,113.0,37.0,3.0,.265,.303,.399,.702,.277,70.75,1003.0,80.0,106.0,342.0,313.0,76.0,22.0,4.0,6.0,19.0,0.0,41.0,2.0,4.0,4.0,124.0,38.0,2.0,.243,.287,.396,.683,.259,52.17,1218.0,97.0,107.0,2025
607625,Seth Lugo,118,Kansas City Royals,,P,2026,,,,,,,,,,,,,,,,,,,,,,,,,,,,,,,,,,,,,,,,,,,,,,,,,2025
650633,Michael King,135,San Diego Padres,,P,2026,,,,,,,,,,,,,,,,,,,,,,,,,,,,,,,,,,,,,,,,,,,,,,,,,2025
693645,Cam Schlittler,147,New York Yankees,,P,2026,,,,,,,,,,,,,,,,,,,,,,,,,,,,,,,,,,,,,,,,,,,,,,,,,2025
595345,Steven Okert,117,Houston Astros,,P,2026,,,,,,,,,,,,,,,,,,,,,,,,,,,,,,,,,,,,,,,,,,,,,,,,,2025
650644,Aaron Civale,112,Chicago Cubs,,P,2026,0.0,0.0,0.0,0.0,0.0,0.0,0.0,0.0,0.0,0.0,0.0,0.0,0.0,0.0,0.0,.000,.000,.000,.000,.---,-.--,0.0,0.0,0.0,,,,,,,,,,,,,,,,,,,,,,,,,2025
656786,Parker Mushinski,115,Colorado Rockies,,P,2026,,,,,,,,,,,,,,,,,,,,,,,,,,,,,,,,,,,,,,,,,,,,,,,,,2025
544150,Albert Suárez,110,Baltimore Orioles,,P,2026,,,,,,,,,,,,,,,,,,,,,,,,,,,,,,,,,,,,,,,,,,,,,,,,,2025
664983,Jake McCarthy,115,Colorado Rockies,,CF,2026,381.0,351.0,103.0,23.0,7.0,11.0,18.0,0.0,67.0,4.0,4.0,4.0,173.0,64.0,4.0,.293,.332,.493,.825,.332,31.91,1255.0,96.0,93.0,222.0,206.0,42.0,7.0,5.0,4.0,10.0,0.0,40.0,2.0,1.0,3.0,71.0,20.0,2.0,.204,.247,.345,.592,.233,51.50,846.0,83.0,45.0,2025
669084,DL Hall,158,Milwaukee Brewers,,P,2026,,,,,,,,,,,,,,,,,,,,,,,,,,,,,,,,,,,,,,,,,,,,,,,,,2025
656794,Sean Newcomb,145,Chicago White Sox,,P,2026,,,,,,,,,,,,,,,,,,,,,,,,,,,,,,,,,,,,,,,,,,,,,,,,,2025
664991,Grant Wolfram,110,Baltimore Orioles,,P,2026,,,,,,,,,,,,,,,,,,,,,,,,,,,,,,,,,,,,,,,,,,,,,,,,,2025
669093,Jeremiah Estrada,135,San Diego Padres,,P,2026,,,,,,,,,,,,,,,,,,,,,,,,,,,,,,,,,,,,,,,,,,,,,,,,,2025
695720,Tommy White,133,Athletics,,3B,2026,66.0,64.0,17.0,2.0,0.0,0.0,2.0,0.0,11.0,0.0,0.0,0.0,19.0,0.0,2.0,.266,.288,.297,.585,.321,-.--,223.0,21.0,15.0,,,,,,,,,,,,,,,,,,,,,,,,,2025
804267,Zac Thornton,121,New York Mets,,P,2026,,,,,,,,,,,,,,,,,,,,,,,,,,,,,,,,,,,,,,,,,,,,,,,,,2025
476594,Robert Stock,121,New York Mets,,P,2026,,,,,,,,,,,,,,,,,,,,,,,,,,,,,,,,,,,,,,,,,,,,,,,,,2025
671155,Ivan Johnson,113,Cincinnati Reds,,2B,2026,12.0,10.0,1.0,0.0,0.0,0.0,2.0,0.0,5.0,0.0,0.0,0.0,1.0,0.0,0.0,.100,.250,.100,.350,.200,-.--,52.0,1.0,3.0,,,,,,,,,,,,,,,,,,,,,,,,,2025
693686,Spencer Miles,141,Toronto Blue Jays,,P,2026,,,,,,,,,,,,,,,,,,,,,,,,,,,,,,,,,,,,,,,,,,,,,,,,,2025
695731,Braden Montgomery,145,Chicago White Sox,,RF,2026,182.0,162.0,38.0,10.0,2.0,3.0,17.0,0.0,37.0,2.0,1.0,0.0,61.0,21.0,4.0,.235,.313,.377,.690,.285,54.00,666.0,54.0,34.0,,,,,,,,,,,,,,,,,,,,,,,,,2025
695734,Daylen Lile,120,Washington Nationals,,LF,2026,468.0,431.0,106.0,22.0,5.0,14.0,28.0,1.0,86.0,5.0,4.0,0.0,180.0,56.0,6.0,.246,.297,.418,.715,.275,30.79,1664.0,99.0,144.0,351.0,321.0,96.0,15.0,11.0,9.0,21.0,0.0,56.0,4.0,3.0,1.0,160.0,41.0,5.0,.299,.347,.498,.845,.336,35.67,1306.0,73.0,100.0,2025
665019,Kody Clemens,142,Minnesota Twins,,1B,2026,399.0,365.0,86.0,20.0,5.0,19.0,24.0,1.0,89.0,6.0,2.0,2.0,173.0,53.0,8.0,.236,.292,.474,.766,.259,19.21,1569.0,83.0,111.0,386.0,348.0,74.0,12.0,4.0,19.0,29.0,1.0,93.0,5.0,2.0,2.0,151.0,52.0,4.0,.213,.281,.434,.715,.231,18.32,1529.0,73.0,112.0,2025
554430,Zack Wheeler,143,Philadelphia Phillies,,P,2026,,,,,,,,,,,,,,,,,,,,,,,,,,,,,,,,,,,,,,,,,,,,,,,,,2025
640448,Kyle Finnegan,116,Detroit Tigers,,P,2026,,,,,,,,,,,,,,,,,,,,,,,,,,,,,,,,,,,,,,,,,,,,,,,,,2025
640455,Sean Manaea,121,New York Mets,,P,2026,,,,,,,,,,,,,,,,,,,,,,,,,,,,,,,,,,,,,,,,,,,,,,,,,2025
687562,Jake Bennett,111,Boston Red Sox,,P,2026,,,,,,,,,,,,,,,,,,,,,,,,,,,,,,,,,,,,,,,,,,,,,,,,,2025
640459,Brian Navarreto,146,Miami Marlins,,C,2026,18.0,14.0,2.0,1.0,0.0,0.0,1.0,0.0,5.0,1.0,0.0,2.0,3.0,0.0,0.0,.143,.250,.214,.464,.222,-.--,63.0,4.0,5.0,15.0,14.0,4.0,2.0,0.0,1.0,0.0,0.0,3.0,0.0,1.0,0.0,9.0,5.0,0.0,.286,.267,.643,.910,.273,14.00,42.0,5.0,3.0,2025
669134,Luis Campusano,135,San Diego Padres,,C,2026,122.0,105.0,33.0,9.0,0.0,4.0,16.0,0.0,28.0,1.0,0.0,0.0,54.0,16.0,3.0,.314,.410,.514,.924,.397,26.25,509.0,20.0,24.0,27.0,21.0,0.0,0.0,0.0,0.0,6.0,0.0,11.0,0.0,0.0,0.0,0.0,0.0,2.0,.000,.222,.000,.222,.000,-.--,126.0,9.0,1.0,2025
656848,Michael Petersen,146,Miami Marlins,,P,2026,,,,,,,,,,,,,,,,,,,,,,,,,,,,,,,,,,,,,,,,,,,,,,,,,2025
656849,David Peterson,112,Chicago Cubs,,P,2026,,,,,,,,,,,,,,,,,,,,,,,,,,,,,,,,,,,,,,,,,,,,,,,,,2025
687570,Connor Prielipp,142,Minnesota Twins,,P,2026,,,,,,,,,,,,,,,,,,,,,,,,,,,,,,,,,,,,,,,,,,,,,,,,,2025
673237,Yainer Diaz,117,Houston Astros,,C,2026,221.0,211.0,56.0,9.0,0.0,8.0,7.0,0.0,35.0,1.0,2.0,0.0,89.0,27.0,6.0,.265,.290,.422,.712,.282,26.38,704.0,77.0,45.0,567.0,542.0,139.0,25.0,1.0,20.0,20.0,2.0,95.0,2.0,3.0,0.0,226.0,70.0,13.0,.256,.284,.417,.701,.277,27.10,1871.0,162.0,149.0,2025
665052,Griffin Conine,146,Miami Marlins,,RF,2026,147.0,129.0,34.0,5.0,0.0,10.0,16.0,0.0,44.0,2.0,0.0,0.0,69.0,21.0,1.0,.264,.354,.535,.889,.320,12.90,552.0,30.0,21.0,86.0,79.0,20.0,7.0,0.0,2.0,7.0,0.0,25.0,0.0,0.0,0.0,33.0,8.0,0.0,.253,.314,.418,.732,.346,39.50,338.0,21.0,13.0,2025
642528,Jonathan Loáisiga,109,Arizona Diamondbacks,,P,2026,0.0,0.0,0.0,0.0,0.0,0.0,0.0,0.0,0.0,0.0,0.0,0.0,0.0,0.0,0.0,.000,.000,.000,.000,.---,-.--,0.0,0.0,0.0,,,,,,,,,,,,,,,,,,,,,,,,,2025
521692,Salvador Perez,118,Kansas City Royals,,DH,2026,446.0,412.0,89.0,17.0,1.0,16.0,17.0,2.0,93.0,11.0,6.0,0.0,156.0,47.0,15.0,.216,.262,.379,.641,.236,25.75,1642.0,102.0,134.0,641.0,597.0,141.0,35.0,0.0,30.0,28.0,5.0,125.0,12.0,1.0,0.0,266.0,100.0,14.0,.236,.284,.446,.730,.251,19.90,2267.0,145.0,187.0,2025
669160,Dustin May,158,Milwaukee Brewers,,P,2026,,,,,,,,,,,,,,,,,,,,,,,,,,,,,,,,,,,,,,,,,,,,,,,,,2025
656876,Drew Rasmussen,139,Tampa Bay Rays,,P,2026,,,,,,,,,,,,,,,,,,,,,,,,,,,,,,,,,,,,,,,,,,,,,,,,,2025
669165,Kyle Hurt,119,Los Angeles Dodgers,,P,2026,,,,,,,,,,,,,,,,,,,,,,,,,,,,,,,,,,,,,,,,,,,,,,,,,2025
687597,Jordan Beck,115,Colorado Rockies,,LF,2026,91.0,85.0,16.0,5.0,2.0,1.0,5.0,0.0,24.0,0.0,1.0,0.0,28.0,10.0,3.0,.188,.231,.329,.560,.246,85.00,350.0,21.0,25.0,588.0,539.0,139.0,27.0,5.0,16.0,43.0,0.0,174.0,4.0,1.0,0.0,224.0,53.0,9.0,.258,.317,.416,.733,.351,33.69,2336.0,108.0,119.0,2025
642546,Jonathan Hernández,119,Los Angeles Dodgers,,P,2026,,,,,,,,,,,,,,,,,,,,,,,,,,,,,,,,,,,,,,,,,,,,,,,,,2025
642547,Freddy Peralta,139,Tampa Bay Rays,,P,2026,,,,,,,,,,,,,,,,,,,,,,,,,,,,,,,,,,,,,,,,,,,,,,,,,2025
671218,Heliot Ramos,147,New York Yankees,,LF,2026,310.0,292.0,76.0,13.0,3.0,9.0,16.0,1.0,83.0,1.0,1.0,0.0,122.0,34.0,4.0,.260,.300,.418,.718,.333,32.44,1206.0,80.0,54.0,695.0,620.0,159.0,24.0,1.0,21.0,52.0,2.0,158.0,17.0,6.0,0.0,248.0,69.0,16.0,.256,.328,.400,.728,.309,29.52,2653.0,147.0,162.0,2025
687605,Andrew Pinckney,120,Washington Nationals,,LF,2026,,,,,,,,,,,,,,,,,,,,,,,,,,,,,,,,,,,,,,,,,,,,,,,,,2025
624133,Ranger Suarez,111,Boston Red Sox,,P,2026,,,,,,,,,,,,,,,,,,,,,,,,,,,,,,,,,,,,,,,,,,,,,,,,,2025
691718,Pete Crow-Armstrong,112,Chicago Cubs,,CF,2026,501.0,426.0,121.0,21.0,7.0,24.0,60.0,4.0,133.0,11.0,3.0,1.0,228.0,65.0,2.0,.284,.384,.535,.919,.357,17.75,1992.0,64.0,112.0,647.0,591.0,146.0,37.0,4.0,31.0,29.0,1.0,155.0,9.0,12.0,6.0,284.0,95.0,1.0,.247,.287,.481,.768,.276,19.06,2312.0,116.0,192.0,2025
691720,Kyle Karros,115,Colorado Rockies,,3B,2026,374.0,321.0,86.0,20.0,2.0,9.0,46.0,2.0,79.0,5.0,2.0,0.0,137.0,41.0,2.0,.268,.366,.427,.793,.328,35.67,1527.0,77.0,81.0,156.0,137.0,31.0,4.0,0.0,1.0,15.0,0.0,41.0,2.0,2.0,0.0,38.0,9.0,5.0,.226,.308,.277,.585,.309,137.00,635.0,33.0,34.0,2025
622088,Tejay Antone,113,Cincinnati Reds,,P,2026,,,,,,,,,,,,,,,,,,,,,,,,,,,,,,,,,,,,,,,,,,,,,,,,,2025
691723,Coby Mayo,110,Baltimore Orioles,,3B,2026,284.0,259.0,52.0,10.0,2.0,14.0,21.0,0.0,96.0,3.0,1.0,0.0,108.0,40.0,3.0,.201,.268,.417,.685,.253,18.50,1146.0,44.0,68.0,294.0,263.0,57.0,12.0,0.0,11.0,27.0,0.0,84.0,4.0,0.0,0.0,102.0,28.0,2.0,.217,.299,.388,.687,.274,23.91,1132.0,49.0,73.0,2025
691725,Andrew Painter,143,Philadelphia Phillies,,P,2026,,,,,,,,,,,,,,,,,,,,,,,,,,,,,,,,,,,,,,,,,,,,,,,,,2025
669199,Lake Bachar,134,Pittsburgh Pirates,,P,2026,,,,,,,,,,,,,,,,,,,,,,,,,,,,,,,,,,,,,,,,,,,,,,,,,2025
593428,Xander Bogaerts,135,San Diego Padres,,SS,2026,432.0,374.0,84.0,11.0,0.0,9.0,51.0,1.0,79.0,3.0,4.0,0.0,122.0,41.0,6.0,.225,.319,.326,.645,.259,41.56,1705.0,123.0,92.0,552.0,491.0,129.0,30.0,0.0,11.0,48.0,3.0,94.0,4.0,8.0,1.0,192.0,53.0,12.0,.263,.328,.391,.719,.299,44.64,2100.0,126.0,151.0,2025
687637,Dylan Beavers,110,Baltimore Orioles,,RF,2026,200.0,176.0,43.0,12.0,0.0,2.0,20.0,0.0,47.0,2.0,1.0,1.0,61.0,18.0,1.0,.244,.327,.347,.674,.320,88.00,852.0,36.0,52.0,137.0,110.0,25.0,5.0,1.0,4.0,26.0,0.0,36.0,0.0,0.0,1.0,44.0,14.0,0.0,.227,.375,.400,.775,.300,27.50,615.0,14.0,36.0,2025
572955,Pierce Johnson,113,Cincinnati Reds,,P,2026,,,,,,,,,,,,,,,,,,,,,,,,,,,,,,,,,,,,,,,,,,,,,,,,,2025
548384,Brooks Raley,143,Philadelphia Phillies,,P,2026,,,,,,,,,,,,,,,,,,,,,,,,,,,,,,,,,,,,,,,,,,,,,,,,,2025
669221,Sean Murphy,144,Atlanta Braves,,C,2026,14.0,14.0,1.0,0.0,0.0,0.0,0.0,0.0,6.0,0.0,0.0,0.0,1.0,0.0,1.0,.071,.071,.071,.142,.125,-.--,44.0,5.0,2.0,337.0,291.0,58.0,13.0,0.0,16.0,35.0,1.0,105.0,8.0,3.0,0.0,119.0,45.0,9.0,.199,.300,.409,.709,.243,18.19,1357.0,75.0,56.0,2025
669224,Austin Wells,147,New York Yankees,,C,2026,256.0,223.0,37.0,3.0,0.0,8.0,30.0,2.0,68.0,1.0,1.0,1.0,64.0,16.0,6.0,.166,.267,.287,.554,.196,27.88,1023.0,46.0,74.0,448.0,401.0,88.0,22.0,1.0,21.0,30.0,0.0,118.0,5.0,11.0,0.0,175.0,71.0,10.0,.219,.275,.436,.711,.245,19.10,1794.0,75.0,131.0,2025
656941,Kyle Schwarber,143,Philadelphia Phillies,,DH,2026,478.0,399.0,97.0,12.0,1.0,33.0,71.0,3.0,165.0,5.0,3.0,0.0,210.0,63.0,1.0,.243,.362,.526,.888,.314,12.09,2044.0,52.0,88.0,724.0,604.0,145.0,23.0,2.0,56.0,108.0,6.0,197.0,11.0,1.0,0.0,340.0,132.0,4.0,.240,.365,.563,.928,.253,10.79,3059.0,114.0,149.0,2025
681517,Kyle Leahy,138,St. Louis Cardinals,,P,2026,,,,,,,,,,,,,,,,,,,,,,,,,,,,,,,,,,,,,,,,,,,,,,,,,2025
671277,Luis García Jr.,147,New York Yankees,,1B,2026,382.0,365.0,104.0,20.0,5.0,24.0,16.0,0.0,61.0,0.0,1.0,0.0,206.0,78.0,6.0,.285,.314,.564,.878,.285,15.21,1368.0,106.0,95.0,526.0,488.0,123.0,28.0,1.0,16.0,27.0,1.0,84.0,2.0,9.0,0.0,201.0,66.0,7.0,.252,.289,.412,.701,.270,30.50,1838.0,158.0,132.0,2025
681520,Antoine Kelly,112,Chicago Cubs,,P,2026,,,,,,,,,,,,,,,,,,,,,,,,,,,,,,,,,,,,,,,,,,,,,,,,,2025
656945,Tanner Scott,119,Los Angeles Dodgers,,P,2026,,,,,,,,,,,,,,,,,,,,,,,,,0.0,0.0,0.0,0.0,0.0,0.0,0.0,0.0,0.0,0.0,0.0,0.0,0.0,0.0,0.0,.000,.000,.000,.000,.---,-.--,0.0,0.0,0.0,2025
669236,Jeremiah Jackson,110,Baltimore Orioles,,2B,2026,228.0,216.0,53.0,10.0,0.0,7.0,6.0,0.0,44.0,2.0,3.0,1.0,84.0,39.0,10.0,.245,.269,.389,.658,.274,30.86,774.0,72.0,51.0,183.0,170.0,47.0,10.0,2.0,5.0,11.0,0.0,50.0,2.0,0.0,0.0,76.0,21.0,6.0,.276,.328,.447,.775,.365,34.00,706.0,39.0,34.0,2025
800311,Didier Fuentes,144,Atlanta Braves,,P,2026,0.0,0.0,0.0,0.0,0.0,0.0,0.0,0.0,0.0,0.0,0.0,0.0,0.0,0.0,0.0,.000,.000,.000,.000,.---,-.--,0.0,0.0,0.0,,,,,,,,,,,,,,,,,,,,,,,,,2025
671289,Tyler Freeman,115,Colorado Rockies,,RF,2026,285.0,252.0,63.0,6.0,1.0,3.0,11.0,0.0,34.0,15.0,0.0,7.0,80.0,23.0,15.0,.250,.320,.317,.637,.279,84.00,1013.0,92.0,70.0,428.0,377.0,106.0,20.0,2.0,2.0,34.0,0.0,51.0,11.0,4.0,2.0,136.0,31.0,10.0,.281,.354,.361,.715,.317,188.50,1646.0,133.0,93.0,2025
669242,Tommy Edman,119,Los Angeles Dodgers,,2B,2026,140.0,123.0,36.0,6.0,2.0,3.0,10.0,0.0,28.0,5.0,0.0,2.0,55.0,21.0,2.0,.293,.370,.447,.817,.359,41.00,504.0,34.0,27.0,377.0,346.0,78.0,13.0,1.0,13.0,19.0,0.0,61.0,6.0,5.0,1.0,132.0,49.0,4.0,.225,.274,.382,.656,.235,26.62,1338.0,110.0,103.0,2025
693821,Bryce Elder,144,Atlanta Braves,,P,2026,,,,,,,,,,,,,,,,,,,,,,,,,,,,,,,,,,,,,,,,,,,,,,,,,2025
665152,Dean Kremer,142,Minnesota Twins,,P,2026,,,,,,,,,,,,,,,,,,,,,,,,,,,,,,,,,,,,,,,,,,,,,,,,,2025
691777,Max Muncy,133,Athletics,,3B,2026,180.0,159.0,35.0,7.0,2.0,5.0,14.0,0.0,61.0,4.0,3.0,0.0,61.0,20.0,4.0,.220,.294,.384,.678,.313,31.80,719.0,31.0,35.0,220.0,206.0,44.0,7.0,0.0,9.0,10.0,0.0,68.0,3.0,1.0,0.0,78.0,23.0,1.0,.214,.259,.379,.638,.269,22.89,824.0,51.0,44.0,2025
691781,Brady House,120,Washington Nationals,,3B,2026,205.0,190.0,44.0,10.0,0.0,7.0,13.0,0.0,58.0,1.0,1.0,0.0,75.0,26.0,5.0,.232,.283,.395,.678,.294,27.14,765.0,54.0,35.0,274.0,261.0,61.0,11.0,0.0,4.0,8.0,0.0,78.0,0.0,5.0,0.0,84.0,29.0,11.0,.234,.252,.322,.574,.310,65.25,969.0,66.0,61.0,2025
702021,Will Dion,120,Washington Nationals,,P,2026,,,,,,,,,,,,,,,,,,,,,,,,,,,,,,,,,,,,,,,,,,,,,,,,,2025
800325,Luis Lara,158,Milwaukee Brewers,,RF,2026,63.0,53.0,13.0,5.0,1.0,0.0,9.0,0.0,9.0,0.0,1.0,0.0,20.0,11.0,0.0,.245,.349,.377,.726,.289,-.--,303.0,18.0,14.0,,,,,,,,,,,,,,,,,,,,,,,,,2025
665161,Jeremy Peña,117,Houston Astros,,SS,2026,290.0,262.0,83.0,12.0,1.0,13.0,20.0,0.0,54.0,6.0,2.0,0.0,136.0,37.0,2.0,.317,.376,.519,.895,.355,20.15,1074.0,63.0,64.0,543.0,493.0,150.0,30.0,2.0,17.0,35.0,2.0,93.0,12.0,2.0,1.0,235.0,62.0,9.0,.304,.363,.477,.840,.345,29.00,1779.0,137.0,116.0,2025
681546,James Outman,116,Detroit Tigers,,CF,2026,167.0,155.0,26.0,4.0,2.0,5.0,10.0,0.0,70.0,2.0,0.0,0.0,49.0,17.0,0.0,.168,.228,.316,.544,.263,31.00,682.0,25.0,34.0,148.0,134.0,18.0,5.0,1.0,6.0,12.0,0.0,63.0,2.0,0.0,0.0,43.0,11.0,0.0,.134,.216,.321,.537,.185,22.33,605.0,24.0,29.0,2025
691788,Joe Mack,146,Miami Marlins,,C,2026,217.0,198.0,48.0,7.0,0.0,11.0,13.0,0.0,55.0,2.0,0.0,4.0,88.0,33.0,6.0,.242,.296,.444,.740,.280,18.00,856.0,57.0,42.0,,,,,,,,,,,,,,,,,,,,,,,,,2025
673357,Luis Robert Jr.,121,New York Mets,,CF,2026,142.0,126.0,24.0,3.0,0.0,4.0,16.0,0.0,35.0,0.0,0.0,0.0,39.0,12.0,3.0,.190,.282,.310,.592,.230,31.50,552.0,33.0,34.0,431.0,382.0,85.0,12.0,0.0,14.0,40.0,3.0,112.0,2.0,3.0,1.0,139.0,53.0,8.0,.223,.297,.364,.661,.274,27.29,1524.0,83.0,106.0,2025
691799,Grant Taylor,145,Chicago White Sox,,P,2026,,,,,,,,,,,,,,,,,,,,,,,,,,,,,,,,,,,,,,,,,,,,,,,,,2025
656986,Bennett Sousa,117,Houston Astros,,P,2026,,,,,,,,,,,,,,,,,,,,,,,,,0.0,0.0,0.0,0.0,0.0,0.0,0.0,0.0,0.0,0.0,0.0,0.0,0.0,0.0,0.0,.000,.000,.000,.000,.---,-.--,0.0,0.0,0.0,2025
669276,Dylan Lee,144,Atlanta Braves,,P,2026,,,,,,,,,,,,,,,,,,,,,,,,,,,,,,,,,,,,,,,,,,,,,,,,,2025
693855,Ian Seymour,139,Tampa Bay Rays,,P,2026,,,,,,,,,,,,,,,,,,,,,,,,,,,,,,,,,,,,,,,,,,,,,,,,,2025
542303,Marcell Ozuna,134,Pittsburgh Pirates,,DH,2026,280.0,251.0,51.0,7.0,0.0,8.0,27.0,1.0,80.0,2.0,0.0,0.0,82.0,29.0,5.0,.203,.286,.327,.613,.264,31.38,1240.0,48.0,72.0,592.0,487.0,113.0,19.0,0.0,21.0,94.0,2.0,144.0,3.0,7.0,0.0,195.0,68.0,11.0,.232,.355,.400,.755,.280,23.19,2635.0,115.0,122.0,2025
683618,Edgardo Henriquez,119,Los Angeles Dodgers,,P,2026,0.0,0.0,0.0,0.0,0.0,0.0,0.0,0.0,0.0,0.0,0.0,0.0,0.0,0.0,0.0,.000,.000,.000,.000,.---,-.--,0.0,0.0,0.0,,,,,,,,,,,,,,,,,,,,,,,,,2025
673380,Dedniel Núñez,121,New York Mets,,P,2026,,,,,,,,,,,,,,,,,,,,,,,,,,,,,,,,,,,,,,,,,,,,,,,,,2025
702056,Trey Yesavage,141,Toronto Blue Jays,,P,2026,,,,,,,,,,,,,,,,,,,,,,,,,,,,,,,,,,,,,,,,,,,,,,,,,2025
837227,Tatsuya Imai,117,Houston Astros,,P,2026,,,,,,,,,,,,,,,,,,,,,,,,,,,,,,,,,,,,,,,,,,,,,,,,,2025
679529,Spencer Torkelson,116,Detroit Tigers,,1B,2026,442.0,386.0,85.0,19.0,0.0,20.0,46.0,0.0,137.0,5.0,4.0,0.0,164.0,58.0,10.0,.220,.308,.425,.733,.279,19.30,1856.0,61.0,107.0,649.0,563.0,135.0,27.0,1.0,31.0,72.0,6.0,169.0,9.0,5.0,0.0,257.0,78.0,12.0,.240,.333,.456,.789,.283,18.16,2634.0,88.0,176.0,2025
650859,Luis Rengifo,135,San Diego Padres,,3B,2026,277.0,241.0,57.0,11.0,0.0,2.0,28.0,1.0,33.0,3.0,2.0,3.0,74.0,27.0,3.0,.237,.321,.307,.628,.264,120.50,1073.0,92.0,64.0,541.0,501.0,119.0,16.0,3.0,9.0,33.0,0.0,104.0,3.0,3.0,1.0,168.0,43.0,7.0,.238,.287,.335,.622,.281,55.67,2008.0,156.0,126.0,2025
802415,Chandler Simpson,139,Tampa Bay Rays,,LF,2026,423.0,391.0,117.0,11.0,6.0,0.0,20.0,0.0,39.0,0.0,5.0,7.0,140.0,22.0,4.0,.299,.329,.358,.687,.328,-.--,1387.0,151.0,96.0,441.0,414.0,122.0,15.0,3.0,0.0,20.0,0.0,43.0,0.0,2.0,3.0,143.0,26.0,10.0,.295,.326,.345,.671,.327,-.--,1517.0,176.0,78.0,2025
669302,Logan Gilbert,136,Seattle Mariners,,P,2026,,,,,,,,,,,,,,,,,,,,,,,,,,,,,,,,,,,,,,,,,,,,,,,,,2025
702070,Noah Cameron,118,Kansas City Royals,,P,2026,,,,,,,,,,,,,,,,,,,,,,,,,,,,,,,,,,,,,,,,,,,,,,,,,2025
820862,José Fermin,108,Los Angeles Angels,,P,2026,,,,,,,,,,,,,,,,,,,,,,,,,,,,,,,,,,,,,,,,,,,,,,,,,2025
687749,Jase Bowen,135,San Diego Padres,,RF,2026,72.0,68.0,11.0,2.0,0.0,1.0,2.0,0.0,26.0,2.0,0.0,0.0,16.0,6.0,0.0,.162,.208,.235,.443,.244,68.00,241.0,13.0,18.0,,,,,,,,,,,,,,,,,,,,,,,,,2025
669330,Tyler Wells,139,Tampa Bay Rays,,P,2026,,,,,,,,,,,,,,,,,,,,,,,,,,,,,,,,,,,,,,,,,,,,,,,,,2025
642708,Amed Rosario,147,New York Yankees,,3B,2026,192.0,178.0,42.0,5.0,1.0,10.0,11.0,0.0,51.0,0.0,3.0,0.0,79.0,28.0,1.0,.236,.276,.444,.720,.267,17.80,711.0,43.0,45.0,191.0,181.0,50.0,11.0,0.0,6.0,7.0,0.0,31.0,2.0,1.0,0.0,79.0,23.0,6.0,.276,.309,.436,.745,.303,30.17,646.0,53.0,48.0,2025
657041,Lane Thomas,144,Atlanta Braves,,CF,2026,330.0,287.0,66.0,16.0,0.0,10.0,39.0,0.0,78.0,2.0,2.0,0.0,112.0,37.0,4.0,.230,.324,.390,.714,.279,28.70,1354.0,58.0,87.0,142.0,125.0,20.0,2.0,0.0,4.0,14.0,0.0,44.0,1.0,2.0,0.0,34.0,11.0,4.0,.160,.246,.272,.518,.203,31.25,556.0,22.0,41.0,2025
657044,Ryan Thompson,109,Arizona Diamondbacks,,P,2026,,,,,,,,,,,,,,,,,,,,,,,,,0.0,0.0,0.0,0.0,0.0,0.0,0.0,0.0,0.0,0.0,0.0,0.0,0.0,0.0,0.0,.000,.000,.000,.000,.---,-.--,0.0,0.0,0.0,2025
681624,Andy Pages,119,Los Angeles Dodgers,,CF,2026,487.0,437.0,117.0,23.0,2.0,18.0,39.0,1.0,97.0,6.0,5.0,0.0,198.0,74.0,11.0,.268,.333,.453,.786,.303,24.28,1974.0,96.0,132.0,624.0,581.0,158.0,27.0,1.0,27.0,29.0,0.0,135.0,8.0,6.0,0.0,268.0,86.0,9.0,.272,.313,.461,.774,.308,21.52,2365.0,117.0,177.0,2025
667297,Tommy Nance,142,Minnesota Twins,,P,2026,,,,,,,,,,,,,,,,,,,,,,,,,,,,,,,,,,,,,,,,,,,,,,,,,2025
650911,Cristopher Sánchez,143,Philadelphia Phillies,,P,2026,,,,,,,,,,,,,,,,,,,,,,,,,,,,,,,,,,,,,,,,,,,,,,,,,2025
669358,Shane Baz,110,Baltimore Orioles,,P,2026,,,,,,,,,,,,,,,,,,,,,,,,,,,,,,,,,,,,,,,,,,,,,,,,,2025
669364,Xavier Edwards,146,Miami Marlins,,2B,2026,476.0,414.0,119.0,14.0,6.0,6.0,55.0,4.0,64.0,0.0,5.0,2.0,163.0,41.0,11.0,.287,.367,.394,.761,.324,69.00,1836.0,115.0,123.0,619.0,561.0,159.0,20.0,5.0,3.0,49.0,2.0,88.0,3.0,3.0,3.0,198.0,43.0,6.0,.283,.343,.353,.696,.330,187.00,2250.0,164.0,156.0,2025
622268,Donovan Walton,133,Athletics,,2B,2026,136.0,119.0,34.0,9.0,1.0,3.0,14.0,0.0,25.0,1.0,0.0,2.0,54.0,14.0,3.0,.286,.366,.454,.820,.341,39.67,515.0,29.0,33.0,9.0,8.0,1.0,0.0,0.0,0.0,0.0,0.0,1.0,0.0,0.0,1.0,1.0,1.0,0.0,.125,.125,.125,.250,.143,-.--,27.0,6.0,1.0,2025
675512,Troy Melton,116,Detroit Tigers,,P,2026,,,,,,,,,,,,,,,,,,,,,,,,,,,,,,,,,,,,,,,,,,,,,,,,,2025
669373,Tarik Skubal,119,Los Angeles Dodgers,,P,2026,,,,,,,,,,,,,,,,,,,,,,,,,,,,,,,,,,,,,,,,,,,,,,,,,2025
669372,J.T. Ginn,133,Athletics,,P,2026,0.0,0.0,0.0,0.0,0.0,0.0,0.0,0.0,0.0,0.0,0.0,0.0,0.0,0.0,0.0,.000,.000,.000,.000,.---,-.--,0.0,0.0,0.0,,,,,,,,,,,,,,,,,,,,,,,,,2025
573124,Taylor Rogers,142,Minnesota Twins,,P,2026,,,,,,,,,,,,,,,,,,,,,,,,,,,,,,,,,,,,,,,,,,,,,,,,,2025
552640,Andrew Kittredge,110,Baltimore Orioles,,P,2026,,,,,,,,,,,,,,,,,,,,,,,,,0.0,0.0,0.0,0.0,0.0,0.0,0.0,0.0,0.0,0.0,0.0,0.0,0.0,0.0,0.0,.000,.000,.000,.000,.---,-.--,0.0,0.0,0.0,2025
657097,Jacob Webb,112,Chicago Cubs,,P,2026,0.0,0.0,0.0,0.0,0.0,0.0,0.0,0.0,0.0,0.0,0.0,0.0,0.0,0.0,0.0,.000,.000,.000,.000,.---,-.--,0.0,0.0,0.0,,,,,,,,,,,,,,,,,,,,,,,,,2025
669387,Carmen Mlodzinski,134,Pittsburgh Pirates,,P,2026,,,,,,,,,,,,,,,,,,,,,,,,,,,,,,,,,,,,,,,,,,,,,,,,,2025
650960,Daniel Duarte,121,New York Mets,,P,2026,,,,,,,,,,,,,,,,,,,,,,,,,,,,,,,,,,,,,,,,,,,,,,,,,2025
673490,Ha-Seong Kim,144,Atlanta Braves,,SS,2026,82.0,73.0,5.0,0.0,0.0,0.0,9.0,0.0,22.0,0.0,0.0,0.0,5.0,3.0,1.0,.068,.171,.068,.239,.098,-.--,349.0,20.0,26.0,191.0,171.0,40.0,4.0,0.0,5.0,16.0,0.0,39.0,2.0,2.0,0.0,59.0,17.0,2.0,.234,.304,.345,.649,.271,34.20,790.0,37.0,57.0,2025
677587,Brayan Rocchio,114,Cleveland Guardians,,SS,2026,431.0,386.0,100.0,17.0,2.0,9.0,30.0,0.0,63.0,8.0,3.0,4.0,148.0,50.0,7.0,.259,.323,.383,.706,.287,42.89,1656.0,105.0,125.0,383.0,344.0,80.0,18.0,2.0,5.0,22.0,0.0,77.0,8.0,5.0,4.0,117.0,44.0,4.0,.233,.290,.340,.630,.281,68.80,1411.0,100.0,96.0,2025
675540,Xzavion Curry,121,New York Mets,,P,2026,,,,,,,,,,,,,,,,,,,,,,,,,,,,,,,,,,,,,,,,,,,,,,,,,2025
669397,Nick Allen,117,Houston Astros,,SS,2026,113.0,101.0,26.0,4.0,0.0,1.0,7.0,0.0,23.0,1.0,2.0,2.0,33.0,11.0,2.0,.257,.306,.327,.633,.316,101.00,407.0,24.0,32.0,416.0,371.0,82.0,11.0,0.0,0.0,31.0,0.0,99.0,3.0,3.0,8.0,93.0,22.0,8.0,.221,.284,.251,.535,.298,-.--,1582.0,100.0,101.0,2025
677588,José Tena,120,Washington Nationals,,DH,2026,221.0,201.0,48.0,11.0,2.0,5.0,18.0,0.0,65.0,2.0,0.0,0.0,78.0,20.0,6.0,.239,.308,.388,.696,.328,40.20,891.0,52.0,36.0,169.0,152.0,37.0,13.0,2.0,0.0,15.0,0.0,37.0,1.0,1.0,0.0,54.0,16.0,4.0,.243,.314,.355,.669,.319,-.--,678.0,54.0,25.0,2025
683734,Andrew Vaughn,158,Milwaukee Brewers,,1B,2026,219.0,187.0,56.0,15.0,2.0,5.0,26.0,1.0,30.0,4.0,2.0,0.0,90.0,30.0,5.0,.299,.393,.481,.874,.331,37.40,870.0,48.0,55.0,447.0,406.0,103.0,22.0,0.0,14.0,31.0,0.0,80.0,3.0,6.0,1.0,167.0,65.0,12.0,.254,.307,.411,.718,.280,29.00,1722.0,110.0,120.0,2025
650968,Yohel Pozo,110,Baltimore Orioles,,C,2026,40.0,39.0,9.0,1.0,0.0,0.0,0.0,0.0,6.0,0.0,1.0,0.0,10.0,6.0,5.0,.231,.225,.256,.481,.265,-.--,129.0,15.0,10.0,168.0,160.0,37.0,8.0,0.0,5.0,7.0,0.0,22.0,0.0,1.0,0.0,60.0,19.0,4.0,.231,.262,.375,.637,.239,32.00,591.0,45.0,57.0,2025
669398,Gage Workman,135,San Diego Padres,,3B,2026,40.0,40.0,6.0,3.0,0.0,2.0,0.0,0.0,17.0,0.0,0.0,0.0,15.0,5.0,1.0,.150,.150,.375,.525,.190,20.00,148.0,9.0,8.0,17.0,16.0,3.0,1.0,0.0,0.0,1.0,0.0,7.0,0.0,0.0,0.0,4.0,2.0,0.0,.188,.235,.250,.485,.333,-.--,52.0,4.0,2.0,2025
683737,Michael Busch,112,Chicago Cubs,,1B,2026,508.0,427.0,103.0,18.0,2.0,14.0,67.0,1.0,115.0,10.0,4.0,0.0,167.0,63.0,9.0,.241,.354,.391,.745,.295,30.50,2019.0,99.0,114.0,592.0,524.0,137.0,25.0,5.0,34.0,56.0,2.0,139.0,10.0,2.0,0.0,274.0,90.0,2.0,.261,.343,.523,.866,.292,15.41,2324.0,111.0,139.0,2025
677594,Julio Rodríguez,136,Seattle Mariners,,CF,2026,446.0,404.0,103.0,16.0,0.0,16.0,34.0,2.0,90.0,5.0,3.0,0.0,167.0,47.0,8.0,.255,.318,.413,.731,.289,25.25,1678.0,90.0,124.0,710.0,652.0,174.0,31.0,4.0,32.0,44.0,5.0,152.0,12.0,2.0,0.0,309.0,95.0,15.0,.267,.324,.474,.798,.302,20.38,2496.0,174.0,154.0,2025
702176,Alan Roden,142,Minnesota Twins,,RF,2026,50.0,42.0,9.0,0.0,0.0,0.0,6.0,0.0,7.0,0.0,2.0,0.0,9.0,8.0,1.0,.214,.300,.214,.514,.243,-.--,185.0,13.0,15.0,153.0,136.0,26.0,6.0,1.0,2.0,8.0,0.0,37.0,6.0,3.0,0.0,40.0,9.0,0.0,.191,.261,.294,.555,.240,68.00,551.0,49.0,27.0,2025
628452,Raisel Iglesias,144,Atlanta Braves,,P,2026,0.0,0.0,0.0,0.0,0.0,0.0,0.0,0.0,0.0,0.0,0.0,0.0,0.0,0.0,0.0,.000,.000,.000,.000,.---,-.--,0.0,0.0,0.0,,,,,,,,,,,,,,,,,,,,,,,,,2025
683748,Victor Mesa Jr.,139,Tampa Bay Rays,,RF,2026,147.0,130.0,26.0,2.0,0.0,8.0,15.0,0.0,36.0,0.0,1.0,1.0,52.0,17.0,2.0,.200,.281,.400,.681,.207,16.25,557.0,26.0,44.0,38.0,32.0,6.0,2.0,0.0,1.0,5.0,0.0,5.0,0.0,0.0,1.0,11.0,6.0,0.0,.188,.297,.344,.641,.192,32.00,141.0,8.0,14.0,2025
673513,Yuki Matsui,135,San Diego Padres,,P,2026,,,,,,,,,,,,,,,,,,,,,,,,,,,,,,,,,,,,,,,,,,,,,,,,,2025
657136,Connor Wong,111,Boston Red Sox,,C,2026,170.0,145.0,36.0,9.0,0.0,2.0,16.0,0.0,39.0,4.0,1.0,4.0,51.0,17.0,6.0,.248,.337,.352,.689,.324,72.50,655.0,42.0,33.0,188.0,168.0,32.0,8.0,0.0,0.0,16.0,0.0,42.0,1.0,2.0,1.0,40.0,7.0,7.0,.190,.262,.238,.500,.250,-.--,745.0,53.0,44.0,2025
702193,Andrew Morris,142,Minnesota Twins,,P,2026,,,,,,,,,,,,,,,,,,,,,,,,,,,,,,,,,,,,,,,,,,,,,,,,,2025
687859,Troy Johnston,115,Colorado Rockies,,RF,2026,358.0,317.0,89.0,25.0,0.0,3.0,30.0,0.0,62.0,5.0,5.0,1.0,123.0,41.0,3.0,.281,.347,.388,.735,.335,105.67,1288.0,79.0,93.0,121.0,112.0,31.0,2.0,1.0,4.0,8.0,0.0,26.0,1.0,0.0,0.0,47.0,13.0,1.0,.277,.331,.420,.751,.329,28.00,450.0,24.0,31.0,2025
681715,Heriberto Hernández,146,Miami Marlins,,LF,2026,296.0,266.0,63.0,12.0,1.0,16.0,28.0,1.0,78.0,1.0,1.0,0.0,125.0,43.0,2.0,.237,.311,.470,.781,.272,16.62,1135.0,57.0,69.0,294.0,256.0,68.0,12.0,1.0,10.0,31.0,0.0,77.0,3.0,4.0,0.0,112.0,45.0,6.0,.266,.347,.438,.785,.335,25.60,1138.0,52.0,63.0,2025
669432,Trevor Rogers,110,Baltimore Orioles,,P,2026,,,,,,,,,,,,,,,,,,,,,,,,,2.0,2.0,0.0,0.0,0.0,0.0,0.0,0.0,2.0,0.0,0.0,0.0,0.0,0.0,0.0,.000,.000,.000,.000,.---,-.--,6.0,0.0,0.0,2025
696062,Wilber Dotel,134,Pittsburgh Pirates,,P,2026,,,,,,,,,,,,,,,,,,,,,,,,,,,,,,,,,,,,,,,,,,,,,,,,,2025
683769,Hunter Gaddis,114,Cleveland Guardians,,P,2026,,,,,,,,,,,,,,,,,,,,,,,,,,,,,,,,,,,,,,,,,,,,,,,,,2025
673540,Kodai Senga,121,New York Mets,,P,2026,,,,,,,,,,,,,,,,,,,,,,,,,,,,,,,,,,,,,,,,,,,,,,,,,2025
673548,Seiya Suzuki,112,Chicago Cubs,,RF,2026,424.0,365.0,100.0,19.0,0.0,19.0,52.0,3.0,109.0,4.0,3.0,0.0,176.0,64.0,9.0,.274,.368,.482,.850,.338,19.21,1820.0,66.0,93.0,651.0,571.0,140.0,31.0,3.0,32.0,71.0,1.0,164.0,1.0,8.0,0.0,273.0,103.0,13.0,.245,.326,.478,.804,.282,17.84,2727.0,98.0,177.0,2025
669456,Shane Bieber,141,Toronto Blue Jays,,P,2026,,,,,,,,,,,,,,,,,,,,,,,,,,,,,,,,,,,,,,,,,,,,,,,,,2025
702222,Justin Crawford,143,Philadelphia Phillies,,CF,2026,331.0,307.0,81.0,13.0,3.0,2.0,18.0,0.0,64.0,3.0,1.0,2.0,106.0,27.0,2.0,.264,.310,.345,.655,.326,153.50,1220.0,100.0,65.0,,,,,,,,,,,,,,,,,,,,,,,,,2025
573204,Caleb Thielbar,112,Chicago Cubs,,P,2026,0.0,0.0,0.0,0.0,0.0,0.0,0.0,0.0,0.0,0.0,0.0,0.0,0.0,0.0,0.0,.000,.000,.000,.000,.---,-.--,0.0,0.0,0.0,,,,,,,,,,,,,,,,,,,,,,,,,2025
624413,Pete Alonso,110,Baltimore Orioles,,1B,2026,490.0,423.0,106.0,21.0,0.0,23.0,56.0,3.0,121.0,7.0,4.0,0.0,196.0,71.0,12.0,.251,.345,.463,.808,.293,18.39,2015.0,95.0,105.0,709.0,624.0,170.0,41.0,1.0,38.0,61.0,5.0,162.0,15.0,9.0,0.0,327.0,126.0,23.0,.272,.347,.524,.871,.305,16.42,2807.0,135.0,166.0,2025
669461,Matthew Liberatore,138,St. Louis Cardinals,,P,2026,,,,,,,,,,,,,,,,,,,,,,,,,,,,,,,,,,,,,,,,,,,,,,,,,2025
669467,Andre Pallante,138,St. Louis Cardinals,,P,2026,,,,,,,,,,,,,,,,,,,,,,,,,0.0,0.0,0.0,0.0,0.0,0.0,0.0,0.0,0.0,0.0,0.0,0.0,0.0,0.0,0.0,.000,.000,.000,.000,.---,-.--,0.0,0.0,0.0,2025
663330,Jahmai Jones,111,Boston Red Sox,,DH,2026,120.0,108.0,18.0,4.0,0.0,4.0,12.0,0.0,40.0,0.0,0.0,0.0,34.0,12.0,3.0,.167,.250,.315,.565,.219,27.00,446.0,23.0,27.0,150.0,129.0,37.0,11.0,1.0,7.0,18.0,1.0,32.0,3.0,0.0,0.0,71.0,23.0,3.0,.287,.387,.550,.937,.333,18.43,595.0,21.0,39.0,2025
687911,Bryan King,117,Houston Astros,,P,2026,,,,,,,,,,,,,,,,,,,,,,,,,,,,,,,,,,,,,,,,,,,,,,,,,2025
696100,Hunter Goodman,115,Colorado Rockies,,C,2026,436.0,392.0,100.0,16.0,0.0,33.0,37.0,3.0,146.0,4.0,3.0,0.0,215.0,66.0,6.0,.255,.323,.548,.871,.310,11.88,1647.0,59.0,90.0,579.0,540.0,150.0,28.0,5.0,31.0,33.0,0.0,152.0,4.0,2.0,0.0,281.0,91.0,16.0,.278,.323,.520,.843,.331,17.42,2149.0,100.0,140.0,2025
624424,Michael Conforto,112,Chicago Cubs,,DH,2026,194.0,169.0,39.0,11.0,0.0,9.0,23.0,1.0,57.0,1.0,1.0,0.0,77.0,24.0,3.0,.231,.325,.456,.781,.288,18.78,777.0,31.0,43.0,486.0,418.0,83.0,20.0,0.0,12.0,56.0,0.0,121.0,9.0,3.0,0.0,139.0,36.0,12.0,.199,.305,.333,.638,.247,34.83,2049.0,103.0,114.0,2025
624428,Adam Frazier,108,Los Angeles Angels,,2B,2026,94.0,82.0,17.0,5.0,1.0,1.0,9.0,0.0,28.0,1.0,0.0,2.0,27.0,6.0,1.0,.207,.293,.329,.622,.302,82.00,373.0,23.0,16.0,459.0,419.0,112.0,20.0,0.0,7.0,26.0,2.0,81.0,8.0,5.0,1.0,153.0,44.0,8.0,.267,.319,.365,.684,.313,59.86,1841.0,104.0,128.0,2025
702273,Noah Schultz,145,Chicago White Sox,,P,2026,,,,,,,,,,,,,,,,,,,,,,,,,,,,,,,,,,,,,,,,,,,,,,,,,2025
804668,Rafael Flores Jr.,134,Pittsburgh Pirates,,C,2026,23.0,19.0,4.0,1.0,0.0,1.0,4.0,0.0,3.0,0.0,0.0,0.0,8.0,2.0,0.0,.211,.348,.421,.769,.200,19.00,97.0,5.0,7.0,17.0,15.0,3.0,2.0,0.0,0.0,2.0,0.0,7.0,0.0,0.0,0.0,5.0,0.0,0.0,.200,.294,.333,.627,.375,-.--,74.0,4.0,1.0,2025
624431,Jose Trevino,113,Cincinnati Reds,,C,2026,87.0,84.0,21.0,3.0,0.0,4.0,1.0,0.0,16.0,0.0,0.0,2.0,36.0,11.0,1.0,.250,.259,.429,.688,.266,21.00,281.0,29.0,20.0,302.0,282.0,67.0,20.0,0.0,4.0,15.0,0.0,39.0,0.0,4.0,1.0,99.0,22.0,9.0,.238,.272,.351,.623,.259,70.50,1063.0,95.0,86.0,2025
608070,José Ramírez,114,Cleveland Guardians,,3B,2026,360.0,309.0,72.0,18.0,0.0,10.0,46.0,7.0,46.0,1.0,3.0,0.0,120.0,35.0,2.0,.233,.331,.388,.719,.242,30.90,1470.0,70.0,124.0,673.0,593.0,168.0,34.0,3.0,30.0,66.0,22.0,74.0,8.0,5.0,0.0,298.0,85.0,9.0,.283,.360,.503,.863,.279,19.77,2666.0,135.0,222.0,2025
667463,John King,146,Miami Marlins,,P,2026,,,,,,,,,,,,,,,,,,,,,,,,,,,,,,,,,,,,,,,,,,,,,,,,,2025
675660,Shane Drohan,158,Milwaukee Brewers,,P,2026,,,,,,,,,,,,,,,,,,,,,,,,,,,,,,,,,,,,,,,,,,,,,,,,,2025
663372,Ryan Feltner,115,Colorado Rockies,,P,2026,,,,,,,,,,,,,,,,,,,,,,,,,,,,,,,,,,,,,,,,,,,,,,,,,2025
573262,Mike Yastrzemski,144,Atlanta Braves,,LF,2026,290.0,256.0,59.0,13.0,1.0,8.0,28.0,0.0,71.0,4.0,2.0,0.0,98.0,32.0,2.0,.230,.314,.383,.697,.285,32.00,1223.0,54.0,74.0,558.0,477.0,111.0,28.0,1.0,17.0,72.0,4.0,108.0,2.0,5.0,2.0,192.0,46.0,7.0,.233,.333,.403,.736,.263,28.06,2305.0,95.0,170.0,2025
702284,Cole Young,136,Seattle Mariners,,2B,2026,457.0,415.0,111.0,15.0,3.0,14.0,30.0,0.0,76.0,8.0,3.0,1.0,174.0,51.0,4.0,.267,.327,.419,.746,.296,29.64,1738.0,100.0,132.0,257.0,223.0,47.0,7.0,1.0,4.0,28.0,1.0,47.0,2.0,2.0,2.0,68.0,24.0,4.0,.211,.302,.305,.607,.247,55.75,1034.0,52.0,81.0,2025
687952,Christian Encarnacion-Strand,110,Baltimore Orioles,,3B,2026,47.0,42.0,11.0,2.0,0.0,3.0,4.0,1.0,9.0,0.0,0.0,1.0,22.0,11.0,1.0,.262,.326,.524,.850,.267,14.00,167.0,10.0,13.0,137.0,130.0,27.0,4.0,0.0,6.0,3.0,0.0,32.0,2.0,2.0,0.0,49.0,19.0,1.0,.208,.234,.377,.611,.223,21.67,469.0,32.0,41.0,2025
667472,Dane Myers,113,Cincinnati Reds,,CF,2026,191.0,164.0,44.0,8.0,0.0,3.0,23.0,0.0,50.0,3.0,1.0,0.0,61.0,16.0,4.0,.268,.366,.372,.738,.366,54.67,784.0,27.0,44.0,333.0,307.0,72.0,10.0,0.0,6.0,23.0,0.0,77.0,2.0,1.0,0.0,100.0,31.0,12.0,.235,.291,.326,.617,.293,51.17,1241.0,78.0,81.0,2025
696147,Sam Bachman,108,Los Angeles Angels,,P,2026,,,,,,,,,,,,,,,,,,,,,,,,,,,,,,,,,,,,,,,,,,,,,,,,,2025
700241,Michael McGreevy,138,St. Louis Cardinals,,P,2026,,,,,,,,,,,,,,,,,,,,,,,,,,,,,,,,,,,,,,,,,,,,,,,,,2025
696149,Bubba Chandler,134,Pittsburgh Pirates,,P,2026,,,,,,,,,,,,,,,,,,,,,,,,,,,,,,,,,,,,,,,,,,,,,,,,,2025
700249,Cade Povich,110,Baltimore Orioles,,P,2026,,,,,,,,,,,,,,,,,,,,,,,,,,,,,,,,,,,,,,,,,,,,,,,,,2025
700270,Yilber Díaz,116,Detroit Tigers,,P,2026,,,,,,,,,,,,,,,,,,,,,,,,,,,,,,,,,,,,,,,,,,,,,,,,,2025
700250,Ben Rice,147,New York Yankees,,1B,2026,465.0,405.0,106.0,19.0,3.0,31.0,55.0,4.0,115.0,3.0,2.0,0.0,224.0,73.0,10.0,.262,.353,.553,.906,.287,13.06,1855.0,96.0,90.0,530.0,467.0,119.0,28.0,4.0,26.0,50.0,0.0,100.0,9.0,2.0,0.0,233.0,65.0,18.0,.255,.337,.499,.836,.271,17.96,2047.0,115.0,135.0,2025
702332,Caleb Durbin,111,Boston Red Sox,,3B,2026,392.0,348.0,86.0,20.0,1.0,11.0,28.0,0.0,52.0,9.0,2.0,5.0,141.0,49.0,6.0,.247,.318,.405,.723,.261,31.64,1426.0,117.0,100.0,506.0,445.0,114.0,25.0,0.0,11.0,30.0,0.0,50.0,24.0,4.0,3.0,172.0,53.0,10.0,.256,.334,.387,.721,.265,40.46,1838.0,134.0,154.0,2025
657265,Peter Strzelecki,138,St. Louis Cardinals,,P,2026,,,,,,,,,,,,,,,,,,,,,,,,,,,,,,,,,,,,,,,,,,,,,,,,,2025
663423,Trent Thornton,112,Chicago Cubs,,P,2026,,,,,,,,,,,,,,,,,,,,,,,,,0.0,0.0,0.0,0.0,0.0,0.0,0.0,0.0,0.0,0.0,0.0,0.0,0.0,0.0,0.0,.000,.000,.000,.000,.---,-.--,0.0,0.0,0.0,2025
640902,Jhonny Pereda,136,Seattle Mariners,,C,2026,68.0,63.0,17.0,0.0,0.0,2.0,4.0,0.0,11.0,1.0,0.0,0.0,23.0,4.0,0.0,.270,.324,.365,.689,.300,31.50,289.0,13.0,22.0,78.0,69.0,17.0,6.0,0.0,0.0,8.0,0.0,21.0,0.0,0.0,1.0,23.0,4.0,1.0,.246,.325,.333,.658,.354,-.--,333.0,18.0,14.0,2025
663436,Davis Martin,145,Chicago White Sox,,P,2026,,,,,,,,,,,,,,,,,,,,,,,,,,,,,,,,,,,,,,,,,,,,,,,,,2025
661388,William Contreras,158,Milwaukee Brewers,,C,2026,450.0,404.0,109.0,17.0,1.0,10.0,38.0,4.0,64.0,3.0,5.0,0.0,158.0,57.0,12.0,.270,.333,.391,.724,.296,40.40,1577.0,108.0,128.0,659.0,566.0,147.0,28.0,0.0,17.0,84.0,4.0,120.0,3.0,6.0,0.0,226.0,76.0,14.0,.260,.355,.399,.754,.299,33.29,2556.0,172.0,133.0,2025
665487,Fernando Tatis Jr.,135,San Diego Padres,,RF,2026,495.0,439.0,123.0,23.0,2.0,8.0,45.0,4.0,98.0,5.0,5.0,1.0,174.0,49.0,10.0,.280,.350,.396,.746,.340,54.88,1773.0,126.0,98.0,691.0,594.0,159.0,27.0,2.0,25.0,89.0,7.0,129.0,6.0,2.0,0.0,265.0,71.0,6.0,.268,.368,.446,.814,.303,23.76,2636.0,160.0,148.0,2025
681870,Erik Sabrowski,114,Cleveland Guardians,,P,2026,,,,,,,,,,,,,,,,,,,,,,,,,,,,,,,,,,,,,,,,,,,,,,,,,2025
661395,Jhoan Duran,143,Philadelphia Phillies,,P,2026,0.0,0.0,0.0,0.0,0.0,0.0,0.0,0.0,0.0,0.0,0.0,0.0,0.0,0.0,0.0,.000,.000,.000,.000,.---,-.--,0.0,0.0,0.0,0.0,0.0,0.0,0.0,0.0,0.0,0.0,0.0,0.0,0.0,0.0,0.0,0.0,0.0,0.0,.000,.000,.000,.000,.---,-.--,0.0,0.0,0.0,2025
665489,Vladimir Guerrero Jr.,141,Toronto Blue Jays,,1B,2026,456.0,401.0,104.0,18.0,0.0,6.0,46.0,5.0,62.0,4.0,5.0,0.0,140.0,44.0,15.0,.259,.338,.349,.687,.290,66.83,1624.0,127.0,113.0,680.0,589.0,172.0,34.0,0.0,23.0,81.0,8.0,94.0,6.0,4.0,0.0,275.0,84.0,17.0,.292,.381,.467,.848,.313,25.61,2502.0,179.0,148.0,2025
622491,Luis Castillo,145,Chicago White Sox,,P,2026,,,,,,,,,,,,,,,,,,,,,,,,,,,,,,,,,,,,,,,,,,,,,,,,,2025
620443,Luis Torrens,121,New York Mets,,C,2026,207.0,188.0,43.0,12.0,0.0,3.0,13.0,0.0,41.0,4.0,0.0,2.0,64.0,24.0,1.0,.229,.293,.340,.633,.278,62.67,800.0,63.0,43.0,283.0,261.0,59.0,14.0,1.0,5.0,19.0,0.0,56.0,2.0,0.0,1.0,90.0,29.0,7.0,.226,.284,.345,.629,.270,52.20,1069.0,89.0,58.0,2025
665506,Cristian Pache,121,New York Mets,,OF,2026,,,,,,,,,,,,,,,,,,,,,,,,,,,,,,,,,,,,,,,,,,,,,,,,,2025
663457,Lars Nootbaar,109,Arizona Diamondbacks,,LF,2026,187.0,160.0,37.0,8.0,1.0,3.0,26.0,1.0,40.0,0.0,1.0,0.0,56.0,16.0,4.0,.231,.337,.350,.687,.288,53.33,779.0,47.0,37.0,583.0,509.0,119.0,24.0,1.0,13.0,64.0,3.0,119.0,6.0,3.0,1.0,184.0,48.0,4.0,.234,.325,.361,.686,.279,39.15,2359.0,109.0,166.0,2025
679845,Nick Loftin,118,Kansas City Royals,,3B,2026,267.0,229.0,57.0,18.0,1.0,5.0,26.0,0.0,37.0,5.0,4.0,3.0,92.0,35.0,6.0,.249,.333,.402,.735,.272,45.80,970.0,66.0,76.0,188.0,168.0,35.0,9.0,2.0,4.0,14.0,0.0,27.0,3.0,2.0,1.0,60.0,20.0,7.0,.208,.278,.357,.635,.223,42.00,676.0,48.0,61.0,2025
681892,Kody Funderburk,142,Minnesota Twins,,P,2026,,,,,,,,,,,,,,,,,,,,,,,,,0.0,0.0,0.0,0.0,0.0,0.0,0.0,0.0,0.0,0.0,0.0,0.0,0.0,0.0,0.0,.000,.000,.000,.000,.---,-.--,0.0,0.0,0.0,2025
595879,Javier Báez,116,Detroit Tigers,,SS,2026,105.0,100.0,28.0,6.0,0.0,2.0,3.0,0.0,20.0,1.0,1.0,0.0,40.0,11.0,3.0,.280,.305,.400,.705,.329,50.00,348.0,28.0,25.0,437.0,417.0,107.0,17.0,3.0,12.0,10.0,0.0,109.0,6.0,3.0,0.0,166.0,57.0,8.0,.257,.282,.398,.680,.318,34.75,1543.0,99.0,105.0,2025
677800,Wilyer Abreu,111,Boston Red Sox,,RF,2026,478.0,423.0,106.0,22.0,3.0,19.0,46.0,2.0,100.0,2.0,5.0,1.0,191.0,56.0,8.0,.251,.324,.452,.776,.282,22.26,1884.0,76.0,147.0,417.0,373.0,92.0,17.0,0.0,22.0,40.0,5.0,101.0,0.0,3.0,1.0,175.0,69.0,8.0,.247,.317,.469,.786,.277,16.96,1600.0,63.0,121.0,2025
683953,Travis Bazzana,114,Cleveland Guardians,,2B,2026,355.0,306.0,75.0,15.0,2.0,9.0,42.0,1.0,79.0,4.0,3.0,0.0,121.0,35.0,2.0,.245,.341,.395,.736,.299,34.00,1448.0,71.0,84.0,,,,,,,,,,,,,,,,,,,,,,,,,2025
694192,Jackson Chourio,158,Milwaukee Brewers,,LF,2026,359.0,329.0,92.0,20.0,0.0,14.0,27.0,2.0,87.0,2.0,1.0,0.0,154.0,44.0,5.0,.280,.337,.468,.805,.341,23.50,1404.0,74.0,77.0,589.0,549.0,148.0,35.0,4.0,21.0,30.0,1.0,121.0,3.0,6.0,1.0,254.0,78.0,13.0,.270,.308,.463,.771,.308,26.14,2108.0,129.0,158.0,2025
669620,Brady Basso,133,Athletics,,P,2026,,,,,,,,,,,,,,,,,,,,,,,,,,,,,,,,,,,,,,,,,,,,,,,,,2025
681911,Alex Vesia,119,Los Angeles Dodgers,,P,2026,0.0,0.0,0.0,0.0,0.0,0.0,0.0,0.0,0.0,0.0,0.0,0.0,0.0,0.0,0.0,.000,.000,.000,.000,.---,-.--,0.0,0.0,0.0,,,,,,,,,,,,,,,,,,,,,,,,,2025
810938,Ben Williamson,139,Tampa Bay Rays,,2B,2026,268.0,245.0,61.0,10.0,1.0,3.0,20.0,0.0,51.0,2.0,0.0,1.0,82.0,26.0,6.0,.249,.311,.335,.646,.304,81.67,1039.0,82.0,52.0,295.0,277.0,70.0,13.0,0.0,1.0,15.0,0.0,64.0,1.0,0.0,2.0,86.0,21.0,5.0,.253,.294,.310,.604,.325,277.00,1216.0,90.0,55.0,2025
694203,Denzer Guzman,108,Los Angeles Angels,,3B,2026,159.0,147.0,34.0,4.0,0.0,5.0,10.0,0.0,40.0,1.0,0.0,0.0,53.0,16.0,2.0,.231,.285,.361,.646,.284,29.40,585.0,35.0,38.0,43.0,42.0,8.0,1.0,0.0,2.0,1.0,0.0,22.0,0.0,0.0,0.0,15.0,3.0,0.0,.190,.209,.357,.566,.333,21.00,176.0,4.0,8.0,2025
663494,Bryan Torres,138,St. Louis Cardinals,,LF,2026,100.0,92.0,22.0,1.0,2.0,4.0,7.0,0.0,20.0,0.0,0.0,1.0,39.0,13.0,0.0,.239,.293,.424,.717,.265,23.00,405.0,26.0,25.0,,,,,,,,,,,,,,,,,,,,,,,,,2025
694208,Moisés Ballesteros,108,Los Angeles Angels,,C,2026,179.0,160.0,37.0,6.0,0.0,6.0,17.0,0.0,38.0,0.0,2.0,0.0,61.0,23.0,1.0,.231,.302,.381,.683,.263,26.67,673.0,42.0,45.0,66.0,57.0,17.0,2.0,1.0,2.0,9.0,1.0,12.0,0.0,0.0,0.0,27.0,11.0,2.0,.298,.394,.474,.868,.349,28.50,249.0,21.0,7.0,2025
696270,Ryan Johnson,108,Los Angeles Angels,,P,2026,,,,,,,,,,,,,,,,,,,,,,,,,,,,,,,,,,,,,,,,,,,,,,,,,2025
593871,Jorge Polanco,121,New York Mets,,DH,2026,116.0,107.0,14.0,4.0,0.0,1.0,8.0,0.0,29.0,0.0,0.0,1.0,21.0,4.0,1.0,.131,.191,.196,.387,.169,107.00,467.0,29.0,36.0,524.0,471.0,125.0,30.0,0.0,26.0,42.0,1.0,82.0,3.0,5.0,3.0,233.0,78.0,7.0,.265,.326,.495,.821,.269,18.12,2023.0,114.0,158.0,2025
622554,Seranthony Domínguez,136,Seattle Mariners,,P,2026,,,,,,,,,,,,,,,,,,,,,,,,,0.0,0.0,0.0,0.0,0.0,0.0,0.0,0.0,0.0,0.0,0.0,0.0,0.0,0.0,0.0,.000,.000,.000,.000,.---,-.--,0.0,0.0,0.0,2025
655316,Andruw Monasterio,111,Boston Red Sox,,SS,2026,225.0,205.0,54.0,19.0,1.0,6.0,16.0,0.0,49.0,2.0,1.0,1.0,93.0,25.0,2.0,.263,.321,.454,.775,.318,34.17,960.0,37.0,67.0,135.0,126.0,34.0,9.0,0.0,4.0,7.0,0.0,32.0,2.0,0.0,0.0,55.0,16.0,1.0,.270,.319,.437,.756,.333,31.50,558.0,19.0,41.0,2025
489446,Kirby Yates,134,Pittsburgh Pirates,,P,2026,,,,,,,,,,,,,,,,,,,,,,,,,,,,,,,,,,,,,,,,,,,,,,,,,2025
696285,Jacob Young,120,Washington Nationals,,CF,2026,337.0,305.0,71.0,14.0,2.0,9.0,23.0,0.0,60.0,5.0,1.0,3.0,116.0,38.0,5.0,.233,.296,.380,.676,.262,33.89,1254.0,83.0,95.0,364.0,324.0,75.0,10.0,1.0,2.0,27.0,0.0,65.0,3.0,1.0,9.0,93.0,31.0,7.0,.231,.296,.287,.583,.283,162.00,1367.0,115.0,79.0,2025
694249,Cole Carrigg,115,Colorado Rockies,,CF,2026,178.0,150.0,46.0,11.0,3.0,5.0,20.0,2.0,35.0,3.0,4.0,1.0,78.0,28.0,1.0,.307,.390,.520,.910,.360,30.00,684.0,26.0,48.0,,,,,,,,,,,,,,,,,,,,,,,,,2025
684007,Shota Imanaga,112,Chicago Cubs,,P,2026,,,,,,,,,,,,,,,,,,,,,,,,,,,,,,,,,,,,,,,,,,,,,,,,,2025
677865,Justin Bruihl,138,St. Louis Cardinals,,P,2026,,,,,,,,,,,,,,,,,,,,,,,,,,,,,,,,,,,,,,,,,,,,,,,,,2025
815083,Mitch Farris,108,Los Angeles Angels,,P,2026,,,,,,,,,,,,,,,,,,,,,,,,,,,,,,,,,,,,,,,,,,,,,,,,,2025
688107,Robert Gasser,158,Milwaukee Brewers,,P,2026,,,,,,,,,,,,,,,,,,,,,,,,,,,,,,,,,,,,,,,,,,,,,,,,,2025
677870,Leo Jiménez,146,Miami Marlins,,3B,2026,145.0,126.0,26.0,4.0,0.0,2.0,12.0,0.0,27.0,6.0,1.0,0.0,36.0,11.0,5.0,.206,.303,.286,.589,.245,63.00,597.0,45.0,29.0,32.0,29.0,2.0,0.0,0.0,1.0,2.0,0.0,8.0,0.0,0.0,1.0,5.0,1.0,1.0,.069,.129,.172,.301,.050,29.00,143.0,10.0,10.0,2025
663538,Nico Hoerner,112,Chicago Cubs,,2B,2026,494.0,446.0,115.0,23.0,1.0,7.0,38.0,0.0,43.0,5.0,5.0,0.0,161.0,53.0,8.0,.258,.320,.361,.681,.269,63.71,1743.0,131.0,162.0,649.0,599.0,178.0,29.0,4.0,7.0,39.0,1.0,49.0,7.0,4.0,0.0,236.0,61.0,4.0,.297,.345,.394,.739,.313,85.57,2305.0,179.0,197.0,2025
606192,Teoscar Hernández,119,Los Angeles Dodgers,,LF,2026,313.0,281.0,72.0,12.0,0.0,11.0,27.0,1.0,82.0,2.0,3.0,0.0,117.0,41.0,11.0,.256,.323,.416,.739,.319,25.54,1262.0,57.0,73.0,546.0,511.0,126.0,29.0,1.0,25.0,26.0,0.0,134.0,3.0,5.0,0.0,232.0,89.0,13.0,.247,.284,.454,.738,.283,20.44,2139.0,136.0,120.0,2025
671732,Lawrence Butler,133,Athletics,,RF,2026,332.0,289.0,60.0,13.0,1.0,6.0,40.0,1.0,88.0,1.0,1.0,1.0,93.0,29.0,3.0,.208,.305,.322,.627,.276,48.17,1365.0,87.0,56.0,630.0,569.0,133.0,30.0,2.0,21.0,59.0,0.0,179.0,0.0,0.0,2.0,230.0,63.0,7.0,.234,.306,.404,.710,.304,27.10,2517.0,137.0,122.0,2025
669684,Chris Murphy,145,Chicago White Sox,,P,2026,,,,,,,,,,,,,,,,,,,,,,,,,,,,,,,,,,,,,,,,,,,,,,,,,2025
671737,Taj Bradley,142,Minnesota Twins,,P,2026,,,,,,,,,,,,,,,,,,,,,,,,,,,,,,,,,,,,,,,,,,,,,,,,,2025
663542,Bryan Hudson,145,Chicago White Sox,,P,2026,,,,,,,,,,,,,,,,,,,,,,,,,,,,,,,,,,,,,,,,,,,,,,,,,2025
681982,Grant Anderson,158,Milwaukee Brewers,,P,2026,,,,,,,,,,,,,,,,,,,,,,,,,,,,,,,,,,,,,,,,,,,,,,,,,2025
671739,Michael Harris II,144,Atlanta Braves,,CF,2026,429.0,407.0,117.0,22.0,0.0,20.0,17.0,0.0,83.0,2.0,3.0,0.0,199.0,64.0,3.0,.287,.317,.489,.806,.316,20.35,1544.0,109.0,101.0,641.0,611.0,152.0,26.0,6.0,20.0,16.0,1.0,128.0,3.0,7.0,4.0,250.0,86.0,7.0,.249,.268,.409,.677,.281,30.55,2177.0,193.0,149.0,2025
808959,Munetaka Murakami,145,Chicago White Sox,,1B,2026,335.0,275.0,67.0,10.0,0.0,24.0,58.0,6.0,112.0,1.0,1.0,0.0,149.0,51.0,2.0,.244,.376,.542,.918,.307,11.46,1464.0,47.0,50.0,,,,,,,,,,,,,,,,,,,,,,,,,2025
