batter_id,batter_name,team_id,team_name,batSide,primaryPosition,season,plateAppearances,atBats,hits,doubles,triples,homeRuns,baseOnBalls,intentionalWalks,strikeOuts,hitByPitch,sacFlies,sacBunts,totalBases,rbi,groundIntoDoublePlay,avg,obp,slg,ops,babip,atBatsPerHomeRun,numberOfPitches,groundOuts,airOuts,plateAppearances_prev,atBats_prev,hits_prev,doubles_prev,triples_prev,homeRuns_prev,baseOnBalls_prev,intentionalWalks_prev,strikeOuts_prev,hitByPitch_prev,sacFlies_prev,sacBunts_prev,totalBases_prev,rbi_prev,groundIntoDoublePlay_prev,avg_prev,obp_prev,slg_prev,ops_prev,babip_prev,atBatsPerHomeRun_prev,numberOfPitches_prev,groundOuts_prev,airOuts_prev,season_prev
663558,Jovani Morán,111,Boston Red Sox,,P,2026,,,,,,,,,,,,,,,,,,,,,,,,,,,,,,,,,,,,,,,,,,,,,,,,,2025
681987,Nate Eaton,111,Boston Red Sox,,OF,2026,29.0,23.0,4.0,2.0,0.0,1.0,4.0,0.0,6.0,2.0,0.0,0.0,9.0,5.0,0.0,.174,.345,.391,.736,.188,23.00,112.0,6.0,7.0,90.0,81.0,24.0,4.0,0.0,1.0,6.0,0.0,19.0,1.0,1.0,1.0,31.0,4.0,1.0,.296,.348,.383,.731,.371,81.00,338.0,17.0,23.0,2025
808963,Roki Sasaki,119,Los Angeles Dodgers,,P,2026,,,,,,,,,,,,,,,,,,,,,,,,,,,,,,,,,,,,,,,,,,,,,,,,,2025
663556,Shane McClanahan,139,Tampa Bay Rays,,P,2026,,,,,,,,,,,,,,,,,,,,,,,,,,,,,,,,,,,,,,,,,,,,,,,,,2025
702474,Mike Paredes,142,Minnesota Twins,,P,2026,,,,,,,,,,,,,,,,,,,,,,,,,,,,,,,,,,,,,,,,,,,,,,,,,2025
669707,Jared Triolo,134,Pittsburgh Pirates,,SS,2026,184.0,164.0,38.0,8.0,0.0,1.0,15.0,0.0,46.0,3.0,0.0,1.0,49.0,14.0,4.0,.232,.308,.299,.607,.316,164.00,726.0,49.0,32.0,376.0,331.0,75.0,18.0,2.0,7.0,39.0,1.0,76.0,2.0,1.0,3.0,118.0,24.0,4.0,.227,.311,.356,.667,.273,47.29,1454.0,81.0,103.0,2025
595978,Austin Hedges,114,Cleveland Guardians,,C,2026,131.0,115.0,31.0,7.0,0.0,2.0,10.0,0.0,21.0,1.0,1.0,4.0,44.0,12.0,3.0,.270,.331,.383,.714,.312,57.50,497.0,39.0,29.0,180.0,155.0,25.0,3.0,0.0,5.0,18.0,0.0,43.0,1.0,2.0,4.0,43.0,10.0,2.0,.161,.250,.277,.527,.183,31.00,696.0,35.0,58.0,2025
808967,Yoshinobu Yamamoto,119,Los Angeles Dodgers,,P,2026,,,,,,,,,,,,,,,,,,,,,,,,,,,,,,,,,,,,,,,,,,,,,,,,,2025
694297,Brandon Pfaadt,109,Arizona Diamondbacks,,P,2026,,,,,,,,,,,,,,,,,,,,,,,,,,,,,,,,,,,,,,,,,,,,,,,,,2025
663567,Peter Lambert,117,Houston Astros,,P,2026,,,,,,,,,,,,,,,,,,,,,,,,,,,,,,,,,,,,,,,,,,,,,,,,,2025
665622,Luis Medina,133,Athletics,,P,2026,,,,,,,,,,,,,,,,,,,,,,,,,,,,,,,,,,,,,,,,,,,,,,,,,2025
669711,Greg Weissert,111,Boston Red Sox,,P,2026,,,,,,,,,,,,,,,,,,,,,,,,,,,,,,,,,,,,,,,,,,,,,,,,,2025
593958,Eduardo Rodriguez,109,Arizona Diamondbacks,,P,2026,,,,,,,,,,,,,,,,,,,,,,,,,,,,,,,,,,,,,,,,,,,,,,,,,2025
669743,Alex Call,119,Los Angeles Dodgers,,LF,2026,126.0,105.0,28.0,5.0,0.0,1.0,16.0,0.0,18.0,3.0,2.0,0.0,36.0,16.0,2.0,.267,.373,.343,.716,.307,105.00,548.0,28.0,33.0,322.0,270.0,72.0,13.0,2.0,5.0,36.0,0.0,55.0,6.0,4.0,6.0,104.0,31.0,6.0,.267,.361,.385,.746,.313,54.00,1314.0,80.0,73.0,2025
596019,Francisco Lindor,121,New York Mets,,SS,2026,130.0,116.0,25.0,2.0,3.0,4.0,13.0,0.0,22.0,1.0,0.0,0.0,45.0,9.0,2.0,.216,.300,.388,.688,.233,29.00,563.0,30.0,39.0,732.0,644.0,172.0,35.0,0.0,31.0,65.0,2.0,131.0,16.0,7.0,0.0,300.0,86.0,9.0,.267,.346,.466,.812,.288,20.77,2940.0,149.0,199.0,2025
663586,Austin Riley,144,Atlanta Braves,,3B,2026,344.0,308.0,64.0,12.0,1.0,8.0,28.0,0.0,100.0,6.0,2.0,0.0,102.0,38.0,6.0,.208,.285,.331,.616,.277,38.50,1377.0,60.0,86.0,447.0,416.0,108.0,20.0,1.0,16.0,27.0,1.0,128.0,3.0,1.0,0.0,178.0,54.0,9.0,.260,.309,.428,.737,.337,26.00,1791.0,69.0,112.0,2025
593974,Wandy Peralta,135,San Diego Padres,,P,2026,,,,,,,,,,,,,,,,,,,,,,,,,,,,,,,,,,,,,,,,,,,,,,,,,2025
571448,Nolan Arenado,109,Arizona Diamondbacks,,3B,2026,310.0,276.0,67.0,15.0,0.0,9.0,25.0,1.0,64.0,6.0,3.0,0.0,109.0,34.0,6.0,.243,.316,.395,.711,.282,30.67,1241.0,63.0,85.0,436.0,401.0,95.0,18.0,1.0,12.0,28.0,4.0,49.0,3.0,4.0,0.0,151.0,52.0,10.0,.237,.289,.377,.666,.241,33.42,1586.0,101.0,160.0,2025
677942,Blaze Alexander,110,Baltimore Orioles,,3B,2026,215.0,193.0,59.0,12.0,2.0,3.0,14.0,1.0,49.0,3.0,1.0,2.0,84.0,26.0,5.0,.306,.360,.435,.795,.394,64.33,813.0,50.0,38.0,266.0,230.0,53.0,12.0,1.0,7.0,22.0,0.0,86.0,10.0,1.0,3.0,88.0,28.0,5.0,.230,.323,.383,.706,.333,32.86,1042.0,54.0,41.0,2025
677944,Slade Cecconi,114,Cleveland Guardians,,P,2026,,,,,,,,,,,,,,,,,,,,,,,,,,,,,,,,,,,,,,,,,,,,,,,,,2025
665660,Elvis Alvarado,133,Athletics,,P,2026,,,,,,,,,,,,,,,,,,,,,,,,,0.0,0.0,0.0,0.0,0.0,0.0,0.0,0.0,0.0,0.0,0.0,0.0,0.0,0.0,0.0,.000,.000,.000,.000,.---,-.--,0.0,0.0,0.0,2025
663616,Trevor Larnach,142,Minnesota Twins,,LF,2026,261.0,227.0,66.0,16.0,1.0,5.0,30.0,1.0,46.0,3.0,0.0,1.0,99.0,29.0,6.0,.291,.381,.436,.817,.347,45.40,1020.0,47.0,69.0,567.0,503.0,126.0,24.0,1.0,17.0,53.0,2.0,122.0,4.0,6.0,0.0,203.0,60.0,19.0,.250,.323,.404,.727,.295,29.59,2191.0,124.0,137.0,2025
677952,Braxton Ashcraft,134,Pittsburgh Pirates,,P,2026,,,,,,,,,,,,,,,,,,,,,,,,,,,,,,,,,,,,,,,,,,,,,,,,,2025
694335,Matt Svanson,138,St. Louis Cardinals,,P,2026,,,,,,,,,,,,,,,,,,,,,,,,,,,,,,,,,,,,,,,,,,,,,,,,,2025
677960,Ryan Weathers,147,New York Yankees,,P,2026,,,,,,,,,,,,,,,,,,,,,,,,,,,,,,,,,,,,,,,,,,,,,,,,,2025
677961,Cole Wilcox,136,Seattle Mariners,,P,2026,,,,,,,,,,,,,,,,,,,,,,,,,,,,,,,,,,,,,,,,,,,,,,,,,2025
608324,Alex Bregman,112,Chicago Cubs,,3B,2026,391.0,334.0,80.0,11.0,1.0,7.0,46.0,2.0,61.0,7.0,4.0,0.0,114.0,30.0,9.0,.240,.340,.341,.681,.270,47.71,1546.0,78.0,119.0,495.0,433.0,118.0,28.0,0.0,18.0,51.0,3.0,70.0,9.0,2.0,0.0,200.0,62.0,12.0,.273,.360,.462,.822,.288,24.06,1947.0,101.0,146.0,2025
675916,James Karinchak,144,Atlanta Braves,,P,2026,,,,,,,,,,,,,,,,,,,,,,,,,,,,,,,,,,,,,,,,,,,,,,,,,2025
694350,Zach Brzykcy,146,Miami Marlins,,P,2026,,,,,,,,,,,,,,,,,,,,,,,,,,,,,,,,,,,,,,,,,,,,,,,,,2025
694361,Will Klein,119,Los Angeles Dodgers,,P,2026,,,,,,,,,,,,,,,,,,,,,,,,,,,,,,,,,,,,,,,,,,,,,,,,,2025
608348,Carson Kelly,112,Chicago Cubs,,C,2026,223.0,196.0,55.0,10.0,0.0,4.0,24.0,0.0,35.0,3.0,0.0,0.0,77.0,30.0,4.0,.281,.368,.393,.761,.325,49.00,867.0,49.0,57.0,421.0,369.0,92.0,13.0,1.0,17.0,45.0,0.0,80.0,3.0,4.0,0.0,158.0,50.0,11.0,.249,.333,.428,.761,.272,21.71,1667.0,88.0,113.0,2025
694371,Tommy Troy,109,Arizona Diamondbacks,,LF,2026,108.0,98.0,23.0,3.0,1.0,3.0,10.0,0.0,24.0,0.0,0.0,0.0,37.0,7.0,0.0,.235,.306,.378,.684,.282,32.67,435.0,28.0,23.0,,,,,,,,,,,,,,,,,,,,,,,,,2025
694378,Jacob Gonzalez,145,Chicago White Sox,,1B,2026,89.0,79.0,20.0,4.0,0.0,2.0,8.0,0.0,20.0,2.0,0.0,0.0,30.0,17.0,0.0,.253,.337,.380,.717,.316,39.50,371.0,17.0,22.0,,,,,,,,,,,,,,,,,,,,,,,,,2025
663656,Kyle Tucker,119,Los Angeles Dodgers,,RF,2026,349.0,297.0,74.0,17.0,2.0,7.0,47.0,0.0,72.0,2.0,3.0,0.0,116.0,45.0,0.0,.249,.352,.391,.743,.303,42.43,1394.0,66.0,88.0,597.0,500.0,133.0,25.0,4.0,22.0,87.0,7.0,88.0,4.0,3.0,1.0,232.0,73.0,8.0,.266,.377,.464,.841,.282,22.73,2306.0,114.0,169.0,2025
594027,Tyron Guerrero,111,Boston Red Sox,,P,2026,,,,,,,,,,,,,,,,,,,,,,,,,,,,,,,,,,,,,,,,,,,,,,,,,2025
667755,José Soriano,108,Los Angeles Angels,,P,2026,,,,,,,,,,,,,,,,,,,,,,,,,,,,,,,,,,,,,,,,,,,,,,,,,2025
694384,Nolan Schanuel,108,Los Angeles Angels,,1B,2026,290.0,260.0,69.0,14.0,0.0,6.0,23.0,0.0,42.0,5.0,2.0,0.0,101.0,31.0,9.0,.265,.334,.388,.722,.294,43.33,1128.0,83.0,68.0,564.0,488.0,129.0,23.0,1.0,12.0,59.0,4.0,71.0,10.0,4.0,3.0,190.0,53.0,10.0,.264,.353,.389,.742,.286,40.67,2150.0,139.0,156.0,2025
571510,Matthew Boyd,112,Chicago Cubs,,P,2026,,,,,,,,,,,,,,,,,,,,,,,,,,,,,,,,,,,,,,,,,,,,,,,,,2025
694388,Joey Loperfido,117,Houston Astros,,LF,2026,120.0,102.0,22.0,7.0,1.0,1.0,14.0,1.0,31.0,1.0,1.0,1.0,34.0,12.0,2.0,.216,.314,.333,.647,.296,102.00,475.0,29.0,22.0,104.0,96.0,32.0,4.0,0.0,4.0,4.0,0.0,27.0,3.0,0.0,1.0,48.0,14.0,2.0,.333,.379,.500,.879,.431,24.00,376.0,20.0,18.0,2025
675961,Alika Williams,133,Athletics,,SS,2026,73.0,69.0,21.0,6.0,0.0,2.0,3.0,0.0,21.0,0.0,0.0,1.0,33.0,8.0,2.0,.304,.333,.478,.811,.413,34.50,285.0,15.0,13.0,,,,,,,,,,,,,,,,,,,,,,,,,2025
678022,Jack Perkins,133,Athletics,,P,2026,0.0,0.0,0.0,0.0,0.0,0.0,0.0,0.0,0.0,0.0,0.0,0.0,0.0,0.0,0.0,.000,.000,.000,.000,.---,-.--,0.0,0.0,0.0,,,,,,,,,,,,,,,,,,,,,,,,,2025
694397,Marco Raya,142,Minnesota Twins,,P,2026,,,,,,,,,,,,,,,,,,,,,,,,,,,,,,,,,,,,,,,,,,,,,,,,,2025
678011,Anthony Seigler,111,Boston Red Sox,,2B,2026,49.0,44.0,14.0,5.0,0.0,1.0,5.0,0.0,10.0,0.0,0.0,0.0,22.0,3.0,0.0,.318,.388,.500,.888,.394,44.00,182.0,12.0,8.0,73.0,62.0,12.0,1.0,0.0,0.0,8.0,0.0,16.0,1.0,1.0,1.0,13.0,5.0,2.0,.194,.292,.210,.502,.255,-.--,276.0,19.0,17.0,2025
663687,Hogan Harris,133,Athletics,,P,2026,,,,,,,,,,,,,,,,,,,,,,,,,,,,,,,,,,,,,,,,,,,,,,,,,2025
682120,Tim Herrin,114,Cleveland Guardians,,P,2026,,,,,,,,,,,,,,,,,,,,,,,,,0.0,0.0,0.0,0.0,0.0,0.0,0.0,0.0,0.0,0.0,0.0,0.0,0.0,0.0,0.0,.000,.000,.000,.000,.---,-.--,0.0,0.0,0.0,2025
694410,LuJames Groover,109,Arizona Diamondbacks,,1B,2026,52.0,46.0,8.0,2.0,0.0,1.0,5.0,0.0,10.0,1.0,0.0,0.0,13.0,4.0,3.0,.174,.269,.283,.552,.200,46.00,201.0,14.0,14.0,,,,,,,,,,,,,,,,,,,,,,,,,2025
686217,Sal Frelick,158,Milwaukee Brewers,,RF,2026,281.0,244.0,61.0,13.0,0.0,3.0,25.0,1.0,25.0,2.0,3.0,1.0,83.0,31.0,4.0,.250,.321,.340,.661,.265,81.33,1070.0,89.0,73.0,594.0,528.0,152.0,20.0,3.0,12.0,47.0,0.0,80.0,7.0,5.0,3.0,214.0,63.0,4.0,.288,.351,.405,.756,.317,44.00,2311.0,153.0,151.0,2025
686218,Emmet Sheehan,119,Los Angeles Dodgers,,P,2026,,,,,,,,,,,,,,,,,,,,,,,,,,,,,,,,,,,,,,,,,,,,,,,,,2025
645261,Sandy Alcantara,146,Miami Marlins,,P,2026,,,,,,,,,,,,,,,,,,,,,,,,,,,,,,,,,,,,,,,,,,,,,,,,,2025
647304,Josh Naylor,136,Seattle Mariners,,1B,2026,351.0,319.0,81.0,11.0,0.0,8.0,27.0,2.0,46.0,3.0,1.0,0.0,116.0,34.0,13.0,.254,.317,.364,.681,.274,39.88,1147.0,93.0,100.0,604.0,543.0,160.0,29.0,1.0,20.0,48.0,4.0,83.0,4.0,5.0,0.0,251.0,92.0,17.0,.295,.353,.462,.815,.315,27.15,2013.0,158.0,147.0,2025
665742,Juan Soto,121,New York Mets,,LF,2026,289.0,242.0,71.0,8.0,2.0,17.0,45.0,7.0,36.0,0.0,1.0,0.0,134.0,39.0,3.0,.293,.403,.554,.957,.284,14.24,1128.0,67.0,69.0,715.0,577.0,152.0,20.0,1.0,43.0,127.0,13.0,137.0,3.0,6.0,1.0,303.0,105.0,17.0,.263,.396,.525,.921,.270,13.42,2968.0,156.0,139.0,2025
643217,Andrew Benintendi,145,Chicago White Sox,,DH,2026,267.0,243.0,59.0,12.0,2.0,10.0,20.0,0.0,67.0,0.0,3.0,1.0,105.0,40.0,4.0,.243,.297,.432,.729,.290,24.30,1025.0,56.0,65.0,470.0,420.0,101.0,16.0,2.0,20.0,40.0,2.0,82.0,3.0,6.0,0.0,181.0,63.0,5.0,.240,.307,.431,.738,.250,21.00,1721.0,88.0,155.0,2025
663698,Joey Bart,144,Atlanta Braves,,C,2026,79.0,74.0,17.0,1.0,0.0,3.0,2.0,0.0,23.0,2.0,1.0,0.0,27.0,9.0,0.0,.230,.266,.365,.631,.286,24.67,303.0,14.0,21.0,332.0,285.0,71.0,12.0,1.0,4.0,40.0,0.0,93.0,7.0,0.0,0.0,97.0,30.0,14.0,.249,.355,.340,.695,.356,71.25,1345.0,72.0,49.0,2025
702616,Jackson Holliday,110,Baltimore Orioles,,2B,2026,118.0,102.0,20.0,2.0,1.0,5.0,14.0,0.0,34.0,0.0,2.0,0.0,39.0,14.0,1.0,.196,.288,.382,.670,.231,20.40,464.0,21.0,29.0,649.0,586.0,142.0,21.0,3.0,17.0,56.0,1.0,140.0,6.0,1.0,0.0,220.0,55.0,4.0,.242,.314,.375,.689,.291,34.47,2450.0,167.0,138.0,2025
665750,Leody Taveras,110,Baltimore Orioles,,CF,2026,269.0,234.0,58.0,10.0,5.0,3.0,26.0,0.0,65.0,1.0,1.0,7.0,87.0,31.0,5.0,.248,.324,.372,.696,.329,78.00,1073.0,50.0,69.0,180.0,171.0,35.0,6.0,1.0,3.0,5.0,0.0,50.0,0.0,1.0,3.0,52.0,17.0,0.0,.205,.226,.304,.530,.269,57.00,693.0,33.0,57.0,2025
645277,Ozzie Albies,144,Atlanta Braves,,2B,2026,365.0,326.0,89.0,15.0,0.0,13.0,25.0,1.0,42.0,4.0,10.0,0.0,143.0,48.0,3.0,.273,.323,.439,.762,.270,25.08,1276.0,82.0,123.0,667.0,603.0,145.0,23.0,2.0,16.0,55.0,2.0,94.0,4.0,5.0,0.0,220.0,74.0,9.0,.240,.306,.365,.671,.259,37.69,2402.0,146.0,223.0,2025
596133,Luke Weaver,121,New York Mets,,P,2026,0.0,0.0,0.0,0.0,0.0,0.0,0.0,0.0,0.0,0.0,0.0,0.0,0.0,0.0,0.0,.000,.000,.000,.000,.---,-.--,0.0,0.0,0.0,,,,,,,,,,,,,,,,,,,,,,,,,2025
657571,Caleb Ferguson,113,Cincinnati Reds,,P,2026,,,,,,,,,,,,,,,,,,,,,,,,,,,,,,,,,,,,,,,,,,,,,,,,,2025
542888,Shawn Armstrong,114,Cleveland Guardians,,P,2026,,,,,,,,,,,,,,,,,,,,,,,,,0.0,0.0,0.0,0.0,0.0,0.0,0.0,0.0,0.0,0.0,0.0,0.0,0.0,0.0,0.0,.000,.000,.000,.000,.---,-.--,0.0,0.0,0.0,2025
622761,Jorge Mateo,144,Atlanta Braves,,SS,2026,119.0,112.0,29.0,5.0,0.0,4.0,7.0,0.0,34.0,0.0,0.0,0.0,46.0,11.0,2.0,.259,.303,.411,.714,.338,28.00,466.0,20.0,29.0,83.0,79.0,14.0,4.0,0.0,1.0,4.0,0.0,30.0,0.0,0.0,0.0,21.0,3.0,1.0,.177,.217,.266,.483,.271,79.00,336.0,17.0,18.0,2025
596142,Gary Sánchez,158,Milwaukee Brewers,,C,2026,162.0,130.0,28.0,4.0,1.0,8.0,29.0,0.0,30.0,2.0,1.0,0.0,58.0,22.0,6.0,.215,.364,.446,.810,.215,16.25,681.0,32.0,41.0,101.0,91.0,21.0,2.0,0.0,5.0,4.0,0.0,27.0,5.0,1.0,0.0,38.0,24.0,2.0,.231,.297,.418,.715,.267,18.20,415.0,21.0,23.0,2025
671922,Cade Smith,114,Cleveland Guardians,,P,2026,0.0,0.0,0.0,0.0,0.0,0.0,0.0,0.0,0.0,0.0,0.0,0.0,0.0,0.0,0.0,.000,.000,.000,.000,.---,-.--,0.0,0.0,0.0,,,,,,,,,,,,,,,,,,,,,,,,,2025
663728,Cal Raleigh,136,Seattle Mariners,,C,2026,242.0,209.0,34.0,5.0,0.0,8.0,31.0,0.0,77.0,0.0,2.0,0.0,63.0,24.0,4.0,.163,.269,.301,.570,.206,26.12,1061.0,30.0,70.0,705.0,596.0,147.0,24.0,0.0,60.0,97.0,17.0,188.0,9.0,3.0,0.0,351.0,125.0,6.0,.247,.359,.589,.948,.248,9.93,2833.0,79.0,185.0,2025
596146,Max Kepler,109,Arizona Diamondbacks,,LF,2026,13.0,13.0,2.0,1.0,0.0,0.0,0.0,0.0,2.0,0.0,0.0,0.0,3.0,0.0,0.0,.154,.154,.231,.385,.182,-.--,48.0,2.0,7.0,474.0,417.0,90.0,19.0,0.0,18.0,48.0,3.0,93.0,4.0,4.0,1.0,163.0,52.0,10.0,.216,.300,.391,.691,.232,23.17,1826.0,95.0,144.0,2025
571578,Patrick Corbin,141,Toronto Blue Jays,,P,2026,,,,,,,,,,,,,,,,,,,,,,,,,,,,,,,,,,,,,,,,,,,,,,,,,2025
645302,Victor Robles,136,Seattle Mariners,,RF,2026,77.0,73.0,17.0,2.0,0.0,0.0,3.0,0.0,13.0,1.0,0.0,0.0,19.0,3.0,4.0,.233,.273,.260,.533,.283,-.--,275.0,19.0,24.0,114.0,106.0,26.0,4.0,1.0,1.0,3.0,0.0,26.0,3.0,2.0,0.0,35.0,9.0,3.0,.245,.281,.330,.611,.309,106.00,375.0,29.0,27.0,2025
645305,Ali Sánchez,147,New York Yankees,,C,2026,27.0,25.0,6.0,2.0,0.0,0.0,1.0,0.0,9.0,1.0,0.0,0.0,8.0,3.0,0.0,.240,.296,.320,.616,.375,-.--,102.0,4.0,6.0,23.0,23.0,5.0,2.0,0.0,0.0,0.0,0.0,6.0,0.0,0.0,0.0,7.0,0.0,1.0,.217,.217,.304,.521,.294,-.--,80.0,6.0,6.0,2025
694462,Hurston Waldrep,144,Atlanta Braves,,P,2026,,,,,,,,,,,,,,,,,,,,,,,,,,,,,,,,,,,,,,,,,,,,,,,,,2025
671936,Adam Macko,141,Toronto Blue Jays,,P,2026,,,,,,,,,,,,,,,,,,,,,,,,,,,,,,,,,,,,,,,,,,,,,,,,,2025
663743,Nick Fortes,139,Tampa Bay Rays,,C,2026,204.0,189.0,48.0,10.0,0.0,1.0,5.0,0.0,25.0,7.0,1.0,2.0,61.0,17.0,6.0,.254,.297,.323,.620,.287,189.00,696.0,65.0,54.0,242.0,218.0,50.0,9.0,1.0,5.0,14.0,0.0,47.0,7.0,1.0,2.0,76.0,21.0,7.0,.229,.296,.349,.645,.269,43.60,915.0,59.0,65.0,2025
682177,Daniel Schneemann,114,Cleveland Guardians,,CF,2026,240.0,218.0,47.0,10.0,0.0,6.0,22.0,0.0,70.0,0.0,0.0,0.0,75.0,27.0,5.0,.216,.288,.344,.632,.289,36.33,951.0,51.0,50.0,422.0,379.0,78.0,18.0,1.0,12.0,38.0,1.0,117.0,3.0,1.0,1.0,134.0,41.0,4.0,.206,.283,.354,.637,.263,31.58,1668.0,96.0,90.0,2025
803011,Sam Antonacci,145,Chicago White Sox,,LF,2026,271.0,231.0,69.0,12.0,2.0,5.0,20.0,0.0,40.0,17.0,1.0,2.0,100.0,24.0,1.0,.299,.394,.433,.827,.342,46.20,1066.0,75.0,50.0,,,,,,,,,,,,,,,,,,,,,,,,,2025
696519,Samy Natera Jr.,108,Los Angeles Angels,,P,2026,,,,,,,,,,,,,,,,,,,,,,,,,,,,,,,,,,,,,,,,,,,,,,,,,2025
665804,Miguel Amaya,112,Chicago Cubs,,C,2026,144.0,118.0,27.0,6.0,0.0,3.0,17.0,0.0,33.0,7.0,0.0,1.0,42.0,13.0,5.0,.229,.359,.356,.715,.293,39.33,627.0,26.0,33.0,103.0,96.0,27.0,9.0,0.0,4.0,4.0,0.0,22.0,1.0,1.0,1.0,48.0,25.0,0.0,.281,.314,.500,.814,.324,24.00,385.0,22.0,27.0,2025
657612,Tim Hill,147,New York Yankees,,P,2026,,,,,,,,,,,,,,,,,,,,,,,,,,,,,,,,,,,,,,,,,,,,,,,,,2025
694477,Chad Patrick,158,Milwaukee Brewers,,P,2026,0.0,0.0,0.0,0.0,0.0,0.0,0.0,0.0,0.0,0.0,0.0,0.0,0.0,0.0,0.0,.000,.000,.000,.000,.---,-.--,0.0,0.0,0.0,,,,,,,,,,,,,,,,,,,,,,,,,2025
669923,George Kirby,136,Seattle Mariners,,P,2026,,,,,,,,,,,,,,,,,,,,,,,,,,,,,,,,,,,,,,,,,,,,,,,,,2025
643289,Mauricio Dubón,144,Atlanta Braves,,SS,2026,327.0,301.0,81.0,17.0,2.0,8.0,22.0,0.0,46.0,2.0,0.0,1.0,126.0,45.0,4.0,.269,.323,.419,.742,.296,37.62,1207.0,83.0,92.0,398.0,369.0,89.0,21.0,0.0,7.0,24.0,0.0,42.0,1.0,1.0,3.0,131.0,33.0,12.0,.241,.289,.355,.644,.255,52.71,1346.0,110.0,132.0,2025
665828,Oswaldo Cabrera,147,New York Yankees,,3B,2026,11.0,9.0,0.0,0.0,0.0,0.0,0.0,0.0,4.0,0.0,0.0,2.0,0.0,0.0,0.0,.000,.000,.000,.000,.000,-.--,36.0,6.0,1.0,122.0,107.0,26.0,4.0,0.0,1.0,11.0,0.0,25.0,2.0,1.0,1.0,33.0,11.0,1.0,.243,.322,.308,.630,.305,107.00,441.0,32.0,26.0,2025
671976,Tristan Peters,145,Chicago White Sox,,CF,2026,249.0,224.0,64.0,18.0,2.0,4.0,17.0,0.0,44.0,3.0,1.0,4.0,98.0,30.0,0.0,.286,.343,.438,.781,.339,56.00,900.0,57.0,64.0,12.0,12.0,0.0,0.0,0.0,0.0,0.0,0.0,7.0,0.0,0.0,0.0,0.0,0.0,0.0,.000,.000,.000,.000,.000,-.--,46.0,1.0,4.0,2025
657649,Jared Koenig,158,Milwaukee Brewers,,P,2026,,,,,,,,,,,,,,,,,,,,,,,,,,,,,,,,,,,,,,,,,,,,,,,,,2025
700669,Gordon Graceffo,138,St. Louis Cardinals,,P,2026,,,,,,,,,,,,,,,,,,,,,,,,,,,,,,,,,,,,,,,,,,,,,,,,,2025
823550,Sung-Mun Song,135,San Diego Padres,,2B,2026,69.0,60.0,14.0,3.0,0.0,1.0,9.0,0.0,13.0,0.0,0.0,0.0,20.0,9.0,1.0,.233,.333,.333,.666,.283,60.00,292.0,12.0,21.0,,,,,,,,,,,,,,,,,,,,,,,,,2025
606466,Ketel Marte,109,Arizona Diamondbacks,,2B,2026,360.0,329.0,88.0,18.0,2.0,17.0,26.0,0.0,49.0,2.0,3.0,0.0,161.0,54.0,4.0,.267,.322,.489,.811,.267,19.35,1303.0,97.0,98.0,556.0,480.0,136.0,28.0,0.0,28.0,64.0,6.0,83.0,9.0,3.0,0.0,248.0,72.0,12.0,.283,.376,.517,.893,.290,17.14,2095.0,129.0,135.0,2025
805123,AJ Blubaugh,117,Houston Astros,,P,2026,,,,,,,,,,,,,,,,,,,,,,,,,,,,,,,,,,,,,,,,,,,,,,,,,2025
665862,Jazz Chisholm Jr.,147,New York Yankees,,2B,2026,326.0,289.0,65.0,11.0,2.0,12.0,34.0,0.0,94.0,1.0,2.0,0.0,116.0,33.0,2.0,.225,.307,.401,.708,.286,24.08,1341.0,61.0,71.0,531.0,462.0,112.0,15.0,1.0,31.0,58.0,1.0,148.0,6.0,4.0,1.0,222.0,80.0,3.0,.242,.332,.481,.813,.282,14.90,2138.0,90.0,117.0,2025
682243,Bryce Miller,136,Seattle Mariners,,P,2026,,,,,,,,,,,,,,,,,,,,,,,,,,,,,,,,,,,,,,,,,,,,,,,,,2025
676106,Emerson Hancock,136,Seattle Mariners,,P,2026,,,,,,,,,,,,,,,,,,,,,,,,,0.0,0.0,0.0,0.0,0.0,0.0,0.0,0.0,0.0,0.0,0.0,0.0,0.0,0.0,0.0,.000,.000,.000,.000,.---,-.--,0.0,0.0,0.0,2025
665871,Javier Assad,112,Chicago Cubs,,P,2026,,,,,,,,,,,,,,,,,,,,,,,,,,,,,,,,,,,,,,,,,,,,,,,,,2025
682254,Mason Montgomery,134,Pittsburgh Pirates,,P,2026,,,,,,,,,,,,,,,,,,,,,,,,,,,,,,,,,,,,,,,,,,,,,,,,,2025
665877,José Fermín,138,St. Louis Cardinals,,LF,2026,136.0,124.0,33.0,6.0,0.0,3.0,10.0,0.0,18.0,0.0,1.0,0.0,48.0,15.0,5.0,.266,.319,.387,.706,.288,41.33,556.0,32.0,42.0,70.0,60.0,17.0,5.0,0.0,1.0,8.0,0.0,10.0,1.0,0.0,1.0,25.0,9.0,0.0,.283,.377,.417,.794,.327,60.00,271.0,16.0,18.0,2025
592155,Cam Booser,139,Tampa Bay Rays,,P,2026,,,,,,,,,,,,,,,,,,,,,,,,,,,,,,,,,,,,,,,,,,,,,,,,,2025
663853,Romy Gonzalez,111,Boston Red Sox,,1B,2026,11.0,11.0,2.0,0.0,0.0,0.0,0.0,0.0,3.0,0.0,0.0,0.0,2.0,0.0,1.0,.182,.182,.182,.364,.250,-.--,43.0,6.0,0.0,341.0,315.0,96.0,23.0,3.0,9.0,18.0,1.0,81.0,3.0,5.0,0.0,152.0,53.0,8.0,.305,.343,.483,.826,.378,35.00,1238.0,84.0,59.0,2025
663855,Jordan Hicks,145,Chicago White Sox,,P,2026,,,,,,,,,,,,,,,,,,,,,,,,,,,,,,,,,,,,,,,,,,,,,,,,,2025
700712,Walbert Ureña,108,Los Angeles Angels,,P,2026,,,,,,,,,,,,,,,,,,,,,,,,,,,,,,,,,,,,,,,,,,,,,,,,,2025
643377,Griffin Jax,139,Tampa Bay Rays,,P,2026,,,,,,,,,,,,,,,,,,,,,,,,,0.0,0.0,0.0,0.0,0.0,0.0,0.0,0.0,0.0,0.0,0.0,0.0,0.0,0.0,0.0,.000,.000,.000,.000,.---,-.--,0.0,0.0,0.0,2025
608566,Germán Márquez,135,San Diego Padres,,P,2026,,,,,,,,,,,,,,,,,,,,,,,,,,,,,,,,,,,,,,,,,,,,,,,,,2025
641329,Bryan Baker,139,Tampa Bay Rays,,P,2026,,,,,,,,,,,,,,,,,,,,,,,,,0.0,0.0,0.0,0.0,0.0,0.0,0.0,0.0,0.0,0.0,0.0,0.0,0.0,0.0,0.0,.000,.000,.000,.000,.---,-.--,0.0,0.0,0.0,2025
543037,Gerrit Cole,147,New York Yankees,,P,2026,,,,,,,,,,,,,,,,,,,,,,,,,,,,,,,,,,,,,,,,,,,,,,,,,2025
663878,Nate Pearson,117,Houston Astros,,P,2026,,,,,,,,,,,,,,,,,,,,,,,,,,,,,,,,,,,,,,,,,,,,,,,,,2025
665923,Esteury Ruiz,146,Miami Marlins,,RF,2026,101.0,86.0,21.0,7.0,1.0,4.0,9.0,0.0,30.0,4.0,1.0,0.0,42.0,9.0,0.0,.244,.340,.488,.828,.321,21.50,406.0,9.0,27.0,23.0,21.0,4.0,0.0,0.0,1.0,2.0,0.0,8.0,0.0,0.0,0.0,7.0,2.0,0.0,.190,.261,.333,.594,.250,21.00,88.0,5.0,4.0,2025
641343,Jake Bauers,158,Milwaukee Brewers,,1B,2026,301.0,258.0,68.0,12.0,1.0,15.0,39.0,3.0,77.0,3.0,1.0,0.0,127.0,51.0,3.0,.264,.365,.492,.857,.317,17.20,1239.0,61.0,53.0,218.0,183.0,43.0,9.0,0.0,7.0,32.0,1.0,59.0,2.0,1.0,0.0,73.0,28.0,1.0,.235,.353,.399,.752,.305,26.14,895.0,35.0,47.0,2025
665926,Andrés Giménez,141,Toronto Blue Jays,,SS,2026,289.0,266.0,63.0,13.0,1.0,7.0,10.0,0.0,57.0,8.0,3.0,2.0,99.0,34.0,6.0,.237,.282,.372,.654,.273,38.00,1058.0,82.0,69.0,369.0,329.0,69.0,11.0,1.0,7.0,25.0,0.0,66.0,11.0,3.0,1.0,103.0,35.0,8.0,.210,.285,.313,.598,.239,47.00,1452.0,97.0,101.0,2025
663886,Tyler Stephenson,113,Cincinnati Reds,,C,2026,233.0,204.0,47.0,10.0,0.0,6.0,27.0,0.0,59.0,0.0,2.0,0.0,75.0,24.0,4.0,.230,.318,.368,.686,.291,34.00,925.0,37.0,63.0,342.0,299.0,69.0,18.0,0.0,13.0,37.0,1.0,116.0,2.0,4.0,0.0,126.0,50.0,4.0,.231,.316,.421,.737,.322,23.00,1389.0,57.0,61.0,2025
543056,Danny Coulombe,111,Boston Red Sox,,P,2026,,,,,,,,,,,,,,,,,,,,,,,,,,,,,,,,,,,,,,,,,,,,,,,,,2025
641355,Cody Bellinger,147,New York Yankees,,LF,2026,361.0,307.0,78.0,16.0,3.0,11.0,49.0,0.0,51.0,0.0,5.0,0.0,133.0,49.0,2.0,.254,.352,.433,.785,.268,27.91,1358.0,73.0,110.0,656.0,588.0,160.0,25.0,5.0,29.0,57.0,1.0,90.0,2.0,9.0,0.0,282.0,98.0,8.0,.272,.334,.480,.814,.274,20.28,2594.0,122.0,225.0,2025
678218,Brandon Valenzuela,141,Toronto Blue Jays,,C,2026,172.0,150.0,36.0,6.0,0.0,7.0,20.0,0.0,43.0,0.0,1.0,1.0,63.0,19.0,1.0,.240,.327,.420,.747,.287,21.43,708.0,33.0,40.0,,,,,,,,,,,,,,,,,,,,,,,,,2025
657746,Joe Ryan,142,Minnesota Twins,,P,2026,,,,,,,,,,,,,,,,,,,,,,,,,,,,,,,,,,,,,,,,,,,,,,,,,2025
670036,Matt Festa,114,Cleveland Guardians,,P,2026,,,,,,,,,,,,,,,,,,,,,,,,,0.0,0.0,0.0,0.0,0.0,0.0,0.0,0.0,0.0,0.0,0.0,0.0,0.0,0.0,0.0,.000,.000,.000,.000,.---,-.--,0.0,0.0,0.0,2025
657757,Gavin Sheets,135,San Diego Padres,,1B,2026,280.0,247.0,58.0,15.0,0.0,14.0,30.0,0.0,64.0,3.0,0.0,0.0,115.0,38.0,7.0,.235,.325,.466,.791,.260,17.64,1182.0,60.0,65.0,545.0,492.0,124.0,28.0,1.0,19.0,44.0,1.0,107.0,5.0,4.0,0.0,211.0,71.0,9.0,.252,.317,.429,.746,.284,25.90,2279.0,111.0,154.0,2025
670042,Luke Raley,136,Seattle Mariners,,RF,2026,230.0,209.0,49.0,7.0,1.0,14.0,13.0,1.0,75.0,6.0,0.0,2.0,100.0,35.0,0.0,.234,.298,.478,.776,.292,14.93,897.0,39.0,48.0,219.0,183.0,37.0,8.0,0.0,4.0,19.0,0.0,64.0,13.0,1.0,3.0,57.0,19.0,2.0,.202,.319,.311,.630,.284,45.75,831.0,53.0,33.0,2025
663903,Brady Singer,113,Cincinnati Reds,,P,2026,,,,,,,,,,,,,,,,,,,,,,,,,,,,,,,,,,,,,,,,,,,,,,,,,2025
665953,Andrés Chaparro,120,Washington Nationals,,1B,2026,58.0,47.0,8.0,3.0,0.0,1.0,10.0,0.0,14.0,1.0,0.0,0.0,14.0,7.0,2.0,.170,.328,.298,.626,.219,47.00,235.0,13.0,12.0,73.0,66.0,12.0,2.0,0.0,1.0,5.0,0.0,22.0,1.0,1.0,0.0,17.0,5.0,0.0,.182,.247,.258,.505,.250,66.00,282.0,15.0,18.0,2025
545121,Ildemaro Vargas,109,Arizona Diamondbacks,,1B,2026,269.0,250.0,64.0,11.0,2.0,7.0,14.0,2.0,25.0,2.0,1.0,1.0,100.0,44.0,3.0,.256,.300,.400,.700,.260,35.71,934.0,81.0,82.0,121.0,115.0,31.0,2.0,1.0,3.0,2.0,0.0,15.0,2.0,1.0,1.0,44.0,19.0,3.0,.270,.292,.383,.675,.286,38.33,429.0,46.0,25.0,2025
678246,Miguel Vargas,145,Chicago White Sox,,3B,2026,370.0,312.0,76.0,16.0,1.0,19.0,50.0,1.0,62.0,5.0,2.0,0.0,151.0,52.0,4.0,.244,.355,.484,.839,.245,16.42,1472.0,64.0,112.0,569.0,504.0,118.0,32.0,2.0,16.0,56.0,0.0,100.0,6.0,3.0,0.0,202.0,60.0,9.0,.234,.316,.401,.717,.261,31.50,2323.0,91.0,198.0,2025
670059,Colin Holderman,114,Cleveland Guardians,,P,2026,,,,,,,,,,,,,,,,,,,,,,,,,,,,,,,,,,,,,,,,,,,,,,,,,2025
801139,Payton Tolle,111,Boston Red Sox,,P,2026,,,,,,,,,,,,,,,,,,,,,,,,,,,,,,,,,,,,,,,,,,,,,,,,,2025
665966,Carlos Narváez,111,Boston Red Sox,,C,2026,158.0,140.0,27.0,6.0,0.0,2.0,11.0,0.0,51.0,3.0,2.0,2.0,39.0,5.0,6.0,.193,.263,.279,.542,.281,70.00,646.0,30.0,36.0,446.0,403.0,97.0,27.0,0.0,15.0,38.0,0.0,111.0,1.0,2.0,2.0,169.0,50.0,12.0,.241,.306,.419,.725,.294,26.87,1829.0,98.0,101.0,2025
670062,Julian Garcia,113,Cincinnati Reds,,P,2026,,,,,,,,,,,,,,,,,,,,,,,,,,,,,,,,,,,,,,,,,,,,,,,,,2025
686452,Drew Millas,120,Washington Nationals,,C,2026,140.0,121.0,23.0,4.0,0.0,2.0,12.0,0.0,32.0,3.0,0.0,2.0,33.0,10.0,0.0,.190,.279,.273,.552,.241,60.50,526.0,36.0,32.0,55.0,49.0,15.0,5.0,1.0,0.0,4.0,0.0,7.0,0.0,0.0,1.0,22.0,7.0,0.0,.306,.358,.449,.807,.357,-.--,209.0,16.0,12.0,2025
643446,Jeff McNeil,133,Athletics,,2B,2026,277.0,249.0,57.0,10.0,0.0,3.0,21.0,1.0,35.0,4.0,2.0,1.0,76.0,22.0,7.0,.229,.297,.305,.602,.254,83.00,1020.0,73.0,87.0,462.0,399.0,97.0,21.0,5.0,12.0,49.0,4.0,55.0,8.0,4.0,2.0,164.0,54.0,5.0,.243,.335,.411,.746,.253,33.25,1718.0,109.0,144.0,2025
694680,Trevor Martin,139,Tampa Bay Rays,,P,2026,,,,,,,,,,,,,,,,,,,,,,,,,,,,,,,,,,,,,,,,,,,,,,,,,2025
663968,Jake Mangum,134,Pittsburgh Pirates,,LF,2026,216.0,197.0,61.0,9.0,0.0,1.0,12.0,1.0,39.0,3.0,1.0,3.0,73.0,14.0,4.0,.310,.357,.371,.728,.380,197.00,787.0,67.0,34.0,428.0,405.0,120.0,18.0,1.0,3.0,19.0,0.0,64.0,2.0,1.0,1.0,149.0,40.0,4.0,.296,.330,.368,.698,.345,135.00,1442.0,138.0,85.0,2025
663969,Tyler Phillips,146,Miami Marlins,,P,2026,,,,,,,,,,,,,,,,,,,,,,,,,,,,,,,,,,,,,,,,,,,,,,,,,2025
676263,Jack Dreyer,119,Los Angeles Dodgers,,P,2026,0.0,0.0,0.0,0.0,0.0,0.0,0.0,0.0,0.0,0.0,0.0,0.0,0.0,0.0,0.0,.000,.000,.000,.000,.---,-.--,0.0,0.0,0.0,,,,,,,,,,,,,,,,,,,,,,,,,2025
666018,Jonathan Aranda,139,Tampa Bay Rays,,1B,2026,363.0,301.0,88.0,13.0,0.0,13.0,49.0,3.0,78.0,7.0,6.0,0.0,140.0,58.0,8.0,.292,.397,.465,.862,.347,23.15,1436.0,65.0,76.0,422.0,370.0,117.0,22.0,0.0,14.0,41.0,3.0,107.0,8.0,3.0,0.0,181.0,59.0,9.0,.316,.393,.489,.882,.409,26.43,1717.0,64.0,85.0,2025
666023,Freddy Fermin,135,San Diego Padres,,C,2026,162.0,138.0,21.0,7.0,0.0,3.0,17.0,0.0,32.0,2.0,2.0,3.0,37.0,11.0,2.0,.152,.252,.268,.520,.171,46.00,652.0,43.0,47.0,347.0,319.0,80.0,13.0,0.0,5.0,19.0,1.0,65.0,2.0,0.0,7.0,108.0,26.0,5.0,.251,.297,.339,.636,.301,63.80,1372.0,88.0,93.0,2025
805299,Brandyn Garcia,109,Arizona Diamondbacks,,P,2026,,,,,,,,,,,,,,,,,,,,,,,,,0.0,0.0,0.0,0.0,0.0,0.0,0.0,0.0,0.0,0.0,0.0,0.0,0.0,0.0,0.0,.000,.000,.000,.000,.---,-.--,0.0,0.0,0.0,2025
518585,Fernando Cruz,147,New York Yankees,,P,2026,0.0,0.0,0.0,0.0,0.0,0.0,0.0,0.0,0.0,0.0,0.0,0.0,0.0,0.0,0.0,.000,.000,.000,.000,.---,-.--,0.0,0.0,0.0,,,,,,,,,,,,,,,,,,,,,,,,,2025
643511,Tyler Rogers,141,Toronto Blue Jays,,P,2026,,,,,,,,,,,,,,,,,,,,,,,,,0.0,0.0,0.0,0.0,0.0,0.0,0.0,0.0,0.0,0.0,0.0,0.0,0.0,0.0,0.0,.000,.000,.000,.000,.---,-.--,0.0,0.0,0.0,2025
805300,Jakob Marsee,146,Miami Marlins,,CF,2026,355.0,299.0,56.0,11.0,3.0,4.0,45.0,0.0,82.0,7.0,1.0,3.0,85.0,21.0,2.0,.187,.307,.284,.591,.243,74.75,1408.0,68.0,97.0,234.0,209.0,61.0,18.0,3.0,5.0,22.0,0.0,48.0,2.0,1.0,0.0,100.0,33.0,2.0,.292,.363,.478,.841,.357,41.80,881.0,52.0,49.0,2025
663993,Nathaniel Lowe,113,Cincinnati Reds,,DH,2026,211.0,186.0,47.0,13.0,0.0,9.0,25.0,1.0,55.0,0.0,0.0,0.0,87.0,25.0,1.0,.253,.341,.468,.809,.311,20.67,914.0,43.0,41.0,609.0,540.0,123.0,23.0,3.0,18.0,62.0,2.0,159.0,2.0,5.0,0.0,206.0,84.0,6.0,.228,.307,.381,.688,.285,30.00,2607.0,130.0,133.0,2025
676282,Joey Cantillo,114,Cleveland Guardians,,P,2026,,,,,,,,,,,,,,,,,,,,,,,,,,,,,,,,,,,,,,,,,,,,,,,,,2025
686527,Dominic Canzone,136,Seattle Mariners,,DH,2026,223.0,197.0,53.0,13.0,1.0,13.0,21.0,0.0,46.0,3.0,2.0,0.0,107.0,34.0,2.0,.269,.345,.543,.888,.286,15.15,838.0,50.0,50.0,269.0,243.0,73.0,11.0,0.0,11.0,20.0,0.0,59.0,3.0,2.0,0.0,117.0,32.0,6.0,.300,.358,.481,.839,.354,22.09,1028.0,55.0,59.0,2025
575929,Willson Contreras,111,Boston Red Sox,,1B,2026,342.0,293.0,83.0,14.0,2.0,18.0,32.0,1.0,88.0,14.0,3.0,0.0,155.0,53.0,7.0,.283,.377,.529,.906,.342,16.28,1328.0,59.0,66.0,563.0,490.0,126.0,31.0,1.0,20.0,44.0,1.0,142.0,23.0,4.0,1.0,219.0,80.0,15.0,.257,.344,.447,.791,.319,24.50,2160.0,112.0,115.0,2025
592332,Kevin Gausman,141,Toronto Blue Jays,,P,2026,,,,,,,,,,,,,,,,,,,,,,,,,,,,,,,,,,,,,,,,,,,,,,,,,2025
608718,Brent Suter,108,Los Angeles Angels,,P,2026,,,,,,,,,,,,,,,,,,,,,,,,,,,,,,,,,,,,,,,,,,,,,,,,,2025
694728,Brice Matthews,117,Houston Astros,,CF,2026,211.0,194.0,37.0,5.0,1.0,6.0,14.0,0.0,68.0,0.0,1.0,2.0,62.0,18.0,3.0,.191,.244,.320,.564,.256,32.33,871.0,47.0,45.0,47.0,42.0,7.0,0.0,0.0,4.0,2.0,0.0,20.0,1.0,0.0,2.0,19.0,9.0,0.0,.167,.222,.452,.674,.167,10.50,179.0,7.0,10.0,2025
641487,J.P. Crawford,136,Seattle Mariners,,SS,2026,296.0,252.0,54.0,6.0,0.0,10.0,38.0,0.0,59.0,5.0,1.0,0.0,90.0,25.0,4.0,.214,.328,.357,.685,.239,25.20,1230.0,72.0,68.0,654.0,570.0,151.0,24.0,0.0,12.0,74.0,1.0,122.0,3.0,1.0,6.0,211.0,58.0,11.0,.265,.352,.370,.722,.318,47.50,2731.0,155.0,149.0,2025
805347,Jim Jarvis,144,Atlanta Braves,,SS,2026,9.0,9.0,2.0,0.0,0.0,0.0,0.0,0.0,3.0,0.0,0.0,0.0,2.0,0.0,0.0,.222,.222,.222,.444,.333,-.--,47.0,3.0,1.0,,,,,,,,,,,,,,,,,,,,,,,,,2025
664023,Ian Happ,112,Chicago Cubs,,LF,2026,362.0,310.0,69.0,16.0,2.0,17.0,47.0,3.0,116.0,4.0,1.0,0.0,140.0,41.0,7.0,.223,.331,.452,.783,.292,18.24,1502.0,55.0,71.0,663.0,569.0,138.0,32.0,0.0,23.0,87.0,2.0,151.0,2.0,5.0,0.0,239.0,79.0,8.0,.243,.342,.420,.762,.288,24.74,2717.0,120.0,165.0,2025
664034,Ty France,135,San Diego Padres,,1B,2026,200.0,181.0,49.0,8.0,2.0,10.0,11.0,1.0,49.0,6.0,1.0,0.0,91.0,30.0,5.0,.271,.332,.503,.835,.317,18.10,797.0,47.0,37.0,490.0,444.0,114.0,25.0,0.0,7.0,22.0,1.0,83.0,21.0,3.0,0.0,160.0,52.0,11.0,.257,.320,.360,.680,.300,63.43,1873.0,137.0,113.0,2025
621020,Dansby Swanson,112,Chicago Cubs,,SS,2026,324.0,281.0,59.0,10.0,2.0,16.0,37.0,0.0,76.0,1.0,4.0,1.0,121.0,57.0,3.0,.210,.300,.431,.731,.223,17.56,1284.0,69.0,82.0,645.0,590.0,144.0,24.0,3.0,24.0,47.0,1.0,168.0,2.0,5.0,1.0,246.0,77.0,9.0,.244,.300,.417,.717,.298,24.58,2521.0,137.0,147.0,2025
686580,Justin Slaten,111,Boston Red Sox,,P,2026,,,,,,,,,,,,,,,,,,,,,,,,,,,,,,,,,,,,,,,,,,,,,,,,,2025
805367,Chase Meidroth,145,Chicago White Sox,,2B,2026,355.0,313.0,85.0,15.0,0.0,7.0,33.0,0.0,86.0,2.0,2.0,4.0,121.0,29.0,4.0,.272,.343,.387,.730,.351,44.71,1479.0,89.0,59.0,505.0,450.0,114.0,15.0,0.0,5.0,45.0,0.0,72.0,6.0,1.0,3.0,144.0,23.0,14.0,.253,.329,.320,.649,.291,90.00,2057.0,149.0,119.0,2025
664040,Brandon Lowe,134,Pittsburgh Pirates,,2B,2026,361.0,317.0,77.0,19.0,1.0,20.0,36.0,0.0,94.0,2.0,6.0,0.0,158.0,57.0,3.0,.243,.319,.498,.817,.273,15.85,1453.0,63.0,89.0,553.0,507.0,130.0,19.0,0.0,31.0,38.0,1.0,149.0,2.0,6.0,0.0,242.0,83.0,6.0,.256,.307,.477,.784,.297,16.36,2146.0,107.0,127.0,2025
678391,Jorbit Vivas,120,Washington Nationals,,3B,2026,184.0,160.0,40.0,7.0,0.0,3.0,15.0,0.0,24.0,4.0,2.0,2.0,56.0,15.0,3.0,.250,.326,.350,.676,.274,53.33,630.0,54.0,46.0,66.0,56.0,9.0,2.0,0.0,1.0,5.0,0.0,13.0,3.0,0.0,0.0,14.0,5.0,0.0,.161,.266,.250,.516,.190,56.00,246.0,17.0,17.0,2025
621053,Tyler Ferguson,112,Chicago Cubs,,P,2026,,,,,,,,,,,,,,,,,,,,,,,,,0.0,0.0,0.0,0.0,0.0,0.0,0.0,0.0,0.0,0.0,0.0,0.0,0.0,0.0,0.0,.000,.000,.000,.000,.---,-.--,0.0,0.0,0.0,2025
700932,Kyle Manzardo,114,Cleveland Guardians,,1B,2026,275.0,239.0,55.0,7.0,1.0,10.0,30.0,0.0,86.0,4.0,2.0,0.0,94.0,29.0,4.0,.230,.324,.393,.717,.310,23.90,1135.0,40.0,60.0,531.0,470.0,110.0,19.0,2.0,27.0,48.0,2.0,135.0,8.0,5.0,0.0,214.0,70.0,7.0,.234,.313,.455,.768,.265,17.41,2018.0,82.0,148.0,2025
543243,Sonny Gray,111,Boston Red Sox,,P,2026,,,,,,,,,,,,,,,,,,,,,,,,,,,,,,,,,,,,,,,,,,,,,,,,,2025
676356,Jonny DeLuca,139,Tampa Bay Rays,,RF,2026,154.0,144.0,38.0,13.0,0.0,4.0,8.0,0.0,30.0,0.0,0.0,2.0,63.0,23.0,6.0,.264,.303,.438,.741,.309,36.00,568.0,35.0,43.0,59.0,57.0,19.0,1.0,3.0,0.0,2.0,0.0,13.0,0.0,0.0,0.0,26.0,4.0,0.0,.333,.356,.456,.812,.432,-.--,224.0,10.0,15.0,2025
664076,Garrett Cleavinger,139,Tampa Bay Rays,,P,2026,,,,,,,,,,,,,,,,,,,,,,,,,,,,,,,,,,,,,,,,,,,,,,,,,2025
666126,Carlos Cortes,133,Athletics,,RF,2026,209.0,184.0,50.0,9.0,1.0,6.0,21.0,0.0,25.0,3.0,1.0,0.0,79.0,22.0,8.0,.272,.354,.429,.783,.286,30.67,856.0,60.0,50.0,99.0,94.0,29.0,8.0,1.0,4.0,3.0,0.0,20.0,0.0,2.0,0.0,51.0,14.0,3.0,.309,.323,.543,.866,.347,23.50,375.0,24.0,23.0,2025
676369,Nelson Velázquez,138,St. Louis Cardinals,,LF,2026,44.0,39.0,12.0,2.0,0.0,3.0,4.0,0.0,11.0,1.0,0.0,0.0,23.0,7.0,0.0,.308,.386,.590,.976,.360,13.00,173.0,8.0,8.0,,,,,,,,,,,,,,,,,,,,,,,,,2025
621074,Michael Rucker,136,Seattle Mariners,,P,2026,,,,,,,,,,,,,,,,,,,,,,,,,,,,,,,,,,,,,,,,,,,,,,,,,2025
686613,Hunter Brown,117,Houston Astros,,P,2026,,,,,,,,,,,,,,,,,,,,,,,,,,,,,,,,,,,,,,,,,,,,,,,,,2025
672275,Patrick Bailey,114,Cleveland Guardians,,C,2026,176.0,162.0,29.0,4.0,1.0,2.0,12.0,0.0,45.0,0.0,1.0,1.0,41.0,12.0,5.0,.179,.234,.253,.487,.233,81.00,733.0,47.0,43.0,452.0,409.0,91.0,18.0,3.0,6.0,30.0,0.0,133.0,3.0,6.0,4.0,133.0,55.0,7.0,.222,.277,.325,.602,.308,68.17,1724.0,82.0,113.0,2025
686611,Dylan Crews,120,Washington Nationals,,RF,2026,155.0,145.0,34.0,5.0,0.0,5.0,6.0,0.0,32.0,4.0,0.0,0.0,54.0,17.0,2.0,.234,.284,.372,.656,.269,29.00,532.0,35.0,44.0,322.0,293.0,61.0,8.0,2.0,10.0,24.0,0.0,76.0,5.0,0.0,0.0,103.0,27.0,4.0,.208,.280,.352,.632,.246,29.30,1150.0,80.0,76.0,2025
680474,Max Schuemann,147,New York Yankees,,SS,2026,48.0,37.0,7.0,4.0,0.0,1.0,9.0,0.0,12.0,2.0,0.0,0.0,14.0,4.0,0.0,.189,.375,.378,.753,.250,37.00,210.0,6.0,12.0,213.0,183.0,36.0,4.0,2.0,2.0,22.0,0.0,35.0,4.0,1.0,3.0,50.0,13.0,6.0,.197,.295,.273,.568,.231,91.50,838.0,56.0,60.0,2025
672282,Reid Detmers,108,Los Angeles Angels,,P,2026,,,,,,,,,,,,,,,,,,,,,,,,,,,,,,,,,,,,,,,,,,,,,,,,,2025
518692,Freddie Freeman,119,Los Angeles Dodgers,,1B,2026,372.0,320.0,94.0,22.0,1.0,14.0,46.0,1.0,60.0,3.0,3.0,0.0,160.0,47.0,11.0,.294,.384,.500,.884,.321,22.86,1559.0,84.0,85.0,627.0,556.0,164.0,39.0,2.0,24.0,60.0,7.0,128.0,6.0,5.0,0.0,279.0,90.0,13.0,.295,.367,.502,.869,.342,23.17,2382.0,128.0,141.0,2025
666139,Josh Lowe,108,Los Angeles Angels,,LF,2026,156.0,146.0,31.0,4.0,0.0,6.0,7.0,0.0,44.0,1.0,1.0,1.0,53.0,18.0,0.0,.212,.252,.363,.615,.258,24.33,642.0,27.0,46.0,435.0,396.0,87.0,21.0,2.0,11.0,33.0,1.0,109.0,3.0,2.0,1.0,145.0,40.0,7.0,.220,.283,.366,.649,.273,36.00,1842.0,105.0,98.0,2025
694819,Jacob Misiorowski,158,Milwaukee Brewers,,P,2026,,,,,,,,,,,,,,,,,,,,,,,,,,,,,,,,,,,,,,,,,,,,,,,,,2025
670245,Ryan Watson,111,Boston Red Sox,,P,2026,,,,,,,,,,,,,,,,,,,,,,,,,,,,,,,,,,,,,,,,,,,,,,,,,2025
571945,Miles Mikolas,120,Washington Nationals,,P,2026,,,,,,,,,,,,,,,,,,,,,,,,,,,,,,,,,,,,,,,,,,,,,,,,,2025
676391,Ernie Clement,141,Toronto Blue Jays,,2B,2026,335.0,321.0,96.0,22.0,1.0,7.0,12.0,0.0,34.0,0.0,2.0,0.0,141.0,29.0,5.0,.299,.322,.439,.761,.316,45.86,1016.0,76.0,117.0,588.0,545.0,151.0,35.0,2.0,9.0,27.0,1.0,61.0,4.0,5.0,7.0,217.0,50.0,13.0,.277,.313,.398,.711,.296,60.56,1871.0,129.0,216.0,2025
666152,David Hamilton,158,Milwaukee Brewers,,3B,2026,229.0,196.0,46.0,5.0,2.0,3.0,21.0,0.0,52.0,1.0,0.0,10.0,64.0,13.0,1.0,.235,.312,.327,.639,.305,65.33,901.0,55.0,53.0,194.0,177.0,35.0,4.0,1.0,6.0,13.0,0.0,47.0,1.0,0.0,3.0,59.0,19.0,3.0,.198,.257,.333,.590,.234,29.50,742.0,44.0,54.0,2025
623149,Paul Sewald,109,Arizona Diamondbacks,,P,2026,,,,,,,,,,,,,,,,,,,,,,,,,,,,,,,,,,,,,,,,,,,,,,,,,2025
666157,Nick Lodolo,113,Cincinnati Reds,,P,2026,,,,,,,,,,,,,,,,,,,,,,,,,,,,,,,,,,,,,,,,,,,,,,,,,2025
621111,Walker Buehler,135,San Diego Padres,,P,2026,,,,,,,,,,,,,,,,,,,,,,,,,,,,,,,,,,,,,,,,,,,,,,,,,2025
621112,Paul Blackburn,147,New York Yankees,,P,2026,0.0,0.0,0.0,0.0,0.0,0.0,0.0,0.0,0.0,0.0,0.0,0.0,0.0,0.0,0.0,.000,.000,.000,.000,.---,-.--,0.0,0.0,0.0,,,,,,,,,,,,,,,,,,,,,,,,,2025
545341,Randal Grichuk,145,Chicago White Sox,,DH,2026,125.0,118.0,31.0,8.0,0.0,9.0,5.0,0.0,28.0,1.0,1.0,0.0,66.0,23.0,2.0,.263,.296,.559,.855,.268,13.11,453.0,28.0,32.0,293.0,272.0,62.0,18.0,1.0,9.0,17.0,1.0,61.0,1.0,3.0,0.0,109.0,27.0,6.0,.228,.273,.401,.674,.259,30.22,1077.0,68.0,84.0,2025
664126,Pete Fairbanks,146,Miami Marlins,,P,2026,0.0,0.0,0.0,0.0,0.0,0.0,0.0,0.0,0.0,0.0,0.0,0.0,0.0,0.0,0.0,.000,.000,.000,.000,.---,-.--,0.0,0.0,0.0,,,,,,,,,,,,,,,,,,,,,,,,,2025
666171,Ryan Zeferjahn,108,Los Angeles Angels,,P,2026,,,,,,,,,,,,,,,,,,,,,,,,,,,,,,,,,,,,,,,,,,,,,,,,,2025
641598,Mitch Garver,136,Seattle Mariners,,C,2026,120.0,100.0,19.0,2.0,0.0,3.0,19.0,0.0,38.0,1.0,0.0,0.0,30.0,12.0,0.0,.190,.325,.300,.625,.271,33.33,509.0,16.0,27.0,290.0,254.0,53.0,5.0,1.0,9.0,30.0,1.0,80.0,3.0,3.0,0.0,87.0,30.0,6.0,.209,.297,.343,.640,.262,28.22,1166.0,47.0,77.0,2025
666176,Jo Adell,108,Los Angeles Angels,,RF,2026,365.0,341.0,83.0,15.0,1.0,11.0,10.0,0.0,83.0,12.0,2.0,0.0,133.0,45.0,9.0,.243,.288,.390,.678,.289,31.00,1401.0,78.0,99.0,573.0,526.0,124.0,18.0,1.0,37.0,33.0,0.0,151.0,10.0,1.0,0.0,255.0,98.0,10.0,.236,.293,.485,.778,.257,14.22,2220.0,111.0,141.0,2025
623168,Tyler Heineman,108,Los Angeles Angels,,C,2026,97.0,87.0,15.0,2.0,0.0,1.0,3.0,0.0,20.0,3.0,0.0,4.0,20.0,6.0,2.0,.172,.226,.230,.456,.212,87.00,361.0,34.0,22.0,174.0,149.0,43.0,8.0,1.0,3.0,12.0,0.0,31.0,6.0,2.0,5.0,62.0,20.0,1.0,.289,.361,.416,.777,.342,49.67,627.0,30.0,52.0,2025
664129,Geoff Hartlieb,133,Athletics,,P,2026,,,,,,,,,,,,,,,,,,,,,,,,,,,,,,,,,,,,,,,,,,,,,,,,,2025
571970,Max Muncy,119,Los Angeles Dodgers,,3B,2026,308.0,269.0,72.0,13.0,1.0,17.0,36.0,1.0,71.0,3.0,0.0,0.0,138.0,39.0,4.0,.268,.360,.513,.873,.304,15.82,1217.0,59.0,67.0,388.0,313.0,76.0,10.0,2.0,19.0,64.0,2.0,83.0,6.0,5.0,0.0,147.0,67.0,4.0,.243,.376,.470,.846,.264,16.47,1650.0,61.0,98.0,2025
668227,Randy Arozarena,136,Seattle Mariners,,LF,2026,339.0,292.0,83.0,20.0,1.0,8.0,31.0,0.0,75.0,13.0,3.0,0.0,129.0,37.0,8.0,.284,.375,.442,.817,.354,36.50,1345.0,78.0,59.0,709.0,613.0,146.0,32.0,1.0,27.0,64.0,2.0,191.0,27.0,5.0,0.0,261.0,76.0,9.0,.238,.334,.426,.760,.298,22.70,2873.0,125.0,156.0,2025
670280,David Bednar,147,New York Yankees,,P,2026,0.0,0.0,0.0,0.0,0.0,0.0,0.0,0.0,0.0,0.0,0.0,0.0,0.0,0.0,0.0,.000,.000,.000,.000,.---,-.--,0.0,0.0,0.0,,,,,,,,,,,,,,,,,,,,,,,,,2025
666182,Bo Bichette,121,New York Mets,,SS,2026,378.0,348.0,87.0,13.0,1.0,10.0,23.0,0.0,71.0,2.0,5.0,0.0,132.0,46.0,9.0,.250,.296,.379,.675,.283,34.80,1366.0,102.0,93.0,628.0,582.0,181.0,44.0,1.0,18.0,40.0,2.0,91.0,3.0,3.0,0.0,281.0,94.0,17.0,.311,.357,.483,.840,.342,32.33,2308.0,171.0,142.0,2025
608841,Joey Meneses,133,Athletics,,1B,2026,18.0,14.0,2.0,0.0,0.0,0.0,3.0,0.0,2.0,0.0,1.0,0.0,2.0,2.0,1.0,.143,.278,.143,.421,.154,-.--,58.0,7.0,4.0,,,,,,,,,,,,,,,,,,,,,,,,,2025
676440,Tanner Bibee,114,Cleveland Guardians,,P,2026,,,,,,,,,,,,,,,,,,,,,,,,,,,,,,,,,,,,,,,,,,,,,,,,,2025
672335,Cionel Pérez,121,New York Mets,,P,2026,,,,,,,,,,,,,,,,,,,,,,,,,0.0,0.0,0.0,0.0,0.0,0.0,0.0,0.0,0.0,0.0,0.0,0.0,0.0,0.0,0.0,.000,.000,.000,.000,.---,-.--,0.0,0.0,0.0,2025
676439,Hunter Feduccia,139,Tampa Bay Rays,,C,2026,120.0,105.0,25.0,4.0,1.0,1.0,11.0,0.0,37.0,1.0,1.0,2.0,34.0,9.0,1.0,.238,.314,.324,.638,.353,105.00,504.0,14.0,32.0,105.0,88.0,13.0,5.0,0.0,0.0,15.0,0.0,29.0,0.0,2.0,0.0,18.0,8.0,0.0,.148,.267,.205,.472,.213,-.--,477.0,21.0,27.0,2025
678489,Jorge Barrosa,109,Arizona Diamondbacks,,CF,2026,124.0,109.0,20.0,10.0,1.0,2.0,10.0,0.0,35.0,1.0,0.0,4.0,38.0,10.0,1.0,.183,.258,.349,.607,.250,54.50,535.0,29.0,29.0,77.0,71.0,10.0,3.0,0.0,1.0,2.0,0.0,22.0,1.0,3.0,0.0,16.0,7.0,1.0,.141,.169,.225,.394,.176,71.00,327.0,18.0,24.0,2025
694876,Cooper Ingle,114,Cleveland Guardians,,C,2026,17.0,14.0,1.0,0.0,0.0,0.0,3.0,0.0,7.0,0.0,0.0,0.0,1.0,2.0,0.0,.071,.235,.071,.306,.143,-.--,73.0,5.0,1.0,,,,,,,,,,,,,,,,,,,,,,,,,2025
666211,Taylor Trammell,117,Houston Astros,,CF,2026,109.0,98.0,26.0,5.0,1.0,3.0,9.0,0.0,36.0,1.0,0.0,1.0,42.0,11.0,0.0,.265,.333,.429,.762,.390,32.67,417.0,15.0,22.0,135.0,117.0,23.0,7.0,0.0,3.0,17.0,0.0,41.0,0.0,1.0,0.0,39.0,12.0,0.0,.197,.296,.333,.629,.270,39.00,552.0,26.0,28.0,2025
672356,Gabriel Arias,114,Cleveland Guardians,,SS,2026,74.0,71.0,15.0,2.0,0.0,3.0,3.0,1.0,29.0,0.0,0.0,0.0,26.0,6.0,0.0,.211,.243,.366,.609,.308,23.67,280.0,17.0,10.0,471.0,432.0,95.0,25.0,2.0,11.0,27.0,1.0,162.0,7.0,4.0,1.0,157.0,54.0,8.0,.220,.274,.363,.637,.319,39.27,1792.0,101.0,79.0,2025
623211,Huascar Brazobán,121,New York Mets,,P,2026,,,,,,,,,,,,,,,,,,,,,,,,,,,,,,,,,,,,,,,,,,,,,,,,,2025
641656,Ian Hamilton,144,Atlanta Braves,,P,2026,,,,,,,,,,,,,,,,,,,,,,,,,,,,,,,,,,,,,,,,,,,,,,,,,2025
670329,Rico Garcia,110,Baltimore Orioles,,P,2026,0.0,0.0,0.0,0.0,0.0,0.0,0.0,0.0,0.0,0.0,0.0,0.0,0.0,0.0,0.0,.000,.000,.000,.000,.---,-.--,0.0,0.0,0.0,,,,,,,,,,,,,,,,,,,,,,,,,2025
676475,Alec Burleson,138,St. Louis Cardinals,,1B,2026,358.0,321.0,88.0,20.0,1.0,14.0,30.0,2.0,53.0,4.0,3.0,0.0,152.0,58.0,9.0,.274,.341,.474,.815,.288,22.93,1291.0,92.0,91.0,546.0,497.0,144.0,26.0,2.0,18.0,39.0,1.0,79.0,3.0,4.0,1.0,228.0,69.0,14.0,.290,.343,.459,.802,.312,27.61,1933.0,119.0,160.0,2025
662139,Daulton Varsho,141,Toronto Blue Jays,,CF,2026,275.0,248.0,64.0,16.0,2.0,7.0,24.0,2.0,58.0,2.0,1.0,0.0,105.0,23.0,1.0,.258,.327,.423,.750,.310,35.43,1042.0,53.0,74.0,271.0,248.0,59.0,13.0,2.0,20.0,17.0,1.0,77.0,1.0,5.0,0.0,136.0,55.0,1.0,.238,.284,.548,.832,.250,12.40,986.0,41.0,76.0,2025
676477,Garrett Whitlock,111,Boston Red Sox,,P,2026,0.0,0.0,0.0,0.0,0.0,0.0,0.0,0.0,0.0,0.0,0.0,0.0,0.0,0.0,0.0,.000,.000,.000,.000,.---,-.--,0.0,0.0,0.0,0.0,0.0,0.0,0.0,0.0,0.0,0.0,0.0,0.0,0.0,0.0,0.0,0.0,0.0,0.0,.000,.000,.000,.000,.---,-.--,0.0,0.0,0.0,2025
682622,Noelvi Marte,113,Cincinnati Reds,,RF,2026,113.0,105.0,21.0,4.0,0.0,5.0,8.0,0.0,28.0,0.0,0.0,0.0,40.0,9.0,2.0,.200,.257,.381,.638,.222,21.00,448.0,35.0,21.0,360.0,339.0,89.0,17.0,2.0,14.0,16.0,0.0,85.0,3.0,2.0,0.0,152.0,51.0,7.0,.263,.300,.448,.748,.310,24.21,1267.0,87.0,80.0,2025
680574,Matt McLain,113,Cincinnati Reds,,2B,2026,301.0,261.0,51.0,13.0,0.0,8.0,35.0,0.0,79.0,3.0,0.0,2.0,88.0,25.0,3.0,.195,.298,.337,.635,.247,32.62,1196.0,52.0,81.0,577.0,510.0,112.0,18.0,0.0,15.0,55.0,0.0,167.0,5.0,4.0,3.0,175.0,50.0,8.0,.220,.300,.343,.643,.292,34.00,2365.0,96.0,142.0,2025
682626,Francisco Alvarez,121,New York Mets,,C,2026,204.0,184.0,45.0,7.0,0.0,9.0,15.0,0.0,55.0,2.0,1.0,0.0,79.0,19.0,11.0,.245,.307,.429,.736,.298,20.44,830.0,47.0,38.0,277.0,246.0,63.0,12.0,1.0,11.0,27.0,0.0,73.0,4.0,0.0,0.0,110.0,32.0,6.0,.256,.339,.447,.786,.321,22.36,1123.0,61.0,49.0,2025
672386,Alejandro Kirk,141,Toronto Blue Jays,,C,2026,73.0,66.0,14.0,2.0,0.0,2.0,6.0,0.0,11.0,0.0,1.0,0.0,22.0,7.0,1.0,.212,.274,.333,.607,.222,33.00,277.0,23.0,19.0,506.0,451.0,127.0,18.0,0.0,15.0,48.0,2.0,59.0,1.0,6.0,0.0,190.0,76.0,16.0,.282,.348,.421,.769,.292,30.07,1977.0,132.0,139.0,2025
699013,Esmerlyn Valdez,134,Pittsburgh Pirates,,RF,2026,64.0,57.0,18.0,4.0,1.0,6.0,6.0,0.0,21.0,0.0,1.0,0.0,42.0,15.0,2.0,.316,.375,.737,1.112,.387,9.50,261.0,8.0,11.0,,,,,,,,,,,,,,,,,,,,,,,,,2025
592518,Manny Machado,135,San Diego Padres,,3B,2026,353.0,308.0,59.0,16.0,0.0,17.0,39.0,2.0,78.0,0.0,5.0,1.0,126.0,48.0,6.0,.192,.278,.409,.687,.193,18.12,1418.0,87.0,90.0,678.0,615.0,169.0,33.0,0.0,27.0,55.0,4.0,131.0,3.0,5.0,0.0,283.0,95.0,16.0,.275,.335,.460,.795,.307,22.78,2647.0,144.0,176.0,2025
664199,Taylor Clarke,109,Arizona Diamondbacks,,P,2026,,,,,,,,,,,,,,,,,,,,,,,,,0.0,0.0,0.0,0.0,0.0,0.0,0.0,0.0,0.0,0.0,0.0,0.0,0.0,0.0,0.0,.000,.000,.000,.000,.---,-.--,0.0,0.0,0.0,2025
682634,Kevin Alcántara,112,Chicago Cubs,,DH,2026,13.0,12.0,3.0,0.0,0.0,0.0,1.0,0.0,5.0,0.0,0.0,0.0,3.0,1.0,0.0,.250,.308,.250,.558,.429,-.--,58.0,2.0,2.0,12.0,11.0,4.0,0.0,0.0,0.0,1.0,0.0,4.0,0.0,0.0,0.0,4.0,1.0,0.0,.364,.417,.364,.781,.571,-.--,46.0,2.0,1.0,2025
641680,Jonah Heim,133,Athletics,,C,2026,149.0,134.0,33.0,9.0,0.0,8.0,13.0,0.0,26.0,0.0,2.0,0.0,66.0,23.0,3.0,.246,.309,.493,.802,.245,16.75,540.0,39.0,38.0,433.0,395.0,84.0,14.0,0.0,11.0,32.0,0.0,88.0,1.0,4.0,1.0,131.0,43.0,10.0,.213,.271,.332,.603,.243,35.91,1704.0,106.0,122.0,2025
594580,Sam Moll,113,Cincinnati Reds,,P,2026,,,,,,,,,,,,,,,,,,,,,,,,,,,,,,,,,,,,,,,,,,,,,,,,,2025
678554,Curtis Mead,120,Washington Nationals,,3B,2026,262.0,229.0,52.0,11.0,1.0,14.0,29.0,0.0,49.0,4.0,0.0,0.0,107.0,39.0,6.0,.227,.324,.467,.791,.229,16.36,1123.0,55.0,73.0,264.0,240.0,56.0,10.0,1.0,3.0,15.0,0.0,63.0,8.0,1.0,0.0,77.0,19.0,9.0,.233,.299,.321,.620,.303,80.00,1019.0,47.0,75.0,2025
801434,Paul Gervase,119,Los Angeles Dodgers,,P,2026,,,,,,,,,,,,,,,,,,,,,,,,,,,,,,,,,,,,,,,,,,,,,,,,,2025
666277,George Soriano,138,St. Louis Cardinals,,P,2026,0.0,0.0,0.0,0.0,0.0,0.0,0.0,0.0,0.0,0.0,0.0,0.0,0.0,0.0,0.0,.000,.000,.000,.000,.---,-.--,0.0,0.0,0.0,,,,,,,,,,,,,,,,,,,,,,,,,2025
686753,Drey Jameson,109,Arizona Diamondbacks,,P,2026,,,,,,,,,,,,,,,,,,,,,,,,,0.0,0.0,0.0,0.0,0.0,0.0,0.0,0.0,0.0,0.0,0.0,0.0,0.0,0.0,0.0,.000,.000,.000,.000,.---,-.--,0.0,0.0,0.0,2025
682668,Luisangel Acuña,145,Chicago White Sox,,CF,2026,150.0,138.0,30.0,2.0,0.0,1.0,7.0,0.0,27.0,1.0,2.0,2.0,35.0,10.0,4.0,.217,.257,.254,.511,.259,138.00,518.0,53.0,32.0,193.0,175.0,41.0,7.0,0.0,0.0,13.0,0.0,37.0,2.0,1.0,2.0,48.0,8.0,6.0,.234,.293,.274,.567,.295,-.--,687.0,58.0,42.0,2025
678577,Junior Perez,145,Chicago White Sox,,CF,2026,17.0,16.0,4.0,0.0,0.0,2.0,1.0,0.0,8.0,0.0,0.0,0.0,10.0,4.0,0.0,.250,.294,.625,.919,.333,8.00,71.0,2.0,2.0,,,,,,,,,,,,,,,,,,,,,,,,,2025
676534,Calvin Faucher,146,Miami Marlins,,P,2026,,,,,,,,,,,,,,,,,,,,,,,,,,,,,,,,,,,,,,,,,,,,,,,,,2025
694973,Paul Skenes,134,Pittsburgh Pirates,,P,2026,,,,,,,,,,,,,,,,,,,,,,,,,,,,,,,,,,,,,,,,,,,,,,,,,2025
686780,Pedro Pagés,138,St. Louis Cardinals,,C,2026,148.0,134.0,30.0,6.0,0.0,4.0,6.0,0.0,35.0,2.0,2.0,4.0,48.0,11.0,5.0,.224,.264,.358,.622,.268,33.50,598.0,36.0,39.0,389.0,361.0,83.0,15.0,0.0,11.0,19.0,1.0,107.0,3.0,3.0,3.0,131.0,45.0,9.0,.230,.272,.363,.635,.293,32.82,1486.0,87.0,90.0,2025
527048,Martín Pérez,144,Atlanta Braves,,P,2026,,,,,,,,,,,,,,,,,,,,,,,,,,,,,,,,,,,,,,,,,,,,,,,,,2025
678606,José A. Ferrer,136,Seattle Mariners,,P,2026,,,,,,,,,,,,,,,,,,,,,,,,,0.0,0.0,0.0,0.0,0.0,0.0,0.0,0.0,0.0,0.0,0.0,0.0,0.0,0.0,0.0,.000,.000,.000,.000,.---,-.--,0.0,0.0,0.0,2025
686797,Brooks Lee,142,Minnesota Twins,,SS,2026,334.0,307.0,77.0,12.0,2.0,14.0,23.0,0.0,52.0,2.0,1.0,1.0,135.0,47.0,4.0,.251,.306,.440,.746,.260,21.93,1247.0,79.0,101.0,527.0,487.0,115.0,15.0,1.0,16.0,31.0,0.0,92.0,4.0,5.0,0.0,180.0,64.0,11.0,.236,.285,.370,.655,.258,30.44,2009.0,138.0,147.0,2025
641743,Anthony Kay,145,Chicago White Sox,,P,2026,,,,,,,,,,,,,,,,,,,,,,,,,,,,,,,,,,,,,,,,,,,,,,,,,2025
676571,PJ Poulin,120,Washington Nationals,,P,2026,,,,,,,,,,,,,,,,,,,,,,,,,0.0,0.0,0.0,0.0,0.0,0.0,0.0,0.0,0.0,0.0,0.0,0.0,0.0,0.0,0.0,.000,.000,.000,.000,.---,-.--,0.0,0.0,0.0,2025
676572,Eric Wagaman,121,New York Mets,,1B,2026,29.0,26.0,5.0,0.0,0.0,2.0,2.0,0.0,7.0,1.0,0.0,0.0,11.0,4.0,1.0,.192,.276,.423,.699,.176,13.00,115.0,8.0,6.0,514.0,476.0,119.0,28.0,3.0,9.0,32.0,0.0,100.0,1.0,5.0,0.0,180.0,53.0,11.0,.250,.296,.378,.674,.296,52.89,1955.0,132.0,130.0,2025
641755,Tyler Kinley,144,Atlanta Braves,,P,2026,0.0,0.0,0.0,0.0,0.0,0.0,0.0,0.0,0.0,0.0,0.0,0.0,0.0,0.0,0.0,.000,.000,.000,.000,.---,-.--,0.0,0.0,0.0,,,,,,,,,,,,,,,,,,,,,,,,,2025
518876,Merrill Kelly,109,Arizona Diamondbacks,,P,2026,,,,,,,,,,,,,,,,,,,,,,,,,,,,,,,,,,,,,,,,,,,,,,,,,2025
518886,Craig Kimbrel,139,Tampa Bay Rays,,P,2026,,,,,,,,,,,,,,,,,,,,,,,,,,,,,,,,,,,,,,,,,,,,,,,,,2025
682729,Jonatan Clase,141,Toronto Blue Jays,,LF,2026,,,,,,,,,,,,,,,,,,,,,,,,,112.0,100.0,21.0,3.0,0.0,2.0,10.0,0.0,28.0,1.0,0.0,1.0,30.0,9.0,1.0,.210,.288,.300,.588,.271,50.00,439.0,24.0,28.0,2025
690925,Clayton Beeter,120,Washington Nationals,,P,2026,0.0,0.0,0.0,0.0,0.0,0.0,0.0,0.0,0.0,0.0,0.0,0.0,0.0,0.0,0.0,.000,.000,.000,.000,.---,-.--,0.0,0.0,0.0,,,,,,,,,,,,,,,,,,,,,,,,,2025
649966,Luis Urías,141,Toronto Blue Jays,,2B,2026,18.0,15.0,6.0,1.0,0.0,1.0,3.0,0.0,2.0,0.0,0.0,0.0,10.0,2.0,0.0,.400,.500,.667,1.167,.417,15.00,78.0,4.0,3.0,330.0,287.0,66.0,7.0,0.0,8.0,31.0,0.0,45.0,6.0,3.0,0.0,97.0,25.0,9.0,.230,.315,.338,.653,.245,35.88,1302.0,81.0,98.0,2025
662253,Andrés Muñoz,136,Seattle Mariners,,P,2026,,,,,,,,,,,,,,,,,,,,,,,,,,,,,,,,,,,,,,,,,,,,,,,,,2025
641778,Eric Lauer,119,Los Angeles Dodgers,,P,2026,,,,,,,,,,,,,,,,,,,,,,,,,,,,,,,,,,,,,,,,,,,,,,,,,2025
680694,Kyle Bradish,110,Baltimore Orioles,,P,2026,0.0,0.0,0.0,0.0,0.0,0.0,0.0,0.0,0.0,0.0,0.0,0.0,0.0,0.0,0.0,.000,.000,.000,.000,.---,-.--,0.0,0.0,0.0,,,,,,,,,,,,,,,,,,,,,,,,,2025
623352,Josh Hader,117,Houston Astros,,P,2026,,,,,,,,,,,,,,,,,,,,,,,,,0.0,0.0,0.0,0.0,0.0,0.0,0.0,0.0,0.0,0.0,0.0,0.0,0.0,0.0,0.0,.000,.000,.000,.000,.---,-.--,0.0,0.0,0.0,2025
695034,Kade Morris,133,Athletics,,P,2026,,,,,,,,,,,,,,,,,,,,,,,,,,,,,,,,,,,,,,,,,,,,,,,,,2025
676604,Tyler Zuber,146,Miami Marlins,,P,2026,,,,,,,,,,,,,,,,,,,,,,,,,,,,,,,,,,,,,,,,,,,,,,,,,2025
680702,Joey Gerber,121,New York Mets,,P,2026,,,,,,,,,,,,,,,,,,,,,,,,,,,,,,,,,,,,,,,,,,,,,,,,,2025
680700,Richie Palacios,139,Tampa Bay Rays,,2B,2026,203.0,176.0,40.0,6.0,2.0,1.0,23.0,0.0,39.0,3.0,1.0,0.0,53.0,22.0,4.0,.227,.325,.301,.626,.285,176.00,786.0,45.0,53.0,48.0,42.0,14.0,2.0,0.0,1.0,5.0,0.0,9.0,0.0,1.0,0.0,19.0,3.0,3.0,.333,.396,.452,.848,.394,42.00,190.0,11.0,9.0,2025
699134,Bradgley Rodriguez,135,San Diego Padres,,P,2026,,,,,,,,,,,,,,,,,,,,,,,,,,,,,,,,,,,,,,,,,,,,,,,,,2025
641793,Zack Littell,120,Washington Nationals,,P,2026,,,,,,,,,,,,,,,,,,,,,,,,,,,,,,,,,,,,,,,,,,,,,,,,,2025
672515,Gabriel Moreno,109,Arizona Diamondbacks,,C,2026,232.0,198.0,56.0,12.0,0.0,6.0,27.0,0.0,37.0,3.0,4.0,0.0,86.0,27.0,5.0,.283,.371,.434,.805,.314,33.00,999.0,56.0,53.0,309.0,277.0,79.0,12.0,1.0,9.0,29.0,3.0,53.0,1.0,2.0,0.0,120.0,40.0,6.0,.285,.353,.433,.786,.323,30.78,1314.0,60.0,87.0,2025
676609,José Caballero,147,New York Yankees,,SS,2026,268.0,244.0,60.0,10.0,0.0,8.0,16.0,0.0,59.0,5.0,2.0,1.0,94.0,28.0,8.0,.246,.303,.385,.688,.291,30.50,1068.0,71.0,57.0,370.0,314.0,74.0,18.0,1.0,5.0,47.0,0.0,98.0,3.0,2.0,4.0,109.0,36.0,1.0,.236,.339,.347,.686,.324,62.80,1501.0,61.0,87.0,2025
815873,Sean Keys,141,Toronto Blue Jays,,3B,2026,12.0,12.0,2.0,0.0,0.0,1.0,0.0,0.0,5.0,0.0,0.0,0.0,5.0,3.0,0.0,.167,.167,.417,.584,.167,12.00,49.0,1.0,4.0,,,,,,,,,,,,,,,,,,,,,,,,,2025
676617,Riley O'Brien,138,St. Louis Cardinals,,P,2026,,,,,,,,,,,,,,,,,,,,,,,,,,,,,,,,,,,,,,,,,,,,,,,,,2025
680728,Adrian Del Castillo,109,Arizona Diamondbacks,,DH,2026,161.0,148.0,27.0,4.0,0.0,4.0,12.0,0.0,47.0,0.0,1.0,0.0,43.0,20.0,5.0,.182,.242,.291,.533,.235,37.00,661.0,34.0,41.0,131.0,120.0,29.0,6.0,0.0,4.0,8.0,0.0,47.0,1.0,2.0,0.0,47.0,17.0,2.0,.242,.290,.392,.682,.352,30.00,535.0,16.0,30.0,2025
606996,Kyle Hart,135,San Diego Padres,,P,2026,,,,,,,,,,,,,,,,,,,,,,,,,,,,,,,,,,,,,,,,,,,,,,,,,2025
680732,Sean Burke,145,Chicago White Sox,,P,2026,,,,,,,,,,,,,,,,,,,,,,,,,,,,,,,,,,,,,,,,,,,,,,,,,2025
680736,Justin Wrobleski,119,Los Angeles Dodgers,,P,2026,,,,,,,,,,,,,,,,,,,,,,,,,,,,,,,,,,,,,,,,,,,,,,,,,2025
621345,A.J. Minter,121,New York Mets,,P,2026,,,,,,,,,,,,,,,,,,,,,,,,,,,,,,,,,,,,,,,,,,,,,,,,,2025
807712,Luke Keaschall,142,Minnesota Twins,,2B,2026,321.0,280.0,69.0,12.0,1.0,3.0,32.0,1.0,50.0,6.0,3.0,0.0,92.0,25.0,4.0,.246,.333,.329,.662,.287,93.33,1209.0,61.0,103.0,207.0,182.0,55.0,14.0,0.0,4.0,19.0,0.0,29.0,5.0,1.0,0.0,81.0,28.0,4.0,.302,.382,.445,.827,.340,45.50,774.0,49.0,50.0,2025
690976,Alex Freeland,119,Los Angeles Dodgers,,2B,2026,205.0,177.0,40.0,7.0,0.0,3.0,22.0,0.0,59.0,1.0,2.0,3.0,56.0,17.0,5.0,.226,.312,.316,.628,.316,59.00,842.0,48.0,35.0,97.0,84.0,16.0,2.0,1.0,2.0,11.0,0.0,35.0,1.0,0.0,1.0,26.0,6.0,3.0,.190,.292,.310,.602,.298,42.00,429.0,13.0,21.0,2025
695076,Rhett Lowder,113,Cincinnati Reds,,P,2026,,,,,,,,,,,,,,,,,,,,,,,,,,,,,,,,,,,,,,,,,,,,,,,,,2025
805673,Zebby Matthews,142,Minnesota Twins,,P,2026,,,,,,,,,,,,,,,,,,,,,,,,,,,,,,,,,,,,,,,,,,,,,,,,,2025
690986,Kyle Harrison,158,Milwaukee Brewers,,P,2026,,,,,,,,,,,,,,,,,,,,,,,,,,,,,,,,,,,,,,,,,,,,,,,,,2025
660271,Shohei Ohtani,119,Los Angeles Dodgers,,TWP,2026,374.0,306.0,89.0,15.0,2.0,18.0,57.0,9.0,86.0,5.0,4.0,0.0,162.0,50.0,5.0,.291,.406,.529,.935,.345,17.00,1452.0,67.0,68.0,727.0,611.0,172.0,25.0,9.0,55.0,109.0,20.0,187.0,3.0,2.0,0.0,380.0,102.0,9.0,.282,.392,.622,1.014,.315,11.11,2865.0,120.0,134.0,2025
690997,Nolan McLean,121,New York Mets,,P,2026,,,,,,,,,,,,,,,,,,,,,,,,,,,,,,,,,,,,,,,,,,,,,,,,,2025
680755,Braydon Fisher,141,Toronto Blue Jays,,P,2026,,,,,,,,,,,,,,,,,,,,,,,,,,,,,,,,,,,,,,,,,,,,,,,,,2025
680757,Steven Kwan,114,Cleveland Guardians,,CF,2026,324.0,273.0,59.0,9.0,1.0,1.0,42.0,1.0,33.0,3.0,2.0,3.0,73.0,13.0,7.0,.216,.325,.267,.592,.241,273.00,1262.0,82.0,104.0,693.0,625.0,170.0,29.0,1.0,11.0,55.0,2.0,60.0,3.0,7.0,3.0,234.0,56.0,3.0,.272,.330,.374,.704,.283,56.82,2786.0,167.0,238.0,2025
676664,JP Sears,135,San Diego Padres,,P,2026,,,,,,,,,,,,,,,,,,,,,,,,,,,,,,,,,,,,,,,,,,,,,,,,,2025
682818,Yohendrick Piñango,141,Toronto Blue Jays,,LF,2026,151.0,142.0,38.0,7.0,0.0,5.0,9.0,0.0,34.0,0.0,0.0,0.0,60.0,20.0,6.0,.268,.311,.423,.734,.320,28.40,569.0,34.0,36.0,,,,,,,,,,,,,,,,,,,,,,,,,2025
691008,Max Rajcic,138,St. Louis Cardinals,,P,2026,,,,,,,,,,,,,,,,,,,,,,,,,,,,,,,,,,,,,,,,,,,,,,,,,2025
691011,Drew Romo,145,Chicago White Sox,,C,2026,111.0,98.0,13.0,4.0,0.0,5.0,10.0,0.0,28.0,1.0,1.0,1.0,32.0,11.0,4.0,.133,.218,.327,.545,.121,19.60,396.0,30.0,29.0,3.0,3.0,0.0,0.0,0.0,0.0,0.0,0.0,3.0,0.0,0.0,0.0,0.0,0.0,0.0,.000,.000,.000,.000,.---,-.--,12.0,0.0,0.0,2025
514888,Jose Altuve,117,Houston Astros,,2B,2026,278.0,249.0,58.0,12.0,0.0,8.0,26.0,1.0,60.0,1.0,1.0,1.0,94.0,22.0,12.0,.233,.307,.378,.685,.275,31.12,1008.0,78.0,55.0,654.0,588.0,156.0,24.0,1.0,26.0,55.0,5.0,109.0,4.0,6.0,1.0,260.0,77.0,20.0,.265,.329,.442,.771,.283,22.62,2314.0,149.0,181.0,2025
680776,Jarren Duran,111,Boston Red Sox,,LF,2026,339.0,312.0,61.0,9.0,2.0,12.0,21.0,0.0,102.0,3.0,3.0,0.0,110.0,39.0,2.0,.196,.251,.353,.604,.244,26.00,1258.0,80.0,72.0,696.0,620.0,159.0,41.0,13.0,16.0,60.0,1.0,169.0,12.0,3.0,1.0,274.0,84.0,6.0,.256,.332,.442,.774,.326,38.75,2624.0,137.0,159.0,2025
691019,Kyle Teel,145,Chicago White Sox,,C,2026,35.0,30.0,7.0,1.0,0.0,1.0,4.0,0.0,14.0,1.0,0.0,0.0,11.0,8.0,1.0,.233,.343,.367,.710,.400,30.00,159.0,7.0,2.0,297.0,253.0,69.0,11.0,0.0,8.0,37.0,0.0,77.0,5.0,1.0,1.0,104.0,35.0,1.0,.273,.375,.411,.786,.361,31.62,1225.0,49.0,60.0,2025
572233,Christian Walker,117,Houston Astros,,1B,2026,361.0,326.0,78.0,16.0,1.0,19.0,30.0,2.0,81.0,4.0,1.0,0.0,153.0,56.0,8.0,.239,.310,.469,.779,.260,17.16,1402.0,81.0,87.0,640.0,585.0,139.0,24.0,1.0,27.0,40.0,1.0,177.0,11.0,4.0,0.0,246.0,88.0,10.0,.238,.297,.421,.718,.291,21.67,2513.0,111.0,162.0,2025
680779,Henry Davis,134,Pittsburgh Pirates,,C,2026,167.0,147.0,22.0,5.0,0.0,7.0,14.0,0.0,36.0,4.0,1.0,1.0,48.0,20.0,3.0,.150,.241,.327,.568,.143,21.00,605.0,38.0,53.0,283.0,252.0,42.0,7.0,0.0,7.0,18.0,0.0,76.0,5.0,3.0,3.0,70.0,22.0,2.0,.167,.234,.278,.512,.203,36.00,1069.0,48.0,92.0,2025
682829,Elly De La Cruz,113,Cincinnati Reds,,SS,2026,298.0,268.0,73.0,14.0,2.0,13.0,26.0,0.0,86.0,2.0,2.0,0.0,130.0,40.0,4.0,.272,.339,.485,.824,.351,20.62,1208.0,61.0,50.0,699.0,629.0,166.0,31.0,7.0,22.0,67.0,10.0,181.0,2.0,1.0,0.0,277.0,86.0,14.0,.264,.336,.440,.776,.337,28.59,2678.0,166.0,117.0,2025
670541,Yordan Alvarez,117,Houston Astros,,DH,2026,379.0,313.0,100.0,16.0,0.0,26.0,59.0,13.0,65.0,5.0,2.0,0.0,194.0,60.0,2.0,.319,.433,.620,1.053,.330,12.04,1459.0,52.0,98.0,199.0,165.0,45.0,8.0,0.0,6.0,28.0,5.0,33.0,0.0,6.0,0.0,71.0,27.0,1.0,.273,.367,.430,.797,.295,27.50,803.0,34.0,59.0,2025
691023,Jordan Walker,138,St. Louis Cardinals,,RF,2026,350.0,320.0,93.0,16.0,0.0,19.0,26.0,1.0,90.0,2.0,2.0,0.0,166.0,63.0,6.0,.291,.346,.519,.865,.347,16.84,1258.0,71.0,68.0,396.0,363.0,78.0,13.0,1.0,6.0,29.0,1.0,126.0,3.0,1.0,0.0,111.0,41.0,9.0,.215,.278,.306,.584,.310,60.50,1541.0,75.0,85.0,2025
691026,Masyn Winn,138,St. Louis Cardinals,,SS,2026,319.0,281.0,70.0,11.0,2.0,3.0,27.0,0.0,60.0,6.0,5.0,0.0,94.0,33.0,7.0,.249,.323,.335,.658,.300,93.67,1246.0,72.0,84.0,537.0,491.0,124.0,27.0,0.0,9.0,34.0,0.0,102.0,8.0,2.0,2.0,178.0,51.0,11.0,.253,.310,.363,.673,.301,54.56,2256.0,107.0,162.0,2025
676694,Jake Meyers,117,Houston Astros,,CF,2026,145.0,133.0,28.0,6.0,0.0,3.0,10.0,0.0,30.0,1.0,1.0,0.0,43.0,11.0,3.0,.211,.269,.323,.592,.248,44.33,526.0,32.0,44.0,381.0,343.0,100.0,15.0,2.0,3.0,31.0,0.0,67.0,3.0,2.0,2.0,128.0,24.0,9.0,.292,.354,.373,.727,.353,114.33,1340.0,94.0,86.0,2025
686930,Mason Barnett,133,Athletics,,P,2026,,,,,,,,,,,,,,,,,,,,,,,,,,,,,,,,,,,,,,,,,,,,,,,,,2025
682842,Abner Uribe,158,Milwaukee Brewers,,P,2026,,,,,,,,,,,,,,,,,,,,,,,,,,,,,,,,,,,,,,,,,,,,,,,,,2025
607067,Colin Rea,112,Chicago Cubs,,P,2026,,,,,,,,,,,,,,,,,,,,,,,,,1.0,1.0,0.0,0.0,0.0,0.0,0.0,0.0,1.0,0.0,0.0,0.0,0.0,0.0,0.0,.000,.000,.000,.000,.---,-.--,5.0,0.0,0.0,2025
686948,Drake Baldwin,144,Atlanta Braves,,C,2026,275.0,243.0,62.0,6.0,0.0,14.0,26.0,1.0,67.0,5.0,1.0,0.0,110.0,39.0,7.0,.255,.338,.453,.791,.294,17.36,1046.0,66.0,49.0,446.0,405.0,111.0,18.0,2.0,19.0,38.0,0.0,68.0,3.0,0.0,0.0,190.0,80.0,9.0,.274,.341,.469,.810,.289,21.32,1750.0,131.0,95.0,2025
607074,Carlos Rodón,147,New York Yankees,,P,2026,,,,,,,,,,,,,,,,,,,,,,,,,,,,,,,,,,,,,,,,,,,,,,,,,2025
682848,Endy Rodríguez,134,Pittsburgh Pirates,,C,2026,114.0,93.0,25.0,6.0,0.0,5.0,20.0,0.0,28.0,0.0,0.0,0.0,46.0,16.0,3.0,.269,.398,.495,.893,.333,18.60,439.0,15.0,25.0,57.0,52.0,9.0,4.0,0.0,0.0,5.0,0.0,14.0,0.0,0.0,0.0,13.0,2.0,0.0,.173,.246,.250,.496,.237,-.--,205.0,11.0,18.0,2025
656234,Jake Bird,147,New York Yankees,,P,2026,,,,,,,,,,,,,,,,,,,,,,,,,0.0,0.0,0.0,0.0,0.0,0.0,0.0,0.0,0.0,0.0,0.0,0.0,0.0,0.0,0.0,.000,.000,.000,.000,.---,-.--,0.0,0.0,0.0,2025
686973,Louis Varland,141,Toronto Blue Jays,,P,2026,,,,,,,,,,,,,,,,,,,,,,,,,,,,,,,,,,,,,,,,,,,,,,,,,2025
676724,Jared Young,121,New York Mets,,1B,2026,127.0,114.0,26.0,4.0,0.0,6.0,10.0,0.0,29.0,2.0,1.0,0.0,48.0,14.0,2.0,.228,.299,.421,.720,.250,19.00,514.0,33.0,27.0,47.0,43.0,8.0,1.0,0.0,4.0,2.0,0.0,16.0,1.0,1.0,0.0,21.0,6.0,1.0,.186,.234,.488,.722,.167,10.75,192.0,6.0,14.0,2025
807799,Masataka Yoshida,111,Boston Red Sox,,DH,2026,181.0,160.0,40.0,8.0,1.0,2.0,17.0,0.0,21.0,3.0,1.0,0.0,56.0,11.0,1.0,.250,.331,.350,.681,.275,80.00,655.0,55.0,45.0,205.0,188.0,50.0,11.0,0.0,4.0,10.0,0.0,24.0,3.0,4.0,0.0,73.0,26.0,3.0,.266,.307,.388,.695,.280,47.00,715.0,73.0,45.0,2025
621438,Tyrone Taylor,121,New York Mets,,CF,2026,109.0,102.0,21.0,4.0,0.0,3.0,3.0,0.0,19.0,0.0,0.0,4.0,34.0,14.0,0.0,.206,.229,.333,.562,.225,34.00,394.0,25.0,41.0,341.0,310.0,69.0,18.0,3.0,2.0,16.0,1.0,76.0,9.0,2.0,3.0,99.0,27.0,4.0,.223,.279,.319,.598,.286,155.00,1246.0,63.0,107.0,2025
676742,Cam Sanders,134,Pittsburgh Pirates,,P,2026,,,,,,,,,,,,,,,,,,,,,,,,,,,,,,,,,,,,,,,,,,,,,,,,,2025
621439,Byron Buxton,142,Minnesota Twins,,CF,2026,329.0,302.0,81.0,15.0,1.0,25.0,22.0,1.0,81.0,4.0,1.0,0.0,173.0,43.0,2.0,.268,.325,.573,.898,.284,12.08,1206.0,43.0,98.0,542.0,488.0,129.0,21.0,7.0,35.0,41.0,5.0,148.0,7.0,6.0,0.0,269.0,83.0,0.0,.264,.327,.551,.878,.302,13.94,2028.0,84.0,133.0,2025
672640,Otto Lopez,146,Miami Marlins,,SS,2026,367.0,342.0,115.0,23.0,5.0,7.0,16.0,0.0,50.0,4.0,5.0,0.0,169.0,37.0,8.0,.336,.368,.494,.862,.372,48.86,1320.0,98.0,84.0,594.0,544.0,134.0,21.0,0.0,15.0,44.0,2.0,82.0,3.0,3.0,0.0,200.0,77.0,9.0,.246,.305,.368,.673,.264,36.27,2129.0,174.0,157.0,2025
592779,Brock Stewart,119,Los Angeles Dodgers,,P,2026,,,,,,,,,,,,,,,,,,,,,,,,,,,,,,,,,,,,,,,,,,,,,,,,,2025
656271,Brock Burke,113,Cincinnati Reds,,P,2026,,,,,,,,,,,,,,,,,,,,,,,,,,,,,,,,,,,,,,,,,,,,,,,,,2025
502671,Paul Goldschmidt,147,New York Yankees,,1B,2026,233.0,212.0,59.0,9.0,1.0,14.0,17.0,0.0,48.0,3.0,1.0,0.0,112.0,41.0,3.0,.278,.339,.528,.867,.298,15.14,920.0,59.0,47.0,534.0,489.0,134.0,31.0,1.0,10.0,36.0,5.0,100.0,4.0,2.0,0.0,197.0,45.0,8.0,.274,.328,.403,.731,.325,48.90,2092.0,113.0,144.0,2025
641933,Tyler O'Neill,110,Baltimore Orioles,,RF,2026,159.0,139.0,26.0,6.0,0.0,3.0,18.0,0.0,44.0,2.0,0.0,0.0,41.0,9.0,2.0,.187,.289,.295,.584,.250,46.33,640.0,23.0,46.0,209.0,181.0,36.0,6.0,1.0,9.0,22.0,1.0,51.0,3.0,3.0,0.0,71.0,26.0,2.0,.199,.292,.392,.684,.218,20.11,821.0,35.0,62.0,2025
686993,Justin Sterner,133,Athletics,,P,2026,,,,,,,,,,,,,,,,,,,,,,,,,,,,,,,,,,,,,,,,,,,,,,,,,2025
641941,Emilio Pagán,113,Cincinnati Reds,,P,2026,,,,,,,,,,,,,,,,,,,,,,,,,,,,,,,,,,,,,,,,,,,,,,,,,2025
676755,Isaac Mattson,134,Pittsburgh Pirates,,P,2026,,,,,,,,,,,,,,,,,,,,,,,,,,,,,,,,,,,,,,,,,,,,,,,,,2025
676760,Ron Marinaccio,135,San Diego Padres,,P,2026,,,,,,,,,,,,,,,,,,,,,,,,,,,,,,,,,,,,,,,,,,,,,,,,,2025
670623,Isaac Paredes,117,Houston Astros,,3B,2026,344.0,296.0,74.0,16.0,0.0,11.0,33.0,0.0,55.0,12.0,3.0,0.0,123.0,45.0,10.0,.250,.346,.416,.762,.270,26.91,1519.0,51.0,119.0,438.0,378.0,96.0,15.0,1.0,20.0,50.0,0.0,76.0,8.0,2.0,0.0,173.0,53.0,10.0,.254,.352,.458,.810,.268,18.90,1943.0,73.0,135.0,2025
656288,Griffin Canning,135,San Diego Padres,,P,2026,,,,,,,,,,,,,,,,,,,,,,,,,,,,,,,,,,,,,,,,,,,,,,,,,2025
701358,Cam Smith,117,Houston Astros,,RF,2026,328.0,292.0,65.0,13.0,1.0,11.0,28.0,0.0,83.0,4.0,3.0,0.0,113.0,32.0,7.0,.223,.297,.387,.684,.269,26.54,1333.0,79.0,68.0,493.0,441.0,104.0,21.0,3.0,9.0,43.0,0.0,137.0,7.0,2.0,0.0,158.0,51.0,11.0,.236,.312,.358,.670,.320,49.00,2024.0,104.0,98.0,2025
656302,Dylan Cease,141,Toronto Blue Jays,,P,2026,,,,,,,,,,,,,,,,,,,,,,,,,,,,,,,,,,,,,,,,,,,,,,,,,2025
682928,CJ Abrams,120,Washington Nationals,,SS,2026,355.0,311.0,85.0,16.0,2.0,18.0,31.0,2.0,78.0,10.0,3.0,0.0,159.0,60.0,4.0,.273,.355,.511,.866,.307,17.28,1344.0,59.0,92.0,635.0,580.0,149.0,35.0,5.0,19.0,37.0,1.0,125.0,14.0,3.0,1.0,251.0,60.0,5.0,.257,.315,.433,.748,.296,30.53,2320.0,141.0,169.0,2025
672695,Geraldo Perdomo,109,Arizona Diamondbacks,,SS,2026,350.0,287.0,70.0,12.0,3.0,5.0,52.0,0.0,43.0,2.0,5.0,4.0,103.0,31.0,7.0,.244,.358,.359,.717,.266,57.40,1464.0,95.0,88.0,720.0,597.0,173.0,33.0,5.0,20.0,94.0,1.0,83.0,10.0,11.0,8.0,276.0,100.0,11.0,.290,.389,.462,.851,.303,29.85,3007.0,167.0,193.0,2025
621493,Taylor Ward,110,Baltimore Orioles,,LF,2026,400.0,328.0,82.0,18.0,0.0,5.0,66.0,1.0,85.0,3.0,3.0,0.0,115.0,23.0,7.0,.250,.378,.351,.729,.320,65.60,1660.0,74.0,90.0,663.0,579.0,132.0,31.0,2.0,36.0,75.0,1.0,175.0,3.0,6.0,0.0,275.0,103.0,13.0,.228,.317,.475,.792,.257,16.08,2788.0,112.0,166.0,2025
811965,Joshua Kuroda-Grauer,133,Athletics,,SS,2026,11.0,11.0,5.0,2.0,0.0,0.0,0.0,0.0,0.0,0.0,0.0,0.0,7.0,1.0,0.0,.455,.455,.636,1.091,.455,-.--,37.0,2.0,4.0,,,,,,,,,,,,,,,,,,,,,,,,,2025
695243,Mason Miller,135,San Diego Padres,,P,2026,,,,,,,,,,,,,,,,,,,,,,,,,,,,,,,,,,,,,,,,,,,,,,,,,2025
605137,Josh Bell,142,Minnesota Twins,,DH,2026,336.0,308.0,75.0,17.0,1.0,11.0,24.0,0.0,72.0,2.0,2.0,0.0,127.0,56.0,5.0,.244,.301,.412,.713,.282,28.00,1303.0,77.0,86.0,533.0,468.0,111.0,16.0,1.0,22.0,57.0,1.0,88.0,5.0,3.0,0.0,195.0,63.0,15.0,.237,.325,.417,.742,.247,21.27,2102.0,137.0,135.0,2025
672724,Oswald Peraza,108,Los Angeles Angels,,2B,2026,258.0,242.0,61.0,11.0,2.0,7.0,9.0,0.0,72.0,6.0,0.0,1.0,97.0,22.0,5.0,.252,.296,.401,.697,.331,34.57,928.0,62.0,48.0,265.0,244.0,40.0,6.0,0.0,5.0,17.0,0.0,80.0,2.0,1.0,0.0,61.0,20.0,6.0,.164,.223,.250,.473,.219,48.80,1005.0,70.0,55.0,2025
605141,Mookie Betts,119,Los Angeles Dodgers,,SS,2026,228.0,210.0,52.0,9.0,0.0,11.0,16.0,1.0,28.0,1.0,1.0,0.0,94.0,29.0,9.0,.248,.303,.448,.751,.238,19.09,837.0,44.0,87.0,663.0,589.0,152.0,23.0,2.0,20.0,61.0,2.0,68.0,3.0,10.0,0.0,239.0,82.0,15.0,.258,.326,.406,.732,.258,29.45,2460.0,136.0,243.0,2025
701398,Sal Stewart,113,Cincinnati Reds,,1B,2026,374.0,327.0,84.0,19.0,0.0,17.0,43.0,3.0,81.0,1.0,3.0,0.0,154.0,60.0,9.0,.257,.342,.471,.813,.289,19.24,1479.0,84.0,81.0,58.0,55.0,14.0,1.0,0.0,5.0,3.0,0.0,15.0,0.0,0.0,0.0,30.0,8.0,1.0,.255,.293,.545,.838,.257,11.00,217.0,10.0,16.0,2025
687064,Brandon Young,110,Baltimore Orioles,,P,2026,,,,,,,,,,,,,,,,,,,,,,,,,,,,,,,,,,,,,,,,,,,,,,,,,2025
695257,Billy Cook,134,Pittsburgh Pirates,,RF,2026,30.0,30.0,5.0,1.0,0.0,0.0,0.0,0.0,11.0,0.0,0.0,0.0,6.0,0.0,0.0,.167,.167,.200,.367,.263,-.--,93.0,4.0,10.0,6.0,6.0,2.0,0.0,0.0,0.0,0.0,0.0,1.0,0.0,0.0,0.0,2.0,0.0,0.0,.333,.333,.333,.666,.400,-.--,20.0,2.0,1.0,2025
607200,Erick Fedde,145,Chicago White Sox,,P,2026,,,,,,,,,,,,,,,,,,,,,,,,,,,,,,,,,,,,,,,,,,,,,,,,,2025
678882,Ceddanne Rafaela,111,Boston Red Sox,,CF,2026,324.0,301.0,85.0,19.0,3.0,7.0,16.0,0.0,64.0,6.0,0.0,1.0,131.0,35.0,8.0,.282,.331,.435,.766,.339,43.00,1208.0,79.0,74.0,587.0,546.0,136.0,34.0,4.0,16.0,28.0,0.0,117.0,8.0,2.0,3.0,226.0,63.0,9.0,.249,.295,.414,.709,.289,34.12,2128.0,139.0,159.0,2025
687075,Brandon Sproat,158,Milwaukee Brewers,,P,2026,,,,,,,,,,,,,,,,,,,,,,,,,,,,,,,,,,,,,,,,,,,,,,,,,2025
642020,Chuckie Robinson,119,Los Angeles Dodgers,,C,2026,26.0,23.0,2.0,0.0,0.0,0.0,0.0,0.0,5.0,0.0,0.0,3.0,2.0,1.0,0.0,.087,.087,.087,.174,.111,-.--,90.0,10.0,9.0,2.0,1.0,0.0,0.0,0.0,0.0,0.0,0.0,0.0,0.0,0.0,1.0,0.0,0.0,0.0,.000,.000,.000,.000,.000,-.--,4.0,2.0,0.0,2025
682982,Daniel Espino,114,Cleveland Guardians,,P,2026,,,,,,,,,,,,,,,,,,,,,,,,,,,,,,,,,,,,,,,,,,,,,,,,,2025
691176,Jasson Domínguez,147,New York Yankees,,RF,2026,100.0,94.0,20.0,7.0,0.0,3.0,4.0,0.0,22.0,1.0,0.0,0.0,36.0,9.0,0.0,.213,.253,.383,.636,.246,31.33,372.0,28.0,24.0,429.0,381.0,98.0,18.0,1.0,10.0,41.0,1.0,115.0,3.0,4.0,0.0,148.0,47.0,5.0,.257,.331,.388,.719,.338,38.10,1692.0,80.0,92.0,2025
682987,Spencer Jones,147,New York Yankees,,CF,2026,82.0,73.0,17.0,4.0,0.0,2.0,9.0,0.0,34.0,0.0,0.0,0.0,27.0,7.0,0.0,.233,.317,.370,.687,.405,36.50,362.0,7.0,15.0,,,,,,,,,,,,,,,,,,,,,,,,,2025
625643,Reynaldo López,144,Atlanta Braves,,P,2026,0.0,0.0,0.0,0.0,0.0,0.0,0.0,0.0,0.0,0.0,0.0,0.0,0.0,0.0,0.0,.000,.000,.000,.000,.---,-.--,0.0,0.0,0.0,,,,,,,,,,,,,,,,,,,,,,,,,2025
605170,Victor Caratini,142,Minnesota Twins,,C,2026,243.0,201.0,48.0,6.0,0.0,7.0,25.0,1.0,45.0,9.0,8.0,0.0,75.0,33.0,4.0,.239,.337,.373,.710,.261,28.71,915.0,58.0,58.0,386.0,344.0,89.0,14.0,0.0,12.0,23.0,0.0,65.0,13.0,6.0,0.0,139.0,46.0,8.0,.259,.324,.404,.728,.282,28.67,1417.0,93.0,103.0,2025
682997,Tyler Callihan,134,Pittsburgh Pirates,,LF,2026,69.0,59.0,14.0,2.0,2.0,3.0,8.0,0.0,23.0,1.0,1.0,0.0,29.0,13.0,0.0,.237,.333,.492,.825,.324,19.67,279.0,6.0,17.0,6.0,6.0,1.0,0.0,0.0,0.0,0.0,0.0,1.0,0.0,0.0,0.0,1.0,1.0,0.0,.167,.167,.167,.334,.200,-.--,22.0,3.0,1.0,2025
687093,Vaughn Grissom,108,Los Angeles Angels,,2B,2026,184.0,160.0,37.0,10.0,0.0,4.0,16.0,0.0,23.0,4.0,3.0,0.0,59.0,30.0,7.0,.231,.311,.369,.680,.243,40.00,722.0,45.0,58.0,,,,,,,,,,,,,,,,,,,,,,,,,2025
683000,Riley Cornelio,120,Washington Nationals,,P,2026,,,,,,,,,,,,,,,,,,,,,,,,,,,,,,,,,,,,,,,,,,,,,,,,,2025
592885,Christian Yelich,158,Milwaukee Brewers,,DH,2026,228.0,202.0,51.0,10.0,1.0,5.0,23.0,2.0,67.0,2.0,1.0,0.0,78.0,26.0,1.0,.252,.333,.386,.719,.351,40.40,982.0,52.0,33.0,644.0,573.0,151.0,21.0,0.0,29.0,64.0,6.0,167.0,6.0,1.0,0.0,259.0,103.0,6.0,.264,.343,.452,.795,.323,19.76,2601.0,174.0,82.0,2025
682998,Corbin Carroll,109,Arizona Diamondbacks,,RF,2026,354.0,309.0,83.0,17.0,10.0,13.0,39.0,1.0,78.0,4.0,2.0,0.0,159.0,44.0,4.0,.269,.356,.515,.871,.318,23.77,1364.0,71.0,79.0,642.0,564.0,146.0,32.0,17.0,31.0,67.0,4.0,153.0,7.0,4.0,0.0,305.0,84.0,6.0,.259,.343,.541,.884,.299,18.19,2497.0,111.0,158.0,2025
683002,Gunnar Henderson,110,Baltimore Orioles,,SS,2026,399.0,361.0,82.0,16.0,2.0,16.0,32.0,1.0,91.0,5.0,1.0,0.0,150.0,39.0,3.0,.227,.298,.416,.714,.259,22.56,1565.0,91.0,98.0,651.0,577.0,158.0,34.0,5.0,17.0,62.0,6.0,137.0,7.0,5.0,0.0,253.0,68.0,7.0,.274,.349,.438,.787,.329,33.94,2506.0,161.0,126.0,2025
683003,Jared Jones,134,Pittsburgh Pirates,,P,2026,,,,,,,,,,,,,,,,,,,,,,,,,,,,,,,,,,,,,,,,,,,,,,,,,2025
621566,Matt Olson,144,Atlanta Braves,,1B,2026,370.0,330.0,89.0,22.0,0.0,20.0,36.0,2.0,84.0,1.0,3.0,0.0,171.0,52.0,2.0,.270,.341,.518,.859,.301,16.50,1602.0,67.0,93.0,724.0,624.0,170.0,41.0,2.0,29.0,91.0,2.0,176.0,4.0,5.0,0.0,302.0,95.0,14.0,.272,.366,.484,.850,.333,21.52,3166.0,133.0,150.0,2025
609280,Miguel Andujar,135,San Diego Padres,,DH,2026,223.0,211.0,56.0,14.0,2.0,5.0,9.0,2.0,34.0,3.0,0.0,0.0,89.0,19.0,9.0,.265,.305,.422,.727,.297,42.20,824.0,71.0,50.0,341.0,321.0,102.0,17.0,1.0,10.0,17.0,1.0,49.0,1.0,2.0,0.0,151.0,44.0,8.0,.318,.352,.470,.822,.348,32.10,1214.0,87.0,85.0,2025
699393,Pedro Ramírez,112,Chicago Cubs,,2B,2026,56.0,52.0,13.0,3.0,0.0,1.0,3.0,0.0,9.0,0.0,0.0,1.0,19.0,6.0,2.0,.250,.291,.365,.656,.286,52.00,190.0,18.0,13.0,,,,,,,,,,,,,,,,,,,,,,,,,2025
668678,Zac Gallen,109,Arizona Diamondbacks,,P,2026,,,,,,,,,,,,,,,,,,,,,,,,,,,,,,,,,,,,,,,,,,,,,,,,,2025
683011,Anthony Volpe,147,New York Yankees,,SS,2026,140.0,122.0,30.0,6.0,1.0,1.0,18.0,0.0,31.0,0.0,0.0,0.0,41.0,13.0,0.0,.246,.343,.336,.679,.322,122.00,565.0,28.0,33.0,596.0,539.0,114.0,32.0,4.0,19.0,43.0,0.0,150.0,4.0,7.0,3.0,211.0,72.0,10.0,.212,.272,.391,.663,.252,28.37,2397.0,135.0,150.0,2025
500743,Miguel Rojas,119,Los Angeles Dodgers,,SS,2026,144.0,126.0,36.0,7.0,0.0,3.0,10.0,0.0,14.0,2.0,4.0,2.0,52.0,15.0,6.0,.286,.338,.413,.751,.292,42.00,507.0,41.0,41.0,317.0,290.0,76.0,18.0,0.0,7.0,24.0,1.0,46.0,0.0,0.0,3.0,115.0,27.0,7.0,.262,.318,.397,.715,.291,41.43,1166.0,83.0,88.0,2025
553993,Eugenio Suárez,113,Cincinnati Reds,,DH,2026,230.0,208.0,43.0,10.0,0.0,8.0,19.0,0.0,77.0,2.0,1.0,0.0,77.0,29.0,2.0,.207,.278,.370,.648,.282,26.00,927.0,40.0,49.0,657.0,588.0,134.0,28.0,0.0,49.0,46.0,2.0,196.0,16.0,7.0,0.0,309.0,118.0,11.0,.228,.298,.526,.824,.243,12.00,2606.0,100.0,165.0,2025
672782,Yoendrys Gómez,142,Minnesota Twins,,P,2026,,,,,,,,,,,,,,,,,,,,,,,,,,,,,,,,,,,,,,,,,,,,,,,,,2025
676879,Aaron Ashby,158,Milwaukee Brewers,,P,2026,,,,,,,,,,,,,,,,,,,,,,,,,,,,,,,,,,,,,,,,,,,,,,,,,2025
674841,Andrew Alvarez,120,Washington Nationals,,P,2026,,,,,,,,,,,,,,,,,,,,,,,,,,,,,,,,,,,,,,,,,,,,,,,,,2025
607259,Nick Martinez,139,Tampa Bay Rays,,P,2026,,,,,,,,,,,,,,,,,,,,,,,,,,,,,,,,,,,,,,,,,,,,,,,,,2025
668709,JJ Bleday,113,Cincinnati Reds,,LF,2026,246.0,207.0,49.0,11.0,1.0,13.0,34.0,1.0,50.0,2.0,2.0,0.0,101.0,37.0,5.0,.237,.347,.488,.835,.247,15.92,976.0,38.0,72.0,344.0,307.0,65.0,17.0,0.0,14.0,36.0,2.0,91.0,0.0,1.0,0.0,124.0,39.0,6.0,.212,.294,.404,.698,.251,21.93,1328.0,61.0,91.0,2025
642086,Dominic Smith,144,Atlanta Braves,,DH,2026,207.0,187.0,52.0,6.0,1.0,6.0,13.0,0.0,27.0,1.0,5.0,1.0,78.0,35.0,5.0,.278,.320,.417,.737,.289,31.17,778.0,53.0,61.0,225.0,204.0,58.0,12.0,0.0,5.0,15.0,0.0,42.0,2.0,4.0,0.0,85.0,33.0,5.0,.284,.333,.417,.750,.329,40.80,848.0,46.0,62.0,2025
666661,Juan Morillo,109,Arizona Diamondbacks,,P,2026,,,,,,,,,,,,,,,,,,,,,,,,,0.0,0.0,0.0,0.0,0.0,0.0,0.0,0.0,0.0,0.0,0.0,0.0,0.0,0.0,0.0,.000,.000,.000,.000,.---,-.--,0.0,0.0,0.0,2025
668715,Spencer Steer,113,Cincinnati Reds,,LF,2026,321.0,285.0,67.0,12.0,0.0,13.0,30.0,0.0,75.0,3.0,2.0,0.0,118.0,34.0,8.0,.235,.313,.414,.727,.271,21.92,1269.0,70.0,75.0,568.0,509.0,121.0,21.0,2.0,21.0,51.0,0.0,129.0,5.0,2.0,1.0,209.0,75.0,12.0,.238,.312,.411,.723,.277,24.24,2316.0,99.0,163.0,2025
670770,TJ Friedl,113,Cincinnati Reds,,CF,2026,190.0,166.0,30.0,6.0,0.0,3.0,14.0,0.0,45.0,4.0,1.0,5.0,45.0,10.0,1.0,.181,.259,.271,.530,.227,55.33,705.0,48.0,49.0,685.0,579.0,151.0,22.0,2.0,14.0,81.0,0.0,115.0,16.0,5.0,4.0,219.0,53.0,7.0,.261,.364,.378,.742,.301,41.36,2645.0,141.0,181.0,2025
670764,Taylor Walls,139,Tampa Bay Rays,,SS,2026,237.0,198.0,46.0,11.0,2.0,0.0,29.0,0.0,57.0,2.0,2.0,6.0,61.0,20.0,2.0,.232,.333,.308,.641,.322,-.--,965.0,41.0,62.0,317.0,282.0,62.0,14.0,1.0,4.0,26.0,0.0,70.0,0.0,6.0,3.0,90.0,38.0,1.0,.220,.280,.319,.599,.271,70.50,1278.0,70.0,89.0,2025
642100,Gabe Speier,136,Seattle Mariners,,P,2026,0.0,0.0,0.0,0.0,0.0,0.0,0.0,0.0,0.0,0.0,0.0,0.0,0.0,0.0,0.0,.000,.000,.000,.000,.---,-.--,0.0,0.0,0.0,,,,,,,,,,,,,,,,,,,,,,,,,2025
668723,Ryan Vilade,139,Tampa Bay Rays,,RF,2026,144.0,126.0,35.0,6.0,1.0,6.0,13.0,0.0,29.0,1.0,3.0,1.0,61.0,28.0,2.0,.278,.343,.484,.827,.309,21.00,583.0,27.0,39.0,15.0,13.0,1.0,0.0,0.0,0.0,2.0,0.0,5.0,0.0,0.0,0.0,1.0,0.0,1.0,.077,.200,.077,.277,.125,-.--,60.0,6.0,1.0,2025
693304,Nick Gonzales,134,Pittsburgh Pirates,,3B,2026,333.0,305.0,93.0,11.0,1.0,4.0,21.0,0.0,61.0,6.0,1.0,0.0,118.0,38.0,9.0,.305,.360,.387,.747,.369,76.25,1238.0,92.0,60.0,408.0,381.0,99.0,18.0,3.0,5.0,21.0,0.0,73.0,2.0,4.0,0.0,138.0,30.0,12.0,.260,.299,.362,.661,.306,76.20,1405.0,104.0,109.0,2025
676917,Cade Cavalli,120,Washington Nationals,,P,2026,,,,,,,,,,,,,,,,,,,,,,,,,0.0,0.0,0.0,0.0,0.0,0.0,0.0,0.0,0.0,0.0,0.0,0.0,0.0,0.0,0.0,.000,.000,.000,.000,.---,-.--,0.0,0.0,0.0,2025
685126,Brandon Eisert,145,Chicago White Sox,,P,2026,0.0,0.0,0.0,0.0,0.0,0.0,0.0,0.0,0.0,0.0,0.0,0.0,0.0,0.0,0.0,.000,.000,.000,.000,.---,-.--,0.0,0.0,0.0,,,,,,,,,,,,,,,,,,,,,,,,,2025
642121,Cole Sulser,139,Tampa Bay Rays,,P,2026,,,,,,,,,,,,,,,,,,,,,,,,,,,,,,,,,,,,,,,,,,,,,,,,,2025
519242,Chris Sale,144,Atlanta Braves,,P,2026,,,,,,,,,,,,,,,,,,,,,,,,,,,,,,,,,,,,,,,,,,,,,,,,,2025
683083,Nasim Nuñez,120,Washington Nationals,,2B,2026,284.0,245.0,57.0,4.0,3.0,1.0,31.0,0.0,68.0,1.0,1.0,6.0,70.0,28.0,3.0,.233,.320,.286,.606,.316,245.00,1165.0,69.0,58.0,92.0,82.0,19.0,2.0,0.0,4.0,8.0,0.0,20.0,0.0,1.0,1.0,33.0,13.0,1.0,.232,.297,.402,.699,.254,20.50,417.0,26.0,19.0,2025
681035,Christian Scott,121,New York Mets,,P,2026,,,,,,,,,,,,,,,,,,,,,,,,,,,,,,,,,,,,,,,,,,,,,,,,,2025
685133,Wade Meckler,108,Los Angeles Angels,,LF,2026,123.0,110.0,31.0,7.0,0.0,2.0,13.0,0.0,27.0,0.0,0.0,0.0,44.0,15.0,1.0,.282,.358,.400,.758,.358,55.00,426.0,26.0,26.0,,,,,,,,,,,,,,,,,,,,,,,,,2025
701519,Travis Adams,142,Minnesota Twins,,P,2026,,,,,,,,,,,,,,,,,,,,,,,,,,,,,,,,,,,,,,,,,,,,,,,,,2025
656464,Kevin Ginkel,109,Arizona Diamondbacks,,P,2026,,,,,,,,,,,,,,,,,,,,,,,,,,,,,,,,,,,,,,,,,,,,,,,,,2025
701538,Jackson Merrill,135,San Diego Padres,,CF,2026,350.0,321.0,68.0,15.0,1.0,9.0,25.0,2.0,88.0,1.0,0.0,3.0,112.0,32.0,5.0,.212,.271,.349,.620,.263,35.67,1386.0,77.0,91.0,483.0,440.0,116.0,25.0,6.0,16.0,33.0,1.0,108.0,4.0,5.0,1.0,201.0,67.0,4.0,.264,.317,.457,.774,.312,27.50,1703.0,88.0,134.0,2025
656484,Tristan Gray,142,Minnesota Twins,,SS,2026,169.0,155.0,36.0,5.0,0.0,4.0,9.0,0.0,52.0,1.0,3.0,1.0,53.0,28.0,1.0,.232,.274,.342,.616,.314,38.75,663.0,25.0,46.0,86.0,78.0,18.0,5.0,0.0,3.0,6.0,0.0,19.0,0.0,1.0,1.0,32.0,9.0,0.0,.231,.282,.410,.692,.263,26.00,315.0,16.0,27.0,2025
701542,Will Warren,147,New York Yankees,,P,2026,,,,,,,,,,,,,,,,,,,,,,,,,,,,,,,,,,,,,,,,,,,,,,,,,2025
689254,Mason Fluharty,141,Toronto Blue Jays,,P,2026,,,,,,,,,,,,,,,,,,,,,,,,,,,,,,,,,,,,,,,,,,,,,,,,,2025
656492,Foster Griffin,120,Washington Nationals,,P,2026,,,,,,,,,,,,,,,,,,,,,,,,,,,,,,,,,,,,,,,,,,,,,,,,,2025
676974,Max Meyer,146,Miami Marlins,,P,2026,,,,,,,,,,,,,,,,,,,,,,,,,,,,,,,,,,,,,,,,,,,,,,,,,2025
805999,A.J. Ewing,121,New York Mets,,CF,2026,181.0,157.0,42.0,7.0,1.0,4.0,20.0,0.0,45.0,1.0,1.0,2.0,63.0,19.0,1.0,.268,.352,.401,.753,.349,39.25,746.0,34.0,39.0,,,,,,,,,,,,,,,,,,,,,,,,,2025
689266,Dylan Dodd,144,Atlanta Braves,,P,2026,,,,,,,,,,,,,,,,,,,,,,,,,,,,,,,,,,,,,,,,,,,,,,,,,2025
687221,Dalton Rushing,119,Los Angeles Dodgers,,C,2026,181.0,160.0,42.0,8.0,0.0,10.0,16.0,0.0,47.0,4.0,1.0,0.0,80.0,29.0,2.0,.263,.343,.500,.843,.308,16.00,665.0,28.0,44.0,155.0,142.0,29.0,5.0,0.0,4.0,10.0,0.0,58.0,1.0,2.0,0.0,46.0,24.0,1.0,.204,.258,.324,.582,.305,35.50,600.0,22.0,35.0,2025
687223,Carson Palmquist,120,Washington Nationals,,P,2026,,,,,,,,,,,,,,,,,,,,,,,,,,,,,,,,,,,,,,,,,,,,,,,,,2025
703607,Henry Bolte,133,Athletics,,CF,2026,170.0,147.0,43.0,6.0,0.0,2.0,14.0,0.0,48.0,6.0,2.0,0.0,55.0,14.0,3.0,.293,.373,.374,.747,.414,73.50,607.0,40.0,18.0,,,,,,,,,,,,,,,,,,,,,,,,,2025
695418,Brad Lord,120,Washington Nationals,,P,2026,0.0,0.0,0.0,0.0,0.0,0.0,0.0,0.0,0.0,0.0,0.0,0.0,0.0,0.0,0.0,.000,.000,.000,.000,.---,-.--,0.0,0.0,0.0,,,,,,,,,,,,,,,,,,,,,,,,,2025
664702,Myles Straw,141,Toronto Blue Jays,,RF,2026,152.0,134.0,32.0,6.0,0.0,3.0,13.0,0.0,22.0,0.0,3.0,2.0,47.0,16.0,2.0,.239,.300,.351,.651,.259,44.67,598.0,41.0,44.0,299.0,267.0,70.0,14.0,1.0,4.0,19.0,0.0,50.0,1.0,1.0,11.0,98.0,32.0,5.0,.262,.313,.367,.680,.308,66.75,1104.0,68.0,91.0,2025
703615,Jose Cabrera,109,Arizona Diamondbacks,,P,2026,,,,,,,,,,,,,,,,,,,,,,,,,,,,,,,,,,,,,,,,,,,,,,,,,2025
687231,Darell Hernaiz,133,Athletics,,SS,2026,134.0,118.0,28.0,3.0,0.0,1.0,13.0,0.0,23.0,1.0,0.0,2.0,34.0,7.0,1.0,.237,.318,.288,.606,.287,118.00,519.0,28.0,41.0,197.0,173.0,40.0,5.0,1.0,2.0,17.0,0.0,24.0,0.0,5.0,2.0,53.0,16.0,2.0,.231,.292,.306,.598,.250,86.50,712.0,61.0,55.0,2025
668804,Bryan Reynolds,134,Pittsburgh Pirates,,LF,2026,382.0,318.0,89.0,20.0,2.0,11.0,57.0,2.0,86.0,5.0,2.0,0.0,146.0,53.0,4.0,.280,.395,.459,.854,.350,28.91,1525.0,81.0,64.0,654.0,587.0,144.0,38.0,3.0,16.0,57.0,1.0,173.0,7.0,3.0,0.0,236.0,73.0,15.0,.245,.318,.402,.720,.319,36.69,2631.0,155.0,118.0,2025
543877,Christian Vázquez,117,Houston Astros,,C,2026,178.0,162.0,35.0,6.0,0.0,4.0,13.0,1.0,29.0,0.0,0.0,3.0,53.0,19.0,2.0,.216,.274,.327,.601,.240,40.50,688.0,48.0,53.0,214.0,190.0,36.0,7.0,0.0,3.0,18.0,0.0,35.0,4.0,2.0,0.0,52.0,14.0,3.0,.189,.271,.274,.545,.214,63.33,833.0,48.0,73.0,2025
547973,Aroldis Chapman,111,Boston Red Sox,,P,2026,0.0,0.0,0.0,0.0,0.0,0.0,0.0,0.0,0.0,0.0,0.0,0.0,0.0,0.0,0.0,.000,.000,.000,.000,.---,-.--,0.0,0.0,0.0,0.0,0.0,0.0,0.0,0.0,0.0,0.0,0.0,0.0,0.0,0.0,0.0,0.0,0.0,0.0,.000,.000,.000,.000,.---,-.--,0.0,0.0,0.0,2025
683146,Brett Baty,121,New York Mets,,3B,2026,286.0,251.0,53.0,10.0,1.0,3.0,28.0,0.0,78.0,3.0,3.0,0.0,74.0,27.0,2.0,.211,.295,.295,.590,.289,83.67,1154.0,60.0,63.0,432.0,393.0,100.0,13.0,2.0,18.0,33.0,0.0,108.0,2.0,3.0,0.0,171.0,50.0,6.0,.254,.313,.435,.748,.304,21.83,1753.0,117.0,71.0,2025
642201,Eli White,144,Atlanta Braves,,RF,2026,115.0,107.0,23.0,4.0,1.0,3.0,6.0,0.0,25.0,1.0,1.0,0.0,38.0,14.0,1.0,.215,.261,.355,.616,.250,35.67,450.0,40.0,20.0,271.0,256.0,60.0,8.0,3.0,10.0,11.0,1.0,70.0,2.0,1.0,1.0,104.0,35.0,2.0,.234,.270,.406,.676,.282,25.60,1001.0,61.0,67.0,2025
642207,Devin Williams,121,New York Mets,,P,2026,0.0,0.0,0.0,0.0,0.0,0.0,0.0,0.0,0.0,0.0,0.0,0.0,0.0,0.0,0.0,.000,.000,.000,.000,.---,-.--,0.0,0.0,0.0,,,,,,,,,,,,,,,,,,,,,,,,,2025
687263,Zach Neto,108,Los Angeles Angels,,SS,2026,383.0,334.0,75.0,17.0,2.0,18.0,41.0,1.0,122.0,7.0,1.0,0.0,150.0,42.0,2.0,.225,.321,.449,.770,.292,18.56,1512.0,51.0,87.0,554.0,502.0,129.0,29.0,1.0,26.0,33.0,6.0,149.0,14.0,3.0,2.0,238.0,62.0,5.0,.257,.319,.474,.793,.312,19.31,2171.0,96.0,133.0,2025
668831,Garrett Stallings,158,Milwaukee Brewers,,P,2026,,,,,,,,,,,,,,,,,,,,,,,,,,,,,,,,,,,,,,,,,,,,,,,,,2025
656546,Jeff Hoffman,141,Toronto Blue Jays,,P,2026,,,,,,,,,,,,,,,,,,,,,,,,,0.0,0.0,0.0,0.0,0.0,0.0,0.0,0.0,0.0,0.0,0.0,0.0,0.0,0.0,0.0,.000,.000,.000,.000,.---,-.--,0.0,0.0,0.0,2025
656550,Grant Holmes,144,Atlanta Braves,,P,2026,,,,,,,,,,,,,,,,,,,,,,,,,,,,,,,,,,,,,,,,,,,,,,,,,2025
656555,Rhys Hoskins,114,Cleveland Guardians,,1B,2026,245.0,199.0,36.0,13.0,0.0,7.0,39.0,0.0,77.0,3.0,4.0,0.0,70.0,29.0,3.0,.181,.318,.352,.670,.244,28.43,1056.0,29.0,61.0,328.0,279.0,66.0,12.0,1.0,12.0,38.0,2.0,91.0,5.0,6.0,0.0,116.0,43.0,6.0,.237,.332,.416,.748,.297,23.25,1429.0,41.0,87.0,2025
642215,Weston Wilson,136,Seattle Mariners,,3B,2026,59.0,52.0,11.0,1.0,0.0,1.0,6.0,0.0,16.0,1.0,0.0,0.0,15.0,5.0,0.0,.212,.305,.288,.593,.286,52.00,246.0,10.0,15.0,125.0,111.0,22.0,4.0,0.0,5.0,12.0,0.0,34.0,1.0,0.0,1.0,41.0,17.0,1.0,.198,.282,.369,.651,.236,22.20,536.0,30.0,26.0,2025
806068,Colt Emerson,136,Seattle Mariners,,SS,2026,135.0,122.0,26.0,5.0,1.0,7.0,11.0,0.0,44.0,2.0,0.0,0.0,54.0,19.0,1.0,.213,.289,.443,.732,.268,17.43,556.0,26.0,26.0,,,,,,,,,,,,,,,,,,,,,,,,,2025
642232,Ryan Yarbrough,147,New York Yankees,,P,2026,,,,,,,,,,,,,,,,,,,,,,,,,,,,,,,,,,,,,,,,,,,,,,,,,2025
666808,Camilo Doval,147,New York Yankees,,P,2026,,,,,,,,,,,,,,,,,,,,,,,,,,,,,,,,,,,,,,,,,,,,,,,,,2025
693433,Bryan Woo,136,Seattle Mariners,,P,2026,,,,,,,,,,,,,,,,,,,,,,,,,,,,,,,,,,,,,,,,,,,,,,,,,2025
672960,Kazuma Okamoto,141,Toronto Blue Jays,,3B,2026,344.0,304.0,73.0,11.0,0.0,19.0,33.0,0.0,110.0,5.0,2.0,0.0,141.0,54.0,5.0,.240,.323,.464,.787,.305,16.00,1459.0,55.0,68.0,,,,,,,,,,,,,,,,,,,,,,,,,2025
656577,Alex Jackson,142,Minnesota Twins,,C,2026,47.0,45.0,14.0,3.0,0.0,0.0,0.0,0.0,14.0,2.0,0.0,0.0,17.0,3.0,0.0,.311,.340,.378,.718,.452,-.--,162.0,8.0,9.0,100.0,91.0,20.0,8.0,0.0,5.0,5.0,0.0,37.0,4.0,0.0,0.0,43.0,8.0,2.0,.220,.290,.473,.763,.306,18.20,399.0,16.0,18.0,2025
695490,Edwin Arroyo,113,Cincinnati Reds,,2B,2026,82.0,74.0,19.0,3.0,0.0,0.0,3.0,0.0,20.0,3.0,1.0,1.0,22.0,4.0,0.0,.257,.309,.297,.606,.345,-.--,289.0,18.0,19.0,,,,,,,,,,,,,,,,,,,,,,,,,2025
664770,Nathan Lukes,141,Toronto Blue Jays,,RF,2026,183.0,167.0,50.0,8.0,0.0,4.0,9.0,0.0,29.0,4.0,1.0,2.0,70.0,17.0,6.0,.299,.348,.419,.767,.341,41.75,733.0,52.0,39.0,438.0,388.0,99.0,19.0,2.0,12.0,38.0,2.0,60.0,2.0,3.0,7.0,158.0,65.0,12.0,.255,.323,.407,.730,.273,32.33,1662.0,125.0,114.0,2025
691406,Junior Caminero,139,Tampa Bay Rays,,3B,2026,368.0,319.0,92.0,12.0,0.0,24.0,47.0,6.0,65.0,0.0,2.0,0.0,176.0,54.0,16.0,.288,.378,.552,.930,.293,13.29,1429.0,101.0,63.0,653.0,602.0,159.0,28.0,0.0,45.0,41.0,1.0,125.0,3.0,7.0,0.0,322.0,110.0,31.0,.264,.311,.535,.846,.260,13.38,2494.0,169.0,156.0,2025
660688,Keibert Ruiz,120,Washington Nationals,,C,2026,190.0,179.0,51.0,16.0,0.0,6.0,7.0,0.0,25.0,2.0,2.0,0.0,85.0,33.0,5.0,.285,.316,.475,.791,.300,29.83,623.0,49.0,56.0,267.0,255.0,63.0,12.0,0.0,2.0,8.0,0.0,26.0,3.0,1.0,0.0,81.0,25.0,4.0,.247,.277,.318,.595,.268,127.50,888.0,93.0,74.0,2025
695505,Chase Burns,113,Cincinnati Reds,,P,2026,,,,,,,,,,,,,,,,,,,,,,,,,,,,,,,,,,,,,,,,,,,,,,,,,2025
693459,Kyler Fedko,142,Minnesota Twins,,LF,2026,13.0,10.0,0.0,0.0,0.0,0.0,2.0,0.0,4.0,0.0,1.0,0.0,0.0,1.0,0.0,.000,.154,.000,.154,.000,-.--,55.0,3.0,4.0,,,,,,,,,,,,,,,,,,,,,,,,,2025
668885,Austin Martin,142,Minnesota Twins,,RF,2026,257.0,220.0,53.0,11.0,0.0,2.0,31.0,0.0,46.0,5.0,1.0,0.0,70.0,17.0,4.0,.241,.346,.318,.664,.295,110.00,1012.0,60.0,62.0,181.0,156.0,44.0,8.0,1.0,1.0,22.0,0.0,31.0,1.0,0.0,2.0,57.0,7.0,6.0,.282,.374,.365,.739,.347,156.00,749.0,50.0,33.0,2025
656605,Mitch Keller,134,Pittsburgh Pirates,,P,2026,,,,,,,,,,,,,,,,,,,,,,,,,,,,,,,,,,,,,,,,,,,,,,,,,2025
687330,Kevin Kelly,139,Tampa Bay Rays,,P,2026,,,,,,,,,,,,,,,,,,,,,,,,,0.0,0.0,0.0,0.0,0.0,0.0,0.0,0.0,0.0,0.0,0.0,0.0,0.0,0.0,0.0,.000,.000,.000,.000,.---,-.--,0.0,0.0,0.0,2025
670950,Trevor Richards,145,Chicago White Sox,,P,2026,0.0,0.0,0.0,0.0,0.0,0.0,0.0,0.0,0.0,0.0,0.0,0.0,0.0,0.0,0.0,.000,.000,.000,.000,.---,-.--,0.0,0.0,0.0,0.0,0.0,0.0,0.0,0.0,0.0,0.0,0.0,0.0,0.0,0.0,0.0,0.0,0.0,0.0,.000,.000,.000,.000,.---,-.--,0.0,0.0,0.0,2025
668901,Mark Vientos,121,New York Mets,,1B,2026,245.0,230.0,48.0,9.0,0.0,10.0,11.0,0.0,59.0,2.0,2.0,0.0,87.0,33.0,10.0,.209,.249,.378,.627,.233,23.00,884.0,57.0,68.0,463.0,424.0,99.0,21.0,2.0,17.0,30.0,0.0,115.0,5.0,4.0,0.0,175.0,61.0,11.0,.233,.289,.413,.702,.277,24.94,1764.0,113.0,101.0,2025
660710,Rodolfo Durán,135,San Diego Padres,,C,2026,79.0,70.0,9.0,4.0,0.0,3.0,7.0,0.0,19.0,1.0,0.0,1.0,22.0,8.0,3.0,.129,.218,.314,.532,.125,23.33,300.0,23.0,20.0,,,,,,,,,,,,,,,,,,,,,,,,,2025
668904,Royce Lewis,142,Minnesota Twins,,3B,2026,218.0,194.0,41.0,8.0,0.0,8.0,20.0,0.0,60.0,2.0,2.0,0.0,73.0,23.0,2.0,.211,.289,.376,.665,.258,24.25,853.0,37.0,58.0,403.0,376.0,89.0,18.0,0.0,13.0,25.0,0.0,80.0,0.0,2.0,0.0,146.0,52.0,7.0,.237,.283,.388,.671,.267,28.92,1517.0,76.0,133.0,2025
699625,Jimmy Crooks,138,St. Louis Cardinals,,C,2026,61.0,55.0,9.0,2.0,0.0,1.0,5.0,0.0,19.0,1.0,0.0,0.0,14.0,7.0,1.0,.164,.246,.255,.501,.229,55.00,244.0,14.0,13.0,46.0,45.0,6.0,0.0,1.0,1.0,0.0,0.0,17.0,1.0,0.0,0.0,11.0,1.0,1.0,.133,.152,.244,.396,.185,45.00,199.0,8.0,14.0,2025
681190,Randy Vásquez,135,San Diego Padres,,P,2026,,,,,,,,,,,,,,,,,,,,,,,,,,,,,,,,,,,,,,,,,,,,,,,,,2025
668909,Gavin Williams,114,Cleveland Guardians,,P,2026,,,,,,,,,,,,,,,,,,,,,,,,,,,,,,,,,,,,,,,,,,,,,,,,,2025
701675,Nathan Church,138,St. Louis Cardinals,,LF,2026,220.0,205.0,52.0,9.0,1.0,7.0,11.0,0.0,46.0,2.0,2.0,0.0,84.0,25.0,4.0,.254,.295,.410,.705,.292,29.29,842.0,55.0,54.0,65.0,56.0,10.0,1.0,0.0,1.0,3.0,0.0,18.0,3.0,1.0,2.0,14.0,8.0,0.0,.179,.254,.250,.504,.237,56.00,257.0,20.0,11.0,2025
695534,Chase Petty,113,Cincinnati Reds,,P,2026,,,,,,,,,,,,,,,,,,,,,,,,,,,,,,,,,,,,,,,,,,,,,,,,,2025
650490,Yandy Díaz,139,Tampa Bay Rays,,DH,2026,356.0,307.0,100.0,15.0,1.0,12.0,37.0,4.0,46.0,9.0,3.0,0.0,153.0,53.0,9.0,.326,.410,.498,.908,.349,25.58,1321.0,93.0,71.0,651.0,583.0,175.0,29.0,1.0,25.0,57.0,4.0,92.0,6.0,5.0,0.0,281.0,83.0,12.0,.300,.366,.482,.848,.318,23.32,2525.0,193.0,128.0,2025
670970,Adrian Morejon,135,San Diego Padres,,P,2026,,,,,,,,,,,,,,,,,,,,,,,,,,,,,,,,,,,,,,,,,,,,,,,,,2025
681217,Chase Silseth,108,Los Angeles Angels,,P,2026,,,,,,,,,,,,,,,,,,,,,,,,,,,,,,,,,,,,,,,,,,,,,,,,,2025
691458,Blaze Jordan,138,St. Louis Cardinals,,3B,2026,63.0,56.0,12.0,3.0,1.0,1.0,3.0,0.0,7.0,0.0,4.0,0.0,20.0,13.0,2.0,.214,.238,.357,.595,.212,56.00,230.0,23.0,18.0,,,,,,,,,,,,,,,,,,,,,,,,,2025
668930,Brice Turang,158,Milwaukee Brewers,,2B,2026,368.0,313.0,81.0,18.0,3.0,12.0,50.0,3.0,97.0,0.0,2.0,3.0,141.0,49.0,7.0,.259,.359,.450,.809,.335,26.08,1526.0,83.0,57.0,659.0,584.0,168.0,28.0,2.0,18.0,66.0,1.0,150.0,2.0,5.0,2.0,254.0,81.0,3.0,.288,.359,.435,.794,.356,32.44,2772.0,132.0,141.0,2025
689414,Liam Hicks,146,Miami Marlins,,C,2026,302.0,262.0,74.0,7.0,1.0,13.0,29.0,1.0,28.0,5.0,5.0,1.0,122.0,54.0,3.0,.282,.359,.466,.825,.270,20.15,1082.0,80.0,86.0,390.0,332.0,82.0,13.0,1.0,6.0,43.0,0.0,56.0,9.0,3.0,3.0,115.0,45.0,5.0,.247,.346,.346,.692,.278,55.33,1537.0,101.0,99.0,2025
668939,Adley Rutschman,110,Baltimore Orioles,,C,2026,240.0,210.0,53.0,15.0,1.0,8.0,24.0,0.0,36.0,1.0,5.0,0.0,94.0,43.0,5.0,.252,.325,.448,.773,.263,26.25,981.0,54.0,72.0,365.0,322.0,71.0,16.0,2.0,9.0,40.0,0.0,57.0,1.0,2.0,0.0,118.0,29.0,8.0,.220,.307,.366,.673,.240,35.78,1491.0,93.0,103.0,2025
668941,JoJo Romero,138,St. Louis Cardinals,,P,2026,,,,,,,,,,,,,,,,,,,,,,,,,,,,,,,,,,,,,,,,,,,,,,,,,2025
670990,Yohan Ramírez,134,Pittsburgh Pirates,,P,2026,,,,,,,,,,,,,,,,,,,,,,,,,,,,,,,,,,,,,,,,,,,,,,,,,2025
687377,Orlando Ribalta,120,Washington Nationals,,P,2026,0.0,0.0,0.0,0.0,0.0,0.0,0.0,0.0,0.0,0.0,0.0,0.0,0.0,0.0,0.0,.000,.000,.000,.000,.---,-.--,0.0,0.0,0.0,,,,,,,,,,,,,,,,,,,,,,,,,2025
664854,Ryan Helsley,110,Baltimore Orioles,,P,2026,,,,,,,,,,,,,,,,,,,,,,,,,0.0,0.0,0.0,0.0,0.0,0.0,0.0,0.0,0.0,0.0,0.0,0.0,0.0,0.0,0.0,.000,.000,.000,.000,.---,-.--,0.0,0.0,0.0,2025
668952,Ryan Kreidler,142,Minnesota Twins,,CF,2026,116.0,104.0,29.0,3.0,2.0,5.0,11.0,0.0,21.0,1.0,0.0,0.0,51.0,23.0,3.0,.279,.353,.490,.843,.308,20.80,438.0,26.0,28.0,44.0,38.0,4.0,0.0,0.0,0.0,4.0,0.0,19.0,0.0,0.0,2.0,4.0,0.0,0.0,.105,.190,.105,.295,.211,-.--,179.0,9.0,8.0,2025
660761,José Suarez,133,Athletics,,P,2026,,,,,,,,,,,,,,,,,,,,,,,,,,,,,,,,,,,,,,,,,,,,,,,,,2025
695578,James Wood,120,Washington Nationals,,RF,2026,411.0,339.0,90.0,21.0,0.0,22.0,66.0,8.0,125.0,4.0,2.0,0.0,177.0,55.0,3.0,.265,.389,.522,.911,.351,15.41,1730.0,62.0,64.0,689.0,598.0,153.0,38.0,0.0,31.0,85.0,8.0,221.0,3.0,3.0,0.0,284.0,94.0,12.0,.256,.350,.475,.825,.350,19.29,2887.0,143.0,84.0,2025
687401,Joey Ortiz,158,Milwaukee Brewers,,SS,2026,204.0,178.0,36.0,5.0,0.0,2.0,20.0,0.0,38.0,0.0,3.0,3.0,47.0,19.0,4.0,.202,.279,.264,.543,.241,89.00,790.0,58.0,52.0,506.0,470.0,108.0,18.0,1.0,7.0,27.0,0.0,74.0,3.0,0.0,6.0,149.0,45.0,10.0,.230,.276,.317,.593,.260,67.14,1873.0,132.0,162.0,2025
687396,Brent Headrick,147,New York Yankees,,P,2026,,,,,,,,,,,,,,,,,,,,,,,,,,,,,,,,,,,,,,,,,,,,,,,,,2025
668970,Gavin Hollowell,112,Chicago Cubs,,P,2026,,,,,,,,,,,,,,,,,,,,,,,,,,,,,,,,,,,,,,,,,,,,,,,,,2025
664875,Justin Lawrence,120,Washington Nationals,,P,2026,,,,,,,,,,,,,,,,,,,,,,,,,,,,,,,,,,,,,,,,,,,,,,,,,2025
806188,Cade Gibson,146,Miami Marlins,,P,2026,0.0,0.0,0.0,0.0,0.0,0.0,0.0,0.0,0.0,0.0,0.0,0.0,0.0,0.0,0.0,.000,.000,.000,.000,.---,-.--,0.0,0.0,0.0,,,,,,,,,,,,,,,,,,,,,,,,,2025
642350,Jose Siri,108,Los Angeles Angels,,CF,2026,82.0,72.0,19.0,3.0,0.0,4.0,6.0,0.0,21.0,1.0,1.0,2.0,34.0,16.0,3.0,.264,.325,.472,.797,.313,18.00,307.0,15.0,20.0,36.0,32.0,2.0,2.0,0.0,0.0,4.0,0.0,17.0,0.0,0.0,0.0,4.0,1.0,0.0,.063,.167,.125,.292,.133,-.--,162.0,3.0,10.0,2025
800048,Parker Messick,114,Cleveland Guardians,,P,2026,,,,,,,,,,,,,,,,,,,,,,,,,,,,,,,,,,,,,,,,,,,,,,,,,2025
605488,Jeffrey Springs,133,Athletics,,P,2026,,,,,,,,,,,,,,,,,,,,,,,,,,,,,,,,,,,,,,,,,,,,,,,,,2025
800050,Chase DeLauter,114,Cleveland Guardians,,RF,2026,293.0,263.0,72.0,15.0,1.0,7.0,28.0,0.0,38.0,0.0,2.0,0.0,110.0,39.0,6.0,.274,.341,.418,.759,.295,37.57,1103.0,67.0,88.0,,,,,,,,,,,,,,,,,,,,,,,,,2025
806198,Cooper Pratt,158,Milwaukee Brewers,,SS,2026,51.0,44.0,8.0,1.0,0.0,0.0,6.0,0.0,10.0,0.0,1.0,0.0,9.0,2.0,3.0,.182,.275,.205,.480,.229,-.--,193.0,18.0,9.0,,,,,,,,,,,,,,,,,,,,,,,,,2025
668984,Casey Legumina,139,Tampa Bay Rays,,P,2026,,,,,,,,,,,,,,,,,,,,,,,,,0.0,0.0,0.0,0.0,0.0,0.0,0.0,0.0,0.0,0.0,0.0,0.0,0.0,0.0,0.0,.000,.000,.000,.000,.---,-.--,0.0,0.0,0.0,2025
695611,Gage Jump,133,Athletics,,P,2026,,,,,,,,,,,,,,,,,,,,,,,,,,,,,,,,,,,,,,,,,,,,,,,,,2025
650556,Bryan Abreu,117,Houston Astros,,P,2026,,,,,,,,,,,,,,,,,,,,,,,,,0.0,0.0,0.0,0.0,0.0,0.0,0.0,0.0,0.0,0.0,0.0,0.0,0.0,0.0,0.0,.000,.000,.000,.000,.---,-.--,0.0,0.0,0.0,2025
701762,Nick Kurtz,133,Athletics,,1B,2026,389.0,312.0,87.0,15.0,1.0,19.0,75.0,9.0,119.0,2.0,0.0,0.0,161.0,64.0,5.0,.279,.422,.516,.938,.391,16.42,1657.0,51.0,55.0,489.0,420.0,122.0,26.0,2.0,36.0,63.0,3.0,151.0,2.0,3.0,0.0,260.0,86.0,4.0,.290,.383,.619,1.002,.364,11.67,1954.0,73.0,77.0,2025
669003,Garrett Mitchell,158,Milwaukee Brewers,,CF,2026,267.0,230.0,61.0,16.0,3.0,7.0,33.0,1.0,89.0,2.0,1.0,1.0,104.0,40.0,2.0,.265,.361,.452,.813,.400,32.86,1083.0,51.0,31.0,78.0,68.0,14.0,4.0,1.0,0.0,7.0,0.0,25.0,1.0,1.0,1.0,20.0,3.0,0.0,.206,.286,.294,.580,.318,-.--,303.0,17.0,14.0,2025
681293,Spencer Arrighetti,117,Houston Astros,,P,2026,,,,,,,,,,,,,,,,,,,,,,,,,,,,,,,,,,,,,,,,,,,,,,,,,2025
671056,Iván Herrera,138,St. Louis Cardinals,,DH,2026,379.0,306.0,77.0,14.0,1.0,10.0,48.0,4.0,60.0,23.0,2.0,0.0,123.0,36.0,11.0,.252,.391,.402,.793,.282,30.60,1462.0,98.0,73.0,452.0,388.0,110.0,13.0,0.0,19.0,43.0,1.0,84.0,15.0,4.0,0.0,180.0,66.0,20.0,.284,.373,.464,.837,.315,20.42,1809.0,115.0,83.0,2025
681297,Colton Cowser,110,Baltimore Orioles,,CF,2026,214.0,185.0,42.0,3.0,0.0,8.0,25.0,0.0,63.0,1.0,2.0,1.0,69.0,27.0,1.0,.227,.319,.373,.692,.293,23.12,915.0,37.0,46.0,360.0,327.0,64.0,14.0,0.0,16.0,27.0,1.0,128.0,6.0,0.0,0.0,126.0,40.0,5.0,.196,.269,.385,.654,.262,20.44,1486.0,71.0,64.0,2025
644433,Chadwick Tromp,110,Baltimore Orioles,,C,2026,30.0,28.0,7.0,1.0,0.0,0.0,0.0,0.0,7.0,0.0,1.0,1.0,8.0,4.0,0.0,.250,.241,.286,.527,.318,-.--,113.0,6.0,10.0,22.0,21.0,3.0,1.0,0.0,1.0,1.0,0.0,6.0,0.0,0.0,0.0,7.0,1.0,1.0,.143,.182,.333,.515,.143,21.00,69.0,5.0,7.0,2025
630105,Jake Cronenworth,135,San Diego Padres,,2B,2026,128.0,110.0,18.0,2.0,0.0,2.0,14.0,0.0,25.0,3.0,0.0,1.0,26.0,7.0,1.0,.164,.276,.236,.512,.193,55.00,534.0,37.0,31.0,515.0,419.0,103.0,20.0,1.0,11.0,69.0,1.0,107.0,15.0,7.0,4.0,158.0,59.0,4.0,.246,.367,.377,.744,.299,38.09,2184.0,101.0,119.0,2025
656730,Trevor Megill,158,Milwaukee Brewers,,P,2026,0.0,0.0,0.0,0.0,0.0,0.0,0.0,0.0,0.0,0.0,0.0,0.0,0.0,0.0,0.0,.000,.000,.000,.000,.---,-.--,0.0,0.0,0.0,,,,,,,,,,,,,,,,,,,,,,,,,2025
802139,JJ Wetherholt,138,St. Louis Cardinals,,2B,2026,364.0,314.0,82.0,8.0,0.0,12.0,37.0,2.0,57.0,11.0,2.0,0.0,126.0,35.0,1.0,.261,.357,.401,.758,.283,26.17,1434.0,83.0,94.0,,,,,,,,,,,,,,,,,,,,,,,,,2025
669020,Ryan Rolison,112,Chicago Cubs,,P,2026,0.0,0.0,0.0,0.0,0.0,0.0,0.0,0.0,0.0,0.0,0.0,0.0,0.0,0.0,0.0,.000,.000,.000,.000,.---,-.--,0.0,0.0,0.0,,,,,,,,,,,,,,,,,,,,,,,,,2025
642397,Gregory Soto,134,Pittsburgh Pirates,,P,2026,,,,,,,,,,,,,,,,,,,,,,,,,,,,,,,,,,,,,,,,,,,,,,,,,2025
666974,Yennier Cano,110,Baltimore Orioles,,P,2026,,,,,,,,,,,,,,,,,,,,,,,,,0.0,0.0,0.0,0.0,0.0,0.0,0.0,0.0,0.0,0.0,0.0,0.0,0.0,0.0,0.0,.000,.000,.000,.000,.---,-.--,0.0,0.0,0.0,2025
683357,Owen Caissie,146,Miami Marlins,,RF,2026,236.0,209.0,50.0,12.0,0.0,10.0,17.0,0.0,91.0,3.0,7.0,0.0,92.0,47.0,2.0,.239,.297,.440,.737,.348,20.90,983.0,29.0,46.0,27.0,26.0,5.0,1.0,0.0,1.0,1.0,0.0,11.0,0.0,0.0,0.0,9.0,4.0,0.0,.192,.222,.346,.568,.286,26.00,103.0,4.0,6.0,2025
666971,Lourdes Gurriel Jr.,109,Arizona Diamondbacks,,LF,2026,153.0,141.0,31.0,8.0,0.0,2.0,8.0,0.0,28.0,2.0,2.0,0.0,45.0,19.0,0.0,.220,.268,.319,.587,.257,70.50,551.0,37.0,47.0,546.0,500.0,124.0,24.0,2.0,19.0,31.0,0.0,76.0,6.0,9.0,0.0,209.0,80.0,11.0,.248,.295,.418,.713,.254,26.32,1994.0,121.0,188.0,2025
660825,Eduard Bazardo,136,Seattle Mariners,,P,2026,,,,,,,,,,,,,,,,,,,,,,,,,,,,,,,,,,,,,,,,,,,,,,,,,2025
695657,Colson Montgomery,145,Chicago White Sox,,SS,2026,342.0,303.0,67.0,15.0,0.0,21.0,30.0,3.0,109.0,9.0,0.0,0.0,145.0,49.0,4.0,.221,.310,.479,.789,.266,14.43,1281.0,48.0,79.0,284.0,255.0,61.0,9.0,1.0,21.0,25.0,1.0,83.0,2.0,1.0,0.0,135.0,55.0,3.0,.239,.311,.529,.840,.263,12.14,1082.0,50.0,62.0,2025
605540,Brandon Woodruff,158,Milwaukee Brewers,,P,2026,,,,,,,,,,,,,,,,,,,,,,,,,,,,,,,,,,,,,,,,,,,,,,,,,2025
671083,Buddy Kennedy,136,Seattle Mariners,,1B,2026,8.0,7.0,0.0,0.0,0.0,0.0,1.0,0.0,3.0,0.0,0.0,0.0,0.0,0.0,0.0,.000,.125,.000,.125,.000,-.--,45.0,0.0,4.0,32.0,29.0,2.0,1.0,0.0,0.0,2.0,0.0,8.0,1.0,0.0,0.0,3.0,1.0,0.0,.069,.156,.103,.259,.095,-.--,127.0,7.0,12.0,2025
701807,Carson Benge,121,New York Mets,,RF,2026,343.0,316.0,82.0,11.0,2.0,10.0,23.0,0.0,75.0,4.0,0.0,0.0,127.0,34.0,2.0,.259,.318,.402,.720,.312,31.60,1408.0,78.0,81.0,,,,,,,,,,,,,,,,,,,,,,,,,2025
689520,Cody Laweryson,142,Minnesota Twins,,P,2026,,,,,,,,,,,,,,,,,,,,,,,,,,,,,,,,,,,,,,,,,,,,,,,,,2025
687473,Ryan Gusto,146,Miami Marlins,,P,2026,,,,,,,,,,,,,,,,,,,,,,,,,,,,,,,,,,,,,,,,,,,,,,,,,2025
660853,Enyel De Los Santos,117,Houston Astros,,P,2026,,,,,,,,,,,,,,,,,,,,,,,,,0.0,0.0,0.0,0.0,0.0,0.0,0.0,0.0,0.0,0.0,0.0,0.0,0.0,0.0,0.0,.000,.000,.000,.000,.---,-.--,0.0,0.0,0.0,2025
671096,Andrew Abbott,113,Cincinnati Reds,,P,2026,,,,,,,,,,,,,,,,,,,,,,,,,,,,,,,,,,,,,,,,,,,,,,,,,2025
681347,Mike Burrows,117,Houston Astros,,P,2026,,,,,,,,,,,,,,,,,,,,,,,,,,,,,,,,,,,,,,,,,,,,,,,,,2025
669060,Bryse Wilson,112,Chicago Cubs,,P,2026,,,,,,,,,,,,,,,,,,,,,,,,,0.0,0.0,0.0,0.0,0.0,0.0,0.0,0.0,0.0,0.0,0.0,0.0,0.0,0.0,0.0,.000,.000,.000,.000,.---,-.--,0.0,0.0,0.0,2025
691587,Eury Pérez,146,Miami Marlins,,P,2026,,,,,,,,,,,,,,,,,,,,,,,,,,,,,,,,,,,,,,,,,,,,,,,,,2025
656775,Cedric Mullins,139,Tampa Bay Rays,,CF,2026,285.0,249.0,54.0,4.0,1.0,10.0,23.0,0.0,56.0,5.0,2.0,4.0,90.0,29.0,2.0,.217,.294,.361,.655,.238,24.90,1115.0,34.0,111.0,498.0,435.0,94.0,23.0,1.0,17.0,50.0,0.0,120.0,4.0,6.0,3.0,170.0,59.0,2.0,.216,.299,.391,.690,.253,25.59,2112.0,79.0,151.0,2025
681351,Logan O'Hoppe,108,Los Angeles Angels,,C,2026,208.0,189.0,43.0,8.0,0.0,4.0,14.0,0.0,52.0,3.0,1.0,1.0,63.0,23.0,3.0,.228,.290,.333,.623,.291,47.25,764.0,33.0,63.0,451.0,423.0,90.0,8.0,1.0,19.0,24.0,0.0,139.0,2.0,1.0,1.0,157.0,43.0,12.0,.213,.258,.371,.629,.267,22.26,1758.0,89.0,107.0,2025
669065,Kyle Stowers,146,Miami Marlins,,LF,2026,272.0,238.0,55.0,16.0,3.0,8.0,26.0,2.0,86.0,6.0,1.0,1.0,101.0,34.0,7.0,.231,.321,.424,.745,.324,29.75,1031.0,44.0,55.0,457.0,399.0,115.0,21.0,3.0,25.0,48.0,3.0,125.0,5.0,4.0,1.0,217.0,73.0,6.0,.288,.368,.544,.912,.356,15.96,1712.0,79.0,85.0,2025
691594,Javier Sanoja,146,Miami Marlins,,3B,2026,214.0,199.0,56.0,14.0,2.0,3.0,13.0,0.0,21.0,0.0,1.0,1.0,83.0,34.0,2.0,.281,.324,.417,.741,.301,66.33,713.0,61.0,63.0,342.0,313.0,76.0,22.0,4.0,6.0,19.0,0.0,41.0,2.0,4.0,4.0,124.0,38.0,2.0,.243,.287,.396,.683,.259,52.17,1218.0,97.0,107.0,2025
650633,Michael King,135,San Diego Padres,,P,2026,,,,,,,,,,,,,,,,,,,,,,,,,,,,,,,,,,,,,,,,,,,,,,,,,2025
689546,Nick Davila,136,Seattle Mariners,,P,2026,,,,,,,,,,,,,,,,,,,,,,,,,,,,,,,,,,,,,,,,,,,,,,,,,2025
693645,Cam Schlittler,147,New York Yankees,,P,2026,,,,,,,,,,,,,,,,,,,,,,,,,,,,,,,,,,,,,,,,,,,,,,,,,2025
595345,Steven Okert,117,Houston Astros,,P,2026,,,,,,,,,,,,,,,,,,,,,,,,,,,,,,,,,,,,,,,,,,,,,,,,,2025
650644,Aaron Civale,133,Athletics,,P,2026,,,,,,,,,,,,,,,,,,,,,,,,,,,,,,,,,,,,,,,,,,,,,,,,,2025
544150,Albert Suárez,110,Baltimore Orioles,,P,2026,,,,,,,,,,,,,,,,,,,,,,,,,,,,,,,,,,,,,,,,,,,,,,,,,2025
656794,Sean Newcomb,145,Chicago White Sox,,P,2026,,,,,,,,,,,,,,,,,,,,,,,,,,,,,,,,,,,,,,,,,,,,,,,,,2025
687515,Colby Thomas,133,Athletics,,RF,2026,89.0,84.0,20.0,3.0,0.0,4.0,4.0,0.0,24.0,0.0,0.0,1.0,35.0,11.0,0.0,.238,.273,.417,.690,.286,21.00,334.0,12.0,29.0,132.0,120.0,27.0,5.0,0.0,6.0,7.0,0.0,49.0,1.0,3.0,1.0,50.0,19.0,3.0,.225,.267,.417,.684,.309,20.00,481.0,21.0,27.0,2025
664991,Grant Wolfram,110,Baltimore Orioles,,P,2026,,,,,,,,,,,,,,,,,,,,,,,,,,,,,,,,,,,,,,,,,,,,,,,,,2025
695731,Braden Montgomery,145,Chicago White Sox,,RF,2026,84.0,74.0,18.0,8.0,0.0,2.0,9.0,0.0,19.0,0.0,1.0,0.0,32.0,8.0,3.0,.243,.321,.432,.753,.296,37.00,302.0,24.0,14.0,,,,,,,,,,,,,,,,,,,,,,,,,2025
671155,Ivan Johnson,113,Cincinnati Reds,,2B,2026,4.0,4.0,0.0,0.0,0.0,0.0,0.0,0.0,1.0,0.0,0.0,0.0,0.0,0.0,0.0,.000,.000,.000,.000,.000,-.--,12.0,1.0,2.0,,,,,,,,,,,,,,,,,,,,,,,,,2025
656811,Ryan O'Hearn,134,Pittsburgh Pirates,,RF,2026,300.0,274.0,78.0,12.0,0.0,13.0,22.0,1.0,68.0,2.0,2.0,0.0,129.0,51.0,12.0,.285,.340,.471,.811,.333,21.08,1184.0,66.0,64.0,544.0,474.0,133.0,21.0,1.0,17.0,58.0,4.0,109.0,8.0,4.0,0.0,207.0,63.0,11.0,.281,.366,.437,.803,.330,27.88,2173.0,117.0,119.0,2025
695734,Daylen Lile,120,Washington Nationals,,LF,2026,368.0,336.0,84.0,19.0,3.0,8.0,24.0,1.0,62.0,4.0,4.0,0.0,133.0,39.0,5.0,.250,.304,.396,.700,.281,42.00,1283.0,80.0,114.0,351.0,321.0,96.0,15.0,11.0,9.0,21.0,0.0,56.0,4.0,3.0,1.0,160.0,41.0,5.0,.299,.347,.498,.845,.336,35.67,1306.0,73.0,100.0,2025
693686,Spencer Miles,141,Toronto Blue Jays,,P,2026,,,,,,,,,,,,,,,,,,,,,,,,,,,,,,,,,,,,,,,,,,,,,,,,,2025
679358,Eric Orze,142,Minnesota Twins,,P,2026,,,,,,,,,,,,,,,,,,,,,,,,,,,,,,,,,,,,,,,,,,,,,,,,,2025
665019,Kody Clemens,142,Minnesota Twins,,1B,2026,292.0,266.0,64.0,16.0,2.0,14.0,19.0,1.0,63.0,5.0,0.0,2.0,126.0,38.0,5.0,.241,.303,.474,.777,.265,19.00,1123.0,62.0,79.0,386.0,348.0,74.0,12.0,4.0,19.0,29.0,1.0,93.0,5.0,2.0,2.0,151.0,52.0,4.0,.213,.281,.434,.715,.231,18.32,1529.0,73.0,112.0,2025
640455,Sean Manaea,121,New York Mets,,P,2026,,,,,,,,,,,,,,,,,,,,,,,,,,,,,,,,,,,,,,,,,,,,,,,,,2025
669127,Shea Langeliers,133,Athletics,,C,2026,361.0,328.0,87.0,16.0,0.0,20.0,28.0,2.0,73.0,4.0,1.0,0.0,163.0,44.0,4.0,.265,.330,.497,.827,.284,16.40,1317.0,61.0,108.0,523.0,481.0,133.0,32.0,0.0,31.0,36.0,1.0,103.0,1.0,5.0,0.0,258.0,72.0,10.0,.277,.325,.536,.861,.290,15.52,1924.0,107.0,143.0,2025
687562,Jake Bennett,111,Boston Red Sox,,P,2026,,,,,,,,,,,,,,,,,,,,,,,,,,,,,,,,,,,,,,,,,,,,,,,,,2025
640459,Brian Navarreto,146,Miami Marlins,,C,2026,8.0,5.0,0.0,0.0,0.0,0.0,1.0,0.0,2.0,0.0,0.0,2.0,0.0,0.0,0.0,.000,.167,.000,.167,.000,-.--,23.0,4.0,1.0,15.0,14.0,4.0,2.0,0.0,1.0,0.0,0.0,3.0,0.0,1.0,0.0,9.0,5.0,0.0,.286,.267,.643,.910,.273,14.00,42.0,5.0,3.0,2025
656848,Michael Petersen,146,Miami Marlins,,P,2026,,,,,,,,,,,,,,,,,,,,,,,,,,,,,,,,,,,,,,,,,,,,,,,,,2025
687570,Connor Prielipp,142,Minnesota Twins,,P,2026,,,,,,,,,,,,,,,,,,,,,,,,,,,,,,,,,,,,,,,,,,,,,,,,,2025
656849,David Peterson,112,Chicago Cubs,,P,2026,,,,,,,,,,,,,,,,,,,,,,,,,,,,,,,,,,,,,,,,,,,,,,,,,2025
673237,Yainer Diaz,117,Houston Astros,,C,2026,150.0,142.0,34.0,7.0,0.0,3.0,5.0,0.0,26.0,1.0,2.0,0.0,50.0,17.0,5.0,.239,.267,.352,.619,.270,47.33,494.0,53.0,31.0,567.0,542.0,139.0,25.0,1.0,20.0,20.0,2.0,95.0,2.0,3.0,0.0,226.0,70.0,13.0,.256,.284,.417,.701,.277,27.10,1871.0,162.0,149.0,2025
665052,Griffin Conine,146,Miami Marlins,,LF,2026,61.0,52.0,14.0,3.0,0.0,3.0,8.0,0.0,16.0,1.0,0.0,0.0,26.0,10.0,0.0,.269,.377,.500,.877,.333,17.33,230.0,18.0,4.0,86.0,79.0,20.0,7.0,0.0,2.0,7.0,0.0,25.0,0.0,0.0,0.0,33.0,8.0,0.0,.253,.314,.418,.732,.346,39.50,338.0,21.0,13.0,2025
656876,Drew Rasmussen,139,Tampa Bay Rays,,P,2026,,,,,,,,,,,,,,,,,,,,,,,,,,,,,,,,,,,,,,,,,,,,,,,,,2025
669160,Dustin May,138,St. Louis Cardinals,,P,2026,,,,,,,,,,,,,,,,,,,,,,,,,,,,,,,,,,,,,,,,,,,,,,,,,2025
642528,Jonathan Loáisiga,109,Arizona Diamondbacks,,P,2026,0.0,0.0,0.0,0.0,0.0,0.0,0.0,0.0,0.0,0.0,0.0,0.0,0.0,0.0,0.0,.000,.000,.000,.000,.---,-.--,0.0,0.0,0.0,,,,,,,,,,,,,,,,,,,,,,,,,2025
669165,Kyle Hurt,119,Los Angeles Dodgers,,P,2026,,,,,,,,,,,,,,,,,,,,,,,,,,,,,,,,,,,,,,,,,,,,,,,,,2025
624133,Ranger Suarez,111,Boston Red Sox,,P,2026,,,,,,,,,,,,,,,,,,,,,,,,,,,,,,,,,,,,,,,,,,,,,,,,,2025
642547,Freddy Peralta,121,New York Mets,,P,2026,,,,,,,,,,,,,,,,,,,,,,,,,,,,,,,,,,,,,,,,,,,,,,,,,2025
691718,Pete Crow-Armstrong,112,Chicago Cubs,,CF,2026,378.0,328.0,94.0,13.0,4.0,19.0,39.0,2.0,98.0,8.0,2.0,1.0,172.0,49.0,2.0,.287,.374,.524,.898,.352,17.26,1458.0,55.0,84.0,647.0,591.0,146.0,37.0,4.0,31.0,29.0,1.0,155.0,9.0,12.0,6.0,284.0,95.0,1.0,.247,.287,.481,.768,.276,19.06,2312.0,116.0,192.0,2025
622088,Tejay Antone,113,Cincinnati Reds,,P,2026,,,,,,,,,,,,,,,,,,,,,,,,,,,,,,,,,,,,,,,,,,,,,,,,,2025
669199,Lake Bachar,146,Miami Marlins,,P,2026,,,,,,,,,,,,,,,,,,,,,,,,,,,,,,,,,,,,,,,,,,,,,,,,,2025
691723,Coby Mayo,110,Baltimore Orioles,,3B,2026,234.0,213.0,40.0,9.0,0.0,10.0,18.0,0.0,78.0,2.0,1.0,0.0,79.0,31.0,3.0,.188,.256,.371,.627,.238,21.30,957.0,40.0,56.0,294.0,263.0,57.0,12.0,0.0,11.0,27.0,0.0,84.0,4.0,0.0,0.0,102.0,28.0,2.0,.217,.299,.388,.687,.274,23.91,1132.0,49.0,73.0,2025
593428,Xander Bogaerts,135,San Diego Padres,,SS,2026,325.0,284.0,66.0,6.0,0.0,8.0,36.0,1.0,58.0,3.0,2.0,0.0,96.0,32.0,3.0,.232,.323,.338,.661,.264,35.50,1265.0,92.0,70.0,552.0,491.0,129.0,30.0,0.0,11.0,48.0,3.0,94.0,4.0,8.0,1.0,192.0,53.0,12.0,.263,.328,.391,.719,.299,44.64,2100.0,126.0,151.0,2025
687637,Dylan Beavers,110,Baltimore Orioles,,RF,2026,130.0,113.0,26.0,8.0,0.0,2.0,15.0,0.0,33.0,0.0,1.0,1.0,40.0,13.0,1.0,.230,.318,.354,.672,.304,56.50,554.0,25.0,31.0,137.0,110.0,25.0,5.0,1.0,4.0,26.0,0.0,36.0,0.0,0.0,1.0,44.0,14.0,0.0,.227,.375,.400,.775,.300,27.50,615.0,14.0,36.0,2025
572955,Pierce Johnson,113,Cincinnati Reds,,P,2026,,,,,,,,,,,,,,,,,,,,,,,,,,,,,,,,,,,,,,,,,,,,,,,,,2025
548384,Brooks Raley,121,New York Mets,,P,2026,,,,,,,,,,,,,,,,,,,,,,,,,,,,,,,,,,,,,,,,,,,,,,,,,2025
669224,Austin Wells,147,New York Yankees,,C,2026,194.0,170.0,26.0,2.0,0.0,4.0,23.0,2.0,54.0,0.0,1.0,0.0,40.0,10.0,5.0,.153,.253,.235,.488,.195,42.50,786.0,34.0,57.0,448.0,401.0,88.0,22.0,1.0,21.0,30.0,0.0,118.0,5.0,11.0,0.0,175.0,71.0,10.0,.219,.275,.436,.711,.245,19.10,1794.0,75.0,131.0,2025
681517,Kyle Leahy,138,St. Louis Cardinals,,P,2026,,,,,,,,,,,,,,,,,,,,,,,,,,,,,,,,,,,,,,,,,,,,,,,,,2025
671277,Luis García Jr.,120,Washington Nationals,,1B,2026,281.0,268.0,75.0,15.0,3.0,16.0,12.0,0.0,42.0,0.0,1.0,0.0,144.0,59.0,5.0,.280,.310,.537,.847,.280,16.75,1002.0,82.0,70.0,526.0,488.0,123.0,28.0,1.0,16.0,27.0,1.0,84.0,2.0,9.0,0.0,201.0,66.0,7.0,.252,.289,.412,.701,.270,30.50,1838.0,158.0,132.0,2025
656945,Tanner Scott,119,Los Angeles Dodgers,,P,2026,,,,,,,,,,,,,,,,,,,,,,,,,0.0,0.0,0.0,0.0,0.0,0.0,0.0,0.0,0.0,0.0,0.0,0.0,0.0,0.0,0.0,.000,.000,.000,.000,.---,-.--,0.0,0.0,0.0,2025
800311,Didier Fuentes,144,Atlanta Braves,,P,2026,0.0,0.0,0.0,0.0,0.0,0.0,0.0,0.0,0.0,0.0,0.0,0.0,0.0,0.0,0.0,.000,.000,.000,.000,.---,-.--,0.0,0.0,0.0,,,,,,,,,,,,,,,,,,,,,,,,,2025
669242,Tommy Edman,119,Los Angeles Dodgers,,LF,2026,51.0,45.0,17.0,3.0,1.0,1.0,6.0,0.0,9.0,0.0,0.0,0.0,25.0,9.0,2.0,.378,.451,.556,1.007,.457,45.00,199.0,12.0,7.0,377.0,346.0,78.0,13.0,1.0,13.0,19.0,0.0,61.0,6.0,5.0,1.0,132.0,49.0,4.0,.225,.274,.382,.656,.235,26.62,1338.0,110.0,103.0,2025
693821,Bryce Elder,144,Atlanta Braves,,P,2026,,,,,,,,,,,,,,,,,,,,,,,,,,,,,,,,,,,,,,,,,,,,,,,,,2025
665152,Dean Kremer,110,Baltimore Orioles,,P,2026,,,,,,,,,,,,,,,,,,,,,,,,,,,,,,,,,,,,,,,,,,,,,,,,,2025
691777,Max Muncy,133,Athletics,,3B,2026,167.0,149.0,35.0,7.0,2.0,5.0,11.0,0.0,55.0,4.0,3.0,0.0,61.0,20.0,4.0,.235,.299,.409,.708,.326,29.80,653.0,30.0,32.0,220.0,206.0,44.0,7.0,0.0,9.0,10.0,0.0,68.0,3.0,1.0,0.0,78.0,23.0,1.0,.214,.259,.379,.638,.269,22.89,824.0,51.0,44.0,2025
656976,Pavin Smith,109,Arizona Diamondbacks,,DH,2026,77.0,66.0,10.0,1.0,0.0,1.0,10.0,0.0,13.0,0.0,1.0,0.0,14.0,6.0,0.0,.152,.260,.212,.472,.170,66.00,304.0,20.0,24.0,288.0,244.0,63.0,17.0,1.0,8.0,41.0,1.0,92.0,0.0,2.0,0.0,106.0,28.0,7.0,.258,.362,.434,.796,.377,30.50,1255.0,45.0,46.0,2025
691788,Joe Mack,146,Miami Marlins,,C,2026,150.0,136.0,34.0,5.0,0.0,6.0,11.0,0.0,36.0,1.0,0.0,2.0,57.0,22.0,5.0,.250,.311,.419,.730,.298,22.67,602.0,37.0,31.0,,,,,,,,,,,,,,,,,,,,,,,,,2025
669270,Joel Kuhnel,158,Milwaukee Brewers,,P,2026,,,,,,,,,,,,,,,,,,,,,,,,,,,,,,,,,,,,,,,,,,,,,,,,,2025
691799,Grant Taylor,145,Chicago White Sox,,P,2026,,,,,,,,,,,,,,,,,,,,,,,,,,,,,,,,,,,,,,,,,,,,,,,,,2025
669276,Dylan Lee,144,Atlanta Braves,,P,2026,,,,,,,,,,,,,,,,,,,,,,,,,,,,,,,,,,,,,,,,,,,,,,,,,2025
542303,Marcell Ozuna,134,Pittsburgh Pirates,,DH,2026,238.0,213.0,43.0,5.0,0.0,7.0,23.0,1.0,73.0,2.0,0.0,0.0,69.0,26.0,4.0,.202,.286,.324,.610,.271,30.43,1049.0,35.0,62.0,592.0,487.0,113.0,19.0,0.0,21.0,94.0,2.0,144.0,3.0,7.0,0.0,195.0,68.0,11.0,.232,.355,.400,.755,.280,23.19,2635.0,115.0,122.0,2025
693855,Ian Seymour,139,Tampa Bay Rays,,P,2026,,,,,,,,,,,,,,,,,,,,,,,,,,,,,,,,,,,,,,,,,,,,,,,,,2025
683618,Edgardo Henriquez,119,Los Angeles Dodgers,,P,2026,0.0,0.0,0.0,0.0,0.0,0.0,0.0,0.0,0.0,0.0,0.0,0.0,0.0,0.0,0.0,.000,.000,.000,.000,.---,-.--,0.0,0.0,0.0,,,,,,,,,,,,,,,,,,,,,,,,,2025
702056,Trey Yesavage,141,Toronto Blue Jays,,P,2026,,,,,,,,,,,,,,,,,,,,,,,,,,,,,,,,,,,,,,,,,,,,,,,,,2025
687721,Cameron Weston,110,Baltimore Orioles,,P,2026,,,,,,,,,,,,,,,,,,,,,,,,,,,,,,,,,,,,,,,,,,,,,,,,,2025
837227,Tatsuya Imai,117,Houston Astros,,P,2026,,,,,,,,,,,,,,,,,,,,,,,,,,,,,,,,,,,,,,,,,,,,,,,,,2025
802415,Chandler Simpson,139,Tampa Bay Rays,,LF,2026,324.0,299.0,83.0,8.0,4.0,0.0,18.0,0.0,32.0,0.0,2.0,5.0,99.0,16.0,3.0,.278,.317,.331,.648,.309,-.--,1071.0,120.0,71.0,441.0,414.0,122.0,15.0,3.0,0.0,20.0,0.0,43.0,0.0,2.0,3.0,143.0,26.0,10.0,.295,.326,.345,.671,.327,-.--,1517.0,176.0,78.0,2025
669302,Logan Gilbert,136,Seattle Mariners,,P,2026,,,,,,,,,,,,,,,,,,,,,,,,,,,,,,,,,,,,,,,,,,,,,,,,,2025
820862,José Fermin,108,Los Angeles Angels,,P,2026,,,,,,,,,,,,,,,,,,,,,,,,,,,,,,,,,,,,,,,,,,,,,,,,,2025
687749,Jase Bowen,135,San Diego Padres,,RF,2026,36.0,34.0,4.0,1.0,0.0,0.0,2.0,0.0,15.0,0.0,0.0,0.0,5.0,0.0,0.0,.118,.167,.147,.314,.211,-.--,125.0,6.0,9.0,,,,,,,,,,,,,,,,,,,,,,,,,2025
642701,Dennis Santana,134,Pittsburgh Pirates,,P,2026,,,,,,,,,,,,,,,,,,,,,,,,,,,,,,,,,,,,,,,,,,,,,,,,,2025
669330,Tyler Wells,110,Baltimore Orioles,,P,2026,,,,,,,,,,,,,,,,,,,,,,,,,,,,,,,,,,,,,,,,,,,,,,,,,2025
642708,Amed Rosario,147,New York Yankees,,3B,2026,153.0,140.0,35.0,4.0,1.0,9.0,10.0,0.0,32.0,0.0,3.0,0.0,68.0,27.0,1.0,.250,.294,.486,.780,.255,15.56,543.0,37.0,39.0,191.0,181.0,50.0,11.0,0.0,6.0,7.0,0.0,31.0,2.0,1.0,0.0,79.0,23.0,6.0,.276,.309,.436,.745,.303,30.17,646.0,53.0,48.0,2025
657044,Ryan Thompson,109,Arizona Diamondbacks,,P,2026,,,,,,,,,,,,,,,,,,,,,,,,,0.0,0.0,0.0,0.0,0.0,0.0,0.0,0.0,0.0,0.0,0.0,0.0,0.0,0.0,0.0,.000,.000,.000,.000,.---,-.--,0.0,0.0,0.0,2025
681624,Andy Pages,119,Los Angeles Dodgers,,CF,2026,377.0,340.0,92.0,21.0,1.0,16.0,27.0,0.0,74.0,5.0,5.0,0.0,163.0,62.0,8.0,.271,.329,.479,.808,.298,21.25,1482.0,70.0,109.0,624.0,581.0,158.0,27.0,1.0,27.0,29.0,0.0,135.0,8.0,6.0,0.0,268.0,86.0,9.0,.272,.313,.461,.774,.308,21.52,2365.0,117.0,177.0,2025
667297,Tommy Nance,141,Toronto Blue Jays,,P,2026,,,,,,,,,,,,,,,,,,,,,,,,,,,,,,,,,,,,,,,,,,,,,,,,,2025
669358,Shane Baz,110,Baltimore Orioles,,P,2026,,,,,,,,,,,,,,,,,,,,,,,,,,,,,,,,,,,,,,,,,,,,,,,,,2025
622268,Donovan Walton,108,Los Angeles Angels,,3B,2026,93.0,88.0,27.0,7.0,0.0,3.0,4.0,0.0,17.0,0.0,0.0,1.0,43.0,12.0,1.0,.307,.337,.489,.826,.353,29.33,351.0,20.0,25.0,9.0,8.0,1.0,0.0,0.0,0.0,0.0,0.0,1.0,0.0,0.0,1.0,1.0,1.0,0.0,.125,.125,.125,.250,.143,-.--,27.0,6.0,1.0,2025
669364,Xavier Edwards,146,Miami Marlins,,2B,2026,367.0,319.0,96.0,13.0,5.0,6.0,43.0,4.0,44.0,0.0,4.0,1.0,137.0,32.0,9.0,.301,.380,.429,.809,.330,53.17,1411.0,92.0,92.0,619.0,561.0,159.0,20.0,5.0,3.0,49.0,2.0,88.0,3.0,3.0,3.0,198.0,43.0,6.0,.283,.343,.353,.696,.330,187.00,2250.0,164.0,156.0,2025
552640,Andrew Kittredge,110,Baltimore Orioles,,P,2026,,,,,,,,,,,,,,,,,,,,,,,,,0.0,0.0,0.0,0.0,0.0,0.0,0.0,0.0,0.0,0.0,0.0,0.0,0.0,0.0,0.0,.000,.000,.000,.000,.---,-.--,0.0,0.0,0.0,2025
669372,J.T. Ginn,133,Athletics,,P,2026,0.0,0.0,0.0,0.0,0.0,0.0,0.0,0.0,0.0,0.0,0.0,0.0,0.0,0.0,0.0,.000,.000,.000,.000,.---,-.--,0.0,0.0,0.0,,,,,,,,,,,,,,,,,,,,,,,,,2025
573124,Taylor Rogers,142,Minnesota Twins,,P,2026,,,,,,,,,,,,,,,,,,,,,,,,,,,,,,,,,,,,,,,,,,,,,,,,,2025
691907,Tsung-Che Cheng,111,Boston Red Sox,,SS,2026,17.0,15.0,2.0,1.0,0.0,0.0,1.0,0.0,3.0,0.0,1.0,0.0,3.0,2.0,1.0,.133,.176,.200,.376,.154,-.--,54.0,7.0,4.0,7.0,7.0,0.0,0.0,0.0,0.0,0.0,0.0,3.0,0.0,0.0,0.0,0.0,0.0,0.0,.000,.000,.000,.000,.000,-.--,24.0,2.0,2.0,2025
669384,Raynel Delgado,117,Houston Astros,,2B,2026,32.0,29.0,8.0,1.0,0.0,1.0,2.0,0.0,5.0,0.0,0.0,1.0,12.0,4.0,0.0,.276,.323,.414,.737,.304,29.00,96.0,10.0,7.0,,,,,,,,,,,,,,,,,,,,,,,,,2025
657097,Jacob Webb,112,Chicago Cubs,,P,2026,,,,,,,,,,,,,,,,,,,,,,,,,,,,,,,,,,,,,,,,,,,,,,,,,2025
681676,Ryan Fernandez,138,St. Louis Cardinals,,P,2026,,,,,,,,,,,,,,,,,,,,,,,,,,,,,,,,,,,,,,,,,,,,,,,,,2025
669387,Carmen Mlodzinski,134,Pittsburgh Pirates,,P,2026,,,,,,,,,,,,,,,,,,,,,,,,,,,,,,,,,,,,,,,,,,,,,,,,,2025
669392,Samad Taylor,135,San Diego Padres,,LF,2026,95.0,81.0,27.0,1.0,1.0,1.0,12.0,0.0,26.0,0.0,0.0,2.0,33.0,11.0,2.0,.333,.419,.407,.826,.481,81.00,379.0,23.0,7.0,9.0,8.0,1.0,0.0,0.0,0.0,0.0,0.0,1.0,0.0,0.0,1.0,1.0,0.0,0.0,.125,.125,.125,.250,.143,-.--,23.0,4.0,3.0,2025
673490,Ha-Seong Kim,144,Atlanta Braves,,SS,2026,82.0,73.0,5.0,0.0,0.0,0.0,9.0,0.0,22.0,0.0,0.0,0.0,5.0,3.0,1.0,.068,.171,.068,.239,.098,-.--,349.0,20.0,26.0,191.0,171.0,40.0,4.0,0.0,5.0,16.0,0.0,39.0,2.0,2.0,0.0,59.0,17.0,2.0,.234,.304,.345,.649,.271,34.20,790.0,37.0,57.0,2025
677588,José Tena,120,Washington Nationals,,DH,2026,164.0,151.0,34.0,9.0,2.0,3.0,12.0,0.0,54.0,1.0,0.0,0.0,56.0,16.0,5.0,.225,.287,.371,.658,.330,50.33,663.0,37.0,26.0,169.0,152.0,37.0,13.0,2.0,0.0,15.0,0.0,37.0,1.0,1.0,0.0,54.0,16.0,4.0,.243,.314,.355,.669,.319,-.--,678.0,54.0,25.0,2025
677587,Brayan Rocchio,114,Cleveland Guardians,,SS,2026,324.0,286.0,77.0,13.0,2.0,6.0,26.0,0.0,44.0,7.0,3.0,2.0,112.0,37.0,4.0,.269,.342,.392,.734,.297,47.67,1261.0,76.0,94.0,383.0,344.0,80.0,18.0,2.0,5.0,22.0,0.0,77.0,8.0,5.0,4.0,117.0,44.0,4.0,.233,.290,.340,.630,.281,68.80,1411.0,100.0,96.0,2025
683734,Andrew Vaughn,158,Milwaukee Brewers,,1B,2026,148.0,127.0,43.0,14.0,2.0,2.0,18.0,1.0,15.0,2.0,1.0,0.0,67.0,24.0,2.0,.339,.426,.528,.954,.369,63.50,555.0,33.0,37.0,447.0,406.0,103.0,22.0,0.0,14.0,31.0,0.0,80.0,3.0,6.0,1.0,167.0,65.0,12.0,.254,.307,.411,.718,.280,29.00,1722.0,110.0,120.0,2025
669397,Nick Allen,117,Houston Astros,,SS,2026,80.0,73.0,18.0,2.0,0.0,1.0,4.0,0.0,19.0,1.0,1.0,1.0,23.0,6.0,2.0,.247,.291,.315,.606,.315,73.00,297.0,17.0,21.0,416.0,371.0,82.0,11.0,0.0,0.0,31.0,0.0,99.0,3.0,3.0,8.0,93.0,22.0,8.0,.221,.284,.251,.535,.298,-.--,1582.0,100.0,101.0,2025
683737,Michael Busch,112,Chicago Cubs,,1B,2026,386.0,315.0,74.0,14.0,2.0,11.0,60.0,1.0,88.0,8.0,3.0,0.0,125.0,47.0,4.0,.235,.368,.397,.765,.288,28.64,1540.0,70.0,86.0,592.0,524.0,137.0,25.0,5.0,34.0,56.0,2.0,139.0,10.0,2.0,0.0,274.0,90.0,2.0,.261,.343,.523,.866,.292,15.41,2324.0,111.0,139.0,2025
677594,Julio Rodríguez,136,Seattle Mariners,,CF,2026,378.0,344.0,89.0,15.0,0.0,14.0,29.0,1.0,79.0,4.0,1.0,0.0,146.0,40.0,7.0,.259,.323,.424,.747,.298,24.57,1426.0,77.0,100.0,710.0,652.0,174.0,31.0,4.0,32.0,44.0,5.0,152.0,12.0,2.0,0.0,309.0,95.0,15.0,.267,.324,.474,.798,.302,20.38,2496.0,174.0,154.0,2025
677595,Ronny Mauricio,121,New York Mets,,SS,2026,45.0,45.0,8.0,1.0,0.0,1.0,0.0,0.0,17.0,0.0,0.0,0.0,12.0,2.0,1.0,.178,.178,.267,.445,.259,45.00,159.0,10.0,10.0,184.0,168.0,38.0,6.0,0.0,6.0,15.0,1.0,54.0,1.0,0.0,0.0,62.0,10.0,5.0,.226,.293,.369,.662,.296,28.00,692.0,39.0,37.0,2025
628452,Raisel Iglesias,144,Atlanta Braves,,P,2026,0.0,0.0,0.0,0.0,0.0,0.0,0.0,0.0,0.0,0.0,0.0,0.0,0.0,0.0,0.0,.000,.000,.000,.000,.---,-.--,0.0,0.0,0.0,,,,,,,,,,,,,,,,,,,,,,,,,2025
687849,Zak Kent,120,Washington Nationals,,P,2026,0.0,0.0,0.0,0.0,0.0,0.0,0.0,0.0,0.0,0.0,0.0,0.0,0.0,0.0,0.0,.000,.000,.000,.000,.---,-.--,0.0,0.0,0.0,,,,,,,,,,,,,,,,,,,,,,,,,2025
683748,Victor Mesa Jr.,139,Tampa Bay Rays,,RF,2026,79.0,69.0,13.0,1.0,0.0,3.0,9.0,0.0,18.0,0.0,0.0,1.0,23.0,8.0,1.0,.188,.282,.333,.615,.208,23.00,296.0,18.0,21.0,38.0,32.0,6.0,2.0,0.0,1.0,5.0,0.0,5.0,0.0,0.0,1.0,11.0,6.0,0.0,.188,.297,.344,.641,.192,32.00,141.0,8.0,14.0,2025
673513,Yuki Matsui,135,San Diego Padres,,P,2026,,,,,,,,,,,,,,,,,,,,,,,,,,,,,,,,,,,,,,,,,,,,,,,,,2025
691951,Sam Aldegheri,108,Los Angeles Angels,,P,2026,,,,,,,,,,,,,,,,,,,,,,,,,,,,,,,,,,,,,,,,,,,,,,,,,2025
657136,Connor Wong,111,Boston Red Sox,,C,2026,114.0,97.0,28.0,8.0,0.0,1.0,11.0,0.0,24.0,3.0,1.0,2.0,39.0,14.0,1.0,.289,.375,.402,.777,.370,97.00,417.0,25.0,23.0,188.0,168.0,32.0,8.0,0.0,0.0,16.0,0.0,42.0,1.0,2.0,1.0,40.0,7.0,7.0,.190,.262,.238,.500,.250,-.--,745.0,53.0,44.0,2025
702193,Andrew Morris,142,Minnesota Twins,,P,2026,,,,,,,,,,,,,,,,,,,,,,,,,,,,,,,,,,,,,,,,,,,,,,,,,2025
669432,Trevor Rogers,110,Baltimore Orioles,,P,2026,,,,,,,,,,,,,,,,,,,,,,,,,2.0,2.0,0.0,0.0,0.0,0.0,0.0,0.0,2.0,0.0,0.0,0.0,0.0,0.0,0.0,.000,.000,.000,.000,.---,-.--,6.0,0.0,0.0,2025
681715,Heriberto Hernández,146,Miami Marlins,,LF,2026,194.0,174.0,38.0,5.0,1.0,8.0,18.0,0.0,45.0,1.0,1.0,0.0,69.0,29.0,1.0,.218,.294,.397,.691,.246,21.75,723.0,40.0,52.0,294.0,256.0,68.0,12.0,1.0,10.0,31.0,0.0,77.0,3.0,4.0,0.0,112.0,45.0,6.0,.266,.347,.438,.785,.335,25.60,1138.0,52.0,63.0,2025
683769,Hunter Gaddis,114,Cleveland Guardians,,P,2026,,,,,,,,,,,,,,,,,,,,,,,,,,,,,,,,,,,,,,,,,,,,,,,,,2025
804606,Konnor Griffin,134,Pittsburgh Pirates,,SS,2026,232.0,212.0,57.0,10.0,2.0,5.0,14.0,0.0,62.0,4.0,2.0,0.0,86.0,23.0,3.0,.269,.323,.406,.729,.354,42.40,880.0,59.0,36.0,,,,,,,,,,,,,,,,,,,,,,,,,2025
673540,Kodai Senga,121,New York Mets,,P,2026,,,,,,,,,,,,,,,,,,,,,,,,,,,,,,,,,,,,,,,,,,,,,,,,,2025
673548,Seiya Suzuki,112,Chicago Cubs,,RF,2026,305.0,266.0,73.0,12.0,0.0,13.0,33.0,3.0,79.0,3.0,3.0,0.0,124.0,42.0,7.0,.274,.357,.466,.823,.339,20.46,1299.0,52.0,65.0,651.0,571.0,140.0,31.0,3.0,32.0,71.0,1.0,164.0,1.0,8.0,0.0,273.0,103.0,13.0,.245,.326,.478,.804,.282,17.84,2727.0,98.0,177.0,2025
669456,Shane Bieber,141,Toronto Blue Jays,,P,2026,,,,,,,,,,,,,,,,,,,,,,,,,,,,,,,,,,,,,,,,,,,,,,,,,2025
573204,Caleb Thielbar,112,Chicago Cubs,,P,2026,0.0,0.0,0.0,0.0,0.0,0.0,0.0,0.0,0.0,0.0,0.0,0.0,0.0,0.0,0.0,.000,.000,.000,.000,.---,-.--,0.0,0.0,0.0,,,,,,,,,,,,,,,,,,,,,,,,,2025
669461,Matthew Liberatore,138,St. Louis Cardinals,,P,2026,,,,,,,,,,,,,,,,,,,,,,,,,,,,,,,,,,,,,,,,,,,,,,,,,2025
669467,Andre Pallante,138,St. Louis Cardinals,,P,2026,,,,,,,,,,,,,,,,,,,,,,,,,0.0,0.0,0.0,0.0,0.0,0.0,0.0,0.0,0.0,0.0,0.0,0.0,0.0,0.0,0.0,.000,.000,.000,.000,.---,-.--,0.0,0.0,0.0,2025
624413,Pete Alonso,110,Baltimore Orioles,,1B,2026,380.0,328.0,81.0,15.0,0.0,19.0,45.0,2.0,94.0,3.0,4.0,0.0,153.0,59.0,8.0,.247,.339,.466,.805,.283,17.26,1567.0,79.0,78.0,709.0,624.0,170.0,41.0,1.0,38.0,61.0,5.0,162.0,15.0,9.0,0.0,327.0,126.0,23.0,.272,.347,.524,.871,.305,16.42,2807.0,135.0,166.0,2025
687911,Bryan King,117,Houston Astros,,P,2026,,,,,,,,,,,,,,,,,,,,,,,,,,,,,,,,,,,,,,,,,,,,,,,,,2025
624424,Michael Conforto,112,Chicago Cubs,,DH,2026,140.0,121.0,30.0,10.0,0.0,7.0,18.0,1.0,40.0,0.0,1.0,0.0,61.0,21.0,3.0,.248,.343,.504,.847,.307,17.29,570.0,23.0,29.0,486.0,418.0,83.0,20.0,0.0,12.0,56.0,0.0,121.0,9.0,3.0,0.0,139.0,36.0,12.0,.199,.305,.333,.638,.247,34.83,2049.0,103.0,114.0,2025
624431,Jose Trevino,113,Cincinnati Reds,,C,2026,59.0,56.0,13.0,2.0,0.0,1.0,1.0,0.0,8.0,0.0,0.0,2.0,18.0,7.0,0.0,.232,.246,.321,.567,.255,56.00,179.0,24.0,13.0,302.0,282.0,67.0,20.0,0.0,4.0,15.0,0.0,39.0,0.0,4.0,1.0,99.0,22.0,9.0,.238,.272,.351,.623,.259,70.50,1063.0,95.0,86.0,2025
702273,Noah Schultz,145,Chicago White Sox,,P,2026,,,,,,,,,,,,,,,,,,,,,,,,,,,,,,,,,,,,,,,,,,,,,,,,,2025
687941,Alec Gamboa,111,Boston Red Sox,,P,2026,,,,,,,,,,,,,,,,,,,,,,,,,,,,,,,,,,,,,,,,,,,,,,,,,2025
696135,Kahlil Watson,114,Cleveland Guardians,,RF,2026,48.0,46.0,12.0,3.0,0.0,1.0,2.0,0.0,14.0,0.0,0.0,0.0,18.0,8.0,0.0,.261,.292,.391,.683,.355,46.00,178.0,8.0,12.0,,,,,,,,,,,,,,,,,,,,,,,,,2025
667463,John King,146,Miami Marlins,,P,2026,,,,,,,,,,,,,,,,,,,,,,,,,,,,,,,,,,,,,,,,,,,,,,,,,2025
675660,Shane Drohan,158,Milwaukee Brewers,,P,2026,,,,,,,,,,,,,,,,,,,,,,,,,,,,,,,,,,,,,,,,,,,,,,,,,2025
663368,Blake Perkins,158,Milwaukee Brewers,,CF,2026,100.0,88.0,14.0,6.0,0.0,1.0,10.0,0.0,22.0,1.0,0.0,1.0,23.0,11.0,1.0,.159,.253,.261,.514,.200,88.00,417.0,26.0,27.0,171.0,155.0,35.0,6.0,2.0,3.0,15.0,0.0,47.0,1.0,0.0,0.0,54.0,19.0,4.0,.226,.298,.348,.646,.305,51.67,708.0,41.0,32.0,2025
702284,Cole Young,136,Seattle Mariners,,2B,2026,351.0,317.0,82.0,12.0,1.0,9.0,23.0,0.0,62.0,7.0,3.0,1.0,123.0,41.0,2.0,.259,.320,.388,.708,.293,35.22,1339.0,76.0,101.0,257.0,223.0,47.0,7.0,1.0,4.0,28.0,1.0,47.0,2.0,2.0,2.0,68.0,24.0,4.0,.211,.302,.305,.607,.247,55.75,1034.0,52.0,81.0,2025
573262,Mike Yastrzemski,144,Atlanta Braves,,LF,2026,235.0,207.0,46.0,9.0,1.0,4.0,23.0,0.0,56.0,4.0,1.0,0.0,69.0,20.0,1.0,.222,.311,.333,.644,.284,51.75,985.0,48.0,58.0,558.0,477.0,111.0,28.0,1.0,17.0,72.0,4.0,108.0,2.0,5.0,2.0,192.0,46.0,7.0,.233,.333,.403,.736,.263,28.06,2305.0,95.0,170.0,2025
681807,David Fry,114,Cleveland Guardians,,RF,2026,138.0,118.0,26.0,4.0,0.0,6.0,20.0,1.0,41.0,0.0,0.0,0.0,48.0,13.0,3.0,.220,.333,.407,.740,.282,19.67,612.0,24.0,27.0,157.0,146.0,25.0,4.0,0.0,8.0,9.0,0.0,58.0,2.0,0.0,0.0,53.0,23.0,3.0,.171,.229,.363,.592,.213,18.25,623.0,26.0,37.0,2025
700241,Michael McGreevy,138,St. Louis Cardinals,,P,2026,,,,,,,,,,,,,,,,,,,,,,,,,,,,,,,,,,,,,,,,,,,,,,,,,2025
681810,Austin Warren,121,New York Mets,,P,2026,,,,,,,,,,,,,,,,,,,,,,,,,,,,,,,,,,,,,,,,,,,,,,,,,2025
696147,Sam Bachman,108,Los Angeles Angels,,P,2026,,,,,,,,,,,,,,,,,,,,,,,,,,,,,,,,,,,,,,,,,,,,,,,,,2025
696149,Bubba Chandler,134,Pittsburgh Pirates,,P,2026,,,,,,,,,,,,,,,,,,,,,,,,,,,,,,,,,,,,,,,,,,,,,,,,,2025
700250,Ben Rice,147,New York Yankees,,1B,2026,347.0,301.0,81.0,15.0,2.0,23.0,42.0,4.0,83.0,2.0,2.0,0.0,169.0,54.0,6.0,.269,.360,.561,.921,.294,13.09,1361.0,71.0,68.0,530.0,467.0,119.0,28.0,4.0,26.0,50.0,0.0,100.0,9.0,2.0,0.0,233.0,65.0,18.0,.255,.337,.499,.836,.271,17.96,2047.0,115.0,135.0,2025
702332,Caleb Durbin,111,Boston Red Sox,,3B,2026,278.0,253.0,58.0,17.0,1.0,7.0,17.0,0.0,41.0,4.0,2.0,2.0,98.0,36.0,6.0,.229,.286,.387,.673,.246,36.14,1005.0,90.0,68.0,506.0,445.0,114.0,25.0,0.0,11.0,30.0,0.0,50.0,24.0,4.0,3.0,172.0,53.0,10.0,.256,.334,.387,.721,.265,40.46,1838.0,134.0,154.0,2025
663423,Trent Thornton,112,Chicago Cubs,,P,2026,,,,,,,,,,,,,,,,,,,,,,,,,0.0,0.0,0.0,0.0,0.0,0.0,0.0,0.0,0.0,0.0,0.0,0.0,0.0,0.0,0.0,.000,.000,.000,.000,.---,-.--,0.0,0.0,0.0,2025
663436,Davis Martin,145,Chicago White Sox,,P,2026,,,,,,,,,,,,,,,,,,,,,,,,,,,,,,,,,,,,,,,,,,,,,,,,,2025
661388,William Contreras,158,Milwaukee Brewers,,C,2026,349.0,311.0,91.0,12.0,0.0,9.0,31.0,3.0,46.0,3.0,4.0,0.0,130.0,51.0,9.0,.293,.358,.418,.776,.315,34.56,1201.0,81.0,97.0,659.0,566.0,147.0,28.0,0.0,17.0,84.0,4.0,120.0,3.0,6.0,0.0,226.0,76.0,14.0,.260,.355,.399,.754,.299,33.29,2556.0,172.0,133.0,2025
681870,Erik Sabrowski,114,Cleveland Guardians,,P,2026,,,,,,,,,,,,,,,,,,,,,,,,,,,,,,,,,,,,,,,,,,,,,,,,,2025
665487,Fernando Tatis Jr.,135,San Diego Padres,,RF,2026,372.0,332.0,93.0,16.0,1.0,5.0,31.0,1.0,74.0,3.0,5.0,1.0,126.0,33.0,8.0,.280,.342,.380,.722,.341,66.40,1345.0,92.0,79.0,691.0,594.0,159.0,27.0,2.0,25.0,89.0,7.0,129.0,6.0,2.0,0.0,265.0,71.0,6.0,.268,.368,.446,.814,.303,23.76,2636.0,160.0,148.0,2025
620443,Luis Torrens,121,New York Mets,,C,2026,157.0,143.0,31.0,9.0,0.0,2.0,8.0,0.0,34.0,4.0,0.0,2.0,46.0,16.0,1.0,.217,.277,.322,.599,.271,71.50,610.0,48.0,32.0,283.0,261.0,59.0,14.0,1.0,5.0,19.0,0.0,56.0,2.0,0.0,1.0,90.0,29.0,7.0,.226,.284,.345,.629,.270,52.20,1069.0,89.0,58.0,2025
665489,Vladimir Guerrero Jr.,141,Toronto Blue Jays,,1B,2026,348.0,303.0,81.0,13.0,0.0,4.0,36.0,5.0,39.0,4.0,5.0,0.0,106.0,34.0,10.0,.267,.348,.350,.698,.291,75.75,1244.0,100.0,88.0,680.0,589.0,172.0,34.0,0.0,23.0,81.0,8.0,94.0,6.0,4.0,0.0,275.0,84.0,17.0,.292,.381,.467,.848,.313,25.61,2502.0,179.0,148.0,2025
622491,Luis Castillo,136,Seattle Mariners,,P,2026,,,,,,,,,,,,,,,,,,,,,,,,,,,,,,,,,,,,,,,,,,,,,,,,,2025
663457,Lars Nootbaar,138,St. Louis Cardinals,,LF,2026,93.0,80.0,24.0,5.0,1.0,2.0,12.0,1.0,21.0,0.0,1.0,0.0,37.0,8.0,2.0,.300,.387,.463,.850,.379,40.00,365.0,20.0,16.0,583.0,509.0,119.0,24.0,1.0,13.0,64.0,3.0,119.0,6.0,3.0,1.0,184.0,48.0,4.0,.234,.325,.361,.686,.279,39.15,2359.0,109.0,166.0,2025
681895,Evan Sisk,134,Pittsburgh Pirates,,P,2026,,,,,,,,,,,,,,,,,,,,,,,,,,,,,,,,,,,,,,,,,,,,,,,,,2025
681892,Kody Funderburk,142,Minnesota Twins,,P,2026,,,,,,,,,,,,,,,,,,,,,,,,,0.0,0.0,0.0,0.0,0.0,0.0,0.0,0.0,0.0,0.0,0.0,0.0,0.0,0.0,0.0,.000,.000,.000,.000,.---,-.--,0.0,0.0,0.0,2025
677800,Wilyer Abreu,111,Boston Red Sox,,RF,2026,358.0,319.0,85.0,16.0,3.0,10.0,33.0,1.0,72.0,0.0,4.0,1.0,137.0,39.0,7.0,.266,.331,.429,.760,.311,31.90,1404.0,59.0,108.0,417.0,373.0,92.0,17.0,0.0,22.0,40.0,5.0,101.0,0.0,3.0,1.0,175.0,69.0,8.0,.247,.317,.469,.786,.277,16.96,1600.0,63.0,121.0,2025
694192,Jackson Chourio,158,Milwaukee Brewers,,LF,2026,238.0,217.0,64.0,14.0,0.0,12.0,19.0,1.0,57.0,1.0,1.0,0.0,114.0,33.0,1.0,.295,.353,.525,.878,.349,18.08,923.0,45.0,52.0,589.0,549.0,148.0,35.0,4.0,21.0,30.0,1.0,121.0,3.0,6.0,1.0,254.0,78.0,13.0,.270,.308,.463,.771,.308,26.14,2108.0,129.0,158.0,2025
681909,Justin Dean,112,Chicago Cubs,,CF,2026,5.0,4.0,2.0,0.0,1.0,0.0,1.0,0.0,1.0,0.0,0.0,0.0,4.0,3.0,0.0,.500,.600,1.000,1.600,.667,-.--,19.0,1.0,0.0,2.0,2.0,0.0,0.0,0.0,0.0,0.0,0.0,1.0,0.0,0.0,0.0,0.0,0.0,0.0,.000,.000,.000,.000,.000,-.--,11.0,1.0,0.0,2025
683953,Travis Bazzana,114,Cleveland Guardians,,2B,2026,240.0,207.0,52.0,12.0,1.0,7.0,29.0,1.0,49.0,2.0,2.0,0.0,87.0,26.0,0.0,.251,.346,.420,.766,.294,29.57,958.0,50.0,58.0,,,,,,,,,,,,,,,,,,,,,,,,,2025
681911,Alex Vesia,119,Los Angeles Dodgers,,P,2026,0.0,0.0,0.0,0.0,0.0,0.0,0.0,0.0,0.0,0.0,0.0,0.0,0.0,0.0,0.0,.000,.000,.000,.000,.---,-.--,0.0,0.0,0.0,,,,,,,,,,,,,,,,,,,,,,,,,2025
810938,Ben Williamson,139,Tampa Bay Rays,,2B,2026,199.0,178.0,42.0,8.0,1.0,2.0,19.0,0.0,38.0,1.0,0.0,1.0,58.0,21.0,6.0,.236,.313,.326,.639,.290,89.00,792.0,56.0,43.0,295.0,277.0,70.0,13.0,0.0,1.0,15.0,0.0,64.0,1.0,0.0,2.0,86.0,21.0,5.0,.253,.294,.310,.604,.325,277.00,1216.0,90.0,55.0,2025
694212,Samuel Basallo,110,Baltimore Orioles,,C,2026,267.0,242.0,62.0,9.0,1.0,12.0,23.0,1.0,68.0,0.0,2.0,0.0,109.0,37.0,4.0,.256,.318,.450,.768,.305,20.17,980.0,60.0,54.0,118.0,109.0,18.0,6.0,0.0,4.0,6.0,0.0,30.0,3.0,0.0,0.0,36.0,15.0,4.0,.165,.229,.330,.559,.187,27.25,443.0,36.0,25.0,2025
694203,Denzer Guzman,108,Los Angeles Angels,,3B,2026,81.0,75.0,20.0,3.0,0.0,3.0,6.0,0.0,17.0,0.0,0.0,0.0,32.0,13.0,1.0,.267,.321,.427,.748,.309,25.00,291.0,17.0,21.0,43.0,42.0,8.0,1.0,0.0,2.0,1.0,0.0,22.0,0.0,0.0,0.0,15.0,3.0,0.0,.190,.209,.357,.566,.333,21.00,176.0,4.0,8.0,2025
663494,Bryan Torres,138,St. Louis Cardinals,,LF,2026,53.0,47.0,11.0,0.0,1.0,3.0,5.0,0.0,8.0,0.0,0.0,1.0,22.0,7.0,0.0,.234,.308,.468,.776,.222,15.67,200.0,15.0,14.0,,,,,,,,,,,,,,,,,,,,,,,,,2025
624585,Jorge Soler,108,Los Angeles Angels,,DH,2026,276.0,240.0,53.0,10.0,1.0,11.0,28.0,0.0,88.0,4.0,4.0,0.0,98.0,37.0,7.0,.221,.308,.408,.716,.290,21.82,1125.0,49.0,54.0,315.0,279.0,60.0,12.0,0.0,12.0,28.0,0.0,94.0,4.0,3.0,0.0,108.0,34.0,5.0,.215,.293,.387,.680,.273,23.25,1290.0,61.0,67.0,2025
655316,Andruw Monasterio,111,Boston Red Sox,,SS,2026,141.0,133.0,29.0,11.0,0.0,3.0,8.0,0.0,34.0,0.0,0.0,0.0,49.0,12.0,2.0,.218,.262,.368,.630,.271,44.33,610.0,27.0,43.0,135.0,126.0,34.0,9.0,0.0,4.0,7.0,0.0,32.0,2.0,0.0,0.0,55.0,16.0,1.0,.270,.319,.437,.756,.333,31.50,558.0,19.0,41.0,2025
696270,Ryan Johnson,108,Los Angeles Angels,,P,2026,,,,,,,,,,,,,,,,,,,,,,,,,,,,,,,,,,,,,,,,,,,,,,,,,2025
622554,Seranthony Domínguez,145,Chicago White Sox,,P,2026,,,,,,,,,,,,,,,,,,,,,,,,,0.0,0.0,0.0,0.0,0.0,0.0,0.0,0.0,0.0,0.0,0.0,0.0,0.0,0.0,0.0,.000,.000,.000,.000,.---,-.--,0.0,0.0,0.0,2025
696285,Jacob Young,120,Washington Nationals,,CF,2026,277.0,258.0,58.0,11.0,2.0,8.0,14.0,0.0,54.0,4.0,0.0,1.0,97.0,31.0,5.0,.225,.275,.376,.651,.255,32.25,1040.0,68.0,79.0,364.0,324.0,75.0,10.0,1.0,2.0,27.0,0.0,65.0,3.0,1.0,9.0,93.0,31.0,7.0,.231,.296,.287,.583,.283,162.00,1367.0,115.0,79.0,2025
489446,Kirby Yates,108,Los Angeles Angels,,P,2026,,,,,,,,,,,,,,,,,,,,,,,,,,,,,,,,,,,,,,,,,,,,,,,,,2025
684007,Shota Imanaga,112,Chicago Cubs,,P,2026,,,,,,,,,,,,,,,,,,,,,,,,,,,,,,,,,,,,,,,,,,,,,,,,,2025
815083,Mitch Farris,108,Los Angeles Angels,,P,2026,,,,,,,,,,,,,,,,,,,,,,,,,,,,,,,,,,,,,,,,,,,,,,,,,2025
677865,Justin Bruihl,138,St. Louis Cardinals,,P,2026,,,,,,,,,,,,,,,,,,,,,,,,,,,,,,,,,,,,,,,,,,,,,,,,,2025
677870,Leo Jiménez,146,Miami Marlins,,3B,2026,105.0,91.0,19.0,4.0,0.0,0.0,8.0,0.0,23.0,5.0,1.0,0.0,23.0,4.0,4.0,.209,.305,.253,.558,.275,-.--,441.0,30.0,20.0,32.0,29.0,2.0,0.0,0.0,1.0,2.0,0.0,8.0,0.0,0.0,1.0,5.0,1.0,1.0,.069,.129,.172,.301,.050,29.00,143.0,10.0,10.0,2025
606192,Teoscar Hernández,119,Los Angeles Dodgers,,LF,2026,219.0,193.0,52.0,8.0,0.0,7.0,21.0,1.0,60.0,2.0,3.0,0.0,81.0,32.0,7.0,.269,.342,.420,.762,.349,27.57,890.0,38.0,46.0,546.0,511.0,126.0,29.0,1.0,25.0,26.0,0.0,134.0,3.0,5.0,0.0,232.0,89.0,13.0,.247,.284,.454,.738,.283,20.44,2139.0,136.0,120.0,2025
669684,Chris Murphy,145,Chicago White Sox,,P,2026,,,,,,,,,,,,,,,,,,,,,,,,,,,,,,,,,,,,,,,,,,,,,,,,,2025
663538,Nico Hoerner,112,Chicago Cubs,,2B,2026,385.0,341.0,82.0,21.0,0.0,4.0,35.0,0.0,29.0,5.0,4.0,0.0,115.0,36.0,7.0,.240,.317,.337,.654,.250,85.25,1405.0,103.0,131.0,649.0,599.0,178.0,29.0,4.0,7.0,39.0,1.0,49.0,7.0,4.0,0.0,236.0,61.0,4.0,.297,.345,.394,.739,.313,85.57,2305.0,179.0,197.0,2025
671732,Lawrence Butler,133,Athletics,,RF,2026,240.0,214.0,42.0,7.0,0.0,5.0,26.0,1.0,65.0,0.0,0.0,0.0,64.0,22.0,3.0,.196,.283,.299,.582,.257,42.80,982.0,66.0,41.0,630.0,569.0,133.0,30.0,2.0,21.0,59.0,0.0,179.0,0.0,0.0,2.0,230.0,63.0,7.0,.234,.306,.404,.710,.304,27.10,2517.0,137.0,122.0,2025
663542,Bryan Hudson,145,Chicago White Sox,,P,2026,,,,,,,,,,,,,,,,,,,,,,,,,,,,,,,,,,,,,,,,,,,,,,,,,2025
671739,Michael Harris II,144,Atlanta Braves,,CF,2026,305.0,287.0,84.0,13.0,0.0,14.0,15.0,0.0,61.0,1.0,2.0,0.0,139.0,44.0,2.0,.293,.328,.484,.812,.327,20.50,1108.0,75.0,69.0,641.0,611.0,152.0,26.0,6.0,20.0,16.0,1.0,128.0,3.0,7.0,4.0,250.0,86.0,7.0,.249,.268,.409,.677,.281,30.55,2177.0,193.0,149.0,2025
671737,Taj Bradley,142,Minnesota Twins,,P,2026,,,,,,,,,,,,,,,,,,,,,,,,,,,,,,,,,,,,,,,,,,,,,,,,,2025
681982,Grant Anderson,158,Milwaukee Brewers,,P,2026,,,,,,,,,,,,,,,,,,,,,,,,,,,,,,,,,,,,,,,,,,,,,,,,,2025
