batter_id,batter_name,team_id,team_name,batSide,primaryPosition,season,plateAppearances,atBats,hits,doubles,triples,homeRuns,baseOnBalls,intentionalWalks,strikeOuts,hitByPitch,sacFlies,sacBunts,totalBases,rbi,groundIntoDoublePlay,avg,obp,slg,ops,babip,atBatsPerHomeRun,numberOfPitches,groundOuts,airOuts,plateAppearances_prev,atBats_prev,hits_prev,doubles_prev,triples_prev,homeRuns_prev,baseOnBalls_prev,intentionalWalks_prev,strikeOuts_prev,hitByPitch_prev,sacFlies_prev,sacBunts_prev,totalBases_prev,rbi_prev,groundIntoDoublePlay_prev,avg_prev,obp_prev,slg_prev,ops_prev,babip_prev,atBatsPerHomeRun_prev,numberOfPitches_prev,groundOuts_prev,airOuts_prev,season_prev
663556,Shane McClanahan,139,Tampa Bay Rays,,P,2026,,,,,,,,,,,,,,,,,,,,,,,,,,,,,,,,,,,,,,,,,,,,,,,,,2025
663554,Casey Mize,116,Detroit Tigers,,P,2026,,,,,,,,,,,,,,,,,,,,,,,,,,,,,,,,,,,,,,,,,,,,,,,,,2025
624641,Edmundo Sosa,143,Philadelphia Phillies,,2B,2026,120.0,111.0,26.0,4.0,0.0,4.0,3.0,0.0,26.0,3.0,2.0,0.0,42.0,18.0,2.0,.234,.269,.378,.647,.265,27.75,449.0,32.0,29.0,261.0,243.0,67.0,12.0,1.0,11.0,10.0,0.0,56.0,2.0,2.0,3.0,114.0,39.0,7.0,.276,.307,.469,.776,.315,22.09,942.0,67.0,58.0,2025
808963,Roki Sasaki,119,Los Angeles Dodgers,,P,2026,,,,,,,,,,,,,,,,,,,,,,,,,,,,,,,,,,,,,,,,,,,,,,,,,2025
595978,Austin Hedges,114,Cleveland Guardians,,C,2026,110.0,96.0,26.0,6.0,0.0,1.0,10.0,0.0,18.0,0.0,1.0,3.0,35.0,9.0,3.0,.271,.336,.365,.701,.321,96.00,428.0,35.0,21.0,180.0,155.0,25.0,3.0,0.0,5.0,18.0,0.0,43.0,1.0,2.0,4.0,43.0,10.0,2.0,.161,.250,.277,.527,.183,31.00,696.0,35.0,58.0,2025
808967,Yoshinobu Yamamoto,119,Los Angeles Dodgers,,P,2026,,,,,,,,,,,,,,,,,,,,,,,,,,,,,,,,,,,,,,,,,,,,,,,,,2025
675848,Juan Mejia,115,Colorado Rockies,,P,2026,,,,,,,,,,,,,,,,,,,,,,,,,0.0,0.0,0.0,0.0,0.0,0.0,0.0,0.0,0.0,0.0,0.0,0.0,0.0,0.0,0.0,.000,.000,.000,.000,.---,-.--,0.0,0.0,0.0,2025
681987,Nate Eaton,111,Boston Red Sox,,OF,2026,1.0,1.0,0.0,0.0,0.0,0.0,0.0,0.0,0.0,0.0,0.0,0.0,0.0,0.0,0.0,.000,.000,.000,.000,.000,-.--,5.0,0.0,1.0,90.0,81.0,24.0,4.0,0.0,1.0,6.0,0.0,19.0,1.0,1.0,1.0,31.0,4.0,1.0,.296,.348,.383,.731,.371,81.00,338.0,17.0,23.0,2025
663567,Peter Lambert,117,Houston Astros,,P,2026,,,,,,,,,,,,,,,,,,,,,,,,,,,,,,,,,,,,,,,,,,,,,,,,,2025
669707,Jared Triolo,134,Pittsburgh Pirates,,SS,2026,136.0,122.0,27.0,4.0,0.0,0.0,11.0,0.0,36.0,1.0,0.0,1.0,31.0,7.0,3.0,.221,.291,.254,.545,.314,-.--,540.0,34.0,26.0,376.0,331.0,75.0,18.0,2.0,7.0,39.0,1.0,76.0,2.0,1.0,3.0,118.0,24.0,4.0,.227,.311,.356,.667,.273,47.29,1454.0,81.0,103.0,2025
663568,Stephen Kolek,118,Kansas City Royals,,P,2026,,,,,,,,,,,,,,,,,,,,,,,,,,,,,,,,,,,,,,,,,,,,,,,,,2025
669711,Greg Weissert,111,Boston Red Sox,,P,2026,,,,,,,,,,,,,,,,,,,,,,,,,,,,,,,,,,,,,,,,,,,,,,,,,2025
663574,Tony Santillan,113,Cincinnati Reds,,P,2026,,,,,,,,,,,,,,,,,,,,,,,,,,,,,,,,,,,,,,,,,,,,,,,,,2025
684049,Brandan Bidois,134,Pittsburgh Pirates,,P,2026,,,,,,,,,,,,,,,,,,,,,,,,,,,,,,,,,,,,,,,,,,,,,,,,,2025
622608,Antonio Senzatela,115,Colorado Rockies,,P,2026,,,,,,,,,,,,,,,,,,,,,,,,,,,,,,,,,,,,,,,,,,,,,,,,,2025
808982,Jung Hoo Lee,137,San Francisco Giants,,RF,2026,261.0,245.0,81.0,15.0,2.0,3.0,11.0,0.0,25.0,3.0,2.0,0.0,109.0,24.0,3.0,.331,.364,.445,.809,.356,81.67,964.0,71.0,70.0,617.0,560.0,149.0,31.0,12.0,8.0,47.0,0.0,71.0,6.0,4.0,0.0,228.0,55.0,2.0,.266,.327,.407,.734,.291,70.00,2351.0,182.0,162.0,2025
665622,Luis Medina,133,Athletics,,P,2026,,,,,,,,,,,,,,,,,,,,,,,,,,,,,,,,,,,,,,,,,,,,,,,,,2025
593958,Eduardo Rodriguez,109,Arizona Diamondbacks,,P,2026,,,,,,,,,,,,,,,,,,,,,,,,,,,,,,,,,,,,,,,,,,,,,,,,,2025
669743,Alex Call,119,Los Angeles Dodgers,,LF,2026,103.0,86.0,22.0,5.0,0.0,0.0,13.0,0.0,15.0,3.0,1.0,0.0,27.0,13.0,2.0,.256,.369,.314,.683,.306,-.--,456.0,25.0,25.0,322.0,270.0,72.0,13.0,2.0,5.0,36.0,0.0,55.0,6.0,4.0,6.0,104.0,31.0,6.0,.267,.361,.385,.746,.313,54.00,1314.0,80.0,73.0,2025
663586,Austin Riley,144,Atlanta Braves,,3B,2026,289.0,256.0,52.0,11.0,1.0,8.0,25.0,0.0,82.0,6.0,2.0,0.0,89.0,34.0,6.0,.203,.287,.348,.635,.262,32.00,1166.0,51.0,73.0,447.0,416.0,108.0,20.0,1.0,16.0,27.0,1.0,128.0,3.0,1.0,0.0,178.0,54.0,9.0,.260,.309,.428,.737,.337,26.00,1791.0,69.0,112.0,2025
806960,Luis Morales,133,Athletics,,P,2026,,,,,,,,,,,,,,,,,,,,,,,,,,,,,,,,,,,,,,,,,,,,,,,,,2025
677942,Blaze Alexander,110,Baltimore Orioles,,3B,2026,173.0,155.0,46.0,10.0,1.0,2.0,10.0,1.0,40.0,3.0,1.0,2.0,64.0,19.0,5.0,.297,.349,.413,.762,.386,77.50,650.0,42.0,30.0,266.0,230.0,53.0,12.0,1.0,7.0,22.0,0.0,86.0,10.0,1.0,3.0,88.0,28.0,5.0,.230,.323,.383,.706,.333,32.86,1042.0,54.0,41.0,2025
677944,Slade Cecconi,114,Cleveland Guardians,,P,2026,,,,,,,,,,,,,,,,,,,,,,,,,,,,,,,,,,,,,,,,,,,,,,,,,2025
571448,Nolan Arenado,109,Arizona Diamondbacks,,3B,2026,261.0,230.0,55.0,12.0,0.0,8.0,22.0,1.0,55.0,6.0,3.0,0.0,91.0,31.0,6.0,.239,.318,.396,.714,.276,28.75,1045.0,54.0,69.0,436.0,401.0,95.0,18.0,1.0,12.0,28.0,4.0,49.0,3.0,4.0,0.0,151.0,52.0,10.0,.237,.289,.377,.666,.241,33.42,1586.0,101.0,160.0,2025
663611,Nick Madrigal,108,Los Angeles Angels,,3B,2026,48.0,41.0,12.0,1.0,0.0,0.0,6.0,0.0,3.0,1.0,0.0,0.0,13.0,2.0,1.0,.293,.396,.317,.713,.316,-.--,186.0,13.0,13.0,,,,,,,,,,,,,,,,,,,,,,,,,2025
677952,Braxton Ashcraft,134,Pittsburgh Pirates,,P,2026,,,,,,,,,,,,,,,,,,,,,,,,,,,,,,,,,,,,,,,,,,,,,,,,,2025
665660,Elvis Alvarado,133,Athletics,,P,2026,,,,,,,,,,,,,,,,,,,,,,,,,0.0,0.0,0.0,0.0,0.0,0.0,0.0,0.0,0.0,0.0,0.0,0.0,0.0,0.0,0.0,.000,.000,.000,.000,.---,-.--,0.0,0.0,0.0,2025
677951,Bobby Witt Jr.,118,Kansas City Royals,,SS,2026,330.0,293.0,85.0,19.0,1.0,9.0,34.0,3.0,57.0,1.0,2.0,0.0,133.0,29.0,6.0,.290,.364,.454,.818,.332,32.56,1219.0,56.0,97.0,687.0,623.0,184.0,47.0,6.0,23.0,49.0,8.0,125.0,8.0,7.0,0.0,312.0,88.0,7.0,.295,.351,.501,.852,.334,27.09,2511.0,124.0,197.0,2025
677955,Jaden Hill,115,Colorado Rockies,,P,2026,,,,,,,,,,,,,,,,,,,,,,,,,,,,,,,,,,,,,,,,,,,,,,,,,2025
608324,Alex Bregman,112,Chicago Cubs,,3B,2026,333.0,291.0,73.0,10.0,1.0,6.0,35.0,2.0,55.0,5.0,2.0,0.0,103.0,22.0,8.0,.251,.339,.354,.693,.289,48.50,1328.0,67.0,98.0,495.0,433.0,118.0,28.0,0.0,18.0,51.0,3.0,70.0,9.0,2.0,0.0,200.0,62.0,12.0,.273,.360,.462,.822,.288,24.06,1947.0,101.0,146.0,2025
665665,Reiver Sanmartin,137,San Francisco Giants,,P,2026,,,,,,,,,,,,,,,,,,,,,,,,,,,,,,,,,,,,,,,,,,,,,,,,,2025
677960,Ryan Weathers,147,New York Yankees,,P,2026,,,,,,,,,,,,,,,,,,,,,,,,,,,,,,,,,,,,,,,,,,,,,,,,,2025
675916,James Karinchak,144,Atlanta Braves,,P,2026,,,,,,,,,,,,,,,,,,,,,,,,,,,,,,,,,,,,,,,,,,,,,,,,,2025
694360,Beck Way,118,Kansas City Royals,,P,2026,,,,,,,,,,,,,,,,,,,,,,,,,,,,,,,,,,,,,,,,,,,,,,,,,2025
694361,Will Klein,119,Los Angeles Dodgers,,P,2026,,,,,,,,,,,,,,,,,,,,,,,,,,,,,,,,,,,,,,,,,,,,,,,,,2025
694346,Trey Gibson,110,Baltimore Orioles,,P,2026,,,,,,,,,,,,,,,,,,,,,,,,,,,,,,,,,,,,,,,,,,,,,,,,,2025
608348,Carson Kelly,112,Chicago Cubs,,C,2026,189.0,169.0,46.0,6.0,0.0,3.0,17.0,0.0,32.0,3.0,0.0,0.0,61.0,19.0,3.0,.272,.349,.361,.710,.321,56.33,714.0,39.0,52.0,421.0,369.0,92.0,13.0,1.0,17.0,45.0,0.0,80.0,3.0,4.0,0.0,158.0,50.0,11.0,.249,.333,.428,.761,.272,21.71,1667.0,88.0,113.0,2025
694362,Blake Dunn,113,Cincinnati Reds,,RF,2026,125.0,116.0,31.0,5.0,1.0,2.0,8.0,0.0,27.0,1.0,0.0,0.0,44.0,5.0,2.0,.267,.320,.379,.699,.333,58.00,437.0,28.0,30.0,75.0,60.0,9.0,2.0,0.0,1.0,8.0,0.0,25.0,7.0,0.0,0.0,14.0,7.0,1.0,.150,.320,.233,.553,.235,60.00,318.0,19.0,7.0,2025
694371,Tommy Troy,109,Arizona Diamondbacks,,LF,2026,68.0,60.0,13.0,2.0,0.0,2.0,8.0,0.0,13.0,0.0,0.0,0.0,21.0,2.0,0.0,.217,.309,.350,.659,.244,30.00,275.0,20.0,14.0,,,,,,,,,,,,,,,,,,,,,,,,,2025
663656,Kyle Tucker,119,Los Angeles Dodgers,,RF,2026,300.0,258.0,62.0,16.0,2.0,6.0,37.0,0.0,61.0,2.0,3.0,0.0,100.0,39.0,0.0,.240,.337,.388,.725,.289,43.00,1182.0,59.0,79.0,597.0,500.0,133.0,25.0,4.0,22.0,87.0,7.0,88.0,4.0,3.0,1.0,232.0,73.0,8.0,.266,.377,.464,.841,.282,22.73,2306.0,114.0,169.0,2025
667755,José Soriano,108,Los Angeles Angels,,P,2026,,,,,,,,,,,,,,,,,,,,,,,,,,,,,,,,,,,,,,,,,,,,,,,,,2025
694378,Jacob Gonzalez,145,Chicago White Sox,,1B,2026,45.0,39.0,8.0,0.0,0.0,1.0,5.0,0.0,14.0,1.0,0.0,0.0,11.0,5.0,0.0,.205,.311,.282,.593,.292,39.00,203.0,6.0,11.0,,,,,,,,,,,,,,,,,,,,,,,,,2025
594027,Tyron Guerrero,111,Boston Red Sox,,P,2026,,,,,,,,,,,,,,,,,,,,,,,,,,,,,,,,,,,,,,,,,,,,,,,,,2025
657514,Brennan Bernardino,115,Colorado Rockies,,P,2026,,,,,,,,,,,,,,,,,,,,,,,,,0.0,0.0,0.0,0.0,0.0,0.0,0.0,0.0,0.0,0.0,0.0,0.0,0.0,0.0,0.0,.000,.000,.000,.000,.---,-.--,0.0,0.0,0.0,2025
694388,Joey Loperfido,117,Houston Astros,,LF,2026,82.0,69.0,16.0,5.0,0.0,0.0,11.0,1.0,22.0,1.0,1.0,0.0,21.0,7.0,1.0,.232,.341,.304,.645,.333,-.--,337.0,21.0,11.0,104.0,96.0,32.0,4.0,0.0,4.0,4.0,0.0,27.0,3.0,0.0,1.0,48.0,14.0,2.0,.333,.379,.500,.879,.431,24.00,376.0,20.0,18.0,2025
694384,Nolan Schanuel,108,Los Angeles Angels,,1B,2026,237.0,213.0,54.0,12.0,0.0,4.0,17.0,0.0,38.0,5.0,2.0,0.0,78.0,25.0,8.0,.254,.321,.366,.687,.289,53.25,936.0,70.0,53.0,564.0,488.0,129.0,23.0,1.0,12.0,59.0,4.0,71.0,10.0,4.0,3.0,190.0,53.0,10.0,.264,.353,.389,.742,.286,40.67,2150.0,139.0,156.0,2025
675961,Alika Williams,133,Athletics,,SS,2026,45.0,42.0,13.0,5.0,0.0,1.0,2.0,0.0,11.0,0.0,0.0,1.0,21.0,5.0,1.0,.310,.341,.500,.841,.400,42.00,180.0,10.0,9.0,,,,,,,,,,,,,,,,,,,,,,,,,2025
608372,Tomoyuki Sugano,115,Colorado Rockies,,P,2026,,,,,,,,,,,,,,,,,,,,,,,,,,,,,,,,,,,,,,,,,,,,,,,,,2025
608379,Michael Wacha,118,Kansas City Royals,,P,2026,,,,,,,,,,,,,,,,,,,,,,,,,,,,,,,,,,,,,,,,,,,,,,,,,2025
678020,Seth Halvorsen,115,Colorado Rockies,,P,2026,,,,,,,,,,,,,,,,,,,,,,,,,0.0,0.0,0.0,0.0,0.0,0.0,0.0,0.0,0.0,0.0,0.0,0.0,0.0,0.0,0.0,.000,.000,.000,.000,.---,-.--,0.0,0.0,0.0,2025
678022,Jack Perkins,133,Athletics,,P,2026,0.0,0.0,0.0,0.0,0.0,0.0,0.0,0.0,0.0,0.0,0.0,0.0,0.0,0.0,0.0,.000,.000,.000,.000,.---,-.--,0.0,0.0,0.0,,,,,,,,,,,,,,,,,,,,,,,,,2025
596103,Austin Slater,139,Tampa Bay Rays,,RF,2026,73.0,65.0,15.0,3.0,0.0,0.0,7.0,0.0,21.0,0.0,1.0,0.0,18.0,3.0,1.0,.231,.301,.277,.578,.333,-.--,286.0,13.0,17.0,160.0,148.0,32.0,6.0,1.0,5.0,11.0,0.0,51.0,0.0,0.0,1.0,55.0,13.0,6.0,.216,.270,.372,.642,.293,29.60,644.0,39.0,27.0,2025
682120,Tim Herrin,114,Cleveland Guardians,,P,2026,,,,,,,,,,,,,,,,,,,,,,,,,0.0,0.0,0.0,0.0,0.0,0.0,0.0,0.0,0.0,0.0,0.0,0.0,0.0,0.0,0.0,.000,.000,.000,.000,.---,-.--,0.0,0.0,0.0,2025
686217,Sal Frelick,158,Milwaukee Brewers,,RF,2026,243.0,211.0,48.0,8.0,0.0,3.0,23.0,1.0,25.0,1.0,3.0,0.0,65.0,25.0,4.0,.227,.303,.308,.611,.242,70.33,936.0,80.0,61.0,594.0,528.0,152.0,20.0,3.0,12.0,47.0,0.0,80.0,7.0,5.0,3.0,214.0,63.0,4.0,.288,.351,.405,.756,.317,44.00,2311.0,153.0,151.0,2025
694410,LuJames Groover,109,Arizona Diamondbacks,,3B,2026,30.0,27.0,5.0,0.0,0.0,0.0,2.0,0.0,6.0,1.0,0.0,0.0,5.0,2.0,3.0,.185,.267,.185,.452,.238,-.--,121.0,10.0,6.0,,,,,,,,,,,,,,,,,,,,,,,,,2025
686218,Emmet Sheehan,119,Los Angeles Dodgers,,P,2026,,,,,,,,,,,,,,,,,,,,,,,,,,,,,,,,,,,,,,,,,,,,,,,,,2025
663687,Hogan Harris,133,Athletics,,P,2026,,,,,,,,,,,,,,,,,,,,,,,,,,,,,,,,,,,,,,,,,,,,,,,,,2025
645261,Sandy Alcantara,146,Miami Marlins,,P,2026,,,,,,,,,,,,,,,,,,,,,,,,,,,,,,,,,,,,,,,,,,,,,,,,,2025
647304,Josh Naylor,136,Seattle Mariners,,1B,2026,296.0,269.0,68.0,8.0,0.0,8.0,23.0,2.0,38.0,2.0,1.0,0.0,100.0,32.0,11.0,.253,.315,.372,.687,.268,33.62,968.0,80.0,84.0,604.0,543.0,160.0,29.0,1.0,20.0,48.0,4.0,83.0,4.0,5.0,0.0,251.0,92.0,17.0,.295,.353,.462,.815,.315,27.15,2013.0,158.0,147.0,2025
665742,Juan Soto,121,New York Mets,,LF,2026,240.0,204.0,59.0,6.0,1.0,15.0,34.0,6.0,33.0,0.0,1.0,0.0,112.0,34.0,2.0,.289,.389,.549,.938,.280,13.60,911.0,53.0,60.0,715.0,577.0,152.0,20.0,1.0,43.0,127.0,13.0,137.0,3.0,6.0,1.0,303.0,105.0,17.0,.263,.396,.525,.921,.270,13.42,2968.0,156.0,139.0,2025
665750,Leody Taveras,110,Baltimore Orioles,,CF,2026,220.0,188.0,48.0,9.0,3.0,2.0,23.0,0.0,49.0,1.0,1.0,7.0,69.0,28.0,1.0,.255,.338,.367,.705,.333,94.00,853.0,40.0,59.0,180.0,171.0,35.0,6.0,1.0,3.0,5.0,0.0,50.0,0.0,1.0,3.0,52.0,17.0,0.0,.205,.226,.304,.530,.269,57.00,693.0,33.0,57.0,2025
596117,Garrett Stubbs,143,Philadelphia Phillies,,C,2026,24.0,20.0,4.0,0.0,0.0,0.0,1.0,0.0,4.0,2.0,1.0,0.0,4.0,1.0,0.0,.200,.292,.200,.492,.235,-.--,83.0,6.0,7.0,1.0,1.0,0.0,0.0,0.0,0.0,0.0,0.0,0.0,0.0,0.0,0.0,0.0,0.0,0.0,.000,.000,.000,.000,.000,-.--,4.0,1.0,0.0,2025
643217,Andrew Benintendi,145,Chicago White Sox,,DH,2026,228.0,205.0,49.0,10.0,2.0,8.0,19.0,0.0,61.0,0.0,3.0,1.0,87.0,33.0,3.0,.239,.300,.424,.724,.295,25.62,875.0,40.0,59.0,470.0,420.0,101.0,16.0,2.0,20.0,40.0,2.0,82.0,3.0,6.0,0.0,181.0,63.0,5.0,.240,.307,.431,.738,.250,21.00,1721.0,88.0,155.0,2025
702616,Jackson Holliday,110,Baltimore Orioles,,2B,2026,85.0,74.0,14.0,1.0,1.0,3.0,9.0,0.0,26.0,0.0,2.0,0.0,26.0,11.0,1.0,.189,.271,.351,.622,.234,24.67,335.0,13.0,23.0,649.0,586.0,142.0,21.0,3.0,17.0,56.0,1.0,140.0,6.0,1.0,0.0,220.0,55.0,4.0,.242,.314,.375,.689,.291,34.47,2450.0,167.0,138.0,2025
647336,Michael Soroka,109,Arizona Diamondbacks,,P,2026,,,,,,,,,,,,,,,,,,,,,,,,,,,,,,,,,,,,,,,,,,,,,,,,,2025
596133,Luke Weaver,121,New York Mets,,P,2026,0.0,0.0,0.0,0.0,0.0,0.0,0.0,0.0,0.0,0.0,0.0,0.0,0.0,0.0,0.0,.000,.000,.000,.000,.---,-.--,0.0,0.0,0.0,,,,,,,,,,,,,,,,,,,,,,,,,2025
657571,Caleb Ferguson,113,Cincinnati Reds,,P,2026,,,,,,,,,,,,,,,,,,,,,,,,,,,,,,,,,,,,,,,,,,,,,,,,,2025
645277,Ozzie Albies,144,Atlanta Braves,,2B,2026,305.0,272.0,76.0,13.0,0.0,10.0,22.0,0.0,37.0,4.0,7.0,0.0,119.0,37.0,3.0,.279,.334,.438,.772,.284,27.20,1100.0,69.0,97.0,667.0,603.0,145.0,23.0,2.0,16.0,55.0,2.0,94.0,4.0,5.0,0.0,220.0,74.0,9.0,.240,.306,.365,.671,.259,37.69,2402.0,146.0,223.0,2025
542888,Shawn Armstrong,114,Cleveland Guardians,,P,2026,,,,,,,,,,,,,,,,,,,,,,,,,0.0,0.0,0.0,0.0,0.0,0.0,0.0,0.0,0.0,0.0,0.0,0.0,0.0,0.0,0.0,.000,.000,.000,.000,.---,-.--,0.0,0.0,0.0,2025
663728,Cal Raleigh,136,Seattle Mariners,,C,2026,185.0,164.0,27.0,4.0,0.0,7.0,19.0,0.0,57.0,0.0,2.0,0.0,52.0,20.0,4.0,.165,.249,.317,.566,.196,23.43,812.0,25.0,57.0,705.0,596.0,147.0,24.0,0.0,60.0,97.0,17.0,188.0,9.0,3.0,0.0,351.0,125.0,6.0,.247,.359,.589,.948,.248,9.93,2833.0,79.0,185.0,2025
596142,Gary Sánchez,158,Milwaukee Brewers,,DH,2026,135.0,110.0,25.0,4.0,1.0,7.0,23.0,0.0,26.0,2.0,0.0,0.0,52.0,19.0,4.0,.227,.370,.473,.843,.234,15.71,567.0,26.0,33.0,101.0,91.0,21.0,2.0,0.0,5.0,4.0,0.0,27.0,5.0,1.0,0.0,38.0,24.0,2.0,.231,.297,.418,.715,.267,18.20,415.0,21.0,23.0,2025
622761,Jorge Mateo,144,Atlanta Braves,,SS,2026,100.0,94.0,27.0,5.0,0.0,4.0,6.0,0.0,29.0,0.0,0.0,0.0,44.0,11.0,2.0,.287,.330,.468,.798,.377,23.50,399.0,19.0,19.0,83.0,79.0,14.0,4.0,0.0,1.0,4.0,0.0,30.0,0.0,0.0,0.0,21.0,3.0,1.0,.177,.217,.266,.483,.271,79.00,336.0,17.0,18.0,2025
645305,Ali Sánchez,147,New York Yankees,,C,2026,11.0,10.0,2.0,1.0,0.0,0.0,1.0,0.0,5.0,0.0,0.0,0.0,3.0,1.0,0.0,.200,.273,.300,.573,.400,-.--,40.0,2.0,1.0,23.0,23.0,5.0,2.0,0.0,0.0,0.0,0.0,6.0,0.0,0.0,0.0,7.0,0.0,1.0,.217,.217,.304,.521,.294,-.--,80.0,6.0,6.0,2025
645302,Victor Robles,136,Seattle Mariners,,RF,2026,48.0,47.0,13.0,2.0,0.0,0.0,1.0,0.0,6.0,0.0,0.0,0.0,15.0,2.0,4.0,.277,.292,.319,.611,.317,-.--,172.0,16.0,12.0,114.0,106.0,26.0,4.0,1.0,1.0,3.0,0.0,26.0,3.0,2.0,0.0,35.0,9.0,3.0,.245,.281,.330,.611,.309,106.00,375.0,29.0,27.0,2025
671922,Cade Smith,114,Cleveland Guardians,,P,2026,0.0,0.0,0.0,0.0,0.0,0.0,0.0,0.0,0.0,0.0,0.0,0.0,0.0,0.0,0.0,.000,.000,.000,.000,.---,-.--,0.0,0.0,0.0,,,,,,,,,,,,,,,,,,,,,,,,,2025
663738,Daniel Lynch IV,118,Kansas City Royals,,P,2026,,,,,,,,,,,,,,,,,,,,,,,,,0.0,0.0,0.0,0.0,0.0,0.0,0.0,0.0,0.0,0.0,0.0,0.0,0.0,0.0,0.0,.000,.000,.000,.000,.---,-.--,0.0,0.0,0.0,2025
803011,Sam Antonacci,145,Chicago White Sox,,LF,2026,212.0,179.0,50.0,8.0,2.0,2.0,15.0,0.0,33.0,15.0,1.0,2.0,68.0,17.0,1.0,.279,.381,.380,.761,.331,89.50,844.0,59.0,40.0,,,,,,,,,,,,,,,,,,,,,,,,,2025
571578,Patrick Corbin,141,Toronto Blue Jays,,P,2026,,,,,,,,,,,,,,,,,,,,,,,,,,,,,,,,,,,,,,,,,,,,,,,,,2025
663743,Nick Fortes,139,Tampa Bay Rays,,C,2026,179.0,165.0,43.0,10.0,0.0,1.0,5.0,0.0,22.0,6.0,1.0,2.0,56.0,14.0,6.0,.261,.305,.339,.644,.294,165.00,624.0,57.0,46.0,242.0,218.0,50.0,9.0,1.0,5.0,14.0,0.0,47.0,7.0,1.0,2.0,76.0,21.0,7.0,.229,.296,.349,.645,.269,43.60,915.0,59.0,65.0,2025
682177,Daniel Schneemann,114,Cleveland Guardians,,CF,2026,199.0,180.0,41.0,9.0,0.0,5.0,19.0,0.0,56.0,0.0,0.0,0.0,65.0,22.0,4.0,.228,.302,.361,.663,.303,36.00,791.0,41.0,42.0,422.0,379.0,78.0,18.0,1.0,12.0,38.0,1.0,117.0,3.0,1.0,1.0,134.0,41.0,4.0,.206,.283,.354,.637,.263,31.58,1668.0,96.0,90.0,2025
657612,Tim Hill,147,New York Yankees,,P,2026,,,,,,,,,,,,,,,,,,,,,,,,,,,,,,,,,,,,,,,,,,,,,,,,,2025
665795,Edward Cabrera,112,Chicago Cubs,,P,2026,,,,,,,,,,,,,,,,,,,,,,,,,,,,,,,,,,,,,,,,,,,,,,,,,2025
669899,Ryan Ward,119,Los Angeles Dodgers,,LF,2026,46.0,43.0,11.0,4.0,0.0,3.0,3.0,0.0,15.0,0.0,0.0,0.0,24.0,11.0,2.0,.256,.304,.558,.862,.320,14.33,189.0,10.0,7.0,,,,,,,,,,,,,,,,,,,,,,,,,2025
696519,Samy Natera Jr.,108,Los Angeles Angels,,P,2026,,,,,,,,,,,,,,,,,,,,,,,,,,,,,,,,,,,,,,,,,,,,,,,,,2025
694477,Chad Patrick,158,Milwaukee Brewers,,P,2026,0.0,0.0,0.0,0.0,0.0,0.0,0.0,0.0,0.0,0.0,0.0,0.0,0.0,0.0,0.0,.000,.000,.000,.000,.---,-.--,0.0,0.0,0.0,,,,,,,,,,,,,,,,,,,,,,,,,2025
663767,Chase Shugart,143,Philadelphia Phillies,,P,2026,,,,,,,,,,,,,,,,,,,,,,,,,,,,,,,,,,,,,,,,,,,,,,,,,2025
665804,Miguel Amaya,112,Chicago Cubs,,C,2026,121.0,99.0,23.0,5.0,0.0,3.0,14.0,0.0,25.0,6.0,0.0,1.0,37.0,10.0,5.0,.232,.361,.374,.735,.282,33.00,515.0,24.0,28.0,103.0,96.0,27.0,9.0,0.0,4.0,4.0,0.0,22.0,1.0,1.0,1.0,48.0,25.0,0.0,.281,.314,.500,.814,.324,24.00,385.0,22.0,27.0,2025
643289,Mauricio Dubón,144,Atlanta Braves,,CF,2026,268.0,247.0,64.0,13.0,2.0,6.0,18.0,0.0,42.0,2.0,0.0,0.0,99.0,37.0,4.0,.259,.315,.401,.716,.291,41.17,1008.0,64.0,77.0,398.0,369.0,89.0,21.0,0.0,7.0,24.0,0.0,42.0,1.0,1.0,3.0,131.0,33.0,12.0,.241,.289,.355,.644,.255,52.71,1346.0,110.0,132.0,2025
669923,George Kirby,136,Seattle Mariners,,P,2026,,,,,,,,,,,,,,,,,,,,,,,,,,,,,,,,,,,,,,,,,,,,,,,,,2025
694514,Sterlin Thompson,115,Colorado Rockies,,RF,2026,65.0,58.0,12.0,3.0,0.0,0.0,5.0,0.0,17.0,2.0,0.0,0.0,15.0,7.0,3.0,.207,.292,.259,.551,.293,-.--,264.0,17.0,12.0,,,,,,,,,,,,,,,,,,,,,,,,,2025
671976,Tristan Peters,145,Chicago White Sox,,CF,2026,200.0,180.0,53.0,15.0,2.0,3.0,14.0,0.0,37.0,2.0,0.0,4.0,81.0,21.0,0.0,.294,.352,.450,.802,.357,60.00,744.0,50.0,44.0,12.0,12.0,0.0,0.0,0.0,0.0,0.0,0.0,7.0,0.0,0.0,0.0,0.0,0.0,0.0,.000,.000,.000,.000,.000,-.--,46.0,1.0,4.0,2025
606466,Ketel Marte,109,Arizona Diamondbacks,,2B,2026,304.0,279.0,71.0,14.0,2.0,11.0,22.0,0.0,45.0,0.0,3.0,0.0,122.0,41.0,4.0,.254,.306,.437,.743,.265,25.36,1100.0,86.0,80.0,556.0,480.0,136.0,28.0,0.0,28.0,64.0,6.0,83.0,9.0,3.0,0.0,248.0,72.0,12.0,.283,.376,.517,.893,.290,17.14,2095.0,129.0,135.0,2025
805123,AJ Blubaugh,117,Houston Astros,,P,2026,,,,,,,,,,,,,,,,,,,,,,,,,,,,,,,,,,,,,,,,,,,,,,,,,2025
682243,Bryce Miller,136,Seattle Mariners,,P,2026,,,,,,,,,,,,,,,,,,,,,,,,,,,,,,,,,,,,,,,,,,,,,,,,,2025
676106,Emerson Hancock,136,Seattle Mariners,,P,2026,,,,,,,,,,,,,,,,,,,,,,,,,0.0,0.0,0.0,0.0,0.0,0.0,0.0,0.0,0.0,0.0,0.0,0.0,0.0,0.0,0.0,.000,.000,.000,.000,.---,-.--,0.0,0.0,0.0,2025
665862,Jazz Chisholm Jr.,147,New York Yankees,,2B,2026,279.0,244.0,56.0,10.0,2.0,9.0,32.0,0.0,79.0,1.0,2.0,0.0,97.0,29.0,2.0,.230,.319,.398,.717,.297,27.11,1142.0,52.0,59.0,531.0,462.0,112.0,15.0,1.0,31.0,58.0,1.0,148.0,6.0,4.0,1.0,222.0,80.0,3.0,.242,.332,.481,.813,.282,14.90,2138.0,90.0,117.0,2025
682254,Mason Montgomery,134,Pittsburgh Pirates,,P,2026,,,,,,,,,,,,,,,,,,,,,,,,,,,,,,,,,,,,,,,,,,,,,,,,,2025
592155,Cam Booser,139,Tampa Bay Rays,,P,2026,,,,,,,,,,,,,,,,,,,,,,,,,,,,,,,,,,,,,,,,,,,,,,,,,2025
665871,Javier Assad,112,Chicago Cubs,,P,2026,,,,,,,,,,,,,,,,,,,,,,,,,,,,,,,,,,,,,,,,,,,,,,,,,2025
663837,Matt Vierling,116,Detroit Tigers,,CF,2026,197.0,177.0,36.0,10.0,1.0,4.0,16.0,0.0,31.0,0.0,4.0,0.0,60.0,23.0,4.0,.203,.264,.339,.603,.219,44.25,761.0,51.0,63.0,100.0,88.0,21.0,3.0,0.0,1.0,7.0,0.0,24.0,3.0,2.0,0.0,27.0,11.0,1.0,.239,.310,.307,.617,.308,88.00,436.0,16.0,29.0,2025
813349,Connelly Early,111,Boston Red Sox,,P,2026,,,,,,,,,,,,,,,,,,,,,,,,,,,,,,,,,,,,,,,,,,,,,,,,,2025
643377,Griffin Jax,139,Tampa Bay Rays,,P,2026,,,,,,,,,,,,,,,,,,,,,,,,,0.0,0.0,0.0,0.0,0.0,0.0,0.0,0.0,0.0,0.0,0.0,0.0,0.0,0.0,0.0,.000,.000,.000,.000,.---,-.--,0.0,0.0,0.0,2025
700712,Walbert Ureña,108,Los Angeles Angels,,P,2026,,,,,,,,,,,,,,,,,,,,,,,,,,,,,,,,,,,,,,,,,,,,,,,,,2025
641329,Bryan Baker,139,Tampa Bay Rays,,P,2026,,,,,,,,,,,,,,,,,,,,,,,,,0.0,0.0,0.0,0.0,0.0,0.0,0.0,0.0,0.0,0.0,0.0,0.0,0.0,0.0,0.0,.000,.000,.000,.000,.---,-.--,0.0,0.0,0.0,2025
543037,Gerrit Cole,147,New York Yankees,,P,2026,,,,,,,,,,,,,,,,,,,,,,,,,,,,,,,,,,,,,,,,,,,,,,,,,2025
641343,Jake Bauers,158,Milwaukee Brewers,,1B,2026,246.0,212.0,58.0,12.0,0.0,13.0,31.0,3.0,58.0,3.0,0.0,0.0,109.0,46.0,3.0,.274,.374,.514,.888,.319,16.31,1012.0,54.0,42.0,218.0,183.0,43.0,9.0,0.0,7.0,32.0,1.0,59.0,2.0,1.0,0.0,73.0,28.0,1.0,.235,.353,.399,.752,.305,26.14,895.0,35.0,47.0,2025
643396,Isiah Kiner-Falefa,111,Boston Red Sox,,2B,2026,125.0,114.0,31.0,4.0,0.0,1.0,10.0,0.0,18.0,0.0,0.0,1.0,38.0,12.0,3.0,.272,.331,.333,.664,.316,114.00,450.0,33.0,33.0,459.0,431.0,113.0,21.0,2.0,2.0,17.0,0.0,77.0,5.0,1.0,5.0,144.0,40.0,9.0,.262,.297,.334,.631,.314,215.50,1631.0,160.0,87.0,2025
665923,Esteury Ruiz,146,Miami Marlins,,RF,2026,73.0,63.0,15.0,5.0,1.0,4.0,7.0,0.0,23.0,2.0,1.0,0.0,34.0,9.0,0.0,.238,.329,.540,.869,.297,15.75,298.0,9.0,17.0,23.0,21.0,4.0,0.0,0.0,1.0,2.0,0.0,8.0,0.0,0.0,0.0,7.0,2.0,0.0,.190,.261,.333,.594,.250,21.00,88.0,5.0,4.0,2025
663878,Nate Pearson,117,Houston Astros,,P,2026,,,,,,,,,,,,,,,,,,,,,,,,,,,,,,,,,,,,,,,,,,,,,,,,,2025
678218,Brandon Valenzuela,141,Toronto Blue Jays,,C,2026,149.0,130.0,33.0,5.0,0.0,7.0,17.0,0.0,34.0,0.0,1.0,1.0,59.0,18.0,1.0,.254,.338,.454,.792,.289,18.57,593.0,30.0,35.0,,,,,,,,,,,,,,,,,,,,,,,,,2025
641355,Cody Bellinger,147,New York Yankees,,LF,2026,303.0,257.0,70.0,14.0,3.0,10.0,41.0,0.0,37.0,0.0,5.0,0.0,120.0,47.0,2.0,.272,.366,.467,.833,.279,25.70,1126.0,61.0,94.0,656.0,588.0,160.0,25.0,5.0,29.0,57.0,1.0,90.0,2.0,9.0,0.0,282.0,98.0,8.0,.272,.334,.480,.814,.274,20.28,2594.0,122.0,225.0,2025
665926,Andrés Giménez,141,Toronto Blue Jays,,SS,2026,247.0,229.0,52.0,10.0,1.0,7.0,8.0,0.0,49.0,7.0,2.0,1.0,85.0,31.0,5.0,.227,.272,.371,.643,.257,32.71,904.0,75.0,56.0,369.0,329.0,69.0,11.0,1.0,7.0,25.0,0.0,66.0,11.0,3.0,1.0,103.0,35.0,8.0,.210,.285,.313,.598,.239,47.00,1452.0,97.0,101.0,2025
663886,Tyler Stephenson,113,Cincinnati Reds,,C,2026,204.0,178.0,38.0,7.0,0.0,5.0,24.0,0.0,55.0,0.0,2.0,0.0,60.0,19.0,4.0,.213,.304,.337,.641,.275,35.60,805.0,29.0,58.0,342.0,299.0,69.0,18.0,0.0,13.0,37.0,1.0,116.0,2.0,4.0,0.0,126.0,50.0,4.0,.231,.316,.421,.737,.322,23.00,1389.0,57.0,61.0,2025
543056,Danny Coulombe,111,Boston Red Sox,,P,2026,,,,,,,,,,,,,,,,,,,,,,,,,,,,,,,,,,,,,,,,,,,,,,,,,2025
670036,Matt Festa,114,Cleveland Guardians,,P,2026,,,,,,,,,,,,,,,,,,,,,,,,,0.0,0.0,0.0,0.0,0.0,0.0,0.0,0.0,0.0,0.0,0.0,0.0,0.0,0.0,0.0,.000,.000,.000,.000,.---,-.--,0.0,0.0,0.0,2025
643410,Mark Leiter Jr.,133,Athletics,,P,2026,,,,,,,,,,,,,,,,,,,,,,,,,,,,,,,,,,,,,,,,,,,,,,,,,2025
670042,Luke Raley,136,Seattle Mariners,,RF,2026,210.0,191.0,46.0,6.0,1.0,14.0,11.0,1.0,67.0,6.0,0.0,2.0,96.0,35.0,0.0,.241,.303,.503,.806,.291,13.64,808.0,36.0,44.0,219.0,183.0,37.0,8.0,0.0,4.0,19.0,0.0,64.0,13.0,1.0,3.0,57.0,19.0,2.0,.202,.319,.311,.630,.284,45.75,831.0,53.0,33.0,2025
657756,Connor Seabold,118,Kansas City Royals,,P,2026,,,,,,,,,,,,,,,,,,,,,,,,,0.0,0.0,0.0,0.0,0.0,0.0,0.0,0.0,0.0,0.0,0.0,0.0,0.0,0.0,0.0,.000,.000,.000,.000,.---,-.--,0.0,0.0,0.0,2025
663903,Brady Singer,113,Cincinnati Reds,,P,2026,,,,,,,,,,,,,,,,,,,,,,,,,,,,,,,,,,,,,,,,,,,,,,,,,2025
665953,Andrés Chaparro,120,Washington Nationals,,1B,2026,38.0,29.0,5.0,3.0,0.0,0.0,9.0,0.0,7.0,0.0,0.0,0.0,8.0,4.0,1.0,.172,.368,.276,.644,.227,-.--,160.0,9.0,8.0,73.0,66.0,12.0,2.0,0.0,1.0,5.0,0.0,22.0,1.0,1.0,0.0,17.0,5.0,0.0,.182,.247,.258,.505,.250,66.00,282.0,15.0,18.0,2025
545121,Ildemaro Vargas,109,Arizona Diamondbacks,,1B,2026,243.0,228.0,60.0,9.0,2.0,7.0,10.0,2.0,23.0,2.0,1.0,1.0,94.0,37.0,3.0,.263,.299,.412,.711,.266,32.57,837.0,76.0,71.0,121.0,115.0,31.0,2.0,1.0,3.0,2.0,0.0,15.0,2.0,1.0,1.0,44.0,19.0,3.0,.270,.292,.383,.675,.286,38.33,429.0,46.0,25.0,2025
678246,Miguel Vargas,145,Chicago White Sox,,3B,2026,306.0,253.0,62.0,11.0,1.0,16.0,45.0,1.0,50.0,5.0,2.0,0.0,123.0,44.0,4.0,.245,.367,.486,.853,.243,15.81,1229.0,50.0,93.0,569.0,504.0,118.0,32.0,2.0,16.0,56.0,0.0,100.0,6.0,3.0,0.0,202.0,60.0,9.0,.234,.316,.401,.717,.261,31.50,2323.0,91.0,198.0,2025
670059,Colin Holderman,114,Cleveland Guardians,,P,2026,,,,,,,,,,,,,,,,,,,,,,,,,,,,,,,,,,,,,,,,,,,,,,,,,2025
547180,Bryce Harper,143,Philadelphia Phillies,,1B,2026,303.0,252.0,63.0,12.0,1.0,15.0,46.0,2.0,56.0,0.0,5.0,0.0,122.0,40.0,8.0,.250,.360,.484,.844,.258,16.80,1178.0,69.0,69.0,580.0,501.0,131.0,32.0,0.0,27.0,70.0,6.0,121.0,6.0,3.0,0.0,244.0,75.0,5.0,.261,.357,.487,.844,.292,18.56,2172.0,127.0,125.0,2025
547179,Michael Lorenzen,115,Colorado Rockies,,P,2026,,,,,,,,,,,,,,,,,,,,,,,,,,,,,,,,,,,,,,,,,,,,,,,,,2025
801139,Payton Tolle,111,Boston Red Sox,,P,2026,,,,,,,,,,,,,,,,,,,,,,,,,,,,,,,,,,,,,,,,,,,,,,,,,2025
665966,Carlos Narváez,111,Boston Red Sox,,C,2026,134.0,121.0,25.0,5.0,0.0,2.0,10.0,0.0,41.0,2.0,0.0,1.0,36.0,3.0,5.0,.207,.278,.298,.576,.295,60.50,552.0,27.0,29.0,446.0,403.0,97.0,27.0,0.0,15.0,38.0,0.0,111.0,1.0,2.0,2.0,169.0,50.0,12.0,.241,.306,.419,.725,.294,26.87,1829.0,98.0,101.0,2025
686452,Drew Millas,120,Washington Nationals,,C,2026,123.0,107.0,20.0,4.0,0.0,2.0,10.0,0.0,27.0,2.0,0.0,2.0,30.0,9.0,0.0,.187,.269,.280,.549,.231,53.50,459.0,35.0,27.0,55.0,49.0,15.0,5.0,1.0,0.0,4.0,0.0,7.0,0.0,0.0,1.0,22.0,7.0,0.0,.306,.358,.449,.807,.357,-.--,209.0,16.0,12.0,2025
643446,Jeff McNeil,133,Athletics,,2B,2026,238.0,212.0,50.0,9.0,0.0,3.0,20.0,1.0,33.0,3.0,2.0,1.0,68.0,19.0,6.0,.236,.308,.321,.629,.264,70.67,873.0,63.0,69.0,462.0,399.0,97.0,21.0,5.0,12.0,49.0,4.0,55.0,8.0,4.0,2.0,164.0,54.0,5.0,.243,.335,.411,.746,.253,33.25,1718.0,109.0,144.0,2025
663941,Tristan Beck,137,San Francisco Giants,,P,2026,,,,,,,,,,,,,,,,,,,,,,,,,,,,,,,,,,,,,,,,,,,,,,,,,2025
686475,Tyler Tolbert,118,Kansas City Royals,,2B,2026,19.0,17.0,4.0,0.0,0.0,0.0,2.0,0.0,7.0,0.0,0.0,0.0,4.0,0.0,2.0,.235,.316,.235,.551,.400,-.--,65.0,5.0,1.0,57.0,50.0,14.0,2.0,0.0,1.0,1.0,0.0,11.0,3.0,2.0,1.0,19.0,6.0,1.0,.280,.321,.380,.701,.325,50.00,189.0,10.0,18.0,2025
663947,Tyler Holton,116,Detroit Tigers,,P,2026,,,,,,,,,,,,,,,,,,,,,,,,,,,,,,,,,,,,,,,,,,,,,,,,,2025
670097,Zack Short,121,New York Mets,,SS,2026,46.0,36.0,6.0,2.0,0.0,0.0,7.0,0.0,12.0,1.0,2.0,0.0,8.0,2.0,0.0,.167,.304,.222,.526,.231,-.--,212.0,2.0,18.0,56.0,50.0,11.0,2.0,0.0,2.0,4.0,0.0,18.0,1.0,0.0,1.0,19.0,7.0,0.0,.220,.291,.380,.671,.300,25.00,252.0,9.0,13.0,2025
676254,Ryan Walker,137,San Francisco Giants,,P,2026,,,,,,,,,,,,,,,,,,,,,,,,,0.0,0.0,0.0,0.0,0.0,0.0,0.0,0.0,0.0,0.0,0.0,0.0,0.0,0.0,0.0,.000,.000,.000,.000,.---,-.--,0.0,0.0,0.0,2025
663969,Tyler Phillips,146,Miami Marlins,,P,2026,,,,,,,,,,,,,,,,,,,,,,,,,,,,,,,,,,,,,,,,,,,,,,,,,2025
663968,Jake Mangum,134,Pittsburgh Pirates,,LF,2026,163.0,147.0,44.0,5.0,0.0,1.0,10.0,1.0,27.0,2.0,1.0,3.0,52.0,12.0,3.0,.299,.350,.354,.704,.358,147.00,599.0,53.0,27.0,428.0,405.0,120.0,18.0,1.0,3.0,19.0,0.0,64.0,2.0,1.0,1.0,149.0,40.0,4.0,.296,.330,.368,.698,.345,135.00,1442.0,138.0,85.0,2025
666018,Jonathan Aranda,139,Tampa Bay Rays,,1B,2026,301.0,250.0,68.0,10.0,0.0,11.0,41.0,3.0,73.0,4.0,6.0,0.0,111.0,48.0,5.0,.272,.375,.444,.819,.331,22.73,1202.0,52.0,63.0,422.0,370.0,117.0,22.0,0.0,14.0,41.0,3.0,107.0,8.0,3.0,0.0,181.0,59.0,9.0,.316,.393,.489,.882,.409,26.43,1717.0,64.0,85.0,2025
676263,Jack Dreyer,119,Los Angeles Dodgers,,P,2026,,,,,,,,,,,,,,,,,,,,,,,,,,,,,,,,,,,,,,,,,,,,,,,,,2025
805299,Brandyn Garcia,109,Arizona Diamondbacks,,P,2026,,,,,,,,,,,,,,,,,,,,,,,,,0.0,0.0,0.0,0.0,0.0,0.0,0.0,0.0,0.0,0.0,0.0,0.0,0.0,0.0,0.0,.000,.000,.000,.000,.---,-.--,0.0,0.0,0.0,2025
663978,Chris Paddack,113,Cincinnati Reds,,P,2026,,,,,,,,,,,,,,,,,,,,,,,,,,,,,,,,,,,,,,,,,,,,,,,,,2025
805300,Jakob Marsee,146,Miami Marlins,,CF,2026,297.0,248.0,50.0,9.0,3.0,3.0,40.0,0.0,70.0,7.0,1.0,1.0,74.0,17.0,1.0,.202,.328,.298,.626,.267,82.67,1186.0,52.0,78.0,234.0,209.0,61.0,18.0,3.0,5.0,22.0,0.0,48.0,2.0,1.0,0.0,100.0,33.0,2.0,.292,.363,.478,.841,.357,41.80,881.0,52.0,49.0,2025
663992,Richard Lovelady,120,Washington Nationals,,P,2026,,,,,,,,,,,,,,,,,,,,,,,,,,,,,,,,,,,,,,,,,,,,,,,,,2025
643511,Tyler Rogers,141,Toronto Blue Jays,,P,2026,,,,,,,,,,,,,,,,,,,,,,,,,0.0,0.0,0.0,0.0,0.0,0.0,0.0,0.0,0.0,0.0,0.0,0.0,0.0,0.0,0.0,.000,.000,.000,.000,.---,-.--,0.0,0.0,0.0,2025
663993,Nathaniel Lowe,113,Cincinnati Reds,,DH,2026,176.0,154.0,39.0,9.0,0.0,9.0,22.0,1.0,41.0,0.0,0.0,0.0,75.0,25.0,1.0,.253,.347,.487,.834,.288,17.11,741.0,38.0,36.0,609.0,540.0,123.0,23.0,3.0,18.0,62.0,2.0,159.0,2.0,5.0,0.0,206.0,84.0,6.0,.228,.307,.381,.688,.285,30.00,2607.0,130.0,133.0,2025
575929,Willson Contreras,111,Boston Red Sox,,1B,2026,283.0,241.0,71.0,11.0,2.0,16.0,26.0,1.0,73.0,13.0,3.0,0.0,134.0,43.0,6.0,.295,.389,.556,.945,.355,15.06,1093.0,45.0,55.0,563.0,490.0,126.0,31.0,1.0,20.0,44.0,1.0,142.0,23.0,4.0,1.0,219.0,80.0,15.0,.257,.344,.447,.791,.319,24.50,2160.0,112.0,115.0,2025
676282,Joey Cantillo,114,Cleveland Guardians,,P,2026,,,,,,,,,,,,,,,,,,,,,,,,,,,,,,,,,,,,,,,,,,,,,,,,,2025
518585,Fernando Cruz,147,New York Yankees,,P,2026,,,,,,,,,,,,,,,,,,,,,,,,,,,,,,,,,,,,,,,,,,,,,,,,,2025
608701,Rob Refsnyder,136,Seattle Mariners,,DH,2026,103.0,90.0,13.0,0.0,0.0,3.0,7.0,0.0,30.0,2.0,3.0,1.0,22.0,9.0,1.0,.144,.216,.244,.460,.167,30.00,414.0,21.0,30.0,209.0,182.0,49.0,12.0,0.0,9.0,24.0,1.0,54.0,1.0,2.0,0.0,88.0,30.0,6.0,.269,.354,.484,.838,.331,20.22,887.0,43.0,38.0,2025
686527,Dominic Canzone,136,Seattle Mariners,,DH,2026,185.0,164.0,47.0,12.0,1.0,10.0,16.0,0.0,35.0,3.0,2.0,0.0,91.0,29.0,1.0,.287,.357,.555,.912,.306,16.40,698.0,39.0,45.0,269.0,243.0,73.0,11.0,0.0,11.0,20.0,0.0,59.0,3.0,2.0,0.0,117.0,32.0,6.0,.300,.358,.481,.839,.354,22.09,1028.0,55.0,59.0,2025
592332,Kevin Gausman,141,Toronto Blue Jays,,P,2026,,,,,,,,,,,,,,,,,,,,,,,,,,,,,,,,,,,,,,,,,,,,,,,,,2025
694728,Brice Matthews,117,Houston Astros,,CF,2026,185.0,171.0,36.0,5.0,1.0,6.0,12.0,0.0,58.0,0.0,1.0,1.0,61.0,18.0,3.0,.211,.261,.357,.618,.278,28.50,757.0,41.0,38.0,47.0,42.0,7.0,0.0,0.0,4.0,2.0,0.0,20.0,1.0,0.0,2.0,19.0,9.0,0.0,.167,.222,.452,.674,.167,10.50,179.0,7.0,10.0,2025
670156,Miles Mastrobuoni,136,Seattle Mariners,,3B,2026,21.0,17.0,3.0,0.0,0.0,0.0,2.0,0.0,7.0,0.0,1.0,1.0,3.0,1.0,0.0,.176,.250,.176,.426,.273,-.--,82.0,5.0,4.0,175.0,152.0,38.0,4.0,0.0,1.0,17.0,0.0,29.0,0.0,1.0,5.0,45.0,12.0,2.0,.250,.324,.296,.620,.301,152.00,669.0,55.0,36.0,2025
608718,Brent Suter,108,Los Angeles Angels,,P,2026,,,,,,,,,,,,,,,,,,,,,,,,,,,,,,,,,,,,,,,,,,,,,,,,,2025
694738,Landen Roupp,137,San Francisco Giants,,P,2026,,,,,,,,,,,,,,,,,,,,,,,,,,,,,,,,,,,,,,,,,,,,,,,,,2025
641487,J.P. Crawford,136,Seattle Mariners,,SS,2026,237.0,195.0,45.0,5.0,0.0,10.0,36.0,0.0,44.0,5.0,1.0,0.0,80.0,23.0,3.0,.231,.363,.410,.773,.246,19.50,999.0,55.0,52.0,654.0,570.0,151.0,24.0,0.0,12.0,74.0,1.0,122.0,3.0,1.0,6.0,211.0,58.0,11.0,.265,.352,.370,.722,.318,47.50,2731.0,155.0,149.0,2025
670167,John Schreiber,118,Kansas City Royals,,P,2026,,,,,,,,,,,,,,,,,,,,,,,,,0.0,0.0,0.0,0.0,0.0,0.0,0.0,0.0,0.0,0.0,0.0,0.0,0.0,0.0,0.0,.000,.000,.000,.000,.---,-.--,0.0,0.0,0.0,2025
664023,Ian Happ,112,Chicago Cubs,,LF,2026,309.0,264.0,58.0,13.0,2.0,16.0,41.0,3.0,98.0,3.0,1.0,0.0,123.0,37.0,7.0,.220,.330,.466,.796,.278,16.50,1257.0,50.0,59.0,663.0,569.0,138.0,32.0,0.0,23.0,87.0,2.0,151.0,2.0,5.0,0.0,239.0,79.0,8.0,.243,.342,.420,.762,.288,24.74,2717.0,120.0,165.0,2025
686555,Isaac Collins,118,Kansas City Royals,,LF,2026,241.0,200.0,43.0,8.0,0.0,3.0,32.0,0.0,61.0,5.0,2.0,2.0,60.0,19.0,3.0,.215,.335,.300,.635,.290,66.67,931.0,38.0,62.0,441.0,372.0,98.0,22.0,3.0,9.0,57.0,0.0,93.0,6.0,3.0,3.0,153.0,54.0,8.0,.263,.368,.411,.779,.326,41.33,1792.0,91.0,96.0,2025
621020,Dansby Swanson,112,Chicago Cubs,,SS,2026,268.0,229.0,40.0,7.0,1.0,7.0,34.0,0.0,66.0,1.0,3.0,1.0,70.0,28.0,2.0,.175,.281,.306,.587,.208,32.71,1084.0,57.0,70.0,645.0,590.0,144.0,24.0,3.0,24.0,47.0,1.0,168.0,2.0,5.0,1.0,246.0,77.0,9.0,.244,.300,.417,.717,.298,24.58,2521.0,137.0,147.0,2025
664040,Brandon Lowe,134,Pittsburgh Pirates,,2B,2026,299.0,264.0,63.0,16.0,1.0,18.0,31.0,0.0,78.0,2.0,2.0,0.0,135.0,47.0,3.0,.239,.321,.511,.832,.265,14.67,1220.0,55.0,70.0,553.0,507.0,130.0,19.0,0.0,31.0,38.0,1.0,149.0,2.0,6.0,0.0,242.0,83.0,6.0,.256,.307,.477,.784,.297,16.36,2146.0,107.0,127.0,2025
686580,Justin Slaten,111,Boston Red Sox,,P,2026,,,,,,,,,,,,,,,,,,,,,,,,,,,,,,,,,,,,,,,,,,,,,,,,,2025
688642,Zach Agnos,115,Colorado Rockies,,P,2026,,,,,,,,,,,,,,,,,,,,,,,,,0.0,0.0,0.0,0.0,0.0,0.0,0.0,0.0,0.0,0.0,0.0,0.0,0.0,0.0,0.0,.000,.000,.000,.000,.---,-.--,0.0,0.0,0.0,2025
805367,Chase Meidroth,145,Chicago White Sox,,2B,2026,294.0,258.0,71.0,13.0,0.0,6.0,27.0,0.0,66.0,2.0,2.0,4.0,102.0,25.0,4.0,.275,.346,.395,.741,.346,43.00,1207.0,77.0,50.0,505.0,450.0,114.0,15.0,0.0,5.0,45.0,0.0,72.0,6.0,1.0,3.0,144.0,23.0,14.0,.253,.329,.320,.649,.291,90.00,2057.0,149.0,119.0,2025
678391,Jorbit Vivas,120,Washington Nationals,,3B,2026,154.0,132.0,32.0,7.0,0.0,1.0,13.0,0.0,21.0,4.0,2.0,2.0,42.0,10.0,3.0,.242,.325,.318,.643,.277,132.00,531.0,40.0,43.0,66.0,56.0,9.0,2.0,0.0,1.0,5.0,0.0,13.0,3.0,0.0,0.0,14.0,5.0,0.0,.161,.266,.250,.516,.190,56.00,246.0,17.0,17.0,2025
700932,Kyle Manzardo,114,Cleveland Guardians,,1B,2026,218.0,191.0,45.0,7.0,1.0,7.0,23.0,0.0,71.0,3.0,1.0,0.0,75.0,22.0,4.0,.236,.326,.393,.719,.333,27.29,921.0,33.0,43.0,531.0,470.0,110.0,19.0,2.0,27.0,48.0,2.0,135.0,8.0,5.0,0.0,214.0,70.0,7.0,.234,.313,.455,.768,.265,17.41,2018.0,82.0,148.0,2025
543243,Sonny Gray,111,Boston Red Sox,,P,2026,,,,,,,,,,,,,,,,,,,,,,,,,,,,,,,,,,,,,,,,,,,,,,,,,2025
664076,Garrett Cleavinger,139,Tampa Bay Rays,,P,2026,,,,,,,,,,,,,,,,,,,,,,,,,,,,,,,,,,,,,,,,,,,,,,,,,2025
666126,Carlos Cortes,133,Athletics,,RF,2026,198.0,173.0,50.0,9.0,1.0,6.0,21.0,0.0,22.0,3.0,1.0,0.0,79.0,21.0,8.0,.289,.374,.457,.831,.301,28.83,820.0,56.0,46.0,99.0,94.0,29.0,8.0,1.0,4.0,3.0,0.0,20.0,0.0,2.0,0.0,51.0,14.0,3.0,.309,.323,.543,.866,.347,23.50,375.0,24.0,23.0,2025
670224,Kameron Misner,118,Kansas City Royals,,CF,2026,17.0,16.0,6.0,0.0,0.0,0.0,1.0,0.0,6.0,0.0,0.0,0.0,6.0,3.0,0.0,.375,.412,.375,.787,.600,-.--,76.0,0.0,4.0,217.0,197.0,42.0,9.0,1.0,5.0,16.0,0.0,69.0,1.0,2.0,1.0,68.0,22.0,1.0,.213,.273,.345,.618,.296,39.40,916.0,41.0,48.0,2025
621074,Michael Rucker,136,Seattle Mariners,,P,2026,,,,,,,,,,,,,,,,,,,,,,,,,,,,,,,,,,,,,,,,,,,,,,,,,2025
686611,Dylan Crews,120,Washington Nationals,,RF,2026,96.0,91.0,17.0,2.0,0.0,4.0,2.0,0.0,18.0,3.0,0.0,0.0,31.0,13.0,2.0,.187,.229,.341,.570,.188,22.75,323.0,28.0,28.0,322.0,293.0,61.0,8.0,2.0,10.0,24.0,0.0,76.0,5.0,0.0,0.0,103.0,27.0,4.0,.208,.280,.352,.632,.246,29.30,1150.0,80.0,76.0,2025
682515,Logan Porter,108,Los Angeles Angels,,C,2026,3.0,2.0,0.0,0.0,0.0,0.0,1.0,0.0,2.0,0.0,0.0,0.0,0.0,0.0,0.0,.000,.333,.000,.333,.---,-.--,16.0,0.0,0.0,9.0,7.0,1.0,0.0,0.0,0.0,1.0,0.0,2.0,1.0,0.0,0.0,1.0,1.0,0.0,.143,.333,.143,.476,.200,-.--,34.0,2.0,2.0,2025
686613,Hunter Brown,117,Houston Astros,,P,2026,,,,,,,,,,,,,,,,,,,,,,,,,,,,,,,,,,,,,,,,,,,,,,,,,2025
641555,J.C. Escarra,147,New York Yankees,,C,2026,84.0,77.0,15.0,5.0,1.0,0.0,6.0,0.0,18.0,0.0,1.0,0.0,22.0,7.0,1.0,.195,.250,.286,.536,.250,-.--,322.0,25.0,20.0,98.0,84.0,17.0,5.0,0.0,2.0,11.0,0.0,14.0,1.0,2.0,0.0,28.0,11.0,1.0,.202,.296,.333,.629,.214,42.00,395.0,28.0,27.0,2025
670231,John Rave,118,Kansas City Royals,,RF,2026,1.0,0.0,0.0,0.0,0.0,0.0,1.0,0.0,0.0,0.0,0.0,0.0,0.0,0.0,0.0,.000,1.000,.000,1.000,.---,-.--,5.0,0.0,0.0,175.0,153.0,30.0,5.0,0.0,4.0,18.0,0.0,46.0,1.0,1.0,2.0,47.0,14.0,1.0,.196,.283,.307,.590,.250,38.25,749.0,48.0,32.0,2025
571927,Steven Matz,139,Tampa Bay Rays,,P,2026,,,,,,,,,,,,,,,,,,,,,,,,,,,,,,,,,,,,,,,,,,,,,,,,,2025
672275,Patrick Bailey,114,Cleveland Guardians,,C,2026,144.0,133.0,22.0,3.0,1.0,2.0,10.0,0.0,36.0,0.0,1.0,0.0,33.0,10.0,5.0,.165,.222,.248,.470,.208,66.50,587.0,38.0,38.0,452.0,409.0,91.0,18.0,3.0,6.0,30.0,0.0,133.0,3.0,6.0,4.0,133.0,55.0,7.0,.222,.277,.325,.602,.308,68.17,1724.0,82.0,113.0,2025
672282,Reid Detmers,108,Los Angeles Angels,,P,2026,,,,,,,,,,,,,,,,,,,,,,,,,,,,,,,,,,,,,,,,,,,,,,,,,2025
680474,Max Schuemann,147,New York Yankees,,SS,2026,36.0,27.0,6.0,4.0,0.0,0.0,9.0,0.0,8.0,0.0,0.0,0.0,10.0,3.0,0.0,.222,.417,.370,.787,.316,-.--,163.0,6.0,7.0,213.0,183.0,36.0,4.0,2.0,2.0,22.0,0.0,35.0,4.0,1.0,3.0,50.0,13.0,6.0,.197,.295,.273,.568,.231,91.50,838.0,56.0,60.0,2025
694819,Jacob Misiorowski,158,Milwaukee Brewers,,P,2026,,,,,,,,,,,,,,,,,,,,,,,,,,,,,,,,,,,,,,,,,,,,,,,,,2025
518692,Freddie Freeman,119,Los Angeles Dodgers,,1B,2026,310.0,268.0,75.0,17.0,1.0,11.0,36.0,1.0,51.0,3.0,3.0,0.0,127.0,38.0,11.0,.280,.368,.474,.842,.306,24.36,1281.0,73.0,72.0,627.0,556.0,164.0,39.0,2.0,24.0,60.0,7.0,128.0,6.0,5.0,0.0,279.0,90.0,13.0,.295,.367,.502,.869,.342,23.17,2382.0,128.0,141.0,2025
670245,Ryan Watson,111,Boston Red Sox,,P,2026,,,,,,,,,,,,,,,,,,,,,,,,,,,,,,,,,,,,,,,,,,,,,,,,,2025
676391,Ernie Clement,141,Toronto Blue Jays,,2B,2026,292.0,281.0,84.0,20.0,1.0,7.0,9.0,0.0,30.0,0.0,2.0,0.0,127.0,28.0,5.0,.299,.318,.452,.770,.313,40.14,879.0,68.0,101.0,588.0,545.0,151.0,35.0,2.0,9.0,27.0,1.0,61.0,4.0,5.0,7.0,217.0,50.0,13.0,.277,.313,.398,.711,.296,60.56,1871.0,129.0,216.0,2025
666152,David Hamilton,158,Milwaukee Brewers,,SS,2026,201.0,172.0,39.0,4.0,1.0,3.0,20.0,0.0,43.0,1.0,0.0,7.0,54.0,11.0,1.0,.227,.311,.314,.625,.286,57.33,787.0,49.0,48.0,194.0,177.0,35.0,4.0,1.0,6.0,13.0,0.0,47.0,1.0,0.0,3.0,59.0,19.0,3.0,.198,.257,.333,.590,.234,29.50,742.0,44.0,54.0,2025
571945,Miles Mikolas,120,Washington Nationals,,P,2026,,,,,,,,,,,,,,,,,,,,,,,,,,,,,,,,,,,,,,,,,,,,,,,,,2025
621097,Jacob Waguespack,116,Detroit Tigers,,P,2026,,,,,,,,,,,,,,,,,,,,,,,,,,,,,,,,,,,,,,,,,,,,,,,,,2025
571948,Hoby Milner,112,Chicago Cubs,,P,2026,,,,,,,,,,,,,,,,,,,,,,,,,0.0,0.0,0.0,0.0,0.0,0.0,0.0,0.0,0.0,0.0,0.0,0.0,0.0,0.0,0.0,.000,.000,.000,.000,.---,-.--,0.0,0.0,0.0,2025
666157,Nick Lodolo,113,Cincinnati Reds,,P,2026,,,,,,,,,,,,,,,,,,,,,,,,,,,,,,,,,,,,,,,,,,,,,,,,,2025
623149,Paul Sewald,109,Arizona Diamondbacks,,P,2026,,,,,,,,,,,,,,,,,,,,,,,,,,,,,,,,,,,,,,,,,,,,,,,,,2025
805427,Drew Sommers,116,Detroit Tigers,,P,2026,,,,,,,,,,,,,,,,,,,,,,,,,,,,,,,,,,,,,,,,,,,,,,,,,2025
621112,Paul Blackburn,147,New York Yankees,,P,2026,0.0,0.0,0.0,0.0,0.0,0.0,0.0,0.0,0.0,0.0,0.0,0.0,0.0,0.0,0.0,.000,.000,.000,.000,.---,-.--,0.0,0.0,0.0,,,,,,,,,,,,,,,,,,,,,,,,,2025
666171,Ryan Zeferjahn,108,Los Angeles Angels,,P,2026,,,,,,,,,,,,,,,,,,,,,,,,,,,,,,,,,,,,,,,,,,,,,,,,,2025
545341,Randal Grichuk,145,Chicago White Sox,,RF,2026,95.0,89.0,24.0,6.0,0.0,6.0,4.0,0.0,22.0,1.0,1.0,0.0,48.0,19.0,2.0,.270,.305,.539,.844,.290,14.83,348.0,19.0,25.0,293.0,272.0,62.0,18.0,1.0,9.0,17.0,1.0,61.0,1.0,3.0,0.0,109.0,27.0,6.0,.228,.273,.401,.674,.259,30.22,1077.0,68.0,84.0,2025
664126,Pete Fairbanks,146,Miami Marlins,,P,2026,0.0,0.0,0.0,0.0,0.0,0.0,0.0,0.0,0.0,0.0,0.0,0.0,0.0,0.0,0.0,.000,.000,.000,.000,.---,-.--,0.0,0.0,0.0,,,,,,,,,,,,,,,,,,,,,,,,,2025
641598,Mitch Garver,136,Seattle Mariners,,C,2026,107.0,90.0,18.0,2.0,0.0,3.0,17.0,0.0,32.0,0.0,0.0,0.0,29.0,11.0,0.0,.200,.327,.322,.649,.273,30.00,455.0,15.0,25.0,290.0,254.0,53.0,5.0,1.0,9.0,30.0,1.0,80.0,3.0,3.0,0.0,87.0,30.0,6.0,.209,.297,.343,.640,.262,28.22,1166.0,47.0,77.0,2025
666176,Jo Adell,108,Los Angeles Angels,,RF,2026,310.0,289.0,74.0,12.0,0.0,10.0,9.0,0.0,71.0,10.0,2.0,0.0,116.0,41.0,5.0,.256,.300,.401,.701,.305,28.90,1185.0,63.0,83.0,573.0,526.0,124.0,18.0,1.0,37.0,33.0,0.0,151.0,10.0,1.0,0.0,255.0,98.0,10.0,.236,.293,.485,.778,.257,14.22,2220.0,111.0,141.0,2025
571970,Max Muncy,119,Los Angeles Dodgers,,3B,2026,258.0,222.0,59.0,9.0,0.0,16.0,33.0,1.0,61.0,3.0,0.0,0.0,116.0,28.0,4.0,.266,.368,.523,.891,.297,13.88,1044.0,53.0,49.0,388.0,313.0,76.0,10.0,2.0,19.0,64.0,2.0,83.0,6.0,5.0,0.0,147.0,67.0,4.0,.243,.376,.470,.846,.264,16.47,1650.0,61.0,98.0,2025
666181,Will Benson,113,Cincinnati Reds,,RF,2026,114.0,96.0,18.0,3.0,1.0,3.0,16.0,1.0,38.0,1.0,0.0,0.0,32.0,6.0,0.0,.188,.310,.333,.643,.273,32.00,472.0,12.0,28.0,253.0,230.0,52.0,8.0,2.0,12.0,16.0,1.0,67.0,1.0,6.0,0.0,100.0,41.0,4.0,.226,.273,.435,.708,.255,19.17,922.0,51.0,66.0,2025
666182,Bo Bichette,121,New York Mets,,3B,2026,319.0,295.0,73.0,11.0,1.0,8.0,19.0,0.0,56.0,1.0,4.0,0.0,110.0,41.0,8.0,.247,.292,.373,.665,.277,36.88,1165.0,91.0,79.0,628.0,582.0,181.0,44.0,1.0,18.0,40.0,2.0,91.0,3.0,3.0,0.0,281.0,94.0,17.0,.311,.357,.483,.840,.342,32.33,2308.0,171.0,142.0,2025
592454,Tommy Kahnle,111,Boston Red Sox,,P,2026,,,,,,,,,,,,,,,,,,,,,,,,,0.0,0.0,0.0,0.0,0.0,0.0,0.0,0.0,0.0,0.0,0.0,0.0,0.0,0.0,0.0,.000,.000,.000,.000,.---,-.--,0.0,0.0,0.0,2025
670280,David Bednar,147,New York Yankees,,P,2026,,,,,,,,,,,,,,,,,,,,,,,,,,,,,,,,,,,,,,,,,,,,,,,,,2025
664141,JT Brubaker,137,San Francisco Giants,,P,2026,,,,,,,,,,,,,,,,,,,,,,,,,,,,,,,,,,,,,,,,,,,,,,,,,2025
672335,Cionel Pérez,121,New York Mets,,P,2026,,,,,,,,,,,,,,,,,,,,,,,,,0.0,0.0,0.0,0.0,0.0,0.0,0.0,0.0,0.0,0.0,0.0,0.0,0.0,0.0,0.0,.000,.000,.000,.000,.---,-.--,0.0,0.0,0.0,2025
545361,Mike Trout,108,Los Angeles Angels,,CF,2026,331.0,262.0,61.0,12.0,0.0,17.0,65.0,8.0,83.0,4.0,0.0,0.0,124.0,36.0,4.0,.233,.393,.473,.866,.272,15.41,1397.0,45.0,73.0,556.0,456.0,106.0,14.0,1.0,26.0,87.0,10.0,178.0,6.0,6.0,0.0,200.0,64.0,7.0,.232,.359,.439,.798,.310,17.54,2482.0,66.0,112.0,2025
676439,Hunter Feduccia,139,Tampa Bay Rays,,C,2026,93.0,80.0,20.0,2.0,0.0,1.0,9.0,0.0,28.0,1.0,1.0,2.0,25.0,7.0,1.0,.250,.330,.313,.643,.365,80.00,387.0,11.0,24.0,105.0,88.0,13.0,5.0,0.0,0.0,15.0,0.0,29.0,0.0,2.0,0.0,18.0,8.0,0.0,.148,.267,.205,.472,.213,-.--,477.0,21.0,27.0,2025
666200,Jesús Luzardo,143,Philadelphia Phillies,,P,2026,,,,,,,,,,,,,,,,,,,,,,,,,,,,,,,,,,,,,,,,,,,,,,,,,2025
686681,Michael Massey,118,Kansas City Royals,,2B,2026,166.0,157.0,41.0,12.0,0.0,6.0,5.0,0.0,30.0,0.0,3.0,1.0,71.0,23.0,3.0,.261,.279,.452,.731,.282,26.17,617.0,31.0,59.0,277.0,262.0,64.0,9.0,0.0,3.0,9.0,0.0,43.0,1.0,4.0,1.0,82.0,20.0,3.0,.244,.268,.313,.581,.277,87.33,1013.0,48.0,112.0,2025
678489,Jorge Barrosa,109,Arizona Diamondbacks,,CF,2026,111.0,99.0,17.0,9.0,1.0,1.0,8.0,0.0,34.0,1.0,0.0,3.0,31.0,7.0,1.0,.172,.241,.313,.554,.250,99.00,485.0,26.0,25.0,77.0,71.0,10.0,3.0,0.0,1.0,2.0,0.0,22.0,1.0,3.0,0.0,16.0,7.0,1.0,.141,.169,.225,.394,.176,71.00,327.0,18.0,24.0,2025
676440,Tanner Bibee,114,Cleveland Guardians,,P,2026,,,,,,,,,,,,,,,,,,,,,,,,,,,,,,,,,,,,,,,,,,,,,,,,,2025
666211,Taylor Trammell,117,Houston Astros,,CF,2026,83.0,75.0,21.0,5.0,1.0,0.0,6.0,0.0,30.0,1.0,0.0,1.0,28.0,7.0,0.0,.280,.341,.373,.714,.467,-.--,310.0,12.0,13.0,135.0,117.0,23.0,7.0,0.0,3.0,17.0,0.0,41.0,0.0,1.0,0.0,39.0,12.0,0.0,.197,.296,.333,.629,.270,39.00,552.0,26.0,28.0,2025
672356,Gabriel Arias,114,Cleveland Guardians,,SS,2026,36.0,34.0,8.0,1.0,0.0,2.0,2.0,0.0,14.0,0.0,0.0,0.0,15.0,5.0,0.0,.235,.278,.441,.719,.333,17.00,145.0,9.0,3.0,471.0,432.0,95.0,25.0,2.0,11.0,27.0,1.0,162.0,7.0,4.0,1.0,157.0,54.0,8.0,.220,.274,.363,.637,.319,39.27,1792.0,101.0,79.0,2025
623211,Huascar Brazobán,121,New York Mets,,P,2026,,,,,,,,,,,,,,,,,,,,,,,,,,,,,,,,,,,,,,,,,,,,,,,,,2025
670329,Rico Garcia,110,Baltimore Orioles,,P,2026,,,,,,,,,,,,,,,,,,,,,,,,,,,,,,,,,,,,,,,,,,,,,,,,,2025
680573,Simeon Woods Richardson,141,Toronto Blue Jays,,P,2026,,,,,,,,,,,,,,,,,,,,,,,,,,,,,,,,,,,,,,,,,,,,,,,,,2025
680574,Matt McLain,113,Cincinnati Reds,,2B,2026,271.0,234.0,48.0,12.0,0.0,8.0,33.0,0.0,66.0,3.0,0.0,1.0,84.0,25.0,3.0,.205,.311,.359,.670,.250,29.25,1067.0,48.0,73.0,577.0,510.0,112.0,18.0,0.0,15.0,55.0,0.0,167.0,5.0,4.0,3.0,175.0,50.0,8.0,.220,.300,.343,.643,.292,34.00,2365.0,96.0,142.0,2025
682622,Noelvi Marte,113,Cincinnati Reds,,RF,2026,63.0,59.0,12.0,1.0,0.0,3.0,4.0,0.0,16.0,0.0,0.0,0.0,22.0,3.0,1.0,.203,.254,.373,.627,.225,19.67,246.0,22.0,9.0,360.0,339.0,89.0,17.0,2.0,14.0,16.0,0.0,85.0,3.0,2.0,0.0,152.0,51.0,7.0,.263,.300,.448,.748,.310,24.21,1267.0,87.0,80.0,2025
676477,Garrett Whitlock,111,Boston Red Sox,,P,2026,0.0,0.0,0.0,0.0,0.0,0.0,0.0,0.0,0.0,0.0,0.0,0.0,0.0,0.0,0.0,.000,.000,.000,.000,.---,-.--,0.0,0.0,0.0,0.0,0.0,0.0,0.0,0.0,0.0,0.0,0.0,0.0,0.0,0.0,0.0,0.0,0.0,0.0,.000,.000,.000,.000,.---,-.--,0.0,0.0,0.0,2025
682626,Francisco Alvarez,121,New York Mets,,C,2026,150.0,132.0,32.0,5.0,0.0,5.0,13.0,0.0,35.0,2.0,1.0,0.0,52.0,12.0,11.0,.242,.318,.394,.712,.290,26.40,610.0,35.0,31.0,277.0,246.0,63.0,12.0,1.0,11.0,27.0,0.0,73.0,4.0,0.0,0.0,110.0,32.0,6.0,.256,.339,.447,.786,.321,22.36,1123.0,61.0,49.0,2025
672386,Alejandro Kirk,141,Toronto Blue Jays,,C,2026,35.0,31.0,7.0,2.0,0.0,1.0,4.0,0.0,4.0,0.0,0.0,0.0,12.0,4.0,1.0,.226,.314,.387,.701,.231,31.00,129.0,11.0,9.0,506.0,451.0,127.0,18.0,0.0,15.0,48.0,2.0,59.0,1.0,6.0,0.0,190.0,76.0,16.0,.282,.348,.421,.769,.292,30.07,1977.0,132.0,139.0,2025
699013,Esmerlyn Valdez,134,Pittsburgh Pirates,,OF,2026,25.0,23.0,2.0,0.0,0.0,2.0,2.0,0.0,11.0,0.0,0.0,0.0,8.0,5.0,1.0,.087,.160,.348,.508,.000,11.50,109.0,4.0,6.0,,,,,,,,,,,,,,,,,,,,,,,,,2025
664199,Taylor Clarke,109,Arizona Diamondbacks,,P,2026,,,,,,,,,,,,,,,,,,,,,,,,,0.0,0.0,0.0,0.0,0.0,0.0,0.0,0.0,0.0,0.0,0.0,0.0,0.0,0.0,0.0,.000,.000,.000,.000,.---,-.--,0.0,0.0,0.0,2025
674444,Steven Cruz,118,Kansas City Royals,,P,2026,,,,,,,,,,,,,,,,,,,,,,,,,0.0,0.0,0.0,0.0,0.0,0.0,0.0,0.0,0.0,0.0,0.0,0.0,0.0,0.0,0.0,.000,.000,.000,.000,.---,-.--,0.0,0.0,0.0,2025
664208,Phil Maton,112,Chicago Cubs,,P,2026,,,,,,,,,,,,,,,,,,,,,,,,,0.0,0.0,0.0,0.0,0.0,0.0,0.0,0.0,0.0,0.0,0.0,0.0,0.0,0.0,0.0,.000,.000,.000,.000,.---,-.--,0.0,0.0,0.0,2025
594580,Sam Moll,113,Cincinnati Reds,,P,2026,,,,,,,,,,,,,,,,,,,,,,,,,,,,,,,,,,,,,,,,,,,,,,,,,2025
641680,Jonah Heim,133,Athletics,,C,2026,101.0,92.0,22.0,8.0,0.0,5.0,8.0,0.0,18.0,0.0,1.0,0.0,45.0,14.0,2.0,.239,.297,.489,.786,.243,18.40,361.0,27.0,26.0,433.0,395.0,84.0,14.0,0.0,11.0,32.0,0.0,88.0,1.0,4.0,1.0,131.0,43.0,10.0,.213,.271,.332,.603,.243,35.91,1704.0,106.0,122.0,2025
678554,Curtis Mead,120,Washington Nationals,,1B,2026,207.0,178.0,42.0,10.0,0.0,11.0,26.0,0.0,35.0,3.0,0.0,0.0,85.0,34.0,5.0,.236,.343,.478,.821,.235,16.18,895.0,43.0,58.0,264.0,240.0,56.0,10.0,1.0,3.0,15.0,0.0,63.0,8.0,1.0,0.0,77.0,19.0,9.0,.233,.299,.321,.620,.303,80.00,1019.0,47.0,75.0,2025
680604,Blas Castaño,115,Colorado Rockies,,P,2026,,,,,,,,,,,,,,,,,,,,,,,,,,,,,,,,,,,,,,,,,,,,,,,,,2025
686753,Drey Jameson,109,Arizona Diamondbacks,,P,2026,,,,,,,,,,,,,,,,,,,,,,,,,0.0,0.0,0.0,0.0,0.0,0.0,0.0,0.0,0.0,0.0,0.0,0.0,0.0,0.0,0.0,.000,.000,.000,.000,.---,-.--,0.0,0.0,0.0,2025
453286,Max Scherzer,141,Toronto Blue Jays,,P,2026,,,,,,,,,,,,,,,,,,,,,,,,,,,,,,,,,,,,,,,,,,,,,,,,,2025
516782,Starling Marte,118,Kansas City Royals,,RF,2026,86.0,78.0,20.0,3.0,0.0,1.0,5.0,0.0,24.0,2.0,1.0,0.0,26.0,5.0,2.0,.256,.314,.333,.647,.352,78.00,315.0,19.0,16.0,329.0,293.0,79.0,14.0,0.0,9.0,22.0,0.0,68.0,9.0,4.0,1.0,120.0,34.0,7.0,.270,.335,.410,.745,.318,32.56,1255.0,83.0,68.0,2025
682668,Luisangel Acuña,145,Chicago White Sox,,CF,2026,128.0,117.0,24.0,2.0,0.0,0.0,7.0,0.0,21.0,1.0,2.0,1.0,26.0,8.0,4.0,.205,.252,.222,.474,.245,-.--,446.0,47.0,28.0,193.0,175.0,41.0,7.0,0.0,0.0,13.0,0.0,37.0,2.0,1.0,2.0,48.0,8.0,6.0,.234,.293,.274,.567,.295,-.--,687.0,58.0,42.0,2025
682674,Victor Bericoto,137,San Francisco Giants,,RF,2026,17.0,17.0,3.0,0.0,0.0,1.0,0.0,0.0,6.0,0.0,0.0,0.0,6.0,1.0,0.0,.176,.176,.353,.529,.200,17.00,68.0,7.0,1.0,,,,,,,,,,,,,,,,,,,,,,,,,2025
621237,José Alvarado,143,Philadelphia Phillies,,P,2026,,,,,,,,,,,,,,,,,,,,,,,,,,,,,,,,,,,,,,,,,,,,,,,,,2025
694973,Paul Skenes,134,Pittsburgh Pirates,,P,2026,,,,,,,,,,,,,,,,,,,,,,,,,,,,,,,,,,,,,,,,,,,,,,,,,2025
676534,Calvin Faucher,146,Miami Marlins,,P,2026,,,,,,,,,,,,,,,,,,,,,,,,,,,,,,,,,,,,,,,,,,,,,,,,,2025
527048,Martín Pérez,144,Atlanta Braves,,P,2026,,,,,,,,,,,,,,,,,,,,,,,,,,,,,,,,,,,,,,,,,,,,,,,,,2025
686790,Trevor McDonald,137,San Francisco Giants,,P,2026,,,,,,,,,,,,,,,,,,,,,,,,,,,,,,,,,,,,,,,,,,,,,,,,,2025
672456,Keider Montero,116,Detroit Tigers,,P,2026,,,,,,,,,,,,,,,,,,,,,,,,,,,,,,,,,,,,,,,,,,,,,,,,,2025
678606,José A. Ferrer,136,Seattle Mariners,,P,2026,,,,,,,,,,,,,,,,,,,,,,,,,0.0,0.0,0.0,0.0,0.0,0.0,0.0,0.0,0.0,0.0,0.0,0.0,0.0,0.0,0.0,.000,.000,.000,.000,.---,-.--,0.0,0.0,0.0,2025
676571,PJ Poulin,120,Washington Nationals,,P,2026,,,,,,,,,,,,,,,,,,,,,,,,,0.0,0.0,0.0,0.0,0.0,0.0,0.0,0.0,0.0,0.0,0.0,0.0,0.0,0.0,0.0,.000,.000,.000,.000,.---,-.--,0.0,0.0,0.0,2025
641743,Anthony Kay,145,Chicago White Sox,,P,2026,,,,,,,,,,,,,,,,,,,,,,,,,,,,,,,,,,,,,,,,,,,,,,,,,2025
676572,Eric Wagaman,121,New York Mets,,1B,2026,10.0,8.0,2.0,0.0,0.0,1.0,1.0,0.0,4.0,1.0,0.0,0.0,5.0,1.0,0.0,.250,.400,.625,1.025,.333,8.00,41.0,1.0,1.0,514.0,476.0,119.0,28.0,3.0,9.0,32.0,0.0,100.0,1.0,5.0,0.0,180.0,53.0,11.0,.250,.296,.378,.674,.296,52.89,1955.0,132.0,130.0,2025
664285,Framber Valdez,116,Detroit Tigers,,P,2026,,,,,,,,,,,,,,,,,,,,,,,,,,,,,,,,,,,,,,,,,,,,,,,,,2025
518886,Craig Kimbrel,139,Tampa Bay Rays,,P,2026,,,,,,,,,,,,,,,,,,,,,,,,,,,,,,,,,,,,,,,,,,,,,,,,,2025
518876,Merrill Kelly,109,Arizona Diamondbacks,,P,2026,,,,,,,,,,,,,,,,,,,,,,,,,,,,,,,,,,,,,,,,,,,,,,,,,2025
690925,Clayton Beeter,120,Washington Nationals,,P,2026,0.0,0.0,0.0,0.0,0.0,0.0,0.0,0.0,0.0,0.0,0.0,0.0,0.0,0.0,0.0,.000,.000,.000,.000,.---,-.--,0.0,0.0,0.0,,,,,,,,,,,,,,,,,,,,,,,,,2025
690924,Braxton Fulford,115,Colorado Rockies,,C,2026,39.0,32.0,7.0,2.0,0.0,1.0,5.0,0.0,14.0,0.0,2.0,0.0,12.0,5.0,0.0,.219,.308,.375,.683,.316,32.00,167.0,2.0,11.0,120.0,108.0,23.0,5.0,2.0,1.0,7.0,0.0,36.0,2.0,3.0,0.0,35.0,16.0,1.0,.213,.267,.324,.591,.297,108.00,455.0,20.0,32.0,2025
662253,Andrés Muñoz,136,Seattle Mariners,,P,2026,,,,,,,,,,,,,,,,,,,,,,,,,,,,,,,,,,,,,,,,,,,,,,,,,2025
641778,Eric Lauer,119,Los Angeles Dodgers,,P,2026,,,,,,,,,,,,,,,,,,,,,,,,,,,,,,,,,,,,,,,,,,,,,,,,,2025
680694,Kyle Bradish,110,Baltimore Orioles,,P,2026,,,,,,,,,,,,,,,,,,,,,,,,,,,,,,,,,,,,,,,,,,,,,,,,,2025
623352,Josh Hader,117,Houston Astros,,P,2026,,,,,,,,,,,,,,,,,,,,,,,,,0.0,0.0,0.0,0.0,0.0,0.0,0.0,0.0,0.0,0.0,0.0,0.0,0.0,0.0,0.0,.000,.000,.000,.000,.---,-.--,0.0,0.0,0.0,2025
676604,Tyler Zuber,146,Miami Marlins,,P,2026,,,,,,,,,,,,,,,,,,,,,,,,,,,,,,,,,,,,,,,,,,,,,,,,,2025
680700,Richie Palacios,139,Tampa Bay Rays,,2B,2026,167.0,142.0,33.0,5.0,2.0,1.0,21.0,0.0,36.0,3.0,1.0,0.0,45.0,20.0,3.0,.232,.341,.317,.658,.302,142.00,661.0,36.0,38.0,48.0,42.0,14.0,2.0,0.0,1.0,5.0,0.0,9.0,0.0,1.0,0.0,19.0,3.0,3.0,.333,.396,.452,.848,.394,42.00,190.0,11.0,9.0,2025
690944,Curtis Washington Jr.,136,Seattle Mariners,,CF,2026,,,,,,,,,,,,,,,,,,,,,,,,,,,,,,,,,,,,,,,,,,,,,,,,,2025
641793,Zack Littell,120,Washington Nationals,,P,2026,,,,,,,,,,,,,,,,,,,,,,,,,,,,,,,,,,,,,,,,,,,,,,,,,2025
676609,José Caballero,147,New York Yankees,,SS,2026,216.0,198.0,52.0,10.0,0.0,7.0,12.0,0.0,43.0,4.0,2.0,0.0,83.0,23.0,8.0,.263,.315,.419,.734,.300,28.29,857.0,59.0,46.0,370.0,314.0,74.0,18.0,1.0,5.0,47.0,0.0,98.0,3.0,2.0,4.0,109.0,36.0,1.0,.236,.339,.347,.686,.324,62.80,1501.0,61.0,87.0,2025
672515,Gabriel Moreno,109,Arizona Diamondbacks,,C,2026,188.0,163.0,43.0,11.0,0.0,6.0,19.0,0.0,34.0,3.0,3.0,0.0,72.0,24.0,2.0,.264,.346,.442,.788,.294,27.17,800.0,43.0,46.0,309.0,277.0,79.0,12.0,1.0,9.0,29.0,3.0,53.0,1.0,2.0,0.0,120.0,40.0,6.0,.285,.353,.433,.786,.323,30.78,1314.0,60.0,87.0,2025
678662,Ezequiel Tovar,115,Colorado Rockies,,SS,2026,263.0,243.0,52.0,14.0,0.0,5.0,15.0,0.0,74.0,2.0,3.0,0.0,81.0,24.0,4.0,.214,.262,.333,.595,.281,48.60,974.0,53.0,67.0,390.0,360.0,91.0,18.0,4.0,9.0,21.0,0.0,98.0,1.0,2.0,6.0,144.0,33.0,2.0,.253,.294,.400,.694,.322,40.00,1469.0,76.0,103.0,2025
695049,Brett Kerry,108,Los Angeles Angels,,P,2026,,,,,,,,,,,,,,,,,,,,,,,,,,,,,,,,,,,,,,,,,,,,,,,,,2025
813841,Jonah Cox,137,San Francisco Giants,,CF,2026,16.0,15.0,6.0,1.0,1.0,1.0,0.0,0.0,7.0,0.0,0.0,1.0,12.0,2.0,0.0,.400,.400,.800,1.200,.714,15.00,52.0,1.0,2.0,,,,,,,,,,,,,,,,,,,,,,,,,2025
606992,Eric Haase,137,San Francisco Giants,,C,2026,55.0,51.0,11.0,3.0,0.0,4.0,3.0,0.0,14.0,0.0,0.0,1.0,26.0,9.0,1.0,.216,.259,.510,.769,.212,12.75,201.0,14.0,13.0,77.0,70.0,16.0,3.0,0.0,2.0,4.0,0.0,31.0,2.0,0.0,1.0,25.0,9.0,1.0,.229,.289,.357,.646,.378,35.00,337.0,17.0,7.0,2025
680723,Drew Rom,158,Milwaukee Brewers,,P,2026,,,,,,,,,,,,,,,,,,,,,,,,,,,,,,,,,,,,,,,,,,,,,,,,,2025
592662,Robbie Ray,137,San Francisco Giants,,P,2026,,,,,,,,,,,,,,,,,,,,,,,,,,,,,,,,,,,,,,,,,,,,,,,,,2025
592663,J.T. Realmuto,143,Philadelphia Phillies,,C,2026,185.0,165.0,34.0,4.0,0.0,5.0,14.0,0.0,37.0,5.0,1.0,0.0,53.0,17.0,3.0,.206,.286,.321,.607,.234,33.00,699.0,48.0,47.0,550.0,502.0,129.0,26.0,1.0,12.0,35.0,1.0,129.0,9.0,3.0,0.0,193.0,52.0,13.0,.257,.315,.384,.699,.321,41.83,2196.0,124.0,123.0,2025
680728,Adrian Del Castillo,109,Arizona Diamondbacks,,DH,2026,141.0,129.0,24.0,4.0,0.0,4.0,11.0,0.0,44.0,0.0,1.0,0.0,40.0,20.0,5.0,.186,.248,.310,.558,.244,32.25,581.0,27.0,35.0,131.0,120.0,29.0,6.0,0.0,4.0,8.0,0.0,47.0,1.0,2.0,0.0,47.0,17.0,2.0,.242,.290,.392,.682,.352,30.00,535.0,16.0,30.0,2025
641820,Trey Mancini,108,Los Angeles Angels,,1B,2026,14.0,13.0,4.0,0.0,1.0,0.0,0.0,0.0,3.0,0.0,1.0,0.0,6.0,4.0,1.0,.308,.286,.462,.748,.364,-.--,49.0,4.0,3.0,,,,,,,,,,,,,,,,,,,,,,,,,2025
680730,Mitchell Parker,120,Washington Nationals,,P,2026,,,,,,,,,,,,,,,,,,,,,,,,,,,,,,,,,,,,,,,,,,,,,,,,,2025
680732,Sean Burke,145,Chicago White Sox,,P,2026,,,,,,,,,,,,,,,,,,,,,,,,,,,,,,,,,,,,,,,,,,,,,,,,,2025
666397,Edouard Julien,115,Colorado Rockies,,2B,2026,196.0,171.0,39.0,5.0,1.0,2.0,24.0,0.0,53.0,1.0,0.0,0.0,52.0,17.0,5.0,.228,.327,.304,.631,.319,85.50,819.0,40.0,39.0,208.0,182.0,40.0,10.0,0.0,3.0,22.0,0.0,61.0,2.0,1.0,1.0,59.0,12.0,3.0,.220,.309,.324,.633,.311,60.67,876.0,50.0,33.0,2025
621345,A.J. Minter,121,New York Mets,,P,2026,,,,,,,,,,,,,,,,,,,,,,,,,,,,,,,,,,,,,,,,,,,,,,,,,2025
680736,Justin Wrobleski,119,Los Angeles Dodgers,,P,2026,,,,,,,,,,,,,,,,,,,,,,,,,,,,,,,,,,,,,,,,,,,,,,,,,2025
690978,Dax Fulton,146,Miami Marlins,,P,2026,,,,,,,,,,,,,,,,,,,,,,,,,,,,,,,,,,,,,,,,,,,,,,,,,2025
690976,Alex Freeland,119,Los Angeles Dodgers,,2B,2026,165.0,142.0,32.0,6.0,0.0,3.0,17.0,0.0,46.0,1.0,2.0,3.0,47.0,16.0,4.0,.225,.309,.331,.640,.305,47.33,667.0,40.0,29.0,97.0,84.0,16.0,2.0,1.0,2.0,11.0,0.0,35.0,1.0,0.0,1.0,26.0,6.0,3.0,.190,.292,.310,.602,.298,42.00,429.0,13.0,21.0,2025
695076,Rhett Lowder,113,Cincinnati Reds,,P,2026,,,,,,,,,,,,,,,,,,,,,,,,,,,,,,,,,,,,,,,,,,,,,,,,,2025
807713,Matt Shaw,112,Chicago Cubs,,RF,2026,116.0,105.0,27.0,6.0,1.0,3.0,7.0,0.0,19.0,2.0,1.0,1.0,44.0,14.0,2.0,.257,.313,.419,.732,.286,35.00,458.0,25.0,36.0,437.0,393.0,89.0,21.0,3.0,13.0,38.0,0.0,94.0,2.0,4.0,0.0,155.0,44.0,2.0,.226,.295,.394,.689,.262,30.23,1720.0,93.0,121.0,2025
680742,Jonathan Bowlan,143,Philadelphia Phillies,,P,2026,,,,,,,,,,,,,,,,,,,,,,,,,,,,,,,,,,,,,,,,,,,,,,,,,2025
690984,Petey Halpin,114,Cleveland Guardians,,CF,2026,32.0,31.0,5.0,1.0,0.0,0.0,1.0,0.0,9.0,0.0,0.0,0.0,6.0,1.0,0.0,.161,.188,.194,.382,.227,-.--,126.0,5.0,12.0,8.0,6.0,2.0,0.0,0.0,0.0,2.0,0.0,2.0,0.0,0.0,0.0,2.0,0.0,0.0,.333,.500,.333,.833,.500,-.--,33.0,1.0,1.0,2025
690986,Kyle Harrison,158,Milwaukee Brewers,,P,2026,,,,,,,,,,,,,,,,,,,,,,,,,,,,,,,,,,,,,,,,,,,,,,,,,2025
641835,Tim Mayza,143,Philadelphia Phillies,,P,2026,,,,,,,,,,,,,,,,,,,,,,,,,,,,,,,,,,,,,,,,,,,,,,,,,2025
660271,Shohei Ohtani,119,Los Angeles Dodgers,,TWP,2026,317.0,256.0,76.0,15.0,2.0,15.0,51.0,8.0,73.0,5.0,3.0,0.0,140.0,42.0,4.0,.297,.419,.547,.966,.357,17.07,1231.0,52.0,58.0,727.0,611.0,172.0,25.0,9.0,55.0,109.0,20.0,187.0,3.0,2.0,0.0,380.0,102.0,9.0,.282,.392,.622,1.014,.315,11.11,2865.0,120.0,134.0,2025
807727,Charles McAdoo,141,Toronto Blue Jays,,2B,2026,24.0,24.0,4.0,0.0,0.0,1.0,0.0,0.0,6.0,0.0,0.0,0.0,7.0,3.0,1.0,.167,.167,.292,.459,.176,24.00,86.0,6.0,8.0,,,,,,,,,,,,,,,,,,,,,,,,,2025
680755,Braydon Fisher,141,Toronto Blue Jays,,P,2026,,,,,,,,,,,,,,,,,,,,,,,,,,,,,,,,,,,,,,,,,,,,,,,,,2025
690993,Colt Keith,116,Detroit Tigers,,3B,2026,209.0,195.0,52.0,8.0,2.0,4.0,11.0,0.0,43.0,2.0,1.0,0.0,76.0,16.0,3.0,.267,.311,.390,.701,.322,48.75,749.0,39.0,62.0,468.0,414.0,106.0,22.0,2.0,13.0,48.0,1.0,102.0,2.0,4.0,0.0,171.0,45.0,7.0,.256,.333,.413,.746,.307,31.85,1826.0,87.0,123.0,2025
676661,Max Lazar,143,Philadelphia Phillies,,P,2026,,,,,,,,,,,,,,,,,,,,,,,,,,,,,,,,,,,,,,,,,,,,,,,,,2025
690997,Nolan McLean,121,New York Mets,,P,2026,,,,,,,,,,,,,,,,,,,,,,,,,,,,,,,,,,,,,,,,,,,,,,,,,2025
680757,Steven Kwan,114,Cleveland Guardians,,CF,2026,275.0,232.0,49.0,8.0,0.0,1.0,35.0,1.0,28.0,2.0,2.0,3.0,60.0,13.0,6.0,.211,.317,.259,.576,.234,232.00,1072.0,72.0,88.0,693.0,625.0,170.0,29.0,1.0,11.0,55.0,2.0,60.0,3.0,7.0,3.0,234.0,56.0,3.0,.272,.330,.374,.704,.283,56.82,2786.0,167.0,238.0,2025
680767,Victor Vodnik,115,Colorado Rockies,,P,2026,0.0,0.0,0.0,0.0,0.0,0.0,0.0,0.0,0.0,0.0,0.0,0.0,0.0,0.0,0.0,.000,.000,.000,.000,.---,-.--,0.0,0.0,0.0,0.0,0.0,0.0,0.0,0.0,0.0,0.0,0.0,0.0,0.0,0.0,0.0,0.0,0.0,0.0,.000,.000,.000,.000,.---,-.--,0.0,0.0,0.0,2025
807743,Sean Sullivan,115,Colorado Rockies,,P,2026,,,,,,,,,,,,,,,,,,,,,,,,,,,,,,,,,,,,,,,,,,,,,,,,,2025
641857,Ryan McMahon,147,New York Yankees,,3B,2026,192.0,176.0,37.0,4.0,0.0,7.0,15.0,0.0,59.0,0.0,0.0,1.0,62.0,22.0,4.0,.210,.272,.352,.624,.273,25.14,770.0,39.0,42.0,586.0,509.0,109.0,23.0,1.0,20.0,70.0,1.0,189.0,4.0,3.0,0.0,194.0,53.0,7.0,.214,.312,.381,.693,.294,25.45,2500.0,106.0,108.0,2025
682818,Yohendrick Piñango,141,Toronto Blue Jays,,LF,2026,128.0,120.0,35.0,6.0,0.0,4.0,8.0,0.0,28.0,0.0,0.0,0.0,53.0,18.0,4.0,.292,.336,.442,.778,.352,30.00,488.0,28.0,29.0,,,,,,,,,,,,,,,,,,,,,,,,,2025
691011,Drew Romo,145,Chicago White Sox,,C,2026,99.0,86.0,13.0,4.0,0.0,5.0,10.0,0.0,25.0,1.0,1.0,1.0,32.0,11.0,4.0,.151,.245,.372,.617,.140,17.20,360.0,26.0,24.0,3.0,3.0,0.0,0.0,0.0,0.0,0.0,0.0,3.0,0.0,0.0,0.0,0.0,0.0,0.0,.000,.000,.000,.000,.---,-.--,12.0,0.0,0.0,2025
621381,Matt Strahm,118,Kansas City Royals,,P,2026,,,,,,,,,,,,,,,,,,,,,,,,,,,,,,,,,,,,,,,,,,,,,,,,,2025
672580,Maikel Garcia,118,Kansas City Royals,,3B,2026,285.0,259.0,69.0,16.0,2.0,3.0,24.0,0.0,44.0,0.0,2.0,0.0,98.0,30.0,6.0,.266,.326,.378,.704,.308,86.33,1099.0,68.0,80.0,666.0,595.0,170.0,39.0,5.0,16.0,62.0,0.0,84.0,1.0,5.0,3.0,267.0,74.0,14.0,.286,.351,.449,.800,.308,37.19,2519.0,168.0,181.0,2025
621383,Tanner Banks,143,Philadelphia Phillies,,P,2026,,,,,,,,,,,,,,,,,,,,,,,,,,,,,,,,,,,,,,,,,,,,,,,,,2025
514888,Jose Altuve,117,Houston Astros,,2B,2026,222.0,197.0,46.0,10.0,0.0,7.0,22.0,1.0,49.0,1.0,1.0,1.0,77.0,16.0,9.0,.234,.312,.391,.703,.275,28.14,798.0,59.0,45.0,654.0,588.0,156.0,24.0,1.0,26.0,55.0,5.0,109.0,4.0,6.0,1.0,260.0,77.0,20.0,.265,.329,.442,.771,.283,22.62,2314.0,149.0,181.0,2025
572233,Christian Walker,117,Houston Astros,,1B,2026,307.0,277.0,68.0,13.0,1.0,18.0,25.0,2.0,66.0,4.0,1.0,0.0,137.0,52.0,7.0,.245,.316,.495,.811,.258,15.39,1168.0,71.0,73.0,640.0,585.0,139.0,24.0,1.0,27.0,40.0,1.0,177.0,11.0,4.0,0.0,246.0,88.0,10.0,.238,.297,.421,.718,.291,21.67,2513.0,111.0,162.0,2025
680776,Jarren Duran,111,Boston Red Sox,,LF,2026,289.0,266.0,57.0,9.0,2.0,12.0,18.0,0.0,85.0,3.0,2.0,0.0,106.0,37.0,2.0,.214,.270,.398,.668,.263,22.17,1078.0,65.0,61.0,696.0,620.0,159.0,41.0,13.0,16.0,60.0,1.0,169.0,12.0,3.0,1.0,274.0,84.0,6.0,.256,.332,.442,.774,.326,38.75,2624.0,137.0,159.0,2025
676684,Will Vest,116,Detroit Tigers,,P,2026,,,,,,,,,,,,,,,,,,,,,,,,,,,,,,,,,,,,,,,,,,,,,,,,,2025
680779,Henry Davis,134,Pittsburgh Pirates,,C,2026,145.0,126.0,17.0,3.0,0.0,5.0,14.0,0.0,31.0,3.0,1.0,1.0,35.0,17.0,3.0,.135,.236,.278,.514,.132,25.20,525.0,33.0,47.0,283.0,252.0,42.0,7.0,0.0,7.0,18.0,0.0,76.0,5.0,3.0,3.0,70.0,22.0,2.0,.167,.234,.278,.512,.203,36.00,1069.0,48.0,92.0,2025
670541,Yordan Alvarez,117,Houston Astros,,DH,2026,323.0,270.0,88.0,14.0,0.0,24.0,46.0,9.0,54.0,5.0,2.0,0.0,174.0,54.0,2.0,.326,.430,.644,1.074,.330,11.25,1263.0,46.0,84.0,199.0,165.0,45.0,8.0,0.0,6.0,28.0,5.0,33.0,0.0,6.0,0.0,71.0,27.0,1.0,.273,.367,.430,.797,.295,27.50,803.0,34.0,59.0,2025
506702,Sandy León,144,Atlanta Braves,,C,2026,42.0,42.0,4.0,0.0,0.0,0.0,0.0,0.0,18.0,0.0,0.0,0.0,4.0,0.0,0.0,.095,.095,.095,.190,.167,-.--,168.0,8.0,12.0,12.0,12.0,1.0,0.0,0.0,1.0,0.0,0.0,4.0,0.0,0.0,0.0,4.0,3.0,0.0,.083,.083,.333,.416,.000,12.00,41.0,3.0,4.0,2025
686930,Mason Barnett,133,Athletics,,P,2026,,,,,,,,,,,,,,,,,,,,,,,,,,,,,,,,,,,,,,,,,,,,,,,,,2025
691016,Tyler Soderstrom,133,Athletics,,LF,2026,296.0,256.0,62.0,19.0,2.0,12.0,38.0,4.0,54.0,1.0,1.0,0.0,121.0,39.0,7.0,.242,.341,.473,.814,.262,21.33,1108.0,74.0,67.0,624.0,561.0,155.0,34.0,1.0,25.0,55.0,2.0,141.0,6.0,2.0,0.0,266.0,93.0,18.0,.276,.346,.474,.820,.327,22.44,2227.0,153.0,114.0,2025
682842,Abner Uribe,158,Milwaukee Brewers,,P,2026,,,,,,,,,,,,,,,,,,,,,,,,,,,,,,,,,,,,,,,,,,,,,,,,,2025
676694,Jake Meyers,117,Houston Astros,,CF,2026,119.0,109.0,24.0,4.0,0.0,3.0,8.0,0.0,23.0,1.0,1.0,0.0,37.0,10.0,3.0,.220,.277,.339,.616,.250,36.33,432.0,28.0,35.0,381.0,343.0,100.0,15.0,2.0,3.0,31.0,0.0,67.0,3.0,2.0,2.0,128.0,24.0,9.0,.292,.354,.373,.727,.353,114.33,1340.0,94.0,86.0,2025
607067,Colin Rea,112,Chicago Cubs,,P,2026,,,,,,,,,,,,,,,,,,,,,,,,,1.0,1.0,0.0,0.0,0.0,0.0,0.0,0.0,1.0,0.0,0.0,0.0,0.0,0.0,0.0,.000,.000,.000,.000,.---,-.--,5.0,0.0,0.0,2025
445276,Kenley Jansen,116,Detroit Tigers,,P,2026,,,,,,,,,,,,,,,,,,,,,,,,,0.0,0.0,0.0,0.0,0.0,0.0,0.0,0.0,0.0,0.0,0.0,0.0,0.0,0.0,0.0,.000,.000,.000,.000,.---,-.--,0.0,0.0,0.0,2025
623454,Drew Anderson,116,Detroit Tigers,,P,2026,,,,,,,,,,,,,,,,,,,,,,,,,,,,,,,,,,,,,,,,,,,,,,,,,2025
682848,Endy Rodríguez,134,Pittsburgh Pirates,,C,2026,76.0,60.0,16.0,3.0,0.0,3.0,15.0,0.0,17.0,0.0,0.0,0.0,28.0,8.0,3.0,.267,.413,.467,.880,.325,20.00,303.0,7.0,20.0,57.0,52.0,9.0,4.0,0.0,0.0,5.0,0.0,14.0,0.0,0.0,0.0,13.0,2.0,0.0,.173,.246,.250,.496,.237,-.--,205.0,11.0,18.0,2025
607074,Carlos Rodón,147,New York Yankees,,P,2026,,,,,,,,,,,,,,,,,,,,,,,,,,,,,,,,,,,,,,,,,,,,,,,,,2025
686948,Drake Baldwin,144,Atlanta Braves,,C,2026,216.0,188.0,57.0,6.0,0.0,13.0,24.0,1.0,44.0,3.0,1.0,0.0,102.0,38.0,6.0,.303,.389,.543,.932,.333,14.46,826.0,47.0,41.0,446.0,405.0,111.0,18.0,2.0,19.0,38.0,0.0,68.0,3.0,0.0,0.0,190.0,80.0,9.0,.274,.341,.469,.810,.289,21.32,1750.0,131.0,95.0,2025
656234,Jake Bird,147,New York Yankees,,P,2026,,,,,,,,,,,,,,,,,,,,,,,,,0.0,0.0,0.0,0.0,0.0,0.0,0.0,0.0,0.0,0.0,0.0,0.0,0.0,0.0,0.0,.000,.000,.000,.000,.---,-.--,0.0,0.0,0.0,2025
676724,Jared Young,121,New York Mets,,1B,2026,91.0,82.0,20.0,4.0,0.0,4.0,7.0,0.0,19.0,1.0,1.0,0.0,36.0,10.0,2.0,.244,.308,.439,.747,.267,20.50,371.0,25.0,19.0,47.0,43.0,8.0,1.0,0.0,4.0,2.0,0.0,16.0,1.0,1.0,0.0,21.0,6.0,1.0,.186,.234,.488,.722,.167,10.75,192.0,6.0,14.0,2025
686973,Louis Varland,141,Toronto Blue Jays,,P,2026,,,,,,,,,,,,,,,,,,,,,,,,,,,,,,,,,,,,,,,,,,,,,,,,,2025
807799,Masataka Yoshida,111,Boston Red Sox,,DH,2026,158.0,139.0,34.0,7.0,1.0,1.0,15.0,0.0,19.0,3.0,1.0,0.0,46.0,10.0,1.0,.245,.329,.331,.660,.275,139.00,569.0,49.0,38.0,205.0,188.0,50.0,11.0,0.0,4.0,10.0,0.0,24.0,3.0,4.0,0.0,73.0,26.0,3.0,.266,.307,.388,.695,.280,47.00,715.0,73.0,45.0,2025
641933,Tyler O'Neill,110,Baltimore Orioles,,RF,2026,137.0,121.0,23.0,5.0,0.0,2.0,14.0,0.0,36.0,2.0,0.0,0.0,34.0,8.0,2.0,.190,.285,.281,.566,.253,60.50,540.0,21.0,41.0,209.0,181.0,36.0,6.0,1.0,9.0,22.0,1.0,51.0,3.0,3.0,0.0,71.0,26.0,2.0,.199,.292,.392,.684,.218,20.11,821.0,35.0,62.0,2025
672640,Otto Lopez,146,Miami Marlins,,SS,2026,310.0,290.0,98.0,19.0,3.0,5.0,12.0,0.0,46.0,4.0,4.0,0.0,138.0,31.0,6.0,.338,.368,.476,.844,.383,58.00,1112.0,83.0,67.0,594.0,544.0,134.0,21.0,0.0,15.0,44.0,2.0,82.0,3.0,3.0,0.0,200.0,77.0,9.0,.246,.305,.368,.673,.264,36.27,2129.0,174.0,157.0,2025
656271,Brock Burke,113,Cincinnati Reds,,P,2026,,,,,,,,,,,,,,,,,,,,,,,,,,,,,,,,,,,,,,,,,,,,,,,,,2025
502671,Paul Goldschmidt,147,New York Yankees,,1B,2026,180.0,161.0,48.0,8.0,1.0,10.0,15.0,0.0,34.0,3.0,1.0,0.0,88.0,33.0,2.0,.298,.367,.547,.914,.322,16.10,701.0,42.0,38.0,534.0,489.0,134.0,31.0,1.0,10.0,36.0,5.0,100.0,4.0,2.0,0.0,197.0,45.0,8.0,.274,.328,.403,.731,.325,48.90,2092.0,113.0,144.0,2025
676755,Isaac Mattson,134,Pittsburgh Pirates,,P,2026,,,,,,,,,,,,,,,,,,,,,,,,,,,,,,,,,,,,,,,,,,,,,,,,,2025
686993,Justin Sterner,133,Athletics,,P,2026,,,,,,,,,,,,,,,,,,,,,,,,,,,,,,,,,,,,,,,,,,,,,,,,,2025
805779,Jacob Wilson,133,Athletics,,SS,2026,186.0,177.0,50.0,9.0,0.0,3.0,7.0,0.0,22.0,0.0,1.0,1.0,68.0,21.0,4.0,.282,.308,.384,.692,.307,59.00,640.0,58.0,49.0,523.0,486.0,151.0,26.0,0.0,13.0,27.0,1.0,39.0,7.0,1.0,2.0,216.0,63.0,16.0,.311,.355,.444,.799,.317,37.38,1735.0,179.0,120.0,2025
670623,Isaac Paredes,117,Houston Astros,,3B,2026,283.0,240.0,56.0,13.0,0.0,10.0,30.0,0.0,48.0,11.0,2.0,0.0,99.0,35.0,8.0,.233,.343,.413,.756,.250,24.00,1260.0,40.0,98.0,438.0,378.0,96.0,15.0,1.0,20.0,50.0,0.0,76.0,8.0,2.0,0.0,173.0,53.0,10.0,.254,.352,.458,.810,.268,18.90,1943.0,73.0,135.0,2025
680869,Zack Gelof,133,Athletics,,3B,2026,208.0,192.0,55.0,9.0,1.0,10.0,12.0,0.0,52.0,2.0,0.0,2.0,96.0,28.0,5.0,.286,.335,.500,.835,.346,19.20,807.0,41.0,46.0,101.0,92.0,16.0,3.0,0.0,2.0,7.0,0.0,46.0,0.0,1.0,1.0,25.0,7.0,0.0,.174,.230,.272,.502,.311,46.00,416.0,12.0,20.0,2025
701358,Cam Smith,117,Houston Astros,,RF,2026,280.0,247.0,54.0,11.0,1.0,7.0,26.0,0.0,76.0,4.0,2.0,0.0,88.0,26.0,6.0,.219,.301,.356,.657,.283,35.29,1126.0,61.0,58.0,493.0,441.0,104.0,21.0,3.0,9.0,43.0,0.0,137.0,7.0,2.0,0.0,158.0,51.0,11.0,.236,.312,.358,.670,.320,49.00,2024.0,104.0,98.0,2025
656302,Dylan Cease,141,Toronto Blue Jays,,P,2026,,,,,,,,,,,,,,,,,,,,,,,,,,,,,,,,,,,,,,,,,,,,,,,,,2025
682928,CJ Abrams,120,Washington Nationals,,SS,2026,308.0,267.0,76.0,13.0,2.0,14.0,29.0,2.0,63.0,9.0,3.0,0.0,135.0,53.0,4.0,.285,.370,.506,.876,.321,19.07,1163.0,54.0,77.0,635.0,580.0,149.0,35.0,5.0,19.0,37.0,1.0,125.0,14.0,3.0,1.0,251.0,60.0,5.0,.257,.315,.433,.748,.296,30.53,2320.0,141.0,169.0,2025
656305,Matt Chapman,137,San Francisco Giants,,3B,2026,299.0,261.0,68.0,17.0,1.0,7.0,32.0,1.0,62.0,4.0,2.0,0.0,108.0,39.0,6.0,.261,.348,.414,.762,.314,37.29,1187.0,69.0,64.0,535.0,454.0,105.0,23.0,2.0,21.0,71.0,1.0,126.0,6.0,4.0,0.0,195.0,61.0,8.0,.231,.340,.430,.770,.270,21.62,2209.0,96.0,131.0,2025
805808,Kevin McGonigle,116,Detroit Tigers,,SS,2026,309.0,262.0,74.0,15.0,3.0,5.0,45.0,0.0,41.0,2.0,0.0,0.0,110.0,25.0,1.0,.282,.392,.420,.812,.319,52.40,1266.0,45.0,102.0,,,,,,,,,,,,,,,,,,,,,,,,,2025
805811,Bryce Eldridge,137,San Francisco Giants,,DH,2026,121.0,104.0,33.0,9.0,0.0,5.0,16.0,1.0,25.0,0.0,1.0,0.0,57.0,14.0,0.0,.317,.405,.548,.953,.373,20.80,508.0,19.0,28.0,37.0,28.0,3.0,2.0,0.0,0.0,7.0,0.0,13.0,1.0,1.0,0.0,5.0,4.0,0.0,.107,.297,.179,.476,.188,-.--,160.0,6.0,7.0,2025
684974,Craig Yoho,158,Milwaukee Brewers,,P,2026,,,,,,,,,,,,,,,,,,,,,,,,,,,,,,,,,,,,,,,,,,,,,,,,,2025
621493,Taylor Ward,110,Baltimore Orioles,,LF,2026,336.0,268.0,69.0,17.0,0.0,3.0,63.0,1.0,67.0,3.0,2.0,0.0,95.0,20.0,4.0,.257,.402,.354,.756,.330,89.33,1434.0,61.0,73.0,663.0,579.0,132.0,31.0,2.0,36.0,75.0,1.0,175.0,3.0,6.0,0.0,275.0,103.0,13.0,.228,.317,.475,.792,.257,16.08,2788.0,112.0,166.0,2025
672695,Geraldo Perdomo,109,Arizona Diamondbacks,,SS,2026,292.0,240.0,59.0,10.0,3.0,4.0,41.0,0.0,36.0,2.0,5.0,4.0,87.0,25.0,6.0,.246,.354,.363,.717,.268,60.00,1210.0,80.0,74.0,720.0,597.0,173.0,33.0,5.0,20.0,94.0,1.0,83.0,10.0,11.0,8.0,276.0,100.0,11.0,.290,.389,.462,.851,.303,29.85,3007.0,167.0,193.0,2025
672724,Oswald Peraza,108,Los Angeles Angels,,2B,2026,224.0,208.0,54.0,9.0,2.0,7.0,9.0,0.0,59.0,6.0,0.0,1.0,88.0,21.0,3.0,.260,.309,.423,.732,.331,29.71,808.0,54.0,42.0,265.0,244.0,40.0,6.0,0.0,5.0,17.0,0.0,80.0,2.0,1.0,0.0,61.0,20.0,6.0,.164,.223,.250,.473,.219,48.80,1005.0,70.0,55.0,2025
605130,Scott Barlow,133,Athletics,,P,2026,,,,,,,,,,,,,,,,,,,,,,,,,,,,,,,,,,,,,,,,,,,,,,,,,2025
701398,Sal Stewart,113,Cincinnati Reds,,1B,2026,314.0,270.0,68.0,13.0,0.0,14.0,41.0,3.0,64.0,1.0,2.0,0.0,123.0,47.0,6.0,.252,.350,.456,.806,.278,19.29,1245.0,72.0,68.0,58.0,55.0,14.0,1.0,0.0,5.0,3.0,0.0,15.0,0.0,0.0,0.0,30.0,8.0,1.0,.255,.293,.545,.838,.257,11.00,217.0,10.0,16.0,2025
605141,Mookie Betts,119,Los Angeles Dodgers,,SS,2026,168.0,154.0,31.0,5.0,0.0,7.0,12.0,0.0,21.0,1.0,1.0,0.0,57.0,18.0,6.0,.201,.262,.370,.632,.189,22.00,628.0,32.0,71.0,663.0,589.0,152.0,23.0,2.0,20.0,61.0,2.0,68.0,3.0,10.0,0.0,239.0,82.0,15.0,.258,.326,.406,.732,.258,29.45,2460.0,136.0,243.0,2025
687064,Brandon Young,110,Baltimore Orioles,,P,2026,,,,,,,,,,,,,,,,,,,,,,,,,,,,,,,,,,,,,,,,,,,,,,,,,2025
695257,Billy Cook,134,Pittsburgh Pirates,,RF,2026,21.0,21.0,4.0,0.0,0.0,0.0,0.0,0.0,8.0,0.0,0.0,0.0,4.0,0.0,0.0,.190,.190,.190,.380,.308,-.--,65.0,4.0,5.0,6.0,6.0,2.0,0.0,0.0,0.0,0.0,0.0,1.0,0.0,0.0,0.0,2.0,0.0,0.0,.333,.333,.333,.666,.400,-.--,20.0,2.0,1.0,2025
607200,Erick Fedde,145,Chicago White Sox,,P,2026,,,,,,,,,,,,,,,,,,,,,,,,,,,,,,,,,,,,,,,,,,,,,,,,,2025
678882,Ceddanne Rafaela,111,Boston Red Sox,,CF,2026,263.0,243.0,70.0,15.0,2.0,7.0,14.0,0.0,54.0,6.0,0.0,0.0,110.0,32.0,7.0,.288,.342,.453,.795,.346,34.71,994.0,60.0,59.0,587.0,546.0,136.0,34.0,4.0,16.0,28.0,0.0,117.0,8.0,2.0,3.0,226.0,63.0,9.0,.249,.295,.414,.709,.289,34.12,2128.0,139.0,159.0,2025
687075,Brandon Sproat,158,Milwaukee Brewers,,P,2026,,,,,,,,,,,,,,,,,,,,,,,,,,,,,,,,,,,,,,,,,,,,,,,,,2025
642020,Chuckie Robinson,119,Los Angeles Dodgers,,C,2026,6.0,5.0,0.0,0.0,0.0,0.0,0.0,0.0,1.0,0.0,0.0,1.0,0.0,0.0,0.0,.000,.000,.000,.000,.000,-.--,20.0,3.0,2.0,2.0,1.0,0.0,0.0,0.0,0.0,0.0,0.0,0.0,0.0,0.0,1.0,0.0,0.0,0.0,.000,.000,.000,.000,.000,-.--,4.0,2.0,0.0,2025
682982,Daniel Espino,114,Cleveland Guardians,,P,2026,,,,,,,,,,,,,,,,,,,,,,,,,,,,,,,,,,,,,,,,,,,,,,,,,2025
607208,Trea Turner,143,Philadelphia Phillies,,SS,2026,313.0,291.0,63.0,11.0,0.0,7.0,20.0,0.0,71.0,1.0,1.0,0.0,95.0,21.0,4.0,.216,.268,.326,.594,.262,41.57,1182.0,78.0,80.0,639.0,589.0,179.0,31.0,7.0,15.0,43.0,1.0,107.0,5.0,2.0,0.0,269.0,69.0,11.0,.304,.355,.457,.812,.350,39.27,2407.0,159.0,146.0,2025
682985,Riley Greene,116,Detroit Tigers,,LF,2026,306.0,264.0,79.0,16.0,0.0,8.0,38.0,0.0,86.0,2.0,2.0,0.0,119.0,33.0,7.0,.299,.389,.451,.840,.413,33.00,1277.0,42.0,59.0,655.0,600.0,155.0,31.0,1.0,36.0,46.0,1.0,201.0,4.0,5.0,0.0,296.0,111.0,14.0,.258,.313,.493,.806,.323,16.67,2706.0,118.0,131.0,2025
691176,Jasson Domínguez,147,New York Yankees,,DH,2026,41.0,38.0,8.0,3.0,0.0,2.0,2.0,0.0,6.0,1.0,0.0,0.0,17.0,5.0,0.0,.211,.268,.447,.715,.200,19.00,151.0,14.0,10.0,429.0,381.0,98.0,18.0,1.0,10.0,41.0,1.0,115.0,3.0,4.0,0.0,148.0,47.0,5.0,.257,.331,.388,.719,.338,38.10,1692.0,80.0,92.0,2025
625643,Reynaldo López,144,Atlanta Braves,,P,2026,0.0,0.0,0.0,0.0,0.0,0.0,0.0,0.0,0.0,0.0,0.0,0.0,0.0,0.0,0.0,.000,.000,.000,.000,.---,-.--,0.0,0.0,0.0,,,,,,,,,,,,,,,,,,,,,,,,,2025
682987,Spencer Jones,147,New York Yankees,,RF,2026,53.0,46.0,11.0,1.0,0.0,2.0,7.0,0.0,21.0,0.0,0.0,0.0,18.0,7.0,0.0,.239,.340,.391,.731,.391,23.00,235.0,5.0,9.0,,,,,,,,,,,,,,,,,,,,,,,,,2025
682998,Corbin Carroll,109,Arizona Diamondbacks,,RF,2026,300.0,260.0,72.0,15.0,8.0,12.0,34.0,1.0,64.0,4.0,2.0,0.0,139.0,34.0,3.0,.277,.367,.535,.902,.323,21.67,1138.0,59.0,67.0,642.0,564.0,146.0,32.0,17.0,31.0,67.0,4.0,153.0,7.0,4.0,0.0,305.0,84.0,6.0,.259,.343,.541,.884,.299,18.19,2497.0,111.0,158.0,2025
592885,Christian Yelich,158,Milwaukee Brewers,,DH,2026,177.0,158.0,43.0,8.0,1.0,4.0,17.0,2.0,50.0,1.0,1.0,0.0,65.0,22.0,1.0,.272,.345,.411,.756,.371,39.50,758.0,43.0,23.0,644.0,573.0,151.0,21.0,0.0,29.0,64.0,6.0,167.0,6.0,1.0,0.0,259.0,103.0,6.0,.264,.343,.452,.795,.323,19.76,2601.0,174.0,82.0,2025
672761,Wenceel Pérez,116,Detroit Tigers,,RF,2026,175.0,161.0,29.0,4.0,1.0,7.0,14.0,0.0,29.0,0.0,0.0,0.0,56.0,17.0,1.0,.180,.246,.348,.594,.176,23.00,653.0,43.0,60.0,383.0,344.0,84.0,17.0,4.0,13.0,31.0,0.0,87.0,3.0,5.0,0.0,148.0,43.0,5.0,.244,.308,.430,.738,.285,26.46,1534.0,66.0,112.0,2025
682997,Tyler Callihan,134,Pittsburgh Pirates,,LF,2026,38.0,31.0,10.0,2.0,1.0,2.0,6.0,0.0,9.0,1.0,0.0,0.0,20.0,6.0,0.0,.323,.447,.645,1.092,.400,15.50,153.0,2.0,10.0,6.0,6.0,1.0,0.0,0.0,0.0,0.0,0.0,1.0,0.0,0.0,0.0,1.0,1.0,0.0,.167,.167,.167,.334,.200,-.--,22.0,3.0,1.0,2025
689147,Orion Kerkering,143,Philadelphia Phillies,,P,2026,,,,,,,,,,,,,,,,,,,,,,,,,,,,,,,,,,,,,,,,,,,,,,,,,2025
678906,Kai-Wei Teng,117,Houston Astros,,P,2026,,,,,,,,,,,,,,,,,,,,,,,,,,,,,,,,,,,,,,,,,,,,,,,,,2025
683003,Jared Jones,134,Pittsburgh Pirates,,P,2026,,,,,,,,,,,,,,,,,,,,,,,,,,,,,,,,,,,,,,,,,,,,,,,,,2025
683002,Gunnar Henderson,110,Baltimore Orioles,,SS,2026,334.0,303.0,68.0,13.0,1.0,14.0,26.0,0.0,81.0,4.0,1.0,0.0,125.0,34.0,3.0,.224,.293,.413,.706,.258,21.64,1314.0,73.0,82.0,651.0,577.0,158.0,34.0,5.0,17.0,62.0,6.0,137.0,7.0,5.0,0.0,253.0,68.0,7.0,.274,.349,.438,.787,.329,33.94,2506.0,161.0,126.0,2025
621566,Matt Olson,144,Atlanta Braves,,1B,2026,312.0,278.0,75.0,19.0,0.0,20.0,30.0,2.0,72.0,1.0,3.0,0.0,154.0,51.0,2.0,.270,.340,.554,.894,.291,13.90,1346.0,56.0,78.0,724.0,624.0,170.0,41.0,2.0,29.0,91.0,2.0,176.0,4.0,5.0,0.0,302.0,95.0,14.0,.272,.366,.484,.850,.333,21.52,3166.0,133.0,150.0,2025
668670,Jake Rogers,116,Detroit Tigers,,C,2026,68.0,58.0,9.0,2.0,1.0,1.0,6.0,0.0,21.0,1.0,2.0,1.0,16.0,5.0,0.0,.155,.239,.276,.515,.211,58.00,273.0,8.0,23.0,142.0,123.0,23.0,5.0,2.0,3.0,15.0,0.0,39.0,1.0,2.0,1.0,41.0,19.0,3.0,.187,.277,.333,.610,.241,41.00,570.0,34.0,30.0,2025
666624,Christopher Morel,146,Miami Marlins,,1B,2026,73.0,68.0,11.0,3.0,0.0,0.0,4.0,0.0,28.0,1.0,0.0,0.0,14.0,1.0,0.0,.162,.219,.206,.425,.275,-.--,257.0,13.0,16.0,305.0,278.0,61.0,16.0,0.0,11.0,25.0,0.0,109.0,2.0,0.0,0.0,110.0,33.0,8.0,.219,.289,.396,.685,.316,25.27,1177.0,40.0,68.0,2025
699393,Pedro Ramírez,112,Chicago Cubs,,2B,2026,38.0,35.0,9.0,2.0,0.0,1.0,3.0,0.0,3.0,0.0,0.0,0.0,14.0,3.0,2.0,.257,.316,.400,.716,.258,35.00,122.0,14.0,9.0,,,,,,,,,,,,,,,,,,,,,,,,,2025
668674,Lucas Erceg,118,Kansas City Royals,,P,2026,0.0,0.0,0.0,0.0,0.0,0.0,0.0,0.0,0.0,0.0,0.0,0.0,0.0,0.0,0.0,.000,.000,.000,.000,.---,-.--,0.0,0.0,0.0,0.0,0.0,0.0,0.0,0.0,0.0,0.0,0.0,0.0,0.0,0.0,0.0,0.0,0.0,0.0,.000,.000,.000,.000,.---,-.--,0.0,0.0,0.0,2025
683011,Anthony Volpe,147,New York Yankees,,SS,2026,87.0,76.0,18.0,4.0,0.0,1.0,11.0,0.0,19.0,0.0,0.0,0.0,25.0,11.0,0.0,.237,.333,.329,.662,.304,76.00,349.0,16.0,23.0,596.0,539.0,114.0,32.0,4.0,19.0,43.0,0.0,150.0,4.0,7.0,3.0,211.0,72.0,10.0,.212,.272,.391,.663,.252,28.37,2397.0,135.0,150.0,2025
668678,Zac Gallen,109,Arizona Diamondbacks,,P,2026,,,,,,,,,,,,,,,,,,,,,,,,,,,,,,,,,,,,,,,,,,,,,,,,,2025
500743,Miguel Rojas,119,Los Angeles Dodgers,,SS,2026,121.0,105.0,28.0,5.0,0.0,2.0,9.0,0.0,13.0,2.0,3.0,2.0,39.0,12.0,5.0,.267,.328,.371,.699,.280,52.50,435.0,37.0,32.0,317.0,290.0,76.0,18.0,0.0,7.0,24.0,1.0,46.0,0.0,0.0,3.0,115.0,27.0,7.0,.262,.318,.397,.715,.291,41.43,1166.0,83.0,88.0,2025
676879,Aaron Ashby,158,Milwaukee Brewers,,P,2026,,,,,,,,,,,,,,,,,,,,,,,,,,,,,,,,,,,,,,,,,,,,,,,,,2025
553993,Eugenio Suárez,113,Cincinnati Reds,,DH,2026,182.0,166.0,36.0,7.0,0.0,7.0,15.0,0.0,60.0,0.0,1.0,0.0,64.0,25.0,2.0,.217,.280,.386,.666,.290,23.71,722.0,33.0,38.0,657.0,588.0,134.0,28.0,0.0,49.0,46.0,2.0,196.0,16.0,7.0,0.0,309.0,118.0,11.0,.228,.298,.526,.824,.243,12.00,2606.0,100.0,165.0,2025
543760,Marcus Semien,121,New York Mets,,2B,2026,289.0,263.0,57.0,8.0,0.0,9.0,21.0,0.0,62.0,1.0,3.0,1.0,92.0,26.0,8.0,.217,.274,.350,.624,.246,29.22,1054.0,53.0,95.0,534.0,470.0,108.0,16.0,1.0,15.0,50.0,0.0,93.0,5.0,9.0,0.0,171.0,62.0,8.0,.230,.305,.364,.669,.251,31.33,2075.0,101.0,177.0,2025
674841,Andrew Alvarez,120,Washington Nationals,,P,2026,,,,,,,,,,,,,,,,,,,,,,,,,,,,,,,,,,,,,,,,,,,,,,,,,2025
607259,Nick Martinez,139,Tampa Bay Rays,,P,2026,,,,,,,,,,,,,,,,,,,,,,,,,,,,,,,,,,,,,,,,,,,,,,,,,2025
656413,Stuart Fairchild,114,Cleveland Guardians,,RF,2026,21.0,14.0,3.0,0.0,0.0,0.0,6.0,0.0,10.0,1.0,0.0,0.0,3.0,1.0,0.0,.214,.476,.214,.690,.750,-.--,85.0,0.0,1.0,55.0,51.0,11.0,4.0,1.0,0.0,4.0,0.0,15.0,0.0,0.0,0.0,17.0,2.0,2.0,.216,.273,.333,.606,.306,-.--,195.0,9.0,16.0,2025
668709,JJ Bleday,113,Cincinnati Reds,,LF,2026,192.0,164.0,44.0,10.0,1.0,13.0,26.0,1.0,34.0,1.0,1.0,0.0,95.0,34.0,3.0,.268,.370,.579,.949,.263,12.62,758.0,28.0,59.0,344.0,307.0,65.0,17.0,0.0,14.0,36.0,2.0,91.0,0.0,1.0,0.0,124.0,39.0,6.0,.212,.294,.404,.698,.251,21.93,1328.0,61.0,91.0,2025
642086,Dominic Smith,144,Atlanta Braves,,DH,2026,171.0,156.0,44.0,4.0,1.0,6.0,9.0,0.0,22.0,1.0,4.0,1.0,68.0,30.0,4.0,.282,.318,.436,.754,.288,26.00,632.0,42.0,53.0,225.0,204.0,58.0,12.0,0.0,5.0,15.0,0.0,42.0,2.0,4.0,0.0,85.0,33.0,5.0,.284,.333,.417,.750,.329,40.80,848.0,46.0,62.0,2025
666661,Juan Morillo,109,Arizona Diamondbacks,,P,2026,,,,,,,,,,,,,,,,,,,,,,,,,0.0,0.0,0.0,0.0,0.0,0.0,0.0,0.0,0.0,0.0,0.0,0.0,0.0,0.0,0.0,.000,.000,.000,.000,.---,-.--,0.0,0.0,0.0,2025
668715,Spencer Steer,113,Cincinnati Reds,,LF,2026,275.0,241.0,60.0,12.0,0.0,11.0,29.0,0.0,58.0,3.0,2.0,0.0,105.0,28.0,7.0,.249,.335,.436,.771,.282,21.91,1099.0,58.0,67.0,568.0,509.0,121.0,21.0,2.0,21.0,51.0,0.0,129.0,5.0,2.0,1.0,209.0,75.0,12.0,.238,.312,.411,.723,.277,24.24,2316.0,99.0,163.0,2025
670764,Taylor Walls,139,Tampa Bay Rays,,SS,2026,188.0,157.0,34.0,6.0,2.0,0.0,22.0,0.0,48.0,2.0,1.0,6.0,44.0,16.0,2.0,.217,.319,.280,.599,.309,-.--,766.0,34.0,48.0,317.0,282.0,62.0,14.0,1.0,4.0,26.0,0.0,70.0,0.0,6.0,3.0,90.0,38.0,1.0,.220,.280,.319,.599,.271,70.50,1278.0,70.0,89.0,2025
676914,Davis Schneider,141,Toronto Blue Jays,,LF,2026,99.0,80.0,13.0,4.0,0.0,3.0,18.0,0.0,33.0,0.0,0.0,1.0,26.0,11.0,1.0,.163,.316,.325,.641,.227,26.67,436.0,14.0,21.0,227.0,188.0,44.0,5.0,0.0,11.0,36.0,0.0,60.0,2.0,1.0,0.0,82.0,31.0,4.0,.234,.361,.436,.797,.280,17.09,1012.0,26.0,59.0,2025
668723,Ryan Vilade,139,Tampa Bay Rays,,RF,2026,126.0,110.0,32.0,5.0,1.0,4.0,12.0,0.0,22.0,0.0,3.0,1.0,51.0,25.0,2.0,.291,.352,.464,.816,.322,27.50,525.0,24.0,36.0,15.0,13.0,1.0,0.0,0.0,0.0,2.0,0.0,5.0,0.0,0.0,0.0,1.0,0.0,1.0,.077,.200,.077,.277,.125,-.--,60.0,6.0,1.0,2025
642100,Gabe Speier,136,Seattle Mariners,,P,2026,0.0,0.0,0.0,0.0,0.0,0.0,0.0,0.0,0.0,0.0,0.0,0.0,0.0,0.0,0.0,.000,.000,.000,.000,.---,-.--,0.0,0.0,0.0,,,,,,,,,,,,,,,,,,,,,,,,,2025
676917,Cade Cavalli,120,Washington Nationals,,P,2026,,,,,,,,,,,,,,,,,,,,,,,,,0.0,0.0,0.0,0.0,0.0,0.0,0.0,0.0,0.0,0.0,0.0,0.0,0.0,0.0,0.0,.000,.000,.000,.000,.---,-.--,0.0,0.0,0.0,2025
693304,Nick Gonzales,134,Pittsburgh Pirates,,3B,2026,275.0,254.0,74.0,11.0,0.0,2.0,16.0,0.0,48.0,4.0,1.0,0.0,91.0,32.0,8.0,.291,.342,.358,.700,.351,127.00,1012.0,80.0,53.0,408.0,381.0,99.0,18.0,3.0,5.0,21.0,0.0,73.0,2.0,4.0,0.0,138.0,30.0,12.0,.260,.299,.362,.661,.306,76.20,1405.0,104.0,109.0,2025
693307,Dillon Dingler,116,Detroit Tigers,,C,2026,275.0,243.0,62.0,14.0,2.0,16.0,22.0,0.0,58.0,6.0,2.0,0.0,128.0,51.0,7.0,.255,.330,.527,.857,.269,15.19,1055.0,54.0,71.0,469.0,435.0,121.0,21.0,2.0,13.0,23.0,2.0,110.0,9.0,1.0,0.0,185.0,57.0,5.0,.278,.327,.425,.752,.345,33.46,1793.0,91.0,114.0,2025
543807,George Springer,141,Toronto Blue Jays,,DH,2026,226.0,195.0,42.0,10.0,0.0,7.0,25.0,0.0,41.0,2.0,1.0,0.0,73.0,19.0,5.0,.215,.309,.374,.683,.236,27.86,902.0,56.0,57.0,586.0,498.0,154.0,27.0,1.0,32.0,69.0,3.0,111.0,8.0,4.0,0.0,279.0,84.0,14.0,.309,.399,.560,.959,.340,15.56,2307.0,105.0,132.0,2025
595014,Blake Treinen,119,Los Angeles Dodgers,,P,2026,,,,,,,,,,,,,,,,,,,,,,,,,,,,,,,,,,,,,,,,,,,,,,,,,2025
685126,Brandon Eisert,145,Chicago White Sox,,P,2026,,,,,,,,,,,,,,,,,,,,,,,,,,,,,,,,,,,,,,,,,,,,,,,,,2025
642121,Cole Sulser,139,Tampa Bay Rays,,P,2026,,,,,,,,,,,,,,,,,,,,,,,,,,,,,,,,,,,,,,,,,,,,,,,,,2025
519242,Chris Sale,144,Atlanta Braves,,P,2026,,,,,,,,,,,,,,,,,,,,,,,,,,,,,,,,,,,,,,,,,,,,,,,,,2025
683083,Nasim Nuñez,120,Washington Nationals,,2B,2026,237.0,203.0,44.0,3.0,3.0,0.0,26.0,0.0,52.0,1.0,1.0,6.0,53.0,23.0,1.0,.217,.307,.261,.568,.289,-.--,957.0,64.0,50.0,92.0,82.0,19.0,2.0,0.0,4.0,8.0,0.0,20.0,0.0,1.0,1.0,33.0,13.0,1.0,.232,.297,.402,.699,.254,20.50,417.0,26.0,19.0,2025
685133,Wade Meckler,108,Los Angeles Angels,,LF,2026,75.0,68.0,20.0,5.0,0.0,2.0,7.0,0.0,14.0,0.0,0.0,0.0,31.0,13.0,0.0,.294,.360,.456,.816,.346,34.00,242.0,18.0,16.0,,,,,,,,,,,,,,,,,,,,,,,,,2025
656464,Kevin Ginkel,109,Arizona Diamondbacks,,P,2026,,,,,,,,,,,,,,,,,,,,,,,,,,,,,,,,,,,,,,,,,,,,,,,,,2025
695380,Alex Hoppe,136,Seattle Mariners,,P,2026,,,,,,,,,,,,,,,,,,,,,,,,,,,,,,,,,,,,,,,,,,,,,,,,,2025
650333,Luis Arraez,137,San Francisco Giants,,2B,2026,306.0,276.0,88.0,14.0,6.0,2.0,15.0,3.0,13.0,3.0,7.0,5.0,120.0,26.0,4.0,.319,.352,.435,.787,.321,138.00,1099.0,85.0,102.0,675.0,620.0,181.0,30.0,4.0,8.0,34.0,0.0,21.0,2.0,7.0,12.0,243.0,61.0,12.0,.292,.327,.392,.719,.289,77.50,2467.0,215.0,222.0,2025
642133,Rowdy Tellez,144,Atlanta Braves,,1B,2026,2.0,2.0,0.0,0.0,0.0,0.0,0.0,0.0,0.0,0.0,0.0,0.0,0.0,0.0,0.0,.000,.000,.000,.000,.000,-.--,9.0,0.0,2.0,312.0,289.0,66.0,11.0,0.0,17.0,17.0,0.0,83.0,3.0,3.0,0.0,128.0,49.0,9.0,.228,.276,.443,.719,.255,17.00,1286.0,62.0,81.0,2025
646240,Rafael Devers,137,San Francisco Giants,,1B,2026,307.0,281.0,66.0,21.0,1.0,9.0,23.0,2.0,93.0,1.0,2.0,0.0,116.0,33.0,7.0,.235,.293,.413,.706,.315,31.22,1242.0,60.0,64.0,729.0,607.0,153.0,33.0,0.0,35.0,112.0,10.0,192.0,6.0,4.0,0.0,291.0,109.0,16.0,.252,.372,.479,.851,.307,17.34,3060.0,139.0,127.0,2025
646241,Enmanuel De Jesus,116,Detroit Tigers,,P,2026,,,,,,,,,,,,,,,,,,,,,,,,,,,,,,,,,,,,,,,,,,,,,,,,,2025
676962,Ben Brown,112,Chicago Cubs,,P,2026,,,,,,,,,,,,,,,,,,,,,,,,,,,,,,,,,,,,,,,,,,,,,,,,,2025
689254,Mason Fluharty,141,Toronto Blue Jays,,P,2026,,,,,,,,,,,,,,,,,,,,,,,,,,,,,,,,,,,,,,,,,,,,,,,,,2025
701542,Will Warren,147,New York Yankees,,P,2026,,,,,,,,,,,,,,,,,,,,,,,,,,,,,,,,,,,,,,,,,,,,,,,,,2025
605288,Adrian Houser,137,San Francisco Giants,,P,2026,,,,,,,,,,,,,,,,,,,,,,,,,,,,,,,,,,,,,,,,,,,,,,,,,2025
687209,Zach Maxwell,113,Cincinnati Reds,,P,2026,,,,,,,,,,,,,,,,,,,,,,,,,,,,,,,,,,,,,,,,,,,,,,,,,2025
656492,Foster Griffin,120,Washington Nationals,,P,2026,,,,,,,,,,,,,,,,,,,,,,,,,,,,,,,,,,,,,,,,,,,,,,,,,2025
676974,Max Meyer,146,Miami Marlins,,P,2026,,,,,,,,,,,,,,,,,,,,,,,,,,,,,,,,,,,,,,,,,,,,,,,,,2025
805999,A.J. Ewing,121,New York Mets,,CF,2026,129.0,112.0,28.0,4.0,1.0,2.0,14.0,0.0,39.0,0.0,1.0,2.0,40.0,9.0,0.0,.250,.331,.357,.688,.361,56.00,547.0,22.0,26.0,,,,,,,,,,,,,,,,,,,,,,,,,2025
687221,Dalton Rushing,119,Los Angeles Dodgers,,C,2026,139.0,122.0,32.0,6.0,0.0,8.0,13.0,0.0,36.0,4.0,0.0,0.0,62.0,21.0,2.0,.262,.353,.508,.861,.308,15.25,501.0,25.0,29.0,155.0,142.0,29.0,5.0,0.0,4.0,10.0,0.0,58.0,1.0,2.0,0.0,46.0,24.0,1.0,.204,.258,.324,.582,.305,35.50,600.0,22.0,35.0,2025
689266,Dylan Dodd,144,Atlanta Braves,,P,2026,,,,,,,,,,,,,,,,,,,,,,,,,,,,,,,,,,,,,,,,,,,,,,,,,2025
703607,Henry Bolte,133,Athletics,,CF,2026,109.0,96.0,30.0,5.0,0.0,1.0,7.0,0.0,32.0,5.0,1.0,0.0,38.0,7.0,1.0,.313,.385,.396,.781,.453,96.00,363.0,23.0,12.0,,,,,,,,,,,,,,,,,,,,,,,,,2025
695418,Brad Lord,120,Washington Nationals,,P,2026,0.0,0.0,0.0,0.0,0.0,0.0,0.0,0.0,0.0,0.0,0.0,0.0,0.0,0.0,0.0,.000,.000,.000,.000,.---,-.--,0.0,0.0,0.0,,,,,,,,,,,,,,,,,,,,,,,,,2025
681082,Bryson Stott,143,Philadelphia Phillies,,2B,2026,252.0,230.0,53.0,13.0,3.0,6.0,18.0,0.0,43.0,1.0,1.0,2.0,90.0,35.0,5.0,.230,.288,.391,.679,.258,38.33,1011.0,61.0,76.0,560.0,499.0,128.0,22.0,3.0,13.0,54.0,1.0,91.0,1.0,4.0,2.0,195.0,66.0,4.0,.257,.328,.391,.719,.288,38.38,2466.0,116.0,170.0,2025
664702,Myles Straw,141,Toronto Blue Jays,,RF,2026,128.0,113.0,27.0,4.0,0.0,2.0,12.0,0.0,20.0,0.0,1.0,2.0,37.0,9.0,1.0,.239,.310,.327,.637,.272,56.50,502.0,32.0,37.0,299.0,267.0,70.0,14.0,1.0,4.0,19.0,0.0,50.0,1.0,1.0,11.0,98.0,32.0,5.0,.262,.313,.367,.680,.308,66.75,1104.0,68.0,91.0,2025
668804,Bryan Reynolds,134,Pittsburgh Pirates,,LF,2026,320.0,264.0,74.0,16.0,2.0,10.0,49.0,2.0,67.0,5.0,2.0,0.0,124.0,45.0,4.0,.280,.400,.470,.870,.339,26.40,1265.0,71.0,54.0,654.0,587.0,144.0,38.0,3.0,16.0,57.0,1.0,173.0,7.0,3.0,0.0,236.0,73.0,15.0,.245,.318,.402,.720,.319,36.69,2631.0,155.0,118.0,2025
543877,Christian Vázquez,117,Houston Astros,,C,2026,161.0,147.0,32.0,6.0,0.0,4.0,12.0,1.0,27.0,0.0,0.0,2.0,50.0,19.0,1.0,.218,.277,.340,.617,.241,36.75,630.0,44.0,46.0,214.0,190.0,36.0,7.0,0.0,3.0,18.0,0.0,35.0,4.0,2.0,0.0,52.0,14.0,3.0,.189,.271,.274,.545,.214,63.33,833.0,48.0,73.0,2025
547973,Aroldis Chapman,111,Boston Red Sox,,P,2026,0.0,0.0,0.0,0.0,0.0,0.0,0.0,0.0,0.0,0.0,0.0,0.0,0.0,0.0,0.0,.000,.000,.000,.000,.---,-.--,0.0,0.0,0.0,0.0,0.0,0.0,0.0,0.0,0.0,0.0,0.0,0.0,0.0,0.0,0.0,0.0,0.0,0.0,.000,.000,.000,.000,.---,-.--,0.0,0.0,0.0,2025
683146,Brett Baty,121,New York Mets,,3B,2026,245.0,217.0,49.0,9.0,1.0,3.0,22.0,0.0,69.0,3.0,2.0,0.0,69.0,26.0,2.0,.226,.303,.318,.621,.313,72.33,997.0,50.0,51.0,432.0,393.0,100.0,13.0,2.0,18.0,33.0,0.0,108.0,2.0,3.0,0.0,171.0,50.0,6.0,.254,.313,.435,.748,.304,21.83,1753.0,117.0,71.0,2025
656529,Sam Hentges,137,San Francisco Giants,,P,2026,0.0,0.0,0.0,0.0,0.0,0.0,0.0,0.0,0.0,0.0,0.0,0.0,0.0,0.0,0.0,.000,.000,.000,.000,.---,-.--,0.0,0.0,0.0,,,,,,,,,,,,,,,,,,,,,,,,,2025
656537,Derek Hill,143,Philadelphia Phillies,,RF,2026,99.0,89.0,19.0,1.0,0.0,4.0,7.0,0.0,34.0,1.0,0.0,2.0,32.0,8.0,1.0,.213,.278,.360,.638,.294,22.25,380.0,21.0,17.0,149.0,134.0,29.0,6.0,0.0,3.0,9.0,0.0,48.0,3.0,0.0,3.0,44.0,11.0,3.0,.216,.281,.328,.609,.313,44.67,579.0,32.0,28.0,2025
642201,Eli White,144,Atlanta Braves,,LF,2026,87.0,80.0,19.0,4.0,1.0,3.0,5.0,0.0,14.0,1.0,1.0,0.0,34.0,14.0,1.0,.238,.287,.425,.712,.250,26.67,335.0,32.0,16.0,271.0,256.0,60.0,8.0,3.0,10.0,11.0,1.0,70.0,2.0,1.0,1.0,104.0,35.0,2.0,.234,.270,.406,.676,.282,25.60,1001.0,61.0,67.0,2025
642207,Devin Williams,121,New York Mets,,P,2026,0.0,0.0,0.0,0.0,0.0,0.0,0.0,0.0,0.0,0.0,0.0,0.0,0.0,0.0,0.0,.000,.000,.000,.000,.---,-.--,0.0,0.0,0.0,,,,,,,,,,,,,,,,,,,,,,,,,2025
650402,Gleyber Torres,116,Detroit Tigers,,2B,2026,190.0,157.0,44.0,6.0,0.0,4.0,29.0,1.0,33.0,2.0,2.0,0.0,62.0,18.0,2.0,.280,.395,.395,.790,.328,39.25,814.0,45.0,37.0,628.0,532.0,136.0,22.0,0.0,16.0,85.0,0.0,101.0,4.0,7.0,0.0,206.0,74.0,11.0,.256,.358,.387,.745,.284,33.25,2652.0,130.0,172.0,2025
687263,Zach Neto,108,Los Angeles Angels,,SS,2026,326.0,282.0,63.0,14.0,2.0,14.0,36.0,1.0,104.0,7.0,1.0,0.0,123.0,33.0,2.0,.223,.325,.436,.761,.297,20.14,1285.0,44.0,72.0,554.0,502.0,129.0,29.0,1.0,26.0,33.0,6.0,149.0,14.0,3.0,2.0,238.0,62.0,5.0,.257,.319,.474,.793,.312,19.31,2171.0,96.0,133.0,2025
656550,Grant Holmes,144,Atlanta Braves,,P,2026,,,,,,,,,,,,,,,,,,,,,,,,,,,,,,,,,,,,,,,,,,,,,,,,,2025
656546,Jeff Hoffman,141,Toronto Blue Jays,,P,2026,,,,,,,,,,,,,,,,,,,,,,,,,0.0,0.0,0.0,0.0,0.0,0.0,0.0,0.0,0.0,0.0,0.0,0.0,0.0,0.0,0.0,.000,.000,.000,.000,.---,-.--,0.0,0.0,0.0,2025
687282,Gabriel Rincones Jr.,143,Philadelphia Phillies,,RF,2026,10.0,10.0,1.0,0.0,0.0,1.0,0.0,0.0,3.0,0.0,0.0,0.0,4.0,2.0,0.0,.100,.100,.400,.500,.000,10.00,42.0,4.0,2.0,,,,,,,,,,,,,,,,,,,,,,,,,2025
656555,Rhys Hoskins,114,Cleveland Guardians,,1B,2026,201.0,161.0,30.0,12.0,0.0,6.0,34.0,0.0,58.0,2.0,4.0,0.0,60.0,24.0,3.0,.186,.328,.373,.701,.238,26.83,854.0,28.0,49.0,328.0,279.0,66.0,12.0,1.0,12.0,38.0,2.0,91.0,5.0,6.0,0.0,116.0,43.0,6.0,.237,.332,.416,.748,.297,23.25,1429.0,41.0,87.0,2025
642232,Ryan Yarbrough,147,New York Yankees,,P,2026,,,,,,,,,,,,,,,,,,,,,,,,,,,,,,,,,,,,,,,,,,,,,,,,,2025
806068,Colt Emerson,136,Seattle Mariners,,3B,2026,87.0,79.0,19.0,5.0,1.0,6.0,6.0,0.0,24.0,2.0,0.0,0.0,44.0,14.0,1.0,.241,.310,.557,.867,.265,13.17,370.0,18.0,18.0,,,,,,,,,,,,,,,,,,,,,,,,,2025
666808,Camilo Doval,147,New York Yankees,,P,2026,,,,,,,,,,,,,,,,,,,,,,,,,,,,,,,,,,,,,,,,,,,,,,,,,2025
664761,Alec Bohm,143,Philadelphia Phillies,,3B,2026,275.0,251.0,56.0,9.0,0.0,9.0,18.0,0.0,39.0,2.0,4.0,0.0,92.0,38.0,6.0,.223,.276,.367,.643,.227,27.89,1009.0,87.0,73.0,504.0,464.0,133.0,18.0,3.0,11.0,29.0,0.0,82.0,5.0,6.0,0.0,190.0,59.0,16.0,.287,.331,.409,.740,.324,42.18,1801.0,140.0,115.0,2025
672960,Kazuma Okamoto,141,Toronto Blue Jays,,3B,2026,291.0,257.0,60.0,9.0,0.0,15.0,29.0,0.0,94.0,3.0,2.0,0.0,114.0,42.0,5.0,.233,.316,.444,.760,.300,17.13,1237.0,44.0,61.0,,,,,,,,,,,,,,,,,,,,,,,,,2025
693433,Bryan Woo,136,Seattle Mariners,,P,2026,,,,,,,,,,,,,,,,,,,,,,,,,,,,,,,,,,,,,,,,,,,,,,,,,2025
664770,Nathan Lukes,141,Toronto Blue Jays,,RF,2026,135.0,123.0,38.0,7.0,0.0,1.0,6.0,0.0,22.0,4.0,1.0,1.0,48.0,13.0,5.0,.309,.358,.390,.748,.366,123.00,545.0,37.0,28.0,438.0,388.0,99.0,19.0,2.0,12.0,38.0,2.0,60.0,2.0,3.0,7.0,158.0,65.0,12.0,.255,.323,.407,.730,.273,32.33,1662.0,125.0,114.0,2025
695490,Edwin Arroyo,113,Cincinnati Reds,,2B,2026,39.0,35.0,8.0,1.0,0.0,0.0,2.0,0.0,10.0,1.0,1.0,0.0,9.0,2.0,0.0,.229,.282,.257,.539,.308,-.--,155.0,7.0,11.0,,,,,,,,,,,,,,,,,,,,,,,,,2025
668873,Caleb Kilian,137,San Francisco Giants,,P,2026,,,,,,,,,,,,,,,,,,,,,,,,,,,,,,,,,,,,,,,,,,,,,,,,,2025
691406,Junior Caminero,139,Tampa Bay Rays,,3B,2026,307.0,264.0,72.0,12.0,0.0,15.0,42.0,3.0,53.0,0.0,1.0,0.0,129.0,32.0,12.0,.273,.371,.489,.860,.289,17.60,1198.0,87.0,53.0,653.0,602.0,159.0,28.0,0.0,45.0,41.0,1.0,125.0,3.0,7.0,0.0,322.0,110.0,31.0,.264,.311,.535,.846,.260,13.38,2494.0,169.0,156.0,2025
695505,Chase Burns,113,Cincinnati Reds,,P,2026,,,,,,,,,,,,,,,,,,,,,,,,,,,,,,,,,,,,,,,,,,,,,,,,,2025
660688,Keibert Ruiz,120,Washington Nationals,,C,2026,153.0,146.0,41.0,14.0,0.0,6.0,4.0,0.0,19.0,1.0,2.0,0.0,73.0,29.0,5.0,.281,.301,.500,.801,.285,24.33,501.0,38.0,50.0,267.0,255.0,63.0,12.0,0.0,2.0,8.0,0.0,26.0,3.0,1.0,0.0,81.0,25.0,4.0,.247,.277,.318,.595,.268,127.50,888.0,93.0,74.0,2025
695506,Jac Caglianone,118,Kansas City Royals,,RF,2026,253.0,227.0,61.0,12.0,1.0,8.0,22.0,0.0,76.0,4.0,0.0,0.0,99.0,20.0,3.0,.269,.344,.436,.780,.371,28.38,969.0,47.0,43.0,232.0,210.0,33.0,6.0,1.0,7.0,18.0,0.0,52.0,4.0,0.0,0.0,62.0,18.0,4.0,.157,.237,.295,.532,.172,30.00,858.0,67.0,58.0,2025
605400,Aaron Nola,143,Philadelphia Phillies,,P,2026,,,,,,,,,,,,,,,,,,,,,,,,,,,,,,,,,,,,,,,,,,,,,,,,,2025
656605,Mitch Keller,134,Pittsburgh Pirates,,P,2026,,,,,,,,,,,,,,,,,,,,,,,,,,,,,,,,,,,,,,,,,,,,,,,,,2025
687330,Kevin Kelly,139,Tampa Bay Rays,,P,2026,,,,,,,,,,,,,,,,,,,,,,,,,0.0,0.0,0.0,0.0,0.0,0.0,0.0,0.0,0.0,0.0,0.0,0.0,0.0,0.0,0.0,.000,.000,.000,.000,.---,-.--,0.0,0.0,0.0,2025
668901,Mark Vientos,121,New York Mets,,1B,2026,212.0,202.0,44.0,9.0,0.0,8.0,7.0,0.0,48.0,2.0,1.0,0.0,77.0,29.0,9.0,.218,.250,.381,.631,.245,25.25,745.0,52.0,59.0,463.0,424.0,99.0,21.0,2.0,17.0,30.0,0.0,115.0,5.0,4.0,0.0,175.0,61.0,11.0,.233,.289,.413,.702,.277,24.94,1764.0,113.0,101.0,2025
670950,Trevor Richards,145,Chicago White Sox,,P,2026,,,,,,,,,,,,,,,,,,,,,,,,,0.0,0.0,0.0,0.0,0.0,0.0,0.0,0.0,0.0,0.0,0.0,0.0,0.0,0.0,0.0,.000,.000,.000,.000,.---,-.--,0.0,0.0,0.0,2025
668909,Gavin Williams,114,Cleveland Guardians,,P,2026,,,,,,,,,,,,,,,,,,,,,,,,,,,,,,,,,,,,,,,,,,,,,,,,,2025
695534,Chase Petty,113,Cincinnati Reds,,P,2026,,,,,,,,,,,,,,,,,,,,,,,,,,,,,,,,,,,,,,,,,,,,,,,,,2025
701678,Hao-Yu  Lee,116,Detroit Tigers,,2B,2026,96.0,92.0,22.0,4.0,1.0,2.0,4.0,0.0,25.0,0.0,0.0,0.0,34.0,10.0,1.0,.239,.271,.370,.641,.308,46.00,337.0,17.0,28.0,,,,,,,,,,,,,,,,,,,,,,,,,2025
681198,TJ Rumfield,115,Colorado Rockies,,1B,2026,285.0,251.0,69.0,14.0,2.0,10.0,27.0,0.0,41.0,5.0,2.0,0.0,117.0,36.0,1.0,.275,.354,.466,.820,.292,25.10,1062.0,73.0,70.0,,,,,,,,,,,,,,,,,,,,,,,,,2025
650489,Willi Castro,115,Colorado Rockies,,2B,2026,243.0,216.0,61.0,12.0,0.0,5.0,23.0,0.0,60.0,3.0,1.0,0.0,88.0,31.0,2.0,.282,.358,.407,.765,.368,43.20,992.0,42.0,54.0,454.0,402.0,91.0,17.0,3.0,11.0,40.0,1.0,111.0,11.0,0.0,1.0,147.0,33.0,12.0,.226,.313,.366,.679,.286,36.54,1735.0,93.0,108.0,2025
650490,Yandy Díaz,139,Tampa Bay Rays,,DH,2026,295.0,259.0,81.0,11.0,1.0,12.0,27.0,3.0,38.0,7.0,2.0,0.0,130.0,46.0,9.0,.313,.390,.502,.892,.327,21.58,1067.0,80.0,62.0,651.0,583.0,175.0,29.0,1.0,25.0,57.0,4.0,92.0,6.0,5.0,0.0,281.0,83.0,12.0,.300,.366,.482,.848,.318,23.32,2525.0,193.0,128.0,2025
656638,Alex Lange,118,Kansas City Royals,,P,2026,0.0,0.0,0.0,0.0,0.0,0.0,0.0,0.0,0.0,0.0,0.0,0.0,0.0,0.0,0.0,.000,.000,.000,.000,.---,-.--,0.0,0.0,0.0,,,,,,,,,,,,,,,,,,,,,,,,,2025
681217,Chase Silseth,108,Los Angeles Angels,,P,2026,,,,,,,,,,,,,,,,,,,,,,,,,,,,,,,,,,,,,,,,,,,,,,,,,2025
668930,Brice Turang,158,Milwaukee Brewers,,2B,2026,300.0,248.0,66.0,14.0,2.0,11.0,48.0,3.0,73.0,0.0,2.0,2.0,117.0,43.0,6.0,.266,.383,.472,.855,.331,22.54,1273.0,67.0,46.0,659.0,584.0,168.0,28.0,2.0,18.0,66.0,1.0,150.0,2.0,5.0,2.0,254.0,81.0,3.0,.288,.359,.435,.794,.356,32.44,2772.0,132.0,141.0,2025
689414,Liam Hicks,146,Miami Marlins,,C,2026,277.0,239.0,67.0,7.0,1.0,13.0,28.0,1.0,25.0,5.0,5.0,0.0,115.0,51.0,2.0,.280,.361,.481,.842,.262,18.38,996.0,70.0,82.0,390.0,332.0,82.0,13.0,1.0,6.0,43.0,0.0,56.0,9.0,3.0,3.0,115.0,45.0,5.0,.247,.346,.346,.692,.278,55.33,1537.0,101.0,99.0,2025
668939,Adley Rutschman,110,Baltimore Orioles,,C,2026,220.0,193.0,51.0,15.0,1.0,8.0,23.0,0.0,31.0,1.0,3.0,0.0,92.0,40.0,5.0,.264,.341,.477,.818,.274,24.12,908.0,50.0,64.0,365.0,322.0,71.0,16.0,2.0,9.0,40.0,0.0,57.0,1.0,2.0,0.0,118.0,29.0,8.0,.220,.307,.366,.673,.240,35.78,1491.0,93.0,103.0,2025
670990,Yohan Ramírez,134,Pittsburgh Pirates,,P,2026,,,,,,,,,,,,,,,,,,,,,,,,,,,,,,,,,,,,,,,,,,,,,,,,,2025
664854,Ryan Helsley,110,Baltimore Orioles,,P,2026,,,,,,,,,,,,,,,,,,,,,,,,,0.0,0.0,0.0,0.0,0.0,0.0,0.0,0.0,0.0,0.0,0.0,0.0,0.0,0.0,0.0,.000,.000,.000,.000,.---,-.--,0.0,0.0,0.0,2025
687377,Orlando Ribalta,120,Washington Nationals,,P,2026,0.0,0.0,0.0,0.0,0.0,0.0,0.0,0.0,0.0,0.0,0.0,0.0,0.0,0.0,0.0,.000,.000,.000,.000,.---,-.--,0.0,0.0,0.0,,,,,,,,,,,,,,,,,,,,,,,,,2025
660761,José Suarez,133,Athletics,,P,2026,,,,,,,,,,,,,,,,,,,,,,,,,,,,,,,,,,,,,,,,,,,,,,,,,2025
695578,James Wood,120,Washington Nationals,,RF,2026,345.0,281.0,79.0,17.0,0.0,20.0,59.0,7.0,100.0,4.0,1.0,0.0,156.0,48.0,1.0,.281,.412,.555,.967,.364,14.05,1460.0,51.0,52.0,689.0,598.0,153.0,38.0,0.0,31.0,85.0,8.0,221.0,3.0,3.0,0.0,284.0,94.0,12.0,.256,.350,.475,.825,.350,19.29,2887.0,143.0,84.0,2025
687396,Brent Headrick,147,New York Yankees,,P,2026,,,,,,,,,,,,,,,,,,,,,,,,,,,,,,,,,,,,,,,,,,,,,,,,,2025
668964,Tobias Myers,121,New York Mets,,P,2026,,,,,,,,,,,,,,,,,,,,,,,,,,,,,,,,,,,,,,,,,,,,,,,,,2025
687401,Joey Ortiz,158,Milwaukee Brewers,,SS,2026,170.0,145.0,30.0,5.0,0.0,1.0,20.0,0.0,27.0,0.0,2.0,3.0,38.0,14.0,3.0,.207,.299,.262,.561,.244,145.00,659.0,50.0,43.0,506.0,470.0,108.0,18.0,1.0,7.0,27.0,0.0,74.0,3.0,0.0,6.0,149.0,45.0,10.0,.230,.276,.317,.593,.260,67.14,1873.0,132.0,162.0,2025
668970,Gavin Hollowell,112,Chicago Cubs,,P,2026,,,,,,,,,,,,,,,,,,,,,,,,,,,,,,,,,,,,,,,,,,,,,,,,,2025
642350,Jose Siri,108,Los Angeles Angels,,LF,2026,55.0,47.0,15.0,3.0,0.0,3.0,5.0,0.0,15.0,1.0,0.0,2.0,27.0,12.0,2.0,.319,.396,.574,.970,.414,15.67,206.0,8.0,11.0,36.0,32.0,2.0,2.0,0.0,0.0,4.0,0.0,17.0,0.0,0.0,0.0,4.0,1.0,0.0,.063,.167,.125,.292,.133,-.--,162.0,3.0,10.0,2025
695600,Carter Jensen,118,Kansas City Royals,,C,2026,250.0,222.0,49.0,13.0,0.0,8.0,22.0,1.0,72.0,1.0,5.0,0.0,86.0,36.0,3.0,.221,.288,.387,.675,.279,27.75,1020.0,35.0,71.0,69.0,60.0,18.0,6.0,0.0,3.0,9.0,0.0,12.0,0.0,0.0,0.0,33.0,13.0,1.0,.300,.391,.550,.941,.333,20.00,293.0,17.0,13.0,2025
806188,Cade Gibson,146,Miami Marlins,,P,2026,0.0,0.0,0.0,0.0,0.0,0.0,0.0,0.0,0.0,0.0,0.0,0.0,0.0,0.0,0.0,.000,.000,.000,.000,.---,-.--,0.0,0.0,0.0,,,,,,,,,,,,,,,,,,,,,,,,,2025
800048,Parker Messick,114,Cleveland Guardians,,P,2026,,,,,,,,,,,,,,,,,,,,,,,,,,,,,,,,,,,,,,,,,,,,,,,,,2025
800050,Chase DeLauter,114,Cleveland Guardians,,RF,2026,270.0,240.0,63.0,12.0,1.0,7.0,28.0,0.0,36.0,0.0,2.0,0.0,98.0,34.0,6.0,.263,.337,.408,.745,.281,34.29,1034.0,61.0,82.0,,,,,,,,,,,,,,,,,,,,,,,,,2025
605488,Jeffrey Springs,133,Athletics,,P,2026,,,,,,,,,,,,,,,,,,,,,,,,,,,,,,,,,,,,,,,,,,,,,,,,,2025
607536,Kyle Freeland,115,Colorado Rockies,,P,2026,0.0,0.0,0.0,0.0,0.0,0.0,0.0,0.0,0.0,0.0,0.0,0.0,0.0,0.0,0.0,.000,.000,.000,.000,.---,-.--,0.0,0.0,0.0,,,,,,,,,,,,,,,,,,,,,,,,,2025
806198,Cooper Pratt,158,Milwaukee Brewers,,SS,2026,3.0,3.0,0.0,0.0,0.0,0.0,0.0,0.0,0.0,0.0,0.0,0.0,0.0,0.0,0.0,.000,.000,.000,.000,.000,-.--,10.0,3.0,0.0,,,,,,,,,,,,,,,,,,,,,,,,,2025
695611,Gage Jump,133,Athletics,,P,2026,,,,,,,,,,,,,,,,,,,,,,,,,,,,,,,,,,,,,,,,,,,,,,,,,2025
668984,Casey Legumina,139,Tampa Bay Rays,,P,2026,,,,,,,,,,,,,,,,,,,,,,,,,0.0,0.0,0.0,0.0,0.0,0.0,0.0,0.0,0.0,0.0,0.0,0.0,0.0,0.0,0.0,.000,.000,.000,.000,.---,-.--,0.0,0.0,0.0,2025
650556,Bryan Abreu,117,Houston Astros,,P,2026,,,,,,,,,,,,,,,,,,,,,,,,,0.0,0.0,0.0,0.0,0.0,0.0,0.0,0.0,0.0,0.0,0.0,0.0,0.0,0.0,0.0,.000,.000,.000,.000,.---,-.--,0.0,0.0,0.0,2025
701762,Nick Kurtz,133,Athletics,,1B,2026,330.0,260.0,76.0,13.0,1.0,18.0,68.0,9.0,93.0,2.0,0.0,0.0,145.0,57.0,4.0,.292,.442,.558,1.000,.389,14.44,1407.0,45.0,46.0,489.0,420.0,122.0,26.0,2.0,36.0,63.0,3.0,151.0,2.0,3.0,0.0,260.0,86.0,4.0,.290,.383,.619,1.002,.364,11.67,1954.0,73.0,77.0,2025
669004,MJ Melendez,121,New York Mets,,DH,2026,127.0,106.0,21.0,5.0,1.0,4.0,14.0,0.0,43.0,5.0,1.0,1.0,40.0,11.0,0.0,.198,.317,.377,.694,.283,26.50,531.0,10.0,34.0,65.0,60.0,5.0,2.0,0.0,1.0,3.0,0.0,23.0,2.0,0.0,0.0,10.0,1.0,0.0,.083,.154,.167,.321,.111,60.00,255.0,11.0,21.0,2025
656716,Zach McKinstry,116,Detroit Tigers,,2B,2026,165.0,143.0,24.0,3.0,1.0,2.0,18.0,1.0,31.0,0.0,2.0,2.0,35.0,10.0,2.0,.168,.258,.245,.503,.196,71.50,647.0,44.0,48.0,511.0,452.0,117.0,23.0,11.0,12.0,46.0,1.0,111.0,7.0,5.0,1.0,198.0,49.0,6.0,.259,.333,.438,.771,.314,37.67,2035.0,116.0,114.0,2025
669003,Garrett Mitchell,158,Milwaukee Brewers,,CF,2026,222.0,190.0,49.0,14.0,2.0,5.0,28.0,1.0,77.0,2.0,1.0,1.0,82.0,34.0,2.0,.258,.357,.432,.789,.404,38.00,908.0,42.0,24.0,78.0,68.0,14.0,4.0,1.0,0.0,7.0,0.0,25.0,1.0,1.0,1.0,20.0,3.0,0.0,.206,.286,.294,.580,.318,-.--,303.0,17.0,14.0,2025
681293,Spencer Arrighetti,117,Houston Astros,,P,2026,,,,,,,,,,,,,,,,,,,,,,,,,,,,,,,,,,,,,,,,,,,,,,,,,2025
669016,Brandon Marsh,143,Philadelphia Phillies,,LF,2026,262.0,244.0,79.0,13.0,2.0,9.0,13.0,1.0,63.0,2.0,3.0,0.0,123.0,34.0,2.0,.324,.359,.504,.863,.400,27.11,951.0,46.0,59.0,425.0,379.0,106.0,25.0,2.0,11.0,38.0,1.0,110.0,0.0,4.0,3.0,168.0,43.0,2.0,.280,.342,.443,.785,.363,34.46,1657.0,82.0,88.0,2025
681297,Colton Cowser,110,Baltimore Orioles,,RF,2026,174.0,151.0,33.0,3.0,0.0,7.0,19.0,0.0,51.0,1.0,2.0,1.0,57.0,23.0,1.0,.219,.306,.377,.683,.274,21.57,746.0,30.0,40.0,360.0,327.0,64.0,14.0,0.0,16.0,27.0,1.0,128.0,6.0,0.0,0.0,126.0,40.0,5.0,.196,.269,.385,.654,.262,20.44,1486.0,71.0,64.0,2025
660821,Jesús Sánchez,141,Toronto Blue Jays,,RF,2026,212.0,195.0,56.0,13.0,0.0,7.0,9.0,1.0,45.0,4.0,4.0,0.0,90.0,29.0,4.0,.287,.325,.462,.787,.333,27.86,794.0,49.0,49.0,497.0,451.0,107.0,21.0,4.0,14.0,42.0,1.0,110.0,2.0,2.0,0.0,178.0,48.0,10.0,.237,.304,.395,.699,.283,32.21,1936.0,121.0,115.0,2025
660825,Eduard Bazardo,136,Seattle Mariners,,P,2026,,,,,,,,,,,,,,,,,,,,,,,,,,,,,,,,,,,,,,,,,,,,,,,,,2025
656730,Trevor Megill,158,Milwaukee Brewers,,P,2026,0.0,0.0,0.0,0.0,0.0,0.0,0.0,0.0,0.0,0.0,0.0,0.0,0.0,0.0,0.0,.000,.000,.000,.000,.---,-.--,0.0,0.0,0.0,,,,,,,,,,,,,,,,,,,,,,,,,2025
669020,Ryan Rolison,112,Chicago Cubs,,P,2026,0.0,0.0,0.0,0.0,0.0,0.0,0.0,0.0,0.0,0.0,0.0,0.0,0.0,0.0,0.0,.000,.000,.000,.000,.---,-.--,0.0,0.0,0.0,,,,,,,,,,,,,,,,,,,,,,,,,2025
666971,Lourdes Gurriel Jr.,109,Arizona Diamondbacks,,LF,2026,110.0,100.0,22.0,4.0,0.0,1.0,8.0,0.0,20.0,0.0,2.0,0.0,29.0,12.0,0.0,.220,.273,.290,.563,.259,100.00,401.0,26.0,34.0,546.0,500.0,124.0,24.0,2.0,19.0,31.0,0.0,76.0,6.0,9.0,0.0,209.0,80.0,11.0,.248,.295,.418,.713,.254,26.32,1994.0,121.0,188.0,2025
683357,Owen Caissie,146,Miami Marlins,,RF,2026,193.0,172.0,36.0,10.0,0.0,6.0,14.0,0.0,79.0,2.0,5.0,0.0,64.0,35.0,2.0,.209,.269,.372,.641,.326,28.67,814.0,25.0,37.0,27.0,26.0,5.0,1.0,0.0,1.0,1.0,0.0,11.0,0.0,0.0,0.0,9.0,4.0,0.0,.192,.222,.346,.568,.286,26.00,103.0,4.0,6.0,2025
642397,Gregory Soto,134,Pittsburgh Pirates,,P,2026,,,,,,,,,,,,,,,,,,,,,,,,,,,,,,,,,,,,,,,,,,,,,,,,,2025
666974,Yennier Cano,110,Baltimore Orioles,,P,2026,,,,,,,,,,,,,,,,,,,,,,,,,0.0,0.0,0.0,0.0,0.0,0.0,0.0,0.0,0.0,0.0,0.0,0.0,0.0,0.0,0.0,.000,.000,.000,.000,.---,-.--,0.0,0.0,0.0,2025
687462,Spencer Horwitz,134,Pittsburgh Pirates,,1B,2026,269.0,224.0,62.0,9.0,1.0,9.0,37.0,0.0,37.0,4.0,4.0,0.0,100.0,31.0,8.0,.277,.383,.446,.829,.291,24.89,1093.0,58.0,71.0,411.0,364.0,99.0,26.0,0.0,11.0,44.0,1.0,73.0,2.0,1.0,0.0,158.0,51.0,7.0,.272,.353,.434,.787,.313,33.09,1698.0,85.0,108.0,2025
695657,Colson Montgomery,145,Chicago White Sox,,SS,2026,284.0,249.0,55.0,13.0,0.0,17.0,26.0,3.0,87.0,9.0,0.0,0.0,119.0,40.0,4.0,.221,.317,.478,.795,.262,14.65,1058.0,44.0,63.0,284.0,255.0,61.0,9.0,1.0,21.0,25.0,1.0,83.0,2.0,1.0,0.0,135.0,55.0,3.0,.239,.311,.529,.840,.263,12.14,1082.0,50.0,62.0,2025
701807,Carson Benge,121,New York Mets,,RF,2026,278.0,255.0,64.0,9.0,1.0,7.0,19.0,0.0,61.0,4.0,0.0,0.0,96.0,26.0,2.0,.251,.313,.376,.689,.305,36.43,1151.0,63.0,67.0,,,,,,,,,,,,,,,,,,,,,,,,,2025
671083,Buddy Kennedy,137,San Francisco Giants,,1B,2026,8.0,7.0,0.0,0.0,0.0,0.0,1.0,0.0,3.0,0.0,0.0,0.0,0.0,0.0,0.0,.000,.125,.000,.125,.000,-.--,45.0,0.0,4.0,32.0,29.0,2.0,1.0,0.0,0.0,2.0,0.0,8.0,1.0,0.0,0.0,3.0,1.0,0.0,.069,.156,.103,.259,.095,-.--,127.0,7.0,12.0,2025
660853,Enyel De Los Santos,117,Houston Astros,,P,2026,,,,,,,,,,,,,,,,,,,,,,,,,0.0,0.0,0.0,0.0,0.0,0.0,0.0,0.0,0.0,0.0,0.0,0.0,0.0,0.0,0.0,.000,.000,.000,.000,.---,-.--,0.0,0.0,0.0,2025
687473,Ryan Gusto,146,Miami Marlins,,P,2026,,,,,,,,,,,,,,,,,,,,,,,,,,,,,,,,,,,,,,,,,,,,,,,,,2025
671096,Andrew Abbott,113,Cincinnati Reds,,P,2026,,,,,,,,,,,,,,,,,,,,,,,,,,,,,,,,,,,,,,,,,,,,,,,,,2025
669062,Erik Miller,137,San Francisco Giants,,P,2026,,,,,,,,,,,,,,,,,,,,,,,,,,,,,,,,,,,,,,,,,,,,,,,,,2025
664954,Brett Sullivan,115,Colorado Rockies,,C,2026,110.0,101.0,22.0,6.0,0.0,4.0,5.0,0.0,22.0,1.0,2.0,1.0,40.0,13.0,3.0,.218,.257,.396,.653,.234,25.25,398.0,26.0,34.0,9.0,6.0,1.0,0.0,0.0,0.0,1.0,0.0,3.0,1.0,1.0,0.0,1.0,2.0,0.0,.167,.333,.167,.500,.250,-.--,36.0,0.0,3.0,2025
681347,Mike Burrows,117,Houston Astros,,P,2026,,,,,,,,,,,,,,,,,,,,,,,,,,,,,,,,,,,,,,,,,,,,,,,,,2025
656775,Cedric Mullins,139,Tampa Bay Rays,,CF,2026,241.0,207.0,41.0,4.0,1.0,6.0,22.0,0.0,44.0,5.0,1.0,4.0,65.0,21.0,2.0,.198,.289,.314,.603,.222,34.50,948.0,29.0,98.0,498.0,435.0,94.0,23.0,1.0,17.0,50.0,0.0,120.0,4.0,6.0,3.0,170.0,59.0,2.0,.216,.299,.391,.690,.253,25.59,2112.0,79.0,151.0,2025
691594,Javier Sanoja,146,Miami Marlins,,3B,2026,173.0,161.0,40.0,11.0,0.0,2.0,11.0,0.0,20.0,0.0,0.0,1.0,57.0,24.0,2.0,.248,.297,.354,.651,.273,80.50,586.0,51.0,51.0,342.0,313.0,76.0,22.0,4.0,6.0,19.0,0.0,41.0,2.0,4.0,4.0,124.0,38.0,2.0,.243,.287,.396,.683,.259,52.17,1218.0,97.0,107.0,2025
669065,Kyle Stowers,146,Miami Marlins,,LF,2026,210.0,185.0,39.0,11.0,1.0,5.0,19.0,1.0,64.0,4.0,1.0,1.0,67.0,22.0,6.0,.211,.297,.362,.659,.291,37.00,797.0,40.0,44.0,457.0,399.0,115.0,21.0,3.0,25.0,48.0,3.0,125.0,5.0,4.0,1.0,217.0,73.0,6.0,.288,.368,.544,.912,.356,15.96,1712.0,79.0,85.0,2025
681351,Logan O'Hoppe,108,Los Angeles Angels,,C,2026,171.0,153.0,36.0,8.0,0.0,3.0,13.0,0.0,40.0,3.0,1.0,1.0,53.0,17.0,3.0,.235,.306,.346,.652,.297,51.00,643.0,29.0,50.0,451.0,423.0,90.0,8.0,1.0,19.0,24.0,0.0,139.0,2.0,1.0,1.0,157.0,43.0,12.0,.213,.258,.371,.629,.267,22.26,1758.0,89.0,107.0,2025
689546,Nick Davila,136,Seattle Mariners,,P,2026,,,,,,,,,,,,,,,,,,,,,,,,,,,,,,,,,,,,,,,,,,,,,,,,,2025
693645,Cam Schlittler,147,New York Yankees,,P,2026,,,,,,,,,,,,,,,,,,,,,,,,,,,,,,,,,,,,,,,,,,,,,,,,,2025
595345,Steven Okert,117,Houston Astros,,P,2026,,,,,,,,,,,,,,,,,,,,,,,,,,,,,,,,,,,,,,,,,,,,,,,,,2025
650644,Aaron Civale,133,Athletics,,P,2026,,,,,,,,,,,,,,,,,,,,,,,,,,,,,,,,,,,,,,,,,,,,,,,,,2025
656794,Sean Newcomb,145,Chicago White Sox,,P,2026,,,,,,,,,,,,,,,,,,,,,,,,,,,,,,,,,,,,,,,,,,,,,,,,,2025
544150,Albert Suárez,110,Baltimore Orioles,,P,2026,,,,,,,,,,,,,,,,,,,,,,,,,,,,,,,,,,,,,,,,,,,,,,,,,2025
687515,Colby Thomas,133,Athletics,,RF,2026,64.0,59.0,14.0,2.0,0.0,2.0,4.0,0.0,18.0,0.0,0.0,1.0,22.0,6.0,0.0,.237,.286,.373,.659,.308,29.50,250.0,9.0,19.0,132.0,120.0,27.0,5.0,0.0,6.0,7.0,0.0,49.0,1.0,3.0,1.0,50.0,19.0,3.0,.225,.267,.417,.684,.309,20.00,481.0,21.0,27.0,2025
664983,Jake McCarthy,115,Colorado Rockies,,CF,2026,202.0,183.0,53.0,11.0,3.0,4.0,12.0,0.0,40.0,1.0,3.0,3.0,82.0,27.0,3.0,.290,.332,.448,.780,.345,45.75,707.0,46.0,50.0,222.0,206.0,42.0,7.0,5.0,4.0,10.0,0.0,40.0,2.0,1.0,3.0,71.0,20.0,2.0,.204,.247,.345,.592,.233,51.50,846.0,83.0,45.0,2025
699823,Tyler Davis,145,Chicago White Sox,,P,2026,,,,,,,,,,,,,,,,,,,,,,,,,,,,,,,,,,,,,,,,,,,,,,,,,2025
664991,Grant Wolfram,110,Baltimore Orioles,,P,2026,,,,,,,,,,,,,,,,,,,,,,,,,,,,,,,,,,,,,,,,,,,,,,,,,2025
656811,Ryan O'Hearn,134,Pittsburgh Pirates,,RF,2026,240.0,216.0,61.0,7.0,0.0,10.0,20.0,1.0,54.0,2.0,2.0,0.0,98.0,35.0,11.0,.282,.346,.454,.800,.331,21.60,967.0,56.0,47.0,544.0,474.0,133.0,21.0,1.0,17.0,58.0,4.0,109.0,8.0,4.0,0.0,207.0,63.0,11.0,.281,.366,.437,.803,.330,27.88,2173.0,117.0,119.0,2025
669087,Sam Huff,110,Baltimore Orioles,,C,2026,18.0,18.0,4.0,2.0,0.0,0.0,0.0,0.0,8.0,0.0,0.0,0.0,6.0,1.0,0.0,.222,.222,.333,.555,.400,-.--,67.0,1.0,5.0,58.0,53.0,11.0,1.0,0.0,2.0,4.0,0.0,25.0,0.0,1.0,0.0,18.0,4.0,2.0,.208,.259,.340,.599,.333,26.50,232.0,12.0,6.0,2025
681393,Connor Norby,146,Miami Marlins,,1B,2026,221.0,188.0,39.0,12.0,0.0,4.0,24.0,0.0,65.0,8.0,1.0,0.0,63.0,16.0,4.0,.207,.321,.335,.656,.292,47.00,846.0,33.0,52.0,337.0,311.0,78.0,17.0,1.0,8.0,18.0,0.0,90.0,5.0,3.0,0.0,121.0,34.0,3.0,.251,.300,.389,.689,.324,38.88,1245.0,68.0,78.0,2025
695731,Braden Montgomery,145,Chicago White Sox,,RF,2026,24.0,23.0,5.0,2.0,0.0,1.0,1.0,0.0,6.0,0.0,0.0,0.0,10.0,4.0,0.0,.217,.250,.435,.685,.250,23.00,82.0,8.0,4.0,,,,,,,,,,,,,,,,,,,,,,,,,2025
693686,Spencer Miles,141,Toronto Blue Jays,,P,2026,,,,,,,,,,,,,,,,,,,,,,,,,,,,,,,,,,,,,,,,,,,,,,,,,2025
695734,Daylen Lile,120,Washington Nationals,,LF,2026,319.0,288.0,75.0,16.0,3.0,8.0,24.0,1.0,54.0,3.0,4.0,0.0,121.0,37.0,3.0,.260,.320,.420,.740,.291,36.00,1105.0,70.0,93.0,351.0,321.0,96.0,15.0,11.0,9.0,21.0,0.0,56.0,4.0,3.0,1.0,160.0,41.0,5.0,.299,.347,.498,.845,.336,35.67,1306.0,73.0,100.0,2025
681402,Gus Varland,120,Washington Nationals,,P,2026,0.0,0.0,0.0,0.0,0.0,0.0,0.0,0.0,0.0,0.0,0.0,0.0,0.0,0.0,0.0,.000,.000,.000,.000,.---,-.--,0.0,0.0,0.0,,,,,,,,,,,,,,,,,,,,,,,,,2025
640448,Kyle Finnegan,116,Detroit Tigers,,P,2026,,,,,,,,,,,,,,,,,,,,,,,,,,,,,,,,,,,,,,,,,,,,,,,,,2025
687551,Drew Gilbert,137,San Francisco Giants,,CF,2026,157.0,140.0,32.0,7.0,2.0,3.0,13.0,1.0,31.0,2.0,0.0,2.0,52.0,14.0,3.0,.229,.303,.371,.674,.274,46.67,579.0,42.0,37.0,109.0,100.0,19.0,5.0,1.0,3.0,7.0,0.0,20.0,1.0,1.0,0.0,35.0,13.0,2.0,.190,.248,.350,.598,.205,33.33,416.0,34.0,28.0,2025
554430,Zack Wheeler,143,Philadelphia Phillies,,P,2026,,,,,,,,,,,,,,,,,,,,,,,,,,,,,,,,,,,,,,,,,,,,,,,,,2025
656848,Michael Petersen,146,Miami Marlins,,P,2026,,,,,,,,,,,,,,,,,,,,,,,,,,,,,,,,,,,,,,,,,,,,,,,,,2025
687562,Jake Bennett,111,Boston Red Sox,,P,2026,,,,,,,,,,,,,,,,,,,,,,,,,,,,,,,,,,,,,,,,,,,,,,,,,2025
669127,Shea Langeliers,133,Athletics,,C,2026,304.0,276.0,77.0,15.0,0.0,18.0,23.0,1.0,58.0,4.0,1.0,0.0,146.0,36.0,4.0,.279,.342,.529,.871,.294,15.33,1089.0,48.0,94.0,523.0,481.0,133.0,32.0,0.0,31.0,36.0,1.0,103.0,1.0,5.0,0.0,258.0,72.0,10.0,.277,.325,.536,.861,.290,15.52,1924.0,107.0,143.0,2025
640455,Sean Manaea,121,New York Mets,,P,2026,,,,,,,,,,,,,,,,,,,,,,,,,,,,,,,,,,,,,,,,,,,,,,,,,2025
656849,David Peterson,121,New York Mets,,P,2026,,,,,,,,,,,,,,,,,,,,,,,,,,,,,,,,,,,,,,,,,,,,,,,,,2025
673237,Yainer Diaz,117,Houston Astros,,C,2026,110.0,104.0,25.0,5.0,0.0,2.0,4.0,0.0,16.0,0.0,2.0,0.0,36.0,14.0,3.0,.240,.264,.346,.610,.261,52.00,355.0,42.0,23.0,567.0,542.0,139.0,25.0,1.0,20.0,20.0,2.0,95.0,2.0,3.0,0.0,226.0,70.0,13.0,.256,.284,.417,.701,.277,27.10,1871.0,162.0,149.0,2025
697812,Joe Rock,145,Chicago White Sox,,P,2026,,,,,,,,,,,,,,,,,,,,,,,,,,,,,,,,,,,,,,,,,,,,,,,,,2025
521692,Salvador Perez,118,Kansas City Royals,,C,2026,286.0,265.0,53.0,6.0,0.0,9.0,12.0,1.0,56.0,5.0,4.0,0.0,86.0,26.0,8.0,.200,.245,.325,.570,.216,29.44,1071.0,66.0,94.0,641.0,597.0,141.0,35.0,0.0,30.0,28.0,5.0,125.0,12.0,1.0,0.0,266.0,100.0,14.0,.236,.284,.446,.730,.251,19.90,2267.0,145.0,187.0,2025
656876,Drew Rasmussen,139,Tampa Bay Rays,,P,2026,,,,,,,,,,,,,,,,,,,,,,,,,,,,,,,,,,,,,,,,,,,,,,,,,2025
669165,Kyle Hurt,119,Los Angeles Dodgers,,P,2026,,,,,,,,,,,,,,,,,,,,,,,,,,,,,,,,,,,,,,,,,,,,,,,,,2025
642528,Jonathan Loáisiga,109,Arizona Diamondbacks,,P,2026,0.0,0.0,0.0,0.0,0.0,0.0,0.0,0.0,0.0,0.0,0.0,0.0,0.0,0.0,0.0,.000,.000,.000,.000,.---,-.--,0.0,0.0,0.0,,,,,,,,,,,,,,,,,,,,,,,,,2025
642546,Jonathan Hernández,119,Los Angeles Dodgers,,P,2026,,,,,,,,,,,,,,,,,,,,,,,,,,,,,,,,,,,,,,,,,,,,,,,,,2025
687606,Paxton Schultz,120,Washington Nationals,,P,2026,0.0,0.0,0.0,0.0,0.0,0.0,0.0,0.0,0.0,0.0,0.0,0.0,0.0,0.0,0.0,.000,.000,.000,.000,.---,-.--,0.0,0.0,0.0,,,,,,,,,,,,,,,,,,,,,,,,,2025
624133,Ranger Suarez,111,Boston Red Sox,,P,2026,,,,,,,,,,,,,,,,,,,,,,,,,,,,,,,,,,,,,,,,,,,,,,,,,2025
691718,Pete Crow-Armstrong,112,Chicago Cubs,,CF,2026,314.0,279.0,77.0,12.0,4.0,14.0,24.0,1.0,79.0,8.0,2.0,1.0,139.0,36.0,2.0,.276,.348,.498,.846,.335,19.93,1189.0,48.0,78.0,647.0,591.0,146.0,37.0,4.0,31.0,29.0,1.0,155.0,9.0,12.0,6.0,284.0,95.0,1.0,.247,.287,.481,.768,.276,19.06,2312.0,116.0,192.0,2025
642547,Freddy Peralta,121,New York Mets,,P,2026,,,,,,,,,,,,,,,,,,,,,,,,,,,,,,,,,,,,,,,,,,,,,,,,,2025
622088,Tejay Antone,113,Cincinnati Reds,,P,2026,,,,,,,,,,,,,,,,,,,,,,,,,,,,,,,,,,,,,,,,,,,,,,,,,2025
669194,Ryne Nelson,109,Arizona Diamondbacks,,P,2026,,,,,,,,,,,,,,,,,,,,,,,,,1.0,1.0,1.0,0.0,0.0,0.0,0.0,0.0,0.0,0.0,0.0,0.0,1.0,1.0,0.0,1.000,1.000,1.000,2.000,1.000,-.--,4.0,0.0,0.0,2025
681481,Kerry Carpenter,116,Detroit Tigers,,RF,2026,160.0,139.0,32.0,3.0,2.0,9.0,14.0,0.0,52.0,4.0,3.0,0.0,66.0,26.0,1.0,.230,.313,.475,.788,.284,15.44,652.0,21.0,37.0,464.0,433.0,109.0,18.0,5.0,26.0,18.0,0.0,106.0,7.0,2.0,0.0,215.0,62.0,3.0,.252,.291,.497,.788,.274,16.65,1736.0,84.0,136.0,2025
691720,Kyle Karros,115,Colorado Rockies,,3B,2026,238.0,205.0,50.0,12.0,1.0,3.0,30.0,0.0,50.0,1.0,2.0,0.0,73.0,19.0,1.0,.244,.340,.356,.696,.305,68.33,1005.0,53.0,54.0,156.0,137.0,31.0,4.0,0.0,1.0,15.0,0.0,41.0,2.0,2.0,0.0,38.0,9.0,5.0,.226,.308,.277,.585,.309,137.00,635.0,33.0,34.0,2025
669211,Keegan Akin,110,Baltimore Orioles,,P,2026,,,,,,,,,,,,,,,,,,,,,,,,,0.0,0.0,0.0,0.0,0.0,0.0,0.0,0.0,0.0,0.0,0.0,0.0,0.0,0.0,0.0,.000,.000,.000,.000,.---,-.--,0.0,0.0,0.0,2025
669199,Lake Bachar,146,Miami Marlins,,P,2026,,,,,,,,,,,,,,,,,,,,,,,,,,,,,,,,,,,,,,,,,,,,,,,,,2025
691723,Coby Mayo,110,Baltimore Orioles,,3B,2026,197.0,180.0,35.0,7.0,0.0,9.0,14.0,0.0,64.0,2.0,1.0,0.0,69.0,26.0,3.0,.194,.259,.383,.642,.241,20.00,798.0,35.0,47.0,294.0,263.0,57.0,12.0,0.0,11.0,27.0,0.0,84.0,4.0,0.0,0.0,102.0,28.0,2.0,.217,.299,.388,.687,.274,23.91,1132.0,49.0,73.0,2025
691725,Andrew Painter,143,Philadelphia Phillies,,P,2026,,,,,,,,,,,,,,,,,,,,,,,,,,,,,,,,,,,,,,,,,,,,,,,,,2025
548384,Brooks Raley,121,New York Mets,,P,2026,,,,,,,,,,,,,,,,,,,,,,,,,,,,,,,,,,,,,,,,,,,,,,,,,2025
671277,Luis García Jr.,120,Washington Nationals,,1B,2026,236.0,227.0,60.0,12.0,3.0,9.0,8.0,0.0,36.0,0.0,1.0,0.0,105.0,45.0,5.0,.264,.288,.463,.751,.279,25.22,818.0,71.0,61.0,526.0,488.0,123.0,28.0,1.0,16.0,27.0,1.0,84.0,2.0,9.0,0.0,201.0,66.0,7.0,.252,.289,.412,.701,.270,30.50,1838.0,158.0,132.0,2025
691740,Daniel Susac,137,San Francisco Giants,,C,2026,98.0,87.0,26.0,5.0,1.0,0.0,6.0,0.0,21.0,2.0,1.0,2.0,33.0,13.0,3.0,.299,.354,.379,.733,.388,-.--,359.0,21.0,22.0,,,,,,,,,,,,,,,,,,,,,,,,,2025
681508,Mickey Gasper,111,Boston Red Sox,,C,2026,94.0,85.0,23.0,4.0,1.0,0.0,6.0,0.0,20.0,1.0,1.0,1.0,29.0,6.0,1.0,.271,.323,.341,.664,.348,-.--,355.0,18.0,26.0,110.0,95.0,15.0,1.0,0.0,2.0,10.0,0.0,20.0,3.0,1.0,1.0,22.0,11.0,1.0,.158,.257,.232,.489,.176,47.50,451.0,24.0,38.0,2025
656945,Tanner Scott,119,Los Angeles Dodgers,,P,2026,,,,,,,,,,,,,,,,,,,,,,,,,0.0,0.0,0.0,0.0,0.0,0.0,0.0,0.0,0.0,0.0,0.0,0.0,0.0,0.0,0.0,.000,.000,.000,.000,.---,-.--,0.0,0.0,0.0,2025
656941,Kyle Schwarber,143,Philadelphia Phillies,,DH,2026,315.0,265.0,66.0,9.0,1.0,25.0,46.0,3.0,107.0,4.0,0.0,0.0,152.0,43.0,1.0,.249,.368,.574,.942,.308,10.60,1343.0,34.0,58.0,724.0,604.0,145.0,23.0,2.0,56.0,108.0,6.0,197.0,11.0,1.0,0.0,340.0,132.0,4.0,.240,.365,.563,.928,.253,10.79,3059.0,114.0,149.0,2025
800311,Didier Fuentes,144,Atlanta Braves,,P,2026,0.0,0.0,0.0,0.0,0.0,0.0,0.0,0.0,0.0,0.0,0.0,0.0,0.0,0.0,0.0,.000,.000,.000,.000,.---,-.--,0.0,0.0,0.0,,,,,,,,,,,,,,,,,,,,,,,,,2025
669236,Jeremiah Jackson,110,Baltimore Orioles,,2B,2026,182.0,175.0,45.0,7.0,0.0,7.0,4.0,0.0,37.0,1.0,2.0,0.0,73.0,29.0,10.0,.257,.275,.417,.692,.286,25.00,611.0,55.0,40.0,183.0,170.0,47.0,10.0,2.0,5.0,11.0,0.0,50.0,2.0,0.0,0.0,76.0,21.0,6.0,.276,.328,.447,.775,.365,34.00,706.0,39.0,34.0,2025
693821,Bryce Elder,144,Atlanta Braves,,P,2026,,,,,,,,,,,,,,,,,,,,,,,,,,,,,,,,,,,,,,,,,,,,,,,,,2025
669242,Tommy Edman,119,Los Angeles Dodgers,,2B,2026,,,,,,,,,,,,,,,,,,,,,,,,,377.0,346.0,78.0,13.0,1.0,13.0,19.0,0.0,61.0,6.0,5.0,1.0,132.0,49.0,4.0,.225,.274,.382,.656,.235,26.62,1338.0,110.0,103.0,2025
671289,Tyler Freeman,115,Colorado Rockies,,RF,2026,176.0,153.0,41.0,5.0,1.0,3.0,9.0,0.0,22.0,10.0,0.0,4.0,57.0,20.0,8.0,.268,.349,.373,.722,.297,51.00,626.0,55.0,39.0,428.0,377.0,106.0,20.0,2.0,2.0,34.0,0.0,51.0,11.0,4.0,2.0,136.0,31.0,10.0,.281,.354,.361,.715,.317,188.50,1646.0,133.0,93.0,2025
691777,Max Muncy,133,Athletics,,3B,2026,125.0,111.0,26.0,6.0,2.0,3.0,7.0,0.0,40.0,4.0,3.0,0.0,45.0,14.0,3.0,.234,.296,.405,.701,.324,37.00,479.0,22.0,26.0,220.0,206.0,44.0,7.0,0.0,9.0,10.0,0.0,68.0,3.0,1.0,0.0,78.0,23.0,1.0,.214,.259,.379,.638,.269,22.89,824.0,51.0,44.0,2025
702021,Will Dion,114,Cleveland Guardians,,P,2026,,,,,,,,,,,,,,,,,,,,,,,,,,,,,,,,,,,,,,,,,,,,,,,,,2025
691783,Jordan Lawlar,109,Arizona Diamondbacks,,LF,2026,36.0,30.0,8.0,1.0,0.0,1.0,3.0,0.0,9.0,3.0,0.0,0.0,12.0,4.0,0.0,.267,.389,.400,.789,.350,30.00,153.0,5.0,8.0,74.0,66.0,12.0,7.0,0.0,0.0,6.0,0.0,26.0,1.0,1.0,0.0,19.0,5.0,0.0,.182,.257,.288,.545,.293,-.--,285.0,13.0,16.0,2025
681546,James Outman,116,Detroit Tigers,,CF,2026,80.0,73.0,11.0,4.0,1.0,1.0,6.0,0.0,35.0,1.0,0.0,0.0,20.0,4.0,0.0,.151,.225,.274,.499,.270,73.00,340.0,13.0,14.0,148.0,134.0,18.0,5.0,1.0,6.0,12.0,0.0,63.0,2.0,0.0,0.0,43.0,11.0,0.0,.134,.216,.321,.537,.185,22.33,605.0,24.0,29.0,2025
665161,Jeremy Peña,117,Houston Astros,,SS,2026,159.0,143.0,39.0,8.0,0.0,3.0,12.0,0.0,23.0,3.0,1.0,0.0,56.0,13.0,1.0,.273,.340,.392,.732,.305,47.67,604.0,38.0,44.0,543.0,493.0,150.0,30.0,2.0,17.0,35.0,2.0,93.0,12.0,2.0,1.0,235.0,62.0,9.0,.304,.363,.477,.840,.345,29.00,1779.0,137.0,116.0,2025
691785,Marcelo Mayer,111,Boston Red Sox,,2B,2026,204.0,182.0,40.0,7.0,0.0,3.0,15.0,0.0,37.0,3.0,3.0,0.0,56.0,18.0,4.0,.220,.286,.308,.594,.255,60.67,735.0,58.0,50.0,136.0,127.0,29.0,8.0,1.0,4.0,8.0,0.0,41.0,0.0,1.0,0.0,51.0,10.0,2.0,.228,.272,.402,.674,.301,31.75,510.0,36.0,22.0,2025
669270,Joel Kuhnel,158,Milwaukee Brewers,,P,2026,,,,,,,,,,,,,,,,,,,,,,,,,,,,,,,,,,,,,,,,,,,,,,,,,2025
691788,Joe Mack,146,Miami Marlins,,C,2026,107.0,97.0,24.0,5.0,0.0,2.0,8.0,0.0,30.0,0.0,0.0,2.0,35.0,14.0,2.0,.247,.305,.361,.666,.338,48.50,453.0,27.0,18.0,,,,,,,,,,,,,,,,,,,,,,,,,2025
656976,Pavin Smith,109,Arizona Diamondbacks,,DH,2026,41.0,33.0,5.0,0.0,0.0,1.0,7.0,0.0,10.0,0.0,1.0,0.0,8.0,4.0,0.0,.152,.293,.242,.535,.174,33.00,171.0,8.0,11.0,288.0,244.0,63.0,17.0,1.0,8.0,41.0,1.0,92.0,0.0,2.0,0.0,106.0,28.0,7.0,.258,.362,.434,.796,.377,30.50,1255.0,45.0,46.0,2025
691799,Grant Taylor,145,Chicago White Sox,,P,2026,,,,,,,,,,,,,,,,,,,,,,,,,,,,,,,,,,,,,,,,,,,,,,,,,2025
669276,Dylan Lee,144,Atlanta Braves,,P,2026,,,,,,,,,,,,,,,,,,,,,,,,,,,,,,,,,,,,,,,,,,,,,,,,,2025
693855,Ian Seymour,139,Tampa Bay Rays,,P,2026,,,,,,,,,,,,,,,,,,,,,,,,,,,,,,,,,,,,,,,,,,,,,,,,,2025
542303,Marcell Ozuna,134,Pittsburgh Pirates,,DH,2026,208.0,187.0,36.0,5.0,0.0,5.0,19.0,1.0,60.0,2.0,0.0,0.0,56.0,23.0,4.0,.193,.274,.299,.573,.254,37.40,906.0,33.0,58.0,592.0,487.0,113.0,19.0,0.0,21.0,94.0,2.0,144.0,3.0,7.0,0.0,195.0,68.0,11.0,.232,.355,.400,.755,.280,23.19,2635.0,115.0,122.0,2025
702056,Trey Yesavage,141,Toronto Blue Jays,,P,2026,,,,,,,,,,,,,,,,,,,,,,,,,,,,,,,,,,,,,,,,,,,,,,,,,2025
683618,Edgardo Henriquez,119,Los Angeles Dodgers,,P,2026,,,,,,,,,,,,,,,,,,,,,,,,,,,,,,,,,,,,,,,,,,,,,,,,,2025
683627,Anthony Molina,144,Atlanta Braves,,P,2026,,,,,,,,,,,,,,,,,,,,,,,,,,,,,,,,,,,,,,,,,,,,,,,,,2025
679529,Spencer Torkelson,116,Detroit Tigers,,1B,2026,279.0,241.0,50.0,14.0,0.0,12.0,32.0,0.0,94.0,4.0,2.0,0.0,100.0,29.0,5.0,.207,.308,.415,.723,.277,20.08,1215.0,35.0,64.0,649.0,563.0,135.0,27.0,1.0,31.0,72.0,6.0,169.0,9.0,5.0,0.0,257.0,78.0,12.0,.240,.333,.456,.789,.283,18.16,2634.0,88.0,176.0,2025
837227,Tatsuya Imai,117,Houston Astros,,P,2026,,,,,,,,,,,,,,,,,,,,,,,,,,,,,,,,,,,,,,,,,,,,,,,,,2025
663158,Robert Suarez,144,Atlanta Braves,,P,2026,0.0,0.0,0.0,0.0,0.0,0.0,0.0,0.0,0.0,0.0,0.0,0.0,0.0,0.0,0.0,.000,.000,.000,.000,.---,-.--,0.0,0.0,0.0,,,,,,,,,,,,,,,,,,,,,,,,,2025
802415,Chandler Simpson,139,Tampa Bay Rays,,LF,2026,270.0,251.0,66.0,4.0,4.0,0.0,14.0,0.0,30.0,0.0,2.0,3.0,78.0,14.0,2.0,.263,.300,.311,.611,.296,-.--,890.0,97.0,63.0,441.0,414.0,122.0,15.0,3.0,0.0,20.0,0.0,43.0,0.0,2.0,3.0,143.0,26.0,10.0,.295,.326,.345,.671,.327,-.--,1517.0,176.0,78.0,2025
702070,Noah Cameron,118,Kansas City Royals,,P,2026,,,,,,,,,,,,,,,,,,,,,,,,,,,,,,,,,,,,,,,,,,,,,,,,,2025
669302,Logan Gilbert,136,Seattle Mariners,,P,2026,,,,,,,,,,,,,,,,,,,,,,,,,,,,,,,,,,,,,,,,,,,,,,,,,2025
820862,José Fermin,108,Los Angeles Angels,,P,2026,,,,,,,,,,,,,,,,,,,,,,,,,,,,,,,,,,,,,,,,,,,,,,,,,2025
657041,Lane Thomas,118,Kansas City Royals,,CF,2026,174.0,142.0,32.0,4.0,0.0,4.0,28.0,0.0,37.0,2.0,2.0,0.0,48.0,17.0,2.0,.225,.356,.338,.694,.272,35.50,732.0,22.0,53.0,142.0,125.0,20.0,2.0,0.0,4.0,14.0,0.0,44.0,1.0,2.0,0.0,34.0,11.0,4.0,.160,.246,.272,.518,.203,31.25,556.0,22.0,41.0,2025
642701,Dennis Santana,134,Pittsburgh Pirates,,P,2026,,,,,,,,,,,,,,,,,,,,,,,,,,,,,,,,,,,,,,,,,,,,,,,,,2025
657044,Ryan Thompson,109,Arizona Diamondbacks,,P,2026,,,,,,,,,,,,,,,,,,,,,,,,,0.0,0.0,0.0,0.0,0.0,0.0,0.0,0.0,0.0,0.0,0.0,0.0,0.0,0.0,0.0,.000,.000,.000,.000,.---,-.--,0.0,0.0,0.0,2025
681624,Andy Pages,119,Los Angeles Dodgers,,CF,2026,309.0,283.0,76.0,15.0,1.0,15.0,19.0,0.0,61.0,2.0,5.0,0.0,138.0,56.0,7.0,.269,.314,.488,.802,.288,18.87,1232.0,65.0,86.0,624.0,581.0,158.0,27.0,1.0,27.0,29.0,0.0,135.0,8.0,6.0,0.0,268.0,86.0,9.0,.272,.313,.461,.774,.308,21.52,2365.0,117.0,177.0,2025
669330,Tyler Wells,110,Baltimore Orioles,,P,2026,,,,,,,,,,,,,,,,,,,,,,,,,,,,,,,,,,,,,,,,,,,,,,,,,2025
642708,Amed Rosario,147,New York Yankees,,3B,2026,113.0,103.0,26.0,3.0,1.0,6.0,7.0,0.0,24.0,0.0,3.0,0.0,49.0,20.0,1.0,.252,.292,.476,.768,.263,17.17,398.0,27.0,29.0,191.0,181.0,50.0,11.0,0.0,6.0,7.0,0.0,31.0,2.0,1.0,0.0,79.0,23.0,6.0,.276,.309,.436,.745,.303,30.17,646.0,53.0,48.0,2025
669358,Shane Baz,110,Baltimore Orioles,,P,2026,,,,,,,,,,,,,,,,,,,,,,,,,,,,,,,,,,,,,,,,,,,,,,,,,2025
650911,Cristopher Sánchez,143,Philadelphia Phillies,,P,2026,,,,,,,,,,,,,,,,,,,,,,,,,,,,,,,,,,,,,,,,,,,,,,,,,2025
642715,Willy Adames,137,San Francisco Giants,,SS,2026,299.0,280.0,64.0,18.0,1.0,11.0,17.0,0.0,82.0,1.0,1.0,0.0,117.0,29.0,1.0,.229,.274,.418,.692,.282,25.46,1150.0,49.0,86.0,686.0,591.0,133.0,22.0,2.0,30.0,80.0,2.0,179.0,5.0,9.0,0.0,249.0,87.0,9.0,.225,.318,.421,.739,.263,19.70,2797.0,105.0,183.0,2025
667297,Tommy Nance,141,Toronto Blue Jays,,P,2026,,,,,,,,,,,,,,,,,,,,,,,,,,,,,,,,,,,,,,,,,,,,,,,,,2025
675512,Troy Melton,116,Detroit Tigers,,P,2026,,,,,,,,,,,,,,,,,,,,,,,,,,,,,,,,,,,,,,,,,,,,,,,,,2025
622268,Donovan Walton,108,Los Angeles Angels,,3B,2026,66.0,62.0,20.0,5.0,0.0,2.0,3.0,0.0,11.0,0.0,0.0,1.0,31.0,7.0,0.0,.323,.354,.500,.854,.367,31.00,253.0,15.0,17.0,9.0,8.0,1.0,0.0,0.0,0.0,0.0,0.0,1.0,0.0,0.0,1.0,1.0,1.0,0.0,.125,.125,.125,.250,.143,-.--,27.0,6.0,1.0,2025
669364,Xavier Edwards,146,Miami Marlins,,2B,2026,313.0,270.0,79.0,11.0,4.0,6.0,39.0,3.0,40.0,0.0,3.0,1.0,116.0,25.0,7.0,.293,.378,.430,.808,.322,45.00,1214.0,78.0,77.0,619.0,561.0,159.0,20.0,5.0,3.0,49.0,2.0,88.0,3.0,3.0,3.0,198.0,43.0,6.0,.283,.343,.353,.696,.330,187.00,2250.0,164.0,156.0,2025
669373,Tarik Skubal,116,Detroit Tigers,,P,2026,,,,,,,,,,,,,,,,,,,,,,,,,,,,,,,,,,,,,,,,,,,,,,,,,2025
669372,J.T. Ginn,133,Athletics,,P,2026,0.0,0.0,0.0,0.0,0.0,0.0,0.0,0.0,0.0,0.0,0.0,0.0,0.0,0.0,0.0,.000,.000,.000,.000,.---,-.--,0.0,0.0,0.0,,,,,,,,,,,,,,,,,,,,,,,,,2025
669384,Raynel Delgado,117,Houston Astros,,2B,2026,7.0,7.0,3.0,0.0,0.0,0.0,0.0,0.0,1.0,0.0,0.0,0.0,3.0,2.0,0.0,.429,.429,.429,.858,.500,-.--,17.0,3.0,0.0,,,,,,,,,,,,,,,,,,,,,,,,,2025
657097,Jacob Webb,112,Chicago Cubs,,P,2026,,,,,,,,,,,,,,,,,,,,,,,,,,,,,,,,,,,,,,,,,,,,,,,,,2025
552640,Andrew Kittredge,110,Baltimore Orioles,,P,2026,,,,,,,,,,,,,,,,,,,,,,,,,0.0,0.0,0.0,0.0,0.0,0.0,0.0,0.0,0.0,0.0,0.0,0.0,0.0,0.0,0.0,.000,.000,.000,.000,.---,-.--,0.0,0.0,0.0,2025
669387,Carmen Mlodzinski,134,Pittsburgh Pirates,,P,2026,,,,,,,,,,,,,,,,,,,,,,,,,,,,,,,,,,,,,,,,,,,,,,,,,2025
673490,Ha-Seong Kim,144,Atlanta Braves,,SS,2026,62.0,56.0,5.0,0.0,0.0,0.0,6.0,0.0,14.0,0.0,0.0,0.0,5.0,3.0,1.0,.089,.177,.089,.266,.119,-.--,256.0,20.0,17.0,191.0,171.0,40.0,4.0,0.0,5.0,16.0,0.0,39.0,2.0,2.0,0.0,59.0,17.0,2.0,.234,.304,.345,.649,.271,34.20,790.0,37.0,57.0,2025
677588,José Tena,120,Washington Nationals,,DH,2026,139.0,129.0,28.0,7.0,1.0,3.0,9.0,0.0,44.0,1.0,0.0,0.0,46.0,14.0,5.0,.217,.273,.357,.630,.305,43.00,563.0,33.0,24.0,169.0,152.0,37.0,13.0,2.0,0.0,15.0,0.0,37.0,1.0,1.0,0.0,54.0,16.0,4.0,.243,.314,.355,.669,.319,-.--,678.0,54.0,25.0,2025
677587,Brayan Rocchio,114,Cleveland Guardians,,SS,2026,261.0,227.0,61.0,9.0,2.0,5.0,22.0,0.0,34.0,7.0,3.0,2.0,89.0,32.0,4.0,.269,.347,.392,.739,.293,45.40,1030.0,67.0,70.0,383.0,344.0,80.0,18.0,2.0,5.0,22.0,0.0,77.0,8.0,5.0,4.0,117.0,44.0,4.0,.233,.290,.340,.630,.281,68.80,1411.0,100.0,96.0,2025
683734,Andrew Vaughn,158,Milwaukee Brewers,,1B,2026,111.0,98.0,34.0,9.0,1.0,2.0,11.0,0.0,12.0,2.0,0.0,0.0,51.0,18.0,2.0,.347,.423,.520,.943,.381,49.00,415.0,27.0,25.0,447.0,406.0,103.0,22.0,0.0,14.0,31.0,0.0,80.0,3.0,6.0,1.0,167.0,65.0,12.0,.254,.307,.411,.718,.280,29.00,1722.0,110.0,120.0,2025
677592,Everson Pereira,145,Chicago White Sox,,RF,2026,74.0,67.0,16.0,4.0,0.0,3.0,4.0,0.0,22.0,2.0,1.0,0.0,29.0,7.0,2.0,.239,.297,.433,.730,.302,22.33,251.0,17.0,13.0,73.0,65.0,9.0,1.0,0.0,2.0,7.0,0.0,28.0,0.0,1.0,0.0,16.0,8.0,2.0,.138,.219,.246,.465,.194,32.50,307.0,14.0,15.0,2025
683737,Michael Busch,112,Chicago Cubs,,1B,2026,322.0,262.0,65.0,13.0,2.0,8.0,50.0,1.0,74.0,7.0,3.0,0.0,106.0,42.0,3.0,.248,.379,.405,.784,.311,32.75,1302.0,56.0,70.0,592.0,524.0,137.0,25.0,5.0,34.0,56.0,2.0,139.0,10.0,2.0,0.0,274.0,90.0,2.0,.261,.343,.523,.866,.292,15.41,2324.0,111.0,139.0,2025
677594,Julio Rodríguez,136,Seattle Mariners,,CF,2026,326.0,298.0,74.0,14.0,0.0,13.0,25.0,1.0,66.0,2.0,1.0,0.0,127.0,35.0,6.0,.248,.310,.426,.736,.277,22.92,1236.0,69.0,90.0,710.0,652.0,174.0,31.0,4.0,32.0,44.0,5.0,152.0,12.0,2.0,0.0,309.0,95.0,15.0,.267,.324,.474,.798,.302,20.38,2496.0,174.0,154.0,2025
691951,Sam Aldegheri,108,Los Angeles Angels,,P,2026,,,,,,,,,,,,,,,,,,,,,,,,,,,,,,,,,,,,,,,,,,,,,,,,,2025
628452,Raisel Iglesias,144,Atlanta Braves,,P,2026,0.0,0.0,0.0,0.0,0.0,0.0,0.0,0.0,0.0,0.0,0.0,0.0,0.0,0.0,0.0,.000,.000,.000,.000,.---,-.--,0.0,0.0,0.0,,,,,,,,,,,,,,,,,,,,,,,,,2025
683748,Victor Mesa Jr.,139,Tampa Bay Rays,,RF,2026,48.0,40.0,8.0,0.0,0.0,2.0,7.0,0.0,12.0,0.0,0.0,1.0,14.0,5.0,1.0,.200,.319,.350,.669,.231,20.00,185.0,10.0,11.0,38.0,32.0,6.0,2.0,0.0,1.0,5.0,0.0,5.0,0.0,0.0,1.0,11.0,6.0,0.0,.188,.297,.344,.641,.192,32.00,141.0,8.0,14.0,2025
657136,Connor Wong,111,Boston Red Sox,,C,2026,89.0,76.0,21.0,8.0,0.0,0.0,8.0,0.0,19.0,3.0,0.0,2.0,29.0,10.0,1.0,.276,.368,.382,.750,.368,-.--,325.0,21.0,17.0,188.0,168.0,32.0,8.0,0.0,0.0,16.0,0.0,42.0,1.0,2.0,1.0,40.0,7.0,7.0,.190,.262,.238,.500,.250,-.--,745.0,53.0,44.0,2025
683769,Hunter Gaddis,114,Cleveland Guardians,,P,2026,,,,,,,,,,,,,,,,,,,,,,,,,,,,,,,,,,,,,,,,,,,,,,,,,2025
687859,Troy Johnston,115,Colorado Rockies,,RF,2026,261.0,234.0,73.0,21.0,0.0,3.0,20.0,0.0,46.0,4.0,2.0,1.0,103.0,34.0,2.0,.312,.373,.440,.813,.374,78.00,935.0,55.0,63.0,121.0,112.0,31.0,2.0,1.0,4.0,8.0,0.0,26.0,1.0,0.0,0.0,47.0,13.0,1.0,.277,.331,.420,.751,.329,28.00,450.0,24.0,31.0,2025
669432,Trevor Rogers,110,Baltimore Orioles,,P,2026,,,,,,,,,,,,,,,,,,,,,,,,,2.0,2.0,0.0,0.0,0.0,0.0,0.0,0.0,2.0,0.0,0.0,0.0,0.0,0.0,0.0,.000,.000,.000,.000,.---,-.--,6.0,0.0,0.0,2025
681715,Heriberto Hernández,146,Miami Marlins,,LF,2026,154.0,139.0,32.0,1.0,1.0,6.0,13.0,0.0,39.0,1.0,1.0,0.0,53.0,26.0,0.0,.230,.299,.381,.680,.274,23.17,567.0,31.0,38.0,294.0,256.0,68.0,12.0,1.0,10.0,31.0,0.0,77.0,3.0,4.0,0.0,112.0,45.0,6.0,.266,.347,.438,.785,.335,25.60,1138.0,52.0,63.0,2025
673540,Kodai Senga,121,New York Mets,,P,2026,,,,,,,,,,,,,,,,,,,,,,,,,,,,,,,,,,,,,,,,,,,,,,,,,2025
573204,Caleb Thielbar,112,Chicago Cubs,,P,2026,0.0,0.0,0.0,0.0,0.0,0.0,0.0,0.0,0.0,0.0,0.0,0.0,0.0,0.0,0.0,.000,.000,.000,.000,.---,-.--,0.0,0.0,0.0,,,,,,,,,,,,,,,,,,,,,,,,,2025
673548,Seiya Suzuki,112,Chicago Cubs,,RF,2026,245.0,215.0,55.0,8.0,0.0,10.0,26.0,3.0,65.0,3.0,1.0,0.0,93.0,28.0,5.0,.256,.343,.433,.776,.319,21.50,1034.0,43.0,53.0,651.0,571.0,140.0,31.0,3.0,32.0,71.0,1.0,164.0,1.0,8.0,0.0,273.0,103.0,13.0,.245,.326,.478,.804,.282,17.84,2727.0,98.0,177.0,2025
702222,Justin Crawford,143,Philadelphia Phillies,,CF,2026,218.0,202.0,48.0,9.0,2.0,2.0,14.0,0.0,45.0,2.0,0.0,0.0,67.0,14.0,1.0,.238,.294,.332,.626,.297,101.00,825.0,68.0,41.0,,,,,,,,,,,,,,,,,,,,,,,,,2025
624413,Pete Alonso,110,Baltimore Orioles,,1B,2026,320.0,279.0,70.0,13.0,0.0,16.0,35.0,2.0,72.0,3.0,3.0,0.0,131.0,48.0,8.0,.251,.338,.470,.808,.278,17.44,1303.0,68.0,72.0,709.0,624.0,170.0,41.0,1.0,38.0,61.0,5.0,162.0,15.0,9.0,0.0,327.0,126.0,23.0,.272,.347,.524,.871,.305,16.42,2807.0,135.0,166.0,2025
669477,Casey Schmitt,137,San Francisco Giants,,LF,2026,273.0,257.0,71.0,13.0,1.0,15.0,7.0,0.0,55.0,6.0,3.0,0.0,131.0,38.0,5.0,.276,.308,.510,.818,.295,17.13,980.0,49.0,85.0,348.0,312.0,74.0,15.0,0.0,12.0,27.0,1.0,83.0,5.0,3.0,1.0,125.0,40.0,6.0,.237,.305,.401,.706,.282,26.00,1330.0,58.0,101.0,2025
696100,Hunter Goodman,115,Colorado Rockies,,C,2026,288.0,259.0,65.0,12.0,0.0,20.0,24.0,2.0,96.0,4.0,1.0,0.0,137.0,37.0,3.0,.251,.323,.529,.852,.313,12.95,1061.0,38.0,61.0,579.0,540.0,150.0,28.0,5.0,31.0,33.0,0.0,152.0,4.0,2.0,0.0,281.0,91.0,16.0,.278,.323,.520,.843,.331,17.42,2149.0,100.0,140.0,2025
663330,Jahmai Jones,116,Detroit Tigers,,DH,2026,94.0,85.0,11.0,2.0,0.0,2.0,9.0,0.0,29.0,0.0,0.0,0.0,19.0,7.0,3.0,.129,.213,.224,.437,.167,42.50,346.0,19.0,26.0,150.0,129.0,37.0,11.0,1.0,7.0,18.0,1.0,32.0,3.0,0.0,0.0,71.0,23.0,3.0,.287,.387,.550,.937,.333,18.43,595.0,21.0,39.0,2025
687911,Bryan King,117,Houston Astros,,P,2026,,,,,,,,,,,,,,,,,,,,,,,,,,,,,,,,,,,,,,,,,,,,,,,,,2025
696131,Mason Black,118,Kansas City Royals,,P,2026,,,,,,,,,,,,,,,,,,,,,,,,,,,,,,,,,,,,,,,,,,,,,,,,,2025
624424,Michael Conforto,112,Chicago Cubs,,DH,2026,115.0,98.0,22.0,9.0,0.0,4.0,16.0,0.0,36.0,0.0,1.0,0.0,43.0,13.0,2.0,.224,.330,.439,.769,.305,24.50,479.0,18.0,23.0,486.0,418.0,83.0,20.0,0.0,12.0,56.0,0.0,121.0,9.0,3.0,0.0,139.0,36.0,12.0,.199,.305,.333,.638,.247,34.83,2049.0,103.0,114.0,2025
624431,Jose Trevino,113,Cincinnati Reds,,C,2026,35.0,32.0,5.0,1.0,0.0,0.0,1.0,0.0,6.0,0.0,0.0,2.0,6.0,2.0,0.0,.156,.182,.188,.370,.192,-.--,108.0,15.0,8.0,302.0,282.0,67.0,20.0,0.0,4.0,15.0,0.0,39.0,0.0,4.0,1.0,99.0,22.0,9.0,.238,.272,.351,.623,.259,70.50,1063.0,95.0,86.0,2025
663368,Blake Perkins,158,Milwaukee Brewers,,CF,2026,86.0,75.0,10.0,4.0,0.0,1.0,9.0,0.0,20.0,1.0,0.0,1.0,17.0,11.0,1.0,.133,.235,.227,.462,.167,75.00,355.0,24.0,22.0,171.0,155.0,35.0,6.0,2.0,3.0,15.0,0.0,47.0,1.0,0.0,0.0,54.0,19.0,4.0,.226,.298,.348,.646,.305,51.67,708.0,41.0,32.0,2025
681799,Ethan Roberts,112,Chicago Cubs,,P,2026,,,,,,,,,,,,,,,,,,,,,,,,,,,,,,,,,,,,,,,,,,,,,,,,,2025
702275,JR Ritchie,144,Atlanta Braves,,P,2026,0.0,0.0,0.0,0.0,0.0,0.0,0.0,0.0,0.0,0.0,0.0,0.0,0.0,0.0,0.0,.000,.000,.000,.000,.---,-.--,0.0,0.0,0.0,,,,,,,,,,,,,,,,,,,,,,,,,2025
667463,John King,146,Miami Marlins,,P,2026,,,,,,,,,,,,,,,,,,,,,,,,,,,,,,,,,,,,,,,,,,,,,,,,,2025
675660,Shane Drohan,158,Milwaukee Brewers,,P,2026,,,,,,,,,,,,,,,,,,,,,,,,,,,,,,,,,,,,,,,,,,,,,,,,,2025
663372,Ryan Feltner,115,Colorado Rockies,,P,2026,,,,,,,,,,,,,,,,,,,,,,,,,,,,,,,,,,,,,,,,,,,,,,,,,2025
681807,David Fry,114,Cleveland Guardians,,RF,2026,111.0,94.0,22.0,4.0,0.0,3.0,17.0,1.0,35.0,0.0,0.0,0.0,35.0,8.0,3.0,.234,.351,.372,.723,.339,31.33,496.0,19.0,18.0,157.0,146.0,25.0,4.0,0.0,8.0,9.0,0.0,58.0,2.0,0.0,0.0,53.0,23.0,3.0,.171,.229,.363,.592,.213,18.25,623.0,26.0,37.0,2025
573262,Mike Yastrzemski,144,Atlanta Braves,,RF,2026,200.0,177.0,41.0,9.0,1.0,3.0,19.0,0.0,47.0,4.0,0.0,0.0,61.0,18.0,1.0,.232,.320,.345,.665,.299,59.00,835.0,42.0,47.0,558.0,477.0,111.0,28.0,1.0,17.0,72.0,4.0,108.0,2.0,5.0,2.0,192.0,46.0,7.0,.233,.333,.403,.736,.263,28.06,2305.0,95.0,170.0,2025
681810,Austin Warren,121,New York Mets,,P,2026,,,,,,,,,,,,,,,,,,,,,,,,,,,,,,,,,,,,,,,,,,,,,,,,,2025
702284,Cole Young,136,Seattle Mariners,,2B,2026,299.0,269.0,69.0,10.0,1.0,5.0,20.0,0.0,56.0,6.0,3.0,1.0,96.0,32.0,1.0,.257,.319,.357,.676,.303,53.80,1141.0,61.0,87.0,257.0,223.0,47.0,7.0,1.0,4.0,28.0,1.0,47.0,2.0,2.0,2.0,68.0,24.0,4.0,.211,.302,.305,.607,.247,55.75,1034.0,52.0,81.0,2025
696147,Sam Bachman,108,Los Angeles Angels,,P,2026,,,,,,,,,,,,,,,,,,,,,,,,,,,,,,,,,,,,,,,,,,,,,,,,,2025
667472,Dane Myers,113,Cincinnati Reds,,CF,2026,119.0,101.0,26.0,4.0,0.0,3.0,15.0,0.0,31.0,2.0,1.0,0.0,39.0,12.0,3.0,.257,.361,.386,.747,.338,33.67,484.0,14.0,31.0,333.0,307.0,72.0,10.0,0.0,6.0,23.0,0.0,77.0,2.0,1.0,0.0,100.0,31.0,12.0,.235,.291,.326,.617,.293,51.17,1241.0,78.0,81.0,2025
696149,Bubba Chandler,134,Pittsburgh Pirates,,P,2026,,,,,,,,,,,,,,,,,,,,,,,,,,,,,,,,,,,,,,,,,,,,,,,,,2025
700250,Ben Rice,147,New York Yankees,,1B,2026,285.0,243.0,71.0,15.0,2.0,20.0,38.0,3.0,66.0,2.0,2.0,0.0,150.0,49.0,5.0,.292,.389,.617,1.006,.321,12.15,1158.0,59.0,49.0,530.0,467.0,119.0,28.0,4.0,26.0,50.0,0.0,100.0,9.0,2.0,0.0,233.0,65.0,18.0,.255,.337,.499,.836,.271,17.96,2047.0,115.0,135.0,2025
702332,Caleb Durbin,111,Boston Red Sox,,3B,2026,226.0,205.0,39.0,13.0,1.0,3.0,13.0,0.0,32.0,4.0,2.0,2.0,63.0,26.0,6.0,.190,.250,.307,.557,.209,68.33,798.0,79.0,59.0,506.0,445.0,114.0,25.0,0.0,11.0,30.0,0.0,50.0,24.0,4.0,3.0,172.0,53.0,10.0,.256,.334,.387,.721,.265,40.46,1838.0,134.0,154.0,2025
657277,Logan Webb,137,San Francisco Giants,,P,2026,,,,,,,,,,,,,,,,,,,,,,,,,,,,,,,,,,,,,,,,,,,,,,,,,2025
663436,Davis Martin,145,Chicago White Sox,,P,2026,,,,,,,,,,,,,,,,,,,,,,,,,,,,,,,,,,,,,,,,,,,,,,,,,2025
661388,William Contreras,158,Milwaukee Brewers,,C,2026,291.0,262.0,76.0,12.0,0.0,6.0,24.0,2.0,38.0,1.0,4.0,0.0,106.0,43.0,7.0,.290,.347,.405,.752,.315,43.67,1003.0,70.0,82.0,659.0,566.0,147.0,28.0,0.0,17.0,84.0,4.0,120.0,3.0,6.0,0.0,226.0,76.0,14.0,.260,.355,.399,.754,.299,33.29,2556.0,172.0,133.0,2025
665489,Vladimir Guerrero Jr.,141,Toronto Blue Jays,,1B,2026,292.0,250.0,69.0,12.0,0.0,3.0,34.0,5.0,31.0,4.0,4.0,0.0,90.0,27.0,8.0,.276,.366,.360,.726,.300,83.33,1045.0,81.0,73.0,680.0,589.0,172.0,34.0,0.0,23.0,81.0,8.0,94.0,6.0,4.0,0.0,275.0,84.0,17.0,.292,.381,.467,.848,.313,25.61,2502.0,179.0,148.0,2025
663423,Trent Thornton,112,Chicago Cubs,,P,2026,,,,,,,,,,,,,,,,,,,,,,,,,0.0,0.0,0.0,0.0,0.0,0.0,0.0,0.0,0.0,0.0,0.0,0.0,0.0,0.0,0.0,.000,.000,.000,.000,.---,-.--,0.0,0.0,0.0,2025
622491,Luis Castillo,136,Seattle Mariners,,P,2026,,,,,,,,,,,,,,,,,,,,,,,,,,,,,,,,,,,,,,,,,,,,,,,,,2025
620443,Luis Torrens,121,New York Mets,,C,2026,130.0,119.0,26.0,9.0,0.0,1.0,5.0,0.0,28.0,4.0,0.0,2.0,38.0,15.0,1.0,.218,.273,.319,.592,.278,119.00,505.0,43.0,24.0,283.0,261.0,59.0,14.0,1.0,5.0,19.0,0.0,56.0,2.0,0.0,1.0,90.0,29.0,7.0,.226,.284,.345,.629,.270,52.20,1069.0,89.0,58.0,2025
679845,Nick Loftin,118,Kansas City Royals,,2B,2026,124.0,102.0,25.0,10.0,1.0,1.0,15.0,0.0,16.0,3.0,3.0,1.0,40.0,18.0,2.0,.245,.350,.392,.742,.273,102.00,466.0,30.0,35.0,188.0,168.0,35.0,9.0,2.0,4.0,14.0,0.0,27.0,3.0,2.0,1.0,60.0,20.0,7.0,.208,.278,.357,.635,.223,42.00,676.0,48.0,61.0,2025
661395,Jhoan Duran,143,Philadelphia Phillies,,P,2026,0.0,0.0,0.0,0.0,0.0,0.0,0.0,0.0,0.0,0.0,0.0,0.0,0.0,0.0,0.0,.000,.000,.000,.000,.---,-.--,0.0,0.0,0.0,0.0,0.0,0.0,0.0,0.0,0.0,0.0,0.0,0.0,0.0,0.0,0.0,0.0,0.0,0.0,.000,.000,.000,.000,.---,-.--,0.0,0.0,0.0,2025
681895,Evan Sisk,134,Pittsburgh Pirates,,P,2026,,,,,,,,,,,,,,,,,,,,,,,,,,,,,,,,,,,,,,,,,,,,,,,,,2025
700337,Edgar Quero,145,Chicago White Sox,,C,2026,155.0,133.0,24.0,1.0,0.0,2.0,12.0,0.0,39.0,3.0,5.0,2.0,31.0,15.0,4.0,.180,.255,.233,.488,.227,66.50,590.0,40.0,37.0,403.0,365.0,98.0,17.0,0.0,5.0,32.0,0.0,71.0,4.0,2.0,0.0,130.0,36.0,8.0,.268,.333,.356,.689,.320,73.00,1583.0,107.0,91.0,2025
677800,Wilyer Abreu,111,Boston Red Sox,,RF,2026,298.0,268.0,74.0,15.0,1.0,8.0,26.0,1.0,59.0,0.0,3.0,1.0,115.0,34.0,6.0,.276,.337,.429,.766,.324,33.50,1167.0,48.0,91.0,417.0,373.0,92.0,17.0,0.0,22.0,40.0,5.0,101.0,0.0,3.0,1.0,175.0,69.0,8.0,.247,.317,.469,.786,.277,16.96,1600.0,63.0,121.0,2025
694192,Jackson Chourio,158,Milwaukee Brewers,,LF,2026,169.0,155.0,49.0,11.0,0.0,9.0,13.0,0.0,41.0,0.0,1.0,0.0,87.0,26.0,1.0,.316,.367,.561,.928,.377,17.22,662.0,27.0,39.0,589.0,549.0,148.0,35.0,4.0,21.0,30.0,1.0,121.0,3.0,6.0,1.0,254.0,78.0,13.0,.270,.308,.463,.771,.308,26.14,2108.0,129.0,158.0,2025
810938,Ben Williamson,139,Tampa Bay Rays,,2B,2026,174.0,156.0,39.0,7.0,1.0,1.0,16.0,0.0,33.0,1.0,0.0,1.0,51.0,19.0,5.0,.250,.324,.327,.651,.311,156.00,695.0,49.0,36.0,295.0,277.0,70.0,13.0,0.0,1.0,15.0,0.0,64.0,1.0,0.0,2.0,86.0,21.0,5.0,.253,.294,.310,.604,.325,277.00,1216.0,90.0,55.0,2025
681911,Alex Vesia,119,Los Angeles Dodgers,,P,2026,,,,,,,,,,,,,,,,,,,,,,,,,,,,,,,,,,,,,,,,,,,,,,,,,2025
669622,Anthony Bender,146,Miami Marlins,,P,2026,,,,,,,,,,,,,,,,,,,,,,,,,,,,,,,,,,,,,,,,,,,,,,,,,2025
683953,Travis Bazzana,114,Cleveland Guardians,,2B,2026,178.0,154.0,38.0,9.0,1.0,4.0,21.0,1.0,35.0,2.0,1.0,0.0,61.0,17.0,0.0,.247,.343,.396,.739,.293,38.50,695.0,38.0,44.0,,,,,,,,,,,,,,,,,,,,,,,,,2025
681916,Dylan Smith,137,San Francisco Giants,,P,2026,0.0,0.0,0.0,0.0,0.0,0.0,0.0,0.0,0.0,0.0,0.0,0.0,0.0,0.0,0.0,.000,.000,.000,.000,.---,-.--,0.0,0.0,0.0,,,,,,,,,,,,,,,,,,,,,,,,,2025
694203,Denzer Guzman,108,Los Angeles Angels,,3B,2026,30.0,30.0,8.0,1.0,0.0,0.0,0.0,0.0,4.0,0.0,0.0,0.0,9.0,5.0,1.0,.267,.267,.300,.567,.308,-.--,95.0,8.0,10.0,43.0,42.0,8.0,1.0,0.0,2.0,1.0,0.0,22.0,0.0,0.0,0.0,15.0,3.0,0.0,.190,.209,.357,.566,.333,21.00,176.0,4.0,8.0,2025
694208,Moisés Ballesteros,112,Chicago Cubs,,DH,2026,175.0,156.0,36.0,6.0,0.0,6.0,17.0,0.0,36.0,0.0,2.0,0.0,60.0,23.0,1.0,.231,.303,.385,.688,.259,26.00,659.0,41.0,45.0,66.0,57.0,17.0,2.0,1.0,2.0,9.0,1.0,12.0,0.0,0.0,0.0,27.0,11.0,2.0,.298,.394,.474,.868,.349,28.50,249.0,21.0,7.0,2025
694212,Samuel Basallo,110,Baltimore Orioles,,C,2026,219.0,198.0,51.0,9.0,1.0,10.0,19.0,1.0,56.0,0.0,2.0,0.0,92.0,30.0,3.0,.258,.320,.465,.785,.306,19.80,780.0,47.0,46.0,118.0,109.0,18.0,6.0,0.0,4.0,6.0,0.0,30.0,3.0,0.0,0.0,36.0,15.0,4.0,.165,.229,.330,.559,.187,27.25,443.0,36.0,25.0,2025
679883,Luinder Avila,118,Kansas City Royals,,P,2026,,,,,,,,,,,,,,,,,,,,,,,,,0.0,0.0,0.0,0.0,0.0,0.0,0.0,0.0,0.0,0.0,0.0,0.0,0.0,0.0,0.0,.000,.000,.000,.000,.---,-.--,0.0,0.0,0.0,2025
655316,Andruw Monasterio,111,Boston Red Sox,,SS,2026,111.0,104.0,25.0,10.0,0.0,2.0,7.0,0.0,27.0,0.0,0.0,0.0,41.0,11.0,2.0,.240,.288,.394,.682,.307,52.00,490.0,21.0,31.0,135.0,126.0,34.0,9.0,0.0,4.0,7.0,0.0,32.0,2.0,0.0,0.0,55.0,16.0,1.0,.270,.319,.437,.756,.333,31.50,558.0,19.0,41.0,2025
622554,Seranthony Domínguez,145,Chicago White Sox,,P,2026,,,,,,,,,,,,,,,,,,,,,,,,,0.0,0.0,0.0,0.0,0.0,0.0,0.0,0.0,0.0,0.0,0.0,0.0,0.0,0.0,0.0,.000,.000,.000,.000,.---,-.--,0.0,0.0,0.0,2025
665561,Rafael Marchán,143,Philadelphia Phillies,,C,2026,74.0,71.0,7.0,0.0,0.0,2.0,1.0,0.0,13.0,2.0,0.0,0.0,13.0,6.0,2.0,.099,.135,.183,.318,.089,35.50,281.0,16.0,35.0,118.0,105.0,22.0,4.0,0.0,2.0,10.0,0.0,17.0,1.0,1.0,1.0,32.0,13.0,1.0,.210,.282,.305,.587,.230,52.50,459.0,41.0,27.0,2025
684007,Shota Imanaga,112,Chicago Cubs,,P,2026,,,,,,,,,,,,,,,,,,,,,,,,,,,,,,,,,,,,,,,,,,,,,,,,,2025
489446,Kirby Yates,108,Los Angeles Angels,,P,2026,,,,,,,,,,,,,,,,,,,,,,,,,,,,,,,,,,,,,,,,,,,,,,,,,2025
694249,Cole Carrigg,115,Colorado Rockies,,CF,2026,34.0,30.0,7.0,0.0,1.0,3.0,4.0,0.0,9.0,0.0,0.0,0.0,18.0,8.0,1.0,.233,.324,.600,.924,.222,10.00,138.0,4.0,10.0,,,,,,,,,,,,,,,,,,,,,,,,,2025
696285,Jacob Young,120,Washington Nationals,,CF,2026,243.0,226.0,53.0,8.0,2.0,8.0,12.0,0.0,46.0,4.0,0.0,1.0,89.0,28.0,3.0,.235,.285,.394,.679,.262,28.25,918.0,57.0,71.0,364.0,324.0,75.0,10.0,1.0,2.0,27.0,0.0,65.0,3.0,1.0,9.0,93.0,31.0,7.0,.231,.296,.287,.583,.283,162.00,1367.0,115.0,79.0,2025
815083,Mitch Farris,108,Los Angeles Angels,,P,2026,,,,,,,,,,,,,,,,,,,,,,,,,,,,,,,,,,,,,,,,,,,,,,,,,2025
688107,Robert Gasser,158,Milwaukee Brewers,,P,2026,,,,,,,,,,,,,,,,,,,,,,,,,,,,,,,,,,,,,,,,,,,,,,,,,2025
677870,Leo Jiménez,146,Miami Marlins,,3B,2026,83.0,73.0,14.0,2.0,0.0,0.0,6.0,0.0,18.0,3.0,1.0,0.0,16.0,1.0,4.0,.192,.277,.219,.496,.250,-.--,338.0,28.0,14.0,32.0,29.0,2.0,0.0,0.0,1.0,2.0,0.0,8.0,0.0,0.0,1.0,5.0,1.0,1.0,.069,.129,.172,.301,.050,29.00,143.0,10.0,10.0,2025
663538,Nico Hoerner,112,Chicago Cubs,,2B,2026,326.0,287.0,67.0,15.0,0.0,4.0,31.0,0.0,23.0,4.0,4.0,0.0,94.0,34.0,6.0,.233,.313,.328,.641,.239,71.75,1190.0,91.0,110.0,649.0,599.0,178.0,29.0,4.0,7.0,39.0,1.0,49.0,7.0,4.0,0.0,236.0,61.0,4.0,.297,.345,.394,.739,.313,85.57,2305.0,179.0,197.0,2025
669684,Chris Murphy,145,Chicago White Sox,,P,2026,,,,,,,,,,,,,,,,,,,,,,,,,,,,,,,,,,,,,,,,,,,,,,,,,2025
663542,Bryan Hudson,145,Chicago White Sox,,P,2026,,,,,,,,,,,,,,,,,,,,,,,,,,,,,,,,,,,,,,,,,,,,,,,,,2025
671732,Lawrence Butler,133,Athletics,,RF,2026,199.0,179.0,35.0,6.0,0.0,4.0,20.0,1.0,51.0,0.0,0.0,0.0,53.0,19.0,3.0,.196,.276,.296,.572,.250,44.75,793.0,57.0,36.0,630.0,569.0,133.0,30.0,2.0,21.0,59.0,0.0,179.0,0.0,0.0,2.0,230.0,63.0,7.0,.234,.306,.404,.710,.304,27.10,2517.0,137.0,122.0,2025
671739,Michael Harris II,144,Atlanta Braves,,CF,2026,258.0,244.0,74.0,9.0,0.0,14.0,12.0,0.0,52.0,1.0,1.0,0.0,125.0,41.0,2.0,.303,.337,.512,.849,.335,17.43,925.0,60.0,59.0,641.0,611.0,152.0,26.0,6.0,20.0,16.0,1.0,128.0,3.0,7.0,4.0,250.0,86.0,7.0,.249,.268,.409,.677,.281,30.55,2177.0,193.0,149.0,2025
681982,Grant Anderson,158,Milwaukee Brewers,,P,2026,,,,,,,,,,,,,,,,,,,,,,,,,,,,,,,,,,,,,,,,,,,,,,,,,2025
