batter_id,batter_name,team_id,team_name,batSide,primaryPosition,season,plateAppearances,atBats,hits,doubles,triples,homeRuns,baseOnBalls,intentionalWalks,strikeOuts,hitByPitch,sacFlies,sacBunts,totalBases,rbi,groundIntoDoublePlay,avg,obp,slg,ops,babip,atBatsPerHomeRun,numberOfPitches,groundOuts,airOuts,plateAppearances_prev,atBats_prev,hits_prev,doubles_prev,triples_prev,homeRuns_prev,baseOnBalls_prev,intentionalWalks_prev,strikeOuts_prev,hitByPitch_prev,sacFlies_prev,sacBunts_prev,totalBases_prev,rbi_prev,groundIntoDoublePlay_prev,avg_prev,obp_prev,slg_prev,ops_prev,babip_prev,atBatsPerHomeRun_prev,numberOfPitches_prev,groundOuts_prev,airOuts_prev,season_prev
663554,Casey Mize,116,Detroit Tigers,,P,2026,,,,,,,,,,,,,,,,,,,,,,,,,,,,,,,,,,,,,,,,,,,,,,,,,2025
624641,Edmundo Sosa,143,Philadelphia Phillies,,2B,2026,40.0,38.0,10.0,3.0,0.0,1.0,2.0,0.0,8.0,0.0,0.0,0.0,16.0,7.0,1.0,.263,.300,.421,.721,.310,38.00,146.0,11.0,9.0,261.0,243.0,67.0,12.0,1.0,11.0,10.0,0.0,56.0,2.0,2.0,3.0,114.0,39.0,7.0,.276,.307,.469,.776,.315,22.09,942.0,67.0,58.0,2025
663556,Shane McClanahan,139,Tampa Bay Rays,,P,2026,,,,,,,,,,,,,,,,,,,,,,,,,,,,,,,,,,,,,,,,,,,,,,,,,2025
669699,Braden Shewmake,117,Houston Astros,,2B,2026,5.0,5.0,1.0,0.0,0.0,1.0,0.0,0.0,1.0,0.0,0.0,0.0,4.0,1.0,0.0,.200,.200,.800,1.000,.000,5.00,22.0,1.0,2.0,,,,,,,,,,,,,,,,,,,,,,,,,2025
808963,Roki Sasaki,119,Los Angeles Dodgers,,P,2026,,,,,,,,,,,,,,,,,,,,,,,,,,,,,,,,,,,,,,,,,,,,,,,,,2025
808967,Yoshinobu Yamamoto,119,Los Angeles Dodgers,,P,2026,,,,,,,,,,,,,,,,,,,,,,,,,,,,,,,,,,,,,,,,,,,,,,,,,2025
595978,Austin Hedges,114,Cleveland Guardians,,C,2026,39.0,35.0,10.0,2.0,0.0,0.0,3.0,0.0,8.0,0.0,1.0,0.0,12.0,2.0,0.0,.286,.333,.343,.676,.357,-.--,153.0,13.0,5.0,180.0,155.0,25.0,3.0,0.0,5.0,18.0,0.0,43.0,1.0,2.0,4.0,43.0,10.0,2.0,.161,.250,.277,.527,.183,31.00,696.0,35.0,58.0,2025
663567,Peter Lambert,117,Houston Astros,,P,2026,,,,,,,,,,,,,,,,,,,,,,,,,,,,,,,,,,,,,,,,,,,,,,,,,2025
657424,Matt Gage,137,San Francisco Giants,,P,2026,,,,,,,,,,,,,,,,,,,,,,,,,,,,,,,,,,,,,,,,,,,,,,,,,2025
808975,Hyeseong Kim,119,Los Angeles Dodgers,,SS,2026,54.0,47.0,15.0,2.0,0.0,1.0,6.0,0.0,13.0,0.0,1.0,0.0,20.0,7.0,1.0,.319,.389,.426,.815,.412,47.00,215.0,11.0,9.0,170.0,161.0,45.0,6.0,1.0,3.0,7.0,0.0,52.0,1.0,0.0,1.0,62.0,17.0,0.0,.280,.314,.385,.699,.396,53.67,660.0,38.0,27.0,2025
669717,Will Wilson,136,Seattle Mariners,,3B,2026,2.0,2.0,1.0,0.0,0.0,1.0,0.0,0.0,0.0,0.0,0.0,0.0,4.0,2.0,0.0,.500,.500,2.000,2.500,.000,2.00,7.0,1.0,0.0,91.0,78.0,15.0,4.0,0.0,0.0,7.0,0.0,34.0,1.0,0.0,5.0,19.0,2.0,1.0,.192,.267,.244,.511,.341,-.--,368.0,15.0,19.0,2025
808982,Jung Hoo Lee,137,San Francisco Giants,,RF,2026,109.0,99.0,31.0,8.0,1.0,2.0,8.0,0.0,14.0,0.0,2.0,0.0,47.0,10.0,3.0,.313,.358,.475,.833,.341,49.50,415.0,28.0,28.0,617.0,560.0,149.0,31.0,12.0,8.0,47.0,0.0,71.0,6.0,4.0,0.0,228.0,55.0,2.0,.266,.327,.407,.734,.291,70.00,2351.0,182.0,162.0,2025
669720,Austin Hays,145,Chicago White Sox,,LF,2026,33.0,32.0,7.0,1.0,0.0,1.0,1.0,1.0,12.0,0.0,0.0,0.0,11.0,6.0,0.0,.219,.242,.344,.586,.316,32.00,127.0,10.0,3.0,416.0,380.0,101.0,16.0,5.0,15.0,29.0,2.0,107.0,1.0,6.0,0.0,172.0,64.0,9.0,.266,.315,.453,.768,.326,25.33,1559.0,86.0,92.0,2025
688158,David Morgan,135,San Diego Padres,,P,2026,,,,,,,,,,,,,,,,,,,,,,,,,,,,,,,,,,,,,,,,,,,,,,,,,2025
669724,Brenan Hanifee,116,Detroit Tigers,,P,2026,,,,,,,,,,,,,,,,,,,,,,,,,,,,,,,,,,,,,,,,,,,,,,,,,2025
669701,Josh Smith,140,Texas Rangers,,2B,2026,94.0,79.0,16.0,2.0,0.0,0.0,13.0,1.0,16.0,1.0,1.0,0.0,18.0,6.0,1.0,.203,.319,.228,.547,.250,-.--,369.0,18.0,30.0,563.0,495.0,124.0,23.0,2.0,10.0,55.0,2.0,100.0,8.0,1.0,3.0,181.0,35.0,3.0,.251,.335,.366,.701,.295,49.50,2287.0,139.0,136.0,2025
669743,Alex Call,119,Los Angeles Dodgers,,LF,2026,33.0,26.0,8.0,2.0,0.0,0.0,6.0,0.0,3.0,1.0,0.0,0.0,10.0,2.0,1.0,.308,.455,.385,.840,.348,-.--,149.0,8.0,7.0,322.0,270.0,72.0,13.0,2.0,5.0,36.0,0.0,55.0,6.0,4.0,6.0,104.0,31.0,6.0,.267,.361,.385,.746,.313,54.00,1314.0,80.0,73.0,2025
663586,Austin Riley,144,Atlanta Braves,,3B,2026,124.0,110.0,23.0,6.0,0.0,3.0,12.0,0.0,25.0,2.0,0.0,0.0,38.0,17.0,3.0,.209,.298,.345,.643,.244,36.67,516.0,28.0,34.0,447.0,416.0,108.0,20.0,1.0,16.0,27.0,1.0,128.0,3.0,1.0,0.0,178.0,54.0,9.0,.260,.309,.428,.737,.337,26.00,1791.0,69.0,112.0,2025
677942,Blaze Alexander,110,Baltimore Orioles,,3B,2026,65.0,58.0,10.0,1.0,0.0,0.0,4.0,0.0,20.0,1.0,0.0,1.0,11.0,1.0,3.0,.172,.238,.190,.428,.263,-.--,247.0,17.0,12.0,266.0,230.0,53.0,12.0,1.0,7.0,22.0,0.0,86.0,10.0,1.0,3.0,88.0,28.0,5.0,.230,.323,.383,.706,.333,32.86,1042.0,54.0,41.0,2025
593974,Wandy Peralta,135,San Diego Padres,,P,2026,,,,,,,,,,,,,,,,,,,,,,,,,,,,,,,,,,,,,,,,,,,,,,,,,2025
663616,Trevor Larnach,142,Minnesota Twins,,LF,2026,74.0,58.0,15.0,3.0,1.0,1.0,16.0,1.0,14.0,0.0,0.0,0.0,23.0,8.0,2.0,.259,.419,.397,.816,.326,58.00,320.0,12.0,17.0,567.0,503.0,126.0,24.0,1.0,17.0,53.0,2.0,122.0,4.0,6.0,0.0,203.0,60.0,19.0,.250,.323,.404,.727,.295,29.59,2191.0,124.0,137.0,2025
608324,Alex Bregman,112,Chicago Cubs,,3B,2026,136.0,119.0,29.0,3.0,1.0,3.0,15.0,1.0,21.0,1.0,1.0,0.0,43.0,10.0,6.0,.244,.331,.361,.692,.271,39.67,553.0,30.0,40.0,495.0,433.0,118.0,28.0,0.0,18.0,51.0,3.0,70.0,9.0,2.0,0.0,200.0,62.0,12.0,.273,.360,.462,.822,.288,24.06,1947.0,101.0,146.0,2025
596001,Jakob Junis,140,Texas Rangers,,P,2026,,,,,,,,,,,,,,,,,,,,,,,,,,,,,,,,,,,,,,,,,,,,,,,,,2025
663623,Jake Irvin,120,Washington Nationals,,P,2026,,,,,,,,,,,,,,,,,,,,,,,,,,,,,,,,,,,,,,,,,,,,,,,,,2025
677960,Ryan Weathers,147,New York Yankees,,P,2026,,,,,,,,,,,,,,,,,,,,,,,,,,,,,,,,,,,,,,,,,,,,,,,,,2025
677958,Kumar Rocker,140,Texas Rangers,,P,2026,,,,,,,,,,,,,,,,,,,,,,,,,,,,,,,,,,,,,,,,,,,,,,,,,2025
677961,Cole Wilcox,136,Seattle Mariners,,P,2026,,,,,,,,,,,,,,,,,,,,,,,,,,,,,,,,,,,,,,,,,,,,,,,,,2025
694361,Will Klein,119,Los Angeles Dodgers,,P,2026,,,,,,,,,,,,,,,,,,,,,,,,,,,,,,,,,,,,,,,,,,,,,,,,,2025
606303,Joel Payamps,144,Atlanta Braves,,P,2026,,,,,,,,,,,,,,,,,,,,,,,,,,,,,,,,,,,,,,,,,,,,,,,,,2025
608348,Carson Kelly,112,Chicago Cubs,,C,2026,83.0,70.0,22.0,4.0,0.0,2.0,12.0,0.0,14.0,1.0,0.0,0.0,32.0,10.0,2.0,.314,.422,.457,.879,.370,35.00,315.0,14.0,20.0,421.0,369.0,92.0,13.0,1.0,17.0,45.0,0.0,80.0,3.0,4.0,0.0,158.0,50.0,11.0,.249,.333,.428,.761,.272,21.71,1667.0,88.0,113.0,2025
677944,Slade Cecconi,114,Cleveland Guardians,,P,2026,,,,,,,,,,,,,,,,,,,,,,,,,,,,,,,,,,,,,,,,,,,,,,,,,2025
694376,Shay Whitcomb,117,Houston Astros,,3B,2026,11.0,10.0,1.0,0.0,0.0,1.0,1.0,0.0,7.0,0.0,0.0,0.0,4.0,3.0,0.0,.100,.182,.400,.582,.000,10.00,44.0,0.0,2.0,32.0,32.0,4.0,0.0,0.0,1.0,0.0,0.0,10.0,0.0,0.0,0.0,7.0,1.0,0.0,.125,.125,.219,.344,.143,32.00,138.0,10.0,8.0,2025
663656,Kyle Tucker,119,Los Angeles Dodgers,,RF,2026,125.0,110.0,26.0,5.0,0.0,3.0,14.0,0.0,27.0,0.0,1.0,0.0,40.0,15.0,0.0,.236,.320,.364,.684,.284,36.67,472.0,24.0,34.0,597.0,500.0,133.0,25.0,4.0,22.0,87.0,7.0,88.0,4.0,3.0,1.0,232.0,73.0,8.0,.266,.377,.464,.841,.282,22.73,2306.0,114.0,169.0,2025
608369,Corey Seager,140,Texas Rangers,,SS,2026,121.0,104.0,22.0,4.0,0.0,6.0,14.0,2.0,31.0,1.0,2.0,0.0,44.0,17.0,1.0,.212,.306,.423,.729,.232,17.33,458.0,26.0,27.0,445.0,380.0,103.0,19.0,0.0,21.0,58.0,10.0,87.0,5.0,2.0,0.0,185.0,50.0,13.0,.271,.373,.487,.860,.299,18.10,1668.0,100.0,92.0,2025
694384,Nolan Schanuel,108,Los Angeles Angels,,1B,2026,121.0,108.0,25.0,5.0,0.0,3.0,10.0,0.0,19.0,1.0,2.0,0.0,39.0,19.0,8.0,.231,.298,.361,.659,.250,36.00,467.0,39.0,27.0,564.0,488.0,129.0,23.0,1.0,12.0,59.0,4.0,71.0,10.0,4.0,3.0,190.0,53.0,10.0,.264,.353,.389,.742,.286,40.67,2150.0,139.0,156.0,2025
571510,Matthew Boyd,112,Chicago Cubs,,P,2026,,,,,,,,,,,,,,,,,,,,,,,,,,,,,,,,,,,,,,,,,,,,,,,,,2025
608331,Max Fried,147,New York Yankees,,P,2026,,,,,,,,,,,,,,,,,,,,,,,,,,,,,,,,,,,,,,,,,,,,,,,,,2025
596103,Austin Slater,121,New York Mets,,LF,2026,28.0,23.0,4.0,0.0,0.0,0.0,4.0,0.0,9.0,0.0,1.0,0.0,4.0,1.0,0.0,.174,.286,.174,.460,.267,-.--,115.0,3.0,8.0,160.0,148.0,32.0,6.0,1.0,5.0,11.0,0.0,51.0,0.0,0.0,1.0,55.0,13.0,6.0,.216,.270,.372,.642,.293,29.60,644.0,39.0,27.0,2025
682120,Tim Herrin,114,Cleveland Guardians,,P,2026,,,,,,,,,,,,,,,,,,,,,,,,,0.0,0.0,0.0,0.0,0.0,0.0,0.0,0.0,0.0,0.0,0.0,0.0,0.0,0.0,0.0,.000,.000,.000,.000,.---,-.--,0.0,0.0,0.0,2025
647304,Josh Naylor,136,Seattle Mariners,,1B,2026,117.0,104.0,21.0,2.0,0.0,3.0,11.0,1.0,20.0,1.0,1.0,0.0,32.0,11.0,4.0,.202,.282,.308,.590,.220,34.67,366.0,30.0,34.0,604.0,543.0,160.0,29.0,1.0,20.0,48.0,4.0,83.0,4.0,5.0,0.0,251.0,92.0,17.0,.295,.353,.462,.815,.315,27.15,2013.0,158.0,147.0,2025
673929,Jordan Leasure,145,Chicago White Sox,,P,2026,,,,,,,,,,,,,,,,,,,,,,,,,0.0,0.0,0.0,0.0,0.0,0.0,0.0,0.0,0.0,0.0,0.0,0.0,0.0,0.0,0.0,.000,.000,.000,.000,.---,-.--,0.0,0.0,0.0,2025
645261,Sandy Alcantara,146,Miami Marlins,,P,2026,,,,,,,,,,,,,,,,,,,,,,,,,,,,,,,,,,,,,,,,,,,,,,,,,2025
667755,José Soriano,108,Los Angeles Angels,,P,2026,,,,,,,,,,,,,,,,,,,,,,,,,,,,,,,,,,,,,,,,,,,,,,,,,2025
686218,Emmet Sheehan,119,Los Angeles Dodgers,,P,2026,,,,,,,,,,,,,,,,,,,,,,,,,,,,,,,,,,,,,,,,,,,,,,,,,2025
665742,Juan Soto,121,New York Mets,,LF,2026,55.0,46.0,14.0,2.0,0.0,1.0,9.0,1.0,8.0,0.0,0.0,0.0,19.0,5.0,0.0,.304,.418,.413,.831,.351,46.00,217.0,12.0,12.0,715.0,577.0,152.0,20.0,1.0,43.0,127.0,13.0,137.0,3.0,6.0,1.0,303.0,105.0,17.0,.263,.396,.525,.921,.270,13.42,2968.0,156.0,139.0,2025
596117,Garrett Stubbs,143,Philadelphia Phillies,,C,2026,7.0,6.0,2.0,0.0,0.0,0.0,0.0,0.0,0.0,0.0,1.0,0.0,2.0,1.0,0.0,.333,.286,.333,.619,.286,-.--,21.0,3.0,2.0,1.0,1.0,0.0,0.0,0.0,0.0,0.0,0.0,0.0,0.0,0.0,0.0,0.0,0.0,0.0,.000,.000,.000,.000,.000,-.--,4.0,1.0,0.0,2025
645277,Ozzie Albies,144,Atlanta Braves,,2B,2026,124.0,114.0,36.0,5.0,0.0,5.0,7.0,0.0,15.0,1.0,2.0,0.0,56.0,16.0,1.0,.316,.355,.491,.846,.323,22.80,425.0,27.0,38.0,667.0,603.0,145.0,23.0,2.0,16.0,55.0,2.0,94.0,4.0,5.0,0.0,220.0,74.0,9.0,.240,.306,.365,.671,.259,37.69,2402.0,146.0,223.0,2025
665750,Leody Taveras,110,Baltimore Orioles,,CF,2026,71.0,59.0,17.0,3.0,0.0,2.0,11.0,0.0,14.0,0.0,0.0,1.0,26.0,15.0,0.0,.288,.400,.441,.841,.349,29.50,277.0,8.0,21.0,180.0,171.0,35.0,6.0,1.0,3.0,5.0,0.0,50.0,0.0,1.0,3.0,52.0,17.0,0.0,.205,.226,.304,.530,.269,57.00,693.0,33.0,57.0,2025
622761,Jorge Mateo,144,Atlanta Braves,,SS,2026,30.0,28.0,8.0,1.0,0.0,1.0,2.0,0.0,12.0,0.0,0.0,0.0,12.0,3.0,1.0,.286,.333,.429,.762,.467,28.00,127.0,4.0,4.0,83.0,79.0,14.0,4.0,0.0,1.0,4.0,0.0,30.0,0.0,0.0,0.0,21.0,3.0,1.0,.177,.217,.266,.483,.271,79.00,336.0,17.0,18.0,2025
673962,Josh Jung,140,Texas Rangers,,3B,2026,104.0,93.0,29.0,11.0,0.0,4.0,9.0,0.0,17.0,1.0,1.0,0.0,52.0,14.0,4.0,.312,.375,.559,.934,.342,23.25,386.0,24.0,24.0,511.0,482.0,121.0,23.0,1.0,14.0,27.0,0.0,129.0,2.0,0.0,0.0,188.0,61.0,10.0,.251,.294,.390,.684,.316,34.43,1931.0,108.0,124.0,2025
663728,Cal Raleigh,136,Seattle Mariners,,C,2026,132.0,117.0,24.0,4.0,0.0,7.0,14.0,0.0,38.0,0.0,1.0,0.0,49.0,17.0,2.0,.205,.288,.419,.707,.233,16.71,578.0,18.0,38.0,705.0,596.0,147.0,24.0,0.0,60.0,97.0,17.0,188.0,9.0,3.0,0.0,351.0,125.0,6.0,.247,.359,.589,.948,.248,9.93,2833.0,79.0,185.0,2025
671922,Cade Smith,114,Cleveland Guardians,,P,2026,,,,,,,,,,,,,,,,,,,,,,,,,,,,,,,,,,,,,,,,,,,,,,,,,2025
643217,Andrew Benintendi,145,Chicago White Sox,,LF,2026,92.0,86.0,18.0,5.0,2.0,2.0,5.0,0.0,33.0,0.0,1.0,0.0,33.0,14.0,1.0,.209,.250,.384,.634,.308,43.00,364.0,13.0,23.0,470.0,420.0,101.0,16.0,2.0,20.0,40.0,2.0,82.0,3.0,6.0,0.0,181.0,63.0,5.0,.240,.307,.431,.738,.250,21.00,1721.0,88.0,155.0,2025
803011,Sam Antonacci,145,Chicago White Sox,,LF,2026,41.0,34.0,7.0,1.0,1.0,1.0,3.0,0.0,3.0,3.0,1.0,0.0,13.0,4.0,0.0,.206,.317,.382,.699,.194,34.00,160.0,14.0,11.0,,,,,,,,,,,,,,,,,,,,,,,,,2025
596133,Luke Weaver,121,New York Mets,,P,2026,0.0,0.0,0.0,0.0,0.0,0.0,0.0,0.0,0.0,0.0,0.0,0.0,0.0,0.0,0.0,.000,.000,.000,.000,.---,-.--,0.0,0.0,0.0,,,,,,,,,,,,,,,,,,,,,,,,,2025
682177,Daniel Schneemann,114,Cleveland Guardians,,CF,2026,79.0,70.0,22.0,7.0,0.0,4.0,9.0,0.0,24.0,0.0,0.0,0.0,41.0,14.0,0.0,.314,.392,.586,.978,.429,17.50,335.0,12.0,12.0,422.0,379.0,78.0,18.0,1.0,12.0,38.0,1.0,117.0,3.0,1.0,1.0,134.0,41.0,4.0,.206,.283,.354,.637,.263,31.58,1668.0,96.0,90.0,2025
665795,Edward Cabrera,112,Chicago Cubs,,P,2026,,,,,,,,,,,,,,,,,,,,,,,,,,,,,,,,,,,,,,,,,,,,,,,,,2025
663757,Trent Grisham,147,New York Yankees,,CF,2026,106.0,85.0,14.0,1.0,1.0,4.0,20.0,0.0,20.0,0.0,1.0,0.0,29.0,16.0,1.0,.165,.321,.341,.662,.161,21.25,420.0,22.0,30.0,581.0,494.0,116.0,9.0,1.0,34.0,82.0,0.0,137.0,4.0,1.0,0.0,229.0,74.0,7.0,.235,.348,.464,.812,.253,14.53,2393.0,107.0,135.0,2025
665804,Miguel Amaya,112,Chicago Cubs,,C,2026,55.0,47.0,11.0,1.0,0.0,2.0,6.0,0.0,13.0,2.0,0.0,0.0,18.0,5.0,1.0,.234,.345,.383,.728,.281,23.50,233.0,11.0,12.0,103.0,96.0,27.0,9.0,0.0,4.0,4.0,0.0,22.0,1.0,1.0,1.0,48.0,25.0,0.0,.281,.314,.500,.814,.324,24.00,385.0,22.0,27.0,2025
663743,Nick Fortes,139,Tampa Bay Rays,,C,2026,77.0,72.0,21.0,5.0,0.0,1.0,2.0,0.0,10.0,3.0,0.0,0.0,29.0,8.0,4.0,.292,.338,.403,.741,.328,72.00,260.0,26.0,15.0,242.0,218.0,50.0,9.0,1.0,5.0,14.0,0.0,47.0,7.0,1.0,2.0,76.0,21.0,7.0,.229,.296,.349,.645,.269,43.60,915.0,59.0,65.0,2025
643289,Mauricio Dubón,144,Atlanta Braves,,SS,2026,106.0,99.0,28.0,7.0,1.0,2.0,6.0,0.0,19.0,1.0,0.0,0.0,43.0,14.0,2.0,.283,.330,.434,.764,.333,49.50,386.0,23.0,29.0,398.0,369.0,89.0,21.0,0.0,7.0,24.0,0.0,42.0,1.0,1.0,3.0,131.0,33.0,12.0,.241,.289,.355,.644,.255,52.71,1346.0,110.0,132.0,2025
592094,Jason Adam,135,San Diego Padres,,P,2026,,,,,,,,,,,,,,,,,,,,,,,,,,,,,,,,,,,,,,,,,,,,,,,,,2025
694497,Evan Carter,140,Texas Rangers,,CF,2026,104.0,84.0,17.0,4.0,0.0,3.0,15.0,0.0,25.0,1.0,1.0,3.0,30.0,9.0,0.0,.202,.327,.357,.684,.246,28.00,428.0,16.0,30.0,220.0,194.0,48.0,9.0,2.0,5.0,19.0,1.0,41.0,7.0,0.0,0.0,76.0,25.0,2.0,.247,.336,.392,.728,.291,38.80,822.0,49.0,56.0,2025
671976,Tristan Peters,145,Chicago White Sox,,CF,2026,69.0,64.0,18.0,1.0,1.0,0.0,4.0,0.0,18.0,0.0,0.0,1.0,21.0,3.0,0.0,.281,.324,.328,.652,.391,-.--,255.0,12.0,17.0,12.0,12.0,0.0,0.0,0.0,0.0,0.0,0.0,7.0,0.0,0.0,0.0,0.0,0.0,0.0,.000,.000,.000,.000,.000,-.--,46.0,1.0,4.0,2025
657612,Tim Hill,147,New York Yankees,,P,2026,,,,,,,,,,,,,,,,,,,,,,,,,,,,,,,,,,,,,,,,,,,,,,,,,2025
676083,Janson Junk,146,Miami Marlins,,P,2026,,,,,,,,,,,,,,,,,,,,,,,,,,,,,,,,,,,,,,,,,,,,,,,,,2025
688363,Graham Pauley,146,Miami Marlins,,3B,2026,64.0,60.0,13.0,6.0,0.0,1.0,3.0,0.0,17.0,0.0,0.0,1.0,22.0,9.0,3.0,.217,.254,.367,.621,.286,60.00,266.0,17.0,14.0,184.0,161.0,36.0,9.0,1.0,4.0,21.0,0.0,36.0,0.0,1.0,1.0,59.0,11.0,1.0,.224,.311,.366,.677,.262,40.25,681.0,38.0,53.0,2025
663767,Chase Shugart,143,Philadelphia Phillies,,P,2026,,,,,,,,,,,,,,,,,,,,,,,,,,,,,,,,,,,,,,,,,,,,,,,,,2025
669947,Jesse Scholtens,139,Tampa Bay Rays,,P,2026,,,,,,,,,,,,,,,,,,,,,,,,,,,,,,,,,,,,,,,,,,,,,,,,,2025
657656,Ramón Laureano,135,San Diego Padres,,LF,2026,115.0,102.0,26.0,4.0,2.0,4.0,10.0,0.0,32.0,1.0,2.0,0.0,46.0,18.0,1.0,.255,.322,.451,.773,.324,25.50,470.0,22.0,24.0,488.0,441.0,124.0,26.0,2.0,24.0,35.0,1.0,119.0,8.0,4.0,0.0,226.0,76.0,10.0,.281,.342,.512,.854,.331,18.38,2002.0,98.0,104.0,2025
805123,AJ Blubaugh,117,Houston Astros,,P,2026,,,,,,,,,,,,,,,,,,,,,,,,,,,,,,,,,,,,,,,,,,,,,,,,,2025
665862,Jazz Chisholm Jr.,147,New York Yankees,,2B,2026,113.0,101.0,22.0,5.0,0.0,3.0,11.0,0.0,33.0,1.0,0.0,0.0,36.0,10.0,0.0,.218,.301,.356,.657,.292,33.67,448.0,21.0,25.0,531.0,462.0,112.0,15.0,1.0,31.0,58.0,1.0,148.0,6.0,4.0,1.0,222.0,80.0,3.0,.242,.332,.481,.813,.282,14.90,2138.0,90.0,117.0,2025
665861,Sebastián Rivero,108,Los Angeles Angels,,C,2026,0.0,0.0,0.0,0.0,0.0,0.0,0.0,0.0,0.0,0.0,0.0,0.0,0.0,0.0,0.0,.000,.000,.000,.000,.---,-.--,0.0,0.0,0.0,34.0,33.0,6.0,2.0,0.0,0.0,1.0,0.0,9.0,0.0,0.0,0.0,8.0,2.0,0.0,.182,.206,.242,.448,.250,-.--,127.0,6.0,12.0,2025
571657,Kyle Farmer,144,Atlanta Braves,,3B,2026,7.0,6.0,2.0,1.0,0.0,0.0,0.0,0.0,0.0,0.0,1.0,0.0,3.0,3.0,0.0,.333,.286,.500,.786,.286,-.--,22.0,2.0,3.0,300.0,277.0,63.0,14.0,0.0,8.0,17.0,0.0,66.0,4.0,2.0,0.0,101.0,31.0,9.0,.227,.280,.365,.645,.268,34.62,1101.0,73.0,77.0,2025
669923,George Kirby,136,Seattle Mariners,,P,2026,,,,,,,,,,,,,,,,,,,,,,,,,,,,,,,,,,,,,,,,,,,,,,,,,2025
665871,Javier Assad,112,Chicago Cubs,,P,2026,,,,,,,,,,,,,,,,,,,,,,,,,,,,,,,,,,,,,,,,,,,,,,,,,2025
676106,Emerson Hancock,136,Seattle Mariners,,P,2026,,,,,,,,,,,,,,,,,,,,,,,,,0.0,0.0,0.0,0.0,0.0,0.0,0.0,0.0,0.0,0.0,0.0,0.0,0.0,0.0,0.0,.000,.000,.000,.000,.---,-.--,0.0,0.0,0.0,2025
641302,Tyler Alexander,140,Texas Rangers,,P,2026,,,,,,,,,,,,,,,,,,,,,,,,,1.0,1.0,0.0,0.0,0.0,0.0,0.0,0.0,0.0,0.0,0.0,0.0,0.0,0.0,0.0,.000,.000,.000,.000,.000,-.--,3.0,1.0,0.0,2025
663837,Matt Vierling,116,Detroit Tigers,,CF,2026,61.0,53.0,11.0,5.0,0.0,1.0,6.0,0.0,9.0,0.0,2.0,0.0,19.0,9.0,3.0,.208,.279,.358,.637,.222,53.00,261.0,16.0,19.0,100.0,88.0,21.0,3.0,0.0,1.0,7.0,0.0,24.0,3.0,2.0,0.0,27.0,11.0,1.0,.239,.310,.307,.617,.308,88.00,436.0,16.0,29.0,2025
700712,Walbert Urena,108,Los Angeles Angels,,P,2026,,,,,,,,,,,,,,,,,,,,,,,,,,,,,,,,,,,,,,,,,,,,,,,,,2025
663855,Jordan Hicks,145,Chicago White Sox,,P,2026,,,,,,,,,,,,,,,,,,,,,,,,,,,,,,,,,,,,,,,,,,,,,,,,,2025
643376,Danny Jansen,140,Texas Rangers,,C,2026,70.0,64.0,13.0,4.0,0.0,1.0,5.0,0.0,23.0,1.0,0.0,0.0,20.0,6.0,3.0,.203,.271,.313,.584,.300,64.00,284.0,11.0,17.0,337.0,288.0,62.0,11.0,0.0,14.0,42.0,0.0,86.0,4.0,2.0,1.0,115.0,36.0,5.0,.215,.321,.399,.720,.253,20.57,1353.0,45.0,98.0,2025
643377,Griffin Jax,139,Tampa Bay Rays,,P,2026,,,,,,,,,,,,,,,,,,,,,,,,,0.0,0.0,0.0,0.0,0.0,0.0,0.0,0.0,0.0,0.0,0.0,0.0,0.0,0.0,0.0,.000,.000,.000,.000,.---,-.--,0.0,0.0,0.0,2025
608566,Germán Márquez,135,San Diego Padres,,P,2026,,,,,,,,,,,,,,,,,,,,,,,,,,,,,,,,,,,,,,,,,,,,,,,,,2025
641329,Bryan Baker,139,Tampa Bay Rays,,P,2026,,,,,,,,,,,,,,,,,,,,,,,,,0.0,0.0,0.0,0.0,0.0,0.0,0.0,0.0,0.0,0.0,0.0,0.0,0.0,0.0,0.0,.000,.000,.000,.000,.---,-.--,0.0,0.0,0.0,2025
665923,Esteury Ruiz,146,Miami Marlins,,CF,2026,2.0,2.0,0.0,0.0,0.0,0.0,0.0,0.0,0.0,0.0,0.0,0.0,0.0,0.0,0.0,.000,.000,.000,.000,.000,-.--,5.0,1.0,1.0,23.0,21.0,4.0,0.0,0.0,1.0,2.0,0.0,8.0,0.0,0.0,0.0,7.0,2.0,0.0,.190,.261,.333,.594,.250,21.00,88.0,5.0,4.0,2025
592206,Nick Castellanos,135,San Diego Padres,,RF,2026,55.0,52.0,8.0,3.0,0.0,0.0,3.0,1.0,16.0,0.0,0.0,0.0,11.0,7.0,1.0,.154,.200,.212,.412,.222,-.--,213.0,10.0,18.0,589.0,547.0,137.0,27.0,2.0,17.0,32.0,0.0,133.0,4.0,6.0,0.0,219.0,72.0,13.0,.250,.294,.400,.694,.298,32.18,2166.0,126.0,157.0,2025
641355,Cody Bellinger,147,New York Yankees,,LF,2026,120.0,100.0,24.0,3.0,1.0,3.0,18.0,0.0,16.0,0.0,2.0,0.0,38.0,14.0,2.0,.240,.350,.380,.730,.253,33.33,440.0,23.0,39.0,656.0,588.0,160.0,25.0,5.0,29.0,57.0,1.0,90.0,2.0,9.0,0.0,282.0,98.0,8.0,.272,.334,.480,.814,.274,20.28,2594.0,122.0,225.0,2025
657746,Joe Ryan,142,Minnesota Twins,,P,2026,,,,,,,,,,,,,,,,,,,,,,,,,,,,,,,,,,,,,,,,,,,,,,,,,2025
670042,Luke Raley,136,Seattle Mariners,,RF,2026,85.0,78.0,21.0,4.0,1.0,5.0,5.0,0.0,31.0,2.0,0.0,0.0,42.0,13.0,0.0,.269,.329,.538,.867,.381,15.60,334.0,12.0,14.0,219.0,183.0,37.0,8.0,0.0,4.0,19.0,0.0,64.0,13.0,1.0,3.0,57.0,19.0,2.0,.202,.319,.311,.630,.284,45.75,831.0,53.0,33.0,2025
670036,Matt Festa,114,Cleveland Guardians,,P,2026,,,,,,,,,,,,,,,,,,,,,,,,,0.0,0.0,0.0,0.0,0.0,0.0,0.0,0.0,0.0,0.0,0.0,0.0,0.0,0.0,0.0,.000,.000,.000,.000,.---,-.--,0.0,0.0,0.0,2025
657757,Gavin Sheets,135,San Diego Padres,,1B,2026,88.0,84.0,20.0,9.0,0.0,4.0,4.0,0.0,20.0,0.0,0.0,0.0,41.0,12.0,3.0,.238,.273,.488,.761,.267,21.00,361.0,24.0,20.0,545.0,492.0,124.0,28.0,1.0,19.0,44.0,1.0,107.0,5.0,4.0,0.0,211.0,71.0,9.0,.252,.317,.429,.746,.284,25.90,2279.0,111.0,154.0,2025
678246,Miguel Vargas,145,Chicago White Sox,,3B,2026,125.0,101.0,21.0,4.0,1.0,6.0,21.0,0.0,20.0,2.0,1.0,0.0,45.0,14.0,2.0,.208,.352,.446,.798,.197,16.83,507.0,23.0,38.0,569.0,504.0,118.0,32.0,2.0,16.0,56.0,0.0,100.0,6.0,3.0,0.0,202.0,60.0,9.0,.234,.316,.401,.717,.261,31.50,2323.0,91.0,198.0,2025
670059,Colin Holderman,114,Cleveland Guardians,,P,2026,,,,,,,,,,,,,,,,,,,,,,,,,,,,,,,,,,,,,,,,,,,,,,,,,2025
547180,Bryce Harper,143,Philadelphia Phillies,,1B,2026,119.0,104.0,27.0,5.0,1.0,6.0,14.0,0.0,21.0,0.0,1.0,0.0,52.0,18.0,1.0,.260,.345,.500,.845,.269,17.33,422.0,25.0,32.0,580.0,501.0,131.0,32.0,0.0,27.0,70.0,6.0,121.0,6.0,3.0,0.0,244.0,75.0,5.0,.261,.357,.487,.844,.292,18.56,2172.0,127.0,125.0,2025
670032,Nicky Lopez,112,Chicago Cubs,,3B,2026,2.0,2.0,0.0,0.0,0.0,0.0,0.0,0.0,2.0,0.0,0.0,0.0,0.0,0.0,0.0,.000,.000,.000,.000,.---,-.--,14.0,0.0,0.0,28.0,24.0,1.0,0.0,0.0,0.0,4.0,0.0,4.0,0.0,0.0,0.0,1.0,1.0,1.0,.042,.179,.042,.221,.050,-.--,106.0,13.0,6.0,2025
686452,Drew Millas,120,Washington Nationals,,C,2026,53.0,47.0,7.0,2.0,0.0,0.0,4.0,0.0,13.0,0.0,0.0,1.0,9.0,3.0,0.0,.149,.216,.191,.407,.206,-.--,200.0,15.0,13.0,55.0,49.0,15.0,5.0,1.0,0.0,4.0,0.0,7.0,0.0,0.0,1.0,22.0,7.0,0.0,.306,.358,.449,.807,.357,-.--,209.0,16.0,12.0,2025
676254,Ryan Walker,137,San Francisco Giants,,P,2026,,,,,,,,,,,,,,,,,,,,,,,,,0.0,0.0,0.0,0.0,0.0,0.0,0.0,0.0,0.0,0.0,0.0,0.0,0.0,0.0,0.0,.000,.000,.000,.000,.---,-.--,0.0,0.0,0.0,2025
663947,Tyler Holton,116,Detroit Tigers,,P,2026,,,,,,,,,,,,,,,,,,,,,,,,,,,,,,,,,,,,,,,,,,,,,,,,,2025
641401,Connor Brogdon,114,Cleveland Guardians,,P,2026,,,,,,,,,,,,,,,,,,,,,,,,,,,,,,,,,,,,,,,,,,,,,,,,,2025
543135,Nathan Eovaldi,140,Texas Rangers,,P,2026,,,,,,,,,,,,,,,,,,,,,,,,,,,,,,,,,,,,,,,,,,,,,,,,,2025
666023,Freddy Fermin,135,San Diego Padres,,C,2026,58.0,47.0,8.0,3.0,0.0,0.0,7.0,0.0,13.0,2.0,2.0,0.0,11.0,3.0,0.0,.170,.293,.234,.527,.222,-.--,232.0,13.0,15.0,347.0,319.0,80.0,13.0,0.0,5.0,19.0,1.0,65.0,2.0,0.0,7.0,108.0,26.0,5.0,.251,.297,.339,.636,.301,63.80,1372.0,88.0,93.0,2025
666018,Jonathan Aranda,139,Tampa Bay Rays,,1B,2026,124.0,101.0,23.0,4.0,0.0,7.0,19.0,1.0,29.0,1.0,3.0,0.0,48.0,24.0,1.0,.228,.347,.475,.822,.235,14.43,516.0,21.0,31.0,422.0,370.0,117.0,22.0,0.0,14.0,41.0,3.0,107.0,8.0,3.0,0.0,181.0,59.0,9.0,.316,.393,.489,.882,.409,26.43,1717.0,64.0,85.0,2025
663969,Tyler Phillips,146,Miami Marlins,,P,2026,,,,,,,,,,,,,,,,,,,,,,,,,,,,,,,,,,,,,,,,,,,,,,,,,2025
676263,Jack Dreyer,119,Los Angeles Dodgers,,P,2026,,,,,,,,,,,,,,,,,,,,,,,,,,,,,,,,,,,,,,,,,,,,,,,,,2025
663978,Chris Paddack,146,Miami Marlins,,P,2026,,,,,,,,,,,,,,,,,,,,,,,,,,,,,,,,,,,,,,,,,,,,,,,,,2025
518585,Fernando Cruz,147,New York Yankees,,P,2026,,,,,,,,,,,,,,,,,,,,,,,,,,,,,,,,,,,,,,,,,,,,,,,,,2025
805300,Jakob Marsee,146,Miami Marlins,,CF,2026,131.0,110.0,21.0,3.0,2.0,1.0,18.0,0.0,27.0,2.0,1.0,0.0,31.0,8.0,1.0,.191,.313,.282,.595,.241,110.00,542.0,23.0,40.0,234.0,209.0,61.0,18.0,3.0,5.0,22.0,0.0,48.0,2.0,1.0,0.0,100.0,33.0,2.0,.292,.363,.478,.841,.357,41.80,881.0,52.0,49.0,2025
663992,Richard Lovelady,120,Washington Nationals,,P,2026,,,,,,,,,,,,,,,,,,,,,,,,,,,,,,,,,,,,,,,,,,,,,,,,,2025
676282,Joey Cantillo,114,Cleveland Guardians,,P,2026,,,,,,,,,,,,,,,,,,,,,,,,,,,,,,,,,,,,,,,,,,,,,,,,,2025
608701,Rob Refsnyder,136,Seattle Mariners,,RF,2026,42.0,37.0,5.0,0.0,0.0,2.0,4.0,0.0,9.0,0.0,1.0,0.0,11.0,3.0,0.0,.135,.214,.297,.511,.111,18.50,162.0,7.0,17.0,209.0,182.0,49.0,12.0,0.0,9.0,24.0,1.0,54.0,1.0,2.0,0.0,88.0,30.0,6.0,.269,.354,.484,.838,.331,20.22,887.0,43.0,38.0,2025
686527,Dominic Canzone,136,Seattle Mariners,,RF,2026,68.0,61.0,17.0,6.0,0.0,3.0,5.0,0.0,13.0,1.0,1.0,0.0,32.0,12.0,0.0,.279,.338,.525,.863,.304,20.33,254.0,9.0,23.0,269.0,243.0,73.0,11.0,0.0,11.0,20.0,0.0,59.0,3.0,2.0,0.0,117.0,32.0,6.0,.300,.358,.481,.839,.354,22.09,1028.0,55.0,59.0,2025
694728,Brice Matthews,117,Houston Astros,,LF,2026,50.0,44.0,6.0,3.0,0.0,1.0,5.0,0.0,20.0,0.0,0.0,1.0,12.0,5.0,0.0,.136,.224,.273,.497,.217,44.00,233.0,11.0,8.0,47.0,42.0,7.0,0.0,0.0,4.0,2.0,0.0,20.0,1.0,0.0,2.0,19.0,9.0,0.0,.167,.222,.452,.674,.167,10.50,179.0,7.0,10.0,2025
641487,J.P. Crawford,136,Seattle Mariners,,SS,2026,91.0,73.0,13.0,3.0,0.0,1.0,16.0,0.0,16.0,2.0,0.0,0.0,19.0,6.0,3.0,.178,.341,.260,.601,.214,73.00,380.0,22.0,22.0,654.0,570.0,151.0,24.0,0.0,12.0,74.0,1.0,122.0,3.0,1.0,6.0,211.0,58.0,11.0,.265,.352,.370,.722,.318,47.50,2731.0,155.0,149.0,2025
608718,Brent Suter,108,Los Angeles Angels,,P,2026,,,,,,,,,,,,,,,,,,,,,,,,,,,,,,,,,,,,,,,,,,,,,,,,,2025
694738,Landen Roupp,137,San Francisco Giants,,P,2026,,,,,,,,,,,,,,,,,,,,,,,,,,,,,,,,,,,,,,,,,,,,,,,,,2025
686560,Gavin Collyer,140,Texas Rangers,,P,2026,,,,,,,,,,,,,,,,,,,,,,,,,,,,,,,,,,,,,,,,,,,,,,,,,2025
664023,Ian Happ,112,Chicago Cubs,,LF,2026,124.0,106.0,25.0,4.0,0.0,7.0,17.0,1.0,37.0,1.0,0.0,0.0,50.0,14.0,3.0,.236,.347,.472,.819,.290,15.14,491.0,23.0,21.0,663.0,569.0,138.0,32.0,0.0,23.0,87.0,2.0,151.0,2.0,5.0,0.0,239.0,79.0,8.0,.243,.342,.420,.762,.288,24.74,2717.0,120.0,165.0,2025
621020,Dansby Swanson,112,Chicago Cubs,,SS,2026,121.0,97.0,20.0,1.0,1.0,6.0,20.0,0.0,28.0,1.0,3.0,0.0,41.0,21.0,1.0,.206,.339,.423,.762,.212,16.17,517.0,26.0,26.0,645.0,590.0,144.0,24.0,3.0,24.0,47.0,1.0,168.0,2.0,5.0,1.0,246.0,77.0,9.0,.244,.300,.417,.717,.298,24.58,2521.0,137.0,147.0,2025
664034,Ty France,135,San Diego Padres,,1B,2026,40.0,37.0,11.0,2.0,1.0,3.0,2.0,0.0,4.0,1.0,0.0,0.0,24.0,7.0,0.0,.297,.350,.649,.999,.267,12.33,133.0,13.0,9.0,490.0,444.0,114.0,25.0,0.0,7.0,22.0,1.0,83.0,21.0,3.0,0.0,160.0,52.0,11.0,.257,.320,.360,.680,.300,63.43,1873.0,137.0,113.0,2025
621043,Carlos Correa,117,Houston Astros,,SS,2026,112.0,96.0,27.0,7.0,0.0,2.0,15.0,1.0,18.0,0.0,1.0,0.0,40.0,14.0,5.0,.281,.375,.417,.792,.325,48.00,470.0,30.0,22.0,584.0,537.0,148.0,29.0,0.0,13.0,45.0,0.0,113.0,1.0,1.0,0.0,216.0,52.0,19.0,.276,.332,.402,.734,.328,41.31,2311.0,153.0,124.0,2025
518595,Travis d'Arnaud,108,Los Angeles Angels,,C,2026,27.0,22.0,4.0,1.0,0.0,0.0,3.0,0.0,5.0,2.0,0.0,0.0,5.0,0.0,1.0,.182,.333,.227,.560,.235,-.--,98.0,4.0,9.0,231.0,213.0,42.0,13.0,0.0,6.0,13.0,0.0,74.0,4.0,1.0,0.0,73.0,21.0,5.0,.197,.255,.343,.598,.269,35.50,873.0,45.0,53.0,2025
678391,Jorbit Vivas,120,Washington Nationals,,3B,2026,69.0,56.0,16.0,3.0,0.0,0.0,6.0,0.0,8.0,4.0,1.0,2.0,19.0,3.0,2.0,.286,.388,.339,.727,.327,-.--,243.0,23.0,12.0,66.0,56.0,9.0,2.0,0.0,1.0,5.0,0.0,13.0,3.0,0.0,0.0,14.0,5.0,0.0,.161,.266,.250,.516,.190,56.00,246.0,17.0,17.0,2025
805367,Chase Meidroth,145,Chicago White Sox,,2B,2026,120.0,103.0,27.0,5.0,0.0,1.0,13.0,0.0,26.0,0.0,1.0,2.0,35.0,3.0,3.0,.262,.342,.340,.682,.338,103.00,510.0,30.0,23.0,505.0,450.0,114.0,15.0,0.0,5.0,45.0,0.0,72.0,6.0,1.0,3.0,144.0,23.0,14.0,.253,.329,.320,.649,.291,90.00,2057.0,149.0,119.0,2025
664059,Sam Haggerty,140,Texas Rangers,,LF,2026,24.0,23.0,3.0,0.0,0.0,0.0,1.0,0.0,11.0,0.0,0.0,0.0,3.0,0.0,0.0,.130,.167,.130,.297,.250,-.--,91.0,3.0,6.0,182.0,162.0,41.0,7.0,3.0,2.0,16.0,1.0,37.0,2.0,0.0,1.0,60.0,13.0,1.0,.253,.328,.370,.698,.317,81.00,644.0,48.0,37.0,2025
676356,Jonny DeLuca,139,Tampa Bay Rays,,RF,2026,63.0,60.0,17.0,5.0,0.0,2.0,3.0,0.0,11.0,0.0,0.0,0.0,28.0,13.0,3.0,.283,.317,.467,.784,.319,30.00,215.0,14.0,18.0,59.0,57.0,19.0,1.0,3.0,0.0,2.0,0.0,13.0,0.0,0.0,0.0,26.0,4.0,0.0,.333,.356,.456,.812,.432,-.--,224.0,10.0,15.0,2025
672275,Patrick Bailey,137,San Francisco Giants,,C,2026,74.0,68.0,10.0,0.0,0.0,1.0,6.0,0.0,15.0,0.0,0.0,0.0,13.0,5.0,3.0,.147,.216,.191,.407,.173,68.00,295.0,20.0,23.0,452.0,409.0,91.0,18.0,3.0,6.0,30.0,0.0,133.0,3.0,6.0,4.0,133.0,55.0,7.0,.222,.277,.325,.602,.308,68.17,1724.0,82.0,113.0,2025
700932,Kyle Manzardo,114,Cleveland Guardians,,1B,2026,89.0,79.0,16.0,2.0,0.0,1.0,8.0,0.0,30.0,2.0,0.0,0.0,21.0,6.0,4.0,.203,.292,.266,.558,.313,79.00,381.0,17.0,16.0,531.0,470.0,110.0,19.0,2.0,27.0,48.0,2.0,135.0,8.0,5.0,0.0,214.0,70.0,7.0,.234,.313,.455,.768,.265,17.41,2018.0,82.0,148.0,2025
641555,J.C. Escarra,147,New York Yankees,,C,2026,29.0,28.0,6.0,2.0,1.0,0.0,1.0,0.0,9.0,0.0,0.0,0.0,10.0,5.0,0.0,.214,.241,.357,.598,.316,-.--,119.0,9.0,4.0,98.0,84.0,17.0,5.0,0.0,2.0,11.0,0.0,14.0,1.0,2.0,0.0,28.0,11.0,1.0,.202,.296,.333,.629,.214,42.00,395.0,28.0,27.0,2025
670183,Garrett Acton,142,Minnesota Twins,,P,2026,,,,,,,,,,,,,,,,,,,,,,,,,,,,,,,,,,,,,,,,,,,,,,,,,2025
672282,Reid Detmers,108,Los Angeles Angels,,P,2026,,,,,,,,,,,,,,,,,,,,,,,,,,,,,,,,,,,,,,,,,,,,,,,,,2025
518692,Freddie Freeman,119,Los Angeles Dodgers,,1B,2026,119.0,107.0,29.0,7.0,1.0,3.0,11.0,1.0,14.0,1.0,0.0,0.0,47.0,15.0,3.0,.271,.345,.439,.784,.289,35.67,449.0,30.0,34.0,627.0,556.0,164.0,39.0,2.0,24.0,60.0,7.0,128.0,6.0,5.0,0.0,279.0,90.0,13.0,.295,.367,.502,.869,.342,23.17,2382.0,128.0,141.0,2025
666139,Josh Lowe,108,Los Angeles Angels,,LF,2026,77.0,69.0,13.0,1.0,0.0,3.0,5.0,0.0,22.0,1.0,1.0,1.0,23.0,9.0,0.0,.188,.250,.333,.583,.222,23.00,332.0,14.0,22.0,435.0,396.0,87.0,21.0,2.0,11.0,33.0,1.0,109.0,3.0,2.0,1.0,145.0,40.0,7.0,.220,.283,.366,.649,.273,36.00,1842.0,105.0,98.0,2025
571945,Miles Mikolas,120,Washington Nationals,,P,2026,,,,,,,,,,,,,,,,,,,,,,,,,,,,,,,,,,,,,,,,,,,,,,,,,2025
571948,Hoby Milner,112,Chicago Cubs,,P,2026,,,,,,,,,,,,,,,,,,,,,,,,,0.0,0.0,0.0,0.0,0.0,0.0,0.0,0.0,0.0,0.0,0.0,0.0,0.0,0.0,0.0,.000,.000,.000,.000,.---,-.--,0.0,0.0,0.0,2025
641584,Jake Fraley,139,Tampa Bay Rays,,RF,2026,59.0,53.0,13.0,5.0,0.0,2.0,6.0,0.0,14.0,0.0,0.0,0.0,24.0,4.0,1.0,.245,.322,.453,.775,.297,26.50,250.0,7.0,19.0,217.0,191.0,46.0,9.0,0.0,6.0,25.0,1.0,49.0,1.0,0.0,0.0,73.0,23.0,1.0,.241,.332,.382,.714,.294,31.83,834.0,38.0,58.0,2025
571927,Steven Matz,139,Tampa Bay Rays,,P,2026,,,,,,,,,,,,,,,,,,,,,,,,,,,,,,,,,,,,,,,,,,,,,,,,,2025
621111,Walker Buehler,135,San Diego Padres,,P,2026,,,,,,,,,,,,,,,,,,,,,,,,,,,,,,,,,,,,,,,,,,,,,,,,,2025
670242,Matt Wallner,142,Minnesota Twins,,RF,2026,106.0,93.0,16.0,2.0,0.0,3.0,9.0,0.0,39.0,4.0,0.0,0.0,27.0,7.0,2.0,.172,.274,.290,.564,.255,31.00,439.0,24.0,14.0,392.0,336.0,68.0,16.0,3.0,22.0,46.0,0.0,114.0,8.0,2.0,0.0,156.0,40.0,3.0,.202,.311,.464,.775,.228,15.27,1555.0,62.0,94.0,2025
545341,Randal Grichuk,147,New York Yankees,,LF,2026,33.0,31.0,6.0,4.0,0.0,0.0,1.0,0.0,10.0,0.0,1.0,0.0,10.0,2.0,0.0,.194,.212,.323,.535,.273,-.--,120.0,6.0,10.0,293.0,272.0,62.0,18.0,1.0,9.0,17.0,1.0,61.0,1.0,3.0,0.0,109.0,27.0,6.0,.228,.273,.401,.674,.259,30.22,1077.0,68.0,84.0,2025
666171,Ryan Zeferjahn,108,Los Angeles Angels,,P,2026,,,,,,,,,,,,,,,,,,,,,,,,,,,,,,,,,,,,,,,,,,,,,,,,,2025
641598,Mitch Garver,136,Seattle Mariners,,C,2026,39.0,32.0,7.0,1.0,0.0,0.0,7.0,0.0,11.0,0.0,0.0,0.0,8.0,1.0,0.0,.219,.359,.250,.609,.333,-.--,166.0,7.0,7.0,290.0,254.0,53.0,5.0,1.0,9.0,30.0,1.0,80.0,3.0,3.0,0.0,87.0,30.0,6.0,.209,.297,.343,.640,.262,28.22,1166.0,47.0,77.0,2025
666176,Jo Adell,108,Los Angeles Angels,,RF,2026,131.0,122.0,32.0,2.0,0.0,4.0,4.0,0.0,26.0,4.0,1.0,0.0,46.0,18.0,4.0,.262,.305,.377,.682,.301,30.50,498.0,29.0,36.0,573.0,526.0,124.0,18.0,1.0,37.0,33.0,0.0,151.0,10.0,1.0,0.0,255.0,98.0,10.0,.236,.293,.485,.778,.257,14.22,2220.0,111.0,141.0,2025
664126,Pete Fairbanks,146,Miami Marlins,,P,2026,,,,,,,,,,,,,,,,,,,,,,,,,,,,,,,,,,,,,,,,,,,,,,,,,2025
621121,Lance McCullers Jr.,117,Houston Astros,,P,2026,,,,,,,,,,,,,,,,,,,,,,,,,,,,,,,,,,,,,,,,,,,,,,,,,2025
668227,Randy Arozarena,136,Seattle Mariners,,LF,2026,126.0,108.0,31.0,8.0,0.0,2.0,13.0,0.0,27.0,3.0,2.0,0.0,45.0,11.0,0.0,.287,.373,.417,.790,.358,54.00,511.0,30.0,22.0,709.0,613.0,146.0,32.0,1.0,27.0,64.0,2.0,191.0,27.0,5.0,0.0,261.0,76.0,9.0,.238,.334,.426,.760,.298,22.70,2873.0,125.0,156.0,2025
592450,Aaron Judge,147,New York Yankees,,RF,2026,127.0,103.0,26.0,5.0,0.0,11.0,21.0,1.0,34.0,2.0,0.0,0.0,64.0,19.0,2.0,.252,.389,.621,1.010,.259,9.36,570.0,22.0,21.0,679.0,541.0,179.0,30.0,2.0,53.0,124.0,36.0,160.0,7.0,7.0,0.0,372.0,114.0,16.0,.331,.457,.688,1.145,.376,10.21,2631.0,84.0,125.0,2025
571970,Max Muncy,119,Los Angeles Dodgers,,3B,2026,108.0,94.0,28.0,3.0,0.0,9.0,14.0,1.0,28.0,0.0,0.0,0.0,58.0,11.0,1.0,.298,.389,.617,1.006,.333,10.44,440.0,21.0,17.0,388.0,313.0,76.0,10.0,2.0,19.0,64.0,2.0,83.0,6.0,5.0,0.0,147.0,67.0,4.0,.243,.376,.470,.846,.264,16.47,1650.0,61.0,98.0,2025
666182,Bo Bichette,121,New York Mets,,3B,2026,123.0,116.0,27.0,5.0,0.0,1.0,6.0,0.0,27.0,0.0,1.0,0.0,35.0,12.0,5.0,.233,.268,.302,.570,.292,116.00,449.0,39.0,24.0,628.0,582.0,181.0,44.0,1.0,18.0,40.0,2.0,91.0,3.0,3.0,0.0,281.0,94.0,17.0,.311,.357,.483,.840,.342,32.33,2308.0,171.0,142.0,2025
676428,Brant Hurter,116,Detroit Tigers,,P,2026,,,,,,,,,,,,,,,,,,,,,,,,,,,,,,,,,,,,,,,,,,,,,,,,,2025
670280,David Bednar,147,New York Yankees,,P,2026,,,,,,,,,,,,,,,,,,,,,,,,,,,,,,,,,,,,,,,,,,,,,,,,,2025
674370,Osvaldo Bido,145,Chicago White Sox,,P,2026,,,,,,,,,,,,,,,,,,,,,,,,,,,,,,,,,,,,,,,,,,,,,,,,,2025
664141,JT Brubaker,137,San Francisco Giants,,P,2026,,,,,,,,,,,,,,,,,,,,,,,,,,,,,,,,,,,,,,,,,,,,,,,,,2025
672335,Cionel Pérez,120,Washington Nationals,,P,2026,,,,,,,,,,,,,,,,,,,,,,,,,0.0,0.0,0.0,0.0,0.0,0.0,0.0,0.0,0.0,0.0,0.0,0.0,0.0,0.0,0.0,.000,.000,.000,.000,.---,-.--,0.0,0.0,0.0,2025
543309,Kyle Higashioka,140,Texas Rangers,,C,2026,46.0,41.0,9.0,1.0,0.0,1.0,5.0,0.0,13.0,0.0,0.0,0.0,13.0,3.0,2.0,.220,.304,.317,.621,.296,41.00,185.0,7.0,12.0,327.0,303.0,73.0,14.0,1.0,11.0,20.0,0.0,72.0,2.0,2.0,0.0,122.0,47.0,5.0,.241,.291,.403,.694,.279,27.54,1279.0,68.0,92.0,2025
621112,Paul Blackburn,147,New York Yankees,,P,2026,0.0,0.0,0.0,0.0,0.0,0.0,0.0,0.0,0.0,0.0,0.0,0.0,0.0,0.0,0.0,.000,.000,.000,.000,.---,-.--,0.0,0.0,0.0,,,,,,,,,,,,,,,,,,,,,,,,,2025
545361,Mike Trout,108,Los Angeles Angels,,CF,2026,135.0,103.0,25.0,5.0,0.0,9.0,30.0,3.0,26.0,2.0,0.0,0.0,57.0,20.0,2.0,.243,.422,.553,.975,.235,11.44,582.0,19.0,33.0,556.0,456.0,106.0,14.0,1.0,26.0,87.0,10.0,178.0,6.0,6.0,0.0,200.0,64.0,7.0,.232,.359,.439,.798,.310,17.54,2482.0,66.0,112.0,2025
676439,Hunter Feduccia,139,Tampa Bay Rays,,C,2026,35.0,29.0,7.0,0.0,0.0,0.0,6.0,0.0,13.0,0.0,0.0,0.0,7.0,4.0,0.0,.241,.371,.241,.612,.438,-.--,150.0,3.0,6.0,105.0,88.0,13.0,5.0,0.0,0.0,15.0,0.0,29.0,0.0,2.0,0.0,18.0,8.0,0.0,.148,.267,.205,.472,.213,-.--,477.0,21.0,27.0,2025
676440,Tanner Bibee,114,Cleveland Guardians,,P,2026,,,,,,,,,,,,,,,,,,,,,,,,,,,,,,,,,,,,,,,,,,,,,,,,,2025
666200,Jesús Luzardo,143,Philadelphia Phillies,,P,2026,,,,,,,,,,,,,,,,,,,,,,,,,,,,,,,,,,,,,,,,,,,,,,,,,2025
623211,Huascar Brazobán,121,New York Mets,,P,2026,,,,,,,,,,,,,,,,,,,,,,,,,,,,,,,,,,,,,,,,,,,,,,,,,2025
682608,Peyton Gray,140,Texas Rangers,,P,2026,,,,,,,,,,,,,,,,,,,,,,,,,,,,,,,,,,,,,,,,,,,,,,,,,2025
670329,Rico Garcia,110,Baltimore Orioles,,P,2026,,,,,,,,,,,,,,,,,,,,,,,,,,,,,,,,,,,,,,,,,,,,,,,,,2025
664192,Joey Lucchesi,108,Los Angeles Angels,,P,2026,,,,,,,,,,,,,,,,,,,,,,,,,,,,,,,,,,,,,,,,,,,,,,,,,2025
682626,Francisco Alvarez,121,New York Mets,,C,2026,89.0,75.0,18.0,2.0,0.0,4.0,9.0,0.0,18.0,2.0,1.0,0.0,32.0,7.0,5.0,.240,.333,.427,.760,.259,18.75,363.0,21.0,19.0,277.0,246.0,63.0,12.0,1.0,11.0,27.0,0.0,73.0,4.0,0.0,0.0,110.0,32.0,6.0,.256,.339,.447,.786,.321,22.36,1123.0,61.0,49.0,2025
694918,Blade Tidwell,137,San Francisco Giants,,P,2026,,,,,,,,,,,,,,,,,,,,,,,,,,,,,,,,,,,,,,,,,,,,,,,,,2025
592518,Manny Machado,135,San Diego Padres,,3B,2026,114.0,95.0,22.0,4.0,0.0,4.0,17.0,1.0,22.0,0.0,2.0,0.0,38.0,16.0,2.0,.232,.342,.400,.742,.254,23.75,466.0,28.0,25.0,678.0,615.0,169.0,33.0,0.0,27.0,55.0,4.0,131.0,3.0,5.0,0.0,283.0,95.0,16.0,.275,.335,.460,.795,.307,22.78,2647.0,144.0,176.0,2025
641680,Jonah Heim,144,Atlanta Braves,,C,2026,34.0,30.0,7.0,3.0,0.0,0.0,4.0,0.0,5.0,0.0,0.0,0.0,10.0,2.0,0.0,.233,.324,.333,.657,.280,-.--,120.0,9.0,9.0,433.0,395.0,84.0,14.0,0.0,11.0,32.0,0.0,88.0,1.0,4.0,1.0,131.0,43.0,10.0,.213,.271,.332,.603,.243,35.91,1704.0,106.0,122.0,2025
664208,Phil Maton,112,Chicago Cubs,,P,2026,,,,,,,,,,,,,,,,,,,,,,,,,0.0,0.0,0.0,0.0,0.0,0.0,0.0,0.0,0.0,0.0,0.0,0.0,0.0,0.0,0.0,.000,.000,.000,.000,.---,-.--,0.0,0.0,0.0,2025
678554,Curtis Mead,120,Washington Nationals,,1B,2026,64.0,57.0,10.0,3.0,0.0,3.0,7.0,0.0,11.0,0.0,0.0,0.0,22.0,10.0,0.0,.175,.266,.386,.652,.163,19.00,265.0,17.0,19.0,264.0,240.0,56.0,10.0,1.0,3.0,15.0,0.0,63.0,8.0,1.0,0.0,77.0,19.0,9.0,.233,.299,.321,.620,.303,80.00,1019.0,47.0,75.0,2025
676510,Nolan Hoffman,143,Philadelphia Phillies,,P,2026,,,,,,,,,,,,,,,,,,,,,,,,,,,,,,,,,,,,,,,,,,,,,,,,,2025
682657,Angel Martínez,114,Cleveland Guardians,,LF,2026,93.0,87.0,24.0,5.0,0.0,5.0,3.0,0.0,18.0,2.0,0.0,1.0,44.0,15.0,1.0,.276,.315,.506,.821,.297,17.40,381.0,21.0,25.0,484.0,446.0,100.0,23.0,2.0,11.0,23.0,0.0,110.0,6.0,4.0,5.0,160.0,45.0,8.0,.224,.269,.359,.628,.271,40.54,1797.0,100.0,145.0,2025
680573,Simeon Woods Richardson,142,Minnesota Twins,,P,2026,,,,,,,,,,,,,,,,,,,,,,,,,,,,,,,,,,,,,,,,,,,,,,,,,2025
682663,Agustín Ramírez,146,Miami Marlins,,C,2026,113.0,102.0,24.0,5.0,1.0,2.0,9.0,1.0,24.0,1.0,1.0,0.0,37.0,12.0,4.0,.235,.301,.363,.664,.286,51.00,429.0,31.0,24.0,585.0,537.0,124.0,33.0,1.0,21.0,36.0,2.0,113.0,8.0,4.0,0.0,222.0,67.0,13.0,.231,.287,.413,.700,.253,25.57,2122.0,161.0,143.0,2025
682668,Luisangel Acuña,145,Chicago White Sox,,CF,2026,75.0,67.0,12.0,1.0,0.0,0.0,5.0,0.0,10.0,1.0,1.0,1.0,13.0,3.0,3.0,.179,.243,.194,.437,.207,-.--,275.0,29.0,18.0,193.0,175.0,41.0,7.0,0.0,0.0,13.0,0.0,37.0,2.0,1.0,2.0,48.0,8.0,6.0,.234,.293,.274,.567,.295,-.--,687.0,58.0,42.0,2025
664238,Dylan Moore,143,Philadelphia Phillies,,CF,2026,14.0,11.0,0.0,0.0,0.0,0.0,3.0,0.0,5.0,0.0,0.0,0.0,0.0,0.0,0.0,.000,.214,.000,.214,.000,-.--,76.0,0.0,6.0,243.0,219.0,44.0,5.0,0.0,11.0,20.0,0.0,82.0,1.0,3.0,0.0,82.0,25.0,1.0,.201,.267,.374,.641,.256,19.91,1010.0,36.0,60.0,2025
621237,José Alvarado,143,Philadelphia Phillies,,P,2026,,,,,,,,,,,,,,,,,,,,,,,,,,,,,,,,,,,,,,,,,,,,,,,,,2025
676534,Calvin Faucher,146,Miami Marlins,,P,2026,,,,,,,,,,,,,,,,,,,,,,,,,,,,,,,,,,,,,,,,,,,,,,,,,2025
660162,Yoán Moncada,108,Los Angeles Angels,,3B,2026,93.0,76.0,15.0,0.0,1.0,3.0,15.0,0.0,30.0,2.0,0.0,0.0,26.0,9.0,1.0,.197,.344,.342,.686,.279,25.33,398.0,14.0,17.0,289.0,248.0,58.0,13.0,2.0,12.0,32.0,1.0,75.0,7.0,2.0,0.0,111.0,35.0,4.0,.234,.336,.448,.784,.282,20.67,1128.0,48.0,69.0,2025
672456,Keider Montero,116,Detroit Tigers,,P,2026,,,,,,,,,,,,,,,,,,,,,,,,,,,,,,,,,,,,,,,,,,,,,,,,,2025
666310,Bo Naylor,114,Cleveland Guardians,,C,2026,67.0,62.0,8.0,1.0,0.0,1.0,5.0,0.0,16.0,0.0,0.0,0.0,12.0,3.0,2.0,.129,.194,.194,.388,.156,62.00,295.0,14.0,24.0,414.0,359.0,70.0,22.0,1.0,14.0,45.0,0.0,99.0,1.0,6.0,3.0,136.0,47.0,4.0,.195,.282,.379,.661,.222,25.64,1681.0,72.0,127.0,2025
527048,Martín Pérez,144,Atlanta Braves,,P,2026,,,,,,,,,,,,,,,,,,,,,,,,,,,,,,,,,,,,,,,,,,,,,,,,,2025
641743,Anthony Kay,145,Chicago White Sox,,P,2026,,,,,,,,,,,,,,,,,,,,,,,,,,,,,,,,,,,,,,,,,,,,,,,,,2025
686799,Jack Kochanowicz,108,Los Angeles Angels,,P,2026,,,,,,,,,,,,,,,,,,,,,,,,,,,,,,,,,,,,,,,,,,,,,,,,,2025
686797,Brooks Lee,142,Minnesota Twins,,SS,2026,100.0,91.0,22.0,2.0,0.0,5.0,8.0,0.0,18.0,1.0,0.0,0.0,39.0,15.0,0.0,.242,.310,.429,.739,.250,18.20,403.0,22.0,29.0,527.0,487.0,115.0,15.0,1.0,16.0,31.0,0.0,92.0,4.0,5.0,0.0,180.0,64.0,11.0,.236,.285,.370,.655,.258,30.44,2009.0,138.0,147.0,2025
678606,Jose A. Ferrer,136,Seattle Mariners,,P,2026,,,,,,,,,,,,,,,,,,,,,,,,,0.0,0.0,0.0,0.0,0.0,0.0,0.0,0.0,0.0,0.0,0.0,0.0,0.0,0.0,0.0,.000,.000,.000,.000,.---,-.--,0.0,0.0,0.0,2025
641745,Brad Keller,143,Philadelphia Phillies,,P,2026,,,,,,,,,,,,,,,,,,,,,,,,,,,,,,,,,,,,,,,,,,,,,,,,,2025
676571,PJ Poulin,120,Washington Nationals,,P,2026,,,,,,,,,,,,,,,,,,,,,,,,,0.0,0.0,0.0,0.0,0.0,0.0,0.0,0.0,0.0,0.0,0.0,0.0,0.0,0.0,0.0,.000,.000,.000,.000,.---,-.--,0.0,0.0,0.0,2025
641755,Tyler Kinley,144,Atlanta Braves,,P,2026,,,,,,,,,,,,,,,,,,,,,,,,,,,,,,,,,,,,,,,,,,,,,,,,,2025
664285,Framber Valdez,116,Detroit Tigers,,P,2026,,,,,,,,,,,,,,,,,,,,,,,,,,,,,,,,,,,,,,,,,,,,,,,,,2025
518886,Craig Kimbrel,121,New York Mets,,P,2026,,,,,,,,,,,,,,,,,,,,,,,,,,,,,,,,,,,,,,,,,,,,,,,,,2025
686823,Will Brennan,137,San Francisco Giants,,LF,2026,7.0,7.0,0.0,0.0,0.0,0.0,0.0,0.0,1.0,0.0,0.0,0.0,0.0,0.0,1.0,.000,.000,.000,.000,.000,-.--,23.0,4.0,2.0,13.0,11.0,1.0,0.0,0.0,0.0,1.0,0.0,1.0,1.0,0.0,0.0,1.0,0.0,1.0,.091,.231,.091,.322,.100,-.--,46.0,5.0,4.0,2025
668390,Cole Winn,140,Texas Rangers,,P,2026,,,,,,,,,,,,,,,,,,,,,,,,,,,,,,,,,,,,,,,,,,,,,,,,,2025
662253,Andrés Muñoz,136,Seattle Mariners,,P,2026,,,,,,,,,,,,,,,,,,,,,,,,,,,,,,,,,,,,,,,,,,,,,,,,,2025
572143,Burch Smith,116,Detroit Tigers,,P,2026,,,,,,,,,,,,,,,,,,,,,,,,,,,,,,,,,,,,,,,,,,,,,,,,,2025
592626,Joc Pederson,140,Texas Rangers,,1B,2026,77.0,63.0,15.0,1.0,0.0,2.0,12.0,0.0,20.0,1.0,1.0,0.0,22.0,5.0,3.0,.238,.364,.349,.713,.310,31.50,323.0,11.0,18.0,306.0,265.0,48.0,10.0,1.0,9.0,34.0,0.0,65.0,5.0,1.0,0.0,87.0,26.0,5.0,.181,.285,.328,.613,.203,29.44,1237.0,68.0,85.0,2025
688883,Peyton Pallette,114,Cleveland Guardians,,P,2026,,,,,,,,,,,,,,,,,,,,,,,,,,,,,,,,,,,,,,,,,,,,,,,,,2025
680694,Kyle Bradish,110,Baltimore Orioles,,P,2026,,,,,,,,,,,,,,,,,,,,,,,,,,,,,,,,,,,,,,,,,,,,,,,,,2025
680704,Nick Sandlin,108,Los Angeles Angels,,P,2026,,,,,,,,,,,,,,,,,,,,,,,,,0.0,0.0,0.0,0.0,0.0,0.0,0.0,0.0,0.0,0.0,0.0,0.0,0.0,0.0,0.0,.000,.000,.000,.000,.---,-.--,0.0,0.0,0.0,2025
699134,Bradgley Rodriguez,135,San Diego Padres,,P,2026,,,,,,,,,,,,,,,,,,,,,,,,,,,,,,,,,,,,,,,,,,,,,,,,,2025
680700,Richie Palacios,139,Tampa Bay Rays,,2B,2026,51.0,39.0,10.0,1.0,0.0,1.0,8.0,0.0,7.0,3.0,1.0,0.0,14.0,5.0,0.0,.256,.412,.359,.771,.281,39.00,206.0,11.0,12.0,48.0,42.0,14.0,2.0,0.0,1.0,5.0,0.0,9.0,0.0,1.0,0.0,19.0,3.0,3.0,.333,.396,.452,.848,.394,42.00,190.0,11.0,9.0,2025
676609,José Caballero,147,New York Yankees,,SS,2026,106.0,99.0,27.0,5.0,0.0,3.0,4.0,0.0,24.0,3.0,0.0,0.0,41.0,11.0,5.0,.273,.321,.414,.735,.333,33.00,414.0,27.0,21.0,370.0,314.0,74.0,18.0,1.0,5.0,47.0,0.0,98.0,3.0,2.0,4.0,109.0,36.0,1.0,.236,.339,.347,.686,.324,62.80,1501.0,61.0,87.0,2025
666374,Matt Brash,136,Seattle Mariners,,P,2026,,,,,,,,,,,,,,,,,,,,,,,,,,,,,,,,,,,,,,,,,,,,,,,,,2025
606992,Eric Haase,137,San Francisco Giants,,C,2026,3.0,3.0,1.0,1.0,0.0,0.0,0.0,0.0,0.0,0.0,0.0,0.0,2.0,1.0,0.0,.333,.333,.667,1.000,.333,-.--,10.0,1.0,1.0,77.0,70.0,16.0,3.0,0.0,2.0,4.0,0.0,31.0,2.0,0.0,1.0,25.0,9.0,1.0,.229,.289,.357,.646,.378,35.00,337.0,17.0,7.0,2025
592662,Robbie Ray,137,San Francisco Giants,,P,2026,,,,,,,,,,,,,,,,,,,,,,,,,,,,,,,,,,,,,,,,,,,,,,,,,2025
606996,Kyle Hart,135,San Diego Padres,,P,2026,,,,,,,,,,,,,,,,,,,,,,,,,,,,,,,,,,,,,,,,,,,,,,,,,2025
641793,Zack Littell,120,Washington Nationals,,P,2026,,,,,,,,,,,,,,,,,,,,,,,,,,,,,,,,,,,,,,,,,,,,,,,,,2025
680730,Mitchell Parker,120,Washington Nationals,,P,2026,,,,,,,,,,,,,,,,,,,,,,,,,,,,,,,,,,,,,,,,,,,,,,,,,2025
680732,Sean Burke,145,Chicago White Sox,,P,2026,,,,,,,,,,,,,,,,,,,,,,,,,,,,,,,,,,,,,,,,,,,,,,,,,2025
680736,Justin Wrobleski,119,Los Angeles Dodgers,,P,2026,,,,,,,,,,,,,,,,,,,,,,,,,,,,,,,,,,,,,,,,,,,,,,,,,2025
807713,Matt Shaw,112,Chicago Cubs,,RF,2026,72.0,65.0,19.0,5.0,0.0,2.0,5.0,0.0,13.0,0.0,1.0,1.0,30.0,9.0,1.0,.292,.338,.462,.800,.333,32.50,284.0,15.0,20.0,437.0,393.0,89.0,21.0,3.0,13.0,38.0,0.0,94.0,2.0,4.0,0.0,155.0,44.0,2.0,.226,.295,.394,.689,.262,30.23,1720.0,93.0,121.0,2025
807712,Luke Keaschall,142,Minnesota Twins,,2B,2026,119.0,110.0,24.0,4.0,0.0,1.0,7.0,0.0,18.0,1.0,1.0,0.0,31.0,13.0,2.0,.218,.269,.282,.551,.250,110.00,461.0,29.0,40.0,207.0,182.0,55.0,14.0,0.0,4.0,19.0,0.0,29.0,5.0,1.0,0.0,81.0,28.0,4.0,.302,.382,.445,.827,.340,45.50,774.0,49.0,50.0,2025
690976,Alex Freeland,119,Los Angeles Dodgers,,2B,2026,79.0,70.0,16.0,4.0,0.0,1.0,7.0,0.0,25.0,0.0,1.0,1.0,23.0,6.0,1.0,.229,.295,.329,.624,.333,70.00,331.0,19.0,12.0,97.0,84.0,16.0,2.0,1.0,2.0,11.0,0.0,35.0,1.0,0.0,1.0,26.0,6.0,3.0,.190,.292,.310,.602,.298,42.00,429.0,13.0,21.0,2025
641816,Tyler Mahle,137,San Francisco Giants,,P,2026,,,,,,,,,,,,,,,,,,,,,,,,,,,,,,,,,,,,,,,,,,,,,,,,,2025
686894,Joey Wiemer,120,Washington Nationals,,RF,2026,58.0,50.0,16.0,2.0,1.0,3.0,8.0,0.0,21.0,0.0,0.0,0.0,29.0,7.0,2.0,.320,.414,.580,.994,.500,16.67,226.0,8.0,5.0,61.0,55.0,13.0,2.0,0.0,3.0,2.0,1.0,23.0,2.0,2.0,0.0,24.0,12.0,0.0,.236,.279,.436,.715,.323,18.33,219.0,12.0,9.0,2025
641835,Tim Mayza,143,Philadelphia Phillies,,P,2026,,,,,,,,,,,,,,,,,,,,,,,,,,,,,,,,,,,,,,,,,,,,,,,,,2025
660271,Shohei Ohtani,119,Los Angeles Dodgers,,TWP,2026,134.0,108.0,30.0,6.0,0.0,6.0,20.0,5.0,32.0,3.0,2.0,0.0,54.0,13.0,3.0,.278,.398,.500,.898,.333,18.00,505.0,24.0,24.0,727.0,611.0,172.0,25.0,9.0,55.0,109.0,20.0,187.0,3.0,2.0,0.0,380.0,102.0,9.0,.282,.392,.622,1.014,.315,11.11,2865.0,120.0,134.0,2025
690993,Colt Keith,116,Detroit Tigers,,3B,2026,86.0,82.0,26.0,7.0,0.0,0.0,4.0,0.0,18.0,0.0,0.0,0.0,33.0,6.0,2.0,.317,.349,.402,.751,.406,-.--,332.0,18.0,20.0,468.0,414.0,106.0,22.0,2.0,13.0,48.0,1.0,102.0,2.0,4.0,0.0,171.0,45.0,7.0,.256,.333,.413,.746,.307,31.85,1826.0,87.0,123.0,2025
680757,Steven Kwan,114,Cleveland Guardians,,CF,2026,121.0,106.0,23.0,3.0,0.0,1.0,12.0,0.0,15.0,1.0,1.0,1.0,29.0,8.0,3.0,.217,.300,.274,.574,.242,106.00,488.0,36.0,34.0,693.0,625.0,170.0,29.0,1.0,11.0,55.0,2.0,60.0,3.0,7.0,3.0,234.0,56.0,3.0,.272,.330,.374,.704,.283,56.82,2786.0,167.0,238.0,2025
641857,Ryan McMahon,147,New York Yankees,,3B,2026,76.0,66.0,12.0,0.0,0.0,2.0,10.0,0.0,24.0,0.0,0.0,0.0,18.0,7.0,3.0,.182,.289,.273,.562,.250,33.00,307.0,16.0,14.0,586.0,509.0,109.0,23.0,1.0,20.0,70.0,1.0,189.0,4.0,3.0,0.0,194.0,53.0,7.0,.214,.312,.381,.693,.294,25.45,2500.0,106.0,108.0,2025
690997,Nolan McLean,121,New York Mets,,P,2026,,,,,,,,,,,,,,,,,,,,,,,,,,,,,,,,,,,,,,,,,,,,,,,,,2025
691011,Drew Romo,145,Chicago White Sox,,C,2026,5.0,3.0,0.0,0.0,0.0,0.0,2.0,0.0,1.0,0.0,0.0,0.0,0.0,0.0,0.0,.000,.400,.000,.400,.000,-.--,21.0,2.0,0.0,3.0,3.0,0.0,0.0,0.0,0.0,0.0,0.0,3.0,0.0,0.0,0.0,0.0,0.0,0.0,.000,.000,.000,.000,.---,-.--,12.0,0.0,0.0,2025
621383,Tanner Banks,143,Philadelphia Phillies,,P,2026,,,,,,,,,,,,,,,,,,,,,,,,,,,,,,,,,,,,,,,,,,,,,,,,,2025
514888,Jose Altuve,117,Houston Astros,,2B,2026,120.0,104.0,27.0,7.0,0.0,3.0,16.0,1.0,22.0,0.0,0.0,0.0,43.0,8.0,3.0,.260,.358,.413,.771,.304,34.67,436.0,32.0,23.0,654.0,588.0,156.0,24.0,1.0,26.0,55.0,5.0,109.0,4.0,6.0,1.0,260.0,77.0,20.0,.265,.329,.442,.771,.283,22.62,2314.0,149.0,181.0,2025
621366,Ryan Borucki,137,San Francisco Giants,,P,2026,,,,,,,,,,,,,,,,,,,,,,,,,,,,,,,,,,,,,,,,,,,,,,,,,2025
572233,Christian Walker,117,Houston Astros,,1B,2026,118.0,103.0,30.0,8.0,0.0,7.0,13.0,1.0,22.0,1.0,1.0,0.0,59.0,23.0,4.0,.291,.373,.573,.946,.307,14.71,449.0,27.0,25.0,640.0,585.0,139.0,24.0,1.0,27.0,40.0,1.0,177.0,11.0,4.0,0.0,246.0,88.0,10.0,.238,.297,.421,.718,.291,21.67,2513.0,111.0,162.0,2025
676684,Will Vest,116,Detroit Tigers,,P,2026,,,,,,,,,,,,,,,,,,,,,,,,,,,,,,,,,,,,,,,,,,,,,,,,,2025
670541,Yordan Alvarez,117,Houston Astros,,LF,2026,129.0,106.0,38.0,9.0,0.0,11.0,19.0,5.0,11.0,3.0,1.0,0.0,80.0,26.0,1.0,.358,.465,.755,1.220,.318,9.64,488.0,20.0,38.0,199.0,165.0,45.0,8.0,0.0,6.0,28.0,5.0,33.0,0.0,6.0,0.0,71.0,27.0,1.0,.273,.367,.430,.797,.295,27.50,803.0,34.0,59.0,2025
607043,Brandon Nimmo,140,Texas Rangers,,RF,2026,132.0,118.0,33.0,7.0,1.0,4.0,11.0,1.0,26.0,2.0,1.0,0.0,54.0,12.0,3.0,.280,.348,.458,.806,.326,29.50,481.0,30.0,30.0,652.0,587.0,154.0,27.0,0.0,25.0,50.0,1.0,141.0,7.0,7.0,1.0,256.0,92.0,8.0,.262,.324,.436,.760,.301,23.48,2602.0,149.0,151.0,2025
607067,Colin Rea,112,Chicago Cubs,,P,2026,,,,,,,,,,,,,,,,,,,,,,,,,1.0,1.0,0.0,0.0,0.0,0.0,0.0,0.0,1.0,0.0,0.0,0.0,0.0,0.0,0.0,.000,.000,.000,.000,.---,-.--,5.0,0.0,0.0,2025
623437,Justin Topa,142,Minnesota Twins,,P,2026,,,,,,,,,,,,,,,,,,,,,,,,,,,,,,,,,,,,,,,,,,,,,,,,,2025
445276,Kenley Jansen,116,Detroit Tigers,,P,2026,,,,,,,,,,,,,,,,,,,,,,,,,0.0,0.0,0.0,0.0,0.0,0.0,0.0,0.0,0.0,0.0,0.0,0.0,0.0,0.0,0.0,.000,.000,.000,.000,.---,-.--,0.0,0.0,0.0,2025
623454,Drew Anderson,116,Detroit Tigers,,P,2026,,,,,,,,,,,,,,,,,,,,,,,,,,,,,,,,,,,,,,,,,,,,,,,,,2025
680777,Ryan Jeffers,142,Minnesota Twins,,C,2026,88.0,71.0,20.0,2.0,1.0,3.0,15.0,0.0,15.0,1.0,0.0,0.0,33.0,18.0,1.0,.282,.414,.465,.879,.321,23.67,384.0,12.0,25.0,464.0,406.0,108.0,26.0,0.0,9.0,50.0,1.0,91.0,7.0,1.0,0.0,161.0,47.0,9.0,.266,.356,.397,.753,.322,45.11,1879.0,91.0,117.0,2025
656222,Jalen Beeks,140,Texas Rangers,,P,2026,,,,,,,,,,,,,,,,,,,,,,,,,,,,,,,,,,,,,,,,,,,,,,,,,2025
666464,Jerar Encarnacion,137,San Francisco Giants,,RF,2026,27.0,26.0,6.0,1.0,0.0,0.0,1.0,0.0,5.0,0.0,0.0,0.0,7.0,0.0,0.0,.231,.259,.269,.528,.286,-.--,125.0,7.0,8.0,56.0,55.0,11.0,3.0,0.0,2.0,1.0,0.0,15.0,0.0,0.0,0.0,20.0,7.0,3.0,.200,.214,.364,.578,.237,27.50,185.0,17.0,12.0,2025
680802,Ryan Weiss,117,Houston Astros,,P,2026,,,,,,,,,,,,,,,,,,,,,,,,,,,,,,,,,,,,,,,,,,,,,,,,,2025
471911,Carlos Carrasco,144,Atlanta Braves,,P,2026,,,,,,,,,,,,,,,,,,,,,,,,,,,,,,,,,,,,,,,,,,,,,,,,,2025
594798,Jacob deGrom,140,Texas Rangers,,P,2026,,,,,,,,,,,,,,,,,,,,,,,,,,,,,,,,,,,,,,,,,,,,,,,,,2025
682877,Juan Brito,114,Cleveland Guardians,,2B,2026,56.0,51.0,9.0,4.0,0.0,0.0,4.0,0.0,17.0,1.0,0.0,0.0,13.0,3.0,1.0,.176,.250,.255,.505,.265,-.--,235.0,14.0,11.0,,,,,,,,,,,,,,,,,,,,,,,,,2025
621438,Tyrone Taylor,121,New York Mets,,RF,2026,45.0,42.0,9.0,1.0,0.0,2.0,1.0,0.0,8.0,0.0,0.0,2.0,16.0,7.0,0.0,.214,.233,.381,.614,.219,21.00,168.0,12.0,15.0,341.0,310.0,69.0,18.0,3.0,2.0,16.0,1.0,76.0,9.0,2.0,3.0,99.0,27.0,4.0,.223,.279,.319,.598,.286,155.00,1246.0,63.0,107.0,2025
621439,Byron Buxton,142,Minnesota Twins,,CF,2026,120.0,109.0,25.0,4.0,1.0,6.0,8.0,0.0,34.0,2.0,1.0,0.0,49.0,9.0,0.0,.229,.292,.450,.742,.271,18.17,438.0,10.0,41.0,542.0,488.0,129.0,21.0,7.0,35.0,41.0,5.0,148.0,7.0,6.0,0.0,269.0,83.0,0.0,.264,.327,.551,.878,.302,13.94,2028.0,84.0,133.0,2025
672640,Otto Lopez,146,Miami Marlins,,SS,2026,118.0,109.0,34.0,6.0,2.0,3.0,6.0,0.0,23.0,2.0,1.0,0.0,53.0,12.0,0.0,.312,.356,.486,.842,.369,36.33,429.0,29.0,24.0,594.0,544.0,134.0,21.0,0.0,15.0,44.0,2.0,82.0,3.0,3.0,0.0,200.0,77.0,9.0,.246,.305,.368,.673,.264,36.27,2129.0,174.0,157.0,2025
641927,Bailey Ober,142,Minnesota Twins,,P,2026,,,,,,,,,,,,,,,,,,,,,,,,,,,,,,,,,,,,,,,,,,,,,,,,,2025
686948,Drake Baldwin,144,Atlanta Braves,,C,2026,134.0,119.0,37.0,4.0,0.0,7.0,13.0,0.0,26.0,2.0,0.0,0.0,62.0,25.0,4.0,.311,.388,.521,.909,.349,17.00,523.0,29.0,27.0,446.0,405.0,111.0,18.0,2.0,19.0,38.0,0.0,68.0,3.0,0.0,0.0,190.0,80.0,9.0,.274,.341,.469,.810,.289,21.32,1750.0,131.0,95.0,2025
641933,Tyler O'Neill,110,Baltimore Orioles,,RF,2026,42.0,37.0,8.0,0.0,0.0,1.0,3.0,0.0,10.0,2.0,0.0,0.0,11.0,4.0,0.0,.216,.310,.297,.607,.269,37.00,156.0,6.0,13.0,209.0,181.0,36.0,6.0,1.0,9.0,22.0,1.0,51.0,3.0,3.0,0.0,71.0,26.0,2.0,.199,.292,.392,.684,.218,20.11,821.0,35.0,62.0,2025
592791,Jameson Taillon,112,Chicago Cubs,,P,2026,,,,,,,,,,,,,,,,,,,,,,,,,,,,,,,,,,,,,,,,,,,,,,,,,2025
656234,Jake Bird,147,New York Yankees,,P,2026,,,,,,,,,,,,,,,,,,,,,,,,,0.0,0.0,0.0,0.0,0.0,0.0,0.0,0.0,0.0,0.0,0.0,0.0,0.0,0.0,0.0,.000,.000,.000,.000,.---,-.--,0.0,0.0,0.0,2025
676760,Ron Marinaccio,135,San Diego Padres,,P,2026,,,,,,,,,,,,,,,,,,,,,,,,,,,,,,,,,,,,,,,,,,,,,,,,,2025
676775,Keaton Winn,137,San Francisco Giants,,P,2026,,,,,,,,,,,,,,,,,,,,,,,,,,,,,,,,,,,,,,,,,,,,,,,,,2025
502671,Paul Goldschmidt,147,New York Yankees,,1B,2026,33.0,28.0,5.0,4.0,0.0,1.0,4.0,0.0,8.0,1.0,0.0,0.0,12.0,4.0,0.0,.179,.303,.429,.732,.211,28.00,147.0,9.0,6.0,534.0,489.0,134.0,31.0,1.0,10.0,36.0,5.0,100.0,4.0,2.0,0.0,197.0,45.0,8.0,.274,.328,.403,.731,.325,48.90,2092.0,113.0,144.0,2025
670623,Isaac Paredes,117,Houston Astros,,3B,2026,98.0,86.0,20.0,4.0,0.0,3.0,8.0,0.0,17.0,4.0,0.0,0.0,33.0,14.0,2.0,.233,.327,.384,.711,.258,28.67,432.0,13.0,36.0,438.0,378.0,96.0,15.0,1.0,20.0,50.0,0.0,76.0,8.0,2.0,0.0,173.0,53.0,10.0,.254,.352,.458,.810,.268,18.90,1943.0,73.0,135.0,2025
701358,Cam Smith,117,Houston Astros,,RF,2026,115.0,97.0,21.0,5.0,0.0,3.0,13.0,0.0,30.0,2.0,2.0,0.0,35.0,12.0,2.0,.216,.316,.361,.677,.273,32.33,486.0,24.0,24.0,493.0,441.0,104.0,21.0,3.0,9.0,43.0,0.0,137.0,7.0,2.0,0.0,158.0,51.0,11.0,.236,.312,.358,.670,.320,49.00,2024.0,104.0,98.0,2025
682928,CJ Abrams,120,Washington Nationals,,SS,2026,118.0,97.0,26.0,3.0,0.0,7.0,13.0,2.0,20.0,6.0,2.0,0.0,50.0,21.0,2.0,.268,.381,.515,.896,.264,13.86,426.0,22.0,31.0,635.0,580.0,149.0,35.0,5.0,19.0,37.0,1.0,125.0,14.0,3.0,1.0,251.0,60.0,5.0,.257,.315,.433,.748,.296,30.53,2320.0,141.0,169.0,2025
805808,Kevin McGonigle,116,Detroit Tigers,,SS,2026,123.0,106.0,35.0,11.0,2.0,2.0,16.0,0.0,15.0,1.0,0.0,0.0,56.0,12.0,0.0,.330,.423,.528,.951,.371,53.00,501.0,18.0,38.0,,,,,,,,,,,,,,,,,,,,,,,,,2025
621493,Taylor Ward,110,Baltimore Orioles,,LF,2026,132.0,109.0,34.0,13.0,0.0,1.0,21.0,0.0,19.0,1.0,1.0,0.0,50.0,11.0,1.0,.312,.424,.459,.883,.367,109.00,565.0,25.0,32.0,663.0,579.0,132.0,31.0,2.0,36.0,75.0,1.0,175.0,3.0,6.0,0.0,275.0,103.0,13.0,.228,.317,.475,.792,.257,16.08,2788.0,112.0,166.0,2025
695243,Mason Miller,135,San Diego Padres,,P,2026,,,,,,,,,,,,,,,,,,,,,,,,,,,,,,,,,,,,,,,,,,,,,,,,,2025
605135,Chris Bassitt,110,Baltimore Orioles,,P,2026,,,,,,,,,,,,,,,,,,,,,,,,,,,,,,,,,,,,,,,,,,,,,,,,,2025
605137,Josh Bell,142,Minnesota Twins,,1B,2026,114.0,98.0,23.0,5.0,0.0,3.0,14.0,0.0,20.0,1.0,1.0,0.0,37.0,16.0,1.0,.235,.333,.378,.711,.263,32.67,434.0,20.0,36.0,533.0,468.0,111.0,16.0,1.0,22.0,57.0,1.0,88.0,5.0,3.0,0.0,195.0,63.0,15.0,.237,.325,.417,.742,.247,21.27,2102.0,137.0,135.0,2025
672724,Oswald Peraza,108,Los Angeles Angels,,2B,2026,89.0,79.0,22.0,4.0,0.0,4.0,7.0,0.0,22.0,2.0,0.0,1.0,38.0,8.0,1.0,.278,.352,.481,.833,.340,19.75,333.0,18.0,18.0,265.0,244.0,40.0,6.0,0.0,5.0,17.0,0.0,80.0,2.0,1.0,0.0,61.0,20.0,6.0,.164,.223,.250,.473,.219,48.80,1005.0,70.0,55.0,2025
687064,Brandon Young,110,Baltimore Orioles,,P,2026,,,,,,,,,,,,,,,,,,,,,,,,,,,,,,,,,,,,,,,,,,,,,,,,,2025
607192,Tyler Glasnow,119,Los Angeles Dodgers,,P,2026,,,,,,,,,,,,,,,,,,,,,,,,,,,,,,,,,,,,,,,,,,,,,,,,,2025
656305,Matt Chapman,137,San Francisco Giants,,3B,2026,118.0,106.0,30.0,5.0,1.0,1.0,11.0,0.0,22.0,1.0,0.0,0.0,40.0,12.0,4.0,.283,.356,.377,.733,.349,106.00,457.0,33.0,21.0,535.0,454.0,105.0,23.0,2.0,21.0,71.0,1.0,126.0,6.0,4.0,0.0,195.0,61.0,8.0,.231,.340,.430,.770,.270,21.62,2209.0,96.0,131.0,2025
607200,Erick Fedde,145,Chicago White Sox,,P,2026,,,,,,,,,,,,,,,,,,,,,,,,,,,,,,,,,,,,,,,,,,,,,,,,,2025
519141,Drew Pomeranz,108,Los Angeles Angels,,P,2026,,,,,,,,,,,,,,,,,,,,,,,,,,,,,,,,,,,,,,,,,,,,,,,,,2025
607208,Trea Turner,143,Philadelphia Phillies,,SS,2026,125.0,113.0,26.0,5.0,0.0,3.0,12.0,0.0,23.0,0.0,0.0,0.0,40.0,9.0,2.0,.230,.304,.354,.658,.264,37.67,484.0,25.0,39.0,639.0,589.0,179.0,31.0,7.0,15.0,43.0,1.0,107.0,5.0,2.0,0.0,269.0,69.0,11.0,.304,.355,.457,.812,.350,39.27,2407.0,159.0,146.0,2025
682985,Riley Greene,116,Detroit Tigers,,LF,2026,120.0,103.0,31.0,8.0,0.0,3.0,17.0,0.0,29.0,0.0,0.0,0.0,48.0,17.0,2.0,.301,.400,.466,.866,.394,34.33,525.0,21.0,22.0,655.0,600.0,155.0,31.0,1.0,36.0,46.0,1.0,201.0,4.0,5.0,0.0,296.0,111.0,14.0,.258,.313,.493,.806,.323,16.67,2706.0,118.0,131.0,2025
691176,Jasson Domínguez,147,New York Yankees,,LF,2026,4.0,4.0,1.0,0.0,0.0,0.0,0.0,0.0,1.0,0.0,0.0,0.0,1.0,0.0,0.0,.250,.250,.250,.500,.333,-.--,17.0,1.0,1.0,429.0,381.0,98.0,18.0,1.0,10.0,41.0,1.0,115.0,3.0,4.0,0.0,148.0,47.0,5.0,.257,.331,.388,.719,.338,38.10,1692.0,80.0,92.0,2025
457705,Andrew McCutchen,140,Texas Rangers,,LF,2026,43.0,39.0,8.0,2.0,0.0,1.0,3.0,0.0,17.0,0.0,1.0,0.0,13.0,5.0,0.0,.205,.256,.333,.589,.318,39.00,204.0,6.0,9.0,551.0,477.0,114.0,22.0,0.0,13.0,67.0,5.0,118.0,2.0,3.0,0.0,175.0,57.0,12.0,.239,.333,.367,.700,.289,36.69,2267.0,118.0,130.0,2025
625643,Reynaldo López,144,Atlanta Braves,,P,2026,,,,,,,,,,,,,,,,,,,,,,,,,,,,,,,,,,,,,,,,,,,,,,,,,2025
605170,Victor Caratini,142,Minnesota Twins,,C,2026,88.0,72.0,16.0,1.0,0.0,1.0,8.0,0.0,13.0,4.0,4.0,0.0,20.0,11.0,3.0,.222,.318,.278,.596,.242,72.00,328.0,24.0,23.0,386.0,344.0,89.0,14.0,0.0,12.0,23.0,0.0,65.0,13.0,6.0,0.0,139.0,46.0,8.0,.259,.324,.404,.728,.282,28.67,1417.0,93.0,103.0,2025
687093,Vaughn Grissom,108,Los Angeles Angels,,2B,2026,41.0,32.0,12.0,4.0,0.0,0.0,6.0,0.0,2.0,0.0,2.0,0.0,16.0,4.0,1.0,.375,.450,.500,.950,.375,-.--,153.0,10.0,10.0,,,,,,,,,,,,,,,,,,,,,,,,,2025
672761,Wenceel Pérez,116,Detroit Tigers,,RF,2026,43.0,41.0,4.0,0.0,0.0,1.0,2.0,0.0,4.0,0.0,0.0,0.0,7.0,1.0,0.0,.098,.140,.171,.311,.083,41.00,148.0,14.0,19.0,383.0,344.0,84.0,17.0,4.0,13.0,31.0,0.0,87.0,3.0,5.0,0.0,148.0,43.0,5.0,.244,.308,.430,.738,.285,26.46,1534.0,66.0,112.0,2025
678906,Kai-Wei Teng,117,Houston Astros,,P,2026,,,,,,,,,,,,,,,,,,,,,,,,,,,,,,,,,,,,,,,,,,,,,,,,,2025
689147,Orion Kerkering,143,Philadelphia Phillies,,P,2026,,,,,,,,,,,,,,,,,,,,,,,,,,,,,,,,,,,,,,,,,,,,,,,,,2025
683004,Jack Leiter,140,Texas Rangers,,P,2026,,,,,,,,,,,,,,,,,,,,,,,,,1.0,1.0,0.0,0.0,0.0,0.0,0.0,0.0,1.0,0.0,0.0,0.0,0.0,0.0,0.0,.000,.000,.000,.000,.---,-.--,3.0,0.0,0.0,2025
668670,Jake Rogers,116,Detroit Tigers,,C,2026,31.0,27.0,4.0,2.0,0.0,0.0,1.0,0.0,9.0,1.0,2.0,0.0,6.0,4.0,0.0,.148,.194,.222,.416,.200,-.--,124.0,3.0,13.0,142.0,123.0,23.0,5.0,2.0,3.0,15.0,0.0,39.0,1.0,2.0,1.0,41.0,19.0,3.0,.187,.277,.333,.610,.241,41.00,570.0,34.0,30.0,2025
609280,Miguel Andujar,135,San Diego Padres,,3B,2026,68.0,64.0,20.0,6.0,1.0,0.0,3.0,0.0,13.0,1.0,0.0,0.0,28.0,6.0,0.0,.313,.353,.438,.791,.392,-.--,266.0,17.0,14.0,341.0,321.0,102.0,17.0,1.0,10.0,17.0,1.0,49.0,1.0,2.0,0.0,151.0,44.0,8.0,.318,.352,.470,.822,.348,32.10,1214.0,87.0,85.0,2025
621566,Matt Olson,144,Atlanta Braves,,1B,2026,131.0,115.0,34.0,12.0,0.0,8.0,15.0,1.0,31.0,0.0,1.0,0.0,70.0,25.0,2.0,.296,.374,.609,.983,.338,14.38,575.0,25.0,26.0,724.0,624.0,170.0,41.0,2.0,29.0,91.0,2.0,176.0,4.0,5.0,0.0,302.0,95.0,14.0,.272,.366,.484,.850,.333,21.52,3166.0,133.0,150.0,2025
666624,Christopher Morel,146,Miami Marlins,,LF,2026,,,,,,,,,,,,,,,,,,,,,,,,,305.0,278.0,61.0,16.0,0.0,11.0,25.0,0.0,109.0,2.0,0.0,0.0,110.0,33.0,8.0,.219,.289,.396,.685,.316,25.27,1177.0,40.0,68.0,2025
672782,Yoendrys Gómez,139,Tampa Bay Rays,,P,2026,,,,,,,,,,,,,,,,,,,,,,,,,,,,,,,,,,,,,,,,,,,,,,,,,2025
500743,Miguel Rojas,119,Los Angeles Dodgers,,SS,2026,48.0,43.0,15.0,3.0,0.0,1.0,3.0,0.0,7.0,0.0,1.0,1.0,21.0,5.0,1.0,.349,.383,.488,.871,.389,43.00,160.0,12.0,11.0,317.0,290.0,76.0,18.0,0.0,7.0,24.0,1.0,46.0,0.0,0.0,3.0,115.0,27.0,7.0,.262,.318,.397,.715,.291,41.43,1166.0,83.0,88.0,2025
683002,Gunnar Henderson,110,Baltimore Orioles,,SS,2026,132.0,119.0,25.0,4.0,1.0,9.0,11.0,0.0,41.0,1.0,1.0,0.0,58.0,18.0,1.0,.210,.280,.487,.767,.229,13.22,563.0,26.0,28.0,651.0,577.0,158.0,34.0,5.0,17.0,62.0,6.0,137.0,7.0,5.0,0.0,253.0,68.0,7.0,.274,.349,.438,.787,.329,33.94,2506.0,161.0,126.0,2025
543760,Marcus Semien,121,New York Mets,,2B,2026,110.0,100.0,22.0,5.0,0.0,1.0,7.0,0.0,23.0,1.0,1.0,1.0,30.0,8.0,2.0,.220,.275,.300,.575,.273,100.00,401.0,18.0,39.0,534.0,470.0,108.0,16.0,1.0,15.0,50.0,0.0,93.0,5.0,9.0,0.0,171.0,62.0,8.0,.230,.305,.364,.669,.251,31.33,2075.0,101.0,177.0,2025
605218,Carl Edwards Jr.,121,New York Mets,,P,2026,,,,,,,,,,,,,,,,,,,,,,,,,,,,,,,,,,,,,,,,,,,,,,,,,2025
670764,Taylor Walls,139,Tampa Bay Rays,,SS,2026,65.0,55.0,11.0,2.0,0.0,0.0,5.0,0.0,18.0,1.0,0.0,4.0,13.0,4.0,1.0,.200,.279,.236,.515,.297,-.--,255.0,14.0,16.0,317.0,282.0,62.0,14.0,1.0,4.0,26.0,0.0,70.0,0.0,6.0,3.0,90.0,38.0,1.0,.220,.280,.319,.599,.271,70.50,1278.0,70.0,89.0,2025
668723,Ryan Vilade,139,Tampa Bay Rays,,RF,2026,35.0,32.0,11.0,2.0,0.0,0.0,3.0,0.0,7.0,0.0,0.0,0.0,13.0,5.0,0.0,.344,.400,.406,.806,.440,-.--,153.0,2.0,12.0,15.0,13.0,1.0,0.0,0.0,0.0,2.0,0.0,5.0,0.0,0.0,0.0,1.0,0.0,1.0,.077,.200,.077,.277,.125,-.--,60.0,6.0,1.0,2025
607259,Nick Martinez,139,Tampa Bay Rays,,P,2026,,,,,,,,,,,,,,,,,,,,,,,,,,,,,,,,,,,,,,,,,,,,,,,,,2025
642086,Dominic Smith,144,Atlanta Braves,,1B,2026,68.0,63.0,22.0,2.0,0.0,4.0,2.0,0.0,8.0,1.0,1.0,1.0,36.0,17.0,1.0,.349,.373,.571,.944,.346,15.75,232.0,14.0,21.0,225.0,204.0,58.0,12.0,0.0,5.0,15.0,0.0,42.0,2.0,4.0,0.0,85.0,33.0,5.0,.284,.333,.417,.750,.329,40.80,848.0,46.0,62.0,2025
656427,Jack Flaherty,116,Detroit Tigers,,P,2026,,,,,,,,,,,,,,,,,,,,,,,,,,,,,,,,,,,,,,,,,,,,,,,,,2025
676917,Cade Cavalli,120,Washington Nationals,,P,2026,,,,,,,,,,,,,,,,,,,,,,,,,0.0,0.0,0.0,0.0,0.0,0.0,0.0,0.0,0.0,0.0,0.0,0.0,0.0,0.0,0.0,.000,.000,.000,.000,.---,-.--,0.0,0.0,0.0,2025
642100,Gabe Speier,136,Seattle Mariners,,P,2026,0.0,0.0,0.0,0.0,0.0,0.0,0.0,0.0,0.0,0.0,0.0,0.0,0.0,0.0,0.0,.000,.000,.000,.000,.---,-.--,0.0,0.0,0.0,,,,,,,,,,,,,,,,,,,,,,,,,2025
519242,Chris Sale,144,Atlanta Braves,,P,2026,,,,,,,,,,,,,,,,,,,,,,,,,,,,,,,,,,,,,,,,,,,,,,,,,2025
595014,Blake Treinen,119,Los Angeles Dodgers,,P,2026,,,,,,,,,,,,,,,,,,,,,,,,,,,,,,,,,,,,,,,,,,,,,,,,,2025
693307,Dillon Dingler,116,Detroit Tigers,,C,2026,96.0,84.0,20.0,4.0,0.0,5.0,6.0,0.0,16.0,4.0,0.0,0.0,39.0,19.0,5.0,.238,.319,.464,.783,.238,16.80,355.0,28.0,20.0,469.0,435.0,121.0,21.0,2.0,13.0,23.0,2.0,110.0,9.0,1.0,0.0,185.0,57.0,5.0,.278,.327,.425,.752,.345,33.46,1793.0,91.0,114.0,2025
683083,Nasim Nuñez,120,Washington Nationals,,2B,2026,99.0,85.0,17.0,1.0,0.0,0.0,11.0,0.0,20.0,1.0,0.0,2.0,18.0,10.0,0.0,.200,.299,.212,.511,.262,-.--,408.0,28.0,22.0,92.0,82.0,19.0,2.0,0.0,4.0,8.0,0.0,20.0,0.0,1.0,1.0,33.0,13.0,1.0,.232,.297,.402,.699,.254,20.50,417.0,26.0,19.0,2025
650333,Luis Arraez,137,San Francisco Giants,,2B,2026,115.0,105.0,33.0,2.0,2.0,0.0,6.0,0.0,4.0,0.0,2.0,2.0,39.0,8.0,1.0,.314,.345,.371,.716,.320,-.--,441.0,35.0,37.0,675.0,620.0,181.0,30.0,4.0,8.0,34.0,0.0,21.0,2.0,7.0,12.0,243.0,61.0,12.0,.292,.327,.392,.719,.289,77.50,2467.0,215.0,222.0,2025
646240,Rafael Devers,137,San Francisco Giants,,1B,2026,117.0,111.0,24.0,4.0,0.0,2.0,6.0,1.0,36.0,0.0,0.0,0.0,34.0,10.0,5.0,.216,.256,.306,.562,.301,55.50,466.0,26.0,25.0,729.0,607.0,153.0,33.0,0.0,35.0,112.0,10.0,192.0,6.0,4.0,0.0,291.0,109.0,16.0,.252,.372,.479,.851,.307,17.34,3060.0,139.0,127.0,2025
605280,Clay Holmes,121,New York Mets,,P,2026,,,,,,,,,,,,,,,,,,,,,,,,,,,,,,,,,,,,,,,,,,,,,,,,,2025
676962,Ben Brown,112,Chicago Cubs,,P,2026,,,,,,,,,,,,,,,,,,,,,,,,,,,,,,,,,,,,,,,,,,,,,,,,,2025
642121,Cole Sulser,139,Tampa Bay Rays,,P,2026,,,,,,,,,,,,,,,,,,,,,,,,,,,,,,,,,,,,,,,,,,,,,,,,,2025
701538,Jackson Merrill,135,San Diego Padres,,CF,2026,120.0,108.0,23.0,6.0,0.0,3.0,9.0,1.0,30.0,1.0,0.0,2.0,38.0,15.0,4.0,.213,.280,.352,.632,.267,36.00,480.0,29.0,28.0,483.0,440.0,116.0,25.0,6.0,16.0,33.0,1.0,108.0,4.0,5.0,1.0,201.0,67.0,4.0,.264,.317,.457,.774,.312,27.50,1703.0,88.0,134.0,2025
656484,Tristan Gray,142,Minnesota Twins,,3B,2026,54.0,48.0,14.0,1.0,0.0,3.0,3.0,0.0,18.0,1.0,1.0,1.0,24.0,13.0,1.0,.292,.340,.500,.840,.393,16.00,216.0,10.0,8.0,86.0,78.0,18.0,5.0,0.0,3.0,6.0,0.0,19.0,0.0,1.0,1.0,32.0,9.0,0.0,.231,.282,.410,.692,.263,26.00,315.0,16.0,27.0,2025
701542,Will Warren,147,New York Yankees,,P,2026,,,,,,,,,,,,,,,,,,,,,,,,,,,,,,,,,,,,,,,,,,,,,,,,,2025
605288,Adrian Houser,137,San Francisco Giants,,P,2026,,,,,,,,,,,,,,,,,,,,,,,,,,,,,,,,,,,,,,,,,,,,,,,,,2025
695380,Alex Hoppe,136,Seattle Mariners,,P,2026,,,,,,,,,,,,,,,,,,,,,,,,,,,,,,,,,,,,,,,,,,,,,,,,,2025
656492,Foster Griffin,120,Washington Nationals,,P,2026,,,,,,,,,,,,,,,,,,,,,,,,,,,,,,,,,,,,,,,,,,,,,,,,,2025
676974,Max Meyer,146,Miami Marlins,,P,2026,,,,,,,,,,,,,,,,,,,,,,,,,,,,,,,,,,,,,,,,,,,,,,,,,2025
687221,Dalton Rushing,119,Los Angeles Dodgers,,C,2026,45.0,39.0,15.0,2.0,0.0,7.0,4.0,0.0,11.0,2.0,0.0,0.0,38.0,16.0,0.0,.385,.467,.974,1.441,.381,5.57,160.0,3.0,10.0,155.0,142.0,29.0,5.0,0.0,4.0,10.0,0.0,58.0,1.0,2.0,0.0,46.0,24.0,1.0,.204,.258,.324,.582,.305,35.50,600.0,22.0,35.0,2025
701552,Andre Granillo,120,Washington Nationals,,P,2026,,,,,,,,,,,,,,,,,,,,,,,,,,,,,,,,,,,,,,,,,,,,,,,,,2025
681082,Bryson Stott,143,Philadelphia Phillies,,2B,2026,82.0,77.0,17.0,2.0,1.0,0.0,4.0,0.0,13.0,1.0,0.0,0.0,21.0,4.0,1.0,.221,.268,.273,.541,.266,-.--,311.0,22.0,25.0,560.0,499.0,128.0,22.0,3.0,13.0,54.0,1.0,91.0,1.0,4.0,2.0,195.0,66.0,4.0,.257,.328,.391,.719,.288,38.38,2466.0,116.0,170.0,2025
683146,Brett Baty,121,New York Mets,,RF,2026,88.0,82.0,18.0,4.0,1.0,1.0,4.0,0.0,26.0,0.0,2.0,0.0,27.0,12.0,2.0,.220,.250,.329,.579,.298,82.00,356.0,21.0,19.0,432.0,393.0,100.0,13.0,2.0,18.0,33.0,0.0,108.0,2.0,3.0,0.0,171.0,50.0,6.0,.254,.313,.435,.748,.304,21.83,1753.0,117.0,71.0,2025
689296,Anthony Nunez,110,Baltimore Orioles,,P,2026,,,,,,,,,,,,,,,,,,,,,,,,,,,,,,,,,,,,,,,,,,,,,,,,,2025
519317,Giancarlo Stanton,147,New York Yankees,,DH,2026,96.0,90.0,23.0,6.0,0.0,3.0,6.0,0.0,29.0,0.0,0.0,0.0,38.0,14.0,2.0,.256,.302,.422,.724,.345,30.00,384.0,15.0,23.0,281.0,249.0,68.0,8.0,0.0,24.0,29.0,3.0,96.0,1.0,1.0,0.0,148.0,66.0,5.0,.273,.350,.594,.944,.338,10.38,1214.0,34.0,52.0,2025
642201,Eli White,144,Atlanta Braves,,CF,2026,38.0,36.0,7.0,1.0,0.0,2.0,1.0,0.0,6.0,0.0,1.0,0.0,14.0,6.0,0.0,.194,.211,.389,.600,.172,18.00,137.0,14.0,10.0,271.0,256.0,60.0,8.0,3.0,10.0,11.0,1.0,70.0,2.0,1.0,1.0,104.0,35.0,2.0,.234,.270,.406,.676,.282,25.60,1001.0,61.0,67.0,2025
642207,Devin Williams,121,New York Mets,,P,2026,0.0,0.0,0.0,0.0,0.0,0.0,0.0,0.0,0.0,0.0,0.0,0.0,0.0,0.0,0.0,.000,.000,.000,.000,.---,-.--,0.0,0.0,0.0,,,,,,,,,,,,,,,,,,,,,,,,,2025
687263,Zach Neto,108,Los Angeles Angels,,SS,2026,141.0,120.0,29.0,8.0,0.0,5.0,20.0,1.0,41.0,1.0,0.0,0.0,52.0,15.0,0.0,.242,.355,.433,.788,.324,24.00,589.0,20.0,30.0,554.0,502.0,129.0,29.0,1.0,26.0,33.0,6.0,149.0,14.0,3.0,2.0,238.0,62.0,5.0,.257,.319,.474,.793,.312,19.31,2171.0,96.0,133.0,2025
695418,Brad Lord,120,Washington Nationals,,P,2026,0.0,0.0,0.0,0.0,0.0,0.0,0.0,0.0,0.0,0.0,0.0,0.0,0.0,0.0,0.0,.000,.000,.000,.000,.---,-.--,0.0,0.0,0.0,,,,,,,,,,,,,,,,,,,,,,,,,2025
543877,Christian Vázquez,117,Houston Astros,,C,2026,51.0,45.0,14.0,4.0,0.0,2.0,5.0,0.0,8.0,0.0,0.0,1.0,24.0,10.0,1.0,.311,.380,.533,.913,.343,22.50,220.0,14.0,10.0,214.0,190.0,36.0,7.0,0.0,3.0,18.0,0.0,35.0,4.0,2.0,0.0,52.0,14.0,3.0,.189,.271,.274,.545,.214,63.33,833.0,48.0,73.0,2025
650402,Gleyber Torres,116,Detroit Tigers,,2B,2026,123.0,100.0,25.0,2.0,0.0,2.0,21.0,0.0,21.0,1.0,1.0,0.0,33.0,9.0,2.0,.250,.382,.330,.712,.295,50.00,519.0,33.0,22.0,628.0,532.0,136.0,22.0,0.0,16.0,85.0,0.0,101.0,4.0,7.0,0.0,206.0,74.0,11.0,.256,.358,.387,.745,.284,33.25,2652.0,130.0,172.0,2025
642215,Weston Wilson,110,Baltimore Orioles,,3B,2026,13.0,10.0,3.0,1.0,0.0,0.0,2.0,0.0,5.0,1.0,0.0,0.0,4.0,2.0,0.0,.300,.462,.400,.862,.600,-.--,70.0,0.0,2.0,125.0,111.0,22.0,4.0,0.0,5.0,12.0,0.0,34.0,1.0,0.0,1.0,41.0,17.0,1.0,.198,.282,.369,.651,.236,22.20,536.0,30.0,26.0,2025
656550,Grant Holmes,144,Atlanta Braves,,P,2026,,,,,,,,,,,,,,,,,,,,,,,,,,,,,,,,,,,,,,,,,,,,,,,,,2025
656555,Rhys Hoskins,114,Cleveland Guardians,,1B,2026,84.0,69.0,14.0,5.0,0.0,1.0,15.0,0.0,24.0,0.0,0.0,0.0,22.0,6.0,2.0,.203,.345,.319,.664,.295,69.00,379.0,12.0,19.0,328.0,279.0,66.0,12.0,1.0,12.0,38.0,2.0,91.0,5.0,6.0,0.0,116.0,43.0,6.0,.237,.332,.416,.748,.297,23.25,1429.0,41.0,87.0,2025
656537,Derek Hill,145,Chicago White Sox,,RF,2026,40.0,34.0,8.0,0.0,0.0,1.0,5.0,0.0,13.0,0.0,0.0,1.0,11.0,1.0,1.0,.235,.333,.324,.657,.350,34.00,147.0,9.0,5.0,149.0,134.0,29.0,6.0,0.0,3.0,9.0,0.0,48.0,3.0,0.0,3.0,44.0,11.0,3.0,.216,.281,.328,.609,.313,44.67,579.0,32.0,28.0,2025
664761,Alec Bohm,143,Philadelphia Phillies,,3B,2026,110.0,98.0,14.0,2.0,0.0,1.0,8.0,0.0,19.0,2.0,2.0,0.0,19.0,11.0,1.0,.143,.218,.194,.412,.163,98.00,406.0,36.0,31.0,504.0,464.0,133.0,18.0,3.0,11.0,29.0,0.0,82.0,5.0,6.0,0.0,190.0,59.0,16.0,.287,.331,.409,.740,.324,42.18,1801.0,140.0,115.0,2025
693433,Bryan Woo,136,Seattle Mariners,,P,2026,,,,,,,,,,,,,,,,,,,,,,,,,,,,,,,,,,,,,,,,,,,,,,,,,2025
642232,Ryan Yarbrough,147,New York Yankees,,P,2026,,,,,,,,,,,,,,,,,,,,,,,,,,,,,,,,,,,,,,,,,,,,,,,,,2025
666808,Camilo Doval,147,New York Yankees,,P,2026,,,,,,,,,,,,,,,,,,,,,,,,,,,,,,,,,,,,,,,,,,,,,,,,,2025
681151,Jayden Murray,117,Houston Astros,,P,2026,,,,,,,,,,,,,,,,,,,,,,,,,,,,,,,,,,,,,,,,,,,,,,,,,2025
660670,Ronald Acuña Jr.,144,Atlanta Braves,,RF,2026,132.0,109.0,26.0,5.0,1.0,2.0,18.0,1.0,25.0,3.0,2.0,0.0,39.0,8.0,0.0,.239,.356,.358,.714,.286,54.50,528.0,26.0,34.0,412.0,338.0,98.0,12.0,1.0,21.0,71.0,4.0,102.0,3.0,0.0,0.0,175.0,42.0,5.0,.290,.417,.518,.935,.358,16.10,1741.0,72.0,66.0,2025
668873,Caleb Kilian,137,San Francisco Giants,,P,2026,,,,,,,,,,,,,,,,,,,,,,,,,,,,,,,,,,,,,,,,,,,,,,,,,2025
691406,Junior Caminero,139,Tampa Bay Rays,,3B,2026,126.0,112.0,29.0,3.0,0.0,8.0,13.0,0.0,20.0,0.0,1.0,0.0,56.0,15.0,3.0,.259,.333,.500,.833,.247,14.00,485.0,34.0,30.0,653.0,602.0,159.0,28.0,0.0,45.0,41.0,1.0,125.0,3.0,7.0,0.0,322.0,110.0,31.0,.264,.311,.535,.846,.260,13.38,2494.0,169.0,156.0,2025
660688,Keibert Ruiz,120,Washington Nationals,,C,2026,53.0,50.0,10.0,4.0,0.0,1.0,1.0,0.0,7.0,1.0,1.0,0.0,17.0,9.0,1.0,.200,.226,.340,.566,.209,50.00,190.0,15.0,19.0,267.0,255.0,63.0,12.0,0.0,2.0,8.0,0.0,26.0,3.0,1.0,0.0,81.0,25.0,4.0,.247,.277,.318,.595,.268,127.50,888.0,93.0,74.0,2025
668885,Austin Martin,142,Minnesota Twins,,LF,2026,76.0,55.0,18.0,4.0,0.0,1.0,18.0,0.0,13.0,2.0,1.0,0.0,25.0,6.0,1.0,.327,.500,.455,.955,.405,55.00,330.0,12.0,13.0,181.0,156.0,44.0,8.0,1.0,1.0,22.0,0.0,31.0,1.0,0.0,2.0,57.0,7.0,6.0,.282,.374,.365,.739,.347,156.00,749.0,50.0,33.0,2025
605400,Aaron Nola,143,Philadelphia Phillies,,P,2026,,,,,,,,,,,,,,,,,,,,,,,,,,,,,,,,,,,,,,,,,,,,,,,,,2025
607455,Anthony Banda,142,Minnesota Twins,,P,2026,,,,,,,,,,,,,,,,,,,,,,,,,0.0,0.0,0.0,0.0,0.0,0.0,0.0,0.0,0.0,0.0,0.0,0.0,0.0,0.0,0.0,.000,.000,.000,.000,.---,-.--,0.0,0.0,0.0,2025
687330,Kevin Kelly,139,Tampa Bay Rays,,P,2026,,,,,,,,,,,,,,,,,,,,,,,,,0.0,0.0,0.0,0.0,0.0,0.0,0.0,0.0,0.0,0.0,0.0,0.0,0.0,0.0,0.0,.000,.000,.000,.000,.---,-.--,0.0,0.0,0.0,2025
677053,Andrew Nardi,146,Miami Marlins,,P,2026,,,,,,,,,,,,,,,,,,,,,,,,,,,,,,,,,,,,,,,,,,,,,,,,,2025
656582,Connor Joe,136,Seattle Mariners,,1B,2026,15.0,14.0,3.0,1.0,0.0,0.0,1.0,0.0,5.0,0.0,0.0,0.0,4.0,2.0,1.0,.214,.267,.286,.553,.333,-.--,71.0,2.0,4.0,80.0,70.0,13.0,4.0,0.0,0.0,7.0,0.0,20.0,1.0,2.0,0.0,17.0,4.0,2.0,.186,.263,.243,.506,.250,-.--,334.0,16.0,23.0,2025
668901,Mark Vientos,121,New York Mets,,1B,2026,75.0,70.0,17.0,2.0,0.0,2.0,4.0,0.0,17.0,0.0,1.0,0.0,25.0,7.0,2.0,.243,.280,.357,.637,.288,35.00,290.0,18.0,19.0,463.0,424.0,99.0,21.0,2.0,17.0,30.0,0.0,115.0,5.0,4.0,0.0,175.0,61.0,11.0,.233,.289,.413,.702,.277,24.94,1764.0,113.0,101.0,2025
701678,Hao-Yu  Lee,116,Detroit Tigers,,3B,2026,20.0,19.0,4.0,1.0,0.0,1.0,1.0,0.0,7.0,0.0,0.0,0.0,8.0,3.0,0.0,.211,.250,.421,.671,.273,19.00,71.0,3.0,5.0,,,,,,,,,,,,,,,,,,,,,,,,,2025
668904,Royce Lewis,142,Minnesota Twins,,3B,2026,65.0,56.0,11.0,2.0,0.0,3.0,8.0,0.0,20.0,1.0,0.0,0.0,22.0,10.0,1.0,.196,.308,.393,.701,.242,18.67,256.0,11.0,14.0,403.0,376.0,89.0,18.0,0.0,13.0,25.0,0.0,80.0,0.0,2.0,0.0,146.0,52.0,7.0,.237,.283,.388,.671,.267,28.92,1517.0,76.0,133.0,2025
668909,Gavin Williams,114,Cleveland Guardians,,P,2026,,,,,,,,,,,,,,,,,,,,,,,,,,,,,,,,,,,,,,,,,,,,,,,,,2025
650490,Yandy Díaz,139,Tampa Bay Rays,,1B,2026,125.0,107.0,35.0,3.0,1.0,4.0,13.0,2.0,15.0,5.0,0.0,0.0,52.0,20.0,2.0,.327,.424,.486,.910,.352,26.75,461.0,32.0,25.0,651.0,583.0,175.0,29.0,1.0,25.0,57.0,4.0,92.0,6.0,5.0,0.0,281.0,83.0,12.0,.300,.366,.482,.848,.318,23.32,2525.0,193.0,128.0,2025
607481,Aaron Bummer,144,Atlanta Braves,,P,2026,,,,,,,,,,,,,,,,,,,,,,,,,,,,,,,,,,,,,,,,,,,,,,,,,2025
670970,Adrian Morejon,135,San Diego Padres,,P,2026,,,,,,,,,,,,,,,,,,,,,,,,,,,,,,,,,,,,,,,,,,,,,,,,,2025
681217,Chase Silseth,108,Los Angeles Angels,,P,2026,,,,,,,,,,,,,,,,,,,,,,,,,,,,,,,,,,,,,,,,,,,,,,,,,2025
605441,Yacksel Ríos,112,Chicago Cubs,,P,2026,,,,,,,,,,,,,,,,,,,,,,,,,,,,,,,,,,,,,,,,,,,,,,,,,2025
656641,Jacob Latz,140,Texas Rangers,,P,2026,,,,,,,,,,,,,,,,,,,,,,,,,,,,,,,,,,,,,,,,,,,,,,,,,2025
668939,Adley Rutschman,110,Baltimore Orioles,,C,2026,56.0,51.0,17.0,6.0,0.0,3.0,5.0,0.0,7.0,0.0,0.0,0.0,32.0,11.0,0.0,.333,.393,.627,1.020,.341,17.00,216.0,11.0,16.0,365.0,322.0,71.0,16.0,2.0,9.0,40.0,0.0,57.0,1.0,2.0,0.0,118.0,29.0,8.0,.220,.307,.366,.673,.240,35.78,1491.0,93.0,103.0,2025
689414,Liam Hicks,146,Miami Marlins,,C,2026,100.0,90.0,28.0,3.0,0.0,6.0,5.0,0.0,8.0,2.0,3.0,0.0,49.0,27.0,0.0,.311,.350,.544,.894,.278,15.00,371.0,25.0,32.0,390.0,332.0,82.0,13.0,1.0,6.0,43.0,0.0,56.0,9.0,3.0,3.0,115.0,45.0,5.0,.247,.346,.346,.692,.278,55.33,1537.0,101.0,99.0,2025
615698,Cal Quantrill,140,Texas Rangers,,P,2026,,,,,,,,,,,,,,,,,,,,,,,,,,,,,,,,,,,,,,,,,,,,,,,,,2025
681190,Randy Vásquez,135,San Diego Padres,,P,2026,,,,,,,,,,,,,,,,,,,,,,,,,,,,,,,,,,,,,,,,,,,,,,,,,2025
664854,Ryan Helsley,110,Baltimore Orioles,,P,2026,,,,,,,,,,,,,,,,,,,,,,,,,0.0,0.0,0.0,0.0,0.0,0.0,0.0,0.0,0.0,0.0,0.0,0.0,0.0,0.0,0.0,.000,.000,.000,.000,.---,-.--,0.0,0.0,0.0,2025
695578,James Wood,120,Washington Nationals,,RF,2026,141.0,111.0,27.0,6.0,0.0,10.0,28.0,6.0,44.0,2.0,0.0,0.0,63.0,21.0,1.0,.243,.404,.568,.972,.298,11.10,589.0,22.0,18.0,689.0,598.0,153.0,38.0,0.0,31.0,85.0,8.0,221.0,3.0,3.0,0.0,284.0,94.0,12.0,.256,.350,.475,.825,.350,19.29,2887.0,143.0,84.0,2025
687396,Brent Headrick,147,New York Yankees,,P,2026,,,,,,,,,,,,,,,,,,,,,,,,,,,,,,,,,,,,,,,,,,,,,,,,,2025
660761,José Suarez,144,Atlanta Braves,,P,2026,,,,,,,,,,,,,,,,,,,,,,,,,,,,,,,,,,,,,,,,,,,,,,,,,2025
656686,Corbin Martin,112,Chicago Cubs,,P,2026,,,,,,,,,,,,,,,,,,,,,,,,,,,,,,,,,,,,,,,,,,,,,,,,,2025
800048,Parker Messick,114,Cleveland Guardians,,P,2026,,,,,,,,,,,,,,,,,,,,,,,,,,,,,,,,,,,,,,,,,,,,,,,,,2025
800050,Chase DeLauter,114,Cleveland Guardians,,RF,2026,108.0,94.0,23.0,6.0,1.0,5.0,13.0,0.0,12.0,0.0,1.0,0.0,46.0,16.0,3.0,.245,.333,.489,.822,.231,18.80,431.0,25.0,35.0,,,,,,,,,,,,,,,,,,,,,,,,,2025
650556,Bryan Abreu,117,Houston Astros,,P,2026,,,,,,,,,,,,,,,,,,,,,,,,,0.0,0.0,0.0,0.0,0.0,0.0,0.0,0.0,0.0,0.0,0.0,0.0,0.0,0.0,0.0,.000,.000,.000,.000,.---,-.--,0.0,0.0,0.0,2025
669004,MJ Melendez,121,New York Mets,,LF,2026,24.0,22.0,6.0,3.0,0.0,1.0,2.0,0.0,11.0,0.0,0.0,0.0,12.0,2.0,0.0,.273,.333,.545,.878,.500,22.00,106.0,0.0,5.0,65.0,60.0,5.0,2.0,0.0,1.0,3.0,0.0,23.0,2.0,0.0,0.0,10.0,1.0,0.0,.083,.154,.167,.321,.111,60.00,255.0,11.0,21.0,2025
681297,Colton Cowser,110,Baltimore Orioles,,RF,2026,63.0,55.0,11.0,2.0,0.0,0.0,6.0,0.0,20.0,0.0,1.0,1.0,13.0,3.0,1.0,.200,.274,.236,.510,.306,-.--,267.0,15.0,11.0,360.0,327.0,64.0,14.0,0.0,16.0,27.0,1.0,128.0,6.0,0.0,0.0,126.0,40.0,5.0,.196,.269,.385,.654,.262,20.44,1486.0,71.0,64.0,2025
668964,Tobias Myers,121,New York Mets,,P,2026,,,,,,,,,,,,,,,,,,,,,,,,,,,,,,,,,,,,,,,,,,,,,,,,,2025
669016,Brandon Marsh,143,Philadelphia Phillies,,LF,2026,96.0,91.0,27.0,4.0,0.0,4.0,4.0,0.0,20.0,0.0,1.0,0.0,43.0,16.0,2.0,.297,.323,.473,.796,.338,22.75,343.0,21.0,24.0,425.0,379.0,106.0,25.0,2.0,11.0,38.0,1.0,110.0,0.0,4.0,3.0,168.0,43.0,2.0,.280,.342,.443,.785,.363,34.46,1657.0,82.0,88.0,2025
666969,Adolis García,143,Philadelphia Phillies,,RF,2026,112.0,100.0,23.0,4.0,1.0,3.0,9.0,0.0,32.0,2.0,1.0,0.0,38.0,7.0,0.0,.230,.304,.380,.684,.303,33.33,468.0,18.0,28.0,547.0,507.0,115.0,28.0,0.0,19.0,28.0,1.0,135.0,5.0,7.0,0.0,200.0,75.0,9.0,.227,.271,.394,.665,.267,26.68,2150.0,105.0,159.0,2025
668984,Casey Legumina,139,Tampa Bay Rays,,P,2026,,,,,,,,,,,,,,,,,,,,,,,,,0.0,0.0,0.0,0.0,0.0,0.0,0.0,0.0,0.0,0.0,0.0,0.0,0.0,0.0,0.0,.000,.000,.000,.000,.---,-.--,0.0,0.0,0.0,2025
660825,Eduard Bazardo,136,Seattle Mariners,,P,2026,,,,,,,,,,,,,,,,,,,,,,,,,,,,,,,,,,,,,,,,,,,,,,,,,2025
681293,Spencer Arrighetti,117,Houston Astros,,P,2026,,,,,,,,,,,,,,,,,,,,,,,,,,,,,,,,,,,,,,,,,,,,,,,,,2025
669020,Ryan Rolison,112,Chicago Cubs,,P,2026,,,,,,,,,,,,,,,,,,,,,,,,,,,,,,,,,,,,,,,,,,,,,,,,,2025
666974,Yennier Cano,110,Baltimore Orioles,,P,2026,,,,,,,,,,,,,,,,,,,,,,,,,0.0,0.0,0.0,0.0,0.0,0.0,0.0,0.0,0.0,0.0,0.0,0.0,0.0,0.0,0.0,.000,.000,.000,.000,.---,-.--,0.0,0.0,0.0,2025
683357,Owen Caissie,146,Miami Marlins,,RF,2026,90.0,82.0,17.0,6.0,0.0,2.0,5.0,0.0,39.0,1.0,2.0,0.0,29.0,14.0,1.0,.207,.256,.354,.610,.349,41.00,375.0,11.0,17.0,27.0,26.0,5.0,1.0,0.0,1.0,1.0,0.0,11.0,0.0,0.0,0.0,9.0,4.0,0.0,.192,.222,.346,.568,.286,26.00,103.0,4.0,6.0,2025
669022,MacKenzie Gore,140,Texas Rangers,,P,2026,,,,,,,,,,,,,,,,,,,,,,,,,,,,,,,,,,,,,,,,,,,,,,,,,2025
660844,Leo Rivas,136,Seattle Mariners,,3B,2026,84.0,71.0,11.0,1.0,1.0,0.0,10.0,0.0,26.0,1.0,1.0,1.0,14.0,7.0,1.0,.155,.265,.197,.462,.239,-.--,380.0,14.0,22.0,111.0,90.0,22.0,2.0,0.0,2.0,20.0,0.0,24.0,1.0,0.0,0.0,30.0,9.0,1.0,.244,.387,.333,.720,.313,45.00,520.0,20.0,24.0,2025
695657,Colson Montgomery,145,Chicago White Sox,,SS,2026,119.0,102.0,23.0,5.0,0.0,7.0,10.0,2.0,36.0,7.0,0.0,0.0,49.0,19.0,2.0,.225,.336,.480,.816,.271,14.57,447.0,22.0,21.0,284.0,255.0,61.0,9.0,1.0,21.0,25.0,1.0,83.0,2.0,1.0,0.0,135.0,55.0,3.0,.239,.311,.529,.840,.263,12.14,1082.0,50.0,62.0,2025
701807,Carson Benge,121,New York Mets,,LF,2026,85.0,78.0,14.0,2.0,0.0,2.0,7.0,0.0,19.0,0.0,0.0,0.0,22.0,4.0,1.0,.179,.247,.282,.529,.211,39.00,352.0,23.0,22.0,,,,,,,,,,,,,,,,,,,,,,,,,2025
660853,Enyel De Los Santos,117,Houston Astros,,P,2026,,,,,,,,,,,,,,,,,,,,,,,,,0.0,0.0,0.0,0.0,0.0,0.0,0.0,0.0,0.0,0.0,0.0,0.0,0.0,0.0,0.0,.000,.000,.000,.000,.---,-.--,0.0,0.0,0.0,2025
630105,Jake Cronenworth,135,San Diego Padres,,2B,2026,99.0,84.0,13.0,2.0,0.0,1.0,13.0,0.0,20.0,2.0,0.0,0.0,18.0,4.0,1.0,.155,.283,.214,.497,.190,84.00,416.0,28.0,23.0,515.0,419.0,103.0,20.0,1.0,11.0,69.0,1.0,107.0,15.0,7.0,4.0,158.0,59.0,4.0,.246,.367,.377,.744,.299,38.09,2184.0,101.0,119.0,2025
671109,Jake Eder,119,Los Angeles Dodgers,,P,2026,,,,,,,,,,,,,,,,,,,,,,,,,,,,,,,,,,,,,,,,,,,,,,,,,2025
669062,Erik Miller,137,San Francisco Giants,,P,2026,,,,,,,,,,,,,,,,,,,,,,,,,,,,,,,,,,,,,,,,,,,,,,,,,2025
656775,Cedric Mullins,139,Tampa Bay Rays,,CF,2026,97.0,87.0,12.0,2.0,1.0,2.0,5.0,0.0,20.0,2.0,1.0,1.0,22.0,8.0,1.0,.138,.200,.253,.453,.152,43.50,371.0,12.0,45.0,498.0,435.0,94.0,23.0,1.0,17.0,50.0,0.0,120.0,4.0,6.0,3.0,170.0,59.0,2.0,.216,.299,.391,.690,.253,25.59,2112.0,79.0,151.0,2025
650633,Michael King,135,San Diego Padres,,P,2026,,,,,,,,,,,,,,,,,,,,,,,,,,,,,,,,,,,,,,,,,,,,,,,,,2025
681347,Mike Burrows,117,Houston Astros,,P,2026,,,,,,,,,,,,,,,,,,,,,,,,,,,,,,,,,,,,,,,,,,,,,,,,,2025
691594,Javier Sanoja,146,Miami Marlins,,3B,2026,66.0,60.0,19.0,3.0,0.0,0.0,6.0,0.0,7.0,0.0,0.0,0.0,22.0,9.0,0.0,.317,.379,.367,.746,.358,-.--,231.0,16.0,18.0,342.0,313.0,76.0,22.0,4.0,6.0,19.0,0.0,41.0,2.0,4.0,4.0,124.0,38.0,2.0,.243,.287,.396,.683,.259,52.17,1218.0,97.0,107.0,2025
669065,Kyle Stowers,146,Miami Marlins,,LF,2026,31.0,27.0,6.0,3.0,0.0,0.0,3.0,0.0,4.0,1.0,0.0,0.0,9.0,0.0,3.0,.222,.323,.333,.656,.261,-.--,111.0,11.0,6.0,457.0,399.0,115.0,21.0,3.0,25.0,48.0,3.0,125.0,5.0,4.0,1.0,217.0,73.0,6.0,.288,.368,.544,.912,.356,15.96,1712.0,79.0,85.0,2025
691587,Eury Pérez,146,Miami Marlins,,P,2026,,,,,,,,,,,,,,,,,,,,,,,,,,,,,,,,,,,,,,,,,,,,,,,,,2025
595345,Steven Okert,117,Houston Astros,,P,2026,,,,,,,,,,,,,,,,,,,,,,,,,,,,,,,,,,,,,,,,,,,,,,,,,2025
656794,Sean Newcomb,145,Chicago White Sox,,P,2026,,,,,,,,,,,,,,,,,,,,,,,,,,,,,,,,,,,,,,,,,,,,,,,,,2025
693645,Cam Schlittler,147,New York Yankees,,P,2026,,,,,,,,,,,,,,,,,,,,,,,,,,,,,,,,,,,,,,,,,,,,,,,,,2025
664991,Grant Wolfram,110,Baltimore Orioles,,P,2026,,,,,,,,,,,,,,,,,,,,,,,,,,,,,,,,,,,,,,,,,,,,,,,,,2025
699823,Tyler Davis,145,Chicago White Sox,,P,2026,,,,,,,,,,,,,,,,,,,,,,,,,,,,,,,,,,,,,,,,,,,,,,,,,2025
695734,Daylen Lile,120,Washington Nationals,,LF,2026,127.0,115.0,32.0,7.0,0.0,3.0,12.0,1.0,19.0,0.0,0.0,0.0,48.0,14.0,2.0,.278,.346,.417,.763,.312,38.33,413.0,27.0,37.0,351.0,321.0,96.0,15.0,11.0,9.0,21.0,0.0,56.0,4.0,3.0,1.0,160.0,41.0,5.0,.299,.347,.498,.845,.336,35.67,1306.0,73.0,100.0,2025
681393,Connor Norby,146,Miami Marlins,,1B,2026,101.0,86.0,20.0,5.0,0.0,3.0,10.0,0.0,27.0,4.0,1.0,0.0,34.0,10.0,2.0,.233,.337,.395,.732,.298,28.67,402.0,18.0,22.0,337.0,311.0,78.0,17.0,1.0,8.0,18.0,0.0,90.0,5.0,3.0,0.0,121.0,34.0,3.0,.251,.300,.389,.689,.324,38.88,1245.0,68.0,78.0,2025
665019,Kody Clemens,142,Minnesota Twins,,1B,2026,70.0,62.0,12.0,2.0,0.0,3.0,6.0,0.0,21.0,1.0,0.0,1.0,23.0,8.0,0.0,.194,.275,.371,.646,.237,20.67,290.0,10.0,20.0,386.0,348.0,74.0,12.0,4.0,19.0,29.0,1.0,93.0,5.0,2.0,2.0,151.0,52.0,4.0,.213,.281,.434,.715,.231,18.32,1529.0,73.0,112.0,2025
681402,Gus Varland,120,Washington Nationals,,P,2026,,,,,,,,,,,,,,,,,,,,,,,,,,,,,,,,,,,,,,,,,,,,,,,,,2025
554430,Zack Wheeler,143,Philadelphia Phillies,,P,2026,,,,,,,,,,,,,,,,,,,,,,,,,,,,,,,,,,,,,,,,,,,,,,,,,2025
679358,Eric Orze,142,Minnesota Twins,,P,2026,,,,,,,,,,,,,,,,,,,,,,,,,,,,,,,,,,,,,,,,,,,,,,,,,2025
640455,Sean Manaea,121,New York Mets,,P,2026,,,,,,,,,,,,,,,,,,,,,,,,,,,,,,,,,,,,,,,,,,,,,,,,,2025
669134,Luis Campusano,135,San Diego Padres,,C,2026,43.0,40.0,14.0,7.0,0.0,3.0,3.0,0.0,9.0,0.0,0.0,0.0,30.0,9.0,0.0,.350,.395,.750,1.145,.393,13.33,158.0,10.0,7.0,27.0,21.0,0.0,0.0,0.0,0.0,6.0,0.0,11.0,0.0,0.0,0.0,0.0,0.0,2.0,.000,.222,.000,.222,.000,-.--,126.0,9.0,1.0,2025
656848,Michael Petersen,146,Miami Marlins,,P,2026,,,,,,,,,,,,,,,,,,,,,,,,,,,,,,,,,,,,,,,,,,,,,,,,,2025
656849,David Peterson,121,New York Mets,,P,2026,,,,,,,,,,,,,,,,,,,,,,,,,,,,,,,,,,,,,,,,,,,,,,,,,2025
687570,Connor Prielipp,142,Minnesota Twins,,P,2026,,,,,,,,,,,,,,,,,,,,,,,,,,,,,,,,,,,,,,,,,,,,,,,,,2025
687551,Drew Gilbert,137,San Francisco Giants,,CF,2026,37.0,34.0,9.0,0.0,0.0,2.0,2.0,0.0,8.0,0.0,0.0,1.0,15.0,5.0,0.0,.265,.306,.441,.747,.292,17.00,140.0,9.0,9.0,109.0,100.0,19.0,5.0,1.0,3.0,7.0,0.0,20.0,1.0,1.0,0.0,35.0,13.0,2.0,.190,.248,.350,.598,.205,33.33,416.0,34.0,28.0,2025
640448,Kyle Finnegan,116,Detroit Tigers,,P,2026,,,,,,,,,,,,,,,,,,,,,,,,,,,,,,,,,,,,,,,,,,,,,,,,,2025
673237,Yainer Diaz,117,Houston Astros,,C,2026,84.0,79.0,17.0,3.0,0.0,2.0,3.0,0.0,13.0,0.0,2.0,0.0,26.0,12.0,3.0,.215,.238,.329,.567,.227,39.50,275.0,31.0,20.0,567.0,542.0,139.0,25.0,1.0,20.0,20.0,2.0,95.0,2.0,3.0,0.0,226.0,70.0,13.0,.256,.284,.417,.701,.277,27.10,1871.0,162.0,149.0,2025
656876,Drew Rasmussen,139,Tampa Bay Rays,,P,2026,,,,,,,,,,,,,,,,,,,,,,,,,,,,,,,,,,,,,,,,,,,,,,,,,2025
669165,Kyle Hurt,119,Los Angeles Dodgers,,P,2026,,,,,,,,,,,,,,,,,,,,,,,,,,,,,,,,,,,,,,,,,,,,,,,,,2025
671218,Heliot Ramos,137,San Francisco Giants,,LF,2026,104.0,98.0,26.0,5.0,0.0,3.0,6.0,1.0,32.0,0.0,0.0,0.0,40.0,14.0,0.0,.265,.308,.408,.716,.365,32.67,436.0,22.0,18.0,695.0,620.0,159.0,24.0,1.0,21.0,52.0,2.0,158.0,17.0,6.0,0.0,248.0,69.0,16.0,.256,.328,.400,.728,.309,29.52,2653.0,147.0,162.0,2025
642547,Freddy Peralta,121,New York Mets,,P,2026,,,,,,,,,,,,,,,,,,,,,,,,,,,,,,,,,,,,,,,,,,,,,,,,,2025
681481,Kerry Carpenter,116,Detroit Tigers,,RF,2026,89.0,76.0,18.0,2.0,1.0,6.0,9.0,0.0,31.0,2.0,2.0,0.0,40.0,17.0,0.0,.237,.326,.526,.852,.293,12.67,362.0,11.0,18.0,464.0,433.0,109.0,18.0,5.0,26.0,18.0,0.0,106.0,7.0,2.0,0.0,215.0,62.0,3.0,.252,.291,.497,.788,.274,16.65,1736.0,84.0,136.0,2025
687606,Paxton Schultz,120,Washington Nationals,,P,2026,,,,,,,,,,,,,,,,,,,,,,,,,,,,,,,,,,,,,,,,,,,,,,,,,2025
691723,Coby Mayo,110,Baltimore Orioles,,3B,2026,77.0,69.0,13.0,3.0,0.0,3.0,8.0,0.0,21.0,0.0,0.0,0.0,25.0,11.0,1.0,.188,.273,.362,.635,.222,23.00,305.0,18.0,17.0,294.0,263.0,57.0,12.0,0.0,11.0,27.0,0.0,84.0,4.0,0.0,0.0,102.0,28.0,2.0,.217,.299,.388,.687,.274,23.91,1132.0,49.0,73.0,2025
669199,Lake Bachar,146,Miami Marlins,,P,2026,,,,,,,,,,,,,,,,,,,,,,,,,,,,,,,,,,,,,,,,,,,,,,,,,2025
691725,Andrew Painter,143,Philadelphia Phillies,,P,2026,,,,,,,,,,,,,,,,,,,,,,,,,,,,,,,,,,,,,,,,,,,,,,,,,2025
593428,Xander Bogaerts,135,San Diego Padres,,SS,2026,114.0,102.0,29.0,2.0,0.0,4.0,12.0,0.0,14.0,0.0,0.0,0.0,43.0,16.0,1.0,.284,.360,.422,.782,.298,25.50,427.0,28.0,31.0,552.0,491.0,129.0,30.0,0.0,11.0,48.0,3.0,94.0,4.0,8.0,1.0,192.0,53.0,12.0,.263,.328,.391,.719,.299,44.64,2100.0,126.0,151.0,2025
669211,Keegan Akin,110,Baltimore Orioles,,P,2026,,,,,,,,,,,,,,,,,,,,,,,,,0.0,0.0,0.0,0.0,0.0,0.0,0.0,0.0,0.0,0.0,0.0,0.0,0.0,0.0,0.0,.000,.000,.000,.000,.---,-.--,0.0,0.0,0.0,2025
687637,Dylan Beavers,110,Baltimore Orioles,,RF,2026,78.0,70.0,17.0,3.0,0.0,2.0,7.0,0.0,17.0,0.0,1.0,0.0,26.0,8.0,1.0,.243,.308,.371,.679,.288,35.00,329.0,18.0,19.0,137.0,110.0,25.0,5.0,1.0,4.0,26.0,0.0,36.0,0.0,0.0,1.0,44.0,14.0,0.0,.227,.375,.400,.775,.300,27.50,615.0,14.0,36.0,2025
548384,Brooks Raley,121,New York Mets,,P,2026,,,,,,,,,,,,,,,,,,,,,,,,,,,,,,,,,,,,,,,,,,,,,,,,,2025
669224,Austin Wells,147,New York Yankees,,C,2026,84.0,67.0,12.0,1.0,0.0,2.0,16.0,2.0,15.0,0.0,1.0,0.0,19.0,4.0,3.0,.179,.333,.284,.617,.196,33.50,335.0,19.0,22.0,448.0,401.0,88.0,22.0,1.0,21.0,30.0,0.0,118.0,5.0,11.0,0.0,175.0,71.0,10.0,.219,.275,.436,.711,.245,19.10,1794.0,75.0,131.0,2025
656941,Kyle Schwarber,143,Philadelphia Phillies,,LF,2026,125.0,102.0,20.0,4.0,1.0,9.0,19.0,0.0,40.0,4.0,0.0,0.0,53.0,17.0,1.0,.196,.344,.520,.864,.208,11.33,530.0,19.0,23.0,724.0,604.0,145.0,23.0,2.0,56.0,108.0,6.0,197.0,11.0,1.0,0.0,340.0,132.0,4.0,.240,.365,.563,.928,.253,10.79,3059.0,114.0,149.0,2025
691718,Pete Crow-Armstrong,112,Chicago Cubs,,CF,2026,119.0,108.0,26.0,3.0,1.0,1.0,8.0,1.0,35.0,2.0,0.0,1.0,34.0,7.0,2.0,.241,.305,.315,.620,.347,108.00,444.0,20.0,28.0,647.0,591.0,146.0,37.0,4.0,31.0,29.0,1.0,155.0,9.0,12.0,6.0,284.0,95.0,1.0,.247,.287,.481,.768,.276,19.06,2312.0,116.0,192.0,2025
671277,Luis García Jr.,120,Washington Nationals,,2B,2026,96.0,91.0,23.0,5.0,1.0,1.0,4.0,0.0,14.0,0.0,1.0,0.0,33.0,16.0,0.0,.253,.281,.363,.644,.286,91.00,334.0,29.0,26.0,526.0,488.0,123.0,28.0,1.0,16.0,27.0,1.0,84.0,2.0,9.0,0.0,201.0,66.0,7.0,.252,.289,.412,.701,.270,30.50,1838.0,158.0,132.0,2025
656945,Tanner Scott,119,Los Angeles Dodgers,,P,2026,,,,,,,,,,,,,,,,,,,,,,,,,0.0,0.0,0.0,0.0,0.0,0.0,0.0,0.0,0.0,0.0,0.0,0.0,0.0,0.0,0.0,.000,.000,.000,.000,.---,-.--,0.0,0.0,0.0,2025
669236,Jeremiah Jackson,110,Baltimore Orioles,,2B,2026,93.0,89.0,24.0,2.0,0.0,5.0,2.0,0.0,21.0,1.0,1.0,0.0,41.0,19.0,5.0,.270,.290,.461,.751,.297,17.80,301.0,28.0,17.0,183.0,170.0,47.0,10.0,2.0,5.0,11.0,0.0,50.0,2.0,0.0,0.0,76.0,21.0,6.0,.276,.328,.447,.775,.365,34.00,706.0,39.0,34.0,2025
693821,Bryce Elder,144,Atlanta Braves,,P,2026,,,,,,,,,,,,,,,,,,,,,,,,,,,,,,,,,,,,,,,,,,,,,,,,,2025
691781,Brady House,120,Washington Nationals,,3B,2026,110.0,102.0,24.0,4.0,0.0,3.0,8.0,0.0,35.0,0.0,0.0,0.0,37.0,10.0,3.0,.235,.291,.363,.654,.328,34.00,428.0,28.0,15.0,274.0,261.0,61.0,11.0,0.0,4.0,8.0,0.0,78.0,0.0,5.0,0.0,84.0,29.0,11.0,.234,.252,.322,.574,.310,65.25,969.0,66.0,61.0,2025
669257,Will Smith,119,Los Angeles Dodgers,,C,2026,94.0,84.0,21.0,1.0,0.0,3.0,9.0,0.0,16.0,0.0,1.0,0.0,31.0,14.0,1.0,.250,.319,.369,.688,.273,28.00,423.0,12.0,36.0,436.0,362.0,107.0,20.0,1.0,17.0,64.0,1.0,89.0,5.0,5.0,0.0,180.0,61.0,7.0,.296,.404,.497,.901,.345,21.29,1926.0,57.0,114.0,2025
673357,Luis Robert Jr.,121,New York Mets,,CF,2026,98.0,85.0,19.0,3.0,0.0,2.0,13.0,0.0,17.0,0.0,0.0,0.0,28.0,8.0,2.0,.224,.327,.329,.656,.258,42.50,378.0,23.0,26.0,431.0,382.0,85.0,12.0,0.0,14.0,40.0,3.0,112.0,2.0,3.0,1.0,139.0,53.0,8.0,.223,.297,.364,.661,.274,27.29,1524.0,83.0,106.0,2025
656986,Bennett Sousa,117,Houston Astros,,P,2026,,,,,,,,,,,,,,,,,,,,,,,,,0.0,0.0,0.0,0.0,0.0,0.0,0.0,0.0,0.0,0.0,0.0,0.0,0.0,0.0,0.0,.000,.000,.000,.000,.---,-.--,0.0,0.0,0.0,2025
691799,Grant Taylor,145,Chicago White Sox,,P,2026,,,,,,,,,,,,,,,,,,,,,,,,,,,,,,,,,,,,,,,,,,,,,,,,,2025
669276,Dylan Lee,144,Atlanta Braves,,P,2026,,,,,,,,,,,,,,,,,,,,,,,,,,,,,,,,,,,,,,,,,,,,,,,,,2025
693855,Ian Seymour,139,Tampa Bay Rays,,P,2026,,,,,,,,,,,,,,,,,,,,,,,,,,,,,,,,,,,,,,,,,,,,,,,,,2025
683618,Edgardo Henriquez,119,Los Angeles Dodgers,,P,2026,,,,,,,,,,,,,,,,,,,,,,,,,,,,,,,,,,,,,,,,,,,,,,,,,2025
681546,James Outman,142,Minnesota Twins,,CF,2026,28.0,26.0,3.0,2.0,0.0,0.0,2.0,0.0,10.0,0.0,0.0,0.0,5.0,0.0,0.0,.115,.179,.192,.371,.188,-.--,109.0,6.0,7.0,148.0,134.0,18.0,5.0,1.0,6.0,12.0,0.0,63.0,2.0,0.0,0.0,43.0,11.0,0.0,.134,.216,.321,.537,.185,22.33,605.0,24.0,29.0,2025
802415,Chandler Simpson,139,Tampa Bay Rays,,LF,2026,120.0,110.0,34.0,0.0,2.0,0.0,6.0,0.0,10.0,0.0,1.0,3.0,38.0,6.0,0.0,.309,.342,.345,.687,.337,-.--,389.0,44.0,26.0,441.0,414.0,122.0,15.0,3.0,0.0,20.0,0.0,43.0,0.0,2.0,3.0,143.0,26.0,10.0,.295,.326,.345,.671,.327,-.--,1517.0,176.0,78.0,2025
669289,Santiago Espinal,119,Los Angeles Dodgers,,3B,2026,25.0,23.0,5.0,2.0,0.0,0.0,0.0,0.0,2.0,0.0,0.0,2.0,7.0,2.0,3.0,.217,.217,.304,.521,.238,-.--,104.0,13.0,5.0,328.0,301.0,73.0,12.0,0.0,0.0,21.0,0.0,38.0,1.0,2.0,3.0,85.0,16.0,11.0,.243,.292,.282,.574,.275,-.--,1302.0,80.0,115.0,2025
669288,Daniel Johnson,117,Houston Astros,,CF,2026,10.0,8.0,1.0,0.0,0.0,0.0,1.0,0.0,2.0,1.0,0.0,0.0,1.0,0.0,0.0,.125,.300,.125,.425,.167,-.--,31.0,2.0,3.0,57.0,53.0,10.0,3.0,0.0,1.0,4.0,0.0,13.0,0.0,0.0,0.0,16.0,1.0,0.0,.189,.246,.302,.548,.231,53.00,210.0,15.0,15.0,2025
679529,Spencer Torkelson,116,Detroit Tigers,,1B,2026,107.0,89.0,21.0,6.0,0.0,5.0,17.0,0.0,30.0,1.0,0.0,0.0,42.0,12.0,1.0,.236,.364,.472,.836,.296,17.80,467.0,15.0,23.0,649.0,563.0,135.0,27.0,1.0,31.0,72.0,6.0,169.0,9.0,5.0,0.0,257.0,78.0,12.0,.240,.333,.456,.789,.283,18.16,2634.0,88.0,176.0,2025
663158,Robert Suarez,144,Atlanta Braves,,P,2026,0.0,0.0,0.0,0.0,0.0,0.0,0.0,0.0,0.0,0.0,0.0,0.0,0.0,0.0,0.0,.000,.000,.000,.000,.---,-.--,0.0,0.0,0.0,,,,,,,,,,,,,,,,,,,,,,,,,2025
669302,Logan Gilbert,136,Seattle Mariners,,P,2026,,,,,,,,,,,,,,,,,,,,,,,,,,,,,,,,,,,,,,,,,,,,,,,,,2025
820862,José Fermin,108,Los Angeles Angels,,P,2026,,,,,,,,,,,,,,,,,,,,,,,,,,,,,,,,,,,,,,,,,,,,,,,,,2025
669330,Tyler Wells,110,Baltimore Orioles,,P,2026,,,,,,,,,,,,,,,,,,,,,,,,,,,,,,,,,,,,,,,,,,,,,,,,,2025
669326,Bryce Teodosio,108,Los Angeles Angels,,LF,2026,36.0,33.0,8.0,1.0,0.0,0.0,2.0,0.0,15.0,0.0,0.0,1.0,9.0,2.0,1.0,.242,.286,.273,.559,.444,-.--,126.0,7.0,4.0,150.0,138.0,28.0,7.0,2.0,1.0,5.0,0.0,47.0,4.0,2.0,1.0,42.0,7.0,2.0,.203,.248,.304,.552,.293,138.00,521.0,33.0,33.0,2025
681624,Andy Pages,119,Los Angeles Dodgers,,CF,2026,115.0,104.0,34.0,7.0,0.0,5.0,8.0,0.0,25.0,1.0,2.0,0.0,56.0,25.0,0.0,.327,.374,.538,.912,.382,20.80,488.0,19.0,28.0,624.0,581.0,158.0,27.0,1.0,27.0,29.0,0.0,135.0,8.0,6.0,0.0,268.0,86.0,9.0,.272,.313,.461,.774,.308,21.52,2365.0,117.0,177.0,2025
642708,Amed Rosario,147,New York Yankees,,3B,2026,63.0,57.0,15.0,1.0,1.0,4.0,4.0,0.0,11.0,0.0,2.0,0.0,30.0,13.0,1.0,.263,.302,.526,.828,.250,14.25,224.0,17.0,16.0,191.0,181.0,50.0,11.0,0.0,6.0,7.0,0.0,31.0,2.0,1.0,0.0,79.0,23.0,6.0,.276,.309,.436,.745,.303,30.17,646.0,53.0,48.0,2025
650911,Cristopher Sánchez,143,Philadelphia Phillies,,P,2026,,,,,,,,,,,,,,,,,,,,,,,,,,,,,,,,,,,,,,,,,,,,,,,,,2025
642715,Willy Adames,137,San Francisco Giants,,SS,2026,117.0,111.0,23.0,10.0,0.0,3.0,5.0,0.0,36.0,1.0,0.0,0.0,42.0,6.0,1.0,.207,.248,.378,.626,.278,37.00,481.0,19.0,33.0,686.0,591.0,133.0,22.0,2.0,30.0,80.0,2.0,179.0,5.0,9.0,0.0,249.0,87.0,9.0,.225,.318,.421,.739,.263,19.70,2797.0,105.0,183.0,2025
669364,Xavier Edwards,146,Miami Marlins,,2B,2026,125.0,106.0,36.0,6.0,2.0,1.0,18.0,0.0,15.0,0.0,0.0,1.0,49.0,9.0,3.0,.340,.435,.462,.897,.389,106.00,489.0,28.0,28.0,619.0,561.0,159.0,20.0,5.0,3.0,49.0,2.0,88.0,3.0,3.0,3.0,198.0,43.0,6.0,.283,.343,.353,.696,.330,187.00,2250.0,164.0,156.0,2025
669358,Shane Baz,110,Baltimore Orioles,,P,2026,,,,,,,,,,,,,,,,,,,,,,,,,,,,,,,,,,,,,,,,,,,,,,,,,2025
669369,Bryce Johnson,135,San Diego Padres,,RF,2026,18.0,16.0,4.0,2.0,0.0,0.0,1.0,0.0,7.0,0.0,0.0,1.0,6.0,2.0,1.0,.250,.294,.375,.669,.444,-.--,68.0,3.0,3.0,84.0,76.0,26.0,4.0,0.0,1.0,3.0,0.0,19.0,2.0,0.0,3.0,33.0,8.0,1.0,.342,.383,.434,.817,.446,76.00,287.0,22.0,12.0,2025
573124,Taylor Rogers,142,Minnesota Twins,,P,2026,,,,,,,,,,,,,,,,,,,,,,,,,,,,,,,,,,,,,,,,,,,,,,,,,2025
669373,Tarik Skubal,116,Detroit Tigers,,P,2026,,,,,,,,,,,,,,,,,,,,,,,,,,,,,,,,,,,,,,,,,,,,,,,,,2025
552640,Andrew Kittredge,110,Baltimore Orioles,,P,2026,,,,,,,,,,,,,,,,,,,,,,,,,0.0,0.0,0.0,0.0,0.0,0.0,0.0,0.0,0.0,0.0,0.0,0.0,0.0,0.0,0.0,.000,.000,.000,.000,.---,-.--,0.0,0.0,0.0,2025
677587,Brayan Rocchio,114,Cleveland Guardians,,SS,2026,106.0,93.0,25.0,3.0,0.0,3.0,10.0,0.0,11.0,2.0,0.0,1.0,37.0,17.0,2.0,.269,.352,.398,.750,.278,31.00,435.0,29.0,29.0,383.0,344.0,80.0,18.0,2.0,5.0,22.0,0.0,77.0,8.0,5.0,4.0,117.0,44.0,4.0,.233,.290,.340,.630,.281,68.80,1411.0,100.0,96.0,2025
669394,Jake Burger,140,Texas Rangers,,1B,2026,121.0,114.0,26.0,4.0,0.0,5.0,5.0,0.0,36.0,1.0,1.0,0.0,45.0,19.0,3.0,.228,.264,.395,.659,.284,22.80,436.0,33.0,20.0,376.0,356.0,84.0,15.0,1.0,16.0,12.0,0.0,93.0,5.0,3.0,0.0,149.0,53.0,3.0,.236,.269,.419,.688,.272,22.25,1324.0,73.0,109.0,2025
677588,José Tena,120,Washington Nationals,,2B,2026,50.0,47.0,13.0,1.0,0.0,1.0,2.0,0.0,15.0,1.0,0.0,0.0,17.0,7.0,1.0,.277,.320,.362,.682,.387,47.00,217.0,8.0,11.0,169.0,152.0,37.0,13.0,2.0,0.0,15.0,0.0,37.0,1.0,1.0,0.0,54.0,16.0,4.0,.243,.314,.355,.669,.319,-.--,678.0,54.0,25.0,2025
677592,Everson Pereira,145,Chicago White Sox,,RF,2026,69.0,62.0,16.0,4.0,0.0,3.0,4.0,0.0,20.0,2.0,1.0,0.0,29.0,7.0,2.0,.258,.319,.468,.787,.325,20.67,225.0,15.0,12.0,73.0,65.0,9.0,1.0,0.0,2.0,7.0,0.0,28.0,0.0,1.0,0.0,16.0,8.0,2.0,.138,.219,.246,.465,.194,32.50,307.0,14.0,15.0,2025
683737,Michael Busch,112,Chicago Cubs,,1B,2026,122.0,108.0,22.0,4.0,0.0,2.0,12.0,0.0,28.0,1.0,1.0,0.0,32.0,11.0,1.0,.204,.287,.296,.583,.253,54.00,445.0,31.0,28.0,592.0,524.0,137.0,25.0,5.0,34.0,56.0,2.0,139.0,10.0,2.0,0.0,274.0,90.0,2.0,.261,.343,.523,.866,.292,15.41,2324.0,111.0,139.0,2025
677594,Julio Rodríguez,136,Seattle Mariners,,CF,2026,130.0,116.0,28.0,3.0,0.0,2.0,12.0,1.0,30.0,2.0,0.0,0.0,37.0,10.0,2.0,.241,.323,.319,.642,.310,58.00,530.0,27.0,31.0,710.0,652.0,174.0,31.0,4.0,32.0,44.0,5.0,152.0,12.0,2.0,0.0,309.0,95.0,15.0,.267,.324,.474,.798,.302,20.38,2496.0,174.0,154.0,2025
677595,Ronny Mauricio,121,New York Mets,,SS,2026,14.0,14.0,4.0,0.0,0.0,0.0,0.0,0.0,5.0,0.0,0.0,0.0,4.0,1.0,0.0,.286,.286,.286,.572,.444,-.--,47.0,3.0,2.0,184.0,168.0,38.0,6.0,0.0,6.0,15.0,1.0,54.0,1.0,0.0,0.0,62.0,10.0,5.0,.226,.293,.369,.662,.296,28.00,692.0,39.0,37.0,2025
696030,Alejandro Osuna,140,Texas Rangers,,LF,2026,8.0,6.0,3.0,0.0,0.0,0.0,2.0,0.0,0.0,0.0,0.0,0.0,3.0,1.0,0.0,.500,.625,.500,1.125,.500,-.--,27.0,1.0,2.0,176.0,151.0,32.0,4.0,0.0,2.0,21.0,1.0,34.0,2.0,2.0,0.0,42.0,15.0,1.0,.212,.313,.278,.591,.256,75.50,739.0,45.0,42.0,2025
685801,Hunter Bigge,139,Tampa Bay Rays,,P,2026,,,,,,,,,,,,,,,,,,,,,,,,,,,,,,,,,,,,,,,,,,,,,,,,,2025
702193,Andrew Morris,142,Minnesota Twins,,P,2026,,,,,,,,,,,,,,,,,,,,,,,,,,,,,,,,,,,,,,,,,,,,,,,,,2025
657097,Jacob Webb,112,Chicago Cubs,,P,2026,,,,,,,,,,,,,,,,,,,,,,,,,,,,,,,,,,,,,,,,,,,,,,,,,2025
683769,Hunter Gaddis,114,Cleveland Guardians,,P,2026,,,,,,,,,,,,,,,,,,,,,,,,,,,,,,,,,,,,,,,,,,,,,,,,,2025
683766,Christian Koss,137,San Francisco Giants,,2B,2026,12.0,12.0,1.0,1.0,0.0,0.0,0.0,0.0,1.0,0.0,0.0,0.0,2.0,0.0,0.0,.083,.083,.167,.250,.091,-.--,29.0,3.0,7.0,191.0,174.0,46.0,9.0,0.0,3.0,9.0,0.0,45.0,3.0,2.0,3.0,64.0,23.0,4.0,.264,.309,.368,.677,.336,58.00,644.0,52.0,36.0,2025
579328,Yusei Kikuchi,108,Los Angeles Angels,,P,2026,,,,,,,,,,,,,,,,,,,,,,,,,,,,,,,,,,,,,,,,,,,,,,,,,2025
694025,Felix Reyes,143,Philadelphia Phillies,,LF,2026,18.0,18.0,3.0,0.0,0.0,1.0,0.0,0.0,3.0,0.0,0.0,0.0,6.0,1.0,0.0,.167,.167,.333,.500,.143,18.00,57.0,5.0,7.0,,,,,,,,,,,,,,,,,,,,,,,,,2025
673548,Seiya Suzuki,112,Chicago Cubs,,RF,2026,74.0,63.0,20.0,1.0,0.0,5.0,9.0,1.0,18.0,2.0,0.0,0.0,36.0,9.0,2.0,.317,.419,.571,.990,.375,12.60,293.0,11.0,14.0,651.0,571.0,140.0,31.0,3.0,32.0,71.0,1.0,164.0,1.0,8.0,0.0,273.0,103.0,13.0,.245,.326,.478,.804,.282,17.84,2727.0,98.0,177.0,2025
702222,Justin Crawford,143,Philadelphia Phillies,,CF,2026,87.0,78.0,19.0,5.0,1.0,0.0,7.0,0.0,17.0,2.0,0.0,0.0,26.0,3.0,0.0,.244,.322,.333,.655,.311,-.--,305.0,27.0,15.0,,,,,,,,,,,,,,,,,,,,,,,,,2025
677649,Ezequiel Duran,140,Texas Rangers,,LF,2026,61.0,56.0,15.0,4.0,0.0,1.0,5.0,0.0,12.0,0.0,0.0,0.0,22.0,8.0,1.0,.268,.328,.393,.721,.326,56.00,229.0,14.0,15.0,219.0,205.0,46.0,14.0,0.0,0.0,8.0,0.0,55.0,4.0,1.0,1.0,60.0,14.0,3.0,.224,.266,.293,.559,.305,-.--,807.0,42.0,64.0,2025
669432,Trevor Rogers,110,Baltimore Orioles,,P,2026,,,,,,,,,,,,,,,,,,,,,,,,,2.0,2.0,0.0,0.0,0.0,0.0,0.0,0.0,2.0,0.0,0.0,0.0,0.0,0.0,0.0,.000,.000,.000,.000,.---,-.--,6.0,0.0,0.0,2025
624413,Pete Alonso,110,Baltimore Orioles,,1B,2026,123.0,107.0,21.0,6.0,0.0,3.0,15.0,0.0,32.0,1.0,0.0,0.0,36.0,10.0,3.0,.196,.301,.336,.637,.250,35.67,494.0,26.0,28.0,709.0,624.0,170.0,41.0,1.0,38.0,61.0,5.0,162.0,15.0,9.0,0.0,327.0,126.0,23.0,.272,.347,.524,.871,.305,16.42,2807.0,135.0,166.0,2025
663330,Jahmai Jones,116,Detroit Tigers,,RF,2026,31.0,30.0,7.0,1.0,0.0,2.0,1.0,0.0,9.0,0.0,0.0,0.0,14.0,5.0,2.0,.233,.258,.467,.725,.263,15.00,104.0,6.0,8.0,150.0,129.0,37.0,11.0,1.0,7.0,18.0,1.0,32.0,3.0,0.0,0.0,71.0,23.0,3.0,.287,.387,.550,.937,.333,18.43,595.0,21.0,39.0,2025
673540,Kodai Senga,121,New York Mets,,P,2026,,,,,,,,,,,,,,,,,,,,,,,,,,,,,,,,,,,,,,,,,,,,,,,,,2025
669477,Casey Schmitt,137,San Francisco Giants,,1B,2026,89.0,81.0,24.0,8.0,0.0,4.0,4.0,0.0,19.0,3.0,1.0,0.0,44.0,13.0,2.0,.296,.348,.543,.891,.339,20.25,320.0,13.0,26.0,348.0,312.0,74.0,15.0,0.0,12.0,27.0,1.0,83.0,5.0,3.0,1.0,125.0,40.0,6.0,.237,.305,.401,.706,.282,26.00,1330.0,58.0,101.0,2025
687911,Bryan King,117,Houston Astros,,P,2026,,,,,,,,,,,,,,,,,,,,,,,,,,,,,,,,,,,,,,,,,,,,,,,,,2025
624424,Michael Conforto,112,Chicago Cubs,,RF,2026,34.0,26.0,8.0,3.0,0.0,0.0,7.0,0.0,10.0,0.0,1.0,0.0,11.0,5.0,0.0,.308,.441,.423,.864,.471,-.--,137.0,4.0,5.0,486.0,418.0,83.0,20.0,0.0,12.0,56.0,0.0,121.0,9.0,3.0,0.0,139.0,36.0,12.0,.199,.305,.333,.638,.247,34.83,2049.0,103.0,114.0,2025
624428,Adam Frazier,108,Los Angeles Angels,,2B,2026,56.0,47.0,13.0,3.0,1.0,1.0,6.0,0.0,17.0,1.0,0.0,2.0,21.0,5.0,0.0,.277,.370,.447,.817,.414,47.00,212.0,12.0,7.0,459.0,419.0,112.0,20.0,0.0,7.0,26.0,2.0,81.0,8.0,5.0,1.0,153.0,44.0,8.0,.267,.319,.365,.684,.313,59.86,1841.0,104.0,128.0,2025
702273,Noah Schultz,145,Chicago White Sox,,P,2026,,,,,,,,,,,,,,,,,,,,,,,,,,,,,,,,,,,,,,,,,,,,,,,,,2025
608070,José Ramírez,114,Cleveland Guardians,,3B,2026,130.0,109.0,25.0,6.0,0.0,6.0,21.0,3.0,17.0,0.0,0.0,0.0,49.0,12.0,1.0,.229,.354,.450,.804,.221,18.17,547.0,22.0,45.0,673.0,593.0,168.0,34.0,3.0,30.0,66.0,22.0,74.0,8.0,5.0,0.0,298.0,85.0,9.0,.283,.360,.503,.863,.279,19.77,2666.0,135.0,222.0,2025
702275,JR Ritchie,144,Atlanta Braves,,P,2026,,,,,,,,,,,,,,,,,,,,,,,,,,,,,,,,,,,,,,,,,,,,,,,,,2025
663362,Matt Waldron,135,San Diego Padres,,P,2026,,,,,,,,,,,,,,,,,,,,,,,,,,,,,,,,,,,,,,,,,,,,,,,,,2025
667463,John King,146,Miami Marlins,,P,2026,,,,,,,,,,,,,,,,,,,,,,,,,,,,,,,,,,,,,,,,,,,,,,,,,2025
681807,David Fry,114,Cleveland Guardians,,RF,2026,44.0,36.0,8.0,1.0,0.0,1.0,8.0,0.0,15.0,0.0,0.0,0.0,12.0,1.0,1.0,.222,.364,.333,.697,.350,36.00,206.0,4.0,9.0,157.0,146.0,25.0,4.0,0.0,8.0,9.0,0.0,58.0,2.0,0.0,0.0,53.0,23.0,3.0,.171,.229,.363,.592,.213,18.25,623.0,26.0,37.0,2025
573262,Mike Yastrzemski,144,Atlanta Braves,,LF,2026,94.0,85.0,16.0,3.0,1.0,0.0,8.0,0.0,25.0,1.0,0.0,0.0,21.0,5.0,1.0,.188,.266,.247,.513,.267,-.--,375.0,23.0,21.0,558.0,477.0,111.0,28.0,1.0,17.0,72.0,4.0,108.0,2.0,5.0,2.0,192.0,46.0,7.0,.233,.333,.403,.736,.263,28.06,2305.0,95.0,170.0,2025
696147,Sam Bachman,108,Los Angeles Angels,,P,2026,,,,,,,,,,,,,,,,,,,,,,,,,,,,,,,,,,,,,,,,,,,,,,,,,2025
687957,Dustin Harris,117,Houston Astros,,LF,2026,31.0,24.0,3.0,1.0,0.0,0.0,6.0,0.0,4.0,1.0,0.0,0.0,4.0,1.0,0.0,.125,.323,.167,.490,.150,-.--,116.0,9.0,8.0,43.0,40.0,8.0,3.0,0.0,1.0,3.0,0.0,13.0,0.0,0.0,0.0,14.0,2.0,1.0,.200,.256,.350,.606,.269,40.00,180.0,9.0,10.0,2025
700250,Ben Rice,147,New York Yankees,,1B,2026,114.0,90.0,29.0,8.0,0.0,10.0,21.0,2.0,30.0,1.0,2.0,0.0,67.0,23.0,1.0,.322,.447,.744,1.191,.365,9.00,489.0,20.0,13.0,530.0,467.0,119.0,28.0,4.0,26.0,50.0,0.0,100.0,9.0,2.0,0.0,233.0,65.0,18.0,.255,.337,.499,.836,.271,17.96,2047.0,115.0,135.0,2025
679775,Kyle Backhus,143,Philadelphia Phillies,,P,2026,,,,,,,,,,,,,,,,,,,,,,,,,0.0,0.0,0.0,0.0,0.0,0.0,0.0,0.0,0.0,0.0,0.0,0.0,0.0,0.0,0.0,.000,.000,.000,.000,.---,-.--,0.0,0.0,0.0,2025
657277,Logan Webb,137,San Francisco Giants,,P,2026,,,,,,,,,,,,,,,,,,,,,,,,,,,,,,,,,,,,,,,,,,,,,,,,,2025
702284,Cole Young,136,Seattle Mariners,,2B,2026,118.0,104.0,27.0,3.0,1.0,3.0,11.0,0.0,27.0,2.0,1.0,0.0,41.0,15.0,1.0,.260,.339,.394,.733,.320,34.67,484.0,18.0,33.0,257.0,223.0,47.0,7.0,1.0,4.0,28.0,1.0,47.0,2.0,2.0,2.0,68.0,24.0,4.0,.211,.302,.305,.607,.247,55.75,1034.0,52.0,81.0,2025
681870,Erik Sabrowski,114,Cleveland Guardians,,P,2026,,,,,,,,,,,,,,,,,,,,,,,,,,,,,,,,,,,,,,,,,,,,,,,,,2025
665487,Fernando Tatis Jr.,135,San Diego Padres,,RF,2026,123.0,105.0,27.0,4.0,0.0,0.0,13.0,1.0,30.0,1.0,3.0,1.0,31.0,12.0,2.0,.257,.336,.295,.631,.346,-.--,456.0,26.0,26.0,691.0,594.0,159.0,27.0,2.0,25.0,89.0,7.0,129.0,6.0,2.0,0.0,265.0,71.0,6.0,.268,.368,.446,.814,.303,23.76,2636.0,160.0,148.0,2025
620443,Luis Torrens,121,New York Mets,,C,2026,27.0,27.0,6.0,2.0,0.0,0.0,0.0,0.0,5.0,0.0,0.0,0.0,8.0,4.0,0.0,.222,.222,.296,.518,.273,-.--,106.0,9.0,7.0,283.0,261.0,59.0,14.0,1.0,5.0,19.0,0.0,56.0,2.0,0.0,1.0,90.0,29.0,7.0,.226,.284,.345,.629,.270,52.20,1069.0,89.0,58.0,2025
622491,Luis Castillo,136,Seattle Mariners,,P,2026,,,,,,,,,,,,,,,,,,,,,,,,,,,,,,,,,,,,,,,,,,,,,,,,,2025
681892,Kody Funderburk,142,Minnesota Twins,,P,2026,,,,,,,,,,,,,,,,,,,,,,,,,0.0,0.0,0.0,0.0,0.0,0.0,0.0,0.0,0.0,0.0,0.0,0.0,0.0,0.0,0.0,.000,.000,.000,.000,.---,-.--,0.0,0.0,0.0,2025
681867,Cooper Criswell,136,Seattle Mariners,,P,2026,,,,,,,,,,,,,,,,,,,,,,,,,,,,,,,,,,,,,,,,,,,,,,,,,2025
671655,George Valera,114,Cleveland Guardians,,LF,2026,37.0,36.0,8.0,3.0,0.0,0.0,1.0,0.0,7.0,0.0,0.0,0.0,11.0,6.0,1.0,.222,.243,.306,.549,.276,-.--,116.0,12.0,9.0,48.0,41.0,9.0,2.0,0.0,2.0,7.0,0.0,13.0,0.0,0.0,0.0,17.0,5.0,1.0,.220,.333,.415,.748,.269,20.50,204.0,12.0,7.0,2025
663436,Davis Martin,145,Chicago White Sox,,P,2026,,,,,,,,,,,,,,,,,,,,,,,,,,,,,,,,,,,,,,,,,,,,,,,,,2025
595879,Javier Báez,116,Detroit Tigers,,SS,2026,80.0,76.0,20.0,5.0,0.0,2.0,2.0,0.0,16.0,1.0,1.0,0.0,31.0,6.0,2.0,.263,.288,.408,.696,.305,38.00,276.0,21.0,20.0,437.0,417.0,107.0,17.0,3.0,12.0,10.0,0.0,109.0,6.0,3.0,0.0,166.0,57.0,8.0,.257,.282,.398,.680,.318,34.75,1543.0,99.0,105.0,2025
700337,Edgar Quero,145,Chicago White Sox,,C,2026,79.0,65.0,11.0,1.0,0.0,0.0,9.0,0.0,16.0,2.0,1.0,2.0,12.0,4.0,3.0,.169,.286,.185,.471,.220,-.--,297.0,27.0,14.0,403.0,365.0,98.0,17.0,0.0,5.0,32.0,0.0,71.0,4.0,2.0,0.0,130.0,36.0,8.0,.268,.333,.356,.689,.320,73.00,1583.0,107.0,91.0,2025
669622,Anthony Bender,146,Miami Marlins,,P,2026,,,,,,,,,,,,,,,,,,,,,,,,,,,,,,,,,,,,,,,,,,,,,,,,,2025
681911,Alex Vesia,119,Los Angeles Dodgers,,P,2026,,,,,,,,,,,,,,,,,,,,,,,,,,,,,,,,,,,,,,,,,,,,,,,,,2025
663485,Cole Sands,142,Minnesota Twins,,P,2026,,,,,,,,,,,,,,,,,,,,,,,,,,,,,,,,,,,,,,,,,,,,,,,,,2025
810938,Ben Williamson,139,Tampa Bay Rays,,2B,2026,86.0,77.0,19.0,5.0,1.0,0.0,8.0,0.0,19.0,0.0,0.0,1.0,26.0,10.0,3.0,.247,.318,.338,.656,.328,-.--,345.0,22.0,18.0,295.0,277.0,70.0,13.0,0.0,1.0,15.0,0.0,64.0,1.0,0.0,2.0,86.0,21.0,5.0,.253,.294,.310,.604,.325,277.00,1216.0,90.0,55.0,2025
694212,Samuel Basallo,110,Baltimore Orioles,,C,2026,83.0,73.0,17.0,1.0,0.0,5.0,10.0,1.0,19.0,0.0,0.0,0.0,33.0,8.0,0.0,.233,.325,.452,.777,.245,14.60,284.0,17.0,20.0,118.0,109.0,18.0,6.0,0.0,4.0,6.0,0.0,30.0,3.0,0.0,0.0,36.0,15.0,4.0,.165,.229,.330,.559,.187,27.25,443.0,36.0,25.0,2025
624585,Jorge Soler,108,Los Angeles Angels,,RF,2026,113.0,95.0,22.0,5.0,0.0,6.0,12.0,0.0,36.0,3.0,3.0,0.0,45.0,23.0,3.0,.232,.327,.474,.801,.286,15.83,486.0,15.0,25.0,315.0,279.0,60.0,12.0,0.0,12.0,28.0,0.0,94.0,4.0,3.0,0.0,108.0,34.0,5.0,.215,.293,.387,.680,.273,23.25,1290.0,61.0,67.0,2025
665561,Rafael Marchán,143,Philadelphia Phillies,,C,2026,43.0,41.0,4.0,0.0,0.0,1.0,0.0,0.0,10.0,2.0,0.0,0.0,7.0,2.0,0.0,.098,.140,.171,.311,.100,41.00,154.0,6.0,21.0,118.0,105.0,22.0,4.0,0.0,2.0,10.0,0.0,17.0,1.0,1.0,1.0,32.0,13.0,1.0,.210,.282,.305,.587,.230,52.50,459.0,41.0,27.0,2025
622554,Seranthony Domínguez,145,Chicago White Sox,,P,2026,,,,,,,,,,,,,,,,,,,,,,,,,0.0,0.0,0.0,0.0,0.0,0.0,0.0,0.0,0.0,0.0,0.0,0.0,0.0,0.0,0.0,.000,.000,.000,.000,.---,-.--,0.0,0.0,0.0,2025
696285,Jacob Young,120,Washington Nationals,,CF,2026,96.0,90.0,22.0,5.0,0.0,2.0,4.0,0.0,15.0,1.0,0.0,1.0,33.0,12.0,1.0,.244,.284,.367,.651,.274,45.00,343.0,24.0,30.0,364.0,324.0,75.0,10.0,1.0,2.0,27.0,0.0,65.0,3.0,1.0,9.0,93.0,31.0,7.0,.231,.296,.287,.583,.283,162.00,1367.0,115.0,79.0,2025
684007,Shota Imanaga,112,Chicago Cubs,,P,2026,,,,,,,,,,,,,,,,,,,,,,,,,,,,,,,,,,,,,,,,,,,,,,,,,2025
694208,Moisés Ballesteros,112,Chicago Cubs,,C,2026,69.0,62.0,24.0,5.0,0.0,5.0,6.0,0.0,12.0,0.0,1.0,0.0,44.0,16.0,0.0,.387,.435,.710,1.145,.413,12.40,259.0,11.0,16.0,66.0,57.0,17.0,2.0,1.0,2.0,9.0,1.0,12.0,0.0,0.0,0.0,27.0,11.0,2.0,.298,.394,.474,.868,.349,28.50,249.0,21.0,7.0,2025
606192,Teoscar Hernández,119,Los Angeles Dodgers,,LF,2026,105.0,94.0,23.0,4.0,0.0,4.0,10.0,0.0,31.0,0.0,1.0,0.0,39.0,17.0,4.0,.245,.314,.415,.729,.317,23.50,417.0,19.0,22.0,546.0,511.0,126.0,29.0,1.0,25.0,26.0,0.0,134.0,3.0,5.0,0.0,232.0,89.0,13.0,.247,.284,.454,.738,.283,20.44,2139.0,136.0,120.0,2025
663538,Nico Hoerner,112,Chicago Cubs,,2B,2026,136.0,118.0,35.0,7.0,0.0,4.0,13.0,0.0,14.0,3.0,2.0,0.0,54.0,24.0,1.0,.297,.375,.458,.833,.304,29.50,491.0,28.0,43.0,649.0,599.0,178.0,29.0,4.0,7.0,39.0,1.0,49.0,7.0,4.0,0.0,236.0,61.0,4.0,.297,.345,.394,.739,.313,85.57,2305.0,179.0,197.0,2025
663542,Bryan Hudson,145,Chicago White Sox,,P,2026,,,,,,,,,,,,,,,,,,,,,,,,,,,,,,,,,,,,,,,,,,,,,,,,,2025
671737,Taj Bradley,142,Minnesota Twins,,P,2026,,,,,,,,,,,,,,,,,,,,,,,,,,,,,,,,,,,,,,,,,,,,,,,,,2025
671739,Michael Harris II,144,Atlanta Braves,,CF,2026,100.0,93.0,30.0,4.0,0.0,6.0,6.0,0.0,17.0,0.0,1.0,0.0,52.0,20.0,0.0,.323,.360,.559,.919,.338,15.50,374.0,29.0,18.0,641.0,611.0,152.0,26.0,6.0,20.0,16.0,1.0,128.0,3.0,7.0,4.0,250.0,86.0,7.0,.249,.268,.409,.677,.281,30.55,2177.0,193.0,149.0,2025
808959,Munetaka Murakami,145,Chicago White Sox,,1B,2026,126.0,103.0,25.0,0.0,0.0,12.0,22.0,3.0,41.0,0.0,1.0,0.0,61.0,23.0,1.0,.243,.373,.592,.965,.255,8.58,529.0,17.0,21.0,,,,,,,,,,,,,,,,,,,,,,,,,2025
677870,Leo Jiménez,146,Miami Marlins,,2B,2026,17.0,13.0,3.0,0.0,0.0,0.0,3.0,0.0,2.0,1.0,0.0,0.0,3.0,0.0,0.0,.231,.412,.231,.643,.273,-.--,65.0,6.0,2.0,32.0,29.0,2.0,0.0,0.0,1.0,2.0,0.0,8.0,0.0,0.0,1.0,5.0,1.0,1.0,.069,.129,.172,.301,.050,29.00,143.0,10.0,10.0,2025
