batter_id,batter_name,team_id,team_name,batSide,primaryPosition,season,plateAppearances,atBats,hits,doubles,triples,homeRuns,baseOnBalls,intentionalWalks,strikeOuts,hitByPitch,sacFlies,sacBunts,totalBases,rbi,groundIntoDoublePlay,avg,obp,slg,ops,babip,atBatsPerHomeRun,numberOfPitches,groundOuts,airOuts,plateAppearances_prev,atBats_prev,hits_prev,doubles_prev,triples_prev,homeRuns_prev,baseOnBalls_prev,intentionalWalks_prev,strikeOuts_prev,hitByPitch_prev,sacFlies_prev,sacBunts_prev,totalBases_prev,rbi_prev,groundIntoDoublePlay_prev,avg_prev,obp_prev,slg_prev,ops_prev,babip_prev,atBatsPerHomeRun_prev,numberOfPitches_prev,groundOuts_prev,airOuts_prev,season_prev
624641,Edmundo Sosa,143,Philadelphia Phillies,,SS,2026,119.0,110.0,26.0,4.0,0.0,4.0,3.0,0.0,26.0,3.0,2.0,0.0,42.0,18.0,2.0,.236,.271,.382,.653,.268,27.50,442.0,31.0,29.0,261.0,243.0,67.0,12.0,1.0,11.0,10.0,0.0,56.0,2.0,2.0,3.0,114.0,39.0,7.0,.276,.307,.469,.776,.315,22.09,942.0,67.0,58.0,2025
681987,Nate Eaton,111,Boston Red Sox,,OF,2026,1.0,1.0,0.0,0.0,0.0,0.0,0.0,0.0,0.0,0.0,0.0,0.0,0.0,0.0,0.0,.000,.000,.000,.000,.000,-.--,5.0,0.0,1.0,90.0,81.0,24.0,4.0,0.0,1.0,6.0,0.0,19.0,1.0,1.0,1.0,31.0,4.0,1.0,.296,.348,.383,.731,.371,81.00,338.0,17.0,23.0,2025
663556,Shane McClanahan,139,Tampa Bay Rays,,P,2026,,,,,,,,,,,,,,,,,,,,,,,,,,,,,,,,,,,,,,,,,,,,,,,,,2025
669701,Josh Smith,140,Texas Rangers,,2B,2026,109.0,93.0,20.0,2.0,0.0,0.0,14.0,1.0,20.0,1.0,1.0,0.0,22.0,6.0,1.0,.215,.321,.237,.558,.270,-.--,419.0,18.0,36.0,563.0,495.0,124.0,23.0,2.0,10.0,55.0,2.0,100.0,8.0,1.0,3.0,181.0,35.0,3.0,.251,.335,.366,.701,.295,49.50,2287.0,139.0,136.0,2025
808963,Roki Sasaki,119,Los Angeles Dodgers,,P,2026,,,,,,,,,,,,,,,,,,,,,,,,,,,,,,,,,,,,,,,,,,,,,,,,,2025
808967,Yoshinobu Yamamoto,119,Los Angeles Dodgers,,P,2026,,,,,,,,,,,,,,,,,,,,,,,,,,,,,,,,,,,,,,,,,,,,,,,,,2025
595978,Austin Hedges,114,Cleveland Guardians,,C,2026,108.0,94.0,25.0,6.0,0.0,1.0,10.0,0.0,18.0,0.0,1.0,3.0,34.0,9.0,3.0,.266,.333,.362,.695,.316,94.00,420.0,34.0,21.0,180.0,155.0,25.0,3.0,0.0,5.0,18.0,0.0,43.0,1.0,2.0,4.0,43.0,10.0,2.0,.161,.250,.277,.527,.183,31.00,696.0,35.0,58.0,2025
675848,Juan Mejia,115,Colorado Rockies,,P,2026,,,,,,,,,,,,,,,,,,,,,,,,,0.0,0.0,0.0,0.0,0.0,0.0,0.0,0.0,0.0,0.0,0.0,0.0,0.0,0.0,0.0,.000,.000,.000,.000,.---,-.--,0.0,0.0,0.0,2025
702474,Mike Paredes,142,Minnesota Twins,,P,2026,,,,,,,,,,,,,,,,,,,,,,,,,,,,,,,,,,,,,,,,,,,,,,,,,2025
669707,Jared Triolo,134,Pittsburgh Pirates,,SS,2026,132.0,119.0,27.0,4.0,0.0,0.0,10.0,0.0,35.0,1.0,0.0,1.0,31.0,7.0,3.0,.227,.292,.261,.553,.321,-.--,518.0,33.0,25.0,376.0,331.0,75.0,18.0,2.0,7.0,39.0,1.0,76.0,2.0,1.0,3.0,118.0,24.0,4.0,.227,.311,.356,.667,.273,47.29,1454.0,81.0,103.0,2025
669711,Greg Weissert,111,Boston Red Sox,,P,2026,,,,,,,,,,,,,,,,,,,,,,,,,,,,,,,,,,,,,,,,,,,,,,,,,2025
663568,Stephen Kolek,118,Kansas City Royals,,P,2026,,,,,,,,,,,,,,,,,,,,,,,,,,,,,,,,,,,,,,,,,,,,,,,,,2025
622608,Antonio Senzatela,115,Colorado Rockies,,P,2026,,,,,,,,,,,,,,,,,,,,,,,,,,,,,,,,,,,,,,,,,,,,,,,,,2025
663567,Peter Lambert,117,Houston Astros,,P,2026,,,,,,,,,,,,,,,,,,,,,,,,,,,,,,,,,,,,,,,,,,,,,,,,,2025
684049,Brandan Bidois,134,Pittsburgh Pirates,,P,2026,,,,,,,,,,,,,,,,,,,,,,,,,,,,,,,,,,,,,,,,,,,,,,,,,2025
663574,Tony Santillan,113,Cincinnati Reds,,P,2026,,,,,,,,,,,,,,,,,,,,,,,,,,,,,,,,,,,,,,,,,,,,,,,,,2025
808982,Jung Hoo Lee,137,San Francisco Giants,,RF,2026,262.0,245.0,81.0,15.0,2.0,3.0,11.0,0.0,25.0,3.0,3.0,0.0,109.0,25.0,3.0,.331,.363,.445,.808,.355,81.67,967.0,71.0,71.0,617.0,560.0,149.0,31.0,12.0,8.0,47.0,0.0,71.0,6.0,4.0,0.0,228.0,55.0,2.0,.266,.327,.407,.734,.291,70.00,2351.0,182.0,162.0,2025
688158,David Morgan,135,San Diego Padres,,P,2026,,,,,,,,,,,,,,,,,,,,,,,,,,,,,,,,,,,,,,,,,,,,,,,,,2025
665622,Luis Medina,133,Athletics,,P,2026,,,,,,,,,,,,,,,,,,,,,,,,,,,,,,,,,,,,,,,,,,,,,,,,,2025
596001,Jakob Junis,140,Texas Rangers,,P,2026,,,,,,,,,,,,,,,,,,,,,,,,,,,,,,,,,,,,,,,,,,,,,,,,,2025
593958,Eduardo Rodriguez,109,Arizona Diamondbacks,,P,2026,,,,,,,,,,,,,,,,,,,,,,,,,,,,,,,,,,,,,,,,,,,,,,,,,2025
669743,Alex Call,119,Los Angeles Dodgers,,LF,2026,103.0,86.0,22.0,5.0,0.0,0.0,13.0,0.0,15.0,3.0,1.0,0.0,27.0,13.0,2.0,.256,.369,.314,.683,.306,-.--,456.0,25.0,25.0,322.0,270.0,72.0,13.0,2.0,5.0,36.0,0.0,55.0,6.0,4.0,6.0,104.0,31.0,6.0,.267,.361,.385,.746,.313,54.00,1314.0,80.0,73.0,2025
663586,Austin Riley,144,Atlanta Braves,,3B,2026,290.0,257.0,52.0,11.0,1.0,8.0,25.0,0.0,83.0,6.0,2.0,0.0,89.0,34.0,6.0,.202,.286,.346,.632,.262,32.12,1171.0,51.0,73.0,447.0,416.0,108.0,20.0,1.0,16.0,27.0,1.0,128.0,3.0,1.0,0.0,178.0,54.0,9.0,.260,.309,.428,.737,.337,26.00,1791.0,69.0,112.0,2025
806960,Luis Morales,133,Athletics,,P,2026,,,,,,,,,,,,,,,,,,,,,,,,,,,,,,,,,,,,,,,,,,,,,,,,,2025
593974,Wandy Peralta,135,San Diego Padres,,P,2026,,,,,,,,,,,,,,,,,,,,,,,,,,,,,,,,,,,,,,,,,,,,,,,,,2025
677942,Blaze Alexander,110,Baltimore Orioles,,3B,2026,170.0,152.0,46.0,10.0,1.0,2.0,10.0,1.0,39.0,3.0,1.0,2.0,64.0,19.0,5.0,.303,.355,.421,.776,.393,76.00,640.0,41.0,29.0,266.0,230.0,53.0,12.0,1.0,7.0,22.0,0.0,86.0,10.0,1.0,3.0,88.0,28.0,5.0,.230,.323,.383,.706,.333,32.86,1042.0,54.0,41.0,2025
677944,Slade Cecconi,114,Cleveland Guardians,,P,2026,,,,,,,,,,,,,,,,,,,,,,,,,,,,,,,,,,,,,,,,,,,,,,,,,2025
571448,Nolan Arenado,109,Arizona Diamondbacks,,3B,2026,257.0,226.0,55.0,12.0,0.0,8.0,22.0,1.0,54.0,6.0,3.0,0.0,91.0,31.0,6.0,.243,.323,.403,.726,.281,28.25,1032.0,52.0,68.0,436.0,401.0,95.0,18.0,1.0,12.0,28.0,4.0,49.0,3.0,4.0,0.0,151.0,52.0,10.0,.237,.289,.377,.666,.241,33.42,1586.0,101.0,160.0,2025
663611,Nick Madrigal,108,Los Angeles Angels,,2B,2026,43.0,36.0,12.0,1.0,0.0,0.0,6.0,0.0,2.0,1.0,0.0,0.0,13.0,2.0,1.0,.333,.442,.361,.803,.353,-.--,170.0,10.0,12.0,,,,,,,,,,,,,,,,,,,,,,,,,2025
665660,Elvis Alvarado,133,Athletics,,P,2026,,,,,,,,,,,,,,,,,,,,,,,,,0.0,0.0,0.0,0.0,0.0,0.0,0.0,0.0,0.0,0.0,0.0,0.0,0.0,0.0,0.0,.000,.000,.000,.000,.---,-.--,0.0,0.0,0.0,2025
677951,Bobby Witt Jr.,118,Kansas City Royals,,SS,2026,328.0,292.0,84.0,19.0,1.0,9.0,33.0,3.0,57.0,1.0,2.0,0.0,132.0,29.0,6.0,.288,.360,.452,.812,.329,32.44,1208.0,56.0,97.0,687.0,623.0,184.0,47.0,6.0,23.0,49.0,8.0,125.0,8.0,7.0,0.0,312.0,88.0,7.0,.295,.351,.501,.852,.334,27.09,2511.0,124.0,197.0,2025
694335,Matt Svanson,138,St. Louis Cardinals,,P,2026,,,,,,,,,,,,,,,,,,,,,,,,,,,,,,,,,,,,,,,,,,,,,,,,,2025
665665,Reiver Sanmartin,137,San Francisco Giants,,P,2026,,,,,,,,,,,,,,,,,,,,,,,,,,,,,,,,,,,,,,,,,,,,,,,,,2025
663616,Trevor Larnach,142,Minnesota Twins,,LF,2026,207.0,177.0,45.0,10.0,1.0,4.0,27.0,1.0,42.0,3.0,0.0,0.0,69.0,18.0,5.0,.254,.362,.390,.752,.313,44.25,811.0,37.0,53.0,567.0,503.0,126.0,24.0,1.0,17.0,53.0,2.0,122.0,4.0,6.0,0.0,203.0,60.0,19.0,.250,.323,.404,.727,.295,29.59,2191.0,124.0,137.0,2025
677955,Jaden Hill,115,Colorado Rockies,,P,2026,,,,,,,,,,,,,,,,,,,,,,,,,,,,,,,,,,,,,,,,,,,,,,,,,2025
608324,Alex Bregman,112,Chicago Cubs,,3B,2026,329.0,289.0,73.0,10.0,1.0,6.0,33.0,2.0,54.0,5.0,2.0,0.0,103.0,22.0,8.0,.253,.337,.356,.693,.290,48.17,1302.0,67.0,97.0,495.0,433.0,118.0,28.0,0.0,18.0,51.0,3.0,70.0,9.0,2.0,0.0,200.0,62.0,12.0,.273,.360,.462,.822,.288,24.06,1947.0,101.0,146.0,2025
677952,Braxton Ashcraft,134,Pittsburgh Pirates,,P,2026,,,,,,,,,,,,,,,,,,,,,,,,,,,,,,,,,,,,,,,,,,,,,,,,,2025
677960,Ryan Weathers,147,New York Yankees,,P,2026,,,,,,,,,,,,,,,,,,,,,,,,,,,,,,,,,,,,,,,,,,,,,,,,,2025
677958,Kumar Rocker,140,Texas Rangers,,P,2026,0.0,0.0,0.0,0.0,0.0,0.0,0.0,0.0,0.0,0.0,0.0,0.0,0.0,0.0,0.0,.000,.000,.000,.000,.---,-.--,0.0,0.0,0.0,,,,,,,,,,,,,,,,,,,,,,,,,2025
694346,Trey Gibson,110,Baltimore Orioles,,P,2026,,,,,,,,,,,,,,,,,,,,,,,,,,,,,,,,,,,,,,,,,,,,,,,,,2025
675916,James Karinchak,144,Atlanta Braves,,P,2026,,,,,,,,,,,,,,,,,,,,,,,,,,,,,,,,,,,,,,,,,,,,,,,,,2025
694360,Beck Way,118,Kansas City Royals,,P,2026,,,,,,,,,,,,,,,,,,,,,,,,,,,,,,,,,,,,,,,,,,,,,,,,,2025
608337,Lucas Giolito,135,San Diego Padres,,P,2026,,,,,,,,,,,,,,,,,,,,,,,,,,,,,,,,,,,,,,,,,,,,,,,,,2025
694361,Will Klein,119,Los Angeles Dodgers,,P,2026,,,,,,,,,,,,,,,,,,,,,,,,,,,,,,,,,,,,,,,,,,,,,,,,,2025
694362,Blake Dunn,113,Cincinnati Reds,,CF,2026,123.0,114.0,30.0,5.0,1.0,2.0,8.0,0.0,26.0,1.0,0.0,0.0,43.0,5.0,2.0,.263,.317,.377,.694,.326,57.00,431.0,28.0,30.0,75.0,60.0,9.0,2.0,0.0,1.0,8.0,0.0,25.0,7.0,0.0,0.0,14.0,7.0,1.0,.150,.320,.233,.553,.235,60.00,318.0,19.0,7.0,2025
608348,Carson Kelly,112,Chicago Cubs,,C,2026,189.0,169.0,46.0,6.0,0.0,3.0,17.0,0.0,32.0,3.0,0.0,0.0,61.0,19.0,3.0,.272,.349,.361,.710,.321,56.33,714.0,39.0,52.0,421.0,369.0,92.0,13.0,1.0,17.0,45.0,0.0,80.0,3.0,4.0,0.0,158.0,50.0,11.0,.249,.333,.428,.761,.272,21.71,1667.0,88.0,113.0,2025
694371,Tommy Troy,109,Arizona Diamondbacks,,LF,2026,68.0,60.0,13.0,2.0,0.0,2.0,8.0,0.0,13.0,0.0,0.0,0.0,21.0,2.0,0.0,.217,.309,.350,.659,.244,30.00,275.0,20.0,14.0,,,,,,,,,,,,,,,,,,,,,,,,,2025
663656,Kyle Tucker,119,Los Angeles Dodgers,,RF,2026,297.0,255.0,61.0,16.0,2.0,6.0,37.0,0.0,61.0,2.0,3.0,0.0,99.0,39.0,0.0,.239,.337,.388,.725,.288,42.50,1171.0,57.0,79.0,597.0,500.0,133.0,25.0,4.0,22.0,87.0,7.0,88.0,4.0,3.0,1.0,232.0,73.0,8.0,.266,.377,.464,.841,.282,22.73,2306.0,114.0,169.0,2025
694378,Jacob Gonzalez,145,Chicago White Sox,,1B,2026,43.0,37.0,8.0,0.0,0.0,1.0,5.0,0.0,13.0,1.0,0.0,0.0,11.0,5.0,0.0,.216,.326,.297,.623,.304,37.00,193.0,6.0,10.0,,,,,,,,,,,,,,,,,,,,,,,,,2025
657514,Brennan Bernardino,115,Colorado Rockies,,P,2026,,,,,,,,,,,,,,,,,,,,,,,,,0.0,0.0,0.0,0.0,0.0,0.0,0.0,0.0,0.0,0.0,0.0,0.0,0.0,0.0,0.0,.000,.000,.000,.000,.---,-.--,0.0,0.0,0.0,2025
594027,Tyron Guerrero,111,Boston Red Sox,,P,2026,,,,,,,,,,,,,,,,,,,,,,,,,,,,,,,,,,,,,,,,,,,,,,,,,2025
667755,José Soriano,108,Los Angeles Angels,,P,2026,,,,,,,,,,,,,,,,,,,,,,,,,,,,,,,,,,,,,,,,,,,,,,,,,2025
694384,Nolan Schanuel,108,Los Angeles Angels,,1B,2026,232.0,209.0,53.0,12.0,0.0,4.0,16.0,0.0,37.0,5.0,2.0,0.0,77.0,25.0,8.0,.254,.319,.368,.687,.288,52.25,917.0,70.0,51.0,564.0,488.0,129.0,23.0,1.0,12.0,59.0,4.0,71.0,10.0,4.0,3.0,190.0,53.0,10.0,.264,.353,.389,.742,.286,40.67,2150.0,139.0,156.0,2025
608372,Tomoyuki Sugano,115,Colorado Rockies,,P,2026,,,,,,,,,,,,,,,,,,,,,,,,,,,,,,,,,,,,,,,,,,,,,,,,,2025
675961,Alika Williams,133,Athletics,,SS,2026,43.0,40.0,12.0,4.0,0.0,1.0,2.0,0.0,10.0,0.0,0.0,1.0,19.0,5.0,1.0,.300,.333,.475,.808,.379,40.00,172.0,10.0,9.0,,,,,,,,,,,,,,,,,,,,,,,,,2025
694388,Joey Loperfido,117,Houston Astros,,LF,2026,81.0,69.0,16.0,5.0,0.0,0.0,10.0,1.0,22.0,1.0,1.0,0.0,21.0,7.0,1.0,.232,.333,.304,.637,.333,-.--,331.0,21.0,11.0,104.0,96.0,32.0,4.0,0.0,4.0,4.0,0.0,27.0,3.0,0.0,1.0,48.0,14.0,2.0,.333,.379,.500,.879,.431,24.00,376.0,20.0,18.0,2025
608379,Michael Wacha,118,Kansas City Royals,,P,2026,,,,,,,,,,,,,,,,,,,,,,,,,,,,,,,,,,,,,,,,,,,,,,,,,2025
678020,Seth Halvorsen,115,Colorado Rockies,,P,2026,,,,,,,,,,,,,,,,,,,,,,,,,0.0,0.0,0.0,0.0,0.0,0.0,0.0,0.0,0.0,0.0,0.0,0.0,0.0,0.0,0.0,.000,.000,.000,.000,.---,-.--,0.0,0.0,0.0,2025
678022,Jack Perkins,133,Athletics,,P,2026,0.0,0.0,0.0,0.0,0.0,0.0,0.0,0.0,0.0,0.0,0.0,0.0,0.0,0.0,0.0,.000,.000,.000,.000,.---,-.--,0.0,0.0,0.0,,,,,,,,,,,,,,,,,,,,,,,,,2025
663687,Hogan Harris,133,Athletics,,P,2026,,,,,,,,,,,,,,,,,,,,,,,,,,,,,,,,,,,,,,,,,,,,,,,,,2025
682120,Tim Herrin,114,Cleveland Guardians,,P,2026,,,,,,,,,,,,,,,,,,,,,,,,,0.0,0.0,0.0,0.0,0.0,0.0,0.0,0.0,0.0,0.0,0.0,0.0,0.0,0.0,0.0,.000,.000,.000,.000,.---,-.--,0.0,0.0,0.0,2025
686217,Sal Frelick,158,Milwaukee Brewers,,RF,2026,242.0,210.0,48.0,8.0,0.0,3.0,23.0,1.0,25.0,1.0,3.0,0.0,65.0,25.0,4.0,.229,.304,.310,.614,.243,70.00,934.0,79.0,61.0,594.0,528.0,152.0,20.0,3.0,12.0,47.0,0.0,80.0,7.0,5.0,3.0,214.0,63.0,4.0,.288,.351,.405,.756,.317,44.00,2311.0,153.0,151.0,2025
694410,LuJames Groover,109,Arizona Diamondbacks,,DH,2026,28.0,25.0,5.0,0.0,0.0,0.0,2.0,0.0,6.0,1.0,0.0,0.0,5.0,2.0,2.0,.200,.286,.200,.486,.263,-.--,109.0,9.0,5.0,,,,,,,,,,,,,,,,,,,,,,,,,2025
647304,Josh Naylor,136,Seattle Mariners,,1B,2026,296.0,269.0,68.0,8.0,0.0,8.0,23.0,2.0,38.0,2.0,1.0,0.0,100.0,32.0,11.0,.253,.315,.372,.687,.268,33.62,968.0,80.0,84.0,604.0,543.0,160.0,29.0,1.0,20.0,48.0,4.0,83.0,4.0,5.0,0.0,251.0,92.0,17.0,.295,.353,.462,.815,.315,27.15,2013.0,158.0,147.0,2025
596103,Austin Slater,139,Tampa Bay Rays,,RF,2026,69.0,61.0,14.0,3.0,0.0,0.0,7.0,0.0,19.0,0.0,1.0,0.0,17.0,3.0,1.0,.230,.304,.279,.583,.326,-.--,273.0,13.0,16.0,160.0,148.0,32.0,6.0,1.0,5.0,11.0,0.0,51.0,0.0,0.0,1.0,55.0,13.0,6.0,.216,.270,.372,.642,.293,29.60,644.0,39.0,27.0,2025
645261,Sandy Alcantara,146,Miami Marlins,,P,2026,,,,,,,,,,,,,,,,,,,,,,,,,,,,,,,,,,,,,,,,,,,,,,,,,2025
665742,Juan Soto,121,New York Mets,,DH,2026,237.0,201.0,58.0,6.0,1.0,15.0,34.0,6.0,32.0,0.0,1.0,0.0,111.0,34.0,2.0,.289,.390,.552,.942,.277,13.40,900.0,53.0,59.0,715.0,577.0,152.0,20.0,1.0,43.0,127.0,13.0,137.0,3.0,6.0,1.0,303.0,105.0,17.0,.263,.396,.525,.921,.270,13.42,2968.0,156.0,139.0,2025
643217,Andrew Benintendi,145,Chicago White Sox,,DH,2026,227.0,205.0,49.0,10.0,2.0,8.0,18.0,0.0,61.0,0.0,3.0,1.0,87.0,33.0,3.0,.239,.296,.424,.720,.295,25.62,871.0,40.0,59.0,470.0,420.0,101.0,16.0,2.0,20.0,40.0,2.0,82.0,3.0,6.0,0.0,181.0,63.0,5.0,.240,.307,.431,.738,.250,21.00,1721.0,88.0,155.0,2025
596117,Garrett Stubbs,143,Philadelphia Phillies,,C,2026,24.0,20.0,4.0,0.0,0.0,0.0,1.0,0.0,4.0,2.0,1.0,0.0,4.0,1.0,0.0,.200,.292,.200,.492,.235,-.--,83.0,6.0,7.0,1.0,1.0,0.0,0.0,0.0,0.0,0.0,0.0,0.0,0.0,0.0,0.0,0.0,0.0,0.0,.000,.000,.000,.000,.000,-.--,4.0,1.0,0.0,2025
665750,Leody Taveras,110,Baltimore Orioles,,RF,2026,217.0,185.0,48.0,9.0,3.0,2.0,23.0,0.0,46.0,1.0,1.0,7.0,69.0,28.0,1.0,.259,.343,.373,.716,.333,92.50,840.0,40.0,59.0,180.0,171.0,35.0,6.0,1.0,3.0,5.0,0.0,50.0,0.0,1.0,3.0,52.0,17.0,0.0,.205,.226,.304,.530,.269,57.00,693.0,33.0,57.0,2025
686218,Emmet Sheehan,119,Los Angeles Dodgers,,P,2026,,,,,,,,,,,,,,,,,,,,,,,,,,,,,,,,,,,,,,,,,,,,,,,,,2025
702616,Jackson Holliday,110,Baltimore Orioles,,2B,2026,82.0,71.0,14.0,1.0,1.0,3.0,9.0,0.0,24.0,0.0,2.0,0.0,26.0,11.0,1.0,.197,.280,.366,.646,.239,23.67,320.0,13.0,22.0,649.0,586.0,142.0,21.0,3.0,17.0,56.0,1.0,140.0,6.0,1.0,0.0,220.0,55.0,4.0,.242,.314,.375,.689,.291,34.47,2450.0,167.0,138.0,2025
645277,Ozzie Albies,144,Atlanta Braves,,2B,2026,306.0,273.0,76.0,13.0,0.0,10.0,22.0,0.0,37.0,4.0,7.0,0.0,119.0,37.0,3.0,.278,.333,.436,.769,.283,27.30,1102.0,69.0,98.0,667.0,603.0,145.0,23.0,2.0,16.0,55.0,2.0,94.0,4.0,5.0,0.0,220.0,74.0,9.0,.240,.306,.365,.671,.259,37.69,2402.0,146.0,223.0,2025
657571,Caleb Ferguson,113,Cincinnati Reds,,P,2026,,,,,,,,,,,,,,,,,,,,,,,,,,,,,,,,,,,,,,,,,,,,,,,,,2025
596133,Luke Weaver,121,New York Mets,,P,2026,0.0,0.0,0.0,0.0,0.0,0.0,0.0,0.0,0.0,0.0,0.0,0.0,0.0,0.0,0.0,.000,.000,.000,.000,.---,-.--,0.0,0.0,0.0,,,,,,,,,,,,,,,,,,,,,,,,,2025
542888,Shawn Armstrong,114,Cleveland Guardians,,P,2026,,,,,,,,,,,,,,,,,,,,,,,,,0.0,0.0,0.0,0.0,0.0,0.0,0.0,0.0,0.0,0.0,0.0,0.0,0.0,0.0,0.0,.000,.000,.000,.000,.---,-.--,0.0,0.0,0.0,2025
688297,Chris Roycroft,138,St. Louis Cardinals,,P,2026,,,,,,,,,,,,,,,,,,,,,,,,,,,,,,,,,,,,,,,,,,,,,,,,,2025
622761,Jorge Mateo,144,Atlanta Braves,,SS,2026,100.0,94.0,27.0,5.0,0.0,4.0,6.0,0.0,29.0,0.0,0.0,0.0,44.0,11.0,2.0,.287,.330,.468,.798,.377,23.50,399.0,19.0,19.0,83.0,79.0,14.0,4.0,0.0,1.0,4.0,0.0,30.0,0.0,0.0,0.0,21.0,3.0,1.0,.177,.217,.266,.483,.271,79.00,336.0,17.0,18.0,2025
673962,Josh Jung,140,Texas Rangers,,3B,2026,286.0,259.0,78.0,16.0,0.0,8.0,21.0,0.0,46.0,4.0,2.0,0.0,118.0,30.0,12.0,.301,.360,.456,.816,.338,32.38,1023.0,69.0,68.0,511.0,482.0,121.0,23.0,1.0,14.0,27.0,0.0,129.0,2.0,0.0,0.0,188.0,61.0,10.0,.251,.294,.390,.684,.316,34.43,1931.0,108.0,124.0,2025
647336,Michael Soroka,109,Arizona Diamondbacks,,P,2026,,,,,,,,,,,,,,,,,,,,,,,,,,,,,,,,,,,,,,,,,,,,,,,,,2025
596142,Gary Sánchez,158,Milwaukee Brewers,,DH,2026,135.0,110.0,25.0,4.0,1.0,7.0,23.0,0.0,26.0,2.0,0.0,0.0,52.0,19.0,4.0,.227,.370,.473,.843,.234,15.71,567.0,26.0,33.0,101.0,91.0,21.0,2.0,0.0,5.0,4.0,0.0,27.0,5.0,1.0,0.0,38.0,24.0,2.0,.231,.297,.418,.715,.267,18.20,415.0,21.0,23.0,2025
663728,Cal Raleigh,136,Seattle Mariners,,C,2026,181.0,161.0,26.0,4.0,0.0,7.0,18.0,0.0,57.0,0.0,2.0,0.0,51.0,18.0,4.0,.161,.243,.317,.560,.192,23.00,797.0,25.0,55.0,705.0,596.0,147.0,24.0,0.0,60.0,97.0,17.0,188.0,9.0,3.0,0.0,351.0,125.0,6.0,.247,.359,.589,.948,.248,9.93,2833.0,79.0,185.0,2025
671922,Cade Smith,114,Cleveland Guardians,,P,2026,0.0,0.0,0.0,0.0,0.0,0.0,0.0,0.0,0.0,0.0,0.0,0.0,0.0,0.0,0.0,.000,.000,.000,.000,.---,-.--,0.0,0.0,0.0,,,,,,,,,,,,,,,,,,,,,,,,,2025
645302,Victor Robles,136,Seattle Mariners,,LF,2026,44.0,43.0,12.0,2.0,0.0,0.0,1.0,0.0,6.0,0.0,0.0,0.0,14.0,2.0,3.0,.279,.295,.326,.621,.324,-.--,164.0,13.0,12.0,114.0,106.0,26.0,4.0,1.0,1.0,3.0,0.0,26.0,3.0,2.0,0.0,35.0,9.0,3.0,.245,.281,.330,.611,.309,106.00,375.0,29.0,27.0,2025
663738,Daniel Lynch IV,118,Kansas City Royals,,P,2026,,,,,,,,,,,,,,,,,,,,,,,,,0.0,0.0,0.0,0.0,0.0,0.0,0.0,0.0,0.0,0.0,0.0,0.0,0.0,0.0,0.0,.000,.000,.000,.000,.---,-.--,0.0,0.0,0.0,2025
645305,Ali Sánchez,147,New York Yankees,,C,2026,11.0,10.0,2.0,1.0,0.0,0.0,1.0,0.0,5.0,0.0,0.0,0.0,3.0,1.0,0.0,.200,.273,.300,.573,.400,-.--,40.0,2.0,1.0,23.0,23.0,5.0,2.0,0.0,0.0,0.0,0.0,6.0,0.0,0.0,0.0,7.0,0.0,1.0,.217,.217,.304,.521,.294,-.--,80.0,6.0,6.0,2025
663743,Nick Fortes,139,Tampa Bay Rays,,C,2026,176.0,162.0,43.0,10.0,0.0,1.0,5.0,0.0,22.0,6.0,1.0,2.0,56.0,14.0,6.0,.265,.310,.346,.656,.300,162.00,618.0,55.0,45.0,242.0,218.0,50.0,9.0,1.0,5.0,14.0,0.0,47.0,7.0,1.0,2.0,76.0,21.0,7.0,.229,.296,.349,.645,.269,43.60,915.0,59.0,65.0,2025
571578,Patrick Corbin,141,Toronto Blue Jays,,P,2026,,,,,,,,,,,,,,,,,,,,,,,,,,,,,,,,,,,,,,,,,,,,,,,,,2025
803011,Sam Antonacci,145,Chicago White Sox,,LF,2026,210.0,178.0,49.0,8.0,2.0,2.0,14.0,0.0,33.0,15.0,1.0,2.0,67.0,17.0,1.0,.275,.375,.376,.751,.326,89.00,833.0,59.0,40.0,,,,,,,,,,,,,,,,,,,,,,,,,2025
682177,Daniel Schneemann,114,Cleveland Guardians,,CF,2026,197.0,179.0,41.0,9.0,0.0,5.0,18.0,0.0,56.0,0.0,0.0,0.0,65.0,22.0,4.0,.229,.299,.363,.662,.305,35.80,780.0,40.0,42.0,422.0,379.0,78.0,18.0,1.0,12.0,38.0,1.0,117.0,3.0,1.0,1.0,134.0,41.0,4.0,.206,.283,.354,.637,.263,31.58,1668.0,96.0,90.0,2025
665795,Edward Cabrera,112,Chicago Cubs,,P,2026,0.0,0.0,0.0,0.0,0.0,0.0,0.0,0.0,0.0,0.0,0.0,0.0,0.0,0.0,0.0,.000,.000,.000,.000,.---,-.--,0.0,0.0,0.0,,,,,,,,,,,,,,,,,,,,,,,,,2025
696519,Samy Natera Jr.,108,Los Angeles Angels,,P,2026,,,,,,,,,,,,,,,,,,,,,,,,,,,,,,,,,,,,,,,,,,,,,,,,,2025
657612,Tim Hill,147,New York Yankees,,P,2026,,,,,,,,,,,,,,,,,,,,,,,,,,,,,,,,,,,,,,,,,,,,,,,,,2025
669899,Ryan Ward,119,Los Angeles Dodgers,,LF,2026,43.0,40.0,10.0,4.0,0.0,3.0,3.0,0.0,13.0,0.0,0.0,0.0,23.0,11.0,2.0,.250,.302,.575,.877,.292,13.33,175.0,10.0,7.0,,,,,,,,,,,,,,,,,,,,,,,,,2025
694477,Chad Patrick,158,Milwaukee Brewers,,P,2026,0.0,0.0,0.0,0.0,0.0,0.0,0.0,0.0,0.0,0.0,0.0,0.0,0.0,0.0,0.0,.000,.000,.000,.000,.---,-.--,0.0,0.0,0.0,,,,,,,,,,,,,,,,,,,,,,,,,2025
665804,Miguel Amaya,112,Chicago Cubs,,C,2026,118.0,96.0,21.0,4.0,0.0,3.0,14.0,0.0,25.0,6.0,0.0,1.0,34.0,10.0,5.0,.219,.353,.354,.707,.265,32.00,505.0,23.0,28.0,103.0,96.0,27.0,9.0,0.0,4.0,4.0,0.0,22.0,1.0,1.0,1.0,48.0,25.0,0.0,.281,.314,.500,.814,.324,24.00,385.0,22.0,27.0,2025
643289,Mauricio Dubón,144,Atlanta Braves,,CF,2026,269.0,248.0,65.0,13.0,2.0,6.0,18.0,0.0,42.0,2.0,0.0,0.0,100.0,38.0,4.0,.262,.317,.403,.720,.295,41.33,1011.0,64.0,77.0,398.0,369.0,89.0,21.0,0.0,7.0,24.0,0.0,42.0,1.0,1.0,3.0,131.0,33.0,12.0,.241,.289,.355,.644,.255,52.71,1346.0,110.0,132.0,2025
663767,Chase Shugart,143,Philadelphia Phillies,,P,2026,,,,,,,,,,,,,,,,,,,,,,,,,,,,,,,,,,,,,,,,,,,,,,,,,2025
592094,Jason Adam,135,San Diego Padres,,P,2026,,,,,,,,,,,,,,,,,,,,,,,,,,,,,,,,,,,,,,,,,,,,,,,,,2025
669923,George Kirby,136,Seattle Mariners,,P,2026,,,,,,,,,,,,,,,,,,,,,,,,,,,,,,,,,,,,,,,,,,,,,,,,,2025
671976,Tristan Peters,145,Chicago White Sox,,CF,2026,198.0,178.0,52.0,15.0,2.0,3.0,14.0,0.0,37.0,2.0,0.0,4.0,80.0,21.0,0.0,.292,.351,.449,.800,.355,59.33,737.0,49.0,44.0,12.0,12.0,0.0,0.0,0.0,0.0,0.0,0.0,7.0,0.0,0.0,0.0,0.0,0.0,0.0,.000,.000,.000,.000,.000,-.--,46.0,1.0,4.0,2025
694514,Sterlin Thompson,115,Colorado Rockies,,RF,2026,65.0,58.0,12.0,3.0,0.0,0.0,5.0,0.0,17.0,2.0,0.0,0.0,15.0,7.0,3.0,.207,.292,.259,.551,.293,-.--,264.0,17.0,12.0,,,,,,,,,,,,,,,,,,,,,,,,,2025
700669,Gordon Graceffo,138,St. Louis Cardinals,,P,2026,,,,,,,,,,,,,,,,,,,,,,,,,,,,,,,,,,,,,,,,,,,,,,,,,2025
823550,Sung-Mun Song,135,San Diego Padres,,2B,2026,51.0,45.0,8.0,1.0,0.0,0.0,6.0,0.0,12.0,0.0,0.0,0.0,9.0,4.0,1.0,.178,.275,.200,.475,.242,-.--,229.0,10.0,15.0,,,,,,,,,,,,,,,,,,,,,,,,,2025
606466,Ketel Marte,109,Arizona Diamondbacks,,2B,2026,300.0,275.0,70.0,14.0,2.0,11.0,22.0,0.0,45.0,0.0,3.0,0.0,121.0,41.0,4.0,.255,.307,.440,.747,.266,25.00,1092.0,85.0,78.0,556.0,480.0,136.0,28.0,0.0,28.0,64.0,6.0,83.0,9.0,3.0,0.0,248.0,72.0,12.0,.283,.376,.517,.893,.290,17.14,2095.0,129.0,135.0,2025
805123,AJ Blubaugh,117,Houston Astros,,P,2026,,,,,,,,,,,,,,,,,,,,,,,,,,,,,,,,,,,,,,,,,,,,,,,,,2025
665862,Jazz Chisholm Jr.,147,New York Yankees,,2B,2026,277.0,242.0,56.0,10.0,2.0,9.0,32.0,0.0,78.0,1.0,2.0,0.0,97.0,29.0,1.0,.231,.321,.401,.722,.299,26.89,1135.0,51.0,59.0,531.0,462.0,112.0,15.0,1.0,31.0,58.0,1.0,148.0,6.0,4.0,1.0,222.0,80.0,3.0,.242,.332,.481,.813,.282,14.90,2138.0,90.0,117.0,2025
682243,Bryce Miller,136,Seattle Mariners,,P,2026,,,,,,,,,,,,,,,,,,,,,,,,,,,,,,,,,,,,,,,,,,,,,,,,,2025
682254,Mason Montgomery,134,Pittsburgh Pirates,,P,2026,,,,,,,,,,,,,,,,,,,,,,,,,,,,,,,,,,,,,,,,,,,,,,,,,2025
676106,Emerson Hancock,136,Seattle Mariners,,P,2026,,,,,,,,,,,,,,,,,,,,,,,,,0.0,0.0,0.0,0.0,0.0,0.0,0.0,0.0,0.0,0.0,0.0,0.0,0.0,0.0,0.0,.000,.000,.000,.000,.---,-.--,0.0,0.0,0.0,2025
665871,Javier Assad,112,Chicago Cubs,,P,2026,,,,,,,,,,,,,,,,,,,,,,,,,,,,,,,,,,,,,,,,,,,,,,,,,2025
665877,José Fermín,138,St. Louis Cardinals,,LF,2026,107.0,97.0,26.0,5.0,0.0,2.0,8.0,0.0,17.0,0.0,1.0,0.0,37.0,12.0,4.0,.268,.321,.381,.702,.304,48.50,454.0,23.0,32.0,70.0,60.0,17.0,5.0,0.0,1.0,8.0,0.0,10.0,1.0,0.0,1.0,25.0,9.0,0.0,.283,.377,.417,.794,.327,60.00,271.0,16.0,18.0,2025
592155,Cam Booser,139,Tampa Bay Rays,,P,2026,,,,,,,,,,,,,,,,,,,,,,,,,,,,,,,,,,,,,,,,,,,,,,,,,2025
641302,Tyler Alexander,140,Texas Rangers,,P,2026,,,,,,,,,,,,,,,,,,,,,,,,,1.0,1.0,0.0,0.0,0.0,0.0,0.0,0.0,0.0,0.0,0.0,0.0,0.0,0.0,0.0,.000,.000,.000,.000,.000,-.--,3.0,1.0,0.0,2025
813349,Connelly Early,111,Boston Red Sox,,P,2026,,,,,,,,,,,,,,,,,,,,,,,,,,,,,,,,,,,,,,,,,,,,,,,,,2025
663837,Matt Vierling,116,Detroit Tigers,,CF,2026,196.0,176.0,36.0,10.0,1.0,4.0,16.0,0.0,31.0,0.0,4.0,0.0,60.0,23.0,4.0,.205,.265,.341,.606,.221,44.00,760.0,50.0,63.0,100.0,88.0,21.0,3.0,0.0,1.0,7.0,0.0,24.0,3.0,2.0,0.0,27.0,11.0,1.0,.239,.310,.307,.617,.308,88.00,436.0,16.0,29.0,2025
700712,Walbert Ureña,108,Los Angeles Angels,,P,2026,,,,,,,,,,,,,,,,,,,,,,,,,,,,,,,,,,,,,,,,,,,,,,,,,2025
643377,Griffin Jax,139,Tampa Bay Rays,,P,2026,,,,,,,,,,,,,,,,,,,,,,,,,0.0,0.0,0.0,0.0,0.0,0.0,0.0,0.0,0.0,0.0,0.0,0.0,0.0,0.0,0.0,.000,.000,.000,.000,.---,-.--,0.0,0.0,0.0,2025
543037,Gerrit Cole,147,New York Yankees,,P,2026,,,,,,,,,,,,,,,,,,,,,,,,,,,,,,,,,,,,,,,,,,,,,,,,,2025
641329,Bryan Baker,139,Tampa Bay Rays,,P,2026,,,,,,,,,,,,,,,,,,,,,,,,,0.0,0.0,0.0,0.0,0.0,0.0,0.0,0.0,0.0,0.0,0.0,0.0,0.0,0.0,0.0,.000,.000,.000,.000,.---,-.--,0.0,0.0,0.0,2025
641343,Jake Bauers,158,Milwaukee Brewers,,RF,2026,244.0,211.0,58.0,12.0,0.0,13.0,31.0,3.0,58.0,2.0,0.0,0.0,109.0,46.0,2.0,.275,.373,.517,.890,.321,16.23,1004.0,53.0,42.0,218.0,183.0,43.0,9.0,0.0,7.0,32.0,1.0,59.0,2.0,1.0,0.0,73.0,28.0,1.0,.235,.353,.399,.752,.305,26.14,895.0,35.0,47.0,2025
665923,Esteury Ruiz,146,Miami Marlins,,LF,2026,71.0,61.0,14.0,5.0,1.0,3.0,7.0,0.0,22.0,2.0,1.0,0.0,30.0,7.0,0.0,.230,.324,.492,.816,.297,20.33,291.0,9.0,17.0,23.0,21.0,4.0,0.0,0.0,1.0,2.0,0.0,8.0,0.0,0.0,0.0,7.0,2.0,0.0,.190,.261,.333,.594,.250,21.00,88.0,5.0,4.0,2025
663878,Nate Pearson,117,Houston Astros,,P,2026,,,,,,,,,,,,,,,,,,,,,,,,,,,,,,,,,,,,,,,,,,,,,,,,,2025
643396,Isiah Kiner-Falefa,111,Boston Red Sox,,2B,2026,123.0,112.0,30.0,4.0,0.0,1.0,10.0,0.0,17.0,0.0,0.0,1.0,37.0,12.0,3.0,.268,.328,.330,.658,.309,112.00,444.0,33.0,33.0,459.0,431.0,113.0,21.0,2.0,2.0,17.0,0.0,77.0,5.0,1.0,5.0,144.0,40.0,9.0,.262,.297,.334,.631,.314,215.50,1631.0,160.0,87.0,2025
665926,Andrés Giménez,141,Toronto Blue Jays,,SS,2026,245.0,227.0,52.0,10.0,1.0,7.0,8.0,0.0,48.0,7.0,2.0,1.0,85.0,31.0,5.0,.229,.275,.374,.649,.259,32.43,894.0,75.0,55.0,369.0,329.0,69.0,11.0,1.0,7.0,25.0,0.0,66.0,11.0,3.0,1.0,103.0,35.0,8.0,.210,.285,.313,.598,.239,47.00,1452.0,97.0,101.0,2025
678218,Brandon Valenzuela,141,Toronto Blue Jays,,C,2026,149.0,130.0,33.0,5.0,0.0,7.0,17.0,0.0,34.0,0.0,1.0,1.0,59.0,18.0,1.0,.254,.338,.454,.792,.289,18.57,593.0,30.0,35.0,,,,,,,,,,,,,,,,,,,,,,,,,2025
641355,Cody Bellinger,147,New York Yankees,,LF,2026,302.0,256.0,69.0,14.0,3.0,10.0,41.0,0.0,37.0,0.0,5.0,0.0,119.0,47.0,2.0,.270,.364,.465,.829,.276,25.60,1123.0,61.0,94.0,656.0,588.0,160.0,25.0,5.0,29.0,57.0,1.0,90.0,2.0,9.0,0.0,282.0,98.0,8.0,.272,.334,.480,.814,.274,20.28,2594.0,122.0,225.0,2025
663886,Tyler Stephenson,113,Cincinnati Reds,,C,2026,202.0,176.0,37.0,7.0,0.0,5.0,24.0,0.0,55.0,0.0,2.0,0.0,59.0,19.0,4.0,.210,.302,.335,.637,.271,35.20,801.0,29.0,57.0,342.0,299.0,69.0,18.0,0.0,13.0,37.0,1.0,116.0,2.0,4.0,0.0,126.0,50.0,4.0,.231,.316,.421,.737,.322,23.00,1389.0,57.0,61.0,2025
670032,Nicky Lopez,140,Texas Rangers,,2B,2026,55.0,51.0,14.0,1.0,0.0,1.0,2.0,0.0,10.0,1.0,0.0,1.0,18.0,5.0,1.0,.275,.315,.353,.668,.325,51.00,194.0,18.0,10.0,28.0,24.0,1.0,0.0,0.0,0.0,4.0,0.0,4.0,0.0,0.0,0.0,1.0,1.0,1.0,.042,.179,.042,.221,.050,-.--,106.0,13.0,6.0,2025
543056,Danny Coulombe,111,Boston Red Sox,,P,2026,,,,,,,,,,,,,,,,,,,,,,,,,,,,,,,,,,,,,,,,,,,,,,,,,2025
643410,Mark Leiter Jr.,133,Athletics,,P,2026,,,,,,,,,,,,,,,,,,,,,,,,,,,,,,,,,,,,,,,,,,,,,,,,,2025
657746,Joe Ryan,142,Minnesota Twins,,P,2026,,,,,,,,,,,,,,,,,,,,,,,,,,,,,,,,,,,,,,,,,,,,,,,,,2025
670042,Luke Raley,136,Seattle Mariners,,RF,2026,210.0,191.0,46.0,6.0,1.0,14.0,11.0,1.0,67.0,6.0,0.0,2.0,96.0,35.0,0.0,.241,.303,.503,.806,.291,13.64,808.0,36.0,44.0,219.0,183.0,37.0,8.0,0.0,4.0,19.0,0.0,64.0,13.0,1.0,3.0,57.0,19.0,2.0,.202,.319,.311,.630,.284,45.75,831.0,53.0,33.0,2025
670036,Matt Festa,114,Cleveland Guardians,,P,2026,,,,,,,,,,,,,,,,,,,,,,,,,0.0,0.0,0.0,0.0,0.0,0.0,0.0,0.0,0.0,0.0,0.0,0.0,0.0,0.0,0.0,.000,.000,.000,.000,.---,-.--,0.0,0.0,0.0,2025
657756,Connor Seabold,118,Kansas City Royals,,P,2026,,,,,,,,,,,,,,,,,,,,,,,,,0.0,0.0,0.0,0.0,0.0,0.0,0.0,0.0,0.0,0.0,0.0,0.0,0.0,0.0,0.0,.000,.000,.000,.000,.---,-.--,0.0,0.0,0.0,2025
663903,Brady Singer,113,Cincinnati Reds,,P,2026,,,,,,,,,,,,,,,,,,,,,,,,,,,,,,,,,,,,,,,,,,,,,,,,,2025
657757,Gavin Sheets,135,San Diego Padres,,LF,2026,234.0,207.0,47.0,13.0,0.0,11.0,25.0,0.0,53.0,2.0,0.0,0.0,93.0,30.0,6.0,.227,.316,.449,.765,.252,18.82,981.0,50.0,57.0,545.0,492.0,124.0,28.0,1.0,19.0,44.0,1.0,107.0,5.0,4.0,0.0,211.0,71.0,9.0,.252,.317,.429,.746,.284,25.90,2279.0,111.0,154.0,2025
665953,Andrés Chaparro,120,Washington Nationals,,1B,2026,37.0,29.0,5.0,3.0,0.0,0.0,8.0,0.0,7.0,0.0,0.0,0.0,8.0,4.0,1.0,.172,.351,.276,.627,.227,-.--,154.0,9.0,8.0,73.0,66.0,12.0,2.0,0.0,1.0,5.0,0.0,22.0,1.0,1.0,0.0,17.0,5.0,0.0,.182,.247,.258,.505,.250,66.00,282.0,15.0,18.0,2025
545121,Ildemaro Vargas,109,Arizona Diamondbacks,,1B,2026,240.0,225.0,60.0,9.0,2.0,7.0,10.0,2.0,23.0,2.0,1.0,1.0,94.0,37.0,3.0,.267,.303,.418,.721,.270,32.14,827.0,73.0,71.0,121.0,115.0,31.0,2.0,1.0,3.0,2.0,0.0,15.0,2.0,1.0,1.0,44.0,19.0,3.0,.270,.292,.383,.675,.286,38.33,429.0,46.0,25.0,2025
678246,Miguel Vargas,145,Chicago White Sox,,3B,2026,306.0,253.0,62.0,11.0,1.0,16.0,45.0,1.0,50.0,5.0,2.0,0.0,123.0,44.0,4.0,.245,.367,.486,.853,.243,15.81,1229.0,50.0,93.0,569.0,504.0,118.0,32.0,2.0,16.0,56.0,0.0,100.0,6.0,3.0,0.0,202.0,60.0,9.0,.234,.316,.401,.717,.261,31.50,2323.0,91.0,198.0,2025
670059,Colin Holderman,114,Cleveland Guardians,,P,2026,,,,,,,,,,,,,,,,,,,,,,,,,,,,,,,,,,,,,,,,,,,,,,,,,2025
547180,Bryce Harper,143,Philadelphia Phillies,,DH,2026,302.0,251.0,63.0,12.0,1.0,15.0,46.0,2.0,56.0,0.0,5.0,0.0,122.0,40.0,8.0,.251,.361,.486,.847,.259,16.73,1173.0,69.0,68.0,580.0,501.0,131.0,32.0,0.0,27.0,70.0,6.0,121.0,6.0,3.0,0.0,244.0,75.0,5.0,.261,.357,.487,.844,.292,18.56,2172.0,127.0,125.0,2025
547179,Michael Lorenzen,115,Colorado Rockies,,P,2026,,,,,,,,,,,,,,,,,,,,,,,,,,,,,,,,,,,,,,,,,,,,,,,,,2025
801139,Payton Tolle,111,Boston Red Sox,,P,2026,,,,,,,,,,,,,,,,,,,,,,,,,,,,,,,,,,,,,,,,,,,,,,,,,2025
665966,Carlos Narváez,111,Boston Red Sox,,C,2026,134.0,121.0,25.0,5.0,0.0,2.0,10.0,0.0,41.0,2.0,0.0,1.0,36.0,3.0,5.0,.207,.278,.298,.576,.295,60.50,552.0,27.0,29.0,446.0,403.0,97.0,27.0,0.0,15.0,38.0,0.0,111.0,1.0,2.0,2.0,169.0,50.0,12.0,.241,.306,.419,.725,.294,26.87,1829.0,98.0,101.0,2025
686452,Drew Millas,120,Washington Nationals,,C,2026,122.0,106.0,19.0,3.0,0.0,2.0,10.0,0.0,27.0,2.0,0.0,2.0,28.0,9.0,0.0,.179,.263,.264,.527,.221,53.00,452.0,35.0,27.0,55.0,49.0,15.0,5.0,1.0,0.0,4.0,0.0,7.0,0.0,0.0,1.0,22.0,7.0,0.0,.306,.358,.449,.807,.357,-.--,209.0,16.0,12.0,2025
643446,Jeff McNeil,133,Athletics,,2B,2026,236.0,210.0,50.0,9.0,0.0,3.0,20.0,1.0,32.0,3.0,2.0,1.0,68.0,19.0,6.0,.238,.311,.324,.635,.266,70.00,866.0,63.0,68.0,462.0,399.0,97.0,21.0,5.0,12.0,49.0,4.0,55.0,8.0,4.0,2.0,164.0,54.0,5.0,.243,.335,.411,.746,.253,33.25,1718.0,109.0,144.0,2025
663941,Tristan Beck,137,San Francisco Giants,,P,2026,,,,,,,,,,,,,,,,,,,,,,,,,,,,,,,,,,,,,,,,,,,,,,,,,2025
686475,Tyler Tolbert,118,Kansas City Royals,,2B,2026,19.0,17.0,4.0,0.0,0.0,0.0,2.0,0.0,7.0,0.0,0.0,0.0,4.0,0.0,2.0,.235,.316,.235,.551,.400,-.--,65.0,5.0,1.0,57.0,50.0,14.0,2.0,0.0,1.0,1.0,0.0,11.0,3.0,2.0,1.0,19.0,6.0,1.0,.280,.321,.380,.701,.325,50.00,189.0,10.0,18.0,2025
663947,Tyler Holton,116,Detroit Tigers,,P,2026,,,,,,,,,,,,,,,,,,,,,,,,,,,,,,,,,,,,,,,,,,,,,,,,,2025
694671,Wyatt Langford,140,Texas Rangers,,LF,2026,128.0,121.0,28.0,5.0,2.0,3.0,7.0,0.0,28.0,0.0,0.0,0.0,46.0,8.0,2.0,.231,.273,.380,.653,.278,40.33,509.0,30.0,35.0,573.0,489.0,118.0,25.0,1.0,22.0,74.0,3.0,151.0,5.0,5.0,0.0,211.0,62.0,9.0,.241,.344,.431,.775,.299,22.23,2335.0,87.0,138.0,2025
670097,Zack Short,121,New York Mets,,SS,2026,46.0,36.0,6.0,2.0,0.0,0.0,7.0,0.0,12.0,1.0,2.0,0.0,8.0,2.0,0.0,.167,.304,.222,.526,.231,-.--,212.0,2.0,18.0,56.0,50.0,11.0,2.0,0.0,2.0,4.0,0.0,18.0,1.0,0.0,1.0,19.0,7.0,0.0,.220,.291,.380,.671,.300,25.00,252.0,9.0,13.0,2025
543135,Nathan Eovaldi,140,Texas Rangers,,P,2026,,,,,,,,,,,,,,,,,,,,,,,,,,,,,,,,,,,,,,,,,,,,,,,,,2025
676254,Ryan Walker,137,San Francisco Giants,,P,2026,,,,,,,,,,,,,,,,,,,,,,,,,0.0,0.0,0.0,0.0,0.0,0.0,0.0,0.0,0.0,0.0,0.0,0.0,0.0,0.0,0.0,.000,.000,.000,.000,.---,-.--,0.0,0.0,0.0,2025
663968,Jake Mangum,134,Pittsburgh Pirates,,CF,2026,159.0,143.0,43.0,5.0,0.0,1.0,10.0,1.0,27.0,2.0,1.0,3.0,51.0,12.0,3.0,.301,.353,.357,.710,.362,143.00,578.0,51.0,26.0,428.0,405.0,120.0,18.0,1.0,3.0,19.0,0.0,64.0,2.0,1.0,1.0,149.0,40.0,4.0,.296,.330,.368,.698,.345,135.00,1442.0,138.0,85.0,2025
666018,Jonathan Aranda,139,Tampa Bay Rays,,1B,2026,297.0,246.0,68.0,10.0,0.0,11.0,41.0,3.0,71.0,4.0,6.0,0.0,111.0,48.0,5.0,.276,.380,.451,.831,.335,22.36,1188.0,51.0,62.0,422.0,370.0,117.0,22.0,0.0,14.0,41.0,3.0,107.0,8.0,3.0,0.0,181.0,59.0,9.0,.316,.393,.489,.882,.409,26.43,1717.0,64.0,85.0,2025
663969,Tyler Phillips,146,Miami Marlins,,P,2026,,,,,,,,,,,,,,,,,,,,,,,,,,,,,,,,,,,,,,,,,,,,,,,,,2025
676263,Jack Dreyer,119,Los Angeles Dodgers,,P,2026,,,,,,,,,,,,,,,,,,,,,,,,,,,,,,,,,,,,,,,,,,,,,,,,,2025
663978,Chris Paddack,113,Cincinnati Reds,,P,2026,,,,,,,,,,,,,,,,,,,,,,,,,,,,,,,,,,,,,,,,,,,,,,,,,2025
805300,Jakob Marsee,146,Miami Marlins,,CF,2026,295.0,246.0,49.0,9.0,3.0,3.0,40.0,0.0,70.0,7.0,1.0,1.0,73.0,17.0,1.0,.199,.327,.297,.624,.264,82.00,1181.0,51.0,78.0,234.0,209.0,61.0,18.0,3.0,5.0,22.0,0.0,48.0,2.0,1.0,0.0,100.0,33.0,2.0,.292,.363,.478,.841,.357,41.80,881.0,52.0,49.0,2025
643511,Tyler Rogers,141,Toronto Blue Jays,,P,2026,,,,,,,,,,,,,,,,,,,,,,,,,0.0,0.0,0.0,0.0,0.0,0.0,0.0,0.0,0.0,0.0,0.0,0.0,0.0,0.0,0.0,.000,.000,.000,.000,.---,-.--,0.0,0.0,0.0,2025
805299,Brandyn Garcia,109,Arizona Diamondbacks,,P,2026,,,,,,,,,,,,,,,,,,,,,,,,,0.0,0.0,0.0,0.0,0.0,0.0,0.0,0.0,0.0,0.0,0.0,0.0,0.0,0.0,0.0,.000,.000,.000,.000,.---,-.--,0.0,0.0,0.0,2025
663992,Richard Lovelady,120,Washington Nationals,,P,2026,,,,,,,,,,,,,,,,,,,,,,,,,,,,,,,,,,,,,,,,,,,,,,,,,2025
575929,Willson Contreras,111,Boston Red Sox,,1B,2026,281.0,240.0,72.0,11.0,2.0,16.0,25.0,1.0,72.0,13.0,3.0,0.0,135.0,43.0,6.0,.300,.391,.563,.954,.361,15.00,1084.0,44.0,55.0,563.0,490.0,126.0,31.0,1.0,20.0,44.0,1.0,142.0,23.0,4.0,1.0,219.0,80.0,15.0,.257,.344,.447,.791,.319,24.50,2160.0,112.0,115.0,2025
518585,Fernando Cruz,147,New York Yankees,,P,2026,,,,,,,,,,,,,,,,,,,,,,,,,,,,,,,,,,,,,,,,,,,,,,,,,2025
663993,Nathaniel Lowe,113,Cincinnati Reds,,DH,2026,176.0,154.0,39.0,9.0,0.0,9.0,22.0,1.0,41.0,0.0,0.0,0.0,75.0,25.0,1.0,.253,.347,.487,.834,.288,17.11,741.0,38.0,36.0,609.0,540.0,123.0,23.0,3.0,18.0,62.0,2.0,159.0,2.0,5.0,0.0,206.0,84.0,6.0,.228,.307,.381,.688,.285,30.00,2607.0,130.0,133.0,2025
676282,Joey Cantillo,114,Cleveland Guardians,,P,2026,,,,,,,,,,,,,,,,,,,,,,,,,,,,,,,,,,,,,,,,,,,,,,,,,2025
686527,Dominic Canzone,136,Seattle Mariners,,RF,2026,181.0,161.0,46.0,12.0,1.0,10.0,15.0,0.0,35.0,3.0,2.0,0.0,90.0,29.0,1.0,.286,.354,.559,.913,.305,16.10,683.0,38.0,44.0,269.0,243.0,73.0,11.0,0.0,11.0,20.0,0.0,59.0,3.0,2.0,0.0,117.0,32.0,6.0,.300,.358,.481,.839,.354,22.09,1028.0,55.0,59.0,2025
608701,Rob Refsnyder,136,Seattle Mariners,,DH,2026,99.0,88.0,13.0,0.0,0.0,3.0,6.0,0.0,29.0,2.0,3.0,0.0,22.0,9.0,1.0,.148,.212,.250,.462,.169,29.33,398.0,19.0,30.0,209.0,182.0,49.0,12.0,0.0,9.0,24.0,1.0,54.0,1.0,2.0,0.0,88.0,30.0,6.0,.269,.354,.484,.838,.331,20.22,887.0,43.0,38.0,2025
694728,Brice Matthews,117,Houston Astros,,CF,2026,182.0,168.0,36.0,5.0,1.0,6.0,12.0,0.0,57.0,0.0,1.0,1.0,61.0,18.0,3.0,.214,.265,.363,.628,.283,28.00,746.0,39.0,38.0,47.0,42.0,7.0,0.0,0.0,4.0,2.0,0.0,20.0,1.0,0.0,2.0,19.0,9.0,0.0,.167,.222,.452,.674,.167,10.50,179.0,7.0,10.0,2025
592332,Kevin Gausman,141,Toronto Blue Jays,,P,2026,,,,,,,,,,,,,,,,,,,,,,,,,,,,,,,,,,,,,,,,,,,,,,,,,2025
670156,Miles Mastrobuoni,136,Seattle Mariners,,1B,2026,18.0,16.0,3.0,0.0,0.0,0.0,1.0,0.0,6.0,0.0,1.0,0.0,3.0,1.0,0.0,.188,.222,.188,.410,.273,-.--,70.0,4.0,4.0,175.0,152.0,38.0,4.0,0.0,1.0,17.0,0.0,29.0,0.0,1.0,5.0,45.0,12.0,2.0,.250,.324,.296,.620,.301,152.00,669.0,55.0,36.0,2025
608718,Brent Suter,108,Los Angeles Angels,,P,2026,,,,,,,,,,,,,,,,,,,,,,,,,,,,,,,,,,,,,,,,,,,,,,,,,2025
641487,J.P. Crawford,136,Seattle Mariners,,3B,2026,233.0,193.0,44.0,5.0,0.0,10.0,34.0,0.0,44.0,5.0,1.0,0.0,79.0,23.0,3.0,.228,.356,.409,.765,.243,19.30,978.0,55.0,51.0,654.0,570.0,151.0,24.0,0.0,12.0,74.0,1.0,122.0,3.0,1.0,6.0,211.0,58.0,11.0,.265,.352,.370,.722,.318,47.50,2731.0,155.0,149.0,2025
694738,Landen Roupp,137,San Francisco Giants,,P,2026,,,,,,,,,,,,,,,,,,,,,,,,,,,,,,,,,,,,,,,,,,,,,,,,,2025
670167,John Schreiber,118,Kansas City Royals,,P,2026,,,,,,,,,,,,,,,,,,,,,,,,,0.0,0.0,0.0,0.0,0.0,0.0,0.0,0.0,0.0,0.0,0.0,0.0,0.0,0.0,0.0,.000,.000,.000,.000,.---,-.--,0.0,0.0,0.0,2025
664023,Ian Happ,112,Chicago Cubs,,LF,2026,306.0,261.0,57.0,13.0,2.0,16.0,41.0,3.0,97.0,3.0,1.0,0.0,122.0,37.0,7.0,.218,.330,.467,.797,.275,16.31,1250.0,49.0,59.0,663.0,569.0,138.0,32.0,0.0,23.0,87.0,2.0,151.0,2.0,5.0,0.0,239.0,79.0,8.0,.243,.342,.420,.762,.288,24.74,2717.0,120.0,165.0,2025
686555,Isaac Collins,118,Kansas City Royals,,LF,2026,239.0,198.0,42.0,8.0,0.0,3.0,32.0,0.0,60.0,5.0,2.0,2.0,59.0,17.0,3.0,.212,.333,.298,.631,.285,66.00,923.0,38.0,62.0,441.0,372.0,98.0,22.0,3.0,9.0,57.0,0.0,93.0,6.0,3.0,3.0,153.0,54.0,8.0,.263,.368,.411,.779,.326,41.33,1792.0,91.0,96.0,2025
621020,Dansby Swanson,112,Chicago Cubs,,SS,2026,265.0,227.0,40.0,7.0,1.0,7.0,33.0,0.0,65.0,1.0,3.0,1.0,70.0,28.0,2.0,.176,.280,.308,.588,.209,32.43,1069.0,56.0,70.0,645.0,590.0,144.0,24.0,3.0,24.0,47.0,1.0,168.0,2.0,5.0,1.0,246.0,77.0,9.0,.244,.300,.417,.717,.298,24.58,2521.0,137.0,147.0,2025
664040,Brandon Lowe,134,Pittsburgh Pirates,,2B,2026,294.0,259.0,62.0,16.0,1.0,17.0,31.0,0.0,75.0,2.0,2.0,0.0,131.0,46.0,3.0,.239,.323,.506,.829,.266,15.24,1201.0,54.0,70.0,553.0,507.0,130.0,19.0,0.0,31.0,38.0,1.0,149.0,2.0,6.0,0.0,242.0,83.0,6.0,.256,.307,.477,.784,.297,16.36,2146.0,107.0,127.0,2025
664034,Ty France,135,San Diego Padres,,1B,2026,146.0,135.0,34.0,5.0,2.0,6.0,8.0,1.0,38.0,2.0,0.0,0.0,61.0,18.0,3.0,.252,.303,.452,.755,.308,22.50,577.0,39.0,24.0,490.0,444.0,114.0,25.0,0.0,7.0,22.0,1.0,83.0,21.0,3.0,0.0,160.0,52.0,11.0,.257,.320,.360,.680,.300,63.43,1873.0,137.0,113.0,2025
686580,Justin Slaten,111,Boston Red Sox,,P,2026,,,,,,,,,,,,,,,,,,,,,,,,,,,,,,,,,,,,,,,,,,,,,,,,,2025
805367,Chase Meidroth,145,Chicago White Sox,,2B,2026,291.0,255.0,71.0,13.0,0.0,6.0,27.0,0.0,64.0,2.0,2.0,4.0,102.0,25.0,4.0,.278,.350,.400,.750,.348,42.50,1195.0,76.0,50.0,505.0,450.0,114.0,15.0,0.0,5.0,45.0,0.0,72.0,6.0,1.0,3.0,144.0,23.0,14.0,.253,.329,.320,.649,.291,90.00,2057.0,149.0,119.0,2025
678391,Jorbit Vivas,120,Washington Nationals,,3B,2026,154.0,132.0,32.0,7.0,0.0,1.0,13.0,0.0,21.0,4.0,2.0,2.0,42.0,10.0,3.0,.242,.325,.318,.643,.277,132.00,531.0,40.0,43.0,66.0,56.0,9.0,2.0,0.0,1.0,5.0,0.0,13.0,3.0,0.0,0.0,14.0,5.0,0.0,.161,.266,.250,.516,.190,56.00,246.0,17.0,17.0,2025
688642,Zach Agnos,115,Colorado Rockies,,P,2026,,,,,,,,,,,,,,,,,,,,,,,,,0.0,0.0,0.0,0.0,0.0,0.0,0.0,0.0,0.0,0.0,0.0,0.0,0.0,0.0,0.0,.000,.000,.000,.000,.---,-.--,0.0,0.0,0.0,2025
700932,Kyle Manzardo,114,Cleveland Guardians,,1B,2026,215.0,188.0,45.0,7.0,1.0,7.0,23.0,0.0,69.0,3.0,1.0,0.0,75.0,22.0,4.0,.239,.330,.399,.729,.336,26.86,910.0,33.0,42.0,531.0,470.0,110.0,19.0,2.0,27.0,48.0,2.0,135.0,8.0,5.0,0.0,214.0,70.0,7.0,.234,.313,.455,.768,.265,17.41,2018.0,82.0,148.0,2025
543243,Sonny Gray,111,Boston Red Sox,,P,2026,,,,,,,,,,,,,,,,,,,,,,,,,,,,,,,,,,,,,,,,,,,,,,,,,2025
666126,Carlos Cortes,133,Athletics,,DH,2026,195.0,170.0,50.0,9.0,1.0,6.0,21.0,0.0,20.0,3.0,1.0,0.0,79.0,21.0,7.0,.294,.379,.465,.844,.303,28.33,807.0,55.0,46.0,99.0,94.0,29.0,8.0,1.0,4.0,3.0,0.0,20.0,0.0,2.0,0.0,51.0,14.0,3.0,.309,.323,.543,.866,.347,23.50,375.0,24.0,23.0,2025
664076,Garrett Cleavinger,139,Tampa Bay Rays,,P,2026,,,,,,,,,,,,,,,,,,,,,,,,,,,,,,,,,,,,,,,,,,,,,,,,,2025
670224,Kameron Misner,118,Kansas City Royals,,CF,2026,15.0,14.0,6.0,0.0,0.0,0.0,1.0,0.0,5.0,0.0,0.0,0.0,6.0,3.0,0.0,.429,.467,.429,.896,.667,-.--,71.0,0.0,3.0,217.0,197.0,42.0,9.0,1.0,5.0,16.0,0.0,69.0,1.0,2.0,1.0,68.0,22.0,1.0,.213,.273,.345,.618,.296,39.40,916.0,41.0,48.0,2025
621074,Michael Rucker,136,Seattle Mariners,,P,2026,,,,,,,,,,,,,,,,,,,,,,,,,,,,,,,,,,,,,,,,,,,,,,,,,2025
676369,Nelson Velázquez,138,St. Louis Cardinals,,OF,2026,28.0,26.0,9.0,1.0,0.0,2.0,1.0,0.0,7.0,1.0,0.0,0.0,16.0,6.0,0.0,.346,.393,.615,1.008,.412,13.00,96.0,6.0,4.0,,,,,,,,,,,,,,,,,,,,,,,,,2025
686611,Dylan Crews,120,Washington Nationals,,LF,2026,95.0,90.0,17.0,2.0,0.0,4.0,2.0,0.0,17.0,3.0,0.0,0.0,31.0,13.0,2.0,.189,.232,.344,.576,.188,22.50,318.0,28.0,28.0,322.0,293.0,61.0,8.0,2.0,10.0,24.0,0.0,76.0,5.0,0.0,0.0,103.0,27.0,4.0,.208,.280,.352,.632,.246,29.30,1150.0,80.0,76.0,2025
641555,J.C. Escarra,147,New York Yankees,,C,2026,81.0,75.0,15.0,5.0,1.0,0.0,5.0,0.0,18.0,0.0,1.0,0.0,22.0,7.0,1.0,.200,.247,.293,.540,.259,-.--,311.0,23.0,20.0,98.0,84.0,17.0,5.0,0.0,2.0,11.0,0.0,14.0,1.0,2.0,0.0,28.0,11.0,1.0,.202,.296,.333,.629,.214,42.00,395.0,28.0,27.0,2025
686613,Hunter Brown,117,Houston Astros,,P,2026,0.0,0.0,0.0,0.0,0.0,0.0,0.0,0.0,0.0,0.0,0.0,0.0,0.0,0.0,0.0,.000,.000,.000,.000,.---,-.--,0.0,0.0,0.0,,,,,,,,,,,,,,,,,,,,,,,,,2025
672275,Patrick Bailey,114,Cleveland Guardians,,C,2026,144.0,133.0,22.0,3.0,1.0,2.0,10.0,0.0,36.0,0.0,1.0,0.0,33.0,10.0,5.0,.165,.222,.248,.470,.208,66.50,587.0,38.0,38.0,452.0,409.0,91.0,18.0,3.0,6.0,30.0,0.0,133.0,3.0,6.0,4.0,133.0,55.0,7.0,.222,.277,.325,.602,.308,68.17,1724.0,82.0,113.0,2025
682515,Logan Porter,108,Los Angeles Angels,,C,2026,3.0,2.0,0.0,0.0,0.0,0.0,1.0,0.0,2.0,0.0,0.0,0.0,0.0,0.0,0.0,.000,.333,.000,.333,.---,-.--,16.0,0.0,0.0,9.0,7.0,1.0,0.0,0.0,0.0,1.0,0.0,2.0,1.0,0.0,0.0,1.0,1.0,0.0,.143,.333,.143,.476,.200,-.--,34.0,2.0,2.0,2025
670231,John Rave,118,Kansas City Royals,,RF,2026,1.0,0.0,0.0,0.0,0.0,0.0,1.0,0.0,0.0,0.0,0.0,0.0,0.0,0.0,0.0,.000,1.000,.000,1.000,.---,-.--,5.0,0.0,0.0,175.0,153.0,30.0,5.0,0.0,4.0,18.0,0.0,46.0,1.0,1.0,2.0,47.0,14.0,1.0,.196,.283,.307,.590,.250,38.25,749.0,48.0,32.0,2025
571927,Steven Matz,139,Tampa Bay Rays,,P,2026,,,,,,,,,,,,,,,,,,,,,,,,,,,,,,,,,,,,,,,,,,,,,,,,,2025
680474,Max Schuemann,147,New York Yankees,,SS,2026,35.0,26.0,6.0,4.0,0.0,0.0,9.0,0.0,8.0,0.0,0.0,0.0,10.0,3.0,0.0,.231,.429,.385,.814,.333,-.--,160.0,6.0,6.0,213.0,183.0,36.0,4.0,2.0,2.0,22.0,0.0,35.0,4.0,1.0,3.0,50.0,13.0,6.0,.197,.295,.273,.568,.231,91.50,838.0,56.0,60.0,2025
672282,Reid Detmers,108,Los Angeles Angels,,P,2026,,,,,,,,,,,,,,,,,,,,,,,,,,,,,,,,,,,,,,,,,,,,,,,,,2025
694819,Jacob Misiorowski,158,Milwaukee Brewers,,P,2026,,,,,,,,,,,,,,,,,,,,,,,,,,,,,,,,,,,,,,,,,,,,,,,,,2025
670245,Ryan Watson,111,Boston Red Sox,,P,2026,,,,,,,,,,,,,,,,,,,,,,,,,,,,,,,,,,,,,,,,,,,,,,,,,2025
518692,Freddie Freeman,119,Los Angeles Dodgers,,1B,2026,307.0,265.0,73.0,17.0,1.0,11.0,36.0,1.0,51.0,3.0,3.0,0.0,125.0,38.0,11.0,.275,.365,.472,.837,.301,24.09,1265.0,73.0,71.0,627.0,556.0,164.0,39.0,2.0,24.0,60.0,7.0,128.0,6.0,5.0,0.0,279.0,90.0,13.0,.295,.367,.502,.869,.342,23.17,2382.0,128.0,141.0,2025
676391,Ernie Clement,141,Toronto Blue Jays,,2B,2026,290.0,279.0,84.0,20.0,1.0,7.0,9.0,0.0,30.0,0.0,2.0,0.0,127.0,28.0,5.0,.301,.321,.455,.776,.316,39.86,871.0,68.0,99.0,588.0,545.0,151.0,35.0,2.0,9.0,27.0,1.0,61.0,4.0,5.0,7.0,217.0,50.0,13.0,.277,.313,.398,.711,.296,60.56,1871.0,129.0,216.0,2025
666152,David Hamilton,158,Milwaukee Brewers,,3B,2026,199.0,170.0,39.0,4.0,1.0,3.0,20.0,0.0,42.0,1.0,0.0,7.0,54.0,11.0,1.0,.229,.314,.318,.632,.288,56.67,779.0,48.0,48.0,194.0,177.0,35.0,4.0,1.0,6.0,13.0,0.0,47.0,1.0,0.0,3.0,59.0,19.0,3.0,.198,.257,.333,.590,.234,29.50,742.0,44.0,54.0,2025
571945,Miles Mikolas,120,Washington Nationals,,P,2026,,,,,,,,,,,,,,,,,,,,,,,,,,,,,,,,,,,,,,,,,,,,,,,,,2025
621097,Jacob Waguespack,116,Detroit Tigers,,P,2026,,,,,,,,,,,,,,,,,,,,,,,,,,,,,,,,,,,,,,,,,,,,,,,,,2025
571948,Hoby Milner,112,Chicago Cubs,,P,2026,,,,,,,,,,,,,,,,,,,,,,,,,0.0,0.0,0.0,0.0,0.0,0.0,0.0,0.0,0.0,0.0,0.0,0.0,0.0,0.0,0.0,.000,.000,.000,.000,.---,-.--,0.0,0.0,0.0,2025
666157,Nick Lodolo,113,Cincinnati Reds,,P,2026,,,,,,,,,,,,,,,,,,,,,,,,,,,,,,,,,,,,,,,,,,,,,,,,,2025
623149,Paul Sewald,109,Arizona Diamondbacks,,P,2026,,,,,,,,,,,,,,,,,,,,,,,,,,,,,,,,,,,,,,,,,,,,,,,,,2025
805427,Drew Sommers,116,Detroit Tigers,,P,2026,,,,,,,,,,,,,,,,,,,,,,,,,,,,,,,,,,,,,,,,,,,,,,,,,2025
621111,Walker Buehler,135,San Diego Padres,,P,2026,,,,,,,,,,,,,,,,,,,,,,,,,,,,,,,,,,,,,,,,,,,,,,,,,2025
621112,Paul Blackburn,147,New York Yankees,,P,2026,0.0,0.0,0.0,0.0,0.0,0.0,0.0,0.0,0.0,0.0,0.0,0.0,0.0,0.0,0.0,.000,.000,.000,.000,.---,-.--,0.0,0.0,0.0,,,,,,,,,,,,,,,,,,,,,,,,,2025
666171,Ryan Zeferjahn,108,Los Angeles Angels,,P,2026,,,,,,,,,,,,,,,,,,,,,,,,,,,,,,,,,,,,,,,,,,,,,,,,,2025
545341,Randal Grichuk,145,Chicago White Sox,,RF,2026,94.0,88.0,24.0,6.0,0.0,6.0,4.0,0.0,21.0,1.0,1.0,0.0,48.0,19.0,2.0,.273,.309,.545,.854,.290,14.67,344.0,19.0,25.0,293.0,272.0,62.0,18.0,1.0,9.0,17.0,1.0,61.0,1.0,3.0,0.0,109.0,27.0,6.0,.228,.273,.401,.674,.259,30.22,1077.0,68.0,84.0,2025
664126,Pete Fairbanks,146,Miami Marlins,,P,2026,0.0,0.0,0.0,0.0,0.0,0.0,0.0,0.0,0.0,0.0,0.0,0.0,0.0,0.0,0.0,.000,.000,.000,.000,.---,-.--,0.0,0.0,0.0,,,,,,,,,,,,,,,,,,,,,,,,,2025
641598,Mitch Garver,136,Seattle Mariners,,C,2026,107.0,90.0,18.0,2.0,0.0,3.0,17.0,0.0,32.0,0.0,0.0,0.0,29.0,11.0,0.0,.200,.327,.322,.649,.273,30.00,455.0,15.0,25.0,290.0,254.0,53.0,5.0,1.0,9.0,30.0,1.0,80.0,3.0,3.0,0.0,87.0,30.0,6.0,.209,.297,.343,.640,.262,28.22,1166.0,47.0,77.0,2025
666176,Jo Adell,108,Los Angeles Angels,,RF,2026,305.0,284.0,73.0,11.0,0.0,10.0,9.0,0.0,69.0,10.0,2.0,0.0,114.0,41.0,5.0,.257,.302,.401,.703,.304,28.40,1160.0,63.0,81.0,573.0,526.0,124.0,18.0,1.0,37.0,33.0,0.0,151.0,10.0,1.0,0.0,255.0,98.0,10.0,.236,.293,.485,.778,.257,14.22,2220.0,111.0,141.0,2025
571970,Max Muncy,119,Los Angeles Dodgers,,3B,2026,255.0,219.0,59.0,9.0,0.0,16.0,33.0,1.0,61.0,3.0,0.0,0.0,116.0,28.0,4.0,.269,.373,.530,.903,.303,13.69,1035.0,51.0,48.0,388.0,313.0,76.0,10.0,2.0,19.0,64.0,2.0,83.0,6.0,5.0,0.0,147.0,67.0,4.0,.243,.376,.470,.846,.264,16.47,1650.0,61.0,98.0,2025
668227,Randy Arozarena,136,Seattle Mariners,,LF,2026,302.0,261.0,76.0,18.0,1.0,7.0,28.0,0.0,66.0,10.0,3.0,0.0,117.0,33.0,7.0,.291,.377,.448,.825,.361,37.29,1199.0,70.0,52.0,709.0,613.0,146.0,32.0,1.0,27.0,64.0,2.0,191.0,27.0,5.0,0.0,261.0,76.0,9.0,.238,.334,.426,.760,.298,22.70,2873.0,125.0,156.0,2025
666181,Will Benson,113,Cincinnati Reds,,RF,2026,114.0,96.0,18.0,3.0,1.0,3.0,16.0,1.0,38.0,1.0,0.0,0.0,32.0,6.0,0.0,.188,.310,.333,.643,.273,32.00,472.0,12.0,28.0,253.0,230.0,52.0,8.0,2.0,12.0,16.0,1.0,67.0,1.0,6.0,0.0,100.0,41.0,4.0,.226,.273,.435,.708,.255,19.17,922.0,51.0,66.0,2025
666182,Bo Bichette,121,New York Mets,,SS,2026,316.0,292.0,72.0,11.0,1.0,8.0,19.0,0.0,55.0,1.0,4.0,0.0,109.0,41.0,8.0,.247,.291,.373,.664,.275,36.50,1155.0,90.0,79.0,628.0,582.0,181.0,44.0,1.0,18.0,40.0,2.0,91.0,3.0,3.0,0.0,281.0,94.0,17.0,.311,.357,.483,.840,.342,32.33,2308.0,171.0,142.0,2025
670280,David Bednar,147,New York Yankees,,P,2026,,,,,,,,,,,,,,,,,,,,,,,,,,,,,,,,,,,,,,,,,,,,,,,,,2025
592454,Tommy Kahnle,111,Boston Red Sox,,P,2026,,,,,,,,,,,,,,,,,,,,,,,,,0.0,0.0,0.0,0.0,0.0,0.0,0.0,0.0,0.0,0.0,0.0,0.0,0.0,0.0,0.0,.000,.000,.000,.000,.---,-.--,0.0,0.0,0.0,2025
664141,JT Brubaker,137,San Francisco Giants,,P,2026,,,,,,,,,,,,,,,,,,,,,,,,,,,,,,,,,,,,,,,,,,,,,,,,,2025
672335,Cionel Pérez,121,New York Mets,,P,2026,,,,,,,,,,,,,,,,,,,,,,,,,0.0,0.0,0.0,0.0,0.0,0.0,0.0,0.0,0.0,0.0,0.0,0.0,0.0,0.0,0.0,.000,.000,.000,.000,.---,-.--,0.0,0.0,0.0,2025
543309,Kyle Higashioka,140,Texas Rangers,,C,2026,128.0,115.0,27.0,3.0,0.0,5.0,12.0,0.0,33.0,1.0,0.0,0.0,45.0,14.0,5.0,.235,.313,.391,.704,.286,23.00,518.0,27.0,28.0,327.0,303.0,73.0,14.0,1.0,11.0,20.0,0.0,72.0,2.0,2.0,0.0,122.0,47.0,5.0,.241,.291,.403,.694,.279,27.54,1279.0,68.0,92.0,2025
545361,Mike Trout,108,Los Angeles Angels,,CF,2026,326.0,257.0,59.0,11.0,0.0,16.0,65.0,8.0,81.0,4.0,0.0,0.0,118.0,33.0,4.0,.230,.393,.459,.852,.269,16.06,1380.0,45.0,72.0,556.0,456.0,106.0,14.0,1.0,26.0,87.0,10.0,178.0,6.0,6.0,0.0,200.0,64.0,7.0,.232,.359,.439,.798,.310,17.54,2482.0,66.0,112.0,2025
676439,Hunter Feduccia,139,Tampa Bay Rays,,C,2026,93.0,80.0,20.0,2.0,0.0,1.0,9.0,0.0,28.0,1.0,1.0,2.0,25.0,7.0,1.0,.250,.330,.313,.643,.365,80.00,387.0,11.0,24.0,105.0,88.0,13.0,5.0,0.0,0.0,15.0,0.0,29.0,0.0,2.0,0.0,18.0,8.0,0.0,.148,.267,.205,.472,.213,-.--,477.0,21.0,27.0,2025
666200,Jesús Luzardo,143,Philadelphia Phillies,,P,2026,,,,,,,,,,,,,,,,,,,,,,,,,,,,,,,,,,,,,,,,,,,,,,,,,2025
676440,Tanner Bibee,114,Cleveland Guardians,,P,2026,,,,,,,,,,,,,,,,,,,,,,,,,,,,,,,,,,,,,,,,,,,,,,,,,2025
686681,Michael Massey,118,Kansas City Royals,,2B,2026,165.0,156.0,41.0,12.0,0.0,6.0,5.0,0.0,30.0,0.0,3.0,1.0,71.0,23.0,3.0,.263,.280,.455,.735,.285,26.00,611.0,31.0,58.0,277.0,262.0,64.0,9.0,0.0,3.0,9.0,0.0,43.0,1.0,4.0,1.0,82.0,20.0,3.0,.244,.268,.313,.581,.277,87.33,1013.0,48.0,112.0,2025
678489,Jorge Barrosa,109,Arizona Diamondbacks,,CF,2026,111.0,99.0,17.0,9.0,1.0,1.0,8.0,0.0,34.0,1.0,0.0,3.0,31.0,7.0,1.0,.172,.241,.313,.554,.250,99.00,485.0,26.0,25.0,77.0,71.0,10.0,3.0,0.0,1.0,2.0,0.0,22.0,1.0,3.0,0.0,16.0,7.0,1.0,.141,.169,.225,.394,.176,71.00,327.0,18.0,24.0,2025
623211,Huascar Brazobán,121,New York Mets,,P,2026,,,,,,,,,,,,,,,,,,,,,,,,,,,,,,,,,,,,,,,,,,,,,,,,,2025
666211,Taylor Trammell,117,Houston Astros,,CF,2026,83.0,75.0,21.0,5.0,1.0,0.0,6.0,0.0,30.0,1.0,0.0,1.0,28.0,7.0,0.0,.280,.341,.373,.714,.467,-.--,310.0,12.0,13.0,135.0,117.0,23.0,7.0,0.0,3.0,17.0,0.0,41.0,0.0,1.0,0.0,39.0,12.0,0.0,.197,.296,.333,.629,.270,39.00,552.0,26.0,28.0,2025
672356,Gabriel Arias,114,Cleveland Guardians,,3B,2026,33.0,31.0,7.0,1.0,0.0,2.0,2.0,0.0,12.0,0.0,0.0,0.0,14.0,4.0,0.0,.226,.273,.452,.725,.294,15.50,130.0,9.0,3.0,471.0,432.0,95.0,25.0,2.0,11.0,27.0,1.0,162.0,7.0,4.0,1.0,157.0,54.0,8.0,.220,.274,.363,.637,.319,39.27,1792.0,101.0,79.0,2025
682608,Peyton Gray,140,Texas Rangers,,P,2026,,,,,,,,,,,,,,,,,,,,,,,,,,,,,,,,,,,,,,,,,,,,,,,,,2025
676475,Alec Burleson,138,St. Louis Cardinals,,1B,2026,303.0,273.0,78.0,18.0,0.0,13.0,26.0,2.0,47.0,2.0,2.0,0.0,135.0,52.0,7.0,.286,.350,.495,.845,.302,21.00,1085.0,72.0,78.0,546.0,497.0,144.0,26.0,2.0,18.0,39.0,1.0,79.0,3.0,4.0,1.0,228.0,69.0,14.0,.290,.343,.459,.802,.312,27.61,1933.0,119.0,160.0,2025
680573,Simeon Woods Richardson,141,Toronto Blue Jays,,P,2026,,,,,,,,,,,,,,,,,,,,,,,,,,,,,,,,,,,,,,,,,,,,,,,,,2025
670329,Rico Garcia,110,Baltimore Orioles,,P,2026,,,,,,,,,,,,,,,,,,,,,,,,,,,,,,,,,,,,,,,,,,,,,,,,,2025
676477,Garrett Whitlock,111,Boston Red Sox,,P,2026,0.0,0.0,0.0,0.0,0.0,0.0,0.0,0.0,0.0,0.0,0.0,0.0,0.0,0.0,0.0,.000,.000,.000,.000,.---,-.--,0.0,0.0,0.0,0.0,0.0,0.0,0.0,0.0,0.0,0.0,0.0,0.0,0.0,0.0,0.0,0.0,0.0,0.0,.000,.000,.000,.000,.---,-.--,0.0,0.0,0.0,2025
682622,Noelvi Marte,113,Cincinnati Reds,,RF,2026,63.0,59.0,12.0,1.0,0.0,3.0,4.0,0.0,16.0,0.0,0.0,0.0,22.0,3.0,1.0,.203,.254,.373,.627,.225,19.67,246.0,22.0,9.0,360.0,339.0,89.0,17.0,2.0,14.0,16.0,0.0,85.0,3.0,2.0,0.0,152.0,51.0,7.0,.263,.300,.448,.748,.310,24.21,1267.0,87.0,80.0,2025
680574,Matt McLain,113,Cincinnati Reds,,SS,2026,269.0,232.0,48.0,12.0,0.0,8.0,33.0,0.0,64.0,3.0,0.0,1.0,84.0,25.0,3.0,.207,.313,.362,.675,.250,29.00,1060.0,48.0,73.0,577.0,510.0,112.0,18.0,0.0,15.0,55.0,0.0,167.0,5.0,4.0,3.0,175.0,50.0,8.0,.220,.300,.343,.643,.292,34.00,2365.0,96.0,142.0,2025
672386,Alejandro Kirk,141,Toronto Blue Jays,,C,2026,33.0,29.0,7.0,2.0,0.0,1.0,4.0,0.0,4.0,0.0,0.0,0.0,12.0,4.0,1.0,.241,.333,.414,.747,.250,29.00,125.0,11.0,7.0,506.0,451.0,127.0,18.0,0.0,15.0,48.0,2.0,59.0,1.0,6.0,0.0,190.0,76.0,16.0,.282,.348,.421,.769,.292,30.07,1977.0,132.0,139.0,2025
682626,Francisco Alvarez,121,New York Mets,,C,2026,148.0,131.0,32.0,5.0,0.0,5.0,12.0,0.0,34.0,2.0,1.0,0.0,52.0,12.0,11.0,.244,.315,.397,.712,.290,26.20,601.0,35.0,31.0,277.0,246.0,63.0,12.0,1.0,11.0,27.0,0.0,73.0,4.0,0.0,0.0,110.0,32.0,6.0,.256,.339,.447,.786,.321,22.36,1123.0,61.0,49.0,2025
699013,Esmerlyn Valdez,134,Pittsburgh Pirates,,OF,2026,25.0,23.0,2.0,0.0,0.0,2.0,2.0,0.0,11.0,0.0,0.0,0.0,8.0,5.0,1.0,.087,.160,.348,.508,.000,11.50,109.0,4.0,6.0,,,,,,,,,,,,,,,,,,,,,,,,,2025
592518,Manny Machado,135,San Diego Padres,,3B,2026,288.0,255.0,45.0,10.0,0.0,12.0,28.0,1.0,63.0,0.0,4.0,1.0,91.0,35.0,6.0,.176,.254,.357,.611,.179,21.25,1152.0,80.0,72.0,678.0,615.0,169.0,33.0,0.0,27.0,55.0,4.0,131.0,3.0,5.0,0.0,283.0,95.0,16.0,.275,.335,.460,.795,.307,22.78,2647.0,144.0,176.0,2025
664199,Taylor Clarke,109,Arizona Diamondbacks,,P,2026,,,,,,,,,,,,,,,,,,,,,,,,,0.0,0.0,0.0,0.0,0.0,0.0,0.0,0.0,0.0,0.0,0.0,0.0,0.0,0.0,0.0,.000,.000,.000,.000,.---,-.--,0.0,0.0,0.0,2025
674444,Steven Cruz,118,Kansas City Royals,,P,2026,,,,,,,,,,,,,,,,,,,,,,,,,0.0,0.0,0.0,0.0,0.0,0.0,0.0,0.0,0.0,0.0,0.0,0.0,0.0,0.0,0.0,.000,.000,.000,.000,.---,-.--,0.0,0.0,0.0,2025
594580,Sam Moll,113,Cincinnati Reds,,P,2026,,,,,,,,,,,,,,,,,,,,,,,,,,,,,,,,,,,,,,,,,,,,,,,,,2025
664208,Phil Maton,112,Chicago Cubs,,P,2026,,,,,,,,,,,,,,,,,,,,,,,,,0.0,0.0,0.0,0.0,0.0,0.0,0.0,0.0,0.0,0.0,0.0,0.0,0.0,0.0,0.0,.000,.000,.000,.000,.---,-.--,0.0,0.0,0.0,2025
641680,Jonah Heim,133,Athletics,,C,2026,101.0,92.0,22.0,8.0,0.0,5.0,8.0,0.0,18.0,0.0,1.0,0.0,45.0,14.0,2.0,.239,.297,.489,.786,.243,18.40,361.0,27.0,26.0,433.0,395.0,84.0,14.0,0.0,11.0,32.0,0.0,88.0,1.0,4.0,1.0,131.0,43.0,10.0,.213,.271,.332,.603,.243,35.91,1704.0,106.0,122.0,2025
678554,Curtis Mead,120,Washington Nationals,,3B,2026,206.0,177.0,41.0,10.0,0.0,10.0,26.0,0.0,35.0,3.0,0.0,0.0,81.0,31.0,5.0,.232,.340,.458,.798,.235,17.70,890.0,43.0,58.0,264.0,240.0,56.0,10.0,1.0,3.0,15.0,0.0,63.0,8.0,1.0,0.0,77.0,19.0,9.0,.233,.299,.321,.620,.303,80.00,1019.0,47.0,75.0,2025
666277,George Soriano,138,St. Louis Cardinals,,P,2026,0.0,0.0,0.0,0.0,0.0,0.0,0.0,0.0,0.0,0.0,0.0,0.0,0.0,0.0,0.0,.000,.000,.000,.000,.---,-.--,0.0,0.0,0.0,,,,,,,,,,,,,,,,,,,,,,,,,2025
680604,Blas Castaño,115,Colorado Rockies,,P,2026,,,,,,,,,,,,,,,,,,,,,,,,,,,,,,,,,,,,,,,,,,,,,,,,,2025
686753,Drey Jameson,109,Arizona Diamondbacks,,P,2026,,,,,,,,,,,,,,,,,,,,,,,,,0.0,0.0,0.0,0.0,0.0,0.0,0.0,0.0,0.0,0.0,0.0,0.0,0.0,0.0,0.0,.000,.000,.000,.000,.---,-.--,0.0,0.0,0.0,2025
453286,Max Scherzer,141,Toronto Blue Jays,,P,2026,,,,,,,,,,,,,,,,,,,,,,,,,,,,,,,,,,,,,,,,,,,,,,,,,2025
682674,Victor Bericoto,137,San Francisco Giants,,RF,2026,17.0,17.0,3.0,0.0,0.0,1.0,0.0,0.0,6.0,0.0,0.0,0.0,6.0,1.0,0.0,.176,.176,.353,.529,.200,17.00,68.0,7.0,1.0,,,,,,,,,,,,,,,,,,,,,,,,,2025
516782,Starling Marte,118,Kansas City Royals,,DH,2026,85.0,77.0,20.0,3.0,0.0,1.0,5.0,0.0,24.0,2.0,1.0,0.0,26.0,5.0,2.0,.260,.318,.338,.656,.358,77.00,312.0,19.0,15.0,329.0,293.0,79.0,14.0,0.0,9.0,22.0,0.0,68.0,9.0,4.0,1.0,120.0,34.0,7.0,.270,.335,.410,.745,.318,32.56,1255.0,83.0,68.0,2025
682668,Luisangel Acuña,145,Chicago White Sox,,CF,2026,126.0,115.0,23.0,2.0,0.0,0.0,7.0,0.0,21.0,1.0,2.0,1.0,25.0,7.0,4.0,.200,.248,.217,.465,.240,-.--,440.0,46.0,28.0,193.0,175.0,41.0,7.0,0.0,0.0,13.0,0.0,37.0,2.0,1.0,2.0,48.0,8.0,6.0,.234,.293,.274,.567,.295,-.--,687.0,58.0,42.0,2025
621237,José Alvarado,143,Philadelphia Phillies,,P,2026,,,,,,,,,,,,,,,,,,,,,,,,,,,,,,,,,,,,,,,,,,,,,,,,,2025
676534,Calvin Faucher,146,Miami Marlins,,P,2026,,,,,,,,,,,,,,,,,,,,,,,,,,,,,,,,,,,,,,,,,,,,,,,,,2025
686780,Pedro Pagés,138,St. Louis Cardinals,,C,2026,134.0,122.0,28.0,6.0,0.0,4.0,5.0,0.0,32.0,2.0,1.0,4.0,46.0,10.0,5.0,.230,.269,.377,.646,.276,30.50,537.0,32.0,35.0,389.0,361.0,83.0,15.0,0.0,11.0,19.0,1.0,107.0,3.0,3.0,3.0,131.0,45.0,9.0,.230,.272,.363,.635,.293,32.82,1486.0,87.0,90.0,2025
694973,Paul Skenes,134,Pittsburgh Pirates,,P,2026,,,,,,,,,,,,,,,,,,,,,,,,,,,,,,,,,,,,,,,,,,,,,,,,,2025
686790,Trevor McDonald,137,San Francisco Giants,,P,2026,,,,,,,,,,,,,,,,,,,,,,,,,,,,,,,,,,,,,,,,,,,,,,,,,2025
527048,Martín Pérez,144,Atlanta Braves,,P,2026,,,,,,,,,,,,,,,,,,,,,,,,,,,,,,,,,,,,,,,,,,,,,,,,,2025
672456,Keider Montero,116,Detroit Tigers,,P,2026,,,,,,,,,,,,,,,,,,,,,,,,,,,,,,,,,,,,,,,,,,,,,,,,,2025
686797,Brooks Lee,142,Minnesota Twins,,3B,2026,274.0,251.0,59.0,9.0,1.0,11.0,19.0,0.0,45.0,2.0,1.0,1.0,103.0,39.0,4.0,.235,.293,.410,.703,.245,22.82,1031.0,68.0,81.0,527.0,487.0,115.0,15.0,1.0,16.0,31.0,0.0,92.0,4.0,5.0,0.0,180.0,64.0,11.0,.236,.285,.370,.655,.258,30.44,2009.0,138.0,147.0,2025
678606,José A. Ferrer,136,Seattle Mariners,,P,2026,,,,,,,,,,,,,,,,,,,,,,,,,0.0,0.0,0.0,0.0,0.0,0.0,0.0,0.0,0.0,0.0,0.0,0.0,0.0,0.0,0.0,.000,.000,.000,.000,.---,-.--,0.0,0.0,0.0,2025
641743,Anthony Kay,145,Chicago White Sox,,P,2026,,,,,,,,,,,,,,,,,,,,,,,,,,,,,,,,,,,,,,,,,,,,,,,,,2025
676571,PJ Poulin,120,Washington Nationals,,P,2026,,,,,,,,,,,,,,,,,,,,,,,,,0.0,0.0,0.0,0.0,0.0,0.0,0.0,0.0,0.0,0.0,0.0,0.0,0.0,0.0,0.0,.000,.000,.000,.000,.---,-.--,0.0,0.0,0.0,2025
676572,Eric Wagaman,121,New York Mets,,1B,2026,8.0,6.0,1.0,0.0,0.0,1.0,1.0,0.0,3.0,1.0,0.0,0.0,4.0,1.0,0.0,.167,.375,.667,1.042,.000,6.00,35.0,1.0,1.0,514.0,476.0,119.0,28.0,3.0,9.0,32.0,0.0,100.0,1.0,5.0,0.0,180.0,53.0,11.0,.250,.296,.378,.674,.296,52.89,1955.0,132.0,130.0,2025
664285,Framber Valdez,116,Detroit Tigers,,P,2026,0.0,0.0,0.0,0.0,0.0,0.0,0.0,0.0,0.0,0.0,0.0,0.0,0.0,0.0,0.0,.000,.000,.000,.000,.---,-.--,0.0,0.0,0.0,,,,,,,,,,,,,,,,,,,,,,,,,2025
518876,Merrill Kelly,109,Arizona Diamondbacks,,P,2026,,,,,,,,,,,,,,,,,,,,,,,,,,,,,,,,,,,,,,,,,,,,,,,,,2025
668390,Cole Winn,140,Texas Rangers,,P,2026,,,,,,,,,,,,,,,,,,,,,,,,,,,,,,,,,,,,,,,,,,,,,,,,,2025
518886,Craig Kimbrel,139,Tampa Bay Rays,,P,2026,,,,,,,,,,,,,,,,,,,,,,,,,,,,,,,,,,,,,,,,,,,,,,,,,2025
690924,Braxton Fulford,115,Colorado Rockies,,C,2026,39.0,32.0,7.0,2.0,0.0,1.0,5.0,0.0,14.0,0.0,2.0,0.0,12.0,5.0,0.0,.219,.308,.375,.683,.316,32.00,167.0,2.0,11.0,120.0,108.0,23.0,5.0,2.0,1.0,7.0,0.0,36.0,2.0,3.0,0.0,35.0,16.0,1.0,.213,.267,.324,.591,.297,108.00,455.0,20.0,32.0,2025
690925,Clayton Beeter,120,Washington Nationals,,P,2026,0.0,0.0,0.0,0.0,0.0,0.0,0.0,0.0,0.0,0.0,0.0,0.0,0.0,0.0,0.0,.000,.000,.000,.000,.---,-.--,0.0,0.0,0.0,,,,,,,,,,,,,,,,,,,,,,,,,2025
662253,Andrés Muñoz,136,Seattle Mariners,,P,2026,,,,,,,,,,,,,,,,,,,,,,,,,,,,,,,,,,,,,,,,,,,,,,,,,2025
592626,Joc Pederson,140,Texas Rangers,,DH,2026,215.0,180.0,45.0,7.0,2.0,9.0,28.0,1.0,43.0,3.0,3.0,0.0,83.0,25.0,7.0,.250,.355,.461,.816,.275,20.00,861.0,43.0,52.0,306.0,265.0,48.0,10.0,1.0,9.0,34.0,0.0,65.0,5.0,1.0,0.0,87.0,26.0,5.0,.181,.285,.328,.613,.203,29.44,1237.0,68.0,85.0,2025
641778,Eric Lauer,119,Los Angeles Dodgers,,P,2026,,,,,,,,,,,,,,,,,,,,,,,,,,,,,,,,,,,,,,,,,,,,,,,,,2025
680694,Kyle Bradish,110,Baltimore Orioles,,P,2026,,,,,,,,,,,,,,,,,,,,,,,,,,,,,,,,,,,,,,,,,,,,,,,,,2025
623352,Josh Hader,117,Houston Astros,,P,2026,,,,,,,,,,,,,,,,,,,,,,,,,0.0,0.0,0.0,0.0,0.0,0.0,0.0,0.0,0.0,0.0,0.0,0.0,0.0,0.0,0.0,.000,.000,.000,.000,.---,-.--,0.0,0.0,0.0,2025
676604,Tyler Zuber,146,Miami Marlins,,P,2026,,,,,,,,,,,,,,,,,,,,,,,,,,,,,,,,,,,,,,,,,,,,,,,,,2025
680700,Richie Palacios,139,Tampa Bay Rays,,2B,2026,167.0,142.0,33.0,5.0,2.0,1.0,21.0,0.0,36.0,3.0,1.0,0.0,45.0,20.0,3.0,.232,.341,.317,.658,.302,142.00,661.0,36.0,38.0,48.0,42.0,14.0,2.0,0.0,1.0,5.0,0.0,9.0,0.0,1.0,0.0,19.0,3.0,3.0,.333,.396,.452,.848,.394,42.00,190.0,11.0,9.0,2025
699134,Bradgley Rodriguez,135,San Diego Padres,,P,2026,,,,,,,,,,,,,,,,,,,,,,,,,,,,,,,,,,,,,,,,,,,,,,,,,2025
641793,Zack Littell,120,Washington Nationals,,P,2026,,,,,,,,,,,,,,,,,,,,,,,,,,,,,,,,,,,,,,,,,,,,,,,,,2025
676609,José Caballero,147,New York Yankees,,RF,2026,213.0,195.0,50.0,10.0,0.0,6.0,12.0,0.0,42.0,4.0,2.0,0.0,78.0,22.0,8.0,.256,.310,.400,.710,.295,32.50,846.0,59.0,46.0,370.0,314.0,74.0,18.0,1.0,5.0,47.0,0.0,98.0,3.0,2.0,4.0,109.0,36.0,1.0,.236,.339,.347,.686,.324,62.80,1501.0,61.0,87.0,2025
672515,Gabriel Moreno,109,Arizona Diamondbacks,,C,2026,188.0,163.0,43.0,11.0,0.0,6.0,19.0,0.0,34.0,3.0,3.0,0.0,72.0,24.0,2.0,.264,.346,.442,.788,.294,27.17,800.0,43.0,46.0,309.0,277.0,79.0,12.0,1.0,9.0,29.0,3.0,53.0,1.0,2.0,0.0,120.0,40.0,6.0,.285,.353,.433,.786,.323,30.78,1314.0,60.0,87.0,2025
678662,Ezequiel Tovar,115,Colorado Rockies,,SS,2026,259.0,240.0,52.0,14.0,0.0,5.0,14.0,0.0,73.0,2.0,3.0,0.0,81.0,24.0,4.0,.217,.263,.338,.601,.285,48.00,960.0,52.0,66.0,390.0,360.0,91.0,18.0,4.0,9.0,21.0,0.0,98.0,1.0,2.0,6.0,144.0,33.0,2.0,.253,.294,.400,.694,.322,40.00,1469.0,76.0,103.0,2025
676617,Riley O'Brien,138,St. Louis Cardinals,,P,2026,,,,,,,,,,,,,,,,,,,,,,,,,,,,,,,,,,,,,,,,,,,,,,,,,2025
695049,Brett Kerry,108,Los Angeles Angels,,P,2026,,,,,,,,,,,,,,,,,,,,,,,,,,,,,,,,,,,,,,,,,,,,,,,,,2025
606992,Eric Haase,137,San Francisco Giants,,C,2026,55.0,51.0,11.0,3.0,0.0,4.0,3.0,0.0,14.0,0.0,0.0,1.0,26.0,9.0,1.0,.216,.259,.510,.769,.212,12.75,201.0,14.0,13.0,77.0,70.0,16.0,3.0,0.0,2.0,4.0,0.0,31.0,2.0,0.0,1.0,25.0,9.0,1.0,.229,.289,.357,.646,.378,35.00,337.0,17.0,7.0,2025
813841,Jonah Cox,137,San Francisco Giants,,CF,2026,16.0,15.0,6.0,1.0,1.0,1.0,0.0,0.0,7.0,0.0,0.0,1.0,12.0,2.0,0.0,.400,.400,.800,1.200,.714,15.00,52.0,1.0,2.0,,,,,,,,,,,,,,,,,,,,,,,,,2025
606996,Kyle Hart,135,San Diego Padres,,P,2026,,,,,,,,,,,,,,,,,,,,,,,,,,,,,,,,,,,,,,,,,,,,,,,,,2025
680723,Drew Rom,158,Milwaukee Brewers,,P,2026,,,,,,,,,,,,,,,,,,,,,,,,,,,,,,,,,,,,,,,,,,,,,,,,,2025
592662,Robbie Ray,137,San Francisco Giants,,P,2026,,,,,,,,,,,,,,,,,,,,,,,,,,,,,,,,,,,,,,,,,,,,,,,,,2025
592663,J.T. Realmuto,143,Philadelphia Phillies,,C,2026,184.0,164.0,34.0,4.0,0.0,5.0,14.0,0.0,36.0,5.0,1.0,0.0,53.0,17.0,3.0,.207,.288,.323,.611,.234,32.80,695.0,48.0,47.0,550.0,502.0,129.0,26.0,1.0,12.0,35.0,1.0,129.0,9.0,3.0,0.0,193.0,52.0,13.0,.257,.315,.384,.699,.321,41.83,2196.0,124.0,123.0,2025
680728,Adrian Del Castillo,109,Arizona Diamondbacks,,C,2026,138.0,126.0,23.0,4.0,0.0,4.0,11.0,0.0,44.0,0.0,1.0,0.0,39.0,20.0,5.0,.183,.246,.310,.556,.241,31.50,569.0,27.0,33.0,131.0,120.0,29.0,6.0,0.0,4.0,8.0,0.0,47.0,1.0,2.0,0.0,47.0,17.0,2.0,.242,.290,.392,.682,.352,30.00,535.0,16.0,30.0,2025
680730,Mitchell Parker,120,Washington Nationals,,P,2026,,,,,,,,,,,,,,,,,,,,,,,,,,,,,,,,,,,,,,,,,,,,,,,,,2025
680732,Sean Burke,145,Chicago White Sox,,P,2026,,,,,,,,,,,,,,,,,,,,,,,,,,,,,,,,,,,,,,,,,,,,,,,,,2025
666397,Edouard Julien,115,Colorado Rockies,,2B,2026,193.0,168.0,38.0,5.0,1.0,2.0,24.0,0.0,52.0,1.0,0.0,0.0,51.0,17.0,5.0,.226,.326,.304,.630,.316,84.00,805.0,39.0,39.0,208.0,182.0,40.0,10.0,0.0,3.0,22.0,0.0,61.0,2.0,1.0,1.0,59.0,12.0,3.0,.220,.309,.324,.633,.311,60.67,876.0,50.0,33.0,2025
641820,Trey Mancini,108,Los Angeles Angels,,1B,2026,14.0,13.0,4.0,0.0,1.0,0.0,0.0,0.0,3.0,0.0,1.0,0.0,6.0,4.0,1.0,.308,.286,.462,.748,.364,-.--,49.0,4.0,3.0,,,,,,,,,,,,,,,,,,,,,,,,,2025
621345,A.J. Minter,121,New York Mets,,P,2026,,,,,,,,,,,,,,,,,,,,,,,,,,,,,,,,,,,,,,,,,,,,,,,,,2025
807712,Luke Keaschall,142,Minnesota Twins,,2B,2026,272.0,240.0,58.0,11.0,1.0,2.0,24.0,1.0,43.0,5.0,3.0,0.0,77.0,23.0,3.0,.242,.320,.321,.641,.283,120.00,1017.0,54.0,88.0,207.0,182.0,55.0,14.0,0.0,4.0,19.0,0.0,29.0,5.0,1.0,0.0,81.0,28.0,4.0,.302,.382,.445,.827,.340,45.50,774.0,49.0,50.0,2025
690978,Dax Fulton,146,Miami Marlins,,P,2026,0.0,0.0,0.0,0.0,0.0,0.0,0.0,0.0,0.0,0.0,0.0,0.0,0.0,0.0,0.0,.000,.000,.000,.000,.---,-.--,0.0,0.0,0.0,,,,,,,,,,,,,,,,,,,,,,,,,2025
807713,Matt Shaw,112,Chicago Cubs,,RF,2026,113.0,102.0,26.0,6.0,1.0,3.0,7.0,0.0,19.0,2.0,1.0,1.0,43.0,14.0,2.0,.255,.313,.422,.735,.284,34.00,448.0,24.0,35.0,437.0,393.0,89.0,21.0,3.0,13.0,38.0,0.0,94.0,2.0,4.0,0.0,155.0,44.0,2.0,.226,.295,.394,.689,.262,30.23,1720.0,93.0,121.0,2025
695076,Rhett Lowder,113,Cincinnati Reds,,P,2026,,,,,,,,,,,,,,,,,,,,,,,,,,,,,,,,,,,,,,,,,,,,,,,,,2025
680736,Justin Wrobleski,119,Los Angeles Dodgers,,P,2026,,,,,,,,,,,,,,,,,,,,,,,,,,,,,,,,,,,,,,,,,,,,,,,,,2025
680742,Jonathan Bowlan,143,Philadelphia Phillies,,P,2026,,,,,,,,,,,,,,,,,,,,,,,,,,,,,,,,,,,,,,,,,,,,,,,,,2025
690976,Alex Freeland,119,Los Angeles Dodgers,,2B,2026,162.0,139.0,32.0,6.0,0.0,3.0,17.0,0.0,44.0,1.0,2.0,3.0,47.0,16.0,4.0,.230,.314,.338,.652,.309,46.33,657.0,39.0,29.0,97.0,84.0,16.0,2.0,1.0,2.0,11.0,0.0,35.0,1.0,0.0,1.0,26.0,6.0,3.0,.190,.292,.310,.602,.298,42.00,429.0,13.0,21.0,2025
690984,Petey Halpin,114,Cleveland Guardians,,CF,2026,31.0,30.0,5.0,1.0,0.0,0.0,1.0,0.0,8.0,0.0,0.0,0.0,6.0,1.0,0.0,.167,.194,.200,.394,.227,-.--,123.0,5.0,12.0,8.0,6.0,2.0,0.0,0.0,0.0,2.0,0.0,2.0,0.0,0.0,0.0,2.0,0.0,0.0,.333,.500,.333,.833,.500,-.--,33.0,1.0,1.0,2025
805673,Zebby Matthews,142,Minnesota Twins,,P,2026,0.0,0.0,0.0,0.0,0.0,0.0,0.0,0.0,0.0,0.0,0.0,0.0,0.0,0.0,0.0,.000,.000,.000,.000,.---,-.--,0.0,0.0,0.0,,,,,,,,,,,,,,,,,,,,,,,,,2025
690986,Kyle Harrison,158,Milwaukee Brewers,,P,2026,,,,,,,,,,,,,,,,,,,,,,,,,,,,,,,,,,,,,,,,,,,,,,,,,2025
641835,Tim Mayza,143,Philadelphia Phillies,,P,2026,,,,,,,,,,,,,,,,,,,,,,,,,,,,,,,,,,,,,,,,,,,,,,,,,2025
807727,Charles McAdoo,141,Toronto Blue Jays,,2B,2026,24.0,24.0,4.0,0.0,0.0,1.0,0.0,0.0,6.0,0.0,0.0,0.0,7.0,3.0,1.0,.167,.167,.292,.459,.176,24.00,86.0,6.0,8.0,,,,,,,,,,,,,,,,,,,,,,,,,2025
660271,Shohei Ohtani,119,Los Angeles Dodgers,,DH,2026,313.0,252.0,75.0,15.0,2.0,14.0,51.0,8.0,71.0,5.0,3.0,0.0,136.0,41.0,4.0,.298,.421,.540,.961,.359,18.00,1215.0,51.0,58.0,727.0,611.0,172.0,25.0,9.0,55.0,109.0,20.0,187.0,3.0,2.0,0.0,380.0,102.0,9.0,.282,.392,.622,1.014,.315,11.11,2865.0,120.0,134.0,2025
690993,Colt Keith,116,Detroit Tigers,,3B,2026,209.0,195.0,52.0,8.0,2.0,4.0,11.0,0.0,43.0,2.0,1.0,0.0,76.0,16.0,3.0,.267,.311,.390,.701,.322,48.75,749.0,39.0,62.0,468.0,414.0,106.0,22.0,2.0,13.0,48.0,1.0,102.0,2.0,4.0,0.0,171.0,45.0,7.0,.256,.333,.413,.746,.307,31.85,1826.0,87.0,123.0,2025
680755,Braydon Fisher,141,Toronto Blue Jays,,P,2026,,,,,,,,,,,,,,,,,,,,,,,,,,,,,,,,,,,,,,,,,,,,,,,,,2025
676661,Max Lazar,143,Philadelphia Phillies,,P,2026,,,,,,,,,,,,,,,,,,,,,,,,,,,,,,,,,,,,,,,,,,,,,,,,,2025
690997,Nolan McLean,121,New York Mets,,P,2026,,,,,,,,,,,,,,,,,,,,,,,,,,,,,,,,,,,,,,,,,,,,,,,,,2025
680757,Steven Kwan,114,Cleveland Guardians,,LF,2026,272.0,229.0,49.0,8.0,0.0,1.0,35.0,1.0,27.0,2.0,2.0,3.0,60.0,13.0,6.0,.214,.321,.262,.583,.236,229.00,1059.0,71.0,87.0,693.0,625.0,170.0,29.0,1.0,11.0,55.0,2.0,60.0,3.0,7.0,3.0,234.0,56.0,3.0,.272,.330,.374,.704,.283,56.82,2786.0,167.0,238.0,2025
807743,Sean Sullivan,115,Colorado Rockies,,P,2026,,,,,,,,,,,,,,,,,,,,,,,,,,,,,,,,,,,,,,,,,,,,,,,,,2025
680767,Victor Vodnik,115,Colorado Rockies,,P,2026,0.0,0.0,0.0,0.0,0.0,0.0,0.0,0.0,0.0,0.0,0.0,0.0,0.0,0.0,0.0,.000,.000,.000,.000,.---,-.--,0.0,0.0,0.0,0.0,0.0,0.0,0.0,0.0,0.0,0.0,0.0,0.0,0.0,0.0,0.0,0.0,0.0,0.0,.000,.000,.000,.000,.---,-.--,0.0,0.0,0.0,2025
641857,Ryan McMahon,147,New York Yankees,,3B,2026,189.0,173.0,36.0,4.0,0.0,7.0,15.0,0.0,58.0,0.0,0.0,1.0,61.0,21.0,4.0,.208,.271,.353,.624,.269,24.71,756.0,38.0,42.0,586.0,509.0,109.0,23.0,1.0,20.0,70.0,1.0,189.0,4.0,3.0,0.0,194.0,53.0,7.0,.214,.312,.381,.693,.294,25.45,2500.0,106.0,108.0,2025
682818,Yohendrick Piñango,141,Toronto Blue Jays,,LF,2026,128.0,120.0,35.0,6.0,0.0,4.0,8.0,0.0,28.0,0.0,0.0,0.0,53.0,18.0,4.0,.292,.336,.442,.778,.352,30.00,488.0,28.0,29.0,,,,,,,,,,,,,,,,,,,,,,,,,2025
672580,Maikel Garcia,118,Kansas City Royals,,3B,2026,285.0,259.0,69.0,16.0,2.0,3.0,24.0,0.0,44.0,0.0,2.0,0.0,98.0,30.0,6.0,.266,.326,.378,.704,.308,86.33,1099.0,68.0,80.0,666.0,595.0,170.0,39.0,5.0,16.0,62.0,0.0,84.0,1.0,5.0,3.0,267.0,74.0,14.0,.286,.351,.449,.800,.308,37.19,2519.0,168.0,181.0,2025
691011,Drew Romo,145,Chicago White Sox,,C,2026,97.0,84.0,13.0,4.0,0.0,5.0,10.0,0.0,25.0,1.0,1.0,1.0,32.0,11.0,4.0,.155,.250,.381,.631,.145,16.80,355.0,26.0,22.0,3.0,3.0,0.0,0.0,0.0,0.0,0.0,0.0,3.0,0.0,0.0,0.0,0.0,0.0,0.0,.000,.000,.000,.000,.---,-.--,12.0,0.0,0.0,2025
621381,Matt Strahm,118,Kansas City Royals,,P,2026,,,,,,,,,,,,,,,,,,,,,,,,,,,,,,,,,,,,,,,,,,,,,,,,,2025
607043,Brandon Nimmo,140,Texas Rangers,,RF,2026,301.0,269.0,68.0,15.0,2.0,7.0,24.0,1.0,63.0,6.0,2.0,0.0,108.0,25.0,6.0,.253,.326,.401,.727,.303,38.43,1147.0,62.0,78.0,652.0,587.0,154.0,27.0,0.0,25.0,50.0,1.0,141.0,7.0,7.0,1.0,256.0,92.0,8.0,.262,.324,.436,.760,.301,23.48,2602.0,149.0,151.0,2025
621383,Tanner Banks,143,Philadelphia Phillies,,P,2026,,,,,,,,,,,,,,,,,,,,,,,,,,,,,,,,,,,,,,,,,,,,,,,,,2025
680776,Jarren Duran,111,Boston Red Sox,,LF,2026,286.0,263.0,56.0,9.0,2.0,11.0,18.0,0.0,84.0,3.0,2.0,0.0,102.0,36.0,2.0,.213,.269,.388,.657,.265,23.91,1068.0,65.0,60.0,696.0,620.0,159.0,41.0,13.0,16.0,60.0,1.0,169.0,12.0,3.0,1.0,274.0,84.0,6.0,.256,.332,.442,.774,.326,38.75,2624.0,137.0,159.0,2025
514888,Jose Altuve,117,Houston Astros,,2B,2026,218.0,193.0,46.0,10.0,0.0,7.0,22.0,1.0,47.0,1.0,1.0,1.0,77.0,16.0,9.0,.238,.318,.399,.717,.279,27.57,786.0,58.0,44.0,654.0,588.0,156.0,24.0,1.0,26.0,55.0,5.0,109.0,4.0,6.0,1.0,260.0,77.0,20.0,.265,.329,.442,.771,.283,22.62,2314.0,149.0,181.0,2025
572233,Christian Walker,117,Houston Astros,,DH,2026,304.0,275.0,68.0,13.0,1.0,18.0,24.0,2.0,65.0,4.0,1.0,0.0,137.0,52.0,7.0,.247,.316,.498,.814,.259,15.28,1156.0,70.0,73.0,640.0,585.0,139.0,24.0,1.0,27.0,40.0,1.0,177.0,11.0,4.0,0.0,246.0,88.0,10.0,.238,.297,.421,.718,.291,21.67,2513.0,111.0,162.0,2025
676684,Will Vest,116,Detroit Tigers,,P,2026,,,,,,,,,,,,,,,,,,,,,,,,,,,,,,,,,,,,,,,,,,,,,,,,,2025
680779,Henry Davis,134,Pittsburgh Pirates,,C,2026,145.0,126.0,17.0,3.0,0.0,5.0,14.0,0.0,31.0,3.0,1.0,1.0,35.0,17.0,3.0,.135,.236,.278,.514,.132,25.20,525.0,33.0,47.0,283.0,252.0,42.0,7.0,0.0,7.0,18.0,0.0,76.0,5.0,3.0,3.0,70.0,22.0,2.0,.167,.234,.278,.512,.203,36.00,1069.0,48.0,92.0,2025
670541,Yordan Alvarez,117,Houston Astros,,LF,2026,319.0,266.0,87.0,14.0,0.0,24.0,46.0,9.0,54.0,5.0,2.0,0.0,173.0,54.0,2.0,.327,.433,.650,1.083,.332,11.08,1256.0,43.0,84.0,199.0,165.0,45.0,8.0,0.0,6.0,28.0,5.0,33.0,0.0,6.0,0.0,71.0,27.0,1.0,.273,.367,.430,.797,.295,27.50,803.0,34.0,59.0,2025
506702,Sandy León,144,Atlanta Braves,,C,2026,42.0,42.0,4.0,0.0,0.0,0.0,0.0,0.0,18.0,0.0,0.0,0.0,4.0,0.0,0.0,.095,.095,.095,.190,.167,-.--,168.0,8.0,12.0,12.0,12.0,1.0,0.0,0.0,1.0,0.0,0.0,4.0,0.0,0.0,0.0,4.0,3.0,0.0,.083,.083,.333,.416,.000,12.00,41.0,3.0,4.0,2025
691023,Jordan Walker,138,St. Louis Cardinals,,RF,2026,298.0,274.0,81.0,16.0,0.0,18.0,21.0,0.0,76.0,2.0,1.0,0.0,151.0,56.0,5.0,.296,.349,.551,.900,.348,15.22,1076.0,60.0,58.0,396.0,363.0,78.0,13.0,1.0,6.0,29.0,1.0,126.0,3.0,1.0,0.0,111.0,41.0,9.0,.215,.278,.306,.584,.310,60.50,1541.0,75.0,85.0,2025
691016,Tyler Soderstrom,133,Athletics,,LF,2026,291.0,254.0,62.0,19.0,2.0,12.0,35.0,3.0,53.0,1.0,1.0,0.0,121.0,39.0,7.0,.244,.337,.476,.813,.263,21.17,1088.0,73.0,67.0,624.0,561.0,155.0,34.0,1.0,25.0,55.0,2.0,141.0,6.0,2.0,0.0,266.0,93.0,18.0,.276,.346,.474,.820,.327,22.44,2227.0,153.0,114.0,2025
691026,Masyn Winn,138,St. Louis Cardinals,,SS,2026,268.0,234.0,54.0,9.0,2.0,2.0,23.0,0.0,55.0,6.0,5.0,0.0,73.0,26.0,5.0,.231,.310,.312,.622,.286,117.00,1073.0,61.0,69.0,537.0,491.0,124.0,27.0,0.0,9.0,34.0,0.0,102.0,8.0,2.0,2.0,178.0,51.0,11.0,.253,.310,.363,.673,.301,54.56,2256.0,107.0,162.0,2025
686930,Mason Barnett,133,Athletics,,P,2026,,,,,,,,,,,,,,,,,,,,,,,,,,,,,,,,,,,,,,,,,,,,,,,,,2025
682842,Abner Uribe,158,Milwaukee Brewers,,P,2026,,,,,,,,,,,,,,,,,,,,,,,,,,,,,,,,,,,,,,,,,,,,,,,,,2025
676694,Jake Meyers,117,Houston Astros,,CF,2026,119.0,109.0,24.0,4.0,0.0,3.0,8.0,0.0,23.0,1.0,1.0,0.0,37.0,10.0,3.0,.220,.277,.339,.616,.250,36.33,432.0,28.0,35.0,381.0,343.0,100.0,15.0,2.0,3.0,31.0,0.0,67.0,3.0,2.0,2.0,128.0,24.0,9.0,.292,.354,.373,.727,.353,114.33,1340.0,94.0,86.0,2025
607067,Colin Rea,112,Chicago Cubs,,P,2026,,,,,,,,,,,,,,,,,,,,,,,,,1.0,1.0,0.0,0.0,0.0,0.0,0.0,0.0,1.0,0.0,0.0,0.0,0.0,0.0,0.0,.000,.000,.000,.000,.---,-.--,5.0,0.0,0.0,2025
623454,Drew Anderson,116,Detroit Tigers,,P,2026,,,,,,,,,,,,,,,,,,,,,,,,,,,,,,,,,,,,,,,,,,,,,,,,,2025
445276,Kenley Jansen,116,Detroit Tigers,,P,2026,,,,,,,,,,,,,,,,,,,,,,,,,0.0,0.0,0.0,0.0,0.0,0.0,0.0,0.0,0.0,0.0,0.0,0.0,0.0,0.0,0.0,.000,.000,.000,.000,.---,-.--,0.0,0.0,0.0,2025
607074,Carlos Rodón,147,New York Yankees,,P,2026,,,,,,,,,,,,,,,,,,,,,,,,,,,,,,,,,,,,,,,,,,,,,,,,,2025
682848,Endy Rodríguez,134,Pittsburgh Pirates,,C,2026,72.0,56.0,15.0,3.0,0.0,3.0,15.0,0.0,16.0,0.0,0.0,0.0,27.0,7.0,3.0,.268,.423,.482,.905,.324,18.67,290.0,6.0,19.0,57.0,52.0,9.0,4.0,0.0,0.0,5.0,0.0,14.0,0.0,0.0,0.0,13.0,2.0,0.0,.173,.246,.250,.496,.237,-.--,205.0,11.0,18.0,2025
686948,Drake Baldwin,144,Atlanta Braves,,C,2026,217.0,189.0,58.0,6.0,0.0,14.0,24.0,1.0,44.0,3.0,1.0,0.0,106.0,39.0,6.0,.307,.392,.561,.953,.333,13.50,831.0,47.0,41.0,446.0,405.0,111.0,18.0,2.0,19.0,38.0,0.0,68.0,3.0,0.0,0.0,190.0,80.0,9.0,.274,.341,.469,.810,.289,21.32,1750.0,131.0,95.0,2025
656234,Jake Bird,147,New York Yankees,,P,2026,,,,,,,,,,,,,,,,,,,,,,,,,0.0,0.0,0.0,0.0,0.0,0.0,0.0,0.0,0.0,0.0,0.0,0.0,0.0,0.0,0.0,.000,.000,.000,.000,.---,-.--,0.0,0.0,0.0,2025
594798,Jacob deGrom,140,Texas Rangers,,P,2026,,,,,,,,,,,,,,,,,,,,,,,,,,,,,,,,,,,,,,,,,,,,,,,,,2025
676724,Jared Young,121,New York Mets,,1B,2026,90.0,81.0,20.0,4.0,0.0,4.0,7.0,0.0,19.0,1.0,1.0,0.0,36.0,10.0,1.0,.247,.311,.444,.755,.271,20.25,369.0,24.0,19.0,47.0,43.0,8.0,1.0,0.0,4.0,2.0,0.0,16.0,1.0,1.0,0.0,21.0,6.0,1.0,.186,.234,.488,.722,.167,10.75,192.0,6.0,14.0,2025
807799,Masataka Yoshida,111,Boston Red Sox,,DH,2026,156.0,137.0,33.0,7.0,1.0,1.0,15.0,0.0,19.0,3.0,1.0,0.0,45.0,10.0,1.0,.241,.327,.328,.655,.271,137.00,563.0,49.0,37.0,205.0,188.0,50.0,11.0,0.0,4.0,10.0,0.0,24.0,3.0,4.0,0.0,73.0,26.0,3.0,.266,.307,.388,.695,.280,47.00,715.0,73.0,45.0,2025
686973,Louis Varland,141,Toronto Blue Jays,,P,2026,,,,,,,,,,,,,,,,,,,,,,,,,,,,,,,,,,,,,,,,,,,,,,,,,2025
621439,Byron Buxton,142,Minnesota Twins,,CF,2026,279.0,255.0,71.0,13.0,1.0,23.0,20.0,1.0,74.0,3.0,1.0,0.0,155.0,36.0,2.0,.278,.337,.608,.945,.302,11.09,1024.0,30.0,81.0,542.0,488.0,129.0,21.0,7.0,35.0,41.0,5.0,148.0,7.0,6.0,0.0,269.0,83.0,0.0,.264,.327,.551,.878,.302,13.94,2028.0,84.0,133.0,2025
672640,Otto Lopez,146,Miami Marlins,,SS,2026,309.0,289.0,98.0,19.0,3.0,5.0,12.0,0.0,46.0,4.0,4.0,0.0,138.0,31.0,6.0,.339,.369,.478,.847,.384,57.80,1109.0,83.0,66.0,594.0,544.0,134.0,21.0,0.0,15.0,44.0,2.0,82.0,3.0,3.0,0.0,200.0,77.0,9.0,.246,.305,.368,.673,.264,36.27,2129.0,174.0,157.0,2025
592773,Ryne Stanek,138,St. Louis Cardinals,,P,2026,,,,,,,,,,,,,,,,,,,,,,,,,0.0,0.0,0.0,0.0,0.0,0.0,0.0,0.0,0.0,0.0,0.0,0.0,0.0,0.0,0.0,.000,.000,.000,.000,.---,-.--,0.0,0.0,0.0,2025
553869,Elias Díaz,140,Texas Rangers,,C,2026,38.0,37.0,11.0,3.0,0.0,2.0,1.0,0.0,7.0,0.0,0.0,0.0,20.0,7.0,0.0,.297,.316,.541,.857,.321,18.50,133.0,8.0,11.0,283.0,255.0,52.0,7.0,0.0,9.0,21.0,0.0,74.0,2.0,0.0,5.0,86.0,29.0,11.0,.204,.270,.337,.607,.250,28.33,1055.0,51.0,83.0,2025
641933,Tyler O'Neill,110,Baltimore Orioles,,RF,2026,137.0,121.0,23.0,5.0,0.0,2.0,14.0,0.0,36.0,2.0,0.0,0.0,34.0,8.0,2.0,.190,.285,.281,.566,.253,60.50,540.0,21.0,41.0,209.0,181.0,36.0,6.0,1.0,9.0,22.0,1.0,51.0,3.0,3.0,0.0,71.0,26.0,2.0,.199,.292,.392,.684,.218,20.11,821.0,35.0,62.0,2025
502671,Paul Goldschmidt,147,New York Yankees,,DH,2026,178.0,159.0,47.0,8.0,1.0,10.0,15.0,0.0,33.0,3.0,1.0,0.0,87.0,33.0,2.0,.296,.365,.547,.912,.316,15.90,688.0,42.0,38.0,534.0,489.0,134.0,31.0,1.0,10.0,36.0,5.0,100.0,4.0,2.0,0.0,197.0,45.0,8.0,.274,.328,.403,.731,.325,48.90,2092.0,113.0,144.0,2025
656271,Brock Burke,113,Cincinnati Reds,,P,2026,,,,,,,,,,,,,,,,,,,,,,,,,,,,,,,,,,,,,,,,,,,,,,,,,2025
676755,Isaac Mattson,134,Pittsburgh Pirates,,P,2026,,,,,,,,,,,,,,,,,,,,,,,,,,,,,,,,,,,,,,,,,,,,,,,,,2025
686993,Justin Sterner,133,Athletics,,P,2026,,,,,,,,,,,,,,,,,,,,,,,,,,,,,,,,,,,,,,,,,,,,,,,,,2025
805779,Jacob Wilson,133,Athletics,,SS,2026,181.0,173.0,49.0,9.0,0.0,3.0,6.0,0.0,21.0,0.0,1.0,1.0,67.0,21.0,4.0,.283,.306,.387,.693,.307,57.67,618.0,57.0,48.0,523.0,486.0,151.0,26.0,0.0,13.0,27.0,1.0,39.0,7.0,1.0,2.0,216.0,63.0,16.0,.311,.355,.444,.799,.317,37.38,1735.0,179.0,120.0,2025
676760,Ron Marinaccio,135,San Diego Padres,,P,2026,,,,,,,,,,,,,,,,,,,,,,,,,,,,,,,,,,,,,,,,,,,,,,,,,2025
656288,Griffin Canning,135,San Diego Padres,,P,2026,,,,,,,,,,,,,,,,,,,,,,,,,,,,,,,,,,,,,,,,,,,,,,,,,2025
670623,Isaac Paredes,117,Houston Astros,,1B,2026,280.0,238.0,56.0,13.0,0.0,10.0,29.0,0.0,46.0,11.0,2.0,0.0,99.0,35.0,8.0,.235,.343,.416,.759,.250,23.80,1246.0,40.0,98.0,438.0,378.0,96.0,15.0,1.0,20.0,50.0,0.0,76.0,8.0,2.0,0.0,173.0,53.0,10.0,.254,.352,.458,.810,.268,18.90,1943.0,73.0,135.0,2025
680869,Zack Gelof,133,Athletics,,3B,2026,204.0,189.0,52.0,9.0,1.0,9.0,11.0,0.0,52.0,2.0,0.0,2.0,90.0,26.0,5.0,.275,.322,.476,.798,.336,21.00,793.0,41.0,46.0,101.0,92.0,16.0,3.0,0.0,2.0,7.0,0.0,46.0,0.0,1.0,1.0,25.0,7.0,0.0,.174,.230,.272,.502,.311,46.00,416.0,12.0,20.0,2025
656302,Dylan Cease,141,Toronto Blue Jays,,P,2026,,,,,,,,,,,,,,,,,,,,,,,,,,,,,,,,,,,,,,,,,,,,,,,,,2025
684974,Craig Yoho,158,Milwaukee Brewers,,P,2026,,,,,,,,,,,,,,,,,,,,,,,,,,,,,,,,,,,,,,,,,,,,,,,,,2025
682928,CJ Abrams,120,Washington Nationals,,SS,2026,307.0,266.0,75.0,13.0,2.0,14.0,29.0,2.0,63.0,9.0,3.0,0.0,134.0,53.0,4.0,.282,.368,.504,.872,.318,19.00,1161.0,54.0,77.0,635.0,580.0,149.0,35.0,5.0,19.0,37.0,1.0,125.0,14.0,3.0,1.0,251.0,60.0,5.0,.257,.315,.433,.748,.296,30.53,2320.0,141.0,169.0,2025
656305,Matt Chapman,137,San Francisco Giants,,3B,2026,301.0,262.0,68.0,17.0,1.0,7.0,32.0,1.0,62.0,4.0,3.0,0.0,108.0,40.0,6.0,.260,.346,.412,.758,.311,37.43,1193.0,69.0,66.0,535.0,454.0,105.0,23.0,2.0,21.0,71.0,1.0,126.0,6.0,4.0,0.0,195.0,61.0,8.0,.231,.340,.430,.770,.270,21.62,2209.0,96.0,131.0,2025
805808,Kevin McGonigle,116,Detroit Tigers,,3B,2026,306.0,260.0,74.0,15.0,3.0,5.0,44.0,0.0,40.0,2.0,0.0,0.0,110.0,25.0,1.0,.285,.392,.423,.815,.321,52.00,1254.0,45.0,101.0,,,,,,,,,,,,,,,,,,,,,,,,,2025
805811,Bryce Eldridge,137,San Francisco Giants,,DH,2026,123.0,105.0,34.0,9.0,0.0,5.0,17.0,1.0,25.0,0.0,1.0,0.0,58.0,15.0,0.0,.324,.415,.552,.967,.382,21.00,516.0,19.0,28.0,37.0,28.0,3.0,2.0,0.0,0.0,7.0,0.0,13.0,1.0,1.0,0.0,5.0,4.0,0.0,.107,.297,.179,.476,.188,-.--,160.0,6.0,7.0,2025
701358,Cam Smith,117,Houston Astros,,RF,2026,276.0,243.0,53.0,11.0,1.0,7.0,26.0,0.0,75.0,4.0,2.0,0.0,87.0,26.0,6.0,.218,.302,.358,.660,.282,34.71,1104.0,60.0,57.0,493.0,441.0,104.0,21.0,3.0,9.0,43.0,0.0,137.0,7.0,2.0,0.0,158.0,51.0,11.0,.236,.312,.358,.670,.320,49.00,2024.0,104.0,98.0,2025
621493,Taylor Ward,110,Baltimore Orioles,,LF,2026,332.0,264.0,68.0,16.0,0.0,3.0,63.0,1.0,67.0,3.0,2.0,0.0,93.0,20.0,4.0,.258,.404,.352,.756,.332,88.00,1427.0,61.0,70.0,663.0,579.0,132.0,31.0,2.0,36.0,75.0,1.0,175.0,3.0,6.0,0.0,275.0,103.0,13.0,.228,.317,.475,.792,.257,16.08,2788.0,112.0,166.0,2025
672695,Geraldo Perdomo,109,Arizona Diamondbacks,,SS,2026,288.0,236.0,58.0,10.0,3.0,4.0,41.0,0.0,34.0,2.0,5.0,4.0,86.0,25.0,6.0,.246,.356,.364,.720,.266,59.00,1189.0,80.0,73.0,720.0,597.0,173.0,33.0,5.0,20.0,94.0,1.0,83.0,10.0,11.0,8.0,276.0,100.0,11.0,.290,.389,.462,.851,.303,29.85,3007.0,167.0,193.0,2025
695238,Will Wagner,135,San Diego Padres,,DH,2026,17.0,12.0,4.0,1.0,0.0,0.0,5.0,0.0,3.0,0.0,0.0,0.0,5.0,0.0,0.0,.333,.529,.417,.946,.444,-.--,72.0,5.0,0.0,149.0,129.0,29.0,7.0,0.0,0.0,17.0,0.0,28.0,2.0,0.0,1.0,36.0,7.0,3.0,.225,.324,.279,.603,.287,-.--,632.0,42.0,31.0,2025
695239,Robby Ahlstrom,140,Texas Rangers,,P,2026,,,,,,,,,,,,,,,,,,,,,,,,,,,,,,,,,,,,,,,,,,,,,,,,,2025
605130,Scott Barlow,133,Athletics,,P,2026,,,,,,,,,,,,,,,,,,,,,,,,,,,,,,,,,,,,,,,,,,,,,,,,,2025
672724,Oswald Peraza,108,Los Angeles Angels,,2B,2026,224.0,208.0,54.0,9.0,2.0,7.0,9.0,0.0,59.0,6.0,0.0,1.0,88.0,21.0,3.0,.260,.309,.423,.732,.331,29.71,808.0,54.0,42.0,265.0,244.0,40.0,6.0,0.0,5.0,17.0,0.0,80.0,2.0,1.0,0.0,61.0,20.0,6.0,.164,.223,.250,.473,.219,48.80,1005.0,70.0,55.0,2025
605137,Josh Bell,142,Minnesota Twins,,DH,2026,281.0,259.0,62.0,13.0,0.0,8.0,18.0,0.0,67.0,2.0,2.0,0.0,99.0,44.0,4.0,.239,.292,.382,.674,.290,32.38,1115.0,63.0,69.0,533.0,468.0,111.0,16.0,1.0,22.0,57.0,1.0,88.0,5.0,3.0,0.0,195.0,63.0,15.0,.237,.325,.417,.742,.247,21.27,2102.0,137.0,135.0,2025
605141,Mookie Betts,119,Los Angeles Dodgers,,SS,2026,165.0,151.0,31.0,5.0,0.0,7.0,12.0,0.0,20.0,1.0,1.0,0.0,57.0,18.0,5.0,.205,.267,.377,.644,.192,21.57,618.0,31.0,70.0,663.0,589.0,152.0,23.0,2.0,20.0,61.0,2.0,68.0,3.0,10.0,0.0,239.0,82.0,15.0,.258,.326,.406,.732,.258,29.45,2460.0,136.0,243.0,2025
701398,Sal Stewart,113,Cincinnati Reds,,1B,2026,312.0,268.0,67.0,13.0,0.0,14.0,41.0,3.0,63.0,1.0,2.0,0.0,122.0,46.0,6.0,.250,.349,.455,.804,.275,19.14,1237.0,72.0,68.0,58.0,55.0,14.0,1.0,0.0,5.0,3.0,0.0,15.0,0.0,0.0,0.0,30.0,8.0,1.0,.255,.293,.545,.838,.257,11.00,217.0,10.0,16.0,2025
687064,Brandon Young,110,Baltimore Orioles,,P,2026,,,,,,,,,,,,,,,,,,,,,,,,,,,,,,,,,,,,,,,,,,,,,,,,,2025
695257,Billy Cook,134,Pittsburgh Pirates,,RF,2026,21.0,21.0,4.0,0.0,0.0,0.0,0.0,0.0,8.0,0.0,0.0,0.0,4.0,0.0,0.0,.190,.190,.190,.380,.308,-.--,65.0,4.0,5.0,6.0,6.0,2.0,0.0,0.0,0.0,0.0,0.0,1.0,0.0,0.0,0.0,2.0,0.0,0.0,.333,.333,.333,.666,.400,-.--,20.0,2.0,1.0,2025
607200,Erick Fedde,145,Chicago White Sox,,P,2026,,,,,,,,,,,,,,,,,,,,,,,,,,,,,,,,,,,,,,,,,,,,,,,,,2025
678882,Ceddanne Rafaela,111,Boston Red Sox,,CF,2026,261.0,241.0,70.0,15.0,2.0,7.0,14.0,0.0,54.0,6.0,0.0,0.0,110.0,32.0,7.0,.290,.345,.456,.801,.350,34.43,988.0,60.0,57.0,587.0,546.0,136.0,34.0,4.0,16.0,28.0,0.0,117.0,8.0,2.0,3.0,226.0,63.0,9.0,.249,.295,.414,.709,.289,34.12,2128.0,139.0,159.0,2025
687075,Brandon Sproat,158,Milwaukee Brewers,,P,2026,,,,,,,,,,,,,,,,,,,,,,,,,,,,,,,,,,,,,,,,,,,,,,,,,2025
682982,Daniel Espino,114,Cleveland Guardians,,P,2026,,,,,,,,,,,,,,,,,,,,,,,,,,,,,,,,,,,,,,,,,,,,,,,,,2025
642020,Chuckie Robinson,119,Los Angeles Dodgers,,C,2026,3.0,2.0,0.0,0.0,0.0,0.0,0.0,0.0,0.0,0.0,0.0,1.0,0.0,0.0,0.0,.000,.000,.000,.000,.000,-.--,9.0,2.0,1.0,2.0,1.0,0.0,0.0,0.0,0.0,0.0,0.0,0.0,0.0,0.0,1.0,0.0,0.0,0.0,.000,.000,.000,.000,.000,-.--,4.0,2.0,0.0,2025
607208,Trea Turner,143,Philadelphia Phillies,,SS,2026,313.0,291.0,63.0,11.0,0.0,7.0,20.0,0.0,71.0,1.0,1.0,0.0,95.0,21.0,4.0,.216,.268,.326,.594,.262,41.57,1182.0,78.0,80.0,639.0,589.0,179.0,31.0,7.0,15.0,43.0,1.0,107.0,5.0,2.0,0.0,269.0,69.0,11.0,.304,.355,.457,.812,.350,39.27,2407.0,159.0,146.0,2025
691176,Jasson Domínguez,147,New York Yankees,,DH,2026,41.0,38.0,8.0,3.0,0.0,2.0,2.0,0.0,6.0,1.0,0.0,0.0,17.0,5.0,0.0,.211,.268,.447,.715,.200,19.00,151.0,14.0,10.0,429.0,381.0,98.0,18.0,1.0,10.0,41.0,1.0,115.0,3.0,4.0,0.0,148.0,47.0,5.0,.257,.331,.388,.719,.338,38.10,1692.0,80.0,92.0,2025
682985,Riley Greene,116,Detroit Tigers,,LF,2026,303.0,261.0,78.0,16.0,0.0,8.0,38.0,0.0,86.0,2.0,2.0,0.0,118.0,33.0,7.0,.299,.389,.452,.841,.414,32.62,1264.0,42.0,57.0,655.0,600.0,155.0,31.0,1.0,36.0,46.0,1.0,201.0,4.0,5.0,0.0,296.0,111.0,14.0,.258,.313,.493,.806,.323,16.67,2706.0,118.0,131.0,2025
682987,Spencer Jones,147,New York Yankees,,CF,2026,50.0,44.0,11.0,1.0,0.0,2.0,6.0,0.0,20.0,0.0,0.0,0.0,18.0,7.0,0.0,.250,.340,.409,.749,.409,22.00,220.0,5.0,8.0,,,,,,,,,,,,,,,,,,,,,,,,,2025
625643,Reynaldo López,144,Atlanta Braves,,P,2026,0.0,0.0,0.0,0.0,0.0,0.0,0.0,0.0,0.0,0.0,0.0,0.0,0.0,0.0,0.0,.000,.000,.000,.000,.---,-.--,0.0,0.0,0.0,,,,,,,,,,,,,,,,,,,,,,,,,2025
605170,Victor Caratini,142,Minnesota Twins,,C,2026,196.0,163.0,35.0,5.0,0.0,4.0,18.0,0.0,38.0,8.0,7.0,0.0,52.0,25.0,4.0,.215,.311,.319,.630,.242,40.75,725.0,50.0,47.0,386.0,344.0,89.0,14.0,0.0,12.0,23.0,0.0,65.0,13.0,6.0,0.0,139.0,46.0,8.0,.259,.324,.404,.728,.282,28.67,1417.0,93.0,103.0,2025
592885,Christian Yelich,158,Milwaukee Brewers,,DH,2026,175.0,156.0,43.0,8.0,1.0,4.0,17.0,2.0,49.0,1.0,1.0,0.0,65.0,22.0,1.0,.276,.349,.417,.766,.375,39.00,752.0,43.0,22.0,644.0,573.0,151.0,21.0,0.0,29.0,64.0,6.0,167.0,6.0,1.0,0.0,259.0,103.0,6.0,.264,.343,.452,.795,.323,19.76,2601.0,174.0,82.0,2025
682998,Corbin Carroll,109,Arizona Diamondbacks,,RF,2026,296.0,256.0,71.0,15.0,8.0,12.0,34.0,1.0,63.0,4.0,2.0,0.0,138.0,34.0,3.0,.277,.368,.539,.907,.322,21.33,1126.0,58.0,66.0,642.0,564.0,146.0,32.0,17.0,31.0,67.0,4.0,153.0,7.0,4.0,0.0,305.0,84.0,6.0,.259,.343,.541,.884,.299,18.19,2497.0,111.0,158.0,2025
682997,Tyler Callihan,134,Pittsburgh Pirates,,RF,2026,34.0,27.0,8.0,2.0,1.0,2.0,6.0,0.0,7.0,1.0,0.0,0.0,18.0,6.0,0.0,.296,.441,.667,1.108,.333,13.50,136.0,2.0,10.0,6.0,6.0,1.0,0.0,0.0,0.0,0.0,0.0,1.0,0.0,0.0,0.0,1.0,1.0,0.0,.167,.167,.167,.334,.200,-.--,22.0,3.0,1.0,2025
672761,Wenceel Pérez,116,Detroit Tigers,,RF,2026,171.0,158.0,29.0,4.0,1.0,7.0,13.0,0.0,29.0,0.0,0.0,0.0,56.0,17.0,1.0,.184,.246,.354,.600,.180,22.57,638.0,42.0,58.0,383.0,344.0,84.0,17.0,4.0,13.0,31.0,0.0,87.0,3.0,5.0,0.0,148.0,43.0,5.0,.244,.308,.430,.738,.285,26.46,1534.0,66.0,112.0,2025
689147,Orion Kerkering,143,Philadelphia Phillies,,P,2026,,,,,,,,,,,,,,,,,,,,,,,,,,,,,,,,,,,,,,,,,,,,,,,,,2025
678906,Kai-Wei Teng,117,Houston Astros,,P,2026,,,,,,,,,,,,,,,,,,,,,,,,,,,,,,,,,,,,,,,,,,,,,,,,,2025
683004,Jack Leiter,140,Texas Rangers,,P,2026,,,,,,,,,,,,,,,,,,,,,,,,,1.0,1.0,0.0,0.0,0.0,0.0,0.0,0.0,1.0,0.0,0.0,0.0,0.0,0.0,0.0,.000,.000,.000,.000,.---,-.--,3.0,0.0,0.0,2025
683003,Jared Jones,134,Pittsburgh Pirates,,P,2026,,,,,,,,,,,,,,,,,,,,,,,,,,,,,,,,,,,,,,,,,,,,,,,,,2025
621566,Matt Olson,144,Atlanta Braves,,1B,2026,313.0,279.0,75.0,19.0,0.0,20.0,30.0,2.0,73.0,1.0,3.0,0.0,154.0,51.0,2.0,.269,.339,.552,.891,.291,13.95,1350.0,56.0,78.0,724.0,624.0,170.0,41.0,2.0,29.0,91.0,2.0,176.0,4.0,5.0,0.0,302.0,95.0,14.0,.272,.366,.484,.850,.333,21.52,3166.0,133.0,150.0,2025
668670,Jake Rogers,116,Detroit Tigers,,C,2026,67.0,57.0,9.0,2.0,1.0,1.0,6.0,0.0,20.0,1.0,2.0,1.0,16.0,5.0,0.0,.158,.242,.281,.523,.211,57.00,269.0,8.0,23.0,142.0,123.0,23.0,5.0,2.0,3.0,15.0,0.0,39.0,1.0,2.0,1.0,41.0,19.0,3.0,.187,.277,.333,.610,.241,41.00,570.0,34.0,30.0,2025
699393,Pedro Ramírez,112,Chicago Cubs,,2B,2026,37.0,34.0,9.0,2.0,0.0,1.0,3.0,0.0,3.0,0.0,0.0,0.0,14.0,3.0,2.0,.265,.324,.412,.736,.267,34.00,121.0,14.0,8.0,,,,,,,,,,,,,,,,,,,,,,,,,2025
666624,Christopher Morel,146,Miami Marlins,,1B,2026,73.0,68.0,11.0,3.0,0.0,0.0,4.0,0.0,28.0,1.0,0.0,0.0,14.0,1.0,0.0,.162,.219,.206,.425,.275,-.--,257.0,13.0,16.0,305.0,278.0,61.0,16.0,0.0,11.0,25.0,0.0,109.0,2.0,0.0,0.0,110.0,33.0,8.0,.219,.289,.396,.685,.316,25.27,1177.0,40.0,68.0,2025
683011,Anthony Volpe,147,New York Yankees,,SS,2026,84.0,73.0,16.0,4.0,0.0,1.0,11.0,0.0,18.0,0.0,0.0,0.0,23.0,11.0,0.0,.219,.321,.315,.636,.278,73.00,343.0,16.0,23.0,596.0,539.0,114.0,32.0,4.0,19.0,43.0,0.0,150.0,4.0,7.0,3.0,211.0,72.0,10.0,.212,.272,.391,.663,.252,28.37,2397.0,135.0,150.0,2025
668674,Lucas Erceg,118,Kansas City Royals,,P,2026,0.0,0.0,0.0,0.0,0.0,0.0,0.0,0.0,0.0,0.0,0.0,0.0,0.0,0.0,0.0,.000,.000,.000,.000,.---,-.--,0.0,0.0,0.0,0.0,0.0,0.0,0.0,0.0,0.0,0.0,0.0,0.0,0.0,0.0,0.0,0.0,0.0,0.0,.000,.000,.000,.000,.---,-.--,0.0,0.0,0.0,2025
668678,Zac Gallen,109,Arizona Diamondbacks,,P,2026,,,,,,,,,,,,,,,,,,,,,,,,,,,,,,,,,,,,,,,,,,,,,,,,,2025
500743,Miguel Rojas,119,Los Angeles Dodgers,,SS,2026,121.0,105.0,28.0,5.0,0.0,2.0,9.0,0.0,13.0,2.0,3.0,2.0,39.0,12.0,5.0,.267,.328,.371,.699,.280,52.50,435.0,37.0,32.0,317.0,290.0,76.0,18.0,0.0,7.0,24.0,1.0,46.0,0.0,0.0,3.0,115.0,27.0,7.0,.262,.318,.397,.715,.291,41.43,1166.0,83.0,88.0,2025
672782,Yoendrys Gómez,142,Minnesota Twins,,P,2026,,,,,,,,,,,,,,,,,,,,,,,,,,,,,,,,,,,,,,,,,,,,,,,,,2025
553993,Eugenio Suárez,113,Cincinnati Reds,,3B,2026,179.0,163.0,36.0,7.0,0.0,7.0,15.0,0.0,57.0,0.0,1.0,0.0,64.0,25.0,2.0,.221,.285,.393,.678,.290,23.29,707.0,33.0,38.0,657.0,588.0,134.0,28.0,0.0,49.0,46.0,2.0,196.0,16.0,7.0,0.0,309.0,118.0,11.0,.228,.298,.526,.824,.243,12.00,2606.0,100.0,165.0,2025
676879,Aaron Ashby,158,Milwaukee Brewers,,P,2026,,,,,,,,,,,,,,,,,,,,,,,,,,,,,,,,,,,,,,,,,,,,,,,,,2025
543760,Marcus Semien,121,New York Mets,,2B,2026,287.0,262.0,56.0,8.0,0.0,9.0,20.0,0.0,62.0,1.0,3.0,1.0,91.0,26.0,8.0,.214,.269,.347,.616,.242,29.11,1044.0,53.0,95.0,534.0,470.0,108.0,16.0,1.0,15.0,50.0,0.0,93.0,5.0,9.0,0.0,171.0,62.0,8.0,.230,.305,.364,.669,.251,31.33,2075.0,101.0,177.0,2025
607259,Nick Martinez,139,Tampa Bay Rays,,P,2026,,,,,,,,,,,,,,,,,,,,,,,,,,,,,,,,,,,,,,,,,,,,,,,,,2025
674841,Andrew Alvarez,120,Washington Nationals,,P,2026,,,,,,,,,,,,,,,,,,,,,,,,,,,,,,,,,,,,,,,,,,,,,,,,,2025
656413,Stuart Fairchild,114,Cleveland Guardians,,CF,2026,19.0,13.0,3.0,0.0,0.0,0.0,5.0,0.0,9.0,1.0,0.0,0.0,3.0,1.0,0.0,.231,.474,.231,.705,.750,-.--,77.0,0.0,1.0,55.0,51.0,11.0,4.0,1.0,0.0,4.0,0.0,15.0,0.0,0.0,0.0,17.0,2.0,2.0,.216,.273,.333,.606,.306,-.--,195.0,9.0,16.0,2025
668709,JJ Bleday,113,Cincinnati Reds,,LF,2026,190.0,163.0,44.0,10.0,1.0,13.0,25.0,1.0,33.0,1.0,1.0,0.0,95.0,34.0,3.0,.270,.368,.583,.951,.263,12.54,743.0,28.0,59.0,344.0,307.0,65.0,17.0,0.0,14.0,36.0,2.0,91.0,0.0,1.0,0.0,124.0,39.0,6.0,.212,.294,.404,.698,.251,21.93,1328.0,61.0,91.0,2025
666661,Juan Morillo,109,Arizona Diamondbacks,,P,2026,,,,,,,,,,,,,,,,,,,,,,,,,0.0,0.0,0.0,0.0,0.0,0.0,0.0,0.0,0.0,0.0,0.0,0.0,0.0,0.0,0.0,.000,.000,.000,.000,.---,-.--,0.0,0.0,0.0,2025
642086,Dominic Smith,144,Atlanta Braves,,DH,2026,172.0,156.0,44.0,4.0,1.0,6.0,10.0,0.0,22.0,1.0,4.0,1.0,68.0,30.0,4.0,.282,.322,.436,.758,.288,26.00,637.0,42.0,53.0,225.0,204.0,58.0,12.0,0.0,5.0,15.0,0.0,42.0,2.0,4.0,0.0,85.0,33.0,5.0,.284,.333,.417,.750,.329,40.80,848.0,46.0,62.0,2025
670764,Taylor Walls,139,Tampa Bay Rays,,SS,2026,185.0,154.0,33.0,6.0,2.0,0.0,22.0,0.0,47.0,2.0,1.0,6.0,43.0,16.0,2.0,.214,.318,.279,.597,.306,-.--,755.0,34.0,47.0,317.0,282.0,62.0,14.0,1.0,4.0,26.0,0.0,70.0,0.0,6.0,3.0,90.0,38.0,1.0,.220,.280,.319,.599,.271,70.50,1278.0,70.0,89.0,2025
668715,Spencer Steer,113,Cincinnati Reds,,RF,2026,272.0,239.0,60.0,12.0,0.0,11.0,28.0,0.0,57.0,3.0,2.0,0.0,105.0,28.0,7.0,.251,.335,.439,.774,.283,21.73,1082.0,57.0,67.0,568.0,509.0,121.0,21.0,2.0,21.0,51.0,0.0,129.0,5.0,2.0,1.0,209.0,75.0,12.0,.238,.312,.411,.723,.277,24.24,2316.0,99.0,163.0,2025
676914,Davis Schneider,141,Toronto Blue Jays,,LF,2026,97.0,78.0,12.0,3.0,0.0,3.0,18.0,0.0,33.0,0.0,0.0,1.0,24.0,10.0,1.0,.154,.313,.308,.621,.214,26.00,428.0,14.0,20.0,227.0,188.0,44.0,5.0,0.0,11.0,36.0,0.0,60.0,2.0,1.0,0.0,82.0,31.0,4.0,.234,.361,.436,.797,.280,17.09,1012.0,26.0,59.0,2025
668723,Ryan Vilade,139,Tampa Bay Rays,,LF,2026,123.0,107.0,32.0,5.0,1.0,4.0,12.0,0.0,22.0,0.0,3.0,1.0,51.0,25.0,2.0,.299,.361,.477,.838,.333,26.75,513.0,22.0,35.0,15.0,13.0,1.0,0.0,0.0,0.0,2.0,0.0,5.0,0.0,0.0,0.0,1.0,0.0,1.0,.077,.200,.077,.277,.125,-.--,60.0,6.0,1.0,2025
642100,Gabe Speier,136,Seattle Mariners,,P,2026,0.0,0.0,0.0,0.0,0.0,0.0,0.0,0.0,0.0,0.0,0.0,0.0,0.0,0.0,0.0,.000,.000,.000,.000,.---,-.--,0.0,0.0,0.0,,,,,,,,,,,,,,,,,,,,,,,,,2025
676917,Cade Cavalli,120,Washington Nationals,,P,2026,,,,,,,,,,,,,,,,,,,,,,,,,0.0,0.0,0.0,0.0,0.0,0.0,0.0,0.0,0.0,0.0,0.0,0.0,0.0,0.0,0.0,.000,.000,.000,.000,.---,-.--,0.0,0.0,0.0,2025
693307,Dillon Dingler,116,Detroit Tigers,,C,2026,272.0,241.0,62.0,14.0,2.0,16.0,22.0,0.0,56.0,6.0,1.0,0.0,128.0,50.0,7.0,.257,.333,.531,.864,.271,15.06,1044.0,54.0,70.0,469.0,435.0,121.0,21.0,2.0,13.0,23.0,2.0,110.0,9.0,1.0,0.0,185.0,57.0,5.0,.278,.327,.425,.752,.345,33.46,1793.0,91.0,114.0,2025
693304,Nick Gonzales,134,Pittsburgh Pirates,,3B,2026,271.0,250.0,74.0,11.0,0.0,2.0,16.0,0.0,47.0,4.0,1.0,0.0,91.0,31.0,8.0,.296,.347,.364,.711,.356,125.00,997.0,79.0,51.0,408.0,381.0,99.0,18.0,3.0,5.0,21.0,0.0,73.0,2.0,4.0,0.0,138.0,30.0,12.0,.260,.299,.362,.661,.306,76.20,1405.0,104.0,109.0,2025
685126,Brandon Eisert,145,Chicago White Sox,,P,2026,,,,,,,,,,,,,,,,,,,,,,,,,,,,,,,,,,,,,,,,,,,,,,,,,2025
543807,George Springer,141,Toronto Blue Jays,,DH,2026,224.0,193.0,41.0,10.0,0.0,6.0,25.0,0.0,41.0,2.0,1.0,0.0,69.0,17.0,5.0,.212,.308,.358,.666,.238,32.17,896.0,56.0,56.0,586.0,498.0,154.0,27.0,1.0,32.0,69.0,3.0,111.0,8.0,4.0,0.0,279.0,84.0,14.0,.309,.399,.560,.959,.340,15.56,2307.0,105.0,132.0,2025
642121,Cole Sulser,139,Tampa Bay Rays,,P,2026,,,,,,,,,,,,,,,,,,,,,,,,,,,,,,,,,,,,,,,,,,,,,,,,,2025
595014,Blake Treinen,119,Los Angeles Dodgers,,P,2026,,,,,,,,,,,,,,,,,,,,,,,,,,,,,,,,,,,,,,,,,,,,,,,,,2025
519242,Chris Sale,144,Atlanta Braves,,P,2026,,,,,,,,,,,,,,,,,,,,,,,,,,,,,,,,,,,,,,,,,,,,,,,,,2025
685133,Wade Meckler,108,Los Angeles Angels,,LF,2026,72.0,65.0,19.0,5.0,0.0,2.0,7.0,0.0,14.0,0.0,0.0,0.0,30.0,12.0,0.0,.292,.361,.462,.823,.347,32.50,236.0,17.0,15.0,,,,,,,,,,,,,,,,,,,,,,,,,2025
701519,Travis Adams,142,Minnesota Twins,,P,2026,,,,,,,,,,,,,,,,,,,,,,,,,,,,,,,,,,,,,,,,,,,,,,,,,2025
683083,Nasim Nuñez,120,Washington Nationals,,2B,2026,235.0,203.0,44.0,3.0,3.0,0.0,24.0,0.0,52.0,1.0,1.0,6.0,53.0,23.0,1.0,.217,.301,.261,.562,.289,-.--,944.0,64.0,50.0,92.0,82.0,19.0,2.0,0.0,4.0,8.0,0.0,20.0,0.0,1.0,1.0,33.0,13.0,1.0,.232,.297,.402,.699,.254,20.50,417.0,26.0,19.0,2025
656464,Kevin Ginkel,109,Arizona Diamondbacks,,P,2026,,,,,,,,,,,,,,,,,,,,,,,,,,,,,,,,,,,,,,,,,,,,,,,,,2025
695380,Alex Hoppe,136,Seattle Mariners,,P,2026,,,,,,,,,,,,,,,,,,,,,,,,,,,,,,,,,,,,,,,,,,,,,,,,,2025
642133,Rowdy Tellez,144,Atlanta Braves,,1B,2026,2.0,2.0,0.0,0.0,0.0,0.0,0.0,0.0,0.0,0.0,0.0,0.0,0.0,0.0,0.0,.000,.000,.000,.000,.000,-.--,9.0,0.0,2.0,312.0,289.0,66.0,11.0,0.0,17.0,17.0,0.0,83.0,3.0,3.0,0.0,128.0,49.0,9.0,.228,.276,.443,.719,.255,17.00,1286.0,62.0,81.0,2025
650333,Luis Arraez,137,San Francisco Giants,,2B,2026,308.0,278.0,90.0,15.0,6.0,2.0,15.0,3.0,13.0,3.0,7.0,5.0,123.0,26.0,4.0,.324,.356,.442,.798,.326,139.00,1108.0,85.0,102.0,675.0,620.0,181.0,30.0,4.0,8.0,34.0,0.0,21.0,2.0,7.0,12.0,243.0,61.0,12.0,.292,.327,.392,.719,.289,77.50,2467.0,215.0,222.0,2025
646240,Rafael Devers,137,San Francisco Giants,,1B,2026,309.0,282.0,66.0,21.0,1.0,9.0,24.0,2.0,93.0,1.0,2.0,0.0,116.0,33.0,7.0,.234,.294,.411,.705,.313,31.33,1251.0,61.0,64.0,729.0,607.0,153.0,33.0,0.0,35.0,112.0,10.0,192.0,6.0,4.0,0.0,291.0,109.0,16.0,.252,.372,.479,.851,.307,17.34,3060.0,139.0,127.0,2025
646241,Enmanuel De Jesus,116,Detroit Tigers,,P,2026,,,,,,,,,,,,,,,,,,,,,,,,,,,,,,,,,,,,,,,,,,,,,,,,,2025
701538,Jackson Merrill,135,San Diego Padres,,CF,2026,286.0,260.0,53.0,12.0,1.0,7.0,23.0,2.0,68.0,1.0,0.0,2.0,88.0,27.0,4.0,.204,.271,.338,.609,.249,37.14,1141.0,60.0,81.0,483.0,440.0,116.0,25.0,6.0,16.0,33.0,1.0,108.0,4.0,5.0,1.0,201.0,67.0,4.0,.264,.317,.457,.774,.312,27.50,1703.0,88.0,134.0,2025
676962,Ben Brown,112,Chicago Cubs,,P,2026,,,,,,,,,,,,,,,,,,,,,,,,,,,,,,,,,,,,,,,,,,,,,,,,,2025
656484,Tristan Gray,142,Minnesota Twins,,SS,2026,135.0,122.0,31.0,4.0,0.0,4.0,8.0,0.0,40.0,1.0,3.0,1.0,47.0,27.0,1.0,.254,.299,.385,.684,.333,30.50,537.0,20.0,35.0,86.0,78.0,18.0,5.0,0.0,3.0,6.0,0.0,19.0,0.0,1.0,1.0,32.0,9.0,0.0,.231,.282,.410,.692,.263,26.00,315.0,16.0,27.0,2025
701542,Will Warren,147,New York Yankees,,P,2026,,,,,,,,,,,,,,,,,,,,,,,,,,,,,,,,,,,,,,,,,,,,,,,,,2025
689254,Mason Fluharty,141,Toronto Blue Jays,,P,2026,,,,,,,,,,,,,,,,,,,,,,,,,,,,,,,,,,,,,,,,,,,,,,,,,2025
605288,Adrian Houser,137,San Francisco Giants,,P,2026,,,,,,,,,,,,,,,,,,,,,,,,,,,,,,,,,,,,,,,,,,,,,,,,,2025
687209,Zach Maxwell,113,Cincinnati Reds,,P,2026,,,,,,,,,,,,,,,,,,,,,,,,,,,,,,,,,,,,,,,,,,,,,,,,,2025
676974,Max Meyer,146,Miami Marlins,,P,2026,,,,,,,,,,,,,,,,,,,,,,,,,,,,,,,,,,,,,,,,,,,,,,,,,2025
805999,A.J. Ewing,121,New York Mets,,CF,2026,126.0,109.0,28.0,4.0,1.0,2.0,14.0,0.0,39.0,0.0,1.0,2.0,40.0,9.0,0.0,.257,.339,.367,.706,.377,54.50,537.0,20.0,25.0,,,,,,,,,,,,,,,,,,,,,,,,,2025
656492,Foster Griffin,120,Washington Nationals,,P,2026,,,,,,,,,,,,,,,,,,,,,,,,,,,,,,,,,,,,,,,,,,,,,,,,,2025
689266,Dylan Dodd,144,Atlanta Braves,,P,2026,,,,,,,,,,,,,,,,,,,,,,,,,,,,,,,,,,,,,,,,,,,,,,,,,2025
687221,Dalton Rushing,119,Los Angeles Dodgers,,C,2026,139.0,122.0,32.0,6.0,0.0,8.0,13.0,0.0,36.0,4.0,0.0,0.0,62.0,21.0,2.0,.262,.353,.508,.861,.308,15.25,501.0,25.0,29.0,155.0,142.0,29.0,5.0,0.0,4.0,10.0,0.0,58.0,1.0,2.0,0.0,46.0,24.0,1.0,.204,.258,.324,.582,.305,35.50,600.0,22.0,35.0,2025
681082,Bryson Stott,143,Philadelphia Phillies,,2B,2026,251.0,229.0,53.0,13.0,3.0,6.0,18.0,0.0,43.0,1.0,1.0,2.0,90.0,35.0,5.0,.231,.289,.393,.682,.260,38.17,1007.0,61.0,75.0,560.0,499.0,128.0,22.0,3.0,13.0,54.0,1.0,91.0,1.0,4.0,2.0,195.0,66.0,4.0,.257,.328,.391,.719,.288,38.38,2466.0,116.0,170.0,2025
703607,Henry Bolte,133,Athletics,,CF,2026,105.0,92.0,30.0,5.0,0.0,1.0,7.0,0.0,29.0,5.0,1.0,0.0,38.0,7.0,1.0,.326,.400,.413,.813,.460,92.00,347.0,22.0,12.0,,,,,,,,,,,,,,,,,,,,,,,,,2025
695418,Brad Lord,120,Washington Nationals,,P,2026,0.0,0.0,0.0,0.0,0.0,0.0,0.0,0.0,0.0,0.0,0.0,0.0,0.0,0.0,0.0,.000,.000,.000,.000,.---,-.--,0.0,0.0,0.0,,,,,,,,,,,,,,,,,,,,,,,,,2025
664702,Myles Straw,141,Toronto Blue Jays,,CF,2026,126.0,112.0,27.0,4.0,0.0,2.0,11.0,0.0,20.0,0.0,1.0,2.0,37.0,9.0,1.0,.241,.306,.330,.636,.275,56.00,495.0,31.0,37.0,299.0,267.0,70.0,14.0,1.0,4.0,19.0,0.0,50.0,1.0,1.0,11.0,98.0,32.0,5.0,.262,.313,.367,.680,.308,66.75,1104.0,68.0,91.0,2025
668804,Bryan Reynolds,134,Pittsburgh Pirates,,LF,2026,315.0,259.0,70.0,16.0,2.0,8.0,49.0,2.0,67.0,5.0,2.0,0.0,114.0,42.0,4.0,.270,.394,.440,.834,.333,32.38,1248.0,70.0,54.0,654.0,587.0,144.0,38.0,3.0,16.0,57.0,1.0,173.0,7.0,3.0,0.0,236.0,73.0,15.0,.245,.318,.402,.720,.319,36.69,2631.0,155.0,118.0,2025
547973,Aroldis Chapman,111,Boston Red Sox,,P,2026,0.0,0.0,0.0,0.0,0.0,0.0,0.0,0.0,0.0,0.0,0.0,0.0,0.0,0.0,0.0,.000,.000,.000,.000,.---,-.--,0.0,0.0,0.0,0.0,0.0,0.0,0.0,0.0,0.0,0.0,0.0,0.0,0.0,0.0,0.0,0.0,0.0,0.0,.000,.000,.000,.000,.---,-.--,0.0,0.0,0.0,2025
543877,Christian Vázquez,117,Houston Astros,,C,2026,161.0,147.0,32.0,6.0,0.0,4.0,12.0,1.0,27.0,0.0,0.0,2.0,50.0,19.0,1.0,.218,.277,.340,.617,.241,36.75,630.0,44.0,46.0,214.0,190.0,36.0,7.0,0.0,3.0,18.0,0.0,35.0,4.0,2.0,0.0,52.0,14.0,3.0,.189,.271,.274,.545,.214,63.33,833.0,48.0,73.0,2025
683146,Brett Baty,121,New York Mets,,3B,2026,243.0,216.0,49.0,9.0,1.0,3.0,21.0,0.0,68.0,3.0,2.0,0.0,69.0,26.0,2.0,.227,.302,.319,.621,.313,72.00,987.0,50.0,51.0,432.0,393.0,100.0,13.0,2.0,18.0,33.0,0.0,108.0,2.0,3.0,0.0,171.0,50.0,6.0,.254,.313,.435,.748,.304,21.83,1753.0,117.0,71.0,2025
656529,Sam Hentges,137,San Francisco Giants,,P,2026,0.0,0.0,0.0,0.0,0.0,0.0,0.0,0.0,0.0,0.0,0.0,0.0,0.0,0.0,0.0,.000,.000,.000,.000,.---,-.--,0.0,0.0,0.0,,,,,,,,,,,,,,,,,,,,,,,,,2025
656537,Derek Hill,143,Philadelphia Phillies,,RF,2026,98.0,88.0,19.0,1.0,0.0,4.0,7.0,0.0,34.0,1.0,0.0,2.0,32.0,8.0,1.0,.216,.281,.364,.645,.300,22.00,379.0,20.0,17.0,149.0,134.0,29.0,6.0,0.0,3.0,9.0,0.0,48.0,3.0,0.0,3.0,44.0,11.0,3.0,.216,.281,.328,.609,.313,44.67,579.0,32.0,28.0,2025
642201,Eli White,144,Atlanta Braves,,LF,2026,87.0,80.0,19.0,4.0,1.0,3.0,5.0,0.0,14.0,1.0,1.0,0.0,34.0,14.0,1.0,.238,.287,.425,.712,.250,26.67,335.0,32.0,16.0,271.0,256.0,60.0,8.0,3.0,10.0,11.0,1.0,70.0,2.0,1.0,1.0,104.0,35.0,2.0,.234,.270,.406,.676,.282,25.60,1001.0,61.0,67.0,2025
642207,Devin Williams,121,New York Mets,,P,2026,0.0,0.0,0.0,0.0,0.0,0.0,0.0,0.0,0.0,0.0,0.0,0.0,0.0,0.0,0.0,.000,.000,.000,.000,.---,-.--,0.0,0.0,0.0,,,,,,,,,,,,,,,,,,,,,,,,,2025
687263,Zach Neto,108,Los Angeles Angels,,SS,2026,321.0,277.0,61.0,14.0,1.0,13.0,36.0,1.0,102.0,7.0,1.0,0.0,116.0,32.0,2.0,.220,.324,.419,.743,.294,21.31,1265.0,44.0,71.0,554.0,502.0,129.0,29.0,1.0,26.0,33.0,6.0,149.0,14.0,3.0,2.0,238.0,62.0,5.0,.257,.319,.474,.793,.312,19.31,2171.0,96.0,133.0,2025
656546,Jeff Hoffman,141,Toronto Blue Jays,,P,2026,,,,,,,,,,,,,,,,,,,,,,,,,0.0,0.0,0.0,0.0,0.0,0.0,0.0,0.0,0.0,0.0,0.0,0.0,0.0,0.0,0.0,.000,.000,.000,.000,.---,-.--,0.0,0.0,0.0,2025
650402,Gleyber Torres,116,Detroit Tigers,,2B,2026,190.0,157.0,44.0,6.0,0.0,4.0,29.0,1.0,33.0,2.0,2.0,0.0,62.0,18.0,2.0,.280,.395,.395,.790,.328,39.25,814.0,45.0,37.0,628.0,532.0,136.0,22.0,0.0,16.0,85.0,0.0,101.0,4.0,7.0,0.0,206.0,74.0,11.0,.256,.358,.387,.745,.284,33.25,2652.0,130.0,172.0,2025
656550,Grant Holmes,144,Atlanta Braves,,P,2026,,,,,,,,,,,,,,,,,,,,,,,,,,,,,,,,,,,,,,,,,,,,,,,,,2025
656555,Rhys Hoskins,114,Cleveland Guardians,,DH,2026,198.0,158.0,29.0,11.0,0.0,6.0,34.0,0.0,57.0,2.0,4.0,0.0,58.0,24.0,3.0,.184,.328,.367,.695,.232,26.33,843.0,28.0,48.0,328.0,279.0,66.0,12.0,1.0,12.0,38.0,2.0,91.0,5.0,6.0,0.0,116.0,43.0,6.0,.237,.332,.416,.748,.297,23.25,1429.0,41.0,87.0,2025
687282,Gabriel Rincones Jr.,143,Philadelphia Phillies,,RF,2026,10.0,10.0,1.0,0.0,0.0,1.0,0.0,0.0,3.0,0.0,0.0,0.0,4.0,2.0,0.0,.100,.100,.400,.500,.000,10.00,42.0,4.0,2.0,,,,,,,,,,,,,,,,,,,,,,,,,2025
806068,Colt Emerson,136,Seattle Mariners,,SS,2026,84.0,76.0,18.0,5.0,1.0,6.0,6.0,0.0,24.0,2.0,0.0,0.0,43.0,14.0,1.0,.237,.310,.566,.876,.261,12.67,361.0,17.0,17.0,,,,,,,,,,,,,,,,,,,,,,,,,2025
642232,Ryan Yarbrough,147,New York Yankees,,P,2026,,,,,,,,,,,,,,,,,,,,,,,,,,,,,,,,,,,,,,,,,,,,,,,,,2025
664761,Alec Bohm,143,Philadelphia Phillies,,3B,2026,274.0,250.0,56.0,9.0,0.0,9.0,18.0,0.0,39.0,2.0,4.0,0.0,92.0,38.0,6.0,.224,.277,.368,.645,.228,27.78,1004.0,86.0,73.0,504.0,464.0,133.0,18.0,3.0,11.0,29.0,0.0,82.0,5.0,6.0,0.0,190.0,59.0,16.0,.287,.331,.409,.740,.324,42.18,1801.0,140.0,115.0,2025
666808,Camilo Doval,147,New York Yankees,,P,2026,,,,,,,,,,,,,,,,,,,,,,,,,,,,,,,,,,,,,,,,,,,,,,,,,2025
693433,Bryan Woo,136,Seattle Mariners,,P,2026,,,,,,,,,,,,,,,,,,,,,,,,,,,,,,,,,,,,,,,,,,,,,,,,,2025
656577,Alex Jackson,142,Minnesota Twins,,C,2026,34.0,33.0,8.0,1.0,0.0,0.0,0.0,0.0,12.0,1.0,0.0,0.0,9.0,1.0,0.0,.242,.265,.273,.538,.381,-.--,120.0,5.0,8.0,100.0,91.0,20.0,8.0,0.0,5.0,5.0,0.0,37.0,4.0,0.0,0.0,43.0,8.0,2.0,.220,.290,.473,.763,.306,18.20,399.0,16.0,18.0,2025
672960,Kazuma Okamoto,141,Toronto Blue Jays,,3B,2026,289.0,256.0,60.0,9.0,0.0,15.0,28.0,0.0,94.0,3.0,2.0,0.0,114.0,42.0,5.0,.234,.315,.445,.760,.302,17.07,1228.0,44.0,60.0,,,,,,,,,,,,,,,,,,,,,,,,,2025
664770,Nathan Lukes,141,Toronto Blue Jays,,RF,2026,133.0,121.0,37.0,7.0,0.0,1.0,6.0,0.0,22.0,4.0,1.0,1.0,47.0,13.0,5.0,.306,.356,.388,.744,.364,121.00,533.0,37.0,27.0,438.0,388.0,99.0,19.0,2.0,12.0,38.0,2.0,60.0,2.0,3.0,7.0,158.0,65.0,12.0,.255,.323,.407,.730,.273,32.33,1662.0,125.0,114.0,2025
695490,Edwin Arroyo,113,Cincinnati Reds,,2B,2026,37.0,33.0,7.0,0.0,0.0,0.0,2.0,0.0,10.0,1.0,1.0,0.0,7.0,2.0,0.0,.212,.270,.212,.482,.292,-.--,148.0,6.0,11.0,,,,,,,,,,,,,,,,,,,,,,,,,2025
668873,Caleb Kilian,137,San Francisco Giants,,P,2026,,,,,,,,,,,,,,,,,,,,,,,,,,,,,,,,,,,,,,,,,,,,,,,,,2025
691406,Junior Caminero,139,Tampa Bay Rays,,3B,2026,304.0,262.0,72.0,12.0,0.0,15.0,41.0,3.0,52.0,0.0,1.0,0.0,129.0,32.0,12.0,.275,.372,.492,.864,.291,17.47,1186.0,86.0,53.0,653.0,602.0,159.0,28.0,0.0,45.0,41.0,1.0,125.0,3.0,7.0,0.0,322.0,110.0,31.0,.264,.311,.535,.846,.260,13.38,2494.0,169.0,156.0,2025
660688,Keibert Ruiz,120,Washington Nationals,,C,2026,153.0,146.0,41.0,14.0,0.0,6.0,4.0,0.0,19.0,1.0,2.0,0.0,73.0,29.0,5.0,.281,.301,.500,.801,.285,24.33,501.0,38.0,50.0,267.0,255.0,63.0,12.0,0.0,2.0,8.0,0.0,26.0,3.0,1.0,0.0,81.0,25.0,4.0,.247,.277,.318,.595,.268,127.50,888.0,93.0,74.0,2025
695505,Chase Burns,113,Cincinnati Reds,,P,2026,,,,,,,,,,,,,,,,,,,,,,,,,,,,,,,,,,,,,,,,,,,,,,,,,2025
695506,Jac Caglianone,118,Kansas City Royals,,1B,2026,251.0,225.0,61.0,12.0,1.0,8.0,22.0,0.0,76.0,4.0,0.0,0.0,99.0,20.0,2.0,.271,.347,.440,.787,.376,28.12,957.0,45.0,43.0,232.0,210.0,33.0,6.0,1.0,7.0,18.0,0.0,52.0,4.0,0.0,0.0,62.0,18.0,4.0,.157,.237,.295,.532,.172,30.00,858.0,67.0,58.0,2025
693459,Kyler Fedko,142,Minnesota Twins,,LF,2026,4.0,4.0,0.0,0.0,0.0,0.0,0.0,0.0,2.0,0.0,0.0,0.0,0.0,0.0,0.0,.000,.000,.000,.000,.000,-.--,15.0,1.0,1.0,,,,,,,,,,,,,,,,,,,,,,,,,2025
668885,Austin Martin,142,Minnesota Twins,,RF,2026,236.0,201.0,48.0,11.0,0.0,2.0,29.0,0.0,43.0,5.0,1.0,0.0,65.0,17.0,4.0,.239,.347,.323,.670,.293,100.50,943.0,53.0,58.0,181.0,156.0,44.0,8.0,1.0,1.0,22.0,0.0,31.0,1.0,0.0,2.0,57.0,7.0,6.0,.282,.374,.365,.739,.347,156.00,749.0,50.0,33.0,2025
605400,Aaron Nola,143,Philadelphia Phillies,,P,2026,,,,,,,,,,,,,,,,,,,,,,,,,,,,,,,,,,,,,,,,,,,,,,,,,2025
683227,Cody Freeman,140,Texas Rangers,,3B,2026,14.0,13.0,4.0,0.0,0.0,0.0,1.0,0.0,4.0,0.0,0.0,0.0,4.0,0.0,0.0,.308,.357,.308,.665,.444,-.--,61.0,3.0,2.0,121.0,114.0,26.0,4.0,0.0,3.0,5.0,0.0,19.0,0.0,1.0,1.0,39.0,15.0,3.0,.228,.258,.342,.600,.247,38.00,505.0,38.0,33.0,2025
656605,Mitch Keller,134,Pittsburgh Pirates,,P,2026,,,,,,,,,,,,,,,,,,,,,,,,,,,,,,,,,,,,,,,,,,,,,,,,,2025
607455,Anthony Banda,142,Minnesota Twins,,P,2026,,,,,,,,,,,,,,,,,,,,,,,,,0.0,0.0,0.0,0.0,0.0,0.0,0.0,0.0,0.0,0.0,0.0,0.0,0.0,0.0,0.0,.000,.000,.000,.000,.---,-.--,0.0,0.0,0.0,2025
687330,Kevin Kelly,139,Tampa Bay Rays,,P,2026,,,,,,,,,,,,,,,,,,,,,,,,,0.0,0.0,0.0,0.0,0.0,0.0,0.0,0.0,0.0,0.0,0.0,0.0,0.0,0.0,0.0,.000,.000,.000,.000,.---,-.--,0.0,0.0,0.0,2025
668901,Mark Vientos,121,New York Mets,,1B,2026,210.0,200.0,43.0,9.0,0.0,7.0,7.0,0.0,47.0,2.0,1.0,0.0,73.0,27.0,9.0,.215,.248,.365,.613,.245,28.57,733.0,52.0,59.0,463.0,424.0,99.0,21.0,2.0,17.0,30.0,0.0,115.0,5.0,4.0,0.0,175.0,61.0,11.0,.233,.289,.413,.702,.277,24.94,1764.0,113.0,101.0,2025
670950,Trevor Richards,145,Chicago White Sox,,P,2026,,,,,,,,,,,,,,,,,,,,,,,,,0.0,0.0,0.0,0.0,0.0,0.0,0.0,0.0,0.0,0.0,0.0,0.0,0.0,0.0,0.0,.000,.000,.000,.000,.---,-.--,0.0,0.0,0.0,2025
660710,Rodolfo Durán,135,San Diego Padres,,C,2026,45.0,37.0,6.0,2.0,0.0,3.0,7.0,0.0,10.0,1.0,0.0,0.0,17.0,6.0,0.0,.162,.311,.459,.770,.125,12.33,170.0,10.0,11.0,,,,,,,,,,,,,,,,,,,,,,,,,2025
681190,Randy Vásquez,135,San Diego Padres,,P,2026,,,,,,,,,,,,,,,,,,,,,,,,,,,,,,,,,,,,,,,,,,,,,,,,,2025
699625,Jimmy Crooks,138,St. Louis Cardinals,,DH,2026,32.0,29.0,6.0,2.0,0.0,1.0,3.0,0.0,8.0,0.0,0.0,0.0,11.0,6.0,1.0,.207,.281,.379,.660,.250,29.00,128.0,6.0,9.0,46.0,45.0,6.0,0.0,1.0,1.0,0.0,0.0,17.0,1.0,0.0,0.0,11.0,1.0,1.0,.133,.152,.244,.396,.185,45.00,199.0,8.0,14.0,2025
668904,Royce Lewis,142,Minnesota Twins,,1B,2026,157.0,137.0,28.0,5.0,0.0,6.0,16.0,0.0,43.0,2.0,2.0,0.0,51.0,18.0,2.0,.204,.293,.372,.665,.244,22.83,626.0,29.0,39.0,403.0,376.0,89.0,18.0,0.0,13.0,25.0,0.0,80.0,0.0,2.0,0.0,146.0,52.0,7.0,.237,.283,.388,.671,.267,28.92,1517.0,76.0,133.0,2025
701675,Nathan Church,138,St. Louis Cardinals,,CF,2026,182.0,170.0,44.0,8.0,0.0,5.0,8.0,0.0,42.0,2.0,2.0,0.0,67.0,19.0,3.0,.259,.297,.394,.691,.312,34.00,693.0,43.0,43.0,65.0,56.0,10.0,1.0,0.0,1.0,3.0,0.0,18.0,3.0,1.0,2.0,14.0,8.0,0.0,.179,.254,.250,.504,.237,56.00,257.0,20.0,11.0,2025
668909,Gavin Williams,114,Cleveland Guardians,,P,2026,,,,,,,,,,,,,,,,,,,,,,,,,,,,,,,,,,,,,,,,,,,,,,,,,2025
695534,Chase Petty,113,Cincinnati Reds,,P,2026,,,,,,,,,,,,,,,,,,,,,,,,,,,,,,,,,,,,,,,,,,,,,,,,,2025
701678,Hao-Yu  Lee,116,Detroit Tigers,,2B,2026,93.0,89.0,20.0,3.0,1.0,2.0,4.0,0.0,25.0,0.0,0.0,0.0,31.0,9.0,1.0,.225,.258,.348,.606,.290,44.50,329.0,16.0,28.0,,,,,,,,,,,,,,,,,,,,,,,,,2025
681198,TJ Rumfield,115,Colorado Rockies,,1B,2026,282.0,248.0,68.0,14.0,2.0,9.0,27.0,0.0,41.0,5.0,2.0,0.0,113.0,34.0,1.0,.274,.355,.456,.811,.295,27.56,1053.0,73.0,68.0,,,,,,,,,,,,,,,,,,,,,,,,,2025
650489,Willi Castro,115,Colorado Rockies,,3B,2026,240.0,214.0,60.0,11.0,0.0,5.0,22.0,0.0,60.0,3.0,1.0,0.0,86.0,29.0,2.0,.280,.354,.402,.756,.367,42.80,978.0,41.0,54.0,454.0,402.0,91.0,17.0,3.0,11.0,40.0,1.0,111.0,11.0,0.0,1.0,147.0,33.0,12.0,.226,.313,.366,.679,.286,36.54,1735.0,93.0,108.0,2025
670970,Adrian Morejon,135,San Diego Padres,,P,2026,,,,,,,,,,,,,,,,,,,,,,,,,,,,,,,,,,,,,,,,,,,,,,,,,2025
650490,Yandy Díaz,139,Tampa Bay Rays,,DH,2026,291.0,255.0,80.0,11.0,1.0,12.0,27.0,3.0,36.0,7.0,2.0,0.0,129.0,46.0,9.0,.314,.392,.506,.898,.325,21.25,1054.0,79.0,62.0,651.0,583.0,175.0,29.0,1.0,25.0,57.0,4.0,92.0,6.0,5.0,0.0,281.0,83.0,12.0,.300,.366,.482,.848,.318,23.32,2525.0,193.0,128.0,2025
656638,Alex Lange,118,Kansas City Royals,,P,2026,0.0,0.0,0.0,0.0,0.0,0.0,0.0,0.0,0.0,0.0,0.0,0.0,0.0,0.0,0.0,.000,.000,.000,.000,.---,-.--,0.0,0.0,0.0,,,,,,,,,,,,,,,,,,,,,,,,,2025
656641,Jacob Latz,140,Texas Rangers,,P,2026,0.0,0.0,0.0,0.0,0.0,0.0,0.0,0.0,0.0,0.0,0.0,0.0,0.0,0.0,0.0,.000,.000,.000,.000,.---,-.--,0.0,0.0,0.0,,,,,,,,,,,,,,,,,,,,,,,,,2025
668930,Brice Turang,158,Milwaukee Brewers,,2B,2026,297.0,246.0,65.0,14.0,2.0,10.0,47.0,3.0,73.0,0.0,2.0,2.0,113.0,42.0,6.0,.264,.380,.459,.839,.333,24.60,1256.0,66.0,46.0,659.0,584.0,168.0,28.0,2.0,18.0,66.0,1.0,150.0,2.0,5.0,2.0,254.0,81.0,3.0,.288,.359,.435,.794,.356,32.44,2772.0,132.0,141.0,2025
691458,Blaze Jordan,138,St. Louis Cardinals,,3B,2026,16.0,16.0,6.0,1.0,1.0,1.0,0.0,0.0,2.0,0.0,0.0,0.0,12.0,5.0,1.0,.375,.375,.750,1.125,.385,16.00,61.0,7.0,1.0,,,,,,,,,,,,,,,,,,,,,,,,,2025
681217,Chase Silseth,108,Los Angeles Angels,,P,2026,,,,,,,,,,,,,,,,,,,,,,,,,,,,,,,,,,,,,,,,,,,,,,,,,2025
689414,Liam Hicks,146,Miami Marlins,,C,2026,276.0,238.0,66.0,7.0,1.0,13.0,28.0,1.0,25.0,5.0,5.0,0.0,114.0,51.0,2.0,.277,.359,.479,.838,.259,18.31,992.0,70.0,82.0,390.0,332.0,82.0,13.0,1.0,6.0,43.0,0.0,56.0,9.0,3.0,3.0,115.0,45.0,5.0,.247,.346,.346,.692,.278,55.33,1537.0,101.0,99.0,2025
605452,Joe Ross,140,Texas Rangers,,P,2026,,,,,,,,,,,,,,,,,,,,,,,,,,,,,,,,,,,,,,,,,,,,,,,,,2025
668939,Adley Rutschman,110,Baltimore Orioles,,C,2026,216.0,189.0,50.0,15.0,1.0,8.0,23.0,0.0,31.0,1.0,3.0,0.0,91.0,40.0,5.0,.265,.343,.481,.824,.275,23.62,890.0,49.0,62.0,365.0,322.0,71.0,16.0,2.0,9.0,40.0,0.0,57.0,1.0,2.0,0.0,118.0,29.0,8.0,.220,.307,.366,.673,.240,35.78,1491.0,93.0,103.0,2025
668941,JoJo Romero,138,St. Louis Cardinals,,P,2026,,,,,,,,,,,,,,,,,,,,,,,,,,,,,,,,,,,,,,,,,,,,,,,,,2025
670990,Yohan Ramírez,134,Pittsburgh Pirates,,P,2026,,,,,,,,,,,,,,,,,,,,,,,,,,,,,,,,,,,,,,,,,,,,,,,,,2025
687377,Orlando Ribalta,120,Washington Nationals,,P,2026,0.0,0.0,0.0,0.0,0.0,0.0,0.0,0.0,0.0,0.0,0.0,0.0,0.0,0.0,0.0,.000,.000,.000,.000,.---,-.--,0.0,0.0,0.0,,,,,,,,,,,,,,,,,,,,,,,,,2025
615698,Cal Quantrill,140,Texas Rangers,,P,2026,,,,,,,,,,,,,,,,,,,,,,,,,,,,,,,,,,,,,,,,,,,,,,,,,2025
664854,Ryan Helsley,110,Baltimore Orioles,,P,2026,,,,,,,,,,,,,,,,,,,,,,,,,0.0,0.0,0.0,0.0,0.0,0.0,0.0,0.0,0.0,0.0,0.0,0.0,0.0,0.0,0.0,.000,.000,.000,.000,.---,-.--,0.0,0.0,0.0,2025
660761,José Suarez,133,Athletics,,P,2026,,,,,,,,,,,,,,,,,,,,,,,,,,,,,,,,,,,,,,,,,,,,,,,,,2025
668952,Ryan Kreidler,142,Minnesota Twins,,CF,2026,77.0,67.0,16.0,3.0,1.0,3.0,9.0,0.0,17.0,1.0,0.0,0.0,30.0,12.0,3.0,.239,.338,.448,.786,.277,22.33,288.0,18.0,16.0,44.0,38.0,4.0,0.0,0.0,0.0,4.0,0.0,19.0,0.0,0.0,2.0,4.0,0.0,0.0,.105,.190,.105,.295,.211,-.--,179.0,9.0,8.0,2025
687396,Brent Headrick,147,New York Yankees,,P,2026,,,,,,,,,,,,,,,,,,,,,,,,,,,,,,,,,,,,,,,,,,,,,,,,,2025
695578,James Wood,120,Washington Nationals,,RF,2026,343.0,279.0,79.0,17.0,0.0,20.0,59.0,7.0,100.0,4.0,1.0,0.0,156.0,48.0,1.0,.283,.414,.559,.973,.369,13.95,1457.0,50.0,51.0,689.0,598.0,153.0,38.0,0.0,31.0,85.0,8.0,221.0,3.0,3.0,0.0,284.0,94.0,12.0,.256,.350,.475,.825,.350,19.29,2887.0,143.0,84.0,2025
668964,Tobias Myers,121,New York Mets,,P,2026,,,,,,,,,,,,,,,,,,,,,,,,,,,,,,,,,,,,,,,,,,,,,,,,,2025
664875,Justin Lawrence,142,Minnesota Twins,,P,2026,,,,,,,,,,,,,,,,,,,,,,,,,,,,,,,,,,,,,,,,,,,,,,,,,2025
668970,Gavin Hollowell,112,Chicago Cubs,,P,2026,,,,,,,,,,,,,,,,,,,,,,,,,,,,,,,,,,,,,,,,,,,,,,,,,2025
687401,Joey Ortiz,158,Milwaukee Brewers,,SS,2026,170.0,145.0,30.0,5.0,0.0,1.0,20.0,0.0,27.0,0.0,2.0,3.0,38.0,14.0,3.0,.207,.299,.262,.561,.244,145.00,659.0,50.0,43.0,506.0,470.0,108.0,18.0,1.0,7.0,27.0,0.0,74.0,3.0,0.0,6.0,149.0,45.0,10.0,.230,.276,.317,.593,.260,67.14,1873.0,132.0,162.0,2025
806188,Cade Gibson,146,Miami Marlins,,P,2026,0.0,0.0,0.0,0.0,0.0,0.0,0.0,0.0,0.0,0.0,0.0,0.0,0.0,0.0,0.0,.000,.000,.000,.000,.---,-.--,0.0,0.0,0.0,,,,,,,,,,,,,,,,,,,,,,,,,2025
800048,Parker Messick,114,Cleveland Guardians,,P,2026,,,,,,,,,,,,,,,,,,,,,,,,,,,,,,,,,,,,,,,,,,,,,,,,,2025
642350,Jose Siri,108,Los Angeles Angels,,LF,2026,54.0,46.0,15.0,3.0,0.0,3.0,5.0,0.0,14.0,1.0,0.0,2.0,27.0,12.0,2.0,.326,.404,.587,.991,.414,15.33,203.0,8.0,11.0,36.0,32.0,2.0,2.0,0.0,0.0,4.0,0.0,17.0,0.0,0.0,0.0,4.0,1.0,0.0,.063,.167,.125,.292,.133,-.--,162.0,3.0,10.0,2025
695600,Carter Jensen,118,Kansas City Royals,,C,2026,250.0,222.0,49.0,13.0,0.0,8.0,22.0,1.0,72.0,1.0,5.0,0.0,86.0,36.0,3.0,.221,.288,.387,.675,.279,27.75,1020.0,35.0,71.0,69.0,60.0,18.0,6.0,0.0,3.0,9.0,0.0,12.0,0.0,0.0,0.0,33.0,13.0,1.0,.300,.391,.550,.941,.333,20.00,293.0,17.0,13.0,2025
800050,Chase DeLauter,114,Cleveland Guardians,,RF,2026,270.0,240.0,63.0,12.0,1.0,7.0,28.0,0.0,36.0,0.0,2.0,0.0,98.0,34.0,6.0,.263,.337,.408,.745,.281,34.29,1034.0,61.0,82.0,,,,,,,,,,,,,,,,,,,,,,,,,2025
605488,Jeffrey Springs,133,Athletics,,P,2026,,,,,,,,,,,,,,,,,,,,,,,,,,,,,,,,,,,,,,,,,,,,,,,,,2025
607536,Kyle Freeland,115,Colorado Rockies,,P,2026,0.0,0.0,0.0,0.0,0.0,0.0,0.0,0.0,0.0,0.0,0.0,0.0,0.0,0.0,0.0,.000,.000,.000,.000,.---,-.--,0.0,0.0,0.0,,,,,,,,,,,,,,,,,,,,,,,,,2025
806198,Cooper Pratt,158,Milwaukee Brewers,,SS,2026,1.0,1.0,0.0,0.0,0.0,0.0,0.0,0.0,0.0,0.0,0.0,0.0,0.0,0.0,0.0,.000,.000,.000,.000,.000,-.--,2.0,1.0,0.0,,,,,,,,,,,,,,,,,,,,,,,,,2025
668984,Casey Legumina,139,Tampa Bay Rays,,P,2026,,,,,,,,,,,,,,,,,,,,,,,,,0.0,0.0,0.0,0.0,0.0,0.0,0.0,0.0,0.0,0.0,0.0,0.0,0.0,0.0,0.0,.000,.000,.000,.000,.---,-.--,0.0,0.0,0.0,2025
695611,Gage Jump,133,Athletics,,P,2026,,,,,,,,,,,,,,,,,,,,,,,,,,,,,,,,,,,,,,,,,,,,,,,,,2025
650556,Bryan Abreu,117,Houston Astros,,P,2026,,,,,,,,,,,,,,,,,,,,,,,,,0.0,0.0,0.0,0.0,0.0,0.0,0.0,0.0,0.0,0.0,0.0,0.0,0.0,0.0,0.0,.000,.000,.000,.000,.---,-.--,0.0,0.0,0.0,2025
701762,Nick Kurtz,133,Athletics,,1B,2026,325.0,256.0,75.0,13.0,1.0,18.0,67.0,9.0,91.0,2.0,0.0,0.0,144.0,57.0,4.0,.293,.443,.563,1.006,.388,14.22,1388.0,44.0,46.0,489.0,420.0,122.0,26.0,2.0,36.0,63.0,3.0,151.0,2.0,3.0,0.0,260.0,86.0,4.0,.290,.383,.619,1.002,.364,11.67,1954.0,73.0,77.0,2025
669003,Garrett Mitchell,158,Milwaukee Brewers,,CF,2026,220.0,188.0,47.0,14.0,2.0,4.0,28.0,1.0,77.0,2.0,1.0,1.0,77.0,33.0,2.0,.250,.352,.410,.762,.398,47.00,899.0,42.0,24.0,78.0,68.0,14.0,4.0,1.0,0.0,7.0,0.0,25.0,1.0,1.0,1.0,20.0,3.0,0.0,.206,.286,.294,.580,.318,-.--,303.0,17.0,14.0,2025
669004,MJ Melendez,121,New York Mets,,LF,2026,127.0,106.0,21.0,5.0,1.0,4.0,14.0,0.0,43.0,5.0,1.0,1.0,40.0,11.0,0.0,.198,.317,.377,.694,.283,26.50,531.0,10.0,34.0,65.0,60.0,5.0,2.0,0.0,1.0,3.0,0.0,23.0,2.0,0.0,0.0,10.0,1.0,0.0,.083,.154,.167,.321,.111,60.00,255.0,11.0,21.0,2025
656716,Zach McKinstry,116,Detroit Tigers,,SS,2026,162.0,140.0,24.0,3.0,1.0,2.0,18.0,1.0,30.0,0.0,2.0,2.0,35.0,10.0,2.0,.171,.263,.250,.513,.200,70.00,637.0,43.0,47.0,511.0,452.0,117.0,23.0,11.0,12.0,46.0,1.0,111.0,7.0,5.0,1.0,198.0,49.0,6.0,.259,.333,.438,.771,.314,37.67,2035.0,116.0,114.0,2025
681293,Spencer Arrighetti,117,Houston Astros,,P,2026,,,,,,,,,,,,,,,,,,,,,,,,,,,,,,,,,,,,,,,,,,,,,,,,,2025
671056,Iván Herrera,138,St. Louis Cardinals,,C,2026,319.0,259.0,68.0,13.0,1.0,9.0,42.0,4.0,50.0,16.0,2.0,0.0,110.0,31.0,8.0,.263,.395,.425,.820,.292,28.78,1220.0,86.0,57.0,452.0,388.0,110.0,13.0,0.0,19.0,43.0,1.0,84.0,15.0,4.0,0.0,180.0,66.0,20.0,.284,.373,.464,.837,.315,20.42,1809.0,115.0,83.0,2025
681297,Colton Cowser,110,Baltimore Orioles,,CF,2026,171.0,148.0,33.0,3.0,0.0,7.0,19.0,0.0,49.0,1.0,2.0,1.0,57.0,23.0,1.0,.223,.312,.385,.697,.277,21.14,738.0,30.0,39.0,360.0,327.0,64.0,14.0,0.0,16.0,27.0,1.0,128.0,6.0,0.0,0.0,126.0,40.0,5.0,.196,.269,.385,.654,.262,20.44,1486.0,71.0,64.0,2025
660821,Jesús Sánchez,141,Toronto Blue Jays,,RF,2026,212.0,195.0,56.0,13.0,0.0,7.0,9.0,1.0,45.0,4.0,4.0,0.0,90.0,29.0,4.0,.287,.325,.462,.787,.333,27.86,794.0,49.0,49.0,497.0,451.0,107.0,21.0,4.0,14.0,42.0,1.0,110.0,2.0,2.0,0.0,178.0,48.0,10.0,.237,.304,.395,.699,.283,32.21,1936.0,121.0,115.0,2025
669016,Brandon Marsh,143,Philadelphia Phillies,,LF,2026,261.0,243.0,79.0,13.0,2.0,9.0,13.0,1.0,62.0,2.0,3.0,0.0,123.0,34.0,2.0,.325,.360,.506,.866,.400,27.00,946.0,46.0,59.0,425.0,379.0,106.0,25.0,2.0,11.0,38.0,1.0,110.0,0.0,4.0,3.0,168.0,43.0,2.0,.280,.342,.443,.785,.363,34.46,1657.0,82.0,88.0,2025
660825,Eduard Bazardo,136,Seattle Mariners,,P,2026,,,,,,,,,,,,,,,,,,,,,,,,,,,,,,,,,,,,,,,,,,,,,,,,,2025
656730,Trevor Megill,158,Milwaukee Brewers,,P,2026,0.0,0.0,0.0,0.0,0.0,0.0,0.0,0.0,0.0,0.0,0.0,0.0,0.0,0.0,0.0,.000,.000,.000,.000,.---,-.--,0.0,0.0,0.0,,,,,,,,,,,,,,,,,,,,,,,,,2025
669020,Ryan Rolison,112,Chicago Cubs,,P,2026,0.0,0.0,0.0,0.0,0.0,0.0,0.0,0.0,0.0,0.0,0.0,0.0,0.0,0.0,0.0,.000,.000,.000,.000,.---,-.--,0.0,0.0,0.0,,,,,,,,,,,,,,,,,,,,,,,,,2025
802139,JJ Wetherholt,138,St. Louis Cardinals,,2B,2026,301.0,256.0,65.0,7.0,0.0,10.0,33.0,2.0,50.0,10.0,2.0,0.0,102.0,31.0,1.0,.254,.359,.398,.757,.278,25.60,1213.0,62.0,81.0,,,,,,,,,,,,,,,,,,,,,,,,,2025
669022,MacKenzie Gore,140,Texas Rangers,,P,2026,,,,,,,,,,,,,,,,,,,,,,,,,,,,,,,,,,,,,,,,,,,,,,,,,2025
683357,Owen Caissie,146,Miami Marlins,,RF,2026,193.0,172.0,36.0,10.0,0.0,6.0,14.0,0.0,79.0,2.0,5.0,0.0,64.0,35.0,2.0,.209,.269,.372,.641,.326,28.67,814.0,25.0,37.0,27.0,26.0,5.0,1.0,0.0,1.0,1.0,0.0,11.0,0.0,0.0,0.0,9.0,4.0,0.0,.192,.222,.346,.568,.286,26.00,103.0,4.0,6.0,2025
666971,Lourdes Gurriel Jr.,109,Arizona Diamondbacks,,LF,2026,106.0,96.0,22.0,4.0,0.0,1.0,8.0,0.0,19.0,0.0,2.0,0.0,29.0,12.0,0.0,.229,.283,.302,.585,.269,96.00,389.0,25.0,32.0,546.0,500.0,124.0,24.0,2.0,19.0,31.0,0.0,76.0,6.0,9.0,0.0,209.0,80.0,11.0,.248,.295,.418,.713,.254,26.32,1994.0,121.0,188.0,2025
642397,Gregory Soto,134,Pittsburgh Pirates,,P,2026,,,,,,,,,,,,,,,,,,,,,,,,,,,,,,,,,,,,,,,,,,,,,,,,,2025
666974,Yennier Cano,110,Baltimore Orioles,,P,2026,,,,,,,,,,,,,,,,,,,,,,,,,0.0,0.0,0.0,0.0,0.0,0.0,0.0,0.0,0.0,0.0,0.0,0.0,0.0,0.0,0.0,.000,.000,.000,.000,.---,-.--,0.0,0.0,0.0,2025
687462,Spencer Horwitz,134,Pittsburgh Pirates,,1B,2026,264.0,221.0,62.0,9.0,1.0,9.0,35.0,0.0,37.0,4.0,4.0,0.0,100.0,31.0,8.0,.281,.383,.452,.835,.296,24.56,1072.0,57.0,69.0,411.0,364.0,99.0,26.0,0.0,11.0,44.0,1.0,73.0,2.0,1.0,0.0,158.0,51.0,7.0,.272,.353,.434,.787,.313,33.09,1698.0,85.0,108.0,2025
695657,Colson Montgomery,145,Chicago White Sox,,SS,2026,284.0,249.0,55.0,13.0,0.0,17.0,26.0,3.0,87.0,9.0,0.0,0.0,119.0,40.0,4.0,.221,.317,.478,.795,.262,14.65,1058.0,44.0,63.0,284.0,255.0,61.0,9.0,1.0,21.0,25.0,1.0,83.0,2.0,1.0,0.0,135.0,55.0,3.0,.239,.311,.529,.840,.263,12.14,1082.0,50.0,62.0,2025
671083,Buddy Kennedy,137,San Francisco Giants,,1B,2026,8.0,7.0,0.0,0.0,0.0,0.0,1.0,0.0,3.0,0.0,0.0,0.0,0.0,0.0,0.0,.000,.125,.000,.125,.000,-.--,45.0,0.0,4.0,32.0,29.0,2.0,1.0,0.0,0.0,2.0,0.0,8.0,1.0,0.0,0.0,3.0,1.0,0.0,.069,.156,.103,.259,.095,-.--,127.0,7.0,12.0,2025
701807,Carson Benge,121,New York Mets,,RF,2026,276.0,253.0,64.0,9.0,1.0,7.0,19.0,0.0,60.0,4.0,0.0,0.0,96.0,26.0,2.0,.253,.315,.379,.694,.306,36.14,1145.0,62.0,67.0,,,,,,,,,,,,,,,,,,,,,,,,,2025
687473,Ryan Gusto,146,Miami Marlins,,P,2026,,,,,,,,,,,,,,,,,,,,,,,,,,,,,,,,,,,,,,,,,,,,,,,,,2025
689520,Cody Laweryson,142,Minnesota Twins,,P,2026,,,,,,,,,,,,,,,,,,,,,,,,,,,,,,,,,,,,,,,,,,,,,,,,,2025
660853,Enyel De Los Santos,117,Houston Astros,,P,2026,,,,,,,,,,,,,,,,,,,,,,,,,0.0,0.0,0.0,0.0,0.0,0.0,0.0,0.0,0.0,0.0,0.0,0.0,0.0,0.0,0.0,.000,.000,.000,.000,.---,-.--,0.0,0.0,0.0,2025
681347,Mike Burrows,117,Houston Astros,,P,2026,,,,,,,,,,,,,,,,,,,,,,,,,,,,,,,,,,,,,,,,,,,,,,,,,2025
671096,Andrew Abbott,113,Cincinnati Reds,,P,2026,,,,,,,,,,,,,,,,,,,,,,,,,,,,,,,,,,,,,,,,,,,,,,,,,2025
664954,Brett Sullivan,115,Colorado Rockies,,C,2026,106.0,98.0,22.0,6.0,0.0,4.0,4.0,0.0,22.0,1.0,2.0,1.0,40.0,13.0,3.0,.224,.257,.408,.665,.243,24.50,382.0,26.0,31.0,9.0,6.0,1.0,0.0,0.0,0.0,1.0,0.0,3.0,1.0,1.0,0.0,1.0,2.0,0.0,.167,.333,.167,.500,.250,-.--,36.0,0.0,3.0,2025
669062,Erik Miller,137,San Francisco Giants,,P,2026,,,,,,,,,,,,,,,,,,,,,,,,,,,,,,,,,,,,,,,,,,,,,,,,,2025
681351,Logan O'Hoppe,108,Los Angeles Angels,,C,2026,167.0,149.0,33.0,7.0,0.0,3.0,13.0,0.0,39.0,3.0,1.0,1.0,49.0,17.0,3.0,.221,.295,.329,.624,.278,49.67,634.0,29.0,50.0,451.0,423.0,90.0,8.0,1.0,19.0,24.0,0.0,139.0,2.0,1.0,1.0,157.0,43.0,12.0,.213,.258,.371,.629,.267,22.26,1758.0,89.0,107.0,2025
656775,Cedric Mullins,139,Tampa Bay Rays,,CF,2026,241.0,207.0,41.0,4.0,1.0,6.0,22.0,0.0,44.0,5.0,1.0,4.0,65.0,21.0,2.0,.198,.289,.314,.603,.222,34.50,948.0,29.0,98.0,498.0,435.0,94.0,23.0,1.0,17.0,50.0,0.0,120.0,4.0,6.0,3.0,170.0,59.0,2.0,.216,.299,.391,.690,.253,25.59,2112.0,79.0,151.0,2025
669065,Kyle Stowers,146,Miami Marlins,,LF,2026,210.0,185.0,39.0,11.0,1.0,5.0,19.0,1.0,64.0,4.0,1.0,1.0,67.0,22.0,6.0,.211,.297,.362,.659,.291,37.00,797.0,40.0,44.0,457.0,399.0,115.0,21.0,3.0,25.0,48.0,3.0,125.0,5.0,4.0,1.0,217.0,73.0,6.0,.288,.368,.544,.912,.356,15.96,1712.0,79.0,85.0,2025
691594,Javier Sanoja,146,Miami Marlins,,3B,2026,172.0,160.0,40.0,11.0,0.0,2.0,11.0,0.0,19.0,0.0,0.0,1.0,57.0,24.0,2.0,.250,.298,.356,.654,.273,80.00,582.0,51.0,51.0,342.0,313.0,76.0,22.0,4.0,6.0,19.0,0.0,41.0,2.0,4.0,4.0,124.0,38.0,2.0,.243,.287,.396,.683,.259,52.17,1218.0,97.0,107.0,2025
689546,Nick Davila,136,Seattle Mariners,,P,2026,,,,,,,,,,,,,,,,,,,,,,,,,,,,,,,,,,,,,,,,,,,,,,,,,2025
650633,Michael King,135,San Diego Padres,,P,2026,,,,,,,,,,,,,,,,,,,,,,,,,,,,,,,,,,,,,,,,,,,,,,,,,2025
693645,Cam Schlittler,147,New York Yankees,,P,2026,,,,,,,,,,,,,,,,,,,,,,,,,,,,,,,,,,,,,,,,,,,,,,,,,2025
595345,Steven Okert,117,Houston Astros,,P,2026,,,,,,,,,,,,,,,,,,,,,,,,,,,,,,,,,,,,,,,,,,,,,,,,,2025
656794,Sean Newcomb,145,Chicago White Sox,,P,2026,,,,,,,,,,,,,,,,,,,,,,,,,,,,,,,,,,,,,,,,,,,,,,,,,2025
544150,Albert Suárez,110,Baltimore Orioles,,P,2026,,,,,,,,,,,,,,,,,,,,,,,,,,,,,,,,,,,,,,,,,,,,,,,,,2025
664983,Jake McCarthy,115,Colorado Rockies,,RF,2026,198.0,179.0,50.0,11.0,3.0,4.0,12.0,0.0,39.0,1.0,3.0,3.0,79.0,27.0,3.0,.279,.323,.441,.764,.331,44.75,700.0,46.0,50.0,222.0,206.0,42.0,7.0,5.0,4.0,10.0,0.0,40.0,2.0,1.0,3.0,71.0,20.0,2.0,.204,.247,.345,.592,.233,51.50,846.0,83.0,45.0,2025
687515,Colby Thomas,133,Athletics,,RF,2026,63.0,58.0,14.0,2.0,0.0,2.0,4.0,0.0,17.0,0.0,0.0,1.0,22.0,6.0,0.0,.241,.290,.379,.669,.308,29.00,244.0,9.0,19.0,132.0,120.0,27.0,5.0,0.0,6.0,7.0,0.0,49.0,1.0,3.0,1.0,50.0,19.0,3.0,.225,.267,.417,.684,.309,20.00,481.0,21.0,27.0,2025
664991,Grant Wolfram,110,Baltimore Orioles,,P,2026,,,,,,,,,,,,,,,,,,,,,,,,,,,,,,,,,,,,,,,,,,,,,,,,,2025
669087,Sam Huff,110,Baltimore Orioles,,C,2026,18.0,18.0,4.0,2.0,0.0,0.0,0.0,0.0,8.0,0.0,0.0,0.0,6.0,1.0,0.0,.222,.222,.333,.555,.400,-.--,67.0,1.0,5.0,58.0,53.0,11.0,1.0,0.0,2.0,4.0,0.0,25.0,0.0,1.0,0.0,18.0,4.0,2.0,.208,.259,.340,.599,.333,26.50,232.0,12.0,6.0,2025
656811,Ryan O'Hearn,134,Pittsburgh Pirates,,DH,2026,235.0,211.0,58.0,6.0,0.0,10.0,20.0,1.0,53.0,2.0,2.0,0.0,94.0,35.0,11.0,.275,.340,.445,.785,.320,21.10,954.0,55.0,47.0,544.0,474.0,133.0,21.0,1.0,17.0,58.0,4.0,109.0,8.0,4.0,0.0,207.0,63.0,11.0,.281,.366,.437,.803,.330,27.88,2173.0,117.0,119.0,2025
699823,Tyler Davis,145,Chicago White Sox,,P,2026,,,,,,,,,,,,,,,,,,,,,,,,,,,,,,,,,,,,,,,,,,,,,,,,,2025
681393,Connor Norby,146,Miami Marlins,,1B,2026,219.0,186.0,39.0,12.0,0.0,4.0,24.0,0.0,64.0,8.0,1.0,0.0,63.0,16.0,4.0,.210,.324,.339,.663,.294,46.50,839.0,32.0,52.0,337.0,311.0,78.0,17.0,1.0,8.0,18.0,0.0,90.0,5.0,3.0,0.0,121.0,34.0,3.0,.251,.300,.389,.689,.324,38.88,1245.0,68.0,78.0,2025
695731,Braden Montgomery,145,Chicago White Sox,,RF,2026,21.0,20.0,5.0,2.0,0.0,1.0,1.0,0.0,6.0,0.0,0.0,0.0,10.0,4.0,0.0,.250,.286,.500,.786,.308,20.00,75.0,6.0,3.0,,,,,,,,,,,,,,,,,,,,,,,,,2025
695734,Daylen Lile,120,Washington Nationals,,DH,2026,318.0,287.0,75.0,16.0,3.0,8.0,24.0,1.0,54.0,3.0,4.0,0.0,121.0,37.0,3.0,.261,.321,.422,.743,.293,35.88,1101.0,69.0,93.0,351.0,321.0,96.0,15.0,11.0,9.0,21.0,0.0,56.0,4.0,3.0,1.0,160.0,41.0,5.0,.299,.347,.498,.845,.336,35.67,1306.0,73.0,100.0,2025
693686,Spencer Miles,141,Toronto Blue Jays,,P,2026,,,,,,,,,,,,,,,,,,,,,,,,,,,,,,,,,,,,,,,,,,,,,,,,,2025
681402,Gus Varland,120,Washington Nationals,,P,2026,0.0,0.0,0.0,0.0,0.0,0.0,0.0,0.0,0.0,0.0,0.0,0.0,0.0,0.0,0.0,.000,.000,.000,.000,.---,-.--,0.0,0.0,0.0,,,,,,,,,,,,,,,,,,,,,,,,,2025
665019,Kody Clemens,142,Minnesota Twins,,RF,2026,234.0,212.0,52.0,14.0,2.0,10.0,15.0,0.0,51.0,5.0,0.0,2.0,100.0,25.0,3.0,.245,.310,.472,.782,.278,21.20,905.0,50.0,61.0,386.0,348.0,74.0,12.0,4.0,19.0,29.0,1.0,93.0,5.0,2.0,2.0,151.0,52.0,4.0,.213,.281,.434,.715,.231,18.32,1529.0,73.0,112.0,2025
554430,Zack Wheeler,143,Philadelphia Phillies,,P,2026,,,,,,,,,,,,,,,,,,,,,,,,,,,,,,,,,,,,,,,,,,,,,,,,,2025
687551,Drew Gilbert,137,San Francisco Giants,,CF,2026,158.0,140.0,32.0,7.0,2.0,3.0,14.0,1.0,31.0,2.0,0.0,2.0,52.0,14.0,3.0,.229,.308,.371,.679,.274,46.67,585.0,42.0,37.0,109.0,100.0,19.0,5.0,1.0,3.0,7.0,0.0,20.0,1.0,1.0,0.0,35.0,13.0,2.0,.190,.248,.350,.598,.205,33.33,416.0,34.0,28.0,2025
679358,Eric Orze,142,Minnesota Twins,,P,2026,,,,,,,,,,,,,,,,,,,,,,,,,,,,,,,,,,,,,,,,,,,,,,,,,2025
640448,Kyle Finnegan,116,Detroit Tigers,,P,2026,,,,,,,,,,,,,,,,,,,,,,,,,,,,,,,,,,,,,,,,,,,,,,,,,2025
640455,Sean Manaea,121,New York Mets,,P,2026,,,,,,,,,,,,,,,,,,,,,,,,,,,,,,,,,,,,,,,,,,,,,,,,,2025
669127,Shea Langeliers,133,Athletics,,C,2026,299.0,271.0,76.0,15.0,0.0,18.0,23.0,1.0,57.0,4.0,1.0,0.0,145.0,36.0,4.0,.280,.344,.535,.879,.294,15.06,1069.0,47.0,92.0,523.0,481.0,133.0,32.0,0.0,31.0,36.0,1.0,103.0,1.0,5.0,0.0,258.0,72.0,10.0,.277,.325,.536,.861,.290,15.52,1924.0,107.0,143.0,2025
687562,Jake Bennett,111,Boston Red Sox,,P,2026,,,,,,,,,,,,,,,,,,,,,,,,,,,,,,,,,,,,,,,,,,,,,,,,,2025
656848,Michael Petersen,146,Miami Marlins,,P,2026,,,,,,,,,,,,,,,,,,,,,,,,,,,,,,,,,,,,,,,,,,,,,,,,,2025
656849,David Peterson,121,New York Mets,,P,2026,,,,,,,,,,,,,,,,,,,,,,,,,,,,,,,,,,,,,,,,,,,,,,,,,2025
687570,Connor Prielipp,142,Minnesota Twins,,P,2026,,,,,,,,,,,,,,,,,,,,,,,,,,,,,,,,,,,,,,,,,,,,,,,,,2025
697812,Joe Rock,145,Chicago White Sox,,P,2026,,,,,,,,,,,,,,,,,,,,,,,,,,,,,,,,,,,,,,,,,,,,,,,,,2025
673237,Yainer Diaz,117,Houston Astros,,C,2026,106.0,101.0,24.0,5.0,0.0,2.0,3.0,0.0,16.0,0.0,2.0,0.0,35.0,14.0,3.0,.238,.255,.347,.602,.259,50.50,339.0,40.0,23.0,567.0,542.0,139.0,25.0,1.0,20.0,20.0,2.0,95.0,2.0,3.0,0.0,226.0,70.0,13.0,.256,.284,.417,.701,.277,27.10,1871.0,162.0,149.0,2025
521692,Salvador Perez,118,Kansas City Royals,,C,2026,285.0,264.0,53.0,6.0,0.0,9.0,12.0,1.0,56.0,5.0,4.0,0.0,86.0,26.0,8.0,.201,.246,.326,.572,.217,29.33,1067.0,66.0,93.0,641.0,597.0,141.0,35.0,0.0,30.0,28.0,5.0,125.0,12.0,1.0,0.0,266.0,100.0,14.0,.236,.284,.446,.730,.251,19.90,2267.0,145.0,187.0,2025
642528,Jonathan Loáisiga,109,Arizona Diamondbacks,,P,2026,0.0,0.0,0.0,0.0,0.0,0.0,0.0,0.0,0.0,0.0,0.0,0.0,0.0,0.0,0.0,.000,.000,.000,.000,.---,-.--,0.0,0.0,0.0,,,,,,,,,,,,,,,,,,,,,,,,,2025
669160,Dustin May,138,St. Louis Cardinals,,P,2026,,,,,,,,,,,,,,,,,,,,,,,,,,,,,,,,,,,,,,,,,,,,,,,,,2025
669165,Kyle Hurt,119,Los Angeles Dodgers,,P,2026,,,,,,,,,,,,,,,,,,,,,,,,,,,,,,,,,,,,,,,,,,,,,,,,,2025
656876,Drew Rasmussen,139,Tampa Bay Rays,,P,2026,,,,,,,,,,,,,,,,,,,,,,,,,,,,,,,,,,,,,,,,,,,,,,,,,2025
642546,Jonathan Hernández,119,Los Angeles Dodgers,,P,2026,,,,,,,,,,,,,,,,,,,,,,,,,,,,,,,,,,,,,,,,,,,,,,,,,2025
642547,Freddy Peralta,121,New York Mets,,P,2026,,,,,,,,,,,,,,,,,,,,,,,,,,,,,,,,,,,,,,,,,,,,,,,,,2025
687606,Paxton Schultz,120,Washington Nationals,,P,2026,0.0,0.0,0.0,0.0,0.0,0.0,0.0,0.0,0.0,0.0,0.0,0.0,0.0,0.0,0.0,.000,.000,.000,.000,.---,-.--,0.0,0.0,0.0,,,,,,,,,,,,,,,,,,,,,,,,,2025
624133,Ranger Suarez,111,Boston Red Sox,,P,2026,,,,,,,,,,,,,,,,,,,,,,,,,,,,,,,,,,,,,,,,,,,,,,,,,2025
691718,Pete Crow-Armstrong,112,Chicago Cubs,,CF,2026,310.0,275.0,77.0,12.0,4.0,14.0,24.0,1.0,77.0,8.0,2.0,1.0,139.0,36.0,2.0,.280,.353,.505,.858,.339,19.64,1173.0,47.0,77.0,647.0,591.0,146.0,37.0,4.0,31.0,29.0,1.0,155.0,9.0,12.0,6.0,284.0,95.0,1.0,.247,.287,.481,.768,.276,19.06,2312.0,116.0,192.0,2025
622088,Tejay Antone,113,Cincinnati Reds,,P,2026,,,,,,,,,,,,,,,,,,,,,,,,,,,,,,,,,,,,,,,,,,,,,,,,,2025
691720,Kyle Karros,115,Colorado Rockies,,3B,2026,238.0,205.0,50.0,12.0,1.0,3.0,30.0,0.0,50.0,1.0,2.0,0.0,73.0,19.0,1.0,.244,.340,.356,.696,.305,68.33,1005.0,53.0,54.0,156.0,137.0,31.0,4.0,0.0,1.0,15.0,0.0,41.0,2.0,2.0,0.0,38.0,9.0,5.0,.226,.308,.277,.585,.309,137.00,635.0,33.0,34.0,2025
681481,Kerry Carpenter,116,Detroit Tigers,,DH,2026,158.0,138.0,32.0,3.0,2.0,9.0,13.0,0.0,51.0,4.0,3.0,0.0,66.0,26.0,1.0,.232,.310,.478,.788,.284,15.33,640.0,21.0,37.0,464.0,433.0,109.0,18.0,5.0,26.0,18.0,0.0,106.0,7.0,2.0,0.0,215.0,62.0,3.0,.252,.291,.497,.788,.274,16.65,1736.0,84.0,136.0,2025
669194,Ryne Nelson,109,Arizona Diamondbacks,,P,2026,,,,,,,,,,,,,,,,,,,,,,,,,1.0,1.0,1.0,0.0,0.0,0.0,0.0,0.0,0.0,0.0,0.0,0.0,1.0,1.0,0.0,1.000,1.000,1.000,2.000,1.000,-.--,4.0,0.0,0.0,2025
691723,Coby Mayo,110,Baltimore Orioles,,3B,2026,197.0,180.0,35.0,7.0,0.0,9.0,14.0,0.0,64.0,2.0,1.0,0.0,69.0,26.0,3.0,.194,.259,.383,.642,.241,20.00,798.0,35.0,47.0,294.0,263.0,57.0,12.0,0.0,11.0,27.0,0.0,84.0,4.0,0.0,0.0,102.0,28.0,2.0,.217,.299,.388,.687,.274,23.91,1132.0,49.0,73.0,2025
691725,Andrew Painter,143,Philadelphia Phillies,,P,2026,,,,,,,,,,,,,,,,,,,,,,,,,,,,,,,,,,,,,,,,,,,,,,,,,2025
669199,Lake Bachar,146,Miami Marlins,,P,2026,,,,,,,,,,,,,,,,,,,,,,,,,,,,,,,,,,,,,,,,,,,,,,,,,2025
593428,Xander Bogaerts,135,San Diego Padres,,SS,2026,266.0,236.0,53.0,4.0,0.0,8.0,26.0,0.0,49.0,2.0,2.0,0.0,81.0,27.0,2.0,.225,.305,.343,.648,.249,29.50,1043.0,75.0,61.0,552.0,491.0,129.0,30.0,0.0,11.0,48.0,3.0,94.0,4.0,8.0,1.0,192.0,53.0,12.0,.263,.328,.391,.719,.299,44.64,2100.0,126.0,151.0,2025
669211,Keegan Akin,110,Baltimore Orioles,,P,2026,,,,,,,,,,,,,,,,,,,,,,,,,0.0,0.0,0.0,0.0,0.0,0.0,0.0,0.0,0.0,0.0,0.0,0.0,0.0,0.0,0.0,.000,.000,.000,.000,.---,-.--,0.0,0.0,0.0,2025
691740,Daniel Susac,137,San Francisco Giants,,C,2026,99.0,88.0,26.0,5.0,1.0,0.0,6.0,0.0,22.0,2.0,1.0,2.0,33.0,13.0,3.0,.295,.351,.375,.726,.388,-.--,362.0,21.0,22.0,,,,,,,,,,,,,,,,,,,,,,,,,2025
548384,Brooks Raley,121,New York Mets,,P,2026,,,,,,,,,,,,,,,,,,,,,,,,,,,,,,,,,,,,,,,,,,,,,,,,,2025
681508,Mickey Gasper,111,Boston Red Sox,,C,2026,93.0,84.0,23.0,4.0,1.0,0.0,6.0,0.0,19.0,1.0,1.0,1.0,29.0,6.0,1.0,.274,.326,.345,.671,.348,-.--,351.0,18.0,26.0,110.0,95.0,15.0,1.0,0.0,2.0,10.0,0.0,20.0,3.0,1.0,1.0,22.0,11.0,1.0,.158,.257,.232,.489,.176,47.50,451.0,24.0,38.0,2025
656941,Kyle Schwarber,143,Philadelphia Phillies,,1B,2026,314.0,265.0,66.0,9.0,1.0,25.0,45.0,3.0,107.0,4.0,0.0,0.0,152.0,43.0,1.0,.249,.366,.574,.940,.308,10.60,1337.0,34.0,58.0,724.0,604.0,145.0,23.0,2.0,56.0,108.0,6.0,197.0,11.0,1.0,0.0,340.0,132.0,4.0,.240,.365,.563,.928,.253,10.79,3059.0,114.0,149.0,2025
681517,Kyle Leahy,138,St. Louis Cardinals,,P,2026,,,,,,,,,,,,,,,,,,,,,,,,,,,,,,,,,,,,,,,,,,,,,,,,,2025
671277,Luis García Jr.,120,Washington Nationals,,1B,2026,236.0,227.0,60.0,12.0,3.0,9.0,8.0,0.0,36.0,0.0,1.0,0.0,105.0,45.0,5.0,.264,.288,.463,.751,.279,25.22,818.0,71.0,61.0,526.0,488.0,123.0,28.0,1.0,16.0,27.0,1.0,84.0,2.0,9.0,0.0,201.0,66.0,7.0,.252,.289,.412,.701,.270,30.50,1838.0,158.0,132.0,2025
656945,Tanner Scott,119,Los Angeles Dodgers,,P,2026,,,,,,,,,,,,,,,,,,,,,,,,,0.0,0.0,0.0,0.0,0.0,0.0,0.0,0.0,0.0,0.0,0.0,0.0,0.0,0.0,0.0,.000,.000,.000,.000,.---,-.--,0.0,0.0,0.0,2025
669236,Jeremiah Jackson,110,Baltimore Orioles,,2B,2026,182.0,175.0,45.0,7.0,0.0,7.0,4.0,0.0,37.0,1.0,2.0,0.0,73.0,29.0,10.0,.257,.275,.417,.692,.286,25.00,611.0,55.0,40.0,183.0,170.0,47.0,10.0,2.0,5.0,11.0,0.0,50.0,2.0,0.0,0.0,76.0,21.0,6.0,.276,.328,.447,.775,.365,34.00,706.0,39.0,34.0,2025
671289,Tyler Freeman,115,Colorado Rockies,,RF,2026,175.0,153.0,41.0,5.0,1.0,3.0,8.0,0.0,22.0,10.0,0.0,4.0,57.0,20.0,8.0,.268,.345,.373,.718,.297,51.00,617.0,55.0,39.0,428.0,377.0,106.0,20.0,2.0,2.0,34.0,0.0,51.0,11.0,4.0,2.0,136.0,31.0,10.0,.281,.354,.361,.715,.317,188.50,1646.0,133.0,93.0,2025
800311,Didier Fuentes,144,Atlanta Braves,,P,2026,0.0,0.0,0.0,0.0,0.0,0.0,0.0,0.0,0.0,0.0,0.0,0.0,0.0,0.0,0.0,.000,.000,.000,.000,.---,-.--,0.0,0.0,0.0,,,,,,,,,,,,,,,,,,,,,,,,,2025
669242,Tommy Edman,119,Los Angeles Dodgers,,2B,2026,,,,,,,,,,,,,,,,,,,,,,,,,377.0,346.0,78.0,13.0,1.0,13.0,19.0,0.0,61.0,6.0,5.0,1.0,132.0,49.0,4.0,.225,.274,.382,.656,.235,26.62,1338.0,110.0,103.0,2025
693821,Bryce Elder,144,Atlanta Braves,,P,2026,,,,,,,,,,,,,,,,,,,,,,,,,,,,,,,,,,,,,,,,,,,,,,,,,2025
702021,Will Dion,114,Cleveland Guardians,,P,2026,,,,,,,,,,,,,,,,,,,,,,,,,,,,,,,,,,,,,,,,,,,,,,,,,2025
691777,Max Muncy,133,Athletics,,3B,2026,124.0,110.0,26.0,6.0,2.0,3.0,7.0,0.0,40.0,4.0,3.0,0.0,45.0,14.0,3.0,.236,.298,.409,.707,.329,36.67,475.0,21.0,26.0,220.0,206.0,44.0,7.0,0.0,9.0,10.0,0.0,68.0,3.0,1.0,0.0,78.0,23.0,1.0,.214,.259,.379,.638,.269,22.89,824.0,51.0,44.0,2025
691783,Jordan Lawlar,109,Arizona Diamondbacks,,CF,2026,33.0,27.0,8.0,1.0,0.0,1.0,3.0,0.0,8.0,3.0,0.0,0.0,12.0,4.0,0.0,.296,.424,.444,.868,.389,27.00,135.0,4.0,7.0,74.0,66.0,12.0,7.0,0.0,0.0,6.0,0.0,26.0,1.0,1.0,0.0,19.0,5.0,0.0,.182,.257,.288,.545,.293,-.--,285.0,13.0,16.0,2025
669256,Nick Solak,135,San Diego Padres,,1B,2026,5.0,4.0,1.0,0.0,0.0,0.0,0.0,0.0,0.0,0.0,1.0,0.0,1.0,1.0,0.0,.250,.200,.250,.450,.200,-.--,11.0,2.0,2.0,11.0,11.0,1.0,0.0,0.0,0.0,0.0,0.0,2.0,0.0,0.0,0.0,1.0,0.0,0.0,.091,.091,.091,.182,.111,-.--,33.0,5.0,3.0,2025
691785,Marcelo Mayer,111,Boston Red Sox,,SS,2026,202.0,181.0,40.0,7.0,0.0,3.0,14.0,0.0,37.0,3.0,3.0,0.0,56.0,18.0,4.0,.221,.284,.309,.593,.257,60.33,726.0,57.0,50.0,136.0,127.0,29.0,8.0,1.0,4.0,8.0,0.0,41.0,0.0,1.0,0.0,51.0,10.0,2.0,.228,.272,.402,.674,.301,31.75,510.0,36.0,22.0,2025
665161,Jeremy Peña,117,Houston Astros,,SS,2026,155.0,139.0,37.0,7.0,0.0,3.0,12.0,0.0,23.0,3.0,1.0,0.0,53.0,12.0,1.0,.266,.335,.381,.716,.298,46.33,592.0,36.0,44.0,543.0,493.0,150.0,30.0,2.0,17.0,35.0,2.0,93.0,12.0,2.0,1.0,235.0,62.0,9.0,.304,.363,.477,.840,.345,29.00,1779.0,137.0,116.0,2025
681546,James Outman,116,Detroit Tigers,,CF,2026,78.0,71.0,11.0,4.0,1.0,1.0,6.0,0.0,33.0,1.0,0.0,0.0,20.0,4.0,0.0,.155,.231,.282,.513,.270,71.00,328.0,13.0,14.0,148.0,134.0,18.0,5.0,1.0,6.0,12.0,0.0,63.0,2.0,0.0,0.0,43.0,11.0,0.0,.134,.216,.321,.537,.185,22.33,605.0,24.0,29.0,2025
691788,Joe Mack,146,Miami Marlins,,C,2026,107.0,97.0,24.0,5.0,0.0,2.0,8.0,0.0,30.0,0.0,0.0,2.0,35.0,14.0,2.0,.247,.305,.361,.666,.338,48.50,453.0,27.0,18.0,,,,,,,,,,,,,,,,,,,,,,,,,2025
691799,Grant Taylor,145,Chicago White Sox,,P,2026,,,,,,,,,,,,,,,,,,,,,,,,,,,,,,,,,,,,,,,,,,,,,,,,,2025
656976,Pavin Smith,109,Arizona Diamondbacks,,DH,2026,40.0,33.0,5.0,0.0,0.0,1.0,6.0,0.0,10.0,0.0,1.0,0.0,8.0,4.0,0.0,.152,.275,.242,.517,.174,33.00,165.0,8.0,11.0,288.0,244.0,63.0,17.0,1.0,8.0,41.0,1.0,92.0,0.0,2.0,0.0,106.0,28.0,7.0,.258,.362,.434,.796,.377,30.50,1255.0,45.0,46.0,2025
669270,Joel Kuhnel,158,Milwaukee Brewers,,P,2026,,,,,,,,,,,,,,,,,,,,,,,,,,,,,,,,,,,,,,,,,,,,,,,,,2025
669276,Dylan Lee,144,Atlanta Braves,,P,2026,,,,,,,,,,,,,,,,,,,,,,,,,,,,,,,,,,,,,,,,,,,,,,,,,2025
693855,Ian Seymour,139,Tampa Bay Rays,,P,2026,,,,,,,,,,,,,,,,,,,,,,,,,,,,,,,,,,,,,,,,,,,,,,,,,2025
542303,Marcell Ozuna,134,Pittsburgh Pirates,,DH,2026,208.0,187.0,36.0,5.0,0.0,5.0,19.0,1.0,60.0,2.0,0.0,0.0,56.0,23.0,4.0,.193,.274,.299,.573,.254,37.40,906.0,33.0,58.0,592.0,487.0,113.0,19.0,0.0,21.0,94.0,2.0,144.0,3.0,7.0,0.0,195.0,68.0,11.0,.232,.355,.400,.755,.280,23.19,2635.0,115.0,122.0,2025
683618,Edgardo Henriquez,119,Los Angeles Dodgers,,P,2026,,,,,,,,,,,,,,,,,,,,,,,,,,,,,,,,,,,,,,,,,,,,,,,,,2025
702056,Trey Yesavage,141,Toronto Blue Jays,,P,2026,,,,,,,,,,,,,,,,,,,,,,,,,,,,,,,,,,,,,,,,,,,,,,,,,2025
683627,Anthony Molina,144,Atlanta Braves,,P,2026,,,,,,,,,,,,,,,,,,,,,,,,,,,,,,,,,,,,,,,,,,,,,,,,,2025
679529,Spencer Torkelson,116,Detroit Tigers,,1B,2026,275.0,238.0,50.0,14.0,0.0,12.0,31.0,0.0,93.0,4.0,2.0,0.0,100.0,29.0,5.0,.210,.309,.420,.729,.281,19.83,1196.0,35.0,62.0,649.0,563.0,135.0,27.0,1.0,31.0,72.0,6.0,169.0,9.0,5.0,0.0,257.0,78.0,12.0,.240,.333,.456,.789,.283,18.16,2634.0,88.0,176.0,2025
837227,Tatsuya Imai,117,Houston Astros,,P,2026,,,,,,,,,,,,,,,,,,,,,,,,,,,,,,,,,,,,,,,,,,,,,,,,,2025
802415,Chandler Simpson,139,Tampa Bay Rays,,CF,2026,267.0,248.0,66.0,4.0,4.0,0.0,14.0,0.0,30.0,0.0,2.0,3.0,78.0,14.0,2.0,.266,.303,.315,.618,.300,-.--,878.0,94.0,63.0,441.0,414.0,122.0,15.0,3.0,0.0,20.0,0.0,43.0,0.0,2.0,3.0,143.0,26.0,10.0,.295,.326,.345,.671,.327,-.--,1517.0,176.0,78.0,2025
702070,Noah Cameron,118,Kansas City Royals,,P,2026,,,,,,,,,,,,,,,,,,,,,,,,,,,,,,,,,,,,,,,,,,,,,,,,,2025
663158,Robert Suarez,144,Atlanta Braves,,P,2026,0.0,0.0,0.0,0.0,0.0,0.0,0.0,0.0,0.0,0.0,0.0,0.0,0.0,0.0,0.0,.000,.000,.000,.000,.---,-.--,0.0,0.0,0.0,,,,,,,,,,,,,,,,,,,,,,,,,2025
675448,Blake Hunt,135,San Diego Padres,,C,2026,,,,,,,,,,,,,,,,,,,,,,,,,,,,,,,,,,,,,,,,,,,,,,,,,2025
669302,Logan Gilbert,136,Seattle Mariners,,P,2026,,,,,,,,,,,,,,,,,,,,,,,,,,,,,,,,,,,,,,,,,,,,,,,,,2025
820862,José Fermin,108,Los Angeles Angels,,P,2026,,,,,,,,,,,,,,,,,,,,,,,,,,,,,,,,,,,,,,,,,,,,,,,,,2025
687749,Jase Bowen,135,San Diego Padres,,RF,2026,26.0,25.0,3.0,0.0,0.0,0.0,1.0,0.0,11.0,0.0,0.0,0.0,3.0,0.0,0.0,.120,.154,.120,.274,.214,-.--,93.0,2.0,9.0,,,,,,,,,,,,,,,,,,,,,,,,,2025
642701,Dennis Santana,134,Pittsburgh Pirates,,P,2026,,,,,,,,,,,,,,,,,,,,,,,,,,,,,,,,,,,,,,,,,,,,,,,,,2025
657041,Lane Thomas,118,Kansas City Royals,,RF,2026,172.0,141.0,31.0,4.0,0.0,3.0,27.0,0.0,37.0,2.0,2.0,0.0,44.0,16.0,2.0,.220,.349,.312,.661,.272,47.00,719.0,22.0,53.0,142.0,125.0,20.0,2.0,0.0,4.0,14.0,0.0,44.0,1.0,2.0,0.0,34.0,11.0,4.0,.160,.246,.272,.518,.203,31.25,556.0,22.0,41.0,2025
669330,Tyler Wells,110,Baltimore Orioles,,P,2026,,,,,,,,,,,,,,,,,,,,,,,,,,,,,,,,,,,,,,,,,,,,,,,,,2025
642708,Amed Rosario,147,New York Yankees,,3B,2026,113.0,103.0,26.0,3.0,1.0,6.0,7.0,0.0,24.0,0.0,3.0,0.0,49.0,20.0,1.0,.252,.292,.476,.768,.263,17.17,398.0,27.0,29.0,191.0,181.0,50.0,11.0,0.0,6.0,7.0,0.0,31.0,2.0,1.0,0.0,79.0,23.0,6.0,.276,.309,.436,.745,.303,30.17,646.0,53.0,48.0,2025
657044,Ryan Thompson,109,Arizona Diamondbacks,,P,2026,,,,,,,,,,,,,,,,,,,,,,,,,0.0,0.0,0.0,0.0,0.0,0.0,0.0,0.0,0.0,0.0,0.0,0.0,0.0,0.0,0.0,.000,.000,.000,.000,.---,-.--,0.0,0.0,0.0,2025
681624,Andy Pages,119,Los Angeles Dodgers,,CF,2026,305.0,279.0,75.0,15.0,1.0,15.0,19.0,0.0,61.0,2.0,5.0,0.0,137.0,56.0,7.0,.269,.315,.491,.806,.288,18.60,1220.0,64.0,84.0,624.0,581.0,158.0,27.0,1.0,27.0,29.0,0.0,135.0,8.0,6.0,0.0,268.0,86.0,9.0,.272,.313,.461,.774,.308,21.52,2365.0,117.0,177.0,2025
642715,Willy Adames,137,San Francisco Giants,,SS,2026,300.0,281.0,64.0,18.0,1.0,11.0,17.0,0.0,83.0,1.0,1.0,0.0,117.0,29.0,1.0,.228,.273,.416,.689,.282,25.54,1156.0,49.0,86.0,686.0,591.0,133.0,22.0,2.0,30.0,80.0,2.0,179.0,5.0,9.0,0.0,249.0,87.0,9.0,.225,.318,.421,.739,.263,19.70,2797.0,105.0,183.0,2025
667297,Tommy Nance,141,Toronto Blue Jays,,P,2026,,,,,,,,,,,,,,,,,,,,,,,,,,,,,,,,,,,,,,,,,,,,,,,,,2025
650911,Cristopher Sánchez,143,Philadelphia Phillies,,P,2026,,,,,,,,,,,,,,,,,,,,,,,,,,,,,,,,,,,,,,,,,,,,,,,,,2025
669358,Shane Baz,110,Baltimore Orioles,,P,2026,,,,,,,,,,,,,,,,,,,,,,,,,,,,,,,,,,,,,,,,,,,,,,,,,2025
669364,Xavier Edwards,146,Miami Marlins,,2B,2026,312.0,269.0,79.0,11.0,4.0,6.0,39.0,3.0,39.0,0.0,3.0,1.0,116.0,25.0,7.0,.294,.379,.431,.810,.322,44.83,1211.0,78.0,77.0,619.0,561.0,159.0,20.0,5.0,3.0,49.0,2.0,88.0,3.0,3.0,3.0,198.0,43.0,6.0,.283,.343,.353,.696,.330,187.00,2250.0,164.0,156.0,2025
675512,Troy Melton,116,Detroit Tigers,,P,2026,,,,,,,,,,,,,,,,,,,,,,,,,,,,,,,,,,,,,,,,,,,,,,,,,2025
622268,Donovan Walton,108,Los Angeles Angels,,DH,2026,62.0,58.0,18.0,4.0,0.0,2.0,3.0,0.0,11.0,0.0,0.0,1.0,28.0,5.0,0.0,.310,.344,.483,.827,.356,29.00,240.0,15.0,15.0,9.0,8.0,1.0,0.0,0.0,0.0,0.0,0.0,1.0,0.0,0.0,1.0,1.0,1.0,0.0,.125,.125,.125,.250,.143,-.--,27.0,6.0,1.0,2025
669373,Tarik Skubal,116,Detroit Tigers,,P,2026,,,,,,,,,,,,,,,,,,,,,,,,,,,,,,,,,,,,,,,,,,,,,,,,,2025
669372,J.T. Ginn,133,Athletics,,P,2026,0.0,0.0,0.0,0.0,0.0,0.0,0.0,0.0,0.0,0.0,0.0,0.0,0.0,0.0,0.0,.000,.000,.000,.000,.---,-.--,0.0,0.0,0.0,,,,,,,,,,,,,,,,,,,,,,,,,2025
669384,Raynel Delgado,117,Houston Astros,,3B,2026,3.0,3.0,1.0,0.0,0.0,0.0,0.0,0.0,1.0,0.0,0.0,0.0,1.0,0.0,0.0,.333,.333,.333,.666,.500,-.--,10.0,1.0,0.0,,,,,,,,,,,,,,,,,,,,,,,,,2025
552640,Andrew Kittredge,110,Baltimore Orioles,,P,2026,,,,,,,,,,,,,,,,,,,,,,,,,0.0,0.0,0.0,0.0,0.0,0.0,0.0,0.0,0.0,0.0,0.0,0.0,0.0,0.0,0.0,.000,.000,.000,.000,.---,-.--,0.0,0.0,0.0,2025
657097,Jacob Webb,112,Chicago Cubs,,P,2026,,,,,,,,,,,,,,,,,,,,,,,,,,,,,,,,,,,,,,,,,,,,,,,,,2025
669387,Carmen Mlodzinski,134,Pittsburgh Pirates,,P,2026,,,,,,,,,,,,,,,,,,,,,,,,,,,,,,,,,,,,,,,,,,,,,,,,,2025
669392,Samad Taylor,135,San Diego Padres,,RF,2026,33.0,29.0,10.0,1.0,0.0,1.0,3.0,0.0,9.0,0.0,0.0,1.0,14.0,8.0,2.0,.345,.406,.483,.889,.474,29.00,136.0,11.0,0.0,9.0,8.0,1.0,0.0,0.0,0.0,0.0,0.0,1.0,0.0,0.0,1.0,1.0,0.0,0.0,.125,.125,.125,.250,.143,-.--,23.0,4.0,3.0,2025
673490,Ha-Seong Kim,144,Atlanta Braves,,SS,2026,62.0,56.0,5.0,0.0,0.0,0.0,6.0,0.0,14.0,0.0,0.0,0.0,5.0,3.0,1.0,.089,.177,.089,.266,.119,-.--,256.0,20.0,17.0,191.0,171.0,40.0,4.0,0.0,5.0,16.0,0.0,39.0,2.0,2.0,0.0,59.0,17.0,2.0,.234,.304,.345,.649,.271,34.20,790.0,37.0,57.0,2025
573124,Taylor Rogers,142,Minnesota Twins,,P,2026,,,,,,,,,,,,,,,,,,,,,,,,,,,,,,,,,,,,,,,,,,,,,,,,,2025
677587,Brayan Rocchio,114,Cleveland Guardians,,SS,2026,258.0,224.0,61.0,9.0,2.0,5.0,22.0,0.0,33.0,7.0,3.0,2.0,89.0,32.0,4.0,.272,.352,.397,.749,.296,44.80,1021.0,66.0,69.0,383.0,344.0,80.0,18.0,2.0,5.0,22.0,0.0,77.0,8.0,5.0,4.0,117.0,44.0,4.0,.233,.290,.340,.630,.281,68.80,1411.0,100.0,96.0,2025
669394,Jake Burger,140,Texas Rangers,,1B,2026,283.0,259.0,64.0,13.0,0.0,12.0,21.0,0.0,75.0,1.0,2.0,0.0,113.0,42.0,5.0,.247,.304,.436,.740,.299,21.58,1035.0,66.0,56.0,376.0,356.0,84.0,15.0,1.0,16.0,12.0,0.0,93.0,5.0,3.0,0.0,149.0,53.0,3.0,.236,.269,.419,.688,.272,22.25,1324.0,73.0,109.0,2025
677588,José Tena,120,Washington Nationals,,DH,2026,138.0,128.0,28.0,7.0,1.0,3.0,9.0,0.0,44.0,1.0,0.0,0.0,46.0,14.0,5.0,.219,.275,.359,.634,.309,42.67,562.0,33.0,23.0,169.0,152.0,37.0,13.0,2.0,0.0,15.0,0.0,37.0,1.0,1.0,0.0,54.0,16.0,4.0,.243,.314,.355,.669,.319,-.--,678.0,54.0,25.0,2025
683734,Andrew Vaughn,158,Milwaukee Brewers,,1B,2026,110.0,97.0,34.0,9.0,1.0,2.0,11.0,0.0,11.0,2.0,0.0,0.0,51.0,18.0,2.0,.351,.427,.526,.953,.381,48.50,410.0,27.0,25.0,447.0,406.0,103.0,22.0,0.0,14.0,31.0,0.0,80.0,3.0,6.0,1.0,167.0,65.0,12.0,.254,.307,.411,.718,.280,29.00,1722.0,110.0,120.0,2025
677592,Everson Pereira,145,Chicago White Sox,,RF,2026,72.0,65.0,16.0,4.0,0.0,3.0,4.0,0.0,21.0,2.0,1.0,0.0,29.0,7.0,2.0,.246,.306,.446,.752,.310,21.67,241.0,16.0,13.0,73.0,65.0,9.0,1.0,0.0,2.0,7.0,0.0,28.0,0.0,1.0,0.0,16.0,8.0,2.0,.138,.219,.246,.465,.194,32.50,307.0,14.0,15.0,2025
677594,Julio Rodríguez,136,Seattle Mariners,,CF,2026,322.0,294.0,73.0,14.0,0.0,13.0,25.0,1.0,66.0,2.0,1.0,0.0,126.0,34.0,5.0,.248,.311,.429,.740,.278,22.62,1224.0,67.0,89.0,710.0,652.0,174.0,31.0,4.0,32.0,44.0,5.0,152.0,12.0,2.0,0.0,309.0,95.0,15.0,.267,.324,.474,.798,.302,20.38,2496.0,174.0,154.0,2025
683737,Michael Busch,112,Chicago Cubs,,1B,2026,319.0,259.0,65.0,13.0,2.0,8.0,50.0,1.0,73.0,7.0,3.0,0.0,106.0,42.0,3.0,.251,.382,.409,.791,.315,32.38,1289.0,55.0,69.0,592.0,524.0,137.0,25.0,5.0,34.0,56.0,2.0,139.0,10.0,2.0,0.0,274.0,90.0,2.0,.261,.343,.523,.866,.292,15.41,2324.0,111.0,139.0,2025
628452,Raisel Iglesias,144,Atlanta Braves,,P,2026,0.0,0.0,0.0,0.0,0.0,0.0,0.0,0.0,0.0,0.0,0.0,0.0,0.0,0.0,0.0,.000,.000,.000,.000,.---,-.--,0.0,0.0,0.0,,,,,,,,,,,,,,,,,,,,,,,,,2025
696030,Alejandro Osuna,140,Texas Rangers,,CF,2026,117.0,98.0,24.0,2.0,0.0,0.0,12.0,0.0,16.0,6.0,0.0,1.0,26.0,9.0,2.0,.245,.362,.265,.627,.293,-.--,403.0,36.0,23.0,176.0,151.0,32.0,4.0,0.0,2.0,21.0,1.0,34.0,2.0,2.0,0.0,42.0,15.0,1.0,.212,.313,.278,.591,.256,75.50,739.0,45.0,42.0,2025
683748,Victor Mesa Jr.,139,Tampa Bay Rays,,RF,2026,48.0,40.0,8.0,0.0,0.0,2.0,7.0,0.0,12.0,0.0,0.0,1.0,14.0,5.0,1.0,.200,.319,.350,.669,.231,20.00,185.0,10.0,11.0,38.0,32.0,6.0,2.0,0.0,1.0,5.0,0.0,5.0,0.0,0.0,1.0,11.0,6.0,0.0,.188,.297,.344,.641,.192,32.00,141.0,8.0,14.0,2025
673513,Yuki Matsui,135,San Diego Padres,,P,2026,,,,,,,,,,,,,,,,,,,,,,,,,,,,,,,,,,,,,,,,,,,,,,,,,2025
691951,Sam Aldegheri,108,Los Angeles Angels,,P,2026,,,,,,,,,,,,,,,,,,,,,,,,,,,,,,,,,,,,,,,,,,,,,,,,,2025
657136,Connor Wong,111,Boston Red Sox,,C,2026,88.0,75.0,20.0,8.0,0.0,0.0,8.0,0.0,19.0,3.0,0.0,2.0,28.0,10.0,1.0,.267,.360,.373,.733,.357,-.--,321.0,21.0,17.0,188.0,168.0,32.0,8.0,0.0,0.0,16.0,0.0,42.0,1.0,2.0,1.0,40.0,7.0,7.0,.190,.262,.238,.500,.250,-.--,745.0,53.0,44.0,2025
702193,Andrew Morris,142,Minnesota Twins,,P,2026,,,,,,,,,,,,,,,,,,,,,,,,,,,,,,,,,,,,,,,,,,,,,,,,,2025
681715,Heriberto Hernández,146,Miami Marlins,,RF,2026,153.0,138.0,32.0,1.0,1.0,6.0,13.0,0.0,39.0,1.0,1.0,0.0,53.0,26.0,0.0,.232,.301,.384,.685,.277,23.00,566.0,31.0,37.0,294.0,256.0,68.0,12.0,1.0,10.0,31.0,0.0,77.0,3.0,4.0,0.0,112.0,45.0,6.0,.266,.347,.438,.785,.335,25.60,1138.0,52.0,63.0,2025
687859,Troy Johnston,115,Colorado Rockies,,LF,2026,258.0,232.0,73.0,21.0,0.0,3.0,19.0,0.0,45.0,4.0,2.0,1.0,103.0,34.0,2.0,.315,.374,.444,.818,.376,77.33,918.0,55.0,62.0,121.0,112.0,31.0,2.0,1.0,4.0,8.0,0.0,26.0,1.0,0.0,0.0,47.0,13.0,1.0,.277,.331,.420,.751,.329,28.00,450.0,24.0,31.0,2025
669432,Trevor Rogers,110,Baltimore Orioles,,P,2026,,,,,,,,,,,,,,,,,,,,,,,,,2.0,2.0,0.0,0.0,0.0,0.0,0.0,0.0,2.0,0.0,0.0,0.0,0.0,0.0,0.0,.000,.000,.000,.000,.---,-.--,6.0,0.0,0.0,2025
683769,Hunter Gaddis,114,Cleveland Guardians,,P,2026,,,,,,,,,,,,,,,,,,,,,,,,,,,,,,,,,,,,,,,,,,,,,,,,,2025
673540,Kodai Senga,121,New York Mets,,P,2026,,,,,,,,,,,,,,,,,,,,,,,,,,,,,,,,,,,,,,,,,,,,,,,,,2025
702222,Justin Crawford,143,Philadelphia Phillies,,CF,2026,218.0,202.0,48.0,9.0,2.0,2.0,14.0,0.0,45.0,2.0,0.0,0.0,67.0,14.0,1.0,.238,.294,.332,.626,.297,101.00,825.0,68.0,41.0,,,,,,,,,,,,,,,,,,,,,,,,,2025
673548,Seiya Suzuki,112,Chicago Cubs,,DH,2026,242.0,212.0,54.0,7.0,0.0,10.0,26.0,3.0,64.0,3.0,1.0,0.0,91.0,28.0,5.0,.255,.343,.429,.772,.317,21.20,1015.0,42.0,53.0,651.0,571.0,140.0,31.0,3.0,32.0,71.0,1.0,164.0,1.0,8.0,0.0,273.0,103.0,13.0,.245,.326,.478,.804,.282,17.84,2727.0,98.0,177.0,2025
573204,Caleb Thielbar,112,Chicago Cubs,,P,2026,0.0,0.0,0.0,0.0,0.0,0.0,0.0,0.0,0.0,0.0,0.0,0.0,0.0,0.0,0.0,.000,.000,.000,.000,.---,-.--,0.0,0.0,0.0,,,,,,,,,,,,,,,,,,,,,,,,,2025
677649,Ezequiel Duran,140,Texas Rangers,,SS,2026,230.0,210.0,59.0,15.0,2.0,4.0,16.0,0.0,59.0,1.0,2.0,1.0,90.0,35.0,2.0,.281,.332,.429,.761,.369,52.50,877.0,52.0,43.0,219.0,205.0,46.0,14.0,0.0,0.0,8.0,0.0,55.0,4.0,1.0,1.0,60.0,14.0,3.0,.224,.266,.293,.559,.305,-.--,807.0,42.0,64.0,2025
669467,Andre Pallante,138,St. Louis Cardinals,,P,2026,,,,,,,,,,,,,,,,,,,,,,,,,0.0,0.0,0.0,0.0,0.0,0.0,0.0,0.0,0.0,0.0,0.0,0.0,0.0,0.0,0.0,.000,.000,.000,.000,.---,-.--,0.0,0.0,0.0,2025
669461,Matthew Liberatore,138,St. Louis Cardinals,,P,2026,,,,,,,,,,,,,,,,,,,,,,,,,,,,,,,,,,,,,,,,,,,,,,,,,2025
624413,Pete Alonso,110,Baltimore Orioles,,1B,2026,316.0,277.0,70.0,13.0,0.0,16.0,34.0,2.0,70.0,2.0,3.0,0.0,131.0,48.0,8.0,.253,.335,.473,.808,.278,17.31,1283.0,68.0,72.0,709.0,624.0,170.0,41.0,1.0,38.0,61.0,5.0,162.0,15.0,9.0,0.0,327.0,126.0,23.0,.272,.347,.524,.871,.305,16.42,2807.0,135.0,166.0,2025
663330,Jahmai Jones,116,Detroit Tigers,,DH,2026,93.0,84.0,11.0,2.0,0.0,2.0,9.0,0.0,29.0,0.0,0.0,0.0,19.0,7.0,3.0,.131,.215,.226,.441,.170,42.00,343.0,19.0,25.0,150.0,129.0,37.0,11.0,1.0,7.0,18.0,1.0,32.0,3.0,0.0,0.0,71.0,23.0,3.0,.287,.387,.550,.937,.333,18.43,595.0,21.0,39.0,2025
669477,Casey Schmitt,137,San Francisco Giants,,LF,2026,274.0,258.0,72.0,13.0,1.0,15.0,7.0,0.0,55.0,6.0,3.0,0.0,132.0,38.0,5.0,.279,.310,.512,.822,.298,17.20,985.0,49.0,85.0,348.0,312.0,74.0,15.0,0.0,12.0,27.0,1.0,83.0,5.0,3.0,1.0,125.0,40.0,6.0,.237,.305,.401,.706,.282,26.00,1330.0,58.0,101.0,2025
696100,Hunter Goodman,115,Colorado Rockies,,DH,2026,285.0,256.0,65.0,12.0,0.0,20.0,24.0,2.0,95.0,4.0,1.0,0.0,137.0,37.0,3.0,.254,.326,.535,.861,.317,12.80,1055.0,38.0,59.0,579.0,540.0,150.0,28.0,5.0,31.0,33.0,0.0,152.0,4.0,2.0,0.0,281.0,91.0,16.0,.278,.323,.520,.843,.331,17.42,2149.0,100.0,140.0,2025
687911,Bryan King,117,Houston Astros,,P,2026,,,,,,,,,,,,,,,,,,,,,,,,,,,,,,,,,,,,,,,,,,,,,,,,,2025
683002,Gunnar Henderson,110,Baltimore Orioles,,SS,2026,330.0,299.0,68.0,13.0,1.0,14.0,26.0,0.0,80.0,4.0,1.0,0.0,125.0,34.0,3.0,.227,.297,.418,.715,.262,21.36,1298.0,72.0,80.0,651.0,577.0,158.0,34.0,5.0,17.0,62.0,6.0,137.0,7.0,5.0,0.0,253.0,68.0,7.0,.274,.349,.438,.787,.329,33.94,2506.0,161.0,126.0,2025
624424,Michael Conforto,112,Chicago Cubs,,DH,2026,114.0,97.0,22.0,9.0,0.0,4.0,16.0,0.0,36.0,0.0,1.0,0.0,43.0,13.0,2.0,.227,.333,.443,.776,.310,24.25,475.0,18.0,22.0,486.0,418.0,83.0,20.0,0.0,12.0,56.0,0.0,121.0,9.0,3.0,0.0,139.0,36.0,12.0,.199,.305,.333,.638,.247,34.83,2049.0,103.0,114.0,2025
624431,Jose Trevino,113,Cincinnati Reds,,C,2026,35.0,32.0,5.0,1.0,0.0,0.0,1.0,0.0,6.0,0.0,0.0,2.0,6.0,2.0,0.0,.156,.182,.188,.370,.192,-.--,108.0,15.0,8.0,302.0,282.0,67.0,20.0,0.0,4.0,15.0,0.0,39.0,0.0,4.0,1.0,99.0,22.0,9.0,.238,.272,.351,.623,.259,70.50,1063.0,95.0,86.0,2025
702275,JR Ritchie,144,Atlanta Braves,,P,2026,0.0,0.0,0.0,0.0,0.0,0.0,0.0,0.0,0.0,0.0,0.0,0.0,0.0,0.0,0.0,.000,.000,.000,.000,.---,-.--,0.0,0.0,0.0,,,,,,,,,,,,,,,,,,,,,,,,,2025
696131,Mason Black,118,Kansas City Royals,,P,2026,,,,,,,,,,,,,,,,,,,,,,,,,,,,,,,,,,,,,,,,,,,,,,,,,2025
663368,Blake Perkins,158,Milwaukee Brewers,,CF,2026,86.0,75.0,10.0,4.0,0.0,1.0,9.0,0.0,20.0,1.0,0.0,1.0,17.0,11.0,1.0,.133,.235,.227,.462,.167,75.00,355.0,24.0,22.0,171.0,155.0,35.0,6.0,2.0,3.0,15.0,0.0,47.0,1.0,0.0,0.0,54.0,19.0,4.0,.226,.298,.348,.646,.305,51.67,708.0,41.0,32.0,2025
667463,John King,146,Miami Marlins,,P,2026,,,,,,,,,,,,,,,,,,,,,,,,,,,,,,,,,,,,,,,,,,,,,,,,,2025
681799,Ethan Roberts,112,Chicago Cubs,,P,2026,,,,,,,,,,,,,,,,,,,,,,,,,,,,,,,,,,,,,,,,,,,,,,,,,2025
675660,Shane Drohan,158,Milwaukee Brewers,,P,2026,,,,,,,,,,,,,,,,,,,,,,,,,,,,,,,,,,,,,,,,,,,,,,,,,2025
663372,Ryan Feltner,115,Colorado Rockies,,P,2026,0.0,0.0,0.0,0.0,0.0,0.0,0.0,0.0,0.0,0.0,0.0,0.0,0.0,0.0,0.0,.000,.000,.000,.000,.---,-.--,0.0,0.0,0.0,,,,,,,,,,,,,,,,,,,,,,,,,2025
573262,Mike Yastrzemski,144,Atlanta Braves,,RF,2026,200.0,177.0,41.0,9.0,1.0,3.0,19.0,0.0,47.0,4.0,0.0,0.0,61.0,18.0,1.0,.232,.320,.345,.665,.299,59.00,835.0,42.0,47.0,558.0,477.0,111.0,28.0,1.0,17.0,72.0,4.0,108.0,2.0,5.0,2.0,192.0,46.0,7.0,.233,.333,.403,.736,.263,28.06,2305.0,95.0,170.0,2025
681807,David Fry,114,Cleveland Guardians,,RF,2026,110.0,93.0,22.0,4.0,0.0,3.0,17.0,1.0,35.0,0.0,0.0,0.0,35.0,8.0,3.0,.237,.355,.376,.731,.345,31.00,495.0,18.0,18.0,157.0,146.0,25.0,4.0,0.0,8.0,9.0,0.0,58.0,2.0,0.0,0.0,53.0,23.0,3.0,.171,.229,.363,.592,.213,18.25,623.0,26.0,37.0,2025
667472,Dane Myers,113,Cincinnati Reds,,CF,2026,117.0,99.0,26.0,4.0,0.0,3.0,15.0,0.0,30.0,2.0,1.0,0.0,39.0,12.0,3.0,.263,.368,.394,.762,.343,33.00,475.0,14.0,30.0,333.0,307.0,72.0,10.0,0.0,6.0,23.0,0.0,77.0,2.0,1.0,0.0,100.0,31.0,12.0,.235,.291,.326,.617,.293,51.17,1241.0,78.0,81.0,2025
700241,Michael McGreevy,138,St. Louis Cardinals,,P,2026,,,,,,,,,,,,,,,,,,,,,,,,,,,,,,,,,,,,,,,,,,,,,,,,,2025
696147,Sam Bachman,108,Los Angeles Angels,,P,2026,,,,,,,,,,,,,,,,,,,,,,,,,,,,,,,,,,,,,,,,,,,,,,,,,2025
681810,Austin Warren,121,New York Mets,,P,2026,,,,,,,,,,,,,,,,,,,,,,,,,,,,,,,,,,,,,,,,,,,,,,,,,2025
702284,Cole Young,136,Seattle Mariners,,2B,2026,295.0,265.0,69.0,10.0,1.0,5.0,20.0,0.0,56.0,6.0,3.0,1.0,96.0,32.0,1.0,.260,.323,.362,.685,.309,53.00,1129.0,60.0,84.0,257.0,223.0,47.0,7.0,1.0,4.0,28.0,1.0,47.0,2.0,2.0,2.0,68.0,24.0,4.0,.211,.302,.305,.607,.247,55.75,1034.0,52.0,81.0,2025
696149,Bubba Chandler,134,Pittsburgh Pirates,,P,2026,,,,,,,,,,,,,,,,,,,,,,,,,,,,,,,,,,,,,,,,,,,,,,,,,2025
700250,Ben Rice,147,New York Yankees,,1B,2026,282.0,241.0,71.0,15.0,2.0,20.0,37.0,3.0,66.0,2.0,2.0,0.0,150.0,49.0,5.0,.295,.390,.622,1.012,.325,12.05,1148.0,59.0,47.0,530.0,467.0,119.0,28.0,4.0,26.0,50.0,0.0,100.0,9.0,2.0,0.0,233.0,65.0,18.0,.255,.337,.499,.836,.271,17.96,2047.0,115.0,135.0,2025
702332,Caleb Durbin,111,Boston Red Sox,,3B,2026,224.0,203.0,39.0,13.0,1.0,3.0,13.0,0.0,32.0,4.0,2.0,2.0,63.0,26.0,6.0,.192,.252,.310,.562,.212,67.67,794.0,78.0,58.0,506.0,445.0,114.0,25.0,0.0,11.0,30.0,0.0,50.0,24.0,4.0,3.0,172.0,53.0,10.0,.256,.334,.387,.721,.265,40.46,1838.0,134.0,154.0,2025
657277,Logan Webb,137,San Francisco Giants,,P,2026,,,,,,,,,,,,,,,,,,,,,,,,,,,,,,,,,,,,,,,,,,,,,,,,,2025
663423,Trent Thornton,112,Chicago Cubs,,P,2026,,,,,,,,,,,,,,,,,,,,,,,,,0.0,0.0,0.0,0.0,0.0,0.0,0.0,0.0,0.0,0.0,0.0,0.0,0.0,0.0,0.0,.000,.000,.000,.000,.---,-.--,0.0,0.0,0.0,2025
663436,Davis Martin,145,Chicago White Sox,,P,2026,,,,,,,,,,,,,,,,,,,,,,,,,,,,,,,,,,,,,,,,,,,,,,,,,2025
661388,William Contreras,158,Milwaukee Brewers,,C,2026,288.0,259.0,76.0,12.0,0.0,6.0,24.0,2.0,37.0,1.0,4.0,0.0,106.0,43.0,7.0,.293,.351,.409,.760,.318,43.17,993.0,68.0,82.0,659.0,566.0,147.0,28.0,0.0,17.0,84.0,4.0,120.0,3.0,6.0,0.0,226.0,76.0,14.0,.260,.355,.399,.754,.299,33.29,2556.0,172.0,133.0,2025
679822,Justin Foscue,140,Texas Rangers,,2B,2026,78.0,71.0,19.0,4.0,0.0,3.0,4.0,0.0,18.0,2.0,1.0,0.0,32.0,9.0,2.0,.268,.321,.451,.772,.314,23.67,282.0,14.0,21.0,9.0,9.0,1.0,1.0,0.0,0.0,0.0,0.0,3.0,0.0,0.0,0.0,2.0,2.0,0.0,.111,.111,.222,.333,.167,-.--,42.0,1.0,4.0,2025
665487,Fernando Tatis Jr.,135,San Diego Padres,,2B,2026,306.0,270.0,75.0,10.0,1.0,2.0,28.0,1.0,64.0,2.0,5.0,1.0,93.0,24.0,6.0,.278,.344,.344,.688,.349,135.00,1105.0,71.0,66.0,691.0,594.0,159.0,27.0,2.0,25.0,89.0,7.0,129.0,6.0,2.0,0.0,265.0,71.0,6.0,.268,.368,.446,.814,.303,23.76,2636.0,160.0,148.0,2025
665489,Vladimir Guerrero Jr.,141,Toronto Blue Jays,,1B,2026,291.0,249.0,69.0,12.0,0.0,3.0,34.0,5.0,31.0,4.0,4.0,0.0,90.0,27.0,8.0,.277,.368,.361,.729,.301,83.00,1044.0,80.0,73.0,680.0,589.0,172.0,34.0,0.0,23.0,81.0,8.0,94.0,6.0,4.0,0.0,275.0,84.0,17.0,.292,.381,.467,.848,.313,25.61,2502.0,179.0,148.0,2025
661395,Jhoan Duran,143,Philadelphia Phillies,,P,2026,0.0,0.0,0.0,0.0,0.0,0.0,0.0,0.0,0.0,0.0,0.0,0.0,0.0,0.0,0.0,.000,.000,.000,.000,.---,-.--,0.0,0.0,0.0,0.0,0.0,0.0,0.0,0.0,0.0,0.0,0.0,0.0,0.0,0.0,0.0,0.0,0.0,0.0,.000,.000,.000,.000,.---,-.--,0.0,0.0,0.0,2025
620443,Luis Torrens,121,New York Mets,,C,2026,130.0,119.0,26.0,9.0,0.0,1.0,5.0,0.0,28.0,4.0,0.0,2.0,38.0,15.0,1.0,.218,.273,.319,.592,.278,119.00,505.0,43.0,24.0,283.0,261.0,59.0,14.0,1.0,5.0,19.0,0.0,56.0,2.0,0.0,1.0,90.0,29.0,7.0,.226,.284,.345,.629,.270,52.20,1069.0,89.0,58.0,2025
622491,Luis Castillo,136,Seattle Mariners,,P,2026,,,,,,,,,,,,,,,,,,,,,,,,,,,,,,,,,,,,,,,,,,,,,,,,,2025
663457,Lars Nootbaar,138,St. Louis Cardinals,,LF,2026,42.0,35.0,9.0,2.0,0.0,2.0,7.0,1.0,10.0,0.0,0.0,0.0,17.0,5.0,0.0,.257,.381,.486,.867,.304,17.50,170.0,7.0,9.0,583.0,509.0,119.0,24.0,1.0,13.0,64.0,3.0,119.0,6.0,3.0,1.0,184.0,48.0,4.0,.234,.325,.361,.686,.279,39.15,2359.0,109.0,166.0,2025
679845,Nick Loftin,118,Kansas City Royals,,3B,2026,123.0,101.0,24.0,9.0,1.0,1.0,15.0,0.0,16.0,3.0,3.0,1.0,38.0,18.0,2.0,.238,.344,.376,.720,.264,101.00,464.0,30.0,35.0,188.0,168.0,35.0,9.0,2.0,4.0,14.0,0.0,27.0,3.0,2.0,1.0,60.0,20.0,7.0,.208,.278,.357,.635,.223,42.00,676.0,48.0,61.0,2025
681895,Evan Sisk,134,Pittsburgh Pirates,,P,2026,,,,,,,,,,,,,,,,,,,,,,,,,,,,,,,,,,,,,,,,,,,,,,,,,2025
677800,Wilyer Abreu,111,Boston Red Sox,,RF,2026,296.0,266.0,74.0,15.0,1.0,8.0,26.0,1.0,58.0,0.0,3.0,1.0,115.0,34.0,6.0,.278,.339,.432,.771,.325,33.25,1161.0,48.0,90.0,417.0,373.0,92.0,17.0,0.0,22.0,40.0,5.0,101.0,0.0,3.0,1.0,175.0,69.0,8.0,.247,.317,.469,.786,.277,16.96,1600.0,63.0,121.0,2025
694192,Jackson Chourio,158,Milwaukee Brewers,,LF,2026,166.0,153.0,49.0,11.0,0.0,9.0,12.0,0.0,40.0,0.0,1.0,0.0,87.0,26.0,1.0,.320,.367,.569,.936,.381,17.00,650.0,26.0,39.0,589.0,549.0,148.0,35.0,4.0,21.0,30.0,1.0,121.0,3.0,6.0,1.0,254.0,78.0,13.0,.270,.308,.463,.771,.308,26.14,2108.0,129.0,158.0,2025
700337,Edgar Quero,145,Chicago White Sox,,C,2026,155.0,133.0,24.0,1.0,0.0,2.0,12.0,0.0,39.0,3.0,5.0,2.0,31.0,15.0,4.0,.180,.255,.233,.488,.227,66.50,590.0,40.0,37.0,403.0,365.0,98.0,17.0,0.0,5.0,32.0,0.0,71.0,4.0,2.0,0.0,130.0,36.0,8.0,.268,.333,.356,.689,.320,73.00,1583.0,107.0,91.0,2025
683953,Travis Bazzana,114,Cleveland Guardians,,2B,2026,176.0,153.0,38.0,9.0,1.0,4.0,20.0,1.0,35.0,2.0,1.0,0.0,61.0,17.0,0.0,.248,.341,.399,.740,.296,38.25,684.0,38.0,43.0,,,,,,,,,,,,,,,,,,,,,,,,,2025
669622,Anthony Bender,146,Miami Marlins,,P,2026,,,,,,,,,,,,,,,,,,,,,,,,,,,,,,,,,,,,,,,,,,,,,,,,,2025
681911,Alex Vesia,119,Los Angeles Dodgers,,P,2026,,,,,,,,,,,,,,,,,,,,,,,,,,,,,,,,,,,,,,,,,,,,,,,,,2025
810938,Ben Williamson,139,Tampa Bay Rays,,2B,2026,171.0,153.0,39.0,7.0,1.0,1.0,16.0,0.0,33.0,1.0,0.0,1.0,51.0,19.0,3.0,.255,.329,.333,.662,.319,153.00,688.0,47.0,35.0,295.0,277.0,70.0,13.0,0.0,1.0,15.0,0.0,64.0,1.0,0.0,2.0,86.0,21.0,5.0,.253,.294,.310,.604,.325,277.00,1216.0,90.0,55.0,2025
694203,Denzer Guzman,108,Los Angeles Angels,,3B,2026,26.0,26.0,6.0,1.0,0.0,0.0,0.0,0.0,4.0,0.0,0.0,0.0,7.0,5.0,1.0,.231,.231,.269,.500,.273,-.--,79.0,8.0,8.0,43.0,42.0,8.0,1.0,0.0,2.0,1.0,0.0,22.0,0.0,0.0,0.0,15.0,3.0,0.0,.190,.209,.357,.566,.333,21.00,176.0,4.0,8.0,2025
681916,Dylan Smith,137,San Francisco Giants,,P,2026,0.0,0.0,0.0,0.0,0.0,0.0,0.0,0.0,0.0,0.0,0.0,0.0,0.0,0.0,0.0,.000,.000,.000,.000,.---,-.--,0.0,0.0,0.0,,,,,,,,,,,,,,,,,,,,,,,,,2025
694208,Moisés Ballesteros,112,Chicago Cubs,,DH,2026,174.0,155.0,36.0,6.0,0.0,6.0,17.0,0.0,36.0,0.0,2.0,0.0,60.0,23.0,1.0,.232,.305,.387,.692,.261,25.83,658.0,40.0,45.0,66.0,57.0,17.0,2.0,1.0,2.0,9.0,1.0,12.0,0.0,0.0,0.0,27.0,11.0,2.0,.298,.394,.474,.868,.349,28.50,249.0,21.0,7.0,2025
694212,Samuel Basallo,110,Baltimore Orioles,,DH,2026,215.0,194.0,50.0,9.0,1.0,10.0,19.0,1.0,55.0,0.0,2.0,0.0,91.0,29.0,3.0,.258,.321,.469,.790,.305,19.40,767.0,46.0,45.0,118.0,109.0,18.0,6.0,0.0,4.0,6.0,0.0,30.0,3.0,0.0,0.0,36.0,15.0,4.0,.165,.229,.330,.559,.187,27.25,443.0,36.0,25.0,2025
663494,Bryan Torres,138,St. Louis Cardinals,,LF,2026,48.0,42.0,10.0,0.0,1.0,2.0,5.0,0.0,7.0,0.0,0.0,1.0,18.0,5.0,0.0,.238,.319,.429,.748,.242,21.00,186.0,15.0,11.0,,,,,,,,,,,,,,,,,,,,,,,,,2025
679883,Luinder Avila,118,Kansas City Royals,,P,2026,,,,,,,,,,,,,,,,,,,,,,,,,0.0,0.0,0.0,0.0,0.0,0.0,0.0,0.0,0.0,0.0,0.0,0.0,0.0,0.0,0.0,.000,.000,.000,.000,.---,-.--,0.0,0.0,0.0,2025
655316,Andruw Monasterio,111,Boston Red Sox,,SS,2026,111.0,104.0,25.0,10.0,0.0,2.0,7.0,0.0,27.0,0.0,0.0,0.0,41.0,11.0,2.0,.240,.288,.394,.682,.307,52.00,490.0,21.0,31.0,135.0,126.0,34.0,9.0,0.0,4.0,7.0,0.0,32.0,2.0,0.0,0.0,55.0,16.0,1.0,.270,.319,.437,.756,.333,31.50,558.0,19.0,41.0,2025
665561,Rafael Marchán,143,Philadelphia Phillies,,C,2026,74.0,71.0,7.0,0.0,0.0,2.0,1.0,0.0,13.0,2.0,0.0,0.0,13.0,6.0,2.0,.099,.135,.183,.318,.089,35.50,281.0,16.0,35.0,118.0,105.0,22.0,4.0,0.0,2.0,10.0,0.0,17.0,1.0,1.0,1.0,32.0,13.0,1.0,.210,.282,.305,.587,.230,52.50,459.0,41.0,27.0,2025
622554,Seranthony Domínguez,145,Chicago White Sox,,P,2026,,,,,,,,,,,,,,,,,,,,,,,,,0.0,0.0,0.0,0.0,0.0,0.0,0.0,0.0,0.0,0.0,0.0,0.0,0.0,0.0,0.0,.000,.000,.000,.000,.---,-.--,0.0,0.0,0.0,2025
696285,Jacob Young,120,Washington Nationals,,CF,2026,242.0,225.0,53.0,8.0,2.0,8.0,12.0,0.0,46.0,4.0,0.0,1.0,89.0,28.0,3.0,.236,.286,.396,.682,.263,28.12,912.0,56.0,71.0,364.0,324.0,75.0,10.0,1.0,2.0,27.0,0.0,65.0,3.0,1.0,9.0,93.0,31.0,7.0,.231,.296,.287,.583,.283,162.00,1367.0,115.0,79.0,2025
489446,Kirby Yates,108,Los Angeles Angels,,P,2026,,,,,,,,,,,,,,,,,,,,,,,,,,,,,,,,,,,,,,,,,,,,,,,,,2025
684007,Shota Imanaga,112,Chicago Cubs,,P,2026,,,,,,,,,,,,,,,,,,,,,,,,,,,,,,,,,,,,,,,,,,,,,,,,,2025
677865,Justin Bruihl,138,St. Louis Cardinals,,P,2026,,,,,,,,,,,,,,,,,,,,,,,,,,,,,,,,,,,,,,,,,,,,,,,,,2025
694249,Cole Carrigg,115,Colorado Rockies,,CF,2026,30.0,27.0,7.0,0.0,1.0,3.0,3.0,0.0,6.0,0.0,0.0,0.0,18.0,8.0,1.0,.259,.333,.667,1.000,.222,9.00,115.0,4.0,10.0,,,,,,,,,,,,,,,,,,,,,,,,,2025
688107,Robert Gasser,158,Milwaukee Brewers,,P,2026,,,,,,,,,,,,,,,,,,,,,,,,,,,,,,,,,,,,,,,,,,,,,,,,,2025
815083,Mitch Farris,108,Los Angeles Angels,,P,2026,,,,,,,,,,,,,,,,,,,,,,,,,,,,,,,,,,,,,,,,,,,,,,,,,2025
677870,Leo Jiménez,146,Miami Marlins,,DH,2026,81.0,71.0,13.0,1.0,0.0,0.0,6.0,0.0,17.0,3.0,1.0,0.0,14.0,1.0,4.0,.183,.272,.197,.469,.236,-.--,329.0,28.0,14.0,32.0,29.0,2.0,0.0,0.0,1.0,2.0,0.0,8.0,0.0,0.0,1.0,5.0,1.0,1.0,.069,.129,.172,.301,.050,29.00,143.0,10.0,10.0,2025
663538,Nico Hoerner,112,Chicago Cubs,,2B,2026,323.0,284.0,67.0,15.0,0.0,4.0,31.0,0.0,23.0,4.0,4.0,0.0,94.0,34.0,6.0,.236,.316,.331,.647,.241,71.00,1177.0,89.0,109.0,649.0,599.0,178.0,29.0,4.0,7.0,39.0,1.0,49.0,7.0,4.0,0.0,236.0,61.0,4.0,.297,.345,.394,.739,.313,85.57,2305.0,179.0,197.0,2025
669684,Chris Murphy,145,Chicago White Sox,,P,2026,0.0,0.0,0.0,0.0,0.0,0.0,0.0,0.0,0.0,0.0,0.0,0.0,0.0,0.0,0.0,.000,.000,.000,.000,.---,-.--,0.0,0.0,0.0,,,,,,,,,,,,,,,,,,,,,,,,,2025
671732,Lawrence Butler,133,Athletics,,RF,2026,196.0,176.0,34.0,5.0,0.0,4.0,20.0,1.0,51.0,0.0,0.0,0.0,51.0,18.0,3.0,.193,.276,.290,.566,.248,44.00,785.0,55.0,36.0,630.0,569.0,133.0,30.0,2.0,21.0,59.0,0.0,179.0,0.0,0.0,2.0,230.0,63.0,7.0,.234,.306,.404,.710,.304,27.10,2517.0,137.0,122.0,2025
663542,Bryan Hudson,145,Chicago White Sox,,P,2026,,,,,,,,,,,,,,,,,,,,,,,,,,,,,,,,,,,,,,,,,,,,,,,,,2025
671737,Taj Bradley,142,Minnesota Twins,,P,2026,,,,,,,,,,,,,,,,,,,,,,,,,,,,,,,,,,,,,,,,,,,,,,,,,2025
671739,Michael Harris II,144,Atlanta Braves,,CF,2026,259.0,245.0,75.0,9.0,0.0,14.0,12.0,0.0,52.0,1.0,1.0,0.0,126.0,41.0,2.0,.306,.340,.514,.854,.339,17.50,930.0,60.0,59.0,641.0,611.0,152.0,26.0,6.0,20.0,16.0,1.0,128.0,3.0,7.0,4.0,250.0,86.0,7.0,.249,.268,.409,.677,.281,30.55,2177.0,193.0,149.0,2025
681982,Grant Anderson,158,Milwaukee Brewers,,P,2026,,,,,,,,,,,,,,,,,,,,,,,,,,,,,,,,,,,,,,,,,,,,,,,,,2025
