batter_id,batter_name,team_id,team_name,batSide,primaryPosition,season,plateAppearances,atBats,hits,doubles,triples,homeRuns,baseOnBalls,intentionalWalks,strikeOuts,hitByPitch,sacFlies,sacBunts,totalBases,rbi,groundIntoDoublePlay,avg,obp,slg,ops,babip,atBatsPerHomeRun,numberOfPitches,groundOuts,airOuts,plateAppearances_prev,atBats_prev,hits_prev,doubles_prev,triples_prev,homeRuns_prev,baseOnBalls_prev,intentionalWalks_prev,strikeOuts_prev,hitByPitch_prev,sacFlies_prev,sacBunts_prev,totalBases_prev,rbi_prev,groundIntoDoublePlay_prev,avg_prev,obp_prev,slg_prev,ops_prev,babip_prev,atBatsPerHomeRun_prev,numberOfPitches_prev,groundOuts_prev,airOuts_prev,season_prev
808963,Roki Sasaki,119,Los Angeles Dodgers,,P,2026,,,,,,,,,,,,,,,,,,,,,,,,,,,,,,,,,,,,,,,,,,,,,,,,,2025
663554,Casey Mize,116,Detroit Tigers,,P,2026,,,,,,,,,,,,,,,,,,,,,,,,,,,,,,,,,,,,,,,,,,,,,,,,,2025
681987,Nate Eaton,111,Boston Red Sox,,OF,2026,21.0,16.0,4.0,2.0,0.0,1.0,4.0,0.0,3.0,1.0,0.0,0.0,9.0,4.0,0.0,.250,.429,.563,.992,.250,16.00,83.0,2.0,7.0,90.0,81.0,24.0,4.0,0.0,1.0,6.0,0.0,19.0,1.0,1.0,1.0,31.0,4.0,1.0,.296,.348,.383,.731,.371,81.00,338.0,17.0,23.0,2025
663556,Shane McClanahan,139,Tampa Bay Rays,,P,2026,,,,,,,,,,,,,,,,,,,,,,,,,,,,,,,,,,,,,,,,,,,,,,,,,2025
675848,Juan Mejia,115,Colorado Rockies,,P,2026,,,,,,,,,,,,,,,,,,,,,,,,,0.0,0.0,0.0,0.0,0.0,0.0,0.0,0.0,0.0,0.0,0.0,0.0,0.0,0.0,0.0,.000,.000,.000,.000,.---,-.--,0.0,0.0,0.0,2025
808967,Yoshinobu Yamamoto,119,Los Angeles Dodgers,,P,2026,,,,,,,,,,,,,,,,,,,,,,,,,,,,,,,,,,,,,,,,,,,,,,,,,2025
595978,Austin Hedges,114,Cleveland Guardians,,C,2026,120.0,105.0,28.0,7.0,0.0,1.0,10.0,0.0,20.0,1.0,1.0,3.0,38.0,9.0,3.0,.267,.333,.362,.695,.318,105.00,466.0,36.0,25.0,180.0,155.0,25.0,3.0,0.0,5.0,18.0,0.0,43.0,1.0,2.0,4.0,43.0,10.0,2.0,.161,.250,.277,.527,.183,31.00,696.0,35.0,58.0,2025
669707,Jared Triolo,134,Pittsburgh Pirates,,SS,2026,162.0,145.0,33.0,6.0,0.0,0.0,13.0,0.0,39.0,2.0,0.0,1.0,39.0,9.0,4.0,.228,.300,.269,.569,.311,-.--,634.0,43.0,31.0,376.0,331.0,75.0,18.0,2.0,7.0,39.0,1.0,76.0,2.0,1.0,3.0,118.0,24.0,4.0,.227,.311,.356,.667,.273,47.29,1454.0,81.0,103.0,2025
663567,Peter Lambert,117,Houston Astros,,P,2026,,,,,,,,,,,,,,,,,,,,,,,,,,,,,,,,,,,,,,,,,,,,,,,,,2025
669711,Greg Weissert,111,Boston Red Sox,,P,2026,,,,,,,,,,,,,,,,,,,,,,,,,,,,,,,,,,,,,,,,,,,,,,,,,2025
684049,Brandan Bidois,134,Pittsburgh Pirates,,P,2026,,,,,,,,,,,,,,,,,,,,,,,,,,,,,,,,,,,,,,,,,,,,,,,,,2025
702474,Mike Paredes,142,Minnesota Twins,,P,2026,,,,,,,,,,,,,,,,,,,,,,,,,,,,,,,,,,,,,,,,,,,,,,,,,2025
622608,Antonio Senzatela,115,Colorado Rockies,,P,2026,,,,,,,,,,,,,,,,,,,,,,,,,,,,,,,,,,,,,,,,,,,,,,,,,2025
663574,Tony Santillan,113,Cincinnati Reds,,P,2026,,,,,,,,,,,,,,,,,,,,,,,,,,,,,,,,,,,,,,,,,,,,,,,,,2025
688158,David Morgan,135,San Diego Padres,,P,2026,,,,,,,,,,,,,,,,,,,,,,,,,,,,,,,,,,,,,,,,,,,,,,,,,2025
665622,Luis Medina,133,Athletics,,P,2026,,,,,,,,,,,,,,,,,,,,,,,,,,,,,,,,,,,,,,,,,,,,,,,,,2025
596001,Jakob Junis,140,Texas Rangers,,P,2026,,,,,,,,,,,,,,,,,,,,,,,,,,,,,,,,,,,,,,,,,,,,,,,,,2025
677942,Blaze Alexander,110,Baltimore Orioles,,3B,2026,194.0,174.0,53.0,12.0,1.0,3.0,12.0,1.0,42.0,3.0,1.0,2.0,76.0,23.0,5.0,.305,.358,.437,.795,.385,58.00,725.0,47.0,35.0,266.0,230.0,53.0,12.0,1.0,7.0,22.0,0.0,86.0,10.0,1.0,3.0,88.0,28.0,5.0,.230,.323,.383,.706,.333,32.86,1042.0,54.0,41.0,2025
669743,Alex Call,119,Los Angeles Dodgers,,LF,2026,124.0,103.0,27.0,5.0,0.0,1.0,16.0,0.0,18.0,3.0,2.0,0.0,35.0,16.0,2.0,.262,.371,.340,.711,.302,103.00,540.0,28.0,32.0,322.0,270.0,72.0,13.0,2.0,5.0,36.0,0.0,55.0,6.0,4.0,6.0,104.0,31.0,6.0,.267,.361,.385,.746,.313,54.00,1314.0,80.0,73.0,2025
593958,Eduardo Rodriguez,109,Arizona Diamondbacks,,P,2026,,,,,,,,,,,,,,,,,,,,,,,,,,,,,,,,,,,,,,,,,,,,,,,,,2025
593974,Wandy Peralta,135,San Diego Padres,,P,2026,,,,,,,,,,,,,,,,,,,,,,,,,,,,,,,,,,,,,,,,,,,,,,,,,2025
677944,Slade Cecconi,114,Cleveland Guardians,,P,2026,,,,,,,,,,,,,,,,,,,,,,,,,,,,,,,,,,,,,,,,,,,,,,,,,2025
665660,Elvis Alvarado,133,Athletics,,P,2026,,,,,,,,,,,,,,,,,,,,,,,,,0.0,0.0,0.0,0.0,0.0,0.0,0.0,0.0,0.0,0.0,0.0,0.0,0.0,0.0,0.0,.000,.000,.000,.000,.---,-.--,0.0,0.0,0.0,2025
571448,Nolan Arenado,109,Arizona Diamondbacks,,3B,2026,288.0,256.0,61.0,14.0,0.0,8.0,23.0,1.0,58.0,6.0,3.0,0.0,99.0,33.0,6.0,.238,.313,.387,.700,.275,32.00,1157.0,60.0,80.0,436.0,401.0,95.0,18.0,1.0,12.0,28.0,4.0,49.0,3.0,4.0,0.0,151.0,52.0,10.0,.237,.289,.377,.666,.241,33.42,1586.0,101.0,160.0,2025
694335,Matt Svanson,138,St. Louis Cardinals,,P,2026,,,,,,,,,,,,,,,,,,,,,,,,,,,,,,,,,,,,,,,,,,,,,,,,,2025
677952,Braxton Ashcraft,134,Pittsburgh Pirates,,P,2026,,,,,,,,,,,,,,,,,,,,,,,,,,,,,,,,,,,,,,,,,,,,,,,,,2025
663616,Trevor Larnach,142,Minnesota Twins,,LF,2026,236.0,203.0,56.0,12.0,1.0,5.0,29.0,1.0,44.0,3.0,0.0,1.0,85.0,24.0,6.0,.276,.374,.419,.793,.331,40.60,915.0,44.0,60.0,567.0,503.0,126.0,24.0,1.0,17.0,53.0,2.0,122.0,4.0,6.0,0.0,203.0,60.0,19.0,.250,.323,.404,.727,.295,29.59,2191.0,124.0,137.0,2025
608324,Alex Bregman,112,Chicago Cubs,,3B,2026,361.0,312.0,76.0,11.0,1.0,6.0,40.0,2.0,58.0,6.0,3.0,0.0,107.0,26.0,9.0,.244,.338,.343,.681,.279,52.00,1441.0,73.0,108.0,495.0,433.0,118.0,28.0,0.0,18.0,51.0,3.0,70.0,9.0,2.0,0.0,200.0,62.0,12.0,.273,.360,.462,.822,.288,24.06,1947.0,101.0,146.0,2025
677958,Kumar Rocker,140,Texas Rangers,,P,2026,,,,,,,,,,,,,,,,,,,,,,,,,,,,,,,,,,,,,,,,,,,,,,,,,2025
677960,Ryan Weathers,147,New York Yankees,,P,2026,,,,,,,,,,,,,,,,,,,,,,,,,,,,,,,,,,,,,,,,,,,,,,,,,2025
694346,Trey Gibson,110,Baltimore Orioles,,P,2026,,,,,,,,,,,,,,,,,,,,,,,,,,,,,,,,,,,,,,,,,,,,,,,,,2025
694361,Will Klein,119,Los Angeles Dodgers,,P,2026,,,,,,,,,,,,,,,,,,,,,,,,,,,,,,,,,,,,,,,,,,,,,,,,,2025
694362,Blake Dunn,113,Cincinnati Reds,,CF,2026,152.0,140.0,39.0,7.0,1.0,2.0,10.0,0.0,32.0,2.0,0.0,0.0,54.0,6.0,2.0,.279,.336,.386,.722,.349,70.00,537.0,31.0,38.0,75.0,60.0,9.0,2.0,0.0,1.0,8.0,0.0,25.0,7.0,0.0,0.0,14.0,7.0,1.0,.150,.320,.233,.553,.235,60.00,318.0,19.0,7.0,2025
608348,Carson Kelly,112,Chicago Cubs,,C,2026,209.0,185.0,52.0,9.0,0.0,4.0,21.0,0.0,34.0,3.0,0.0,0.0,73.0,29.0,4.0,.281,.364,.395,.759,.327,46.25,803.0,44.0,55.0,421.0,369.0,92.0,13.0,1.0,17.0,45.0,0.0,80.0,3.0,4.0,0.0,158.0,50.0,11.0,.249,.333,.428,.761,.272,21.71,1667.0,88.0,113.0,2025
694371,Tommy Troy,109,Arizona Diamondbacks,,LF,2026,93.0,83.0,20.0,3.0,1.0,3.0,10.0,0.0,19.0,0.0,0.0,0.0,34.0,7.0,0.0,.241,.323,.410,.733,.279,27.67,368.0,24.0,20.0,,,,,,,,,,,,,,,,,,,,,,,,,2025
663656,Kyle Tucker,119,Los Angeles Dodgers,,RF,2026,318.0,273.0,64.0,16.0,2.0,6.0,40.0,0.0,65.0,2.0,3.0,0.0,102.0,40.0,0.0,.234,.333,.374,.707,.283,45.50,1265.0,65.0,82.0,597.0,500.0,133.0,25.0,4.0,22.0,87.0,7.0,88.0,4.0,3.0,1.0,232.0,73.0,8.0,.266,.377,.464,.841,.282,22.73,2306.0,114.0,169.0,2025
667755,José Soriano,108,Los Angeles Angels,,P,2026,,,,,,,,,,,,,,,,,,,,,,,,,,,,,,,,,,,,,,,,,,,,,,,,,2025
657514,Brennan Bernardino,115,Colorado Rockies,,P,2026,,,,,,,,,,,,,,,,,,,,,,,,,0.0,0.0,0.0,0.0,0.0,0.0,0.0,0.0,0.0,0.0,0.0,0.0,0.0,0.0,0.0,.000,.000,.000,.000,.---,-.--,0.0,0.0,0.0,2025
594027,Tyron Guerrero,111,Boston Red Sox,,P,2026,,,,,,,,,,,,,,,,,,,,,,,,,,,,,,,,,,,,,,,,,,,,,,,,,2025
694384,Nolan Schanuel,108,Los Angeles Angels,,1B,2026,265.0,237.0,62.0,13.0,0.0,6.0,21.0,0.0,40.0,5.0,2.0,0.0,93.0,30.0,8.0,.262,.332,.392,.724,.290,39.50,1036.0,78.0,59.0,564.0,488.0,129.0,23.0,1.0,12.0,59.0,4.0,71.0,10.0,4.0,3.0,190.0,53.0,10.0,.264,.353,.389,.742,.286,40.67,2150.0,139.0,156.0,2025
608369,Corey Seager,140,Texas Rangers,,SS,2026,209.0,180.0,33.0,6.0,0.0,9.0,25.0,2.0,54.0,2.0,2.0,0.0,66.0,24.0,6.0,.183,.287,.367,.654,.202,20.00,769.0,48.0,47.0,445.0,380.0,103.0,19.0,0.0,21.0,58.0,10.0,87.0,5.0,2.0,0.0,185.0,50.0,13.0,.271,.373,.487,.860,.299,18.10,1668.0,100.0,92.0,2025
571510,Matthew Boyd,112,Chicago Cubs,,P,2026,,,,,,,,,,,,,,,,,,,,,,,,,,,,,,,,,,,,,,,,,,,,,,,,,2025
675961,Alika Williams,133,Athletics,,SS,2026,52.0,49.0,15.0,6.0,0.0,1.0,2.0,0.0,14.0,0.0,0.0,1.0,24.0,6.0,1.0,.306,.333,.490,.823,.412,49.00,204.0,11.0,10.0,,,,,,,,,,,,,,,,,,,,,,,,,2025
678011,Anthony Seigler,111,Boston Red Sox,,2B,2026,26.0,24.0,8.0,3.0,0.0,0.0,2.0,0.0,7.0,0.0,0.0,0.0,11.0,1.0,0.0,.333,.385,.458,.843,.471,-.--,77.0,5.0,4.0,73.0,62.0,12.0,1.0,0.0,0.0,8.0,0.0,16.0,1.0,1.0,1.0,13.0,5.0,2.0,.194,.292,.210,.502,.255,-.--,276.0,19.0,17.0,2025
694388,Joey Loperfido,117,Houston Astros,,LF,2026,105.0,89.0,21.0,7.0,1.0,1.0,13.0,1.0,24.0,1.0,1.0,0.0,33.0,11.0,2.0,.236,.337,.371,.708,.308,89.00,413.0,26.0,19.0,104.0,96.0,32.0,4.0,0.0,4.0,4.0,0.0,27.0,3.0,0.0,1.0,48.0,14.0,2.0,.333,.379,.500,.879,.431,24.00,376.0,20.0,18.0,2025
694397,Marco Raya,142,Minnesota Twins,,P,2026,,,,,,,,,,,,,,,,,,,,,,,,,,,,,,,,,,,,,,,,,,,,,,,,,2025
608372,Tomoyuki Sugano,115,Colorado Rockies,,P,2026,,,,,,,,,,,,,,,,,,,,,,,,,,,,,,,,,,,,,,,,,,,,,,,,,2025
678020,Seth Halvorsen,115,Colorado Rockies,,P,2026,,,,,,,,,,,,,,,,,,,,,,,,,0.0,0.0,0.0,0.0,0.0,0.0,0.0,0.0,0.0,0.0,0.0,0.0,0.0,0.0,0.0,.000,.000,.000,.000,.---,-.--,0.0,0.0,0.0,2025
678022,Jack Perkins,133,Athletics,,P,2026,0.0,0.0,0.0,0.0,0.0,0.0,0.0,0.0,0.0,0.0,0.0,0.0,0.0,0.0,0.0,.000,.000,.000,.000,.---,-.--,0.0,0.0,0.0,,,,,,,,,,,,,,,,,,,,,,,,,2025
663687,Hogan Harris,133,Athletics,,P,2026,,,,,,,,,,,,,,,,,,,,,,,,,,,,,,,,,,,,,,,,,,,,,,,,,2025
647304,Josh Naylor,136,Seattle Mariners,,1B,2026,324.0,295.0,76.0,10.0,0.0,8.0,25.0,2.0,42.0,2.0,1.0,0.0,110.0,33.0,11.0,.258,.319,.373,.692,.276,36.88,1063.0,84.0,94.0,604.0,543.0,160.0,29.0,1.0,20.0,48.0,4.0,83.0,4.0,5.0,0.0,251.0,92.0,17.0,.295,.353,.462,.815,.315,27.15,2013.0,158.0,147.0,2025
682120,Tim Herrin,114,Cleveland Guardians,,P,2026,,,,,,,,,,,,,,,,,,,,,,,,,0.0,0.0,0.0,0.0,0.0,0.0,0.0,0.0,0.0,0.0,0.0,0.0,0.0,0.0,0.0,.000,.000,.000,.000,.---,-.--,0.0,0.0,0.0,2025
694410,LuJames Groover,109,Arizona Diamondbacks,,1B,2026,49.0,43.0,8.0,2.0,0.0,1.0,5.0,0.0,8.0,1.0,0.0,0.0,13.0,4.0,3.0,.186,.286,.302,.588,.206,43.00,191.0,14.0,13.0,,,,,,,,,,,,,,,,,,,,,,,,,2025
686217,Sal Frelick,158,Milwaukee Brewers,,RF,2026,262.0,228.0,53.0,11.0,0.0,3.0,23.0,1.0,25.0,1.0,3.0,1.0,73.0,29.0,4.0,.232,.302,.320,.622,.246,76.00,1008.0,87.0,67.0,594.0,528.0,152.0,20.0,3.0,12.0,47.0,0.0,80.0,7.0,5.0,3.0,214.0,63.0,4.0,.288,.351,.405,.756,.317,44.00,2311.0,153.0,151.0,2025
645261,Sandy Alcantara,146,Miami Marlins,,P,2026,,,,,,,,,,,,,,,,,,,,,,,,,,,,,,,,,,,,,,,,,,,,,,,,,2025
686218,Emmet Sheehan,119,Los Angeles Dodgers,,P,2026,,,,,,,,,,,,,,,,,,,,,,,,,,,,,,,,,,,,,,,,,,,,,,,,,2025
686228,Juan Burgos,109,Arizona Diamondbacks,,P,2026,,,,,,,,,,,,,,,,,,,,,,,,,,,,,,,,,,,,,,,,,,,,,,,,,2025
665750,Leody Taveras,110,Baltimore Orioles,,CF,2026,252.0,219.0,56.0,10.0,5.0,2.0,24.0,0.0,60.0,1.0,1.0,7.0,82.0,30.0,2.0,.256,.331,.374,.705,.342,109.50,989.0,46.0,65.0,180.0,171.0,35.0,6.0,1.0,3.0,5.0,0.0,50.0,0.0,1.0,3.0,52.0,17.0,0.0,.205,.226,.304,.530,.269,57.00,693.0,33.0,57.0,2025
657571,Caleb Ferguson,113,Cincinnati Reds,,P,2026,,,,,,,,,,,,,,,,,,,,,,,,,,,,,,,,,,,,,,,,,,,,,,,,,2025
702616,Jackson Holliday,110,Baltimore Orioles,,2B,2026,99.0,86.0,17.0,2.0,1.0,4.0,11.0,0.0,30.0,0.0,2.0,0.0,33.0,12.0,1.0,.198,.283,.384,.667,.241,21.50,390.0,16.0,25.0,649.0,586.0,142.0,21.0,3.0,17.0,56.0,1.0,140.0,6.0,1.0,0.0,220.0,55.0,4.0,.242,.314,.375,.689,.291,34.47,2450.0,167.0,138.0,2025
542888,Shawn Armstrong,114,Cleveland Guardians,,P,2026,,,,,,,,,,,,,,,,,,,,,,,,,0.0,0.0,0.0,0.0,0.0,0.0,0.0,0.0,0.0,0.0,0.0,0.0,0.0,0.0,0.0,.000,.000,.000,.000,.---,-.--,0.0,0.0,0.0,2025
673962,Josh Jung,140,Texas Rangers,,3B,2026,321.0,291.0,86.0,17.0,0.0,8.0,24.0,0.0,54.0,4.0,2.0,0.0,127.0,31.0,13.0,.296,.355,.436,.791,.338,36.38,1159.0,77.0,76.0,511.0,482.0,121.0,23.0,1.0,14.0,27.0,0.0,129.0,2.0,0.0,0.0,188.0,61.0,10.0,.251,.294,.390,.684,.316,34.43,1931.0,108.0,124.0,2025
596142,Gary Sánchez,158,Milwaukee Brewers,,C,2026,149.0,121.0,26.0,4.0,1.0,7.0,25.0,0.0,30.0,2.0,1.0,0.0,53.0,21.0,5.0,.215,.356,.438,.794,.224,17.29,626.0,30.0,36.0,101.0,91.0,21.0,2.0,0.0,5.0,4.0,0.0,27.0,5.0,1.0,0.0,38.0,24.0,2.0,.231,.297,.418,.715,.267,18.20,415.0,21.0,23.0,2025
663728,Cal Raleigh,136,Seattle Mariners,,C,2026,218.0,191.0,32.0,5.0,0.0,8.0,25.0,0.0,68.0,0.0,2.0,0.0,61.0,21.0,4.0,.168,.261,.319,.580,.205,23.88,945.0,27.0,66.0,705.0,596.0,147.0,24.0,0.0,60.0,97.0,17.0,188.0,9.0,3.0,0.0,351.0,125.0,6.0,.247,.359,.589,.948,.248,9.93,2833.0,79.0,185.0,2025
671922,Cade Smith,114,Cleveland Guardians,,P,2026,0.0,0.0,0.0,0.0,0.0,0.0,0.0,0.0,0.0,0.0,0.0,0.0,0.0,0.0,0.0,.000,.000,.000,.000,.---,-.--,0.0,0.0,0.0,,,,,,,,,,,,,,,,,,,,,,,,,2025
596146,Max Kepler,109,Arizona Diamondbacks,,LF,2026,,,,,,,,,,,,,,,,,,,,,,,,,474.0,417.0,90.0,19.0,0.0,18.0,48.0,3.0,93.0,4.0,4.0,1.0,163.0,52.0,10.0,.216,.300,.391,.691,.232,23.17,1826.0,95.0,144.0,2025
571578,Patrick Corbin,141,Toronto Blue Jays,,P,2026,,,,,,,,,,,,,,,,,,,,,,,,,,,,,,,,,,,,,,,,,,,,,,,,,2025
645302,Victor Robles,136,Seattle Mariners,,RF,2026,64.0,61.0,14.0,2.0,0.0,0.0,3.0,0.0,10.0,0.0,0.0,0.0,16.0,2.0,4.0,.230,.266,.262,.528,.275,-.--,224.0,17.0,20.0,114.0,106.0,26.0,4.0,1.0,1.0,3.0,0.0,26.0,3.0,2.0,0.0,35.0,9.0,3.0,.245,.281,.330,.611,.309,106.00,375.0,29.0,27.0,2025
663743,Nick Fortes,139,Tampa Bay Rays,,C,2026,194.0,179.0,45.0,10.0,0.0,1.0,5.0,0.0,23.0,7.0,1.0,2.0,58.0,15.0,6.0,.251,.297,.324,.621,.282,179.00,671.0,62.0,52.0,242.0,218.0,50.0,9.0,1.0,5.0,14.0,0.0,47.0,7.0,1.0,2.0,76.0,21.0,7.0,.229,.296,.349,.645,.269,43.60,915.0,59.0,65.0,2025
682177,Daniel Schneemann,114,Cleveland Guardians,,CF,2026,227.0,206.0,43.0,9.0,0.0,6.0,21.0,0.0,68.0,0.0,0.0,0.0,70.0,26.0,5.0,.209,.282,.340,.622,.280,34.33,902.0,47.0,48.0,422.0,379.0,78.0,18.0,1.0,12.0,38.0,1.0,117.0,3.0,1.0,1.0,134.0,41.0,4.0,.206,.283,.354,.637,.263,31.58,1668.0,96.0,90.0,2025
669899,Ryan Ward,119,Los Angeles Dodgers,,LF,2026,59.0,54.0,11.0,4.0,0.0,3.0,5.0,0.0,17.0,0.0,0.0,0.0,24.0,11.0,2.0,.204,.271,.444,.715,.235,18.00,250.0,13.0,13.0,,,,,,,,,,,,,,,,,,,,,,,,,2025
696519,Samy Natera Jr.,108,Los Angeles Angels,,P,2026,,,,,,,,,,,,,,,,,,,,,,,,,,,,,,,,,,,,,,,,,,,,,,,,,2025
657612,Tim Hill,147,New York Yankees,,P,2026,,,,,,,,,,,,,,,,,,,,,,,,,,,,,,,,,,,,,,,,,,,,,,,,,2025
665804,Miguel Amaya,112,Chicago Cubs,,C,2026,133.0,108.0,24.0,5.0,0.0,3.0,16.0,0.0,27.0,7.0,0.0,1.0,38.0,10.0,5.0,.222,.359,.352,.711,.269,36.00,564.0,26.0,32.0,103.0,96.0,27.0,9.0,0.0,4.0,4.0,0.0,22.0,1.0,1.0,1.0,48.0,25.0,0.0,.281,.314,.500,.814,.324,24.00,385.0,22.0,27.0,2025
694477,Chad Patrick,158,Milwaukee Brewers,,P,2026,0.0,0.0,0.0,0.0,0.0,0.0,0.0,0.0,0.0,0.0,0.0,0.0,0.0,0.0,0.0,.000,.000,.000,.000,.---,-.--,0.0,0.0,0.0,,,,,,,,,,,,,,,,,,,,,,,,,2025
692437,Winston Santos,140,Texas Rangers,,P,2026,,,,,,,,,,,,,,,,,,,,,,,,,,,,,,,,,,,,,,,,,,,,,,,,,2025
592094,Jason Adam,135,San Diego Padres,,P,2026,,,,,,,,,,,,,,,,,,,,,,,,,,,,,,,,,,,,,,,,,,,,,,,,,2025
669923,George Kirby,136,Seattle Mariners,,P,2026,,,,,,,,,,,,,,,,,,,,,,,,,,,,,,,,,,,,,,,,,,,,,,,,,2025
665828,Oswaldo Cabrera,147,New York Yankees,,3B,2026,,,,,,,,,,,,,,,,,,,,,,,,,122.0,107.0,26.0,4.0,0.0,1.0,11.0,0.0,25.0,2.0,1.0,1.0,33.0,11.0,1.0,.243,.322,.308,.630,.305,107.00,441.0,32.0,26.0,2025
700669,Gordon Graceffo,138,St. Louis Cardinals,,P,2026,,,,,,,,,,,,,,,,,,,,,,,,,,,,,,,,,,,,,,,,,,,,,,,,,2025
823550,Sung-Mun Song,135,San Diego Padres,,2B,2026,60.0,53.0,11.0,2.0,0.0,0.0,7.0,0.0,12.0,0.0,0.0,0.0,13.0,6.0,1.0,.208,.300,.245,.545,.268,-.--,259.0,11.0,19.0,,,,,,,,,,,,,,,,,,,,,,,,,2025
606466,Ketel Marte,109,Arizona Diamondbacks,,2B,2026,335.0,306.0,81.0,17.0,2.0,13.0,25.0,0.0,47.0,1.0,3.0,0.0,141.0,47.0,4.0,.265,.319,.461,.780,.273,23.54,1210.0,92.0,89.0,556.0,480.0,136.0,28.0,0.0,28.0,64.0,6.0,83.0,9.0,3.0,0.0,248.0,72.0,12.0,.283,.376,.517,.893,.290,17.14,2095.0,129.0,135.0,2025
805123,AJ Blubaugh,117,Houston Astros,,P,2026,,,,,,,,,,,,,,,,,,,,,,,,,,,,,,,,,,,,,,,,,,,,,,,,,2025
682243,Bryce Miller,136,Seattle Mariners,,P,2026,,,,,,,,,,,,,,,,,,,,,,,,,,,,,,,,,,,,,,,,,,,,,,,,,2025
676106,Emerson Hancock,136,Seattle Mariners,,P,2026,,,,,,,,,,,,,,,,,,,,,,,,,0.0,0.0,0.0,0.0,0.0,0.0,0.0,0.0,0.0,0.0,0.0,0.0,0.0,0.0,0.0,.000,.000,.000,.000,.---,-.--,0.0,0.0,0.0,2025
665862,Jazz Chisholm Jr.,147,New York Yankees,,2B,2026,313.0,276.0,63.0,10.0,2.0,12.0,34.0,0.0,87.0,1.0,2.0,0.0,113.0,33.0,2.0,.228,.313,.409,.722,.285,23.00,1288.0,60.0,68.0,531.0,462.0,112.0,15.0,1.0,31.0,58.0,1.0,148.0,6.0,4.0,1.0,222.0,80.0,3.0,.242,.332,.481,.813,.282,14.90,2138.0,90.0,117.0,2025
682254,Mason Montgomery,134,Pittsburgh Pirates,,P,2026,,,,,,,,,,,,,,,,,,,,,,,,,,,,,,,,,,,,,,,,,,,,,,,,,2025
665871,Javier Assad,112,Chicago Cubs,,P,2026,,,,,,,,,,,,,,,,,,,,,,,,,,,,,,,,,,,,,,,,,,,,,,,,,2025
665877,José Fermín,138,St. Louis Cardinals,,LF,2026,123.0,112.0,31.0,5.0,0.0,3.0,9.0,0.0,18.0,0.0,1.0,0.0,45.0,15.0,4.0,.277,.328,.402,.730,.304,37.33,510.0,26.0,38.0,70.0,60.0,17.0,5.0,0.0,1.0,8.0,0.0,10.0,1.0,0.0,1.0,25.0,9.0,0.0,.283,.377,.417,.794,.327,60.00,271.0,16.0,18.0,2025
641302,Tyler Alexander,140,Texas Rangers,,P,2026,,,,,,,,,,,,,,,,,,,,,,,,,1.0,1.0,0.0,0.0,0.0,0.0,0.0,0.0,0.0,0.0,0.0,0.0,0.0,0.0,0.0,.000,.000,.000,.000,.000,-.--,3.0,1.0,0.0,2025
592155,Cam Booser,139,Tampa Bay Rays,,P,2026,,,,,,,,,,,,,,,,,,,,,,,,,,,,,,,,,,,,,,,,,,,,,,,,,2025
663837,Matt Vierling,116,Detroit Tigers,,CF,2026,219.0,198.0,40.0,11.0,1.0,5.0,17.0,0.0,36.0,0.0,4.0,0.0,68.0,27.0,4.0,.202,.260,.343,.603,.217,39.60,842.0,53.0,73.0,100.0,88.0,21.0,3.0,0.0,1.0,7.0,0.0,24.0,3.0,2.0,0.0,27.0,11.0,1.0,.239,.310,.307,.617,.308,88.00,436.0,16.0,29.0,2025
813349,Connelly Early,111,Boston Red Sox,,P,2026,,,,,,,,,,,,,,,,,,,,,,,,,,,,,,,,,,,,,,,,,,,,,,,,,2025
700712,Walbert Ureña,108,Los Angeles Angels,,P,2026,,,,,,,,,,,,,,,,,,,,,,,,,,,,,,,,,,,,,,,,,,,,,,,,,2025
643377,Griffin Jax,139,Tampa Bay Rays,,P,2026,,,,,,,,,,,,,,,,,,,,,,,,,0.0,0.0,0.0,0.0,0.0,0.0,0.0,0.0,0.0,0.0,0.0,0.0,0.0,0.0,0.0,.000,.000,.000,.000,.---,-.--,0.0,0.0,0.0,2025
641329,Bryan Baker,139,Tampa Bay Rays,,P,2026,,,,,,,,,,,,,,,,,,,,,,,,,0.0,0.0,0.0,0.0,0.0,0.0,0.0,0.0,0.0,0.0,0.0,0.0,0.0,0.0,0.0,.000,.000,.000,.000,.---,-.--,0.0,0.0,0.0,2025
543037,Gerrit Cole,147,New York Yankees,,P,2026,,,,,,,,,,,,,,,,,,,,,,,,,,,,,,,,,,,,,,,,,,,,,,,,,2025
641343,Jake Bauers,158,Milwaukee Brewers,,1B,2026,276.0,236.0,64.0,12.0,1.0,14.0,37.0,3.0,69.0,3.0,0.0,0.0,120.0,48.0,3.0,.271,.377,.508,.885,.327,16.86,1140.0,56.0,47.0,218.0,183.0,43.0,9.0,0.0,7.0,32.0,1.0,59.0,2.0,1.0,0.0,73.0,28.0,1.0,.235,.353,.399,.752,.305,26.14,895.0,35.0,47.0,2025
665923,Esteury Ruiz,146,Miami Marlins,,RF,2026,88.0,74.0,19.0,7.0,1.0,4.0,8.0,0.0,25.0,4.0,1.0,0.0,40.0,9.0,0.0,.257,.356,.541,.897,.326,18.50,362.0,9.0,22.0,23.0,21.0,4.0,0.0,0.0,1.0,2.0,0.0,8.0,0.0,0.0,0.0,7.0,2.0,0.0,.190,.261,.333,.594,.250,21.00,88.0,5.0,4.0,2025
663878,Nate Pearson,117,Houston Astros,,P,2026,,,,,,,,,,,,,,,,,,,,,,,,,,,,,,,,,,,,,,,,,,,,,,,,,2025
678218,Brandon Valenzuela,141,Toronto Blue Jays,,C,2026,164.0,144.0,36.0,6.0,0.0,7.0,18.0,0.0,40.0,0.0,1.0,1.0,63.0,19.0,1.0,.250,.331,.438,.769,.296,20.57,668.0,31.0,39.0,,,,,,,,,,,,,,,,,,,,,,,,,2025
665926,Andrés Giménez,141,Toronto Blue Jays,,SS,2026,272.0,251.0,58.0,12.0,1.0,7.0,8.0,0.0,53.0,8.0,3.0,2.0,93.0,33.0,6.0,.231,.274,.371,.645,.263,35.86,996.0,80.0,65.0,369.0,329.0,69.0,11.0,1.0,7.0,25.0,0.0,66.0,11.0,3.0,1.0,103.0,35.0,8.0,.210,.285,.313,.598,.239,47.00,1452.0,97.0,101.0,2025
641355,Cody Bellinger,147,New York Yankees,,LF,2026,340.0,288.0,77.0,16.0,3.0,11.0,47.0,0.0,46.0,0.0,5.0,0.0,132.0,49.0,2.0,.267,.365,.458,.823,.280,26.18,1273.0,69.0,101.0,656.0,588.0,160.0,25.0,5.0,29.0,57.0,1.0,90.0,2.0,9.0,0.0,282.0,98.0,8.0,.272,.334,.480,.814,.274,20.28,2594.0,122.0,225.0,2025
663886,Tyler Stephenson,113,Cincinnati Reds,,C,2026,217.0,189.0,40.0,7.0,0.0,6.0,26.0,0.0,57.0,0.0,2.0,0.0,65.0,22.0,4.0,.212,.304,.344,.648,.266,31.50,857.0,31.0,63.0,342.0,299.0,69.0,18.0,0.0,13.0,37.0,1.0,116.0,2.0,4.0,0.0,126.0,50.0,4.0,.231,.316,.421,.737,.322,23.00,1389.0,57.0,61.0,2025
543056,Danny Coulombe,111,Boston Red Sox,,P,2026,,,,,,,,,,,,,,,,,,,,,,,,,,,,,,,,,,,,,,,,,,,,,,,,,2025
670032,Nicky Lopez,140,Texas Rangers,,2B,2026,80.0,74.0,23.0,1.0,0.0,1.0,3.0,0.0,11.0,1.0,0.0,2.0,27.0,6.0,2.0,.311,.346,.365,.711,.355,74.00,275.0,26.0,16.0,28.0,24.0,1.0,0.0,0.0,0.0,4.0,0.0,4.0,0.0,0.0,0.0,1.0,1.0,1.0,.042,.179,.042,.221,.050,-.--,106.0,13.0,6.0,2025
657746,Joe Ryan,142,Minnesota Twins,,P,2026,,,,,,,,,,,,,,,,,,,,,,,,,,,,,,,,,,,,,,,,,,,,,,,,,2025
670036,Matt Festa,114,Cleveland Guardians,,P,2026,,,,,,,,,,,,,,,,,,,,,,,,,0.0,0.0,0.0,0.0,0.0,0.0,0.0,0.0,0.0,0.0,0.0,0.0,0.0,0.0,0.0,.000,.000,.000,.000,.---,-.--,0.0,0.0,0.0,2025
657757,Gavin Sheets,135,San Diego Padres,,1B,2026,257.0,228.0,51.0,13.0,0.0,12.0,27.0,0.0,61.0,2.0,0.0,0.0,100.0,33.0,6.0,.224,.311,.439,.750,.252,19.00,1084.0,55.0,61.0,545.0,492.0,124.0,28.0,1.0,19.0,44.0,1.0,107.0,5.0,4.0,0.0,211.0,71.0,9.0,.252,.317,.429,.746,.284,25.90,2279.0,111.0,154.0,2025
670042,Luke Raley,136,Seattle Mariners,,RF,2026,222.0,202.0,48.0,7.0,1.0,14.0,12.0,1.0,72.0,6.0,0.0,2.0,99.0,35.0,0.0,.238,.300,.490,.790,.293,14.43,866.0,36.0,48.0,219.0,183.0,37.0,8.0,0.0,4.0,19.0,0.0,64.0,13.0,1.0,3.0,57.0,19.0,2.0,.202,.319,.311,.630,.284,45.75,831.0,53.0,33.0,2025
663903,Brady Singer,113,Cincinnati Reds,,P,2026,,,,,,,,,,,,,,,,,,,,,,,,,,,,,,,,,,,,,,,,,,,,,,,,,2025
665953,Andrés Chaparro,120,Washington Nationals,,1B,2026,48.0,38.0,7.0,3.0,0.0,0.0,9.0,0.0,11.0,1.0,0.0,0.0,10.0,5.0,1.0,.184,.354,.263,.617,.259,-.--,196.0,10.0,10.0,73.0,66.0,12.0,2.0,0.0,1.0,5.0,0.0,22.0,1.0,1.0,0.0,17.0,5.0,0.0,.182,.247,.258,.505,.250,66.00,282.0,15.0,18.0,2025
670059,Colin Holderman,114,Cleveland Guardians,,P,2026,,,,,,,,,,,,,,,,,,,,,,,,,,,,,,,,,,,,,,,,,,,,,,,,,2025
545121,Ildemaro Vargas,109,Arizona Diamondbacks,,1B,2026,264.0,245.0,64.0,11.0,2.0,7.0,14.0,2.0,24.0,2.0,1.0,1.0,100.0,44.0,3.0,.261,.305,.408,.713,.265,35.00,913.0,80.0,79.0,121.0,115.0,31.0,2.0,1.0,3.0,2.0,0.0,15.0,2.0,1.0,1.0,44.0,19.0,3.0,.270,.292,.383,.675,.286,38.33,429.0,46.0,25.0,2025
547179,Michael Lorenzen,115,Colorado Rockies,,P,2026,,,,,,,,,,,,,,,,,,,,,,,,,,,,,,,,,,,,,,,,,,,,,,,,,2025
670062,Julian Garcia,113,Cincinnati Reds,,P,2026,,,,,,,,,,,,,,,,,,,,,,,,,,,,,,,,,,,,,,,,,,,,,,,,,2025
801139,Payton Tolle,111,Boston Red Sox,,P,2026,,,,,,,,,,,,,,,,,,,,,,,,,,,,,,,,,,,,,,,,,,,,,,,,,2025
665966,Carlos Narváez,111,Boston Red Sox,,C,2026,149.0,132.0,27.0,6.0,0.0,2.0,11.0,0.0,47.0,3.0,1.0,2.0,39.0,4.0,5.0,.205,.279,.295,.574,.298,66.00,610.0,28.0,33.0,446.0,403.0,97.0,27.0,0.0,15.0,38.0,0.0,111.0,1.0,2.0,2.0,169.0,50.0,12.0,.241,.306,.419,.725,.294,26.87,1829.0,98.0,101.0,2025
686452,Drew Millas,120,Washington Nationals,,C,2026,130.0,113.0,20.0,4.0,0.0,2.0,10.0,0.0,30.0,3.0,0.0,2.0,30.0,9.0,0.0,.177,.262,.265,.527,.222,56.50,484.0,35.0,30.0,55.0,49.0,15.0,5.0,1.0,0.0,4.0,0.0,7.0,0.0,0.0,1.0,22.0,7.0,0.0,.306,.358,.449,.807,.357,-.--,209.0,16.0,12.0,2025
643446,Jeff McNeil,133,Athletics,,2B,2026,260.0,232.0,55.0,10.0,0.0,3.0,21.0,1.0,35.0,4.0,2.0,1.0,74.0,20.0,6.0,.237,.309,.319,.628,.265,77.33,969.0,68.0,77.0,462.0,399.0,97.0,21.0,5.0,12.0,49.0,4.0,55.0,8.0,4.0,2.0,164.0,54.0,5.0,.243,.335,.411,.746,.253,33.25,1718.0,109.0,144.0,2025
663947,Tyler Holton,116,Detroit Tigers,,P,2026,,,,,,,,,,,,,,,,,,,,,,,,,,,,,,,,,,,,,,,,,,,,,,,,,2025
543135,Nathan Eovaldi,140,Texas Rangers,,P,2026,,,,,,,,,,,,,,,,,,,,,,,,,,,,,,,,,,,,,,,,,,,,,,,,,2025
694671,Wyatt Langford,140,Texas Rangers,,LF,2026,168.0,157.0,42.0,7.0,2.0,8.0,10.0,0.0,37.0,1.0,0.0,0.0,77.0,20.0,3.0,.268,.315,.490,.805,.304,19.62,644.0,33.0,45.0,573.0,489.0,118.0,25.0,1.0,22.0,74.0,3.0,151.0,5.0,5.0,0.0,211.0,62.0,9.0,.241,.344,.431,.775,.299,22.23,2335.0,87.0,138.0,2025
663968,Jake Mangum,134,Pittsburgh Pirates,,LF,2026,188.0,172.0,50.0,7.0,0.0,1.0,10.0,1.0,33.0,2.0,1.0,3.0,60.0,14.0,4.0,.291,.335,.349,.684,.353,172.00,689.0,61.0,32.0,428.0,405.0,120.0,18.0,1.0,3.0,19.0,0.0,64.0,2.0,1.0,1.0,149.0,40.0,4.0,.296,.330,.368,.698,.345,135.00,1442.0,138.0,85.0,2025
663969,Tyler Phillips,146,Miami Marlins,,P,2026,,,,,,,,,,,,,,,,,,,,,,,,,,,,,,,,,,,,,,,,,,,,,,,,,2025
676263,Jack Dreyer,119,Los Angeles Dodgers,,P,2026,0.0,0.0,0.0,0.0,0.0,0.0,0.0,0.0,0.0,0.0,0.0,0.0,0.0,0.0,0.0,.000,.000,.000,.000,.---,-.--,0.0,0.0,0.0,,,,,,,,,,,,,,,,,,,,,,,,,2025
666018,Jonathan Aranda,139,Tampa Bay Rays,,1B,2026,337.0,282.0,81.0,12.0,0.0,12.0,44.0,3.0,78.0,5.0,6.0,0.0,129.0,54.0,7.0,.287,.386,.457,.843,.348,23.50,1337.0,59.0,70.0,422.0,370.0,117.0,22.0,0.0,14.0,41.0,3.0,107.0,8.0,3.0,0.0,181.0,59.0,9.0,.316,.393,.489,.882,.409,26.43,1717.0,64.0,85.0,2025
666023,Freddy Fermin,135,San Diego Padres,,C,2026,146.0,124.0,18.0,5.0,0.0,3.0,15.0,0.0,30.0,2.0,2.0,3.0,32.0,11.0,2.0,.145,.245,.258,.503,.161,41.33,596.0,39.0,42.0,347.0,319.0,80.0,13.0,0.0,5.0,19.0,1.0,65.0,2.0,0.0,7.0,108.0,26.0,5.0,.251,.297,.339,.636,.301,63.80,1372.0,88.0,93.0,2025
805299,Brandyn Garcia,109,Arizona Diamondbacks,,P,2026,,,,,,,,,,,,,,,,,,,,,,,,,0.0,0.0,0.0,0.0,0.0,0.0,0.0,0.0,0.0,0.0,0.0,0.0,0.0,0.0,0.0,.000,.000,.000,.000,.---,-.--,0.0,0.0,0.0,2025
643511,Tyler Rogers,141,Toronto Blue Jays,,P,2026,,,,,,,,,,,,,,,,,,,,,,,,,0.0,0.0,0.0,0.0,0.0,0.0,0.0,0.0,0.0,0.0,0.0,0.0,0.0,0.0,0.0,.000,.000,.000,.000,.---,-.--,0.0,0.0,0.0,2025
805300,Jakob Marsee,146,Miami Marlins,,CF,2026,327.0,273.0,54.0,10.0,3.0,4.0,43.0,0.0,77.0,7.0,1.0,3.0,82.0,19.0,1.0,.198,.321,.300,.621,.259,68.25,1302.0,60.0,86.0,234.0,209.0,61.0,18.0,3.0,5.0,22.0,0.0,48.0,2.0,1.0,0.0,100.0,33.0,2.0,.292,.363,.478,.841,.357,41.80,881.0,52.0,49.0,2025
663992,Richard Lovelady,120,Washington Nationals,,P,2026,,,,,,,,,,,,,,,,,,,,,,,,,,,,,,,,,,,,,,,,,,,,,,,,,2025
663993,Nathaniel Lowe,113,Cincinnati Reds,,DH,2026,197.0,172.0,44.0,11.0,0.0,9.0,25.0,1.0,48.0,0.0,0.0,0.0,82.0,25.0,1.0,.256,.350,.477,.827,.304,19.11,841.0,42.0,38.0,609.0,540.0,123.0,23.0,3.0,18.0,62.0,2.0,159.0,2.0,5.0,0.0,206.0,84.0,6.0,.228,.307,.381,.688,.285,30.00,2607.0,130.0,133.0,2025
518585,Fernando Cruz,147,New York Yankees,,P,2026,,,,,,,,,,,,,,,,,,,,,,,,,,,,,,,,,,,,,,,,,,,,,,,,,2025
676282,Joey Cantillo,114,Cleveland Guardians,,P,2026,,,,,,,,,,,,,,,,,,,,,,,,,,,,,,,,,,,,,,,,,,,,,,,,,2025
575929,Willson Contreras,111,Boston Red Sox,,1B,2026,321.0,275.0,76.0,13.0,2.0,16.0,29.0,1.0,83.0,14.0,3.0,0.0,141.0,46.0,7.0,.276,.371,.513,.884,.335,17.19,1241.0,55.0,64.0,563.0,490.0,126.0,31.0,1.0,20.0,44.0,1.0,142.0,23.0,4.0,1.0,219.0,80.0,15.0,.257,.344,.447,.791,.319,24.50,2160.0,112.0,115.0,2025
608701,Rob Refsnyder,136,Seattle Mariners,,DH,2026,116.0,102.0,14.0,0.0,0.0,3.0,7.0,0.0,31.0,3.0,3.0,1.0,23.0,9.0,2.0,.137,.209,.225,.434,.155,34.00,461.0,26.0,35.0,209.0,182.0,49.0,12.0,0.0,9.0,24.0,1.0,54.0,1.0,2.0,0.0,88.0,30.0,6.0,.269,.354,.484,.838,.331,20.22,887.0,43.0,38.0,2025
694728,Brice Matthews,117,Houston Astros,,CF,2026,201.0,185.0,37.0,5.0,1.0,6.0,13.0,0.0,66.0,0.0,1.0,2.0,62.0,18.0,3.0,.200,.251,.335,.586,.272,30.83,835.0,44.0,41.0,47.0,42.0,7.0,0.0,0.0,4.0,2.0,0.0,20.0,1.0,0.0,2.0,19.0,9.0,0.0,.167,.222,.452,.674,.167,10.50,179.0,7.0,10.0,2025
686527,Dominic Canzone,136,Seattle Mariners,,DH,2026,205.0,182.0,50.0,12.0,1.0,12.0,18.0,0.0,41.0,3.0,2.0,0.0,100.0,33.0,1.0,.275,.346,.549,.895,.290,15.17,763.0,44.0,49.0,269.0,243.0,73.0,11.0,0.0,11.0,20.0,0.0,59.0,3.0,2.0,0.0,117.0,32.0,6.0,.300,.358,.481,.839,.354,22.09,1028.0,55.0,59.0,2025
592332,Kevin Gausman,141,Toronto Blue Jays,,P,2026,,,,,,,,,,,,,,,,,,,,,,,,,,,,,,,,,,,,,,,,,,,,,,,,,2025
641487,J.P. Crawford,136,Seattle Mariners,,SS,2026,268.0,224.0,50.0,5.0,0.0,10.0,38.0,0.0,50.0,5.0,1.0,0.0,85.0,24.0,3.0,.223,.347,.379,.726,.242,22.40,1115.0,62.0,63.0,654.0,570.0,151.0,24.0,0.0,12.0,74.0,1.0,122.0,3.0,1.0,6.0,211.0,58.0,11.0,.265,.352,.370,.722,.318,47.50,2731.0,155.0,149.0,2025
664023,Ian Happ,112,Chicago Cubs,,LF,2026,337.0,288.0,66.0,15.0,2.0,16.0,44.0,3.0,106.0,4.0,1.0,0.0,133.0,38.0,7.0,.229,.338,.462,.800,.299,18.00,1381.0,51.0,66.0,663.0,569.0,138.0,32.0,0.0,23.0,87.0,2.0,151.0,2.0,5.0,0.0,239.0,79.0,8.0,.243,.342,.420,.762,.288,24.74,2717.0,120.0,165.0,2025
608718,Brent Suter,108,Los Angeles Angels,,P,2026,,,,,,,,,,,,,,,,,,,,,,,,,,,,,,,,,,,,,,,,,,,,,,,,,2025
621020,Dansby Swanson,112,Chicago Cubs,,SS,2026,299.0,256.0,51.0,9.0,2.0,11.0,37.0,0.0,71.0,1.0,4.0,1.0,97.0,46.0,2.0,.199,.299,.379,.678,.225,23.27,1198.0,65.0,74.0,645.0,590.0,144.0,24.0,3.0,24.0,47.0,1.0,168.0,2.0,5.0,1.0,246.0,77.0,9.0,.244,.300,.417,.717,.298,24.58,2521.0,137.0,147.0,2025
664040,Brandon Lowe,134,Pittsburgh Pirates,,2B,2026,331.0,293.0,73.0,19.0,1.0,19.0,33.0,0.0,83.0,2.0,3.0,0.0,151.0,51.0,3.0,.249,.326,.515,.841,.278,15.42,1333.0,60.0,80.0,553.0,507.0,130.0,19.0,0.0,31.0,38.0,1.0,149.0,2.0,6.0,0.0,242.0,83.0,6.0,.256,.307,.477,.784,.297,16.36,2146.0,107.0,127.0,2025
664034,Ty France,135,San Diego Padres,,1B,2026,176.0,163.0,41.0,7.0,2.0,9.0,9.0,1.0,45.0,2.0,1.0,0.0,79.0,26.0,5.0,.252,.297,.485,.782,.291,18.11,708.0,45.0,33.0,490.0,444.0,114.0,25.0,0.0,7.0,22.0,1.0,83.0,21.0,3.0,0.0,160.0,52.0,11.0,.257,.320,.360,.680,.300,63.43,1873.0,137.0,113.0,2025
686580,Justin Slaten,111,Boston Red Sox,,P,2026,,,,,,,,,,,,,,,,,,,,,,,,,,,,,,,,,,,,,,,,,,,,,,,,,2025
678391,Jorbit Vivas,120,Washington Nationals,,3B,2026,168.0,145.0,37.0,7.0,0.0,3.0,14.0,0.0,22.0,4.0,2.0,2.0,53.0,14.0,3.0,.255,.333,.366,.699,.279,48.33,578.0,44.0,46.0,66.0,56.0,9.0,2.0,0.0,1.0,5.0,0.0,13.0,3.0,0.0,0.0,14.0,5.0,0.0,.161,.266,.250,.516,.190,56.00,246.0,17.0,17.0,2025
688642,Zach Agnos,115,Colorado Rockies,,P,2026,,,,,,,,,,,,,,,,,,,,,,,,,0.0,0.0,0.0,0.0,0.0,0.0,0.0,0.0,0.0,0.0,0.0,0.0,0.0,0.0,0.0,.000,.000,.000,.000,.---,-.--,0.0,0.0,0.0,2025
676356,Jonny DeLuca,139,Tampa Bay Rays,,RF,2026,145.0,137.0,37.0,13.0,0.0,4.0,6.0,0.0,30.0,0.0,0.0,2.0,62.0,23.0,6.0,.270,.301,.453,.754,.320,34.25,536.0,33.0,39.0,59.0,57.0,19.0,1.0,3.0,0.0,2.0,0.0,13.0,0.0,0.0,0.0,26.0,4.0,0.0,.333,.356,.456,.812,.432,-.--,224.0,10.0,15.0,2025
700932,Kyle Manzardo,114,Cleveland Guardians,,1B,2026,253.0,219.0,51.0,7.0,1.0,9.0,28.0,0.0,80.0,4.0,2.0,0.0,87.0,27.0,4.0,.233,.328,.397,.725,.318,24.33,1056.0,37.0,53.0,531.0,470.0,110.0,19.0,2.0,27.0,48.0,2.0,135.0,8.0,5.0,0.0,214.0,70.0,7.0,.234,.313,.455,.768,.265,17.41,2018.0,82.0,148.0,2025
543243,Sonny Gray,111,Boston Red Sox,,P,2026,,,,,,,,,,,,,,,,,,,,,,,,,,,,,,,,,,,,,,,,,,,,,,,,,2025
664076,Garrett Cleavinger,139,Tampa Bay Rays,,P,2026,,,,,,,,,,,,,,,,,,,,,,,,,,,,,,,,,,,,,,,,,,,,,,,,,2025
676369,Nelson Velázquez,138,St. Louis Cardinals,,LF,2026,40.0,36.0,10.0,2.0,0.0,2.0,3.0,0.0,10.0,1.0,0.0,0.0,18.0,6.0,0.0,.278,.350,.500,.850,.333,18.00,153.0,8.0,8.0,,,,,,,,,,,,,,,,,,,,,,,,,2025
666126,Carlos Cortes,133,Athletics,,RF,2026,206.0,181.0,50.0,9.0,1.0,6.0,21.0,0.0,23.0,3.0,1.0,0.0,79.0,22.0,8.0,.276,.359,.436,.795,.288,30.17,841.0,59.0,50.0,99.0,94.0,29.0,8.0,1.0,4.0,3.0,0.0,20.0,0.0,2.0,0.0,51.0,14.0,3.0,.309,.323,.543,.866,.347,23.50,375.0,24.0,23.0,2025
621074,Michael Rucker,136,Seattle Mariners,,P,2026,,,,,,,,,,,,,,,,,,,,,,,,,,,,,,,,,,,,,,,,,,,,,,,,,2025
686611,Dylan Crews,120,Washington Nationals,,RF,2026,128.0,122.0,28.0,4.0,0.0,5.0,2.0,0.0,26.0,4.0,0.0,0.0,47.0,17.0,2.0,.230,.266,.385,.651,.253,24.40,436.0,30.0,38.0,322.0,293.0,61.0,8.0,2.0,10.0,24.0,0.0,76.0,5.0,0.0,0.0,103.0,27.0,4.0,.208,.280,.352,.632,.246,29.30,1150.0,80.0,76.0,2025
686613,Hunter Brown,117,Houston Astros,,P,2026,,,,,,,,,,,,,,,,,,,,,,,,,,,,,,,,,,,,,,,,,,,,,,,,,2025
672275,Patrick Bailey,114,Cleveland Guardians,,C,2026,162.0,149.0,27.0,3.0,1.0,2.0,12.0,0.0,41.0,0.0,1.0,0.0,38.0,12.0,5.0,.181,.241,.255,.496,.234,74.50,666.0,43.0,39.0,452.0,409.0,91.0,18.0,3.0,6.0,30.0,0.0,133.0,3.0,6.0,4.0,133.0,55.0,7.0,.222,.277,.325,.602,.308,68.17,1724.0,82.0,113.0,2025
680474,Max Schuemann,147,New York Yankees,,SS,2026,42.0,32.0,6.0,4.0,0.0,0.0,9.0,0.0,10.0,1.0,0.0,0.0,10.0,3.0,0.0,.188,.381,.313,.694,.273,-.--,186.0,6.0,10.0,213.0,183.0,36.0,4.0,2.0,2.0,22.0,0.0,35.0,4.0,1.0,3.0,50.0,13.0,6.0,.197,.295,.273,.568,.231,91.50,838.0,56.0,60.0,2025
666139,Josh Lowe,108,Los Angeles Angels,,LF,2026,138.0,129.0,24.0,2.0,0.0,5.0,6.0,0.0,41.0,1.0,1.0,1.0,41.0,14.0,0.0,.186,.226,.318,.544,.226,25.80,577.0,26.0,40.0,435.0,396.0,87.0,21.0,2.0,11.0,33.0,1.0,109.0,3.0,2.0,1.0,145.0,40.0,7.0,.220,.283,.366,.649,.273,36.00,1842.0,105.0,98.0,2025
672282,Reid Detmers,108,Los Angeles Angels,,P,2026,,,,,,,,,,,,,,,,,,,,,,,,,,,,,,,,,,,,,,,,,,,,,,,,,2025
672284,Jarred Kelenic,140,Texas Rangers,,RF,2026,67.0,60.0,13.0,2.0,0.0,1.0,7.0,0.0,24.0,0.0,0.0,0.0,18.0,4.0,0.0,.217,.299,.300,.599,.343,60.00,265.0,7.0,16.0,65.0,60.0,10.0,2.0,0.0,2.0,5.0,0.0,23.0,0.0,0.0,0.0,18.0,2.0,1.0,.167,.231,.300,.531,.229,30.00,258.0,14.0,13.0,2025
694819,Jacob Misiorowski,158,Milwaukee Brewers,,P,2026,,,,,,,,,,,,,,,,,,,,,,,,,,,,,,,,,,,,,,,,,,,,,,,,,2025
518692,Freddie Freeman,119,Los Angeles Dodgers,,1B,2026,341.0,294.0,83.0,19.0,1.0,13.0,41.0,1.0,57.0,3.0,3.0,0.0,143.0,43.0,11.0,.282,.372,.486,.858,.308,22.62,1413.0,79.0,78.0,627.0,556.0,164.0,39.0,2.0,24.0,60.0,7.0,128.0,6.0,5.0,0.0,279.0,90.0,13.0,.295,.367,.502,.869,.342,23.17,2382.0,128.0,141.0,2025
670245,Ryan Watson,111,Boston Red Sox,,P,2026,,,,,,,,,,,,,,,,,,,,,,,,,,,,,,,,,,,,,,,,,,,,,,,,,2025
676391,Ernie Clement,141,Toronto Blue Jays,,2B,2026,311.0,299.0,88.0,20.0,1.0,7.0,10.0,0.0,32.0,0.0,2.0,0.0,131.0,28.0,5.0,.294,.315,.438,.753,.309,42.71,931.0,71.0,110.0,588.0,545.0,151.0,35.0,2.0,9.0,27.0,1.0,61.0,4.0,5.0,7.0,217.0,50.0,13.0,.277,.313,.398,.711,.296,60.56,1871.0,129.0,216.0,2025
666152,David Hamilton,158,Milwaukee Brewers,,SS,2026,214.0,184.0,42.0,5.0,1.0,3.0,20.0,0.0,50.0,1.0,0.0,8.0,58.0,12.0,1.0,.228,.307,.315,.622,.298,61.33,844.0,50.0,50.0,194.0,177.0,35.0,4.0,1.0,6.0,13.0,0.0,47.0,1.0,0.0,3.0,59.0,19.0,3.0,.198,.257,.333,.590,.234,29.50,742.0,44.0,54.0,2025
571948,Hoby Milner,112,Chicago Cubs,,P,2026,,,,,,,,,,,,,,,,,,,,,,,,,0.0,0.0,0.0,0.0,0.0,0.0,0.0,0.0,0.0,0.0,0.0,0.0,0.0,0.0,0.0,.000,.000,.000,.000,.---,-.--,0.0,0.0,0.0,2025
621097,Jacob Waguespack,116,Detroit Tigers,,P,2026,,,,,,,,,,,,,,,,,,,,,,,,,,,,,,,,,,,,,,,,,,,,,,,,,2025
666157,Nick Lodolo,113,Cincinnati Reds,,P,2026,,,,,,,,,,,,,,,,,,,,,,,,,,,,,,,,,,,,,,,,,,,,,,,,,2025
571945,Miles Mikolas,120,Washington Nationals,,P,2026,,,,,,,,,,,,,,,,,,,,,,,,,,,,,,,,,,,,,,,,,,,,,,,,,2025
623149,Paul Sewald,109,Arizona Diamondbacks,,P,2026,,,,,,,,,,,,,,,,,,,,,,,,,,,,,,,,,,,,,,,,,,,,,,,,,2025
666160,Mickey Moniak,115,Colorado Rockies,,LF,2026,170.0,156.0,44.0,9.0,2.0,12.0,10.0,0.0,43.0,3.0,1.0,0.0,93.0,28.0,3.0,.282,.335,.596,.931,.314,13.00,592.0,21.0,49.0,461.0,434.0,117.0,20.0,8.0,24.0,22.0,1.0,110.0,2.0,3.0,0.0,225.0,68.0,4.0,.270,.306,.518,.824,.307,18.08,1598.0,81.0,129.0,2025
805427,Drew Sommers,116,Detroit Tigers,,P,2026,,,,,,,,,,,,,,,,,,,,,,,,,,,,,,,,,,,,,,,,,,,,,,,,,2025
621111,Walker Buehler,135,San Diego Padres,,P,2026,,,,,,,,,,,,,,,,,,,,,,,,,,,,,,,,,,,,,,,,,,,,,,,,,2025
621112,Paul Blackburn,147,New York Yankees,,P,2026,0.0,0.0,0.0,0.0,0.0,0.0,0.0,0.0,0.0,0.0,0.0,0.0,0.0,0.0,0.0,.000,.000,.000,.000,.---,-.--,0.0,0.0,0.0,,,,,,,,,,,,,,,,,,,,,,,,,2025
666171,Ryan Zeferjahn,108,Los Angeles Angels,,P,2026,,,,,,,,,,,,,,,,,,,,,,,,,,,,,,,,,,,,,,,,,,,,,,,,,2025
641598,Mitch Garver,136,Seattle Mariners,,C,2026,116.0,97.0,18.0,2.0,0.0,3.0,18.0,0.0,36.0,1.0,0.0,0.0,29.0,11.0,0.0,.186,.319,.299,.618,.259,32.33,491.0,16.0,27.0,290.0,254.0,53.0,5.0,1.0,9.0,30.0,1.0,80.0,3.0,3.0,0.0,87.0,30.0,6.0,.209,.297,.343,.640,.262,28.22,1166.0,47.0,77.0,2025
664126,Pete Fairbanks,146,Miami Marlins,,P,2026,0.0,0.0,0.0,0.0,0.0,0.0,0.0,0.0,0.0,0.0,0.0,0.0,0.0,0.0,0.0,.000,.000,.000,.000,.---,-.--,0.0,0.0,0.0,,,,,,,,,,,,,,,,,,,,,,,,,2025
666176,Jo Adell,108,Los Angeles Angels,,RF,2026,341.0,319.0,79.0,14.0,0.0,10.0,10.0,0.0,79.0,10.0,2.0,0.0,123.0,41.0,7.0,.248,.290,.386,.676,.297,31.90,1312.0,71.0,92.0,573.0,526.0,124.0,18.0,1.0,37.0,33.0,0.0,151.0,10.0,1.0,0.0,255.0,98.0,10.0,.236,.293,.485,.778,.257,14.22,2220.0,111.0,141.0,2025
664129,Geoff Hartlieb,133,Athletics,,P,2026,,,,,,,,,,,,,,,,,,,,,,,,,,,,,,,,,,,,,,,,,,,,,,,,,2025
623168,Tyler Heineman,108,Los Angeles Angels,,C,2026,94.0,84.0,14.0,2.0,0.0,1.0,3.0,0.0,20.0,3.0,0.0,4.0,19.0,6.0,2.0,.167,.222,.226,.448,.206,84.00,350.0,33.0,21.0,174.0,149.0,43.0,8.0,1.0,3.0,12.0,0.0,31.0,6.0,2.0,5.0,62.0,20.0,1.0,.289,.361,.416,.777,.342,49.67,627.0,30.0,52.0,2025
668227,Randy Arozarena,136,Seattle Mariners,,LF,2026,313.0,271.0,77.0,18.0,1.0,7.0,29.0,0.0,71.0,10.0,3.0,0.0,118.0,33.0,7.0,.284,.371,.435,.806,.357,38.71,1242.0,72.0,54.0,709.0,613.0,146.0,32.0,1.0,27.0,64.0,2.0,191.0,27.0,5.0,0.0,261.0,76.0,9.0,.238,.334,.426,.760,.298,22.70,2873.0,125.0,156.0,2025
571970,Max Muncy,119,Los Angeles Dodgers,,3B,2026,282.0,244.0,65.0,11.0,0.0,16.0,35.0,1.0,68.0,3.0,0.0,0.0,124.0,34.0,4.0,.266,.365,.508,.873,.306,15.25,1130.0,55.0,56.0,388.0,313.0,76.0,10.0,2.0,19.0,64.0,2.0,83.0,6.0,5.0,0.0,147.0,67.0,4.0,.243,.376,.470,.846,.264,16.47,1650.0,61.0,98.0,2025
592454,Tommy Kahnle,111,Boston Red Sox,,P,2026,,,,,,,,,,,,,,,,,,,,,,,,,0.0,0.0,0.0,0.0,0.0,0.0,0.0,0.0,0.0,0.0,0.0,0.0,0.0,0.0,0.0,.000,.000,.000,.000,.---,-.--,0.0,0.0,0.0,2025
670280,David Bednar,147,New York Yankees,,P,2026,,,,,,,,,,,,,,,,,,,,,,,,,,,,,,,,,,,,,,,,,,,,,,,,,2025
608841,Joey Meneses,133,Athletics,,1B,2026,9.0,7.0,1.0,0.0,0.0,0.0,2.0,0.0,1.0,0.0,0.0,0.0,1.0,1.0,1.0,.143,.333,.143,.476,.167,-.--,32.0,3.0,2.0,,,,,,,,,,,,,,,,,,,,,,,,,2025
543309,Kyle Higashioka,140,Texas Rangers,,C,2026,148.0,133.0,31.0,3.0,0.0,5.0,14.0,0.0,40.0,1.0,0.0,0.0,49.0,14.0,5.0,.233,.311,.368,.679,.295,26.60,602.0,30.0,32.0,327.0,303.0,73.0,14.0,1.0,11.0,20.0,0.0,72.0,2.0,2.0,0.0,122.0,47.0,5.0,.241,.291,.403,.694,.279,27.54,1279.0,68.0,92.0,2025
676439,Hunter Feduccia,139,Tampa Bay Rays,,C,2026,108.0,93.0,21.0,3.0,0.0,1.0,11.0,0.0,33.0,1.0,1.0,2.0,27.0,8.0,1.0,.226,.311,.290,.601,.333,93.00,456.0,13.0,29.0,105.0,88.0,13.0,5.0,0.0,0.0,15.0,0.0,29.0,0.0,2.0,0.0,18.0,8.0,0.0,.148,.267,.205,.472,.213,-.--,477.0,21.0,27.0,2025
676440,Tanner Bibee,114,Cleveland Guardians,,P,2026,,,,,,,,,,,,,,,,,,,,,,,,,,,,,,,,,,,,,,,,,,,,,,,,,2025
678489,Jorge Barrosa,109,Arizona Diamondbacks,,CF,2026,119.0,105.0,19.0,10.0,1.0,2.0,9.0,0.0,35.0,1.0,0.0,4.0,37.0,9.0,1.0,.181,.252,.352,.604,.250,52.50,516.0,28.0,27.0,77.0,71.0,10.0,3.0,0.0,1.0,2.0,0.0,22.0,1.0,3.0,0.0,16.0,7.0,1.0,.141,.169,.225,.394,.176,71.00,327.0,18.0,24.0,2025
666211,Taylor Trammell,117,Houston Astros,,CF,2026,90.0,82.0,23.0,5.0,1.0,2.0,6.0,0.0,32.0,1.0,0.0,1.0,36.0,9.0,0.0,.280,.337,.439,.776,.438,41.00,338.0,12.0,16.0,135.0,117.0,23.0,7.0,0.0,3.0,17.0,0.0,41.0,0.0,1.0,0.0,39.0,12.0,0.0,.197,.296,.333,.629,.270,39.00,552.0,26.0,28.0,2025
672356,Gabriel Arias,114,Cleveland Guardians,,SS,2026,54.0,52.0,10.0,2.0,0.0,2.0,2.0,0.0,25.0,0.0,0.0,0.0,18.0,5.0,0.0,.192,.222,.346,.568,.320,26.00,213.0,13.0,4.0,471.0,432.0,95.0,25.0,2.0,11.0,27.0,1.0,162.0,7.0,4.0,1.0,157.0,54.0,8.0,.220,.274,.363,.637,.319,39.27,1792.0,101.0,79.0,2025
682608,Peyton Gray,140,Texas Rangers,,P,2026,,,,,,,,,,,,,,,,,,,,,,,,,,,,,,,,,,,,,,,,,,,,,,,,,2025
670329,Rico Garcia,110,Baltimore Orioles,,P,2026,0.0,0.0,0.0,0.0,0.0,0.0,0.0,0.0,0.0,0.0,0.0,0.0,0.0,0.0,0.0,.000,.000,.000,.000,.---,-.--,0.0,0.0,0.0,,,,,,,,,,,,,,,,,,,,,,,,,2025
662139,Daulton Varsho,141,Toronto Blue Jays,,CF,2026,255.0,229.0,61.0,15.0,2.0,7.0,23.0,2.0,50.0,2.0,1.0,0.0,101.0,22.0,1.0,.266,.337,.441,.778,.312,32.71,967.0,52.0,67.0,271.0,248.0,59.0,13.0,2.0,20.0,17.0,1.0,77.0,1.0,5.0,0.0,136.0,55.0,1.0,.238,.284,.548,.832,.250,12.40,986.0,41.0,76.0,2025
676475,Alec Burleson,138,St. Louis Cardinals,,1B,2026,337.0,302.0,87.0,20.0,1.0,13.0,29.0,2.0,49.0,3.0,3.0,0.0,148.0,57.0,9.0,.288,.353,.490,.843,.305,23.23,1200.0,82.0,87.0,546.0,497.0,144.0,26.0,2.0,18.0,39.0,1.0,79.0,3.0,4.0,1.0,228.0,69.0,14.0,.290,.343,.459,.802,.312,27.61,1933.0,119.0,160.0,2025
680573,Simeon Woods Richardson,141,Toronto Blue Jays,,P,2026,,,,,,,,,,,,,,,,,,,,,,,,,,,,,,,,,,,,,,,,,,,,,,,,,2025
680574,Matt McLain,113,Cincinnati Reds,,2B,2026,288.0,250.0,50.0,13.0,0.0,8.0,34.0,0.0,75.0,3.0,0.0,1.0,87.0,25.0,3.0,.200,.303,.348,.651,.251,31.25,1150.0,50.0,76.0,577.0,510.0,112.0,18.0,0.0,15.0,55.0,0.0,167.0,5.0,4.0,3.0,175.0,50.0,8.0,.220,.300,.343,.643,.292,34.00,2365.0,96.0,142.0,2025
682622,Noelvi Marte,113,Cincinnati Reds,,RF,2026,87.0,80.0,16.0,4.0,0.0,3.0,7.0,0.0,23.0,0.0,0.0,0.0,29.0,4.0,2.0,.200,.264,.363,.627,.241,26.67,343.0,27.0,14.0,360.0,339.0,89.0,17.0,2.0,14.0,16.0,0.0,85.0,3.0,2.0,0.0,152.0,51.0,7.0,.263,.300,.448,.748,.310,24.21,1267.0,87.0,80.0,2025
676477,Garrett Whitlock,111,Boston Red Sox,,P,2026,0.0,0.0,0.0,0.0,0.0,0.0,0.0,0.0,0.0,0.0,0.0,0.0,0.0,0.0,0.0,.000,.000,.000,.000,.---,-.--,0.0,0.0,0.0,0.0,0.0,0.0,0.0,0.0,0.0,0.0,0.0,0.0,0.0,0.0,0.0,0.0,0.0,0.0,.000,.000,.000,.000,.---,-.--,0.0,0.0,0.0,2025
672386,Alejandro Kirk,141,Toronto Blue Jays,,C,2026,56.0,51.0,10.0,2.0,0.0,1.0,4.0,0.0,8.0,0.0,1.0,0.0,15.0,6.0,1.0,.196,.250,.294,.544,.209,51.00,212.0,19.0,15.0,506.0,451.0,127.0,18.0,0.0,15.0,48.0,2.0,59.0,1.0,6.0,0.0,190.0,76.0,16.0,.282,.348,.421,.769,.292,30.07,1977.0,132.0,139.0,2025
699013,Esmerlyn Valdez,134,Pittsburgh Pirates,,RF,2026,35.0,33.0,5.0,2.0,0.0,2.0,2.0,0.0,17.0,0.0,0.0,0.0,13.0,6.0,1.0,.152,.200,.394,.594,.214,16.50,149.0,4.0,7.0,,,,,,,,,,,,,,,,,,,,,,,,,2025
664199,Taylor Clarke,109,Arizona Diamondbacks,,P,2026,,,,,,,,,,,,,,,,,,,,,,,,,0.0,0.0,0.0,0.0,0.0,0.0,0.0,0.0,0.0,0.0,0.0,0.0,0.0,0.0,0.0,.000,.000,.000,.000,.---,-.--,0.0,0.0,0.0,2025
664208,Phil Maton,112,Chicago Cubs,,P,2026,,,,,,,,,,,,,,,,,,,,,,,,,0.0,0.0,0.0,0.0,0.0,0.0,0.0,0.0,0.0,0.0,0.0,0.0,0.0,0.0,0.0,.000,.000,.000,.000,.---,-.--,0.0,0.0,0.0,2025
592518,Manny Machado,135,San Diego Padres,,3B,2026,323.0,283.0,52.0,13.0,0.0,14.0,34.0,1.0,72.0,0.0,5.0,1.0,107.0,43.0,6.0,.184,.267,.378,.645,.188,20.21,1306.0,83.0,82.0,678.0,615.0,169.0,33.0,0.0,27.0,55.0,4.0,131.0,3.0,5.0,0.0,283.0,95.0,16.0,.275,.335,.460,.795,.307,22.78,2647.0,144.0,176.0,2025
641680,Jonah Heim,133,Athletics,,C,2026,124.0,111.0,27.0,8.0,0.0,6.0,11.0,0.0,21.0,0.0,2.0,0.0,53.0,18.0,3.0,.243,.306,.477,.783,.244,18.50,449.0,31.0,34.0,433.0,395.0,84.0,14.0,0.0,11.0,32.0,0.0,88.0,1.0,4.0,1.0,131.0,43.0,10.0,.213,.271,.332,.603,.243,35.91,1704.0,106.0,122.0,2025
594580,Sam Moll,113,Cincinnati Reds,,P,2026,,,,,,,,,,,,,,,,,,,,,,,,,,,,,,,,,,,,,,,,,,,,,,,,,2025
686753,Drey Jameson,109,Arizona Diamondbacks,,P,2026,,,,,,,,,,,,,,,,,,,,,,,,,0.0,0.0,0.0,0.0,0.0,0.0,0.0,0.0,0.0,0.0,0.0,0.0,0.0,0.0,0.0,.000,.000,.000,.000,.---,-.--,0.0,0.0,0.0,2025
678554,Curtis Mead,120,Washington Nationals,,1B,2026,237.0,206.0,46.0,10.0,0.0,14.0,27.0,0.0,44.0,4.0,0.0,0.0,98.0,39.0,6.0,.223,.325,.476,.801,.216,14.71,1020.0,49.0,67.0,264.0,240.0,56.0,10.0,1.0,3.0,15.0,0.0,63.0,8.0,1.0,0.0,77.0,19.0,9.0,.233,.299,.321,.620,.303,80.00,1019.0,47.0,75.0,2025
666277,George Soriano,138,St. Louis Cardinals,,P,2026,0.0,0.0,0.0,0.0,0.0,0.0,0.0,0.0,0.0,0.0,0.0,0.0,0.0,0.0,0.0,.000,.000,.000,.000,.---,-.--,0.0,0.0,0.0,,,,,,,,,,,,,,,,,,,,,,,,,2025
676534,Calvin Faucher,146,Miami Marlins,,P,2026,,,,,,,,,,,,,,,,,,,,,,,,,,,,,,,,,,,,,,,,,,,,,,,,,2025
694973,Paul Skenes,134,Pittsburgh Pirates,,P,2026,,,,,,,,,,,,,,,,,,,,,,,,,,,,,,,,,,,,,,,,,,,,,,,,,2025
686780,Pedro Pagés,138,St. Louis Cardinals,,C,2026,143.0,129.0,28.0,6.0,0.0,4.0,6.0,0.0,35.0,2.0,2.0,4.0,46.0,11.0,5.0,.217,.259,.357,.616,.261,32.25,582.0,34.0,38.0,389.0,361.0,83.0,15.0,0.0,11.0,19.0,1.0,107.0,3.0,3.0,3.0,131.0,45.0,9.0,.230,.272,.363,.635,.293,32.82,1486.0,87.0,90.0,2025
672456,Keider Montero,116,Detroit Tigers,,P,2026,,,,,,,,,,,,,,,,,,,,,,,,,,,,,,,,,,,,,,,,,,,,,,,,,2025
686797,Brooks Lee,142,Minnesota Twins,,SS,2026,309.0,283.0,68.0,11.0,2.0,13.0,22.0,0.0,48.0,2.0,1.0,1.0,122.0,45.0,4.0,.240,.299,.431,.730,.247,21.77,1149.0,78.0,91.0,527.0,487.0,115.0,15.0,1.0,16.0,31.0,0.0,92.0,4.0,5.0,0.0,180.0,64.0,11.0,.236,.285,.370,.655,.258,30.44,2009.0,138.0,147.0,2025
678606,José A. Ferrer,136,Seattle Mariners,,P,2026,,,,,,,,,,,,,,,,,,,,,,,,,0.0,0.0,0.0,0.0,0.0,0.0,0.0,0.0,0.0,0.0,0.0,0.0,0.0,0.0,0.0,.000,.000,.000,.000,.---,-.--,0.0,0.0,0.0,2025
676571,PJ Poulin,120,Washington Nationals,,P,2026,,,,,,,,,,,,,,,,,,,,,,,,,0.0,0.0,0.0,0.0,0.0,0.0,0.0,0.0,0.0,0.0,0.0,0.0,0.0,0.0,0.0,.000,.000,.000,.000,.---,-.--,0.0,0.0,0.0,2025
518876,Merrill Kelly,109,Arizona Diamondbacks,,P,2026,,,,,,,,,,,,,,,,,,,,,,,,,,,,,,,,,,,,,,,,,,,,,,,,,2025
664285,Framber Valdez,116,Detroit Tigers,,P,2026,,,,,,,,,,,,,,,,,,,,,,,,,,,,,,,,,,,,,,,,,,,,,,,,,2025
668390,Cole Winn,140,Texas Rangers,,P,2026,,,,,,,,,,,,,,,,,,,,,,,,,,,,,,,,,,,,,,,,,,,,,,,,,2025
518886,Craig Kimbrel,139,Tampa Bay Rays,,P,2026,,,,,,,,,,,,,,,,,,,,,,,,,,,,,,,,,,,,,,,,,,,,,,,,,2025
701162,Ben Malgeri,116,Detroit Tigers,,CF,2026,7.0,6.0,2.0,0.0,0.0,0.0,0.0,0.0,3.0,0.0,1.0,0.0,2.0,1.0,0.0,.333,.286,.333,.619,.500,-.--,28.0,0.0,2.0,,,,,,,,,,,,,,,,,,,,,,,,,2025
690925,Clayton Beeter,120,Washington Nationals,,P,2026,0.0,0.0,0.0,0.0,0.0,0.0,0.0,0.0,0.0,0.0,0.0,0.0,0.0,0.0,0.0,.000,.000,.000,.000,.---,-.--,0.0,0.0,0.0,,,,,,,,,,,,,,,,,,,,,,,,,2025
690924,Braxton Fulford,115,Colorado Rockies,,DH,2026,47.0,39.0,9.0,3.0,0.0,1.0,6.0,0.0,17.0,0.0,2.0,0.0,15.0,7.0,0.0,.231,.319,.385,.704,.348,39.00,204.0,2.0,13.0,120.0,108.0,23.0,5.0,2.0,1.0,7.0,0.0,36.0,2.0,3.0,0.0,35.0,16.0,1.0,.213,.267,.324,.591,.297,108.00,455.0,20.0,32.0,2025
649966,Luis Urías,141,Toronto Blue Jays,,SS,2026,10.0,9.0,3.0,0.0,0.0,1.0,1.0,0.0,1.0,0.0,0.0,0.0,6.0,2.0,0.0,.333,.400,.667,1.067,.286,9.00,42.0,3.0,2.0,330.0,287.0,66.0,7.0,0.0,8.0,31.0,0.0,45.0,6.0,3.0,0.0,97.0,25.0,9.0,.230,.315,.338,.653,.245,35.88,1302.0,81.0,98.0,2025
662253,Andrés Muñoz,136,Seattle Mariners,,P,2026,,,,,,,,,,,,,,,,,,,,,,,,,,,,,,,,,,,,,,,,,,,,,,,,,2025
680694,Kyle Bradish,110,Baltimore Orioles,,P,2026,0.0,0.0,0.0,0.0,0.0,0.0,0.0,0.0,0.0,0.0,0.0,0.0,0.0,0.0,0.0,.000,.000,.000,.000,.---,-.--,0.0,0.0,0.0,,,,,,,,,,,,,,,,,,,,,,,,,2025
592626,Joc Pederson,140,Texas Rangers,,DH,2026,253.0,214.0,53.0,7.0,2.0,12.0,32.0,1.0,52.0,3.0,3.0,0.0,100.0,28.0,8.0,.248,.349,.467,.816,.268,17.83,1032.0,54.0,58.0,306.0,265.0,48.0,10.0,1.0,9.0,34.0,0.0,65.0,5.0,1.0,0.0,87.0,26.0,5.0,.181,.285,.328,.613,.203,29.44,1237.0,68.0,85.0,2025
641778,Eric Lauer,119,Los Angeles Dodgers,,P,2026,,,,,,,,,,,,,,,,,,,,,,,,,,,,,,,,,,,,,,,,,,,,,,,,,2025
623352,Josh Hader,117,Houston Astros,,P,2026,,,,,,,,,,,,,,,,,,,,,,,,,0.0,0.0,0.0,0.0,0.0,0.0,0.0,0.0,0.0,0.0,0.0,0.0,0.0,0.0,0.0,.000,.000,.000,.000,.---,-.--,0.0,0.0,0.0,2025
680700,Richie Palacios,139,Tampa Bay Rays,,2B,2026,188.0,162.0,39.0,6.0,2.0,1.0,22.0,0.0,37.0,3.0,1.0,0.0,52.0,21.0,4.0,.241,.340,.321,.661,.304,162.00,737.0,41.0,46.0,48.0,42.0,14.0,2.0,0.0,1.0,5.0,0.0,9.0,0.0,1.0,0.0,19.0,3.0,3.0,.333,.396,.452,.848,.394,42.00,190.0,11.0,9.0,2025
676604,Tyler Zuber,146,Miami Marlins,,P,2026,,,,,,,,,,,,,,,,,,,,,,,,,,,,,,,,,,,,,,,,,,,,,,,,,2025
641793,Zack Littell,120,Washington Nationals,,P,2026,,,,,,,,,,,,,,,,,,,,,,,,,,,,,,,,,,,,,,,,,,,,,,,,,2025
676609,José Caballero,147,New York Yankees,,SS,2026,246.0,224.0,58.0,10.0,0.0,8.0,15.0,0.0,50.0,5.0,2.0,0.0,92.0,28.0,8.0,.259,.317,.411,.728,.298,28.00,970.0,66.0,52.0,370.0,314.0,74.0,18.0,1.0,5.0,47.0,0.0,98.0,3.0,2.0,4.0,109.0,36.0,1.0,.236,.339,.347,.686,.324,62.80,1501.0,61.0,87.0,2025
676617,Riley O'Brien,138,St. Louis Cardinals,,P,2026,,,,,,,,,,,,,,,,,,,,,,,,,,,,,,,,,,,,,,,,,,,,,,,,,2025
672515,Gabriel Moreno,109,Arizona Diamondbacks,,C,2026,210.0,180.0,50.0,12.0,0.0,6.0,23.0,0.0,35.0,3.0,4.0,0.0,80.0,26.0,3.0,.278,.362,.444,.806,.308,30.00,901.0,48.0,51.0,309.0,277.0,79.0,12.0,1.0,9.0,29.0,3.0,53.0,1.0,2.0,0.0,120.0,40.0,6.0,.285,.353,.433,.786,.323,30.78,1314.0,60.0,87.0,2025
678662,Ezequiel Tovar,115,Colorado Rockies,,SS,2026,284.0,264.0,55.0,14.0,0.0,6.0,15.0,0.0,81.0,2.0,3.0,0.0,87.0,25.0,5.0,.208,.254,.330,.584,.272,44.00,1052.0,57.0,74.0,390.0,360.0,91.0,18.0,4.0,9.0,21.0,0.0,98.0,1.0,2.0,6.0,144.0,33.0,2.0,.253,.294,.400,.694,.322,40.00,1469.0,76.0,103.0,2025
606996,Kyle Hart,135,San Diego Padres,,P,2026,,,,,,,,,,,,,,,,,,,,,,,,,,,,,,,,,,,,,,,,,,,,,,,,,2025
680730,Mitchell Parker,120,Washington Nationals,,P,2026,,,,,,,,,,,,,,,,,,,,,,,,,,,,,,,,,,,,,,,,,,,,,,,,,2025
666397,Edouard Julien,115,Colorado Rockies,,2B,2026,211.0,184.0,41.0,5.0,1.0,2.0,26.0,0.0,57.0,1.0,0.0,0.0,54.0,17.0,6.0,.223,.322,.293,.615,.312,92.00,876.0,43.0,43.0,208.0,182.0,40.0,10.0,0.0,3.0,22.0,0.0,61.0,2.0,1.0,1.0,59.0,12.0,3.0,.220,.309,.324,.633,.311,60.67,876.0,50.0,33.0,2025
680728,Adrian Del Castillo,109,Arizona Diamondbacks,,DH,2026,150.0,137.0,26.0,4.0,0.0,4.0,12.0,0.0,44.0,0.0,1.0,0.0,42.0,20.0,5.0,.190,.253,.307,.560,.244,34.25,618.0,31.0,37.0,131.0,120.0,29.0,6.0,0.0,4.0,8.0,0.0,47.0,1.0,2.0,0.0,47.0,17.0,2.0,.242,.290,.392,.682,.352,30.00,535.0,16.0,30.0,2025
807712,Luke Keaschall,142,Minnesota Twins,,2B,2026,302.0,265.0,66.0,12.0,1.0,2.0,29.0,1.0,47.0,5.0,3.0,0.0,86.0,24.0,4.0,.249,.331,.325,.656,.292,132.50,1136.0,59.0,96.0,207.0,182.0,55.0,14.0,0.0,4.0,19.0,0.0,29.0,5.0,1.0,0.0,81.0,28.0,4.0,.302,.382,.445,.827,.340,45.50,774.0,49.0,50.0,2025
680736,Justin Wrobleski,119,Los Angeles Dodgers,,P,2026,,,,,,,,,,,,,,,,,,,,,,,,,,,,,,,,,,,,,,,,,,,,,,,,,2025
807713,Matt Shaw,112,Chicago Cubs,,RF,2026,140.0,126.0,31.0,6.0,2.0,4.0,9.0,0.0,26.0,3.0,1.0,1.0,53.0,20.0,2.0,.246,.309,.421,.730,.278,31.50,558.0,29.0,42.0,437.0,393.0,89.0,21.0,3.0,13.0,38.0,0.0,94.0,2.0,4.0,0.0,155.0,44.0,2.0,.226,.295,.394,.689,.262,30.23,1720.0,93.0,121.0,2025
690976,Alex Freeland,119,Los Angeles Dodgers,,2B,2026,188.0,162.0,39.0,7.0,0.0,3.0,20.0,0.0,52.0,1.0,2.0,3.0,55.0,17.0,4.0,.241,.324,.340,.664,.330,54.00,771.0,42.0,34.0,97.0,84.0,16.0,2.0,1.0,2.0,11.0,0.0,35.0,1.0,0.0,1.0,26.0,6.0,3.0,.190,.292,.310,.602,.298,42.00,429.0,13.0,21.0,2025
695076,Rhett Lowder,113,Cincinnati Reds,,P,2026,,,,,,,,,,,,,,,,,,,,,,,,,,,,,,,,,,,,,,,,,,,,,,,,,2025
690984,Petey Halpin,114,Cleveland Guardians,,CF,2026,51.0,48.0,9.0,1.0,1.0,0.0,1.0,0.0,15.0,0.0,0.0,2.0,12.0,1.0,0.0,.188,.204,.250,.454,.273,-.--,185.0,9.0,17.0,8.0,6.0,2.0,0.0,0.0,0.0,2.0,0.0,2.0,0.0,0.0,0.0,2.0,0.0,0.0,.333,.500,.333,.833,.500,-.--,33.0,1.0,1.0,2025
690986,Kyle Harrison,158,Milwaukee Brewers,,P,2026,,,,,,,,,,,,,,,,,,,,,,,,,,,,,,,,,,,,,,,,,,,,,,,,,2025
805673,Zebby Matthews,142,Minnesota Twins,,P,2026,,,,,,,,,,,,,,,,,,,,,,,,,,,,,,,,,,,,,,,,,,,,,,,,,2025
660271,Shohei Ohtani,119,Los Angeles Dodgers,,TWP,2026,340.0,275.0,81.0,15.0,2.0,17.0,54.0,9.0,78.0,5.0,4.0,0.0,151.0,46.0,5.0,.295,.414,.549,.963,.348,16.18,1317.0,58.0,62.0,727.0,611.0,172.0,25.0,9.0,55.0,109.0,20.0,187.0,3.0,2.0,0.0,380.0,102.0,9.0,.282,.392,.622,1.014,.315,11.11,2865.0,120.0,134.0,2025
690993,Colt Keith,116,Detroit Tigers,,3B,2026,230.0,215.0,54.0,8.0,2.0,4.0,11.0,0.0,45.0,3.0,1.0,0.0,78.0,17.0,4.0,.251,.296,.363,.659,.299,53.75,821.0,48.0,69.0,468.0,414.0,106.0,22.0,2.0,13.0,48.0,1.0,102.0,2.0,4.0,0.0,171.0,45.0,7.0,.256,.333,.413,.746,.307,31.85,1826.0,87.0,123.0,2025
680755,Braydon Fisher,141,Toronto Blue Jays,,P,2026,,,,,,,,,,,,,,,,,,,,,,,,,,,,,,,,,,,,,,,,,,,,,,,,,2025
680757,Steven Kwan,114,Cleveland Guardians,,CF,2026,299.0,251.0,53.0,9.0,0.0,1.0,39.0,1.0,32.0,3.0,2.0,3.0,65.0,13.0,6.0,.211,.322,.259,.581,.236,251.00,1168.0,75.0,96.0,693.0,625.0,170.0,29.0,1.0,11.0,55.0,2.0,60.0,3.0,7.0,3.0,234.0,56.0,3.0,.272,.330,.374,.704,.283,56.82,2786.0,167.0,238.0,2025
676664,JP Sears,135,San Diego Padres,,P,2026,,,,,,,,,,,,,,,,,,,,,,,,,,,,,,,,,,,,,,,,,,,,,,,,,2025
807743,Sean Sullivan,115,Colorado Rockies,,P,2026,,,,,,,,,,,,,,,,,,,,,,,,,,,,,,,,,,,,,,,,,,,,,,,,,2025
680767,Victor Vodnik,115,Colorado Rockies,,P,2026,0.0,0.0,0.0,0.0,0.0,0.0,0.0,0.0,0.0,0.0,0.0,0.0,0.0,0.0,0.0,.000,.000,.000,.000,.---,-.--,0.0,0.0,0.0,0.0,0.0,0.0,0.0,0.0,0.0,0.0,0.0,0.0,0.0,0.0,0.0,0.0,0.0,0.0,.000,.000,.000,.000,.---,-.--,0.0,0.0,0.0,2025
691008,Max Rajcic,138,St. Louis Cardinals,,P,2026,,,,,,,,,,,,,,,,,,,,,,,,,,,,,,,,,,,,,,,,,,,,,,,,,2025
607043,Brandon Nimmo,140,Texas Rangers,,RF,2026,340.0,306.0,81.0,19.0,3.0,8.0,26.0,1.0,70.0,6.0,2.0,0.0,130.0,28.0,8.0,.265,.332,.425,.757,.317,38.25,1283.0,71.0,86.0,652.0,587.0,154.0,27.0,0.0,25.0,50.0,1.0,141.0,7.0,7.0,1.0,256.0,92.0,8.0,.262,.324,.436,.760,.301,23.48,2602.0,149.0,151.0,2025
572233,Christian Walker,117,Houston Astros,,1B,2026,337.0,304.0,71.0,14.0,1.0,18.0,28.0,2.0,75.0,4.0,1.0,0.0,141.0,52.0,8.0,.234,.306,.464,.770,.250,16.89,1294.0,75.0,84.0,640.0,585.0,139.0,24.0,1.0,27.0,40.0,1.0,177.0,11.0,4.0,0.0,246.0,88.0,10.0,.238,.297,.421,.718,.291,21.67,2513.0,111.0,162.0,2025
680776,Jarren Duran,111,Boston Red Sox,,LF,2026,322.0,295.0,59.0,9.0,2.0,12.0,21.0,0.0,96.0,3.0,3.0,0.0,108.0,38.0,2.0,.200,.258,.366,.624,.247,24.58,1191.0,75.0,68.0,696.0,620.0,159.0,41.0,13.0,16.0,60.0,1.0,169.0,12.0,3.0,1.0,274.0,84.0,6.0,.256,.332,.442,.774,.326,38.75,2624.0,137.0,159.0,2025
514888,Jose Altuve,117,Houston Astros,,2B,2026,257.0,230.0,54.0,12.0,0.0,8.0,24.0,1.0,58.0,1.0,1.0,1.0,90.0,21.0,10.0,.235,.309,.391,.700,.279,28.75,925.0,70.0,50.0,654.0,588.0,156.0,24.0,1.0,26.0,55.0,5.0,109.0,4.0,6.0,1.0,260.0,77.0,20.0,.265,.329,.442,.771,.283,22.62,2314.0,149.0,181.0,2025
680779,Henry Davis,134,Pittsburgh Pirates,,C,2026,155.0,135.0,20.0,5.0,0.0,6.0,14.0,0.0,32.0,4.0,1.0,1.0,43.0,19.0,3.0,.148,.247,.319,.566,.143,22.50,558.0,35.0,50.0,283.0,252.0,42.0,7.0,0.0,7.0,18.0,0.0,76.0,5.0,3.0,3.0,70.0,22.0,2.0,.167,.234,.278,.512,.203,36.00,1069.0,48.0,92.0,2025
676684,Will Vest,116,Detroit Tigers,,P,2026,0.0,0.0,0.0,0.0,0.0,0.0,0.0,0.0,0.0,0.0,0.0,0.0,0.0,0.0,0.0,.000,.000,.000,.000,.---,-.--,0.0,0.0,0.0,,,,,,,,,,,,,,,,,,,,,,,,,2025
670541,Yordan Alvarez,117,Houston Astros,,DH,2026,358.0,296.0,94.0,16.0,0.0,25.0,55.0,13.0,60.0,5.0,2.0,0.0,185.0,56.0,2.0,.318,.430,.625,1.055,.324,11.84,1380.0,50.0,94.0,199.0,165.0,45.0,8.0,0.0,6.0,28.0,5.0,33.0,0.0,6.0,0.0,71.0,27.0,1.0,.273,.367,.430,.797,.295,27.50,803.0,34.0,59.0,2025
682829,Elly De La Cruz,113,Cincinnati Reds,,SS,2026,266.0,239.0,66.0,13.0,2.0,12.0,24.0,0.0,78.0,2.0,1.0,0.0,119.0,37.0,2.0,.276,.346,.498,.844,.360,19.92,1084.0,53.0,43.0,699.0,629.0,166.0,31.0,7.0,22.0,67.0,10.0,181.0,2.0,1.0,0.0,277.0,86.0,14.0,.264,.336,.440,.776,.337,28.59,2678.0,166.0,117.0,2025
691023,Jordan Walker,138,St. Louis Cardinals,,RF,2026,330.0,303.0,88.0,16.0,0.0,18.0,23.0,1.0,84.0,2.0,2.0,0.0,158.0,58.0,6.0,.290,.342,.521,.863,.345,16.83,1185.0,67.0,66.0,396.0,363.0,78.0,13.0,1.0,6.0,29.0,1.0,126.0,3.0,1.0,0.0,111.0,41.0,9.0,.215,.278,.306,.584,.310,60.50,1541.0,75.0,85.0,2025
691016,Tyler Soderstrom,133,Athletics,,LF,2026,330.0,285.0,70.0,20.0,2.0,13.0,42.0,4.0,58.0,2.0,1.0,0.0,133.0,41.0,7.0,.246,.345,.467,.812,.265,21.92,1241.0,86.0,72.0,624.0,561.0,155.0,34.0,1.0,25.0,55.0,2.0,141.0,6.0,2.0,0.0,266.0,93.0,18.0,.276,.346,.474,.820,.327,22.44,2227.0,153.0,114.0,2025
686930,Mason Barnett,133,Athletics,,P,2026,,,,,,,,,,,,,,,,,,,,,,,,,,,,,,,,,,,,,,,,,,,,,,,,,2025
691026,Masyn Winn,138,St. Louis Cardinals,,SS,2026,297.0,261.0,64.0,11.0,2.0,3.0,25.0,0.0,58.0,6.0,5.0,0.0,88.0,31.0,7.0,.245,.320,.337,.657,.298,87.00,1176.0,66.0,78.0,537.0,491.0,124.0,27.0,0.0,9.0,34.0,0.0,102.0,8.0,2.0,2.0,178.0,51.0,11.0,.253,.310,.363,.673,.301,54.56,2256.0,107.0,162.0,2025
676694,Jake Meyers,117,Houston Astros,,CF,2026,134.0,123.0,25.0,5.0,0.0,3.0,9.0,0.0,28.0,1.0,1.0,0.0,39.0,11.0,3.0,.203,.261,.317,.578,.237,41.00,489.0,31.0,40.0,381.0,343.0,100.0,15.0,2.0,3.0,31.0,0.0,67.0,3.0,2.0,2.0,128.0,24.0,9.0,.292,.354,.373,.727,.353,114.33,1340.0,94.0,86.0,2025
445276,Kenley Jansen,116,Detroit Tigers,,P,2026,,,,,,,,,,,,,,,,,,,,,,,,,0.0,0.0,0.0,0.0,0.0,0.0,0.0,0.0,0.0,0.0,0.0,0.0,0.0,0.0,0.0,.000,.000,.000,.000,.---,-.--,0.0,0.0,0.0,2025
682842,Abner Uribe,158,Milwaukee Brewers,,P,2026,,,,,,,,,,,,,,,,,,,,,,,,,,,,,,,,,,,,,,,,,,,,,,,,,2025
607067,Colin Rea,112,Chicago Cubs,,P,2026,,,,,,,,,,,,,,,,,,,,,,,,,1.0,1.0,0.0,0.0,0.0,0.0,0.0,0.0,1.0,0.0,0.0,0.0,0.0,0.0,0.0,.000,.000,.000,.000,.---,-.--,5.0,0.0,0.0,2025
623454,Drew Anderson,116,Detroit Tigers,,P,2026,,,,,,,,,,,,,,,,,,,,,,,,,,,,,,,,,,,,,,,,,,,,,,,,,2025
682848,Endy Rodríguez,134,Pittsburgh Pirates,,C,2026,94.0,76.0,20.0,5.0,0.0,3.0,17.0,0.0,23.0,0.0,0.0,0.0,34.0,11.0,3.0,.263,.398,.447,.845,.340,25.33,371.0,12.0,21.0,57.0,52.0,9.0,4.0,0.0,0.0,5.0,0.0,14.0,0.0,0.0,0.0,13.0,2.0,0.0,.173,.246,.250,.496,.237,-.--,205.0,11.0,18.0,2025
607074,Carlos Rodón,147,New York Yankees,,P,2026,,,,,,,,,,,,,,,,,,,,,,,,,,,,,,,,,,,,,,,,,,,,,,,,,2025
594798,Jacob deGrom,140,Texas Rangers,,P,2026,,,,,,,,,,,,,,,,,,,,,,,,,,,,,,,,,,,,,,,,,,,,,,,,,2025
623474,Jimmy Herget,115,Colorado Rockies,,P,2026,,,,,,,,,,,,,,,,,,,,,,,,,,,,,,,,,,,,,,,,,,,,,,,,,2025
621439,Byron Buxton,142,Minnesota Twins,,CF,2026,315.0,289.0,78.0,14.0,1.0,25.0,22.0,1.0,80.0,3.0,1.0,0.0,169.0,41.0,2.0,.270,.327,.585,.912,.286,11.56,1157.0,41.0,91.0,542.0,488.0,129.0,21.0,7.0,35.0,41.0,5.0,148.0,7.0,6.0,0.0,269.0,83.0,0.0,.264,.327,.551,.878,.302,13.94,2028.0,84.0,133.0,2025
686973,Louis Varland,141,Toronto Blue Jays,,P,2026,,,,,,,,,,,,,,,,,,,,,,,,,,,,,,,,,,,,,,,,,,,,,,,,,2025
807799,Masataka Yoshida,111,Boston Red Sox,,DH,2026,173.0,152.0,36.0,7.0,1.0,1.0,17.0,0.0,21.0,3.0,1.0,0.0,48.0,10.0,1.0,.237,.324,.316,.640,.267,152.00,627.0,54.0,42.0,205.0,188.0,50.0,11.0,0.0,4.0,10.0,0.0,24.0,3.0,4.0,0.0,73.0,26.0,3.0,.266,.307,.388,.695,.280,47.00,715.0,73.0,45.0,2025
672640,Otto Lopez,146,Miami Marlins,,SS,2026,340.0,315.0,107.0,21.0,3.0,6.0,16.0,0.0,48.0,4.0,5.0,0.0,152.0,35.0,7.0,.340,.374,.483,.857,.380,52.50,1228.0,90.0,75.0,594.0,544.0,134.0,21.0,0.0,15.0,44.0,2.0,82.0,3.0,3.0,0.0,200.0,77.0,9.0,.246,.305,.368,.673,.264,36.27,2129.0,174.0,157.0,2025
592773,Ryne Stanek,138,St. Louis Cardinals,,P,2026,,,,,,,,,,,,,,,,,,,,,,,,,0.0,0.0,0.0,0.0,0.0,0.0,0.0,0.0,0.0,0.0,0.0,0.0,0.0,0.0,0.0,.000,.000,.000,.000,.---,-.--,0.0,0.0,0.0,2025
592779,Brock Stewart,119,Los Angeles Dodgers,,P,2026,,,,,,,,,,,,,,,,,,,,,,,,,,,,,,,,,,,,,,,,,,,,,,,,,2025
641933,Tyler O'Neill,110,Baltimore Orioles,,RF,2026,148.0,131.0,24.0,5.0,0.0,2.0,15.0,0.0,41.0,2.0,0.0,0.0,35.0,8.0,2.0,.183,.277,.267,.544,.250,65.50,589.0,22.0,44.0,209.0,181.0,36.0,6.0,1.0,9.0,22.0,1.0,51.0,3.0,3.0,0.0,71.0,26.0,2.0,.199,.292,.392,.684,.218,20.11,821.0,35.0,62.0,2025
553869,Elias Díaz,140,Texas Rangers,,C,2026,52.0,50.0,14.0,4.0,0.0,2.0,1.0,0.0,10.0,0.0,1.0,0.0,24.0,10.0,0.0,.280,.288,.480,.768,.308,25.00,179.0,12.0,15.0,283.0,255.0,52.0,7.0,0.0,9.0,21.0,0.0,74.0,2.0,0.0,5.0,86.0,29.0,11.0,.204,.270,.337,.607,.250,28.33,1055.0,51.0,83.0,2025
656271,Brock Burke,113,Cincinnati Reds,,P,2026,,,,,,,,,,,,,,,,,,,,,,,,,,,,,,,,,,,,,,,,,,,,,,,,,2025
502671,Paul Goldschmidt,147,New York Yankees,,1B,2026,216.0,196.0,59.0,9.0,1.0,14.0,16.0,0.0,44.0,3.0,1.0,0.0,112.0,40.0,2.0,.301,.361,.571,.932,.324,14.00,853.0,49.0,45.0,534.0,489.0,134.0,31.0,1.0,10.0,36.0,5.0,100.0,4.0,2.0,0.0,197.0,45.0,8.0,.274,.328,.403,.731,.325,48.90,2092.0,113.0,144.0,2025
686993,Justin Sterner,133,Athletics,,P,2026,,,,,,,,,,,,,,,,,,,,,,,,,,,,,,,,,,,,,,,,,,,,,,,,,2025
676755,Isaac Mattson,134,Pittsburgh Pirates,,P,2026,,,,,,,,,,,,,,,,,,,,,,,,,,,,,,,,,,,,,,,,,,,,,,,,,2025
676760,Ron Marinaccio,135,San Diego Padres,,P,2026,,,,,,,,,,,,,,,,,,,,,,,,,,,,,,,,,,,,,,,,,,,,,,,,,2025
805779,Jacob Wilson,133,Athletics,,SS,2026,214.0,202.0,56.0,10.0,0.0,4.0,10.0,0.0,25.0,0.0,1.0,1.0,78.0,26.0,4.0,.277,.310,.386,.696,.299,50.50,738.0,69.0,54.0,523.0,486.0,151.0,26.0,0.0,13.0,27.0,1.0,39.0,7.0,1.0,2.0,216.0,63.0,16.0,.311,.355,.444,.799,.317,37.38,1735.0,179.0,120.0,2025
670623,Isaac Paredes,117,Houston Astros,,3B,2026,318.0,273.0,67.0,15.0,0.0,10.0,31.0,0.0,53.0,11.0,3.0,0.0,112.0,41.0,8.0,.245,.343,.410,.753,.268,27.30,1413.0,45.0,111.0,438.0,378.0,96.0,15.0,1.0,20.0,50.0,0.0,76.0,8.0,2.0,0.0,173.0,53.0,10.0,.254,.352,.458,.810,.268,18.90,1943.0,73.0,135.0,2025
656288,Griffin Canning,135,San Diego Padres,,P,2026,,,,,,,,,,,,,,,,,,,,,,,,,,,,,,,,,,,,,,,,,,,,,,,,,2025
701358,Cam Smith,117,Houston Astros,,RF,2026,307.0,271.0,60.0,12.0,1.0,8.0,28.0,0.0,79.0,4.0,3.0,0.0,98.0,28.0,6.0,.221,.301,.362,.663,.278,33.88,1252.0,68.0,67.0,493.0,441.0,104.0,21.0,3.0,9.0,43.0,0.0,137.0,7.0,2.0,0.0,158.0,51.0,11.0,.236,.312,.358,.670,.320,49.00,2024.0,104.0,98.0,2025
656302,Dylan Cease,141,Toronto Blue Jays,,P,2026,,,,,,,,,,,,,,,,,,,,,,,,,,,,,,,,,,,,,,,,,,,,,,,,,2025
805808,Kevin McGonigle,116,Detroit Tigers,,SS,2026,344.0,294.0,83.0,18.0,3.0,6.0,48.0,0.0,46.0,2.0,0.0,0.0,125.0,28.0,2.0,.282,.387,.425,.812,.318,49.00,1408.0,53.0,112.0,,,,,,,,,,,,,,,,,,,,,,,,,2025
682928,CJ Abrams,120,Washington Nationals,,SS,2026,333.0,290.0,83.0,15.0,2.0,17.0,30.0,2.0,67.0,10.0,3.0,0.0,153.0,57.0,4.0,.286,.369,.528,.897,.316,17.06,1266.0,59.0,84.0,635.0,580.0,149.0,35.0,5.0,19.0,37.0,1.0,125.0,14.0,3.0,1.0,251.0,60.0,5.0,.257,.315,.433,.748,.296,30.53,2320.0,141.0,169.0,2025
672695,Geraldo Perdomo,109,Arizona Diamondbacks,,SS,2026,325.0,266.0,62.0,10.0,3.0,4.0,48.0,0.0,40.0,2.0,5.0,4.0,90.0,27.0,7.0,.233,.349,.338,.687,.256,66.50,1352.0,94.0,79.0,720.0,597.0,173.0,33.0,5.0,20.0,94.0,1.0,83.0,10.0,11.0,8.0,276.0,100.0,11.0,.290,.389,.462,.851,.303,29.85,3007.0,167.0,193.0,2025
621493,Taylor Ward,110,Baltimore Orioles,,LF,2026,373.0,304.0,78.0,18.0,0.0,5.0,64.0,1.0,78.0,3.0,2.0,0.0,111.0,22.0,7.0,.257,.389,.365,.754,.327,60.80,1566.0,69.0,81.0,663.0,579.0,132.0,31.0,2.0,36.0,75.0,1.0,175.0,3.0,6.0,0.0,275.0,103.0,13.0,.228,.317,.475,.792,.257,16.08,2788.0,112.0,166.0,2025
592826,Vince Velasquez,112,Chicago Cubs,,P,2026,,,,,,,,,,,,,,,,,,,,,,,,,,,,,,,,,,,,,,,,,,,,,,,,,2025
695238,Will Wagner,135,San Diego Padres,,DH,2026,37.0,29.0,8.0,1.0,0.0,0.0,8.0,1.0,7.0,0.0,0.0,0.0,9.0,0.0,1.0,.276,.432,.310,.742,.364,-.--,146.0,12.0,2.0,149.0,129.0,29.0,7.0,0.0,0.0,17.0,0.0,28.0,2.0,0.0,1.0,36.0,7.0,3.0,.225,.324,.279,.603,.287,-.--,632.0,42.0,31.0,2025
695243,Mason Miller,135,San Diego Padres,,P,2026,,,,,,,,,,,,,,,,,,,,,,,,,,,,,,,,,,,,,,,,,,,,,,,,,2025
695239,Robby Ahlstrom,140,Texas Rangers,,P,2026,,,,,,,,,,,,,,,,,,,,,,,,,,,,,,,,,,,,,,,,,,,,,,,,,2025
605137,Josh Bell,142,Minnesota Twins,,DH,2026,313.0,286.0,70.0,15.0,0.0,9.0,23.0,0.0,71.0,2.0,2.0,0.0,112.0,49.0,5.0,.245,.304,.392,.696,.293,31.78,1224.0,70.0,77.0,533.0,468.0,111.0,16.0,1.0,22.0,57.0,1.0,88.0,5.0,3.0,0.0,195.0,63.0,15.0,.237,.325,.417,.742,.247,21.27,2102.0,137.0,135.0,2025
672724,Oswald Peraza,108,Los Angeles Angels,,2B,2026,247.0,231.0,59.0,11.0,2.0,7.0,9.0,0.0,69.0,6.0,0.0,1.0,95.0,21.0,4.0,.255,.301,.411,.712,.335,33.00,893.0,58.0,46.0,265.0,244.0,40.0,6.0,0.0,5.0,17.0,0.0,80.0,2.0,1.0,0.0,61.0,20.0,6.0,.164,.223,.250,.473,.219,48.80,1005.0,70.0,55.0,2025
701398,Sal Stewart,113,Cincinnati Reds,,1B,2026,343.0,297.0,74.0,17.0,0.0,14.0,42.0,3.0,74.0,1.0,3.0,0.0,133.0,55.0,6.0,.249,.341,.448,.789,.283,21.21,1362.0,77.0,75.0,58.0,55.0,14.0,1.0,0.0,5.0,3.0,0.0,15.0,0.0,0.0,0.0,30.0,8.0,1.0,.255,.293,.545,.838,.257,11.00,217.0,10.0,16.0,2025
605141,Mookie Betts,119,Los Angeles Dodgers,,SS,2026,200.0,183.0,42.0,7.0,0.0,9.0,15.0,0.0,27.0,1.0,1.0,0.0,76.0,21.0,6.0,.230,.290,.415,.705,.223,20.33,751.0,36.0,79.0,663.0,589.0,152.0,23.0,2.0,20.0,61.0,2.0,68.0,3.0,10.0,0.0,239.0,82.0,15.0,.258,.326,.406,.732,.258,29.45,2460.0,136.0,243.0,2025
687064,Brandon Young,110,Baltimore Orioles,,P,2026,,,,,,,,,,,,,,,,,,,,,,,,,,,,,,,,,,,,,,,,,,,,,,,,,2025
695257,Billy Cook,134,Pittsburgh Pirates,,RF,2026,26.0,26.0,4.0,0.0,0.0,0.0,0.0,0.0,11.0,0.0,0.0,0.0,4.0,0.0,0.0,.154,.154,.154,.308,.267,-.--,85.0,4.0,7.0,6.0,6.0,2.0,0.0,0.0,0.0,0.0,0.0,1.0,0.0,0.0,0.0,2.0,0.0,0.0,.333,.333,.333,.666,.400,-.--,20.0,2.0,1.0,2025
678882,Ceddanne Rafaela,111,Boston Red Sox,,CF,2026,299.0,277.0,79.0,18.0,3.0,7.0,15.0,0.0,61.0,6.0,0.0,1.0,124.0,35.0,8.0,.285,.336,.448,.784,.344,39.57,1120.0,70.0,68.0,587.0,546.0,136.0,34.0,4.0,16.0,28.0,0.0,117.0,8.0,2.0,3.0,226.0,63.0,9.0,.249,.295,.414,.709,.289,34.12,2128.0,139.0,159.0,2025
687075,Brandon Sproat,158,Milwaukee Brewers,,P,2026,,,,,,,,,,,,,,,,,,,,,,,,,,,,,,,,,,,,,,,,,,,,,,,,,2025
605154,John Brebbia,115,Colorado Rockies,,P,2026,,,,,,,,,,,,,,,,,,,,,,,,,0.0,0.0,0.0,0.0,0.0,0.0,0.0,0.0,0.0,0.0,0.0,0.0,0.0,0.0,0.0,.000,.000,.000,.000,.---,-.--,0.0,0.0,0.0,2025
642020,Chuckie Robinson,119,Los Angeles Dodgers,,C,2026,17.0,15.0,2.0,0.0,0.0,0.0,0.0,0.0,4.0,0.0,0.0,2.0,2.0,1.0,0.0,.133,.133,.133,.266,.182,-.--,64.0,7.0,4.0,2.0,1.0,0.0,0.0,0.0,0.0,0.0,0.0,0.0,0.0,0.0,1.0,0.0,0.0,0.0,.000,.000,.000,.000,.000,-.--,4.0,2.0,0.0,2025
682982,Daniel Espino,114,Cleveland Guardians,,P,2026,,,,,,,,,,,,,,,,,,,,,,,,,,,,,,,,,,,,,,,,,,,,,,,,,2025
691176,Jasson Domínguez,147,New York Yankees,,DH,2026,78.0,74.0,17.0,6.0,0.0,3.0,2.0,0.0,17.0,1.0,0.0,0.0,32.0,8.0,0.0,.230,.260,.432,.692,.259,24.67,291.0,26.0,14.0,429.0,381.0,98.0,18.0,1.0,10.0,41.0,1.0,115.0,3.0,4.0,0.0,148.0,47.0,5.0,.257,.331,.388,.719,.338,38.10,1692.0,80.0,92.0,2025
682987,Spencer Jones,147,New York Yankees,,RF,2026,68.0,59.0,13.0,2.0,0.0,2.0,9.0,0.0,29.0,0.0,0.0,0.0,21.0,7.0,0.0,.220,.324,.356,.680,.393,29.50,308.0,5.0,12.0,,,,,,,,,,,,,,,,,,,,,,,,,2025
682985,Riley Greene,116,Detroit Tigers,,LF,2026,339.0,291.0,85.0,16.0,0.0,9.0,44.0,0.0,92.0,2.0,2.0,0.0,128.0,34.0,8.0,.292,.386,.440,.826,.396,32.33,1414.0,45.0,71.0,655.0,600.0,155.0,31.0,1.0,36.0,46.0,1.0,201.0,4.0,5.0,0.0,296.0,111.0,14.0,.258,.313,.493,.806,.323,16.67,2706.0,118.0,131.0,2025
605170,Victor Caratini,142,Minnesota Twins,,C,2026,222.0,186.0,45.0,6.0,0.0,6.0,21.0,0.0,42.0,8.0,7.0,0.0,69.0,30.0,4.0,.242,.333,.371,.704,.269,31.00,829.0,52.0,54.0,386.0,344.0,89.0,14.0,0.0,12.0,23.0,0.0,65.0,13.0,6.0,0.0,139.0,46.0,8.0,.259,.324,.404,.728,.282,28.67,1417.0,93.0,103.0,2025
682998,Corbin Carroll,109,Arizona Diamondbacks,,RF,2026,329.0,287.0,80.0,17.0,9.0,13.0,36.0,1.0,70.0,4.0,2.0,0.0,154.0,42.0,4.0,.279,.365,.537,.902,.325,22.08,1255.0,65.0,74.0,642.0,564.0,146.0,32.0,17.0,31.0,67.0,4.0,153.0,7.0,4.0,0.0,305.0,84.0,6.0,.259,.343,.541,.884,.299,18.19,2497.0,111.0,158.0,2025
592885,Christian Yelich,158,Milwaukee Brewers,,DH,2026,206.0,183.0,47.0,9.0,1.0,5.0,20.0,2.0,57.0,2.0,1.0,0.0,73.0,24.0,1.0,.257,.335,.399,.734,.344,36.60,891.0,51.0,29.0,644.0,573.0,151.0,21.0,0.0,29.0,64.0,6.0,167.0,6.0,1.0,0.0,259.0,103.0,6.0,.264,.343,.452,.795,.323,19.76,2601.0,174.0,82.0,2025
687093,Vaughn Grissom,108,Los Angeles Angels,,2B,2026,176.0,153.0,36.0,10.0,0.0,4.0,15.0,0.0,20.0,4.0,3.0,0.0,58.0,30.0,7.0,.235,.314,.379,.693,.242,38.25,682.0,44.0,56.0,,,,,,,,,,,,,,,,,,,,,,,,,2025
683002,Gunnar Henderson,110,Baltimore Orioles,,SS,2026,371.0,335.0,76.0,14.0,2.0,16.0,30.0,1.0,88.0,5.0,1.0,0.0,142.0,39.0,3.0,.227,.299,.424,.723,.259,20.94,1462.0,83.0,89.0,651.0,577.0,158.0,34.0,5.0,17.0,62.0,6.0,137.0,7.0,5.0,0.0,253.0,68.0,7.0,.274,.349,.438,.787,.329,33.94,2506.0,161.0,126.0,2025
682997,Tyler Callihan,134,Pittsburgh Pirates,,LF,2026,56.0,47.0,12.0,2.0,2.0,2.0,7.0,0.0,16.0,1.0,1.0,0.0,24.0,9.0,0.0,.255,.357,.511,.868,.333,23.50,228.0,3.0,17.0,6.0,6.0,1.0,0.0,0.0,0.0,0.0,0.0,1.0,0.0,0.0,0.0,1.0,1.0,0.0,.167,.167,.167,.334,.200,-.--,22.0,3.0,1.0,2025
678906,Kai-Wei Teng,117,Houston Astros,,P,2026,,,,,,,,,,,,,,,,,,,,,,,,,,,,,,,,,,,,,,,,,,,,,,,,,2025
683003,Jared Jones,134,Pittsburgh Pirates,,P,2026,,,,,,,,,,,,,,,,,,,,,,,,,,,,,,,,,,,,,,,,,,,,,,,,,2025
668670,Jake Rogers,116,Detroit Tigers,,C,2026,78.0,67.0,10.0,2.0,1.0,1.0,7.0,0.0,25.0,1.0,2.0,1.0,17.0,6.0,0.0,.149,.234,.254,.488,.209,67.00,314.0,10.0,25.0,142.0,123.0,23.0,5.0,2.0,3.0,15.0,0.0,39.0,1.0,2.0,1.0,41.0,19.0,3.0,.187,.277,.333,.610,.241,41.00,570.0,34.0,30.0,2025
609280,Miguel Andujar,135,San Diego Padres,,DH,2026,205.0,195.0,48.0,12.0,2.0,5.0,8.0,2.0,34.0,2.0,0.0,0.0,79.0,17.0,8.0,.246,.283,.405,.688,.276,39.00,764.0,66.0,47.0,341.0,321.0,102.0,17.0,1.0,10.0,17.0,1.0,49.0,1.0,2.0,0.0,151.0,44.0,8.0,.318,.352,.470,.822,.348,32.10,1214.0,87.0,85.0,2025
699393,Pedro Ramírez,112,Chicago Cubs,,2B,2026,53.0,49.0,13.0,3.0,0.0,1.0,3.0,0.0,8.0,0.0,0.0,1.0,19.0,6.0,2.0,.265,.308,.388,.696,.300,49.00,181.0,18.0,11.0,,,,,,,,,,,,,,,,,,,,,,,,,2025
683011,Anthony Volpe,147,New York Yankees,,SS,2026,121.0,104.0,27.0,5.0,1.0,1.0,17.0,0.0,27.0,0.0,0.0,0.0,37.0,13.0,0.0,.260,.364,.356,.720,.342,104.00,484.0,20.0,30.0,596.0,539.0,114.0,32.0,4.0,19.0,43.0,0.0,150.0,4.0,7.0,3.0,211.0,72.0,10.0,.212,.272,.391,.663,.252,28.37,2397.0,135.0,150.0,2025
668678,Zac Gallen,109,Arizona Diamondbacks,,P,2026,,,,,,,,,,,,,,,,,,,,,,,,,,,,,,,,,,,,,,,,,,,,,,,,,2025
500743,Miguel Rojas,119,Los Angeles Dodgers,,SS,2026,130.0,114.0,31.0,6.0,0.0,2.0,9.0,0.0,14.0,2.0,3.0,2.0,43.0,13.0,5.0,.272,.328,.377,.705,.287,57.00,464.0,37.0,37.0,317.0,290.0,76.0,18.0,0.0,7.0,24.0,1.0,46.0,0.0,0.0,3.0,115.0,27.0,7.0,.262,.318,.397,.715,.291,41.43,1166.0,83.0,88.0,2025
553993,Eugenio Suárez,113,Cincinnati Reds,,DH,2026,205.0,187.0,39.0,9.0,0.0,7.0,16.0,0.0,68.0,1.0,1.0,0.0,69.0,26.0,2.0,.209,.273,.369,.642,.283,26.71,817.0,37.0,44.0,657.0,588.0,134.0,28.0,0.0,49.0,46.0,2.0,196.0,16.0,7.0,0.0,309.0,118.0,11.0,.228,.298,.526,.824,.243,12.00,2606.0,100.0,165.0,2025
672782,Yoendrys Gómez,142,Minnesota Twins,,P,2026,,,,,,,,,,,,,,,,,,,,,,,,,,,,,,,,,,,,,,,,,,,,,,,,,2025
676879,Aaron Ashby,158,Milwaukee Brewers,,P,2026,,,,,,,,,,,,,,,,,,,,,,,,,,,,,,,,,,,,,,,,,,,,,,,,,2025
674841,Andrew Alvarez,120,Washington Nationals,,P,2026,,,,,,,,,,,,,,,,,,,,,,,,,,,,,,,,,,,,,,,,,,,,,,,,,2025
607259,Nick Martinez,139,Tampa Bay Rays,,P,2026,,,,,,,,,,,,,,,,,,,,,,,,,,,,,,,,,,,,,,,,,,,,,,,,,2025
656413,Stuart Fairchild,114,Cleveland Guardians,,RF,2026,27.0,19.0,3.0,0.0,0.0,0.0,7.0,0.0,14.0,1.0,0.0,0.0,3.0,1.0,0.0,.158,.407,.158,.565,.600,-.--,110.0,0.0,2.0,55.0,51.0,11.0,4.0,1.0,0.0,4.0,0.0,15.0,0.0,0.0,0.0,17.0,2.0,2.0,.216,.273,.333,.606,.306,-.--,195.0,9.0,16.0,2025
668709,JJ Bleday,113,Cincinnati Reds,,LF,2026,219.0,185.0,45.0,11.0,1.0,13.0,29.0,1.0,43.0,2.0,2.0,0.0,97.0,35.0,3.0,.243,.349,.524,.873,.244,14.23,866.0,34.0,65.0,344.0,307.0,65.0,17.0,0.0,14.0,36.0,2.0,91.0,0.0,1.0,0.0,124.0,39.0,6.0,.212,.294,.404,.698,.251,21.93,1328.0,61.0,91.0,2025
666661,Juan Morillo,109,Arizona Diamondbacks,,P,2026,,,,,,,,,,,,,,,,,,,,,,,,,0.0,0.0,0.0,0.0,0.0,0.0,0.0,0.0,0.0,0.0,0.0,0.0,0.0,0.0,0.0,.000,.000,.000,.000,.---,-.--,0.0,0.0,0.0,2025
668715,Spencer Steer,113,Cincinnati Reds,,LF,2026,301.0,267.0,64.0,13.0,0.0,13.0,29.0,0.0,68.0,3.0,2.0,0.0,116.0,33.0,8.0,.240,.319,.434,.753,.271,20.54,1194.0,65.0,72.0,568.0,509.0,121.0,21.0,2.0,21.0,51.0,0.0,129.0,5.0,2.0,1.0,209.0,75.0,12.0,.238,.312,.411,.723,.277,24.24,2316.0,99.0,163.0,2025
670764,Taylor Walls,139,Tampa Bay Rays,,SS,2026,215.0,179.0,40.0,9.0,2.0,0.0,26.0,0.0,54.0,2.0,2.0,6.0,53.0,18.0,2.0,.223,.325,.296,.621,.315,-.--,877.0,36.0,57.0,317.0,282.0,62.0,14.0,1.0,4.0,26.0,0.0,70.0,0.0,6.0,3.0,90.0,38.0,1.0,.220,.280,.319,.599,.271,70.50,1278.0,70.0,89.0,2025
676914,Davis Schneider,141,Toronto Blue Jays,,LF,2026,117.0,97.0,15.0,5.0,0.0,3.0,18.0,0.0,38.0,0.0,1.0,1.0,29.0,12.0,1.0,.155,.284,.299,.583,.211,32.33,513.0,15.0,31.0,227.0,188.0,44.0,5.0,0.0,11.0,36.0,0.0,60.0,2.0,1.0,0.0,82.0,31.0,4.0,.234,.361,.436,.797,.280,17.09,1012.0,26.0,59.0,2025
668723,Ryan Vilade,139,Tampa Bay Rays,,RF,2026,139.0,123.0,34.0,6.0,1.0,5.0,12.0,0.0,28.0,0.0,3.0,1.0,57.0,27.0,2.0,.276,.333,.463,.796,.312,24.60,569.0,26.0,39.0,15.0,13.0,1.0,0.0,0.0,0.0,2.0,0.0,5.0,0.0,0.0,0.0,1.0,0.0,1.0,.077,.200,.077,.277,.125,-.--,60.0,6.0,1.0,2025
642100,Gabe Speier,136,Seattle Mariners,,P,2026,0.0,0.0,0.0,0.0,0.0,0.0,0.0,0.0,0.0,0.0,0.0,0.0,0.0,0.0,0.0,.000,.000,.000,.000,.---,-.--,0.0,0.0,0.0,,,,,,,,,,,,,,,,,,,,,,,,,2025
676917,Cade Cavalli,120,Washington Nationals,,P,2026,,,,,,,,,,,,,,,,,,,,,,,,,0.0,0.0,0.0,0.0,0.0,0.0,0.0,0.0,0.0,0.0,0.0,0.0,0.0,0.0,0.0,.000,.000,.000,.000,.---,-.--,0.0,0.0,0.0,2025
693304,Nick Gonzales,134,Pittsburgh Pirates,,3B,2026,305.0,283.0,84.0,11.0,1.0,3.0,16.0,0.0,55.0,5.0,1.0,0.0,106.0,35.0,9.0,.297,.344,.375,.719,.358,94.33,1112.0,87.0,58.0,408.0,381.0,99.0,18.0,3.0,5.0,21.0,0.0,73.0,2.0,4.0,0.0,138.0,30.0,12.0,.260,.299,.362,.661,.306,76.20,1405.0,104.0,109.0,2025
693307,Dillon Dingler,116,Detroit Tigers,,C,2026,309.0,276.0,74.0,15.0,2.0,19.0,23.0,0.0,65.0,6.0,2.0,0.0,150.0,57.0,8.0,.268,.336,.543,.879,.284,14.53,1185.0,61.0,78.0,469.0,435.0,121.0,21.0,2.0,13.0,23.0,2.0,110.0,9.0,1.0,0.0,185.0,57.0,5.0,.278,.327,.425,.752,.345,33.46,1793.0,91.0,114.0,2025
543807,George Springer,141,Toronto Blue Jays,,DH,2026,262.0,228.0,50.0,11.0,0.0,8.0,27.0,0.0,50.0,3.0,1.0,0.0,85.0,21.0,5.0,.219,.309,.373,.682,.246,28.50,1043.0,62.0,67.0,586.0,498.0,154.0,27.0,1.0,32.0,69.0,3.0,111.0,8.0,4.0,0.0,279.0,84.0,14.0,.309,.399,.560,.959,.340,15.56,2307.0,105.0,132.0,2025
642121,Cole Sulser,139,Tampa Bay Rays,,P,2026,,,,,,,,,,,,,,,,,,,,,,,,,,,,,,,,,,,,,,,,,,,,,,,,,2025
683083,Nasim Nuñez,120,Washington Nationals,,2B,2026,265.0,229.0,55.0,4.0,3.0,0.0,28.0,0.0,60.0,1.0,1.0,6.0,65.0,27.0,1.0,.240,.324,.284,.608,.324,-.--,1075.0,65.0,56.0,92.0,82.0,19.0,2.0,0.0,4.0,8.0,0.0,20.0,0.0,1.0,1.0,33.0,13.0,1.0,.232,.297,.402,.699,.254,20.50,417.0,26.0,19.0,2025
685133,Wade Meckler,108,Los Angeles Angels,,LF,2026,101.0,90.0,26.0,6.0,0.0,2.0,11.0,0.0,22.0,0.0,0.0,0.0,38.0,15.0,0.0,.289,.366,.422,.788,.364,45.00,344.0,21.0,21.0,,,,,,,,,,,,,,,,,,,,,,,,,2025
701519,Travis Adams,142,Minnesota Twins,,P,2026,,,,,,,,,,,,,,,,,,,,,,,,,,,,,,,,,,,,,,,,,,,,,,,,,2025
656464,Kevin Ginkel,109,Arizona Diamondbacks,,P,2026,,,,,,,,,,,,,,,,,,,,,,,,,,,,,,,,,,,,,,,,,,,,,,,,,2025
695380,Alex Hoppe,136,Seattle Mariners,,P,2026,,,,,,,,,,,,,,,,,,,,,,,,,,,,,,,,,,,,,,,,,,,,,,,,,2025
646241,Enmanuel De Jesus,116,Detroit Tigers,,P,2026,,,,,,,,,,,,,,,,,,,,,,,,,,,,,,,,,,,,,,,,,,,,,,,,,2025
701538,Jackson Merrill,135,San Diego Padres,,CF,2026,321.0,293.0,62.0,15.0,1.0,8.0,24.0,2.0,79.0,1.0,0.0,3.0,103.0,31.0,4.0,.212,.274,.352,.626,.262,36.62,1274.0,69.0,86.0,483.0,440.0,116.0,25.0,6.0,16.0,33.0,1.0,108.0,4.0,5.0,1.0,201.0,67.0,4.0,.264,.317,.457,.774,.312,27.50,1703.0,88.0,134.0,2025
656484,Tristan Gray,142,Minnesota Twins,,SS,2026,150.0,137.0,34.0,5.0,0.0,4.0,8.0,0.0,46.0,1.0,3.0,1.0,51.0,28.0,1.0,.248,.289,.372,.661,.333,34.25,579.0,23.0,38.0,86.0,78.0,18.0,5.0,0.0,3.0,6.0,0.0,19.0,0.0,1.0,1.0,32.0,9.0,0.0,.231,.282,.410,.692,.263,26.00,315.0,16.0,27.0,2025
689254,Mason Fluharty,141,Toronto Blue Jays,,P,2026,,,,,,,,,,,,,,,,,,,,,,,,,,,,,,,,,,,,,,,,,,,,,,,,,2025
701542,Will Warren,147,New York Yankees,,P,2026,,,,,,,,,,,,,,,,,,,,,,,,,,,,,,,,,,,,,,,,,,,,,,,,,2025
656492,Foster Griffin,120,Washington Nationals,,P,2026,,,,,,,,,,,,,,,,,,,,,,,,,,,,,,,,,,,,,,,,,,,,,,,,,2025
676974,Max Meyer,146,Miami Marlins,,P,2026,,,,,,,,,,,,,,,,,,,,,,,,,,,,,,,,,,,,,,,,,,,,,,,,,2025
687221,Dalton Rushing,119,Los Angeles Dodgers,,C,2026,157.0,139.0,34.0,7.0,0.0,8.0,14.0,0.0,43.0,4.0,0.0,0.0,65.0,22.0,2.0,.245,.331,.468,.799,.295,17.38,572.0,26.0,36.0,155.0,142.0,29.0,5.0,0.0,4.0,10.0,0.0,58.0,1.0,2.0,0.0,46.0,24.0,1.0,.204,.258,.324,.582,.305,35.50,600.0,22.0,35.0,2025
703607,Henry Bolte,133,Athletics,,CF,2026,143.0,122.0,39.0,6.0,0.0,2.0,13.0,0.0,39.0,6.0,2.0,0.0,51.0,10.0,2.0,.320,.406,.418,.824,.446,61.00,493.0,31.0,15.0,,,,,,,,,,,,,,,,,,,,,,,,,2025
695418,Brad Lord,120,Washington Nationals,,P,2026,0.0,0.0,0.0,0.0,0.0,0.0,0.0,0.0,0.0,0.0,0.0,0.0,0.0,0.0,0.0,.000,.000,.000,.000,.---,-.--,0.0,0.0,0.0,,,,,,,,,,,,,,,,,,,,,,,,,2025
664702,Myles Straw,141,Toronto Blue Jays,,RF,2026,143.0,126.0,31.0,6.0,0.0,2.0,13.0,0.0,21.0,0.0,2.0,2.0,43.0,12.0,1.0,.246,.312,.341,.653,.276,63.00,563.0,37.0,41.0,299.0,267.0,70.0,14.0,1.0,4.0,19.0,0.0,50.0,1.0,1.0,11.0,98.0,32.0,5.0,.262,.313,.367,.680,.308,66.75,1104.0,68.0,91.0,2025
703615,Jose Cabrera,109,Arizona Diamondbacks,,P,2026,,,,,,,,,,,,,,,,,,,,,,,,,,,,,,,,,,,,,,,,,,,,,,,,,2025
668804,Bryan Reynolds,134,Pittsburgh Pirates,,LF,2026,348.0,289.0,84.0,19.0,2.0,11.0,52.0,2.0,74.0,5.0,2.0,0.0,140.0,52.0,4.0,.291,.405,.484,.889,.354,26.27,1367.0,75.0,58.0,654.0,587.0,144.0,38.0,3.0,16.0,57.0,1.0,173.0,7.0,3.0,0.0,236.0,73.0,15.0,.245,.318,.402,.720,.319,36.69,2631.0,155.0,118.0,2025
543877,Christian Vázquez,117,Houston Astros,,C,2026,171.0,155.0,33.0,6.0,0.0,4.0,13.0,1.0,28.0,0.0,0.0,3.0,51.0,19.0,1.0,.213,.274,.329,.603,.236,38.75,666.0,46.0,51.0,214.0,190.0,36.0,7.0,0.0,3.0,18.0,0.0,35.0,4.0,2.0,0.0,52.0,14.0,3.0,.189,.271,.274,.545,.214,63.33,833.0,48.0,73.0,2025
547973,Aroldis Chapman,111,Boston Red Sox,,P,2026,0.0,0.0,0.0,0.0,0.0,0.0,0.0,0.0,0.0,0.0,0.0,0.0,0.0,0.0,0.0,.000,.000,.000,.000,.---,-.--,0.0,0.0,0.0,0.0,0.0,0.0,0.0,0.0,0.0,0.0,0.0,0.0,0.0,0.0,0.0,0.0,0.0,0.0,.000,.000,.000,.000,.---,-.--,0.0,0.0,0.0,2025
687263,Zach Neto,108,Los Angeles Angels,,SS,2026,358.0,311.0,71.0,16.0,2.0,17.0,39.0,1.0,117.0,7.0,1.0,0.0,142.0,39.0,2.0,.228,.327,.457,.784,.303,18.29,1415.0,45.0,79.0,554.0,502.0,129.0,29.0,1.0,26.0,33.0,6.0,149.0,14.0,3.0,2.0,238.0,62.0,5.0,.257,.319,.474,.793,.312,19.31,2171.0,96.0,133.0,2025
656546,Jeff Hoffman,141,Toronto Blue Jays,,P,2026,,,,,,,,,,,,,,,,,,,,,,,,,0.0,0.0,0.0,0.0,0.0,0.0,0.0,0.0,0.0,0.0,0.0,0.0,0.0,0.0,0.0,.000,.000,.000,.000,.---,-.--,0.0,0.0,0.0,2025
642215,Weston Wilson,136,Seattle Mariners,,3B,2026,53.0,46.0,10.0,1.0,0.0,1.0,6.0,0.0,11.0,1.0,0.0,0.0,14.0,3.0,0.0,.217,.321,.304,.625,.265,46.00,213.0,10.0,15.0,125.0,111.0,22.0,4.0,0.0,5.0,12.0,0.0,34.0,1.0,0.0,1.0,41.0,17.0,1.0,.198,.282,.369,.651,.236,22.20,536.0,30.0,26.0,2025
656555,Rhys Hoskins,114,Cleveland Guardians,,1B,2026,233.0,189.0,33.0,12.0,0.0,7.0,37.0,0.0,71.0,3.0,4.0,0.0,66.0,27.0,3.0,.175,.313,.349,.662,.226,27.00,1001.0,29.0,60.0,328.0,279.0,66.0,12.0,1.0,12.0,38.0,2.0,91.0,5.0,6.0,0.0,116.0,43.0,6.0,.237,.332,.416,.748,.297,23.25,1429.0,41.0,87.0,2025
806068,Colt Emerson,136,Seattle Mariners,,3B,2026,112.0,102.0,21.0,5.0,1.0,6.0,8.0,0.0,36.0,2.0,0.0,0.0,46.0,16.0,1.0,.206,.277,.451,.728,.250,17.00,459.0,23.0,22.0,,,,,,,,,,,,,,,,,,,,,,,,,2025
642232,Ryan Yarbrough,147,New York Yankees,,P,2026,,,,,,,,,,,,,,,,,,,,,,,,,,,,,,,,,,,,,,,,,,,,,,,,,2025
693433,Bryan Woo,136,Seattle Mariners,,P,2026,,,,,,,,,,,,,,,,,,,,,,,,,,,,,,,,,,,,,,,,,,,,,,,,,2025
666808,Camilo Doval,147,New York Yankees,,P,2026,,,,,,,,,,,,,,,,,,,,,,,,,,,,,,,,,,,,,,,,,,,,,,,,,2025
681151,Jayden Murray,112,Chicago Cubs,,P,2026,,,,,,,,,,,,,,,,,,,,,,,,,,,,,,,,,,,,,,,,,,,,,,,,,2025
656577,Alex Jackson,142,Minnesota Twins,,C,2026,43.0,41.0,13.0,3.0,0.0,0.0,0.0,0.0,13.0,2.0,0.0,0.0,16.0,3.0,0.0,.317,.349,.390,.739,.464,-.--,146.0,6.0,9.0,100.0,91.0,20.0,8.0,0.0,5.0,5.0,0.0,37.0,4.0,0.0,0.0,43.0,8.0,2.0,.220,.290,.473,.763,.306,18.20,399.0,16.0,18.0,2025
672960,Kazuma Okamoto,141,Toronto Blue Jays,,3B,2026,324.0,286.0,69.0,11.0,0.0,18.0,32.0,0.0,102.0,4.0,2.0,0.0,134.0,51.0,5.0,.241,.324,.469,.793,.304,15.89,1369.0,50.0,67.0,,,,,,,,,,,,,,,,,,,,,,,,,2025
695490,Edwin Arroyo,113,Cincinnati Reds,,2B,2026,61.0,55.0,13.0,2.0,0.0,0.0,3.0,0.0,14.0,2.0,1.0,0.0,15.0,2.0,0.0,.236,.295,.273,.568,.310,-.--,224.0,16.0,13.0,,,,,,,,,,,,,,,,,,,,,,,,,2025
664770,Nathan Lukes,141,Toronto Blue Jays,,RF,2026,159.0,145.0,43.0,8.0,0.0,3.0,7.0,0.0,26.0,4.0,1.0,2.0,60.0,15.0,6.0,.297,.344,.414,.758,.342,48.33,640.0,45.0,34.0,438.0,388.0,99.0,19.0,2.0,12.0,38.0,2.0,60.0,2.0,3.0,7.0,158.0,65.0,12.0,.255,.323,.407,.730,.273,32.33,1662.0,125.0,114.0,2025
695505,Chase Burns,113,Cincinnati Reds,,P,2026,,,,,,,,,,,,,,,,,,,,,,,,,,,,,,,,,,,,,,,,,,,,,,,,,2025
660688,Keibert Ruiz,120,Washington Nationals,,C,2026,176.0,167.0,46.0,15.0,0.0,6.0,5.0,0.0,24.0,2.0,2.0,0.0,79.0,29.0,5.0,.275,.301,.473,.774,.288,27.83,579.0,46.0,53.0,267.0,255.0,63.0,12.0,0.0,2.0,8.0,0.0,26.0,3.0,1.0,0.0,81.0,25.0,4.0,.247,.277,.318,.595,.268,127.50,888.0,93.0,74.0,2025
691406,Junior Caminero,139,Tampa Bay Rays,,3B,2026,342.0,295.0,84.0,12.0,0.0,19.0,45.0,5.0,61.0,0.0,2.0,0.0,153.0,43.0,13.0,.285,.377,.519,.896,.300,15.53,1330.0,94.0,58.0,653.0,602.0,159.0,28.0,0.0,45.0,41.0,1.0,125.0,3.0,7.0,0.0,322.0,110.0,31.0,.264,.311,.535,.846,.260,13.38,2494.0,169.0,156.0,2025
693459,Kyler Fedko,142,Minnesota Twins,,LF,2026,13.0,10.0,0.0,0.0,0.0,0.0,2.0,0.0,4.0,0.0,1.0,0.0,0.0,1.0,0.0,.000,.154,.000,.154,.000,-.--,55.0,3.0,4.0,,,,,,,,,,,,,,,,,,,,,,,,,2025
668885,Austin Martin,142,Minnesota Twins,,RF,2026,248.0,211.0,51.0,11.0,0.0,2.0,31.0,0.0,45.0,5.0,1.0,0.0,68.0,17.0,4.0,.242,.351,.322,.673,.297,105.50,982.0,56.0,60.0,181.0,156.0,44.0,8.0,1.0,1.0,22.0,0.0,31.0,1.0,0.0,2.0,57.0,7.0,6.0,.282,.374,.365,.739,.347,156.00,749.0,50.0,33.0,2025
607455,Anthony Banda,142,Minnesota Twins,,P,2026,,,,,,,,,,,,,,,,,,,,,,,,,0.0,0.0,0.0,0.0,0.0,0.0,0.0,0.0,0.0,0.0,0.0,0.0,0.0,0.0,0.0,.000,.000,.000,.000,.---,-.--,0.0,0.0,0.0,2025
687330,Kevin Kelly,139,Tampa Bay Rays,,P,2026,,,,,,,,,,,,,,,,,,,,,,,,,0.0,0.0,0.0,0.0,0.0,0.0,0.0,0.0,0.0,0.0,0.0,0.0,0.0,0.0,0.0,.000,.000,.000,.000,.---,-.--,0.0,0.0,0.0,2025
681190,Randy Vásquez,135,San Diego Padres,,P,2026,,,,,,,,,,,,,,,,,,,,,,,,,,,,,,,,,,,,,,,,,,,,,,,,,2025
660710,Rodolfo Durán,135,San Diego Padres,,C,2026,67.0,59.0,8.0,3.0,0.0,3.0,7.0,0.0,17.0,1.0,0.0,0.0,20.0,7.0,1.0,.136,.239,.339,.578,.128,19.67,269.0,18.0,16.0,,,,,,,,,,,,,,,,,,,,,,,,,2025
656605,Mitch Keller,134,Pittsburgh Pirates,,P,2026,,,,,,,,,,,,,,,,,,,,,,,,,,,,,,,,,,,,,,,,,,,,,,,,,2025
668904,Royce Lewis,142,Minnesota Twins,,3B,2026,192.0,170.0,35.0,6.0,0.0,7.0,18.0,0.0,53.0,2.0,2.0,0.0,62.0,21.0,2.0,.206,.286,.365,.651,.250,24.29,751.0,34.0,50.0,403.0,376.0,89.0,18.0,0.0,13.0,25.0,0.0,80.0,0.0,2.0,0.0,146.0,52.0,7.0,.237,.283,.388,.671,.267,28.92,1517.0,76.0,133.0,2025
699625,Jimmy Crooks,138,St. Louis Cardinals,,C,2026,53.0,47.0,8.0,2.0,0.0,1.0,5.0,0.0,14.0,1.0,0.0,0.0,13.0,7.0,1.0,.170,.264,.277,.541,.219,47.00,217.0,13.0,12.0,46.0,45.0,6.0,0.0,1.0,1.0,0.0,0.0,17.0,1.0,0.0,0.0,11.0,1.0,1.0,.133,.152,.244,.396,.185,45.00,199.0,8.0,14.0,2025
701675,Nathan Church,138,St. Louis Cardinals,,LF,2026,199.0,184.0,49.0,9.0,1.0,5.0,11.0,0.0,43.0,2.0,2.0,0.0,75.0,20.0,3.0,.266,.312,.408,.720,.319,36.80,758.0,48.0,46.0,65.0,56.0,10.0,1.0,0.0,1.0,3.0,0.0,18.0,3.0,1.0,2.0,14.0,8.0,0.0,.179,.254,.250,.504,.237,56.00,257.0,20.0,11.0,2025
668909,Gavin Williams,114,Cleveland Guardians,,P,2026,,,,,,,,,,,,,,,,,,,,,,,,,,,,,,,,,,,,,,,,,,,,,,,,,2025
701678,Hao-Yu Lee,116,Detroit Tigers,,2B,2026,121.0,115.0,29.0,5.0,1.0,2.0,5.0,0.0,34.0,0.0,0.0,1.0,42.0,10.0,1.0,.252,.283,.365,.648,.342,57.50,429.0,19.0,34.0,,,,,,,,,,,,,,,,,,,,,,,,,2025
695534,Chase Petty,113,Cincinnati Reds,,P,2026,,,,,,,,,,,,,,,,,,,,,,,,,,,,,,,,,,,,,,,,,,,,,,,,,2025
681198,TJ Rumfield,115,Colorado Rockies,,1B,2026,314.0,278.0,79.0,15.0,2.0,12.0,28.0,0.0,47.0,6.0,2.0,0.0,134.0,43.0,2.0,.284,.360,.482,.842,.303,23.17,1171.0,80.0,74.0,,,,,,,,,,,,,,,,,,,,,,,,,2025
650489,Willi Castro,115,Colorado Rockies,,2B,2026,270.0,241.0,68.0,13.0,0.0,6.0,25.0,0.0,68.0,3.0,1.0,0.0,99.0,33.0,3.0,.282,.356,.411,.767,.369,40.17,1090.0,46.0,60.0,454.0,402.0,91.0,17.0,3.0,11.0,40.0,1.0,111.0,11.0,0.0,1.0,147.0,33.0,12.0,.226,.313,.366,.679,.286,36.54,1735.0,93.0,108.0,2025
650490,Yandy Díaz,139,Tampa Bay Rays,,DH,2026,330.0,287.0,95.0,14.0,1.0,12.0,32.0,4.0,44.0,9.0,2.0,0.0,147.0,51.0,9.0,.331,.412,.512,.924,.356,23.92,1210.0,84.0,66.0,651.0,583.0,175.0,29.0,1.0,25.0,57.0,4.0,92.0,6.0,5.0,0.0,281.0,83.0,12.0,.300,.366,.482,.848,.318,23.32,2525.0,193.0,128.0,2025
670970,Adrian Morejon,135,San Diego Padres,,P,2026,,,,,,,,,,,,,,,,,,,,,,,,,,,,,,,,,,,,,,,,,,,,,,,,,2025
656641,Jacob Latz,140,Texas Rangers,,P,2026,0.0,0.0,0.0,0.0,0.0,0.0,0.0,0.0,0.0,0.0,0.0,0.0,0.0,0.0,0.0,.000,.000,.000,.000,.---,-.--,0.0,0.0,0.0,,,,,,,,,,,,,,,,,,,,,,,,,2025
668930,Brice Turang,158,Milwaukee Brewers,,2B,2026,336.0,283.0,75.0,16.0,3.0,11.0,49.0,3.0,87.0,0.0,2.0,2.0,130.0,47.0,6.0,.265,.371,.459,.830,.342,25.73,1407.0,74.0,51.0,659.0,584.0,168.0,28.0,2.0,18.0,66.0,1.0,150.0,2.0,5.0,2.0,254.0,81.0,3.0,.288,.359,.435,.794,.356,32.44,2772.0,132.0,141.0,2025
681217,Chase Silseth,108,Los Angeles Angels,,P,2026,,,,,,,,,,,,,,,,,,,,,,,,,,,,,,,,,,,,,,,,,,,,,,,,,2025
691458,Blaze Jordan,138,St. Louis Cardinals,,3B,2026,47.0,42.0,12.0,3.0,1.0,1.0,2.0,0.0,4.0,0.0,3.0,0.0,20.0,12.0,2.0,.286,.298,.476,.774,.275,42.00,161.0,17.0,12.0,,,,,,,,,,,,,,,,,,,,,,,,,2025
605452,Joe Ross,140,Texas Rangers,,P,2026,,,,,,,,,,,,,,,,,,,,,,,,,,,,,,,,,,,,,,,,,,,,,,,,,2025
668941,JoJo Romero,138,St. Louis Cardinals,,P,2026,,,,,,,,,,,,,,,,,,,,,,,,,,,,,,,,,,,,,,,,,,,,,,,,,2025
687377,Orlando Ribalta,120,Washington Nationals,,P,2026,0.0,0.0,0.0,0.0,0.0,0.0,0.0,0.0,0.0,0.0,0.0,0.0,0.0,0.0,0.0,.000,.000,.000,.000,.---,-.--,0.0,0.0,0.0,,,,,,,,,,,,,,,,,,,,,,,,,2025
670990,Yohan Ramírez,134,Pittsburgh Pirates,,P,2026,,,,,,,,,,,,,,,,,,,,,,,,,,,,,,,,,,,,,,,,,,,,,,,,,2025
615698,Cal Quantrill,140,Texas Rangers,,P,2026,,,,,,,,,,,,,,,,,,,,,,,,,,,,,,,,,,,,,,,,,,,,,,,,,2025
664854,Ryan Helsley,110,Baltimore Orioles,,P,2026,,,,,,,,,,,,,,,,,,,,,,,,,0.0,0.0,0.0,0.0,0.0,0.0,0.0,0.0,0.0,0.0,0.0,0.0,0.0,0.0,0.0,.000,.000,.000,.000,.---,-.--,0.0,0.0,0.0,2025
660761,José Suarez,133,Athletics,,P,2026,,,,,,,,,,,,,,,,,,,,,,,,,,,,,,,,,,,,,,,,,,,,,,,,,2025
668952,Ryan Kreidler,142,Minnesota Twins,,CF,2026,100.0,89.0,25.0,3.0,2.0,4.0,10.0,0.0,17.0,1.0,0.0,0.0,44.0,20.0,3.0,.281,.360,.494,.854,.309,22.25,368.0,22.0,25.0,44.0,38.0,4.0,0.0,0.0,0.0,4.0,0.0,19.0,0.0,0.0,2.0,4.0,0.0,0.0,.105,.190,.105,.295,.211,-.--,179.0,9.0,8.0,2025
687394,Jack Brannigan,134,Pittsburgh Pirates,,SS,2026,,,,,,,,,,,,,,,,,,,,,,,,,,,,,,,,,,,,,,,,,,,,,,,,,2025
695578,James Wood,120,Washington Nationals,,RF,2026,382.0,315.0,82.0,19.0,0.0,20.0,61.0,8.0,115.0,4.0,2.0,0.0,161.0,49.0,2.0,.260,.385,.511,.896,.341,15.75,1608.0,60.0,60.0,689.0,598.0,153.0,38.0,0.0,31.0,85.0,8.0,221.0,3.0,3.0,0.0,284.0,94.0,12.0,.256,.350,.475,.825,.350,19.29,2887.0,143.0,84.0,2025
687396,Brent Headrick,147,New York Yankees,,P,2026,,,,,,,,,,,,,,,,,,,,,,,,,,,,,,,,,,,,,,,,,,,,,,,,,2025
687401,Joey Ortiz,158,Milwaukee Brewers,,SS,2026,188.0,162.0,32.0,5.0,0.0,1.0,20.0,0.0,34.0,0.0,3.0,3.0,40.0,15.0,4.0,.198,.281,.247,.528,.238,162.00,723.0,54.0,48.0,506.0,470.0,108.0,18.0,1.0,7.0,27.0,0.0,74.0,3.0,0.0,6.0,149.0,45.0,10.0,.230,.276,.317,.593,.260,67.14,1873.0,132.0,162.0,2025
664875,Justin Lawrence,120,Washington Nationals,,P,2026,,,,,,,,,,,,,,,,,,,,,,,,,,,,,,,,,,,,,,,,,,,,,,,,,2025
806188,Cade Gibson,146,Miami Marlins,,P,2026,0.0,0.0,0.0,0.0,0.0,0.0,0.0,0.0,0.0,0.0,0.0,0.0,0.0,0.0,0.0,.000,.000,.000,.000,.---,-.--,0.0,0.0,0.0,,,,,,,,,,,,,,,,,,,,,,,,,2025
800048,Parker Messick,114,Cleveland Guardians,,P,2026,,,,,,,,,,,,,,,,,,,,,,,,,,,,,,,,,,,,,,,,,,,,,,,,,2025
607536,Kyle Freeland,115,Colorado Rockies,,P,2026,0.0,0.0,0.0,0.0,0.0,0.0,0.0,0.0,0.0,0.0,0.0,0.0,0.0,0.0,0.0,.000,.000,.000,.000,.---,-.--,0.0,0.0,0.0,,,,,,,,,,,,,,,,,,,,,,,,,2025
605488,Jeffrey Springs,133,Athletics,,P,2026,,,,,,,,,,,,,,,,,,,,,,,,,,,,,,,,,,,,,,,,,,,,,,,,,2025
660787,Yerry De los Santos,147,New York Yankees,,P,2026,,,,,,,,,,,,,,,,,,,,,,,,,0.0,0.0,0.0,0.0,0.0,0.0,0.0,0.0,0.0,0.0,0.0,0.0,0.0,0.0,0.0,.000,.000,.000,.000,.---,-.--,0.0,0.0,0.0,2025
806198,Cooper Pratt,158,Milwaukee Brewers,,SS,2026,31.0,27.0,7.0,0.0,0.0,0.0,3.0,0.0,6.0,0.0,1.0,0.0,7.0,2.0,2.0,.259,.323,.259,.582,.318,-.--,113.0,10.0,5.0,,,,,,,,,,,,,,,,,,,,,,,,,2025
668984,Casey Legumina,139,Tampa Bay Rays,,P,2026,,,,,,,,,,,,,,,,,,,,,,,,,0.0,0.0,0.0,0.0,0.0,0.0,0.0,0.0,0.0,0.0,0.0,0.0,0.0,0.0,0.0,.000,.000,.000,.000,.---,-.--,0.0,0.0,0.0,2025
695611,Gage Jump,133,Athletics,,P,2026,,,,,,,,,,,,,,,,,,,,,,,,,,,,,,,,,,,,,,,,,,,,,,,,,2025
701762,Nick Kurtz,133,Athletics,,1B,2026,366.0,291.0,81.0,15.0,1.0,19.0,73.0,9.0,111.0,2.0,0.0,0.0,155.0,62.0,5.0,.278,.426,.533,.959,.385,15.32,1574.0,50.0,49.0,489.0,420.0,122.0,26.0,2.0,36.0,63.0,3.0,151.0,2.0,3.0,0.0,260.0,86.0,4.0,.290,.383,.619,1.002,.364,11.67,1954.0,73.0,77.0,2025
669003,Garrett Mitchell,158,Milwaukee Brewers,,CF,2026,249.0,214.0,53.0,14.0,2.0,5.0,31.0,1.0,85.0,2.0,1.0,1.0,86.0,34.0,2.0,.248,.347,.402,.749,.384,42.80,1024.0,48.0,30.0,78.0,68.0,14.0,4.0,1.0,0.0,7.0,0.0,25.0,1.0,1.0,1.0,20.0,3.0,0.0,.206,.286,.294,.580,.318,-.--,303.0,17.0,14.0,2025
656716,Zach McKinstry,116,Detroit Tigers,,2B,2026,186.0,162.0,29.0,4.0,2.0,2.0,20.0,1.0,35.0,0.0,2.0,2.0,43.0,12.0,2.0,.179,.266,.265,.531,.213,81.00,745.0,49.0,53.0,511.0,452.0,117.0,23.0,11.0,12.0,46.0,1.0,111.0,7.0,5.0,1.0,198.0,49.0,6.0,.259,.333,.438,.771,.314,37.67,2035.0,116.0,114.0,2025
681293,Spencer Arrighetti,117,Houston Astros,,P,2026,,,,,,,,,,,,,,,,,,,,,,,,,,,,,,,,,,,,,,,,,,,,,,,,,2025
671056,Iván Herrera,138,St. Louis Cardinals,,DH,2026,354.0,283.0,74.0,13.0,1.0,10.0,48.0,4.0,55.0,21.0,2.0,0.0,119.0,35.0,8.0,.261,.404,.420,.824,.291,28.30,1370.0,91.0,65.0,452.0,388.0,110.0,13.0,0.0,19.0,43.0,1.0,84.0,15.0,4.0,0.0,180.0,66.0,20.0,.284,.373,.464,.837,.315,20.42,1809.0,115.0,83.0,2025
644433,Chadwick Tromp,110,Baltimore Orioles,,C,2026,27.0,25.0,5.0,1.0,0.0,0.0,0.0,0.0,7.0,0.0,1.0,1.0,6.0,3.0,0.0,.200,.192,.240,.432,.263,-.--,102.0,6.0,9.0,22.0,21.0,3.0,1.0,0.0,1.0,1.0,0.0,6.0,0.0,0.0,0.0,7.0,1.0,1.0,.143,.182,.333,.515,.143,21.00,69.0,5.0,7.0,2025
681297,Colton Cowser,110,Baltimore Orioles,,RF,2026,201.0,175.0,40.0,3.0,0.0,8.0,22.0,0.0,58.0,1.0,2.0,1.0,67.0,27.0,1.0,.229,.315,.383,.698,.288,21.88,850.0,37.0,43.0,360.0,327.0,64.0,14.0,0.0,16.0,27.0,1.0,128.0,6.0,0.0,0.0,126.0,40.0,5.0,.196,.269,.385,.654,.262,20.44,1486.0,71.0,64.0,2025
660825,Eduard Bazardo,136,Seattle Mariners,,P,2026,,,,,,,,,,,,,,,,,,,,,,,,,,,,,,,,,,,,,,,,,,,,,,,,,2025
660821,Jesús Sánchez,141,Toronto Blue Jays,,RF,2026,232.0,213.0,59.0,14.0,0.0,7.0,10.0,1.0,51.0,5.0,4.0,0.0,94.0,29.0,4.0,.277,.319,.441,.760,.327,30.43,868.0,54.0,53.0,497.0,451.0,107.0,21.0,4.0,14.0,42.0,1.0,110.0,2.0,2.0,0.0,178.0,48.0,10.0,.237,.304,.395,.699,.283,32.21,1936.0,121.0,115.0,2025
656730,Trevor Megill,158,Milwaukee Brewers,,P,2026,0.0,0.0,0.0,0.0,0.0,0.0,0.0,0.0,0.0,0.0,0.0,0.0,0.0,0.0,0.0,.000,.000,.000,.000,.---,-.--,0.0,0.0,0.0,,,,,,,,,,,,,,,,,,,,,,,,,2025
666971,Lourdes Gurriel Jr.,109,Arizona Diamondbacks,,LF,2026,132.0,121.0,27.0,6.0,0.0,1.0,8.0,0.0,24.0,1.0,2.0,0.0,36.0,16.0,0.0,.223,.273,.298,.571,.265,121.00,481.0,32.0,40.0,546.0,500.0,124.0,24.0,2.0,19.0,31.0,0.0,76.0,6.0,9.0,0.0,209.0,80.0,11.0,.248,.295,.418,.713,.254,26.32,1994.0,121.0,188.0,2025
669020,Ryan Rolison,112,Chicago Cubs,,P,2026,0.0,0.0,0.0,0.0,0.0,0.0,0.0,0.0,0.0,0.0,0.0,0.0,0.0,0.0,0.0,.000,.000,.000,.000,.---,-.--,0.0,0.0,0.0,,,,,,,,,,,,,,,,,,,,,,,,,2025
642397,Gregory Soto,134,Pittsburgh Pirates,,P,2026,,,,,,,,,,,,,,,,,,,,,,,,,,,,,,,,,,,,,,,,,,,,,,,,,2025
666974,Yennier Cano,110,Baltimore Orioles,,P,2026,,,,,,,,,,,,,,,,,,,,,,,,,0.0,0.0,0.0,0.0,0.0,0.0,0.0,0.0,0.0,0.0,0.0,0.0,0.0,0.0,0.0,.000,.000,.000,.000,.---,-.--,0.0,0.0,0.0,2025
669022,MacKenzie Gore,140,Texas Rangers,,P,2026,,,,,,,,,,,,,,,,,,,,,,,,,,,,,,,,,,,,,,,,,,,,,,,,,2025
802139,JJ Wetherholt,138,St. Louis Cardinals,,2B,2026,338.0,290.0,76.0,8.0,0.0,12.0,35.0,2.0,53.0,11.0,2.0,0.0,120.0,34.0,1.0,.262,.361,.414,.775,.282,24.17,1328.0,78.0,85.0,,,,,,,,,,,,,,,,,,,,,,,,,2025
683357,Owen Caissie,146,Miami Marlins,,RF,2026,217.0,193.0,44.0,11.0,0.0,9.0,16.0,0.0,85.0,2.0,6.0,0.0,82.0,43.0,2.0,.228,.286,.425,.711,.333,21.44,915.0,28.0,42.0,27.0,26.0,5.0,1.0,0.0,1.0,1.0,0.0,11.0,0.0,0.0,0.0,9.0,4.0,0.0,.192,.222,.346,.568,.286,26.00,103.0,4.0,6.0,2025
605540,Brandon Woodruff,158,Milwaukee Brewers,,P,2026,,,,,,,,,,,,,,,,,,,,,,,,,,,,,,,,,,,,,,,,,,,,,,,,,2025
687473,Ryan Gusto,146,Miami Marlins,,P,2026,,,,,,,,,,,,,,,,,,,,,,,,,,,,,,,,,,,,,,,,,,,,,,,,,2025
660853,Enyel De Los Santos,117,Houston Astros,,P,2026,,,,,,,,,,,,,,,,,,,,,,,,,0.0,0.0,0.0,0.0,0.0,0.0,0.0,0.0,0.0,0.0,0.0,0.0,0.0,0.0,0.0,.000,.000,.000,.000,.---,-.--,0.0,0.0,0.0,2025
671096,Andrew Abbott,113,Cincinnati Reds,,P,2026,,,,,,,,,,,,,,,,,,,,,,,,,,,,,,,,,,,,,,,,,,,,,,,,,2025
664954,Brett Sullivan,115,Colorado Rockies,,C,2026,113.0,104.0,22.0,6.0,0.0,4.0,5.0,0.0,22.0,1.0,2.0,1.0,40.0,13.0,3.0,.212,.250,.385,.635,.225,26.00,412.0,26.0,37.0,9.0,6.0,1.0,0.0,0.0,0.0,1.0,0.0,3.0,1.0,1.0,0.0,1.0,2.0,0.0,.167,.333,.167,.500,.250,-.--,36.0,0.0,3.0,2025
695681,Christian Moore,108,Los Angeles Angels,,2B,2026,21.0,19.0,4.0,0.0,0.0,0.0,1.0,0.0,10.0,0.0,1.0,0.0,4.0,1.0,0.0,.211,.238,.211,.449,.400,-.--,89.0,2.0,4.0,184.0,162.0,32.0,5.0,1.0,7.0,19.0,0.0,62.0,1.0,1.0,1.0,60.0,16.0,3.0,.198,.284,.370,.654,.266,23.14,779.0,34.0,36.0,2025
681347,Mike Burrows,117,Houston Astros,,P,2026,,,,,,,,,,,,,,,,,,,,,,,,,,,,,,,,,,,,,,,,,,,,,,,,,2025
691587,Eury Pérez,146,Miami Marlins,,P,2026,,,,,,,,,,,,,,,,,,,,,,,,,,,,,,,,,,,,,,,,,,,,,,,,,2025
656775,Cedric Mullins,139,Tampa Bay Rays,,CF,2026,265.0,230.0,47.0,4.0,1.0,6.0,23.0,0.0,52.0,5.0,1.0,4.0,71.0,22.0,2.0,.204,.290,.309,.599,.237,38.33,1035.0,31.0,105.0,498.0,435.0,94.0,23.0,1.0,17.0,50.0,0.0,120.0,4.0,6.0,3.0,170.0,59.0,2.0,.216,.299,.391,.690,.253,25.59,2112.0,79.0,151.0,2025
681351,Logan O'Hoppe,108,Los Angeles Angels,,C,2026,190.0,171.0,41.0,8.0,0.0,4.0,14.0,0.0,46.0,3.0,1.0,1.0,61.0,21.0,3.0,.240,.307,.357,.664,.303,42.75,708.0,30.0,56.0,451.0,423.0,90.0,8.0,1.0,19.0,24.0,0.0,139.0,2.0,1.0,1.0,157.0,43.0,12.0,.213,.258,.371,.629,.267,22.26,1758.0,89.0,107.0,2025
669065,Kyle Stowers,146,Miami Marlins,,LF,2026,240.0,210.0,47.0,14.0,2.0,8.0,23.0,2.0,75.0,5.0,1.0,1.0,89.0,29.0,6.0,.224,.314,.424,.738,.305,26.25,906.0,41.0,49.0,457.0,399.0,115.0,21.0,3.0,25.0,48.0,3.0,125.0,5.0,4.0,1.0,217.0,73.0,6.0,.288,.368,.544,.912,.356,15.96,1712.0,79.0,85.0,2025
689546,Nick Davila,136,Seattle Mariners,,P,2026,,,,,,,,,,,,,,,,,,,,,,,,,,,,,,,,,,,,,,,,,,,,,,,,,2025
650633,Michael King,135,San Diego Padres,,P,2026,,,,,,,,,,,,,,,,,,,,,,,,,,,,,,,,,,,,,,,,,,,,,,,,,2025
691594,Javier Sanoja,146,Miami Marlins,,3B,2026,190.0,177.0,44.0,13.0,0.0,2.0,11.0,0.0,20.0,0.0,1.0,1.0,63.0,25.0,2.0,.249,.291,.356,.647,.269,88.50,630.0,55.0,60.0,342.0,313.0,76.0,22.0,4.0,6.0,19.0,0.0,41.0,2.0,4.0,4.0,124.0,38.0,2.0,.243,.287,.396,.683,.259,52.17,1218.0,97.0,107.0,2025
693645,Cam Schlittler,147,New York Yankees,,P,2026,,,,,,,,,,,,,,,,,,,,,,,,,,,,,,,,,,,,,,,,,,,,,,,,,2025
595345,Steven Okert,117,Houston Astros,,P,2026,,,,,,,,,,,,,,,,,,,,,,,,,,,,,,,,,,,,,,,,,,,,,,,,,2025
544150,Albert Suárez,110,Baltimore Orioles,,P,2026,,,,,,,,,,,,,,,,,,,,,,,,,,,,,,,,,,,,,,,,,,,,,,,,,2025
650644,Aaron Civale,133,Athletics,,P,2026,,,,,,,,,,,,,,,,,,,,,,,,,,,,,,,,,,,,,,,,,,,,,,,,,2025
687515,Colby Thomas,133,Athletics,,RF,2026,73.0,68.0,14.0,2.0,0.0,2.0,4.0,0.0,21.0,0.0,0.0,1.0,22.0,6.0,0.0,.206,.250,.324,.574,.267,34.00,280.0,10.0,24.0,132.0,120.0,27.0,5.0,0.0,6.0,7.0,0.0,49.0,1.0,3.0,1.0,50.0,19.0,3.0,.225,.267,.417,.684,.309,20.00,481.0,21.0,27.0,2025
664983,Jake McCarthy,115,Colorado Rockies,,CF,2026,234.0,213.0,63.0,13.0,4.0,5.0,14.0,0.0,43.0,1.0,3.0,3.0,99.0,32.0,3.0,.296,.338,.465,.803,.345,42.60,814.0,55.0,58.0,222.0,206.0,42.0,7.0,5.0,4.0,10.0,0.0,40.0,2.0,1.0,3.0,71.0,20.0,2.0,.204,.247,.345,.592,.233,51.50,846.0,83.0,45.0,2025
669087,Sam Huff,110,Baltimore Orioles,,C,2026,23.0,23.0,4.0,2.0,0.0,0.0,0.0,0.0,11.0,0.0,0.0,0.0,6.0,1.0,0.0,.174,.174,.261,.435,.333,-.--,86.0,2.0,6.0,58.0,53.0,11.0,1.0,0.0,2.0,4.0,0.0,25.0,0.0,1.0,0.0,18.0,4.0,2.0,.208,.259,.340,.599,.333,26.50,232.0,12.0,6.0,2025
664991,Grant Wolfram,110,Baltimore Orioles,,P,2026,,,,,,,,,,,,,,,,,,,,,,,,,,,,,,,,,,,,,,,,,,,,,,,,,2025
656811,Ryan O'Hearn,134,Pittsburgh Pirates,,RF,2026,270.0,246.0,70.0,11.0,0.0,11.0,20.0,1.0,60.0,2.0,2.0,0.0,114.0,45.0,11.0,.285,.341,.463,.804,.333,22.36,1064.0,61.0,57.0,544.0,474.0,133.0,21.0,1.0,17.0,58.0,4.0,109.0,8.0,4.0,0.0,207.0,63.0,11.0,.281,.366,.437,.803,.330,27.88,2173.0,117.0,119.0,2025
695734,Daylen Lile,120,Washington Nationals,,LF,2026,346.0,314.0,79.0,17.0,3.0,8.0,24.0,1.0,58.0,4.0,4.0,0.0,126.0,38.0,4.0,.252,.309,.401,.710,.282,39.25,1201.0,76.0,105.0,351.0,321.0,96.0,15.0,11.0,9.0,21.0,0.0,56.0,4.0,3.0,1.0,160.0,41.0,5.0,.299,.347,.498,.845,.336,35.67,1306.0,73.0,100.0,2025
693686,Spencer Miles,141,Toronto Blue Jays,,P,2026,,,,,,,,,,,,,,,,,,,,,,,,,,,,,,,,,,,,,,,,,,,,,,,,,2025
681402,Gus Varland,120,Washington Nationals,,P,2026,0.0,0.0,0.0,0.0,0.0,0.0,0.0,0.0,0.0,0.0,0.0,0.0,0.0,0.0,0.0,.000,.000,.000,.000,.---,-.--,0.0,0.0,0.0,,,,,,,,,,,,,,,,,,,,,,,,,2025
665019,Kody Clemens,142,Minnesota Twins,,1B,2026,266.0,241.0,58.0,16.0,2.0,11.0,18.0,1.0,58.0,5.0,0.0,2.0,111.0,30.0,4.0,.241,.307,.461,.768,.273,21.91,1019.0,58.0,69.0,386.0,348.0,74.0,12.0,4.0,19.0,29.0,1.0,93.0,5.0,2.0,2.0,151.0,52.0,4.0,.213,.281,.434,.715,.231,18.32,1529.0,73.0,112.0,2025
679358,Eric Orze,142,Minnesota Twins,,P,2026,,,,,,,,,,,,,,,,,,,,,,,,,,,,,,,,,,,,,,,,,,,,,,,,,2025
640448,Kyle Finnegan,116,Detroit Tigers,,P,2026,,,,,,,,,,,,,,,,,,,,,,,,,,,,,,,,,,,,,,,,,,,,,,,,,2025
640454,Matt Krook,133,Athletics,,P,2026,,,,,,,,,,,,,,,,,,,,,,,,,,,,,,,,,,,,,,,,,,,,,,,,,2025
669127,Shea Langeliers,133,Athletics,,C,2026,334.0,303.0,80.0,16.0,0.0,19.0,26.0,2.0,64.0,4.0,1.0,0.0,153.0,42.0,4.0,.264,.329,.505,.834,.276,15.95,1205.0,57.0,103.0,523.0,481.0,133.0,32.0,0.0,31.0,36.0,1.0,103.0,1.0,5.0,0.0,258.0,72.0,10.0,.277,.325,.536,.861,.290,15.52,1924.0,107.0,143.0,2025
687562,Jake Bennett,111,Boston Red Sox,,P,2026,,,,,,,,,,,,,,,,,,,,,,,,,,,,,,,,,,,,,,,,,,,,,,,,,2025
656848,Michael Petersen,146,Miami Marlins,,P,2026,,,,,,,,,,,,,,,,,,,,,,,,,,,,,,,,,,,,,,,,,,,,,,,,,2025
640459,Brian Navarreto,146,Miami Marlins,,C,2026,3.0,1.0,0.0,0.0,0.0,0.0,1.0,0.0,1.0,0.0,0.0,1.0,0.0,0.0,0.0,.000,.500,.000,.500,.---,-.--,10.0,1.0,0.0,15.0,14.0,4.0,2.0,0.0,1.0,0.0,0.0,3.0,0.0,1.0,0.0,9.0,5.0,0.0,.286,.267,.643,.910,.273,14.00,42.0,5.0,3.0,2025
687570,Connor Prielipp,142,Minnesota Twins,,P,2026,,,,,,,,,,,,,,,,,,,,,,,,,,,,,,,,,,,,,,,,,,,,,,,,,2025
673237,Yainer Diaz,117,Houston Astros,,C,2026,129.0,122.0,30.0,6.0,0.0,3.0,5.0,0.0,20.0,0.0,2.0,0.0,45.0,16.0,4.0,.246,.271,.369,.640,.267,40.67,419.0,47.0,27.0,567.0,542.0,139.0,25.0,1.0,20.0,20.0,2.0,95.0,2.0,3.0,0.0,226.0,70.0,13.0,.256,.284,.417,.701,.277,27.10,1871.0,162.0,149.0,2025
665052,Griffin Conine,146,Miami Marlins,,LF,2026,36.0,33.0,7.0,2.0,0.0,2.0,2.0,0.0,12.0,1.0,0.0,0.0,15.0,5.0,0.0,.212,.278,.455,.733,.263,16.50,125.0,10.0,4.0,86.0,79.0,20.0,7.0,0.0,2.0,7.0,0.0,25.0,0.0,0.0,0.0,33.0,8.0,0.0,.253,.314,.418,.732,.346,39.50,338.0,21.0,13.0,2025
642528,Jonathan Loáisiga,109,Arizona Diamondbacks,,P,2026,0.0,0.0,0.0,0.0,0.0,0.0,0.0,0.0,0.0,0.0,0.0,0.0,0.0,0.0,0.0,.000,.000,.000,.000,.---,-.--,0.0,0.0,0.0,,,,,,,,,,,,,,,,,,,,,,,,,2025
669160,Dustin May,138,St. Louis Cardinals,,P,2026,,,,,,,,,,,,,,,,,,,,,,,,,,,,,,,,,,,,,,,,,,,,,,,,,2025
656876,Drew Rasmussen,139,Tampa Bay Rays,,P,2026,,,,,,,,,,,,,,,,,,,,,,,,,,,,,,,,,,,,,,,,,,,,,,,,,2025
669165,Kyle Hurt,119,Los Angeles Dodgers,,P,2026,,,,,,,,,,,,,,,,,,,,,,,,,,,,,,,,,,,,,,,,,,,,,,,,,2025
642546,Jonathan Hernández,119,Los Angeles Dodgers,,P,2026,,,,,,,,,,,,,,,,,,,,,,,,,,,,,,,,,,,,,,,,,,,,,,,,,2025
624133,Ranger Suarez,111,Boston Red Sox,,P,2026,,,,,,,,,,,,,,,,,,,,,,,,,,,,,,,,,,,,,,,,,,,,,,,,,2025
691718,Pete Crow-Armstrong,112,Chicago Cubs,,CF,2026,350.0,307.0,88.0,13.0,4.0,17.0,32.0,1.0,90.0,8.0,2.0,1.0,160.0,45.0,2.0,.287,.367,.521,.888,.351,18.06,1333.0,52.0,80.0,647.0,591.0,146.0,37.0,4.0,31.0,29.0,1.0,155.0,9.0,12.0,6.0,284.0,95.0,1.0,.247,.287,.481,.768,.276,19.06,2312.0,116.0,192.0,2025
622088,Tejay Antone,113,Cincinnati Reds,,P,2026,,,,,,,,,,,,,,,,,,,,,,,,,,,,,,,,,,,,,,,,,,,,,,,,,2025
691720,Kyle Karros,115,Colorado Rockies,,3B,2026,254.0,221.0,55.0,13.0,1.0,4.0,30.0,0.0,54.0,1.0,2.0,0.0,82.0,21.0,2.0,.249,.339,.371,.710,.309,55.25,1057.0,58.0,56.0,156.0,137.0,31.0,4.0,0.0,1.0,15.0,0.0,41.0,2.0,2.0,0.0,38.0,9.0,5.0,.226,.308,.277,.585,.309,137.00,635.0,33.0,34.0,2025
681481,Kerry Carpenter,116,Detroit Tigers,,RF,2026,182.0,160.0,35.0,4.0,2.0,10.0,15.0,0.0,56.0,4.0,3.0,0.0,73.0,29.0,1.0,.219,.297,.456,.753,.258,16.00,734.0,26.0,46.0,464.0,433.0,109.0,18.0,5.0,26.0,18.0,0.0,106.0,7.0,2.0,0.0,215.0,62.0,3.0,.252,.291,.497,.788,.274,16.65,1736.0,84.0,136.0,2025
691723,Coby Mayo,110,Baltimore Orioles,,3B,2026,220.0,201.0,38.0,7.0,0.0,10.0,16.0,0.0,74.0,2.0,1.0,0.0,75.0,30.0,3.0,.189,.255,.373,.628,.237,20.10,897.0,39.0,51.0,294.0,263.0,57.0,12.0,0.0,11.0,27.0,0.0,84.0,4.0,0.0,0.0,102.0,28.0,2.0,.217,.299,.388,.687,.274,23.91,1132.0,49.0,73.0,2025
669199,Lake Bachar,146,Miami Marlins,,P,2026,,,,,,,,,,,,,,,,,,,,,,,,,,,,,,,,,,,,,,,,,,,,,,,,,2025
593428,Xander Bogaerts,135,San Diego Padres,,SS,2026,299.0,261.0,60.0,4.0,0.0,8.0,33.0,0.0,55.0,3.0,2.0,0.0,88.0,30.0,2.0,.230,.321,.337,.658,.260,32.62,1165.0,83.0,65.0,552.0,491.0,129.0,30.0,0.0,11.0,48.0,3.0,94.0,4.0,8.0,1.0,192.0,53.0,12.0,.263,.328,.391,.719,.299,44.64,2100.0,126.0,151.0,2025
669211,Keegan Akin,110,Baltimore Orioles,,P,2026,,,,,,,,,,,,,,,,,,,,,,,,,0.0,0.0,0.0,0.0,0.0,0.0,0.0,0.0,0.0,0.0,0.0,0.0,0.0,0.0,0.0,.000,.000,.000,.000,.---,-.--,0.0,0.0,0.0,2025
572955,Pierce Johnson,113,Cincinnati Reds,,P,2026,,,,,,,,,,,,,,,,,,,,,,,,,,,,,,,,,,,,,,,,,,,,,,,,,2025
681508,Mickey Gasper,111,Boston Red Sox,,C,2026,115.0,103.0,26.0,5.0,1.0,0.0,9.0,0.0,21.0,1.0,1.0,1.0,33.0,6.0,2.0,.252,.316,.320,.636,.313,-.--,429.0,25.0,33.0,110.0,95.0,15.0,1.0,0.0,2.0,10.0,0.0,20.0,3.0,1.0,1.0,22.0,11.0,1.0,.158,.257,.232,.489,.176,47.50,451.0,24.0,38.0,2025
669224,Austin Wells,147,New York Yankees,,C,2026,182.0,158.0,26.0,2.0,0.0,4.0,23.0,2.0,50.0,0.0,1.0,0.0,40.0,8.0,5.0,.165,.269,.253,.522,.210,39.50,738.0,32.0,51.0,448.0,401.0,88.0,22.0,1.0,21.0,30.0,0.0,118.0,5.0,11.0,0.0,175.0,71.0,10.0,.219,.275,.436,.711,.245,19.10,1794.0,75.0,131.0,2025
681517,Kyle Leahy,138,St. Louis Cardinals,,P,2026,,,,,,,,,,,,,,,,,,,,,,,,,,,,,,,,,,,,,,,,,,,,,,,,,2025
671277,Luis García Jr.,120,Washington Nationals,,1B,2026,259.0,247.0,65.0,12.0,3.0,13.0,11.0,0.0,41.0,0.0,1.0,0.0,122.0,49.0,5.0,.263,.293,.494,.787,.268,19.00,925.0,75.0,67.0,526.0,488.0,123.0,28.0,1.0,16.0,27.0,1.0,84.0,2.0,9.0,0.0,201.0,66.0,7.0,.252,.289,.412,.701,.270,30.50,1838.0,158.0,132.0,2025
656945,Tanner Scott,119,Los Angeles Dodgers,,P,2026,,,,,,,,,,,,,,,,,,,,,,,,,0.0,0.0,0.0,0.0,0.0,0.0,0.0,0.0,0.0,0.0,0.0,0.0,0.0,0.0,0.0,.000,.000,.000,.000,.---,-.--,0.0,0.0,0.0,2025
669236,Jeremiah Jackson,110,Baltimore Orioles,,2B,2026,202.0,195.0,49.0,8.0,0.0,7.0,4.0,0.0,40.0,1.0,2.0,0.0,78.0,32.0,10.0,.251,.267,.400,.667,.280,27.86,679.0,62.0,46.0,183.0,170.0,47.0,10.0,2.0,5.0,11.0,0.0,50.0,2.0,0.0,0.0,76.0,21.0,6.0,.276,.328,.447,.775,.365,34.00,706.0,39.0,34.0,2025
671289,Tyler Freeman,115,Colorado Rockies,,RF,2026,202.0,175.0,49.0,5.0,1.0,3.0,9.0,0.0,25.0,13.0,0.0,5.0,65.0,22.0,10.0,.280,.360,.371,.731,.313,58.33,714.0,61.0,45.0,428.0,377.0,106.0,20.0,2.0,2.0,34.0,0.0,51.0,11.0,4.0,2.0,136.0,31.0,10.0,.281,.354,.361,.715,.317,188.50,1646.0,133.0,93.0,2025
669242,Tommy Edman,119,Los Angeles Dodgers,,2B,2026,24.0,22.0,8.0,1.0,0.0,0.0,2.0,0.0,4.0,0.0,0.0,0.0,9.0,1.0,0.0,.364,.417,.409,.826,.444,-.--,91.0,4.0,6.0,377.0,346.0,78.0,13.0,1.0,13.0,19.0,0.0,61.0,6.0,5.0,1.0,132.0,49.0,4.0,.225,.274,.382,.656,.235,26.62,1338.0,110.0,103.0,2025
691777,Max Muncy,133,Athletics,,3B,2026,147.0,131.0,30.0,6.0,2.0,5.0,9.0,0.0,47.0,4.0,3.0,0.0,55.0,20.0,4.0,.229,.293,.420,.713,.305,26.20,565.0,28.0,29.0,220.0,206.0,44.0,7.0,0.0,9.0,10.0,0.0,68.0,3.0,1.0,0.0,78.0,23.0,1.0,.214,.259,.379,.638,.269,22.89,824.0,51.0,44.0,2025
665161,Jeremy Peña,117,Houston Astros,,SS,2026,188.0,169.0,49.0,9.0,0.0,6.0,15.0,0.0,30.0,3.0,1.0,0.0,76.0,19.0,1.0,.290,.356,.450,.806,.321,28.17,704.0,42.0,49.0,543.0,493.0,150.0,30.0,2.0,17.0,35.0,2.0,93.0,12.0,2.0,1.0,235.0,62.0,9.0,.304,.363,.477,.840,.345,29.00,1779.0,137.0,116.0,2025
681546,James Outman,116,Detroit Tigers,,CF,2026,91.0,83.0,13.0,4.0,1.0,1.0,7.0,0.0,41.0,1.0,0.0,0.0,22.0,5.0,0.0,.157,.231,.265,.496,.293,83.00,384.0,13.0,16.0,148.0,134.0,18.0,5.0,1.0,6.0,12.0,0.0,63.0,2.0,0.0,0.0,43.0,11.0,0.0,.134,.216,.321,.537,.185,22.33,605.0,24.0,29.0,2025
691785,Marcelo Mayer,111,Boston Red Sox,,2B,2026,228.0,205.0,45.0,10.0,0.0,3.0,16.0,0.0,44.0,3.0,3.0,0.0,64.0,22.0,5.0,.220,.282,.312,.594,.261,68.33,836.0,65.0,54.0,136.0,127.0,29.0,8.0,1.0,4.0,8.0,0.0,41.0,0.0,1.0,0.0,51.0,10.0,2.0,.228,.272,.402,.674,.301,31.75,510.0,36.0,22.0,2025
691788,Joe Mack,146,Miami Marlins,,C,2026,128.0,116.0,30.0,5.0,0.0,4.0,9.0,0.0,33.0,1.0,0.0,2.0,47.0,18.0,2.0,.259,.317,.405,.722,.329,29.00,526.0,31.0,24.0,,,,,,,,,,,,,,,,,,,,,,,,,2025
656976,Pavin Smith,109,Arizona Diamondbacks,,DH,2026,58.0,48.0,8.0,0.0,0.0,1.0,9.0,0.0,12.0,0.0,1.0,0.0,11.0,5.0,0.0,.167,.293,.229,.522,.194,48.00,228.0,15.0,14.0,288.0,244.0,63.0,17.0,1.0,8.0,41.0,1.0,92.0,0.0,2.0,0.0,106.0,28.0,7.0,.258,.362,.434,.796,.377,30.50,1255.0,45.0,46.0,2025
669270,Joel Kuhnel,158,Milwaukee Brewers,,P,2026,,,,,,,,,,,,,,,,,,,,,,,,,,,,,,,,,,,,,,,,,,,,,,,,,2025
542303,Marcell Ozuna,134,Pittsburgh Pirates,,DH,2026,221.0,199.0,40.0,5.0,0.0,6.0,20.0,1.0,65.0,2.0,0.0,0.0,63.0,25.0,4.0,.201,.281,.317,.598,.266,33.17,964.0,34.0,60.0,592.0,487.0,113.0,19.0,0.0,21.0,94.0,2.0,144.0,3.0,7.0,0.0,195.0,68.0,11.0,.232,.355,.400,.755,.280,23.19,2635.0,115.0,122.0,2025
693855,Ian Seymour,139,Tampa Bay Rays,,P,2026,,,,,,,,,,,,,,,,,,,,,,,,,,,,,,,,,,,,,,,,,,,,,,,,,2025
683618,Edgardo Henriquez,119,Los Angeles Dodgers,,P,2026,0.0,0.0,0.0,0.0,0.0,0.0,0.0,0.0,0.0,0.0,0.0,0.0,0.0,0.0,0.0,.000,.000,.000,.000,.---,-.--,0.0,0.0,0.0,,,,,,,,,,,,,,,,,,,,,,,,,2025
702056,Trey Yesavage,141,Toronto Blue Jays,,P,2026,,,,,,,,,,,,,,,,,,,,,,,,,,,,,,,,,,,,,,,,,,,,,,,,,2025
679529,Spencer Torkelson,116,Detroit Tigers,,1B,2026,310.0,268.0,56.0,17.0,0.0,12.0,35.0,0.0,101.0,4.0,2.0,0.0,109.0,31.0,6.0,.209,.307,.407,.714,.280,22.33,1339.0,40.0,73.0,649.0,563.0,135.0,27.0,1.0,31.0,72.0,6.0,169.0,9.0,5.0,0.0,257.0,78.0,12.0,.240,.333,.456,.789,.283,18.16,2634.0,88.0,176.0,2025
837227,Tatsuya Imai,117,Houston Astros,,P,2026,,,,,,,,,,,,,,,,,,,,,,,,,,,,,,,,,,,,,,,,,,,,,,,,,2025
802415,Chandler Simpson,139,Tampa Bay Rays,,LF,2026,303.0,280.0,74.0,6.0,4.0,0.0,17.0,0.0,31.0,0.0,2.0,4.0,88.0,16.0,2.0,.264,.304,.314,.618,.295,-.--,1002.0,113.0,68.0,441.0,414.0,122.0,15.0,3.0,0.0,20.0,0.0,43.0,0.0,2.0,3.0,143.0,26.0,10.0,.295,.326,.345,.671,.327,-.--,1517.0,176.0,78.0,2025
669302,Logan Gilbert,136,Seattle Mariners,,P,2026,,,,,,,,,,,,,,,,,,,,,,,,,,,,,,,,,,,,,,,,,,,,,,,,,2025
820862,José Fermin,108,Los Angeles Angels,,P,2026,,,,,,,,,,,,,,,,,,,,,,,,,,,,,,,,,,,,,,,,,,,,,,,,,2025
687749,Jase Bowen,135,San Diego Padres,,RF,2026,32.0,30.0,4.0,1.0,0.0,0.0,2.0,0.0,14.0,0.0,0.0,0.0,5.0,0.0,0.0,.133,.188,.167,.355,.250,-.--,115.0,3.0,9.0,,,,,,,,,,,,,,,,,,,,,,,,,2025
642701,Dennis Santana,134,Pittsburgh Pirates,,P,2026,,,,,,,,,,,,,,,,,,,,,,,,,,,,,,,,,,,,,,,,,,,,,,,,,2025
669330,Tyler Wells,110,Baltimore Orioles,,P,2026,,,,,,,,,,,,,,,,,,,,,,,,,,,,,,,,,,,,,,,,,,,,,,,,,2025
657044,Ryan Thompson,109,Arizona Diamondbacks,,P,2026,,,,,,,,,,,,,,,,,,,,,,,,,0.0,0.0,0.0,0.0,0.0,0.0,0.0,0.0,0.0,0.0,0.0,0.0,0.0,0.0,0.0,.000,.000,.000,.000,.---,-.--,0.0,0.0,0.0,2025
642708,Amed Rosario,147,New York Yankees,,3B,2026,132.0,121.0,30.0,4.0,1.0,7.0,8.0,0.0,29.0,0.0,3.0,0.0,57.0,22.0,1.0,.248,.288,.471,.759,.261,17.29,458.0,32.0,33.0,191.0,181.0,50.0,11.0,0.0,6.0,7.0,0.0,31.0,2.0,1.0,0.0,79.0,23.0,6.0,.276,.309,.436,.745,.303,30.17,646.0,53.0,48.0,2025
681624,Andy Pages,119,Los Angeles Dodgers,,CF,2026,343.0,312.0,83.0,18.0,1.0,15.0,23.0,0.0,69.0,3.0,5.0,0.0,148.0,58.0,8.0,.266,.318,.474,.792,.292,20.80,1364.0,68.0,97.0,624.0,581.0,158.0,27.0,1.0,27.0,29.0,0.0,135.0,8.0,6.0,0.0,268.0,86.0,9.0,.272,.313,.461,.774,.308,21.52,2365.0,117.0,177.0,2025
667297,Tommy Nance,141,Toronto Blue Jays,,P,2026,,,,,,,,,,,,,,,,,,,,,,,,,,,,,,,,,,,,,,,,,,,,,,,,,2025
669358,Shane Baz,110,Baltimore Orioles,,P,2026,,,,,,,,,,,,,,,,,,,,,,,,,,,,,,,,,,,,,,,,,,,,,,,,,2025
669364,Xavier Edwards,146,Miami Marlins,,2B,2026,338.0,294.0,86.0,11.0,5.0,6.0,40.0,4.0,43.0,0.0,3.0,1.0,125.0,28.0,8.0,.293,.374,.425,.799,.323,49.00,1304.0,85.0,84.0,619.0,561.0,159.0,20.0,5.0,3.0,49.0,2.0,88.0,3.0,3.0,3.0,198.0,43.0,6.0,.283,.343,.353,.696,.330,187.00,2250.0,164.0,156.0,2025
675512,Troy Melton,116,Detroit Tigers,,P,2026,,,,,,,,,,,,,,,,,,,,,,,,,,,,,,,,,,,,,,,,,,,,,,,,,2025
669373,Tarik Skubal,116,Detroit Tigers,,P,2026,,,,,,,,,,,,,,,,,,,,,,,,,,,,,,,,,,,,,,,,,,,,,,,,,2025
669372,J.T. Ginn,133,Athletics,,P,2026,0.0,0.0,0.0,0.0,0.0,0.0,0.0,0.0,0.0,0.0,0.0,0.0,0.0,0.0,0.0,.000,.000,.000,.000,.---,-.--,0.0,0.0,0.0,,,,,,,,,,,,,,,,,,,,,,,,,2025
622268,Donovan Walton,108,Los Angeles Angels,,3B,2026,83.0,79.0,26.0,7.0,0.0,3.0,3.0,0.0,14.0,0.0,0.0,1.0,42.0,11.0,1.0,.329,.354,.532,.886,.371,26.33,306.0,19.0,21.0,9.0,8.0,1.0,0.0,0.0,0.0,0.0,0.0,1.0,0.0,0.0,1.0,1.0,1.0,0.0,.125,.125,.125,.250,.143,-.--,27.0,6.0,1.0,2025
552640,Andrew Kittredge,110,Baltimore Orioles,,P,2026,,,,,,,,,,,,,,,,,,,,,,,,,0.0,0.0,0.0,0.0,0.0,0.0,0.0,0.0,0.0,0.0,0.0,0.0,0.0,0.0,0.0,.000,.000,.000,.000,.---,-.--,0.0,0.0,0.0,2025
573124,Taylor Rogers,142,Minnesota Twins,,P,2026,,,,,,,,,,,,,,,,,,,,,,,,,,,,,,,,,,,,,,,,,,,,,,,,,2025
669384,Raynel Delgado,117,Houston Astros,,2B,2026,22.0,21.0,6.0,0.0,0.0,0.0,0.0,0.0,3.0,0.0,0.0,1.0,6.0,2.0,0.0,.286,.286,.286,.572,.333,-.--,60.0,8.0,5.0,,,,,,,,,,,,,,,,,,,,,,,,,2025
657097,Jacob Webb,112,Chicago Cubs,,P,2026,,,,,,,,,,,,,,,,,,,,,,,,,,,,,,,,,,,,,,,,,,,,,,,,,2025
669387,Carmen Mlodzinski,134,Pittsburgh Pirates,,P,2026,,,,,,,,,,,,,,,,,,,,,,,,,,,,,,,,,,,,,,,,,,,,,,,,,2025
669392,Samad Taylor,135,San Diego Padres,,LF,2026,66.0,58.0,22.0,1.0,0.0,1.0,6.0,0.0,18.0,0.0,0.0,2.0,26.0,11.0,2.0,.379,.438,.448,.886,.538,58.00,260.0,17.0,3.0,9.0,8.0,1.0,0.0,0.0,0.0,0.0,0.0,1.0,0.0,0.0,1.0,1.0,0.0,0.0,.125,.125,.125,.250,.143,-.--,23.0,4.0,3.0,2025
669394,Jake Burger,140,Texas Rangers,,1B,2026,314.0,286.0,73.0,14.0,0.0,14.0,24.0,0.0,82.0,2.0,2.0,0.0,129.0,48.0,5.0,.255,.315,.451,.766,.307,20.43,1148.0,68.0,65.0,376.0,356.0,84.0,15.0,1.0,16.0,12.0,0.0,93.0,5.0,3.0,0.0,149.0,53.0,3.0,.236,.269,.419,.688,.272,22.25,1324.0,73.0,109.0,2025
677587,Brayan Rocchio,114,Cleveland Guardians,,SS,2026,296.0,260.0,70.0,12.0,2.0,5.0,24.0,0.0,40.0,7.0,3.0,2.0,101.0,33.0,4.0,.269,.344,.388,.732,.298,52.00,1157.0,72.0,83.0,383.0,344.0,80.0,18.0,2.0,5.0,22.0,0.0,77.0,8.0,5.0,4.0,117.0,44.0,4.0,.233,.290,.340,.630,.281,68.80,1411.0,100.0,96.0,2025
677588,José Tena,120,Washington Nationals,,DH,2026,157.0,145.0,32.0,8.0,2.0,3.0,11.0,0.0,52.0,1.0,0.0,0.0,53.0,16.0,5.0,.221,.280,.366,.646,.322,48.33,636.0,36.0,25.0,169.0,152.0,37.0,13.0,2.0,0.0,15.0,0.0,37.0,1.0,1.0,0.0,54.0,16.0,4.0,.243,.314,.355,.669,.319,-.--,678.0,54.0,25.0,2025
683737,Michael Busch,112,Chicago Cubs,,1B,2026,357.0,292.0,70.0,13.0,2.0,9.0,54.0,1.0,80.0,8.0,3.0,0.0,114.0,44.0,4.0,.240,.370,.390,.760,.296,32.44,1438.0,67.0,78.0,592.0,524.0,137.0,25.0,5.0,34.0,56.0,2.0,139.0,10.0,2.0,0.0,274.0,90.0,2.0,.261,.343,.523,.866,.292,15.41,2324.0,111.0,139.0,2025
683734,Andrew Vaughn,158,Milwaukee Brewers,,1B,2026,130.0,111.0,39.0,12.0,1.0,2.0,16.0,1.0,14.0,2.0,1.0,0.0,59.0,24.0,2.0,.351,.438,.532,.970,.385,55.50,487.0,30.0,29.0,447.0,406.0,103.0,22.0,0.0,14.0,31.0,0.0,80.0,3.0,6.0,1.0,167.0,65.0,12.0,.254,.307,.411,.718,.280,29.00,1722.0,110.0,120.0,2025
677594,Julio Rodríguez,136,Seattle Mariners,,CF,2026,354.0,324.0,80.0,15.0,0.0,14.0,26.0,1.0,74.0,3.0,1.0,0.0,137.0,38.0,7.0,.247,.308,.423,.731,.278,23.14,1332.0,72.0,99.0,710.0,652.0,174.0,31.0,4.0,32.0,44.0,5.0,152.0,12.0,2.0,0.0,309.0,95.0,15.0,.267,.324,.474,.798,.302,20.38,2496.0,174.0,154.0,2025
696030,Alejandro Osuna,140,Texas Rangers,,LF,2026,144.0,123.0,32.0,4.0,0.0,0.0,13.0,0.0,21.0,7.0,0.0,1.0,36.0,12.0,2.0,.260,.364,.293,.657,.314,-.--,522.0,41.0,30.0,176.0,151.0,32.0,4.0,0.0,2.0,21.0,1.0,34.0,2.0,2.0,0.0,42.0,15.0,1.0,.212,.313,.278,.591,.256,75.50,739.0,45.0,42.0,2025
683748,Victor Mesa Jr.,139,Tampa Bay Rays,,RF,2026,60.0,50.0,9.0,0.0,0.0,3.0,9.0,0.0,15.0,0.0,0.0,1.0,18.0,8.0,1.0,.180,.305,.360,.665,.188,16.67,233.0,14.0,13.0,38.0,32.0,6.0,2.0,0.0,1.0,5.0,0.0,5.0,0.0,0.0,1.0,11.0,6.0,0.0,.188,.297,.344,.641,.192,32.00,141.0,8.0,14.0,2025
673513,Yuki Matsui,135,San Diego Padres,,P,2026,,,,,,,,,,,,,,,,,,,,,,,,,,,,,,,,,,,,,,,,,,,,,,,,,2025
657136,Connor Wong,111,Boston Red Sox,,C,2026,103.0,89.0,24.0,8.0,0.0,1.0,9.0,0.0,22.0,3.0,0.0,2.0,35.0,12.0,1.0,.270,.356,.393,.749,.348,89.00,375.0,24.0,21.0,188.0,168.0,32.0,8.0,0.0,0.0,16.0,0.0,42.0,1.0,2.0,1.0,40.0,7.0,7.0,.190,.262,.238,.500,.250,-.--,745.0,53.0,44.0,2025
691951,Sam Aldegheri,108,Los Angeles Angels,,P,2026,,,,,,,,,,,,,,,,,,,,,,,,,,,,,,,,,,,,,,,,,,,,,,,,,2025
702193,Andrew Morris,142,Minnesota Twins,,P,2026,,,,,,,,,,,,,,,,,,,,,,,,,,,,,,,,,,,,,,,,,,,,,,,,,2025
687859,Troy Johnston,115,Colorado Rockies,,RF,2026,271.0,242.0,76.0,22.0,0.0,3.0,22.0,0.0,47.0,4.0,2.0,1.0,107.0,35.0,2.0,.314,.378,.442,.820,.376,80.67,966.0,58.0,64.0,121.0,112.0,31.0,2.0,1.0,4.0,8.0,0.0,26.0,1.0,0.0,0.0,47.0,13.0,1.0,.277,.331,.420,.751,.329,28.00,450.0,24.0,31.0,2025
681715,Heriberto Hernández,146,Miami Marlins,,LF,2026,174.0,157.0,36.0,3.0,1.0,8.0,15.0,0.0,43.0,1.0,1.0,0.0,65.0,29.0,0.0,.229,.299,.414,.713,.262,19.62,637.0,37.0,42.0,294.0,256.0,68.0,12.0,1.0,10.0,31.0,0.0,77.0,3.0,4.0,0.0,112.0,45.0,6.0,.266,.347,.438,.785,.335,25.60,1138.0,52.0,63.0,2025
669432,Trevor Rogers,110,Baltimore Orioles,,P,2026,,,,,,,,,,,,,,,,,,,,,,,,,2.0,2.0,0.0,0.0,0.0,0.0,0.0,0.0,2.0,0.0,0.0,0.0,0.0,0.0,0.0,.000,.000,.000,.000,.---,-.--,6.0,0.0,0.0,2025
683769,Hunter Gaddis,114,Cleveland Guardians,,P,2026,,,,,,,,,,,,,,,,,,,,,,,,,,,,,,,,,,,,,,,,,,,,,,,,,2025
673548,Seiya Suzuki,112,Chicago Cubs,,RF,2026,275.0,240.0,62.0,10.0,0.0,10.0,31.0,3.0,74.0,3.0,1.0,0.0,102.0,31.0,6.0,.258,.349,.425,.774,.331,24.00,1178.0,48.0,57.0,651.0,571.0,140.0,31.0,3.0,32.0,71.0,1.0,164.0,1.0,8.0,0.0,273.0,103.0,13.0,.245,.326,.478,.804,.282,17.84,2727.0,98.0,177.0,2025
669456,Shane Bieber,141,Toronto Blue Jays,,P,2026,,,,,,,,,,,,,,,,,,,,,,,,,,,,,,,,,,,,,,,,,,,,,,,,,2025
677649,Ezequiel Duran,140,Texas Rangers,,SS,2026,265.0,241.0,63.0,15.0,2.0,6.0,20.0,0.0,64.0,1.0,2.0,1.0,100.0,40.0,3.0,.261,.318,.415,.733,.329,40.17,1023.0,62.0,55.0,219.0,205.0,46.0,14.0,0.0,0.0,8.0,0.0,55.0,4.0,1.0,1.0,60.0,14.0,3.0,.224,.266,.293,.559,.305,-.--,807.0,42.0,64.0,2025
573204,Caleb Thielbar,112,Chicago Cubs,,P,2026,0.0,0.0,0.0,0.0,0.0,0.0,0.0,0.0,0.0,0.0,0.0,0.0,0.0,0.0,0.0,.000,.000,.000,.000,.---,-.--,0.0,0.0,0.0,,,,,,,,,,,,,,,,,,,,,,,,,2025
669461,Matthew Liberatore,138,St. Louis Cardinals,,P,2026,,,,,,,,,,,,,,,,,,,,,,,,,,,,,,,,,,,,,,,,,,,,,,,,,2025
669467,Andre Pallante,138,St. Louis Cardinals,,P,2026,,,,,,,,,,,,,,,,,,,,,,,,,0.0,0.0,0.0,0.0,0.0,0.0,0.0,0.0,0.0,0.0,0.0,0.0,0.0,0.0,0.0,.000,.000,.000,.000,.---,-.--,0.0,0.0,0.0,2025
624413,Pete Alonso,110,Baltimore Orioles,,1B,2026,355.0,308.0,78.0,14.0,0.0,18.0,40.0,2.0,83.0,3.0,4.0,0.0,146.0,55.0,8.0,.253,.341,.474,.815,.284,17.11,1452.0,77.0,74.0,709.0,624.0,170.0,41.0,1.0,38.0,61.0,5.0,162.0,15.0,9.0,0.0,327.0,126.0,23.0,.272,.347,.524,.871,.305,16.42,2807.0,135.0,166.0,2025
663330,Jahmai Jones,116,Detroit Tigers,,DH,2026,100.0,91.0,13.0,2.0,0.0,2.0,9.0,0.0,32.0,0.0,0.0,0.0,21.0,7.0,3.0,.143,.220,.231,.451,.193,45.50,364.0,20.0,26.0,150.0,129.0,37.0,11.0,1.0,7.0,18.0,1.0,32.0,3.0,0.0,0.0,71.0,23.0,3.0,.287,.387,.550,.937,.333,18.43,595.0,21.0,39.0,2025
696100,Hunter Goodman,115,Colorado Rockies,,C,2026,314.0,284.0,68.0,12.0,0.0,21.0,25.0,2.0,104.0,4.0,1.0,0.0,143.0,39.0,3.0,.239,.309,.504,.813,.294,13.52,1146.0,41.0,72.0,579.0,540.0,150.0,28.0,5.0,31.0,33.0,0.0,152.0,4.0,2.0,0.0,281.0,91.0,16.0,.278,.323,.520,.843,.331,17.42,2149.0,100.0,140.0,2025
687911,Bryan King,117,Houston Astros,,P,2026,,,,,,,,,,,,,,,,,,,,,,,,,,,,,,,,,,,,,,,,,,,,,,,,,2025
624424,Michael Conforto,112,Chicago Cubs,,DH,2026,124.0,107.0,24.0,10.0,0.0,4.0,16.0,0.0,38.0,0.0,1.0,0.0,46.0,15.0,3.0,.224,.323,.430,.753,.303,26.75,512.0,21.0,25.0,486.0,418.0,83.0,20.0,0.0,12.0,56.0,0.0,121.0,9.0,3.0,0.0,139.0,36.0,12.0,.199,.305,.333,.638,.247,34.83,2049.0,103.0,114.0,2025
675627,Michael Grove,139,Tampa Bay Rays,,P,2026,,,,,,,,,,,,,,,,,,,,,,,,,,,,,,,,,,,,,,,,,,,,,,,,,2025
624431,Jose Trevino,113,Cincinnati Reds,,C,2026,48.0,45.0,8.0,1.0,0.0,0.0,1.0,0.0,7.0,0.0,0.0,2.0,9.0,2.0,0.0,.178,.196,.200,.396,.211,-.--,139.0,21.0,11.0,302.0,282.0,67.0,20.0,0.0,4.0,15.0,0.0,39.0,0.0,4.0,1.0,99.0,22.0,9.0,.238,.272,.351,.623,.259,70.50,1063.0,95.0,86.0,2025
696135,Kahlil Watson,114,Cleveland Guardians,,RF,2026,22.0,21.0,5.0,0.0,0.0,1.0,1.0,0.0,9.0,0.0,0.0,0.0,8.0,6.0,0.0,.238,.273,.381,.654,.364,21.00,84.0,1.0,6.0,,,,,,,,,,,,,,,,,,,,,,,,,2025
681799,Ethan Roberts,112,Chicago Cubs,,P,2026,,,,,,,,,,,,,,,,,,,,,,,,,,,,,,,,,,,,,,,,,,,,,,,,,2025
667463,John King,146,Miami Marlins,,P,2026,,,,,,,,,,,,,,,,,,,,,,,,,,,,,,,,,,,,,,,,,,,,,,,,,2025
663368,Blake Perkins,158,Milwaukee Brewers,,CF,2026,96.0,85.0,13.0,5.0,0.0,1.0,9.0,0.0,22.0,1.0,0.0,1.0,21.0,11.0,1.0,.153,.242,.247,.489,.194,85.00,400.0,26.0,25.0,171.0,155.0,35.0,6.0,2.0,3.0,15.0,0.0,47.0,1.0,0.0,0.0,54.0,19.0,4.0,.226,.298,.348,.646,.305,51.67,708.0,41.0,32.0,2025
702284,Cole Young,136,Seattle Mariners,,2B,2026,328.0,295.0,74.0,12.0,1.0,7.0,22.0,0.0,58.0,7.0,3.0,1.0,109.0,37.0,2.0,.251,.315,.369,.684,.288,42.14,1253.0,69.0,98.0,257.0,223.0,47.0,7.0,1.0,4.0,28.0,1.0,47.0,2.0,2.0,2.0,68.0,24.0,4.0,.211,.302,.305,.607,.247,55.75,1034.0,52.0,81.0,2025
675660,Shane Drohan,158,Milwaukee Brewers,,P,2026,,,,,,,,,,,,,,,,,,,,,,,,,,,,,,,,,,,,,,,,,,,,,,,,,2025
681807,David Fry,114,Cleveland Guardians,,RF,2026,128.0,109.0,23.0,4.0,0.0,4.0,19.0,1.0,39.0,0.0,0.0,0.0,39.0,9.0,3.0,.211,.328,.358,.686,.288,27.25,578.0,23.0,24.0,157.0,146.0,25.0,4.0,0.0,8.0,9.0,0.0,58.0,2.0,0.0,0.0,53.0,23.0,3.0,.171,.229,.363,.592,.213,18.25,623.0,26.0,37.0,2025
663372,Ryan Feltner,115,Colorado Rockies,,P,2026,,,,,,,,,,,,,,,,,,,,,,,,,,,,,,,,,,,,,,,,,,,,,,,,,2025
667472,Dane Myers,113,Cincinnati Reds,,CF,2026,129.0,110.0,28.0,5.0,0.0,3.0,16.0,0.0,32.0,2.0,1.0,0.0,42.0,13.0,4.0,.255,.357,.382,.739,.329,36.67,532.0,17.0,34.0,333.0,307.0,72.0,10.0,0.0,6.0,23.0,0.0,77.0,2.0,1.0,0.0,100.0,31.0,12.0,.235,.291,.326,.617,.293,51.17,1241.0,78.0,81.0,2025
700241,Michael McGreevy,138,St. Louis Cardinals,,P,2026,,,,,,,,,,,,,,,,,,,,,,,,,,,,,,,,,,,,,,,,,,,,,,,,,2025
696147,Sam Bachman,108,Los Angeles Angels,,P,2026,,,,,,,,,,,,,,,,,,,,,,,,,,,,,,,,,,,,,,,,,,,,,,,,,2025
696149,Bubba Chandler,134,Pittsburgh Pirates,,P,2026,,,,,,,,,,,,,,,,,,,,,,,,,,,,,,,,,,,,,,,,,,,,,,,,,2025
700250,Ben Rice,147,New York Yankees,,1B,2026,325.0,281.0,79.0,15.0,2.0,22.0,40.0,3.0,76.0,2.0,2.0,0.0,164.0,53.0,5.0,.281,.372,.584,.956,.308,12.77,1294.0,66.0,62.0,530.0,467.0,119.0,28.0,4.0,26.0,50.0,0.0,100.0,9.0,2.0,0.0,233.0,65.0,18.0,.255,.337,.499,.836,.271,17.96,2047.0,115.0,135.0,2025
702332,Caleb Durbin,111,Boston Red Sox,,3B,2026,255.0,232.0,52.0,16.0,1.0,6.0,15.0,0.0,36.0,4.0,2.0,2.0,88.0,32.0,6.0,.224,.281,.379,.660,.240,38.67,907.0,84.0,64.0,506.0,445.0,114.0,25.0,0.0,11.0,30.0,0.0,50.0,24.0,4.0,3.0,172.0,53.0,10.0,.256,.334,.387,.721,.265,40.46,1838.0,134.0,154.0,2025
663423,Trent Thornton,112,Chicago Cubs,,P,2026,,,,,,,,,,,,,,,,,,,,,,,,,0.0,0.0,0.0,0.0,0.0,0.0,0.0,0.0,0.0,0.0,0.0,0.0,0.0,0.0,0.0,.000,.000,.000,.000,.---,-.--,0.0,0.0,0.0,2025
661388,William Contreras,158,Milwaukee Brewers,,C,2026,323.0,288.0,87.0,12.0,0.0,8.0,30.0,3.0,42.0,1.0,4.0,0.0,123.0,48.0,7.0,.302,.365,.427,.792,.326,36.00,1110.0,71.0,92.0,659.0,566.0,147.0,28.0,0.0,17.0,84.0,4.0,120.0,3.0,6.0,0.0,226.0,76.0,14.0,.260,.355,.399,.754,.299,33.29,2556.0,172.0,133.0,2025
679822,Justin Foscue,140,Texas Rangers,,2B,2026,87.0,78.0,20.0,4.0,0.0,4.0,6.0,0.0,21.0,2.0,1.0,0.0,36.0,10.0,2.0,.256,.322,.462,.784,.296,19.50,322.0,14.0,24.0,9.0,9.0,1.0,1.0,0.0,0.0,0.0,0.0,3.0,0.0,0.0,0.0,2.0,2.0,0.0,.111,.111,.222,.333,.167,-.--,42.0,1.0,4.0,2025
681870,Erik Sabrowski,114,Cleveland Guardians,,P,2026,,,,,,,,,,,,,,,,,,,,,,,,,,,,,,,,,,,,,,,,,,,,,,,,,2025
665487,Fernando Tatis Jr.,135,San Diego Padres,,RF,2026,338.0,300.0,85.0,14.0,1.0,3.0,30.0,1.0,68.0,2.0,5.0,1.0,110.0,28.0,6.0,.283,.347,.367,.714,.350,100.00,1212.0,82.0,71.0,691.0,594.0,159.0,27.0,2.0,25.0,89.0,7.0,129.0,6.0,2.0,0.0,265.0,71.0,6.0,.268,.368,.446,.814,.303,23.76,2636.0,160.0,148.0,2025
665489,Vladimir Guerrero Jr.,141,Toronto Blue Jays,,1B,2026,326.0,282.0,77.0,12.0,0.0,4.0,35.0,5.0,35.0,4.0,5.0,0.0,101.0,32.0,9.0,.273,.356,.358,.714,.294,70.50,1170.0,92.0,83.0,680.0,589.0,172.0,34.0,0.0,23.0,81.0,8.0,94.0,6.0,4.0,0.0,275.0,84.0,17.0,.292,.381,.467,.848,.313,25.61,2502.0,179.0,148.0,2025
622491,Luis Castillo,136,Seattle Mariners,,P,2026,,,,,,,,,,,,,,,,,,,,,,,,,,,,,,,,,,,,,,,,,,,,,,,,,2025
663457,Lars Nootbaar,138,St. Louis Cardinals,,LF,2026,70.0,59.0,17.0,4.0,1.0,2.0,10.0,1.0,15.0,0.0,1.0,0.0,29.0,7.0,1.0,.288,.386,.492,.878,.349,29.50,282.0,15.0,13.0,583.0,509.0,119.0,24.0,1.0,13.0,64.0,3.0,119.0,6.0,3.0,1.0,184.0,48.0,4.0,.234,.325,.361,.686,.279,39.15,2359.0,109.0,166.0,2025
681892,Kody Funderburk,142,Minnesota Twins,,P,2026,,,,,,,,,,,,,,,,,,,,,,,,,0.0,0.0,0.0,0.0,0.0,0.0,0.0,0.0,0.0,0.0,0.0,0.0,0.0,0.0,0.0,.000,.000,.000,.000,.---,-.--,0.0,0.0,0.0,2025
681895,Evan Sisk,134,Pittsburgh Pirates,,P,2026,,,,,,,,,,,,,,,,,,,,,,,,,,,,,,,,,,,,,,,,,,,,,,,,,2025
677800,Wilyer Abreu,111,Boston Red Sox,,RF,2026,333.0,298.0,81.0,16.0,2.0,10.0,30.0,1.0,64.0,0.0,3.0,1.0,131.0,38.0,6.0,.272,.335,.440,.775,.313,29.80,1306.0,55.0,102.0,417.0,373.0,92.0,17.0,0.0,22.0,40.0,5.0,101.0,0.0,3.0,1.0,175.0,69.0,8.0,.247,.317,.469,.786,.277,16.96,1600.0,63.0,121.0,2025
694192,Jackson Chourio,158,Milwaukee Brewers,,LF,2026,205.0,189.0,56.0,13.0,0.0,10.0,14.0,1.0,50.0,1.0,1.0,0.0,99.0,30.0,1.0,.296,.346,.524,.870,.354,18.90,791.0,40.0,44.0,589.0,549.0,148.0,35.0,4.0,21.0,30.0,1.0,121.0,3.0,6.0,1.0,254.0,78.0,13.0,.270,.308,.463,.771,.308,26.14,2108.0,129.0,158.0,2025
681909,Justin Dean,112,Chicago Cubs,,CF,2026,3.0,3.0,2.0,0.0,1.0,0.0,0.0,0.0,0.0,0.0,0.0,0.0,4.0,3.0,0.0,.667,.667,1.333,2.000,.667,-.--,10.0,1.0,0.0,2.0,2.0,0.0,0.0,0.0,0.0,0.0,0.0,1.0,0.0,0.0,0.0,0.0,0.0,0.0,.000,.000,.000,.000,.000,-.--,11.0,1.0,0.0,2025
683953,Travis Bazzana,114,Cleveland Guardians,,2B,2026,213.0,184.0,48.0,11.0,1.0,7.0,26.0,1.0,43.0,2.0,1.0,0.0,82.0,24.0,0.0,.261,.357,.446,.803,.304,26.29,845.0,44.0,50.0,,,,,,,,,,,,,,,,,,,,,,,,,2025
669622,Anthony Bender,146,Miami Marlins,,P,2026,,,,,,,,,,,,,,,,,,,,,,,,,,,,,,,,,,,,,,,,,,,,,,,,,2025
681911,Alex Vesia,119,Los Angeles Dodgers,,P,2026,0.0,0.0,0.0,0.0,0.0,0.0,0.0,0.0,0.0,0.0,0.0,0.0,0.0,0.0,0.0,.000,.000,.000,.000,.---,-.--,0.0,0.0,0.0,,,,,,,,,,,,,,,,,,,,,,,,,2025
694203,Denzer Guzman,108,Los Angeles Angels,,3B,2026,61.0,55.0,13.0,2.0,0.0,3.0,6.0,0.0,13.0,0.0,0.0,0.0,24.0,11.0,1.0,.236,.311,.436,.747,.256,18.33,223.0,13.0,16.0,43.0,42.0,8.0,1.0,0.0,2.0,1.0,0.0,22.0,0.0,0.0,0.0,15.0,3.0,0.0,.190,.209,.357,.566,.333,21.00,176.0,4.0,8.0,2025
810938,Ben Williamson,139,Tampa Bay Rays,,2B,2026,189.0,170.0,40.0,8.0,1.0,1.0,17.0,0.0,37.0,1.0,0.0,1.0,53.0,19.0,6.0,.235,.309,.312,.621,.295,170.00,753.0,53.0,41.0,295.0,277.0,70.0,13.0,0.0,1.0,15.0,0.0,64.0,1.0,0.0,2.0,86.0,21.0,5.0,.253,.294,.310,.604,.325,277.00,1216.0,90.0,55.0,2025
694212,Samuel Basallo,110,Baltimore Orioles,,C,2026,249.0,226.0,58.0,9.0,1.0,12.0,21.0,1.0,65.0,0.0,2.0,0.0,105.0,35.0,4.0,.257,.317,.465,.782,.305,18.83,907.0,54.0,51.0,118.0,109.0,18.0,6.0,0.0,4.0,6.0,0.0,30.0,3.0,0.0,0.0,36.0,15.0,4.0,.165,.229,.330,.559,.187,27.25,443.0,36.0,25.0,2025
663494,Bryan Torres,138,St. Louis Cardinals,,LF,2026,49.0,43.0,10.0,0.0,1.0,2.0,5.0,0.0,8.0,0.0,0.0,1.0,18.0,5.0,0.0,.233,.313,.419,.732,.242,21.50,192.0,15.0,11.0,,,,,,,,,,,,,,,,,,,,,,,,,2025
624585,Jorge Soler,108,Los Angeles Angels,,DH,2026,256.0,223.0,49.0,10.0,1.0,11.0,25.0,0.0,81.0,4.0,4.0,0.0,94.0,37.0,7.0,.220,.305,.422,.727,.281,20.27,1037.0,47.0,50.0,315.0,279.0,60.0,12.0,0.0,12.0,28.0,0.0,94.0,4.0,3.0,0.0,108.0,34.0,5.0,.215,.293,.387,.680,.273,23.25,1290.0,61.0,67.0,2025
696270,Ryan Johnson,108,Los Angeles Angels,,P,2026,,,,,,,,,,,,,,,,,,,,,,,,,,,,,,,,,,,,,,,,,,,,,,,,,2025
655316,Andruw Monasterio,111,Boston Red Sox,,SS,2026,133.0,125.0,28.0,10.0,0.0,3.0,8.0,0.0,33.0,0.0,0.0,0.0,47.0,12.0,2.0,.224,.271,.376,.647,.281,41.67,578.0,23.0,41.0,135.0,126.0,34.0,9.0,0.0,4.0,7.0,0.0,32.0,2.0,0.0,0.0,55.0,16.0,1.0,.270,.319,.437,.756,.333,31.50,558.0,19.0,41.0,2025
696285,Jacob Young,120,Washington Nationals,,CF,2026,260.0,243.0,55.0,8.0,2.0,8.0,12.0,0.0,49.0,4.0,0.0,1.0,91.0,30.0,4.0,.226,.274,.374,.648,.253,30.38,975.0,63.0,77.0,364.0,324.0,75.0,10.0,1.0,2.0,27.0,0.0,65.0,3.0,1.0,9.0,93.0,31.0,7.0,.231,.296,.287,.583,.283,162.00,1367.0,115.0,79.0,2025
684007,Shota Imanaga,112,Chicago Cubs,,P,2026,,,,,,,,,,,,,,,,,,,,,,,,,,,,,,,,,,,,,,,,,,,,,,,,,2025
489446,Kirby Yates,108,Los Angeles Angels,,P,2026,,,,,,,,,,,,,,,,,,,,,,,,,,,,,,,,,,,,,,,,,,,,,,,,,2025
694249,Cole Carrigg,115,Colorado Rockies,,CF,2026,58.0,48.0,13.0,2.0,1.0,3.0,8.0,0.0,12.0,1.0,1.0,0.0,26.0,11.0,1.0,.271,.379,.542,.921,.294,16.00,231.0,8.0,16.0,,,,,,,,,,,,,,,,,,,,,,,,,2025
677865,Justin Bruihl,138,St. Louis Cardinals,,P,2026,,,,,,,,,,,,,,,,,,,,,,,,,,,,,,,,,,,,,,,,,,,,,,,,,2025
688107,Robert Gasser,158,Milwaukee Brewers,,P,2026,,,,,,,,,,,,,,,,,,,,,,,,,,,,,,,,,,,,,,,,,,,,,,,,,2025
815083,Mitch Farris,108,Los Angeles Angels,,P,2026,,,,,,,,,,,,,,,,,,,,,,,,,,,,,,,,,,,,,,,,,,,,,,,,,2025
677870,Leo Jiménez,146,Miami Marlins,,3B,2026,92.0,79.0,14.0,2.0,0.0,0.0,7.0,0.0,21.0,5.0,1.0,0.0,16.0,1.0,4.0,.177,.283,.203,.486,.237,-.--,383.0,29.0,16.0,32.0,29.0,2.0,0.0,0.0,1.0,2.0,0.0,8.0,0.0,0.0,1.0,5.0,1.0,1.0,.069,.129,.172,.301,.050,29.00,143.0,10.0,10.0,2025
663538,Nico Hoerner,112,Chicago Cubs,,2B,2026,360.0,318.0,76.0,21.0,0.0,4.0,34.0,0.0,26.0,4.0,4.0,0.0,109.0,35.0,7.0,.239,.317,.343,.660,.247,79.50,1325.0,100.0,120.0,649.0,599.0,178.0,29.0,4.0,7.0,39.0,1.0,49.0,7.0,4.0,0.0,236.0,61.0,4.0,.297,.345,.394,.739,.313,85.57,2305.0,179.0,197.0,2025
671732,Lawrence Butler,133,Athletics,,RF,2026,220.0,198.0,39.0,7.0,0.0,5.0,22.0,1.0,59.0,0.0,0.0,0.0,61.0,21.0,3.0,.197,.277,.308,.585,.254,39.60,894.0,61.0,39.0,630.0,569.0,133.0,30.0,2.0,21.0,59.0,0.0,179.0,0.0,0.0,2.0,230.0,63.0,7.0,.234,.306,.404,.710,.304,27.10,2517.0,137.0,122.0,2025
681982,Grant Anderson,158,Milwaukee Brewers,,P,2026,,,,,,,,,,,,,,,,,,,,,,,,,,,,,,,,,,,,,,,,,,,,,,,,,2025
671737,Taj Bradley,142,Minnesota Twins,,P,2026,,,,,,,,,,,,,,,,,,,,,,,,,,,,,,,,,,,,,,,,,,,,,,,,,2025
