batter_id,batter_name,team_id,team_name,batSide,primaryPosition,season,plateAppearances,atBats,hits,doubles,triples,homeRuns,baseOnBalls,intentionalWalks,strikeOuts,hitByPitch,sacFlies,sacBunts,totalBases,rbi,groundIntoDoublePlay,avg,obp,slg,ops,babip,atBatsPerHomeRun,numberOfPitches,groundOuts,airOuts,plateAppearances_prev,atBats_prev,hits_prev,doubles_prev,triples_prev,homeRuns_prev,baseOnBalls_prev,intentionalWalks_prev,strikeOuts_prev,hitByPitch_prev,sacFlies_prev,sacBunts_prev,totalBases_prev,rbi_prev,groundIntoDoublePlay_prev,avg_prev,obp_prev,slg_prev,ops_prev,babip_prev,atBatsPerHomeRun_prev,numberOfPitches_prev,groundOuts_prev,airOuts_prev,season_prev
663558,Jovani Morán,111,Boston Red Sox,,P,2026,,,,,,,,,,,,,,,,,,,,,,,,,,,,,,,,,,,,,,,,,,,,,,,,,2025
663554,Casey Mize,135,San Diego Padres,,P,2026,,,,,,,,,,,,,,,,,,,,,,,,,,,,,,,,,,,,,,,,,,,,,,,,,2025
624641,Edmundo Sosa,143,Philadelphia Phillies,,LF,2026,191.0,175.0,37.0,5.0,1.0,5.0,6.0,0.0,40.0,4.0,3.0,1.0,59.0,25.0,5.0,.211,.250,.337,.587,.241,35.00,714.0,55.0,47.0,261.0,243.0,67.0,12.0,1.0,11.0,10.0,0.0,56.0,2.0,2.0,3.0,114.0,39.0,7.0,.276,.307,.469,.776,.315,22.09,942.0,67.0,58.0,2025
669701,Josh Smith,141,Toronto Blue Jays,,2B,2026,157.0,139.0,29.0,3.0,1.0,1.0,16.0,1.0,29.0,1.0,1.0,0.0,37.0,8.0,3.0,.209,.293,.266,.559,.255,139.00,602.0,34.0,48.0,563.0,495.0,124.0,23.0,2.0,10.0,55.0,2.0,100.0,8.0,1.0,3.0,181.0,35.0,3.0,.251,.335,.366,.701,.295,49.50,2287.0,139.0,136.0,2025
669711,Greg Weissert,111,Boston Red Sox,,P,2026,,,,,,,,,,,,,,,,,,,,,,,,,,,,,,,,,,,,,,,,,,,,,,,,,2025
669707,Jared Triolo,134,Pittsburgh Pirates,,SS,2026,258.0,229.0,55.0,12.0,0.0,1.0,22.0,0.0,56.0,4.0,0.0,1.0,70.0,20.0,6.0,.240,.318,.306,.624,.314,229.00,980.0,71.0,48.0,376.0,331.0,75.0,18.0,2.0,7.0,39.0,1.0,76.0,2.0,1.0,3.0,118.0,24.0,4.0,.227,.311,.356,.667,.273,47.29,1454.0,81.0,103.0,2025
622608,Antonio Senzatela,158,Milwaukee Brewers,,P,2026,0.0,0.0,0.0,0.0,0.0,0.0,0.0,0.0,0.0,0.0,0.0,0.0,0.0,0.0,0.0,.000,.000,.000,.000,.---,-.--,0.0,0.0,0.0,,,,,,,,,,,,,,,,,,,,,,,,,2025
595978,Austin Hedges,114,Cleveland Guardians,,C,2026,172.0,151.0,41.0,7.0,0.0,4.0,14.0,0.0,30.0,1.0,2.0,4.0,60.0,17.0,3.0,.272,.333,.397,.730,.311,37.75,654.0,46.0,40.0,180.0,155.0,25.0,3.0,0.0,5.0,18.0,0.0,43.0,1.0,2.0,4.0,43.0,10.0,2.0,.161,.250,.277,.527,.183,31.00,696.0,35.0,58.0,2025
665622,Luis Medina,133,Athletics,,P,2026,,,,,,,,,,,,,,,,,,,,,,,,,,,,,,,,,,,,,,,,,,,,,,,,,2025
694297,Brandon Pfaadt,109,Arizona Diamondbacks,,P,2026,,,,,,,,,,,,,,,,,,,,,,,,,,,,,,,,,,,,,,,,,,,,,,,,,2025
661531,Brian Serven,133,Athletics,,C,2026,13.0,12.0,3.0,0.0,0.0,1.0,1.0,0.0,2.0,0.0,0.0,0.0,6.0,2.0,1.0,.250,.308,.500,.808,.222,12.00,52.0,6.0,1.0,,,,,,,,,,,,,,,,,,,,,,,,,2025
663586,Austin Riley,144,Atlanta Braves,,3B,2026,456.0,409.0,91.0,17.0,1.0,13.0,35.0,0.0,141.0,10.0,2.0,0.0,149.0,55.0,9.0,.222,.298,.364,.662,.304,31.46,1838.0,72.0,107.0,447.0,416.0,108.0,20.0,1.0,16.0,27.0,1.0,128.0,3.0,1.0,0.0,178.0,54.0,9.0,.260,.309,.428,.737,.337,26.00,1791.0,69.0,112.0,2025
593958,Eduardo Rodriguez,109,Arizona Diamondbacks,,P,2026,,,,,,,,,,,,,,,,,,,,,,,,,,,,,,,,,,,,,,,,,,,,,,,,,2025
596019,Francisco Lindor,121,New York Mets,,SS,2026,251.0,224.0,51.0,6.0,4.0,9.0,25.0,0.0,48.0,2.0,0.0,0.0,92.0,25.0,2.0,.228,.311,.411,.722,.251,24.89,1094.0,51.0,74.0,732.0,644.0,172.0,35.0,0.0,31.0,65.0,2.0,131.0,16.0,7.0,0.0,300.0,86.0,9.0,.267,.346,.466,.812,.288,20.77,2940.0,149.0,199.0,2025
663604,Brandon Lockridge,158,Milwaukee Brewers,,LF,2026,97.0,86.0,25.0,4.0,0.0,0.0,10.0,0.0,26.0,0.0,0.0,1.0,29.0,12.0,0.0,.291,.365,.337,.702,.417,-.--,417.0,28.0,8.0,148.0,134.0,31.0,7.0,1.0,0.0,8.0,0.0,36.0,1.0,2.0,3.0,40.0,11.0,2.0,.231,.276,.299,.575,.310,-.--,578.0,44.0,28.0,2025
593974,Wandy Peralta,135,San Diego Padres,,P,2026,0.0,0.0,0.0,0.0,0.0,0.0,0.0,0.0,0.0,0.0,0.0,0.0,0.0,0.0,0.0,.000,.000,.000,.000,.---,-.--,0.0,0.0,0.0,,,,,,,,,,,,,,,,,,,,,,,,,2025
677944,Slade Cecconi,114,Cleveland Guardians,,P,2026,,,,,,,,,,,,,,,,,,,,,,,,,,,,,,,,,,,,,,,,,,,,,,,,,2025
571448,Nolan Arenado,109,Arizona Diamondbacks,,3B,2026,418.0,369.0,90.0,20.0,0.0,16.0,39.0,2.0,87.0,7.0,3.0,0.0,158.0,53.0,9.0,.244,.325,.428,.753,.275,23.06,1689.0,87.0,108.0,436.0,401.0,95.0,18.0,1.0,12.0,28.0,4.0,49.0,3.0,4.0,0.0,151.0,52.0,10.0,.237,.289,.377,.666,.241,33.42,1586.0,101.0,160.0,2025
665660,Elvis Alvarado,133,Athletics,,P,2026,,,,,,,,,,,,,,,,,,,,,,,,,0.0,0.0,0.0,0.0,0.0,0.0,0.0,0.0,0.0,0.0,0.0,0.0,0.0,0.0,0.0,.000,.000,.000,.000,.---,-.--,0.0,0.0,0.0,2025
677951,Bobby Witt Jr.,118,Kansas City Royals,,SS,2026,423.0,377.0,106.0,23.0,1.0,13.0,42.0,4.0,74.0,1.0,3.0,0.0,170.0,41.0,6.0,.281,.352,.451,.803,.317,29.00,1557.0,72.0,128.0,687.0,623.0,184.0,47.0,6.0,23.0,49.0,8.0,125.0,8.0,7.0,0.0,312.0,88.0,7.0,.295,.351,.501,.852,.334,27.09,2511.0,124.0,197.0,2025
677952,Braxton Ashcraft,134,Pittsburgh Pirates,,P,2026,,,,,,,,,,,,,,,,,,,,,,,,,,,,,,,,,,,,,,,,,,,,,,,,,2025
682052,Jacob Lopez,133,Athletics,,P,2026,,,,,,,,,,,,,,,,,,,,,,,,,,,,,,,,,,,,,,,,,,,,,,,,,2025
663616,Trevor Larnach,142,Minnesota Twins,,LF,2026,344.0,300.0,84.0,19.0,1.0,10.0,40.0,1.0,62.0,3.0,0.0,1.0,135.0,41.0,7.0,.280,.370,.450,.820,.325,30.00,1375.0,67.0,88.0,567.0,503.0,126.0,24.0,1.0,17.0,53.0,2.0,122.0,4.0,6.0,0.0,203.0,60.0,19.0,.250,.323,.404,.727,.295,29.59,2191.0,124.0,137.0,2025
608324,Alex Bregman,112,Chicago Cubs,,3B,2026,513.0,444.0,109.0,23.0,1.0,11.0,56.0,2.0,82.0,8.0,5.0,0.0,167.0,48.0,11.0,.245,.337,.376,.713,.275,40.36,2043.0,105.0,153.0,495.0,433.0,118.0,28.0,0.0,18.0,51.0,3.0,70.0,9.0,2.0,0.0,200.0,62.0,12.0,.273,.360,.462,.822,.288,24.06,1947.0,101.0,146.0,2025
663623,Jake Irvin,120,Washington Nationals,,P,2026,,,,,,,,,,,,,,,,,,,,,,,,,,,,,,,,,,,,,,,,,,,,,,,,,2025
677961,Cole Wilcox,136,Seattle Mariners,,P,2026,,,,,,,,,,,,,,,,,,,,,,,,,,,,,,,,,,,,,,,,,,,,,,,,,2025
677976,Randy Dobnak,118,Kansas City Royals,,P,2026,,,,,,,,,,,,,,,,,,,,,,,,,,,,,,,,,,,,,,,,,,,,,,,,,2025
663647,Ke'Bryan Hayes,113,Cincinnati Reds,,3B,2026,169.0,158.0,22.0,2.0,1.0,4.0,9.0,0.0,33.0,2.0,0.0,0.0,38.0,7.0,5.0,.139,.195,.241,.436,.149,39.50,574.0,41.0,62.0,570.0,527.0,124.0,16.0,3.0,5.0,36.0,1.0,111.0,5.0,1.0,1.0,161.0,49.0,12.0,.235,.290,.306,.596,.289,105.40,2154.0,154.0,140.0,2025
608348,Carson Kelly,112,Chicago Cubs,,C,2026,303.0,267.0,71.0,10.0,0.0,7.0,33.0,0.0,50.0,3.0,0.0,0.0,102.0,40.0,7.0,.266,.353,.382,.735,.305,38.14,1191.0,69.0,77.0,421.0,369.0,92.0,13.0,1.0,17.0,45.0,0.0,80.0,3.0,4.0,0.0,158.0,50.0,11.0,.249,.333,.428,.761,.272,21.71,1667.0,88.0,113.0,2025
694374,Tim Tawa,109,Arizona Diamondbacks,,LF,2026,171.0,151.0,35.0,8.0,0.0,6.0,12.0,0.0,35.0,0.0,3.0,5.0,61.0,26.0,5.0,.232,.283,.404,.687,.257,25.17,680.0,48.0,41.0,225.0,199.0,40.0,8.0,0.0,7.0,20.0,0.0,64.0,1.0,3.0,2.0,69.0,18.0,6.0,.201,.274,.347,.621,.252,28.43,876.0,54.0,46.0,2025
594027,Tyron Guerrero,111,Boston Red Sox,,P,2026,,,,,,,,,,,,,,,,,,,,,,,,,,,,,,,,,,,,,,,,,,,,,,,,,2025
694384,Nolan Schanuel,108,Los Angeles Angels,,1B,2026,391.0,349.0,96.0,21.0,0.0,6.0,33.0,0.0,55.0,6.0,3.0,0.0,135.0,37.0,10.0,.275,.345,.387,.732,.309,58.17,1479.0,109.0,92.0,564.0,488.0,129.0,23.0,1.0,12.0,59.0,4.0,71.0,10.0,4.0,3.0,190.0,53.0,10.0,.264,.353,.389,.742,.286,40.67,2150.0,139.0,156.0,2025
667755,José Soriano,141,Toronto Blue Jays,,P,2026,,,,,,,,,,,,,,,,,,,,,,,,,,,,,,,,,,,,,,,,,,,,,,,,,2025
694378,Jacob Gonzalez,134,Pittsburgh Pirates,,SS,2026,144.0,132.0,31.0,6.0,0.0,5.0,8.0,0.0,29.0,2.0,1.0,1.0,52.0,24.0,3.0,.235,.287,.394,.681,.263,26.40,566.0,33.0,41.0,,,,,,,,,,,,,,,,,,,,,,,,,2025
571510,Matthew Boyd,112,Chicago Cubs,,P,2026,,,,,,,,,,,,,,,,,,,,,,,,,,,,,,,,,,,,,,,,,,,,,,,,,2025
675961,Alika Williams,133,Athletics,,SS,2026,126.0,118.0,31.0,10.0,0.0,2.0,4.0,0.0,33.0,1.0,1.0,2.0,47.0,10.0,2.0,.263,.290,.398,.688,.345,59.00,484.0,28.0,29.0,,,,,,,,,,,,,,,,,,,,,,,,,2025
678011,Anthony Seigler,111,Boston Red Sox,,2B,2026,135.0,121.0,28.0,9.0,0.0,3.0,11.0,0.0,25.0,1.0,1.0,1.0,46.0,9.0,3.0,.231,.299,.380,.679,.266,40.33,489.0,36.0,34.0,73.0,62.0,12.0,1.0,0.0,0.0,8.0,0.0,16.0,1.0,1.0,1.0,13.0,5.0,2.0,.194,.292,.210,.502,.255,-.--,276.0,19.0,17.0,2025
608379,Michael Wacha,118,Kansas City Royals,,P,2026,,,,,,,,,,,,,,,,,,,,,,,,,,,,,,,,,,,,,,,,,,,,,,,,,2025
678022,Jack Perkins,133,Athletics,,P,2026,0.0,0.0,0.0,0.0,0.0,0.0,0.0,0.0,0.0,0.0,0.0,0.0,0.0,0.0,0.0,.000,.000,.000,.000,.---,-.--,0.0,0.0,0.0,,,,,,,,,,,,,,,,,,,,,,,,,2025
663687,Hogan Harris,133,Athletics,,P,2026,,,,,,,,,,,,,,,,,,,,,,,,,,,,,,,,,,,,,,,,,,,,,,,,,2025
682120,Tim Herrin,114,Cleveland Guardians,,P,2026,,,,,,,,,,,,,,,,,,,,,,,,,0.0,0.0,0.0,0.0,0.0,0.0,0.0,0.0,0.0,0.0,0.0,0.0,0.0,0.0,0.0,.000,.000,.000,.000,.---,-.--,0.0,0.0,0.0,2025
647304,Josh Naylor,136,Seattle Mariners,,1B,2026,462.0,420.0,109.0,16.0,0.0,8.0,36.0,2.0,58.0,4.0,1.0,0.0,149.0,40.0,16.0,.260,.323,.355,.678,.285,52.50,1521.0,128.0,126.0,604.0,543.0,160.0,29.0,1.0,20.0,48.0,4.0,83.0,4.0,5.0,0.0,251.0,92.0,17.0,.295,.353,.462,.815,.315,27.15,2013.0,158.0,147.0,2025
645261,Sandy Alcantara,146,Miami Marlins,,P,2026,,,,,,,,,,,,,,,,,,,,,,,,,,,,,,,,,,,,,,,,,,,,,,,,,2025
643217,Andrew Benintendi,145,Chicago White Sox,,DH,2026,342.0,308.0,76.0,18.0,2.0,12.0,29.0,1.0,82.0,0.0,4.0,1.0,134.0,57.0,5.0,.247,.308,.435,.743,.294,25.67,1284.0,68.0,87.0,470.0,420.0,101.0,16.0,2.0,20.0,40.0,2.0,82.0,3.0,6.0,0.0,181.0,63.0,5.0,.240,.307,.431,.738,.250,21.00,1721.0,88.0,155.0,2025
663698,Joey Bart,145,Chicago White Sox,,C,2026,124.0,110.0,24.0,4.0,0.0,4.0,7.0,0.0,33.0,6.0,1.0,0.0,40.0,13.0,1.0,.218,.298,.364,.662,.270,27.50,476.0,24.0,30.0,332.0,285.0,71.0,12.0,1.0,4.0,40.0,0.0,93.0,7.0,0.0,0.0,97.0,30.0,14.0,.249,.355,.340,.695,.356,71.25,1345.0,72.0,49.0,2025
596117,Garrett Stubbs,143,Philadelphia Phillies,,C,2026,38.0,34.0,5.0,0.0,0.0,0.0,1.0,0.0,7.0,2.0,1.0,0.0,5.0,2.0,0.0,.147,.211,.147,.358,.179,-.--,131.0,13.0,10.0,1.0,1.0,0.0,0.0,0.0,0.0,0.0,0.0,0.0,0.0,0.0,0.0,0.0,0.0,0.0,.000,.000,.000,.000,.000,-.--,4.0,1.0,0.0,2025
665750,Leody Taveras,110,Baltimore Orioles,,CF,2026,343.0,298.0,66.0,10.0,5.0,6.0,34.0,0.0,86.0,1.0,1.0,9.0,104.0,41.0,7.0,.221,.302,.349,.651,.290,49.67,1361.0,72.0,84.0,180.0,171.0,35.0,6.0,1.0,3.0,5.0,0.0,50.0,0.0,1.0,3.0,52.0,17.0,0.0,.205,.226,.304,.530,.269,57.00,693.0,33.0,57.0,2025
702616,Jackson Holliday,110,Baltimore Orioles,,2B,2026,200.0,168.0,41.0,5.0,1.0,5.0,29.0,1.0,51.0,0.0,3.0,0.0,63.0,20.0,4.0,.244,.350,.375,.725,.313,33.60,787.0,35.0,44.0,649.0,586.0,142.0,21.0,3.0,17.0,56.0,1.0,140.0,6.0,1.0,0.0,220.0,55.0,4.0,.242,.314,.375,.689,.291,34.47,2450.0,167.0,138.0,2025
645277,Ozzie Albies,144,Atlanta Braves,,2B,2026,492.0,444.0,116.0,21.0,0.0,19.0,32.0,1.0,71.0,5.0,11.0,0.0,194.0,63.0,3.0,.261,.311,.437,.748,.266,23.37,1774.0,101.0,167.0,667.0,603.0,145.0,23.0,2.0,16.0,55.0,2.0,94.0,4.0,5.0,0.0,220.0,74.0,9.0,.240,.306,.365,.671,.259,37.69,2402.0,146.0,223.0,2025
596133,Luke Weaver,134,Pittsburgh Pirates,,P,2026,0.0,0.0,0.0,0.0,0.0,0.0,0.0,0.0,0.0,0.0,0.0,0.0,0.0,0.0,0.0,.000,.000,.000,.000,.---,-.--,0.0,0.0,0.0,,,,,,,,,,,,,,,,,,,,,,,,,2025
596142,Gary Sánchez,158,Milwaukee Brewers,,C,2026,193.0,154.0,33.0,6.0,1.0,8.0,36.0,0.0,35.0,2.0,1.0,0.0,65.0,26.0,6.0,.214,.368,.422,.790,.223,19.25,821.0,37.0,50.0,101.0,91.0,21.0,2.0,0.0,5.0,4.0,0.0,27.0,5.0,1.0,0.0,38.0,24.0,2.0,.231,.297,.418,.715,.267,18.20,415.0,21.0,23.0,2025
663728,Cal Raleigh,136,Seattle Mariners,,C,2026,349.0,302.0,49.0,8.0,0.0,12.0,41.0,0.0,114.0,3.0,3.0,0.0,93.0,43.0,5.0,.162,.266,.308,.574,.207,25.17,1526.0,45.0,97.0,705.0,596.0,147.0,24.0,0.0,60.0,97.0,17.0,188.0,9.0,3.0,0.0,351.0,125.0,6.0,.247,.359,.589,.948,.248,9.93,2833.0,79.0,185.0,2025
671922,Cade Smith,114,Cleveland Guardians,,P,2026,0.0,0.0,0.0,0.0,0.0,0.0,0.0,0.0,0.0,0.0,0.0,0.0,0.0,0.0,0.0,.000,.000,.000,.000,.---,-.--,0.0,0.0,0.0,,,,,,,,,,,,,,,,,,,,,,,,,2025
596146,Max Kepler,109,Arizona Diamondbacks,,LF,2026,98.0,87.0,19.0,6.0,0.0,2.0,9.0,1.0,20.0,0.0,2.0,0.0,31.0,15.0,3.0,.218,.286,.356,.642,.254,43.50,366.0,14.0,36.0,474.0,417.0,90.0,19.0,0.0,18.0,48.0,3.0,93.0,4.0,4.0,1.0,163.0,52.0,10.0,.216,.300,.391,.691,.232,23.17,1826.0,95.0,144.0,2025
645302,Victor Robles,136,Seattle Mariners,,RF,2026,126.0,116.0,28.0,3.0,0.0,0.0,5.0,0.0,21.0,3.0,1.0,1.0,31.0,5.0,4.0,.241,.288,.267,.555,.292,-.--,443.0,30.0,39.0,114.0,106.0,26.0,4.0,1.0,1.0,3.0,0.0,26.0,3.0,2.0,0.0,35.0,9.0,3.0,.245,.281,.330,.611,.309,106.00,375.0,29.0,27.0,2025
663738,Daniel Lynch IV,118,Kansas City Royals,,P,2026,,,,,,,,,,,,,,,,,,,,,,,,,0.0,0.0,0.0,0.0,0.0,0.0,0.0,0.0,0.0,0.0,0.0,0.0,0.0,0.0,0.0,.000,.000,.000,.000,.---,-.--,0.0,0.0,0.0,2025
803011,Sam Antonacci,145,Chicago White Sox,,LF,2026,372.0,322.0,88.0,14.0,2.0,8.0,26.0,0.0,57.0,20.0,1.0,3.0,130.0,32.0,1.0,.273,.363,.404,.767,.310,40.25,1461.0,111.0,70.0,,,,,,,,,,,,,,,,,,,,,,,,,2025
696519,Samy Natera Jr.,108,Los Angeles Angels,,P,2026,,,,,,,,,,,,,,,,,,,,,,,,,,,,,,,,,,,,,,,,,,,,,,,,,2025
696522,Hayden Juenger,133,Athletics,,P,2026,,,,,,,,,,,,,,,,,,,,,,,,,,,,,,,,,,,,,,,,,,,,,,,,,2025
694477,Chad Patrick,158,Milwaukee Brewers,,P,2026,0.0,0.0,0.0,0.0,0.0,0.0,0.0,0.0,0.0,0.0,0.0,0.0,0.0,0.0,0.0,.000,.000,.000,.000,.---,-.--,0.0,0.0,0.0,,,,,,,,,,,,,,,,,,,,,,,,,2025
665804,Miguel Amaya,112,Chicago Cubs,,C,2026,187.0,159.0,37.0,9.0,0.0,3.0,18.0,0.0,47.0,8.0,0.0,1.0,55.0,18.0,5.0,.233,.341,.346,.687,.312,53.00,785.0,29.0,47.0,103.0,96.0,27.0,9.0,0.0,4.0,4.0,0.0,22.0,1.0,1.0,1.0,48.0,25.0,0.0,.281,.314,.500,.814,.324,24.00,385.0,22.0,27.0,2025
663767,Chase Shugart,143,Philadelphia Phillies,,P,2026,0.0,0.0,0.0,0.0,0.0,0.0,0.0,0.0,0.0,0.0,0.0,0.0,0.0,0.0,0.0,.000,.000,.000,.000,.---,-.--,0.0,0.0,0.0,,,,,,,,,,,,,,,,,,,,,,,,,2025
663776,Patrick Sandoval,111,Boston Red Sox,,P,2026,,,,,,,,,,,,,,,,,,,,,,,,,,,,,,,,,,,,,,,,,,,,,,,,,2025
643289,Mauricio Dubón,144,Atlanta Braves,,LF,2026,443.0,409.0,107.0,21.0,2.0,10.0,27.0,0.0,59.0,2.0,1.0,1.0,162.0,56.0,5.0,.262,.310,.396,.706,.284,40.90,1638.0,115.0,130.0,398.0,369.0,89.0,21.0,0.0,7.0,24.0,0.0,42.0,1.0,1.0,3.0,131.0,33.0,12.0,.241,.289,.355,.644,.255,52.71,1346.0,110.0,132.0,2025
669923,George Kirby,136,Seattle Mariners,,P,2026,,,,,,,,,,,,,,,,,,,,,,,,,,,,,,,,,,,,,,,,,,,,,,,,,2025
676083,Janson Junk,146,Miami Marlins,,P,2026,,,,,,,,,,,,,,,,,,,,,,,,,,,,,,,,,,,,,,,,,,,,,,,,,2025
671976,Tristan Peters,145,Chicago White Sox,,CF,2026,338.0,305.0,80.0,21.0,3.0,6.0,23.0,0.0,63.0,4.0,2.0,4.0,125.0,38.0,0.0,.262,.320,.410,.730,.311,50.83,1228.0,78.0,90.0,12.0,12.0,0.0,0.0,0.0,0.0,0.0,0.0,7.0,0.0,0.0,0.0,0.0,0.0,0.0,.000,.000,.000,.000,.000,-.--,46.0,1.0,4.0,2025
823550,Sung-Mun Song,135,San Diego Padres,,2B,2026,125.0,106.0,22.0,4.0,0.0,1.0,17.0,0.0,23.0,0.0,0.0,2.0,29.0,15.0,3.0,.208,.317,.274,.591,.256,106.00,512.0,26.0,37.0,,,,,,,,,,,,,,,,,,,,,,,,,2025
682243,Bryce Miller,136,Seattle Mariners,,P,2026,,,,,,,,,,,,,,,,,,,,,,,,,,,,,,,,,,,,,,,,,,,,,,,,,2025
606466,Ketel Marte,109,Arizona Diamondbacks,,2B,2026,483.0,441.0,109.0,22.0,3.0,19.0,34.0,2.0,73.0,4.0,4.0,0.0,194.0,62.0,4.0,.247,.304,.440,.744,.255,23.21,1737.0,126.0,137.0,556.0,480.0,136.0,28.0,0.0,28.0,64.0,6.0,83.0,9.0,3.0,0.0,248.0,72.0,12.0,.283,.376,.517,.893,.290,17.14,2095.0,129.0,135.0,2025
676106,Emerson Hancock,136,Seattle Mariners,,P,2026,,,,,,,,,,,,,,,,,,,,,,,,,0.0,0.0,0.0,0.0,0.0,0.0,0.0,0.0,0.0,0.0,0.0,0.0,0.0,0.0,0.0,.000,.000,.000,.000,.---,-.--,0.0,0.0,0.0,2025
682254,Mason Montgomery,134,Pittsburgh Pirates,,P,2026,,,,,,,,,,,,,,,,,,,,,,,,,,,,,,,,,,,,,,,,,,,,,,,,,2025
665871,Javier Assad,112,Chicago Cubs,,P,2026,0.0,0.0,0.0,0.0,0.0,0.0,0.0,0.0,0.0,0.0,0.0,0.0,0.0,0.0,0.0,.000,.000,.000,.000,.---,-.--,0.0,0.0,0.0,,,,,,,,,,,,,,,,,,,,,,,,,2025
641312,Shaun Anderson,108,Los Angeles Angels,,P,2026,,,,,,,,,,,,,,,,,,,,,,,,,,,,,,,,,,,,,,,,,,,,,,,,,2025
700712,Walbert Ureña,108,Los Angeles Angels,,P,2026,,,,,,,,,,,,,,,,,,,,,,,,,,,,,,,,,,,,,,,,,,,,,,,,,2025
682274,Yaramil Hiraldo,110,Baltimore Orioles,,P,2026,,,,,,,,,,,,,,,,,,,,,,,,,,,,,,,,,,,,,,,,,,,,,,,,,2025
663855,Jordan Hicks,145,Chicago White Sox,,P,2026,,,,,,,,,,,,,,,,,,,,,,,,,,,,,,,,,,,,,,,,,,,,,,,,,2025
665923,Esteury Ruiz,146,Miami Marlins,,RF,2026,149.0,123.0,32.0,9.0,1.0,5.0,16.0,0.0,44.0,7.0,1.0,1.0,58.0,10.0,0.0,.260,.374,.472,.846,.360,24.60,596.0,12.0,37.0,23.0,21.0,4.0,0.0,0.0,1.0,2.0,0.0,8.0,0.0,0.0,0.0,7.0,2.0,0.0,.190,.261,.333,.594,.250,21.00,88.0,5.0,4.0,2025
641343,Jake Bauers,158,Milwaukee Brewers,,1B,2026,403.0,344.0,93.0,16.0,2.0,20.0,55.0,3.0,103.0,3.0,1.0,0.0,173.0,64.0,3.0,.270,.375,.503,.878,.329,17.20,1645.0,79.0,70.0,218.0,183.0,43.0,9.0,0.0,7.0,32.0,1.0,59.0,2.0,1.0,0.0,73.0,28.0,1.0,.235,.353,.399,.752,.305,26.14,895.0,35.0,47.0,2025
665926,Andrés Giménez,141,Toronto Blue Jays,,SS,2026,364.0,336.0,77.0,16.0,1.0,7.0,11.0,0.0,69.0,11.0,4.0,2.0,116.0,41.0,6.0,.229,.273,.345,.618,.265,48.00,1371.0,104.0,92.0,369.0,329.0,69.0,11.0,1.0,7.0,25.0,0.0,66.0,11.0,3.0,1.0,103.0,35.0,8.0,.210,.285,.313,.598,.239,47.00,1452.0,97.0,101.0,2025
663878,Nate Pearson,118,Kansas City Royals,,P,2026,0.0,0.0,0.0,0.0,0.0,0.0,0.0,0.0,0.0,0.0,0.0,0.0,0.0,0.0,0.0,.000,.000,.000,.000,.---,-.--,0.0,0.0,0.0,,,,,,,,,,,,,,,,,,,,,,,,,2025
678218,Brandon Valenzuela,141,Toronto Blue Jays,,C,2026,210.0,187.0,44.0,6.0,0.0,8.0,21.0,0.0,56.0,0.0,1.0,1.0,74.0,21.0,2.0,.235,.311,.396,.707,.290,23.38,851.0,40.0,49.0,,,,,,,,,,,,,,,,,,,,,,,,,2025
663886,Tyler Stephenson,113,Cincinnati Reds,,C,2026,308.0,270.0,68.0,16.0,0.0,9.0,35.0,1.0,77.0,1.0,2.0,0.0,111.0,32.0,5.0,.252,.338,.411,.749,.317,30.00,1236.0,49.0,78.0,342.0,299.0,69.0,18.0,0.0,13.0,37.0,1.0,116.0,2.0,4.0,0.0,126.0,50.0,4.0,.231,.316,.421,.737,.322,23.00,1389.0,57.0,61.0,2025
657746,Joe Ryan,142,Minnesota Twins,,P,2026,,,,,,,,,,,,,,,,,,,,,,,,,,,,,,,,,,,,,,,,,,,,,,,,,2025
670036,Matt Festa,114,Cleveland Guardians,,P,2026,,,,,,,,,,,,,,,,,,,,,,,,,0.0,0.0,0.0,0.0,0.0,0.0,0.0,0.0,0.0,0.0,0.0,0.0,0.0,0.0,0.0,.000,.000,.000,.000,.---,-.--,0.0,0.0,0.0,2025
663893,Brendon Little,141,Toronto Blue Jays,,P,2026,,,,,,,,,,,,,,,,,,,,,,,,,,,,,,,,,,,,,,,,,,,,,,,,,2025
657757,Gavin Sheets,135,San Diego Padres,,1B,2026,366.0,317.0,68.0,15.0,0.0,14.0,43.0,0.0,76.0,4.0,2.0,0.0,125.0,43.0,10.0,.215,.314,.394,.708,.236,22.64,1561.0,93.0,82.0,545.0,492.0,124.0,28.0,1.0,19.0,44.0,1.0,107.0,5.0,4.0,0.0,211.0,71.0,9.0,.252,.317,.429,.746,.284,25.90,2279.0,111.0,154.0,2025
663903,Brady Singer,113,Cincinnati Reds,,P,2026,,,,,,,,,,,,,,,,,,,,,,,,,,,,,,,,,,,,,,,,,,,,,,,,,2025
665953,Andrés Chaparro,120,Washington Nationals,,1B,2026,107.0,90.0,19.0,6.0,0.0,6.0,14.0,0.0,25.0,3.0,0.0,0.0,43.0,23.0,3.0,.211,.336,.478,.814,.220,15.00,403.0,24.0,22.0,73.0,66.0,12.0,2.0,0.0,1.0,5.0,0.0,22.0,1.0,1.0,0.0,17.0,5.0,0.0,.182,.247,.258,.505,.250,66.00,282.0,15.0,18.0,2025
545121,Ildemaro Vargas,109,Arizona Diamondbacks,,1B,2026,354.0,329.0,90.0,17.0,4.0,7.0,20.0,2.0,34.0,2.0,1.0,1.0,136.0,55.0,4.0,.274,.318,.413,.731,.287,47.00,1241.0,109.0,98.0,121.0,115.0,31.0,2.0,1.0,3.0,2.0,0.0,15.0,2.0,1.0,1.0,44.0,19.0,3.0,.270,.292,.383,.675,.286,38.33,429.0,46.0,25.0,2025
678246,Miguel Vargas,145,Chicago White Sox,,3B,2026,489.0,414.0,99.0,25.0,1.0,24.0,62.0,2.0,87.0,7.0,5.0,0.0,198.0,67.0,6.0,.239,.344,.478,.822,.244,17.25,1902.0,77.0,156.0,569.0,504.0,118.0,32.0,2.0,16.0,56.0,0.0,100.0,6.0,3.0,0.0,202.0,60.0,9.0,.234,.316,.401,.717,.261,31.50,2323.0,91.0,198.0,2025
670059,Colin Holderman,114,Cleveland Guardians,,P,2026,,,,,,,,,,,,,,,,,,,,,,,,,,,,,,,,,,,,,,,,,,,,,,,,,2025
670062,Julian Garcia,113,Cincinnati Reds,,P,2026,,,,,,,,,,,,,,,,,,,,,,,,,,,,,,,,,,,,,,,,,,,,,,,,,2025
665966,Carlos Narváez,110,Baltimore Orioles,,C,2026,203.0,176.0,32.0,6.0,0.0,3.0,14.0,0.0,68.0,5.0,3.0,5.0,47.0,10.0,6.0,.182,.258,.267,.525,.269,58.67,826.0,37.0,47.0,446.0,403.0,97.0,27.0,0.0,15.0,38.0,0.0,111.0,1.0,2.0,2.0,169.0,50.0,12.0,.241,.306,.419,.725,.294,26.87,1829.0,98.0,101.0,2025
547180,Bryce Harper,143,Philadelphia Phillies,,1B,2026,485.0,405.0,102.0,21.0,3.0,24.0,72.0,3.0,103.0,1.0,7.0,0.0,201.0,68.0,12.0,.252,.361,.496,.857,.274,16.88,1882.0,105.0,102.0,580.0,501.0,131.0,32.0,0.0,27.0,70.0,6.0,121.0,6.0,3.0,0.0,244.0,75.0,5.0,.261,.357,.487,.844,.292,18.56,2172.0,127.0,125.0,2025
643446,Jeff McNeil,133,Athletics,,2B,2026,346.0,315.0,79.0,13.0,0.0,4.0,23.0,1.0,42.0,4.0,3.0,1.0,104.0,35.0,10.0,.251,.307,.330,.637,.276,78.75,1258.0,89.0,109.0,462.0,399.0,97.0,21.0,5.0,12.0,49.0,4.0,55.0,8.0,4.0,2.0,164.0,54.0,5.0,.243,.335,.411,.746,.253,33.25,1718.0,109.0,144.0,2025
694646,Chayce McDermott,121,New York Mets,,P,2026,,,,,,,,,,,,,,,,,,,,,,,,,,,,,,,,,,,,,,,,,,,,,,,,,2025
801139,Payton Tolle,111,Boston Red Sox,,P,2026,,,,,,,,,,,,,,,,,,,,,,,,,,,,,,,,,,,,,,,,,,,,,,,,,2025
663947,Tyler Holton,116,Detroit Tigers,,P,2026,,,,,,,,,,,,,,,,,,,,,,,,,,,,,,,,,,,,,,,,,,,,,,,,,2025
694673,Abimelec Ortiz,120,Washington Nationals,,1B,2026,11.0,11.0,3.0,1.0,0.0,1.0,0.0,0.0,2.0,0.0,0.0,0.0,7.0,1.0,1.0,.273,.273,.636,.909,.250,11.00,53.0,3.0,3.0,,,,,,,,,,,,,,,,,,,,,,,,,2025
686475,Tyler Tolbert,118,Kansas City Royals,,SS,2026,91.0,80.0,26.0,3.0,0.0,3.0,6.0,0.0,15.0,0.0,1.0,4.0,38.0,6.0,3.0,.325,.368,.475,.843,.365,26.67,305.0,26.0,18.0,57.0,50.0,14.0,2.0,0.0,1.0,1.0,0.0,11.0,3.0,2.0,1.0,19.0,6.0,1.0,.280,.321,.380,.701,.325,50.00,189.0,10.0,18.0,2025
684442,Kohl Drake,109,Arizona Diamondbacks,,P,2026,,,,,,,,,,,,,,,,,,,,,,,,,,,,,,,,,,,,,,,,,,,,,,,,,2025
663969,Tyler Phillips,146,Miami Marlins,,P,2026,,,,,,,,,,,,,,,,,,,,,,,,,,,,,,,,,,,,,,,,,,,,,,,,,2025
663968,Jake Mangum,134,Pittsburgh Pirates,,CF,2026,331.0,302.0,90.0,11.0,1.0,3.0,17.0,1.0,61.0,8.0,1.0,3.0,112.0,24.0,6.0,.298,.351,.371,.722,.364,100.67,1215.0,98.0,57.0,428.0,405.0,120.0,18.0,1.0,3.0,19.0,0.0,64.0,2.0,1.0,1.0,149.0,40.0,4.0,.296,.330,.368,.698,.345,135.00,1442.0,138.0,85.0,2025
805299,Brandyn Garcia,109,Arizona Diamondbacks,,P,2026,,,,,,,,,,,,,,,,,,,,,,,,,0.0,0.0,0.0,0.0,0.0,0.0,0.0,0.0,0.0,0.0,0.0,0.0,0.0,0.0,0.0,.000,.000,.000,.000,.---,-.--,0.0,0.0,0.0,2025
805300,Jakob Marsee,146,Miami Marlins,,CF,2026,438.0,367.0,73.0,14.0,3.0,6.0,56.0,0.0,97.0,9.0,1.0,5.0,111.0,28.0,3.0,.199,.319,.302,.621,.253,61.17,1735.0,84.0,119.0,234.0,209.0,61.0,18.0,3.0,5.0,22.0,0.0,48.0,2.0,1.0,0.0,100.0,33.0,2.0,.292,.363,.478,.841,.357,41.80,881.0,52.0,49.0,2025
666023,Freddy Fermin,135,San Diego Padres,,C,2026,193.0,167.0,31.0,9.0,0.0,4.0,17.0,0.0,36.0,3.0,2.0,4.0,52.0,15.0,3.0,.186,.270,.311,.581,.209,41.75,737.0,49.0,57.0,347.0,319.0,80.0,13.0,0.0,5.0,19.0,1.0,65.0,2.0,0.0,7.0,108.0,26.0,5.0,.251,.297,.339,.636,.301,63.80,1372.0,88.0,93.0,2025
676282,Joey Cantillo,114,Cleveland Guardians,,P,2026,,,,,,,,,,,,,,,,,,,,,,,,,,,,,,,,,,,,,,,,,,,,,,,,,2025
643511,Tyler Rogers,141,Toronto Blue Jays,,P,2026,,,,,,,,,,,,,,,,,,,,,,,,,0.0,0.0,0.0,0.0,0.0,0.0,0.0,0.0,0.0,0.0,0.0,0.0,0.0,0.0,0.0,.000,.000,.000,.000,.---,-.--,0.0,0.0,0.0,2025
663993,Nathaniel Lowe,114,Cleveland Guardians,,DH,2026,284.0,256.0,68.0,18.0,0.0,12.0,28.0,1.0,71.0,0.0,0.0,0.0,122.0,39.0,2.0,.266,.338,.477,.815,.324,21.33,1201.0,59.0,58.0,609.0,540.0,123.0,23.0,3.0,18.0,62.0,2.0,159.0,2.0,5.0,0.0,206.0,84.0,6.0,.228,.307,.381,.688,.285,30.00,2607.0,130.0,133.0,2025
575929,Willson Contreras,111,Boston Red Sox,,1B,2026,430.0,361.0,104.0,18.0,2.0,23.0,47.0,2.0,108.0,19.0,3.0,0.0,195.0,70.0,8.0,.288,.395,.540,.935,.348,15.70,1669.0,65.0,87.0,563.0,490.0,126.0,31.0,1.0,20.0,44.0,1.0,142.0,23.0,4.0,1.0,219.0,80.0,15.0,.257,.344,.447,.791,.319,24.50,2160.0,112.0,115.0,2025
518595,Travis d'Arnaud,108,Los Angeles Angels,,C,2026,49.0,44.0,9.0,1.0,0.0,1.0,3.0,0.0,11.0,2.0,0.0,0.0,13.0,3.0,1.0,.205,.286,.295,.581,.250,44.00,174.0,11.0,13.0,231.0,213.0,42.0,13.0,0.0,6.0,13.0,0.0,74.0,4.0,1.0,0.0,73.0,21.0,5.0,.197,.255,.343,.598,.269,35.50,873.0,45.0,53.0,2025
686527,Dominic Canzone,136,Seattle Mariners,,DH,2026,328.0,291.0,74.0,17.0,1.0,18.0,31.0,2.0,66.0,4.0,2.0,0.0,147.0,49.0,5.0,.254,.332,.505,.837,.268,16.17,1234.0,82.0,71.0,269.0,243.0,73.0,11.0,0.0,11.0,20.0,0.0,59.0,3.0,2.0,0.0,117.0,32.0,6.0,.300,.358,.481,.839,.354,22.09,1028.0,55.0,59.0,2025
592332,Kevin Gausman,112,Chicago Cubs,,P,2026,,,,,,,,,,,,,,,,,,,,,,,,,,,,,,,,,,,,,,,,,,,,,,,,,2025
608718,Brent Suter,144,Atlanta Braves,,P,2026,,,,,,,,,,,,,,,,,,,,,,,,,,,,,,,,,,,,,,,,,,,,,,,,,2025
664023,Ian Happ,112,Chicago Cubs,,LF,2026,473.0,404.0,86.0,21.0,2.0,18.0,62.0,3.0,147.0,6.0,1.0,0.0,165.0,48.0,10.0,.213,.326,.408,.734,.283,22.44,2021.0,78.0,94.0,663.0,569.0,138.0,32.0,0.0,23.0,87.0,2.0,151.0,2.0,5.0,0.0,239.0,79.0,8.0,.243,.342,.420,.762,.288,24.74,2717.0,120.0,165.0,2025
621016,Jose Cuas,118,Kansas City Royals,,P,2026,,,,,,,,,,,,,,,,,,,,,,,,,,,,,,,,,,,,,,,,,,,,,,,,,2025
670167,John Schreiber,118,Kansas City Royals,,P,2026,,,,,,,,,,,,,,,,,,,,,,,,,0.0,0.0,0.0,0.0,0.0,0.0,0.0,0.0,0.0,0.0,0.0,0.0,0.0,0.0,0.0,.000,.000,.000,.000,.---,-.--,0.0,0.0,0.0,2025
686555,Isaac Collins,118,Kansas City Royals,,LF,2026,378.0,324.0,78.0,18.0,3.0,6.0,44.0,0.0,85.0,6.0,2.0,2.0,120.0,34.0,4.0,.241,.340,.370,.710,.306,54.00,1467.0,73.0,92.0,441.0,372.0,98.0,22.0,3.0,9.0,57.0,0.0,93.0,6.0,3.0,3.0,153.0,54.0,8.0,.263,.368,.411,.779,.326,41.33,1792.0,91.0,96.0,2025
621020,Dansby Swanson,112,Chicago Cubs,,SS,2026,426.0,378.0,83.0,15.0,3.0,17.0,42.0,0.0,99.0,1.0,4.0,1.0,155.0,63.0,5.0,.220,.296,.410,.706,.248,22.24,1647.0,94.0,107.0,645.0,590.0,144.0,24.0,3.0,24.0,47.0,1.0,168.0,2.0,5.0,1.0,246.0,77.0,9.0,.244,.300,.417,.717,.298,24.58,2521.0,137.0,147.0,2025
664034,Ty France,135,San Diego Padres,,1B,2026,311.0,281.0,81.0,13.0,2.0,16.0,15.0,1.0,71.0,10.0,4.0,0.0,146.0,49.0,7.0,.288,.342,.520,.862,.328,17.56,1247.0,68.0,65.0,490.0,444.0,114.0,25.0,0.0,7.0,22.0,1.0,83.0,21.0,3.0,0.0,160.0,52.0,11.0,.257,.320,.360,.680,.300,63.43,1873.0,137.0,113.0,2025
805347,Jim Jarvis,144,Atlanta Braves,,SS,2026,92.0,83.0,21.0,5.0,1.0,1.0,5.0,0.0,14.0,1.0,0.0,3.0,31.0,10.0,0.0,.253,.303,.373,.676,.294,83.00,339.0,33.0,18.0,,,,,,,,,,,,,,,,,,,,,,,,,2025
664040,Brandon Lowe,134,Pittsburgh Pirates,,2B,2026,476.0,425.0,108.0,25.0,1.0,23.0,42.0,0.0,132.0,2.0,7.0,0.0,204.0,71.0,4.0,.254,.319,.480,.799,.307,18.48,1907.0,80.0,112.0,553.0,507.0,130.0,19.0,0.0,31.0,38.0,1.0,149.0,2.0,6.0,0.0,242.0,83.0,6.0,.256,.307,.477,.784,.297,16.36,2146.0,107.0,127.0,2025
686580,Justin Slaten,111,Boston Red Sox,,P,2026,,,,,,,,,,,,,,,,,,,,,,,,,,,,,,,,,,,,,,,,,,,,,,,,,2025
678391,Jorbit Vivas,120,Washington Nationals,,3B,2026,244.0,208.0,49.0,8.0,1.0,3.0,25.0,0.0,34.0,4.0,4.0,2.0,68.0,18.0,3.0,.236,.324,.327,.651,.263,69.33,866.0,66.0,65.0,66.0,56.0,9.0,2.0,0.0,1.0,5.0,0.0,13.0,3.0,0.0,0.0,14.0,5.0,0.0,.161,.266,.250,.516,.190,56.00,246.0,17.0,17.0,2025
621053,Tyler Ferguson,112,Chicago Cubs,,P,2026,,,,,,,,,,,,,,,,,,,,,,,,,0.0,0.0,0.0,0.0,0.0,0.0,0.0,0.0,0.0,0.0,0.0,0.0,0.0,0.0,0.0,.000,.000,.000,.000,.---,-.--,0.0,0.0,0.0,2025
678394,Brayan Bello,111,Boston Red Sox,,P,2026,,,,,,,,,,,,,,,,,,,,,,,,,,,,,,,,,,,,,,,,,,,,,,,,,2025
805367,Chase Meidroth,145,Chicago White Sox,,2B,2026,459.0,402.0,109.0,20.0,0.0,9.0,44.0,0.0,105.0,4.0,3.0,5.0,156.0,40.0,6.0,.271,.347,.388,.735,.344,44.67,1899.0,114.0,82.0,505.0,450.0,114.0,15.0,0.0,5.0,45.0,0.0,72.0,6.0,1.0,3.0,144.0,23.0,14.0,.253,.329,.320,.649,.291,90.00,2057.0,149.0,119.0,2025
543243,Sonny Gray,111,Boston Red Sox,,P,2026,,,,,,,,,,,,,,,,,,,,,,,,,,,,,,,,,,,,,,,,,,,,,,,,,2025
694795,Josh Ekness,146,Miami Marlins,,P,2026,,,,,,,,,,,,,,,,,,,,,,,,,,,,,,,,,,,,,,,,,,,,,,,,,2025
571912,Luke Maile,118,Kansas City Royals,,C,2026,16.0,15.0,4.0,1.0,0.0,1.0,1.0,0.0,5.0,0.0,0.0,0.0,8.0,5.0,0.0,.267,.313,.533,.846,.333,15.00,63.0,2.0,4.0,54.0,45.0,11.0,2.0,0.0,1.0,7.0,0.0,16.0,0.0,0.0,2.0,16.0,6.0,1.0,.244,.346,.356,.702,.357,45.00,214.0,11.0,9.0,2025
666126,Carlos Cortes,133,Athletics,,RF,2026,262.0,231.0,60.0,12.0,1.0,7.0,24.0,0.0,39.0,4.0,3.0,0.0,95.0,28.0,11.0,.260,.336,.411,.747,.282,33.00,1065.0,73.0,62.0,99.0,94.0,29.0,8.0,1.0,4.0,3.0,0.0,20.0,0.0,2.0,0.0,51.0,14.0,3.0,.309,.323,.543,.866,.347,23.50,375.0,24.0,23.0,2025
621074,Michael Rucker,136,Seattle Mariners,,P,2026,,,,,,,,,,,,,,,,,,,,,,,,,,,,,,,,,,,,,,,,,,,,,,,,,2025
672275,Patrick Bailey,114,Cleveland Guardians,,C,2026,238.0,217.0,43.0,5.0,1.0,6.0,16.0,0.0,60.0,0.0,3.0,2.0,68.0,23.0,6.0,.198,.250,.313,.563,.240,36.17,951.0,61.0,58.0,452.0,409.0,91.0,18.0,3.0,6.0,30.0,0.0,133.0,3.0,6.0,4.0,133.0,55.0,7.0,.222,.277,.325,.602,.308,68.17,1724.0,82.0,113.0,2025
686611,Dylan Crews,120,Washington Nationals,,RF,2026,,,,,,,,,,,,,,,,,,,,,,,,,322.0,293.0,61.0,8.0,2.0,10.0,24.0,0.0,76.0,5.0,0.0,0.0,103.0,27.0,4.0,.208,.280,.352,.632,.246,29.30,1150.0,80.0,76.0,2025
672282,Reid Detmers,108,Los Angeles Angels,,P,2026,,,,,,,,,,,,,,,,,,,,,,,,,,,,,,,,,,,,,,,,,,,,,,,,,2025
670231,John Rave,118,Kansas City Royals,,RF,2026,41.0,36.0,10.0,4.0,1.0,2.0,4.0,0.0,8.0,0.0,0.0,1.0,22.0,2.0,1.0,.278,.350,.611,.961,.308,18.00,150.0,11.0,8.0,175.0,153.0,30.0,5.0,0.0,4.0,18.0,0.0,46.0,1.0,1.0,2.0,47.0,14.0,1.0,.196,.283,.307,.590,.250,38.25,749.0,48.0,32.0,2025
666139,Josh Lowe,108,Los Angeles Angels,,RF,2026,214.0,197.0,40.0,5.0,0.0,8.0,13.0,1.0,57.0,1.0,1.0,2.0,69.0,22.0,0.0,.203,.255,.350,.605,.241,24.62,889.0,40.0,63.0,435.0,396.0,87.0,21.0,2.0,11.0,33.0,1.0,109.0,3.0,2.0,1.0,145.0,40.0,7.0,.220,.283,.366,.649,.273,36.00,1842.0,105.0,98.0,2025
694819,Jacob Misiorowski,158,Milwaukee Brewers,,P,2026,,,,,,,,,,,,,,,,,,,,,,,,,,,,,,,,,,,,,,,,,,,,,,,,,2025
676391,Ernie Clement,141,Toronto Blue Jays,,2B,2026,452.0,431.0,123.0,27.0,1.0,9.0,15.0,0.0,43.0,2.0,4.0,0.0,179.0,38.0,7.0,.285,.310,.415,.725,.298,47.89,1397.0,105.0,164.0,588.0,545.0,151.0,35.0,2.0,9.0,27.0,1.0,61.0,4.0,5.0,7.0,217.0,50.0,13.0,.277,.313,.398,.711,.296,60.56,1871.0,129.0,216.0,2025
621097,Jacob Waguespack,116,Detroit Tigers,,P,2026,0.0,0.0,0.0,0.0,0.0,0.0,0.0,0.0,0.0,0.0,0.0,0.0,0.0,0.0,0.0,.000,.000,.000,.000,.---,-.--,0.0,0.0,0.0,,,,,,,,,,,,,,,,,,,,,,,,,2025
666152,David Hamilton,158,Milwaukee Brewers,,3B,2026,268.0,230.0,54.0,7.0,2.0,3.0,25.0,0.0,59.0,1.0,0.0,11.0,74.0,15.0,1.0,.235,.313,.322,.635,.304,76.67,1069.0,61.0,67.0,194.0,177.0,35.0,4.0,1.0,6.0,13.0,0.0,47.0,1.0,0.0,3.0,59.0,19.0,3.0,.198,.257,.333,.590,.234,29.50,742.0,44.0,54.0,2025
571945,Miles Mikolas,120,Washington Nationals,,P,2026,1.0,0.0,0.0,0.0,0.0,0.0,0.0,0.0,0.0,0.0,0.0,1.0,0.0,1.0,0.0,.000,.000,.000,.000,.---,-.--,3.0,1.0,0.0,,,,,,,,,,,,,,,,,,,,,,,,,2025
623149,Paul Sewald,109,Arizona Diamondbacks,,P,2026,,,,,,,,,,,,,,,,,,,,,,,,,,,,,,,,,,,,,,,,,,,,,,,,,2025
805427,Drew Sommers,116,Detroit Tigers,,P,2026,,,,,,,,,,,,,,,,,,,,,,,,,,,,,,,,,,,,,,,,,,,,,,,,,2025
621111,Walker Buehler,135,San Diego Padres,,P,2026,,,,,,,,,,,,,,,,,,,,,,,,,,,,,,,,,,,,,,,,,,,,,,,,,2025
666171,Ryan Zeferjahn,112,Chicago Cubs,,P,2026,,,,,,,,,,,,,,,,,,,,,,,,,,,,,,,,,,,,,,,,,,,,,,,,,2025
545341,Randal Grichuk,145,Chicago White Sox,,DH,2026,172.0,163.0,42.0,13.0,1.0,9.0,7.0,1.0,40.0,1.0,1.0,0.0,84.0,24.0,3.0,.258,.291,.515,.806,.287,18.11,635.0,37.0,45.0,293.0,272.0,62.0,18.0,1.0,9.0,17.0,1.0,61.0,1.0,3.0,0.0,109.0,27.0,6.0,.228,.273,.401,.674,.259,30.22,1077.0,68.0,84.0,2025
664126,Pete Fairbanks,146,Miami Marlins,,P,2026,0.0,0.0,0.0,0.0,0.0,0.0,0.0,0.0,0.0,0.0,0.0,0.0,0.0,0.0,0.0,.000,.000,.000,.000,.---,-.--,0.0,0.0,0.0,,,,,,,,,,,,,,,,,,,,,,,,,2025
666176,Jo Adell,114,Cleveland Guardians,,RF,2026,467.0,432.0,103.0,17.0,1.0,16.0,18.0,0.0,111.0,14.0,3.0,0.0,170.0,62.0,12.0,.238,.289,.394,.683,.282,27.00,1815.0,98.0,123.0,573.0,526.0,124.0,18.0,1.0,37.0,33.0,0.0,151.0,10.0,1.0,0.0,255.0,98.0,10.0,.236,.293,.485,.778,.257,14.22,2220.0,111.0,141.0,2025
623168,Tyler Heineman,108,Los Angeles Angels,,C,2026,130.0,116.0,20.0,2.0,1.0,1.0,5.0,0.0,23.0,3.0,0.0,6.0,27.0,8.0,5.0,.172,.226,.233,.459,.207,116.00,464.0,50.0,29.0,174.0,149.0,43.0,8.0,1.0,3.0,12.0,0.0,31.0,6.0,2.0,5.0,62.0,20.0,1.0,.289,.361,.416,.777,.342,49.67,627.0,30.0,52.0,2025
668227,Randy Arozarena,136,Seattle Mariners,,LF,2026,458.0,394.0,112.0,24.0,1.0,14.0,44.0,0.0,95.0,17.0,3.0,0.0,180.0,49.0,11.0,.284,.378,.457,.835,.340,28.14,1842.0,108.0,82.0,709.0,613.0,146.0,32.0,1.0,27.0,64.0,2.0,191.0,27.0,5.0,0.0,261.0,76.0,9.0,.238,.334,.426,.760,.298,22.70,2873.0,125.0,156.0,2025
686668,Brenton Doyle,145,Chicago White Sox,,CF,2026,132.0,120.0,26.0,5.0,0.0,1.0,12.0,0.0,43.0,0.0,0.0,0.0,34.0,5.0,0.0,.217,.288,.283,.571,.329,120.00,470.0,29.0,22.0,538.0,502.0,117.0,23.0,2.0,15.0,30.0,0.0,138.0,0.0,4.0,2.0,189.0,57.0,14.0,.233,.274,.376,.650,.289,33.47,1957.0,129.0,124.0,2025
666182,Bo Bichette,121,New York Mets,,3B,2026,492.0,454.0,116.0,16.0,1.0,11.0,29.0,0.0,91.0,2.0,7.0,0.0,167.0,55.0,14.0,.256,.299,.368,.667,.292,41.27,1801.0,132.0,122.0,628.0,582.0,181.0,44.0,1.0,18.0,40.0,2.0,91.0,3.0,3.0,0.0,281.0,94.0,17.0,.311,.357,.483,.840,.342,32.33,2308.0,171.0,142.0,2025
545361,Mike Trout,108,Los Angeles Angels,,DH,2026,425.0,343.0,83.0,16.0,0.0,18.0,76.0,9.0,108.0,5.0,1.0,0.0,153.0,40.0,7.0,.242,.386,.446,.832,.298,19.06,1811.0,64.0,89.0,556.0,456.0,106.0,14.0,1.0,26.0,87.0,10.0,178.0,6.0,6.0,0.0,200.0,64.0,7.0,.232,.359,.439,.798,.310,17.54,2482.0,66.0,112.0,2025
666200,Jesús Luzardo,143,Philadelphia Phillies,,P,2026,,,,,,,,,,,,,,,,,,,,,,,,,,,,,,,,,,,,,,,,,,,,,,,,,2025
676440,Tanner Bibee,114,Cleveland Guardians,,P,2026,,,,,,,,,,,,,,,,,,,,,,,,,,,,,,,,,,,,,,,,,,,,,,,,,2025
669724,Brenan Hanifee,116,Detroit Tigers,,P,2026,,,,,,,,,,,,,,,,,,,,,,,,,,,,,,,,,,,,,,,,,,,,,,,,,2025
686681,Michael Massey,118,Kansas City Royals,,2B,2026,308.0,285.0,76.0,20.0,0.0,9.0,16.0,0.0,52.0,0.0,5.0,2.0,123.0,39.0,6.0,.267,.301,.432,.733,.293,31.67,1125.0,68.0,96.0,277.0,262.0,64.0,9.0,0.0,3.0,9.0,0.0,43.0,1.0,4.0,1.0,82.0,20.0,3.0,.244,.268,.313,.581,.277,87.33,1013.0,48.0,112.0,2025
623211,Huascar Brazobán,145,Chicago White Sox,,P,2026,,,,,,,,,,,,,,,,,,,,,,,,,,,,,,,,,,,,,,,,,,,,,,,,,2025
670329,Rico Garcia,110,Baltimore Orioles,,P,2026,0.0,0.0,0.0,0.0,0.0,0.0,0.0,0.0,0.0,0.0,0.0,0.0,0.0,0.0,0.0,.000,.000,.000,.000,.---,-.--,0.0,0.0,0.0,,,,,,,,,,,,,,,,,,,,,,,,,2025
678489,Jorge Barrosa,109,Arizona Diamondbacks,,CF,2026,149.0,126.0,25.0,11.0,1.0,2.0,14.0,0.0,39.0,1.0,1.0,7.0,44.0,11.0,1.0,.198,.282,.349,.631,.267,63.00,636.0,34.0,36.0,77.0,71.0,10.0,3.0,0.0,1.0,2.0,0.0,22.0,1.0,3.0,0.0,16.0,7.0,1.0,.141,.169,.225,.394,.176,71.00,327.0,18.0,24.0,2025
684665,Luke Murphy,108,Los Angeles Angels,,P,2026,,,,,,,,,,,,,,,,,,,,,,,,,,,,,,,,,,,,,,,,,,,,,,,,,2025
680570,Grayson Rodriguez,108,Los Angeles Angels,,P,2026,,,,,,,,,,,,,,,,,,,,,,,,,,,,,,,,,,,,,,,,,,,,,,,,,2025
676477,Garrett Whitlock,111,Boston Red Sox,,P,2026,0.0,0.0,0.0,0.0,0.0,0.0,0.0,0.0,0.0,0.0,0.0,0.0,0.0,0.0,0.0,.000,.000,.000,.000,.---,-.--,0.0,0.0,0.0,0.0,0.0,0.0,0.0,0.0,0.0,0.0,0.0,0.0,0.0,0.0,0.0,0.0,0.0,0.0,.000,.000,.000,.000,.---,-.--,0.0,0.0,0.0,2025
682622,Noelvi Marte,113,Cincinnati Reds,,RF,2026,180.0,169.0,33.0,7.0,0.0,6.0,10.0,0.0,45.0,0.0,1.0,0.0,58.0,15.0,4.0,.195,.239,.343,.582,.227,28.17,685.0,50.0,42.0,360.0,339.0,89.0,17.0,2.0,14.0,16.0,0.0,85.0,3.0,2.0,0.0,152.0,51.0,7.0,.263,.300,.448,.748,.310,24.21,1267.0,87.0,80.0,2025
680574,Matt McLain,113,Cincinnati Reds,,2B,2026,330.0,287.0,55.0,14.0,0.0,9.0,37.0,0.0,89.0,3.0,1.0,2.0,96.0,27.0,3.0,.192,.290,.334,.624,.242,31.89,1315.0,58.0,88.0,577.0,510.0,112.0,18.0,0.0,15.0,55.0,0.0,167.0,5.0,4.0,3.0,175.0,50.0,8.0,.220,.300,.343,.643,.292,34.00,2365.0,96.0,142.0,2025
672386,Alejandro Kirk,141,Toronto Blue Jays,,C,2026,153.0,136.0,32.0,4.0,0.0,4.0,16.0,2.0,21.0,0.0,1.0,0.0,48.0,15.0,3.0,.235,.314,.353,.667,.250,34.00,577.0,46.0,38.0,506.0,451.0,127.0,18.0,0.0,15.0,48.0,2.0,59.0,1.0,6.0,0.0,190.0,76.0,16.0,.282,.348,.421,.769,.292,30.07,1977.0,132.0,139.0,2025
699013,Esmerlyn Valdez,134,Pittsburgh Pirates,,RF,2026,184.0,153.0,38.0,9.0,1.0,14.0,28.0,0.0,68.0,1.0,2.0,0.0,91.0,38.0,5.0,.248,.364,.595,.959,.329,10.93,803.0,17.0,32.0,,,,,,,,,,,,,,,,,,,,,,,,,2025
682626,Francisco Alvarez,121,New York Mets,,C,2026,286.0,251.0,63.0,9.0,0.0,12.0,29.0,1.0,79.0,3.0,1.0,0.0,108.0,27.0,14.0,.251,.335,.430,.765,.317,20.92,1165.0,59.0,51.0,277.0,246.0,63.0,12.0,1.0,11.0,27.0,0.0,73.0,4.0,0.0,0.0,110.0,32.0,6.0,.256,.339,.447,.786,.321,22.36,1123.0,61.0,49.0,2025
592518,Manny Machado,135,San Diego Padres,,3B,2026,475.0,415.0,88.0,20.0,0.0,23.0,52.0,3.0,107.0,0.0,7.0,1.0,177.0,69.0,11.0,.212,.295,.427,.722,.223,18.04,1881.0,107.0,121.0,678.0,615.0,169.0,33.0,0.0,27.0,55.0,4.0,131.0,3.0,5.0,0.0,283.0,95.0,16.0,.275,.335,.460,.795,.307,22.78,2647.0,144.0,176.0,2025
664199,Taylor Clarke,109,Arizona Diamondbacks,,P,2026,,,,,,,,,,,,,,,,,,,,,,,,,0.0,0.0,0.0,0.0,0.0,0.0,0.0,0.0,0.0,0.0,0.0,0.0,0.0,0.0,0.0,.000,.000,.000,.000,.---,-.--,0.0,0.0,0.0,2025
674444,Steven Cruz,118,Kansas City Royals,,P,2026,,,,,,,,,,,,,,,,,,,,,,,,,0.0,0.0,0.0,0.0,0.0,0.0,0.0,0.0,0.0,0.0,0.0,0.0,0.0,0.0,0.0,.000,.000,.000,.000,.---,-.--,0.0,0.0,0.0,2025
690829,Ben Joyce,108,Los Angeles Angels,,P,2026,,,,,,,,,,,,,,,,,,,,,,,,,,,,,,,,,,,,,,,,,,,,,,,,,2025
641680,Jonah Heim,133,Athletics,,DH,2026,249.0,228.0,52.0,13.0,0.0,11.0,16.0,0.0,46.0,2.0,3.0,0.0,98.0,36.0,5.0,.228,.281,.430,.711,.236,20.73,906.0,67.0,66.0,433.0,395.0,84.0,14.0,0.0,11.0,32.0,0.0,88.0,1.0,4.0,1.0,131.0,43.0,10.0,.213,.271,.332,.603,.243,35.91,1704.0,106.0,122.0,2025
594580,Sam Moll,113,Cincinnati Reds,,P,2026,,,,,,,,,,,,,,,,,,,,,,,,,,,,,,,,,,,,,,,,,,,,,,,,,2025
686751,Seth Johnson,133,Athletics,,P,2026,,,,,,,,,,,,,,,,,,,,,,,,,,,,,,,,,,,,,,,,,,,,,,,,,2025
682657,Angel Martínez,114,Cleveland Guardians,,LF,2026,274.0,254.0,58.0,13.0,1.0,11.0,8.0,0.0,61.0,5.0,1.0,6.0,106.0,34.0,5.0,.228,.265,.417,.682,.257,23.09,995.0,73.0,69.0,484.0,446.0,100.0,23.0,2.0,11.0,23.0,0.0,110.0,6.0,4.0,5.0,160.0,45.0,8.0,.224,.269,.359,.628,.271,40.54,1797.0,100.0,145.0,2025
453286,Max Scherzer,141,Toronto Blue Jays,,P,2026,,,,,,,,,,,,,,,,,,,,,,,,,,,,,,,,,,,,,,,,,,,,,,,,,2025
686765,Nick Sogard,111,Boston Red Sox,,3B,2026,69.0,57.0,14.0,3.0,1.0,0.0,11.0,0.0,13.0,0.0,0.0,1.0,19.0,3.0,1.0,.246,.368,.333,.701,.318,-.--,276.0,18.0,13.0,104.0,96.0,25.0,8.0,0.0,0.0,5.0,0.0,24.0,3.0,0.0,0.0,33.0,9.0,3.0,.260,.317,.344,.661,.347,-.--,400.0,25.0,22.0,2025
682668,Luisangel Acuña,145,Chicago White Sox,,SS,2026,180.0,168.0,41.0,3.0,0.0,1.0,7.0,0.0,33.0,1.0,2.0,2.0,47.0,12.0,4.0,.244,.275,.280,.555,.294,168.00,624.0,63.0,35.0,193.0,175.0,41.0,7.0,0.0,0.0,13.0,0.0,37.0,2.0,1.0,2.0,48.0,8.0,6.0,.234,.293,.274,.567,.295,-.--,687.0,58.0,42.0,2025
682663,Agustín Ramírez,146,Miami Marlins,,C,2026,132.0,116.0,26.0,5.0,1.0,2.0,13.0,1.0,30.0,2.0,1.0,0.0,39.0,14.0,5.0,.224,.311,.336,.647,.282,58.00,506.0,35.0,26.0,585.0,537.0,124.0,33.0,1.0,21.0,36.0,2.0,113.0,8.0,4.0,0.0,222.0,67.0,13.0,.231,.287,.413,.700,.253,25.57,2122.0,161.0,143.0,2025
516782,Starling Marte,118,Kansas City Royals,,RF,2026,151.0,137.0,35.0,5.0,0.0,1.0,8.0,0.0,37.0,4.0,2.0,0.0,43.0,12.0,2.0,.255,.311,.314,.625,.337,137.00,572.0,35.0,32.0,329.0,293.0,79.0,14.0,0.0,9.0,22.0,0.0,68.0,9.0,4.0,1.0,120.0,34.0,7.0,.270,.335,.410,.745,.318,32.56,1255.0,83.0,68.0,2025
621237,José Alvarado,143,Philadelphia Phillies,,P,2026,,,,,,,,,,,,,,,,,,,,,,,,,,,,,,,,,,,,,,,,,,,,,,,,,2025
676534,Calvin Faucher,146,Miami Marlins,,P,2026,,,,,,,,,,,,,,,,,,,,,,,,,,,,,,,,,,,,,,,,,,,,,,,,,2025
672442,Yovanny Cruz,120,Washington Nationals,,P,2026,,,,,,,,,,,,,,,,,,,,,,,,,,,,,,,,,,,,,,,,,,,,,,,,,2025
694973,Paul Skenes,134,Pittsburgh Pirates,,P,2026,,,,,,,,,,,,,,,,,,,,,,,,,,,,,,,,,,,,,,,,,,,,,,,,,2025
672456,Keider Montero,116,Detroit Tigers,,P,2026,,,,,,,,,,,,,,,,,,,,,,,,,,,,,,,,,,,,,,,,,,,,,,,,,2025
527048,Martín Pérez,144,Atlanta Braves,,P,2026,,,,,,,,,,,,,,,,,,,,,,,,,,,,,,,,,,,,,,,,,,,,,,,,,2025
686797,Brooks Lee,142,Minnesota Twins,,3B,2026,440.0,404.0,97.0,17.0,3.0,16.0,32.0,0.0,73.0,2.0,1.0,1.0,168.0,58.0,7.0,.240,.298,.416,.714,.256,25.25,1638.0,105.0,131.0,527.0,487.0,115.0,15.0,1.0,16.0,31.0,0.0,92.0,4.0,5.0,0.0,180.0,64.0,11.0,.236,.285,.370,.655,.258,30.44,2009.0,138.0,147.0,2025
678606,José A. Ferrer,136,Seattle Mariners,,P,2026,,,,,,,,,,,,,,,,,,,,,,,,,0.0,0.0,0.0,0.0,0.0,0.0,0.0,0.0,0.0,0.0,0.0,0.0,0.0,0.0,0.0,.000,.000,.000,.000,.---,-.--,0.0,0.0,0.0,2025
641743,Anthony Kay,145,Chicago White Sox,,P,2026,,,,,,,,,,,,,,,,,,,,,,,,,,,,,,,,,,,,,,,,,,,,,,,,,2025
641755,Tyler Kinley,144,Atlanta Braves,,P,2026,0.0,0.0,0.0,0.0,0.0,0.0,0.0,0.0,0.0,0.0,0.0,0.0,0.0,0.0,0.0,.000,.000,.000,.000,.---,-.--,0.0,0.0,0.0,,,,,,,,,,,,,,,,,,,,,,,,,2025
680664,Eduardo Valencia,116,Detroit Tigers,,C,2026,35.0,34.0,14.0,3.0,0.0,4.0,0.0,0.0,9.0,1.0,0.0,0.0,29.0,11.0,2.0,.412,.429,.853,1.282,.476,8.50,135.0,8.0,3.0,,,,,,,,,,,,,,,,,,,,,,,,,2025
676572,Eric Wagaman,121,New York Mets,,1B,2026,45.0,40.0,7.0,0.0,0.0,2.0,4.0,0.0,10.0,1.0,0.0,0.0,13.0,4.0,1.0,.175,.267,.325,.592,.179,20.00,193.0,14.0,9.0,514.0,476.0,119.0,28.0,3.0,9.0,32.0,0.0,100.0,1.0,5.0,0.0,180.0,53.0,11.0,.250,.296,.378,.674,.296,52.89,1955.0,132.0,130.0,2025
664285,Framber Valdez,116,Detroit Tigers,,P,2026,,,,,,,,,,,,,,,,,,,,,,,,,,,,,,,,,,,,,,,,,,,,,,,,,2025
701162,Ben Malgeri,116,Detroit Tigers,,RF,2026,50.0,41.0,11.0,2.0,0.0,1.0,8.0,0.0,10.0,0.0,1.0,0.0,16.0,7.0,0.0,.268,.380,.390,.770,.323,41.00,190.0,12.0,9.0,,,,,,,,,,,,,,,,,,,,,,,,,2025
518876,Merrill Kelly,109,Arizona Diamondbacks,,P,2026,,,,,,,,,,,,,,,,,,,,,,,,,,,,,,,,,,,,,,,,,,,,,,,,,2025
662253,Andrés Muñoz,136,Seattle Mariners,,P,2026,,,,,,,,,,,,,,,,,,,,,,,,,,,,,,,,,,,,,,,,,,,,,,,,,2025
649966,Luis Urías,141,Toronto Blue Jays,,2B,2026,57.0,50.0,12.0,2.0,0.0,3.0,6.0,0.0,10.0,0.0,1.0,0.0,23.0,8.0,1.0,.240,.316,.460,.776,.237,16.67,226.0,12.0,17.0,330.0,287.0,66.0,7.0,0.0,8.0,31.0,0.0,45.0,6.0,3.0,0.0,97.0,25.0,9.0,.230,.315,.338,.653,.245,35.88,1302.0,81.0,98.0,2025
690925,Clayton Beeter,120,Washington Nationals,,P,2026,0.0,0.0,0.0,0.0,0.0,0.0,0.0,0.0,0.0,0.0,0.0,0.0,0.0,0.0,0.0,.000,.000,.000,.000,.---,-.--,0.0,0.0,0.0,,,,,,,,,,,,,,,,,,,,,,,,,2025
680694,Kyle Bradish,110,Baltimore Orioles,,P,2026,0.0,0.0,0.0,0.0,0.0,0.0,0.0,0.0,0.0,0.0,0.0,0.0,0.0,0.0,0.0,.000,.000,.000,.000,.---,-.--,0.0,0.0,0.0,,,,,,,,,,,,,,,,,,,,,,,,,2025
699134,Bradgley Rodriguez,135,San Diego Padres,,P,2026,,,,,,,,,,,,,,,,,,,,,,,,,,,,,,,,,,,,,,,,,,,,,,,,,2025
676604,Tyler Zuber,146,Miami Marlins,,P,2026,,,,,,,,,,,,,,,,,,,,,,,,,,,,,,,,,,,,,,,,,,,,,,,,,2025
672515,Gabriel Moreno,109,Arizona Diamondbacks,,C,2026,355.0,301.0,89.0,18.0,0.0,8.0,42.0,0.0,54.0,4.0,8.0,0.0,131.0,49.0,6.0,.296,.380,.435,.815,.328,37.62,1560.0,81.0,85.0,309.0,277.0,79.0,12.0,1.0,9.0,29.0,3.0,53.0,1.0,2.0,0.0,120.0,40.0,6.0,.285,.353,.433,.786,.323,30.78,1314.0,60.0,87.0,2025
695049,Brett Kerry,108,Los Angeles Angels,,P,2026,,,,,,,,,,,,,,,,,,,,,,,,,,,,,,,,,,,,,,,,,,,,,,,,,2025
676620,Blake Weiman,108,Los Angeles Angels,,P,2026,,,,,,,,,,,,,,,,,,,,,,,,,,,,,,,,,,,,,,,,,,,,,,,,,2025
680716,Jonathan Ornelas,133,Athletics,,2B,2026,5.0,5.0,1.0,0.0,0.0,0.0,0.0,0.0,2.0,0.0,0.0,0.0,1.0,0.0,1.0,.200,.200,.200,.400,.333,-.--,16.0,1.0,1.0,10.0,9.0,2.0,0.0,0.0,0.0,1.0,0.0,3.0,0.0,0.0,0.0,2.0,0.0,0.0,.222,.300,.222,.522,.333,-.--,41.0,3.0,1.0,2025
606996,Kyle Hart,135,San Diego Padres,,P,2026,,,,,,,,,,,,,,,,,,,,,,,,,,,,,,,,,,,,,,,,,,,,,,,,,2025
592662,Robbie Ray,135,San Diego Padres,,P,2026,,,,,,,,,,,,,,,,,,,,,,,,,,,,,,,,,,,,,,,,,,,,,,,,,2025
641816,Tyler Mahle,144,Atlanta Braves,,P,2026,,,,,,,,,,,,,,,,,,,,,,,,,,,,,,,,,,,,,,,,,,,,,,,,,2025
543510,James McCann,109,Arizona Diamondbacks,,C,2026,104.0,99.0,30.0,5.0,0.0,4.0,2.0,0.0,26.0,1.0,0.0,2.0,47.0,21.0,4.0,.303,.324,.475,.799,.377,24.75,390.0,28.0,17.0,137.0,123.0,32.0,6.0,0.0,5.0,8.0,0.0,33.0,4.0,1.0,1.0,53.0,17.0,3.0,.260,.324,.431,.755,.314,24.60,507.0,34.0,26.0,2025
592663,J.T. Realmuto,143,Philadelphia Phillies,,C,2026,315.0,279.0,62.0,13.0,0.0,8.0,24.0,0.0,67.0,9.0,3.0,0.0,99.0,37.0,6.0,.222,.302,.355,.657,.261,34.88,1234.0,79.0,74.0,550.0,502.0,129.0,26.0,1.0,12.0,35.0,1.0,129.0,9.0,3.0,0.0,193.0,52.0,13.0,.257,.315,.384,.699,.321,41.83,2196.0,124.0,123.0,2025
680732,Sean Burke,145,Chicago White Sox,,P,2026,,,,,,,,,,,,,,,,,,,,,,,,,,,,,,,,,,,,,,,,,,,,,,,,,2025
695076,Rhett Lowder,113,Cincinnati Reds,,P,2026,,,,,,,,,,,,,,,,,,,,,,,,,,,,,,,,,,,,,,,,,,,,,,,,,2025
621345,A.J. Minter,142,Minnesota Twins,,P,2026,,,,,,,,,,,,,,,,,,,,,,,,,,,,,,,,,,,,,,,,,,,,,,,,,2025
807712,Luke Keaschall,142,Minnesota Twins,,2B,2026,414.0,354.0,93.0,15.0,1.0,6.0,41.0,1.0,63.0,12.0,6.0,1.0,128.0,33.0,6.0,.263,.354,.362,.716,.299,59.00,1562.0,82.0,123.0,207.0,182.0,55.0,14.0,0.0,4.0,19.0,0.0,29.0,5.0,1.0,0.0,81.0,28.0,4.0,.302,.382,.445,.827,.340,45.50,774.0,49.0,50.0,2025
680742,Jonathan Bowlan,143,Philadelphia Phillies,,P,2026,,,,,,,,,,,,,,,,,,,,,,,,,,,,,,,,,,,,,,,,,,,,,,,,,2025
690986,Kyle Harrison,158,Milwaukee Brewers,,P,2026,,,,,,,,,,,,,,,,,,,,,,,,,,,,,,,,,,,,,,,,,,,,,,,,,2025
690984,Petey Halpin,114,Cleveland Guardians,,CF,2026,119.0,110.0,23.0,3.0,1.0,2.0,3.0,0.0,23.0,2.0,1.0,3.0,34.0,7.0,1.0,.209,.241,.309,.550,.244,55.00,416.0,26.0,42.0,8.0,6.0,2.0,0.0,0.0,0.0,2.0,0.0,2.0,0.0,0.0,0.0,2.0,0.0,0.0,.333,.500,.333,.833,.500,-.--,33.0,1.0,1.0,2025
641835,Tim Mayza,143,Philadelphia Phillies,,P,2026,,,,,,,,,,,,,,,,,,,,,,,,,,,,,,,,,,,,,,,,,,,,,,,,,2025
680744,Ty Madden,116,Detroit Tigers,,P,2026,,,,,,,,,,,,,,,,,,,,,,,,,,,,,,,,,,,,,,,,,,,,,,,,,2025
680755,Braydon Fisher,141,Toronto Blue Jays,,P,2026,,,,,,,,,,,,,,,,,,,,,,,,,,,,,,,,,,,,,,,,,,,,,,,,,2025
690993,Colt Keith,116,Detroit Tigers,,3B,2026,325.0,301.0,81.0,13.0,4.0,8.0,19.0,0.0,61.0,3.0,2.0,0.0,126.0,29.0,7.0,.269,.317,.419,.736,.312,37.62,1196.0,68.0,93.0,468.0,414.0,106.0,22.0,2.0,13.0,48.0,1.0,102.0,2.0,4.0,0.0,171.0,45.0,7.0,.256,.333,.413,.746,.307,31.85,1826.0,87.0,123.0,2025
690997,Nolan McLean,121,New York Mets,,P,2026,,,,,,,,,,,,,,,,,,,,,,,,,,,,,,,,,,,,,,,,,,,,,,,,,2025
680757,Steven Kwan,114,Cleveland Guardians,,LF,2026,430.0,362.0,94.0,14.0,2.0,1.0,56.0,1.0,43.0,4.0,3.0,4.0,115.0,21.0,8.0,.260,.362,.318,.680,.290,362.00,1705.0,103.0,129.0,693.0,625.0,170.0,29.0,1.0,11.0,55.0,2.0,60.0,3.0,7.0,3.0,234.0,56.0,3.0,.272,.330,.374,.704,.283,56.82,2786.0,167.0,238.0,2025
691011,Drew Romo,145,Chicago White Sox,,C,2026,153.0,136.0,18.0,5.0,0.0,5.0,13.0,0.0,40.0,2.0,1.0,1.0,38.0,11.0,4.0,.132,.217,.279,.496,.141,27.20,550.0,36.0,44.0,3.0,3.0,0.0,0.0,0.0,0.0,0.0,0.0,3.0,0.0,0.0,0.0,0.0,0.0,0.0,.000,.000,.000,.000,.---,-.--,12.0,0.0,0.0,2025
680767,Victor Vodnik,146,Miami Marlins,,P,2026,0.0,0.0,0.0,0.0,0.0,0.0,0.0,0.0,0.0,0.0,0.0,0.0,0.0,0.0,0.0,.000,.000,.000,.000,.---,-.--,0.0,0.0,0.0,0.0,0.0,0.0,0.0,0.0,0.0,0.0,0.0,0.0,0.0,0.0,0.0,0.0,0.0,0.0,.000,.000,.000,.000,.---,-.--,0.0,0.0,0.0,2025
682825,Luis Mey,113,Cincinnati Reds,,P,2026,,,,,,,,,,,,,,,,,,,,,,,,,,,,,,,,,,,,,,,,,,,,,,,,,2025
691016,Tyler Soderstrom,133,Athletics,,LF,2026,423.0,368.0,90.0,25.0,2.0,17.0,51.0,4.0,80.0,3.0,1.0,0.0,170.0,50.0,9.0,.245,.340,.462,.802,.268,21.65,1621.0,111.0,88.0,624.0,561.0,155.0,34.0,1.0,25.0,55.0,2.0,141.0,6.0,2.0,0.0,266.0,93.0,18.0,.276,.346,.474,.820,.327,22.44,2227.0,153.0,114.0,2025
676680,Tom Cosgrove,120,Washington Nationals,,P,2026,,,,,,,,,,,,,,,,,,,,,,,,,,,,,,,,,,,,,,,,,,,,,,,,,2025
680779,Henry Davis,134,Pittsburgh Pirates,,C,2026,226.0,197.0,34.0,5.0,0.0,8.0,21.0,0.0,47.0,6.0,1.0,1.0,63.0,30.0,4.0,.173,.271,.320,.591,.182,24.62,833.0,45.0,73.0,283.0,252.0,42.0,7.0,0.0,7.0,18.0,0.0,76.0,5.0,3.0,3.0,70.0,22.0,2.0,.167,.234,.278,.512,.203,36.00,1069.0,48.0,92.0,2025
680776,Jarren Duran,111,Boston Red Sox,,LF,2026,449.0,407.0,84.0,11.0,3.0,15.0,29.0,1.0,127.0,4.0,7.0,2.0,146.0,58.0,3.0,.206,.262,.359,.621,.254,27.13,1665.0,108.0,97.0,696.0,620.0,159.0,41.0,13.0,16.0,60.0,1.0,169.0,12.0,3.0,1.0,274.0,84.0,6.0,.256,.332,.442,.774,.326,38.75,2624.0,137.0,159.0,2025
682829,Elly De La Cruz,113,Cincinnati Reds,,SS,2026,422.0,372.0,103.0,18.0,5.0,18.0,46.0,0.0,114.0,2.0,2.0,0.0,185.0,52.0,5.0,.277,.358,.497,.855,.351,20.67,1703.0,86.0,71.0,699.0,629.0,166.0,31.0,7.0,22.0,67.0,10.0,181.0,2.0,1.0,0.0,277.0,86.0,14.0,.264,.336,.440,.776,.337,28.59,2678.0,166.0,117.0,2025
686930,Mason Barnett,133,Athletics,,P,2026,,,,,,,,,,,,,,,,,,,,,,,,,,,,,,,,,,,,,,,,,,,,,,,,,2025
680777,Ryan Jeffers,142,Minnesota Twins,,C,2026,216.0,184.0,52.0,9.0,1.0,10.0,28.0,0.0,34.0,2.0,1.0,0.0,93.0,36.0,2.0,.283,.381,.505,.886,.298,18.40,926.0,45.0,55.0,464.0,406.0,108.0,26.0,0.0,9.0,50.0,1.0,91.0,7.0,1.0,0.0,161.0,47.0,9.0,.266,.356,.397,.753,.322,45.11,1879.0,91.0,117.0,2025
682842,Abner Uribe,158,Milwaukee Brewers,,P,2026,,,,,,,,,,,,,,,,,,,,,,,,,,,,,,,,,,,,,,,,,,,,,,,,,2025
607067,Colin Rea,112,Chicago Cubs,,P,2026,,,,,,,,,,,,,,,,,,,,,,,,,1.0,1.0,0.0,0.0,0.0,0.0,0.0,0.0,1.0,0.0,0.0,0.0,0.0,0.0,0.0,.000,.000,.000,.000,.---,-.--,5.0,0.0,0.0,2025
623454,Drew Anderson,116,Detroit Tigers,,P,2026,,,,,,,,,,,,,,,,,,,,,,,,,,,,,,,,,,,,,,,,,,,,,,,,,2025
445276,Kenley Jansen,116,Detroit Tigers,,P,2026,0.0,0.0,0.0,0.0,0.0,0.0,0.0,0.0,0.0,0.0,0.0,0.0,0.0,0.0,0.0,.000,.000,.000,.000,.---,-.--,0.0,0.0,0.0,0.0,0.0,0.0,0.0,0.0,0.0,0.0,0.0,0.0,0.0,0.0,0.0,0.0,0.0,0.0,.000,.000,.000,.000,.---,-.--,0.0,0.0,0.0,2025
682848,Endy Rodríguez,134,Pittsburgh Pirates,,C,2026,154.0,130.0,35.0,6.0,0.0,7.0,23.0,0.0,39.0,0.0,0.0,0.0,62.0,20.0,4.0,.269,.379,.477,.856,.333,18.57,590.0,24.0,32.0,57.0,52.0,9.0,4.0,0.0,0.0,5.0,0.0,14.0,0.0,0.0,0.0,13.0,2.0,0.0,.173,.246,.250,.496,.237,-.--,205.0,11.0,18.0,2025
686948,Drake Baldwin,144,Atlanta Braves,,C,2026,405.0,353.0,96.0,7.0,0.0,20.0,44.0,2.0,86.0,7.0,1.0,0.0,163.0,59.0,13.0,.272,.363,.462,.825,.306,17.65,1570.0,96.0,76.0,446.0,405.0,111.0,18.0,2.0,19.0,38.0,0.0,68.0,3.0,0.0,0.0,190.0,80.0,9.0,.274,.341,.469,.810,.289,21.32,1750.0,131.0,95.0,2025
676724,Jared Young,121,New York Mets,,1B,2026,208.0,184.0,46.0,10.0,1.0,7.0,17.0,0.0,41.0,6.0,1.0,0.0,79.0,20.0,4.0,.250,.332,.429,.761,.285,26.29,814.0,51.0,47.0,47.0,43.0,8.0,1.0,0.0,4.0,2.0,0.0,16.0,1.0,1.0,0.0,21.0,6.0,1.0,.186,.234,.488,.722,.167,10.75,192.0,6.0,14.0,2025
656240,Scott Blewett,133,Athletics,,P,2026,,,,,,,,,,,,,,,,,,,,,,,,,,,,,,,,,,,,,,,,,,,,,,,,,2025
672629,Gerardo Carrillo,109,Arizona Diamondbacks,,P,2026,,,,,,,,,,,,,,,,,,,,,,,,,,,,,,,,,,,,,,,,,,,,,,,,,2025
807799,Masataka Yoshida,111,Boston Red Sox,,DH,2026,262.0,234.0,62.0,12.0,1.0,5.0,24.0,0.0,27.0,3.0,1.0,0.0,91.0,23.0,1.0,.265,.340,.389,.729,.281,46.80,932.0,79.0,67.0,205.0,188.0,50.0,11.0,0.0,4.0,10.0,0.0,24.0,3.0,4.0,0.0,73.0,26.0,3.0,.266,.307,.388,.695,.280,47.00,715.0,73.0,45.0,2025
621438,Tyrone Taylor,112,Chicago Cubs,,LF,2026,166.0,151.0,36.0,8.0,0.0,10.0,9.0,0.0,32.0,2.0,0.0,4.0,74.0,28.0,0.0,.238,.290,.490,.780,.239,15.10,628.0,36.0,51.0,341.0,310.0,69.0,18.0,3.0,2.0,16.0,1.0,76.0,9.0,2.0,3.0,99.0,27.0,4.0,.223,.279,.319,.598,.286,155.00,1246.0,63.0,107.0,2025
686973,Louis Varland,141,Toronto Blue Jays,,P,2026,,,,,,,,,,,,,,,,,,,,,,,,,,,,,,,,,,,,,,,,,,,,,,,,,2025
641927,Bailey Ober,142,Minnesota Twins,,P,2026,,,,,,,,,,,,,,,,,,,,,,,,,,,,,,,,,,,,,,,,,,,,,,,,,2025
672640,Otto Lopez,146,Miami Marlins,,SS,2026,480.0,444.0,142.0,29.0,7.0,9.0,23.0,0.0,64.0,4.0,9.0,0.0,212.0,51.0,8.0,.320,.352,.477,.829,.350,49.33,1747.0,133.0,114.0,594.0,544.0,134.0,21.0,0.0,15.0,44.0,2.0,82.0,3.0,3.0,0.0,200.0,77.0,9.0,.246,.305,.368,.673,.264,36.27,2129.0,174.0,157.0,2025
656271,Brock Burke,113,Cincinnati Reds,,P,2026,,,,,,,,,,,,,,,,,,,,,,,,,,,,,,,,,,,,,,,,,,,,,,,,,2025
641933,Tyler O'Neill,110,Baltimore Orioles,,RF,2026,208.0,186.0,40.0,8.0,0.0,9.0,20.0,0.0,58.0,2.0,0.0,0.0,75.0,20.0,3.0,.215,.298,.403,.701,.261,20.67,825.0,30.0,58.0,209.0,181.0,36.0,6.0,1.0,9.0,22.0,1.0,51.0,3.0,3.0,0.0,71.0,26.0,2.0,.199,.292,.392,.684,.218,20.11,821.0,35.0,62.0,2025
641941,Emilio Pagán,113,Cincinnati Reds,,P,2026,,,,,,,,,,,,,,,,,,,,,,,,,,,,,,,,,,,,,,,,,,,,,,,,,2025
805779,Jacob Wilson,133,Athletics,,SS,2026,312.0,296.0,80.0,13.0,1.0,7.0,12.0,0.0,35.0,2.0,1.0,1.0,116.0,36.0,6.0,.270,.302,.392,.694,.286,42.29,1067.0,106.0,77.0,523.0,486.0,151.0,26.0,0.0,13.0,27.0,1.0,39.0,7.0,1.0,2.0,216.0,63.0,16.0,.311,.355,.444,.799,.317,37.38,1735.0,179.0,120.0,2025
592791,Jameson Taillon,141,Toronto Blue Jays,,P,2026,,,,,,,,,,,,,,,,,,,,,,,,,,,,,,,,,,,,,,,,,,,,,,,,,2025
656288,Griffin Canning,135,San Diego Padres,,P,2026,,,,,,,,,,,,,,,,,,,,,,,,,,,,,,,,,,,,,,,,,,,,,,,,,2025
699302,Héctor Rodríguez,113,Cincinnati Reds,,DH,2026,3.0,2.0,0.0,0.0,0.0,0.0,1.0,0.0,0.0,0.0,0.0,0.0,0.0,0.0,0.0,.000,.333,.000,.333,.000,-.--,10.0,1.0,1.0,,,,,,,,,,,,,,,,,,,,,,,,,2025
682927,Ronny Simon,134,Pittsburgh Pirates,,2B,2026,2.0,1.0,0.0,0.0,0.0,0.0,1.0,0.0,0.0,0.0,0.0,0.0,0.0,0.0,0.0,.000,.500,.000,.500,.000,-.--,12.0,1.0,0.0,88.0,77.0,18.0,3.0,0.0,0.0,8.0,0.0,15.0,0.0,2.0,1.0,21.0,7.0,1.0,.234,.299,.273,.572,.281,-.--,345.0,23.0,24.0,2025
684974,Craig Yoho,114,Cleveland Guardians,,P,2026,,,,,,,,,,,,,,,,,,,,,,,,,,,,,,,,,,,,,,,,,,,,,,,,,2025
805808,Kevin McGonigle,116,Detroit Tigers,,SS,2026,495.0,419.0,118.0,20.0,3.0,11.0,71.0,1.0,68.0,3.0,2.0,0.0,177.0,42.0,3.0,.282,.388,.422,.810,.313,38.09,1998.0,78.0,157.0,,,,,,,,,,,,,,,,,,,,,,,,,2025
656302,Dylan Cease,141,Toronto Blue Jays,,P,2026,,,,,,,,,,,,,,,,,,,,,,,,,,,,,,,,,,,,,,,,,,,,,,,,,2025
621493,Taylor Ward,136,Seattle Mariners,,LF,2026,512.0,416.0,102.0,20.0,0.0,7.0,87.0,2.0,105.0,6.0,3.0,0.0,143.0,30.0,7.0,.245,.381,.344,.725,.309,59.43,2136.0,95.0,117.0,663.0,579.0,132.0,31.0,2.0,36.0,75.0,1.0,175.0,3.0,6.0,0.0,275.0,103.0,13.0,.228,.317,.475,.792,.257,16.08,2788.0,112.0,166.0,2025
682928,CJ Abrams,120,Washington Nationals,,SS,2026,480.0,421.0,122.0,22.0,3.0,28.0,42.0,2.0,108.0,11.0,6.0,0.0,234.0,88.0,6.0,.290,.365,.556,.921,.323,15.04,1814.0,78.0,119.0,635.0,580.0,149.0,35.0,5.0,19.0,37.0,1.0,125.0,14.0,3.0,1.0,251.0,60.0,5.0,.257,.315,.433,.748,.296,30.53,2320.0,141.0,169.0,2025
672695,Geraldo Perdomo,109,Arizona Diamondbacks,,SS,2026,481.0,397.0,97.0,14.0,4.0,9.0,70.0,0.0,58.0,4.0,5.0,5.0,146.0,41.0,9.0,.244,.359,.368,.727,.263,44.11,2023.0,120.0,132.0,720.0,597.0,173.0,33.0,5.0,20.0,94.0,1.0,83.0,10.0,11.0,8.0,276.0,100.0,11.0,.290,.389,.462,.851,.303,29.85,3007.0,167.0,193.0,2025
695243,Mason Miller,135,San Diego Padres,,P,2026,,,,,,,,,,,,,,,,,,,,,,,,,,,,,,,,,,,,,,,,,,,,,,,,,2025
672724,Oswald Peraza,108,Los Angeles Angels,,2B,2026,295.0,275.0,65.0,11.0,2.0,7.0,11.0,0.0,89.0,7.0,1.0,1.0,101.0,24.0,6.0,.236,.282,.367,.649,.322,39.29,1083.0,69.0,54.0,265.0,244.0,40.0,6.0,0.0,5.0,17.0,0.0,80.0,2.0,1.0,0.0,61.0,20.0,6.0,.164,.223,.250,.473,.219,48.80,1005.0,70.0,55.0,2025
605137,Josh Bell,142,Minnesota Twins,,DH,2026,442.0,404.0,99.0,24.0,1.0,14.0,34.0,0.0,97.0,2.0,2.0,0.0,167.0,64.0,10.0,.245,.305,.413,.718,.288,28.86,1730.0,102.0,108.0,533.0,468.0,111.0,16.0,1.0,22.0,57.0,1.0,88.0,5.0,3.0,0.0,195.0,63.0,15.0,.237,.325,.417,.742,.247,21.27,2102.0,137.0,135.0,2025
701398,Sal Stewart,113,Cincinnati Reds,,1B,2026,490.0,428.0,109.0,23.0,0.0,24.0,52.0,4.0,108.0,3.0,7.0,0.0,204.0,86.0,11.0,.255,.335,.477,.812,.281,17.83,1939.0,113.0,105.0,58.0,55.0,14.0,1.0,0.0,5.0,3.0,0.0,15.0,0.0,0.0,0.0,30.0,8.0,1.0,.255,.293,.545,.838,.257,11.00,217.0,10.0,16.0,2025
687064,Brandon Young,110,Baltimore Orioles,,P,2026,,,,,,,,,,,,,,,,,,,,,,,,,,,,,,,,,,,,,,,,,,,,,,,,,2025
607200,Erick Fedde,145,Chicago White Sox,,P,2026,,,,,,,,,,,,,,,,,,,,,,,,,,,,,,,,,,,,,,,,,,,,,,,,,2025
592866,Trevor Williams,120,Washington Nationals,,P,2026,,,,,,,,,,,,,,,,,,,,,,,,,,,,,,,,,,,,,,,,,,,,,,,,,2025
678882,Ceddanne Rafaela,111,Boston Red Sox,,CF,2026,449.0,421.0,121.0,28.0,3.0,15.0,19.0,0.0,91.0,7.0,0.0,2.0,200.0,59.0,8.0,.287,.329,.475,.804,.337,28.07,1680.0,105.0,106.0,587.0,546.0,136.0,34.0,4.0,16.0,28.0,0.0,117.0,8.0,2.0,3.0,226.0,63.0,9.0,.249,.295,.414,.709,.289,34.12,2128.0,139.0,159.0,2025
607208,Trea Turner,143,Philadelphia Phillies,,SS,2026,495.0,460.0,115.0,19.0,1.0,16.0,29.0,0.0,108.0,3.0,3.0,0.0,184.0,45.0,7.0,.250,.297,.400,.697,.292,28.75,1872.0,116.0,124.0,639.0,589.0,179.0,31.0,7.0,15.0,43.0,1.0,107.0,5.0,2.0,0.0,269.0,69.0,11.0,.304,.355,.457,.812,.350,39.27,2407.0,159.0,146.0,2025
682985,Riley Greene,116,Detroit Tigers,,LF,2026,473.0,406.0,112.0,24.0,1.0,16.0,59.0,4.0,125.0,3.0,5.0,0.0,186.0,54.0,11.0,.276,.368,.458,.826,.356,25.38,1978.0,72.0,102.0,655.0,600.0,155.0,31.0,1.0,36.0,46.0,1.0,201.0,4.0,5.0,0.0,296.0,111.0,14.0,.258,.313,.493,.806,.323,16.67,2706.0,118.0,131.0,2025
682988,Tyler Locklear,109,Arizona Diamondbacks,,1B,2026,35.0,29.0,8.0,2.0,0.0,1.0,4.0,0.0,5.0,1.0,1.0,0.0,13.0,6.0,3.0,.276,.371,.448,.819,.292,29.00,138.0,13.0,4.0,116.0,103.0,18.0,0.0,0.0,3.0,10.0,0.0,43.0,3.0,0.0,0.0,27.0,6.0,3.0,.175,.267,.262,.529,.263,34.33,477.0,25.0,17.0,2025
682989,Victor Mederos,144,Atlanta Braves,,P,2026,1.0,1.0,1.0,0.0,0.0,0.0,0.0,0.0,0.0,0.0,0.0,0.0,1.0,2.0,0.0,1.000,1.000,1.000,2.000,1.000,-.--,3.0,0.0,0.0,,,,,,,,,,,,,,,,,,,,,,,,,2025
687093,Vaughn Grissom,108,Los Angeles Angels,,3B,2026,280.0,249.0,64.0,15.0,0.0,7.0,21.0,0.0,45.0,5.0,4.0,0.0,100.0,47.0,10.0,.257,.323,.402,.725,.284,35.57,1049.0,67.0,77.0,,,,,,,,,,,,,,,,,,,,,,,,,2025
605170,Victor Caratini,142,Minnesota Twins,,C,2026,307.0,264.0,60.0,9.0,0.0,7.0,26.0,1.0,62.0,9.0,8.0,0.0,90.0,37.0,6.0,.227,.309,.341,.650,.261,37.71,1161.0,72.0,78.0,386.0,344.0,89.0,14.0,0.0,12.0,23.0,0.0,65.0,13.0,6.0,0.0,139.0,46.0,8.0,.259,.324,.404,.728,.282,28.67,1417.0,93.0,103.0,2025
592885,Christian Yelich,158,Milwaukee Brewers,,DH,2026,344.0,303.0,71.0,18.0,2.0,7.0,35.0,3.0,93.0,3.0,2.0,1.0,114.0,38.0,4.0,.234,.318,.376,.694,.312,43.29,1463.0,91.0,51.0,644.0,573.0,151.0,21.0,0.0,29.0,64.0,6.0,167.0,6.0,1.0,0.0,259.0,103.0,6.0,.264,.343,.452,.795,.323,19.76,2601.0,174.0,82.0,2025
682998,Corbin Carroll,109,Arizona Diamondbacks,,RF,2026,482.0,417.0,102.0,22.0,12.0,16.0,56.0,2.0,109.0,6.0,3.0,0.0,196.0,53.0,6.0,.245,.340,.470,.810,.292,26.06,1905.0,95.0,114.0,642.0,564.0,146.0,32.0,17.0,31.0,67.0,4.0,153.0,7.0,4.0,0.0,305.0,84.0,6.0,.259,.343,.541,.884,.299,18.19,2497.0,111.0,158.0,2025
683003,Jared Jones,134,Pittsburgh Pirates,,P,2026,,,,,,,,,,,,,,,,,,,,,,,,,,,,,,,,,,,,,,,,,,,,,,,,,2025
683002,Gunnar Henderson,110,Baltimore Orioles,,SS,2026,514.0,462.0,101.0,19.0,4.0,18.0,41.0,2.0,119.0,9.0,2.0,0.0,182.0,47.0,7.0,.219,.294,.394,.688,.254,25.67,2017.0,115.0,129.0,651.0,577.0,158.0,34.0,5.0,17.0,62.0,6.0,137.0,7.0,5.0,0.0,253.0,68.0,7.0,.274,.349,.438,.787,.329,33.94,2506.0,161.0,126.0,2025
689147,Orion Kerkering,143,Philadelphia Phillies,,P,2026,0.0,0.0,0.0,0.0,0.0,0.0,0.0,0.0,0.0,0.0,0.0,0.0,0.0,0.0,0.0,.000,.000,.000,.000,.---,-.--,0.0,0.0,0.0,,,,,,,,,,,,,,,,,,,,,,,,,2025
668670,Jake Rogers,111,Boston Red Sox,,C,2026,116.0,98.0,16.0,2.0,1.0,3.0,14.0,0.0,33.0,1.0,2.0,1.0,29.0,9.0,1.0,.163,.270,.296,.566,.203,32.67,458.0,20.0,32.0,142.0,123.0,23.0,5.0,2.0,3.0,15.0,0.0,39.0,1.0,2.0,1.0,41.0,19.0,3.0,.187,.277,.333,.610,.241,41.00,570.0,34.0,30.0,2025
642048,Tayler Saucedo,108,Los Angeles Angels,,P,2026,,,,,,,,,,,,,,,,,,,,,,,,,,,,,,,,,,,,,,,,,,,,,,,,,2025
621566,Matt Olson,144,Atlanta Braves,,1B,2026,499.0,443.0,118.0,28.0,0.0,31.0,50.0,3.0,123.0,3.0,3.0,0.0,239.0,69.0,6.0,.266,.343,.540,.883,.298,14.29,2128.0,91.0,114.0,724.0,624.0,170.0,41.0,2.0,29.0,91.0,2.0,176.0,4.0,5.0,0.0,302.0,95.0,14.0,.272,.366,.484,.850,.333,21.52,3166.0,133.0,150.0,2025
699393,Pedro Ramírez,112,Chicago Cubs,,2B,2026,117.0,105.0,31.0,8.0,1.0,1.0,10.0,1.0,20.0,0.0,1.0,1.0,44.0,14.0,3.0,.295,.353,.419,.772,.353,105.00,407.0,30.0,26.0,,,,,,,,,,,,,,,,,,,,,,,,,2025
668674,Lucas Erceg,118,Kansas City Royals,,P,2026,0.0,0.0,0.0,0.0,0.0,0.0,0.0,0.0,0.0,0.0,0.0,0.0,0.0,0.0,0.0,.000,.000,.000,.000,.---,-.--,0.0,0.0,0.0,0.0,0.0,0.0,0.0,0.0,0.0,0.0,0.0,0.0,0.0,0.0,0.0,0.0,0.0,0.0,.000,.000,.000,.000,.---,-.--,0.0,0.0,0.0,2025
676879,Aaron Ashby,158,Milwaukee Brewers,,P,2026,,,,,,,,,,,,,,,,,,,,,,,,,,,,,,,,,,,,,,,,,,,,,,,,,2025
553993,Eugenio Suárez,113,Cincinnati Reds,,3B,2026,327.0,295.0,59.0,12.0,0.0,14.0,29.0,1.0,122.0,2.0,1.0,0.0,113.0,39.0,4.0,.200,.275,.383,.658,.281,21.07,1339.0,50.0,65.0,657.0,588.0,134.0,28.0,0.0,49.0,46.0,2.0,196.0,16.0,7.0,0.0,309.0,118.0,11.0,.228,.298,.526,.824,.243,12.00,2606.0,100.0,165.0,2025
672782,Yoendrys Gómez,142,Minnesota Twins,,P,2026,,,,,,,,,,,,,,,,,,,,,,,,,,,,,,,,,,,,,,,,,,,,,,,,,2025
543760,Marcus Semien,121,New York Mets,,2B,2026,374.0,341.0,71.0,8.0,1.0,12.0,28.0,0.0,83.0,1.0,3.0,1.0,117.0,35.0,10.0,.208,.268,.343,.611,.237,28.42,1402.0,71.0,120.0,534.0,470.0,108.0,16.0,1.0,15.0,50.0,0.0,93.0,5.0,9.0,0.0,171.0,62.0,8.0,.230,.305,.364,.669,.251,31.33,2075.0,101.0,177.0,2025
674841,Andrew Alvarez,120,Washington Nationals,,P,2026,,,,,,,,,,,,,,,,,,,,,,,,,,,,,,,,,,,,,,,,,,,,,,,,,2025
680977,Brendan Donovan,136,Seattle Mariners,,3B,2026,108.0,91.0,24.0,4.0,1.0,3.0,11.0,0.0,16.0,5.0,1.0,0.0,39.0,8.0,1.0,.264,.370,.429,.799,.288,30.33,388.0,25.0,27.0,515.0,460.0,132.0,32.0,0.0,10.0,42.0,3.0,67.0,7.0,4.0,2.0,194.0,50.0,4.0,.287,.353,.422,.775,.315,46.00,1923.0,131.0,136.0,2025
668709,JJ Bleday,113,Cincinnati Reds,,LF,2026,357.0,301.0,68.0,11.0,1.0,19.0,51.0,1.0,76.0,2.0,2.0,0.0,138.0,46.0,5.0,.226,.340,.458,.798,.236,15.84,1405.0,53.0,106.0,344.0,307.0,65.0,17.0,0.0,14.0,36.0,2.0,91.0,0.0,1.0,0.0,124.0,39.0,6.0,.212,.294,.404,.698,.251,21.93,1328.0,61.0,91.0,2025
642086,Dominic Smith,144,Atlanta Braves,,DH,2026,265.0,237.0,63.0,6.0,1.0,8.0,20.0,1.0,36.0,2.0,5.0,1.0,95.0,43.0,6.0,.266,.322,.401,.723,.278,29.62,1008.0,69.0,75.0,225.0,204.0,58.0,12.0,0.0,5.0,15.0,0.0,42.0,2.0,4.0,0.0,85.0,33.0,5.0,.284,.333,.417,.750,.329,40.80,848.0,46.0,62.0,2025
681006,Josh Simpson,136,Seattle Mariners,,P,2026,,,,,,,,,,,,,,,,,,,,,,,,,,,,,,,,,,,,,,,,,,,,,,,,,2025
670770,TJ Friedl,113,Cincinnati Reds,,CF,2026,236.0,206.0,34.0,6.0,1.0,3.0,20.0,0.0,54.0,4.0,1.0,5.0,51.0,11.0,2.0,.165,.251,.248,.499,.207,68.67,877.0,54.0,70.0,685.0,579.0,151.0,22.0,2.0,14.0,81.0,0.0,115.0,16.0,5.0,4.0,219.0,53.0,7.0,.261,.364,.378,.742,.301,41.36,2645.0,141.0,181.0,2025
666661,Juan Morillo,109,Arizona Diamondbacks,,P,2026,,,,,,,,,,,,,,,,,,,,,,,,,0.0,0.0,0.0,0.0,0.0,0.0,0.0,0.0,0.0,0.0,0.0,0.0,0.0,0.0,0.0,.000,.000,.000,.000,.---,-.--,0.0,0.0,0.0,2025
676914,Davis Schneider,141,Toronto Blue Jays,,LF,2026,133.0,110.0,16.0,6.0,0.0,3.0,21.0,0.0,45.0,0.0,1.0,1.0,31.0,12.0,1.0,.145,.280,.282,.562,.206,36.67,595.0,17.0,34.0,227.0,188.0,44.0,5.0,0.0,11.0,36.0,0.0,60.0,2.0,1.0,0.0,82.0,31.0,4.0,.234,.361,.436,.797,.280,17.09,1012.0,26.0,59.0,2025
642100,Gabe Speier,136,Seattle Mariners,,P,2026,0.0,0.0,0.0,0.0,0.0,0.0,0.0,0.0,0.0,0.0,0.0,0.0,0.0,0.0,0.0,.000,.000,.000,.000,.---,-.--,0.0,0.0,0.0,,,,,,,,,,,,,,,,,,,,,,,,,2025
685112,Zach McCambley,113,Cincinnati Reds,,P,2026,,,,,,,,,,,,,,,,,,,,,,,,,,,,,,,,,,,,,,,,,,,,,,,,,2025
676917,Cade Cavalli,120,Washington Nationals,,P,2026,,,,,,,,,,,,,,,,,,,,,,,,,0.0,0.0,0.0,0.0,0.0,0.0,0.0,0.0,0.0,0.0,0.0,0.0,0.0,0.0,0.0,.000,.000,.000,.000,.---,-.--,0.0,0.0,0.0,2025
693304,Nick Gonzales,134,Pittsburgh Pirates,,3B,2026,454.0,418.0,128.0,18.0,1.0,6.0,28.0,0.0,79.0,7.0,1.0,0.0,166.0,50.0,12.0,.306,.359,.397,.756,.365,69.67,1673.0,121.0,91.0,408.0,381.0,99.0,18.0,3.0,5.0,21.0,0.0,73.0,2.0,4.0,0.0,138.0,30.0,12.0,.260,.299,.362,.661,.306,76.20,1405.0,104.0,109.0,2025
693307,Dillon Dingler,116,Detroit Tigers,,C,2026,442.0,397.0,109.0,22.0,2.0,25.0,27.0,0.0,97.0,13.0,3.0,0.0,210.0,75.0,11.0,.275,.339,.529,.868,.302,15.88,1720.0,85.0,109.0,469.0,435.0,121.0,21.0,2.0,13.0,23.0,2.0,110.0,9.0,1.0,0.0,185.0,57.0,5.0,.278,.327,.425,.752,.345,33.46,1793.0,91.0,114.0,2025
519242,Chris Sale,144,Atlanta Braves,,P,2026,,,,,,,,,,,,,,,,,,,,,,,,,,,,,,,,,,,,,,,,,,,,,,,,,2025
543807,George Springer,141,Toronto Blue Jays,,DH,2026,368.0,324.0,77.0,14.0,2.0,12.0,37.0,0.0,68.0,3.0,1.0,0.0,131.0,36.0,7.0,.238,.321,.404,.725,.265,27.00,1488.0,87.0,93.0,586.0,498.0,154.0,27.0,1.0,32.0,69.0,3.0,111.0,8.0,4.0,0.0,279.0,84.0,14.0,.309,.399,.560,.959,.340,15.56,2307.0,105.0,132.0,2025
681035,Christian Scott,121,New York Mets,,P,2026,,,,,,,,,,,,,,,,,,,,,,,,,,,,,,,,,,,,,,,,,,,,,,,,,2025
683083,Nasim Nuñez,120,Washington Nationals,,2B,2026,377.0,328.0,77.0,4.0,3.0,1.0,40.0,0.0,79.0,1.0,2.0,6.0,90.0,33.0,5.0,.235,.318,.274,.592,.304,328.00,1513.0,101.0,79.0,92.0,82.0,19.0,2.0,0.0,4.0,8.0,0.0,20.0,0.0,1.0,1.0,33.0,13.0,1.0,.232,.297,.402,.699,.254,20.50,417.0,26.0,19.0,2025
685133,Wade Meckler,108,Los Angeles Angels,,LF,2026,170.0,153.0,47.0,9.0,0.0,3.0,16.0,0.0,38.0,1.0,0.0,0.0,65.0,20.0,1.0,.307,.376,.425,.801,.393,51.00,597.0,37.0,31.0,,,,,,,,,,,,,,,,,,,,,,,,,2025
701519,Travis Adams,142,Minnesota Twins,,P,2026,,,,,,,,,,,,,,,,,,,,,,,,,,,,,,,,,,,,,,,,,,,,,,,,,2025
656464,Kevin Ginkel,109,Arizona Diamondbacks,,P,2026,,,,,,,,,,,,,,,,,,,,,,,,,,,,,,,,,,,,,,,,,,,,,,,,,2025
695380,Alex Hoppe,110,Baltimore Orioles,,P,2026,,,,,,,,,,,,,,,,,,,,,,,,,,,,,,,,,,,,,,,,,,,,,,,,,2025
650333,Luis Arraez,143,Philadelphia Phillies,,2B,2026,473.0,429.0,139.0,24.0,7.0,5.0,25.0,4.0,21.0,4.0,9.0,6.0,192.0,46.0,8.0,.324,.360,.448,.808,.325,85.80,1753.0,123.0,161.0,675.0,620.0,181.0,30.0,4.0,8.0,34.0,0.0,21.0,2.0,7.0,12.0,243.0,61.0,12.0,.292,.327,.392,.719,.289,77.50,2467.0,215.0,222.0,2025
681047,Christian Franklin,110,Baltimore Orioles,,LF,2026,6.0,5.0,0.0,0.0,0.0,0.0,1.0,0.0,2.0,0.0,0.0,0.0,0.0,0.0,0.0,.000,.167,.000,.167,.000,-.--,31.0,2.0,1.0,,,,,,,,,,,,,,,,,,,,,,,,,2025
646241,Enmanuel De Jesus,116,Detroit Tigers,,P,2026,,,,,,,,,,,,,,,,,,,,,,,,,,,,,,,,,,,,,,,,,,,,,,,,,2025
701538,Jackson Merrill,135,San Diego Padres,,CF,2026,470.0,434.0,104.0,18.0,1.0,16.0,31.0,2.0,113.0,1.0,1.0,3.0,172.0,54.0,7.0,.240,.291,.396,.687,.288,27.12,1868.0,95.0,126.0,483.0,440.0,116.0,25.0,6.0,16.0,33.0,1.0,108.0,4.0,5.0,1.0,201.0,67.0,4.0,.264,.317,.457,.774,.312,27.50,1703.0,88.0,134.0,2025
689254,Mason Fluharty,141,Toronto Blue Jays,,P,2026,,,,,,,,,,,,,,,,,,,,,,,,,,,,,,,,,,,,,,,,,,,,,,,,,2025
656484,Tristan Gray,142,Minnesota Twins,,SS,2026,184.0,170.0,39.0,5.0,0.0,4.0,9.0,0.0,59.0,1.0,3.0,1.0,56.0,29.0,2.0,.229,.268,.329,.597,.318,42.50,713.0,29.0,47.0,86.0,78.0,18.0,5.0,0.0,3.0,6.0,0.0,19.0,0.0,1.0,1.0,32.0,9.0,0.0,.231,.282,.410,.692,.263,26.00,315.0,16.0,27.0,2025
656492,Foster Griffin,114,Cleveland Guardians,,P,2026,,,,,,,,,,,,,,,,,,,,,,,,,,,,,,,,,,,,,,,,,,,,,,,,,2025
805999,A.J. Ewing,121,New York Mets,,CF,2026,302.0,269.0,71.0,14.0,1.0,7.0,27.0,0.0,77.0,1.0,3.0,2.0,108.0,28.0,1.0,.264,.330,.401,.731,.340,38.43,1203.0,61.0,65.0,,,,,,,,,,,,,,,,,,,,,,,,,2025
689266,Dylan Dodd,144,Atlanta Braves,,P,2026,,,,,,,,,,,,,,,,,,,,,,,,,,,,,,,,,,,,,,,,,,,,,,,,,2025
703601,Max Clark,116,Detroit Tigers,,CF,2026,24.0,19.0,7.0,2.0,0.0,1.0,4.0,0.0,7.0,1.0,0.0,0.0,12.0,3.0,0.0,.368,.500,.632,1.132,.545,19.00,111.0,2.0,3.0,,,,,,,,,,,,,,,,,,,,,,,,,2025
687223,Carson Palmquist,120,Washington Nationals,,P,2026,,,,,,,,,,,,,,,,,,,,,,,,,,,,,,,,,,,,,,,,,,,,,,,,,2025
703607,Henry Bolte,133,Athletics,,CF,2026,257.0,224.0,58.0,8.0,0.0,4.0,19.0,0.0,70.0,10.0,2.0,1.0,78.0,21.0,4.0,.259,.341,.348,.689,.355,56.00,929.0,66.0,33.0,,,,,,,,,,,,,,,,,,,,,,,,,2025
695418,Brad Lord,120,Washington Nationals,,P,2026,0.0,0.0,0.0,0.0,0.0,0.0,0.0,0.0,0.0,0.0,0.0,0.0,0.0,0.0,0.0,.000,.000,.000,.000,.---,-.--,0.0,0.0,0.0,,,,,,,,,,,,,,,,,,,,,,,,,2025
681082,Bryson Stott,143,Philadelphia Phillies,,2B,2026,421.0,378.0,97.0,22.0,6.0,8.0,37.0,0.0,75.0,2.0,2.0,2.0,155.0,51.0,8.0,.257,.325,.410,.735,.300,47.25,1727.0,94.0,116.0,560.0,499.0,128.0,22.0,3.0,13.0,54.0,1.0,91.0,1.0,4.0,2.0,195.0,66.0,4.0,.257,.328,.391,.719,.288,38.38,2466.0,116.0,170.0,2025
664702,Myles Straw,141,Toronto Blue Jays,,RF,2026,206.0,186.0,43.0,11.0,1.0,3.0,14.0,0.0,25.0,1.0,3.0,2.0,65.0,18.0,2.0,.231,.284,.349,.633,.248,62.00,770.0,55.0,68.0,299.0,267.0,70.0,14.0,1.0,4.0,19.0,0.0,50.0,1.0,1.0,11.0,98.0,32.0,5.0,.262,.313,.367,.680,.308,66.75,1104.0,68.0,91.0,2025
668804,Bryan Reynolds,134,Pittsburgh Pirates,,LF,2026,505.0,426.0,114.0,26.0,2.0,15.0,69.0,3.0,122.0,8.0,2.0,0.0,189.0,63.0,5.0,.268,.378,.444,.822,.340,28.40,1994.0,104.0,88.0,654.0,587.0,144.0,38.0,3.0,16.0,57.0,1.0,173.0,7.0,3.0,0.0,236.0,73.0,15.0,.245,.318,.402,.720,.319,36.69,2631.0,155.0,118.0,2025
683146,Brett Baty,121,New York Mets,,3B,2026,363.0,324.0,71.0,13.0,1.0,7.0,31.0,0.0,99.0,3.0,4.0,0.0,107.0,34.0,3.0,.219,.290,.330,.620,.288,46.29,1438.0,74.0,84.0,432.0,393.0,100.0,13.0,2.0,18.0,33.0,0.0,108.0,2.0,3.0,0.0,171.0,50.0,6.0,.254,.313,.435,.748,.304,21.83,1753.0,117.0,71.0,2025
547973,Aroldis Chapman,111,Boston Red Sox,,P,2026,0.0,0.0,0.0,0.0,0.0,0.0,0.0,0.0,0.0,0.0,0.0,0.0,0.0,0.0,0.0,.000,.000,.000,.000,.---,-.--,0.0,0.0,0.0,0.0,0.0,0.0,0.0,0.0,0.0,0.0,0.0,0.0,0.0,0.0,0.0,0.0,0.0,0.0,.000,.000,.000,.000,.---,-.--,0.0,0.0,0.0,2025
668820,Max Kranick,120,Washington Nationals,,P,2026,,,,,,,,,,,,,,,,,,,,,,,,,,,,,,,,,,,,,,,,,,,,,,,,,2025
695445,Chase Lee,141,Toronto Blue Jays,,P,2026,,,,,,,,,,,,,,,,,,,,,,,,,,,,,,,,,,,,,,,,,,,,,,,,,2025
664728,Kyle Isbel,118,Kansas City Royals,,CF,2026,190.0,170.0,42.0,7.0,1.0,3.0,10.0,0.0,42.0,3.0,2.0,5.0,60.0,13.0,4.0,.247,.297,.353,.650,.307,56.67,682.0,46.0,47.0,409.0,368.0,94.0,16.0,4.0,4.0,23.0,0.0,74.0,2.0,3.0,13.0,130.0,33.0,7.0,.255,.301,.353,.654,.307,92.00,1470.0,119.0,97.0,2025
656537,Derek Hill,143,Philadelphia Phillies,,CF,2026,166.0,151.0,36.0,3.0,0.0,9.0,11.0,0.0,58.0,1.0,0.0,3.0,66.0,21.0,2.0,.238,.294,.437,.731,.321,16.78,658.0,33.0,27.0,149.0,134.0,29.0,6.0,0.0,3.0,9.0,0.0,48.0,3.0,0.0,3.0,44.0,11.0,3.0,.216,.281,.328,.609,.313,44.67,579.0,32.0,28.0,2025
677020,Josh Walker,110,Baltimore Orioles,,P,2026,,,,,,,,,,,,,,,,,,,,,,,,,,,,,,,,,,,,,,,,,,,,,,,,,2025
642201,Eli White,111,Boston Red Sox,,RF,2026,145.0,134.0,31.0,6.0,1.0,5.0,9.0,0.0,31.0,1.0,1.0,0.0,54.0,17.0,2.0,.231,.283,.403,.686,.263,26.80,564.0,46.0,27.0,271.0,256.0,60.0,8.0,3.0,10.0,11.0,1.0,70.0,2.0,1.0,1.0,104.0,35.0,2.0,.234,.270,.406,.676,.282,25.60,1001.0,61.0,67.0,2025
687263,Zach Neto,108,Los Angeles Angels,,SS,2026,497.0,439.0,100.0,21.0,3.0,19.0,49.0,1.0,159.0,8.0,1.0,0.0,184.0,47.0,3.0,.228,.316,.419,.735,.309,23.10,1975.0,65.0,116.0,554.0,502.0,129.0,29.0,1.0,26.0,33.0,6.0,149.0,14.0,3.0,2.0,238.0,62.0,5.0,.257,.319,.474,.793,.312,19.31,2171.0,96.0,133.0,2025
642207,Devin Williams,121,New York Mets,,P,2026,0.0,0.0,0.0,0.0,0.0,0.0,0.0,0.0,0.0,0.0,0.0,0.0,0.0,0.0,0.0,.000,.000,.000,.000,.---,-.--,0.0,0.0,0.0,,,,,,,,,,,,,,,,,,,,,,,,,2025
650402,Gleyber Torres,116,Detroit Tigers,,2B,2026,253.0,209.0,56.0,8.0,0.0,7.0,39.0,1.0,50.0,3.0,2.0,0.0,85.0,29.0,3.0,.268,.387,.407,.794,.318,29.86,1068.0,55.0,50.0,628.0,532.0,136.0,22.0,0.0,16.0,85.0,0.0,101.0,4.0,7.0,0.0,206.0,74.0,11.0,.256,.358,.387,.745,.284,33.25,2652.0,130.0,172.0,2025
656546,Jeff Hoffman,142,Minnesota Twins,,P,2026,,,,,,,,,,,,,,,,,,,,,,,,,0.0,0.0,0.0,0.0,0.0,0.0,0.0,0.0,0.0,0.0,0.0,0.0,0.0,0.0,0.0,.000,.000,.000,.000,.---,-.--,0.0,0.0,0.0,2025
668834,Easton McGee,118,Kansas City Royals,,P,2026,,,,,,,,,,,,,,,,,,,,,,,,,,,,,,,,,,,,,,,,,,,,,,,,,2025
656550,Grant Holmes,144,Atlanta Braves,,P,2026,,,,,,,,,,,,,,,,,,,,,,,,,,,,,,,,,,,,,,,,,,,,,,,,,2025
656555,Rhys Hoskins,114,Cleveland Guardians,,1B,2026,295.0,243.0,43.0,13.0,0.0,12.0,45.0,0.0,95.0,3.0,4.0,0.0,92.0,36.0,4.0,.177,.308,.379,.687,.221,20.25,1251.0,33.0,76.0,328.0,279.0,66.0,12.0,1.0,12.0,38.0,2.0,91.0,5.0,6.0,0.0,116.0,43.0,6.0,.237,.332,.416,.748,.297,23.25,1429.0,41.0,87.0,2025
642215,Weston Wilson,136,Seattle Mariners,,3B,2026,98.0,88.0,18.0,3.0,0.0,3.0,9.0,0.0,31.0,1.0,0.0,0.0,30.0,10.0,0.0,.205,.286,.341,.627,.278,29.33,416.0,20.0,19.0,125.0,111.0,22.0,4.0,0.0,5.0,12.0,0.0,34.0,1.0,0.0,1.0,41.0,17.0,1.0,.198,.282,.369,.651,.236,22.20,536.0,30.0,26.0,2025
806068,Colt Emerson,136,Seattle Mariners,,SS,2026,221.0,201.0,40.0,6.0,1.0,8.0,15.0,0.0,72.0,2.0,2.0,1.0,72.0,23.0,2.0,.199,.259,.358,.617,.260,25.12,887.0,49.0,43.0,,,,,,,,,,,,,,,,,,,,,,,,,2025
691373,Jhostynxon Garcia,134,Pittsburgh Pirates,,RF,2026,48.0,46.0,8.0,1.0,0.0,0.0,1.0,0.0,15.0,1.0,0.0,0.0,9.0,2.0,1.0,.174,.208,.196,.404,.258,-.--,170.0,12.0,11.0,9.0,7.0,1.0,1.0,0.0,0.0,2.0,0.0,5.0,0.0,0.0,0.0,2.0,0.0,0.0,.143,.333,.286,.619,.500,-.--,40.0,0.0,1.0,2025
666808,Camilo Doval,134,Pittsburgh Pirates,,P,2026,,,,,,,,,,,,,,,,,,,,,,,,,,,,,,,,,,,,,,,,,,,,,,,,,2025
693433,Bryan Woo,136,Seattle Mariners,,P,2026,,,,,,,,,,,,,,,,,,,,,,,,,,,,,,,,,,,,,,,,,,,,,,,,,2025
664761,Alec Bohm,143,Philadelphia Phillies,,3B,2026,450.0,410.0,93.0,16.0,0.0,13.0,28.0,0.0,66.0,7.0,5.0,0.0,148.0,61.0,15.0,.227,.284,.361,.645,.238,31.54,1632.0,140.0,116.0,504.0,464.0,133.0,18.0,3.0,11.0,29.0,0.0,82.0,5.0,6.0,0.0,190.0,59.0,16.0,.287,.331,.409,.740,.324,42.18,1801.0,140.0,115.0,2025
660670,Ronald Acuña Jr.,144,Atlanta Braves,,RF,2026,274.0,229.0,55.0,10.0,1.0,9.0,38.0,2.0,64.0,5.0,2.0,0.0,94.0,24.0,1.0,.240,.358,.410,.768,.291,25.44,1115.0,50.0,62.0,412.0,338.0,98.0,12.0,1.0,21.0,71.0,4.0,102.0,3.0,0.0,0.0,175.0,42.0,5.0,.290,.417,.518,.935,.358,16.10,1741.0,72.0,66.0,2025
672960,Kazuma Okamoto,141,Toronto Blue Jays,,3B,2026,457.0,411.0,94.0,15.0,0.0,24.0,38.0,0.0,142.0,6.0,2.0,0.0,181.0,70.0,9.0,.229,.302,.440,.742,.283,17.12,1910.0,74.0,103.0,,,,,,,,,,,,,,,,,,,,,,,,,2025
656577,Alex Jackson,142,Minnesota Twins,,C,2026,68.0,65.0,20.0,4.0,0.0,1.0,1.0,0.0,22.0,2.0,0.0,0.0,27.0,5.0,0.0,.308,.338,.415,.753,.452,65.00,249.0,13.0,10.0,100.0,91.0,20.0,8.0,0.0,5.0,5.0,0.0,37.0,4.0,0.0,0.0,43.0,8.0,2.0,.220,.290,.473,.763,.306,18.20,399.0,16.0,18.0,2025
664770,Nathan Lukes,141,Toronto Blue Jays,,RF,2026,282.0,256.0,68.0,11.0,0.0,5.0,17.0,0.0,42.0,5.0,1.0,3.0,94.0,18.0,7.0,.266,.323,.367,.690,.300,51.20,1122.0,88.0,62.0,438.0,388.0,99.0,19.0,2.0,12.0,38.0,2.0,60.0,2.0,3.0,7.0,158.0,65.0,12.0,.255,.323,.407,.730,.273,32.33,1662.0,125.0,114.0,2025
668873,Caleb Kilian,143,Philadelphia Phillies,,P,2026,,,,,,,,,,,,,,,,,,,,,,,,,,,,,,,,,,,,,,,,,,,,,,,,,2025
695505,Chase Burns,113,Cincinnati Reds,,P,2026,,,,,,,,,,,,,,,,,,,,,,,,,,,,,,,,,,,,,,,,,,,,,,,,,2025
660688,Keibert Ruiz,120,Washington Nationals,,C,2026,257.0,241.0,64.0,20.0,0.0,7.0,11.0,0.0,31.0,2.0,3.0,0.0,105.0,37.0,6.0,.266,.300,.436,.736,.277,34.43,832.0,66.0,83.0,267.0,255.0,63.0,12.0,0.0,2.0,8.0,0.0,26.0,3.0,1.0,0.0,81.0,25.0,4.0,.247,.277,.318,.595,.268,127.50,888.0,93.0,74.0,2025
695506,Jac Caglianone,118,Kansas City Royals,,RF,2026,410.0,378.0,96.0,18.0,2.0,18.0,27.0,0.0,112.0,4.0,1.0,0.0,172.0,43.0,5.0,.254,.310,.455,.765,.313,21.00,1481.0,99.0,72.0,232.0,210.0,33.0,6.0,1.0,7.0,18.0,0.0,52.0,4.0,0.0,0.0,62.0,18.0,4.0,.157,.237,.295,.532,.172,30.00,858.0,67.0,58.0,2025
701649,James Triantos,112,Chicago Cubs,,2B,2026,4.0,4.0,1.0,0.0,0.0,0.0,0.0,0.0,1.0,0.0,0.0,0.0,1.0,0.0,0.0,.250,.250,.250,.500,.333,-.--,10.0,2.0,0.0,,,,,,,,,,,,,,,,,,,,,,,,,2025
701656,Logan Henderson,158,Milwaukee Brewers,,P,2026,,,,,,,,,,,,,,,,,,,,,,,,,,,,,,,,,,,,,,,,,,,,,,,,,2025
668885,Austin Martin,142,Minnesota Twins,,RF,2026,312.0,261.0,61.0,14.0,0.0,2.0,42.0,0.0,56.0,6.0,3.0,0.0,81.0,21.0,5.0,.234,.349,.310,.659,.286,130.50,1231.0,76.0,71.0,181.0,156.0,44.0,8.0,1.0,1.0,22.0,0.0,31.0,1.0,0.0,2.0,57.0,7.0,6.0,.282,.374,.365,.739,.347,156.00,749.0,50.0,33.0,2025
605400,Aaron Nola,143,Philadelphia Phillies,,P,2026,,,,,,,,,,,,,,,,,,,,,,,,,,,,,,,,,,,,,,,,,,,,,,,,,2025
670950,Trevor Richards,145,Chicago White Sox,,P,2026,0.0,0.0,0.0,0.0,0.0,0.0,0.0,0.0,0.0,0.0,0.0,0.0,0.0,0.0,0.0,.000,.000,.000,.000,.---,-.--,0.0,0.0,0.0,0.0,0.0,0.0,0.0,0.0,0.0,0.0,0.0,0.0,0.0,0.0,0.0,0.0,0.0,0.0,.000,.000,.000,.000,.---,-.--,0.0,0.0,0.0,2025
668904,Royce Lewis,142,Minnesota Twins,,3B,2026,324.0,288.0,67.0,15.0,1.0,12.0,31.0,1.0,80.0,2.0,3.0,0.0,120.0,37.0,2.0,.233,.309,.417,.726,.276,24.00,1275.0,52.0,92.0,403.0,376.0,89.0,18.0,0.0,13.0,25.0,0.0,80.0,0.0,2.0,0.0,146.0,52.0,7.0,.237,.283,.388,.671,.267,28.92,1517.0,76.0,133.0,2025
681190,Randy Vásquez,135,San Diego Padres,,P,2026,1.0,1.0,0.0,0.0,0.0,0.0,0.0,0.0,0.0,0.0,0.0,0.0,0.0,0.0,0.0,.000,.000,.000,.000,.000,-.--,1.0,1.0,0.0,,,,,,,,,,,,,,,,,,,,,,,,,2025
668909,Gavin Williams,114,Cleveland Guardians,,P,2026,,,,,,,,,,,,,,,,,,,,,,,,,,,,,,,,,,,,,,,,,,,,,,,,,2025
695534,Chase Petty,113,Cincinnati Reds,,P,2026,,,,,,,,,,,,,,,,,,,,,,,,,,,,,,,,,,,,,,,,,,,,,,,,,2025
607481,Aaron Bummer,118,Kansas City Royals,,P,2026,,,,,,,,,,,,,,,,,,,,,,,,,,,,,,,,,,,,,,,,,,,,,,,,,2025
701678,Hao-Yu Lee,116,Detroit Tigers,,2B,2026,204.0,192.0,51.0,10.0,1.0,6.0,9.0,0.0,51.0,0.0,2.0,1.0,81.0,27.0,1.0,.266,.296,.422,.718,.328,32.00,712.0,40.0,53.0,,,,,,,,,,,,,,,,,,,,,,,,,2025
670970,Adrian Morejon,135,San Diego Padres,,P,2026,,,,,,,,,,,,,,,,,,,,,,,,,,,,,,,,,,,,,,,,,,,,,,,,,2025
656638,Alex Lange,118,Kansas City Royals,,P,2026,0.0,0.0,0.0,0.0,0.0,0.0,0.0,0.0,0.0,0.0,0.0,0.0,0.0,0.0,0.0,.000,.000,.000,.000,.---,-.--,0.0,0.0,0.0,,,,,,,,,,,,,,,,,,,,,,,,,2025
670990,Yohan Ramírez,134,Pittsburgh Pirates,,P,2026,,,,,,,,,,,,,,,,,,,,,,,,,,,,,,,,,,,,,,,,,,,,,,,,,2025
668930,Brice Turang,158,Milwaukee Brewers,,2B,2026,490.0,421.0,112.0,25.0,3.0,16.0,63.0,3.0,120.0,0.0,2.0,4.0,191.0,69.0,7.0,.266,.360,.454,.814,.334,26.31,2069.0,108.0,87.0,659.0,584.0,168.0,28.0,2.0,18.0,66.0,1.0,150.0,2.0,5.0,2.0,254.0,81.0,3.0,.288,.359,.435,.794,.356,32.44,2772.0,132.0,141.0,2025
668942,Josh Rojas,118,Kansas City Royals,,3B,2026,65.0,61.0,14.0,3.0,0.0,1.0,3.0,0.0,9.0,0.0,0.0,1.0,20.0,6.0,0.0,.230,.266,.328,.594,.255,61.00,229.0,17.0,22.0,211.0,189.0,34.0,9.0,0.0,2.0,19.0,0.0,48.0,0.0,2.0,1.0,49.0,11.0,6.0,.180,.252,.259,.511,.227,94.50,797.0,51.0,59.0,2025
687377,Orlando Ribalta,120,Washington Nationals,,P,2026,0.0,0.0,0.0,0.0,0.0,0.0,0.0,0.0,0.0,0.0,0.0,0.0,0.0,0.0,0.0,.000,.000,.000,.000,.---,-.--,0.0,0.0,0.0,,,,,,,,,,,,,,,,,,,,,,,,,2025
664849,Danny Young,144,Atlanta Braves,,P,2026,,,,,,,,,,,,,,,,,,,,,,,,,,,,,,,,,,,,,,,,,,,,,,,,,2025
668952,Ryan Kreidler,142,Minnesota Twins,,SS,2026,195.0,181.0,42.0,8.0,3.0,5.0,13.0,0.0,39.0,1.0,0.0,0.0,71.0,25.0,6.0,.232,.287,.392,.679,.270,36.20,723.0,53.0,47.0,44.0,38.0,4.0,0.0,0.0,0.0,4.0,0.0,19.0,0.0,0.0,2.0,4.0,0.0,0.0,.105,.190,.105,.295,.211,-.--,179.0,9.0,8.0,2025
660761,José Suarez,133,Athletics,,P,2026,,,,,,,,,,,,,,,,,,,,,,,,,,,,,,,,,,,,,,,,,,,,,,,,,2025
687401,Joey Ortiz,158,Milwaukee Brewers,,SS,2026,281.0,249.0,60.0,10.0,2.0,5.0,25.0,0.0,50.0,0.0,3.0,4.0,89.0,29.0,8.0,.241,.307,.357,.664,.279,49.80,1083.0,77.0,69.0,506.0,470.0,108.0,18.0,1.0,7.0,27.0,0.0,74.0,3.0,0.0,6.0,149.0,45.0,10.0,.230,.276,.317,.593,.260,67.14,1873.0,132.0,162.0,2025
806188,Cade Gibson,146,Miami Marlins,,P,2026,0.0,0.0,0.0,0.0,0.0,0.0,0.0,0.0,0.0,0.0,0.0,0.0,0.0,0.0,0.0,.000,.000,.000,.000,.---,-.--,0.0,0.0,0.0,,,,,,,,,,,,,,,,,,,,,,,,,2025
642350,Jose Siri,108,Los Angeles Angels,,CF,2026,126.0,113.0,29.0,5.0,0.0,6.0,8.0,0.0,36.0,2.0,1.0,2.0,52.0,19.0,4.0,.257,.315,.460,.775,.319,18.83,485.0,25.0,26.0,36.0,32.0,2.0,2.0,0.0,0.0,4.0,0.0,17.0,0.0,0.0,0.0,4.0,1.0,0.0,.063,.167,.125,.292,.133,-.--,162.0,3.0,10.0,2025
800048,Parker Messick,114,Cleveland Guardians,,P,2026,,,,,,,,,,,,,,,,,,,,,,,,,,,,,,,,,,,,,,,,,,,,,,,,,2025
695600,Carter Jensen,118,Kansas City Royals,,C,2026,424.0,377.0,86.0,24.0,1.0,15.0,41.0,1.0,126.0,1.0,5.0,0.0,157.0,54.0,3.0,.228,.302,.416,.718,.295,25.13,1751.0,57.0,113.0,69.0,60.0,18.0,6.0,0.0,3.0,9.0,0.0,12.0,0.0,0.0,0.0,33.0,13.0,1.0,.300,.391,.550,.941,.333,20.00,293.0,17.0,13.0,2025
806198,Cooper Pratt,158,Milwaukee Brewers,,SS,2026,148.0,126.0,36.0,4.0,1.0,2.0,18.0,0.0,29.0,1.0,3.0,0.0,48.0,16.0,6.0,.286,.372,.381,.753,.347,63.00,573.0,34.0,30.0,,,,,,,,,,,,,,,,,,,,,,,,,2025
800050,Chase DeLauter,114,Cleveland Guardians,,RF,2026,409.0,362.0,100.0,21.0,1.0,12.0,44.0,0.0,57.0,0.0,3.0,0.0,159.0,55.0,8.0,.276,.352,.439,.791,.297,30.17,1598.0,92.0,116.0,,,,,,,,,,,,,,,,,,,,,,,,,2025
695611,Gage Jump,133,Athletics,,P,2026,,,,,,,,,,,,,,,,,,,,,,,,,,,,,,,,,,,,,,,,,,,,,,,,,2025
650559,Bryan De La Cruz,143,Philadelphia Phillies,,RF,2026,27.0,21.0,9.0,1.0,0.0,2.0,2.0,0.0,5.0,2.0,2.0,0.0,16.0,6.0,1.0,.429,.481,.762,1.243,.438,10.50,86.0,3.0,6.0,50.0,47.0,9.0,1.0,0.0,0.0,3.0,0.0,18.0,0.0,0.0,0.0,10.0,0.0,1.0,.191,.240,.213,.453,.310,-.--,179.0,8.0,12.0,2025
669003,Garrett Mitchell,158,Milwaukee Brewers,,CF,2026,379.0,327.0,84.0,23.0,3.0,8.0,46.0,1.0,122.0,4.0,1.0,1.0,137.0,49.0,4.0,.257,.354,.419,.773,.384,40.88,1544.0,78.0,45.0,78.0,68.0,14.0,4.0,1.0,0.0,7.0,0.0,25.0,1.0,1.0,1.0,20.0,3.0,0.0,.206,.286,.294,.580,.318,-.--,303.0,17.0,14.0,2025
642376,Jefry Yan,121,New York Mets,,P,2026,,,,,,,,,,,,,,,,,,,,,,,,,,,,,,,,,,,,,,,,,,,,,,,,,2025
681297,Colton Cowser,110,Baltimore Orioles,,CF,2026,269.0,229.0,47.0,3.0,0.0,8.0,36.0,0.0,81.0,1.0,2.0,1.0,74.0,28.0,2.0,.205,.313,.323,.636,.275,28.62,1162.0,47.0,57.0,360.0,327.0,64.0,14.0,0.0,16.0,27.0,1.0,128.0,6.0,0.0,0.0,126.0,40.0,5.0,.196,.269,.385,.654,.262,20.44,1486.0,71.0,64.0,2025
656716,Zach McKinstry,116,Detroit Tigers,,2B,2026,305.0,270.0,59.0,12.0,3.0,4.0,29.0,1.0,49.0,1.0,2.0,3.0,89.0,23.0,4.0,.219,.295,.330,.625,.251,67.50,1149.0,75.0,92.0,511.0,452.0,117.0,23.0,11.0,12.0,46.0,1.0,111.0,7.0,5.0,1.0,198.0,49.0,6.0,.259,.333,.438,.771,.314,37.67,2035.0,116.0,114.0,2025
669016,Brandon Marsh,143,Philadelphia Phillies,,LF,2026,430.0,403.0,112.0,16.0,2.0,16.0,22.0,3.0,111.0,2.0,3.0,0.0,180.0,50.0,3.0,.278,.316,.447,.763,.344,25.19,1596.0,83.0,100.0,425.0,379.0,106.0,25.0,2.0,11.0,38.0,1.0,110.0,0.0,4.0,3.0,168.0,43.0,2.0,.280,.342,.443,.785,.363,34.46,1657.0,82.0,88.0,2025
656730,Trevor Megill,158,Milwaukee Brewers,,P,2026,0.0,0.0,0.0,0.0,0.0,0.0,0.0,0.0,0.0,0.0,0.0,0.0,0.0,0.0,0.0,.000,.000,.000,.000,.---,-.--,0.0,0.0,0.0,,,,,,,,,,,,,,,,,,,,,,,,,2025
660825,Eduard Bazardo,136,Seattle Mariners,,P,2026,,,,,,,,,,,,,,,,,,,,,,,,,,,,,,,,,,,,,,,,,,,,,,,,,2025
669020,Ryan Rolison,112,Chicago Cubs,,P,2026,0.0,0.0,0.0,0.0,0.0,0.0,0.0,0.0,0.0,0.0,0.0,0.0,0.0,0.0,0.0,.000,.000,.000,.000,.---,-.--,0.0,0.0,0.0,,,,,,,,,,,,,,,,,,,,,,,,,2025
642397,Gregory Soto,134,Pittsburgh Pirates,,P,2026,,,,,,,,,,,,,,,,,,,,,,,,,,,,,,,,,,,,,,,,,,,,,,,,,2025
630105,Jake Cronenworth,135,San Diego Padres,,2B,2026,237.0,208.0,45.0,5.0,0.0,3.0,23.0,0.0,51.0,4.0,0.0,2.0,59.0,17.0,3.0,.216,.306,.284,.590,.273,69.33,967.0,61.0,53.0,515.0,419.0,103.0,20.0,1.0,11.0,69.0,1.0,107.0,15.0,7.0,4.0,158.0,59.0,4.0,.246,.367,.377,.744,.299,38.09,2184.0,101.0,119.0,2025
683352,Mitch Bratt,109,Arizona Diamondbacks,,P,2026,,,,,,,,,,,,,,,,,,,,,,,,,,,,,,,,,,,,,,,,,,,,,,,,,2025
683357,Owen Caissie,146,Miami Marlins,,RF,2026,257.0,228.0,52.0,12.0,0.0,12.0,19.0,0.0,100.0,3.0,7.0,0.0,100.0,50.0,3.0,.228,.288,.439,.727,.325,19.00,1062.0,31.0,52.0,27.0,26.0,5.0,1.0,0.0,1.0,1.0,0.0,11.0,0.0,0.0,0.0,9.0,4.0,0.0,.192,.222,.346,.568,.286,26.00,103.0,4.0,6.0,2025
666974,Yennier Cano,110,Baltimore Orioles,,P,2026,,,,,,,,,,,,,,,,,,,,,,,,,0.0,0.0,0.0,0.0,0.0,0.0,0.0,0.0,0.0,0.0,0.0,0.0,0.0,0.0,0.0,.000,.000,.000,.000,.---,-.--,0.0,0.0,0.0,2025
814439,Ryan Waldschmidt,109,Arizona Diamondbacks,,CF,2026,175.0,161.0,48.0,13.0,1.0,1.0,9.0,0.0,56.0,2.0,2.0,0.0,66.0,13.0,0.0,.298,.339,.410,.749,.443,161.00,676.0,21.0,38.0,,,,,,,,,,,,,,,,,,,,,,,,,2025
681320,Nate Lavender,121,New York Mets,,P,2026,,,,,,,,,,,,,,,,,,,,,,,,,,,,,,,,,,,,,,,,,,,,,,,,,2025
687462,Spencer Horwitz,134,Pittsburgh Pirates,,1B,2026,308.0,259.0,70.0,12.0,1.0,10.0,40.0,0.0,45.0,5.0,4.0,0.0,114.0,36.0,10.0,.270,.373,.440,.813,.288,25.90,1238.0,66.0,82.0,411.0,364.0,99.0,26.0,0.0,11.0,44.0,1.0,73.0,2.0,1.0,0.0,158.0,51.0,7.0,.272,.353,.434,.787,.313,33.09,1698.0,85.0,108.0,2025
701807,Carson Benge,121,New York Mets,,RF,2026,453.0,414.0,109.0,15.0,2.0,13.0,33.0,0.0,100.0,5.0,1.0,0.0,167.0,43.0,5.0,.263,.325,.403,.728,.318,31.85,1849.0,105.0,101.0,,,,,,,,,,,,,,,,,,,,,,,,,2025
660844,Leo Rivas,136,Seattle Mariners,,3B,2026,124.0,102.0,13.0,2.0,1.0,0.0,16.0,0.0,36.0,3.0,1.0,2.0,17.0,7.0,1.0,.127,.262,.167,.429,.194,-.--,546.0,22.0,34.0,111.0,90.0,22.0,2.0,0.0,2.0,20.0,0.0,24.0,1.0,0.0,0.0,30.0,9.0,1.0,.244,.387,.333,.720,.313,45.00,520.0,20.0,24.0,2025
695657,Colson Montgomery,145,Chicago White Sox,,SS,2026,450.0,402.0,86.0,18.0,0.0,25.0,38.0,3.0,146.0,9.0,1.0,0.0,179.0,63.0,6.0,.214,.296,.445,.741,.263,16.08,1678.0,62.0,109.0,284.0,255.0,61.0,9.0,1.0,21.0,25.0,1.0,83.0,2.0,1.0,0.0,135.0,55.0,3.0,.239,.311,.529,.840,.263,12.14,1082.0,50.0,62.0,2025
687473,Ryan Gusto,146,Miami Marlins,,P,2026,,,,,,,,,,,,,,,,,,,,,,,,,,,,,,,,,,,,,,,,,,,,,,,,,2025
671096,Andrew Abbott,113,Cincinnati Reds,,P,2026,,,,,,,,,,,,,,,,,,,,,,,,,,,,,,,,,,,,,,,,,,,,,,,,,2025
695670,Harry Ford,120,Washington Nationals,,C,2026,35.0,28.0,5.0,2.0,0.0,1.0,6.0,0.0,8.0,1.0,0.0,0.0,10.0,4.0,1.0,.179,.343,.357,.700,.211,28.00,146.0,7.0,8.0,8.0,6.0,1.0,0.0,0.0,0.0,0.0,0.0,3.0,1.0,1.0,0.0,1.0,1.0,0.0,.167,.250,.167,.417,.250,-.--,29.0,1.0,2.0,2025
691587,Eury Pérez,146,Miami Marlins,,P,2026,,,,,,,,,,,,,,,,,,,,,,,,,,,,,,,,,,,,,,,,,,,,,,,,,2025
669062,Erik Miller,111,Boston Red Sox,,P,2026,,,,,,,,,,,,,,,,,,,,,,,,,,,,,,,,,,,,,,,,,,,,,,,,,2025
669060,Bryse Wilson,158,Milwaukee Brewers,,P,2026,,,,,,,,,,,,,,,,,,,,,,,,,0.0,0.0,0.0,0.0,0.0,0.0,0.0,0.0,0.0,0.0,0.0,0.0,0.0,0.0,0.0,.000,.000,.000,.000,.---,-.--,0.0,0.0,0.0,2025
669065,Kyle Stowers,146,Miami Marlins,,1B,2026,382.0,336.0,78.0,20.0,3.0,16.0,36.0,2.0,122.0,7.0,2.0,1.0,152.0,48.0,8.0,.232,.318,.452,.770,.310,21.00,1438.0,56.0,83.0,457.0,399.0,115.0,21.0,3.0,25.0,48.0,3.0,125.0,5.0,4.0,1.0,217.0,73.0,6.0,.288,.368,.544,.912,.356,15.96,1712.0,79.0,85.0,2025
607625,Seth Lugo,118,Kansas City Royals,,P,2026,,,,,,,,,,,,,,,,,,,,,,,,,,,,,,,,,,,,,,,,,,,,,,,,,2025
691594,Javier Sanoja,146,Miami Marlins,,3B,2026,304.0,286.0,76.0,22.0,2.0,4.0,16.0,0.0,24.0,0.0,1.0,1.0,114.0,37.0,3.0,.266,.304,.399,.703,.278,71.50,1012.0,80.0,108.0,342.0,313.0,76.0,22.0,4.0,6.0,19.0,0.0,41.0,2.0,4.0,4.0,124.0,38.0,2.0,.243,.287,.396,.683,.259,52.17,1218.0,97.0,107.0,2025
650633,Michael King,135,San Diego Padres,,P,2026,,,,,,,,,,,,,,,,,,,,,,,,,,,,,,,,,,,,,,,,,,,,,,,,,2025
650644,Aaron Civale,112,Chicago Cubs,,P,2026,0.0,0.0,0.0,0.0,0.0,0.0,0.0,0.0,0.0,0.0,0.0,0.0,0.0,0.0,0.0,.000,.000,.000,.000,.---,-.--,0.0,0.0,0.0,,,,,,,,,,,,,,,,,,,,,,,,,2025
544150,Albert Suárez,110,Baltimore Orioles,,P,2026,,,,,,,,,,,,,,,,,,,,,,,,,,,,,,,,,,,,,,,,,,,,,,,,,2025
656794,Sean Newcomb,145,Chicago White Sox,,P,2026,,,,,,,,,,,,,,,,,,,,,,,,,,,,,,,,,,,,,,,,,,,,,,,,,2025
669084,DL Hall,158,Milwaukee Brewers,,P,2026,,,,,,,,,,,,,,,,,,,,,,,,,,,,,,,,,,,,,,,,,,,,,,,,,2025
664991,Grant Wolfram,110,Baltimore Orioles,,P,2026,,,,,,,,,,,,,,,,,,,,,,,,,,,,,,,,,,,,,,,,,,,,,,,,,2025
669093,Jeremiah Estrada,135,San Diego Padres,,P,2026,,,,,,,,,,,,,,,,,,,,,,,,,,,,,,,,,,,,,,,,,,,,,,,,,2025
695720,Tommy White,133,Athletics,,1B,2026,70.0,68.0,18.0,2.0,0.0,0.0,2.0,0.0,12.0,0.0,0.0,0.0,20.0,0.0,2.0,.265,.286,.294,.580,.321,-.--,235.0,22.0,16.0,,,,,,,,,,,,,,,,,,,,,,,,,2025
804267,Zac Thornton,121,New York Mets,,P,2026,,,,,,,,,,,,,,,,,,,,,,,,,,,,,,,,,,,,,,,,,,,,,,,,,2025
476594,Robert Stock,121,New York Mets,,P,2026,,,,,,,,,,,,,,,,,,,,,,,,,,,,,,,,,,,,,,,,,,,,,,,,,2025
671155,Ivan Johnson,113,Cincinnati Reds,,2B,2026,12.0,10.0,1.0,0.0,0.0,0.0,2.0,0.0,5.0,0.0,0.0,0.0,1.0,0.0,0.0,.100,.250,.100,.350,.200,-.--,52.0,1.0,3.0,,,,,,,,,,,,,,,,,,,,,,,,,2025
695731,Braden Montgomery,145,Chicago White Sox,,RF,2026,186.0,166.0,38.0,10.0,2.0,3.0,17.0,0.0,40.0,2.0,1.0,0.0,61.0,21.0,4.0,.229,.306,.367,.673,.282,55.33,677.0,54.0,35.0,,,,,,,,,,,,,,,,,,,,,,,,,2025
693686,Spencer Miles,141,Toronto Blue Jays,,P,2026,,,,,,,,,,,,,,,,,,,,,,,,,,,,,,,,,,,,,,,,,,,,,,,,,2025
695734,Daylen Lile,120,Washington Nationals,,LF,2026,474.0,436.0,106.0,22.0,5.0,14.0,28.0,1.0,88.0,6.0,4.0,0.0,180.0,56.0,6.0,.243,.295,.413,.708,.272,31.14,1688.0,99.0,147.0,351.0,321.0,96.0,15.0,11.0,9.0,21.0,0.0,56.0,4.0,3.0,1.0,160.0,41.0,5.0,.299,.347,.498,.845,.336,35.67,1306.0,73.0,100.0,2025
665019,Kody Clemens,142,Minnesota Twins,,1B,2026,403.0,369.0,86.0,20.0,5.0,19.0,24.0,1.0,91.0,6.0,2.0,2.0,173.0,53.0,8.0,.233,.289,.469,.758,.257,19.42,1589.0,85.0,111.0,386.0,348.0,74.0,12.0,4.0,19.0,29.0,1.0,93.0,5.0,2.0,2.0,151.0,52.0,4.0,.213,.281,.434,.715,.231,18.32,1529.0,73.0,112.0,2025
554430,Zack Wheeler,143,Philadelphia Phillies,,P,2026,,,,,,,,,,,,,,,,,,,,,,,,,,,,,,,,,,,,,,,,,,,,,,,,,2025
640448,Kyle Finnegan,116,Detroit Tigers,,P,2026,,,,,,,,,,,,,,,,,,,,,,,,,,,,,,,,,,,,,,,,,,,,,,,,,2025
640455,Sean Manaea,121,New York Mets,,P,2026,,,,,,,,,,,,,,,,,,,,,,,,,,,,,,,,,,,,,,,,,,,,,,,,,2025
687562,Jake Bennett,111,Boston Red Sox,,P,2026,,,,,,,,,,,,,,,,,,,,,,,,,,,,,,,,,,,,,,,,,,,,,,,,,2025
640459,Brian Navarreto,146,Miami Marlins,,C,2026,18.0,14.0,2.0,1.0,0.0,0.0,1.0,0.0,5.0,1.0,0.0,2.0,3.0,0.0,0.0,.143,.250,.214,.464,.222,-.--,63.0,4.0,5.0,15.0,14.0,4.0,2.0,0.0,1.0,0.0,0.0,3.0,0.0,1.0,0.0,9.0,5.0,0.0,.286,.267,.643,.910,.273,14.00,42.0,5.0,3.0,2025
669134,Luis Campusano,135,San Diego Padres,,C,2026,126.0,109.0,33.0,9.0,0.0,4.0,16.0,0.0,29.0,1.0,0.0,0.0,54.0,16.0,3.0,.303,.397,.495,.892,.382,27.25,526.0,20.0,27.0,27.0,21.0,0.0,0.0,0.0,0.0,6.0,0.0,11.0,0.0,0.0,0.0,0.0,0.0,2.0,.000,.222,.000,.222,.000,-.--,126.0,9.0,1.0,2025
656848,Michael Petersen,146,Miami Marlins,,P,2026,,,,,,,,,,,,,,,,,,,,,,,,,,,,,,,,,,,,,,,,,,,,,,,,,2025
656849,David Peterson,112,Chicago Cubs,,P,2026,,,,,,,,,,,,,,,,,,,,,,,,,,,,,,,,,,,,,,,,,,,,,,,,,2025
687570,Connor Prielipp,142,Minnesota Twins,,P,2026,,,,,,,,,,,,,,,,,,,,,,,,,,,,,,,,,,,,,,,,,,,,,,,,,2025
665052,Griffin Conine,146,Miami Marlins,,RF,2026,151.0,133.0,34.0,5.0,0.0,10.0,16.0,0.0,46.0,2.0,0.0,0.0,69.0,21.0,1.0,.256,.344,.519,.863,.312,13.30,569.0,30.0,23.0,86.0,79.0,20.0,7.0,0.0,2.0,7.0,0.0,25.0,0.0,0.0,0.0,33.0,8.0,0.0,.253,.314,.418,.732,.346,39.50,338.0,21.0,13.0,2025
642528,Jonathan Loáisiga,109,Arizona Diamondbacks,,P,2026,0.0,0.0,0.0,0.0,0.0,0.0,0.0,0.0,0.0,0.0,0.0,0.0,0.0,0.0,0.0,.000,.000,.000,.000,.---,-.--,0.0,0.0,0.0,,,,,,,,,,,,,,,,,,,,,,,,,2025
521692,Salvador Perez,118,Kansas City Royals,,DH,2026,449.0,415.0,89.0,17.0,1.0,16.0,17.0,2.0,93.0,11.0,6.0,0.0,156.0,47.0,15.0,.214,.261,.376,.637,.234,25.94,1657.0,104.0,135.0,641.0,597.0,141.0,35.0,0.0,30.0,28.0,5.0,125.0,12.0,1.0,0.0,266.0,100.0,14.0,.236,.284,.446,.730,.251,19.90,2267.0,145.0,187.0,2025
669160,Dustin May,158,Milwaukee Brewers,,P,2026,,,,,,,,,,,,,,,,,,,,,,,,,,,,,,,,,,,,,,,,,,,,,,,,,2025
624133,Ranger Suarez,111,Boston Red Sox,,P,2026,,,,,,,,,,,,,,,,,,,,,,,,,,,,,,,,,,,,,,,,,,,,,,,,,2025
687605,Andrew Pinckney,120,Washington Nationals,,LF,2026,0.0,0.0,0.0,0.0,0.0,0.0,0.0,0.0,0.0,0.0,0.0,0.0,0.0,0.0,0.0,.000,.000,.000,.000,.---,-.--,0.0,0.0,0.0,,,,,,,,,,,,,,,,,,,,,,,,,2025
691718,Pete Crow-Armstrong,112,Chicago Cubs,,CF,2026,506.0,431.0,124.0,22.0,7.0,26.0,60.0,4.0,134.0,11.0,3.0,1.0,238.0,69.0,2.0,.288,.386,.552,.938,.358,16.58,2004.0,64.0,113.0,647.0,591.0,146.0,37.0,4.0,31.0,29.0,1.0,155.0,9.0,12.0,6.0,284.0,95.0,1.0,.247,.287,.481,.768,.276,19.06,2312.0,116.0,192.0,2025
622088,Tejay Antone,113,Cincinnati Reds,,P,2026,,,,,,,,,,,,,,,,,,,,,,,,,,,,,,,,,,,,,,,,,,,,,,,,,2025
691723,Coby Mayo,110,Baltimore Orioles,,3B,2026,288.0,263.0,54.0,10.0,2.0,15.0,21.0,0.0,97.0,3.0,1.0,0.0,113.0,41.0,3.0,.205,.271,.430,.701,.257,17.53,1169.0,44.0,69.0,294.0,263.0,57.0,12.0,0.0,11.0,27.0,0.0,84.0,4.0,0.0,0.0,102.0,28.0,2.0,.217,.299,.388,.687,.274,23.91,1132.0,49.0,73.0,2025
691725,Andrew Painter,143,Philadelphia Phillies,,P,2026,,,,,,,,,,,,,,,,,,,,,,,,,,,,,,,,,,,,,,,,,,,,,,,,,2025
593428,Xander Bogaerts,135,San Diego Padres,,SS,2026,435.0,376.0,84.0,11.0,0.0,9.0,52.0,1.0,80.0,3.0,4.0,0.0,122.0,41.0,6.0,.223,.320,.324,.644,.258,41.78,1717.0,123.0,93.0,552.0,491.0,129.0,30.0,0.0,11.0,48.0,3.0,94.0,4.0,8.0,1.0,192.0,53.0,12.0,.263,.328,.391,.719,.299,44.64,2100.0,126.0,151.0,2025
669199,Lake Bachar,134,Pittsburgh Pirates,,P,2026,,,,,,,,,,,,,,,,,,,,,,,,,,,,,,,,,,,,,,,,,,,,,,,,,2025
687637,Dylan Beavers,110,Baltimore Orioles,,RF,2026,201.0,177.0,43.0,12.0,0.0,2.0,20.0,0.0,48.0,2.0,1.0,1.0,61.0,18.0,1.0,.243,.325,.345,.670,.320,88.50,860.0,36.0,52.0,137.0,110.0,25.0,5.0,1.0,4.0,26.0,0.0,36.0,0.0,0.0,1.0,44.0,14.0,0.0,.227,.375,.400,.775,.300,27.50,615.0,14.0,36.0,2025
572955,Pierce Johnson,113,Cincinnati Reds,,P,2026,,,,,,,,,,,,,,,,,,,,,,,,,,,,,,,,,,,,,,,,,,,,,,,,,2025
548384,Brooks Raley,143,Philadelphia Phillies,,P,2026,,,,,,,,,,,,,,,,,,,,,,,,,,,,,,,,,,,,,,,,,,,,,,,,,2025
669221,Sean Murphy,144,Atlanta Braves,,C,2026,18.0,18.0,2.0,0.0,0.0,0.0,0.0,0.0,8.0,0.0,0.0,0.0,2.0,0.0,1.0,.111,.111,.111,.222,.200,-.--,56.0,5.0,3.0,337.0,291.0,58.0,13.0,0.0,16.0,35.0,1.0,105.0,8.0,3.0,0.0,119.0,45.0,9.0,.199,.300,.409,.709,.243,18.19,1357.0,75.0,56.0,2025
656941,Kyle Schwarber,143,Philadelphia Phillies,,DH,2026,483.0,402.0,97.0,12.0,1.0,33.0,72.0,3.0,168.0,6.0,3.0,0.0,210.0,63.0,1.0,.241,.362,.522,.884,.314,12.18,2068.0,52.0,88.0,724.0,604.0,145.0,23.0,2.0,56.0,108.0,6.0,197.0,11.0,1.0,0.0,340.0,132.0,4.0,.240,.365,.563,.928,.253,10.79,3059.0,114.0,149.0,2025
669236,Jeremiah Jackson,110,Baltimore Orioles,,2B,2026,230.0,218.0,53.0,10.0,0.0,7.0,6.0,0.0,44.0,2.0,3.0,1.0,84.0,39.0,10.0,.243,.266,.385,.651,.271,31.14,785.0,74.0,51.0,183.0,170.0,47.0,10.0,2.0,5.0,11.0,0.0,50.0,2.0,0.0,0.0,76.0,21.0,6.0,.276,.328,.447,.775,.365,34.00,706.0,39.0,34.0,2025
800311,Didier Fuentes,144,Atlanta Braves,,P,2026,0.0,0.0,0.0,0.0,0.0,0.0,0.0,0.0,0.0,0.0,0.0,0.0,0.0,0.0,0.0,.000,.000,.000,.000,.---,-.--,0.0,0.0,0.0,,,,,,,,,,,,,,,,,,,,,,,,,2025
693821,Bryce Elder,144,Atlanta Braves,,P,2026,,,,,,,,,,,,,,,,,,,,,,,,,,,,,,,,,,,,,,,,,,,,,,,,,2025
691769,Philip Abner,109,Arizona Diamondbacks,,P,2026,,,,,,,,,,,,,,,,,,,,,,,,,,,,,,,,,,,,,,,,,,,,,,,,,2025
665152,Dean Kremer,142,Minnesota Twins,,P,2026,,,,,,,,,,,,,,,,,,,,,,,,,,,,,,,,,,,,,,,,,,,,,,,,,2025
800325,Luis Lara,158,Milwaukee Brewers,,RF,2026,66.0,55.0,13.0,5.0,1.0,0.0,10.0,0.0,10.0,0.0,1.0,0.0,20.0,11.0,0.0,.236,.348,.364,.712,.283,-.--,322.0,18.0,15.0,,,,,,,,,,,,,,,,,,,,,,,,,2025
691777,Max Muncy,133,Athletics,,3B,2026,181.0,160.0,35.0,7.0,2.0,5.0,14.0,0.0,62.0,4.0,3.0,0.0,61.0,20.0,4.0,.219,.293,.381,.674,.313,32.00,726.0,31.0,35.0,220.0,206.0,44.0,7.0,0.0,9.0,10.0,0.0,68.0,3.0,1.0,0.0,78.0,23.0,1.0,.214,.259,.379,.638,.269,22.89,824.0,51.0,44.0,2025
691781,Brady House,120,Washington Nationals,,3B,2026,209.0,194.0,45.0,10.0,0.0,8.0,13.0,0.0,60.0,1.0,1.0,0.0,79.0,27.0,5.0,.232,.282,.407,.689,.291,24.25,778.0,55.0,35.0,274.0,261.0,61.0,11.0,0.0,4.0,8.0,0.0,78.0,0.0,5.0,0.0,84.0,29.0,11.0,.234,.252,.322,.574,.310,65.25,969.0,66.0,61.0,2025
702021,Will Dion,120,Washington Nationals,,P,2026,,,,,,,,,,,,,,,,,,,,,,,,,,,,,,,,,,,,,,,,,,,,,,,,,2025
681546,James Outman,116,Detroit Tigers,,CF,2026,167.0,155.0,26.0,4.0,2.0,5.0,10.0,0.0,70.0,2.0,0.0,0.0,49.0,17.0,0.0,.168,.228,.316,.544,.263,31.00,682.0,25.0,34.0,148.0,134.0,18.0,5.0,1.0,6.0,12.0,0.0,63.0,2.0,0.0,0.0,43.0,11.0,0.0,.134,.216,.321,.537,.185,22.33,605.0,24.0,29.0,2025
691788,Joe Mack,146,Miami Marlins,,C,2026,219.0,200.0,48.0,7.0,0.0,11.0,13.0,0.0,55.0,2.0,0.0,4.0,88.0,34.0,6.0,.240,.293,.440,.733,.276,18.18,860.0,59.0,42.0,,,,,,,,,,,,,,,,,,,,,,,,,2025
691799,Grant Taylor,145,Chicago White Sox,,P,2026,,,,,,,,,,,,,,,,,,,,,,,,,,,,,,,,,,,,,,,,,,,,,,,,,2025
673357,Luis Robert Jr.,121,New York Mets,,CF,2026,143.0,127.0,24.0,3.0,0.0,4.0,16.0,0.0,36.0,0.0,0.0,0.0,39.0,12.0,3.0,.189,.280,.307,.587,.230,31.75,557.0,33.0,34.0,431.0,382.0,85.0,12.0,0.0,14.0,40.0,3.0,112.0,2.0,3.0,1.0,139.0,53.0,8.0,.223,.297,.364,.661,.274,27.29,1524.0,83.0,106.0,2025
669276,Dylan Lee,144,Atlanta Braves,,P,2026,,,,,,,,,,,,,,,,,,,,,,,,,,,,,,,,,,,,,,,,,,,,,,,,,2025
673380,Dedniel Núñez,121,New York Mets,,P,2026,,,,,,,,,,,,,,,,,,,,,,,,,,,,,,,,,,,,,,,,,,,,,,,,,2025
679529,Spencer Torkelson,116,Detroit Tigers,,1B,2026,446.0,390.0,85.0,19.0,0.0,20.0,46.0,0.0,139.0,5.0,4.0,0.0,164.0,58.0,10.0,.218,.306,.421,.727,.277,19.50,1866.0,61.0,109.0,649.0,563.0,135.0,27.0,1.0,31.0,72.0,6.0,169.0,9.0,5.0,0.0,257.0,78.0,12.0,.240,.333,.456,.789,.283,18.16,2634.0,88.0,176.0,2025
650859,Luis Rengifo,135,San Diego Padres,,3B,2026,280.0,244.0,57.0,11.0,0.0,2.0,28.0,1.0,36.0,3.0,2.0,3.0,74.0,27.0,3.0,.234,.318,.303,.621,.264,122.00,1087.0,92.0,64.0,541.0,501.0,119.0,16.0,3.0,9.0,33.0,0.0,104.0,3.0,3.0,1.0,168.0,43.0,7.0,.238,.287,.335,.622,.281,55.67,2008.0,156.0,126.0,2025
702070,Noah Cameron,118,Kansas City Royals,,P,2026,,,,,,,,,,,,,,,,,,,,,,,,,,,,,,,,,,,,,,,,,,,,,,,,,2025
669302,Logan Gilbert,136,Seattle Mariners,,P,2026,,,,,,,,,,,,,,,,,,,,,,,,,,,,,,,,,,,,,,,,,,,,,,,,,2025
820862,José Fermin,108,Los Angeles Angels,,P,2026,,,,,,,,,,,,,,,,,,,,,,,,,,,,,,,,,,,,,,,,,,,,,,,,,2025
687749,Jase Bowen,135,San Diego Padres,,RF,2026,75.0,71.0,11.0,2.0,0.0,1.0,2.0,0.0,29.0,2.0,0.0,0.0,16.0,6.0,0.0,.155,.200,.225,.425,.244,71.00,252.0,13.0,18.0,,,,,,,,,,,,,,,,,,,,,,,,,2025
657041,Lane Thomas,144,Atlanta Braves,,CF,2026,333.0,289.0,66.0,16.0,0.0,10.0,40.0,0.0,79.0,2.0,2.0,0.0,112.0,37.0,4.0,.228,.324,.388,.712,.277,28.90,1370.0,58.0,88.0,142.0,125.0,20.0,2.0,0.0,4.0,14.0,0.0,44.0,1.0,2.0,0.0,34.0,11.0,4.0,.160,.246,.272,.518,.203,31.25,556.0,22.0,41.0,2025
650911,Cristopher Sánchez,143,Philadelphia Phillies,,P,2026,,,,,,,,,,,,,,,,,,,,,,,,,,,,,,,,,,,,,,,,,,,,,,,,,2025
667297,Tommy Nance,142,Minnesota Twins,,P,2026,,,,,,,,,,,,,,,,,,,,,,,,,,,,,,,,,,,,,,,,,,,,,,,,,2025
669358,Shane Baz,110,Baltimore Orioles,,P,2026,,,,,,,,,,,,,,,,,,,,,,,,,,,,,,,,,,,,,,,,,,,,,,,,,2025
669364,Xavier Edwards,146,Miami Marlins,,2B,2026,480.0,418.0,120.0,14.0,6.0,6.0,55.0,4.0,64.0,0.0,5.0,2.0,164.0,41.0,11.0,.287,.366,.392,.758,.323,69.67,1843.0,117.0,124.0,619.0,561.0,159.0,20.0,5.0,3.0,49.0,2.0,88.0,3.0,3.0,3.0,198.0,43.0,6.0,.283,.343,.353,.696,.330,187.00,2250.0,164.0,156.0,2025
675512,Troy Melton,116,Detroit Tigers,,P,2026,,,,,,,,,,,,,,,,,,,,,,,,,,,,,,,,,,,,,,,,,,,,,,,,,2025
622268,Donovan Walton,133,Athletics,,2B,2026,138.0,121.0,34.0,9.0,1.0,3.0,14.0,0.0,25.0,1.0,0.0,2.0,54.0,14.0,3.0,.281,.360,.446,.806,.333,40.33,527.0,30.0,34.0,9.0,8.0,1.0,0.0,0.0,0.0,0.0,0.0,1.0,0.0,0.0,1.0,1.0,1.0,0.0,.125,.125,.125,.250,.143,-.--,27.0,6.0,1.0,2025
669372,J.T. Ginn,133,Athletics,,P,2026,0.0,0.0,0.0,0.0,0.0,0.0,0.0,0.0,0.0,0.0,0.0,0.0,0.0,0.0,0.0,.000,.000,.000,.000,.---,-.--,0.0,0.0,0.0,,,,,,,,,,,,,,,,,,,,,,,,,2025
552640,Andrew Kittredge,110,Baltimore Orioles,,P,2026,,,,,,,,,,,,,,,,,,,,,,,,,0.0,0.0,0.0,0.0,0.0,0.0,0.0,0.0,0.0,0.0,0.0,0.0,0.0,0.0,0.0,.000,.000,.000,.000,.---,-.--,0.0,0.0,0.0,2025
573124,Taylor Rogers,142,Minnesota Twins,,P,2026,,,,,,,,,,,,,,,,,,,,,,,,,,,,,,,,,,,,,,,,,,,,,,,,,2025
657097,Jacob Webb,112,Chicago Cubs,,P,2026,0.0,0.0,0.0,0.0,0.0,0.0,0.0,0.0,0.0,0.0,0.0,0.0,0.0,0.0,0.0,.000,.000,.000,.000,.---,-.--,0.0,0.0,0.0,,,,,,,,,,,,,,,,,,,,,,,,,2025
669387,Carmen Mlodzinski,134,Pittsburgh Pirates,,P,2026,,,,,,,,,,,,,,,,,,,,,,,,,,,,,,,,,,,,,,,,,,,,,,,,,2025
650960,Daniel Duarte,121,New York Mets,,P,2026,,,,,,,,,,,,,,,,,,,,,,,,,,,,,,,,,,,,,,,,,,,,,,,,,2025
673490,Ha-Seong Kim,144,Atlanta Braves,,SS,2026,82.0,73.0,5.0,0.0,0.0,0.0,9.0,0.0,22.0,0.0,0.0,0.0,5.0,3.0,1.0,.068,.171,.068,.239,.098,-.--,349.0,20.0,26.0,191.0,171.0,40.0,4.0,0.0,5.0,16.0,0.0,39.0,2.0,2.0,0.0,59.0,17.0,2.0,.234,.304,.345,.649,.271,34.20,790.0,37.0,57.0,2025
677587,Brayan Rocchio,114,Cleveland Guardians,,SS,2026,436.0,389.0,100.0,17.0,2.0,9.0,31.0,0.0,63.0,9.0,3.0,4.0,148.0,50.0,7.0,.257,.324,.380,.704,.284,43.22,1675.0,107.0,126.0,383.0,344.0,80.0,18.0,2.0,5.0,22.0,0.0,77.0,8.0,5.0,4.0,117.0,44.0,4.0,.233,.290,.340,.630,.281,68.80,1411.0,100.0,96.0,2025
675540,Xzavion Curry,121,New York Mets,,P,2026,,,,,,,,,,,,,,,,,,,,,,,,,,,,,,,,,,,,,,,,,,,,,,,,,2025
677588,José Tena,120,Washington Nationals,,DH,2026,223.0,203.0,48.0,11.0,2.0,5.0,18.0,0.0,65.0,2.0,0.0,0.0,78.0,20.0,6.0,.236,.305,.384,.689,.323,40.60,897.0,54.0,36.0,169.0,152.0,37.0,13.0,2.0,0.0,15.0,0.0,37.0,1.0,1.0,0.0,54.0,16.0,4.0,.243,.314,.355,.669,.319,-.--,678.0,54.0,25.0,2025
683734,Andrew Vaughn,158,Milwaukee Brewers,,1B,2026,223.0,190.0,57.0,15.0,2.0,5.0,27.0,1.0,30.0,4.0,2.0,0.0,91.0,32.0,5.0,.300,.395,.479,.874,.331,38.00,887.0,50.0,55.0,447.0,406.0,103.0,22.0,0.0,14.0,31.0,0.0,80.0,3.0,6.0,1.0,167.0,65.0,12.0,.254,.307,.411,.718,.280,29.00,1722.0,110.0,120.0,2025
669398,Gage Workman,135,San Diego Padres,,3B,2026,41.0,41.0,7.0,4.0,0.0,2.0,0.0,0.0,17.0,0.0,0.0,0.0,17.0,8.0,1.0,.171,.171,.415,.586,.227,20.50,150.0,9.0,8.0,17.0,16.0,3.0,1.0,0.0,0.0,1.0,0.0,7.0,0.0,0.0,0.0,4.0,2.0,0.0,.188,.235,.250,.485,.333,-.--,52.0,4.0,2.0,2025
683737,Michael Busch,112,Chicago Cubs,,1B,2026,513.0,432.0,105.0,19.0,2.0,14.0,67.0,1.0,115.0,10.0,4.0,0.0,170.0,63.0,9.0,.243,.355,.394,.749,.296,30.86,2040.0,100.0,116.0,592.0,524.0,137.0,25.0,5.0,34.0,56.0,2.0,139.0,10.0,2.0,0.0,274.0,90.0,2.0,.261,.343,.523,.866,.292,15.41,2324.0,111.0,139.0,2025
650968,Yohel Pozo,110,Baltimore Orioles,,C,2026,40.0,39.0,9.0,1.0,0.0,0.0,0.0,0.0,6.0,0.0,1.0,0.0,10.0,6.0,5.0,.231,.225,.256,.481,.265,-.--,129.0,15.0,10.0,168.0,160.0,37.0,8.0,0.0,5.0,7.0,0.0,22.0,0.0,1.0,0.0,60.0,19.0,4.0,.231,.262,.375,.637,.239,32.00,591.0,45.0,57.0,2025
677594,Julio Rodríguez,136,Seattle Mariners,,CF,2026,450.0,407.0,105.0,16.0,0.0,17.0,35.0,2.0,90.0,5.0,3.0,0.0,172.0,50.0,8.0,.258,.322,.423,.745,.290,23.94,1689.0,90.0,125.0,710.0,652.0,174.0,31.0,4.0,32.0,44.0,5.0,152.0,12.0,2.0,0.0,309.0,95.0,15.0,.267,.324,.474,.798,.302,20.38,2496.0,174.0,154.0,2025
628452,Raisel Iglesias,144,Atlanta Braves,,P,2026,0.0,0.0,0.0,0.0,0.0,0.0,0.0,0.0,0.0,0.0,0.0,0.0,0.0,0.0,0.0,.000,.000,.000,.000,.---,-.--,0.0,0.0,0.0,,,,,,,,,,,,,,,,,,,,,,,,,2025
702176,Alan Roden,142,Minnesota Twins,,RF,2026,50.0,42.0,9.0,0.0,0.0,0.0,6.0,0.0,7.0,0.0,2.0,0.0,9.0,8.0,1.0,.214,.300,.214,.514,.243,-.--,185.0,13.0,15.0,153.0,136.0,26.0,6.0,1.0,2.0,8.0,0.0,37.0,6.0,3.0,0.0,40.0,9.0,0.0,.191,.261,.294,.555,.240,68.00,551.0,49.0,27.0,2025
673513,Yuki Matsui,135,San Diego Padres,,P,2026,,,,,,,,,,,,,,,,,,,,,,,,,,,,,,,,,,,,,,,,,,,,,,,,,2025
702193,Andrew Morris,142,Minnesota Twins,,P,2026,,,,,,,,,,,,,,,,,,,,,,,,,,,,,,,,,,,,,,,,,,,,,,,,,2025
657136,Connor Wong,111,Boston Red Sox,,C,2026,173.0,148.0,36.0,9.0,0.0,2.0,16.0,0.0,41.0,4.0,1.0,4.0,51.0,17.0,6.0,.243,.331,.345,.676,.321,74.00,669.0,42.0,34.0,188.0,168.0,32.0,8.0,0.0,0.0,16.0,0.0,42.0,1.0,2.0,1.0,40.0,7.0,7.0,.190,.262,.238,.500,.250,-.--,745.0,53.0,44.0,2025
681715,Heriberto Hernández,146,Miami Marlins,,LF,2026,300.0,270.0,63.0,12.0,1.0,16.0,28.0,1.0,78.0,1.0,1.0,0.0,125.0,43.0,2.0,.233,.307,.463,.770,.266,16.88,1152.0,60.0,70.0,294.0,256.0,68.0,12.0,1.0,10.0,31.0,0.0,77.0,3.0,4.0,0.0,112.0,45.0,6.0,.266,.347,.438,.785,.335,25.60,1138.0,52.0,63.0,2025
683769,Hunter Gaddis,114,Cleveland Guardians,,P,2026,,,,,,,,,,,,,,,,,,,,,,,,,,,,,,,,,,,,,,,,,,,,,,,,,2025
669432,Trevor Rogers,110,Baltimore Orioles,,P,2026,,,,,,,,,,,,,,,,,,,,,,,,,2.0,2.0,0.0,0.0,0.0,0.0,0.0,0.0,2.0,0.0,0.0,0.0,0.0,0.0,0.0,.000,.000,.000,.000,.---,-.--,6.0,0.0,0.0,2025
673540,Kodai Senga,121,New York Mets,,P,2026,,,,,,,,,,,,,,,,,,,,,,,,,,,,,,,,,,,,,,,,,,,,,,,,,2025
702222,Justin Crawford,143,Philadelphia Phillies,,CF,2026,333.0,308.0,81.0,13.0,3.0,2.0,18.0,0.0,64.0,3.0,2.0,2.0,106.0,28.0,2.0,.263,.308,.344,.652,.324,154.00,1227.0,100.0,67.0,,,,,,,,,,,,,,,,,,,,,,,,,2025
673548,Seiya Suzuki,112,Chicago Cubs,,RF,2026,429.0,370.0,101.0,20.0,0.0,19.0,52.0,3.0,110.0,4.0,3.0,0.0,178.0,64.0,9.0,.273,.366,.481,.847,.336,19.47,1840.0,66.0,96.0,651.0,571.0,140.0,31.0,3.0,32.0,71.0,1.0,164.0,1.0,8.0,0.0,273.0,103.0,13.0,.245,.326,.478,.804,.282,17.84,2727.0,98.0,177.0,2025
669456,Shane Bieber,141,Toronto Blue Jays,,P,2026,,,,,,,,,,,,,,,,,,,,,,,,,,,,,,,,,,,,,,,,,,,,,,,,,2025
573204,Caleb Thielbar,112,Chicago Cubs,,P,2026,0.0,0.0,0.0,0.0,0.0,0.0,0.0,0.0,0.0,0.0,0.0,0.0,0.0,0.0,0.0,.000,.000,.000,.000,.---,-.--,0.0,0.0,0.0,,,,,,,,,,,,,,,,,,,,,,,,,2025
681751,Lazaro Estrada,141,Toronto Blue Jays,,P,2026,,,,,,,,,,,,,,,,,,,,,,,,,,,,,,,,,,,,,,,,,,,,,,,,,2025
624413,Pete Alonso,110,Baltimore Orioles,,1B,2026,494.0,427.0,106.0,21.0,0.0,23.0,56.0,3.0,123.0,7.0,4.0,0.0,196.0,71.0,12.0,.248,.342,.459,.801,.291,18.56,2030.0,95.0,107.0,709.0,624.0,170.0,41.0,1.0,38.0,61.0,5.0,162.0,15.0,9.0,0.0,327.0,126.0,23.0,.272,.347,.524,.871,.305,16.42,2807.0,135.0,166.0,2025
663330,Jahmai Jones,111,Boston Red Sox,,DH,2026,121.0,109.0,18.0,4.0,0.0,4.0,12.0,0.0,41.0,0.0,0.0,0.0,34.0,12.0,3.0,.165,.248,.312,.560,.219,27.25,453.0,23.0,27.0,150.0,129.0,37.0,11.0,1.0,7.0,18.0,1.0,32.0,3.0,0.0,0.0,71.0,23.0,3.0,.287,.387,.550,.937,.333,18.43,595.0,21.0,39.0,2025
624424,Michael Conforto,112,Chicago Cubs,,DH,2026,194.0,169.0,39.0,11.0,0.0,9.0,23.0,1.0,57.0,1.0,1.0,0.0,77.0,24.0,3.0,.231,.325,.456,.781,.288,18.78,777.0,31.0,43.0,486.0,418.0,83.0,20.0,0.0,12.0,56.0,0.0,121.0,9.0,3.0,0.0,139.0,36.0,12.0,.199,.305,.333,.638,.247,34.83,2049.0,103.0,114.0,2025
624428,Adam Frazier,108,Los Angeles Angels,,2B,2026,97.0,85.0,17.0,5.0,1.0,1.0,9.0,0.0,29.0,1.0,0.0,2.0,27.0,6.0,1.0,.200,.284,.318,.602,.291,85.00,383.0,24.0,17.0,459.0,419.0,112.0,20.0,0.0,7.0,26.0,2.0,81.0,8.0,5.0,1.0,153.0,44.0,8.0,.267,.319,.365,.684,.313,59.86,1841.0,104.0,128.0,2025
804668,Rafael Flores Jr.,134,Pittsburgh Pirates,,C,2026,25.0,20.0,4.0,1.0,0.0,1.0,5.0,0.0,4.0,0.0,0.0,0.0,8.0,2.0,0.0,.200,.360,.400,.760,.200,20.00,107.0,5.0,7.0,17.0,15.0,3.0,2.0,0.0,0.0,2.0,0.0,7.0,0.0,0.0,0.0,5.0,0.0,0.0,.200,.294,.333,.627,.375,-.--,74.0,4.0,1.0,2025
624431,Jose Trevino,113,Cincinnati Reds,,C,2026,90.0,87.0,22.0,3.0,0.0,4.0,1.0,0.0,17.0,0.0,0.0,2.0,37.0,12.0,1.0,.253,.261,.425,.686,.273,21.75,298.0,29.0,21.0,302.0,282.0,67.0,20.0,0.0,4.0,15.0,0.0,39.0,0.0,4.0,1.0,99.0,22.0,9.0,.238,.272,.351,.623,.259,70.50,1063.0,95.0,86.0,2025
702273,Noah Schultz,145,Chicago White Sox,,P,2026,,,,,,,,,,,,,,,,,,,,,,,,,,,,,,,,,,,,,,,,,,,,,,,,,2025
667463,John King,146,Miami Marlins,,P,2026,,,,,,,,,,,,,,,,,,,,,,,,,,,,,,,,,,,,,,,,,,,,,,,,,2025
608070,José Ramírez,114,Cleveland Guardians,,3B,2026,360.0,309.0,72.0,18.0,0.0,10.0,46.0,7.0,46.0,1.0,3.0,0.0,120.0,35.0,2.0,.233,.331,.388,.719,.242,30.90,1470.0,70.0,124.0,673.0,593.0,168.0,34.0,3.0,30.0,66.0,22.0,74.0,8.0,5.0,0.0,298.0,85.0,9.0,.283,.360,.503,.863,.279,19.77,2666.0,135.0,222.0,2025
702284,Cole Young,136,Seattle Mariners,,2B,2026,461.0,419.0,111.0,15.0,3.0,14.0,30.0,0.0,76.0,8.0,3.0,1.0,174.0,51.0,5.0,.265,.324,.415,.739,.292,29.93,1749.0,102.0,134.0,257.0,223.0,47.0,7.0,1.0,4.0,28.0,1.0,47.0,2.0,2.0,2.0,68.0,24.0,4.0,.211,.302,.305,.607,.247,55.75,1034.0,52.0,81.0,2025
675660,Shane Drohan,158,Milwaukee Brewers,,P,2026,,,,,,,,,,,,,,,,,,,,,,,,,,,,,,,,,,,,,,,,,,,,,,,,,2025
573262,Mike Yastrzemski,144,Atlanta Braves,,LF,2026,291.0,257.0,59.0,13.0,1.0,8.0,28.0,0.0,71.0,4.0,2.0,0.0,98.0,32.0,2.0,.230,.313,.381,.694,.283,32.12,1230.0,54.0,75.0,558.0,477.0,111.0,28.0,1.0,17.0,72.0,4.0,108.0,2.0,5.0,2.0,192.0,46.0,7.0,.233,.333,.403,.736,.263,28.06,2305.0,95.0,170.0,2025
687952,Christian Encarnacion-Strand,110,Baltimore Orioles,,3B,2026,50.0,45.0,12.0,3.0,0.0,3.0,4.0,1.0,10.0,0.0,0.0,1.0,24.0,11.0,1.0,.267,.327,.533,.860,.281,15.00,176.0,10.0,14.0,137.0,130.0,27.0,4.0,0.0,6.0,3.0,0.0,32.0,2.0,2.0,0.0,49.0,19.0,1.0,.208,.234,.377,.611,.223,21.67,469.0,32.0,41.0,2025
667472,Dane Myers,113,Cincinnati Reds,,CF,2026,195.0,168.0,45.0,8.0,0.0,3.0,23.0,0.0,51.0,3.0,1.0,0.0,62.0,16.0,4.0,.268,.364,.369,.733,.365,56.00,798.0,28.0,45.0,333.0,307.0,72.0,10.0,0.0,6.0,23.0,0.0,77.0,2.0,1.0,0.0,100.0,31.0,12.0,.235,.291,.326,.617,.293,51.17,1241.0,78.0,81.0,2025
696149,Bubba Chandler,134,Pittsburgh Pirates,,P,2026,,,,,,,,,,,,,,,,,,,,,,,,,,,,,,,,,,,,,,,,,,,,,,,,,2025
700249,Cade Povich,110,Baltimore Orioles,,P,2026,,,,,,,,,,,,,,,,,,,,,,,,,,,,,,,,,,,,,,,,,,,,,,,,,2025
702332,Caleb Durbin,111,Boston Red Sox,,3B,2026,396.0,352.0,87.0,20.0,1.0,11.0,28.0,0.0,52.0,9.0,2.0,5.0,142.0,50.0,6.0,.247,.317,.403,.720,.261,32.00,1439.0,118.0,102.0,506.0,445.0,114.0,25.0,0.0,11.0,30.0,0.0,50.0,24.0,4.0,3.0,172.0,53.0,10.0,.256,.334,.387,.721,.265,40.46,1838.0,134.0,154.0,2025
700270,Yilber Díaz,116,Detroit Tigers,,P,2026,,,,,,,,,,,,,,,,,,,,,,,,,,,,,,,,,,,,,,,,,,,,,,,,,2025
663423,Trent Thornton,112,Chicago Cubs,,P,2026,,,,,,,,,,,,,,,,,,,,,,,,,0.0,0.0,0.0,0.0,0.0,0.0,0.0,0.0,0.0,0.0,0.0,0.0,0.0,0.0,0.0,.000,.000,.000,.000,.---,-.--,0.0,0.0,0.0,2025
661388,William Contreras,158,Milwaukee Brewers,,C,2026,454.0,407.0,110.0,17.0,1.0,11.0,39.0,4.0,65.0,3.0,5.0,0.0,162.0,58.0,12.0,.270,.335,.398,.733,.295,37.00,1596.0,109.0,128.0,659.0,566.0,147.0,28.0,0.0,17.0,84.0,4.0,120.0,3.0,6.0,0.0,226.0,76.0,14.0,.260,.355,.399,.754,.299,33.29,2556.0,172.0,133.0,2025
640902,Jhonny Pereda,136,Seattle Mariners,,C,2026,68.0,63.0,17.0,0.0,0.0,2.0,4.0,0.0,11.0,1.0,0.0,0.0,23.0,4.0,0.0,.270,.324,.365,.689,.300,31.50,289.0,13.0,22.0,78.0,69.0,17.0,6.0,0.0,0.0,8.0,0.0,21.0,0.0,0.0,1.0,23.0,4.0,1.0,.246,.325,.333,.658,.354,-.--,333.0,18.0,14.0,2025
663436,Davis Martin,145,Chicago White Sox,,P,2026,,,,,,,,,,,,,,,,,,,,,,,,,,,,,,,,,,,,,,,,,,,,,,,,,2025
681870,Erik Sabrowski,114,Cleveland Guardians,,P,2026,,,,,,,,,,,,,,,,,,,,,,,,,,,,,,,,,,,,,,,,,,,,,,,,,2025
665487,Fernando Tatis Jr.,135,San Diego Padres,,RF,2026,499.0,443.0,124.0,23.0,2.0,9.0,45.0,4.0,98.0,5.0,5.0,1.0,178.0,50.0,10.0,.280,.349,.402,.751,.337,49.22,1786.0,126.0,101.0,691.0,594.0,159.0,27.0,2.0,25.0,89.0,7.0,129.0,6.0,2.0,0.0,265.0,71.0,6.0,.268,.368,.446,.814,.303,23.76,2636.0,160.0,148.0,2025
665489,Vladimir Guerrero Jr.,141,Toronto Blue Jays,,1B,2026,456.0,401.0,104.0,18.0,0.0,6.0,46.0,5.0,62.0,4.0,5.0,0.0,140.0,44.0,15.0,.259,.338,.349,.687,.290,66.83,1624.0,127.0,113.0,680.0,589.0,172.0,34.0,0.0,23.0,81.0,8.0,94.0,6.0,4.0,0.0,275.0,84.0,17.0,.292,.381,.467,.848,.313,25.61,2502.0,179.0,148.0,2025
620443,Luis Torrens,121,New York Mets,,C,2026,207.0,188.0,43.0,12.0,0.0,3.0,13.0,0.0,41.0,4.0,0.0,2.0,64.0,24.0,1.0,.229,.293,.340,.633,.278,62.67,800.0,63.0,43.0,283.0,261.0,59.0,14.0,1.0,5.0,19.0,0.0,56.0,2.0,0.0,1.0,90.0,29.0,7.0,.226,.284,.345,.629,.270,52.20,1069.0,89.0,58.0,2025
661395,Jhoan Duran,143,Philadelphia Phillies,,P,2026,0.0,0.0,0.0,0.0,0.0,0.0,0.0,0.0,0.0,0.0,0.0,0.0,0.0,0.0,0.0,.000,.000,.000,.000,.---,-.--,0.0,0.0,0.0,0.0,0.0,0.0,0.0,0.0,0.0,0.0,0.0,0.0,0.0,0.0,0.0,0.0,0.0,0.0,.000,.000,.000,.000,.---,-.--,0.0,0.0,0.0,2025
622491,Luis Castillo,145,Chicago White Sox,,P,2026,,,,,,,,,,,,,,,,,,,,,,,,,,,,,,,,,,,,,,,,,,,,,,,,,2025
665506,Cristian Pache,121,New York Mets,,OF,2026,0.0,0.0,0.0,0.0,0.0,0.0,0.0,0.0,0.0,0.0,0.0,0.0,0.0,0.0,0.0,.000,.000,.000,.000,.---,-.--,0.0,0.0,0.0,,,,,,,,,,,,,,,,,,,,,,,,,2025
663457,Lars Nootbaar,109,Arizona Diamondbacks,,LF,2026,192.0,164.0,38.0,8.0,1.0,3.0,27.0,1.0,40.0,0.0,1.0,0.0,57.0,17.0,4.0,.232,.339,.348,.687,.287,54.67,798.0,49.0,38.0,583.0,509.0,119.0,24.0,1.0,13.0,64.0,3.0,119.0,6.0,3.0,1.0,184.0,48.0,4.0,.234,.325,.361,.686,.279,39.15,2359.0,109.0,166.0,2025
681892,Kody Funderburk,142,Minnesota Twins,,P,2026,,,,,,,,,,,,,,,,,,,,,,,,,0.0,0.0,0.0,0.0,0.0,0.0,0.0,0.0,0.0,0.0,0.0,0.0,0.0,0.0,0.0,.000,.000,.000,.000,.---,-.--,0.0,0.0,0.0,2025
681895,Evan Sisk,134,Pittsburgh Pirates,,P,2026,,,,,,,,,,,,,,,,,,,,,,,,,,,,,,,,,,,,,,,,,,,,,,,,,2025
679845,Nick Loftin,118,Kansas City Royals,,3B,2026,270.0,232.0,58.0,18.0,1.0,5.0,26.0,0.0,37.0,5.0,4.0,3.0,93.0,35.0,6.0,.250,.333,.401,.734,.273,46.40,983.0,68.0,76.0,188.0,168.0,35.0,9.0,2.0,4.0,14.0,0.0,27.0,3.0,2.0,1.0,60.0,20.0,7.0,.208,.278,.357,.635,.223,42.00,676.0,48.0,61.0,2025
595879,Javier Báez,116,Detroit Tigers,,SS,2026,105.0,100.0,28.0,6.0,0.0,2.0,3.0,0.0,20.0,1.0,1.0,0.0,40.0,11.0,3.0,.280,.305,.400,.705,.329,50.00,348.0,28.0,25.0,437.0,417.0,107.0,17.0,3.0,12.0,10.0,0.0,109.0,6.0,3.0,0.0,166.0,57.0,8.0,.257,.282,.398,.680,.318,34.75,1543.0,99.0,105.0,2025
677800,Wilyer Abreu,111,Boston Red Sox,,RF,2026,482.0,426.0,108.0,22.0,3.0,20.0,47.0,2.0,100.0,2.0,5.0,1.0,196.0,57.0,8.0,.254,.327,.460,.787,.283,21.30,1907.0,76.0,148.0,417.0,373.0,92.0,17.0,0.0,22.0,40.0,5.0,101.0,0.0,3.0,1.0,175.0,69.0,8.0,.247,.317,.469,.786,.277,16.96,1600.0,63.0,121.0,2025
694192,Jackson Chourio,158,Milwaukee Brewers,,LF,2026,363.0,333.0,92.0,20.0,0.0,14.0,27.0,2.0,88.0,2.0,1.0,0.0,154.0,44.0,5.0,.276,.333,.462,.795,.336,23.79,1420.0,74.0,80.0,589.0,549.0,148.0,35.0,4.0,21.0,30.0,1.0,121.0,3.0,6.0,1.0,254.0,78.0,13.0,.270,.308,.463,.771,.308,26.14,2108.0,129.0,158.0,2025
683953,Travis Bazzana,114,Cleveland Guardians,,2B,2026,360.0,311.0,76.0,15.0,2.0,9.0,42.0,1.0,82.0,4.0,3.0,0.0,122.0,36.0,2.0,.244,.339,.392,.731,.300,34.56,1463.0,71.0,85.0,,,,,,,,,,,,,,,,,,,,,,,,,2025
669620,Brady Basso,133,Athletics,,P,2026,,,,,,,,,,,,,,,,,,,,,,,,,,,,,,,,,,,,,,,,,,,,,,,,,2025
694197,Angel Genao,114,Cleveland Guardians,,3B,2026,5.0,5.0,4.0,0.0,0.0,0.0,0.0,0.0,0.0,0.0,0.0,0.0,4.0,1.0,0.0,.800,.800,.800,1.600,.800,-.--,12.0,0.0,1.0,,,,,,,,,,,,,,,,,,,,,,,,,2025
694203,Denzer Guzman,108,Los Angeles Angels,,3B,2026,159.0,147.0,34.0,4.0,0.0,5.0,10.0,0.0,40.0,1.0,0.0,0.0,53.0,16.0,2.0,.231,.285,.361,.646,.284,29.40,585.0,35.0,38.0,43.0,42.0,8.0,1.0,0.0,2.0,1.0,0.0,22.0,0.0,0.0,0.0,15.0,3.0,0.0,.190,.209,.357,.566,.333,21.00,176.0,4.0,8.0,2025
696270,Ryan Johnson,108,Los Angeles Angels,,P,2026,,,,,,,,,,,,,,,,,,,,,,,,,,,,,,,,,,,,,,,,,,,,,,,,,2025
694208,Moisés Ballesteros,108,Los Angeles Angels,,C,2026,182.0,163.0,37.0,6.0,0.0,6.0,17.0,0.0,38.0,0.0,2.0,0.0,61.0,23.0,1.0,.227,.297,.374,.671,.256,27.17,684.0,44.0,46.0,66.0,57.0,17.0,2.0,1.0,2.0,9.0,1.0,12.0,0.0,0.0,0.0,27.0,11.0,2.0,.298,.394,.474,.868,.349,28.50,249.0,21.0,7.0,2025
593871,Jorge Polanco,121,New York Mets,,DH,2026,120.0,111.0,16.0,5.0,0.0,2.0,8.0,0.0,30.0,0.0,0.0,1.0,27.0,5.0,1.0,.144,.202,.243,.445,.177,55.50,479.0,29.0,37.0,524.0,471.0,125.0,30.0,0.0,26.0,42.0,1.0,82.0,3.0,5.0,3.0,233.0,78.0,7.0,.265,.326,.495,.821,.269,18.12,2023.0,114.0,158.0,2025
622554,Seranthony Domínguez,136,Seattle Mariners,,P,2026,,,,,,,,,,,,,,,,,,,,,,,,,0.0,0.0,0.0,0.0,0.0,0.0,0.0,0.0,0.0,0.0,0.0,0.0,0.0,0.0,0.0,.000,.000,.000,.000,.---,-.--,0.0,0.0,0.0,2025
655316,Andruw Monasterio,111,Boston Red Sox,,SS,2026,228.0,207.0,55.0,19.0,1.0,6.0,16.0,0.0,49.0,2.0,2.0,1.0,94.0,26.0,2.0,.266,.322,.454,.776,.318,34.50,977.0,37.0,69.0,135.0,126.0,34.0,9.0,0.0,4.0,7.0,0.0,32.0,2.0,0.0,0.0,55.0,16.0,1.0,.270,.319,.437,.756,.333,31.50,558.0,19.0,41.0,2025
696285,Jacob Young,120,Washington Nationals,,CF,2026,342.0,308.0,73.0,15.0,2.0,9.0,25.0,0.0,60.0,5.0,1.0,3.0,119.0,38.0,5.0,.237,.304,.386,.690,.267,34.22,1275.0,84.0,95.0,364.0,324.0,75.0,10.0,1.0,2.0,27.0,0.0,65.0,3.0,1.0,9.0,93.0,31.0,7.0,.231,.296,.287,.583,.283,162.00,1367.0,115.0,79.0,2025
489446,Kirby Yates,134,Pittsburgh Pirates,,P,2026,,,,,,,,,,,,,,,,,,,,,,,,,,,,,,,,,,,,,,,,,,,,,,,,,2025
684007,Shota Imanaga,112,Chicago Cubs,,P,2026,,,,,,,,,,,,,,,,,,,,,,,,,,,,,,,,,,,,,,,,,,,,,,,,,2025
815083,Mitch Farris,108,Los Angeles Angels,,P,2026,,,,,,,,,,,,,,,,,,,,,,,,,,,,,,,,,,,,,,,,,,,,,,,,,2025
688107,Robert Gasser,158,Milwaukee Brewers,,P,2026,,,,,,,,,,,,,,,,,,,,,,,,,,,,,,,,,,,,,,,,,,,,,,,,,2025
677870,Leo Jiménez,146,Miami Marlins,,3B,2026,145.0,126.0,26.0,4.0,0.0,2.0,12.0,0.0,27.0,6.0,1.0,0.0,36.0,11.0,5.0,.206,.303,.286,.589,.245,63.00,597.0,45.0,29.0,32.0,29.0,2.0,0.0,0.0,1.0,2.0,0.0,8.0,0.0,0.0,1.0,5.0,1.0,1.0,.069,.129,.172,.301,.050,29.00,143.0,10.0,10.0,2025
663538,Nico Hoerner,112,Chicago Cubs,,2B,2026,498.0,450.0,118.0,24.0,1.0,7.0,38.0,0.0,44.0,5.0,5.0,0.0,165.0,54.0,8.0,.262,.323,.367,.690,.275,64.29,1756.0,131.0,162.0,649.0,599.0,178.0,29.0,4.0,7.0,39.0,1.0,49.0,7.0,4.0,0.0,236.0,61.0,4.0,.297,.345,.394,.739,.313,85.57,2305.0,179.0,197.0,2025
669684,Chris Murphy,145,Chicago White Sox,,P,2026,,,,,,,,,,,,,,,,,,,,,,,,,,,,,,,,,,,,,,,,,,,,,,,,,2025
671732,Lawrence Butler,133,Athletics,,RF,2026,336.0,293.0,61.0,13.0,1.0,7.0,40.0,1.0,89.0,1.0,1.0,1.0,97.0,30.0,3.0,.208,.304,.331,.635,.273,41.86,1383.0,88.0,57.0,630.0,569.0,133.0,30.0,2.0,21.0,59.0,0.0,179.0,0.0,0.0,2.0,230.0,63.0,7.0,.234,.306,.404,.710,.304,27.10,2517.0,137.0,122.0,2025
663542,Bryan Hudson,145,Chicago White Sox,,P,2026,,,,,,,,,,,,,,,,,,,,,,,,,,,,,,,,,,,,,,,,,,,,,,,,,2025
671737,Taj Bradley,142,Minnesota Twins,,P,2026,,,,,,,,,,,,,,,,,,,,,,,,,,,,,,,,,,,,,,,,,,,,,,,,,2025
671739,Michael Harris II,144,Atlanta Braves,,CF,2026,433.0,411.0,119.0,23.0,0.0,20.0,17.0,0.0,83.0,2.0,3.0,0.0,202.0,64.0,3.0,.290,.319,.491,.810,.318,20.55,1555.0,109.0,103.0,641.0,611.0,152.0,26.0,6.0,20.0,16.0,1.0,128.0,3.0,7.0,4.0,250.0,86.0,7.0,.249,.268,.409,.677,.281,30.55,2177.0,193.0,149.0,2025
808959,Munetaka Murakami,145,Chicago White Sox,,1B,2026,339.0,278.0,67.0,10.0,0.0,24.0,59.0,6.0,113.0,1.0,1.0,0.0,149.0,51.0,2.0,.241,.375,.536,.911,.303,11.58,1478.0,47.0,52.0,,,,,,,,,,,,,,,,,,,,,,,,,2025
660821,Jesús Sánchez,141,Toronto Blue Jays,,RF,2026,,,,,,,,,,,,,,,,,,,,,,,,,497.0,451.0,107.0,21.0,4.0,14.0,42.0,1.0,110.0,2.0,2.0,0.0,178.0,48.0,10.0,.237,.304,.395,.699,.283,32.21,1936.0,121.0,115.0,2025
