batter_id,batter_name,team_id,team_name,batSide,primaryPosition,season,plateAppearances,atBats,hits,doubles,triples,homeRuns,baseOnBalls,intentionalWalks,strikeOuts,hitByPitch,sacFlies,sacBunts,totalBases,rbi,groundIntoDoublePlay,avg,obp,slg,ops,babip,atBatsPerHomeRun,numberOfPitches,groundOuts,airOuts,plateAppearances_prev,atBats_prev,hits_prev,doubles_prev,triples_prev,homeRuns_prev,baseOnBalls_prev,intentionalWalks_prev,strikeOuts_prev,hitByPitch_prev,sacFlies_prev,sacBunts_prev,totalBases_prev,rbi_prev,groundIntoDoublePlay_prev,avg_prev,obp_prev,slg_prev,ops_prev,babip_prev,atBatsPerHomeRun_prev,numberOfPitches_prev,groundOuts_prev,airOuts_prev,season_prev
663556,Shane McClanahan,139,Tampa Bay Rays,,P,2026,,,,,,,,,,,,,,,,,,,,,,,,,,,,,,,,,,,,,,,,,,,,,,,,,2025
667652,Jack Ralston,146,Miami Marlins,,P,2026,,,,,,,,,,,,,,,,,,,,,,,,,,,,,,,,,,,,,,,,,,,,,,,,,2025
663554,Casey Mize,135,San Diego Padres,,P,2026,,,,,,,,,,,,,,,,,,,,,,,,,,,,,,,,,,,,,,,,,,,,,,,,,2025
624641,Edmundo Sosa,143,Philadelphia Phillies,,LF,2026,220.0,202.0,48.0,8.0,2.0,7.0,7.0,0.0,45.0,5.0,3.0,1.0,81.0,40.0,5.0,.238,.276,.401,.677,.268,28.86,814.0,61.0,52.0,261.0,243.0,67.0,12.0,1.0,11.0,10.0,0.0,56.0,2.0,2.0,3.0,114.0,39.0,7.0,.276,.307,.469,.776,.315,22.09,942.0,67.0,58.0,2025
808967,Yoshinobu Yamamoto,119,Los Angeles Dodgers,,P,2026,,,,,,,,,,,,,,,,,,,,,,,,,,,,,,,,,,,,,,,,,,,,,,,,,2025
663558,Jovani Morán,111,Boston Red Sox,,P,2026,,,,,,,,,,,,,,,,,,,,,,,,,,,,,,,,,,,,,,,,,,,,,,,,,2025
675848,Juan Mejia,115,Colorado Rockies,,P,2026,,,,,,,,,,,,,,,,,,,,,,,,,0.0,0.0,0.0,0.0,0.0,0.0,0.0,0.0,0.0,0.0,0.0,0.0,0.0,0.0,0.0,.000,.000,.000,.000,.---,-.--,0.0,0.0,0.0,2025
669701,Josh Smith,141,Toronto Blue Jays,,2B,2026,194.0,168.0,37.0,3.0,1.0,4.0,22.0,1.0,42.0,1.0,1.0,2.0,54.0,12.0,3.0,.220,.313,.321,.634,.268,42.00,746.0,40.0,52.0,563.0,495.0,124.0,23.0,2.0,10.0,55.0,2.0,100.0,8.0,1.0,3.0,181.0,35.0,3.0,.251,.335,.366,.701,.295,49.50,2287.0,139.0,136.0,2025
595978,Austin Hedges,114,Cleveland Guardians,,C,2026,212.0,186.0,48.0,7.0,0.0,5.0,19.0,0.0,38.0,1.0,2.0,4.0,70.0,23.0,5.0,.258,.327,.376,.703,.297,37.20,807.0,59.0,47.0,180.0,155.0,25.0,3.0,0.0,5.0,18.0,0.0,43.0,1.0,2.0,4.0,43.0,10.0,2.0,.161,.250,.277,.527,.183,31.00,696.0,35.0,58.0,2025
669707,Jared Triolo,134,Pittsburgh Pirates,,SS,2026,334.0,297.0,72.0,12.0,0.0,3.0,27.0,0.0,66.0,5.0,1.0,2.0,93.0,29.0,8.0,.242,.315,.313,.628,.301,99.00,1246.0,92.0,70.0,376.0,331.0,75.0,18.0,2.0,7.0,39.0,1.0,76.0,2.0,1.0,3.0,118.0,24.0,4.0,.227,.311,.356,.667,.273,47.29,1454.0,81.0,103.0,2025
669711,Greg Weissert,111,Boston Red Sox,,P,2026,,,,,,,,,,,,,,,,,,,,,,,,,,,,,,,,,,,,,,,,,,,,,,,,,2025
622608,Antonio Senzatela,158,Milwaukee Brewers,,P,2026,0.0,0.0,0.0,0.0,0.0,0.0,0.0,0.0,0.0,0.0,0.0,0.0,0.0,0.0,0.0,.000,.000,.000,.000,.---,-.--,0.0,0.0,0.0,,,,,,,,,,,,,,,,,,,,,,,,,2025
669713,Hayden Wesneski,117,Houston Astros,,P,2026,,,,,,,,,,,,,,,,,,,,,,,,,,,,,,,,,,,,,,,,,,,,,,,,,2025
663574,Tony Santillan,113,Cincinnati Reds,,P,2026,,,,,,,,,,,,,,,,,,,,,,,,,,,,,,,,,,,,,,,,,,,,,,,,,2025
663567,Peter Lambert,117,Houston Astros,,P,2026,,,,,,,,,,,,,,,,,,,,,,,,,,,,,,,,,,,,,,,,,,,,,,,,,2025
808982,Jung Hoo Lee,137,San Francisco Giants,,RF,2026,524.0,487.0,138.0,28.0,4.0,9.0,26.0,0.0,52.0,7.0,4.0,0.0,201.0,51.0,6.0,.283,.326,.413,.739,.300,54.11,1910.0,154.0,147.0,617.0,560.0,149.0,31.0,12.0,8.0,47.0,0.0,71.0,6.0,4.0,0.0,228.0,55.0,2.0,.266,.327,.407,.734,.291,70.00,2351.0,182.0,162.0,2025
665622,Luis Medina,133,Athletics,,P,2026,,,,,,,,,,,,,,,,,,,,,,,,,,,,,,,,,,,,,,,,,,,,,,,,,2025
694297,Brandon Pfaadt,109,Arizona Diamondbacks,,P,2026,,,,,,,,,,,,,,,,,,,,,,,,,,,,,,,,,,,,,,,,,,,,,,,,,2025
669720,Austin Hays,135,San Diego Padres,,LF,2026,78.0,75.0,17.0,2.0,0.0,2.0,3.0,1.0,23.0,0.0,0.0,0.0,25.0,10.0,3.0,.227,.256,.333,.589,.300,37.50,302.0,24.0,11.0,416.0,380.0,101.0,16.0,5.0,15.0,29.0,2.0,107.0,1.0,6.0,0.0,172.0,64.0,9.0,.266,.315,.453,.768,.326,25.33,1559.0,86.0,92.0,2025
661531,Brian Serven,133,Athletics,,C,2026,63.0,60.0,14.0,1.0,0.0,5.0,2.0,0.0,16.0,1.0,0.0,0.0,30.0,14.0,2.0,.233,.270,.500,.770,.231,12.00,236.0,18.0,12.0,,,,,,,,,,,,,,,,,,,,,,,,,2025
596001,Jakob Junis,140,Texas Rangers,,P,2026,,,,,,,,,,,,,,,,,,,,,,,,,,,,,,,,,,,,,,,,,,,,,,,,,2025
688158,David Morgan,135,San Diego Padres,,P,2026,,,,,,,,,,,,,,,,,,,,,,,,,,,,,,,,,,,,,,,,,,,,,,,,,2025
593958,Eduardo Rodriguez,109,Arizona Diamondbacks,,P,2026,,,,,,,,,,,,,,,,,,,,,,,,,,,,,,,,,,,,,,,,,,,,,,,,,2025
663586,Austin Riley,144,Atlanta Braves,,3B,2026,550.0,494.0,110.0,21.0,1.0,15.0,42.0,1.0,173.0,10.0,4.0,0.0,178.0,63.0,11.0,.223,.295,.360,.655,.306,32.93,2212.0,82.0,133.0,447.0,416.0,108.0,20.0,1.0,16.0,27.0,1.0,128.0,3.0,1.0,0.0,178.0,54.0,9.0,.260,.309,.428,.737,.337,26.00,1791.0,69.0,112.0,2025
806956,Ethan Salas,135,San Diego Padres,,C,2026,4.0,4.0,0.0,0.0,0.0,0.0,0.0,0.0,2.0,0.0,0.0,0.0,0.0,0.0,0.0,.000,.000,.000,.000,.000,-.--,14.0,1.0,1.0,,,,,,,,,,,,,,,,,,,,,,,,,2025
669743,Alex Call,119,Los Angeles Dodgers,,LF,2026,166.0,139.0,35.0,7.0,0.0,1.0,20.0,0.0,30.0,5.0,2.0,0.0,45.0,18.0,2.0,.252,.361,.324,.685,.309,139.00,724.0,36.0,40.0,322.0,270.0,72.0,13.0,2.0,5.0,36.0,0.0,55.0,6.0,4.0,6.0,104.0,31.0,6.0,.267,.361,.385,.746,.313,54.00,1314.0,80.0,73.0,2025
677942,Blaze Alexander,110,Baltimore Orioles,,3B,2026,269.0,243.0,75.0,12.0,2.0,4.0,17.0,1.0,58.0,4.0,1.0,2.0,103.0,30.0,5.0,.309,.362,.424,.786,.390,60.75,1019.0,64.0,49.0,266.0,230.0,53.0,12.0,1.0,7.0,22.0,0.0,86.0,10.0,1.0,3.0,88.0,28.0,5.0,.230,.323,.383,.706,.333,32.86,1042.0,54.0,41.0,2025
596019,Francisco Lindor,121,New York Mets,,SS,2026,361.0,321.0,74.0,9.0,4.0,15.0,37.0,0.0,69.0,3.0,0.0,0.0,136.0,36.0,3.0,.231,.316,.424,.740,.249,21.40,1545.0,73.0,105.0,732.0,644.0,172.0,35.0,0.0,31.0,65.0,2.0,131.0,16.0,7.0,0.0,300.0,86.0,9.0,.267,.346,.466,.812,.288,20.77,2940.0,149.0,199.0,2025
571448,Nolan Arenado,109,Arizona Diamondbacks,,3B,2026,511.0,457.0,107.0,21.0,1.0,21.0,43.0,2.0,104.0,7.0,3.0,0.0,193.0,65.0,11.0,.234,.308,.422,.730,.257,21.76,2058.0,107.0,142.0,436.0,401.0,95.0,18.0,1.0,12.0,28.0,4.0,49.0,3.0,4.0,0.0,151.0,52.0,10.0,.237,.289,.377,.666,.241,33.42,1586.0,101.0,160.0,2025
677943,Will Banfield,113,Cincinnati Reds,,C,2026,4.0,4.0,0.0,0.0,0.0,0.0,0.0,0.0,1.0,0.0,0.0,0.0,0.0,0.0,0.0,.000,.000,.000,.000,.000,-.--,14.0,1.0,2.0,10.0,10.0,1.0,0.0,0.0,0.0,0.0,0.0,6.0,0.0,0.0,0.0,1.0,0.0,1.0,.100,.100,.100,.200,.250,-.--,44.0,2.0,1.0,2025
593974,Wandy Peralta,135,San Diego Padres,,P,2026,0.0,0.0,0.0,0.0,0.0,0.0,0.0,0.0,0.0,0.0,0.0,0.0,0.0,0.0,0.0,.000,.000,.000,.000,.---,-.--,0.0,0.0,0.0,,,,,,,,,,,,,,,,,,,,,,,,,2025
661563,Luis Gil,147,New York Yankees,,P,2026,,,,,,,,,,,,,,,,,,,,,,,,,,,,,,,,,,,,,,,,,,,,,,,,,2025
677951,Bobby Witt Jr.,118,Kansas City Royals,,SS,2026,540.0,477.0,135.0,28.0,1.0,16.0,57.0,8.0,92.0,2.0,4.0,0.0,213.0,50.0,7.0,.283,.359,.447,.806,.319,29.81,1999.0,91.0,163.0,687.0,623.0,184.0,47.0,6.0,23.0,49.0,8.0,125.0,8.0,7.0,0.0,312.0,88.0,7.0,.295,.351,.501,.852,.334,27.09,2511.0,124.0,197.0,2025
665660,Elvis Alvarado,133,Athletics,,P,2026,,,,,,,,,,,,,,,,,,,,,,,,,0.0,0.0,0.0,0.0,0.0,0.0,0.0,0.0,0.0,0.0,0.0,0.0,0.0,0.0,0.0,.000,.000,.000,.000,.---,-.--,0.0,0.0,0.0,2025
677952,Braxton Ashcraft,134,Pittsburgh Pirates,,P,2026,,,,,,,,,,,,,,,,,,,,,,,,,,,,,,,,,,,,,,,,,,,,,,,,,2025
665665,Reiver Sanmartin,137,San Francisco Giants,,P,2026,,,,,,,,,,,,,,,,,,,,,,,,,,,,,,,,,,,,,,,,,,,,,,,,,2025
663616,Trevor Larnach,142,Minnesota Twins,,LF,2026,411.0,363.0,97.0,22.0,1.0,11.0,43.0,1.0,72.0,4.0,0.0,1.0,154.0,46.0,10.0,.267,.351,.424,.775,.307,33.00,1608.0,83.0,112.0,567.0,503.0,126.0,24.0,1.0,17.0,53.0,2.0,122.0,4.0,6.0,0.0,203.0,60.0,19.0,.250,.323,.404,.727,.295,29.59,2191.0,124.0,137.0,2025
677955,Jaden Hill,115,Colorado Rockies,,P,2026,0.0,0.0,0.0,0.0,0.0,0.0,0.0,0.0,0.0,0.0,0.0,0.0,0.0,0.0,0.0,.000,.000,.000,.000,.---,-.--,0.0,0.0,0.0,,,,,,,,,,,,,,,,,,,,,,,,,2025
682052,Jacob Lopez,133,Athletics,,P,2026,,,,,,,,,,,,,,,,,,,,,,,,,,,,,,,,,,,,,,,,,,,,,,,,,2025
608324,Alex Bregman,112,Chicago Cubs,,3B,2026,631.0,550.0,143.0,28.0,1.0,24.0,66.0,2.0,97.0,9.0,6.0,0.0,245.0,81.0,17.0,.260,.345,.445,.790,.274,22.92,2505.0,130.0,186.0,495.0,433.0,118.0,28.0,0.0,18.0,51.0,3.0,70.0,9.0,2.0,0.0,200.0,62.0,12.0,.273,.360,.462,.822,.288,24.06,1947.0,101.0,146.0,2025
677958,Kumar Rocker,140,Texas Rangers,,P,2026,,,,,,,,,,,,,,,,,,,,,,,,,,,,,,,,,,,,,,,,,,,,,,,,,2025
663623,Jake Irvin,120,Washington Nationals,,P,2026,,,,,,,,,,,,,,,,,,,,,,,,,,,,,,,,,,,,,,,,,,,,,,,,,2025
608331,Max Fried,147,New York Yankees,,P,2026,,,,,,,,,,,,,,,,,,,,,,,,,,,,,,,,,,,,,,,,,,,,,,,,,2025
694357,Ricky Tiedemann,141,Toronto Blue Jays,,P,2026,,,,,,,,,,,,,,,,,,,,,,,,,,,,,,,,,,,,,,,,,,,,,,,,,2025
622694,Elieser Hernández,144,Atlanta Braves,,P,2026,,,,,,,,,,,,,,,,,,,,,,,,,,,,,,,,,,,,,,,,,,,,,,,,,2025
677976,Randy Dobnak,118,Kansas City Royals,,P,2026,,,,,,,,,,,,,,,,,,,,,,,,,,,,,,,,,,,,,,,,,,,,,,,,,2025
608348,Carson Kelly,112,Chicago Cubs,,C,2026,372.0,331.0,87.0,13.0,0.0,10.0,38.0,0.0,60.0,3.0,0.0,0.0,130.0,52.0,9.0,.263,.344,.393,.737,.295,33.10,1448.0,86.0,98.0,421.0,369.0,92.0,13.0,1.0,17.0,45.0,0.0,80.0,3.0,4.0,0.0,158.0,50.0,11.0,.249,.333,.428,.761,.272,21.71,1667.0,88.0,113.0,2025
694374,Tim Tawa,109,Arizona Diamondbacks,,1B,2026,276.0,246.0,59.0,11.0,0.0,9.0,21.0,0.0,67.0,0.0,3.0,6.0,97.0,35.0,6.0,.240,.296,.394,.690,.289,27.33,1109.0,67.0,62.0,225.0,199.0,40.0,8.0,0.0,7.0,20.0,0.0,64.0,1.0,3.0,2.0,69.0,18.0,6.0,.201,.274,.347,.621,.252,28.43,876.0,54.0,46.0,2025
694378,Jacob Gonzalez,134,Pittsburgh Pirates,,SS,2026,200.0,184.0,41.0,9.0,0.0,6.0,10.0,0.0,39.0,4.0,1.0,1.0,68.0,30.0,5.0,.223,.276,.370,.646,.250,30.67,794.0,52.0,54.0,,,,,,,,,,,,,,,,,,,,,,,,,2025
694376,Shay Whitcomb,137,San Francisco Giants,,3B,2026,62.0,57.0,7.0,2.0,0.0,3.0,3.0,0.0,22.0,0.0,0.0,2.0,18.0,8.0,0.0,.123,.167,.316,.483,.125,19.00,224.0,12.0,18.0,32.0,32.0,4.0,0.0,0.0,1.0,0.0,0.0,10.0,0.0,0.0,0.0,7.0,1.0,0.0,.125,.125,.219,.344,.143,32.00,138.0,10.0,8.0,2025
694377,Nick Yorke,134,Pittsburgh Pirates,,3B,2026,115.0,103.0,22.0,4.0,0.0,1.0,8.0,0.0,26.0,2.0,1.0,1.0,29.0,12.0,3.0,.214,.281,.282,.563,.273,103.00,451.0,35.0,22.0,72.0,69.0,16.0,3.0,0.0,1.0,3.0,0.0,15.0,0.0,0.0,0.0,22.0,8.0,1.0,.232,.264,.319,.583,.283,69.00,284.0,21.0,17.0,2025
667755,José Soriano,141,Toronto Blue Jays,,P,2026,,,,,,,,,,,,,,,,,,,,,,,,,,,,,,,,,,,,,,,,,,,,,,,,,2025
690279,Mason Adams,115,Colorado Rockies,,P,2026,,,,,,,,,,,,,,,,,,,,,,,,,,,,,,,,,,,,,,,,,,,,,,,,,2025
657514,Brennan Bernardino,115,Colorado Rockies,,P,2026,,,,,,,,,,,,,,,,,,,,,,,,,0.0,0.0,0.0,0.0,0.0,0.0,0.0,0.0,0.0,0.0,0.0,0.0,0.0,0.0,0.0,.000,.000,.000,.000,.---,-.--,0.0,0.0,0.0,2025
663656,Kyle Tucker,119,Los Angeles Dodgers,,RF,2026,542.0,466.0,105.0,20.0,3.0,11.0,68.0,1.0,96.0,3.0,5.0,0.0,164.0,58.0,5.0,.225,.325,.352,.677,.258,42.36,2159.0,113.0,157.0,597.0,500.0,133.0,25.0,4.0,22.0,87.0,7.0,88.0,4.0,3.0,1.0,232.0,73.0,8.0,.266,.377,.464,.841,.282,22.73,2306.0,114.0,169.0,2025
608369,Corey Seager,140,Texas Rangers,,SS,2026,344.0,296.0,66.0,14.0,0.0,14.0,42.0,4.0,81.0,3.0,3.0,0.0,122.0,37.0,12.0,.223,.323,.412,.735,.255,21.14,1267.0,73.0,79.0,445.0,380.0,103.0,19.0,0.0,21.0,58.0,10.0,87.0,5.0,2.0,0.0,185.0,50.0,13.0,.271,.373,.487,.860,.299,18.10,1668.0,100.0,92.0,2025
571510,Matthew Boyd,112,Chicago Cubs,,P,2026,,,,,,,,,,,,,,,,,,,,,,,,,,,,,,,,,,,,,,,,,,,,,,,,,2025
675961,Alika Williams,133,Athletics,,SS,2026,179.0,166.0,45.0,15.0,1.0,3.0,7.0,0.0,43.0,2.0,1.0,3.0,71.0,15.0,4.0,.271,.307,.428,.735,.347,55.33,654.0,42.0,40.0,,,,,,,,,,,,,,,,,,,,,,,,,2025
608372,Tomoyuki Sugano,115,Colorado Rockies,,P,2026,,,,,,,,,,,,,,,,,,,,,,,,,,,,,,,,,,,,,,,,,,,,,,,,,2025
608379,Michael Wacha,118,Kansas City Royals,,P,2026,,,,,,,,,,,,,,,,,,,,,,,,,,,,,,,,,,,,,,,,,,,,,,,,,2025
663687,Hogan Harris,133,Athletics,,P,2026,,,,,,,,,,,,,,,,,,,,,,,,,,,,,,,,,,,,,,,,,,,,,,,,,2025
678020,Seth Halvorsen,119,Los Angeles Dodgers,,P,2026,,,,,,,,,,,,,,,,,,,,,,,,,0.0,0.0,0.0,0.0,0.0,0.0,0.0,0.0,0.0,0.0,0.0,0.0,0.0,0.0,0.0,.000,.000,.000,.000,.---,-.--,0.0,0.0,0.0,2025
678022,Jack Perkins,133,Athletics,,P,2026,0.0,0.0,0.0,0.0,0.0,0.0,0.0,0.0,0.0,0.0,0.0,0.0,0.0,0.0,0.0,.000,.000,.000,.000,.---,-.--,0.0,0.0,0.0,,,,,,,,,,,,,,,,,,,,,,,,,2025
682120,Tim Herrin,114,Cleveland Guardians,,P,2026,,,,,,,,,,,,,,,,,,,,,,,,,0.0,0.0,0.0,0.0,0.0,0.0,0.0,0.0,0.0,0.0,0.0,0.0,0.0,0.0,0.0,.000,.000,.000,.000,.---,-.--,0.0,0.0,0.0,2025
645261,Sandy Alcantara,146,Miami Marlins,,P,2026,,,,,,,,,,,,,,,,,,,,,,,,,,,,,,,,,,,,,,,,,,,,,,,,,2025
686217,Sal Frelick,158,Milwaukee Brewers,,RF,2026,338.0,298.0,71.0,16.0,0.0,4.0,28.0,1.0,36.0,2.0,3.0,1.0,99.0,37.0,4.0,.238,.305,.332,.637,.257,74.50,1290.0,105.0,90.0,594.0,528.0,152.0,20.0,3.0,12.0,47.0,0.0,80.0,7.0,5.0,3.0,214.0,63.0,4.0,.288,.351,.405,.756,.317,44.00,2311.0,153.0,151.0,2025
647304,Josh Naylor,136,Seattle Mariners,,1B,2026,562.0,513.0,136.0,19.0,0.0,10.0,41.0,3.0,73.0,5.0,2.0,0.0,185.0,48.0,16.0,.265,.324,.361,.685,.292,51.30,1872.0,162.0,144.0,604.0,543.0,160.0,29.0,1.0,20.0,48.0,4.0,83.0,4.0,5.0,0.0,251.0,92.0,17.0,.295,.353,.462,.815,.315,27.15,2013.0,158.0,147.0,2025
665742,Juan Soto,121,New York Mets,,LF,2026,377.0,310.0,87.0,8.0,2.0,23.0,64.0,9.0,51.0,0.0,2.0,0.0,168.0,55.0,4.0,.281,.402,.542,.944,.269,13.48,1505.0,77.0,97.0,715.0,577.0,152.0,20.0,1.0,43.0,127.0,13.0,137.0,3.0,6.0,1.0,303.0,105.0,17.0,.263,.396,.525,.921,.270,13.42,2968.0,156.0,139.0,2025
596115,Trevor Story,111,Boston Red Sox,,SS,2026,192.0,181.0,41.0,11.0,0.0,3.0,8.0,0.0,61.0,1.0,2.0,0.0,61.0,23.0,6.0,.227,.260,.337,.597,.319,60.33,708.0,41.0,40.0,654.0,612.0,161.0,29.0,0.0,25.0,33.0,1.0,176.0,7.0,1.0,1.0,265.0,96.0,3.0,.263,.308,.433,.741,.330,24.48,2472.0,129.0,148.0,2025
596117,Garrett Stubbs,143,Philadelphia Phillies,,C,2026,56.0,51.0,8.0,0.0,0.0,0.0,2.0,0.0,11.0,2.0,1.0,0.0,8.0,3.0,0.0,.157,.214,.157,.371,.195,-.--,209.0,17.0,16.0,1.0,1.0,0.0,0.0,0.0,0.0,0.0,0.0,0.0,0.0,0.0,0.0,0.0,0.0,0.0,.000,.000,.000,.000,.000,-.--,4.0,1.0,0.0,2025
643217,Andrew Benintendi,145,Chicago White Sox,,DH,2026,420.0,379.0,92.0,21.0,2.0,14.0,34.0,1.0,98.0,1.0,5.0,1.0,159.0,70.0,6.0,.243,.303,.420,.723,.287,27.07,1570.0,85.0,110.0,470.0,420.0,101.0,16.0,2.0,20.0,40.0,2.0,82.0,3.0,6.0,0.0,181.0,63.0,5.0,.240,.307,.431,.738,.250,21.00,1721.0,88.0,155.0,2025
665750,Leody Taveras,110,Baltimore Orioles,,CF,2026,439.0,388.0,85.0,15.0,6.0,8.0,40.0,0.0,111.0,1.0,1.0,9.0,136.0,52.0,8.0,.219,.293,.351,.644,.285,48.50,1732.0,90.0,112.0,180.0,171.0,35.0,6.0,1.0,3.0,5.0,0.0,50.0,0.0,1.0,3.0,52.0,17.0,0.0,.205,.226,.304,.530,.269,57.00,693.0,33.0,57.0,2025
669854,Ronel Blanco,117,Houston Astros,,P,2026,,,,,,,,,,,,,,,,,,,,,,,,,,,,,,,,,,,,,,,,,,,,,,,,,2025
645277,Ozzie Albies,144,Atlanta Braves,,2B,2026,597.0,535.0,136.0,23.0,0.0,21.0,42.0,1.0,86.0,7.0,13.0,0.0,222.0,68.0,4.0,.254,.310,.415,.725,.261,25.48,2206.0,121.0,205.0,667.0,603.0,145.0,23.0,2.0,16.0,55.0,2.0,94.0,4.0,5.0,0.0,220.0,74.0,9.0,.240,.306,.365,.671,.259,37.69,2402.0,146.0,223.0,2025
702616,Jackson Holliday,110,Baltimore Orioles,,2B,2026,316.0,277.0,66.0,11.0,1.0,7.0,34.0,2.0,74.0,0.0,4.0,1.0,100.0,28.0,6.0,.238,.317,.361,.678,.295,39.57,1203.0,66.0,76.0,649.0,586.0,142.0,21.0,3.0,17.0,56.0,1.0,140.0,6.0,1.0,0.0,220.0,55.0,4.0,.242,.314,.375,.689,.291,34.47,2450.0,167.0,138.0,2025
596133,Luke Weaver,134,Pittsburgh Pirates,,P,2026,0.0,0.0,0.0,0.0,0.0,0.0,0.0,0.0,0.0,0.0,0.0,0.0,0.0,0.0,0.0,.000,.000,.000,.000,.---,-.--,0.0,0.0,0.0,,,,,,,,,,,,,,,,,,,,,,,,,2025
688297,Chris Roycroft,133,Athletics,,P,2026,,,,,,,,,,,,,,,,,,,,,,,,,,,,,,,,,,,,,,,,,,,,,,,,,2025
678061,Ray Kerr,144,Atlanta Braves,,P,2026,,,,,,,,,,,,,,,,,,,,,,,,,,,,,,,,,,,,,,,,,,,,,,,,,2025
622761,Jorge Mateo,139,Tampa Bay Rays,,SS,2026,175.0,163.0,36.0,7.0,0.0,5.0,11.0,0.0,49.0,0.0,1.0,0.0,58.0,16.0,2.0,.221,.269,.356,.625,.282,32.60,680.0,32.0,47.0,83.0,79.0,14.0,4.0,0.0,1.0,4.0,0.0,30.0,0.0,0.0,0.0,21.0,3.0,1.0,.177,.217,.266,.483,.271,79.00,336.0,17.0,18.0,2025
596142,Gary Sánchez,158,Milwaukee Brewers,,C,2026,245.0,200.0,41.0,9.0,1.0,11.0,41.0,0.0,51.0,3.0,1.0,0.0,85.0,35.0,8.0,.205,.347,.425,.772,.216,18.18,1032.0,51.0,58.0,101.0,91.0,21.0,2.0,0.0,5.0,4.0,0.0,27.0,5.0,1.0,0.0,38.0,24.0,2.0,.231,.297,.418,.715,.267,18.20,415.0,21.0,23.0,2025
671922,Cade Smith,114,Cleveland Guardians,,P,2026,0.0,0.0,0.0,0.0,0.0,0.0,0.0,0.0,0.0,0.0,0.0,0.0,0.0,0.0,0.0,.000,.000,.000,.000,.---,-.--,0.0,0.0,0.0,,,,,,,,,,,,,,,,,,,,,,,,,2025
596146,Max Kepler,109,Arizona Diamondbacks,,LF,2026,139.0,126.0,27.0,7.0,0.0,2.0,11.0,1.0,30.0,0.0,2.0,0.0,40.0,15.0,3.0,.214,.273,.317,.590,.260,63.00,512.0,22.0,49.0,474.0,417.0,90.0,19.0,0.0,18.0,48.0,3.0,93.0,4.0,4.0,1.0,163.0,52.0,10.0,.216,.300,.391,.691,.232,23.17,1826.0,95.0,144.0,2025
663728,Cal Raleigh,136,Seattle Mariners,,C,2026,442.0,377.0,65.0,10.0,0.0,20.0,59.0,0.0,139.0,3.0,3.0,0.0,135.0,56.0,5.0,.172,.287,.358,.645,.204,18.85,1910.0,55.0,121.0,705.0,596.0,147.0,24.0,0.0,60.0,97.0,17.0,188.0,9.0,3.0,0.0,351.0,125.0,6.0,.247,.359,.589,.948,.248,9.93,2833.0,79.0,185.0,2025
645305,Ali Sánchez,147,New York Yankees,,C,2026,73.0,68.0,16.0,2.0,0.0,1.0,1.0,0.0,22.0,2.0,1.0,1.0,21.0,7.0,2.0,.235,.264,.309,.573,.326,68.00,267.0,16.0,16.0,23.0,23.0,5.0,2.0,0.0,0.0,0.0,0.0,6.0,0.0,0.0,0.0,7.0,0.0,1.0,.217,.217,.304,.521,.294,-.--,80.0,6.0,6.0,2025
671936,Adam Macko,140,Texas Rangers,,P,2026,,,,,,,,,,,,,,,,,,,,,,,,,,,,,,,,,,,,,,,,,,,,,,,,,2025
663743,Nick Fortes,139,Tampa Bay Rays,,C,2026,290.0,268.0,71.0,15.0,0.0,4.0,9.0,0.0,37.0,8.0,1.0,4.0,98.0,30.0,6.0,.265,.308,.366,.674,.294,67.00,986.0,87.0,78.0,242.0,218.0,50.0,9.0,1.0,5.0,14.0,0.0,47.0,7.0,1.0,2.0,76.0,21.0,7.0,.229,.296,.349,.645,.269,43.60,915.0,59.0,65.0,2025
663738,Daniel Lynch IV,118,Kansas City Royals,,P,2026,,,,,,,,,,,,,,,,,,,,,,,,,0.0,0.0,0.0,0.0,0.0,0.0,0.0,0.0,0.0,0.0,0.0,0.0,0.0,0.0,0.0,.000,.000,.000,.000,.---,-.--,0.0,0.0,0.0,2025
682177,Daniel Schneemann,114,Cleveland Guardians,,CF,2026,278.0,254.0,52.0,11.0,0.0,6.0,24.0,0.0,82.0,0.0,0.0,0.0,81.0,28.0,5.0,.205,.273,.319,.592,.277,42.33,1112.0,60.0,60.0,422.0,379.0,78.0,18.0,1.0,12.0,38.0,1.0,117.0,3.0,1.0,1.0,134.0,41.0,4.0,.206,.283,.354,.637,.263,31.58,1668.0,96.0,90.0,2025
803011,Sam Antonacci,145,Chicago White Sox,,LF,2026,481.0,412.0,109.0,20.0,3.0,8.0,40.0,0.0,76.0,25.0,1.0,3.0,159.0,41.0,2.0,.265,.364,.386,.750,.307,51.50,1915.0,139.0,92.0,,,,,,,,,,,,,,,,,,,,,,,,,2025
696519,Samy Natera Jr.,108,Los Angeles Angels,,P,2026,,,,,,,,,,,,,,,,,,,,,,,,,,,,,,,,,,,,,,,,,,,,,,,,,2025
665804,Miguel Amaya,112,Chicago Cubs,,C,2026,226.0,192.0,44.0,9.0,0.0,5.0,23.0,0.0,60.0,9.0,0.0,1.0,68.0,23.0,8.0,.229,.339,.354,.693,.307,38.40,924.0,33.0,56.0,103.0,96.0,27.0,9.0,0.0,4.0,4.0,0.0,22.0,1.0,1.0,1.0,48.0,25.0,0.0,.281,.314,.500,.814,.324,24.00,385.0,22.0,27.0,2025
694477,Chad Patrick,158,Milwaukee Brewers,,P,2026,0.0,0.0,0.0,0.0,0.0,0.0,0.0,0.0,0.0,0.0,0.0,0.0,0.0,0.0,0.0,.000,.000,.000,.000,.---,-.--,0.0,0.0,0.0,,,,,,,,,,,,,,,,,,,,,,,,,2025
657612,Tim Hill,147,New York Yankees,,P,2026,,,,,,,,,,,,,,,,,,,,,,,,,,,,,,,,,,,,,,,,,,,,,,,,,2025
805074,Yunior Marte,137,San Francisco Giants,,P,2026,,,,,,,,,,,,,,,,,,,,,,,,,,,,,,,,,,,,,,,,,,,,,,,,,2025
663757,Trent Grisham,147,New York Yankees,,CF,2026,483.0,418.0,88.0,19.0,2.0,18.0,60.0,0.0,89.0,0.0,4.0,0.0,165.0,59.0,8.0,.211,.307,.395,.702,.222,23.22,1960.0,106.0,139.0,581.0,494.0,116.0,9.0,1.0,34.0,82.0,0.0,137.0,4.0,1.0,0.0,229.0,74.0,7.0,.235,.348,.464,.812,.253,14.53,2393.0,107.0,135.0,2025
674003,Cody Bradford,140,Texas Rangers,,P,2026,,,,,,,,,,,,,,,,,,,,,,,,,,,,,,,,,,,,,,,,,,,,,,,,,2025
663767,Chase Shugart,143,Philadelphia Phillies,,P,2026,0.0,0.0,0.0,0.0,0.0,0.0,0.0,0.0,0.0,0.0,0.0,0.0,0.0,0.0,0.0,.000,.000,.000,.000,.---,-.--,0.0,0.0,0.0,,,,,,,,,,,,,,,,,,,,,,,,,2025
663776,Patrick Sandoval,111,Boston Red Sox,,P,2026,,,,,,,,,,,,,,,,,,,,,,,,,,,,,,,,,,,,,,,,,,,,,,,,,2025
643289,Mauricio Dubón,144,Atlanta Braves,,LF,2026,532.0,493.0,131.0,24.0,2.0,10.0,31.0,0.0,64.0,2.0,2.0,1.0,189.0,64.0,7.0,.266,.311,.383,.694,.287,49.30,1950.0,131.0,170.0,398.0,369.0,89.0,21.0,0.0,7.0,24.0,0.0,42.0,1.0,1.0,3.0,131.0,33.0,12.0,.241,.289,.355,.644,.255,52.71,1346.0,110.0,132.0,2025
694497,Evan Carter,140,Texas Rangers,,CF,2026,396.0,340.0,66.0,13.0,3.0,8.0,43.0,0.0,95.0,4.0,1.0,8.0,109.0,34.0,1.0,.194,.291,.321,.612,.244,42.50,1622.0,77.0,111.0,220.0,194.0,48.0,9.0,2.0,5.0,19.0,1.0,41.0,7.0,0.0,0.0,76.0,25.0,2.0,.247,.336,.392,.728,.291,38.80,822.0,49.0,56.0,2025
669923,George Kirby,136,Seattle Mariners,,P,2026,,,,,,,,,,,,,,,,,,,,,,,,,,,,,,,,,,,,,,,,,,,,,,,,,2025
665833,Oneil Cruz,134,Pittsburgh Pirates,,CF,2026,343.0,300.0,81.0,11.0,1.0,17.0,40.0,3.0,118.0,3.0,0.0,0.0,145.0,58.0,3.0,.270,.362,.483,.845,.388,17.65,1412.0,62.0,39.0,544.0,471.0,94.0,18.0,3.0,20.0,64.0,4.0,174.0,4.0,5.0,0.0,178.0,61.0,6.0,.200,.298,.378,.676,.262,23.55,2235.0,111.0,97.0,2025
671976,Tristan Peters,145,Chicago White Sox,,CF,2026,423.0,378.0,105.0,27.0,4.0,12.0,33.0,0.0,76.0,6.0,2.0,4.0,176.0,52.0,0.0,.278,.344,.466,.810,.318,31.50,1515.0,90.0,113.0,12.0,12.0,0.0,0.0,0.0,0.0,0.0,0.0,7.0,0.0,0.0,0.0,0.0,0.0,0.0,.000,.000,.000,.000,.000,-.--,46.0,1.0,4.0,2025
688363,Graham Pauley,146,Miami Marlins,,3B,2026,123.0,116.0,23.0,9.0,1.0,2.0,5.0,0.0,28.0,0.0,1.0,1.0,40.0,18.0,4.0,.198,.230,.345,.575,.241,58.00,494.0,28.0,39.0,184.0,161.0,36.0,9.0,1.0,4.0,21.0,0.0,36.0,0.0,1.0,1.0,59.0,11.0,1.0,.224,.311,.366,.677,.262,40.25,681.0,38.0,53.0,2025
700652,Kenny Piper,139,Tampa Bay Rays,,C,2026,10.0,9.0,2.0,0.0,0.0,1.0,1.0,0.0,3.0,0.0,0.0,0.0,5.0,2.0,0.0,.222,.300,.556,.856,.200,9.00,44.0,1.0,3.0,,,,,,,,,,,,,,,,,,,,,,,,,2025
663795,Justin Hagenman,121,New York Mets,,P,2026,,,,,,,,,,,,,,,,,,,,,,,,,,,,,,,,,,,,,,,,,,,,,,,,,2025
682227,Brandon Williamson,113,Cincinnati Reds,,P,2026,,,,,,,,,,,,,,,,,,,,,,,,,,,,,,,,,,,,,,,,,,,,,,,,,2025
676083,Janson Junk,146,Miami Marlins,,P,2026,,,,,,,,,,,,,,,,,,,,,,,,,,,,,,,,,,,,,,,,,,,,,,,,,2025
700669,Gordon Graceffo,138,St. Louis Cardinals,,P,2026,,,,,,,,,,,,,,,,,,,,,,,,,,,,,,,,,,,,,,,,,,,,,,,,,2025
823550,Sung-Mun Song,135,San Diego Padres,,2B,2026,143.0,121.0,23.0,4.0,0.0,1.0,18.0,1.0,26.0,0.0,1.0,3.0,30.0,16.0,3.0,.190,.293,.248,.541,.232,121.00,578.0,30.0,46.0,,,,,,,,,,,,,,,,,,,,,,,,,2025
606466,Ketel Marte,109,Arizona Diamondbacks,,2B,2026,527.0,475.0,119.0,23.0,3.0,21.0,42.0,3.0,78.0,6.0,4.0,0.0,211.0,67.0,4.0,.251,.317,.444,.761,.258,22.62,1901.0,133.0,149.0,556.0,480.0,136.0,28.0,0.0,28.0,64.0,6.0,83.0,9.0,3.0,0.0,248.0,72.0,12.0,.283,.376,.517,.893,.290,17.14,2095.0,129.0,135.0,2025
805123,AJ Blubaugh,117,Houston Astros,,P,2026,,,,,,,,,,,,,,,,,,,,,,,,,,,,,,,,,,,,,,,,,,,,,,,,,2025
682243,Bryce Miller,136,Seattle Mariners,,P,2026,,,,,,,,,,,,,,,,,,,,,,,,,,,,,,,,,,,,,,,,,,,,,,,,,2025
571657,Kyle Farmer,144,Atlanta Braves,,DH,2026,16.0,15.0,4.0,1.0,0.0,0.0,0.0,0.0,4.0,0.0,1.0,0.0,5.0,3.0,0.0,.267,.250,.333,.583,.333,-.--,52.0,5.0,3.0,300.0,277.0,63.0,14.0,0.0,8.0,17.0,0.0,66.0,4.0,2.0,0.0,101.0,31.0,9.0,.227,.280,.365,.645,.268,34.62,1101.0,73.0,77.0,2025
665862,Jazz Chisholm Jr.,147,New York Yankees,,2B,2026,509.0,451.0,104.0,16.0,3.0,19.0,53.0,3.0,152.0,1.0,4.0,0.0,183.0,55.0,5.0,.231,.310,.406,.716,.299,23.74,2066.0,91.0,108.0,531.0,462.0,112.0,15.0,1.0,31.0,58.0,1.0,148.0,6.0,4.0,1.0,222.0,80.0,3.0,.242,.332,.481,.813,.282,14.90,2138.0,90.0,117.0,2025
682254,Mason Montgomery,134,Pittsburgh Pirates,,P,2026,,,,,,,,,,,,,,,,,,,,,,,,,,,,,,,,,,,,,,,,,,,,,,,,,2025
665877,José Fermín,138,St. Louis Cardinals,,LF,2026,322.0,287.0,69.0,14.0,0.0,6.0,27.0,0.0,42.0,1.0,3.0,2.0,101.0,35.0,9.0,.240,.305,.352,.657,.260,47.83,1336.0,80.0,101.0,70.0,60.0,17.0,5.0,0.0,1.0,8.0,0.0,10.0,1.0,0.0,1.0,25.0,9.0,0.0,.283,.377,.417,.794,.327,60.00,271.0,16.0,18.0,2025
672016,Denzel Clarke,133,Athletics,,CF,2026,67.0,59.0,10.0,1.0,0.0,0.0,5.0,0.0,24.0,0.0,0.0,3.0,11.0,6.0,1.0,.169,.234,.186,.420,.286,-.--,273.0,21.0,7.0,159.0,148.0,34.0,8.0,2.0,3.0,6.0,0.0,61.0,3.0,0.0,2.0,55.0,8.0,1.0,.230,.274,.372,.646,.369,49.33,631.0,32.0,23.0,2025
641302,Tyler Alexander,140,Texas Rangers,,P,2026,,,,,,,,,,,,,,,,,,,,,,,,,1.0,1.0,0.0,0.0,0.0,0.0,0.0,0.0,0.0,0.0,0.0,0.0,0.0,0.0,0.0,.000,.000,.000,.000,.000,-.--,3.0,1.0,0.0,2025
592155,Cam Booser,139,Tampa Bay Rays,,P,2026,,,,,,,,,,,,,,,,,,,,,,,,,,,,,,,,,,,,,,,,,,,,,,,,,2025
700712,Walbert Ureña,108,Los Angeles Angels,,P,2026,,,,,,,,,,,,,,,,,,,,,,,,,,,,,,,,,,,,,,,,,,,,,,,,,2025
702752,Jonathan Pintaro,121,New York Mets,,P,2026,,,,,,,,,,,,,,,,,,,,,,,,,,,,,,,,,,,,,,,,,,,,,,,,,2025
502054,Tommy Pham,145,Chicago White Sox,,LF,2026,15.0,14.0,0.0,0.0,0.0,0.0,1.0,0.0,7.0,0.0,0.0,0.0,0.0,0.0,0.0,.000,.067,.000,.067,.000,-.--,63.0,4.0,3.0,449.0,392.0,96.0,17.0,1.0,10.0,50.0,3.0,94.0,2.0,5.0,0.0,145.0,52.0,12.0,.245,.330,.370,.700,.294,39.20,1706.0,113.0,94.0,2025
663855,Jordan Hicks,145,Chicago White Sox,,P,2026,,,,,,,,,,,,,,,,,,,,,,,,,,,,,,,,,,,,,,,,,,,,,,,,,2025
641329,Bryan Baker,139,Tampa Bay Rays,,P,2026,0.0,0.0,0.0,0.0,0.0,0.0,0.0,0.0,0.0,0.0,0.0,0.0,0.0,0.0,0.0,.000,.000,.000,.000,.---,-.--,0.0,0.0,0.0,0.0,0.0,0.0,0.0,0.0,0.0,0.0,0.0,0.0,0.0,0.0,0.0,0.0,0.0,0.0,.000,.000,.000,.000,.---,-.--,0.0,0.0,0.0,2025
643376,Danny Jansen,140,Texas Rangers,,C,2026,170.0,149.0,25.0,7.0,1.0,5.0,14.0,0.0,49.0,5.0,0.0,2.0,49.0,16.0,6.0,.168,.262,.329,.591,.211,29.80,680.0,33.0,44.0,337.0,288.0,62.0,11.0,0.0,14.0,42.0,0.0,86.0,4.0,2.0,1.0,115.0,36.0,5.0,.215,.321,.399,.720,.253,20.57,1353.0,45.0,98.0,2025
643377,Griffin Jax,139,Tampa Bay Rays,,P,2026,,,,,,,,,,,,,,,,,,,,,,,,,0.0,0.0,0.0,0.0,0.0,0.0,0.0,0.0,0.0,0.0,0.0,0.0,0.0,0.0,0.0,.000,.000,.000,.000,.---,-.--,0.0,0.0,0.0,2025
543037,Gerrit Cole,147,New York Yankees,,P,2026,,,,,,,,,,,,,,,,,,,,,,,,,,,,,,,,,,,,,,,,,,,,,,,,,2025
643396,Isiah Kiner-Falefa,111,Boston Red Sox,,2B,2026,138.0,125.0,34.0,4.0,0.0,2.0,12.0,0.0,18.0,0.0,0.0,1.0,44.0,14.0,3.0,.272,.336,.352,.688,.305,62.50,494.0,38.0,36.0,459.0,431.0,113.0,21.0,2.0,2.0,17.0,0.0,77.0,5.0,1.0,5.0,144.0,40.0,9.0,.262,.297,.334,.631,.314,215.50,1631.0,160.0,87.0,2025
641343,Jake Bauers,158,Milwaukee Brewers,,1B,2026,507.0,421.0,113.0,19.0,2.0,23.0,80.0,4.0,131.0,4.0,2.0,0.0,205.0,76.0,5.0,.268,.389,.487,.876,.335,18.30,2113.0,91.0,88.0,218.0,183.0,43.0,9.0,0.0,7.0,32.0,1.0,59.0,2.0,1.0,0.0,73.0,28.0,1.0,.235,.353,.399,.752,.305,26.14,895.0,35.0,47.0,2025
665923,Esteury Ruiz,146,Miami Marlins,,RF,2026,206.0,170.0,40.0,10.0,1.0,6.0,22.0,0.0,65.0,11.0,1.0,1.0,70.0,11.0,0.0,.235,.358,.412,.770,.340,28.33,810.0,19.0,48.0,23.0,21.0,4.0,0.0,0.0,1.0,2.0,0.0,8.0,0.0,0.0,0.0,7.0,2.0,0.0,.190,.261,.333,.594,.250,21.00,88.0,5.0,4.0,2025
665926,Andrés Giménez,141,Toronto Blue Jays,,SS,2026,447.0,412.0,100.0,20.0,1.0,8.0,14.0,2.0,87.0,14.0,5.0,2.0,146.0,52.0,7.0,.243,.288,.354,.642,.286,51.50,1662.0,120.0,112.0,369.0,329.0,69.0,11.0,1.0,7.0,25.0,0.0,66.0,11.0,3.0,1.0,103.0,35.0,8.0,.210,.285,.313,.598,.239,47.00,1452.0,97.0,101.0,2025
663878,Nate Pearson,118,Kansas City Royals,,P,2026,0.0,0.0,0.0,0.0,0.0,0.0,0.0,0.0,0.0,0.0,0.0,0.0,0.0,0.0,0.0,.000,.000,.000,.000,.---,-.--,0.0,0.0,0.0,,,,,,,,,,,,,,,,,,,,,,,,,2025
678218,Brandon Valenzuela,141,Toronto Blue Jays,,C,2026,246.0,217.0,48.0,9.0,0.0,8.0,26.0,0.0,64.0,1.0,1.0,1.0,81.0,21.0,4.0,.221,.306,.373,.679,.274,27.12,1012.0,50.0,57.0,,,,,,,,,,,,,,,,,,,,,,,,,2025
641355,Cody Bellinger,147,New York Yankees,,LF,2026,481.0,419.0,112.0,22.0,3.0,12.0,56.0,0.0,76.0,0.0,6.0,0.0,176.0,60.0,4.0,.267,.349,.420,.769,.297,34.92,1824.0,92.0,145.0,656.0,588.0,160.0,25.0,5.0,29.0,57.0,1.0,90.0,2.0,9.0,0.0,282.0,98.0,8.0,.272,.334,.480,.814,.274,20.28,2594.0,122.0,225.0,2025
663886,Tyler Stephenson,113,Cincinnati Reds,,C,2026,398.0,350.0,87.0,19.0,0.0,14.0,42.0,1.0,109.0,2.0,4.0,0.0,148.0,49.0,5.0,.249,.329,.423,.752,.316,25.00,1632.0,59.0,99.0,342.0,299.0,69.0,18.0,0.0,13.0,37.0,1.0,116.0,2.0,4.0,0.0,126.0,50.0,4.0,.231,.316,.421,.737,.322,23.00,1389.0,57.0,61.0,2025
663893,Brendon Little,141,Toronto Blue Jays,,P,2026,,,,,,,,,,,,,,,,,,,,,,,,,,,,,,,,,,,,,,,,,,,,,,,,,2025
670032,Nicky Lopez,140,Texas Rangers,,2B,2026,228.0,205.0,53.0,3.0,1.0,1.0,10.0,0.0,38.0,3.0,2.0,8.0,61.0,22.0,5.0,.259,.300,.298,.598,.310,205.00,857.0,78.0,46.0,28.0,24.0,1.0,0.0,0.0,0.0,4.0,0.0,4.0,0.0,0.0,0.0,1.0,1.0,1.0,.042,.179,.042,.221,.050,-.--,106.0,13.0,6.0,2025
670036,Matt Festa,114,Cleveland Guardians,,P,2026,,,,,,,,,,,,,,,,,,,,,,,,,0.0,0.0,0.0,0.0,0.0,0.0,0.0,0.0,0.0,0.0,0.0,0.0,0.0,0.0,0.0,.000,.000,.000,.000,.---,-.--,0.0,0.0,0.0,2025
663903,Brady Singer,113,Cincinnati Reds,,P,2026,,,,,,,,,,,,,,,,,,,,,,,,,,,,,,,,,,,,,,,,,,,,,,,,,2025
545121,Ildemaro Vargas,109,Arizona Diamondbacks,,1B,2026,443.0,414.0,104.0,18.0,5.0,9.0,23.0,2.0,45.0,2.0,2.0,1.0,159.0,66.0,7.0,.251,.293,.384,.677,.262,46.00,1553.0,134.0,134.0,121.0,115.0,31.0,2.0,1.0,3.0,2.0,0.0,15.0,2.0,1.0,1.0,44.0,19.0,3.0,.270,.292,.383,.675,.286,38.33,429.0,46.0,25.0,2025
665953,Andrés Chaparro,120,Washington Nationals,,1B,2026,176.0,150.0,37.0,11.0,0.0,9.0,21.0,0.0,40.0,5.0,0.0,0.0,75.0,34.0,4.0,.247,.358,.500,.858,.277,16.67,684.0,33.0,40.0,73.0,66.0,12.0,2.0,0.0,1.0,5.0,0.0,22.0,1.0,1.0,0.0,17.0,5.0,0.0,.182,.247,.258,.505,.250,66.00,282.0,15.0,18.0,2025
678246,Miguel Vargas,145,Chicago White Sox,,3B,2026,609.0,510.0,128.0,30.0,1.0,29.0,86.0,5.0,106.0,7.0,5.0,0.0,247.0,76.0,9.0,.251,.363,.484,.847,.261,17.59,2409.0,95.0,186.0,569.0,504.0,118.0,32.0,2.0,16.0,56.0,0.0,100.0,6.0,3.0,0.0,202.0,60.0,9.0,.234,.316,.401,.717,.261,31.50,2323.0,91.0,198.0,2025
801126,Brock Rodden,136,Seattle Mariners,,SS,2026,55.0,46.0,9.0,2.0,1.0,0.0,8.0,0.0,17.0,0.0,1.0,0.0,13.0,4.0,0.0,.196,.309,.283,.592,.300,-.--,210.0,7.0,14.0,,,,,,,,,,,,,,,,,,,,,,,,,2025
670059,Colin Holderman,114,Cleveland Guardians,,P,2026,,,,,,,,,,,,,,,,,,,,,,,,,,,,,,,,,,,,,,,,,,,,,,,,,2025
547180,Bryce Harper,143,Philadelphia Phillies,,1B,2026,599.0,491.0,135.0,28.0,3.0,27.0,100.0,3.0,123.0,1.0,7.0,0.0,250.0,80.0,17.0,.275,.394,.509,.903,.310,18.18,2377.0,122.0,118.0,580.0,501.0,131.0,32.0,0.0,27.0,70.0,6.0,121.0,6.0,3.0,0.0,244.0,75.0,5.0,.261,.357,.487,.844,.292,18.56,2172.0,127.0,125.0,2025
547179,Michael Lorenzen,141,Toronto Blue Jays,,P,2026,,,,,,,,,,,,,,,,,,,,,,,,,,,,,,,,,,,,,,,,,,,,,,,,,2025
670062,Julian Garcia,113,Cincinnati Reds,,P,2026,,,,,,,,,,,,,,,,,,,,,,,,,,,,,,,,,,,,,,,,,,,,,,,,,2025
665966,Carlos Narváez,110,Baltimore Orioles,,C,2026,260.0,226.0,37.0,7.0,0.0,3.0,18.0,0.0,85.0,7.0,3.0,6.0,53.0,10.0,7.0,.164,.244,.235,.479,.241,75.33,1066.0,49.0,64.0,446.0,403.0,97.0,27.0,0.0,15.0,38.0,0.0,111.0,1.0,2.0,2.0,169.0,50.0,12.0,.241,.306,.419,.725,.294,26.87,1829.0,98.0,101.0,2025
801139,Payton Tolle,111,Boston Red Sox,,P,2026,,,,,,,,,,,,,,,,,,,,,,,,,,,,,,,,,,,,,,,,,,,,,,,,,2025
643446,Jeff McNeil,133,Athletics,,2B,2026,442.0,404.0,109.0,20.0,0.0,7.0,27.0,1.0,48.0,5.0,4.0,1.0,150.0,50.0,12.0,.270,.320,.371,.691,.289,57.71,1536.0,112.0,140.0,462.0,399.0,97.0,21.0,5.0,12.0,49.0,4.0,55.0,8.0,4.0,2.0,164.0,54.0,5.0,.243,.335,.411,.746,.253,33.25,1718.0,109.0,144.0,2025
571771,Enrique Hernández,119,Los Angeles Dodgers,,1B,2026,52.0,49.0,11.0,2.0,0.0,2.0,3.0,0.0,17.0,0.0,0.0,0.0,19.0,5.0,0.0,.224,.269,.388,.657,.300,24.50,184.0,11.0,10.0,256.0,232.0,47.0,8.0,0.0,10.0,18.0,0.0,68.0,0.0,5.0,1.0,85.0,35.0,7.0,.203,.255,.366,.621,.233,23.20,1033.0,52.0,71.0,2025
663947,Tyler Holton,116,Detroit Tigers,,P,2026,,,,,,,,,,,,,,,,,,,,,,,,,,,,,,,,,,,,,,,,,,,,,,,,,2025
686475,Tyler Tolbert,118,Kansas City Royals,,SS,2026,132.0,114.0,35.0,5.0,0.0,3.0,12.0,0.0,24.0,1.0,1.0,4.0,49.0,8.0,3.0,.307,.375,.430,.805,.364,38.00,459.0,30.0,30.0,57.0,50.0,14.0,2.0,0.0,1.0,1.0,0.0,11.0,3.0,2.0,1.0,19.0,6.0,1.0,.280,.321,.380,.701,.325,50.00,189.0,10.0,18.0,2025
686469,Vinnie Pasquantino,118,Kansas City Royals,,1B,2026,401.0,349.0,84.0,16.0,2.0,9.0,45.0,3.0,64.0,3.0,4.0,0.0,131.0,42.0,3.0,.241,.329,.375,.704,.268,38.78,1599.0,70.0,135.0,682.0,621.0,164.0,33.0,1.0,32.0,49.0,5.0,107.0,7.0,5.0,0.0,295.0,113.0,14.0,.264,.323,.475,.798,.271,19.41,2572.0,153.0,202.0,2025
694671,Wyatt Langford,140,Texas Rangers,,LF,2026,383.0,341.0,86.0,18.0,2.0,15.0,38.0,0.0,80.0,4.0,0.0,0.0,153.0,36.0,8.0,.252,.334,.449,.783,.289,22.73,1494.0,66.0,109.0,573.0,489.0,118.0,25.0,1.0,22.0,74.0,3.0,151.0,5.0,5.0,0.0,211.0,62.0,9.0,.241,.344,.431,.775,.299,22.23,2335.0,87.0,138.0,2025
694673,Abimelec Ortiz,120,Washington Nationals,,1B,2026,99.0,94.0,19.0,3.0,0.0,5.0,5.0,0.0,23.0,0.0,0.0,0.0,37.0,10.0,1.0,.202,.242,.394,.636,.212,18.80,420.0,25.0,27.0,,,,,,,,,,,,,,,,,,,,,,,,,2025
670103,Raymond Burgos,111,Boston Red Sox,,P,2026,,,,,,,,,,,,,,,,,,,,,,,,,,,,,,,,,,,,,,,,,,,,,,,,,2025
676254,Ryan Walker,137,San Francisco Giants,,P,2026,,,,,,,,,,,,,,,,,,,,,,,,,0.0,0.0,0.0,0.0,0.0,0.0,0.0,0.0,0.0,0.0,0.0,0.0,0.0,0.0,0.0,.000,.000,.000,.000,.---,-.--,0.0,0.0,0.0,2025
663968,Jake Mangum,134,Pittsburgh Pirates,,CF,2026,420.0,379.0,109.0,16.0,2.0,4.0,23.0,1.0,83.0,12.0,2.0,4.0,141.0,29.0,6.0,.288,.346,.372,.718,.357,94.75,1531.0,122.0,71.0,428.0,405.0,120.0,18.0,1.0,3.0,19.0,0.0,64.0,2.0,1.0,1.0,149.0,40.0,4.0,.296,.330,.368,.698,.345,135.00,1442.0,138.0,85.0,2025
663969,Tyler Phillips,146,Miami Marlins,,P,2026,,,,,,,,,,,,,,,,,,,,,,,,,,,,,,,,,,,,,,,,,,,,,,,,,2025
666018,Jonathan Aranda,139,Tampa Bay Rays,,1B,2026,591.0,513.0,141.0,21.0,0.0,17.0,62.0,3.0,138.0,9.0,7.0,0.0,213.0,80.0,14.0,.275,.359,.415,.774,.340,30.18,2327.0,105.0,136.0,422.0,370.0,117.0,22.0,0.0,14.0,41.0,3.0,107.0,8.0,3.0,0.0,181.0,59.0,9.0,.316,.393,.489,.882,.409,26.43,1717.0,64.0,85.0,2025
702885,Cesar Perdomo,137,San Francisco Giants,,P,2026,,,,,,,,,,,,,,,,,,,,,,,,,,,,,,,,,,,,,,,,,,,,,,,,,2025
666023,Freddy Fermin,135,San Diego Padres,,C,2026,240.0,211.0,41.0,11.0,0.0,4.0,18.0,0.0,48.0,3.0,2.0,4.0,64.0,17.0,3.0,.194,.265,.303,.568,.230,52.75,916.0,57.0,71.0,347.0,319.0,80.0,13.0,0.0,5.0,19.0,1.0,65.0,2.0,0.0,7.0,108.0,26.0,5.0,.251,.297,.339,.636,.301,63.80,1372.0,88.0,93.0,2025
676263,Jack Dreyer,119,Los Angeles Dodgers,,P,2026,0.0,0.0,0.0,0.0,0.0,0.0,0.0,0.0,0.0,0.0,0.0,0.0,0.0,0.0,0.0,.000,.000,.000,.000,.---,-.--,0.0,0.0,0.0,,,,,,,,,,,,,,,,,,,,,,,,,2025
805300,Jakob Marsee,146,Miami Marlins,,CF,2026,535.0,448.0,94.0,17.0,5.0,9.0,69.0,1.0,114.0,12.0,1.0,5.0,148.0,32.0,4.0,.210,.330,.330,.660,.261,49.78,2086.0,100.0,146.0,234.0,209.0,61.0,18.0,3.0,5.0,22.0,0.0,48.0,2.0,1.0,0.0,100.0,33.0,2.0,.292,.363,.478,.841,.357,41.80,881.0,52.0,49.0,2025
805299,Brandyn Garcia,109,Arizona Diamondbacks,,P,2026,0.0,0.0,0.0,0.0,0.0,0.0,0.0,0.0,0.0,0.0,0.0,0.0,0.0,0.0,0.0,.000,.000,.000,.000,.---,-.--,0.0,0.0,0.0,0.0,0.0,0.0,0.0,0.0,0.0,0.0,0.0,0.0,0.0,0.0,0.0,0.0,0.0,0.0,.000,.000,.000,.000,.---,-.--,0.0,0.0,0.0,2025
643511,Tyler Rogers,141,Toronto Blue Jays,,P,2026,,,,,,,,,,,,,,,,,,,,,,,,,0.0,0.0,0.0,0.0,0.0,0.0,0.0,0.0,0.0,0.0,0.0,0.0,0.0,0.0,0.0,.000,.000,.000,.000,.---,-.--,0.0,0.0,0.0,2025
663993,Nathaniel Lowe,114,Cleveland Guardians,,1B,2026,373.0,335.0,85.0,21.0,0.0,15.0,34.0,1.0,90.0,0.0,4.0,0.0,151.0,52.0,2.0,.254,.319,.451,.770,.299,22.33,1544.0,78.0,86.0,609.0,540.0,123.0,23.0,3.0,18.0,62.0,2.0,159.0,2.0,5.0,0.0,206.0,84.0,6.0,.228,.307,.381,.688,.285,30.00,2607.0,130.0,133.0,2025
676282,Joey Cantillo,114,Cleveland Guardians,,P,2026,,,,,,,,,,,,,,,,,,,,,,,,,,,,,,,,,,,,,,,,,,,,,,,,,2025
686527,Dominic Canzone,136,Seattle Mariners,,DH,2026,439.0,392.0,100.0,23.0,2.0,21.0,40.0,2.0,96.0,5.0,2.0,0.0,190.0,63.0,8.0,.255,.330,.485,.815,.285,18.67,1674.0,106.0,92.0,269.0,243.0,73.0,11.0,0.0,11.0,20.0,0.0,59.0,3.0,2.0,0.0,117.0,32.0,6.0,.300,.358,.481,.839,.354,22.09,1028.0,55.0,59.0,2025
518595,Travis d'Arnaud,108,Los Angeles Angels,,C,2026,68.0,60.0,10.0,1.0,0.0,1.0,6.0,0.0,19.0,2.0,0.0,0.0,14.0,3.0,1.0,.167,.265,.233,.498,.225,60.00,260.0,16.0,15.0,231.0,213.0,42.0,13.0,0.0,6.0,13.0,0.0,74.0,4.0,1.0,0.0,73.0,21.0,5.0,.197,.255,.343,.598,.269,35.50,873.0,45.0,53.0,2025
592332,Kevin Gausman,112,Chicago Cubs,,P,2026,,,,,,,,,,,,,,,,,,,,,,,,,,,,,,,,,,,,,,,,,,,,,,,,,2025
608718,Brent Suter,144,Atlanta Braves,,P,2026,,,,,,,,,,,,,,,,,,,,,,,,,,,,,,,,,,,,,,,,,,,,,,,,,2025
805326,Tyler Schweitzer,145,Chicago White Sox,,P,2026,,,,,,,,,,,,,,,,,,,,,,,,,,,,,,,,,,,,,,,,,,,,,,,,,2025
694738,Landen Roupp,137,San Francisco Giants,,P,2026,,,,,,,,,,,,,,,,,,,,,,,,,,,,,,,,,,,,,,,,,,,,,,,,,2025
641487,J.P. Crawford,136,Seattle Mariners,,SS,2026,399.0,333.0,74.0,12.0,0.0,10.0,57.0,0.0,82.0,6.0,3.0,0.0,116.0,31.0,5.0,.222,.343,.348,.691,.262,33.30,1712.0,94.0,86.0,654.0,570.0,151.0,24.0,0.0,12.0,74.0,1.0,122.0,3.0,1.0,6.0,211.0,58.0,11.0,.265,.352,.370,.722,.318,47.50,2731.0,155.0,149.0,2025
621016,Jose Cuas,118,Kansas City Royals,,P,2026,,,,,,,,,,,,,,,,,,,,,,,,,,,,,,,,,,,,,,,,,,,,,,,,,2025
664023,Ian Happ,112,Chicago Cubs,,LF,2026,567.0,489.0,107.0,24.0,2.0,23.0,69.0,3.0,173.0,7.0,1.0,1.0,204.0,61.0,11.0,.219,.323,.417,.740,.286,21.26,2414.0,98.0,113.0,663.0,569.0,138.0,32.0,0.0,23.0,87.0,2.0,151.0,2.0,5.0,0.0,239.0,79.0,8.0,.243,.342,.420,.762,.288,24.74,2717.0,120.0,165.0,2025
670167,John Schreiber,147,New York Yankees,,P,2026,,,,,,,,,,,,,,,,,,,,,,,,,0.0,0.0,0.0,0.0,0.0,0.0,0.0,0.0,0.0,0.0,0.0,0.0,0.0,0.0,0.0,.000,.000,.000,.000,.---,-.--,0.0,0.0,0.0,2025
694753,Khristian Curtis,134,Pittsburgh Pirates,,P,2026,,,,,,,,,,,,,,,,,,,,,,,,,,,,,,,,,,,,,,,,,,,,,,,,,2025
686555,Isaac Collins,118,Kansas City Royals,,LF,2026,459.0,395.0,90.0,23.0,3.0,6.0,53.0,0.0,103.0,6.0,3.0,2.0,137.0,40.0,6.0,.228,.326,.347,.673,.291,65.83,1810.0,89.0,118.0,441.0,372.0,98.0,22.0,3.0,9.0,57.0,0.0,93.0,6.0,3.0,3.0,153.0,54.0,8.0,.263,.368,.411,.779,.326,41.33,1792.0,91.0,96.0,2025
805345,Trent Harris,137,San Francisco Giants,,P,2026,,,,,,,,,,,,,,,,,,,,,,,,,,,,,,,,,,,,,,,,,,,,,,,,,2025
805346,Ben Ross,142,Minnesota Twins,,SS,2026,3.0,3.0,0.0,0.0,0.0,0.0,0.0,0.0,2.0,0.0,0.0,0.0,0.0,0.0,0.0,.000,.000,.000,.000,.000,-.--,10.0,1.0,0.0,,,,,,,,,,,,,,,,,,,,,,,,,2025
684516,Hancel Rincon,138,St. Louis Cardinals,,P,2026,,,,,,,,,,,,,,,,,,,,,,,,,,,,,,,,,,,,,,,,,,,,,,,,,2025
670183,Garrett Acton,142,Minnesota Twins,,P,2026,,,,,,,,,,,,,,,,,,,,,,,,,,,,,,,,,,,,,,,,,,,,,,,,,2025
664034,Ty France,135,San Diego Padres,,1B,2026,418.0,367.0,107.0,17.0,2.0,20.0,31.0,1.0,90.0,12.0,7.0,0.0,188.0,62.0,9.0,.292,.360,.512,.872,.330,18.35,1670.0,84.0,93.0,490.0,444.0,114.0,25.0,0.0,7.0,22.0,1.0,83.0,21.0,3.0,0.0,160.0,52.0,11.0,.257,.320,.360,.680,.300,63.43,1873.0,137.0,113.0,2025
664040,Brandon Lowe,134,Pittsburgh Pirates,,2B,2026,578.0,515.0,131.0,28.0,1.0,29.0,54.0,1.0,168.0,2.0,7.0,0.0,248.0,83.0,6.0,.254,.324,.482,.806,.314,17.76,2320.0,96.0,127.0,553.0,507.0,130.0,19.0,0.0,31.0,38.0,1.0,149.0,2.0,6.0,0.0,242.0,83.0,6.0,.256,.307,.477,.784,.297,16.36,2146.0,107.0,127.0,2025
571882,Derek Law,109,Arizona Diamondbacks,,P,2026,,,,,,,,,,,,,,,,,,,,,,,,,,,,,,,,,,,,,,,,,,,,,,,,,2025
805367,Chase Meidroth,145,Chicago White Sox,,2B,2026,564.0,498.0,136.0,27.0,0.0,12.0,53.0,0.0,124.0,4.0,3.0,5.0,199.0,51.0,8.0,.273,.346,.400,.746,.340,41.50,2332.0,144.0,102.0,505.0,450.0,114.0,15.0,0.0,5.0,45.0,0.0,72.0,6.0,1.0,3.0,144.0,23.0,14.0,.253,.329,.320,.649,.291,90.00,2057.0,149.0,119.0,2025
678391,Jorbit Vivas,120,Washington Nationals,,3B,2026,313.0,265.0,64.0,12.0,1.0,3.0,36.0,0.0,41.0,4.0,4.0,3.0,87.0,25.0,3.0,.242,.337,.328,.665,.271,88.33,1111.0,85.0,82.0,66.0,56.0,9.0,2.0,0.0,1.0,5.0,0.0,13.0,3.0,0.0,0.0,14.0,5.0,0.0,.161,.266,.250,.516,.190,56.00,246.0,17.0,17.0,2025
678394,Brayan Bello,111,Boston Red Sox,,P,2026,,,,,,,,,,,,,,,,,,,,,,,,,,,,,,,,,,,,,,,,,,,,,,,,,2025
621053,Tyler Ferguson,112,Chicago Cubs,,P,2026,,,,,,,,,,,,,,,,,,,,,,,,,0.0,0.0,0.0,0.0,0.0,0.0,0.0,0.0,0.0,0.0,0.0,0.0,0.0,0.0,0.0,.000,.000,.000,.000,.---,-.--,0.0,0.0,0.0,2025
688642,Zach Agnos,115,Colorado Rockies,,P,2026,,,,,,,,,,,,,,,,,,,,,,,,,0.0,0.0,0.0,0.0,0.0,0.0,0.0,0.0,0.0,0.0,0.0,0.0,0.0,0.0,0.0,.000,.000,.000,.000,.---,-.--,0.0,0.0,0.0,2025
676356,Jonny DeLuca,139,Tampa Bay Rays,,RF,2026,306.0,289.0,75.0,20.0,0.0,9.0,14.0,0.0,62.0,0.0,0.0,3.0,122.0,42.0,9.0,.260,.294,.422,.716,.303,32.11,1105.0,68.0,87.0,59.0,57.0,19.0,1.0,3.0,0.0,2.0,0.0,13.0,0.0,0.0,0.0,26.0,4.0,0.0,.333,.356,.456,.812,.432,-.--,224.0,10.0,15.0,2025
543238,Anthony Gose,118,Kansas City Royals,,P,2026,,,,,,,,,,,,,,,,,,,,,,,,,,,,,,,,,,,,,,,,,,,,,,,,,2025
571912,Luke Maile,118,Kansas City Royals,,C,2026,34.0,33.0,5.0,1.0,0.0,1.0,1.0,0.0,11.0,0.0,0.0,0.0,9.0,5.0,2.0,.152,.176,.273,.449,.190,33.00,120.0,6.0,11.0,54.0,45.0,11.0,2.0,0.0,1.0,7.0,0.0,16.0,0.0,0.0,2.0,16.0,6.0,1.0,.244,.346,.356,.702,.357,45.00,214.0,11.0,9.0,2025
543243,Sonny Gray,111,Boston Red Sox,,P,2026,,,,,,,,,,,,,,,,,,,,,,,,,,,,,,,,,,,,,,,,,,,,,,,,,2025
694795,Josh Ekness,146,Miami Marlins,,P,2026,,,,,,,,,,,,,,,,,,,,,,,,,,,,,,,,,,,,,,,,,,,,,,,,,2025
664076,Garrett Cleavinger,139,Tampa Bay Rays,,P,2026,,,,,,,,,,,,,,,,,,,,,,,,,,,,,,,,,,,,,,,,,,,,,,,,,2025
666126,Carlos Cortes,133,Athletics,,RF,2026,328.0,293.0,76.0,15.0,1.0,8.0,28.0,0.0,54.0,4.0,3.0,0.0,117.0,38.0,14.0,.259,.329,.399,.728,.291,36.62,1326.0,88.0,78.0,99.0,94.0,29.0,8.0,1.0,4.0,3.0,0.0,20.0,0.0,2.0,0.0,51.0,14.0,3.0,.309,.323,.543,.866,.347,23.50,375.0,24.0,23.0,2025
655889,Manuel Rodríguez,139,Tampa Bay Rays,,P,2026,,,,,,,,,,,,,,,,,,,,,,,,,,,,,,,,,,,,,,,,,,,,,,,,,2025
676369,Nelson Velázquez,117,Houston Astros,,LF,2026,102.0,91.0,18.0,4.0,0.0,5.0,8.0,0.0,33.0,1.0,2.0,0.0,37.0,17.0,0.0,.198,.265,.407,.672,.236,18.20,409.0,15.0,27.0,,,,,,,,,,,,,,,,,,,,,,,,,2025
672275,Patrick Bailey,114,Cleveland Guardians,,C,2026,292.0,262.0,54.0,7.0,1.0,8.0,25.0,0.0,72.0,0.0,3.0,2.0,87.0,32.0,6.0,.206,.272,.332,.604,.249,32.75,1164.0,72.0,69.0,452.0,409.0,91.0,18.0,3.0,6.0,30.0,0.0,133.0,3.0,6.0,4.0,133.0,55.0,7.0,.222,.277,.325,.602,.308,68.17,1724.0,82.0,113.0,2025
686611,Dylan Crews,120,Washington Nationals,,RF,2026,362.0,329.0,71.0,14.0,1.0,10.0,26.0,0.0,88.0,7.0,0.0,0.0,117.0,34.0,4.0,.216,.287,.356,.643,.264,32.90,1328.0,72.0,98.0,322.0,293.0,61.0,8.0,2.0,10.0,24.0,0.0,76.0,5.0,0.0,0.0,103.0,27.0,4.0,.208,.280,.352,.632,.246,29.30,1150.0,80.0,76.0,2025
686613,Hunter Brown,117,Houston Astros,,P,2026,,,,,,,,,,,,,,,,,,,,,,,,,,,,,,,,,,,,,,,,,,,,,,,,,2025
621074,Michael Rucker,136,Seattle Mariners,,P,2026,,,,,,,,,,,,,,,,,,,,,,,,,,,,,,,,,,,,,,,,,,,,,,,,,2025
571927,Steven Matz,139,Tampa Bay Rays,,P,2026,,,,,,,,,,,,,,,,,,,,,,,,,,,,,,,,,,,,,,,,,,,,,,,,,2025
670231,John Rave,118,Kansas City Royals,,RF,2026,97.0,86.0,19.0,5.0,1.0,3.0,9.0,0.0,20.0,0.0,0.0,2.0,35.0,8.0,1.0,.221,.295,.407,.702,.254,28.67,373.0,25.0,24.0,175.0,153.0,30.0,5.0,0.0,4.0,18.0,0.0,46.0,1.0,1.0,2.0,47.0,14.0,1.0,.196,.283,.307,.590,.250,38.25,749.0,48.0,32.0,2025
672282,Reid Detmers,108,Los Angeles Angels,,P,2026,,,,,,,,,,,,,,,,,,,,,,,,,,,,,,,,,,,,,,,,,,,,,,,,,2025
694819,Jacob Misiorowski,158,Milwaukee Brewers,,P,2026,,,,,,,,,,,,,,,,,,,,,,,,,,,,,,,,,,,,,,,,,,,,,,,,,2025
666139,Josh Lowe,108,Los Angeles Angels,,LF,2026,290.0,262.0,55.0,7.0,0.0,10.0,23.0,1.0,81.0,1.0,2.0,2.0,92.0,27.0,0.0,.210,.274,.351,.625,.260,26.20,1239.0,50.0,80.0,435.0,396.0,87.0,21.0,2.0,11.0,33.0,1.0,109.0,3.0,2.0,1.0,145.0,40.0,7.0,.220,.283,.366,.649,.273,36.00,1842.0,105.0,98.0,2025
694820,Braxton Roxby,137,San Francisco Giants,,P,2026,,,,,,,,,,,,,,,,,,,,,,,,,,,,,,,,,,,,,,,,,,,,,,,,,2025
670245,Ryan Watson,108,Los Angeles Angels,,P,2026,,,,,,,,,,,,,,,,,,,,,,,,,,,,,,,,,,,,,,,,,,,,,,,,,2025
518692,Freddie Freeman,119,Los Angeles Dodgers,,1B,2026,584.0,511.0,155.0,32.0,1.0,16.0,64.0,3.0,96.0,3.0,6.0,0.0,237.0,66.0,18.0,.303,.380,.464,.844,.343,31.94,2400.0,134.0,132.0,627.0,556.0,164.0,39.0,2.0,24.0,60.0,7.0,128.0,6.0,5.0,0.0,279.0,90.0,13.0,.295,.367,.502,.869,.342,23.17,2382.0,128.0,141.0,2025
676391,Ernie Clement,141,Toronto Blue Jays,,2B,2026,548.0,521.0,143.0,29.0,1.0,9.0,20.0,0.0,54.0,2.0,5.0,0.0,201.0,44.0,11.0,.274,.301,.386,.687,.289,57.89,1718.0,131.0,198.0,588.0,545.0,151.0,35.0,2.0,9.0,27.0,1.0,61.0,4.0,5.0,7.0,217.0,50.0,13.0,.277,.313,.398,.711,.296,60.56,1871.0,129.0,216.0,2025
666152,David Hamilton,158,Milwaukee Brewers,,3B,2026,342.0,298.0,72.0,11.0,2.0,4.0,30.0,0.0,72.0,1.0,0.0,12.0,99.0,24.0,1.0,.242,.313,.332,.645,.306,74.50,1371.0,81.0,85.0,194.0,177.0,35.0,4.0,1.0,6.0,13.0,0.0,47.0,1.0,0.0,3.0,59.0,19.0,3.0,.198,.257,.333,.590,.234,29.50,742.0,44.0,54.0,2025
666157,Nick Lodolo,113,Cincinnati Reds,,P,2026,,,,,,,,,,,,,,,,,,,,,,,,,,,,,,,,,,,,,,,,,,,,,,,,,2025
571948,Hoby Milner,136,Seattle Mariners,,P,2026,,,,,,,,,,,,,,,,,,,,,,,,,0.0,0.0,0.0,0.0,0.0,0.0,0.0,0.0,0.0,0.0,0.0,0.0,0.0,0.0,0.0,.000,.000,.000,.000,.---,-.--,0.0,0.0,0.0,2025
621097,Jacob Waguespack,116,Detroit Tigers,,P,2026,0.0,0.0,0.0,0.0,0.0,0.0,0.0,0.0,0.0,0.0,0.0,0.0,0.0,0.0,0.0,.000,.000,.000,.000,.---,-.--,0.0,0.0,0.0,,,,,,,,,,,,,,,,,,,,,,,,,2025
623149,Paul Sewald,141,Toronto Blue Jays,,P,2026,,,,,,,,,,,,,,,,,,,,,,,,,,,,,,,,,,,,,,,,,,,,,,,,,2025
805427,Drew Sommers,116,Detroit Tigers,,P,2026,,,,,,,,,,,,,,,,,,,,,,,,,,,,,,,,,,,,,,,,,,,,,,,,,2025
688692,Jared Simpson,120,Washington Nationals,,P,2026,,,,,,,,,,,,,,,,,,,,,,,,,,,,,,,,,,,,,,,,,,,,,,,,,2025
666160,Mickey Moniak,115,Colorado Rockies,,LF,2026,380.0,350.0,88.0,16.0,4.0,21.0,20.0,0.0,98.0,3.0,7.0,0.0,175.0,60.0,4.0,.251,.292,.500,.792,.282,16.67,1327.0,61.0,110.0,461.0,434.0,117.0,20.0,8.0,24.0,22.0,1.0,110.0,2.0,3.0,0.0,225.0,68.0,4.0,.270,.306,.518,.824,.307,18.08,1598.0,81.0,129.0,2025
621111,Walker Buehler,135,San Diego Padres,,P,2026,,,,,,,,,,,,,,,,,,,,,,,,,,,,,,,,,,,,,,,,,,,,,,,,,2025
621112,Paul Blackburn,147,New York Yankees,,P,2026,0.0,0.0,0.0,0.0,0.0,0.0,0.0,0.0,0.0,0.0,0.0,0.0,0.0,0.0,0.0,.000,.000,.000,.000,.---,-.--,0.0,0.0,0.0,,,,,,,,,,,,,,,,,,,,,,,,,2025
666171,Ryan Zeferjahn,112,Chicago Cubs,,P,2026,,,,,,,,,,,,,,,,,,,,,,,,,,,,,,,,,,,,,,,,,,,,,,,,,2025
702284,Cole Young,136,Seattle Mariners,,2B,2026,565.0,513.0,126.0,16.0,3.0,16.0,37.0,0.0,98.0,11.0,3.0,1.0,196.0,57.0,7.0,.246,.309,.382,.691,.274,32.06,2164.0,134.0,159.0,257.0,223.0,47.0,7.0,1.0,4.0,28.0,1.0,47.0,2.0,2.0,2.0,68.0,24.0,4.0,.211,.302,.305,.607,.247,55.75,1034.0,52.0,81.0,2025
545341,Randal Grichuk,145,Chicago White Sox,,DH,2026,218.0,209.0,56.0,21.0,1.0,11.0,7.0,1.0,52.0,1.0,1.0,0.0,112.0,34.0,3.0,.268,.294,.536,.830,.306,19.00,805.0,44.0,58.0,293.0,272.0,62.0,18.0,1.0,9.0,17.0,1.0,61.0,1.0,3.0,0.0,109.0,27.0,6.0,.228,.273,.401,.674,.259,30.22,1077.0,68.0,84.0,2025
571970,Max Muncy,119,Los Angeles Dodgers,,3B,2026,482.0,418.0,103.0,20.0,1.0,26.0,59.0,4.0,121.0,4.0,1.0,0.0,203.0,68.0,6.0,.246,.344,.486,.830,.283,16.08,1952.0,86.0,109.0,388.0,313.0,76.0,10.0,2.0,19.0,64.0,2.0,83.0,6.0,5.0,0.0,147.0,67.0,4.0,.243,.376,.470,.846,.264,16.47,1650.0,61.0,98.0,2025
666176,Jo Adell,114,Cleveland Guardians,,RF,2026,566.0,519.0,125.0,23.0,1.0,20.0,27.0,1.0,135.0,16.0,4.0,0.0,210.0,83.0,15.0,.241,.297,.405,.702,.285,25.95,2199.0,121.0,142.0,573.0,526.0,124.0,18.0,1.0,37.0,33.0,0.0,151.0,10.0,1.0,0.0,255.0,98.0,10.0,.236,.293,.485,.778,.257,14.22,2220.0,111.0,141.0,2025
623168,Tyler Heineman,108,Los Angeles Angels,,C,2026,172.0,152.0,27.0,3.0,1.0,1.0,5.0,0.0,25.0,5.0,0.0,10.0,35.0,9.0,6.0,.178,.228,.230,.458,.206,152.00,595.0,67.0,43.0,174.0,149.0,43.0,8.0,1.0,3.0,12.0,0.0,31.0,6.0,2.0,5.0,62.0,20.0,1.0,.289,.361,.416,.777,.342,49.67,627.0,30.0,52.0,2025
664129,Geoff Hartlieb,133,Athletics,,P,2026,,,,,,,,,,,,,,,,,,,,,,,,,,,,,,,,,,,,,,,,,,,,,,,,,2025
670280,David Bednar,147,New York Yankees,,P,2026,0.0,0.0,0.0,0.0,0.0,0.0,0.0,0.0,0.0,0.0,0.0,0.0,0.0,0.0,0.0,.000,.000,.000,.000,.---,-.--,0.0,0.0,0.0,,,,,,,,,,,,,,,,,,,,,,,,,2025
668227,Randy Arozarena,136,Seattle Mariners,,LF,2026,576.0,495.0,135.0,28.0,1.0,22.0,57.0,0.0,124.0,21.0,3.0,0.0,231.0,66.0,16.0,.273,.370,.467,.837,.321,22.50,2338.0,133.0,106.0,709.0,613.0,146.0,32.0,1.0,27.0,64.0,2.0,191.0,27.0,5.0,0.0,261.0,76.0,9.0,.238,.334,.426,.760,.298,22.70,2873.0,125.0,156.0,2025
666182,Bo Bichette,121,New York Mets,,3B,2026,593.0,545.0,144.0,24.0,2.0,14.0,39.0,0.0,107.0,2.0,7.0,0.0,214.0,66.0,15.0,.264,.312,.393,.705,.302,38.93,2216.0,153.0,148.0,628.0,582.0,181.0,44.0,1.0,18.0,40.0,2.0,91.0,3.0,3.0,0.0,281.0,94.0,17.0,.311,.357,.483,.840,.342,32.33,2308.0,171.0,142.0,2025
686668,Brenton Doyle,145,Chicago White Sox,,CF,2026,183.0,170.0,36.0,6.0,0.0,3.0,12.0,0.0,59.0,0.0,0.0,1.0,51.0,12.0,1.0,.212,.264,.300,.564,.306,56.67,628.0,39.0,37.0,538.0,502.0,117.0,23.0,2.0,15.0,30.0,0.0,138.0,0.0,4.0,2.0,189.0,57.0,14.0,.233,.274,.376,.650,.289,33.47,1957.0,129.0,124.0,2025
676440,Tanner Bibee,114,Cleveland Guardians,,P,2026,,,,,,,,,,,,,,,,,,,,,,,,,,,,,,,,,,,,,,,,,,,,,,,,,2025
545361,Mike Trout,108,Los Angeles Angels,,CF,2026,540.0,440.0,105.0,21.0,0.0,20.0,89.0,11.0,139.0,8.0,2.0,0.0,186.0,50.0,7.0,.239,.375,.423,.798,.300,22.00,2319.0,77.0,121.0,556.0,456.0,106.0,14.0,1.0,26.0,87.0,10.0,178.0,6.0,6.0,0.0,200.0,64.0,7.0,.232,.359,.439,.798,.310,17.54,2482.0,66.0,112.0,2025
676439,Hunter Feduccia,119,Los Angeles Dodgers,,C,2026,214.0,188.0,45.0,9.0,1.0,3.0,20.0,0.0,53.0,1.0,1.0,4.0,65.0,16.0,2.0,.239,.314,.346,.660,.316,62.67,873.0,36.0,59.0,105.0,88.0,13.0,5.0,0.0,0.0,15.0,0.0,29.0,0.0,2.0,0.0,18.0,8.0,0.0,.148,.267,.205,.472,.213,-.--,477.0,21.0,27.0,2025
666200,Jesús Luzardo,143,Philadelphia Phillies,,P,2026,,,,,,,,,,,,,,,,,,,,,,,,,,,,,,,,,,,,,,,,,,,,,,,,,2025
678489,Jorge Barrosa,109,Arizona Diamondbacks,,CF,2026,159.0,134.0,27.0,11.0,1.0,2.0,14.0,0.0,42.0,2.0,1.0,8.0,46.0,12.0,1.0,.201,.285,.343,.628,.275,67.00,673.0,37.0,37.0,77.0,71.0,10.0,3.0,0.0,1.0,2.0,0.0,22.0,1.0,3.0,0.0,16.0,7.0,1.0,.141,.169,.225,.394,.176,71.00,327.0,18.0,24.0,2025
666211,Taylor Trammell,117,Houston Astros,,CF,2026,238.0,211.0,44.0,8.0,2.0,7.0,22.0,1.0,72.0,4.0,0.0,1.0,77.0,20.0,2.0,.209,.295,.365,.660,.280,30.14,907.0,39.0,57.0,135.0,117.0,23.0,7.0,0.0,3.0,17.0,0.0,41.0,0.0,1.0,0.0,39.0,12.0,0.0,.197,.296,.333,.629,.270,39.00,552.0,26.0,28.0,2025
686681,Michael Massey,118,Kansas City Royals,,2B,2026,374.0,348.0,97.0,23.0,1.0,11.0,19.0,0.0,62.0,0.0,5.0,2.0,155.0,45.0,7.0,.279,.312,.445,.757,.307,31.64,1366.0,83.0,113.0,277.0,262.0,64.0,9.0,0.0,3.0,9.0,0.0,43.0,1.0,4.0,1.0,82.0,20.0,3.0,.244,.268,.313,.581,.277,87.33,1013.0,48.0,112.0,2025
672356,Gabriel Arias,112,Chicago Cubs,,3B,2026,146.0,138.0,33.0,3.0,0.0,5.0,8.0,1.0,60.0,0.0,0.0,0.0,51.0,13.0,1.0,.239,.281,.370,.651,.384,27.60,551.0,28.0,17.0,471.0,432.0,95.0,25.0,2.0,11.0,27.0,1.0,162.0,7.0,4.0,1.0,157.0,54.0,8.0,.220,.274,.363,.637,.319,39.27,1792.0,101.0,79.0,2025
684665,Luke Murphy,108,Los Angeles Angels,,P,2026,,,,,,,,,,,,,,,,,,,,,,,,,,,,,,,,,,,,,,,,,,,,,,,,,2025
680570,Grayson Rodriguez,108,Los Angeles Angels,,P,2026,,,,,,,,,,,,,,,,,,,,,,,,,,,,,,,,,,,,,,,,,,,,,,,,,2025
670329,Rico Garcia,110,Baltimore Orioles,,P,2026,0.0,0.0,0.0,0.0,0.0,0.0,0.0,0.0,0.0,0.0,0.0,0.0,0.0,0.0,0.0,.000,.000,.000,.000,.---,-.--,0.0,0.0,0.0,,,,,,,,,,,,,,,,,,,,,,,,,2025
662139,Daulton Varsho,117,Houston Astros,,CF,2026,474.0,433.0,99.0,22.0,3.0,10.0,38.0,2.0,95.0,2.0,1.0,0.0,157.0,38.0,4.0,.229,.293,.363,.656,.271,43.30,1801.0,95.0,145.0,271.0,248.0,59.0,13.0,2.0,20.0,17.0,1.0,77.0,1.0,5.0,0.0,136.0,55.0,1.0,.238,.284,.548,.832,.250,12.40,986.0,41.0,76.0,2025
676477,Garrett Whitlock,111,Boston Red Sox,,P,2026,0.0,0.0,0.0,0.0,0.0,0.0,0.0,0.0,0.0,0.0,0.0,0.0,0.0,0.0,0.0,.000,.000,.000,.000,.---,-.--,0.0,0.0,0.0,0.0,0.0,0.0,0.0,0.0,0.0,0.0,0.0,0.0,0.0,0.0,0.0,0.0,0.0,0.0,.000,.000,.000,.000,.---,-.--,0.0,0.0,0.0,2025
676475,Alec Burleson,138,St. Louis Cardinals,,1B,2026,590.0,532.0,150.0,33.0,1.0,21.0,48.0,4.0,100.0,6.0,4.0,0.0,248.0,101.0,11.0,.282,.346,.466,.812,.311,25.33,2165.0,149.0,137.0,546.0,497.0,144.0,26.0,2.0,18.0,39.0,1.0,79.0,3.0,4.0,1.0,228.0,69.0,14.0,.290,.343,.459,.802,.312,27.61,1933.0,119.0,160.0,2025
680574,Matt McLain,113,Cincinnati Reds,,2B,2026,435.0,378.0,71.0,17.0,0.0,13.0,46.0,1.0,119.0,6.0,2.0,3.0,127.0,36.0,3.0,.188,.285,.336,.621,.234,29.08,1754.0,77.0,116.0,577.0,510.0,112.0,18.0,0.0,15.0,55.0,0.0,167.0,5.0,4.0,3.0,175.0,50.0,8.0,.220,.300,.343,.643,.292,34.00,2365.0,96.0,142.0,2025
682626,Francisco Alvarez,121,New York Mets,,C,2026,359.0,316.0,73.0,12.0,0.0,13.0,36.0,1.0,110.0,4.0,1.0,0.0,124.0,34.0,16.0,.231,.317,.392,.709,.309,24.31,1492.0,75.0,59.0,277.0,246.0,63.0,12.0,1.0,11.0,27.0,0.0,73.0,4.0,0.0,0.0,110.0,32.0,6.0,.256,.339,.447,.786,.321,22.36,1123.0,61.0,49.0,2025
694918,Blade Tidwell,137,San Francisco Giants,,P,2026,,,,,,,,,,,,,,,,,,,,,,,,,,,,,,,,,,,,,,,,,,,,,,,,,2025
699013,Esmerlyn Valdez,134,Pittsburgh Pirates,,RF,2026,269.0,226.0,54.0,13.0,1.0,16.0,39.0,0.0,103.0,1.0,3.0,0.0,117.0,45.0,6.0,.239,.349,.518,.867,.345,14.12,1183.0,28.0,44.0,,,,,,,,,,,,,,,,,,,,,,,,,2025
664199,Taylor Clarke,109,Arizona Diamondbacks,,P,2026,0.0,0.0,0.0,0.0,0.0,0.0,0.0,0.0,0.0,0.0,0.0,0.0,0.0,0.0,0.0,.000,.000,.000,.000,.---,-.--,0.0,0.0,0.0,0.0,0.0,0.0,0.0,0.0,0.0,0.0,0.0,0.0,0.0,0.0,0.0,0.0,0.0,0.0,.000,.000,.000,.000,.---,-.--,0.0,0.0,0.0,2025
674444,Steven Cruz,118,Kansas City Royals,,P,2026,,,,,,,,,,,,,,,,,,,,,,,,,0.0,0.0,0.0,0.0,0.0,0.0,0.0,0.0,0.0,0.0,0.0,0.0,0.0,0.0,0.0,.000,.000,.000,.000,.---,-.--,0.0,0.0,0.0,2025
690829,Ben Joyce,108,Los Angeles Angels,,P,2026,,,,,,,,,,,,,,,,,,,,,,,,,,,,,,,,,,,,,,,,,,,,,,,,,2025
699024,Leo Bernal,138,St. Louis Cardinals,,C,2026,13.0,13.0,4.0,0.0,0.0,1.0,0.0,0.0,3.0,0.0,0.0,0.0,7.0,4.0,0.0,.308,.308,.538,.846,.333,13.00,41.0,2.0,4.0,,,,,,,,,,,,,,,,,,,,,,,,,2025
678545,Osleivis Basabe,137,San Francisco Giants,,2B,2026,104.0,95.0,20.0,2.0,0.0,4.0,4.0,0.0,18.0,3.0,1.0,1.0,34.0,10.0,0.0,.211,.262,.358,.620,.216,23.75,388.0,29.0,30.0,,,,,,,,,,,,,,,,,,,,,,,,,2025
641680,Jonah Heim,133,Athletics,,C,2026,337.0,308.0,66.0,17.0,0.0,13.0,24.0,0.0,61.0,2.0,3.0,0.0,122.0,42.0,10.0,.214,.273,.396,.669,.224,23.69,1261.0,91.0,93.0,433.0,395.0,84.0,14.0,0.0,11.0,32.0,0.0,88.0,1.0,4.0,1.0,131.0,43.0,10.0,.213,.271,.332,.603,.243,35.91,1704.0,106.0,122.0,2025
680604,Blas Castaño,115,Colorado Rockies,,P,2026,0.0,0.0,0.0,0.0,0.0,0.0,0.0,0.0,0.0,0.0,0.0,0.0,0.0,0.0,0.0,.000,.000,.000,.000,.---,-.--,0.0,0.0,0.0,,,,,,,,,,,,,,,,,,,,,,,,,2025
676510,Nolan Hoffman,118,Kansas City Royals,,P,2026,,,,,,,,,,,,,,,,,,,,,,,,,,,,,,,,,,,,,,,,,,,,,,,,,2025
682657,Angel Martínez,114,Cleveland Guardians,,LF,2026,350.0,325.0,80.0,18.0,1.0,14.0,11.0,0.0,76.0,7.0,1.0,6.0,142.0,50.0,9.0,.246,.285,.437,.722,.280,23.21,1273.0,87.0,89.0,484.0,446.0,100.0,23.0,2.0,11.0,23.0,0.0,110.0,6.0,4.0,5.0,160.0,45.0,8.0,.224,.269,.359,.628,.271,40.54,1797.0,100.0,145.0,2025
666277,George Soriano,138,St. Louis Cardinals,,P,2026,0.0,0.0,0.0,0.0,0.0,0.0,0.0,0.0,0.0,0.0,0.0,0.0,0.0,0.0,0.0,.000,.000,.000,.000,.---,-.--,0.0,0.0,0.0,,,,,,,,,,,,,,,,,,,,,,,,,2025
672386,Alejandro Kirk,141,Toronto Blue Jays,,C,2026,247.0,218.0,59.0,6.0,0.0,8.0,26.0,5.0,31.0,0.0,3.0,0.0,89.0,32.0,7.0,.271,.344,.408,.752,.280,27.25,944.0,73.0,58.0,506.0,451.0,127.0,18.0,0.0,15.0,48.0,2.0,59.0,1.0,6.0,0.0,190.0,76.0,16.0,.282,.348,.421,.769,.292,30.07,1977.0,132.0,139.0,2025
453286,Max Scherzer,141,Toronto Blue Jays,,P,2026,,,,,,,,,,,,,,,,,,,,,,,,,,,,,,,,,,,,,,,,,,,,,,,,,2025
682663,Agustín Ramírez,146,Miami Marlins,,DH,2026,200.0,174.0,40.0,8.0,1.0,3.0,23.0,1.0,47.0,2.0,1.0,0.0,59.0,18.0,6.0,.230,.325,.339,.664,.296,58.00,788.0,52.0,36.0,585.0,537.0,124.0,33.0,1.0,21.0,36.0,2.0,113.0,8.0,4.0,0.0,222.0,67.0,13.0,.231,.287,.413,.700,.253,25.57,2122.0,161.0,143.0,2025
682668,Luisangel Acuña,145,Chicago White Sox,,SS,2026,207.0,194.0,46.0,4.0,0.0,1.0,8.0,0.0,40.0,1.0,2.0,2.0,53.0,12.0,5.0,.237,.268,.273,.541,.290,194.00,723.0,69.0,43.0,193.0,175.0,41.0,7.0,0.0,0.0,13.0,0.0,37.0,2.0,1.0,2.0,48.0,8.0,6.0,.234,.293,.274,.567,.295,-.--,687.0,58.0,42.0,2025
686765,Nick Sogard,111,Boston Red Sox,,2B,2026,196.0,165.0,44.0,11.0,1.0,4.0,26.0,0.0,36.0,0.0,1.0,4.0,69.0,15.0,2.0,.267,.365,.418,.783,.317,41.25,799.0,44.0,46.0,104.0,96.0,25.0,8.0,0.0,0.0,5.0,0.0,24.0,3.0,0.0,0.0,33.0,9.0,3.0,.260,.317,.344,.661,.347,-.--,400.0,25.0,22.0,2025
592518,Manny Machado,135,San Diego Padres,,3B,2026,582.0,506.0,111.0,21.0,0.0,24.0,66.0,3.0,126.0,1.0,8.0,1.0,204.0,75.0,19.0,.219,.306,.403,.709,.239,21.08,2290.0,136.0,142.0,678.0,615.0,169.0,33.0,0.0,27.0,55.0,4.0,131.0,3.0,5.0,0.0,283.0,95.0,16.0,.275,.335,.460,.795,.307,22.78,2647.0,144.0,176.0,2025
703155,Lazaro Montes,136,Seattle Mariners,,RF,2026,10.0,9.0,3.0,0.0,0.0,1.0,1.0,0.0,4.0,0.0,0.0,0.0,6.0,3.0,0.0,.333,.400,.667,1.067,.500,9.00,35.0,0.0,2.0,,,,,,,,,,,,,,,,,,,,,,,,,2025
621237,José Alvarado,143,Philadelphia Phillies,,P,2026,,,,,,,,,,,,,,,,,,,,,,,,,,,,,,,,,,,,,,,,,,,,,,,,,2025
676534,Calvin Faucher,146,Miami Marlins,,P,2026,,,,,,,,,,,,,,,,,,,,,,,,,,,,,,,,,,,,,,,,,,,,,,,,,2025
686780,Pedro Pagés,138,St. Louis Cardinals,,C,2026,198.0,179.0,38.0,6.0,0.0,4.0,11.0,0.0,52.0,2.0,2.0,4.0,56.0,11.0,5.0,.212,.263,.313,.576,.272,44.75,822.0,46.0,49.0,389.0,361.0,83.0,15.0,0.0,11.0,19.0,1.0,107.0,3.0,3.0,3.0,131.0,45.0,9.0,.230,.272,.363,.635,.293,32.82,1486.0,87.0,90.0,2025
694973,Paul Skenes,134,Pittsburgh Pirates,,P,2026,,,,,,,,,,,,,,,,,,,,,,,,,,,,,,,,,,,,,,,,,,,,,,,,,2025
666310,Bo Naylor,158,Milwaukee Brewers,,C,2026,90.0,84.0,12.0,2.0,0.0,2.0,6.0,0.0,21.0,0.0,0.0,0.0,20.0,7.0,2.0,.143,.200,.238,.438,.164,42.00,389.0,18.0,33.0,414.0,359.0,70.0,22.0,1.0,14.0,45.0,0.0,99.0,1.0,6.0,3.0,136.0,47.0,4.0,.195,.282,.379,.661,.222,25.64,1681.0,72.0,127.0,2025
672456,Keider Montero,116,Detroit Tigers,,P,2026,,,,,,,,,,,,,,,,,,,,,,,,,,,,,,,,,,,,,,,,,,,,,,,,,2025
527048,Martín Pérez,144,Atlanta Braves,,P,2026,,,,,,,,,,,,,,,,,,,,,,,,,,,,,,,,,,,,,,,,,,,,,,,,,2025
686796,Blake Walston,109,Arizona Diamondbacks,,P,2026,,,,,,,,,,,,,,,,,,,,,,,,,,,,,,,,,,,,,,,,,,,,,,,,,2025
594580,Sam Moll,113,Cincinnati Reds,,P,2026,,,,,,,,,,,,,,,,,,,,,,,,,,,,,,,,,,,,,,,,,,,,,,,,,2025
676551,Brewer Hicklen,144,Atlanta Braves,,RF,2026,28.0,22.0,8.0,4.0,0.0,0.0,6.0,0.0,10.0,0.0,0.0,0.0,12.0,3.0,0.0,.364,.500,.545,1.045,.667,-.--,113.0,2.0,2.0,4.0,3.0,2.0,0.0,0.0,0.0,1.0,0.0,1.0,0.0,0.0,0.0,2.0,0.0,0.0,.667,.750,.667,1.417,1.000,-.--,18.0,0.0,0.0,2025
686797,Brooks Lee,142,Minnesota Twins,,3B,2026,540.0,501.0,125.0,21.0,3.0,22.0,33.0,0.0,87.0,3.0,2.0,1.0,218.0,77.0,9.0,.250,.299,.435,.734,.261,22.77,2025.0,130.0,162.0,527.0,487.0,115.0,15.0,1.0,16.0,31.0,0.0,92.0,4.0,5.0,0.0,180.0,64.0,11.0,.236,.285,.370,.655,.258,30.44,2009.0,138.0,147.0,2025
641743,Anthony Kay,145,Chicago White Sox,,P,2026,,,,,,,,,,,,,,,,,,,,,,,,,,,,,,,,,,,,,,,,,,,,,,,,,2025
678606,José A. Ferrer,136,Seattle Mariners,,P,2026,,,,,,,,,,,,,,,,,,,,,,,,,0.0,0.0,0.0,0.0,0.0,0.0,0.0,0.0,0.0,0.0,0.0,0.0,0.0,0.0,0.0,.000,.000,.000,.000,.---,-.--,0.0,0.0,0.0,2025
680664,Eduardo Valencia,116,Detroit Tigers,,DH,2026,85.0,83.0,26.0,8.0,0.0,6.0,1.0,0.0,26.0,1.0,0.0,0.0,52.0,17.0,3.0,.313,.329,.627,.956,.392,13.83,326.0,18.0,13.0,,,,,,,,,,,,,,,,,,,,,,,,,2025
641755,Tyler Kinley,116,Detroit Tigers,,P,2026,0.0,0.0,0.0,0.0,0.0,0.0,0.0,0.0,0.0,0.0,0.0,0.0,0.0,0.0,0.0,.000,.000,.000,.000,.---,-.--,0.0,0.0,0.0,,,,,,,,,,,,,,,,,,,,,,,,,2025
664285,Framber Valdez,116,Detroit Tigers,,P,2026,,,,,,,,,,,,,,,,,,,,,,,,,,,,,,,,,,,,,,,,,,,,,,,,,2025
518876,Merrill Kelly,109,Arizona Diamondbacks,,P,2026,0.0,0.0,0.0,0.0,0.0,0.0,0.0,0.0,0.0,0.0,0.0,0.0,0.0,0.0,0.0,.000,.000,.000,.000,.---,-.--,0.0,0.0,0.0,,,,,,,,,,,,,,,,,,,,,,,,,2025
801501,Nate Furman,137,San Francisco Giants,,2B,2026,30.0,25.0,4.0,0.0,0.0,0.0,3.0,0.0,6.0,0.0,0.0,2.0,4.0,3.0,1.0,.160,.250,.160,.410,.211,-.--,110.0,13.0,4.0,,,,,,,,,,,,,,,,,,,,,,,,,2025
518886,Craig Kimbrel,118,Kansas City Royals,,P,2026,,,,,,,,,,,,,,,,,,,,,,,,,,,,,,,,,,,,,,,,,,,,,,,,,2025
701162,Ben Malgeri,116,Detroit Tigers,,RF,2026,92.0,78.0,19.0,2.0,0.0,3.0,12.0,0.0,24.0,1.0,1.0,0.0,30.0,11.0,0.0,.244,.348,.385,.733,.308,26.00,359.0,17.0,19.0,,,,,,,,,,,,,,,,,,,,,,,,,2025
664299,Cristian Javier,117,Houston Astros,,P,2026,,,,,,,,,,,,,,,,,,,,,,,,,,,,,,,,,,,,,,,,,,,,,,,,,2025
690925,Clayton Beeter,120,Washington Nationals,,P,2026,0.0,0.0,0.0,0.0,0.0,0.0,0.0,0.0,0.0,0.0,0.0,0.0,0.0,0.0,0.0,.000,.000,.000,.000,.---,-.--,0.0,0.0,0.0,,,,,,,,,,,,,,,,,,,,,,,,,2025
662253,Andrés Muñoz,136,Seattle Mariners,,P,2026,,,,,,,,,,,,,,,,,,,,,,,,,,,,,,,,,,,,,,,,,,,,,,,,,2025
606965,Chris Devenski,121,New York Mets,,P,2026,,,,,,,,,,,,,,,,,,,,,,,,,,,,,,,,,,,,,,,,,,,,,,,,,2025
592626,Joc Pederson,140,Texas Rangers,,DH,2026,410.0,355.0,84.0,11.0,2.0,24.0,47.0,2.0,97.0,4.0,3.0,0.0,171.0,49.0,10.0,.237,.330,.482,.812,.253,14.79,1649.0,83.0,94.0,306.0,265.0,48.0,10.0,1.0,9.0,34.0,0.0,65.0,5.0,1.0,0.0,87.0,26.0,5.0,.181,.285,.328,.613,.203,29.44,1237.0,68.0,85.0,2025
680694,Kyle Bradish,110,Baltimore Orioles,,P,2026,0.0,0.0,0.0,0.0,0.0,0.0,0.0,0.0,0.0,0.0,0.0,0.0,0.0,0.0,0.0,.000,.000,.000,.000,.---,-.--,0.0,0.0,0.0,,,,,,,,,,,,,,,,,,,,,,,,,2025
623352,Josh Hader,117,Houston Astros,,P,2026,0.0,0.0,0.0,0.0,0.0,0.0,0.0,0.0,0.0,0.0,0.0,0.0,0.0,0.0,0.0,.000,.000,.000,.000,.---,-.--,0.0,0.0,0.0,0.0,0.0,0.0,0.0,0.0,0.0,0.0,0.0,0.0,0.0,0.0,0.0,0.0,0.0,0.0,.000,.000,.000,.000,.---,-.--,0.0,0.0,0.0,2025
676604,Tyler Zuber,146,Miami Marlins,,P,2026,,,,,,,,,,,,,,,,,,,,,,,,,,,,,,,,,,,,,,,,,,,,,,,,,2025
695034,Kade Morris,133,Athletics,,P,2026,,,,,,,,,,,,,,,,,,,,,,,,,,,,,,,,,,,,,,,,,,,,,,,,,2025
699134,Bradgley Rodriguez,135,San Diego Padres,,P,2026,,,,,,,,,,,,,,,,,,,,,,,,,,,,,,,,,,,,,,,,,,,,,,,,,2025
680700,Richie Palacios,139,Tampa Bay Rays,,2B,2026,345.0,299.0,67.0,12.0,2.0,6.0,39.0,0.0,61.0,3.0,2.0,2.0,101.0,41.0,5.0,.224,.318,.338,.656,.261,49.83,1346.0,84.0,91.0,48.0,42.0,14.0,2.0,0.0,1.0,5.0,0.0,9.0,0.0,1.0,0.0,19.0,3.0,3.0,.333,.396,.452,.848,.394,42.00,190.0,11.0,9.0,2025
815873,Sean Keys,141,Toronto Blue Jays,,DH,2026,43.0,41.0,8.0,1.0,0.0,1.0,2.0,0.0,15.0,0.0,0.0,0.0,12.0,6.0,0.0,.195,.233,.293,.526,.280,41.00,199.0,5.0,13.0,,,,,,,,,,,,,,,,,,,,,,,,,2025
676609,José Caballero,147,New York Yankees,,SS,2026,414.0,377.0,89.0,12.0,0.0,13.0,23.0,0.0,101.0,7.0,4.0,3.0,140.0,47.0,9.0,.236,.290,.371,.661,.285,29.00,1660.0,96.0,98.0,370.0,314.0,74.0,18.0,1.0,5.0,47.0,0.0,98.0,3.0,2.0,4.0,109.0,36.0,1.0,.236,.339,.347,.686,.324,62.80,1501.0,61.0,87.0,2025
672515,Gabriel Moreno,109,Arizona Diamondbacks,,C,2026,460.0,396.0,118.0,29.0,1.0,11.0,51.0,0.0,70.0,4.0,9.0,0.0,182.0,67.0,8.0,.298,.376,.460,.836,.330,36.00,2034.0,104.0,113.0,309.0,277.0,79.0,12.0,1.0,9.0,29.0,3.0,53.0,1.0,2.0,0.0,120.0,40.0,6.0,.285,.353,.433,.786,.323,30.78,1314.0,60.0,87.0,2025
678662,Ezequiel Tovar,115,Colorado Rockies,,SS,2026,450.0,412.0,86.0,21.0,0.0,10.0,27.0,0.0,115.0,2.0,8.0,1.0,137.0,41.0,7.0,.209,.256,.333,.589,.258,41.20,1675.0,94.0,126.0,390.0,360.0,91.0,18.0,4.0,9.0,21.0,0.0,98.0,1.0,2.0,6.0,144.0,33.0,2.0,.253,.294,.400,.694,.322,40.00,1469.0,76.0,103.0,2025
676617,Riley O'Brien,138,St. Louis Cardinals,,P,2026,,,,,,,,,,,,,,,,,,,,,,,,,,,,,,,,,,,,,,,,,,,,,,,,,2025
676620,Blake Weiman,108,Los Angeles Angels,,P,2026,,,,,,,,,,,,,,,,,,,,,,,,,,,,,,,,,,,,,,,,,,,,,,,,,2025
606996,Kyle Hart,135,San Diego Padres,,P,2026,,,,,,,,,,,,,,,,,,,,,,,,,,,,,,,,,,,,,,,,,,,,,,,,,2025
813841,Jonah Cox,137,San Francisco Giants,,CF,2026,80.0,72.0,20.0,2.0,2.0,4.0,5.0,0.0,34.0,0.0,0.0,3.0,38.0,10.0,0.0,.278,.325,.528,.853,.471,18.00,296.0,10.0,11.0,,,,,,,,,,,,,,,,,,,,,,,,,2025
592663,J.T. Realmuto,143,Philadelphia Phillies,,C,2026,396.0,351.0,78.0,17.0,0.0,10.0,30.0,0.0,80.0,9.0,6.0,0.0,125.0,45.0,8.0,.222,.295,.356,.651,.255,35.10,1579.0,101.0,98.0,550.0,502.0,129.0,26.0,1.0,12.0,35.0,1.0,129.0,9.0,3.0,0.0,193.0,52.0,13.0,.257,.315,.384,.699,.321,41.83,2196.0,124.0,123.0,2025
543510,James McCann,109,Arizona Diamondbacks,,C,2026,141.0,132.0,39.0,6.0,0.0,5.0,6.0,0.0,36.0,1.0,0.0,2.0,60.0,23.0,5.0,.295,.331,.455,.786,.374,26.40,524.0,32.0,27.0,137.0,123.0,32.0,6.0,0.0,5.0,8.0,0.0,33.0,4.0,1.0,1.0,53.0,17.0,3.0,.260,.324,.431,.755,.314,24.60,507.0,34.0,26.0,2025
641816,Tyler Mahle,144,Atlanta Braves,,P,2026,,,,,,,,,,,,,,,,,,,,,,,,,,,,,,,,,,,,,,,,,,,,,,,,,2025
592662,Robbie Ray,135,San Diego Padres,,P,2026,,,,,,,,,,,,,,,,,,,,,,,,,,,,,,,,,,,,,,,,,,,,,,,,,2025
680732,Sean Burke,145,Chicago White Sox,,P,2026,,,,,,,,,,,,,,,,,,,,,,,,,,,,,,,,,,,,,,,,,,,,,,,,,2025
807712,Luke Keaschall,142,Minnesota Twins,,2B,2026,527.0,450.0,125.0,24.0,1.0,9.0,50.0,1.0,79.0,19.0,7.0,1.0,178.0,44.0,6.0,.278,.369,.396,.765,.314,50.00,1953.0,94.0,160.0,207.0,182.0,55.0,14.0,0.0,4.0,19.0,0.0,29.0,5.0,1.0,0.0,81.0,28.0,4.0,.302,.382,.445,.827,.340,45.50,774.0,49.0,50.0,2025
690978,Dax Fulton,146,Miami Marlins,,P,2026,,,,,,,,,,,,,,,,,,,,,,,,,,,,,,,,,,,,,,,,,,,,,,,,,2025
807713,Matt Shaw,112,Chicago Cubs,,RF,2026,165.0,144.0,36.0,8.0,3.0,5.0,15.0,0.0,28.0,3.0,1.0,2.0,65.0,22.0,2.0,.250,.331,.451,.782,.277,28.80,668.0,36.0,47.0,437.0,393.0,89.0,21.0,3.0,13.0,38.0,0.0,94.0,2.0,4.0,0.0,155.0,44.0,2.0,.226,.295,.394,.689,.262,30.23,1720.0,93.0,121.0,2025
621345,A.J. Minter,142,Minnesota Twins,,P,2026,,,,,,,,,,,,,,,,,,,,,,,,,,,,,,,,,,,,,,,,,,,,,,,,,2025
695076,Rhett Lowder,113,Cincinnati Reds,,P,2026,,,,,,,,,,,,,,,,,,,,,,,,,,,,,,,,,,,,,,,,,,,,,,,,,2025
680742,Jonathan Bowlan,143,Philadelphia Phillies,,P,2026,,,,,,,,,,,,,,,,,,,,,,,,,,,,,,,,,,,,,,,,,,,,,,,,,2025
664353,José Urquidy,145,Chicago White Sox,,P,2026,,,,,,,,,,,,,,,,,,,,,,,,,,,,,,,,,,,,,,,,,,,,,,,,,2025
680736,Justin Wrobleski,119,Los Angeles Dodgers,,P,2026,,,,,,,,,,,,,,,,,,,,,,,,,,,,,,,,,,,,,,,,,,,,,,,,,2025
690984,Petey Halpin,114,Cleveland Guardians,,CF,2026,160.0,147.0,32.0,4.0,1.0,3.0,6.0,0.0,31.0,2.0,1.0,4.0,47.0,9.0,1.0,.218,.256,.320,.576,.254,49.00,544.0,35.0,54.0,8.0,6.0,2.0,0.0,0.0,0.0,2.0,0.0,2.0,0.0,0.0,0.0,2.0,0.0,0.0,.333,.500,.333,.833,.500,-.--,33.0,1.0,1.0,2025
690986,Kyle Harrison,158,Milwaukee Brewers,,P,2026,,,,,,,,,,,,,,,,,,,,,,,,,,,,,,,,,,,,,,,,,,,,,,,,,2025
805673,Zebby Matthews,142,Minnesota Twins,,P,2026,,,,,,,,,,,,,,,,,,,,,,,,,,,,,,,,,,,,,,,,,,,,,,,,,2025
641835,Tim Mayza,143,Philadelphia Phillies,,P,2026,,,,,,,,,,,,,,,,,,,,,,,,,,,,,,,,,,,,,,,,,,,,,,,,,2025
807726,John Peck,116,Detroit Tigers,,SS,2026,10.0,9.0,2.0,1.0,0.0,0.0,0.0,0.0,1.0,1.0,0.0,0.0,3.0,3.0,0.0,.222,.300,.333,.633,.250,-.--,33.0,3.0,3.0,,,,,,,,,,,,,,,,,,,,,,,,,2025
807727,Charles McAdoo,141,Toronto Blue Jays,,2B,2026,80.0,74.0,18.0,2.0,0.0,2.0,5.0,0.0,20.0,0.0,1.0,0.0,26.0,10.0,2.0,.243,.288,.351,.639,.302,37.00,291.0,13.0,24.0,,,,,,,,,,,,,,,,,,,,,,,,,2025
660271,Shohei Ohtani,119,Los Angeles Dodgers,,TWP,2026,592.0,499.0,139.0,25.0,4.0,30.0,79.0,16.0,142.0,7.0,5.0,0.0,262.0,80.0,9.0,.279,.381,.525,.906,.328,16.63,2254.0,113.0,110.0,727.0,611.0,172.0,25.0,9.0,55.0,109.0,20.0,187.0,3.0,2.0,0.0,380.0,102.0,9.0,.282,.392,.622,1.014,.315,11.11,2865.0,120.0,134.0,2025
680755,Braydon Fisher,141,Toronto Blue Jays,,P,2026,,,,,,,,,,,,,,,,,,,,,,,,,,,,,,,,,,,,,,,,,,,,,,,,,2025
690993,Colt Keith,116,Detroit Tigers,,3B,2026,391.0,356.0,92.0,16.0,4.0,9.0,29.0,0.0,75.0,4.0,2.0,0.0,143.0,32.0,8.0,.258,.320,.402,.722,.303,39.56,1469.0,84.0,107.0,468.0,414.0,106.0,22.0,2.0,13.0,48.0,1.0,102.0,2.0,4.0,0.0,171.0,45.0,7.0,.256,.333,.413,.746,.307,31.85,1826.0,87.0,123.0,2025
680757,Steven Kwan,114,Cleveland Guardians,,LF,2026,542.0,459.0,126.0,17.0,2.0,2.0,71.0,1.0,53.0,4.0,3.0,4.0,153.0,27.0,9.0,.275,.374,.333,.707,.305,229.50,2212.0,130.0,157.0,693.0,625.0,170.0,29.0,1.0,11.0,55.0,2.0,60.0,3.0,7.0,3.0,234.0,56.0,3.0,.272,.330,.374,.704,.283,56.82,2786.0,167.0,238.0,2025
690997,Nolan McLean,121,New York Mets,,P,2026,,,,,,,,,,,,,,,,,,,,,,,,,,,,,,,,,,,,,,,,,,,,,,,,,2025
691002,Yohandy Morales,120,Washington Nationals,,1B,2026,8.0,8.0,4.0,1.0,0.0,1.0,0.0,0.0,3.0,0.0,0.0,0.0,8.0,1.0,0.0,.500,.500,1.000,1.500,.750,8.00,30.0,1.0,0.0,,,,,,,,,,,,,,,,,,,,,,,,,2025
807739,Kade Anderson,136,Seattle Mariners,,P,2026,,,,,,,,,,,,,,,,,,,,,,,,,,,,,,,,,,,,,,,,,,,,,,,,,2025
641857,Ryan McMahon,147,New York Yankees,,3B,2026,311.0,281.0,61.0,12.0,0.0,10.0,26.0,0.0,93.0,2.0,1.0,1.0,103.0,32.0,6.0,.217,.287,.367,.654,.285,28.10,1274.0,60.0,69.0,586.0,509.0,109.0,23.0,1.0,20.0,70.0,1.0,189.0,4.0,3.0,0.0,194.0,53.0,7.0,.214,.312,.381,.693,.294,25.45,2500.0,106.0,108.0,2025
680767,Victor Vodnik,146,Miami Marlins,,P,2026,0.0,0.0,0.0,0.0,0.0,0.0,0.0,0.0,0.0,0.0,0.0,0.0,0.0,0.0,0.0,.000,.000,.000,.000,.---,-.--,0.0,0.0,0.0,0.0,0.0,0.0,0.0,0.0,0.0,0.0,0.0,0.0,0.0,0.0,0.0,0.0,0.0,0.0,.000,.000,.000,.000,.---,-.--,0.0,0.0,0.0,2025
672578,Carlos Hernández,114,Cleveland Guardians,,P,2026,,,,,,,,,,,,,,,,,,,,,,,,,,,,,,,,,,,,,,,,,,,,,,,,,2025
691011,Drew Romo,145,Chicago White Sox,,C,2026,203.0,177.0,25.0,5.0,0.0,7.0,20.0,0.0,47.0,3.0,1.0,2.0,51.0,16.0,4.0,.141,.239,.288,.527,.145,25.29,729.0,50.0,58.0,3.0,3.0,0.0,0.0,0.0,0.0,0.0,0.0,3.0,0.0,0.0,0.0,0.0,0.0,0.0,.000,.000,.000,.000,.---,-.--,12.0,0.0,0.0,2025
680776,Jarren Duran,111,Boston Red Sox,,LF,2026,549.0,500.0,102.0,14.0,4.0,19.0,35.0,3.0,152.0,5.0,7.0,2.0,181.0,68.0,5.0,.204,.260,.362,.622,.247,26.32,2023.0,131.0,124.0,696.0,620.0,159.0,41.0,13.0,16.0,60.0,1.0,169.0,12.0,3.0,1.0,274.0,84.0,6.0,.256,.332,.442,.774,.326,38.75,2624.0,137.0,159.0,2025
607043,Brandon Nimmo,140,Texas Rangers,,RF,2026,571.0,514.0,138.0,31.0,4.0,14.0,46.0,2.0,122.0,7.0,4.0,0.0,219.0,58.0,12.0,.268,.335,.426,.761,.325,36.71,2244.0,122.0,136.0,652.0,587.0,154.0,27.0,0.0,25.0,50.0,1.0,141.0,7.0,7.0,1.0,256.0,92.0,8.0,.262,.324,.436,.760,.301,23.48,2602.0,149.0,151.0,2025
682825,Luis Mey,113,Cincinnati Reds,,P,2026,,,,,,,,,,,,,,,,,,,,,,,,,,,,,,,,,,,,,,,,,,,,,,,,,2025
680777,Ryan Jeffers,142,Minnesota Twins,,C,2026,306.0,261.0,72.0,17.0,2.0,13.0,41.0,1.0,50.0,2.0,1.0,0.0,132.0,50.0,4.0,.276,.377,.506,.883,.296,20.08,1292.0,63.0,78.0,464.0,406.0,108.0,26.0,0.0,9.0,50.0,1.0,91.0,7.0,1.0,0.0,161.0,47.0,9.0,.266,.356,.397,.753,.322,45.11,1879.0,91.0,117.0,2025
680779,Henry Davis,134,Pittsburgh Pirates,,C,2026,268.0,232.0,39.0,5.0,0.0,8.0,24.0,0.0,58.0,8.0,2.0,2.0,68.0,34.0,6.0,.168,.267,.293,.560,.185,29.00,1004.0,53.0,86.0,283.0,252.0,42.0,7.0,0.0,7.0,18.0,0.0,76.0,5.0,3.0,3.0,70.0,22.0,2.0,.167,.234,.278,.512,.203,36.00,1069.0,48.0,92.0,2025
514888,Jose Altuve,117,Houston Astros,,2B,2026,483.0,438.0,107.0,18.0,2.0,15.0,39.0,1.0,99.0,3.0,2.0,1.0,174.0,43.0,16.0,.244,.309,.397,.706,.282,29.20,1730.0,129.0,106.0,654.0,588.0,156.0,24.0,1.0,26.0,55.0,5.0,109.0,4.0,6.0,1.0,260.0,77.0,20.0,.265,.329,.442,.771,.283,22.62,2314.0,149.0,181.0,2025
682829,Elly De La Cruz,113,Cincinnati Reds,,SS,2026,541.0,477.0,130.0,24.0,5.0,21.0,59.0,0.0,147.0,2.0,3.0,0.0,227.0,60.0,6.0,.273,.353,.476,.829,.349,22.71,2213.0,111.0,92.0,699.0,629.0,166.0,31.0,7.0,22.0,67.0,10.0,181.0,2.0,1.0,0.0,277.0,86.0,14.0,.264,.336,.440,.776,.337,28.59,2678.0,166.0,117.0,2025
572233,Christian Walker,117,Houston Astros,,1B,2026,556.0,500.0,114.0,25.0,1.0,24.0,44.0,2.0,131.0,10.0,2.0,0.0,213.0,77.0,13.0,.228,.302,.426,.728,.259,20.83,2169.0,124.0,133.0,640.0,585.0,139.0,24.0,1.0,27.0,40.0,1.0,177.0,11.0,4.0,0.0,246.0,88.0,10.0,.238,.297,.421,.718,.291,21.67,2513.0,111.0,162.0,2025
670541,Yordan Alvarez,117,Houston Astros,,DH,2026,609.0,497.0,157.0,29.0,1.0,37.0,97.0,30.0,106.0,10.0,5.0,0.0,299.0,94.0,5.0,.316,.433,.602,1.035,.334,13.43,2300.0,83.0,156.0,199.0,165.0,45.0,8.0,0.0,6.0,28.0,5.0,33.0,0.0,6.0,0.0,71.0,27.0,1.0,.273,.367,.430,.797,.295,27.50,803.0,34.0,59.0,2025
691023,Jordan Walker,138,St. Louis Cardinals,,RF,2026,586.0,536.0,155.0,32.0,0.0,28.0,43.0,1.0,146.0,4.0,3.0,0.0,271.0,99.0,11.0,.289,.345,.506,.851,.348,19.14,2102.0,112.0,126.0,396.0,363.0,78.0,13.0,1.0,6.0,29.0,1.0,126.0,3.0,1.0,0.0,111.0,41.0,9.0,.215,.278,.306,.584,.310,60.50,1541.0,75.0,85.0,2025
686934,Alex McFarlane,143,Philadelphia Phillies,,P,2026,,,,,,,,,,,,,,,,,,,,,,,,,,,,,,,,,,,,,,,,,,,,,,,,,2025
676694,Jake Meyers,117,Houston Astros,,CF,2026,153.0,141.0,30.0,7.0,0.0,3.0,10.0,0.0,31.0,1.0,1.0,0.0,46.0,11.0,3.0,.213,.268,.326,.594,.250,47.00,546.0,36.0,45.0,381.0,343.0,100.0,15.0,2.0,3.0,31.0,0.0,67.0,3.0,2.0,2.0,128.0,24.0,9.0,.292,.354,.373,.727,.353,114.33,1340.0,94.0,86.0,2025
682842,Abner Uribe,158,Milwaukee Brewers,,P,2026,,,,,,,,,,,,,,,,,,,,,,,,,,,,,,,,,,,,,,,,,,,,,,,,,2025
607067,Colin Rea,112,Chicago Cubs,,P,2026,,,,,,,,,,,,,,,,,,,,,,,,,1.0,1.0,0.0,0.0,0.0,0.0,0.0,0.0,1.0,0.0,0.0,0.0,0.0,0.0,0.0,.000,.000,.000,.000,.---,-.--,5.0,0.0,0.0,2025
445276,Kenley Jansen,116,Detroit Tigers,,P,2026,0.0,0.0,0.0,0.0,0.0,0.0,0.0,0.0,0.0,0.0,0.0,0.0,0.0,0.0,0.0,.000,.000,.000,.000,.---,-.--,0.0,0.0,0.0,0.0,0.0,0.0,0.0,0.0,0.0,0.0,0.0,0.0,0.0,0.0,0.0,0.0,0.0,0.0,.000,.000,.000,.000,.---,-.--,0.0,0.0,0.0,2025
623454,Drew Anderson,116,Detroit Tigers,,P,2026,,,,,,,,,,,,,,,,,,,,,,,,,,,,,,,,,,,,,,,,,,,,,,,,,2025
607074,Carlos Rodón,147,New York Yankees,,P,2026,,,,,,,,,,,,,,,,,,,,,,,,,,,,,,,,,,,,,,,,,,,,,,,,,2025
660825,Eduard Bazardo,136,Seattle Mariners,,P,2026,,,,,,,,,,,,,,,,,,,,,,,,,,,,,,,,,,,,,,,,,,,,,,,,,2025
686948,Drake Baldwin,144,Atlanta Braves,,C,2026,518.0,460.0,127.0,15.0,0.0,22.0,50.0,2.0,111.0,7.0,1.0,0.0,208.0,69.0,14.0,.276,.355,.452,.807,.320,20.91,1993.0,120.0,103.0,446.0,405.0,111.0,18.0,2.0,19.0,38.0,0.0,68.0,3.0,0.0,0.0,190.0,80.0,9.0,.274,.341,.469,.810,.289,21.32,1750.0,131.0,95.0,2025
623465,Evan Phillips,119,Los Angeles Dodgers,,P,2026,,,,,,,,,,,,,,,,,,,,,,,,,,,,,,,,,,,,,,,,,,,,,,,,,2025
594798,Jacob deGrom,140,Texas Rangers,,P,2026,,,,,,,,,,,,,,,,,,,,,,,,,,,,,,,,,,,,,,,,,,,,,,,,,2025
623474,Jimmy Herget,115,Colorado Rockies,,P,2026,0.0,0.0,0.0,0.0,0.0,0.0,0.0,0.0,0.0,0.0,0.0,0.0,0.0,0.0,0.0,.000,.000,.000,.000,.---,-.--,0.0,0.0,0.0,,,,,,,,,,,,,,,,,,,,,,,,,2025
656240,Scott Blewett,133,Athletics,,P,2026,,,,,,,,,,,,,,,,,,,,,,,,,,,,,,,,,,,,,,,,,,,,,,,,,2025
676724,Jared Young,121,New York Mets,,1B,2026,299.0,272.0,72.0,16.0,3.0,8.0,19.0,0.0,59.0,6.0,2.0,0.0,118.0,35.0,4.0,.265,.324,.434,.758,.309,34.00,1170.0,73.0,70.0,47.0,43.0,8.0,1.0,0.0,4.0,2.0,0.0,16.0,1.0,1.0,0.0,21.0,6.0,1.0,.186,.234,.488,.722,.167,10.75,192.0,6.0,14.0,2025
672629,Gerardo Carrillo,109,Arizona Diamondbacks,,P,2026,,,,,,,,,,,,,,,,,,,,,,,,,,,,,,,,,,,,,,,,,,,,,,,,,2025
682877,Juan Brito,113,Cincinnati Reds,,2B,2026,64.0,57.0,10.0,4.0,0.0,1.0,5.0,0.0,19.0,1.0,1.0,0.0,17.0,7.0,1.0,.175,.250,.298,.548,.237,57.00,273.0,15.0,14.0,,,,,,,,,,,,,,,,,,,,,,,,,2025
686973,Louis Varland,141,Toronto Blue Jays,,P,2026,,,,,,,,,,,,,,,,,,,,,,,,,,,,,,,,,,,,,,,,,,,,,,,,,2025
621438,Tyrone Taylor,112,Chicago Cubs,,LF,2026,214.0,194.0,55.0,12.0,0.0,11.0,13.0,0.0,37.0,2.0,1.0,4.0,100.0,36.0,0.0,.284,.333,.515,.848,.299,17.64,807.0,46.0,61.0,341.0,310.0,69.0,18.0,3.0,2.0,16.0,1.0,76.0,9.0,2.0,3.0,99.0,27.0,4.0,.223,.279,.319,.598,.286,155.00,1246.0,63.0,107.0,2025
672640,Otto Lopez,146,Miami Marlins,,SS,2026,595.0,549.0,166.0,30.0,8.0,10.0,31.0,0.0,78.0,4.0,11.0,0.0,242.0,62.0,12.0,.302,.338,.441,.779,.331,54.90,2159.0,169.0,147.0,594.0,544.0,134.0,21.0,0.0,15.0,44.0,2.0,82.0,3.0,3.0,0.0,200.0,77.0,9.0,.246,.305,.368,.673,.264,36.27,2129.0,174.0,157.0,2025
641927,Bailey Ober,142,Minnesota Twins,,P,2026,,,,,,,,,,,,,,,,,,,,,,,,,,,,,,,,,,,,,,,,,,,,,,,,,2025
676742,Cam Sanders,110,Baltimore Orioles,,P,2026,,,,,,,,,,,,,,,,,,,,,,,,,,,,,,,,,,,,,,,,,,,,,,,,,2025
592773,Ryne Stanek,138,St. Louis Cardinals,,P,2026,,,,,,,,,,,,,,,,,,,,,,,,,0.0,0.0,0.0,0.0,0.0,0.0,0.0,0.0,0.0,0.0,0.0,0.0,0.0,0.0,0.0,.000,.000,.000,.000,.---,-.--,0.0,0.0,0.0,2025
592779,Brock Stewart,119,Los Angeles Dodgers,,P,2026,,,,,,,,,,,,,,,,,,,,,,,,,,,,,,,,,,,,,,,,,,,,,,,,,2025
656271,Brock Burke,113,Cincinnati Reds,,P,2026,,,,,,,,,,,,,,,,,,,,,,,,,,,,,,,,,,,,,,,,,,,,,,,,,2025
502671,Paul Goldschmidt,147,New York Yankees,,1B,2026,352.0,321.0,81.0,11.0,1.0,18.0,26.0,2.0,83.0,3.0,2.0,0.0,148.0,49.0,6.0,.252,.313,.461,.774,.284,17.83,1390.0,81.0,78.0,534.0,489.0,134.0,31.0,1.0,10.0,36.0,5.0,100.0,4.0,2.0,0.0,197.0,45.0,8.0,.274,.328,.403,.731,.325,48.90,2092.0,113.0,144.0,2025
553869,Elias Díaz,140,Texas Rangers,,C,2026,200.0,186.0,43.0,12.0,0.0,6.0,8.0,1.0,48.0,2.0,2.0,2.0,73.0,24.0,2.0,.231,.268,.392,.660,.276,31.00,776.0,41.0,58.0,283.0,255.0,52.0,7.0,0.0,9.0,21.0,0.0,74.0,2.0,0.0,5.0,86.0,29.0,11.0,.204,.270,.337,.607,.250,28.33,1055.0,51.0,83.0,2025
641941,Emilio Pagán,113,Cincinnati Reds,,P,2026,,,,,,,,,,,,,,,,,,,,,,,,,,,,,,,,,,,,,,,,,,,,,,,,,2025
656288,Griffin Canning,135,San Diego Padres,,P,2026,,,,,,,,,,,,,,,,,,,,,,,,,,,,,,,,,,,,,,,,,,,,,,,,,2025
592791,Jameson Taillon,141,Toronto Blue Jays,,P,2026,,,,,,,,,,,,,,,,,,,,,,,,,,,,,,,,,,,,,,,,,,,,,,,,,2025
670623,Isaac Paredes,117,Houston Astros,,3B,2026,569.0,486.0,125.0,24.0,1.0,18.0,61.0,0.0,74.0,17.0,5.0,0.0,205.0,75.0,15.0,.257,.357,.422,.779,.268,27.00,2514.0,87.0,205.0,438.0,378.0,96.0,15.0,1.0,20.0,50.0,0.0,76.0,8.0,2.0,0.0,173.0,53.0,10.0,.254,.352,.458,.810,.268,18.90,1943.0,73.0,135.0,2025
680869,Zack Gelof,133,Athletics,,3B,2026,348.0,314.0,81.0,14.0,1.0,16.0,26.0,0.0,88.0,5.0,0.0,3.0,145.0,40.0,8.0,.258,.325,.462,.787,.310,19.62,1365.0,73.0,75.0,101.0,92.0,16.0,3.0,0.0,2.0,7.0,0.0,46.0,0.0,1.0,1.0,25.0,7.0,0.0,.174,.230,.272,.502,.311,46.00,416.0,12.0,20.0,2025
805805,Walker Jenkins,142,Minnesota Twins,,CF,2026,24.0,20.0,3.0,1.0,0.0,1.0,4.0,0.0,4.0,0.0,0.0,0.0,7.0,3.0,0.0,.150,.292,.350,.642,.133,20.00,93.0,7.0,6.0,,,,,,,,,,,,,,,,,,,,,,,,,2025
699302,Héctor Rodríguez,113,Cincinnati Reds,,RF,2026,82.0,75.0,18.0,3.0,0.0,5.0,6.0,0.0,20.0,1.0,0.0,0.0,36.0,11.0,0.0,.240,.305,.480,.785,.260,15.00,288.0,23.0,14.0,,,,,,,,,,,,,,,,,,,,,,,,,2025
701350,Roman Anthony,111,Boston Red Sox,,LF,2026,154.0,131.0,35.0,7.0,2.0,3.0,22.0,1.0,38.0,1.0,0.0,0.0,55.0,7.0,1.0,.267,.377,.420,.797,.356,43.67,630.0,34.0,24.0,303.0,257.0,75.0,18.0,1.0,8.0,40.0,0.0,84.0,5.0,1.0,0.0,119.0,32.0,2.0,.292,.396,.463,.859,.404,32.12,1283.0,62.0,37.0,2025
684974,Craig Yoho,114,Cleveland Guardians,,P,2026,,,,,,,,,,,,,,,,,,,,,,,,,,,,,,,,,,,,,,,,,,,,,,,,,2025
805808,Kevin McGonigle,116,Detroit Tigers,,SS,2026,608.0,520.0,141.0,24.0,3.0,14.0,82.0,1.0,83.0,3.0,3.0,0.0,213.0,58.0,5.0,.271,.372,.410,.782,.298,37.14,2424.0,103.0,196.0,,,,,,,,,,,,,,,,,,,,,,,,,2025
680880,Grant Holman,143,Philadelphia Phillies,,P,2026,,,,,,,,,,,,,,,,,,,,,,,,,,,,,,,,,,,,,,,,,,,,,,,,,2025
701358,Cam Smith,117,Houston Astros,,RF,2026,493.0,443.0,94.0,16.0,5.0,17.0,37.0,0.0,122.0,6.0,6.0,0.0,171.0,50.0,9.0,.212,.278,.386,.664,.248,26.06,2020.0,120.0,113.0,493.0,441.0,104.0,21.0,3.0,9.0,43.0,0.0,137.0,7.0,2.0,0.0,158.0,51.0,11.0,.236,.312,.358,.670,.320,49.00,2024.0,104.0,98.0,2025
656302,Dylan Cease,141,Toronto Blue Jays,,P,2026,,,,,,,,,,,,,,,,,,,,,,,,,,,,,,,,,,,,,,,,,,,,,,,,,2025
805811,Bryce Eldridge,137,San Francisco Giants,,DH,2026,394.0,341.0,89.0,18.0,0.0,15.0,51.0,1.0,103.0,0.0,2.0,0.0,152.0,45.0,0.0,.261,.355,.446,.801,.329,22.73,1652.0,68.0,83.0,37.0,28.0,3.0,2.0,0.0,0.0,7.0,0.0,13.0,1.0,1.0,0.0,5.0,4.0,0.0,.107,.297,.179,.476,.188,-.--,160.0,6.0,7.0,2025
621493,Taylor Ward,136,Seattle Mariners,,DH,2026,587.0,482.0,109.0,20.0,1.0,7.0,95.0,2.0,126.0,7.0,3.0,0.0,152.0,34.0,9.0,.226,.359,.315,.674,.290,68.86,2440.0,112.0,138.0,663.0,579.0,132.0,31.0,2.0,36.0,75.0,1.0,175.0,3.0,6.0,0.0,275.0,103.0,13.0,.228,.317,.475,.792,.257,16.08,2788.0,112.0,166.0,2025
682928,CJ Abrams,120,Washington Nationals,,SS,2026,574.0,506.0,135.0,26.0,3.0,29.0,50.0,3.0,138.0,12.0,6.0,0.0,254.0,94.0,7.0,.267,.343,.502,.845,.307,17.45,2200.0,95.0,144.0,635.0,580.0,149.0,35.0,5.0,19.0,37.0,1.0,125.0,14.0,3.0,1.0,251.0,60.0,5.0,.257,.315,.433,.748,.296,30.53,2320.0,141.0,169.0,2025
672695,Geraldo Perdomo,109,Arizona Diamondbacks,,SS,2026,587.0,490.0,124.0,18.0,6.0,9.0,81.0,0.0,73.0,4.0,6.0,6.0,181.0,47.0,10.0,.253,.360,.369,.729,.278,54.44,2520.0,145.0,160.0,720.0,597.0,173.0,33.0,5.0,20.0,94.0,1.0,83.0,10.0,11.0,8.0,276.0,100.0,11.0,.290,.389,.462,.851,.303,29.85,3007.0,167.0,193.0,2025
801725,Luis De León,110,Baltimore Orioles,,P,2026,,,,,,,,,,,,,,,,,,,,,,,,,,,,,,,,,,,,,,,,,,,,,,,,,2025
680899,Erik Tolman,120,Washington Nationals,,P,2026,,,,,,,,,,,,,,,,,,,,,,,,,,,,,,,,,,,,,,,,,,,,,,,,,2025
695239,Robby Ahlstrom,140,Texas Rangers,,P,2026,,,,,,,,,,,,,,,,,,,,,,,,,,,,,,,,,,,,,,,,,,,,,,,,,2025
695243,Mason Miller,135,San Diego Padres,,P,2026,,,,,,,,,,,,,,,,,,,,,,,,,,,,,,,,,,,,,,,,,,,,,,,,,2025
605135,Chris Bassitt,110,Baltimore Orioles,,P,2026,,,,,,,,,,,,,,,,,,,,,,,,,,,,,,,,,,,,,,,,,,,,,,,,,2025
672724,Oswald Peraza,108,Los Angeles Angels,,2B,2026,344.0,317.0,71.0,12.0,2.0,7.0,15.0,0.0,102.0,10.0,1.0,1.0,108.0,24.0,8.0,.224,.280,.341,.621,.306,45.29,1309.0,81.0,65.0,265.0,244.0,40.0,6.0,0.0,5.0,17.0,0.0,80.0,2.0,1.0,0.0,61.0,20.0,6.0,.164,.223,.250,.473,.219,48.80,1005.0,70.0,55.0,2025
605137,Josh Bell,142,Minnesota Twins,,DH,2026,547.0,494.0,126.0,27.0,1.0,17.0,44.0,0.0,111.0,4.0,4.0,0.0,206.0,83.0,14.0,.255,.319,.417,.736,.295,29.06,2175.0,129.0,132.0,533.0,468.0,111.0,16.0,1.0,22.0,57.0,1.0,88.0,5.0,3.0,0.0,195.0,63.0,15.0,.237,.325,.417,.742,.247,21.27,2102.0,137.0,135.0,2025
605141,Mookie Betts,119,Los Angeles Dodgers,,SS,2026,439.0,401.0,97.0,19.0,0.0,17.0,35.0,3.0,50.0,2.0,1.0,0.0,167.0,53.0,14.0,.242,.305,.416,.721,.239,23.59,1585.0,94.0,161.0,663.0,589.0,152.0,23.0,2.0,20.0,61.0,2.0,68.0,3.0,10.0,0.0,239.0,82.0,15.0,.258,.326,.406,.732,.258,29.45,2460.0,136.0,243.0,2025
687064,Brandon Young,110,Baltimore Orioles,,P,2026,,,,,,,,,,,,,,,,,,,,,,,,,,,,,,,,,,,,,,,,,,,,,,,,,2025
701398,Sal Stewart,113,Cincinnati Reds,,1B,2026,607.0,538.0,143.0,25.0,0.0,31.0,57.0,5.0,130.0,4.0,8.0,0.0,261.0,105.0,15.0,.266,.336,.485,.821,.291,17.36,2386.0,141.0,132.0,58.0,55.0,14.0,1.0,0.0,5.0,3.0,0.0,15.0,0.0,0.0,0.0,30.0,8.0,1.0,.255,.293,.545,.838,.257,11.00,217.0,10.0,16.0,2025
695257,Billy Cook,134,Pittsburgh Pirates,,CF,2026,51.0,50.0,9.0,1.0,1.0,0.0,1.0,0.0,20.0,0.0,0.0,0.0,12.0,2.0,0.0,.180,.196,.240,.436,.300,-.--,182.0,7.0,14.0,6.0,6.0,2.0,0.0,0.0,0.0,0.0,0.0,1.0,0.0,0.0,0.0,2.0,0.0,0.0,.333,.333,.333,.666,.400,-.--,20.0,2.0,1.0,2025
607192,Tyler Glasnow,119,Los Angeles Dodgers,,P,2026,,,,,,,,,,,,,,,,,,,,,,,,,,,,,,,,,,,,,,,,,,,,,,,,,2025
592866,Trevor Williams,140,Texas Rangers,,P,2026,,,,,,,,,,,,,,,,,,,,,,,,,,,,,,,,,,,,,,,,,,,,,,,,,2025
607200,Erick Fedde,145,Chicago White Sox,,P,2026,,,,,,,,,,,,,,,,,,,,,,,,,,,,,,,,,,,,,,,,,,,,,,,,,2025
678882,Ceddanne Rafaela,111,Boston Red Sox,,CF,2026,569.0,535.0,151.0,32.0,3.0,16.0,21.0,1.0,115.0,8.0,3.0,2.0,237.0,70.0,10.0,.282,.317,.443,.760,.332,33.44,2073.0,135.0,139.0,587.0,546.0,136.0,34.0,4.0,16.0,28.0,0.0,117.0,8.0,2.0,3.0,226.0,63.0,9.0,.249,.295,.414,.709,.289,34.12,2128.0,139.0,159.0,2025
607208,Trea Turner,143,Philadelphia Phillies,,SS,2026,602.0,556.0,133.0,23.0,1.0,17.0,39.0,1.0,131.0,4.0,3.0,0.0,209.0,52.0,11.0,.239,.292,.376,.668,.282,32.71,2272.0,138.0,157.0,639.0,589.0,179.0,31.0,7.0,15.0,43.0,1.0,107.0,5.0,2.0,0.0,269.0,69.0,11.0,.304,.355,.457,.812,.350,39.27,2407.0,159.0,146.0,2025
682989,Victor Mederos,144,Atlanta Braves,,P,2026,1.0,1.0,1.0,0.0,0.0,0.0,0.0,0.0,0.0,0.0,0.0,0.0,1.0,2.0,0.0,1.000,1.000,1.000,2.000,1.000,-.--,3.0,0.0,0.0,,,,,,,,,,,,,,,,,,,,,,,,,2025
682985,Riley Greene,116,Detroit Tigers,,LF,2026,502.0,432.0,116.0,26.0,1.0,16.0,61.0,4.0,138.0,4.0,5.0,0.0,192.0,56.0,11.0,.269,.361,.444,.805,.353,27.00,2097.0,76.0,107.0,655.0,600.0,155.0,31.0,1.0,36.0,46.0,1.0,201.0,4.0,5.0,0.0,296.0,111.0,14.0,.258,.313,.493,.806,.323,16.67,2706.0,118.0,131.0,2025
682987,Spencer Jones,147,New York Yankees,,RF,2026,210.0,188.0,45.0,9.0,1.0,9.0,20.0,1.0,76.0,1.0,1.0,0.0,83.0,28.0,0.0,.239,.314,.441,.755,.346,20.89,903.0,22.0,46.0,,,,,,,,,,,,,,,,,,,,,,,,,2025
691182,Adael Amador,115,Colorado Rockies,,2B,2026,22.0,18.0,7.0,2.0,0.0,2.0,4.0,1.0,5.0,0.0,0.0,0.0,15.0,7.0,0.0,.389,.500,.833,1.333,.455,9.00,83.0,2.0,4.0,128.0,113.0,20.0,7.0,0.0,1.0,11.0,0.0,27.0,1.0,0.0,3.0,30.0,10.0,2.0,.177,.256,.265,.521,.224,113.00,451.0,30.0,39.0,2025
621550,Patrick Wisdom,136,Seattle Mariners,,3B,2026,49.0,46.0,5.0,1.0,0.0,1.0,3.0,1.0,20.0,0.0,0.0,0.0,9.0,4.0,0.0,.109,.163,.196,.359,.160,46.00,181.0,5.0,16.0,,,,,,,,,,,,,,,,,,,,,,,,,2025
605170,Victor Caratini,142,Minnesota Twins,,C,2026,345.0,293.0,65.0,9.0,0.0,7.0,34.0,1.0,68.0,10.0,8.0,0.0,95.0,40.0,7.0,.222,.316,.324,.640,.257,41.86,1321.0,80.0,88.0,386.0,344.0,89.0,14.0,0.0,12.0,23.0,0.0,65.0,13.0,6.0,0.0,139.0,46.0,8.0,.259,.324,.404,.728,.282,28.67,1417.0,93.0,103.0,2025
592885,Christian Yelich,158,Milwaukee Brewers,,DH,2026,431.0,381.0,92.0,23.0,2.0,10.0,42.0,4.0,111.0,4.0,3.0,1.0,149.0,49.0,7.0,.241,.321,.391,.712,.312,38.10,1804.0,121.0,61.0,644.0,573.0,151.0,21.0,0.0,29.0,64.0,6.0,167.0,6.0,1.0,0.0,259.0,103.0,6.0,.264,.343,.452,.795,.323,19.76,2601.0,174.0,82.0,2025
687093,Vaughn Grissom,108,Los Angeles Angels,,2B,2026,380.0,342.0,85.0,20.0,0.0,10.0,23.0,0.0,68.0,9.0,4.0,1.0,135.0,59.0,15.0,.249,.310,.395,.705,.280,34.20,1442.0,93.0,101.0,,,,,,,,,,,,,,,,,,,,,,,,,2025
682998,Corbin Carroll,109,Arizona Diamondbacks,,RF,2026,593.0,511.0,123.0,28.0,16.0,19.0,69.0,3.0,130.0,8.0,5.0,0.0,240.0,61.0,7.0,.241,.337,.470,.807,.283,26.90,2332.0,114.0,149.0,642.0,564.0,146.0,32.0,17.0,31.0,67.0,4.0,153.0,7.0,4.0,0.0,305.0,84.0,6.0,.259,.343,.541,.884,.299,18.19,2497.0,111.0,158.0,2025
683000,Riley Cornelio,120,Washington Nationals,,P,2026,,,,,,,,,,,,,,,,,,,,,,,,,,,,,,,,,,,,,,,,,,,,,,,,,2025
683002,Gunnar Henderson,110,Baltimore Orioles,,SS,2026,627.0,558.0,123.0,24.0,5.0,22.0,58.0,3.0,136.0,9.0,2.0,0.0,223.0,57.0,9.0,.220,.303,.400,.703,.251,25.36,2462.0,143.0,158.0,651.0,577.0,158.0,34.0,5.0,17.0,62.0,6.0,137.0,7.0,5.0,0.0,253.0,68.0,7.0,.274,.349,.438,.787,.329,33.94,2506.0,161.0,126.0,2025
689147,Orion Kerkering,143,Philadelphia Phillies,,P,2026,0.0,0.0,0.0,0.0,0.0,0.0,0.0,0.0,0.0,0.0,0.0,0.0,0.0,0.0,0.0,.000,.000,.000,.000,.---,-.--,0.0,0.0,0.0,,,,,,,,,,,,,,,,,,,,,,,,,2025
683003,Jared Jones,134,Pittsburgh Pirates,,P,2026,,,,,,,,,,,,,,,,,,,,,,,,,,,,,,,,,,,,,,,,,,,,,,,,,2025
678906,Kai-Wei Teng,117,Houston Astros,,P,2026,,,,,,,,,,,,,,,,,,,,,,,,,,,,,,,,,,,,,,,,,,,,,,,,,2025
621566,Matt Olson,144,Atlanta Braves,,1B,2026,609.0,544.0,138.0,33.0,0.0,37.0,59.0,5.0,156.0,3.0,3.0,0.0,282.0,80.0,9.0,.254,.328,.518,.846,.285,14.70,2589.0,108.0,145.0,724.0,624.0,170.0,41.0,2.0,29.0,91.0,2.0,176.0,4.0,5.0,0.0,302.0,95.0,14.0,.272,.366,.484,.850,.333,21.52,3166.0,133.0,150.0,2025
668670,Jake Rogers,145,Chicago White Sox,,C,2026,159.0,134.0,23.0,4.0,1.0,4.0,20.0,0.0,46.0,1.0,3.0,1.0,41.0,14.0,3.0,.172,.278,.306,.584,.218,33.50,642.0,29.0,40.0,142.0,123.0,23.0,5.0,2.0,3.0,15.0,0.0,39.0,1.0,2.0,1.0,41.0,19.0,3.0,.187,.277,.333,.610,.241,41.00,570.0,34.0,30.0,2025
642048,Tayler Saucedo,108,Los Angeles Angels,,P,2026,,,,,,,,,,,,,,,,,,,,,,,,,,,,,,,,,,,,,,,,,,,,,,,,,2025
666624,Christopher Morel,121,New York Mets,,1B,2026,89.0,82.0,14.0,3.0,0.0,0.0,6.0,0.0,31.0,1.0,0.0,0.0,17.0,2.0,0.0,.171,.236,.207,.443,.275,-.--,324.0,16.0,21.0,305.0,278.0,61.0,16.0,0.0,11.0,25.0,0.0,109.0,2.0,0.0,0.0,110.0,33.0,8.0,.219,.289,.396,.685,.316,25.27,1177.0,40.0,68.0,2025
699393,Pedro Ramírez,112,Chicago Cubs,,2B,2026,194.0,174.0,49.0,10.0,2.0,4.0,17.0,2.0,35.0,1.0,1.0,1.0,75.0,24.0,3.0,.282,.347,.431,.778,.331,43.50,722.0,45.0,47.0,,,,,,,,,,,,,,,,,,,,,,,,,2025
690976,Alex Freeland,119,Los Angeles Dodgers,,2B,2026,230.0,201.0,45.0,7.0,0.0,3.0,23.0,0.0,68.0,1.0,2.0,3.0,61.0,19.0,6.0,.224,.304,.303,.607,.318,67.00,937.0,52.0,41.0,97.0,84.0,16.0,2.0,1.0,2.0,11.0,0.0,35.0,1.0,0.0,1.0,26.0,6.0,3.0,.190,.292,.310,.602,.298,42.00,429.0,13.0,21.0,2025
703492,Nick Morabito,121,New York Mets,,LF,2026,16.0,14.0,2.0,1.0,0.0,0.0,0.0,0.0,9.0,2.0,0.0,0.0,3.0,3.0,0.0,.143,.250,.214,.464,.400,-.--,66.0,1.0,2.0,,,,,,,,,,,,,,,,,,,,,,,,,2025
500743,Miguel Rojas,119,Los Angeles Dodgers,,2B,2026,212.0,188.0,52.0,14.0,0.0,3.0,13.0,0.0,22.0,2.0,7.0,2.0,75.0,20.0,8.0,.277,.319,.399,.718,.288,62.67,755.0,58.0,65.0,317.0,290.0,76.0,18.0,0.0,7.0,24.0,1.0,46.0,0.0,0.0,3.0,115.0,27.0,7.0,.262,.318,.397,.715,.291,41.43,1166.0,83.0,88.0,2025
553993,Eugenio Suárez,113,Cincinnati Reds,,DH,2026,426.0,373.0,77.0,16.0,0.0,20.0,44.0,1.0,149.0,6.0,3.0,0.0,153.0,59.0,5.0,.206,.298,.410,.708,.275,18.65,1744.0,65.0,85.0,657.0,588.0,134.0,28.0,0.0,49.0,46.0,2.0,196.0,16.0,7.0,0.0,309.0,118.0,11.0,.228,.298,.526,.824,.243,12.00,2606.0,100.0,165.0,2025
672782,Yoendrys Gómez,142,Minnesota Twins,,P,2026,,,,,,,,,,,,,,,,,,,,,,,,,,,,,,,,,,,,,,,,,,,,,,,,,2025
683021,Michael Stefanic,133,Athletics,,2B,2026,20.0,18.0,7.0,1.0,0.0,0.0,2.0,0.0,3.0,0.0,0.0,0.0,8.0,2.0,0.0,.389,.450,.444,.894,.467,-.--,81.0,5.0,3.0,25.0,22.0,4.0,0.0,0.0,0.0,3.0,0.0,3.0,0.0,0.0,0.0,4.0,0.0,0.0,.182,.280,.182,.462,.211,-.--,98.0,7.0,8.0,2025
676879,Aaron Ashby,158,Milwaukee Brewers,,P,2026,,,,,,,,,,,,,,,,,,,,,,,,,,,,,,,,,,,,,,,,,,,,,,,,,2025
543760,Marcus Semien,121,New York Mets,,2B,2026,467.0,422.0,92.0,11.0,1.0,14.0,38.0,0.0,97.0,2.0,4.0,1.0,147.0,44.0,10.0,.218,.283,.348,.631,.248,30.14,1760.0,94.0,144.0,534.0,470.0,108.0,16.0,1.0,15.0,50.0,0.0,93.0,5.0,9.0,0.0,171.0,62.0,8.0,.230,.305,.364,.669,.251,31.33,2075.0,101.0,177.0,2025
674841,Andrew Alvarez,120,Washington Nationals,,P,2026,,,,,,,,,,,,,,,,,,,,,,,,,,,,,,,,,,,,,,,,,,,,,,,,,2025
607259,Nick Martinez,139,Tampa Bay Rays,,P,2026,,,,,,,,,,,,,,,,,,,,,,,,,,,,,,,,,,,,,,,,,,,,,,,,,2025
687134,Bradley Blalock,146,Miami Marlins,,P,2026,,,,,,,,,,,,,,,,,,,,,,,,,,,,,,,,,,,,,,,,,,,,,,,,,2025
656413,Stuart Fairchild,136,Seattle Mariners,,CF,2026,27.0,19.0,3.0,0.0,0.0,0.0,7.0,0.0,14.0,1.0,0.0,0.0,3.0,1.0,0.0,.158,.407,.158,.565,.600,-.--,110.0,0.0,2.0,55.0,51.0,11.0,4.0,1.0,0.0,4.0,0.0,15.0,0.0,0.0,0.0,17.0,2.0,2.0,.216,.273,.333,.606,.306,-.--,195.0,9.0,16.0,2025
703520,Brett Bateman,141,Toronto Blue Jays,,CF,2026,102.0,91.0,30.0,4.0,1.0,0.0,8.0,0.0,22.0,0.0,1.0,2.0,36.0,7.0,0.0,.330,.380,.396,.776,.429,-.--,371.0,29.0,13.0,,,,,,,,,,,,,,,,,,,,,,,,,2025
668709,JJ Bleday,113,Cincinnati Reds,,LF,2026,467.0,396.0,88.0,15.0,2.0,22.0,64.0,1.0,99.0,3.0,3.0,0.0,173.0,55.0,5.0,.222,.333,.437,.770,.237,18.00,1834.0,64.0,148.0,344.0,307.0,65.0,17.0,0.0,14.0,36.0,2.0,91.0,0.0,1.0,0.0,124.0,39.0,6.0,.212,.294,.404,.698,.251,21.93,1328.0,61.0,91.0,2025
666661,Juan Morillo,109,Arizona Diamondbacks,,P,2026,,,,,,,,,,,,,,,,,,,,,,,,,0.0,0.0,0.0,0.0,0.0,0.0,0.0,0.0,0.0,0.0,0.0,0.0,0.0,0.0,0.0,.000,.000,.000,.000,.---,-.--,0.0,0.0,0.0,2025
642086,Dominic Smith,144,Atlanta Braves,,DH,2026,287.0,258.0,67.0,6.0,1.0,8.0,21.0,1.0,45.0,2.0,5.0,1.0,99.0,44.0,6.0,.260,.315,.384,.699,.281,32.25,1103.0,73.0,79.0,225.0,204.0,58.0,12.0,0.0,5.0,15.0,0.0,42.0,2.0,4.0,0.0,85.0,33.0,5.0,.284,.333,.417,.750,.329,40.80,848.0,46.0,62.0,2025
670764,Taylor Walls,139,Tampa Bay Rays,,SS,2026,402.0,343.0,76.0,16.0,2.0,2.0,41.0,0.0,97.0,3.0,4.0,11.0,102.0,33.0,4.0,.222,.307,.297,.604,.298,171.50,1581.0,81.0,104.0,317.0,282.0,62.0,14.0,1.0,4.0,26.0,0.0,70.0,0.0,6.0,3.0,90.0,38.0,1.0,.220,.280,.319,.599,.271,70.50,1278.0,70.0,89.0,2025
695336,Thomas Saggese,138,St. Louis Cardinals,,LF,2026,100.0,91.0,22.0,2.0,1.0,4.0,8.0,0.0,29.0,0.0,1.0,0.0,38.0,10.0,2.0,.242,.300,.418,.718,.305,22.75,384.0,18.0,23.0,295.0,275.0,71.0,17.0,0.0,2.0,16.0,0.0,83.0,1.0,2.0,1.0,94.0,25.0,5.0,.258,.299,.342,.641,.359,137.50,1184.0,57.0,67.0,2025
670770,TJ Friedl,113,Cincinnati Reds,,CF,2026,263.0,231.0,38.0,6.0,1.0,4.0,21.0,0.0,60.0,5.0,1.0,5.0,58.0,12.0,3.0,.165,.248,.251,.499,.202,57.75,979.0,64.0,75.0,685.0,579.0,151.0,22.0,2.0,14.0,81.0,0.0,115.0,16.0,5.0,4.0,219.0,53.0,7.0,.261,.364,.378,.742,.301,41.36,2645.0,141.0,181.0,2025
668723,Ryan Vilade,139,Tampa Bay Rays,,RF,2026,230.0,206.0,54.0,8.0,2.0,11.0,19.0,1.0,50.0,1.0,3.0,1.0,99.0,39.0,4.0,.262,.323,.481,.804,.291,18.73,908.0,46.0,60.0,15.0,13.0,1.0,0.0,0.0,0.0,2.0,0.0,5.0,0.0,0.0,0.0,1.0,0.0,1.0,.077,.200,.077,.277,.125,-.--,60.0,6.0,1.0,2025
642100,Gabe Speier,136,Seattle Mariners,,P,2026,0.0,0.0,0.0,0.0,0.0,0.0,0.0,0.0,0.0,0.0,0.0,0.0,0.0,0.0,0.0,.000,.000,.000,.000,.---,-.--,0.0,0.0,0.0,,,,,,,,,,,,,,,,,,,,,,,,,2025
676917,Cade Cavalli,120,Washington Nationals,,P,2026,,,,,,,,,,,,,,,,,,,,,,,,,0.0,0.0,0.0,0.0,0.0,0.0,0.0,0.0,0.0,0.0,0.0,0.0,0.0,0.0,0.0,.000,.000,.000,.000,.---,-.--,0.0,0.0,0.0,2025
605242,Michael Fulmer,147,New York Yankees,,P,2026,,,,,,,,,,,,,,,,,,,,,,,,,,,,,,,,,,,,,,,,,,,,,,,,,2025
693304,Nick Gonzales,134,Pittsburgh Pirates,,3B,2026,545.0,494.0,153.0,23.0,1.0,6.0,39.0,0.0,89.0,11.0,1.0,0.0,196.0,59.0,13.0,.310,.372,.397,.769,.368,82.33,1996.0,143.0,110.0,408.0,381.0,99.0,18.0,3.0,5.0,21.0,0.0,73.0,2.0,4.0,0.0,138.0,30.0,12.0,.260,.299,.362,.661,.306,76.20,1405.0,104.0,109.0,2025
693308,Nick Frasso,115,Colorado Rockies,,P,2026,0.0,0.0,0.0,0.0,0.0,0.0,0.0,0.0,0.0,0.0,0.0,0.0,0.0,0.0,0.0,.000,.000,.000,.000,.---,-.--,0.0,0.0,0.0,,,,,,,,,,,,,,,,,,,,,,,,,2025
693307,Dillon Dingler,116,Detroit Tigers,,C,2026,539.0,487.0,121.0,24.0,2.0,26.0,32.0,0.0,121.0,15.0,3.0,0.0,227.0,82.0,12.0,.248,.313,.466,.779,.277,18.73,2085.0,107.0,141.0,469.0,435.0,121.0,21.0,2.0,13.0,23.0,2.0,110.0,9.0,1.0,0.0,185.0,57.0,5.0,.278,.327,.425,.752,.345,33.46,1793.0,91.0,114.0,2025
543807,George Springer,141,Toronto Blue Jays,,DH,2026,448.0,398.0,100.0,20.0,2.0,14.0,42.0,0.0,83.0,3.0,2.0,0.0,166.0,46.0,9.0,.251,.326,.417,.743,.284,28.43,1771.0,109.0,108.0,586.0,498.0,154.0,27.0,1.0,32.0,69.0,3.0,111.0,8.0,4.0,0.0,279.0,84.0,14.0,.309,.399,.560,.959,.340,15.56,2307.0,105.0,132.0,2025
693313,Carson Seymour,137,San Francisco Giants,,P,2026,,,,,,,,,,,,,,,,,,,,,,,,,,,,,,,,,,,,,,,,,,,,,,,,,2025
685126,Brandon Eisert,134,Pittsburgh Pirates,,P,2026,0.0,0.0,0.0,0.0,0.0,0.0,0.0,0.0,0.0,0.0,0.0,0.0,0.0,0.0,0.0,.000,.000,.000,.000,.---,-.--,0.0,0.0,0.0,,,,,,,,,,,,,,,,,,,,,,,,,2025
595014,Blake Treinen,119,Los Angeles Dodgers,,P,2026,,,,,,,,,,,,,,,,,,,,,,,,,,,,,,,,,,,,,,,,,,,,,,,,,2025
689225,Beau Brieske,116,Detroit Tigers,,P,2026,,,,,,,,,,,,,,,,,,,,,,,,,,,,,,,,,,,,,,,,,,,,,,,,,2025
519242,Chris Sale,144,Atlanta Braves,,P,2026,,,,,,,,,,,,,,,,,,,,,,,,,,,,,,,,,,,,,,,,,,,,,,,,,2025
681035,Christian Scott,121,New York Mets,,P,2026,,,,,,,,,,,,,,,,,,,,,,,,,,,,,,,,,,,,,,,,,,,,,,,,,2025
683083,Nasim Nuñez,120,Washington Nationals,,2B,2026,458.0,402.0,86.0,5.0,3.0,1.0,45.0,0.0,94.0,1.0,2.0,8.0,100.0,35.0,7.0,.214,.293,.249,.542,.275,402.00,1832.0,125.0,107.0,92.0,82.0,19.0,2.0,0.0,4.0,8.0,0.0,20.0,0.0,1.0,1.0,33.0,13.0,1.0,.232,.297,.402,.699,.254,20.50,417.0,26.0,19.0,2025
685133,Wade Meckler,108,Los Angeles Angels,,LF,2026,255.0,226.0,67.0,11.0,0.0,3.0,25.0,0.0,53.0,2.0,0.0,2.0,87.0,23.0,1.0,.296,.372,.385,.757,.376,75.33,930.0,63.0,45.0,,,,,,,,,,,,,,,,,,,,,,,,,2025
691277,Deyvison De Los Santos,146,Miami Marlins,,3B,2026,9.0,9.0,3.0,1.0,0.0,0.0,0.0,0.0,3.0,0.0,0.0,0.0,4.0,0.0,0.0,.333,.333,.444,.777,.500,-.--,40.0,2.0,1.0,,,,,,,,,,,,,,,,,,,,,,,,,2025
701519,Travis Adams,142,Minnesota Twins,,P,2026,,,,,,,,,,,,,,,,,,,,,,,,,,,,,,,,,,,,,,,,,,,,,,,,,2025
656464,Kevin Ginkel,109,Arizona Diamondbacks,,P,2026,,,,,,,,,,,,,,,,,,,,,,,,,,,,,,,,,,,,,,,,,,,,,,,,,2025
672841,Carlos Vargas,136,Seattle Mariners,,P,2026,,,,,,,,,,,,,,,,,,,,,,,,,,,,,,,,,,,,,,,,,,,,,,,,,2025
683090,Matthew Lugo,118,Kansas City Royals,,LF,2026,3.0,3.0,1.0,0.0,0.0,0.0,0.0,0.0,2.0,0.0,0.0,0.0,1.0,0.0,0.0,.333,.333,.333,.666,1.000,-.--,11.0,0.0,0.0,70.0,69.0,16.0,2.0,1.0,4.0,0.0,0.0,24.0,1.0,0.0,0.0,32.0,9.0,3.0,.232,.243,.464,.707,.293,17.25,242.0,18.0,11.0,2025
695380,Alex Hoppe,110,Baltimore Orioles,,P,2026,,,,,,,,,,,,,,,,,,,,,,,,,,,,,,,,,,,,,,,,,,,,,,,,,2025
650333,Luis Arraez,143,Philadelphia Phillies,,2B,2026,576.0,527.0,166.0,28.0,7.0,6.0,28.0,4.0,25.0,4.0,11.0,6.0,226.0,55.0,14.0,.315,.347,.429,.776,.316,87.83,2151.0,149.0,204.0,675.0,620.0,181.0,30.0,4.0,8.0,34.0,0.0,21.0,2.0,7.0,12.0,243.0,61.0,12.0,.292,.327,.392,.719,.289,77.50,2467.0,215.0,222.0,2025
646240,Rafael Devers,137,San Francisco Giants,,1B,2026,602.0,531.0,134.0,32.0,1.0,32.0,65.0,6.0,154.0,2.0,4.0,0.0,264.0,83.0,13.0,.252,.334,.497,.831,.292,16.59,2456.0,117.0,130.0,729.0,607.0,153.0,33.0,0.0,35.0,112.0,10.0,192.0,6.0,4.0,0.0,291.0,109.0,16.0,.252,.372,.479,.851,.307,17.34,3060.0,139.0,127.0,2025
605280,Clay Holmes,112,Chicago Cubs,,P,2026,,,,,,,,,,,,,,,,,,,,,,,,,,,,,,,,,,,,,,,,,,,,,,,,,2025
689254,Mason Fluharty,141,Toronto Blue Jays,,P,2026,,,,,,,,,,,,,,,,,,,,,,,,,,,,,,,,,,,,,,,,,,,,,,,,,2025
701538,Jackson Merrill,135,San Diego Padres,,CF,2026,576.0,531.0,128.0,22.0,3.0,22.0,37.0,3.0,141.0,3.0,2.0,3.0,222.0,70.0,8.0,.241,.293,.418,.711,.286,24.14,2245.0,110.0,157.0,483.0,440.0,116.0,25.0,6.0,16.0,33.0,1.0,108.0,4.0,5.0,1.0,201.0,67.0,4.0,.264,.317,.457,.774,.312,27.50,1703.0,88.0,134.0,2025
701542,Will Warren,147,New York Yankees,,P,2026,,,,,,,,,,,,,,,,,,,,,,,,,,,,,,,,,,,,,,,,,,,,,,,,,2025
656492,Foster Griffin,114,Cleveland Guardians,,P,2026,,,,,,,,,,,,,,,,,,,,,,,,,,,,,,,,,,,,,,,,,,,,,,,,,2025
805999,A.J. Ewing,121,New York Mets,,CF,2026,409.0,363.0,86.0,17.0,1.0,7.0,37.0,0.0,108.0,2.0,3.0,4.0,126.0,28.0,2.0,.237,.309,.347,.656,.315,51.86,1619.0,82.0,94.0,,,,,,,,,,,,,,,,,,,,,,,,,2025
703601,Max Clark,116,Detroit Tigers,,CF,2026,118.0,105.0,27.0,7.0,3.0,2.0,9.0,1.0,25.0,2.0,0.0,2.0,46.0,14.0,1.0,.257,.328,.438,.766,.321,52.50,438.0,24.0,31.0,,,,,,,,,,,,,,,,,,,,,,,,,2025
689266,Dylan Dodd,144,Atlanta Braves,,P,2026,,,,,,,,,,,,,,,,,,,,,,,,,,,,,,,,,,,,,,,,,,,,,,,,,2025
687221,Dalton Rushing,119,Los Angeles Dodgers,,C,2026,249.0,220.0,55.0,12.0,0.0,12.0,23.0,0.0,73.0,5.0,1.0,0.0,103.0,36.0,2.0,.250,.333,.468,.801,.316,18.33,934.0,37.0,56.0,155.0,142.0,29.0,5.0,0.0,4.0,10.0,0.0,58.0,1.0,2.0,0.0,46.0,24.0,1.0,.204,.258,.324,.582,.305,35.50,600.0,22.0,35.0,2025
703607,Henry Bolte,133,Athletics,,CF,2026,381.0,336.0,93.0,12.0,1.0,8.0,28.0,0.0,103.0,13.0,2.0,1.0,131.0,30.0,5.0,.277,.354,.390,.744,.374,42.00,1416.0,98.0,45.0,,,,,,,,,,,,,,,,,,,,,,,,,2025
681082,Bryson Stott,143,Philadelphia Phillies,,2B,2026,526.0,466.0,119.0,27.0,6.0,10.0,52.0,0.0,89.0,2.0,3.0,3.0,188.0,61.0,11.0,.255,.331,.403,.734,.295,46.60,2188.0,125.0,139.0,560.0,499.0,128.0,22.0,3.0,13.0,54.0,1.0,91.0,1.0,4.0,2.0,195.0,66.0,4.0,.257,.328,.391,.719,.288,38.38,2466.0,116.0,170.0,2025
666745,Jhony Brito,135,San Diego Padres,,P,2026,,,,,,,,,,,,,,,,,,,,,,,,,,,,,,,,,,,,,,,,,,,,,,,,,2025
695418,Brad Lord,120,Washington Nationals,,P,2026,0.0,0.0,0.0,0.0,0.0,0.0,0.0,0.0,0.0,0.0,0.0,0.0,0.0,0.0,0.0,.000,.000,.000,.000,.---,-.--,0.0,0.0,0.0,,,,,,,,,,,,,,,,,,,,,,,,,2025
703615,Jose Cabrera,109,Arizona Diamondbacks,,P,2026,,,,,,,,,,,,,,,,,,,,,,,,,,,,,,,,,,,,,,,,,,,,,,,,,2025
668800,Andrew Knizner,137,San Francisco Giants,,C,2026,32.0,29.0,6.0,2.0,0.0,1.0,2.0,0.0,5.0,1.0,0.0,0.0,11.0,1.0,1.0,.207,.281,.379,.660,.217,29.00,108.0,6.0,12.0,88.0,77.0,17.0,1.0,1.0,1.0,7.0,0.0,10.0,2.0,1.0,1.0,23.0,5.0,0.0,.221,.299,.299,.598,.239,77.00,321.0,24.0,28.0,2025
664702,Myles Straw,141,Toronto Blue Jays,,CF,2026,281.0,251.0,58.0,18.0,1.0,3.0,23.0,0.0,38.0,1.0,3.0,3.0,87.0,23.0,2.0,.231,.295,.347,.642,.258,83.67,1073.0,75.0,86.0,299.0,267.0,70.0,14.0,1.0,4.0,19.0,0.0,50.0,1.0,1.0,11.0,98.0,32.0,5.0,.262,.313,.367,.680,.308,66.75,1104.0,68.0,91.0,2025
687231,Darell Hernaiz,133,Athletics,,SS,2026,157.0,137.0,32.0,3.0,0.0,1.0,16.0,0.0,31.0,1.0,1.0,2.0,38.0,9.0,1.0,.234,.316,.277,.593,.292,137.00,619.0,34.0,43.0,197.0,173.0,40.0,5.0,1.0,2.0,17.0,0.0,24.0,0.0,5.0,2.0,53.0,16.0,2.0,.231,.292,.306,.598,.250,86.50,712.0,61.0,55.0,2025
547973,Aroldis Chapman,111,Boston Red Sox,,P,2026,0.0,0.0,0.0,0.0,0.0,0.0,0.0,0.0,0.0,0.0,0.0,0.0,0.0,0.0,0.0,.000,.000,.000,.000,.---,-.--,0.0,0.0,0.0,0.0,0.0,0.0,0.0,0.0,0.0,0.0,0.0,0.0,0.0,0.0,0.0,0.0,0.0,0.0,.000,.000,.000,.000,.---,-.--,0.0,0.0,0.0,2025
543877,Christian Vázquez,117,Houston Astros,,C,2026,252.0,228.0,48.0,7.0,0.0,7.0,18.0,1.0,49.0,0.0,1.0,5.0,76.0,25.0,3.0,.211,.267,.333,.600,.237,32.57,983.0,61.0,76.0,214.0,190.0,36.0,7.0,0.0,3.0,18.0,0.0,35.0,4.0,2.0,0.0,52.0,14.0,3.0,.189,.271,.274,.545,.214,63.33,833.0,48.0,73.0,2025
668804,Bryan Reynolds,134,Pittsburgh Pirates,,LF,2026,616.0,524.0,137.0,33.0,2.0,15.0,80.0,3.0,144.0,10.0,2.0,0.0,219.0,66.0,7.0,.261,.369,.418,.787,.332,34.93,2393.0,129.0,116.0,654.0,587.0,144.0,38.0,3.0,16.0,57.0,1.0,173.0,7.0,3.0,0.0,236.0,73.0,15.0,.245,.318,.402,.720,.319,36.69,2631.0,155.0,118.0,2025
687239,Ben Peoples,140,Texas Rangers,,P,2026,,,,,,,,,,,,,,,,,,,,,,,,,,,,,,,,,,,,,,,,,,,,,,,,,2025
668820,Max Kranick,120,Washington Nationals,,P,2026,,,,,,,,,,,,,,,,,,,,,,,,,,,,,,,,,,,,,,,,,,,,,,,,,2025
677008,Heston Kjerstad,110,Baltimore Orioles,,LF,2026,2.0,2.0,0.0,0.0,0.0,0.0,0.0,0.0,0.0,0.0,0.0,0.0,0.0,0.0,0.0,.000,.000,.000,.000,.000,-.--,7.0,0.0,2.0,167.0,156.0,30.0,5.0,2.0,4.0,6.0,0.0,45.0,4.0,1.0,0.0,51.0,19.0,9.0,.192,.240,.327,.567,.241,39.00,622.0,40.0,42.0,2025
683146,Brett Baty,121,New York Mets,,3B,2026,417.0,373.0,83.0,18.0,1.0,8.0,36.0,0.0,116.0,3.0,4.0,0.0,127.0,43.0,5.0,.223,.293,.340,.633,.296,46.62,1653.0,81.0,97.0,432.0,393.0,100.0,13.0,2.0,18.0,33.0,0.0,108.0,2.0,3.0,0.0,171.0,50.0,6.0,.254,.313,.435,.748,.304,21.83,1753.0,117.0,71.0,2025
664728,Kyle Isbel,118,Kansas City Royals,,CF,2026,269.0,243.0,57.0,9.0,1.0,6.0,14.0,0.0,60.0,3.0,2.0,7.0,86.0,24.0,7.0,.235,.282,.354,.636,.285,40.50,958.0,67.0,68.0,409.0,368.0,94.0,16.0,4.0,4.0,23.0,0.0,74.0,2.0,3.0,13.0,130.0,33.0,7.0,.255,.301,.353,.654,.307,92.00,1470.0,119.0,97.0,2025
677020,Josh Walker,110,Baltimore Orioles,,P,2026,,,,,,,,,,,,,,,,,,,,,,,,,,,,,,,,,,,,,,,,,,,,,,,,,2025
642201,Eli White,111,Boston Red Sox,,RF,2026,184.0,171.0,41.0,9.0,1.0,5.0,11.0,0.0,40.0,1.0,1.0,0.0,67.0,23.0,2.0,.240,.288,.392,.680,.283,34.20,719.0,54.0,37.0,271.0,256.0,60.0,8.0,3.0,10.0,11.0,1.0,70.0,2.0,1.0,1.0,104.0,35.0,2.0,.234,.270,.406,.676,.282,25.60,1001.0,61.0,67.0,2025
656537,Derek Hill,143,Philadelphia Phillies,,CF,2026,193.0,177.0,43.0,4.0,0.0,9.0,12.0,0.0,65.0,1.0,0.0,3.0,74.0,26.0,2.0,.243,.295,.418,.713,.330,19.67,745.0,37.0,35.0,149.0,134.0,29.0,6.0,0.0,3.0,9.0,0.0,48.0,3.0,0.0,3.0,44.0,11.0,3.0,.216,.281,.328,.609,.313,44.67,579.0,32.0,28.0,2025
687263,Zach Neto,108,Los Angeles Angels,,SS,2026,603.0,538.0,127.0,28.0,4.0,23.0,55.0,1.0,185.0,9.0,1.0,0.0,232.0,66.0,3.0,.236,.317,.431,.748,.314,23.39,2404.0,79.0,148.0,554.0,502.0,129.0,29.0,1.0,26.0,33.0,6.0,149.0,14.0,3.0,2.0,238.0,62.0,5.0,.257,.319,.474,.793,.312,19.31,2171.0,96.0,133.0,2025
650402,Gleyber Torres,116,Detroit Tigers,,2B,2026,354.0,301.0,79.0,12.0,0.0,8.0,48.0,3.0,66.0,3.0,2.0,0.0,115.0,36.0,6.0,.262,.367,.382,.749,.310,37.62,1469.0,85.0,73.0,628.0,532.0,136.0,22.0,0.0,16.0,85.0,0.0,101.0,4.0,7.0,0.0,206.0,74.0,11.0,.256,.358,.387,.745,.284,33.25,2652.0,130.0,172.0,2025
693409,César Prieto,138,St. Louis Cardinals,,3B,2026,31.0,31.0,2.0,0.0,0.0,0.0,0.0,0.0,4.0,0.0,0.0,0.0,2.0,0.0,1.0,.065,.065,.065,.130,.074,-.--,89.0,15.0,10.0,6.0,6.0,1.0,0.0,0.0,0.0,0.0,0.0,5.0,0.0,0.0,0.0,1.0,0.0,0.0,.167,.167,.167,.334,1.000,-.--,25.0,0.0,0.0,2025
656546,Jeff Hoffman,142,Minnesota Twins,,P,2026,,,,,,,,,,,,,,,,,,,,,,,,,0.0,0.0,0.0,0.0,0.0,0.0,0.0,0.0,0.0,0.0,0.0,0.0,0.0,0.0,0.0,.000,.000,.000,.000,.---,-.--,0.0,0.0,0.0,2025
668834,Easton McGee,118,Kansas City Royals,,P,2026,,,,,,,,,,,,,,,,,,,,,,,,,,,,,,,,,,,,,,,,,,,,,,,,,2025
656550,Grant Holmes,144,Atlanta Braves,,P,2026,,,,,,,,,,,,,,,,,,,,,,,,,,,,,,,,,,,,,,,,,,,,,,,,,2025
687273,Quinn Mathews,138,St. Louis Cardinals,,P,2026,,,,,,,,,,,,,,,,,,,,,,,,,,,,,,,,,,,,,,,,,,,,,,,,,2025
642215,Weston Wilson,136,Seattle Mariners,,3B,2026,142.0,125.0,26.0,4.0,0.0,4.0,16.0,0.0,46.0,1.0,0.0,0.0,42.0,11.0,1.0,.208,.303,.336,.639,.293,31.25,610.0,29.0,24.0,125.0,111.0,22.0,4.0,0.0,5.0,12.0,0.0,34.0,1.0,0.0,1.0,41.0,17.0,1.0,.198,.282,.369,.651,.236,22.20,536.0,30.0,26.0,2025
666808,Camilo Doval,134,Pittsburgh Pirates,,P,2026,,,,,,,,,,,,,,,,,,,,,,,,,,,,,,,,,,,,,,,,,,,,,,,,,2025
642232,Ryan Yarbrough,147,New York Yankees,,P,2026,,,,,,,,,,,,,,,,,,,,,,,,,,,,,,,,,,,,,,,,,,,,,,,,,2025
691384,Luis Perales,120,Washington Nationals,,P,2026,,,,,,,,,,,,,,,,,,,,,,,,,,,,,,,,,,,,,,,,,,,,,,,,,2025
664761,Alec Bohm,143,Philadelphia Phillies,,3B,2026,543.0,492.0,121.0,23.0,1.0,14.0,37.0,1.0,77.0,9.0,5.0,0.0,188.0,77.0,19.0,.246,.308,.382,.690,.264,35.14,1992.0,165.0,134.0,504.0,464.0,133.0,18.0,3.0,11.0,29.0,0.0,82.0,5.0,6.0,0.0,190.0,59.0,16.0,.287,.331,.409,.740,.324,42.18,1801.0,140.0,115.0,2025
693433,Bryan Woo,136,Seattle Mariners,,P,2026,,,,,,,,,,,,,,,,,,,,,,,,,,,,,,,,,,,,,,,,,,,,,,,,,2025
672960,Kazuma Okamoto,141,Toronto Blue Jays,,3B,2026,550.0,493.0,112.0,21.0,0.0,28.0,48.0,0.0,165.0,6.0,3.0,0.0,217.0,78.0,10.0,.227,.302,.440,.742,.277,17.61,2315.0,86.0,133.0,,,,,,,,,,,,,,,,,,,,,,,,,2025
660670,Ronald Acuña Jr.,144,Atlanta Braves,,RF,2026,383.0,329.0,80.0,13.0,1.0,14.0,47.0,2.0,90.0,5.0,2.0,0.0,137.0,39.0,2.0,.243,.345,.416,.761,.291,23.50,1554.0,76.0,85.0,412.0,338.0,98.0,12.0,1.0,21.0,71.0,4.0,102.0,3.0,0.0,0.0,175.0,42.0,5.0,.290,.417,.518,.935,.358,16.10,1741.0,72.0,66.0,2025
656577,Alex Jackson,142,Minnesota Twins,,C,2026,71.0,67.0,21.0,4.0,0.0,1.0,2.0,0.0,23.0,2.0,0.0,0.0,28.0,5.0,0.0,.313,.352,.418,.770,.465,67.00,260.0,13.0,10.0,100.0,91.0,20.0,8.0,0.0,5.0,5.0,0.0,37.0,4.0,0.0,0.0,43.0,8.0,2.0,.220,.290,.473,.763,.306,18.20,399.0,16.0,18.0,2025
695490,Edwin Arroyo,113,Cincinnati Reds,,2B,2026,158.0,146.0,33.0,4.0,1.0,0.0,6.0,0.0,37.0,3.0,1.0,2.0,39.0,5.0,0.0,.226,.269,.267,.536,.300,-.--,565.0,38.0,41.0,,,,,,,,,,,,,,,,,,,,,,,,,2025
695491,Joshua Báez,138,St. Louis Cardinals,,LF,2026,69.0,62.0,13.0,4.0,0.0,6.0,3.0,0.0,24.0,3.0,1.0,0.0,35.0,14.0,0.0,.210,.275,.565,.840,.212,10.33,237.0,8.0,18.0,,,,,,,,,,,,,,,,,,,,,,,,,2025
664770,Nathan Lukes,141,Toronto Blue Jays,,RF,2026,378.0,343.0,91.0,13.0,0.0,10.0,21.0,0.0,57.0,6.0,2.0,6.0,134.0,35.0,10.0,.265,.317,.391,.708,.291,34.30,1489.0,120.0,83.0,438.0,388.0,99.0,19.0,2.0,12.0,38.0,2.0,60.0,2.0,3.0,7.0,158.0,65.0,12.0,.255,.323,.407,.730,.273,32.33,1662.0,125.0,114.0,2025
664774,LaMonte Wade Jr.,117,Houston Astros,,LF,2026,124.0,106.0,22.0,5.0,0.0,3.0,18.0,0.0,31.0,0.0,0.0,0.0,36.0,17.0,0.0,.208,.323,.340,.663,.264,35.33,571.0,20.0,33.0,242.0,209.0,35.0,8.0,2.0,2.0,27.0,1.0,58.0,3.0,1.0,2.0,53.0,18.0,2.0,.167,.271,.254,.525,.220,104.50,1039.0,38.0,81.0,2025
691406,Junior Caminero,139,Tampa Bay Rays,,3B,2026,610.0,535.0,149.0,20.0,1.0,37.0,70.0,11.0,112.0,3.0,2.0,0.0,282.0,88.0,23.0,.279,.364,.527,.891,.289,14.46,2362.0,166.0,110.0,653.0,602.0,159.0,28.0,0.0,45.0,41.0,1.0,125.0,3.0,7.0,0.0,322.0,110.0,31.0,.264,.311,.535,.846,.260,13.38,2494.0,169.0,156.0,2025
687312,Gabriel Hughes,115,Colorado Rockies,,P,2026,,,,,,,,,,,,,,,,,,,,,,,,,,,,,,,,,,,,,,,,,,,,,,,,,2025
695505,Chase Burns,113,Cincinnati Reds,,P,2026,,,,,,,,,,,,,,,,,,,,,,,,,,,,,,,,,,,,,,,,,,,,,,,,,2025
695506,Jac Caglianone,118,Kansas City Royals,,RF,2026,505.0,469.0,133.0,27.0,2.0,23.0,30.0,2.0,131.0,5.0,1.0,0.0,233.0,69.0,5.0,.284,.333,.497,.830,.348,20.39,1788.0,114.0,92.0,232.0,210.0,33.0,6.0,1.0,7.0,18.0,0.0,52.0,4.0,0.0,0.0,62.0,18.0,4.0,.157,.237,.295,.532,.172,30.00,858.0,67.0,58.0,2025
660688,Keibert Ruiz,120,Washington Nationals,,C,2026,315.0,294.0,83.0,22.0,0.0,9.0,16.0,1.0,35.0,2.0,3.0,0.0,132.0,45.0,7.0,.282,.321,.449,.770,.292,32.67,1012.0,75.0,104.0,267.0,255.0,63.0,12.0,0.0,2.0,8.0,0.0,26.0,3.0,1.0,0.0,81.0,25.0,4.0,.247,.277,.318,.595,.268,127.50,888.0,93.0,74.0,2025
695508,Cam Cauley,140,Texas Rangers,,CF,2026,65.0,58.0,12.0,3.0,1.0,1.0,5.0,0.0,15.0,1.0,0.0,1.0,20.0,1.0,2.0,.207,.281,.345,.626,.262,58.00,237.0,16.0,16.0,,,,,,,,,,,,,,,,,,,,,,,,,2025
701656,Logan Henderson,158,Milwaukee Brewers,,P,2026,,,,,,,,,,,,,,,,,,,,,,,,,,,,,,,,,,,,,,,,,,,,,,,,,2025
605400,Aaron Nola,143,Philadelphia Phillies,,P,2026,,,,,,,,,,,,,,,,,,,,,,,,,,,,,,,,,,,,,,,,,,,,,,,,,2025
683227,Cody Freeman,140,Texas Rangers,,3B,2026,81.0,71.0,20.0,1.0,1.0,1.0,6.0,0.0,12.0,1.0,0.0,3.0,26.0,6.0,0.0,.282,.346,.366,.712,.328,71.00,334.0,20.0,22.0,121.0,114.0,26.0,4.0,0.0,3.0,5.0,0.0,19.0,0.0,1.0,1.0,39.0,15.0,3.0,.228,.258,.342,.600,.247,38.00,505.0,38.0,33.0,2025
814305,Yunior Tur,133,Athletics,,P,2026,,,,,,,,,,,,,,,,,,,,,,,,,,,,,,,,,,,,,,,,,,,,,,,,,2025
687330,Kevin Kelly,139,Tampa Bay Rays,,P,2026,,,,,,,,,,,,,,,,,,,,,,,,,0.0,0.0,0.0,0.0,0.0,0.0,0.0,0.0,0.0,0.0,0.0,0.0,0.0,0.0,0.0,.000,.000,.000,.000,.---,-.--,0.0,0.0,0.0,2025
668901,Mark Vientos,121,New York Mets,,1B,2026,260.0,243.0,52.0,9.0,0.0,12.0,12.0,0.0,62.0,3.0,2.0,0.0,97.0,36.0,12.0,.214,.258,.399,.657,.234,20.25,930.0,60.0,71.0,463.0,424.0,99.0,21.0,2.0,17.0,30.0,0.0,115.0,5.0,4.0,0.0,175.0,61.0,11.0,.233,.289,.413,.702,.277,24.94,1764.0,113.0,101.0,2025
670950,Trevor Richards,145,Chicago White Sox,,P,2026,0.0,0.0,0.0,0.0,0.0,0.0,0.0,0.0,0.0,0.0,0.0,0.0,0.0,0.0,0.0,.000,.000,.000,.000,.---,-.--,0.0,0.0,0.0,0.0,0.0,0.0,0.0,0.0,0.0,0.0,0.0,0.0,0.0,0.0,0.0,0.0,0.0,0.0,.000,.000,.000,.000,.---,-.--,0.0,0.0,0.0,2025
701675,Nathan Church,138,St. Louis Cardinals,,CF,2026,395.0,364.0,88.0,11.0,2.0,10.0,21.0,0.0,71.0,3.0,6.0,1.0,133.0,47.0,6.0,.242,.284,.365,.649,.270,36.40,1494.0,101.0,111.0,65.0,56.0,10.0,1.0,0.0,1.0,3.0,0.0,18.0,3.0,1.0,2.0,14.0,8.0,0.0,.179,.254,.250,.504,.237,56.00,257.0,20.0,11.0,2025
681190,Randy Vásquez,135,San Diego Padres,,P,2026,1.0,1.0,0.0,0.0,0.0,0.0,0.0,0.0,0.0,0.0,0.0,0.0,0.0,0.0,0.0,.000,.000,.000,.000,.000,-.--,1.0,1.0,0.0,,,,,,,,,,,,,,,,,,,,,,,,,2025
668904,Royce Lewis,142,Minnesota Twins,,1B,2026,430.0,387.0,91.0,21.0,1.0,14.0,36.0,1.0,106.0,3.0,4.0,0.0,156.0,51.0,3.0,.235,.302,.403,.705,.284,27.64,1671.0,71.0,123.0,403.0,376.0,89.0,18.0,0.0,13.0,25.0,0.0,80.0,0.0,2.0,0.0,146.0,52.0,7.0,.237,.283,.388,.671,.267,28.92,1517.0,76.0,133.0,2025
668909,Gavin Williams,114,Cleveland Guardians,,P,2026,,,,,,,,,,,,,,,,,,,,,,,,,,,,,,,,,,,,,,,,,,,,,,,,,2025
703725,Luis Gastelum,138,St. Louis Cardinals,,P,2026,,,,,,,,,,,,,,,,,,,,,,,,,,,,,,,,,,,,,,,,,,,,,,,,,2025
681198,TJ Rumfield,115,Colorado Rockies,,1B,2026,552.0,477.0,139.0,26.0,2.0,14.0,64.0,0.0,77.0,9.0,2.0,0.0,211.0,64.0,5.0,.291,.384,.442,.826,.322,34.07,2088.0,128.0,135.0,,,,,,,,,,,,,,,,,,,,,,,,,2025
701678,Hao-Yu Lee,116,Detroit Tigers,,2B,2026,274.0,253.0,68.0,13.0,1.0,8.0,18.0,1.0,64.0,0.0,2.0,1.0,107.0,36.0,1.0,.269,.315,.423,.738,.328,31.62,1006.0,52.0,72.0,,,,,,,,,,,,,,,,,,,,,,,,,2025
685299,Tanner Gordon,115,Colorado Rockies,,P,2026,,,,,,,,,,,,,,,,,,,,,,,,,,,,,,,,,,,,,,,,,,,,,,,,,2025
670970,Adrian Morejon,135,San Diego Padres,,P,2026,,,,,,,,,,,,,,,,,,,,,,,,,,,,,,,,,,,,,,,,,,,,,,,,,2025
650490,Yandy Díaz,139,Tampa Bay Rays,,DH,2026,600.0,534.0,162.0,23.0,1.0,21.0,51.0,5.0,86.0,10.0,5.0,0.0,250.0,76.0,14.0,.303,.372,.468,.840,.326,25.43,2228.0,166.0,125.0,651.0,583.0,175.0,29.0,1.0,25.0,57.0,4.0,92.0,6.0,5.0,0.0,281.0,83.0,12.0,.300,.366,.482,.848,.318,23.32,2525.0,193.0,128.0,2025
650489,Willi Castro,115,Colorado Rockies,,2B,2026,477.0,427.0,111.0,20.0,1.0,15.0,41.0,0.0,129.0,6.0,3.0,0.0,178.0,56.0,4.0,.260,.331,.417,.748,.336,28.47,1899.0,82.0,108.0,454.0,402.0,91.0,17.0,3.0,11.0,40.0,1.0,111.0,11.0,0.0,1.0,147.0,33.0,12.0,.226,.313,.366,.679,.286,36.54,1735.0,93.0,108.0,2025
695549,Jackson Jobe,116,Detroit Tigers,,P,2026,,,,,,,,,,,,,,,,,,,,,,,,,,,,,,,,,,,,,,,,,,,,,,,,,2025
681217,Chase Silseth,140,Texas Rangers,,P,2026,,,,,,,,,,,,,,,,,,,,,,,,,,,,,,,,,,,,,,,,,,,,,,,,,2025
656638,Alex Lange,118,Kansas City Royals,,P,2026,0.0,0.0,0.0,0.0,0.0,0.0,0.0,0.0,0.0,0.0,0.0,0.0,0.0,0.0,0.0,.000,.000,.000,.000,.---,-.--,0.0,0.0,0.0,,,,,,,,,,,,,,,,,,,,,,,,,2025
668930,Brice Turang,158,Milwaukee Brewers,,2B,2026,592.0,511.0,128.0,29.0,3.0,17.0,74.0,3.0,150.0,0.0,2.0,5.0,214.0,79.0,8.0,.250,.344,.419,.763,.321,30.06,2503.0,132.0,108.0,659.0,584.0,168.0,28.0,2.0,18.0,66.0,1.0,150.0,2.0,5.0,2.0,254.0,81.0,3.0,.288,.359,.435,.794,.356,32.44,2772.0,132.0,141.0,2025
656641,Jacob Latz,140,Texas Rangers,,P,2026,0.0,0.0,0.0,0.0,0.0,0.0,0.0,0.0,0.0,0.0,0.0,0.0,0.0,0.0,0.0,.000,.000,.000,.000,.---,-.--,0.0,0.0,0.0,,,,,,,,,,,,,,,,,,,,,,,,,2025
806146,George Lombard Jr.,147,New York Yankees,,SS,2026,87.0,79.0,20.0,1.0,1.0,2.0,7.0,0.0,24.0,0.0,1.0,0.0,29.0,6.0,0.0,.253,.310,.367,.677,.333,39.50,350.0,19.0,17.0,,,,,,,,,,,,,,,,,,,,,,,,,2025
689414,Liam Hicks,139,Tampa Bay Rays,,C,2026,493.0,425.0,122.0,13.0,1.0,17.0,50.0,3.0,48.0,10.0,7.0,1.0,188.0,75.0,7.0,.287,.370,.442,.812,.286,25.00,1796.0,123.0,140.0,390.0,332.0,82.0,13.0,1.0,6.0,43.0,0.0,56.0,9.0,3.0,3.0,115.0,45.0,5.0,.247,.346,.346,.692,.278,55.33,1537.0,101.0,99.0,2025
687363,Victor Scott II,138,St. Louis Cardinals,,CF,2026,185.0,156.0,31.0,4.0,0.0,2.0,16.0,0.0,44.0,2.0,1.0,10.0,41.0,9.0,3.0,.199,.280,.263,.543,.261,78.00,685.0,56.0,36.0,463.0,398.0,86.0,15.0,1.0,5.0,42.0,0.0,111.0,10.0,3.0,10.0,118.0,37.0,3.0,.216,.305,.296,.601,.284,79.60,1703.0,104.0,110.0,2025
605447,Jordan Romano,115,Colorado Rockies,,P,2026,,,,,,,,,,,,,,,,,,,,,,,,,,,,,,,,,,,,,,,,,,,,,,,,,2025
668941,JoJo Romero,158,Milwaukee Brewers,,P,2026,,,,,,,,,,,,,,,,,,,,,,,,,,,,,,,,,,,,,,,,,,,,,,,,,2025
668939,Adley Rutschman,111,Boston Red Sox,,C,2026,347.0,304.0,73.0,20.0,1.0,11.0,36.0,0.0,55.0,2.0,5.0,0.0,128.0,53.0,7.0,.240,.320,.421,.741,.255,27.64,1443.0,83.0,98.0,365.0,322.0,71.0,16.0,2.0,9.0,40.0,0.0,57.0,1.0,2.0,0.0,118.0,29.0,8.0,.220,.307,.366,.673,.240,35.78,1491.0,93.0,103.0,2025
670990,Yohan Ramírez,134,Pittsburgh Pirates,,P,2026,,,,,,,,,,,,,,,,,,,,,,,,,,,,,,,,,,,,,,,,,,,,,,,,,2025
681230,BJ Murray Jr.,112,Chicago Cubs,,3B,2026,5.0,5.0,1.0,0.0,0.0,0.0,0.0,0.0,2.0,0.0,0.0,0.0,1.0,0.0,0.0,.200,.200,.200,.400,.333,-.--,18.0,1.0,1.0,,,,,,,,,,,,,,,,,,,,,,,,,2025
615698,Cal Quantrill,140,Texas Rangers,,P,2026,,,,,,,,,,,,,,,,,,,,,,,,,,,,,,,,,,,,,,,,,,,,,,,,,2025
687377,Orlando Ribalta,120,Washington Nationals,,P,2026,0.0,0.0,0.0,0.0,0.0,0.0,0.0,0.0,0.0,0.0,0.0,0.0,0.0,0.0,0.0,.000,.000,.000,.000,.---,-.--,0.0,0.0,0.0,,,,,,,,,,,,,,,,,,,,,,,,,2025
668942,Josh Rojas,118,Kansas City Royals,,3B,2026,97.0,91.0,23.0,4.0,0.0,2.0,4.0,0.0,15.0,0.0,0.0,2.0,33.0,13.0,0.0,.253,.284,.363,.647,.284,45.50,349.0,22.0,33.0,211.0,189.0,34.0,9.0,0.0,2.0,19.0,0.0,48.0,0.0,2.0,1.0,49.0,11.0,6.0,.180,.252,.259,.511,.227,94.50,797.0,51.0,59.0,2025
668952,Ryan Kreidler,142,Minnesota Twins,,SS,2026,230.0,212.0,47.0,8.0,3.0,6.0,16.0,0.0,50.0,1.0,0.0,1.0,79.0,26.0,6.0,.222,.279,.373,.652,.263,35.33,851.0,60.0,56.0,44.0,38.0,4.0,0.0,0.0,0.0,4.0,0.0,19.0,0.0,0.0,2.0,4.0,0.0,0.0,.105,.190,.105,.295,.211,-.--,179.0,9.0,8.0,2025
687396,Brent Headrick,147,New York Yankees,,P,2026,,,,,,,,,,,,,,,,,,,,,,,,,,,,,,,,,,,,,,,,,,,,,,,,,2025
695578,James Wood,120,Washington Nationals,,RF,2026,539.0,441.0,117.0,26.0,1.0,30.0,90.0,9.0,154.0,4.0,4.0,0.0,235.0,73.0,5.0,.265,.391,.533,.924,.333,14.70,2245.0,92.0,82.0,689.0,598.0,153.0,38.0,0.0,31.0,85.0,8.0,221.0,3.0,3.0,0.0,284.0,94.0,12.0,.256,.350,.475,.825,.350,19.29,2887.0,143.0,84.0,2025
687401,Joey Ortiz,158,Milwaukee Brewers,,SS,2026,357.0,316.0,81.0,12.0,3.0,8.0,32.0,0.0,64.0,0.0,5.0,4.0,123.0,42.0,10.0,.256,.320,.389,.709,.293,39.50,1375.0,96.0,84.0,506.0,470.0,108.0,18.0,1.0,7.0,27.0,0.0,74.0,3.0,0.0,6.0,149.0,45.0,10.0,.230,.276,.317,.593,.260,67.14,1873.0,132.0,162.0,2025
605483,Blake Snell,119,Los Angeles Dodgers,,P,2026,,,,,,,,,,,,,,,,,,,,,,,,,,,,,,,,,,,,,,,,,,,,,,,,,2025
806188,Cade Gibson,146,Miami Marlins,,P,2026,0.0,0.0,0.0,0.0,0.0,0.0,0.0,0.0,0.0,0.0,0.0,0.0,0.0,0.0,0.0,.000,.000,.000,.000,.---,-.--,0.0,0.0,0.0,,,,,,,,,,,,,,,,,,,,,,,,,2025
642350,Jose Siri,108,Los Angeles Angels,,CF,2026,194.0,175.0,39.0,8.0,0.0,7.0,12.0,1.0,63.0,3.0,1.0,3.0,68.0,23.0,7.0,.223,.283,.389,.672,.302,25.00,745.0,36.0,41.0,36.0,32.0,2.0,2.0,0.0,0.0,4.0,0.0,17.0,0.0,0.0,0.0,4.0,1.0,0.0,.063,.167,.125,.292,.133,-.--,162.0,3.0,10.0,2025
800048,Parker Messick,114,Cleveland Guardians,,P,2026,,,,,,,,,,,,,,,,,,,,,,,,,,,,,,,,,,,,,,,,,,,,,,,,,2025
695600,Carter Jensen,118,Kansas City Royals,,C,2026,525.0,459.0,106.0,27.0,2.0,22.0,58.0,1.0,148.0,2.0,6.0,0.0,203.0,67.0,4.0,.231,.316,.442,.758,.285,20.86,2174.0,70.0,141.0,69.0,60.0,18.0,6.0,0.0,3.0,9.0,0.0,12.0,0.0,0.0,0.0,33.0,13.0,1.0,.300,.391,.550,.941,.333,20.00,293.0,17.0,13.0,2025
800050,Chase DeLauter,114,Cleveland Guardians,,RF,2026,493.0,440.0,129.0,26.0,3.0,13.0,50.0,0.0,73.0,0.0,3.0,0.0,200.0,60.0,8.0,.293,.363,.455,.818,.325,33.85,1911.0,111.0,130.0,,,,,,,,,,,,,,,,,,,,,,,,,2025
806198,Cooper Pratt,158,Milwaukee Brewers,,SS,2026,196.0,167.0,46.0,5.0,1.0,3.0,19.0,0.0,38.0,2.0,7.0,1.0,62.0,24.0,8.0,.275,.344,.371,.715,.323,55.67,778.0,46.0,45.0,,,,,,,,,,,,,,,,,,,,,,,,,2025
605488,Jeffrey Springs,133,Athletics,,P,2026,,,,,,,,,,,,,,,,,,,,,,,,,,,,,,,,,,,,,,,,,,,,,,,,,2025
668984,Casey Legumina,139,Tampa Bay Rays,,P,2026,,,,,,,,,,,,,,,,,,,,,,,,,0.0,0.0,0.0,0.0,0.0,0.0,0.0,0.0,0.0,0.0,0.0,0.0,0.0,0.0,0.0,.000,.000,.000,.000,.---,-.--,0.0,0.0,0.0,2025
695611,Gage Jump,133,Athletics,,P,2026,,,,,,,,,,,,,,,,,,,,,,,,,,,,,,,,,,,,,,,,,,,,,,,,,2025
650556,Bryan Abreu,117,Houston Astros,,P,2026,,,,,,,,,,,,,,,,,,,,,,,,,0.0,0.0,0.0,0.0,0.0,0.0,0.0,0.0,0.0,0.0,0.0,0.0,0.0,0.0,0.0,.000,.000,.000,.000,.---,-.--,0.0,0.0,0.0,2025
642376,Jefry Yan,121,New York Mets,,P,2026,,,,,,,,,,,,,,,,,,,,,,,,,,,,,,,,,,,,,,,,,,,,,,,,,2025
650559,Bryan De La Cruz,143,Philadelphia Phillies,,RF,2026,54.0,48.0,17.0,3.0,0.0,2.0,2.0,0.0,11.0,2.0,2.0,0.0,26.0,11.0,1.0,.354,.389,.542,.931,.405,24.00,203.0,12.0,10.0,50.0,47.0,9.0,1.0,0.0,0.0,3.0,0.0,18.0,0.0,0.0,0.0,10.0,0.0,1.0,.191,.240,.213,.453,.310,-.--,179.0,8.0,12.0,2025
656716,Zach McKinstry,116,Detroit Tigers,,RF,2026,381.0,336.0,71.0,15.0,3.0,4.0,37.0,1.0,61.0,3.0,2.0,3.0,104.0,26.0,4.0,.211,.294,.310,.604,.245,84.00,1444.0,92.0,117.0,511.0,452.0,117.0,23.0,11.0,12.0,46.0,1.0,111.0,7.0,5.0,1.0,198.0,49.0,6.0,.259,.333,.438,.771,.314,37.67,2035.0,116.0,114.0,2025
669003,Garrett Mitchell,158,Milwaukee Brewers,,CF,2026,455.0,395.0,103.0,26.0,3.0,9.0,53.0,2.0,144.0,5.0,1.0,1.0,162.0,55.0,4.0,.261,.355,.410,.765,.387,43.89,1847.0,96.0,54.0,78.0,68.0,14.0,4.0,1.0,0.0,7.0,0.0,25.0,1.0,1.0,1.0,20.0,3.0,0.0,.206,.286,.294,.580,.318,-.--,303.0,17.0,14.0,2025
671056,Iván Herrera,138,St. Louis Cardinals,,DH,2026,627.0,527.0,129.0,24.0,1.0,14.0,69.0,5.0,113.0,27.0,4.0,0.0,197.0,56.0,17.0,.245,.359,.374,.733,.285,37.64,2509.0,158.0,131.0,452.0,388.0,110.0,13.0,0.0,19.0,43.0,1.0,84.0,15.0,4.0,0.0,180.0,66.0,20.0,.284,.373,.464,.837,.315,20.42,1809.0,115.0,83.0,2025
681293,Spencer Arrighetti,141,Toronto Blue Jays,,P,2026,,,,,,,,,,,,,,,,,,,,,,,,,,,,,,,,,,,,,,,,,,,,,,,,,2025
681297,Colton Cowser,110,Baltimore Orioles,,CF,2026,342.0,298.0,64.0,6.0,0.0,13.0,39.0,0.0,103.0,1.0,3.0,1.0,109.0,37.0,2.0,.215,.305,.366,.671,.276,22.92,1468.0,61.0,74.0,360.0,327.0,64.0,14.0,0.0,16.0,27.0,1.0,128.0,6.0,0.0,0.0,126.0,40.0,5.0,.196,.269,.385,.654,.262,20.44,1486.0,71.0,64.0,2025
660821,Jesús Sánchez,141,Toronto Blue Jays,,RF,2026,293.0,263.0,69.0,18.0,0.0,8.0,17.0,1.0,68.0,8.0,5.0,0.0,111.0,35.0,6.0,.262,.321,.422,.743,.318,32.88,1097.0,65.0,66.0,497.0,451.0,107.0,21.0,4.0,14.0,42.0,1.0,110.0,2.0,2.0,0.0,178.0,48.0,10.0,.237,.304,.395,.699,.283,32.21,1936.0,121.0,115.0,2025
701785,Kaelen Culpepper,142,Minnesota Twins,,SS,2026,88.0,80.0,24.0,4.0,0.0,3.0,5.0,0.0,19.0,2.0,1.0,0.0,37.0,9.0,1.0,.300,.352,.463,.815,.356,26.67,341.0,17.0,21.0,,,,,,,,,,,,,,,,,,,,,,,,,2025
669016,Brandon Marsh,143,Philadelphia Phillies,,LF,2026,516.0,477.0,128.0,18.0,2.0,17.0,32.0,5.0,129.0,2.0,4.0,1.0,201.0,57.0,4.0,.268,.315,.421,.736,.331,28.06,1920.0,101.0,124.0,425.0,379.0,106.0,25.0,2.0,11.0,38.0,1.0,110.0,0.0,4.0,3.0,168.0,43.0,2.0,.280,.342,.443,.785,.363,34.46,1657.0,82.0,88.0,2025
666971,Lourdes Gurriel Jr.,109,Arizona Diamondbacks,,LF,2026,189.0,174.0,36.0,8.0,0.0,2.0,10.0,0.0,34.0,2.0,3.0,0.0,50.0,21.0,1.0,.207,.254,.287,.541,.241,87.00,681.0,47.0,60.0,546.0,500.0,124.0,24.0,2.0,19.0,31.0,0.0,76.0,6.0,9.0,0.0,209.0,80.0,11.0,.248,.295,.418,.713,.254,26.32,1994.0,121.0,188.0,2025
669020,Ryan Rolison,112,Chicago Cubs,,P,2026,0.0,0.0,0.0,0.0,0.0,0.0,0.0,0.0,0.0,0.0,0.0,0.0,0.0,0.0,0.0,.000,.000,.000,.000,.---,-.--,0.0,0.0,0.0,,,,,,,,,,,,,,,,,,,,,,,,,2025
642397,Gregory Soto,134,Pittsburgh Pirates,,P,2026,,,,,,,,,,,,,,,,,,,,,,,,,,,,,,,,,,,,,,,,,,,,,,,,,2025
814430,Brett Callahan,116,Detroit Tigers,,LF,2026,38.0,34.0,9.0,1.0,1.0,1.0,2.0,0.0,11.0,1.0,1.0,0.0,15.0,6.0,0.0,.265,.316,.441,.757,.348,34.00,117.0,6.0,9.0,,,,,,,,,,,,,,,,,,,,,,,,,2025
656730,Trevor Megill,158,Milwaukee Brewers,,P,2026,0.0,0.0,0.0,0.0,0.0,0.0,0.0,0.0,0.0,0.0,0.0,0.0,0.0,0.0,0.0,.000,.000,.000,.000,.---,-.--,0.0,0.0,0.0,,,,,,,,,,,,,,,,,,,,,,,,,2025
666974,Yennier Cano,110,Baltimore Orioles,,P,2026,,,,,,,,,,,,,,,,,,,,,,,,,0.0,0.0,0.0,0.0,0.0,0.0,0.0,0.0,0.0,0.0,0.0,0.0,0.0,0.0,0.0,.000,.000,.000,.000,.---,-.--,0.0,0.0,0.0,2025
683357,Owen Caissie,146,Miami Marlins,,RF,2026,308.0,274.0,61.0,14.0,0.0,13.0,23.0,0.0,115.0,4.0,7.0,0.0,114.0,52.0,3.0,.223,.286,.416,.702,.314,21.08,1267.0,41.0,64.0,27.0,26.0,5.0,1.0,0.0,1.0,1.0,0.0,11.0,0.0,0.0,0.0,9.0,4.0,0.0,.192,.222,.346,.568,.286,26.00,103.0,4.0,6.0,2025
669022,MacKenzie Gore,140,Texas Rangers,,P,2026,,,,,,,,,,,,,,,,,,,,,,,,,,,,,,,,,,,,,,,,,,,,,,,,,2025
630105,Jake Cronenworth,135,San Diego Padres,,2B,2026,341.0,302.0,65.0,11.0,0.0,4.0,32.0,0.0,80.0,5.0,0.0,2.0,88.0,26.0,3.0,.215,.301,.291,.592,.280,75.50,1418.0,80.0,79.0,515.0,419.0,103.0,20.0,1.0,11.0,69.0,1.0,107.0,15.0,7.0,4.0,158.0,59.0,4.0,.246,.367,.377,.744,.299,38.09,2184.0,101.0,119.0,2025
683363,Matt Wilkinson,137,San Francisco Giants,,P,2026,,,,,,,,,,,,,,,,,,,,,,,,,,,,,,,,,,,,,,,,,,,,,,,,,2025
687462,Spencer Horwitz,134,Pittsburgh Pirates,,1B,2026,397.0,340.0,84.0,12.0,1.0,10.0,46.0,0.0,62.0,7.0,4.0,0.0,128.0,41.0,14.0,.247,.345,.376,.721,.272,34.00,1590.0,88.0,110.0,411.0,364.0,99.0,26.0,0.0,11.0,44.0,1.0,73.0,2.0,1.0,0.0,158.0,51.0,7.0,.272,.353,.434,.787,.313,33.09,1698.0,85.0,108.0,2025
681320,Nate Lavender,121,New York Mets,,P,2026,,,,,,,,,,,,,,,,,,,,,,,,,,,,,,,,,,,,,,,,,,,,,,,,,2025
814439,Ryan Waldschmidt,109,Arizona Diamondbacks,,CF,2026,256.0,227.0,62.0,15.0,1.0,3.0,19.0,0.0,73.0,4.0,3.0,2.0,88.0,22.0,5.0,.273,.336,.388,.724,.383,75.67,995.0,39.0,58.0,,,,,,,,,,,,,,,,,,,,,,,,,2025
701807,Carson Benge,121,New York Mets,,RF,2026,554.0,507.0,141.0,18.0,3.0,16.0,40.0,1.0,120.0,6.0,1.0,0.0,213.0,54.0,7.0,.278,.338,.420,.758,.336,31.69,2254.0,125.0,122.0,,,,,,,,,,,,,,,,,,,,,,,,,2025
695657,Colson Montgomery,145,Chicago White Sox,,SS,2026,558.0,498.0,106.0,22.0,0.0,29.0,47.0,3.0,189.0,11.0,2.0,0.0,215.0,79.0,7.0,.213,.294,.432,.726,.273,17.17,2113.0,73.0,132.0,284.0,255.0,61.0,9.0,1.0,21.0,25.0,1.0,83.0,2.0,1.0,0.0,135.0,55.0,3.0,.239,.311,.529,.840,.263,12.14,1082.0,50.0,62.0,2025
656756,Jordan Montgomery,140,Texas Rangers,,P,2026,0.0,0.0,0.0,0.0,0.0,0.0,0.0,0.0,0.0,0.0,0.0,0.0,0.0,0.0,0.0,.000,.000,.000,.000,.---,-.--,0.0,0.0,0.0,,,,,,,,,,,,,,,,,,,,,,,,,2025
687473,Ryan Gusto,146,Miami Marlins,,P,2026,,,,,,,,,,,,,,,,,,,,,,,,,,,,,,,,,,,,,,,,,,,,,,,,,2025
695670,Harry Ford,120,Washington Nationals,,C,2026,87.0,75.0,15.0,5.0,0.0,3.0,11.0,0.0,22.0,1.0,0.0,0.0,29.0,8.0,2.0,.200,.310,.387,.697,.240,25.00,383.0,22.0,16.0,8.0,6.0,1.0,0.0,0.0,0.0,0.0,0.0,3.0,1.0,1.0,0.0,1.0,1.0,0.0,.167,.250,.167,.417,.250,-.--,29.0,1.0,2.0,2025
660853,Enyel De Los Santos,117,Houston Astros,,P,2026,,,,,,,,,,,,,,,,,,,,,,,,,0.0,0.0,0.0,0.0,0.0,0.0,0.0,0.0,0.0,0.0,0.0,0.0,0.0,0.0,0.0,.000,.000,.000,.000,.---,-.--,0.0,0.0,0.0,2025
671096,Andrew Abbott,113,Cincinnati Reds,,P,2026,,,,,,,,,,,,,,,,,,,,,,,,,,,,,,,,,,,,,,,,,,,,,,,,,2025
664954,Brett Sullivan,115,Colorado Rockies,,C,2026,208.0,190.0,46.0,13.0,1.0,7.0,13.0,0.0,35.0,1.0,3.0,1.0,82.0,31.0,4.0,.242,.290,.432,.722,.258,27.14,735.0,42.0,71.0,9.0,6.0,1.0,0.0,0.0,0.0,1.0,0.0,3.0,1.0,1.0,0.0,1.0,2.0,0.0,.167,.333,.167,.500,.250,-.--,36.0,0.0,3.0,2025
671106,Logan Allen,114,Cleveland Guardians,,P,2026,,,,,,,,,,,,,,,,,,,,,,,,,,,,,,,,,,,,,,,,,,,,,,,,,2025
695681,Christian Moore,108,Los Angeles Angels,,2B,2026,68.0,61.0,11.0,2.0,1.0,1.0,5.0,0.0,22.0,1.0,1.0,0.0,18.0,6.0,1.0,.180,.250,.295,.545,.256,61.00,294.0,14.0,15.0,184.0,162.0,32.0,5.0,1.0,7.0,19.0,0.0,62.0,1.0,1.0,1.0,60.0,16.0,3.0,.198,.284,.370,.654,.266,23.14,779.0,34.0,36.0,2025
691587,Eury Pérez,146,Miami Marlins,,P,2026,,,,,,,,,,,,,,,,,,,,,,,,,,,,,,,,,,,,,,,,,,,,,,,,,2025
695684,Elmer Rodríguez,147,New York Yankees,,P,2026,,,,,,,,,,,,,,,,,,,,,,,,,,,,,,,,,,,,,,,,,,,,,,,,,2025
669062,Erik Miller,111,Boston Red Sox,,P,2026,,,,,,,,,,,,,,,,,,,,,,,,,,,,,,,,,,,,,,,,,,,,,,,,,2025
671111,Sammy Peralta,108,Los Angeles Angels,,P,2026,,,,,,,,,,,,,,,,,,,,,,,,,,,,,,,,,,,,,,,,,,,,,,,,,2025
656775,Cedric Mullins,139,Tampa Bay Rays,,CF,2026,457.0,397.0,82.0,10.0,3.0,14.0,41.0,0.0,88.0,7.0,4.0,5.0,140.0,43.0,3.0,.207,.290,.353,.643,.227,28.36,1784.0,67.0,169.0,498.0,435.0,94.0,23.0,1.0,17.0,50.0,0.0,120.0,4.0,6.0,3.0,170.0,59.0,2.0,.216,.299,.391,.690,.253,25.59,2112.0,79.0,151.0,2025
691594,Javier Sanoja,146,Miami Marlins,,3B,2026,401.0,376.0,108.0,28.0,2.0,7.0,23.0,0.0,33.0,0.0,1.0,1.0,161.0,53.0,6.0,.287,.328,.428,.756,.300,53.71,1375.0,106.0,131.0,342.0,313.0,76.0,22.0,4.0,6.0,19.0,0.0,41.0,2.0,4.0,4.0,124.0,38.0,2.0,.243,.287,.396,.683,.259,52.17,1218.0,97.0,107.0,2025
669065,Kyle Stowers,146,Miami Marlins,,1B,2026,437.0,384.0,95.0,24.0,4.0,18.0,42.0,3.0,140.0,8.0,2.0,1.0,181.0,59.0,8.0,.247,.333,.471,.804,.338,21.33,1646.0,62.0,90.0,457.0,399.0,115.0,21.0,3.0,25.0,48.0,3.0,125.0,5.0,4.0,1.0,217.0,73.0,6.0,.288,.368,.544,.912,.356,15.96,1712.0,79.0,85.0,2025
681351,Logan O'Hoppe,140,Texas Rangers,,DH,2026,268.0,245.0,52.0,9.0,0.0,4.0,17.0,0.0,66.0,3.0,2.0,1.0,73.0,24.0,6.0,.212,.270,.298,.568,.271,61.25,963.0,47.0,83.0,451.0,423.0,90.0,8.0,1.0,19.0,24.0,0.0,139.0,2.0,1.0,1.0,157.0,43.0,12.0,.213,.258,.371,.629,.267,22.26,1758.0,89.0,107.0,2025
607625,Seth Lugo,118,Kansas City Royals,,P,2026,,,,,,,,,,,,,,,,,,,,,,,,,,,,,,,,,,,,,,,,,,,,,,,,,2025
650633,Michael King,135,San Diego Padres,,P,2026,,,,,,,,,,,,,,,,,,,,,,,,,,,,,,,,,,,,,,,,,,,,,,,,,2025
693645,Cam Schlittler,147,New York Yankees,,P,2026,,,,,,,,,,,,,,,,,,,,,,,,,,,,,,,,,,,,,,,,,,,,,,,,,2025
595345,Steven Okert,117,Houston Astros,,P,2026,,,,,,,,,,,,,,,,,,,,,,,,,,,,,,,,,,,,,,,,,,,,,,,,,2025
544150,Albert Suárez,110,Baltimore Orioles,,P,2026,,,,,,,,,,,,,,,,,,,,,,,,,,,,,,,,,,,,,,,,,,,,,,,,,2025
650644,Aaron Civale,112,Chicago Cubs,,P,2026,0.0,0.0,0.0,0.0,0.0,0.0,0.0,0.0,0.0,0.0,0.0,0.0,0.0,0.0,0.0,.000,.000,.000,.000,.---,-.--,0.0,0.0,0.0,,,,,,,,,,,,,,,,,,,,,,,,,2025
664983,Jake McCarthy,115,Colorado Rockies,,LF,2026,500.0,459.0,134.0,29.0,8.0,14.0,25.0,1.0,82.0,6.0,5.0,4.0,221.0,72.0,8.0,.292,.333,.481,.814,.326,32.79,1645.0,127.0,125.0,222.0,206.0,42.0,7.0,5.0,4.0,10.0,0.0,40.0,2.0,1.0,3.0,71.0,20.0,2.0,.204,.247,.345,.592,.233,51.50,846.0,83.0,45.0,2025
685464,Cade Winquest,138,St. Louis Cardinals,,P,2026,,,,,,,,,,,,,,,,,,,,,,,,,,,,,,,,,,,,,,,,,,,,,,,,,2025
656794,Sean Newcomb,145,Chicago White Sox,,P,2026,,,,,,,,,,,,,,,,,,,,,,,,,,,,,,,,,,,,,,,,,,,,,,,,,2025
814490,Ethan Pecko,117,Houston Astros,,P,2026,,,,,,,,,,,,,,,,,,,,,,,,,,,,,,,,,,,,,,,,,,,,,,,,,2025
669084,DL Hall,158,Milwaukee Brewers,,P,2026,0.0,0.0,0.0,0.0,0.0,0.0,0.0,0.0,0.0,0.0,0.0,0.0,0.0,0.0,0.0,.000,.000,.000,.000,.---,-.--,0.0,0.0,0.0,,,,,,,,,,,,,,,,,,,,,,,,,2025
701852,Drew Cavanaugh,137,San Francisco Giants,,C,2026,129.0,112.0,27.0,3.0,0.0,0.0,15.0,0.0,36.0,0.0,0.0,2.0,30.0,9.0,3.0,.241,.331,.268,.599,.355,-.--,496.0,23.0,28.0,,,,,,,,,,,,,,,,,,,,,,,,,2025
664991,Grant Wolfram,110,Baltimore Orioles,,P,2026,,,,,,,,,,,,,,,,,,,,,,,,,,,,,,,,,,,,,,,,,,,,,,,,,2025
804267,Zac Thornton,121,New York Mets,,P,2026,,,,,,,,,,,,,,,,,,,,,,,,,,,,,,,,,,,,,,,,,,,,,,,,,2025
695720,Tommy White,133,Athletics,,3B,2026,154.0,149.0,38.0,5.0,0.0,2.0,4.0,0.0,26.0,0.0,1.0,0.0,49.0,8.0,4.0,.255,.273,.329,.602,.295,74.50,540.0,45.0,41.0,,,,,,,,,,,,,,,,,,,,,,,,,2025
687529,Grant McCray,137,San Francisco Giants,,CF,2026,62.0,51.0,6.0,1.0,1.0,1.0,8.0,1.0,18.0,0.0,0.0,3.0,12.0,2.0,0.0,.118,.237,.235,.472,.156,51.00,252.0,16.0,14.0,26.0,22.0,2.0,0.0,1.0,0.0,2.0,0.0,11.0,0.0,1.0,1.0,4.0,2.0,1.0,.091,.160,.182,.342,.167,-.--,97.0,7.0,4.0,2025
699823,Tyler Davis,145,Chicago White Sox,,P,2026,,,,,,,,,,,,,,,,,,,,,,,,,,,,,,,,,,,,,,,,,,,,,,,,,2025
476594,Robert Stock,121,New York Mets,,P,2026,,,,,,,,,,,,,,,,,,,,,,,,,,,,,,,,,,,,,,,,,,,,,,,,,2025
681393,Connor Norby,115,Colorado Rockies,,2B,2026,312.0,270.0,59.0,17.0,0.0,6.0,33.0,0.0,93.0,8.0,1.0,0.0,94.0,26.0,6.0,.219,.321,.348,.669,.308,45.00,1218.0,50.0,69.0,337.0,311.0,78.0,17.0,1.0,8.0,18.0,0.0,90.0,5.0,3.0,0.0,121.0,34.0,3.0,.251,.300,.389,.689,.324,38.88,1245.0,68.0,78.0,2025
671155,Ivan Johnson,113,Cincinnati Reds,,2B,2026,19.0,16.0,1.0,0.0,0.0,0.0,3.0,0.0,7.0,0.0,0.0,0.0,1.0,0.0,0.0,.063,.211,.063,.274,.111,-.--,72.0,4.0,4.0,,,,,,,,,,,,,,,,,,,,,,,,,2025
695731,Braden Montgomery,145,Chicago White Sox,,RF,2026,295.0,259.0,58.0,12.0,3.0,5.0,32.0,0.0,59.0,3.0,1.0,0.0,91.0,35.0,4.0,.224,.315,.351,.666,.270,51.80,1135.0,91.0,52.0,,,,,,,,,,,,,,,,,,,,,,,,,2025
693686,Spencer Miles,141,Toronto Blue Jays,,P,2026,,,,,,,,,,,,,,,,,,,,,,,,,,,,,,,,,,,,,,,,,,,,,,,,,2025
695734,Daylen Lile,120,Washington Nationals,,LF,2026,581.0,532.0,135.0,26.0,6.0,20.0,38.0,2.0,110.0,6.0,5.0,0.0,233.0,80.0,6.0,.254,.308,.438,.746,.283,26.60,2136.0,112.0,180.0,351.0,321.0,96.0,15.0,11.0,9.0,21.0,0.0,56.0,4.0,3.0,1.0,160.0,41.0,5.0,.299,.347,.498,.845,.336,35.67,1306.0,73.0,100.0,2025
671162,Connor Thomas,118,Kansas City Royals,,P,2026,,,,,,,,,,,,,,,,,,,,,,,,,,,,,,,,,,,,,,,,,,,,,,,,,2025
665019,Kody Clemens,142,Minnesota Twins,,2B,2026,498.0,453.0,107.0,21.0,6.0,24.0,33.0,1.0,113.0,7.0,3.0,2.0,212.0,70.0,8.0,.236,.296,.468,.764,.260,18.88,1937.0,102.0,136.0,386.0,348.0,74.0,12.0,4.0,19.0,29.0,1.0,93.0,5.0,2.0,2.0,151.0,52.0,4.0,.213,.281,.434,.715,.231,18.32,1529.0,73.0,112.0,2025
554430,Zack Wheeler,143,Philadelphia Phillies,,P,2026,,,,,,,,,,,,,,,,,,,,,,,,,,,,,,,,,,,,,,,,,,,,,,,,,2025
640448,Kyle Finnegan,116,Detroit Tigers,,P,2026,,,,,,,,,,,,,,,,,,,,,,,,,,,,,,,,,,,,,,,,,,,,,,,,,2025
687551,Drew Gilbert,137,San Francisco Giants,,CF,2026,350.0,303.0,71.0,13.0,3.0,8.0,34.0,2.0,62.0,8.0,3.0,2.0,114.0,36.0,8.0,.234,.325,.376,.701,.267,37.88,1369.0,85.0,90.0,109.0,100.0,19.0,5.0,1.0,3.0,7.0,0.0,20.0,1.0,1.0,0.0,35.0,13.0,2.0,.190,.248,.350,.598,.205,33.33,416.0,34.0,28.0,2025
640455,Sean Manaea,121,New York Mets,,P,2026,,,,,,,,,,,,,,,,,,,,,,,,,,,,,,,,,,,,,,,,,,,,,,,,,2025
669134,Luis Campusano,135,San Diego Padres,,C,2026,181.0,155.0,43.0,11.0,0.0,5.0,24.0,0.0,42.0,2.0,0.0,0.0,69.0,23.0,4.0,.277,.381,.445,.826,.352,31.00,752.0,30.0,40.0,27.0,21.0,0.0,0.0,0.0,0.0,6.0,0.0,11.0,0.0,0.0,0.0,0.0,0.0,2.0,.000,.222,.000,.222,.000,-.--,126.0,9.0,1.0,2025
640459,Brian Navarreto,146,Miami Marlins,,C,2026,50.0,42.0,5.0,1.0,0.0,1.0,2.0,0.0,17.0,2.0,1.0,3.0,9.0,2.0,0.0,.119,.191,.214,.405,.160,42.00,204.0,14.0,10.0,15.0,14.0,4.0,2.0,0.0,1.0,0.0,0.0,3.0,0.0,1.0,0.0,9.0,5.0,0.0,.286,.267,.643,.910,.273,14.00,42.0,5.0,3.0,2025
687562,Jake Bennett,111,Boston Red Sox,,P,2026,,,,,,,,,,,,,,,,,,,,,,,,,,,,,,,,,,,,,,,,,,,,,,,,,2025
656848,Michael Petersen,146,Miami Marlins,,P,2026,,,,,,,,,,,,,,,,,,,,,,,,,,,,,,,,,,,,,,,,,,,,,,,,,2025
687570,Connor Prielipp,142,Minnesota Twins,,P,2026,,,,,,,,,,,,,,,,,,,,,,,,,,,,,,,,,,,,,,,,,,,,,,,,,2025
656849,David Peterson,112,Chicago Cubs,,P,2026,,,,,,,,,,,,,,,,,,,,,,,,,,,,,,,,,,,,,,,,,,,,,,,,,2025
673237,Yainer Diaz,117,Houston Astros,,C,2026,282.0,268.0,69.0,12.0,0.0,10.0,10.0,0.0,45.0,2.0,2.0,0.0,111.0,33.0,7.0,.257,.287,.414,.701,.274,26.80,905.0,98.0,58.0,567.0,542.0,139.0,25.0,1.0,20.0,20.0,2.0,95.0,2.0,3.0,0.0,226.0,70.0,13.0,.256,.284,.417,.701,.277,27.10,1871.0,162.0,149.0,2025
665052,Griffin Conine,146,Miami Marlins,,RF,2026,242.0,209.0,52.0,6.0,0.0,14.0,29.0,0.0,76.0,4.0,0.0,0.0,100.0,32.0,1.0,.249,.351,.478,.829,.319,14.93,921.0,40.0,41.0,86.0,79.0,20.0,7.0,0.0,2.0,7.0,0.0,25.0,0.0,0.0,0.0,33.0,8.0,0.0,.253,.314,.418,.732,.346,39.50,338.0,21.0,13.0,2025
681439,Zach Morgan,137,San Francisco Giants,,C,2026,,,,,,,,,,,,,,,,,,,,,,,,,,,,,,,,,,,,,,,,,,,,,,,,,2025
521692,Salvador Perez,118,Kansas City Royals,,DH,2026,548.0,506.0,112.0,22.0,1.0,18.0,21.0,2.0,108.0,12.0,7.0,0.0,190.0,65.0,19.0,.221,.266,.375,.641,.243,28.11,2043.0,131.0,162.0,641.0,597.0,141.0,35.0,0.0,30.0,28.0,5.0,125.0,12.0,1.0,0.0,266.0,100.0,14.0,.236,.284,.446,.730,.251,19.90,2267.0,145.0,187.0,2025
806367,Turner Hill,137,San Francisco Giants,,LF,2026,56.0,44.0,14.0,5.0,0.0,0.0,7.0,0.0,7.0,2.0,3.0,0.0,19.0,11.0,0.0,.318,.411,.432,.843,.350,-.--,206.0,12.0,14.0,,,,,,,,,,,,,,,,,,,,,,,,,2025
642528,Jonathan Loáisiga,109,Arizona Diamondbacks,,P,2026,0.0,0.0,0.0,0.0,0.0,0.0,0.0,0.0,0.0,0.0,0.0,0.0,0.0,0.0,0.0,.000,.000,.000,.000,.---,-.--,0.0,0.0,0.0,,,,,,,,,,,,,,,,,,,,,,,,,2025
656876,Drew Rasmussen,139,Tampa Bay Rays,,P,2026,,,,,,,,,,,,,,,,,,,,,,,,,,,,,,,,,,,,,,,,,,,,,,,,,2025
669160,Dustin May,158,Milwaukee Brewers,,P,2026,,,,,,,,,,,,,,,,,,,,,,,,,,,,,,,,,,,,,,,,,,,,,,,,,2025
677347,Kyren Paris,108,Los Angeles Angels,,2B,2026,,,,,,,,,,,,,,,,,,,,,,,,,140.0,126.0,24.0,4.0,1.0,6.0,10.0,0.0,59.0,3.0,0.0,0.0,48.0,11.0,1.0,.190,.266,.381,.647,.295,21.00,547.0,17.0,26.0,2025
687597,Jordan Beck,115,Colorado Rockies,,LF,2026,146.0,135.0,27.0,7.0,2.0,1.0,10.0,0.0,44.0,0.0,1.0,0.0,41.0,11.0,5.0,.200,.253,.304,.557,.286,135.00,561.0,27.0,38.0,588.0,539.0,139.0,27.0,5.0,16.0,43.0,0.0,174.0,4.0,1.0,0.0,224.0,53.0,9.0,.258,.317,.416,.733,.351,33.69,2336.0,108.0,119.0,2025
542194,Christian Bethancourt,134,Pittsburgh Pirates,,C,2026,,,,,,,,,,,,,,,,,,,,,,,,,,,,,,,,,,,,,,,,,,,,,,,,,2025
669165,Kyle Hurt,119,Los Angeles Dodgers,,P,2026,,,,,,,,,,,,,,,,,,,,,,,,,,,,,,,,,,,,,,,,,,,,,,,,,2025
642547,Freddy Peralta,139,Tampa Bay Rays,,P,2026,,,,,,,,,,,,,,,,,,,,,,,,,,,,,,,,,,,,,,,,,,,,,,,,,2025
671218,Heliot Ramos,147,New York Yankees,,LF,2026,383.0,352.0,85.0,18.0,3.0,10.0,25.0,2.0,103.0,5.0,1.0,0.0,139.0,38.0,8.0,.241,.300,.395,.695,.313,35.20,1497.0,96.0,69.0,695.0,620.0,159.0,24.0,1.0,21.0,52.0,2.0,158.0,17.0,6.0,0.0,248.0,69.0,16.0,.256,.328,.400,.728,.309,29.52,2653.0,147.0,162.0,2025
622088,Tejay Antone,113,Cincinnati Reds,,P,2026,,,,,,,,,,,,,,,,,,,,,,,,,,,,,,,,,,,,,,,,,,,,,,,,,2025
624133,Ranger Suarez,111,Boston Red Sox,,P,2026,,,,,,,,,,,,,,,,,,,,,,,,,,,,,,,,,,,,,,,,,,,,,,,,,2025
691718,Pete Crow-Armstrong,112,Chicago Cubs,,CF,2026,631.0,543.0,152.0,27.0,7.0,39.0,73.0,6.0,166.0,11.0,3.0,1.0,310.0,93.0,2.0,.280,.375,.571,.946,.331,13.92,2501.0,80.0,149.0,647.0,591.0,146.0,37.0,4.0,31.0,29.0,1.0,155.0,9.0,12.0,6.0,284.0,95.0,1.0,.247,.287,.481,.768,.276,19.06,2312.0,116.0,192.0,2025
691723,Coby Mayo,110,Baltimore Orioles,,3B,2026,372.0,340.0,75.0,13.0,3.0,19.0,26.0,0.0,119.0,5.0,1.0,0.0,151.0,55.0,4.0,.221,.285,.444,.729,.276,17.90,1522.0,56.0,91.0,294.0,263.0,57.0,12.0,0.0,11.0,27.0,0.0,84.0,4.0,0.0,0.0,102.0,28.0,2.0,.217,.299,.388,.687,.274,23.91,1132.0,49.0,73.0,2025
691725,Andrew Painter,143,Philadelphia Phillies,,P,2026,,,,,,,,,,,,,,,,,,,,,,,,,,,,,,,,,,,,,,,,,,,,,,,,,2025
669199,Lake Bachar,134,Pittsburgh Pirates,,P,2026,,,,,,,,,,,,,,,,,,,,,,,,,,,,,,,,,,,,,,,,,,,,,,,,,2025
691728,Zac Veen,115,Colorado Rockies,,LF,2026,39.0,34.0,9.0,2.0,1.0,2.0,4.0,0.0,15.0,1.0,0.0,0.0,19.0,8.0,0.0,.265,.359,.559,.918,.412,17.00,141.0,4.0,6.0,37.0,34.0,4.0,1.0,0.0,1.0,2.0,0.0,14.0,1.0,0.0,0.0,8.0,2.0,0.0,.118,.189,.235,.424,.158,34.00,140.0,7.0,9.0,2025
593428,Xander Bogaerts,135,San Diego Padres,,SS,2026,527.0,452.0,99.0,14.0,0.0,11.0,66.0,2.0,93.0,4.0,5.0,0.0,146.0,51.0,10.0,.219,.321,.323,.644,.249,41.09,2054.0,146.0,119.0,552.0,491.0,129.0,30.0,0.0,11.0,48.0,3.0,94.0,4.0,8.0,1.0,192.0,53.0,12.0,.263,.328,.391,.719,.299,44.64,2100.0,126.0,151.0,2025
572955,Pierce Johnson,113,Cincinnati Reds,,P,2026,,,,,,,,,,,,,,,,,,,,,,,,,,,,,,,,,,,,,,,,,,,,,,,,,2025
548384,Brooks Raley,143,Philadelphia Phillies,,P,2026,,,,,,,,,,,,,,,,,,,,,,,,,,,,,,,,,,,,,,,,,,,,,,,,,2025
687637,Dylan Beavers,110,Baltimore Orioles,,LF,2026,286.0,253.0,62.0,17.0,0.0,6.0,29.0,1.0,72.0,2.0,1.0,1.0,97.0,32.0,3.0,.245,.326,.383,.709,.318,42.17,1193.0,48.0,73.0,137.0,110.0,25.0,5.0,1.0,4.0,26.0,0.0,36.0,0.0,0.0,1.0,44.0,14.0,0.0,.227,.375,.400,.775,.300,27.50,615.0,14.0,36.0,2025
681508,Mickey Gasper,111,Boston Red Sox,,DH,2026,173.0,148.0,41.0,9.0,1.0,7.0,20.0,0.0,27.0,3.0,1.0,1.0,73.0,21.0,3.0,.277,.372,.493,.865,.296,21.14,637.0,39.0,43.0,110.0,95.0,15.0,1.0,0.0,2.0,10.0,0.0,20.0,3.0,1.0,1.0,22.0,11.0,1.0,.158,.257,.232,.489,.176,47.50,451.0,24.0,38.0,2025
669224,Austin Wells,147,New York Yankees,,C,2026,330.0,290.0,55.0,7.0,0.0,10.0,34.0,2.0,89.0,3.0,2.0,1.0,92.0,28.0,10.0,.190,.280,.317,.597,.233,29.00,1337.0,59.0,90.0,448.0,401.0,88.0,22.0,1.0,21.0,30.0,0.0,118.0,5.0,11.0,0.0,175.0,71.0,10.0,.219,.275,.436,.711,.245,19.10,1794.0,75.0,131.0,2025
669221,Sean Murphy,144,Atlanta Braves,,C,2026,66.0,62.0,15.0,3.0,0.0,3.0,4.0,0.0,23.0,0.0,0.0,0.0,27.0,8.0,1.0,.242,.288,.435,.723,.333,20.67,237.0,15.0,9.0,337.0,291.0,58.0,13.0,0.0,16.0,35.0,1.0,105.0,8.0,3.0,0.0,119.0,45.0,9.0,.199,.300,.409,.709,.243,18.19,1357.0,75.0,56.0,2025
656941,Kyle Schwarber,143,Philadelphia Phillies,,DH,2026,601.0,501.0,120.0,17.0,1.0,40.0,87.0,6.0,198.0,6.0,6.0,0.0,259.0,83.0,1.0,.240,.355,.517,.872,.297,12.52,2521.0,76.0,113.0,724.0,604.0,145.0,23.0,2.0,56.0,108.0,6.0,197.0,11.0,1.0,0.0,340.0,132.0,4.0,.240,.365,.563,.928,.253,10.79,3059.0,114.0,149.0,2025
681517,Kyle Leahy,138,St. Louis Cardinals,,P,2026,,,,,,,,,,,,,,,,,,,,,,,,,,,,,,,,,,,,,,,,,,,,,,,,,2025
800311,Didier Fuentes,144,Atlanta Braves,,P,2026,0.0,0.0,0.0,0.0,0.0,0.0,0.0,0.0,0.0,0.0,0.0,0.0,0.0,0.0,0.0,.000,.000,.000,.000,.---,-.--,0.0,0.0,0.0,,,,,,,,,,,,,,,,,,,,,,,,,2025
656945,Tanner Scott,119,Los Angeles Dodgers,,P,2026,,,,,,,,,,,,,,,,,,,,,,,,,0.0,0.0,0.0,0.0,0.0,0.0,0.0,0.0,0.0,0.0,0.0,0.0,0.0,0.0,0.0,.000,.000,.000,.000,.---,-.--,0.0,0.0,0.0,2025
671277,Luis García Jr.,147,New York Yankees,,1B,2026,478.0,453.0,129.0,25.0,5.0,28.0,23.0,0.0,79.0,0.0,2.0,0.0,248.0,88.0,9.0,.285,.318,.547,.865,.290,16.18,1756.0,134.0,113.0,526.0,488.0,123.0,28.0,1.0,16.0,27.0,1.0,84.0,2.0,9.0,0.0,201.0,66.0,7.0,.252,.289,.412,.701,.270,30.50,1838.0,158.0,132.0,2025
669242,Tommy Edman,119,Los Angeles Dodgers,,2B,2026,247.0,219.0,61.0,10.0,2.0,5.0,15.0,0.0,50.0,11.0,0.0,2.0,90.0,29.0,4.0,.279,.355,.411,.766,.341,43.80,909.0,54.0,56.0,377.0,346.0,78.0,13.0,1.0,13.0,19.0,0.0,61.0,6.0,5.0,1.0,132.0,49.0,4.0,.225,.274,.382,.656,.235,26.62,1338.0,110.0,103.0,2025
693821,Bryce Elder,144,Atlanta Braves,,P,2026,,,,,,,,,,,,,,,,,,,,,,,,,,,,,,,,,,,,,,,,,,,,,,,,,2025
691777,Max Muncy,133,Athletics,,3B,2026,255.0,228.0,49.0,9.0,2.0,7.0,20.0,0.0,82.0,4.0,3.0,0.0,83.0,26.0,6.0,.215,.286,.364,.650,.296,32.57,1004.0,39.0,61.0,220.0,206.0,44.0,7.0,0.0,9.0,10.0,0.0,68.0,3.0,1.0,0.0,78.0,23.0,1.0,.214,.259,.379,.638,.269,22.89,824.0,51.0,44.0,2025
665152,Dean Kremer,142,Minnesota Twins,,P,2026,,,,,,,,,,,,,,,,,,,,,,,,,,,,,,,,,,,,,,,,,,,,,,,,,2025
800325,Luis Lara,158,Milwaukee Brewers,,RF,2026,151.0,134.0,37.0,7.0,2.0,1.0,15.0,0.0,30.0,1.0,1.0,0.0,51.0,20.0,1.0,.276,.351,.381,.732,.346,134.00,654.0,41.0,27.0,,,,,,,,,,,,,,,,,,,,,,,,,2025
691781,Brady House,120,Washington Nationals,,3B,2026,292.0,264.0,64.0,13.0,0.0,10.0,22.0,0.0,80.0,3.0,3.0,0.0,107.0,41.0,5.0,.242,.305,.405,.710,.305,26.40,1070.0,70.0,53.0,274.0,261.0,61.0,11.0,0.0,4.0,8.0,0.0,78.0,0.0,5.0,0.0,84.0,29.0,11.0,.234,.252,.322,.574,.310,65.25,969.0,66.0,61.0,2025
681544,Wyatt Olds,111,Boston Red Sox,,P,2026,,,,,,,,,,,,,,,,,,,,,,,,,,,,,,,,,,,,,,,,,,,,,,,,,2025
691783,Jordan Lawlar,109,Arizona Diamondbacks,,CF,2026,85.0,76.0,21.0,2.0,0.0,4.0,4.0,0.0,23.0,4.0,0.0,1.0,35.0,10.0,0.0,.276,.345,.461,.806,.347,19.00,324.0,14.0,19.0,74.0,66.0,12.0,7.0,0.0,0.0,6.0,0.0,26.0,1.0,1.0,0.0,19.0,5.0,0.0,.182,.257,.288,.545,.293,-.--,285.0,13.0,16.0,2025
665161,Jeremy Peña,117,Houston Astros,,SS,2026,392.0,360.0,100.0,16.0,1.0,17.0,23.0,0.0,86.0,7.0,2.0,0.0,169.0,46.0,3.0,.278,.332,.469,.801,.320,21.18,1430.0,90.0,86.0,543.0,493.0,150.0,30.0,2.0,17.0,35.0,2.0,93.0,12.0,2.0,1.0,235.0,62.0,9.0,.304,.363,.477,.840,.345,29.00,1779.0,137.0,116.0,2025
691788,Joe Mack,146,Miami Marlins,,C,2026,280.0,256.0,60.0,8.0,0.0,12.0,17.0,0.0,72.0,2.0,1.0,4.0,104.0,40.0,6.0,.234,.286,.406,.692,.277,21.33,1089.0,76.0,53.0,,,,,,,,,,,,,,,,,,,,,,,,,2025
702021,Will Dion,120,Washington Nationals,,P,2026,,,,,,,,,,,,,,,,,,,,,,,,,,,,,,,,,,,,,,,,,,,,,,,,,2025
669257,Will Smith,119,Los Angeles Dodgers,,C,2026,211.0,182.0,44.0,6.0,0.0,6.0,24.0,0.0,35.0,2.0,3.0,0.0,68.0,25.0,5.0,.242,.332,.374,.706,.264,30.33,890.0,27.0,79.0,436.0,362.0,107.0,20.0,1.0,17.0,64.0,1.0,89.0,5.0,5.0,0.0,180.0,61.0,7.0,.296,.404,.497,.901,.345,21.29,1926.0,57.0,114.0,2025
673357,Luis Robert Jr.,110,Baltimore Orioles,,CF,2026,226.0,201.0,45.0,5.0,0.0,11.0,23.0,0.0,55.0,0.0,2.0,0.0,83.0,26.0,5.0,.224,.301,.413,.714,.248,18.27,867.0,50.0,53.0,431.0,382.0,85.0,12.0,0.0,14.0,40.0,3.0,112.0,2.0,3.0,1.0,139.0,53.0,8.0,.223,.297,.364,.661,.274,27.29,1524.0,83.0,106.0,2025
691799,Grant Taylor,145,Chicago White Sox,,P,2026,,,,,,,,,,,,,,,,,,,,,,,,,,,,,,,,,,,,,,,,,,,,,,,,,2025
573009,Joe Mantiply,141,Toronto Blue Jays,,P,2026,,,,,,,,,,,,,,,,,,,,,,,,,0.0,0.0,0.0,0.0,0.0,0.0,0.0,0.0,0.0,0.0,0.0,0.0,0.0,0.0,0.0,.000,.000,.000,.000,.---,-.--,0.0,0.0,0.0,2025
656986,Bennett Sousa,117,Houston Astros,,P,2026,,,,,,,,,,,,,,,,,,,,,,,,,0.0,0.0,0.0,0.0,0.0,0.0,0.0,0.0,0.0,0.0,0.0,0.0,0.0,0.0,0.0,.000,.000,.000,.000,.---,-.--,0.0,0.0,0.0,2025
669276,Dylan Lee,144,Atlanta Braves,,P,2026,,,,,,,,,,,,,,,,,,,,,,,,,,,,,,,,,,,,,,,,,,,,,,,,,2025
693855,Ian Seymour,139,Tampa Bay Rays,,P,2026,,,,,,,,,,,,,,,,,,,,,,,,,,,,,,,,,,,,,,,,,,,,,,,,,2025
683618,Edgardo Henriquez,119,Los Angeles Dodgers,,P,2026,0.0,0.0,0.0,0.0,0.0,0.0,0.0,0.0,0.0,0.0,0.0,0.0,0.0,0.0,0.0,.000,.000,.000,.000,.---,-.--,0.0,0.0,0.0,,,,,,,,,,,,,,,,,,,,,,,,,2025
802408,Brycen Mautz,138,St. Louis Cardinals,,P,2026,,,,,,,,,,,,,,,,,,,,,,,,,,,,,,,,,,,,,,,,,,,,,,,,,2025
673380,Dedniel Núñez,121,New York Mets,,P,2026,,,,,,,,,,,,,,,,,,,,,,,,,,,,,,,,,,,,,,,,,,,,,,,,,2025
679529,Spencer Torkelson,116,Detroit Tigers,,1B,2026,532.0,462.0,102.0,24.0,0.0,21.0,58.0,0.0,166.0,7.0,4.0,0.0,189.0,65.0,12.0,.221,.315,.409,.724,.290,22.00,2242.0,69.0,129.0,649.0,563.0,135.0,27.0,1.0,31.0,72.0,6.0,169.0,9.0,5.0,0.0,257.0,78.0,12.0,.240,.333,.456,.789,.283,18.16,2634.0,88.0,176.0,2025
683627,Anthony Molina,137,San Francisco Giants,,P,2026,,,,,,,,,,,,,,,,,,,,,,,,,,,,,,,,,,,,,,,,,,,,,,,,,2025
837227,Tatsuya Imai,117,Houston Astros,,P,2026,,,,,,,,,,,,,,,,,,,,,,,,,,,,,,,,,,,,,,,,,,,,,,,,,2025
702070,Noah Cameron,118,Kansas City Royals,,P,2026,,,,,,,,,,,,,,,,,,,,,,,,,,,,,,,,,,,,,,,,,,,,,,,,,2025
802415,Chandler Simpson,139,Tampa Bay Rays,,LF,2026,534.0,495.0,153.0,14.0,6.0,0.0,24.0,1.0,43.0,0.0,6.0,9.0,179.0,31.0,5.0,.309,.337,.362,.699,.334,-.--,1734.0,189.0,125.0,441.0,414.0,122.0,15.0,3.0,0.0,20.0,0.0,43.0,0.0,2.0,3.0,143.0,26.0,10.0,.295,.326,.345,.671,.327,-.--,1517.0,176.0,78.0,2025
669302,Logan Gilbert,136,Seattle Mariners,,P,2026,,,,,,,,,,,,,,,,,,,,,,,,,,,,,,,,,,,,,,,,,,,,,,,,,2025
671345,Jason Foley,137,San Francisco Giants,,P,2026,,,,,,,,,,,,,,,,,,,,,,,,,,,,,,,,,,,,,,,,,,,,,,,,,2025
820862,José Fermin,108,Los Angeles Angels,,P,2026,,,,,,,,,,,,,,,,,,,,,,,,,,,,,,,,,,,,,,,,,,,,,,,,,2025
687749,Jase Bowen,135,San Diego Padres,,RF,2026,87.0,83.0,14.0,2.0,1.0,2.0,2.0,0.0,33.0,2.0,0.0,0.0,24.0,7.0,0.0,.169,.207,.289,.496,.250,41.50,306.0,16.0,20.0,,,,,,,,,,,,,,,,,,,,,,,,,2025
642701,Dennis Santana,109,Arizona Diamondbacks,,P,2026,,,,,,,,,,,,,,,,,,,,,,,,,,,,,,,,,,,,,,,,,,,,,,,,,2025
691858,Jared Serna,146,Miami Marlins,,SS,2026,5.0,3.0,1.0,0.0,0.0,0.0,1.0,0.0,0.0,0.0,1.0,0.0,1.0,1.0,1.0,.333,.400,.333,.733,.250,-.--,21.0,2.0,1.0,,,,,,,,,,,,,,,,,,,,,,,,,2025
657041,Lane Thomas,144,Atlanta Braves,,LF,2026,368.0,321.0,73.0,19.0,0.0,11.0,43.0,0.0,90.0,2.0,2.0,0.0,125.0,40.0,4.0,.227,.321,.389,.710,.279,29.18,1504.0,66.0,94.0,142.0,125.0,20.0,2.0,0.0,4.0,14.0,0.0,44.0,1.0,2.0,0.0,34.0,11.0,4.0,.160,.246,.272,.518,.203,31.25,556.0,22.0,41.0,2025
669330,Tyler Wells,139,Tampa Bay Rays,,P,2026,,,,,,,,,,,,,,,,,,,,,,,,,,,,,,,,,,,,,,,,,,,,,,,,,2025
642708,Amed Rosario,147,New York Yankees,,3B,2026,223.0,206.0,49.0,6.0,1.0,10.0,14.0,0.0,55.0,0.0,3.0,0.0,87.0,31.0,1.0,.238,.283,.422,.705,.271,20.60,820.0,52.0,53.0,191.0,181.0,50.0,11.0,0.0,6.0,7.0,0.0,31.0,2.0,1.0,0.0,79.0,23.0,6.0,.276,.309,.436,.745,.303,30.17,646.0,53.0,48.0,2025
650911,Cristopher Sánchez,143,Philadelphia Phillies,,P,2026,,,,,,,,,,,,,,,,,,,,,,,,,,,,,,,,,,,,,,,,,,,,,,,,,2025
669357,Nolan Gorman,138,St. Louis Cardinals,,3B,2026,253.0,224.0,41.0,5.0,0.0,8.0,26.0,2.0,84.0,0.0,3.0,0.0,70.0,27.0,1.0,.183,.265,.313,.578,.244,28.00,1040.0,31.0,71.0,402.0,351.0,72.0,14.0,1.0,14.0,47.0,2.0,136.0,0.0,4.0,0.0,130.0,46.0,1.0,.205,.296,.370,.666,.283,25.07,1655.0,46.0,101.0,2025
667297,Tommy Nance,142,Minnesota Twins,,P,2026,,,,,,,,,,,,,,,,,,,,,,,,,,,,,,,,,,,,,,,,,,,,,,,,,2025
675512,Troy Melton,116,Detroit Tigers,,P,2026,,,,,,,,,,,,,,,,,,,,,,,,,,,,,,,,,,,,,,,,,,,,,,,,,2025
669358,Shane Baz,110,Baltimore Orioles,,P,2026,,,,,,,,,,,,,,,,,,,,,,,,,,,,,,,,,,,,,,,,,,,,,,,,,2025
622268,Donovan Walton,133,Athletics,,2B,2026,200.0,169.0,47.0,12.0,1.0,5.0,22.0,0.0,32.0,7.0,0.0,2.0,76.0,21.0,7.0,.278,.384,.450,.834,.318,33.80,776.0,47.0,45.0,9.0,8.0,1.0,0.0,0.0,0.0,0.0,0.0,1.0,0.0,0.0,1.0,1.0,1.0,0.0,.125,.125,.125,.250,.143,-.--,27.0,6.0,1.0,2025
669373,Tarik Skubal,119,Los Angeles Dodgers,,P,2026,,,,,,,,,,,,,,,,,,,,,,,,,,,,,,,,,,,,,,,,,,,,,,,,,2025
552640,Andrew Kittredge,110,Baltimore Orioles,,P,2026,,,,,,,,,,,,,,,,,,,,,,,,,0.0,0.0,0.0,0.0,0.0,0.0,0.0,0.0,0.0,0.0,0.0,0.0,0.0,0.0,0.0,.000,.000,.000,.000,.---,-.--,0.0,0.0,0.0,2025
669372,J.T. Ginn,133,Athletics,,P,2026,0.0,0.0,0.0,0.0,0.0,0.0,0.0,0.0,0.0,0.0,0.0,0.0,0.0,0.0,0.0,.000,.000,.000,.000,.---,-.--,0.0,0.0,0.0,,,,,,,,,,,,,,,,,,,,,,,,,2025
573124,Taylor Rogers,142,Minnesota Twins,,P,2026,,,,,,,,,,,,,,,,,,,,,,,,,,,,,,,,,,,,,,,,,,,,,,,,,2025
657097,Jacob Webb,112,Chicago Cubs,,P,2026,0.0,0.0,0.0,0.0,0.0,0.0,0.0,0.0,0.0,0.0,0.0,0.0,0.0,0.0,0.0,.000,.000,.000,.000,.---,-.--,0.0,0.0,0.0,,,,,,,,,,,,,,,,,,,,,,,,,2025
669387,Carmen Mlodzinski,134,Pittsburgh Pirates,,P,2026,,,,,,,,,,,,,,,,,,,,,,,,,,,,,,,,,,,,,,,,,,,,,,,,,2025
681676,Ryan Fernandez,138,St. Louis Cardinals,,P,2026,,,,,,,,,,,,,,,,,,,,,,,,,,,,,,,,,,,,,,,,,,,,,,,,,2025
650960,Daniel Duarte,121,New York Mets,,P,2026,,,,,,,,,,,,,,,,,,,,,,,,,,,,,,,,,,,,,,,,,,,,,,,,,2025
669392,Samad Taylor,135,San Diego Padres,,LF,2026,113.0,96.0,32.0,1.0,2.0,1.0,13.0,0.0,32.0,1.0,0.0,3.0,40.0,11.0,2.0,.333,.418,.417,.835,.492,96.00,464.0,27.0,8.0,9.0,8.0,1.0,0.0,0.0,0.0,0.0,0.0,1.0,0.0,0.0,1.0,1.0,0.0,0.0,.125,.125,.125,.250,.143,-.--,23.0,4.0,3.0,2025
673490,Ha-Seong Kim,144,Atlanta Braves,,SS,2026,103.0,92.0,11.0,1.0,0.0,0.0,10.0,0.0,26.0,1.0,0.0,0.0,12.0,5.0,1.0,.120,.214,.130,.344,.167,-.--,450.0,23.0,32.0,191.0,171.0,40.0,4.0,0.0,5.0,16.0,0.0,39.0,2.0,2.0,0.0,59.0,17.0,2.0,.234,.304,.345,.649,.271,34.20,790.0,37.0,57.0,2025
677587,Brayan Rocchio,114,Cleveland Guardians,,SS,2026,516.0,466.0,114.0,19.0,2.0,10.0,32.0,0.0,75.0,10.0,4.0,4.0,167.0,54.0,9.0,.245,.305,.358,.663,.270,46.60,1959.0,126.0,159.0,383.0,344.0,80.0,18.0,2.0,5.0,22.0,0.0,77.0,8.0,5.0,4.0,117.0,44.0,4.0,.233,.290,.340,.630,.281,68.80,1411.0,100.0,96.0,2025
669394,Jake Burger,140,Texas Rangers,,1B,2026,532.0,485.0,114.0,21.0,0.0,23.0,40.0,0.0,142.0,4.0,3.0,0.0,204.0,79.0,6.0,.235,.297,.421,.718,.282,21.09,1960.0,111.0,121.0,376.0,356.0,84.0,15.0,1.0,16.0,12.0,0.0,93.0,5.0,3.0,0.0,149.0,53.0,3.0,.236,.269,.419,.688,.272,22.25,1324.0,73.0,109.0,2025
669397,Nick Allen,117,Houston Astros,,SS,2026,147.0,131.0,36.0,5.0,0.0,2.0,9.0,0.0,30.0,1.0,3.0,3.0,47.0,13.0,3.0,.275,.319,.359,.678,.333,65.50,528.0,32.0,39.0,416.0,371.0,82.0,11.0,0.0,0.0,31.0,0.0,99.0,3.0,3.0,8.0,93.0,22.0,8.0,.221,.284,.251,.535,.298,-.--,1582.0,100.0,101.0,2025
683734,Andrew Vaughn,158,Milwaukee Brewers,,1B,2026,302.0,262.0,82.0,17.0,2.0,6.0,32.0,1.0,46.0,6.0,2.0,0.0,121.0,42.0,7.0,.313,.397,.462,.859,.358,43.67,1234.0,68.0,68.0,447.0,406.0,103.0,22.0,0.0,14.0,31.0,0.0,80.0,3.0,6.0,1.0,167.0,65.0,12.0,.254,.307,.411,.718,.280,29.00,1722.0,110.0,120.0,2025
677588,José Tena,120,Washington Nationals,,DH,2026,271.0,242.0,55.0,12.0,2.0,7.0,26.0,0.0,82.0,3.0,0.0,0.0,92.0,22.0,6.0,.227,.310,.380,.690,.314,34.57,1101.0,62.0,43.0,169.0,152.0,37.0,13.0,2.0,0.0,15.0,0.0,37.0,1.0,1.0,0.0,54.0,16.0,4.0,.243,.314,.355,.669,.319,-.--,678.0,54.0,25.0,2025
650968,Yohel Pozo,110,Baltimore Orioles,,C,2026,50.0,48.0,12.0,1.0,0.0,1.0,1.0,0.0,6.0,0.0,1.0,0.0,16.0,7.0,5.0,.250,.260,.333,.593,.262,48.00,177.0,17.0,14.0,168.0,160.0,37.0,8.0,0.0,5.0,7.0,0.0,22.0,0.0,1.0,0.0,60.0,19.0,4.0,.231,.262,.375,.637,.239,32.00,591.0,45.0,57.0,2025
683737,Michael Busch,112,Chicago Cubs,,1B,2026,624.0,530.0,125.0,25.0,2.0,17.0,78.0,1.0,145.0,12.0,4.0,0.0,205.0,68.0,9.0,.236,.345,.387,.732,.290,31.18,2454.0,120.0,144.0,592.0,524.0,137.0,25.0,5.0,34.0,56.0,2.0,139.0,10.0,2.0,0.0,274.0,90.0,2.0,.261,.343,.523,.866,.292,15.41,2324.0,111.0,139.0,2025
677594,Julio Rodríguez,136,Seattle Mariners,,CF,2026,566.0,515.0,126.0,21.0,0.0,20.0,42.0,2.0,129.0,5.0,4.0,0.0,207.0,60.0,8.0,.245,.306,.402,.708,.286,25.75,2106.0,115.0,149.0,710.0,652.0,174.0,31.0,4.0,32.0,44.0,5.0,152.0,12.0,2.0,0.0,309.0,95.0,15.0,.267,.324,.474,.798,.302,20.38,2496.0,174.0,154.0,2025
628452,Raisel Iglesias,144,Atlanta Braves,,P,2026,0.0,0.0,0.0,0.0,0.0,0.0,0.0,0.0,0.0,0.0,0.0,0.0,0.0,0.0,0.0,.000,.000,.000,.000,.---,-.--,0.0,0.0,0.0,,,,,,,,,,,,,,,,,,,,,,,,,2025
683748,Victor Mesa Jr.,139,Tampa Bay Rays,,RF,2026,188.0,168.0,37.0,3.0,2.0,10.0,16.0,0.0,40.0,1.0,1.0,2.0,74.0,22.0,2.0,.220,.290,.440,.730,.227,16.80,686.0,31.0,63.0,38.0,32.0,6.0,2.0,0.0,1.0,5.0,0.0,5.0,0.0,0.0,1.0,11.0,6.0,0.0,.188,.297,.344,.641,.192,32.00,141.0,8.0,14.0,2025
673513,Yuki Matsui,135,San Diego Padres,,P,2026,,,,,,,,,,,,,,,,,,,,,,,,,,,,,,,,,,,,,,,,,,,,,,,,,2025
702193,Andrew Morris,142,Minnesota Twins,,P,2026,,,,,,,,,,,,,,,,,,,,,,,,,,,,,,,,,,,,,,,,,,,,,,,,,2025
657136,Connor Wong,111,Boston Red Sox,,C,2026,222.0,194.0,46.0,11.0,0.0,4.0,17.0,0.0,53.0,6.0,1.0,4.0,69.0,23.0,6.0,.237,.317,.356,.673,.304,48.50,839.0,57.0,43.0,188.0,168.0,32.0,8.0,0.0,0.0,16.0,0.0,42.0,1.0,2.0,1.0,40.0,7.0,7.0,.190,.262,.238,.500,.250,-.--,745.0,53.0,44.0,2025
681715,Heriberto Hernández,146,Miami Marlins,,LF,2026,408.0,362.0,84.0,16.0,1.0,23.0,42.0,1.0,110.0,3.0,1.0,0.0,171.0,61.0,4.0,.232,.316,.472,.788,.265,15.74,1615.0,79.0,90.0,294.0,256.0,68.0,12.0,1.0,10.0,31.0,0.0,77.0,3.0,4.0,0.0,112.0,45.0,6.0,.266,.347,.438,.785,.335,25.60,1138.0,52.0,63.0,2025
687859,Troy Johnston,115,Colorado Rockies,,RF,2026,404.0,356.0,102.0,28.0,1.0,4.0,35.0,0.0,70.0,7.0,5.0,1.0,144.0,47.0,4.0,.287,.357,.404,.761,.341,89.00,1462.0,88.0,102.0,121.0,112.0,31.0,2.0,1.0,4.0,8.0,0.0,26.0,1.0,0.0,0.0,47.0,13.0,1.0,.277,.331,.420,.751,.329,28.00,450.0,24.0,31.0,2025
669432,Trevor Rogers,110,Baltimore Orioles,,P,2026,,,,,,,,,,,,,,,,,,,,,,,,,2.0,2.0,0.0,0.0,0.0,0.0,0.0,0.0,2.0,0.0,0.0,0.0,0.0,0.0,0.0,.000,.000,.000,.000,.---,-.--,6.0,0.0,0.0,2025
683766,Christian Koss,137,San Francisco Giants,,3B,2026,146.0,135.0,27.0,5.0,0.0,1.0,5.0,0.0,38.0,2.0,0.0,4.0,35.0,5.0,3.0,.200,.239,.259,.498,.271,135.00,501.0,42.0,32.0,191.0,174.0,46.0,9.0,0.0,3.0,9.0,0.0,45.0,3.0,2.0,3.0,64.0,23.0,4.0,.264,.309,.368,.677,.336,58.00,644.0,52.0,36.0,2025
696062,Wilber Dotel,134,Pittsburgh Pirates,,P,2026,,,,,,,,,,,,,,,,,,,,,,,,,,,,,,,,,,,,,,,,,,,,,,,,,2025
579328,Yusei Kikuchi,108,Los Angeles Angels,,P,2026,,,,,,,,,,,,,,,,,,,,,,,,,,,,,,,,,,,,,,,,,,,,,,,,,2025
673540,Kodai Senga,121,New York Mets,,P,2026,,,,,,,,,,,,,,,,,,,,,,,,,,,,,,,,,,,,,,,,,,,,,,,,,2025
683769,Hunter Gaddis,114,Cleveland Guardians,,P,2026,,,,,,,,,,,,,,,,,,,,,,,,,,,,,,,,,,,,,,,,,,,,,,,,,2025
673548,Seiya Suzuki,112,Chicago Cubs,,RF,2026,545.0,469.0,128.0,28.0,0.0,24.0,69.0,4.0,134.0,4.0,3.0,0.0,228.0,80.0,9.0,.273,.369,.486,.855,.331,19.54,2358.0,89.0,121.0,651.0,571.0,140.0,31.0,3.0,32.0,71.0,1.0,164.0,1.0,8.0,0.0,273.0,103.0,13.0,.245,.326,.478,.804,.282,17.84,2727.0,98.0,177.0,2025
702222,Justin Crawford,143,Philadelphia Phillies,,CF,2026,408.0,372.0,99.0,17.0,4.0,2.0,25.0,0.0,71.0,3.0,3.0,5.0,130.0,35.0,3.0,.266,.315,.349,.664,.321,186.00,1490.0,130.0,80.0,,,,,,,,,,,,,,,,,,,,,,,,,2025
573204,Caleb Thielbar,112,Chicago Cubs,,P,2026,0.0,0.0,0.0,0.0,0.0,0.0,0.0,0.0,0.0,0.0,0.0,0.0,0.0,0.0,0.0,.000,.000,.000,.000,.---,-.--,0.0,0.0,0.0,,,,,,,,,,,,,,,,,,,,,,,,,2025
694037,Daniel Palencia,112,Chicago Cubs,,P,2026,0.0,0.0,0.0,0.0,0.0,0.0,0.0,0.0,0.0,0.0,0.0,0.0,0.0,0.0,0.0,.000,.000,.000,.000,.---,-.--,0.0,0.0,0.0,,,,,,,,,,,,,,,,,,,,,,,,,2025
677649,Ezequiel Duran,140,Texas Rangers,,SS,2026,511.0,460.0,127.0,26.0,4.0,16.0,41.0,0.0,120.0,4.0,5.0,1.0,209.0,76.0,6.0,.276,.337,.454,.791,.337,28.75,2023.0,113.0,106.0,219.0,205.0,46.0,14.0,0.0,0.0,8.0,0.0,55.0,4.0,1.0,1.0,60.0,14.0,3.0,.224,.266,.293,.559,.305,-.--,807.0,42.0,64.0,2025
669461,Matthew Liberatore,138,St. Louis Cardinals,,P,2026,,,,,,,,,,,,,,,,,,,,,,,,,,,,,,,,,,,,,,,,,,,,,,,,,2025
669467,Andre Pallante,138,St. Louis Cardinals,,P,2026,,,,,,,,,,,,,,,,,,,,,,,,,0.0,0.0,0.0,0.0,0.0,0.0,0.0,0.0,0.0,0.0,0.0,0.0,0.0,0.0,0.0,.000,.000,.000,.000,.---,-.--,0.0,0.0,0.0,2025
624413,Pete Alonso,110,Baltimore Orioles,,1B,2026,611.0,528.0,142.0,24.0,0.0,33.0,69.0,5.0,147.0,9.0,5.0,0.0,265.0,94.0,12.0,.269,.360,.502,.862,.309,16.00,2513.0,117.0,127.0,709.0,624.0,170.0,41.0,1.0,38.0,61.0,5.0,162.0,15.0,9.0,0.0,327.0,126.0,23.0,.272,.347,.524,.871,.305,16.42,2807.0,135.0,166.0,2025
663330,Jahmai Jones,111,Boston Red Sox,,DH,2026,147.0,129.0,29.0,6.0,1.0,5.0,15.0,0.0,44.0,3.0,0.0,0.0,52.0,15.0,3.0,.225,.320,.403,.723,.300,25.80,539.0,25.0,31.0,150.0,129.0,37.0,11.0,1.0,7.0,18.0,1.0,32.0,3.0,0.0,0.0,71.0,23.0,3.0,.287,.387,.550,.937,.333,18.43,595.0,21.0,39.0,2025
696100,Hunter Goodman,115,Colorado Rockies,,C,2026,497.0,449.0,113.0,18.0,1.0,36.0,41.0,3.0,164.0,4.0,3.0,0.0,241.0,73.0,7.0,.252,.318,.537,.855,.306,12.47,1868.0,72.0,103.0,579.0,540.0,150.0,28.0,5.0,31.0,33.0,0.0,152.0,4.0,2.0,0.0,281.0,91.0,16.0,.278,.323,.520,.843,.331,17.42,2149.0,100.0,140.0,2025
624424,Michael Conforto,112,Chicago Cubs,,DH,2026,249.0,216.0,50.0,13.0,0.0,13.0,28.0,2.0,71.0,2.0,3.0,0.0,102.0,37.0,4.0,.231,.321,.472,.793,.274,16.62,998.0,43.0,55.0,486.0,418.0,83.0,20.0,0.0,12.0,56.0,0.0,121.0,9.0,3.0,0.0,139.0,36.0,12.0,.199,.305,.333,.638,.247,34.83,2049.0,103.0,114.0,2025
624428,Adam Frazier,108,Los Angeles Angels,,2B,2026,126.0,110.0,27.0,7.0,1.0,1.0,10.0,1.0,34.0,3.0,0.0,3.0,39.0,10.0,1.0,.245,.325,.355,.680,.347,110.00,486.0,31.0,21.0,459.0,419.0,112.0,20.0,0.0,7.0,26.0,2.0,81.0,8.0,5.0,1.0,153.0,44.0,8.0,.267,.319,.365,.684,.313,59.86,1841.0,104.0,128.0,2025
624431,Jose Trevino,113,Cincinnati Reds,,C,2026,130.0,126.0,29.0,3.0,0.0,5.0,1.0,0.0,24.0,0.0,1.0,2.0,47.0,16.0,2.0,.230,.234,.373,.607,.245,25.20,455.0,42.0,34.0,302.0,282.0,67.0,20.0,0.0,4.0,15.0,0.0,39.0,0.0,4.0,1.0,99.0,22.0,9.0,.238,.272,.351,.623,.259,70.50,1063.0,95.0,86.0,2025
663362,Matt Waldron,120,Washington Nationals,,P,2026,,,,,,,,,,,,,,,,,,,,,,,,,,,,,,,,,,,,,,,,,,,,,,,,,2025
804668,Rafael Flores Jr.,134,Pittsburgh Pirates,,C,2026,101.0,90.0,19.0,3.0,0.0,7.0,11.0,1.0,31.0,0.0,0.0,0.0,43.0,17.0,1.0,.211,.297,.478,.775,.231,12.86,410.0,24.0,16.0,17.0,15.0,3.0,2.0,0.0,0.0,2.0,0.0,7.0,0.0,0.0,0.0,5.0,0.0,0.0,.200,.294,.333,.627,.375,-.--,74.0,4.0,1.0,2025
608070,José Ramírez,114,Cleveland Guardians,,3B,2026,459.0,394.0,95.0,24.0,0.0,11.0,56.0,8.0,60.0,2.0,6.0,0.0,152.0,48.0,4.0,.241,.334,.386,.720,.255,35.82,1866.0,89.0,156.0,673.0,593.0,168.0,34.0,3.0,30.0,66.0,22.0,74.0,8.0,5.0,0.0,298.0,85.0,9.0,.283,.360,.503,.863,.279,19.77,2666.0,135.0,222.0,2025
687941,Alec Gamboa,111,Boston Red Sox,,P,2026,,,,,,,,,,,,,,,,,,,,,,,,,,,,,,,,,,,,,,,,,,,,,,,,,2025
663372,Ryan Feltner,115,Colorado Rockies,,P,2026,,,,,,,,,,,,,,,,,,,,,,,,,,,,,,,,,,,,,,,,,,,,,,,,,2025
675660,Shane Drohan,158,Milwaukee Brewers,,P,2026,,,,,,,,,,,,,,,,,,,,,,,,,,,,,,,,,,,,,,,,,,,,,,,,,2025
573262,Mike Yastrzemski,144,Atlanta Braves,,LF,2026,351.0,311.0,70.0,17.0,1.0,9.0,34.0,0.0,86.0,4.0,2.0,0.0,116.0,34.0,5.0,.225,.308,.373,.681,.280,34.56,1473.0,68.0,89.0,558.0,477.0,111.0,28.0,1.0,17.0,72.0,4.0,108.0,2.0,5.0,2.0,192.0,46.0,7.0,.233,.333,.403,.736,.263,28.06,2305.0,95.0,170.0,2025
681807,David Fry,114,Cleveland Guardians,,RF,2026,174.0,147.0,28.0,5.0,0.0,6.0,27.0,1.0,52.0,0.0,0.0,0.0,51.0,13.0,4.0,.190,.316,.347,.663,.247,24.50,782.0,30.0,37.0,157.0,146.0,25.0,4.0,0.0,8.0,9.0,0.0,58.0,2.0,0.0,0.0,53.0,23.0,3.0,.171,.229,.363,.592,.213,18.25,623.0,26.0,37.0,2025
667472,Dane Myers,113,Cincinnati Reds,,CF,2026,281.0,244.0,64.0,9.0,0.0,6.0,32.0,0.0,68.0,3.0,2.0,0.0,91.0,22.0,4.0,.262,.352,.373,.725,.337,40.67,1156.0,49.0,65.0,333.0,307.0,72.0,10.0,0.0,6.0,23.0,0.0,77.0,2.0,1.0,0.0,100.0,31.0,12.0,.235,.291,.326,.617,.293,51.17,1241.0,78.0,81.0,2025
687952,Christian Encarnacion-Strand,110,Baltimore Orioles,,3B,2026,141.0,130.0,35.0,7.0,0.0,8.0,8.0,1.0,37.0,1.0,1.0,1.0,66.0,30.0,3.0,.269,.314,.508,.822,.314,16.25,533.0,23.0,37.0,137.0,130.0,27.0,4.0,0.0,6.0,3.0,0.0,32.0,2.0,2.0,0.0,49.0,19.0,1.0,.208,.234,.377,.611,.223,21.67,469.0,32.0,41.0,2025
696146,Hagen Smith,145,Chicago White Sox,,P,2026,,,,,,,,,,,,,,,,,,,,,,,,,,,,,,,,,,,,,,,,,,,,,,,,,2025
681810,Austin Warren,121,New York Mets,,P,2026,,,,,,,,,,,,,,,,,,,,,,,,,,,,,,,,,,,,,,,,,,,,,,,,,2025
696149,Bubba Chandler,134,Pittsburgh Pirates,,P,2026,,,,,,,,,,,,,,,,,,,,,,,,,,,,,,,,,,,,,,,,,,,,,,,,,2025
700241,Michael McGreevy,138,St. Louis Cardinals,,P,2026,,,,,,,,,,,,,,,,,,,,,,,,,,,,,,,,,,,,,,,,,,,,,,,,,2025
687957,Dustin Harris,135,San Diego Padres,,LF,2026,73.0,62.0,18.0,2.0,1.0,0.0,7.0,0.0,10.0,1.0,1.0,2.0,22.0,6.0,0.0,.290,.366,.355,.721,.340,-.--,253.0,19.0,18.0,43.0,40.0,8.0,3.0,0.0,1.0,3.0,0.0,13.0,0.0,0.0,0.0,14.0,2.0,1.0,.200,.256,.350,.606,.269,40.00,180.0,9.0,10.0,2025
800600,Jackson Kent,120,Washington Nationals,,P,2026,,,,,,,,,,,,,,,,,,,,,,,,,,,,,,,,,,,,,,,,,,,,,,,,,2025
690022,Ryan Ritter,115,Colorado Rockies,,SS,2026,21.0,19.0,3.0,0.0,0.0,0.0,1.0,0.0,8.0,0.0,0.0,1.0,3.0,1.0,1.0,.158,.200,.158,.358,.273,-.--,76.0,5.0,4.0,207.0,187.0,45.0,9.0,3.0,1.0,10.0,0.0,61.0,5.0,1.0,4.0,63.0,18.0,7.0,.241,.296,.337,.633,.349,187.00,773.0,54.0,32.0,2025
700250,Ben Rice,147,New York Yankees,,DH,2026,577.0,502.0,127.0,22.0,3.0,35.0,68.0,4.0,144.0,5.0,2.0,0.0,260.0,87.0,11.0,.253,.347,.518,.865,.283,14.34,2295.0,115.0,118.0,530.0,467.0,119.0,28.0,4.0,26.0,50.0,0.0,100.0,9.0,2.0,0.0,233.0,65.0,18.0,.255,.337,.499,.836,.271,17.96,2047.0,115.0,135.0,2025
700270,Yilber Díaz,116,Detroit Tigers,,P,2026,,,,,,,,,,,,,,,,,,,,,,,,,,,,,,,,,,,,,,,,,,,,,,,,,2025
808825,Andrew Sears,116,Detroit Tigers,,P,2026,,,,,,,,,,,,,,,,,,,,,,,,,,,,,,,,,,,,,,,,,,,,,,,,,2025
702332,Caleb Durbin,111,Boston Red Sox,,3B,2026,511.0,448.0,112.0,22.0,1.0,12.0,41.0,1.0,69.0,12.0,4.0,6.0,172.0,62.0,7.0,.250,.327,.384,.711,.270,37.33,1873.0,144.0,133.0,506.0,445.0,114.0,25.0,0.0,11.0,30.0,0.0,50.0,24.0,4.0,3.0,172.0,53.0,10.0,.256,.334,.387,.721,.265,40.46,1838.0,134.0,154.0,2025
657277,Logan Webb,137,San Francisco Giants,,P,2026,,,,,,,,,,,,,,,,,,,,,,,,,,,,,,,,,,,,,,,,,,,,,,,,,2025
663423,Trent Thornton,112,Chicago Cubs,,P,2026,,,,,,,,,,,,,,,,,,,,,,,,,0.0,0.0,0.0,0.0,0.0,0.0,0.0,0.0,0.0,0.0,0.0,0.0,0.0,0.0,0.0,.000,.000,.000,.000,.---,-.--,0.0,0.0,0.0,2025
640902,Jhonny Pereda,136,Seattle Mariners,,C,2026,86.0,79.0,23.0,0.0,0.0,2.0,6.0,0.0,16.0,1.0,0.0,0.0,29.0,6.0,1.0,.291,.349,.367,.716,.344,39.50,356.0,17.0,23.0,78.0,69.0,17.0,6.0,0.0,0.0,8.0,0.0,21.0,0.0,0.0,1.0,23.0,4.0,1.0,.246,.325,.333,.658,.354,-.--,333.0,18.0,14.0,2025
681867,Cooper Criswell,136,Seattle Mariners,,P,2026,,,,,,,,,,,,,,,,,,,,,,,,,,,,,,,,,,,,,,,,,,,,,,,,,2025
661388,William Contreras,158,Milwaukee Brewers,,C,2026,563.0,500.0,136.0,24.0,1.0,13.0,52.0,4.0,79.0,4.0,7.0,0.0,201.0,72.0,13.0,.272,.341,.402,.743,.296,38.46,2023.0,131.0,161.0,659.0,566.0,147.0,28.0,0.0,17.0,84.0,4.0,120.0,3.0,6.0,0.0,226.0,76.0,14.0,.260,.355,.399,.754,.299,33.29,2556.0,172.0,133.0,2025
663436,Davis Martin,145,Chicago White Sox,,P,2026,,,,,,,,,,,,,,,,,,,,,,,,,,,,,,,,,,,,,,,,,,,,,,,,,2025
681870,Erik Sabrowski,114,Cleveland Guardians,,P,2026,0.0,0.0,0.0,0.0,0.0,0.0,0.0,0.0,0.0,0.0,0.0,0.0,0.0,0.0,0.0,.000,.000,.000,.000,.---,-.--,0.0,0.0,0.0,,,,,,,,,,,,,,,,,,,,,,,,,2025
679822,Justin Foscue,140,Texas Rangers,,2B,2026,207.0,188.0,49.0,10.0,1.0,11.0,15.0,0.0,52.0,3.0,1.0,0.0,94.0,28.0,3.0,.261,.324,.500,.824,.302,17.09,822.0,30.0,58.0,9.0,9.0,1.0,1.0,0.0,0.0,0.0,0.0,3.0,0.0,0.0,0.0,2.0,2.0,0.0,.111,.111,.222,.333,.167,-.--,42.0,1.0,4.0,2025
665487,Fernando Tatis Jr.,135,San Diego Padres,,RF,2026,609.0,543.0,154.0,29.0,2.0,19.0,54.0,5.0,114.0,5.0,6.0,1.0,244.0,70.0,13.0,.284,.350,.449,.799,.325,28.58,2174.0,158.0,124.0,691.0,594.0,159.0,27.0,2.0,25.0,89.0,7.0,129.0,6.0,2.0,0.0,265.0,71.0,6.0,.268,.368,.446,.814,.303,23.76,2636.0,160.0,148.0,2025
665489,Vladimir Guerrero Jr.,141,Toronto Blue Jays,,1B,2026,533.0,473.0,123.0,22.0,0.0,8.0,50.0,5.0,67.0,4.0,6.0,0.0,169.0,54.0,17.0,.260,.332,.357,.689,.285,59.12,1908.0,146.0,143.0,680.0,589.0,172.0,34.0,0.0,23.0,81.0,8.0,94.0,6.0,4.0,0.0,275.0,84.0,17.0,.292,.381,.467,.848,.313,25.61,2502.0,179.0,148.0,2025
661395,Jhoan Duran,143,Philadelphia Phillies,,P,2026,0.0,0.0,0.0,0.0,0.0,0.0,0.0,0.0,0.0,0.0,0.0,0.0,0.0,0.0,0.0,.000,.000,.000,.000,.---,-.--,0.0,0.0,0.0,0.0,0.0,0.0,0.0,0.0,0.0,0.0,0.0,0.0,0.0,0.0,0.0,0.0,0.0,0.0,.000,.000,.000,.000,.---,-.--,0.0,0.0,0.0,2025
620443,Luis Torrens,121,New York Mets,,C,2026,249.0,226.0,53.0,12.0,0.0,8.0,17.0,0.0,49.0,4.0,0.0,2.0,89.0,33.0,3.0,.235,.300,.394,.694,.266,28.25,972.0,74.0,52.0,283.0,261.0,59.0,14.0,1.0,5.0,19.0,0.0,56.0,2.0,0.0,1.0,90.0,29.0,7.0,.226,.284,.345,.629,.270,52.20,1069.0,89.0,58.0,2025
622491,Luis Castillo,145,Chicago White Sox,,P,2026,,,,,,,,,,,,,,,,,,,,,,,,,,,,,,,,,,,,,,,,,,,,,,,,,2025
665506,Cristian Pache,121,New York Mets,,OF,2026,8.0,8.0,1.0,0.0,0.0,0.0,0.0,0.0,4.0,0.0,0.0,0.0,1.0,0.0,0.0,.125,.125,.125,.250,.250,-.--,42.0,1.0,2.0,,,,,,,,,,,,,,,,,,,,,,,,,2025
663457,Lars Nootbaar,109,Arizona Diamondbacks,,DH,2026,261.0,225.0,52.0,12.0,1.0,6.0,35.0,2.0,51.0,0.0,1.0,0.0,84.0,27.0,5.0,.231,.333,.373,.706,.272,37.50,1074.0,65.0,58.0,583.0,509.0,119.0,24.0,1.0,13.0,64.0,3.0,119.0,6.0,3.0,1.0,184.0,48.0,4.0,.234,.325,.361,.686,.279,39.15,2359.0,109.0,166.0,2025
681892,Kody Funderburk,142,Minnesota Twins,,P,2026,,,,,,,,,,,,,,,,,,,,,,,,,0.0,0.0,0.0,0.0,0.0,0.0,0.0,0.0,0.0,0.0,0.0,0.0,0.0,0.0,0.0,.000,.000,.000,.000,.---,-.--,0.0,0.0,0.0,2025
679845,Nick Loftin,118,Kansas City Royals,,3B,2026,365.0,313.0,75.0,23.0,2.0,7.0,38.0,0.0,59.0,6.0,4.0,4.0,123.0,41.0,6.0,.240,.330,.393,.723,.271,44.71,1363.0,84.0,103.0,188.0,168.0,35.0,9.0,2.0,4.0,14.0,0.0,27.0,3.0,2.0,1.0,60.0,20.0,7.0,.208,.278,.357,.635,.223,42.00,676.0,48.0,61.0,2025
595879,Javier Báez,116,Detroit Tigers,,SS,2026,170.0,162.0,41.0,11.0,1.0,2.0,5.0,0.0,32.0,2.0,1.0,0.0,60.0,17.0,5.0,.253,.282,.370,.652,.302,81.00,586.0,54.0,36.0,437.0,417.0,107.0,17.0,3.0,12.0,10.0,0.0,109.0,6.0,3.0,0.0,166.0,57.0,8.0,.257,.282,.398,.680,.318,34.75,1543.0,99.0,105.0,2025
677800,Wilyer Abreu,111,Boston Red Sox,,RF,2026,603.0,528.0,136.0,34.0,4.0,23.0,62.0,3.0,123.0,3.0,7.0,1.0,247.0,70.0,9.0,.258,.335,.468,.803,.290,22.96,2398.0,98.0,179.0,417.0,373.0,92.0,17.0,0.0,22.0,40.0,5.0,101.0,0.0,3.0,1.0,175.0,69.0,8.0,.247,.317,.469,.786,.277,16.96,1600.0,63.0,121.0,2025
694192,Jackson Chourio,158,Milwaukee Brewers,,LF,2026,480.0,439.0,125.0,24.0,0.0,21.0,38.0,5.0,114.0,2.0,1.0,0.0,212.0,58.0,7.0,.285,.344,.483,.827,.341,20.90,1861.0,98.0,103.0,589.0,549.0,148.0,35.0,4.0,21.0,30.0,1.0,121.0,3.0,6.0,1.0,254.0,78.0,13.0,.270,.308,.463,.771,.308,26.14,2108.0,129.0,158.0,2025
683953,Travis Bazzana,114,Cleveland Guardians,,2B,2026,439.0,379.0,89.0,17.0,2.0,9.0,49.0,1.0,94.0,6.0,5.0,0.0,137.0,42.0,2.0,.235,.328,.361,.689,.285,42.11,1761.0,91.0,110.0,,,,,,,,,,,,,,,,,,,,,,,,,2025
694197,Angel Genao,114,Cleveland Guardians,,2B,2026,91.0,83.0,21.0,3.0,0.0,2.0,7.0,0.0,12.0,1.0,0.0,0.0,30.0,6.0,0.0,.253,.319,.361,.680,.275,41.50,343.0,35.0,15.0,,,,,,,,,,,,,,,,,,,,,,,,,2025
669620,Brady Basso,133,Athletics,,P,2026,,,,,,,,,,,,,,,,,,,,,,,,,,,,,,,,,,,,,,,,,,,,,,,,,2025
681911,Alex Vesia,119,Los Angeles Dodgers,,P,2026,0.0,0.0,0.0,0.0,0.0,0.0,0.0,0.0,0.0,0.0,0.0,0.0,0.0,0.0,0.0,.000,.000,.000,.000,.---,-.--,0.0,0.0,0.0,,,,,,,,,,,,,,,,,,,,,,,,,2025
694203,Denzer Guzman,108,Los Angeles Angels,,3B,2026,227.0,211.0,46.0,8.0,0.0,6.0,12.0,0.0,59.0,1.0,0.0,2.0,72.0,24.0,2.0,.218,.263,.341,.604,.274,35.17,841.0,55.0,53.0,43.0,42.0,8.0,1.0,0.0,2.0,1.0,0.0,22.0,0.0,0.0,0.0,15.0,3.0,0.0,.190,.209,.357,.566,.333,21.00,176.0,4.0,8.0,2025
694208,Moisés Ballesteros,108,Los Angeles Angels,,DH,2026,281.0,256.0,53.0,9.0,0.0,7.0,23.0,0.0,66.0,0.0,2.0,0.0,83.0,29.0,4.0,.207,.270,.324,.594,.249,36.57,1098.0,72.0,67.0,66.0,57.0,17.0,2.0,1.0,2.0,9.0,1.0,12.0,0.0,0.0,0.0,27.0,11.0,2.0,.298,.394,.474,.868,.349,28.50,249.0,21.0,7.0,2025
681916,Dylan Smith,137,San Francisco Giants,,P,2026,0.0,0.0,0.0,0.0,0.0,0.0,0.0,0.0,0.0,0.0,0.0,0.0,0.0,0.0,0.0,.000,.000,.000,.000,.---,-.--,0.0,0.0,0.0,,,,,,,,,,,,,,,,,,,,,,,,,2025
663494,Bryan Torres,138,St. Louis Cardinals,,LF,2026,143.0,128.0,33.0,1.0,2.0,4.0,11.0,0.0,28.0,1.0,2.0,1.0,50.0,18.0,0.0,.258,.317,.391,.708,.296,32.00,566.0,37.0,33.0,,,,,,,,,,,,,,,,,,,,,,,,,2025
694212,Samuel Basallo,110,Baltimore Orioles,,C,2026,358.0,323.0,74.0,10.0,1.0,17.0,30.0,2.0,95.0,3.0,2.0,0.0,137.0,50.0,7.0,.229,.299,.424,.723,.268,19.00,1301.0,86.0,70.0,118.0,109.0,18.0,6.0,0.0,4.0,6.0,0.0,30.0,3.0,0.0,0.0,36.0,15.0,4.0,.165,.229,.330,.559,.187,27.25,443.0,36.0,25.0,2025
679885,Justin Martinez,109,Arizona Diamondbacks,,P,2026,,,,,,,,,,,,,,,,,,,,,,,,,0.0,0.0,0.0,0.0,0.0,0.0,0.0,0.0,0.0,0.0,0.0,0.0,0.0,0.0,0.0,.000,.000,.000,.000,.---,-.--,0.0,0.0,0.0,2025
700363,AJ Smith-Shawver,144,Atlanta Braves,,P,2026,,,,,,,,,,,,,,,,,,,,,,,,,,,,,,,,,,,,,,,,,,,,,,,,,2025
696270,Ryan Johnson,108,Los Angeles Angels,,P,2026,,,,,,,,,,,,,,,,,,,,,,,,,,,,,,,,,,,,,,,,,,,,,,,,,2025
694224,Gabriel Gonzalez,142,Minnesota Twins,,RF,2026,6.0,3.0,1.0,0.0,0.0,0.0,2.0,0.0,1.0,1.0,0.0,0.0,1.0,0.0,0.0,.333,.667,.333,1.000,.500,-.--,28.0,0.0,1.0,,,,,,,,,,,,,,,,,,,,,,,,,2025
665561,Rafael Marchán,143,Philadelphia Phillies,,C,2026,92.0,88.0,9.0,0.0,0.0,2.0,2.0,0.0,14.0,2.0,0.0,0.0,15.0,6.0,2.0,.102,.141,.170,.311,.097,44.00,362.0,20.0,45.0,118.0,105.0,22.0,4.0,0.0,2.0,10.0,0.0,17.0,1.0,1.0,1.0,32.0,13.0,1.0,.210,.282,.305,.587,.230,52.50,459.0,41.0,27.0,2025
655316,Andruw Monasterio,111,Boston Red Sox,,SS,2026,319.0,287.0,71.0,23.0,1.0,6.0,24.0,0.0,59.0,3.0,4.0,1.0,114.0,40.0,6.0,.247,.308,.397,.705,.288,47.83,1354.0,57.0,105.0,135.0,126.0,34.0,9.0,0.0,4.0,7.0,0.0,32.0,2.0,0.0,0.0,55.0,16.0,1.0,.270,.319,.437,.756,.333,31.50,558.0,19.0,41.0,2025
696285,Jacob Young,120,Washington Nationals,,CF,2026,422.0,378.0,94.0,19.0,3.0,10.0,30.0,0.0,71.0,8.0,2.0,4.0,149.0,44.0,6.0,.249,.316,.394,.710,.281,37.80,1545.0,98.0,121.0,364.0,324.0,75.0,10.0,1.0,2.0,27.0,0.0,65.0,3.0,1.0,9.0,93.0,31.0,7.0,.231,.296,.287,.583,.283,162.00,1367.0,115.0,79.0,2025
622554,Seranthony Domínguez,136,Seattle Mariners,,P,2026,,,,,,,,,,,,,,,,,,,,,,,,,0.0,0.0,0.0,0.0,0.0,0.0,0.0,0.0,0.0,0.0,0.0,0.0,0.0,0.0,0.0,.000,.000,.000,.000,.---,-.--,0.0,0.0,0.0,2025
684007,Shota Imanaga,112,Chicago Cubs,,P,2026,,,,,,,,,,,,,,,,,,,,,,,,,,,,,,,,,,,,,,,,,,,,,,,,,2025
677865,Justin Bruihl,138,St. Louis Cardinals,,P,2026,,,,,,,,,,,,,,,,,,,,,,,,,,,,,,,,,,,,,,,,,,,,,,,,,2025
815081,Mark Manfredi,115,Colorado Rockies,,P,2026,,,,,,,,,,,,,,,,,,,,,,,,,,,,,,,,,,,,,,,,,,,,,,,,,2025
688107,Robert Gasser,158,Milwaukee Brewers,,P,2026,,,,,,,,,,,,,,,,,,,,,,,,,,,,,,,,,,,,,,,,,,,,,,,,,2025
815083,Mitch Farris,108,Los Angeles Angels,,P,2026,,,,,,,,,,,,,,,,,,,,,,,,,,,,,,,,,,,,,,,,,,,,,,,,,2025
694249,Cole Carrigg,115,Colorado Rockies,,CF,2026,280.0,244.0,64.0,19.0,3.0,6.0,27.0,2.0,61.0,4.0,4.0,1.0,107.0,37.0,4.0,.262,.341,.439,.780,.320,40.67,1080.0,49.0,75.0,,,,,,,,,,,,,,,,,,,,,,,,,2025
606192,Teoscar Hernández,119,Los Angeles Dodgers,,LF,2026,406.0,367.0,94.0,16.0,1.0,12.0,33.0,1.0,112.0,3.0,3.0,0.0,148.0,48.0,12.0,.256,.320,.403,.723,.333,30.58,1629.0,75.0,89.0,546.0,511.0,126.0,29.0,1.0,25.0,26.0,0.0,134.0,3.0,5.0,0.0,232.0,89.0,13.0,.247,.284,.454,.738,.283,20.44,2139.0,136.0,120.0,2025
663538,Nico Hoerner,112,Chicago Cubs,,2B,2026,603.0,547.0,142.0,27.0,1.0,8.0,41.0,0.0,53.0,7.0,8.0,0.0,195.0,62.0,11.0,.260,.315,.356,.671,.271,68.38,2156.0,169.0,191.0,649.0,599.0,178.0,29.0,4.0,7.0,39.0,1.0,49.0,7.0,4.0,0.0,236.0,61.0,4.0,.297,.345,.394,.739,.313,85.57,2305.0,179.0,197.0,2025
663542,Bryan Hudson,145,Chicago White Sox,,P,2026,,,,,,,,,,,,,,,,,,,,,,,,,,,,,,,,,,,,,,,,,,,,,,,,,2025
671732,Lawrence Butler,133,Athletics,,RF,2026,450.0,391.0,91.0,16.0,1.0,12.0,55.0,1.0,117.0,1.0,2.0,1.0,145.0,49.0,5.0,.233,.327,.371,.698,.299,32.58,1867.0,109.0,77.0,630.0,569.0,133.0,30.0,2.0,21.0,59.0,0.0,179.0,0.0,0.0,2.0,230.0,63.0,7.0,.234,.306,.404,.710,.304,27.10,2517.0,137.0,122.0,2025
671737,Taj Bradley,142,Minnesota Twins,,P,2026,,,,,,,,,,,,,,,,,,,,,,,,,,,,,,,,,,,,,,,,,,,,,,,,,2025
602104,Ramón Urías,138,St. Louis Cardinals,,3B,2026,94.0,80.0,13.0,3.0,0.0,4.0,9.0,0.0,17.0,4.0,1.0,0.0,28.0,9.0,2.0,.163,.277,.350,.627,.150,20.00,342.0,21.0,30.0,391.0,352.0,85.0,17.0,0.0,11.0,27.0,0.0,88.0,2.0,10.0,0.0,135.0,44.0,6.0,.241,.292,.384,.676,.281,32.00,1509.0,88.0,101.0,2025
671739,Michael Harris II,144,Atlanta Braves,,CF,2026,536.0,509.0,150.0,32.0,1.0,24.0,20.0,1.0,107.0,2.0,3.0,2.0,256.0,80.0,3.0,.295,.322,.503,.825,.331,21.21,1918.0,138.0,119.0,641.0,611.0,152.0,26.0,6.0,20.0,16.0,1.0,128.0,3.0,7.0,4.0,250.0,86.0,7.0,.249,.268,.409,.677,.281,30.55,2177.0,193.0,149.0,2025
681982,Grant Anderson,158,Milwaukee Brewers,,P,2026,,,,,,,,,,,,,,,,,,,,,,,,,,,,,,,,,,,,,,,,,,,,,,,,,2025
808959,Munetaka Murakami,145,Chicago White Sox,,1B,2026,460.0,376.0,80.0,14.0,0.0,29.0,81.0,7.0,157.0,2.0,1.0,0.0,181.0,59.0,3.0,.213,.354,.481,.835,.267,12.97,2029.0,70.0,70.0,,,,,,,,,,,,,,,,,,,,,,,,,2025
