batter_id,batter_name,team_id,team_name,batSide,primaryPosition,season,plateAppearances,atBats,hits,doubles,triples,homeRuns,baseOnBalls,intentionalWalks,strikeOuts,hitByPitch,sacFlies,sacBunts,totalBases,rbi,groundIntoDoublePlay,avg,obp,slg,ops,babip,atBatsPerHomeRun,numberOfPitches,groundOuts,airOuts,plateAppearances_prev,atBats_prev,hits_prev,doubles_prev,triples_prev,homeRuns_prev,baseOnBalls_prev,intentionalWalks_prev,strikeOuts_prev,hitByPitch_prev,sacFlies_prev,sacBunts_prev,totalBases_prev,rbi_prev,groundIntoDoublePlay_prev,avg_prev,obp_prev,slg_prev,ops_prev,babip_prev,atBatsPerHomeRun_prev,numberOfPitches_prev,groundOuts_prev,airOuts_prev,season_prev
663558,Jovani Morán,111,Boston Red Sox,,P,2026,,,,,,,,,,,,,,,,,,,,,,,,,,,,,,,,,,,,,,,,,,,,,,,,,2025
624641,Edmundo Sosa,143,Philadelphia Phillies,,LF,2026,196.0,179.0,39.0,6.0,1.0,5.0,6.0,0.0,41.0,5.0,3.0,1.0,62.0,28.0,5.0,.218,.259,.346,.605,.250,35.80,730.0,55.0,48.0,261.0,243.0,67.0,12.0,1.0,11.0,10.0,0.0,56.0,2.0,2.0,3.0,114.0,39.0,7.0,.276,.307,.469,.776,.315,22.09,942.0,67.0,58.0,2025
808963,Roki Sasaki,119,Los Angeles Dodgers,,P,2026,,,,,,,,,,,,,,,,,,,,,,,,,,,,,,,,,,,,,,,,,,,,,,,,,2025
669701,Josh Smith,141,Toronto Blue Jays,,2B,2026,175.0,154.0,33.0,3.0,1.0,2.0,18.0,1.0,37.0,1.0,1.0,1.0,44.0,9.0,3.0,.214,.299,.286,.585,.267,77.00,672.0,37.0,49.0,563.0,495.0,124.0,23.0,2.0,10.0,55.0,2.0,100.0,8.0,1.0,3.0,181.0,35.0,3.0,.251,.335,.366,.701,.295,49.50,2287.0,139.0,136.0,2025
808967,Yoshinobu Yamamoto,119,Los Angeles Dodgers,,P,2026,,,,,,,,,,,,,,,,,,,,,,,,,,,,,,,,,,,,,,,,,,,,,,,,,2025
663567,Peter Lambert,117,Houston Astros,,P,2026,,,,,,,,,,,,,,,,,,,,,,,,,,,,,,,,,,,,,,,,,,,,,,,,,2025
669707,Jared Triolo,134,Pittsburgh Pirates,,SS,2026,274.0,243.0,60.0,12.0,0.0,2.0,24.0,0.0,58.0,4.0,0.0,1.0,78.0,24.0,7.0,.247,.325,.321,.646,.317,121.50,1023.0,75.0,51.0,376.0,331.0,75.0,18.0,2.0,7.0,39.0,1.0,76.0,2.0,1.0,3.0,118.0,24.0,4.0,.227,.311,.356,.667,.273,47.29,1454.0,81.0,103.0,2025
675848,Juan Mejia,115,Colorado Rockies,,P,2026,,,,,,,,,,,,,,,,,,,,,,,,,0.0,0.0,0.0,0.0,0.0,0.0,0.0,0.0,0.0,0.0,0.0,0.0,0.0,0.0,0.0,.000,.000,.000,.000,.---,-.--,0.0,0.0,0.0,2025
669713,Hayden Wesneski,117,Houston Astros,,P,2026,,,,,,,,,,,,,,,,,,,,,,,,,,,,,,,,,,,,,,,,,,,,,,,,,2025
669711,Greg Weissert,111,Boston Red Sox,,P,2026,,,,,,,,,,,,,,,,,,,,,,,,,,,,,,,,,,,,,,,,,,,,,,,,,2025
808982,Jung Hoo Lee,137,San Francisco Giants,,RF,2026,455.0,427.0,124.0,26.0,4.0,9.0,18.0,0.0,46.0,6.0,4.0,0.0,185.0,46.0,6.0,.290,.325,.433,.758,.306,47.44,1653.0,140.0,121.0,617.0,560.0,149.0,31.0,12.0,8.0,47.0,0.0,71.0,6.0,4.0,0.0,228.0,55.0,2.0,.266,.327,.407,.734,.291,70.00,2351.0,182.0,162.0,2025
622608,Antonio Senzatela,158,Milwaukee Brewers,,P,2026,0.0,0.0,0.0,0.0,0.0,0.0,0.0,0.0,0.0,0.0,0.0,0.0,0.0,0.0,0.0,.000,.000,.000,.000,.---,-.--,0.0,0.0,0.0,,,,,,,,,,,,,,,,,,,,,,,,,2025
665622,Luis Medina,133,Athletics,,P,2026,,,,,,,,,,,,,,,,,,,,,,,,,,,,,,,,,,,,,,,,,,,,,,,,,2025
663586,Austin Riley,144,Atlanta Braves,,3B,2026,485.0,435.0,97.0,18.0,1.0,15.0,37.0,0.0,150.0,10.0,3.0,0.0,162.0,58.0,9.0,.223,.297,.372,.669,.300,29.00,1946.0,76.0,115.0,447.0,416.0,108.0,20.0,1.0,16.0,27.0,1.0,128.0,3.0,1.0,0.0,178.0,54.0,9.0,.260,.309,.428,.737,.337,26.00,1791.0,69.0,112.0,2025
694297,Brandon Pfaadt,109,Arizona Diamondbacks,,P,2026,,,,,,,,,,,,,,,,,,,,,,,,,,,,,,,,,,,,,,,,,,,,,,,,,2025
661531,Brian Serven,133,Athletics,,C,2026,28.0,27.0,5.0,0.0,0.0,2.0,1.0,0.0,6.0,0.0,0.0,0.0,11.0,5.0,1.0,.185,.214,.407,.621,.158,13.50,104.0,9.0,7.0,,,,,,,,,,,,,,,,,,,,,,,,,2025
593958,Eduardo Rodriguez,109,Arizona Diamondbacks,,P,2026,,,,,,,,,,,,,,,,,,,,,,,,,,,,,,,,,,,,,,,,,,,,,,,,,2025
669743,Alex Call,119,Los Angeles Dodgers,,LF,2026,150.0,126.0,31.0,7.0,0.0,1.0,18.0,0.0,25.0,4.0,2.0,0.0,41.0,17.0,2.0,.246,.353,.325,.678,.294,126.00,660.0,34.0,38.0,322.0,270.0,72.0,13.0,2.0,5.0,36.0,0.0,55.0,6.0,4.0,6.0,104.0,31.0,6.0,.267,.361,.385,.746,.313,54.00,1314.0,80.0,73.0,2025
596019,Francisco Lindor,121,New York Mets,,SS,2026,287.0,254.0,61.0,7.0,4.0,12.0,30.0,0.0,54.0,3.0,0.0,0.0,112.0,31.0,2.0,.240,.328,.441,.769,.261,21.17,1245.0,58.0,81.0,732.0,644.0,172.0,35.0,0.0,31.0,65.0,2.0,131.0,16.0,7.0,0.0,300.0,86.0,9.0,.267,.346,.466,.812,.288,20.77,2940.0,149.0,199.0,2025
663604,Brandon Lockridge,158,Milwaukee Brewers,,LF,2026,104.0,93.0,26.0,4.0,0.0,0.0,10.0,0.0,29.0,0.0,0.0,1.0,30.0,12.0,0.0,.280,.350,.323,.673,.406,-.--,438.0,31.0,8.0,148.0,134.0,31.0,7.0,1.0,0.0,8.0,0.0,36.0,1.0,2.0,3.0,40.0,11.0,2.0,.231,.276,.299,.575,.310,-.--,578.0,44.0,28.0,2025
665660,Elvis Alvarado,133,Athletics,,P,2026,,,,,,,,,,,,,,,,,,,,,,,,,0.0,0.0,0.0,0.0,0.0,0.0,0.0,0.0,0.0,0.0,0.0,0.0,0.0,0.0,0.0,.000,.000,.000,.000,.---,-.--,0.0,0.0,0.0,2025
571448,Nolan Arenado,109,Arizona Diamondbacks,,3B,2026,451.0,400.0,96.0,20.0,1.0,18.0,41.0,2.0,93.0,7.0,3.0,0.0,172.0,58.0,10.0,.240,.319,.430,.749,.267,22.22,1826.0,92.0,122.0,436.0,401.0,95.0,18.0,1.0,12.0,28.0,4.0,49.0,3.0,4.0,0.0,151.0,52.0,10.0,.237,.289,.377,.666,.241,33.42,1586.0,101.0,160.0,2025
663616,Trevor Larnach,142,Minnesota Twins,,LF,2026,367.0,323.0,88.0,19.0,1.0,10.0,40.0,1.0,65.0,3.0,0.0,1.0,139.0,42.0,7.0,.272,.358,.430,.788,.315,32.30,1446.0,72.0,99.0,567.0,503.0,126.0,24.0,1.0,17.0,53.0,2.0,122.0,4.0,6.0,0.0,203.0,60.0,19.0,.250,.323,.404,.727,.295,29.59,2191.0,124.0,137.0,2025
677951,Bobby Witt Jr.,118,Kansas City Royals,,SS,2026,458.0,407.0,116.0,25.0,1.0,13.0,47.0,4.0,80.0,1.0,3.0,0.0,182.0,42.0,6.0,.285,.358,.447,.805,.325,31.31,1699.0,78.0,136.0,687.0,623.0,184.0,47.0,6.0,23.0,49.0,8.0,125.0,8.0,7.0,0.0,312.0,88.0,7.0,.295,.351,.501,.852,.334,27.09,2511.0,124.0,197.0,2025
677952,Braxton Ashcraft,134,Pittsburgh Pirates,,P,2026,,,,,,,,,,,,,,,,,,,,,,,,,,,,,,,,,,,,,,,,,,,,,,,,,2025
665665,Reiver Sanmartin,137,San Francisco Giants,,P,2026,,,,,,,,,,,,,,,,,,,,,,,,,,,,,,,,,,,,,,,,,,,,,,,,,2025
608324,Alex Bregman,112,Chicago Cubs,,3B,2026,549.0,475.0,120.0,23.0,1.0,16.0,61.0,2.0,87.0,8.0,5.0,0.0,193.0,61.0,12.0,.253,.344,.406,.750,.276,29.69,2192.0,111.0,162.0,495.0,433.0,118.0,28.0,0.0,18.0,51.0,3.0,70.0,9.0,2.0,0.0,200.0,62.0,12.0,.273,.360,.462,.822,.288,24.06,1947.0,101.0,146.0,2025
682052,Jacob Lopez,133,Athletics,,P,2026,,,,,,,,,,,,,,,,,,,,,,,,,,,,,,,,,,,,,,,,,,,,,,,,,2025
677960,Ryan Weathers,147,New York Yankees,,P,2026,,,,,,,,,,,,,,,,,,,,,,,,,,,,,,,,,,,,,,,,,,,,,,,,,2025
663623,Jake Irvin,120,Washington Nationals,,P,2026,,,,,,,,,,,,,,,,,,,,,,,,,,,,,,,,,,,,,,,,,,,,,,,,,2025
677958,Kumar Rocker,140,Texas Rangers,,P,2026,,,,,,,,,,,,,,,,,,,,,,,,,,,,,,,,,,,,,,,,,,,,,,,,,2025
608331,Max Fried,147,New York Yankees,,P,2026,,,,,,,,,,,,,,,,,,,,,,,,,,,,,,,,,,,,,,,,,,,,,,,,,2025
677976,Randy Dobnak,118,Kansas City Royals,,P,2026,,,,,,,,,,,,,,,,,,,,,,,,,,,,,,,,,,,,,,,,,,,,,,,,,2025
608348,Carson Kelly,112,Chicago Cubs,,C,2026,324.0,287.0,75.0,11.0,0.0,7.0,34.0,0.0,56.0,3.0,0.0,0.0,107.0,43.0,7.0,.261,.346,.373,.719,.304,41.00,1275.0,75.0,81.0,421.0,369.0,92.0,13.0,1.0,17.0,45.0,0.0,80.0,3.0,4.0,0.0,158.0,50.0,11.0,.249,.333,.428,.761,.272,21.71,1667.0,88.0,113.0,2025
694374,Tim Tawa,109,Arizona Diamondbacks,,LF,2026,203.0,180.0,42.0,8.0,0.0,7.0,14.0,0.0,48.0,0.0,3.0,6.0,71.0,27.0,5.0,.233,.284,.394,.678,.273,25.71,812.0,55.0,44.0,225.0,199.0,40.0,8.0,0.0,7.0,20.0,0.0,64.0,1.0,3.0,2.0,69.0,18.0,6.0,.201,.274,.347,.621,.252,28.43,876.0,54.0,46.0,2025
663647,Ke'Bryan Hayes,113,Cincinnati Reds,,3B,2026,183.0,172.0,25.0,2.0,1.0,4.0,9.0,0.0,35.0,2.0,0.0,0.0,41.0,7.0,5.0,.145,.197,.238,.435,.158,43.00,627.0,45.0,67.0,570.0,527.0,124.0,16.0,3.0,5.0,36.0,1.0,111.0,5.0,1.0,1.0,161.0,49.0,12.0,.235,.290,.306,.596,.289,105.40,2154.0,154.0,140.0,2025
667755,José Soriano,141,Toronto Blue Jays,,P,2026,,,,,,,,,,,,,,,,,,,,,,,,,,,,,,,,,,,,,,,,,,,,,,,,,2025
594027,Tyron Guerrero,111,Boston Red Sox,,P,2026,,,,,,,,,,,,,,,,,,,,,,,,,,,,,,,,,,,,,,,,,,,,,,,,,2025
657514,Brennan Bernardino,115,Colorado Rockies,,P,2026,,,,,,,,,,,,,,,,,,,,,,,,,0.0,0.0,0.0,0.0,0.0,0.0,0.0,0.0,0.0,0.0,0.0,0.0,0.0,0.0,0.0,.000,.000,.000,.000,.---,-.--,0.0,0.0,0.0,2025
663656,Kyle Tucker,119,Los Angeles Dodgers,,RF,2026,476.0,410.0,96.0,18.0,3.0,11.0,59.0,1.0,89.0,3.0,4.0,0.0,153.0,54.0,3.0,.234,.332,.373,.705,.271,37.27,1883.0,98.0,131.0,597.0,500.0,133.0,25.0,4.0,22.0,87.0,7.0,88.0,4.0,3.0,1.0,232.0,73.0,8.0,.266,.377,.464,.841,.282,22.73,2306.0,114.0,169.0,2025
694378,Jacob Gonzalez,134,Pittsburgh Pirates,,SS,2026,165.0,151.0,36.0,7.0,0.0,6.0,9.0,0.0,31.0,3.0,1.0,1.0,61.0,28.0,5.0,.238,.293,.404,.697,.261,25.17,637.0,41.0,45.0,,,,,,,,,,,,,,,,,,,,,,,,,2025
608372,Tomoyuki Sugano,115,Colorado Rockies,,P,2026,,,,,,,,,,,,,,,,,,,,,,,,,,,,,,,,,,,,,,,,,,,,,,,,,2025
694384,Nolan Schanuel,108,Los Angeles Angels,,1B,2026,430.0,377.0,103.0,22.0,0.0,7.0,42.0,0.0,57.0,6.0,5.0,0.0,146.0,46.0,10.0,.273,.351,.387,.738,.302,53.86,1616.0,117.0,105.0,564.0,488.0,129.0,23.0,1.0,12.0,59.0,4.0,71.0,10.0,4.0,3.0,190.0,53.0,10.0,.264,.353,.389,.742,.286,40.67,2150.0,139.0,156.0,2025
608369,Corey Seager,140,Texas Rangers,,SS,2026,270.0,232.0,46.0,8.0,0.0,12.0,34.0,3.0,67.0,2.0,2.0,0.0,90.0,29.0,8.0,.198,.304,.388,.692,.219,19.33,1004.0,59.0,62.0,445.0,380.0,103.0,19.0,0.0,21.0,58.0,10.0,87.0,5.0,2.0,0.0,185.0,50.0,13.0,.271,.373,.487,.860,.299,18.10,1668.0,100.0,92.0,2025
571510,Matthew Boyd,112,Chicago Cubs,,P,2026,,,,,,,,,,,,,,,,,,,,,,,,,,,,,,,,,,,,,,,,,,,,,,,,,2025
675961,Alika Williams,133,Athletics,,SS,2026,139.0,128.0,34.0,11.0,0.0,2.0,6.0,0.0,34.0,2.0,1.0,2.0,51.0,10.0,2.0,.266,.307,.398,.705,.344,64.00,528.0,33.0,30.0,,,,,,,,,,,,,,,,,,,,,,,,,2025
608379,Michael Wacha,118,Kansas City Royals,,P,2026,,,,,,,,,,,,,,,,,,,,,,,,,,,,,,,,,,,,,,,,,,,,,,,,,2025
678011,Anthony Seigler,111,Boston Red Sox,,2B,2026,154.0,136.0,34.0,11.0,0.0,3.0,13.0,0.0,26.0,1.0,2.0,2.0,54.0,12.0,3.0,.250,.316,.397,.713,.284,45.33,560.0,38.0,42.0,73.0,62.0,12.0,1.0,0.0,0.0,8.0,0.0,16.0,1.0,1.0,1.0,13.0,5.0,2.0,.194,.292,.210,.502,.255,-.--,276.0,19.0,17.0,2025
678022,Jack Perkins,133,Athletics,,P,2026,0.0,0.0,0.0,0.0,0.0,0.0,0.0,0.0,0.0,0.0,0.0,0.0,0.0,0.0,0.0,.000,.000,.000,.000,.---,-.--,0.0,0.0,0.0,,,,,,,,,,,,,,,,,,,,,,,,,2025
663687,Hogan Harris,133,Athletics,,P,2026,,,,,,,,,,,,,,,,,,,,,,,,,,,,,,,,,,,,,,,,,,,,,,,,,2025
645261,Sandy Alcantara,146,Miami Marlins,,P,2026,,,,,,,,,,,,,,,,,,,,,,,,,,,,,,,,,,,,,,,,,,,,,,,,,2025
647304,Josh Naylor,136,Seattle Mariners,,1B,2026,487.0,440.0,117.0,18.0,0.0,10.0,39.0,2.0,60.0,5.0,2.0,0.0,165.0,44.0,16.0,.266,.331,.375,.706,.288,44.00,1604.0,135.0,130.0,604.0,543.0,160.0,29.0,1.0,20.0,48.0,4.0,83.0,4.0,5.0,0.0,251.0,92.0,17.0,.295,.353,.462,.815,.315,27.15,2013.0,158.0,147.0,2025
643217,Andrew Benintendi,145,Chicago White Sox,,DH,2026,362.0,326.0,80.0,18.0,2.0,12.0,30.0,1.0,87.0,1.0,4.0,1.0,138.0,59.0,5.0,.245,.307,.423,.730,.294,27.17,1351.0,69.0,95.0,470.0,420.0,101.0,16.0,2.0,20.0,40.0,2.0,82.0,3.0,6.0,0.0,181.0,63.0,5.0,.240,.307,.431,.738,.250,21.00,1721.0,88.0,155.0,2025
665750,Leody Taveras,110,Baltimore Orioles,,CF,2026,370.0,324.0,72.0,12.0,6.0,7.0,35.0,0.0,92.0,1.0,1.0,9.0,117.0,43.0,7.0,.222,.299,.361,.660,.288,46.29,1479.0,78.0,92.0,180.0,171.0,35.0,6.0,1.0,3.0,5.0,0.0,50.0,0.0,1.0,3.0,52.0,17.0,0.0,.205,.226,.304,.530,.269,57.00,693.0,33.0,57.0,2025
596117,Garrett Stubbs,143,Philadelphia Phillies,,C,2026,46.0,41.0,5.0,0.0,0.0,0.0,2.0,0.0,10.0,2.0,1.0,0.0,5.0,2.0,0.0,.122,.196,.122,.318,.156,-.--,169.0,14.0,13.0,1.0,1.0,0.0,0.0,0.0,0.0,0.0,0.0,0.0,0.0,0.0,0.0,0.0,0.0,0.0,.000,.000,.000,.000,.000,-.--,4.0,1.0,0.0,2025
702616,Jackson Holliday,110,Baltimore Orioles,,2B,2026,235.0,200.0,48.0,7.0,1.0,6.0,32.0,2.0,57.0,0.0,3.0,0.0,75.0,22.0,5.0,.240,.340,.375,.715,.300,33.33,909.0,47.0,51.0,649.0,586.0,142.0,21.0,3.0,17.0,56.0,1.0,140.0,6.0,1.0,0.0,220.0,55.0,4.0,.242,.314,.375,.689,.291,34.47,2450.0,167.0,138.0,2025
657571,Caleb Ferguson,138,St. Louis Cardinals,,P,2026,,,,,,,,,,,,,,,,,,,,,,,,,,,,,,,,,,,,,,,,,,,,,,,,,2025
669854,Ronel Blanco,117,Houston Astros,,P,2026,,,,,,,,,,,,,,,,,,,,,,,,,,,,,,,,,,,,,,,,,,,,,,,,,2025
645277,Ozzie Albies,144,Atlanta Braves,,2B,2026,522.0,468.0,119.0,22.0,0.0,20.0,37.0,1.0,74.0,6.0,11.0,0.0,201.0,64.0,4.0,.254,.310,.429,.739,.257,23.40,1908.0,109.0,177.0,667.0,603.0,145.0,23.0,2.0,16.0,55.0,2.0,94.0,4.0,5.0,0.0,220.0,74.0,9.0,.240,.306,.365,.671,.259,37.69,2402.0,146.0,223.0,2025
596133,Luke Weaver,134,Pittsburgh Pirates,,P,2026,0.0,0.0,0.0,0.0,0.0,0.0,0.0,0.0,0.0,0.0,0.0,0.0,0.0,0.0,0.0,.000,.000,.000,.000,.---,-.--,0.0,0.0,0.0,,,,,,,,,,,,,,,,,,,,,,,,,2025
688297,Chris Roycroft,139,Tampa Bay Rays,,P,2026,,,,,,,,,,,,,,,,,,,,,,,,,,,,,,,,,,,,,,,,,,,,,,,,,2025
647336,Michael Soroka,109,Arizona Diamondbacks,,P,2026,,,,,,,,,,,,,,,,,,,,,,,,,,,,,,,,,,,,,,,,,,,,,,,,,2025
622761,Jorge Mateo,139,Tampa Bay Rays,,SS,2026,137.0,129.0,31.0,6.0,0.0,4.0,8.0,0.0,41.0,0.0,0.0,0.0,49.0,11.0,2.0,.240,.285,.380,.665,.321,32.25,530.0,24.0,33.0,83.0,79.0,14.0,4.0,0.0,1.0,4.0,0.0,30.0,0.0,0.0,0.0,21.0,3.0,1.0,.177,.217,.266,.483,.271,79.00,336.0,17.0,18.0,2025
596142,Gary Sánchez,158,Milwaukee Brewers,,C,2026,212.0,170.0,39.0,8.0,1.0,10.0,39.0,0.0,42.0,2.0,1.0,0.0,79.0,29.0,6.0,.229,.377,.465,.842,.244,17.00,900.0,39.0,51.0,101.0,91.0,21.0,2.0,0.0,5.0,4.0,0.0,27.0,5.0,1.0,0.0,38.0,24.0,2.0,.231,.297,.418,.715,.267,18.20,415.0,21.0,23.0,2025
596146,Max Kepler,109,Arizona Diamondbacks,,LF,2026,115.0,102.0,22.0,6.0,0.0,2.0,11.0,1.0,25.0,0.0,2.0,0.0,34.0,15.0,3.0,.216,.287,.333,.620,.260,51.00,434.0,16.0,41.0,474.0,417.0,90.0,19.0,0.0,18.0,48.0,3.0,93.0,4.0,4.0,1.0,163.0,52.0,10.0,.216,.300,.391,.691,.232,23.17,1826.0,95.0,144.0,2025
645302,Victor Robles,136,Seattle Mariners,,RF,2026,131.0,121.0,31.0,3.0,1.0,0.0,5.0,0.0,22.0,3.0,1.0,1.0,36.0,7.0,4.0,.256,.300,.298,.598,.310,-.--,463.0,30.0,40.0,114.0,106.0,26.0,4.0,1.0,1.0,3.0,0.0,26.0,3.0,2.0,0.0,35.0,9.0,3.0,.245,.281,.330,.611,.309,106.00,375.0,29.0,27.0,2025
663728,Cal Raleigh,136,Seattle Mariners,,C,2026,375.0,322.0,51.0,8.0,0.0,12.0,47.0,0.0,121.0,3.0,3.0,0.0,95.0,43.0,5.0,.158,.269,.295,.564,.203,26.83,1637.0,47.0,106.0,705.0,596.0,147.0,24.0,0.0,60.0,97.0,17.0,188.0,9.0,3.0,0.0,351.0,125.0,6.0,.247,.359,.589,.948,.248,9.93,2833.0,79.0,185.0,2025
645305,Ali Sánchez,147,New York Yankees,,C,2026,63.0,59.0,16.0,2.0,0.0,1.0,1.0,0.0,16.0,2.0,1.0,0.0,21.0,7.0,2.0,.271,.302,.356,.658,.349,59.00,224.0,14.0,14.0,23.0,23.0,5.0,2.0,0.0,0.0,0.0,0.0,6.0,0.0,0.0,0.0,7.0,0.0,1.0,.217,.217,.304,.521,.294,-.--,80.0,6.0,6.0,2025
803011,Sam Antonacci,145,Chicago White Sox,,LF,2026,403.0,349.0,97.0,17.0,2.0,8.0,28.0,0.0,63.0,22.0,1.0,3.0,142.0,35.0,1.0,.278,.368,.407,.775,.319,43.62,1595.0,118.0,75.0,,,,,,,,,,,,,,,,,,,,,,,,,2025
663738,Daniel Lynch IV,118,Kansas City Royals,,P,2026,,,,,,,,,,,,,,,,,,,,,,,,,0.0,0.0,0.0,0.0,0.0,0.0,0.0,0.0,0.0,0.0,0.0,0.0,0.0,0.0,0.0,.000,.000,.000,.000,.---,-.--,0.0,0.0,0.0,2025
663743,Nick Fortes,139,Tampa Bay Rays,,C,2026,268.0,248.0,67.0,14.0,0.0,4.0,8.0,0.0,33.0,8.0,1.0,3.0,93.0,29.0,6.0,.270,.313,.375,.688,.297,62.00,910.0,83.0,69.0,242.0,218.0,50.0,9.0,1.0,5.0,14.0,0.0,47.0,7.0,1.0,2.0,76.0,21.0,7.0,.229,.296,.349,.645,.269,43.60,915.0,59.0,65.0,2025
696519,Samy Natera Jr.,108,Los Angeles Angels,,P,2026,,,,,,,,,,,,,,,,,,,,,,,,,,,,,,,,,,,,,,,,,,,,,,,,,2025
657612,Tim Hill,147,New York Yankees,,P,2026,,,,,,,,,,,,,,,,,,,,,,,,,,,,,,,,,,,,,,,,,,,,,,,,,2025
696522,Hayden Juenger,133,Athletics,,P,2026,,,,,,,,,,,,,,,,,,,,,,,,,,,,,,,,,,,,,,,,,,,,,,,,,2025
665804,Miguel Amaya,112,Chicago Cubs,,C,2026,197.0,168.0,40.0,9.0,0.0,4.0,19.0,0.0,50.0,8.0,0.0,1.0,61.0,21.0,5.0,.238,.344,.363,.707,.316,42.00,817.0,29.0,50.0,103.0,96.0,27.0,9.0,0.0,4.0,4.0,0.0,22.0,1.0,1.0,1.0,48.0,25.0,0.0,.281,.314,.500,.814,.324,24.00,385.0,22.0,27.0,2025
663757,Trent Grisham,147,New York Yankees,,CF,2026,407.0,355.0,80.0,19.0,2.0,16.0,48.0,0.0,69.0,0.0,3.0,0.0,151.0,51.0,5.0,.225,.315,.425,.740,.234,22.19,1623.0,90.0,119.0,581.0,494.0,116.0,9.0,1.0,34.0,82.0,0.0,137.0,4.0,1.0,0.0,229.0,74.0,7.0,.235,.348,.464,.812,.253,14.53,2393.0,107.0,135.0,2025
694477,Chad Patrick,158,Milwaukee Brewers,,P,2026,0.0,0.0,0.0,0.0,0.0,0.0,0.0,0.0,0.0,0.0,0.0,0.0,0.0,0.0,0.0,.000,.000,.000,.000,.---,-.--,0.0,0.0,0.0,,,,,,,,,,,,,,,,,,,,,,,,,2025
674003,Cody Bradford,140,Texas Rangers,,P,2026,,,,,,,,,,,,,,,,,,,,,,,,,,,,,,,,,,,,,,,,,,,,,,,,,2025
669911,Michael Toglia,113,Cincinnati Reds,,1B,2026,8.0,7.0,2.0,1.0,0.0,0.0,1.0,0.0,3.0,0.0,0.0,0.0,3.0,0.0,0.0,.286,.375,.429,.804,.500,-.--,31.0,1.0,1.0,337.0,306.0,58.0,15.0,1.0,11.0,28.0,2.0,132.0,1.0,2.0,0.0,108.0,32.0,7.0,.190,.258,.353,.611,.285,27.82,1354.0,53.0,65.0,2025
663767,Chase Shugart,143,Philadelphia Phillies,,P,2026,0.0,0.0,0.0,0.0,0.0,0.0,0.0,0.0,0.0,0.0,0.0,0.0,0.0,0.0,0.0,.000,.000,.000,.000,.---,-.--,0.0,0.0,0.0,,,,,,,,,,,,,,,,,,,,,,,,,2025
663776,Patrick Sandoval,111,Boston Red Sox,,P,2026,,,,,,,,,,,,,,,,,,,,,,,,,,,,,,,,,,,,,,,,,,,,,,,,,2025
643289,Mauricio Dubón,144,Atlanta Braves,,LF,2026,471.0,435.0,115.0,23.0,2.0,10.0,28.0,0.0,60.0,2.0,2.0,1.0,172.0,61.0,6.0,.264,.310,.395,.705,.286,43.50,1714.0,119.0,144.0,398.0,369.0,89.0,21.0,0.0,7.0,24.0,0.0,42.0,1.0,1.0,3.0,131.0,33.0,12.0,.241,.289,.355,.644,.255,52.71,1346.0,110.0,132.0,2025
694497,Evan Carter,140,Texas Rangers,,CF,2026,348.0,294.0,57.0,9.0,2.0,8.0,42.0,0.0,81.0,4.0,1.0,7.0,94.0,31.0,1.0,.194,.302,.320,.622,.238,36.75,1427.0,68.0,96.0,220.0,194.0,48.0,9.0,2.0,5.0,19.0,1.0,41.0,7.0,0.0,0.0,76.0,25.0,2.0,.247,.336,.392,.728,.291,38.80,822.0,49.0,56.0,2025
669923,George Kirby,136,Seattle Mariners,,P,2026,,,,,,,,,,,,,,,,,,,,,,,,,,,,,,,,,,,,,,,,,,,,,,,,,2025
671976,Tristan Peters,145,Chicago White Sox,,CF,2026,358.0,321.0,86.0,23.0,3.0,7.0,26.0,0.0,67.0,5.0,2.0,4.0,136.0,42.0,0.0,.268,.331,.424,.755,.317,45.86,1304.0,81.0,93.0,12.0,12.0,0.0,0.0,0.0,0.0,0.0,0.0,7.0,0.0,0.0,0.0,0.0,0.0,0.0,.000,.000,.000,.000,.000,-.--,46.0,1.0,4.0,2025
676083,Janson Junk,146,Miami Marlins,,P,2026,,,,,,,,,,,,,,,,,,,,,,,,,,,,,,,,,,,,,,,,,,,,,,,,,2025
688363,Graham Pauley,146,Miami Marlins,,3B,2026,109.0,103.0,20.0,8.0,0.0,1.0,5.0,0.0,26.0,0.0,0.0,1.0,31.0,12.0,3.0,.194,.231,.301,.532,.250,103.00,453.0,23.0,35.0,184.0,161.0,36.0,9.0,1.0,4.0,21.0,0.0,36.0,0.0,1.0,1.0,59.0,11.0,1.0,.224,.311,.366,.677,.262,40.25,681.0,38.0,53.0,2025
669947,Jesse Scholtens,139,Tampa Bay Rays,,P,2026,,,,,,,,,,,,,,,,,,,,,,,,,,,,,,,,,,,,,,,,,,,,,,,,,2025
700669,Gordon Graceffo,138,St. Louis Cardinals,,P,2026,,,,,,,,,,,,,,,,,,,,,,,,,,,,,,,,,,,,,,,,,,,,,,,,,2025
606466,Ketel Marte,109,Arizona Diamondbacks,,2B,2026,515.0,466.0,117.0,23.0,3.0,21.0,40.0,3.0,77.0,5.0,4.0,0.0,209.0,67.0,4.0,.251,.315,.448,.763,.258,22.19,1860.0,129.0,147.0,556.0,480.0,136.0,28.0,0.0,28.0,64.0,6.0,83.0,9.0,3.0,0.0,248.0,72.0,12.0,.283,.376,.517,.893,.290,17.14,2095.0,129.0,135.0,2025
682243,Bryce Miller,136,Seattle Mariners,,P,2026,,,,,,,,,,,,,,,,,,,,,,,,,,,,,,,,,,,,,,,,,,,,,,,,,2025
805123,AJ Blubaugh,117,Houston Astros,,P,2026,,,,,,,,,,,,,,,,,,,,,,,,,,,,,,,,,,,,,,,,,,,,,,,,,2025
665862,Jazz Chisholm Jr.,147,New York Yankees,,2B,2026,447.0,398.0,86.0,14.0,2.0,17.0,45.0,3.0,139.0,1.0,3.0,0.0,155.0,48.0,5.0,.216,.295,.389,.684,.282,23.41,1843.0,84.0,92.0,531.0,462.0,112.0,15.0,1.0,31.0,58.0,1.0,148.0,6.0,4.0,1.0,222.0,80.0,3.0,.242,.332,.481,.813,.282,14.90,2138.0,90.0,117.0,2025
690440,Bradley Hanner,147,New York Yankees,,P,2026,,,,,,,,,,,,,,,,,,,,,,,,,,,,,,,,,,,,,,,,,,,,,,,,,2025
676106,Emerson Hancock,136,Seattle Mariners,,P,2026,,,,,,,,,,,,,,,,,,,,,,,,,0.0,0.0,0.0,0.0,0.0,0.0,0.0,0.0,0.0,0.0,0.0,0.0,0.0,0.0,0.0,.000,.000,.000,.000,.---,-.--,0.0,0.0,0.0,2025
682254,Mason Montgomery,134,Pittsburgh Pirates,,P,2026,,,,,,,,,,,,,,,,,,,,,,,,,,,,,,,,,,,,,,,,,,,,,,,,,2025
665871,Javier Assad,112,Chicago Cubs,,P,2026,0.0,0.0,0.0,0.0,0.0,0.0,0.0,0.0,0.0,0.0,0.0,0.0,0.0,0.0,0.0,.000,.000,.000,.000,.---,-.--,0.0,0.0,0.0,,,,,,,,,,,,,,,,,,,,,,,,,2025
665877,José Fermín,138,St. Louis Cardinals,,LF,2026,258.0,227.0,55.0,11.0,0.0,5.0,24.0,0.0,33.0,1.0,2.0,2.0,81.0,27.0,8.0,.242,.315,.357,.672,.262,45.40,1078.0,63.0,80.0,70.0,60.0,17.0,5.0,0.0,1.0,8.0,0.0,10.0,1.0,0.0,1.0,25.0,9.0,0.0,.283,.377,.417,.794,.327,60.00,271.0,16.0,18.0,2025
641302,Tyler Alexander,140,Texas Rangers,,P,2026,,,,,,,,,,,,,,,,,,,,,,,,,1.0,1.0,0.0,0.0,0.0,0.0,0.0,0.0,0.0,0.0,0.0,0.0,0.0,0.0,0.0,.000,.000,.000,.000,.000,-.--,3.0,1.0,0.0,2025
674073,Jack Weisenburger,121,New York Mets,,P,2026,,,,,,,,,,,,,,,,,,,,,,,,,,,,,,,,,,,,,,,,,,,,,,,,,2025
592155,Cam Booser,139,Tampa Bay Rays,,P,2026,,,,,,,,,,,,,,,,,,,,,,,,,,,,,,,,,,,,,,,,,,,,,,,,,2025
702752,Jonathan Pintaro,121,New York Mets,,P,2026,,,,,,,,,,,,,,,,,,,,,,,,,,,,,,,,,,,,,,,,,,,,,,,,,2025
700712,Walbert Ureña,108,Los Angeles Angels,,P,2026,,,,,,,,,,,,,,,,,,,,,,,,,,,,,,,,,,,,,,,,,,,,,,,,,2025
663855,Jordan Hicks,145,Chicago White Sox,,P,2026,,,,,,,,,,,,,,,,,,,,,,,,,,,,,,,,,,,,,,,,,,,,,,,,,2025
641329,Bryan Baker,139,Tampa Bay Rays,,P,2026,,,,,,,,,,,,,,,,,,,,,,,,,0.0,0.0,0.0,0.0,0.0,0.0,0.0,0.0,0.0,0.0,0.0,0.0,0.0,0.0,0.0,.000,.000,.000,.000,.---,-.--,0.0,0.0,0.0,2025
543037,Gerrit Cole,147,New York Yankees,,P,2026,,,,,,,,,,,,,,,,,,,,,,,,,,,,,,,,,,,,,,,,,,,,,,,,,2025
641343,Jake Bauers,158,Milwaukee Brewers,,1B,2026,439.0,372.0,100.0,17.0,2.0,21.0,62.0,3.0,111.0,3.0,2.0,0.0,184.0,68.0,4.0,.269,.376,.495,.871,.326,17.71,1792.0,82.0,81.0,218.0,183.0,43.0,9.0,0.0,7.0,32.0,1.0,59.0,2.0,1.0,0.0,73.0,28.0,1.0,.235,.353,.399,.752,.305,26.14,895.0,35.0,47.0,2025
665923,Esteury Ruiz,146,Miami Marlins,,RF,2026,161.0,132.0,34.0,10.0,1.0,6.0,18.0,0.0,48.0,8.0,1.0,1.0,64.0,11.0,0.0,.258,.377,.485,.862,.354,22.00,635.0,15.0,37.0,23.0,21.0,4.0,0.0,0.0,1.0,2.0,0.0,8.0,0.0,0.0,0.0,7.0,2.0,0.0,.190,.261,.333,.594,.250,21.00,88.0,5.0,4.0,2025
665926,Andrés Giménez,141,Toronto Blue Jays,,SS,2026,402.0,369.0,88.0,19.0,1.0,8.0,14.0,2.0,79.0,12.0,5.0,2.0,133.0,48.0,6.0,.238,.285,.360,.645,.279,46.12,1503.0,108.0,101.0,369.0,329.0,69.0,11.0,1.0,7.0,25.0,0.0,66.0,11.0,3.0,1.0,103.0,35.0,8.0,.210,.285,.313,.598,.239,47.00,1452.0,97.0,101.0,2025
663878,Nate Pearson,118,Kansas City Royals,,P,2026,0.0,0.0,0.0,0.0,0.0,0.0,0.0,0.0,0.0,0.0,0.0,0.0,0.0,0.0,0.0,.000,.000,.000,.000,.---,-.--,0.0,0.0,0.0,,,,,,,,,,,,,,,,,,,,,,,,,2025
678218,Brandon Valenzuela,141,Toronto Blue Jays,,C,2026,221.0,197.0,45.0,7.0,0.0,8.0,22.0,0.0,59.0,0.0,1.0,1.0,76.0,21.0,3.0,.228,.305,.386,.691,.282,24.62,900.0,44.0,51.0,,,,,,,,,,,,,,,,,,,,,,,,,2025
663886,Tyler Stephenson,113,Cincinnati Reds,,C,2026,334.0,294.0,74.0,16.0,0.0,11.0,36.0,1.0,84.0,2.0,2.0,0.0,123.0,38.0,5.0,.252,.335,.418,.753,.313,26.73,1350.0,54.0,84.0,342.0,299.0,69.0,18.0,0.0,13.0,37.0,1.0,116.0,2.0,4.0,0.0,126.0,50.0,4.0,.231,.316,.421,.737,.322,23.00,1389.0,57.0,61.0,2025
670032,Nicky Lopez,140,Texas Rangers,,2B,2026,212.0,191.0,51.0,3.0,1.0,1.0,9.0,0.0,36.0,3.0,1.0,8.0,59.0,20.0,5.0,.267,.309,.309,.618,.323,191.00,795.0,74.0,39.0,28.0,24.0,1.0,0.0,0.0,0.0,4.0,0.0,4.0,0.0,0.0,0.0,1.0,1.0,1.0,.042,.179,.042,.221,.050,-.--,106.0,13.0,6.0,2025
678225,Jihwan Bae,158,Milwaukee Brewers,,CF,2026,4.0,2.0,1.0,0.0,0.0,0.0,0.0,0.0,1.0,1.0,0.0,1.0,1.0,0.0,0.0,.500,.667,.500,1.167,1.000,-.--,13.0,1.0,0.0,25.0,20.0,1.0,0.0,0.0,0.0,5.0,0.0,9.0,0.0,0.0,0.0,1.0,0.0,0.0,.050,.240,.050,.290,.091,-.--,102.0,5.0,5.0,2025
663903,Brady Singer,113,Cincinnati Reds,,P,2026,,,,,,,,,,,,,,,,,,,,,,,,,,,,,,,,,,,,,,,,,,,,,,,,,2025
665953,Andrés Chaparro,120,Washington Nationals,,1B,2026,125.0,106.0,24.0,8.0,0.0,6.0,15.0,0.0,29.0,4.0,0.0,0.0,50.0,28.0,4.0,.226,.344,.472,.816,.254,17.67,482.0,27.0,26.0,73.0,66.0,12.0,2.0,0.0,1.0,5.0,0.0,22.0,1.0,1.0,0.0,17.0,5.0,0.0,.182,.247,.258,.505,.250,66.00,282.0,15.0,18.0,2025
545121,Ildemaro Vargas,109,Arizona Diamondbacks,,1B,2026,371.0,344.0,92.0,17.0,4.0,7.0,22.0,2.0,36.0,2.0,1.0,1.0,138.0,56.0,4.0,.267,.314,.401,.715,.281,49.14,1312.0,113.0,105.0,121.0,115.0,31.0,2.0,1.0,3.0,2.0,0.0,15.0,2.0,1.0,1.0,44.0,19.0,3.0,.270,.292,.383,.675,.286,38.33,429.0,46.0,25.0,2025
678246,Miguel Vargas,145,Chicago White Sox,,3B,2026,523.0,444.0,106.0,27.0,1.0,27.0,66.0,2.0,93.0,7.0,5.0,0.0,216.0,71.0,7.0,.239,.343,.486,.829,.240,16.44,2043.0,83.0,167.0,569.0,504.0,118.0,32.0,2.0,16.0,56.0,0.0,100.0,6.0,3.0,0.0,202.0,60.0,9.0,.234,.316,.401,.717,.261,31.50,2323.0,91.0,198.0,2025
801126,Brock Rodden,136,Seattle Mariners,,2B,2026,5.0,4.0,1.0,1.0,0.0,0.0,0.0,0.0,2.0,0.0,1.0,0.0,2.0,2.0,0.0,.250,.200,.500,.700,.333,-.--,22.0,0.0,2.0,,,,,,,,,,,,,,,,,,,,,,,,,2025
547179,Michael Lorenzen,115,Colorado Rockies,,P,2026,,,,,,,,,,,,,,,,,,,,,,,,,,,,,,,,,,,,,,,,,,,,,,,,,2025
665966,Carlos Narváez,110,Baltimore Orioles,,C,2026,224.0,196.0,35.0,6.0,0.0,3.0,15.0,0.0,74.0,5.0,3.0,5.0,50.0,10.0,7.0,.179,.251,.255,.506,.262,65.33,918.0,40.0,55.0,446.0,403.0,97.0,27.0,0.0,15.0,38.0,0.0,111.0,1.0,2.0,2.0,169.0,50.0,12.0,.241,.306,.419,.725,.294,26.87,1829.0,98.0,101.0,2025
547180,Bryce Harper,143,Philadelphia Phillies,,1B,2026,523.0,430.0,109.0,23.0,3.0,25.0,85.0,3.0,111.0,1.0,7.0,0.0,213.0,72.0,15.0,.253,.373,.495,.868,.279,17.20,2051.0,111.0,106.0,580.0,501.0,131.0,32.0,0.0,27.0,70.0,6.0,121.0,6.0,3.0,0.0,244.0,75.0,5.0,.261,.357,.487,.844,.292,18.56,2172.0,127.0,125.0,2025
670062,Julian Garcia,113,Cincinnati Reds,,P,2026,,,,,,,,,,,,,,,,,,,,,,,,,,,,,,,,,,,,,,,,,,,,,,,,,2025
801139,Payton Tolle,111,Boston Red Sox,,P,2026,,,,,,,,,,,,,,,,,,,,,,,,,,,,,,,,,,,,,,,,,,,,,,,,,2025
694646,Chayce McDermott,121,New York Mets,,P,2026,,,,,,,,,,,,,,,,,,,,,,,,,,,,,,,,,,,,,,,,,,,,,,,,,2025
643446,Jeff McNeil,133,Athletics,,2B,2026,365.0,331.0,87.0,15.0,0.0,5.0,25.0,1.0,43.0,4.0,4.0,1.0,117.0,39.0,10.0,.263,.319,.353,.672,.286,66.20,1319.0,91.0,115.0,462.0,399.0,97.0,21.0,5.0,12.0,49.0,4.0,55.0,8.0,4.0,2.0,164.0,54.0,5.0,.243,.335,.411,.746,.253,33.25,1718.0,109.0,144.0,2025
571771,Enrique Hernández,119,Los Angeles Dodgers,,1B,2026,28.0,27.0,6.0,2.0,0.0,1.0,1.0,0.0,8.0,0.0,0.0,0.0,11.0,2.0,0.0,.222,.250,.407,.657,.278,27.00,102.0,8.0,5.0,256.0,232.0,47.0,8.0,0.0,10.0,18.0,0.0,68.0,0.0,5.0,1.0,85.0,35.0,7.0,.203,.255,.366,.621,.233,23.20,1033.0,52.0,71.0,2025
663947,Tyler Holton,116,Detroit Tigers,,P,2026,,,,,,,,,,,,,,,,,,,,,,,,,,,,,,,,,,,,,,,,,,,,,,,,,2025
686475,Tyler Tolbert,118,Kansas City Royals,,SS,2026,104.0,90.0,28.0,5.0,0.0,3.0,9.0,0.0,18.0,0.0,1.0,4.0,42.0,6.0,3.0,.311,.370,.467,.837,.357,30.00,359.0,27.0,22.0,57.0,50.0,14.0,2.0,0.0,1.0,1.0,0.0,11.0,3.0,2.0,1.0,19.0,6.0,1.0,.280,.321,.380,.701,.325,50.00,189.0,10.0,18.0,2025
694671,Wyatt Langford,140,Texas Rangers,,LF,2026,303.0,277.0,69.0,14.0,2.0,13.0,23.0,0.0,70.0,3.0,0.0,0.0,126.0,31.0,4.0,.249,.314,.455,.769,.289,21.31,1176.0,55.0,83.0,573.0,489.0,118.0,25.0,1.0,22.0,74.0,3.0,151.0,5.0,5.0,0.0,211.0,62.0,9.0,.241,.344,.431,.775,.299,22.23,2335.0,87.0,138.0,2025
694673,Abimelec Ortiz,120,Washington Nationals,,1B,2026,36.0,35.0,10.0,1.0,0.0,4.0,1.0,0.0,8.0,0.0,0.0,0.0,23.0,8.0,1.0,.286,.306,.657,.963,.261,8.75,157.0,8.0,9.0,,,,,,,,,,,,,,,,,,,,,,,,,2025
663968,Jake Mangum,134,Pittsburgh Pirates,,CF,2026,366.0,333.0,99.0,15.0,2.0,4.0,19.0,1.0,69.0,9.0,2.0,3.0,130.0,28.0,6.0,.297,.350,.390,.740,.363,83.25,1321.0,106.0,64.0,428.0,405.0,120.0,18.0,1.0,3.0,19.0,0.0,64.0,2.0,1.0,1.0,149.0,40.0,4.0,.296,.330,.368,.698,.345,135.00,1442.0,138.0,85.0,2025
663969,Tyler Phillips,146,Miami Marlins,,P,2026,,,,,,,,,,,,,,,,,,,,,,,,,,,,,,,,,,,,,,,,,,,,,,,,,2025
666018,Jonathan Aranda,139,Tampa Bay Rays,,1B,2026,517.0,444.0,126.0,19.0,0.0,15.0,58.0,3.0,118.0,8.0,7.0,0.0,190.0,75.0,13.0,.284,.371,.428,.799,.349,29.60,2029.0,92.0,115.0,422.0,370.0,117.0,22.0,0.0,14.0,41.0,3.0,107.0,8.0,3.0,0.0,181.0,59.0,9.0,.316,.393,.489,.882,.409,26.43,1717.0,64.0,85.0,2025
676263,Jack Dreyer,119,Los Angeles Dodgers,,P,2026,0.0,0.0,0.0,0.0,0.0,0.0,0.0,0.0,0.0,0.0,0.0,0.0,0.0,0.0,0.0,.000,.000,.000,.000,.---,-.--,0.0,0.0,0.0,,,,,,,,,,,,,,,,,,,,,,,,,2025
805299,Brandyn Garcia,109,Arizona Diamondbacks,,P,2026,,,,,,,,,,,,,,,,,,,,,,,,,0.0,0.0,0.0,0.0,0.0,0.0,0.0,0.0,0.0,0.0,0.0,0.0,0.0,0.0,0.0,.000,.000,.000,.000,.---,-.--,0.0,0.0,0.0,2025
518585,Fernando Cruz,147,New York Yankees,,P,2026,0.0,0.0,0.0,0.0,0.0,0.0,0.0,0.0,0.0,0.0,0.0,0.0,0.0,0.0,0.0,.000,.000,.000,.000,.---,-.--,0.0,0.0,0.0,,,,,,,,,,,,,,,,,,,,,,,,,2025
643511,Tyler Rogers,141,Toronto Blue Jays,,P,2026,,,,,,,,,,,,,,,,,,,,,,,,,0.0,0.0,0.0,0.0,0.0,0.0,0.0,0.0,0.0,0.0,0.0,0.0,0.0,0.0,0.0,.000,.000,.000,.000,.---,-.--,0.0,0.0,0.0,2025
805300,Jakob Marsee,146,Miami Marlins,,CF,2026,467.0,393.0,80.0,14.0,4.0,6.0,59.0,0.0,100.0,9.0,1.0,5.0,120.0,28.0,3.0,.204,.320,.305,.625,.257,65.50,1835.0,89.0,130.0,234.0,209.0,61.0,18.0,3.0,5.0,22.0,0.0,48.0,2.0,1.0,0.0,100.0,33.0,2.0,.292,.363,.478,.841,.357,41.80,881.0,52.0,49.0,2025
575929,Willson Contreras,111,Boston Red Sox,,1B,2026,460.0,385.0,108.0,19.0,2.0,24.0,50.0,2.0,116.0,21.0,3.0,1.0,203.0,72.0,8.0,.281,.390,.527,.917,.339,16.04,1779.0,71.0,94.0,563.0,490.0,126.0,31.0,1.0,20.0,44.0,1.0,142.0,23.0,4.0,1.0,219.0,80.0,15.0,.257,.344,.447,.791,.319,24.50,2160.0,112.0,115.0,2025
592332,Kevin Gausman,112,Chicago Cubs,,P,2026,,,,,,,,,,,,,,,,,,,,,,,,,,,,,,,,,,,,,,,,,,,,,,,,,2025
686527,Dominic Canzone,136,Seattle Mariners,,DH,2026,362.0,322.0,82.0,17.0,1.0,19.0,34.0,2.0,75.0,4.0,2.0,0.0,158.0,51.0,7.0,.255,.331,.491,.822,.274,16.95,1368.0,89.0,78.0,269.0,243.0,73.0,11.0,0.0,11.0,20.0,0.0,59.0,3.0,2.0,0.0,117.0,32.0,6.0,.300,.358,.481,.839,.354,22.09,1028.0,55.0,59.0,2025
518595,Travis d'Arnaud,108,Los Angeles Angels,,C,2026,51.0,45.0,9.0,1.0,0.0,1.0,4.0,0.0,12.0,2.0,0.0,0.0,13.0,3.0,1.0,.200,.294,.289,.583,.250,45.00,183.0,11.0,13.0,231.0,213.0,42.0,13.0,0.0,6.0,13.0,0.0,74.0,4.0,1.0,0.0,73.0,21.0,5.0,.197,.255,.343,.598,.269,35.50,873.0,45.0,53.0,2025
805326,Tyler Schweitzer,145,Chicago White Sox,,P,2026,,,,,,,,,,,,,,,,,,,,,,,,,,,,,,,,,,,,,,,,,,,,,,,,,2025
694738,Landen Roupp,137,San Francisco Giants,,P,2026,,,,,,,,,,,,,,,,,,,,,,,,,,,,,,,,,,,,,,,,,,,,,,,,,2025
608718,Brent Suter,144,Atlanta Braves,,P,2026,,,,,,,,,,,,,,,,,,,,,,,,,,,,,,,,,,,,,,,,,,,,,,,,,2025
664023,Ian Happ,112,Chicago Cubs,,LF,2026,504.0,433.0,93.0,22.0,2.0,20.0,64.0,3.0,157.0,6.0,1.0,0.0,179.0,51.0,10.0,.215,.323,.413,.736,.284,21.65,2150.0,83.0,101.0,663.0,569.0,138.0,32.0,0.0,23.0,87.0,2.0,151.0,2.0,5.0,0.0,239.0,79.0,8.0,.243,.342,.420,.762,.288,24.74,2717.0,120.0,165.0,2025
621016,Jose Cuas,118,Kansas City Royals,,P,2026,,,,,,,,,,,,,,,,,,,,,,,,,,,,,,,,,,,,,,,,,,,,,,,,,2025
686555,Isaac Collins,118,Kansas City Royals,,LF,2026,403.0,347.0,81.0,20.0,3.0,6.0,46.0,0.0,88.0,6.0,2.0,2.0,125.0,35.0,4.0,.233,.332,.360,.692,.294,57.83,1574.0,78.0,104.0,441.0,372.0,98.0,22.0,3.0,9.0,57.0,0.0,93.0,6.0,3.0,3.0,153.0,54.0,8.0,.263,.368,.411,.779,.326,41.33,1792.0,91.0,96.0,2025
621020,Dansby Swanson,112,Chicago Cubs,,SS,2026,458.0,403.0,87.0,16.0,3.0,18.0,48.0,0.0,106.0,2.0,4.0,1.0,163.0,66.0,5.0,.216,.300,.404,.704,.244,22.39,1769.0,101.0,114.0,645.0,590.0,144.0,24.0,3.0,24.0,47.0,1.0,168.0,2.0,5.0,1.0,246.0,77.0,9.0,.244,.300,.417,.717,.298,24.58,2521.0,137.0,147.0,2025
670167,John Schreiber,118,Kansas City Royals,,P,2026,,,,,,,,,,,,,,,,,,,,,,,,,0.0,0.0,0.0,0.0,0.0,0.0,0.0,0.0,0.0,0.0,0.0,0.0,0.0,0.0,0.0,.000,.000,.000,.000,.---,-.--,0.0,0.0,0.0,2025
805345,Trent Harris,137,San Francisco Giants,,P,2026,,,,,,,,,,,,,,,,,,,,,,,,,,,,,,,,,,,,,,,,,,,,,,,,,2025
686580,Justin Slaten,111,Boston Red Sox,,P,2026,,,,,,,,,,,,,,,,,,,,,,,,,,,,,,,,,,,,,,,,,,,,,,,,,2025
664040,Brandon Lowe,134,Pittsburgh Pirates,,2B,2026,510.0,456.0,114.0,25.0,1.0,26.0,45.0,0.0,148.0,2.0,7.0,0.0,219.0,77.0,4.0,.250,.316,.480,.796,.304,17.54,2054.0,83.0,118.0,553.0,507.0,130.0,19.0,0.0,31.0,38.0,1.0,149.0,2.0,6.0,0.0,242.0,83.0,6.0,.256,.307,.477,.784,.297,16.36,2146.0,107.0,127.0,2025
805347,Jim Jarvis,144,Atlanta Braves,,SS,2026,111.0,101.0,22.0,5.0,1.0,1.0,6.0,0.0,21.0,1.0,0.0,3.0,32.0,11.0,0.0,.218,.269,.317,.586,.266,101.00,407.0,40.0,21.0,,,,,,,,,,,,,,,,,,,,,,,,,2025
678391,Jorbit Vivas,120,Washington Nationals,,3B,2026,261.0,222.0,54.0,8.0,1.0,3.0,28.0,0.0,37.0,4.0,4.0,2.0,73.0,20.0,3.0,.243,.333,.329,.662,.274,74.00,926.0,69.0,68.0,66.0,56.0,9.0,2.0,0.0,1.0,5.0,0.0,13.0,3.0,0.0,0.0,14.0,5.0,0.0,.161,.266,.250,.516,.190,56.00,246.0,17.0,17.0,2025
678394,Brayan Bello,111,Boston Red Sox,,P,2026,,,,,,,,,,,,,,,,,,,,,,,,,,,,,,,,,,,,,,,,,,,,,,,,,2025
676356,Jonny DeLuca,139,Tampa Bay Rays,,RF,2026,241.0,229.0,62.0,17.0,0.0,8.0,10.0,0.0,49.0,0.0,0.0,2.0,103.0,34.0,6.0,.271,.301,.450,.751,.314,28.62,877.0,52.0,68.0,59.0,57.0,19.0,1.0,3.0,0.0,2.0,0.0,13.0,0.0,0.0,0.0,26.0,4.0,0.0,.333,.356,.456,.812,.432,-.--,224.0,10.0,15.0,2025
688642,Zach Agnos,115,Colorado Rockies,,P,2026,,,,,,,,,,,,,,,,,,,,,,,,,0.0,0.0,0.0,0.0,0.0,0.0,0.0,0.0,0.0,0.0,0.0,0.0,0.0,0.0,0.0,.000,.000,.000,.000,.---,-.--,0.0,0.0,0.0,2025
805367,Chase Meidroth,145,Chicago White Sox,,2B,2026,489.0,428.0,120.0,24.0,0.0,12.0,48.0,0.0,110.0,4.0,3.0,5.0,180.0,49.0,7.0,.280,.356,.421,.777,.350,35.67,2028.0,122.0,84.0,505.0,450.0,114.0,15.0,0.0,5.0,45.0,0.0,72.0,6.0,1.0,3.0,144.0,23.0,14.0,.253,.329,.320,.649,.291,90.00,2057.0,149.0,119.0,2025
694795,Josh Ekness,146,Miami Marlins,,P,2026,,,,,,,,,,,,,,,,,,,,,,,,,,,,,,,,,,,,,,,,,,,,,,,,,2025
664076,Garrett Cleavinger,139,Tampa Bay Rays,,P,2026,,,,,,,,,,,,,,,,,,,,,,,,,,,,,,,,,,,,,,,,,,,,,,,,,2025
543243,Sonny Gray,111,Boston Red Sox,,P,2026,,,,,,,,,,,,,,,,,,,,,,,,,,,,,,,,,,,,,,,,,,,,,,,,,2025
571912,Luke Maile,118,Kansas City Royals,,C,2026,20.0,19.0,5.0,1.0,0.0,1.0,1.0,0.0,6.0,0.0,0.0,0.0,9.0,5.0,0.0,.263,.300,.474,.774,.333,19.00,75.0,3.0,5.0,54.0,45.0,11.0,2.0,0.0,1.0,7.0,0.0,16.0,0.0,0.0,2.0,16.0,6.0,1.0,.244,.346,.356,.702,.357,45.00,214.0,11.0,9.0,2025
686611,Dylan Crews,120,Washington Nationals,,RF,2026,294.0,267.0,58.0,11.0,0.0,10.0,20.0,0.0,71.0,7.0,0.0,0.0,99.0,27.0,3.0,.217,.289,.371,.660,.258,26.70,1053.0,58.0,80.0,322.0,293.0,61.0,8.0,2.0,10.0,24.0,0.0,76.0,5.0,0.0,0.0,103.0,27.0,4.0,.208,.280,.352,.632,.246,29.30,1150.0,80.0,76.0,2025
621074,Michael Rucker,136,Seattle Mariners,,P,2026,,,,,,,,,,,,,,,,,,,,,,,,,,,,,,,,,,,,,,,,,,,,,,,,,2025
666126,Carlos Cortes,133,Athletics,,RF,2026,279.0,246.0,64.0,15.0,1.0,7.0,26.0,0.0,42.0,4.0,3.0,0.0,102.0,35.0,11.0,.260,.337,.415,.752,.285,35.14,1132.0,77.0,66.0,99.0,94.0,29.0,8.0,1.0,4.0,3.0,0.0,20.0,0.0,2.0,0.0,51.0,14.0,3.0,.309,.323,.543,.866,.347,23.50,375.0,24.0,23.0,2025
676369,Nelson Velázquez,117,Houston Astros,,LF,2026,87.0,77.0,16.0,4.0,0.0,4.0,7.0,0.0,26.0,1.0,2.0,0.0,32.0,13.0,0.0,.208,.276,.416,.692,.245,19.25,342.0,15.0,22.0,,,,,,,,,,,,,,,,,,,,,,,,,2025
670231,John Rave,118,Kansas City Royals,,RF,2026,57.0,50.0,11.0,4.0,1.0,2.0,5.0,0.0,13.0,0.0,0.0,2.0,23.0,2.0,1.0,.220,.291,.460,.751,.257,25.00,217.0,14.0,14.0,175.0,153.0,30.0,5.0,0.0,4.0,18.0,0.0,46.0,1.0,1.0,2.0,47.0,14.0,1.0,.196,.283,.307,.590,.250,38.25,749.0,48.0,32.0,2025
571927,Steven Matz,139,Tampa Bay Rays,,P,2026,,,,,,,,,,,,,,,,,,,,,,,,,,,,,,,,,,,,,,,,,,,,,,,,,2025
686613,Hunter Brown,117,Houston Astros,,P,2026,,,,,,,,,,,,,,,,,,,,,,,,,,,,,,,,,,,,,,,,,,,,,,,,,2025
672282,Reid Detmers,108,Los Angeles Angels,,P,2026,,,,,,,,,,,,,,,,,,,,,,,,,,,,,,,,,,,,,,,,,,,,,,,,,2025
694819,Jacob Misiorowski,158,Milwaukee Brewers,,P,2026,,,,,,,,,,,,,,,,,,,,,,,,,,,,,,,,,,,,,,,,,,,,,,,,,2025
672284,Jarred Kelenic,140,Texas Rangers,,RF,2026,75.0,67.0,15.0,2.0,0.0,1.0,8.0,0.0,27.0,0.0,0.0,0.0,20.0,5.0,0.0,.224,.307,.299,.606,.359,67.00,293.0,9.0,16.0,65.0,60.0,10.0,2.0,0.0,2.0,5.0,0.0,23.0,0.0,0.0,0.0,18.0,2.0,1.0,.167,.231,.300,.531,.229,30.00,258.0,14.0,13.0,2025
666139,Josh Lowe,108,Los Angeles Angels,,LF,2026,239.0,218.0,45.0,6.0,0.0,9.0,17.0,1.0,68.0,1.0,1.0,2.0,78.0,25.0,0.0,.206,.266,.358,.624,.254,24.22,999.0,44.0,64.0,435.0,396.0,87.0,21.0,2.0,11.0,33.0,1.0,109.0,3.0,2.0,1.0,145.0,40.0,7.0,.220,.283,.366,.649,.273,36.00,1842.0,105.0,98.0,2025
518692,Freddie Freeman,119,Los Angeles Dodgers,,1B,2026,509.0,448.0,136.0,27.0,1.0,15.0,54.0,2.0,82.0,3.0,4.0,0.0,210.0,57.0,18.0,.304,.379,.469,.848,.341,29.87,2088.0,123.0,111.0,627.0,556.0,164.0,39.0,2.0,24.0,60.0,7.0,128.0,6.0,5.0,0.0,279.0,90.0,13.0,.295,.367,.502,.869,.342,23.17,2382.0,128.0,141.0,2025
670245,Ryan Watson,108,Los Angeles Angels,,P,2026,,,,,,,,,,,,,,,,,,,,,,,,,,,,,,,,,,,,,,,,,,,,,,,,,2025
621097,Jacob Waguespack,116,Detroit Tigers,,P,2026,0.0,0.0,0.0,0.0,0.0,0.0,0.0,0.0,0.0,0.0,0.0,0.0,0.0,0.0,0.0,.000,.000,.000,.000,.---,-.--,0.0,0.0,0.0,,,,,,,,,,,,,,,,,,,,,,,,,2025
676391,Ernie Clement,141,Toronto Blue Jays,,2B,2026,487.0,464.0,130.0,28.0,1.0,9.0,17.0,0.0,47.0,2.0,4.0,0.0,187.0,42.0,10.0,.280,.306,.403,.709,.294,51.56,1508.0,115.0,176.0,588.0,545.0,151.0,35.0,2.0,9.0,27.0,1.0,61.0,4.0,5.0,7.0,217.0,50.0,13.0,.277,.313,.398,.711,.296,60.56,1871.0,129.0,216.0,2025
666152,David Hamilton,158,Milwaukee Brewers,,3B,2026,301.0,257.0,60.0,9.0,2.0,3.0,30.0,0.0,68.0,1.0,0.0,12.0,82.0,17.0,1.0,.233,.316,.319,.635,.306,85.67,1206.0,69.0,72.0,194.0,177.0,35.0,4.0,1.0,6.0,13.0,0.0,47.0,1.0,0.0,3.0,59.0,19.0,3.0,.198,.257,.333,.590,.234,29.50,742.0,44.0,54.0,2025
623149,Paul Sewald,141,Toronto Blue Jays,,P,2026,,,,,,,,,,,,,,,,,,,,,,,,,,,,,,,,,,,,,,,,,,,,,,,,,2025
666157,Nick Lodolo,113,Cincinnati Reds,,P,2026,,,,,,,,,,,,,,,,,,,,,,,,,,,,,,,,,,,,,,,,,,,,,,,,,2025
805427,Drew Sommers,116,Detroit Tigers,,P,2026,,,,,,,,,,,,,,,,,,,,,,,,,,,,,,,,,,,,,,,,,,,,,,,,,2025
666160,Mickey Moniak,115,Colorado Rockies,,LF,2026,315.0,288.0,77.0,14.0,4.0,19.0,18.0,0.0,81.0,3.0,6.0,0.0,156.0,54.0,4.0,.267,.311,.542,.853,.299,15.16,1108.0,51.0,85.0,461.0,434.0,117.0,20.0,8.0,24.0,22.0,1.0,110.0,2.0,3.0,0.0,225.0,68.0,4.0,.270,.306,.518,.824,.307,18.08,1598.0,81.0,129.0,2025
666171,Ryan Zeferjahn,112,Chicago Cubs,,P,2026,,,,,,,,,,,,,,,,,,,,,,,,,,,,,,,,,,,,,,,,,,,,,,,,,2025
621112,Paul Blackburn,147,New York Yankees,,P,2026,0.0,0.0,0.0,0.0,0.0,0.0,0.0,0.0,0.0,0.0,0.0,0.0,0.0,0.0,0.0,.000,.000,.000,.000,.---,-.--,0.0,0.0,0.0,,,,,,,,,,,,,,,,,,,,,,,,,2025
666163,Ben Rortvedt,119,Los Angeles Dodgers,,C,2026,9.0,9.0,2.0,0.0,0.0,0.0,0.0,0.0,3.0,0.0,0.0,0.0,2.0,1.0,0.0,.222,.222,.222,.444,.333,-.--,37.0,2.0,2.0,128.0,112.0,17.0,3.0,0.0,1.0,11.0,0.0,23.0,2.0,0.0,3.0,23.0,10.0,1.0,.152,.240,.205,.445,.182,112.00,517.0,42.0,33.0,2025
545341,Randal Grichuk,145,Chicago White Sox,,DH,2026,189.0,180.0,48.0,17.0,1.0,9.0,7.0,1.0,44.0,1.0,1.0,0.0,94.0,28.0,3.0,.267,.296,.522,.818,.305,20.00,694.0,40.0,49.0,293.0,272.0,62.0,18.0,1.0,9.0,17.0,1.0,61.0,1.0,3.0,0.0,109.0,27.0,6.0,.228,.273,.401,.674,.259,30.22,1077.0,68.0,84.0,2025
664126,Pete Fairbanks,146,Miami Marlins,,P,2026,0.0,0.0,0.0,0.0,0.0,0.0,0.0,0.0,0.0,0.0,0.0,0.0,0.0,0.0,0.0,.000,.000,.000,.000,.---,-.--,0.0,0.0,0.0,,,,,,,,,,,,,,,,,,,,,,,,,2025
623168,Tyler Heineman,108,Los Angeles Angels,,C,2026,144.0,127.0,24.0,2.0,1.0,1.0,5.0,0.0,23.0,4.0,0.0,8.0,31.0,8.0,6.0,.189,.243,.244,.487,.223,127.00,505.0,56.0,32.0,174.0,149.0,43.0,8.0,1.0,3.0,12.0,0.0,31.0,6.0,2.0,5.0,62.0,20.0,1.0,.289,.361,.416,.777,.342,49.67,627.0,30.0,52.0,2025
571970,Max Muncy,119,Los Angeles Dodgers,,3B,2026,424.0,372.0,93.0,18.0,1.0,23.0,48.0,3.0,109.0,4.0,0.0,0.0,182.0,59.0,6.0,.250,.342,.489,.831,.292,16.17,1710.0,79.0,91.0,388.0,313.0,76.0,10.0,2.0,19.0,64.0,2.0,83.0,6.0,5.0,0.0,147.0,67.0,4.0,.243,.376,.470,.846,.264,16.47,1650.0,61.0,98.0,2025
668227,Randy Arozarena,136,Seattle Mariners,,LF,2026,492.0,424.0,118.0,25.0,1.0,16.0,47.0,0.0,104.0,18.0,3.0,0.0,193.0,52.0,12.0,.278,.372,.455,.827,.332,26.50,1997.0,116.0,89.0,709.0,613.0,146.0,32.0,1.0,27.0,64.0,2.0,191.0,27.0,5.0,0.0,261.0,76.0,9.0,.238,.334,.426,.760,.298,22.70,2873.0,125.0,156.0,2025
670280,David Bednar,147,New York Yankees,,P,2026,0.0,0.0,0.0,0.0,0.0,0.0,0.0,0.0,0.0,0.0,0.0,0.0,0.0,0.0,0.0,.000,.000,.000,.000,.---,-.--,0.0,0.0,0.0,,,,,,,,,,,,,,,,,,,,,,,,,2025
666182,Bo Bichette,121,New York Mets,,3B,2026,528.0,485.0,127.0,19.0,1.0,12.0,34.0,0.0,95.0,2.0,7.0,0.0,184.0,62.0,15.0,.262,.309,.379,.688,.299,40.42,1947.0,138.0,132.0,628.0,582.0,181.0,44.0,1.0,18.0,40.0,2.0,91.0,3.0,3.0,0.0,281.0,94.0,17.0,.311,.357,.483,.840,.342,32.33,2308.0,171.0,142.0,2025
664141,JT Brubaker,137,San Francisco Giants,,P,2026,,,,,,,,,,,,,,,,,,,,,,,,,,,,,,,,,,,,,,,,,,,,,,,,,2025
686668,Brenton Doyle,145,Chicago White Sox,,CF,2026,156.0,144.0,32.0,6.0,0.0,2.0,12.0,0.0,47.0,0.0,0.0,0.0,44.0,6.0,1.0,.222,.282,.306,.588,.316,72.00,547.0,35.0,30.0,538.0,502.0,117.0,23.0,2.0,15.0,30.0,0.0,138.0,0.0,4.0,2.0,189.0,57.0,14.0,.233,.274,.376,.650,.289,33.47,1957.0,129.0,124.0,2025
545361,Mike Trout,108,Los Angeles Angels,,CF,2026,466.0,377.0,92.0,17.0,0.0,20.0,82.0,10.0,119.0,6.0,1.0,0.0,169.0,45.0,7.0,.244,.386,.448,.834,.301,18.85,1996.0,69.0,98.0,556.0,456.0,106.0,14.0,1.0,26.0,87.0,10.0,178.0,6.0,6.0,0.0,200.0,64.0,7.0,.232,.359,.439,.798,.310,17.54,2482.0,66.0,112.0,2025
676439,Hunter Feduccia,119,Los Angeles Dodgers,,C,2026,179.0,159.0,37.0,8.0,1.0,3.0,15.0,0.0,46.0,1.0,1.0,3.0,56.0,13.0,2.0,.233,.301,.352,.653,.306,53.00,735.0,31.0,49.0,105.0,88.0,13.0,5.0,0.0,0.0,15.0,0.0,29.0,0.0,2.0,0.0,18.0,8.0,0.0,.148,.267,.205,.472,.213,-.--,477.0,21.0,27.0,2025
666200,Jesús Luzardo,143,Philadelphia Phillies,,P,2026,,,,,,,,,,,,,,,,,,,,,,,,,,,,,,,,,,,,,,,,,,,,,,,,,2025
678489,Jorge Barrosa,109,Arizona Diamondbacks,,CF,2026,153.0,129.0,26.0,11.0,1.0,2.0,14.0,0.0,40.0,2.0,1.0,7.0,45.0,12.0,1.0,.202,.288,.349,.637,.273,64.50,657.0,34.0,37.0,77.0,71.0,10.0,3.0,0.0,1.0,2.0,0.0,22.0,1.0,3.0,0.0,16.0,7.0,1.0,.141,.169,.225,.394,.176,71.00,327.0,18.0,24.0,2025
686681,Michael Massey,118,Kansas City Royals,,2B,2026,337.0,314.0,83.0,20.0,1.0,10.0,16.0,0.0,61.0,0.0,5.0,2.0,135.0,41.0,7.0,.264,.296,.430,.726,.294,31.40,1224.0,74.0,103.0,277.0,262.0,64.0,9.0,0.0,3.0,9.0,0.0,43.0,1.0,4.0,1.0,82.0,20.0,3.0,.244,.268,.313,.581,.277,87.33,1013.0,48.0,112.0,2025
666211,Taylor Trammell,117,Houston Astros,,CF,2026,194.0,171.0,39.0,6.0,2.0,7.0,18.0,1.0,59.0,4.0,0.0,1.0,70.0,20.0,2.0,.228,.316,.409,.725,.305,24.43,732.0,34.0,40.0,135.0,117.0,23.0,7.0,0.0,3.0,17.0,0.0,41.0,0.0,1.0,0.0,39.0,12.0,0.0,.197,.296,.333,.629,.270,39.00,552.0,26.0,28.0,2025
672356,Gabriel Arias,121,New York Mets,,3B,2026,139.0,132.0,31.0,3.0,0.0,5.0,7.0,1.0,58.0,0.0,0.0,0.0,49.0,11.0,1.0,.235,.273,.371,.644,.377,26.40,522.0,26.0,17.0,471.0,432.0,95.0,25.0,2.0,11.0,27.0,1.0,162.0,7.0,4.0,1.0,157.0,54.0,8.0,.220,.274,.363,.637,.319,39.27,1792.0,101.0,79.0,2025
623211,Huascar Brazobán,145,Chicago White Sox,,P,2026,,,,,,,,,,,,,,,,,,,,,,,,,,,,,,,,,,,,,,,,,,,,,,,,,2025
682608,Peyton Gray,140,Texas Rangers,,P,2026,,,,,,,,,,,,,,,,,,,,,,,,,,,,,,,,,,,,,,,,,,,,,,,,,2025
680570,Grayson Rodriguez,108,Los Angeles Angels,,P,2026,,,,,,,,,,,,,,,,,,,,,,,,,,,,,,,,,,,,,,,,,,,,,,,,,2025
670329,Rico Garcia,110,Baltimore Orioles,,P,2026,0.0,0.0,0.0,0.0,0.0,0.0,0.0,0.0,0.0,0.0,0.0,0.0,0.0,0.0,0.0,.000,.000,.000,.000,.---,-.--,0.0,0.0,0.0,,,,,,,,,,,,,,,,,,,,,,,,,2025
676475,Alec Burleson,138,St. Louis Cardinals,,1B,2026,512.0,460.0,131.0,30.0,1.0,19.0,44.0,4.0,84.0,5.0,3.0,0.0,220.0,84.0,10.0,.285,.352,.478,.830,.311,24.21,1869.0,128.0,120.0,546.0,497.0,144.0,26.0,2.0,18.0,39.0,1.0,79.0,3.0,4.0,1.0,228.0,69.0,14.0,.290,.343,.459,.802,.312,27.61,1933.0,119.0,160.0,2025
662139,Daulton Varsho,117,Houston Astros,,CF,2026,407.0,369.0,86.0,19.0,2.0,8.0,35.0,2.0,80.0,2.0,1.0,0.0,133.0,29.0,4.0,.233,.302,.360,.662,.277,46.12,1561.0,82.0,122.0,271.0,248.0,59.0,13.0,2.0,20.0,17.0,1.0,77.0,1.0,5.0,0.0,136.0,55.0,1.0,.238,.284,.548,.832,.250,12.40,986.0,41.0,76.0,2025
680573,Simeon Woods Richardson,141,Toronto Blue Jays,,P,2026,,,,,,,,,,,,,,,,,,,,,,,,,,,,,,,,,,,,,,,,,,,,,,,,,2025
682622,Noelvi Marte,113,Cincinnati Reds,,RF,2026,195.0,184.0,36.0,7.0,0.0,6.0,10.0,0.0,49.0,0.0,1.0,0.0,61.0,15.0,4.0,.196,.236,.332,.568,.231,30.67,735.0,54.0,46.0,360.0,339.0,89.0,17.0,2.0,14.0,16.0,0.0,85.0,3.0,2.0,0.0,152.0,51.0,7.0,.263,.300,.448,.748,.310,24.21,1267.0,87.0,80.0,2025
680574,Matt McLain,113,Cincinnati Reds,,2B,2026,359.0,311.0,59.0,15.0,0.0,10.0,41.0,0.0,98.0,4.0,1.0,2.0,104.0,28.0,3.0,.190,.291,.334,.625,.240,31.10,1453.0,63.0,94.0,577.0,510.0,112.0,18.0,0.0,15.0,55.0,0.0,167.0,5.0,4.0,3.0,175.0,50.0,8.0,.220,.300,.343,.643,.292,34.00,2365.0,96.0,142.0,2025
684665,Luke Murphy,108,Los Angeles Angels,,P,2026,,,,,,,,,,,,,,,,,,,,,,,,,,,,,,,,,,,,,,,,,,,,,,,,,2025
672386,Alejandro Kirk,141,Toronto Blue Jays,,C,2026,182.0,160.0,43.0,5.0,0.0,5.0,19.0,2.0,23.0,0.0,3.0,0.0,63.0,21.0,3.0,.269,.341,.394,.735,.281,32.00,678.0,53.0,44.0,506.0,451.0,127.0,18.0,0.0,15.0,48.0,2.0,59.0,1.0,6.0,0.0,190.0,76.0,16.0,.282,.348,.421,.769,.292,30.07,1977.0,132.0,139.0,2025
682626,Francisco Alvarez,121,New York Mets,,C,2026,315.0,274.0,68.0,10.0,0.0,13.0,34.0,1.0,89.0,4.0,1.0,0.0,117.0,29.0,15.0,.248,.339,.427,.766,.318,21.08,1294.0,64.0,54.0,277.0,246.0,63.0,12.0,1.0,11.0,27.0,0.0,73.0,4.0,0.0,0.0,110.0,32.0,6.0,.256,.339,.447,.786,.321,22.36,1123.0,61.0,49.0,2025
699013,Esmerlyn Valdez,134,Pittsburgh Pirates,,RF,2026,213.0,176.0,44.0,10.0,1.0,14.0,33.0,0.0,76.0,1.0,3.0,0.0,98.0,41.0,6.0,.250,.366,.557,.923,.337,12.57,934.0,22.0,37.0,,,,,,,,,,,,,,,,,,,,,,,,,2025
694918,Blade Tidwell,137,San Francisco Giants,,P,2026,,,,,,,,,,,,,,,,,,,,,,,,,,,,,,,,,,,,,,,,,,,,,,,,,2025
664199,Taylor Clarke,109,Arizona Diamondbacks,,P,2026,,,,,,,,,,,,,,,,,,,,,,,,,0.0,0.0,0.0,0.0,0.0,0.0,0.0,0.0,0.0,0.0,0.0,0.0,0.0,0.0,0.0,.000,.000,.000,.000,.---,-.--,0.0,0.0,0.0,2025
674444,Steven Cruz,118,Kansas City Royals,,P,2026,,,,,,,,,,,,,,,,,,,,,,,,,0.0,0.0,0.0,0.0,0.0,0.0,0.0,0.0,0.0,0.0,0.0,0.0,0.0,0.0,0.0,.000,.000,.000,.000,.---,-.--,0.0,0.0,0.0,2025
690829,Ben Joyce,108,Los Angeles Angels,,P,2026,,,,,,,,,,,,,,,,,,,,,,,,,,,,,,,,,,,,,,,,,,,,,,,,,2025
641680,Jonah Heim,133,Athletics,,C,2026,277.0,254.0,55.0,14.0,0.0,11.0,18.0,0.0,53.0,2.0,3.0,0.0,102.0,39.0,6.0,.217,.271,.402,.673,.228,23.09,1024.0,75.0,74.0,433.0,395.0,84.0,14.0,0.0,11.0,32.0,0.0,88.0,1.0,4.0,1.0,131.0,43.0,10.0,.213,.271,.332,.603,.243,35.91,1704.0,106.0,122.0,2025
594580,Sam Moll,113,Cincinnati Reds,,P,2026,,,,,,,,,,,,,,,,,,,,,,,,,,,,,,,,,,,,,,,,,,,,,,,,,2025
678545,Osleivis Basabe,137,San Francisco Giants,,2B,2026,48.0,46.0,13.0,1.0,0.0,3.0,0.0,0.0,8.0,1.0,1.0,0.0,23.0,8.0,0.0,.283,.292,.500,.792,.278,15.33,164.0,13.0,13.0,,,,,,,,,,,,,,,,,,,,,,,,,2025
686751,Seth Johnson,133,Athletics,,P,2026,,,,,,,,,,,,,,,,,,,,,,,,,,,,,,,,,,,,,,,,,,,,,,,,,2025
666277,George Soriano,138,St. Louis Cardinals,,P,2026,0.0,0.0,0.0,0.0,0.0,0.0,0.0,0.0,0.0,0.0,0.0,0.0,0.0,0.0,0.0,.000,.000,.000,.000,.---,-.--,0.0,0.0,0.0,,,,,,,,,,,,,,,,,,,,,,,,,2025
453286,Max Scherzer,141,Toronto Blue Jays,,P,2026,,,,,,,,,,,,,,,,,,,,,,,,,,,,,,,,,,,,,,,,,,,,,,,,,2025
682663,Agustín Ramírez,146,Miami Marlins,,C,2026,149.0,131.0,31.0,6.0,1.0,2.0,15.0,1.0,36.0,2.0,1.0,0.0,45.0,15.0,6.0,.237,.322,.344,.666,.309,65.50,578.0,38.0,27.0,585.0,537.0,124.0,33.0,1.0,21.0,36.0,2.0,113.0,8.0,4.0,0.0,222.0,67.0,13.0,.231,.287,.413,.700,.253,25.57,2122.0,161.0,143.0,2025
682668,Luisangel Acuña,145,Chicago White Sox,,SS,2026,195.0,183.0,44.0,3.0,0.0,1.0,7.0,0.0,38.0,1.0,2.0,2.0,50.0,12.0,4.0,.240,.269,.273,.542,.295,183.00,683.0,66.0,39.0,193.0,175.0,41.0,7.0,0.0,0.0,13.0,0.0,37.0,2.0,1.0,2.0,48.0,8.0,6.0,.234,.293,.274,.567,.295,-.--,687.0,58.0,42.0,2025
686765,Nick Sogard,111,Boston Red Sox,,2B,2026,113.0,93.0,24.0,5.0,1.0,0.0,17.0,0.0,17.0,0.0,1.0,2.0,31.0,5.0,2.0,.258,.369,.333,.702,.312,-.--,442.0,32.0,23.0,104.0,96.0,25.0,8.0,0.0,0.0,5.0,0.0,24.0,3.0,0.0,0.0,33.0,9.0,3.0,.260,.317,.344,.661,.347,-.--,400.0,25.0,22.0,2025
682674,Victor Bericoto,137,San Francisco Giants,,LF,2026,71.0,70.0,19.0,3.0,0.0,4.0,1.0,0.0,20.0,0.0,0.0,0.0,34.0,10.0,3.0,.271,.282,.486,.768,.326,17.50,270.0,17.0,14.0,,,,,,,,,,,,,,,,,,,,,,,,,2025
621237,José Alvarado,143,Philadelphia Phillies,,P,2026,,,,,,,,,,,,,,,,,,,,,,,,,,,,,,,,,,,,,,,,,,,,,,,,,2025
516782,Starling Marte,118,Kansas City Royals,,RF,2026,165.0,150.0,37.0,5.0,0.0,2.0,9.0,0.0,39.0,4.0,2.0,0.0,48.0,14.0,3.0,.247,.303,.320,.623,.315,75.00,632.0,41.0,35.0,329.0,293.0,79.0,14.0,0.0,9.0,22.0,0.0,68.0,9.0,4.0,1.0,120.0,34.0,7.0,.270,.335,.410,.745,.318,32.56,1255.0,83.0,68.0,2025
676534,Calvin Faucher,146,Miami Marlins,,P,2026,,,,,,,,,,,,,,,,,,,,,,,,,,,,,,,,,,,,,,,,,,,,,,,,,2025
672442,Yovanny Cruz,120,Washington Nationals,,P,2026,,,,,,,,,,,,,,,,,,,,,,,,,,,,,,,,,,,,,,,,,,,,,,,,,2025
621242,Edwin Díaz,119,Los Angeles Dodgers,,P,2026,,,,,,,,,,,,,,,,,,,,,,,,,0.0,0.0,0.0,0.0,0.0,0.0,0.0,0.0,0.0,0.0,0.0,0.0,0.0,0.0,0.0,.000,.000,.000,.000,.---,-.--,0.0,0.0,0.0,2025
686780,Pedro Pagés,138,St. Louis Cardinals,,C,2026,174.0,158.0,33.0,6.0,0.0,4.0,8.0,0.0,46.0,2.0,2.0,4.0,51.0,11.0,5.0,.209,.253,.323,.576,.264,39.50,720.0,41.0,44.0,389.0,361.0,83.0,15.0,0.0,11.0,19.0,1.0,107.0,3.0,3.0,3.0,131.0,45.0,9.0,.230,.272,.363,.635,.293,32.82,1486.0,87.0,90.0,2025
694973,Paul Skenes,134,Pittsburgh Pirates,,P,2026,,,,,,,,,,,,,,,,,,,,,,,,,,,,,,,,,,,,,,,,,,,,,,,,,2025
672456,Keider Montero,116,Detroit Tigers,,P,2026,,,,,,,,,,,,,,,,,,,,,,,,,,,,,,,,,,,,,,,,,,,,,,,,,2025
527048,Martín Pérez,144,Atlanta Braves,,P,2026,,,,,,,,,,,,,,,,,,,,,,,,,,,,,,,,,,,,,,,,,,,,,,,,,2025
686797,Brooks Lee,142,Minnesota Twins,,3B,2026,470.0,433.0,106.0,19.0,3.0,17.0,33.0,0.0,76.0,2.0,1.0,1.0,182.0,62.0,8.0,.245,.301,.420,.721,.261,25.47,1770.0,112.0,141.0,527.0,487.0,115.0,15.0,1.0,16.0,31.0,0.0,92.0,4.0,5.0,0.0,180.0,64.0,11.0,.236,.285,.370,.655,.258,30.44,2009.0,138.0,147.0,2025
678606,José A. Ferrer,136,Seattle Mariners,,P,2026,,,,,,,,,,,,,,,,,,,,,,,,,0.0,0.0,0.0,0.0,0.0,0.0,0.0,0.0,0.0,0.0,0.0,0.0,0.0,0.0,0.0,.000,.000,.000,.000,.---,-.--,0.0,0.0,0.0,2025
641743,Anthony Kay,145,Chicago White Sox,,P,2026,,,,,,,,,,,,,,,,,,,,,,,,,,,,,,,,,,,,,,,,,,,,,,,,,2025
680664,Eduardo Valencia,116,Detroit Tigers,,C,2026,50.0,48.0,19.0,6.0,0.0,5.0,1.0,0.0,13.0,1.0,0.0,0.0,40.0,15.0,2.0,.396,.420,.833,1.253,.467,9.60,199.0,10.0,6.0,,,,,,,,,,,,,,,,,,,,,,,,,2025
518876,Merrill Kelly,109,Arizona Diamondbacks,,P,2026,,,,,,,,,,,,,,,,,,,,,,,,,,,,,,,,,,,,,,,,,,,,,,,,,2025
641755,Tyler Kinley,144,Atlanta Braves,,P,2026,0.0,0.0,0.0,0.0,0.0,0.0,0.0,0.0,0.0,0.0,0.0,0.0,0.0,0.0,0.0,.000,.000,.000,.000,.---,-.--,0.0,0.0,0.0,,,,,,,,,,,,,,,,,,,,,,,,,2025
664285,Framber Valdez,116,Detroit Tigers,,P,2026,,,,,,,,,,,,,,,,,,,,,,,,,,,,,,,,,,,,,,,,,,,,,,,,,2025
518886,Craig Kimbrel,118,Kansas City Royals,,P,2026,,,,,,,,,,,,,,,,,,,,,,,,,,,,,,,,,,,,,,,,,,,,,,,,,2025
701162,Ben Malgeri,116,Detroit Tigers,,LF,2026,64.0,53.0,15.0,2.0,0.0,3.0,9.0,0.0,14.0,1.0,1.0,0.0,26.0,10.0,0.0,.283,.391,.491,.882,.324,17.67,247.0,13.0,12.0,,,,,,,,,,,,,,,,,,,,,,,,,2025
668390,Cole Winn,140,Texas Rangers,,P,2026,,,,,,,,,,,,,,,,,,,,,,,,,,,,,,,,,,,,,,,,,,,,,,,,,2025
664299,Cristian Javier,117,Houston Astros,,P,2026,,,,,,,,,,,,,,,,,,,,,,,,,,,,,,,,,,,,,,,,,,,,,,,,,2025
690925,Clayton Beeter,120,Washington Nationals,,P,2026,0.0,0.0,0.0,0.0,0.0,0.0,0.0,0.0,0.0,0.0,0.0,0.0,0.0,0.0,0.0,.000,.000,.000,.000,.---,-.--,0.0,0.0,0.0,,,,,,,,,,,,,,,,,,,,,,,,,2025
662253,Andrés Muñoz,136,Seattle Mariners,,P,2026,,,,,,,,,,,,,,,,,,,,,,,,,,,,,,,,,,,,,,,,,,,,,,,,,2025
690928,Hunter Dobbins,138,St. Louis Cardinals,,P,2026,,,,,,,,,,,,,,,,,,,,,,,,,,,,,,,,,,,,,,,,,,,,,,,,,2025
641778,Eric Lauer,119,Los Angeles Dodgers,,P,2026,,,,,,,,,,,,,,,,,,,,,,,,,,,,,,,,,,,,,,,,,,,,,,,,,2025
592626,Joc Pederson,140,Texas Rangers,,DH,2026,368.0,317.0,79.0,11.0,2.0,22.0,44.0,1.0,84.0,3.0,3.0,0.0,160.0,46.0,9.0,.249,.343,.505,.848,.266,14.41,1492.0,76.0,81.0,306.0,265.0,48.0,10.0,1.0,9.0,34.0,0.0,65.0,5.0,1.0,0.0,87.0,26.0,5.0,.181,.285,.328,.613,.203,29.44,1237.0,68.0,85.0,2025
623352,Josh Hader,117,Houston Astros,,P,2026,0.0,0.0,0.0,0.0,0.0,0.0,0.0,0.0,0.0,0.0,0.0,0.0,0.0,0.0,0.0,.000,.000,.000,.000,.---,-.--,0.0,0.0,0.0,0.0,0.0,0.0,0.0,0.0,0.0,0.0,0.0,0.0,0.0,0.0,0.0,0.0,0.0,0.0,.000,.000,.000,.000,.---,-.--,0.0,0.0,0.0,2025
680694,Kyle Bradish,110,Baltimore Orioles,,P,2026,0.0,0.0,0.0,0.0,0.0,0.0,0.0,0.0,0.0,0.0,0.0,0.0,0.0,0.0,0.0,.000,.000,.000,.000,.---,-.--,0.0,0.0,0.0,,,,,,,,,,,,,,,,,,,,,,,,,2025
680700,Richie Palacios,139,Tampa Bay Rays,,2B,2026,293.0,252.0,61.0,10.0,2.0,5.0,36.0,0.0,56.0,3.0,1.0,1.0,90.0,36.0,4.0,.242,.342,.357,.699,.292,50.40,1152.0,64.0,73.0,48.0,42.0,14.0,2.0,0.0,1.0,5.0,0.0,9.0,0.0,1.0,0.0,19.0,3.0,3.0,.333,.396,.452,.848,.394,42.00,190.0,11.0,9.0,2025
676604,Tyler Zuber,146,Miami Marlins,,P,2026,,,,,,,,,,,,,,,,,,,,,,,,,,,,,,,,,,,,,,,,,,,,,,,,,2025
641793,Zack Littell,109,Arizona Diamondbacks,,P,2026,,,,,,,,,,,,,,,,,,,,,,,,,,,,,,,,,,,,,,,,,,,,,,,,,2025
676609,José Caballero,147,New York Yankees,,SS,2026,356.0,324.0,78.0,12.0,0.0,12.0,22.0,0.0,85.0,5.0,3.0,2.0,126.0,41.0,9.0,.241,.297,.389,.686,.287,27.00,1440.0,86.0,80.0,370.0,314.0,74.0,18.0,1.0,5.0,47.0,0.0,98.0,3.0,2.0,4.0,109.0,36.0,1.0,.236,.339,.347,.686,.324,62.80,1501.0,61.0,87.0,2025
672515,Gabriel Moreno,109,Arizona Diamondbacks,,C,2026,391.0,336.0,102.0,24.0,1.0,8.0,43.0,0.0,59.0,4.0,8.0,0.0,152.0,54.0,7.0,.304,.381,.452,.833,.339,42.00,1709.0,89.0,94.0,309.0,277.0,79.0,12.0,1.0,9.0,29.0,3.0,53.0,1.0,2.0,0.0,120.0,40.0,6.0,.285,.353,.433,.786,.323,30.78,1314.0,60.0,87.0,2025
678662,Ezequiel Tovar,115,Colorado Rockies,,SS,2026,409.0,375.0,78.0,20.0,0.0,9.0,24.0,0.0,103.0,2.0,7.0,1.0,125.0,37.0,6.0,.208,.255,.333,.588,.256,41.67,1509.0,87.0,115.0,390.0,360.0,91.0,18.0,4.0,9.0,21.0,0.0,98.0,1.0,2.0,6.0,144.0,33.0,2.0,.253,.294,.400,.694,.322,40.00,1469.0,76.0,103.0,2025
676617,Riley O'Brien,138,St. Louis Cardinals,,P,2026,,,,,,,,,,,,,,,,,,,,,,,,,,,,,,,,,,,,,,,,,,,,,,,,,2025
676620,Blake Weiman,108,Los Angeles Angels,,P,2026,,,,,,,,,,,,,,,,,,,,,,,,,,,,,,,,,,,,,,,,,,,,,,,,,2025
813841,Jonah Cox,137,San Francisco Giants,,CF,2026,33.0,30.0,8.0,1.0,2.0,1.0,0.0,0.0,15.0,0.0,0.0,3.0,16.0,3.0,0.0,.267,.267,.533,.800,.500,30.00,117.0,6.0,4.0,,,,,,,,,,,,,,,,,,,,,,,,,2025
680723,Drew Rom,133,Athletics,,P,2026,,,,,,,,,,,,,,,,,,,,,,,,,,,,,,,,,,,,,,,,,,,,,,,,,2025
592663,J.T. Realmuto,143,Philadelphia Phillies,,C,2026,340.0,304.0,66.0,14.0,0.0,8.0,24.0,0.0,72.0,9.0,3.0,0.0,104.0,38.0,7.0,.217,.291,.342,.633,.256,38.00,1337.0,88.0,81.0,550.0,502.0,129.0,26.0,1.0,12.0,35.0,1.0,129.0,9.0,3.0,0.0,193.0,52.0,13.0,.257,.315,.384,.699,.321,41.83,2196.0,124.0,123.0,2025
641816,Tyler Mahle,144,Atlanta Braves,,P,2026,,,,,,,,,,,,,,,,,,,,,,,,,,,,,,,,,,,,,,,,,,,,,,,,,2025
543510,James McCann,109,Arizona Diamondbacks,,C,2026,113.0,106.0,31.0,5.0,0.0,4.0,4.0,0.0,28.0,1.0,0.0,2.0,48.0,21.0,4.0,.292,.324,.453,.777,.365,26.50,434.0,29.0,20.0,137.0,123.0,32.0,6.0,0.0,5.0,8.0,0.0,33.0,4.0,1.0,1.0,53.0,17.0,3.0,.260,.324,.431,.755,.314,24.60,507.0,34.0,26.0,2025
680732,Sean Burke,145,Chicago White Sox,,P,2026,,,,,,,,,,,,,,,,,,,,,,,,,,,,,,,,,,,,,,,,,,,,,,,,,2025
664353,José Urquidy,145,Chicago White Sox,,P,2026,,,,,,,,,,,,,,,,,,,,,,,,,,,,,,,,,,,,,,,,,,,,,,,,,2025
621345,A.J. Minter,142,Minnesota Twins,,P,2026,,,,,,,,,,,,,,,,,,,,,,,,,,,,,,,,,,,,,,,,,,,,,,,,,2025
807712,Luke Keaschall,142,Minnesota Twins,,2B,2026,449.0,380.0,101.0,17.0,1.0,7.0,47.0,1.0,68.0,14.0,7.0,1.0,141.0,36.0,6.0,.266,.362,.371,.733,.301,54.29,1695.0,87.0,132.0,207.0,182.0,55.0,14.0,0.0,4.0,19.0,0.0,29.0,5.0,1.0,0.0,81.0,28.0,4.0,.302,.382,.445,.827,.340,45.50,774.0,49.0,50.0,2025
680736,Justin Wrobleski,119,Los Angeles Dodgers,,P,2026,,,,,,,,,,,,,,,,,,,,,,,,,,,,,,,,,,,,,,,,,,,,,,,,,2025
680742,Jonathan Bowlan,143,Philadelphia Phillies,,P,2026,,,,,,,,,,,,,,,,,,,,,,,,,,,,,,,,,,,,,,,,,,,,,,,,,2025
695076,Rhett Lowder,113,Cincinnati Reds,,P,2026,,,,,,,,,,,,,,,,,,,,,,,,,,,,,,,,,,,,,,,,,,,,,,,,,2025
680744,Ty Madden,116,Detroit Tigers,,P,2026,,,,,,,,,,,,,,,,,,,,,,,,,,,,,,,,,,,,,,,,,,,,,,,,,2025
805673,Zebby Matthews,142,Minnesota Twins,,P,2026,,,,,,,,,,,,,,,,,,,,,,,,,,,,,,,,,,,,,,,,,,,,,,,,,2025
641835,Tim Mayza,143,Philadelphia Phillies,,P,2026,,,,,,,,,,,,,,,,,,,,,,,,,,,,,,,,,,,,,,,,,,,,,,,,,2025
690986,Kyle Harrison,158,Milwaukee Brewers,,P,2026,,,,,,,,,,,,,,,,,,,,,,,,,,,,,,,,,,,,,,,,,,,,,,,,,2025
807727,Charles McAdoo,141,Toronto Blue Jays,,2B,2026,41.0,37.0,7.0,0.0,0.0,2.0,3.0,0.0,11.0,0.0,1.0,0.0,13.0,5.0,1.0,.189,.244,.351,.595,.200,18.50,154.0,6.0,14.0,,,,,,,,,,,,,,,,,,,,,,,,,2025
660271,Shohei Ohtani,119,Los Angeles Dodgers,,TWP,2026,517.0,435.0,126.0,24.0,2.0,27.0,70.0,16.0,119.0,5.0,5.0,0.0,235.0,74.0,7.0,.290,.390,.540,.930,.337,16.11,1936.0,93.0,102.0,727.0,611.0,172.0,25.0,9.0,55.0,109.0,20.0,187.0,3.0,2.0,0.0,380.0,102.0,9.0,.282,.392,.622,1.014,.315,11.11,2865.0,120.0,134.0,2025
690993,Colt Keith,116,Detroit Tigers,,3B,2026,349.0,321.0,85.0,15.0,4.0,8.0,23.0,0.0,66.0,3.0,2.0,0.0,132.0,31.0,7.0,.265,.318,.411,.729,.309,40.12,1294.0,74.0,98.0,468.0,414.0,106.0,22.0,2.0,13.0,48.0,1.0,102.0,2.0,4.0,0.0,171.0,45.0,7.0,.256,.333,.413,.746,.307,31.85,1826.0,87.0,123.0,2025
690997,Nolan McLean,121,New York Mets,,P,2026,,,,,,,,,,,,,,,,,,,,,,,,,,,,,,,,,,,,,,,,,,,,,,,,,2025
680755,Braydon Fisher,141,Toronto Blue Jays,,P,2026,,,,,,,,,,,,,,,,,,,,,,,,,,,,,,,,,,,,,,,,,,,,,,,,,2025
680767,Victor Vodnik,146,Miami Marlins,,P,2026,0.0,0.0,0.0,0.0,0.0,0.0,0.0,0.0,0.0,0.0,0.0,0.0,0.0,0.0,0.0,.000,.000,.000,.000,.---,-.--,0.0,0.0,0.0,0.0,0.0,0.0,0.0,0.0,0.0,0.0,0.0,0.0,0.0,0.0,0.0,0.0,0.0,0.0,.000,.000,.000,.000,.---,-.--,0.0,0.0,0.0,2025
641857,Ryan McMahon,147,New York Yankees,,3B,2026,296.0,269.0,59.0,12.0,0.0,10.0,23.0,0.0,88.0,2.0,1.0,1.0,101.0,31.0,6.0,.219,.285,.375,.660,.285,26.90,1207.0,59.0,65.0,586.0,509.0,109.0,23.0,1.0,20.0,70.0,1.0,189.0,4.0,3.0,0.0,194.0,53.0,7.0,.214,.312,.381,.693,.294,25.45,2500.0,106.0,108.0,2025
691011,Drew Romo,145,Chicago White Sox,,C,2026,169.0,151.0,20.0,5.0,0.0,6.0,14.0,0.0,42.0,2.0,1.0,1.0,43.0,13.0,4.0,.132,.214,.285,.499,.135,25.17,600.0,39.0,52.0,3.0,3.0,0.0,0.0,0.0,0.0,0.0,0.0,3.0,0.0,0.0,0.0,0.0,0.0,0.0,.000,.000,.000,.000,.---,-.--,12.0,0.0,0.0,2025
607043,Brandon Nimmo,140,Texas Rangers,,RF,2026,494.0,446.0,121.0,27.0,4.0,13.0,40.0,1.0,106.0,6.0,2.0,0.0,195.0,47.0,12.0,.271,.338,.437,.775,.328,34.31,1930.0,105.0,116.0,652.0,587.0,154.0,27.0,0.0,25.0,50.0,1.0,141.0,7.0,7.0,1.0,256.0,92.0,8.0,.262,.324,.436,.760,.301,23.48,2602.0,149.0,151.0,2025
676680,Tom Cosgrove,120,Washington Nationals,,P,2026,,,,,,,,,,,,,,,,,,,,,,,,,,,,,,,,,,,,,,,,,,,,,,,,,2025
682825,Luis Mey,113,Cincinnati Reds,,P,2026,,,,,,,,,,,,,,,,,,,,,,,,,,,,,,,,,,,,,,,,,,,,,,,,,2025
514888,Jose Altuve,117,Houston Astros,,2B,2026,414.0,376.0,91.0,15.0,1.0,13.0,33.0,1.0,83.0,2.0,2.0,1.0,147.0,35.0,15.0,.242,.305,.391,.696,.277,28.92,1492.0,117.0,88.0,654.0,588.0,156.0,24.0,1.0,26.0,55.0,5.0,109.0,4.0,6.0,1.0,260.0,77.0,20.0,.265,.329,.442,.771,.283,22.62,2314.0,149.0,181.0,2025
572233,Christian Walker,117,Houston Astros,,1B,2026,489.0,437.0,104.0,24.0,1.0,23.0,42.0,2.0,112.0,9.0,1.0,0.0,199.0,70.0,13.0,.238,.317,.455,.772,.267,19.00,1914.0,103.0,119.0,640.0,585.0,139.0,24.0,1.0,27.0,40.0,1.0,177.0,11.0,4.0,0.0,246.0,88.0,10.0,.238,.297,.421,.718,.291,21.67,2513.0,111.0,162.0,2025
680777,Ryan Jeffers,142,Minnesota Twins,,C,2026,244.0,206.0,59.0,11.0,1.0,10.0,34.0,0.0,40.0,2.0,1.0,0.0,102.0,40.0,2.0,.286,.391,.495,.886,.312,20.60,1053.0,50.0,59.0,464.0,406.0,108.0,26.0,0.0,9.0,50.0,1.0,91.0,7.0,1.0,0.0,161.0,47.0,9.0,.266,.356,.397,.753,.322,45.11,1879.0,91.0,117.0,2025
670541,Yordan Alvarez,117,Houston Astros,,DH,2026,535.0,439.0,142.0,25.0,0.0,36.0,85.0,24.0,91.0,7.0,4.0,0.0,275.0,88.0,5.0,.323,.437,.626,1.063,.335,12.19,2047.0,72.0,138.0,199.0,165.0,45.0,8.0,0.0,6.0,28.0,5.0,33.0,0.0,6.0,0.0,71.0,27.0,1.0,.273,.367,.430,.797,.295,27.50,803.0,34.0,59.0,2025
682829,Elly De La Cruz,113,Cincinnati Reds,,SS,2026,457.0,402.0,107.0,18.0,5.0,20.0,50.0,0.0,121.0,2.0,3.0,0.0,195.0,56.0,5.0,.266,.348,.485,.833,.330,20.10,1830.0,98.0,79.0,699.0,629.0,166.0,31.0,7.0,22.0,67.0,10.0,181.0,2.0,1.0,0.0,277.0,86.0,14.0,.264,.336,.440,.776,.337,28.59,2678.0,166.0,117.0,2025
691023,Jordan Walker,138,St. Louis Cardinals,,RF,2026,503.0,457.0,129.0,24.0,0.0,23.0,40.0,1.0,123.0,3.0,3.0,0.0,222.0,84.0,9.0,.282,.342,.486,.828,.338,19.87,1807.0,101.0,107.0,396.0,363.0,78.0,13.0,1.0,6.0,29.0,1.0,126.0,3.0,1.0,0.0,111.0,41.0,9.0,.215,.278,.306,.584,.310,60.50,1541.0,75.0,85.0,2025
680776,Jarren Duran,111,Boston Red Sox,,LF,2026,488.0,441.0,89.0,13.0,3.0,16.0,34.0,2.0,138.0,4.0,7.0,2.0,156.0,61.0,4.0,.202,.261,.354,.615,.248,27.56,1809.0,116.0,107.0,696.0,620.0,159.0,41.0,13.0,16.0,60.0,1.0,169.0,12.0,3.0,1.0,274.0,84.0,6.0,.256,.332,.442,.774,.326,38.75,2624.0,137.0,159.0,2025
686930,Mason Barnett,133,Athletics,,P,2026,,,,,,,,,,,,,,,,,,,,,,,,,,,,,,,,,,,,,,,,,,,,,,,,,2025
691026,Masyn Winn,138,St. Louis Cardinals,,SS,2026,462.0,407.0,98.0,17.0,2.0,4.0,41.0,0.0,95.0,7.0,7.0,0.0,131.0,49.0,9.0,.241,.316,.322,.638,.298,101.75,1818.0,101.0,120.0,537.0,491.0,124.0,27.0,0.0,9.0,34.0,0.0,102.0,8.0,2.0,2.0,178.0,51.0,11.0,.253,.310,.363,.673,.301,54.56,2256.0,107.0,162.0,2025
680779,Henry Davis,134,Pittsburgh Pirates,,C,2026,246.0,216.0,37.0,5.0,0.0,8.0,22.0,0.0,53.0,6.0,1.0,1.0,66.0,30.0,4.0,.171,.265,.306,.571,.186,27.00,915.0,47.0,81.0,283.0,252.0,42.0,7.0,0.0,7.0,18.0,0.0,76.0,5.0,3.0,3.0,70.0,22.0,2.0,.167,.234,.278,.512,.203,36.00,1069.0,48.0,92.0,2025
686934,Alex McFarlane,143,Philadelphia Phillies,,P,2026,,,,,,,,,,,,,,,,,,,,,,,,,,,,,,,,,,,,,,,,,,,,,,,,,2025
623454,Drew Anderson,116,Detroit Tigers,,P,2026,,,,,,,,,,,,,,,,,,,,,,,,,,,,,,,,,,,,,,,,,,,,,,,,,2025
607067,Colin Rea,112,Chicago Cubs,,P,2026,,,,,,,,,,,,,,,,,,,,,,,,,1.0,1.0,0.0,0.0,0.0,0.0,0.0,0.0,1.0,0.0,0.0,0.0,0.0,0.0,0.0,.000,.000,.000,.000,.---,-.--,5.0,0.0,0.0,2025
445276,Kenley Jansen,116,Detroit Tigers,,P,2026,0.0,0.0,0.0,0.0,0.0,0.0,0.0,0.0,0.0,0.0,0.0,0.0,0.0,0.0,0.0,.000,.000,.000,.000,.---,-.--,0.0,0.0,0.0,0.0,0.0,0.0,0.0,0.0,0.0,0.0,0.0,0.0,0.0,0.0,0.0,0.0,0.0,0.0,.000,.000,.000,.000,.---,-.--,0.0,0.0,0.0,2025
686948,Drake Baldwin,144,Atlanta Braves,,C,2026,440.0,387.0,106.0,8.0,0.0,20.0,45.0,2.0,92.0,7.0,1.0,0.0,174.0,61.0,13.0,.274,.359,.450,.809,.312,19.35,1680.0,108.0,82.0,446.0,405.0,111.0,18.0,2.0,19.0,38.0,0.0,68.0,3.0,0.0,0.0,190.0,80.0,9.0,.274,.341,.469,.810,.289,21.32,1750.0,131.0,95.0,2025
594798,Jacob deGrom,140,Texas Rangers,,P,2026,,,,,,,,,,,,,,,,,,,,,,,,,,,,,,,,,,,,,,,,,,,,,,,,,2025
656234,Jake Bird,120,Washington Nationals,,P,2026,0.0,0.0,0.0,0.0,0.0,0.0,0.0,0.0,0.0,0.0,0.0,0.0,0.0,0.0,0.0,.000,.000,.000,.000,.---,-.--,0.0,0.0,0.0,0.0,0.0,0.0,0.0,0.0,0.0,0.0,0.0,0.0,0.0,0.0,0.0,0.0,0.0,0.0,.000,.000,.000,.000,.---,-.--,0.0,0.0,0.0,2025
623465,Evan Phillips,119,Los Angeles Dodgers,,P,2026,,,,,,,,,,,,,,,,,,,,,,,,,,,,,,,,,,,,,,,,,,,,,,,,,2025
656240,Scott Blewett,133,Athletics,,P,2026,,,,,,,,,,,,,,,,,,,,,,,,,,,,,,,,,,,,,,,,,,,,,,,,,2025
623474,Jimmy Herget,115,Colorado Rockies,,P,2026,0.0,0.0,0.0,0.0,0.0,0.0,0.0,0.0,0.0,0.0,0.0,0.0,0.0,0.0,0.0,.000,.000,.000,.000,.---,-.--,0.0,0.0,0.0,,,,,,,,,,,,,,,,,,,,,,,,,2025
676724,Jared Young,121,New York Mets,,1B,2026,236.0,210.0,55.0,10.0,2.0,8.0,18.0,0.0,44.0,6.0,2.0,0.0,93.0,26.0,4.0,.262,.335,.443,.778,.294,26.25,914.0,58.0,55.0,47.0,43.0,8.0,1.0,0.0,4.0,2.0,0.0,16.0,1.0,1.0,0.0,21.0,6.0,1.0,.186,.234,.488,.722,.167,10.75,192.0,6.0,14.0,2025
672629,Gerardo Carrillo,109,Arizona Diamondbacks,,P,2026,,,,,,,,,,,,,,,,,,,,,,,,,,,,,,,,,,,,,,,,,,,,,,,,,2025
807799,Masataka Yoshida,111,Boston Red Sox,,DH,2026,295.0,261.0,71.0,15.0,1.0,5.0,28.0,1.0,33.0,3.0,3.0,0.0,103.0,28.0,1.0,.272,.346,.395,.741,.292,52.20,1067.0,86.0,74.0,205.0,188.0,50.0,11.0,0.0,4.0,10.0,0.0,24.0,3.0,4.0,0.0,73.0,26.0,3.0,.266,.307,.388,.695,.280,47.00,715.0,73.0,45.0,2025
686973,Louis Varland,141,Toronto Blue Jays,,P,2026,,,,,,,,,,,,,,,,,,,,,,,,,,,,,,,,,,,,,,,,,,,,,,,,,2025
621439,Byron Buxton,142,Minnesota Twins,,CF,2026,366.0,335.0,88.0,17.0,1.0,25.0,24.0,2.0,88.0,5.0,2.0,0.0,182.0,45.0,2.0,.263,.320,.543,.863,.281,13.40,1332.0,50.0,111.0,542.0,488.0,129.0,21.0,7.0,35.0,41.0,5.0,148.0,7.0,6.0,0.0,269.0,83.0,0.0,.264,.327,.551,.878,.302,13.94,2028.0,84.0,133.0,2025
621438,Tyrone Taylor,112,Chicago Cubs,,LF,2026,180.0,163.0,38.0,8.0,0.0,10.0,11.0,0.0,35.0,2.0,0.0,4.0,76.0,28.0,0.0,.233,.290,.466,.756,.237,16.30,683.0,41.0,53.0,341.0,310.0,69.0,18.0,3.0,2.0,16.0,1.0,76.0,9.0,2.0,3.0,99.0,27.0,4.0,.223,.279,.319,.598,.286,155.00,1246.0,63.0,107.0,2025
672640,Otto Lopez,146,Miami Marlins,,SS,2026,515.0,478.0,149.0,29.0,7.0,9.0,24.0,0.0,67.0,4.0,9.0,0.0,219.0,53.0,10.0,.312,.344,.458,.802,.341,53.11,1867.0,147.0,124.0,594.0,544.0,134.0,21.0,0.0,15.0,44.0,2.0,82.0,3.0,3.0,0.0,200.0,77.0,9.0,.246,.305,.368,.673,.264,36.27,2129.0,174.0,157.0,2025
676742,Cam Sanders,110,Baltimore Orioles,,P,2026,,,,,,,,,,,,,,,,,,,,,,,,,,,,,,,,,,,,,,,,,,,,,,,,,2025
592773,Ryne Stanek,138,St. Louis Cardinals,,P,2026,,,,,,,,,,,,,,,,,,,,,,,,,0.0,0.0,0.0,0.0,0.0,0.0,0.0,0.0,0.0,0.0,0.0,0.0,0.0,0.0,0.0,.000,.000,.000,.000,.---,-.--,0.0,0.0,0.0,2025
641927,Bailey Ober,142,Minnesota Twins,,P,2026,,,,,,,,,,,,,,,,,,,,,,,,,,,,,,,,,,,,,,,,,,,,,,,,,2025
641933,Tyler O'Neill,110,Baltimore Orioles,,RF,2026,238.0,210.0,46.0,8.0,0.0,10.0,26.0,0.0,66.0,2.0,0.0,0.0,84.0,22.0,4.0,.219,.311,.400,.711,.269,21.00,968.0,35.0,63.0,209.0,181.0,36.0,6.0,1.0,9.0,22.0,1.0,51.0,3.0,3.0,0.0,71.0,26.0,2.0,.199,.292,.392,.684,.218,20.11,821.0,35.0,62.0,2025
502671,Paul Goldschmidt,147,New York Yankees,,1B,2026,328.0,300.0,74.0,11.0,1.0,16.0,24.0,1.0,79.0,3.0,1.0,0.0,135.0,44.0,6.0,.247,.308,.450,.758,.282,18.75,1305.0,78.0,70.0,534.0,489.0,134.0,31.0,1.0,10.0,36.0,5.0,100.0,4.0,2.0,0.0,197.0,45.0,8.0,.274,.328,.403,.731,.325,48.90,2092.0,113.0,144.0,2025
656271,Brock Burke,113,Cincinnati Reds,,P,2026,,,,,,,,,,,,,,,,,,,,,,,,,,,,,,,,,,,,,,,,,,,,,,,,,2025
553869,Elias Díaz,140,Texas Rangers,,C,2026,159.0,151.0,35.0,9.0,0.0,5.0,4.0,1.0,36.0,1.0,1.0,2.0,59.0,20.0,2.0,.232,.255,.391,.646,.270,30.20,604.0,34.0,49.0,283.0,255.0,52.0,7.0,0.0,9.0,21.0,0.0,74.0,2.0,0.0,5.0,86.0,29.0,11.0,.204,.270,.337,.607,.250,28.33,1055.0,51.0,83.0,2025
676755,Isaac Mattson,134,Pittsburgh Pirates,,P,2026,,,,,,,,,,,,,,,,,,,,,,,,,,,,,,,,,,,,,,,,,,,,,,,,,2025
594835,Marco Gonzales,140,Texas Rangers,,P,2026,,,,,,,,,,,,,,,,,,,,,,,,,,,,,,,,,,,,,,,,,,,,,,,,,2025
805779,Jacob Wilson,133,Athletics,,SS,2026,333.0,316.0,85.0,16.0,1.0,7.0,12.0,0.0,38.0,3.0,1.0,1.0,124.0,37.0,7.0,.269,.301,.392,.693,.287,45.14,1125.0,113.0,82.0,523.0,486.0,151.0,26.0,0.0,13.0,27.0,1.0,39.0,7.0,1.0,2.0,216.0,63.0,16.0,.311,.355,.444,.799,.317,37.38,1735.0,179.0,120.0,2025
641941,Emilio Pagán,113,Cincinnati Reds,,P,2026,,,,,,,,,,,,,,,,,,,,,,,,,,,,,,,,,,,,,,,,,,,,,,,,,2025
676760,Ron Marinaccio,113,Cincinnati Reds,,P,2026,,,,,,,,,,,,,,,,,,,,,,,,,,,,,,,,,,,,,,,,,,,,,,,,,2025
699302,Héctor Rodríguez,113,Cincinnati Reds,,RF,2026,26.0,23.0,2.0,1.0,0.0,0.0,3.0,0.0,6.0,0.0,0.0,0.0,3.0,0.0,0.0,.087,.192,.130,.322,.118,-.--,94.0,10.0,5.0,,,,,,,,,,,,,,,,,,,,,,,,,2025
670623,Isaac Paredes,117,Houston Astros,,3B,2026,493.0,427.0,109.0,21.0,1.0,15.0,46.0,0.0,69.0,16.0,4.0,0.0,177.0,65.0,12.0,.255,.347,.415,.762,.271,28.47,2173.0,75.0,178.0,438.0,378.0,96.0,15.0,1.0,20.0,50.0,0.0,76.0,8.0,2.0,0.0,173.0,53.0,10.0,.254,.352,.458,.810,.268,18.90,1943.0,73.0,135.0,2025
680869,Zack Gelof,133,Athletics,,3B,2026,264.0,241.0,67.0,12.0,1.0,13.0,17.0,0.0,67.0,4.0,0.0,2.0,120.0,32.0,5.0,.278,.336,.498,.834,.335,18.54,1016.0,53.0,56.0,101.0,92.0,16.0,3.0,0.0,2.0,7.0,0.0,46.0,0.0,1.0,1.0,25.0,7.0,0.0,.174,.230,.272,.502,.311,46.00,416.0,12.0,20.0,2025
676775,Keaton Winn,137,San Francisco Giants,,P,2026,0.0,0.0,0.0,0.0,0.0,0.0,0.0,0.0,0.0,0.0,0.0,0.0,0.0,0.0,0.0,.000,.000,.000,.000,.---,-.--,0.0,0.0,0.0,,,,,,,,,,,,,,,,,,,,,,,,,2025
656302,Dylan Cease,141,Toronto Blue Jays,,P,2026,,,,,,,,,,,,,,,,,,,,,,,,,,,,,,,,,,,,,,,,,,,,,,,,,2025
701358,Cam Smith,117,Houston Astros,,RF,2026,442.0,396.0,89.0,15.0,3.0,16.0,35.0,0.0,108.0,6.0,4.0,0.0,158.0,45.0,9.0,.225,.295,.399,.694,.264,24.75,1800.0,105.0,98.0,493.0,441.0,104.0,21.0,3.0,9.0,43.0,0.0,137.0,7.0,2.0,0.0,158.0,51.0,11.0,.236,.312,.358,.670,.320,49.00,2024.0,104.0,98.0,2025
805808,Kevin McGonigle,116,Detroit Tigers,,SS,2026,532.0,452.0,129.0,21.0,3.0,12.0,75.0,1.0,74.0,3.0,2.0,0.0,192.0,48.0,4.0,.285,.389,.425,.814,.318,37.67,2140.0,84.0,167.0,,,,,,,,,,,,,,,,,,,,,,,,,2025
682928,CJ Abrams,120,Washington Nationals,,SS,2026,517.0,453.0,128.0,23.0,3.0,29.0,46.0,2.0,120.0,12.0,6.0,0.0,244.0,91.0,6.0,.283,.360,.539,.899,.319,15.62,1977.0,86.0,125.0,635.0,580.0,149.0,35.0,5.0,19.0,37.0,1.0,125.0,14.0,3.0,1.0,251.0,60.0,5.0,.257,.315,.433,.748,.296,30.53,2320.0,141.0,169.0,2025
805811,Bryce Eldridge,137,San Francisco Giants,,DH,2026,322.0,281.0,69.0,15.0,0.0,13.0,40.0,1.0,85.0,0.0,1.0,0.0,123.0,30.0,0.0,.246,.339,.438,.777,.304,21.62,1352.0,58.0,70.0,37.0,28.0,3.0,2.0,0.0,0.0,7.0,0.0,13.0,1.0,1.0,0.0,5.0,4.0,0.0,.107,.297,.179,.476,.188,-.--,160.0,6.0,7.0,2025
682927,Ronny Simon,134,Pittsburgh Pirates,,2B,2026,30.0,27.0,9.0,1.0,0.0,0.0,2.0,0.0,2.0,0.0,0.0,1.0,10.0,2.0,1.0,.333,.379,.370,.749,.360,-.--,116.0,7.0,10.0,88.0,77.0,18.0,3.0,0.0,0.0,8.0,0.0,15.0,0.0,2.0,1.0,21.0,7.0,1.0,.234,.299,.273,.572,.281,-.--,345.0,23.0,24.0,2025
621493,Taylor Ward,136,Seattle Mariners,,LF,2026,538.0,442.0,106.0,20.0,1.0,7.0,87.0,2.0,109.0,6.0,3.0,0.0,149.0,30.0,8.0,.240,.370,.337,.707,.301,63.14,2220.0,106.0,124.0,663.0,579.0,132.0,31.0,2.0,36.0,75.0,1.0,175.0,3.0,6.0,0.0,275.0,103.0,13.0,.228,.317,.475,.792,.257,16.08,2788.0,112.0,166.0,2025
605135,Chris Bassitt,110,Baltimore Orioles,,P,2026,,,,,,,,,,,,,,,,,,,,,,,,,,,,,,,,,,,,,,,,,,,,,,,,,2025
695239,Robby Ahlstrom,140,Texas Rangers,,P,2026,,,,,,,,,,,,,,,,,,,,,,,,,,,,,,,,,,,,,,,,,,,,,,,,,2025
672695,Geraldo Perdomo,109,Arizona Diamondbacks,,SS,2026,512.0,425.0,107.0,16.0,6.0,9.0,73.0,0.0,62.0,4.0,5.0,5.0,162.0,42.0,9.0,.252,.363,.381,.744,.273,47.22,2174.0,126.0,140.0,720.0,597.0,173.0,33.0,5.0,20.0,94.0,1.0,83.0,10.0,11.0,8.0,276.0,100.0,11.0,.290,.389,.462,.851,.303,29.85,3007.0,167.0,193.0,2025
605137,Josh Bell,142,Minnesota Twins,,DH,2026,479.0,435.0,110.0,24.0,1.0,16.0,39.0,0.0,101.0,2.0,2.0,0.0,184.0,72.0,11.0,.253,.316,.423,.739,.294,27.19,1888.0,109.0,117.0,533.0,468.0,111.0,16.0,1.0,22.0,57.0,1.0,88.0,5.0,3.0,0.0,195.0,63.0,15.0,.237,.325,.417,.742,.247,21.27,2102.0,137.0,135.0,2025
605141,Mookie Betts,119,Los Angeles Dodgers,,SS,2026,359.0,331.0,79.0,13.0,0.0,15.0,26.0,2.0,42.0,1.0,1.0,0.0,137.0,40.0,13.0,.239,.295,.414,.709,.233,22.07,1306.0,74.0,137.0,663.0,589.0,152.0,23.0,2.0,20.0,61.0,2.0,68.0,3.0,10.0,0.0,239.0,82.0,15.0,.258,.326,.406,.732,.258,29.45,2460.0,136.0,243.0,2025
672724,Oswald Peraza,108,Los Angeles Angels,,2B,2026,313.0,292.0,67.0,11.0,2.0,7.0,11.0,0.0,92.0,8.0,1.0,1.0,103.0,24.0,8.0,.229,.276,.353,.629,.309,41.71,1163.0,75.0,60.0,265.0,244.0,40.0,6.0,0.0,5.0,17.0,0.0,80.0,2.0,1.0,0.0,61.0,20.0,6.0,.164,.223,.250,.473,.219,48.80,1005.0,70.0,55.0,2025
701398,Sal Stewart,113,Cincinnati Reds,,1B,2026,524.0,460.0,119.0,23.0,0.0,26.0,53.0,4.0,115.0,4.0,7.0,0.0,220.0,89.0,13.0,.259,.336,.478,.814,.285,17.69,2074.0,123.0,110.0,58.0,55.0,14.0,1.0,0.0,5.0,3.0,0.0,15.0,0.0,0.0,0.0,30.0,8.0,1.0,.255,.293,.545,.838,.257,11.00,217.0,10.0,16.0,2025
687064,Brandon Young,110,Baltimore Orioles,,P,2026,,,,,,,,,,,,,,,,,,,,,,,,,,,,,,,,,,,,,,,,,,,,,,,,,2025
607200,Erick Fedde,145,Chicago White Sox,,P,2026,,,,,,,,,,,,,,,,,,,,,,,,,,,,,,,,,,,,,,,,,,,,,,,,,2025
695257,Billy Cook,134,Pittsburgh Pirates,,CF,2026,45.0,45.0,9.0,1.0,1.0,0.0,0.0,0.0,18.0,0.0,0.0,0.0,12.0,2.0,0.0,.200,.200,.267,.467,.333,-.--,149.0,6.0,12.0,6.0,6.0,2.0,0.0,0.0,0.0,0.0,0.0,1.0,0.0,0.0,0.0,2.0,0.0,0.0,.333,.333,.333,.666,.400,-.--,20.0,2.0,1.0,2025
592866,Trevor Williams,120,Washington Nationals,,P,2026,,,,,,,,,,,,,,,,,,,,,,,,,,,,,,,,,,,,,,,,,,,,,,,,,2025
678882,Ceddanne Rafaela,111,Boston Red Sox,,CF,2026,489.0,458.0,132.0,28.0,3.0,16.0,19.0,0.0,97.0,8.0,2.0,2.0,214.0,63.0,9.0,.288,.326,.467,.793,.334,28.62,1795.0,113.0,120.0,587.0,546.0,136.0,34.0,4.0,16.0,28.0,0.0,117.0,8.0,2.0,3.0,226.0,63.0,9.0,.249,.295,.414,.709,.289,34.12,2128.0,139.0,159.0,2025
682987,Spencer Jones,147,New York Yankees,,CF,2026,148.0,131.0,28.0,7.0,1.0,5.0,16.0,1.0,52.0,1.0,0.0,0.0,52.0,18.0,0.0,.214,.304,.397,.701,.311,26.20,627.0,17.0,34.0,,,,,,,,,,,,,,,,,,,,,,,,,2025
607208,Trea Turner,143,Philadelphia Phillies,,SS,2026,529.0,490.0,121.0,21.0,1.0,17.0,33.0,0.0,113.0,3.0,3.0,0.0,195.0,47.0,8.0,.247,.297,.398,.695,.287,28.82,1997.0,123.0,136.0,639.0,589.0,179.0,31.0,7.0,15.0,43.0,1.0,107.0,5.0,2.0,0.0,269.0,69.0,11.0,.304,.355,.457,.812,.350,39.27,2407.0,159.0,146.0,2025
682988,Tyler Locklear,109,Arizona Diamondbacks,,1B,2026,42.0,36.0,10.0,3.0,0.0,1.0,4.0,0.0,9.0,1.0,1.0,0.0,16.0,6.0,3.0,.278,.357,.444,.801,.333,36.00,171.0,13.0,5.0,116.0,103.0,18.0,0.0,0.0,3.0,10.0,0.0,43.0,3.0,0.0,0.0,27.0,6.0,3.0,.175,.267,.262,.529,.263,34.33,477.0,25.0,17.0,2025
682989,Victor Mederos,144,Atlanta Braves,,P,2026,1.0,1.0,1.0,0.0,0.0,0.0,0.0,0.0,0.0,0.0,0.0,0.0,1.0,2.0,0.0,1.000,1.000,1.000,2.000,1.000,-.--,3.0,0.0,0.0,,,,,,,,,,,,,,,,,,,,,,,,,2025
592885,Christian Yelich,158,Milwaukee Brewers,,DH,2026,371.0,328.0,75.0,18.0,2.0,8.0,36.0,3.0,101.0,4.0,2.0,1.0,121.0,40.0,5.0,.229,.311,.369,.680,.303,41.00,1577.0,101.0,54.0,,,,,,,,,,,,,,,,,,,,,,,,,2025
691182,Adael Amador,115,Colorado Rockies,,2B,2026,,,,,,,,,,,,,,,,,,,,,,,,,128.0,113.0,20.0,7.0,0.0,1.0,11.0,0.0,27.0,1.0,0.0,3.0,30.0,10.0,2.0,.177,.256,.265,.521,.224,113.00,451.0,30.0,39.0,2025
605170,Victor Caratini,142,Minnesota Twins,,C,2026,327.0,279.0,64.0,9.0,0.0,7.0,30.0,1.0,67.0,10.0,8.0,0.0,94.0,38.0,6.0,.229,.318,.337,.655,.268,39.86,1242.0,76.0,80.0,386.0,344.0,89.0,14.0,0.0,12.0,23.0,0.0,65.0,13.0,6.0,0.0,139.0,46.0,8.0,.259,.324,.404,.728,.282,28.67,1417.0,93.0,103.0,2025
687093,Vaughn Grissom,108,Los Angeles Angels,,2B,2026,312.0,281.0,69.0,16.0,0.0,7.0,21.0,0.0,55.0,5.0,4.0,0.0,106.0,47.0,13.0,.246,.305,.377,.682,.278,40.14,1174.0,77.0,84.0,,,,,,,,,,,,,,,,,,,,,,,,,2025
682998,Corbin Carroll,109,Arizona Diamondbacks,,RF,2026,517.0,448.0,110.0,25.0,14.0,18.0,59.0,3.0,114.0,7.0,3.0,0.0,217.0,57.0,6.0,.246,.340,.484,.824,.288,24.89,2028.0,101.0,126.0,642.0,564.0,146.0,32.0,17.0,31.0,67.0,4.0,153.0,7.0,4.0,0.0,305.0,84.0,6.0,.259,.343,.541,.884,.299,18.19,2497.0,111.0,158.0,2025
683002,Gunnar Henderson,110,Baltimore Orioles,,SS,2026,549.0,489.0,108.0,21.0,4.0,20.0,49.0,2.0,123.0,9.0,2.0,0.0,197.0,51.0,7.0,.221,.302,.403,.705,.253,24.45,2155.0,122.0,138.0,651.0,577.0,158.0,34.0,5.0,17.0,62.0,6.0,137.0,7.0,5.0,0.0,253.0,68.0,7.0,.274,.349,.438,.787,.329,33.94,2506.0,161.0,126.0,2025
689147,Orion Kerkering,143,Philadelphia Phillies,,P,2026,0.0,0.0,0.0,0.0,0.0,0.0,0.0,0.0,0.0,0.0,0.0,0.0,0.0,0.0,0.0,.000,.000,.000,.000,.---,-.--,0.0,0.0,0.0,,,,,,,,,,,,,,,,,,,,,,,,,2025
683003,Jared Jones,134,Pittsburgh Pirates,,P,2026,,,,,,,,,,,,,,,,,,,,,,,,,,,,,,,,,,,,,,,,,,,,,,,,,2025
621566,Matt Olson,144,Atlanta Braves,,1B,2026,533.0,474.0,124.0,29.0,0.0,35.0,53.0,3.0,135.0,3.0,3.0,0.0,258.0,74.0,7.0,.262,.338,.544,.882,.290,13.54,2278.0,95.0,123.0,724.0,624.0,170.0,41.0,2.0,29.0,91.0,2.0,176.0,4.0,5.0,0.0,302.0,95.0,14.0,.272,.366,.484,.850,.333,21.52,3166.0,133.0,150.0,2025
668670,Jake Rogers,145,Chicago White Sox,,C,2026,125.0,104.0,19.0,4.0,1.0,3.0,16.0,0.0,35.0,1.0,3.0,1.0,34.0,11.0,1.0,.183,.290,.327,.617,.232,34.67,502.0,20.0,34.0,142.0,123.0,23.0,5.0,2.0,3.0,15.0,0.0,39.0,1.0,2.0,1.0,41.0,19.0,3.0,.187,.277,.333,.610,.241,41.00,570.0,34.0,30.0,2025
642048,Tayler Saucedo,108,Los Angeles Angels,,P,2026,,,,,,,,,,,,,,,,,,,,,,,,,,,,,,,,,,,,,,,,,,,,,,,,,2025
500743,Miguel Rojas,119,Los Angeles Dodgers,,2B,2026,190.0,167.0,48.0,12.0,0.0,3.0,13.0,0.0,19.0,2.0,6.0,2.0,69.0,18.0,8.0,.287,.335,.413,.748,.298,55.67,682.0,53.0,55.0,317.0,290.0,76.0,18.0,0.0,7.0,24.0,1.0,46.0,0.0,0.0,3.0,115.0,27.0,7.0,.262,.318,.397,.715,.291,41.43,1166.0,83.0,88.0,2025
699393,Pedro Ramírez,112,Chicago Cubs,,2B,2026,132.0,119.0,35.0,9.0,1.0,2.0,11.0,1.0,24.0,0.0,1.0,1.0,52.0,15.0,3.0,.294,.351,.437,.788,.351,59.50,469.0,33.0,29.0,,,,,,,,,,,,,,,,,,,,,,,,,2025
668674,Lucas Erceg,118,Kansas City Royals,,P,2026,0.0,0.0,0.0,0.0,0.0,0.0,0.0,0.0,0.0,0.0,0.0,0.0,0.0,0.0,0.0,.000,.000,.000,.000,.---,-.--,0.0,0.0,0.0,0.0,0.0,0.0,0.0,0.0,0.0,0.0,0.0,0.0,0.0,0.0,0.0,0.0,0.0,0.0,.000,.000,.000,.000,.---,-.--,0.0,0.0,0.0,2025
553993,Eugenio Suárez,113,Cincinnati Reds,,DH,2026,359.0,321.0,66.0,15.0,0.0,18.0,32.0,1.0,129.0,4.0,2.0,0.0,135.0,49.0,4.0,.206,.284,.421,.705,.273,17.83,1464.0,54.0,74.0,657.0,588.0,134.0,28.0,0.0,49.0,46.0,2.0,196.0,16.0,7.0,0.0,309.0,118.0,11.0,.228,.298,.526,.824,.243,12.00,2606.0,100.0,165.0,2025
676879,Aaron Ashby,158,Milwaukee Brewers,,P,2026,,,,,,,,,,,,,,,,,,,,,,,,,,,,,,,,,,,,,,,,,,,,,,,,,2025
672782,Yoendrys Gómez,142,Minnesota Twins,,P,2026,,,,,,,,,,,,,,,,,,,,,,,,,,,,,,,,,,,,,,,,,,,,,,,,,2025
543760,Marcus Semien,121,New York Mets,,2B,2026,406.0,370.0,78.0,10.0,1.0,14.0,30.0,0.0,89.0,1.0,4.0,1.0,132.0,41.0,10.0,.211,.269,.357,.626,.236,26.43,1530.0,77.0,131.0,534.0,470.0,108.0,16.0,1.0,15.0,50.0,0.0,93.0,5.0,9.0,0.0,171.0,62.0,8.0,.230,.305,.364,.669,.251,31.33,2075.0,101.0,177.0,2025
680977,Brendan Donovan,136,Seattle Mariners,,3B,2026,131.0,113.0,28.0,5.0,1.0,3.0,11.0,0.0,19.0,6.0,1.0,0.0,44.0,9.0,4.0,.248,.344,.389,.733,.272,37.67,476.0,35.0,32.0,515.0,460.0,132.0,32.0,0.0,10.0,42.0,3.0,67.0,7.0,4.0,2.0,194.0,50.0,4.0,.287,.353,.422,.775,.315,46.00,1923.0,131.0,136.0,2025
703520,Brett Bateman,141,Toronto Blue Jays,,CF,2026,33.0,31.0,9.0,2.0,0.0,0.0,2.0,0.0,7.0,0.0,0.0,0.0,11.0,3.0,0.0,.290,.333,.355,.688,.375,-.--,104.0,8.0,7.0,,,,,,,,,,,,,,,,,,,,,,,,,2025
674841,Andrew Alvarez,120,Washington Nationals,,P,2026,,,,,,,,,,,,,,,,,,,,,,,,,,,,,,,,,,,,,,,,,,,,,,,,,2025
607259,Nick Martinez,139,Tampa Bay Rays,,P,2026,,,,,,,,,,,,,,,,,,,,,,,,,,,,,,,,,,,,,,,,,,,,,,,,,2025
668709,JJ Bleday,113,Cincinnati Reds,,LF,2026,390.0,329.0,72.0,12.0,1.0,20.0,56.0,1.0,83.0,2.0,2.0,0.0,146.0,47.0,5.0,.219,.334,.444,.778,.228,16.45,1530.0,56.0,120.0,344.0,307.0,65.0,17.0,0.0,14.0,36.0,2.0,91.0,0.0,1.0,0.0,124.0,39.0,6.0,.212,.294,.404,.698,.251,21.93,1328.0,61.0,91.0,2025
642086,Dominic Smith,144,Atlanta Braves,,DH,2026,275.0,246.0,65.0,6.0,1.0,8.0,21.0,1.0,42.0,2.0,5.0,1.0,97.0,44.0,6.0,.264,.321,.394,.715,.284,30.75,1057.0,70.0,75.0,225.0,204.0,58.0,12.0,0.0,5.0,15.0,0.0,42.0,2.0,4.0,0.0,85.0,33.0,5.0,.284,.333,.417,.750,.329,40.80,848.0,46.0,62.0,2025
666661,Juan Morillo,109,Arizona Diamondbacks,,P,2026,,,,,,,,,,,,,,,,,,,,,,,,,0.0,0.0,0.0,0.0,0.0,0.0,0.0,0.0,0.0,0.0,0.0,0.0,0.0,0.0,0.0,.000,.000,.000,.000,.---,-.--,0.0,0.0,0.0,2025
670764,Taylor Walls,139,Tampa Bay Rays,,SS,2026,344.0,293.0,64.0,14.0,2.0,2.0,37.0,0.0,86.0,2.0,3.0,9.0,88.0,28.0,4.0,.218,.307,.300,.607,.298,146.50,1370.0,69.0,86.0,317.0,282.0,62.0,14.0,1.0,4.0,26.0,0.0,70.0,0.0,6.0,3.0,90.0,38.0,1.0,.220,.280,.319,.599,.271,70.50,1278.0,70.0,89.0,2025
681006,Josh Simpson,136,Seattle Mariners,,P,2026,,,,,,,,,,,,,,,,,,,,,,,,,,,,,,,,,,,,,,,,,,,,,,,,,2025
670770,TJ Friedl,113,Cincinnati Reds,,CF,2026,239.0,209.0,34.0,6.0,1.0,3.0,20.0,0.0,54.0,4.0,1.0,5.0,51.0,11.0,3.0,.163,.248,.244,.492,.203,69.67,887.0,56.0,71.0,685.0,579.0,151.0,22.0,2.0,14.0,81.0,0.0,115.0,16.0,5.0,4.0,219.0,53.0,7.0,.261,.364,.378,.742,.301,41.36,2645.0,141.0,181.0,2025
668723,Ryan Vilade,139,Tampa Bay Rays,,RF,2026,198.0,176.0,43.0,7.0,1.0,9.0,17.0,0.0,43.0,1.0,3.0,1.0,79.0,35.0,4.0,.244,.310,.449,.759,.268,19.56,790.0,38.0,56.0,15.0,13.0,1.0,0.0,0.0,0.0,2.0,0.0,5.0,0.0,0.0,0.0,1.0,0.0,1.0,.077,.200,.077,.277,.125,-.--,60.0,6.0,1.0,2025
642100,Gabe Speier,136,Seattle Mariners,,P,2026,0.0,0.0,0.0,0.0,0.0,0.0,0.0,0.0,0.0,0.0,0.0,0.0,0.0,0.0,0.0,.000,.000,.000,.000,.---,-.--,0.0,0.0,0.0,,,,,,,,,,,,,,,,,,,,,,,,,2025
676917,Cade Cavalli,120,Washington Nationals,,P,2026,,,,,,,,,,,,,,,,,,,,,,,,,0.0,0.0,0.0,0.0,0.0,0.0,0.0,0.0,0.0,0.0,0.0,0.0,0.0,0.0,0.0,.000,.000,.000,.000,.---,-.--,0.0,0.0,0.0,2025
693308,Nick Frasso,115,Colorado Rockies,,P,2026,,,,,,,,,,,,,,,,,,,,,,,,,,,,,,,,,,,,,,,,,,,,,,,,,2025
693304,Nick Gonzales,134,Pittsburgh Pirates,,3B,2026,486.0,446.0,137.0,21.0,1.0,6.0,30.0,0.0,82.0,9.0,1.0,0.0,178.0,53.0,12.0,.307,.362,.399,.761,.365,74.33,1789.0,129.0,99.0,408.0,381.0,99.0,18.0,3.0,5.0,21.0,0.0,73.0,2.0,4.0,0.0,138.0,30.0,12.0,.260,.299,.362,.661,.306,76.20,1405.0,104.0,109.0,2025
693307,Dillon Dingler,116,Detroit Tigers,,DH,2026,480.0,433.0,113.0,23.0,2.0,26.0,29.0,0.0,104.0,13.0,3.0,0.0,218.0,81.0,11.0,.261,.324,.503,.827,.284,16.65,1862.0,96.0,123.0,469.0,435.0,121.0,21.0,2.0,13.0,23.0,2.0,110.0,9.0,1.0,0.0,185.0,57.0,5.0,.278,.327,.425,.752,.345,33.46,1793.0,91.0,114.0,2025
543807,George Springer,141,Toronto Blue Jays,,DH,2026,394.0,347.0,80.0,14.0,2.0,12.0,39.0,0.0,73.0,3.0,2.0,0.0,134.0,37.0,8.0,.231,.312,.386,.698,.258,28.92,1583.0,98.0,98.0,586.0,498.0,154.0,27.0,1.0,32.0,69.0,3.0,111.0,8.0,4.0,0.0,279.0,84.0,14.0,.309,.399,.560,.959,.340,15.56,2307.0,105.0,132.0,2025
693313,Carson Seymour,137,San Francisco Giants,,P,2026,,,,,,,,,,,,,,,,,,,,,,,,,,,,,,,,,,,,,,,,,,,,,,,,,2025
519242,Chris Sale,144,Atlanta Braves,,P,2026,,,,,,,,,,,,,,,,,,,,,,,,,,,,,,,,,,,,,,,,,,,,,,,,,2025
683083,Nasim Nuñez,120,Washington Nationals,,2B,2026,404.0,351.0,80.0,4.0,3.0,1.0,44.0,0.0,84.0,1.0,2.0,6.0,93.0,34.0,6.0,.228,.314,.265,.579,.295,351.00,1631.0,110.0,85.0,92.0,82.0,19.0,2.0,0.0,4.0,8.0,0.0,20.0,0.0,1.0,1.0,33.0,13.0,1.0,.232,.297,.402,.699,.254,20.50,417.0,26.0,19.0,2025
681035,Christian Scott,121,New York Mets,,P,2026,,,,,,,,,,,,,,,,,,,,,,,,,,,,,,,,,,,,,,,,,,,,,,,,,2025
656464,Kevin Ginkel,109,Arizona Diamondbacks,,P,2026,,,,,,,,,,,,,,,,,,,,,,,,,,,,,,,,,,,,,,,,,,,,,,,,,2025
701519,Travis Adams,142,Minnesota Twins,,P,2026,,,,,,,,,,,,,,,,,,,,,,,,,,,,,,,,,,,,,,,,,,,,,,,,,2025
685133,Wade Meckler,108,Los Angeles Angels,,LF,2026,211.0,190.0,57.0,10.0,0.0,3.0,19.0,0.0,47.0,1.0,0.0,1.0,76.0,20.0,1.0,.300,.367,.400,.767,.386,63.33,762.0,50.0,37.0,,,,,,,,,,,,,,,,,,,,,,,,,2025
695380,Alex Hoppe,110,Baltimore Orioles,,P,2026,,,,,,,,,,,,,,,,,,,,,,,,,,,,,,,,,,,,,,,,,,,,,,,,,2025
605280,Clay Holmes,112,Chicago Cubs,,P,2026,,,,,,,,,,,,,,,,,,,,,,,,,,,,,,,,,,,,,,,,,,,,,,,,,2025
650333,Luis Arraez,143,Philadelphia Phillies,,2B,2026,511.0,465.0,147.0,26.0,7.0,5.0,26.0,4.0,23.0,4.0,10.0,6.0,202.0,49.0,11.0,.316,.350,.434,.784,.318,93.00,1899.0,131.0,180.0,675.0,620.0,181.0,30.0,4.0,8.0,34.0,0.0,21.0,2.0,7.0,12.0,243.0,61.0,12.0,.292,.327,.392,.719,.289,77.50,2467.0,215.0,222.0,2025
681047,Christian Franklin,110,Baltimore Orioles,,CF,2026,18.0,14.0,2.0,1.0,0.0,0.0,3.0,0.0,5.0,1.0,0.0,0.0,3.0,0.0,0.0,.143,.333,.214,.547,.222,-.--,83.0,3.0,4.0,,,,,,,,,,,,,,,,,,,,,,,,,2025
646241,Enmanuel De Jesus,116,Detroit Tigers,,P,2026,,,,,,,,,,,,,,,,,,,,,,,,,,,,,,,,,,,,,,,,,,,,,,,,,2025
689254,Mason Fluharty,141,Toronto Blue Jays,,P,2026,,,,,,,,,,,,,,,,,,,,,,,,,,,,,,,,,,,,,,,,,,,,,,,,,2025
701542,Will Warren,147,New York Yankees,,P,2026,,,,,,,,,,,,,,,,,,,,,,,,,,,,,,,,,,,,,,,,,,,,,,,,,2025
646240,Rafael Devers,137,San Francisco Giants,,1B,2026,515.0,458.0,112.0,28.0,1.0,24.0,52.0,4.0,137.0,1.0,4.0,0.0,214.0,65.0,12.0,.245,.320,.467,.787,.292,19.08,2123.0,102.0,111.0,729.0,607.0,153.0,33.0,0.0,35.0,112.0,10.0,192.0,6.0,4.0,0.0,291.0,109.0,16.0,.252,.372,.479,.851,.307,17.34,3060.0,139.0,127.0,2025
605288,Adrian Houser,137,San Francisco Giants,,P,2026,,,,,,,,,,,,,,,,,,,,,,,,,,,,,,,,,,,,,,,,,,,,,,,,,2025
689266,Dylan Dodd,144,Atlanta Braves,,P,2026,,,,,,,,,,,,,,,,,,,,,,,,,,,,,,,,,,,,,,,,,,,,,,,,,2025
805999,A.J. Ewing,121,New York Mets,,CF,2026,337.0,298.0,76.0,16.0,1.0,7.0,31.0,0.0,86.0,2.0,3.0,3.0,115.0,28.0,1.0,.255,.326,.386,.712,.332,42.57,1352.0,66.0,76.0,,,,,,,,,,,,,,,,,,,,,,,,,2025
703601,Max Clark,116,Detroit Tigers,,CF,2026,58.0,53.0,14.0,2.0,2.0,1.0,4.0,0.0,15.0,1.0,0.0,0.0,23.0,7.0,0.0,.264,.328,.434,.762,.351,53.00,229.0,11.0,13.0,,,,,,,,,,,,,,,,,,,,,,,,,2025
703607,Henry Bolte,133,Athletics,,CF,2026,290.0,256.0,65.0,9.0,0.0,5.0,20.0,0.0,82.0,10.0,2.0,1.0,89.0,22.0,4.0,.254,.330,.348,.678,.351,51.20,1054.0,75.0,37.0,,,,,,,,,,,,,,,,,,,,,,,,,2025
695418,Brad Lord,120,Washington Nationals,,P,2026,0.0,0.0,0.0,0.0,0.0,0.0,0.0,0.0,0.0,0.0,0.0,0.0,0.0,0.0,0.0,.000,.000,.000,.000,.---,-.--,0.0,0.0,0.0,,,,,,,,,,,,,,,,,,,,,,,,,2025
681082,Bryson Stott,143,Philadelphia Phillies,,2B,2026,458.0,407.0,108.0,25.0,6.0,8.0,44.0,0.0,79.0,2.0,2.0,3.0,169.0,54.0,9.0,.265,.338,.415,.753,.311,50.88,1901.0,104.0,121.0,560.0,499.0,128.0,22.0,3.0,13.0,54.0,1.0,91.0,1.0,4.0,2.0,195.0,66.0,4.0,.257,.328,.391,.719,.288,38.38,2466.0,116.0,170.0,2025
664702,Myles Straw,141,Toronto Blue Jays,,RF,2026,236.0,214.0,48.0,13.0,1.0,3.0,15.0,0.0,32.0,1.0,3.0,3.0,72.0,21.0,2.0,.224,.275,.336,.611,.247,71.33,887.0,66.0,74.0,299.0,267.0,70.0,14.0,1.0,4.0,19.0,0.0,50.0,1.0,1.0,11.0,98.0,32.0,5.0,.262,.313,.367,.680,.308,66.75,1104.0,68.0,91.0,2025
668800,Andrew Knizner,137,San Francisco Giants,,C,2026,4.0,3.0,0.0,0.0,0.0,0.0,1.0,0.0,0.0,0.0,0.0,0.0,0.0,0.0,0.0,.000,.250,.000,.250,.000,-.--,21.0,1.0,2.0,88.0,77.0,17.0,1.0,1.0,1.0,7.0,0.0,10.0,2.0,1.0,1.0,23.0,5.0,0.0,.221,.299,.299,.598,.239,77.00,321.0,24.0,28.0,2025
547973,Aroldis Chapman,111,Boston Red Sox,,P,2026,0.0,0.0,0.0,0.0,0.0,0.0,0.0,0.0,0.0,0.0,0.0,0.0,0.0,0.0,0.0,.000,.000,.000,.000,.---,-.--,0.0,0.0,0.0,0.0,0.0,0.0,0.0,0.0,0.0,0.0,0.0,0.0,0.0,0.0,0.0,0.0,0.0,0.0,.000,.000,.000,.000,.---,-.--,0.0,0.0,0.0,2025
543877,Christian Vázquez,117,Houston Astros,,C,2026,228.0,206.0,44.0,7.0,0.0,5.0,16.0,1.0,42.0,0.0,1.0,5.0,66.0,23.0,2.0,.214,.269,.320,.589,.244,41.20,878.0,54.0,72.0,214.0,190.0,36.0,7.0,0.0,3.0,18.0,0.0,35.0,4.0,2.0,0.0,52.0,14.0,3.0,.189,.271,.274,.545,.214,63.33,833.0,48.0,73.0,2025
668804,Bryan Reynolds,134,Pittsburgh Pirates,,LF,2026,539.0,455.0,120.0,29.0,2.0,15.0,74.0,3.0,131.0,8.0,2.0,0.0,198.0,63.0,5.0,.264,.375,.435,.810,.338,30.33,2127.0,113.0,93.0,654.0,587.0,144.0,38.0,3.0,16.0,57.0,1.0,173.0,7.0,3.0,0.0,236.0,73.0,15.0,.245,.318,.402,.720,.319,36.69,2631.0,155.0,118.0,2025
683146,Brett Baty,121,New York Mets,,3B,2026,381.0,341.0,73.0,13.0,1.0,8.0,32.0,0.0,107.0,3.0,4.0,0.0,112.0,38.0,3.0,.214,.284,.328,.612,.283,42.62,1510.0,76.0,89.0,432.0,393.0,100.0,13.0,2.0,18.0,33.0,0.0,108.0,2.0,3.0,0.0,171.0,50.0,6.0,.254,.313,.435,.748,.304,21.83,1753.0,117.0,71.0,2025
695445,Chase Lee,141,Toronto Blue Jays,,P,2026,,,,,,,,,,,,,,,,,,,,,,,,,,,,,,,,,,,,,,,,,,,,,,,,,2025
668820,Max Kranick,120,Washington Nationals,,P,2026,,,,,,,,,,,,,,,,,,,,,,,,,,,,,,,,,,,,,,,,,,,,,,,,,2025
656529,Sam Hentges,137,San Francisco Giants,,P,2026,0.0,0.0,0.0,0.0,0.0,0.0,0.0,0.0,0.0,0.0,0.0,0.0,0.0,0.0,0.0,.000,.000,.000,.000,.---,-.--,0.0,0.0,0.0,,,,,,,,,,,,,,,,,,,,,,,,,2025
664728,Kyle Isbel,118,Kansas City Royals,,CF,2026,213.0,192.0,44.0,7.0,1.0,4.0,11.0,0.0,48.0,3.0,2.0,5.0,65.0,15.0,6.0,.229,.279,.339,.618,.282,48.00,767.0,54.0,53.0,409.0,368.0,94.0,16.0,4.0,4.0,23.0,0.0,74.0,2.0,3.0,13.0,130.0,33.0,7.0,.255,.301,.353,.654,.307,92.00,1470.0,119.0,97.0,2025
677020,Josh Walker,110,Baltimore Orioles,,P,2026,,,,,,,,,,,,,,,,,,,,,,,,,,,,,,,,,,,,,,,,,,,,,,,,,2025
656537,Derek Hill,143,Philadelphia Phillies,,CF,2026,174.0,159.0,37.0,3.0,0.0,9.0,11.0,0.0,61.0,1.0,0.0,3.0,67.0,22.0,2.0,.233,.287,.421,.708,.315,17.67,683.0,34.0,30.0,149.0,134.0,29.0,6.0,0.0,3.0,9.0,0.0,48.0,3.0,0.0,3.0,44.0,11.0,3.0,.216,.281,.328,.609,.313,44.67,579.0,32.0,28.0,2025
642201,Eli White,111,Boston Red Sox,,RF,2026,160.0,148.0,35.0,6.0,1.0,5.0,10.0,0.0,36.0,1.0,1.0,0.0,58.0,18.0,2.0,.236,.288,.392,.680,.278,29.60,629.0,49.0,29.0,271.0,256.0,60.0,8.0,3.0,10.0,11.0,1.0,70.0,2.0,1.0,1.0,104.0,35.0,2.0,.234,.270,.406,.676,.282,25.60,1001.0,61.0,67.0,2025
687263,Zach Neto,108,Los Angeles Angels,,SS,2026,532.0,472.0,106.0,23.0,3.0,20.0,51.0,1.0,169.0,8.0,1.0,0.0,195.0,53.0,3.0,.225,.310,.413,.723,.303,23.60,2120.0,68.0,130.0,554.0,502.0,129.0,29.0,1.0,26.0,33.0,6.0,149.0,14.0,3.0,2.0,238.0,62.0,5.0,.257,.319,.474,.793,.312,19.31,2171.0,96.0,133.0,2025
656546,Jeff Hoffman,142,Minnesota Twins,,P,2026,,,,,,,,,,,,,,,,,,,,,,,,,0.0,0.0,0.0,0.0,0.0,0.0,0.0,0.0,0.0,0.0,0.0,0.0,0.0,0.0,0.0,.000,.000,.000,.000,.---,-.--,0.0,0.0,0.0,2025
650402,Gleyber Torres,116,Detroit Tigers,,2B,2026,289.0,242.0,63.0,8.0,0.0,8.0,42.0,1.0,56.0,3.0,2.0,0.0,95.0,32.0,5.0,.260,.374,.393,.767,.306,30.25,1215.0,70.0,55.0,628.0,532.0,136.0,22.0,0.0,16.0,85.0,0.0,101.0,4.0,7.0,0.0,206.0,74.0,11.0,.256,.358,.387,.745,.284,33.25,2652.0,130.0,172.0,2025
656550,Grant Holmes,144,Atlanta Braves,,P,2026,,,,,,,,,,,,,,,,,,,,,,,,,,,,,,,,,,,,,,,,,,,,,,,,,2025
642215,Weston Wilson,136,Seattle Mariners,,3B,2026,111.0,98.0,20.0,3.0,0.0,4.0,12.0,0.0,33.0,1.0,0.0,0.0,35.0,11.0,1.0,.204,.297,.357,.654,.262,24.50,482.0,24.0,21.0,125.0,111.0,22.0,4.0,0.0,5.0,12.0,0.0,34.0,1.0,0.0,1.0,41.0,17.0,1.0,.198,.282,.369,.651,.236,22.20,536.0,30.0,26.0,2025
642232,Ryan Yarbrough,147,New York Yankees,,P,2026,,,,,,,,,,,,,,,,,,,,,,,,,,,,,,,,,,,,,,,,,,,,,,,,,2025
693433,Bryan Woo,136,Seattle Mariners,,P,2026,,,,,,,,,,,,,,,,,,,,,,,,,,,,,,,,,,,,,,,,,,,,,,,,,2025
664761,Alec Bohm,143,Philadelphia Phillies,,3B,2026,478.0,434.0,100.0,18.0,0.0,13.0,32.0,1.0,68.0,7.0,5.0,0.0,157.0,63.0,16.0,.230,.291,.362,.653,.243,33.38,1747.0,149.0,122.0,504.0,464.0,133.0,18.0,3.0,11.0,29.0,0.0,82.0,5.0,6.0,0.0,190.0,59.0,16.0,.287,.331,.409,.740,.324,42.18,1801.0,140.0,115.0,2025
666808,Camilo Doval,134,Pittsburgh Pirates,,P,2026,,,,,,,,,,,,,,,,,,,,,,,,,,,,,,,,,,,,,,,,,,,,,,,,,2025
660670,Ronald Acuña Jr.,144,Atlanta Braves,,RF,2026,309.0,262.0,63.0,11.0,1.0,12.0,40.0,2.0,69.0,5.0,2.0,0.0,112.0,30.0,1.0,.240,.350,.427,.777,.279,21.83,1257.0,59.0,73.0,412.0,338.0,98.0,12.0,1.0,21.0,71.0,4.0,102.0,3.0,0.0,0.0,175.0,42.0,5.0,.290,.417,.518,.935,.358,16.10,1741.0,72.0,66.0,2025
664770,Nathan Lukes,141,Toronto Blue Jays,,RF,2026,315.0,287.0,76.0,11.0,0.0,6.0,18.0,0.0,45.0,5.0,1.0,4.0,105.0,21.0,7.0,.265,.318,.366,.684,.295,47.83,1252.0,99.0,72.0,438.0,388.0,99.0,19.0,2.0,12.0,38.0,2.0,60.0,2.0,3.0,7.0,158.0,65.0,12.0,.255,.323,.407,.730,.273,32.33,1662.0,125.0,114.0,2025
672960,Kazuma Okamoto,141,Toronto Blue Jays,,3B,2026,485.0,436.0,99.0,16.0,0.0,24.0,41.0,0.0,150.0,6.0,2.0,0.0,187.0,71.0,9.0,.227,.301,.429,.730,.284,18.17,2047.0,76.0,113.0,,,,,,,,,,,,,,,,,,,,,,,,,2025
695491,Joshua Báez,138,St. Louis Cardinals,,RF,2026,,,,,,,,,,,,,,,,,,,,,,,,,,,,,,,,,,,,,,,,,,,,,,,,,2025
691016,Tyler Soderstrom,133,Athletics,,LF,2026,453.0,396.0,97.0,27.0,3.0,19.0,53.0,4.0,91.0,3.0,1.0,0.0,187.0,56.0,9.0,.245,.338,.472,.810,.272,20.84,1739.0,116.0,93.0,624.0,561.0,155.0,34.0,1.0,25.0,55.0,2.0,141.0,6.0,2.0,0.0,266.0,93.0,18.0,.276,.346,.474,.820,.327,22.44,2227.0,153.0,114.0,2025
664774,LaMonte Wade Jr.,117,Houston Astros,,LF,2026,93.0,78.0,17.0,4.0,0.0,2.0,15.0,0.0,19.0,0.0,0.0,0.0,27.0,15.0,0.0,.218,.344,.346,.690,.263,39.00,423.0,18.0,24.0,242.0,209.0,35.0,8.0,2.0,2.0,27.0,1.0,58.0,3.0,1.0,2.0,53.0,18.0,2.0,.167,.271,.254,.525,.220,104.50,1039.0,38.0,81.0,2025
691406,Junior Caminero,139,Tampa Bay Rays,,3B,2026,530.0,460.0,127.0,18.0,1.0,35.0,66.0,10.0,97.0,2.0,2.0,0.0,252.0,78.0,22.0,.276,.368,.548,.916,.279,13.14,2052.0,144.0,94.0,653.0,602.0,159.0,28.0,0.0,45.0,41.0,1.0,125.0,3.0,7.0,0.0,322.0,110.0,31.0,.264,.311,.535,.846,.260,13.38,2494.0,169.0,156.0,2025
687312,Gabriel Hughes,115,Colorado Rockies,,P,2026,,,,,,,,,,,,,,,,,,,,,,,,,,,,,,,,,,,,,,,,,,,,,,,,,2025
695505,Chase Burns,113,Cincinnati Reds,,P,2026,,,,,,,,,,,,,,,,,,,,,,,,,,,,,,,,,,,,,,,,,,,,,,,,,2025
701649,James Triantos,112,Chicago Cubs,,2B,2026,5.0,5.0,1.0,0.0,0.0,0.0,0.0,0.0,1.0,0.0,0.0,0.0,1.0,0.0,0.0,.200,.200,.200,.400,.250,-.--,12.0,2.0,1.0,,,,,,,,,,,,,,,,,,,,,,,,,2025
660688,Keibert Ruiz,120,Washington Nationals,,C,2026,277.0,259.0,70.0,21.0,0.0,7.0,13.0,1.0,32.0,2.0,3.0,0.0,112.0,39.0,6.0,.270,.307,.432,.739,.283,37.00,894.0,69.0,91.0,267.0,255.0,63.0,12.0,0.0,2.0,8.0,0.0,26.0,3.0,1.0,0.0,81.0,25.0,4.0,.247,.277,.318,.595,.268,127.50,888.0,93.0,74.0,2025
695506,Jac Caglianone,118,Kansas City Royals,,RF,2026,443.0,410.0,112.0,21.0,2.0,22.0,28.0,1.0,115.0,4.0,1.0,0.0,203.0,58.0,5.0,.273,.325,.495,.820,.328,18.64,1599.0,106.0,78.0,232.0,210.0,33.0,6.0,1.0,7.0,18.0,0.0,52.0,4.0,0.0,0.0,62.0,18.0,4.0,.157,.237,.295,.532,.172,30.00,858.0,67.0,58.0,2025
605400,Aaron Nola,143,Philadelphia Phillies,,P,2026,,,,,,,,,,,,,,,,,,,,,,,,,,,,,,,,,,,,,,,,,,,,,,,,,2025
701656,Logan Henderson,158,Milwaukee Brewers,,P,2026,,,,,,,,,,,,,,,,,,,,,,,,,,,,,,,,,,,,,,,,,,,,,,,,,2025
668885,Austin Martin,142,Minnesota Twins,,RF,2026,330.0,277.0,67.0,16.0,0.0,3.0,43.0,0.0,58.0,7.0,3.0,0.0,92.0,23.0,6.0,.242,.355,.332,.687,.292,92.33,1284.0,79.0,76.0,181.0,156.0,44.0,8.0,1.0,1.0,22.0,0.0,31.0,1.0,0.0,2.0,57.0,7.0,6.0,.282,.374,.365,.739,.347,156.00,749.0,50.0,33.0,2025
683227,Cody Freeman,140,Texas Rangers,,3B,2026,21.0,19.0,4.0,0.0,0.0,0.0,2.0,0.0,5.0,0.0,0.0,0.0,4.0,0.0,0.0,.211,.286,.211,.497,.286,-.--,91.0,4.0,6.0,121.0,114.0,26.0,4.0,0.0,3.0,5.0,0.0,19.0,0.0,1.0,1.0,39.0,15.0,3.0,.228,.258,.342,.600,.247,38.00,505.0,38.0,33.0,2025
670950,Trevor Richards,145,Chicago White Sox,,P,2026,0.0,0.0,0.0,0.0,0.0,0.0,0.0,0.0,0.0,0.0,0.0,0.0,0.0,0.0,0.0,.000,.000,.000,.000,.---,-.--,0.0,0.0,0.0,0.0,0.0,0.0,0.0,0.0,0.0,0.0,0.0,0.0,0.0,0.0,0.0,0.0,0.0,0.0,.000,.000,.000,.000,.---,-.--,0.0,0.0,0.0,2025
687330,Kevin Kelly,139,Tampa Bay Rays,,P,2026,,,,,,,,,,,,,,,,,,,,,,,,,0.0,0.0,0.0,0.0,0.0,0.0,0.0,0.0,0.0,0.0,0.0,0.0,0.0,0.0,0.0,.000,.000,.000,.000,.---,-.--,0.0,0.0,0.0,2025
668904,Royce Lewis,142,Minnesota Twins,,1B,2026,361.0,323.0,78.0,19.0,1.0,13.0,32.0,1.0,93.0,3.0,3.0,0.0,138.0,43.0,2.0,.241,.313,.427,.740,.295,24.85,1424.0,55.0,100.0,403.0,376.0,89.0,18.0,0.0,13.0,25.0,0.0,80.0,0.0,2.0,0.0,146.0,52.0,7.0,.237,.283,.388,.671,.267,28.92,1517.0,76.0,133.0,2025
699625,Jimmy Crooks,138,St. Louis Cardinals,,C,2026,122.0,110.0,19.0,4.0,0.0,4.0,7.0,0.0,39.0,4.0,1.0,0.0,35.0,12.0,1.0,.173,.246,.318,.564,.221,27.50,465.0,21.0,32.0,46.0,45.0,6.0,0.0,1.0,1.0,0.0,0.0,17.0,1.0,0.0,0.0,11.0,1.0,1.0,.133,.152,.244,.396,.185,45.00,199.0,8.0,14.0,2025
703725,Luis Gastelum,138,St. Louis Cardinals,,P,2026,,,,,,,,,,,,,,,,,,,,,,,,,,,,,,,,,,,,,,,,,,,,,,,,,2025
701678,Hao-Yu Lee,116,Detroit Tigers,,3B,2026,213.0,200.0,53.0,11.0,1.0,6.0,10.0,0.0,52.0,0.0,2.0,1.0,84.0,28.0,1.0,.265,.297,.420,.717,.326,33.33,751.0,41.0,57.0,,,,,,,,,,,,,,,,,,,,,,,,,2025
701675,Nathan Church,138,St. Louis Cardinals,,CF,2026,341.0,314.0,74.0,10.0,1.0,9.0,18.0,0.0,66.0,3.0,5.0,1.0,113.0,39.0,5.0,.236,.279,.360,.639,.266,34.89,1301.0,86.0,94.0,65.0,56.0,10.0,1.0,0.0,1.0,3.0,0.0,18.0,3.0,1.0,2.0,14.0,8.0,0.0,.179,.254,.250,.504,.237,56.00,257.0,20.0,11.0,2025
681198,TJ Rumfield,115,Colorado Rockies,,1B,2026,479.0,422.0,124.0,24.0,2.0,13.0,47.0,0.0,69.0,8.0,2.0,0.0,191.0,59.0,4.0,.294,.374,.453,.827,.325,32.46,1780.0,112.0,119.0,,,,,,,,,,,,,,,,,,,,,,,,,2025
685299,Tanner Gordon,115,Colorado Rockies,,P,2026,,,,,,,,,,,,,,,,,,,,,,,,,,,,,,,,,,,,,,,,,,,,,,,,,2025
695549,Jackson Jobe,116,Detroit Tigers,,P,2026,,,,,,,,,,,,,,,,,,,,,,,,,,,,,,,,,,,,,,,,,,,,,,,,,2025
650489,Willi Castro,115,Colorado Rockies,,2B,2026,411.0,370.0,97.0,18.0,1.0,13.0,34.0,0.0,112.0,5.0,2.0,0.0,156.0,50.0,3.0,.262,.331,.422,.753,.340,28.46,1625.0,67.0,96.0,454.0,402.0,91.0,17.0,3.0,11.0,40.0,1.0,111.0,11.0,0.0,1.0,147.0,33.0,12.0,.226,.313,.366,.679,.286,36.54,1735.0,93.0,108.0,2025
650490,Yandy Díaz,139,Tampa Bay Rays,,DH,2026,515.0,458.0,138.0,21.0,1.0,17.0,43.0,4.0,74.0,9.0,5.0,0.0,212.0,69.0,12.0,.301,.369,.463,.832,.325,26.94,1910.0,139.0,112.0,651.0,583.0,175.0,29.0,1.0,25.0,57.0,4.0,92.0,6.0,5.0,0.0,281.0,83.0,12.0,.300,.366,.482,.848,.318,23.32,2525.0,193.0,128.0,2025
681217,Chase Silseth,140,Texas Rangers,,P,2026,,,,,,,,,,,,,,,,,,,,,,,,,,,,,,,,,,,,,,,,,,,,,,,,,2025
656638,Alex Lange,118,Kansas City Royals,,P,2026,0.0,0.0,0.0,0.0,0.0,0.0,0.0,0.0,0.0,0.0,0.0,0.0,0.0,0.0,0.0,.000,.000,.000,.000,.---,-.--,0.0,0.0,0.0,,,,,,,,,,,,,,,,,,,,,,,,,2025
806146,George Lombard Jr.,147,New York Yankees,,SS,2026,35.0,32.0,8.0,0.0,0.0,2.0,3.0,0.0,9.0,0.0,0.0,0.0,14.0,2.0,0.0,.250,.314,.438,.752,.286,16.00,156.0,9.0,6.0,,,,,,,,,,,,,,,,,,,,,,,,,2025
691458,Blaze Jordan,138,St. Louis Cardinals,,3B,2026,152.0,142.0,35.0,7.0,3.0,1.0,5.0,0.0,21.0,1.0,4.0,0.0,51.0,22.0,6.0,.246,.270,.359,.629,.274,142.00,550.0,48.0,42.0,,,,,,,,,,,,,,,,,,,,,,,,,2025
605447,Jordan Romano,115,Colorado Rockies,,P,2026,,,,,,,,,,,,,,,,,,,,,,,,,,,,,,,,,,,,,,,,,,,,,,,,,2025
656641,Jacob Latz,140,Texas Rangers,,P,2026,0.0,0.0,0.0,0.0,0.0,0.0,0.0,0.0,0.0,0.0,0.0,0.0,0.0,0.0,0.0,.000,.000,.000,.000,.---,-.--,0.0,0.0,0.0,,,,,,,,,,,,,,,,,,,,,,,,,2025
689414,Liam Hicks,139,Tampa Bay Rays,,C,2026,446.0,383.0,109.0,12.0,1.0,16.0,46.0,3.0,41.0,10.0,6.0,1.0,171.0,71.0,5.0,.285,.371,.446,.817,.280,23.94,1610.0,114.0,126.0,390.0,332.0,82.0,13.0,1.0,6.0,43.0,0.0,56.0,9.0,3.0,3.0,115.0,45.0,5.0,.247,.346,.346,.692,.278,55.33,1537.0,101.0,99.0,2025
668930,Brice Turang,158,Milwaukee Brewers,,2B,2026,523.0,451.0,121.0,28.0,3.0,16.0,66.0,3.0,132.0,0.0,2.0,4.0,203.0,76.0,7.0,.268,.360,.450,.810,.344,28.19,2218.0,111.0,93.0,659.0,584.0,168.0,28.0,2.0,18.0,66.0,1.0,150.0,2.0,5.0,2.0,254.0,81.0,3.0,.288,.359,.435,.794,.356,32.44,2772.0,132.0,141.0,2025
687377,Orlando Ribalta,120,Washington Nationals,,P,2026,0.0,0.0,0.0,0.0,0.0,0.0,0.0,0.0,0.0,0.0,0.0,0.0,0.0,0.0,0.0,.000,.000,.000,.000,.---,-.--,0.0,0.0,0.0,,,,,,,,,,,,,,,,,,,,,,,,,2025
664849,Danny Young,144,Atlanta Braves,,P,2026,,,,,,,,,,,,,,,,,,,,,,,,,,,,,,,,,,,,,,,,,,,,,,,,,2025
668939,Adley Rutschman,111,Boston Red Sox,,C,2026,298.0,258.0,63.0,19.0,1.0,8.0,33.0,0.0,45.0,2.0,5.0,0.0,108.0,47.0,6.0,.244,.329,.419,.748,.262,32.25,1232.0,69.0,86.0,365.0,322.0,71.0,16.0,2.0,9.0,40.0,0.0,57.0,1.0,2.0,0.0,118.0,29.0,8.0,.220,.307,.366,.673,.240,35.78,1491.0,93.0,103.0,2025
668942,Josh Rojas,118,Kansas City Royals,,3B,2026,80.0,76.0,17.0,3.0,0.0,1.0,3.0,0.0,13.0,0.0,0.0,1.0,23.0,9.0,0.0,.224,.253,.303,.556,.258,76.00,293.0,19.0,28.0,211.0,189.0,34.0,9.0,0.0,2.0,19.0,0.0,48.0,0.0,2.0,1.0,49.0,11.0,6.0,.180,.252,.259,.511,.227,94.50,797.0,51.0,59.0,2025
615698,Cal Quantrill,140,Texas Rangers,,P,2026,,,,,,,,,,,,,,,,,,,,,,,,,,,,,,,,,,,,,,,,,,,,,,,,,2025
668952,Ryan Kreidler,142,Minnesota Twins,,SS,2026,213.0,199.0,46.0,8.0,3.0,5.0,13.0,0.0,44.0,1.0,0.0,0.0,75.0,25.0,6.0,.231,.282,.377,.659,.273,39.80,783.0,58.0,51.0,44.0,38.0,4.0,0.0,0.0,0.0,4.0,0.0,19.0,0.0,0.0,2.0,4.0,0.0,0.0,.105,.190,.105,.295,.211,-.--,179.0,9.0,8.0,2025
687396,Brent Headrick,147,New York Yankees,,P,2026,,,,,,,,,,,,,,,,,,,,,,,,,,,,,,,,,,,,,,,,,,,,,,,,,2025
687394,Jack Brannigan,134,Pittsburgh Pirates,,SS,2026,1.0,1.0,0.0,0.0,0.0,0.0,0.0,0.0,1.0,0.0,0.0,0.0,0.0,0.0,0.0,.000,.000,.000,.000,.---,-.--,3.0,0.0,0.0,,,,,,,,,,,,,,,,,,,,,,,,,2025
605483,Blake Snell,119,Los Angeles Dodgers,,P,2026,,,,,,,,,,,,,,,,,,,,,,,,,,,,,,,,,,,,,,,,,,,,,,,,,2025
687401,Joey Ortiz,158,Milwaukee Brewers,,SS,2026,295.0,259.0,64.0,11.0,2.0,5.0,28.0,0.0,52.0,0.0,4.0,4.0,94.0,31.0,8.0,.247,.316,.363,.679,.286,51.80,1142.0,79.0,72.0,506.0,470.0,108.0,18.0,1.0,7.0,27.0,0.0,74.0,3.0,0.0,6.0,149.0,45.0,10.0,.230,.276,.317,.593,.260,67.14,1873.0,132.0,162.0,2025
806188,Cade Gibson,146,Miami Marlins,,P,2026,0.0,0.0,0.0,0.0,0.0,0.0,0.0,0.0,0.0,0.0,0.0,0.0,0.0,0.0,0.0,.000,.000,.000,.000,.---,-.--,0.0,0.0,0.0,,,,,,,,,,,,,,,,,,,,,,,,,2025
642350,Jose Siri,108,Los Angeles Angels,,CF,2026,149.0,135.0,36.0,8.0,0.0,7.0,9.0,0.0,47.0,2.0,1.0,2.0,65.0,23.0,5.0,.267,.320,.481,.801,.354,19.29,571.0,27.0,28.0,36.0,32.0,2.0,2.0,0.0,0.0,4.0,0.0,17.0,0.0,0.0,0.0,4.0,1.0,0.0,.063,.167,.125,.292,.133,-.--,162.0,3.0,10.0,2025
607536,Kyle Freeland,115,Colorado Rockies,,P,2026,0.0,0.0,0.0,0.0,0.0,0.0,0.0,0.0,0.0,0.0,0.0,0.0,0.0,0.0,0.0,.000,.000,.000,.000,.---,-.--,0.0,0.0,0.0,,,,,,,,,,,,,,,,,,,,,,,,,2025
695600,Carter Jensen,118,Kansas City Royals,,C,2026,453.0,401.0,88.0,24.0,1.0,16.0,46.0,1.0,133.0,1.0,5.0,0.0,162.0,55.0,3.0,.219,.298,.404,.702,.280,25.06,1873.0,62.0,123.0,69.0,60.0,18.0,6.0,0.0,3.0,9.0,0.0,12.0,0.0,0.0,0.0,33.0,13.0,1.0,.300,.391,.550,.941,.333,20.00,293.0,17.0,13.0,2025
660787,Yerry De los Santos,147,New York Yankees,,P,2026,,,,,,,,,,,,,,,,,,,,,,,,,0.0,0.0,0.0,0.0,0.0,0.0,0.0,0.0,0.0,0.0,0.0,0.0,0.0,0.0,0.0,.000,.000,.000,.000,.---,-.--,0.0,0.0,0.0,2025
668984,Casey Legumina,139,Tampa Bay Rays,,P,2026,,,,,,,,,,,,,,,,,,,,,,,,,0.0,0.0,0.0,0.0,0.0,0.0,0.0,0.0,0.0,0.0,0.0,0.0,0.0,0.0,0.0,.000,.000,.000,.000,.---,-.--,0.0,0.0,0.0,2025
695611,Gage Jump,133,Athletics,,P,2026,,,,,,,,,,,,,,,,,,,,,,,,,,,,,,,,,,,,,,,,,,,,,,,,,2025
650556,Bryan Abreu,117,Houston Astros,,P,2026,,,,,,,,,,,,,,,,,,,,,,,,,0.0,0.0,0.0,0.0,0.0,0.0,0.0,0.0,0.0,0.0,0.0,0.0,0.0,0.0,0.0,.000,.000,.000,.000,.---,-.--,0.0,0.0,0.0,2025
642376,Jefry Yan,121,New York Mets,,P,2026,,,,,,,,,,,,,,,,,,,,,,,,,,,,,,,,,,,,,,,,,,,,,,,,,2025
650559,Bryan De La Cruz,143,Philadelphia Phillies,,RF,2026,34.0,28.0,9.0,1.0,0.0,2.0,2.0,0.0,8.0,2.0,2.0,0.0,16.0,6.0,1.0,.321,.382,.571,.953,.350,14.00,120.0,5.0,8.0,50.0,47.0,9.0,1.0,0.0,0.0,3.0,0.0,18.0,0.0,0.0,0.0,10.0,0.0,1.0,.191,.240,.213,.453,.310,-.--,179.0,8.0,12.0,2025
669003,Garrett Mitchell,158,Milwaukee Brewers,,CF,2026,414.0,357.0,89.0,24.0,3.0,8.0,51.0,2.0,133.0,4.0,1.0,1.0,143.0,51.0,4.0,.249,.349,.401,.750,.373,44.62,1694.0,86.0,51.0,78.0,68.0,14.0,4.0,1.0,0.0,7.0,0.0,25.0,1.0,1.0,1.0,20.0,3.0,0.0,.206,.286,.294,.580,.318,-.--,303.0,17.0,14.0,2025
656716,Zach McKinstry,116,Detroit Tigers,,2B,2026,333.0,293.0,64.0,13.0,3.0,4.0,33.0,1.0,50.0,2.0,2.0,3.0,95.0,24.0,4.0,.218,.300,.324,.624,.249,73.25,1252.0,80.0,104.0,511.0,452.0,117.0,23.0,11.0,12.0,46.0,1.0,111.0,7.0,5.0,1.0,198.0,49.0,6.0,.259,.333,.438,.771,.314,37.67,2035.0,116.0,114.0,2025
681297,Colton Cowser,110,Baltimore Orioles,,CF,2026,289.0,248.0,53.0,4.0,0.0,10.0,37.0,0.0,87.0,1.0,2.0,1.0,87.0,31.0,2.0,.214,.316,.351,.667,.281,24.80,1248.0,50.0,61.0,360.0,327.0,64.0,14.0,0.0,16.0,27.0,1.0,128.0,6.0,0.0,0.0,126.0,40.0,5.0,.196,.269,.385,.654,.262,20.44,1486.0,71.0,64.0,2025
671056,Iván Herrera,138,St. Louis Cardinals,,DH,2026,539.0,457.0,114.0,23.0,1.0,13.0,54.0,4.0,94.0,25.0,3.0,0.0,178.0,51.0,17.0,.249,.358,.389,.747,.286,35.15,2123.0,142.0,110.0,452.0,388.0,110.0,13.0,0.0,19.0,43.0,1.0,84.0,15.0,4.0,0.0,180.0,66.0,20.0,.284,.373,.464,.837,.315,20.42,1809.0,115.0,83.0,2025
669016,Brandon Marsh,143,Philadelphia Phillies,,LF,2026,465.0,431.0,119.0,17.0,2.0,17.0,28.0,4.0,118.0,2.0,4.0,0.0,191.0,54.0,4.0,.276,.320,.443,.763,.340,25.35,1735.0,87.0,111.0,425.0,379.0,106.0,25.0,2.0,11.0,38.0,1.0,110.0,0.0,4.0,3.0,168.0,43.0,2.0,.280,.342,.443,.785,.363,34.46,1657.0,82.0,88.0,2025
660821,Jesús Sánchez,141,Toronto Blue Jays,,RF,2026,264.0,240.0,63.0,15.0,0.0,8.0,14.0,1.0,59.0,6.0,4.0,0.0,102.0,32.0,5.0,.263,.314,.425,.739,.311,30.00,987.0,59.0,63.0,497.0,451.0,107.0,21.0,4.0,14.0,42.0,1.0,110.0,2.0,2.0,0.0,178.0,48.0,10.0,.237,.304,.395,.699,.283,32.21,1936.0,121.0,115.0,2025
660825,Eduard Bazardo,136,Seattle Mariners,,P,2026,,,,,,,,,,,,,,,,,,,,,,,,,,,,,,,,,,,,,,,,,,,,,,,,,2025
701785,Kaelen Culpepper,142,Minnesota Twins,,SS,2026,21.0,17.0,3.0,0.0,0.0,1.0,1.0,0.0,8.0,2.0,1.0,0.0,6.0,2.0,1.0,.176,.286,.353,.639,.222,17.00,80.0,3.0,4.0,,,,,,,,,,,,,,,,,,,,,,,,,2025
802139,JJ Wetherholt,138,St. Louis Cardinals,,2B,2026,525.0,449.0,109.0,12.0,0.0,16.0,60.0,2.0,83.0,14.0,2.0,0.0,169.0,45.0,4.0,.243,.349,.376,.725,.264,28.06,2075.0,132.0,127.0,,,,,,,,,,,,,,,,,,,,,,,,,2025
683357,Owen Caissie,146,Miami Marlins,,RF,2026,278.0,247.0,56.0,12.0,0.0,13.0,21.0,0.0,107.0,3.0,7.0,0.0,107.0,52.0,3.0,.227,.288,.433,.721,.321,19.00,1138.0,34.0,57.0,27.0,26.0,5.0,1.0,0.0,1.0,1.0,0.0,11.0,0.0,0.0,0.0,9.0,4.0,0.0,.192,.222,.346,.568,.286,26.00,103.0,4.0,6.0,2025
669020,Ryan Rolison,112,Chicago Cubs,,P,2026,0.0,0.0,0.0,0.0,0.0,0.0,0.0,0.0,0.0,0.0,0.0,0.0,0.0,0.0,0.0,.000,.000,.000,.000,.---,-.--,0.0,0.0,0.0,,,,,,,,,,,,,,,,,,,,,,,,,2025
666974,Yennier Cano,110,Baltimore Orioles,,P,2026,,,,,,,,,,,,,,,,,,,,,,,,,0.0,0.0,0.0,0.0,0.0,0.0,0.0,0.0,0.0,0.0,0.0,0.0,0.0,0.0,0.0,.000,.000,.000,.000,.---,-.--,0.0,0.0,0.0,2025
669022,MacKenzie Gore,140,Texas Rangers,,P,2026,,,,,,,,,,,,,,,,,,,,,,,,,,,,,,,,,,,,,,,,,,,,,,,,,2025
656730,Trevor Megill,158,Milwaukee Brewers,,P,2026,0.0,0.0,0.0,0.0,0.0,0.0,0.0,0.0,0.0,0.0,0.0,0.0,0.0,0.0,0.0,.000,.000,.000,.000,.---,-.--,0.0,0.0,0.0,,,,,,,,,,,,,,,,,,,,,,,,,2025
683352,Mitch Bratt,109,Arizona Diamondbacks,,P,2026,,,,,,,,,,,,,,,,,,,,,,,,,,,,,,,,,,,,,,,,,,,,,,,,,2025
642397,Gregory Soto,134,Pittsburgh Pirates,,P,2026,,,,,,,,,,,,,,,,,,,,,,,,,,,,,,,,,,,,,,,,,,,,,,,,,2025
681320,Nate Lavender,121,New York Mets,,P,2026,,,,,,,,,,,,,,,,,,,,,,,,,,,,,,,,,,,,,,,,,,,,,,,,,2025
814439,Ryan Waldschmidt,109,Arizona Diamondbacks,,CF,2026,206.0,185.0,51.0,13.0,1.0,2.0,13.0,0.0,61.0,3.0,2.0,2.0,72.0,15.0,3.0,.276,.330,.389,.719,.395,92.50,809.0,28.0,49.0,,,,,,,,,,,,,,,,,,,,,,,,,2025
687462,Spencer Horwitz,134,Pittsburgh Pirates,,1B,2026,335.0,282.0,74.0,12.0,1.0,10.0,43.0,0.0,47.0,6.0,4.0,0.0,118.0,37.0,11.0,.262,.367,.418,.785,.279,28.20,1341.0,74.0,91.0,411.0,364.0,99.0,26.0,0.0,11.0,44.0,1.0,73.0,2.0,1.0,0.0,158.0,51.0,7.0,.272,.353,.434,.787,.313,33.09,1698.0,85.0,108.0,2025
695657,Colson Montgomery,145,Chicago White Sox,,SS,2026,487.0,435.0,91.0,18.0,0.0,26.0,40.0,3.0,160.0,10.0,2.0,0.0,187.0,68.0,6.0,.209,.290,.430,.720,.259,16.73,1820.0,66.0,120.0,284.0,255.0,61.0,9.0,1.0,21.0,25.0,1.0,83.0,2.0,1.0,0.0,135.0,55.0,3.0,.239,.311,.529,.840,.263,12.14,1082.0,50.0,62.0,2025
687473,Ryan Gusto,146,Miami Marlins,,P,2026,,,,,,,,,,,,,,,,,,,,,,,,,,,,,,,,,,,,,,,,,,,,,,,,,2025
671083,Buddy Kennedy,137,San Francisco Giants,,1B,2026,30.0,27.0,1.0,1.0,0.0,0.0,3.0,0.0,12.0,0.0,0.0,0.0,2.0,0.0,0.0,.037,.133,.074,.207,.067,-.--,140.0,4.0,10.0,32.0,29.0,2.0,1.0,0.0,0.0,2.0,0.0,8.0,1.0,0.0,0.0,3.0,1.0,0.0,.069,.156,.103,.259,.095,-.--,127.0,7.0,12.0,2025
701807,Carson Benge,121,New York Mets,,RF,2026,484.0,442.0,121.0,16.0,3.0,13.0,35.0,0.0,104.0,6.0,1.0,0.0,182.0,48.0,6.0,.274,.335,.412,.747,.331,34.00,1966.0,112.0,106.0,,,,,,,,,,,,,,,,,,,,,,,,,2025
660844,Leo Rivas,136,Seattle Mariners,,3B,2026,130.0,108.0,14.0,2.0,1.0,0.0,16.0,0.0,38.0,3.0,1.0,2.0,18.0,7.0,2.0,.130,.258,.167,.425,.197,-.--,570.0,24.0,35.0,111.0,90.0,22.0,2.0,0.0,2.0,20.0,0.0,24.0,1.0,0.0,0.0,30.0,9.0,1.0,.244,.387,.333,.720,.313,45.00,520.0,20.0,24.0,2025
656756,Jordan Montgomery,140,Texas Rangers,,P,2026,,,,,,,,,,,,,,,,,,,,,,,,,,,,,,,,,,,,,,,,,,,,,,,,,2025
671096,Andrew Abbott,113,Cincinnati Reds,,P,2026,,,,,,,,,,,,,,,,,,,,,,,,,,,,,,,,,,,,,,,,,,,,,,,,,2025
695670,Harry Ford,120,Washington Nationals,,C,2026,51.0,44.0,10.0,5.0,0.0,2.0,6.0,0.0,12.0,1.0,0.0,0.0,21.0,7.0,1.0,.227,.333,.477,.810,.267,22.00,217.0,12.0,10.0,8.0,6.0,1.0,0.0,0.0,0.0,0.0,0.0,3.0,1.0,1.0,0.0,1.0,1.0,0.0,.167,.250,.167,.417,.250,-.--,29.0,1.0,2.0,2025
660853,Enyel De Los Santos,117,Houston Astros,,P,2026,,,,,,,,,,,,,,,,,,,,,,,,,0.0,0.0,0.0,0.0,0.0,0.0,0.0,0.0,0.0,0.0,0.0,0.0,0.0,0.0,0.0,.000,.000,.000,.000,.---,-.--,0.0,0.0,0.0,2025
669062,Erik Miller,111,Boston Red Sox,,P,2026,,,,,,,,,,,,,,,,,,,,,,,,,,,,,,,,,,,,,,,,,,,,,,,,,2025
669060,Bryse Wilson,158,Milwaukee Brewers,,P,2026,,,,,,,,,,,,,,,,,,,,,,,,,0.0,0.0,0.0,0.0,0.0,0.0,0.0,0.0,0.0,0.0,0.0,0.0,0.0,0.0,0.0,.000,.000,.000,.000,.---,-.--,0.0,0.0,0.0,2025
691587,Eury Pérez,146,Miami Marlins,,P,2026,,,,,,,,,,,,,,,,,,,,,,,,,,,,,,,,,,,,,,,,,,,,,,,,,2025
664954,Brett Sullivan,115,Colorado Rockies,,C,2026,167.0,155.0,38.0,11.0,1.0,6.0,8.0,0.0,30.0,1.0,2.0,1.0,69.0,23.0,3.0,.245,.283,.445,.728,.264,25.83,587.0,34.0,56.0,9.0,6.0,1.0,0.0,0.0,0.0,1.0,0.0,3.0,1.0,1.0,0.0,1.0,2.0,0.0,.167,.333,.167,.500,.250,-.--,36.0,0.0,3.0,2025
671111,Sammy Peralta,108,Los Angeles Angels,,P,2026,,,,,,,,,,,,,,,,,,,,,,,,,,,,,,,,,,,,,,,,,,,,,,,,,2025
607625,Seth Lugo,118,Kansas City Royals,,P,2026,,,,,,,,,,,,,,,,,,,,,,,,,,,,,,,,,,,,,,,,,,,,,,,,,2025
691594,Javier Sanoja,146,Miami Marlins,,3B,2026,330.0,310.0,84.0,25.0,2.0,4.0,18.0,0.0,27.0,0.0,1.0,1.0,125.0,42.0,4.0,.271,.310,.403,.713,.286,77.50,1116.0,87.0,114.0,342.0,313.0,76.0,22.0,4.0,6.0,19.0,0.0,41.0,2.0,4.0,4.0,124.0,38.0,2.0,.243,.287,.396,.683,.259,52.17,1218.0,97.0,107.0,2025
656775,Cedric Mullins,139,Tampa Bay Rays,,CF,2026,400.0,350.0,73.0,9.0,2.0,13.0,32.0,0.0,80.0,7.0,3.0,5.0,125.0,37.0,3.0,.209,.286,.357,.643,.231,26.92,1571.0,58.0,147.0,498.0,435.0,94.0,23.0,1.0,17.0,50.0,0.0,120.0,4.0,6.0,3.0,170.0,59.0,2.0,.216,.299,.391,.690,.253,25.59,2112.0,79.0,151.0,2025
595345,Steven Okert,117,Houston Astros,,P,2026,,,,,,,,,,,,,,,,,,,,,,,,,,,,,,,,,,,,,,,,,,,,,,,,,2025
689546,Nick Davila,136,Seattle Mariners,,P,2026,,,,,,,,,,,,,,,,,,,,,,,,,,,,,,,,,,,,,,,,,,,,,,,,,2025
693645,Cam Schlittler,147,New York Yankees,,P,2026,,,,,,,,,,,,,,,,,,,,,,,,,,,,,,,,,,,,,,,,,,,,,,,,,2025
656786,Parker Mushinski,115,Colorado Rockies,,P,2026,,,,,,,,,,,,,,,,,,,,,,,,,,,,,,,,,,,,,,,,,,,,,,,,,2025
544150,Albert Suárez,110,Baltimore Orioles,,P,2026,,,,,,,,,,,,,,,,,,,,,,,,,,,,,,,,,,,,,,,,,,,,,,,,,2025
656794,Sean Newcomb,145,Chicago White Sox,,P,2026,,,,,,,,,,,,,,,,,,,,,,,,,,,,,,,,,,,,,,,,,,,,,,,,,2025
664983,Jake McCarthy,115,Colorado Rockies,,LF,2026,417.0,385.0,114.0,25.0,7.0,13.0,19.0,0.0,70.0,4.0,4.0,4.0,192.0,67.0,6.0,.296,.333,.499,.832,.330,29.62,1359.0,108.0,101.0,222.0,206.0,42.0,7.0,5.0,4.0,10.0,0.0,40.0,2.0,1.0,3.0,71.0,20.0,2.0,.204,.247,.345,.592,.233,51.50,846.0,83.0,45.0,2025
650644,Aaron Civale,112,Chicago Cubs,,P,2026,0.0,0.0,0.0,0.0,0.0,0.0,0.0,0.0,0.0,0.0,0.0,0.0,0.0,0.0,0.0,.000,.000,.000,.000,.---,-.--,0.0,0.0,0.0,,,,,,,,,,,,,,,,,,,,,,,,,2025
701852,Drew Cavanaugh,137,San Francisco Giants,,C,2026,82.0,68.0,17.0,1.0,0.0,0.0,12.0,0.0,19.0,0.0,0.0,2.0,18.0,5.0,2.0,.250,.363,.265,.628,.347,-.--,309.0,17.0,17.0,,,,,,,,,,,,,,,,,,,,,,,,,2025
669084,DL Hall,158,Milwaukee Brewers,,P,2026,0.0,0.0,0.0,0.0,0.0,0.0,0.0,0.0,0.0,0.0,0.0,0.0,0.0,0.0,0.0,.000,.000,.000,.000,.---,-.--,0.0,0.0,0.0,,,,,,,,,,,,,,,,,,,,,,,,,2025
664991,Grant Wolfram,110,Baltimore Orioles,,P,2026,,,,,,,,,,,,,,,,,,,,,,,,,,,,,,,,,,,,,,,,,,,,,,,,,2025
695720,Tommy White,133,Athletics,,3B,2026,93.0,91.0,23.0,2.0,0.0,0.0,2.0,0.0,15.0,0.0,0.0,0.0,25.0,1.0,2.0,.253,.269,.275,.544,.303,-.--,309.0,30.0,23.0,,,,,,,,,,,,,,,,,,,,,,,,,2025
476594,Robert Stock,121,New York Mets,,P,2026,,,,,,,,,,,,,,,,,,,,,,,,,,,,,,,,,,,,,,,,,,,,,,,,,2025
804267,Zac Thornton,121,New York Mets,,P,2026,,,,,,,,,,,,,,,,,,,,,,,,,,,,,,,,,,,,,,,,,,,,,,,,,2025
695731,Braden Montgomery,145,Chicago White Sox,,RF,2026,222.0,194.0,46.0,10.0,3.0,4.0,24.0,0.0,49.0,3.0,1.0,0.0,74.0,27.0,4.0,.237,.329,.381,.710,.296,48.50,838.0,63.0,37.0,,,,,,,,,,,,,,,,,,,,,,,,,2025
681393,Connor Norby,115,Colorado Rockies,,1B,2026,244.0,207.0,41.0,12.0,0.0,4.0,28.0,0.0,73.0,8.0,1.0,0.0,65.0,16.0,5.0,.198,.316,.314,.630,.282,51.75,937.0,37.0,57.0,337.0,311.0,78.0,17.0,1.0,8.0,18.0,0.0,90.0,5.0,3.0,0.0,121.0,34.0,3.0,.251,.300,.389,.689,.324,38.88,1245.0,68.0,78.0,2025
693686,Spencer Miles,141,Toronto Blue Jays,,P,2026,,,,,,,,,,,,,,,,,,,,,,,,,,,,,,,,,,,,,,,,,,,,,,,,,2025
554430,Zack Wheeler,143,Philadelphia Phillies,,P,2026,,,,,,,,,,,,,,,,,,,,,,,,,,,,,,,,,,,,,,,,,,,,,,,,,2025
665019,Kody Clemens,142,Minnesota Twins,,1B,2026,433.0,396.0,90.0,20.0,5.0,20.0,27.0,1.0,100.0,6.0,2.0,2.0,180.0,56.0,8.0,.227,.285,.455,.740,.252,19.80,1696.0,91.0,119.0,386.0,348.0,74.0,12.0,4.0,19.0,29.0,1.0,93.0,5.0,2.0,2.0,151.0,52.0,4.0,.213,.281,.434,.715,.231,18.32,1529.0,73.0,112.0,2025
695734,Daylen Lile,120,Washington Nationals,,LF,2026,504.0,466.0,116.0,23.0,5.0,15.0,28.0,1.0,94.0,6.0,4.0,0.0,194.0,65.0,6.0,.249,.298,.416,.714,.280,31.07,1803.0,100.0,160.0,351.0,321.0,96.0,15.0,11.0,9.0,21.0,0.0,56.0,4.0,3.0,1.0,160.0,41.0,5.0,.299,.347,.498,.845,.336,35.67,1306.0,73.0,100.0,2025
687562,Jake Bennett,111,Boston Red Sox,,P,2026,,,,,,,,,,,,,,,,,,,,,,,,,,,,,,,,,,,,,,,,,,,,,,,,,2025
687551,Drew Gilbert,137,San Francisco Giants,,CF,2026,288.0,251.0,59.0,10.0,3.0,5.0,27.0,2.0,47.0,6.0,2.0,2.0,90.0,25.0,5.0,.235,.322,.359,.681,.269,50.20,1101.0,72.0,77.0,109.0,100.0,19.0,5.0,1.0,3.0,7.0,0.0,20.0,1.0,1.0,0.0,35.0,13.0,2.0,.190,.248,.350,.598,.205,33.33,416.0,34.0,28.0,2025
640448,Kyle Finnegan,116,Detroit Tigers,,P,2026,,,,,,,,,,,,,,,,,,,,,,,,,,,,,,,,,,,,,,,,,,,,,,,,,2025
640455,Sean Manaea,121,New York Mets,,P,2026,,,,,,,,,,,,,,,,,,,,,,,,,,,,,,,,,,,,,,,,,,,,,,,,,2025
656849,David Peterson,112,Chicago Cubs,,P,2026,,,,,,,,,,,,,,,,,,,,,,,,,,,,,,,,,,,,,,,,,,,,,,,,,2025
687570,Connor Prielipp,142,Minnesota Twins,,P,2026,,,,,,,,,,,,,,,,,,,,,,,,,,,,,,,,,,,,,,,,,,,,,,,,,2025
656848,Michael Petersen,146,Miami Marlins,,P,2026,,,,,,,,,,,,,,,,,,,,,,,,,,,,,,,,,,,,,,,,,,,,,,,,,2025
640459,Brian Navarreto,146,Miami Marlins,,C,2026,23.0,18.0,2.0,1.0,0.0,0.0,1.0,0.0,7.0,2.0,0.0,2.0,3.0,0.0,0.0,.111,.238,.167,.405,.182,-.--,81.0,5.0,6.0,15.0,14.0,4.0,2.0,0.0,1.0,0.0,0.0,3.0,0.0,1.0,0.0,9.0,5.0,0.0,.286,.267,.643,.910,.273,14.00,42.0,5.0,3.0,2025
806367,Turner Hill,137,San Francisco Giants,,CF,2026,,,,,,,,,,,,,,,,,,,,,,,,,,,,,,,,,,,,,,,,,,,,,,,,,2025
665052,Griffin Conine,146,Miami Marlins,,RF,2026,180.0,157.0,43.0,6.0,0.0,13.0,21.0,0.0,55.0,2.0,0.0,0.0,88.0,27.0,1.0,.274,.367,.561,.928,.337,12.08,683.0,31.0,28.0,86.0,79.0,20.0,7.0,0.0,2.0,7.0,0.0,25.0,0.0,0.0,0.0,33.0,8.0,0.0,.253,.314,.418,.732,.346,39.50,338.0,21.0,13.0,2025
521692,Salvador Perez,118,Kansas City Royals,,DH,2026,473.0,436.0,94.0,17.0,1.0,16.0,18.0,2.0,94.0,12.0,7.0,0.0,161.0,52.0,16.0,.216,.262,.369,.631,.234,27.25,1751.0,113.0,142.0,641.0,597.0,141.0,35.0,0.0,30.0,28.0,5.0,125.0,12.0,1.0,0.0,266.0,100.0,14.0,.236,.284,.446,.730,.251,19.90,2267.0,145.0,187.0,2025
673237,Yainer Diaz,117,Houston Astros,,C,2026,238.0,226.0,57.0,9.0,0.0,8.0,9.0,0.0,37.0,1.0,2.0,0.0,90.0,28.0,6.0,.252,.282,.398,.680,.268,28.25,767.0,84.0,50.0,567.0,542.0,139.0,25.0,1.0,20.0,20.0,2.0,95.0,2.0,3.0,0.0,226.0,70.0,13.0,.256,.284,.417,.701,.277,27.10,1871.0,162.0,149.0,2025
669160,Dustin May,158,Milwaukee Brewers,,P,2026,,,,,,,,,,,,,,,,,,,,,,,,,,,,,,,,,,,,,,,,,,,,,,,,,2025
642528,Jonathan Loáisiga,109,Arizona Diamondbacks,,P,2026,0.0,0.0,0.0,0.0,0.0,0.0,0.0,0.0,0.0,0.0,0.0,0.0,0.0,0.0,0.0,.000,.000,.000,.000,.---,-.--,0.0,0.0,0.0,,,,,,,,,,,,,,,,,,,,,,,,,2025
687597,Jordan Beck,115,Colorado Rockies,,LF,2026,107.0,100.0,20.0,7.0,2.0,1.0,6.0,0.0,28.0,0.0,1.0,0.0,34.0,10.0,4.0,.200,.243,.340,.583,.264,100.00,405.0,24.0,29.0,588.0,539.0,139.0,27.0,5.0,16.0,43.0,0.0,174.0,4.0,1.0,0.0,224.0,53.0,9.0,.258,.317,.416,.733,.351,33.69,2336.0,108.0,119.0,2025
656876,Drew Rasmussen,139,Tampa Bay Rays,,P,2026,,,,,,,,,,,,,,,,,,,,,,,,,,,,,,,,,,,,,,,,,,,,,,,,,2025
642546,Jonathan Hernández,119,Los Angeles Dodgers,,P,2026,,,,,,,,,,,,,,,,,,,,,,,,,,,,,,,,,,,,,,,,,,,,,,,,,2025
687605,Andrew Pinckney,120,Washington Nationals,,LF,2026,10.0,8.0,2.0,0.0,0.0,1.0,1.0,0.0,2.0,0.0,1.0,0.0,5.0,2.0,0.0,.250,.300,.625,.925,.167,8.00,39.0,3.0,2.0,,,,,,,,,,,,,,,,,,,,,,,,,2025
671218,Heliot Ramos,147,New York Yankees,,LF,2026,339.0,316.0,78.0,15.0,3.0,9.0,19.0,2.0,92.0,3.0,1.0,0.0,126.0,34.0,5.0,.247,.295,.399,.694,.319,35.11,1320.0,86.0,61.0,695.0,620.0,159.0,24.0,1.0,21.0,52.0,2.0,158.0,17.0,6.0,0.0,248.0,69.0,16.0,.256,.328,.400,.728,.309,29.52,2653.0,147.0,162.0,2025
642547,Freddy Peralta,139,Tampa Bay Rays,,P,2026,,,,,,,,,,,,,,,,,,,,,,,,,,,,,,,,,,,,,,,,,,,,,,,,,2025
624133,Ranger Suarez,111,Boston Red Sox,,P,2026,,,,,,,,,,,,,,,,,,,,,,,,,,,,,,,,,,,,,,,,,,,,,,,,,2025
691723,Coby Mayo,110,Baltimore Orioles,,3B,2026,311.0,285.0,60.0,11.0,3.0,15.0,22.0,0.0,102.0,3.0,1.0,0.0,122.0,45.0,4.0,.211,.273,.428,.701,.266,19.00,1262.0,48.0,76.0,294.0,263.0,57.0,12.0,0.0,11.0,27.0,0.0,84.0,4.0,0.0,0.0,102.0,28.0,2.0,.217,.299,.388,.687,.274,23.91,1132.0,49.0,73.0,2025
691718,Pete Crow-Armstrong,112,Chicago Cubs,,CF,2026,546.0,466.0,130.0,24.0,7.0,27.0,65.0,4.0,148.0,11.0,3.0,1.0,249.0,73.0,2.0,.279,.378,.534,.912,.350,17.26,2177.0,68.0,124.0,647.0,591.0,146.0,37.0,4.0,31.0,29.0,1.0,155.0,9.0,12.0,6.0,284.0,95.0,1.0,.247,.287,.481,.768,.276,19.06,2312.0,116.0,192.0,2025
622088,Tejay Antone,113,Cincinnati Reds,,P,2026,,,,,,,,,,,,,,,,,,,,,,,,,,,,,,,,,,,,,,,,,,,,,,,,,2025
691725,Andrew Painter,143,Philadelphia Phillies,,P,2026,,,,,,,,,,,,,,,,,,,,,,,,,,,,,,,,,,,,,,,,,,,,,,,,,2025
687637,Dylan Beavers,110,Baltimore Orioles,,RF,2026,225.0,199.0,49.0,12.0,0.0,3.0,22.0,0.0,57.0,2.0,1.0,1.0,70.0,24.0,2.0,.246,.326,.352,.678,.329,66.33,953.0,40.0,55.0,137.0,110.0,25.0,5.0,1.0,4.0,26.0,0.0,36.0,0.0,0.0,1.0,44.0,14.0,0.0,.227,.375,.400,.775,.300,27.50,615.0,14.0,36.0,2025
669199,Lake Bachar,134,Pittsburgh Pirates,,P,2026,,,,,,,,,,,,,,,,,,,,,,,,,,,,,,,,,,,,,,,,,,,,,,,,,2025
691728,Zac Veen,115,Colorado Rockies,,LF,2026,7.0,6.0,2.0,0.0,0.0,2.0,1.0,0.0,2.0,0.0,0.0,0.0,8.0,4.0,0.0,.333,.429,1.333,1.762,.000,3.00,28.0,0.0,2.0,37.0,34.0,4.0,1.0,0.0,1.0,2.0,0.0,14.0,1.0,0.0,0.0,8.0,2.0,0.0,.118,.189,.235,.424,.158,34.00,140.0,7.0,9.0,2025
572955,Pierce Johnson,113,Cincinnati Reds,,P,2026,,,,,,,,,,,,,,,,,,,,,,,,,,,,,,,,,,,,,,,,,,,,,,,,,2025
548384,Brooks Raley,143,Philadelphia Phillies,,P,2026,,,,,,,,,,,,,,,,,,,,,,,,,,,,,,,,,,,,,,,,,,,,,,,,,2025
669221,Sean Murphy,144,Atlanta Braves,,C,2026,28.0,28.0,4.0,1.0,0.0,0.0,0.0,0.0,13.0,0.0,0.0,0.0,5.0,0.0,1.0,.143,.143,.179,.322,.267,-.--,88.0,7.0,4.0,337.0,291.0,58.0,13.0,0.0,16.0,35.0,1.0,105.0,8.0,3.0,0.0,119.0,45.0,9.0,.199,.300,.409,.709,.243,18.19,1357.0,75.0,56.0,2025
669224,Austin Wells,147,New York Yankees,,C,2026,276.0,241.0,43.0,6.0,0.0,8.0,31.0,2.0,71.0,2.0,1.0,1.0,73.0,17.0,8.0,.178,.276,.303,.579,.215,30.12,1102.0,51.0,78.0,448.0,401.0,88.0,22.0,1.0,21.0,30.0,0.0,118.0,5.0,11.0,0.0,175.0,71.0,10.0,.219,.275,.436,.711,.245,19.10,1794.0,75.0,131.0,2025
681517,Kyle Leahy,138,St. Louis Cardinals,,P,2026,,,,,,,,,,,,,,,,,,,,,,,,,,,,,,,,,,,,,,,,,,,,,,,,,2025
671277,Luis García Jr.,147,New York Yankees,,1B,2026,411.0,392.0,109.0,23.0,5.0,24.0,18.0,0.0,65.0,0.0,1.0,0.0,214.0,78.0,6.0,.278,.309,.546,.855,.280,16.33,1484.0,118.0,101.0,526.0,488.0,123.0,28.0,1.0,16.0,27.0,1.0,84.0,2.0,9.0,0.0,201.0,66.0,7.0,.252,.289,.412,.701,.270,30.50,1838.0,158.0,132.0,2025
656941,Kyle Schwarber,143,Philadelphia Phillies,,DH,2026,521.0,432.0,108.0,14.0,1.0,37.0,79.0,5.0,177.0,6.0,3.0,0.0,235.0,72.0,1.0,.250,.371,.544,.915,.321,11.68,2196.0,57.0,93.0,724.0,604.0,145.0,23.0,2.0,56.0,108.0,6.0,197.0,11.0,1.0,0.0,340.0,132.0,4.0,.240,.365,.563,.928,.253,10.79,3059.0,114.0,149.0,2025
656945,Tanner Scott,119,Los Angeles Dodgers,,P,2026,,,,,,,,,,,,,,,,,,,,,,,,,0.0,0.0,0.0,0.0,0.0,0.0,0.0,0.0,0.0,0.0,0.0,0.0,0.0,0.0,0.0,.000,.000,.000,.000,.---,-.--,0.0,0.0,0.0,2025
669236,Jeremiah Jackson,110,Baltimore Orioles,,2B,2026,242.0,228.0,53.0,10.0,0.0,7.0,8.0,1.0,47.0,2.0,3.0,1.0,84.0,39.0,11.0,.232,.261,.368,.629,.260,32.57,832.0,76.0,56.0,183.0,170.0,47.0,10.0,2.0,5.0,11.0,0.0,50.0,2.0,0.0,0.0,76.0,21.0,6.0,.276,.328,.447,.775,.365,34.00,706.0,39.0,34.0,2025
669242,Tommy Edman,119,Los Angeles Dodgers,,2B,2026,174.0,156.0,43.0,6.0,2.0,4.0,11.0,0.0,36.0,5.0,0.0,2.0,65.0,23.0,2.0,.276,.343,.417,.760,.336,39.00,626.0,43.0,36.0,377.0,346.0,78.0,13.0,1.0,13.0,19.0,0.0,61.0,6.0,5.0,1.0,132.0,49.0,4.0,.225,.274,.382,.656,.235,26.62,1338.0,110.0,103.0,2025
691769,Philip Abner,109,Arizona Diamondbacks,,P,2026,,,,,,,,,,,,,,,,,,,,,,,,,,,,,,,,,,,,,,,,,,,,,,,,,2025
800311,Didier Fuentes,144,Atlanta Braves,,P,2026,0.0,0.0,0.0,0.0,0.0,0.0,0.0,0.0,0.0,0.0,0.0,0.0,0.0,0.0,0.0,.000,.000,.000,.000,.---,-.--,0.0,0.0,0.0,,,,,,,,,,,,,,,,,,,,,,,,,2025
693821,Bryce Elder,144,Atlanta Braves,,P,2026,,,,,,,,,,,,,,,,,,,,,,,,,,,,,,,,,,,,,,,,,,,,,,,,,2025
665152,Dean Kremer,142,Minnesota Twins,,P,2026,,,,,,,,,,,,,,,,,,,,,,,,,,,,,,,,,,,,,,,,,,,,,,,,,2025
691781,Brady House,120,Washington Nationals,,3B,2026,237.0,219.0,53.0,10.0,0.0,8.0,15.0,0.0,68.0,2.0,1.0,0.0,87.0,28.0,5.0,.242,.295,.397,.692,.313,27.38,877.0,60.0,39.0,274.0,261.0,61.0,11.0,0.0,4.0,8.0,0.0,78.0,0.0,5.0,0.0,84.0,29.0,11.0,.234,.252,.322,.574,.310,65.25,969.0,66.0,61.0,2025
691777,Max Muncy,133,Athletics,,3B,2026,200.0,179.0,38.0,8.0,2.0,5.0,14.0,0.0,68.0,4.0,3.0,0.0,65.0,21.0,4.0,.212,.280,.363,.643,.303,35.80,792.0,33.0,43.0,220.0,206.0,44.0,7.0,0.0,9.0,10.0,0.0,68.0,3.0,1.0,0.0,78.0,23.0,1.0,.214,.259,.379,.638,.269,22.89,824.0,51.0,44.0,2025
702021,Will Dion,120,Washington Nationals,,P,2026,,,,,,,,,,,,,,,,,,,,,,,,,,,,,,,,,,,,,,,,,,,,,,,,,2025
800325,Luis Lara,158,Milwaukee Brewers,,RF,2026,89.0,77.0,18.0,6.0,1.0,0.0,11.0,0.0,18.0,0.0,1.0,0.0,26.0,11.0,0.0,.234,.326,.338,.664,.300,-.--,419.0,23.0,19.0,,,,,,,,,,,,,,,,,,,,,,,,,2025
691788,Joe Mack,146,Miami Marlins,,C,2026,238.0,216.0,50.0,7.0,0.0,11.0,16.0,0.0,60.0,2.0,0.0,4.0,90.0,35.0,6.0,.231,.291,.417,.708,.269,19.64,939.0,66.0,44.0,,,,,,,,,,,,,,,,,,,,,,,,,2025
665161,Jeremy Peña,117,Houston Astros,,SS,2026,327.0,298.0,86.0,13.0,1.0,13.0,21.0,0.0,67.0,6.0,2.0,0.0,140.0,39.0,3.0,.289,.346,.470,.816,.332,22.92,1205.0,75.0,72.0,543.0,493.0,150.0,30.0,2.0,17.0,35.0,2.0,93.0,12.0,2.0,1.0,235.0,62.0,9.0,.304,.363,.477,.840,.345,29.00,1779.0,137.0,116.0,2025
673357,Luis Robert Jr.,121,New York Mets,,CF,2026,171.0,153.0,33.0,3.0,0.0,6.0,17.0,0.0,42.0,0.0,1.0,0.0,54.0,17.0,4.0,.216,.292,.353,.645,.255,25.50,663.0,38.0,41.0,431.0,382.0,85.0,12.0,0.0,14.0,40.0,3.0,112.0,2.0,3.0,1.0,139.0,53.0,8.0,.223,.297,.364,.661,.274,27.29,1524.0,83.0,106.0,2025
691799,Grant Taylor,145,Chicago White Sox,,P,2026,,,,,,,,,,,,,,,,,,,,,,,,,,,,,,,,,,,,,,,,,,,,,,,,,2025
656986,Bennett Sousa,117,Houston Astros,,P,2026,,,,,,,,,,,,,,,,,,,,,,,,,0.0,0.0,0.0,0.0,0.0,0.0,0.0,0.0,0.0,0.0,0.0,0.0,0.0,0.0,0.0,.000,.000,.000,.000,.---,-.--,0.0,0.0,0.0,2025
669276,Dylan Lee,144,Atlanta Braves,,P,2026,,,,,,,,,,,,,,,,,,,,,,,,,,,,,,,,,,,,,,,,,,,,,,,,,2025
693855,Ian Seymour,139,Tampa Bay Rays,,P,2026,,,,,,,,,,,,,,,,,,,,,,,,,,,,,,,,,,,,,,,,,,,,,,,,,2025
683618,Edgardo Henriquez,119,Los Angeles Dodgers,,P,2026,0.0,0.0,0.0,0.0,0.0,0.0,0.0,0.0,0.0,0.0,0.0,0.0,0.0,0.0,0.0,.000,.000,.000,.000,.---,-.--,0.0,0.0,0.0,,,,,,,,,,,,,,,,,,,,,,,,,2025
673380,Dedniel Núñez,121,New York Mets,,P,2026,,,,,,,,,,,,,,,,,,,,,,,,,,,,,,,,,,,,,,,,,,,,,,,,,2025
679529,Spencer Torkelson,116,Detroit Tigers,,1B,2026,480.0,418.0,97.0,21.0,0.0,20.0,52.0,0.0,146.0,5.0,4.0,0.0,178.0,63.0,10.0,.232,.322,.426,.748,.301,20.90,2015.0,64.0,115.0,649.0,563.0,135.0,27.0,1.0,31.0,72.0,6.0,169.0,9.0,5.0,0.0,257.0,78.0,12.0,.240,.333,.456,.789,.283,18.16,2634.0,88.0,176.0,2025
837227,Tatsuya Imai,117,Houston Astros,,P,2026,,,,,,,,,,,,,,,,,,,,,,,,,,,,,,,,,,,,,,,,,,,,,,,,,2025
669302,Logan Gilbert,136,Seattle Mariners,,P,2026,,,,,,,,,,,,,,,,,,,,,,,,,,,,,,,,,,,,,,,,,,,,,,,,,2025
671345,Jason Foley,137,San Francisco Giants,,P,2026,,,,,,,,,,,,,,,,,,,,,,,,,,,,,,,,,,,,,,,,,,,,,,,,,2025
802415,Chandler Simpson,139,Tampa Bay Rays,,LF,2026,455.0,421.0,129.0,12.0,6.0,0.0,21.0,0.0,40.0,0.0,6.0,7.0,153.0,25.0,4.0,.306,.335,.363,.698,.333,-.--,1495.0,159.0,106.0,441.0,414.0,122.0,15.0,3.0,0.0,20.0,0.0,43.0,0.0,2.0,3.0,143.0,26.0,10.0,.295,.326,.345,.671,.327,-.--,1517.0,176.0,78.0,2025
702070,Noah Cameron,118,Kansas City Royals,,P,2026,,,,,,,,,,,,,,,,,,,,,,,,,,,,,,,,,,,,,,,,,,,,,,,,,2025
820862,José Fermin,108,Los Angeles Angels,,P,2026,,,,,,,,,,,,,,,,,,,,,,,,,,,,,,,,,,,,,,,,,,,,,,,,,2025
669330,Tyler Wells,139,Tampa Bay Rays,,P,2026,,,,,,,,,,,,,,,,,,,,,,,,,,,,,,,,,,,,,,,,,,,,,,,,,2025
657041,Lane Thomas,144,Atlanta Braves,,CF,2026,341.0,296.0,68.0,17.0,0.0,11.0,41.0,0.0,83.0,2.0,2.0,0.0,118.0,39.0,4.0,.230,.326,.399,.725,.279,26.91,1401.0,58.0,89.0,142.0,125.0,20.0,2.0,0.0,4.0,14.0,0.0,44.0,1.0,2.0,0.0,34.0,11.0,4.0,.160,.246,.272,.518,.203,31.25,556.0,22.0,41.0,2025
642708,Amed Rosario,147,New York Yankees,,3B,2026,199.0,184.0,42.0,5.0,1.0,10.0,12.0,0.0,52.0,0.0,3.0,0.0,79.0,28.0,1.0,.228,.271,.429,.700,.256,18.40,743.0,45.0,48.0,191.0,181.0,50.0,11.0,0.0,6.0,7.0,0.0,31.0,2.0,1.0,0.0,79.0,23.0,6.0,.276,.309,.436,.745,.303,30.17,646.0,53.0,48.0,2025
681624,Andy Pages,119,Los Angeles Dodgers,,CF,2026,525.0,471.0,128.0,24.0,2.0,20.0,43.0,1.0,104.0,6.0,5.0,0.0,216.0,77.0,11.0,.272,.337,.459,.796,.307,23.55,2130.0,101.0,143.0,624.0,581.0,158.0,27.0,1.0,27.0,29.0,0.0,135.0,8.0,6.0,0.0,268.0,86.0,9.0,.272,.313,.461,.774,.308,21.52,2365.0,117.0,177.0,2025
650911,Cristopher Sánchez,143,Philadelphia Phillies,,P,2026,,,,,,,,,,,,,,,,,,,,,,,,,,,,,,,,,,,,,,,,,,,,,,,,,2025
642715,Willy Adames,137,San Francisco Giants,,SS,2026,485.0,446.0,100.0,25.0,1.0,19.0,36.0,0.0,133.0,2.0,1.0,0.0,184.0,48.0,3.0,.224,.285,.413,.698,.275,23.47,1903.0,83.0,131.0,686.0,591.0,133.0,22.0,2.0,30.0,80.0,2.0,179.0,5.0,9.0,0.0,249.0,87.0,9.0,.225,.318,.421,.739,.263,19.70,2797.0,105.0,183.0,2025
667297,Tommy Nance,142,Minnesota Twins,,P,2026,,,,,,,,,,,,,,,,,,,,,,,,,,,,,,,,,,,,,,,,,,,,,,,,,2025
669360,Trei Cruz,116,Detroit Tigers,,CF,2026,5.0,5.0,0.0,0.0,0.0,0.0,0.0,0.0,3.0,0.0,0.0,0.0,0.0,0.0,0.0,.000,.000,.000,.000,.000,-.--,21.0,1.0,1.0,,,,,,,,,,,,,,,,,,,,,,,,,2025
669358,Shane Baz,110,Baltimore Orioles,,P,2026,,,,,,,,,,,,,,,,,,,,,,,,,,,,,,,,,,,,,,,,,,,,,,,,,2025
669364,Xavier Edwards,146,Miami Marlins,,2B,2026,514.0,447.0,126.0,16.0,6.0,6.0,59.0,4.0,69.0,0.0,6.0,2.0,172.0,46.0,12.0,.282,.361,.385,.746,.317,74.50,1979.0,126.0,134.0,619.0,561.0,159.0,20.0,5.0,3.0,49.0,2.0,88.0,3.0,3.0,3.0,198.0,43.0,6.0,.283,.343,.353,.696,.330,187.00,2250.0,164.0,156.0,2025
675512,Troy Melton,116,Detroit Tigers,,P,2026,,,,,,,,,,,,,,,,,,,,,,,,,,,,,,,,,,,,,,,,,,,,,,,,,2025
669373,Tarik Skubal,119,Los Angeles Dodgers,,P,2026,,,,,,,,,,,,,,,,,,,,,,,,,,,,,,,,,,,,,,,,,,,,,,,,,2025
622268,Donovan Walton,133,Athletics,,2B,2026,154.0,134.0,37.0,10.0,1.0,3.0,15.0,0.0,27.0,3.0,0.0,2.0,58.0,16.0,5.0,.276,.362,.433,.795,.327,44.67,591.0,36.0,36.0,9.0,8.0,1.0,0.0,0.0,0.0,0.0,0.0,1.0,0.0,0.0,1.0,1.0,1.0,0.0,.125,.125,.125,.250,.143,-.--,27.0,6.0,1.0,2025
669372,J.T. Ginn,133,Athletics,,P,2026,0.0,0.0,0.0,0.0,0.0,0.0,0.0,0.0,0.0,0.0,0.0,0.0,0.0,0.0,0.0,.000,.000,.000,.000,.---,-.--,0.0,0.0,0.0,,,,,,,,,,,,,,,,,,,,,,,,,2025
552640,Andrew Kittredge,110,Baltimore Orioles,,P,2026,,,,,,,,,,,,,,,,,,,,,,,,,0.0,0.0,0.0,0.0,0.0,0.0,0.0,0.0,0.0,0.0,0.0,0.0,0.0,0.0,0.0,.000,.000,.000,.000,.---,-.--,0.0,0.0,0.0,2025
573124,Taylor Rogers,142,Minnesota Twins,,P,2026,,,,,,,,,,,,,,,,,,,,,,,,,,,,,,,,,,,,,,,,,,,,,,,,,2025
657097,Jacob Webb,112,Chicago Cubs,,P,2026,0.0,0.0,0.0,0.0,0.0,0.0,0.0,0.0,0.0,0.0,0.0,0.0,0.0,0.0,0.0,.000,.000,.000,.000,.---,-.--,0.0,0.0,0.0,,,,,,,,,,,,,,,,,,,,,,,,,2025
669387,Carmen Mlodzinski,134,Pittsburgh Pirates,,P,2026,,,,,,,,,,,,,,,,,,,,,,,,,,,,,,,,,,,,,,,,,,,,,,,,,2025
650960,Daniel Duarte,121,New York Mets,,P,2026,,,,,,,,,,,,,,,,,,,,,,,,,,,,,,,,,,,,,,,,,,,,,,,,,2025
669394,Jake Burger,140,Texas Rangers,,1B,2026,468.0,428.0,100.0,17.0,0.0,20.0,35.0,0.0,125.0,3.0,2.0,0.0,177.0,71.0,5.0,.234,.295,.414,.709,.281,21.40,1721.0,98.0,107.0,376.0,356.0,84.0,15.0,1.0,16.0,12.0,0.0,93.0,5.0,3.0,0.0,149.0,53.0,3.0,.236,.269,.419,.688,.272,22.25,1324.0,73.0,109.0,2025
673490,Ha-Seong Kim,144,Atlanta Braves,,SS,2026,84.0,75.0,5.0,0.0,0.0,0.0,9.0,0.0,23.0,0.0,0.0,0.0,5.0,3.0,1.0,.067,.167,.067,.234,.096,-.--,363.0,20.0,27.0,191.0,171.0,40.0,4.0,0.0,5.0,16.0,0.0,39.0,2.0,2.0,0.0,59.0,17.0,2.0,.234,.304,.345,.649,.271,34.20,790.0,37.0,57.0,2025
677588,José Tena,120,Washington Nationals,,DH,2026,239.0,215.0,51.0,11.0,2.0,6.0,21.0,0.0,71.0,3.0,0.0,0.0,84.0,21.0,6.0,.237,.314,.391,.705,.326,35.83,964.0,56.0,37.0,169.0,152.0,37.0,13.0,2.0,0.0,15.0,0.0,37.0,1.0,1.0,0.0,54.0,16.0,4.0,.243,.314,.355,.669,.319,-.--,678.0,54.0,25.0,2025
669397,Nick Allen,117,Houston Astros,,SS,2026,123.0,110.0,28.0,4.0,0.0,1.0,7.0,0.0,24.0,1.0,3.0,2.0,35.0,12.0,2.0,.255,.298,.318,.616,.307,110.00,435.0,27.0,36.0,416.0,371.0,82.0,11.0,0.0,0.0,31.0,0.0,99.0,3.0,3.0,8.0,93.0,22.0,8.0,.221,.284,.251,.535,.298,-.--,1582.0,100.0,101.0,2025
677592,Everson Pereira,138,St. Louis Cardinals,,RF,2026,96.0,86.0,20.0,5.0,0.0,5.0,6.0,0.0,32.0,3.0,1.0,0.0,40.0,12.0,2.0,.233,.302,.465,.767,.300,17.20,347.0,20.0,15.0,73.0,65.0,9.0,1.0,0.0,2.0,7.0,0.0,28.0,0.0,1.0,0.0,16.0,8.0,2.0,.138,.219,.246,.465,.194,32.50,307.0,14.0,15.0,2025
683734,Andrew Vaughn,158,Milwaukee Brewers,,1B,2026,252.0,216.0,64.0,16.0,2.0,5.0,29.0,1.0,38.0,5.0,2.0,0.0,99.0,34.0,5.0,.296,.389,.458,.847,.337,43.20,1018.0,57.0,59.0,447.0,406.0,103.0,22.0,0.0,14.0,31.0,0.0,80.0,3.0,6.0,1.0,167.0,65.0,12.0,.254,.307,.411,.718,.280,29.00,1722.0,110.0,120.0,2025
683737,Michael Busch,112,Chicago Cubs,,1B,2026,548.0,464.0,114.0,20.0,2.0,14.0,69.0,1.0,121.0,11.0,4.0,0.0,180.0,63.0,9.0,.246,.354,.388,.742,.300,33.14,2175.0,107.0,126.0,592.0,524.0,137.0,25.0,5.0,34.0,56.0,2.0,139.0,10.0,2.0,0.0,274.0,90.0,2.0,.261,.343,.523,.866,.292,15.41,2324.0,111.0,139.0,2025
650968,Yohel Pozo,110,Baltimore Orioles,,C,2026,45.0,44.0,11.0,1.0,0.0,1.0,0.0,0.0,6.0,0.0,1.0,0.0,15.0,7.0,5.0,.250,.244,.341,.585,.263,44.00,152.0,15.0,13.0,168.0,160.0,37.0,8.0,0.0,5.0,7.0,0.0,22.0,0.0,1.0,0.0,60.0,19.0,4.0,.231,.262,.375,.637,.239,32.00,591.0,45.0,57.0,2025
683748,Victor Mesa Jr.,139,Tampa Bay Rays,,RF,2026,177.0,158.0,34.0,3.0,2.0,10.0,16.0,0.0,40.0,0.0,1.0,2.0,71.0,22.0,2.0,.215,.286,.449,.735,.220,15.80,652.0,30.0,57.0,38.0,32.0,6.0,2.0,0.0,1.0,5.0,0.0,5.0,0.0,0.0,1.0,11.0,6.0,0.0,.188,.297,.344,.641,.192,32.00,141.0,8.0,14.0,2025
677594,Julio Rodríguez,136,Seattle Mariners,,CF,2026,484.0,436.0,112.0,17.0,0.0,19.0,40.0,2.0,101.0,5.0,3.0,0.0,186.0,52.0,8.0,.257,.324,.427,.751,.292,22.95,1813.0,95.0,131.0,710.0,652.0,174.0,31.0,4.0,32.0,44.0,5.0,152.0,12.0,2.0,0.0,309.0,95.0,15.0,.267,.324,.474,.798,.302,20.38,2496.0,174.0,154.0,2025
702176,Alan Roden,142,Minnesota Twins,,RF,2026,65.0,55.0,13.0,3.0,0.0,0.0,8.0,0.0,9.0,0.0,2.0,0.0,16.0,10.0,1.0,.236,.323,.291,.614,.271,-.--,238.0,17.0,18.0,153.0,136.0,26.0,6.0,1.0,2.0,8.0,0.0,37.0,6.0,3.0,0.0,40.0,9.0,0.0,.191,.261,.294,.555,.240,68.00,551.0,49.0,27.0,2025
628452,Raisel Iglesias,144,Atlanta Braves,,P,2026,0.0,0.0,0.0,0.0,0.0,0.0,0.0,0.0,0.0,0.0,0.0,0.0,0.0,0.0,0.0,.000,.000,.000,.000,.---,-.--,0.0,0.0,0.0,,,,,,,,,,,,,,,,,,,,,,,,,2025
691946,George Klassen,108,Los Angeles Angels,,P,2026,,,,,,,,,,,,,,,,,,,,,,,,,,,,,,,,,,,,,,,,,,,,,,,,,2025
702193,Andrew Morris,142,Minnesota Twins,,P,2026,,,,,,,,,,,,,,,,,,,,,,,,,,,,,,,,,,,,,,,,,,,,,,,,,2025
657136,Connor Wong,111,Boston Red Sox,,C,2026,188.0,162.0,39.0,10.0,0.0,3.0,16.0,0.0,46.0,5.0,1.0,4.0,58.0,19.0,6.0,.241,.326,.358,.684,.316,54.00,728.0,45.0,37.0,188.0,168.0,32.0,8.0,0.0,0.0,16.0,0.0,42.0,1.0,2.0,1.0,40.0,7.0,7.0,.190,.262,.238,.500,.250,-.--,745.0,53.0,44.0,2025
687859,Troy Johnston,115,Colorado Rockies,,RF,2026,368.0,326.0,92.0,25.0,1.0,3.0,31.0,0.0,63.0,5.0,5.0,1.0,128.0,44.0,4.0,.282,.349,.393,.742,.336,108.67,1320.0,83.0,94.0,121.0,112.0,31.0,2.0,1.0,4.0,8.0,0.0,26.0,1.0,0.0,0.0,47.0,13.0,1.0,.277,.331,.420,.751,.329,28.00,450.0,24.0,31.0,2025
669432,Trevor Rogers,110,Baltimore Orioles,,P,2026,,,,,,,,,,,,,,,,,,,,,,,,,2.0,2.0,0.0,0.0,0.0,0.0,0.0,0.0,2.0,0.0,0.0,0.0,0.0,0.0,0.0,.000,.000,.000,.000,.---,-.--,6.0,0.0,0.0,2025
683766,Christian Koss,137,San Francisco Giants,,3B,2026,76.0,73.0,14.0,3.0,0.0,0.0,2.0,0.0,16.0,1.0,0.0,0.0,17.0,2.0,2.0,.192,.224,.233,.457,.246,-.--,245.0,19.0,24.0,191.0,174.0,46.0,9.0,0.0,3.0,9.0,0.0,45.0,3.0,2.0,3.0,64.0,23.0,4.0,.264,.309,.368,.677,.336,58.00,644.0,52.0,36.0,2025
681715,Heriberto Hernández,146,Miami Marlins,,LF,2026,328.0,296.0,67.0,13.0,1.0,17.0,30.0,1.0,92.0,1.0,1.0,0.0,133.0,46.0,2.0,.226,.299,.449,.748,.266,17.41,1276.0,65.0,73.0,294.0,256.0,68.0,12.0,1.0,10.0,31.0,0.0,77.0,3.0,4.0,0.0,112.0,45.0,6.0,.266,.347,.438,.785,.335,25.60,1138.0,52.0,63.0,2025
696062,Wilber Dotel,134,Pittsburgh Pirates,,P,2026,,,,,,,,,,,,,,,,,,,,,,,,,,,,,,,,,,,,,,,,,,,,,,,,,2025
673548,Seiya Suzuki,112,Chicago Cubs,,RF,2026,460.0,399.0,109.0,22.0,0.0,21.0,54.0,4.0,115.0,4.0,3.0,0.0,194.0,73.0,9.0,.273,.363,.486,.849,.331,19.00,1985.0,73.0,105.0,651.0,571.0,140.0,31.0,3.0,32.0,71.0,1.0,164.0,1.0,8.0,0.0,273.0,103.0,13.0,.245,.326,.478,.804,.282,17.84,2727.0,98.0,177.0,2025
702222,Justin Crawford,143,Philadelphia Phillies,,CF,2026,362.0,333.0,88.0,15.0,4.0,2.0,21.0,0.0,67.0,3.0,2.0,3.0,117.0,30.0,3.0,.264,.312,.351,.663,.323,166.50,1323.0,110.0,73.0,,,,,,,,,,,,,,,,,,,,,,,,,2025
673540,Kodai Senga,121,New York Mets,,P,2026,,,,,,,,,,,,,,,,,,,,,,,,,,,,,,,,,,,,,,,,,,,,,,,,,2025
669456,Shane Bieber,141,Toronto Blue Jays,,P,2026,,,,,,,,,,,,,,,,,,,,,,,,,,,,,,,,,,,,,,,,,,,,,,,,,2025
573204,Caleb Thielbar,112,Chicago Cubs,,P,2026,0.0,0.0,0.0,0.0,0.0,0.0,0.0,0.0,0.0,0.0,0.0,0.0,0.0,0.0,0.0,.000,.000,.000,.000,.---,-.--,0.0,0.0,0.0,,,,,,,,,,,,,,,,,,,,,,,,,2025
669461,Matthew Liberatore,138,St. Louis Cardinals,,P,2026,,,,,,,,,,,,,,,,,,,,,,,,,,,,,,,,,,,,,,,,,,,,,,,,,2025
677649,Ezequiel Duran,140,Texas Rangers,,SS,2026,435.0,395.0,106.0,23.0,3.0,13.0,31.0,0.0,102.0,3.0,5.0,1.0,174.0,64.0,5.0,.268,.323,.441,.764,.326,30.38,1711.0,101.0,92.0,219.0,205.0,46.0,14.0,0.0,0.0,8.0,0.0,55.0,4.0,1.0,1.0,60.0,14.0,3.0,.224,.266,.293,.559,.305,-.--,807.0,42.0,64.0,2025
669467,Andre Pallante,138,St. Louis Cardinals,,P,2026,,,,,,,,,,,,,,,,,,,,,,,,,0.0,0.0,0.0,0.0,0.0,0.0,0.0,0.0,0.0,0.0,0.0,0.0,0.0,0.0,0.0,.000,.000,.000,.000,.---,-.--,0.0,0.0,0.0,2025
663330,Jahmai Jones,111,Boston Red Sox,,DH,2026,128.0,116.0,23.0,6.0,0.0,4.0,12.0,0.0,42.0,0.0,0.0,0.0,41.0,12.0,3.0,.198,.273,.353,.626,.271,29.00,477.0,23.0,28.0,150.0,129.0,37.0,11.0,1.0,7.0,18.0,1.0,32.0,3.0,0.0,0.0,71.0,23.0,3.0,.287,.387,.550,.937,.333,18.43,595.0,21.0,39.0,2025
642851,Austin Wynns,140,Texas Rangers,,C,2026,84.0,79.0,11.0,0.0,0.0,1.0,4.0,0.0,23.0,0.0,0.0,1.0,14.0,1.0,0.0,.139,.181,.177,.358,.182,79.00,316.0,19.0,27.0,110.0,103.0,30.0,8.0,0.0,6.0,5.0,0.0,32.0,0.0,1.0,1.0,56.0,21.0,3.0,.291,.321,.544,.865,.364,17.17,443.0,24.0,19.0,2025
624413,Pete Alonso,110,Baltimore Orioles,,1B,2026,529.0,457.0,119.0,22.0,0.0,26.0,61.0,3.0,129.0,7.0,4.0,0.0,219.0,77.0,12.0,.260,.353,.479,.832,.304,17.58,2186.0,99.0,114.0,709.0,624.0,170.0,41.0,1.0,38.0,61.0,5.0,162.0,15.0,9.0,0.0,327.0,126.0,23.0,.272,.347,.524,.871,.305,16.42,2807.0,135.0,166.0,2025
696100,Hunter Goodman,115,Colorado Rockies,,C,2026,460.0,414.0,104.0,16.0,1.0,34.0,39.0,3.0,152.0,4.0,3.0,0.0,224.0,69.0,7.0,.251,.320,.541,.861,.303,12.18,1730.0,63.0,98.0,579.0,540.0,150.0,28.0,5.0,31.0,33.0,0.0,152.0,4.0,2.0,0.0,281.0,91.0,16.0,.278,.323,.520,.843,.331,17.42,2149.0,100.0,140.0,2025
687911,Bryan King,117,Houston Astros,,P,2026,,,,,,,,,,,,,,,,,,,,,,,,,,,,,,,,,,,,,,,,,,,,,,,,,2025
624428,Adam Frazier,108,Los Angeles Angels,,2B,2026,107.0,95.0,21.0,5.0,1.0,1.0,9.0,0.0,31.0,1.0,0.0,2.0,31.0,8.0,1.0,.221,.295,.326,.621,.317,95.00,427.0,26.0,19.0,459.0,419.0,112.0,20.0,0.0,7.0,26.0,2.0,81.0,8.0,5.0,1.0,153.0,44.0,8.0,.267,.319,.365,.684,.313,59.86,1841.0,104.0,128.0,2025
624424,Michael Conforto,112,Chicago Cubs,,DH,2026,212.0,183.0,42.0,12.0,0.0,9.0,25.0,2.0,63.0,1.0,3.0,0.0,81.0,27.0,4.0,.230,.321,.443,.764,.289,20.33,849.0,34.0,47.0,486.0,418.0,83.0,20.0,0.0,12.0,56.0,0.0,121.0,9.0,3.0,0.0,139.0,36.0,12.0,.199,.305,.333,.638,.247,34.83,2049.0,103.0,114.0,2025
624431,Jose Trevino,113,Cincinnati Reds,,C,2026,96.0,93.0,22.0,3.0,0.0,4.0,1.0,0.0,20.0,0.0,0.0,2.0,37.0,12.0,1.0,.237,.245,.398,.643,.261,23.25,319.0,30.0,23.0,302.0,282.0,67.0,20.0,0.0,4.0,15.0,0.0,39.0,0.0,4.0,1.0,99.0,22.0,9.0,.238,.272,.351,.623,.259,70.50,1063.0,95.0,86.0,2025
687931,Carson Whisenhunt,137,San Francisco Giants,,P,2026,,,,,,,,,,,,,,,,,,,,,,,,,,,,,,,,,,,,,,,,,,,,,,,,,2025
804668,Rafael Flores Jr.,134,Pittsburgh Pirates,,C,2026,40.0,34.0,10.0,1.0,0.0,4.0,6.0,0.0,9.0,0.0,0.0,0.0,23.0,10.0,0.0,.294,.400,.676,1.076,.286,8.50,161.0,7.0,8.0,17.0,15.0,3.0,2.0,0.0,0.0,2.0,0.0,7.0,0.0,0.0,0.0,5.0,0.0,0.0,.200,.294,.333,.627,.375,-.--,74.0,4.0,1.0,2025
667452,Corey Julks,116,Detroit Tigers,,RF,2026,2.0,2.0,0.0,0.0,0.0,0.0,0.0,0.0,0.0,0.0,0.0,0.0,0.0,0.0,0.0,.000,.000,.000,.000,.000,-.--,8.0,0.0,2.0,13.0,12.0,3.0,2.0,0.0,0.0,0.0,0.0,3.0,0.0,1.0,0.0,5.0,1.0,0.0,.250,.231,.417,.648,.300,-.--,50.0,1.0,6.0,2025
663362,Matt Waldron,141,Toronto Blue Jays,,P,2026,,,,,,,,,,,,,,,,,,,,,,,,,,,,,,,,,,,,,,,,,,,,,,,,,2025
696131,Mason Black,118,Kansas City Royals,,P,2026,,,,,,,,,,,,,,,,,,,,,,,,,,,,,,,,,,,,,,,,,,,,,,,,,2025
687941,Alec Gamboa,111,Boston Red Sox,,P,2026,,,,,,,,,,,,,,,,,,,,,,,,,,,,,,,,,,,,,,,,,,,,,,,,,2025
667463,John King,146,Miami Marlins,,P,2026,,,,,,,,,,,,,,,,,,,,,,,,,,,,,,,,,,,,,,,,,,,,,,,,,2025
663372,Ryan Feltner,115,Colorado Rockies,,P,2026,,,,,,,,,,,,,,,,,,,,,,,,,,,,,,,,,,,,,,,,,,,,,,,,,2025
702284,Cole Young,136,Seattle Mariners,,2B,2026,492.0,449.0,116.0,15.0,3.0,14.0,31.0,0.0,81.0,8.0,3.0,1.0,179.0,52.0,6.0,.258,.316,.399,.715,.286,32.07,1861.0,113.0,143.0,257.0,223.0,47.0,7.0,1.0,4.0,28.0,1.0,47.0,2.0,2.0,2.0,68.0,24.0,4.0,.211,.302,.305,.607,.247,55.75,1034.0,52.0,81.0,2025
675660,Shane Drohan,158,Milwaukee Brewers,,P,2026,,,,,,,,,,,,,,,,,,,,,,,,,,,,,,,,,,,,,,,,,,,,,,,,,2025
573262,Mike Yastrzemski,144,Atlanta Braves,,LF,2026,308.0,272.0,63.0,16.0,1.0,9.0,30.0,0.0,74.0,4.0,2.0,0.0,108.0,34.0,2.0,.232,.315,.397,.712,.283,30.22,1296.0,57.0,80.0,558.0,477.0,111.0,28.0,1.0,17.0,72.0,4.0,108.0,2.0,5.0,2.0,192.0,46.0,7.0,.233,.333,.403,.736,.263,28.06,2305.0,95.0,170.0,2025
687952,Christian Encarnacion-Strand,110,Baltimore Orioles,,3B,2026,73.0,66.0,17.0,3.0,0.0,4.0,4.0,1.0,16.0,1.0,1.0,1.0,32.0,14.0,3.0,.258,.306,.485,.791,.277,16.50,260.0,14.0,21.0,137.0,130.0,27.0,4.0,0.0,6.0,3.0,0.0,32.0,2.0,2.0,0.0,49.0,19.0,1.0,.208,.234,.377,.611,.223,21.67,469.0,32.0,41.0,2025
700241,Michael McGreevy,138,St. Louis Cardinals,,P,2026,,,,,,,,,,,,,,,,,,,,,,,,,,,,,,,,,,,,,,,,,,,,,,,,,2025
667472,Dane Myers,113,Cincinnati Reds,,CF,2026,220.0,188.0,47.0,8.0,0.0,3.0,27.0,0.0,58.0,3.0,2.0,0.0,64.0,18.0,4.0,.250,.350,.340,.690,.341,62.67,886.0,31.0,54.0,333.0,307.0,72.0,10.0,0.0,6.0,23.0,0.0,77.0,2.0,1.0,0.0,100.0,31.0,12.0,.235,.291,.326,.617,.293,51.17,1241.0,78.0,81.0,2025
696146,Hagen Smith,145,Chicago White Sox,,P,2026,,,,,,,,,,,,,,,,,,,,,,,,,,,,,,,,,,,,,,,,,,,,,,,,,2025
696149,Bubba Chandler,134,Pittsburgh Pirates,,P,2026,,,,,,,,,,,,,,,,,,,,,,,,,,,,,,,,,,,,,,,,,,,,,,,,,2025
800600,Jackson Kent,120,Washington Nationals,,P,2026,,,,,,,,,,,,,,,,,,,,,,,,,,,,,,,,,,,,,,,,,,,,,,,,,2025
700250,Ben Rice,147,New York Yankees,,DH,2026,500.0,434.0,110.0,20.0,3.0,32.0,61.0,4.0,125.0,3.0,2.0,0.0,232.0,76.0,11.0,.253,.348,.535,.883,.280,13.56,2011.0,103.0,98.0,530.0,467.0,119.0,28.0,4.0,26.0,50.0,0.0,100.0,9.0,2.0,0.0,233.0,65.0,18.0,.255,.337,.499,.836,.271,17.96,2047.0,115.0,135.0,2025
657265,Peter Strzelecki,138,St. Louis Cardinals,,P,2026,,,,,,,,,,,,,,,,,,,,,,,,,,,,,,,,,,,,,,,,,,,,,,,,,2025
657277,Logan Webb,137,San Francisco Giants,,P,2026,,,,,,,,,,,,,,,,,,,,,,,,,,,,,,,,,,,,,,,,,,,,,,,,,2025
702332,Caleb Durbin,111,Boston Red Sox,,3B,2026,435.0,386.0,97.0,22.0,1.0,12.0,32.0,0.0,60.0,9.0,3.0,5.0,157.0,60.0,6.0,.251,.321,.407,.728,.268,32.17,1605.0,125.0,112.0,506.0,445.0,114.0,25.0,0.0,11.0,30.0,0.0,50.0,24.0,4.0,3.0,172.0,53.0,10.0,.256,.334,.387,.721,.265,40.46,1838.0,134.0,154.0,2025
663423,Trent Thornton,112,Chicago Cubs,,P,2026,,,,,,,,,,,,,,,,,,,,,,,,,0.0,0.0,0.0,0.0,0.0,0.0,0.0,0.0,0.0,0.0,0.0,0.0,0.0,0.0,0.0,.000,.000,.000,.000,.---,-.--,0.0,0.0,0.0,2025
663432,Tanner Rainey,116,Detroit Tigers,,P,2026,,,,,,,,,,,,,,,,,,,,,,,,,,,,,,,,,,,,,,,,,,,,,,,,,2025
640902,Jhonny Pereda,136,Seattle Mariners,,C,2026,75.0,70.0,18.0,0.0,0.0,2.0,4.0,0.0,13.0,1.0,0.0,0.0,24.0,4.0,1.0,.257,.307,.343,.650,.291,35.00,311.0,17.0,22.0,78.0,69.0,17.0,6.0,0.0,0.0,8.0,0.0,21.0,0.0,0.0,1.0,23.0,4.0,1.0,.246,.325,.333,.658,.354,-.--,333.0,18.0,14.0,2025
661388,William Contreras,158,Milwaukee Brewers,,C,2026,489.0,435.0,111.0,17.0,1.0,11.0,45.0,4.0,69.0,4.0,5.0,0.0,163.0,59.0,13.0,.255,.327,.375,.702,.278,39.54,1734.0,118.0,142.0,659.0,566.0,147.0,28.0,0.0,17.0,84.0,4.0,120.0,3.0,6.0,0.0,226.0,76.0,14.0,.260,.355,.399,.754,.299,33.29,2556.0,172.0,133.0,2025
679822,Justin Foscue,140,Texas Rangers,,2B,2026,163.0,148.0,37.0,7.0,1.0,7.0,12.0,0.0,43.0,2.0,1.0,0.0,67.0,21.0,3.0,.250,.313,.453,.766,.303,21.14,638.0,26.0,43.0,9.0,9.0,1.0,1.0,0.0,0.0,0.0,0.0,3.0,0.0,0.0,0.0,2.0,2.0,0.0,.111,.111,.222,.333,.167,-.--,42.0,1.0,4.0,2025
622491,Luis Castillo,145,Chicago White Sox,,P,2026,,,,,,,,,,,,,,,,,,,,,,,,,,,,,,,,,,,,,,,,,,,,,,,,,2025
665489,Vladimir Guerrero Jr.,141,Toronto Blue Jays,,1B,2026,486.0,430.0,113.0,19.0,0.0,7.0,47.0,5.0,65.0,4.0,5.0,0.0,153.0,46.0,17.0,.263,.337,.356,.693,.292,61.43,1738.0,131.0,126.0,680.0,589.0,172.0,34.0,0.0,23.0,81.0,8.0,94.0,6.0,4.0,0.0,275.0,84.0,17.0,.292,.381,.467,.848,.313,25.61,2502.0,179.0,148.0,2025
661395,Jhoan Duran,143,Philadelphia Phillies,,P,2026,0.0,0.0,0.0,0.0,0.0,0.0,0.0,0.0,0.0,0.0,0.0,0.0,0.0,0.0,0.0,.000,.000,.000,.000,.---,-.--,0.0,0.0,0.0,0.0,0.0,0.0,0.0,0.0,0.0,0.0,0.0,0.0,0.0,0.0,0.0,0.0,0.0,0.0,.000,.000,.000,.000,.---,-.--,0.0,0.0,0.0,2025
620443,Luis Torrens,121,New York Mets,,C,2026,222.0,200.0,47.0,12.0,0.0,5.0,16.0,0.0,43.0,4.0,0.0,2.0,74.0,28.0,1.0,.235,.305,.370,.675,.276,40.00,862.0,67.0,45.0,283.0,261.0,59.0,14.0,1.0,5.0,19.0,0.0,56.0,2.0,0.0,1.0,90.0,29.0,7.0,.226,.284,.345,.629,.270,52.20,1069.0,89.0,58.0,2025
663457,Lars Nootbaar,109,Arizona Diamondbacks,,LF,2026,217.0,185.0,41.0,9.0,1.0,3.0,31.0,2.0,45.0,0.0,1.0,0.0,61.0,17.0,5.0,.222,.332,.330,.662,.275,61.67,892.0,55.0,45.0,583.0,509.0,119.0,24.0,1.0,13.0,64.0,3.0,119.0,6.0,3.0,1.0,184.0,48.0,4.0,.234,.325,.361,.686,.279,39.15,2359.0,109.0,166.0,2025
665506,Cristian Pache,121,New York Mets,,OF,2026,6.0,6.0,0.0,0.0,0.0,0.0,0.0,0.0,4.0,0.0,0.0,0.0,0.0,0.0,0.0,.000,.000,.000,.000,.000,-.--,29.0,1.0,1.0,,,,,,,,,,,,,,,,,,,,,,,,,2025
681892,Kody Funderburk,142,Minnesota Twins,,P,2026,,,,,,,,,,,,,,,,,,,,,,,,,0.0,0.0,0.0,0.0,0.0,0.0,0.0,0.0,0.0,0.0,0.0,0.0,0.0,0.0,0.0,.000,.000,.000,.000,.---,-.--,0.0,0.0,0.0,2025
679845,Nick Loftin,118,Kansas City Royals,,3B,2026,301.0,258.0,62.0,20.0,1.0,5.0,29.0,0.0,45.0,6.0,4.0,4.0,99.0,35.0,6.0,.240,.327,.384,.711,.269,51.60,1110.0,74.0,85.0,188.0,168.0,35.0,9.0,2.0,4.0,14.0,0.0,27.0,3.0,2.0,1.0,60.0,20.0,7.0,.208,.278,.357,.635,.223,42.00,676.0,48.0,61.0,2025
677800,Wilyer Abreu,111,Boston Red Sox,,RF,2026,517.0,452.0,115.0,25.0,3.0,21.0,54.0,3.0,104.0,2.0,7.0,1.0,209.0,64.0,8.0,.254,.332,.462,.794,.281,21.52,2040.0,82.0,159.0,417.0,373.0,92.0,17.0,0.0,22.0,40.0,5.0,101.0,0.0,3.0,1.0,175.0,69.0,8.0,.247,.317,.469,.786,.277,16.96,1600.0,63.0,121.0,2025
694192,Jackson Chourio,158,Milwaukee Brewers,,LF,2026,402.0,365.0,100.0,20.0,0.0,17.0,34.0,5.0,98.0,2.0,1.0,0.0,171.0,49.0,6.0,.274,.338,.468,.806,.331,21.47,1564.0,84.0,84.0,589.0,549.0,148.0,35.0,4.0,21.0,30.0,1.0,121.0,3.0,6.0,1.0,254.0,78.0,13.0,.270,.308,.463,.771,.308,26.14,2108.0,129.0,158.0,2025
595879,Javier Báez,116,Detroit Tigers,,CF,2026,129.0,123.0,35.0,7.0,0.0,2.0,4.0,0.0,24.0,1.0,1.0,0.0,48.0,14.0,3.0,.285,.310,.390,.700,.337,61.50,429.0,34.0,31.0,437.0,417.0,107.0,17.0,3.0,12.0,10.0,0.0,109.0,6.0,3.0,0.0,166.0,57.0,8.0,.257,.282,.398,.680,.318,34.75,1543.0,99.0,105.0,2025
669620,Brady Basso,133,Athletics,,P,2026,,,,,,,,,,,,,,,,,,,,,,,,,,,,,,,,,,,,,,,,,,,,,,,,,2025
681911,Alex Vesia,119,Los Angeles Dodgers,,P,2026,0.0,0.0,0.0,0.0,0.0,0.0,0.0,0.0,0.0,0.0,0.0,0.0,0.0,0.0,0.0,.000,.000,.000,.000,.---,-.--,0.0,0.0,0.0,,,,,,,,,,,,,,,,,,,,,,,,,2025
681916,Dylan Smith,137,San Francisco Giants,,P,2026,0.0,0.0,0.0,0.0,0.0,0.0,0.0,0.0,0.0,0.0,0.0,0.0,0.0,0.0,0.0,.000,.000,.000,.000,.---,-.--,0.0,0.0,0.0,,,,,,,,,,,,,,,,,,,,,,,,,2025
694203,Denzer Guzman,108,Los Angeles Angels,,3B,2026,179.0,166.0,40.0,5.0,0.0,5.0,10.0,0.0,43.0,1.0,0.0,1.0,60.0,18.0,2.0,.241,.288,.361,.649,.297,33.20,644.0,41.0,43.0,43.0,42.0,8.0,1.0,0.0,2.0,1.0,0.0,22.0,0.0,0.0,0.0,15.0,3.0,0.0,.190,.209,.357,.566,.333,21.00,176.0,4.0,8.0,2025
694208,Moisés Ballesteros,108,Los Angeles Angels,,C,2026,218.0,196.0,42.0,6.0,0.0,6.0,20.0,0.0,45.0,0.0,2.0,0.0,66.0,23.0,1.0,.214,.284,.337,.621,.245,32.67,824.0,55.0,56.0,66.0,57.0,17.0,2.0,1.0,2.0,9.0,1.0,12.0,0.0,0.0,0.0,27.0,11.0,2.0,.298,.394,.474,.868,.349,28.50,249.0,21.0,7.0,2025
696270,Ryan Johnson,108,Los Angeles Angels,,P,2026,,,,,,,,,,,,,,,,,,,,,,,,,,,,,,,,,,,,,,,,,,,,,,,,,2025
663494,Bryan Torres,138,St. Louis Cardinals,,LF,2026,117.0,106.0,24.0,1.0,2.0,4.0,9.0,0.0,25.0,0.0,1.0,1.0,41.0,14.0,0.0,.226,.284,.387,.671,.256,26.50,480.0,30.0,29.0,,,,,,,,,,,,,,,,,,,,,,,,,2025
593871,Jorge Polanco,121,New York Mets,,DH,2026,134.0,124.0,17.0,5.0,0.0,2.0,9.0,0.0,33.0,0.0,0.0,1.0,28.0,5.0,2.0,.137,.195,.226,.421,.169,62.00,525.0,32.0,43.0,524.0,471.0,125.0,30.0,0.0,26.0,42.0,1.0,82.0,3.0,5.0,3.0,233.0,78.0,7.0,.265,.326,.495,.821,.269,18.12,2023.0,114.0,158.0,2025
655316,Andruw Monasterio,111,Boston Red Sox,,SS,2026,265.0,237.0,64.0,21.0,1.0,6.0,22.0,0.0,54.0,2.0,3.0,1.0,105.0,33.0,3.0,.270,.333,.443,.776,.322,39.50,1133.0,42.0,81.0,135.0,126.0,34.0,9.0,0.0,4.0,7.0,0.0,32.0,2.0,0.0,0.0,55.0,16.0,1.0,.270,.319,.437,.756,.333,31.50,558.0,19.0,41.0,2025
489446,Kirby Yates,134,Pittsburgh Pirates,,P,2026,,,,,,,,,,,,,,,,,,,,,,,,,,,,,,,,,,,,,,,,,,,,,,,,,2025
696285,Jacob Young,120,Washington Nationals,,CF,2026,368.0,331.0,82.0,16.0,3.0,10.0,25.0,0.0,61.0,7.0,2.0,3.0,134.0,43.0,6.0,.248,.312,.405,.717,.275,33.10,1359.0,88.0,105.0,364.0,324.0,75.0,10.0,1.0,2.0,27.0,0.0,65.0,3.0,1.0,9.0,93.0,31.0,7.0,.231,.296,.287,.583,.283,162.00,1367.0,115.0,79.0,2025
622554,Seranthony Domínguez,136,Seattle Mariners,,P,2026,,,,,,,,,,,,,,,,,,,,,,,,,0.0,0.0,0.0,0.0,0.0,0.0,0.0,0.0,0.0,0.0,0.0,0.0,0.0,0.0,0.0,.000,.000,.000,.000,.---,-.--,0.0,0.0,0.0,2025
684007,Shota Imanaga,112,Chicago Cubs,,P,2026,,,,,,,,,,,,,,,,,,,,,,,,,,,,,,,,,,,,,,,,,,,,,,,,,2025
677865,Justin Bruihl,138,St. Louis Cardinals,,P,2026,,,,,,,,,,,,,,,,,,,,,,,,,,,,,,,,,,,,,,,,,,,,,,,,,2025
688107,Robert Gasser,158,Milwaukee Brewers,,P,2026,,,,,,,,,,,,,,,,,,,,,,,,,,,,,,,,,,,,,,,,,,,,,,,,,2025
694249,Cole Carrigg,115,Colorado Rockies,,CF,2026,209.0,178.0,52.0,14.0,3.0,5.0,23.0,2.0,42.0,3.0,4.0,1.0,87.0,30.0,3.0,.292,.375,.489,.864,.348,35.60,805.0,34.0,55.0,,,,,,,,,,,,,,,,,,,,,,,,,2025
677870,Leo Jiménez,146,Miami Marlins,,3B,2026,163.0,142.0,29.0,4.0,0.0,2.0,13.0,0.0,32.0,7.0,1.0,0.0,39.0,14.0,6.0,.204,.301,.275,.576,.248,71.00,658.0,48.0,34.0,32.0,29.0,2.0,0.0,0.0,1.0,2.0,0.0,8.0,0.0,0.0,1.0,5.0,1.0,1.0,.069,.129,.172,.301,.050,29.00,143.0,10.0,10.0,2025
606192,Teoscar Hernández,119,Los Angeles Dodgers,,LF,2026,338.0,305.0,76.0,13.0,0.0,11.0,28.0,1.0,91.0,2.0,3.0,0.0,122.0,42.0,12.0,.249,.314,.400,.714,.316,27.73,1354.0,63.0,78.0,546.0,511.0,126.0,29.0,1.0,25.0,26.0,0.0,134.0,3.0,5.0,0.0,232.0,89.0,13.0,.247,.284,.454,.738,.283,20.44,2139.0,136.0,120.0,2025
663538,Nico Hoerner,112,Chicago Cubs,,2B,2026,529.0,478.0,125.0,26.0,1.0,7.0,39.0,0.0,46.0,6.0,6.0,0.0,174.0,56.0,10.0,.262,.321,.364,.685,.274,68.29,1882.0,141.0,172.0,649.0,599.0,178.0,29.0,4.0,7.0,39.0,1.0,49.0,7.0,4.0,0.0,236.0,61.0,4.0,.297,.345,.394,.739,.313,85.57,2305.0,179.0,197.0,2025
671732,Lawrence Butler,133,Athletics,,RF,2026,368.0,324.0,67.0,13.0,1.0,10.0,41.0,1.0,94.0,1.0,1.0,1.0,112.0,34.0,5.0,.207,.297,.346,.643,.258,32.40,1505.0,96.0,69.0,630.0,569.0,133.0,30.0,2.0,21.0,59.0,0.0,179.0,0.0,0.0,2.0,230.0,63.0,7.0,.234,.306,.404,.710,.304,27.10,2517.0,137.0,122.0,2025
663542,Bryan Hudson,145,Chicago White Sox,,P,2026,,,,,,,,,,,,,,,,,,,,,,,,,,,,,,,,,,,,,,,,,,,,,,,,,2025
671737,Taj Bradley,142,Minnesota Twins,,P,2026,,,,,,,,,,,,,,,,,,,,,,,,,,,,,,,,,,,,,,,,,,,,,,,,,2025
681982,Grant Anderson,158,Milwaukee Brewers,,P,2026,,,,,,,,,,,,,,,,,,,,,,,,,,,,,,,,,,,,,,,,,,,,,,,,,2025
671739,Michael Harris II,144,Atlanta Braves,,CF,2026,464.0,441.0,128.0,25.0,1.0,20.0,18.0,0.0,91.0,2.0,3.0,0.0,215.0,67.0,3.0,.290,.319,.488,.807,.324,22.05,1663.0,119.0,106.0,641.0,611.0,152.0,26.0,6.0,20.0,16.0,1.0,128.0,3.0,7.0,4.0,250.0,86.0,7.0,.249,.268,.409,.677,.281,30.55,2177.0,193.0,149.0,2025
808959,Munetaka Murakami,145,Chicago White Sox,,1B,2026,373.0,306.0,72.0,12.0,0.0,27.0,64.0,7.0,124.0,2.0,1.0,0.0,165.0,55.0,2.0,.235,.370,.539,.909,.288,11.33,1627.0,53.0,58.0,,,,,,,,,,,,,,,,,,,,,,,,,2025
