batter_id,batter_name,team_id,team_name,batSide,primaryPosition,season,plateAppearances,atBats,hits,doubles,triples,homeRuns,baseOnBalls,intentionalWalks,strikeOuts,hitByPitch,sacFlies,sacBunts,totalBases,rbi,groundIntoDoublePlay,avg,obp,slg,ops,babip,atBatsPerHomeRun,numberOfPitches,groundOuts,airOuts,plateAppearances_prev,atBats_prev,hits_prev,doubles_prev,triples_prev,homeRuns_prev,baseOnBalls_prev,intentionalWalks_prev,strikeOuts_prev,hitByPitch_prev,sacFlies_prev,sacBunts_prev,totalBases_prev,rbi_prev,groundIntoDoublePlay_prev,avg_prev,obp_prev,slg_prev,ops_prev,babip_prev,atBatsPerHomeRun_prev,numberOfPitches_prev,groundOuts_prev,airOuts_prev,season_prev
808967,Yoshinobu Yamamoto,119,Los Angeles Dodgers,,P,2026,,,,,,,,,,,,,,,,,,,,,,,,,,,,,,,,,,,,,,,,,,,,,,,,,2025
667652,Jack Ralston,146,Miami Marlins,,P,2026,,,,,,,,,,,,,,,,,,,,,,,,,,,,,,,,,,,,,,,,,,,,,,,,,2025
669701,Josh Smith,141,Toronto Blue Jays,,2B,2026,238.0,207.0,42.0,4.0,1.0,6.0,25.0,1.0,56.0,2.0,2.0,2.0,66.0,15.0,4.0,.203,.292,.319,.611,.245,34.50,952.0,49.0,64.0,563.0,495.0,124.0,23.0,2.0,10.0,55.0,2.0,100.0,8.0,1.0,3.0,181.0,35.0,3.0,.251,.335,.366,.701,.295,49.50,2287.0,139.0,136.0,2025
808963,Roki Sasaki,119,Los Angeles Dodgers,,P,2026,,,,,,,,,,,,,,,,,,,,,,,,,,,,,,,,,,,,,,,,,,,,,,,,,2025
663567,Peter Lambert,117,Houston Astros,,P,2026,,,,,,,,,,,,,,,,,,,,,,,,,,,,,,,,,,,,,,,,,,,,,,,,,2025
675848,Juan Mejia,115,Colorado Rockies,,P,2026,,,,,,,,,,,,,,,,,,,,,,,,,0.0,0.0,0.0,0.0,0.0,0.0,0.0,0.0,0.0,0.0,0.0,0.0,0.0,0.0,0.0,.000,.000,.000,.000,.---,-.--,0.0,0.0,0.0,2025
669707,Jared Triolo,134,Pittsburgh Pirates,,SS,2026,359.0,321.0,77.0,12.0,0.0,3.0,28.0,0.0,70.0,5.0,1.0,2.0,98.0,29.0,8.0,.240,.310,.305,.615,.297,107.00,1329.0,99.0,78.0,376.0,331.0,75.0,18.0,2.0,7.0,39.0,1.0,76.0,2.0,1.0,3.0,118.0,24.0,4.0,.227,.311,.356,.667,.273,47.29,1454.0,81.0,103.0,2025
595978,Austin Hedges,114,Cleveland Guardians,,C,2026,245.0,213.0,53.0,10.0,0.0,6.0,25.0,0.0,44.0,1.0,2.0,4.0,81.0,25.0,5.0,.249,.328,.380,.708,.285,35.50,925.0,66.0,56.0,180.0,155.0,25.0,3.0,0.0,5.0,18.0,0.0,43.0,1.0,2.0,4.0,43.0,10.0,2.0,.161,.250,.277,.527,.183,31.00,696.0,35.0,58.0,2025
665622,Luis Medina,133,Athletics,,P,2026,,,,,,,,,,,,,,,,,,,,,,,,,,,,,,,,,,,,,,,,,,,,,,,,,2025
669713,Hayden Wesneski,117,Houston Astros,,P,2026,,,,,,,,,,,,,,,,,,,,,,,,,,,,,,,,,,,,,,,,,,,,,,,,,2025
661531,Brian Serven,133,Athletics,,C,2026,82.0,78.0,14.0,1.0,0.0,5.0,3.0,0.0,21.0,1.0,0.0,0.0,30.0,14.0,2.0,.179,.220,.385,.605,.173,15.60,313.0,23.0,20.0,,,,,,,,,,,,,,,,,,,,,,,,,2025
622608,Antonio Senzatela,158,Milwaukee Brewers,,P,2026,0.0,0.0,0.0,0.0,0.0,0.0,0.0,0.0,0.0,0.0,0.0,0.0,0.0,0.0,0.0,.000,.000,.000,.000,.---,-.--,0.0,0.0,0.0,,,,,,,,,,,,,,,,,,,,,,,,,2025
596001,Jakob Junis,140,Texas Rangers,,P,2026,,,,,,,,,,,,,,,,,,,,,,,,,,,,,,,,,,,,,,,,,,,,,,,,,2025
596019,Francisco Lindor,121,New York Mets,,SS,2026,459.0,410.0,92.0,12.0,4.0,20.0,44.0,0.0,93.0,5.0,0.0,0.0,172.0,48.0,4.0,.224,.307,.420,.727,.242,20.50,1936.0,92.0,133.0,732.0,644.0,172.0,35.0,0.0,31.0,65.0,2.0,131.0,16.0,7.0,0.0,300.0,86.0,9.0,.267,.346,.466,.812,.288,20.77,2940.0,149.0,199.0,2025
663586,Austin Riley,144,Atlanta Braves,,3B,2026,621.0,558.0,124.0,21.0,2.0,19.0,47.0,1.0,197.0,11.0,5.0,0.0,206.0,72.0,11.0,.222,.293,.369,.662,.303,29.37,2498.0,92.0,150.0,447.0,416.0,108.0,20.0,1.0,16.0,27.0,1.0,128.0,3.0,1.0,0.0,178.0,54.0,9.0,.260,.309,.428,.737,.337,26.00,1791.0,69.0,112.0,2025
669743,Alex Call,119,Los Angeles Dodgers,,LF,2026,192.0,160.0,37.0,8.0,0.0,1.0,23.0,0.0,35.0,7.0,2.0,0.0,48.0,19.0,2.0,.231,.349,.300,.649,.286,160.00,838.0,40.0,50.0,322.0,270.0,72.0,13.0,2.0,5.0,36.0,0.0,55.0,6.0,4.0,6.0,104.0,31.0,6.0,.267,.361,.385,.746,.313,54.00,1314.0,80.0,73.0,2025
663604,Brandon Lockridge,158,Milwaukee Brewers,,LF,2026,111.0,99.0,27.0,4.0,0.0,0.0,11.0,0.0,32.0,0.0,0.0,1.0,31.0,12.0,0.0,.273,.345,.313,.658,.403,-.--,462.0,32.0,9.0,148.0,134.0,31.0,7.0,1.0,0.0,8.0,0.0,36.0,1.0,2.0,3.0,40.0,11.0,2.0,.231,.276,.299,.575,.310,-.--,578.0,44.0,28.0,2025
677944,Slade Cecconi,114,Cleveland Guardians,,P,2026,,,,,,,,,,,,,,,,,,,,,,,,,,,,,,,,,,,,,,,,,,,,,,,,,2025
665660,Elvis Alvarado,133,Athletics,,P,2026,,,,,,,,,,,,,,,,,,,,,,,,,0.0,0.0,0.0,0.0,0.0,0.0,0.0,0.0,0.0,0.0,0.0,0.0,0.0,0.0,0.0,.000,.000,.000,.000,.---,-.--,0.0,0.0,0.0,2025
677943,Will Banfield,113,Cincinnati Reds,,C,2026,18.0,17.0,3.0,1.0,0.0,0.0,0.0,0.0,5.0,0.0,1.0,0.0,4.0,1.0,0.0,.176,.167,.235,.402,.231,-.--,55.0,3.0,7.0,10.0,10.0,1.0,0.0,0.0,0.0,0.0,0.0,6.0,0.0,0.0,0.0,1.0,0.0,1.0,.100,.100,.100,.200,.250,-.--,44.0,2.0,1.0,2025
677951,Bobby Witt Jr.,118,Kansas City Royals,,SS,2026,624.0,550.0,155.0,32.0,1.0,18.0,67.0,12.0,107.0,3.0,4.0,0.0,243.0,54.0,8.0,.282,.361,.442,.803,.319,30.56,2305.0,105.0,187.0,687.0,623.0,184.0,47.0,6.0,23.0,49.0,8.0,125.0,8.0,7.0,0.0,312.0,88.0,7.0,.295,.351,.501,.852,.334,27.09,2511.0,124.0,197.0,2025
682052,Jacob Lopez,133,Athletics,,P,2026,,,,,,,,,,,,,,,,,,,,,,,,,,,,,,,,,,,,,,,,,,,,,,,,,2025
677955,Jaden Hill,115,Colorado Rockies,,P,2026,0.0,0.0,0.0,0.0,0.0,0.0,0.0,0.0,0.0,0.0,0.0,0.0,0.0,0.0,0.0,.000,.000,.000,.000,.---,-.--,0.0,0.0,0.0,,,,,,,,,,,,,,,,,,,,,,,,,2025
677958,Kumar Rocker,140,Texas Rangers,,P,2026,,,,,,,,,,,,,,,,,,,,,,,,,,,,,,,,,,,,,,,,,,,,,,,,,2025
663623,Jake Irvin,120,Washington Nationals,,P,2026,,,,,,,,,,,,,,,,,,,,,,,,,,,,,,,,,,,,,,,,,,,,,,,,,2025
677976,Randy Dobnak,118,Kansas City Royals,,P,2026,,,,,,,,,,,,,,,,,,,,,,,,,,,,,,,,,,,,,,,,,,,,,,,,,2025
663647,Ke'Bryan Hayes,113,Cincinnati Reds,,3B,2026,242.0,227.0,32.0,2.0,1.0,5.0,13.0,0.0,48.0,2.0,0.0,0.0,51.0,9.0,7.0,.141,.194,.225,.419,.155,45.40,871.0,57.0,90.0,570.0,527.0,124.0,16.0,3.0,5.0,36.0,1.0,111.0,5.0,1.0,1.0,161.0,49.0,12.0,.235,.290,.306,.596,.289,105.40,2154.0,154.0,140.0,2025
622694,Elieser Hernández,144,Atlanta Braves,,P,2026,,,,,,,,,,,,,,,,,,,,,,,,,,,,,,,,,,,,,,,,,,,,,,,,,2025
690279,Mason Adams,115,Colorado Rockies,,P,2026,,,,,,,,,,,,,,,,,,,,,,,,,,,,,,,,,,,,,,,,,,,,,,,,,2025
694376,Shay Whitcomb,137,San Francisco Giants,,3B,2026,118.0,112.0,21.0,3.0,0.0,4.0,4.0,0.0,35.0,0.0,0.0,2.0,36.0,13.0,2.0,.188,.216,.321,.537,.233,28.00,438.0,24.0,34.0,32.0,32.0,4.0,0.0,0.0,1.0,0.0,0.0,10.0,0.0,0.0,0.0,7.0,1.0,0.0,.125,.125,.219,.344,.143,32.00,138.0,10.0,8.0,2025
663656,Kyle Tucker,119,Los Angeles Dodgers,,RF,2026,618.0,532.0,124.0,23.0,4.0,17.0,77.0,1.0,104.0,3.0,6.0,0.0,206.0,70.0,7.0,.233,.330,.387,.717,.257,31.29,2433.0,131.0,179.0,597.0,500.0,133.0,25.0,4.0,22.0,87.0,7.0,88.0,4.0,3.0,1.0,232.0,73.0,8.0,.266,.377,.464,.841,.282,22.73,2306.0,114.0,169.0,2025
694378,Jacob Gonzalez,134,Pittsburgh Pirates,,SS,2026,221.0,204.0,45.0,9.0,0.0,6.0,11.0,0.0,42.0,4.0,1.0,1.0,72.0,30.0,5.0,.221,.273,.353,.626,.248,34.00,860.0,58.0,61.0,,,,,,,,,,,,,,,,,,,,,,,,,2025
667755,José Soriano,141,Toronto Blue Jays,,P,2026,,,,,,,,,,,,,,,,,,,,,,,,,,,,,,,,,,,,,,,,,,,,,,,,,2025
608369,Corey Seager,140,Texas Rangers,,SS,2026,427.0,375.0,85.0,16.0,0.0,19.0,45.0,4.0,102.0,4.0,3.0,0.0,158.0,49.0,15.0,.227,.314,.421,.735,.257,19.74,1582.0,98.0,93.0,445.0,380.0,103.0,19.0,0.0,21.0,58.0,10.0,87.0,5.0,2.0,0.0,185.0,50.0,13.0,.271,.373,.487,.860,.299,18.10,1668.0,100.0,92.0,2025
690291,Jace Jung,116,Detroit Tigers,,3B,2026,10.0,8.0,2.0,0.0,0.0,0.0,2.0,0.0,2.0,0.0,0.0,0.0,2.0,0.0,0.0,.250,.400,.250,.650,.333,-.--,39.0,1.0,3.0,55.0,47.0,5.0,0.0,0.0,0.0,7.0,0.0,16.0,1.0,0.0,0.0,5.0,3.0,2.0,.106,.236,.106,.342,.161,-.--,222.0,14.0,12.0,2025
657514,Brennan Bernardino,115,Colorado Rockies,,P,2026,,,,,,,,,,,,,,,,,,,,,,,,,0.0,0.0,0.0,0.0,0.0,0.0,0.0,0.0,0.0,0.0,0.0,0.0,0.0,0.0,0.0,.000,.000,.000,.000,.---,-.--,0.0,0.0,0.0,2025
608372,Tomoyuki Sugano,115,Colorado Rockies,,P,2026,,,,,,,,,,,,,,,,,,,,,,,,,,,,,,,,,,,,,,,,,,,,,,,,,2025
675961,Alika Williams,133,Athletics,,SS,2026,231.0,215.0,58.0,20.0,1.0,4.0,10.0,0.0,50.0,2.0,1.0,3.0,92.0,16.0,6.0,.270,.307,.428,.735,.333,53.75,835.0,59.0,52.0,,,,,,,,,,,,,,,,,,,,,,,,,2025
608379,Michael Wacha,118,Kansas City Royals,,P,2026,,,,,,,,,,,,,,,,,,,,,,,,,,,,,,,,,,,,,,,,,,,,,,,,,2025
678022,Jack Perkins,133,Athletics,,P,2026,0.0,0.0,0.0,0.0,0.0,0.0,0.0,0.0,0.0,0.0,0.0,0.0,0.0,0.0,0.0,.000,.000,.000,.000,.---,-.--,0.0,0.0,0.0,,,,,,,,,,,,,,,,,,,,,,,,,2025
663687,Hogan Harris,133,Athletics,,P,2026,,,,,,,,,,,,,,,,,,,,,,,,,,,,,,,,,,,,,,,,,,,,,,,,,2025
686217,Sal Frelick,158,Milwaukee Brewers,,RF,2026,381.0,336.0,78.0,18.0,0.0,4.0,31.0,1.0,38.0,2.0,4.0,2.0,108.0,40.0,5.0,.232,.298,.321,.619,.248,84.00,1445.0,122.0,104.0,594.0,528.0,152.0,20.0,3.0,12.0,47.0,0.0,80.0,7.0,5.0,3.0,214.0,63.0,4.0,.288,.351,.405,.756,.317,44.00,2311.0,153.0,151.0,2025
682120,Tim Herrin,114,Cleveland Guardians,,P,2026,,,,,,,,,,,,,,,,,,,,,,,,,0.0,0.0,0.0,0.0,0.0,0.0,0.0,0.0,0.0,0.0,0.0,0.0,0.0,0.0,0.0,.000,.000,.000,.000,.---,-.--,0.0,0.0,0.0,2025
647304,Josh Naylor,136,Seattle Mariners,,1B,2026,641.0,589.0,155.0,22.0,0.0,10.0,44.0,3.0,79.0,5.0,2.0,0.0,207.0,55.0,18.0,.263,.319,.351,.670,.289,58.90,2124.0,183.0,174.0,604.0,543.0,160.0,29.0,1.0,20.0,48.0,4.0,83.0,4.0,5.0,0.0,251.0,92.0,17.0,.295,.353,.462,.815,.315,27.15,2013.0,158.0,147.0,2025
645261,Sandy Alcantara,146,Miami Marlins,,P,2026,,,,,,,,,,,,,,,,,,,,,,,,,,,,,,,,,,,,,,,,,,,,,,,,,2025
643217,Andrew Benintendi,145,Chicago White Sox,,DH,2026,465.0,419.0,100.0,24.0,2.0,14.0,38.0,1.0,112.0,1.0,6.0,1.0,170.0,75.0,6.0,.239,.300,.406,.706,.288,29.93,1757.0,89.0,125.0,470.0,420.0,101.0,16.0,2.0,20.0,40.0,2.0,82.0,3.0,6.0,0.0,181.0,63.0,5.0,.240,.307,.431,.738,.250,21.00,1721.0,88.0,155.0,2025
665742,Juan Soto,121,New York Mets,,LF,2026,472.0,391.0,108.0,11.0,2.0,27.0,78.0,15.0,64.0,0.0,2.0,0.0,204.0,68.0,7.0,.276,.395,.522,.917,.268,14.48,1828.0,103.0,118.0,715.0,577.0,152.0,20.0,1.0,43.0,127.0,13.0,137.0,3.0,6.0,1.0,303.0,105.0,17.0,.263,.396,.525,.921,.270,13.42,2968.0,156.0,139.0,2025
645277,Ozzie Albies,144,Atlanta Braves,,2B,2026,677.0,609.0,146.0,27.0,1.0,22.0,46.0,1.0,102.0,8.0,14.0,0.0,241.0,73.0,8.0,.240,.295,.396,.691,.248,27.68,2519.0,144.0,231.0,667.0,603.0,145.0,23.0,2.0,16.0,55.0,2.0,94.0,4.0,5.0,0.0,220.0,74.0,9.0,.240,.306,.365,.671,.259,37.69,2402.0,146.0,223.0,2025
669854,Ronel Blanco,117,Houston Astros,,P,2026,,,,,,,,,,,,,,,,,,,,,,,,,,,,,,,,,,,,,,,,,,,,,,,,,2025
688297,Chris Roycroft,133,Athletics,,P,2026,,,,,,,,,,,,,,,,,,,,,,,,,,,,,,,,,,,,,,,,,,,,,,,,,2025
596133,Luke Weaver,134,Pittsburgh Pirates,,P,2026,0.0,0.0,0.0,0.0,0.0,0.0,0.0,0.0,0.0,0.0,0.0,0.0,0.0,0.0,0.0,.000,.000,.000,.000,.---,-.--,0.0,0.0,0.0,,,,,,,,,,,,,,,,,,,,,,,,,2025
542888,Shawn Armstrong,114,Cleveland Guardians,,P,2026,,,,,,,,,,,,,,,,,,,,,,,,,0.0,0.0,0.0,0.0,0.0,0.0,0.0,0.0,0.0,0.0,0.0,0.0,0.0,0.0,0.0,.000,.000,.000,.000,.---,-.--,0.0,0.0,0.0,2025
673962,Josh Jung,140,Texas Rangers,,3B,2026,444.0,398.0,119.0,27.0,1.0,12.0,35.0,0.0,80.0,8.0,3.0,0.0,184.0,42.0,18.0,.299,.365,.462,.827,.346,33.17,1626.0,98.0,104.0,511.0,482.0,121.0,23.0,1.0,14.0,27.0,0.0,129.0,2.0,0.0,0.0,188.0,61.0,10.0,.251,.294,.390,.684,.316,34.43,1931.0,108.0,124.0,2025
678061,Ray Kerr,144,Atlanta Braves,,P,2026,,,,,,,,,,,,,,,,,,,,,,,,,,,,,,,,,,,,,,,,,,,,,,,,,2025
663728,Cal Raleigh,136,Seattle Mariners,,C,2026,520.0,442.0,79.0,15.0,0.0,23.0,71.0,0.0,162.0,3.0,4.0,0.0,163.0,68.0,5.0,.179,.294,.369,.663,.215,19.22,2248.0,64.0,141.0,705.0,596.0,147.0,24.0,0.0,60.0,97.0,17.0,188.0,9.0,3.0,0.0,351.0,125.0,6.0,.247,.359,.589,.948,.248,9.93,2833.0,79.0,185.0,2025
596142,Gary Sánchez,158,Milwaukee Brewers,,C,2026,269.0,219.0,46.0,10.0,1.0,11.0,46.0,1.0,57.0,3.0,1.0,0.0,91.0,36.0,8.0,.210,.353,.416,.769,.230,19.91,1126.0,57.0,60.0,101.0,91.0,21.0,2.0,0.0,5.0,4.0,0.0,27.0,5.0,1.0,0.0,38.0,24.0,2.0,.231,.297,.418,.715,.267,18.20,415.0,21.0,23.0,2025
671922,Cade Smith,114,Cleveland Guardians,,P,2026,0.0,0.0,0.0,0.0,0.0,0.0,0.0,0.0,0.0,0.0,0.0,0.0,0.0,0.0,0.0,.000,.000,.000,.000,.---,-.--,0.0,0.0,0.0,,,,,,,,,,,,,,,,,,,,,,,,,2025
682177,Daniel Schneemann,114,Cleveland Guardians,,CF,2026,282.0,258.0,53.0,11.0,0.0,6.0,24.0,0.0,84.0,0.0,0.0,0.0,82.0,29.0,5.0,.205,.273,.318,.591,.280,43.00,1126.0,61.0,60.0,422.0,379.0,78.0,18.0,1.0,12.0,38.0,1.0,117.0,3.0,1.0,1.0,134.0,41.0,4.0,.206,.283,.354,.637,.263,31.58,1668.0,96.0,90.0,2025
645302,Victor Robles,136,Seattle Mariners,,RF,2026,149.0,133.0,34.0,3.0,2.0,0.0,9.0,0.0,22.0,3.0,1.0,3.0,41.0,9.0,4.0,.256,.315,.308,.623,.304,-.--,519.0,37.0,44.0,114.0,106.0,26.0,4.0,1.0,1.0,3.0,0.0,26.0,3.0,2.0,0.0,35.0,9.0,3.0,.245,.281,.330,.611,.309,106.00,375.0,29.0,27.0,2025
663738,Daniel Lynch IV,118,Kansas City Royals,,P,2026,,,,,,,,,,,,,,,,,,,,,,,,,0.0,0.0,0.0,0.0,0.0,0.0,0.0,0.0,0.0,0.0,0.0,0.0,0.0,0.0,0.0,.000,.000,.000,.000,.---,-.--,0.0,0.0,0.0,2025
803011,Sam Antonacci,145,Chicago White Sox,,LF,2026,549.0,473.0,130.0,24.0,4.0,8.0,43.0,0.0,81.0,28.0,2.0,3.0,186.0,48.0,2.0,.275,.368,.393,.761,.316,59.12,2146.0,156.0,111.0,,,,,,,,,,,,,,,,,,,,,,,,,2025
434378,Justin Verlander,116,Detroit Tigers,,P,2026,,,,,,,,,,,,,,,,,,,,,,,,,,,,,,,,,,,,,,,,,,,,,,,,,2025
694477,Chad Patrick,158,Milwaukee Brewers,,P,2026,0.0,0.0,0.0,0.0,0.0,0.0,0.0,0.0,0.0,0.0,0.0,0.0,0.0,0.0,0.0,.000,.000,.000,.000,.---,-.--,0.0,0.0,0.0,,,,,,,,,,,,,,,,,,,,,,,,,2025
805074,Yunior Marte,137,San Francisco Giants,,P,2026,,,,,,,,,,,,,,,,,,,,,,,,,,,,,,,,,,,,,,,,,,,,,,,,,2025
674003,Cody Bradford,140,Texas Rangers,,P,2026,,,,,,,,,,,,,,,,,,,,,,,,,,,,,,,,,,,,,,,,,,,,,,,,,2025
669923,George Kirby,136,Seattle Mariners,,P,2026,,,,,,,,,,,,,,,,,,,,,,,,,,,,,,,,,,,,,,,,,,,,,,,,,2025
694497,Evan Carter,140,Texas Rangers,,CF,2026,449.0,386.0,74.0,13.0,3.0,9.0,47.0,0.0,114.0,5.0,2.0,9.0,120.0,39.0,1.0,.192,.286,.311,.597,.245,42.89,1814.0,88.0,121.0,220.0,194.0,48.0,9.0,2.0,5.0,19.0,1.0,41.0,7.0,0.0,0.0,76.0,25.0,2.0,.247,.336,.392,.728,.291,38.80,822.0,49.0,56.0,2025
643289,Mauricio Dubón,144,Atlanta Braves,,LF,2026,615.0,568.0,156.0,28.0,3.0,11.0,35.0,0.0,73.0,4.0,3.0,2.0,223.0,71.0,11.0,.275,.320,.393,.713,.298,51.64,2257.0,149.0,195.0,398.0,369.0,89.0,21.0,0.0,7.0,24.0,0.0,42.0,1.0,1.0,3.0,131.0,33.0,12.0,.241,.289,.355,.644,.255,52.71,1346.0,110.0,132.0,2025
665828,Oswaldo Cabrera,113,Cincinnati Reds,,3B,2026,22.0,20.0,2.0,1.0,0.0,0.0,0.0,0.0,9.0,0.0,0.0,2.0,3.0,0.0,0.0,.100,.100,.150,.250,.182,-.--,87.0,9.0,2.0,122.0,107.0,26.0,4.0,0.0,1.0,11.0,0.0,25.0,2.0,1.0,1.0,33.0,11.0,1.0,.243,.322,.308,.630,.305,107.00,441.0,32.0,26.0,2025
665833,Oneil Cruz,134,Pittsburgh Pirates,,CF,2026,418.0,367.0,103.0,14.0,1.0,20.0,47.0,3.0,138.0,4.0,0.0,0.0,179.0,67.0,5.0,.281,.368,.488,.856,.397,18.35,1727.0,80.0,46.0,544.0,471.0,94.0,18.0,3.0,20.0,64.0,4.0,174.0,4.0,5.0,0.0,178.0,61.0,6.0,.200,.298,.378,.676,.262,23.55,2235.0,111.0,97.0,2025
671976,Tristan Peters,145,Chicago White Sox,,CF,2026,486.0,432.0,115.0,31.0,4.0,12.0,37.0,0.0,89.0,11.0,2.0,4.0,190.0,56.0,0.0,.266,.338,.440,.778,.309,36.00,1751.0,104.0,130.0,12.0,12.0,0.0,0.0,0.0,0.0,0.0,0.0,7.0,0.0,0.0,0.0,0.0,0.0,0.0,.000,.000,.000,.000,.000,-.--,46.0,1.0,4.0,2025
688363,Graham Pauley,146,Miami Marlins,,3B,2026,150.0,138.0,29.0,9.0,1.0,4.0,8.0,0.0,37.0,1.0,1.0,2.0,52.0,25.0,4.0,.210,.257,.377,.634,.255,34.50,610.0,33.0,42.0,184.0,161.0,36.0,9.0,1.0,4.0,21.0,0.0,36.0,0.0,1.0,1.0,59.0,11.0,1.0,.224,.311,.366,.677,.262,40.25,681.0,38.0,53.0,2025
663795,Justin Hagenman,121,New York Mets,,P,2026,,,,,,,,,,,,,,,,,,,,,,,,,,,,,,,,,,,,,,,,,,,,,,,,,2025
676083,Janson Junk,146,Miami Marlins,,P,2026,,,,,,,,,,,,,,,,,,,,,,,,,,,,,,,,,,,,,,,,,,,,,,,,,2025
682227,Brandon Williamson,113,Cincinnati Reds,,P,2026,,,,,,,,,,,,,,,,,,,,,,,,,,,,,,,,,,,,,,,,,,,,,,,,,2025
700669,Gordon Graceffo,138,St. Louis Cardinals,,P,2026,,,,,,,,,,,,,,,,,,,,,,,,,,,,,,,,,,,,,,,,,,,,,,,,,2025
805123,AJ Blubaugh,117,Houston Astros,,P,2026,,,,,,,,,,,,,,,,,,,,,,,,,,,,,,,,,,,,,,,,,,,,,,,,,2025
682254,Mason Montgomery,134,Pittsburgh Pirates,,P,2026,,,,,,,,,,,,,,,,,,,,,,,,,,,,,,,,,,,,,,,,,,,,,,,,,2025
571657,Kyle Farmer,144,Atlanta Braves,,DH,2026,17.0,16.0,4.0,1.0,0.0,0.0,0.0,0.0,4.0,0.0,1.0,0.0,5.0,3.0,0.0,.250,.235,.313,.548,.308,-.--,54.0,6.0,3.0,300.0,277.0,63.0,14.0,0.0,8.0,17.0,0.0,66.0,4.0,2.0,0.0,101.0,31.0,9.0,.227,.280,.365,.645,.268,34.62,1101.0,73.0,77.0,2025
682243,Bryce Miller,136,Seattle Mariners,,P,2026,,,,,,,,,,,,,,,,,,,,,,,,,,,,,,,,,,,,,,,,,,,,,,,,,2025
672016,Denzel Clarke,133,Athletics,,CF,2026,84.0,73.0,11.0,1.0,0.0,0.0,8.0,0.0,28.0,0.0,0.0,3.0,12.0,6.0,1.0,.151,.235,.164,.399,.244,-.--,345.0,28.0,9.0,159.0,148.0,34.0,8.0,2.0,3.0,6.0,0.0,61.0,3.0,0.0,2.0,55.0,8.0,1.0,.230,.274,.372,.646,.369,49.33,631.0,32.0,23.0,2025
702752,Jonathan Pintaro,121,New York Mets,,P,2026,,,,,,,,,,,,,,,,,,,,,,,,,,,,,,,,,,,,,,,,,,,,,,,,,2025
665877,José Fermín,138,St. Louis Cardinals,,LF,2026,365.0,322.0,81.0,17.0,0.0,6.0,30.0,0.0,49.0,2.0,7.0,2.0,116.0,41.0,9.0,.252,.313,.360,.673,.274,53.67,1515.0,89.0,112.0,70.0,60.0,17.0,5.0,0.0,1.0,8.0,0.0,10.0,1.0,0.0,1.0,25.0,9.0,0.0,.283,.377,.417,.794,.327,60.00,271.0,16.0,18.0,2025
641302,Tyler Alexander,140,Texas Rangers,,P,2026,,,,,,,,,,,,,,,,,,,,,,,,,1.0,1.0,0.0,0.0,0.0,0.0,0.0,0.0,0.0,0.0,0.0,0.0,0.0,0.0,0.0,.000,.000,.000,.000,.000,-.--,3.0,1.0,0.0,2025
813349,Connelly Early,120,Washington Nationals,,P,2026,,,,,,,,,,,,,,,,,,,,,,,,,,,,,,,,,,,,,,,,,,,,,,,,,2025
663855,Jordan Hicks,145,Chicago White Sox,,P,2026,,,,,,,,,,,,,,,,,,,,,,,,,,,,,,,,,,,,,,,,,,,,,,,,,2025
700712,Walbert Ureña,108,Los Angeles Angels,,P,2026,,,,,,,,,,,,,,,,,,,,,,,,,,,,,,,,,,,,,,,,,,,,,,,,,2025
643376,Danny Jansen,140,Texas Rangers,,C,2026,220.0,190.0,37.0,9.0,1.0,6.0,18.0,1.0,53.0,8.0,0.0,4.0,66.0,23.0,6.0,.195,.292,.347,.639,.237,31.67,859.0,42.0,62.0,337.0,288.0,62.0,11.0,0.0,14.0,42.0,0.0,86.0,4.0,2.0,1.0,115.0,36.0,5.0,.215,.321,.399,.720,.253,20.57,1353.0,45.0,98.0,2025
665923,Esteury Ruiz,146,Miami Marlins,,RF,2026,247.0,207.0,45.0,12.0,1.0,6.0,25.0,0.0,78.0,11.0,1.0,2.0,77.0,16.0,0.0,.217,.332,.372,.704,.315,34.50,990.0,26.0,61.0,23.0,21.0,4.0,0.0,0.0,1.0,2.0,0.0,8.0,0.0,0.0,0.0,7.0,2.0,0.0,.190,.261,.333,.594,.250,21.00,88.0,5.0,4.0,2025
665926,Andrés Giménez,141,Toronto Blue Jays,,SS,2026,502.0,463.0,113.0,25.0,1.0,9.0,17.0,2.0,94.0,15.0,5.0,2.0,167.0,58.0,7.0,.244,.290,.361,.651,.285,51.44,1849.0,136.0,127.0,369.0,329.0,69.0,11.0,1.0,7.0,25.0,0.0,66.0,11.0,3.0,1.0,103.0,35.0,8.0,.210,.285,.313,.598,.239,47.00,1452.0,97.0,101.0,2025
663878,Nate Pearson,118,Kansas City Royals,,P,2026,0.0,0.0,0.0,0.0,0.0,0.0,0.0,0.0,0.0,0.0,0.0,0.0,0.0,0.0,0.0,.000,.000,.000,.000,.---,-.--,0.0,0.0,0.0,,,,,,,,,,,,,,,,,,,,,,,,,2025
678218,Brandon Valenzuela,141,Toronto Blue Jays,,C,2026,268.0,237.0,53.0,9.0,0.0,8.0,28.0,0.0,68.0,1.0,1.0,1.0,86.0,22.0,4.0,.224,.307,.363,.670,.278,29.62,1097.0,58.0,60.0,,,,,,,,,,,,,,,,,,,,,,,,,2025
663886,Tyler Stephenson,113,Cincinnati Reds,,C,2026,464.0,407.0,99.0,22.0,0.0,15.0,49.0,1.0,126.0,3.0,5.0,0.0,166.0,54.0,8.0,.243,.325,.408,.733,.310,27.13,1882.0,72.0,115.0,342.0,299.0,69.0,18.0,0.0,13.0,37.0,1.0,116.0,2.0,4.0,0.0,126.0,50.0,4.0,.231,.316,.421,.737,.322,23.00,1389.0,57.0,61.0,2025
502054,Tommy Pham,145,Chicago White Sox,,LF,2026,29.0,24.0,3.0,0.0,0.0,1.0,5.0,0.0,10.0,0.0,0.0,0.0,6.0,3.0,0.0,.125,.276,.250,.526,.154,24.00,114.0,7.0,4.0,449.0,392.0,96.0,17.0,1.0,10.0,50.0,3.0,94.0,2.0,5.0,0.0,145.0,52.0,12.0,.245,.330,.370,.700,.294,39.20,1706.0,113.0,94.0,2025
641343,Jake Bauers,158,Milwaukee Brewers,,1B,2026,570.0,470.0,126.0,22.0,2.0,26.0,93.0,4.0,153.0,4.0,3.0,0.0,230.0,86.0,6.0,.268,.391,.489,.880,.340,18.08,2378.0,96.0,98.0,218.0,183.0,43.0,9.0,0.0,7.0,32.0,1.0,59.0,2.0,1.0,0.0,73.0,28.0,1.0,.235,.353,.399,.752,.305,26.14,895.0,35.0,47.0,2025
670032,Nicky Lopez,140,Texas Rangers,,2B,2026,266.0,233.0,62.0,4.0,1.0,1.0,12.0,1.0,44.0,7.0,2.0,12.0,71.0,24.0,5.0,.266,.319,.305,.624,.321,233.00,974.0,91.0,50.0,28.0,24.0,1.0,0.0,0.0,0.0,4.0,0.0,4.0,0.0,0.0,0.0,1.0,1.0,1.0,.042,.179,.042,.221,.050,-.--,106.0,13.0,6.0,2025
657746,Joe Ryan,142,Minnesota Twins,,P,2026,,,,,,,,,,,,,,,,,,,,,,,,,,,,,,,,,,,,,,,,,,,,,,,,,2025
670036,Matt Festa,114,Cleveland Guardians,,P,2026,,,,,,,,,,,,,,,,,,,,,,,,,0.0,0.0,0.0,0.0,0.0,0.0,0.0,0.0,0.0,0.0,0.0,0.0,0.0,0.0,0.0,.000,.000,.000,.000,.---,-.--,0.0,0.0,0.0,2025
663893,Brendon Little,141,Toronto Blue Jays,,P,2026,,,,,,,,,,,,,,,,,,,,,,,,,,,,,,,,,,,,,,,,,,,,,,,,,2025
663903,Brady Singer,113,Cincinnati Reds,,P,2026,,,,,,,,,,,,,,,,,,,,,,,,,,,,,,,,,,,,,,,,,,,,,,,,,2025
665953,Andrés Chaparro,120,Washington Nationals,,1B,2026,224.0,194.0,50.0,13.0,0.0,11.0,25.0,0.0,53.0,5.0,0.0,0.0,96.0,37.0,5.0,.258,.357,.495,.852,.300,17.64,854.0,40.0,51.0,73.0,66.0,12.0,2.0,0.0,1.0,5.0,0.0,22.0,1.0,1.0,0.0,17.0,5.0,0.0,.182,.247,.258,.505,.250,66.00,282.0,15.0,18.0,2025
643446,Jeff McNeil,133,Athletics,,2B,2026,513.0,472.0,126.0,23.0,0.0,9.0,30.0,1.0,59.0,5.0,4.0,1.0,176.0,59.0,13.0,.267,.315,.373,.688,.287,52.44,1780.0,132.0,160.0,462.0,399.0,97.0,21.0,5.0,12.0,49.0,4.0,55.0,8.0,4.0,2.0,164.0,54.0,5.0,.243,.335,.411,.746,.253,33.25,1718.0,109.0,144.0,2025
678246,Miguel Vargas,145,Chicago White Sox,,3B,2026,699.0,586.0,147.0,31.0,1.0,33.0,98.0,5.0,126.0,7.0,7.0,0.0,279.0,93.0,12.0,.251,.361,.476,.837,.263,17.76,2761.0,109.0,211.0,569.0,504.0,118.0,32.0,2.0,16.0,56.0,0.0,100.0,6.0,3.0,0.0,202.0,60.0,9.0,.234,.316,.401,.717,.261,31.50,2323.0,91.0,198.0,2025
571771,Enrique Hernández,119,Los Angeles Dodgers,,3B,2026,90.0,84.0,19.0,4.0,0.0,3.0,6.0,0.0,27.0,0.0,0.0,0.0,32.0,11.0,1.0,.226,.278,.381,.659,.296,28.00,325.0,19.0,19.0,256.0,232.0,47.0,8.0,0.0,10.0,18.0,0.0,68.0,0.0,5.0,1.0,85.0,35.0,7.0,.203,.255,.366,.621,.233,23.20,1033.0,52.0,71.0,2025
663941,Tristan Beck,137,San Francisco Giants,,P,2026,,,,,,,,,,,,,,,,,,,,,,,,,,,,,,,,,,,,,,,,,,,,,,,,,2025
663947,Tyler Holton,116,Detroit Tigers,,P,2026,,,,,,,,,,,,,,,,,,,,,,,,,,,,,,,,,,,,,,,,,,,,,,,,,2025
686469,Vinnie Pasquantino,118,Kansas City Royals,,1B,2026,473.0,414.0,102.0,20.0,2.0,15.0,51.0,3.0,73.0,3.0,5.0,0.0,171.0,60.0,6.0,.246,.330,.413,.743,.263,27.60,1875.0,81.0,163.0,682.0,621.0,164.0,33.0,1.0,32.0,49.0,5.0,107.0,7.0,5.0,0.0,295.0,113.0,14.0,.264,.323,.475,.798,.271,19.41,2572.0,153.0,202.0,2025
686475,Tyler Tolbert,118,Kansas City Royals,,SS,2026,144.0,126.0,37.0,5.0,0.0,3.0,12.0,0.0,29.0,1.0,1.0,4.0,51.0,8.0,3.0,.294,.357,.405,.762,.358,42.00,509.0,32.0,33.0,57.0,50.0,14.0,2.0,0.0,1.0,1.0,0.0,11.0,3.0,2.0,1.0,19.0,6.0,1.0,.280,.321,.380,.701,.325,50.00,189.0,10.0,18.0,2025
694671,Wyatt Langford,140,Texas Rangers,,LF,2026,462.0,402.0,96.0,20.0,2.0,17.0,55.0,1.0,105.0,4.0,1.0,0.0,171.0,44.0,8.0,.239,.335,.425,.760,.281,23.65,1850.0,74.0,128.0,573.0,489.0,118.0,25.0,1.0,22.0,74.0,3.0,151.0,5.0,5.0,0.0,211.0,62.0,9.0,.241,.344,.431,.775,.299,22.23,2335.0,87.0,138.0,2025
694680,Trevor Martin,108,Los Angeles Angels,,P,2026,,,,,,,,,,,,,,,,,,,,,,,,,,,,,,,,,,,,,,,,,,,,,,,,,2025
694673,Abimelec Ortiz,120,Washington Nationals,,1B,2026,132.0,125.0,24.0,5.0,0.0,5.0,7.0,1.0,35.0,0.0,0.0,0.0,44.0,13.0,1.0,.192,.235,.352,.587,.224,25.00,572.0,28.0,38.0,,,,,,,,,,,,,,,,,,,,,,,,,2025
543135,Nathan Eovaldi,140,Texas Rangers,,P,2026,,,,,,,,,,,,,,,,,,,,,,,,,,,,,,,,,,,,,,,,,,,,,,,,,2025
663968,Jake Mangum,134,Pittsburgh Pirates,,CF,2026,472.0,429.0,118.0,19.0,2.0,5.0,25.0,1.0,92.0,12.0,2.0,4.0,156.0,32.0,7.0,.275,.331,.364,.695,.338,85.80,1715.0,138.0,87.0,428.0,405.0,120.0,18.0,1.0,3.0,19.0,0.0,64.0,2.0,1.0,1.0,149.0,40.0,4.0,.296,.330,.368,.698,.345,135.00,1442.0,138.0,85.0,2025
663969,Tyler Phillips,146,Miami Marlins,,P,2026,,,,,,,,,,,,,,,,,,,,,,,,,,,,,,,,,,,,,,,,,,,,,,,,,2025
676263,Jack Dreyer,119,Los Angeles Dodgers,,P,2026,0.0,0.0,0.0,0.0,0.0,0.0,0.0,0.0,0.0,0.0,0.0,0.0,0.0,0.0,0.0,.000,.000,.000,.000,.---,-.--,0.0,0.0,0.0,,,,,,,,,,,,,,,,,,,,,,,,,2025
805300,Jakob Marsee,146,Miami Marlins,,CF,2026,612.0,513.0,119.0,19.0,7.0,11.0,78.0,1.0,126.0,14.0,1.0,6.0,185.0,41.0,4.0,.232,.348,.361,.709,.286,46.64,2362.0,110.0,165.0,234.0,209.0,61.0,18.0,3.0,5.0,22.0,0.0,48.0,2.0,1.0,0.0,100.0,33.0,2.0,.292,.363,.478,.841,.357,41.80,881.0,52.0,49.0,2025
643511,Tyler Rogers,141,Toronto Blue Jays,,P,2026,,,,,,,,,,,,,,,,,,,,,,,,,0.0,0.0,0.0,0.0,0.0,0.0,0.0,0.0,0.0,0.0,0.0,0.0,0.0,0.0,0.0,.000,.000,.000,.000,.---,-.--,0.0,0.0,0.0,2025
663992,Richard Lovelady,120,Washington Nationals,,P,2026,,,,,,,,,,,,,,,,,,,,,,,,,,,,,,,,,,,,,,,,,,,,,,,,,2025
663993,Nathaniel Lowe,114,Cleveland Guardians,,1B,2026,420.0,374.0,94.0,22.0,0.0,17.0,38.0,1.0,99.0,2.0,6.0,0.0,167.0,60.0,3.0,.251,.319,.447,.766,.292,22.00,1737.0,86.0,101.0,609.0,540.0,123.0,23.0,3.0,18.0,62.0,2.0,159.0,2.0,5.0,0.0,206.0,84.0,6.0,.228,.307,.381,.688,.285,30.00,2607.0,130.0,133.0,2025
676282,Joey Cantillo,114,Cleveland Guardians,,P,2026,,,,,,,,,,,,,,,,,,,,,,,,,,,,,,,,,,,,,,,,,,,,,,,,,2025
686527,Dominic Canzone,136,Seattle Mariners,,DH,2026,523.0,469.0,124.0,27.0,4.0,23.0,46.0,2.0,109.0,5.0,3.0,0.0,228.0,77.0,8.0,.264,.335,.486,.821,.297,20.39,1972.0,126.0,113.0,269.0,243.0,73.0,11.0,0.0,11.0,20.0,0.0,59.0,3.0,2.0,0.0,117.0,32.0,6.0,.300,.358,.481,.839,.354,22.09,1028.0,55.0,59.0,2025
608718,Brent Suter,144,Atlanta Braves,,P,2026,,,,,,,,,,,,,,,,,,,,,,,,,,,,,,,,,,,,,,,,,,,,,,,,,2025
518595,Travis d'Arnaud,108,Los Angeles Angels,,C,2026,84.0,76.0,12.0,3.0,0.0,1.0,6.0,0.0,24.0,2.0,0.0,0.0,18.0,3.0,1.0,.158,.238,.237,.475,.216,76.00,317.0,20.0,20.0,231.0,213.0,42.0,13.0,0.0,6.0,13.0,0.0,74.0,4.0,1.0,0.0,73.0,21.0,5.0,.197,.255,.343,.598,.269,35.50,873.0,45.0,53.0,2025
641487,J.P. Crawford,136,Seattle Mariners,,SS,2026,481.0,404.0,88.0,12.0,0.0,13.0,64.0,1.0,95.0,8.0,3.0,2.0,139.0,38.0,6.0,.218,.334,.344,.678,.251,31.08,2043.0,111.0,115.0,654.0,570.0,151.0,24.0,0.0,12.0,74.0,1.0,122.0,3.0,1.0,6.0,211.0,58.0,11.0,.265,.352,.370,.722,.318,47.50,2731.0,155.0,149.0,2025
694738,Landen Roupp,137,San Francisco Giants,,P,2026,,,,,,,,,,,,,,,,,,,,,,,,,,,,,,,,,,,,,,,,,,,,,,,,,2025
621016,Jose Cuas,118,Kansas City Royals,,P,2026,,,,,,,,,,,,,,,,,,,,,,,,,,,,,,,,,,,,,,,,,,,,,,,,,2025
686555,Isaac Collins,118,Kansas City Royals,,LF,2026,511.0,435.0,93.0,24.0,3.0,6.0,63.0,0.0,118.0,7.0,3.0,3.0,141.0,40.0,8.0,.214,.321,.324,.645,.277,72.50,2036.0,105.0,125.0,441.0,372.0,98.0,22.0,3.0,9.0,57.0,0.0,93.0,6.0,3.0,3.0,153.0,54.0,8.0,.263,.368,.411,.779,.326,41.33,1792.0,91.0,96.0,2025
686560,Gavin Collyer,140,Texas Rangers,,P,2026,,,,,,,,,,,,,,,,,,,,,,,,,,,,,,,,,,,,,,,,,,,,,,,,,2025
684516,Hancel Rincon,138,St. Louis Cardinals,,P,2026,,,,,,,,,,,,,,,,,,,,,,,,,,,,,,,,,,,,,,,,,,,,,,,,,2025
805345,Trent Harris,137,San Francisco Giants,,P,2026,,,,,,,,,,,,,,,,,,,,,,,,,,,,,,,,,,,,,,,,,,,,,,,,,2025
805346,Ben Ross,142,Minnesota Twins,,SS,2026,21.0,21.0,4.0,2.0,1.0,0.0,0.0,0.0,11.0,0.0,0.0,0.0,8.0,1.0,0.0,.190,.190,.381,.571,.400,-.--,90.0,4.0,2.0,,,,,,,,,,,,,,,,,,,,,,,,,2025
815589,Bo Davidson,137,San Francisco Giants,,LF,2026,14.0,13.0,4.0,0.0,0.0,0.0,1.0,0.0,4.0,0.0,0.0,0.0,4.0,0.0,0.0,.308,.357,.308,.665,.444,-.--,48.0,4.0,1.0,,,,,,,,,,,,,,,,,,,,,,,,,2025
805367,Chase Meidroth,145,Chicago White Sox,,2B,2026,641.0,564.0,155.0,30.0,0.0,16.0,61.0,0.0,141.0,6.0,4.0,5.0,233.0,63.0,8.0,.275,.350,.413,.763,.338,35.25,2643.0,156.0,121.0,505.0,450.0,114.0,15.0,0.0,5.0,45.0,0.0,72.0,6.0,1.0,3.0,144.0,23.0,14.0,.253,.329,.320,.649,.291,90.00,2057.0,149.0,119.0,2025
678391,Jorbit Vivas,120,Washington Nationals,,3B,2026,363.0,310.0,74.0,15.0,1.0,3.0,41.0,0.0,53.0,4.0,4.0,3.0,100.0,31.0,3.0,.239,.331,.323,.654,.275,103.33,1308.0,97.0,93.0,66.0,56.0,9.0,2.0,0.0,1.0,5.0,0.0,13.0,3.0,0.0,0.0,14.0,5.0,0.0,.161,.266,.250,.516,.190,56.00,246.0,17.0,17.0,2025
664040,Brandon Lowe,134,Pittsburgh Pirates,,2B,2026,652.0,580.0,151.0,29.0,1.0,34.0,62.0,1.0,189.0,3.0,7.0,0.0,284.0,95.0,8.0,.260,.331,.490,.821,.321,17.06,2610.0,110.0,137.0,553.0,507.0,130.0,19.0,0.0,31.0,38.0,1.0,149.0,2.0,6.0,0.0,242.0,83.0,6.0,.256,.307,.477,.784,.297,16.36,2146.0,107.0,127.0,2025
664062,Tony Gonsolin,118,Kansas City Royals,,P,2026,,,,,,,,,,,,,,,,,,,,,,,,,,,,,,,,,,,,,,,,,,,,,,,,,2025
543238,Anthony Gose,118,Kansas City Royals,,P,2026,,,,,,,,,,,,,,,,,,,,,,,,,,,,,,,,,,,,,,,,,,,,,,,,,2025
571912,Luke Maile,118,Kansas City Royals,,C,2026,45.0,41.0,7.0,2.0,0.0,1.0,4.0,0.0,14.0,0.0,0.0,0.0,12.0,5.0,2.0,.171,.244,.293,.537,.231,41.00,165.0,8.0,12.0,54.0,45.0,11.0,2.0,0.0,1.0,7.0,0.0,16.0,0.0,0.0,2.0,16.0,6.0,1.0,.244,.346,.356,.702,.357,45.00,214.0,11.0,9.0,2025
688642,Zach Agnos,115,Colorado Rockies,,P,2026,,,,,,,,,,,,,,,,,,,,,,,,,0.0,0.0,0.0,0.0,0.0,0.0,0.0,0.0,0.0,0.0,0.0,0.0,0.0,0.0,0.0,.000,.000,.000,.000,.---,-.--,0.0,0.0,0.0,2025
694795,Josh Ekness,146,Miami Marlins,,P,2026,,,,,,,,,,,,,,,,,,,,,,,,,,,,,,,,,,,,,,,,,,,,,,,,,2025
676369,Nelson Velázquez,117,Houston Astros,,LF,2026,112.0,100.0,19.0,4.0,0.0,6.0,9.0,0.0,38.0,1.0,2.0,0.0,41.0,18.0,0.0,.190,.259,.410,.669,.224,16.67,453.0,15.0,30.0,,,,,,,,,,,,,,,,,,,,,,,,,2025
621074,Michael Rucker,136,Seattle Mariners,,P,2026,,,,,,,,,,,,,,,,,,,,,,,,,,,,,,,,,,,,,,,,,,,,,,,,,2025
666126,Carlos Cortes,133,Athletics,,RF,2026,375.0,337.0,86.0,16.0,2.0,10.0,31.0,0.0,62.0,4.0,3.0,0.0,136.0,43.0,14.0,.255,.323,.404,.727,.284,33.70,1505.0,98.0,94.0,99.0,94.0,29.0,8.0,1.0,4.0,3.0,0.0,20.0,0.0,2.0,0.0,51.0,14.0,3.0,.309,.323,.543,.866,.347,23.50,375.0,24.0,23.0,2025
686611,Dylan Crews,120,Washington Nationals,,RF,2026,435.0,397.0,89.0,19.0,1.0,13.0,29.0,0.0,103.0,8.0,1.0,0.0,149.0,44.0,8.0,.224,.290,.375,.665,.270,30.54,1593.0,86.0,120.0,322.0,293.0,61.0,8.0,2.0,10.0,24.0,0.0,76.0,5.0,0.0,0.0,103.0,27.0,4.0,.208,.280,.352,.632,.246,29.30,1150.0,80.0,76.0,2025
686613,Hunter Brown,117,Houston Astros,,P,2026,,,,,,,,,,,,,,,,,,,,,,,,,,,,,,,,,,,,,,,,,,,,,,,,,2025
670231,John Rave,118,Kansas City Royals,,RF,2026,157.0,138.0,32.0,8.0,1.0,6.0,17.0,0.0,37.0,0.0,0.0,2.0,60.0,13.0,2.0,.232,.316,.435,.751,.274,23.00,624.0,37.0,34.0,175.0,153.0,30.0,5.0,0.0,4.0,18.0,0.0,46.0,1.0,1.0,2.0,47.0,14.0,1.0,.196,.283,.307,.590,.250,38.25,749.0,48.0,32.0,2025
672275,Patrick Bailey,114,Cleveland Guardians,,C,2026,338.0,303.0,62.0,8.0,1.0,8.0,28.0,0.0,88.0,1.0,3.0,3.0,96.0,34.0,6.0,.205,.272,.317,.589,.257,37.88,1330.0,82.0,77.0,452.0,409.0,91.0,18.0,3.0,6.0,30.0,0.0,133.0,3.0,6.0,4.0,133.0,55.0,7.0,.222,.277,.325,.602,.308,68.17,1724.0,82.0,113.0,2025
672282,Reid Detmers,108,Los Angeles Angels,,P,2026,,,,,,,,,,,,,,,,,,,,,,,,,,,,,,,,,,,,,,,,,,,,,,,,,2025
694819,Jacob Misiorowski,158,Milwaukee Brewers,,P,2026,,,,,,,,,,,,,,,,,,,,,,,,,,,,,,,,,,,,,,,,,,,,,,,,,2025
666139,Josh Lowe,108,Los Angeles Angels,,LF,2026,339.0,307.0,64.0,11.0,0.0,12.0,25.0,1.0,103.0,3.0,2.0,2.0,111.0,29.0,0.0,.208,.273,.362,.635,.268,25.58,1449.0,54.0,90.0,435.0,396.0,87.0,21.0,2.0,11.0,33.0,1.0,109.0,3.0,2.0,1.0,145.0,40.0,7.0,.220,.283,.366,.649,.273,36.00,1842.0,105.0,98.0,2025
518692,Freddie Freeman,119,Los Angeles Dodgers,,1B,2026,654.0,576.0,167.0,32.0,1.0,16.0,66.0,3.0,115.0,5.0,7.0,0.0,249.0,70.0,22.0,.290,.364,.432,.796,.334,36.00,2706.0,156.0,145.0,627.0,556.0,164.0,39.0,2.0,24.0,60.0,7.0,128.0,6.0,5.0,0.0,279.0,90.0,13.0,.295,.367,.502,.869,.342,23.17,2382.0,128.0,141.0,2025
694820,Braxton Roxby,137,San Francisco Giants,,P,2026,,,,,,,,,,,,,,,,,,,,,,,,,,,,,,,,,,,,,,,,,,,,,,,,,2025
670245,Ryan Watson,108,Los Angeles Angels,,P,2026,,,,,,,,,,,,,,,,,,,,,,,,,,,,,,,,,,,,,,,,,,,,,,,,,2025
676391,Ernie Clement,141,Toronto Blue Jays,,2B,2026,615.0,584.0,153.0,33.0,1.0,9.0,22.0,0.0,57.0,2.0,7.0,0.0,215.0,48.0,14.0,.262,.288,.368,.656,.274,64.89,1897.0,148.0,233.0,588.0,545.0,151.0,35.0,2.0,9.0,27.0,1.0,61.0,4.0,5.0,7.0,217.0,50.0,13.0,.277,.313,.398,.711,.296,60.56,1871.0,129.0,216.0,2025
666152,David Hamilton,158,Milwaukee Brewers,,3B,2026,380.0,333.0,81.0,12.0,3.0,4.0,32.0,0.0,85.0,2.0,0.0,12.0,111.0,26.0,1.0,.243,.313,.333,.646,.316,83.25,1522.0,86.0,93.0,194.0,177.0,35.0,4.0,1.0,6.0,13.0,0.0,47.0,1.0,0.0,3.0,59.0,19.0,3.0,.198,.257,.333,.590,.234,29.50,742.0,44.0,54.0,2025
621097,Jacob Waguespack,116,Detroit Tigers,,P,2026,0.0,0.0,0.0,0.0,0.0,0.0,0.0,0.0,0.0,0.0,0.0,0.0,0.0,0.0,0.0,.000,.000,.000,.000,.---,-.--,0.0,0.0,0.0,,,,,,,,,,,,,,,,,,,,,,,,,2025
676395,Robert Garcia,140,Texas Rangers,,P,2026,,,,,,,,,,,,,,,,,,,,,,,,,0.0,0.0,0.0,0.0,0.0,0.0,0.0,0.0,0.0,0.0,0.0,0.0,0.0,0.0,0.0,.000,.000,.000,.000,.---,-.--,0.0,0.0,0.0,2025
666157,Nick Lodolo,113,Cincinnati Reds,,P,2026,,,,,,,,,,,,,,,,,,,,,,,,,,,,,,,,,,,,,,,,,,,,,,,,,2025
571948,Hoby Milner,136,Seattle Mariners,,P,2026,,,,,,,,,,,,,,,,,,,,,,,,,0.0,0.0,0.0,0.0,0.0,0.0,0.0,0.0,0.0,0.0,0.0,0.0,0.0,0.0,0.0,.000,.000,.000,.000,.---,-.--,0.0,0.0,0.0,2025
623149,Paul Sewald,141,Toronto Blue Jays,,P,2026,,,,,,,,,,,,,,,,,,,,,,,,,,,,,,,,,,,,,,,,,,,,,,,,,2025
666160,Mickey Moniak,115,Colorado Rockies,,LF,2026,433.0,401.0,96.0,17.0,6.0,23.0,22.0,0.0,119.0,3.0,7.0,0.0,194.0,65.0,4.0,.239,.279,.484,.763,.274,17.44,1504.0,72.0,121.0,461.0,434.0,117.0,20.0,8.0,24.0,22.0,1.0,110.0,2.0,3.0,0.0,225.0,68.0,4.0,.270,.306,.518,.824,.307,18.08,1598.0,81.0,129.0,2025
702284,Cole Young,136,Seattle Mariners,,2B,2026,629.0,572.0,139.0,19.0,4.0,17.0,40.0,0.0,108.0,13.0,3.0,1.0,217.0,65.0,9.0,.243,.306,.379,.685,.271,33.65,2388.0,149.0,180.0,257.0,223.0,47.0,7.0,1.0,4.0,28.0,1.0,47.0,2.0,2.0,2.0,68.0,24.0,4.0,.211,.302,.305,.607,.247,55.75,1034.0,52.0,81.0,2025
805427,Drew Sommers,116,Detroit Tigers,,P,2026,,,,,,,,,,,,,,,,,,,,,,,,,,,,,,,,,,,,,,,,,,,,,,,,,2025
545341,Randal Grichuk,145,Chicago White Sox,,DH,2026,272.0,258.0,75.0,25.0,2.0,14.0,10.0,1.0,60.0,1.0,3.0,0.0,146.0,43.0,4.0,.291,.316,.566,.882,.326,18.43,984.0,51.0,75.0,293.0,272.0,62.0,18.0,1.0,9.0,17.0,1.0,61.0,1.0,3.0,0.0,109.0,27.0,6.0,.228,.273,.401,.674,.259,30.22,1077.0,68.0,84.0,2025
664129,Geoff Hartlieb,133,Athletics,,P,2026,,,,,,,,,,,,,,,,,,,,,,,,,,,,,,,,,,,,,,,,,,,,,,,,,2025
666176,Jo Adell,114,Cleveland Guardians,,RF,2026,651.0,595.0,142.0,26.0,1.0,22.0,33.0,1.0,157.0,18.0,5.0,0.0,236.0,93.0,17.0,.239,.296,.397,.693,.285,27.04,2540.0,141.0,160.0,573.0,526.0,124.0,18.0,1.0,37.0,33.0,0.0,151.0,10.0,1.0,0.0,255.0,98.0,10.0,.236,.293,.485,.778,.257,14.22,2220.0,111.0,141.0,2025
571970,Max Muncy,119,Los Angeles Dodgers,,3B,2026,556.0,485.0,121.0,26.0,1.0,29.0,63.0,4.0,140.0,7.0,1.0,0.0,236.0,76.0,8.0,.249,.344,.487,.831,.290,16.72,2262.0,98.0,127.0,388.0,313.0,76.0,10.0,2.0,19.0,64.0,2.0,83.0,6.0,5.0,0.0,147.0,67.0,4.0,.243,.376,.470,.846,.264,16.47,1650.0,61.0,98.0,2025
623168,Tyler Heineman,108,Los Angeles Angels,,C,2026,196.0,174.0,30.0,3.0,1.0,1.0,5.0,0.0,29.0,6.0,0.0,11.0,38.0,9.0,8.0,.172,.222,.218,.440,.201,174.00,676.0,77.0,49.0,174.0,149.0,43.0,8.0,1.0,3.0,12.0,0.0,31.0,6.0,2.0,5.0,62.0,20.0,1.0,.289,.361,.416,.777,.342,49.67,627.0,30.0,52.0,2025
676428,Brant Hurter,116,Detroit Tigers,,P,2026,0.0,0.0,0.0,0.0,0.0,0.0,0.0,0.0,0.0,0.0,0.0,0.0,0.0,0.0,0.0,.000,.000,.000,.000,.---,-.--,0.0,0.0,0.0,,,,,,,,,,,,,,,,,,,,,,,,,2025
668227,Randy Arozarena,136,Seattle Mariners,,LF,2026,661.0,564.0,158.0,32.0,2.0,26.0,68.0,1.0,141.0,25.0,4.0,0.0,272.0,77.0,17.0,.280,.380,.482,.862,.329,21.69,2707.0,149.0,120.0,709.0,613.0,146.0,32.0,1.0,27.0,64.0,2.0,191.0,27.0,5.0,0.0,261.0,76.0,9.0,.238,.334,.426,.760,.298,22.70,2873.0,125.0,156.0,2025
666182,Bo Bichette,121,New York Mets,,3B,2026,686.0,629.0,164.0,25.0,2.0,18.0,48.0,0.0,125.0,2.0,7.0,0.0,247.0,78.0,19.0,.261,.312,.393,.705,.296,34.94,2566.0,180.0,167.0,628.0,582.0,181.0,44.0,1.0,18.0,40.0,2.0,91.0,3.0,3.0,0.0,281.0,94.0,17.0,.311,.357,.483,.840,.342,32.33,2308.0,171.0,142.0,2025
686668,Brenton Doyle,145,Chicago White Sox,,CF,2026,217.0,204.0,47.0,7.0,1.0,4.0,12.0,0.0,72.0,0.0,0.0,1.0,68.0,13.0,2.0,.230,.273,.333,.606,.336,51.00,749.0,44.0,42.0,538.0,502.0,117.0,23.0,2.0,15.0,30.0,0.0,138.0,0.0,4.0,2.0,189.0,57.0,14.0,.233,.274,.376,.650,.289,33.47,1957.0,129.0,124.0,2025
545361,Mike Trout,108,Los Angeles Angels,,CF,2026,629.0,509.0,124.0,26.0,0.0,22.0,106.0,12.0,163.0,11.0,2.0,0.0,216.0,54.0,11.0,.244,.384,.424,.808,.313,23.14,2697.0,88.0,136.0,556.0,456.0,106.0,14.0,1.0,26.0,87.0,10.0,178.0,6.0,6.0,0.0,200.0,64.0,7.0,.232,.359,.439,.798,.310,17.54,2482.0,66.0,112.0,2025
672335,Cionel Pérez,121,New York Mets,,P,2026,,,,,,,,,,,,,,,,,,,,,,,,,0.0,0.0,0.0,0.0,0.0,0.0,0.0,0.0,0.0,0.0,0.0,0.0,0.0,0.0,0.0,.000,.000,.000,.000,.---,-.--,0.0,0.0,0.0,2025
676439,Hunter Feduccia,119,Los Angeles Dodgers,,C,2026,245.0,212.0,48.0,9.0,1.0,3.0,27.0,0.0,59.0,1.0,1.0,4.0,68.0,19.0,2.0,.226,.315,.321,.636,.298,70.67,995.0,45.0,65.0,105.0,88.0,13.0,5.0,0.0,0.0,15.0,0.0,29.0,0.0,2.0,0.0,18.0,8.0,0.0,.148,.267,.205,.472,.213,-.--,477.0,21.0,27.0,2025
676440,Tanner Bibee,114,Cleveland Guardians,,P,2026,,,,,,,,,,,,,,,,,,,,,,,,,,,,,,,,,,,,,,,,,,,,,,,,,2025
678489,Jorge Barrosa,117,Houston Astros,,CF,2026,171.0,143.0,28.0,12.0,1.0,2.0,16.0,0.0,46.0,2.0,1.0,9.0,48.0,12.0,1.0,.196,.284,.336,.620,.271,71.50,731.0,41.0,38.0,77.0,71.0,10.0,3.0,0.0,1.0,2.0,0.0,22.0,1.0,3.0,0.0,16.0,7.0,1.0,.141,.169,.225,.394,.176,71.00,327.0,18.0,24.0,2025
686681,Michael Massey,118,Kansas City Royals,,2B,2026,448.0,419.0,114.0,25.0,1.0,13.0,21.0,0.0,75.0,0.0,5.0,3.0,180.0,49.0,10.0,.272,.303,.430,.733,.301,32.23,1634.0,105.0,133.0,277.0,262.0,64.0,9.0,0.0,3.0,9.0,0.0,43.0,1.0,4.0,1.0,82.0,20.0,3.0,.244,.268,.313,.581,.277,87.33,1013.0,48.0,112.0,2025
666211,Taylor Trammell,117,Houston Astros,,LF,2026,283.0,250.0,49.0,10.0,2.0,8.0,28.0,1.0,88.0,4.0,0.0,1.0,87.0,22.0,3.0,.196,.287,.348,.635,.266,31.25,1088.0,48.0,66.0,135.0,117.0,23.0,7.0,0.0,3.0,17.0,0.0,41.0,0.0,1.0,0.0,39.0,12.0,0.0,.197,.296,.333,.629,.270,39.00,552.0,26.0,28.0,2025
676454,Brendan Cellucci,141,Toronto Blue Jays,,P,2026,,,,,,,,,,,,,,,,,,,,,,,,,,,,,,,,,,,,,,,,,,,,,,,,,2025
684665,Luke Murphy,108,Los Angeles Angels,,P,2026,,,,,,,,,,,,,,,,,,,,,,,,,,,,,,,,,,,,,,,,,,,,,,,,,2025
623211,Huascar Brazobán,145,Chicago White Sox,,P,2026,,,,,,,,,,,,,,,,,,,,,,,,,,,,,,,,,,,,,,,,,,,,,,,,,2025
682608,Peyton Gray,140,Texas Rangers,,P,2026,,,,,,,,,,,,,,,,,,,,,,,,,,,,,,,,,,,,,,,,,,,,,,,,,2025
680570,Grayson Rodriguez,108,Los Angeles Angels,,P,2026,,,,,,,,,,,,,,,,,,,,,,,,,,,,,,,,,,,,,,,,,,,,,,,,,2025
699008,Antwone Kelly,134,Pittsburgh Pirates,,P,2026,,,,,,,,,,,,,,,,,,,,,,,,,,,,,,,,,,,,,,,,,,,,,,,,,2025
676475,Alec Burleson,138,St. Louis Cardinals,,1B,2026,666.0,601.0,168.0,37.0,1.0,25.0,55.0,4.0,119.0,6.0,4.0,0.0,282.0,115.0,12.0,.280,.344,.469,.813,.310,24.04,2462.0,163.0,155.0,546.0,497.0,144.0,26.0,2.0,18.0,39.0,1.0,79.0,3.0,4.0,1.0,228.0,69.0,14.0,.290,.343,.459,.802,.312,27.61,1933.0,119.0,160.0,2025
680574,Matt McLain,113,Cincinnati Reds,,2B,2026,489.0,431.0,81.0,18.0,1.0,15.0,47.0,1.0,137.0,6.0,2.0,3.0,146.0,40.0,3.0,.188,.276,.339,.615,.235,28.73,1974.0,87.0,131.0,577.0,510.0,112.0,18.0,0.0,15.0,55.0,0.0,167.0,5.0,4.0,3.0,175.0,50.0,8.0,.220,.300,.343,.643,.292,34.00,2365.0,96.0,142.0,2025
680577,DaShawn Keirsey Jr.,144,Atlanta Braves,,CF,2026,1.0,1.0,1.0,0.0,0.0,0.0,0.0,0.0,0.0,0.0,0.0,0.0,1.0,0.0,0.0,1.000,1.000,1.000,2.000,1.000,-.--,1.0,0.0,0.0,88.0,84.0,9.0,0.0,0.0,2.0,2.0,0.0,33.0,1.0,0.0,1.0,15.0,6.0,1.0,.107,.138,.179,.317,.143,42.00,348.0,25.0,18.0,2025
672386,Alejandro Kirk,141,Toronto Blue Jays,,C,2026,309.0,273.0,77.0,8.0,0.0,10.0,33.0,5.0,38.0,0.0,3.0,0.0,115.0,43.0,10.0,.282,.356,.421,.777,.294,27.30,1196.0,93.0,68.0,506.0,451.0,127.0,18.0,0.0,15.0,48.0,2.0,59.0,1.0,6.0,0.0,190.0,76.0,16.0,.282,.348,.421,.769,.292,30.07,1977.0,132.0,139.0,2025
682626,Francisco Alvarez,121,New York Mets,,C,2026,416.0,370.0,87.0,14.0,0.0,16.0,38.0,1.0,128.0,4.0,2.0,0.0,149.0,43.0,17.0,.235,.312,.403,.715,.311,23.12,1729.0,86.0,71.0,277.0,246.0,63.0,12.0,1.0,11.0,27.0,0.0,73.0,4.0,0.0,0.0,110.0,32.0,6.0,.256,.339,.447,.786,.321,22.36,1123.0,61.0,49.0,2025
686730,Carson Spiers,113,Cincinnati Reds,,P,2026,,,,,,,,,,,,,,,,,,,,,,,,,,,,,,,,,,,,,,,,,,,,,,,,,2025
699024,Leo Bernal,138,St. Louis Cardinals,,C,2026,94.0,89.0,26.0,3.0,0.0,4.0,5.0,0.0,22.0,0.0,0.0,0.0,41.0,18.0,1.0,.292,.330,.461,.791,.349,22.25,352.0,17.0,24.0,,,,,,,,,,,,,,,,,,,,,,,,,2025
641680,Jonah Heim,133,Athletics,,C,2026,387.0,355.0,73.0,19.0,0.0,13.0,27.0,0.0,69.0,2.0,3.0,0.0,131.0,43.0,10.0,.206,.264,.369,.633,.217,27.31,1446.0,110.0,106.0,433.0,395.0,84.0,14.0,0.0,11.0,32.0,0.0,88.0,1.0,4.0,1.0,131.0,43.0,10.0,.213,.271,.332,.603,.243,35.91,1704.0,106.0,122.0,2025
676510,Nolan Hoffman,118,Kansas City Royals,,P,2026,,,,,,,,,,,,,,,,,,,,,,,,,,,,,,,,,,,,,,,,,,,,,,,,,2025
678545,Osleivis Basabe,137,San Francisco Giants,,2B,2026,142.0,128.0,26.0,3.0,0.0,5.0,9.0,0.0,28.0,3.0,1.0,1.0,44.0,13.0,0.0,.203,.270,.344,.614,.219,25.60,552.0,36.0,40.0,,,,,,,,,,,,,,,,,,,,,,,,,2025
686751,Seth Johnson,133,Athletics,,P,2026,,,,,,,,,,,,,,,,,,,,,,,,,,,,,,,,,,,,,,,,,,,,,,,,,2025
699044,Miguel Ullola,117,Houston Astros,,P,2026,,,,,,,,,,,,,,,,,,,,,,,,,,,,,,,,,,,,,,,,,,,,,,,,,2025
666277,George Soriano,138,St. Louis Cardinals,,P,2026,0.0,0.0,0.0,0.0,0.0,0.0,0.0,0.0,0.0,0.0,0.0,0.0,0.0,0.0,0.0,.000,.000,.000,.000,.---,-.--,0.0,0.0,0.0,,,,,,,,,,,,,,,,,,,,,,,,,2025
682657,Angel Martínez,114,Cleveland Guardians,,LF,2026,408.0,381.0,99.0,24.0,2.0,18.0,13.0,0.0,89.0,7.0,1.0,6.0,181.0,62.0,9.0,.260,.296,.475,.771,.295,21.17,1473.0,95.0,105.0,484.0,446.0,100.0,23.0,2.0,11.0,23.0,0.0,110.0,6.0,4.0,5.0,160.0,45.0,8.0,.224,.269,.359,.628,.271,40.54,1797.0,100.0,145.0,2025
453286,Max Scherzer,141,Toronto Blue Jays,,P,2026,,,,,,,,,,,,,,,,,,,,,,,,,,,,,,,,,,,,,,,,,,,,,,,,,2025
682663,Agustín Ramírez,146,Miami Marlins,,DH,2026,247.0,218.0,52.0,10.0,1.0,5.0,26.0,1.0,59.0,2.0,1.0,0.0,79.0,24.0,9.0,.239,.324,.362,.686,.303,43.60,982.0,61.0,47.0,585.0,537.0,124.0,33.0,1.0,21.0,36.0,2.0,113.0,8.0,4.0,0.0,222.0,67.0,13.0,.231,.287,.413,.700,.253,25.57,2122.0,161.0,143.0,2025
682674,Victor Bericoto,137,San Francisco Giants,,LF,2026,109.0,106.0,25.0,4.0,0.0,5.0,3.0,0.0,30.0,0.0,0.0,0.0,44.0,15.0,3.0,.236,.257,.415,.672,.282,21.20,411.0,26.0,25.0,,,,,,,,,,,,,,,,,,,,,,,,,2025
682668,Luisangel Acuña,145,Chicago White Sox,,SS,2026,219.0,205.0,46.0,4.0,0.0,1.0,9.0,0.0,43.0,1.0,2.0,2.0,53.0,12.0,5.0,.224,.258,.259,.517,.276,205.00,763.0,75.0,45.0,193.0,175.0,41.0,7.0,0.0,0.0,13.0,0.0,37.0,2.0,1.0,2.0,48.0,8.0,6.0,.234,.293,.274,.567,.295,-.--,687.0,58.0,42.0,2025
703155,Lazaro Montes,136,Seattle Mariners,,RF,2026,55.0,49.0,10.0,1.0,0.0,4.0,6.0,0.0,24.0,0.0,0.0,0.0,23.0,10.0,3.0,.204,.291,.469,.760,.286,12.25,237.0,5.0,10.0,,,,,,,,,,,,,,,,,,,,,,,,,2025
672442,Yovanny Cruz,120,Washington Nationals,,P,2026,,,,,,,,,,,,,,,,,,,,,,,,,,,,,,,,,,,,,,,,,,,,,,,,,2025
621242,Edwin Díaz,119,Los Angeles Dodgers,,P,2026,,,,,,,,,,,,,,,,,,,,,,,,,0.0,0.0,0.0,0.0,0.0,0.0,0.0,0.0,0.0,0.0,0.0,0.0,0.0,0.0,0.0,.000,.000,.000,.000,.---,-.--,0.0,0.0,0.0,2025
676534,Calvin Faucher,146,Miami Marlins,,P,2026,,,,,,,,,,,,,,,,,,,,,,,,,,,,,,,,,,,,,,,,,,,,,,,,,2025
686780,Pedro Pagés,138,St. Louis Cardinals,,C,2026,208.0,188.0,40.0,6.0,0.0,4.0,12.0,0.0,56.0,2.0,2.0,4.0,58.0,12.0,5.0,.213,.265,.309,.574,.277,47.00,866.0,47.0,51.0,389.0,361.0,83.0,15.0,0.0,11.0,19.0,1.0,107.0,3.0,3.0,3.0,131.0,45.0,9.0,.230,.272,.363,.635,.293,32.82,1486.0,87.0,90.0,2025
694973,Paul Skenes,134,Pittsburgh Pirates,,P,2026,,,,,,,,,,,,,,,,,,,,,,,,,,,,,,,,,,,,,,,,,,,,,,,,,2025
701121,Logan VanWey,117,Houston Astros,,P,2026,,,,,,,,,,,,,,,,,,,,,,,,,,,,,,,,,,,,,,,,,,,,,,,,,2025
672456,Keider Montero,116,Detroit Tigers,,P,2026,,,,,,,,,,,,,,,,,,,,,,,,,,,,,,,,,,,,,,,,,,,,,,,,,2025
676551,Brewer Hicklen,144,Atlanta Braves,,RF,2026,43.0,35.0,9.0,5.0,0.0,0.0,8.0,0.0,16.0,0.0,0.0,0.0,14.0,3.0,0.0,.257,.395,.400,.795,.474,-.--,167.0,5.0,5.0,4.0,3.0,2.0,0.0,0.0,0.0,1.0,0.0,1.0,0.0,0.0,0.0,2.0,0.0,0.0,.667,.750,.667,1.417,1.000,-.--,18.0,0.0,0.0,2025
666310,Bo Naylor,158,Milwaukee Brewers,,C,2026,98.0,91.0,14.0,2.0,0.0,3.0,7.0,0.0,24.0,0.0,0.0,0.0,25.0,10.0,2.0,.154,.214,.275,.489,.172,30.33,426.0,19.0,34.0,414.0,359.0,70.0,22.0,1.0,14.0,45.0,0.0,99.0,1.0,6.0,3.0,136.0,47.0,4.0,.195,.282,.379,.661,.222,25.64,1681.0,72.0,127.0,2025
686797,Brooks Lee,142,Minnesota Twins,,3B,2026,623.0,578.0,146.0,24.0,3.0,24.0,37.0,1.0,101.0,4.0,3.0,1.0,248.0,83.0,10.0,.253,.301,.429,.730,.268,24.08,2342.0,144.0,191.0,527.0,487.0,115.0,15.0,1.0,16.0,31.0,0.0,92.0,4.0,5.0,0.0,180.0,64.0,11.0,.236,.285,.370,.655,.258,30.44,2009.0,138.0,147.0,2025
641743,Anthony Kay,145,Chicago White Sox,,P,2026,,,,,,,,,,,,,,,,,,,,,,,,,,,,,,,,,,,,,,,,,,,,,,,,,2025
678606,José A. Ferrer,136,Seattle Mariners,,P,2026,,,,,,,,,,,,,,,,,,,,,,,,,0.0,0.0,0.0,0.0,0.0,0.0,0.0,0.0,0.0,0.0,0.0,0.0,0.0,0.0,0.0,.000,.000,.000,.000,.---,-.--,0.0,0.0,0.0,2025
680664,Eduardo Valencia,116,Detroit Tigers,,DH,2026,129.0,120.0,42.0,14.0,0.0,6.0,6.0,0.0,29.0,2.0,0.0,0.0,74.0,18.0,3.0,.350,.391,.617,1.008,.424,20.00,500.0,28.0,21.0,,,,,,,,,,,,,,,,,,,,,,,,,2025
641755,Tyler Kinley,116,Detroit Tigers,,P,2026,0.0,0.0,0.0,0.0,0.0,0.0,0.0,0.0,0.0,0.0,0.0,0.0,0.0,0.0,0.0,.000,.000,.000,.000,.---,-.--,0.0,0.0,0.0,,,,,,,,,,,,,,,,,,,,,,,,,2025
664285,Framber Valdez,116,Detroit Tigers,,P,2026,,,,,,,,,,,,,,,,,,,,,,,,,,,,,,,,,,,,,,,,,,,,,,,,,2025
703197,Michael Arroyo,136,Seattle Mariners,,SS,2026,35.0,29.0,9.0,2.0,0.0,1.0,5.0,0.0,6.0,0.0,1.0,0.0,14.0,4.0,0.0,.310,.400,.483,.883,.348,29.00,107.0,6.0,9.0,,,,,,,,,,,,,,,,,,,,,,,,,2025
701162,Ben Malgeri,116,Detroit Tigers,,RF,2026,137.0,117.0,29.0,5.0,0.0,5.0,17.0,0.0,35.0,2.0,1.0,0.0,49.0,20.0,0.0,.248,.350,.419,.769,.308,23.40,520.0,29.0,25.0,,,,,,,,,,,,,,,,,,,,,,,,,2025
699115,Carlos Jorge,113,Cincinnati Reds,,CF,2026,41.0,39.0,7.0,0.0,1.0,1.0,2.0,0.0,12.0,0.0,0.0,0.0,12.0,1.0,0.0,.179,.220,.308,.528,.231,39.00,153.0,10.0,10.0,,,,,,,,,,,,,,,,,,,,,,,,,2025
680686,Josiah Gray,120,Washington Nationals,,P,2026,,,,,,,,,,,,,,,,,,,,,,,,,,,,,,,,,,,,,,,,,,,,,,,,,2025
690924,Braxton Fulford,115,Colorado Rockies,,C,2026,85.0,74.0,13.0,4.0,0.0,1.0,8.0,0.0,34.0,1.0,2.0,0.0,20.0,7.0,0.0,.176,.259,.270,.529,.293,74.00,352.0,10.0,19.0,120.0,108.0,23.0,5.0,2.0,1.0,7.0,0.0,36.0,2.0,3.0,0.0,35.0,16.0,1.0,.213,.267,.324,.591,.297,108.00,455.0,20.0,32.0,2025
815873,Sean Keys,141,Toronto Blue Jays,,DH,2026,61.0,55.0,11.0,2.0,0.0,2.0,3.0,0.0,20.0,1.0,1.0,0.0,19.0,9.0,0.0,.200,.250,.345,.595,.265,27.50,264.0,11.0,15.0,,,,,,,,,,,,,,,,,,,,,,,,,2025
678662,Ezequiel Tovar,115,Colorado Rockies,,SS,2026,499.0,458.0,99.0,23.0,0.0,12.0,29.0,0.0,129.0,2.0,8.0,2.0,158.0,43.0,8.0,.216,.262,.345,.607,.268,38.17,1863.0,105.0,135.0,390.0,360.0,91.0,18.0,4.0,9.0,21.0,0.0,98.0,1.0,2.0,6.0,144.0,33.0,2.0,.253,.294,.400,.694,.322,40.00,1469.0,76.0,103.0,2025
676617,Riley O'Brien,138,St. Louis Cardinals,,P,2026,0.0,0.0,0.0,0.0,0.0,0.0,0.0,0.0,0.0,0.0,0.0,0.0,0.0,0.0,0.0,.000,.000,.000,.000,.---,-.--,0.0,0.0,0.0,,,,,,,,,,,,,,,,,,,,,,,,,2025
676620,Blake Weiman,108,Los Angeles Angels,,P,2026,,,,,,,,,,,,,,,,,,,,,,,,,,,,,,,,,,,,,,,,,,,,,,,,,2025
680723,Drew Rom,133,Athletics,,P,2026,,,,,,,,,,,,,,,,,,,,,,,,,,,,,,,,,,,,,,,,,,,,,,,,,2025
813841,Jonah Cox,137,San Francisco Giants,,CF,2026,161.0,143.0,37.0,3.0,2.0,4.0,10.0,0.0,62.0,0.0,0.0,7.0,56.0,16.0,0.0,.259,.307,.392,.699,.429,35.75,605.0,27.0,24.0,,,,,,,,,,,,,,,,,,,,,,,,,2025
641816,Tyler Mahle,144,Atlanta Braves,,P,2026,,,,,,,,,,,,,,,,,,,,,,,,,,,,,,,,,,,,,,,,,,,,,,,,,2025
623352,Josh Hader,117,Houston Astros,,P,2026,0.0,0.0,0.0,0.0,0.0,0.0,0.0,0.0,0.0,0.0,0.0,0.0,0.0,0.0,0.0,.000,.000,.000,.000,.---,-.--,0.0,0.0,0.0,0.0,0.0,0.0,0.0,0.0,0.0,0.0,0.0,0.0,0.0,0.0,0.0,0.0,0.0,0.0,.000,.000,.000,.000,.---,-.--,0.0,0.0,0.0,2025
680732,Sean Burke,145,Chicago White Sox,,P,2026,,,,,,,,,,,,,,,,,,,,,,,,,,,,,,,,,,,,,,,,,,,,,,,,,2025
680736,Justin Wrobleski,119,Los Angeles Dodgers,,P,2026,,,,,,,,,,,,,,,,,,,,,,,,,,,,,,,,,,,,,,,,,,,,,,,,,2025
621345,A.J. Minter,142,Minnesota Twins,,P,2026,,,,,,,,,,,,,,,,,,,,,,,,,,,,,,,,,,,,,,,,,,,,,,,,,2025
680737,Michael Helman,140,Texas Rangers,,CF,2026,35.0,30.0,5.0,1.0,0.0,1.0,1.0,0.0,6.0,2.0,1.0,1.0,9.0,2.0,0.0,.167,.235,.300,.535,.167,30.00,113.0,8.0,13.0,110.0,99.0,23.0,5.0,1.0,5.0,7.0,0.0,21.0,1.0,0.0,3.0,45.0,20.0,0.0,.232,.290,.455,.745,.247,19.80,405.0,23.0,35.0,2025
695076,Rhett Lowder,113,Cincinnati Reds,,P,2026,,,,,,,,,,,,,,,,,,,,,,,,,,,,,,,,,,,,,,,,,,,,,,,,,2025
807712,Luke Keaschall,142,Minnesota Twins,,2B,2026,611.0,523.0,147.0,27.0,3.0,10.0,56.0,1.0,87.0,22.0,8.0,2.0,210.0,52.0,8.0,.281,.369,.402,.771,.316,52.30,2280.0,112.0,187.0,207.0,182.0,55.0,14.0,0.0,4.0,19.0,0.0,29.0,5.0,1.0,0.0,81.0,28.0,4.0,.302,.382,.445,.827,.340,45.50,774.0,49.0,50.0,2025
690978,Dax Fulton,146,Miami Marlins,,P,2026,,,,,,,,,,,,,,,,,,,,,,,,,,,,,,,,,,,,,,,,,,,,,,,,,2025
682790,Wikelman González,146,Miami Marlins,,P,2026,,,,,,,,,,,,,,,,,,,,,,,,,,,,,,,,,,,,,,,,,,,,,,,,,2025
805673,Zebby Matthews,142,Minnesota Twins,,P,2026,,,,,,,,,,,,,,,,,,,,,,,,,,,,,,,,,,,,,,,,,,,,,,,,,2025
680744,Ty Madden,116,Detroit Tigers,,P,2026,,,,,,,,,,,,,,,,,,,,,,,,,,,,,,,,,,,,,,,,,,,,,,,,,2025
690986,Kyle Harrison,158,Milwaukee Brewers,,P,2026,,,,,,,,,,,,,,,,,,,,,,,,,,,,,,,,,,,,,,,,,,,,,,,,,2025
690984,Petey Halpin,114,Cleveland Guardians,,CF,2026,190.0,174.0,39.0,4.0,1.0,4.0,8.0,0.0,35.0,2.0,1.0,5.0,57.0,14.0,1.0,.224,.265,.328,.593,.257,43.50,646.0,41.0,65.0,8.0,6.0,2.0,0.0,0.0,0.0,2.0,0.0,2.0,0.0,0.0,0.0,2.0,0.0,0.0,.333,.500,.333,.833,.500,-.--,33.0,1.0,1.0,2025
807727,Charles McAdoo,141,Toronto Blue Jays,,2B,2026,102.0,94.0,24.0,4.0,0.0,2.0,7.0,0.0,25.0,0.0,1.0,0.0,34.0,12.0,3.0,.255,.304,.362,.666,.324,47.00,385.0,19.0,27.0,,,,,,,,,,,,,,,,,,,,,,,,,2025
807726,John Peck,116,Detroit Tigers,,SS,2026,77.0,65.0,11.0,1.0,0.0,0.0,9.0,0.0,16.0,2.0,1.0,0.0,12.0,7.0,2.0,.169,.286,.185,.471,.220,-.--,271.0,16.0,23.0,,,,,,,,,,,,,,,,,,,,,,,,,2025
680755,Braydon Fisher,141,Toronto Blue Jays,,P,2026,,,,,,,,,,,,,,,,,,,,,,,,,,,,,,,,,,,,,,,,,,,,,,,,,2025
660271,Shohei Ohtani,119,Los Angeles Dodgers,,TWP,2026,610.0,515.0,142.0,26.0,4.0,30.0,81.0,16.0,150.0,7.0,5.0,0.0,266.0,81.0,9.0,.276,.378,.517,.895,.329,17.17,2333.0,114.0,114.0,727.0,611.0,172.0,25.0,9.0,55.0,109.0,20.0,187.0,3.0,2.0,0.0,380.0,102.0,9.0,.282,.392,.622,1.014,.315,11.11,2865.0,120.0,134.0,2025
690997,Nolan McLean,121,New York Mets,,P,2026,,,,,,,,,,,,,,,,,,,,,,,,,,,,,,,,,,,,,,,,,,,,,,,,,2025
680757,Steven Kwan,114,Cleveland Guardians,,LF,2026,632.0,535.0,149.0,21.0,2.0,3.0,84.0,1.0,62.0,4.0,3.0,5.0,183.0,31.0,10.0,.279,.379,.342,.721,.309,178.33,2592.0,153.0,179.0,693.0,625.0,170.0,29.0,1.0,11.0,55.0,2.0,60.0,3.0,7.0,3.0,234.0,56.0,3.0,.272,.330,.374,.704,.283,56.82,2786.0,167.0,238.0,2025
807739,Kade Anderson,136,Seattle Mariners,,P,2026,,,,,,,,,,,,,,,,,,,,,,,,,,,,,,,,,,,,,,,,,,,,,,,,,2025
691002,Yohandy Morales,120,Washington Nationals,,1B,2026,44.0,44.0,12.0,4.0,0.0,4.0,0.0,0.0,13.0,0.0,0.0,0.0,28.0,10.0,1.0,.273,.273,.636,.909,.296,11.00,174.0,12.0,7.0,,,,,,,,,,,,,,,,,,,,,,,,,2025
680767,Victor Vodnik,146,Miami Marlins,,P,2026,0.0,0.0,0.0,0.0,0.0,0.0,0.0,0.0,0.0,0.0,0.0,0.0,0.0,0.0,0.0,.000,.000,.000,.000,.---,-.--,0.0,0.0,0.0,0.0,0.0,0.0,0.0,0.0,0.0,0.0,0.0,0.0,0.0,0.0,0.0,0.0,0.0,0.0,.000,.000,.000,.000,.---,-.--,0.0,0.0,0.0,2025
607043,Brandon Nimmo,140,Texas Rangers,,RF,2026,646.0,584.0,152.0,35.0,4.0,14.0,51.0,2.0,148.0,7.0,4.0,0.0,237.0,61.0,13.0,.260,.325,.406,.731,.324,41.71,2537.0,140.0,148.0,652.0,587.0,154.0,27.0,0.0,25.0,50.0,1.0,141.0,7.0,7.0,1.0,256.0,92.0,8.0,.262,.324,.436,.760,.301,23.48,2602.0,149.0,151.0,2025
672580,Maikel Garcia,118,Kansas City Royals,,3B,2026,340.0,308.0,82.0,20.0,3.0,3.0,30.0,0.0,50.0,0.0,2.0,0.0,117.0,38.0,10.0,.266,.329,.380,.709,.307,102.67,1297.0,82.0,96.0,666.0,595.0,170.0,39.0,5.0,16.0,62.0,0.0,84.0,1.0,5.0,3.0,267.0,74.0,14.0,.286,.351,.449,.800,.308,37.19,2519.0,168.0,181.0,2025
514888,Jose Altuve,117,Houston Astros,,2B,2026,563.0,515.0,128.0,24.0,2.0,16.0,40.0,1.0,113.0,3.0,4.0,1.0,204.0,47.0,19.0,.249,.304,.396,.700,.287,32.19,2001.0,145.0,134.0,654.0,588.0,156.0,24.0,1.0,26.0,55.0,5.0,109.0,4.0,6.0,1.0,260.0,77.0,20.0,.265,.329,.442,.771,.283,22.62,2314.0,149.0,181.0,2025
682825,Luis Mey,113,Cincinnati Reds,,P,2026,,,,,,,,,,,,,,,,,,,,,,,,,,,,,,,,,,,,,,,,,,,,,,,,,2025
680777,Ryan Jeffers,142,Minnesota Twins,,C,2026,365.0,314.0,79.0,18.0,2.0,14.0,45.0,2.0,66.0,3.0,2.0,0.0,143.0,55.0,5.0,.252,.349,.455,.804,.275,22.43,1513.0,77.0,95.0,464.0,406.0,108.0,26.0,0.0,9.0,50.0,1.0,91.0,7.0,1.0,0.0,161.0,47.0,9.0,.266,.356,.397,.753,.322,45.11,1879.0,91.0,117.0,2025
680779,Henry Davis,134,Pittsburgh Pirates,,C,2026,295.0,253.0,42.0,6.0,0.0,10.0,28.0,0.0,62.0,8.0,2.0,3.0,78.0,38.0,6.0,.166,.268,.308,.576,.175,25.30,1111.0,59.0,95.0,283.0,252.0,42.0,7.0,0.0,7.0,18.0,0.0,76.0,5.0,3.0,3.0,70.0,22.0,2.0,.167,.234,.278,.512,.203,36.00,1069.0,48.0,92.0,2025
691019,Kyle Teel,145,Chicago White Sox,,C,2026,140.0,115.0,23.0,3.0,0.0,5.0,19.0,0.0,49.0,4.0,1.0,1.0,41.0,26.0,2.0,.200,.331,.357,.688,.290,23.00,596.0,20.0,25.0,297.0,253.0,69.0,11.0,0.0,8.0,37.0,0.0,77.0,5.0,1.0,1.0,104.0,35.0,1.0,.273,.375,.411,.786,.361,31.62,1225.0,49.0,60.0,2025
682829,Elly De La Cruz,113,Cincinnati Reds,,SS,2026,627.0,551.0,157.0,30.0,5.0,30.0,71.0,1.0,172.0,2.0,3.0,0.0,287.0,79.0,7.0,.285,.367,.521,.888,.361,18.37,2600.0,124.0,101.0,699.0,629.0,166.0,31.0,7.0,22.0,67.0,10.0,181.0,2.0,1.0,0.0,277.0,86.0,14.0,.264,.336,.440,.776,.337,28.59,2678.0,166.0,117.0,2025
572233,Christian Walker,117,Houston Astros,,1B,2026,625.0,564.0,126.0,25.0,1.0,28.0,49.0,2.0,146.0,10.0,2.0,0.0,237.0,85.0,14.0,.223,.296,.420,.716,.250,20.14,2445.0,136.0,158.0,640.0,585.0,139.0,24.0,1.0,27.0,40.0,1.0,177.0,11.0,4.0,0.0,246.0,88.0,10.0,.238,.297,.421,.718,.291,21.67,2513.0,111.0,162.0,2025
691023,Jordan Walker,138,St. Louis Cardinals,,RF,2026,659.0,601.0,163.0,33.0,0.0,29.0,50.0,1.0,172.0,4.0,4.0,0.0,283.0,101.0,14.0,.271,.329,.471,.800,.332,20.72,2373.0,133.0,137.0,396.0,363.0,78.0,13.0,1.0,6.0,29.0,1.0,126.0,3.0,1.0,0.0,111.0,41.0,9.0,.215,.278,.306,.584,.310,60.50,1541.0,75.0,85.0,2025
691026,Masyn Winn,138,St. Louis Cardinals,,SS,2026,532.0,470.0,109.0,21.0,2.0,5.0,48.0,0.0,116.0,7.0,7.0,0.0,149.0,56.0,9.0,.232,.308,.317,.625,.292,94.00,2138.0,116.0,136.0,537.0,491.0,124.0,27.0,0.0,9.0,34.0,0.0,102.0,8.0,2.0,2.0,178.0,51.0,11.0,.253,.310,.363,.673,.301,54.56,2256.0,107.0,162.0,2025
670541,Yordan Alvarez,117,Houston Astros,,DH,2026,682.0,558.0,176.0,33.0,1.0,41.0,109.0,33.0,117.0,10.0,5.0,0.0,334.0,102.0,7.0,.315,.433,.599,1.032,.333,13.61,2591.0,95.0,175.0,199.0,165.0,45.0,8.0,0.0,6.0,28.0,5.0,33.0,0.0,6.0,0.0,71.0,27.0,1.0,.273,.367,.430,.797,.295,27.50,803.0,34.0,59.0,2025
686930,Mason Barnett,133,Athletics,,P,2026,,,,,,,,,,,,,,,,,,,,,,,,,,,,,,,,,,,,,,,,,,,,,,,,,2025
682842,Abner Uribe,158,Milwaukee Brewers,,P,2026,0.0,0.0,0.0,0.0,0.0,0.0,0.0,0.0,0.0,0.0,0.0,0.0,0.0,0.0,0.0,.000,.000,.000,.000,.---,-.--,0.0,0.0,0.0,,,,,,,,,,,,,,,,,,,,,,,,,2025
445276,Kenley Jansen,116,Detroit Tigers,,P,2026,0.0,0.0,0.0,0.0,0.0,0.0,0.0,0.0,0.0,0.0,0.0,0.0,0.0,0.0,0.0,.000,.000,.000,.000,.---,-.--,0.0,0.0,0.0,0.0,0.0,0.0,0.0,0.0,0.0,0.0,0.0,0.0,0.0,0.0,0.0,0.0,0.0,0.0,.000,.000,.000,.000,.---,-.--,0.0,0.0,0.0,2025
623454,Drew Anderson,116,Detroit Tigers,,P,2026,,,,,,,,,,,,,,,,,,,,,,,,,,,,,,,,,,,,,,,,,,,,,,,,,2025
686948,Drake Baldwin,144,Atlanta Braves,,C,2026,610.0,544.0,153.0,21.0,0.0,24.0,55.0,2.0,132.0,9.0,2.0,0.0,246.0,77.0,16.0,.281,.356,.452,.808,.331,22.67,2368.0,136.0,125.0,446.0,405.0,111.0,18.0,2.0,19.0,38.0,0.0,68.0,3.0,0.0,0.0,190.0,80.0,9.0,.274,.341,.469,.810,.289,21.32,1750.0,131.0,95.0,2025
623465,Evan Phillips,119,Los Angeles Dodgers,,P,2026,,,,,,,,,,,,,,,,,,,,,,,,,,,,,,,,,,,,,,,,,,,,,,,,,2025
594798,Jacob deGrom,140,Texas Rangers,,P,2026,,,,,,,,,,,,,,,,,,,,,,,,,,,,,,,,,,,,,,,,,,,,,,,,,2025
656240,Scott Blewett,133,Athletics,,P,2026,,,,,,,,,,,,,,,,,,,,,,,,,,,,,,,,,,,,,,,,,,,,,,,,,2025
623474,Jimmy Herget,115,Colorado Rockies,,P,2026,0.0,0.0,0.0,0.0,0.0,0.0,0.0,0.0,0.0,0.0,0.0,0.0,0.0,0.0,0.0,.000,.000,.000,.000,.---,-.--,0.0,0.0,0.0,,,,,,,,,,,,,,,,,,,,,,,,,2025
682877,Juan Brito,113,Cincinnati Reds,,2B,2026,107.0,99.0,26.0,6.0,0.0,3.0,6.0,0.0,24.0,1.0,1.0,0.0,41.0,14.0,3.0,.263,.308,.414,.722,.315,33.00,437.0,26.0,24.0,,,,,,,,,,,,,,,,,,,,,,,,,2025
686973,Louis Varland,141,Toronto Blue Jays,,P,2026,,,,,,,,,,,,,,,,,,,,,,,,,,,,,,,,,,,,,,,,,,,,,,,,,2025
672640,Otto Lopez,146,Miami Marlins,,SS,2026,682.0,622.0,189.0,32.0,9.0,11.0,40.0,1.0,89.0,9.0,11.0,0.0,272.0,71.0,14.0,.304,.349,.437,.786,.334,56.54,2504.0,190.0,165.0,594.0,544.0,134.0,21.0,0.0,15.0,44.0,2.0,82.0,3.0,3.0,0.0,200.0,77.0,9.0,.246,.305,.368,.673,.264,36.27,2129.0,174.0,157.0,2025
641927,Bailey Ober,142,Minnesota Twins,,P,2026,,,,,,,,,,,,,,,,,,,,,,,,,,,,,,,,,,,,,,,,,,,,,,,,,2025
592773,Ryne Stanek,138,St. Louis Cardinals,,P,2026,0.0,0.0,0.0,0.0,0.0,0.0,0.0,0.0,0.0,0.0,0.0,0.0,0.0,0.0,0.0,.000,.000,.000,.000,.---,-.--,0.0,0.0,0.0,0.0,0.0,0.0,0.0,0.0,0.0,0.0,0.0,0.0,0.0,0.0,0.0,0.0,0.0,0.0,.000,.000,.000,.000,.---,-.--,0.0,0.0,0.0,2025
592779,Brock Stewart,119,Los Angeles Dodgers,,P,2026,,,,,,,,,,,,,,,,,,,,,,,,,,,,,,,,,,,,,,,,,,,,,,,,,2025
553869,Elias Díaz,140,Texas Rangers,,C,2026,236.0,217.0,50.0,13.0,0.0,7.0,9.0,1.0,58.0,2.0,4.0,4.0,84.0,34.0,2.0,.230,.263,.387,.650,.276,31.00,935.0,48.0,69.0,283.0,255.0,52.0,7.0,0.0,9.0,21.0,0.0,74.0,2.0,0.0,5.0,86.0,29.0,11.0,.204,.270,.337,.607,.250,28.33,1055.0,51.0,83.0,2025
656271,Brock Burke,113,Cincinnati Reds,,P,2026,,,,,,,,,,,,,,,,,,,,,,,,,,,,,,,,,,,,,,,,,,,,,,,,,2025
641941,Emilio Pagán,113,Cincinnati Reds,,P,2026,,,,,,,,,,,,,,,,,,,,,,,,,,,,,,,,,,,,,,,,,,,,,,,,,2025
670623,Isaac Paredes,117,Houston Astros,,3B,2026,650.0,554.0,144.0,27.0,1.0,24.0,70.0,0.0,87.0,19.0,7.0,0.0,245.0,93.0,16.0,.260,.358,.442,.800,.267,23.08,2884.0,100.0,230.0,438.0,378.0,96.0,15.0,1.0,20.0,50.0,0.0,76.0,8.0,2.0,0.0,173.0,53.0,10.0,.254,.352,.458,.810,.268,18.90,1943.0,73.0,135.0,2025
680869,Zack Gelof,133,Athletics,,3B,2026,427.0,386.0,99.0,16.0,2.0,22.0,31.0,0.0,103.0,7.0,0.0,3.0,185.0,54.0,8.0,.256,.323,.479,.802,.295,17.54,1665.0,94.0,93.0,101.0,92.0,16.0,3.0,0.0,2.0,7.0,0.0,46.0,0.0,1.0,1.0,25.0,7.0,0.0,.174,.230,.272,.502,.311,46.00,416.0,12.0,20.0,2025
805805,Walker Jenkins,142,Minnesota Twins,,CF,2026,85.0,76.0,17.0,2.0,0.0,4.0,7.0,0.0,18.0,1.0,0.0,1.0,31.0,10.0,2.0,.224,.298,.408,.706,.241,19.00,318.0,21.0,21.0,,,,,,,,,,,,,,,,,,,,,,,,,2025
699302,Héctor Rodríguez,113,Cincinnati Reds,,RF,2026,144.0,136.0,31.0,4.0,1.0,6.0,7.0,0.0,39.0,1.0,0.0,0.0,55.0,15.0,0.0,.228,.271,.404,.675,.275,22.67,530.0,38.0,28.0,,,,,,,,,,,,,,,,,,,,,,,,,2025
684974,Craig Yoho,114,Cleveland Guardians,,P,2026,,,,,,,,,,,,,,,,,,,,,,,,,,,,,,,,,,,,,,,,,,,,,,,,,2025
682927,Ronny Simon,134,Pittsburgh Pirates,,RF,2026,63.0,58.0,16.0,3.0,0.0,1.0,4.0,0.0,10.0,0.0,0.0,1.0,22.0,4.0,4.0,.276,.323,.379,.702,.319,58.00,241.0,16.0,17.0,88.0,77.0,18.0,3.0,0.0,0.0,8.0,0.0,15.0,0.0,2.0,1.0,21.0,7.0,1.0,.234,.299,.273,.572,.281,-.--,345.0,23.0,24.0,2025
682928,CJ Abrams,120,Washington Nationals,,SS,2026,646.0,571.0,150.0,30.0,3.0,33.0,57.0,4.0,155.0,12.0,6.0,0.0,285.0,105.0,9.0,.263,.339,.499,.838,.301,17.30,2499.0,113.0,159.0,635.0,580.0,149.0,35.0,5.0,19.0,37.0,1.0,125.0,14.0,3.0,1.0,251.0,60.0,5.0,.257,.315,.433,.748,.296,30.53,2320.0,141.0,169.0,2025
805808,Kevin McGonigle,116,Detroit Tigers,,SS,2026,699.0,597.0,165.0,28.0,5.0,17.0,95.0,1.0,98.0,3.0,4.0,0.0,254.0,70.0,5.0,.276,.376,.425,.801,.305,35.12,2796.0,120.0,218.0,,,,,,,,,,,,,,,,,,,,,,,,,2025
621493,Taylor Ward,136,Seattle Mariners,,DH,2026,606.0,497.0,111.0,20.0,1.0,7.0,99.0,2.0,130.0,7.0,3.0,0.0,154.0,35.0,9.0,.223,.358,.310,.668,.287,71.00,2516.0,117.0,142.0,663.0,579.0,132.0,31.0,2.0,36.0,75.0,1.0,175.0,3.0,6.0,0.0,275.0,103.0,13.0,.228,.317,.475,.792,.257,16.08,2788.0,112.0,166.0,2025
701358,Cam Smith,117,Houston Astros,,RF,2026,558.0,503.0,105.0,17.0,6.0,21.0,41.0,0.0,145.0,7.0,6.0,0.0,197.0,55.0,9.0,.209,.275,.392,.667,.245,23.95,2308.0,130.0,129.0,493.0,441.0,104.0,21.0,3.0,9.0,43.0,0.0,137.0,7.0,2.0,0.0,158.0,51.0,11.0,.236,.312,.358,.670,.320,49.00,2024.0,104.0,98.0,2025
811965,Joshua Kuroda-Grauer,133,Athletics,,3B,2026,69.0,66.0,25.0,7.0,0.0,1.0,2.0,0.0,10.0,1.0,0.0,0.0,35.0,4.0,4.0,.379,.406,.530,.936,.436,66.00,248.0,22.0,9.0,,,,,,,,,,,,,,,,,,,,,,,,,2025
680899,Erik Tolman,120,Washington Nationals,,P,2026,,,,,,,,,,,,,,,,,,,,,,,,,,,,,,,,,,,,,,,,,,,,,,,,,2025
672724,Oswald Peraza,108,Los Angeles Angels,,2B,2026,366.0,337.0,76.0,12.0,2.0,7.0,17.0,0.0,109.0,10.0,1.0,1.0,113.0,25.0,8.0,.226,.282,.335,.617,.311,48.14,1397.0,86.0,68.0,265.0,244.0,40.0,6.0,0.0,5.0,17.0,0.0,80.0,2.0,1.0,0.0,61.0,20.0,6.0,.164,.223,.250,.473,.219,48.80,1005.0,70.0,55.0,2025
605137,Josh Bell,142,Minnesota Twins,,DH,2026,623.0,562.0,143.0,28.0,1.0,20.0,51.0,0.0,123.0,4.0,5.0,0.0,233.0,92.0,20.0,.254,.318,.415,.733,.290,28.10,2484.0,151.0,150.0,533.0,468.0,111.0,16.0,1.0,22.0,57.0,1.0,88.0,5.0,3.0,0.0,195.0,63.0,15.0,.237,.325,.417,.742,.247,21.27,2102.0,137.0,135.0,2025
701398,Sal Stewart,113,Cincinnati Reds,,1B,2026,691.0,614.0,163.0,25.0,0.0,32.0,63.0,5.0,154.0,4.0,10.0,0.0,284.0,111.0,16.0,.265,.333,.463,.796,.299,19.19,2712.0,155.0,152.0,58.0,55.0,14.0,1.0,0.0,5.0,3.0,0.0,15.0,0.0,0.0,0.0,30.0,8.0,1.0,.255,.293,.545,.838,.257,11.00,217.0,10.0,16.0,2025
605141,Mookie Betts,119,Los Angeles Dodgers,,SS,2026,521.0,471.0,122.0,25.0,0.0,22.0,47.0,3.0,55.0,2.0,1.0,0.0,213.0,68.0,14.0,.259,.328,.452,.780,.253,21.41,1916.0,111.0,184.0,663.0,589.0,152.0,23.0,2.0,20.0,61.0,2.0,68.0,3.0,10.0,0.0,239.0,82.0,15.0,.258,.326,.406,.732,.258,29.45,2460.0,136.0,243.0,2025
607192,Tyler Glasnow,119,Los Angeles Dodgers,,P,2026,,,,,,,,,,,,,,,,,,,,,,,,,,,,,,,,,,,,,,,,,,,,,,,,,2025
695257,Billy Cook,134,Pittsburgh Pirates,,CF,2026,53.0,51.0,9.0,1.0,1.0,0.0,1.0,0.0,20.0,1.0,0.0,0.0,12.0,2.0,0.0,.176,.208,.235,.443,.290,-.--,188.0,7.0,15.0,6.0,6.0,2.0,0.0,0.0,0.0,0.0,0.0,1.0,0.0,0.0,0.0,2.0,0.0,0.0,.333,.333,.333,.666,.400,-.--,20.0,2.0,1.0,2025
592866,Trevor Williams,140,Texas Rangers,,P,2026,,,,,,,,,,,,,,,,,,,,,,,,,,,,,,,,,,,,,,,,,,,,,,,,,2025
607200,Erick Fedde,145,Chicago White Sox,,P,2026,,,,,,,,,,,,,,,,,,,,,,,,,,,,,,,,,,,,,,,,,,,,,,,,,2025
682985,Riley Greene,116,Detroit Tigers,,LF,2026,584.0,503.0,142.0,31.0,2.0,21.0,71.0,4.0,153.0,5.0,5.0,0.0,240.0,75.0,12.0,.282,.373,.477,.850,.362,23.95,2436.0,88.0,125.0,655.0,600.0,155.0,31.0,1.0,36.0,46.0,1.0,201.0,4.0,5.0,0.0,296.0,111.0,14.0,.258,.313,.493,.806,.323,16.67,2706.0,118.0,131.0,2025
682982,Daniel Espino,114,Cleveland Guardians,,P,2026,,,,,,,,,,,,,,,,,,,,,,,,,,,,,,,,,,,,,,,,,,,,,,,,,2025
691181,Emmanuel Rodriguez,142,Minnesota Twins,,CF,2026,48.0,45.0,8.0,2.0,1.0,2.0,3.0,0.0,16.0,0.0,0.0,0.0,18.0,5.0,0.0,.178,.229,.400,.629,.222,22.50,178.0,7.0,14.0,,,,,,,,,,,,,,,,,,,,,,,,,2025
682989,Victor Mederos,144,Atlanta Braves,,P,2026,1.0,1.0,1.0,0.0,0.0,0.0,0.0,0.0,0.0,0.0,0.0,0.0,1.0,2.0,0.0,1.000,1.000,1.000,2.000,1.000,-.--,3.0,0.0,0.0,,,,,,,,,,,,,,,,,,,,,,,,,2025
605170,Victor Caratini,142,Minnesota Twins,,C,2026,378.0,323.0,71.0,9.0,0.0,7.0,34.0,1.0,78.0,13.0,8.0,0.0,101.0,44.0,8.0,.220,.312,.313,.625,.260,46.14,1443.0,87.0,95.0,386.0,344.0,89.0,14.0,0.0,12.0,23.0,0.0,65.0,13.0,6.0,0.0,139.0,46.0,8.0,.259,.324,.404,.728,.282,28.67,1417.0,93.0,103.0,2025
592885,Christian Yelich,158,Milwaukee Brewers,,DH,2026,494.0,436.0,103.0,23.0,2.0,12.0,49.0,4.0,132.0,4.0,4.0,1.0,166.0,58.0,7.0,.236,.316,.381,.697,.307,36.33,2061.0,133.0,73.0,644.0,573.0,151.0,21.0,0.0,29.0,64.0,6.0,167.0,6.0,1.0,0.0,259.0,103.0,6.0,.264,.343,.452,.795,.323,19.76,2601.0,174.0,82.0,2025
691182,Adael Amador,115,Colorado Rockies,,2B,2026,87.0,76.0,21.0,5.0,0.0,4.0,9.0,1.0,11.0,1.0,0.0,1.0,38.0,14.0,0.0,.276,.360,.500,.860,.279,19.00,334.0,27.0,18.0,128.0,113.0,20.0,7.0,0.0,1.0,11.0,0.0,27.0,1.0,0.0,3.0,30.0,10.0,2.0,.177,.256,.265,.521,.224,113.00,451.0,30.0,39.0,2025
687093,Vaughn Grissom,108,Los Angeles Angels,,1B,2026,465.0,414.0,101.0,22.0,0.0,13.0,31.0,0.0,84.0,12.0,6.0,1.0,162.0,71.0,19.0,.244,.311,.391,.702,.272,31.85,1779.0,115.0,121.0,,,,,,,,,,,,,,,,,,,,,,,,,2025
683000,Riley Cornelio,120,Washington Nationals,,P,2026,,,,,,,,,,,,,,,,,,,,,,,,,,,,,,,,,,,,,,,,,,,,,,,,,2025
683003,Jared Jones,134,Pittsburgh Pirates,,P,2026,,,,,,,,,,,,,,,,,,,,,,,,,,,,,,,,,,,,,,,,,,,,,,,,,2025
621566,Matt Olson,144,Atlanta Braves,,1B,2026,691.0,619.0,156.0,34.0,0.0,41.0,64.0,5.0,169.0,3.0,5.0,0.0,313.0,91.0,14.0,.252,.323,.506,.829,.278,15.10,2892.0,129.0,170.0,724.0,624.0,170.0,41.0,2.0,29.0,91.0,2.0,176.0,4.0,5.0,0.0,302.0,95.0,14.0,.272,.366,.484,.850,.333,21.52,3166.0,133.0,150.0,2025
689149,Chad Dallas,141,Toronto Blue Jays,,P,2026,,,,,,,,,,,,,,,,,,,,,,,,,,,,,,,,,,,,,,,,,,,,,,,,,2025
642048,Tayler Saucedo,108,Los Angeles Angels,,P,2026,,,,,,,,,,,,,,,,,,,,,,,,,,,,,,,,,,,,,,,,,,,,,,,,,2025
668674,Lucas Erceg,118,Kansas City Royals,,P,2026,0.0,0.0,0.0,0.0,0.0,0.0,0.0,0.0,0.0,0.0,0.0,0.0,0.0,0.0,0.0,.000,.000,.000,.000,.---,-.--,0.0,0.0,0.0,0.0,0.0,0.0,0.0,0.0,0.0,0.0,0.0,0.0,0.0,0.0,0.0,0.0,0.0,0.0,.000,.000,.000,.000,.---,-.--,0.0,0.0,0.0,2025
668670,Jake Rogers,145,Chicago White Sox,,C,2026,171.0,143.0,23.0,4.0,1.0,4.0,23.0,0.0,51.0,1.0,3.0,1.0,41.0,14.0,4.0,.161,.276,.287,.563,.209,35.75,688.0,31.0,42.0,142.0,123.0,23.0,5.0,2.0,3.0,15.0,0.0,39.0,1.0,2.0,1.0,41.0,19.0,3.0,.187,.277,.333,.610,.241,41.00,570.0,34.0,30.0,2025
666624,Christopher Morel,121,New York Mets,,1B,2026,105.0,98.0,17.0,4.0,0.0,1.0,6.0,0.0,35.0,1.0,0.0,0.0,24.0,6.0,0.0,.173,.229,.245,.474,.258,98.00,387.0,23.0,23.0,305.0,278.0,61.0,16.0,0.0,11.0,25.0,0.0,109.0,2.0,0.0,0.0,110.0,33.0,8.0,.219,.289,.396,.685,.316,25.27,1177.0,40.0,68.0,2025
703492,Nick Morabito,121,New York Mets,,LF,2026,46.0,41.0,8.0,2.0,0.0,0.0,3.0,0.0,16.0,2.0,0.0,0.0,10.0,4.0,0.0,.195,.283,.244,.527,.320,-.--,173.0,9.0,8.0,,,,,,,,,,,,,,,,,,,,,,,,,2025
500743,Miguel Rojas,119,Los Angeles Dodgers,,2B,2026,245.0,220.0,59.0,16.0,0.0,4.0,14.0,0.0,26.0,2.0,7.0,2.0,87.0,22.0,9.0,.268,.309,.395,.704,.279,55.00,855.0,68.0,76.0,317.0,290.0,76.0,18.0,0.0,7.0,24.0,1.0,46.0,0.0,0.0,3.0,115.0,27.0,7.0,.262,.318,.397,.715,.291,41.43,1166.0,83.0,88.0,2025
553993,Eugenio Suárez,113,Cincinnati Reds,,DH,2026,494.0,430.0,91.0,17.0,0.0,26.0,52.0,1.0,166.0,9.0,3.0,0.0,186.0,73.0,6.0,.212,.308,.433,.741,.270,16.54,2018.0,73.0,103.0,657.0,588.0,134.0,28.0,0.0,49.0,46.0,2.0,196.0,16.0,7.0,0.0,309.0,118.0,11.0,.228,.298,.526,.824,.243,12.00,2606.0,100.0,165.0,2025
683021,Michael Stefanic,133,Athletics,,2B,2026,28.0,26.0,9.0,1.0,0.0,0.0,2.0,0.0,6.0,0.0,0.0,0.0,10.0,4.0,0.0,.346,.393,.385,.778,.450,-.--,121.0,7.0,4.0,25.0,22.0,4.0,0.0,0.0,0.0,3.0,0.0,3.0,0.0,0.0,0.0,4.0,0.0,0.0,.182,.280,.182,.462,.211,-.--,98.0,7.0,8.0,2025
672782,Yoendrys Gómez,142,Minnesota Twins,,P,2026,,,,,,,,,,,,,,,,,,,,,,,,,,,,,,,,,,,,,,,,,,,,,,,,,2025
674841,Andrew Alvarez,120,Washington Nationals,,P,2026,,,,,,,,,,,,,,,,,,,,,,,,,,,,,,,,,,,,,,,,,,,,,,,,,2025
543760,Marcus Semien,121,New York Mets,,2B,2026,543.0,490.0,105.0,14.0,1.0,15.0,45.0,0.0,103.0,2.0,5.0,1.0,166.0,49.0,10.0,.214,.280,.339,.619,.239,32.67,2050.0,109.0,179.0,534.0,470.0,108.0,16.0,1.0,15.0,50.0,0.0,93.0,5.0,9.0,0.0,171.0,62.0,8.0,.230,.305,.364,.669,.251,31.33,2075.0,101.0,177.0,2025
676879,Aaron Ashby,158,Milwaukee Brewers,,P,2026,0.0,0.0,0.0,0.0,0.0,0.0,0.0,0.0,0.0,0.0,0.0,0.0,0.0,0.0,0.0,.000,.000,.000,.000,.---,-.--,0.0,0.0,0.0,,,,,,,,,,,,,,,,,,,,,,,,,2025
687134,Bradley Blalock,146,Miami Marlins,,P,2026,,,,,,,,,,,,,,,,,,,,,,,,,,,,,,,,,,,,,,,,,,,,,,,,,2025
701474,Duncan Davitt,137,San Francisco Giants,,P,2026,,,,,,,,,,,,,,,,,,,,,,,,,,,,,,,,,,,,,,,,,,,,,,,,,2025
703520,Brett Bateman,141,Toronto Blue Jays,,CF,2026,173.0,151.0,48.0,6.0,1.0,2.0,17.0,0.0,34.0,2.0,1.0,2.0,62.0,11.0,0.0,.318,.392,.411,.803,.397,75.50,692.0,48.0,24.0,,,,,,,,,,,,,,,,,,,,,,,,,2025
668709,JJ Bleday,113,Cincinnati Reds,,LF,2026,537.0,459.0,98.0,16.0,2.0,23.0,71.0,1.0,118.0,3.0,3.0,0.0,187.0,57.0,6.0,.214,.321,.407,.728,.234,19.96,2109.0,76.0,170.0,344.0,307.0,65.0,17.0,0.0,14.0,36.0,2.0,91.0,0.0,1.0,0.0,124.0,39.0,6.0,.212,.294,.404,.698,.251,21.93,1328.0,61.0,91.0,2025
500779,Jose Quintana,115,Colorado Rockies,,P,2026,,,,,,,,,,,,,,,,,,,,,,,,,,,,,,,,,,,,,,,,,,,,,,,,,2025
642086,Dominic Smith,144,Atlanta Braves,,DH,2026,294.0,264.0,67.0,6.0,1.0,8.0,22.0,1.0,47.0,2.0,5.0,1.0,99.0,44.0,6.0,.254,.311,.375,.686,.276,33.00,1129.0,74.0,82.0,225.0,204.0,58.0,12.0,0.0,5.0,15.0,0.0,42.0,2.0,4.0,0.0,85.0,33.0,5.0,.284,.333,.417,.750,.329,40.80,848.0,46.0,62.0,2025
695336,Thomas Saggese,138,St. Louis Cardinals,,SS,2026,173.0,155.0,36.0,5.0,1.0,4.0,13.0,0.0,47.0,2.0,3.0,0.0,55.0,13.0,4.0,.232,.295,.355,.650,.299,38.75,688.0,32.0,43.0,295.0,275.0,71.0,17.0,0.0,2.0,16.0,0.0,83.0,1.0,2.0,1.0,94.0,25.0,5.0,.258,.299,.342,.641,.359,137.50,1184.0,57.0,67.0,2025
676914,Davis Schneider,141,Toronto Blue Jays,,LF,2026,152.0,121.0,18.0,6.0,0.0,5.0,28.0,0.0,50.0,1.0,1.0,1.0,39.0,15.0,1.0,.149,.311,.322,.633,.194,24.20,685.0,20.0,35.0,227.0,188.0,44.0,5.0,0.0,11.0,36.0,0.0,60.0,2.0,1.0,0.0,82.0,31.0,4.0,.234,.361,.436,.797,.280,17.09,1012.0,26.0,59.0,2025
642100,Gabe Speier,136,Seattle Mariners,,P,2026,0.0,0.0,0.0,0.0,0.0,0.0,0.0,0.0,0.0,0.0,0.0,0.0,0.0,0.0,0.0,.000,.000,.000,.000,.---,-.--,0.0,0.0,0.0,,,,,,,,,,,,,,,,,,,,,,,,,2025
676917,Cade Cavalli,120,Washington Nationals,,P,2026,,,,,,,,,,,,,,,,,,,,,,,,,0.0,0.0,0.0,0.0,0.0,0.0,0.0,0.0,0.0,0.0,0.0,0.0,0.0,0.0,0.0,.000,.000,.000,.000,.---,-.--,0.0,0.0,0.0,2025
685112,Zach McCambley,113,Cincinnati Reds,,P,2026,,,,,,,,,,,,,,,,,,,,,,,,,,,,,,,,,,,,,,,,,,,,,,,,,2025
693304,Nick Gonzales,134,Pittsburgh Pirates,,3B,2026,604.0,547.0,165.0,27.0,1.0,6.0,43.0,0.0,99.0,13.0,1.0,0.0,212.0,61.0,15.0,.302,.366,.388,.754,.359,91.17,2207.0,160.0,124.0,408.0,381.0,99.0,18.0,3.0,5.0,21.0,0.0,73.0,2.0,4.0,0.0,138.0,30.0,12.0,.260,.299,.362,.661,.306,76.20,1405.0,104.0,109.0,2025
693306,Aaron Sabato,142,Minnesota Twins,,1B,2026,6.0,6.0,0.0,0.0,0.0,0.0,0.0,0.0,3.0,0.0,0.0,0.0,0.0,0.0,1.0,.000,.000,.000,.000,.000,-.--,22.0,2.0,1.0,,,,,,,,,,,,,,,,,,,,,,,,,2025
693307,Dillon Dingler,116,Detroit Tigers,,C,2026,603.0,547.0,133.0,27.0,2.0,27.0,34.0,0.0,137.0,15.0,5.0,0.0,245.0,91.0,12.0,.243,.303,.448,.751,.273,20.26,2327.0,124.0,158.0,469.0,435.0,121.0,21.0,2.0,13.0,23.0,2.0,110.0,9.0,1.0,0.0,185.0,57.0,5.0,.278,.327,.425,.752,.345,33.46,1793.0,91.0,114.0,2025
693308,Nick Frasso,115,Colorado Rockies,,P,2026,0.0,0.0,0.0,0.0,0.0,0.0,0.0,0.0,0.0,0.0,0.0,0.0,0.0,0.0,0.0,.000,.000,.000,.000,.---,-.--,0.0,0.0,0.0,,,,,,,,,,,,,,,,,,,,,,,,,2025
543807,George Springer,141,Toronto Blue Jays,,DH,2026,515.0,460.0,114.0,22.0,2.0,15.0,47.0,0.0,94.0,3.0,2.0,0.0,185.0,54.0,10.0,.248,.320,.402,.722,.280,30.67,2023.0,127.0,127.0,586.0,498.0,154.0,27.0,1.0,32.0,69.0,3.0,111.0,8.0,4.0,0.0,279.0,84.0,14.0,.309,.399,.560,.959,.340,15.56,2307.0,105.0,132.0,2025
693313,Carson Seymour,137,San Francisco Giants,,P,2026,,,,,,,,,,,,,,,,,,,,,,,,,,,,,,,,,,,,,,,,,,,,,,,,,2025
689225,Beau Brieske,116,Detroit Tigers,,P,2026,,,,,,,,,,,,,,,,,,,,,,,,,,,,,,,,,,,,,,,,,,,,,,,,,2025
685126,Brandon Eisert,134,Pittsburgh Pirates,,P,2026,0.0,0.0,0.0,0.0,0.0,0.0,0.0,0.0,0.0,0.0,0.0,0.0,0.0,0.0,0.0,.000,.000,.000,.000,.---,-.--,0.0,0.0,0.0,,,,,,,,,,,,,,,,,,,,,,,,,2025
595014,Blake Treinen,119,Los Angeles Dodgers,,P,2026,,,,,,,,,,,,,,,,,,,,,,,,,,,,,,,,,,,,,,,,,,,,,,,,,2025
814154,Scott Bandura,137,San Francisco Giants,,LF,2026,25.0,24.0,5.0,1.0,0.0,0.0,1.0,0.0,14.0,0.0,0.0,0.0,6.0,0.0,0.0,.208,.240,.250,.490,.500,-.--,106.0,1.0,4.0,,,,,,,,,,,,,,,,,,,,,,,,,2025
519242,Chris Sale,144,Atlanta Braves,,P,2026,,,,,,,,,,,,,,,,,,,,,,,,,,,,,,,,,,,,,,,,,,,,,,,,,2025
691277,Deyvison De Los Santos,146,Miami Marlins,,1B,2026,35.0,34.0,5.0,2.0,0.0,0.0,0.0,0.0,10.0,1.0,0.0,0.0,7.0,0.0,1.0,.147,.171,.206,.377,.208,-.--,145.0,10.0,9.0,,,,,,,,,,,,,,,,,,,,,,,,,2025
683083,Nasim Nuñez,120,Washington Nationals,,2B,2026,487.0,426.0,89.0,5.0,3.0,1.0,49.0,0.0,98.0,1.0,2.0,9.0,103.0,36.0,8.0,.209,.291,.242,.533,.267,426.00,1942.0,139.0,111.0,92.0,82.0,19.0,2.0,0.0,4.0,8.0,0.0,20.0,0.0,1.0,1.0,33.0,13.0,1.0,.232,.297,.402,.699,.254,20.50,417.0,26.0,19.0,2025
685133,Wade Meckler,108,Los Angeles Angels,,LF,2026,331.0,294.0,90.0,15.0,1.0,3.0,32.0,0.0,62.0,3.0,0.0,2.0,116.0,27.0,2.0,.306,.380,.395,.775,.380,98.00,1187.0,81.0,63.0,,,,,,,,,,,,,,,,,,,,,,,,,2025
695378,Jack Sinclair,120,Washington Nationals,,P,2026,,,,,,,,,,,,,,,,,,,,,,,,,,,,,,,,,,,,,,,,,,,,,,,,,2025
672841,Carlos Vargas,136,Seattle Mariners,,P,2026,,,,,,,,,,,,,,,,,,,,,,,,,,,,,,,,,,,,,,,,,,,,,,,,,2025
701519,Travis Adams,142,Minnesota Twins,,P,2026,,,,,,,,,,,,,,,,,,,,,,,,,,,,,,,,,,,,,,,,,,,,,,,,,2025
695391,Brett Harris,137,San Francisco Giants,,3B,2026,46.0,39.0,6.0,2.0,0.0,0.0,3.0,0.0,16.0,3.0,0.0,1.0,8.0,2.0,2.0,.154,.267,.205,.472,.261,-.--,175.0,10.0,8.0,84.0,73.0,20.0,5.0,0.0,0.0,7.0,0.0,21.0,2.0,1.0,1.0,25.0,5.0,1.0,.274,.349,.342,.691,.377,-.--,336.0,18.0,16.0,2025
805999,A.J. Ewing,121,New York Mets,,CF,2026,484.0,430.0,109.0,19.0,1.0,10.0,44.0,1.0,123.0,2.0,4.0,4.0,160.0,40.0,3.0,.253,.323,.372,.695,.329,43.00,1891.0,100.0,106.0,,,,,,,,,,,,,,,,,,,,,,,,,2025
656492,Foster Griffin,114,Cleveland Guardians,,P,2026,,,,,,,,,,,,,,,,,,,,,,,,,,,,,,,,,,,,,,,,,,,,,,,,,2025
689254,Mason Fluharty,141,Toronto Blue Jays,,P,2026,,,,,,,,,,,,,,,,,,,,,,,,,,,,,,,,,,,,,,,,,,,,,,,,,2025
703601,Max Clark,116,Detroit Tigers,,CF,2026,197.0,171.0,48.0,11.0,3.0,3.0,18.0,1.0,39.0,4.0,1.0,3.0,74.0,23.0,3.0,.281,.361,.433,.794,.346,57.00,716.0,42.0,46.0,,,,,,,,,,,,,,,,,,,,,,,,,2025
689266,Dylan Dodd,144,Atlanta Braves,,P,2026,,,,,,,,,,,,,,,,,,,,,,,,,,,,,,,,,,,,,,,,,,,,,,,,,2025
703607,Henry Bolte,133,Athletics,,CF,2026,465.0,408.0,113.0,16.0,2.0,11.0,38.0,0.0,131.0,15.0,2.0,1.0,166.0,38.0,5.0,.277,.359,.407,.766,.381,37.09,1740.0,114.0,53.0,,,,,,,,,,,,,,,,,,,,,,,,,2025
687221,Dalton Rushing,119,Los Angeles Dodgers,,C,2026,250.0,221.0,55.0,12.0,0.0,12.0,23.0,0.0,73.0,5.0,1.0,0.0,103.0,36.0,2.0,.249,.332,.466,.798,.314,18.42,938.0,37.0,57.0,155.0,142.0,29.0,5.0,0.0,4.0,10.0,0.0,58.0,1.0,2.0,0.0,46.0,24.0,1.0,.204,.258,.324,.582,.305,35.50,600.0,22.0,35.0,2025
695418,Brad Lord,120,Washington Nationals,,P,2026,0.0,0.0,0.0,0.0,0.0,0.0,0.0,0.0,0.0,0.0,0.0,0.0,0.0,0.0,0.0,.000,.000,.000,.000,.---,-.--,0.0,0.0,0.0,,,,,,,,,,,,,,,,,,,,,,,,,2025
668800,Andrew Knizner,137,San Francisco Giants,,C,2026,78.0,71.0,16.0,4.0,0.0,2.0,4.0,0.0,13.0,3.0,0.0,0.0,26.0,4.0,3.0,.225,.295,.366,.661,.250,35.50,281.0,14.0,28.0,88.0,77.0,17.0,1.0,1.0,1.0,7.0,0.0,10.0,2.0,1.0,1.0,23.0,5.0,0.0,.221,.299,.299,.598,.239,77.00,321.0,24.0,28.0,2025
668804,Bryan Reynolds,134,Pittsburgh Pirates,,LF,2026,693.0,590.0,153.0,40.0,2.0,17.0,88.0,3.0,161.0,11.0,3.0,0.0,248.0,71.0,9.0,.259,.364,.420,.784,.328,34.71,2699.0,145.0,134.0,654.0,587.0,144.0,38.0,3.0,16.0,57.0,1.0,173.0,7.0,3.0,0.0,236.0,73.0,15.0,.245,.318,.402,.720,.319,36.69,2631.0,155.0,118.0,2025
664702,Myles Straw,141,Toronto Blue Jays,,CF,2026,327.0,292.0,71.0,19.0,1.0,3.0,27.0,0.0,43.0,1.0,3.0,4.0,101.0,26.0,4.0,.243,.307,.346,.653,.273,97.33,1257.0,81.0,104.0,299.0,267.0,70.0,14.0,1.0,4.0,19.0,0.0,50.0,1.0,1.0,11.0,98.0,32.0,5.0,.262,.313,.367,.680,.308,66.75,1104.0,68.0,91.0,2025
543877,Christian Vázquez,117,Houston Astros,,C,2026,266.0,242.0,50.0,7.0,0.0,7.0,18.0,1.0,53.0,0.0,1.0,5.0,78.0,25.0,3.0,.207,.261,.322,.583,.235,34.57,1027.0,65.0,80.0,214.0,190.0,36.0,7.0,0.0,3.0,18.0,0.0,35.0,4.0,2.0,0.0,52.0,14.0,3.0,.189,.271,.274,.545,.214,63.33,833.0,48.0,73.0,2025
656529,Sam Hentges,137,San Francisco Giants,,P,2026,0.0,0.0,0.0,0.0,0.0,0.0,0.0,0.0,0.0,0.0,0.0,0.0,0.0,0.0,0.0,.000,.000,.000,.000,.---,-.--,0.0,0.0,0.0,,,,,,,,,,,,,,,,,,,,,,,,,2025
695445,Chase Lee,141,Toronto Blue Jays,,P,2026,,,,,,,,,,,,,,,,,,,,,,,,,,,,,,,,,,,,,,,,,,,,,,,,,2025
683146,Brett Baty,121,New York Mets,,3B,2026,465.0,412.0,99.0,22.0,1.0,11.0,44.0,0.0,122.0,3.0,5.0,0.0,156.0,56.0,5.0,.240,.315,.379,.694,.310,37.46,1867.0,87.0,109.0,432.0,393.0,100.0,13.0,2.0,18.0,33.0,0.0,108.0,2.0,3.0,0.0,171.0,50.0,6.0,.254,.313,.435,.748,.304,21.83,1753.0,117.0,71.0,2025
664728,Kyle Isbel,118,Kansas City Royals,,CF,2026,319.0,290.0,64.0,9.0,1.0,6.0,15.0,0.0,73.0,3.0,2.0,9.0,93.0,24.0,8.0,.221,.265,.321,.586,.272,48.33,1134.0,82.0,82.0,409.0,368.0,94.0,16.0,4.0,4.0,23.0,0.0,74.0,2.0,3.0,13.0,130.0,33.0,7.0,.255,.301,.353,.654,.307,92.00,1470.0,119.0,97.0,2025
687263,Zach Neto,108,Los Angeles Angels,,SS,2026,694.0,613.0,148.0,31.0,5.0,27.0,66.0,1.0,212.0,14.0,1.0,0.0,270.0,77.0,3.0,.241,.329,.440,.769,.323,22.70,2765.0,87.0,167.0,554.0,502.0,129.0,29.0,1.0,26.0,33.0,6.0,149.0,14.0,3.0,2.0,238.0,62.0,5.0,.257,.319,.474,.793,.312,19.31,2171.0,96.0,133.0,2025
642207,Devin Williams,121,New York Mets,,P,2026,0.0,0.0,0.0,0.0,0.0,0.0,0.0,0.0,0.0,0.0,0.0,0.0,0.0,0.0,0.0,.000,.000,.000,.000,.---,-.--,0.0,0.0,0.0,,,,,,,,,,,,,,,,,,,,,,,,,2025
693409,César Prieto,138,St. Louis Cardinals,,3B,2026,35.0,34.0,2.0,0.0,0.0,0.0,1.0,0.0,4.0,0.0,0.0,0.0,2.0,0.0,2.0,.059,.086,.059,.145,.067,-.--,102.0,18.0,10.0,6.0,6.0,1.0,0.0,0.0,0.0,0.0,0.0,5.0,0.0,0.0,0.0,1.0,0.0,0.0,.167,.167,.167,.334,1.000,-.--,25.0,0.0,0.0,2025
650402,Gleyber Torres,116,Detroit Tigers,,2B,2026,420.0,358.0,93.0,13.0,0.0,8.0,57.0,3.0,81.0,3.0,2.0,0.0,130.0,38.0,8.0,.260,.364,.363,.727,.314,44.75,1774.0,97.0,89.0,628.0,532.0,136.0,22.0,0.0,16.0,85.0,0.0,101.0,4.0,7.0,0.0,206.0,74.0,11.0,.256,.358,.387,.745,.284,33.25,2652.0,130.0,172.0,2025
656550,Grant Holmes,144,Atlanta Braves,,P,2026,,,,,,,,,,,,,,,,,,,,,,,,,,,,,,,,,,,,,,,,,,,,,,,,,2025
656546,Jeff Hoffman,142,Minnesota Twins,,P,2026,,,,,,,,,,,,,,,,,,,,,,,,,0.0,0.0,0.0,0.0,0.0,0.0,0.0,0.0,0.0,0.0,0.0,0.0,0.0,0.0,0.0,.000,.000,.000,.000,.---,-.--,0.0,0.0,0.0,2025
683175,Connor Phillips,113,Cincinnati Reds,,P,2026,,,,,,,,,,,,,,,,,,,,,,,,,,,,,,,,,,,,,,,,,,,,,,,,,2025
642215,Weston Wilson,136,Seattle Mariners,,3B,2026,179.0,160.0,33.0,5.0,0.0,4.0,18.0,0.0,57.0,1.0,0.0,0.0,50.0,13.0,2.0,.206,.291,.313,.604,.293,40.00,765.0,35.0,35.0,125.0,111.0,22.0,4.0,0.0,5.0,12.0,0.0,34.0,1.0,0.0,1.0,41.0,17.0,1.0,.198,.282,.369,.651,.236,22.20,536.0,30.0,26.0,2025
828599,Lucas Spence,117,Houston Astros,,CF,2026,53.0,48.0,9.0,1.0,0.0,3.0,4.0,0.0,19.0,1.0,0.0,0.0,19.0,8.0,0.0,.188,.264,.396,.660,.231,16.00,199.0,11.0,9.0,,,,,,,,,,,,,,,,,,,,,,,,,2025
687273,Quinn Mathews,138,St. Louis Cardinals,,P,2026,,,,,,,,,,,,,,,,,,,,,,,,,,,,,,,,,,,,,,,,,,,,,,,,,2025
691384,Luis Perales,120,Washington Nationals,,P,2026,,,,,,,,,,,,,,,,,,,,,,,,,,,,,,,,,,,,,,,,,,,,,,,,,2025
666808,Camilo Doval,137,San Francisco Giants,,P,2026,,,,,,,,,,,,,,,,,,,,,,,,,,,,,,,,,,,,,,,,,,,,,,,,,2025
693433,Bryan Woo,136,Seattle Mariners,,P,2026,,,,,,,,,,,,,,,,,,,,,,,,,,,,,,,,,,,,,,,,,,,,,,,,,2025
660670,Ronald Acuña Jr.,144,Atlanta Braves,,RF,2026,464.0,403.0,104.0,18.0,1.0,20.0,53.0,2.0,102.0,5.0,3.0,0.0,184.0,55.0,7.0,.258,.349,.457,.806,.296,20.15,1847.0,92.0,108.0,412.0,338.0,98.0,12.0,1.0,21.0,71.0,4.0,102.0,3.0,0.0,0.0,175.0,42.0,5.0,.290,.417,.518,.935,.358,16.10,1741.0,72.0,66.0,2025
672960,Kazuma Okamoto,141,Toronto Blue Jays,,3B,2026,629.0,563.0,132.0,26.0,0.0,33.0,57.0,0.0,180.0,6.0,3.0,0.0,257.0,92.0,15.0,.234,.310,.456,.766,.280,17.06,2634.0,104.0,150.0,,,,,,,,,,,,,,,,,,,,,,,,,2025
664770,Nathan Lukes,141,Toronto Blue Jays,,RF,2026,446.0,405.0,113.0,15.0,0.0,10.0,24.0,0.0,64.0,7.0,3.0,7.0,158.0,41.0,13.0,.279,.328,.390,.718,.308,40.50,1743.0,140.0,98.0,438.0,388.0,99.0,19.0,2.0,12.0,38.0,2.0,60.0,2.0,3.0,7.0,158.0,65.0,12.0,.255,.323,.407,.730,.273,32.33,1662.0,125.0,114.0,2025
664774,LaMonte Wade Jr.,117,Houston Astros,,LF,2026,145.0,126.0,26.0,6.0,0.0,4.0,19.0,0.0,36.0,0.0,0.0,0.0,44.0,19.0,0.0,.206,.310,.349,.659,.256,31.50,666.0,24.0,40.0,242.0,209.0,35.0,8.0,2.0,2.0,27.0,1.0,58.0,3.0,1.0,2.0,53.0,18.0,2.0,.167,.271,.254,.525,.220,104.50,1039.0,38.0,81.0,2025
660688,Keibert Ruiz,120,Washington Nationals,,C,2026,351.0,329.0,93.0,24.0,0.0,10.0,16.0,1.0,36.0,3.0,3.0,0.0,147.0,48.0,7.0,.283,.319,.447,.766,.290,32.90,1115.0,83.0,120.0,267.0,255.0,63.0,12.0,0.0,2.0,8.0,0.0,26.0,3.0,1.0,0.0,81.0,25.0,4.0,.247,.277,.318,.595,.268,127.50,888.0,93.0,74.0,2025
695506,Jac Caglianone,118,Kansas City Royals,,RF,2026,545.0,504.0,144.0,29.0,2.0,23.0,33.0,2.0,142.0,7.0,1.0,0.0,246.0,73.0,5.0,.286,.338,.488,.826,.356,21.91,1937.0,121.0,98.0,232.0,210.0,33.0,6.0,1.0,7.0,18.0,0.0,52.0,4.0,0.0,0.0,62.0,18.0,4.0,.157,.237,.295,.532,.172,30.00,858.0,67.0,58.0,2025
668885,Austin Martin,142,Minnesota Twins,,RF,2026,353.0,298.0,69.0,17.0,0.0,3.0,44.0,0.0,66.0,8.0,3.0,0.0,95.0,24.0,6.0,.232,.343,.319,.662,.284,99.33,1375.0,82.0,84.0,181.0,156.0,44.0,8.0,1.0,1.0,22.0,0.0,31.0,1.0,0.0,2.0,57.0,7.0,6.0,.282,.374,.365,.739,.347,156.00,749.0,50.0,33.0,2025
701656,Logan Henderson,158,Milwaukee Brewers,,P,2026,,,,,,,,,,,,,,,,,,,,,,,,,,,,,,,,,,,,,,,,,,,,,,,,,2025
683227,Cody Freeman,140,Texas Rangers,,3B,2026,94.0,83.0,21.0,1.0,1.0,1.0,7.0,0.0,14.0,1.0,0.0,3.0,27.0,6.0,2.0,.253,.319,.325,.644,.294,83.00,380.0,26.0,25.0,121.0,114.0,26.0,4.0,0.0,3.0,5.0,0.0,19.0,0.0,1.0,1.0,39.0,15.0,3.0,.228,.258,.342,.600,.247,38.00,505.0,38.0,33.0,2025
814305,Yunior Tur,133,Athletics,,P,2026,,,,,,,,,,,,,,,,,,,,,,,,,,,,,,,,,,,,,,,,,,,,,,,,,2025
668901,Mark Vientos,121,New York Mets,,1B,2026,290.0,269.0,58.0,11.0,0.0,13.0,15.0,0.0,70.0,3.0,3.0,0.0,108.0,41.0,12.0,.216,.262,.401,.663,.238,20.69,1053.0,66.0,78.0,463.0,424.0,99.0,21.0,2.0,17.0,30.0,0.0,115.0,5.0,4.0,0.0,175.0,61.0,11.0,.233,.289,.413,.702,.277,24.94,1764.0,113.0,101.0,2025
670950,Trevor Richards,145,Chicago White Sox,,P,2026,0.0,0.0,0.0,0.0,0.0,0.0,0.0,0.0,0.0,0.0,0.0,0.0,0.0,0.0,0.0,.000,.000,.000,.000,.---,-.--,0.0,0.0,0.0,0.0,0.0,0.0,0.0,0.0,0.0,0.0,0.0,0.0,0.0,0.0,0.0,0.0,0.0,0.0,.000,.000,.000,.000,.---,-.--,0.0,0.0,0.0,2025
668904,Royce Lewis,142,Minnesota Twins,,1B,2026,501.0,455.0,103.0,24.0,1.0,14.0,38.0,1.0,127.0,3.0,5.0,0.0,171.0,56.0,4.0,.226,.287,.376,.663,.279,32.50,1959.0,82.0,148.0,403.0,376.0,89.0,18.0,0.0,13.0,25.0,0.0,80.0,0.0,2.0,0.0,146.0,52.0,7.0,.237,.283,.388,.671,.267,28.92,1517.0,76.0,133.0,2025
701675,Nathan Church,138,St. Louis Cardinals,,CF,2026,463.0,427.0,107.0,17.0,2.0,10.0,25.0,0.0,78.0,4.0,6.0,1.0,158.0,50.0,6.0,.251,.294,.370,.664,.281,42.70,1756.0,115.0,134.0,65.0,56.0,10.0,1.0,0.0,1.0,3.0,0.0,18.0,3.0,1.0,2.0,14.0,8.0,0.0,.179,.254,.250,.504,.237,56.00,257.0,20.0,11.0,2025
668909,Gavin Williams,114,Cleveland Guardians,,P,2026,,,,,,,,,,,,,,,,,,,,,,,,,,,,,,,,,,,,,,,,,,,,,,,,,2025
701678,Hao-Yu Lee,116,Detroit Tigers,,2B,2026,355.0,323.0,85.0,18.0,2.0,10.0,28.0,1.0,85.0,0.0,3.0,1.0,137.0,46.0,5.0,.263,.319,.424,.743,.325,32.30,1346.0,70.0,87.0,,,,,,,,,,,,,,,,,,,,,,,,,2025
703725,Luis Gastelum,138,St. Louis Cardinals,,P,2026,,,,,,,,,,,,,,,,,,,,,,,,,,,,,,,,,,,,,,,,,,,,,,,,,2025
681198,TJ Rumfield,115,Colorado Rockies,,1B,2026,630.0,546.0,163.0,30.0,3.0,16.0,72.0,0.0,86.0,10.0,2.0,0.0,247.0,72.0,5.0,.299,.389,.452,.841,.330,34.12,2393.0,144.0,155.0,,,,,,,,,,,,,,,,,,,,,,,,,2025
685299,Tanner Gordon,115,Colorado Rockies,,P,2026,,,,,,,,,,,,,,,,,,,,,,,,,,,,,,,,,,,,,,,,,,,,,,,,,2025
695549,Jackson Jobe,116,Detroit Tigers,,P,2026,,,,,,,,,,,,,,,,,,,,,,,,,,,,,,,,,,,,,,,,,,,,,,,,,2025
681217,Chase Silseth,140,Texas Rangers,,P,2026,,,,,,,,,,,,,,,,,,,,,,,,,,,,,,,,,,,,,,,,,,,,,,,,,2025
656638,Alex Lange,118,Kansas City Royals,,P,2026,0.0,0.0,0.0,0.0,0.0,0.0,0.0,0.0,0.0,0.0,0.0,0.0,0.0,0.0,0.0,.000,.000,.000,.000,.---,-.--,0.0,0.0,0.0,,,,,,,,,,,,,,,,,,,,,,,,,2025
656641,Jacob Latz,140,Texas Rangers,,P,2026,0.0,0.0,0.0,0.0,0.0,0.0,0.0,0.0,0.0,0.0,0.0,0.0,0.0,0.0,0.0,.000,.000,.000,.000,.---,-.--,0.0,0.0,0.0,,,,,,,,,,,,,,,,,,,,,,,,,2025
687363,Victor Scott II,138,St. Louis Cardinals,,CF,2026,195.0,166.0,32.0,4.0,0.0,2.0,16.0,0.0,46.0,2.0,1.0,10.0,42.0,9.0,4.0,.193,.270,.253,.523,.252,83.00,716.0,60.0,39.0,463.0,398.0,86.0,15.0,1.0,5.0,42.0,0.0,111.0,10.0,3.0,10.0,118.0,37.0,3.0,.216,.305,.296,.601,.284,79.60,1703.0,104.0,110.0,2025
668933,Graham Ashcraft,113,Cincinnati Reds,,P,2026,,,,,,,,,,,,,,,,,,,,,,,,,,,,,,,,,,,,,,,,,,,,,,,,,2025
668930,Brice Turang,158,Milwaukee Brewers,,2B,2026,672.0,575.0,154.0,37.0,3.0,20.0,89.0,3.0,169.0,1.0,2.0,5.0,257.0,97.0,9.0,.268,.366,.447,.813,.345,28.75,2858.0,145.0,114.0,659.0,584.0,168.0,28.0,2.0,18.0,66.0,1.0,150.0,2.0,5.0,2.0,254.0,81.0,3.0,.288,.359,.435,.794,.356,32.44,2772.0,132.0,141.0,2025
605447,Jordan Romano,115,Colorado Rockies,,P,2026,,,,,,,,,,,,,,,,,,,,,,,,,,,,,,,,,,,,,,,,,,,,,,,,,2025
668941,JoJo Romero,158,Milwaukee Brewers,,P,2026,,,,,,,,,,,,,,,,,,,,,,,,,,,,,,,,,,,,,,,,,,,,,,,,,2025
670990,Yohan Ramírez,134,Pittsburgh Pirates,,P,2026,,,,,,,,,,,,,,,,,,,,,,,,,,,,,,,,,,,,,,,,,,,,,,,,,2025
668942,Josh Rojas,118,Kansas City Royals,,3B,2026,110.0,101.0,24.0,4.0,0.0,2.0,5.0,0.0,16.0,1.0,1.0,2.0,34.0,14.0,0.0,.238,.278,.337,.615,.262,50.50,396.0,25.0,39.0,211.0,189.0,34.0,9.0,0.0,2.0,19.0,0.0,48.0,0.0,2.0,1.0,49.0,11.0,6.0,.180,.252,.259,.511,.227,94.50,797.0,51.0,59.0,2025
668952,Ryan Kreidler,142,Minnesota Twins,,SS,2026,267.0,243.0,53.0,9.0,3.0,8.0,21.0,0.0,61.0,2.0,0.0,1.0,92.0,29.0,6.0,.218,.286,.379,.665,.259,30.38,1001.0,68.0,62.0,44.0,38.0,4.0,0.0,0.0,0.0,4.0,0.0,19.0,0.0,0.0,2.0,4.0,0.0,0.0,.105,.190,.105,.295,.211,-.--,179.0,9.0,8.0,2025
695578,James Wood,120,Washington Nationals,,RF,2026,615.0,506.0,134.0,30.0,1.0,30.0,101.0,10.0,176.0,4.0,4.0,0.0,256.0,77.0,5.0,.265,.389,.506,.895,.342,16.87,2572.0,111.0,89.0,689.0,598.0,153.0,38.0,0.0,31.0,85.0,8.0,221.0,3.0,3.0,0.0,284.0,94.0,12.0,.256,.350,.475,.825,.350,19.29,2887.0,143.0,84.0,2025
668964,Tobias Myers,121,New York Mets,,P,2026,,,,,,,,,,,,,,,,,,,,,,,,,,,,,,,,,,,,,,,,,,,,,,,,,2025
687401,Joey Ortiz,158,Milwaukee Brewers,,SS,2026,415.0,371.0,100.0,14.0,4.0,9.0,35.0,0.0,82.0,0.0,5.0,4.0,149.0,47.0,12.0,.270,.328,.402,.730,.319,41.22,1604.0,103.0,95.0,506.0,470.0,108.0,18.0,1.0,7.0,27.0,0.0,74.0,3.0,0.0,6.0,149.0,45.0,10.0,.230,.276,.317,.593,.260,67.14,1873.0,132.0,162.0,2025
605483,Blake Snell,119,Los Angeles Dodgers,,P,2026,,,,,,,,,,,,,,,,,,,,,,,,,,,,,,,,,,,,,,,,,,,,,,,,,2025
806188,Cade Gibson,146,Miami Marlins,,P,2026,0.0,0.0,0.0,0.0,0.0,0.0,0.0,0.0,0.0,0.0,0.0,0.0,0.0,0.0,0.0,.000,.000,.000,.000,.---,-.--,0.0,0.0,0.0,,,,,,,,,,,,,,,,,,,,,,,,,2025
642350,Jose Siri,108,Los Angeles Angels,,LF,2026,244.0,222.0,52.0,10.0,0.0,9.0,15.0,2.0,79.0,3.0,1.0,3.0,89.0,30.0,9.0,.234,.290,.401,.691,.319,24.67,938.0,46.0,49.0,36.0,32.0,2.0,2.0,0.0,0.0,4.0,0.0,17.0,0.0,0.0,0.0,4.0,1.0,0.0,.063,.167,.125,.292,.133,-.--,162.0,3.0,10.0,2025
800048,Parker Messick,114,Cleveland Guardians,,P,2026,,,,,,,,,,,,,,,,,,,,,,,,,,,,,,,,,,,,,,,,,,,,,,,,,2025
695600,Carter Jensen,118,Kansas City Royals,,C,2026,598.0,523.0,124.0,33.0,2.0,27.0,64.0,1.0,170.0,4.0,7.0,0.0,242.0,81.0,4.0,.237,.321,.463,.784,.291,19.37,2460.0,78.0,158.0,69.0,60.0,18.0,6.0,0.0,3.0,9.0,0.0,12.0,0.0,0.0,0.0,33.0,13.0,1.0,.300,.391,.550,.941,.333,20.00,293.0,17.0,13.0,2025
800050,Chase DeLauter,114,Cleveland Guardians,,RF,2026,554.0,491.0,141.0,30.0,3.0,15.0,59.0,1.0,82.0,1.0,3.0,0.0,222.0,66.0,13.0,.287,.363,.452,.815,.317,32.73,2130.0,130.0,141.0,,,,,,,,,,,,,,,,,,,,,,,,,2025
607536,Kyle Freeland,115,Colorado Rockies,,P,2026,0.0,0.0,0.0,0.0,0.0,0.0,0.0,0.0,0.0,0.0,0.0,0.0,0.0,0.0,0.0,.000,.000,.000,.000,.---,-.--,0.0,0.0,0.0,,,,,,,,,,,,,,,,,,,,,,,,,2025
605488,Jeffrey Springs,133,Athletics,,P,2026,,,,,,,,,,,,,,,,,,,,,,,,,,,,,,,,,,,,,,,,,,,,,,,,,2025
806198,Cooper Pratt,158,Milwaukee Brewers,,SS,2026,258.0,221.0,62.0,6.0,2.0,3.0,25.0,0.0,46.0,2.0,7.0,3.0,81.0,34.0,9.0,.281,.349,.367,.716,.330,73.67,1009.0,66.0,57.0,,,,,,,,,,,,,,,,,,,,,,,,,2025
650556,Bryan Abreu,117,Houston Astros,,P,2026,,,,,,,,,,,,,,,,,,,,,,,,,0.0,0.0,0.0,0.0,0.0,0.0,0.0,0.0,0.0,0.0,0.0,0.0,0.0,0.0,0.0,.000,.000,.000,.000,.---,-.--,0.0,0.0,0.0,2025
642376,Jefry Yan,121,New York Mets,,P,2026,,,,,,,,,,,,,,,,,,,,,,,,,,,,,,,,,,,,,,,,,,,,,,,,,2025
669003,Garrett Mitchell,158,Milwaukee Brewers,,CF,2026,525.0,457.0,120.0,30.0,4.0,11.0,58.0,3.0,166.0,6.0,1.0,3.0,191.0,65.0,4.0,.263,.352,.418,.770,.388,41.54,2105.0,113.0,62.0,78.0,68.0,14.0,4.0,1.0,0.0,7.0,0.0,25.0,1.0,1.0,1.0,20.0,3.0,0.0,.206,.286,.294,.580,.318,-.--,303.0,17.0,14.0,2025
656716,Zach McKinstry,116,Detroit Tigers,,RF,2026,418.0,368.0,74.0,15.0,4.0,4.0,42.0,1.0,68.0,3.0,2.0,3.0,109.0,26.0,4.0,.201,.287,.296,.583,.235,92.00,1600.0,102.0,129.0,511.0,452.0,117.0,23.0,11.0,12.0,46.0,1.0,111.0,7.0,5.0,1.0,198.0,49.0,6.0,.259,.333,.438,.771,.314,37.67,2035.0,116.0,114.0,2025
671056,Iván Herrera,138,St. Louis Cardinals,,DH,2026,709.0,598.0,146.0,26.0,1.0,19.0,75.0,5.0,136.0,31.0,5.0,0.0,231.0,69.0,19.0,.244,.355,.386,.741,.283,31.47,2843.0,181.0,140.0,452.0,388.0,110.0,13.0,0.0,19.0,43.0,1.0,84.0,15.0,4.0,0.0,180.0,66.0,20.0,.284,.373,.464,.837,.315,20.42,1809.0,115.0,83.0,2025
660825,Eduard Bazardo,136,Seattle Mariners,,P,2026,,,,,,,,,,,,,,,,,,,,,,,,,,,,,,,,,,,,,,,,,,,,,,,,,2025
656730,Trevor Megill,158,Milwaukee Brewers,,P,2026,0.0,0.0,0.0,0.0,0.0,0.0,0.0,0.0,0.0,0.0,0.0,0.0,0.0,0.0,0.0,.000,.000,.000,.000,.---,-.--,0.0,0.0,0.0,,,,,,,,,,,,,,,,,,,,,,,,,2025
802139,JJ Wetherholt,138,St. Louis Cardinals,,2B,2026,615.0,533.0,130.0,15.0,0.0,17.0,64.0,2.0,102.0,16.0,2.0,0.0,196.0,51.0,6.0,.244,.341,.368,.709,.272,31.35,2434.0,153.0,150.0,,,,,,,,,,,,,,,,,,,,,,,,,2025
642397,Gregory Soto,134,Pittsburgh Pirates,,P,2026,,,,,,,,,,,,,,,,,,,,,,,,,,,,,,,,,,,,,,,,,,,,,,,,,2025
814430,Brett Callahan,116,Detroit Tigers,,LF,2026,77.0,69.0,15.0,3.0,1.0,1.0,6.0,0.0,25.0,1.0,1.0,0.0,23.0,8.0,0.0,.217,.286,.333,.619,.318,69.00,265.0,9.0,21.0,,,,,,,,,,,,,,,,,,,,,,,,,2025
669022,MacKenzie Gore,140,Texas Rangers,,P,2026,,,,,,,,,,,,,,,,,,,,,,,,,,,,,,,,,,,,,,,,,,,,,,,,,2025
683363,Matt Wilkinson,137,San Francisco Giants,,P,2026,,,,,,,,,,,,,,,,,,,,,,,,,,,,,,,,,,,,,,,,,,,,,,,,,2025
687462,Spencer Horwitz,134,Pittsburgh Pirates,,1B,2026,443.0,379.0,94.0,14.0,1.0,10.0,52.0,0.0,71.0,7.0,5.0,0.0,140.0,49.0,14.0,.248,.345,.369,.714,.277,37.90,1776.0,98.0,121.0,411.0,364.0,99.0,26.0,0.0,11.0,44.0,1.0,73.0,2.0,1.0,0.0,158.0,51.0,7.0,.272,.353,.434,.787,.313,33.09,1698.0,85.0,108.0,2025
681320,Nate Lavender,121,New York Mets,,P,2026,,,,,,,,,,,,,,,,,,,,,,,,,,,,,,,,,,,,,,,,,,,,,,,,,2025
695657,Colson Montgomery,145,Chicago White Sox,,SS,2026,632.0,562.0,112.0,24.0,0.0,31.0,54.0,3.0,224.0,14.0,2.0,0.0,229.0,87.0,7.0,.199,.285,.407,.692,.262,18.13,2431.0,81.0,147.0,284.0,255.0,61.0,9.0,1.0,21.0,25.0,1.0,83.0,2.0,1.0,0.0,135.0,55.0,3.0,.239,.311,.529,.840,.263,12.14,1082.0,50.0,62.0,2025
660844,Leo Rivas,136,Seattle Mariners,,3B,2026,143.0,120.0,18.0,3.0,1.0,0.0,16.0,0.0,40.0,4.0,1.0,2.0,23.0,10.0,3.0,.150,.270,.192,.462,.222,-.--,622.0,27.0,38.0,111.0,90.0,22.0,2.0,0.0,2.0,20.0,0.0,24.0,1.0,0.0,0.0,30.0,9.0,1.0,.244,.387,.333,.720,.313,45.00,520.0,20.0,24.0,2025
701807,Carson Benge,121,New York Mets,,RF,2026,644.0,585.0,162.0,21.0,3.0,20.0,50.0,1.0,140.0,8.0,1.0,0.0,249.0,64.0,7.0,.277,.342,.426,.768,.333,29.25,2631.0,138.0,146.0,,,,,,,,,,,,,,,,,,,,,,,,,2025
687473,Ryan Gusto,146,Miami Marlins,,P,2026,,,,,,,,,,,,,,,,,,,,,,,,,,,,,,,,,,,,,,,,,,,,,,,,,2025
656756,Jordan Montgomery,140,Texas Rangers,,P,2026,0.0,0.0,0.0,0.0,0.0,0.0,0.0,0.0,0.0,0.0,0.0,0.0,0.0,0.0,0.0,.000,.000,.000,.000,.---,-.--,0.0,0.0,0.0,,,,,,,,,,,,,,,,,,,,,,,,,2025
695670,Harry Ford,120,Washington Nationals,,C,2026,114.0,97.0,18.0,6.0,0.0,3.0,16.0,0.0,28.0,1.0,0.0,0.0,33.0,10.0,2.0,.186,.307,.340,.647,.227,32.33,512.0,29.0,22.0,8.0,6.0,1.0,0.0,0.0,0.0,0.0,0.0,3.0,1.0,1.0,0.0,1.0,1.0,0.0,.167,.250,.167,.417,.250,-.--,29.0,1.0,2.0,2025
671096,Andrew Abbott,113,Cincinnati Reds,,P,2026,,,,,,,,,,,,,,,,,,,,,,,,,,,,,,,,,,,,,,,,,,,,,,,,,2025
664954,Brett Sullivan,115,Colorado Rockies,,C,2026,233.0,215.0,49.0,13.0,1.0,7.0,13.0,0.0,38.0,1.0,3.0,1.0,85.0,33.0,4.0,.228,.272,.395,.667,.243,30.71,815.0,50.0,82.0,9.0,6.0,1.0,0.0,0.0,0.0,1.0,0.0,3.0,1.0,1.0,0.0,1.0,2.0,0.0,.167,.333,.167,.500,.250,-.--,36.0,0.0,3.0,2025
695681,Christian Moore,108,Los Angeles Angels,,2B,2026,139.0,129.0,24.0,4.0,1.0,2.0,8.0,0.0,47.0,1.0,1.0,0.0,36.0,18.0,4.0,.186,.237,.279,.516,.272,64.50,564.0,31.0,28.0,184.0,162.0,32.0,5.0,1.0,7.0,19.0,0.0,62.0,1.0,1.0,1.0,60.0,16.0,3.0,.198,.284,.370,.654,.266,23.14,779.0,34.0,36.0,2025
691587,Eury Pérez,146,Miami Marlins,,P,2026,,,,,,,,,,,,,,,,,,,,,,,,,,,,,,,,,,,,,,,,,,,,,,,,,2025
669060,Bryse Wilson,158,Milwaukee Brewers,,P,2026,,,,,,,,,,,,,,,,,,,,,,,,,0.0,0.0,0.0,0.0,0.0,0.0,0.0,0.0,0.0,0.0,0.0,0.0,0.0,0.0,0.0,.000,.000,.000,.000,.---,-.--,0.0,0.0,0.0,2025
671111,Sammy Peralta,108,Los Angeles Angels,,P,2026,,,,,,,,,,,,,,,,,,,,,,,,,,,,,,,,,,,,,,,,,,,,,,,,,2025
669065,Kyle Stowers,146,Miami Marlins,,1B,2026,512.0,447.0,107.0,27.0,4.0,21.0,52.0,5.0,161.0,10.0,2.0,1.0,205.0,65.0,9.0,.239,.331,.459,.790,.322,21.29,1922.0,76.0,106.0,457.0,399.0,115.0,21.0,3.0,25.0,48.0,3.0,125.0,5.0,4.0,1.0,217.0,73.0,6.0,.288,.368,.544,.912,.356,15.96,1712.0,79.0,85.0,2025
691594,Javier Sanoja,146,Miami Marlins,,3B,2026,482.0,453.0,134.0,32.0,5.0,10.0,27.0,2.0,39.0,0.0,1.0,1.0,206.0,68.0,8.0,.296,.335,.455,.790,.306,45.30,1635.0,126.0,156.0,342.0,313.0,76.0,22.0,4.0,6.0,19.0,0.0,41.0,2.0,4.0,4.0,124.0,38.0,2.0,.243,.287,.396,.683,.259,52.17,1218.0,97.0,107.0,2025
607625,Seth Lugo,118,Kansas City Royals,,P,2026,,,,,,,,,,,,,,,,,,,,,,,,,,,,,,,,,,,,,,,,,,,,,,,,,2025
664983,Jake McCarthy,115,Colorado Rockies,,LF,2026,587.0,540.0,158.0,30.0,13.0,15.0,29.0,1.0,95.0,8.0,5.0,4.0,259.0,83.0,8.0,.293,.335,.480,.815,.329,36.00,1926.0,149.0,147.0,222.0,206.0,42.0,7.0,5.0,4.0,10.0,0.0,40.0,2.0,1.0,3.0,71.0,20.0,2.0,.204,.247,.345,.592,.233,51.50,846.0,83.0,45.0,2025
685464,Cade Winquest,138,St. Louis Cardinals,,P,2026,,,,,,,,,,,,,,,,,,,,,,,,,,,,,,,,,,,,,,,,,,,,,,,,,2025
656794,Sean Newcomb,145,Chicago White Sox,,P,2026,,,,,,,,,,,,,,,,,,,,,,,,,,,,,,,,,,,,,,,,,,,,,,,,,2025
814490,Ethan Pecko,117,Houston Astros,,P,2026,,,,,,,,,,,,,,,,,,,,,,,,,,,,,,,,,,,,,,,,,,,,,,,,,2025
701852,Drew Cavanaugh,137,San Francisco Giants,,C,2026,160.0,138.0,31.0,3.0,0.0,1.0,18.0,0.0,47.0,0.0,0.0,4.0,37.0,11.0,4.0,.225,.314,.268,.582,.333,138.00,633.0,33.0,31.0,,,,,,,,,,,,,,,,,,,,,,,,,2025
669084,DL Hall,158,Milwaukee Brewers,,P,2026,0.0,0.0,0.0,0.0,0.0,0.0,0.0,0.0,0.0,0.0,0.0,0.0,0.0,0.0,0.0,.000,.000,.000,.000,.---,-.--,0.0,0.0,0.0,,,,,,,,,,,,,,,,,,,,,,,,,2025
695720,Tommy White,133,Athletics,,3B,2026,190.0,184.0,46.0,5.0,0.0,3.0,5.0,0.0,33.0,0.0,1.0,0.0,60.0,9.0,5.0,.250,.268,.326,.594,.289,61.33,681.0,59.0,47.0,,,,,,,,,,,,,,,,,,,,,,,,,2025
687529,Grant McCray,137,San Francisco Giants,,CF,2026,90.0,76.0,11.0,2.0,1.0,2.0,11.0,1.0,27.0,0.0,0.0,3.0,21.0,4.0,0.0,.145,.253,.276,.529,.191,38.00,388.0,22.0,19.0,26.0,22.0,2.0,0.0,1.0,0.0,2.0,0.0,11.0,0.0,1.0,1.0,4.0,2.0,1.0,.091,.160,.182,.342,.167,-.--,97.0,7.0,4.0,2025
804267,Zac Thornton,121,New York Mets,,P,2026,,,,,,,,,,,,,,,,,,,,,,,,,,,,,,,,,,,,,,,,,,,,,,,,,2025
656811,Ryan O'Hearn,134,Pittsburgh Pirates,,RF,2026,444.0,400.0,107.0,17.0,0.0,18.0,35.0,1.0,96.0,6.0,3.0,0.0,178.0,76.0,15.0,.268,.333,.445,.778,.308,22.22,1709.0,101.0,99.0,544.0,474.0,133.0,21.0,1.0,17.0,58.0,4.0,109.0,8.0,4.0,0.0,207.0,63.0,11.0,.281,.366,.437,.803,.330,27.88,2173.0,117.0,119.0,2025
699823,Tyler Davis,145,Chicago White Sox,,P,2026,,,,,,,,,,,,,,,,,,,,,,,,,,,,,,,,,,,,,,,,,,,,,,,,,2025
681393,Connor Norby,115,Colorado Rockies,,2B,2026,375.0,324.0,79.0,23.0,0.0,7.0,39.0,0.0,107.0,10.0,2.0,0.0,123.0,33.0,6.0,.244,.341,.380,.721,.340,46.29,1443.0,57.0,83.0,337.0,311.0,78.0,17.0,1.0,8.0,18.0,0.0,90.0,5.0,3.0,0.0,121.0,34.0,3.0,.251,.300,.389,.689,.324,38.88,1245.0,68.0,78.0,2025
695731,Braden Montgomery,145,Chicago White Sox,,RF,2026,360.0,318.0,72.0,16.0,3.0,6.0,38.0,0.0,71.0,3.0,1.0,0.0,112.0,38.0,5.0,.226,.314,.352,.666,.273,53.00,1394.0,114.0,62.0,,,,,,,,,,,,,,,,,,,,,,,,,2025
695734,Daylen Lile,120,Washington Nationals,,LF,2026,647.0,594.0,148.0,28.0,8.0,22.0,40.0,3.0,126.0,6.0,7.0,0.0,258.0,89.0,6.0,.249,.300,.434,.734,.278,27.00,2356.0,122.0,205.0,351.0,321.0,96.0,15.0,11.0,9.0,21.0,0.0,56.0,4.0,3.0,1.0,160.0,41.0,5.0,.299,.347,.498,.845,.336,35.67,1306.0,73.0,100.0,2025
693686,Spencer Miles,141,Toronto Blue Jays,,P,2026,,,,,,,,,,,,,,,,,,,,,,,,,,,,,,,,,,,,,,,,,,,,,,,,,2025
681402,Gus Varland,120,Washington Nationals,,P,2026,0.0,0.0,0.0,0.0,0.0,0.0,0.0,0.0,0.0,0.0,0.0,0.0,0.0,0.0,0.0,.000,.000,.000,.000,.---,-.--,0.0,0.0,0.0,,,,,,,,,,,,,,,,,,,,,,,,,2025
665019,Kody Clemens,142,Minnesota Twins,,2B,2026,575.0,523.0,125.0,22.0,7.0,27.0,39.0,1.0,127.0,7.0,3.0,3.0,242.0,79.0,10.0,.239,.299,.463,.762,.263,19.37,2214.0,121.0,156.0,386.0,348.0,74.0,12.0,4.0,19.0,29.0,1.0,93.0,5.0,2.0,2.0,151.0,52.0,4.0,.213,.281,.434,.715,.231,18.32,1529.0,73.0,112.0,2025
671162,Connor Thomas,118,Kansas City Royals,,P,2026,,,,,,,,,,,,,,,,,,,,,,,,,,,,,,,,,,,,,,,,,,,,,,,,,2025
687551,Drew Gilbert,137,San Francisco Giants,,CF,2026,389.0,338.0,81.0,14.0,3.0,11.0,37.0,2.0,70.0,9.0,3.0,2.0,134.0,43.0,10.0,.240,.328,.396,.724,.269,30.73,1537.0,96.0,96.0,109.0,100.0,19.0,5.0,1.0,3.0,7.0,0.0,20.0,1.0,1.0,0.0,35.0,13.0,2.0,.190,.248,.350,.598,.205,33.33,416.0,34.0,28.0,2025
640455,Sean Manaea,121,New York Mets,,P,2026,,,,,,,,,,,,,,,,,,,,,,,,,,,,,,,,,,,,,,,,,,,,,,,,,2025
669127,Shea Langeliers,133,Athletics,,C,2026,460.0,418.0,110.0,21.0,0.0,23.0,36.0,2.0,107.0,5.0,1.0,0.0,200.0,58.0,9.0,.263,.328,.478,.806,.301,18.17,1745.0,80.0,122.0,523.0,481.0,133.0,32.0,0.0,31.0,36.0,1.0,103.0,1.0,5.0,0.0,258.0,72.0,10.0,.277,.325,.536,.861,.290,15.52,1924.0,107.0,143.0,2025
640459,Brian Navarreto,146,Miami Marlins,,C,2026,58.0,50.0,7.0,3.0,0.0,1.0,2.0,0.0,20.0,2.0,1.0,3.0,13.0,3.0,0.0,.140,.200,.260,.460,.200,50.00,234.0,15.0,12.0,15.0,14.0,4.0,2.0,0.0,1.0,0.0,0.0,3.0,0.0,1.0,0.0,9.0,5.0,0.0,.286,.267,.643,.910,.273,14.00,42.0,5.0,3.0,2025
656848,Michael Petersen,146,Miami Marlins,,P,2026,,,,,,,,,,,,,,,,,,,,,,,,,,,,,,,,,,,,,,,,,,,,,,,,,2025
687570,Connor Prielipp,142,Minnesota Twins,,P,2026,,,,,,,,,,,,,,,,,,,,,,,,,,,,,,,,,,,,,,,,,,,,,,,,,2025
673237,Yainer Diaz,117,Houston Astros,,C,2026,351.0,334.0,94.0,15.0,1.0,14.0,12.0,0.0,55.0,3.0,2.0,0.0,153.0,44.0,8.0,.281,.311,.458,.769,.300,23.86,1127.0,116.0,71.0,567.0,542.0,139.0,25.0,1.0,20.0,20.0,2.0,95.0,2.0,3.0,0.0,226.0,70.0,13.0,.256,.284,.417,.701,.277,27.10,1871.0,162.0,149.0,2025
665052,Griffin Conine,146,Miami Marlins,,RF,2026,315.0,276.0,72.0,8.0,0.0,18.0,34.0,0.0,93.0,5.0,0.0,0.0,134.0,41.0,3.0,.261,.352,.486,.838,.327,15.33,1201.0,55.0,56.0,86.0,79.0,20.0,7.0,0.0,2.0,7.0,0.0,25.0,0.0,0.0,0.0,33.0,8.0,0.0,.253,.314,.418,.732,.346,39.50,338.0,21.0,13.0,2025
521692,Salvador Perez,118,Kansas City Royals,,DH,2026,620.0,573.0,131.0,23.0,1.0,21.0,25.0,3.0,119.0,13.0,7.0,0.0,219.0,77.0,20.0,.229,.273,.382,.655,.250,27.29,2319.0,146.0,184.0,641.0,597.0,141.0,35.0,0.0,30.0,28.0,5.0,125.0,12.0,1.0,0.0,266.0,100.0,14.0,.236,.284,.446,.730,.251,19.90,2267.0,145.0,187.0,2025
806367,Turner Hill,137,San Francisco Giants,,LF,2026,118.0,100.0,22.0,6.0,0.0,1.0,13.0,0.0,19.0,2.0,3.0,0.0,31.0,15.0,1.0,.220,.314,.310,.624,.253,100.00,469.0,27.0,35.0,,,,,,,,,,,,,,,,,,,,,,,,,2025
669160,Dustin May,158,Milwaukee Brewers,,P,2026,,,,,,,,,,,,,,,,,,,,,,,,,,,,,,,,,,,,,,,,,,,,,,,,,2025
687597,Jordan Beck,115,Colorado Rockies,,LF,2026,175.0,161.0,31.0,7.0,2.0,1.0,13.0,0.0,55.0,0.0,1.0,0.0,45.0,11.0,5.0,.193,.251,.280,.531,.283,161.00,687.0,31.0,45.0,588.0,539.0,139.0,27.0,5.0,16.0,43.0,0.0,174.0,4.0,1.0,0.0,224.0,53.0,9.0,.258,.317,.416,.733,.351,33.69,2336.0,108.0,119.0,2025
622088,Tejay Antone,113,Cincinnati Reds,,P,2026,,,,,,,,,,,,,,,,,,,,,,,,,,,,,,,,,,,,,,,,,,,,,,,,,2025
691720,Kyle Karros,115,Colorado Rockies,,3B,2026,467.0,403.0,103.0,21.0,3.0,13.0,54.0,2.0,97.0,7.0,3.0,0.0,169.0,49.0,5.0,.256,.351,.419,.770,.304,31.00,1873.0,100.0,106.0,156.0,137.0,31.0,4.0,0.0,1.0,15.0,0.0,41.0,2.0,2.0,0.0,38.0,9.0,5.0,.226,.308,.277,.585,.309,137.00,635.0,33.0,34.0,2025
669199,Lake Bachar,134,Pittsburgh Pirates,,P,2026,,,,,,,,,,,,,,,,,,,,,,,,,,,,,,,,,,,,,,,,,,,,,,,,,2025
691728,Zac Veen,115,Colorado Rockies,,LF,2026,79.0,69.0,16.0,3.0,1.0,3.0,7.0,0.0,31.0,1.0,0.0,2.0,30.0,13.0,0.0,.232,.312,.435,.747,.371,23.00,303.0,11.0,13.0,37.0,34.0,4.0,1.0,0.0,1.0,2.0,0.0,14.0,1.0,0.0,0.0,8.0,2.0,0.0,.118,.189,.235,.424,.158,34.00,140.0,7.0,9.0,2025
572955,Pierce Johnson,113,Cincinnati Reds,,P,2026,,,,,,,,,,,,,,,,,,,,,,,,,,,,,,,,,,,,,,,,,,,,,,,,,2025
669221,Sean Murphy,144,Atlanta Braves,,C,2026,117.0,106.0,18.0,4.0,0.0,3.0,11.0,0.0,36.0,0.0,0.0,0.0,31.0,10.0,1.0,.170,.248,.292,.540,.224,35.33,441.0,33.0,19.0,337.0,291.0,58.0,13.0,0.0,16.0,35.0,1.0,105.0,8.0,3.0,0.0,119.0,45.0,9.0,.199,.300,.409,.709,.243,18.19,1357.0,75.0,56.0,2025
681517,Kyle Leahy,138,St. Louis Cardinals,,P,2026,,,,,,,,,,,,,,,,,,,,,,,,,,,,,,,,,,,,,,,,,,,,,,,,,2025
656945,Tanner Scott,119,Los Angeles Dodgers,,P,2026,,,,,,,,,,,,,,,,,,,,,,,,,0.0,0.0,0.0,0.0,0.0,0.0,0.0,0.0,0.0,0.0,0.0,0.0,0.0,0.0,0.0,.000,.000,.000,.000,.---,-.--,0.0,0.0,0.0,2025
800311,Didier Fuentes,144,Atlanta Braves,,P,2026,0.0,0.0,0.0,0.0,0.0,0.0,0.0,0.0,0.0,0.0,0.0,0.0,0.0,0.0,0.0,.000,.000,.000,.000,.---,-.--,0.0,0.0,0.0,,,,,,,,,,,,,,,,,,,,,,,,,2025
665152,Dean Kremer,142,Minnesota Twins,,P,2026,,,,,,,,,,,,,,,,,,,,,,,,,,,,,,,,,,,,,,,,,,,,,,,,,2025
669242,Tommy Edman,119,Los Angeles Dodgers,,2B,2026,323.0,284.0,68.0,11.0,2.0,8.0,21.0,0.0,67.0,14.0,1.0,3.0,107.0,41.0,4.0,.239,.322,.377,.699,.286,35.50,1190.0,78.0,75.0,377.0,346.0,78.0,13.0,1.0,13.0,19.0,0.0,61.0,6.0,5.0,1.0,132.0,49.0,4.0,.225,.274,.382,.656,.235,26.62,1338.0,110.0,103.0,2025
702021,Will Dion,120,Washington Nationals,,P,2026,,,,,,,,,,,,,,,,,,,,,,,,,,,,,,,,,,,,,,,,,,,,,,,,,2025
691781,Brady House,120,Washington Nationals,,3B,2026,348.0,314.0,77.0,18.0,0.0,10.0,28.0,0.0,90.0,3.0,3.0,0.0,125.0,45.0,5.0,.245,.310,.398,.708,.309,31.40,1261.0,84.0,66.0,274.0,261.0,61.0,11.0,0.0,4.0,8.0,0.0,78.0,0.0,5.0,0.0,84.0,29.0,11.0,.234,.252,.322,.574,.310,65.25,969.0,66.0,61.0,2025
800325,Luis Lara,158,Milwaukee Brewers,,RF,2026,208.0,187.0,46.0,8.0,2.0,1.0,18.0,0.0,45.0,1.0,2.0,0.0,61.0,26.0,2.0,.246,.313,.326,.639,.315,187.00,873.0,57.0,41.0,,,,,,,,,,,,,,,,,,,,,,,,,2025
669257,Will Smith,119,Los Angeles Dodgers,,C,2026,273.0,232.0,60.0,9.0,0.0,10.0,34.0,0.0,44.0,3.0,4.0,0.0,99.0,34.0,5.0,.259,.355,.427,.782,.275,23.20,1163.0,38.0,94.0,436.0,362.0,107.0,20.0,1.0,17.0,64.0,1.0,89.0,5.0,5.0,0.0,180.0,61.0,7.0,.296,.404,.497,.901,.345,21.29,1926.0,57.0,114.0,2025
691785,Marcelo Mayer,137,San Francisco Giants,,2B,2026,239.0,214.0,45.0,10.0,0.0,3.0,18.0,0.0,50.0,3.0,3.0,0.0,64.0,22.0,5.0,.210,.277,.299,.576,.256,71.33,892.0,66.0,56.0,136.0,127.0,29.0,8.0,1.0,4.0,8.0,0.0,41.0,0.0,1.0,0.0,51.0,10.0,2.0,.228,.272,.402,.674,.301,31.75,510.0,36.0,22.0,2025
665161,Jeremy Peña,117,Houston Astros,,SS,2026,471.0,436.0,118.0,19.0,2.0,20.0,24.0,0.0,113.0,9.0,2.0,0.0,201.0,51.0,5.0,.271,.321,.461,.782,.321,21.80,1728.0,102.0,105.0,543.0,493.0,150.0,30.0,2.0,17.0,35.0,2.0,93.0,12.0,2.0,1.0,235.0,62.0,9.0,.304,.363,.477,.840,.345,29.00,1779.0,137.0,116.0,2025
669270,Joel Kuhnel,137,San Francisco Giants,,P,2026,,,,,,,,,,,,,,,,,,,,,,,,,,,,,,,,,,,,,,,,,,,,,,,,,2025
691788,Joe Mack,146,Miami Marlins,,C,2026,330.0,303.0,71.0,9.0,0.0,14.0,19.0,0.0,82.0,2.0,2.0,4.0,122.0,52.0,6.0,.234,.282,.403,.685,.273,21.64,1282.0,89.0,67.0,,,,,,,,,,,,,,,,,,,,,,,,,2025
656986,Bennett Sousa,117,Houston Astros,,P,2026,,,,,,,,,,,,,,,,,,,,,,,,,0.0,0.0,0.0,0.0,0.0,0.0,0.0,0.0,0.0,0.0,0.0,0.0,0.0,0.0,0.0,.000,.000,.000,.000,.---,-.--,0.0,0.0,0.0,2025
691799,Grant Taylor,145,Chicago White Sox,,P,2026,,,,,,,,,,,,,,,,,,,,,,,,,,,,,,,,,,,,,,,,,,,,,,,,,2025
673380,Dedniel Núñez,121,New York Mets,,P,2026,,,,,,,,,,,,,,,,,,,,,,,,,,,,,,,,,,,,,,,,,,,,,,,,,2025
669276,Dylan Lee,144,Atlanta Braves,,P,2026,,,,,,,,,,,,,,,,,,,,,,,,,,,,,,,,,,,,,,,,,,,,,,,,,2025
702056,Trey Yesavage,141,Toronto Blue Jays,,P,2026,,,,,,,,,,,,,,,,,,,,,,,,,,,,,,,,,,,,,,,,,,,,,,,,,2025
679529,Spencer Torkelson,116,Detroit Tigers,,1B,2026,606.0,522.0,121.0,28.0,1.0,26.0,70.0,0.0,191.0,9.0,4.0,0.0,229.0,77.0,13.0,.232,.331,.439,.770,.307,20.08,2568.0,75.0,139.0,649.0,563.0,135.0,27.0,1.0,31.0,72.0,6.0,169.0,9.0,5.0,0.0,257.0,78.0,12.0,.240,.333,.456,.789,.283,18.16,2634.0,88.0,176.0,2025
802408,Brycen Mautz,138,St. Louis Cardinals,,P,2026,,,,,,,,,,,,,,,,,,,,,,,,,,,,,,,,,,,,,,,,,,,,,,,,,2025
683627,Anthony Molina,137,San Francisco Giants,,P,2026,,,,,,,,,,,,,,,,,,,,,,,,,,,,,,,,,,,,,,,,,,,,,,,,,2025
671345,Jason Foley,137,San Francisco Giants,,P,2026,,,,,,,,,,,,,,,,,,,,,,,,,,,,,,,,,,,,,,,,,,,,,,,,,2025
837227,Tatsuya Imai,117,Houston Astros,,P,2026,,,,,,,,,,,,,,,,,,,,,,,,,,,,,,,,,,,,,,,,,,,,,,,,,2025
702070,Noah Cameron,118,Kansas City Royals,,P,2026,,,,,,,,,,,,,,,,,,,,,,,,,,,,,,,,,,,,,,,,,,,,,,,,,2025
663158,Robert Suarez,144,Atlanta Braves,,P,2026,0.0,0.0,0.0,0.0,0.0,0.0,0.0,0.0,0.0,0.0,0.0,0.0,0.0,0.0,0.0,.000,.000,.000,.000,.---,-.--,0.0,0.0,0.0,,,,,,,,,,,,,,,,,,,,,,,,,2025
820862,José Fermin,108,Los Angeles Angels,,P,2026,,,,,,,,,,,,,,,,,,,,,,,,,,,,,,,,,,,,,,,,,,,,,,,,,2025
669302,Logan Gilbert,136,Seattle Mariners,,P,2026,,,,,,,,,,,,,,,,,,,,,,,,,,,,,,,,,,,,,,,,,,,,,,,,,2025
669326,Bryce Teodosio,108,Los Angeles Angels,,LF,2026,68.0,62.0,12.0,2.0,0.0,0.0,5.0,0.0,24.0,0.0,0.0,1.0,14.0,4.0,1.0,.194,.254,.226,.480,.316,-.--,236.0,13.0,14.0,150.0,138.0,28.0,7.0,2.0,1.0,5.0,0.0,47.0,4.0,2.0,1.0,42.0,7.0,2.0,.203,.248,.304,.552,.293,138.00,521.0,33.0,33.0,2025
691858,Jared Serna,146,Miami Marlins,,2B,2026,25.0,23.0,4.0,2.0,0.0,0.0,1.0,0.0,7.0,0.0,1.0,0.0,6.0,2.0,2.0,.174,.200,.261,.461,.235,-.--,90.0,6.0,7.0,,,,,,,,,,,,,,,,,,,,,,,,,2025
689818,David Sandlin,145,Chicago White Sox,,P,2026,,,,,,,,,,,,,,,,,,,,,,,,,,,,,,,,,,,,,,,,,,,,,,,,,2025
681624,Andy Pages,119,Los Angeles Dodgers,,CF,2026,565.0,505.0,139.0,26.0,2.0,22.0,47.0,1.0,110.0,8.0,5.0,0.0,235.0,81.0,11.0,.275,.343,.465,.808,.310,22.96,2291.0,108.0,153.0,624.0,581.0,158.0,27.0,1.0,27.0,29.0,0.0,135.0,8.0,6.0,0.0,268.0,86.0,9.0,.272,.313,.461,.774,.308,21.52,2365.0,117.0,177.0,2025
669357,Nolan Gorman,138,St. Louis Cardinals,,3B,2026,296.0,261.0,49.0,6.0,0.0,9.0,32.0,2.0,94.0,0.0,3.0,0.0,82.0,33.0,1.0,.188,.274,.314,.588,.248,29.00,1222.0,40.0,81.0,402.0,351.0,72.0,14.0,1.0,14.0,47.0,2.0,136.0,0.0,4.0,0.0,130.0,46.0,1.0,.205,.296,.370,.666,.283,25.07,1655.0,46.0,101.0,2025
667297,Tommy Nance,142,Minnesota Twins,,P,2026,,,,,,,,,,,,,,,,,,,,,,,,,,,,,,,,,,,,,,,,,,,,,,,,,2025
687792,DJ Herz,120,Washington Nationals,,P,2026,,,,,,,,,,,,,,,,,,,,,,,,,,,,,,,,,,,,,,,,,,,,,,,,,2025
669364,Xavier Edwards,146,Miami Marlins,,2B,2026,595.0,518.0,145.0,17.0,6.0,6.0,68.0,4.0,83.0,0.0,6.0,3.0,192.0,52.0,13.0,.280,.360,.371,.731,.320,86.33,2301.0,148.0,151.0,619.0,561.0,159.0,20.0,5.0,3.0,49.0,2.0,88.0,3.0,3.0,3.0,198.0,43.0,6.0,.283,.343,.353,.696,.330,187.00,2250.0,164.0,156.0,2025
669373,Tarik Skubal,119,Los Angeles Dodgers,,P,2026,,,,,,,,,,,,,,,,,,,,,,,,,,,,,,,,,,,,,,,,,,,,,,,,,2025
622268,Donovan Walton,133,Athletics,,2B,2026,262.0,224.0,60.0,14.0,1.0,9.0,28.0,0.0,44.0,7.0,0.0,3.0,103.0,32.0,9.0,.268,.367,.460,.827,.298,24.89,1001.0,63.0,60.0,9.0,8.0,1.0,0.0,0.0,0.0,0.0,0.0,1.0,0.0,0.0,1.0,1.0,1.0,0.0,.125,.125,.125,.250,.143,-.--,27.0,6.0,1.0,2025
669387,Carmen Mlodzinski,134,Pittsburgh Pirates,,P,2026,,,,,,,,,,,,,,,,,,,,,,,,,,,,,,,,,,,,,,,,,,,,,,,,,2025
573124,Taylor Rogers,142,Minnesota Twins,,P,2026,,,,,,,,,,,,,,,,,,,,,,,,,,,,,,,,,,,,,,,,,,,,,,,,,2025
673490,Ha-Seong Kim,144,Atlanta Braves,,SS,2026,139.0,124.0,14.0,1.0,0.0,0.0,13.0,0.0,36.0,1.0,0.0,1.0,15.0,9.0,1.0,.113,.203,.121,.324,.159,-.--,593.0,32.0,43.0,191.0,171.0,40.0,4.0,0.0,5.0,16.0,0.0,39.0,2.0,2.0,0.0,59.0,17.0,2.0,.234,.304,.345,.649,.271,34.20,790.0,37.0,57.0,2025
669394,Jake Burger,140,Texas Rangers,,1B,2026,611.0,547.0,126.0,23.0,0.0,27.0,56.0,0.0,163.0,4.0,4.0,0.0,230.0,89.0,8.0,.230,.304,.420,.724,.274,20.26,2294.0,125.0,137.0,376.0,356.0,84.0,15.0,1.0,16.0,12.0,0.0,93.0,5.0,3.0,0.0,149.0,53.0,3.0,.236,.269,.419,.688,.272,22.25,1324.0,73.0,109.0,2025
677587,Brayan Rocchio,114,Cleveland Guardians,,SS,2026,588.0,530.0,132.0,24.0,2.0,13.0,38.0,0.0,85.0,11.0,4.0,5.0,199.0,71.0,12.0,.249,.310,.375,.685,.273,40.77,2240.0,147.0,175.0,383.0,344.0,80.0,18.0,2.0,5.0,22.0,0.0,77.0,8.0,5.0,4.0,117.0,44.0,4.0,.233,.290,.340,.630,.281,68.80,1411.0,100.0,96.0,2025
677588,José Tena,120,Washington Nationals,,DH,2026,287.0,256.0,57.0,13.0,2.0,7.0,27.0,0.0,89.0,3.0,1.0,0.0,95.0,25.0,7.0,.223,.303,.371,.674,.311,36.57,1167.0,66.0,45.0,169.0,152.0,37.0,13.0,2.0,0.0,15.0,0.0,37.0,1.0,1.0,0.0,54.0,16.0,4.0,.243,.314,.355,.669,.319,-.--,678.0,54.0,25.0,2025
669397,Nick Allen,117,Houston Astros,,SS,2026,161.0,144.0,40.0,6.0,0.0,3.0,10.0,0.0,32.0,1.0,3.0,3.0,55.0,14.0,3.0,.278,.323,.382,.705,.330,48.00,575.0,37.0,41.0,416.0,371.0,82.0,11.0,0.0,0.0,31.0,0.0,99.0,3.0,3.0,8.0,93.0,22.0,8.0,.221,.284,.251,.535,.298,-.--,1582.0,100.0,101.0,2025
677594,Julio Rodríguez,136,Seattle Mariners,,CF,2026,649.0,591.0,147.0,26.0,0.0,22.0,47.0,3.0,144.0,7.0,4.0,0.0,239.0,71.0,10.0,.249,.310,.404,.714,.291,26.86,2412.0,136.0,168.0,710.0,652.0,174.0,31.0,4.0,32.0,44.0,5.0,152.0,12.0,2.0,0.0,309.0,95.0,15.0,.267,.324,.474,.798,.302,20.38,2496.0,174.0,154.0,2025
677595,Ronny Mauricio,121,New York Mets,,SS,2026,54.0,52.0,9.0,1.0,0.0,1.0,1.0,0.0,19.0,1.0,0.0,0.0,13.0,3.0,1.0,.173,.204,.250,.454,.250,52.00,191.0,13.0,11.0,184.0,168.0,38.0,6.0,0.0,6.0,15.0,1.0,54.0,1.0,0.0,0.0,62.0,10.0,5.0,.226,.293,.369,.662,.296,28.00,692.0,39.0,37.0,2025
696030,Alejandro Osuna,140,Texas Rangers,,LF,2026,228.0,199.0,51.0,5.0,0.0,1.0,19.0,0.0,35.0,9.0,0.0,1.0,59.0,24.0,3.0,.256,.348,.296,.644,.307,199.00,819.0,63.0,51.0,176.0,151.0,32.0,4.0,0.0,2.0,21.0,1.0,34.0,2.0,2.0,0.0,42.0,15.0,1.0,.212,.313,.278,.591,.256,75.50,739.0,45.0,42.0,2025
702176,Alan Roden,142,Minnesota Twins,,RF,2026,91.0,77.0,22.0,4.0,0.0,1.0,11.0,0.0,12.0,0.0,2.0,1.0,29.0,14.0,1.0,.286,.367,.377,.744,.318,77.00,327.0,26.0,20.0,153.0,136.0,26.0,6.0,1.0,2.0,8.0,0.0,37.0,6.0,3.0,0.0,40.0,9.0,0.0,.191,.261,.294,.555,.240,68.00,551.0,49.0,27.0,2025
628452,Raisel Iglesias,144,Atlanta Braves,,P,2026,0.0,0.0,0.0,0.0,0.0,0.0,0.0,0.0,0.0,0.0,0.0,0.0,0.0,0.0,0.0,.000,.000,.000,.000,.---,-.--,0.0,0.0,0.0,,,,,,,,,,,,,,,,,,,,,,,,,2025
702193,Andrew Morris,142,Minnesota Twins,,P,2026,,,,,,,,,,,,,,,,,,,,,,,,,,,,,,,,,,,,,,,,,,,,,,,,,2025
681715,Heriberto Hernández,146,Miami Marlins,,LF,2026,497.0,440.0,99.0,16.0,1.0,24.0,52.0,1.0,132.0,4.0,1.0,0.0,189.0,65.0,6.0,.225,.312,.430,.742,.263,18.33,1981.0,96.0,114.0,294.0,256.0,68.0,12.0,1.0,10.0,31.0,0.0,77.0,3.0,4.0,0.0,112.0,45.0,6.0,.266,.347,.438,.785,.335,25.60,1138.0,52.0,63.0,2025
687859,Troy Johnston,115,Colorado Rockies,,RF,2026,445.0,393.0,110.0,32.0,1.0,4.0,37.0,0.0,81.0,9.0,5.0,1.0,156.0,50.0,8.0,.280,.351,.397,.748,.339,98.25,1623.0,98.0,110.0,121.0,112.0,31.0,2.0,1.0,4.0,8.0,0.0,26.0,1.0,0.0,0.0,47.0,13.0,1.0,.277,.331,.420,.751,.329,28.00,450.0,24.0,31.0,2025
683766,Christian Koss,137,San Francisco Giants,,SS,2026,213.0,195.0,44.0,6.0,0.0,4.0,9.0,0.0,54.0,2.0,0.0,7.0,62.0,12.0,3.0,.226,.267,.318,.585,.292,48.75,728.0,60.0,44.0,191.0,174.0,46.0,9.0,0.0,3.0,9.0,0.0,45.0,3.0,2.0,3.0,64.0,23.0,4.0,.264,.309,.368,.677,.336,58.00,644.0,52.0,36.0,2025
683769,Hunter Gaddis,114,Cleveland Guardians,,P,2026,,,,,,,,,,,,,,,,,,,,,,,,,,,,,,,,,,,,,,,,,,,,,,,,,2025
696062,Wilber Dotel,134,Pittsburgh Pirates,,P,2026,,,,,,,,,,,,,,,,,,,,,,,,,,,,,,,,,,,,,,,,,,,,,,,,,2025
804606,Konnor Griffin,134,Pittsburgh Pirates,,SS,2026,331.0,304.0,81.0,14.0,4.0,5.0,20.0,0.0,82.0,5.0,2.0,0.0,118.0,31.0,4.0,.266,.320,.388,.708,.347,60.80,1300.0,86.0,57.0,,,,,,,,,,,,,,,,,,,,,,,,,2025
579328,Yusei Kikuchi,108,Los Angeles Angels,,P,2026,,,,,,,,,,,,,,,,,,,,,,,,,,,,,,,,,,,,,,,,,,,,,,,,,2025
673540,Kodai Senga,121,New York Mets,,P,2026,0.0,0.0,0.0,0.0,0.0,0.0,0.0,0.0,0.0,0.0,0.0,0.0,0.0,0.0,0.0,.000,.000,.000,.000,.---,-.--,0.0,0.0,0.0,,,,,,,,,,,,,,,,,,,,,,,,,2025
804619,John Klein,141,Toronto Blue Jays,,P,2026,,,,,,,,,,,,,,,,,,,,,,,,,,,,,,,,,,,,,,,,,,,,,,,,,2025
669461,Matthew Liberatore,138,St. Louis Cardinals,,P,2026,,,,,,,,,,,,,,,,,,,,,,,,,,,,,,,,,,,,,,,,,,,,,,,,,2025
677649,Ezequiel Duran,140,Texas Rangers,,SS,2026,589.0,532.0,138.0,27.0,4.0,17.0,45.0,0.0,139.0,5.0,6.0,1.0,224.0,83.0,7.0,.259,.320,.421,.741,.317,31.29,2316.0,136.0,126.0,219.0,205.0,46.0,14.0,0.0,0.0,8.0,0.0,55.0,4.0,1.0,1.0,60.0,14.0,3.0,.224,.266,.293,.559,.305,-.--,807.0,42.0,64.0,2025
669467,Andre Pallante,138,St. Louis Cardinals,,P,2026,,,,,,,,,,,,,,,,,,,,,,,,,0.0,0.0,0.0,0.0,0.0,0.0,0.0,0.0,0.0,0.0,0.0,0.0,0.0,0.0,0.0,.000,.000,.000,.000,.---,-.--,0.0,0.0,0.0,2025
804636,Jonah Tong,121,New York Mets,,P,2026,,,,,,,,,,,,,,,,,,,,,,,,,,,,,,,,,,,,,,,,,,,,,,,,,2025
700187,Troy Taylor,136,Seattle Mariners,,P,2026,,,,,,,,,,,,,,,,,,,,,,,,,,,,,,,,,,,,,,,,,,,,,,,,,2025
696100,Hunter Goodman,115,Colorado Rockies,,C,2026,565.0,510.0,125.0,20.0,2.0,39.0,45.0,3.0,173.0,5.0,5.0,0.0,266.0,84.0,9.0,.245,.310,.522,.832,.284,13.08,2125.0,86.0,131.0,579.0,540.0,150.0,28.0,5.0,31.0,33.0,0.0,152.0,4.0,2.0,0.0,281.0,91.0,16.0,.278,.323,.520,.843,.331,17.42,2149.0,100.0,140.0,2025
687911,Bryan King,117,Houston Astros,,P,2026,,,,,,,,,,,,,,,,,,,,,,,,,,,,,,,,,,,,,,,,,,,,,,,,,2025
624428,Adam Frazier,108,Los Angeles Angels,,2B,2026,147.0,129.0,31.0,9.0,1.0,1.0,11.0,2.0,39.0,3.0,0.0,4.0,45.0,13.0,1.0,.240,.315,.349,.664,.337,129.00,558.0,38.0,25.0,459.0,419.0,112.0,20.0,0.0,7.0,26.0,2.0,81.0,8.0,5.0,1.0,153.0,44.0,8.0,.267,.319,.365,.684,.313,59.86,1841.0,104.0,128.0,2025
624431,Jose Trevino,113,Cincinnati Reds,,C,2026,156.0,152.0,33.0,3.0,0.0,5.0,1.0,0.0,29.0,0.0,1.0,2.0,51.0,19.0,3.0,.217,.221,.336,.557,.235,30.40,544.0,54.0,39.0,302.0,282.0,67.0,20.0,0.0,4.0,15.0,0.0,39.0,0.0,4.0,1.0,99.0,22.0,9.0,.238,.272,.351,.623,.259,70.50,1063.0,95.0,86.0,2025
804668,Rafael Flores Jr.,134,Pittsburgh Pirates,,C,2026,159.0,144.0,39.0,6.0,0.0,11.0,15.0,1.0,44.0,0.0,0.0,0.0,78.0,25.0,2.0,.271,.340,.542,.882,.315,13.09,634.0,31.0,30.0,17.0,15.0,3.0,2.0,0.0,0.0,2.0,0.0,7.0,0.0,0.0,0.0,5.0,0.0,0.0,.200,.294,.333,.627,.375,-.--,74.0,4.0,1.0,2025
689981,River Ryan,116,Detroit Tigers,,P,2026,,,,,,,,,,,,,,,,,,,,,,,,,,,,,,,,,,,,,,,,,,,,,,,,,2025
702273,Noah Schultz,145,Chicago White Sox,,P,2026,,,,,,,,,,,,,,,,,,,,,,,,,,,,,,,,,,,,,,,,,,,,,,,,,2025
702275,JR Ritchie,144,Atlanta Braves,,P,2026,0.0,0.0,0.0,0.0,0.0,0.0,0.0,0.0,0.0,0.0,0.0,0.0,0.0,0.0,0.0,.000,.000,.000,.000,.---,-.--,0.0,0.0,0.0,,,,,,,,,,,,,,,,,,,,,,,,,2025
663372,Ryan Feltner,115,Colorado Rockies,,P,2026,,,,,,,,,,,,,,,,,,,,,,,,,,,,,,,,,,,,,,,,,,,,,,,,,2025
608070,José Ramírez,114,Cleveland Guardians,,3B,2026,539.0,468.0,111.0,27.0,0.0,12.0,60.0,8.0,69.0,3.0,7.0,0.0,174.0,53.0,4.0,.237,.323,.372,.695,.251,39.00,2183.0,108.0,187.0,673.0,593.0,168.0,34.0,3.0,30.0,66.0,22.0,74.0,8.0,5.0,0.0,298.0,85.0,9.0,.283,.360,.503,.863,.279,19.77,2666.0,135.0,222.0,2025
675660,Shane Drohan,158,Milwaukee Brewers,,P,2026,,,,,,,,,,,,,,,,,,,,,,,,,,,,,,,,,,,,,,,,,,,,,,,,,2025
667472,Dane Myers,113,Cincinnati Reds,,CF,2026,334.0,292.0,75.0,11.0,0.0,8.0,37.0,0.0,82.0,3.0,2.0,0.0,110.0,27.0,4.0,.257,.344,.377,.721,.328,36.50,1383.0,63.0,74.0,333.0,307.0,72.0,10.0,0.0,6.0,23.0,0.0,77.0,2.0,1.0,0.0,100.0,31.0,12.0,.235,.291,.326,.617,.293,51.17,1241.0,78.0,81.0,2025
681807,David Fry,114,Cleveland Guardians,,RF,2026,210.0,180.0,35.0,6.0,0.0,8.0,28.0,1.0,58.0,2.0,0.0,0.0,65.0,20.0,4.0,.194,.310,.361,.671,.237,22.50,896.0,37.0,50.0,157.0,146.0,25.0,4.0,0.0,8.0,9.0,0.0,58.0,2.0,0.0,0.0,53.0,23.0,3.0,.171,.229,.363,.592,.213,18.25,623.0,26.0,37.0,2025
573262,Mike Yastrzemski,144,Atlanta Braves,,LF,2026,400.0,354.0,81.0,18.0,1.0,12.0,40.0,0.0,97.0,4.0,2.0,0.0,137.0,41.0,5.0,.229,.313,.387,.700,.279,29.50,1697.0,77.0,101.0,558.0,477.0,111.0,28.0,1.0,17.0,72.0,4.0,108.0,2.0,5.0,2.0,192.0,46.0,7.0,.233,.333,.403,.736,.263,28.06,2305.0,95.0,170.0,2025
700241,Michael McGreevy,138,St. Louis Cardinals,,P,2026,,,,,,,,,,,,,,,,,,,,,,,,,,,,,,,,,,,,,,,,,,,,,,,,,2025
696147,Sam Bachman,108,Los Angeles Angels,,P,2026,,,,,,,,,,,,,,,,,,,,,,,,,,,,,,,,,,,,,,,,,,,,,,,,,2025
681810,Austin Warren,121,New York Mets,,P,2026,0.0,0.0,0.0,0.0,0.0,0.0,0.0,0.0,0.0,0.0,0.0,0.0,0.0,0.0,0.0,.000,.000,.000,.000,.---,-.--,0.0,0.0,0.0,,,,,,,,,,,,,,,,,,,,,,,,,2025
696146,Hagen Smith,145,Chicago White Sox,,P,2026,,,,,,,,,,,,,,,,,,,,,,,,,,,,,,,,,,,,,,,,,,,,,,,,,2025
696149,Bubba Chandler,134,Pittsburgh Pirates,,P,2026,,,,,,,,,,,,,,,,,,,,,,,,,,,,,,,,,,,,,,,,,,,,,,,,,2025
808825,Andrew Sears,116,Detroit Tigers,,P,2026,,,,,,,,,,,,,,,,,,,,,,,,,,,,,,,,,,,,,,,,,,,,,,,,,2025
681867,Cooper Criswell,136,Seattle Mariners,,P,2026,,,,,,,,,,,,,,,,,,,,,,,,,,,,,,,,,,,,,,,,,,,,,,,,,2025
640902,Jhonny Pereda,136,Seattle Mariners,,C,2026,97.0,87.0,25.0,1.0,0.0,2.0,8.0,0.0,19.0,1.0,1.0,0.0,32.0,8.0,1.0,.287,.351,.368,.719,.343,43.50,414.0,20.0,24.0,78.0,69.0,17.0,6.0,0.0,0.0,8.0,0.0,21.0,0.0,0.0,1.0,23.0,4.0,1.0,.246,.325,.333,.658,.354,-.--,333.0,18.0,14.0,2025
663436,Davis Martin,145,Chicago White Sox,,P,2026,,,,,,,,,,,,,,,,,,,,,,,,,,,,,,,,,,,,,,,,,,,,,,,,,2025
679822,Justin Foscue,140,Texas Rangers,,2B,2026,245.0,223.0,61.0,13.0,1.0,11.0,17.0,0.0,61.0,4.0,1.0,0.0,109.0,34.0,3.0,.274,.335,.489,.824,.329,20.27,988.0,35.0,67.0,9.0,9.0,1.0,1.0,0.0,0.0,0.0,0.0,3.0,0.0,0.0,0.0,2.0,2.0,0.0,.111,.111,.222,.333,.167,-.--,42.0,1.0,4.0,2025
661388,William Contreras,158,Milwaukee Brewers,,C,2026,636.0,563.0,152.0,27.0,1.0,18.0,60.0,6.0,93.0,4.0,9.0,0.0,235.0,94.0,13.0,.270,.340,.417,.757,.291,31.28,2261.0,143.0,184.0,659.0,566.0,147.0,28.0,0.0,17.0,84.0,4.0,120.0,3.0,6.0,0.0,226.0,76.0,14.0,.260,.355,.399,.754,.299,33.29,2556.0,172.0,133.0,2025
681870,Erik Sabrowski,114,Cleveland Guardians,,P,2026,0.0,0.0,0.0,0.0,0.0,0.0,0.0,0.0,0.0,0.0,0.0,0.0,0.0,0.0,0.0,.000,.000,.000,.000,.---,-.--,0.0,0.0,0.0,,,,,,,,,,,,,,,,,,,,,,,,,2025
702352,Spencer Bivens,118,Kansas City Royals,,P,2026,,,,,,,,,,,,,,,,,,,,,,,,,,,,,,,,,,,,,,,,,,,,,,,,,2025
620443,Luis Torrens,121,New York Mets,,C,2026,277.0,252.0,60.0,14.0,0.0,9.0,17.0,0.0,58.0,4.0,1.0,3.0,101.0,41.0,3.0,.238,.296,.401,.697,.274,28.00,1078.0,81.0,57.0,283.0,261.0,59.0,14.0,1.0,5.0,19.0,0.0,56.0,2.0,0.0,1.0,90.0,29.0,7.0,.226,.284,.345,.629,.270,52.20,1069.0,89.0,58.0,2025
665489,Vladimir Guerrero Jr.,141,Toronto Blue Jays,,1B,2026,605.0,538.0,141.0,25.0,0.0,9.0,56.0,5.0,79.0,5.0,6.0,0.0,193.0,57.0,20.0,.262,.334,.359,.693,.289,59.78,2172.0,166.0,158.0,680.0,589.0,172.0,34.0,0.0,23.0,81.0,8.0,94.0,6.0,4.0,0.0,275.0,84.0,17.0,.292,.381,.467,.848,.313,25.61,2502.0,179.0,148.0,2025
665506,Cristian Pache,121,New York Mets,,OF,2026,8.0,8.0,1.0,0.0,0.0,0.0,0.0,0.0,4.0,0.0,0.0,0.0,1.0,0.0,0.0,.125,.125,.125,.250,.250,-.--,42.0,1.0,2.0,,,,,,,,,,,,,,,,,,,,,,,,,2025
663460,Kris Bubic,119,Los Angeles Dodgers,,P,2026,,,,,,,,,,,,,,,,,,,,,,,,,,,,,,,,,,,,,,,,,,,,,,,,,2025
681892,Kody Funderburk,142,Minnesota Twins,,P,2026,,,,,,,,,,,,,,,,,,,,,,,,,0.0,0.0,0.0,0.0,0.0,0.0,0.0,0.0,0.0,0.0,0.0,0.0,0.0,0.0,0.0,.000,.000,.000,.000,.---,-.--,0.0,0.0,0.0,2025
681895,Evan Sisk,134,Pittsburgh Pirates,,P,2026,,,,,,,,,,,,,,,,,,,,,,,,,,,,,,,,,,,,,,,,,,,,,,,,,2025
679845,Nick Loftin,118,Kansas City Royals,,3B,2026,426.0,371.0,89.0,27.0,2.0,8.0,41.0,0.0,73.0,6.0,4.0,4.0,144.0,45.0,6.0,.240,.322,.388,.710,.276,46.38,1609.0,97.0,120.0,188.0,168.0,35.0,9.0,2.0,4.0,14.0,0.0,27.0,3.0,2.0,1.0,60.0,20.0,7.0,.208,.278,.357,.635,.223,42.00,676.0,48.0,61.0,2025
595879,Javier Báez,116,Detroit Tigers,,SS,2026,192.0,183.0,43.0,11.0,1.0,3.0,6.0,0.0,40.0,2.0,1.0,0.0,65.0,19.0,7.0,.235,.266,.355,.621,.284,61.00,677.0,60.0,41.0,437.0,417.0,107.0,17.0,3.0,12.0,10.0,0.0,109.0,6.0,3.0,0.0,166.0,57.0,8.0,.257,.282,.398,.680,.318,34.75,1543.0,99.0,105.0,2025
669620,Brady Basso,133,Athletics,,P,2026,,,,,,,,,,,,,,,,,,,,,,,,,,,,,,,,,,,,,,,,,,,,,,,,,2025
683953,Travis Bazzana,114,Cleveland Guardians,,2B,2026,509.0,441.0,107.0,21.0,2.0,15.0,56.0,1.0,106.0,7.0,5.0,0.0,177.0,57.0,4.0,.243,.334,.401,.735,.283,29.40,2043.0,106.0,127.0,,,,,,,,,,,,,,,,,,,,,,,,,2025
694192,Jackson Chourio,158,Milwaukee Brewers,,LF,2026,565.0,514.0,147.0,27.0,0.0,25.0,47.0,5.0,134.0,2.0,2.0,0.0,249.0,72.0,7.0,.286,.347,.484,.831,.342,20.56,2164.0,113.0,122.0,589.0,549.0,148.0,35.0,4.0,21.0,30.0,1.0,121.0,3.0,6.0,1.0,254.0,78.0,13.0,.270,.308,.463,.771,.308,26.14,2108.0,129.0,158.0,2025
694197,Angel Genao,114,Cleveland Guardians,,2B,2026,134.0,123.0,26.0,4.0,0.0,2.0,10.0,0.0,21.0,1.0,0.0,0.0,36.0,6.0,3.0,.211,.276,.293,.569,.240,61.50,505.0,56.0,20.0,,,,,,,,,,,,,,,,,,,,,,,,,2025
681916,Dylan Smith,137,San Francisco Giants,,P,2026,0.0,0.0,0.0,0.0,0.0,0.0,0.0,0.0,0.0,0.0,0.0,0.0,0.0,0.0,0.0,.000,.000,.000,.000,.---,-.--,0.0,0.0,0.0,,,,,,,,,,,,,,,,,,,,,,,,,2025
681911,Alex Vesia,119,Los Angeles Dodgers,,P,2026,0.0,0.0,0.0,0.0,0.0,0.0,0.0,0.0,0.0,0.0,0.0,0.0,0.0,0.0,0.0,.000,.000,.000,.000,.---,-.--,0.0,0.0,0.0,,,,,,,,,,,,,,,,,,,,,,,,,2025
694203,Denzer Guzman,108,Los Angeles Angels,,3B,2026,295.0,274.0,60.0,9.0,0.0,8.0,17.0,0.0,76.0,1.0,0.0,2.0,93.0,33.0,4.0,.219,.267,.339,.606,.274,34.25,1107.0,68.0,72.0,43.0,42.0,8.0,1.0,0.0,2.0,1.0,0.0,22.0,0.0,0.0,0.0,15.0,3.0,0.0,.190,.209,.357,.566,.333,21.00,176.0,4.0,8.0,2025
694208,Moisés Ballesteros,108,Los Angeles Angels,,DH,2026,348.0,314.0,68.0,10.0,0.0,9.0,29.0,0.0,82.0,1.0,4.0,0.0,105.0,35.0,6.0,.217,.282,.334,.616,.260,34.89,1333.0,83.0,85.0,66.0,57.0,17.0,2.0,1.0,2.0,9.0,1.0,12.0,0.0,0.0,0.0,27.0,11.0,2.0,.298,.394,.474,.868,.349,28.50,249.0,21.0,7.0,2025
700363,AJ Smith-Shawver,144,Atlanta Braves,,P,2026,,,,,,,,,,,,,,,,,,,,,,,,,,,,,,,,,,,,,,,,,,,,,,,,,2025
696270,Ryan Johnson,108,Los Angeles Angels,,P,2026,,,,,,,,,,,,,,,,,,,,,,,,,,,,,,,,,,,,,,,,,,,,,,,,,2025
663494,Bryan Torres,138,St. Louis Cardinals,,LF,2026,186.0,164.0,38.0,1.0,2.0,4.0,18.0,0.0,38.0,1.0,2.0,1.0,55.0,19.0,0.0,.232,.308,.335,.643,.274,41.00,742.0,45.0,46.0,,,,,,,,,,,,,,,,,,,,,,,,,2025
622554,Seranthony Domínguez,136,Seattle Mariners,,P,2026,,,,,,,,,,,,,,,,,,,,,,,,,0.0,0.0,0.0,0.0,0.0,0.0,0.0,0.0,0.0,0.0,0.0,0.0,0.0,0.0,0.0,.000,.000,.000,.000,.---,-.--,0.0,0.0,0.0,2025
696285,Jacob Young,120,Washington Nationals,,CF,2026,467.0,417.0,105.0,22.0,3.0,10.0,33.0,0.0,77.0,9.0,3.0,4.0,163.0,49.0,6.0,.252,.318,.391,.709,.285,41.70,1729.0,106.0,136.0,364.0,324.0,75.0,10.0,1.0,2.0,27.0,0.0,65.0,3.0,1.0,9.0,93.0,31.0,7.0,.231,.296,.287,.583,.283,162.00,1367.0,115.0,79.0,2025
815081,Mark Manfredi,115,Colorado Rockies,,P,2026,,,,,,,,,,,,,,,,,,,,,,,,,,,,,,,,,,,,,,,,,,,,,,,,,2025
489446,Kirby Yates,134,Pittsburgh Pirates,,P,2026,,,,,,,,,,,,,,,,,,,,,,,,,,,,,,,,,,,,,,,,,,,,,,,,,2025
694249,Cole Carrigg,115,Colorado Rockies,,CF,2026,363.0,324.0,89.0,21.0,4.0,11.0,28.0,2.0,86.0,5.0,4.0,2.0,151.0,51.0,5.0,.275,.338,.466,.804,.338,29.46,1405.0,63.0,92.0,,,,,,,,,,,,,,,,,,,,,,,,,2025
677865,Justin Bruihl,138,St. Louis Cardinals,,P,2026,,,,,,,,,,,,,,,,,,,,,,,,,,,,,,,,,,,,,,,,,,,,,,,,,2025
815083,Mitch Farris,108,Los Angeles Angels,,P,2026,,,,,,,,,,,,,,,,,,,,,,,,,,,,,,,,,,,,,,,,,,,,,,,,,2025
688107,Robert Gasser,158,Milwaukee Brewers,,P,2026,,,,,,,,,,,,,,,,,,,,,,,,,,,,,,,,,,,,,,,,,,,,,,,,,2025
606192,Teoscar Hernández,119,Los Angeles Dodgers,,LF,2026,485.0,436.0,117.0,17.0,2.0,16.0,42.0,2.0,133.0,4.0,3.0,0.0,186.0,64.0,13.0,.268,.336,.427,.763,.348,27.25,1929.0,87.0,102.0,546.0,511.0,126.0,29.0,1.0,25.0,26.0,0.0,134.0,3.0,5.0,0.0,232.0,89.0,13.0,.247,.284,.454,.738,.283,20.44,2139.0,136.0,120.0,2025
671732,Lawrence Butler,133,Athletics,,RF,2026,532.0,465.0,110.0,19.0,2.0,17.0,61.0,1.0,138.0,2.0,2.0,2.0,184.0,62.0,7.0,.237,.326,.396,.722,.298,27.35,2229.0,130.0,91.0,630.0,569.0,133.0,30.0,2.0,21.0,59.0,0.0,179.0,0.0,0.0,2.0,230.0,63.0,7.0,.234,.306,.404,.710,.304,27.10,2517.0,137.0,122.0,2025
663542,Bryan Hudson,145,Chicago White Sox,,P,2026,,,,,,,,,,,,,,,,,,,,,,,,,,,,,,,,,,,,,,,,,,,,,,,,,2025
681973,Josh Hendrickson,117,Houston Astros,,P,2026,,,,,,,,,,,,,,,,,,,,,,,,,,,,,,,,,,,,,,,,,,,,,,,,,2025
671737,Taj Bradley,142,Minnesota Twins,,P,2026,,,,,,,,,,,,,,,,,,,,,,,,,,,,,,,,,,,,,,,,,,,,,,,,,2025
671739,Michael Harris II,144,Atlanta Braves,,CF,2026,616.0,586.0,170.0,34.0,1.0,26.0,23.0,1.0,118.0,2.0,3.0,2.0,284.0,86.0,3.0,.290,.318,.485,.803,.324,22.54,2178.0,158.0,145.0,641.0,611.0,152.0,26.0,6.0,20.0,16.0,1.0,128.0,3.0,7.0,4.0,250.0,86.0,7.0,.249,.268,.409,.677,.281,30.55,2177.0,193.0,149.0,2025
808959,Munetaka Murakami,145,Chicago White Sox,,1B,2026,544.0,445.0,93.0,15.0,1.0,35.0,92.0,8.0,193.0,6.0,1.0,0.0,215.0,77.0,3.0,.209,.351,.483,.834,.266,12.71,2389.0,83.0,77.0,,,,,,,,,,,,,,,,,,,,,,,,,2025
