batter_id,batter_name,team_id,team_name,batSide,primaryPosition,season,plateAppearances,atBats,hits,doubles,triples,homeRuns,baseOnBalls,intentionalWalks,strikeOuts,hitByPitch,sacFlies,sacBunts,totalBases,rbi,groundIntoDoublePlay,avg,obp,slg,ops,babip,atBatsPerHomeRun,numberOfPitches,groundOuts,airOuts,plateAppearances_prev,atBats_prev,hits_prev,doubles_prev,triples_prev,homeRuns_prev,baseOnBalls_prev,intentionalWalks_prev,strikeOuts_prev,hitByPitch_prev,sacFlies_prev,sacBunts_prev,totalBases_prev,rbi_prev,groundIntoDoublePlay_prev,avg_prev,obp_prev,slg_prev,ops_prev,babip_prev,atBatsPerHomeRun_prev,numberOfPitches_prev,groundOuts_prev,airOuts_prev,season_prev
663554,Casey Mize,116,Detroit Tigers,,P,2026,,,,,,,,,,,,,,,,,,,,,,,,,,,,,,,,,,,,,,,,,,,,,,,,,2025
669701,Josh Smith,140,Texas Rangers,,2B,2026,138.0,122.0,28.0,3.0,1.0,1.0,14.0,1.0,26.0,1.0,1.0,0.0,36.0,8.0,2.0,.230,.312,.295,.607,.281,122.00,534.0,26.0,43.0,563.0,495.0,124.0,23.0,2.0,10.0,55.0,2.0,100.0,8.0,1.0,3.0,181.0,35.0,3.0,.251,.335,.366,.701,.295,49.50,2287.0,139.0,136.0,2025
681987,Nate Eaton,111,Boston Red Sox,,OF,2026,34.0,28.0,4.0,2.0,0.0,1.0,4.0,0.0,9.0,2.0,0.0,0.0,9.0,5.0,0.0,.143,.294,.321,.615,.167,28.00,139.0,6.0,9.0,90.0,81.0,24.0,4.0,0.0,1.0,6.0,0.0,19.0,1.0,1.0,1.0,31.0,4.0,1.0,.296,.348,.383,.731,.371,81.00,338.0,17.0,23.0,2025
624641,Edmundo Sosa,143,Philadelphia Phillies,,2B,2026,158.0,145.0,32.0,5.0,1.0,5.0,4.0,0.0,32.0,4.0,3.0,0.0,54.0,25.0,3.0,.221,.256,.372,.628,.243,29.00,581.0,44.0,40.0,261.0,243.0,67.0,12.0,1.0,11.0,10.0,0.0,56.0,2.0,2.0,3.0,114.0,39.0,7.0,.276,.307,.469,.776,.315,22.09,942.0,67.0,58.0,2025
663558,Jovani Morán,111,Boston Red Sox,,P,2026,,,,,,,,,,,,,,,,,,,,,,,,,,,,,,,,,,,,,,,,,,,,,,,,,2025
595978,Austin Hedges,114,Cleveland Guardians,,C,2026,142.0,125.0,36.0,7.0,0.0,3.0,11.0,0.0,24.0,1.0,1.0,4.0,52.0,14.0,3.0,.288,.348,.416,.764,.333,41.67,541.0,40.0,30.0,180.0,155.0,25.0,3.0,0.0,5.0,18.0,0.0,43.0,1.0,2.0,4.0,43.0,10.0,2.0,.161,.250,.277,.527,.183,31.00,696.0,35.0,58.0,2025
669707,Jared Triolo,134,Pittsburgh Pirates,,SS,2026,199.0,178.0,42.0,10.0,0.0,1.0,16.0,0.0,47.0,3.0,0.0,1.0,55.0,14.0,5.0,.236,.310,.309,.619,.315,178.00,766.0,55.0,35.0,376.0,331.0,75.0,18.0,2.0,7.0,39.0,1.0,76.0,2.0,1.0,3.0,118.0,24.0,4.0,.227,.311,.356,.667,.273,47.29,1454.0,81.0,103.0,2025
808970,Woo-Suk Go,142,Minnesota Twins,,P,2026,,,,,,,,,,,,,,,,,,,,,,,,,,,,,,,,,,,,,,,,,,,,,,,,,2025
669711,Greg Weissert,111,Boston Red Sox,,P,2026,,,,,,,,,,,,,,,,,,,,,,,,,,,,,,,,,,,,,,,,,,,,,,,,,2025
702474,Mike Paredes,142,Minnesota Twins,,P,2026,,,,,,,,,,,,,,,,,,,,,,,,,,,,,,,,,,,,,,,,,,,,,,,,,2025
665622,Luis Medina,133,Athletics,,P,2026,,,,,,,,,,,,,,,,,,,,,,,,,,,,,,,,,,,,,,,,,,,,,,,,,2025
694297,Brandon Pfaadt,109,Arizona Diamondbacks,,P,2026,,,,,,,,,,,,,,,,,,,,,,,,,,,,,,,,,,,,,,,,,,,,,,,,,2025
596019,Francisco Lindor,121,New York Mets,,SS,2026,159.0,142.0,30.0,2.0,3.0,4.0,15.0,0.0,27.0,2.0,0.0,0.0,50.0,10.0,2.0,.211,.296,.352,.648,.234,35.50,677.0,42.0,43.0,732.0,644.0,172.0,35.0,0.0,31.0,65.0,2.0,131.0,16.0,7.0,0.0,300.0,86.0,9.0,.267,.346,.466,.812,.288,20.77,2940.0,149.0,199.0,2025
593958,Eduardo Rodriguez,109,Arizona Diamondbacks,,P,2026,,,,,,,,,,,,,,,,,,,,,,,,,,,,,,,,,,,,,,,,,,,,,,,,,2025
677942,Blaze Alexander,110,Baltimore Orioles,,3B,2026,234.0,211.0,65.0,12.0,2.0,3.0,15.0,1.0,53.0,3.0,1.0,2.0,90.0,28.0,5.0,.308,.361,.427,.788,.397,70.33,896.0,55.0,41.0,266.0,230.0,53.0,12.0,1.0,7.0,22.0,0.0,86.0,10.0,1.0,3.0,88.0,28.0,5.0,.230,.323,.383,.706,.333,32.86,1042.0,54.0,41.0,2025
663586,Austin Riley,144,Atlanta Braves,,3B,2026,368.0,329.0,69.0,13.0,1.0,9.0,30.0,0.0,107.0,7.0,2.0,0.0,111.0,41.0,6.0,.210,.288,.337,.625,.279,36.56,1492.0,62.0,93.0,447.0,416.0,108.0,20.0,1.0,16.0,27.0,1.0,128.0,3.0,1.0,0.0,178.0,54.0,9.0,.260,.309,.428,.737,.337,26.00,1791.0,69.0,112.0,2025
677944,Slade Cecconi,114,Cleveland Guardians,,P,2026,,,,,,,,,,,,,,,,,,,,,,,,,,,,,,,,,,,,,,,,,,,,,,,,,2025
593974,Wandy Peralta,135,San Diego Padres,,P,2026,,,,,,,,,,,,,,,,,,,,,,,,,,,,,,,,,,,,,,,,,,,,,,,,,2025
571448,Nolan Arenado,109,Arizona Diamondbacks,,3B,2026,330.0,296.0,72.0,16.0,0.0,10.0,25.0,1.0,69.0,6.0,3.0,0.0,118.0,37.0,7.0,.243,.312,.399,.711,.282,29.60,1321.0,66.0,92.0,436.0,401.0,95.0,18.0,1.0,12.0,28.0,4.0,49.0,3.0,4.0,0.0,151.0,52.0,10.0,.237,.289,.377,.666,.241,33.42,1586.0,101.0,160.0,2025
665660,Elvis Alvarado,133,Athletics,,P,2026,,,,,,,,,,,,,,,,,,,,,,,,,0.0,0.0,0.0,0.0,0.0,0.0,0.0,0.0,0.0,0.0,0.0,0.0,0.0,0.0,0.0,.000,.000,.000,.000,.---,-.--,0.0,0.0,0.0,2025
677952,Braxton Ashcraft,134,Pittsburgh Pirates,,P,2026,,,,,,,,,,,,,,,,,,,,,,,,,,,,,,,,,,,,,,,,,,,,,,,,,2025
677951,Bobby Witt Jr.,118,Kansas City Royals,,SS,2026,386.0,343.0,99.0,20.0,1.0,12.0,39.0,3.0,65.0,1.0,3.0,0.0,157.0,38.0,6.0,.289,.360,.458,.818,.323,28.58,1421.0,67.0,115.0,687.0,623.0,184.0,47.0,6.0,23.0,49.0,8.0,125.0,8.0,7.0,0.0,312.0,88.0,7.0,.295,.351,.501,.852,.334,27.09,2511.0,124.0,197.0,2025
663616,Trevor Larnach,142,Minnesota Twins,,LF,2026,275.0,238.0,68.0,16.0,1.0,6.0,33.0,1.0,48.0,3.0,0.0,1.0,104.0,30.0,6.0,.286,.380,.437,.817,.337,39.67,1082.0,49.0,74.0,567.0,503.0,126.0,24.0,1.0,17.0,53.0,2.0,122.0,4.0,6.0,0.0,203.0,60.0,19.0,.250,.323,.404,.727,.295,29.59,2191.0,124.0,137.0,2025
694335,Matt Svanson,138,St. Louis Cardinals,,P,2026,,,,,,,,,,,,,,,,,,,,,,,,,,,,,,,,,,,,,,,,,,,,,,,,,2025
677961,Cole Wilcox,136,Seattle Mariners,,P,2026,,,,,,,,,,,,,,,,,,,,,,,,,,,,,,,,,,,,,,,,,,,,,,,,,2025
682052,Jacob Lopez,133,Athletics,,P,2026,,,,,,,,,,,,,,,,,,,,,,,,,,,,,,,,,,,,,,,,,,,,,,,,,2025
677958,Kumar Rocker,140,Texas Rangers,,P,2026,,,,,,,,,,,,,,,,,,,,,,,,,,,,,,,,,,,,,,,,,,,,,,,,,2025
608324,Alex Bregman,112,Chicago Cubs,,3B,2026,413.0,354.0,85.0,14.0,1.0,7.0,47.0,2.0,63.0,7.0,5.0,0.0,122.0,35.0,9.0,.240,.337,.345,.682,.270,50.57,1642.0,84.0,127.0,495.0,433.0,118.0,28.0,0.0,18.0,51.0,3.0,70.0,9.0,2.0,0.0,200.0,62.0,12.0,.273,.360,.462,.822,.288,24.06,1947.0,101.0,146.0,2025
675919,Nick Raquet,110,Baltimore Orioles,,P,2026,,,,,,,,,,,,,,,,,,,,,,,,,,,,,,,,,,,,,,,,,,,,,,,,,2025
694350,Zach Brzykcy,146,Miami Marlins,,P,2026,,,,,,,,,,,,,,,,,,,,,,,,,,,,,,,,,,,,,,,,,,,,,,,,,2025
694360,Beck Way,118,Kansas City Royals,,P,2026,,,,,,,,,,,,,,,,,,,,,,,,,,,,,,,,,,,,,,,,,,,,,,,,,2025
675916,James Karinchak,144,Atlanta Braves,,P,2026,,,,,,,,,,,,,,,,,,,,,,,,,,,,,,,,,,,,,,,,,,,,,,,,,2025
677976,Randy Dobnak,118,Kansas City Royals,,P,2026,,,,,,,,,,,,,,,,,,,,,,,,,,,,,,,,,,,,,,,,,,,,,,,,,2025
608348,Carson Kelly,112,Chicago Cubs,,C,2026,235.0,205.0,58.0,10.0,0.0,5.0,27.0,0.0,38.0,3.0,0.0,0.0,83.0,31.0,4.0,.283,.374,.405,.779,.327,41.00,921.0,51.0,58.0,421.0,369.0,92.0,13.0,1.0,17.0,45.0,0.0,80.0,3.0,4.0,0.0,158.0,50.0,11.0,.249,.333,.428,.761,.272,21.71,1667.0,88.0,113.0,2025
694374,Tim Tawa,109,Arizona Diamondbacks,,LF,2026,83.0,69.0,11.0,3.0,0.0,1.0,10.0,0.0,20.0,0.0,1.0,3.0,17.0,8.0,2.0,.159,.263,.246,.509,.204,69.00,354.0,26.0,16.0,225.0,199.0,40.0,8.0,0.0,7.0,20.0,0.0,64.0,1.0,3.0,2.0,69.0,18.0,6.0,.201,.274,.347,.621,.252,28.43,876.0,54.0,46.0,2025
694371,Tommy Troy,109,Arizona Diamondbacks,,LF,2026,128.0,117.0,26.0,3.0,1.0,4.0,11.0,0.0,29.0,0.0,0.0,0.0,43.0,9.0,0.0,.222,.289,.368,.657,.262,29.25,516.0,33.0,29.0,,,,,,,,,,,,,,,,,,,,,,,,,2025
594027,Tyron Guerrero,111,Boston Red Sox,,P,2026,,,,,,,,,,,,,,,,,,,,,,,,,,,,,,,,,,,,,,,,,,,,,,,,,2025
667755,José Soriano,108,Los Angeles Angels,,P,2026,,,,,,,,,,,,,,,,,,,,,,,,,,,,,,,,,,,,,,,,,,,,,,,,,2025
694384,Nolan Schanuel,108,Los Angeles Angels,,1B,2026,302.0,271.0,70.0,14.0,0.0,6.0,24.0,0.0,46.0,5.0,2.0,0.0,102.0,31.0,10.0,.258,.328,.376,.704,.290,45.17,1167.0,89.0,68.0,564.0,488.0,129.0,23.0,1.0,12.0,59.0,4.0,71.0,10.0,4.0,3.0,190.0,53.0,10.0,.264,.353,.389,.742,.286,40.67,2150.0,139.0,156.0,2025
694378,Jacob Gonzalez,145,Chicago White Sox,,1B,2026,95.0,84.0,21.0,4.0,0.0,2.0,8.0,0.0,21.0,2.0,0.0,1.0,31.0,17.0,0.0,.250,.330,.369,.699,.311,42.00,387.0,19.0,24.0,,,,,,,,,,,,,,,,,,,,,,,,,2025
571510,Matthew Boyd,112,Chicago Cubs,,P,2026,,,,,,,,,,,,,,,,,,,,,,,,,,,,,,,,,,,,,,,,,,,,,,,,,2025
675961,Alika Williams,133,Athletics,,SS,2026,81.0,77.0,22.0,7.0,0.0,2.0,3.0,0.0,25.0,0.0,0.0,1.0,35.0,8.0,2.0,.286,.313,.455,.768,.400,38.50,320.0,18.0,13.0,,,,,,,,,,,,,,,,,,,,,,,,,2025
608379,Michael Wacha,118,Kansas City Royals,,P,2026,,,,,,,,,,,,,,,,,,,,,,,,,,,,,,,,,,,,,,,,,,,,,,,,,2025
678011,Anthony Seigler,111,Boston Red Sox,,2B,2026,66.0,58.0,17.0,6.0,0.0,1.0,7.0,0.0,12.0,1.0,0.0,0.0,26.0,3.0,0.0,.293,.379,.448,.827,.356,58.00,247.0,13.0,16.0,73.0,62.0,12.0,1.0,0.0,0.0,8.0,0.0,16.0,1.0,1.0,1.0,13.0,5.0,2.0,.194,.292,.210,.502,.255,-.--,276.0,19.0,17.0,2025
663687,Hogan Harris,133,Athletics,,P,2026,,,,,,,,,,,,,,,,,,,,,,,,,,,,,,,,,,,,,,,,,,,,,,,,,2025
647304,Josh Naylor,136,Seattle Mariners,,1B,2026,372.0,339.0,85.0,11.0,0.0,8.0,28.0,2.0,47.0,3.0,1.0,0.0,120.0,36.0,13.0,.251,.313,.354,.667,.270,42.38,1215.0,100.0,108.0,604.0,543.0,160.0,29.0,1.0,20.0,48.0,4.0,83.0,4.0,5.0,0.0,251.0,92.0,17.0,.295,.353,.462,.815,.315,27.15,2013.0,158.0,147.0,2025
682120,Tim Herrin,114,Cleveland Guardians,,P,2026,,,,,,,,,,,,,,,,,,,,,,,,,0.0,0.0,0.0,0.0,0.0,0.0,0.0,0.0,0.0,0.0,0.0,0.0,0.0,0.0,0.0,.000,.000,.000,.000,.---,-.--,0.0,0.0,0.0,2025
678022,Jack Perkins,133,Athletics,,P,2026,0.0,0.0,0.0,0.0,0.0,0.0,0.0,0.0,0.0,0.0,0.0,0.0,0.0,0.0,0.0,.000,.000,.000,.000,.---,-.--,0.0,0.0,0.0,,,,,,,,,,,,,,,,,,,,,,,,,2025
645261,Sandy Alcantara,146,Miami Marlins,,P,2026,,,,,,,,,,,,,,,,,,,,,,,,,,,,,,,,,,,,,,,,,,,,,,,,,2025
686217,Sal Frelick,158,Milwaukee Brewers,,RF,2026,300.0,263.0,62.0,14.0,0.0,3.0,25.0,1.0,28.0,2.0,3.0,1.0,85.0,31.0,4.0,.236,.304,.323,.627,.251,87.67,1133.0,97.0,80.0,594.0,528.0,152.0,20.0,3.0,12.0,47.0,0.0,80.0,7.0,5.0,3.0,214.0,63.0,4.0,.288,.351,.405,.756,.317,44.00,2311.0,153.0,151.0,2025
643217,Andrew Benintendi,145,Chicago White Sox,,DH,2026,277.0,251.0,60.0,12.0,2.0,10.0,22.0,0.0,69.0,0.0,3.0,1.0,106.0,41.0,4.0,.239,.297,.422,.719,.286,25.10,1056.0,58.0,68.0,470.0,420.0,101.0,16.0,2.0,20.0,40.0,2.0,82.0,3.0,6.0,0.0,181.0,63.0,5.0,.240,.307,.431,.738,.250,21.00,1721.0,88.0,155.0,2025
665742,Juan Soto,121,New York Mets,,LF,2026,318.0,264.0,78.0,8.0,2.0,20.0,52.0,8.0,40.0,0.0,1.0,0.0,150.0,49.0,3.0,.295,.410,.568,.978,.283,13.20,1254.0,70.0,77.0,715.0,577.0,152.0,20.0,1.0,43.0,127.0,13.0,137.0,3.0,6.0,1.0,303.0,105.0,17.0,.263,.396,.525,.921,.270,13.42,2968.0,156.0,139.0,2025
663698,Joey Bart,144,Atlanta Braves,,C,2026,91.0,83.0,19.0,2.0,0.0,4.0,3.0,0.0,24.0,4.0,1.0,0.0,33.0,12.0,0.0,.229,.286,.398,.684,.268,20.75,347.0,19.0,22.0,332.0,285.0,71.0,12.0,1.0,4.0,40.0,0.0,93.0,7.0,0.0,0.0,97.0,30.0,14.0,.249,.355,.340,.695,.356,71.25,1345.0,72.0,49.0,2025
702616,Jackson Holliday,110,Baltimore Orioles,,2B,2026,132.0,113.0,24.0,3.0,1.0,5.0,17.0,0.0,35.0,0.0,2.0,0.0,44.0,14.0,1.0,.212,.311,.389,.700,.253,22.60,522.0,24.0,32.0,649.0,586.0,142.0,21.0,3.0,17.0,56.0,1.0,140.0,6.0,1.0,0.0,220.0,55.0,4.0,.242,.314,.375,.689,.291,34.47,2450.0,167.0,138.0,2025
665750,Leody Taveras,110,Baltimore Orioles,,CF,2026,280.0,243.0,58.0,10.0,5.0,3.0,28.0,0.0,69.0,1.0,1.0,7.0,87.0,31.0,5.0,.239,.319,.358,.677,.320,81.00,1116.0,54.0,70.0,180.0,171.0,35.0,6.0,1.0,3.0,5.0,0.0,50.0,0.0,1.0,3.0,52.0,17.0,0.0,.205,.226,.304,.530,.269,57.00,693.0,33.0,57.0,2025
596117,Garrett Stubbs,143,Philadelphia Phillies,,C,2026,32.0,28.0,5.0,0.0,0.0,0.0,1.0,0.0,6.0,2.0,1.0,0.0,5.0,2.0,0.0,.179,.250,.179,.429,.217,-.--,114.0,10.0,8.0,1.0,1.0,0.0,0.0,0.0,0.0,0.0,0.0,0.0,0.0,0.0,0.0,0.0,0.0,0.0,.000,.000,.000,.000,.000,-.--,4.0,1.0,0.0,2025
645277,Ozzie Albies,144,Atlanta Braves,,2B,2026,392.0,352.0,96.0,19.0,0.0,14.0,26.0,1.0,49.0,4.0,10.0,0.0,157.0,50.0,3.0,.273,.321,.446,.767,.274,25.14,1382.0,89.0,128.0,667.0,603.0,145.0,23.0,2.0,16.0,55.0,2.0,94.0,4.0,5.0,0.0,220.0,74.0,9.0,.240,.306,.365,.671,.259,37.69,2402.0,146.0,223.0,2025
596133,Luke Weaver,121,New York Mets,,P,2026,0.0,0.0,0.0,0.0,0.0,0.0,0.0,0.0,0.0,0.0,0.0,0.0,0.0,0.0,0.0,.000,.000,.000,.000,.---,-.--,0.0,0.0,0.0,,,,,,,,,,,,,,,,,,,,,,,,,2025
657571,Caleb Ferguson,113,Cincinnati Reds,,P,2026,,,,,,,,,,,,,,,,,,,,,,,,,,,,,,,,,,,,,,,,,,,,,,,,,2025
542888,Shawn Armstrong,114,Cleveland Guardians,,P,2026,,,,,,,,,,,,,,,,,,,,,,,,,0.0,0.0,0.0,0.0,0.0,0.0,0.0,0.0,0.0,0.0,0.0,0.0,0.0,0.0,0.0,.000,.000,.000,.000,.---,-.--,0.0,0.0,0.0,2025
622761,Jorge Mateo,144,Atlanta Braves,,SS,2026,132.0,124.0,30.0,5.0,0.0,4.0,8.0,0.0,41.0,0.0,0.0,0.0,47.0,11.0,2.0,.242,.288,.379,.667,.329,31.00,518.0,23.0,30.0,83.0,79.0,14.0,4.0,0.0,1.0,4.0,0.0,30.0,0.0,0.0,0.0,21.0,3.0,1.0,.177,.217,.266,.483,.271,79.00,336.0,17.0,18.0,2025
673962,Josh Jung,140,Texas Rangers,,3B,2026,359.0,323.0,96.0,22.0,0.0,9.0,29.0,0.0,64.0,5.0,2.0,0.0,145.0,34.0,13.0,.297,.362,.449,.811,.345,35.89,1329.0,84.0,81.0,511.0,482.0,121.0,23.0,1.0,14.0,27.0,0.0,129.0,2.0,0.0,0.0,188.0,61.0,10.0,.251,.294,.390,.684,.316,34.43,1931.0,108.0,124.0,2025
596142,Gary Sánchez,158,Milwaukee Brewers,,C,2026,170.0,136.0,30.0,5.0,1.0,8.0,31.0,0.0,31.0,2.0,1.0,0.0,61.0,24.0,6.0,.221,.371,.449,.820,.224,17.00,714.0,33.0,43.0,101.0,91.0,21.0,2.0,0.0,5.0,4.0,0.0,27.0,5.0,1.0,0.0,38.0,24.0,2.0,.231,.297,.418,.715,.267,18.20,415.0,21.0,23.0,2025
663728,Cal Raleigh,136,Seattle Mariners,,C,2026,263.0,229.0,39.0,7.0,0.0,9.0,31.0,0.0,84.0,0.0,3.0,0.0,73.0,29.0,4.0,.170,.266,.319,.585,.216,25.44,1155.0,34.0,75.0,705.0,596.0,147.0,24.0,0.0,60.0,97.0,17.0,188.0,9.0,3.0,0.0,351.0,125.0,6.0,.247,.359,.589,.948,.248,9.93,2833.0,79.0,185.0,2025
671922,Cade Smith,114,Cleveland Guardians,,P,2026,0.0,0.0,0.0,0.0,0.0,0.0,0.0,0.0,0.0,0.0,0.0,0.0,0.0,0.0,0.0,.000,.000,.000,.000,.---,-.--,0.0,0.0,0.0,,,,,,,,,,,,,,,,,,,,,,,,,2025
596146,Max Kepler,109,Arizona Diamondbacks,,LF,2026,29.0,28.0,5.0,2.0,0.0,1.0,1.0,0.0,7.0,0.0,0.0,0.0,10.0,6.0,0.0,.179,.207,.357,.564,.200,28.00,108.0,3.0,13.0,474.0,417.0,90.0,19.0,0.0,18.0,48.0,3.0,93.0,4.0,4.0,1.0,163.0,52.0,10.0,.216,.300,.391,.691,.232,23.17,1826.0,95.0,144.0,2025
663738,Daniel Lynch IV,118,Kansas City Royals,,P,2026,,,,,,,,,,,,,,,,,,,,,,,,,0.0,0.0,0.0,0.0,0.0,0.0,0.0,0.0,0.0,0.0,0.0,0.0,0.0,0.0,0.0,.000,.000,.000,.000,.---,-.--,0.0,0.0,0.0,2025
645302,Victor Robles,136,Seattle Mariners,,RF,2026,94.0,87.0,20.0,2.0,0.0,0.0,5.0,0.0,16.0,2.0,0.0,0.0,22.0,4.0,4.0,.230,.287,.253,.540,.282,-.--,335.0,20.0,31.0,114.0,106.0,26.0,4.0,1.0,1.0,3.0,0.0,26.0,3.0,2.0,0.0,35.0,9.0,3.0,.245,.281,.330,.611,.309,106.00,375.0,29.0,27.0,2025
694462,Hurston Waldrep,144,Atlanta Braves,,P,2026,,,,,,,,,,,,,,,,,,,,,,,,,,,,,,,,,,,,,,,,,,,,,,,,,2025
682177,Daniel Schneemann,114,Cleveland Guardians,,CF,2026,254.0,232.0,49.0,10.0,0.0,6.0,22.0,0.0,74.0,0.0,0.0,0.0,77.0,28.0,5.0,.211,.280,.332,.612,.283,38.67,1009.0,55.0,54.0,422.0,379.0,78.0,18.0,1.0,12.0,38.0,1.0,117.0,3.0,1.0,1.0,134.0,41.0,4.0,.206,.283,.354,.637,.263,31.58,1668.0,96.0,90.0,2025
696519,Samy Natera Jr.,108,Los Angeles Angels,,P,2026,,,,,,,,,,,,,,,,,,,,,,,,,,,,,,,,,,,,,,,,,,,,,,,,,2025
803011,Sam Antonacci,145,Chicago White Sox,,LF,2026,290.0,249.0,73.0,12.0,2.0,5.0,21.0,0.0,44.0,17.0,1.0,2.0,104.0,25.0,1.0,.293,.385,.418,.803,.338,49.80,1144.0,81.0,54.0,,,,,,,,,,,,,,,,,,,,,,,,,2025
694477,Chad Patrick,158,Milwaukee Brewers,,P,2026,0.0,0.0,0.0,0.0,0.0,0.0,0.0,0.0,0.0,0.0,0.0,0.0,0.0,0.0,0.0,.000,.000,.000,.000,.---,-.--,0.0,0.0,0.0,,,,,,,,,,,,,,,,,,,,,,,,,2025
665804,Miguel Amaya,112,Chicago Cubs,,C,2026,151.0,124.0,29.0,7.0,0.0,3.0,18.0,0.0,35.0,7.0,0.0,1.0,45.0,13.0,5.0,.234,.362,.363,.725,.302,41.33,652.0,26.0,35.0,103.0,96.0,27.0,9.0,0.0,4.0,4.0,0.0,22.0,1.0,1.0,1.0,48.0,25.0,0.0,.281,.314,.500,.814,.324,24.00,385.0,22.0,27.0,2025
663765,Jake Woodford,112,Chicago Cubs,,P,2026,,,,,,,,,,,,,,,,,,,,,,,,,,,,,,,,,,,,,,,,,,,,,,,,,2025
643289,Mauricio Dubón,144,Atlanta Braves,,LF,2026,354.0,326.0,89.0,19.0,2.0,9.0,25.0,0.0,50.0,2.0,0.0,0.0,139.0,49.0,4.0,.273,.329,.426,.755,.300,36.22,1314.0,92.0,95.0,398.0,369.0,89.0,21.0,0.0,7.0,24.0,0.0,42.0,1.0,1.0,3.0,131.0,33.0,12.0,.241,.289,.355,.644,.255,52.71,1346.0,110.0,132.0,2025
669923,George Kirby,136,Seattle Mariners,,P,2026,,,,,,,,,,,,,,,,,,,,,,,,,,,,,,,,,,,,,,,,,,,,,,,,,2025
663776,Patrick Sandoval,111,Boston Red Sox,,P,2026,,,,,,,,,,,,,,,,,,,,,,,,,,,,,,,,,,,,,,,,,,,,,,,,,2025
694497,Evan Carter,140,Texas Rangers,,CF,2026,254.0,213.0,39.0,6.0,2.0,7.0,32.0,0.0,62.0,4.0,1.0,4.0,70.0,22.0,0.0,.183,.300,.329,.629,.221,30.43,1064.0,46.0,71.0,220.0,194.0,48.0,9.0,2.0,5.0,19.0,1.0,41.0,7.0,0.0,0.0,76.0,25.0,2.0,.247,.336,.392,.728,.291,38.80,822.0,49.0,56.0,2025
671976,Tristan Peters,145,Chicago White Sox,,CF,2026,264.0,238.0,69.0,19.0,2.0,5.0,18.0,0.0,48.0,3.0,1.0,4.0,107.0,31.0,0.0,.290,.346,.450,.796,.344,47.60,955.0,60.0,66.0,12.0,12.0,0.0,0.0,0.0,0.0,0.0,0.0,7.0,0.0,0.0,0.0,0.0,0.0,0.0,.000,.000,.000,.000,.000,-.--,46.0,1.0,4.0,2025
657649,Jared Koenig,158,Milwaukee Brewers,,P,2026,,,,,,,,,,,,,,,,,,,,,,,,,,,,,,,,,,,,,,,,,,,,,,,,,2025
676083,Janson Junk,146,Miami Marlins,,P,2026,,,,,,,,,,,,,,,,,,,,,,,,,,,,,,,,,,,,,,,,,,,,,,,,,2025
700669,Gordon Graceffo,138,St. Louis Cardinals,,P,2026,,,,,,,,,,,,,,,,,,,,,,,,,,,,,,,,,,,,,,,,,,,,,,,,,2025
823550,Sung-Mun Song,135,San Diego Padres,,2B,2026,88.0,77.0,17.0,3.0,0.0,1.0,11.0,0.0,14.0,0.0,0.0,0.0,23.0,10.0,1.0,.221,.318,.299,.617,.258,77.00,361.0,18.0,28.0,,,,,,,,,,,,,,,,,,,,,,,,,2025
606466,Ketel Marte,109,Arizona Diamondbacks,,2B,2026,387.0,353.0,94.0,19.0,3.0,17.0,29.0,1.0,51.0,2.0,3.0,0.0,170.0,54.0,4.0,.266,.323,.482,.805,.267,20.76,1402.0,105.0,106.0,556.0,480.0,136.0,28.0,0.0,28.0,64.0,6.0,83.0,9.0,3.0,0.0,248.0,72.0,12.0,.283,.376,.517,.893,.290,17.14,2095.0,129.0,135.0,2025
682243,Bryce Miller,136,Seattle Mariners,,P,2026,,,,,,,,,,,,,,,,,,,,,,,,,,,,,,,,,,,,,,,,,,,,,,,,,2025
571657,Kyle Farmer,144,Atlanta Braves,,DH,2026,16.0,15.0,4.0,1.0,0.0,0.0,0.0,0.0,4.0,0.0,1.0,0.0,5.0,3.0,0.0,.267,.250,.333,.583,.333,-.--,52.0,5.0,3.0,300.0,277.0,63.0,14.0,0.0,8.0,17.0,0.0,66.0,4.0,2.0,0.0,101.0,31.0,9.0,.227,.280,.365,.645,.268,34.62,1101.0,73.0,77.0,2025
676106,Emerson Hancock,136,Seattle Mariners,,P,2026,,,,,,,,,,,,,,,,,,,,,,,,,0.0,0.0,0.0,0.0,0.0,0.0,0.0,0.0,0.0,0.0,0.0,0.0,0.0,0.0,0.0,.000,.000,.000,.000,.---,-.--,0.0,0.0,0.0,2025
665871,Javier Assad,112,Chicago Cubs,,P,2026,,,,,,,,,,,,,,,,,,,,,,,,,,,,,,,,,,,,,,,,,,,,,,,,,2025
682254,Mason Montgomery,134,Pittsburgh Pirates,,P,2026,,,,,,,,,,,,,,,,,,,,,,,,,,,,,,,,,,,,,,,,,,,,,,,,,2025
665877,José Fermín,138,St. Louis Cardinals,,LF,2026,162.0,148.0,40.0,9.0,0.0,4.0,11.0,0.0,23.0,0.0,1.0,1.0,61.0,18.0,5.0,.270,.319,.412,.731,.295,37.00,665.0,35.0,52.0,70.0,60.0,17.0,5.0,0.0,1.0,8.0,0.0,10.0,1.0,0.0,1.0,25.0,9.0,0.0,.283,.377,.417,.794,.327,60.00,271.0,16.0,18.0,2025
641302,Tyler Alexander,140,Texas Rangers,,P,2026,,,,,,,,,,,,,,,,,,,,,,,,,1.0,1.0,0.0,0.0,0.0,0.0,0.0,0.0,0.0,0.0,0.0,0.0,0.0,0.0,0.0,.000,.000,.000,.000,.000,-.--,3.0,1.0,0.0,2025
700712,Walbert Ureña,108,Los Angeles Angels,,P,2026,,,,,,,,,,,,,,,,,,,,,,,,,,,,,,,,,,,,,,,,,,,,,,,,,2025
663837,Matt Vierling,116,Detroit Tigers,,CF,2026,249.0,227.0,45.0,12.0,2.0,5.0,17.0,0.0,40.0,0.0,4.0,1.0,76.0,30.0,4.0,.198,.250,.335,.585,.215,45.40,943.0,63.0,84.0,100.0,88.0,21.0,3.0,0.0,1.0,7.0,0.0,24.0,3.0,2.0,0.0,27.0,11.0,1.0,.239,.310,.307,.617,.308,88.00,436.0,16.0,29.0,2025
663853,Romy Gonzalez,111,Boston Red Sox,,DH,2026,28.0,26.0,8.0,1.0,1.0,1.0,1.0,0.0,8.0,1.0,0.0,0.0,14.0,5.0,1.0,.308,.357,.538,.895,.412,26.00,117.0,8.0,2.0,341.0,315.0,96.0,23.0,3.0,9.0,18.0,1.0,81.0,3.0,5.0,0.0,152.0,53.0,8.0,.305,.343,.483,.826,.378,35.00,1238.0,84.0,59.0,2025
663855,Jordan Hicks,145,Chicago White Sox,,P,2026,,,,,,,,,,,,,,,,,,,,,,,,,,,,,,,,,,,,,,,,,,,,,,,,,2025
608566,Germán Márquez,135,San Diego Padres,,P,2026,,,,,,,,,,,,,,,,,,,,,,,,,,,,,,,,,,,,,,,,,,,,,,,,,2025
641343,Jake Bauers,158,Milwaukee Brewers,,1B,2026,329.0,283.0,75.0,15.0,1.0,16.0,42.0,3.0,84.0,3.0,1.0,0.0,140.0,54.0,3.0,.265,.365,.495,.860,.321,17.69,1348.0,65.0,60.0,218.0,183.0,43.0,9.0,0.0,7.0,32.0,1.0,59.0,2.0,1.0,0.0,73.0,28.0,1.0,.235,.353,.399,.752,.305,26.14,895.0,35.0,47.0,2025
665923,Esteury Ruiz,146,Miami Marlins,,RF,2026,109.0,90.0,22.0,8.0,1.0,4.0,12.0,0.0,30.0,5.0,1.0,0.0,44.0,9.0,0.0,.244,.361,.489,.850,.316,22.50,438.0,10.0,29.0,23.0,21.0,4.0,0.0,0.0,1.0,2.0,0.0,8.0,0.0,0.0,0.0,7.0,2.0,0.0,.190,.261,.333,.594,.250,21.00,88.0,5.0,4.0,2025
663886,Tyler Stephenson,113,Cincinnati Reds,,C,2026,244.0,214.0,50.0,10.0,0.0,6.0,28.0,0.0,62.0,0.0,2.0,0.0,78.0,24.0,4.0,.234,.320,.364,.684,.297,35.67,965.0,39.0,65.0,342.0,299.0,69.0,18.0,0.0,13.0,37.0,1.0,116.0,2.0,4.0,0.0,126.0,50.0,4.0,.231,.316,.421,.737,.322,23.00,1389.0,57.0,61.0,2025
543056,Danny Coulombe,111,Boston Red Sox,,P,2026,,,,,,,,,,,,,,,,,,,,,,,,,,,,,,,,,,,,,,,,,,,,,,,,,2025
670032,Nicky Lopez,140,Texas Rangers,,2B,2026,116.0,108.0,34.0,2.0,0.0,1.0,3.0,0.0,17.0,2.0,0.0,3.0,39.0,11.0,2.0,.315,.345,.361,.706,.367,108.00,403.0,41.0,19.0,28.0,24.0,1.0,0.0,0.0,0.0,4.0,0.0,4.0,0.0,0.0,0.0,1.0,1.0,1.0,.042,.179,.042,.221,.050,-.--,106.0,13.0,6.0,2025
657746,Joe Ryan,142,Minnesota Twins,,P,2026,,,,,,,,,,,,,,,,,,,,,,,,,,,,,,,,,,,,,,,,,,,,,,,,,2025
643410,Mark Leiter Jr.,133,Athletics,,P,2026,,,,,,,,,,,,,,,,,,,,,,,,,,,,,,,,,,,,,,,,,,,,,,,,,2025
670036,Matt Festa,114,Cleveland Guardians,,P,2026,,,,,,,,,,,,,,,,,,,,,,,,,0.0,0.0,0.0,0.0,0.0,0.0,0.0,0.0,0.0,0.0,0.0,0.0,0.0,0.0,0.0,.000,.000,.000,.000,.---,-.--,0.0,0.0,0.0,2025
657757,Gavin Sheets,135,San Diego Padres,,1B,2026,306.0,270.0,62.0,15.0,0.0,14.0,32.0,0.0,67.0,4.0,0.0,0.0,119.0,39.0,10.0,.230,.320,.441,.761,.254,19.29,1297.0,75.0,66.0,545.0,492.0,124.0,28.0,1.0,19.0,44.0,1.0,107.0,5.0,4.0,0.0,211.0,71.0,9.0,.252,.317,.429,.746,.284,25.90,2279.0,111.0,154.0,2025
670042,Luke Raley,136,Seattle Mariners,,RF,2026,249.0,226.0,52.0,9.0,1.0,14.0,13.0,1.0,81.0,7.0,1.0,2.0,105.0,36.0,0.0,.230,.291,.465,.756,.288,16.14,965.0,42.0,54.0,219.0,183.0,37.0,8.0,0.0,4.0,19.0,0.0,64.0,13.0,1.0,3.0,57.0,19.0,2.0,.202,.319,.311,.630,.284,45.75,831.0,53.0,33.0,2025
663903,Brady Singer,113,Cincinnati Reds,,P,2026,,,,,,,,,,,,,,,,,,,,,,,,,,,,,,,,,,,,,,,,,,,,,,,,,2025
545121,Ildemaro Vargas,109,Arizona Diamondbacks,,1B,2026,289.0,268.0,69.0,12.0,2.0,7.0,16.0,2.0,26.0,2.0,1.0,1.0,106.0,46.0,3.0,.257,.303,.396,.699,.263,38.29,1000.0,88.0,87.0,121.0,115.0,31.0,2.0,1.0,3.0,2.0,0.0,15.0,2.0,1.0,1.0,44.0,19.0,3.0,.270,.292,.383,.675,.286,38.33,429.0,46.0,25.0,2025
670059,Colin Holderman,114,Cleveland Guardians,,P,2026,,,,,,,,,,,,,,,,,,,,,,,,,,,,,,,,,,,,,,,,,,,,,,,,,2025
678246,Miguel Vargas,145,Chicago White Sox,,3B,2026,392.0,327.0,79.0,17.0,1.0,20.0,56.0,2.0,65.0,5.0,3.0,0.0,158.0,56.0,4.0,.242,.358,.483,.841,.241,16.35,1560.0,65.0,121.0,569.0,504.0,118.0,32.0,2.0,16.0,56.0,0.0,100.0,6.0,3.0,0.0,202.0,60.0,9.0,.234,.316,.401,.717,.261,31.50,2323.0,91.0,198.0,2025
547180,Bryce Harper,143,Philadelphia Phillies,,1B,2026,391.0,326.0,86.0,16.0,2.0,20.0,59.0,2.0,79.0,0.0,6.0,0.0,166.0,57.0,8.0,.264,.371,.509,.880,.283,16.30,1521.0,86.0,81.0,580.0,501.0,131.0,32.0,0.0,27.0,70.0,6.0,121.0,6.0,3.0,0.0,244.0,75.0,5.0,.261,.357,.487,.844,.292,18.56,2172.0,127.0,125.0,2025
670062,Julian Garcia,113,Cincinnati Reds,,P,2026,,,,,,,,,,,,,,,,,,,,,,,,,,,,,,,,,,,,,,,,,,,,,,,,,2025
665966,Carlos Narváez,111,Boston Red Sox,,C,2026,170.0,151.0,29.0,6.0,0.0,2.0,11.0,0.0,54.0,3.0,2.0,3.0,41.0,6.0,6.0,.192,.257,.272,.529,.278,75.50,694.0,32.0,41.0,446.0,403.0,97.0,27.0,0.0,15.0,38.0,0.0,111.0,1.0,2.0,2.0,169.0,50.0,12.0,.241,.306,.419,.725,.294,26.87,1829.0,98.0,101.0,2025
801139,Payton Tolle,111,Boston Red Sox,,P,2026,,,,,,,,,,,,,,,,,,,,,,,,,,,,,,,,,,,,,,,,,,,,,,,,,2025
643446,Jeff McNeil,133,Athletics,,2B,2026,288.0,259.0,59.0,11.0,0.0,3.0,21.0,1.0,36.0,4.0,3.0,1.0,79.0,26.0,8.0,.228,.293,.305,.598,.251,86.33,1060.0,76.0,92.0,462.0,399.0,97.0,21.0,5.0,12.0,49.0,4.0,55.0,8.0,4.0,2.0,164.0,54.0,5.0,.243,.335,.411,.746,.253,33.25,1718.0,109.0,144.0,2025
686475,Tyler Tolbert,118,Kansas City Royals,,2B,2026,57.0,51.0,19.0,1.0,0.0,2.0,4.0,0.0,11.0,0.0,1.0,1.0,26.0,5.0,2.0,.373,.411,.510,.921,.436,25.50,197.0,12.0,11.0,57.0,50.0,14.0,2.0,0.0,1.0,1.0,0.0,11.0,3.0,2.0,1.0,19.0,6.0,1.0,.280,.321,.380,.701,.325,50.00,189.0,10.0,18.0,2025
663947,Tyler Holton,116,Detroit Tigers,,P,2026,,,,,,,,,,,,,,,,,,,,,,,,,,,,,,,,,,,,,,,,,,,,,,,,,2025
543135,Nathan Eovaldi,140,Texas Rangers,,P,2026,,,,,,,,,,,,,,,,,,,,,,,,,,,,,,,,,,,,,,,,,,,,,,,,,2025
663968,Jake Mangum,134,Pittsburgh Pirates,,CF,2026,239.0,217.0,65.0,9.0,0.0,1.0,13.0,1.0,42.0,5.0,1.0,3.0,77.0,15.0,4.0,.300,.352,.355,.707,.366,217.00,890.0,76.0,38.0,428.0,405.0,120.0,18.0,1.0,3.0,19.0,0.0,64.0,2.0,1.0,1.0,149.0,40.0,4.0,.296,.330,.368,.698,.345,135.00,1442.0,138.0,85.0,2025
805299,Brandyn Garcia,109,Arizona Diamondbacks,,P,2026,,,,,,,,,,,,,,,,,,,,,,,,,0.0,0.0,0.0,0.0,0.0,0.0,0.0,0.0,0.0,0.0,0.0,0.0,0.0,0.0,0.0,.000,.000,.000,.000,.---,-.--,0.0,0.0,0.0,2025
663969,Tyler Phillips,146,Miami Marlins,,P,2026,,,,,,,,,,,,,,,,,,,,,,,,,,,,,,,,,,,,,,,,,,,,,,,,,2025
805300,Jakob Marsee,146,Miami Marlins,,CF,2026,375.0,314.0,61.0,11.0,3.0,5.0,47.0,0.0,84.0,9.0,1.0,4.0,93.0,24.0,2.0,.194,.315,.296,.611,.248,62.80,1489.0,71.0,103.0,234.0,209.0,61.0,18.0,3.0,5.0,22.0,0.0,48.0,2.0,1.0,0.0,100.0,33.0,2.0,.292,.363,.478,.841,.357,41.80,881.0,52.0,49.0,2025
575929,Willson Contreras,111,Boston Red Sox,,1B,2026,364.0,312.0,89.0,16.0,2.0,20.0,35.0,1.0,90.0,14.0,3.0,0.0,169.0,61.0,7.0,.285,.379,.542,.921,.337,15.60,1423.0,63.0,73.0,563.0,490.0,126.0,31.0,1.0,20.0,44.0,1.0,142.0,23.0,4.0,1.0,219.0,80.0,15.0,.257,.344,.447,.791,.319,24.50,2160.0,112.0,115.0,2025
676282,Joey Cantillo,114,Cleveland Guardians,,P,2026,,,,,,,,,,,,,,,,,,,,,,,,,,,,,,,,,,,,,,,,,,,,,,,,,2025
663993,Nathaniel Lowe,113,Cincinnati Reds,,DH,2026,220.0,194.0,47.0,13.0,0.0,9.0,26.0,1.0,60.0,0.0,0.0,0.0,87.0,25.0,1.0,.242,.332,.448,.780,.304,21.56,964.0,44.0,43.0,609.0,540.0,123.0,23.0,3.0,18.0,62.0,2.0,159.0,2.0,5.0,0.0,206.0,84.0,6.0,.228,.307,.381,.688,.285,30.00,2607.0,130.0,133.0,2025
686527,Dominic Canzone,136,Seattle Mariners,,DH,2026,241.0,214.0,57.0,13.0,1.0,14.0,22.0,0.0,51.0,3.0,2.0,0.0,114.0,37.0,2.0,.266,.340,.533,.873,.285,15.29,904.0,55.0,53.0,269.0,243.0,73.0,11.0,0.0,11.0,20.0,0.0,59.0,3.0,2.0,0.0,117.0,32.0,6.0,.300,.358,.481,.839,.354,22.09,1028.0,55.0,59.0,2025
670156,Miles Mastrobuoni,136,Seattle Mariners,,3B,2026,27.0,23.0,5.0,0.0,0.0,0.0,2.0,0.0,10.0,0.0,1.0,1.0,5.0,1.0,0.0,.217,.269,.217,.486,.357,-.--,101.0,5.0,5.0,175.0,152.0,38.0,4.0,0.0,1.0,17.0,0.0,29.0,0.0,1.0,5.0,45.0,12.0,2.0,.250,.324,.296,.620,.301,152.00,669.0,55.0,36.0,2025
608718,Brent Suter,108,Los Angeles Angels,,P,2026,,,,,,,,,,,,,,,,,,,,,,,,,,,,,,,,,,,,,,,,,,,,,,,,,2025
641487,J.P. Crawford,136,Seattle Mariners,,SS,2026,317.0,268.0,57.0,7.0,0.0,10.0,43.0,0.0,66.0,5.0,1.0,0.0,94.0,25.0,4.0,.213,.331,.351,.682,.244,26.80,1347.0,75.0,71.0,654.0,570.0,151.0,24.0,0.0,12.0,74.0,1.0,122.0,3.0,1.0,6.0,211.0,58.0,11.0,.265,.352,.370,.722,.318,47.50,2731.0,155.0,149.0,2025
455119,Chris Martin,140,Texas Rangers,,P,2026,,,,,,,,,,,,,,,,,,,,,,,,,,,,,,,,,,,,,,,,,,,,,,,,,2025
670167,John Schreiber,118,Kansas City Royals,,P,2026,,,,,,,,,,,,,,,,,,,,,,,,,0.0,0.0,0.0,0.0,0.0,0.0,0.0,0.0,0.0,0.0,0.0,0.0,0.0,0.0,0.0,.000,.000,.000,.000,.---,-.--,0.0,0.0,0.0,2025
621016,Jose Cuas,118,Kansas City Royals,,P,2026,,,,,,,,,,,,,,,,,,,,,,,,,,,,,,,,,,,,,,,,,,,,,,,,,2025
664023,Ian Happ,112,Chicago Cubs,,LF,2026,381.0,328.0,71.0,16.0,2.0,17.0,47.0,3.0,120.0,5.0,1.0,0.0,142.0,41.0,7.0,.216,.323,.433,.756,.281,19.29,1573.0,60.0,78.0,663.0,569.0,138.0,32.0,0.0,23.0,87.0,2.0,151.0,2.0,5.0,0.0,239.0,79.0,8.0,.243,.342,.420,.762,.288,24.74,2717.0,120.0,165.0,2025
686555,Isaac Collins,118,Kansas City Royals,,LF,2026,302.0,255.0,61.0,16.0,0.0,4.0,37.0,0.0,69.0,6.0,2.0,2.0,89.0,26.0,4.0,.239,.347,.349,.696,.310,63.75,1169.0,53.0,76.0,441.0,372.0,98.0,22.0,3.0,9.0,57.0,0.0,93.0,6.0,3.0,3.0,153.0,54.0,8.0,.263,.368,.411,.779,.326,41.33,1792.0,91.0,96.0,2025
621020,Dansby Swanson,112,Chicago Cubs,,SS,2026,341.0,298.0,63.0,10.0,2.0,16.0,37.0,0.0,79.0,1.0,4.0,1.0,125.0,58.0,3.0,.211,.297,.419,.716,.227,18.62,1353.0,74.0,87.0,645.0,590.0,144.0,24.0,3.0,24.0,47.0,1.0,168.0,2.0,5.0,1.0,246.0,77.0,9.0,.244,.300,.417,.717,.298,24.58,2521.0,137.0,147.0,2025
686560,Gavin Collyer,140,Texas Rangers,,P,2026,,,,,,,,,,,,,,,,,,,,,,,,,,,,,,,,,,,,,,,,,,,,,,,,,2025
664034,Ty France,135,San Diego Padres,,1B,2026,216.0,197.0,50.0,8.0,2.0,10.0,11.0,1.0,54.0,6.0,1.0,0.0,92.0,30.0,5.0,.254,.312,.467,.779,.299,19.70,856.0,49.0,45.0,490.0,444.0,114.0,25.0,0.0,7.0,22.0,1.0,83.0,21.0,3.0,0.0,160.0,52.0,11.0,.257,.320,.360,.680,.300,63.43,1873.0,137.0,113.0,2025
805347,Jim Jarvis,144,Atlanta Braves,,SS,2026,20.0,19.0,4.0,0.0,0.0,0.0,1.0,0.0,5.0,0.0,0.0,0.0,4.0,1.0,0.0,.211,.250,.211,.461,.286,-.--,86.0,7.0,3.0,,,,,,,,,,,,,,,,,,,,,,,,,2025
664040,Brandon Lowe,134,Pittsburgh Pirates,,2B,2026,385.0,340.0,84.0,20.0,1.0,21.0,37.0,0.0,100.0,2.0,6.0,0.0,169.0,64.0,3.0,.247,.319,.497,.816,.280,16.19,1546.0,69.0,93.0,553.0,507.0,130.0,19.0,0.0,31.0,38.0,1.0,149.0,2.0,6.0,0.0,242.0,83.0,6.0,.256,.307,.477,.784,.297,16.36,2146.0,107.0,127.0,2025
686580,Justin Slaten,111,Boston Red Sox,,P,2026,,,,,,,,,,,,,,,,,,,,,,,,,,,,,,,,,,,,,,,,,,,,,,,,,2025
805367,Chase Meidroth,145,Chicago White Sox,,2B,2026,376.0,332.0,88.0,15.0,0.0,7.0,35.0,0.0,89.0,2.0,2.0,4.0,124.0,29.0,4.0,.265,.337,.373,.710,.340,47.43,1577.0,97.0,64.0,505.0,450.0,114.0,15.0,0.0,5.0,45.0,0.0,72.0,6.0,1.0,3.0,144.0,23.0,14.0,.253,.329,.320,.649,.291,90.00,2057.0,149.0,119.0,2025
621053,Tyler Ferguson,112,Chicago Cubs,,P,2026,,,,,,,,,,,,,,,,,,,,,,,,,0.0,0.0,0.0,0.0,0.0,0.0,0.0,0.0,0.0,0.0,0.0,0.0,0.0,0.0,0.0,.000,.000,.000,.000,.---,-.--,0.0,0.0,0.0,2025
700932,Kyle Manzardo,114,Cleveland Guardians,,1B,2026,293.0,256.0,56.0,7.0,1.0,10.0,31.0,0.0,94.0,4.0,2.0,0.0,95.0,29.0,4.0,.219,.311,.371,.682,.299,25.60,1208.0,45.0,63.0,531.0,470.0,110.0,19.0,2.0,27.0,48.0,2.0,135.0,8.0,5.0,0.0,214.0,70.0,7.0,.234,.313,.455,.768,.265,17.41,2018.0,82.0,148.0,2025
571912,Luke Maile,118,Kansas City Royals,,C,2026,5.0,4.0,1.0,0.0,0.0,1.0,1.0,0.0,0.0,0.0,0.0,0.0,4.0,3.0,0.0,.250,.400,1.000,1.400,.000,4.00,15.0,1.0,2.0,54.0,45.0,11.0,2.0,0.0,1.0,7.0,0.0,16.0,0.0,0.0,2.0,16.0,6.0,1.0,.244,.346,.356,.702,.357,45.00,214.0,11.0,9.0,2025
543243,Sonny Gray,111,Boston Red Sox,,P,2026,,,,,,,,,,,,,,,,,,,,,,,,,,,,,,,,,,,,,,,,,,,,,,,,,2025
666126,Carlos Cortes,133,Athletics,,RF,2026,225.0,200.0,56.0,11.0,1.0,6.0,21.0,0.0,29.0,3.0,1.0,0.0,87.0,23.0,8.0,.280,.356,.435,.791,.301,33.33,920.0,62.0,54.0,99.0,94.0,29.0,8.0,1.0,4.0,3.0,0.0,20.0,0.0,2.0,0.0,51.0,14.0,3.0,.309,.323,.543,.866,.347,23.50,375.0,24.0,23.0,2025
670224,Kameron Misner,118,Kansas City Royals,,CF,2026,44.0,41.0,9.0,1.0,0.0,0.0,2.0,0.0,17.0,0.0,0.0,1.0,10.0,4.0,0.0,.220,.256,.244,.500,.375,-.--,184.0,5.0,11.0,217.0,197.0,42.0,9.0,1.0,5.0,16.0,0.0,69.0,1.0,2.0,1.0,68.0,22.0,1.0,.213,.273,.345,.618,.296,39.40,916.0,41.0,48.0,2025
676369,Nelson Velázquez,138,St. Louis Cardinals,,LF,2026,63.0,55.0,14.0,3.0,0.0,4.0,6.0,0.0,14.0,1.0,1.0,0.0,29.0,12.0,0.0,.255,.333,.527,.860,.263,13.75,244.0,12.0,16.0,,,,,,,,,,,,,,,,,,,,,,,,,2025
621074,Michael Rucker,136,Seattle Mariners,,P,2026,,,,,,,,,,,,,,,,,,,,,,,,,,,,,,,,,,,,,,,,,,,,,,,,,2025
672275,Patrick Bailey,114,Cleveland Guardians,,C,2026,182.0,168.0,30.0,4.0,1.0,2.0,12.0,0.0,48.0,0.0,1.0,1.0,42.0,12.0,5.0,.179,.232,.250,.482,.235,84.00,762.0,49.0,43.0,452.0,409.0,91.0,18.0,3.0,6.0,30.0,0.0,133.0,3.0,6.0,4.0,133.0,55.0,7.0,.222,.277,.325,.602,.308,68.17,1724.0,82.0,113.0,2025
666139,Josh Lowe,108,Los Angeles Angels,,LF,2026,174.0,163.0,35.0,4.0,0.0,7.0,8.0,0.0,48.0,1.0,1.0,1.0,60.0,20.0,0.0,.215,.254,.368,.622,.257,23.29,709.0,32.0,50.0,435.0,396.0,87.0,21.0,2.0,11.0,33.0,1.0,109.0,3.0,2.0,1.0,145.0,40.0,7.0,.220,.283,.366,.649,.273,36.00,1842.0,105.0,98.0,2025
672282,Reid Detmers,108,Los Angeles Angels,,P,2026,,,,,,,,,,,,,,,,,,,,,,,,,,,,,,,,,,,,,,,,,,,,,,,,,2025
694819,Jacob Misiorowski,158,Milwaukee Brewers,,P,2026,,,,,,,,,,,,,,,,,,,,,,,,,,,,,,,,,,,,,,,,,,,,,,,,,2025
670245,Ryan Watson,111,Boston Red Sox,,P,2026,,,,,,,,,,,,,,,,,,,,,,,,,,,,,,,,,,,,,,,,,,,,,,,,,2025
621097,Jacob Waguespack,116,Detroit Tigers,,P,2026,0.0,0.0,0.0,0.0,0.0,0.0,0.0,0.0,0.0,0.0,0.0,0.0,0.0,0.0,0.0,.000,.000,.000,.000,.---,-.--,0.0,0.0,0.0,,,,,,,,,,,,,,,,,,,,,,,,,2025
666157,Nick Lodolo,113,Cincinnati Reds,,P,2026,,,,,,,,,,,,,,,,,,,,,,,,,,,,,,,,,,,,,,,,,,,,,,,,,2025
623149,Paul Sewald,109,Arizona Diamondbacks,,P,2026,,,,,,,,,,,,,,,,,,,,,,,,,,,,,,,,,,,,,,,,,,,,,,,,,2025
805427,Drew Sommers,116,Detroit Tigers,,P,2026,,,,,,,,,,,,,,,,,,,,,,,,,,,,,,,,,,,,,,,,,,,,,,,,,2025
621111,Walker Buehler,135,San Diego Padres,,P,2026,,,,,,,,,,,,,,,,,,,,,,,,,,,,,,,,,,,,,,,,,,,,,,,,,2025
666171,Ryan Zeferjahn,108,Los Angeles Angels,,P,2026,,,,,,,,,,,,,,,,,,,,,,,,,,,,,,,,,,,,,,,,,,,,,,,,,2025
545341,Randal Grichuk,145,Chicago White Sox,,DH,2026,138.0,131.0,33.0,9.0,0.0,9.0,5.0,0.0,31.0,1.0,1.0,0.0,69.0,23.0,2.0,.252,.283,.527,.810,.261,14.56,503.0,30.0,38.0,293.0,272.0,62.0,18.0,1.0,9.0,17.0,1.0,61.0,1.0,3.0,0.0,109.0,27.0,6.0,.228,.273,.401,.674,.259,30.22,1077.0,68.0,84.0,2025
641598,Mitch Garver,136,Seattle Mariners,,C,2026,124.0,104.0,20.0,2.0,0.0,4.0,19.0,0.0,39.0,1.0,0.0,0.0,34.0,14.0,0.0,.192,.323,.327,.650,.262,26.00,530.0,17.0,28.0,290.0,254.0,53.0,5.0,1.0,9.0,30.0,1.0,80.0,3.0,3.0,0.0,87.0,30.0,6.0,.209,.297,.343,.640,.262,28.22,1166.0,47.0,77.0,2025
664126,Pete Fairbanks,146,Miami Marlins,,P,2026,0.0,0.0,0.0,0.0,0.0,0.0,0.0,0.0,0.0,0.0,0.0,0.0,0.0,0.0,0.0,.000,.000,.000,.000,.---,-.--,0.0,0.0,0.0,,,,,,,,,,,,,,,,,,,,,,,,,2025
666176,Jo Adell,108,Los Angeles Angels,,RF,2026,385.0,359.0,90.0,15.0,1.0,13.0,11.0,0.0,85.0,13.0,2.0,0.0,146.0,52.0,10.0,.251,.296,.407,.703,.293,27.62,1469.0,84.0,102.0,573.0,526.0,124.0,18.0,1.0,37.0,33.0,0.0,151.0,10.0,1.0,0.0,255.0,98.0,10.0,.236,.293,.485,.778,.257,14.22,2220.0,111.0,141.0,2025
668227,Randy Arozarena,136,Seattle Mariners,,LF,2026,361.0,311.0,89.0,21.0,1.0,9.0,33.0,0.0,79.0,14.0,3.0,0.0,139.0,41.0,8.0,.286,.377,.447,.824,.354,34.56,1434.0,84.0,62.0,709.0,613.0,146.0,32.0,1.0,27.0,64.0,2.0,191.0,27.0,5.0,0.0,261.0,76.0,9.0,.238,.334,.426,.760,.298,22.70,2873.0,125.0,156.0,2025
623168,Tyler Heineman,108,Los Angeles Angels,,C,2026,103.0,93.0,15.0,2.0,0.0,1.0,3.0,0.0,22.0,3.0,0.0,4.0,20.0,6.0,4.0,.161,.212,.215,.427,.200,93.00,378.0,36.0,24.0,174.0,149.0,43.0,8.0,1.0,3.0,12.0,0.0,31.0,6.0,2.0,5.0,62.0,20.0,1.0,.289,.361,.416,.777,.342,49.67,627.0,30.0,52.0,2025
666182,Bo Bichette,121,New York Mets,,SS,2026,407.0,376.0,97.0,14.0,1.0,10.0,24.0,0.0,73.0,2.0,5.0,0.0,143.0,50.0,10.0,.258,.302,.380,.682,.292,37.60,1480.0,109.0,102.0,628.0,582.0,181.0,44.0,1.0,18.0,40.0,2.0,91.0,3.0,3.0,0.0,281.0,94.0,17.0,.311,.357,.483,.840,.342,32.33,2308.0,171.0,142.0,2025
543309,Kyle Higashioka,140,Texas Rangers,,C,2026,166.0,148.0,33.0,3.0,0.0,6.0,17.0,0.0,42.0,1.0,0.0,0.0,54.0,16.0,5.0,.223,.307,.365,.672,.270,24.67,683.0,32.0,41.0,327.0,303.0,73.0,14.0,1.0,11.0,20.0,0.0,72.0,2.0,2.0,0.0,122.0,47.0,5.0,.241,.291,.403,.694,.279,27.54,1279.0,68.0,92.0,2025
672335,Cionel Pérez,121,New York Mets,,P,2026,,,,,,,,,,,,,,,,,,,,,,,,,0.0,0.0,0.0,0.0,0.0,0.0,0.0,0.0,0.0,0.0,0.0,0.0,0.0,0.0,0.0,.000,.000,.000,.000,.---,-.--,0.0,0.0,0.0,2025
545361,Mike Trout,108,Los Angeles Angels,,CF,2026,340.0,269.0,63.0,12.0,0.0,18.0,67.0,8.0,84.0,4.0,0.0,0.0,129.0,38.0,5.0,.234,.394,.480,.874,.269,14.94,1428.0,48.0,74.0,556.0,456.0,106.0,14.0,1.0,26.0,87.0,10.0,178.0,6.0,6.0,0.0,200.0,64.0,7.0,.232,.359,.439,.798,.310,17.54,2482.0,66.0,112.0,2025
676440,Tanner Bibee,114,Cleveland Guardians,,P,2026,,,,,,,,,,,,,,,,,,,,,,,,,,,,,,,,,,,,,,,,,,,,,,,,,2025
686681,Michael Massey,118,Kansas City Royals,,2B,2026,235.0,217.0,57.0,15.0,0.0,7.0,13.0,0.0,40.0,0.0,3.0,2.0,93.0,31.0,4.0,.263,.300,.429,.729,.289,31.00,866.0,49.0,76.0,277.0,262.0,64.0,9.0,0.0,3.0,9.0,0.0,43.0,1.0,4.0,1.0,82.0,20.0,3.0,.244,.268,.313,.581,.277,87.33,1013.0,48.0,112.0,2025
666200,Jesús Luzardo,143,Philadelphia Phillies,,P,2026,,,,,,,,,,,,,,,,,,,,,,,,,,,,,,,,,,,,,,,,,,,,,,,,,2025
678489,Jorge Barrosa,109,Arizona Diamondbacks,,CF,2026,125.0,110.0,20.0,10.0,1.0,2.0,10.0,0.0,36.0,1.0,0.0,4.0,38.0,10.0,1.0,.182,.256,.345,.601,.250,55.00,541.0,29.0,29.0,77.0,71.0,10.0,3.0,0.0,1.0,2.0,0.0,22.0,1.0,3.0,0.0,16.0,7.0,1.0,.141,.169,.225,.394,.176,71.00,327.0,18.0,24.0,2025
694876,Cooper Ingle,114,Cleveland Guardians,,C,2026,24.0,21.0,2.0,0.0,0.0,0.0,3.0,0.0,12.0,0.0,0.0,0.0,2.0,2.0,0.0,.095,.208,.095,.303,.222,-.--,105.0,6.0,1.0,,,,,,,,,,,,,,,,,,,,,,,,,2025
672356,Gabriel Arias,114,Cleveland Guardians,,SS,2026,85.0,80.0,17.0,2.0,0.0,4.0,5.0,1.0,35.0,0.0,0.0,0.0,31.0,9.0,0.0,.213,.259,.388,.647,.317,20.00,328.0,18.0,10.0,471.0,432.0,95.0,25.0,2.0,11.0,27.0,1.0,162.0,7.0,4.0,1.0,157.0,54.0,8.0,.220,.274,.363,.637,.319,39.27,1792.0,101.0,79.0,2025
682608,Peyton Gray,140,Texas Rangers,,P,2026,,,,,,,,,,,,,,,,,,,,,,,,,,,,,,,,,,,,,,,,,,,,,,,,,2025
623211,Huascar Brazobán,121,New York Mets,,P,2026,,,,,,,,,,,,,,,,,,,,,,,,,,,,,,,,,,,,,,,,,,,,,,,,,2025
670329,Rico Garcia,110,Baltimore Orioles,,P,2026,0.0,0.0,0.0,0.0,0.0,0.0,0.0,0.0,0.0,0.0,0.0,0.0,0.0,0.0,0.0,.000,.000,.000,.000,.---,-.--,0.0,0.0,0.0,,,,,,,,,,,,,,,,,,,,,,,,,2025
676475,Alec Burleson,138,St. Louis Cardinals,,1B,2026,383.0,346.0,96.0,21.0,1.0,15.0,30.0,2.0,58.0,4.0,3.0,0.0,164.0,66.0,9.0,.277,.339,.474,.813,.293,23.07,1391.0,101.0,94.0,546.0,497.0,144.0,26.0,2.0,18.0,39.0,1.0,79.0,3.0,4.0,1.0,228.0,69.0,14.0,.290,.343,.459,.802,.312,27.61,1933.0,119.0,160.0,2025
676477,Garrett Whitlock,111,Boston Red Sox,,P,2026,0.0,0.0,0.0,0.0,0.0,0.0,0.0,0.0,0.0,0.0,0.0,0.0,0.0,0.0,0.0,.000,.000,.000,.000,.---,-.--,0.0,0.0,0.0,0.0,0.0,0.0,0.0,0.0,0.0,0.0,0.0,0.0,0.0,0.0,0.0,0.0,0.0,0.0,.000,.000,.000,.000,.---,-.--,0.0,0.0,0.0,2025
682622,Noelvi Marte,113,Cincinnati Reds,,RF,2026,125.0,117.0,24.0,5.0,0.0,6.0,8.0,0.0,32.0,0.0,0.0,0.0,47.0,13.0,2.0,.205,.256,.402,.658,.228,19.50,494.0,37.0,24.0,360.0,339.0,89.0,17.0,2.0,14.0,16.0,0.0,85.0,3.0,2.0,0.0,152.0,51.0,7.0,.263,.300,.448,.748,.310,24.21,1267.0,87.0,80.0,2025
680574,Matt McLain,113,Cincinnati Reds,,2B,2026,309.0,268.0,51.0,13.0,0.0,8.0,36.0,0.0,83.0,3.0,0.0,2.0,88.0,25.0,3.0,.190,.293,.328,.621,.243,33.50,1231.0,55.0,81.0,577.0,510.0,112.0,18.0,0.0,15.0,55.0,0.0,167.0,5.0,4.0,3.0,175.0,50.0,8.0,.220,.300,.343,.643,.292,34.00,2365.0,96.0,142.0,2025
682626,Francisco Alvarez,121,New York Mets,,C,2026,220.0,198.0,50.0,7.0,0.0,9.0,16.0,0.0,57.0,3.0,1.0,0.0,84.0,21.0,12.0,.253,.317,.424,.741,.308,22.00,896.0,50.0,42.0,277.0,246.0,63.0,12.0,1.0,11.0,27.0,0.0,73.0,4.0,0.0,0.0,110.0,32.0,6.0,.256,.339,.447,.786,.321,22.36,1123.0,61.0,49.0,2025
699013,Esmerlyn Valdez,134,Pittsburgh Pirates,,RF,2026,87.0,78.0,23.0,5.0,1.0,6.0,8.0,0.0,32.0,0.0,1.0,0.0,48.0,17.0,3.0,.295,.356,.615,.971,.415,13.00,368.0,10.0,14.0,,,,,,,,,,,,,,,,,,,,,,,,,2025
592518,Manny Machado,135,San Diego Padres,,3B,2026,374.0,324.0,61.0,16.0,0.0,18.0,44.0,3.0,85.0,0.0,5.0,1.0,131.0,51.0,6.0,.188,.282,.404,.686,.190,18.00,1498.0,90.0,94.0,678.0,615.0,169.0,33.0,0.0,27.0,55.0,4.0,131.0,3.0,5.0,0.0,283.0,95.0,16.0,.275,.335,.460,.795,.307,22.78,2647.0,144.0,176.0,2025
664199,Taylor Clarke,109,Arizona Diamondbacks,,P,2026,,,,,,,,,,,,,,,,,,,,,,,,,0.0,0.0,0.0,0.0,0.0,0.0,0.0,0.0,0.0,0.0,0.0,0.0,0.0,0.0,0.0,.000,.000,.000,.000,.---,-.--,0.0,0.0,0.0,2025
682634,Kevin Alcántara,112,Chicago Cubs,,DH,2026,16.0,15.0,3.0,0.0,0.0,0.0,1.0,0.0,6.0,0.0,0.0,0.0,3.0,1.0,1.0,.200,.250,.200,.450,.333,-.--,69.0,3.0,3.0,12.0,11.0,4.0,0.0,0.0,0.0,1.0,0.0,4.0,0.0,0.0,0.0,4.0,1.0,0.0,.364,.417,.364,.781,.571,-.--,46.0,2.0,1.0,2025
594580,Sam Moll,113,Cincinnati Reds,,P,2026,,,,,,,,,,,,,,,,,,,,,,,,,,,,,,,,,,,,,,,,,,,,,,,,,2025
674444,Steven Cruz,118,Kansas City Royals,,P,2026,,,,,,,,,,,,,,,,,,,,,,,,,0.0,0.0,0.0,0.0,0.0,0.0,0.0,0.0,0.0,0.0,0.0,0.0,0.0,0.0,0.0,.000,.000,.000,.000,.---,-.--,0.0,0.0,0.0,2025
641680,Jonah Heim,133,Athletics,,C,2026,164.0,148.0,36.0,9.0,0.0,9.0,13.0,0.0,29.0,1.0,2.0,0.0,72.0,29.0,3.0,.243,.305,.486,.791,.241,16.44,588.0,44.0,41.0,433.0,395.0,84.0,14.0,0.0,11.0,32.0,0.0,88.0,1.0,4.0,1.0,131.0,43.0,10.0,.213,.271,.332,.603,.243,35.91,1704.0,106.0,122.0,2025
686753,Drey Jameson,109,Arizona Diamondbacks,,P,2026,,,,,,,,,,,,,,,,,,,,,,,,,0.0,0.0,0.0,0.0,0.0,0.0,0.0,0.0,0.0,0.0,0.0,0.0,0.0,0.0,0.0,.000,.000,.000,.000,.---,-.--,0.0,0.0,0.0,2025
666277,George Soriano,138,St. Louis Cardinals,,P,2026,0.0,0.0,0.0,0.0,0.0,0.0,0.0,0.0,0.0,0.0,0.0,0.0,0.0,0.0,0.0,.000,.000,.000,.000,.---,-.--,0.0,0.0,0.0,,,,,,,,,,,,,,,,,,,,,,,,,2025
682668,Luisangel Acuña,145,Chicago White Sox,,CF,2026,156.0,144.0,33.0,2.0,0.0,1.0,7.0,0.0,28.0,1.0,2.0,2.0,38.0,10.0,4.0,.229,.266,.264,.530,.274,144.00,537.0,53.0,34.0,193.0,175.0,41.0,7.0,0.0,0.0,13.0,0.0,37.0,2.0,1.0,2.0,48.0,8.0,6.0,.234,.293,.274,.567,.295,-.--,687.0,58.0,42.0,2025
516782,Starling Marte,118,Kansas City Royals,,DH,2026,122.0,109.0,29.0,4.0,0.0,1.0,8.0,0.0,33.0,3.0,2.0,0.0,36.0,9.0,2.0,.266,.328,.330,.658,.364,109.00,458.0,25.0,24.0,329.0,293.0,79.0,14.0,0.0,9.0,22.0,0.0,68.0,9.0,4.0,1.0,120.0,34.0,7.0,.270,.335,.410,.745,.318,32.56,1255.0,83.0,68.0,2025
678577,Junior Perez,145,Chicago White Sox,,CF,2026,29.0,28.0,5.0,0.0,0.0,2.0,1.0,0.0,11.0,0.0,0.0,0.0,11.0,4.0,0.0,.179,.207,.393,.600,.200,14.00,115.0,2.0,10.0,,,,,,,,,,,,,,,,,,,,,,,,,2025
621237,José Alvarado,143,Philadelphia Phillies,,P,2026,,,,,,,,,,,,,,,,,,,,,,,,,,,,,,,,,,,,,,,,,,,,,,,,,2025
676534,Calvin Faucher,146,Miami Marlins,,P,2026,,,,,,,,,,,,,,,,,,,,,,,,,,,,,,,,,,,,,,,,,,,,,,,,,2025
686780,Pedro Pagés,138,St. Louis Cardinals,,C,2026,159.0,145.0,31.0,6.0,0.0,4.0,6.0,0.0,40.0,2.0,2.0,4.0,49.0,11.0,5.0,.214,.252,.338,.590,.262,36.25,649.0,39.0,41.0,389.0,361.0,83.0,15.0,0.0,11.0,19.0,1.0,107.0,3.0,3.0,3.0,131.0,45.0,9.0,.230,.272,.363,.635,.293,32.82,1486.0,87.0,90.0,2025
694973,Paul Skenes,134,Pittsburgh Pirates,,P,2026,,,,,,,,,,,,,,,,,,,,,,,,,,,,,,,,,,,,,,,,,,,,,,,,,2025
672456,Keider Montero,116,Detroit Tigers,,P,2026,,,,,,,,,,,,,,,,,,,,,,,,,,,,,,,,,,,,,,,,,,,,,,,,,2025
678606,José A. Ferrer,136,Seattle Mariners,,P,2026,,,,,,,,,,,,,,,,,,,,,,,,,0.0,0.0,0.0,0.0,0.0,0.0,0.0,0.0,0.0,0.0,0.0,0.0,0.0,0.0,0.0,.000,.000,.000,.000,.---,-.--,0.0,0.0,0.0,2025
686797,Brooks Lee,142,Minnesota Twins,,SS,2026,358.0,329.0,83.0,13.0,2.0,14.0,25.0,0.0,58.0,2.0,1.0,1.0,142.0,50.0,4.0,.252,.308,.432,.740,.267,23.50,1340.0,81.0,109.0,527.0,487.0,115.0,15.0,1.0,16.0,31.0,0.0,92.0,4.0,5.0,0.0,180.0,64.0,11.0,.236,.285,.370,.655,.258,30.44,2009.0,138.0,147.0,2025
641743,Anthony Kay,145,Chicago White Sox,,P,2026,,,,,,,,,,,,,,,,,,,,,,,,,,,,,,,,,,,,,,,,,,,,,,,,,2025
641745,Brad Keller,143,Philadelphia Phillies,,P,2026,,,,,,,,,,,,,,,,,,,,,,,,,,,,,,,,,,,,,,,,,,,,,,,,,2025
664285,Framber Valdez,116,Detroit Tigers,,P,2026,,,,,,,,,,,,,,,,,,,,,,,,,,,,,,,,,,,,,,,,,,,,,,,,,2025
676572,Eric Wagaman,121,New York Mets,,1B,2026,32.0,28.0,6.0,0.0,0.0,2.0,3.0,0.0,7.0,1.0,0.0,0.0,12.0,4.0,1.0,.214,.313,.429,.742,.211,14.00,132.0,9.0,6.0,514.0,476.0,119.0,28.0,3.0,9.0,32.0,0.0,100.0,1.0,5.0,0.0,180.0,53.0,11.0,.250,.296,.378,.674,.296,52.89,1955.0,132.0,130.0,2025
518876,Merrill Kelly,109,Arizona Diamondbacks,,P,2026,,,,,,,,,,,,,,,,,,,,,,,,,,,,,,,,,,,,,,,,,,,,,,,,,2025
668390,Cole Winn,140,Texas Rangers,,P,2026,,,,,,,,,,,,,,,,,,,,,,,,,,,,,,,,,,,,,,,,,,,,,,,,,2025
662253,Andrés Muñoz,136,Seattle Mariners,,P,2026,,,,,,,,,,,,,,,,,,,,,,,,,,,,,,,,,,,,,,,,,,,,,,,,,2025
701162,Ben Malgeri,116,Detroit Tigers,,CF,2026,25.0,20.0,5.0,1.0,0.0,0.0,4.0,0.0,6.0,0.0,1.0,0.0,6.0,4.0,0.0,.250,.360,.300,.660,.333,-.--,98.0,5.0,5.0,,,,,,,,,,,,,,,,,,,,,,,,,2025
592626,Joc Pederson,140,Texas Rangers,,DH,2026,283.0,242.0,57.0,7.0,2.0,14.0,34.0,1.0,65.0,3.0,3.0,0.0,110.0,31.0,8.0,.236,.333,.455,.788,.259,17.29,1157.0,59.0,64.0,306.0,265.0,48.0,10.0,1.0,9.0,34.0,0.0,65.0,5.0,1.0,0.0,87.0,26.0,5.0,.181,.285,.328,.613,.203,29.44,1237.0,68.0,85.0,2025
680694,Kyle Bradish,110,Baltimore Orioles,,P,2026,0.0,0.0,0.0,0.0,0.0,0.0,0.0,0.0,0.0,0.0,0.0,0.0,0.0,0.0,0.0,.000,.000,.000,.000,.---,-.--,0.0,0.0,0.0,,,,,,,,,,,,,,,,,,,,,,,,,2025
676604,Tyler Zuber,146,Miami Marlins,,P,2026,,,,,,,,,,,,,,,,,,,,,,,,,,,,,,,,,,,,,,,,,,,,,,,,,2025
699134,Bradgley Rodriguez,135,San Diego Padres,,P,2026,,,,,,,,,,,,,,,,,,,,,,,,,,,,,,,,,,,,,,,,,,,,,,,,,2025
672515,Gabriel Moreno,109,Arizona Diamondbacks,,C,2026,257.0,221.0,65.0,13.0,0.0,6.0,29.0,0.0,39.0,3.0,4.0,0.0,96.0,30.0,6.0,.294,.377,.434,.811,.328,36.83,1119.0,62.0,59.0,309.0,277.0,79.0,12.0,1.0,9.0,29.0,3.0,53.0,1.0,2.0,0.0,120.0,40.0,6.0,.285,.353,.433,.786,.323,30.78,1314.0,60.0,87.0,2025
676617,Riley O'Brien,138,St. Louis Cardinals,,P,2026,,,,,,,,,,,,,,,,,,,,,,,,,,,,,,,,,,,,,,,,,,,,,,,,,2025
606996,Kyle Hart,135,San Diego Padres,,P,2026,,,,,,,,,,,,,,,,,,,,,,,,,,,,,,,,,,,,,,,,,,,,,,,,,2025
680723,Drew Rom,158,Milwaukee Brewers,,P,2026,,,,,,,,,,,,,,,,,,,,,,,,,,,,,,,,,,,,,,,,,,,,,,,,,2025
543510,James McCann,109,Arizona Diamondbacks,,C,2026,65.0,62.0,13.0,3.0,0.0,0.0,1.0,0.0,17.0,0.0,0.0,2.0,16.0,6.0,4.0,.210,.222,.258,.480,.289,-.--,250.0,22.0,12.0,137.0,123.0,32.0,6.0,0.0,5.0,8.0,0.0,33.0,4.0,1.0,1.0,53.0,17.0,3.0,.260,.324,.431,.755,.314,24.60,507.0,34.0,26.0,2025
592663,J.T. Realmuto,143,Philadelphia Phillies,,C,2026,246.0,218.0,44.0,9.0,0.0,7.0,19.0,0.0,51.0,7.0,2.0,0.0,74.0,28.0,3.0,.202,.285,.339,.624,.228,31.14,938.0,59.0,66.0,550.0,502.0,129.0,26.0,1.0,12.0,35.0,1.0,129.0,9.0,3.0,0.0,193.0,52.0,13.0,.257,.315,.384,.699,.321,41.83,2196.0,124.0,123.0,2025
680732,Sean Burke,145,Chicago White Sox,,P,2026,,,,,,,,,,,,,,,,,,,,,,,,,,,,,,,,,,,,,,,,,,,,,,,,,2025
807712,Luke Keaschall,142,Minnesota Twins,,2B,2026,342.0,296.0,76.0,14.0,1.0,4.0,34.0,1.0,51.0,8.0,4.0,0.0,104.0,27.0,4.0,.257,.345,.351,.696,.294,74.00,1284.0,64.0,109.0,207.0,182.0,55.0,14.0,0.0,4.0,19.0,0.0,29.0,5.0,1.0,0.0,81.0,28.0,4.0,.302,.382,.445,.827,.340,45.50,774.0,49.0,50.0,2025
621345,A.J. Minter,121,New York Mets,,P,2026,,,,,,,,,,,,,,,,,,,,,,,,,,,,,,,,,,,,,,,,,,,,,,,,,2025
695076,Rhett Lowder,113,Cincinnati Reds,,P,2026,,,,,,,,,,,,,,,,,,,,,,,,,,,,,,,,,,,,,,,,,,,,,,,,,2025
680742,Jonathan Bowlan,143,Philadelphia Phillies,,P,2026,,,,,,,,,,,,,,,,,,,,,,,,,,,,,,,,,,,,,,,,,,,,,,,,,2025
805673,Zebby Matthews,142,Minnesota Twins,,P,2026,,,,,,,,,,,,,,,,,,,,,,,,,,,,,,,,,,,,,,,,,,,,,,,,,2025
690986,Kyle Harrison,158,Milwaukee Brewers,,P,2026,,,,,,,,,,,,,,,,,,,,,,,,,,,,,,,,,,,,,,,,,,,,,,,,,2025
690993,Colt Keith,116,Detroit Tigers,,3B,2026,262.0,244.0,61.0,9.0,2.0,7.0,14.0,0.0,51.0,3.0,1.0,0.0,95.0,21.0,5.0,.250,.298,.389,.687,.289,34.86,953.0,55.0,78.0,468.0,414.0,106.0,22.0,2.0,13.0,48.0,1.0,102.0,2.0,4.0,0.0,171.0,45.0,7.0,.256,.333,.413,.746,.307,31.85,1826.0,87.0,123.0,2025
641835,Tim Mayza,143,Philadelphia Phillies,,P,2026,,,,,,,,,,,,,,,,,,,,,,,,,,,,,,,,,,,,,,,,,,,,,,,,,2025
690997,Nolan McLean,121,New York Mets,,P,2026,,,,,,,,,,,,,,,,,,,,,,,,,,,,,,,,,,,,,,,,,,,,,,,,,2025
680757,Steven Kwan,114,Cleveland Guardians,,CF,2026,339.0,285.0,63.0,9.0,2.0,1.0,44.0,1.0,34.0,3.0,2.0,4.0,79.0,14.0,7.0,.221,.329,.277,.606,.246,285.00,1316.0,86.0,108.0,693.0,625.0,170.0,29.0,1.0,11.0,55.0,2.0,60.0,3.0,7.0,3.0,234.0,56.0,3.0,.272,.330,.374,.704,.283,56.82,2786.0,167.0,238.0,2025
676664,JP Sears,135,San Diego Padres,,P,2026,,,,,,,,,,,,,,,,,,,,,,,,,,,,,,,,,,,,,,,,,,,,,,,,,2025
676661,Max Lazar,143,Philadelphia Phillies,,P,2026,,,,,,,,,,,,,,,,,,,,,,,,,,,,,,,,,,,,,,,,,,,,,,,,,2025
691011,Drew Romo,145,Chicago White Sox,,C,2026,115.0,100.0,14.0,4.0,0.0,5.0,12.0,0.0,28.0,1.0,1.0,1.0,33.0,11.0,4.0,.140,.237,.330,.567,.132,20.00,416.0,30.0,30.0,3.0,3.0,0.0,0.0,0.0,0.0,0.0,0.0,3.0,0.0,0.0,0.0,0.0,0.0,0.0,.000,.000,.000,.000,.---,-.--,12.0,0.0,0.0,2025
607043,Brandon Nimmo,140,Texas Rangers,,RF,2026,368.0,330.0,84.0,20.0,3.0,8.0,30.0,1.0,77.0,6.0,2.0,0.0,134.0,30.0,8.0,.255,.326,.406,.732,.308,41.25,1404.0,78.0,93.0,652.0,587.0,154.0,27.0,0.0,25.0,50.0,1.0,141.0,7.0,7.0,1.0,256.0,92.0,8.0,.262,.324,.436,.760,.301,23.48,2602.0,149.0,151.0,2025
621383,Tanner Banks,143,Philadelphia Phillies,,P,2026,,,,,,,,,,,,,,,,,,,,,,,,,,,,,,,,,,,,,,,,,,,,,,,,,2025
621381,Matt Strahm,118,Kansas City Royals,,P,2026,,,,,,,,,,,,,,,,,,,,,,,,,,,,,,,,,,,,,,,,,,,,,,,,,2025
680776,Jarren Duran,111,Boston Red Sox,,LF,2026,361.0,327.0,65.0,10.0,2.0,13.0,25.0,0.0,109.0,4.0,4.0,1.0,118.0,44.0,2.0,.199,.261,.361,.622,.249,25.15,1347.0,83.0,75.0,696.0,620.0,159.0,41.0,13.0,16.0,60.0,1.0,169.0,12.0,3.0,1.0,274.0,84.0,6.0,.256,.332,.442,.774,.326,38.75,2624.0,137.0,159.0,2025
691016,Tyler Soderstrom,133,Athletics,,LF,2026,339.0,292.0,71.0,21.0,2.0,13.0,44.0,4.0,59.0,2.0,1.0,0.0,135.0,41.0,7.0,.243,.345,.462,.807,.262,22.46,1274.0,87.0,76.0,624.0,561.0,155.0,34.0,1.0,25.0,55.0,2.0,141.0,6.0,2.0,0.0,266.0,93.0,18.0,.276,.346,.474,.820,.327,22.44,2227.0,153.0,114.0,2025
691019,Kyle Teel,145,Chicago White Sox,,C,2026,52.0,47.0,9.0,1.0,0.0,2.0,4.0,0.0,19.0,1.0,0.0,0.0,16.0,11.0,1.0,.191,.269,.340,.609,.269,23.50,214.0,9.0,10.0,297.0,253.0,69.0,11.0,0.0,8.0,37.0,0.0,77.0,5.0,1.0,1.0,104.0,35.0,1.0,.273,.375,.411,.786,.361,31.62,1225.0,49.0,60.0,2025
680779,Henry Davis,134,Pittsburgh Pirates,,C,2026,180.0,157.0,24.0,5.0,0.0,7.0,16.0,0.0,37.0,5.0,1.0,1.0,50.0,24.0,4.0,.153,.251,.318,.569,.149,22.43,649.0,40.0,58.0,283.0,252.0,42.0,7.0,0.0,7.0,18.0,0.0,76.0,5.0,3.0,3.0,70.0,22.0,2.0,.167,.234,.278,.512,.203,36.00,1069.0,48.0,92.0,2025
682829,Elly De La Cruz,113,Cincinnati Reds,,SS,2026,321.0,285.0,78.0,15.0,2.0,14.0,32.0,0.0,92.0,2.0,2.0,0.0,139.0,43.0,5.0,.274,.349,.488,.837,.354,20.36,1311.0,66.0,51.0,699.0,629.0,166.0,31.0,7.0,22.0,67.0,10.0,181.0,2.0,1.0,0.0,277.0,86.0,14.0,.264,.336,.440,.776,.337,28.59,2678.0,166.0,117.0,2025
691023,Jordan Walker,138,St. Louis Cardinals,,RF,2026,380.0,343.0,101.0,19.0,0.0,21.0,31.0,1.0,95.0,3.0,3.0,0.0,183.0,70.0,7.0,.294,.355,.534,.889,.348,16.33,1369.0,75.0,75.0,396.0,363.0,78.0,13.0,1.0,6.0,29.0,1.0,126.0,3.0,1.0,0.0,111.0,41.0,9.0,.215,.278,.306,.584,.310,60.50,1541.0,75.0,85.0,2025
686930,Mason Barnett,133,Athletics,,P,2026,,,,,,,,,,,,,,,,,,,,,,,,,,,,,,,,,,,,,,,,,,,,,,,,,2025
691026,Masyn Winn,138,St. Louis Cardinals,,SS,2026,343.0,304.0,76.0,12.0,2.0,4.0,28.0,0.0,66.0,6.0,5.0,0.0,104.0,38.0,7.0,.250,.321,.342,.663,.301,76.00,1342.0,76.0,91.0,537.0,491.0,124.0,27.0,0.0,9.0,34.0,0.0,102.0,8.0,2.0,2.0,178.0,51.0,11.0,.253,.310,.363,.673,.301,54.56,2256.0,107.0,162.0,2025
682842,Abner Uribe,158,Milwaukee Brewers,,P,2026,,,,,,,,,,,,,,,,,,,,,,,,,,,,,,,,,,,,,,,,,,,,,,,,,2025
607067,Colin Rea,112,Chicago Cubs,,P,2026,,,,,,,,,,,,,,,,,,,,,,,,,1.0,1.0,0.0,0.0,0.0,0.0,0.0,0.0,1.0,0.0,0.0,0.0,0.0,0.0,0.0,.000,.000,.000,.000,.---,-.--,5.0,0.0,0.0,2025
676702,Hunter Stratton,134,Pittsburgh Pirates,,P,2026,,,,,,,,,,,,,,,,,,,,,,,,,,,,,,,,,,,,,,,,,,,,,,,,,2025
445276,Kenley Jansen,116,Detroit Tigers,,P,2026,0.0,0.0,0.0,0.0,0.0,0.0,0.0,0.0,0.0,0.0,0.0,0.0,0.0,0.0,0.0,.000,.000,.000,.000,.---,-.--,0.0,0.0,0.0,0.0,0.0,0.0,0.0,0.0,0.0,0.0,0.0,0.0,0.0,0.0,0.0,0.0,0.0,0.0,.000,.000,.000,.000,.---,-.--,0.0,0.0,0.0,2025
623454,Drew Anderson,116,Detroit Tigers,,P,2026,,,,,,,,,,,,,,,,,,,,,,,,,,,,,,,,,,,,,,,,,,,,,,,,,2025
686948,Drake Baldwin,144,Atlanta Braves,,C,2026,301.0,265.0,67.0,6.0,0.0,15.0,28.0,1.0,71.0,7.0,1.0,0.0,118.0,44.0,7.0,.253,.339,.445,.784,.289,17.67,1145.0,70.0,58.0,446.0,405.0,111.0,18.0,2.0,19.0,38.0,0.0,68.0,3.0,0.0,0.0,190.0,80.0,9.0,.274,.341,.469,.810,.289,21.32,1750.0,131.0,95.0,2025
594798,Jacob deGrom,140,Texas Rangers,,P,2026,,,,,,,,,,,,,,,,,,,,,,,,,,,,,,,,,,,,,,,,,,,,,,,,,2025
676724,Jared Young,121,New York Mets,,1B,2026,148.0,132.0,30.0,4.0,0.0,6.0,11.0,0.0,31.0,4.0,1.0,0.0,52.0,17.0,3.0,.227,.304,.394,.698,.250,22.00,588.0,36.0,36.0,47.0,43.0,8.0,1.0,0.0,4.0,2.0,0.0,16.0,1.0,1.0,0.0,21.0,6.0,1.0,.186,.234,.488,.722,.167,10.75,192.0,6.0,14.0,2025
807799,Masataka Yoshida,111,Boston Red Sox,,DH,2026,191.0,170.0,44.0,8.0,1.0,2.0,17.0,0.0,23.0,3.0,1.0,0.0,60.0,12.0,1.0,.259,.335,.353,.688,.288,85.00,709.0,57.0,47.0,205.0,188.0,50.0,11.0,0.0,4.0,10.0,0.0,24.0,3.0,4.0,0.0,73.0,26.0,3.0,.266,.307,.388,.695,.280,47.00,715.0,73.0,45.0,2025
672640,Otto Lopez,146,Miami Marlins,,SS,2026,392.0,365.0,126.0,26.0,5.0,9.0,17.0,0.0,52.0,4.0,6.0,0.0,189.0,43.0,8.0,.345,.375,.518,.893,.377,40.56,1412.0,104.0,89.0,594.0,544.0,134.0,21.0,0.0,15.0,44.0,2.0,82.0,3.0,3.0,0.0,200.0,77.0,9.0,.246,.305,.368,.673,.264,36.27,2129.0,174.0,157.0,2025
621438,Tyrone Taylor,121,New York Mets,,CF,2026,119.0,111.0,23.0,4.0,0.0,5.0,4.0,0.0,22.0,0.0,0.0,4.0,42.0,16.0,0.0,.207,.235,.378,.613,.214,22.20,429.0,28.0,42.0,341.0,310.0,69.0,18.0,3.0,2.0,16.0,1.0,76.0,9.0,2.0,3.0,99.0,27.0,4.0,.223,.279,.319,.598,.286,155.00,1246.0,63.0,107.0,2025
592773,Ryne Stanek,138,St. Louis Cardinals,,P,2026,,,,,,,,,,,,,,,,,,,,,,,,,0.0,0.0,0.0,0.0,0.0,0.0,0.0,0.0,0.0,0.0,0.0,0.0,0.0,0.0,0.0,.000,.000,.000,.000,.---,-.--,0.0,0.0,0.0,2025
676742,Cam Sanders,134,Pittsburgh Pirates,,P,2026,,,,,,,,,,,,,,,,,,,,,,,,,,,,,,,,,,,,,,,,,,,,,,,,,2025
641933,Tyler O'Neill,110,Baltimore Orioles,,RF,2026,166.0,145.0,28.0,6.0,0.0,5.0,19.0,0.0,46.0,2.0,0.0,0.0,49.0,11.0,2.0,.193,.295,.338,.633,.245,29.00,670.0,25.0,46.0,209.0,181.0,36.0,6.0,1.0,9.0,22.0,1.0,51.0,3.0,3.0,0.0,71.0,26.0,2.0,.199,.292,.392,.684,.218,20.11,821.0,35.0,62.0,2025
641927,Bailey Ober,142,Minnesota Twins,,P,2026,,,,,,,,,,,,,,,,,,,,,,,,,,,,,,,,,,,,,,,,,,,,,,,,,2025
656271,Brock Burke,113,Cincinnati Reds,,P,2026,,,,,,,,,,,,,,,,,,,,,,,,,,,,,,,,,,,,,,,,,,,,,,,,,2025
553869,Elias Díaz,140,Texas Rangers,,C,2026,87.0,84.0,23.0,6.0,0.0,4.0,2.0,0.0,16.0,0.0,1.0,0.0,41.0,16.0,0.0,.274,.287,.488,.775,.292,21.00,305.0,20.0,26.0,283.0,255.0,52.0,7.0,0.0,9.0,21.0,0.0,74.0,2.0,0.0,5.0,86.0,29.0,11.0,.204,.270,.337,.607,.250,28.33,1055.0,51.0,83.0,2025
676755,Isaac Mattson,134,Pittsburgh Pirates,,P,2026,,,,,,,,,,,,,,,,,,,,,,,,,,,,,,,,,,,,,,,,,,,,,,,,,2025
686993,Justin Sterner,133,Athletics,,P,2026,,,,,,,,,,,,,,,,,,,,,,,,,,,,,,,,,,,,,,,,,,,,,,,,,2025
641941,Emilio Pagán,113,Cincinnati Reds,,P,2026,,,,,,,,,,,,,,,,,,,,,,,,,,,,,,,,,,,,,,,,,,,,,,,,,2025
805779,Jacob Wilson,133,Athletics,,SS,2026,222.0,209.0,56.0,10.0,0.0,4.0,11.0,0.0,26.0,0.0,1.0,1.0,78.0,26.0,4.0,.268,.303,.373,.676,.289,52.25,772.0,73.0,56.0,523.0,486.0,151.0,26.0,0.0,13.0,27.0,1.0,39.0,7.0,1.0,2.0,216.0,63.0,16.0,.311,.355,.444,.799,.317,37.38,1735.0,179.0,120.0,2025
676760,Ron Marinaccio,135,San Diego Padres,,P,2026,,,,,,,,,,,,,,,,,,,,,,,,,,,,,,,,,,,,,,,,,,,,,,,,,2025
656288,Griffin Canning,135,San Diego Padres,,P,2026,,,,,,,,,,,,,,,,,,,,,,,,,,,,,,,,,,,,,,,,,,,,,,,,,2025
680869,Zack Gelof,133,Athletics,,3B,2026,246.0,226.0,62.0,11.0,1.0,11.0,14.0,0.0,62.0,4.0,0.0,2.0,108.0,29.0,5.0,.274,.328,.478,.806,.333,20.54,940.0,51.0,53.0,101.0,92.0,16.0,3.0,0.0,2.0,7.0,0.0,46.0,0.0,1.0,1.0,25.0,7.0,0.0,.174,.230,.272,.502,.311,46.00,416.0,12.0,20.0,2025
684974,Craig Yoho,158,Milwaukee Brewers,,P,2026,,,,,,,,,,,,,,,,,,,,,,,,,,,,,,,,,,,,,,,,,,,,,,,,,2025
805808,Kevin McGonigle,116,Detroit Tigers,,SS,2026,396.0,334.0,96.0,18.0,3.0,7.0,59.0,0.0,53.0,3.0,0.0,0.0,141.0,32.0,2.0,.287,.399,.422,.821,.325,47.71,1613.0,58.0,127.0,,,,,,,,,,,,,,,,,,,,,,,,,2025
621493,Taylor Ward,110,Baltimore Orioles,,LF,2026,422.0,346.0,88.0,19.0,0.0,5.0,70.0,1.0,89.0,3.0,3.0,0.0,122.0,24.0,7.0,.254,.382,.353,.735,.325,69.20,1760.0,78.0,94.0,663.0,579.0,132.0,31.0,2.0,36.0,75.0,1.0,175.0,3.0,6.0,0.0,275.0,103.0,13.0,.228,.317,.475,.792,.257,16.08,2788.0,112.0,166.0,2025
672695,Geraldo Perdomo,109,Arizona Diamondbacks,,SS,2026,373.0,309.0,75.0,13.0,3.0,6.0,52.0,0.0,46.0,3.0,5.0,4.0,112.0,32.0,7.0,.243,.352,.362,.714,.263,51.50,1567.0,100.0,97.0,720.0,597.0,173.0,33.0,5.0,20.0,94.0,1.0,83.0,10.0,11.0,8.0,276.0,100.0,11.0,.290,.389,.462,.851,.303,29.85,3007.0,167.0,193.0,2025
811965,Joshua Kuroda-Grauer,133,Athletics,,SS,2026,31.0,30.0,15.0,3.0,0.0,0.0,0.0,0.0,2.0,1.0,0.0,0.0,18.0,1.0,1.0,.500,.516,.600,1.116,.536,-.--,114.0,8.0,5.0,,,,,,,,,,,,,,,,,,,,,,,,,2025
695239,Robby Ahlstrom,140,Texas Rangers,,P,2026,,,,,,,,,,,,,,,,,,,,,,,,,,,,,,,,,,,,,,,,,,,,,,,,,2025
695243,Mason Miller,135,San Diego Padres,,P,2026,,,,,,,,,,,,,,,,,,,,,,,,,,,,,,,,,,,,,,,,,,,,,,,,,2025
680916,Franco Aleman,114,Cleveland Guardians,,P,2026,,,,,,,,,,,,,,,,,,,,,,,,,,,,,,,,,,,,,,,,,,,,,,,,,2025
605137,Josh Bell,142,Minnesota Twins,,DH,2026,359.0,328.0,82.0,18.0,1.0,13.0,27.0,0.0,78.0,2.0,2.0,0.0,141.0,60.0,6.0,.250,.309,.430,.739,.289,25.23,1402.0,80.0,90.0,533.0,468.0,111.0,16.0,1.0,22.0,57.0,1.0,88.0,5.0,3.0,0.0,195.0,63.0,15.0,.237,.325,.417,.742,.247,21.27,2102.0,137.0,135.0,2025
701398,Sal Stewart,113,Cincinnati Reds,,1B,2026,396.0,347.0,89.0,21.0,0.0,19.0,45.0,3.0,85.0,1.0,3.0,0.0,167.0,64.0,9.0,.256,.341,.481,.822,.285,18.26,1561.0,91.0,85.0,58.0,55.0,14.0,1.0,0.0,5.0,3.0,0.0,15.0,0.0,0.0,0.0,30.0,8.0,1.0,.255,.293,.545,.838,.257,11.00,217.0,10.0,16.0,2025
672724,Oswald Peraza,108,Los Angeles Angels,,2B,2026,270.0,253.0,61.0,11.0,2.0,7.0,9.0,0.0,78.0,6.0,1.0,1.0,97.0,23.0,6.0,.241,.283,.383,.666,.320,36.14,982.0,66.0,50.0,265.0,244.0,40.0,6.0,0.0,5.0,17.0,0.0,80.0,2.0,1.0,0.0,61.0,20.0,6.0,.164,.223,.250,.473,.219,48.80,1005.0,70.0,55.0,2025
687064,Brandon Young,110,Baltimore Orioles,,P,2026,,,,,,,,,,,,,,,,,,,,,,,,,,,,,,,,,,,,,,,,,,,,,,,,,2025
695257,Billy Cook,134,Pittsburgh Pirates,,RF,2026,31.0,31.0,5.0,1.0,0.0,0.0,0.0,0.0,12.0,0.0,0.0,0.0,6.0,0.0,0.0,.161,.161,.194,.355,.263,-.--,97.0,4.0,10.0,6.0,6.0,2.0,0.0,0.0,0.0,0.0,0.0,1.0,0.0,0.0,0.0,2.0,0.0,0.0,.333,.333,.333,.666,.400,-.--,20.0,2.0,1.0,2025
607200,Erick Fedde,145,Chicago White Sox,,P,2026,,,,,,,,,,,,,,,,,,,,,,,,,,,,,,,,,,,,,,,,,,,,,,,,,2025
678882,Ceddanne Rafaela,111,Boston Red Sox,,CF,2026,349.0,325.0,93.0,21.0,3.0,8.0,17.0,0.0,69.0,6.0,0.0,1.0,144.0,39.0,8.0,.286,.333,.443,.776,.343,40.62,1306.0,83.0,81.0,587.0,546.0,136.0,34.0,4.0,16.0,28.0,0.0,117.0,8.0,2.0,3.0,226.0,63.0,9.0,.249,.295,.414,.709,.289,34.12,2128.0,139.0,159.0,2025
687075,Brandon Sproat,158,Milwaukee Brewers,,P,2026,,,,,,,,,,,,,,,,,,,,,,,,,,,,,,,,,,,,,,,,,,,,,,,,,2025
607208,Trea Turner,143,Philadelphia Phillies,,SS,2026,398.0,373.0,90.0,16.0,0.0,10.0,22.0,0.0,90.0,2.0,1.0,0.0,136.0,32.0,4.0,.241,.286,.365,.651,.292,37.30,1497.0,95.0,99.0,639.0,589.0,179.0,31.0,7.0,15.0,43.0,1.0,107.0,5.0,2.0,0.0,269.0,69.0,11.0,.304,.355,.457,.812,.350,39.27,2407.0,159.0,146.0,2025
519141,Drew Pomeranz,112,Chicago Cubs,,P,2026,,,,,,,,,,,,,,,,,,,,,,,,,,,,,,,,,,,,,,,,,,,,,,,,,2025
682985,Riley Greene,116,Detroit Tigers,,LF,2026,384.0,332.0,97.0,18.0,1.0,13.0,47.0,2.0,102.0,2.0,3.0,0.0,156.0,45.0,9.0,.292,.380,.470,.850,.382,25.54,1594.0,53.0,83.0,655.0,600.0,155.0,31.0,1.0,36.0,46.0,1.0,201.0,4.0,5.0,0.0,296.0,111.0,14.0,.258,.313,.493,.806,.323,16.67,2706.0,118.0,131.0,2025
625643,Reynaldo López,144,Atlanta Braves,,P,2026,0.0,0.0,0.0,0.0,0.0,0.0,0.0,0.0,0.0,0.0,0.0,0.0,0.0,0.0,0.0,.000,.000,.000,.000,.---,-.--,0.0,0.0,0.0,,,,,,,,,,,,,,,,,,,,,,,,,2025
682989,Victor Mederos,144,Atlanta Braves,,P,2026,,,,,,,,,,,,,,,,,,,,,,,,,,,,,,,,,,,,,,,,,,,,,,,,,2025
605170,Victor Caratini,142,Minnesota Twins,,C,2026,260.0,218.0,52.0,7.0,0.0,7.0,25.0,1.0,50.0,9.0,8.0,0.0,80.0,34.0,4.0,.239,.331,.367,.698,.266,31.14,986.0,61.0,63.0,386.0,344.0,89.0,14.0,0.0,12.0,23.0,0.0,65.0,13.0,6.0,0.0,139.0,46.0,8.0,.259,.324,.404,.728,.282,28.67,1417.0,93.0,103.0,2025
682997,Tyler Callihan,134,Pittsburgh Pirates,,LF,2026,80.0,69.0,18.0,2.0,2.0,3.0,9.0,0.0,25.0,1.0,1.0,0.0,33.0,15.0,0.0,.261,.350,.478,.828,.357,23.00,319.0,7.0,20.0,6.0,6.0,1.0,0.0,0.0,0.0,0.0,0.0,1.0,0.0,0.0,0.0,1.0,1.0,0.0,.167,.167,.167,.334,.200,-.--,22.0,3.0,1.0,2025
592885,Christian Yelich,158,Milwaukee Brewers,,DH,2026,262.0,231.0,56.0,12.0,1.0,6.0,27.0,3.0,74.0,2.0,1.0,1.0,88.0,31.0,1.0,.242,.326,.381,.707,.329,38.50,1110.0,64.0,39.0,644.0,573.0,151.0,21.0,0.0,29.0,64.0,6.0,167.0,6.0,1.0,0.0,259.0,103.0,6.0,.264,.343,.452,.795,.323,19.76,2601.0,174.0,82.0,2025
687093,Vaughn Grissom,108,Los Angeles Angels,,2B,2026,197.0,173.0,43.0,11.0,0.0,4.0,16.0,0.0,26.0,4.0,3.0,0.0,66.0,34.0,7.0,.249,.321,.382,.703,.267,43.25,767.0,49.0,58.0,,,,,,,,,,,,,,,,,,,,,,,,,2025
682998,Corbin Carroll,109,Arizona Diamondbacks,,RF,2026,380.0,330.0,86.0,19.0,10.0,13.0,44.0,2.0,85.0,4.0,2.0,0.0,164.0,45.0,4.0,.261,.353,.497,.850,.312,25.38,1471.0,75.0,86.0,642.0,564.0,146.0,32.0,17.0,31.0,67.0,4.0,153.0,7.0,4.0,0.0,305.0,84.0,6.0,.259,.343,.541,.884,.299,18.19,2497.0,111.0,158.0,2025
683002,Gunnar Henderson,110,Baltimore Orioles,,SS,2026,422.0,381.0,84.0,16.0,2.0,16.0,34.0,1.0,95.0,5.0,2.0,0.0,152.0,40.0,5.0,.220,.291,.399,.690,.250,23.81,1655.0,99.0,105.0,651.0,577.0,158.0,34.0,5.0,17.0,62.0,6.0,137.0,7.0,5.0,0.0,253.0,68.0,7.0,.274,.349,.438,.787,.329,33.94,2506.0,161.0,126.0,2025
683003,Jared Jones,134,Pittsburgh Pirates,,P,2026,,,,,,,,,,,,,,,,,,,,,,,,,,,,,,,,,,,,,,,,,,,,,,,,,2025
689147,Orion Kerkering,143,Philadelphia Phillies,,P,2026,0.0,0.0,0.0,0.0,0.0,0.0,0.0,0.0,0.0,0.0,0.0,0.0,0.0,0.0,0.0,.000,.000,.000,.000,.---,-.--,0.0,0.0,0.0,,,,,,,,,,,,,,,,,,,,,,,,,2025
621566,Matt Olson,144,Atlanta Braves,,1B,2026,398.0,356.0,96.0,24.0,0.0,24.0,38.0,3.0,94.0,1.0,3.0,0.0,192.0,57.0,3.0,.270,.339,.539,.878,.299,14.83,1725.0,71.0,98.0,724.0,624.0,170.0,41.0,2.0,29.0,91.0,2.0,176.0,4.0,5.0,0.0,302.0,95.0,14.0,.272,.366,.484,.850,.333,21.52,3166.0,133.0,150.0,2025
642048,Tayler Saucedo,108,Los Angeles Angels,,P,2026,,,,,,,,,,,,,,,,,,,,,,,,,,,,,,,,,,,,,,,,,,,,,,,,,2025
668670,Jake Rogers,116,Detroit Tigers,,C,2026,93.0,81.0,13.0,2.0,1.0,2.0,8.0,0.0,30.0,1.0,2.0,1.0,23.0,8.0,0.0,.160,.239,.284,.523,.216,40.50,370.0,12.0,29.0,142.0,123.0,23.0,5.0,2.0,3.0,15.0,0.0,39.0,1.0,2.0,1.0,41.0,19.0,3.0,.187,.277,.333,.610,.241,41.00,570.0,34.0,30.0,2025
699393,Pedro Ramírez,112,Chicago Cubs,,2B,2026,61.0,56.0,14.0,3.0,1.0,1.0,3.0,0.0,9.0,0.0,1.0,1.0,22.0,7.0,3.0,.250,.283,.393,.676,.277,56.00,203.0,19.0,16.0,,,,,,,,,,,,,,,,,,,,,,,,,2025
668674,Lucas Erceg,118,Kansas City Royals,,P,2026,0.0,0.0,0.0,0.0,0.0,0.0,0.0,0.0,0.0,0.0,0.0,0.0,0.0,0.0,0.0,.000,.000,.000,.000,.---,-.--,0.0,0.0,0.0,0.0,0.0,0.0,0.0,0.0,0.0,0.0,0.0,0.0,0.0,0.0,0.0,0.0,0.0,0.0,.000,.000,.000,.000,.---,-.--,0.0,0.0,0.0,2025
668678,Zac Gallen,109,Arizona Diamondbacks,,P,2026,,,,,,,,,,,,,,,,,,,,,,,,,,,,,,,,,,,,,,,,,,,,,,,,,2025
609280,Miguel Andujar,135,San Diego Padres,,DH,2026,234.0,222.0,59.0,17.0,2.0,5.0,9.0,2.0,37.0,3.0,0.0,0.0,95.0,21.0,9.0,.266,.303,.428,.731,.300,44.40,861.0,73.0,53.0,341.0,321.0,102.0,17.0,1.0,10.0,17.0,1.0,49.0,1.0,2.0,0.0,151.0,44.0,8.0,.318,.352,.470,.822,.348,32.10,1214.0,87.0,85.0,2025
553993,Eugenio Suárez,113,Cincinnati Reds,,DH,2026,251.0,226.0,46.0,10.0,0.0,9.0,22.0,0.0,86.0,2.0,1.0,0.0,83.0,32.0,2.0,.204,.279,.367,.646,.280,25.11,1019.0,42.0,53.0,657.0,588.0,134.0,28.0,0.0,49.0,46.0,2.0,196.0,16.0,7.0,0.0,309.0,118.0,11.0,.228,.298,.526,.824,.243,12.00,2606.0,100.0,165.0,2025
672782,Yoendrys Gómez,142,Minnesota Twins,,P,2026,,,,,,,,,,,,,,,,,,,,,,,,,,,,,,,,,,,,,,,,,,,,,,,,,2025
676879,Aaron Ashby,158,Milwaukee Brewers,,P,2026,,,,,,,,,,,,,,,,,,,,,,,,,,,,,,,,,,,,,,,,,,,,,,,,,2025
668709,JJ Bleday,113,Cincinnati Reds,,LF,2026,268.0,226.0,54.0,11.0,1.0,14.0,37.0,1.0,51.0,2.0,2.0,0.0,109.0,39.0,5.0,.239,.348,.482,.830,.245,16.14,1056.0,42.0,81.0,344.0,307.0,65.0,17.0,0.0,14.0,36.0,2.0,91.0,0.0,1.0,0.0,124.0,39.0,6.0,.212,.294,.404,.698,.251,21.93,1328.0,61.0,91.0,2025
642086,Dominic Smith,144,Atlanta Braves,,DH,2026,222.0,202.0,54.0,6.0,1.0,6.0,13.0,0.0,31.0,1.0,5.0,1.0,80.0,35.0,6.0,.267,.308,.396,.704,.282,33.67,835.0,60.0,63.0,225.0,204.0,58.0,12.0,0.0,5.0,15.0,0.0,42.0,2.0,4.0,0.0,85.0,33.0,5.0,.284,.333,.417,.750,.329,40.80,848.0,46.0,62.0,2025
666661,Juan Morillo,109,Arizona Diamondbacks,,P,2026,,,,,,,,,,,,,,,,,,,,,,,,,0.0,0.0,0.0,0.0,0.0,0.0,0.0,0.0,0.0,0.0,0.0,0.0,0.0,0.0,0.0,.000,.000,.000,.000,.---,-.--,0.0,0.0,0.0,2025
656427,Jack Flaherty,116,Detroit Tigers,,P,2026,,,,,,,,,,,,,,,,,,,,,,,,,,,,,,,,,,,,,,,,,,,,,,,,,2025
668715,Spencer Steer,113,Cincinnati Reds,,LF,2026,341.0,302.0,73.0,13.0,0.0,14.0,33.0,0.0,78.0,3.0,2.0,0.0,128.0,36.0,8.0,.242,.321,.424,.745,.278,21.57,1353.0,72.0,81.0,568.0,509.0,121.0,21.0,2.0,21.0,51.0,0.0,129.0,5.0,2.0,1.0,209.0,75.0,12.0,.238,.312,.411,.723,.277,24.24,2316.0,99.0,163.0,2025
670770,TJ Friedl,113,Cincinnati Reds,,CF,2026,207.0,181.0,31.0,6.0,1.0,3.0,16.0,0.0,50.0,4.0,1.0,5.0,48.0,11.0,2.0,.171,.252,.265,.517,.217,60.33,765.0,51.0,55.0,685.0,579.0,151.0,22.0,2.0,14.0,81.0,0.0,115.0,16.0,5.0,4.0,219.0,53.0,7.0,.261,.364,.378,.742,.301,41.36,2645.0,141.0,181.0,2025
642100,Gabe Speier,136,Seattle Mariners,,P,2026,0.0,0.0,0.0,0.0,0.0,0.0,0.0,0.0,0.0,0.0,0.0,0.0,0.0,0.0,0.0,.000,.000,.000,.000,.---,-.--,0.0,0.0,0.0,,,,,,,,,,,,,,,,,,,,,,,,,2025
693304,Nick Gonzales,134,Pittsburgh Pirates,,3B,2026,356.0,325.0,101.0,13.0,1.0,4.0,24.0,0.0,64.0,6.0,1.0,0.0,128.0,41.0,10.0,.311,.368,.394,.762,.376,81.25,1335.0,98.0,63.0,408.0,381.0,99.0,18.0,3.0,5.0,21.0,0.0,73.0,2.0,4.0,0.0,138.0,30.0,12.0,.260,.299,.362,.661,.306,76.20,1405.0,104.0,109.0,2025
693307,Dillon Dingler,116,Detroit Tigers,,C,2026,353.0,318.0,84.0,19.0,2.0,19.0,23.0,0.0,74.0,7.0,3.0,0.0,164.0,60.0,10.0,.264,.325,.516,.841,.285,16.74,1350.0,69.0,94.0,469.0,435.0,121.0,21.0,2.0,13.0,23.0,2.0,110.0,9.0,1.0,0.0,185.0,57.0,5.0,.278,.327,.425,.752,.345,33.46,1793.0,91.0,114.0,2025
685126,Brandon Eisert,145,Chicago White Sox,,P,2026,0.0,0.0,0.0,0.0,0.0,0.0,0.0,0.0,0.0,0.0,0.0,0.0,0.0,0.0,0.0,.000,.000,.000,.000,.---,-.--,0.0,0.0,0.0,,,,,,,,,,,,,,,,,,,,,,,,,2025
689225,Beau Brieske,116,Detroit Tigers,,P,2026,,,,,,,,,,,,,,,,,,,,,,,,,,,,,,,,,,,,,,,,,,,,,,,,,2025
519242,Chris Sale,144,Atlanta Braves,,P,2026,,,,,,,,,,,,,,,,,,,,,,,,,,,,,,,,,,,,,,,,,,,,,,,,,2025
681035,Christian Scott,121,New York Mets,,P,2026,,,,,,,,,,,,,,,,,,,,,,,,,,,,,,,,,,,,,,,,,,,,,,,,,2025
685133,Wade Meckler,108,Los Angeles Angels,,LF,2026,129.0,116.0,33.0,7.0,0.0,2.0,13.0,0.0,30.0,0.0,0.0,0.0,46.0,16.0,1.0,.284,.357,.397,.754,.369,58.00,448.0,26.0,27.0,,,,,,,,,,,,,,,,,,,,,,,,,2025
701519,Travis Adams,142,Minnesota Twins,,P,2026,,,,,,,,,,,,,,,,,,,,,,,,,,,,,,,,,,,,,,,,,,,,,,,,,2025
656464,Kevin Ginkel,109,Arizona Diamondbacks,,P,2026,,,,,,,,,,,,,,,,,,,,,,,,,,,,,,,,,,,,,,,,,,,,,,,,,2025
701538,Jackson Merrill,135,San Diego Padres,,CF,2026,374.0,345.0,76.0,15.0,1.0,10.0,25.0,2.0,95.0,1.0,0.0,3.0,123.0,37.0,5.0,.220,.275,.357,.632,.275,34.50,1487.0,82.0,95.0,483.0,440.0,116.0,25.0,6.0,16.0,33.0,1.0,108.0,4.0,5.0,1.0,201.0,67.0,4.0,.264,.317,.457,.774,.312,27.50,1703.0,88.0,134.0,2025
676974,Max Meyer,146,Miami Marlins,,P,2026,,,,,,,,,,,,,,,,,,,,,,,,,,,,,,,,,,,,,,,,,,,,,,,,,2025
656484,Tristan Gray,142,Minnesota Twins,,SS,2026,173.0,159.0,36.0,5.0,0.0,4.0,9.0,0.0,55.0,1.0,3.0,1.0,53.0,28.0,1.0,.226,.267,.333,.600,.311,39.75,679.0,25.0,47.0,86.0,78.0,18.0,5.0,0.0,3.0,6.0,0.0,19.0,0.0,1.0,1.0,32.0,9.0,0.0,.231,.282,.410,.692,.263,26.00,315.0,16.0,27.0,2025
805999,A.J. Ewing,121,New York Mets,,CF,2026,205.0,179.0,50.0,8.0,1.0,7.0,22.0,0.0,51.0,1.0,1.0,2.0,81.0,24.0,1.0,.279,.360,.453,.813,.352,25.57,851.0,37.0,44.0,,,,,,,,,,,,,,,,,,,,,,,,,2025
689266,Dylan Dodd,144,Atlanta Braves,,P,2026,,,,,,,,,,,,,,,,,,,,,,,,,,,,,,,,,,,,,,,,,,,,,,,,,2025
666745,Jhony Brito,135,San Diego Padres,,P,2026,,,,,,,,,,,,,,,,,,,,,,,,,,,,,,,,,,,,,,,,,,,,,,,,,2025
681082,Bryson Stott,143,Philadelphia Phillies,,2B,2026,337.0,306.0,75.0,15.0,4.0,7.0,25.0,0.0,59.0,2.0,2.0,2.0,119.0,41.0,8.0,.245,.304,.389,.693,.281,43.71,1369.0,79.0,97.0,560.0,499.0,128.0,22.0,3.0,13.0,54.0,1.0,91.0,1.0,4.0,2.0,195.0,66.0,4.0,.257,.328,.391,.719,.288,38.38,2466.0,116.0,170.0,2025
703607,Henry Bolte,133,Athletics,,CF,2026,190.0,165.0,46.0,6.0,0.0,3.0,15.0,0.0,52.0,7.0,2.0,0.0,61.0,15.0,3.0,.279,.360,.370,.730,.384,55.00,675.0,47.0,22.0,,,,,,,,,,,,,,,,,,,,,,,,,2025
660604,Alan Rangel,143,Philadelphia Phillies,,P,2026,,,,,,,,,,,,,,,,,,,,,,,,,,,,,,,,,,,,,,,,,,,,,,,,,2025
703615,Jose Cabrera,109,Arizona Diamondbacks,,P,2026,,,,,,,,,,,,,,,,,,,,,,,,,,,,,,,,,,,,,,,,,,,,,,,,,2025
668804,Bryan Reynolds,134,Pittsburgh Pirates,,LF,2026,405.0,338.0,95.0,21.0,2.0,13.0,60.0,2.0,91.0,5.0,2.0,0.0,159.0,56.0,4.0,.281,.395,.470,.865,.347,26.00,1610.0,87.0,67.0,654.0,587.0,144.0,38.0,3.0,16.0,57.0,1.0,173.0,7.0,3.0,0.0,236.0,73.0,15.0,.245,.318,.402,.720,.319,36.69,2631.0,155.0,118.0,2025
687239,Ben Peoples,140,Texas Rangers,,P,2026,,,,,,,,,,,,,,,,,,,,,,,,,,,,,,,,,,,,,,,,,,,,,,,,,2025
547973,Aroldis Chapman,111,Boston Red Sox,,P,2026,0.0,0.0,0.0,0.0,0.0,0.0,0.0,0.0,0.0,0.0,0.0,0.0,0.0,0.0,0.0,.000,.000,.000,.000,.---,-.--,0.0,0.0,0.0,0.0,0.0,0.0,0.0,0.0,0.0,0.0,0.0,0.0,0.0,0.0,0.0,0.0,0.0,0.0,.000,.000,.000,.000,.---,-.--,0.0,0.0,0.0,2025
683146,Brett Baty,121,New York Mets,,3B,2026,312.0,275.0,60.0,13.0,1.0,3.0,29.0,0.0,85.0,3.0,4.0,0.0,84.0,30.0,2.0,.218,.296,.305,.601,.298,91.67,1253.0,65.0,69.0,432.0,393.0,100.0,13.0,2.0,18.0,33.0,0.0,108.0,2.0,3.0,0.0,171.0,50.0,6.0,.254,.313,.435,.748,.304,21.83,1753.0,117.0,71.0,2025
689296,Anthony Nunez,110,Baltimore Orioles,,P,2026,,,,,,,,,,,,,,,,,,,,,,,,,,,,,,,,,,,,,,,,,,,,,,,,,2025
642201,Eli White,144,Atlanta Braves,,RF,2026,119.0,110.0,24.0,4.0,1.0,4.0,7.0,0.0,26.0,1.0,1.0,0.0,42.0,15.0,1.0,.218,.269,.382,.651,.247,27.50,470.0,40.0,21.0,271.0,256.0,60.0,8.0,3.0,10.0,11.0,1.0,70.0,2.0,1.0,1.0,104.0,35.0,2.0,.234,.270,.406,.676,.282,25.60,1001.0,61.0,67.0,2025
656537,Derek Hill,143,Philadelphia Phillies,,RF,2026,133.0,120.0,30.0,3.0,0.0,6.0,9.0,0.0,47.0,1.0,0.0,3.0,51.0,13.0,1.0,.250,.308,.425,.733,.358,20.00,526.0,26.0,20.0,149.0,134.0,29.0,6.0,0.0,3.0,9.0,0.0,48.0,3.0,0.0,3.0,44.0,11.0,3.0,.216,.281,.328,.609,.313,44.67,579.0,32.0,28.0,2025
642207,Devin Williams,121,New York Mets,,P,2026,0.0,0.0,0.0,0.0,0.0,0.0,0.0,0.0,0.0,0.0,0.0,0.0,0.0,0.0,0.0,.000,.000,.000,.000,.---,-.--,0.0,0.0,0.0,,,,,,,,,,,,,,,,,,,,,,,,,2025
668831,Garrett Stallings,158,Milwaukee Brewers,,P,2026,,,,,,,,,,,,,,,,,,,,,,,,,,,,,,,,,,,,,,,,,,,,,,,,,2025
656550,Grant Holmes,144,Atlanta Braves,,P,2026,,,,,,,,,,,,,,,,,,,,,,,,,,,,,,,,,,,,,,,,,,,,,,,,,2025
687263,Zach Neto,108,Los Angeles Angels,,SS,2026,405.0,355.0,83.0,20.0,2.0,19.0,42.0,1.0,130.0,7.0,1.0,0.0,164.0,45.0,2.0,.234,.326,.462,.788,.309,18.68,1607.0,53.0,90.0,554.0,502.0,129.0,29.0,1.0,26.0,33.0,6.0,149.0,14.0,3.0,2.0,238.0,62.0,5.0,.257,.319,.474,.793,.312,19.31,2171.0,96.0,133.0,2025
642215,Weston Wilson,136,Seattle Mariners,,3B,2026,60.0,53.0,11.0,1.0,0.0,1.0,6.0,0.0,16.0,1.0,0.0,0.0,15.0,5.0,0.0,.208,.300,.283,.583,.278,53.00,248.0,10.0,16.0,125.0,111.0,22.0,4.0,0.0,5.0,12.0,0.0,34.0,1.0,0.0,1.0,41.0,17.0,1.0,.198,.282,.369,.651,.236,22.20,536.0,30.0,26.0,2025
656555,Rhys Hoskins,114,Cleveland Guardians,,1B,2026,259.0,210.0,38.0,13.0,0.0,9.0,42.0,0.0,81.0,3.0,4.0,0.0,78.0,31.0,3.0,.181,.320,.371,.691,.234,23.33,1107.0,30.0,65.0,328.0,279.0,66.0,12.0,1.0,12.0,38.0,2.0,91.0,5.0,6.0,0.0,116.0,43.0,6.0,.237,.332,.416,.748,.297,23.25,1429.0,41.0,87.0,2025
687282,Gabriel Rincones Jr.,143,Philadelphia Phillies,,RF,2026,60.0,57.0,12.0,3.0,0.0,2.0,2.0,0.0,16.0,0.0,1.0,0.0,21.0,6.0,2.0,.211,.233,.368,.601,.250,28.50,233.0,13.0,17.0,,,,,,,,,,,,,,,,,,,,,,,,,2025
806068,Colt Emerson,136,Seattle Mariners,,SS,2026,152.0,138.0,28.0,5.0,1.0,7.0,12.0,0.0,52.0,2.0,0.0,0.0,56.0,19.0,2.0,.203,.276,.406,.682,.266,19.71,625.0,32.0,26.0,,,,,,,,,,,,,,,,,,,,,,,,,2025
693433,Bryan Woo,136,Seattle Mariners,,P,2026,,,,,,,,,,,,,,,,,,,,,,,,,,,,,,,,,,,,,,,,,,,,,,,,,2025
664761,Alec Bohm,143,Philadelphia Phillies,,3B,2026,357.0,324.0,72.0,14.0,0.0,11.0,25.0,0.0,51.0,4.0,4.0,0.0,119.0,47.0,12.0,.222,.283,.367,.650,.229,29.46,1323.0,115.0,90.0,504.0,464.0,133.0,18.0,3.0,11.0,29.0,0.0,82.0,5.0,6.0,0.0,190.0,59.0,16.0,.287,.331,.409,.740,.324,42.18,1801.0,140.0,115.0,2025
656577,Alex Jackson,142,Minnesota Twins,,C,2026,53.0,51.0,16.0,3.0,0.0,1.0,0.0,0.0,15.0,2.0,0.0,0.0,22.0,4.0,0.0,.314,.340,.431,.771,.429,51.00,186.0,11.0,9.0,100.0,91.0,20.0,8.0,0.0,5.0,5.0,0.0,37.0,4.0,0.0,0.0,43.0,8.0,2.0,.220,.290,.473,.763,.306,18.20,399.0,16.0,18.0,2025
695490,Edwin Arroyo,113,Cincinnati Reds,,2B,2026,93.0,85.0,21.0,3.0,1.0,0.0,3.0,0.0,20.0,3.0,1.0,1.0,26.0,4.0,0.0,.247,.293,.306,.599,.318,-.--,324.0,23.0,23.0,,,,,,,,,,,,,,,,,,,,,,,,,2025
668881,Hunter Greene,113,Cincinnati Reds,,P,2026,,,,,,,,,,,,,,,,,,,,,,,,,,,,,,,,,,,,,,,,,,,,,,,,,2025
695506,Jac Caglianone,118,Kansas City Royals,,RF,2026,333.0,303.0,78.0,14.0,2.0,14.0,25.0,0.0,99.0,4.0,1.0,0.0,138.0,33.0,4.0,.257,.321,.455,.776,.335,21.64,1257.0,70.0,57.0,232.0,210.0,33.0,6.0,1.0,7.0,18.0,0.0,52.0,4.0,0.0,0.0,62.0,18.0,4.0,.157,.237,.295,.532,.172,30.00,858.0,67.0,58.0,2025
693459,Kyler Fedko,142,Minnesota Twins,,LF,2026,19.0,16.0,0.0,0.0,0.0,0.0,2.0,0.0,8.0,0.0,1.0,0.0,0.0,1.0,0.0,.000,.105,.000,.105,.000,-.--,78.0,3.0,6.0,,,,,,,,,,,,,,,,,,,,,,,,,2025
695505,Chase Burns,113,Cincinnati Reds,,P,2026,,,,,,,,,,,,,,,,,,,,,,,,,,,,,,,,,,,,,,,,,,,,,,,,,2025
668885,Austin Martin,142,Minnesota Twins,,RF,2026,269.0,226.0,56.0,12.0,0.0,2.0,36.0,0.0,48.0,5.0,2.0,0.0,74.0,19.0,4.0,.248,.361,.327,.688,.303,113.00,1068.0,61.0,63.0,181.0,156.0,44.0,8.0,1.0,1.0,22.0,0.0,31.0,1.0,0.0,2.0,57.0,7.0,6.0,.282,.374,.365,.739,.347,156.00,749.0,50.0,33.0,2025
695508,Cam Cauley,140,Texas Rangers,,SS,2026,18.0,16.0,3.0,0.0,1.0,0.0,2.0,0.0,2.0,0.0,0.0,0.0,5.0,0.0,1.0,.188,.278,.313,.591,.214,-.--,58.0,6.0,5.0,,,,,,,,,,,,,,,,,,,,,,,,,2025
605400,Aaron Nola,143,Philadelphia Phillies,,P,2026,,,,,,,,,,,,,,,,,,,,,,,,,,,,,,,,,,,,,,,,,,,,,,,,,2025
701656,Logan Henderson,158,Milwaukee Brewers,,P,2026,,,,,,,,,,,,,,,,,,,,,,,,,,,,,,,,,,,,,,,,,,,,,,,,,2025
656605,Mitch Keller,134,Pittsburgh Pirates,,P,2026,,,,,,,,,,,,,,,,,,,,,,,,,,,,,,,,,,,,,,,,,,,,,,,,,2025
668901,Mark Vientos,121,New York Mets,,1B,2026,253.0,237.0,50.0,9.0,0.0,11.0,12.0,0.0,61.0,2.0,2.0,0.0,92.0,35.0,11.0,.211,.253,.388,.641,.234,21.54,911.0,58.0,70.0,463.0,424.0,99.0,21.0,2.0,17.0,30.0,0.0,115.0,5.0,4.0,0.0,175.0,61.0,11.0,.233,.289,.413,.702,.277,24.94,1764.0,113.0,101.0,2025
670950,Trevor Richards,145,Chicago White Sox,,P,2026,0.0,0.0,0.0,0.0,0.0,0.0,0.0,0.0,0.0,0.0,0.0,0.0,0.0,0.0,0.0,.000,.000,.000,.000,.---,-.--,0.0,0.0,0.0,0.0,0.0,0.0,0.0,0.0,0.0,0.0,0.0,0.0,0.0,0.0,0.0,0.0,0.0,0.0,.000,.000,.000,.000,.---,-.--,0.0,0.0,0.0,2025
660710,Rodolfo Durán,135,San Diego Padres,,C,2026,85.0,76.0,10.0,4.0,0.0,3.0,7.0,0.0,23.0,1.0,0.0,1.0,23.0,8.0,3.0,.132,.214,.303,.517,.140,25.33,333.0,23.0,21.0,,,,,,,,,,,,,,,,,,,,,,,,,2025
668904,Royce Lewis,142,Minnesota Twins,,3B,2026,241.0,214.0,45.0,10.0,0.0,8.0,23.0,0.0,65.0,2.0,2.0,0.0,79.0,26.0,2.0,.210,.290,.369,.659,.259,26.75,948.0,41.0,65.0,403.0,376.0,89.0,18.0,0.0,13.0,25.0,0.0,80.0,0.0,2.0,0.0,146.0,52.0,7.0,.237,.283,.388,.671,.267,28.92,1517.0,76.0,133.0,2025
699625,Jimmy Crooks,138,St. Louis Cardinals,,C,2026,65.0,57.0,9.0,2.0,0.0,1.0,5.0,0.0,21.0,3.0,0.0,0.0,14.0,7.0,1.0,.158,.262,.246,.508,.229,57.00,256.0,14.0,13.0,46.0,45.0,6.0,0.0,1.0,1.0,0.0,0.0,17.0,1.0,0.0,0.0,11.0,1.0,1.0,.133,.152,.244,.396,.185,45.00,199.0,8.0,14.0,2025
668909,Gavin Williams,114,Cleveland Guardians,,P,2026,,,,,,,,,,,,,,,,,,,,,,,,,,,,,,,,,,,,,,,,,,,,,,,,,2025
701675,Nathan Church,138,St. Louis Cardinals,,LF,2026,245.0,228.0,56.0,9.0,1.0,8.0,13.0,0.0,52.0,2.0,2.0,0.0,91.0,28.0,4.0,.246,.290,.399,.689,.282,28.50,944.0,60.0,62.0,65.0,56.0,10.0,1.0,0.0,1.0,3.0,0.0,18.0,3.0,1.0,2.0,14.0,8.0,0.0,.179,.254,.250,.504,.237,56.00,257.0,20.0,11.0,2025
701678,Hao-Yu Lee,116,Detroit Tigers,,2B,2026,150.0,142.0,35.0,6.0,1.0,4.0,7.0,0.0,41.0,0.0,0.0,1.0,55.0,15.0,1.0,.246,.282,.387,.669,.320,35.50,524.0,25.0,42.0,,,,,,,,,,,,,,,,,,,,,,,,,2025
703725,Luis Gastelum,138,St. Louis Cardinals,,P,2026,,,,,,,,,,,,,,,,,,,,,,,,,,,,,,,,,,,,,,,,,,,,,,,,,2025
670970,Adrian Morejon,135,San Diego Padres,,P,2026,,,,,,,,,,,,,,,,,,,,,,,,,,,,,,,,,,,,,,,,,,,,,,,,,2025
656638,Alex Lange,118,Kansas City Royals,,P,2026,0.0,0.0,0.0,0.0,0.0,0.0,0.0,0.0,0.0,0.0,0.0,0.0,0.0,0.0,0.0,.000,.000,.000,.000,.---,-.--,0.0,0.0,0.0,,,,,,,,,,,,,,,,,,,,,,,,,2025
681217,Chase Silseth,108,Los Angeles Angels,,P,2026,,,,,,,,,,,,,,,,,,,,,,,,,,,,,,,,,,,,,,,,,,,,,,,,,2025
668930,Brice Turang,158,Milwaukee Brewers,,2B,2026,397.0,341.0,91.0,22.0,3.0,12.0,51.0,3.0,101.0,0.0,2.0,3.0,155.0,54.0,7.0,.267,.360,.455,.815,.343,28.42,1659.0,90.0,64.0,659.0,584.0,168.0,28.0,2.0,18.0,66.0,1.0,150.0,2.0,5.0,2.0,254.0,81.0,3.0,.288,.359,.435,.794,.356,32.44,2772.0,132.0,141.0,2025
691458,Blaze Jordan,138,St. Louis Cardinals,,3B,2026,77.0,70.0,16.0,3.0,1.0,1.0,3.0,0.0,8.0,0.0,4.0,0.0,24.0,13.0,2.0,.229,.247,.343,.590,.231,70.00,269.0,27.0,23.0,,,,,,,,,,,,,,,,,,,,,,,,,2025
656641,Jacob Latz,140,Texas Rangers,,P,2026,0.0,0.0,0.0,0.0,0.0,0.0,0.0,0.0,0.0,0.0,0.0,0.0,0.0,0.0,0.0,.000,.000,.000,.000,.---,-.--,0.0,0.0,0.0,,,,,,,,,,,,,,,,,,,,,,,,,2025
689414,Liam Hicks,146,Miami Marlins,,C,2026,328.0,285.0,82.0,8.0,1.0,13.0,31.0,1.0,30.0,5.0,6.0,1.0,131.0,56.0,3.0,.288,.361,.460,.821,.278,21.92,1183.0,86.0,94.0,390.0,332.0,82.0,13.0,1.0,6.0,43.0,0.0,56.0,9.0,3.0,3.0,115.0,45.0,5.0,.247,.346,.346,.692,.278,55.33,1537.0,101.0,99.0,2025
668941,JoJo Romero,138,St. Louis Cardinals,,P,2026,,,,,,,,,,,,,,,,,,,,,,,,,,,,,,,,,,,,,,,,,,,,,,,,,2025
668939,Adley Rutschman,110,Baltimore Orioles,,C,2026,263.0,232.0,60.0,18.0,1.0,8.0,25.0,0.0,39.0,1.0,5.0,0.0,104.0,47.0,6.0,.259,.327,.448,.775,.274,29.00,1071.0,58.0,80.0,365.0,322.0,71.0,16.0,2.0,9.0,40.0,0.0,57.0,1.0,2.0,0.0,118.0,29.0,8.0,.220,.307,.366,.673,.240,35.78,1491.0,93.0,103.0,2025
670990,Yohan Ramírez,134,Pittsburgh Pirates,,P,2026,,,,,,,,,,,,,,,,,,,,,,,,,,,,,,,,,,,,,,,,,,,,,,,,,2025
668942,Josh Rojas,118,Kansas City Royals,,3B,2026,26.0,25.0,4.0,1.0,0.0,1.0,1.0,0.0,5.0,0.0,0.0,0.0,8.0,4.0,0.0,.160,.192,.320,.512,.158,25.00,90.0,7.0,9.0,211.0,189.0,34.0,9.0,0.0,2.0,19.0,0.0,48.0,0.0,2.0,1.0,49.0,11.0,6.0,.180,.252,.259,.511,.227,94.50,797.0,51.0,59.0,2025
664849,Danny Young,144,Atlanta Braves,,P,2026,,,,,,,,,,,,,,,,,,,,,,,,,,,,,,,,,,,,,,,,,,,,,,,,,2025
615698,Cal Quantrill,140,Texas Rangers,,P,2026,,,,,,,,,,,,,,,,,,,,,,,,,,,,,,,,,,,,,,,,,,,,,,,,,2025
668952,Ryan Kreidler,142,Minnesota Twins,,CF,2026,137.0,124.0,31.0,4.0,2.0,5.0,12.0,0.0,27.0,1.0,0.0,0.0,54.0,23.0,4.0,.250,.321,.435,.756,.283,24.80,521.0,36.0,30.0,44.0,38.0,4.0,0.0,0.0,0.0,4.0,0.0,19.0,0.0,0.0,2.0,4.0,0.0,0.0,.105,.190,.105,.295,.211,-.--,179.0,9.0,8.0,2025
660761,José Suarez,133,Athletics,,P,2026,,,,,,,,,,,,,,,,,,,,,,,,,,,,,,,,,,,,,,,,,,,,,,,,,2025
668964,Tobias Myers,121,New York Mets,,P,2026,,,,,,,,,,,,,,,,,,,,,,,,,,,,,,,,,,,,,,,,,,,,,,,,,2025
687394,Jack Brannigan,134,Pittsburgh Pirates,,SS,2026,1.0,1.0,0.0,0.0,0.0,0.0,0.0,0.0,1.0,0.0,0.0,0.0,0.0,0.0,0.0,.000,.000,.000,.000,.---,-.--,3.0,0.0,0.0,,,,,,,,,,,,,,,,,,,,,,,,,2025
687401,Joey Ortiz,158,Milwaukee Brewers,,SS,2026,226.0,199.0,45.0,7.0,0.0,3.0,20.0,0.0,41.0,0.0,3.0,4.0,61.0,22.0,5.0,.226,.293,.307,.600,.266,66.33,857.0,62.0,58.0,506.0,470.0,108.0,18.0,1.0,7.0,27.0,0.0,74.0,3.0,0.0,6.0,149.0,45.0,10.0,.230,.276,.317,.593,.260,67.14,1873.0,132.0,162.0,2025
668970,Gavin Hollowell,112,Chicago Cubs,,P,2026,,,,,,,,,,,,,,,,,,,,,,,,,,,,,,,,,,,,,,,,,,,,,,,,,2025
642350,Jose Siri,108,Los Angeles Angels,,CF,2026,95.0,85.0,22.0,3.0,0.0,5.0,6.0,0.0,26.0,1.0,1.0,2.0,40.0,18.0,3.0,.259,.312,.471,.783,.309,17.00,359.0,19.0,21.0,36.0,32.0,2.0,2.0,0.0,0.0,4.0,0.0,17.0,0.0,0.0,0.0,4.0,1.0,0.0,.063,.167,.125,.292,.133,-.--,162.0,3.0,10.0,2025
806188,Cade Gibson,146,Miami Marlins,,P,2026,0.0,0.0,0.0,0.0,0.0,0.0,0.0,0.0,0.0,0.0,0.0,0.0,0.0,0.0,0.0,.000,.000,.000,.000,.---,-.--,0.0,0.0,0.0,,,,,,,,,,,,,,,,,,,,,,,,,2025
695600,Carter Jensen,118,Kansas City Royals,,C,2026,332.0,296.0,73.0,18.0,0.0,13.0,30.0,1.0,93.0,1.0,5.0,0.0,130.0,49.0,3.0,.247,.313,.439,.752,.308,22.77,1338.0,44.0,91.0,69.0,60.0,18.0,6.0,0.0,3.0,9.0,0.0,12.0,0.0,0.0,0.0,33.0,13.0,1.0,.300,.391,.550,.941,.333,20.00,293.0,17.0,13.0,2025
800048,Parker Messick,114,Cleveland Guardians,,P,2026,,,,,,,,,,,,,,,,,,,,,,,,,,,,,,,,,,,,,,,,,,,,,,,,,2025
800050,Chase DeLauter,114,Cleveland Guardians,,RF,2026,315.0,283.0,79.0,16.0,1.0,8.0,30.0,0.0,43.0,0.0,2.0,0.0,121.0,42.0,6.0,.279,.346,.428,.774,.303,35.38,1196.0,71.0,92.0,,,,,,,,,,,,,,,,,,,,,,,,,2025
605488,Jeffrey Springs,133,Athletics,,P,2026,,,,,,,,,,,,,,,,,,,,,,,,,,,,,,,,,,,,,,,,,,,,,,,,,2025
806198,Cooper Pratt,158,Milwaukee Brewers,,SS,2026,77.0,63.0,15.0,2.0,1.0,0.0,11.0,0.0,12.0,1.0,2.0,0.0,19.0,5.0,3.0,.238,.351,.302,.653,.283,-.--,289.0,23.0,15.0,,,,,,,,,,,,,,,,,,,,,,,,,2025
695611,Gage Jump,133,Athletics,,P,2026,,,,,,,,,,,,,,,,,,,,,,,,,,,,,,,,,,,,,,,,,,,,,,,,,2025
701762,Nick Kurtz,133,Athletics,,1B,2026,408.0,330.0,89.0,15.0,1.0,20.0,76.0,9.0,128.0,2.0,0.0,0.0,166.0,66.0,5.0,.270,.409,.503,.912,.379,16.50,1733.0,55.0,58.0,489.0,420.0,122.0,26.0,2.0,36.0,63.0,3.0,151.0,2.0,3.0,0.0,260.0,86.0,4.0,.290,.383,.619,1.002,.364,11.67,1954.0,73.0,77.0,2025
669003,Garrett Mitchell,158,Milwaukee Brewers,,CF,2026,293.0,254.0,70.0,18.0,3.0,8.0,35.0,1.0,97.0,2.0,1.0,1.0,118.0,43.0,2.0,.276,.366,.465,.831,.413,31.75,1178.0,53.0,36.0,78.0,68.0,14.0,4.0,1.0,0.0,7.0,0.0,25.0,1.0,1.0,1.0,20.0,3.0,0.0,.206,.286,.294,.580,.318,-.--,303.0,17.0,14.0,2025
656716,Zach McKinstry,116,Detroit Tigers,,2B,2026,233.0,204.0,41.0,6.0,2.0,3.0,25.0,1.0,39.0,0.0,2.0,2.0,60.0,16.0,3.0,.201,.286,.294,.580,.232,68.00,903.0,60.0,68.0,511.0,452.0,117.0,23.0,11.0,12.0,46.0,1.0,111.0,7.0,5.0,1.0,198.0,49.0,6.0,.259,.333,.438,.771,.314,37.67,2035.0,116.0,114.0,2025
671056,Iván Herrera,138,St. Louis Cardinals,,DH,2026,407.0,331.0,83.0,14.0,1.0,11.0,50.0,4.0,66.0,24.0,2.0,0.0,132.0,40.0,12.0,.251,.386,.399,.785,.281,30.09,1575.0,103.0,81.0,452.0,388.0,110.0,13.0,0.0,19.0,43.0,1.0,84.0,15.0,4.0,0.0,180.0,66.0,20.0,.284,.373,.464,.837,.315,20.42,1809.0,115.0,83.0,2025
681297,Colton Cowser,110,Baltimore Orioles,,CF,2026,225.0,195.0,43.0,3.0,0.0,8.0,26.0,0.0,67.0,1.0,2.0,1.0,70.0,27.0,1.0,.221,.313,.359,.672,.287,24.38,951.0,40.0,48.0,360.0,327.0,64.0,14.0,0.0,16.0,27.0,1.0,128.0,6.0,0.0,0.0,126.0,40.0,5.0,.196,.269,.385,.654,.262,20.44,1486.0,71.0,64.0,2025
669016,Brandon Marsh,143,Philadelphia Phillies,,LF,2026,347.0,325.0,99.0,15.0,2.0,15.0,17.0,1.0,91.0,2.0,3.0,0.0,163.0,46.0,2.0,.305,.340,.502,.842,.378,21.67,1284.0,59.0,79.0,425.0,379.0,106.0,25.0,2.0,11.0,38.0,1.0,110.0,0.0,4.0,3.0,168.0,43.0,2.0,.280,.342,.443,.785,.363,34.46,1657.0,82.0,88.0,2025
660825,Eduard Bazardo,136,Seattle Mariners,,P,2026,,,,,,,,,,,,,,,,,,,,,,,,,,,,,,,,,,,,,,,,,,,,,,,,,2025
656730,Trevor Megill,158,Milwaukee Brewers,,P,2026,0.0,0.0,0.0,0.0,0.0,0.0,0.0,0.0,0.0,0.0,0.0,0.0,0.0,0.0,0.0,.000,.000,.000,.000,.---,-.--,0.0,0.0,0.0,,,,,,,,,,,,,,,,,,,,,,,,,2025
669020,Ryan Rolison,112,Chicago Cubs,,P,2026,0.0,0.0,0.0,0.0,0.0,0.0,0.0,0.0,0.0,0.0,0.0,0.0,0.0,0.0,0.0,.000,.000,.000,.000,.---,-.--,0.0,0.0,0.0,,,,,,,,,,,,,,,,,,,,,,,,,2025
802139,JJ Wetherholt,138,St. Louis Cardinals,,2B,2026,391.0,338.0,89.0,9.0,0.0,13.0,38.0,2.0,61.0,13.0,2.0,0.0,137.0,36.0,1.0,.263,.358,.405,.763,.286,26.00,1530.0,88.0,102.0,,,,,,,,,,,,,,,,,,,,,,,,,2025
642397,Gregory Soto,134,Pittsburgh Pirates,,P,2026,,,,,,,,,,,,,,,,,,,,,,,,,,,,,,,,,,,,,,,,,,,,,,,,,2025
666974,Yennier Cano,110,Baltimore Orioles,,P,2026,,,,,,,,,,,,,,,,,,,,,,,,,0.0,0.0,0.0,0.0,0.0,0.0,0.0,0.0,0.0,0.0,0.0,0.0,0.0,0.0,0.0,.000,.000,.000,.000,.---,-.--,0.0,0.0,0.0,2025
683357,Owen Caissie,146,Miami Marlins,,RF,2026,246.0,218.0,52.0,12.0,0.0,12.0,18.0,0.0,96.0,3.0,7.0,0.0,100.0,50.0,2.0,.239,.297,.459,.756,.342,18.17,1019.0,29.0,48.0,27.0,26.0,5.0,1.0,0.0,1.0,1.0,0.0,11.0,0.0,0.0,0.0,9.0,4.0,0.0,.192,.222,.346,.568,.286,26.00,103.0,4.0,6.0,2025
669022,MacKenzie Gore,140,Texas Rangers,,P,2026,,,,,,,,,,,,,,,,,,,,,,,,,,,,,,,,,,,,,,,,,,,,,,,,,2025
666971,Lourdes Gurriel Jr.,109,Arizona Diamondbacks,,LF,2026,172.0,158.0,35.0,8.0,0.0,2.0,10.0,0.0,31.0,2.0,2.0,0.0,49.0,20.0,1.0,.222,.273,.310,.583,.260,79.00,620.0,41.0,53.0,546.0,500.0,124.0,24.0,2.0,19.0,31.0,0.0,76.0,6.0,9.0,0.0,209.0,80.0,11.0,.248,.295,.418,.713,.254,26.32,1994.0,121.0,188.0,2025
630105,Jake Cronenworth,135,San Diego Padres,,2B,2026,150.0,131.0,24.0,3.0,0.0,3.0,15.0,0.0,33.0,3.0,0.0,1.0,36.0,10.0,1.0,.183,.282,.275,.557,.221,43.67,615.0,42.0,33.0,515.0,419.0,103.0,20.0,1.0,11.0,69.0,1.0,107.0,15.0,7.0,4.0,158.0,59.0,4.0,.246,.367,.377,.744,.299,38.09,2184.0,101.0,119.0,2025
695657,Colson Montgomery,145,Chicago White Sox,,SS,2026,364.0,325.0,71.0,16.0,0.0,23.0,30.0,3.0,115.0,9.0,0.0,0.0,156.0,53.0,4.0,.218,.302,.480,.782,.257,14.13,1356.0,52.0,87.0,284.0,255.0,61.0,9.0,1.0,21.0,25.0,1.0,83.0,2.0,1.0,0.0,135.0,55.0,3.0,.239,.311,.529,.840,.263,12.14,1082.0,50.0,62.0,2025
671083,Buddy Kennedy,136,Seattle Mariners,,1B,2026,9.0,8.0,0.0,0.0,0.0,0.0,1.0,0.0,4.0,0.0,0.0,0.0,0.0,0.0,0.0,.000,.111,.000,.111,.000,-.--,51.0,0.0,4.0,32.0,29.0,2.0,1.0,0.0,0.0,2.0,0.0,8.0,1.0,0.0,0.0,3.0,1.0,0.0,.069,.156,.103,.259,.095,-.--,127.0,7.0,12.0,2025
701807,Carson Benge,121,New York Mets,,RF,2026,370.0,339.0,90.0,12.0,2.0,11.0,27.0,0.0,78.0,4.0,0.0,0.0,139.0,36.0,3.0,.265,.327,.410,.737,.316,30.82,1520.0,86.0,85.0,,,,,,,,,,,,,,,,,,,,,,,,,2025
671096,Andrew Abbott,113,Cincinnati Reds,,P,2026,,,,,,,,,,,,,,,,,,,,,,,,,,,,,,,,,,,,,,,,,,,,,,,,,2025
691587,Eury Pérez,146,Miami Marlins,,P,2026,,,,,,,,,,,,,,,,,,,,,,,,,,,,,,,,,,,,,,,,,,,,,,,,,2025
681351,Logan O'Hoppe,108,Los Angeles Angels,,C,2026,221.0,202.0,45.0,8.0,0.0,4.0,14.0,0.0,53.0,3.0,1.0,1.0,65.0,23.0,5.0,.223,.282,.322,.604,.281,50.50,793.0,37.0,69.0,451.0,423.0,90.0,8.0,1.0,19.0,24.0,0.0,139.0,2.0,1.0,1.0,157.0,43.0,12.0,.213,.258,.371,.629,.267,22.26,1758.0,89.0,107.0,2025
607625,Seth Lugo,118,Kansas City Royals,,P,2026,,,,,,,,,,,,,,,,,,,,,,,,,,,,,,,,,,,,,,,,,,,,,,,,,2025
689546,Nick Davila,136,Seattle Mariners,,P,2026,,,,,,,,,,,,,,,,,,,,,,,,,,,,,,,,,,,,,,,,,,,,,,,,,2025
691594,Javier Sanoja,146,Miami Marlins,,3B,2026,232.0,216.0,60.0,17.0,2.0,3.0,14.0,0.0,21.0,0.0,1.0,1.0,90.0,34.0,3.0,.278,.320,.417,.737,.295,72.00,765.0,65.0,72.0,342.0,313.0,76.0,22.0,4.0,6.0,19.0,0.0,41.0,2.0,4.0,4.0,124.0,38.0,2.0,.243,.287,.396,.683,.259,52.17,1218.0,97.0,107.0,2025
669065,Kyle Stowers,146,Miami Marlins,,LF,2026,290.0,254.0,62.0,16.0,3.0,12.0,27.0,2.0,91.0,6.0,2.0,1.0,120.0,41.0,7.0,.244,.329,.472,.801,.327,21.17,1093.0,46.0,58.0,457.0,399.0,115.0,21.0,3.0,25.0,48.0,3.0,125.0,5.0,4.0,1.0,217.0,73.0,6.0,.288,.368,.544,.912,.356,15.96,1712.0,79.0,85.0,2025
650633,Michael King,135,San Diego Padres,,P,2026,,,,,,,,,,,,,,,,,,,,,,,,,,,,,,,,,,,,,,,,,,,,,,,,,2025
650644,Aaron Civale,133,Athletics,,P,2026,,,,,,,,,,,,,,,,,,,,,,,,,,,,,,,,,,,,,,,,,,,,,,,,,2025
544150,Albert Suárez,110,Baltimore Orioles,,P,2026,,,,,,,,,,,,,,,,,,,,,,,,,,,,,,,,,,,,,,,,,,,,,,,,,2025
687515,Colby Thomas,133,Athletics,,RF,2026,95.0,90.0,20.0,3.0,0.0,4.0,4.0,0.0,27.0,0.0,0.0,1.0,35.0,11.0,1.0,.222,.255,.389,.644,.271,22.50,353.0,13.0,31.0,132.0,120.0,27.0,5.0,0.0,6.0,7.0,0.0,49.0,1.0,3.0,1.0,50.0,19.0,3.0,.225,.267,.417,.684,.309,20.00,481.0,21.0,27.0,2025
656794,Sean Newcomb,145,Chicago White Sox,,P,2026,,,,,,,,,,,,,,,,,,,,,,,,,,,,,,,,,,,,,,,,,,,,,,,,,2025
664991,Grant Wolfram,110,Baltimore Orioles,,P,2026,,,,,,,,,,,,,,,,,,,,,,,,,,,,,,,,,,,,,,,,,,,,,,,,,2025
656811,Ryan O'Hearn,134,Pittsburgh Pirates,,RF,2026,323.0,294.0,86.0,12.0,0.0,16.0,25.0,1.0,70.0,2.0,2.0,0.0,146.0,61.0,12.0,.293,.350,.497,.847,.333,18.38,1274.0,70.0,70.0,544.0,474.0,133.0,21.0,1.0,17.0,58.0,4.0,109.0,8.0,4.0,0.0,207.0,63.0,11.0,.281,.366,.437,.803,.330,27.88,2173.0,117.0,119.0,2025
687531,William Kempner,146,Miami Marlins,,P,2026,0.0,0.0,0.0,0.0,0.0,0.0,0.0,0.0,0.0,0.0,0.0,0.0,0.0,0.0,0.0,.000,.000,.000,.000,.---,-.--,0.0,0.0,0.0,,,,,,,,,,,,,,,,,,,,,,,,,2025
695731,Braden Montgomery,145,Chicago White Sox,,RF,2026,100.0,89.0,20.0,8.0,0.0,2.0,10.0,0.0,22.0,0.0,1.0,0.0,34.0,8.0,4.0,.225,.300,.382,.682,.273,44.50,375.0,31.0,17.0,,,,,,,,,,,,,,,,,,,,,,,,,2025
671155,Ivan Johnson,113,Cincinnati Reds,,2B,2026,5.0,4.0,0.0,0.0,0.0,0.0,1.0,0.0,1.0,0.0,0.0,0.0,0.0,0.0,0.0,.000,.200,.000,.200,.000,-.--,20.0,1.0,2.0,,,,,,,,,,,,,,,,,,,,,,,,,2025
665019,Kody Clemens,142,Minnesota Twins,,1B,2026,315.0,286.0,73.0,18.0,3.0,16.0,21.0,1.0,68.0,5.0,1.0,2.0,145.0,45.0,5.0,.255,.316,.507,.823,.281,17.88,1229.0,65.0,83.0,386.0,348.0,74.0,12.0,4.0,19.0,29.0,1.0,93.0,5.0,2.0,2.0,151.0,52.0,4.0,.213,.281,.434,.715,.231,18.32,1529.0,73.0,112.0,2025
679358,Eric Orze,142,Minnesota Twins,,P,2026,,,,,,,,,,,,,,,,,,,,,,,,,,,,,,,,,,,,,,,,,,,,,,,,,2025
554430,Zack Wheeler,143,Philadelphia Phillies,,P,2026,,,,,,,,,,,,,,,,,,,,,,,,,,,,,,,,,,,,,,,,,,,,,,,,,2025
640448,Kyle Finnegan,116,Detroit Tigers,,P,2026,,,,,,,,,,,,,,,,,,,,,,,,,,,,,,,,,,,,,,,,,,,,,,,,,2025
640455,Sean Manaea,121,New York Mets,,P,2026,,,,,,,,,,,,,,,,,,,,,,,,,,,,,,,,,,,,,,,,,,,,,,,,,2025
669127,Shea Langeliers,133,Athletics,,C,2026,371.0,337.0,88.0,16.0,0.0,20.0,29.0,2.0,78.0,4.0,1.0,0.0,164.0,45.0,4.0,.261,.326,.487,.813,.283,16.85,1367.0,62.0,110.0,523.0,481.0,133.0,32.0,0.0,31.0,36.0,1.0,103.0,1.0,5.0,0.0,258.0,72.0,10.0,.277,.325,.536,.861,.290,15.52,1924.0,107.0,143.0,2025
687562,Jake Bennett,111,Boston Red Sox,,P,2026,,,,,,,,,,,,,,,,,,,,,,,,,,,,,,,,,,,,,,,,,,,,,,,,,2025
640459,Brian Navarreto,146,Miami Marlins,,C,2026,12.0,9.0,2.0,1.0,0.0,0.0,1.0,0.0,2.0,0.0,0.0,2.0,3.0,0.0,0.0,.222,.300,.333,.633,.286,-.--,37.0,4.0,3.0,15.0,14.0,4.0,2.0,0.0,1.0,0.0,0.0,3.0,0.0,1.0,0.0,9.0,5.0,0.0,.286,.267,.643,.910,.273,14.00,42.0,5.0,3.0,2025
656848,Michael Petersen,146,Miami Marlins,,P,2026,,,,,,,,,,,,,,,,,,,,,,,,,,,,,,,,,,,,,,,,,,,,,,,,,2025
669134,Luis Campusano,135,San Diego Padres,,C,2026,72.0,63.0,20.0,7.0,0.0,4.0,8.0,0.0,17.0,1.0,0.0,0.0,39.0,11.0,0.0,.317,.403,.619,1.022,.381,15.75,279.0,14.0,12.0,27.0,21.0,0.0,0.0,0.0,0.0,6.0,0.0,11.0,0.0,0.0,0.0,0.0,0.0,2.0,.000,.222,.000,.222,.000,-.--,126.0,9.0,1.0,2025
656849,David Peterson,112,Chicago Cubs,,P,2026,,,,,,,,,,,,,,,,,,,,,,,,,,,,,,,,,,,,,,,,,,,,,,,,,2025
687570,Connor Prielipp,142,Minnesota Twins,,P,2026,,,,,,,,,,,,,,,,,,,,,,,,,,,,,,,,,,,,,,,,,,,,,,,,,2025
521692,Salvador Perez,118,Kansas City Royals,,1B,2026,359.0,335.0,71.0,13.0,0.0,11.0,13.0,1.0,72.0,7.0,4.0,0.0,117.0,36.0,12.0,.212,.253,.349,.602,.234,30.46,1328.0,83.0,113.0,641.0,597.0,141.0,35.0,0.0,30.0,28.0,5.0,125.0,12.0,1.0,0.0,266.0,100.0,14.0,.236,.284,.446,.730,.251,19.90,2267.0,145.0,187.0,2025
665052,Griffin Conine,146,Miami Marlins,,LF,2026,80.0,68.0,16.0,3.0,0.0,3.0,10.0,0.0,26.0,2.0,0.0,0.0,28.0,10.0,0.0,.235,.350,.412,.762,.333,22.67,311.0,20.0,6.0,86.0,79.0,20.0,7.0,0.0,2.0,7.0,0.0,25.0,0.0,0.0,0.0,33.0,8.0,0.0,.253,.314,.418,.732,.346,39.50,338.0,21.0,13.0,2025
642528,Jonathan Loáisiga,109,Arizona Diamondbacks,,P,2026,0.0,0.0,0.0,0.0,0.0,0.0,0.0,0.0,0.0,0.0,0.0,0.0,0.0,0.0,0.0,.000,.000,.000,.000,.---,-.--,0.0,0.0,0.0,,,,,,,,,,,,,,,,,,,,,,,,,2025
669160,Dustin May,138,St. Louis Cardinals,,P,2026,,,,,,,,,,,,,,,,,,,,,,,,,,,,,,,,,,,,,,,,,,,,,,,,,2025
624133,Ranger Suarez,111,Boston Red Sox,,P,2026,,,,,,,,,,,,,,,,,,,,,,,,,,,,,,,,,,,,,,,,,,,,,,,,,2025
642547,Freddy Peralta,121,New York Mets,,P,2026,,,,,,,,,,,,,,,,,,,,,,,,,,,,,,,,,,,,,,,,,,,,,,,,,2025
691718,Pete Crow-Armstrong,112,Chicago Cubs,,CF,2026,400.0,345.0,102.0,14.0,4.0,21.0,42.0,2.0,102.0,10.0,2.0,1.0,187.0,52.0,2.0,.296,.386,.542,.928,.362,16.43,1548.0,55.0,89.0,647.0,591.0,146.0,37.0,4.0,31.0,29.0,1.0,155.0,9.0,12.0,6.0,284.0,95.0,1.0,.247,.287,.481,.768,.276,19.06,2312.0,116.0,192.0,2025
622088,Tejay Antone,113,Cincinnati Reds,,P,2026,,,,,,,,,,,,,,,,,,,,,,,,,,,,,,,,,,,,,,,,,,,,,,,,,2025
681481,Kerry Carpenter,116,Detroit Tigers,,RF,2026,224.0,197.0,45.0,5.0,2.0,13.0,17.0,0.0,67.0,5.0,3.0,0.0,93.0,36.0,2.0,.228,.302,.472,.774,.267,15.15,884.0,32.0,56.0,464.0,433.0,109.0,18.0,5.0,26.0,18.0,0.0,106.0,7.0,2.0,0.0,215.0,62.0,3.0,.252,.291,.497,.788,.274,16.65,1736.0,84.0,136.0,2025
691723,Coby Mayo,110,Baltimore Orioles,,3B,2026,241.0,218.0,42.0,9.0,0.0,11.0,19.0,0.0,79.0,3.0,1.0,0.0,84.0,33.0,3.0,.193,.266,.385,.651,.240,19.82,983.0,42.0,56.0,294.0,263.0,57.0,12.0,0.0,11.0,27.0,0.0,84.0,4.0,0.0,0.0,102.0,28.0,2.0,.217,.299,.388,.687,.274,23.91,1132.0,49.0,73.0,2025
669199,Lake Bachar,146,Miami Marlins,,P,2026,,,,,,,,,,,,,,,,,,,,,,,,,,,,,,,,,,,,,,,,,,,,,,,,,2025
593428,Xander Bogaerts,135,San Diego Padres,,SS,2026,345.0,302.0,69.0,7.0,0.0,8.0,38.0,1.0,63.0,3.0,2.0,0.0,100.0,35.0,4.0,.228,.319,.331,.650,.262,37.75,1347.0,100.0,72.0,552.0,491.0,129.0,30.0,0.0,11.0,48.0,3.0,94.0,4.0,8.0,1.0,192.0,53.0,12.0,.263,.328,.391,.719,.299,44.64,2100.0,126.0,151.0,2025
548384,Brooks Raley,121,New York Mets,,P,2026,,,,,,,,,,,,,,,,,,,,,,,,,,,,,,,,,,,,,,,,,,,,,,,,,2025
572955,Pierce Johnson,113,Cincinnati Reds,,P,2026,,,,,,,,,,,,,,,,,,,,,,,,,,,,,,,,,,,,,,,,,,,,,,,,,2025
687637,Dylan Beavers,110,Baltimore Orioles,,RF,2026,140.0,122.0,28.0,9.0,0.0,2.0,16.0,0.0,34.0,0.0,1.0,1.0,43.0,13.0,1.0,.230,.317,.352,.669,.299,61.00,593.0,26.0,36.0,137.0,110.0,25.0,5.0,1.0,4.0,26.0,0.0,36.0,0.0,0.0,1.0,44.0,14.0,0.0,.227,.375,.400,.775,.300,27.50,615.0,14.0,36.0,2025
656941,Kyle Schwarber,143,Philadelphia Phillies,,DH,2026,397.0,334.0,85.0,9.0,1.0,32.0,58.0,3.0,137.0,4.0,1.0,0.0,192.0,58.0,1.0,.254,.370,.575,.945,.319,10.44,1705.0,43.0,70.0,724.0,604.0,145.0,23.0,2.0,56.0,108.0,6.0,197.0,11.0,1.0,0.0,340.0,132.0,4.0,.240,.365,.563,.928,.253,10.79,3059.0,114.0,149.0,2025
681517,Kyle Leahy,138,St. Louis Cardinals,,P,2026,,,,,,,,,,,,,,,,,,,,,,,,,,,,,,,,,,,,,,,,,,,,,,,,,2025
669236,Jeremiah Jackson,110,Baltimore Orioles,,2B,2026,209.0,202.0,50.0,8.0,0.0,7.0,4.0,0.0,42.0,1.0,2.0,0.0,79.0,32.0,10.0,.248,.263,.391,.654,.277,28.86,706.0,65.0,47.0,183.0,170.0,47.0,10.0,2.0,5.0,11.0,0.0,50.0,2.0,0.0,0.0,76.0,21.0,6.0,.276,.328,.447,.775,.365,34.00,706.0,39.0,34.0,2025
800311,Didier Fuentes,144,Atlanta Braves,,P,2026,0.0,0.0,0.0,0.0,0.0,0.0,0.0,0.0,0.0,0.0,0.0,0.0,0.0,0.0,0.0,.000,.000,.000,.000,.---,-.--,0.0,0.0,0.0,,,,,,,,,,,,,,,,,,,,,,,,,2025
693821,Bryce Elder,144,Atlanta Braves,,P,2026,,,,,,,,,,,,,,,,,,,,,,,,,,,,,,,,,,,,,,,,,,,,,,,,,2025
665152,Dean Kremer,110,Baltimore Orioles,,P,2026,,,,,,,,,,,,,,,,,,,,,,,,,,,,,,,,,,,,,,,,,,,,,,,,,2025
800325,Luis Lara,158,Milwaukee Brewers,,CF,2026,9.0,8.0,2.0,0.0,0.0,0.0,1.0,0.0,1.0,0.0,0.0,0.0,2.0,2.0,0.0,.250,.333,.250,.583,.286,-.--,40.0,3.0,2.0,,,,,,,,,,,,,,,,,,,,,,,,,2025
681546,James Outman,116,Detroit Tigers,,CF,2026,126.0,115.0,18.0,4.0,1.0,3.0,10.0,0.0,53.0,1.0,0.0,0.0,33.0,11.0,0.0,.157,.230,.287,.517,.254,38.33,519.0,19.0,25.0,148.0,134.0,18.0,5.0,1.0,6.0,12.0,0.0,63.0,2.0,0.0,0.0,43.0,11.0,0.0,.134,.216,.321,.537,.185,22.33,605.0,24.0,29.0,2025
691788,Joe Mack,146,Miami Marlins,,C,2026,163.0,148.0,36.0,5.0,0.0,7.0,12.0,0.0,39.0,1.0,0.0,2.0,62.0,23.0,5.0,.243,.304,.419,.723,.284,21.14,650.0,41.0,34.0,,,,,,,,,,,,,,,,,,,,,,,,,2025
656976,Pavin Smith,109,Arizona Diamondbacks,,1B,2026,89.0,78.0,11.0,1.0,0.0,1.0,10.0,0.0,18.0,0.0,1.0,0.0,15.0,6.0,1.0,.141,.236,.192,.428,.167,78.00,359.0,22.0,28.0,288.0,244.0,63.0,17.0,1.0,8.0,41.0,1.0,92.0,0.0,2.0,0.0,106.0,28.0,7.0,.258,.362,.434,.796,.377,30.50,1255.0,45.0,46.0,2025
691799,Grant Taylor,145,Chicago White Sox,,P,2026,,,,,,,,,,,,,,,,,,,,,,,,,,,,,,,,,,,,,,,,,,,,,,,,,2025
669276,Dylan Lee,144,Atlanta Braves,,P,2026,,,,,,,,,,,,,,,,,,,,,,,,,,,,,,,,,,,,,,,,,,,,,,,,,2025
542303,Marcell Ozuna,134,Pittsburgh Pirates,,DH,2026,242.0,216.0,44.0,5.0,0.0,7.0,24.0,1.0,74.0,2.0,0.0,0.0,70.0,26.0,4.0,.204,.289,.324,.613,.274,30.86,1073.0,35.0,63.0,592.0,487.0,113.0,19.0,0.0,21.0,94.0,2.0,144.0,3.0,7.0,0.0,195.0,68.0,11.0,.232,.355,.400,.755,.280,23.19,2635.0,115.0,122.0,2025
650859,Luis Rengifo,135,San Diego Padres,,3B,2026,209.0,185.0,38.0,9.0,0.0,0.0,19.0,1.0,24.0,1.0,2.0,2.0,47.0,19.0,2.0,.205,.280,.254,.534,.233,-.--,789.0,76.0,51.0,541.0,501.0,119.0,16.0,3.0,9.0,33.0,0.0,104.0,3.0,3.0,1.0,168.0,43.0,7.0,.238,.287,.335,.622,.281,55.67,2008.0,156.0,126.0,2025
679529,Spencer Torkelson,116,Detroit Tigers,,1B,2026,356.0,307.0,66.0,18.0,0.0,15.0,41.0,0.0,117.0,5.0,2.0,0.0,129.0,41.0,6.0,.215,.315,.420,.735,.288,20.47,1534.0,45.0,81.0,649.0,563.0,135.0,27.0,1.0,31.0,72.0,6.0,169.0,9.0,5.0,0.0,257.0,78.0,12.0,.240,.333,.456,.789,.283,18.16,2634.0,88.0,176.0,2025
702070,Noah Cameron,118,Kansas City Royals,,P,2026,,,,,,,,,,,,,,,,,,,,,,,,,,,,,,,,,,,,,,,,,,,,,,,,,2025
669302,Logan Gilbert,136,Seattle Mariners,,P,2026,,,,,,,,,,,,,,,,,,,,,,,,,,,,,,,,,,,,,,,,,,,,,,,,,2025
687749,Jase Bowen,135,San Diego Padres,,RF,2026,42.0,40.0,5.0,1.0,0.0,0.0,2.0,0.0,15.0,0.0,0.0,0.0,6.0,1.0,0.0,.125,.167,.150,.317,.200,-.--,144.0,8.0,12.0,,,,,,,,,,,,,,,,,,,,,,,,,2025
820862,José Fermin,108,Los Angeles Angels,,P,2026,,,,,,,,,,,,,,,,,,,,,,,,,,,,,,,,,,,,,,,,,,,,,,,,,2025
642701,Dennis Santana,134,Pittsburgh Pirates,,P,2026,,,,,,,,,,,,,,,,,,,,,,,,,,,,,,,,,,,,,,,,,,,,,,,,,2025
657041,Lane Thomas,118,Kansas City Royals,,CF,2026,253.0,215.0,50.0,14.0,0.0,6.0,34.0,0.0,56.0,2.0,2.0,0.0,82.0,29.0,3.0,.233,.340,.381,.721,.284,35.83,1044.0,41.0,70.0,142.0,125.0,20.0,2.0,0.0,4.0,14.0,0.0,44.0,1.0,2.0,0.0,34.0,11.0,4.0,.160,.246,.272,.518,.203,31.25,556.0,22.0,41.0,2025
669330,Tyler Wells,110,Baltimore Orioles,,P,2026,,,,,,,,,,,,,,,,,,,,,,,,,,,,,,,,,,,,,,,,,,,,,,,,,2025
650911,Cristopher Sánchez,143,Philadelphia Phillies,,P,2026,,,,,,,,,,,,,,,,,,,,,,,,,,,,,,,,,,,,,,,,,,,,,,,,,2025
657044,Ryan Thompson,109,Arizona Diamondbacks,,P,2026,,,,,,,,,,,,,,,,,,,,,,,,,0.0,0.0,0.0,0.0,0.0,0.0,0.0,0.0,0.0,0.0,0.0,0.0,0.0,0.0,0.0,.000,.000,.000,.000,.---,-.--,0.0,0.0,0.0,2025
669358,Shane Baz,110,Baltimore Orioles,,P,2026,,,,,,,,,,,,,,,,,,,,,,,,,,,,,,,,,,,,,,,,,,,,,,,,,2025
669364,Xavier Edwards,146,Miami Marlins,,2B,2026,392.0,337.0,102.0,13.0,6.0,6.0,49.0,4.0,47.0,0.0,5.0,1.0,145.0,36.0,9.0,.303,.386,.430,.816,.332,56.17,1524.0,94.0,100.0,619.0,561.0,159.0,20.0,5.0,3.0,49.0,2.0,88.0,3.0,3.0,3.0,198.0,43.0,6.0,.283,.343,.353,.696,.330,187.00,2250.0,164.0,156.0,2025
669372,J.T. Ginn,133,Athletics,,P,2026,0.0,0.0,0.0,0.0,0.0,0.0,0.0,0.0,0.0,0.0,0.0,0.0,0.0,0.0,0.0,.000,.000,.000,.000,.---,-.--,0.0,0.0,0.0,,,,,,,,,,,,,,,,,,,,,,,,,2025
675512,Troy Melton,116,Detroit Tigers,,P,2026,,,,,,,,,,,,,,,,,,,,,,,,,,,,,,,,,,,,,,,,,,,,,,,,,2025
669373,Tarik Skubal,116,Detroit Tigers,,P,2026,,,,,,,,,,,,,,,,,,,,,,,,,,,,,,,,,,,,,,,,,,,,,,,,,2025
552640,Andrew Kittredge,110,Baltimore Orioles,,P,2026,,,,,,,,,,,,,,,,,,,,,,,,,0.0,0.0,0.0,0.0,0.0,0.0,0.0,0.0,0.0,0.0,0.0,0.0,0.0,0.0,0.0,.000,.000,.000,.000,.---,-.--,0.0,0.0,0.0,2025
691907,Tsung-Che Cheng,111,Boston Red Sox,,SS,2026,25.0,22.0,6.0,1.0,0.0,0.0,2.0,0.0,6.0,0.0,1.0,0.0,7.0,4.0,1.0,.273,.320,.318,.638,.353,-.--,82.0,7.0,4.0,7.0,7.0,0.0,0.0,0.0,0.0,0.0,0.0,3.0,0.0,0.0,0.0,0.0,0.0,0.0,.000,.000,.000,.000,.000,-.--,24.0,2.0,2.0,2025
573124,Taylor Rogers,142,Minnesota Twins,,P,2026,,,,,,,,,,,,,,,,,,,,,,,,,,,,,,,,,,,,,,,,,,,,,,,,,2025
657097,Jacob Webb,112,Chicago Cubs,,P,2026,,,,,,,,,,,,,,,,,,,,,,,,,,,,,,,,,,,,,,,,,,,,,,,,,2025
669387,Carmen Mlodzinski,134,Pittsburgh Pirates,,P,2026,,,,,,,,,,,,,,,,,,,,,,,,,,,,,,,,,,,,,,,,,,,,,,,,,2025
669394,Jake Burger,140,Texas Rangers,,1B,2026,357.0,324.0,79.0,14.0,0.0,15.0,28.0,0.0,93.0,3.0,2.0,0.0,138.0,53.0,5.0,.244,.308,.426,.734,.294,21.60,1318.0,78.0,76.0,376.0,356.0,84.0,15.0,1.0,16.0,12.0,0.0,93.0,5.0,3.0,0.0,149.0,53.0,3.0,.236,.269,.419,.688,.272,22.25,1324.0,73.0,109.0,2025
677587,Brayan Rocchio,114,Cleveland Guardians,,SS,2026,341.0,301.0,82.0,13.0,2.0,7.0,27.0,0.0,46.0,7.0,3.0,3.0,120.0,40.0,4.0,.272,.343,.399,.742,.299,43.00,1316.0,82.0,97.0,383.0,344.0,80.0,18.0,2.0,5.0,22.0,0.0,77.0,8.0,5.0,4.0,117.0,44.0,4.0,.233,.290,.340,.630,.281,68.80,1411.0,100.0,96.0,2025
675540,Xzavion Curry,121,New York Mets,,P,2026,,,,,,,,,,,,,,,,,,,,,,,,,,,,,,,,,,,,,,,,,,,,,,,,,2025
683734,Andrew Vaughn,158,Milwaukee Brewers,,1B,2026,163.0,140.0,46.0,14.0,2.0,2.0,20.0,1.0,19.0,2.0,1.0,0.0,70.0,24.0,2.0,.329,.417,.500,.917,.367,70.00,620.0,37.0,39.0,447.0,406.0,103.0,22.0,0.0,14.0,31.0,0.0,80.0,3.0,6.0,1.0,167.0,65.0,12.0,.254,.307,.411,.718,.280,29.00,1722.0,110.0,120.0,2025
683737,Michael Busch,112,Chicago Cubs,,1B,2026,408.0,331.0,77.0,14.0,2.0,11.0,63.0,1.0,91.0,10.0,4.0,0.0,128.0,48.0,4.0,.233,.368,.387,.755,.283,30.09,1622.0,74.0,93.0,592.0,524.0,137.0,25.0,5.0,34.0,56.0,2.0,139.0,10.0,2.0,0.0,274.0,90.0,2.0,.261,.343,.523,.866,.292,15.41,2324.0,111.0,139.0,2025
696030,Alejandro Osuna,140,Texas Rangers,,LF,2026,186.0,161.0,41.0,4.0,0.0,1.0,17.0,0.0,25.0,7.0,0.0,1.0,48.0,18.0,3.0,.255,.351,.298,.649,.296,161.00,667.0,52.0,44.0,176.0,151.0,32.0,4.0,0.0,2.0,21.0,1.0,34.0,2.0,2.0,0.0,42.0,15.0,1.0,.212,.313,.278,.591,.256,75.50,739.0,45.0,42.0,2025
702176,Alan Roden,142,Minnesota Twins,,LF,2026,5.0,5.0,2.0,0.0,0.0,0.0,0.0,0.0,1.0,0.0,0.0,0.0,2.0,2.0,0.0,.400,.400,.400,.800,.500,-.--,25.0,0.0,2.0,153.0,136.0,26.0,6.0,1.0,2.0,8.0,0.0,37.0,6.0,3.0,0.0,40.0,9.0,0.0,.191,.261,.294,.555,.240,68.00,551.0,49.0,27.0,2025
628452,Raisel Iglesias,144,Atlanta Braves,,P,2026,0.0,0.0,0.0,0.0,0.0,0.0,0.0,0.0,0.0,0.0,0.0,0.0,0.0,0.0,0.0,.000,.000,.000,.000,.---,-.--,0.0,0.0,0.0,,,,,,,,,,,,,,,,,,,,,,,,,2025
673513,Yuki Matsui,135,San Diego Padres,,P,2026,,,,,,,,,,,,,,,,,,,,,,,,,,,,,,,,,,,,,,,,,,,,,,,,,2025
657136,Connor Wong,111,Boston Red Sox,,C,2026,122.0,102.0,30.0,8.0,0.0,1.0,13.0,0.0,26.0,3.0,1.0,3.0,41.0,15.0,1.0,.294,.387,.402,.789,.382,102.00,453.0,27.0,23.0,188.0,168.0,32.0,8.0,0.0,0.0,16.0,0.0,42.0,1.0,2.0,1.0,40.0,7.0,7.0,.190,.262,.238,.500,.250,-.--,745.0,53.0,44.0,2025
702193,Andrew Morris,142,Minnesota Twins,,P,2026,,,,,,,,,,,,,,,,,,,,,,,,,,,,,,,,,,,,,,,,,,,,,,,,,2025
681715,Heriberto Hernández,146,Miami Marlins,,LF,2026,212.0,189.0,45.0,7.0,1.0,12.0,21.0,1.0,49.0,1.0,1.0,0.0,90.0,35.0,1.0,.238,.316,.476,.792,.256,15.75,790.0,43.0,53.0,294.0,256.0,68.0,12.0,1.0,10.0,31.0,0.0,77.0,3.0,4.0,0.0,112.0,45.0,6.0,.266,.347,.438,.785,.335,25.60,1138.0,52.0,63.0,2025
669432,Trevor Rogers,110,Baltimore Orioles,,P,2026,,,,,,,,,,,,,,,,,,,,,,,,,2.0,2.0,0.0,0.0,0.0,0.0,0.0,0.0,2.0,0.0,0.0,0.0,0.0,0.0,0.0,.000,.000,.000,.000,.---,-.--,6.0,0.0,0.0,2025
683769,Hunter Gaddis,114,Cleveland Guardians,,P,2026,,,,,,,,,,,,,,,,,,,,,,,,,,,,,,,,,,,,,,,,,,,,,,,,,2025
673540,Kodai Senga,121,New York Mets,,P,2026,,,,,,,,,,,,,,,,,,,,,,,,,,,,,,,,,,,,,,,,,,,,,,,,,2025
673548,Seiya Suzuki,112,Chicago Cubs,,RF,2026,325.0,285.0,74.0,12.0,0.0,14.0,34.0,3.0,85.0,3.0,3.0,0.0,128.0,45.0,8.0,.260,.342,.449,.791,.317,20.36,1387.0,56.0,73.0,651.0,571.0,140.0,31.0,3.0,32.0,71.0,1.0,164.0,1.0,8.0,0.0,273.0,103.0,13.0,.245,.326,.478,.804,.282,17.84,2727.0,98.0,177.0,2025
702222,Justin Crawford,143,Philadelphia Phillies,,CF,2026,284.0,263.0,69.0,12.0,3.0,2.0,17.0,0.0,59.0,2.0,0.0,2.0,93.0,20.0,1.0,.262,.312,.354,.666,.332,131.50,1078.0,84.0,53.0,,,,,,,,,,,,,,,,,,,,,,,,,2025
677649,Ezequiel Duran,140,Texas Rangers,,SS,2026,309.0,283.0,76.0,15.0,2.0,7.0,21.0,0.0,70.0,1.0,3.0,1.0,116.0,45.0,3.0,.269,.318,.410,.728,.330,40.43,1185.0,74.0,67.0,219.0,205.0,46.0,14.0,0.0,0.0,8.0,0.0,55.0,4.0,1.0,1.0,60.0,14.0,3.0,.224,.266,.293,.559,.305,-.--,807.0,42.0,64.0,2025
573204,Caleb Thielbar,112,Chicago Cubs,,P,2026,0.0,0.0,0.0,0.0,0.0,0.0,0.0,0.0,0.0,0.0,0.0,0.0,0.0,0.0,0.0,.000,.000,.000,.000,.---,-.--,0.0,0.0,0.0,,,,,,,,,,,,,,,,,,,,,,,,,2025
669461,Matthew Liberatore,138,St. Louis Cardinals,,P,2026,,,,,,,,,,,,,,,,,,,,,,,,,,,,,,,,,,,,,,,,,,,,,,,,,2025
669467,Andre Pallante,138,St. Louis Cardinals,,P,2026,,,,,,,,,,,,,,,,,,,,,,,,,0.0,0.0,0.0,0.0,0.0,0.0,0.0,0.0,0.0,0.0,0.0,0.0,0.0,0.0,0.0,.000,.000,.000,.000,.---,-.--,0.0,0.0,0.0,2025
624413,Pete Alonso,110,Baltimore Orioles,,1B,2026,402.0,348.0,87.0,16.0,0.0,20.0,47.0,2.0,97.0,3.0,4.0,0.0,163.0,62.0,9.0,.250,.341,.468,.809,.285,17.40,1654.0,83.0,85.0,709.0,624.0,170.0,41.0,1.0,38.0,61.0,5.0,162.0,15.0,9.0,0.0,327.0,126.0,23.0,.272,.347,.524,.871,.305,16.42,2807.0,135.0,166.0,2025
663330,Jahmai Jones,116,Detroit Tigers,,DH,2026,105.0,95.0,13.0,2.0,0.0,2.0,10.0,0.0,35.0,0.0,0.0,0.0,21.0,7.0,3.0,.137,.219,.221,.440,.190,47.50,386.0,20.0,27.0,150.0,129.0,37.0,11.0,1.0,7.0,18.0,1.0,32.0,3.0,0.0,0.0,71.0,23.0,3.0,.287,.387,.550,.937,.333,18.43,595.0,21.0,39.0,2025
624424,Michael Conforto,112,Chicago Cubs,,DH,2026,156.0,136.0,34.0,10.0,0.0,8.0,19.0,1.0,44.0,0.0,1.0,0.0,68.0,22.0,3.0,.250,.340,.500,.840,.306,17.00,632.0,27.0,32.0,486.0,418.0,83.0,20.0,0.0,12.0,56.0,0.0,121.0,9.0,3.0,0.0,139.0,36.0,12.0,.199,.305,.333,.638,.247,34.83,2049.0,103.0,114.0,2025
624431,Jose Trevino,113,Cincinnati Reds,,C,2026,67.0,64.0,16.0,3.0,0.0,1.0,1.0,0.0,10.0,0.0,0.0,2.0,22.0,8.0,0.0,.250,.262,.344,.606,.283,64.00,209.0,24.0,16.0,302.0,282.0,67.0,20.0,0.0,4.0,15.0,0.0,39.0,0.0,4.0,1.0,99.0,22.0,9.0,.238,.272,.351,.623,.259,70.50,1063.0,95.0,86.0,2025
804668,Rafael Flores Jr.,134,Pittsburgh Pirates,,C,2026,5.0,3.0,2.0,1.0,0.0,1.0,2.0,0.0,0.0,0.0,0.0,0.0,6.0,2.0,0.0,.667,.800,2.000,2.800,.500,3.00,19.0,1.0,0.0,17.0,15.0,3.0,2.0,0.0,0.0,2.0,0.0,7.0,0.0,0.0,0.0,5.0,0.0,0.0,.200,.294,.333,.627,.375,-.--,74.0,4.0,1.0,2025
702273,Noah Schultz,145,Chicago White Sox,,P,2026,,,,,,,,,,,,,,,,,,,,,,,,,,,,,,,,,,,,,,,,,,,,,,,,,2025
702275,JR Ritchie,144,Atlanta Braves,,P,2026,0.0,0.0,0.0,0.0,0.0,0.0,0.0,0.0,0.0,0.0,0.0,0.0,0.0,0.0,0.0,.000,.000,.000,.000,.---,-.--,0.0,0.0,0.0,,,,,,,,,,,,,,,,,,,,,,,,,2025
696135,Kahlil Watson,114,Cleveland Guardians,,RF,2026,66.0,63.0,14.0,3.0,0.0,1.0,3.0,0.0,24.0,0.0,0.0,0.0,20.0,9.0,1.0,.222,.258,.317,.575,.342,63.00,246.0,10.0,15.0,,,,,,,,,,,,,,,,,,,,,,,,,2025
667463,John King,146,Miami Marlins,,P,2026,,,,,,,,,,,,,,,,,,,,,,,,,,,,,,,,,,,,,,,,,,,,,,,,,2025
675659,Greg Jones,158,Milwaukee Brewers,,LF,2026,24.0,23.0,2.0,0.0,0.0,0.0,0.0,0.0,10.0,0.0,0.0,1.0,2.0,1.0,0.0,.087,.087,.087,.174,.154,-.--,81.0,7.0,5.0,2.0,2.0,0.0,0.0,0.0,0.0,0.0,0.0,2.0,0.0,0.0,0.0,0.0,0.0,0.0,.000,.000,.000,.000,.---,-.--,9.0,0.0,0.0,2025
702284,Cole Young,136,Seattle Mariners,,2B,2026,369.0,334.0,85.0,13.0,1.0,10.0,24.0,0.0,67.0,7.0,3.0,1.0,130.0,42.0,3.0,.254,.315,.389,.704,.288,33.40,1418.0,82.0,104.0,257.0,223.0,47.0,7.0,1.0,4.0,28.0,1.0,47.0,2.0,2.0,2.0,68.0,24.0,4.0,.211,.302,.305,.607,.247,55.75,1034.0,52.0,81.0,2025
675660,Shane Drohan,158,Milwaukee Brewers,,P,2026,,,,,,,,,,,,,,,,,,,,,,,,,,,,,,,,,,,,,,,,,,,,,,,,,2025
573262,Mike Yastrzemski,144,Atlanta Braves,,RF,2026,254.0,224.0,51.0,10.0,1.0,5.0,25.0,0.0,59.0,4.0,1.0,0.0,78.0,24.0,2.0,.228,.315,.348,.663,.286,44.80,1059.0,51.0,64.0,558.0,477.0,111.0,28.0,1.0,17.0,72.0,4.0,108.0,2.0,5.0,2.0,192.0,46.0,7.0,.233,.333,.403,.736,.263,28.06,2305.0,95.0,170.0,2025
696147,Sam Bachman,108,Los Angeles Angels,,P,2026,,,,,,,,,,,,,,,,,,,,,,,,,,,,,,,,,,,,,,,,,,,,,,,,,2025
700241,Michael McGreevy,138,St. Louis Cardinals,,P,2026,,,,,,,,,,,,,,,,,,,,,,,,,,,,,,,,,,,,,,,,,,,,,,,,,2025
681807,David Fry,114,Cleveland Guardians,,RF,2026,148.0,127.0,26.0,4.0,0.0,6.0,21.0,1.0,45.0,0.0,0.0,0.0,48.0,13.0,4.0,.205,.318,.378,.696,.263,21.17,665.0,27.0,29.0,157.0,146.0,25.0,4.0,0.0,8.0,9.0,0.0,58.0,2.0,0.0,0.0,53.0,23.0,3.0,.171,.229,.363,.592,.213,18.25,623.0,26.0,37.0,2025
696149,Bubba Chandler,134,Pittsburgh Pirates,,P,2026,,,,,,,,,,,,,,,,,,,,,,,,,,,,,,,,,,,,,,,,,,,,,,,,,2025
702332,Caleb Durbin,111,Boston Red Sox,,3B,2026,300.0,271.0,61.0,18.0,1.0,8.0,20.0,0.0,42.0,5.0,2.0,2.0,105.0,37.0,6.0,.225,.289,.387,.676,.238,33.88,1103.0,94.0,78.0,506.0,445.0,114.0,25.0,0.0,11.0,30.0,0.0,50.0,24.0,4.0,3.0,172.0,53.0,10.0,.256,.334,.387,.721,.265,40.46,1838.0,134.0,154.0,2025
663423,Trent Thornton,112,Chicago Cubs,,P,2026,,,,,,,,,,,,,,,,,,,,,,,,,0.0,0.0,0.0,0.0,0.0,0.0,0.0,0.0,0.0,0.0,0.0,0.0,0.0,0.0,0.0,.000,.000,.000,.000,.---,-.--,0.0,0.0,0.0,2025
663436,Davis Martin,145,Chicago White Sox,,P,2026,,,,,,,,,,,,,,,,,,,,,,,,,,,,,,,,,,,,,,,,,,,,,,,,,2025
661388,William Contreras,158,Milwaukee Brewers,,C,2026,373.0,334.0,95.0,12.0,0.0,9.0,32.0,4.0,49.0,3.0,4.0,0.0,134.0,51.0,10.0,.284,.349,.401,.750,.307,37.11,1268.0,91.0,103.0,659.0,566.0,147.0,28.0,0.0,17.0,84.0,4.0,120.0,3.0,6.0,0.0,226.0,76.0,14.0,.260,.355,.399,.754,.299,33.29,2556.0,172.0,133.0,2025
681870,Erik Sabrowski,114,Cleveland Guardians,,P,2026,,,,,,,,,,,,,,,,,,,,,,,,,,,,,,,,,,,,,,,,,,,,,,,,,2025
679822,Justin Foscue,140,Texas Rangers,,2B,2026,109.0,97.0,27.0,6.0,0.0,6.0,9.0,0.0,26.0,2.0,1.0,0.0,51.0,17.0,2.0,.278,.349,.526,.875,.318,16.17,421.0,18.0,27.0,9.0,9.0,1.0,1.0,0.0,0.0,0.0,0.0,3.0,0.0,0.0,0.0,2.0,2.0,0.0,.111,.111,.222,.333,.167,-.--,42.0,1.0,4.0,2025
665487,Fernando Tatis Jr.,135,San Diego Padres,,RF,2026,398.0,356.0,101.0,19.0,1.0,5.0,32.0,1.0,81.0,4.0,5.0,1.0,137.0,35.0,8.0,.284,.345,.385,.730,.349,71.20,1428.0,99.0,81.0,691.0,594.0,159.0,27.0,2.0,25.0,89.0,7.0,129.0,6.0,2.0,0.0,265.0,71.0,6.0,.268,.368,.446,.814,.303,23.76,2636.0,160.0,148.0,2025
661395,Jhoan Duran,143,Philadelphia Phillies,,P,2026,0.0,0.0,0.0,0.0,0.0,0.0,0.0,0.0,0.0,0.0,0.0,0.0,0.0,0.0,0.0,.000,.000,.000,.000,.---,-.--,0.0,0.0,0.0,0.0,0.0,0.0,0.0,0.0,0.0,0.0,0.0,0.0,0.0,0.0,0.0,0.0,0.0,0.0,.000,.000,.000,.000,.---,-.--,0.0,0.0,0.0,2025
620443,Luis Torrens,121,New York Mets,,C,2026,171.0,156.0,34.0,10.0,0.0,2.0,9.0,0.0,35.0,4.0,0.0,2.0,50.0,18.0,1.0,.218,.278,.321,.599,.269,78.00,671.0,55.0,34.0,283.0,261.0,59.0,14.0,1.0,5.0,19.0,0.0,56.0,2.0,0.0,1.0,90.0,29.0,7.0,.226,.284,.345,.629,.270,52.20,1069.0,89.0,58.0,2025
622491,Luis Castillo,136,Seattle Mariners,,P,2026,,,,,,,,,,,,,,,,,,,,,,,,,,,,,,,,,,,,,,,,,,,,,,,,,2025
663457,Lars Nootbaar,138,St. Louis Cardinals,,LF,2026,109.0,95.0,25.0,6.0,1.0,2.0,13.0,1.0,24.0,0.0,1.0,0.0,39.0,8.0,3.0,.263,.349,.411,.760,.329,47.50,419.0,28.0,19.0,583.0,509.0,119.0,24.0,1.0,13.0,64.0,3.0,119.0,6.0,3.0,1.0,184.0,48.0,4.0,.234,.325,.361,.686,.279,39.15,2359.0,109.0,166.0,2025
681892,Kody Funderburk,142,Minnesota Twins,,P,2026,,,,,,,,,,,,,,,,,,,,,,,,,0.0,0.0,0.0,0.0,0.0,0.0,0.0,0.0,0.0,0.0,0.0,0.0,0.0,0.0,0.0,.000,.000,.000,.000,.---,-.--,0.0,0.0,0.0,2025
677800,Wilyer Abreu,111,Boston Red Sox,,RF,2026,383.0,338.0,88.0,19.0,3.0,10.0,37.0,1.0,80.0,1.0,5.0,1.0,143.0,41.0,7.0,.260,.331,.423,.754,.308,33.80,1516.0,62.0,114.0,417.0,373.0,92.0,17.0,0.0,22.0,40.0,5.0,101.0,0.0,3.0,1.0,175.0,69.0,8.0,.247,.317,.469,.786,.277,16.96,1600.0,63.0,121.0,2025
679845,Nick Loftin,118,Kansas City Royals,,3B,2026,195.0,165.0,41.0,15.0,1.0,4.0,21.0,0.0,25.0,5.0,3.0,1.0,70.0,29.0,3.0,.248,.345,.424,.769,.266,41.25,722.0,46.0,57.0,188.0,168.0,35.0,9.0,2.0,4.0,14.0,0.0,27.0,3.0,2.0,1.0,60.0,20.0,7.0,.208,.278,.357,.635,.223,42.00,676.0,48.0,61.0,2025
694192,Jackson Chourio,158,Milwaukee Brewers,,LF,2026,267.0,245.0,69.0,15.0,0.0,13.0,20.0,1.0,65.0,1.0,1.0,0.0,123.0,36.0,2.0,.282,.337,.502,.839,.333,18.85,1035.0,52.0,60.0,589.0,549.0,148.0,35.0,4.0,21.0,30.0,1.0,121.0,3.0,6.0,1.0,254.0,78.0,13.0,.270,.308,.463,.771,.308,26.14,2108.0,129.0,158.0,2025
683953,Travis Bazzana,114,Cleveland Guardians,,2B,2026,263.0,228.0,56.0,13.0,1.0,7.0,31.0,1.0,56.0,2.0,2.0,0.0,92.0,27.0,0.0,.246,.338,.404,.742,.293,32.57,1057.0,55.0,63.0,,,,,,,,,,,,,,,,,,,,,,,,,2025
681909,Justin Dean,112,Chicago Cubs,,CF,2026,6.0,5.0,2.0,0.0,1.0,0.0,1.0,0.0,2.0,0.0,0.0,0.0,4.0,3.0,0.0,.400,.500,.800,1.300,.667,-.--,22.0,1.0,0.0,2.0,2.0,0.0,0.0,0.0,0.0,0.0,0.0,1.0,0.0,0.0,0.0,0.0,0.0,0.0,.000,.000,.000,.000,.000,-.--,11.0,1.0,0.0,2025
694203,Denzer Guzman,108,Los Angeles Angels,,3B,2026,103.0,96.0,25.0,4.0,0.0,3.0,7.0,0.0,23.0,0.0,0.0,0.0,38.0,13.0,1.0,.260,.311,.396,.707,.314,32.00,370.0,21.0,27.0,43.0,42.0,8.0,1.0,0.0,2.0,1.0,0.0,22.0,0.0,0.0,0.0,15.0,3.0,0.0,.190,.209,.357,.566,.333,21.00,176.0,4.0,8.0,2025
694212,Samuel Basallo,110,Baltimore Orioles,,C,2026,285.0,258.0,65.0,9.0,1.0,14.0,25.0,2.0,74.0,0.0,2.0,0.0,118.0,42.0,5.0,.252,.316,.457,.773,.297,18.43,1042.0,64.0,57.0,118.0,109.0,18.0,6.0,0.0,4.0,6.0,0.0,30.0,3.0,0.0,0.0,36.0,15.0,4.0,.165,.229,.330,.559,.187,27.25,443.0,36.0,25.0,2025
663494,Bryan Torres,138,St. Louis Cardinals,,LF,2026,63.0,57.0,12.0,0.0,1.0,4.0,5.0,0.0,13.0,0.0,0.0,1.0,26.0,8.0,0.0,.211,.274,.456,.730,.200,14.25,241.0,16.0,17.0,,,,,,,,,,,,,,,,,,,,,,,,,2025
624585,Jorge Soler,108,Los Angeles Angels,,DH,2026,292.0,255.0,55.0,11.0,1.0,11.0,29.0,0.0,91.0,4.0,4.0,0.0,101.0,39.0,7.0,.216,.301,.396,.697,.280,23.18,1173.0,53.0,60.0,315.0,279.0,60.0,12.0,0.0,12.0,28.0,0.0,94.0,4.0,3.0,0.0,108.0,34.0,5.0,.215,.293,.387,.680,.273,23.25,1290.0,61.0,67.0,2025
679883,Luinder Avila,118,Kansas City Royals,,P,2026,,,,,,,,,,,,,,,,,,,,,,,,,0.0,0.0,0.0,0.0,0.0,0.0,0.0,0.0,0.0,0.0,0.0,0.0,0.0,0.0,0.0,.000,.000,.000,.000,.---,-.--,0.0,0.0,0.0,2025
696270,Ryan Johnson,108,Los Angeles Angels,,P,2026,,,,,,,,,,,,,,,,,,,,,,,,,,,,,,,,,,,,,,,,,,,,,,,,,2025
593871,Jorge Polanco,121,New York Mets,,DH,2026,70.0,64.0,12.0,4.0,0.0,1.0,6.0,0.0,12.0,0.0,0.0,0.0,19.0,3.0,0.0,.188,.257,.297,.554,.216,64.00,259.0,17.0,23.0,524.0,471.0,125.0,30.0,0.0,26.0,42.0,1.0,82.0,3.0,5.0,3.0,233.0,78.0,7.0,.265,.326,.495,.821,.269,18.12,2023.0,114.0,158.0,2025
655316,Andruw Monasterio,111,Boston Red Sox,,SS,2026,157.0,148.0,33.0,11.0,0.0,4.0,9.0,0.0,37.0,0.0,0.0,0.0,56.0,13.0,2.0,.223,.268,.378,.646,.271,37.00,687.0,30.0,48.0,135.0,126.0,34.0,9.0,0.0,4.0,7.0,0.0,32.0,2.0,0.0,0.0,55.0,16.0,1.0,.270,.319,.437,.756,.333,31.50,558.0,19.0,41.0,2025
665561,Rafael Marchán,143,Philadelphia Phillies,,C,2026,85.0,81.0,9.0,0.0,0.0,2.0,2.0,0.0,14.0,2.0,0.0,0.0,15.0,6.0,2.0,.111,.153,.185,.338,.108,40.50,333.0,18.0,40.0,118.0,105.0,22.0,4.0,0.0,2.0,10.0,0.0,17.0,1.0,1.0,1.0,32.0,13.0,1.0,.210,.282,.305,.587,.230,52.50,459.0,41.0,27.0,2025
622554,Seranthony Domínguez,145,Chicago White Sox,,P,2026,,,,,,,,,,,,,,,,,,,,,,,,,0.0,0.0,0.0,0.0,0.0,0.0,0.0,0.0,0.0,0.0,0.0,0.0,0.0,0.0,0.0,.000,.000,.000,.000,.---,-.--,0.0,0.0,0.0,2025
489446,Kirby Yates,108,Los Angeles Angels,,P,2026,,,,,,,,,,,,,,,,,,,,,,,,,,,,,,,,,,,,,,,,,,,,,,,,,2025
684007,Shota Imanaga,112,Chicago Cubs,,P,2026,,,,,,,,,,,,,,,,,,,,,,,,,,,,,,,,,,,,,,,,,,,,,,,,,2025
677865,Justin Bruihl,138,St. Louis Cardinals,,P,2026,,,,,,,,,,,,,,,,,,,,,,,,,,,,,,,,,,,,,,,,,,,,,,,,,2025
815083,Mitch Farris,108,Los Angeles Angels,,P,2026,,,,,,,,,,,,,,,,,,,,,,,,,,,,,,,,,,,,,,,,,,,,,,,,,2025
677870,Leo Jiménez,146,Miami Marlins,,3B,2026,114.0,99.0,20.0,4.0,0.0,1.0,9.0,0.0,25.0,5.0,1.0,0.0,27.0,6.0,4.0,.202,.298,.273,.571,.257,99.00,476.0,33.0,22.0,32.0,29.0,2.0,0.0,0.0,1.0,2.0,0.0,8.0,0.0,0.0,1.0,5.0,1.0,1.0,.069,.129,.172,.301,.050,29.00,143.0,10.0,10.0,2025
671732,Lawrence Butler,133,Athletics,,RF,2026,259.0,229.0,46.0,9.0,0.0,5.0,30.0,1.0,69.0,0.0,0.0,0.0,70.0,22.0,3.0,.201,.293,.306,.599,.265,45.80,1067.0,71.0,43.0,630.0,569.0,133.0,30.0,2.0,21.0,59.0,0.0,179.0,0.0,0.0,2.0,230.0,63.0,7.0,.234,.306,.404,.710,.304,27.10,2517.0,137.0,122.0,2025
669684,Chris Murphy,145,Chicago White Sox,,P,2026,,,,,,,,,,,,,,,,,,,,,,,,,,,,,,,,,,,,,,,,,,,,,,,,,2025
663538,Nico Hoerner,112,Chicago Cubs,,2B,2026,405.0,359.0,86.0,22.0,0.0,4.0,36.0,0.0,32.0,5.0,5.0,0.0,120.0,38.0,7.0,.240,.314,.334,.648,.250,89.75,1468.0,107.0,139.0,649.0,599.0,178.0,29.0,4.0,7.0,39.0,1.0,49.0,7.0,4.0,0.0,236.0,61.0,4.0,.297,.345,.394,.739,.313,85.57,2305.0,179.0,197.0,2025
663542,Bryan Hudson,145,Chicago White Sox,,P,2026,,,,,,,,,,,,,,,,,,,,,,,,,,,,,,,,,,,,,,,,,,,,,,,,,2025
681982,Grant Anderson,158,Milwaukee Brewers,,P,2026,,,,,,,,,,,,,,,,,,,,,,,,,,,,,,,,,,,,,,,,,,,,,,,,,2025
671737,Taj Bradley,142,Minnesota Twins,,P,2026,,,,,,,,,,,,,,,,,,,,,,,,,,,,,,,,,,,,,,,,,,,,,,,,,2025
671739,Michael Harris II,144,Atlanta Braves,,CF,2026,334.0,316.0,97.0,16.0,0.0,16.0,15.0,0.0,69.0,1.0,2.0,0.0,161.0,53.0,2.0,.307,.338,.509,.847,.348,19.75,1218.0,78.0,74.0,641.0,611.0,152.0,26.0,6.0,20.0,16.0,1.0,128.0,3.0,7.0,4.0,250.0,86.0,7.0,.249,.268,.409,.677,.281,30.55,2177.0,193.0,149.0,2025
