batter_id,batter_name,team_id,team_name,batSide,primaryPosition,season,plateAppearances,atBats,hits,doubles,triples,homeRuns,baseOnBalls,intentionalWalks,strikeOuts,hitByPitch,sacFlies,sacBunts,totalBases,rbi,groundIntoDoublePlay,avg,obp,slg,ops,babip,atBatsPerHomeRun,numberOfPitches,groundOuts,airOuts,plateAppearances_prev,atBats_prev,hits_prev,doubles_prev,triples_prev,homeRuns_prev,baseOnBalls_prev,intentionalWalks_prev,strikeOuts_prev,hitByPitch_prev,sacFlies_prev,sacBunts_prev,totalBases_prev,rbi_prev,groundIntoDoublePlay_prev,avg_prev,obp_prev,slg_prev,ops_prev,babip_prev,atBatsPerHomeRun_prev,numberOfPitches_prev,groundOuts_prev,airOuts_prev,season_prev
663556,Shane McClanahan,139,Tampa Bay Rays,,P,2026,,,,,,,,,,,,,,,,,,,,,,,,,,,,,,,,,,,,,,,,,,,,,,,,,2025
808963,Roki Sasaki,119,Los Angeles Dodgers,,P,2026,,,,,,,,,,,,,,,,,,,,,,,,,,,,,,,,,,,,,,,,,,,,,,,,,2025
663558,Jovani Morán,111,Boston Red Sox,,P,2026,,,,,,,,,,,,,,,,,,,,,,,,,,,,,,,,,,,,,,,,,,,,,,,,,2025
663554,Casey Mize,135,San Diego Padres,,P,2026,,,,,,,,,,,,,,,,,,,,,,,,,,,,,,,,,,,,,,,,,,,,,,,,,2025
808967,Yoshinobu Yamamoto,119,Los Angeles Dodgers,,P,2026,,,,,,,,,,,,,,,,,,,,,,,,,,,,,,,,,,,,,,,,,,,,,,,,,2025
675848,Juan Mejia,115,Colorado Rockies,,P,2026,,,,,,,,,,,,,,,,,,,,,,,,,0.0,0.0,0.0,0.0,0.0,0.0,0.0,0.0,0.0,0.0,0.0,0.0,0.0,0.0,0.0,.000,.000,.000,.000,.---,-.--,0.0,0.0,0.0,2025
595978,Austin Hedges,114,Cleveland Guardians,,C,2026,191.0,166.0,44.0,7.0,0.0,4.0,18.0,0.0,32.0,1.0,2.0,4.0,63.0,19.0,3.0,.265,.337,.380,.717,.303,41.50,718.0,53.0,43.0,180.0,155.0,25.0,3.0,0.0,5.0,18.0,0.0,43.0,1.0,2.0,4.0,43.0,10.0,2.0,.161,.250,.277,.527,.183,31.00,696.0,35.0,58.0,2025
669707,Jared Triolo,134,Pittsburgh Pirates,,SS,2026,295.0,263.0,62.0,12.0,0.0,2.0,24.0,0.0,60.0,5.0,0.0,1.0,80.0,24.0,8.0,.236,.312,.304,.616,.299,131.50,1095.0,83.0,59.0,376.0,331.0,75.0,18.0,2.0,7.0,39.0,1.0,76.0,2.0,1.0,3.0,118.0,24.0,4.0,.227,.311,.356,.667,.273,47.29,1454.0,81.0,103.0,2025
622608,Antonio Senzatela,158,Milwaukee Brewers,,P,2026,0.0,0.0,0.0,0.0,0.0,0.0,0.0,0.0,0.0,0.0,0.0,0.0,0.0,0.0,0.0,.000,.000,.000,.000,.---,-.--,0.0,0.0,0.0,,,,,,,,,,,,,,,,,,,,,,,,,2025
669713,Hayden Wesneski,117,Houston Astros,,P,2026,,,,,,,,,,,,,,,,,,,,,,,,,,,,,,,,,,,,,,,,,,,,,,,,,2025
663567,Peter Lambert,117,Houston Astros,,P,2026,,,,,,,,,,,,,,,,,,,,,,,,,,,,,,,,,,,,,,,,,,,,,,,,,2025
669711,Greg Weissert,111,Boston Red Sox,,P,2026,,,,,,,,,,,,,,,,,,,,,,,,,,,,,,,,,,,,,,,,,,,,,,,,,2025
665622,Luis Medina,133,Athletics,,P,2026,,,,,,,,,,,,,,,,,,,,,,,,,,,,,,,,,,,,,,,,,,,,,,,,,2025
808982,Jung Hoo Lee,137,San Francisco Giants,,RF,2026,476.0,446.0,130.0,27.0,4.0,9.0,20.0,0.0,48.0,6.0,4.0,0.0,192.0,46.0,6.0,.291,.328,.430,.758,.308,49.56,1746.0,141.0,131.0,617.0,560.0,149.0,31.0,12.0,8.0,47.0,0.0,71.0,6.0,4.0,0.0,228.0,55.0,2.0,.266,.327,.407,.734,.291,70.00,2351.0,182.0,162.0,2025
694297,Brandon Pfaadt,109,Arizona Diamondbacks,,P,2026,,,,,,,,,,,,,,,,,,,,,,,,,,,,,,,,,,,,,,,,,,,,,,,,,2025
663574,Tony Santillan,113,Cincinnati Reds,,P,2026,,,,,,,,,,,,,,,,,,,,,,,,,,,,,,,,,,,,,,,,,,,,,,,,,2025
661531,Brian Serven,133,Athletics,,C,2026,40.0,39.0,8.0,0.0,0.0,3.0,1.0,0.0,9.0,0.0,0.0,0.0,17.0,8.0,1.0,.205,.225,.436,.661,.185,13.00,156.0,12.0,10.0,,,,,,,,,,,,,,,,,,,,,,,,,2025
669720,Austin Hays,135,San Diego Padres,,LF,2026,64.0,63.0,15.0,1.0,0.0,2.0,1.0,1.0,18.0,0.0,0.0,0.0,22.0,10.0,3.0,.238,.250,.349,.599,.302,31.50,245.0,21.0,9.0,416.0,380.0,101.0,16.0,5.0,15.0,29.0,2.0,107.0,1.0,6.0,0.0,172.0,64.0,9.0,.266,.315,.453,.768,.326,25.33,1559.0,86.0,92.0,2025
596001,Jakob Junis,140,Texas Rangers,,P,2026,,,,,,,,,,,,,,,,,,,,,,,,,,,,,,,,,,,,,,,,,,,,,,,,,2025
663586,Austin Riley,144,Atlanta Braves,,3B,2026,512.0,461.0,102.0,20.0,1.0,15.0,38.0,0.0,163.0,10.0,3.0,0.0,169.0,60.0,9.0,.221,.293,.367,.660,.304,30.73,2062.0,79.0,120.0,447.0,416.0,108.0,20.0,1.0,16.0,27.0,1.0,128.0,3.0,1.0,0.0,178.0,54.0,9.0,.260,.309,.428,.737,.337,26.00,1791.0,69.0,112.0,2025
593958,Eduardo Rodriguez,109,Arizona Diamondbacks,,P,2026,,,,,,,,,,,,,,,,,,,,,,,,,,,,,,,,,,,,,,,,,,,,,,,,,2025
593974,Wandy Peralta,135,San Diego Padres,,P,2026,0.0,0.0,0.0,0.0,0.0,0.0,0.0,0.0,0.0,0.0,0.0,0.0,0.0,0.0,0.0,.000,.000,.000,.000,.---,-.--,0.0,0.0,0.0,,,,,,,,,,,,,,,,,,,,,,,,,2025
669743,Alex Call,119,Los Angeles Dodgers,,LF,2026,155.0,131.0,33.0,7.0,0.0,1.0,18.0,0.0,27.0,4.0,2.0,0.0,43.0,17.0,2.0,.252,.355,.328,.683,.305,131.00,680.0,35.0,38.0,322.0,270.0,72.0,13.0,2.0,5.0,36.0,0.0,55.0,6.0,4.0,6.0,104.0,31.0,6.0,.267,.361,.385,.746,.313,54.00,1314.0,80.0,73.0,2025
596019,Francisco Lindor,121,New York Mets,,SS,2026,313.0,276.0,65.0,7.0,4.0,12.0,34.0,0.0,59.0,3.0,0.0,0.0,116.0,32.0,3.0,.236,.326,.420,.746,.259,23.00,1355.0,63.0,89.0,732.0,644.0,172.0,35.0,0.0,31.0,65.0,2.0,131.0,16.0,7.0,0.0,300.0,86.0,9.0,.267,.346,.466,.812,.288,20.77,2940.0,149.0,199.0,2025
677943,Will Banfield,113,Cincinnati Reds,,C,2026,1.0,1.0,0.0,0.0,0.0,0.0,0.0,0.0,1.0,0.0,0.0,0.0,0.0,0.0,0.0,.000,.000,.000,.000,.---,-.--,4.0,0.0,0.0,10.0,10.0,1.0,0.0,0.0,0.0,0.0,0.0,6.0,0.0,0.0,0.0,1.0,0.0,1.0,.100,.100,.100,.200,.250,-.--,44.0,2.0,1.0,2025
571448,Nolan Arenado,109,Arizona Diamondbacks,,3B,2026,468.0,416.0,101.0,20.0,1.0,20.0,42.0,2.0,97.0,7.0,3.0,0.0,183.0,64.0,10.0,.243,.321,.440,.761,.268,20.80,1894.0,95.0,126.0,436.0,401.0,95.0,18.0,1.0,12.0,28.0,4.0,49.0,3.0,4.0,0.0,151.0,52.0,10.0,.237,.289,.377,.666,.241,33.42,1586.0,101.0,160.0,2025
665660,Elvis Alvarado,133,Athletics,,P,2026,,,,,,,,,,,,,,,,,,,,,,,,,0.0,0.0,0.0,0.0,0.0,0.0,0.0,0.0,0.0,0.0,0.0,0.0,0.0,0.0,0.0,.000,.000,.000,.000,.---,-.--,0.0,0.0,0.0,2025
677951,Bobby Witt Jr.,118,Kansas City Royals,,SS,2026,490.0,434.0,125.0,26.0,1.0,16.0,51.0,6.0,85.0,2.0,3.0,0.0,201.0,48.0,6.0,.288,.363,.463,.826,.324,27.12,1812.0,83.0,144.0,687.0,623.0,184.0,47.0,6.0,23.0,49.0,8.0,125.0,8.0,7.0,0.0,312.0,88.0,7.0,.295,.351,.501,.852,.334,27.09,2511.0,124.0,197.0,2025
677952,Braxton Ashcraft,134,Pittsburgh Pirates,,P,2026,,,,,,,,,,,,,,,,,,,,,,,,,,,,,,,,,,,,,,,,,,,,,,,,,2025
665665,Reiver Sanmartin,137,San Francisco Giants,,P,2026,,,,,,,,,,,,,,,,,,,,,,,,,,,,,,,,,,,,,,,,,,,,,,,,,2025
663616,Trevor Larnach,142,Minnesota Twins,,LF,2026,380.0,335.0,89.0,19.0,1.0,10.0,41.0,1.0,69.0,3.0,0.0,1.0,140.0,42.0,8.0,.266,.351,.418,.769,.309,33.50,1497.0,76.0,102.0,567.0,503.0,126.0,24.0,1.0,17.0,53.0,2.0,122.0,4.0,6.0,0.0,203.0,60.0,19.0,.250,.323,.404,.727,.295,29.59,2191.0,124.0,137.0,2025
677955,Jaden Hill,115,Colorado Rockies,,P,2026,,,,,,,,,,,,,,,,,,,,,,,,,,,,,,,,,,,,,,,,,,,,,,,,,2025
682052,Jacob Lopez,133,Athletics,,P,2026,,,,,,,,,,,,,,,,,,,,,,,,,,,,,,,,,,,,,,,,,,,,,,,,,2025
677958,Kumar Rocker,140,Texas Rangers,,P,2026,,,,,,,,,,,,,,,,,,,,,,,,,,,,,,,,,,,,,,,,,,,,,,,,,2025
663623,Jake Irvin,120,Washington Nationals,,P,2026,,,,,,,,,,,,,,,,,,,,,,,,,,,,,,,,,,,,,,,,,,,,,,,,,2025
677960,Ryan Weathers,147,New York Yankees,,P,2026,,,,,,,,,,,,,,,,,,,,,,,,,,,,,,,,,,,,,,,,,,,,,,,,,2025
677976,Randy Dobnak,118,Kansas City Royals,,P,2026,,,,,,,,,,,,,,,,,,,,,,,,,,,,,,,,,,,,,,,,,,,,,,,,,2025
663656,Kyle Tucker,119,Los Angeles Dodgers,,RF,2026,498.0,431.0,99.0,19.0,3.0,11.0,60.0,1.0,92.0,3.0,4.0,0.0,157.0,55.0,3.0,.230,.325,.364,.689,.265,39.18,1980.0,105.0,139.0,597.0,500.0,133.0,25.0,4.0,22.0,87.0,7.0,88.0,4.0,3.0,1.0,232.0,73.0,8.0,.266,.377,.464,.841,.282,22.73,2306.0,114.0,169.0,2025
663647,Ke'Bryan Hayes,113,Cincinnati Reds,,3B,2026,199.0,187.0,29.0,2.0,1.0,5.0,10.0,0.0,39.0,2.0,0.0,0.0,48.0,8.0,5.0,.155,.206,.257,.463,.168,37.40,700.0,48.0,71.0,570.0,527.0,124.0,16.0,3.0,5.0,36.0,1.0,111.0,5.0,1.0,1.0,161.0,49.0,12.0,.235,.290,.306,.596,.289,105.40,2154.0,154.0,140.0,2025
694374,Tim Tawa,109,Arizona Diamondbacks,,1B,2026,230.0,204.0,49.0,10.0,0.0,7.0,17.0,0.0,53.0,0.0,3.0,6.0,80.0,30.0,6.0,.240,.295,.392,.687,.286,29.14,928.0,62.0,49.0,225.0,199.0,40.0,8.0,0.0,7.0,20.0,0.0,64.0,1.0,3.0,2.0,69.0,18.0,6.0,.201,.274,.347,.621,.252,28.43,876.0,54.0,46.0,2025
694377,Nick Yorke,134,Pittsburgh Pirates,,3B,2026,96.0,86.0,19.0,4.0,0.0,1.0,7.0,0.0,20.0,2.0,1.0,0.0,26.0,12.0,3.0,.221,.292,.302,.594,.273,86.00,360.0,29.0,19.0,72.0,69.0,16.0,3.0,0.0,1.0,3.0,0.0,15.0,0.0,0.0,0.0,22.0,8.0,1.0,.232,.264,.319,.583,.283,69.00,284.0,21.0,17.0,2025
667755,José Soriano,141,Toronto Blue Jays,,P,2026,,,,,,,,,,,,,,,,,,,,,,,,,,,,,,,,,,,,,,,,,,,,,,,,,2025
594027,Tyron Guerrero,111,Boston Red Sox,,P,2026,,,,,,,,,,,,,,,,,,,,,,,,,,,,,,,,,,,,,,,,,,,,,,,,,2025
694378,Jacob Gonzalez,134,Pittsburgh Pirates,,SS,2026,179.0,165.0,37.0,7.0,0.0,6.0,9.0,0.0,32.0,3.0,1.0,1.0,62.0,28.0,5.0,.224,.275,.376,.651,.242,27.50,697.0,46.0,52.0,,,,,,,,,,,,,,,,,,,,,,,,,2025
657514,Brennan Bernardino,115,Colorado Rockies,,P,2026,,,,,,,,,,,,,,,,,,,,,,,,,0.0,0.0,0.0,0.0,0.0,0.0,0.0,0.0,0.0,0.0,0.0,0.0,0.0,0.0,0.0,.000,.000,.000,.000,.---,-.--,0.0,0.0,0.0,2025
694384,Nolan Schanuel,108,Los Angeles Angels,,1B,2026,446.0,392.0,108.0,22.0,0.0,7.0,42.0,0.0,58.0,6.0,5.0,1.0,151.0,49.0,10.0,.276,.351,.385,.736,.304,56.00,1678.0,119.0,113.0,564.0,488.0,129.0,23.0,1.0,12.0,59.0,4.0,71.0,10.0,4.0,3.0,190.0,53.0,10.0,.264,.353,.389,.742,.286,40.67,2150.0,139.0,156.0,2025
663662,Daz Cameron,141,Toronto Blue Jays,,RF,2026,11.0,11.0,4.0,1.0,0.0,1.0,0.0,0.0,3.0,0.0,0.0,0.0,8.0,2.0,0.0,.364,.364,.727,1.091,.429,11.00,42.0,2.0,2.0,42.0,41.0,8.0,1.0,0.0,1.0,1.0,0.0,13.0,0.0,0.0,0.0,12.0,3.0,1.0,.195,.214,.293,.507,.259,41.00,159.0,6.0,14.0,2025
608369,Corey Seager,140,Texas Rangers,,SS,2026,291.0,253.0,56.0,10.0,0.0,13.0,34.0,3.0,73.0,2.0,2.0,0.0,105.0,31.0,9.0,.221,.316,.415,.731,.254,19.46,1086.0,62.0,64.0,445.0,380.0,103.0,19.0,0.0,21.0,58.0,10.0,87.0,5.0,2.0,0.0,185.0,50.0,13.0,.271,.373,.487,.860,.299,18.10,1668.0,100.0,92.0,2025
608372,Tomoyuki Sugano,115,Colorado Rockies,,P,2026,,,,,,,,,,,,,,,,,,,,,,,,,,,,,,,,,,,,,,,,,,,,,,,,,2025
675961,Alika Williams,133,Athletics,,SS,2026,153.0,142.0,37.0,12.0,0.0,2.0,6.0,0.0,37.0,2.0,1.0,2.0,55.0,10.0,3.0,.261,.298,.387,.685,.337,71.00,575.0,36.0,35.0,,,,,,,,,,,,,,,,,,,,,,,,,2025
678011,Anthony Seigler,111,Boston Red Sox,,2B,2026,158.0,139.0,35.0,12.0,0.0,3.0,14.0,0.0,26.0,1.0,2.0,2.0,56.0,12.0,3.0,.252,.321,.403,.724,.286,46.33,578.0,38.0,44.0,73.0,62.0,12.0,1.0,0.0,0.0,8.0,0.0,16.0,1.0,1.0,1.0,13.0,5.0,2.0,.194,.292,.210,.502,.255,-.--,276.0,19.0,17.0,2025
608379,Michael Wacha,118,Kansas City Royals,,P,2026,,,,,,,,,,,,,,,,,,,,,,,,,,,,,,,,,,,,,,,,,,,,,,,,,2025
678022,Jack Perkins,133,Athletics,,P,2026,0.0,0.0,0.0,0.0,0.0,0.0,0.0,0.0,0.0,0.0,0.0,0.0,0.0,0.0,0.0,.000,.000,.000,.000,.---,-.--,0.0,0.0,0.0,,,,,,,,,,,,,,,,,,,,,,,,,2025
645261,Sandy Alcantara,146,Miami Marlins,,P,2026,,,,,,,,,,,,,,,,,,,,,,,,,,,,,,,,,,,,,,,,,,,,,,,,,2025
663687,Hogan Harris,133,Athletics,,P,2026,,,,,,,,,,,,,,,,,,,,,,,,,,,,,,,,,,,,,,,,,,,,,,,,,2025
682120,Tim Herrin,114,Cleveland Guardians,,P,2026,,,,,,,,,,,,,,,,,,,,,,,,,0.0,0.0,0.0,0.0,0.0,0.0,0.0,0.0,0.0,0.0,0.0,0.0,0.0,0.0,0.0,.000,.000,.000,.000,.---,-.--,0.0,0.0,0.0,2025
643217,Andrew Benintendi,145,Chicago White Sox,,DH,2026,381.0,343.0,84.0,18.0,2.0,13.0,32.0,1.0,91.0,1.0,4.0,1.0,145.0,63.0,6.0,.245,.308,.423,.731,.292,26.38,1420.0,76.0,97.0,470.0,420.0,101.0,16.0,2.0,20.0,40.0,2.0,82.0,3.0,6.0,0.0,181.0,63.0,5.0,.240,.307,.431,.738,.250,21.00,1721.0,88.0,155.0,2025
645277,Ozzie Albies,144,Atlanta Braves,,2B,2026,550.0,493.0,123.0,23.0,0.0,20.0,39.0,1.0,77.0,6.0,12.0,0.0,206.0,65.0,4.0,.249,.305,.418,.723,.252,24.65,1995.0,113.0,192.0,667.0,603.0,145.0,23.0,2.0,16.0,55.0,2.0,94.0,4.0,5.0,0.0,220.0,74.0,9.0,.240,.306,.365,.671,.259,37.69,2402.0,146.0,223.0,2025
702616,Jackson Holliday,110,Baltimore Orioles,,2B,2026,267.0,228.0,53.0,10.0,1.0,6.0,34.0,2.0,63.0,0.0,4.0,1.0,83.0,26.0,5.0,.232,.327,.364,.691,.288,38.00,1037.0,55.0,62.0,649.0,586.0,142.0,21.0,3.0,17.0,56.0,1.0,140.0,6.0,1.0,0.0,220.0,55.0,4.0,.242,.314,.375,.689,.291,34.47,2450.0,167.0,138.0,2025
665750,Leody Taveras,110,Baltimore Orioles,,CF,2026,394.0,347.0,80.0,13.0,6.0,7.0,36.0,0.0,96.0,1.0,1.0,9.0,126.0,44.0,7.0,.231,.304,.363,.667,.298,49.57,1565.0,80.0,101.0,180.0,171.0,35.0,6.0,1.0,3.0,5.0,0.0,50.0,0.0,1.0,3.0,52.0,17.0,0.0,.205,.226,.304,.530,.269,57.00,693.0,33.0,57.0,2025
596133,Luke Weaver,134,Pittsburgh Pirates,,P,2026,0.0,0.0,0.0,0.0,0.0,0.0,0.0,0.0,0.0,0.0,0.0,0.0,0.0,0.0,0.0,.000,.000,.000,.000,.---,-.--,0.0,0.0,0.0,,,,,,,,,,,,,,,,,,,,,,,,,2025
647336,Michael Soroka,109,Arizona Diamondbacks,,P,2026,,,,,,,,,,,,,,,,,,,,,,,,,,,,,,,,,,,,,,,,,,,,,,,,,2025
688297,Chris Roycroft,139,Tampa Bay Rays,,P,2026,,,,,,,,,,,,,,,,,,,,,,,,,,,,,,,,,,,,,,,,,,,,,,,,,2025
622761,Jorge Mateo,139,Tampa Bay Rays,,SS,2026,150.0,142.0,33.0,6.0,0.0,5.0,8.0,0.0,44.0,0.0,0.0,0.0,54.0,14.0,2.0,.232,.273,.380,.653,.301,28.40,587.0,28.0,37.0,83.0,79.0,14.0,4.0,0.0,1.0,4.0,0.0,30.0,0.0,0.0,0.0,21.0,3.0,1.0,.177,.217,.266,.483,.271,79.00,336.0,17.0,18.0,2025
678061,Ray Kerr,144,Atlanta Braves,,P,2026,,,,,,,,,,,,,,,,,,,,,,,,,,,,,,,,,,,,,,,,,,,,,,,,,2025
671922,Cade Smith,114,Cleveland Guardians,,P,2026,0.0,0.0,0.0,0.0,0.0,0.0,0.0,0.0,0.0,0.0,0.0,0.0,0.0,0.0,0.0,.000,.000,.000,.000,.---,-.--,0.0,0.0,0.0,,,,,,,,,,,,,,,,,,,,,,,,,2025
596146,Max Kepler,109,Arizona Diamondbacks,,LF,2026,124.0,111.0,24.0,7.0,0.0,2.0,11.0,1.0,28.0,0.0,2.0,0.0,37.0,15.0,3.0,.216,.282,.333,.615,.265,55.50,462.0,17.0,44.0,474.0,417.0,90.0,19.0,0.0,18.0,48.0,3.0,93.0,4.0,4.0,1.0,163.0,52.0,10.0,.216,.300,.391,.691,.232,23.17,1826.0,95.0,144.0,2025
596142,Gary Sánchez,158,Milwaukee Brewers,,C,2026,228.0,185.0,40.0,9.0,1.0,10.0,39.0,0.0,46.0,3.0,1.0,0.0,81.0,31.0,7.0,.216,.360,.438,.798,.231,18.50,970.0,46.0,54.0,101.0,91.0,21.0,2.0,0.0,5.0,4.0,0.0,27.0,5.0,1.0,0.0,38.0,24.0,2.0,.231,.297,.418,.715,.267,18.20,415.0,21.0,23.0,2025
645305,Ali Sánchez,147,New York Yankees,,C,2026,67.0,63.0,16.0,2.0,0.0,1.0,1.0,0.0,18.0,2.0,1.0,0.0,21.0,7.0,2.0,.254,.284,.333,.617,.333,63.00,241.0,15.0,15.0,23.0,23.0,5.0,2.0,0.0,0.0,0.0,0.0,6.0,0.0,0.0,0.0,7.0,0.0,1.0,.217,.217,.304,.521,.294,-.--,80.0,6.0,6.0,2025
663738,Daniel Lynch IV,118,Kansas City Royals,,P,2026,,,,,,,,,,,,,,,,,,,,,,,,,0.0,0.0,0.0,0.0,0.0,0.0,0.0,0.0,0.0,0.0,0.0,0.0,0.0,0.0,0.0,.000,.000,.000,.000,.---,-.--,0.0,0.0,0.0,2025
803011,Sam Antonacci,145,Chicago White Sox,,LF,2026,430.0,370.0,99.0,18.0,2.0,8.0,33.0,0.0,68.0,23.0,1.0,3.0,145.0,36.0,1.0,.268,.363,.392,.755,.308,46.25,1706.0,128.0,79.0,,,,,,,,,,,,,,,,,,,,,,,,,2025
663743,Nick Fortes,139,Tampa Bay Rays,,C,2026,277.0,256.0,68.0,14.0,0.0,4.0,9.0,0.0,34.0,8.0,1.0,3.0,94.0,29.0,6.0,.266,.310,.367,.677,.292,64.00,937.0,84.0,74.0,242.0,218.0,50.0,9.0,1.0,5.0,14.0,0.0,47.0,7.0,1.0,2.0,76.0,21.0,7.0,.229,.296,.349,.645,.269,43.60,915.0,59.0,65.0,2025
696522,Hayden Juenger,133,Athletics,,P,2026,,,,,,,,,,,,,,,,,,,,,,,,,,,,,,,,,,,,,,,,,,,,,,,,,2025
657612,Tim Hill,147,New York Yankees,,P,2026,,,,,,,,,,,,,,,,,,,,,,,,,,,,,,,,,,,,,,,,,,,,,,,,,2025
694477,Chad Patrick,158,Milwaukee Brewers,,P,2026,0.0,0.0,0.0,0.0,0.0,0.0,0.0,0.0,0.0,0.0,0.0,0.0,0.0,0.0,0.0,.000,.000,.000,.000,.---,-.--,0.0,0.0,0.0,,,,,,,,,,,,,,,,,,,,,,,,,2025
663757,Trent Grisham,147,New York Yankees,,CF,2026,433.0,376.0,84.0,19.0,2.0,17.0,53.0,0.0,76.0,0.0,3.0,0.0,158.0,54.0,6.0,.223,.317,.420,.737,.234,22.12,1748.0,94.0,125.0,581.0,494.0,116.0,9.0,1.0,34.0,82.0,0.0,137.0,4.0,1.0,0.0,229.0,74.0,7.0,.235,.348,.464,.812,.253,14.53,2393.0,107.0,135.0,2025
674003,Cody Bradford,140,Texas Rangers,,P,2026,,,,,,,,,,,,,,,,,,,,,,,,,,,,,,,,,,,,,,,,,,,,,,,,,2025
669911,Michael Toglia,113,Cincinnati Reds,,1B,2026,28.0,26.0,3.0,2.0,0.0,0.0,2.0,0.0,12.0,0.0,0.0,0.0,5.0,1.0,1.0,.115,.179,.192,.371,.214,-.--,105.0,4.0,7.0,337.0,306.0,58.0,15.0,1.0,11.0,28.0,2.0,132.0,1.0,2.0,0.0,108.0,32.0,7.0,.190,.258,.353,.611,.285,27.82,1354.0,53.0,65.0,2025
643289,Mauricio Dubón,144,Atlanta Braves,,LF,2026,492.0,455.0,121.0,23.0,2.0,10.0,29.0,0.0,62.0,2.0,2.0,1.0,178.0,61.0,6.0,.266,.311,.391,.702,.288,45.50,1804.0,125.0,150.0,398.0,369.0,89.0,21.0,0.0,7.0,24.0,0.0,42.0,1.0,1.0,3.0,131.0,33.0,12.0,.241,.289,.355,.644,.255,52.71,1346.0,110.0,132.0,2025
663776,Patrick Sandoval,111,Boston Red Sox,,P,2026,,,,,,,,,,,,,,,,,,,,,,,,,,,,,,,,,,,,,,,,,,,,,,,,,2025
694497,Evan Carter,140,Texas Rangers,,CF,2026,368.0,314.0,62.0,12.0,2.0,8.0,42.0,0.0,89.0,4.0,1.0,7.0,102.0,31.0,1.0,.197,.299,.325,.624,.248,39.25,1505.0,69.0,102.0,220.0,194.0,48.0,9.0,2.0,5.0,19.0,1.0,41.0,7.0,0.0,0.0,76.0,25.0,2.0,.247,.336,.392,.728,.291,38.80,822.0,49.0,56.0,2025
671976,Tristan Peters,145,Chicago White Sox,,CF,2026,379.0,340.0,91.0,25.0,3.0,7.0,28.0,0.0,69.0,5.0,2.0,4.0,143.0,43.0,0.0,.268,.331,.421,.752,.316,48.57,1368.0,86.0,100.0,12.0,12.0,0.0,0.0,0.0,0.0,0.0,0.0,7.0,0.0,0.0,0.0,0.0,0.0,0.0,.000,.000,.000,.000,.000,-.--,46.0,1.0,4.0,2025
665833,Oneil Cruz,134,Pittsburgh Pirates,,CF,2026,295.0,259.0,69.0,10.0,0.0,16.0,33.0,3.0,101.0,3.0,0.0,0.0,127.0,49.0,3.0,.266,.356,.490,.846,.373,16.19,1207.0,56.0,33.0,544.0,471.0,94.0,18.0,3.0,20.0,64.0,4.0,174.0,4.0,5.0,0.0,178.0,61.0,6.0,.200,.298,.378,.676,.262,23.55,2235.0,111.0,97.0,2025
676083,Janson Junk,146,Miami Marlins,,P,2026,,,,,,,,,,,,,,,,,,,,,,,,,,,,,,,,,,,,,,,,,,,,,,,,,2025
700652,Kenny Piper,139,Tampa Bay Rays,,C,2026,8.0,7.0,2.0,0.0,0.0,1.0,1.0,0.0,2.0,0.0,0.0,0.0,5.0,2.0,0.0,.286,.375,.714,1.089,.250,7.00,35.0,0.0,3.0,,,,,,,,,,,,,,,,,,,,,,,,,2025
823550,Sung-Mun Song,135,San Diego Padres,,2B,2026,134.0,114.0,23.0,4.0,0.0,1.0,17.0,0.0,25.0,0.0,0.0,3.0,30.0,15.0,3.0,.202,.305,.263,.568,.250,114.00,553.0,28.0,41.0,,,,,,,,,,,,,,,,,,,,,,,,,2025
805123,AJ Blubaugh,117,Houston Astros,,P,2026,,,,,,,,,,,,,,,,,,,,,,,,,,,,,,,,,,,,,,,,,,,,,,,,,2025
690440,Bradley Hanner,147,New York Yankees,,P,2026,,,,,,,,,,,,,,,,,,,,,,,,,,,,,,,,,,,,,,,,,,,,,,,,,2025
665862,Jazz Chisholm Jr.,147,New York Yankees,,2B,2026,466.0,415.0,89.0,14.0,3.0,17.0,47.0,3.0,143.0,1.0,3.0,0.0,160.0,49.0,5.0,.214,.294,.386,.680,.279,24.41,1904.0,85.0,101.0,531.0,462.0,112.0,15.0,1.0,31.0,58.0,1.0,148.0,6.0,4.0,1.0,222.0,80.0,3.0,.242,.332,.481,.813,.282,14.90,2138.0,90.0,117.0,2025
682254,Mason Montgomery,134,Pittsburgh Pirates,,P,2026,,,,,,,,,,,,,,,,,,,,,,,,,,,,,,,,,,,,,,,,,,,,,,,,,2025
641302,Tyler Alexander,140,Texas Rangers,,P,2026,,,,,,,,,,,,,,,,,,,,,,,,,1.0,1.0,0.0,0.0,0.0,0.0,0.0,0.0,0.0,0.0,0.0,0.0,0.0,0.0,0.0,.000,.000,.000,.000,.000,-.--,3.0,1.0,0.0,2025
702752,Jonathan Pintaro,121,New York Mets,,P,2026,,,,,,,,,,,,,,,,,,,,,,,,,,,,,,,,,,,,,,,,,,,,,,,,,2025
592155,Cam Booser,139,Tampa Bay Rays,,P,2026,,,,,,,,,,,,,,,,,,,,,,,,,,,,,,,,,,,,,,,,,,,,,,,,,2025
663855,Jordan Hicks,145,Chicago White Sox,,P,2026,,,,,,,,,,,,,,,,,,,,,,,,,,,,,,,,,,,,,,,,,,,,,,,,,2025
700712,Walbert Ureña,108,Los Angeles Angels,,P,2026,,,,,,,,,,,,,,,,,,,,,,,,,,,,,,,,,,,,,,,,,,,,,,,,,2025
641329,Bryan Baker,139,Tampa Bay Rays,,P,2026,0.0,0.0,0.0,0.0,0.0,0.0,0.0,0.0,0.0,0.0,0.0,0.0,0.0,0.0,0.0,.000,.000,.000,.000,.---,-.--,0.0,0.0,0.0,0.0,0.0,0.0,0.0,0.0,0.0,0.0,0.0,0.0,0.0,0.0,0.0,0.0,0.0,0.0,.000,.000,.000,.000,.---,-.--,0.0,0.0,0.0,2025
643376,Danny Jansen,140,Texas Rangers,,C,2026,150.0,130.0,21.0,6.0,1.0,3.0,13.0,0.0,44.0,5.0,0.0,2.0,38.0,12.0,5.0,.162,.264,.292,.556,.217,43.33,603.0,28.0,39.0,337.0,288.0,62.0,11.0,0.0,14.0,42.0,0.0,86.0,4.0,2.0,1.0,115.0,36.0,5.0,.215,.321,.399,.720,.253,20.57,1353.0,45.0,98.0,2025
543037,Gerrit Cole,147,New York Yankees,,P,2026,,,,,,,,,,,,,,,,,,,,,,,,,,,,,,,,,,,,,,,,,,,,,,,,,2025
641343,Jake Bauers,158,Milwaukee Brewers,,1B,2026,465.0,392.0,107.0,19.0,2.0,22.0,68.0,4.0,119.0,3.0,2.0,0.0,196.0,72.0,4.0,.273,.383,.500,.883,.336,17.82,1905.0,85.0,83.0,218.0,183.0,43.0,9.0,0.0,7.0,32.0,1.0,59.0,2.0,1.0,0.0,73.0,28.0,1.0,.235,.353,.399,.752,.305,26.14,895.0,35.0,47.0,2025
665926,Andrés Giménez,141,Toronto Blue Jays,,SS,2026,421.0,388.0,93.0,19.0,1.0,8.0,14.0,2.0,81.0,12.0,5.0,2.0,138.0,49.0,7.0,.240,.284,.356,.640,.280,48.50,1572.0,113.0,108.0,369.0,329.0,69.0,11.0,1.0,7.0,25.0,0.0,66.0,11.0,3.0,1.0,103.0,35.0,8.0,.210,.285,.313,.598,.239,47.00,1452.0,97.0,101.0,2025
665923,Esteury Ruiz,146,Miami Marlins,,RF,2026,181.0,150.0,38.0,10.0,1.0,6.0,19.0,0.0,55.0,9.0,1.0,1.0,68.0,11.0,0.0,.253,.369,.453,.822,.356,25.00,705.0,17.0,42.0,23.0,21.0,4.0,0.0,0.0,1.0,2.0,0.0,8.0,0.0,0.0,0.0,7.0,2.0,0.0,.190,.261,.333,.594,.250,21.00,88.0,5.0,4.0,2025
663878,Nate Pearson,118,Kansas City Royals,,P,2026,0.0,0.0,0.0,0.0,0.0,0.0,0.0,0.0,0.0,0.0,0.0,0.0,0.0,0.0,0.0,.000,.000,.000,.000,.---,-.--,0.0,0.0,0.0,,,,,,,,,,,,,,,,,,,,,,,,,2025
678218,Brandon Valenzuela,141,Toronto Blue Jays,,C,2026,235.0,209.0,48.0,9.0,0.0,8.0,23.0,0.0,63.0,1.0,1.0,1.0,81.0,21.0,3.0,.230,.308,.388,.696,.288,26.12,960.0,46.0,54.0,,,,,,,,,,,,,,,,,,,,,,,,,2025
663886,Tyler Stephenson,113,Cincinnati Reds,,C,2026,356.0,314.0,75.0,16.0,0.0,12.0,38.0,1.0,95.0,2.0,2.0,0.0,127.0,40.0,5.0,.239,.323,.404,.727,.301,26.17,1444.0,56.0,90.0,342.0,299.0,69.0,18.0,0.0,13.0,37.0,1.0,116.0,2.0,4.0,0.0,126.0,50.0,4.0,.231,.316,.421,.737,.322,23.00,1389.0,57.0,61.0,2025
670032,Nicky Lopez,140,Texas Rangers,,2B,2026,221.0,199.0,52.0,3.0,1.0,1.0,9.0,0.0,38.0,3.0,2.0,8.0,60.0,22.0,5.0,.261,.300,.302,.602,.315,199.00,834.0,77.0,42.0,28.0,24.0,1.0,0.0,0.0,0.0,4.0,0.0,4.0,0.0,0.0,0.0,1.0,1.0,1.0,.042,.179,.042,.221,.050,-.--,106.0,13.0,6.0,2025
663893,Brendon Little,141,Toronto Blue Jays,,P,2026,,,,,,,,,,,,,,,,,,,,,,,,,,,,,,,,,,,,,,,,,,,,,,,,,2025
670036,Matt Festa,114,Cleveland Guardians,,P,2026,,,,,,,,,,,,,,,,,,,,,,,,,0.0,0.0,0.0,0.0,0.0,0.0,0.0,0.0,0.0,0.0,0.0,0.0,0.0,0.0,0.0,.000,.000,.000,.000,.---,-.--,0.0,0.0,0.0,2025
663903,Brady Singer,113,Cincinnati Reds,,P,2026,,,,,,,,,,,,,,,,,,,,,,,,,,,,,,,,,,,,,,,,,,,,,,,,,2025
657757,Gavin Sheets,135,San Diego Padres,,1B,2026,399.0,345.0,74.0,15.0,0.0,16.0,47.0,0.0,83.0,5.0,2.0,0.0,137.0,46.0,11.0,.214,.316,.397,.713,.234,21.56,1709.0,101.0,89.0,545.0,492.0,124.0,28.0,1.0,19.0,44.0,1.0,107.0,5.0,4.0,0.0,211.0,71.0,9.0,.252,.317,.429,.746,.284,25.90,2279.0,111.0,154.0,2025
665953,Andrés Chaparro,120,Washington Nationals,,1B,2026,144.0,123.0,30.0,10.0,0.0,8.0,17.0,0.0,33.0,4.0,0.0,0.0,64.0,32.0,4.0,.244,.354,.520,.874,.268,15.38,556.0,31.0,29.0,73.0,66.0,12.0,2.0,0.0,1.0,5.0,0.0,22.0,1.0,1.0,0.0,17.0,5.0,0.0,.182,.247,.258,.505,.250,66.00,282.0,15.0,18.0,2025
545121,Ildemaro Vargas,109,Arizona Diamondbacks,,1B,2026,396.0,368.0,96.0,17.0,4.0,9.0,22.0,2.0,38.0,2.0,2.0,1.0,148.0,61.0,4.0,.261,.305,.402,.707,.269,40.89,1406.0,122.0,115.0,121.0,115.0,31.0,2.0,1.0,3.0,2.0,0.0,15.0,2.0,1.0,1.0,44.0,19.0,3.0,.270,.292,.383,.675,.286,38.33,429.0,46.0,25.0,2025
678246,Miguel Vargas,145,Chicago White Sox,,3B,2026,555.0,469.0,114.0,30.0,1.0,29.0,73.0,4.0,99.0,7.0,5.0,0.0,233.0,74.0,8.0,.243,.350,.497,.847,.246,16.17,2176.0,86.0,175.0,569.0,504.0,118.0,32.0,2.0,16.0,56.0,0.0,100.0,6.0,3.0,0.0,202.0,60.0,9.0,.234,.316,.401,.717,.261,31.50,2323.0,91.0,198.0,2025
670059,Colin Holderman,114,Cleveland Guardians,,P,2026,,,,,,,,,,,,,,,,,,,,,,,,,,,,,,,,,,,,,,,,,,,,,,,,,2025
670062,Julian Garcia,113,Cincinnati Reds,,P,2026,,,,,,,,,,,,,,,,,,,,,,,,,,,,,,,,,,,,,,,,,,,,,,,,,2025
665966,Carlos Narváez,110,Baltimore Orioles,,C,2026,239.0,209.0,35.0,6.0,0.0,3.0,16.0,0.0,78.0,6.0,3.0,5.0,50.0,10.0,7.0,.167,.244,.239,.483,.244,69.67,974.0,44.0,60.0,446.0,403.0,97.0,27.0,0.0,15.0,38.0,0.0,111.0,1.0,2.0,2.0,169.0,50.0,12.0,.241,.306,.419,.725,.294,26.87,1829.0,98.0,101.0,2025
801139,Payton Tolle,111,Boston Red Sox,,P,2026,,,,,,,,,,,,,,,,,,,,,,,,,,,,,,,,,,,,,,,,,,,,,,,,,2025
643446,Jeff McNeil,133,Athletics,,2B,2026,392.0,357.0,93.0,16.0,0.0,6.0,25.0,1.0,44.0,4.0,4.0,1.0,127.0,43.0,12.0,.261,.313,.356,.669,.280,59.50,1391.0,103.0,122.0,462.0,399.0,97.0,21.0,5.0,12.0,49.0,4.0,55.0,8.0,4.0,2.0,164.0,54.0,5.0,.243,.335,.411,.746,.253,33.25,1718.0,109.0,144.0,2025
571771,Enrique Hernández,119,Los Angeles Dodgers,,1B,2026,36.0,34.0,8.0,2.0,0.0,2.0,2.0,0.0,10.0,0.0,0.0,0.0,16.0,5.0,0.0,.235,.278,.471,.749,.273,17.00,126.0,8.0,8.0,256.0,232.0,47.0,8.0,0.0,10.0,18.0,0.0,68.0,0.0,5.0,1.0,85.0,35.0,7.0,.203,.255,.366,.621,.233,23.20,1033.0,52.0,71.0,2025
694646,Chayce McDermott,121,New York Mets,,P,2026,,,,,,,,,,,,,,,,,,,,,,,,,,,,,,,,,,,,,,,,,,,,,,,,,2025
663947,Tyler Holton,116,Detroit Tigers,,P,2026,,,,,,,,,,,,,,,,,,,,,,,,,,,,,,,,,,,,,,,,,,,,,,,,,2025
686469,Vinnie Pasquantino,118,Kansas City Royals,,1B,2026,357.0,312.0,77.0,14.0,2.0,8.0,39.0,3.0,60.0,2.0,4.0,0.0,119.0,37.0,3.0,.247,.331,.381,.712,.278,39.00,1437.0,62.0,117.0,682.0,621.0,164.0,33.0,1.0,32.0,49.0,5.0,107.0,7.0,5.0,0.0,295.0,113.0,14.0,.264,.323,.475,.798,.271,19.41,2572.0,153.0,202.0,2025
686475,Tyler Tolbert,118,Kansas City Royals,,SS,2026,115.0,99.0,30.0,5.0,0.0,3.0,11.0,0.0,19.0,0.0,1.0,4.0,44.0,8.0,3.0,.303,.369,.444,.813,.346,33.00,399.0,29.0,26.0,57.0,50.0,14.0,2.0,0.0,1.0,1.0,0.0,11.0,3.0,2.0,1.0,19.0,6.0,1.0,.280,.321,.380,.701,.325,50.00,189.0,10.0,18.0,2025
694671,Wyatt Langford,140,Texas Rangers,,LF,2026,329.0,300.0,75.0,15.0,2.0,14.0,26.0,0.0,74.0,3.0,0.0,0.0,136.0,34.0,7.0,.250,.316,.453,.769,.288,21.43,1260.0,61.0,90.0,573.0,489.0,118.0,25.0,1.0,22.0,74.0,3.0,151.0,5.0,5.0,0.0,211.0,62.0,9.0,.241,.344,.431,.775,.299,22.23,2335.0,87.0,138.0,2025
694673,Abimelec Ortiz,120,Washington Nationals,,1B,2026,56.0,54.0,13.0,2.0,0.0,5.0,2.0,0.0,14.0,0.0,0.0,0.0,30.0,9.0,1.0,.241,.268,.556,.824,.229,10.80,247.0,13.0,14.0,,,,,,,,,,,,,,,,,,,,,,,,,2025
686482,Logan Driscoll,146,Miami Marlins,,C,2026,,,,,,,,,,,,,,,,,,,,,,,,,,,,,,,,,,,,,,,,,,,,,,,,,2025
663969,Tyler Phillips,146,Miami Marlins,,P,2026,,,,,,,,,,,,,,,,,,,,,,,,,,,,,,,,,,,,,,,,,,,,,,,,,2025
663968,Jake Mangum,134,Pittsburgh Pirates,,CF,2026,385.0,350.0,104.0,16.0,2.0,4.0,21.0,1.0,73.0,9.0,2.0,3.0,136.0,28.0,6.0,.297,.351,.389,.740,.364,87.50,1387.0,111.0,67.0,428.0,405.0,120.0,18.0,1.0,3.0,19.0,0.0,64.0,2.0,1.0,1.0,149.0,40.0,4.0,.296,.330,.368,.698,.345,135.00,1442.0,138.0,85.0,2025
666018,Jonathan Aranda,139,Tampa Bay Rays,,1B,2026,545.0,472.0,133.0,20.0,0.0,15.0,58.0,3.0,128.0,8.0,7.0,0.0,198.0,76.0,14.0,.282,.365,.419,.784,.351,31.47,2140.0,95.0,123.0,422.0,370.0,117.0,22.0,0.0,14.0,41.0,3.0,107.0,8.0,3.0,0.0,181.0,59.0,9.0,.316,.393,.489,.882,.409,26.43,1717.0,64.0,85.0,2025
676263,Jack Dreyer,119,Los Angeles Dodgers,,P,2026,0.0,0.0,0.0,0.0,0.0,0.0,0.0,0.0,0.0,0.0,0.0,0.0,0.0,0.0,0.0,.000,.000,.000,.000,.---,-.--,0.0,0.0,0.0,,,,,,,,,,,,,,,,,,,,,,,,,2025
666023,Freddy Fermin,135,San Diego Padres,,C,2026,220.0,194.0,37.0,10.0,0.0,4.0,17.0,0.0,45.0,3.0,2.0,4.0,59.0,16.0,3.0,.191,.264,.304,.568,.224,48.50,847.0,54.0,64.0,347.0,319.0,80.0,13.0,0.0,5.0,19.0,1.0,65.0,2.0,0.0,7.0,108.0,26.0,5.0,.251,.297,.339,.636,.301,63.80,1372.0,88.0,93.0,2025
805299,Brandyn Garcia,109,Arizona Diamondbacks,,P,2026,,,,,,,,,,,,,,,,,,,,,,,,,0.0,0.0,0.0,0.0,0.0,0.0,0.0,0.0,0.0,0.0,0.0,0.0,0.0,0.0,0.0,.000,.000,.000,.000,.---,-.--,0.0,0.0,0.0,2025
805300,Jakob Marsee,146,Miami Marlins,,CF,2026,491.0,412.0,85.0,14.0,5.0,7.0,64.0,1.0,104.0,9.0,1.0,5.0,130.0,29.0,3.0,.206,.325,.316,.641,.258,58.86,1929.0,92.0,137.0,234.0,209.0,61.0,18.0,3.0,5.0,22.0,0.0,48.0,2.0,1.0,0.0,100.0,33.0,2.0,.292,.363,.478,.841,.357,41.80,881.0,52.0,49.0,2025
643511,Tyler Rogers,141,Toronto Blue Jays,,P,2026,,,,,,,,,,,,,,,,,,,,,,,,,0.0,0.0,0.0,0.0,0.0,0.0,0.0,0.0,0.0,0.0,0.0,0.0,0.0,0.0,0.0,.000,.000,.000,.000,.---,-.--,0.0,0.0,0.0,2025
518585,Fernando Cruz,147,New York Yankees,,P,2026,0.0,0.0,0.0,0.0,0.0,0.0,0.0,0.0,0.0,0.0,0.0,0.0,0.0,0.0,0.0,.000,.000,.000,.000,.---,-.--,0.0,0.0,0.0,,,,,,,,,,,,,,,,,,,,,,,,,2025
575929,Willson Contreras,111,Boston Red Sox,,1B,2026,483.0,403.0,115.0,21.0,2.0,26.0,55.0,2.0,122.0,21.0,3.0,1.0,218.0,78.0,8.0,.285,.396,.541,.937,.345,15.50,1878.0,73.0,97.0,563.0,490.0,126.0,31.0,1.0,20.0,44.0,1.0,142.0,23.0,4.0,1.0,219.0,80.0,15.0,.257,.344,.447,.791,.319,24.50,2160.0,112.0,115.0,2025
663993,Nathaniel Lowe,114,Cleveland Guardians,,1B,2026,326.0,293.0,78.0,21.0,0.0,14.0,31.0,1.0,79.0,0.0,2.0,0.0,141.0,46.0,2.0,.266,.334,.481,.815,.317,20.93,1362.0,68.0,70.0,609.0,540.0,123.0,23.0,3.0,18.0,62.0,2.0,159.0,2.0,5.0,0.0,206.0,84.0,6.0,.228,.307,.381,.688,.285,30.00,2607.0,130.0,133.0,2025
608718,Brent Suter,144,Atlanta Braves,,P,2026,,,,,,,,,,,,,,,,,,,,,,,,,,,,,,,,,,,,,,,,,,,,,,,,,2025
518595,Travis d'Arnaud,108,Los Angeles Angels,,C,2026,58.0,50.0,9.0,1.0,0.0,1.0,6.0,0.0,14.0,2.0,0.0,0.0,13.0,3.0,1.0,.180,.293,.260,.553,.229,50.00,213.0,13.0,14.0,231.0,213.0,42.0,13.0,0.0,6.0,13.0,0.0,74.0,4.0,1.0,0.0,73.0,21.0,5.0,.197,.255,.343,.598,.269,35.50,873.0,45.0,53.0,2025
676282,Joey Cantillo,114,Cleveland Guardians,,P,2026,,,,,,,,,,,,,,,,,,,,,,,,,,,,,,,,,,,,,,,,,,,,,,,,,2025
805326,Tyler Schweitzer,145,Chicago White Sox,,P,2026,,,,,,,,,,,,,,,,,,,,,,,,,,,,,,,,,,,,,,,,,,,,,,,,,2025
694738,Landen Roupp,137,San Francisco Giants,,P,2026,,,,,,,,,,,,,,,,,,,,,,,,,,,,,,,,,,,,,,,,,,,,,,,,,2025
670167,John Schreiber,118,Kansas City Royals,,P,2026,,,,,,,,,,,,,,,,,,,,,,,,,0.0,0.0,0.0,0.0,0.0,0.0,0.0,0.0,0.0,0.0,0.0,0.0,0.0,0.0,0.0,.000,.000,.000,.000,.---,-.--,0.0,0.0,0.0,2025
621016,Jose Cuas,118,Kansas City Royals,,P,2026,,,,,,,,,,,,,,,,,,,,,,,,,,,,,,,,,,,,,,,,,,,,,,,,,2025
686555,Isaac Collins,118,Kansas City Royals,,LF,2026,426.0,365.0,83.0,20.0,3.0,6.0,50.0,0.0,94.0,6.0,3.0,2.0,127.0,38.0,5.0,.227,.328,.348,.676,.287,60.83,1670.0,82.0,111.0,441.0,372.0,98.0,22.0,3.0,9.0,57.0,0.0,93.0,6.0,3.0,3.0,153.0,54.0,8.0,.263,.368,.411,.779,.326,41.33,1792.0,91.0,96.0,2025
805347,Jim Jarvis,144,Atlanta Braves,,SS,2026,121.0,108.0,23.0,5.0,1.0,1.0,8.0,0.0,22.0,1.0,0.0,4.0,33.0,11.0,0.0,.213,.274,.306,.580,.259,108.00,444.0,44.0,23.0,,,,,,,,,,,,,,,,,,,,,,,,,2025
805345,Trent Harris,137,San Francisco Giants,,P,2026,,,,,,,,,,,,,,,,,,,,,,,,,,,,,,,,,,,,,,,,,,,,,,,,,2025
664034,Ty France,135,San Diego Padres,,1B,2026,369.0,328.0,96.0,17.0,2.0,18.0,22.0,1.0,82.0,12.0,6.0,0.0,171.0,55.0,8.0,.293,.353,.521,.874,.333,18.22,1476.0,76.0,80.0,490.0,444.0,114.0,25.0,0.0,7.0,22.0,1.0,83.0,21.0,3.0,0.0,160.0,52.0,11.0,.257,.320,.360,.680,.300,63.43,1873.0,137.0,113.0,2025
664040,Brandon Lowe,134,Pittsburgh Pirates,,2B,2026,536.0,480.0,122.0,26.0,1.0,27.0,47.0,0.0,156.0,2.0,7.0,0.0,231.0,80.0,5.0,.254,.319,.481,.800,.313,17.78,2160.0,89.0,120.0,553.0,507.0,130.0,19.0,0.0,31.0,38.0,1.0,149.0,2.0,6.0,0.0,242.0,83.0,6.0,.256,.307,.477,.784,.297,16.36,2146.0,107.0,127.0,2025
678394,Brayan Bello,111,Boston Red Sox,,P,2026,,,,,,,,,,,,,,,,,,,,,,,,,,,,,,,,,,,,,,,,,,,,,,,,,2025
678391,Jorbit Vivas,120,Washington Nationals,,3B,2026,277.0,237.0,55.0,8.0,1.0,3.0,29.0,0.0,39.0,4.0,4.0,2.0,74.0,21.0,3.0,.232,.321,.312,.633,.261,79.00,980.0,73.0,76.0,66.0,56.0,9.0,2.0,0.0,1.0,5.0,0.0,13.0,3.0,0.0,0.0,14.0,5.0,0.0,.161,.266,.250,.516,.190,56.00,246.0,17.0,17.0,2025
805367,Chase Meidroth,145,Chicago White Sox,,2B,2026,517.0,455.0,123.0,24.0,0.0,12.0,49.0,0.0,117.0,4.0,3.0,5.0,183.0,49.0,8.0,.270,.344,.402,.746,.337,37.92,2159.0,132.0,91.0,505.0,450.0,114.0,15.0,0.0,5.0,45.0,0.0,72.0,6.0,1.0,3.0,144.0,23.0,14.0,.253,.329,.320,.649,.291,90.00,2057.0,149.0,119.0,2025
688642,Zach Agnos,115,Colorado Rockies,,P,2026,,,,,,,,,,,,,,,,,,,,,,,,,0.0,0.0,0.0,0.0,0.0,0.0,0.0,0.0,0.0,0.0,0.0,0.0,0.0,0.0,0.0,.000,.000,.000,.000,.---,-.--,0.0,0.0,0.0,2025
676356,Jonny DeLuca,139,Tampa Bay Rays,,RF,2026,259.0,246.0,65.0,17.0,0.0,8.0,11.0,0.0,52.0,0.0,0.0,2.0,106.0,36.0,7.0,.264,.296,.431,.727,.306,30.75,929.0,58.0,73.0,59.0,57.0,19.0,1.0,3.0,0.0,2.0,0.0,13.0,0.0,0.0,0.0,26.0,4.0,0.0,.333,.356,.456,.812,.432,-.--,224.0,10.0,15.0,2025
571912,Luke Maile,118,Kansas City Royals,,C,2026,26.0,25.0,5.0,1.0,0.0,1.0,1.0,0.0,10.0,0.0,0.0,0.0,9.0,5.0,1.0,.200,.231,.360,.591,.286,25.00,97.0,4.0,6.0,54.0,45.0,11.0,2.0,0.0,1.0,7.0,0.0,16.0,0.0,0.0,2.0,16.0,6.0,1.0,.244,.346,.356,.702,.357,45.00,214.0,11.0,9.0,2025
694795,Josh Ekness,146,Miami Marlins,,P,2026,,,,,,,,,,,,,,,,,,,,,,,,,,,,,,,,,,,,,,,,,,,,,,,,,2025
664076,Garrett Cleavinger,139,Tampa Bay Rays,,P,2026,,,,,,,,,,,,,,,,,,,,,,,,,,,,,,,,,,,,,,,,,,,,,,,,,2025
543243,Sonny Gray,111,Boston Red Sox,,P,2026,,,,,,,,,,,,,,,,,,,,,,,,,,,,,,,,,,,,,,,,,,,,,,,,,2025
686611,Dylan Crews,120,Washington Nationals,,RF,2026,314.0,286.0,60.0,11.0,0.0,10.0,21.0,0.0,76.0,7.0,0.0,0.0,101.0,27.0,3.0,.210,.280,.353,.633,.250,28.60,1125.0,61.0,89.0,322.0,293.0,61.0,8.0,2.0,10.0,24.0,0.0,76.0,5.0,0.0,0.0,103.0,27.0,4.0,.208,.280,.352,.632,.246,29.30,1150.0,80.0,76.0,2025
666126,Carlos Cortes,133,Athletics,,RF,2026,295.0,261.0,68.0,15.0,1.0,7.0,27.0,0.0,44.0,4.0,3.0,0.0,106.0,35.0,13.0,.261,.336,.406,.742,.286,37.29,1191.0,82.0,70.0,99.0,94.0,29.0,8.0,1.0,4.0,3.0,0.0,20.0,0.0,2.0,0.0,51.0,14.0,3.0,.309,.323,.543,.866,.347,23.50,375.0,24.0,23.0,2025
672275,Patrick Bailey,114,Cleveland Guardians,,C,2026,274.0,249.0,48.0,7.0,1.0,7.0,20.0,0.0,69.0,0.0,3.0,2.0,78.0,29.0,6.0,.193,.250,.313,.563,.233,35.57,1094.0,70.0,67.0,452.0,409.0,91.0,18.0,3.0,6.0,30.0,0.0,133.0,3.0,6.0,4.0,133.0,55.0,7.0,.222,.277,.325,.602,.308,68.17,1724.0,82.0,113.0,2025
686613,Hunter Brown,117,Houston Astros,,P,2026,,,,,,,,,,,,,,,,,,,,,,,,,,,,,,,,,,,,,,,,,,,,,,,,,2025
571927,Steven Matz,139,Tampa Bay Rays,,P,2026,,,,,,,,,,,,,,,,,,,,,,,,,,,,,,,,,,,,,,,,,,,,,,,,,2025
670231,John Rave,118,Kansas City Royals,,RF,2026,69.0,62.0,12.0,5.0,1.0,2.0,5.0,0.0,16.0,0.0,0.0,2.0,25.0,5.0,1.0,.194,.254,.403,.657,.227,31.00,258.0,18.0,18.0,175.0,153.0,30.0,5.0,0.0,4.0,18.0,0.0,46.0,1.0,1.0,2.0,47.0,14.0,1.0,.196,.283,.307,.590,.250,38.25,749.0,48.0,32.0,2025
680474,Max Schuemann,147,New York Yankees,,LF,2026,87.0,72.0,14.0,6.0,0.0,2.0,12.0,0.0,21.0,3.0,0.0,0.0,26.0,8.0,0.0,.194,.333,.361,.694,.245,36.00,358.0,13.0,24.0,213.0,183.0,36.0,4.0,2.0,2.0,22.0,0.0,35.0,4.0,1.0,3.0,50.0,13.0,6.0,.197,.295,.273,.568,.231,91.50,838.0,56.0,60.0,2025
672282,Reid Detmers,108,Los Angeles Angels,,P,2026,,,,,,,,,,,,,,,,,,,,,,,,,,,,,,,,,,,,,,,,,,,,,,,,,2025
672284,Jarred Kelenic,140,Texas Rangers,,RF,2026,82.0,73.0,16.0,2.0,0.0,1.0,9.0,0.0,31.0,0.0,0.0,0.0,21.0,6.0,0.0,.219,.305,.288,.593,.366,73.00,320.0,10.0,16.0,65.0,60.0,10.0,2.0,0.0,2.0,5.0,0.0,23.0,0.0,0.0,0.0,18.0,2.0,1.0,.167,.231,.300,.531,.229,30.00,258.0,14.0,13.0,2025
666139,Josh Lowe,108,Los Angeles Angels,,LF,2026,261.0,239.0,50.0,6.0,0.0,10.0,18.0,1.0,75.0,1.0,1.0,2.0,86.0,26.0,0.0,.209,.266,.360,.626,.258,23.90,1109.0,47.0,70.0,435.0,396.0,87.0,21.0,2.0,11.0,33.0,1.0,109.0,3.0,2.0,1.0,145.0,40.0,7.0,.220,.283,.366,.649,.273,36.00,1842.0,105.0,98.0,2025
694819,Jacob Misiorowski,158,Milwaukee Brewers,,P,2026,,,,,,,,,,,,,,,,,,,,,,,,,,,,,,,,,,,,,,,,,,,,,,,,,2025
670245,Ryan Watson,108,Los Angeles Angels,,P,2026,,,,,,,,,,,,,,,,,,,,,,,,,,,,,,,,,,,,,,,,,,,,,,,,,2025
676391,Ernie Clement,141,Toronto Blue Jays,,2B,2026,506.0,481.0,137.0,28.0,1.0,9.0,18.0,0.0,49.0,2.0,5.0,0.0,194.0,43.0,10.0,.285,.310,.403,.713,.299,53.44,1577.0,120.0,180.0,588.0,545.0,151.0,35.0,2.0,9.0,27.0,1.0,61.0,4.0,5.0,7.0,217.0,50.0,13.0,.277,.313,.398,.711,.296,60.56,1871.0,129.0,216.0,2025
518692,Freddie Freeman,119,Los Angeles Dodgers,,1B,2026,537.0,473.0,142.0,30.0,1.0,15.0,55.0,2.0,89.0,3.0,6.0,0.0,219.0,61.0,18.0,.300,.372,.463,.835,.339,31.53,2207.0,126.0,122.0,627.0,556.0,164.0,39.0,2.0,24.0,60.0,7.0,128.0,6.0,5.0,0.0,279.0,90.0,13.0,.295,.367,.502,.869,.342,23.17,2382.0,128.0,141.0,2025
666152,David Hamilton,158,Milwaukee Brewers,,3B,2026,312.0,268.0,65.0,10.0,2.0,4.0,30.0,0.0,70.0,1.0,0.0,12.0,91.0,22.0,1.0,.243,.321,.340,.661,.314,67.00,1258.0,72.0,73.0,194.0,177.0,35.0,4.0,1.0,6.0,13.0,0.0,47.0,1.0,0.0,3.0,59.0,19.0,3.0,.198,.257,.333,.590,.234,29.50,742.0,44.0,54.0,2025
666157,Nick Lodolo,113,Cincinnati Reds,,P,2026,,,,,,,,,,,,,,,,,,,,,,,,,,,,,,,,,,,,,,,,,,,,,,,,,2025
621097,Jacob Waguespack,116,Detroit Tigers,,P,2026,0.0,0.0,0.0,0.0,0.0,0.0,0.0,0.0,0.0,0.0,0.0,0.0,0.0,0.0,0.0,.000,.000,.000,.000,.---,-.--,0.0,0.0,0.0,,,,,,,,,,,,,,,,,,,,,,,,,2025
623149,Paul Sewald,141,Toronto Blue Jays,,P,2026,,,,,,,,,,,,,,,,,,,,,,,,,,,,,,,,,,,,,,,,,,,,,,,,,2025
666160,Mickey Moniak,115,Colorado Rockies,,LF,2026,336.0,307.0,81.0,15.0,4.0,20.0,19.0,0.0,87.0,3.0,7.0,0.0,164.0,59.0,4.0,.264,.307,.534,.841,.295,15.35,1184.0,52.0,94.0,461.0,434.0,117.0,20.0,8.0,24.0,22.0,1.0,110.0,2.0,3.0,0.0,225.0,68.0,4.0,.270,.306,.518,.824,.307,18.08,1598.0,81.0,129.0,2025
666163,Ben Rortvedt,119,Los Angeles Dodgers,,C,2026,16.0,16.0,3.0,0.0,0.0,0.0,0.0,0.0,5.0,0.0,0.0,0.0,3.0,1.0,0.0,.188,.188,.188,.376,.273,-.--,61.0,3.0,5.0,128.0,112.0,17.0,3.0,0.0,1.0,11.0,0.0,23.0,2.0,0.0,3.0,23.0,10.0,1.0,.152,.240,.205,.445,.182,112.00,517.0,42.0,33.0,2025
805427,Drew Sommers,116,Detroit Tigers,,P,2026,,,,,,,,,,,,,,,,,,,,,,,,,,,,,,,,,,,,,,,,,,,,,,,,,2025
621111,Walker Buehler,135,San Diego Padres,,P,2026,,,,,,,,,,,,,,,,,,,,,,,,,,,,,,,,,,,,,,,,,,,,,,,,,2025
621112,Paul Blackburn,147,New York Yankees,,P,2026,0.0,0.0,0.0,0.0,0.0,0.0,0.0,0.0,0.0,0.0,0.0,0.0,0.0,0.0,0.0,.000,.000,.000,.000,.---,-.--,0.0,0.0,0.0,,,,,,,,,,,,,,,,,,,,,,,,,2025
664126,Pete Fairbanks,146,Miami Marlins,,P,2026,0.0,0.0,0.0,0.0,0.0,0.0,0.0,0.0,0.0,0.0,0.0,0.0,0.0,0.0,0.0,.000,.000,.000,.000,.---,-.--,0.0,0.0,0.0,,,,,,,,,,,,,,,,,,,,,,,,,2025
623168,Tyler Heineman,108,Los Angeles Angels,,C,2026,156.0,137.0,25.0,2.0,1.0,1.0,5.0,0.0,24.0,4.0,0.0,10.0,32.0,9.0,6.0,.182,.233,.234,.467,.214,137.00,533.0,61.0,37.0,174.0,149.0,43.0,8.0,1.0,3.0,12.0,0.0,31.0,6.0,2.0,5.0,62.0,20.0,1.0,.289,.361,.416,.777,.342,49.67,627.0,30.0,52.0,2025
545341,Randal Grichuk,145,Chicago White Sox,,DH,2026,204.0,195.0,55.0,20.0,1.0,11.0,7.0,1.0,46.0,1.0,1.0,0.0,110.0,32.0,3.0,.282,.309,.564,.873,.317,17.73,748.0,41.0,54.0,293.0,272.0,62.0,18.0,1.0,9.0,17.0,1.0,61.0,1.0,3.0,0.0,109.0,27.0,6.0,.228,.273,.401,.674,.259,30.22,1077.0,68.0,84.0,2025
666176,Jo Adell,114,Cleveland Guardians,,RF,2026,517.0,476.0,113.0,20.0,1.0,19.0,21.0,0.0,127.0,16.0,4.0,0.0,192.0,74.0,13.0,.237,.290,.403,.693,.281,25.05,2006.0,108.0,132.0,573.0,526.0,124.0,18.0,1.0,37.0,33.0,0.0,151.0,10.0,1.0,0.0,255.0,98.0,10.0,.236,.293,.485,.778,.257,14.22,2220.0,111.0,141.0,2025
666182,Bo Bichette,121,New York Mets,,3B,2026,552.0,507.0,135.0,21.0,2.0,13.0,36.0,0.0,100.0,2.0,7.0,0.0,199.0,65.0,15.0,.266,.313,.393,.706,.304,39.00,2061.0,143.0,136.0,628.0,582.0,181.0,44.0,1.0,18.0,40.0,2.0,91.0,3.0,3.0,0.0,281.0,94.0,17.0,.311,.357,.483,.840,.342,32.33,2308.0,171.0,142.0,2025
571970,Max Muncy,119,Los Angeles Dodgers,,3B,2026,445.0,389.0,98.0,18.0,1.0,26.0,51.0,3.0,114.0,4.0,1.0,0.0,196.0,66.0,6.0,.252,.344,.504,.848,.288,14.96,1802.0,82.0,96.0,388.0,313.0,76.0,10.0,2.0,19.0,64.0,2.0,83.0,6.0,5.0,0.0,147.0,67.0,4.0,.243,.376,.470,.846,.264,16.47,1650.0,61.0,98.0,2025
670280,David Bednar,147,New York Yankees,,P,2026,0.0,0.0,0.0,0.0,0.0,0.0,0.0,0.0,0.0,0.0,0.0,0.0,0.0,0.0,0.0,.000,.000,.000,.000,.---,-.--,0.0,0.0,0.0,,,,,,,,,,,,,,,,,,,,,,,,,2025
686668,Brenton Doyle,145,Chicago White Sox,,CF,2026,166.0,153.0,32.0,6.0,0.0,2.0,12.0,0.0,51.0,0.0,0.0,1.0,44.0,6.0,1.0,.209,.267,.288,.555,.300,76.50,573.0,37.0,34.0,538.0,502.0,117.0,23.0,2.0,15.0,30.0,0.0,138.0,0.0,4.0,2.0,189.0,57.0,14.0,.233,.274,.376,.650,.289,33.47,1957.0,129.0,124.0,2025
664141,JT Brubaker,137,San Francisco Giants,,P,2026,,,,,,,,,,,,,,,,,,,,,,,,,,,,,,,,,,,,,,,,,,,,,,,,,2025
545361,Mike Trout,108,Los Angeles Angels,,CF,2026,491.0,398.0,94.0,17.0,0.0,20.0,85.0,10.0,127.0,7.0,1.0,0.0,171.0,45.0,7.0,.236,.379,.430,.809,.294,19.90,2111.0,71.0,107.0,556.0,456.0,106.0,14.0,1.0,26.0,87.0,10.0,178.0,6.0,6.0,0.0,200.0,64.0,7.0,.232,.359,.439,.798,.310,17.54,2482.0,66.0,112.0,2025
676439,Hunter Feduccia,119,Los Angeles Dodgers,,C,2026,195.0,172.0,40.0,9.0,1.0,3.0,18.0,0.0,49.0,1.0,1.0,3.0,60.0,13.0,2.0,.233,.307,.349,.656,.306,57.33,799.0,32.0,55.0,105.0,88.0,13.0,5.0,0.0,0.0,15.0,0.0,29.0,0.0,2.0,0.0,18.0,8.0,0.0,.148,.267,.205,.472,.213,-.--,477.0,21.0,27.0,2025
676440,Tanner Bibee,114,Cleveland Guardians,,P,2026,,,,,,,,,,,,,,,,,,,,,,,,,,,,,,,,,,,,,,,,,,,,,,,,,2025
666211,Taylor Trammell,117,Houston Astros,,CF,2026,209.0,185.0,39.0,6.0,2.0,7.0,19.0,1.0,68.0,4.0,0.0,1.0,70.0,20.0,2.0,.211,.298,.378,.676,.291,26.43,801.0,36.0,43.0,135.0,117.0,23.0,7.0,0.0,3.0,17.0,0.0,41.0,0.0,1.0,0.0,39.0,12.0,0.0,.197,.296,.333,.629,.270,39.00,552.0,26.0,28.0,2025
678489,Jorge Barrosa,109,Arizona Diamondbacks,,CF,2026,157.0,132.0,26.0,11.0,1.0,2.0,14.0,0.0,42.0,2.0,1.0,8.0,45.0,12.0,1.0,.197,.282,.341,.623,.270,66.00,671.0,36.0,37.0,77.0,71.0,10.0,3.0,0.0,1.0,2.0,0.0,22.0,1.0,3.0,0.0,16.0,7.0,1.0,.141,.169,.225,.394,.176,71.00,327.0,18.0,24.0,2025
686681,Michael Massey,118,Kansas City Royals,,2B,2026,360.0,335.0,93.0,22.0,1.0,11.0,18.0,0.0,62.0,0.0,5.0,2.0,150.0,43.0,7.0,.278,.310,.448,.758,.307,30.46,1320.0,81.0,106.0,277.0,262.0,64.0,9.0,0.0,3.0,9.0,0.0,43.0,1.0,4.0,1.0,82.0,20.0,3.0,.244,.268,.313,.581,.277,87.33,1013.0,48.0,112.0,2025
623211,Huascar Brazobán,145,Chicago White Sox,,P,2026,,,,,,,,,,,,,,,,,,,,,,,,,,,,,,,,,,,,,,,,,,,,,,,,,2025
682608,Peyton Gray,140,Texas Rangers,,P,2026,,,,,,,,,,,,,,,,,,,,,,,,,,,,,,,,,,,,,,,,,,,,,,,,,2025
670329,Rico Garcia,110,Baltimore Orioles,,P,2026,0.0,0.0,0.0,0.0,0.0,0.0,0.0,0.0,0.0,0.0,0.0,0.0,0.0,0.0,0.0,.000,.000,.000,.000,.---,-.--,0.0,0.0,0.0,,,,,,,,,,,,,,,,,,,,,,,,,2025
680570,Grayson Rodriguez,108,Los Angeles Angels,,P,2026,,,,,,,,,,,,,,,,,,,,,,,,,,,,,,,,,,,,,,,,,,,,,,,,,2025
684665,Luke Murphy,108,Los Angeles Angels,,P,2026,,,,,,,,,,,,,,,,,,,,,,,,,,,,,,,,,,,,,,,,,,,,,,,,,2025
680573,Simeon Woods Richardson,141,Toronto Blue Jays,,P,2026,,,,,,,,,,,,,,,,,,,,,,,,,,,,,,,,,,,,,,,,,,,,,,,,,2025
662139,Daulton Varsho,117,Houston Astros,,CF,2026,427.0,389.0,89.0,21.0,2.0,8.0,35.0,2.0,86.0,2.0,1.0,0.0,138.0,29.0,4.0,.229,.295,.355,.650,.274,48.62,1635.0,85.0,130.0,271.0,248.0,59.0,13.0,2.0,20.0,17.0,1.0,77.0,1.0,5.0,0.0,136.0,55.0,1.0,.238,.284,.548,.832,.250,12.40,986.0,41.0,76.0,2025
680574,Matt McLain,113,Cincinnati Reds,,2B,2026,389.0,339.0,67.0,17.0,0.0,12.0,43.0,0.0,105.0,4.0,1.0,2.0,120.0,33.0,3.0,.198,.295,.354,.649,.247,28.25,1586.0,70.0,100.0,577.0,510.0,112.0,18.0,0.0,15.0,55.0,0.0,167.0,5.0,4.0,3.0,175.0,50.0,8.0,.220,.300,.343,.643,.292,34.00,2365.0,96.0,142.0,2025
699008,Antwone Kelly,134,Pittsburgh Pirates,,P,2026,,,,,,,,,,,,,,,,,,,,,,,,,,,,,,,,,,,,,,,,,,,,,,,,,2025
672386,Alejandro Kirk,141,Toronto Blue Jays,,C,2026,211.0,183.0,52.0,6.0,0.0,7.0,25.0,5.0,24.0,0.0,3.0,0.0,79.0,28.0,4.0,.284,.365,.432,.797,.290,26.14,795.0,61.0,49.0,506.0,451.0,127.0,18.0,0.0,15.0,48.0,2.0,59.0,1.0,6.0,0.0,190.0,76.0,16.0,.282,.348,.421,.769,.292,30.07,1977.0,132.0,139.0,2025
682626,Francisco Alvarez,121,New York Mets,,C,2026,334.0,292.0,69.0,11.0,0.0,13.0,35.0,1.0,97.0,4.0,1.0,0.0,119.0,30.0,15.0,.236,.325,.408,.733,.306,22.46,1388.0,70.0,57.0,277.0,246.0,63.0,12.0,1.0,11.0,27.0,0.0,73.0,4.0,0.0,0.0,110.0,32.0,6.0,.256,.339,.447,.786,.321,22.36,1123.0,61.0,49.0,2025
699013,Esmerlyn Valdez,134,Pittsburgh Pirates,,RF,2026,235.0,196.0,48.0,12.0,1.0,14.0,35.0,0.0,87.0,1.0,3.0,0.0,104.0,41.0,6.0,.245,.357,.531,.888,.347,14.00,1030.0,24.0,40.0,,,,,,,,,,,,,,,,,,,,,,,,,2025
694918,Blade Tidwell,137,San Francisco Giants,,P,2026,,,,,,,,,,,,,,,,,,,,,,,,,,,,,,,,,,,,,,,,,,,,,,,,,2025
664199,Taylor Clarke,109,Arizona Diamondbacks,,P,2026,,,,,,,,,,,,,,,,,,,,,,,,,0.0,0.0,0.0,0.0,0.0,0.0,0.0,0.0,0.0,0.0,0.0,0.0,0.0,0.0,0.0,.000,.000,.000,.000,.---,-.--,0.0,0.0,0.0,2025
592518,Manny Machado,135,San Diego Padres,,3B,2026,536.0,469.0,102.0,20.0,0.0,24.0,58.0,3.0,117.0,1.0,7.0,1.0,194.0,72.0,18.0,.217,.301,.414,.715,.233,19.54,2107.0,126.0,132.0,678.0,615.0,169.0,33.0,0.0,27.0,55.0,4.0,131.0,3.0,5.0,0.0,283.0,95.0,16.0,.275,.335,.460,.795,.307,22.78,2647.0,144.0,176.0,2025
674444,Steven Cruz,118,Kansas City Royals,,P,2026,,,,,,,,,,,,,,,,,,,,,,,,,0.0,0.0,0.0,0.0,0.0,0.0,0.0,0.0,0.0,0.0,0.0,0.0,0.0,0.0,0.0,.000,.000,.000,.000,.---,-.--,0.0,0.0,0.0,2025
690829,Ben Joyce,108,Los Angeles Angels,,P,2026,,,,,,,,,,,,,,,,,,,,,,,,,,,,,,,,,,,,,,,,,,,,,,,,,2025
641680,Jonah Heim,133,Athletics,,C,2026,298.0,270.0,56.0,15.0,0.0,11.0,23.0,0.0,55.0,2.0,3.0,0.0,104.0,39.0,7.0,.207,.272,.385,.657,.217,24.54,1118.0,80.0,82.0,433.0,395.0,84.0,14.0,0.0,11.0,32.0,0.0,88.0,1.0,4.0,1.0,131.0,43.0,10.0,.213,.271,.332,.603,.243,35.91,1704.0,106.0,122.0,2025
594580,Sam Moll,113,Cincinnati Reds,,P,2026,,,,,,,,,,,,,,,,,,,,,,,,,,,,,,,,,,,,,,,,,,,,,,,,,2025
678545,Osleivis Basabe,137,San Francisco Giants,,2B,2026,72.0,68.0,16.0,2.0,0.0,3.0,1.0,0.0,13.0,2.0,1.0,0.0,27.0,8.0,0.0,.235,.264,.397,.661,.245,22.67,258.0,21.0,19.0,,,,,,,,,,,,,,,,,,,,,,,,,2025
801434,Paul Gervase,119,Los Angeles Dodgers,,P,2026,,,,,,,,,,,,,,,,,,,,,,,,,,,,,,,,,,,,,,,,,,,,,,,,,2025
682657,Angel Martínez,114,Cleveland Guardians,,LF,2026,319.0,299.0,72.0,17.0,1.0,12.0,8.0,0.0,71.0,5.0,1.0,6.0,127.0,44.0,6.0,.241,.272,.425,.697,.276,24.92,1141.0,82.0,81.0,484.0,446.0,100.0,23.0,2.0,11.0,23.0,0.0,110.0,6.0,4.0,5.0,160.0,45.0,8.0,.224,.269,.359,.628,.271,40.54,1797.0,100.0,145.0,2025
453286,Max Scherzer,141,Toronto Blue Jays,,P,2026,,,,,,,,,,,,,,,,,,,,,,,,,,,,,,,,,,,,,,,,,,,,,,,,,2025
682663,Agustín Ramírez,146,Miami Marlins,,C,2026,168.0,146.0,35.0,8.0,1.0,2.0,19.0,1.0,39.0,2.0,1.0,0.0,51.0,17.0,6.0,.240,.333,.349,.682,.311,73.00,650.0,44.0,29.0,585.0,537.0,124.0,33.0,1.0,21.0,36.0,2.0,113.0,8.0,4.0,0.0,222.0,67.0,13.0,.231,.287,.413,.700,.253,25.57,2122.0,161.0,143.0,2025
682668,Luisangel Acuña,145,Chicago White Sox,,SS,2026,203.0,190.0,44.0,3.0,0.0,1.0,8.0,0.0,40.0,1.0,2.0,2.0,50.0,12.0,4.0,.232,.264,.263,.527,.285,190.00,711.0,68.0,42.0,193.0,175.0,41.0,7.0,0.0,0.0,13.0,0.0,37.0,2.0,1.0,2.0,48.0,8.0,6.0,.234,.293,.274,.567,.295,-.--,687.0,58.0,42.0,2025
686765,Nick Sogard,111,Boston Red Sox,,2B,2026,141.0,116.0,31.0,7.0,1.0,1.0,21.0,0.0,24.0,0.0,1.0,3.0,43.0,7.0,2.0,.267,.377,.371,.748,.326,116.00,577.0,36.0,29.0,104.0,96.0,25.0,8.0,0.0,0.0,5.0,0.0,24.0,3.0,0.0,0.0,33.0,9.0,3.0,.260,.317,.344,.661,.347,-.--,400.0,25.0,22.0,2025
676534,Calvin Faucher,146,Miami Marlins,,P,2026,,,,,,,,,,,,,,,,,,,,,,,,,,,,,,,,,,,,,,,,,,,,,,,,,2025
682674,Victor Bericoto,137,San Francisco Giants,,LF,2026,81.0,80.0,20.0,3.0,0.0,4.0,1.0,0.0,23.0,0.0,0.0,0.0,35.0,11.0,3.0,.250,.259,.438,.697,.302,20.00,299.0,19.0,18.0,,,,,,,,,,,,,,,,,,,,,,,,,2025
694973,Paul Skenes,134,Pittsburgh Pirates,,P,2026,,,,,,,,,,,,,,,,,,,,,,,,,,,,,,,,,,,,,,,,,,,,,,,,,2025
527048,Martín Pérez,144,Atlanta Braves,,P,2026,,,,,,,,,,,,,,,,,,,,,,,,,,,,,,,,,,,,,,,,,,,,,,,,,2025
672456,Keider Montero,116,Detroit Tigers,,P,2026,,,,,,,,,,,,,,,,,,,,,,,,,,,,,,,,,,,,,,,,,,,,,,,,,2025
686797,Brooks Lee,142,Minnesota Twins,,3B,2026,492.0,454.0,110.0,19.0,3.0,18.0,33.0,0.0,80.0,3.0,1.0,1.0,189.0,67.0,8.0,.242,.297,.416,.713,.258,25.22,1848.0,119.0,147.0,527.0,487.0,115.0,15.0,1.0,16.0,31.0,0.0,92.0,4.0,5.0,0.0,180.0,64.0,11.0,.236,.285,.370,.655,.258,30.44,2009.0,138.0,147.0,2025
641743,Anthony Kay,145,Chicago White Sox,,P,2026,,,,,,,,,,,,,,,,,,,,,,,,,,,,,,,,,,,,,,,,,,,,,,,,,2025
680664,Eduardo Valencia,116,Detroit Tigers,,C,2026,63.0,61.0,21.0,6.0,0.0,6.0,1.0,0.0,18.0,1.0,0.0,0.0,45.0,17.0,3.0,.344,.365,.738,1.103,.405,10.17,255.0,14.0,8.0,,,,,,,,,,,,,,,,,,,,,,,,,2025
664285,Framber Valdez,116,Detroit Tigers,,P,2026,,,,,,,,,,,,,,,,,,,,,,,,,,,,,,,,,,,,,,,,,,,,,,,,,2025
676572,Eric Wagaman,121,New York Mets,,1B,2026,47.0,42.0,8.0,0.0,0.0,2.0,4.0,0.0,11.0,1.0,0.0,0.0,14.0,4.0,1.0,.190,.277,.333,.610,.207,21.00,199.0,14.0,9.0,514.0,476.0,119.0,28.0,3.0,9.0,32.0,0.0,100.0,1.0,5.0,0.0,180.0,53.0,11.0,.250,.296,.378,.674,.296,52.89,1955.0,132.0,130.0,2025
518876,Merrill Kelly,109,Arizona Diamondbacks,,P,2026,,,,,,,,,,,,,,,,,,,,,,,,,,,,,,,,,,,,,,,,,,,,,,,,,2025
668390,Cole Winn,140,Texas Rangers,,P,2026,,,,,,,,,,,,,,,,,,,,,,,,,,,,,,,,,,,,,,,,,,,,,,,,,2025
701162,Ben Malgeri,116,Detroit Tigers,,RF,2026,73.0,60.0,15.0,2.0,0.0,3.0,11.0,0.0,15.0,1.0,1.0,0.0,26.0,10.0,0.0,.250,.370,.433,.803,.279,20.00,274.0,15.0,16.0,,,,,,,,,,,,,,,,,,,,,,,,,2025
518886,Craig Kimbrel,118,Kansas City Royals,,P,2026,,,,,,,,,,,,,,,,,,,,,,,,,,,,,,,,,,,,,,,,,,,,,,,,,2025
664299,Cristian Javier,117,Houston Astros,,P,2026,,,,,,,,,,,,,,,,,,,,,,,,,,,,,,,,,,,,,,,,,,,,,,,,,2025
690924,Braxton Fulford,115,Colorado Rockies,,DH,2026,78.0,68.0,12.0,4.0,0.0,1.0,7.0,0.0,31.0,1.0,2.0,0.0,19.0,7.0,0.0,.176,.256,.279,.535,.289,68.00,321.0,10.0,17.0,120.0,108.0,23.0,5.0,2.0,1.0,7.0,0.0,36.0,2.0,3.0,0.0,35.0,16.0,1.0,.213,.267,.324,.591,.297,108.00,455.0,20.0,32.0,2025
690925,Clayton Beeter,120,Washington Nationals,,P,2026,0.0,0.0,0.0,0.0,0.0,0.0,0.0,0.0,0.0,0.0,0.0,0.0,0.0,0.0,0.0,.000,.000,.000,.000,.---,-.--,0.0,0.0,0.0,,,,,,,,,,,,,,,,,,,,,,,,,2025
592626,Joc Pederson,140,Texas Rangers,,DH,2026,383.0,331.0,79.0,11.0,2.0,22.0,45.0,2.0,90.0,3.0,3.0,0.0,160.0,46.0,10.0,.239,.332,.483,.815,.257,15.04,1550.0,80.0,85.0,306.0,265.0,48.0,10.0,1.0,9.0,34.0,0.0,65.0,5.0,1.0,0.0,87.0,26.0,5.0,.181,.285,.328,.613,.203,29.44,1237.0,68.0,85.0,2025
641778,Eric Lauer,119,Los Angeles Dodgers,,P,2026,,,,,,,,,,,,,,,,,,,,,,,,,,,,,,,,,,,,,,,,,,,,,,,,,2025
680694,Kyle Bradish,110,Baltimore Orioles,,P,2026,0.0,0.0,0.0,0.0,0.0,0.0,0.0,0.0,0.0,0.0,0.0,0.0,0.0,0.0,0.0,.000,.000,.000,.000,.---,-.--,0.0,0.0,0.0,,,,,,,,,,,,,,,,,,,,,,,,,2025
695034,Kade Morris,133,Athletics,,P,2026,,,,,,,,,,,,,,,,,,,,,,,,,,,,,,,,,,,,,,,,,,,,,,,,,2025
623352,Josh Hader,117,Houston Astros,,P,2026,0.0,0.0,0.0,0.0,0.0,0.0,0.0,0.0,0.0,0.0,0.0,0.0,0.0,0.0,0.0,.000,.000,.000,.000,.---,-.--,0.0,0.0,0.0,0.0,0.0,0.0,0.0,0.0,0.0,0.0,0.0,0.0,0.0,0.0,0.0,0.0,0.0,0.0,.000,.000,.000,.000,.---,-.--,0.0,0.0,0.0,2025
676604,Tyler Zuber,146,Miami Marlins,,P,2026,,,,,,,,,,,,,,,,,,,,,,,,,,,,,,,,,,,,,,,,,,,,,,,,,2025
680700,Richie Palacios,139,Tampa Bay Rays,,2B,2026,314.0,270.0,65.0,12.0,2.0,5.0,38.0,0.0,57.0,3.0,2.0,1.0,96.0,39.0,4.0,.241,.339,.356,.695,.286,54.00,1238.0,70.0,81.0,48.0,42.0,14.0,2.0,0.0,1.0,5.0,0.0,9.0,0.0,1.0,0.0,19.0,3.0,3.0,.333,.396,.452,.848,.394,42.00,190.0,11.0,9.0,2025
676609,José Caballero,147,New York Yankees,,SS,2026,369.0,333.0,79.0,12.0,0.0,12.0,23.0,0.0,89.0,6.0,4.0,3.0,127.0,44.0,9.0,.237,.295,.381,.676,.284,27.75,1495.0,89.0,83.0,370.0,314.0,74.0,18.0,1.0,5.0,47.0,0.0,98.0,3.0,2.0,4.0,109.0,36.0,1.0,.236,.339,.347,.686,.324,62.80,1501.0,61.0,87.0,2025
699134,Bradgley Rodriguez,135,San Diego Padres,,P,2026,,,,,,,,,,,,,,,,,,,,,,,,,,,,,,,,,,,,,,,,,,,,,,,,,2025
641793,Zack Littell,109,Arizona Diamondbacks,,P,2026,,,,,,,,,,,,,,,,,,,,,,,,,,,,,,,,,,,,,,,,,,,,,,,,,2025
672515,Gabriel Moreno,109,Arizona Diamondbacks,,C,2026,418.0,360.0,111.0,26.0,1.0,10.0,46.0,0.0,64.0,4.0,8.0,0.0,169.0,63.0,8.0,.308,.385,.469,.854,.344,36.00,1837.0,94.0,99.0,309.0,277.0,79.0,12.0,1.0,9.0,29.0,3.0,53.0,1.0,2.0,0.0,120.0,40.0,6.0,.285,.353,.433,.786,.323,30.78,1314.0,60.0,87.0,2025
680716,Jonathan Ornelas,158,Milwaukee Brewers,,SS,2026,22.0,21.0,4.0,0.0,0.0,0.0,1.0,0.0,11.0,0.0,0.0,0.0,4.0,1.0,1.0,.190,.227,.190,.417,.400,-.--,89.0,3.0,3.0,10.0,9.0,2.0,0.0,0.0,0.0,1.0,0.0,3.0,0.0,0.0,0.0,2.0,0.0,0.0,.222,.300,.222,.522,.333,-.--,41.0,3.0,1.0,2025
678662,Ezequiel Tovar,115,Colorado Rockies,,SS,2026,423.0,387.0,79.0,20.0,0.0,9.0,25.0,0.0,107.0,2.0,8.0,1.0,126.0,38.0,6.0,.204,.251,.326,.577,.251,43.00,1564.0,91.0,119.0,390.0,360.0,91.0,18.0,4.0,9.0,21.0,0.0,98.0,1.0,2.0,6.0,144.0,33.0,2.0,.253,.294,.400,.694,.322,40.00,1469.0,76.0,103.0,2025
676620,Blake Weiman,108,Los Angeles Angels,,P,2026,,,,,,,,,,,,,,,,,,,,,,,,,,,,,,,,,,,,,,,,,,,,,,,,,2025
813841,Jonah Cox,137,San Francisco Giants,,CF,2026,46.0,43.0,10.0,1.0,2.0,1.0,0.0,0.0,25.0,0.0,0.0,3.0,18.0,3.0,0.0,.233,.233,.419,.652,.529,43.00,178.0,6.0,5.0,,,,,,,,,,,,,,,,,,,,,,,,,2025
680723,Drew Rom,133,Athletics,,P,2026,,,,,,,,,,,,,,,,,,,,,,,,,,,,,,,,,,,,,,,,,,,,,,,,,2025
606996,Kyle Hart,135,San Diego Padres,,P,2026,,,,,,,,,,,,,,,,,,,,,,,,,,,,,,,,,,,,,,,,,,,,,,,,,2025
543510,James McCann,109,Arizona Diamondbacks,,C,2026,123.0,115.0,34.0,5.0,0.0,4.0,5.0,0.0,29.0,1.0,0.0,2.0,51.0,21.0,4.0,.296,.331,.443,.774,.366,28.75,459.0,30.0,24.0,137.0,123.0,32.0,6.0,0.0,5.0,8.0,0.0,33.0,4.0,1.0,1.0,53.0,17.0,3.0,.260,.324,.431,.755,.314,24.60,507.0,34.0,26.0,2025
592662,Robbie Ray,135,San Diego Padres,,P,2026,,,,,,,,,,,,,,,,,,,,,,,,,,,,,,,,,,,,,,,,,,,,,,,,,2025
641816,Tyler Mahle,144,Atlanta Braves,,P,2026,,,,,,,,,,,,,,,,,,,,,,,,,,,,,,,,,,,,,,,,,,,,,,,,,2025
680732,Sean Burke,145,Chicago White Sox,,P,2026,,,,,,,,,,,,,,,,,,,,,,,,,,,,,,,,,,,,,,,,,,,,,,,,,2025
807712,Luke Keaschall,142,Minnesota Twins,,2B,2026,475.0,405.0,110.0,19.0,1.0,7.0,47.0,1.0,73.0,15.0,7.0,1.0,152.0,36.0,6.0,.272,.363,.375,.738,.310,57.86,1771.0,87.0,143.0,207.0,182.0,55.0,14.0,0.0,4.0,19.0,0.0,29.0,5.0,1.0,0.0,81.0,28.0,4.0,.302,.382,.445,.827,.340,45.50,774.0,49.0,50.0,2025
664353,José Urquidy,145,Chicago White Sox,,P,2026,,,,,,,,,,,,,,,,,,,,,,,,,,,,,,,,,,,,,,,,,,,,,,,,,2025
621345,A.J. Minter,142,Minnesota Twins,,P,2026,,,,,,,,,,,,,,,,,,,,,,,,,,,,,,,,,,,,,,,,,,,,,,,,,2025
695076,Rhett Lowder,113,Cincinnati Reds,,P,2026,,,,,,,,,,,,,,,,,,,,,,,,,,,,,,,,,,,,,,,,,,,,,,,,,2025
680744,Ty Madden,116,Detroit Tigers,,P,2026,,,,,,,,,,,,,,,,,,,,,,,,,,,,,,,,,,,,,,,,,,,,,,,,,2025
690984,Petey Halpin,114,Cleveland Guardians,,CF,2026,144.0,134.0,29.0,4.0,1.0,3.0,4.0,0.0,29.0,2.0,1.0,3.0,44.0,9.0,1.0,.216,.248,.328,.576,.252,44.67,482.0,32.0,48.0,8.0,6.0,2.0,0.0,0.0,0.0,2.0,0.0,2.0,0.0,0.0,0.0,2.0,0.0,0.0,.333,.500,.333,.833,.500,-.--,33.0,1.0,1.0,2025
805673,Zebby Matthews,142,Minnesota Twins,,P,2026,,,,,,,,,,,,,,,,,,,,,,,,,,,,,,,,,,,,,,,,,,,,,,,,,2025
690986,Kyle Harrison,158,Milwaukee Brewers,,P,2026,,,,,,,,,,,,,,,,,,,,,,,,,,,,,,,,,,,,,,,,,,,,,,,,,2025
807727,Charles McAdoo,141,Toronto Blue Jays,,2B,2026,61.0,57.0,15.0,2.0,0.0,2.0,3.0,0.0,17.0,0.0,1.0,0.0,23.0,9.0,1.0,.263,.295,.404,.699,.333,28.50,215.0,9.0,17.0,,,,,,,,,,,,,,,,,,,,,,,,,2025
660271,Shohei Ohtani,119,Los Angeles Dodgers,,TWP,2026,545.0,460.0,134.0,24.0,3.0,30.0,73.0,16.0,126.0,5.0,5.0,0.0,254.0,80.0,8.0,.291,.390,.552,.942,.337,15.33,2044.0,101.0,104.0,727.0,611.0,172.0,25.0,9.0,55.0,109.0,20.0,187.0,3.0,2.0,0.0,380.0,102.0,9.0,.282,.392,.622,1.014,.315,11.11,2865.0,120.0,134.0,2025
680755,Braydon Fisher,141,Toronto Blue Jays,,P,2026,,,,,,,,,,,,,,,,,,,,,,,,,,,,,,,,,,,,,,,,,,,,,,,,,2025
690993,Colt Keith,116,Detroit Tigers,,3B,2026,365.0,334.0,91.0,16.0,4.0,9.0,26.0,0.0,67.0,3.0,2.0,0.0,142.0,32.0,8.0,.272,.329,.425,.754,.315,37.11,1361.0,78.0,100.0,468.0,414.0,106.0,22.0,2.0,13.0,48.0,1.0,102.0,2.0,4.0,0.0,171.0,45.0,7.0,.256,.333,.413,.746,.307,31.85,1826.0,87.0,123.0,2025
690997,Nolan McLean,121,New York Mets,,P,2026,,,,,,,,,,,,,,,,,,,,,,,,,,,,,,,,,,,,,,,,,,,,,,,,,2025
680757,Steven Kwan,114,Cleveland Guardians,,LF,2026,492.0,411.0,109.0,15.0,2.0,2.0,69.0,1.0,49.0,4.0,3.0,4.0,134.0,25.0,8.0,.265,.374,.326,.700,.295,205.50,1999.0,117.0,143.0,693.0,625.0,170.0,29.0,1.0,11.0,55.0,2.0,60.0,3.0,7.0,3.0,234.0,56.0,3.0,.272,.330,.374,.704,.283,56.82,2786.0,167.0,238.0,2025
680767,Victor Vodnik,146,Miami Marlins,,P,2026,0.0,0.0,0.0,0.0,0.0,0.0,0.0,0.0,0.0,0.0,0.0,0.0,0.0,0.0,0.0,.000,.000,.000,.000,.---,-.--,0.0,0.0,0.0,0.0,0.0,0.0,0.0,0.0,0.0,0.0,0.0,0.0,0.0,0.0,0.0,0.0,0.0,0.0,.000,.000,.000,.000,.---,-.--,0.0,0.0,0.0,2025
607043,Brandon Nimmo,140,Texas Rangers,,RF,2026,519.0,470.0,125.0,28.0,4.0,13.0,41.0,2.0,111.0,6.0,2.0,0.0,200.0,48.0,12.0,.266,.331,.426,.757,.322,36.15,2017.0,111.0,125.0,652.0,587.0,154.0,27.0,0.0,25.0,50.0,1.0,141.0,7.0,7.0,1.0,256.0,92.0,8.0,.262,.324,.436,.760,.301,23.48,2602.0,149.0,151.0,2025
691011,Drew Romo,145,Chicago White Sox,,C,2026,178.0,159.0,22.0,5.0,0.0,7.0,15.0,0.0,43.0,2.0,1.0,1.0,48.0,16.0,4.0,.138,.220,.302,.522,.136,22.71,631.0,42.0,54.0,3.0,3.0,0.0,0.0,0.0,0.0,0.0,0.0,3.0,0.0,0.0,0.0,0.0,0.0,0.0,.000,.000,.000,.000,.---,-.--,12.0,0.0,0.0,2025
676680,Tom Cosgrove,120,Washington Nationals,,P,2026,,,,,,,,,,,,,,,,,,,,,,,,,,,,,,,,,,,,,,,,,,,,,,,,,2025
514888,Jose Altuve,117,Houston Astros,,2B,2026,436.0,396.0,98.0,16.0,2.0,13.0,35.0,1.0,88.0,2.0,2.0,1.0,157.0,37.0,16.0,.247,.310,.396,.706,.286,30.46,1562.0,120.0,93.0,654.0,588.0,156.0,24.0,1.0,26.0,55.0,5.0,109.0,4.0,6.0,1.0,260.0,77.0,20.0,.265,.329,.442,.771,.283,22.62,2314.0,149.0,181.0,2025
572233,Christian Walker,117,Houston Astros,,1B,2026,508.0,455.0,106.0,24.0,1.0,23.0,42.0,2.0,121.0,9.0,2.0,0.0,201.0,72.0,13.0,.233,.309,.442,.751,.265,19.78,1988.0,107.0,123.0,640.0,585.0,139.0,24.0,1.0,27.0,40.0,1.0,177.0,11.0,4.0,0.0,246.0,88.0,10.0,.238,.297,.421,.718,.291,21.67,2513.0,111.0,162.0,2025
680779,Henry Davis,134,Pittsburgh Pirates,,C,2026,257.0,224.0,38.0,5.0,0.0,8.0,23.0,0.0,55.0,7.0,2.0,1.0,67.0,32.0,5.0,.170,.266,.299,.565,.184,28.00,954.0,49.0,85.0,283.0,252.0,42.0,7.0,0.0,7.0,18.0,0.0,76.0,5.0,3.0,3.0,70.0,22.0,2.0,.167,.234,.278,.512,.203,36.00,1069.0,48.0,92.0,2025
680776,Jarren Duran,111,Boston Red Sox,,LF,2026,508.0,460.0,96.0,13.0,4.0,17.0,34.0,2.0,143.0,5.0,7.0,2.0,168.0,62.0,4.0,.209,.267,.365,.632,.257,27.06,1875.0,119.0,111.0,696.0,620.0,159.0,41.0,13.0,16.0,60.0,1.0,169.0,12.0,3.0,1.0,274.0,84.0,6.0,.256,.332,.442,.774,.326,38.75,2624.0,137.0,159.0,2025
670541,Yordan Alvarez,117,Houston Astros,,DH,2026,557.0,458.0,147.0,28.0,0.0,36.0,87.0,24.0,95.0,8.0,4.0,0.0,283.0,90.0,5.0,.321,.434,.618,1.052,.335,12.72,2122.0,76.0,144.0,199.0,165.0,45.0,8.0,0.0,6.0,28.0,5.0,33.0,0.0,6.0,0.0,71.0,27.0,1.0,.273,.367,.430,.797,.295,27.50,803.0,34.0,59.0,2025
682829,Elly De La Cruz,113,Cincinnati Reds,,SS,2026,491.0,432.0,111.0,19.0,5.0,20.0,54.0,0.0,134.0,2.0,3.0,0.0,200.0,57.0,6.0,.257,.340,.463,.803,.324,21.60,1993.0,103.0,87.0,699.0,629.0,166.0,31.0,7.0,22.0,67.0,10.0,181.0,2.0,1.0,0.0,277.0,86.0,14.0,.264,.336,.440,.776,.337,28.59,2678.0,166.0,117.0,2025
682825,Luis Mey,113,Cincinnati Reds,,P,2026,,,,,,,,,,,,,,,,,,,,,,,,,,,,,,,,,,,,,,,,,,,,,,,,,2025
680777,Ryan Jeffers,142,Minnesota Twins,,C,2026,263.0,222.0,62.0,14.0,1.0,10.0,37.0,1.0,43.0,2.0,1.0,0.0,108.0,42.0,3.0,.279,.385,.486,.871,.306,22.20,1120.0,53.0,66.0,464.0,406.0,108.0,26.0,0.0,9.0,50.0,1.0,91.0,7.0,1.0,0.0,161.0,47.0,9.0,.266,.356,.397,.753,.322,45.11,1879.0,91.0,117.0,2025
445276,Kenley Jansen,116,Detroit Tigers,,P,2026,0.0,0.0,0.0,0.0,0.0,0.0,0.0,0.0,0.0,0.0,0.0,0.0,0.0,0.0,0.0,.000,.000,.000,.000,.---,-.--,0.0,0.0,0.0,0.0,0.0,0.0,0.0,0.0,0.0,0.0,0.0,0.0,0.0,0.0,0.0,0.0,0.0,0.0,.000,.000,.000,.000,.---,-.--,0.0,0.0,0.0,2025
623454,Drew Anderson,116,Detroit Tigers,,P,2026,,,,,,,,,,,,,,,,,,,,,,,,,,,,,,,,,,,,,,,,,,,,,,,,,2025
607074,Carlos Rodón,147,New York Yankees,,P,2026,,,,,,,,,,,,,,,,,,,,,,,,,,,,,,,,,,,,,,,,,,,,,,,,,2025
623465,Evan Phillips,119,Los Angeles Dodgers,,P,2026,,,,,,,,,,,,,,,,,,,,,,,,,,,,,,,,,,,,,,,,,,,,,,,,,2025
686948,Drake Baldwin,144,Atlanta Braves,,C,2026,470.0,416.0,112.0,10.0,0.0,21.0,46.0,2.0,98.0,7.0,1.0,0.0,185.0,63.0,13.0,.269,.351,.445,.796,.305,19.81,1795.0,114.0,93.0,446.0,405.0,111.0,18.0,2.0,19.0,38.0,0.0,68.0,3.0,0.0,0.0,190.0,80.0,9.0,.274,.341,.469,.810,.289,21.32,1750.0,131.0,95.0,2025
656234,Jake Bird,120,Washington Nationals,,P,2026,0.0,0.0,0.0,0.0,0.0,0.0,0.0,0.0,0.0,0.0,0.0,0.0,0.0,0.0,0.0,.000,.000,.000,.000,.---,-.--,0.0,0.0,0.0,0.0,0.0,0.0,0.0,0.0,0.0,0.0,0.0,0.0,0.0,0.0,0.0,0.0,0.0,0.0,.000,.000,.000,.000,.---,-.--,0.0,0.0,0.0,2025
594798,Jacob deGrom,140,Texas Rangers,,P,2026,,,,,,,,,,,,,,,,,,,,,,,,,,,,,,,,,,,,,,,,,,,,,,,,,2025
656240,Scott Blewett,133,Athletics,,P,2026,,,,,,,,,,,,,,,,,,,,,,,,,,,,,,,,,,,,,,,,,,,,,,,,,2025
623474,Jimmy Herget,115,Colorado Rockies,,P,2026,0.0,0.0,0.0,0.0,0.0,0.0,0.0,0.0,0.0,0.0,0.0,0.0,0.0,0.0,0.0,.000,.000,.000,.000,.---,-.--,0.0,0.0,0.0,,,,,,,,,,,,,,,,,,,,,,,,,2025
676724,Jared Young,121,New York Mets,,1B,2026,256.0,230.0,62.0,12.0,2.0,8.0,18.0,0.0,47.0,6.0,2.0,0.0,102.0,30.0,4.0,.270,.336,.443,.779,.305,28.75,989.0,61.0,62.0,47.0,43.0,8.0,1.0,0.0,4.0,2.0,0.0,16.0,1.0,1.0,0.0,21.0,6.0,1.0,.186,.234,.488,.722,.167,10.75,192.0,6.0,14.0,2025
686973,Louis Varland,141,Toronto Blue Jays,,P,2026,,,,,,,,,,,,,,,,,,,,,,,,,,,,,,,,,,,,,,,,,,,,,,,,,2025
621439,Byron Buxton,142,Minnesota Twins,,CF,2026,391.0,355.0,90.0,17.0,1.0,25.0,28.0,2.0,95.0,6.0,2.0,0.0,184.0,46.0,3.0,.254,.317,.518,.835,.274,14.20,1439.0,57.0,115.0,542.0,488.0,129.0,21.0,7.0,35.0,41.0,5.0,148.0,7.0,6.0,0.0,269.0,83.0,0.0,.264,.327,.551,.878,.302,13.94,2028.0,84.0,133.0,2025
672640,Otto Lopez,146,Miami Marlins,,SS,2026,542.0,501.0,154.0,29.0,7.0,9.0,28.0,0.0,69.0,4.0,9.0,0.0,224.0,55.0,10.0,.307,.343,.447,.790,.336,55.67,1977.0,155.0,132.0,594.0,544.0,134.0,21.0,0.0,15.0,44.0,2.0,82.0,3.0,3.0,0.0,200.0,77.0,9.0,.246,.305,.368,.673,.264,36.27,2129.0,174.0,157.0,2025
676742,Cam Sanders,110,Baltimore Orioles,,P,2026,,,,,,,,,,,,,,,,,,,,,,,,,,,,,,,,,,,,,,,,,,,,,,,,,2025
641927,Bailey Ober,142,Minnesota Twins,,P,2026,,,,,,,,,,,,,,,,,,,,,,,,,,,,,,,,,,,,,,,,,,,,,,,,,2025
592779,Brock Stewart,119,Los Angeles Dodgers,,P,2026,,,,,,,,,,,,,,,,,,,,,,,,,,,,,,,,,,,,,,,,,,,,,,,,,2025
641933,Tyler O'Neill,110,Baltimore Orioles,,RF,2026,256.0,227.0,49.0,8.0,0.0,10.0,27.0,0.0,72.0,2.0,0.0,0.0,87.0,23.0,5.0,.216,.305,.383,.688,.269,22.70,1035.0,39.0,67.0,209.0,181.0,36.0,6.0,1.0,9.0,22.0,1.0,51.0,3.0,3.0,0.0,71.0,26.0,2.0,.199,.292,.392,.684,.218,20.11,821.0,35.0,62.0,2025
553869,Elias Díaz,140,Texas Rangers,,C,2026,169.0,161.0,37.0,9.0,0.0,5.0,4.0,1.0,39.0,1.0,1.0,2.0,61.0,20.0,2.0,.230,.251,.379,.630,.271,32.20,638.0,37.0,51.0,283.0,255.0,52.0,7.0,0.0,9.0,21.0,0.0,74.0,2.0,0.0,5.0,86.0,29.0,11.0,.204,.270,.337,.607,.250,28.33,1055.0,51.0,83.0,2025
502671,Paul Goldschmidt,147,New York Yankees,,1B,2026,334.0,304.0,75.0,11.0,1.0,16.0,26.0,2.0,81.0,3.0,1.0,0.0,136.0,44.0,6.0,.247,.311,.447,.758,.284,19.00,1328.0,78.0,71.0,534.0,489.0,134.0,31.0,1.0,10.0,36.0,5.0,100.0,4.0,2.0,0.0,197.0,45.0,8.0,.274,.328,.403,.731,.325,48.90,2092.0,113.0,144.0,2025
656271,Brock Burke,113,Cincinnati Reds,,P,2026,,,,,,,,,,,,,,,,,,,,,,,,,,,,,,,,,,,,,,,,,,,,,,,,,2025
641941,Emilio Pagán,113,Cincinnati Reds,,P,2026,,,,,,,,,,,,,,,,,,,,,,,,,,,,,,,,,,,,,,,,,,,,,,,,,2025
670623,Isaac Paredes,117,Houston Astros,,3B,2026,517.0,446.0,117.0,23.0,1.0,16.0,50.0,0.0,69.0,17.0,4.0,0.0,190.0,68.0,13.0,.262,.356,.426,.782,.277,27.88,2286.0,78.0,186.0,438.0,378.0,96.0,15.0,1.0,20.0,50.0,0.0,76.0,8.0,2.0,0.0,173.0,53.0,10.0,.254,.352,.458,.810,.268,18.90,1943.0,73.0,135.0,2025
656288,Griffin Canning,135,San Diego Padres,,P,2026,,,,,,,,,,,,,,,,,,,,,,,,,,,,,,,,,,,,,,,,,,,,,,,,,2025
680869,Zack Gelof,133,Athletics,,3B,2026,294.0,268.0,71.0,12.0,1.0,14.0,20.0,0.0,73.0,4.0,0.0,2.0,127.0,36.0,5.0,.265,.325,.474,.799,.315,19.14,1136.0,62.0,64.0,101.0,92.0,16.0,3.0,0.0,2.0,7.0,0.0,46.0,0.0,1.0,1.0,25.0,7.0,0.0,.174,.230,.272,.502,.311,46.00,416.0,12.0,20.0,2025
656302,Dylan Cease,141,Toronto Blue Jays,,P,2026,,,,,,,,,,,,,,,,,,,,,,,,,,,,,,,,,,,,,,,,,,,,,,,,,2025
699302,Héctor Rodríguez,113,Cincinnati Reds,,RF,2026,37.0,34.0,4.0,1.0,0.0,0.0,3.0,0.0,9.0,0.0,0.0,0.0,5.0,2.0,0.0,.118,.189,.147,.336,.160,-.--,136.0,13.0,8.0,,,,,,,,,,,,,,,,,,,,,,,,,2025
701358,Cam Smith,117,Houston Astros,,RF,2026,460.0,412.0,90.0,15.0,3.0,17.0,35.0,0.0,113.0,6.0,6.0,0.0,162.0,48.0,9.0,.218,.285,.393,.678,.253,24.24,1870.0,111.0,104.0,493.0,441.0,104.0,21.0,3.0,9.0,43.0,0.0,137.0,7.0,2.0,0.0,158.0,51.0,11.0,.236,.312,.358,.670,.320,49.00,2024.0,104.0,98.0,2025
682928,CJ Abrams,120,Washington Nationals,,SS,2026,534.0,470.0,131.0,25.0,3.0,29.0,46.0,2.0,124.0,12.0,6.0,0.0,249.0,91.0,6.0,.279,.354,.530,.884,.316,16.21,2044.0,92.0,129.0,635.0,580.0,149.0,35.0,5.0,19.0,37.0,1.0,125.0,14.0,3.0,1.0,251.0,60.0,5.0,.257,.315,.433,.748,.296,30.53,2320.0,141.0,169.0,2025
684974,Craig Yoho,114,Cleveland Guardians,,P,2026,,,,,,,,,,,,,,,,,,,,,,,,,,,,,,,,,,,,,,,,,,,,,,,,,2025
805808,Kevin McGonigle,116,Detroit Tigers,,SS,2026,560.0,476.0,135.0,22.0,3.0,13.0,78.0,1.0,78.0,3.0,3.0,0.0,202.0,53.0,5.0,.284,.386,.424,.810,.314,36.62,2238.0,89.0,177.0,,,,,,,,,,,,,,,,,,,,,,,,,2025
805811,Bryce Eldridge,137,San Francisco Giants,,DH,2026,347.0,303.0,75.0,15.0,0.0,14.0,43.0,1.0,92.0,0.0,1.0,0.0,132.0,34.0,0.0,.248,.340,.436,.776,.308,21.64,1459.0,63.0,74.0,37.0,28.0,3.0,2.0,0.0,0.0,7.0,0.0,13.0,1.0,1.0,0.0,5.0,4.0,0.0,.107,.297,.179,.476,.188,-.--,160.0,6.0,7.0,2025
672695,Geraldo Perdomo,109,Arizona Diamondbacks,,SS,2026,538.0,447.0,111.0,18.0,6.0,9.0,75.0,0.0,67.0,4.0,6.0,6.0,168.0,44.0,9.0,.248,.357,.376,.733,.271,49.67,2284.0,131.0,150.0,720.0,597.0,173.0,33.0,5.0,20.0,94.0,1.0,83.0,10.0,11.0,8.0,276.0,100.0,11.0,.290,.389,.462,.851,.303,29.85,3007.0,167.0,193.0,2025
695239,Robby Ahlstrom,140,Texas Rangers,,P,2026,,,,,,,,,,,,,,,,,,,,,,,,,,,,,,,,,,,,,,,,,,,,,,,,,2025
680899,Erik Tolman,120,Washington Nationals,,P,2026,,,,,,,,,,,,,,,,,,,,,,,,,,,,,,,,,,,,,,,,,,,,,,,,,2025
695243,Mason Miller,135,San Diego Padres,,P,2026,,,,,,,,,,,,,,,,,,,,,,,,,,,,,,,,,,,,,,,,,,,,,,,,,2025
605135,Chris Bassitt,110,Baltimore Orioles,,P,2026,,,,,,,,,,,,,,,,,,,,,,,,,,,,,,,,,,,,,,,,,,,,,,,,,2025
672724,Oswald Peraza,108,Los Angeles Angels,,2B,2026,325.0,301.0,68.0,12.0,2.0,7.0,14.0,0.0,97.0,8.0,1.0,1.0,105.0,24.0,8.0,.226,.278,.349,.627,.308,43.00,1225.0,76.0,62.0,265.0,244.0,40.0,6.0,0.0,5.0,17.0,0.0,80.0,2.0,1.0,0.0,61.0,20.0,6.0,.164,.223,.250,.473,.219,48.80,1005.0,70.0,55.0,2025
605137,Josh Bell,142,Minnesota Twins,,DH,2026,503.0,456.0,117.0,26.0,1.0,17.0,41.0,0.0,104.0,3.0,2.0,0.0,196.0,77.0,12.0,.257,.321,.430,.751,.297,26.82,1990.0,116.0,121.0,533.0,468.0,111.0,16.0,1.0,22.0,57.0,1.0,88.0,5.0,3.0,0.0,195.0,63.0,15.0,.237,.325,.417,.742,.247,21.27,2102.0,137.0,135.0,2025
605141,Mookie Betts,119,Los Angeles Dodgers,,SS,2026,387.0,357.0,85.0,14.0,0.0,16.0,28.0,3.0,44.0,1.0,1.0,0.0,147.0,46.0,13.0,.238,.295,.412,.707,.232,22.31,1392.0,81.0,148.0,663.0,589.0,152.0,23.0,2.0,20.0,61.0,2.0,68.0,3.0,10.0,0.0,239.0,82.0,15.0,.258,.326,.406,.732,.258,29.45,2460.0,136.0,243.0,2025
701398,Sal Stewart,113,Cincinnati Reds,,1B,2026,557.0,491.0,127.0,24.0,0.0,27.0,55.0,5.0,122.0,4.0,7.0,0.0,232.0,96.0,14.0,.259,.334,.473,.807,.287,18.18,2192.0,130.0,119.0,58.0,55.0,14.0,1.0,0.0,5.0,3.0,0.0,15.0,0.0,0.0,0.0,30.0,8.0,1.0,.255,.293,.545,.838,.257,11.00,217.0,10.0,16.0,2025
687064,Brandon Young,110,Baltimore Orioles,,P,2026,,,,,,,,,,,,,,,,,,,,,,,,,,,,,,,,,,,,,,,,,,,,,,,,,2025
695257,Billy Cook,134,Pittsburgh Pirates,,CF,2026,49.0,48.0,9.0,1.0,1.0,0.0,1.0,0.0,19.0,0.0,0.0,0.0,12.0,2.0,0.0,.188,.204,.250,.454,.310,-.--,169.0,7.0,13.0,6.0,6.0,2.0,0.0,0.0,0.0,0.0,0.0,1.0,0.0,0.0,0.0,2.0,0.0,0.0,.333,.333,.333,.666,.400,-.--,20.0,2.0,1.0,2025
607200,Erick Fedde,145,Chicago White Sox,,P,2026,,,,,,,,,,,,,,,,,,,,,,,,,,,,,,,,,,,,,,,,,,,,,,,,,2025
592866,Trevor Williams,120,Washington Nationals,,P,2026,,,,,,,,,,,,,,,,,,,,,,,,,,,,,,,,,,,,,,,,,,,,,,,,,2025
678882,Ceddanne Rafaela,111,Boston Red Sox,,CF,2026,518.0,487.0,139.0,32.0,3.0,16.0,19.0,0.0,105.0,8.0,2.0,2.0,225.0,64.0,10.0,.285,.322,.462,.784,.334,30.44,1896.0,120.0,127.0,587.0,546.0,136.0,34.0,4.0,16.0,28.0,0.0,117.0,8.0,2.0,3.0,226.0,63.0,9.0,.249,.295,.414,.709,.289,34.12,2128.0,139.0,159.0,2025
682987,Spencer Jones,147,New York Yankees,,CF,2026,170.0,153.0,35.0,7.0,1.0,7.0,16.0,1.0,62.0,1.0,0.0,0.0,65.0,21.0,0.0,.229,.306,.425,.731,.333,21.86,724.0,18.0,38.0,,,,,,,,,,,,,,,,,,,,,,,,,2025
682989,Victor Mederos,144,Atlanta Braves,,P,2026,1.0,1.0,1.0,0.0,0.0,0.0,0.0,0.0,0.0,0.0,0.0,0.0,1.0,2.0,0.0,1.000,1.000,1.000,2.000,1.000,-.--,3.0,0.0,0.0,,,,,,,,,,,,,,,,,,,,,,,,,2025
605170,Victor Caratini,142,Minnesota Twins,,C,2026,335.0,285.0,64.0,9.0,0.0,7.0,32.0,1.0,67.0,10.0,8.0,0.0,94.0,38.0,6.0,.225,.316,.330,.646,.260,40.71,1271.0,78.0,84.0,386.0,344.0,89.0,14.0,0.0,12.0,23.0,0.0,65.0,13.0,6.0,0.0,139.0,46.0,8.0,.259,.324,.404,.728,.282,28.67,1417.0,93.0,103.0,2025
687093,Vaughn Grissom,108,Los Angeles Angels,,2B,2026,333.0,299.0,74.0,17.0,0.0,7.0,23.0,0.0,62.0,6.0,4.0,0.0,112.0,50.0,13.0,.247,.310,.375,.685,.286,42.71,1270.0,80.0,87.0,,,,,,,,,,,,,,,,,,,,,,,,,2025
592885,Christian Yelich,158,Milwaukee Brewers,,DH,2026,389.0,343.0,79.0,18.0,2.0,9.0,38.0,3.0,105.0,4.0,3.0,1.0,128.0,44.0,6.0,.230,.312,.373,.685,.302,38.11,1653.0,107.0,56.0,644.0,573.0,151.0,21.0,0.0,29.0,64.0,6.0,167.0,6.0,1.0,0.0,259.0,103.0,6.0,.264,.343,.452,.795,.323,19.76,2601.0,174.0,82.0,2025
682998,Corbin Carroll,109,Arizona Diamondbacks,,RF,2026,543.0,467.0,116.0,27.0,15.0,18.0,65.0,3.0,117.0,8.0,3.0,0.0,227.0,57.0,6.0,.248,.348,.486,.834,.293,25.94,2128.0,104.0,133.0,642.0,564.0,146.0,32.0,17.0,31.0,67.0,4.0,153.0,7.0,4.0,0.0,305.0,84.0,6.0,.259,.343,.541,.884,.299,18.19,2497.0,111.0,158.0,2025
678906,Kai-Wei Teng,117,Houston Astros,,P,2026,,,,,,,,,,,,,,,,,,,,,,,,,,,,,,,,,,,,,,,,,,,,,,,,,2025
683003,Jared Jones,134,Pittsburgh Pirates,,P,2026,,,,,,,,,,,,,,,,,,,,,,,,,,,,,,,,,,,,,,,,,,,,,,,,,2025
621566,Matt Olson,144,Atlanta Braves,,1B,2026,561.0,499.0,130.0,31.0,0.0,36.0,56.0,4.0,143.0,3.0,3.0,0.0,269.0,77.0,7.0,.261,.337,.539,.876,.291,13.86,2409.0,99.0,130.0,724.0,624.0,170.0,41.0,2.0,29.0,91.0,2.0,176.0,4.0,5.0,0.0,302.0,95.0,14.0,.272,.366,.484,.850,.333,21.52,3166.0,133.0,150.0,2025
683002,Gunnar Henderson,110,Baltimore Orioles,,SS,2026,579.0,514.0,114.0,23.0,4.0,20.0,54.0,3.0,128.0,9.0,2.0,0.0,205.0,51.0,7.0,.222,.306,.399,.705,.255,25.70,2275.0,127.0,147.0,651.0,577.0,158.0,34.0,5.0,17.0,62.0,6.0,137.0,7.0,5.0,0.0,253.0,68.0,7.0,.274,.349,.438,.787,.329,33.94,2506.0,161.0,126.0,2025
668670,Jake Rogers,145,Chicago White Sox,,C,2026,141.0,118.0,21.0,4.0,1.0,4.0,18.0,0.0,40.0,1.0,3.0,1.0,39.0,13.0,3.0,.178,.286,.331,.617,.221,29.50,563.0,25.0,36.0,142.0,123.0,23.0,5.0,2.0,3.0,15.0,0.0,39.0,1.0,2.0,1.0,41.0,19.0,3.0,.187,.277,.333,.610,.241,41.00,570.0,34.0,30.0,2025
642048,Tayler Saucedo,108,Los Angeles Angels,,P,2026,,,,,,,,,,,,,,,,,,,,,,,,,,,,,,,,,,,,,,,,,,,,,,,,,2025
666624,Christopher Morel,121,New York Mets,,1B,2026,77.0,71.0,12.0,3.0,0.0,0.0,5.0,0.0,28.0,1.0,0.0,0.0,15.0,1.0,0.0,.169,.234,.211,.445,.279,-.--,271.0,13.0,18.0,305.0,278.0,61.0,16.0,0.0,11.0,25.0,0.0,109.0,2.0,0.0,0.0,110.0,33.0,8.0,.219,.289,.396,.685,.316,25.27,1177.0,40.0,68.0,2025
500743,Miguel Rojas,119,Los Angeles Dodgers,,2B,2026,197.0,174.0,48.0,12.0,0.0,3.0,13.0,0.0,21.0,2.0,6.0,2.0,69.0,18.0,8.0,.276,.323,.397,.720,.288,58.00,702.0,55.0,58.0,317.0,290.0,76.0,18.0,0.0,7.0,24.0,1.0,46.0,0.0,0.0,3.0,115.0,27.0,7.0,.262,.318,.397,.715,.291,41.43,1166.0,83.0,88.0,2025
553993,Eugenio Suárez,113,Cincinnati Reds,,DH,2026,388.0,343.0,71.0,16.0,0.0,18.0,38.0,1.0,138.0,4.0,3.0,0.0,141.0,51.0,4.0,.207,.291,.411,.702,.279,19.06,1581.0,58.0,79.0,657.0,588.0,134.0,28.0,0.0,49.0,46.0,2.0,196.0,16.0,7.0,0.0,309.0,118.0,11.0,.228,.298,.526,.824,.243,12.00,2606.0,100.0,165.0,2025
676879,Aaron Ashby,158,Milwaukee Brewers,,P,2026,,,,,,,,,,,,,,,,,,,,,,,,,,,,,,,,,,,,,,,,,,,,,,,,,2025
672782,Yoendrys Gómez,142,Minnesota Twins,,P,2026,,,,,,,,,,,,,,,,,,,,,,,,,,,,,,,,,,,,,,,,,,,,,,,,,2025
683021,Michael Stefanic,133,Athletics,,2B,2026,5.0,5.0,2.0,0.0,0.0,0.0,0.0,0.0,1.0,0.0,0.0,0.0,2.0,0.0,0.0,.400,.400,.400,.800,.500,-.--,16.0,2.0,0.0,25.0,22.0,4.0,0.0,0.0,0.0,3.0,0.0,3.0,0.0,0.0,0.0,4.0,0.0,0.0,.182,.280,.182,.462,.211,-.--,98.0,7.0,8.0,2025
543760,Marcus Semien,121,New York Mets,,2B,2026,424.0,386.0,82.0,10.0,1.0,14.0,32.0,0.0,93.0,1.0,4.0,1.0,136.0,42.0,10.0,.212,.272,.352,.624,.240,27.57,1597.0,82.0,134.0,534.0,470.0,108.0,16.0,1.0,15.0,50.0,0.0,93.0,5.0,9.0,0.0,171.0,62.0,8.0,.230,.305,.364,.669,.251,31.33,2075.0,101.0,177.0,2025
674841,Andrew Alvarez,120,Washington Nationals,,P,2026,,,,,,,,,,,,,,,,,,,,,,,,,,,,,,,,,,,,,,,,,,,,,,,,,2025
607259,Nick Martinez,139,Tampa Bay Rays,,P,2026,,,,,,,,,,,,,,,,,,,,,,,,,,,,,,,,,,,,,,,,,,,,,,,,,2025
703520,Brett Bateman,141,Toronto Blue Jays,,CF,2026,56.0,53.0,16.0,3.0,1.0,0.0,3.0,0.0,11.0,0.0,0.0,0.0,21.0,4.0,0.0,.302,.339,.396,.735,.381,-.--,185.0,18.0,8.0,,,,,,,,,,,,,,,,,,,,,,,,,2025
668709,JJ Bleday,113,Cincinnati Reds,,LF,2026,419.0,355.0,77.0,13.0,1.0,20.0,59.0,1.0,93.0,2.0,2.0,0.0,152.0,48.0,5.0,.217,.330,.428,.758,.234,17.75,1657.0,59.0,128.0,344.0,307.0,65.0,17.0,0.0,14.0,36.0,2.0,91.0,0.0,1.0,0.0,124.0,39.0,6.0,.212,.294,.404,.698,.251,21.93,1328.0,61.0,91.0,2025
670764,Taylor Walls,139,Tampa Bay Rays,,SS,2026,363.0,311.0,69.0,14.0,2.0,2.0,37.0,0.0,89.0,2.0,3.0,10.0,93.0,31.0,4.0,.222,.306,.299,.605,.300,155.50,1437.0,74.0,92.0,317.0,282.0,62.0,14.0,1.0,4.0,26.0,0.0,70.0,0.0,6.0,3.0,90.0,38.0,1.0,.220,.280,.319,.599,.271,70.50,1278.0,70.0,89.0,2025
642086,Dominic Smith,144,Atlanta Braves,,DH,2026,286.0,257.0,67.0,6.0,1.0,8.0,21.0,1.0,45.0,2.0,5.0,1.0,99.0,44.0,6.0,.261,.316,.385,.701,.282,32.12,1098.0,73.0,78.0,225.0,204.0,58.0,12.0,0.0,5.0,15.0,0.0,42.0,2.0,4.0,0.0,85.0,33.0,5.0,.284,.333,.417,.750,.329,40.80,848.0,46.0,62.0,2025
666661,Juan Morillo,109,Arizona Diamondbacks,,P,2026,,,,,,,,,,,,,,,,,,,,,,,,,0.0,0.0,0.0,0.0,0.0,0.0,0.0,0.0,0.0,0.0,0.0,0.0,0.0,0.0,0.0,.000,.000,.000,.000,.---,-.--,0.0,0.0,0.0,2025
676914,Davis Schneider,141,Toronto Blue Jays,,LF,2026,140.0,113.0,16.0,6.0,0.0,3.0,25.0,0.0,47.0,0.0,1.0,1.0,31.0,12.0,1.0,.142,.295,.274,.569,.203,37.67,633.0,18.0,34.0,227.0,188.0,44.0,5.0,0.0,11.0,36.0,0.0,60.0,2.0,1.0,0.0,82.0,31.0,4.0,.234,.361,.436,.797,.280,17.09,1012.0,26.0,59.0,2025
676917,Cade Cavalli,120,Washington Nationals,,P,2026,,,,,,,,,,,,,,,,,,,,,,,,,0.0,0.0,0.0,0.0,0.0,0.0,0.0,0.0,0.0,0.0,0.0,0.0,0.0,0.0,0.0,.000,.000,.000,.000,.---,-.--,0.0,0.0,0.0,2025
670770,TJ Friedl,113,Cincinnati Reds,,CF,2026,250.0,219.0,35.0,6.0,1.0,3.0,20.0,0.0,58.0,5.0,1.0,5.0,52.0,11.0,3.0,.160,.245,.237,.482,.201,73.00,927.0,59.0,73.0,685.0,579.0,151.0,22.0,2.0,14.0,81.0,0.0,115.0,16.0,5.0,4.0,219.0,53.0,7.0,.261,.364,.378,.742,.301,41.36,2645.0,141.0,181.0,2025
668723,Ryan Vilade,139,Tampa Bay Rays,,RF,2026,216.0,193.0,51.0,8.0,1.0,11.0,18.0,1.0,48.0,1.0,3.0,1.0,94.0,37.0,4.0,.264,.326,.487,.813,.292,17.54,858.0,41.0,57.0,15.0,13.0,1.0,0.0,0.0,0.0,2.0,0.0,5.0,0.0,0.0,0.0,1.0,0.0,1.0,.077,.200,.077,.277,.125,-.--,60.0,6.0,1.0,2025
693304,Nick Gonzales,134,Pittsburgh Pirates,,3B,2026,499.0,456.0,142.0,22.0,1.0,6.0,33.0,0.0,83.0,9.0,1.0,0.0,184.0,55.0,12.0,.311,.369,.404,.773,.370,76.00,1831.0,131.0,101.0,408.0,381.0,99.0,18.0,3.0,5.0,21.0,0.0,73.0,2.0,4.0,0.0,138.0,30.0,12.0,.260,.299,.362,.661,.306,76.20,1405.0,104.0,109.0,2025
605242,Michael Fulmer,108,Los Angeles Angels,,P,2026,,,,,,,,,,,,,,,,,,,,,,,,,,,,,,,,,,,,,,,,,,,,,,,,,2025
693308,Nick Frasso,115,Colorado Rockies,,P,2026,,,,,,,,,,,,,,,,,,,,,,,,,,,,,,,,,,,,,,,,,,,,,,,,,2025
543807,George Springer,141,Toronto Blue Jays,,DH,2026,410.0,362.0,85.0,15.0,2.0,12.0,40.0,0.0,77.0,3.0,2.0,0.0,140.0,40.0,9.0,.235,.314,.387,.701,.265,30.17,1641.0,101.0,101.0,586.0,498.0,154.0,27.0,1.0,32.0,69.0,3.0,111.0,8.0,4.0,0.0,279.0,84.0,14.0,.309,.399,.560,.959,.340,15.56,2307.0,105.0,132.0,2025
693307,Dillon Dingler,116,Detroit Tigers,,C,2026,505.0,456.0,115.0,24.0,2.0,26.0,31.0,0.0,112.0,13.0,3.0,0.0,221.0,82.0,11.0,.252,.316,.485,.801,.277,17.54,1959.0,98.0,134.0,469.0,435.0,121.0,21.0,2.0,13.0,23.0,2.0,110.0,9.0,1.0,0.0,185.0,57.0,5.0,.278,.327,.425,.752,.345,33.46,1793.0,91.0,114.0,2025
693313,Carson Seymour,137,San Francisco Giants,,P,2026,,,,,,,,,,,,,,,,,,,,,,,,,,,,,,,,,,,,,,,,,,,,,,,,,2025
519242,Chris Sale,144,Atlanta Braves,,P,2026,,,,,,,,,,,,,,,,,,,,,,,,,,,,,,,,,,,,,,,,,,,,,,,,,2025
681035,Christian Scott,121,New York Mets,,P,2026,,,,,,,,,,,,,,,,,,,,,,,,,,,,,,,,,,,,,,,,,,,,,,,,,2025
683083,Nasim Nuñez,120,Washington Nationals,,2B,2026,422.0,369.0,83.0,4.0,3.0,1.0,44.0,0.0,86.0,1.0,2.0,6.0,96.0,34.0,6.0,.225,.308,.260,.568,.289,369.00,1708.0,116.0,92.0,92.0,82.0,19.0,2.0,0.0,4.0,8.0,0.0,20.0,0.0,1.0,1.0,33.0,13.0,1.0,.232,.297,.402,.699,.254,20.50,417.0,26.0,19.0,2025
701519,Travis Adams,142,Minnesota Twins,,P,2026,,,,,,,,,,,,,,,,,,,,,,,,,,,,,,,,,,,,,,,,,,,,,,,,,2025
656464,Kevin Ginkel,109,Arizona Diamondbacks,,P,2026,,,,,,,,,,,,,,,,,,,,,,,,,,,,,,,,,,,,,,,,,,,,,,,,,2025
685133,Wade Meckler,108,Los Angeles Angels,,LF,2026,229.0,205.0,59.0,10.0,0.0,3.0,21.0,0.0,49.0,2.0,0.0,1.0,78.0,20.0,1.0,.288,.360,.380,.740,.366,68.33,824.0,57.0,41.0,,,,,,,,,,,,,,,,,,,,,,,,,2025
683090,Matthew Lugo,118,Kansas City Royals,,LF,2026,,,,,,,,,,,,,,,,,,,,,,,,,70.0,69.0,16.0,2.0,1.0,4.0,0.0,0.0,24.0,1.0,0.0,0.0,32.0,9.0,3.0,.232,.243,.464,.707,.293,17.25,242.0,18.0,11.0,2025
646241,Enmanuel De Jesus,116,Detroit Tigers,,P,2026,,,,,,,,,,,,,,,,,,,,,,,,,,,,,,,,,,,,,,,,,,,,,,,,,2025
695380,Alex Hoppe,110,Baltimore Orioles,,P,2026,,,,,,,,,,,,,,,,,,,,,,,,,,,,,,,,,,,,,,,,,,,,,,,,,2025
681047,Christian Franklin,110,Baltimore Orioles,,CF,2026,28.0,22.0,4.0,1.0,0.0,0.0,5.0,0.0,7.0,1.0,0.0,0.0,5.0,0.0,0.0,.182,.357,.227,.584,.267,-.--,131.0,4.0,7.0,,,,,,,,,,,,,,,,,,,,,,,,,2025
646240,Rafael Devers,137,San Francisco Giants,,1B,2026,542.0,482.0,118.0,31.0,1.0,26.0,55.0,4.0,142.0,1.0,4.0,0.0,229.0,70.0,12.0,.245,.321,.475,.796,.289,18.54,2217.0,106.0,120.0,729.0,607.0,153.0,33.0,0.0,35.0,112.0,10.0,192.0,6.0,4.0,0.0,291.0,109.0,16.0,.252,.372,.479,.851,.307,17.34,3060.0,139.0,127.0,2025
701538,Jackson Merrill,135,San Diego Padres,,CF,2026,527.0,487.0,116.0,20.0,2.0,19.0,33.0,2.0,132.0,2.0,2.0,3.0,197.0,63.0,8.0,.238,.288,.405,.693,.287,25.63,2082.0,101.0,143.0,483.0,440.0,116.0,25.0,6.0,16.0,33.0,1.0,108.0,4.0,5.0,1.0,201.0,67.0,4.0,.264,.317,.457,.774,.312,27.50,1703.0,88.0,134.0,2025
689254,Mason Fluharty,141,Toronto Blue Jays,,P,2026,,,,,,,,,,,,,,,,,,,,,,,,,,,,,,,,,,,,,,,,,,,,,,,,,2025
701542,Will Warren,147,New York Yankees,,P,2026,,,,,,,,,,,,,,,,,,,,,,,,,,,,,,,,,,,,,,,,,,,,,,,,,2025
605288,Adrian Houser,137,San Francisco Giants,,P,2026,,,,,,,,,,,,,,,,,,,,,,,,,,,,,,,,,,,,,,,,,,,,,,,,,2025
656492,Foster Griffin,114,Cleveland Guardians,,P,2026,,,,,,,,,,,,,,,,,,,,,,,,,,,,,,,,,,,,,,,,,,,,,,,,,2025
805999,A.J. Ewing,121,New York Mets,,CF,2026,362.0,319.0,78.0,16.0,1.0,7.0,35.0,0.0,96.0,2.0,3.0,3.0,117.0,28.0,1.0,.245,.320,.367,.687,.324,45.57,1457.0,70.0,81.0,,,,,,,,,,,,,,,,,,,,,,,,,2025
703601,Max Clark,116,Detroit Tigers,,CF,2026,79.0,73.0,19.0,3.0,2.0,1.0,5.0,0.0,17.0,1.0,0.0,0.0,29.0,9.0,0.0,.260,.316,.397,.713,.327,73.00,292.0,17.0,20.0,,,,,,,,,,,,,,,,,,,,,,,,,2025
689266,Dylan Dodd,144,Atlanta Braves,,P,2026,,,,,,,,,,,,,,,,,,,,,,,,,,,,,,,,,,,,,,,,,,,,,,,,,2025
703607,Henry Bolte,133,Athletics,,CF,2026,322.0,285.0,76.0,10.0,0.0,6.0,22.0,0.0,87.0,11.0,2.0,1.0,104.0,26.0,5.0,.267,.341,.365,.706,.361,47.50,1186.0,86.0,39.0,,,,,,,,,,,,,,,,,,,,,,,,,2025
695418,Brad Lord,120,Washington Nationals,,P,2026,0.0,0.0,0.0,0.0,0.0,0.0,0.0,0.0,0.0,0.0,0.0,0.0,0.0,0.0,0.0,.000,.000,.000,.000,.---,-.--,0.0,0.0,0.0,,,,,,,,,,,,,,,,,,,,,,,,,2025
687231,Darell Hernaiz,133,Athletics,,SS,2026,144.0,127.0,30.0,3.0,0.0,1.0,14.0,0.0,24.0,1.0,0.0,2.0,36.0,7.0,1.0,.236,.317,.283,.600,.284,127.00,558.0,33.0,42.0,197.0,173.0,40.0,5.0,1.0,2.0,17.0,0.0,24.0,0.0,5.0,2.0,53.0,16.0,2.0,.231,.292,.306,.598,.250,86.50,712.0,61.0,55.0,2025
664702,Myles Straw,141,Toronto Blue Jays,,CF,2026,251.0,226.0,48.0,13.0,1.0,3.0,18.0,0.0,35.0,1.0,3.0,3.0,72.0,21.0,2.0,.212,.270,.319,.589,.236,75.33,951.0,71.0,78.0,299.0,267.0,70.0,14.0,1.0,4.0,19.0,0.0,50.0,1.0,1.0,11.0,98.0,32.0,5.0,.262,.313,.367,.680,.308,66.75,1104.0,68.0,91.0,2025
668800,Andrew Knizner,137,San Francisco Giants,,C,2026,9.0,7.0,0.0,0.0,0.0,0.0,2.0,0.0,2.0,0.0,0.0,0.0,0.0,0.0,1.0,.000,.222,.000,.222,.000,-.--,46.0,2.0,3.0,88.0,77.0,17.0,1.0,1.0,1.0,7.0,0.0,10.0,2.0,1.0,1.0,23.0,5.0,0.0,.221,.299,.299,.598,.239,77.00,321.0,24.0,28.0,2025
668804,Bryan Reynolds,134,Pittsburgh Pirates,,LF,2026,565.0,479.0,126.0,31.0,2.0,15.0,75.0,3.0,136.0,9.0,2.0,0.0,206.0,66.0,6.0,.263,.372,.430,.802,.336,31.93,2220.0,123.0,96.0,654.0,587.0,144.0,38.0,3.0,16.0,57.0,1.0,173.0,7.0,3.0,0.0,236.0,73.0,15.0,.245,.318,.402,.720,.319,36.69,2631.0,155.0,118.0,2025
543877,Christian Vázquez,117,Houston Astros,,C,2026,237.0,214.0,47.0,7.0,0.0,7.0,17.0,1.0,45.0,0.0,1.0,5.0,75.0,25.0,3.0,.220,.276,.350,.626,.245,30.57,915.0,55.0,73.0,214.0,190.0,36.0,7.0,0.0,3.0,18.0,0.0,35.0,4.0,2.0,0.0,52.0,14.0,3.0,.189,.271,.274,.545,.214,63.33,833.0,48.0,73.0,2025
547973,Aroldis Chapman,111,Boston Red Sox,,P,2026,0.0,0.0,0.0,0.0,0.0,0.0,0.0,0.0,0.0,0.0,0.0,0.0,0.0,0.0,0.0,.000,.000,.000,.000,.---,-.--,0.0,0.0,0.0,0.0,0.0,0.0,0.0,0.0,0.0,0.0,0.0,0.0,0.0,0.0,0.0,0.0,0.0,0.0,.000,.000,.000,.000,.---,-.--,0.0,0.0,0.0,2025
683146,Brett Baty,121,New York Mets,,3B,2026,395.0,353.0,76.0,15.0,1.0,8.0,34.0,0.0,110.0,3.0,4.0,0.0,117.0,40.0,4.0,.215,.287,.331,.618,.285,44.12,1564.0,78.0,93.0,432.0,393.0,100.0,13.0,2.0,18.0,33.0,0.0,108.0,2.0,3.0,0.0,171.0,50.0,6.0,.254,.313,.435,.748,.304,21.83,1753.0,117.0,71.0,2025
689296,Anthony Nunez,110,Baltimore Orioles,,P,2026,,,,,,,,,,,,,,,,,,,,,,,,,,,,,,,,,,,,,,,,,,,,,,,,,2025
656529,Sam Hentges,137,San Francisco Giants,,P,2026,0.0,0.0,0.0,0.0,0.0,0.0,0.0,0.0,0.0,0.0,0.0,0.0,0.0,0.0,0.0,.000,.000,.000,.000,.---,-.--,0.0,0.0,0.0,,,,,,,,,,,,,,,,,,,,,,,,,2025
668820,Max Kranick,120,Washington Nationals,,P,2026,,,,,,,,,,,,,,,,,,,,,,,,,,,,,,,,,,,,,,,,,,,,,,,,,2025
664728,Kyle Isbel,118,Kansas City Royals,,CF,2026,232.0,209.0,49.0,8.0,1.0,5.0,12.0,0.0,51.0,3.0,2.0,6.0,74.0,19.0,7.0,.234,.283,.354,.637,.284,41.80,827.0,59.0,58.0,409.0,368.0,94.0,16.0,4.0,4.0,23.0,0.0,74.0,2.0,3.0,13.0,130.0,33.0,7.0,.255,.301,.353,.654,.307,92.00,1470.0,119.0,97.0,2025
677020,Josh Walker,110,Baltimore Orioles,,P,2026,,,,,,,,,,,,,,,,,,,,,,,,,,,,,,,,,,,,,,,,,,,,,,,,,2025
687263,Zach Neto,108,Los Angeles Angels,,SS,2026,558.0,497.0,115.0,25.0,3.0,21.0,52.0,1.0,174.0,8.0,1.0,0.0,209.0,61.0,3.0,.231,.314,.421,.735,.310,23.67,2219.0,74.0,135.0,554.0,502.0,129.0,29.0,1.0,26.0,33.0,6.0,149.0,14.0,3.0,2.0,238.0,62.0,5.0,.257,.319,.474,.793,.312,19.31,2171.0,96.0,133.0,2025
642201,Eli White,111,Boston Red Sox,,RF,2026,165.0,153.0,36.0,6.0,1.0,5.0,10.0,0.0,37.0,1.0,1.0,0.0,59.0,19.0,2.0,.235,.285,.386,.671,.277,30.60,648.0,51.0,30.0,271.0,256.0,60.0,8.0,3.0,10.0,11.0,1.0,70.0,2.0,1.0,1.0,104.0,35.0,2.0,.234,.270,.406,.676,.282,25.60,1001.0,61.0,67.0,2025
650402,Gleyber Torres,116,Detroit Tigers,,2B,2026,317.0,267.0,71.0,10.0,0.0,8.0,45.0,1.0,59.0,3.0,2.0,0.0,105.0,34.0,5.0,.266,.375,.393,.768,.312,33.38,1322.0,74.0,65.0,628.0,532.0,136.0,22.0,0.0,16.0,85.0,0.0,101.0,4.0,7.0,0.0,206.0,74.0,11.0,.256,.358,.387,.745,.284,33.25,2652.0,130.0,172.0,2025
642232,Ryan Yarbrough,147,New York Yankees,,P,2026,,,,,,,,,,,,,,,,,,,,,,,,,,,,,,,,,,,,,,,,,,,,,,,,,2025
656546,Jeff Hoffman,142,Minnesota Twins,,P,2026,,,,,,,,,,,,,,,,,,,,,,,,,0.0,0.0,0.0,0.0,0.0,0.0,0.0,0.0,0.0,0.0,0.0,0.0,0.0,0.0,0.0,.000,.000,.000,.000,.---,-.--,0.0,0.0,0.0,2025
656550,Grant Holmes,144,Atlanta Braves,,P,2026,,,,,,,,,,,,,,,,,,,,,,,,,,,,,,,,,,,,,,,,,,,,,,,,,2025
666808,Camilo Doval,134,Pittsburgh Pirates,,P,2026,,,,,,,,,,,,,,,,,,,,,,,,,,,,,,,,,,,,,,,,,,,,,,,,,2025
672960,Kazuma Okamoto,141,Toronto Blue Jays,,3B,2026,511.0,461.0,106.0,18.0,0.0,26.0,42.0,0.0,155.0,6.0,2.0,0.0,202.0,74.0,9.0,.230,.301,.438,.739,.284,17.73,2153.0,80.0,122.0,,,,,,,,,,,,,,,,,,,,,,,,,2025
656577,Alex Jackson,142,Minnesota Twins,,C,2026,69.0,66.0,20.0,4.0,0.0,1.0,1.0,0.0,23.0,2.0,0.0,0.0,27.0,5.0,0.0,.303,.333,.409,.742,.452,66.00,253.0,13.0,10.0,100.0,91.0,20.0,8.0,0.0,5.0,5.0,0.0,37.0,4.0,0.0,0.0,43.0,8.0,2.0,.220,.290,.473,.763,.306,18.20,399.0,16.0,18.0,2025
660670,Ronald Acuña Jr.,144,Atlanta Braves,,RF,2026,339.0,291.0,68.0,12.0,1.0,13.0,41.0,2.0,79.0,5.0,2.0,0.0,121.0,35.0,1.0,.234,.336,.416,.752,.274,22.38,1365.0,67.0,79.0,412.0,338.0,98.0,12.0,1.0,21.0,71.0,4.0,102.0,3.0,0.0,0.0,175.0,42.0,5.0,.290,.417,.518,.935,.358,16.10,1741.0,72.0,66.0,2025
664770,Nathan Lukes,141,Toronto Blue Jays,,RF,2026,340.0,308.0,79.0,11.0,0.0,7.0,19.0,0.0,51.0,5.0,2.0,6.0,111.0,24.0,8.0,.256,.308,.360,.668,.286,44.00,1344.0,107.0,79.0,438.0,388.0,99.0,19.0,2.0,12.0,38.0,2.0,60.0,2.0,3.0,7.0,158.0,65.0,12.0,.255,.323,.407,.730,.273,32.33,1662.0,125.0,114.0,2025
691406,Junior Caminero,139,Tampa Bay Rays,,3B,2026,559.0,489.0,135.0,20.0,1.0,35.0,66.0,10.0,104.0,2.0,2.0,0.0,262.0,81.0,22.0,.276,.363,.536,.899,.284,13.97,2155.0,153.0,99.0,653.0,602.0,159.0,28.0,0.0,45.0,41.0,1.0,125.0,3.0,7.0,0.0,322.0,110.0,31.0,.264,.311,.535,.846,.260,13.38,2494.0,169.0,156.0,2025
660688,Keibert Ruiz,120,Washington Nationals,,C,2026,291.0,272.0,76.0,21.0,0.0,8.0,14.0,1.0,33.0,2.0,3.0,0.0,121.0,43.0,7.0,.279,.316,.445,.761,.291,34.00,930.0,71.0,95.0,267.0,255.0,63.0,12.0,0.0,2.0,8.0,0.0,26.0,3.0,1.0,0.0,81.0,25.0,4.0,.247,.277,.318,.595,.268,127.50,888.0,93.0,74.0,2025
664774,LaMonte Wade Jr.,117,Houston Astros,,LF,2026,104.0,87.0,19.0,4.0,0.0,2.0,17.0,0.0,24.0,0.0,0.0,0.0,29.0,15.0,0.0,.218,.346,.333,.679,.279,43.50,476.0,18.0,26.0,242.0,209.0,35.0,8.0,2.0,2.0,27.0,1.0,58.0,3.0,1.0,2.0,53.0,18.0,2.0,.167,.271,.254,.525,.220,104.50,1039.0,38.0,81.0,2025
695505,Chase Burns,113,Cincinnati Reds,,P,2026,,,,,,,,,,,,,,,,,,,,,,,,,,,,,,,,,,,,,,,,,,,,,,,,,2025
701656,Logan Henderson,158,Milwaukee Brewers,,P,2026,,,,,,,,,,,,,,,,,,,,,,,,,,,,,,,,,,,,,,,,,,,,,,,,,2025
695506,Jac Caglianone,118,Kansas City Royals,,RF,2026,465.0,430.0,119.0,22.0,2.0,22.0,29.0,2.0,120.0,5.0,1.0,0.0,211.0,60.0,5.0,.277,.329,.491,.820,.336,19.54,1659.0,108.0,84.0,232.0,210.0,33.0,6.0,1.0,7.0,18.0,0.0,52.0,4.0,0.0,0.0,62.0,18.0,4.0,.157,.237,.295,.532,.172,30.00,858.0,67.0,58.0,2025
687312,Gabriel Hughes,115,Colorado Rockies,,P,2026,,,,,,,,,,,,,,,,,,,,,,,,,,,,,,,,,,,,,,,,,,,,,,,,,2025
683227,Cody Freeman,140,Texas Rangers,,3B,2026,34.0,29.0,8.0,0.0,0.0,0.0,4.0,0.0,8.0,0.0,0.0,1.0,8.0,1.0,0.0,.276,.364,.276,.640,.381,-.--,135.0,6.0,8.0,121.0,114.0,26.0,4.0,0.0,3.0,5.0,0.0,19.0,0.0,1.0,1.0,39.0,15.0,3.0,.228,.258,.342,.600,.247,38.00,505.0,38.0,33.0,2025
670950,Trevor Richards,145,Chicago White Sox,,P,2026,0.0,0.0,0.0,0.0,0.0,0.0,0.0,0.0,0.0,0.0,0.0,0.0,0.0,0.0,0.0,.000,.000,.000,.000,.---,-.--,0.0,0.0,0.0,0.0,0.0,0.0,0.0,0.0,0.0,0.0,0.0,0.0,0.0,0.0,0.0,0.0,0.0,0.0,.000,.000,.000,.000,.---,-.--,0.0,0.0,0.0,2025
681190,Randy Vásquez,135,San Diego Padres,,P,2026,1.0,1.0,0.0,0.0,0.0,0.0,0.0,0.0,0.0,0.0,0.0,0.0,0.0,0.0,0.0,.000,.000,.000,.000,.000,-.--,1.0,1.0,0.0,,,,,,,,,,,,,,,,,,,,,,,,,2025
687330,Kevin Kelly,139,Tampa Bay Rays,,P,2026,,,,,,,,,,,,,,,,,,,,,,,,,0.0,0.0,0.0,0.0,0.0,0.0,0.0,0.0,0.0,0.0,0.0,0.0,0.0,0.0,0.0,.000,.000,.000,.000,.---,-.--,0.0,0.0,0.0,2025
668904,Royce Lewis,142,Minnesota Twins,,1B,2026,384.0,344.0,82.0,20.0,1.0,13.0,34.0,1.0,98.0,3.0,3.0,0.0,143.0,45.0,3.0,.238,.310,.416,.726,.292,26.46,1511.0,60.0,107.0,403.0,376.0,89.0,18.0,0.0,13.0,25.0,0.0,80.0,0.0,2.0,0.0,146.0,52.0,7.0,.237,.283,.388,.671,.267,28.92,1517.0,76.0,133.0,2025
701678,Hao-Yu Lee,116,Detroit Tigers,,2B,2026,230.0,213.0,59.0,11.0,1.0,6.0,14.0,0.0,53.0,0.0,2.0,1.0,90.0,30.0,1.0,.277,.319,.423,.742,.340,35.50,814.0,45.0,59.0,,,,,,,,,,,,,,,,,,,,,,,,,2025
681198,TJ Rumfield,115,Colorado Rockies,,1B,2026,501.0,440.0,128.0,25.0,2.0,13.0,50.0,0.0,71.0,9.0,2.0,0.0,196.0,60.0,4.0,.291,.373,.445,.818,.321,33.85,1853.0,119.0,124.0,,,,,,,,,,,,,,,,,,,,,,,,,2025
668909,Gavin Williams,114,Cleveland Guardians,,P,2026,,,,,,,,,,,,,,,,,,,,,,,,,,,,,,,,,,,,,,,,,,,,,,,,,2025
685299,Tanner Gordon,115,Colorado Rockies,,P,2026,,,,,,,,,,,,,,,,,,,,,,,,,,,,,,,,,,,,,,,,,,,,,,,,,2025
670970,Adrian Morejon,135,San Diego Padres,,P,2026,,,,,,,,,,,,,,,,,,,,,,,,,,,,,,,,,,,,,,,,,,,,,,,,,2025
650489,Willi Castro,115,Colorado Rockies,,2B,2026,434.0,390.0,103.0,18.0,1.0,14.0,37.0,0.0,117.0,5.0,2.0,0.0,165.0,53.0,3.0,.264,.334,.423,.757,.341,27.86,1725.0,72.0,100.0,454.0,402.0,91.0,17.0,3.0,11.0,40.0,1.0,111.0,11.0,0.0,1.0,147.0,33.0,12.0,.226,.313,.366,.679,.286,36.54,1735.0,93.0,108.0,2025
650490,Yandy Díaz,139,Tampa Bay Rays,,DH,2026,546.0,485.0,148.0,21.0,1.0,19.0,46.0,4.0,79.0,10.0,5.0,0.0,228.0,72.0,12.0,.305,.374,.470,.844,.329,25.53,2029.0,147.0,116.0,651.0,583.0,175.0,29.0,1.0,25.0,57.0,4.0,92.0,6.0,5.0,0.0,281.0,83.0,12.0,.300,.366,.482,.848,.318,23.32,2525.0,193.0,128.0,2025
695549,Jackson Jobe,116,Detroit Tigers,,P,2026,,,,,,,,,,,,,,,,,,,,,,,,,,,,,,,,,,,,,,,,,,,,,,,,,2025
681217,Chase Silseth,140,Texas Rangers,,P,2026,,,,,,,,,,,,,,,,,,,,,,,,,,,,,,,,,,,,,,,,,,,,,,,,,2025
806146,George Lombard Jr.,147,New York Yankees,,SS,2026,58.0,52.0,15.0,1.0,0.0,2.0,5.0,0.0,16.0,0.0,1.0,0.0,22.0,5.0,0.0,.288,.345,.423,.768,.371,26.00,248.0,12.0,10.0,,,,,,,,,,,,,,,,,,,,,,,,,2025
656638,Alex Lange,118,Kansas City Royals,,P,2026,0.0,0.0,0.0,0.0,0.0,0.0,0.0,0.0,0.0,0.0,0.0,0.0,0.0,0.0,0.0,.000,.000,.000,.000,.---,-.--,0.0,0.0,0.0,,,,,,,,,,,,,,,,,,,,,,,,,2025
668930,Brice Turang,158,Milwaukee Brewers,,2B,2026,541.0,466.0,122.0,28.0,3.0,16.0,69.0,3.0,134.0,0.0,2.0,4.0,204.0,75.0,7.0,.262,.356,.438,.794,.333,29.12,2287.0,118.0,98.0,659.0,584.0,168.0,28.0,2.0,18.0,66.0,1.0,150.0,2.0,5.0,2.0,254.0,81.0,3.0,.288,.359,.435,.794,.356,32.44,2772.0,132.0,141.0,2025
656641,Jacob Latz,140,Texas Rangers,,P,2026,0.0,0.0,0.0,0.0,0.0,0.0,0.0,0.0,0.0,0.0,0.0,0.0,0.0,0.0,0.0,.000,.000,.000,.000,.---,-.--,0.0,0.0,0.0,,,,,,,,,,,,,,,,,,,,,,,,,2025
605447,Jordan Romano,115,Colorado Rockies,,P,2026,,,,,,,,,,,,,,,,,,,,,,,,,,,,,,,,,,,,,,,,,,,,,,,,,2025
689414,Liam Hicks,139,Tampa Bay Rays,,C,2026,463.0,397.0,112.0,12.0,1.0,16.0,49.0,3.0,44.0,10.0,6.0,1.0,174.0,71.0,6.0,.282,.370,.438,.808,.280,24.81,1684.0,117.0,131.0,390.0,332.0,82.0,13.0,1.0,6.0,43.0,0.0,56.0,9.0,3.0,3.0,115.0,45.0,5.0,.247,.346,.346,.692,.278,55.33,1537.0,101.0,99.0,2025
668939,Adley Rutschman,111,Boston Red Sox,,C,2026,321.0,278.0,68.0,20.0,1.0,9.0,36.0,0.0,50.0,2.0,5.0,0.0,117.0,51.0,7.0,.245,.330,.421,.751,.263,30.89,1329.0,72.0,93.0,365.0,322.0,71.0,16.0,2.0,9.0,40.0,0.0,57.0,1.0,2.0,0.0,118.0,29.0,8.0,.220,.307,.366,.673,.240,35.78,1491.0,93.0,103.0,2025
615698,Cal Quantrill,140,Texas Rangers,,P,2026,,,,,,,,,,,,,,,,,,,,,,,,,,,,,,,,,,,,,,,,,,,,,,,,,2025
670990,Yohan Ramírez,134,Pittsburgh Pirates,,P,2026,,,,,,,,,,,,,,,,,,,,,,,,,,,,,,,,,,,,,,,,,,,,,,,,,2025
687377,Orlando Ribalta,120,Washington Nationals,,P,2026,0.0,0.0,0.0,0.0,0.0,0.0,0.0,0.0,0.0,0.0,0.0,0.0,0.0,0.0,0.0,.000,.000,.000,.000,.---,-.--,0.0,0.0,0.0,,,,,,,,,,,,,,,,,,,,,,,,,2025
668952,Ryan Kreidler,142,Minnesota Twins,,SS,2026,217.0,202.0,46.0,8.0,3.0,5.0,14.0,0.0,47.0,1.0,0.0,0.0,75.0,25.0,6.0,.228,.281,.371,.652,.273,40.40,799.0,58.0,51.0,44.0,38.0,4.0,0.0,0.0,0.0,4.0,0.0,19.0,0.0,0.0,2.0,4.0,0.0,0.0,.105,.190,.105,.295,.211,-.--,179.0,9.0,8.0,2025
687396,Brent Headrick,147,New York Yankees,,P,2026,,,,,,,,,,,,,,,,,,,,,,,,,,,,,,,,,,,,,,,,,,,,,,,,,2025
687401,Joey Ortiz,158,Milwaukee Brewers,,SS,2026,319.0,281.0,70.0,11.0,2.0,7.0,29.0,0.0,62.0,0.0,5.0,4.0,106.0,38.0,8.0,.249,.314,.377,.691,.290,40.14,1235.0,83.0,75.0,506.0,470.0,108.0,18.0,1.0,7.0,27.0,0.0,74.0,3.0,0.0,6.0,149.0,45.0,10.0,.230,.276,.317,.593,.260,67.14,1873.0,132.0,162.0,2025
605483,Blake Snell,119,Los Angeles Dodgers,,P,2026,,,,,,,,,,,,,,,,,,,,,,,,,,,,,,,,,,,,,,,,,,,,,,,,,2025
806188,Cade Gibson,146,Miami Marlins,,P,2026,0.0,0.0,0.0,0.0,0.0,0.0,0.0,0.0,0.0,0.0,0.0,0.0,0.0,0.0,0.0,.000,.000,.000,.000,.---,-.--,0.0,0.0,0.0,,,,,,,,,,,,,,,,,,,,,,,,,2025
605488,Jeffrey Springs,133,Athletics,,P,2026,,,,,,,,,,,,,,,,,,,,,,,,,,,,,,,,,,,,,,,,,,,,,,,,,2025
695600,Carter Jensen,118,Kansas City Royals,,C,2026,477.0,420.0,93.0,25.0,1.0,17.0,50.0,1.0,137.0,2.0,5.0,0.0,171.0,57.0,4.0,.221,.304,.407,.711,.280,24.71,1978.0,64.0,131.0,69.0,60.0,18.0,6.0,0.0,3.0,9.0,0.0,12.0,0.0,0.0,0.0,33.0,13.0,1.0,.300,.391,.550,.941,.333,20.00,293.0,17.0,13.0,2025
642350,Jose Siri,108,Los Angeles Angels,,CF,2026,160.0,145.0,37.0,8.0,0.0,7.0,10.0,0.0,50.0,2.0,1.0,2.0,66.0,23.0,5.0,.255,.310,.455,.765,.337,20.71,613.0,28.0,33.0,36.0,32.0,2.0,2.0,0.0,0.0,4.0,0.0,17.0,0.0,0.0,0.0,4.0,1.0,0.0,.063,.167,.125,.292,.133,-.--,162.0,3.0,10.0,2025
800050,Chase DeLauter,114,Cleveland Guardians,,RF,2026,457.0,406.0,116.0,22.0,1.0,13.0,48.0,0.0,64.0,0.0,3.0,0.0,179.0,57.0,8.0,.286,.359,.441,.800,.310,31.23,1763.0,105.0,124.0,,,,,,,,,,,,,,,,,,,,,,,,,2025
660787,Yerry De los Santos,147,New York Yankees,,P,2026,,,,,,,,,,,,,,,,,,,,,,,,,0.0,0.0,0.0,0.0,0.0,0.0,0.0,0.0,0.0,0.0,0.0,0.0,0.0,0.0,0.0,.000,.000,.000,.000,.---,-.--,0.0,0.0,0.0,2025
607536,Kyle Freeland,115,Colorado Rockies,,P,2026,0.0,0.0,0.0,0.0,0.0,0.0,0.0,0.0,0.0,0.0,0.0,0.0,0.0,0.0,0.0,.000,.000,.000,.000,.---,-.--,0.0,0.0,0.0,,,,,,,,,,,,,,,,,,,,,,,,,2025
800048,Parker Messick,114,Cleveland Guardians,,P,2026,,,,,,,,,,,,,,,,,,,,,,,,,,,,,,,,,,,,,,,,,,,,,,,,,2025
806198,Cooper Pratt,158,Milwaukee Brewers,,SS,2026,166.0,143.0,37.0,5.0,1.0,2.0,18.0,0.0,35.0,1.0,4.0,0.0,50.0,17.0,8.0,.259,.337,.350,.687,.318,71.50,650.0,38.0,37.0,,,,,,,,,,,,,,,,,,,,,,,,,2025
668984,Casey Legumina,139,Tampa Bay Rays,,P,2026,,,,,,,,,,,,,,,,,,,,,,,,,0.0,0.0,0.0,0.0,0.0,0.0,0.0,0.0,0.0,0.0,0.0,0.0,0.0,0.0,0.0,.000,.000,.000,.000,.---,-.--,0.0,0.0,0.0,2025
695611,Gage Jump,133,Athletics,,P,2026,,,,,,,,,,,,,,,,,,,,,,,,,,,,,,,,,,,,,,,,,,,,,,,,,2025
650556,Bryan Abreu,117,Houston Astros,,P,2026,,,,,,,,,,,,,,,,,,,,,,,,,0.0,0.0,0.0,0.0,0.0,0.0,0.0,0.0,0.0,0.0,0.0,0.0,0.0,0.0,0.0,.000,.000,.000,.000,.---,-.--,0.0,0.0,0.0,2025
642376,Jefry Yan,121,New York Mets,,P,2026,,,,,,,,,,,,,,,,,,,,,,,,,,,,,,,,,,,,,,,,,,,,,,,,,2025
669003,Garrett Mitchell,158,Milwaukee Brewers,,CF,2026,426.0,368.0,96.0,26.0,3.0,9.0,52.0,2.0,135.0,4.0,1.0,1.0,155.0,54.0,4.0,.261,.358,.421,.779,.387,40.89,1740.0,87.0,52.0,78.0,68.0,14.0,4.0,1.0,0.0,7.0,0.0,25.0,1.0,1.0,1.0,20.0,3.0,0.0,.206,.286,.294,.580,.318,-.--,303.0,17.0,14.0,2025
656716,Zach McKinstry,116,Detroit Tigers,,2B,2026,351.0,308.0,69.0,15.0,3.0,4.0,36.0,1.0,54.0,2.0,2.0,3.0,102.0,26.0,4.0,.224,.307,.331,.638,.258,77.00,1324.0,85.0,105.0,511.0,452.0,117.0,23.0,11.0,12.0,46.0,1.0,111.0,7.0,5.0,1.0,198.0,49.0,6.0,.259,.333,.438,.771,.314,37.67,2035.0,116.0,114.0,2025
681293,Spencer Arrighetti,141,Toronto Blue Jays,,P,2026,,,,,,,,,,,,,,,,,,,,,,,,,,,,,,,,,,,,,,,,,,,,,,,,,2025
681297,Colton Cowser,110,Baltimore Orioles,,CF,2026,307.0,266.0,57.0,4.0,0.0,11.0,37.0,0.0,94.0,1.0,2.0,1.0,94.0,33.0,2.0,.214,.310,.353,.663,.282,24.18,1318.0,52.0,66.0,360.0,327.0,64.0,14.0,0.0,16.0,27.0,1.0,128.0,6.0,0.0,0.0,126.0,40.0,5.0,.196,.269,.385,.654,.262,20.44,1486.0,71.0,64.0,2025
660821,Jesús Sánchez,141,Toronto Blue Jays,,RF,2026,277.0,250.0,66.0,17.0,0.0,8.0,17.0,1.0,64.0,6.0,4.0,0.0,107.0,33.0,6.0,.264,.321,.428,.749,.319,31.25,1034.0,61.0,63.0,497.0,451.0,107.0,21.0,4.0,14.0,42.0,1.0,110.0,2.0,2.0,0.0,178.0,48.0,10.0,.237,.304,.395,.699,.283,32.21,1936.0,121.0,115.0,2025
683352,Mitch Bratt,109,Arizona Diamondbacks,,P,2026,,,,,,,,,,,,,,,,,,,,,,,,,,,,,,,,,,,,,,,,,,,,,,,,,2025
701785,Kaelen Culpepper,142,Minnesota Twins,,SS,2026,43.0,38.0,11.0,1.0,0.0,1.0,2.0,0.0,13.0,2.0,1.0,0.0,15.0,2.0,1.0,.289,.349,.395,.744,.400,38.00,168.0,7.0,8.0,,,,,,,,,,,,,,,,,,,,,,,,,2025
656730,Trevor Megill,158,Milwaukee Brewers,,P,2026,0.0,0.0,0.0,0.0,0.0,0.0,0.0,0.0,0.0,0.0,0.0,0.0,0.0,0.0,0.0,.000,.000,.000,.000,.---,-.--,0.0,0.0,0.0,,,,,,,,,,,,,,,,,,,,,,,,,2025
683357,Owen Caissie,146,Miami Marlins,,RF,2026,292.0,259.0,58.0,13.0,0.0,13.0,22.0,0.0,111.0,4.0,7.0,0.0,110.0,52.0,3.0,.224,.288,.425,.713,.317,19.92,1205.0,36.0,61.0,27.0,26.0,5.0,1.0,0.0,1.0,1.0,0.0,11.0,0.0,0.0,0.0,9.0,4.0,0.0,.192,.222,.346,.568,.286,26.00,103.0,4.0,6.0,2025
630105,Jake Cronenworth,135,San Diego Padres,,2B,2026,295.0,259.0,58.0,7.0,0.0,4.0,29.0,0.0,65.0,5.0,0.0,2.0,77.0,20.0,3.0,.224,.314,.297,.611,.284,64.75,1201.0,72.0,66.0,515.0,419.0,103.0,20.0,1.0,11.0,69.0,1.0,107.0,15.0,7.0,4.0,158.0,59.0,4.0,.246,.367,.377,.744,.299,38.09,2184.0,101.0,119.0,2025
666974,Yennier Cano,110,Baltimore Orioles,,P,2026,,,,,,,,,,,,,,,,,,,,,,,,,0.0,0.0,0.0,0.0,0.0,0.0,0.0,0.0,0.0,0.0,0.0,0.0,0.0,0.0,0.0,.000,.000,.000,.000,.---,-.--,0.0,0.0,0.0,2025
669022,MacKenzie Gore,140,Texas Rangers,,P,2026,,,,,,,,,,,,,,,,,,,,,,,,,,,,,,,,,,,,,,,,,,,,,,,,,2025
642397,Gregory Soto,134,Pittsburgh Pirates,,P,2026,,,,,,,,,,,,,,,,,,,,,,,,,,,,,,,,,,,,,,,,,,,,,,,,,2025
683363,Matt Wilkinson,137,San Francisco Giants,,P,2026,,,,,,,,,,,,,,,,,,,,,,,,,,,,,,,,,,,,,,,,,,,,,,,,,2025
814430,Brett Callahan,116,Detroit Tigers,,LF,2026,13.0,13.0,4.0,0.0,1.0,1.0,0.0,0.0,3.0,0.0,0.0,0.0,9.0,5.0,0.0,.308,.308,.692,1.000,.333,13.00,35.0,2.0,4.0,,,,,,,,,,,,,,,,,,,,,,,,,2025
687462,Spencer Horwitz,134,Pittsburgh Pirates,,1B,2026,353.0,298.0,75.0,12.0,1.0,10.0,44.0,0.0,51.0,7.0,4.0,0.0,119.0,38.0,12.0,.252,.357,.399,.756,.270,29.80,1414.0,80.0,96.0,411.0,364.0,99.0,26.0,0.0,11.0,44.0,1.0,73.0,2.0,1.0,0.0,158.0,51.0,7.0,.272,.353,.434,.787,.313,33.09,1698.0,85.0,108.0,2025
681320,Nate Lavender,121,New York Mets,,P,2026,,,,,,,,,,,,,,,,,,,,,,,,,,,,,,,,,,,,,,,,,,,,,,,,,2025
814439,Ryan Waldschmidt,109,Arizona Diamondbacks,,CF,2026,226.0,200.0,56.0,15.0,1.0,2.0,17.0,0.0,64.0,4.0,2.0,2.0,79.0,18.0,5.0,.280,.345,.395,.740,.397,100.00,887.0,33.0,51.0,,,,,,,,,,,,,,,,,,,,,,,,,2025
695657,Colson Montgomery,145,Chicago White Sox,,SS,2026,510.0,456.0,99.0,20.0,0.0,27.0,42.0,3.0,169.0,10.0,2.0,0.0,200.0,72.0,6.0,.217,.296,.439,.735,.275,16.89,1907.0,66.0,124.0,284.0,255.0,61.0,9.0,1.0,21.0,25.0,1.0,83.0,2.0,1.0,0.0,135.0,55.0,3.0,.239,.311,.529,.840,.263,12.14,1082.0,50.0,62.0,2025
671083,Buddy Kennedy,137,San Francisco Giants,,3B,2026,42.0,36.0,4.0,1.0,0.0,0.0,5.0,0.0,13.0,1.0,0.0,0.0,5.0,1.0,0.0,.111,.238,.139,.377,.174,-.--,186.0,4.0,15.0,32.0,29.0,2.0,1.0,0.0,0.0,2.0,0.0,8.0,1.0,0.0,0.0,3.0,1.0,0.0,.069,.156,.103,.259,.095,-.--,127.0,7.0,12.0,2025
687473,Ryan Gusto,146,Miami Marlins,,P,2026,,,,,,,,,,,,,,,,,,,,,,,,,,,,,,,,,,,,,,,,,,,,,,,,,2025
701807,Carson Benge,121,New York Mets,,RF,2026,507.0,463.0,126.0,16.0,3.0,15.0,37.0,0.0,109.0,6.0,1.0,0.0,193.0,51.0,7.0,.272,.333,.417,.750,.326,30.87,2051.0,117.0,112.0,,,,,,,,,,,,,,,,,,,,,,,,,2025
656756,Jordan Montgomery,140,Texas Rangers,,P,2026,,,,,,,,,,,,,,,,,,,,,,,,,,,,,,,,,,,,,,,,,,,,,,,,,2025
660853,Enyel De Los Santos,117,Houston Astros,,P,2026,,,,,,,,,,,,,,,,,,,,,,,,,0.0,0.0,0.0,0.0,0.0,0.0,0.0,0.0,0.0,0.0,0.0,0.0,0.0,0.0,0.0,.000,.000,.000,.000,.---,-.--,0.0,0.0,0.0,2025
671096,Andrew Abbott,113,Cincinnati Reds,,P,2026,,,,,,,,,,,,,,,,,,,,,,,,,,,,,,,,,,,,,,,,,,,,,,,,,2025
664954,Brett Sullivan,115,Colorado Rockies,,C,2026,184.0,168.0,40.0,11.0,1.0,7.0,11.0,0.0,31.0,1.0,3.0,1.0,74.0,27.0,3.0,.238,.284,.440,.724,.248,24.00,657.0,38.0,63.0,9.0,6.0,1.0,0.0,0.0,0.0,1.0,0.0,3.0,1.0,1.0,0.0,1.0,2.0,0.0,.167,.333,.167,.500,.250,-.--,36.0,0.0,3.0,2025
695670,Harry Ford,120,Washington Nationals,,C,2026,61.0,52.0,11.0,5.0,0.0,2.0,8.0,0.0,18.0,1.0,0.0,0.0,22.0,7.0,1.0,.212,.328,.423,.751,.281,26.00,266.0,12.0,11.0,8.0,6.0,1.0,0.0,0.0,0.0,0.0,0.0,3.0,1.0,1.0,0.0,1.0,1.0,0.0,.167,.250,.167,.417,.250,-.--,29.0,1.0,2.0,2025
671106,Logan Allen,114,Cleveland Guardians,,P,2026,,,,,,,,,,,,,,,,,,,,,,,,,,,,,,,,,,,,,,,,,,,,,,,,,2025
691587,Eury Pérez,146,Miami Marlins,,P,2026,,,,,,,,,,,,,,,,,,,,,,,,,,,,,,,,,,,,,,,,,,,,,,,,,2025
669060,Bryse Wilson,158,Milwaukee Brewers,,P,2026,,,,,,,,,,,,,,,,,,,,,,,,,0.0,0.0,0.0,0.0,0.0,0.0,0.0,0.0,0.0,0.0,0.0,0.0,0.0,0.0,0.0,.000,.000,.000,.000,.---,-.--,0.0,0.0,0.0,2025
669062,Erik Miller,111,Boston Red Sox,,P,2026,,,,,,,,,,,,,,,,,,,,,,,,,,,,,,,,,,,,,,,,,,,,,,,,,2025
656775,Cedric Mullins,139,Tampa Bay Rays,,CF,2026,422.0,368.0,76.0,9.0,3.0,13.0,35.0,0.0,84.0,7.0,4.0,5.0,130.0,39.0,3.0,.207,.285,.353,.638,.229,28.31,1643.0,60.0,157.0,498.0,435.0,94.0,23.0,1.0,17.0,50.0,0.0,120.0,4.0,6.0,3.0,170.0,59.0,2.0,.216,.299,.391,.690,.253,25.59,2112.0,79.0,151.0,2025
607625,Seth Lugo,118,Kansas City Royals,,P,2026,,,,,,,,,,,,,,,,,,,,,,,,,,,,,,,,,,,,,,,,,,,,,,,,,2025
671111,Sammy Peralta,108,Los Angeles Angels,,P,2026,,,,,,,,,,,,,,,,,,,,,,,,,,,,,,,,,,,,,,,,,,,,,,,,,2025
691594,Javier Sanoja,146,Miami Marlins,,3B,2026,351.0,330.0,93.0,26.0,2.0,6.0,19.0,0.0,30.0,0.0,1.0,1.0,141.0,50.0,4.0,.282,.320,.427,.747,.295,55.00,1201.0,91.0,118.0,342.0,313.0,76.0,22.0,4.0,6.0,19.0,0.0,41.0,2.0,4.0,4.0,124.0,38.0,2.0,.243,.287,.396,.683,.259,52.17,1218.0,97.0,107.0,2025
650633,Michael King,135,San Diego Padres,,P,2026,,,,,,,,,,,,,,,,,,,,,,,,,,,,,,,,,,,,,,,,,,,,,,,,,2025
693645,Cam Schlittler,147,New York Yankees,,P,2026,,,,,,,,,,,,,,,,,,,,,,,,,,,,,,,,,,,,,,,,,,,,,,,,,2025
595345,Steven Okert,117,Houston Astros,,P,2026,,,,,,,,,,,,,,,,,,,,,,,,,,,,,,,,,,,,,,,,,,,,,,,,,2025
664983,Jake McCarthy,115,Colorado Rockies,,LF,2026,444.0,408.0,119.0,26.0,7.0,13.0,23.0,0.0,75.0,4.0,4.0,4.0,198.0,68.0,7.0,.292,.333,.485,.818,.327,31.38,1457.0,115.0,107.0,222.0,206.0,42.0,7.0,5.0,4.0,10.0,0.0,40.0,2.0,1.0,3.0,71.0,20.0,2.0,.204,.247,.345,.592,.233,51.50,846.0,83.0,45.0,2025
814490,Ethan Pecko,117,Houston Astros,,P,2026,,,,,,,,,,,,,,,,,,,,,,,,,,,,,,,,,,,,,,,,,,,,,,,,,2025
669084,DL Hall,158,Milwaukee Brewers,,P,2026,0.0,0.0,0.0,0.0,0.0,0.0,0.0,0.0,0.0,0.0,0.0,0.0,0.0,0.0,0.0,.000,.000,.000,.000,.---,-.--,0.0,0.0,0.0,,,,,,,,,,,,,,,,,,,,,,,,,2025
701852,Drew Cavanaugh,137,San Francisco Giants,,C,2026,99.0,84.0,19.0,1.0,0.0,0.0,13.0,0.0,24.0,0.0,0.0,2.0,20.0,5.0,2.0,.226,.330,.238,.568,.317,-.--,378.0,20.0,23.0,,,,,,,,,,,,,,,,,,,,,,,,,2025
656794,Sean Newcomb,145,Chicago White Sox,,P,2026,,,,,,,,,,,,,,,,,,,,,,,,,,,,,,,,,,,,,,,,,,,,,,,,,2025
664991,Grant Wolfram,110,Baltimore Orioles,,P,2026,,,,,,,,,,,,,,,,,,,,,,,,,,,,,,,,,,,,,,,,,,,,,,,,,2025
669093,Jeremiah Estrada,135,San Diego Padres,,P,2026,,,,,,,,,,,,,,,,,,,,,,,,,,,,,,,,,,,,,,,,,,,,,,,,,2025
695720,Tommy White,133,Athletics,,3B,2026,117.0,113.0,28.0,2.0,0.0,2.0,4.0,0.0,20.0,0.0,0.0,0.0,36.0,4.0,2.0,.248,.274,.319,.593,.286,56.50,407.0,37.0,28.0,,,,,,,,,,,,,,,,,,,,,,,,,2025
804267,Zac Thornton,121,New York Mets,,P,2026,,,,,,,,,,,,,,,,,,,,,,,,,,,,,,,,,,,,,,,,,,,,,,,,,2025
681393,Connor Norby,115,Colorado Rockies,,2B,2026,263.0,226.0,48.0,16.0,0.0,4.0,28.0,0.0,79.0,8.0,1.0,0.0,76.0,17.0,5.0,.212,.319,.336,.655,.306,56.50,1000.0,39.0,61.0,337.0,311.0,78.0,17.0,1.0,8.0,18.0,0.0,90.0,5.0,3.0,0.0,121.0,34.0,3.0,.251,.300,.389,.689,.324,38.88,1245.0,68.0,78.0,2025
693686,Spencer Miles,141,Toronto Blue Jays,,P,2026,,,,,,,,,,,,,,,,,,,,,,,,,,,,,,,,,,,,,,,,,,,,,,,,,2025
476594,Robert Stock,121,New York Mets,,P,2026,,,,,,,,,,,,,,,,,,,,,,,,,,,,,,,,,,,,,,,,,,,,,,,,,2025
695731,Braden Montgomery,145,Chicago White Sox,,RF,2026,247.0,217.0,51.0,11.0,3.0,4.0,26.0,0.0,55.0,3.0,1.0,0.0,80.0,30.0,4.0,.235,.324,.369,.693,.296,54.25,943.0,72.0,40.0,,,,,,,,,,,,,,,,,,,,,,,,,2025
695734,Daylen Lile,120,Washington Nationals,,LF,2026,530.0,491.0,120.0,23.0,5.0,15.0,29.0,1.0,104.0,6.0,4.0,0.0,198.0,66.0,6.0,.244,.292,.403,.695,.279,32.73,1912.0,103.0,168.0,351.0,321.0,96.0,15.0,11.0,9.0,21.0,0.0,56.0,4.0,3.0,1.0,160.0,41.0,5.0,.299,.347,.498,.845,.336,35.67,1306.0,73.0,100.0,2025
665019,Kody Clemens,142,Minnesota Twins,,1B,2026,452.0,414.0,98.0,21.0,6.0,21.0,28.0,1.0,102.0,6.0,2.0,2.0,194.0,63.0,8.0,.237,.293,.469,.762,.263,19.71,1751.0,95.0,123.0,386.0,348.0,74.0,12.0,4.0,19.0,29.0,1.0,93.0,5.0,2.0,2.0,151.0,52.0,4.0,.213,.281,.434,.715,.231,18.32,1529.0,73.0,112.0,2025
671162,Connor Thomas,118,Kansas City Royals,,P,2026,,,,,,,,,,,,,,,,,,,,,,,,,,,,,,,,,,,,,,,,,,,,,,,,,2025
687551,Drew Gilbert,137,San Francisco Giants,,CF,2026,309.0,270.0,65.0,10.0,3.0,7.0,29.0,2.0,55.0,6.0,2.0,2.0,102.0,31.0,6.0,.241,.326,.378,.704,.276,38.57,1197.0,74.0,80.0,109.0,100.0,19.0,5.0,1.0,3.0,7.0,0.0,20.0,1.0,1.0,0.0,35.0,13.0,2.0,.190,.248,.350,.598,.205,33.33,416.0,34.0,28.0,2025
640448,Kyle Finnegan,116,Detroit Tigers,,P,2026,,,,,,,,,,,,,,,,,,,,,,,,,,,,,,,,,,,,,,,,,,,,,,,,,2025
687562,Jake Bennett,111,Boston Red Sox,,P,2026,,,,,,,,,,,,,,,,,,,,,,,,,,,,,,,,,,,,,,,,,,,,,,,,,2025
640459,Brian Navarreto,146,Miami Marlins,,C,2026,35.0,29.0,4.0,1.0,0.0,1.0,2.0,0.0,10.0,2.0,0.0,2.0,8.0,1.0,0.0,.138,.242,.276,.518,.167,29.00,129.0,10.0,7.0,15.0,14.0,4.0,2.0,0.0,1.0,0.0,0.0,3.0,0.0,1.0,0.0,9.0,5.0,0.0,.286,.267,.643,.910,.273,14.00,42.0,5.0,3.0,2025
640455,Sean Manaea,121,New York Mets,,P,2026,,,,,,,,,,,,,,,,,,,,,,,,,,,,,,,,,,,,,,,,,,,,,,,,,2025
669134,Luis Campusano,135,San Diego Padres,,C,2026,157.0,133.0,40.0,11.0,0.0,5.0,22.0,0.0,33.0,2.0,0.0,0.0,66.0,23.0,3.0,.301,.408,.496,.904,.368,26.60,643.0,25.0,35.0,27.0,21.0,0.0,0.0,0.0,0.0,6.0,0.0,11.0,0.0,0.0,0.0,0.0,0.0,2.0,.000,.222,.000,.222,.000,-.--,126.0,9.0,1.0,2025
687570,Connor Prielipp,142,Minnesota Twins,,P,2026,,,,,,,,,,,,,,,,,,,,,,,,,,,,,,,,,,,,,,,,,,,,,,,,,2025
673237,Yainer Diaz,117,Houston Astros,,C,2026,252.0,240.0,61.0,9.0,0.0,8.0,9.0,0.0,38.0,1.0,2.0,0.0,94.0,28.0,7.0,.254,.282,.392,.674,.270,30.00,808.0,91.0,52.0,567.0,542.0,139.0,25.0,1.0,20.0,20.0,2.0,95.0,2.0,3.0,0.0,226.0,70.0,13.0,.256,.284,.417,.701,.277,27.10,1871.0,162.0,149.0,2025
656848,Michael Petersen,146,Miami Marlins,,P,2026,,,,,,,,,,,,,,,,,,,,,,,,,,,,,,,,,,,,,,,,,,,,,,,,,2025
665052,Griffin Conine,146,Miami Marlins,,RF,2026,202.0,176.0,47.0,6.0,0.0,14.0,23.0,0.0,62.0,3.0,0.0,0.0,95.0,31.0,1.0,.267,.361,.540,.901,.330,12.57,759.0,33.0,34.0,86.0,79.0,20.0,7.0,0.0,2.0,7.0,0.0,25.0,0.0,0.0,0.0,33.0,8.0,0.0,.253,.314,.418,.732,.346,39.50,338.0,21.0,13.0,2025
642528,Jonathan Loáisiga,109,Arizona Diamondbacks,,P,2026,0.0,0.0,0.0,0.0,0.0,0.0,0.0,0.0,0.0,0.0,0.0,0.0,0.0,0.0,0.0,.000,.000,.000,.000,.---,-.--,0.0,0.0,0.0,,,,,,,,,,,,,,,,,,,,,,,,,2025
521692,Salvador Perez,118,Kansas City Royals,,DH,2026,501.0,461.0,101.0,18.0,1.0,16.0,19.0,2.0,97.0,12.0,7.0,0.0,169.0,56.0,18.0,.219,.265,.367,.632,.239,28.81,1848.0,119.0,151.0,641.0,597.0,141.0,35.0,0.0,30.0,28.0,5.0,125.0,12.0,1.0,0.0,266.0,100.0,14.0,.236,.284,.446,.730,.251,19.90,2267.0,145.0,187.0,2025
806367,Turner Hill,137,San Francisco Giants,,CF,2026,14.0,12.0,3.0,2.0,0.0,0.0,1.0,0.0,4.0,0.0,1.0,0.0,5.0,2.0,0.0,.250,.286,.417,.703,.333,-.--,55.0,2.0,4.0,,,,,,,,,,,,,,,,,,,,,,,,,2025
669160,Dustin May,158,Milwaukee Brewers,,P,2026,,,,,,,,,,,,,,,,,,,,,,,,,,,,,,,,,,,,,,,,,,,,,,,,,2025
656876,Drew Rasmussen,139,Tampa Bay Rays,,P,2026,,,,,,,,,,,,,,,,,,,,,,,,,,,,,,,,,,,,,,,,,,,,,,,,,2025
669165,Kyle Hurt,119,Los Angeles Dodgers,,P,2026,,,,,,,,,,,,,,,,,,,,,,,,,,,,,,,,,,,,,,,,,,,,,,,,,2025
687597,Jordan Beck,115,Colorado Rockies,,LF,2026,126.0,116.0,22.0,7.0,2.0,1.0,9.0,0.0,35.0,0.0,1.0,0.0,36.0,10.0,5.0,.190,.246,.310,.556,.259,116.00,482.0,26.0,34.0,588.0,539.0,139.0,27.0,5.0,16.0,43.0,0.0,174.0,4.0,1.0,0.0,224.0,53.0,9.0,.258,.317,.416,.733,.351,33.69,2336.0,108.0,119.0,2025
671218,Heliot Ramos,147,New York Yankees,,LF,2026,363.0,337.0,82.0,17.0,3.0,9.0,21.0,2.0,97.0,4.0,1.0,0.0,132.0,35.0,8.0,.243,.295,.392,.687,.315,37.44,1412.0,95.0,64.0,695.0,620.0,159.0,24.0,1.0,21.0,52.0,2.0,158.0,17.0,6.0,0.0,248.0,69.0,16.0,.256,.328,.400,.728,.309,29.52,2653.0,147.0,162.0,2025
642547,Freddy Peralta,139,Tampa Bay Rays,,P,2026,,,,,,,,,,,,,,,,,,,,,,,,,,,,,,,,,,,,,,,,,,,,,,,,,2025
624133,Ranger Suarez,111,Boston Red Sox,,P,2026,,,,,,,,,,,,,,,,,,,,,,,,,,,,,,,,,,,,,,,,,,,,,,,,,2025
687605,Andrew Pinckney,120,Washington Nationals,,LF,2026,16.0,13.0,3.0,0.0,1.0,1.0,1.0,0.0,4.0,1.0,1.0,0.0,8.0,2.0,0.0,.231,.313,.615,.928,.222,13.00,56.0,3.0,4.0,,,,,,,,,,,,,,,,,,,,,,,,,2025
622088,Tejay Antone,113,Cincinnati Reds,,P,2026,,,,,,,,,,,,,,,,,,,,,,,,,,,,,,,,,,,,,,,,,,,,,,,,,2025
699912,Jose Fernandez,109,Arizona Diamondbacks,,DH,2026,193.0,178.0,47.0,9.0,0.0,3.0,10.0,0.0,43.0,1.0,0.0,4.0,65.0,16.0,3.0,.264,.307,.365,.672,.333,59.33,753.0,48.0,44.0,,,,,,,,,,,,,,,,,,,,,,,,,2025
691723,Coby Mayo,110,Baltimore Orioles,,3B,2026,334.0,305.0,64.0,12.0,3.0,17.0,24.0,0.0,109.0,4.0,1.0,0.0,133.0,47.0,4.0,.210,.275,.436,.711,.261,17.94,1361.0,51.0,82.0,294.0,263.0,57.0,12.0,0.0,11.0,27.0,0.0,84.0,4.0,0.0,0.0,102.0,28.0,2.0,.217,.299,.388,.687,.274,23.91,1132.0,49.0,73.0,2025
691720,Kyle Karros,115,Colorado Rockies,,3B,2026,401.0,344.0,91.0,20.0,2.0,10.0,48.0,2.0,81.0,6.0,3.0,0.0,145.0,44.0,4.0,.265,.362,.422,.784,.316,34.40,1632.0,84.0,91.0,156.0,137.0,31.0,4.0,0.0,1.0,15.0,0.0,41.0,2.0,2.0,0.0,38.0,9.0,5.0,.226,.308,.277,.585,.309,137.00,635.0,33.0,34.0,2025
669199,Lake Bachar,134,Pittsburgh Pirates,,P,2026,,,,,,,,,,,,,,,,,,,,,,,,,,,,,,,,,,,,,,,,,,,,,,,,,2025
687637,Dylan Beavers,110,Baltimore Orioles,,RF,2026,243.0,216.0,52.0,12.0,0.0,6.0,23.0,0.0,65.0,2.0,1.0,1.0,82.0,27.0,2.0,.241,.318,.380,.698,.315,36.00,1032.0,41.0,60.0,137.0,110.0,25.0,5.0,1.0,4.0,26.0,0.0,36.0,0.0,0.0,1.0,44.0,14.0,0.0,.227,.375,.400,.775,.300,27.50,615.0,14.0,36.0,2025
593428,Xander Bogaerts,135,San Diego Padres,,SS,2026,485.0,417.0,91.0,12.0,0.0,11.0,59.0,1.0,87.0,4.0,5.0,0.0,136.0,46.0,9.0,.218,.318,.326,.644,.247,37.91,1902.0,140.0,104.0,552.0,491.0,129.0,30.0,0.0,11.0,48.0,3.0,94.0,4.0,8.0,1.0,192.0,53.0,12.0,.263,.328,.391,.719,.299,44.64,2100.0,126.0,151.0,2025
691728,Zac Veen,115,Colorado Rockies,,LF,2026,20.0,19.0,5.0,1.0,0.0,2.0,1.0,0.0,8.0,0.0,0.0,0.0,12.0,7.0,0.0,.263,.300,.632,.932,.333,9.50,67.0,3.0,3.0,37.0,34.0,4.0,1.0,0.0,1.0,2.0,0.0,14.0,1.0,0.0,0.0,8.0,2.0,0.0,.118,.189,.235,.424,.158,34.00,140.0,7.0,9.0,2025
572955,Pierce Johnson,113,Cincinnati Reds,,P,2026,,,,,,,,,,,,,,,,,,,,,,,,,,,,,,,,,,,,,,,,,,,,,,,,,2025
681508,Mickey Gasper,111,Boston Red Sox,,C,2026,135.0,120.0,30.0,5.0,1.0,3.0,11.0,0.0,22.0,2.0,1.0,1.0,46.0,15.0,2.0,.250,.321,.383,.704,.281,40.00,493.0,33.0,37.0,110.0,95.0,15.0,1.0,0.0,2.0,10.0,0.0,20.0,3.0,1.0,1.0,22.0,11.0,1.0,.158,.257,.232,.489,.176,47.50,451.0,24.0,38.0,2025
669224,Austin Wells,147,New York Yankees,,C,2026,292.0,257.0,45.0,6.0,0.0,8.0,31.0,2.0,75.0,2.0,1.0,1.0,75.0,17.0,9.0,.175,.268,.292,.560,.211,32.12,1154.0,56.0,83.0,448.0,401.0,88.0,22.0,1.0,21.0,30.0,0.0,118.0,5.0,11.0,0.0,175.0,71.0,10.0,.219,.275,.436,.711,.245,19.10,1794.0,75.0,131.0,2025
669221,Sean Murphy,144,Atlanta Braves,,C,2026,38.0,38.0,5.0,1.0,0.0,0.0,0.0,0.0,15.0,0.0,0.0,0.0,6.0,0.0,1.0,.132,.132,.158,.290,.217,-.--,132.0,13.0,5.0,337.0,291.0,58.0,13.0,0.0,16.0,35.0,1.0,105.0,8.0,3.0,0.0,119.0,45.0,9.0,.199,.300,.409,.709,.243,18.19,1357.0,75.0,56.0,2025
671277,Luis García Jr.,147,New York Yankees,,1B,2026,434.0,413.0,115.0,23.0,5.0,25.0,19.0,0.0,73.0,0.0,2.0,0.0,223.0,80.0,7.0,.278,.309,.540,.849,.284,16.52,1578.0,121.0,106.0,526.0,488.0,123.0,28.0,1.0,16.0,27.0,1.0,84.0,2.0,9.0,0.0,201.0,66.0,7.0,.252,.289,.412,.701,.270,30.50,1838.0,158.0,132.0,2025
800311,Didier Fuentes,144,Atlanta Braves,,P,2026,,,,,,,,,,,,,,,,,,,,,,,,,,,,,,,,,,,,,,,,,,,,,,,,,2025
656945,Tanner Scott,119,Los Angeles Dodgers,,P,2026,,,,,,,,,,,,,,,,,,,,,,,,,0.0,0.0,0.0,0.0,0.0,0.0,0.0,0.0,0.0,0.0,0.0,0.0,0.0,0.0,0.0,.000,.000,.000,.000,.---,-.--,0.0,0.0,0.0,2025
669242,Tommy Edman,119,Los Angeles Dodgers,,2B,2026,195.0,175.0,48.0,8.0,2.0,4.0,12.0,0.0,41.0,6.0,0.0,2.0,72.0,24.0,3.0,.274,.342,.411,.753,.338,43.75,709.0,44.0,44.0,377.0,346.0,78.0,13.0,1.0,13.0,19.0,0.0,61.0,6.0,5.0,1.0,132.0,49.0,4.0,.225,.274,.382,.656,.235,26.62,1338.0,110.0,103.0,2025
693821,Bryce Elder,144,Atlanta Braves,,P,2026,,,,,,,,,,,,,,,,,,,,,,,,,,,,,,,,,,,,,,,,,,,,,,,,,2025
665152,Dean Kremer,142,Minnesota Twins,,P,2026,,,,,,,,,,,,,,,,,,,,,,,,,,,,,,,,,,,,,,,,,,,,,,,,,2025
800325,Luis Lara,158,Milwaukee Brewers,,RF,2026,115.0,102.0,25.0,6.0,1.0,1.0,12.0,0.0,22.0,0.0,1.0,0.0,36.0,15.0,0.0,.245,.322,.353,.675,.300,102.00,517.0,32.0,24.0,,,,,,,,,,,,,,,,,,,,,,,,,2025
691781,Brady House,120,Washington Nationals,,3B,2026,256.0,235.0,56.0,10.0,0.0,9.0,17.0,0.0,73.0,3.0,1.0,0.0,93.0,31.0,5.0,.238,.297,.396,.693,.305,26.11,947.0,64.0,43.0,274.0,261.0,61.0,11.0,0.0,4.0,8.0,0.0,78.0,0.0,5.0,0.0,84.0,29.0,11.0,.234,.252,.322,.574,.310,65.25,969.0,66.0,61.0,2025
691777,Max Muncy,133,Athletics,,3B,2026,222.0,197.0,42.0,9.0,2.0,6.0,18.0,0.0,73.0,4.0,3.0,0.0,73.0,24.0,4.0,.213,.288,.371,.659,.298,32.83,884.0,33.0,52.0,220.0,206.0,44.0,7.0,0.0,9.0,10.0,0.0,68.0,3.0,1.0,0.0,78.0,23.0,1.0,.214,.259,.379,.638,.269,22.89,824.0,51.0,44.0,2025
702021,Will Dion,120,Washington Nationals,,P,2026,,,,,,,,,,,,,,,,,,,,,,,,,,,,,,,,,,,,,,,,,,,,,,,,,2025
691783,Jordan Lawlar,109,Arizona Diamondbacks,,LF,2026,59.0,53.0,15.0,2.0,0.0,2.0,3.0,0.0,16.0,3.0,0.0,0.0,23.0,7.0,0.0,.283,.356,.434,.790,.371,26.50,230.0,9.0,13.0,74.0,66.0,12.0,7.0,0.0,0.0,6.0,0.0,26.0,1.0,1.0,0.0,19.0,5.0,0.0,.182,.257,.288,.545,.293,-.--,285.0,13.0,16.0,2025
681544,Wyatt Olds,111,Boston Red Sox,,P,2026,,,,,,,,,,,,,,,,,,,,,,,,,,,,,,,,,,,,,,,,,,,,,,,,,2025
665161,Jeremy Peña,117,Houston Astros,,SS,2026,340.0,311.0,88.0,14.0,1.0,14.0,21.0,0.0,69.0,6.0,2.0,0.0,146.0,40.0,3.0,.283,.338,.469,.807,.322,22.21,1243.0,79.0,77.0,543.0,493.0,150.0,30.0,2.0,17.0,35.0,2.0,93.0,12.0,2.0,1.0,235.0,62.0,9.0,.304,.363,.477,.840,.345,29.00,1779.0,137.0,116.0,2025
691788,Joe Mack,146,Miami Marlins,,C,2026,251.0,229.0,53.0,7.0,0.0,12.0,16.0,0.0,64.0,2.0,0.0,4.0,96.0,36.0,6.0,.231,.287,.419,.706,.268,19.08,986.0,68.0,48.0,,,,,,,,,,,,,,,,,,,,,,,,,2025
691799,Grant Taylor,145,Chicago White Sox,,P,2026,,,,,,,,,,,,,,,,,,,,,,,,,,,,,,,,,,,,,,,,,,,,,,,,,2025
673357,Luis Robert Jr.,121,New York Mets,,CF,2026,187.0,166.0,36.0,4.0,0.0,7.0,19.0,0.0,46.0,0.0,2.0,0.0,61.0,19.0,4.0,.217,.294,.367,.661,.252,23.71,726.0,41.0,45.0,431.0,382.0,85.0,12.0,0.0,14.0,40.0,3.0,112.0,2.0,3.0,1.0,139.0,53.0,8.0,.223,.297,.364,.661,.274,27.29,1524.0,83.0,106.0,2025
656986,Bennett Sousa,117,Houston Astros,,P,2026,,,,,,,,,,,,,,,,,,,,,,,,,0.0,0.0,0.0,0.0,0.0,0.0,0.0,0.0,0.0,0.0,0.0,0.0,0.0,0.0,0.0,.000,.000,.000,.000,.---,-.--,0.0,0.0,0.0,2025
669276,Dylan Lee,144,Atlanta Braves,,P,2026,,,,,,,,,,,,,,,,,,,,,,,,,,,,,,,,,,,,,,,,,,,,,,,,,2025
693855,Ian Seymour,139,Tampa Bay Rays,,P,2026,,,,,,,,,,,,,,,,,,,,,,,,,,,,,,,,,,,,,,,,,,,,,,,,,2025
673380,Dedniel Núñez,121,New York Mets,,P,2026,,,,,,,,,,,,,,,,,,,,,,,,,,,,,,,,,,,,,,,,,,,,,,,,,2025
683618,Edgardo Henriquez,119,Los Angeles Dodgers,,P,2026,0.0,0.0,0.0,0.0,0.0,0.0,0.0,0.0,0.0,0.0,0.0,0.0,0.0,0.0,0.0,.000,.000,.000,.000,.---,-.--,0.0,0.0,0.0,,,,,,,,,,,,,,,,,,,,,,,,,2025
679529,Spencer Torkelson,116,Detroit Tigers,,1B,2026,500.0,434.0,97.0,21.0,0.0,20.0,56.0,0.0,154.0,5.0,4.0,0.0,178.0,63.0,11.0,.224,.317,.410,.727,.292,21.70,2109.0,67.0,120.0,649.0,563.0,135.0,27.0,1.0,31.0,72.0,6.0,169.0,9.0,5.0,0.0,257.0,78.0,12.0,.240,.333,.456,.789,.283,18.16,2634.0,88.0,176.0,2025
837227,Tatsuya Imai,117,Houston Astros,,P,2026,,,,,,,,,,,,,,,,,,,,,,,,,,,,,,,,,,,,,,,,,,,,,,,,,2025
802415,Chandler Simpson,139,Tampa Bay Rays,,LF,2026,485.0,451.0,139.0,13.0,6.0,0.0,21.0,0.0,42.0,0.0,6.0,7.0,164.0,27.0,5.0,.308,.335,.364,.699,.335,-.--,1587.0,170.0,113.0,441.0,414.0,122.0,15.0,3.0,0.0,20.0,0.0,43.0,0.0,2.0,3.0,143.0,26.0,10.0,.295,.326,.345,.671,.327,-.--,1517.0,176.0,78.0,2025
650859,Luis Rengifo,135,San Diego Padres,,LF,2026,333.0,292.0,72.0,11.0,0.0,4.0,33.0,1.0,44.0,3.0,2.0,3.0,95.0,33.0,4.0,.247,.327,.325,.652,.276,73.00,1277.0,105.0,76.0,541.0,501.0,119.0,16.0,3.0,9.0,33.0,0.0,104.0,3.0,3.0,1.0,168.0,43.0,7.0,.238,.287,.335,.622,.281,55.67,2008.0,156.0,126.0,2025
671345,Jason Foley,137,San Francisco Giants,,P,2026,,,,,,,,,,,,,,,,,,,,,,,,,,,,,,,,,,,,,,,,,,,,,,,,,2025
702070,Noah Cameron,118,Kansas City Royals,,P,2026,,,,,,,,,,,,,,,,,,,,,,,,,,,,,,,,,,,,,,,,,,,,,,,,,2025
687749,Jase Bowen,135,San Diego Padres,,RF,2026,81.0,77.0,13.0,2.0,0.0,2.0,2.0,0.0,30.0,2.0,0.0,0.0,21.0,7.0,0.0,.169,.210,.273,.483,.244,38.50,269.0,15.0,19.0,,,,,,,,,,,,,,,,,,,,,,,,,2025
820862,José Fermin,108,Los Angeles Angels,,P,2026,,,,,,,,,,,,,,,,,,,,,,,,,,,,,,,,,,,,,,,,,,,,,,,,,2025
642701,Dennis Santana,109,Arizona Diamondbacks,,P,2026,,,,,,,,,,,,,,,,,,,,,,,,,,,,,,,,,,,,,,,,,,,,,,,,,2025
657041,Lane Thomas,144,Atlanta Braves,,LF,2026,352.0,306.0,70.0,18.0,0.0,11.0,42.0,0.0,88.0,2.0,2.0,0.0,121.0,40.0,4.0,.229,.324,.395,.719,.282,27.82,1448.0,60.0,90.0,142.0,125.0,20.0,2.0,0.0,4.0,14.0,0.0,44.0,1.0,2.0,0.0,34.0,11.0,4.0,.160,.246,.272,.518,.203,31.25,556.0,22.0,41.0,2025
669330,Tyler Wells,139,Tampa Bay Rays,,P,2026,,,,,,,,,,,,,,,,,,,,,,,,,,,,,,,,,,,,,,,,,,,,,,,,,2025
642708,Amed Rosario,147,New York Yankees,,3B,2026,202.0,186.0,42.0,5.0,1.0,10.0,13.0,0.0,53.0,0.0,3.0,0.0,79.0,28.0,1.0,.226,.272,.425,.697,.254,18.60,757.0,45.0,49.0,191.0,181.0,50.0,11.0,0.0,6.0,7.0,0.0,31.0,2.0,1.0,0.0,79.0,23.0,6.0,.276,.309,.436,.745,.303,30.17,646.0,53.0,48.0,2025
681624,Andy Pages,119,Los Angeles Dodgers,,CF,2026,550.0,493.0,134.0,25.0,2.0,21.0,45.0,1.0,107.0,7.0,5.0,0.0,226.0,80.0,11.0,.272,.338,.458,.796,.305,23.48,2228.0,107.0,150.0,624.0,581.0,158.0,27.0,1.0,27.0,29.0,0.0,135.0,8.0,6.0,0.0,268.0,86.0,9.0,.272,.313,.461,.774,.308,21.52,2365.0,117.0,177.0,2025
642715,Willy Adames,137,San Francisco Giants,,SS,2026,497.0,458.0,104.0,25.0,1.0,20.0,36.0,0.0,136.0,2.0,1.0,0.0,191.0,50.0,3.0,.227,.286,.417,.703,.277,22.90,1949.0,84.0,135.0,686.0,591.0,133.0,22.0,2.0,30.0,80.0,2.0,179.0,5.0,9.0,0.0,249.0,87.0,9.0,.225,.318,.421,.739,.263,19.70,2797.0,105.0,183.0,2025
667297,Tommy Nance,142,Minnesota Twins,,P,2026,,,,,,,,,,,,,,,,,,,,,,,,,,,,,,,,,,,,,,,,,,,,,,,,,2025
669358,Shane Baz,110,Baltimore Orioles,,P,2026,,,,,,,,,,,,,,,,,,,,,,,,,,,,,,,,,,,,,,,,,,,,,,,,,2025
669364,Xavier Edwards,146,Miami Marlins,,2B,2026,541.0,469.0,134.0,16.0,6.0,6.0,63.0,4.0,72.0,0.0,6.0,3.0,180.0,47.0,12.0,.286,.366,.384,.750,.322,78.17,2085.0,131.0,141.0,619.0,561.0,159.0,20.0,5.0,3.0,49.0,2.0,88.0,3.0,3.0,3.0,198.0,43.0,6.0,.283,.343,.353,.696,.330,187.00,2250.0,164.0,156.0,2025
675512,Troy Melton,116,Detroit Tigers,,P,2026,,,,,,,,,,,,,,,,,,,,,,,,,,,,,,,,,,,,,,,,,,,,,,,,,2025
669372,J.T. Ginn,133,Athletics,,P,2026,0.0,0.0,0.0,0.0,0.0,0.0,0.0,0.0,0.0,0.0,0.0,0.0,0.0,0.0,0.0,.000,.000,.000,.000,.---,-.--,0.0,0.0,0.0,,,,,,,,,,,,,,,,,,,,,,,,,2025
622268,Donovan Walton,133,Athletics,,2B,2026,172.0,148.0,42.0,12.0,1.0,3.0,19.0,0.0,28.0,3.0,0.0,2.0,65.0,17.0,5.0,.284,.376,.439,.815,.333,49.33,673.0,38.0,42.0,9.0,8.0,1.0,0.0,0.0,0.0,0.0,0.0,1.0,0.0,0.0,1.0,1.0,1.0,0.0,.125,.125,.125,.250,.143,-.--,27.0,6.0,1.0,2025
669373,Tarik Skubal,119,Los Angeles Dodgers,,P,2026,,,,,,,,,,,,,,,,,,,,,,,,,,,,,,,,,,,,,,,,,,,,,,,,,2025
552640,Andrew Kittredge,110,Baltimore Orioles,,P,2026,,,,,,,,,,,,,,,,,,,,,,,,,0.0,0.0,0.0,0.0,0.0,0.0,0.0,0.0,0.0,0.0,0.0,0.0,0.0,0.0,0.0,.000,.000,.000,.000,.---,-.--,0.0,0.0,0.0,2025
573124,Taylor Rogers,142,Minnesota Twins,,P,2026,,,,,,,,,,,,,,,,,,,,,,,,,,,,,,,,,,,,,,,,,,,,,,,,,2025
669384,Raynel Delgado,117,Houston Astros,,2B,2026,41.0,37.0,9.0,1.0,0.0,1.0,3.0,0.0,7.0,0.0,0.0,1.0,13.0,4.0,0.0,.243,.300,.351,.651,.276,37.00,132.0,15.0,7.0,,,,,,,,,,,,,,,,,,,,,,,,,2025
669387,Carmen Mlodzinski,134,Pittsburgh Pirates,,P,2026,,,,,,,,,,,,,,,,,,,,,,,,,,,,,,,,,,,,,,,,,,,,,,,,,2025
650960,Daniel Duarte,121,New York Mets,,P,2026,,,,,,,,,,,,,,,,,,,,,,,,,,,,,,,,,,,,,,,,,,,,,,,,,2025
673490,Ha-Seong Kim,144,Atlanta Braves,,SS,2026,85.0,76.0,5.0,0.0,0.0,0.0,9.0,0.0,23.0,0.0,0.0,0.0,5.0,4.0,1.0,.066,.165,.066,.231,.094,-.--,366.0,21.0,27.0,191.0,171.0,40.0,4.0,0.0,5.0,16.0,0.0,39.0,2.0,2.0,0.0,59.0,17.0,2.0,.234,.304,.345,.649,.271,34.20,790.0,37.0,57.0,2025
669394,Jake Burger,140,Texas Rangers,,1B,2026,488.0,447.0,105.0,18.0,0.0,21.0,36.0,0.0,131.0,3.0,2.0,0.0,186.0,73.0,6.0,.235,.295,.416,.711,.283,21.29,1787.0,103.0,110.0,376.0,356.0,84.0,15.0,1.0,16.0,12.0,0.0,93.0,5.0,3.0,0.0,149.0,53.0,3.0,.236,.269,.419,.688,.272,22.25,1324.0,73.0,109.0,2025
669397,Nick Allen,117,Houston Astros,,SS,2026,135.0,120.0,31.0,4.0,0.0,2.0,8.0,0.0,27.0,1.0,3.0,3.0,41.0,13.0,3.0,.258,.303,.342,.645,.309,60.00,483.0,31.0,37.0,416.0,371.0,82.0,11.0,0.0,0.0,31.0,0.0,99.0,3.0,3.0,8.0,93.0,22.0,8.0,.221,.284,.251,.535,.298,-.--,1582.0,100.0,101.0,2025
677588,José Tena,120,Washington Nationals,,DH,2026,250.0,224.0,53.0,11.0,2.0,7.0,23.0,0.0,77.0,3.0,0.0,0.0,89.0,22.0,6.0,.237,.316,.397,.713,.329,32.00,1010.0,57.0,37.0,169.0,152.0,37.0,13.0,2.0,0.0,15.0,0.0,37.0,1.0,1.0,0.0,54.0,16.0,4.0,.243,.314,.355,.669,.319,-.--,678.0,54.0,25.0,2025
677587,Brayan Rocchio,114,Cleveland Guardians,,SS,2026,482.0,434.0,109.0,18.0,2.0,10.0,32.0,0.0,70.0,9.0,3.0,4.0,161.0,52.0,8.0,.251,.314,.371,.685,.277,43.40,1849.0,115.0,147.0,383.0,344.0,80.0,18.0,2.0,5.0,22.0,0.0,77.0,8.0,5.0,4.0,117.0,44.0,4.0,.233,.290,.340,.630,.281,68.80,1411.0,100.0,96.0,2025
683734,Andrew Vaughn,158,Milwaukee Brewers,,1B,2026,268.0,231.0,70.0,16.0,2.0,5.0,30.0,1.0,40.0,5.0,2.0,0.0,105.0,37.0,6.0,.303,.392,.455,.847,.346,46.20,1081.0,62.0,61.0,447.0,406.0,103.0,22.0,0.0,14.0,31.0,0.0,80.0,3.0,6.0,1.0,167.0,65.0,12.0,.254,.307,.411,.718,.280,29.00,1722.0,110.0,120.0,2025
650968,Yohel Pozo,110,Baltimore Orioles,,C,2026,50.0,48.0,12.0,1.0,0.0,1.0,1.0,0.0,6.0,0.0,1.0,0.0,16.0,7.0,5.0,.250,.260,.333,.593,.262,48.00,177.0,17.0,14.0,168.0,160.0,37.0,8.0,0.0,5.0,7.0,0.0,22.0,0.0,1.0,0.0,60.0,19.0,4.0,.231,.262,.375,.637,.239,32.00,591.0,45.0,57.0,2025
702176,Alan Roden,142,Minnesota Twins,,RF,2026,72.0,61.0,14.0,3.0,0.0,0.0,8.0,0.0,10.0,0.0,2.0,1.0,17.0,10.0,1.0,.230,.310,.279,.589,.264,-.--,255.0,22.0,18.0,153.0,136.0,26.0,6.0,1.0,2.0,8.0,0.0,37.0,6.0,3.0,0.0,40.0,9.0,0.0,.191,.261,.294,.555,.240,68.00,551.0,49.0,27.0,2025
673513,Yuki Matsui,135,San Diego Padres,,P,2026,,,,,,,,,,,,,,,,,,,,,,,,,,,,,,,,,,,,,,,,,,,,,,,,,2025
628452,Raisel Iglesias,144,Atlanta Braves,,P,2026,0.0,0.0,0.0,0.0,0.0,0.0,0.0,0.0,0.0,0.0,0.0,0.0,0.0,0.0,0.0,.000,.000,.000,.000,.---,-.--,0.0,0.0,0.0,,,,,,,,,,,,,,,,,,,,,,,,,2025
691946,George Klassen,108,Los Angeles Angels,,P,2026,,,,,,,,,,,,,,,,,,,,,,,,,,,,,,,,,,,,,,,,,,,,,,,,,2025
657136,Connor Wong,111,Boston Red Sox,,C,2026,194.0,168.0,42.0,10.0,0.0,4.0,16.0,0.0,47.0,5.0,1.0,4.0,64.0,22.0,6.0,.250,.332,.381,.713,.322,42.00,754.0,45.0,39.0,188.0,168.0,32.0,8.0,0.0,0.0,16.0,0.0,42.0,1.0,2.0,1.0,40.0,7.0,7.0,.190,.262,.238,.500,.250,-.--,745.0,53.0,44.0,2025
702193,Andrew Morris,142,Minnesota Twins,,P,2026,,,,,,,,,,,,,,,,,,,,,,,,,,,,,,,,,,,,,,,,,,,,,,,,,2025
681715,Heriberto Hernández,146,Miami Marlins,,LF,2026,355.0,318.0,72.0,13.0,1.0,18.0,34.0,1.0,100.0,2.0,1.0,0.0,141.0,51.0,4.0,.226,.304,.443,.747,.269,17.67,1391.0,72.0,75.0,294.0,256.0,68.0,12.0,1.0,10.0,31.0,0.0,77.0,3.0,4.0,0.0,112.0,45.0,6.0,.266,.347,.438,.785,.335,25.60,1138.0,52.0,63.0,2025
683766,Christian Koss,137,San Francisco Giants,,3B,2026,98.0,93.0,19.0,5.0,0.0,0.0,4.0,0.0,25.0,1.0,0.0,0.0,24.0,2.0,2.0,.204,.245,.258,.503,.279,-.--,323.0,24.0,25.0,191.0,174.0,46.0,9.0,0.0,3.0,9.0,0.0,45.0,3.0,2.0,3.0,64.0,23.0,4.0,.264,.309,.368,.677,.336,58.00,644.0,52.0,36.0,2025
687859,Troy Johnston,115,Colorado Rockies,,RF,2026,375.0,332.0,93.0,25.0,1.0,3.0,32.0,0.0,64.0,5.0,5.0,1.0,129.0,44.0,4.0,.280,.348,.389,.737,.333,110.67,1349.0,85.0,96.0,121.0,112.0,31.0,2.0,1.0,4.0,8.0,0.0,26.0,1.0,0.0,0.0,47.0,13.0,1.0,.277,.331,.420,.751,.329,28.00,450.0,24.0,31.0,2025
683769,Hunter Gaddis,114,Cleveland Guardians,,P,2026,,,,,,,,,,,,,,,,,,,,,,,,,,,,,,,,,,,,,,,,,,,,,,,,,2025
669432,Trevor Rogers,110,Baltimore Orioles,,P,2026,,,,,,,,,,,,,,,,,,,,,,,,,2.0,2.0,0.0,0.0,0.0,0.0,0.0,0.0,2.0,0.0,0.0,0.0,0.0,0.0,0.0,.000,.000,.000,.000,.---,-.--,6.0,0.0,0.0,2025
673540,Kodai Senga,121,New York Mets,,P,2026,,,,,,,,,,,,,,,,,,,,,,,,,,,,,,,,,,,,,,,,,,,,,,,,,2025
669456,Shane Bieber,141,Toronto Blue Jays,,P,2026,,,,,,,,,,,,,,,,,,,,,,,,,,,,,,,,,,,,,,,,,,,,,,,,,2025
624413,Pete Alonso,110,Baltimore Orioles,,1B,2026,559.0,484.0,131.0,23.0,0.0,30.0,63.0,3.0,134.0,8.0,4.0,0.0,244.0,85.0,12.0,.271,.361,.504,.865,.312,16.13,2315.0,105.0,118.0,709.0,624.0,170.0,41.0,1.0,38.0,61.0,5.0,162.0,15.0,9.0,0.0,327.0,126.0,23.0,.272,.347,.524,.871,.305,16.42,2807.0,135.0,166.0,2025
677649,Ezequiel Duran,140,Texas Rangers,,SS,2026,460.0,417.0,113.0,24.0,4.0,13.0,34.0,0.0,110.0,3.0,5.0,1.0,184.0,64.0,5.0,.271,.327,.441,.768,.334,32.08,1826.0,105.0,95.0,219.0,205.0,46.0,14.0,0.0,0.0,8.0,0.0,55.0,4.0,1.0,1.0,60.0,14.0,3.0,.224,.266,.293,.559,.305,-.--,807.0,42.0,64.0,2025
663330,Jahmai Jones,111,Boston Red Sox,,DH,2026,131.0,118.0,24.0,6.0,0.0,4.0,12.0,0.0,42.0,1.0,0.0,0.0,42.0,13.0,3.0,.203,.282,.356,.638,.278,29.50,487.0,23.0,29.0,150.0,129.0,37.0,11.0,1.0,7.0,18.0,1.0,32.0,3.0,0.0,0.0,71.0,23.0,3.0,.287,.387,.550,.937,.333,18.43,595.0,21.0,39.0,2025
624428,Adam Frazier,108,Los Angeles Angels,,2B,2026,115.0,103.0,25.0,7.0,1.0,1.0,9.0,0.0,31.0,1.0,0.0,2.0,37.0,10.0,1.0,.243,.310,.359,.669,.338,103.00,451.0,29.0,20.0,459.0,419.0,112.0,20.0,0.0,7.0,26.0,2.0,81.0,8.0,5.0,1.0,153.0,44.0,8.0,.267,.319,.365,.684,.313,59.86,1841.0,104.0,128.0,2025
624431,Jose Trevino,113,Cincinnati Reds,,C,2026,108.0,105.0,25.0,3.0,0.0,4.0,1.0,0.0,20.0,0.0,0.0,2.0,40.0,12.0,2.0,.238,.245,.381,.626,.259,26.25,375.0,34.0,28.0,302.0,282.0,67.0,20.0,0.0,4.0,15.0,0.0,39.0,0.0,4.0,1.0,99.0,22.0,9.0,.238,.272,.351,.623,.259,70.50,1063.0,95.0,86.0,2025
687931,Carson Whisenhunt,137,San Francisco Giants,,P,2026,,,,,,,,,,,,,,,,,,,,,,,,,,,,,,,,,,,,,,,,,,,,,,,,,2025
667452,Corey Julks,116,Detroit Tigers,,LF,2026,4.0,4.0,1.0,1.0,0.0,0.0,0.0,0.0,1.0,0.0,0.0,0.0,2.0,0.0,0.0,.250,.250,.500,.750,.333,-.--,18.0,0.0,2.0,13.0,12.0,3.0,2.0,0.0,0.0,0.0,0.0,3.0,0.0,1.0,0.0,5.0,1.0,0.0,.250,.231,.417,.648,.300,-.--,50.0,1.0,6.0,2025
804668,Rafael Flores Jr.,134,Pittsburgh Pirates,,C,2026,60.0,52.0,15.0,2.0,0.0,6.0,8.0,0.0,17.0,0.0,0.0,0.0,35.0,12.0,0.0,.288,.383,.673,1.056,.310,8.67,249.0,10.0,10.0,17.0,15.0,3.0,2.0,0.0,0.0,2.0,0.0,7.0,0.0,0.0,0.0,5.0,0.0,0.0,.200,.294,.333,.627,.375,-.--,74.0,4.0,1.0,2025
687941,Alec Gamboa,111,Boston Red Sox,,P,2026,,,,,,,,,,,,,,,,,,,,,,,,,,,,,,,,,,,,,,,,,,,,,,,,,2025
696131,Mason Black,118,Kansas City Royals,,P,2026,,,,,,,,,,,,,,,,,,,,,,,,,,,,,,,,,,,,,,,,,,,,,,,,,2025
667463,John King,146,Miami Marlins,,P,2026,,,,,,,,,,,,,,,,,,,,,,,,,,,,,,,,,,,,,,,,,,,,,,,,,2025
608070,José Ramírez,114,Cleveland Guardians,,3B,2026,415.0,353.0,83.0,20.0,0.0,10.0,54.0,7.0,53.0,2.0,5.0,0.0,133.0,39.0,3.0,.235,.336,.377,.713,.247,35.30,1690.0,79.0,143.0,673.0,593.0,168.0,34.0,3.0,30.0,66.0,22.0,74.0,8.0,5.0,0.0,298.0,85.0,9.0,.283,.360,.503,.863,.279,19.77,2666.0,135.0,222.0,2025
675660,Shane Drohan,158,Milwaukee Brewers,,P,2026,,,,,,,,,,,,,,,,,,,,,,,,,,,,,,,,,,,,,,,,,,,,,,,,,2025
663372,Ryan Feltner,115,Colorado Rockies,,P,2026,,,,,,,,,,,,,,,,,,,,,,,,,,,,,,,,,,,,,,,,,,,,,,,,,2025
681807,David Fry,114,Cleveland Guardians,,RF,2026,168.0,143.0,26.0,4.0,0.0,6.0,25.0,1.0,51.0,0.0,0.0,0.0,48.0,13.0,4.0,.182,.304,.336,.640,.233,23.83,751.0,30.0,36.0,157.0,146.0,25.0,4.0,0.0,8.0,9.0,0.0,58.0,2.0,0.0,0.0,53.0,23.0,3.0,.171,.229,.363,.592,.213,18.25,623.0,26.0,37.0,2025
573262,Mike Yastrzemski,144,Atlanta Braves,,LF,2026,324.0,284.0,66.0,16.0,1.0,9.0,34.0,0.0,77.0,4.0,2.0,0.0,111.0,34.0,2.0,.232,.321,.391,.712,.285,31.56,1357.0,60.0,83.0,558.0,477.0,111.0,28.0,1.0,17.0,72.0,4.0,108.0,2.0,5.0,2.0,192.0,46.0,7.0,.233,.333,.403,.736,.263,28.06,2305.0,95.0,170.0,2025
687952,Christian Encarnacion-Strand,110,Baltimore Orioles,,3B,2026,97.0,89.0,22.0,4.0,0.0,6.0,5.0,1.0,25.0,1.0,1.0,1.0,44.0,22.0,3.0,.247,.292,.494,.786,.271,14.83,365.0,16.0,28.0,137.0,130.0,27.0,4.0,0.0,6.0,3.0,0.0,32.0,2.0,2.0,0.0,49.0,19.0,1.0,.208,.234,.377,.611,.223,21.67,469.0,32.0,41.0,2025
667472,Dane Myers,113,Cincinnati Reds,,CF,2026,244.0,210.0,54.0,8.0,0.0,5.0,29.0,0.0,60.0,3.0,2.0,0.0,77.0,21.0,4.0,.257,.352,.367,.719,.333,42.00,1002.0,39.0,59.0,333.0,307.0,72.0,10.0,0.0,6.0,23.0,0.0,77.0,2.0,1.0,0.0,100.0,31.0,12.0,.235,.291,.326,.617,.293,51.17,1241.0,78.0,81.0,2025
681810,Austin Warren,121,New York Mets,,P,2026,,,,,,,,,,,,,,,,,,,,,,,,,,,,,,,,,,,,,,,,,,,,,,,,,2025
696146,Hagen Smith,145,Chicago White Sox,,P,2026,,,,,,,,,,,,,,,,,,,,,,,,,,,,,,,,,,,,,,,,,,,,,,,,,2025
696149,Bubba Chandler,134,Pittsburgh Pirates,,P,2026,,,,,,,,,,,,,,,,,,,,,,,,,,,,,,,,,,,,,,,,,,,,,,,,,2025
800600,Jackson Kent,120,Washington Nationals,,P,2026,,,,,,,,,,,,,,,,,,,,,,,,,,,,,,,,,,,,,,,,,,,,,,,,,2025
700250,Ben Rice,147,New York Yankees,,DH,2026,527.0,457.0,114.0,20.0,3.0,34.0,64.0,4.0,132.0,4.0,2.0,0.0,242.0,80.0,11.0,.249,.345,.530,.875,.273,13.44,2111.0,107.0,106.0,530.0,467.0,119.0,28.0,4.0,26.0,50.0,0.0,100.0,9.0,2.0,0.0,233.0,65.0,18.0,.255,.337,.499,.836,.271,17.96,2047.0,115.0,135.0,2025
702332,Caleb Durbin,111,Boston Red Sox,,3B,2026,462.0,409.0,104.0,22.0,1.0,12.0,34.0,0.0,62.0,10.0,4.0,5.0,164.0,62.0,6.0,.254,.324,.401,.725,.271,34.08,1692.0,131.0,121.0,506.0,445.0,114.0,25.0,0.0,11.0,30.0,0.0,50.0,24.0,4.0,3.0,172.0,53.0,10.0,.256,.334,.387,.721,.265,40.46,1838.0,134.0,154.0,2025
657277,Logan Webb,137,San Francisco Giants,,P,2026,,,,,,,,,,,,,,,,,,,,,,,,,,,,,,,,,,,,,,,,,,,,,,,,,2025
663432,Tanner Rainey,116,Detroit Tigers,,P,2026,,,,,,,,,,,,,,,,,,,,,,,,,,,,,,,,,,,,,,,,,,,,,,,,,2025
661388,William Contreras,158,Milwaukee Brewers,,C,2026,513.0,455.0,120.0,18.0,1.0,12.0,48.0,4.0,71.0,4.0,6.0,0.0,176.0,64.0,13.0,.264,.335,.387,.722,.286,37.92,1826.0,122.0,148.0,659.0,566.0,147.0,28.0,0.0,17.0,84.0,4.0,120.0,3.0,6.0,0.0,226.0,76.0,14.0,.260,.355,.399,.754,.299,33.29,2556.0,172.0,133.0,2025
679822,Justin Foscue,140,Texas Rangers,,2B,2026,175.0,158.0,41.0,8.0,1.0,8.0,14.0,0.0,44.0,2.0,1.0,0.0,75.0,23.0,3.0,.259,.326,.475,.801,.308,19.75,696.0,27.0,47.0,9.0,9.0,1.0,1.0,0.0,0.0,0.0,0.0,3.0,0.0,0.0,0.0,2.0,2.0,0.0,.111,.111,.222,.333,.167,-.--,42.0,1.0,4.0,2025
681870,Erik Sabrowski,114,Cleveland Guardians,,P,2026,,,,,,,,,,,,,,,,,,,,,,,,,,,,,,,,,,,,,,,,,,,,,,,,,2025
665487,Fernando Tatis Jr.,135,San Diego Padres,,RF,2026,559.0,493.0,140.0,27.0,2.0,15.0,54.0,5.0,103.0,5.0,6.0,1.0,216.0,62.0,11.0,.284,.357,.438,.795,.328,32.87,2000.0,142.0,115.0,691.0,594.0,159.0,27.0,2.0,25.0,89.0,7.0,129.0,6.0,2.0,0.0,265.0,71.0,6.0,.268,.368,.446,.814,.303,23.76,2636.0,160.0,148.0,2025
622491,Luis Castillo,145,Chicago White Sox,,P,2026,,,,,,,,,,,,,,,,,,,,,,,,,,,,,,,,,,,,,,,,,,,,,,,,,2025
620443,Luis Torrens,121,New York Mets,,C,2026,231.0,209.0,50.0,12.0,0.0,7.0,16.0,0.0,44.0,4.0,0.0,2.0,83.0,31.0,1.0,.239,.306,.397,.703,.272,29.86,898.0,69.0,48.0,283.0,261.0,59.0,14.0,1.0,5.0,19.0,0.0,56.0,2.0,0.0,1.0,90.0,29.0,7.0,.226,.284,.345,.629,.270,52.20,1069.0,89.0,58.0,2025
663457,Lars Nootbaar,109,Arizona Diamondbacks,,LF,2026,228.0,195.0,43.0,9.0,1.0,4.0,32.0,2.0,47.0,0.0,1.0,0.0,66.0,19.0,5.0,.221,.329,.338,.667,.269,48.75,935.0,59.0,47.0,583.0,509.0,119.0,24.0,1.0,13.0,64.0,3.0,119.0,6.0,3.0,1.0,184.0,48.0,4.0,.234,.325,.361,.686,.279,39.15,2359.0,109.0,166.0,2025
665506,Cristian Pache,121,New York Mets,,OF,2026,6.0,6.0,0.0,0.0,0.0,0.0,0.0,0.0,4.0,0.0,0.0,0.0,0.0,0.0,0.0,.000,.000,.000,.000,.000,-.--,29.0,1.0,1.0,,,,,,,,,,,,,,,,,,,,,,,,,2025
681892,Kody Funderburk,142,Minnesota Twins,,P,2026,,,,,,,,,,,,,,,,,,,,,,,,,0.0,0.0,0.0,0.0,0.0,0.0,0.0,0.0,0.0,0.0,0.0,0.0,0.0,0.0,0.0,.000,.000,.000,.000,.---,-.--,0.0,0.0,0.0,2025
679845,Nick Loftin,118,Kansas City Royals,,3B,2026,324.0,276.0,63.0,20.0,2.0,5.0,34.0,0.0,51.0,6.0,4.0,4.0,102.0,36.0,6.0,.228,.322,.370,.692,.259,55.20,1216.0,79.0,91.0,188.0,168.0,35.0,9.0,2.0,4.0,14.0,0.0,27.0,3.0,2.0,1.0,60.0,20.0,7.0,.208,.278,.357,.635,.223,42.00,676.0,48.0,61.0,2025
595879,Javier Báez,116,Detroit Tigers,,SS,2026,148.0,141.0,36.0,8.0,0.0,2.0,4.0,0.0,27.0,2.0,1.0,0.0,50.0,14.0,3.0,.255,.284,.355,.639,.301,70.50,505.0,47.0,32.0,437.0,417.0,107.0,17.0,3.0,12.0,10.0,0.0,109.0,6.0,3.0,0.0,166.0,57.0,8.0,.257,.282,.398,.680,.318,34.75,1543.0,99.0,105.0,2025
677800,Wilyer Abreu,111,Boston Red Sox,,RF,2026,545.0,475.0,124.0,27.0,4.0,22.0,59.0,3.0,106.0,2.0,7.0,1.0,225.0,68.0,9.0,.261,.341,.474,.815,.288,21.59,2155.0,89.0,164.0,417.0,373.0,92.0,17.0,0.0,22.0,40.0,5.0,101.0,0.0,3.0,1.0,175.0,69.0,8.0,.247,.317,.469,.786,.277,16.96,1600.0,63.0,121.0,2025
694192,Jackson Chourio,158,Milwaukee Brewers,,LF,2026,428.0,389.0,109.0,22.0,0.0,17.0,36.0,5.0,104.0,2.0,1.0,0.0,182.0,50.0,6.0,.280,.343,.468,.811,.342,22.88,1667.0,85.0,92.0,589.0,549.0,148.0,35.0,4.0,21.0,30.0,1.0,121.0,3.0,6.0,1.0,254.0,78.0,13.0,.270,.308,.463,.771,.308,26.14,2108.0,129.0,158.0,2025
683953,Travis Bazzana,114,Cleveland Guardians,,2B,2026,405.0,352.0,85.0,16.0,2.0,9.0,46.0,1.0,88.0,4.0,3.0,0.0,132.0,39.0,2.0,.241,.333,.375,.708,.295,39.11,1628.0,81.0,101.0,,,,,,,,,,,,,,,,,,,,,,,,,2025
694197,Angel Genao,114,Cleveland Guardians,,2B,2026,55.0,50.0,16.0,3.0,0.0,1.0,4.0,0.0,5.0,1.0,0.0,0.0,22.0,3.0,0.0,.320,.382,.440,.822,.341,50.00,186.0,19.0,10.0,,,,,,,,,,,,,,,,,,,,,,,,,2025
669620,Brady Basso,133,Athletics,,P,2026,,,,,,,,,,,,,,,,,,,,,,,,,,,,,,,,,,,,,,,,,,,,,,,,,2025
681911,Alex Vesia,119,Los Angeles Dodgers,,P,2026,0.0,0.0,0.0,0.0,0.0,0.0,0.0,0.0,0.0,0.0,0.0,0.0,0.0,0.0,0.0,.000,.000,.000,.000,.---,-.--,0.0,0.0,0.0,,,,,,,,,,,,,,,,,,,,,,,,,2025
694203,Denzer Guzman,108,Los Angeles Angels,,3B,2026,199.0,186.0,44.0,7.0,0.0,6.0,10.0,0.0,51.0,1.0,0.0,1.0,69.0,23.0,2.0,.237,.279,.371,.650,.295,31.00,731.0,44.0,48.0,43.0,42.0,8.0,1.0,0.0,2.0,1.0,0.0,22.0,0.0,0.0,0.0,15.0,3.0,0.0,.190,.209,.357,.566,.333,21.00,176.0,4.0,8.0,2025
681916,Dylan Smith,137,San Francisco Giants,,P,2026,0.0,0.0,0.0,0.0,0.0,0.0,0.0,0.0,0.0,0.0,0.0,0.0,0.0,0.0,0.0,.000,.000,.000,.000,.---,-.--,0.0,0.0,0.0,,,,,,,,,,,,,,,,,,,,,,,,,2025
694208,Moisés Ballesteros,108,Los Angeles Angels,,DH,2026,240.0,216.0,44.0,7.0,0.0,6.0,22.0,0.0,51.0,0.0,2.0,0.0,69.0,25.0,2.0,.204,.275,.319,.594,.236,36.00,931.0,59.0,64.0,66.0,57.0,17.0,2.0,1.0,2.0,9.0,1.0,12.0,0.0,0.0,0.0,27.0,11.0,2.0,.298,.394,.474,.868,.349,28.50,249.0,21.0,7.0,2025
700363,AJ Smith-Shawver,144,Atlanta Braves,,P,2026,,,,,,,,,,,,,,,,,,,,,,,,,,,,,,,,,,,,,,,,,,,,,,,,,2025
694212,Samuel Basallo,110,Baltimore Orioles,,C,2026,322.0,292.0,69.0,9.0,1.0,16.0,26.0,2.0,85.0,2.0,2.0,0.0,128.0,46.0,6.0,.236,.301,.438,.739,.275,18.25,1182.0,77.0,63.0,118.0,109.0,18.0,6.0,0.0,4.0,6.0,0.0,30.0,3.0,0.0,0.0,36.0,15.0,4.0,.165,.229,.330,.559,.187,27.25,443.0,36.0,25.0,2025
679885,Justin Martinez,109,Arizona Diamondbacks,,P,2026,,,,,,,,,,,,,,,,,,,,,,,,,0.0,0.0,0.0,0.0,0.0,0.0,0.0,0.0,0.0,0.0,0.0,0.0,0.0,0.0,0.0,.000,.000,.000,.000,.---,-.--,0.0,0.0,0.0,2025
696270,Ryan Johnson,108,Los Angeles Angels,,P,2026,,,,,,,,,,,,,,,,,,,,,,,,,,,,,,,,,,,,,,,,,,,,,,,,,2025
655316,Andruw Monasterio,111,Boston Red Sox,,SS,2026,290.0,260.0,67.0,22.0,1.0,6.0,23.0,0.0,56.0,2.0,4.0,1.0,109.0,38.0,5.0,.258,.318,.419,.737,.302,43.33,1245.0,47.0,95.0,135.0,126.0,34.0,9.0,0.0,4.0,7.0,0.0,32.0,2.0,0.0,0.0,55.0,16.0,1.0,.270,.319,.437,.756,.333,31.50,558.0,19.0,41.0,2025
696285,Jacob Young,120,Washington Nationals,,CF,2026,386.0,346.0,86.0,16.0,3.0,10.0,27.0,0.0,65.0,7.0,2.0,4.0,138.0,43.0,6.0,.249,.314,.399,.713,.278,34.60,1426.0,92.0,109.0,364.0,324.0,75.0,10.0,1.0,2.0,27.0,0.0,65.0,3.0,1.0,9.0,93.0,31.0,7.0,.231,.296,.287,.583,.283,162.00,1367.0,115.0,79.0,2025
489446,Kirby Yates,134,Pittsburgh Pirates,,P,2026,,,,,,,,,,,,,,,,,,,,,,,,,,,,,,,,,,,,,,,,,,,,,,,,,2025
815081,Mark Manfredi,115,Colorado Rockies,,P,2026,,,,,,,,,,,,,,,,,,,,,,,,,,,,,,,,,,,,,,,,,,,,,,,,,2025
694249,Cole Carrigg,115,Colorado Rockies,,CF,2026,236.0,202.0,57.0,17.0,3.0,5.0,25.0,2.0,50.0,4.0,4.0,1.0,95.0,34.0,3.0,.282,.366,.470,.836,.344,40.40,905.0,41.0,59.0,,,,,,,,,,,,,,,,,,,,,,,,,2025
688107,Robert Gasser,158,Milwaukee Brewers,,P,2026,,,,,,,,,,,,,,,,,,,,,,,,,,,,,,,,,,,,,,,,,,,,,,,,,2025
677870,Leo Jiménez,146,Miami Marlins,,3B,2026,174.0,151.0,31.0,4.0,0.0,2.0,14.0,0.0,35.0,8.0,1.0,0.0,41.0,14.0,6.0,.205,.305,.272,.577,.252,75.50,701.0,50.0,36.0,32.0,29.0,2.0,0.0,0.0,1.0,2.0,0.0,8.0,0.0,0.0,1.0,5.0,1.0,1.0,.069,.129,.172,.301,.050,29.00,143.0,10.0,10.0,2025
606192,Teoscar Hernández,119,Los Angeles Dodgers,,LF,2026,362.0,328.0,81.0,14.0,1.0,11.0,29.0,1.0,98.0,2.0,3.0,0.0,130.0,43.0,12.0,.247,.309,.396,.705,.315,29.82,1441.0,71.0,81.0,546.0,511.0,126.0,29.0,1.0,25.0,26.0,0.0,134.0,3.0,5.0,0.0,232.0,89.0,13.0,.247,.284,.454,.738,.283,20.44,2139.0,136.0,120.0,2025
663542,Bryan Hudson,145,Chicago White Sox,,P,2026,,,,,,,,,,,,,,,,,,,,,,,,,,,,,,,,,,,,,,,,,,,,,,,,,2025
671732,Lawrence Butler,133,Athletics,,RF,2026,396.0,348.0,75.0,13.0,1.0,11.0,45.0,1.0,99.0,1.0,1.0,1.0,123.0,36.0,5.0,.216,.306,.353,.659,.268,31.64,1623.0,102.0,74.0,630.0,569.0,133.0,30.0,2.0,21.0,59.0,0.0,179.0,0.0,0.0,2.0,230.0,63.0,7.0,.234,.306,.404,.710,.304,27.10,2517.0,137.0,122.0,2025
671737,Taj Bradley,142,Minnesota Twins,,P,2026,,,,,,,,,,,,,,,,,,,,,,,,,,,,,,,,,,,,,,,,,,,,,,,,,2025
671739,Michael Harris II,144,Atlanta Braves,,CF,2026,491.0,468.0,137.0,29.0,1.0,20.0,18.0,0.0,96.0,2.0,3.0,0.0,228.0,69.0,3.0,.293,.320,.487,.807,.330,23.40,1764.0,126.0,112.0,641.0,611.0,152.0,26.0,6.0,20.0,16.0,1.0,128.0,3.0,7.0,4.0,250.0,86.0,7.0,.249,.268,.409,.677,.281,30.55,2177.0,193.0,149.0,2025
681982,Grant Anderson,158,Milwaukee Brewers,,P,2026,,,,,,,,,,,,,,,,,,,,,,,,,,,,,,,,,,,,,,,,,,,,,,,,,2025
808959,Munetaka Murakami,145,Chicago White Sox,,1B,2026,406.0,333.0,75.0,13.0,0.0,29.0,70.0,7.0,133.0,2.0,1.0,0.0,175.0,58.0,2.0,.225,.362,.526,.888,.267,11.48,1772.0,63.0,63.0,,,,,,,,,,,,,,,,,,,,,,,,,2025
