batter_id,batter_name,team_id,team_name,batSide,primaryPosition,season,plateAppearances,atBats,hits,doubles,triples,homeRuns,baseOnBalls,intentionalWalks,strikeOuts,hitByPitch,sacFlies,sacBunts,totalBases,rbi,groundIntoDoublePlay,avg,obp,slg,ops,babip,atBatsPerHomeRun,numberOfPitches,groundOuts,airOuts,plateAppearances_prev,atBats_prev,hits_prev,doubles_prev,triples_prev,homeRuns_prev,baseOnBalls_prev,intentionalWalks_prev,strikeOuts_prev,hitByPitch_prev,sacFlies_prev,sacBunts_prev,totalBases_prev,rbi_prev,groundIntoDoublePlay_prev,avg_prev,obp_prev,slg_prev,ops_prev,babip_prev,atBatsPerHomeRun_prev,numberOfPitches_prev,groundOuts_prev,airOuts_prev,season_prev
669699,Braden Shewmake,158,Milwaukee Brewers,,SS,2026,91.0,85.0,22.0,5.0,0.0,3.0,2.0,0.0,16.0,0.0,2.0,2.0,36.0,10.0,2.0,.259,.270,.424,.694,.279,28.33,297.0,26.0,25.0,,,,,,,,,,,,,,,,,,,,,,,,,2025
808963,Roki Sasaki,119,Los Angeles Dodgers,,P,2026,,,,,,,,,,,,,,,,,,,,,,,,,,,,,,,,,,,,,,,,,,,,,,,,,2025
624641,Edmundo Sosa,143,Philadelphia Phillies,,2B,2026,175.0,160.0,34.0,5.0,1.0,5.0,5.0,0.0,35.0,4.0,3.0,1.0,56.0,25.0,4.0,.213,.250,.350,.600,.236,32.00,645.0,51.0,44.0,261.0,243.0,67.0,12.0,1.0,11.0,10.0,0.0,56.0,2.0,2.0,3.0,114.0,39.0,7.0,.276,.307,.469,.776,.315,22.09,942.0,67.0,58.0,2025
663554,Casey Mize,116,Detroit Tigers,,P,2026,,,,,,,,,,,,,,,,,,,,,,,,,,,,,,,,,,,,,,,,,,,,,,,,,2025
808967,Yoshinobu Yamamoto,119,Los Angeles Dodgers,,P,2026,,,,,,,,,,,,,,,,,,,,,,,,,,,,,,,,,,,,,,,,,,,,,,,,,2025
595978,Austin Hedges,114,Cleveland Guardians,,C,2026,151.0,132.0,37.0,7.0,0.0,3.0,12.0,0.0,25.0,1.0,2.0,4.0,53.0,15.0,3.0,.280,.340,.402,.742,.321,44.00,572.0,43.0,33.0,180.0,155.0,25.0,3.0,0.0,5.0,18.0,0.0,43.0,1.0,2.0,4.0,43.0,10.0,2.0,.161,.250,.277,.527,.183,31.00,696.0,35.0,58.0,2025
663556,Shane McClanahan,139,Tampa Bay Rays,,P,2026,,,,,,,,,,,,,,,,,,,,,,,,,,,,,,,,,,,,,,,,,,,,,,,,,2025
675848,Juan Mejia,115,Colorado Rockies,,P,2026,,,,,,,,,,,,,,,,,,,,,,,,,0.0,0.0,0.0,0.0,0.0,0.0,0.0,0.0,0.0,0.0,0.0,0.0,0.0,0.0,0.0,.000,.000,.000,.000,.---,-.--,0.0,0.0,0.0,2025
622608,Antonio Senzatela,115,Colorado Rockies,,P,2026,0.0,0.0,0.0,0.0,0.0,0.0,0.0,0.0,0.0,0.0,0.0,0.0,0.0,0.0,0.0,.000,.000,.000,.000,.---,-.--,0.0,0.0,0.0,,,,,,,,,,,,,,,,,,,,,,,,,2025
665622,Luis Medina,133,Athletics,,P,2026,,,,,,,,,,,,,,,,,,,,,,,,,,,,,,,,,,,,,,,,,,,,,,,,,2025
702474,Mike Paredes,142,Minnesota Twins,,P,2026,,,,,,,,,,,,,,,,,,,,,,,,,,,,,,,,,,,,,,,,,,,,,,,,,2025
669707,Jared Triolo,134,Pittsburgh Pirates,,SS,2026,230.0,206.0,51.0,12.0,0.0,1.0,18.0,0.0,51.0,3.0,0.0,1.0,66.0,19.0,6.0,.248,.317,.320,.637,.325,206.00,864.0,65.0,40.0,376.0,331.0,75.0,18.0,2.0,7.0,39.0,1.0,76.0,2.0,1.0,3.0,118.0,24.0,4.0,.227,.311,.356,.667,.273,47.29,1454.0,81.0,103.0,2025
669724,Brenan Hanifee,116,Detroit Tigers,,P,2026,,,,,,,,,,,,,,,,,,,,,,,,,,,,,,,,,,,,,,,,,,,,,,,,,2025
808982,Jung Hoo Lee,137,San Francisco Giants,,RF,2026,376.0,354.0,107.0,21.0,4.0,5.0,15.0,0.0,37.0,4.0,3.0,0.0,151.0,34.0,5.0,.302,.335,.427,.762,.324,70.80,1373.0,110.0,103.0,617.0,560.0,149.0,31.0,12.0,8.0,47.0,0.0,71.0,6.0,4.0,0.0,228.0,55.0,2.0,.266,.327,.407,.734,.291,70.00,2351.0,182.0,162.0,2025
593958,Eduardo Rodriguez,109,Arizona Diamondbacks,,P,2026,,,,,,,,,,,,,,,,,,,,,,,,,,,,,,,,,,,,,,,,,,,,,,,,,2025
694297,Brandon Pfaadt,109,Arizona Diamondbacks,,P,2026,,,,,,,,,,,,,,,,,,,,,,,,,,,,,,,,,,,,,,,,,,,,,,,,,2025
677944,Slade Cecconi,114,Cleveland Guardians,,P,2026,,,,,,,,,,,,,,,,,,,,,,,,,,,,,,,,,,,,,,,,,,,,,,,,,2025
571448,Nolan Arenado,109,Arizona Diamondbacks,,3B,2026,374.0,332.0,83.0,19.0,0.0,14.0,33.0,2.0,80.0,6.0,3.0,0.0,144.0,48.0,8.0,.250,.326,.434,.760,.286,23.71,1500.0,74.0,98.0,436.0,401.0,95.0,18.0,1.0,12.0,28.0,4.0,49.0,3.0,4.0,0.0,151.0,52.0,10.0,.237,.289,.377,.666,.241,33.42,1586.0,101.0,160.0,2025
596019,Francisco Lindor,121,New York Mets,,SS,2026,197.0,176.0,41.0,5.0,3.0,6.0,19.0,0.0,33.0,2.0,0.0,0.0,70.0,16.0,2.0,.233,.315,.398,.713,.255,29.33,851.0,46.0,56.0,732.0,644.0,172.0,35.0,0.0,31.0,65.0,2.0,131.0,16.0,7.0,0.0,300.0,86.0,9.0,.267,.346,.466,.812,.288,20.77,2940.0,149.0,199.0,2025
669743,Alex Call,119,Los Angeles Dodgers,,LF,2026,140.0,117.0,29.0,5.0,0.0,1.0,18.0,0.0,23.0,3.0,2.0,0.0,37.0,16.0,2.0,.248,.357,.316,.673,.295,117.00,616.0,33.0,34.0,322.0,270.0,72.0,13.0,2.0,5.0,36.0,0.0,55.0,6.0,4.0,6.0,104.0,31.0,6.0,.267,.361,.385,.746,.313,54.00,1314.0,80.0,73.0,2025
677952,Braxton Ashcraft,134,Pittsburgh Pirates,,P,2026,,,,,,,,,,,,,,,,,,,,,,,,,,,,,,,,,,,,,,,,,,,,,,,,,2025
665660,Elvis Alvarado,133,Athletics,,P,2026,,,,,,,,,,,,,,,,,,,,,,,,,0.0,0.0,0.0,0.0,0.0,0.0,0.0,0.0,0.0,0.0,0.0,0.0,0.0,0.0,0.0,.000,.000,.000,.000,.---,-.--,0.0,0.0,0.0,2025
694335,Matt Svanson,138,St. Louis Cardinals,,P,2026,,,,,,,,,,,,,,,,,,,,,,,,,,,,,,,,,,,,,,,,,,,,,,,,,2025
663616,Trevor Larnach,142,Minnesota Twins,,LF,2026,312.0,272.0,80.0,19.0,1.0,8.0,36.0,1.0,54.0,3.0,0.0,1.0,125.0,38.0,7.0,.294,.383,.460,.843,.343,34.00,1246.0,57.0,82.0,567.0,503.0,126.0,24.0,1.0,17.0,53.0,2.0,122.0,4.0,6.0,0.0,203.0,60.0,19.0,.250,.323,.404,.727,.295,29.59,2191.0,124.0,137.0,2025
677960,Ryan Weathers,147,New York Yankees,,P,2026,,,,,,,,,,,,,,,,,,,,,,,,,,,,,,,,,,,,,,,,,,,,,,,,,2025
608324,Alex Bregman,112,Chicago Cubs,,3B,2026,458.0,394.0,94.0,15.0,1.0,10.0,51.0,2.0,74.0,8.0,5.0,0.0,141.0,44.0,10.0,.239,.334,.358,.692,.267,39.40,1832.0,90.0,141.0,495.0,433.0,118.0,28.0,0.0,18.0,51.0,3.0,70.0,9.0,2.0,0.0,200.0,62.0,12.0,.273,.360,.462,.822,.288,24.06,1947.0,101.0,146.0,2025
682052,Jacob Lopez,133,Athletics,,P,2026,,,,,,,,,,,,,,,,,,,,,,,,,,,,,,,,,,,,,,,,,,,,,,,,,2025
608331,Max Fried,147,New York Yankees,,P,2026,,,,,,,,,,,,,,,,,,,,,,,,,,,,,,,,,,,,,,,,,,,,,,,,,2025
694361,Will Klein,119,Los Angeles Dodgers,,P,2026,,,,,,,,,,,,,,,,,,,,,,,,,,,,,,,,,,,,,,,,,,,,,,,,,2025
677976,Randy Dobnak,118,Kansas City Royals,,P,2026,,,,,,,,,,,,,,,,,,,,,,,,,,,,,,,,,,,,,,,,,,,,,,,,,2025
608348,Carson Kelly,112,Chicago Cubs,,C,2026,268.0,234.0,62.0,10.0,0.0,6.0,31.0,0.0,44.0,3.0,0.0,0.0,90.0,35.0,5.0,.265,.358,.385,.743,.304,39.00,1048.0,63.0,65.0,421.0,369.0,92.0,13.0,1.0,17.0,45.0,0.0,80.0,3.0,4.0,0.0,158.0,50.0,11.0,.249,.333,.428,.761,.272,21.71,1667.0,88.0,113.0,2025
694360,Beck Way,118,Kansas City Royals,,P,2026,,,,,,,,,,,,,,,,,,,,,,,,,,,,,,,,,,,,,,,,,,,,,,,,,2025
657514,Brennan Bernardino,115,Colorado Rockies,,P,2026,,,,,,,,,,,,,,,,,,,,,,,,,0.0,0.0,0.0,0.0,0.0,0.0,0.0,0.0,0.0,0.0,0.0,0.0,0.0,0.0,0.0,.000,.000,.000,.000,.---,-.--,0.0,0.0,0.0,2025
663656,Kyle Tucker,119,Los Angeles Dodgers,,RF,2026,401.0,347.0,82.0,18.0,2.0,7.0,48.0,0.0,79.0,2.0,4.0,0.0,125.0,48.0,3.0,.236,.329,.360,.689,.283,49.57,1580.0,82.0,108.0,597.0,500.0,133.0,25.0,4.0,22.0,87.0,7.0,88.0,4.0,3.0,1.0,232.0,73.0,8.0,.266,.377,.464,.841,.282,22.73,2306.0,114.0,169.0,2025
663647,Ke'Bryan Hayes,113,Cincinnati Reds,,3B,2026,146.0,137.0,20.0,2.0,1.0,2.0,8.0,0.0,24.0,1.0,0.0,0.0,30.0,5.0,5.0,.146,.199,.219,.418,.162,68.50,479.0,40.0,53.0,570.0,527.0,124.0,16.0,3.0,5.0,36.0,1.0,111.0,5.0,1.0,1.0,161.0,49.0,12.0,.235,.290,.306,.596,.289,105.40,2154.0,154.0,140.0,2025
694374,Tim Tawa,109,Arizona Diamondbacks,,LF,2026,126.0,109.0,24.0,7.0,0.0,4.0,11.0,0.0,29.0,0.0,2.0,4.0,43.0,19.0,2.0,.220,.287,.394,.681,.256,27.25,518.0,37.0,25.0,225.0,199.0,40.0,8.0,0.0,7.0,20.0,0.0,64.0,1.0,3.0,2.0,69.0,18.0,6.0,.201,.274,.347,.621,.252,28.43,876.0,54.0,46.0,2025
694378,Jacob Gonzalez,134,Pittsburgh Pirates,,1B,2026,114.0,103.0,26.0,5.0,0.0,4.0,8.0,0.0,23.0,2.0,0.0,1.0,43.0,22.0,1.0,.252,.319,.417,.736,.289,25.75,444.0,23.0,32.0,,,,,,,,,,,,,,,,,,,,,,,,,2025
608372,Tomoyuki Sugano,115,Colorado Rockies,,P,2026,,,,,,,,,,,,,,,,,,,,,,,,,,,,,,,,,,,,,,,,,,,,,,,,,2025
667755,José Soriano,108,Los Angeles Angels,,P,2026,,,,,,,,,,,,,,,,,,,,,,,,,,,,,,,,,,,,,,,,,,,,,,,,,2025
694384,Nolan Schanuel,108,Los Angeles Angels,,1B,2026,345.0,307.0,86.0,17.0,0.0,6.0,31.0,0.0,50.0,5.0,2.0,0.0,121.0,35.0,10.0,.280,.354,.394,.748,.316,51.17,1318.0,97.0,76.0,564.0,488.0,129.0,23.0,1.0,12.0,59.0,4.0,71.0,10.0,4.0,3.0,190.0,53.0,10.0,.264,.353,.389,.742,.286,40.67,2150.0,139.0,156.0,2025
571510,Matthew Boyd,112,Chicago Cubs,,P,2026,,,,,,,,,,,,,,,,,,,,,,,,,,,,,,,,,,,,,,,,,,,,,,,,,2025
608379,Michael Wacha,118,Kansas City Royals,,P,2026,,,,,,,,,,,,,,,,,,,,,,,,,,,,,,,,,,,,,,,,,,,,,,,,,2025
678022,Jack Perkins,133,Athletics,,P,2026,0.0,0.0,0.0,0.0,0.0,0.0,0.0,0.0,0.0,0.0,0.0,0.0,0.0,0.0,0.0,.000,.000,.000,.000,.---,-.--,0.0,0.0,0.0,,,,,,,,,,,,,,,,,,,,,,,,,2025
675961,Alika Williams,133,Athletics,,SS,2026,98.0,92.0,25.0,9.0,0.0,2.0,3.0,0.0,27.0,1.0,1.0,1.0,40.0,10.0,2.0,.272,.299,.435,.734,.359,46.00,388.0,20.0,22.0,,,,,,,,,,,,,,,,,,,,,,,,,2025
686218,Emmet Sheehan,119,Los Angeles Dodgers,,P,2026,,,,,,,,,,,,,,,,,,,,,,,,,,,,,,,,,,,,,,,,,,,,,,,,,2025
663687,Hogan Harris,133,Athletics,,P,2026,,,,,,,,,,,,,,,,,,,,,,,,,,,,,,,,,,,,,,,,,,,,,,,,,2025
657571,Caleb Ferguson,113,Cincinnati Reds,,P,2026,,,,,,,,,,,,,,,,,,,,,,,,,,,,,,,,,,,,,,,,,,,,,,,,,2025
665742,Juan Soto,121,New York Mets,,LF,2026,357.0,293.0,83.0,8.0,2.0,21.0,61.0,9.0,48.0,0.0,2.0,0.0,158.0,52.0,4.0,.283,.404,.539,.943,.274,13.95,1430.0,75.0,89.0,715.0,577.0,152.0,20.0,1.0,43.0,127.0,13.0,137.0,3.0,6.0,1.0,303.0,105.0,17.0,.263,.396,.525,.921,.270,13.42,2968.0,156.0,139.0,2025
596133,Luke Weaver,121,New York Mets,,P,2026,0.0,0.0,0.0,0.0,0.0,0.0,0.0,0.0,0.0,0.0,0.0,0.0,0.0,0.0,0.0,.000,.000,.000,.000,.---,-.--,0.0,0.0,0.0,,,,,,,,,,,,,,,,,,,,,,,,,2025
688297,Chris Roycroft,139,Tampa Bay Rays,,P,2026,,,,,,,,,,,,,,,,,,,,,,,,,,,,,,,,,,,,,,,,,,,,,,,,,2025
596142,Gary Sánchez,158,Milwaukee Brewers,,C,2026,184.0,146.0,32.0,5.0,1.0,8.0,35.0,0.0,32.0,2.0,1.0,0.0,63.0,25.0,6.0,.219,.375,.432,.807,.224,18.25,783.0,35.0,48.0,101.0,91.0,21.0,2.0,0.0,5.0,4.0,0.0,27.0,5.0,1.0,0.0,38.0,24.0,2.0,.231,.297,.418,.715,.267,18.20,415.0,21.0,23.0,2025
542888,Shawn Armstrong,114,Cleveland Guardians,,P,2026,,,,,,,,,,,,,,,,,,,,,,,,,0.0,0.0,0.0,0.0,0.0,0.0,0.0,0.0,0.0,0.0,0.0,0.0,0.0,0.0,0.0,.000,.000,.000,.000,.---,-.--,0.0,0.0,0.0,2025
671922,Cade Smith,114,Cleveland Guardians,,P,2026,0.0,0.0,0.0,0.0,0.0,0.0,0.0,0.0,0.0,0.0,0.0,0.0,0.0,0.0,0.0,.000,.000,.000,.000,.---,-.--,0.0,0.0,0.0,,,,,,,,,,,,,,,,,,,,,,,,,2025
596146,Max Kepler,109,Arizona Diamondbacks,,LF,2026,62.0,55.0,12.0,3.0,0.0,2.0,5.0,0.0,13.0,0.0,2.0,0.0,21.0,12.0,1.0,.218,.274,.382,.656,.238,27.50,235.0,8.0,24.0,474.0,417.0,90.0,19.0,0.0,18.0,48.0,3.0,93.0,4.0,4.0,1.0,163.0,52.0,10.0,.216,.300,.391,.691,.232,23.17,1826.0,95.0,144.0,2025
645305,Ali Sánchez,147,New York Yankees,,C,2026,41.0,38.0,9.0,2.0,0.0,0.0,1.0,0.0,10.0,1.0,1.0,0.0,11.0,4.0,1.0,.237,.268,.289,.557,.310,-.--,141.0,9.0,11.0,23.0,23.0,5.0,2.0,0.0,0.0,0.0,0.0,6.0,0.0,0.0,0.0,7.0,0.0,1.0,.217,.217,.304,.521,.294,-.--,80.0,6.0,6.0,2025
663738,Daniel Lynch IV,118,Kansas City Royals,,P,2026,,,,,,,,,,,,,,,,,,,,,,,,,0.0,0.0,0.0,0.0,0.0,0.0,0.0,0.0,0.0,0.0,0.0,0.0,0.0,0.0,0.0,.000,.000,.000,.000,.---,-.--,0.0,0.0,0.0,2025
682177,Daniel Schneemann,114,Cleveland Guardians,,CF,2026,276.0,252.0,52.0,11.0,0.0,6.0,24.0,0.0,81.0,0.0,0.0,0.0,81.0,28.0,5.0,.206,.275,.321,.596,.279,42.00,1104.0,60.0,59.0,422.0,379.0,78.0,18.0,1.0,12.0,38.0,1.0,117.0,3.0,1.0,1.0,134.0,41.0,4.0,.206,.283,.354,.637,.263,31.58,1668.0,96.0,90.0,2025
696519,Samy Natera Jr.,108,Los Angeles Angels,,P,2026,,,,,,,,,,,,,,,,,,,,,,,,,,,,,,,,,,,,,,,,,,,,,,,,,2025
663743,Nick Fortes,139,Tampa Bay Rays,,C,2026,241.0,224.0,60.0,11.0,0.0,4.0,6.0,0.0,30.0,8.0,1.0,2.0,83.0,25.0,6.0,.268,.310,.371,.681,.293,56.00,817.0,76.0,61.0,242.0,218.0,50.0,9.0,1.0,5.0,14.0,0.0,47.0,7.0,1.0,2.0,76.0,21.0,7.0,.229,.296,.349,.645,.269,43.60,915.0,59.0,65.0,2025
696522,Hayden Juenger,133,Athletics,,P,2026,,,,,,,,,,,,,,,,,,,,,,,,,,,,,,,,,,,,,,,,,,,,,,,,,2025
657612,Tim Hill,147,New York Yankees,,P,2026,,,,,,,,,,,,,,,,,,,,,,,,,,,,,,,,,,,,,,,,,,,,,,,,,2025
665804,Miguel Amaya,112,Chicago Cubs,,C,2026,165.0,138.0,32.0,8.0,0.0,3.0,18.0,0.0,39.0,7.0,0.0,1.0,49.0,15.0,5.0,.232,.350,.355,.705,.302,46.00,710.0,27.0,41.0,103.0,96.0,27.0,9.0,0.0,4.0,4.0,0.0,22.0,1.0,1.0,1.0,48.0,25.0,0.0,.281,.314,.500,.814,.324,24.00,385.0,22.0,27.0,2025
694477,Chad Patrick,158,Milwaukee Brewers,,P,2026,0.0,0.0,0.0,0.0,0.0,0.0,0.0,0.0,0.0,0.0,0.0,0.0,0.0,0.0,0.0,.000,.000,.000,.000,.---,-.--,0.0,0.0,0.0,,,,,,,,,,,,,,,,,,,,,,,,,2025
663757,Trent Grisham,147,New York Yankees,,CF,2026,329.0,281.0,63.0,14.0,2.0,11.0,45.0,0.0,54.0,0.0,3.0,0.0,114.0,41.0,4.0,.224,.328,.406,.734,.237,25.54,1329.0,72.0,95.0,581.0,494.0,116.0,9.0,1.0,34.0,82.0,0.0,137.0,4.0,1.0,0.0,229.0,74.0,7.0,.235,.348,.464,.812,.253,14.53,2393.0,107.0,135.0,2025
700669,Gordon Graceffo,138,St. Louis Cardinals,,P,2026,,,,,,,,,,,,,,,,,,,,,,,,,,,,,,,,,,,,,,,,,,,,,,,,,2025
663767,Chase Shugart,143,Philadelphia Phillies,,P,2026,0.0,0.0,0.0,0.0,0.0,0.0,0.0,0.0,0.0,0.0,0.0,0.0,0.0,0.0,0.0,.000,.000,.000,.000,.---,-.--,0.0,0.0,0.0,,,,,,,,,,,,,,,,,,,,,,,,,2025
606466,Ketel Marte,109,Arizona Diamondbacks,,2B,2026,432.0,395.0,102.0,20.0,3.0,18.0,31.0,1.0,63.0,2.0,4.0,0.0,182.0,59.0,4.0,.258,.313,.461,.774,.264,21.94,1557.0,115.0,119.0,556.0,480.0,136.0,28.0,0.0,28.0,64.0,6.0,83.0,9.0,3.0,0.0,248.0,72.0,12.0,.283,.376,.517,.893,.290,17.14,2095.0,129.0,135.0,2025
665862,Jazz Chisholm Jr.,147,New York Yankees,,2B,2026,383.0,342.0,77.0,13.0,2.0,16.0,37.0,1.0,113.0,1.0,3.0,0.0,142.0,43.0,4.0,.225,.300,.415,.715,.282,21.38,1571.0,72.0,83.0,531.0,462.0,112.0,15.0,1.0,31.0,58.0,1.0,148.0,6.0,4.0,1.0,222.0,80.0,3.0,.242,.332,.481,.813,.282,14.90,2138.0,90.0,117.0,2025
665871,Javier Assad,112,Chicago Cubs,,P,2026,,,,,,,,,,,,,,,,,,,,,,,,,,,,,,,,,,,,,,,,,,,,,,,,,2025
682254,Mason Montgomery,134,Pittsburgh Pirates,,P,2026,,,,,,,,,,,,,,,,,,,,,,,,,,,,,,,,,,,,,,,,,,,,,,,,,2025
665877,José Fermín,138,St. Louis Cardinals,,LF,2026,195.0,175.0,45.0,9.0,0.0,4.0,16.0,0.0,27.0,1.0,1.0,1.0,66.0,20.0,8.0,.257,.321,.377,.698,.283,43.75,806.0,46.0,59.0,70.0,60.0,17.0,5.0,0.0,1.0,8.0,0.0,10.0,1.0,0.0,1.0,25.0,9.0,0.0,.283,.377,.417,.794,.327,60.00,271.0,16.0,18.0,2025
592155,Cam Booser,139,Tampa Bay Rays,,P,2026,,,,,,,,,,,,,,,,,,,,,,,,,,,,,,,,,,,,,,,,,,,,,,,,,2025
700712,Walbert Ureña,108,Los Angeles Angels,,P,2026,,,,,,,,,,,,,,,,,,,,,,,,,,,,,,,,,,,,,,,,,,,,,,,,,2025
663837,Matt Vierling,116,Detroit Tigers,,CF,2026,278.0,254.0,53.0,12.0,2.0,5.0,19.0,0.0,47.0,0.0,4.0,1.0,84.0,30.0,4.0,.209,.260,.331,.591,.233,50.80,1060.0,65.0,94.0,100.0,88.0,21.0,3.0,0.0,1.0,7.0,0.0,24.0,3.0,2.0,0.0,27.0,11.0,1.0,.239,.310,.307,.617,.308,88.00,436.0,16.0,29.0,2025
641329,Bryan Baker,139,Tampa Bay Rays,,P,2026,,,,,,,,,,,,,,,,,,,,,,,,,0.0,0.0,0.0,0.0,0.0,0.0,0.0,0.0,0.0,0.0,0.0,0.0,0.0,0.0,0.0,.000,.000,.000,.000,.---,-.--,0.0,0.0,0.0,2025
643377,Griffin Jax,139,Tampa Bay Rays,,P,2026,,,,,,,,,,,,,,,,,,,,,,,,,0.0,0.0,0.0,0.0,0.0,0.0,0.0,0.0,0.0,0.0,0.0,0.0,0.0,0.0,0.0,.000,.000,.000,.000,.---,-.--,0.0,0.0,0.0,2025
543037,Gerrit Cole,147,New York Yankees,,P,2026,,,,,,,,,,,,,,,,,,,,,,,,,,,,,,,,,,,,,,,,,,,,,,,,,2025
641343,Jake Bauers,158,Milwaukee Brewers,,1B,2026,367.0,313.0,80.0,15.0,1.0,18.0,50.0,3.0,99.0,3.0,1.0,0.0,151.0,59.0,3.0,.256,.362,.482,.844,.315,17.39,1509.0,68.0,67.0,218.0,183.0,43.0,9.0,0.0,7.0,32.0,1.0,59.0,2.0,1.0,0.0,73.0,28.0,1.0,.235,.353,.399,.752,.305,26.14,895.0,35.0,47.0,2025
641355,Cody Bellinger,147,New York Yankees,,LF,2026,426.0,367.0,94.0,20.0,3.0,11.0,54.0,0.0,69.0,0.0,5.0,0.0,153.0,52.0,2.0,.256,.347,.417,.764,.284,33.36,1610.0,84.0,125.0,656.0,588.0,160.0,25.0,5.0,29.0,57.0,1.0,90.0,2.0,9.0,0.0,282.0,98.0,8.0,.272,.334,.480,.814,.274,20.28,2594.0,122.0,225.0,2025
663886,Tyler Stephenson,113,Cincinnati Reds,,C,2026,272.0,242.0,59.0,12.0,0.0,8.0,28.0,0.0,67.0,0.0,2.0,0.0,95.0,27.0,4.0,.244,.320,.393,.713,.302,30.25,1075.0,46.0,72.0,342.0,299.0,69.0,18.0,0.0,13.0,37.0,1.0,116.0,2.0,4.0,0.0,126.0,50.0,4.0,.231,.316,.421,.737,.322,23.00,1389.0,57.0,61.0,2025
657746,Joe Ryan,142,Minnesota Twins,,P,2026,,,,,,,,,,,,,,,,,,,,,,,,,,,,,,,,,,,,,,,,,,,,,,,,,2025
670036,Matt Festa,114,Cleveland Guardians,,P,2026,,,,,,,,,,,,,,,,,,,,,,,,,0.0,0.0,0.0,0.0,0.0,0.0,0.0,0.0,0.0,0.0,0.0,0.0,0.0,0.0,0.0,.000,.000,.000,.000,.---,-.--,0.0,0.0,0.0,2025
663903,Brady Singer,113,Cincinnati Reds,,P,2026,,,,,,,,,,,,,,,,,,,,,,,,,,,,,,,,,,,,,,,,,,,,,,,,,2025
545121,Ildemaro Vargas,109,Arizona Diamondbacks,,1B,2026,323.0,300.0,81.0,14.0,3.0,7.0,18.0,2.0,30.0,2.0,1.0,1.0,122.0,49.0,4.0,.270,.315,.407,.722,.280,42.86,1139.0,99.0,92.0,121.0,115.0,31.0,2.0,1.0,3.0,2.0,0.0,15.0,2.0,1.0,1.0,44.0,19.0,3.0,.270,.292,.383,.675,.286,38.33,429.0,46.0,25.0,2025
665953,Andrés Chaparro,120,Washington Nationals,,1B,2026,79.0,66.0,14.0,3.0,0.0,4.0,12.0,0.0,19.0,1.0,0.0,0.0,29.0,18.0,2.0,.212,.342,.439,.781,.233,16.50,314.0,18.0,15.0,73.0,66.0,12.0,2.0,0.0,1.0,5.0,0.0,22.0,1.0,1.0,0.0,17.0,5.0,0.0,.182,.247,.258,.505,.250,66.00,282.0,15.0,18.0,2025
547179,Michael Lorenzen,115,Colorado Rockies,,P,2026,,,,,,,,,,,,,,,,,,,,,,,,,,,,,,,,,,,,,,,,,,,,,,,,,2025
547180,Bryce Harper,143,Philadelphia Phillies,,1B,2026,433.0,363.0,93.0,19.0,2.0,21.0,63.0,3.0,91.0,1.0,6.0,0.0,179.0,60.0,9.0,.256,.363,.493,.856,.280,17.29,1684.0,93.0,92.0,580.0,501.0,131.0,32.0,0.0,27.0,70.0,6.0,121.0,6.0,3.0,0.0,244.0,75.0,5.0,.261,.357,.487,.844,.292,18.56,2172.0,127.0,125.0,2025
670059,Colin Holderman,114,Cleveland Guardians,,P,2026,,,,,,,,,,,,,,,,,,,,,,,,,,,,,,,,,,,,,,,,,,,,,,,,,2025
670062,Julian Garcia,113,Cincinnati Reds,,P,2026,,,,,,,,,,,,,,,,,,,,,,,,,,,,,,,,,,,,,,,,,,,,,,,,,2025
643446,Jeff McNeil,133,Athletics,,2B,2026,307.0,277.0,66.0,11.0,0.0,4.0,22.0,1.0,36.0,4.0,3.0,1.0,89.0,31.0,10.0,.238,.301,.321,.622,.258,69.25,1131.0,82.0,97.0,462.0,399.0,97.0,21.0,5.0,12.0,49.0,4.0,55.0,8.0,4.0,2.0,164.0,54.0,5.0,.243,.335,.411,.746,.253,33.25,1718.0,109.0,144.0,2025
686469,Vinnie Pasquantino,118,Kansas City Royals,,1B,2026,325.0,282.0,65.0,11.0,2.0,6.0,37.0,3.0,55.0,2.0,4.0,0.0,98.0,33.0,3.0,.230,.320,.348,.668,.262,47.00,1312.0,58.0,108.0,682.0,621.0,164.0,33.0,1.0,32.0,49.0,5.0,107.0,7.0,5.0,0.0,295.0,113.0,14.0,.264,.323,.475,.798,.271,19.41,2572.0,153.0,202.0,2025
663941,Tristan Beck,137,San Francisco Giants,,P,2026,,,,,,,,,,,,,,,,,,,,,,,,,,,,,,,,,,,,,,,,,,,,,,,,,2025
686475,Tyler Tolbert,118,Kansas City Royals,,SS,2026,69.0,61.0,20.0,1.0,0.0,2.0,4.0,0.0,11.0,0.0,1.0,3.0,27.0,5.0,3.0,.328,.364,.443,.807,.367,30.50,230.0,19.0,15.0,57.0,50.0,14.0,2.0,0.0,1.0,1.0,0.0,11.0,3.0,2.0,1.0,19.0,6.0,1.0,.280,.321,.380,.701,.325,50.00,189.0,10.0,18.0,2025
663947,Tyler Holton,116,Detroit Tigers,,P,2026,,,,,,,,,,,,,,,,,,,,,,,,,,,,,,,,,,,,,,,,,,,,,,,,,2025
684442,Kohl Drake,109,Arizona Diamondbacks,,P,2026,,,,,,,,,,,,,,,,,,,,,,,,,,,,,,,,,,,,,,,,,,,,,,,,,2025
663968,Jake Mangum,134,Pittsburgh Pirates,,CF,2026,275.0,251.0,76.0,10.0,1.0,2.0,14.0,1.0,47.0,6.0,1.0,3.0,94.0,21.0,6.0,.303,.353,.375,.728,.365,125.50,1013.0,86.0,46.0,428.0,405.0,120.0,18.0,1.0,3.0,19.0,0.0,64.0,2.0,1.0,1.0,149.0,40.0,4.0,.296,.330,.368,.698,.345,135.00,1442.0,138.0,85.0,2025
666018,Jonathan Aranda,139,Tampa Bay Rays,,1B,2026,439.0,371.0,105.0,17.0,0.0,14.0,53.0,3.0,100.0,8.0,7.0,0.0,164.0,65.0,10.0,.283,.378,.442,.820,.345,26.50,1719.0,77.0,96.0,422.0,370.0,117.0,22.0,0.0,14.0,41.0,3.0,107.0,8.0,3.0,0.0,181.0,59.0,9.0,.316,.393,.489,.882,.409,26.43,1717.0,64.0,85.0,2025
676263,Jack Dreyer,119,Los Angeles Dodgers,,P,2026,0.0,0.0,0.0,0.0,0.0,0.0,0.0,0.0,0.0,0.0,0.0,0.0,0.0,0.0,0.0,.000,.000,.000,.000,.---,-.--,0.0,0.0,0.0,,,,,,,,,,,,,,,,,,,,,,,,,2025
518585,Fernando Cruz,147,New York Yankees,,P,2026,0.0,0.0,0.0,0.0,0.0,0.0,0.0,0.0,0.0,0.0,0.0,0.0,0.0,0.0,0.0,.000,.000,.000,.000,.---,-.--,0.0,0.0,0.0,,,,,,,,,,,,,,,,,,,,,,,,,2025
805299,Brandyn Garcia,109,Arizona Diamondbacks,,P,2026,,,,,,,,,,,,,,,,,,,,,,,,,0.0,0.0,0.0,0.0,0.0,0.0,0.0,0.0,0.0,0.0,0.0,0.0,0.0,0.0,0.0,.000,.000,.000,.000,.---,-.--,0.0,0.0,0.0,2025
676282,Joey Cantillo,114,Cleveland Guardians,,P,2026,,,,,,,,,,,,,,,,,,,,,,,,,,,,,,,,,,,,,,,,,,,,,,,,,2025
663993,Nathaniel Lowe,113,Cincinnati Reds,,DH,2026,239.0,213.0,52.0,13.0,0.0,12.0,26.0,1.0,63.0,0.0,0.0,0.0,101.0,31.0,1.0,.244,.326,.474,.800,.290,17.75,1027.0,50.0,48.0,609.0,540.0,123.0,23.0,3.0,18.0,62.0,2.0,159.0,2.0,5.0,0.0,206.0,84.0,6.0,.228,.307,.381,.688,.285,30.00,2607.0,130.0,133.0,2025
608718,Brent Suter,108,Los Angeles Angels,,P,2026,,,,,,,,,,,,,,,,,,,,,,,,,,,,,,,,,,,,,,,,,,,,,,,,,2025
694738,Landen Roupp,137,San Francisco Giants,,P,2026,,,,,,,,,,,,,,,,,,,,,,,,,,,,,,,,,,,,,,,,,,,,,,,,,2025
670167,John Schreiber,118,Kansas City Royals,,P,2026,,,,,,,,,,,,,,,,,,,,,,,,,0.0,0.0,0.0,0.0,0.0,0.0,0.0,0.0,0.0,0.0,0.0,0.0,0.0,0.0,0.0,.000,.000,.000,.000,.---,-.--,0.0,0.0,0.0,2025
664023,Ian Happ,112,Chicago Cubs,,LF,2026,423.0,360.0,80.0,18.0,2.0,18.0,56.0,3.0,130.0,6.0,1.0,0.0,156.0,45.0,9.0,.222,.336,.433,.769,.291,20.00,1765.0,66.0,85.0,663.0,569.0,138.0,32.0,0.0,23.0,87.0,2.0,151.0,2.0,5.0,0.0,239.0,79.0,8.0,.243,.342,.420,.762,.288,24.74,2717.0,120.0,165.0,2025
621020,Dansby Swanson,112,Chicago Cubs,,SS,2026,379.0,334.0,71.0,12.0,3.0,16.0,39.0,0.0,86.0,1.0,4.0,1.0,137.0,58.0,4.0,.213,.294,.410,.704,.233,20.88,1479.0,84.0,98.0,645.0,590.0,144.0,24.0,3.0,24.0,47.0,1.0,168.0,2.0,5.0,1.0,246.0,77.0,9.0,.244,.300,.417,.717,.298,24.58,2521.0,137.0,147.0,2025
686555,Isaac Collins,118,Kansas City Royals,,LF,2026,340.0,290.0,71.0,17.0,1.0,6.0,40.0,0.0,78.0,6.0,2.0,2.0,108.0,34.0,4.0,.245,.346,.372,.718,.313,48.33,1322.0,63.0,82.0,441.0,372.0,98.0,22.0,3.0,9.0,57.0,0.0,93.0,6.0,3.0,3.0,153.0,54.0,8.0,.263,.368,.411,.779,.326,41.33,1792.0,91.0,96.0,2025
664040,Brandon Lowe,134,Pittsburgh Pirates,,2B,2026,423.0,375.0,91.0,21.0,1.0,21.0,39.0,0.0,115.0,2.0,7.0,0.0,177.0,65.0,3.0,.243,.312,.472,.784,.285,17.86,1694.0,73.0,103.0,553.0,507.0,130.0,19.0,0.0,31.0,38.0,1.0,149.0,2.0,6.0,0.0,242.0,83.0,6.0,.256,.307,.477,.784,.297,16.36,2146.0,107.0,127.0,2025
678391,Jorbit Vivas,120,Washington Nationals,,3B,2026,219.0,187.0,46.0,8.0,1.0,3.0,21.0,0.0,28.0,4.0,4.0,2.0,65.0,18.0,3.0,.246,.329,.348,.677,.269,62.33,766.0,61.0,58.0,66.0,56.0,9.0,2.0,0.0,1.0,5.0,0.0,13.0,3.0,0.0,0.0,14.0,5.0,0.0,.161,.266,.250,.516,.190,56.00,246.0,17.0,17.0,2025
688642,Zach Agnos,115,Colorado Rockies,,P,2026,,,,,,,,,,,,,,,,,,,,,,,,,0.0,0.0,0.0,0.0,0.0,0.0,0.0,0.0,0.0,0.0,0.0,0.0,0.0,0.0,0.0,.000,.000,.000,.000,.---,-.--,0.0,0.0,0.0,2025
621053,Tyler Ferguson,112,Chicago Cubs,,P,2026,,,,,,,,,,,,,,,,,,,,,,,,,0.0,0.0,0.0,0.0,0.0,0.0,0.0,0.0,0.0,0.0,0.0,0.0,0.0,0.0,0.0,.000,.000,.000,.000,.---,-.--,0.0,0.0,0.0,2025
700932,Kyle Manzardo,114,Cleveland Guardians,,1B,2026,331.0,291.0,62.0,9.0,1.0,11.0,33.0,0.0,105.0,5.0,2.0,0.0,106.0,32.0,4.0,.213,.302,.364,.666,.288,26.46,1363.0,53.0,73.0,531.0,470.0,110.0,19.0,2.0,27.0,48.0,2.0,135.0,8.0,5.0,0.0,214.0,70.0,7.0,.234,.313,.455,.768,.265,17.41,2018.0,82.0,148.0,2025
676356,Jonny DeLuca,139,Tampa Bay Rays,,RF,2026,198.0,187.0,49.0,15.0,0.0,6.0,9.0,0.0,40.0,0.0,0.0,2.0,82.0,31.0,6.0,.262,.296,.439,.735,.305,31.17,728.0,45.0,55.0,59.0,57.0,19.0,1.0,3.0,0.0,2.0,0.0,13.0,0.0,0.0,0.0,26.0,4.0,0.0,.333,.356,.456,.812,.432,-.--,224.0,10.0,15.0,2025
664076,Garrett Cleavinger,139,Tampa Bay Rays,,P,2026,,,,,,,,,,,,,,,,,,,,,,,,,,,,,,,,,,,,,,,,,,,,,,,,,2025
571912,Luke Maile,118,Kansas City Royals,,C,2026,11.0,10.0,2.0,0.0,0.0,1.0,1.0,0.0,3.0,0.0,0.0,0.0,5.0,3.0,0.0,.200,.273,.500,.773,.167,10.00,37.0,2.0,3.0,54.0,45.0,11.0,2.0,0.0,1.0,7.0,0.0,16.0,0.0,0.0,2.0,16.0,6.0,1.0,.244,.346,.356,.702,.357,45.00,214.0,11.0,9.0,2025
666126,Carlos Cortes,133,Athletics,,RF,2026,245.0,218.0,60.0,12.0,1.0,7.0,22.0,0.0,33.0,4.0,1.0,0.0,95.0,25.0,11.0,.275,.351,.436,.787,.296,31.14,1006.0,68.0,58.0,99.0,94.0,29.0,8.0,1.0,4.0,3.0,0.0,20.0,0.0,2.0,0.0,51.0,14.0,3.0,.309,.323,.543,.866,.347,23.50,375.0,24.0,23.0,2025
676369,Nelson Velázquez,138,St. Louis Cardinals,,LF,2026,73.0,64.0,14.0,3.0,0.0,4.0,7.0,0.0,22.0,1.0,1.0,0.0,29.0,12.0,0.0,.219,.301,.453,.754,.256,16.00,289.0,13.0,16.0,,,,,,,,,,,,,,,,,,,,,,,,,2025
686611,Dylan Crews,120,Washington Nationals,,RF,2026,213.0,192.0,41.0,6.0,0.0,7.0,14.0,0.0,47.0,7.0,0.0,0.0,68.0,21.0,3.0,.214,.291,.354,.645,.246,27.43,758.0,45.0,59.0,322.0,293.0,61.0,8.0,2.0,10.0,24.0,0.0,76.0,5.0,0.0,0.0,103.0,27.0,4.0,.208,.280,.352,.632,.246,29.30,1150.0,80.0,76.0,2025
672275,Patrick Bailey,114,Cleveland Guardians,,C,2026,216.0,198.0,40.0,5.0,1.0,5.0,15.0,0.0,54.0,0.0,1.0,2.0,62.0,19.0,6.0,.202,.257,.313,.570,.250,39.60,880.0,56.0,51.0,452.0,409.0,91.0,18.0,3.0,6.0,30.0,0.0,133.0,3.0,6.0,4.0,133.0,55.0,7.0,.222,.277,.325,.602,.308,68.17,1724.0,82.0,113.0,2025
680474,Max Schuemann,147,New York Yankees,,SS,2026,71.0,57.0,13.0,5.0,0.0,2.0,11.0,0.0,17.0,3.0,0.0,0.0,24.0,6.0,0.0,.228,.380,.421,.801,.289,28.50,290.0,9.0,18.0,213.0,183.0,36.0,4.0,2.0,2.0,22.0,0.0,35.0,4.0,1.0,3.0,50.0,13.0,6.0,.197,.295,.273,.568,.231,91.50,838.0,56.0,60.0,2025
666139,Josh Lowe,108,Los Angeles Angels,,LF,2026,199.0,184.0,38.0,4.0,0.0,8.0,11.0,1.0,54.0,1.0,1.0,2.0,66.0,22.0,0.0,.207,.254,.359,.613,.244,23.00,812.0,39.0,56.0,435.0,396.0,87.0,21.0,2.0,11.0,33.0,1.0,109.0,3.0,2.0,1.0,145.0,40.0,7.0,.220,.283,.366,.649,.273,36.00,1842.0,105.0,98.0,2025
694819,Jacob Misiorowski,158,Milwaukee Brewers,,P,2026,,,,,,,,,,,,,,,,,,,,,,,,,,,,,,,,,,,,,,,,,,,,,,,,,2025
672282,Reid Detmers,108,Los Angeles Angels,,P,2026,,,,,,,,,,,,,,,,,,,,,,,,,,,,,,,,,,,,,,,,,,,,,,,,,2025
518692,Freddie Freeman,119,Los Angeles Dodgers,,1B,2026,434.0,377.0,109.0,25.0,1.0,15.0,50.0,1.0,72.0,3.0,4.0,0.0,181.0,51.0,14.0,.289,.373,.480,.853,.320,25.13,1796.0,100.0,100.0,627.0,556.0,164.0,39.0,2.0,24.0,60.0,7.0,128.0,6.0,5.0,0.0,279.0,90.0,13.0,.295,.367,.502,.869,.342,23.17,2382.0,128.0,141.0,2025
621097,Jacob Waguespack,116,Detroit Tigers,,P,2026,0.0,0.0,0.0,0.0,0.0,0.0,0.0,0.0,0.0,0.0,0.0,0.0,0.0,0.0,0.0,.000,.000,.000,.000,.---,-.--,0.0,0.0,0.0,,,,,,,,,,,,,,,,,,,,,,,,,2025
571945,Miles Mikolas,120,Washington Nationals,,P,2026,,,,,,,,,,,,,,,,,,,,,,,,,,,,,,,,,,,,,,,,,,,,,,,,,2025
623149,Paul Sewald,109,Arizona Diamondbacks,,P,2026,,,,,,,,,,,,,,,,,,,,,,,,,,,,,,,,,,,,,,,,,,,,,,,,,2025
666160,Mickey Moniak,115,Colorado Rockies,,LF,2026,247.0,229.0,64.0,11.0,3.0,16.0,13.0,0.0,59.0,3.0,2.0,0.0,129.0,42.0,3.0,.279,.324,.563,.887,.308,14.31,855.0,38.0,70.0,461.0,434.0,117.0,20.0,8.0,24.0,22.0,1.0,110.0,2.0,3.0,0.0,225.0,68.0,4.0,.270,.306,.518,.824,.307,18.08,1598.0,81.0,129.0,2025
805427,Drew Sommers,116,Detroit Tigers,,P,2026,,,,,,,,,,,,,,,,,,,,,,,,,,,,,,,,,,,,,,,,,,,,,,,,,2025
666171,Ryan Zeferjahn,108,Los Angeles Angels,,P,2026,,,,,,,,,,,,,,,,,,,,,,,,,,,,,,,,,,,,,,,,,,,,,,,,,2025
621112,Paul Blackburn,147,New York Yankees,,P,2026,0.0,0.0,0.0,0.0,0.0,0.0,0.0,0.0,0.0,0.0,0.0,0.0,0.0,0.0,0.0,.000,.000,.000,.000,.---,-.--,0.0,0.0,0.0,,,,,,,,,,,,,,,,,,,,,,,,,2025
666176,Jo Adell,108,Los Angeles Angels,,RF,2026,423.0,394.0,95.0,15.0,1.0,15.0,13.0,0.0,94.0,14.0,2.0,0.0,157.0,57.0,12.0,.241,.288,.398,.686,.279,26.27,1622.0,93.0,114.0,573.0,526.0,124.0,18.0,1.0,37.0,33.0,0.0,151.0,10.0,1.0,0.0,255.0,98.0,10.0,.236,.293,.485,.778,.257,14.22,2220.0,111.0,141.0,2025
621121,Lance McCullers Jr.,158,Milwaukee Brewers,,P,2026,,,,,,,,,,,,,,,,,,,,,,,,,,,,,,,,,,,,,,,,,,,,,,,,,2025
664129,Geoff Hartlieb,133,Athletics,,P,2026,,,,,,,,,,,,,,,,,,,,,,,,,,,,,,,,,,,,,,,,,,,,,,,,,2025
571970,Max Muncy,119,Los Angeles Dodgers,,3B,2026,359.0,313.0,82.0,16.0,1.0,20.0,43.0,2.0,83.0,3.0,0.0,0.0,160.0,47.0,4.0,.262,.357,.511,.868,.295,15.65,1435.0,68.0,80.0,388.0,313.0,76.0,10.0,2.0,19.0,64.0,2.0,83.0,6.0,5.0,0.0,147.0,67.0,4.0,.243,.376,.470,.846,.264,16.47,1650.0,61.0,98.0,2025
623168,Tyler Heineman,108,Los Angeles Angels,,C,2026,114.0,103.0,18.0,2.0,0.0,1.0,4.0,0.0,22.0,3.0,0.0,4.0,23.0,6.0,5.0,.175,.227,.223,.450,.213,103.00,419.0,40.0,27.0,174.0,149.0,43.0,8.0,1.0,3.0,12.0,0.0,31.0,6.0,2.0,5.0,62.0,20.0,1.0,.289,.361,.416,.777,.342,49.67,627.0,30.0,52.0,2025
666182,Bo Bichette,121,New York Mets,,3B,2026,440.0,403.0,103.0,15.0,1.0,10.0,29.0,0.0,79.0,2.0,6.0,0.0,150.0,51.0,13.0,.256,.305,.372,.677,.291,40.30,1618.0,118.0,109.0,628.0,582.0,181.0,44.0,1.0,18.0,40.0,2.0,91.0,3.0,3.0,0.0,281.0,94.0,17.0,.311,.357,.483,.840,.342,32.33,2308.0,171.0,142.0,2025
664141,JT Brubaker,137,San Francisco Giants,,P,2026,,,,,,,,,,,,,,,,,,,,,,,,,,,,,,,,,,,,,,,,,,,,,,,,,2025
670280,David Bednar,147,New York Yankees,,P,2026,0.0,0.0,0.0,0.0,0.0,0.0,0.0,0.0,0.0,0.0,0.0,0.0,0.0,0.0,0.0,.000,.000,.000,.000,.---,-.--,0.0,0.0,0.0,,,,,,,,,,,,,,,,,,,,,,,,,2025
672335,Cionel Pérez,121,New York Mets,,P,2026,,,,,,,,,,,,,,,,,,,,,,,,,0.0,0.0,0.0,0.0,0.0,0.0,0.0,0.0,0.0,0.0,0.0,0.0,0.0,0.0,0.0,.000,.000,.000,.000,.---,-.--,0.0,0.0,0.0,2025
545361,Mike Trout,108,Los Angeles Angels,,CF,2026,379.0,303.0,71.0,14.0,0.0,18.0,71.0,8.0,95.0,5.0,0.0,0.0,139.0,39.0,6.0,.234,.388,.459,.847,.279,16.83,1605.0,59.0,78.0,556.0,456.0,106.0,14.0,1.0,26.0,87.0,10.0,178.0,6.0,6.0,0.0,200.0,64.0,7.0,.232,.359,.439,.798,.310,17.54,2482.0,66.0,112.0,2025
666200,Jesús Luzardo,143,Philadelphia Phillies,,P,2026,,,,,,,,,,,,,,,,,,,,,,,,,,,,,,,,,,,,,,,,,,,,,,,,,2025
676439,Hunter Feduccia,139,Tampa Bay Rays,,C,2026,149.0,131.0,30.0,6.0,1.0,2.0,14.0,0.0,42.0,1.0,1.0,2.0,44.0,11.0,1.0,.229,.306,.336,.642,.318,65.50,619.0,23.0,39.0,105.0,88.0,13.0,5.0,0.0,0.0,15.0,0.0,29.0,0.0,2.0,0.0,18.0,8.0,0.0,.148,.267,.205,.472,.213,-.--,477.0,21.0,27.0,2025
686681,Michael Massey,118,Kansas City Royals,,2B,2026,272.0,252.0,69.0,18.0,0.0,7.0,15.0,0.0,47.0,0.0,3.0,2.0,108.0,33.0,4.0,.274,.311,.429,.740,.308,36.00,990.0,58.0,83.0,277.0,262.0,64.0,9.0,0.0,3.0,9.0,0.0,43.0,1.0,4.0,1.0,82.0,20.0,3.0,.244,.268,.313,.581,.277,87.33,1013.0,48.0,112.0,2025
678489,Jorge Barrosa,109,Arizona Diamondbacks,,CF,2026,138.0,119.0,23.0,11.0,1.0,2.0,13.0,0.0,38.0,1.0,0.0,5.0,42.0,10.0,1.0,.193,.278,.353,.631,.266,59.50,594.0,32.0,31.0,77.0,71.0,10.0,3.0,0.0,1.0,2.0,0.0,22.0,1.0,3.0,0.0,16.0,7.0,1.0,.141,.169,.225,.394,.176,71.00,327.0,18.0,24.0,2025
676440,Tanner Bibee,114,Cleveland Guardians,,P,2026,,,,,,,,,,,,,,,,,,,,,,,,,,,,,,,,,,,,,,,,,,,,,,,,,2025
672356,Gabriel Arias,114,Cleveland Guardians,,3B,2026,110.0,104.0,25.0,2.0,0.0,5.0,6.0,1.0,47.0,0.0,0.0,0.0,42.0,10.0,0.0,.240,.282,.404,.686,.385,20.80,422.0,22.0,10.0,471.0,432.0,95.0,25.0,2.0,11.0,27.0,1.0,162.0,7.0,4.0,1.0,157.0,54.0,8.0,.220,.274,.363,.637,.319,39.27,1792.0,101.0,79.0,2025
623205,Andrew Velazquez,118,Kansas City Royals,,SS,2026,7.0,7.0,1.0,0.0,0.0,0.0,0.0,0.0,1.0,0.0,0.0,0.0,1.0,0.0,0.0,.143,.143,.143,.286,.167,-.--,20.0,3.0,2.0,,,,,,,,,,,,,,,,,,,,,,,,,2025
623211,Huascar Brazobán,121,New York Mets,,P,2026,,,,,,,,,,,,,,,,,,,,,,,,,,,,,,,,,,,,,,,,,,,,,,,,,2025
676475,Alec Burleson,138,St. Louis Cardinals,,1B,2026,429.0,388.0,110.0,25.0,1.0,15.0,34.0,2.0,64.0,4.0,3.0,0.0,182.0,69.0,9.0,.284,.345,.469,.814,.304,25.87,1549.0,111.0,106.0,546.0,497.0,144.0,26.0,2.0,18.0,39.0,1.0,79.0,3.0,4.0,1.0,228.0,69.0,14.0,.290,.343,.459,.802,.312,27.61,1933.0,119.0,160.0,2025
680570,Grayson Rodriguez,108,Los Angeles Angels,,P,2026,,,,,,,,,,,,,,,,,,,,,,,,,,,,,,,,,,,,,,,,,,,,,,,,,2025
682622,Noelvi Marte,113,Cincinnati Reds,,RF,2026,146.0,137.0,26.0,6.0,0.0,6.0,9.0,0.0,36.0,0.0,0.0,0.0,50.0,13.0,3.0,.190,.240,.365,.605,.211,22.83,549.0,45.0,30.0,360.0,339.0,89.0,17.0,2.0,14.0,16.0,0.0,85.0,3.0,2.0,0.0,152.0,51.0,7.0,.263,.300,.448,.748,.310,24.21,1267.0,87.0,80.0,2025
682626,Francisco Alvarez,121,New York Mets,,C,2026,248.0,222.0,57.0,7.0,0.0,11.0,20.0,0.0,66.0,3.0,1.0,0.0,97.0,25.0,14.0,.257,.325,.437,.762,.315,20.18,1013.0,56.0,44.0,277.0,246.0,63.0,12.0,1.0,11.0,27.0,0.0,73.0,4.0,0.0,0.0,110.0,32.0,6.0,.256,.339,.447,.786,.321,22.36,1123.0,61.0,49.0,2025
699013,Esmerlyn Valdez,134,Pittsburgh Pirates,,RF,2026,131.0,113.0,33.0,7.0,1.0,13.0,17.0,0.0,50.0,0.0,1.0,0.0,81.0,34.0,4.0,.292,.382,.717,1.099,.392,8.69,569.0,11.0,20.0,,,,,,,,,,,,,,,,,,,,,,,,,2025
664199,Taylor Clarke,109,Arizona Diamondbacks,,P,2026,,,,,,,,,,,,,,,,,,,,,,,,,0.0,0.0,0.0,0.0,0.0,0.0,0.0,0.0,0.0,0.0,0.0,0.0,0.0,0.0,0.0,.000,.000,.000,.000,.---,-.--,0.0,0.0,0.0,2025
674444,Steven Cruz,118,Kansas City Royals,,P,2026,,,,,,,,,,,,,,,,,,,,,,,,,0.0,0.0,0.0,0.0,0.0,0.0,0.0,0.0,0.0,0.0,0.0,0.0,0.0,0.0,0.0,.000,.000,.000,.000,.---,-.--,0.0,0.0,0.0,2025
641680,Jonah Heim,133,Athletics,,C,2026,203.0,185.0,44.0,10.0,0.0,9.0,13.0,0.0,39.0,2.0,3.0,0.0,81.0,32.0,4.0,.238,.291,.438,.729,.250,20.56,720.0,54.0,51.0,433.0,395.0,84.0,14.0,0.0,11.0,32.0,0.0,88.0,1.0,4.0,1.0,131.0,43.0,10.0,.213,.271,.332,.603,.243,35.91,1704.0,106.0,122.0,2025
594580,Sam Moll,113,Cincinnati Reds,,P,2026,,,,,,,,,,,,,,,,,,,,,,,,,,,,,,,,,,,,,,,,,,,,,,,,,2025
678554,Curtis Mead,120,Washington Nationals,,3B,2026,318.0,279.0,72.0,17.0,1.0,17.0,35.0,0.0,62.0,4.0,0.0,0.0,142.0,48.0,6.0,.258,.349,.509,.858,.275,16.41,1356.0,60.0,85.0,264.0,240.0,56.0,10.0,1.0,3.0,15.0,0.0,63.0,8.0,1.0,0.0,77.0,19.0,9.0,.233,.299,.321,.620,.303,80.00,1019.0,47.0,75.0,2025
686751,Seth Johnson,143,Philadelphia Phillies,,P,2026,,,,,,,,,,,,,,,,,,,,,,,,,,,,,,,,,,,,,,,,,,,,,,,,,2025
666277,George Soriano,138,St. Louis Cardinals,,P,2026,0.0,0.0,0.0,0.0,0.0,0.0,0.0,0.0,0.0,0.0,0.0,0.0,0.0,0.0,0.0,.000,.000,.000,.000,.---,-.--,0.0,0.0,0.0,,,,,,,,,,,,,,,,,,,,,,,,,2025
621237,José Alvarado,143,Philadelphia Phillies,,P,2026,,,,,,,,,,,,,,,,,,,,,,,,,,,,,,,,,,,,,,,,,,,,,,,,,2025
516782,Starling Marte,118,Kansas City Royals,,RF,2026,133.0,119.0,32.0,4.0,0.0,1.0,8.0,0.0,35.0,4.0,2.0,0.0,39.0,9.0,2.0,.269,.331,.328,.659,.365,119.00,509.0,28.0,26.0,329.0,293.0,79.0,14.0,0.0,9.0,22.0,0.0,68.0,9.0,4.0,1.0,120.0,34.0,7.0,.270,.335,.410,.745,.318,32.56,1255.0,83.0,68.0,2025
686780,Pedro Pagés,138,St. Louis Cardinals,,C,2026,163.0,149.0,31.0,6.0,0.0,4.0,6.0,0.0,43.0,2.0,2.0,4.0,49.0,11.0,5.0,.208,.245,.329,.574,.260,37.25,669.0,39.0,42.0,389.0,361.0,83.0,15.0,0.0,11.0,19.0,1.0,107.0,3.0,3.0,3.0,131.0,45.0,9.0,.230,.272,.363,.635,.293,32.82,1486.0,87.0,90.0,2025
694973,Paul Skenes,134,Pittsburgh Pirates,,P,2026,,,,,,,,,,,,,,,,,,,,,,,,,,,,,,,,,,,,,,,,,,,,,,,,,2025
672456,Keider Montero,116,Detroit Tigers,,P,2026,,,,,,,,,,,,,,,,,,,,,,,,,,,,,,,,,,,,,,,,,,,,,,,,,2025
518876,Merrill Kelly,109,Arizona Diamondbacks,,P,2026,,,,,,,,,,,,,,,,,,,,,,,,,,,,,,,,,,,,,,,,,,,,,,,,,2025
686797,Brooks Lee,142,Minnesota Twins,,SS,2026,399.0,367.0,92.0,15.0,3.0,15.0,28.0,0.0,66.0,2.0,1.0,1.0,158.0,56.0,5.0,.251,.307,.431,.738,.268,24.47,1486.0,93.0,118.0,527.0,487.0,115.0,15.0,1.0,16.0,31.0,0.0,92.0,4.0,5.0,0.0,180.0,64.0,11.0,.236,.285,.370,.655,.258,30.44,2009.0,138.0,147.0,2025
664285,Framber Valdez,116,Detroit Tigers,,P,2026,,,,,,,,,,,,,,,,,,,,,,,,,,,,,,,,,,,,,,,,,,,,,,,,,2025
518886,Craig Kimbrel,139,Tampa Bay Rays,,P,2026,,,,,,,,,,,,,,,,,,,,,,,,,,,,,,,,,,,,,,,,,,,,,,,,,2025
701162,Ben Malgeri,116,Detroit Tigers,,RF,2026,35.0,30.0,8.0,2.0,0.0,0.0,4.0,0.0,8.0,0.0,1.0,0.0,10.0,4.0,0.0,.267,.343,.333,.676,.348,-.--,124.0,8.0,7.0,,,,,,,,,,,,,,,,,,,,,,,,,2025
690924,Braxton Fulford,115,Colorado Rockies,,DH,2026,68.0,59.0,11.0,4.0,0.0,1.0,6.0,0.0,27.0,1.0,2.0,0.0,18.0,7.0,0.0,.186,.265,.305,.570,.303,59.00,273.0,8.0,15.0,120.0,108.0,23.0,5.0,2.0,1.0,7.0,0.0,36.0,2.0,3.0,0.0,35.0,16.0,1.0,.213,.267,.324,.591,.297,108.00,455.0,20.0,32.0,2025
690928,Hunter Dobbins,138,St. Louis Cardinals,,P,2026,,,,,,,,,,,,,,,,,,,,,,,,,,,,,,,,,,,,,,,,,,,,,,,,,2025
690925,Clayton Beeter,120,Washington Nationals,,P,2026,0.0,0.0,0.0,0.0,0.0,0.0,0.0,0.0,0.0,0.0,0.0,0.0,0.0,0.0,0.0,.000,.000,.000,.000,.---,-.--,0.0,0.0,0.0,,,,,,,,,,,,,,,,,,,,,,,,,2025
641778,Eric Lauer,119,Los Angeles Dodgers,,P,2026,,,,,,,,,,,,,,,,,,,,,,,,,,,,,,,,,,,,,,,,,,,,,,,,,2025
680700,Richie Palacios,139,Tampa Bay Rays,,2B,2026,245.0,213.0,49.0,8.0,2.0,3.0,28.0,0.0,44.0,3.0,1.0,0.0,70.0,27.0,4.0,.230,.327,.329,.656,.275,71.00,951.0,58.0,63.0,48.0,42.0,14.0,2.0,0.0,1.0,5.0,0.0,9.0,0.0,1.0,0.0,19.0,3.0,3.0,.333,.396,.452,.848,.394,42.00,190.0,11.0,9.0,2025
641793,Zack Littell,120,Washington Nationals,,P,2026,,,,,,,,,,,,,,,,,,,,,,,,,,,,,,,,,,,,,,,,,,,,,,,,,2025
676609,José Caballero,147,New York Yankees,,SS,2026,314.0,287.0,70.0,11.0,0.0,10.0,17.0,0.0,71.0,5.0,3.0,2.0,111.0,37.0,9.0,.244,.295,.387,.682,.287,28.70,1259.0,80.0,71.0,370.0,314.0,74.0,18.0,1.0,5.0,47.0,0.0,98.0,3.0,2.0,4.0,109.0,36.0,1.0,.236,.339,.347,.686,.324,62.80,1501.0,61.0,87.0,2025
678662,Ezequiel Tovar,115,Colorado Rockies,,SS,2026,355.0,328.0,64.0,17.0,0.0,8.0,19.0,0.0,90.0,2.0,6.0,0.0,105.0,32.0,6.0,.195,.239,.320,.559,.237,41.00,1288.0,80.0,100.0,390.0,360.0,91.0,18.0,4.0,9.0,21.0,0.0,98.0,1.0,2.0,6.0,144.0,33.0,2.0,.253,.294,.400,.694,.322,40.00,1469.0,76.0,103.0,2025
672515,Gabriel Moreno,109,Arizona Diamondbacks,,C,2026,307.0,262.0,81.0,16.0,0.0,7.0,37.0,0.0,46.0,3.0,5.0,0.0,118.0,36.0,6.0,.309,.394,.450,.844,.346,37.43,1333.0,70.0,70.0,309.0,277.0,79.0,12.0,1.0,9.0,29.0,3.0,53.0,1.0,2.0,0.0,120.0,40.0,6.0,.285,.353,.433,.786,.323,30.78,1314.0,60.0,87.0,2025
676617,Riley O'Brien,138,St. Louis Cardinals,,P,2026,,,,,,,,,,,,,,,,,,,,,,,,,,,,,,,,,,,,,,,,,,,,,,,,,2025
543510,James McCann,109,Arizona Diamondbacks,,C,2026,78.0,74.0,19.0,3.0,0.0,3.0,2.0,0.0,21.0,0.0,0.0,2.0,31.0,14.0,4.0,.257,.276,.419,.695,.320,24.67,294.0,24.0,12.0,137.0,123.0,32.0,6.0,0.0,5.0,8.0,0.0,33.0,4.0,1.0,1.0,53.0,17.0,3.0,.260,.324,.431,.755,.314,24.60,507.0,34.0,26.0,2025
680728,Adrian Del Castillo,109,Arizona Diamondbacks,,DH,2026,173.0,159.0,33.0,6.0,0.0,5.0,13.0,0.0,49.0,0.0,1.0,0.0,54.0,24.0,5.0,.208,.266,.340,.606,.264,31.80,710.0,36.0,42.0,131.0,120.0,29.0,6.0,0.0,4.0,8.0,0.0,47.0,1.0,2.0,0.0,47.0,17.0,2.0,.242,.290,.392,.682,.352,30.00,535.0,16.0,30.0,2025
592663,J.T. Realmuto,143,Philadelphia Phillies,,C,2026,277.0,247.0,54.0,12.0,0.0,7.0,20.0,0.0,57.0,8.0,2.0,0.0,87.0,34.0,4.0,.219,.296,.352,.648,.254,35.29,1051.0,71.0,67.0,550.0,502.0,129.0,26.0,1.0,12.0,35.0,1.0,129.0,9.0,3.0,0.0,193.0,52.0,13.0,.257,.315,.384,.699,.321,41.83,2196.0,124.0,123.0,2025
592662,Robbie Ray,137,San Francisco Giants,,P,2026,,,,,,,,,,,,,,,,,,,,,,,,,,,,,,,,,,,,,,,,,,,,,,,,,2025
641816,Tyler Mahle,137,San Francisco Giants,,P,2026,,,,,,,,,,,,,,,,,,,,,,,,,,,,,,,,,,,,,,,,,,,,,,,,,2025
680736,Justin Wrobleski,119,Los Angeles Dodgers,,P,2026,,,,,,,,,,,,,,,,,,,,,,,,,,,,,,,,,,,,,,,,,,,,,,,,,2025
666397,Edouard Julien,115,Colorado Rockies,,2B,2026,259.0,223.0,48.0,8.0,1.0,3.0,35.0,0.0,67.0,1.0,0.0,0.0,67.0,20.0,6.0,.215,.324,.300,.624,.294,74.33,1069.0,60.0,48.0,208.0,182.0,40.0,10.0,0.0,3.0,22.0,0.0,61.0,2.0,1.0,1.0,59.0,12.0,3.0,.220,.309,.324,.633,.311,60.67,876.0,50.0,33.0,2025
621345,A.J. Minter,121,New York Mets,,P,2026,,,,,,,,,,,,,,,,,,,,,,,,,,,,,,,,,,,,,,,,,,,,,,,,,2025
690976,Alex Freeland,119,Los Angeles Dodgers,,2B,2026,222.0,194.0,45.0,7.0,0.0,3.0,22.0,0.0,67.0,1.0,2.0,3.0,61.0,19.0,5.0,.232,.311,.314,.625,.333,64.67,903.0,49.0,38.0,97.0,84.0,16.0,2.0,1.0,2.0,11.0,0.0,35.0,1.0,0.0,1.0,26.0,6.0,3.0,.190,.292,.310,.602,.298,42.00,429.0,13.0,21.0,2025
695076,Rhett Lowder,113,Cincinnati Reds,,P,2026,,,,,,,,,,,,,,,,,,,,,,,,,,,,,,,,,,,,,,,,,,,,,,,,,2025
807712,Luke Keaschall,142,Minnesota Twins,,2B,2026,380.0,326.0,85.0,14.0,1.0,4.0,38.0,1.0,58.0,11.0,5.0,0.0,113.0,29.0,5.0,.261,.353,.347,.700,.301,81.50,1435.0,71.0,117.0,207.0,182.0,55.0,14.0,0.0,4.0,19.0,0.0,29.0,5.0,1.0,0.0,81.0,28.0,4.0,.302,.382,.445,.827,.340,45.50,774.0,49.0,50.0,2025
680742,Jonathan Bowlan,143,Philadelphia Phillies,,P,2026,,,,,,,,,,,,,,,,,,,,,,,,,,,,,,,,,,,,,,,,,,,,,,,,,2025
680744,Ty Madden,116,Detroit Tigers,,P,2026,,,,,,,,,,,,,,,,,,,,,,,,,,,,,,,,,,,,,,,,,,,,,,,,,2025
805673,Zebby Matthews,142,Minnesota Twins,,P,2026,,,,,,,,,,,,,,,,,,,,,,,,,,,,,,,,,,,,,,,,,,,,,,,,,2025
690984,Petey Halpin,114,Cleveland Guardians,,CF,2026,88.0,82.0,17.0,3.0,1.0,2.0,2.0,0.0,21.0,0.0,1.0,3.0,28.0,5.0,1.0,.207,.224,.341,.565,.250,41.00,313.0,18.0,30.0,8.0,6.0,2.0,0.0,0.0,0.0,2.0,0.0,2.0,0.0,0.0,0.0,2.0,0.0,0.0,.333,.500,.333,.833,.500,-.--,33.0,1.0,1.0,2025
641835,Tim Mayza,143,Philadelphia Phillies,,P,2026,,,,,,,,,,,,,,,,,,,,,,,,,,,,,,,,,,,,,,,,,,,,,,,,,2025
660271,Shohei Ohtani,119,Los Angeles Dodgers,,TWP,2026,433.0,360.0,102.0,17.0,2.0,22.0,62.0,12.0,99.0,5.0,4.0,0.0,189.0,60.0,6.0,.283,.392,.525,.917,.329,16.36,1640.0,76.0,87.0,727.0,611.0,172.0,25.0,9.0,55.0,109.0,20.0,187.0,3.0,2.0,0.0,380.0,102.0,9.0,.282,.392,.622,1.014,.315,11.11,2865.0,120.0,134.0,2025
676661,Max Lazar,143,Philadelphia Phillies,,P,2026,,,,,,,,,,,,,,,,,,,,,,,,,,,,,,,,,,,,,,,,,,,,,,,,,2025
690993,Colt Keith,116,Detroit Tigers,,3B,2026,288.0,268.0,67.0,10.0,2.0,8.0,15.0,0.0,56.0,3.0,2.0,0.0,105.0,24.0,5.0,.250,.295,.392,.687,.286,33.50,1059.0,63.0,84.0,468.0,414.0,106.0,22.0,2.0,13.0,48.0,1.0,102.0,2.0,4.0,0.0,171.0,45.0,7.0,.256,.333,.413,.746,.307,31.85,1826.0,87.0,123.0,2025
690997,Nolan McLean,121,New York Mets,,P,2026,,,,,,,,,,,,,,,,,,,,,,,,,,,,,,,,,,,,,,,,,,,,,,,,,2025
680757,Steven Kwan,114,Cleveland Guardians,,CF,2026,384.0,323.0,80.0,12.0,2.0,1.0,51.0,1.0,37.0,3.0,2.0,4.0,99.0,18.0,7.0,.248,.354,.307,.661,.275,323.00,1509.0,95.0,117.0,693.0,625.0,170.0,29.0,1.0,11.0,55.0,2.0,60.0,3.0,7.0,3.0,234.0,56.0,3.0,.272,.330,.374,.704,.283,56.82,2786.0,167.0,238.0,2025
680767,Victor Vodnik,115,Colorado Rockies,,P,2026,0.0,0.0,0.0,0.0,0.0,0.0,0.0,0.0,0.0,0.0,0.0,0.0,0.0,0.0,0.0,.000,.000,.000,.000,.---,-.--,0.0,0.0,0.0,0.0,0.0,0.0,0.0,0.0,0.0,0.0,0.0,0.0,0.0,0.0,0.0,0.0,0.0,0.0,.000,.000,.000,.000,.---,-.--,0.0,0.0,0.0,2025
641857,Ryan McMahon,147,New York Yankees,,3B,2026,243.0,224.0,48.0,10.0,0.0,9.0,18.0,0.0,76.0,0.0,0.0,1.0,85.0,26.0,6.0,.214,.273,.379,.652,.281,24.89,991.0,51.0,50.0,586.0,509.0,109.0,23.0,1.0,20.0,70.0,1.0,189.0,4.0,3.0,0.0,194.0,53.0,7.0,.214,.312,.381,.693,.294,25.45,2500.0,106.0,108.0,2025
621381,Matt Strahm,118,Kansas City Royals,,P,2026,,,,,,,,,,,,,,,,,,,,,,,,,,,,,,,,,,,,,,,,,,,,,,,,,2025
676680,Tom Cosgrove,120,Washington Nationals,,P,2026,,,,,,,,,,,,,,,,,,,,,,,,,,,,,,,,,,,,,,,,,,,,,,,,,2025
680777,Ryan Jeffers,142,Minnesota Twins,,C,2026,177.0,148.0,42.0,9.0,1.0,9.0,26.0,0.0,29.0,1.0,1.0,0.0,80.0,32.0,2.0,.284,.392,.541,.933,.297,16.44,754.0,32.0,47.0,464.0,406.0,108.0,26.0,0.0,9.0,50.0,1.0,91.0,7.0,1.0,0.0,161.0,47.0,9.0,.266,.356,.397,.753,.322,45.11,1879.0,91.0,117.0,2025
691016,Tyler Soderstrom,133,Athletics,,LF,2026,373.0,323.0,80.0,21.0,2.0,16.0,46.0,4.0,66.0,3.0,1.0,0.0,153.0,48.0,8.0,.248,.346,.474,.820,.264,20.19,1401.0,97.0,81.0,624.0,561.0,155.0,34.0,1.0,25.0,55.0,2.0,141.0,6.0,2.0,0.0,266.0,93.0,18.0,.276,.346,.474,.820,.327,22.44,2227.0,153.0,114.0,2025
680779,Henry Davis,134,Pittsburgh Pirates,,C,2026,202.0,177.0,29.0,5.0,0.0,8.0,18.0,0.0,45.0,5.0,1.0,1.0,58.0,27.0,4.0,.164,.259,.328,.587,.168,22.12,742.0,44.0,61.0,283.0,252.0,42.0,7.0,0.0,7.0,18.0,0.0,76.0,5.0,3.0,3.0,70.0,22.0,2.0,.167,.234,.278,.512,.203,36.00,1069.0,48.0,92.0,2025
682829,Elly De La Cruz,113,Cincinnati Reds,,SS,2026,367.0,326.0,90.0,15.0,4.0,17.0,37.0,0.0,99.0,2.0,2.0,0.0,164.0,46.0,5.0,.276,.351,.503,.854,.344,19.18,1487.0,78.0,61.0,699.0,629.0,166.0,31.0,7.0,22.0,67.0,10.0,181.0,2.0,1.0,0.0,277.0,86.0,14.0,.264,.336,.440,.776,.337,28.59,2678.0,166.0,117.0,2025
686930,Mason Barnett,133,Athletics,,P,2026,,,,,,,,,,,,,,,,,,,,,,,,,,,,,,,,,,,,,,,,,,,,,,,,,2025
691023,Jordan Walker,138,St. Louis Cardinals,,RF,2026,426.0,385.0,112.0,22.0,0.0,22.0,35.0,1.0,105.0,3.0,3.0,0.0,200.0,77.0,8.0,.291,.352,.519,.871,.345,17.50,1541.0,90.0,81.0,396.0,363.0,78.0,13.0,1.0,6.0,29.0,1.0,126.0,3.0,1.0,0.0,111.0,41.0,9.0,.215,.278,.306,.584,.310,60.50,1541.0,75.0,85.0,2025
656212,Charlie Barnes,119,Los Angeles Dodgers,,P,2026,,,,,,,,,,,,,,,,,,,,,,,,,,,,,,,,,,,,,,,,,,,,,,,,,2025
691026,Masyn Winn,138,St. Louis Cardinals,,SS,2026,385.0,338.0,80.0,12.0,2.0,4.0,34.0,0.0,74.0,7.0,6.0,0.0,108.0,42.0,7.0,.237,.314,.320,.634,.286,84.50,1519.0,86.0,104.0,537.0,491.0,124.0,27.0,0.0,9.0,34.0,0.0,102.0,8.0,2.0,2.0,178.0,51.0,11.0,.253,.310,.363,.673,.301,54.56,2256.0,107.0,162.0,2025
682842,Abner Uribe,158,Milwaukee Brewers,,P,2026,,,,,,,,,,,,,,,,,,,,,,,,,,,,,,,,,,,,,,,,,,,,,,,,,2025
686934,Alex McFarlane,143,Philadelphia Phillies,,P,2026,,,,,,,,,,,,,,,,,,,,,,,,,,,,,,,,,,,,,,,,,,,,,,,,,2025
607067,Colin Rea,112,Chicago Cubs,,P,2026,,,,,,,,,,,,,,,,,,,,,,,,,1.0,1.0,0.0,0.0,0.0,0.0,0.0,0.0,1.0,0.0,0.0,0.0,0.0,0.0,0.0,.000,.000,.000,.000,.---,-.--,5.0,0.0,0.0,2025
445276,Kenley Jansen,116,Detroit Tigers,,P,2026,0.0,0.0,0.0,0.0,0.0,0.0,0.0,0.0,0.0,0.0,0.0,0.0,0.0,0.0,0.0,.000,.000,.000,.000,.---,-.--,0.0,0.0,0.0,0.0,0.0,0.0,0.0,0.0,0.0,0.0,0.0,0.0,0.0,0.0,0.0,0.0,0.0,0.0,.000,.000,.000,.000,.---,-.--,0.0,0.0,0.0,2025
672613,Eliezer Alfonzo,119,Los Angeles Dodgers,,C,2026,14.0,14.0,2.0,1.0,0.0,0.0,0.0,0.0,2.0,0.0,0.0,0.0,3.0,1.0,0.0,.143,.143,.214,.357,.167,-.--,45.0,4.0,6.0,,,,,,,,,,,,,,,,,,,,,,,,,2025
623454,Drew Anderson,116,Detroit Tigers,,P,2026,,,,,,,,,,,,,,,,,,,,,,,,,,,,,,,,,,,,,,,,,,,,,,,,,2025
623474,Jimmy Herget,115,Colorado Rockies,,P,2026,0.0,0.0,0.0,0.0,0.0,0.0,0.0,0.0,0.0,0.0,0.0,0.0,0.0,0.0,0.0,.000,.000,.000,.000,.---,-.--,0.0,0.0,0.0,,,,,,,,,,,,,,,,,,,,,,,,,2025
623465,Evan Phillips,119,Los Angeles Dodgers,,P,2026,,,,,,,,,,,,,,,,,,,,,,,,,,,,,,,,,,,,,,,,,,,,,,,,,2025
672629,Gerardo Carrillo,109,Arizona Diamondbacks,,P,2026,,,,,,,,,,,,,,,,,,,,,,,,,,,,,,,,,,,,,,,,,,,,,,,,,2025
676724,Jared Young,121,New York Mets,,1B,2026,173.0,154.0,38.0,7.0,0.0,7.0,13.0,0.0,35.0,5.0,1.0,0.0,66.0,19.0,3.0,.247,.324,.429,.753,.274,22.00,681.0,42.0,40.0,47.0,43.0,8.0,1.0,0.0,4.0,2.0,0.0,16.0,1.0,1.0,0.0,21.0,6.0,1.0,.186,.234,.488,.722,.167,10.75,192.0,6.0,14.0,2025
621438,Tyrone Taylor,121,New York Mets,,CF,2026,138.0,127.0,29.0,7.0,0.0,7.0,7.0,0.0,25.0,0.0,0.0,4.0,57.0,18.0,0.0,.228,.269,.449,.718,.232,18.14,512.0,32.0,45.0,341.0,310.0,69.0,18.0,3.0,2.0,16.0,1.0,76.0,9.0,2.0,3.0,99.0,27.0,4.0,.223,.279,.319,.598,.286,155.00,1246.0,63.0,107.0,2025
621439,Byron Buxton,142,Minnesota Twins,,CF,2026,347.0,317.0,87.0,16.0,1.0,25.0,24.0,2.0,85.0,4.0,2.0,0.0,180.0,45.0,2.0,.274,.331,.568,.899,.297,12.68,1270.0,46.0,101.0,542.0,488.0,129.0,21.0,7.0,35.0,41.0,5.0,148.0,7.0,6.0,0.0,269.0,83.0,0.0,.264,.327,.551,.878,.302,13.94,2028.0,84.0,133.0,2025
641927,Bailey Ober,142,Minnesota Twins,,P,2026,,,,,,,,,,,,,,,,,,,,,,,,,,,,,,,,,,,,,,,,,,,,,,,,,2025
592773,Ryne Stanek,138,St. Louis Cardinals,,P,2026,,,,,,,,,,,,,,,,,,,,,,,,,0.0,0.0,0.0,0.0,0.0,0.0,0.0,0.0,0.0,0.0,0.0,0.0,0.0,0.0,0.0,.000,.000,.000,.000,.---,-.--,0.0,0.0,0.0,2025
592779,Brock Stewart,119,Los Angeles Dodgers,,P,2026,,,,,,,,,,,,,,,,,,,,,,,,,,,,,,,,,,,,,,,,,,,,,,,,,2025
502671,Paul Goldschmidt,147,New York Yankees,,1B,2026,278.0,255.0,65.0,10.0,1.0,15.0,19.0,1.0,67.0,3.0,1.0,0.0,122.0,42.0,4.0,.255,.313,.478,.791,.287,17.00,1106.0,66.0,58.0,534.0,489.0,134.0,31.0,1.0,10.0,36.0,5.0,100.0,4.0,2.0,0.0,197.0,45.0,8.0,.274,.328,.403,.731,.325,48.90,2092.0,113.0,144.0,2025
676755,Isaac Mattson,134,Pittsburgh Pirates,,P,2026,,,,,,,,,,,,,,,,,,,,,,,,,,,,,,,,,,,,,,,,,,,,,,,,,2025
656271,Brock Burke,113,Cincinnati Reds,,P,2026,,,,,,,,,,,,,,,,,,,,,,,,,,,,,,,,,,,,,,,,,,,,,,,,,2025
641941,Emilio Pagán,113,Cincinnati Reds,,P,2026,,,,,,,,,,,,,,,,,,,,,,,,,,,,,,,,,,,,,,,,,,,,,,,,,2025
805779,Jacob Wilson,133,Athletics,,SS,2026,265.0,251.0,73.0,10.0,1.0,7.0,11.0,0.0,30.0,1.0,1.0,1.0,106.0,32.0,5.0,.291,.322,.422,.744,.307,35.86,903.0,86.0,64.0,523.0,486.0,151.0,26.0,0.0,13.0,27.0,1.0,39.0,7.0,1.0,2.0,216.0,63.0,16.0,.311,.355,.444,.799,.317,37.38,1735.0,179.0,120.0,2025
676775,Keaton Winn,137,San Francisco Giants,,P,2026,0.0,0.0,0.0,0.0,0.0,0.0,0.0,0.0,0.0,0.0,0.0,0.0,0.0,0.0,0.0,.000,.000,.000,.000,.---,-.--,0.0,0.0,0.0,,,,,,,,,,,,,,,,,,,,,,,,,2025
592791,Jameson Taillon,112,Chicago Cubs,,P,2026,,,,,,,,,,,,,,,,,,,,,,,,,,,,,,,,,,,,,,,,,,,,,,,,,2025
684974,Craig Yoho,158,Milwaukee Brewers,,P,2026,,,,,,,,,,,,,,,,,,,,,,,,,,,,,,,,,,,,,,,,,,,,,,,,,2025
805808,Kevin McGonigle,116,Detroit Tigers,,SS,2026,443.0,377.0,106.0,20.0,3.0,9.0,63.0,1.0,61.0,3.0,0.0,0.0,159.0,35.0,2.0,.281,.388,.422,.810,.316,41.89,1798.0,68.0,142.0,,,,,,,,,,,,,,,,,,,,,,,,,2025
805811,Bryce Eldridge,137,San Francisco Giants,,DH,2026,243.0,211.0,56.0,13.0,0.0,10.0,31.0,1.0,63.0,0.0,1.0,0.0,99.0,23.0,0.0,.265,.358,.469,.827,.331,21.10,1020.0,41.0,52.0,37.0,28.0,3.0,2.0,0.0,0.0,7.0,0.0,13.0,1.0,1.0,0.0,5.0,4.0,0.0,.107,.297,.179,.476,.188,-.--,160.0,6.0,7.0,2025
682928,CJ Abrams,120,Washington Nationals,,SS,2026,423.0,371.0,106.0,20.0,2.0,24.0,36.0,2.0,91.0,10.0,6.0,0.0,202.0,76.0,5.0,.286,.359,.544,.903,.313,15.46,1595.0,69.0,111.0,635.0,580.0,149.0,35.0,5.0,19.0,37.0,1.0,125.0,14.0,3.0,1.0,251.0,60.0,5.0,.257,.315,.433,.748,.296,30.53,2320.0,141.0,169.0,2025
605137,Josh Bell,142,Minnesota Twins,,DH,2026,405.0,372.0,92.0,23.0,1.0,13.0,29.0,0.0,91.0,2.0,2.0,0.0,156.0,62.0,9.0,.247,.304,.419,.723,.293,28.62,1589.0,92.0,99.0,533.0,468.0,111.0,16.0,1.0,22.0,57.0,1.0,88.0,5.0,3.0,0.0,195.0,63.0,15.0,.237,.325,.417,.742,.247,21.27,2102.0,137.0,135.0,2025
672695,Geraldo Perdomo,109,Arizona Diamondbacks,,SS,2026,424.0,348.0,82.0,14.0,3.0,7.0,63.0,0.0,50.0,4.0,5.0,4.0,123.0,36.0,8.0,.236,.355,.353,.708,.253,49.71,1787.0,110.0,115.0,720.0,597.0,173.0,33.0,5.0,20.0,94.0,1.0,83.0,10.0,11.0,8.0,276.0,100.0,11.0,.290,.389,.462,.851,.303,29.85,3007.0,167.0,193.0,2025
678868,Eddy Yean,120,Washington Nationals,,P,2026,,,,,,,,,,,,,,,,,,,,,,,,,,,,,,,,,,,,,,,,,,,,,,,,,2025
605141,Mookie Betts,119,Los Angeles Dodgers,,SS,2026,284.0,259.0,60.0,10.0,0.0,13.0,23.0,2.0,35.0,1.0,1.0,0.0,109.0,34.0,10.0,.232,.296,.421,.717,.222,19.92,1049.0,56.0,109.0,663.0,589.0,152.0,23.0,2.0,20.0,61.0,2.0,68.0,3.0,10.0,0.0,239.0,82.0,15.0,.258,.326,.406,.732,.258,29.45,2460.0,136.0,243.0,2025
701398,Sal Stewart,113,Cincinnati Reds,,1B,2026,440.0,386.0,96.0,23.0,0.0,21.0,46.0,3.0,93.0,2.0,6.0,0.0,182.0,74.0,9.0,.249,.327,.472,.799,.270,18.38,1716.0,105.0,98.0,58.0,55.0,14.0,1.0,0.0,5.0,3.0,0.0,15.0,0.0,0.0,0.0,30.0,8.0,1.0,.255,.293,.545,.838,.257,11.00,217.0,10.0,16.0,2025
680916,Franco Aleman,114,Cleveland Guardians,,P,2026,,,,,,,,,,,,,,,,,,,,,,,,,,,,,,,,,,,,,,,,,,,,,,,,,2025
695257,Billy Cook,134,Pittsburgh Pirates,,CF,2026,43.0,43.0,9.0,1.0,1.0,0.0,0.0,0.0,17.0,0.0,0.0,0.0,12.0,2.0,0.0,.209,.209,.279,.488,.346,-.--,141.0,5.0,12.0,6.0,6.0,2.0,0.0,0.0,0.0,0.0,0.0,1.0,0.0,0.0,0.0,2.0,0.0,0.0,.333,.333,.333,.666,.400,-.--,20.0,2.0,1.0,2025
672724,Oswald Peraza,108,Los Angeles Angels,,2B,2026,290.0,271.0,65.0,11.0,2.0,7.0,11.0,0.0,86.0,6.0,1.0,1.0,101.0,24.0,6.0,.240,.284,.373,.657,.324,38.71,1066.0,68.0,54.0,265.0,244.0,40.0,6.0,0.0,5.0,17.0,0.0,80.0,2.0,1.0,0.0,61.0,20.0,6.0,.164,.223,.250,.473,.219,48.80,1005.0,70.0,55.0,2025
691176,Jasson Domínguez,147,New York Yankees,,RF,2026,164.0,155.0,36.0,10.0,0.0,5.0,7.0,0.0,33.0,1.0,0.0,0.0,61.0,12.0,1.0,.232,.270,.394,.664,.265,31.00,596.0,40.0,46.0,429.0,381.0,98.0,18.0,1.0,10.0,41.0,1.0,115.0,3.0,4.0,0.0,148.0,47.0,5.0,.257,.331,.388,.719,.338,38.10,1692.0,80.0,92.0,2025
687075,Brandon Sproat,158,Milwaukee Brewers,,P,2026,,,,,,,,,,,,,,,,,,,,,,,,,,,,,,,,,,,,,,,,,,,,,,,,,2025
682985,Riley Greene,116,Detroit Tigers,,LF,2026,428.0,369.0,105.0,21.0,1.0,15.0,53.0,2.0,116.0,2.0,4.0,0.0,173.0,50.0,10.0,.285,.374,.469,.843,.372,24.60,1776.0,62.0,90.0,655.0,600.0,155.0,31.0,1.0,36.0,46.0,1.0,201.0,4.0,5.0,0.0,296.0,111.0,14.0,.258,.313,.493,.806,.323,16.67,2706.0,118.0,131.0,2025
607208,Trea Turner,143,Philadelphia Phillies,,SS,2026,442.0,410.0,100.0,18.0,0.0,14.0,28.0,0.0,99.0,2.0,2.0,0.0,160.0,40.0,5.0,.244,.294,.390,.684,.288,29.29,1677.0,103.0,110.0,639.0,589.0,179.0,31.0,7.0,15.0,43.0,1.0,107.0,5.0,2.0,0.0,269.0,69.0,11.0,.304,.355,.457,.812,.350,39.27,2407.0,159.0,146.0,2025
605170,Victor Caratini,142,Minnesota Twins,,C,2026,282.0,239.0,56.0,9.0,0.0,7.0,26.0,1.0,53.0,9.0,8.0,0.0,86.0,36.0,4.0,.234,.323,.360,.683,.262,34.14,1068.0,66.0,72.0,386.0,344.0,89.0,14.0,0.0,12.0,23.0,0.0,65.0,13.0,6.0,0.0,139.0,46.0,8.0,.259,.324,.404,.728,.282,28.67,1417.0,93.0,103.0,2025
682988,Tyler Locklear,109,Arizona Diamondbacks,,1B,2026,15.0,13.0,5.0,1.0,0.0,1.0,2.0,0.0,2.0,0.0,0.0,0.0,9.0,5.0,2.0,.385,.467,.692,1.159,.400,13.00,63.0,4.0,2.0,116.0,103.0,18.0,0.0,0.0,3.0,10.0,0.0,43.0,3.0,0.0,0.0,27.0,6.0,3.0,.175,.267,.262,.529,.263,34.33,477.0,25.0,17.0,2025
592885,Christian Yelich,158,Milwaukee Brewers,,DH,2026,300.0,263.0,64.0,16.0,2.0,6.0,32.0,3.0,83.0,3.0,1.0,1.0,102.0,35.0,2.0,.243,.331,.388,.719,.331,43.83,1280.0,77.0,41.0,644.0,573.0,151.0,21.0,0.0,29.0,64.0,6.0,167.0,6.0,1.0,0.0,259.0,103.0,6.0,.264,.343,.452,.795,.323,19.76,2601.0,174.0,82.0,2025
682997,Tyler Callihan,134,Pittsburgh Pirates,,LF,2026,97.0,86.0,20.0,4.0,2.0,3.0,9.0,0.0,33.0,1.0,1.0,0.0,37.0,15.0,0.0,.233,.309,.430,.739,.333,28.67,389.0,8.0,26.0,6.0,6.0,1.0,0.0,0.0,0.0,0.0,0.0,1.0,0.0,0.0,0.0,1.0,1.0,0.0,.167,.167,.167,.334,.200,-.--,22.0,3.0,1.0,2025
683000,Riley Cornelio,120,Washington Nationals,,P,2026,,,,,,,,,,,,,,,,,,,,,,,,,,,,,,,,,,,,,,,,,,,,,,,,,2025
682998,Corbin Carroll,109,Arizona Diamondbacks,,RF,2026,425.0,370.0,93.0,20.0,12.0,15.0,48.0,2.0,98.0,4.0,3.0,0.0,182.0,49.0,6.0,.251,.341,.492,.833,.300,24.67,1671.0,87.0,95.0,642.0,564.0,146.0,32.0,17.0,31.0,67.0,4.0,153.0,7.0,4.0,0.0,305.0,84.0,6.0,.259,.343,.541,.884,.299,18.19,2497.0,111.0,158.0,2025
687093,Vaughn Grissom,108,Los Angeles Angels,,2B,2026,234.0,207.0,52.0,13.0,0.0,5.0,18.0,0.0,35.0,4.0,4.0,0.0,80.0,38.0,9.0,.251,.318,.386,.704,.275,41.40,900.0,57.0,67.0,,,,,,,,,,,,,,,,,,,,,,,,,2025
689147,Orion Kerkering,143,Philadelphia Phillies,,P,2026,0.0,0.0,0.0,0.0,0.0,0.0,0.0,0.0,0.0,0.0,0.0,0.0,0.0,0.0,0.0,.000,.000,.000,.000,.---,-.--,0.0,0.0,0.0,,,,,,,,,,,,,,,,,,,,,,,,,2025
683003,Jared Jones,134,Pittsburgh Pirates,,P,2026,,,,,,,,,,,,,,,,,,,,,,,,,,,,,,,,,,,,,,,,,,,,,,,,,2025
668670,Jake Rogers,116,Detroit Tigers,,C,2026,107.0,90.0,15.0,2.0,1.0,3.0,13.0,0.0,31.0,1.0,2.0,1.0,28.0,9.0,0.0,.167,.274,.311,.585,.207,30.00,428.0,15.0,32.0,142.0,123.0,23.0,5.0,2.0,3.0,15.0,0.0,39.0,1.0,2.0,1.0,41.0,19.0,3.0,.187,.277,.333,.610,.241,41.00,570.0,34.0,30.0,2025
699393,Pedro Ramírez,112,Chicago Cubs,,2B,2026,77.0,70.0,20.0,6.0,1.0,1.0,5.0,0.0,12.0,0.0,1.0,1.0,31.0,11.0,3.0,.286,.329,.443,.772,.328,70.00,250.0,21.0,19.0,,,,,,,,,,,,,,,,,,,,,,,,,2025
668674,Lucas Erceg,118,Kansas City Royals,,P,2026,0.0,0.0,0.0,0.0,0.0,0.0,0.0,0.0,0.0,0.0,0.0,0.0,0.0,0.0,0.0,.000,.000,.000,.000,.---,-.--,0.0,0.0,0.0,0.0,0.0,0.0,0.0,0.0,0.0,0.0,0.0,0.0,0.0,0.0,0.0,0.0,0.0,0.0,.000,.000,.000,.000,.---,-.--,0.0,0.0,0.0,2025
683011,Anthony Volpe,147,New York Yankees,,SS,2026,167.0,146.0,36.0,6.0,1.0,1.0,21.0,0.0,38.0,0.0,0.0,0.0,47.0,15.0,0.0,.247,.341,.322,.663,.327,146.00,670.0,34.0,38.0,596.0,539.0,114.0,32.0,4.0,19.0,43.0,0.0,150.0,4.0,7.0,3.0,211.0,72.0,10.0,.212,.272,.391,.663,.252,28.37,2397.0,135.0,150.0,2025
500743,Miguel Rojas,119,Los Angeles Dodgers,,SS,2026,163.0,144.0,42.0,9.0,0.0,3.0,10.0,0.0,16.0,2.0,5.0,2.0,60.0,17.0,6.0,.292,.335,.417,.752,.300,48.00,580.0,48.0,45.0,317.0,290.0,76.0,18.0,0.0,7.0,24.0,1.0,46.0,0.0,0.0,3.0,115.0,27.0,7.0,.262,.318,.397,.715,.291,41.43,1166.0,83.0,88.0,2025
553993,Eugenio Suárez,113,Cincinnati Reds,,DH,2026,286.0,259.0,54.0,11.0,0.0,13.0,24.0,0.0,101.0,2.0,1.0,0.0,104.0,37.0,3.0,.208,.280,.402,.682,.281,19.92,1160.0,45.0,60.0,657.0,588.0,134.0,28.0,0.0,49.0,46.0,2.0,196.0,16.0,7.0,0.0,309.0,118.0,11.0,.228,.298,.526,.824,.243,12.00,2606.0,100.0,165.0,2025
672782,Yoendrys Gómez,142,Minnesota Twins,,P,2026,,,,,,,,,,,,,,,,,,,,,,,,,,,,,,,,,,,,,,,,,,,,,,,,,2025
676879,Aaron Ashby,158,Milwaukee Brewers,,P,2026,,,,,,,,,,,,,,,,,,,,,,,,,,,,,,,,,,,,,,,,,,,,,,,,,2025
543760,Marcus Semien,121,New York Mets,,2B,2026,335.0,306.0,64.0,8.0,1.0,10.0,24.0,0.0,74.0,1.0,3.0,1.0,104.0,30.0,10.0,.209,.266,.340,.606,.240,30.60,1252.0,63.0,109.0,534.0,470.0,108.0,16.0,1.0,15.0,50.0,0.0,93.0,5.0,9.0,0.0,171.0,62.0,8.0,.230,.305,.364,.669,.251,31.33,2075.0,101.0,177.0,2025
674841,Andrew Alvarez,120,Washington Nationals,,P,2026,,,,,,,,,,,,,,,,,,,,,,,,,,,,,,,,,,,,,,,,,,,,,,,,,2025
607259,Nick Martinez,139,Tampa Bay Rays,,P,2026,,,,,,,,,,,,,,,,,,,,,,,,,,,,,,,,,,,,,,,,,,,,,,,,,2025
666661,Juan Morillo,109,Arizona Diamondbacks,,P,2026,,,,,,,,,,,,,,,,,,,,,,,,,0.0,0.0,0.0,0.0,0.0,0.0,0.0,0.0,0.0,0.0,0.0,0.0,0.0,0.0,0.0,.000,.000,.000,.000,.---,-.--,0.0,0.0,0.0,2025
668709,JJ Bleday,113,Cincinnati Reds,,LF,2026,308.0,262.0,62.0,11.0,1.0,17.0,41.0,1.0,62.0,2.0,2.0,0.0,126.0,44.0,5.0,.237,.342,.481,.823,.243,15.41,1221.0,44.0,96.0,344.0,307.0,65.0,17.0,0.0,14.0,36.0,2.0,91.0,0.0,1.0,0.0,124.0,39.0,6.0,.212,.294,.404,.698,.251,21.93,1328.0,61.0,91.0,2025
668715,Spencer Steer,113,Cincinnati Reds,,1B,2026,378.0,335.0,81.0,14.0,0.0,16.0,34.0,0.0,83.0,6.0,2.0,0.0,143.0,40.0,10.0,.242,.321,.427,.748,.273,20.94,1497.0,82.0,91.0,568.0,509.0,121.0,21.0,2.0,21.0,51.0,0.0,129.0,5.0,2.0,1.0,209.0,75.0,12.0,.238,.312,.411,.723,.277,24.24,2316.0,99.0,163.0,2025
670764,Taylor Walls,139,Tampa Bay Rays,,SS,2026,290.0,246.0,55.0,14.0,2.0,0.0,32.0,0.0,73.0,2.0,3.0,7.0,73.0,21.0,3.0,.224,.314,.297,.611,.313,-.--,1167.0,58.0,70.0,317.0,282.0,62.0,14.0,1.0,4.0,26.0,0.0,70.0,0.0,6.0,3.0,90.0,38.0,1.0,.220,.280,.319,.599,.271,70.50,1278.0,70.0,89.0,2025
670770,TJ Friedl,113,Cincinnati Reds,,CF,2026,226.0,196.0,34.0,6.0,1.0,3.0,20.0,0.0,52.0,4.0,1.0,5.0,51.0,11.0,2.0,.173,.262,.260,.522,.218,65.33,843.0,54.0,62.0,685.0,579.0,151.0,22.0,2.0,14.0,81.0,0.0,115.0,16.0,5.0,4.0,219.0,53.0,7.0,.261,.364,.378,.742,.301,41.36,2645.0,141.0,181.0,2025
668723,Ryan Vilade,139,Tampa Bay Rays,,RF,2026,167.0,148.0,38.0,7.0,1.0,7.0,14.0,0.0,33.0,1.0,3.0,1.0,68.0,31.0,3.0,.257,.319,.459,.778,.279,21.14,669.0,32.0,49.0,15.0,13.0,1.0,0.0,0.0,0.0,2.0,0.0,5.0,0.0,0.0,0.0,1.0,0.0,1.0,.077,.200,.077,.277,.125,-.--,60.0,6.0,1.0,2025
693304,Nick Gonzales,134,Pittsburgh Pirates,,3B,2026,399.0,364.0,114.0,17.0,1.0,6.0,28.0,0.0,72.0,6.0,1.0,0.0,151.0,46.0,11.0,.313,.371,.415,.786,.376,60.67,1495.0,108.0,71.0,408.0,381.0,99.0,18.0,3.0,5.0,21.0,0.0,73.0,2.0,4.0,0.0,138.0,30.0,12.0,.260,.299,.362,.661,.306,76.20,1405.0,104.0,109.0,2025
676917,Cade Cavalli,120,Washington Nationals,,P,2026,,,,,,,,,,,,,,,,,,,,,,,,,0.0,0.0,0.0,0.0,0.0,0.0,0.0,0.0,0.0,0.0,0.0,0.0,0.0,0.0,0.0,.000,.000,.000,.000,.---,-.--,0.0,0.0,0.0,2025
685126,Brandon Eisert,134,Pittsburgh Pirates,,P,2026,0.0,0.0,0.0,0.0,0.0,0.0,0.0,0.0,0.0,0.0,0.0,0.0,0.0,0.0,0.0,.000,.000,.000,.000,.---,-.--,0.0,0.0,0.0,,,,,,,,,,,,,,,,,,,,,,,,,2025
693307,Dillon Dingler,116,Detroit Tigers,,C,2026,391.0,350.0,96.0,22.0,2.0,22.0,25.0,0.0,82.0,11.0,3.0,0.0,188.0,66.0,10.0,.274,.339,.537,.876,.297,15.91,1521.0,76.0,99.0,469.0,435.0,121.0,21.0,2.0,13.0,23.0,2.0,110.0,9.0,1.0,0.0,185.0,57.0,5.0,.278,.327,.425,.752,.345,33.46,1793.0,91.0,114.0,2025
642121,Cole Sulser,139,Tampa Bay Rays,,P,2026,,,,,,,,,,,,,,,,,,,,,,,,,,,,,,,,,,,,,,,,,,,,,,,,,2025
683083,Nasim Nuñez,120,Washington Nationals,,2B,2026,330.0,288.0,73.0,4.0,3.0,1.0,34.0,0.0,73.0,1.0,1.0,6.0,86.0,30.0,4.0,.253,.333,.299,.632,.335,288.00,1345.0,83.0,66.0,92.0,82.0,19.0,2.0,0.0,4.0,8.0,0.0,20.0,0.0,1.0,1.0,33.0,13.0,1.0,.232,.297,.402,.699,.254,20.50,417.0,26.0,19.0,2025
681035,Christian Scott,121,New York Mets,,P,2026,,,,,,,,,,,,,,,,,,,,,,,,,,,,,,,,,,,,,,,,,,,,,,,,,2025
685133,Wade Meckler,108,Los Angeles Angels,,LF,2026,147.0,132.0,41.0,8.0,0.0,2.0,15.0,0.0,32.0,0.0,0.0,0.0,55.0,17.0,1.0,.311,.381,.417,.798,.398,66.00,512.0,30.0,29.0,,,,,,,,,,,,,,,,,,,,,,,,,2025
701519,Travis Adams,142,Minnesota Twins,,P,2026,,,,,,,,,,,,,,,,,,,,,,,,,,,,,,,,,,,,,,,,,,,,,,,,,2025
656464,Kevin Ginkel,109,Arizona Diamondbacks,,P,2026,,,,,,,,,,,,,,,,,,,,,,,,,,,,,,,,,,,,,,,,,,,,,,,,,2025
650333,Luis Arraez,137,San Francisco Giants,,2B,2026,424.0,381.0,122.0,22.0,7.0,4.0,25.0,4.0,18.0,3.0,9.0,6.0,170.0,37.0,6.0,.320,.359,.446,.805,.321,95.25,1568.0,113.0,143.0,675.0,620.0,181.0,30.0,4.0,8.0,34.0,0.0,21.0,2.0,7.0,12.0,243.0,61.0,12.0,.292,.327,.392,.719,.289,77.50,2467.0,215.0,222.0,2025
646240,Rafael Devers,137,San Francisco Giants,,1B,2026,433.0,389.0,94.0,26.0,1.0,20.0,40.0,3.0,121.0,1.0,3.0,0.0,182.0,53.0,9.0,.242,.312,.468,.780,.295,19.45,1760.0,82.0,95.0,729.0,607.0,153.0,33.0,0.0,35.0,112.0,10.0,192.0,6.0,4.0,0.0,291.0,109.0,16.0,.252,.372,.479,.851,.307,17.34,3060.0,139.0,127.0,2025
701542,Will Warren,147,New York Yankees,,P,2026,,,,,,,,,,,,,,,,,,,,,,,,,,,,,,,,,,,,,,,,,,,,,,,,,2025
605288,Adrian Houser,137,San Francisco Giants,,P,2026,,,,,,,,,,,,,,,,,,,,,,,,,,,,,,,,,,,,,,,,,,,,,,,,,2025
656492,Foster Griffin,120,Washington Nationals,,P,2026,,,,,,,,,,,,,,,,,,,,,,,,,,,,,,,,,,,,,,,,,,,,,,,,,2025
805999,A.J. Ewing,121,New York Mets,,CF,2026,251.0,223.0,61.0,11.0,1.0,7.0,24.0,0.0,68.0,1.0,1.0,2.0,95.0,25.0,1.0,.274,.345,.426,.771,.362,31.86,1029.0,46.0,51.0,,,,,,,,,,,,,,,,,,,,,,,,,2025
687223,Carson Palmquist,120,Washington Nationals,,P,2026,,,,,,,,,,,,,,,,,,,,,,,,,,,,,,,,,,,,,,,,,,,,,,,,,2025
687221,Dalton Rushing,119,Los Angeles Dodgers,,C,2026,222.0,194.0,48.0,11.0,0.0,11.0,23.0,0.0,62.0,4.0,1.0,0.0,92.0,33.0,2.0,.247,.338,.474,.812,.303,17.64,850.0,35.0,50.0,155.0,142.0,29.0,5.0,0.0,4.0,10.0,0.0,58.0,1.0,2.0,0.0,46.0,24.0,1.0,.204,.258,.324,.582,.305,35.50,600.0,22.0,35.0,2025
703607,Henry Bolte,133,Athletics,,CF,2026,218.0,191.0,48.0,7.0,0.0,3.0,15.0,0.0,60.0,8.0,2.0,1.0,64.0,17.0,4.0,.251,.329,.335,.664,.346,63.67,775.0,57.0,29.0,,,,,,,,,,,,,,,,,,,,,,,,,2025
681082,Bryson Stott,143,Philadelphia Phillies,,2B,2026,375.0,342.0,86.0,19.0,5.0,7.0,27.0,0.0,68.0,2.0,2.0,2.0,136.0,42.0,8.0,.251,.308,.398,.706,.294,48.86,1515.0,84.0,108.0,560.0,499.0,128.0,22.0,3.0,13.0,54.0,1.0,91.0,1.0,4.0,2.0,195.0,66.0,4.0,.257,.328,.391,.719,.288,38.38,2466.0,116.0,170.0,2025
656529,Sam Hentges,137,San Francisco Giants,,P,2026,0.0,0.0,0.0,0.0,0.0,0.0,0.0,0.0,0.0,0.0,0.0,0.0,0.0,0.0,0.0,.000,.000,.000,.000,.---,-.--,0.0,0.0,0.0,,,,,,,,,,,,,,,,,,,,,,,,,2025
683146,Brett Baty,121,New York Mets,,3B,2026,343.0,305.0,68.0,13.0,1.0,6.0,30.0,0.0,92.0,3.0,4.0,0.0,101.0,33.0,3.0,.223,.295,.331,.626,.294,50.83,1362.0,71.0,78.0,432.0,393.0,100.0,13.0,2.0,18.0,33.0,0.0,108.0,2.0,3.0,0.0,171.0,50.0,6.0,.254,.313,.435,.748,.304,21.83,1753.0,117.0,71.0,2025
668804,Bryan Reynolds,134,Pittsburgh Pirates,,LF,2026,448.0,374.0,103.0,24.0,2.0,14.0,64.0,2.0,107.0,8.0,2.0,0.0,173.0,59.0,4.0,.275,.391,.463,.854,.349,26.71,1779.0,93.0,73.0,654.0,587.0,144.0,38.0,3.0,16.0,57.0,1.0,173.0,7.0,3.0,0.0,236.0,73.0,15.0,.245,.318,.402,.720,.319,36.69,2631.0,155.0,118.0,2025
668820,Max Kranick,120,Washington Nationals,,P,2026,,,,,,,,,,,,,,,,,,,,,,,,,,,,,,,,,,,,,,,,,,,,,,,,,2025
642207,Devin Williams,121,New York Mets,,P,2026,0.0,0.0,0.0,0.0,0.0,0.0,0.0,0.0,0.0,0.0,0.0,0.0,0.0,0.0,0.0,.000,.000,.000,.000,.---,-.--,0.0,0.0,0.0,,,,,,,,,,,,,,,,,,,,,,,,,2025
656537,Derek Hill,143,Philadelphia Phillies,,RF,2026,157.0,142.0,35.0,3.0,0.0,8.0,11.0,0.0,57.0,1.0,0.0,3.0,62.0,17.0,1.0,.246,.305,.437,.742,.351,17.75,636.0,30.0,23.0,149.0,134.0,29.0,6.0,0.0,3.0,9.0,0.0,48.0,3.0,0.0,3.0,44.0,11.0,3.0,.216,.281,.328,.609,.313,44.67,579.0,32.0,28.0,2025
687263,Zach Neto,108,Los Angeles Angels,,SS,2026,448.0,395.0,94.0,21.0,2.0,19.0,45.0,1.0,141.0,7.0,1.0,0.0,176.0,46.0,3.0,.238,.326,.446,.772,.318,20.79,1786.0,58.0,103.0,554.0,502.0,129.0,29.0,1.0,26.0,33.0,6.0,149.0,14.0,3.0,2.0,238.0,62.0,5.0,.257,.319,.474,.793,.312,19.31,2171.0,96.0,133.0,2025
650402,Gleyber Torres,116,Detroit Tigers,,2B,2026,203.0,168.0,47.0,6.0,0.0,4.0,31.0,1.0,39.0,2.0,2.0,0.0,65.0,18.0,2.0,.280,.394,.387,.781,.339,42.00,868.0,46.0,38.0,628.0,532.0,136.0,22.0,0.0,16.0,85.0,0.0,101.0,4.0,7.0,0.0,206.0,74.0,11.0,.256,.358,.387,.745,.284,33.25,2652.0,130.0,172.0,2025
656555,Rhys Hoskins,114,Cleveland Guardians,,1B,2026,281.0,231.0,41.0,13.0,0.0,11.0,43.0,0.0,89.0,3.0,4.0,0.0,87.0,33.0,4.0,.177,.310,.377,.687,.222,21.00,1192.0,32.0,73.0,328.0,279.0,66.0,12.0,1.0,12.0,38.0,2.0,91.0,5.0,6.0,0.0,116.0,43.0,6.0,.237,.332,.416,.748,.297,23.25,1429.0,41.0,87.0,2025
642232,Ryan Yarbrough,147,New York Yankees,,P,2026,,,,,,,,,,,,,,,,,,,,,,,,,,,,,,,,,,,,,,,,,,,,,,,,,2025
687282,Gabriel Rincones Jr.,143,Philadelphia Phillies,,RF,2026,79.0,75.0,13.0,4.0,0.0,2.0,2.0,0.0,23.0,1.0,1.0,0.0,23.0,7.0,2.0,.173,.203,.307,.510,.216,37.50,309.0,19.0,21.0,,,,,,,,,,,,,,,,,,,,,,,,,2025
666808,Camilo Doval,147,New York Yankees,,P,2026,,,,,,,,,,,,,,,,,,,,,,,,,,,,,,,,,,,,,,,,,,,,,,,,,2025
664761,Alec Bohm,143,Philadelphia Phillies,,3B,2026,399.0,364.0,82.0,15.0,0.0,13.0,25.0,0.0,60.0,6.0,4.0,0.0,136.0,53.0,13.0,.225,.283,.374,.657,.234,28.00,1449.0,124.0,102.0,504.0,464.0,133.0,18.0,3.0,11.0,29.0,0.0,82.0,5.0,6.0,0.0,190.0,59.0,16.0,.287,.331,.409,.740,.324,42.18,1801.0,140.0,115.0,2025
695490,Edwin Arroyo,113,Cincinnati Reds,,2B,2026,124.0,114.0,29.0,3.0,1.0,0.0,5.0,0.0,26.0,3.0,1.0,1.0,34.0,4.0,0.0,.254,.301,.298,.599,.326,-.--,435.0,29.0,32.0,,,,,,,,,,,,,,,,,,,,,,,,,2025
656577,Alex Jackson,142,Minnesota Twins,,C,2026,62.0,59.0,19.0,4.0,0.0,1.0,1.0,0.0,17.0,2.0,0.0,0.0,26.0,5.0,0.0,.322,.355,.441,.796,.439,59.00,223.0,13.0,10.0,100.0,91.0,20.0,8.0,0.0,5.0,5.0,0.0,37.0,4.0,0.0,0.0,43.0,8.0,2.0,.220,.290,.473,.763,.306,18.20,399.0,16.0,18.0,2025
668873,Caleb Kilian,137,San Francisco Giants,,P,2026,,,,,,,,,,,,,,,,,,,,,,,,,,,,,,,,,,,,,,,,,,,,,,,,,2025
691406,Junior Caminero,139,Tampa Bay Rays,,3B,2026,447.0,387.0,111.0,16.0,0.0,29.0,57.0,8.0,83.0,1.0,2.0,0.0,214.0,62.0,18.0,.287,.378,.553,.931,.296,13.34,1734.0,119.0,76.0,653.0,602.0,159.0,28.0,0.0,45.0,41.0,1.0,125.0,3.0,7.0,0.0,322.0,110.0,31.0,.264,.311,.535,.846,.260,13.38,2494.0,169.0,156.0,2025
687312,Gabriel Hughes,115,Colorado Rockies,,P,2026,,,,,,,,,,,,,,,,,,,,,,,,,,,,,,,,,,,,,,,,,,,,,,,,,2025
660688,Keibert Ruiz,120,Washington Nationals,,C,2026,225.0,212.0,58.0,19.0,0.0,7.0,8.0,0.0,27.0,2.0,3.0,0.0,98.0,35.0,5.0,.274,.302,.462,.764,.282,30.29,732.0,57.0,73.0,267.0,255.0,63.0,12.0,0.0,2.0,8.0,0.0,26.0,3.0,1.0,0.0,81.0,25.0,4.0,.247,.277,.318,.595,.268,127.50,888.0,93.0,74.0,2025
695506,Jac Caglianone,118,Kansas City Royals,,RF,2026,367.0,337.0,87.0,17.0,2.0,16.0,25.0,0.0,105.0,4.0,1.0,0.0,156.0,37.0,4.0,.258,.316,.463,.779,.327,21.06,1360.0,82.0,64.0,232.0,210.0,33.0,6.0,1.0,7.0,18.0,0.0,52.0,4.0,0.0,0.0,62.0,18.0,4.0,.157,.237,.295,.532,.172,30.00,858.0,67.0,58.0,2025
668881,Hunter Greene,113,Cincinnati Reds,,P,2026,,,,,,,,,,,,,,,,,,,,,,,,,,,,,,,,,,,,,,,,,,,,,,,,,2025
695505,Chase Burns,113,Cincinnati Reds,,P,2026,,,,,,,,,,,,,,,,,,,,,,,,,,,,,,,,,,,,,,,,,,,,,,,,,2025
668885,Austin Martin,142,Minnesota Twins,,RF,2026,288.0,243.0,58.0,12.0,0.0,2.0,38.0,0.0,55.0,5.0,2.0,0.0,76.0,20.0,5.0,.239,.351,.313,.664,.298,121.50,1148.0,65.0,67.0,181.0,156.0,44.0,8.0,1.0,1.0,22.0,0.0,31.0,1.0,0.0,2.0,57.0,7.0,6.0,.282,.374,.365,.739,.347,156.00,749.0,50.0,33.0,2025
701656,Logan Henderson,158,Milwaukee Brewers,,P,2026,,,,,,,,,,,,,,,,,,,,,,,,,,,,,,,,,,,,,,,,,,,,,,,,,2025
605400,Aaron Nola,143,Philadelphia Phillies,,P,2026,,,,,,,,,,,,,,,,,,,,,,,,,,,,,,,,,,,,,,,,,,,,,,,,,2025
656605,Mitch Keller,134,Pittsburgh Pirates,,P,2026,,,,,,,,,,,,,,,,,,,,,,,,,,,,,,,,,,,,,,,,,,,,,,,,,2025
687330,Kevin Kelly,139,Tampa Bay Rays,,P,2026,,,,,,,,,,,,,,,,,,,,,,,,,0.0,0.0,0.0,0.0,0.0,0.0,0.0,0.0,0.0,0.0,0.0,0.0,0.0,0.0,0.0,.000,.000,.000,.000,.---,-.--,0.0,0.0,0.0,2025
668904,Royce Lewis,142,Minnesota Twins,,3B,2026,282.0,249.0,53.0,12.0,0.0,10.0,28.0,1.0,72.0,2.0,3.0,0.0,95.0,30.0,2.0,.213,.294,.382,.676,.253,24.90,1117.0,45.0,82.0,403.0,376.0,89.0,18.0,0.0,13.0,25.0,0.0,80.0,0.0,2.0,0.0,146.0,52.0,7.0,.237,.283,.388,.671,.267,28.92,1517.0,76.0,133.0,2025
699625,Jimmy Crooks,138,St. Louis Cardinals,,C,2026,83.0,73.0,13.0,2.0,0.0,3.0,7.0,0.0,27.0,3.0,0.0,0.0,24.0,9.0,1.0,.178,.277,.329,.606,.233,24.33,318.0,14.0,19.0,46.0,45.0,6.0,0.0,1.0,1.0,0.0,0.0,17.0,1.0,0.0,0.0,11.0,1.0,1.0,.133,.152,.244,.396,.185,45.00,199.0,8.0,14.0,2025
668909,Gavin Williams,114,Cleveland Guardians,,P,2026,,,,,,,,,,,,,,,,,,,,,,,,,,,,,,,,,,,,,,,,,,,,,,,,,2025
701675,Nathan Church,138,St. Louis Cardinals,,CF,2026,275.0,258.0,59.0,9.0,1.0,8.0,13.0,0.0,57.0,2.0,2.0,0.0,94.0,29.0,4.0,.229,.269,.364,.633,.262,32.25,1050.0,73.0,71.0,65.0,56.0,10.0,1.0,0.0,1.0,3.0,0.0,18.0,3.0,1.0,2.0,14.0,8.0,0.0,.179,.254,.250,.504,.237,56.00,257.0,20.0,11.0,2025
681198,TJ Rumfield,115,Colorado Rockies,,1B,2026,409.0,357.0,106.0,21.0,2.0,13.0,43.0,0.0,58.0,7.0,2.0,0.0,170.0,52.0,2.0,.297,.381,.476,.857,.323,27.46,1517.0,94.0,101.0,,,,,,,,,,,,,,,,,,,,,,,,,2025
701678,Hao-Yu Lee,116,Detroit Tigers,,2B,2026,178.0,169.0,44.0,7.0,1.0,5.0,8.0,0.0,45.0,0.0,0.0,1.0,68.0,20.0,1.0,.260,.294,.402,.696,.328,33.80,625.0,32.0,49.0,,,,,,,,,,,,,,,,,,,,,,,,,2025
695534,Chase Petty,113,Cincinnati Reds,,P,2026,,,,,,,,,,,,,,,,,,,,,,,,,,,,,,,,,,,,,,,,,,,,,,,,,2025
703725,Luis Gastelum,138,St. Louis Cardinals,,P,2026,,,,,,,,,,,,,,,,,,,,,,,,,,,,,,,,,,,,,,,,,,,,,,,,,2025
685299,Tanner Gordon,115,Colorado Rockies,,P,2026,,,,,,,,,,,,,,,,,,,,,,,,,,,,,,,,,,,,,,,,,,,,,,,,,2025
650489,Willi Castro,115,Colorado Rockies,,2B,2026,345.0,312.0,81.0,15.0,0.0,9.0,28.0,0.0,95.0,4.0,1.0,0.0,123.0,43.0,3.0,.260,.328,.394,.722,.344,34.67,1371.0,55.0,82.0,454.0,402.0,91.0,17.0,3.0,11.0,40.0,1.0,111.0,11.0,0.0,1.0,147.0,33.0,12.0,.226,.313,.366,.679,.286,36.54,1735.0,93.0,108.0,2025
656638,Alex Lange,118,Kansas City Royals,,P,2026,0.0,0.0,0.0,0.0,0.0,0.0,0.0,0.0,0.0,0.0,0.0,0.0,0.0,0.0,0.0,.000,.000,.000,.000,.---,-.--,0.0,0.0,0.0,,,,,,,,,,,,,,,,,,,,,,,,,2025
650490,Yandy Díaz,139,Tampa Bay Rays,,DH,2026,432.0,381.0,117.0,17.0,1.0,14.0,39.0,4.0,59.0,9.0,3.0,0.0,178.0,61.0,11.0,.307,.382,.467,.849,.331,27.21,1608.0,116.0,92.0,651.0,583.0,175.0,29.0,1.0,25.0,57.0,4.0,92.0,6.0,5.0,0.0,281.0,83.0,12.0,.300,.366,.482,.848,.318,23.32,2525.0,193.0,128.0,2025
681217,Chase Silseth,108,Los Angeles Angels,,P,2026,,,,,,,,,,,,,,,,,,,,,,,,,,,,,,,,,,,,,,,,,,,,,,,,,2025
668930,Brice Turang,158,Milwaukee Brewers,,2B,2026,437.0,374.0,97.0,24.0,3.0,14.0,58.0,3.0,107.0,0.0,2.0,3.0,169.0,61.0,7.0,.259,.357,.452,.809,.325,26.71,1852.0,98.0,77.0,659.0,584.0,168.0,28.0,2.0,18.0,66.0,1.0,150.0,2.0,5.0,2.0,254.0,81.0,3.0,.288,.359,.435,.794,.356,32.44,2772.0,132.0,141.0,2025
691458,Blaze Jordan,138,St. Louis Cardinals,,3B,2026,102.0,95.0,23.0,4.0,2.0,1.0,3.0,0.0,15.0,0.0,4.0,0.0,34.0,18.0,2.0,.242,.255,.358,.613,.265,95.00,358.0,30.0,31.0,,,,,,,,,,,,,,,,,,,,,,,,,2025
605447,Jordan Romano,115,Colorado Rockies,,P,2026,,,,,,,,,,,,,,,,,,,,,,,,,,,,,,,,,,,,,,,,,,,,,,,,,2025
668942,Josh Rojas,118,Kansas City Royals,,3B,2026,50.0,49.0,13.0,3.0,0.0,1.0,1.0,0.0,9.0,0.0,0.0,0.0,19.0,6.0,0.0,.265,.280,.388,.668,.308,49.00,172.0,13.0,14.0,211.0,189.0,34.0,9.0,0.0,2.0,19.0,0.0,48.0,0.0,2.0,1.0,49.0,11.0,6.0,.180,.252,.259,.511,.227,94.50,797.0,51.0,59.0,2025
670990,Yohan Ramírez,134,Pittsburgh Pirates,,P,2026,,,,,,,,,,,,,,,,,,,,,,,,,,,,,,,,,,,,,,,,,,,,,,,,,2025
687377,Orlando Ribalta,120,Washington Nationals,,P,2026,0.0,0.0,0.0,0.0,0.0,0.0,0.0,0.0,0.0,0.0,0.0,0.0,0.0,0.0,0.0,.000,.000,.000,.000,.---,-.--,0.0,0.0,0.0,,,,,,,,,,,,,,,,,,,,,,,,,2025
668952,Ryan Kreidler,142,Minnesota Twins,,SS,2026,163.0,150.0,35.0,4.0,2.0,5.0,12.0,0.0,35.0,1.0,0.0,0.0,58.0,24.0,6.0,.233,.294,.387,.681,.273,30.00,614.0,42.0,38.0,44.0,38.0,4.0,0.0,0.0,0.0,4.0,0.0,19.0,0.0,0.0,2.0,4.0,0.0,0.0,.105,.190,.105,.295,.211,-.--,179.0,9.0,8.0,2025
660761,José Suarez,133,Athletics,,P,2026,,,,,,,,,,,,,,,,,,,,,,,,,,,,,,,,,,,,,,,,,,,,,,,,,2025
695578,James Wood,120,Washington Nationals,,RF,2026,484.0,396.0,107.0,25.0,1.0,28.0,81.0,8.0,141.0,4.0,3.0,0.0,218.0,69.0,4.0,.270,.397,.551,.948,.343,14.14,2039.0,77.0,74.0,689.0,598.0,153.0,38.0,0.0,31.0,85.0,8.0,221.0,3.0,3.0,0.0,284.0,94.0,12.0,.256,.350,.475,.825,.350,19.29,2887.0,143.0,84.0,2025
687396,Brent Headrick,147,New York Yankees,,P,2026,,,,,,,,,,,,,,,,,,,,,,,,,,,,,,,,,,,,,,,,,,,,,,,,,2025
681252,Jack Anderson,142,Minnesota Twins,,P,2026,,,,,,,,,,,,,,,,,,,,,,,,,,,,,,,,,,,,,,,,,,,,,,,,,2025
668970,Gavin Hollowell,112,Chicago Cubs,,P,2026,,,,,,,,,,,,,,,,,,,,,,,,,,,,,,,,,,,,,,,,,,,,,,,,,2025
687401,Joey Ortiz,158,Milwaukee Brewers,,SS,2026,262.0,230.0,55.0,9.0,1.0,5.0,25.0,0.0,46.0,0.0,3.0,4.0,81.0,28.0,6.0,.239,.310,.352,.662,.275,46.00,1008.0,70.0,66.0,506.0,470.0,108.0,18.0,1.0,7.0,27.0,0.0,74.0,3.0,0.0,6.0,149.0,45.0,10.0,.230,.276,.317,.593,.260,67.14,1873.0,132.0,162.0,2025
642350,Jose Siri,108,Los Angeles Angels,,CF,2026,104.0,93.0,25.0,4.0,0.0,5.0,6.0,0.0,29.0,2.0,1.0,2.0,44.0,18.0,3.0,.269,.324,.473,.797,.333,18.60,393.0,20.0,22.0,36.0,32.0,2.0,2.0,0.0,0.0,4.0,0.0,17.0,0.0,0.0,0.0,4.0,1.0,0.0,.063,.167,.125,.292,.133,-.--,162.0,3.0,10.0,2025
607536,Kyle Freeland,115,Colorado Rockies,,P,2026,0.0,0.0,0.0,0.0,0.0,0.0,0.0,0.0,0.0,0.0,0.0,0.0,0.0,0.0,0.0,.000,.000,.000,.000,.---,-.--,0.0,0.0,0.0,,,,,,,,,,,,,,,,,,,,,,,,,2025
800050,Chase DeLauter,114,Cleveland Guardians,,RF,2026,364.0,328.0,93.0,19.0,1.0,11.0,34.0,0.0,50.0,0.0,2.0,0.0,147.0,50.0,8.0,.284,.349,.448,.797,.305,29.82,1393.0,82.0,105.0,,,,,,,,,,,,,,,,,,,,,,,,,2025
800048,Parker Messick,114,Cleveland Guardians,,P,2026,,,,,,,,,,,,,,,,,,,,,,,,,,,,,,,,,,,,,,,,,,,,,,,,,2025
695600,Carter Jensen,118,Kansas City Royals,,C,2026,378.0,337.0,81.0,23.0,0.0,14.0,35.0,1.0,107.0,1.0,5.0,0.0,146.0,52.0,3.0,.240,.310,.433,.743,.303,24.07,1545.0,50.0,104.0,69.0,60.0,18.0,6.0,0.0,3.0,9.0,0.0,12.0,0.0,0.0,0.0,33.0,13.0,1.0,.300,.391,.550,.941,.333,20.00,293.0,17.0,13.0,2025
605488,Jeffrey Springs,133,Athletics,,P,2026,,,,,,,,,,,,,,,,,,,,,,,,,,,,,,,,,,,,,,,,,,,,,,,,,2025
695611,Gage Jump,133,Athletics,,P,2026,,,,,,,,,,,,,,,,,,,,,,,,,,,,,,,,,,,,,,,,,,,,,,,,,2025
806198,Cooper Pratt,158,Milwaukee Brewers,,SS,2026,108.0,93.0,24.0,3.0,1.0,1.0,12.0,0.0,20.0,1.0,2.0,0.0,32.0,8.0,4.0,.258,.343,.344,.687,.311,93.00,423.0,28.0,23.0,,,,,,,,,,,,,,,,,,,,,,,,,2025
668984,Casey Legumina,139,Tampa Bay Rays,,P,2026,,,,,,,,,,,,,,,,,,,,,,,,,0.0,0.0,0.0,0.0,0.0,0.0,0.0,0.0,0.0,0.0,0.0,0.0,0.0,0.0,0.0,.000,.000,.000,.000,.---,-.--,0.0,0.0,0.0,2025
650559,Bryan De La Cruz,143,Philadelphia Phillies,,OF,2026,3.0,2.0,1.0,0.0,0.0,1.0,1.0,0.0,1.0,0.0,0.0,0.0,4.0,1.0,0.0,.500,.667,2.000,2.667,.---,2.00,14.0,0.0,0.0,50.0,47.0,9.0,1.0,0.0,0.0,3.0,0.0,18.0,0.0,0.0,0.0,10.0,0.0,1.0,.191,.240,.213,.453,.310,-.--,179.0,8.0,12.0,2025
669003,Garrett Mitchell,158,Milwaukee Brewers,,CF,2026,334.0,292.0,81.0,22.0,3.0,8.0,38.0,1.0,109.0,2.0,1.0,1.0,133.0,48.0,2.0,.277,.363,.455,.818,.415,36.50,1352.0,63.0,41.0,78.0,68.0,14.0,4.0,1.0,0.0,7.0,0.0,25.0,1.0,1.0,1.0,20.0,3.0,0.0,.206,.286,.294,.580,.318,-.--,303.0,17.0,14.0,2025
656716,Zach McKinstry,116,Detroit Tigers,,2B,2026,269.0,238.0,47.0,8.0,2.0,4.0,26.0,1.0,46.0,0.0,2.0,3.0,71.0,20.0,4.0,.197,.274,.298,.572,.226,59.50,1025.0,69.0,81.0,511.0,452.0,117.0,23.0,11.0,12.0,46.0,1.0,111.0,7.0,5.0,1.0,198.0,49.0,6.0,.259,.333,.438,.771,.314,37.67,2035.0,116.0,114.0,2025
671056,Iván Herrera,138,St. Louis Cardinals,,DH,2026,451.0,373.0,90.0,14.0,1.0,11.0,51.0,4.0,76.0,24.0,3.0,0.0,139.0,41.0,14.0,.241,.366,.373,.739,.273,33.91,1780.0,115.0,95.0,452.0,388.0,110.0,13.0,0.0,19.0,43.0,1.0,84.0,15.0,4.0,0.0,180.0,66.0,20.0,.284,.373,.464,.837,.315,20.42,1809.0,115.0,83.0,2025
683352,Mitch Bratt,109,Arizona Diamondbacks,,P,2026,,,,,,,,,,,,,,,,,,,,,,,,,,,,,,,,,,,,,,,,,,,,,,,,,2025
656730,Trevor Megill,158,Milwaukee Brewers,,P,2026,0.0,0.0,0.0,0.0,0.0,0.0,0.0,0.0,0.0,0.0,0.0,0.0,0.0,0.0,0.0,.000,.000,.000,.000,.---,-.--,0.0,0.0,0.0,,,,,,,,,,,,,,,,,,,,,,,,,2025
669016,Brandon Marsh,143,Philadelphia Phillies,,LF,2026,385.0,360.0,105.0,15.0,2.0,16.0,20.0,2.0,103.0,2.0,3.0,0.0,172.0,47.0,2.0,.292,.330,.478,.808,.365,22.50,1437.0,69.0,86.0,425.0,379.0,106.0,25.0,2.0,11.0,38.0,1.0,110.0,0.0,4.0,3.0,168.0,43.0,2.0,.280,.342,.443,.785,.363,34.46,1657.0,82.0,88.0,2025
802139,JJ Wetherholt,138,St. Louis Cardinals,,2B,2026,440.0,382.0,99.0,10.0,0.0,15.0,42.0,2.0,69.0,14.0,2.0,0.0,154.0,40.0,2.0,.259,.352,.403,.755,.280,25.47,1709.0,104.0,112.0,,,,,,,,,,,,,,,,,,,,,,,,,2025
669020,Ryan Rolison,112,Chicago Cubs,,P,2026,0.0,0.0,0.0,0.0,0.0,0.0,0.0,0.0,0.0,0.0,0.0,0.0,0.0,0.0,0.0,.000,.000,.000,.000,.---,-.--,0.0,0.0,0.0,,,,,,,,,,,,,,,,,,,,,,,,,2025
642397,Gregory Soto,134,Pittsburgh Pirates,,P,2026,,,,,,,,,,,,,,,,,,,,,,,,,,,,,,,,,,,,,,,,,,,,,,,,,2025
814439,Ryan Waldschmidt,109,Arizona Diamondbacks,,CF,2026,147.0,134.0,34.0,10.0,1.0,1.0,9.0,0.0,51.0,1.0,2.0,0.0,49.0,12.0,0.0,.254,.301,.366,.667,.393,134.00,559.0,19.0,32.0,,,,,,,,,,,,,,,,,,,,,,,,,2025
701807,Carson Benge,121,New York Mets,,RF,2026,408.0,373.0,98.0,13.0,2.0,11.0,30.0,0.0,89.0,4.0,1.0,0.0,148.0,40.0,4.0,.263,.324,.397,.721,.318,33.91,1664.0,94.0,93.0,,,,,,,,,,,,,,,,,,,,,,,,,2025
695670,Harry Ford,120,Washington Nationals,,C,2026,13.0,11.0,3.0,1.0,0.0,1.0,1.0,0.0,5.0,1.0,0.0,0.0,7.0,4.0,0.0,.273,.385,.636,1.021,.400,11.00,52.0,2.0,1.0,8.0,6.0,1.0,0.0,0.0,0.0,0.0,0.0,3.0,1.0,1.0,0.0,1.0,1.0,0.0,.167,.250,.167,.417,.250,-.--,29.0,1.0,2.0,2025
671096,Andrew Abbott,113,Cincinnati Reds,,P,2026,,,,,,,,,,,,,,,,,,,,,,,,,,,,,,,,,,,,,,,,,,,,,,,,,2025
664954,Brett Sullivan,115,Colorado Rockies,,C,2026,142.0,131.0,29.0,8.0,1.0,4.0,7.0,0.0,25.0,1.0,2.0,1.0,51.0,15.0,3.0,.221,.262,.389,.651,.240,32.75,503.0,30.0,50.0,9.0,6.0,1.0,0.0,0.0,0.0,1.0,0.0,3.0,1.0,1.0,0.0,1.0,2.0,0.0,.167,.333,.167,.500,.250,-.--,36.0,0.0,3.0,2025
669060,Bryse Wilson,158,Milwaukee Brewers,,P,2026,,,,,,,,,,,,,,,,,,,,,,,,,0.0,0.0,0.0,0.0,0.0,0.0,0.0,0.0,0.0,0.0,0.0,0.0,0.0,0.0,0.0,.000,.000,.000,.000,.---,-.--,0.0,0.0,0.0,2025
669062,Erik Miller,137,San Francisco Giants,,P,2026,,,,,,,,,,,,,,,,,,,,,,,,,,,,,,,,,,,,,,,,,,,,,,,,,2025
681351,Logan O'Hoppe,108,Los Angeles Angels,,C,2026,245.0,223.0,47.0,8.0,0.0,4.0,17.0,0.0,60.0,3.0,1.0,1.0,67.0,23.0,6.0,.211,.275,.300,.575,.269,55.75,878.0,42.0,76.0,451.0,423.0,90.0,8.0,1.0,19.0,24.0,0.0,139.0,2.0,1.0,1.0,157.0,43.0,12.0,.213,.258,.371,.629,.267,22.26,1758.0,89.0,107.0,2025
656775,Cedric Mullins,139,Tampa Bay Rays,,CF,2026,342.0,299.0,60.0,5.0,1.0,12.0,29.0,0.0,71.0,6.0,2.0,4.0,103.0,31.0,3.0,.201,.283,.344,.627,.220,24.92,1338.0,45.0,129.0,498.0,435.0,94.0,23.0,1.0,17.0,50.0,0.0,120.0,4.0,6.0,3.0,170.0,59.0,2.0,.216,.299,.391,.690,.253,25.59,2112.0,79.0,151.0,2025
607625,Seth Lugo,118,Kansas City Royals,,P,2026,,,,,,,,,,,,,,,,,,,,,,,,,,,,,,,,,,,,,,,,,,,,,,,,,2025
693645,Cam Schlittler,147,New York Yankees,,P,2026,,,,,,,,,,,,,,,,,,,,,,,,,,,,,,,,,,,,,,,,,,,,,,,,,2025
650644,Aaron Civale,112,Chicago Cubs,,P,2026,,,,,,,,,,,,,,,,,,,,,,,,,,,,,,,,,,,,,,,,,,,,,,,,,2025
683409,Angel Chivilli,147,New York Yankees,,P,2026,,,,,,,,,,,,,,,,,,,,,,,,,0.0,0.0,0.0,0.0,0.0,0.0,0.0,0.0,0.0,0.0,0.0,0.0,0.0,0.0,0.0,.000,.000,.000,.000,.---,-.--,0.0,0.0,0.0,2025
664983,Jake McCarthy,115,Colorado Rockies,,CF,2026,334.0,305.0,93.0,21.0,6.0,10.0,18.0,0.0,59.0,4.0,3.0,4.0,156.0,56.0,4.0,.305,.348,.511,.859,.347,30.50,1112.0,83.0,77.0,222.0,206.0,42.0,7.0,5.0,4.0,10.0,0.0,40.0,2.0,1.0,3.0,71.0,20.0,2.0,.204,.247,.345,.592,.233,51.50,846.0,83.0,45.0,2025
687515,Colby Thomas,133,Athletics,,RF,2026,109.0,103.0,21.0,3.0,0.0,4.0,4.0,0.0,32.0,1.0,0.0,1.0,36.0,11.0,2.0,.204,.241,.350,.591,.254,25.75,409.0,16.0,35.0,132.0,120.0,27.0,5.0,0.0,6.0,7.0,0.0,49.0,1.0,3.0,1.0,50.0,19.0,3.0,.225,.267,.417,.684,.309,20.00,481.0,21.0,27.0,2025
695720,Tommy White,133,Athletics,,3B,2026,21.0,19.0,7.0,1.0,0.0,0.0,2.0,0.0,0.0,0.0,0.0,0.0,8.0,0.0,1.0,.368,.429,.421,.850,.368,-.--,75.0,8.0,4.0,,,,,,,,,,,,,,,,,,,,,,,,,2025
701852,Drew Cavanaugh,137,San Francisco Giants,,C,2026,47.0,38.0,9.0,0.0,0.0,0.0,7.0,0.0,12.0,0.0,0.0,2.0,9.0,2.0,0.0,.237,.356,.237,.593,.346,-.--,183.0,9.0,10.0,,,,,,,,,,,,,,,,,,,,,,,,,2025
687529,Grant McCray,137,San Francisco Giants,,CF,2026,4.0,3.0,0.0,0.0,0.0,0.0,0.0,0.0,2.0,0.0,0.0,1.0,0.0,0.0,0.0,.000,.000,.000,.000,.000,-.--,14.0,2.0,0.0,26.0,22.0,2.0,0.0,1.0,0.0,2.0,0.0,11.0,0.0,1.0,1.0,4.0,2.0,1.0,.091,.160,.182,.342,.167,-.--,97.0,7.0,4.0,2025
656811,Ryan O'Hearn,134,Pittsburgh Pirates,,RF,2026,364.0,328.0,90.0,13.0,0.0,16.0,28.0,1.0,84.0,5.0,3.0,0.0,151.0,64.0,13.0,.274,.338,.460,.798,.320,20.50,1427.0,78.0,79.0,544.0,474.0,133.0,21.0,1.0,17.0,58.0,4.0,109.0,8.0,4.0,0.0,207.0,63.0,11.0,.281,.366,.437,.803,.330,27.88,2173.0,117.0,119.0,2025
804267,Zac Thornton,121,New York Mets,,P,2026,,,,,,,,,,,,,,,,,,,,,,,,,,,,,,,,,,,,,,,,,,,,,,,,,2025
665019,Kody Clemens,142,Minnesota Twins,,1B,2026,361.0,330.0,79.0,19.0,3.0,18.0,22.0,1.0,84.0,5.0,2.0,2.0,158.0,48.0,6.0,.239,.295,.479,.774,.265,18.33,1419.0,72.0,99.0,386.0,348.0,74.0,12.0,4.0,19.0,29.0,1.0,93.0,5.0,2.0,2.0,151.0,52.0,4.0,.213,.281,.434,.715,.231,18.32,1529.0,73.0,112.0,2025
695734,Daylen Lile,120,Washington Nationals,,LF,2026,428.0,393.0,96.0,22.0,4.0,11.0,26.0,1.0,78.0,5.0,4.0,0.0,159.0,49.0,6.0,.244,.297,.405,.702,.276,35.73,1511.0,91.0,132.0,351.0,321.0,96.0,15.0,11.0,9.0,21.0,0.0,56.0,4.0,3.0,1.0,160.0,41.0,5.0,.299,.347,.498,.845,.336,35.67,1306.0,73.0,100.0,2025
554430,Zack Wheeler,143,Philadelphia Phillies,,P,2026,,,,,,,,,,,,,,,,,,,,,,,,,,,,,,,,,,,,,,,,,,,,,,,,,2025
640448,Kyle Finnegan,116,Detroit Tigers,,P,2026,,,,,,,,,,,,,,,,,,,,,,,,,,,,,,,,,,,,,,,,,,,,,,,,,2025
640454,Matt Krook,120,Washington Nationals,,P,2026,,,,,,,,,,,,,,,,,,,,,,,,,,,,,,,,,,,,,,,,,,,,,,,,,2025
687551,Drew Gilbert,137,San Francisco Giants,,CF,2026,236.0,208.0,47.0,10.0,2.0,4.0,19.0,2.0,39.0,6.0,1.0,2.0,73.0,21.0,5.0,.226,.308,.351,.659,.259,52.00,886.0,66.0,59.0,109.0,100.0,19.0,5.0,1.0,3.0,7.0,0.0,20.0,1.0,1.0,0.0,35.0,13.0,2.0,.190,.248,.350,.598,.205,33.33,416.0,34.0,28.0,2025
640455,Sean Manaea,121,New York Mets,,P,2026,,,,,,,,,,,,,,,,,,,,,,,,,,,,,,,,,,,,,,,,,,,,,,,,,2025
656849,David Peterson,112,Chicago Cubs,,P,2026,,,,,,,,,,,,,,,,,,,,,,,,,,,,,,,,,,,,,,,,,,,,,,,,,2025
521692,Salvador Perez,118,Kansas City Royals,,DH,2026,404.0,373.0,78.0,14.0,0.0,14.0,16.0,2.0,84.0,10.0,5.0,0.0,134.0,43.0,13.0,.209,.257,.359,.616,.229,26.64,1485.0,94.0,122.0,641.0,597.0,141.0,35.0,0.0,30.0,28.0,5.0,125.0,12.0,1.0,0.0,266.0,100.0,14.0,.236,.284,.446,.730,.251,19.90,2267.0,145.0,187.0,2025
669127,Shea Langeliers,133,Athletics,,C,2026,412.0,372.0,98.0,18.0,0.0,23.0,34.0,2.0,95.0,5.0,1.0,0.0,185.0,51.0,4.0,.263,.333,.497,.830,.294,16.17,1540.0,67.0,113.0,523.0,481.0,133.0,32.0,0.0,31.0,36.0,1.0,103.0,1.0,5.0,0.0,258.0,72.0,10.0,.277,.325,.536,.861,.290,15.52,1924.0,107.0,143.0,2025
642528,Jonathan Loáisiga,109,Arizona Diamondbacks,,P,2026,0.0,0.0,0.0,0.0,0.0,0.0,0.0,0.0,0.0,0.0,0.0,0.0,0.0,0.0,0.0,.000,.000,.000,.000,.---,-.--,0.0,0.0,0.0,,,,,,,,,,,,,,,,,,,,,,,,,2025
656876,Drew Rasmussen,139,Tampa Bay Rays,,P,2026,,,,,,,,,,,,,,,,,,,,,,,,,,,,,,,,,,,,,,,,,,,,,,,,,2025
669160,Dustin May,138,St. Louis Cardinals,,P,2026,,,,,,,,,,,,,,,,,,,,,,,,,,,,,,,,,,,,,,,,,,,,,,,,,2025
642547,Freddy Peralta,121,New York Mets,,P,2026,,,,,,,,,,,,,,,,,,,,,,,,,,,,,,,,,,,,,,,,,,,,,,,,,2025
671218,Heliot Ramos,137,San Francisco Giants,,LF,2026,260.0,246.0,66.0,13.0,3.0,9.0,12.0,1.0,70.0,1.0,1.0,0.0,112.0,31.0,3.0,.268,.304,.455,.759,.339,27.33,1017.0,65.0,46.0,695.0,620.0,159.0,24.0,1.0,21.0,52.0,2.0,158.0,17.0,6.0,0.0,248.0,69.0,16.0,.256,.328,.400,.728,.309,29.52,2653.0,147.0,162.0,2025
691718,Pete Crow-Armstrong,112,Chicago Cubs,,CF,2026,445.0,379.0,107.0,16.0,5.0,21.0,52.0,3.0,116.0,11.0,2.0,1.0,196.0,55.0,2.0,.282,.383,.517,.900,.352,18.05,1737.0,60.0,99.0,647.0,591.0,146.0,37.0,4.0,31.0,29.0,1.0,155.0,9.0,12.0,6.0,284.0,95.0,1.0,.247,.287,.481,.768,.276,19.06,2312.0,116.0,192.0,2025
622088,Tejay Antone,113,Cincinnati Reds,,P,2026,,,,,,,,,,,,,,,,,,,,,,,,,,,,,,,,,,,,,,,,,,,,,,,,,2025
691720,Kyle Karros,115,Colorado Rockies,,3B,2026,343.0,293.0,76.0,18.0,2.0,9.0,44.0,2.0,71.0,4.0,2.0,0.0,125.0,35.0,2.0,.259,.362,.427,.789,.312,32.56,1405.0,72.0,76.0,156.0,137.0,31.0,4.0,0.0,1.0,15.0,0.0,41.0,2.0,2.0,0.0,38.0,9.0,5.0,.226,.308,.277,.585,.309,137.00,635.0,33.0,34.0,2025
681481,Kerry Carpenter,116,Detroit Tigers,,RF,2026,254.0,226.0,47.0,5.0,2.0,13.0,18.0,0.0,74.0,5.0,3.0,0.0,95.0,36.0,2.0,.208,.278,.420,.698,.239,17.38,1002.0,41.0,67.0,464.0,433.0,109.0,18.0,5.0,26.0,18.0,0.0,106.0,7.0,2.0,0.0,215.0,62.0,3.0,.252,.291,.497,.788,.274,16.65,1736.0,84.0,136.0,2025
572955,Pierce Johnson,113,Cincinnati Reds,,P,2026,,,,,,,,,,,,,,,,,,,,,,,,,,,,,,,,,,,,,,,,,,,,,,,,,2025
669212,Eli Morgan,118,Kansas City Royals,,P,2026,,,,,,,,,,,,,,,,,,,,,,,,,,,,,,,,,,,,,,,,,,,,,,,,,2025
691740,Daniel Susac,137,San Francisco Giants,,C,2026,123.0,111.0,29.0,6.0,1.0,0.0,6.0,0.0,30.0,2.0,2.0,2.0,37.0,14.0,3.0,.261,.306,.333,.639,.349,-.--,450.0,25.0,31.0,,,,,,,,,,,,,,,,,,,,,,,,,2025
548384,Brooks Raley,121,New York Mets,,P,2026,,,,,,,,,,,,,,,,,,,,,,,,,,,,,,,,,,,,,,,,,,,,,,,,,2025
669224,Austin Wells,147,New York Yankees,,C,2026,233.0,203.0,33.0,2.0,0.0,6.0,27.0,2.0,62.0,1.0,1.0,1.0,53.0,13.0,6.0,.163,.263,.261,.524,.199,33.83,939.0,43.0,67.0,448.0,401.0,88.0,22.0,1.0,21.0,30.0,0.0,118.0,5.0,11.0,0.0,175.0,71.0,10.0,.219,.275,.436,.711,.245,19.10,1794.0,75.0,131.0,2025
681517,Kyle Leahy,138,St. Louis Cardinals,,P,2026,,,,,,,,,,,,,,,,,,,,,,,,,,,,,,,,,,,,,,,,,,,,,,,,,2025
671277,Luis García Jr.,120,Washington Nationals,,1B,2026,338.0,322.0,90.0,16.0,4.0,21.0,15.0,0.0,55.0,0.0,1.0,0.0,177.0,70.0,6.0,.280,.311,.550,.861,.279,15.33,1219.0,96.0,82.0,526.0,488.0,123.0,28.0,1.0,16.0,27.0,1.0,84.0,2.0,9.0,0.0,201.0,66.0,7.0,.252,.289,.412,.701,.270,30.50,1838.0,158.0,132.0,2025
656941,Kyle Schwarber,143,Philadelphia Phillies,,DH,2026,439.0,371.0,92.0,10.0,1.0,33.0,62.0,3.0,154.0,5.0,1.0,0.0,203.0,61.0,1.0,.248,.362,.547,.909,.319,11.24,1879.0,46.0,80.0,724.0,604.0,145.0,23.0,2.0,56.0,108.0,6.0,197.0,11.0,1.0,0.0,340.0,132.0,4.0,.240,.365,.563,.928,.253,10.79,3059.0,114.0,149.0,2025
656945,Tanner Scott,119,Los Angeles Dodgers,,P,2026,,,,,,,,,,,,,,,,,,,,,,,,,0.0,0.0,0.0,0.0,0.0,0.0,0.0,0.0,0.0,0.0,0.0,0.0,0.0,0.0,0.0,.000,.000,.000,.000,.---,-.--,0.0,0.0,0.0,2025
669242,Tommy Edman,119,Los Angeles Dodgers,,LF,2026,100.0,86.0,31.0,5.0,2.0,2.0,8.0,0.0,18.0,4.0,0.0,2.0,46.0,17.0,2.0,.360,.439,.535,.974,.439,43.00,367.0,23.0,16.0,377.0,346.0,78.0,13.0,1.0,13.0,19.0,0.0,61.0,6.0,5.0,1.0,132.0,49.0,4.0,.225,.274,.382,.656,.235,26.62,1338.0,110.0,103.0,2025
691777,Max Muncy,133,Athletics,,3B,2026,178.0,157.0,35.0,7.0,2.0,5.0,14.0,0.0,61.0,4.0,3.0,0.0,61.0,20.0,4.0,.223,.298,.389,.687,.319,31.40,714.0,31.0,33.0,220.0,206.0,44.0,7.0,0.0,9.0,10.0,0.0,68.0,3.0,1.0,0.0,78.0,23.0,1.0,.214,.259,.379,.638,.269,22.89,824.0,51.0,44.0,2025
671289,Tyler Freeman,115,Colorado Rockies,,RF,2026,263.0,231.0,59.0,6.0,1.0,3.0,11.0,0.0,33.0,15.0,0.0,6.0,76.0,23.0,14.0,.255,.331,.329,.660,.287,77.00,929.0,81.0,64.0,428.0,377.0,106.0,20.0,2.0,2.0,34.0,0.0,51.0,11.0,4.0,2.0,136.0,31.0,10.0,.281,.354,.361,.715,.317,188.50,1646.0,133.0,93.0,2025
800325,Luis Lara,158,Milwaukee Brewers,,CF,2026,30.0,25.0,6.0,1.0,0.0,0.0,5.0,0.0,4.0,0.0,0.0,0.0,7.0,2.0,0.0,.240,.367,.280,.647,.286,-.--,151.0,8.0,7.0,,,,,,,,,,,,,,,,,,,,,,,,,2025
702021,Will Dion,114,Cleveland Guardians,,P,2026,,,,,,,,,,,,,,,,,,,,,,,,,,,,,,,,,,,,,,,,,,,,,,,,,2025
681546,James Outman,116,Detroit Tigers,,CF,2026,156.0,145.0,23.0,4.0,2.0,4.0,10.0,0.0,66.0,1.0,0.0,0.0,43.0,16.0,0.0,.159,.218,.297,.515,.253,36.25,644.0,24.0,32.0,148.0,134.0,18.0,5.0,1.0,6.0,12.0,0.0,63.0,2.0,0.0,0.0,43.0,11.0,0.0,.134,.216,.321,.537,.185,22.33,605.0,24.0,29.0,2025
673357,Luis Robert Jr.,121,New York Mets,,CF,2026,108.0,95.0,20.0,3.0,0.0,3.0,13.0,0.0,22.0,0.0,0.0,0.0,32.0,9.0,2.0,.211,.306,.337,.643,.243,31.67,416.0,25.0,28.0,431.0,382.0,85.0,12.0,0.0,14.0,40.0,3.0,112.0,2.0,3.0,1.0,139.0,53.0,8.0,.223,.297,.364,.661,.274,27.29,1524.0,83.0,106.0,2025
542303,Marcell Ozuna,134,Pittsburgh Pirates,,DH,2026,262.0,234.0,48.0,6.0,0.0,8.0,26.0,1.0,80.0,2.0,0.0,0.0,78.0,28.0,5.0,.205,.290,.333,.623,.274,29.25,1162.0,41.0,65.0,592.0,487.0,113.0,19.0,0.0,21.0,94.0,2.0,144.0,3.0,7.0,0.0,195.0,68.0,11.0,.232,.355,.400,.755,.280,23.19,2635.0,115.0,122.0,2025
683618,Edgardo Henriquez,119,Los Angeles Dodgers,,P,2026,0.0,0.0,0.0,0.0,0.0,0.0,0.0,0.0,0.0,0.0,0.0,0.0,0.0,0.0,0.0,.000,.000,.000,.000,.---,-.--,0.0,0.0,0.0,,,,,,,,,,,,,,,,,,,,,,,,,2025
693855,Ian Seymour,139,Tampa Bay Rays,,P,2026,,,,,,,,,,,,,,,,,,,,,,,,,,,,,,,,,,,,,,,,,,,,,,,,,2025
679529,Spencer Torkelson,116,Detroit Tigers,,1B,2026,400.0,349.0,72.0,18.0,0.0,19.0,43.0,0.0,131.0,5.0,2.0,0.0,147.0,50.0,9.0,.206,.301,.421,.722,.264,18.37,1706.0,54.0,94.0,649.0,563.0,135.0,27.0,1.0,31.0,72.0,6.0,169.0,9.0,5.0,0.0,257.0,78.0,12.0,.240,.333,.456,.789,.283,18.16,2634.0,88.0,176.0,2025
802415,Chandler Simpson,139,Tampa Bay Rays,,LF,2026,382.0,354.0,102.0,10.0,6.0,0.0,20.0,0.0,35.0,0.0,3.0,5.0,124.0,19.0,3.0,.288,.324,.350,.674,.317,-.--,1270.0,140.0,85.0,441.0,414.0,122.0,15.0,3.0,0.0,20.0,0.0,43.0,0.0,2.0,3.0,143.0,26.0,10.0,.295,.326,.345,.671,.327,-.--,1517.0,176.0,78.0,2025
671345,Jason Foley,137,San Francisco Giants,,P,2026,,,,,,,,,,,,,,,,,,,,,,,,,,,,,,,,,,,,,,,,,,,,,,,,,2025
702070,Noah Cameron,118,Kansas City Royals,,P,2026,,,,,,,,,,,,,,,,,,,,,,,,,,,,,,,,,,,,,,,,,,,,,,,,,2025
820862,José Fermin,108,Los Angeles Angels,,P,2026,,,,,,,,,,,,,,,,,,,,,,,,,,,,,,,,,,,,,,,,,,,,,,,,,2025
657041,Lane Thomas,118,Kansas City Royals,,CF,2026,299.0,258.0,61.0,16.0,0.0,9.0,37.0,0.0,69.0,2.0,2.0,0.0,104.0,36.0,4.0,.236,.334,.403,.737,.286,28.67,1212.0,51.0,79.0,142.0,125.0,20.0,2.0,0.0,4.0,14.0,0.0,44.0,1.0,2.0,0.0,34.0,11.0,4.0,.160,.246,.272,.518,.203,31.25,556.0,22.0,41.0,2025
657044,Ryan Thompson,109,Arizona Diamondbacks,,P,2026,,,,,,,,,,,,,,,,,,,,,,,,,0.0,0.0,0.0,0.0,0.0,0.0,0.0,0.0,0.0,0.0,0.0,0.0,0.0,0.0,0.0,.000,.000,.000,.000,.---,-.--,0.0,0.0,0.0,2025
681624,Andy Pages,119,Los Angeles Dodgers,,CF,2026,438.0,392.0,105.0,22.0,1.0,17.0,35.0,1.0,89.0,6.0,5.0,0.0,180.0,68.0,10.0,.268,.333,.459,.792,.302,23.06,1754.0,82.0,121.0,624.0,581.0,158.0,27.0,1.0,27.0,29.0,0.0,135.0,8.0,6.0,0.0,268.0,86.0,9.0,.272,.313,.461,.774,.308,21.52,2365.0,117.0,177.0,2025
642708,Amed Rosario,147,New York Yankees,,3B,2026,167.0,153.0,36.0,4.0,1.0,9.0,11.0,0.0,41.0,0.0,3.0,0.0,69.0,27.0,1.0,.235,.281,.451,.732,.255,17.00,608.0,39.0,40.0,191.0,181.0,50.0,11.0,0.0,6.0,7.0,0.0,31.0,2.0,1.0,0.0,79.0,23.0,6.0,.276,.309,.436,.745,.303,30.17,646.0,53.0,48.0,2025
642715,Willy Adames,137,San Francisco Giants,,SS,2026,408.0,379.0,86.0,22.0,1.0,18.0,27.0,0.0,116.0,1.0,1.0,0.0,164.0,45.0,3.0,.227,.279,.433,.712,.276,21.06,1578.0,70.0,108.0,686.0,591.0,133.0,22.0,2.0,30.0,80.0,2.0,179.0,5.0,9.0,0.0,249.0,87.0,9.0,.225,.318,.421,.739,.263,19.70,2797.0,105.0,183.0,2025
683679,Jesus Rodriguez,137,San Francisco Giants,,C,2026,50.0,45.0,11.0,2.0,0.0,2.0,3.0,0.0,6.0,1.0,0.0,1.0,19.0,8.0,2.0,.244,.306,.422,.728,.243,22.50,160.0,21.0,8.0,,,,,,,,,,,,,,,,,,,,,,,,,2025
667297,Tommy Nance,142,Minnesota Twins,,P,2026,,,,,,,,,,,,,,,,,,,,,,,,,,,,,,,,,,,,,,,,,,,,,,,,,2025
650911,Cristopher Sánchez,143,Philadelphia Phillies,,P,2026,,,,,,,,,,,,,,,,,,,,,,,,,,,,,,,,,,,,,,,,,,,,,,,,,2025
675512,Troy Melton,116,Detroit Tigers,,P,2026,,,,,,,,,,,,,,,,,,,,,,,,,,,,,,,,,,,,,,,,,,,,,,,,,2025
669373,Tarik Skubal,116,Detroit Tigers,,P,2026,,,,,,,,,,,,,,,,,,,,,,,,,,,,,,,,,,,,,,,,,,,,,,,,,2025
573124,Taylor Rogers,142,Minnesota Twins,,P,2026,,,,,,,,,,,,,,,,,,,,,,,,,,,,,,,,,,,,,,,,,,,,,,,,,2025
622268,Donovan Walton,133,Athletics,,3B,2026,115.0,102.0,31.0,9.0,1.0,3.0,11.0,0.0,22.0,1.0,0.0,1.0,51.0,12.0,2.0,.304,.377,.500,.877,.364,34.00,443.0,22.0,28.0,9.0,8.0,1.0,0.0,0.0,0.0,0.0,0.0,1.0,0.0,0.0,1.0,1.0,1.0,0.0,.125,.125,.125,.250,.143,-.--,27.0,6.0,1.0,2025
657097,Jacob Webb,112,Chicago Cubs,,P,2026,,,,,,,,,,,,,,,,,,,,,,,,,,,,,,,,,,,,,,,,,,,,,,,,,2025
650960,Daniel Duarte,121,New York Mets,,P,2026,,,,,,,,,,,,,,,,,,,,,,,,,,,,,,,,,,,,,,,,,,,,,,,,,2025
669387,Carmen Mlodzinski,134,Pittsburgh Pirates,,P,2026,,,,,,,,,,,,,,,,,,,,,,,,,,,,,,,,,,,,,,,,,,,,,,,,,2025
677587,Brayan Rocchio,114,Cleveland Guardians,,SS,2026,390.0,350.0,95.0,15.0,2.0,9.0,27.0,0.0,56.0,7.0,3.0,3.0,141.0,48.0,5.0,.271,.333,.403,.736,.299,38.89,1495.0,92.0,113.0,383.0,344.0,80.0,18.0,2.0,5.0,22.0,0.0,77.0,8.0,5.0,4.0,117.0,44.0,4.0,.233,.290,.340,.630,.281,68.80,1411.0,100.0,96.0,2025
677588,José Tena,120,Washington Nationals,,DH,2026,199.0,182.0,45.0,10.0,2.0,5.0,15.0,0.0,60.0,2.0,0.0,0.0,74.0,20.0,6.0,.247,.312,.407,.719,.342,36.40,802.0,47.0,30.0,169.0,152.0,37.0,13.0,2.0,0.0,15.0,0.0,37.0,1.0,1.0,0.0,54.0,16.0,4.0,.243,.314,.355,.669,.319,-.--,678.0,54.0,25.0,2025
683734,Andrew Vaughn,158,Milwaukee Brewers,,1B,2026,187.0,163.0,50.0,15.0,2.0,3.0,21.0,1.0,22.0,2.0,1.0,0.0,78.0,26.0,5.0,.307,.390,.479,.869,.338,54.33,719.0,43.0,49.0,447.0,406.0,103.0,22.0,0.0,14.0,31.0,0.0,80.0,3.0,6.0,1.0,167.0,65.0,12.0,.254,.307,.411,.718,.280,29.00,1722.0,110.0,120.0,2025
702176,Alan Roden,142,Minnesota Twins,,RF,2026,33.0,28.0,6.0,0.0,0.0,0.0,4.0,0.0,4.0,0.0,1.0,0.0,6.0,5.0,0.0,.214,.303,.214,.517,.240,-.--,122.0,9.0,10.0,153.0,136.0,26.0,6.0,1.0,2.0,8.0,0.0,37.0,6.0,3.0,0.0,40.0,9.0,0.0,.191,.261,.294,.555,.240,68.00,551.0,49.0,27.0,2025
683737,Michael Busch,112,Chicago Cubs,,1B,2026,452.0,373.0,91.0,17.0,2.0,13.0,65.0,1.0,105.0,10.0,4.0,0.0,151.0,54.0,6.0,.244,.367,.405,.772,.301,28.69,1820.0,84.0,97.0,592.0,524.0,137.0,25.0,5.0,34.0,56.0,2.0,139.0,10.0,2.0,0.0,274.0,90.0,2.0,.261,.343,.523,.866,.292,15.41,2324.0,111.0,139.0,2025
683748,Victor Mesa Jr.,139,Tampa Bay Rays,,RF,2026,123.0,107.0,24.0,2.0,0.0,8.0,14.0,0.0,29.0,0.0,1.0,1.0,50.0,17.0,2.0,.224,.311,.467,.778,.225,13.38,470.0,23.0,33.0,38.0,32.0,6.0,2.0,0.0,1.0,5.0,0.0,5.0,0.0,0.0,1.0,11.0,6.0,0.0,.188,.297,.344,.641,.192,32.00,141.0,8.0,14.0,2025
702193,Andrew Morris,142,Minnesota Twins,,P,2026,,,,,,,,,,,,,,,,,,,,,,,,,,,,,,,,,,,,,,,,,,,,,,,,,2025
687859,Troy Johnston,115,Colorado Rockies,,RF,2026,332.0,291.0,86.0,24.0,0.0,3.0,30.0,0.0,56.0,5.0,5.0,1.0,119.0,41.0,3.0,.296,.366,.409,.775,.350,97.00,1187.0,73.0,82.0,121.0,112.0,31.0,2.0,1.0,4.0,8.0,0.0,26.0,1.0,0.0,0.0,47.0,13.0,1.0,.277,.331,.420,.751,.329,28.00,450.0,24.0,31.0,2025
683766,Christian Koss,137,San Francisco Giants,,2B,2026,23.0,21.0,3.0,1.0,0.0,0.0,1.0,0.0,2.0,1.0,0.0,0.0,4.0,0.0,0.0,.143,.217,.190,.407,.158,-.--,72.0,6.0,10.0,191.0,174.0,46.0,9.0,0.0,3.0,9.0,0.0,45.0,3.0,2.0,3.0,64.0,23.0,4.0,.264,.309,.368,.677,.336,58.00,644.0,52.0,36.0,2025
683769,Hunter Gaddis,114,Cleveland Guardians,,P,2026,,,,,,,,,,,,,,,,,,,,,,,,,,,,,,,,,,,,,,,,,,,,,,,,,2025
696062,Wilber Dotel,134,Pittsburgh Pirates,,P,2026,,,,,,,,,,,,,,,,,,,,,,,,,,,,,,,,,,,,,,,,,,,,,,,,,2025
696070,Kendry Rojas,142,Minnesota Twins,,P,2026,,,,,,,,,,,,,,,,,,,,,,,,,,,,,,,,,,,,,,,,,,,,,,,,,2025
673540,Kodai Senga,121,New York Mets,,P,2026,,,,,,,,,,,,,,,,,,,,,,,,,,,,,,,,,,,,,,,,,,,,,,,,,2025
673548,Seiya Suzuki,112,Chicago Cubs,,RF,2026,371.0,322.0,87.0,16.0,0.0,17.0,43.0,3.0,95.0,3.0,3.0,0.0,154.0,53.0,9.0,.270,.358,.478,.836,.329,18.94,1598.0,63.0,80.0,651.0,571.0,140.0,31.0,3.0,32.0,71.0,1.0,164.0,1.0,8.0,0.0,273.0,103.0,13.0,.245,.326,.478,.804,.282,17.84,2727.0,98.0,177.0,2025
702222,Justin Crawford,143,Philadelphia Phillies,,CF,2026,298.0,276.0,71.0,12.0,3.0,2.0,17.0,0.0,61.0,2.0,1.0,2.0,95.0,22.0,1.0,.257,.304,.344,.648,.322,138.00,1117.0,87.0,60.0,,,,,,,,,,,,,,,,,,,,,,,,,2025
669461,Matthew Liberatore,138,St. Louis Cardinals,,P,2026,,,,,,,,,,,,,,,,,,,,,,,,,,,,,,,,,,,,,,,,,,,,,,,,,2025
573204,Caleb Thielbar,112,Chicago Cubs,,P,2026,0.0,0.0,0.0,0.0,0.0,0.0,0.0,0.0,0.0,0.0,0.0,0.0,0.0,0.0,0.0,.000,.000,.000,.000,.---,-.--,0.0,0.0,0.0,,,,,,,,,,,,,,,,,,,,,,,,,2025
669467,Andre Pallante,138,St. Louis Cardinals,,P,2026,,,,,,,,,,,,,,,,,,,,,,,,,0.0,0.0,0.0,0.0,0.0,0.0,0.0,0.0,0.0,0.0,0.0,0.0,0.0,0.0,0.0,.000,.000,.000,.000,.---,-.--,0.0,0.0,0.0,2025
696100,Hunter Goodman,115,Colorado Rockies,,C,2026,397.0,357.0,92.0,16.0,0.0,31.0,34.0,3.0,129.0,4.0,2.0,0.0,201.0,57.0,6.0,.258,.327,.563,.890,.307,11.52,1492.0,56.0,82.0,579.0,540.0,150.0,28.0,5.0,31.0,33.0,0.0,152.0,4.0,2.0,0.0,281.0,91.0,16.0,.278,.323,.520,.843,.331,17.42,2149.0,100.0,140.0,2025
669477,Casey Schmitt,137,San Francisco Giants,,LF,2026,396.0,374.0,102.0,17.0,1.0,20.0,11.0,1.0,78.0,7.0,4.0,0.0,181.0,51.0,6.0,.273,.303,.484,.787,.293,18.70,1408.0,65.0,133.0,348.0,312.0,74.0,15.0,0.0,12.0,27.0,1.0,83.0,5.0,3.0,1.0,125.0,40.0,6.0,.237,.305,.401,.706,.282,26.00,1330.0,58.0,101.0,2025
624424,Michael Conforto,112,Chicago Cubs,,DH,2026,172.0,151.0,36.0,10.0,0.0,9.0,20.0,1.0,52.0,0.0,1.0,0.0,73.0,24.0,3.0,.238,.326,.483,.809,.297,16.78,697.0,27.0,37.0,486.0,418.0,83.0,20.0,0.0,12.0,56.0,0.0,121.0,9.0,3.0,0.0,139.0,36.0,12.0,.199,.305,.333,.638,.247,34.83,2049.0,103.0,114.0,2025
624431,Jose Trevino,113,Cincinnati Reds,,C,2026,78.0,75.0,20.0,3.0,0.0,3.0,1.0,0.0,12.0,0.0,0.0,2.0,32.0,10.0,1.0,.267,.276,.427,.703,.283,25.00,246.0,27.0,18.0,302.0,282.0,67.0,20.0,0.0,4.0,15.0,0.0,39.0,0.0,4.0,1.0,99.0,22.0,9.0,.238,.272,.351,.623,.259,70.50,1063.0,95.0,86.0,2025
804668,Rafael Flores Jr.,134,Pittsburgh Pirates,,C,2026,19.0,15.0,4.0,1.0,0.0,1.0,4.0,0.0,2.0,0.0,0.0,0.0,8.0,2.0,0.0,.267,.421,.533,.954,.250,15.00,78.0,5.0,4.0,17.0,15.0,3.0,2.0,0.0,0.0,2.0,0.0,7.0,0.0,0.0,0.0,5.0,0.0,0.0,.200,.294,.333,.627,.375,-.--,74.0,4.0,1.0,2025
608070,José Ramírez,114,Cleveland Guardians,,3B,2026,324.0,276.0,66.0,18.0,0.0,10.0,43.0,6.0,44.0,1.0,3.0,0.0,114.0,35.0,1.0,.239,.341,.413,.754,.249,27.60,1314.0,63.0,106.0,673.0,593.0,168.0,34.0,3.0,30.0,66.0,22.0,74.0,8.0,5.0,0.0,298.0,85.0,9.0,.283,.360,.503,.863,.279,19.77,2666.0,135.0,222.0,2025
663368,Blake Perkins,158,Milwaukee Brewers,,CF,2026,101.0,89.0,14.0,6.0,0.0,1.0,10.0,0.0,22.0,1.0,0.0,1.0,23.0,11.0,1.0,.157,.250,.258,.508,.197,89.00,419.0,27.0,27.0,171.0,155.0,35.0,6.0,2.0,3.0,15.0,0.0,47.0,1.0,0.0,0.0,54.0,19.0,4.0,.226,.298,.348,.646,.305,51.67,708.0,41.0,32.0,2025
663372,Ryan Feltner,115,Colorado Rockies,,P,2026,,,,,,,,,,,,,,,,,,,,,,,,,,,,,,,,,,,,,,,,,,,,,,,,,2025
675660,Shane Drohan,158,Milwaukee Brewers,,P,2026,,,,,,,,,,,,,,,,,,,,,,,,,,,,,,,,,,,,,,,,,,,,,,,,,2025
681807,David Fry,114,Cleveland Guardians,,RF,2026,158.0,136.0,26.0,4.0,0.0,6.0,22.0,1.0,48.0,0.0,0.0,0.0,48.0,13.0,4.0,.191,.304,.353,.657,.244,22.67,704.0,29.0,33.0,157.0,146.0,25.0,4.0,0.0,8.0,9.0,0.0,58.0,2.0,0.0,0.0,53.0,23.0,3.0,.171,.229,.363,.592,.213,18.25,623.0,26.0,37.0,2025
667472,Dane Myers,113,Cincinnati Reds,,CF,2026,154.0,131.0,35.0,7.0,0.0,3.0,20.0,0.0,38.0,2.0,1.0,0.0,51.0,15.0,4.0,.267,.370,.389,.759,.352,43.67,629.0,22.0,37.0,333.0,307.0,72.0,10.0,0.0,6.0,23.0,0.0,77.0,2.0,1.0,0.0,100.0,31.0,12.0,.235,.291,.326,.617,.293,51.17,1241.0,78.0,81.0,2025
696147,Sam Bachman,108,Los Angeles Angels,,P,2026,,,,,,,,,,,,,,,,,,,,,,,,,,,,,,,,,,,,,,,,,,,,,,,,,2025
700241,Michael McGreevy,138,St. Louis Cardinals,,P,2026,,,,,,,,,,,,,,,,,,,,,,,,,,,,,,,,,,,,,,,,,,,,,,,,,2025
696149,Bubba Chandler,134,Pittsburgh Pirates,,P,2026,,,,,,,,,,,,,,,,,,,,,,,,,,,,,,,,,,,,,,,,,,,,,,,,,2025
700250,Ben Rice,147,New York Yankees,,1B,2026,415.0,361.0,100.0,17.0,3.0,30.0,49.0,4.0,98.0,3.0,2.0,0.0,213.0,71.0,10.0,.277,.366,.590,.956,.298,12.03,1633.0,87.0,78.0,530.0,467.0,119.0,28.0,4.0,26.0,50.0,0.0,100.0,9.0,2.0,0.0,233.0,65.0,18.0,.255,.337,.499,.836,.271,17.96,2047.0,115.0,135.0,2025
657277,Logan Webb,137,San Francisco Giants,,P,2026,,,,,,,,,,,,,,,,,,,,,,,,,,,,,,,,,,,,,,,,,,,,,,,,,2025
663423,Trent Thornton,112,Chicago Cubs,,P,2026,,,,,,,,,,,,,,,,,,,,,,,,,0.0,0.0,0.0,0.0,0.0,0.0,0.0,0.0,0.0,0.0,0.0,0.0,0.0,0.0,0.0,.000,.000,.000,.000,.---,-.--,0.0,0.0,0.0,2025
681870,Erik Sabrowski,114,Cleveland Guardians,,P,2026,,,,,,,,,,,,,,,,,,,,,,,,,,,,,,,,,,,,,,,,,,,,,,,,,2025
661388,William Contreras,158,Milwaukee Brewers,,C,2026,408.0,364.0,99.0,14.0,0.0,10.0,36.0,4.0,56.0,3.0,5.0,0.0,143.0,57.0,10.0,.272,.338,.393,.731,.294,36.40,1415.0,101.0,113.0,659.0,566.0,147.0,28.0,0.0,17.0,84.0,4.0,120.0,3.0,6.0,0.0,226.0,76.0,14.0,.260,.355,.399,.754,.299,33.29,2556.0,172.0,133.0,2025
661395,Jhoan Duran,143,Philadelphia Phillies,,P,2026,0.0,0.0,0.0,0.0,0.0,0.0,0.0,0.0,0.0,0.0,0.0,0.0,0.0,0.0,0.0,.000,.000,.000,.000,.---,-.--,0.0,0.0,0.0,0.0,0.0,0.0,0.0,0.0,0.0,0.0,0.0,0.0,0.0,0.0,0.0,0.0,0.0,0.0,.000,.000,.000,.000,.---,-.--,0.0,0.0,0.0,2025
620443,Luis Torrens,121,New York Mets,,C,2026,188.0,171.0,39.0,11.0,0.0,2.0,11.0,0.0,38.0,4.0,0.0,2.0,56.0,19.0,1.0,.228,.290,.327,.617,.282,85.50,732.0,57.0,39.0,283.0,261.0,59.0,14.0,1.0,5.0,19.0,0.0,56.0,2.0,0.0,1.0,90.0,29.0,7.0,.226,.284,.345,.629,.270,52.20,1069.0,89.0,58.0,2025
681892,Kody Funderburk,142,Minnesota Twins,,P,2026,,,,,,,,,,,,,,,,,,,,,,,,,0.0,0.0,0.0,0.0,0.0,0.0,0.0,0.0,0.0,0.0,0.0,0.0,0.0,0.0,0.0,.000,.000,.000,.000,.---,-.--,0.0,0.0,0.0,2025
663457,Lars Nootbaar,138,St. Louis Cardinals,,LF,2026,147.0,126.0,32.0,6.0,1.0,3.0,20.0,1.0,32.0,0.0,1.0,0.0,49.0,15.0,3.0,.254,.354,.389,.743,.315,42.00,597.0,34.0,29.0,583.0,509.0,119.0,24.0,1.0,13.0,64.0,3.0,119.0,6.0,3.0,1.0,184.0,48.0,4.0,.234,.325,.361,.686,.279,39.15,2359.0,109.0,166.0,2025
679845,Nick Loftin,118,Kansas City Royals,,3B,2026,229.0,198.0,49.0,15.0,1.0,4.0,21.0,0.0,30.0,5.0,3.0,2.0,78.0,32.0,6.0,.247,.330,.394,.724,.269,49.50,823.0,58.0,66.0,188.0,168.0,35.0,9.0,2.0,4.0,14.0,0.0,27.0,3.0,2.0,1.0,60.0,20.0,7.0,.208,.278,.357,.635,.223,42.00,676.0,48.0,61.0,2025
694192,Jackson Chourio,158,Milwaukee Brewers,,LF,2026,309.0,282.0,78.0,17.0,0.0,13.0,24.0,2.0,78.0,2.0,1.0,0.0,134.0,39.0,3.0,.277,.337,.475,.812,.339,21.69,1210.0,59.0,68.0,589.0,549.0,148.0,35.0,4.0,21.0,30.0,1.0,121.0,3.0,6.0,1.0,254.0,78.0,13.0,.270,.308,.463,.771,.308,26.14,2108.0,129.0,158.0,2025
669620,Brady Basso,133,Athletics,,P,2026,,,,,,,,,,,,,,,,,,,,,,,,,,,,,,,,,,,,,,,,,,,,,,,,,2025
683953,Travis Bazzana,114,Cleveland Guardians,,2B,2026,314.0,269.0,65.0,14.0,2.0,9.0,38.0,1.0,69.0,4.0,3.0,0.0,110.0,33.0,1.0,.242,.341,.409,.750,.289,29.89,1286.0,63.0,75.0,,,,,,,,,,,,,,,,,,,,,,,,,2025
681911,Alex Vesia,119,Los Angeles Dodgers,,P,2026,0.0,0.0,0.0,0.0,0.0,0.0,0.0,0.0,0.0,0.0,0.0,0.0,0.0,0.0,0.0,.000,.000,.000,.000,.---,-.--,0.0,0.0,0.0,,,,,,,,,,,,,,,,,,,,,,,,,2025
681909,Justin Dean,112,Chicago Cubs,,CF,2026,8.0,6.0,2.0,0.0,1.0,0.0,2.0,0.0,3.0,0.0,0.0,0.0,4.0,3.0,0.0,.333,.500,.667,1.167,.667,-.--,31.0,1.0,0.0,2.0,2.0,0.0,0.0,0.0,0.0,0.0,0.0,1.0,0.0,0.0,0.0,0.0,0.0,0.0,.000,.000,.000,.000,.000,-.--,11.0,1.0,0.0,2025
810938,Ben Williamson,139,Tampa Bay Rays,,2B,2026,240.0,218.0,55.0,9.0,1.0,2.0,20.0,0.0,46.0,1.0,0.0,1.0,72.0,24.0,6.0,.252,.318,.330,.648,.312,109.00,937.0,69.0,49.0,295.0,277.0,70.0,13.0,0.0,1.0,15.0,0.0,64.0,1.0,0.0,2.0,86.0,21.0,5.0,.253,.294,.310,.604,.325,277.00,1216.0,90.0,55.0,2025
694203,Denzer Guzman,108,Los Angeles Angels,,3B,2026,126.0,118.0,29.0,4.0,0.0,4.0,7.0,0.0,34.0,0.0,0.0,0.0,45.0,14.0,1.0,.246,.288,.381,.669,.313,29.50,462.0,27.0,28.0,43.0,42.0,8.0,1.0,0.0,2.0,1.0,0.0,22.0,0.0,0.0,0.0,15.0,3.0,0.0,.190,.209,.357,.566,.333,21.00,176.0,4.0,8.0,2025
663494,Bryan Torres,138,St. Louis Cardinals,,LF,2026,77.0,70.0,15.0,0.0,2.0,4.0,6.0,0.0,16.0,0.0,0.0,1.0,31.0,10.0,0.0,.214,.276,.443,.719,.220,17.50,312.0,19.0,21.0,,,,,,,,,,,,,,,,,,,,,,,,,2025
681916,Dylan Smith,137,San Francisco Giants,,P,2026,0.0,0.0,0.0,0.0,0.0,0.0,0.0,0.0,0.0,0.0,0.0,0.0,0.0,0.0,0.0,.000,.000,.000,.000,.---,-.--,0.0,0.0,0.0,,,,,,,,,,,,,,,,,,,,,,,,,2025
679883,Luinder Avila,118,Kansas City Royals,,P,2026,,,,,,,,,,,,,,,,,,,,,,,,,0.0,0.0,0.0,0.0,0.0,0.0,0.0,0.0,0.0,0.0,0.0,0.0,0.0,0.0,0.0,.000,.000,.000,.000,.---,-.--,0.0,0.0,0.0,2025
624585,Jorge Soler,108,Los Angeles Angels,,DH,2026,330.0,288.0,59.0,14.0,1.0,11.0,32.0,0.0,108.0,6.0,4.0,0.0,108.0,45.0,8.0,.205,.294,.375,.669,.277,26.18,1342.0,59.0,66.0,315.0,279.0,60.0,12.0,0.0,12.0,28.0,0.0,94.0,4.0,3.0,0.0,108.0,34.0,5.0,.215,.293,.387,.680,.273,23.25,1290.0,61.0,67.0,2025
696270,Ryan Johnson,108,Los Angeles Angels,,P,2026,,,,,,,,,,,,,,,,,,,,,,,,,,,,,,,,,,,,,,,,,,,,,,,,,2025
593871,Jorge Polanco,121,New York Mets,,DH,2026,91.0,85.0,14.0,4.0,0.0,1.0,6.0,0.0,18.0,0.0,0.0,0.0,21.0,4.0,1.0,.165,.220,.247,.467,.197,85.00,341.0,23.0,30.0,524.0,471.0,125.0,30.0,0.0,26.0,42.0,1.0,82.0,3.0,5.0,3.0,233.0,78.0,7.0,.265,.326,.495,.821,.269,18.12,2023.0,114.0,158.0,2025
696285,Jacob Young,120,Washington Nationals,,CF,2026,306.0,283.0,65.0,12.0,2.0,9.0,17.0,0.0,56.0,5.0,0.0,1.0,108.0,33.0,5.0,.230,.285,.382,.667,.257,31.44,1143.0,76.0,87.0,364.0,324.0,75.0,10.0,1.0,2.0,27.0,0.0,65.0,3.0,1.0,9.0,93.0,31.0,7.0,.231,.296,.287,.583,.283,162.00,1367.0,115.0,79.0,2025
665561,Rafael Marchán,143,Philadelphia Phillies,,C,2026,92.0,88.0,9.0,0.0,0.0,2.0,2.0,0.0,14.0,2.0,0.0,0.0,15.0,6.0,2.0,.102,.141,.170,.311,.097,44.00,362.0,20.0,45.0,118.0,105.0,22.0,4.0,0.0,2.0,10.0,0.0,17.0,1.0,1.0,1.0,32.0,13.0,1.0,.210,.282,.305,.587,.230,52.50,459.0,41.0,27.0,2025
684007,Shota Imanaga,112,Chicago Cubs,,P,2026,,,,,,,,,,,,,,,,,,,,,,,,,,,,,,,,,,,,,,,,,,,,,,,,,2025
489446,Kirby Yates,108,Los Angeles Angels,,P,2026,,,,,,,,,,,,,,,,,,,,,,,,,,,,,,,,,,,,,,,,,,,,,,,,,2025
694249,Cole Carrigg,115,Colorado Rockies,,CF,2026,138.0,117.0,34.0,7.0,3.0,4.0,14.0,1.0,28.0,2.0,4.0,1.0,59.0,24.0,1.0,.291,.365,.504,.869,.337,29.25,521.0,22.0,38.0,,,,,,,,,,,,,,,,,,,,,,,,,2025
677865,Justin Bruihl,138,St. Louis Cardinals,,P,2026,,,,,,,,,,,,,,,,,,,,,,,,,,,,,,,,,,,,,,,,,,,,,,,,,2025
688107,Robert Gasser,158,Milwaukee Brewers,,P,2026,,,,,,,,,,,,,,,,,,,,,,,,,,,,,,,,,,,,,,,,,,,,,,,,,2025
815083,Mitch Farris,108,Los Angeles Angels,,P,2026,,,,,,,,,,,,,,,,,,,,,,,,,,,,,,,,,,,,,,,,,,,,,,,,,2025
663538,Nico Hoerner,112,Chicago Cubs,,2B,2026,447.0,401.0,98.0,23.0,1.0,4.0,36.0,0.0,36.0,5.0,5.0,0.0,135.0,43.0,7.0,.244,.311,.337,.648,.257,100.25,1588.0,122.0,150.0,649.0,599.0,178.0,29.0,4.0,7.0,39.0,1.0,49.0,7.0,4.0,0.0,236.0,61.0,4.0,.297,.345,.394,.739,.313,85.57,2305.0,179.0,197.0,2025
606192,Teoscar Hernández,119,Los Angeles Dodgers,,LF,2026,270.0,240.0,58.0,9.0,0.0,8.0,25.0,1.0,76.0,2.0,3.0,0.0,91.0,37.0,9.0,.242,.315,.379,.694,.314,30.00,1097.0,47.0,62.0,546.0,511.0,126.0,29.0,1.0,25.0,26.0,0.0,134.0,3.0,5.0,0.0,232.0,89.0,13.0,.247,.284,.454,.738,.283,20.44,2139.0,136.0,120.0,2025
671732,Lawrence Butler,133,Athletics,,RF,2026,295.0,259.0,52.0,9.0,1.0,5.0,35.0,1.0,79.0,1.0,0.0,0.0,78.0,24.0,3.0,.201,.298,.301,.599,.269,51.80,1222.0,78.0,50.0,630.0,569.0,133.0,30.0,2.0,21.0,59.0,0.0,179.0,0.0,0.0,2.0,230.0,63.0,7.0,.234,.306,.404,.710,.304,27.10,2517.0,137.0,122.0,2025
671737,Taj Bradley,142,Minnesota Twins,,P,2026,,,,,,,,,,,,,,,,,,,,,,,,,,,,,,,,,,,,,,,,,,,,,,,,,2025
681982,Grant Anderson,158,Milwaukee Brewers,,P,2026,,,,,,,,,,,,,,,,,,,,,,,,,,,,,,,,,,,,,,,,,,,,,,,,,2025
